PLAYER_ID,PLAYER_NAME,peak_wa,peak_wa_rate,peak_impact,peak_prod,career_min,peak_start_year,peak_end_year,n_seasons,xrapm_share,player_name_clean
2544,LeBron James,65.599,21.866,61.553,75.04,25173.0,2008,2010,8,1.0,lebron james
708,Kevin Garnett,58.307,19.436,53.565,69.372,24166.0,2001,2003,8,1.0,kevin garnett
1495,Tim Duncan,54.983,18.328,50.425,65.619,22466.0,2000,2002,8,1.0,tim duncan
203999,Nikola Jokić,54.762,18.254,49.019,68.162,19050.0,2021,2023,8,1.0,nikola jokić
201142,Kevin Durant,50.259,16.753,42.756,67.768,23289.0,2012,2015,8,1.0,kevin durant
406,Shaquille O'Neal,48.985,16.328,42.936,63.098,19328.0,1999,2001,8,1.0,shaquille o'neal
1628983,Shai Gilgeous-Alexander,46.162,15.387,43.007,53.524,15288.0,2022,2024,7,0.86,shai gilgeous-alexander
1717,Dirk Nowitzki,45.832,15.277,44.141,49.779,22066.0,2002,2004,8,1.0,dirk nowitzki
201935,James Harden,44.105,14.702,36.792,61.17,20181.0,2015,2018,8,1.0,james harden
201939,Stephen Curry,43.893,14.631,42.325,47.552,18606.0,2012,2015,8,1.0,stephen curry
2548,Dwyane Wade,43.354,14.451,40.01,51.157,20560.0,2008,2010,8,1.0,dwyane wade
101108,Chris Paul,42.668,14.223,40.863,46.88,20285.0,2008,2010,8,1.0,chris paul
203507,Giannis Antetokounmpo,40.563,13.521,31.635,61.396,17987.0,2017,2019,8,1.0,giannis antetokounmpo
1503,Tracy McGrady,40.523,13.508,37.18,48.324,19568.0,2002,2004,8,1.0,tracy mcgrady
252,Karl Malone,40.522,13.507,32.823,58.488,21048.0,1996,1998,8,1.0,karl malone
893,Michael Jordan,40.461,13.487,37.93,46.367,11403.0,1996,2001,4,1.0,michael jordan
56,Gary Payton,38.998,12.999,35.918,46.186,24389.0,1999,2001,8,1.0,gary payton
467,Jason Kidd,38.282,12.761,35.335,45.158,21338.0,2000,2002,8,1.0,jason kidd
203081,Damian Lillard,36.875,12.292,35.018,41.206,20219.0,2017,2019,8,1.0,damian lillard
977,Kobe Bryant,36.741,12.247,31.463,49.055,19284.0,2000,2002,8,1.0,kobe bryant
1629029,Luka Dončić,36.672,12.224,31.313,49.178,15717.0,2022,2024,7,0.86,luka dončić
1890,Shawn Marion,36.419,12.14,35.498,38.569,23235.0,2004,2006,8,1.0,shawn marion
203954,Joel Embiid,36.345,12.115,30.201,50.681,13629.0,2021,2023,8,0.88,joel embiid
304,John Stockton,36.254,12.085,36.342,36.049,15828.0,1999,2001,7,1.0,john stockton
1718,Paul Pierce,35.71,11.903,32.919,42.222,22871.0,2000,2002,8,1.0,paul pierce
1628369,Jayson Tatum,35.325,11.775,32.611,41.657,20174.0,2022,2024,8,0.88,jayson tatum
2730,Dwight Howard,35.288,11.763,31.558,43.99,22483.0,2009,2011,8,1.0,dwight howard
203076,Anthony Davis,35.238,11.746,30.752,45.707,15645.0,2017,2019,8,1.0,anthony davis
255,Grant Hill,34.482,11.494,29.632,45.799,15379.0,1996,1998,8,1.0,grant hill
202331,Paul George,34.181,11.394,33.956,34.705,19062.0,2015,2018,8,1.0,paul george
201566,Russell Westbrook,32.348,10.783,26.119,46.884,20591.0,2013,2017,8,1.0,russell westbrook
1713,Vince Carter,32.269,10.756,32.713,31.232,20257.0,1999,2001,8,1.0,vince carter
764,David Robinson,32.252,10.751,28.86,40.167,12921.0,1997,1999,6,1.0,david robinson
1112,Ben Wallace,32.104,10.701,33.001,30.011,18596.0,2001,2003,8,1.0,ben wallace
951,Ray Allen,31.937,10.646,32.325,31.031,21319.0,2000,2002,8,1.0,ray allen
739,Rasheed Wallace,31.541,10.514,33.956,25.907,20035.0,1999,2001,8,1.0,rasheed wallace
1627734,Domantas Sabonis,31.433,10.478,26.714,42.444,18260.0,2022,2024,8,0.88,domantas sabonis
203497,Rudy Gobert,30.905,10.302,28.522,36.466,15543.0,2018,2020,8,1.0,rudy gobert
896,Tim Hardaway,30.809,10.27,29.504,33.852,13816.0,1996,1998,6,1.0,tim hardaway
2240,Gilbert Arenas,30.553,10.184,28.294,35.826,17292.0,2004,2006,8,1.0,gilbert arenas
2738,Andre Iguodala,29.55,9.85,30.405,27.557,23201.0,2006,2008,8,1.0,andre iguodala
1938,Manu Ginobili,29.284,9.761,28.38,31.393,15398.0,2005,2007,8,1.0,manu ginobili
87,Dikembe Mutombo,29.277,9.759,29.621,28.472,18216.0,1997,1999,8,1.0,dikembe mutombo
1905,Andrei Kirilenko,29.231,9.744,28.623,30.65,17334.0,2003,2005,8,1.0,andrei kirilenko
200768,Kyle Lowry,29.189,9.73,29.939,27.44,17224.0,2012,2015,8,1.0,kyle lowry
1626157,Karl-Anthony Towns,28.718,9.573,24.715,38.057,16424.0,2017,2019,8,1.0,karl-anthony towns
202689,Kemba Walker,28.551,9.517,29.228,26.97,18861.0,2015,2018,8,1.0,kemba walker
2547,Chris Bosh,28.306,9.435,26.044,33.582,21614.0,2007,2009,8,1.0,chris bosh
947,Allen Iverson,28.042,9.347,25.591,33.761,22167.0,2000,2002,8,1.0,allen iverson
203110,Draymond Green,27.573,9.191,31.688,17.972,14555.0,2015,2018,8,1.0,draymond green
185,Chris Webber,27.343,9.114,21.969,39.884,18582.0,1999,2001,8,1.0,chris webber
202695,Kawhi Leonard,26.788,8.929,23.405,34.682,13512.0,2018,2020,8,1.0,kawhi leonard
1630162,Anthony Edwards,26.53,8.843,25.697,28.474,13258.0,2022,2024,5,0.8,anthony edwards
201567,Kevin Love,26.394,8.798,22.471,35.548,16014.0,2013,2017,8,1.0,kevin love
1882,Elton Brand,26.293,8.764,20.497,39.816,23229.0,2004,2006,8,1.0,elton brand
224,Eddie Jones,25.79,8.597,27.645,21.459,20809.0,1999,2001,8,1.0,eddie jones
200746,LaMarcus Aldridge,25.62,8.54,24.839,27.442,20466.0,2010,2012,8,1.0,lamarcus aldridge
297,Alonzo Mourning,25.296,8.432,24.412,27.361,12436.0,1996,1998,8,1.0,alonzo mourning
201933,Blake Griffin,25.273,8.424,20.803,35.701,17240.0,2011,2013,8,1.0,blake griffin
202710,Jimmy Butler III,25.158,8.386,25.313,24.797,15611.0,2018,2020,8,0.0,jimmy butler iii
2746,Josh Smith,25.105,8.368,25.067,25.194,20395.0,2009,2011,8,1.0,josh smith
1628378,Donovan Mitchell,24.898,8.299,23.955,27.099,18240.0,2022,2024,8,0.88,donovan mitchell
200750,Brandon Roy,24.891,8.297,23.084,29.109,11433.0,2007,2009,5,1.0,brandon roy
1626164,Devin Booker,24.744,8.248,24.461,25.404,17620.0,2021,2023,8,1.0,devin booker
101114,Deron Williams,24.667,8.222,21.565,31.906,20921.0,2007,2009,8,1.0,deron williams
937,Scottie Pippen,24.513,8.171,25.62,21.929,15961.0,1996,1998,8,1.0,scottie pippen
1883,Steve Francis,24.206,8.069,25.15,22.001,21429.0,2002,2004,8,1.0,steve francis
202696,Nikola Vučević,24.196,8.065,18.642,37.156,15749.0,2018,2020,8,1.0,nikola vučević
201144,Mike Conley,23.936,7.979,25.882,19.395,18476.0,2011,2013,8,1.0,mike conley
2405,Amar'e Stoudemire,23.757,7.919,17.165,39.136,20504.0,2004,2007,8,1.0,amar'e stoudemire
1630169,Tyrese Haliburton,23.7,7.9,21.436,28.982,10997.0,2022,2024,5,0.8,tyrese haliburton
787,Charles Barkley,23.655,7.885,21.68,28.262,6397.0,1996,1998,4,1.0,charles barkley
1628973,Jalen Brunson,23.628,7.876,21.354,28.936,14239.0,2022,2024,7,0.86,jalen brunson
193,Anthony Mason,23.577,7.859,22.048,27.143,17938.0,1996,1999,6,1.0,anthony mason
1884,Baron Davis,23.419,7.806,25.701,18.092,18395.0,2001,2003,8,1.0,baron davis
397,Reggie Miller,23.029,7.676,26.35,15.278,20998.0,1997,1999,8,1.0,reggie miller
2200,Pau Gasol,22.856,7.619,19.085,31.654,20788.0,2006,2008,8,1.0,pau gasol
124,Vlade Divac,22.607,7.536,24.929,17.188,18311.0,1996,1998,8,1.0,vlade divac
1628386,Jarrett Allen,22.597,7.532,20.435,27.642,16018.0,2022,2024,8,0.88,jarrett allen
717,Arvydas Sabonis,22.585,7.528,21.558,24.982,9616.0,1996,1998,6,1.0,arvydas sabonis
1629027,Trae Young,22.507,7.502,18.262,32.41,16617.0,2020,2022,7,0.86,trae young
165,Hakeem Olajuwon,22.446,7.482,20.294,27.468,10225.0,1996,1998,6,1.0,hakeem olajuwon
201188,Marc Gasol,22.187,7.396,21.499,23.792,18912.0,2011,2013,8,1.0,marc gasol
208,Sam Cassell,22.13,7.377,19.086,29.235,19607.0,2001,2003,8,1.0,sam cassell
200765,Rajon Rondo,22.108,7.369,19.677,27.78,16645.0,2008,2010,8,1.0,rajon rondo
200794,Paul Millsap,21.984,7.328,22.896,19.855,17305.0,2010,2012,8,1.0,paul millsap
2403,Nene,21.944,7.315,22.136,21.494,15614.0,2008,2010,8,1.0,nene
978,Peja Stojakovic,21.897,7.299,21.767,22.2,19184.0,2002,2004,8,1.0,peja stojakovic
2397,Yao Ming,21.863,7.288,16.905,33.433,15737.0,2006,2008,7,1.0,yao ming
201149,Joakim Noah,21.665,7.222,20.096,25.325,14794.0,2011,2013,8,1.0,joakim noah
1630532,Franz Wagner,21.658,7.219,23.288,17.857,9395.0,2022,2024,4,0.75,franz wagner
204,Jeff Hornacek,21.651,7.217,23.677,16.924,8623.0,1996,1998,4,1.0,jeff hornacek
782,Mitch Richmond,21.531,7.177,21.98,20.482,11931.0,1996,1998,6,1.0,mitch richmond
1891,Jason Terry,21.492,7.164,20.803,23.1,22085.0,2001,2003,8,1.0,jason terry
1628389,Bam Adebayo,21.456,7.152,18.772,27.717,17350.0,2022,2024,8,0.88,bam adebayo
2225,Tony Parker,21.331,7.11,16.871,31.738,20348.0,2004,2006,8,1.0,tony parker
1627732,Ben Simmons,21.05,7.017,18.049,28.052,11914.0,2017,2019,7,0.86,ben simmons
203078,Bradley Beal,21.019,7.006,19.99,23.419,17633.0,2017,2019,8,1.0,bradley beal
353,Darrell Armstrong,20.888,6.963,19.565,23.975,16444.0,1999,2001,8,1.0,darrell armstrong
1740,Rashard Lewis,20.812,6.937,21.11,20.116,20788.0,2004,2006,8,1.0,rashard lewis
210,Terrell Brandon,20.727,6.909,19.786,22.924,12254.0,1998,2000,6,1.0,terrell brandon
1889,Andre Miller,20.702,6.901,18.569,25.68,22472.0,1999,2001,8,1.0,andre miller
2222,Gerald Wallace,20.634,6.878,19.836,22.496,13075.0,2006,2008,8,1.0,gerald wallace
302,Mookie Blaylock,20.483,6.828,19.044,23.84,12918.0,1996,1998,6,1.0,mookie blaylock
2736,Luol Deng,20.366,6.789,22.95,14.337,19122.0,2009,2011,8,1.0,luol deng
1802,Brad Miller,20.33,6.777,18.977,23.488,15047.0,2003,2005,8,1.0,brad miller
203083,Andre Drummond,20.237,6.746,14.065,34.637,16359.0,2015,2018,8,1.0,andre drummond
202326,DeMarcus Cousins,20.235,6.745,15.127,32.154,14319.0,2013,2017,8,1.0,demarcus cousins
202322,John Wall,20.199,6.733,17.873,25.626,16166.0,2012,2015,8,1.0,john wall
96,Detlef Schrempf,20.084,6.695,19.239,22.057,8759.0,1996,1998,5,1.0,detlef schrempf
1710,Mike Bibby,20.077,6.692,20.073,20.087,21833.0,2003,2005,8,1.0,mike bibby
1627783,Pascal Siakam,19.988,6.663,17.718,25.283,18777.0,2021,2023,8,0.88,pascal siakam
1630596,Evan Mobley,19.981,6.66,18.825,22.677,8745.0,2022,2024,4,0.75,evan mobley
201937,Ricky Rubio,19.955,6.652,23.617,11.412,16004.0,2013,2017,8,1.0,ricky rubio
959,Steve Nash,19.914,6.638,16.607,27.631,15701.0,2000,2002,8,1.0,steve nash
1627832,Fred VanVleet,19.894,6.631,21.818,15.404,16900.0,2021,2023,8,0.88,fred vanvleet
201599,DeAndre Jordan,19.757,6.586,16.653,26.999,15650.0,2013,2017,8,1.0,deandre jordan
1627749,Dejounte Murray,19.749,6.583,18.218,23.323,14424.0,2020,2022,7,0.86,dejounte murray
101122,Danny Granger,19.748,6.583,20.314,18.427,17802.0,2008,2010,8,1.0,danny granger
2207,Joe Johnson,19.645,6.548,18.476,22.373,22912.0,2006,2008,8,1.0,joe johnson
2572,Josh Howard,19.586,6.529,19.555,19.658,14158.0,2005,2007,8,1.0,josh howard
201950,Jrue Holiday,19.481,6.494,21.229,15.403,18090.0,2015,2018,8,1.0,jrue holiday
201565,Derrick Rose,19.428,6.476,14.311,31.369,14492.0,2009,2011,8,1.0,derrick rose
950,Stephon Marbury,19.265,6.422,15.068,29.059,22464.0,2001,2003,8,1.0,stephon marbury
2546,Carmelo Anthony,19.162,6.387,16.02,26.493,21494.0,2008,2010,8,1.0,carmelo anthony
1628969,Mikal Bridges,19.161,6.387,22.806,10.655,18514.0,2021,2023,7,0.86,mikal bridges
2203,Shane Battier,18.792,6.264,25.746,2.566,20713.0,2004,2006,8,1.0,shane battier
203114,Khris Middleton,18.758,6.253,20.899,13.762,17430.0,2015,2018,8,1.0,khris middleton
2734,Devin Harris,18.731,6.244,19.999,15.771,15258.0,2006,2008,8,1.0,devin harris
2072,Michael Redd,18.587,6.196,17.568,20.966,18673.0,2005,2007,8,1.0,michael redd
1897,Metta World Peace,18.514,6.171,22.076,10.203,16411.0,2001,2003,8,1.0,metta world peace
201942,DeMar DeRozan,18.46,6.153,14.218,28.359,20948.0,2013,2017,8,1.0,demar derozan
1630578,Alperen Sengun,18.406,6.135,16.003,24.015,8099.0,2022,2024,4,0.75,alperen sengun
765,Hersey Hawkins,18.286,6.095,21.421,10.972,9301.0,1996,1998,5,1.0,hersey hawkins
979,Jermaine O'Neal,18.284,6.095,13.551,29.328,13437.0,2001,2003,8,1.0,jermaine o'neal
1497,Chauncey Billups,18.022,6.007,14.57,26.077,16130.0,2002,2004,8,1.0,chauncey billups
201143,Al Horford,17.873,5.958,14.861,24.902,17023.0,2008,2010,8,1.0,al horford
2550,Kirk Hinrich,17.791,5.93,17.753,17.881,19650.0,2004,2006,8,1.0,kirk hinrich
202681,Kyrie Irving,17.666,5.889,14.216,25.718,14457.0,2015,2018,8,1.0,kyrie irving
201609,Goran Dragic,17.659,5.886,18.548,15.585,15133.0,2013,2017,8,1.0,goran dragic
203500,Steven Adams,17.625,5.875,19.247,13.841,14794.0,2017,2019,8,1.0,steven adams
201588,George Hill,17.558,5.853,21.151,9.177,16360.0,2012,2015,8,1.0,george hill
2430,Carlos Boozer,17.463,5.821,11.014,32.509,16708.0,2005,2007,8,1.0,carlos boozer
699,Brent Barry,17.423,5.808,17.304,17.702,15722.0,2001,2003,8,1.0,brent barry
203944,Julius Randle,17.373,5.791,11.786,30.407,18360.0,2020,2022,8,1.0,julius randle
203506,Victor Oladipo,17.269,5.756,17.162,17.519,11274.0,2015,2018,7,1.0,victor oladipo
121,Patrick Ewing,17.179,5.726,13.418,25.955,10065.0,1996,1998,6,1.0,patrick ewing
201951,Ty Lawson,17.117,5.706,16.148,19.378,11689.0,2011,2013,6,1.0,ty lawson
1630193,Immanuel Quickley,17.022,5.674,19.372,11.538,8287.0,2021,2023,5,0.8,immanuel quickley
1628401,Derrick White,16.992,5.664,19.757,10.54,13944.0,2022,2024,7,0.86,derrick white
1630217,Desmond Bane,16.882,5.627,17.796,14.749,9273.0,2021,2023,5,0.8,desmond bane
363,Christian Laettner,16.805,5.602,16.696,17.058,14498.0,1996,1998,8,1.0,christian laettner
1627826,Ivica Zubac,16.799,5.6,15.472,19.896,12817.0,2022,2024,8,0.88,ivica zubac
1628368,De'Aaron Fox,16.777,5.592,15.148,20.578,17649.0,2022,2024,8,0.88,de'aaron fox
270,Horace Grant,16.599,5.533,17.567,14.341,15344.0,1996,1998,7,1.0,horace grant
949,Shareef Abdur-Rahim,16.575,5.525,11.503,28.409,22979.0,2001,2003,8,1.0,shareef abdur-rahim
1510,Brevin Knight,16.567,5.522,18.328,12.459,11964.0,1997,1999,8,1.0,brevin knight
57,Doug Christie,16.549,5.516,20.849,6.516,21327.0,2001,2003,8,1.0,doug christie
1629636,Darius Garland,16.51,5.503,16.578,16.352,12688.0,2022,2024,6,0.83,darius garland
2045,Hedo Turkoglu,16.495,5.498,17.117,15.042,16156.0,2005,2007,8,1.0,hedo turkoglu
469,Jamal Mashburn,16.425,5.475,13.265,23.8,16219.0,2000,2002,8,1.0,jamal mashburn
203991,Clint Capela,16.409,5.47,14.379,21.145,14587.0,2020,2022,8,1.0,clint capela
349,Mark Jackson,16.351,5.45,15.281,18.846,16020.0,1996,1998,8,1.0,mark jackson
393,Rod Strickland,16.349,5.45,12.111,26.238,15653.0,1996,1998,8,1.0,rod strickland
202738,Isaiah Thomas,16.231,5.41,14.269,20.808,11041.0,2012,2015,7,1.0,isaiah thomas
101106,Andrew Bogut,16.103,5.368,15.312,17.95,14122.0,2008,2010,8,1.0,andrew bogut
2210,Richard Jefferson,16.066,5.355,12.223,25.034,20436.0,2003,2005,8,1.0,richard jefferson
1885,Lamar Odom,16.055,5.352,16.71,14.526,19012.0,1999,2001,8,1.0,lamar odom
2419,Tayshaun Prince,15.94,5.313,17.432,12.458,19495.0,2005,2007,8,1.0,tayshaun prince
203932,Aaron Gordon,15.852,5.284,18.785,9.006,16539.0,2021,2023,8,1.0,aaron gordon
779,Glen Rice,15.738,5.246,15.963,15.213,14778.0,1996,1998,8,1.0,glen rice
2561,David West,15.721,5.24,12.095,24.183,17151.0,2007,2009,8,1.0,david west
1630595,Cade Cunningham,15.677,5.226,14.794,17.738,7013.0,2022,2024,4,0.75,cade cunningham
714,Michael Finley,15.627,5.209,13.225,21.232,23326.0,1998,2000,8,1.0,michael finley
201568,Danilo Gallinari,15.594,5.198,17.66,10.774,13488.0,2011,2015,8,1.0,danilo gallinari
1629627,Zion Williamson,15.505,5.168,12.022,23.631,6712.0,2020,2023,5,0.8,zion williamson
204001,Kristaps Porziņģis,15.502,5.167,14.394,18.086,13236.0,2022,2024,8,0.88,kristaps porziņģis
147,Jalen Rose,15.486,5.162,14.807,17.07,19076.0,2000,2002,8,1.0,jalen rose
448,Bo Outlaw,15.482,5.161,19.237,6.721,16205.0,1999,2001,8,1.0,bo outlaw
1629630,Ja Morant,15.478,5.159,11.136,25.607,9801.0,2020,2022,6,0.83,ja morant
203490,Otto Porter Jr.,15.44,5.147,18.411,8.508,9046.0,2015,2018,7,1.0,otto porter jr.
389,Toni Kukoc,15.324,5.108,14.07,18.251,13592.0,1996,1998,8,1.0,toni kukoc
431,Shawn Kemp,15.32,5.107,12.065,22.915,13431.0,1996,1998,7,1.0,shawn kemp
1628374,Lauri Markkanen,15.255,5.085,14.895,16.095,13950.0,2021,2023,8,0.88,lauri markkanen
711,Jerry Stackhouse,15.23,5.077,11.193,24.651,19465.0,2000,2002,8,1.0,jerry stackhouse
101109,Raymond Felton,15.191,5.064,15.084,15.44,20890.0,2008,2010,8,1.0,raymond felton
358,Anfernee Hardaway,15.173,5.058,15.433,14.566,14276.0,1996,1998,8,1.0,anfernee hardaway
2202,Jason Richardson,15.102,5.034,15.092,15.126,21098.0,2005,2007,8,1.0,jason richardson
17,Clyde Drexler,15.039,7.52,15.746,13.392,4740.0,1996,1997,2,1.0,clyde drexler
136,P.J. Brown,14.799,4.933,16.228,11.466,19608.0,2000,2002,8,1.0,p.j. brown
1628970,Miles Bridges,14.748,4.916,13.717,17.155,13075.0,2021,2024,6,0.83,miles bridges
202339,Eric Bledsoe,14.739,4.913,14.324,15.707,12568.0,2015,2018,8,1.0,eric bledsoe
1628404,Josh Hart,14.669,4.89,16.052,11.442,16129.0,2022,2024,8,0.88,josh hart
1626149,Montrezl Harrell,14.59,4.863,10.82,23.385,9477.0,2018,2020,7,1.0,montrezl harrell
202685,Jonas Valančiūnas,14.492,4.831,9.198,26.846,13982.0,2019,2021,8,1.0,jonas valančiūnas
1641705,Victor Wembanyama,14.472,7.236,13.42,16.927,3636.0,2023,2024,2,0.5,victor wembanyama
101115,Andrew Bynum,14.451,4.817,11.249,21.923,10693.0,2009,2011,8,1.0,andrew bynum
1630559,Austin Reaves,14.434,4.811,16.026,10.72,8438.0,2022,2024,4,0.75,austin reaves
202691,Klay Thompson,14.416,4.805,16.912,8.593,18451.0,2013,2017,8,1.0,klay thompson
1627750,Jamal Murray,14.397,4.799,13.778,15.841,15032.0,2020,2023,7,0.86,jamal murray
2406,Caron Butler,14.39,4.797,13.004,17.624,20489.0,2006,2008,8,1.0,caron butler
1631114,Jalen Williams,14.388,4.796,13.508,16.44,6730.0,2022,2024,3,0.67,jalen williams
952,Antoine Walker,14.338,4.779,9.434,25.782,23669.0,2000,2002,8,1.0,antoine walker
203897,Zach LaVine,14.285,4.762,11.833,20.006,15210.0,2020,2022,8,1.0,zach lavine
202355,Hassan Whiteside,14.225,4.742,9.375,25.542,8889.0,2017,2019,6,1.0,hassan whiteside
1630178,Tyrese Maxey,14.128,4.709,13.387,15.858,10182.0,2022,2024,5,0.8,tyrese maxey
203468,CJ McCollum,14.057,4.686,14.789,12.35,17494.0,2015,2018,8,1.0,cj mccollum
1628991,Jaren Jackson Jr.,14.053,4.684,13.738,14.789,11646.0,2022,2024,7,0.86,jaren jackson jr.
2590,Mo Williams,13.88,4.627,13.343,15.134,16429.0,2007,2009,8,1.0,mo williams
1630567,Scottie Barnes,13.832,4.611,13.223,15.252,9525.0,2022,2024,4,0.75,scottie barnes
1888,Richard Hamilton,13.812,4.604,12.952,15.818,20031.0,2004,2006,8,1.0,richard hamilton
101135,David Lee,13.753,4.584,7.547,28.232,18722.0,2007,2009,8,1.0,david lee
101162,Marcin Gortat,13.632,4.544,12.397,16.514,14891.0,2012,2015,8,1.0,marcin gortat
369,Charlie Ward,13.611,4.537,15.61,8.948,12892.0,1997,1999,8,1.0,charlie ward
1628381,John Collins,13.588,4.529,12.01,17.27,13738.0,2018,2020,8,0.88,john collins
101161,Amir Johnson,13.571,4.524,16.286,7.237,12874.0,2011,2013,8,1.0,amir johnson
1626174,Christian Wood,13.568,4.523,11.331,18.789,7601.0,2019,2021,6,1.0,christian wood
72,Kenny Anderson,13.562,4.521,12.881,15.151,13866.0,1996,1998,8,1.0,kenny anderson
935,Bryon Russell,13.493,4.498,17.213,4.811,16218.0,1998,2000,8,1.0,bryon russell
98,Nick Anderson,13.487,4.496,15.303,9.247,7767.0,1996,1998,5,1.0,nick anderson
2246,Mehmet Okur,13.47,4.49,11.335,18.453,17819.0,2005,2007,8,1.0,mehmet okur
2731,Emeka Okafor,13.394,4.465,10.038,21.226,16648.0,2006,2008,8,1.0,emeka okafor
1629639,Tyler Herro,13.371,4.457,11.979,16.62,11766.0,2022,2024,6,0.83,tyler herro
1507,Derek Anderson,13.314,4.438,14.196,11.256,15334.0,2000,2002,8,1.0,derek anderson
2030,Kenyon Martin,13.21,4.403,11.47,17.269,17754.0,2002,2004,8,1.0,kenyon martin
2199,Tyson Chandler,13.14,4.38,14.408,10.18,15054.0,2005,2007,8,1.0,tyson chandler
2732,Ben Gordon,13.041,4.347,12.48,14.349,17746.0,2006,2008,8,1.0,ben gordon
2034,Mike Miller,13.035,4.345,11.669,16.224,18214.0,2004,2006,8,1.0,mike miller
201152,Thaddeus Young,13.028,4.343,13.987,10.79,17924.0,2012,2015,8,1.0,thaddeus young
202699,Tobias Harris,12.967,4.322,9.629,20.756,16135.0,2018,2020,8,1.0,tobias harris
202330,Gordon Hayward,12.837,4.279,12.721,13.11,16134.0,2012,2015,8,1.0,gordon hayward
1902,Jeff Foster,12.736,4.245,14.504,8.611,12509.0,2003,2005,8,1.0,jeff foster
201587,Nicolas Batum,12.657,4.219,11.188,16.083,16874.0,2012,2015,8,1.0,nicolas batum
1899,James Posey,12.635,4.212,13.549,10.503,16722.0,2001,2003,8,1.0,james posey
954,Kerry Kittles,12.605,4.202,13.096,11.46,16943.0,2001,2003,8,1.0,kerry kittles
201583,Ryan Anderson,12.568,4.189,13.125,11.27,12644.0,2010,2012,8,1.0,ryan anderson
2744,Al Jefferson,12.568,4.189,7.657,24.026,16658.0,2009,2011,8,1.0,al jefferson
727,Eric Snow,12.538,4.179,13.967,9.203,16322.0,2001,2003,8,1.0,eric snow
383,Kendall Gill,12.511,4.17,14.76,7.264,15686.0,1996,1998,8,1.0,kendall gill
203994,Jusuf Nurkić,12.472,4.157,11.864,13.889,10787.0,2021,2023,8,1.0,jusuf nurkić
1515,Anthony Parker,12.458,4.153,17.274,1.219,13371.0,2006,2008,6,1.0,anthony parker
1627759,Jaylen Brown,12.299,4.1,9.213,19.501,17128.0,2020,2022,8,0.88,jaylen brown
1627751,Jakob Poeltl,12.212,4.071,12.711,11.046,12693.0,2020,2022,8,0.88,jakob poeltl
703,Kurt Thomas,12.202,4.067,12.061,12.531,16395.0,2002,2004,8,1.0,kurt thomas
120,Steven Smith,12.194,4.065,13.803,8.44,16390.0,1998,2000,8,1.0,steven smith
204060,Joe Ingles,12.09,4.03,14.085,7.434,13723.0,2018,2020,8,1.0,joe ingles
762,Shawn Bradley,12.085,4.028,14.31,6.893,12561.0,1998,2000,8,1.0,shawn bradley
1631094,Paolo Banchero,12.078,4.026,9.503,18.087,6809.0,2022,2024,3,0.67,paolo banchero
2449,Luis Scola,12.061,4.02,8.725,19.843,16879.0,2008,2010,8,1.0,luis scola
201572,Brook Lopez,12.048,4.016,10.2,16.36,17720.0,2012,2015,8,1.0,brook lopez
339,Tom Gugliotta,12.043,4.014,8.307,20.76,11603.0,1996,1998,8,1.0,tom gugliotta
201586,Serge Ibaka,12.015,4.005,11.954,12.159,17083.0,2012,2015,8,1.0,serge ibaka
202718,Chandler Parsons,12.009,4.003,12.466,10.943,10329.0,2012,2015,6,1.0,chandler parsons
133,David Wesley,11.986,3.995,13.042,9.521,20748.0,1997,1999,8,1.0,david wesley
696,Travis Best,11.962,3.987,12.408,10.922,13122.0,1999,2001,8,1.0,travis best
1749,Cuttino Mobley,11.958,3.986,13.686,7.927,21726.0,2000,2002,8,1.0,cuttino mobley
84,Latrell Sprewell,11.894,3.965,12.029,11.581,20711.0,1999,2001,8,1.0,latrell sprewell
201936,Tyreke Evans,11.834,3.945,11.242,13.216,14766.0,2009,2011,8,1.0,tyreke evans
202328,Greg Monroe,11.749,3.916,7.803,20.957,13519.0,2011,2013,7,1.0,greg monroe
1627763,Malcolm Brogdon,11.733,3.911,10.374,14.904,11498.0,2018,2020,8,0.88,malcolm brogdon
1631105,Jalen Duren,11.696,3.899,9.696,16.362,5479.0,2022,2024,3,0.67,jalen duren
1712,Antawn Jamison,11.687,3.896,10.49,14.479,20555.0,2000,2002,8,1.0,antawn jamison
2229,Mike James,11.672,3.891,11.626,11.778,13995.0,2003,2005,8,1.0,mike james
686,Antonio McDyess,11.637,3.879,7.896,20.366,15150.0,1998,2000,8,1.0,antonio mcdyess
2760,Anderson Varejao,11.554,3.851,13.092,7.963,11138.0,2008,2010,8,1.0,anderson varejao
166,Ron Harper,11.527,3.842,15.009,3.404,8312.0,1997,1999,5,1.0,ron harper
1628392,Isaiah Hartenstein,11.501,3.834,12.296,9.647,7381.0,2022,2024,7,0.86,isaiah hartenstein
243,Aaron McKie,11.478,3.826,11.763,10.813,14707.0,2000,2002,8,1.0,aaron mckie
299,Glenn Robinson,11.475,3.825,8.426,18.59,18993.0,1998,2000,8,1.0,glenn robinson
134,Kevin Johnson,11.474,5.737,10.317,14.173,3943.0,1996,1997,2,1.0,kevin johnson
2740,Andris Biedrins,11.325,3.775,10.575,13.074,10592.0,2006,2008,8,1.0,andris biedrins
452,Vin Baker,11.265,3.755,9.851,14.563,16217.0,1996,1998,8,1.0,vin baker
980,Zydrunas Ilgauskas,11.246,3.749,9.22,15.973,16327.0,2004,2006,8,1.0,zydrunas ilgauskas
1716,Larry Hughes,11.236,3.745,9.545,15.18,15049.0,2002,2004,8,1.0,larry hughes
1627742,Brandon Ingram,11.236,3.745,8.853,16.796,14044.0,2021,2023,8,0.88,brandon ingram
1887,Wally Szczerbiak,11.181,3.727,11.21,11.112,16802.0,2000,2002,8,1.0,wally szczerbiak
202702,Kenneth Faried,11.14,3.713,8.916,16.328,8344.0,2012,2015,6,1.0,kenneth faried
200752,Rudy Gay,11.129,3.71,8.499,17.267,21018.0,2011,2013,8,1.0,rudy gay
2749,Jameer Nelson,11.082,3.694,10.488,12.469,14882.0,2008,2010,8,1.0,jameer nelson
202324,Derrick Favors,11.036,3.679,8.204,17.643,14053.0,2015,2018,8,1.0,derrick favors
1626204,Larry Nance Jr.,11.03,3.677,10.726,11.738,10677.0,2017,2019,8,1.0,larry nance jr.
1626156,D'Angelo Russell,11.013,3.671,11.228,10.51,15452.0,2021,2023,8,1.0,d'angelo russell
109,Robert Horry,10.982,3.661,14.156,3.576,13388.0,1997,1999,8,1.0,robert horry
915,Rodney Rogers,10.941,3.647,11.949,8.588,15007.0,1999,2001,8,1.0,rodney rogers
2564,Boris Diaw,10.891,3.63,11.396,9.713,18996.0,2008,2010,8,1.0,boris diaw
203496,Robert Covington,10.886,3.629,15.056,1.157,13213.0,2017,2019,8,1.0,robert covington
101181,Jose Calderon,10.833,3.611,7.139,19.452,15793.0,2006,2008,8,1.0,jose calderon
966,Jerome Williams,10.826,3.609,9.856,13.09,12559.0,1999,2001,8,1.0,jerome williams
1629651,Nic Claxton,10.771,3.59,8.483,16.109,7839.0,2022,2024,5,0.8,nic claxton
1631096,Chet Holmgren,10.754,5.377,10.814,10.615,3288.0,2023,2024,2,0.5,chet holmgren
1626167,Myles Turner,10.75,3.583,11.24,9.605,13734.0,2021,2023,8,1.0,myles turner
202329,Al-Farouq Aminu,10.652,3.551,14.064,2.692,14123.0,2015,2018,8,1.0,al-farouq aminu
2399,Mike Dunleavy,10.646,3.549,11.543,8.551,16304.0,2005,2007,8,1.0,mike dunleavy
2049,Speedy Claxton,10.58,3.527,10.819,10.021,8535.0,2003,2005,6,1.0,speedy claxton
201952,Jeff Teague,10.566,3.522,10.49,10.741,14869.0,2011,2013,8,1.0,jeff teague
101112,Channing Frye,10.545,3.515,15.088,-0.055,14262.0,2010,2013,8,1.0,channing frye
2216,Zach Randolph,10.53,3.51,5.948,21.221,15185.0,2005,2007,8,1.0,zach randolph
202704,Reggie Jackson,10.517,3.506,9.115,13.787,11973.0,2012,2015,8,1.0,reggie jackson
203915,Spencer Dinwiddie,10.513,3.504,10.438,10.69,15204.0,2017,2019,7,0.86,spencer dinwiddie
201954,Darren Collison,10.475,3.492,10.815,9.682,17183.0,2015,2018,8,1.0,darren collison
1629028,Deandre Ayton,10.462,3.487,7.03,18.47,12260.0,2019,2021,7,0.86,deandre ayton
2747,JR Smith,10.456,3.485,10.382,10.627,13009.0,2008,2010,8,1.0,jr smith
2755,Kevin Martin,10.442,3.481,7.612,17.044,14850.0,2006,2008,8,1.0,kevin martin
201980,Danny Green,10.401,3.467,13.587,2.966,15065.0,2011,2013,8,1.0,danny green
1711,Raef LaFrentz,10.396,3.465,12.708,5.002,13904.0,2000,2002,8,1.0,raef lafrentz
1629011,Mitchell Robinson,10.369,3.456,10.683,9.638,8124.0,2019,2021,7,0.86,mitchell robinson
436,Juwan Howard,10.362,3.454,6.531,19.303,21441.0,2000,2002,8,1.0,juwan howard
361,Clifford Robinson,10.361,3.454,12.212,6.043,21302.0,1999,2001,8,1.0,clifford robinson
275,Allan Houston,10.328,3.443,9.671,11.862,21183.0,1998,2000,8,1.0,allan houston
923,Donyell Marshall,10.322,3.441,6.389,19.498,16400.0,2000,2002,8,1.0,donyell marshall
934,Derrick Coleman,10.305,3.435,8.769,13.888,13120.0,1996,1998,8,1.0,derrick coleman
1536,Stephen Jackson,10.175,3.392,12.73,4.215,17113.0,2005,2007,8,1.0,stephen jackson
1631117,Walker Kessler,10.174,3.391,10.089,10.37,4933.0,2022,2024,3,0.67,walker kessler
1894,Corey Maggette,10.163,3.388,8.071,15.044,14660.0,2004,2006,8,1.0,corey maggette
202362,Lance Stephenson,10.146,3.382,10.629,9.019,10635.0,2012,2015,7,1.0,lance stephenson
2037,Jamal Crawford,10.145,3.382,9.935,10.636,16962.0,2002,2004,8,1.0,jamal crawford
891,Charles Oakley,10.127,3.376,10.307,9.709,14343.0,1996,1998,7,1.0,charles oakley
1719,Bonzi Wells,10.013,3.338,9.411,11.416,13548.0,2000,2002,8,1.0,bonzi wells
1628976,Wendell Carter Jr.,10.0,3.333,8.992,12.351,10452.0,2021,2023,7,0.86,wendell carter jr.
2248,Earl Watson,9.984,3.328,11.82,5.702,13586.0,2005,2007,8,1.0,earl watson
202703,Nikola Mirotic,9.966,3.322,10.677,8.306,4386.0,2015,2018,3,1.0,nikola mirotic
468,Jon Barry,9.942,3.314,8.991,12.16,8920.0,2001,2003,8,1.0,jon barry
200758,Ronnie Brewer,9.936,3.312,12.07,4.958,11387.0,2007,2009,7,1.0,ronnie brewer
1630163,LaMelo Ball,9.912,3.304,8.866,12.351,7373.0,2021,2023,5,0.8,lamelo ball
1629008,Michael Porter Jr.,9.911,3.304,10.293,9.02,10036.0,2022,2024,6,0.83,michael porter jr.
105,Dan Majerle,9.904,3.301,13.298,1.984,9619.0,1997,1999,6,1.0,dan majerle
168,Chris Mills,9.874,3.291,11.571,5.915,9392.0,1996,1998,7,1.0,chris mills
238,Tyrone Hill,9.754,3.251,10.794,7.33,12439.0,1996,1998,7,1.0,tyrone hill
201162,Jared Dudley,9.731,3.244,12.01,4.414,14699.0,2010,2012,8,1.0,jared dudley
1630166,Deni Avdija,9.586,3.195,11.088,6.08,9682.0,2022,2024,5,0.8,deni avdija
89,Nick Van Exel,9.583,3.194,6.839,15.984,18216.0,2000,2002,8,1.0,nick van exel
201600,Omer Asik,9.568,3.189,10.953,6.339,6568.0,2011,2013,5,1.0,omer asik
248,George Lynch,9.536,3.179,12.73,2.082,13012.0,1998,2000,8,1.0,george lynch
1630529,Herbert Jones,9.513,3.171,17.238,-8.512,7252.0,2021,2023,4,0.75,herbert jones
2757,Beno Udrih,9.427,3.142,9.644,8.921,13326.0,2008,2010,8,1.0,beno udrih
201168,Tiago Splitter,9.405,3.135,8.547,11.406,5708.0,2011,2013,5,1.0,tiago splitter
345,Terry Porter,9.371,3.124,8.914,10.438,9307.0,1999,2001,6,1.0,terry porter
203087,Jeremy Lamb,9.361,3.12,8.774,10.73,9978.0,2015,2018,7,1.0,jeremy lamb
1627827,Dorian Finney-Smith,9.336,3.112,15.224,-4.401,14873.0,2019,2021,8,0.88,dorian finney-smith
23,Dennis Rodman,9.328,3.109,8.773,10.623,5851.0,1996,1998,4,1.0,dennis rodman
202683,Enes Freedom,9.298,3.099,2.896,24.235,12023.0,2015,2018,8,1.0,enes freedom
202357,Nemanja Bjelica,9.293,3.098,12.509,1.787,7982.0,2017,2019,6,1.0,nemanja bjelica
101141,Ersan Ilyasova,9.236,3.079,8.893,10.037,13133.0,2010,2012,8,1.0,ersan ilyasova
202083,Wesley Matthews,9.234,3.078,12.521,1.564,19057.0,2011,2013,8,1.0,wesley matthews
1630581,Josh Giddey,9.229,3.076,5.104,18.854,8187.0,2022,2024,4,0.75,josh giddey
258,Brian Grant,9.184,3.061,7.116,14.009,15344.0,2000,2002,8,1.0,brian grant
201155,Rodney Stuckey,9.069,3.023,9.525,8.004,15327.0,2009,2011,8,1.0,rodney stuckey
203992,Bogdan Bogdanović,9.047,3.016,12.329,1.389,14296.0,2021,2023,8,0.88,bogdan bogdanović
1627936,Alex Caruso,9.009,3.003,13.968,-2.56,9290.0,2021,2023,8,0.88,alex caruso
1496,Keith Van Horn,9.004,3.001,7.728,11.982,17069.0,2001,2003,8,1.0,keith van horn
2551,T.J. Ford,8.985,2.995,7.777,11.806,11703.0,2005,2007,7,1.0,t.j. ford
201988,Patty Mills,8.979,2.993,11.336,3.479,10391.0,2013,2017,8,1.0,patty mills
1641708,Amen Thompson,8.94,4.47,8.485,10.003,3618.0,2023,2024,2,0.5,amen thompson
2048,Jamaal Magloire,8.939,2.98,7.968,11.204,13045.0,2001,2003,8,1.0,jamaal magloire
1630200,Tre Jones,8.921,2.974,9.666,7.183,6448.0,2022,2024,5,0.8,tre jones
905,Dale Davis,8.886,2.962,8.762,9.174,16843.0,1999,2001,8,1.0,dale davis
2250,Bobby Simmons,8.862,2.954,11.884,1.81,11080.0,2003,2005,8,1.0,bobby simmons
1626171,Bobby Portis,8.86,2.953,5.75,16.117,12671.0,2020,2022,8,1.0,bobby portis
1630168,Onyeka Okongwu,8.808,2.936,8.39,9.784,6909.0,2022,2024,5,0.8,onyeka okongwu
53,Mario Elie,8.759,2.92,11.562,2.219,9699.0,1996,1998,5,1.0,mario elie
101145,Monta Ellis,8.705,2.902,6.828,13.085,18562.0,2010,2012,8,1.0,monta ellis
2772,Trevor Ariza,8.692,2.897,10.483,4.515,12784.0,2008,2010,8,1.0,trevor ariza
200081,Jamario Moon,8.64,2.88,10.798,3.605,6334.0,2007,2009,4,1.0,jamario moon
2748,Dorell Wright,8.598,2.866,9.967,5.404,11463.0,2009,2011,7,1.0,dorell wright
201596,Mario Chalmers,8.574,2.858,11.245,2.341,14879.0,2012,2015,8,1.0,mario chalmers
1747,Rafer Alston,8.494,2.831,9.785,5.482,12998.0,2004,2006,8,1.0,rafer alston
202722,Davis Bertans,8.429,2.81,12.508,-1.089,7739.0,2018,2020,7,1.0,davis bertans
1626246,Boban Marjanovic,8.414,2.805,8.419,8.403,2218.0,2015,2018,5,0.0,boban marjanovic
2224,Jamaal Tinsley,8.391,2.797,8.769,7.509,12604.0,2002,2004,8,1.0,jamaal tinsley
201579,Roy Hibbert,8.378,2.793,7.948,9.382,13774.0,2010,2012,7,1.0,roy hibbert
1628384,OG Anunoby,8.362,2.787,11.764,0.425,14850.0,2021,2023,8,0.88,og anunoby
201943,Brandon Jennings,8.339,2.78,7.17,11.066,13869.0,2009,2011,7,1.0,brandon jennings
1629057,Robert Williams III,8.327,2.776,6.574,12.416,4633.0,2020,2022,6,0.83,robert williams iii
203471,Dennis Schröder,8.318,2.773,8.649,7.546,14441.0,2019,2021,8,1.0,dennis schröder
445,Wesley Person,8.248,2.749,7.824,9.238,15645.0,1996,1998,8,1.0,wesley person
201959,Taj Gibson,8.217,2.739,8.205,8.246,15395.0,2011,2013,8,1.0,taj gibson
203935,Marcus Smart,8.209,2.736,11.383,0.802,13834.0,2019,2021,8,1.0,marcus smart
2617,Udonis Haslem,8.202,2.734,7.743,9.272,16329.0,2004,2006,8,1.0,udonis haslem
1629661,Cameron Johnson,8.195,2.732,8.641,7.153,9026.0,2022,2024,6,0.83,cameron johnson
296,Rick Fox,8.181,2.727,11.621,0.154,15381.0,1996,1998,8,1.0,rick fox
2588,Matt Bonner,8.176,2.725,10.349,3.104,10604.0,2008,2010,8,1.0,matt bonner
247,Joe Dumars,8.16,2.72,9.542,4.935,6370.0,1996,1998,3,1.0,joe dumars
1498,Antonio Daniels,8.14,2.713,6.382,12.242,12402.0,2002,2004,8,1.0,antonio daniels
911,Ervin Johnson,8.127,2.709,9.435,5.077,13808.0,1996,1998,8,1.0,ervin johnson
2571,Leandro Barbosa,8.117,2.706,6.621,11.608,13094.0,2006,2008,8,1.0,leandro barbosa
1629130,Duncan Robinson,8.101,2.7,13.79,-5.176,10851.0,2019,2021,6,0.83,duncan robinson
1628449,Chris Boucher,8.095,2.698,7.181,10.227,7043.0,2020,2022,6,0.83,chris boucher
948,Marcus Camby,8.052,2.684,5.562,13.864,12307.0,1999,2001,8,1.0,marcus camby
1541,Alvin Williams,7.992,2.664,7.846,8.331,12605.0,2000,2002,7,1.0,alvin williams
203107,Tomas Satoransky,7.978,2.659,10.582,1.902,7894.0,2017,2019,5,1.0,tomas satoransky
283,Lindsey Hunter,7.92,2.64,10.838,1.109,15148.0,1998,2000,8,1.0,lindsey hunter
1629014,Anfernee Simons,7.905,2.635,8.002,7.678,10279.0,2022,2024,6,0.83,anfernee simons
1626153,Delon Wright,7.872,2.624,7.594,8.519,10092.0,2017,2019,8,1.0,delon wright
201196,Ramon Sessions,7.87,2.623,5.417,13.592,13724.0,2008,2010,8,1.0,ramon sessions
203925,Joe Harris,7.848,2.616,11.154,0.134,10480.0,2018,2020,6,1.0,joe harris
965,Derek Fisher,7.839,2.613,11.188,0.023,12891.0,2000,2002,8,1.0,derek fisher
757,Damon Stoudamire,7.831,2.61,4.201,16.301,20086.0,1996,1998,8,1.0,damon stoudamire
201960,DeMarre Carroll,7.789,2.596,10.513,1.433,9555.0,2013,2017,8,1.0,demarre carroll
1626172,Kevon Looney,7.783,2.594,8.269,6.649,9833.0,2021,2023,8,0.88,kevon looney
1628984,Devonte' Graham,7.781,2.594,9.812,3.041,8356.0,2019,2021,6,1.0,devonte' graham
203903,Jordan Clarkson,7.775,2.592,8.195,6.797,15982.0,2020,2022,8,1.0,jordan clarkson
1723,Matt Harpring,7.76,2.587,7.068,9.375,15452.0,2001,2003,8,1.0,matt harpring
204456,T.J. McConnell,7.754,2.585,6.38,10.96,11378.0,2021,2023,8,1.0,t.j. mcconnell
330,Danny Manning,7.752,2.584,6.037,11.753,8199.0,1996,1998,6,1.0,danny manning
1627741,Buddy Hield,7.748,2.583,9.235,4.276,18288.0,2018,2020,8,0.88,buddy hield
1513,Scot Pollard,7.725,2.575,9.072,4.582,7318.0,1999,2001,8,1.0,scot pollard
2217,Brendan Haywood,7.695,2.565,9.349,3.837,14757.0,2006,2009,8,1.0,brendan haywood
202711,Bojan Bogdanovic,7.686,2.562,7.436,8.269,16962.0,2018,2020,8,0.0,bojan bogdanovic
221,Clar. Weatherspoon,7.664,2.555,6.001,11.542,15329.0,1997,1999,8,1.0,clar. weatherspoon
203109,Jae Crowder,7.595,2.532,11.337,-1.134,14573.0,2013,2017,8,1.0,jae crowder
317,John Starks,7.572,2.524,8.082,6.38,10167.0,1996,1998,6,1.0,john starks
1629001,De'Anthony Melton,7.536,2.512,9.937,1.931,8028.0,2020,2022,6,1.0,de'anthony melton
101236,Chuck Hayes,7.503,2.501,9.977,1.729,10777.0,2005,2007,8,1.0,chuck hayes
43,Chris Whitney,7.483,2.494,8.382,5.387,9011.0,1999,2001,7,1.0,chris whitney
904,Chris Mullin,7.4,2.467,6.048,10.555,7044.0,1996,1998,5,1.0,chris mullin
689,Theo Ratliff,7.345,2.448,10.013,1.118,15878.0,2000,2003,8,1.0,theo ratliff
1739,Ruben Patterson,7.342,2.447,6.322,9.721,15498.0,1999,2001,8,1.0,ruben patterson
203552,Seth Curry,7.302,2.434,10.032,0.931,10316.0,2019,2021,8,0.88,seth curry
2549,Chris Kaman,7.297,2.432,5.028,12.592,14674.0,2007,2009,8,1.0,chris kaman
203482,Kelly Olynyk,7.286,2.429,7.145,7.615,12385.0,2015,2018,8,1.0,kelly olynyk
2365,Chris Andersen,7.283,2.428,7.24,7.383,8081.0,2008,2010,8,1.0,chris andersen
203937,Kyle Anderson,7.232,2.411,7.695,6.152,12951.0,2015,2018,8,1.0,kyle anderson
22,Rik Smits,7.227,2.409,5.496,11.265,6729.0,1997,1999,4,1.0,rik smits
2400,Drew Gooden,7.21,2.403,2.794,17.515,16095.0,2004,2006,8,1.0,drew gooden
203933,T.J. Warren,7.176,2.392,7.197,7.128,7469.0,2017,2019,5,1.0,t.j. warren
202391,Jeremy Lin,7.172,2.391,7.399,6.642,9405.0,2011,2013,6,1.0,jeremy lin
202349,Greivis Vasquez,7.1,2.367,6.59,8.289,7484.0,2011,2013,5,1.0,greivis vasquez
1517,Bobby Jackson,7.072,2.357,5.019,11.86,10830.0,2001,2003,8,1.0,bobby jackson
1629645,Kevin Porter Jr.,7.036,2.345,7.153,6.763,7413.0,2021,2024,5,0.8,kevin porter jr.
1631109,Mark Williams,7.006,2.335,6.053,9.23,2510.0,2022,2024,3,0.67,mark williams
702,Voshon Lenard,6.993,2.331,8.108,4.393,14779.0,1996,1999,8,1.0,voshon lenard
177,Muggsy Bogues,6.958,2.319,6.025,9.135,5891.0,1996,1998,4,1.0,muggsy bogues
422,Avery Johnson,6.941,2.314,6.622,7.687,13092.0,1996,1998,8,1.0,avery johnson
2768,Chris Duhon,6.933,2.311,8.92,2.296,14702.0,2004,2006,8,1.0,chris duhon
201577,Robin Lopez,6.871,2.29,6.926,6.743,12135.0,2012,2015,8,1.0,robin lopez
1629655,Daniel Gafford,6.86,2.287,5.148,10.856,7497.0,2022,2024,6,0.83,daniel gafford
1626158,Richaun Holmes,6.783,2.261,6.042,8.514,7633.0,2018,2020,8,1.0,richaun holmes
101154,Andray Blatche,6.781,2.26,5.324,10.181,12295.0,2010,2012,8,1.0,andray blatche
2404,Chris Wilcox,6.707,2.236,5.919,8.547,10163.0,2005,2007,8,1.0,chris wilcox
213,Antonio Davis,6.663,2.221,4.739,11.153,18468.0,1999,2001,8,1.0,antonio davis
184,Bobby Phills,6.659,2.22,8.967,1.273,6668.0,1996,1998,4,1.0,bobby phills
693,Joe Smith,6.659,2.22,8.163,3.15,16063.0,2001,2003,8,1.0,joe smith
1626166,Cameron Payne,6.605,2.202,7.149,5.336,7705.0,2020,2022,8,0.88,cameron payne
1630202,Payton Pritchard,6.559,2.186,6.239,7.305,7012.0,2022,2024,5,0.8,payton pritchard
1629611,Terance Mann,6.529,2.176,8.678,1.516,9104.0,2020,2022,6,0.83,terance mann
1800,Damon Jones,6.525,2.175,8.054,2.957,10832.0,2003,2005,8,1.0,damon jones
2594,Kyle Korver,6.514,2.171,9.173,0.31,14581.0,2004,2006,8,1.0,kyle korver
201976,Patrick Beverley,6.496,2.165,9.667,-0.903,10621.0,2018,2020,8,1.0,patrick beverley
2073,Brian Cardinal,6.451,2.15,7.816,3.265,6015.0,2003,2005,8,1.0,brian cardinal
1628989,Kevin Huerter,6.45,2.15,10.368,-2.691,13565.0,2020,2022,7,0.86,kevin huerter
1630552,Jalen Johnson,6.434,2.145,5.022,9.73,4215.0,2022,2024,3,0.67,jalen johnson
344,Dana Barros,6.412,2.137,4.146,11.701,6352.0,1997,1999,6,1.0,dana barros
1715,Jason Williams,6.378,2.126,5.184,9.163,17422.0,2003,2005,8,1.0,jason williams
2581,Steve Blake,6.37,2.123,7.777,3.087,14387.0,2007,2009,8,1.0,steve blake
1763,Ryan Bowen,6.352,2.117,8.85,0.521,6250.0,2001,2003,8,1.0,ryan bowen
1628366,Lonzo Ball,6.351,2.117,8.091,2.291,8962.0,2017,2019,6,0.83,lonzo ball
2050,Morris Peterson,6.329,2.11,8.94,0.237,17847.0,2003,2005,8,1.0,morris peterson
203914,Gary Harris,6.327,2.109,9.844,-1.879,13461.0,2017,2019,8,1.0,gary harris
1641764,Brandin Podziemski,6.322,3.161,7.4,3.806,3684.0,2023,2024,2,0.5,brandin podziemski
1629673,Jordan Poole,6.312,2.104,5.854,7.382,11348.0,2020,2022,6,0.83,jordan poole
203484,Kentavious Caldwell-Pope,6.303,2.101,9.706,-1.638,17230.0,2015,2018,8,1.0,kentavious caldwell-pope
1626196,Josh Richardson,6.285,2.095,9.646,-1.559,14046.0,2017,2019,8,1.0,josh richardson
1629634,Brandon Clarke,6.204,2.068,4.227,10.816,6265.0,2021,2024,5,0.8,brandon clarke
2753,Delonte West,6.16,2.053,6.538,5.28,11842.0,2007,2009,8,1.0,delonte west
1629021,Moritz Wagner,6.129,2.043,4.717,9.423,6053.0,2022,2024,7,0.86,moritz wagner
1626145,Tyus Jones,6.061,2.02,4.185,10.436,11476.0,2021,2023,8,1.0,tyus jones
2754,Tony Allen,6.047,2.016,7.225,3.297,9214.0,2009,2011,8,1.0,tony allen
203486,Mason Plumlee,6.036,2.012,4.702,9.15,12936.0,2020,2022,8,1.0,mason plumlee
2555,Nick Collison,6.024,2.008,6.732,4.373,13663.0,2007,2009,8,1.0,nick collison
731,Greg Ostertag,6.022,2.007,8.433,0.397,12731.0,1996,1998,8,1.0,greg ostertag
1499,Tony Battie,5.94,1.98,6.644,4.297,11861.0,2000,2002,8,1.0,tony battie
202334,Ed Davis,5.923,1.974,3.132,12.438,10627.0,2015,2018,8,1.0,ed davis
2209,Vladimir Radmanovic,5.91,1.97,6.979,3.415,13205.0,2002,2004,8,1.0,vladimir radmanovic
203939,Dwight Powell,5.893,1.964,5.207,7.494,10447.0,2017,2019,8,1.0,dwight powell
200757,Thabo Sefolosha,5.876,1.959,9.734,-3.127,12874.0,2010,2012,8,1.0,thabo sefolosha
913,Larry Johnson,5.862,1.954,5.806,5.992,11059.0,1996,1998,5,1.0,larry johnson
1628978,Donte DiVincenzo,5.852,1.951,7.938,0.986,10604.0,2019,2021,7,0.86,donte divincenzo
2735,Josh Childress,5.852,1.951,4.039,10.083,10303.0,2005,2007,6,1.0,josh childress
2046,Desmond Mason,5.85,1.95,6.964,3.25,18498.0,2001,2003,8,1.0,desmond mason
895,Tyrone Corbin,5.844,1.948,8.991,-1.497,7016.0,1996,1998,4,1.0,tyrone corbin
1509,Kelvin Cato,5.828,1.943,6.812,3.532,10195.0,2002,2004,8,1.0,kelvin cato
202397,Ish Smith,5.802,1.934,6.191,4.895,9519.0,2017,2019,8,1.0,ish smith
101127,Jarrett Jack,5.732,1.911,3.239,11.549,17044.0,2010,2012,8,1.0,jarrett jack
101126,Nate Robinson,5.697,1.899,5.781,5.502,12395.0,2006,2008,8,1.0,nate robinson
1631106,Tari Eason,5.688,1.896,6.144,4.625,3670.0,2022,2024,3,0.67,tari eason
2047,Quentin Richardson,5.684,1.895,8.074,0.107,14963.0,2002,2004,8,1.0,quentin richardson
2215,Jason Collins,5.671,1.89,13.361,-12.271,13390.0,2002,2004,8,1.0,jason collins
2032,Darius Miles,5.646,1.882,8.537,-1.1,11720.0,2000,2002,7,1.0,darius miles
202361,Landry Fields,5.622,1.874,7.112,2.145,5792.0,2010,2012,4,1.0,landry fields
1952,Raja Bell,5.578,1.859,11.13,-7.377,16731.0,2006,2008,8,1.0,raja bell
21,Greg Anthony,5.573,1.858,4.986,6.944,7608.0,1996,1998,6,1.0,greg anthony
164,Chris Childs,5.54,1.847,7.19,1.691,10086.0,1996,1998,6,1.0,chris childs
990,Malik Rose,5.516,1.839,4.16,8.681,9029.0,2001,2003,8,1.0,malik rose
201163,Wilson Chandler,5.488,1.829,6.515,3.092,13711.0,2010,2012,8,1.0,wilson chandler
1628420,Monte Morris,5.483,1.828,5.296,5.918,9790.0,2018,2020,7,0.0,monte morris
1630583,Santi Aldama,5.467,1.822,4.924,6.736,5311.0,2022,2024,4,0.75,santi aldama
1626179,Terry Rozier,5.455,1.818,3.982,8.893,15446.0,2021,2023,8,1.0,terry rozier
2060,Marko Jaric,5.428,1.809,8.282,-1.232,11252.0,2003,2005,7,1.0,marko jaric
1629632,Coby White,5.413,1.804,5.64,4.886,12572.0,2022,2024,6,0.83,coby white
2211,Troy Murphy,5.372,1.791,1.88,13.521,15912.0,2006,2008,8,1.0,troy murphy
203924,Jerami Grant,5.372,1.791,4.432,7.564,15616.0,2020,2022,8,1.0,jerami grant
201593,Nikola Pekovic,5.335,1.778,3.045,10.681,5777.0,2011,2013,4,1.0,nikola pekovic
1629026,Kenrich Williams,5.331,1.777,7.032,1.363,7778.0,2020,2022,7,0.86,kenrich williams
677,Eric Williams,5.321,1.774,8.662,-2.476,13638.0,2002,2004,8,1.0,eric williams
203952,Andrew Wiggins,5.296,1.765,6.149,3.304,18019.0,2020,2022,8,1.0,andrew wiggins
203469,Cody Zeller,5.291,1.764,6.47,2.538,7977.0,2015,2018,8,1.0,cody zeller
1725,Rasho Nesterovic,5.285,1.762,6.753,1.86,14873.0,2002,2004,8,1.0,rasho nesterovic
201164,Rudy Fernandez,5.278,1.759,6.08,3.405,5962.0,2008,2010,4,1.0,rudy fernandez
2743,Kris Humphries,5.268,1.756,2.273,12.258,8793.0,2009,2011,8,1.0,kris humphries
203096,Jared Sullinger,5.256,1.752,4.832,6.245,4845.0,2012,2015,3,1.0,jared sullinger
201569,Eric Gordon,5.242,1.747,5.572,4.471,14281.0,2009,2011,8,1.0,eric gordon
201977,Marcus Thornton,5.233,1.744,5.043,5.678,10003.0,2010,2012,6,1.0,marcus thornton
1630188,Jalen Smith,5.228,1.743,4.608,6.676,4211.0,2022,2024,4,0.75,jalen smith
202684,Tristan Thompson,5.214,1.738,4.58,6.695,14128.0,2015,2018,8,1.0,tristan thompson
64,Sam Perkins,5.205,1.735,5.242,5.119,7059.0,1996,1998,5,1.0,sam perkins
1005,Walt Williams,5.183,1.728,6.924,1.121,10891.0,1996,1998,7,1.0,walt williams
1630530,Trey Murphy III,5.151,1.717,5.242,4.936,6859.0,2022,2024,4,0.75,trey murphy iii
2557,Luke Ridnour,5.15,1.717,4.197,7.373,15567.0,2008,2010,8,1.0,luke ridnour
101150,Lou Williams,5.128,1.709,3.369,9.232,12383.0,2010,2012,8,1.0,lou williams
754,Jim Jackson,5.121,1.707,4.899,5.637,17772.0,1997,1999,8,1.0,jim jackson
201571,D.J. Augustin,5.116,1.705,3.58,8.699,13644.0,2008,2010,8,1.0,d.j. augustin
1628371,Jonathan Isaac,5.115,1.705,5.694,3.765,5519.0,2018,2023,5,0.8,jonathan isaac
203501,Tim Hardaway Jr.,5.109,1.703,7.557,-0.606,14159.0,2017,2019,8,1.0,tim hardaway jr.
697,Fred Hoiberg,5.097,1.699,5.444,4.288,9796.0,2002,2004,8,1.0,fred hoiberg
202694,Marcus Morris Sr.,5.08,1.693,5.674,3.693,14710.0,2013,2017,8,1.0,marcus morris sr.
1629048,Goga Bitadze,5.066,1.689,4.842,5.587,4601.0,2022,2024,6,0.83,goga bitadze
201978,Chase Budinger,5.038,1.679,5.149,4.778,6715.0,2009,2011,6,1.0,chase budinger
682,Bob Sura,5.035,1.678,3.996,7.458,12523.0,2001,2003,8,1.0,bob sura
1629660,Ty Jerome,5.013,1.671,5.174,4.637,4126.0,2021,2024,5,0.8,ty jerome
1506,Austin Croshere,4.999,1.666,4.302,6.627,9043.0,1999,2001,8,1.0,austin croshere
203084,Harrison Barnes,4.993,1.664,5.337,4.191,18642.0,2019,2021,8,1.0,harrison barnes
1628370,Malik Monk,4.979,1.66,3.756,7.835,11934.0,2022,2024,8,0.88,malik monk
101139,CJ Miles,4.977,1.659,6.757,0.825,8858.0,2010,2012,8,1.0,cj miles
1501,Tim Thomas,4.969,1.656,7.446,-0.81,15153.0,2002,2004,8,1.0,tim thomas
201574,Jason Thompson,4.948,1.649,6.041,2.397,12831.0,2010,2012,7,1.0,jason thompson
1629675,Naz Reid,4.945,1.648,2.63,10.345,8467.0,2022,2024,6,0.83,naz reid
781,Will Perdue,4.933,1.644,4.626,5.649,4870.0,1996,1998,4,1.0,will perdue
1626220,Royce O'Neale,4.916,1.639,9.737,-6.331,15721.0,2019,2021,8,0.88,royce o'neale
1863,Earl Boykins,4.911,1.637,2.443,10.668,10140.0,2002,2004,8,1.0,earl boykins
1628415,Dillon Brooks,4.911,1.637,9.938,-6.818,14497.0,2020,2022,8,0.88,dillon brooks
1626161,Willie Cauley-Stein,4.911,1.637,3.044,9.268,7670.0,2017,2019,5,1.0,willie cauley-stein
203082,Terrence Ross,4.889,1.63,4.691,5.352,12582.0,2018,2020,8,1.0,terrence ross
203095,Evan Fournier,4.888,1.629,6.947,0.085,14581.0,2017,2019,8,1.0,evan fournier
201171,Carl Landry,4.849,1.616,2.309,10.776,10338.0,2007,2009,8,1.0,carl landry
239,Darrick Martin,4.849,1.616,6.515,0.962,6515.0,1996,1998,6,1.0,darrick martin
922,Elden Campbell,4.811,1.604,2.587,10.0,14548.0,1996,1998,8,1.0,elden campbell
1629640,Keldon Johnson,4.779,1.593,4.449,5.549,10602.0,2021,2023,6,0.83,keldon johnson
63,Michael Smith,4.774,1.591,5.933,2.072,7426.0,1996,1998,5,1.0,michael smith
203115,Will Barton,4.769,1.59,2.339,10.438,13431.0,2013,2017,8,1.0,will barton
1729,Ricky Davis,4.703,1.568,2.447,9.968,17618.0,2004,2006,8,1.0,ricky davis
202335,Patrick Patterson,4.694,1.565,6.042,1.548,10598.0,2012,2015,8,1.0,patrick patterson
1630167,Obi Toppin,4.677,1.559,4.518,5.051,6244.0,2022,2024,5,0.8,obi toppin
201601,Luc Mbah a Moute,4.647,1.549,7.746,-2.583,12258.0,2008,2010,8,1.0,luc mbah a moute
1626159,Justise Winslow,4.578,1.526,6.31,0.537,8280.0,2017,2019,7,1.0,justise winslow
446,Lucious Harris,4.557,1.519,4.699,4.226,10685.0,1999,2001,8,1.0,lucious harris
203200,Justin Holiday,4.549,1.516,9.091,-6.049,13286.0,2017,2019,8,1.0,justin holiday
2568,Carlos Delfino,4.546,1.515,4.698,4.189,11586.0,2007,2010,8,1.0,carlos delfino
1630573,Sam Hauser,4.541,1.514,6.218,0.628,4567.0,2022,2024,3,0.67,sam hauser
1630700,Dyson Daniels,4.51,1.503,5.728,1.669,4973.0,2022,2024,3,0.67,dyson daniels
3,Grant Long,4.488,1.496,6.053,0.839,8081.0,1998,2000,7,1.0,grant long
1627747,Caris LeVert,4.482,1.494,4.274,4.967,13309.0,2022,2024,8,0.88,caris levert
2223,Samuel Dalembert,4.446,1.482,3.527,6.589,17110.0,2006,2008,8,1.0,samuel dalembert
15,Eric Piatkowski,4.426,1.475,4.76,3.648,11362.0,1996,1998,8,1.0,eric piatkowski
1630175,Cole Anthony,4.4,1.467,3.302,6.963,7935.0,2022,2024,5,0.8,cole anthony
1628464,Daniel Theis,4.388,1.463,5.042,2.861,7626.0,2018,2020,7,0.86,daniel theis
1721,Keon Clark,4.366,1.455,3.285,6.889,7944.0,1999,2001,5,1.0,keon clark
1904,Devean George,4.341,1.447,7.105,-2.109,9392.0,2001,2003,8,1.0,devean george
202340,Avery Bradley,4.326,1.442,7.866,-3.934,12323.0,2013,2017,8,1.0,avery bradley
428,Sherman Douglas,4.318,1.439,4.724,3.37,6251.0,1996,1998,5,1.0,sherman douglas
761,Matt Geiger,4.296,1.432,2.446,8.611,6371.0,1997,1999,5,1.0,matt geiger
192,Dennis Scott,4.284,1.428,6.818,-1.628,6458.0,1996,1998,4,1.0,dennis scott
722,Corliss Williamson,4.277,1.426,3.277,6.609,14902.0,2000,2002,8,1.0,corliss williamson
203967,Dario Šarić,4.273,1.424,4.236,4.36,8948.0,2017,2019,7,0.86,dario šarić
101129,Luther Head,4.272,1.424,4.461,3.83,7796.0,2005,2007,6,1.0,luther head
1628971,Bruce Brown,4.272,1.424,4.827,2.977,11372.0,2020,2022,7,0.86,bruce brown
200782,P.J. Tucker,4.27,1.423,7.815,-4.002,17832.0,2013,2017,8,1.0,p.j. tucker
203493,Reggie Bullock Jr.,4.269,1.423,7.732,-3.813,11334.0,2019,2021,8,1.0,reggie bullock jr.
202693,Markieff Morris,4.267,1.422,3.56,5.917,12484.0,2013,2017,8,1.0,markieff morris
1504,Danny Fortson,4.231,1.41,2.534,8.19,8405.0,1999,2001,8,1.0,danny fortson
2585,Zaza Pachulia,4.227,1.409,5.025,2.363,11277.0,2006,2008,8,1.0,zaza pachulia
202688,Brandon Knight,4.225,1.408,4.584,3.387,9957.0,2012,2015,6,1.0,brandon knight
182,Billy Owens,4.183,1.394,4.823,2.689,6891.0,1996,1998,5,1.0,billy owens
111,LaPhonso Ellis,4.136,1.379,2.908,7.002,10837.0,1996,1998,7,1.0,laphonso ellis
1629020,Jarred Vanderbilt,4.087,1.362,3.617,5.184,6058.0,2020,2022,5,0.8,jarred vanderbilt
1630256,Jae'Sean Tate,4.082,1.361,6.138,-0.714,6403.0,2020,2022,5,0.8,jae'sean tate
1733,Al Harrington,4.065,1.355,2.87,6.853,16866.0,2003,2005,8,1.0,al harrington
203894,Shabazz Napier,4.064,1.355,3.701,4.913,4461.0,2017,2019,4,1.0,shabazz napier
201585,Kosta Koufos,4.032,1.344,3.672,4.872,8333.0,2011,2013,8,1.0,kosta koufos
1051,Dean Garrett,4.016,1.339,3.996,4.062,6794.0,1996,1998,5,1.0,dean garrett
2059,Eduardo Najera,4.008,1.336,6.249,-1.223,9550.0,2001,2003,8,1.0,eduardo najera
953,Lorenzen Wright,4.002,1.334,5.167,1.286,13234.0,1997,1999,8,1.0,lorenzen wright
375,Isaiah Rider,3.98,1.327,3.943,4.065,10034.0,1996,1998,5,1.0,isaiah rider
1500,Ron Mercer,3.979,1.326,5.513,0.399,13411.0,1997,1999,8,1.0,ron mercer
1630631,Jose Alvarado,3.975,1.325,5.957,-0.649,4540.0,2021,2023,4,0.75,jose alvarado
1628379,Luke Kennard,3.945,1.315,4.727,2.119,10754.0,2022,2024,8,0.88,luke kennard
202697,Iman Shumpert,3.942,1.314,7.896,-5.285,7976.0,2012,2015,7,1.0,iman shumpert
1629723,John Konchar,3.942,1.314,5.443,0.438,5084.0,2021,2023,5,0.8,john konchar
73,Hot Rod Williams,3.924,1.308,6.485,-2.053,3872.0,1996,1998,3,1.0,hot rod williams
1626178,Rondae Hollis-Jefferson,3.904,1.301,3.014,5.979,4888.0,2017,2019,4,1.0,rondae hollis-jefferson
228,Adam Keefe,3.857,1.286,4.969,1.261,5060.0,1996,1998,5,1.0,adam keefe
202336,Larry Sanders,3.853,1.284,4.302,2.804,4037.0,2011,2013,4,1.0,larry sanders
201148,Brandan Wright,3.83,1.277,1.777,8.62,5051.0,2011,2013,8,1.0,brandan wright
1630198,Isaiah Joe,3.827,1.276,4.8,1.558,5435.0,2022,2024,5,0.8,isaiah joe
983,Moochie Norris,3.811,1.27,3.411,4.744,7399.0,1999,2001,7,1.0,moochie norris
1641726,Dereck Lively II,3.765,1.883,3.959,3.314,2124.0,2023,2024,2,0.5,dereck lively ii
203473,Dewayne Dedmon,3.739,1.246,2.972,5.528,6725.0,2015,2018,8,1.0,dewayne dedmon
371,Terry Mills,3.727,1.242,5.032,0.682,4624.0,1996,1999,3,1.0,terry mills
2137,Ime Udoka,3.726,1.242,6.262,-2.191,5443.0,2006,2008,4,1.0,ime udoka
1628436,Luke Kornet,3.702,1.234,2.851,5.688,5161.0,2022,2024,7,0.86,luke kornet
1628418,Thomas Bryant,3.686,1.229,1.542,8.69,5838.0,2018,2020,7,0.86,thomas bryant
201945,Gerald Henderson,3.684,1.228,4.424,1.958,9880.0,2010,2012,6,1.0,gerald henderson
201584,Courtney Lee,3.68,1.227,6.644,-3.236,16368.0,2008,2010,8,1.0,courtney lee
461,Popeye Jones,3.646,1.215,4.712,1.16,6099.0,2000,2002,7,1.0,popeye jones
907,Malik Sealy,3.635,1.212,4.781,0.963,7222.0,1997,1999,4,1.0,malik sealy
49,Gheorghe Muresan,3.634,1.817,4.561,1.471,2110.0,1996,1999,2,1.0,gheorghe muresan
101107,Marvin Williams,3.62,1.207,3.478,3.951,16553.0,2009,2011,8,1.0,marvin williams
1628398,Kyle Kuzma,3.535,1.178,3.284,4.121,16859.0,2017,2019,8,0.88,kyle kuzma
201949,James Johnson,3.515,1.172,3.28,4.064,9005.0,2013,2017,8,1.0,james johnson
441,Lamond Murray,3.506,1.169,2.078,6.839,13523.0,1996,1998,8,1.0,lamond murray
2306,Carlos Arroyo,3.506,1.169,1.944,7.15,9452.0,2003,2005,8,1.0,carlos arroyo
201177,Josh McRoberts,3.481,1.16,4.5,1.104,7571.0,2012,2015,7,1.0,josh mcroberts
2443,Darius Songaila,3.47,1.157,4.003,2.224,9144.0,2004,2006,7,1.0,darius songaila
1065,Erick Strickland,3.456,1.152,3.735,2.804,9177.0,1999,2001,8,1.0,erick strickland
203457,Nerlens Noel,3.454,1.151,2.598,5.451,6729.0,2018,2020,6,1.0,nerlens noel
70,Steve Kerr,3.449,1.15,3.361,3.656,6356.0,1996,1998,7,1.0,steve kerr
1114,Jaren Jackson,3.446,1.149,7.598,-6.243,5908.0,1997,1999,4,1.0,jaren jackson
1903,Kenny Thomas,3.401,1.134,0.224,10.812,16656.0,2002,2004,8,1.0,kenny thomas
364,Rex Chapman,3.397,1.132,4.049,1.876,6245.0,1996,1998,4,1.0,rex chapman
1477,Bruce Bowen,3.391,1.13,10.306,-12.744,14876.0,2002,2004,8,1.0,bruce bowen
203488,Mike Muscala,3.384,1.128,3.595,2.89,5899.0,2020,2022,8,1.0,mike muscala
1629056,Terence Davis,3.376,1.125,4.308,1.203,3659.0,2019,2021,4,1.0,terence davis
960,Tony Delk,3.373,1.124,3.424,3.253,9983.0,2000,2002,8,1.0,tony delk
203382,Aron Baynes,3.352,1.117,4.757,0.074,5940.0,2017,2019,6,1.0,aron baynes
1630224,Jalen Green,3.35,1.117,0.863,9.152,10034.0,2022,2024,4,0.75,jalen green
201167,Arron Afflalo,3.347,1.116,4.724,0.134,16071.0,2010,2012,8,1.0,arron afflalo
1628467,Maxi Kleber,3.334,1.111,5.572,-1.89,9831.0,2018,2020,8,0.88,maxi kleber
1630549,Day'Ron Sharpe,3.333,1.111,2.395,5.524,2768.0,2022,2024,4,0.75,day'ron sharpe
202709,Cory Joseph,3.317,1.106,4.776,-0.089,11129.0,2015,2018,8,1.0,cory joseph
1626181,Norman Powell,3.305,1.102,2.684,4.755,11617.0,2018,2020,8,1.0,norman powell
400,Derek Strong,3.301,1.1,2.063,6.191,4843.0,1996,1998,4,1.0,derek strong
1627780,Gary Payton II,3.289,1.096,4.048,1.516,3882.0,2021,2023,6,0.83,gary payton ii
2039,Keyon Dooling,3.278,1.093,4.527,0.363,10492.0,2005,2007,8,1.0,keyon dooling
1630191,Isaiah Stewart,3.27,1.09,3.92,1.754,7542.0,2020,2022,5,0.8,isaiah stewart
197,Scott Burrell,3.246,1.082,4.266,0.866,4076.0,1997,1999,4,1.0,scott burrell
2470,Smush Parker,3.232,1.077,6.754,-4.986,6927.0,2005,2007,4,1.0,smush parker
201229,Anthony Tolliver,3.229,1.076,5.61,-2.326,9236.0,2013,2017,8,1.0,anthony tolliver
2733,Shaun Livingston,3.226,1.075,3.596,2.361,8786.0,2010,2012,8,1.0,shaun livingston
203143,Pablo Prigioni,3.204,1.068,4.464,0.265,3364.0,2012,2015,3,1.0,pablo prigioni
1629012,Collin Sexton,3.184,1.061,1.874,6.242,12167.0,2022,2024,7,0.86,collin sexton
1630598,Aaron Wiggins,3.183,1.061,3.508,2.424,5470.0,2022,2024,4,0.75,aaron wiggins
1761,Greg Buckner,3.126,1.042,6.229,-4.114,9488.0,2004,2006,8,1.0,greg buckner
1629680,Matisse Thybulle,3.124,1.041,8.135,-8.566,7270.0,2020,2022,6,0.83,matisse thybulle
45,George McCloud,3.115,1.038,4.135,0.734,9907.0,1996,1998,6,1.0,george mccloud
1629023,P.J. Washington,3.101,1.034,5.094,-1.551,11912.0,2019,2021,6,0.83,p.j. washington
281,Scott Williams,3.095,1.032,4.076,0.804,7021.0,1999,2001,7,1.0,scott williams
2205,DeSagana Diop,3.093,1.031,6.342,-4.489,7552.0,2005,2007,8,1.0,desagana diop
1628960,Grayson Allen,3.091,1.03,4.879,-1.079,10226.0,2021,2023,7,0.86,grayson allen
203901,Elfrid Payton,3.085,1.028,1.884,5.888,9000.0,2017,2019,7,0.86,elfrid payton
1627812,Yogi Ferrell,3.071,1.024,4.943,-1.298,3875.0,2017,2019,3,1.0,yogi ferrell
1630591,Jalen Suggs,3.063,1.021,4.511,-0.315,5577.0,2022,2024,4,0.75,jalen suggs
200789,Daniel Gibson,3.061,1.02,5.148,-1.808,9315.0,2008,2010,7,1.0,daniel gibson
209,Dell Curry,3.057,1.019,2.094,5.305,6861.0,1996,1998,6,1.0,dell curry
101138,Brandon Bass,3.01,1.003,1.762,5.923,12400.0,2009,2011,8,1.0,brandon bass
201956,Omri Casspi,3.009,1.003,4.609,-0.723,9912.0,2009,2011,8,1.0,omri casspi
2570,Kendrick Perkins,2.998,0.999,2.846,3.354,12247.0,2007,2009,8,1.0,kendrick perkins
1641709,Ausar Thompson,2.988,1.494,3.464,1.877,2909.0,2023,2024,2,0.5,ausar thompson
1629111,Jock Landale,2.983,0.994,3.556,1.647,2830.0,2022,2024,4,0.75,jock landale
1628380,Zach Collins,2.981,0.994,2.59,3.895,7136.0,2022,2024,7,0.86,zach collins
420,Jayson Williams,2.976,0.992,1.581,6.231,4797.0,1996,1998,3,1.0,jayson williams
201627,Anthony Morrow,2.93,0.977,5.553,-3.189,9757.0,2009,2011,7,1.0,anthony morrow
1629628,RJ Barrett,2.924,0.975,1.554,6.12,12811.0,2022,2024,6,0.83,rj barrett
2429,Dan Gadzuric,2.918,0.973,3.103,2.487,7312.0,2003,2005,8,1.0,dan gadzuric
200748,Tyrus Thomas,2.88,0.96,1.339,6.475,7925.0,2008,2010,7,1.0,tyrus thomas
1630230,Naji Marshall,2.86,0.953,3.363,1.686,6404.0,2022,2024,5,0.8,naji marshall
200755,JJ Redick,2.859,0.953,2.301,4.161,10461.0,2011,2013,8,1.0,jj redick
201971,DeJuan Blair,2.858,0.953,1.151,6.84,6877.0,2009,2011,6,1.0,dejuan blair
203487,Michael Carter-Williams,2.852,0.951,2.895,2.752,6904.0,2013,2017,6,1.0,michael carter-williams
2440,Matt Barnes,2.847,0.949,3.08,2.304,10487.0,2008,2010,8,1.0,matt barnes
203077,Michael Kidd-Gilchrist,2.844,0.948,4.103,-0.093,7040.0,2012,2015,6,1.0,michael kidd-gilchrist
203458,Alex Len,2.84,0.947,1.069,6.972,8134.0,2017,2019,8,1.0,alex len
200764,Renaldo Balkman,2.809,0.936,3.47,1.269,2789.0,2006,2008,3,1.0,renaldo balkman
899,Mark Price,2.798,1.399,1.475,5.884,3306.0,1996,1997,2,1.0,mark price
1629656,Quentin Grimes,2.793,0.931,4.774,-1.829,5945.0,2022,2024,4,0.75,quentin grimes
1642276,Kel'el Ware,2.79,2.79,2.79,2.79,1421.0,2024,2024,1,0.0,kel'el ware
101128,Francisco Garcia,2.789,0.93,3.617,0.857,10562.0,2007,2009,8,1.0,francisco garcia
423,Chris Gatling,2.773,0.924,1.795,5.055,7710.0,1999,2001,6,1.0,chris gatling
1641744,Zach Edey,2.755,2.755,2.755,2.755,1419.0,2024,2024,1,0.0,zach edey
1630194,Paul Reed,2.743,0.914,2.209,3.987,3083.0,2022,2024,4,0.75,paul reed
203124,Kyle O'Quinn,2.726,0.909,0.941,6.892,4660.0,2013,2017,6,1.0,kyle o'quinn
1629652,Luguentz Dort,2.676,0.892,7.655,-8.942,10622.0,2020,2022,6,0.83,luguentz dort
183,Bison Dele,2.666,1.333,1.279,5.902,3797.0,1997,1998,2,1.0,bison dele
1629750,Javonte Green,2.659,0.886,4.034,-0.55,4431.0,2021,2023,6,0.83,javonte green
201228,C.J. Watson,2.655,0.885,3.153,1.493,9661.0,2009,2011,8,1.0,c.j. watson
1628372,Dennis Smith Jr.,2.632,0.877,3.713,0.111,7604.0,2021,2023,7,1.0,dennis smith jr.
1630180,Saddiq Bey,2.627,0.876,2.667,2.534,8802.0,2020,2022,4,1.0,saddiq bey
1630590,Scotty Pippen Jr.,2.595,1.298,2.264,3.367,2210.0,2023,2024,2,0.5,scotty pippen jr.
201975,Jodie Meeks,2.584,0.861,6.046,-5.493,9762.0,2010,2012,6,1.0,jodie meeks
101131,Jason Maxiell,2.55,0.85,3.148,1.154,10337.0,2006,2008,8,1.0,jason maxiell
1944,Eddie Robinson,2.531,0.844,1.471,5.004,5346.0,1999,2001,5,1.0,eddie robinson
1533,Anthony Johnson,2.521,0.84,2.761,1.963,8874.0,2002,2004,8,1.0,anthony johnson
201141,Greg Oden,2.515,0.838,2.673,2.147,2025.0,2008,2013,3,1.0,greg oden
760,Jerome Kersey,2.511,0.837,4.92,-3.11,4738.0,1996,1998,5,1.0,jerome kersey
201581,JJ Hickson,2.47,0.823,-2.011,12.925,10511.0,2012,2015,7,1.0,jj hickson
201150,Spencer Hawes,2.451,0.817,0.113,7.908,13465.0,2011,2013,8,1.0,spencer hawes
200770,Jordan Farmar,2.418,0.806,1.177,5.314,9274.0,2010,2013,8,1.0,jordan farmar
200796,Leon Powe,2.407,0.802,1.336,4.904,3318.0,2007,2009,5,1.0,leon powe
201147,Corey Brewer,2.39,0.797,4.602,-2.771,13672.0,2010,2012,8,1.0,corey brewer
2420,Nenad Krstic,2.389,0.796,2.661,1.754,10545.0,2004,2006,7,1.0,nenad krstic
1742,Shammond Williams,2.388,0.796,1.779,3.808,5347.0,2000,2002,6,1.0,shammond williams
1628966,Keita Bates-Diop,2.378,0.793,2.444,2.226,4566.0,2020,2022,6,1.0,keita bates-diop
2566,Travis Outlaw,2.365,0.788,1.197,5.091,11502.0,2007,2009,8,1.0,travis outlaw
1629637,Jaxson Hayes,2.334,0.778,1.761,3.673,6026.0,2020,2022,6,0.83,jaxson hayes
1627863,Danuel House Jr.,2.333,0.778,3.943,-1.423,6272.0,2017,2019,7,1.0,danuel house jr.
718,Gary Trent,2.332,0.777,-0.526,8.999,8639.0,1996,1998,8,1.0,gary trent
1627790,Ante Zizic,2.329,0.776,2.33,2.326,1514.0,2017,2019,3,1.0,ante zizic
788,Kevin Willis,2.328,0.776,-1.292,10.774,11301.0,1996,1998,8,1.0,kevin willis
2679,Matt Carroll,2.321,0.774,4.381,-2.486,7405.0,2005,2007,7,1.0,matt carroll
1631218,Trayce Jackson-Davis,2.308,1.154,1.094,5.141,2096.0,2023,2024,2,0.5,trayce jackson-davis
1630170,Devin Vassell,2.307,0.769,1.457,4.29,8405.0,2021,2023,5,0.8,devin vassell
1628997,Caleb Martin,2.3,0.767,4.184,-2.097,7560.0,2021,2023,6,0.83,caleb martin
203943,Noah Vonleh,2.287,0.762,1.525,4.067,4143.0,2017,2019,4,1.0,noah vonleh
2592,James Jones,2.264,0.755,4.536,-3.036,9089.0,2005,2007,8,1.0,james jones
203926,Doug McDermott,2.237,0.746,3.097,0.229,11397.0,2018,2020,8,1.0,doug mcdermott
1629060,Rui Hachimura,2.226,0.742,2.205,2.274,9346.0,2022,2024,6,0.83,rui hachimura
976,Jeff McInnis,2.224,0.741,2.039,2.657,13709.0,1999,2001,8,1.0,jeff mcinnis
76,Cedric Ceballos,2.22,0.74,1.135,4.75,5393.0,1996,1998,5,1.0,cedric ceballos
1088,Chucky Atkins,2.198,0.733,2.973,0.389,15898.0,2004,2006,8,1.0,chucky atkins
200816,Jorge Garbajosa,2.193,2.193,2.711,0.984,1910.0,2006,2006,1,1.0,jorge garbajosa
1628396,Tony Bradley,2.192,0.731,1.313,4.241,1896.0,2019,2021,3,1.0,tony bradley
204038,Langston Galloway,2.184,0.728,4.719,-3.731,6781.0,2015,2018,5,1.0,langston galloway
324,Anthony Peeler,2.159,0.72,3.856,-1.802,14174.0,1996,1998,8,1.0,anthony peeler
203526,Raul Neto,2.157,0.719,3.067,0.032,6420.0,2018,2020,7,1.0,raul neto
1751,Jahidi White,2.154,0.718,2.512,1.319,5588.0,2000,2002,5,1.0,jahidi white
201156,Nick Young,2.129,0.71,3.082,-0.096,12430.0,2010,2012,8,1.0,nick young
1629162,Jordan McLaughlin,2.111,0.704,2.513,1.171,4048.0,2021,2023,6,0.83,jordan mclaughlin
2586,Keith Bogans,2.106,0.702,5.123,-4.934,12981.0,2006,2008,8,1.0,keith bogans
201580,JaVale McGee,2.099,0.7,-1.165,9.713,9930.0,2010,2012,8,1.0,javale mcgee
2424,Dan Dickau,2.085,0.695,1.8,2.75,4610.0,2004,2006,6,1.0,dan dickau
1631170,Jaime Jaquez Jr.,2.071,1.035,2.939,0.046,3481.0,2023,2024,2,0.5,jaime jaquez jr.
1727,Pat Garrity,2.061,0.687,6.517,-8.337,10756.0,2000,2002,8,1.0,pat garrity
1629622,Max Strus,2.055,0.685,4.189,-2.924,7878.0,2021,2023,5,0.8,max strus
203476,Gorgui Dieng,2.024,0.675,0.724,5.057,7783.0,2015,2018,8,1.0,gorgui dieng
1629731,Dean Wade,1.987,0.662,4.57,-4.04,5440.0,2021,2023,5,0.8,dean wade
1627739,Kris Dunn,1.982,0.661,2.663,0.395,8117.0,2021,2023,7,0.86,kris dunn
1628977,Hamidou Diallo,1.96,0.653,1.775,2.392,4916.0,2020,2022,5,1.0,hamidou diallo
785,Eric Murdock,1.941,0.647,1.414,3.17,2486.0,1997,1999,3,1.0,eric murdock
1627736,Malik Beasley,1.921,0.64,1.882,2.011,13568.0,2018,2020,8,0.88,malik beasley
1731,Tyronn Lue,1.919,0.64,2.291,1.05,11718.0,2001,2003,8,1.0,tyronn lue
1909,Scott Padgett,1.918,0.639,2.351,0.907,5479.0,2003,2005,7,1.0,scott padgett
1425,Aaron Williams,1.904,0.635,0.908,4.229,10152.0,1999,2001,8,1.0,aaron williams
2436,Flip Murray,1.896,0.632,2.309,0.934,11014.0,2007,2009,7,1.0,flip murray
1627788,Furkan Korkmaz,1.893,0.631,3.639,-2.182,5375.0,2019,2021,6,1.0,furkan korkmaz
1628021,David Nwaba,1.883,0.628,2.72,-0.072,4182.0,2018,2020,5,1.0,david nwaba
2410,Fred Jones,1.876,0.625,2.324,0.83,10177.0,2003,2005,6,1.0,fred jones
201973,Jonas Jerebko,1.87,0.623,2.576,0.223,8861.0,2009,2012,7,1.0,jonas jerebko
202389,Timofey Mozgov,1.869,0.623,0.853,4.24,5026.0,2013,2017,6,1.0,timofey mozgov
200783,Craig Smith,1.86,0.62,1.444,2.829,6820.0,2009,2011,6,1.0,craig smith
2427,Roger Mason Jr.,1.855,0.618,3.073,-0.987,8766.0,2007,2009,8,1.0,roger mason jr.
203504,Trey Burke,1.854,0.618,0.957,3.946,7408.0,2017,2019,7,1.0,trey burke
1628963,Marvin Bagley III,1.854,0.618,1.134,3.534,6476.0,2022,2024,7,0.86,marvin bagley iii
101123,Gerald Green,1.842,0.614,1.838,1.851,8642.0,2011,2013,8,1.0,gerald green
1630208,Nick Richards,1.831,0.61,-0.682,7.695,4590.0,2022,2024,4,0.75,nick richards
1628365,Markelle Fultz,1.827,0.609,1.199,3.291,5938.0,2020,2022,7,1.0,markelle fultz
198,Danny Ferry,1.823,0.608,4.024,-3.314,9138.0,1999,2001,7,1.0,danny ferry
433,Buck Williams,1.817,0.909,2.108,1.14,2240.0,1996,1997,2,1.0,buck williams
1626195,Willy Hernangomez,1.784,0.595,0.568,4.62,3824.0,2017,2019,6,1.0,willy hernangomez
1559,Adrian Griffin,1.768,0.589,2.82,-0.687,7848.0,2005,2007,8,1.0,adrian griffin
1628964,Mo Bamba,1.715,0.572,-0.149,6.065,6121.0,2019,2021,7,0.86,mo bamba
101111,Charlie Villanueva,1.699,0.566,-0.484,6.791,12536.0,2006,2008,8,1.0,charlie villanueva
390,Sasha Danilovic,1.692,1.692,2.765,-0.811,1786.0,1996,1996,1,1.0,sasha danilovic
919,Loy Vaught,1.688,0.563,-0.648,7.137,4421.0,1996,1998,5,1.0,loy vaught
200779,Steve Novak,1.684,0.561,2.408,-0.006,5210.0,2011,2013,7,1.0,steve novak
1629067,Isaac Bonga,1.675,0.837,4.013,-3.781,1679.0,2019,2020,2,1.0,isaac bonga
2,Byron Scott,1.658,1.658,1.853,1.203,1438.0,1996,1996,1,1.0,byron scott
202692,Alec Burks,1.653,0.551,-0.084,5.705,10508.0,2018,2020,8,1.0,alec burks
1626168,Trey Lyles,1.648,0.549,0.488,4.356,9478.0,2017,2019,8,1.0,trey lyles
1631217,Moussa Diabaté,1.644,1.644,1.644,1.644,1242.0,2024,2024,1,0.0,moussa diabaté
219,Vinny Del Negro,1.643,0.548,1.526,1.915,7187.0,1996,1998,5,1.0,vinny del negro
1628998,Cody Martin,1.61,0.537,3.567,-2.957,5542.0,2020,2023,5,0.8,cody martin
1641706,Brandon Miller,1.603,0.801,1.602,1.604,3306.0,2023,2024,2,0.5,brandon miller
1563,Kevin Ollie,1.576,0.525,-0.045,5.359,8649.0,2001,2003,8,1.0,kevin ollie
920,A.C. Green,1.565,0.522,1.083,2.689,9409.0,1996,1998,5,1.0,a.c. green
201564,O.J. Mayo,1.56,0.52,1.825,0.942,15225.0,2011,2013,7,1.0,o.j. mayo
2567,Brian Cook,1.553,0.518,2.082,0.32,5428.0,2004,2006,7,1.0,brian cook
1928,Todd MacCulloch,1.552,0.517,1.317,2.102,3436.0,2000,2002,4,1.0,todd macculloch
26,Luc Longley,1.539,0.513,1.722,1.112,5831.0,1996,1998,5,1.0,luc longley
203521,Matthew Dellavedova,1.53,0.51,2.844,-1.537,5921.0,2015,2018,7,1.0,matthew dellavedova
1642270,Donovan Clingan,1.528,1.528,1.528,1.528,1327.0,2024,2024,1,0.0,donovan clingan
2501,Reggie Evans,1.511,0.504,0.926,2.879,10379.0,2004,2006,8,1.0,reggie evans
201941,Jordan Hill,1.506,0.502,-1.357,8.187,5765.0,2012,2015,6,1.0,jordan hill
2038,Joel Przybilla,1.505,0.502,2.854,-1.643,8052.0,2005,2007,8,1.0,joel przybilla
145,Tracy Murray,1.499,0.5,1.363,1.817,7593.0,1996,1998,6,1.0,tracy murray
201962,Toney Douglas,1.477,0.492,2.56,-1.051,6933.0,2010,2012,6,1.0,toney douglas
201573,Jerryd Bayless,1.47,0.49,0.618,3.458,10041.0,2010,2012,8,1.0,jerryd bayless
2078,Jason Hart,1.467,0.489,1.032,2.485,5165.0,2003,2005,6,1.0,jason hart
202720,Jon Leuer,1.458,0.486,-0.055,4.99,2853.0,2013,2018,4,1.0,jon leuer
2035,DerMarr Johnson,1.457,0.486,2.592,-1.192,5875.0,2003,2005,6,1.0,dermarr johnson
2411,Bostjan Nachbar,1.441,0.48,2.077,-0.042,5544.0,2004,2006,5,1.0,bostjan nachbar
1000,Shandon Anderson,1.439,0.48,0.796,2.938,14133.0,1997,1999,8,1.0,shandon anderson
2804,Andres Nocioni,1.438,0.479,0.693,3.178,11953.0,2006,2008,7,1.0,andres nocioni
1628373,Frank Ntilikina,1.434,0.478,2.875,-1.929,5411.0,2019,2021,6,1.0,frank ntilikina
1628988,Aaron Holiday,1.414,0.471,3.321,-3.036,7367.0,2019,2021,7,0.86,aaron holiday
1641715,Cam Whitmore,1.407,0.703,0.838,2.735,1705.0,2023,2024,2,0.5,cam whitmore
1630572,Sandro Mamukelashvili,1.394,0.465,0.902,2.542,2198.0,2022,2024,4,0.75,sandro mamukelashvili
1074,Matt Maloney,1.393,0.464,3.113,-2.621,7182.0,1997,2000,4,1.0,matt maloney
1631119,Jaylin Williams,1.369,0.456,0.964,2.314,2598.0,2022,2024,3,0.67,jaylin williams
1642271,Kyle Filipowski,1.364,1.364,1.364,1.364,1519.0,2024,2024,1,0.0,kyle filipowski
202714,Shelvin Mack,1.36,0.453,1.079,2.015,6356.0,2013,2017,6,1.0,shelvin mack
1627814,Damion Lee,1.358,0.453,2.356,-0.972,6041.0,2019,2021,6,1.0,damion lee
1641774,Tristan Vukcevic,1.355,1.355,1.355,1.355,511.0,2024,2024,1,0.0,tristan vukcevic
724,Cory Alexander,1.339,0.446,1.275,1.489,4069.0,1997,1999,5,1.0,cory alexander
1630643,Jay Huff,1.337,1.337,1.337,1.337,749.0,2024,2024,1,0.0,jay huff
203489,Nate Wolters,1.316,1.316,1.736,0.336,1311.0,2013,2013,1,1.0,nate wolters
204020,Tyler Johnson,1.298,0.433,2.011,-0.364,5836.0,2015,2018,5,1.0,tyler johnson
200809,Chris Quinn,1.286,0.429,1.227,1.422,3223.0,2007,2009,5,1.0,chris quinn
200751,Randy Foye,1.284,0.428,2.263,-1.001,15262.0,2007,2009,8,1.0,randy foye
2204,Eddie Griffin,1.248,0.416,0.686,2.56,6626.0,2002,2005,4,1.0,eddie griffin
1627884,Derrick Jones Jr.,1.231,0.41,2.434,-1.578,9540.0,2017,2019,8,0.88,derrick jones jr.
101133,Ian Mahinmi,1.215,0.405,1.808,-0.169,8466.0,2015,2018,8,1.0,ian mahinmi
203918,Rodney Hood,1.193,0.398,2.339,-1.48,8319.0,2015,2018,6,1.0,rodney hood
2422,John Salmons,1.179,0.393,-2.128,8.894,15565.0,2007,2009,8,1.0,john salmons
1630228,Jonathan Kuminga,1.167,0.389,-0.128,4.188,5665.0,2022,2024,4,0.75,jonathan kuminga
2575,Luke Walton,1.154,0.385,1.002,1.507,8448.0,2006,2008,8,1.0,luke walton
203141,Mirza Teletovic,1.153,0.384,0.598,2.449,3578.0,2012,2015,3,1.0,mirza teletovic
1630538,Bones Hyland,1.151,0.384,1.052,1.381,3175.0,2021,2023,4,0.75,bones hyland
1630214,Xavier Tillman,1.149,0.383,0.605,2.417,4166.0,2020,2022,5,0.8,xavier tillman
1631246,Vince Williams Jr.,1.148,0.574,1.594,0.109,1935.0,2023,2024,2,0.5,vince williams jr.
901,Otis Thorpe,1.147,0.382,-0.185,4.255,7821.0,1996,1998,5,1.0,otis thorpe
962,Walter McCarty,1.145,0.382,2.937,-3.036,9827.0,2001,2003,8,1.0,walter mccarty
202323,Evan Turner,1.14,0.38,-1.747,7.877,15008.0,2012,2015,8,1.0,evan turner
1629674,Neemias Queta,1.138,0.569,0.746,2.054,1195.0,2023,2024,2,0.5,neemias queta
1630183,Jaden McDaniels,1.136,0.379,5.923,-10.031,10454.0,2021,2023,5,0.8,jaden mcdaniels
2221,Raul Lopez,1.133,0.567,0.966,1.524,2141.0,2003,2004,2,1.0,raul lopez
203,Nate McMillan,1.126,0.563,0.935,1.572,1078.0,1996,1997,2,1.0,nate mcmillan
1629006,Josh Okogie,1.124,0.375,2.566,-2.239,7954.0,2022,2024,7,0.86,josh okogie
1921,Gordan Giricek,1.117,0.372,2.631,-2.416,8820.0,2005,2007,6,1.0,gordan giricek
2033,Marcus Fizer,1.113,0.371,-0.278,4.359,6004.0,2001,2003,5,1.0,marcus fizer
1627756,Denzel Valentine,1.084,0.361,1.696,-0.346,3840.0,2017,2020,4,1.0,denzel valentine
1631128,Christian Braun,1.081,0.36,1.333,0.494,5512.0,2022,2024,3,0.67,christian braun
203920,Khem Birch,1.079,0.36,1.225,0.738,4664.0,2018,2020,5,1.0,khem birch
1134,Ike Austin,1.073,0.358,-1.199,6.374,7737.0,1996,1998,6,1.0,ike austin
1626192,Pat Connaughton,1.071,0.357,1.387,0.334,10984.0,2018,2020,8,0.88,pat connaughton
202332,Cole Aldrich,1.053,0.351,-0.123,3.795,1516.0,2012,2015,3,1.0,cole aldrich
203527,Ryan Kelly,1.051,0.525,2.009,-1.185,1781.0,2013,2015,2,1.0,ryan kelly
2051,Donnell Harvey,1.047,0.349,0.152,3.136,3255.0,2001,2003,3,1.0,donnell harvey
1630544,Tre Mann,1.026,0.342,1.267,0.463,3860.0,2022,2024,4,0.75,tre mann
1626163,Frank Kaminsky,1.015,0.338,0.393,2.466,6023.0,2018,2020,6,1.0,frank kaminsky
1631107,Nikola Jović,1.01,0.337,1.198,0.571,2256.0,2022,2024,3,0.67,nikola jović
2552,Michael Sweetney,0.999,0.333,0.143,2.997,3602.0,2003,2005,4,1.0,michael sweetney
1108,Tony Farmer,0.998,0.998,1.069,0.833,1199.0,1999,1999,1,1.0,tony farmer
1629646,Charles Bassey,0.991,0.33,0.479,2.187,1087.0,2022,2024,3,0.67,charles bassey
906,Haywoode Workman,0.963,0.481,0.822,1.291,1164.0,1998,1999,2,1.0,haywoode workman
692,Andrew DeClercq,0.96,0.32,3.661,-5.342,9579.0,2001,2003,8,1.0,andrew declercq
203460,Andre Roberson,0.954,0.318,3.501,-4.99,2991.0,2013,2017,3,1.0,andre roberson
157,Derek Harper,0.94,0.313,1.001,0.798,5095.0,1996,1998,3,1.0,derek harper
1629659,Talen Horton-Tucker,0.922,0.307,0.943,0.872,5866.0,2022,2024,5,0.8,talen horton-tucker
203957,Danté Exum,0.907,0.302,1.526,-0.538,2846.0,2018,2023,5,0.8,danté exum
65,Greg Minor,0.892,0.297,1.879,-1.41,2438.0,1996,1998,3,1.0,greg minor
2418,Casey Jacobsen,0.889,0.296,3.44,-5.064,5330.0,2002,2004,4,1.0,casey jacobsen
1629631,De'Andre Hunter,0.885,0.295,2.031,-1.789,9820.0,2022,2024,6,0.83,de'andre hunter
458,Howard Eisley,0.871,0.29,1.183,0.143,12678.0,2001,2003,8,1.0,howard eisley
924,Anthony Goldwire,0.871,0.29,0.54,1.644,4131.0,1996,2000,4,1.0,anthony goldwire
216,Brian Shaw,0.861,0.287,0.245,2.3,8008.0,1999,2001,6,1.0,brian shaw
1737,Nazr Mohammed,0.86,0.287,0.659,1.33,10905.0,2000,2002,8,1.0,nazr mohammed
721,Tyus Edney,0.844,0.281,0.164,2.43,2265.0,1996,2000,3,1.0,tyus edney
203090,Maurice Harkless,0.82,0.273,2.739,-3.657,11129.0,2017,2019,8,1.0,maurice harkless
201274,Ivan Johnson,0.806,0.403,0.056,2.554,1970.0,2011,2012,2,1.0,ivan johnson
1630539,Kai Jones,0.798,0.399,0.883,0.599,1015.0,2022,2024,2,0.5,kai jones
179,Bryant Stith,0.79,0.263,2.114,-2.3,7566.0,1996,1998,6,1.0,bryant stith
1630,Mikki Moore,0.778,0.259,2.683,-3.667,8463.0,2005,2007,8,1.0,mikki moore
2545,Darko Milicic,0.765,0.255,1.033,0.141,8472.0,2004,2006,8,1.0,darko milicic
101177,Fabricio Oberto,0.762,0.254,1.296,-0.486,4821.0,2006,2008,5,1.0,fabricio oberto
202954,Brad Wanamaker,0.749,0.25,1.216,-0.341,3087.0,2018,2020,4,1.0,brad wanamaker
1442,Zeljko Rebraca,0.749,0.25,0.627,1.035,3274.0,2001,2003,5,1.0,zeljko rebraca
969,Travis Knight,0.744,0.248,1.43,-0.856,4574.0,1996,1998,7,1.0,travis knight
2554,Mickael Pietrus,0.73,0.243,2.297,-2.927,10638.0,2008,2010,8,1.0,mickael pietrus
1626257,Salah Mejri,0.721,0.24,0.485,1.272,1523.0,2015,2018,3,1.0,salah mejri
1642261,Dalton Knecht,0.716,0.716,0.716,0.716,1498.0,2024,2024,1,0.0,dalton knecht
202344,Trevor Booker,0.71,0.237,0.167,1.978,7560.0,2010,2012,6,1.0,trevor booker
2745,Kirk Snyder,0.705,0.235,1.008,-0.004,3531.0,2005,2007,4,1.0,kirk snyder
2031,Stromile Swift,0.702,0.234,-1.499,5.838,10622.0,2002,2004,8,1.0,stromile swift
101119,Rashad McCants,0.701,0.234,2.475,-3.439,5033.0,2006,2008,4,1.0,rashad mccants
2605,Marquis Daniels,0.701,0.234,1.736,-1.715,10142.0,2008,2010,8,1.0,marquis daniels
200826,J.J. Barea,0.697,0.232,-1.493,5.806,11156.0,2010,2012,8,1.0,j.j. barea
1628975,Jevon Carter,0.696,0.232,2.533,-3.592,6276.0,2022,2024,7,0.86,jevon carter
1628422,Damyean Dotson,0.69,0.23,1.495,-1.189,4217.0,2017,2019,4,1.0,damyean dotson
201979,Nick Calathes,0.684,0.684,0.72,0.598,1172.0,2013,2013,1,1.0,nick calathes
956,Erick Dampier,0.676,0.225,1.317,-0.819,12776.0,1997,1999,8,1.0,erick dampier
202730,Lavoy Allen,0.661,0.22,1.566,-1.452,4958.0,2012,2015,4,1.0,lavoy allen
244,Dee Brown,0.657,0.219,0.67,0.625,4298.0,1997,1999,4,1.0,dee brown
251,Sean Elliott,0.654,0.218,1.556,-1.448,5534.0,1996,1998,5,1.0,sean elliott
2041,Etan Thomas,0.653,0.218,-0.266,2.798,7003.0,2001,2003,8,1.0,etan thomas
1629234,Drew Eubanks,0.649,0.216,-0.815,4.066,5769.0,2022,2024,6,0.83,drew eubanks
690,Don Reid,0.638,0.213,2.366,-3.394,4361.0,1998,2000,6,1.0,don reid
2756,Sasha Vujacic,0.631,0.21,0.79,0.258,8499.0,2007,2009,8,1.0,sasha vujacic
1630692,Jordan Goodwin,0.625,0.208,0.332,1.31,2700.0,2022,2024,3,0.67,jordan goodwin
101142,Ronny Turiaf,0.62,0.207,1.656,-1.796,7842.0,2009,2011,8,1.0,ronny turiaf
2040,Jerome Moiso,0.609,0.305,0.33,1.26,1054.0,2002,2003,2,1.0,jerome moiso
1642272,Jared McCain,0.608,0.608,0.608,0.608,591.0,2024,2024,1,0.0,jared mccain
201985,AJ Price,0.599,0.2,0.641,0.501,3507.0,2009,2011,4,1.0,aj price
1629638,Nickeil Alexander-Walker,0.598,0.199,2.341,-3.467,7947.0,2022,2024,6,0.83,nickeil alexander-walker
201166,Aaron Brooks,0.593,0.198,-1.104,4.555,10475.0,2007,2009,7,1.0,aaron brooks
1628408,PJ Dozier,0.588,0.196,1.488,-1.513,1842.0,2019,2021,3,1.0,pj dozier
1629003,Shake Milton,0.571,0.19,0.177,1.493,6695.0,2020,2022,7,0.86,shake milton
1629626,Bol Bol,0.546,0.182,-1.18,4.576,2424.0,2022,2024,3,0.67,bol bol
123,Robert Pack,0.537,0.179,-0.707,3.438,5369.0,1996,1998,8,1.0,robert pack
201961,Wayne Ellington,0.523,0.174,1.359,-1.427,10545.0,2011,2013,8,1.0,wayne ellington
101189,James Singleton,0.523,0.174,-0.04,1.837,3261.0,2008,2011,5,1.0,james singleton
1629002,Chimezie Metu,0.517,0.172,-0.78,3.544,3311.0,2021,2023,4,1.0,chimezie metu
1629669,Jaylen Nowell,0.515,0.172,-0.171,2.118,3201.0,2021,2023,4,1.0,jaylen nowell
1630267,Facundo Campazzo,0.49,0.245,1.609,-2.12,2606.0,2020,2021,2,1.0,facundo campazzo
914,Stanley Roberts,0.49,0.245,1.307,-1.416,1710.0,1996,1997,2,1.0,stanley roberts
932,Oliver Miller,0.489,0.163,0.377,0.75,4369.0,1996,1999,4,1.0,oliver miller
1629013,Landry Shamet,0.482,0.161,2.391,-3.973,8386.0,2021,2023,7,0.86,landry shamet
201953,Eric Maynor,0.476,0.159,0.413,0.623,3754.0,2009,2012,4,1.0,eric maynor
1628395,Jordan Bell,0.466,0.155,0.134,1.239,1853.0,2017,2019,3,1.0,jordan bell
201589,Darrell Arthur,0.46,0.153,2.422,-4.117,7182.0,2012,2015,6,1.0,darrell arthur
1901,Dion Glover,0.438,0.146,0.73,-0.243,6058.0,2000,2002,5,1.0,dion glover
101180,Sarunas Jasikevicius,0.432,0.216,-0.366,2.293,2530.0,2005,2006,2,1.0,sarunas jasikevicius
202347,Quincy Pondexter,0.42,0.14,2.154,-3.628,3544.0,2011,2013,5,1.0,quincy pondexter
271,Johnny Newman,0.419,0.14,2.866,-5.289,9720.0,1996,1998,6,1.0,johnny newman
200745,Andrea Bargnani,0.401,0.134,-1.517,4.874,14398.0,2009,2011,8,1.0,andrea bargnani
1628462,Milos Teodosic,0.399,0.399,0.698,-0.301,1134.0,2017,2017,1,1.0,milos teodosic
1629066,Rodions Kurucs,0.394,0.197,1.714,-2.685,1973.0,2018,2019,2,1.0,rodions kurucs
1629216,Gabe Vincent,0.388,0.129,3.183,-6.132,5752.0,2021,2023,5,0.8,gabe vincent
386,Elliot Perry,0.381,0.127,-0.189,1.711,4946.0,1996,1998,5,1.0,elliot perry
1683,Larry Robinson,0.377,0.377,0.22,0.741,632.0,2000,2000,1,1.0,larry robinson
201858,Cartier Martin,0.37,0.123,1.097,-1.325,3147.0,2009,2011,6,1.0,cartier martin
1626162,Kelly Oubre Jr.,0.362,0.121,0.733,-0.503,14052.0,2017,2019,8,1.0,kelly oubre jr.
101153,Mickael Gelabale,0.357,0.357,0.557,-0.111,2348.0,2007,2007,3,1.0,mickael gelabale
101249,John Lucas III,0.352,0.117,0.318,0.432,2528.0,2011,2013,4,1.0,john lucas iii
203210,JaMychal Green,0.337,0.112,-0.4,2.055,8661.0,2018,2020,7,1.0,jamychal green
902,Bimbo Coles,0.335,0.112,0.117,0.845,8040.0,1997,1999,7,1.0,bimbo coles
672,Matt Bullard,0.334,0.111,1.503,-2.394,5000.0,1999,2001,6,1.0,matt bullard
1630551,Justin Champagnie,0.333,0.111,0.16,0.736,1856.0,2021,2024,3,0.67,justin champagnie
1629018,Gary Trent Jr.,0.331,0.11,0.686,-0.499,11592.0,2021,2023,6,0.83,gary trent jr.
2428,Vincent Yarbrough,0.325,0.325,1.051,-1.37,1381.0,2002,2002,1,1.0,vincent yarbrough
1642366,Quinten Post,0.324,0.324,0.324,0.324,685.0,2024,2024,1,0.0,quinten post
1531,Marc Jackson,0.324,0.108,0.36,0.242,7558.0,2000,2002,7,1.0,marc jackson
1853,Anthony Carter,0.314,0.105,0.62,-0.399,10508.0,1999,2001,8,1.0,anthony carter
203998,Bruno Caboclo,0.306,0.153,0.439,-0.004,1042.0,2018,2019,2,1.0,bruno caboclo
1631243,Mouhamed Gueye,0.304,0.304,0.304,0.304,531.0,2024,2024,1,0.0,mouhamed gueye
201958,Rodrigue Beaubois,0.303,0.101,0.387,0.109,2895.0,2010,2012,4,1.0,rodrigue beaubois
1628972,Troy Brown Jr.,0.293,0.098,0.229,0.442,6776.0,2019,2021,6,1.0,troy brown jr.
101155,Ryan Gomes,0.282,0.094,3.8,-7.929,13442.0,2009,2011,7,1.0,ryan gomes
202379,Jeremy Evans,0.28,0.093,-0.312,1.663,2352.0,2011,2013,5,1.0,jeremy evans
101118,Sean May,0.277,0.092,-0.557,2.223,1867.0,2005,2008,4,1.0,sean may
1627853,Ryan Arcidiacono,0.275,0.092,2.045,-3.857,3642.0,2018,2020,4,1.0,ryan arcidiacono
1627777,Georges Niang,0.259,0.086,2.318,-4.546,9368.0,2020,2022,7,0.86,georges niang
203186,Willie Reed,0.257,0.128,-0.175,1.265,854.0,2015,2017,2,1.0,willie reed
1641871,Duop Reath,0.239,0.119,0.365,-0.055,1686.0,2023,2024,2,0.5,duop reath
1627885,Shaquille Harrison,0.232,0.077,0.14,0.446,2634.0,2017,2019,4,1.0,shaquille harrison
203145,Kent Bazemore,0.231,0.077,-0.264,1.386,10259.0,2013,2017,8,1.0,kent bazemore
970,Othella Harrington,0.225,0.075,1.683,-3.177,11433.0,2000,2002,8,1.0,othella harrington
203512,Lucas Nogueira,0.209,0.104,0.041,0.599,640.0,2015,2017,2,1.0,lucas nogueira
202962,Greg Smith,0.202,0.202,-0.012,0.7,1113.0,2012,2012,1,1.0,greg smith
146,Jud Buechler,0.2,0.067,0.57,-0.662,4432.0,1997,1999,6,1.0,jud buechler
958,Vitaly Potapenko,0.198,0.066,0.489,-0.481,10906.0,1998,2000,8,1.0,vitaly potapenko
1629642,Nassir Little,0.191,0.064,0.783,-1.191,3734.0,2021,2023,5,1.0,nassir little
1631133,Jabari Walker,0.188,0.063,-0.175,1.035,3071.0,2022,2024,3,0.67,jabari walker
202327,Ekpe Udoh,0.181,0.06,3.552,-7.684,5570.0,2010,2012,6,1.0,ekpe udoh
101144,Von Wafer,0.173,0.058,-0.174,0.982,2242.0,2008,2011,3,1.0,von wafer
203481,Jeff Withey,0.169,0.084,-0.126,0.857,1342.0,2013,2015,2,1.0,jeff withey
1641737,Adem Bona,0.166,0.166,0.166,0.166,905.0,2024,2024,1,0.0,adem bona
1627824,Guerschon Yabusele,0.163,0.163,0.163,0.163,2381.0,2024,2024,3,0.67,guerschon yabusele
201160,Jason Smith,0.161,0.054,0.259,-0.067,6989.0,2011,2013,8,1.0,jason smith
204028,Tarik Black,0.155,0.077,0.441,-0.513,1031.0,2015,2017,2,1.0,tarik black
203961,Eric Moreland,0.154,0.154,-0.067,0.669,804.0,2017,2017,1,1.0,eric moreland
2260,Jarron Collins,0.152,0.051,3.147,-6.836,8096.0,2005,2007,8,1.0,jarron collins
1631204,Marcus Sasser,0.152,0.076,-0.169,0.903,2158.0,2023,2024,2,0.5,marcus sasser
1641854,Craig Porter Jr.,0.15,0.075,-0.416,1.469,1163.0,2023,2024,2,0.5,craig porter jr.
1631221,Collin Gillespie,0.141,0.071,0.07,0.308,688.0,2023,2024,2,0.5,collin gillespie
1630288,Jeff Dowtin Jr.,0.13,0.065,0.07,0.271,877.0,2022,2024,2,0.5,jeff dowtin jr.
201946,Tyler Hansbrough,0.125,0.042,-1.202,3.221,6173.0,2011,2013,6,1.0,tyler hansbrough
1631157,Ryan Rollins,0.123,0.123,0.123,0.123,818.0,2024,2024,1,0.0,ryan rollins
203544,Pero Antic,0.114,0.114,0.549,-0.901,925.0,2013,2013,1,1.0,pero antic
694,Sam Mack,0.104,0.035,1.458,-3.055,3734.0,1997,1999,4,1.0,sam mack
1627746,Skal Labissiere,0.096,0.048,0.267,-0.305,1810.0,2017,2019,2,1.0,skal labissiere
201161,Daequan Cook,0.09,0.03,1.252,-2.621,5993.0,2009,2011,6,1.0,daequan cook
201175,Glen Davis,0.09,0.03,-0.466,1.389,9958.0,2011,2013,7,1.0,glen davis
1628455,Mike James,0.079,0.039,-0.078,0.444,924.0,2017,2020,2,1.0,mike james
200835,Walter Herrmann,0.073,0.024,-0.677,1.824,1941.0,2006,2008,3,1.0,walter herrmann
1630560,Cam Thomas,0.071,0.024,-1.933,4.746,4978.0,2022,2024,4,0.75,cam thomas
203142,Chris Copeland,0.068,0.034,-0.208,0.712,1129.0,2012,2013,2,1.0,chris copeland
1626150,Andrew Harrison,0.067,0.067,0.535,-1.027,1327.0,2017,2017,1,1.0,andrew harrison
2866,Jackie Butler,0.059,0.059,0.175,-0.21,737.0,2005,2005,1,1.0,jackie butler
203953,Jabari Parker,0.059,0.02,-1.968,4.79,5794.0,2017,2019,4,1.0,jabari parker
201563,Michael Beasley,0.058,0.019,-2.905,6.971,12172.0,2008,2010,8,1.0,michael beasley
1631255,Karlo Matković,0.051,0.051,0.051,0.051,790.0,2024,2024,1,0.0,karlo matković
129,Dino Radja,0.047,0.047,-0.012,0.185,872.0,1996,1996,1,1.0,dino radja
735,Bryant Reeves,0.04,0.013,0.241,-0.429,9604.0,1996,1998,5,1.0,bryant reeves
2556,Marcus Banks,0.032,0.011,0.309,-0.616,5539.0,2004,2006,7,1.0,marcus banks
1641717,Cason Wallace,0.029,0.015,1.153,-2.591,3566.0,2023,2024,2,0.5,cason wallace
2434,Juan Carlos Navarro,0.026,0.026,0.182,-0.339,2116.0,2007,2007,1,1.0,juan carlos navarro
101110,Martell Webster,0.025,0.008,1.537,-3.502,13559.0,2007,2010,8,1.0,martell webster
201611,Henry Walker,0.024,0.008,1.022,-2.305,2392.0,2009,2011,4,1.0,henry walker
2054,Jake Tsakalidis,0.02,0.007,-0.029,0.134,5006.0,2003,2005,7,1.0,jake tsakalidis
1908,Jumaine Jones,0.014,0.005,0.827,-1.884,9502.0,2002,2004,6,1.0,jumaine jones
1714,Robert Traylor,0.009,0.003,0.843,-1.937,6234.0,1998,2000,7,1.0,robert traylor
1594,Rick Brunson,-0.004,-0.001,0.087,-0.217,4224.0,2003,2005,7,1.0,rick brunson
2457,Jannero Pargo,-0.011,-0.004,-0.491,1.108,6624.0,2005,2007,8,1.0,jannero pargo
1023,Emanual Davis,-0.018,-0.006,1.345,-3.201,3937.0,2000,2002,6,1.0,emanual davis
203156,Henry Sims,-0.028,-0.014,-0.223,0.425,1137.0,2013,2015,2,1.0,henry sims
1630215,Jared Butler,-0.039,-0.013,-0.364,0.717,1969.0,2021,2024,3,0.67,jared butler
1444,Lawrence Funderburke,-0.046,-0.015,-2.863,6.526,4705.0,1997,1999,6,1.0,lawrence funderburke
1642349,Ajay Mitchell,-0.052,-0.052,-0.052,-0.052,598.0,2024,2024,1,0.0,ajay mitchell
1630543,Isaiah Jackson,-0.057,-0.019,-0.959,2.047,2348.0,2021,2023,3,1.0,isaiah jackson
101143,Travis Diener,-0.06,-0.02,-0.162,0.176,2608.0,2006,2008,4,1.0,travis diener
2208,Kedrick Brown,-0.06,-0.02,0.459,-1.272,1883.0,2001,2003,3,1.0,kedrick brown
2421,Frank Williams,-0.066,-0.066,0.038,-0.308,711.0,2003,2003,1,1.0,frank williams
107,Dale Ellis,-0.068,-0.023,-0.824,1.697,6688.0,1997,1999,4,1.0,dale ellis
673,Alan Henderson,-0.069,-0.023,-1.547,3.378,11346.0,1996,1998,8,1.0,alan henderson
1630314,Brandon Williams,-0.075,-0.038,-0.177,0.161,1129.0,2021,2024,2,0.5,brandon williams
679,Jason Caffey,-0.076,-0.025,0.53,-1.49,8501.0,1997,1999,7,1.0,jason caffey
201153,Julian Wright,-0.077,-0.026,0.338,-1.047,3045.0,2008,2010,4,1.0,julian wright
1629650,Moses Brown,-0.088,-0.029,-0.733,1.417,1760.0,2021,2023,4,1.0,moses brown
1627823,Juancho Hernangomez,-0.089,-0.03,0.459,-1.369,4428.0,2017,2019,6,1.0,juancho hernangomez
1630811,Keaton Wallace,-0.1,-0.1,-0.1,-0.1,502.0,2024,2024,1,0.0,keaton wallace
202725,Josh Harrellson,-0.101,-0.051,-0.263,0.276,857.0,2011,2013,2,1.0,josh harrellson
1627740,Henry Ellenson,-0.11,-0.055,-0.323,0.385,589.0,2017,2018,2,1.0,henry ellenson
1630540,Miles McBride,-0.111,-0.037,1.347,-3.514,4053.0,2021,2023,4,0.75,miles mcbride
201602,Kyle Weaver,-0.121,-0.121,0.617,-1.842,1165.0,2008,2008,1,1.0,kyle weaver
2294,Charlie Bell,-0.125,-0.042,1.101,-2.984,9148.0,2005,2007,5,1.0,charlie bell
203079,Dion Waiters,-0.139,-0.046,1.459,-3.868,8246.0,2012,2015,6,1.0,dion waiters
1735,Vladimir Stepania,-0.139,-0.046,-0.975,1.813,3727.0,2001,2003,6,1.0,vladimir stepania
202178,Sundiata Gaines,-0.151,-0.05,-0.684,1.091,1310.0,2009,2011,3,1.0,sundiata gaines
417,Sam Mitchell,-0.157,-0.052,-1.173,2.213,8567.0,1997,1999,6,1.0,sam mitchell
202970,Gustavo Ayon,-0.157,-0.052,-0.553,0.766,2257.0,2011,2013,3,1.0,gustavo ayon
1630209,Omer Yurtseven,-0.16,-0.08,-1.342,2.599,1253.0,2021,2023,2,1.0,omer yurtseven
1502,Adonal Foyle,-0.168,-0.056,0.544,-1.83,9932.0,2002,2004,8,1.0,adonal foyle
769,B.J. Armstrong,-0.171,-0.057,-1.032,1.84,2789.0,1997,1999,4,1.0,b.j. armstrong
1544,Chris Crawford,-0.175,-0.058,0.339,-1.374,3815.0,1999,2003,5,1.0,chris crawford
1630625,Dalano Banton,-0.183,-0.061,-0.807,1.272,3143.0,2022,2024,4,0.75,dalano banton
1627098,Malcolm Delaney,-0.191,-0.191,0.14,-0.964,1015.0,2017,2017,1,1.0,malcolm delaney
1629019,Allonzo Trier,-0.198,-0.099,-0.554,0.634,1750.0,2018,2019,2,1.0,allonzo trier
1626273,Marcelo Huertas,-0.232,-0.232,-0.065,-0.62,869.0,2015,2015,1,1.0,marcelo huertas
1847,Thurl Bailey,-0.239,-0.239,-0.118,-0.521,546.0,1998,1998,1,1.0,thurl bailey
202706,Jordan Hamilton,-0.242,-0.081,-0.973,1.462,1977.0,2011,2013,4,1.0,jordan hamilton
202716,Jordan Williams,-0.245,-0.245,-0.244,-0.245,636.0,2011,2011,1,1.0,jordan williams
203093,Terrence Jones,-0.245,-0.082,-2.331,4.623,3395.0,2012,2015,3,1.0,terrence jones
1744,Jerome James,-0.248,-0.083,1.802,-5.031,4719.0,2001,2003,6,1.0,jerome james
1760,Derrick Dial,-0.253,-0.127,-0.483,0.284,502.0,2000,2001,2,1.0,derrick dial
1628412,Frank Mason III,-0.255,-0.128,-0.318,-0.108,1420.0,2017,2018,2,1.0,frank mason iii
1629004,Svi Mykhailiuk,-0.259,-0.086,1.063,-3.343,5391.0,2019,2021,7,0.86,svi mykhailiuk
1915,Evan Eschmeyer,-0.26,-0.087,1.445,-4.239,2005.0,1999,2001,3,1.0,evan eschmeyer
137,Vernon Maxwell,-0.263,-0.088,1.662,-4.755,5369.0,1996,1998,5,1.0,vernon maxwell
1641739,Toumani Camara,-0.27,-0.135,1.489,-4.376,4287.0,2023,2024,2,0.5,toumani camara
203092,Tyler Zeller,-0.276,-0.092,-1.181,1.837,4900.0,2013,2017,4,1.0,tyler zeller
203086,Meyers Leonard,-0.278,-0.093,-1.05,1.521,5061.0,2015,2018,6,1.0,meyers leonard
1629658,Jaylen Hoard,-0.282,-0.141,-0.655,0.589,559.0,2020,2021,2,1.0,jaylen hoard
1562,Gerard King,-0.292,-0.146,-0.469,0.119,1767.0,1999,2000,2,1.0,gerard king
1630182,Josh Green,-0.294,-0.098,1.141,-3.641,6420.0,2020,2022,5,0.8,josh green
203098,John Jenkins,-0.297,-0.297,-0.288,-0.319,1717.0,2018,2018,3,1.0,john jenkins
988,Randy Livingston,-0.302,-0.302,-0.404,-0.063,2283.0,1999,1999,3,1.0,randy livingston
71,Pooh Richardson,-0.308,-0.154,-0.358,-0.193,2324.0,1996,1997,2,1.0,pooh richardson
203960,JaKarr Sampson,-0.32,-0.107,0.014,-1.099,2289.0,2017,2020,4,1.0,jakarr sampson
1631132,Christian Koloko,-0.321,-0.161,0.538,-2.327,1141.0,2022,2024,2,0.5,christian koloko
292,Anthony Miller,-0.322,-0.107,-0.305,-0.362,952.0,1997,1999,3,1.0,anthony miller
101179,Ronnie Price,-0.324,-0.108,0.779,-2.896,4812.0,2007,2009,8,1.0,ronnie price
1720,Michael Doleac,-0.324,-0.108,0.754,-2.839,7824.0,1998,2000,8,1.0,michael doleac
1628397,Ivan Rabb,-0.329,-0.165,-1.273,1.874,1235.0,2017,2018,2,1.0,ivan rabb
938,Rony Seikaly,-0.33,-0.165,-3.075,6.075,4253.0,1996,1997,2,1.0,rony seikaly
201187,Dominic McGuire,-0.33,-0.11,-0.154,-0.741,5342.0,2010,2012,6,1.0,dominic mcguire
278,Stacey Augmon,-0.331,-0.11,0.862,-3.117,8730.0,1996,1998,8,1.0,stacey augmon
1642265,Rob Dillingham,-0.341,-0.341,-0.341,-0.341,514.0,2024,2024,1,0.0,rob dillingham
203089,John Henson,-0.344,-0.115,-1.66,2.728,6206.0,2015,2019,5,1.0,john henson
1630240,Saben Lee,-0.344,-0.115,-0.851,0.838,1758.0,2020,2022,3,1.0,saben lee
1630688,Ish Wainright,-0.347,-0.174,0.992,-3.472,1278.0,2021,2022,2,1.0,ish wainright
1631110,Jeremy Sochan,-0.349,-0.116,0.704,-2.808,5013.0,2022,2024,3,0.67,jeremy sochan
202386,Ben Uzoh,-0.354,-0.177,-0.635,0.299,806.0,2010,2011,2,1.0,ben uzoh
1922,Francisco Elson,-0.358,-0.119,1.391,-4.439,7119.0,2005,2007,7,1.0,francisco elson
1629103,Kelan Martin,-0.36,-0.12,-0.206,-0.719,1268.0,2019,2021,3,1.0,kelan martin
1628411,Wes Iwundu,-0.361,-0.12,2.05,-5.989,3742.0,2018,2020,4,1.0,wes iwundu
201603,Sonny Weems,-0.361,-0.361,-0.274,-0.566,3281.0,2009,2009,3,1.0,sonny weems
1919,Laron Profit,-0.365,-0.122,-0.62,0.23,1530.0,2000,2005,4,1.0,laron profit
1630322,Lindy Waters III,-0.367,-0.122,-0.227,-0.693,2055.0,2021,2023,4,0.75,lindy waters iii
2000,Dedric Willoughby,-0.367,-0.367,-0.522,-0.007,508.0,1999,1999,1,1.0,dedric willoughby
202130,Reggie Williams,-0.368,-0.123,-0.898,0.869,3532.0,2010,2012,4,1.0,reggie williams
201575,Brandon Rush,-0.368,-0.123,-0.364,-0.378,9233.0,2010,2013,6,1.0,brandon rush
201632,Hamed Haddadi,-0.37,-0.123,-0.025,-1.174,769.0,2009,2012,3,1.0,hamed haddadi
1629016,Omari Spellman,-0.371,-0.185,-0.906,0.879,1692.0,2018,2019,2,1.0,omari spellman
1629744,Matt Thomas,-0.377,-0.126,-0.345,-0.453,1227.0,2019,2021,3,1.0,matt thomas
187,Terry Cummings,-0.38,-0.127,-0.853,0.725,3416.0,1997,1999,4,1.0,terry cummings
201595,Joey Dorsey,-0.38,-0.38,-0.527,-0.037,520.0,2010,2010,1,1.0,joey dorsey
289,Ledell Eackles,-0.382,-0.382,-0.536,-0.022,546.0,1997,1997,1,1.0,ledell eackles
1631099,Keegan Murray,-0.384,-0.128,1.927,-5.776,7578.0,2022,2024,3,0.67,keegan murray
1631111,Wendell Moore Jr.,-0.384,-0.384,-0.384,-0.384,500.0,2024,2024,1,0.0,wendell moore jr.
2198,Kwame Brown,-0.384,-0.128,0.198,-1.742,10549.0,2006,2008,8,1.0,kwame brown
200817,Pooh Jeter,-0.385,-0.385,-0.595,0.104,856.0,2010,2010,1,1.0,pooh jeter
1628426,Sasha Vezenkov,-0.387,-0.387,-0.545,-0.02,512.0,2023,2023,1,1.0,sasha vezenkov
2499,Richie Frahm,-0.39,-0.13,-0.172,-0.9,1292.0,2003,2005,3,1.0,richie frahm
365,Derrick McKey,-0.393,-0.131,0.325,-2.067,5406.0,1998,2000,6,1.0,derrick mckey
1641732,Colby Jones,-0.401,-0.401,-0.401,-0.401,515.0,2024,2024,1,0.0,colby jones
2201,Eddy Curry,-0.408,-0.136,-2.481,4.427,12951.0,2002,2004,7,1.0,eddy curry
894,Ricky Pierce,-0.409,-0.204,-0.885,0.702,1695.0,1996,1997,2,1.0,ricky pierce
101132,Linas Kleiza,-0.41,-0.137,0.414,-2.332,8180.0,2010,2012,7,1.0,linas kleiza
1631101,Shaedon Sharpe,-0.41,-0.137,-0.752,0.389,5089.0,2022,2024,3,0.67,shaedon sharpe
288,Armen Gilliam,-0.411,-0.137,-3.21,6.12,5626.0,1997,1999,4,1.0,armen gilliam
2043,Mateen Cleaves,-0.415,-0.415,-0.437,-0.363,1493.0,2005,2005,2,1.0,mateen cleaves
957,Todd Fuller,-0.419,-0.14,-0.114,-1.133,2429.0,1997,1999,4,1.0,todd fuller
101160,Lawrence Roberts,-0.419,-0.419,0.004,-1.406,967.0,2006,2006,1,1.0,lawrence roberts
203962,Josh Huestis,-0.426,-0.426,0.796,-3.279,980.0,2017,2017,1,1.0,josh huestis
240,Brooks Thompson,-0.429,-0.429,-0.526,-0.201,1059.0,1996,1996,1,1.0,brooks thompson
1631213,Tyrese Martin,-0.435,-0.435,-0.435,-0.435,1314.0,2024,2024,1,0.0,tyrese martin
203101,Miles Plumlee,-0.437,-0.146,-1.337,1.661,3751.0,2013,2017,3,1.0,miles plumlee
202388,Donald Sloan,-0.439,-0.146,-0.609,-0.043,2643.0,2012,2015,4,1.0,donald sloan
201158,Marco Belinelli,-0.445,-0.148,1.349,-4.633,11744.0,2009,2011,8,1.0,marco belinelli
1629618,Jalen Pickett,-0.451,-0.451,-0.451,-0.451,666.0,2024,2024,1,0.0,jalen pickett
1565,Michael Stewart,-0.453,-0.151,1.301,-4.547,2784.0,1997,1999,4,1.0,michael stewart
2101,Paul McPherson,-0.453,-0.453,-0.474,-0.403,594.0,2000,2000,1,1.0,paul mcpherson
1627738,Deyonta Davis,-0.458,-0.458,-1.033,0.883,942.0,2017,2017,1,1.0,deyonta davis
2553,Jarvis Hayes,-0.458,-0.153,0.296,-2.217,9902.0,2007,2009,7,1.0,jarvis hayes
1641716,Jarace Walker,-0.459,-0.23,-0.567,-0.209,1525.0,2023,2024,2,0.5,jarace walker
201178,Kyrylo Fesenko,-0.462,-0.231,0.585,-2.905,862.0,2009,2010,2,1.0,kyrylo fesenko
1626170,Jerian Grant,-0.467,-0.156,-0.261,-0.948,3885.0,2015,2018,3,1.0,jerian grant
1631172,Ousmane Dieng,-0.469,-0.156,-0.345,-0.759,1339.0,2022,2024,3,0.67,ousmane dieng
1110,Mark Strickland,-0.474,-0.158,-2.335,3.867,3241.0,1997,1999,5,1.0,mark strickland
1630568,Luka Garza,-0.478,-0.159,-0.765,0.19,852.0,2021,2024,3,0.67,luka garza
1630233,Nathan Knight,-0.478,-0.159,-0.928,0.572,836.0,2020,2022,3,1.0,nathan knight
2431,David Andersen,-0.479,-0.239,-0.732,0.111,1260.0,2009,2010,2,1.0,david andersen
1730,Brian Skinner,-0.486,-0.162,-0.445,-0.582,7571.0,1998,2000,8,1.0,brian skinner
2580,Travis Hansen,-0.49,-0.49,-0.082,-1.441,508.0,2003,2003,1,1.0,travis hansen
1629185,Chris Chiozza,-0.494,-0.165,-0.312,-0.918,1004.0,2019,2021,3,1.0,chris chiozza
1838,Tyrone Nesby,-0.495,-0.165,1.152,-4.337,6661.0,1998,2000,4,1.0,tyrone nesby
201944,Terrence Williams,-0.496,-0.165,-0.878,0.397,2918.0,2010,2012,4,1.0,terrence williams
201591,DJ White,-0.498,-0.249,-1.121,0.957,1782.0,2010,2011,2,1.0,dj white
1627819,Isaiah Taylor,-0.498,-0.498,0.176,-2.07,1166.0,2017,2017,1,1.0,isaiah taylor
418,Scott Brooks,-0.503,-0.252,-0.843,0.289,557.0,1996,1997,2,1.0,scott brooks
1628463,Tyler Cavanaugh,-0.507,-0.507,-0.529,-0.456,519.0,2017,2017,1,1.0,tyler cavanaugh
1133,Corey Beck,-0.509,-0.509,-0.248,-1.118,738.0,1997,1997,1,1.0,corey beck
202732,DeAndre Liggins,-0.509,-0.509,-0.504,-0.52,1014.0,2012,2012,2,1.0,deandre liggins
203102,Arnett Moultrie,-0.513,-0.513,-0.9,0.391,540.0,2012,2012,1,1.0,arnett moultrie
1629308,Juan Toscano-Anderson,-0.515,-0.172,-0.7,-0.084,3074.0,2019,2021,4,1.0,juan toscano-anderson
1630537,Chris Duarte,-0.518,-0.173,0.883,-3.787,3157.0,2021,2023,3,1.0,chris duarte
2226,Will Solomon,-0.525,-0.525,-0.804,0.126,1591.0,2008,2008,2,1.0,will solomon
203922,Glenn Robinson III,-0.531,-0.177,-0.077,-1.591,3614.0,2015,2018,5,1.0,glenn robinson iii
203561,Brandon Davies,-0.531,-0.531,0.006,-1.784,576.0,2013,2013,1,1.0,brandon davies
2599,Brandon Hunter,-0.533,-0.267,-0.614,-0.345,620.0,2003,2004,2,1.0,brandon hunter
1628515,Isaiah Briscoe,-0.533,-0.533,-0.239,-1.218,558.0,2018,2018,1,1.0,isaiah briscoe
1629671,Miye Oni,-0.539,-0.539,-0.098,-1.568,518.0,2020,2020,1,1.0,miye oni
1629726,Garrison Mathews,-0.542,-0.181,1.785,-5.971,5476.0,2019,2021,6,0.83,garrison mathews
1630173,Precious Achiuwa,-0.543,-0.181,-1.794,2.376,6388.0,2022,2024,5,0.8,precious achiuwa
203459,Allen Crabbe,-0.547,-0.182,1.046,-4.266,6090.0,2015,2018,4,1.0,allen crabbe
1641713,GG Jackson,-0.547,-0.273,-0.764,-0.04,1692.0,2023,2024,2,0.5,gg jackson
716,Rumeal Robinson,-0.554,-0.554,-0.583,-0.488,502.0,1996,1996,1,1.0,rumeal robinson
1631100,AJ Griffin,-0.557,-0.557,-0.29,-1.178,1404.0,2022,2022,1,1.0,aj griffin
1628388,T.J. Leaf,-0.559,-0.186,-0.912,0.263,1204.0,2017,2019,3,1.0,t.j. leaf
1641787,Tosan Evbuomwan,-0.566,-0.283,-0.589,-0.512,1031.0,2023,2024,2,0.5,tosan evbuomwan
202376,Luke Harangody,-0.567,-0.283,-0.452,-0.834,873.0,2010,2011,2,1.0,luke harangody
1521,Jacque Vaughn,-0.583,-0.194,-0.359,-1.105,10359.0,2001,2003,8,1.0,jacque vaughn
1627774,Jake Layman,-0.586,-0.195,0.036,-2.036,2690.0,2018,2020,4,1.0,jake layman
1607,Troy Hudson,-0.594,-0.198,-2.545,3.959,10627.0,2001,2003,8,1.0,troy hudson
112,Dontonio Wingfield,-0.598,-0.598,-0.576,-0.65,564.0,1996,1996,1,1.0,dontonio wingfield
201967,Dante Cunningham,-0.599,-0.2,-0.659,-0.458,11572.0,2009,2011,8,1.0,dante cunningham
1628393,Jawun Evans,-0.603,-0.603,-0.007,-1.993,778.0,2017,2017,1,1.0,jawun evans
713,Chris Carr,-0.606,-0.202,0.078,-2.202,3908.0,1996,1998,5,1.0,chris carr
202087,Alonzo Gee,-0.607,-0.202,0.548,-3.3,8145.0,2010,2012,5,1.0,alonzo gee
101113,Ike Diogu,-0.611,-0.204,-1.58,1.65,2778.0,2006,2008,5,1.0,ike diogu
1629641,Romeo Langford,-0.611,-0.204,0.738,-3.759,2269.0,2020,2022,4,1.0,romeo langford
203111,Orlando Johnson,-0.612,-0.306,-0.624,-0.582,1009.0,2012,2013,2,1.0,orlando johnson
201,Chris Dudley,-0.613,-0.204,0.927,-4.208,4778.0,1996,1998,6,1.0,chris dudley
203895,Jordan McRae,-0.615,-0.308,-0.958,0.185,1116.0,2018,2019,2,1.0,jordan mcrae
203105,Festus Ezeli,-0.625,-0.313,-0.228,-1.552,1891.0,2012,2015,2,1.0,festus ezeli
1630570,Trendon Watford,-0.627,-0.209,-2.13,2.883,3821.0,2022,2024,4,0.75,trendon watford
203088,Kendall Marshall,-0.636,-0.212,-0.387,-1.218,2666.0,2012,2015,3,1.0,kendall marshall
200749,Shelden Williams,-0.644,-0.215,-0.824,-0.224,5586.0,2008,2010,6,1.0,shelden williams
202412,Manny Harris,-0.652,-0.326,-0.772,-0.373,1389.0,2010,2011,2,1.0,manny harris
1641824,Matas Buzelis,-0.653,-0.653,-0.653,-0.653,1512.0,2024,2024,1,0.0,matas buzelis
1642259,Alex Sarr,-0.654,-0.654,-0.654,-0.654,1816.0,2024,2024,1,0.0,alex sarr
1641794,Dillon Jones,-0.655,-0.655,-0.655,-0.655,551.0,2024,2024,1,0.0,dillon jones
200767,Josh Boone,-0.669,-0.223,-1.312,0.831,4480.0,2006,2008,4,1.0,josh boone
180,John Crotty,-0.67,-0.223,-1.189,0.542,3424.0,1999,2001,6,1.0,john crotty
674,Reggie Jordan,-0.67,-0.223,-0.306,-1.518,1024.0,1997,1999,3,1.0,reggie jordan
202399,Jeff Adrien,-0.675,-0.338,-1.576,1.426,1672.0,2012,2013,2,1.0,jeff adrien
203113,Quincy Miller,-0.677,-0.677,-0.289,-1.584,790.0,2013,2013,1,1.0,quincy miller
2055,Mamadou N'diaye,-0.683,-0.341,-0.664,-0.727,735.0,2002,2003,2,1.0,mamadou n'diaye
1629643,Chuma Okeke,-0.686,-0.229,-0.383,-1.393,3835.0,2020,2022,4,1.0,chuma okeke
201623,Semih Erden,-0.688,-0.344,-0.26,-1.689,928.0,2010,2011,2,1.0,semih erden
202,Gary Grant,-0.688,-0.344,-1.397,0.967,725.0,1996,1997,2,1.0,gary grant
202346,Dominique Jones,-0.69,-0.345,-1.014,0.065,604.0,2011,2012,2,1.0,dominique jones
1629677,Luka Samanic,-0.69,-0.345,-0.523,-1.079,711.0,2020,2023,2,1.0,luka samanic
1532,Jerald Honeycutt,-0.691,-0.691,-0.569,-0.975,528.0,1997,1997,1,1.0,jerald honeycutt
2484,Devin Brown,-0.692,-0.231,-1.102,0.264,8919.0,2004,2006,7,1.0,devin brown
1629076,Tyler Cook,-0.694,-0.347,-0.919,-0.171,638.0,2020,2021,2,1.0,tyler cook
1630184,Kira Lewis Jr.,-0.696,-0.232,-0.702,-0.683,1741.0,2021,2023,4,1.0,kira lewis jr.
173,Keith Askins,-0.697,-0.232,1.927,-6.82,2867.0,1996,1998,3,1.0,keith askins
2064,Khalid El-Amin,-0.698,-0.698,-0.685,-0.728,935.0,2000,2000,1,1.0,khalid el-amin
1627786,Troy Williams,-0.701,-0.351,-0.657,-0.803,620.0,2017,2018,2,1.0,troy williams
200761,Shawne Williams,-0.705,-0.235,0.908,-4.469,4117.0,2010,2013,5,1.0,shawne williams
1630197,Aleksej Pokusevski,-0.705,-0.235,-1.186,0.416,3428.0,2021,2023,4,1.0,aleksej pokusevski
333,Kevin Gamble,-0.708,-0.708,-0.897,-0.268,955.0,1996,1996,1,1.0,kevin gamble
1642274,Yves Missi,-0.711,-0.711,-0.711,-0.711,1956.0,2024,2024,1,0.0,yves missi
200797,Ryan Hollins,-0.714,-0.238,0.062,-2.524,5518.0,2012,2015,8,1.0,ryan hollins
1629033,Theo Pinson,-0.716,-0.239,-0.633,-0.91,901.0,2018,2022,3,1.0,theo pinson
1641707,Taylor Hendricks,-0.717,-0.717,-0.527,-1.159,856.0,2023,2023,1,1.0,taylor hendricks
1892,Trajan Langdon,-0.717,-0.359,-0.551,-1.107,1593.0,2000,2001,2,1.0,trajan langdon
348,Mitchell Butler,-0.718,-0.239,-0.256,-1.798,1638.0,1996,1998,4,1.0,mitchell butler
203898,Tyler Ennis,-0.72,-0.36,-0.594,-1.013,1339.0,2015,2017,2,1.0,tyler ennis
355,Vincent Askew,-0.72,-0.36,-0.075,-2.225,1286.0,1996,1997,2,1.0,vincent askew
2810,Andre Brown,-0.721,-0.36,-0.932,-0.229,557.0,2006,2007,2,1.0,andre brown
2761,Jackson Vroman,-0.726,-0.363,0.177,-2.833,1114.0,2004,2005,2,1.0,jackson vroman
203094,Andrew Nicholson,-0.736,-0.245,-1.258,0.483,3246.0,2012,2015,3,1.0,andrew nicholson
203133,Robbie Hummel,-0.739,-0.739,-0.681,-0.875,657.0,2013,2013,1,1.0,robbie hummel
2261,Kenny Satterfield,-0.742,-0.371,-0.69,-0.863,1061.0,2001,2002,2,1.0,kenny satterfield
2130,Mike Penberthy,-0.748,-0.748,-0.881,-0.439,848.0,2000,2000,1,1.0,mike penberthy
1626143,Jahlil Okafor,-0.749,-0.25,-1.892,1.919,3691.0,2018,2020,5,1.0,jahlil okafor
1629685,Dylan Windler,-0.75,-0.375,-0.666,-0.947,972.0,2020,2021,2,1.0,dylan windler
201145,Jeff Green,-0.751,-0.25,-0.905,-0.393,19736.0,2013,2017,8,1.0,jeff green
1629065,Ky Bowman,-0.754,-0.754,-0.278,-1.866,1017.0,2019,2019,1,1.0,ky bowman
1511,Johnny Taylor,-0.755,-0.755,-0.194,-2.067,724.0,1998,1998,1,1.0,johnny taylor
1960,Milt Palacio,-0.755,-0.252,-0.778,-0.7,8419.0,1999,2001,7,1.0,milt palacio
1545,DeJuan Wheat,-0.756,-0.756,-0.864,-0.502,589.0,1998,1998,1,1.0,dejuan wheat
2573,Maciej Lampe,-0.765,-0.382,-0.764,-0.767,606.0,2003,2004,2,1.0,maciej lampe
1630231,KJ Martin,-0.766,-0.255,-1.359,0.617,6677.0,2021,2023,5,0.8,kj martin
201986,Nando De Colo,-0.771,-0.385,-1.185,0.196,1415.0,2012,2013,2,1.0,nando de colo
1642258,Zaccharie Risacher,-0.771,-0.771,-0.771,-0.771,1845.0,2024,2024,1,0.0,zaccharie risacher
1641842,Ronald Holland II,-0.774,-0.774,-0.774,-0.774,1264.0,2024,2024,1,0.0,ronald holland ii
1630611,Gui Santos,-0.781,-0.781,-0.781,-0.781,762.0,2024,2024,1,0.0,gui santos
202337,Luke Babbitt,-0.785,-0.262,-0.105,-2.372,3301.0,2012,2015,5,1.0,luke babbitt
1917,Wang Zhi-zhi,-0.785,-0.392,-0.895,-0.529,1004.0,2001,2002,2,1.0,wang zhi-zhi
1628391,D.J. Wilson,-0.785,-0.262,-0.724,-0.928,1680.0,2018,2020,3,1.0,d.j. wilson
1630639,A.J. Lawson,-0.786,-0.393,-0.838,-0.667,797.0,2023,2024,2,0.5,a.j. lawson
1125,Larry Stewart,-0.794,-0.794,-0.391,-1.733,980.0,1996,1996,1,1.0,larry stewart
982,Martin Muursepp,-0.795,-0.398,-0.707,-1.0,951.0,1996,1997,2,1.0,martin muursepp
32,Clifford Rozier,-0.795,-0.795,-0.942,-0.453,735.0,1996,1996,1,1.0,clifford rozier
1766,Maceo Baston,-0.795,-0.398,-0.964,-0.401,620.0,2006,2008,2,1.0,maceo baston
200769,Shannon Brown,-0.798,-0.266,-0.623,-1.206,7235.0,2011,2013,8,1.0,shannon brown
994,Jamie Feick,-0.8,-0.267,-1.219,0.179,4168.0,1997,1999,4,1.0,jamie feick
1489,Lionel Simmons,-0.803,-0.803,-1.042,-0.245,521.0,1996,1996,1,1.0,lionel simmons
203464,Brandon Paul,-0.808,-0.808,-0.533,-1.451,576.0,2017,2017,1,1.0,brandon paul
203710,C.J. Williams,-0.81,-0.81,-0.544,-1.432,707.0,2017,2017,1,1.0,c.j. williams
1630192,Zeke Nnaji,-0.81,-0.27,-0.466,-1.612,3006.0,2021,2023,5,0.8,zeke nnaji
1629139,Yuta Watanabe,-0.811,-0.27,-1.008,-0.351,2563.0,2020,2022,4,1.0,yuta watanabe
1569,Keith Closs,-0.811,-0.405,-0.946,-0.495,1563.0,1997,1999,2,1.0,keith closs
1629117,Wenyen Gabriel,-0.814,-0.271,-0.226,-2.186,1861.0,2020,2022,4,1.0,wenyen gabriel
1631230,Dominick Barlow,-0.818,-0.273,-0.823,-0.805,1202.0,2022,2024,3,0.67,dominick barlow
1630235,Trent Forrest,-0.82,-0.273,-0.645,-1.229,1761.0,2020,2022,4,1.0,trent forrest
1626148,Anthony Brown,-0.831,-0.831,-0.279,-2.117,597.0,2015,2015,1,1.0,anthony brown
2062,A.J. Guyton,-0.836,-0.418,-0.894,-0.701,1230.0,2000,2001,2,1.0,a.j. guyton
203995,Vasilije Micic,-0.84,-0.42,-0.652,-1.279,1959.0,2023,2024,2,0.0,vasilije micic
202723,Malcolm Lee,-0.851,-0.425,-0.706,-1.189,531.0,2011,2012,2,1.0,malcolm lee
1627752,Taurean Prince,-0.852,-0.284,0.706,-4.49,13420.0,2017,2019,8,0.88,taurean prince
201189,Aaron Gray,-0.857,-0.286,-0.717,-1.185,3847.0,2009,2011,7,1.0,aaron gray
2739,Luke Jackson,-0.858,-0.429,-0.812,-0.967,545.0,2005,2007,2,1.0,luke jackson
202341,James Anderson,-0.859,-0.286,-0.648,-1.352,4321.0,2010,2012,5,1.0,james anderson
1630241,Sam Merrill,-0.866,-0.289,-0.832,-0.943,2700.0,2020,2024,3,0.67,sam merrill
709,Ed O'Bannon,-0.868,-0.868,-0.53,-1.656,806.0,1996,1996,1,1.0,ed o'bannon
2454,Junior Harrington,-0.868,-0.289,1.129,-5.528,3088.0,2002,2006,3,1.0,junior harrington
200784,Bobby Jones,-0.876,-0.438,-0.441,-1.893,866.0,2006,2007,2,1.0,bobby jones
202698,Chris Singleton,-0.884,-0.295,1.544,-6.548,2606.0,2011,2013,3,1.0,chris singleton
2407,Jared Jeffries,-0.889,-0.296,2.447,-8.673,11899.0,2004,2006,8,1.0,jared jeffries
1631115,Orlando Robinson,-0.892,-0.297,-1.16,-0.265,1497.0,2022,2024,3,0.67,orlando robinson
203085,Austin Rivers,-0.896,-0.299,2.229,-8.186,12217.0,2017,2019,8,1.0,austin rivers
202687,Bismack Biyombo,-0.902,-0.301,-3.093,4.209,11164.0,2013,2017,8,1.0,bismack biyombo
101182,Donell Taylor,-0.906,-0.453,-0.914,-0.886,831.0,2005,2006,2,1.0,donell taylor
2254,Loren Woods,-0.908,-0.303,-0.778,-1.21,2393.0,2002,2004,5,1.0,loren woods
967,Brian Evans,-0.91,-0.91,-0.817,-1.128,893.0,1997,1997,1,1.0,brian evans
1629713,Justin James,-0.912,-0.456,-0.963,-0.793,544.0,2019,2020,2,1.0,justin james
1630264,Anthony Gill,-0.913,-0.304,-0.624,-1.587,2169.0,2020,2022,5,0.8,anthony gill
1630346,Matt Ryan,-0.916,-0.458,-0.641,-1.559,699.0,2022,2023,2,1.0,matt ryan
1627767,Cheick Diallo,-0.917,-0.306,-2.916,3.748,1958.0,2017,2019,3,1.0,cheick diallo
1365,Xavier McDaniel,-0.928,-0.928,-0.51,-1.904,1172.0,1996,1996,1,1.0,xavier mcdaniel
706,Jerome Allen,-0.929,-0.929,-0.649,-1.582,942.0,1996,1996,1,1.0,jerome allen
916,Corie Blount,-0.93,-0.31,-0.582,-1.742,7622.0,1996,1998,8,1.0,corie blount
201151,Acie Law,-0.931,-0.31,-1.157,-0.403,2387.0,2008,2010,4,1.0,acie law
1626147,Justin Anderson,-0.934,-0.311,-1.029,-0.711,1950.0,2015,2018,4,1.0,justin anderson
1641765,Olivier-Maxence Prosper,-0.94,-0.47,-1.161,-0.425,918.0,2023,2024,2,0.5,olivier-maxence prosper
201576,Anthony Randolph,-0.944,-0.315,-1.866,1.206,3838.0,2010,2012,6,1.0,anthony randolph
101185,Rawle Marshall,-0.944,-0.472,-0.726,-1.455,602.0,2005,2006,2,1.0,rawle marshall
1627820,Tyrone Wallace,-0.945,-0.473,-0.095,-2.929,1478.0,2017,2018,2,1.0,tyrone wallace
1924,Lee Nailon,-0.949,-0.316,-1.591,0.547,5816.0,2000,2002,6,1.0,lee nailon
2230,Maurice Evans,-0.952,-0.317,-0.433,-2.163,10858.0,2004,2006,8,1.0,maurice evans
101261,Andre Owens,-0.959,-0.479,-0.768,-1.405,600.0,2005,2007,2,1.0,andre owens
181,Kenny Smith,-0.962,-0.962,-1.376,0.005,763.0,1996,1996,1,1.0,kenny smith
77,Doug Overton,-0.964,-0.321,-1.006,-0.866,3102.0,1996,1998,6,1.0,doug overton
1038,Juaquin Hawkins,-0.968,-0.968,-0.635,-1.747,679.0,2002,2002,1,1.0,juaquin hawkins
359,Chucky Brown,-0.971,-0.324,-0.346,-2.428,4597.0,1998,2000,5,1.0,chucky brown
200760,Rodney Carney,-0.974,-0.325,-0.184,-2.817,4593.0,2008,2010,5,1.0,rodney carney
35,Eric Riley,-0.975,-0.487,-0.71,-1.593,875.0,1997,1998,2,1.0,eric riley
710,David Vaughn,-0.978,-0.489,-1.121,-0.646,786.0,1996,1997,2,1.0,david vaughn
753,Randy Brown,-0.979,-0.326,-1.029,-0.863,6470.0,1996,1998,6,1.0,randy brown
2435,Mario Kasun,-0.981,-0.491,-0.734,-1.557,564.0,2004,2005,2,1.0,mario kasun
2366,Mike Wilks,-0.981,-0.327,-0.866,-1.248,1842.0,2004,2006,4,1.0,mike wilks
1753,Toby Bailey,-0.982,-0.491,-0.89,-1.196,699.0,1998,1999,2,1.0,toby bailey
1722,Michael Dickerson,-0.985,-0.328,1.5,-6.783,7281.0,1998,2000,3,1.0,michael dickerson
201604,Chris Douglas-Roberts,-0.986,-0.329,-0.883,-1.224,4212.0,2009,2013,4,1.0,chris douglas-roberts
462,J.R. Reid,-0.989,-0.33,-0.624,-1.84,2746.0,1997,1999,3,1.0,j.r. reid
1077,Ray Owes,-0.989,-0.989,-0.955,-1.069,593.0,1996,1996,1,1.0,ray owes
1762,Tremaine Fowlkes,-0.99,-0.33,-0.487,-2.163,1166.0,2001,2003,3,1.0,tremaine fowlkes
1734,Sam Jacobson,-1.005,-1.005,-0.839,-1.391,676.0,1999,1999,1,1.0,sam jacobson
203585,Rodney McGruder,-1.006,-0.335,0.229,-3.888,4003.0,2017,2019,5,1.0,rodney mcgruder
1641738,Kobe Brown,-1.02,-0.51,-0.958,-1.165,668.0,2023,2024,2,0.5,kobe brown
2412,Jiri Welsch,-1.021,-0.34,-0.197,-2.943,4601.0,2002,2004,4,1.0,jiri welsch
202724,Charles Jenkins,-1.029,-0.515,-1.123,-0.81,1335.0,2011,2012,2,1.0,charles jenkins
1629599,Amir Coffey,-1.042,-0.347,-0.471,-2.374,5800.0,2020,2022,5,0.8,amir coffey
1628413,Jonah Bolden,-1.044,-1.044,-0.998,-1.151,638.0,2018,2018,1,1.0,jonah bolden
201963,Christian Eyenga,-1.046,-1.046,-0.75,-1.737,946.0,2010,2010,1,1.0,christian eyenga
1641810,Antonio Reeves,-1.049,-1.049,-1.049,-1.049,660.0,2024,2024,1,0.0,antonio reeves
203515,Phil Pressey,-1.052,-0.526,-0.669,-1.945,1415.0,2013,2015,2,1.0,phil pressey
200759,Cedric Simmons,-1.053,-1.053,-0.734,-1.797,533.0,2006,2006,1,1.0,cedric simmons
1630237,Anthony Lamb,-1.053,-0.527,-0.528,-2.28,1612.0,2020,2022,2,1.0,anthony lamb
2452,J.R. Bremer,-1.058,-0.529,-1.181,-0.772,1943.0,2002,2003,2,1.0,j.r. bremer
201238,Mario West,-1.059,-0.53,-0.694,-1.912,539.0,2007,2008,2,1.0,mario west
1630541,Moses Moody,-1.061,-0.354,-0.706,-1.888,4233.0,2021,2023,4,0.75,moses moody
1985,Zendon Hamilton,-1.064,-0.532,-2.044,1.222,1317.0,2001,2003,2,1.0,zendon hamilton
203103,Perry Jones III,-1.064,-0.532,-0.993,-1.227,1044.0,2012,2013,2,1.0,perry jones iii
200777,Joel Freeland,-1.066,-0.533,-1.011,-1.194,1207.0,2012,2013,2,1.0,joel freeland
100,Tim Legler,-1.068,-0.534,-0.764,-1.775,661.0,1998,1999,2,1.0,tim legler
1630561,David Duke Jr.,-1.069,-0.534,-0.977,-1.282,569.0,2021,2022,2,1.0,david duke jr.
1642367,Jonathan Mogbo,-1.076,-1.076,-1.076,-1.076,1285.0,2024,2024,1,0.0,jonathan mogbo
1629035,Carsen Edwards,-1.081,-0.541,-0.996,-1.28,627.0,2019,2020,2,1.0,carsen edwards
1629667,Jalen McDaniels,-1.082,-0.361,-0.159,-3.236,4544.0,2021,2023,5,1.0,jalen mcdaniels
435,Carlos Rogers,-1.086,-0.362,-2.388,1.952,3419.0,1996,1999,4,1.0,carlos rogers
2857,Andre Barrett,-1.087,-0.544,-1.005,-1.279,762.0,2004,2005,2,1.0,andre barrett
1628425,Sterling Brown,-1.093,-0.364,-1.249,-0.728,4431.0,2019,2021,5,1.0,sterling brown
1641740,Jaylen Clark,-1.098,-1.098,-1.098,-1.098,520.0,2024,2024,1,0.0,jaylen clark
1627755,Tyler Ulis,-1.101,-1.101,-0.669,-2.107,1661.0,2017,2017,1,1.0,tyler ulis
200814,Tarence Kinsey,-1.103,-0.552,-0.941,-1.481,1240.0,2006,2008,2,1.0,tarence kinsey
2742,Sebastian Telfair,-1.103,-0.368,-0.82,-1.762,10834.0,2009,2011,8,1.0,sebastian telfair
1642263,Reed Sheppard,-1.105,-1.105,-1.105,-1.105,655.0,2024,2024,1,0.0,reed sheppard
203530,Joffrey Lauvergne,-1.108,-0.554,-2.828,2.907,1572.0,2015,2017,2,1.0,joffrey lauvergne
456,Chuck Person,-1.109,-0.37,0.12,-3.976,2782.0,1997,1999,3,1.0,chuck person
201446,Mike Taylor,-1.111,-1.111,-0.969,-1.444,770.0,2008,2008,1,1.0,mike taylor
200811,Lou Amundson,-1.113,-0.371,-0.555,-2.413,4224.0,2009,2011,6,1.0,lou amundson
1641741,Ricky Council IV,-1.114,-0.557,-1.446,-0.341,1536.0,2023,2024,2,0.5,ricky council iv
1630219,Skylar Mays,-1.115,-0.372,-1.733,0.325,925.0,2020,2023,3,1.0,skylar mays
200793,Dee Brown,-1.117,-0.558,-0.961,-1.481,711.0,2006,2008,2,1.0,dee brown
1628981,Bruno Fernando,-1.126,-0.375,-1.344,-0.618,2025.0,2019,2022,4,1.0,bruno fernando
1629126,Deonte Burton,-1.128,-0.564,-0.765,-1.974,595.0,2018,2019,2,1.0,deonte burton
2044,Jason Collier,-1.132,-0.377,-1.232,-0.898,2072.0,2000,2003,4,1.0,jason collier
1629604,CJ Elleby,-1.134,-1.134,-0.645,-2.273,1172.0,2021,2021,1,1.0,cj elleby
101194,Anthony Roberson,-1.135,-0.568,-1.288,-0.781,502.0,2006,2008,2,1.0,anthony roberson
1626155,Sam Dekker,-1.139,-0.57,-1.266,-0.843,1673.0,2017,2018,2,1.0,sam dekker
695,Eldridge Recasner,-1.139,-0.38,-1.406,-0.516,3764.0,1997,2000,4,1.0,eldridge recasner
1626208,Keifer Sykes,-1.152,-1.152,-0.76,-2.066,566.0,2021,2021,1,1.0,keifer sykes
1628539,Mychal Mulder,-1.158,-0.386,-0.384,-2.965,1211.0,2019,2021,3,1.0,mychal mulder
1631367,Jacob Gilyard,-1.16,-1.16,-1.339,-0.742,697.0,2023,2023,1,1.0,jacob gilyard
203187,Chris Johnson,-1.161,-0.581,-0.214,-3.371,1642.0,2013,2015,2,1.0,chris johnson
1629614,Andrew Nembhard,-1.162,-0.387,0.726,-5.567,5648.0,2022,2024,3,0.67,andrew nembhard
1631116,Patrick Baldwin Jr.,-1.162,-0.581,-1.303,-0.832,720.0,2022,2023,2,1.0,patrick baldwin jr.
203112,Quincy Acy,-1.172,-0.391,-1.097,-1.346,3424.0,2012,2015,4,1.0,quincy acy
1630586,Usman Garuba,-1.175,-0.587,-1.211,-1.091,1208.0,2021,2022,2,1.0,usman garuba
1916,Calvin Booth,-1.177,-0.392,-0.617,-2.485,4268.0,2005,2007,8,1.0,calvin booth
1630678,Terry Taylor,-1.177,-0.589,-1.524,-0.369,976.0,2021,2022,2,1.0,terry taylor
1628990,Chandler Hutchison,-1.179,-0.393,-0.908,-1.814,1765.0,2018,2020,3,1.0,chandler hutchison
1002,Reggie Geary,-1.179,-0.589,-0.445,-2.891,930.0,1996,1997,2,1.0,reggie geary
1642264,Stephon Castle,-1.182,-1.182,-1.182,-1.182,2163.0,2024,2024,1,0.0,stephon castle
1642345,Oso Ighodaro,-1.19,-1.19,-1.19,-1.19,1043.0,2024,2024,1,0.0,oso ighodaro
200771,Sergio Rodriguez,-1.191,-0.397,-1.92,0.512,3764.0,2007,2009,4,1.0,sergio rodriguez
2446,Rasual Butler,-1.192,-0.397,0.594,-5.357,13674.0,2006,2008,8,1.0,rasual butler
154,Adrian Caldwell,-1.195,-1.195,-0.845,-2.011,572.0,1996,1996,1,1.0,adrian caldwell
201965,Jeff Ayres,-1.195,-0.398,-1.304,-0.942,1725.0,2009,2013,3,1.0,jeff ayres
140,Donald Royal,-1.198,-0.599,-0.628,-2.529,1184.0,1996,1997,2,1.0,donald royal
1122,Dominique Wilkins,-1.21,-0.605,-3.242,3.533,2198.0,1996,1998,2,1.0,dominique wilkins
85,Brent Price,-1.212,-0.404,-1.025,-1.65,2956.0,1996,1998,4,1.0,brent price
1898,Cal Bowdler,-1.221,-0.407,-0.904,-1.961,1375.0,1999,2001,3,1.0,cal bowdler
1630563,Joshua Primo,-1.224,-1.224,-0.539,-2.82,965.0,2021,2021,1,1.0,joshua primo
2074,Jabari Smith,-1.232,-1.232,-1.128,-1.476,648.0,2004,2004,1,1.0,jabari smith
95,Mark Bryant,-1.233,-0.411,-0.599,-2.713,5239.0,1996,1998,5,1.0,mark bryant
971,Mark Hendrickson,-1.241,-0.414,-0.966,-1.883,1427.0,1996,1998,3,1.0,mark hendrickson
1627737,Marquese Chriss,-1.243,-0.414,-2.615,1.958,3570.0,2018,2021,4,1.0,marquese chriss
1043,Amal McCaskill,-1.245,-1.245,-0.923,-1.994,631.0,2003,2003,1,1.0,amal mccaskill
201146,Yi Jianlian,-1.248,-0.416,-0.639,-2.669,6031.0,2009,2011,5,1.0,yi jianlian
201570,Joe Alexander,-1.256,-1.256,-1.072,-1.687,714.0,2008,2008,1,1.0,joe alexander
1519,John Thomas,-1.266,-0.422,0.284,-4.883,2125.0,1997,1999,4,1.0,john thomas
2766,Antonio Burks,-1.267,-0.633,-1.186,-1.454,788.0,2004,2005,2,1.0,antonio burks
328,Rick Mahorn,-1.267,-0.633,-0.795,-2.366,926.0,1996,1997,2,1.0,rick mahorn
101146,Roko Ukic,-1.269,-1.269,-1.266,-1.273,893.0,2008,2008,1,1.0,roko ukic
310,Bobby Hurley,-1.271,-0.635,-0.825,-2.311,1500.0,1996,1997,2,1.0,bobby hurley
203197,Diante Garrett,-1.273,-1.273,-0.816,-2.341,1051.0,2013,2013,1,1.0,diante garrett
681,Donny Marshall,-1.279,-1.279,-1.273,-1.295,549.0,1996,1996,1,1.0,donny marshall
101187,Alan Anderson,-1.28,-0.427,-0.308,-3.547,4546.0,2011,2013,5,1.0,alan anderson
201578,Marreese Speights,-1.28,-0.427,-3.35,3.549,8155.0,2010,2012,8,1.0,marreese speights
201582,Alexis Ajinca,-1.283,-0.428,-1.549,-0.662,2153.0,2010,2015,3,1.0,alexis ajinca
7,Dan Schayes,-1.284,-0.642,-0.73,-2.577,1813.0,1996,1997,2,1.0,dan schayes
1630535,Greg Brown III,-1.287,-1.287,-1.378,-1.074,638.0,2021,2021,1,1.0,greg brown iii
204025,Tim Frazier,-1.288,-0.429,-1.797,-0.101,3260.0,2015,2018,5,1.0,tim frazier
202390,Gary Neal,-1.288,-0.429,-2.028,0.436,6295.0,2010,2012,5,1.0,gary neal
200810,Allan Ray,-1.288,-1.288,-1.153,-1.605,710.0,2006,2006,1,1.0,allan ray
2206,Rodney White,-1.289,-0.43,-2.189,0.809,3227.0,2002,2004,3,1.0,rodney white
2669,Linton Johnson,-1.29,-0.43,-1.051,-1.847,1978.0,2003,2006,3,1.0,linton johnson
1630647,Eugene Omoruyi,-1.293,-0.647,-1.075,-1.802,1035.0,2022,2023,2,1.0,eugene omoruyi
226,Antonio Lang,-1.297,-1.297,-0.912,-2.198,845.0,1996,1996,1,1.0,antonio lang
1628980,Jacob Evans,-1.3,-0.65,-0.94,-2.14,622.0,2018,2019,2,1.0,jacob evans
698,Eddie Johnson,-1.302,-0.651,-1.912,0.12,2402.0,1996,1997,2,1.0,eddie johnson
1627761,DeAndre' Bembry,-1.303,-0.434,-0.546,-3.069,5305.0,2019,2021,5,1.0,deandre' bembry
201805,Chris Hunter,-1.307,-1.307,-1.095,-1.803,780.0,2009,2009,1,1.0,chris hunter
1627745,Damian Jones,-1.316,-0.439,-2.428,1.279,3606.0,2021,2023,6,1.0,damian jones
203135,Robert Sacre,-1.318,-0.439,-0.569,-3.065,1617.0,2012,2015,3,1.0,robert sacre
2409,Marcus Haislip,-1.318,-0.659,-1.183,-1.633,704.0,2002,2003,2,1.0,marcus haislip
2604,Theron Smith,-1.318,-1.318,-1.056,-1.929,508.0,2004,2004,1,1.0,theron smith
175,Alton Lister,-1.32,-1.32,-1.144,-1.731,514.0,1996,1996,1,1.0,alton lister
2741,Robert Swift,-1.321,-0.661,-1.412,-1.108,1330.0,2005,2008,2,1.0,robert swift
442,Pervis Ellison,-1.322,-0.661,-1.199,-1.608,716.0,1997,1999,2,1.0,pervis ellison
202719,Jeremy Tyler,-1.323,-0.662,-1.184,-1.648,965.0,2011,2013,2,1.0,jeremy tyler
103,Todd Day,-1.323,-0.441,-0.497,-3.252,3571.0,1996,2000,3,1.0,todd day
202333,Xavier Henry,-1.324,-0.441,-0.03,-4.345,2821.0,2011,2013,4,1.0,xavier henry
223,Bill Curley,-1.326,-0.663,-0.611,-2.995,682.0,1998,1999,2,1.0,bill curley
1630695,Micah Potter,-1.326,-1.326,-1.326,-1.326,707.0,2024,2024,1,0.0,micah potter
2574,Jason Kapono,-1.327,-0.442,-0.691,-2.81,8952.0,2004,2006,8,1.0,jason kapono
2408,Melvin Ely,-1.327,-0.442,-1.124,-1.801,5985.0,2005,2007,8,1.0,melvin ely
202325,Wesley Johnson,-1.329,-0.443,1.137,-7.082,10425.0,2015,2018,7,1.0,wesley johnson
1983,Jermaine Jackson,-1.34,-0.447,-1.536,-0.883,1261.0,2001,2004,4,1.0,jermaine jackson
1629633,Jarrett Culver,-1.349,-0.45,-0.087,-4.294,2342.0,2019,2021,3,1.0,jarrett culver
128,David Benoit,-1.351,-0.676,-0.99,-2.193,1570.0,1997,2000,2,1.0,david benoit
998,Mark Pope,-1.363,-0.681,0.09,-4.753,1366.0,2000,2001,2,1.0,mark pope
202721,Darius Morris,-1.372,-0.686,-1.013,-2.209,995.0,2012,2013,2,1.0,darius morris
2413,Juan Dixon,-1.374,-0.458,-1.32,-1.499,8509.0,2005,2007,7,1.0,juan dixon
399,Sean Rooks,-1.374,-0.458,-1.238,-1.69,6693.0,1996,1998,8,1.0,sean rooks
1032,Darvin Ham,-1.375,-0.458,0.223,-5.102,5133.0,1997,2000,8,1.0,darvin ham
201974,Derrick Brown,-1.376,-0.459,-1.57,-0.925,2552.0,2009,2011,3,1.0,derrick brown
1757,Cory Carr,-1.377,-1.377,-0.935,-2.409,622.0,1998,1998,1,1.0,cory carr
380,Tony Smith,-1.386,-1.386,-0.849,-2.639,1290.0,1996,1996,1,1.0,tony smith
378,Craig Ehlo,-1.391,-1.391,-1.098,-2.076,849.0,1996,1996,1,1.0,craig ehlo
1709,Michael Olowokandi,-1.394,-0.465,-1.505,-1.136,12895.0,2001,2003,8,1.0,michael olowokandi
1626202,Joe Young,-1.397,-0.699,-1.645,-0.821,942.0,2015,2017,2,1.0,joe young
1629164,Brandon Goodwin,-1.406,-0.469,-1.799,-0.488,1553.0,2019,2021,3,1.0,brandon goodwin
777,Rex Walters,-1.407,-0.469,-1.088,-2.149,2174.0,1997,1999,4,1.0,rex walters
1628427,Vlatko Čančar,-1.408,-0.704,-1.678,-0.779,1171.0,2020,2022,2,1.0,vlatko čančar
201969,DaJuan Summers,-1.409,-0.704,-1.071,-2.196,613.0,2009,2011,2,1.0,dajuan summers
1752,Sean Marks,-1.411,-0.47,-1.164,-1.989,1833.0,2001,2004,5,1.0,sean marks
341,Joe Wolf,-1.415,-0.707,-0.451,-3.664,1142.0,1996,1997,2,1.0,joe wolf
1738,Ansu Sesay,-1.418,-0.709,-1.11,-2.138,1021.0,2002,2003,2,1.0,ansu sesay
356,Chris Morris,-1.422,-0.474,-1.772,-0.607,2055.0,1996,1998,3,1.0,chris morris
201966,Jermaine Taylor,-1.427,-0.713,-1.709,-0.767,787.0,2009,2010,2,1.0,jermaine taylor
1138,Michael Hawkins,-1.428,-0.714,-1.569,-1.099,529.0,1996,1998,2,1.0,michael hawkins
1629649,Ignas Brazdeikis,-1.429,-0.714,-1.327,-1.666,786.0,2020,2021,2,1.0,ignas brazdeikis
201972,Jon Brockman,-1.431,-0.477,-0.673,-3.199,1574.0,2009,2011,3,1.0,jon brockman
2788,DJ Mbenga,-1.45,-0.483,-1.141,-2.174,1245.0,2007,2010,4,1.0,dj mbenga
1628035,Alfonzo McKinnie,-1.451,-0.484,-0.945,-2.631,2056.0,2019,2021,4,1.0,alfonzo mckinnie
203118,Mike Scott,-1.454,-0.485,-1.339,-1.721,7870.0,2015,2018,7,1.0,mike scott
2774,Bernard Robinson,-1.455,-0.485,-1.135,-2.202,1908.0,2004,2006,3,1.0,bernard robinson
200792,Alexander Johnson,-1.457,-0.728,-0.868,-2.831,1306.0,2006,2007,2,1.0,alexander johnson
1630527,Brandon Boston,-1.458,-0.486,-1.579,-1.176,2345.0,2021,2023,4,0.0,brandon boston
2067,Eddie House,-1.459,-0.486,-2.211,0.295,8709.0,2002,2004,8,1.0,eddie house
2423,Chris Jefferies,-1.459,-1.459,-1.023,-2.474,668.0,2002,2002,1,1.0,chris jefferies
1627835,Paul Zipser,-1.46,-1.46,-1.007,-2.516,826.0,2017,2017,1,1.0,paul zipser
2562,Sasha Pavlovic,-1.464,-0.488,0.388,-5.786,7828.0,2006,2008,8,1.0,sasha pavlovic
1631288,Jamal Cain,-1.465,-0.488,-1.71,-0.894,1003.0,2022,2024,3,0.67,jamal cain
2398,Jay Williams,-1.469,-1.469,-1.764,-0.78,1958.0,2002,2002,1,1.0,jay williams
202734,E'Twaun Moore,-1.47,-0.49,1.18,-7.656,10236.0,2015,2018,8,1.0,e'twaun moore
1096,Ivano Newbill,-1.478,-0.739,-0.605,-3.514,1099.0,1996,1997,2,1.0,ivano newbill
2098,Slava Medvedenko,-1.488,-0.496,-1.397,-1.699,3215.0,2001,2003,4,1.0,slava medvedenko
202066,Garrett Temple,-1.491,-0.497,-0.52,-3.756,9694.0,2009,2012,8,1.0,garrett temple
273,Duane Ferrell,-1.499,-0.75,-0.617,-3.558,1571.0,1996,1997,2,1.0,duane ferrell
1512,Chris Anstey,-1.502,-0.501,-1.621,-1.223,2160.0,1997,1999,3,1.0,chris anstey
203518,Alex Abrines,-1.502,-0.751,-0.247,-4.429,1722.0,2017,2018,2,1.0,alex abrines
1914,Chris Herren,-1.506,-0.753,-1.045,-2.582,1002.0,1999,2000,2,1.0,chris herren
2036,Chris Mihm,-1.507,-0.502,-1.864,-0.674,8649.0,2002,2004,7,1.0,chris mihm
203104,Marquis Teague,-1.513,-0.757,-1.165,-2.326,838.0,2012,2013,2,1.0,marquis teague
203648,Thanasis Antetokounmpo,-1.517,-0.506,-1.137,-2.404,1235.0,2020,2022,3,1.0,thanasis antetokounmpo
101198,Will Bynum,-1.52,-0.507,-2.428,0.6,6385.0,2010,2012,6,1.0,will bynum
1630526,Jeremiah Robinson-Earl,-1.521,-0.507,-1.554,-1.445,3477.0,2021,2023,4,0.75,jeremiah robinson-earl
2212,Steven Hunter,-1.527,-0.509,-1.182,-2.33,5716.0,2002,2004,6,1.0,steven hunter
201181,Chris Richard,-1.527,-0.763,-1.116,-2.485,780.0,2007,2009,2,1.0,chris richard
1629109,Gary Clark,-1.529,-0.51,-1.067,-2.609,2245.0,2019,2021,4,1.0,gary clark
1037,Stojko Vrankovic,-1.529,-0.764,-0.958,-2.862,1763.0,1996,1997,2,1.0,stojko vrankovic
1628469,Antonio Blakeney,-1.53,-0.765,-1.608,-1.346,1140.0,2017,2018,2,1.0,antonio blakeney
426,Terry Davis,-1.533,-0.511,-0.333,-4.333,2513.0,1997,2000,3,1.0,terry davis
770,Mark West,-1.534,-0.767,-0.581,-3.757,1454.0,1996,1998,2,1.0,mark west
1628407,Dwayne Bacon,-1.536,-0.512,-0.304,-4.412,4009.0,2017,2019,4,1.0,dwayne bacon
1630249,Vít Krejčí,-1.542,-0.514,-1.129,-2.506,2383.0,2021,2024,3,0.67,vít krejčí
1434,Dragan Tarlac,-1.544,-1.544,-1.187,-2.376,598.0,2000,2000,1,1.0,dragan tarlac
203524,Solomon Hill,-1.55,-0.517,-0.779,-3.35,4572.0,2013,2018,5,1.0,solomon hill
1630174,Aaron Nesmith,-1.551,-0.517,0.547,-6.447,6172.0,2022,2024,5,0.8,aaron nesmith
1631095,Jabari Smith Jr.,-1.554,-0.518,-2.123,-0.225,6589.0,2022,2024,3,0.67,jabari smith jr.
203900,Markel Brown,-1.569,-1.569,-1.375,-2.02,980.0,2015,2015,1,1.0,markel brown
2091,Daniel Santiago,-1.571,-0.785,-0.763,-3.456,1285.0,2000,2003,2,1.0,daniel santiago
1630531,Jaden Springer,-1.573,-0.786,-1.569,-1.582,870.0,2023,2024,2,0.5,jaden springer
1628432,Davon Reed,-1.576,-0.525,-1.499,-1.758,1253.0,2017,2022,3,1.0,davon reed
101137,Daniel Ewing,-1.577,-0.788,-0.946,-3.047,1684.0,2005,2006,2,1.0,daniel ewing
203492,Ray McCallum,-1.58,-0.79,-1.35,-2.116,1371.0,2013,2015,2,1.0,ray mccallum
203199,DeQuan Jones,-1.58,-1.58,-1.335,-2.152,800.0,2012,2012,1,1.0,dequan jones
202700,Donatas Motiejunas,-1.583,-0.528,-1.004,-2.934,2039.0,2012,2015,3,1.0,donatas motiejunas
2219,Jeryl Sasser,-1.585,-1.585,-1.63,-1.48,1028.0,2002,2002,1,1.0,jeryl sasser
1629717,Armoni Brooks,-1.592,-0.796,-1.349,-2.158,1362.0,2020,2021,2,1.0,armoni brooks
1642358,AJ Johnson,-1.592,-1.592,-1.592,-1.592,638.0,2024,2024,1,0.0,aj johnson
1628385,Harry Giles III,-1.595,-0.532,-2.584,0.712,1834.0,2018,2020,3,1.0,harry giles iii
1630547,James Bouknight,-1.598,-0.799,-1.356,-2.163,821.0,2021,2022,2,1.0,james bouknight
1630579,Jericho Sims,-1.6,-0.533,-1.859,-0.996,2580.0,2021,2023,4,0.75,jericho sims
201964,Victor Claver,-1.605,-1.605,-1.406,-2.071,813.0,2012,2012,1,1.0,victor claver
1641729,Brice Sensabaugh,-1.613,-0.807,-1.677,-1.464,2020.0,2023,2024,2,0.5,brice sensabaugh
2063,Jake Voskuhl,-1.617,-0.539,-0.356,-4.558,6296.0,2004,2006,8,1.0,jake voskuhl
1505,Tariq Abdul-Wahad,-1.621,-0.54,-1.088,-2.864,4801.0,2000,2002,6,1.0,tariq abdul-wahad
201814,Gary Forbes,-1.629,-0.815,-2.014,-0.731,1509.0,2010,2011,2,1.0,gary forbes
1918,Obinna Ekezie,-1.638,-0.546,-1.093,-2.91,1368.0,1999,2004,3,1.0,obinna ekezie
1628410,Edmond Sumner,-1.648,-0.549,-1.637,-1.675,2251.0,2019,2022,4,1.0,edmond sumner
1630556,Kessler Edwards,-1.653,-0.551,-1.378,-2.296,2257.0,2022,2024,4,0.75,kessler edwards
2351,Oscar Torres,-1.664,-1.664,-1.609,-1.791,1079.0,2001,2001,1,1.0,oscar torres
202701,Nolan Smith,-1.665,-0.833,-1.487,-2.081,829.0,2011,2012,2,1.0,nolan smith
1642419,Jamison Battle,-1.672,-1.672,-1.672,-1.672,1044.0,2024,2024,1,0.0,jamison battle
101136,Salim Stoudamire,-1.675,-0.558,-1.513,-2.053,2678.0,2005,2007,3,1.0,salim stoudamire
201616,Darnell Jackson,-1.677,-0.839,-1.519,-2.046,912.0,2008,2010,2,1.0,darnell jackson
1642268,Isaiah Collier,-1.682,-1.682,-1.682,-1.682,1839.0,2024,2024,1,0.0,isaiah collier
67,Tom Hammonds,-1.687,-0.562,-1.262,-2.68,3988.0,1997,1999,4,1.0,tom hammonds
2853,Earl Barron,-1.689,-0.563,-1.55,-2.013,1626.0,2006,2009,4,1.0,earl barron
201948,Austin Daye,-1.691,-0.564,-1.34,-2.511,3644.0,2010,2012,4,1.0,austin daye
203461,Anthony Bennett,-1.694,-1.694,-1.37,-2.45,660.0,2013,2013,1,1.0,anthony bennett
384,Calbert Cheaney,-1.695,-0.565,-0.127,-5.353,14822.0,2001,2003,8,1.0,calbert cheaney
200762,Oleksiy Pecherov,-1.697,-0.566,-1.891,-1.244,1046.0,2007,2009,3,1.0,oleksiy pecherov
734,Lawrence Moten,-1.698,-1.698,-1.445,-2.288,1219.0,1996,1996,1,1.0,lawrence moten
201590,Donte Greene,-1.699,-0.566,-0.396,-4.74,4256.0,2009,2011,4,1.0,donte greene
203930,Sean Kilpatrick,-1.702,-0.851,-2.232,-0.465,1256.0,2015,2017,2,1.0,sean kilpatrick
1631097,Bennedict Mathurin,-1.702,-0.567,-2.501,0.164,5916.0,2022,2024,3,0.67,bennedict mathurin
234,Khalid Reeves,-1.703,-0.851,-1.292,-2.66,3382.0,1996,1997,2,1.0,khalid reeves
202396,Samardo Samuels,-1.707,-0.854,-1.656,-1.827,1529.0,2010,2011,2,1.0,samardo samuels
684,Loren Meyer,-1.709,-1.709,-1.369,-2.502,702.0,1996,1996,1,1.0,loren meyer
1630613,Duane Washington Jr.,-1.711,-0.855,-1.525,-2.144,1363.0,2021,2022,2,1.0,duane washington jr.
1628414,Sindarius Thornwell,-1.726,-0.575,-0.479,-4.635,1683.0,2017,2020,3,1.0,sindarius thornwell
200786,David Noel,-1.732,-1.732,-1.608,-2.023,789.0,2006,2006,1,1.0,david noel
457,Andrew Lang,-1.74,-0.58,-0.577,-4.453,2515.0,1996,1998,4,1.0,andrew lang
2243,Brian Scalabrine,-1.747,-0.582,-1.846,-1.515,6075.0,2002,2004,8,1.0,brian scalabrine
1629684,Grant Williams,-1.751,-0.584,-0.696,-4.211,8714.0,2022,2024,6,0.83,grant williams
51,Mahmoud Abdul-Rauf,-1.761,-0.587,-2.032,-1.128,3151.0,1996,2000,3,1.0,mahmoud abdul-rauf
1629134,Kendrick Nunn,-1.77,-0.59,-2.263,-0.619,4581.0,2019,2022,3,1.0,kendrick nunn
2415,Ryan Humphrey,-1.772,-0.886,-1.12,-3.291,760.0,2002,2004,2,1.0,ryan humphrey
1630227,Daishen Nix,-1.772,-0.886,-0.955,-3.68,1174.0,2021,2022,2,1.0,daishen nix
1136,Brett Szabo,-1.78,-1.78,-1.487,-2.463,665.0,1996,1996,1,1.0,brett szabo
2053,Dalibor Bagaric,-1.79,-0.895,-1.132,-3.326,894.0,2000,2001,2,1.0,dalibor bagaric
1741,Jelani McCoy,-1.791,-0.597,-2.137,-0.984,3584.0,1998,2000,4,1.0,jelani mccoy
101235,Kelenna Azubuike,-1.794,-0.598,-2.744,0.424,5008.0,2007,2009,4,1.0,kelenna azubuike
1630201,Malachi Flynn,-1.798,-0.599,-1.961,-1.419,3028.0,2021,2023,4,1.0,malachi flynn
1641796,Pelle Larsson,-1.803,-1.803,-1.803,-1.803,781.0,2024,2024,1,0.0,pelle larsson
1641998,Trey Jemison III,-1.803,-0.901,-1.809,-1.788,966.0,2023,2024,2,0.5,trey jemison iii
704,Shawn Respert,-1.82,-0.91,-1.885,-1.666,1402.0,1996,1997,2,1.0,shawn respert
202951,Jeremy Pargo,-1.822,-0.911,-1.613,-2.312,1078.0,2011,2012,2,1.0,jeremy pargo
1609,Art Long,-1.822,-0.911,-1.186,-3.305,1200.0,2001,2002,2,1.0,art long
280,Felton Spencer,-1.822,-0.607,1.433,-9.418,2621.0,1996,2001,3,1.0,felton spencer
1626224,Cedi Osman,-1.831,-0.61,-0.056,-5.973,10813.0,2017,2019,7,1.0,cedi osman
1628424,Kobi Simmons,-1.835,-1.835,-1.73,-2.081,643.0,2017,2017,1,1.0,kobi simmons
202686,Jan Vesely,-1.836,-0.612,-0.71,-4.463,2457.0,2011,2013,3,1.0,jan vesely
1724,Bryce Drew,-1.836,-0.612,-0.49,-4.976,3811.0,1999,2001,4,1.0,bryce drew
1629644,KZ Okpala,-1.839,-0.613,-1.275,-3.156,940.0,2020,2022,3,1.0,kz okpala
2414,Curtis Borchardt,-1.848,-0.924,-1.539,-2.568,1115.0,2003,2004,2,1.0,curtis borchardt
1080,Henry James,-1.85,-1.85,-1.74,-2.108,949.0,1996,1996,1,1.0,henry james
1869,Charles R. Jones,-1.85,-0.925,-1.77,-2.035,1131.0,1998,1999,2,1.0,charles r. jones
1073,Reggie Slater,-1.853,-0.618,-1.331,-3.071,3016.0,1996,1998,4,1.0,reggie slater
1629740,Nicolo Melli,-1.859,-0.93,-1.667,-2.308,1611.0,2019,2020,2,1.0,nicolo melli
2052,DeShawn Stevenson,-1.859,-0.62,-1.528,-2.633,13351.0,2005,2007,8,1.0,deshawn stevenson
201157,Sean Williams,-1.868,-0.623,-1.536,-2.644,1872.0,2007,2009,3,1.0,sean williams
931,Don MacLean,-1.874,-0.937,-2.399,-0.65,1098.0,1996,1998,2,1.0,don maclean
1516,Ed Gray,-1.878,-0.939,-1.565,-2.61,807.0,1997,1998,2,1.0,ed gray
203144,Alexey Shved,-1.886,-0.943,-1.333,-3.175,2502.0,2012,2013,2,1.0,alexey shved
2109,Eddie Gill,-1.892,-0.946,-1.86,-1.968,1396.0,2001,2004,2,1.0,eddie gill
1628416,Tyler Dorsey,-1.893,-0.946,-1.845,-2.005,1670.0,2017,2018,2,1.0,tyler dorsey
203798,PJ Hairston,-1.91,-1.91,-1.23,-3.497,1313.0,2015,2015,1,1.0,pj hairston
898,Blue Edwards,-1.938,-0.646,-1.212,-3.634,3687.0,1996,1998,3,1.0,blue edwards
1642354,KJ Simpson,-1.949,-1.949,-1.949,-1.949,842.0,2024,2024,1,0.0,kj simpson
1600,Kornel David,-1.949,-0.65,-2.663,-0.282,1582.0,1998,2000,3,1.0,kornel david
2437,Lonny Baxter,-1.95,-0.65,-1.641,-2.67,1846.0,2002,2005,3,1.0,lonny baxter
203106,Jeffery Taylor,-1.953,-0.977,-0.36,-5.67,2138.0,2012,2013,2,1.0,jeffery taylor
1629010,Jerome Robinson,-1.973,-0.658,-0.984,-4.282,1601.0,2018,2020,3,1.0,jerome robinson
101121,Joey Graham,-1.977,-0.659,-1.944,-2.054,6119.0,2006,2008,6,1.0,joey graham
101214,Jawad Williams,-1.989,-0.994,-1.565,-2.978,1130.0,2009,2010,2,1.0,jawad williams
1630699,MarJon Beauchamp,-1.997,-0.998,-1.803,-2.449,1312.0,2022,2023,2,1.0,marjon beauchamp
93,Hubert Davis,-2.008,-0.669,-2.088,-1.821,9449.0,2000,2002,7,1.0,hubert davis
1518,Rodrick Rhodes,-2.02,-2.02,-1.185,-3.968,1073.0,1997,1997,1,1.0,rodrick rhodes
200766,Marcus Williams,-2.02,-0.673,-3.475,1.374,3039.0,2006,2009,3,1.0,marcus williams
1631121,Bryce McGowens,-2.038,-1.019,-1.623,-3.008,1666.0,2022,2023,2,1.0,bryce mcgowens
955,Samaki Walker,-2.043,-0.681,-3.621,1.639,7458.0,2001,2003,8,1.0,samaki walker
685,Cherokee Parks,-2.049,-0.683,-1.768,-2.704,6518.0,1999,2001,7,1.0,cherokee parks
1601,Rusty LaRue,-2.049,-1.024,-1.932,-2.32,1272.0,1998,2001,2,1.0,rusty larue
1642266,Ja'Kobe Walter,-2.059,-2.059,-2.059,-2.059,1102.0,2024,2024,1,0.0,ja'kobe walter
2124,Malik Allen,-2.065,-0.688,-2.038,-2.126,6916.0,2004,2006,8,1.0,malik allen
143,Terry Dehere,-2.07,-0.69,-1.623,-3.114,2749.0,1996,1998,3,1.0,terry dehere
2776,Pape Sow,-2.072,-1.036,-1.663,-3.026,839.0,2004,2005,2,1.0,pape sow
2767,Royal Ivey,-2.075,-0.692,-1.332,-3.808,6009.0,2009,2012,8,1.0,royal ivey
200776,Mardy Collins,-2.076,-0.692,-0.804,-5.043,2766.0,2007,2009,4,1.0,mardy collins
47,Wayman Tisdale,-2.081,-2.081,-1.902,-2.497,779.0,1996,1996,1,1.0,wayman tisdale
1886,Jonathan Bender,-2.082,-0.694,-2.071,-2.106,3598.0,2001,2003,5,1.0,jonathan bender
2417,Qyntel Woods,-2.082,-0.694,-2.081,-2.086,2012.0,2002,2005,3,1.0,qyntel woods
1548,Mark Blount,-2.084,-0.695,-3.284,0.715,13783.0,2001,2003,8,1.0,mark blount
1628400,Semi Ojeleye,-2.085,-0.695,-0.899,-4.852,4111.0,2018,2020,5,1.0,semi ojeleye
707,Mark Davis,-2.095,-0.698,-1.546,-3.377,3081.0,1996,1999,3,1.0,mark davis
2693,Keith McLeod,-2.095,-0.698,-0.752,-5.23,3724.0,2004,2006,4,1.0,keith mcleod
1630550,JT Thor,-2.102,-0.701,-1.301,-3.97,2258.0,2022,2024,4,0.75,jt thor
202705,MarShon Brooks,-2.108,-0.703,-2.941,-0.163,3260.0,2011,2013,4,1.0,marshon brooks
2084,Chris Porter,-2.109,-2.109,-1.812,-2.804,1148.0,2000,2000,1,1.0,chris porter
1630205,Lamar Stevens,-2.119,-0.706,-2.097,-2.172,3195.0,2021,2023,4,1.0,lamar stevens
1641712,Rayan Rupert,-2.12,-1.06,-1.81,-2.844,1089.0,2023,2024,2,0.5,rayan rupert
766,David Wingate,-2.136,-1.068,-1.836,-2.837,1475.0,1996,1997,2,1.0,david wingate
1631200,Kris Murray,-2.144,-1.072,-1.244,-4.244,2387.0,2023,2024,2,0.5,kris murray
262,Michael Cage,-2.154,-0.718,-2.021,-2.463,2683.0,1996,1999,3,1.0,michael cage
2357,Tierre Brown,-2.171,-1.085,-2.564,-1.253,1456.0,2001,2004,2,1.0,tierre brown
1630171,Isaac Okoro,-2.179,-0.726,1.11,-9.852,8737.0,2021,2023,5,0.8,isaac okoro
203499,Shane Larkin,-2.189,-0.73,-2.574,-1.29,3009.0,2013,2017,3,1.0,shane larkin
1631165,Keon Ellis,-2.204,-1.102,-1.512,-3.82,2932.0,2023,2024,2,0.5,keon ellis
997,Chris Robinson,-2.213,-1.107,-1.711,-3.386,1097.0,1996,1997,2,1.0,chris robinson
1732,Felipe Lopez,-2.213,-0.738,-1.44,-4.017,4146.0,1999,2001,4,1.0,felipe lopez
1642348,Justin Edwards,-2.218,-2.218,-2.218,-2.218,1153.0,2024,2024,1,0.0,justin edwards
201934,Hasheem Thabeet,-2.221,-0.74,-1.223,-4.551,2028.0,2009,2012,3,1.0,hasheem thabeet
1630245,Ayo Dosunmu,-2.237,-0.746,-1.281,-4.468,7811.0,2022,2024,4,0.75,ayo dosunmu
1913,Michael Ruffin,-2.24,-0.747,-0.383,-6.574,5747.0,2000,2004,7,1.0,michael ruffin
42,Monty Williams,-2.242,-0.747,-3.528,0.759,6931.0,2000,2002,6,1.0,monty williams
2471,Mike Batiste,-2.247,-2.247,-2.756,-1.059,1252.0,2002,2002,1,1.0,mike batiste
2061,Dan Langhi,-2.248,-0.749,-2.21,-2.335,1213.0,2000,2002,3,1.0,dan langhi
961,John Wallace,-2.253,-0.751,-2.679,-1.259,6137.0,2000,2003,7,1.0,john wallace
1907,Vonteego Cummings,-2.306,-0.769,-1.989,-3.046,3784.0,1999,2001,3,1.0,vonteego cummings
1628367,Josh Jackson,-2.32,-0.773,-2.208,-2.581,6721.0,2019,2021,5,1.0,josh jackson
1628995,Kevin Knox II,-2.322,-0.774,-2.646,-1.566,5524.0,2021,2023,6,1.0,kevin knox ii
101211,Stephen Graham,-2.338,-0.779,-1.118,-5.185,2447.0,2008,2010,3,1.0,stephen graham
2058,Mark Madsen,-2.346,-0.782,0.301,-8.524,5069.0,2004,2006,7,1.0,mark madsen
1630587,Isaiah Livers,-2.346,-0.782,-0.752,-6.067,2054.0,2021,2023,3,1.0,isaiah livers
1641718,Keyonte George,-2.367,-1.184,-2.795,-1.37,4136.0,2023,2024,2,0.5,keyonte george
1626245,Cristiano Felicio,-2.367,-0.789,-3.499,0.276,2427.0,2015,2018,4,1.0,cristiano felicio
2648,Ronald Dupree,-2.369,-0.79,-1.987,-3.261,1634.0,2003,2005,3,1.0,ronald dupree
1641783,Tristan da Silva,-2.372,-2.372,-2.372,-2.372,1628.0,2024,2024,1,0.0,tristan da silva
236,Kevin Edwards,-2.374,-0.791,-1.973,-3.309,1595.0,1996,2000,3,1.0,kevin edwards
1631222,Jake LaRavia,-2.374,-0.791,-2.229,-2.71,2564.0,2022,2024,3,0.67,jake laravia
1629052,Oshae Brissett,-2.381,-0.794,-2.318,-2.528,3798.0,2020,2022,4,1.0,oshae brissett
203463,Ben McLemore,-2.382,-0.794,-1.162,-5.228,8534.0,2019,2021,6,1.0,ben mclemore
1520,Charles Smith,-2.409,-0.803,-2.266,-2.743,1962.0,1997,2001,4,1.0,charles smith
1641724,Jett Howard,-2.409,-2.409,-2.409,-2.409,702.0,2024,2024,1,0.0,jett howard
1628382,Justin Jackson,-2.414,-0.805,-1.903,-3.607,4746.0,2018,2020,4,1.0,justin jackson
1641730,Noah Clowney,-2.417,-1.208,-2.664,-1.839,1414.0,2023,2024,2,0.5,noah clowney
1628402,Frank Jackson,-2.426,-0.809,-1.659,-4.216,3874.0,2019,2021,4,1.0,frank jackson
2624,Quinton Ross,-2.437,-0.812,0.084,-8.321,8435.0,2008,2010,7,1.0,quinton ross
201159,Javaris Crittenton,-2.448,-1.224,-2.611,-2.067,1852.0,2007,2008,2,1.0,javaris crittenton
1642275,Tidjane Salaün,-2.451,-2.451,-2.451,-2.451,1242.0,2024,2024,1,0.0,tidjane salaün
202343,Elliot Williams,-2.451,-2.451,-2.463,-2.425,1159.0,2013,2013,1,1.0,elliot williams
1641710,Anthony Black,-2.463,-1.231,-1.769,-4.081,3054.0,2023,2024,2,0.5,anthony black
1631323,Simone Fontecchio,-2.473,-0.824,-1.604,-4.5,3645.0,2022,2024,3,0.67,simone fontecchio
1630533,Ziaire Williams,-2.474,-0.825,-1.349,-5.099,4487.0,2021,2023,4,0.75,ziaire williams
101124,Hakim Warrick,-2.502,-0.834,-4.417,1.966,10618.0,2010,2012,8,1.0,hakim warrick
101130,Johan Petro,-2.514,-0.838,-2.618,-2.27,7260.0,2007,2009,8,1.0,johan petro
1626209,Mario Hezonja,-2.545,-0.848,-2.538,-2.562,5147.0,2015,2018,4,1.0,mario hezonja
2565,Zoran Planinic,-2.546,-0.849,-2.798,-1.958,1571.0,2003,2005,3,1.0,zoran planinic
1642347,Jamal Shead,-2.557,-2.557,-2.557,-2.557,1470.0,2024,2024,1,0.0,jamal shead
201947,Earl Clark,-2.557,-0.852,-2.579,-2.503,3532.0,2009,2011,5,1.0,earl clark
101158,Orien Greene,-2.557,-1.278,-1.512,-4.994,1486.0,2005,2006,2,1.0,orien greene
1626184,Chasson Randle,-2.565,-1.283,-2.025,-3.825,1581.0,2018,2020,2,1.0,chasson randle
200763,Quincy Douby,-2.565,-0.855,-2.555,-2.589,1534.0,2006,2008,3,1.0,quincy douby
202682,Derrick Williams,-2.582,-0.861,-4.967,2.983,6587.0,2012,2015,4,1.0,derrick williams
202348,Jordan Crawford,-2.582,-0.861,-4.346,1.536,6349.0,2010,2012,4,1.0,jordan crawford
2416,Kareem Rush,-2.586,-0.862,-1.683,-4.692,5899.0,2005,2008,6,1.0,kareem rush
203148,Brian Roberts,-2.588,-0.863,-4.134,1.021,3466.0,2012,2015,3,1.0,brian roberts
440,Zan Tabak,-2.59,-0.863,-2.185,-3.534,1973.0,1996,2000,3,1.0,zan tabak
203117,Doron Lamb,-2.592,-1.296,-1.694,-4.687,1272.0,2012,2013,2,1.0,doron lamb
688,Michael Curry,-2.604,-0.868,-0.257,-8.079,12120.0,1996,1998,8,1.0,michael curry
1627789,Timothe Luwawu-Cabarrot,-2.61,-0.87,-1.195,-5.911,4063.0,2017,2019,5,1.0,timothe luwawu-cabarrot
2758,David Harrison,-2.611,-0.87,-0.802,-6.831,2497.0,2004,2007,3,1.0,david harrison
1629678,Admiral Schofield,-2.62,-0.873,-2.175,-3.657,1288.0,2019,2022,3,1.0,admiral schofield
203948,Johnny O'Bryant III,-2.63,-1.315,-2.55,-2.814,1236.0,2015,2017,2,1.0,johnny o'bryant iii
1895,William Avery,-2.638,-0.879,-2.419,-3.151,1200.0,1999,2001,3,1.0,william avery
2469,Pat Burke,-2.645,-1.323,-2.55,-2.866,1132.0,2002,2005,2,1.0,pat burke
200756,Hilton Armstrong,-2.664,-0.888,-2.001,-4.212,3284.0,2008,2010,5,1.0,hilton armstrong
1631207,Dalen Terry,-2.669,-0.89,-2.428,-3.233,1877.0,2022,2024,3,0.67,dalen terry
1629676,Isaiah Roby,-2.673,-0.891,-3.701,-0.274,2852.0,2020,2022,3,1.0,isaiah roby
1642377,Jaylen Wells,-2.681,-2.681,-2.681,-2.681,2046.0,2024,2024,1,0.0,jaylen wells
1728,Roshown McLeod,-2.685,-0.895,-2.383,-3.39,2125.0,1998,2000,3,1.0,roshown mcleod
1626185,Jarell Martin,-2.687,-0.896,-2.166,-3.902,2365.0,2015,2018,3,1.0,jarell martin
2214,Michael Bradley,-2.699,-1.35,-3.645,-0.493,1681.0,2002,2005,2,1.0,michael bradley
2560,Zarko Cabarkapa,-2.716,-0.905,-2.97,-2.125,1556.0,2003,2005,3,1.0,zarko cabarkapa
28,Doug West,-2.717,-0.906,-1.701,-5.089,3490.0,1997,1999,4,1.0,doug west
195,Lee Mayberry,-2.717,-1.359,-0.717,-7.384,3793.0,1996,1997,2,1.0,lee mayberry
1900,Quincy Lewis,-2.723,-0.908,-0.7,-7.442,1780.0,1999,2001,3,1.0,quincy lewis
203584,Troy Daniels,-2.729,-0.91,-1.671,-5.195,3388.0,2015,2018,4,1.0,troy daniels
1628470,Torrey Craig,-2.739,-0.913,-1.861,-4.788,8920.0,2018,2020,8,0.88,torrey craig
1629059,Elie Okobo,-2.744,-1.372,-2.523,-3.26,1680.0,2018,2019,2,1.0,elie okobo
1630548,Johnny Juzang,-2.752,-0.917,-2.601,-3.104,1871.0,2022,2024,3,0.67,johnny juzang
203100,Tony Wroten,-2.757,-1.378,-3.55,-0.904,2037.0,2012,2013,2,1.0,tony wroten
201970,Sam Young,-2.779,-0.926,-2.958,-2.361,3964.0,2010,2012,4,1.0,sam young
203503,Tony Snell,-2.791,-0.93,0.087,-9.506,9342.0,2015,2018,7,1.0,tony snell
203516,James Ennis III,-2.799,-0.933,-1.777,-5.182,5414.0,2018,2020,5,1.0,james ennis iii
29,Jim McIlvaine,-2.802,-0.934,-0.068,-9.181,4011.0,1996,1998,4,1.0,jim mcilvaine
412,Sharone Wright,-2.807,-2.807,-2.15,-4.34,1008.0,1996,1996,1,1.0,sharone wright
82,Bill Wennington,-2.826,-0.942,-2.448,-3.706,1695.0,1996,1998,3,1.0,bill wennington
1627846,Abdel Nader,-2.828,-0.943,-3.43,-1.424,2443.0,2018,2020,4,1.0,abdel nader
1626169,Stanley Johnson,-2.839,-0.946,-2.255,-4.201,7354.0,2020,2022,6,1.0,stanley johnson
1956,Ira Newble,-2.844,-0.948,-0.989,-7.175,7324.0,2001,2003,6,1.0,ira newble
203613,Jonathon Simmons,-2.852,-0.951,-1.682,-5.582,3907.0,2015,2018,3,1.0,jonathon simmons
1627733,Dragan Bender,-2.858,-0.953,-1.283,-6.533,3179.0,2017,2019,3,1.0,dragan bender
200780,Solomon Jones,-2.875,-0.958,-2.062,-4.773,2836.0,2009,2011,5,1.0,solomon jones
54,Dickey Simpkins,-2.883,-0.961,-3.587,-1.24,3932.0,1996,1998,4,1.0,dickey simpkins
190,Duane Causwell,-2.898,-0.966,-2.135,-4.676,1340.0,1996,2000,3,1.0,duane causwell
1642346,Ryan Dunn,-2.919,-2.919,-2.919,-2.919,1413.0,2024,2024,1,0.0,ryan dunn
201880,Greg Stiemsma,-2.921,-0.974,-2.042,-4.972,2979.0,2011,2013,3,1.0,greg stiemsma
203498,Shabazz Muhammad,-2.927,-0.976,-4.105,-0.178,2387.0,2013,2017,3,1.0,shabazz muhammad
178,Olden Polynice,-2.944,-0.981,-3.888,-0.74,9261.0,1996,1998,5,1.0,olden polynice
1631098,Johnny Davis,-2.95,-0.983,-2.37,-4.303,1279.0,2022,2024,3,0.67,johnny davis
1629022,Lonnie Walker IV,-2.97,-0.99,-3.492,-1.753,6907.0,2022,2024,6,0.83,lonnie walker iv
1626188,Quinn Cook,-2.994,-0.998,-4.345,0.157,2303.0,2017,2019,3,1.0,quinn cook
2751,Viktor Khryapa,-3.001,-1.0,-2.32,-4.59,2249.0,2004,2006,3,1.0,viktor khryapa
203477,Isaiah Canaan,-3.006,-1.002,-2.636,-3.868,3266.0,2013,2017,4,1.0,isaiah canaan
432,Pete Chilcutt,-3.01,-1.003,-2.845,-3.393,3386.0,1997,1999,4,1.0,pete chilcutt
201628,Bobby Brown,-3.012,-1.506,-3.13,-2.738,1449.0,2008,2009,2,1.0,bobby brown
203121,Darius Miller,-3.013,-1.004,-0.265,-9.424,5119.0,2012,2017,4,1.0,darius miller
1630558,Davion Mitchell,-3.014,-1.005,-1.373,-6.844,6655.0,2021,2023,4,0.75,davion mitchell
55,Marty Conlon,-3.025,-1.513,-3.717,-1.412,1822.0,1996,1997,2,1.0,marty conlon
2770,Justin Reed,-3.054,-1.527,-1.993,-5.53,1313.0,2005,2006,2,1.0,justin reed
2584,Willie Green,-3.077,-1.026,-3.5,-2.089,11624.0,2009,2011,8,1.0,willie green
156,Antoine Carr,-3.089,-1.03,-2.319,-4.885,2760.0,1996,1999,3,1.0,antoine carr
1642267,Bub Carrington,-3.131,-3.131,-3.131,-3.131,2460.0,2024,2024,1,0.0,bub carrington
323,Greg Foster,-3.136,-1.045,-2.809,-3.899,4523.0,1998,2000,6,1.0,greg foster
202498,Lance Thomas,-3.142,-1.047,-2.254,-5.213,4727.0,2011,2015,5,1.0,lance thomas
1626173,Rashad Vaughn,-3.143,-1.571,-2.435,-4.793,1214.0,2015,2017,2,1.0,rashad vaughn
2737,Rafael Araujo,-3.15,-1.05,-1.908,-6.048,1587.0,2004,2006,3,1.0,rafael araujo
1641763,Julian Phillips,-3.161,-1.581,-2.938,-3.681,1446.0,2023,2024,2,0.5,julian phillips
763,Tony Massenburg,-3.164,-1.055,-3.266,-2.925,8324.0,1997,2000,8,1.0,tony massenburg
1631212,Peyton Watson,-3.183,-1.591,-3.26,-3.002,3140.0,2023,2024,2,0.5,peyton watson
1630534,Ochai Agbaji,-3.228,-1.076,-0.468,-9.671,4588.0,2022,2024,3,0.67,ochai agbaji
246,Greg Anderson,-3.246,-1.623,-3.165,-3.436,2060.0,1996,1997,2,1.0,greg anderson
1630177,Theo Maledon,-3.258,-1.086,-3.79,-2.017,3748.0,2021,2023,4,1.0,theo maledon
381,James Robinson,-3.26,-1.087,-3.632,-2.391,3051.0,1996,1998,3,1.0,james robinson
2402,Dajuan Wagner,-3.275,-1.637,-2.433,-5.239,2095.0,2002,2003,2,1.0,dajuan wagner
1627854,Bryn Forbes,-3.311,-1.104,-3.529,-2.802,8298.0,2020,2022,6,1.0,bryn forbes
203080,Thomas Robinson,-3.324,-1.108,-4.332,-0.972,2848.0,2012,2015,3,1.0,thomas robinson
203462,Archie Goodwin,-3.325,-1.662,-3.99,-1.772,1642.0,2013,2015,2,1.0,archie goodwin
1540,Eric Washington,-3.353,-1.676,-2.599,-5.111,2302.0,1997,1998,2,1.0,eric washington
1641767,Ben Sheppard,-3.408,-1.704,-2.609,-5.272,2044.0,2023,2024,2,0.5,ben sheppard
2401,Nikoloz Tskitishvili,-3.425,-1.142,-1.754,-7.326,1838.0,2002,2004,3,1.0,nikoloz tskitishvili
376,Eric Montross,-3.43,-1.143,-2.173,-6.365,4728.0,1997,1999,6,1.0,eric montross
1631223,David Roddy,-3.5,-1.167,-3.36,-3.829,2846.0,2022,2024,3,0.67,david roddy
265,Harvey Grant,-3.504,-1.168,-1.375,-8.471,3292.0,1996,1998,3,1.0,harvey grant
1629670,Jordan Nwora,-3.518,-1.173,-4.754,-0.632,3360.0,2020,2022,4,1.0,jordan nwora
170,Joe Kleine,-3.538,-1.179,-2.862,-5.115,1620.0,1996,1998,3,1.0,joe kleine
1629647,Darius Bazley,-3.547,-1.182,-5.082,0.035,5384.0,2019,2021,4,1.0,darius bazley
61,Carl Herrera,-3.566,-1.189,-2.466,-6.132,2651.0,1996,1998,3,1.0,carl herrera
1630577,Julian Champagnie,-3.59,-1.197,-2.882,-5.243,3720.0,2022,2024,3,0.67,julian champagnie
1641733,Nick Smith Jr.,-3.595,-1.797,-3.536,-3.732,2097.0,2023,2024,2,0.5,nick smith jr.
2863,Damien Wilkins,-3.638,-1.213,-2.988,-5.155,9741.0,2009,2011,8,1.0,damien wilkins
200821,Yakhouba Diawara,-3.639,-1.213,-1.125,-9.505,2568.0,2006,2008,3,1.0,yakhouba diawara
1629635,Sekou Doumbouya,-3.679,-1.84,-3.095,-5.042,1620.0,2019,2020,2,1.0,sekou doumbouya
1630528,Josh Christopher,-3.682,-1.841,-4.576,-1.595,2119.0,2021,2022,2,1.0,josh christopher
1629629,Cam Reddish,-3.703,-1.234,-3.758,-3.573,5877.0,2020,2022,6,0.83,cam reddish
1626203,Treveon Graham,-3.704,-1.235,-1.406,-9.067,2696.0,2017,2019,3,1.0,treveon graham
1934,Rodney Buford,-3.704,-1.235,-3.788,-3.509,4040.0,1999,2001,4,1.0,rodney buford
1627782,Wayne Selden,-3.728,-1.864,-3.455,-4.365,2133.0,2017,2018,2,1.0,wayne selden
1641722,Jordan Hawkins,-3.768,-1.884,-3.573,-4.221,2481.0,2023,2024,2,0.5,jordan hawkins
1629672,Eric Paschall,-3.777,-1.259,-5.645,0.582,3089.0,2019,2021,3,1.0,eric paschall
202713,Kyle Singler,-3.796,-1.265,-0.1,-12.422,5612.0,2012,2015,3,1.0,kyle singler
1630702,Jaden Hardy,-3.814,-1.271,-4.735,-1.665,2610.0,2022,2024,3,0.67,jaden hardy
2242,Terence Morris,-3.825,-1.913,-4.61,-1.994,1747.0,2001,2002,2,1.0,terence morris
202690,Jimmer Fredette,-3.84,-1.28,-4.959,-1.229,2620.0,2011,2013,3,1.0,jimmer fredette
964,Roy Rogers,-3.842,-1.921,-3.765,-4.023,2209.0,1996,1999,2,1.0,roy rogers
1630557,Corey Kispert,-3.865,-1.288,-2.245,-7.643,7564.0,2021,2023,4,0.75,corey kispert
1641748,Andre Jackson Jr.,-3.882,-1.941,-3.82,-4.027,1548.0,2023,2024,2,0.5,andre jackson jr.
202708,Norris Cole,-3.934,-1.311,-2.675,-6.87,6067.0,2012,2015,4,1.0,norris cole
1642273,Kyshawn George,-3.934,-3.934,-3.934,-3.934,1802.0,2024,2024,1,0.0,kyshawn george
1630592,Jalen Wilson,-3.936,-1.968,-3.895,-4.032,2697.0,2023,2024,2,0.5,jalen wilson
1630172,Patrick Williams,-3.942,-1.314,-3.412,-5.179,7472.0,2021,2023,5,0.8,patrick williams
1508,Maurice Taylor,-3.964,-1.321,-5.642,-0.049,13225.0,1997,1999,8,1.0,maurice taylor
2069,Hanno Mottola,-3.974,-1.987,-3.322,-5.494,2355.0,2000,2001,2,1.0,hanno mottola
202338,Kevin Seraphin,-4.003,-1.334,-4.864,-1.996,4634.0,2011,2013,5,1.0,kevin seraphin
1631260,AJ Green,-4.01,-1.337,-3.987,-4.062,2620.0,2022,2024,3,0.67,aj green
1631216,Caleb Houstan,-4.039,-1.346,-2.888,-6.724,2414.0,2022,2024,3,0.67,caleb houstan
1538,Cedric Henderson,-4.076,-1.359,-2.84,-6.96,6112.0,1997,1999,4,1.0,cedric henderson
1631124,Julian Strawther,-4.079,-2.039,-4.129,-3.962,1930.0,2023,2024,2,0.5,julian strawther
2563,Dahntay Jones,-4.086,-1.362,-4.363,-3.437,8442.0,2009,2011,8,1.0,dahntay jones
201202,Joel Anthony,-4.155,-1.385,-2.823,-7.263,6243.0,2007,2009,6,1.0,joel anthony
1736,Corey Benjamin,-4.181,-1.394,-3.102,-6.699,2041.0,1998,2000,3,1.0,corey benjamin
1626144,Emmanuel Mudiay,-4.202,-1.401,-6.241,0.553,5761.0,2017,2019,4,1.0,emmanuel mudiay
1631104,Blake Wesley,-4.266,-1.422,-3.69,-5.609,2232.0,2022,2024,3,0.67,blake wesley
1629610,DaQuan Jeffries,-4.31,-2.155,-4.025,-4.974,1565.0,2020,2024,2,0.5,daquan jeffries
2042,Courtney Alexander,-4.345,-1.448,-4.59,-3.772,4053.0,2000,2002,3,1.0,courtney alexander
203917,Nik Stauskas,-4.453,-1.484,-4.282,-4.853,3348.0,2015,2018,3,1.0,nik stauskas
1542,Predrag Drobnjak,-4.46,-1.487,-5.335,-2.417,5548.0,2001,2003,4,1.0,predrag drobnjak
1631093,Jaden Ivey,-4.586,-1.529,-5.453,-2.564,5416.0,2022,2024,3,0.67,jaden ivey
101120,Antoine Wright,-4.669,-1.556,-3.654,-7.035,5690.0,2005,2007,5,1.0,antoine wright
1630553,Keon Johnson,-4.685,-1.562,-4.618,-4.84,3039.0,2021,2024,3,0.67,keon johnson
2694,Josh Powell,-4.759,-1.586,-5.7,-2.561,3944.0,2005,2007,6,1.0,josh powell
1631108,Max Christie,-4.764,-1.588,-4.24,-5.985,3587.0,2022,2024,3,0.67,max christie
1630703,Scoot Henderson,-4.782,-2.391,-5.738,-2.552,3529.0,2023,2024,2,0.5,scoot henderson
1630164,James Wiseman,-4.89,-1.63,-7.663,1.581,2793.0,2020,2023,3,1.0,james wiseman
203138,Hollis Thompson,-4.92,-2.46,-3.341,-8.605,3896.0,2013,2015,2,1.0,hollis thompson
2239,Trenton Hassell,-4.948,-1.649,-3.007,-9.477,15178.0,2006,2008,8,1.0,trenton hassell
1627748,Thon Maker,-4.956,-1.652,-5.253,-4.261,2983.0,2017,2019,3,1.0,thon maker
1627775,Patrick McCaw,-4.967,-1.656,-4.672,-5.654,2267.0,2017,2019,3,1.0,patrick mccaw
1642262,Cody Williams,-5.142,-5.142,-5.142,-5.142,1060.0,2024,2024,1,0.0,cody williams
203546,Ian Clark,-5.305,-1.768,-4.893,-6.268,3011.0,2015,2018,3,1.0,ian clark
1630165,Killian Hayes,-5.426,-1.809,-4.983,-6.46,5480.0,2021,2023,4,1.0,killian hayes
1629312,Haywood Highsmith,-5.662,-1.887,-4.717,-7.865,4159.0,2022,2024,3,0.67,haywood highsmith
1641711,Gradey Dick,-5.662,-2.831,-5.862,-5.194,2854.0,2023,2024,2,0.5,gradey dick
201957,Byron Mullens,-5.807,-1.936,-7.553,-1.731,3302.0,2011,2013,3,1.0,byron mullens
786,Gerald Wilkins,-5.938,-2.969,-6.045,-5.686,3461.0,1996,1997,2,1.0,gerald wilkins
2056,Primoz Brezec,-6.004,-2.001,-7.938,-1.489,5763.0,2004,2006,4,1.0,primoz brezec
1631103,Malaki Branham,-6.162,-2.054,-6.159,-6.17,3576.0,2022,2024,3,0.67,malaki branham
201938,Jonny Flynn,-6.646,-2.215,-7.745,-4.083,3736.0,2009,2011,3,1.0,jonny flynn
200747,Adam Morrison,-6.823,-2.274,-6.205,-8.265,3279.0,2006,2009,3,1.0,adam morrison
1641731,Bilal Coulibaly,-7.363,-3.681,-7.306,-7.495,3661.0,2023,2024,2,0.5,bilal coulibaly
680,John Amaechi,-7.58,-2.527,-7.96,-6.693,4465.0,1999,2001,4,1.0,john amaechi
1630181,R.J. Hampton,-7.717,-2.572,-9.26,-4.118,3036.0,2020,2022,3,1.0,r.j. hampton
201154,Al Thornton,-8.546,-2.849,-9.417,-6.513,8274.0,2008,2010,4,1.0,al thornton
1628390,Terrance Ferguson,-8.637,-2.879,-5.02,-17.078,3954.0,2017,2019,3,1.0,terrance ferguson
