PLAYER_ID,PLAYER_NAME,peak_wa,peak_wa_rate,career_min,peak_start_year,peak_end_year,n_seasons,method,player_name_clean
2544,LeBron James,77.369,25.79,25173.0,2008,2010,8,blend,lebron james
201142,Kevin Durant,71.25,23.75,23289.0,2012,2015,8,blend,kevin durant
1495,Tim Duncan,69.847,23.282,22466.0,2000,2002,8,blend,tim duncan
203999,Nikola Jokić,68.377,22.792,19050.0,2021,2023,8,blend,nikola jokić
708,Kevin Garnett,66.387,22.129,24166.0,2001,2003,8,blend,kevin garnett
406,Shaquille O'Neal,65.391,21.797,19328.0,1999,2001,8,blend,shaquille o'neal
203507,Giannis Antetokounmpo,63.313,21.104,17987.0,2018,2020,8,blend,giannis antetokounmpo
252,Karl Malone,62.762,20.921,21048.0,1996,1998,8,blend,karl malone
1628983,Shai Gilgeous-Alexander,59.579,19.86,15288.0,2022,2024,7,blend,shai gilgeous-alexander
201939,Stephen Curry,57.965,19.322,18606.0,2013,2017,8,blend,stephen curry
1717,Dirk Nowitzki,57.573,19.191,22066.0,2002,2004,8,blend,dirk nowitzki
2730,Dwight Howard,55.817,18.606,22483.0,2008,2010,8,blend,dwight howard
201935,James Harden,55.786,18.595,20181.0,2015,2018,8,blend,james harden
1628369,Jayson Tatum,52.404,17.468,20174.0,2021,2023,8,blend,jayson tatum
2548,Dwyane Wade,51.944,17.315,20560.0,2008,2010,8,blend,dwyane wade
203954,Joel Embiid,51.021,17.007,13629.0,2020,2022,8,blend,joel embiid
893,Michael Jordan,50.578,16.859,11403.0,1996,2001,4,blend,michael jordan
1890,Shawn Marion,50.011,16.67,23235.0,2004,2006,8,blend,shawn marion
201566,Russell Westbrook,49.251,16.417,20591.0,2013,2017,8,blend,russell westbrook
977,Kobe Bryant,49.108,16.369,19284.0,2000,2002,8,blend,kobe bryant
1503,Tracy McGrady,48.877,16.292,19568.0,2000,2002,8,blend,tracy mcgrady
1629029,Luka Dončić,47.569,15.856,15717.0,2021,2023,7,blend,luka dončić
2405,Amar'e Stoudemire,47.45,15.817,20504.0,2004,2007,8,blend,amar'e stoudemire
101108,Chris Paul,47.359,15.786,20285.0,2006,2008,8,blend,chris paul
467,Jason Kidd,46.87,15.623,21338.0,2000,2002,8,blend,jason kidd
203497,Rudy Gobert,45.412,15.137,15543.0,2018,2020,8,blend,rudy gobert
255,Grant Hill,44.357,14.786,15379.0,1996,1998,8,blend,grant hill
764,David Robinson,43.93,14.643,12921.0,1997,1999,6,blend,david robinson
203076,Anthony Davis,43.596,14.532,15645.0,2017,2019,8,blend,anthony davis
304,John Stockton,43.351,14.45,15828.0,1999,2001,7,blend,john stockton
203081,Damian Lillard,43.305,14.435,20219.0,2017,2019,8,blend,damian lillard
56,Gary Payton,43.272,14.424,24389.0,1996,1998,8,blend,gary payton
201933,Blake Griffin,42.956,14.319,17240.0,2011,2013,8,blend,blake griffin
2225,Tony Parker,42.476,14.159,20348.0,2004,2006,8,blend,tony parker
185,Chris Webber,42.296,14.099,18582.0,2000,2002,8,blend,chris webber
1938,Manu Ginobili,41.331,13.777,15398.0,2004,2006,8,blend,manu ginobili
202695,Kawhi Leonard,41.258,13.753,13512.0,2018,2020,8,blend,kawhi leonard
896,Tim Hardaway,40.153,13.384,13816.0,1996,1998,6,blend,tim hardaway
101114,Deron Williams,39.533,13.178,20921.0,2007,2009,8,blend,deron williams
1627734,Domantas Sabonis,38.743,12.914,18260.0,2022,2024,8,blend,domantas sabonis
202331,Paul George,38.663,12.888,19062.0,2015,2018,8,blend,paul george
947,Allen Iverson,38.194,12.731,22167.0,2000,2002,8,blend,allen iverson
1882,Elton Brand,38.111,12.704,23229.0,2004,2006,8,blend,elton brand
201567,Kevin Love,37.625,12.542,16014.0,2013,2017,8,blend,kevin love
203110,Draymond Green,37.543,12.514,14555.0,2015,2018,8,blend,draymond green
200765,Rajon Rondo,37.021,12.34,16645.0,2008,2010,8,blend,rajon rondo
739,Rasheed Wallace,36.964,12.321,20035.0,1999,2001,8,blend,rasheed wallace
1626157,Karl-Anthony Towns,36.773,12.258,16424.0,2015,2018,8,blend,karl-anthony towns
1718,Paul Pierce,36.73,12.243,22871.0,2000,2002,8,blend,paul pierce
959,Steve Nash,36.539,12.18,15701.0,2000,2002,8,blend,steve nash
297,Alonzo Mourning,36.45,12.15,12436.0,1997,1999,8,blend,alonzo mourning
978,Peja Stojakovic,36.399,12.133,19184.0,2001,2003,8,blend,peja stojakovic
2397,Yao Ming,35.828,11.943,15737.0,2006,2008,7,blend,yao ming
87,Dikembe Mutombo,35.471,11.824,18216.0,1996,1998,8,blend,dikembe mutombo
1112,Ben Wallace,35.222,11.741,18596.0,2001,2003,8,blend,ben wallace
1628386,Jarrett Allen,35.174,11.725,16018.0,2022,2024,8,blend,jarrett allen
2240,Gilbert Arenas,34.687,11.562,17292.0,2004,2006,8,blend,gilbert arenas
1628378,Donovan Mitchell,34.521,11.507,18240.0,2022,2024,8,blend,donovan mitchell
1630162,Anthony Edwards,34.302,11.434,13258.0,2022,2024,5,blend,anthony edwards
2547,Chris Bosh,34.0,11.333,21614.0,2008,2010,8,blend,chris bosh
203114,Khris Middleton,33.856,11.285,17430.0,2018,2020,8,blend,khris middleton
302,Mookie Blaylock,33.692,11.231,12918.0,1996,1998,6,blend,mookie blaylock
200746,LaMarcus Aldridge,33.317,11.106,20466.0,2008,2010,8,blend,lamarcus aldridge
204,Jeff Hornacek,33.238,11.079,8623.0,1996,1998,4,blend,jeff hornacek
1891,Jason Terry,33.189,11.063,22085.0,2004,2006,8,blend,jason terry
1627732,Ben Simmons,33.109,11.036,11914.0,2017,2019,7,blend,ben simmons
201565,Derrick Rose,32.96,10.987,14492.0,2009,2011,8,blend,derrick rose
200750,Brandon Roy,32.946,10.982,11433.0,2007,2009,5,blend,brandon roy
979,Jermaine O'Neal,32.879,10.96,13437.0,2001,2003,8,blend,jermaine o'neal
1497,Chauncey Billups,32.741,10.914,16130.0,2002,2004,8,blend,chauncey billups
201599,DeAndre Jordan,32.726,10.909,15650.0,2013,2017,8,blend,deandre jordan
1626164,Devin Booker,32.65,10.883,17620.0,2021,2023,8,blend,devin booker
1713,Vince Carter,32.153,10.718,20257.0,1999,2001,8,blend,vince carter
2200,Pau Gasol,32.051,10.684,20788.0,2006,2008,8,blend,pau gasol
1628973,Jalen Brunson,32.022,10.674,14239.0,2022,2024,7,blend,jalen brunson
1629027,Trae Young,32.019,10.673,16617.0,2020,2022,7,blend,trae young
201942,DeMar DeRozan,31.955,10.652,20948.0,2013,2017,8,blend,demar derozan
951,Ray Allen,31.882,10.627,21319.0,1999,2001,8,blend,ray allen
2546,Carmelo Anthony,31.545,10.515,21494.0,2008,2010,8,blend,carmelo anthony
937,Scottie Pippen,31.425,10.475,15961.0,1996,1998,8,blend,scottie pippen
2430,Carlos Boozer,31.4,10.467,16708.0,2005,2007,8,blend,carlos boozer
96,Detlef Schrempf,31.33,10.443,8759.0,1996,1998,5,blend,detlef schrempf
714,Michael Finley,31.236,10.412,23326.0,2000,2002,8,blend,michael finley
208,Sam Cassell,31.1,10.367,19607.0,2001,2003,8,blend,sam cassell
202691,Klay Thompson,31.057,10.352,18451.0,2015,2018,8,blend,klay thompson
1802,Brad Miller,31.029,10.343,15047.0,2002,2004,8,blend,brad miller
203083,Andre Drummond,31.023,10.341,16359.0,2015,2018,8,blend,andre drummond
1627759,Jaylen Brown,30.922,10.307,17128.0,2021,2023,8,blend,jaylen brown
2572,Josh Howard,30.81,10.27,14158.0,2005,2007,8,blend,josh howard
224,Eddie Jones,30.448,10.149,20809.0,1997,1999,8,blend,eddie jones
1628389,Bam Adebayo,30.372,10.124,17350.0,2019,2021,8,blend,bam adebayo
1628401,Derrick White,30.258,10.086,13944.0,2022,2024,7,blend,derrick white
2746,Josh Smith,29.992,9.997,20395.0,2009,2011,8,blend,josh smith
1630596,Evan Mobley,29.858,9.953,8745.0,2022,2024,4,blend,evan mobley
1888,Richard Hamilton,29.597,9.866,20031.0,2003,2005,8,blend,richard hamilton
2403,Nene,29.586,9.862,15614.0,2008,2010,8,blend,nene
1630169,Tyrese Haliburton,29.556,9.852,10997.0,2022,2024,5,blend,tyrese haliburton
2419,Tayshaun Prince,29.478,9.826,19495.0,2004,2006,8,blend,tayshaun prince
202689,Kemba Walker,29.351,9.784,18861.0,2015,2018,8,blend,kemba walker
201586,Serge Ibaka,29.28,9.76,17083.0,2012,2015,8,blend,serge ibaka
193,Anthony Mason,29.254,9.751,17938.0,1996,1999,6,blend,anthony mason
202696,Nikola Vučević,29.208,9.736,15749.0,2018,2020,8,blend,nikola vučević
202710,Jimmy Butler III,29.176,9.725,15611.0,2017,2019,8,blend,jimmy butler iii
200768,Kyle Lowry,29.085,9.695,17224.0,2012,2015,8,blend,kyle lowry
1627783,Pascal Siakam,28.78,9.593,18777.0,2017,2019,8,blend,pascal siakam
201188,Marc Gasol,28.711,9.57,18912.0,2010,2012,8,blend,marc gasol
431,Shawn Kemp,28.702,9.567,13431.0,1996,1998,7,blend,shawn kemp
717,Arvydas Sabonis,28.615,9.538,9616.0,1996,1998,6,blend,arvydas sabonis
202339,Eric Bledsoe,28.584,9.528,12568.0,2017,2019,8,blend,eric bledsoe
202681,Kyrie Irving,28.574,9.525,14457.0,2015,2018,8,blend,kyrie irving
1905,Andrei Kirilenko,28.447,9.482,17334.0,2001,2003,8,blend,andrei kirilenko
203991,Clint Capela,28.377,9.459,14587.0,2017,2019,8,blend,clint capela
202326,DeMarcus Cousins,28.377,9.459,14319.0,2013,2017,8,blend,demarcus cousins
1629630,Ja Morant,27.964,9.321,9801.0,2020,2022,6,blend,ja morant
397,Reggie Miller,27.944,9.315,20998.0,1996,1998,8,blend,reggie miller
787,Charles Barkley,27.884,9.295,6397.0,1996,1998,4,blend,charles barkley
201149,Joakim Noah,27.876,9.292,14794.0,2011,2013,8,blend,joakim noah
165,Hakeem Olajuwon,27.704,9.235,10225.0,1996,1998,6,blend,hakeem olajuwon
201144,Mike Conley,27.536,9.179,18476.0,2010,2012,8,blend,mike conley
203944,Julius Randle,27.381,9.127,18360.0,2020,2022,8,blend,julius randle
353,Darrell Armstrong,27.368,9.123,16444.0,1998,2000,8,blend,darrell armstrong
1883,Steve Francis,27.03,9.01,21429.0,2000,2002,8,blend,steve francis
124,Vlade Divac,26.763,8.921,18311.0,2000,2002,8,blend,vlade divac
202322,John Wall,26.696,8.899,16166.0,2012,2015,8,blend,john wall
201143,Al Horford,26.686,8.895,17023.0,2008,2010,8,blend,al horford
1710,Mike Bibby,26.668,8.889,21833.0,2003,2005,8,blend,mike bibby
2736,Luol Deng,26.517,8.839,19122.0,2004,2006,8,blend,luol deng
2561,David West,26.509,8.836,17151.0,2007,2009,8,blend,david west
210,Terrell Brandon,26.432,8.811,12254.0,1999,2001,6,blend,terrell brandon
202699,Tobias Harris,26.395,8.798,16135.0,2018,2020,8,blend,tobias harris
1629636,Darius Garland,26.086,8.695,12688.0,2022,2024,6,blend,darius garland
57,Doug Christie,25.779,8.593,21327.0,2000,2002,8,blend,doug christie
202685,Jonas Valančiūnas,25.773,8.591,13982.0,2019,2021,8,blend,jonas valančiūnas
393,Rod Strickland,25.691,8.564,15653.0,1996,1998,8,blend,rod strickland
469,Jamal Mashburn,25.673,8.558,16219.0,2000,2002,8,blend,jamal mashburn
1631114,Jalen Williams,25.511,8.504,6730.0,2022,2024,3,blend,jalen williams
1627826,Ivica Zubac,25.488,8.496,12817.0,2022,2024,8,blend,ivica zubac
2210,Richard Jefferson,25.477,8.492,20436.0,2003,2005,8,blend,richard jefferson
1627750,Jamal Murray,25.312,8.437,15032.0,2022,2024,7,blend,jamal murray
1629028,Deandre Ayton,25.305,8.435,12260.0,2020,2022,7,blend,deandre ayton
121,Patrick Ewing,25.259,8.42,10065.0,1996,1998,6,blend,patrick ewing
2030,Kenyon Martin,25.14,8.38,17754.0,2002,2004,8,blend,kenyon martin
1889,Andre Miller,24.853,8.284,22472.0,2003,2005,8,blend,andre miller
1885,Lamar Odom,24.847,8.282,19012.0,2003,2005,8,blend,lamar odom
1629627,Zion Williamson,24.74,8.247,6712.0,2020,2023,5,blend,zion williamson
1712,Antawn Jamison,24.721,8.24,20555.0,2003,2005,8,blend,antawn jamison
952,Antoine Walker,24.659,8.22,23669.0,1999,2001,8,blend,antoine walker
1507,Derek Anderson,24.645,8.215,15334.0,2000,2002,8,blend,derek anderson
101115,Andrew Bynum,24.362,8.121,10693.0,2009,2011,8,blend,andrew bynum
1630532,Franz Wagner,24.25,8.083,9395.0,2022,2024,4,blend,franz wagner
950,Stephon Marbury,24.206,8.069,22464.0,2001,2003,8,blend,stephon marbury
349,Mark Jackson,24.177,8.059,16020.0,1997,1999,8,blend,mark jackson
711,Jerry Stackhouse,24.172,8.057,19465.0,1999,2001,8,blend,jerry stackhouse
203932,Aaron Gordon,24.09,8.03,16539.0,2021,2023,8,blend,aaron gordon
765,Hersey Hawkins,24.028,8.009,9301.0,1996,1998,5,blend,hersey hawkins
201950,Jrue Holiday,23.991,7.997,18090.0,2015,2018,8,blend,jrue holiday
2738,Andre Iguodala,23.881,7.96,23201.0,2006,2008,8,blend,andre iguodala
389,Toni Kukoc,23.809,7.936,13592.0,1996,1998,8,blend,toni kukoc
203500,Steven Adams,23.802,7.934,14794.0,2015,2018,8,blend,steven adams
363,Christian Laettner,23.687,7.896,14498.0,1996,1998,8,blend,christian laettner
1628368,De'Aaron Fox,23.52,7.84,17649.0,2022,2024,8,blend,de'aaron fox
1884,Baron Davis,23.285,7.762,18395.0,2001,2003,8,blend,baron davis
200794,Paul Millsap,23.266,7.755,17305.0,2008,2010,8,blend,paul millsap
1626149,Montrezl Harrell,23.256,7.752,9477.0,2018,2020,7,blend,montrezl harrell
345,Terry Porter,23.117,7.706,9307.0,1999,2001,6,blend,terry porter
1628404,Josh Hart,23.061,7.687,16129.0,2022,2024,8,blend,josh hart
2749,Jameer Nelson,22.88,7.627,14882.0,2008,2010,8,blend,jameer nelson
204060,Joe Ingles,22.815,7.605,13723.0,2018,2020,8,blend,joe ingles
204001,Kristaps Porziņģis,22.781,7.594,13236.0,2021,2023,8,blend,kristaps porziņģis
1627749,Dejounte Murray,22.753,7.584,14424.0,2020,2022,7,blend,dejounte murray
1628969,Mikal Bridges,22.587,7.529,18514.0,2020,2022,7,blend,mikal bridges
1629008,Michael Porter Jr.,22.575,7.525,10036.0,2022,2024,6,blend,michael porter jr.
299,Glenn Robinson,22.52,7.507,18993.0,1998,2000,8,blend,glenn robinson
202355,Hassan Whiteside,22.481,7.494,8889.0,2015,2018,6,blend,hassan whiteside
120,Steven Smith,22.447,7.482,16390.0,1997,1999,8,blend,steven smith
201951,Ty Lawson,22.439,7.48,11689.0,2010,2012,6,blend,ty lawson
202330,Gordon Hayward,22.383,7.461,16134.0,2015,2019,8,blend,gordon hayward
1630178,Tyrese Maxey,22.302,7.434,10182.0,2021,2023,5,blend,tyrese maxey
2449,Luis Scola,22.192,7.397,16879.0,2008,2010,8,blend,luis scola
757,Damon Stoudamire,22.093,7.364,20086.0,1999,2001,8,blend,damon stoudamire
1630578,Alperen Sengun,22.031,7.344,8099.0,2022,2024,4,blend,alperen sengun
2550,Kirk Hinrich,21.936,7.312,19650.0,2004,2006,8,blend,kirk hinrich
1627832,Fred VanVleet,21.701,7.234,16900.0,2021,2023,8,blend,fred vanvleet
201609,Goran Dragic,21.374,7.125,15133.0,2013,2017,8,blend,goran dragic
202738,Isaiah Thomas,21.32,7.107,11041.0,2012,2015,7,blend,isaiah thomas
2734,Devin Harris,21.318,7.106,15258.0,2006,2008,8,blend,devin harris
201937,Ricky Rubio,21.155,7.052,16004.0,2013,2017,8,blend,ricky rubio
201588,George Hill,20.984,6.995,16360.0,2012,2015,8,blend,george hill
2246,Mehmet Okur,20.974,6.991,17819.0,2005,2007,8,blend,mehmet okur
202324,Derrick Favors,20.921,6.974,14053.0,2015,2018,8,blend,derrick favors
980,Zydrunas Ilgauskas,20.903,6.968,16327.0,2004,2006,8,blend,zydrunas ilgauskas
935,Bryon Russell,20.901,6.967,16218.0,1998,2000,8,blend,bryon russell
1628392,Isaiah Hartenstein,20.874,6.958,7381.0,2022,2024,7,blend,isaiah hartenstein
954,Kerry Kittles,20.867,6.956,16943.0,2001,2003,8,blend,kerry kittles
203506,Victor Oladipo,20.83,6.943,11274.0,2015,2018,7,blend,victor oladipo
2406,Caron Butler,20.616,6.872,20489.0,2005,2007,8,blend,caron butler
2564,Boris Diaw,20.386,6.795,18996.0,2005,2007,8,blend,boris diaw
101162,Marcin Gortat,20.375,6.792,14891.0,2013,2017,8,blend,marcin gortat
1628374,Lauri Markkanen,20.375,6.792,13950.0,2021,2023,8,blend,lauri markkanen
1627742,Brandon Ingram,20.369,6.79,14044.0,2021,2023,8,blend,brandon ingram
1897,Metta World Peace,20.317,6.772,16411.0,2001,2003,8,blend,metta world peace
203468,CJ McCollum,20.309,6.77,17494.0,2015,2018,8,blend,cj mccollum
203078,Bradley Beal,20.252,6.751,17633.0,2017,2019,8,blend,bradley beal
23,Dennis Rodman,20.24,6.747,5851.0,1996,1998,4,blend,dennis rodman
1887,Wally Szczerbiak,20.173,6.724,16802.0,1999,2001,8,blend,wally szczerbiak
2747,JR Smith,20.019,6.673,13009.0,2008,2010,8,blend,jr smith
201168,Tiago Splitter,19.992,6.664,5708.0,2011,2013,5,blend,tiago splitter
147,Jalen Rose,19.954,6.651,19076.0,1999,2001,8,blend,jalen rose
2760,Anderson Varejao,19.946,6.649,11138.0,2007,2009,8,blend,anderson varejao
422,Avery Johnson,19.945,6.648,13092.0,1997,1999,8,blend,avery johnson
202711,Bojan Bogdanovic,19.893,6.631,16962.0,2018,2020,8,blend,bojan bogdanovic
201587,Nicolas Batum,19.861,6.62,16874.0,2013,2017,8,blend,nicolas batum
2571,Leandro Barbosa,19.856,6.619,13094.0,2006,2008,8,blend,leandro barbosa
136,P.J. Brown,19.786,6.595,19608.0,2001,2003,8,blend,p.j. brown
1627763,Malcolm Brogdon,19.777,6.592,11498.0,2018,2020,8,blend,malcolm brogdon
101106,Andrew Bogut,19.704,6.568,14122.0,2008,2010,8,blend,andrew bogut
2207,Joe Johnson,19.674,6.558,22912.0,2006,2008,8,blend,joe johnson
2045,Hedo Turkoglu,19.578,6.526,16156.0,2005,2007,8,blend,hedo turkoglu
200752,Rudy Gay,19.546,6.515,21018.0,2010,2012,8,blend,rudy gay
2617,Udonis Haslem,19.497,6.499,16329.0,2004,2006,8,blend,udonis haslem
22,Rik Smits,19.418,6.473,6729.0,1996,1998,4,blend,rik smits
1630581,Josh Giddey,19.411,6.47,8187.0,2022,2024,4,blend,josh giddey
202704,Reggie Jackson,19.408,6.469,11973.0,2012,2015,8,blend,reggie jackson
203994,Jusuf Nurkić,19.405,6.468,10787.0,2017,2019,8,blend,jusuf nurkić
452,Vin Baker,19.392,6.464,16217.0,1996,1998,8,blend,vin baker
2590,Mo Williams,19.388,6.463,16429.0,2007,2009,8,blend,mo williams
101135,David Lee,19.27,6.423,18722.0,2008,2010,8,blend,david lee
243,Aaron McKie,19.231,6.41,14707.0,2000,2002,8,blend,aaron mckie
779,Glen Rice,19.173,6.391,14778.0,1996,1998,8,blend,glen rice
2732,Ben Gordon,19.134,6.378,17746.0,2004,2006,8,blend,ben gordon
699,Brent Barry,19.107,6.369,15722.0,2001,2003,8,blend,brent barry
101181,Jose Calderon,19.043,6.348,15793.0,2006,2008,8,blend,jose calderon
2570,Kendrick Perkins,19.038,6.346,12247.0,2007,2009,8,blend,kendrick perkins
1630217,Desmond Bane,19.028,6.343,9273.0,2021,2023,5,blend,desmond bane
339,Tom Gugliotta,19.008,6.336,11603.0,1996,1998,8,blend,tom gugliotta
101122,Danny Granger,18.92,6.307,17802.0,2008,2010,8,blend,danny granger
1629639,Tyler Herro,18.897,6.299,11766.0,2022,2024,6,blend,tyler herro
949,Shareef Abdur-Rahim,18.877,6.292,22979.0,2001,2003,8,blend,shareef abdur-rahim
2072,Michael Redd,18.872,6.291,18673.0,2003,2005,8,blend,michael redd
1626171,Bobby Portis,18.858,6.286,12671.0,2020,2022,8,blend,bobby portis
201579,Roy Hibbert,18.81,6.27,13774.0,2011,2013,7,blend,roy hibbert
203897,Zach LaVine,18.796,6.265,15210.0,2020,2022,8,blend,zach lavine
361,Clifford Robinson,18.582,6.194,21302.0,1997,1999,8,blend,clifford robinson
1740,Rashard Lewis,18.489,6.163,20788.0,2004,2006,8,blend,rashard lewis
202718,Chandler Parsons,18.417,6.139,10329.0,2012,2015,6,blend,chandler parsons
2203,Shane Battier,18.306,6.102,20713.0,2004,2006,8,blend,shane battier
1628991,Jaren Jackson Jr.,18.265,6.088,11646.0,2022,2024,7,blend,jaren jackson jr.
358,Anfernee Hardaway,18.235,6.078,14276.0,1998,2001,8,blend,anfernee hardaway
1630202,Payton Pritchard,18.199,6.066,7012.0,2022,2024,5,blend,payton pritchard
1630193,Immanuel Quickley,18.13,6.043,8287.0,2021,2023,5,blend,immanuel quickley
201152,Thaddeus Young,18.074,6.025,17924.0,2010,2012,8,blend,thaddeus young
915,Rodney Rogers,18.041,6.014,15007.0,1999,2001,8,blend,rodney rogers
727,Eric Snow,18.039,6.013,16322.0,2000,2002,8,blend,eric snow
1496,Keith Van Horn,17.971,5.99,17069.0,2001,2003,8,blend,keith van horn
258,Brian Grant,17.909,5.97,15344.0,1998,2000,8,blend,brian grant
1517,Bobby Jackson,17.881,5.96,10830.0,2000,2002,8,blend,bobby jackson
101109,Raymond Felton,17.873,5.958,20890.0,2008,2010,8,blend,raymond felton
1631096,Chet Holmgren,17.839,8.919,3288.0,2023,2024,2,blend,chet holmgren
1629057,Robert Williams III,17.8,5.933,4633.0,2020,2022,6,blend,robert williams iii
1902,Jeff Foster,17.654,5.885,12509.0,2003,2005,8,blend,jeff foster
2034,Mike Miller,17.565,5.855,18214.0,2003,2005,8,blend,mike miller
1626156,D'Angelo Russell,17.546,5.849,15452.0,2021,2023,8,blend,d'angelo russell
2400,Drew Gooden,17.519,5.84,16095.0,2004,2006,8,blend,drew gooden
1719,Bonzi Wells,17.476,5.825,13548.0,2000,2002,8,blend,bonzi wells
905,Dale Davis,17.451,5.817,16843.0,1999,2001,8,blend,dale davis
2199,Tyson Chandler,17.365,5.788,15054.0,2006,2008,8,blend,tyson chandler
203903,Jordan Clarkson,17.313,5.771,15982.0,2020,2022,8,blend,jordan clarkson
201596,Mario Chalmers,17.251,5.75,14879.0,2011,2013,8,blend,mario chalmers
201583,Ryan Anderson,17.2,5.733,12644.0,2009,2011,8,blend,ryan anderson
202683,Enes Freedom,17.161,5.72,12023.0,2015,2018,8,blend,enes freedom
1723,Matt Harpring,17.161,5.72,15452.0,2001,2003,8,blend,matt harpring
1894,Corey Maggette,17.146,5.715,14660.0,2004,2006,8,blend,corey maggette
201952,Jeff Teague,16.843,5.614,14869.0,2012,2015,8,blend,jeff teague
109,Robert Horry,16.841,5.614,13388.0,1997,1999,8,blend,robert horry
330,Danny Manning,16.804,5.601,8199.0,1996,1998,6,blend,danny manning
201980,Danny Green,16.789,5.596,15065.0,2012,2015,8,blend,danny green
275,Allan Houston,16.664,5.555,21183.0,1998,2000,8,blend,allan houston
2202,Jason Richardson,16.622,5.541,21098.0,2003,2005,8,blend,jason richardson
89,Nick Van Exel,16.562,5.521,18216.0,1996,1998,8,blend,nick van exel
84,Latrell Sprewell,16.495,5.498,20711.0,1998,2000,8,blend,latrell sprewell
202362,Lance Stephenson,16.447,5.482,10635.0,2012,2015,7,blend,lance stephenson
201568,Danilo Gallinari,16.409,5.47,13488.0,2010,2012,8,blend,danilo gallinari
923,Donyell Marshall,16.407,5.469,16400.0,2000,2002,8,blend,donyell marshall
201572,Brook Lopez,16.349,5.45,17720.0,2012,2015,8,blend,brook lopez
1630559,Austin Reaves,16.199,5.4,8438.0,2022,2024,4,blend,austin reaves
762,Shawn Bradley,16.173,5.391,12561.0,1998,2000,8,blend,shawn bradley
1629675,Naz Reid,16.146,5.382,8467.0,2022,2024,6,blend,naz reid
2222,Gerald Wallace,16.083,5.361,13075.0,2006,2008,8,blend,gerald wallace
17,Clyde Drexler,16.075,8.038,4740.0,1996,1997,2,blend,clyde drexler
468,Jon Barry,16.06,5.353,8920.0,2000,2002,8,blend,jon barry
72,Kenny Anderson,16.0,5.333,13866.0,1996,1998,8,blend,kenny anderson
101161,Amir Johnson,15.961,5.32,12874.0,2012,2015,8,blend,amir johnson
201959,Taj Gibson,15.945,5.315,15395.0,2011,2013,8,blend,taj gibson
966,Jerome Williams,15.945,5.315,12559.0,1997,1999,8,blend,jerome williams
722,Corliss Williamson,15.885,5.295,14902.0,2001,2003,8,blend,corliss williamson
213,Antonio Davis,15.882,5.294,18468.0,1999,2001,8,blend,antonio davis
1630567,Scottie Barnes,15.742,5.247,9525.0,2021,2023,4,blend,scottie barnes
369,Charlie Ward,15.732,5.244,12892.0,1997,1999,8,blend,charlie ward
201988,Patty Mills,15.658,5.219,10391.0,2013,2017,8,blend,patty mills
990,Malik Rose,15.648,5.216,9029.0,2000,2002,8,blend,malik rose
1630198,Isaiah Joe,15.541,5.18,5435.0,2022,2024,5,blend,isaiah joe
1510,Brevin Knight,15.5,5.167,11964.0,1997,1999,8,blend,brevin knight
1631094,Paolo Banchero,15.467,5.156,6809.0,2022,2024,3,blend,paolo banchero
1725,Rasho Nesterovic,15.462,5.154,14873.0,2002,2004,8,blend,rasho nesterovic
134,Kevin Johnson,15.462,7.731,3943.0,1996,1997,2,blend,kevin johnson
782,Mitch Richmond,15.459,5.153,11931.0,1996,1998,6,blend,mitch richmond
2744,Al Jefferson,15.447,5.149,16658.0,2009,2011,8,blend,al jefferson
731,Greg Ostertag,15.445,5.148,12731.0,1996,1998,8,blend,greg ostertag
203471,Dennis Schröder,15.377,5.126,14441.0,2018,2020,8,blend,dennis schröder
2740,Andris Biedrins,15.249,5.083,10592.0,2006,2008,8,blend,andris biedrins
2048,Jamaal Magloire,15.171,5.057,13045.0,2001,2003,8,blend,jamaal magloire
202328,Greg Monroe,15.055,5.018,13519.0,2012,2015,7,blend,greg monroe
2731,Emeka Okafor,15.02,5.007,16648.0,2006,2008,8,blend,emeka okafor
1641705,Victor Wembanyama,14.967,7.483,3636.0,2023,2024,2,blend,victor wembanyama
203935,Marcus Smart,14.951,4.984,13834.0,2019,2021,8,blend,marcus smart
1628381,John Collins,14.927,4.976,13738.0,2018,2020,8,blend,john collins
1628384,OG Anunoby,14.912,4.971,14850.0,2022,2024,8,blend,og anunoby
448,Bo Outlaw,14.843,4.948,16205.0,1999,2001,8,blend,bo outlaw
2224,Jamaal Tinsley,14.825,4.942,12604.0,2002,2004,8,blend,jamaal tinsley
1513,Scot Pollard,14.771,4.924,7318.0,1999,2001,8,blend,scot pollard
1630573,Sam Hauser,14.743,4.914,4567.0,2022,2024,3,blend,sam hauser
64,Sam Perkins,14.68,4.893,7059.0,1996,1998,5,blend,sam perkins
696,Travis Best,14.663,4.888,13122.0,1998,2000,8,blend,travis best
922,Elden Campbell,14.635,4.878,14548.0,1999,2001,8,blend,elden campbell
904,Chris Mullin,14.559,4.853,7044.0,1996,1998,5,blend,chris mullin
203482,Kelly Olynyk,14.557,4.852,12385.0,2015,2018,8,blend,kelly olynyk
202329,Al-Farouq Aminu,14.535,4.845,14123.0,2015,2018,8,blend,al-farouq aminu
2753,Delonte West,14.494,4.831,11842.0,2007,2009,8,blend,delonte west
948,Marcus Camby,14.482,4.827,12307.0,1998,2000,8,blend,marcus camby
1629634,Brandon Clarke,14.47,4.823,6265.0,2021,2024,5,blend,brandon clarke
202334,Ed Davis,14.447,4.816,10627.0,2015,2018,8,blend,ed davis
2229,Mike James,14.438,4.813,13995.0,2003,2005,8,blend,mike james
1952,Raja Bell,14.436,4.812,16731.0,2005,2007,8,blend,raja bell
202702,Kenneth Faried,14.366,4.789,8344.0,2011,2013,6,blend,kenneth faried
686,Antonio McDyess,14.363,4.788,15150.0,1998,2000,8,blend,antonio mcdyess
203490,Otto Porter Jr.,14.264,4.755,9046.0,2015,2018,7,blend,otto porter jr.
1749,Cuttino Mobley,14.262,4.754,21726.0,2000,2002,8,blend,cuttino mobley
702,Voshon Lenard,14.255,4.752,14779.0,1996,1999,8,blend,voshon lenard
203087,Jeremy Lamb,14.246,4.749,9978.0,2015,2018,7,blend,jeremy lamb
201593,Nikola Pekovic,14.239,4.746,5777.0,2011,2013,4,blend,nikola pekovic
891,Charles Oakley,14.228,4.743,14343.0,1996,1998,7,blend,charles oakley
1498,Antonio Daniels,14.201,4.734,12402.0,1999,2001,8,blend,antonio daniels
133,David Wesley,14.181,4.727,20748.0,1997,1999,8,blend,david wesley
689,Theo Ratliff,14.063,4.688,15878.0,1998,2000,8,blend,theo ratliff
934,Derrick Coleman,13.998,4.666,13120.0,1997,1999,8,blend,derrick coleman
101150,Lou Williams,13.95,4.65,12383.0,2009,2011,8,blend,lou williams
201954,Darren Collison,13.877,4.626,17183.0,2013,2017,8,blend,darren collison
201600,Omer Asik,13.874,4.625,6568.0,2010,2012,5,blend,omer asik
270,Horace Grant,13.792,4.597,15344.0,1996,1998,7,blend,horace grant
965,Derek Fisher,13.778,4.593,12891.0,1999,2001,8,blend,derek fisher
1628449,Chris Boucher,13.771,4.59,7043.0,2019,2021,6,blend,chris boucher
166,Ron Harper,13.771,4.59,8312.0,1996,1998,5,blend,ron harper
202391,Jeremy Lin,13.718,4.573,9405.0,2011,2013,6,blend,jeremy lin
1628436,Luke Kornet,13.58,4.527,5161.0,2022,2024,7,blend,luke kornet
1627751,Jakob Poeltl,13.561,4.52,12693.0,2020,2022,8,blend,jakob poeltl
2046,Desmond Mason,13.539,4.513,18498.0,2001,2003,8,blend,desmond mason
2365,Chris Andersen,13.455,4.485,8081.0,2008,2010,8,blend,chris andersen
1627747,Caris LeVert,13.424,4.475,13309.0,2022,2024,8,blend,caris levert
1626172,Kevon Looney,13.415,4.472,9833.0,2020,2022,8,blend,kevon looney
1628978,Donte DiVincenzo,13.383,4.461,10604.0,2018,2020,7,blend,donte divincenzo
1626145,Tyus Jones,13.369,4.456,11476.0,2020,2022,8,blend,tyus jones
2551,T.J. Ford,13.28,4.427,11703.0,2006,2008,7,blend,t.j. ford
200758,Ronnie Brewer,13.26,4.42,11387.0,2007,2009,7,blend,ronnie brewer
445,Wesley Person,13.257,4.419,15645.0,1996,1998,8,blend,wesley person
1715,Jason Williams,13.224,4.408,17422.0,2003,2005,8,blend,jason williams
2755,Kevin Martin,13.202,4.401,14850.0,2005,2007,8,blend,kevin martin
1641708,Amen Thompson,13.149,6.575,3618.0,2023,2024,2,blend,amen thompson
1626167,Myles Turner,13.131,4.377,13734.0,2021,2023,8,blend,myles turner
105,Dan Majerle,13.109,4.37,9619.0,1997,1999,6,blend,dan majerle
2216,Zach Randolph,13.088,4.363,15185.0,2006,2008,8,blend,zach randolph
101141,Ersan Ilyasova,13.069,4.356,13133.0,2009,2011,8,blend,ersan ilyasova
703,Kurt Thomas,13.046,4.349,16395.0,2000,2002,8,blend,kurt thomas
1629651,Nic Claxton,12.968,4.323,7839.0,2020,2022,5,blend,nic claxton
2588,Matt Bonner,12.966,4.322,10604.0,2008,2010,8,blend,matt bonner
203915,Spencer Dinwiddie,12.956,4.319,15204.0,2019,2022,7,blend,spencer dinwiddie
436,Juwan Howard,12.935,4.312,21441.0,1996,1998,8,blend,juwan howard
1739,Ruben Patterson,12.905,4.302,15498.0,1999,2001,8,blend,ruben patterson
1747,Rafer Alston,12.872,4.291,12998.0,2004,2006,8,blend,rafer alston
1629673,Jordan Poole,12.845,4.282,11348.0,2020,2022,6,blend,jordan poole
1630598,Aaron Wiggins,12.833,4.278,5470.0,2022,2024,4,blend,aaron wiggins
913,Larry Johnson,12.805,4.268,11059.0,1996,1998,5,blend,larry johnson
203937,Kyle Anderson,12.793,4.264,12951.0,2020,2022,8,blend,kyle anderson
1716,Larry Hughes,12.787,4.262,15049.0,2002,2004,8,blend,larry hughes
1800,Damon Jones,12.754,4.251,10832.0,2002,2004,8,blend,damon jones
101145,Monta Ellis,12.627,4.209,18562.0,2005,2007,8,blend,monta ellis
203115,Will Barton,12.604,4.201,13431.0,2017,2019,8,blend,will barton
1863,Earl Boykins,12.469,4.156,10140.0,2002,2004,8,blend,earl boykins
238,Tyrone Hill,12.446,4.149,12439.0,1996,1998,7,blend,tyrone hill
101112,Channing Frye,12.426,4.142,14262.0,2009,2011,8,blend,channing frye
1506,Austin Croshere,12.359,4.12,9043.0,1999,2001,8,blend,austin croshere
895,Tyrone Corbin,12.352,4.117,7016.0,1996,1998,4,blend,tyrone corbin
296,Rick Fox,12.317,4.106,15381.0,1999,2001,8,blend,rick fox
203496,Robert Covington,12.304,4.101,13213.0,2017,2019,8,blend,robert covington
168,Chris Mills,12.291,4.097,9392.0,1996,1998,7,blend,chris mills
202703,Nikola Mirotic,12.286,4.095,4386.0,2015,2018,3,blend,nikola mirotic
2248,Earl Watson,12.242,4.081,13586.0,2003,2005,8,blend,earl watson
1630595,Cade Cunningham,12.222,4.074,7013.0,2022,2024,4,blend,cade cunningham
201943,Brandon Jennings,12.22,4.073,13869.0,2009,2011,7,blend,brandon jennings
1629661,Cameron Johnson,12.209,4.07,9026.0,2020,2022,6,blend,cameron johnson
221,Clar. Weatherspoon,12.134,4.045,15329.0,1998,2000,8,blend,clar. weatherspoon
1536,Stephen Jackson,12.089,4.03,17113.0,2005,2007,8,blend,stephen jackson
247,Joe Dumars,11.945,3.982,6370.0,1996,1998,3,blend,joe dumars
1626220,Royce O'Neale,11.893,3.964,15721.0,2019,2021,8,blend,royce o'neale
693,Joe Smith,11.77,3.923,16063.0,2001,2003,8,blend,joe smith
1630163,LaMelo Ball,11.763,3.921,7373.0,2020,2022,5,blend,lamelo ball
203952,Andrew Wiggins,11.682,3.894,18019.0,2020,2022,8,blend,andrew wiggins
203939,Dwight Powell,11.653,3.884,10447.0,2017,2019,8,blend,dwight powell
248,George Lynch,11.642,3.881,13012.0,1998,2000,8,blend,george lynch
98,Nick Anderson,11.64,3.88,7767.0,1996,1998,5,blend,nick anderson
203552,Seth Curry,11.575,3.858,10316.0,2019,2021,8,blend,seth curry
1628370,Malik Monk,11.574,3.858,11934.0,2022,2024,8,blend,malik monk
1515,Anthony Parker,11.561,3.854,13371.0,2006,2008,6,blend,anthony parker
1626153,Delon Wright,11.559,3.853,10092.0,2017,2019,8,blend,delon wright
2399,Mike Dunleavy,11.527,3.842,16304.0,2005,2007,8,blend,mike dunleavy
2594,Kyle Korver,11.438,3.813,14581.0,2008,2010,8,blend,kyle korver
1628976,Wendell Carter Jr.,11.436,3.812,10452.0,2021,2023,7,blend,wendell carter jr.
1628420,Monte Morris,11.374,3.791,9790.0,2020,2022,7,blend,monte morris
2440,Matt Barnes,11.365,3.788,10487.0,2008,2010,8,blend,matt barnes
1628960,Grayson Allen,11.313,3.771,10226.0,2021,2023,7,blend,grayson allen
53,Mario Elie,11.295,3.765,9699.0,1996,1998,5,blend,mario elie
201585,Kosta Koufos,11.244,3.748,8333.0,2011,2013,8,blend,kosta koufos
101138,Brandon Bass,11.211,3.737,12400.0,2009,2011,8,blend,brandon bass
1630168,Onyeka Okongwu,11.13,3.71,6909.0,2022,2024,5,blend,onyeka okongwu
101236,Chuck Hayes,11.078,3.693,10777.0,2005,2007,8,blend,chuck hayes
2555,Nick Collison,11.077,3.692,13663.0,2009,2011,8,blend,nick collison
1641764,Brandin Podziemski,11.064,5.532,3684.0,2023,2024,2,blend,brandin podziemski
1477,Bruce Bowen,11.048,3.683,14876.0,2002,2004,8,blend,bruce bowen
1630167,Obi Toppin,11.048,3.683,6244.0,2021,2023,5,blend,obi toppin
283,Lindsey Hunter,11.043,3.681,15148.0,1998,2000,8,blend,lindsey hunter
2211,Troy Murphy,11.034,3.678,15912.0,2006,2008,8,blend,troy murphy
201577,Robin Lopez,10.94,3.647,12135.0,2012,2015,8,blend,robin lopez
203096,Jared Sullinger,10.934,3.645,4845.0,2012,2015,3,blend,jared sullinger
375,Isaiah Rider,10.812,3.604,10034.0,1996,1998,5,blend,isaiah rider
200081,Jamario Moon,10.772,3.591,6334.0,2007,2009,4,blend,jamario moon
317,John Starks,10.765,3.588,10167.0,1996,1998,6,blend,john starks
201148,Brandan Wright,10.748,3.583,5051.0,2011,2013,8,blend,brandan wright
1626174,Christian Wood,10.71,3.57,7601.0,2019,2021,6,blend,christian wood
202349,Greivis Vasquez,10.704,3.568,7484.0,2011,2013,5,blend,greivis vasquez
202335,Patrick Patterson,10.676,3.559,10598.0,2012,2015,8,blend,patrick patterson
201171,Carl Landry,10.674,3.558,10338.0,2007,2009,8,blend,carl landry
2209,Vladimir Radmanovic,10.655,3.552,13205.0,2002,2004,8,blend,vladimir radmanovic
1629001,De'Anthony Melton,10.629,3.543,8028.0,2019,2021,6,blend,de'anthony melton
1729,Ricky Davis,10.572,3.524,17618.0,2004,2006,8,blend,ricky davis
201936,Tyreke Evans,10.563,3.521,14766.0,2013,2017,8,blend,tyreke evans
1626166,Cameron Payne,10.536,3.512,7705.0,2020,2022,8,blend,cameron payne
446,Lucious Harris,10.494,3.498,10685.0,2001,2003,8,blend,lucious harris
1903,Kenny Thomas,10.494,3.498,16656.0,2002,2004,8,blend,kenny thomas
203967,Dario Šarić,10.455,3.485,8948.0,2017,2019,7,blend,dario šarić
203486,Mason Plumlee,10.42,3.473,12936.0,2015,2018,8,blend,mason plumlee
2223,Samuel Dalembert,10.419,3.473,17110.0,2006,2008,8,blend,samuel dalembert
200757,Thabo Sefolosha,10.419,3.473,12874.0,2011,2013,8,blend,thabo sefolosha
2772,Trevor Ariza,10.4,3.467,12784.0,2006,2008,8,blend,trevor ariza
204456,T.J. McConnell,10.346,3.449,11378.0,2018,2020,8,blend,t.j. mcconnell
70,Steve Kerr,10.33,3.443,6356.0,1996,1998,7,blend,steve kerr
2549,Chris Kaman,10.291,3.43,14674.0,2005,2007,8,blend,chris kaman
1629026,Kenrich Williams,10.283,3.428,7778.0,2022,2024,7,blend,kenrich williams
201971,DeJuan Blair,10.121,3.374,6877.0,2009,2011,6,blend,dejuan blair
26,Luc Longley,10.118,3.373,5831.0,1996,1998,5,blend,luc longley
21,Greg Anthony,10.111,3.37,7608.0,1997,1999,6,blend,greg anthony
203501,Tim Hardaway Jr.,10.094,3.365,14159.0,2019,2021,8,blend,tim hardaway jr.
761,Matt Geiger,10.091,3.364,6371.0,1996,1998,5,blend,matt geiger
228,Adam Keefe,10.077,3.359,5060.0,1996,1998,5,blend,adam keefe
202083,Wesley Matthews,9.975,3.325,19057.0,2009,2011,8,blend,wesley matthews
1629655,Daniel Gafford,9.835,3.278,7497.0,2022,2024,6,blend,daniel gafford
1711,Raef LaFrentz,9.774,3.258,13904.0,2002,2004,8,blend,raef lafrentz
203992,Bogdan Bogdanović,9.668,3.223,14296.0,2019,2021,8,blend,bogdan bogdanović
1628464,Daniel Theis,9.666,3.222,7626.0,2017,2019,7,blend,daniel theis
202694,Marcus Morris Sr.,9.666,3.222,14710.0,2015,2018,8,blend,marcus morris sr.
1541,Alvin Williams,9.649,3.216,12605.0,2000,2002,7,blend,alvin williams
203109,Jae Crowder,9.626,3.209,14573.0,2015,2018,8,blend,jae crowder
1627936,Alex Caruso,9.609,3.203,9290.0,2022,2024,8,blend,alex caruso
1721,Keon Clark,9.607,3.202,7944.0,2000,2002,5,blend,keon clark
1627827,Dorian Finney-Smith,9.597,3.199,14873.0,2019,2021,8,blend,dorian finney-smith
1629021,Moritz Wagner,9.59,3.197,6053.0,2022,2024,7,blend,moritz wagner
101107,Marvin Williams,9.546,3.182,16553.0,2009,2011,8,blend,marvin williams
2581,Steve Blake,9.491,3.164,14387.0,2006,2008,8,blend,steve blake
1631105,Jalen Duren,9.425,3.142,5479.0,2022,2024,3,blend,jalen duren
200755,JJ Redick,9.424,3.141,10461.0,2009,2011,8,blend,jj redick
754,Jim Jackson,9.368,3.123,17772.0,2001,2003,8,blend,jim jackson
202693,Markieff Morris,9.322,3.107,12484.0,2013,2017,8,blend,markieff morris
2768,Chris Duhon,9.306,3.102,14702.0,2004,2006,8,blend,chris duhon
1630530,Trey Murphy III,9.304,3.101,6859.0,2021,2023,4,blend,trey murphy iii
2575,Luke Walton,9.295,3.098,8448.0,2006,2008,8,blend,luke walton
1630224,Jalen Green,9.254,3.085,10034.0,2022,2024,4,blend,jalen green
1904,Devean George,9.244,3.081,9392.0,2001,2003,8,blend,devean george
1630552,Jalen Johnson,9.241,3.08,4215.0,2022,2024,3,blend,jalen johnson
1626181,Norman Powell,9.204,3.068,11617.0,2018,2020,8,blend,norman powell
1899,James Posey,9.168,3.056,16722.0,2003,2005,8,blend,james posey
2049,Speedy Claxton,9.142,3.047,8535.0,2003,2005,6,blend,speedy claxton
907,Malik Sealy,9.106,3.035,7222.0,1997,1999,4,blend,malik sealy
201976,Patrick Beverley,9.085,3.028,10621.0,2018,2020,8,blend,patrick beverley
2059,Eduardo Najera,9.061,3.02,9550.0,2001,2003,8,blend,eduardo najera
1629020,Jarred Vanderbilt,9.039,3.013,6058.0,2020,2022,5,blend,jarred vanderbilt
1626179,Terry Rozier,9.039,3.013,15446.0,2020,2022,8,blend,terry rozier
1629652,Luguentz Dort,9.035,3.012,10622.0,2022,2024,6,blend,luguentz dort
202709,Cory Joseph,9.003,3.001,11129.0,2015,2018,8,blend,cory joseph
2568,Carlos Delfino,8.986,2.995,11586.0,2006,2009,8,blend,carlos delfino
202684,Tristan Thompson,8.96,2.987,14128.0,2012,2015,8,blend,tristan thompson
1630175,Cole Anthony,8.931,2.977,7935.0,2022,2024,5,blend,cole anthony
344,Dana Barros,8.925,2.975,6352.0,1997,1999,6,blend,dana barros
788,Kevin Willis,8.909,2.97,11301.0,1996,1998,8,blend,kevin willis
1626161,Willie Cauley-Stein,8.895,2.965,7670.0,2018,2020,5,blend,willie cauley-stein
2804,Andres Nocioni,8.881,2.96,11953.0,2005,2007,7,blend,andres nocioni
201162,Jared Dudley,8.88,2.96,14699.0,2009,2011,8,blend,jared dudley
2420,Nenad Krstic,8.848,2.949,10545.0,2004,2006,7,blend,nenad krstic
371,Terry Mills,8.829,2.943,4624.0,1996,1999,3,blend,terry mills
364,Rex Chapman,8.823,2.941,6245.0,1996,1998,4,blend,rex chapman
201145,Jeff Green,8.793,2.931,19736.0,2009,2012,8,blend,jeff green
202361,Landry Fields,8.775,2.925,5792.0,2010,2012,4,blend,landry fields
201164,Rudy Fernandez,8.757,2.919,5962.0,2008,2010,4,blend,rudy fernandez
1626192,Pat Connaughton,8.744,2.915,10984.0,2018,2020,8,blend,pat connaughton
200796,Leon Powe,8.711,2.904,3318.0,2006,2008,5,blend,leon powe
1629632,Coby White,8.65,2.883,12572.0,2022,2024,6,blend,coby white
1629011,Mitchell Robinson,8.643,2.881,8124.0,2020,2022,7,blend,mitchell robinson
1005,Walt Williams,8.641,2.88,10891.0,1998,2000,7,blend,walt williams
1501,Tim Thomas,8.608,2.869,15153.0,2000,2002,8,blend,tim thomas
2217,Brendan Haywood,8.57,2.857,14757.0,2006,2009,8,blend,brendan haywood
203925,Joe Harris,8.559,2.853,10480.0,2018,2020,6,blend,joe harris
201956,Omri Casspi,8.557,2.852,9912.0,2013,2017,8,blend,omri casspi
697,Fred Hoiberg,8.541,2.847,9796.0,2002,2004,8,blend,fred hoiberg
1626158,Richaun Holmes,8.534,2.845,7633.0,2018,2020,8,blend,richaun holmes
203914,Gary Harris,8.517,2.839,13461.0,2017,2019,8,blend,gary harris
1499,Tony Battie,8.515,2.838,11861.0,2000,2002,8,blend,tony battie
1631128,Christian Braun,8.489,2.83,5512.0,2022,2024,3,blend,christian braun
1628970,Miles Bridges,8.483,2.828,13075.0,2021,2024,6,blend,miles bridges
1628371,Jonathan Isaac,8.465,2.822,5519.0,2019,2024,5,blend,jonathan isaac
202323,Evan Turner,8.465,2.822,15008.0,2015,2018,8,blend,evan turner
203084,Harrison Barnes,8.464,2.821,18642.0,2015,2018,8,blend,harrison barnes
201163,Wilson Chandler,8.433,2.811,13711.0,2010,2012,8,blend,wilson chandler
183,Bison Dele,8.428,4.214,3797.0,1997,1998,2,blend,bison dele
203924,Jerami Grant,8.403,2.801,15616.0,2017,2019,8,blend,jerami grant
383,Kendall Gill,8.368,2.789,15686.0,1996,1998,8,blend,kendall gill
1628989,Kevin Huerter,8.328,2.776,13565.0,2020,2022,7,blend,kevin huerter
1626204,Larry Nance Jr.,8.302,2.767,10677.0,2021,2023,8,blend,larry nance jr.
1733,Al Harrington,8.288,2.763,16866.0,2001,2003,8,blend,al harrington
201978,Chase Budinger,8.28,2.76,6715.0,2009,2011,6,blend,chase budinger
960,Tony Delk,8.238,2.746,9983.0,1999,2001,8,blend,tony delk
1629048,Goga Bitadze,8.126,2.709,4601.0,2022,2024,6,blend,goga bitadze
2073,Brian Cardinal,8.079,2.693,6015.0,2003,2005,8,blend,brian cardinal
1630631,Jose Alvarado,8.076,2.692,4540.0,2021,2023,4,blend,jose alvarado
1628366,Lonzo Ball,8.012,2.671,8962.0,2019,2021,6,blend,lonzo ball
184,Bobby Phills,7.997,2.666,6668.0,1996,1998,4,blend,bobby phills
2306,Carlos Arroyo,7.942,2.647,9452.0,2005,2007,8,blend,carlos arroyo
1626246,Boban Marjanovic,7.905,2.635,2218.0,2015,2018,5,blend,boban marjanovic
2605,Marquis Daniels,7.902,2.634,10142.0,2003,2005,8,blend,marquis daniels
1627741,Buddy Hield,7.877,2.626,18288.0,2017,2019,8,blend,buddy hield
2031,Stromile Swift,7.875,2.625,10622.0,2002,2004,8,blend,stromile swift
2443,Darius Songaila,7.871,2.624,9144.0,2003,2005,7,blend,darius songaila
2250,Bobby Simmons,7.86,2.62,11080.0,2003,2005,8,blend,bobby simmons
1629130,Duncan Robinson,7.845,2.615,10851.0,2019,2021,6,blend,duncan robinson
1628379,Luke Kennard,7.827,2.609,10754.0,2020,2022,8,blend,luke kennard
201167,Arron Afflalo,7.821,2.607,16071.0,2009,2011,8,blend,arron afflalo
1629060,Rui Hachimura,7.821,2.607,9346.0,2022,2024,6,blend,rui hachimura
1629638,Nickeil Alexander-Walker,7.809,2.603,7947.0,2022,2024,6,blend,nickeil alexander-walker
1628398,Kyle Kuzma,7.755,2.585,16859.0,2020,2022,8,blend,kyle kuzma
201147,Corey Brewer,7.748,2.583,13672.0,2011,2013,8,blend,corey brewer
718,Gary Trent,7.742,2.581,8639.0,1996,1998,8,blend,gary trent
1626196,Josh Richardson,7.738,2.579,14046.0,2017,2019,8,blend,josh richardson
101127,Jarrett Jack,7.731,2.577,17044.0,2010,2012,8,blend,jarrett jack
107,Dale Ellis,7.719,2.573,6688.0,1997,1999,4,blend,dale ellis
1630228,Jonathan Kuminga,7.714,2.571,5665.0,2022,2024,4,blend,jonathan kuminga
2757,Beno Udrih,7.686,2.562,13326.0,2009,2011,8,blend,beno udrih
202722,Davis Bertans,7.617,2.539,7739.0,2017,2019,7,blend,davis bertans
201166,Aaron Brooks,7.532,2.511,10475.0,2007,2009,7,blend,aaron brooks
2067,Eddie House,7.492,2.497,8709.0,2005,2007,8,blend,eddie house
2754,Tony Allen,7.45,2.483,9214.0,2009,2011,8,blend,tony allen
1509,Kelvin Cato,7.427,2.476,10195.0,2002,2004,8,blend,kelvin cato
101129,Luther Head,7.421,2.474,7796.0,2005,2007,6,blend,luther head
201155,Rodney Stuckey,7.421,2.474,15327.0,2008,2010,8,blend,rodney stuckey
200826,J.J. Barea,7.419,2.473,11156.0,2010,2012,8,blend,j.j. barea
200770,Jordan Farmar,7.412,2.471,9274.0,2007,2009,8,blend,jordan farmar
1631117,Walker Kessler,7.403,2.468,4933.0,2022,2024,3,blend,walker kessler
1630583,Santi Aldama,7.377,2.459,5311.0,2022,2024,4,blend,santi aldama
2204,Eddie Griffin,7.376,2.459,6626.0,2001,2004,4,blend,eddie griffin
400,Derek Strong,7.37,2.457,4843.0,1996,1998,4,blend,derek strong
177,Muggsy Bogues,7.366,2.455,5891.0,1996,1998,4,blend,muggsy bogues
1631106,Tari Eason,7.346,2.449,3670.0,2022,2024,3,blend,tari eason
1631119,Jaylin Williams,7.337,2.446,2598.0,2022,2024,3,blend,jaylin williams
201569,Eric Gordon,7.325,2.442,14281.0,2013,2017,8,blend,eric gordon
1628971,Bruce Brown,7.278,2.426,11372.0,2020,2022,7,blend,bruce brown
1629660,Ty Jerome,7.265,2.422,4126.0,2021,2024,5,blend,ty jerome
201563,Michael Beasley,7.263,2.421,12172.0,2008,2010,8,blend,michael beasley
203469,Cody Zeller,7.239,2.413,7977.0,2015,2018,8,blend,cody zeller
2404,Chris Wilcox,7.123,2.374,10163.0,2005,2007,8,blend,chris wilcox
781,Will Perdue,7.065,2.355,4870.0,1996,1998,4,blend,will perdue
101154,Andray Blatche,7.047,2.349,12295.0,2011,2013,8,blend,andray blatche
1629611,Terance Mann,7.015,2.338,9104.0,2020,2022,6,blend,terance mann
1641726,Dereck Lively II,7.007,3.503,2124.0,2023,2024,2,blend,dereck lively ii
101126,Nate Robinson,6.995,2.332,12395.0,2010,2012,8,blend,nate robinson
1629723,John Konchar,6.986,2.329,5084.0,2020,2022,5,blend,john konchar
920,A.C. Green,6.965,2.322,9409.0,1998,2000,5,blend,a.c. green
2047,Quentin Richardson,6.934,2.311,14963.0,2002,2004,8,blend,quentin richardson
251,Sean Elliott,6.88,2.293,5534.0,1998,2000,5,blend,sean elliott
200782,P.J. Tucker,6.864,2.288,17832.0,2017,2019,8,blend,p.j. tucker
201571,D.J. Augustin,6.851,2.284,13644.0,2013,2017,8,blend,d.j. augustin
1629628,RJ Barrett,6.834,2.278,12811.0,2020,2022,6,blend,rj barrett
1114,Jaren Jackson,6.831,2.277,5908.0,1997,1999,4,blend,jaren jackson
1628415,Dillon Brooks,6.803,2.268,14497.0,2020,2022,8,blend,dillon brooks
1641717,Cason Wallace,6.782,3.391,3566.0,2023,2024,2,blend,cason wallace
1630230,Naji Marshall,6.765,2.255,6404.0,2022,2024,5,blend,naji marshall
1629003,Shake Milton,6.755,2.252,6695.0,2020,2022,7,blend,shake milton
1627780,Gary Payton II,6.734,2.245,3882.0,2021,2023,6,blend,gary payton ii
1626159,Justise Winslow,6.729,2.243,8280.0,2015,2018,7,blend,justise winslow
2557,Luke Ridnour,6.726,2.242,15567.0,2008,2010,8,blend,luke ridnour
1000,Shandon Anderson,6.722,2.241,14133.0,1997,1999,8,blend,shandon anderson
2735,Josh Childress,6.717,2.239,10303.0,2005,2007,6,blend,josh childress
202357,Nemanja Bjelica,6.713,2.238,7982.0,2017,2019,6,blend,nemanja bjelica
198,Danny Ferry,6.712,2.237,9138.0,1999,2001,7,blend,danny ferry
203382,Aron Baynes,6.705,2.235,5940.0,2015,2018,6,blend,aron baynes
1134,Ike Austin,6.672,2.224,7737.0,1996,1998,6,blend,ike austin
1563,Kevin Ollie,6.657,2.219,8649.0,2001,2003,8,blend,kevin ollie
1627736,Malik Beasley,6.646,2.215,13568.0,2022,2024,8,blend,malik beasley
1629111,Jock Landale,6.633,2.211,2830.0,2021,2023,4,blend,jock landale
203107,Tomas Satoransky,6.603,2.201,7894.0,2017,2019,5,blend,tomas satoransky
1628467,Maxi Kleber,6.592,2.197,9831.0,2018,2020,8,blend,maxi kleber
1630194,Paul Reed,6.556,2.185,3083.0,2022,2024,4,blend,paul reed
1626178,Rondae Hollis-Jefferson,6.555,2.185,4888.0,2017,2019,4,blend,rondae hollis-jefferson
203124,Kyle O'Quinn,6.55,2.183,4660.0,2013,2017,6,blend,kyle o'quinn
201949,James Johnson,6.527,2.176,9005.0,2013,2017,8,blend,james johnson
209,Dell Curry,6.515,2.172,6861.0,1996,1998,6,blend,dell curry
2215,Jason Collins,6.503,2.168,13390.0,2001,2003,8,blend,jason collins
216,Brian Shaw,6.502,2.167,8008.0,1999,2001,6,blend,brian shaw
101132,Linas Kleiza,6.492,2.164,8180.0,2006,2008,7,blend,linas kleiza
1629731,Dean Wade,6.491,2.164,5440.0,2022,2024,5,blend,dean wade
983,Moochie Norris,6.395,2.132,7399.0,1999,2001,7,blend,moochie norris
1909,Scott Padgett,6.375,2.125,5479.0,2001,2003,7,blend,scott padgett
1559,Adrian Griffin,6.365,2.122,7848.0,2002,2005,8,blend,adrian griffin
1630166,Deni Avdija,6.357,2.119,9682.0,2022,2024,5,blend,deni avdija
201564,O.J. Mayo,6.345,2.115,15225.0,2009,2011,7,blend,o.j. mayo
1630529,Herbert Jones,6.334,2.111,7252.0,2021,2023,4,blend,herbert jones
2566,Travis Outlaw,6.33,2.11,11502.0,2007,2009,8,blend,travis outlaw
1626168,Trey Lyles,6.322,2.107,9478.0,2021,2023,8,blend,trey lyles
3,Grant Long,6.315,2.105,8081.0,1996,1998,7,blend,grant long
1629640,Keldon Johnson,6.304,2.101,10602.0,2019,2021,6,blend,keldon johnson
201960,DeMarre Carroll,6.288,2.096,9555.0,2013,2017,8,blend,demarre carroll
203933,T.J. Warren,6.28,2.093,7469.0,2018,2022,5,blend,t.j. warren
164,Chris Childs,6.266,2.089,10086.0,1996,1998,6,blend,chris childs
202390,Gary Neal,6.265,2.088,6295.0,2010,2012,5,blend,gary neal
1444,Lawrence Funderburke,6.238,2.079,4705.0,1999,2001,6,blend,lawrence funderburke
1088,Chucky Atkins,6.226,2.075,15898.0,2001,2003,8,blend,chucky atkins
2592,James Jones,6.223,2.074,9089.0,2005,2007,8,blend,james jones
200779,Steve Novak,6.22,2.073,5210.0,2011,2013,7,blend,steve novak
76,Cedric Ceballos,6.21,2.07,5393.0,1996,1998,5,blend,cedric ceballos
420,Jayson Williams,6.188,2.063,4797.0,1996,1998,3,blend,jayson williams
201228,C.J. Watson,6.182,2.061,9661.0,2009,2011,8,blend,c.j. watson
281,Scott Williams,6.181,2.06,7021.0,1997,2000,7,blend,scott williams
202397,Ish Smith,6.172,2.057,9519.0,2017,2019,8,blend,ish smith
203082,Terrence Ross,6.139,2.046,12582.0,2015,2018,8,blend,terrence ross
203488,Mike Muscala,6.11,2.037,5899.0,2020,2022,8,blend,mike muscala
1630183,Jaden McDaniels,6.11,2.037,10454.0,2022,2024,5,blend,jaden mcdaniels
1631099,Keegan Murray,6.082,2.027,7578.0,2022,2024,3,blend,keegan murray
203457,Nerlens Noel,6.078,2.026,6729.0,2018,2020,6,blend,nerlens noel
1628984,Devonte' Graham,6.033,2.011,8356.0,2019,2021,6,blend,devonte' graham
1630188,Jalen Smith,6.02,2.007,4211.0,2021,2023,4,blend,jalen smith
1928,Todd MacCulloch,5.983,1.994,3436.0,1999,2001,4,blend,todd macculloch
1630549,Day'Ron Sharpe,5.921,1.974,2768.0,2022,2024,4,blend,day'ron sharpe
1627884,Derrick Jones Jr.,5.916,1.972,9540.0,2022,2024,8,blend,derrick jones jr.
1607,Troy Hudson,5.878,1.959,10627.0,2001,2003,8,blend,troy hudson
201175,Glen Davis,5.856,1.952,9958.0,2010,2012,7,blend,glen davis
682,Bob Sura,5.847,1.949,12523.0,2001,2003,8,blend,bob sura
1626195,Willy Hernangomez,5.847,1.949,3824.0,2020,2022,6,blend,willy hernangomez
1944,Eddie Robinson,5.839,1.946,5346.0,1999,2001,5,blend,eddie robinson
145,Tracy Murray,5.835,1.945,7593.0,1996,1998,6,blend,tracy murray
49,Gheorghe Muresan,5.818,2.909,2110.0,1996,1999,2,blend,gheorghe muresan
43,Chris Whitney,5.776,1.925,9011.0,1997,1999,7,blend,chris whitney
1065,Erick Strickland,5.768,1.923,9177.0,1998,2000,8,blend,erick strickland
202344,Trevor Booker,5.736,1.912,7560.0,2013,2017,6,blend,trevor booker
1629637,Jaxson Hayes,5.71,1.903,6026.0,2019,2021,6,blend,jaxson hayes
1629622,Max Strus,5.704,1.901,7878.0,2022,2024,5,blend,max strus
2567,Brian Cook,5.702,1.901,5428.0,2004,2006,7,blend,brian cook
1504,Danny Fortson,5.698,1.899,8405.0,1999,2001,8,blend,danny fortson
1627777,Georges Niang,5.613,1.871,9368.0,2020,2022,7,blend,georges niang
203894,Shabazz Napier,5.595,1.865,4461.0,2017,2019,4,blend,shabazz napier
1629162,Jordan McLaughlin,5.582,1.861,4048.0,2021,2023,6,blend,jordan mclaughlin
201580,JaVale McGee,5.545,1.848,9930.0,2012,2017,8,blend,javale mcgee
101131,Jason Maxiell,5.431,1.81,10337.0,2006,2008,8,blend,jason maxiell
201141,Greg Oden,5.419,1.806,2025.0,2008,2013,3,blend,greg oden
203526,Raul Neto,5.387,1.796,6420.0,2017,2019,7,blend,raul neto
203089,John Henson,5.377,1.792,6206.0,2015,2019,5,blend,john henson
202336,Larry Sanders,5.354,1.785,4037.0,2011,2013,4,blend,larry sanders
201581,JJ Hickson,5.346,1.782,10511.0,2012,2015,7,blend,jj hickson
1629674,Neemias Queta,5.344,2.672,1195.0,2023,2024,2,blend,neemias queta
1425,Aaron Williams,5.334,1.778,10152.0,2001,2003,8,blend,aaron williams
203926,Doug McDermott,5.326,1.775,11397.0,2018,2020,8,blend,doug mcdermott
2427,Roger Mason Jr.,5.315,1.772,8766.0,2007,2009,8,blend,roger mason jr.
2429,Dan Gadzuric,5.309,1.77,7312.0,2003,2005,8,blend,dan gadzuric
203484,Kentavious Caldwell-Pope,5.308,1.769,17230.0,2020,2022,8,blend,kentavious caldwell-pope
201150,Spencer Hawes,5.303,1.768,13465.0,2010,2012,8,blend,spencer hawes
1628997,Caleb Martin,5.301,1.767,7560.0,2021,2023,6,blend,caleb martin
911,Ervin Johnson,5.3,1.767,13808.0,1998,2000,8,blend,ervin johnson
1629056,Terence Davis,5.29,1.763,3659.0,2019,2021,4,blend,terence davis
2436,Flip Murray,5.275,1.758,11014.0,2007,2009,7,blend,flip murray
2037,Jamal Crawford,5.255,1.752,16962.0,2002,2004,8,blend,jamal crawford
458,Howard Eisley,5.224,1.741,12678.0,1996,1998,8,blend,howard eisley
200748,Tyrus Thomas,5.144,1.715,7925.0,2008,2010,7,blend,tyrus thomas
201196,Ramon Sessions,5.12,1.707,13724.0,2007,2009,8,blend,ramon sessions
2422,John Salmons,5.097,1.699,15565.0,2007,2009,8,blend,john salmons
1630200,Tre Jones,5.092,1.697,6448.0,2021,2023,5,blend,tre jones
197,Scott Burrell,5.085,1.695,4076.0,1997,1999,4,blend,scott burrell
203521,Matthew Dellavedova,5.079,1.693,5921.0,2013,2017,7,blend,matthew dellavedova
1627788,Furkan Korkmaz,5.052,1.684,5375.0,2018,2020,6,blend,furkan korkmaz
1627739,Kris Dunn,5.016,1.672,8117.0,2022,2024,7,blend,kris dunn
203,Nate McMillan,4.991,2.495,1078.0,1996,1997,2,blend,nate mcmillan
200789,Daniel Gibson,4.951,1.65,9315.0,2007,2009,7,blend,daniel gibson
2743,Kris Humphries,4.918,1.639,8793.0,2009,2011,8,blend,kris humphries
1628418,Thomas Bryant,4.893,1.631,5838.0,2018,2020,7,blend,thomas bryant
202714,Shelvin Mack,4.86,1.62,6356.0,2013,2017,6,blend,shelvin mack
1630171,Isaac Okoro,4.835,1.612,8737.0,2022,2024,5,blend,isaac okoro
203476,Gorgui Dieng,4.825,1.608,7783.0,2015,2018,8,blend,gorgui dieng
1627814,Damion Lee,4.808,1.603,6041.0,2020,2022,6,blend,damion lee
201962,Toney Douglas,4.787,1.596,6933.0,2010,2012,6,blend,toney douglas
2060,Marko Jaric,4.758,1.586,11252.0,2002,2004,7,blend,marko jaric
203095,Evan Fournier,4.744,1.581,14581.0,2018,2020,8,blend,evan fournier
2586,Keith Bogans,4.716,1.572,12981.0,2006,2008,8,blend,keith bogans
1630173,Precious Achiuwa,4.715,1.572,6388.0,2021,2023,5,blend,precious achiuwa
1630700,Dyson Daniels,4.694,1.565,4973.0,2022,2024,3,blend,dyson daniels
203210,JaMychal Green,4.671,1.557,8661.0,2019,2021,7,blend,jamychal green
201953,Eric Maynor,4.659,1.553,3754.0,2009,2012,4,blend,eric maynor
1630214,Xavier Tillman,4.651,1.55,4166.0,2020,2022,5,blend,xavier tillman
201941,Jordan Hill,4.636,1.545,5765.0,2012,2015,6,blend,jordan hill
201973,Jonas Jerebko,4.621,1.54,8861.0,2015,2018,7,blend,jonas jerebko
1627863,Danuel House Jr.,4.617,1.539,6272.0,2017,2019,7,blend,danuel house jr.
1628396,Tony Bradley,4.606,1.535,1896.0,2019,2021,3,blend,tony bradley
101142,Ronny Turiaf,4.597,1.532,7842.0,2006,2008,8,blend,ronny turiaf
1631218,Trayce Jackson-Davis,4.596,2.298,2096.0,2023,2024,2,blend,trayce jackson-davis
1641744,Zach Edey,4.58,4.58,1419.0,2024,2024,1,blend,zach edey
202720,Jon Leuer,4.562,1.521,2853.0,2011,2015,4,blend,jon leuer
101123,Gerald Green,4.52,1.507,8642.0,2011,2013,8,blend,gerald green
203460,Andre Roberson,4.477,1.492,2991.0,2013,2017,3,blend,andre roberson
201975,Jodie Meeks,4.472,1.491,9762.0,2010,2012,6,blend,jodie meeks
2748,Dorell Wright,4.449,1.483,11463.0,2007,2010,7,blend,dorell wright
101133,Ian Mahinmi,4.385,1.462,8466.0,2015,2018,8,blend,ian mahinmi
73,Hot Rod Williams,4.372,1.457,3872.0,1996,1998,3,blend,hot rod williams
101139,CJ Miles,4.372,1.457,8858.0,2008,2010,8,blend,cj miles
203504,Trey Burke,4.367,1.456,7408.0,2015,2018,7,blend,trey burke
417,Sam Mitchell,4.333,1.444,8567.0,1997,1999,6,blend,sam mitchell
2585,Zaza Pachulia,4.306,1.435,11277.0,2006,2008,8,blend,zaza pachulia
201584,Courtney Lee,4.304,1.435,16368.0,2012,2015,8,blend,courtney lee
201946,Tyler Hansbrough,4.295,1.432,6173.0,2010,2012,6,blend,tyler hansbrough
324,Anthony Peeler,4.286,1.429,14174.0,2001,2003,8,blend,anthony peeler
2205,DeSagana Diop,4.285,1.428,7552.0,2005,2007,8,blend,desagana diop
423,Chris Gatling,4.275,1.425,7710.0,1996,1998,6,blend,chris gatling
203093,Terrence Jones,4.23,1.41,3395.0,2012,2015,3,blend,terrence jones
2137,Ime Udoka,4.211,1.404,5443.0,2007,2009,4,blend,ime udoka
1626163,Frank Kaminsky,4.207,1.402,6023.0,2018,2020,6,blend,frank kaminsky
1629012,Collin Sexton,4.198,1.399,12167.0,2022,2024,7,blend,collin sexton
278,Stacey Augmon,4.177,1.392,8730.0,2000,2002,8,blend,stacey augmon
203473,Dewayne Dedmon,4.164,1.388,6725.0,2019,2021,8,blend,dewayne dedmon
203118,Mike Scott,4.164,1.388,7870.0,2015,2018,7,blend,mike scott
101177,Fabricio Oberto,4.162,1.387,4821.0,2006,2008,5,blend,fabricio oberto
203090,Maurice Harkless,4.161,1.387,11129.0,2015,2018,8,blend,maurice harkless
433,Buck Williams,4.16,2.08,2240.0,1996,1997,2,blend,buck williams
2039,Keyon Dooling,4.131,1.377,10492.0,2005,2007,8,blend,keyon dooling
2554,Mickael Pietrus,4.112,1.371,10638.0,2007,2009,8,blend,mickael pietrus
760,Jerome Kersey,4.105,1.368,4738.0,1996,1998,5,blend,jerome kersey
677,Eric Williams,4.095,1.365,13638.0,2001,2003,8,blend,eric williams
673,Alan Henderson,4.09,1.363,11346.0,1996,1998,8,blend,alan henderson
958,Vitaly Potapenko,4.089,1.363,10906.0,1997,1999,8,blend,vitaly potapenko
1630591,Jalen Suggs,4.083,1.361,5577.0,2022,2024,4,blend,jalen suggs
202389,Timofey Mozgov,4.039,1.346,5026.0,2012,2015,6,blend,timofey mozgov
1853,Anthony Carter,4.037,1.346,10508.0,2005,2008,8,blend,anthony carter
1630241,Sam Merrill,4.021,1.34,2700.0,2020,2024,3,blend,sam merrill
101111,Charlie Villanueva,4.011,1.337,12536.0,2006,2008,8,blend,charlie villanueva
1629018,Gary Trent Jr.,4.009,1.336,11592.0,2020,2022,6,blend,gary trent jr.
955,Samaki Walker,4.007,1.336,7458.0,1999,2001,8,blend,samaki walker
203143,Pablo Prigioni,3.991,1.33,3364.0,2012,2015,3,blend,pablo prigioni
1533,Anthony Johnson,3.978,1.326,8874.0,2002,2004,8,blend,anthony johnson
288,Armen Gilliam,3.955,1.318,5626.0,1997,1999,4,blend,armen gilliam
899,Mark Price,3.914,1.957,3306.0,1996,1997,2,blend,mark price
1629014,Anfernee Simons,3.913,1.304,10279.0,2020,2022,6,blend,anfernee simons
938,Rony Seikaly,3.91,1.955,4253.0,1996,1997,2,blend,rony seikaly
203957,Danté Exum,3.892,1.297,2846.0,2018,2023,5,blend,danté exum
2756,Sasha Vujacic,3.881,1.294,8499.0,2007,2009,8,blend,sasha vujacic
1630541,Moses Moody,3.874,1.291,4233.0,2022,2024,4,blend,moses moody
201977,Marcus Thornton,3.852,1.284,10003.0,2009,2011,6,blend,marcus thornton
1531,Marc Jackson,3.844,1.281,7558.0,2002,2004,7,blend,marc jackson
201177,Josh McRoberts,3.835,1.278,7571.0,2008,2010,7,blend,josh mcroberts
201958,Rodrigue Beaubois,3.829,1.276,2895.0,2009,2011,4,blend,rodrigue beaubois
200769,Shannon Brown,3.804,1.268,7235.0,2008,2010,8,blend,shannon brown
1630540,Miles McBride,3.773,1.258,4053.0,2022,2024,4,blend,miles mcbride
428,Sherman Douglas,3.732,1.244,6251.0,1996,1998,5,blend,sherman douglas
1642276,Kel'el Ware,3.705,3.705,1421.0,2024,2024,1,blend,kel'el ware
901,Otis Thorpe,3.642,1.214,7821.0,1996,1998,5,blend,otis thorpe
1626162,Kelly Oubre Jr.,3.612,1.204,14052.0,2019,2021,8,blend,kelly oubre jr.
180,John Crotty,3.594,1.198,3424.0,1999,2001,6,blend,john crotty
1631109,Mark Williams,3.593,1.198,2510.0,2022,2024,3,blend,mark williams
15,Eric Piatkowski,3.569,1.19,11362.0,2000,2002,8,blend,eric piatkowski
1629669,Jaylen Nowell,3.491,1.164,3201.0,2021,2023,4,blend,jaylen nowell
1631107,Nikola Jović,3.489,1.163,2256.0,2022,2024,3,blend,nikola jović
45,George McCloud,3.488,1.163,9907.0,1997,1999,6,blend,george mccloud
2501,Reggie Evans,3.485,1.162,10379.0,2004,2006,8,blend,reggie evans
202332,Cole Aldrich,3.481,1.16,1516.0,2012,2015,3,blend,cole aldrich
2,Byron Scott,3.463,3.463,1438.0,1996,1996,1,blend,byron scott
201985,AJ Price,3.445,1.148,3507.0,2009,2011,4,blend,aj price
1629134,Kendrick Nunn,3.429,1.143,4581.0,2019,2022,3,blend,kendrick nunn
2230,Maurice Evans,3.408,1.136,10858.0,2005,2007,8,blend,maurice evans
201274,Ivan Johnson,3.398,1.699,1970.0,2011,2012,2,blend,ivan johnson
202697,Iman Shumpert,3.379,1.126,7976.0,2012,2015,7,blend,iman shumpert
461,Popeye Jones,3.352,1.117,6099.0,1999,2001,7,blend,popeye jones
1630590,Scotty Pippen Jr.,3.348,1.674,2210.0,2023,2024,2,blend,scotty pippen jr.
2410,Fred Jones,3.34,1.113,10177.0,2003,2005,6,blend,fred jones
1720,Michael Doleac,3.316,1.105,7824.0,1998,2000,8,blend,michael doleac
2552,Michael Sweetney,3.306,1.102,3602.0,2003,2005,4,blend,michael sweetney
201601,Luc Mbah a Moute,3.303,1.101,12258.0,2009,2011,8,blend,luc mbah a moute
1629631,De'Andre Hunter,3.302,1.101,9820.0,2022,2024,6,blend,de'andre hunter
187,Terry Cummings,3.301,1.1,3416.0,1996,1998,4,blend,terry cummings
1737,Nazr Mohammed,3.272,1.091,10905.0,2003,2005,8,blend,nazr mohammed
1629626,Bol Bol,3.242,1.081,2424.0,2022,2024,3,blend,bol bol
1629023,P.J. Washington,3.212,1.071,11912.0,2019,2021,6,blend,p.j. washington
1628365,Markelle Fultz,3.125,1.042,5938.0,2021,2023,7,blend,markelle fultz
1629006,Josh Okogie,3.109,1.036,7954.0,2022,2024,7,blend,josh okogie
201158,Marco Belinelli,3.067,1.022,11744.0,2011,2013,8,blend,marco belinelli
200816,Jorge Garbajosa,3.061,3.061,1910.0,2006,2006,1,blend,jorge garbajosa
1641715,Cam Whitmore,3.06,1.53,1705.0,2023,2024,2,blend,cam whitmore
1074,Matt Maloney,3.025,1.008,7182.0,1996,1999,4,blend,matt maloney
200764,Renaldo Balkman,3.025,1.008,2789.0,2006,2008,3,blend,renaldo balkman
203077,Michael Kidd-Gilchrist,3.005,1.002,7040.0,2013,2017,6,blend,michael kidd-gilchrist
203092,Tyler Zeller,2.988,0.996,4900.0,2013,2017,4,blend,tyler zeller
201578,Marreese Speights,2.981,0.994,8155.0,2010,2012,8,blend,marreese speights
441,Lamond Murray,2.98,0.993,13523.0,1999,2001,8,blend,lamond murray
201229,Anthony Tolliver,2.95,0.983,9236.0,2013,2017,8,blend,anthony tolliver
970,Othella Harrington,2.948,0.983,11433.0,2000,2002,8,blend,othella harrington
1628395,Jordan Bell,2.937,0.979,1853.0,2017,2019,3,blend,jordan bell
1629308,Juan Toscano-Anderson,2.935,0.978,3074.0,2019,2021,4,blend,juan toscano-anderson
146,Jud Buechler,2.916,0.972,4432.0,1996,1998,6,blend,jud buechler
1631165,Keon Ellis,2.9,1.45,2932.0,2023,2024,2,blend,keon ellis
1761,Greg Buckner,2.874,0.958,9488.0,2000,2002,8,blend,greg buckner
1629659,Talen Horton-Tucker,2.874,0.958,5866.0,2020,2022,5,blend,talen horton-tucker
202340,Avery Bradley,2.873,0.958,12323.0,2012,2015,8,blend,avery bradley
1742,Shammond Williams,2.868,0.956,5347.0,2000,2002,6,blend,shammond williams
202692,Alec Burks,2.865,0.955,10508.0,2018,2020,8,blend,alec burks
1548,Mark Blount,2.849,0.95,13783.0,2003,2005,8,blend,mark blount
1629750,Javonte Green,2.849,0.95,4431.0,2021,2023,6,blend,javonte green
101124,Hakim Warrick,2.845,0.948,10618.0,2008,2010,8,blend,hakim warrick
101189,James Singleton,2.84,0.947,3261.0,2005,2008,5,blend,james singleton
204020,Tyler Johnson,2.82,0.94,5836.0,2015,2018,5,blend,tyler johnson
219,Vinny Del Negro,2.805,0.935,7187.0,1997,1999,5,blend,vinny del negro
202954,Brad Wanamaker,2.797,0.932,3087.0,2018,2020,4,blend,brad wanamaker
203493,Reggie Bullock Jr.,2.778,0.926,11334.0,2019,2021,8,blend,reggie bullock jr.
2221,Raul Lopez,2.777,1.389,2141.0,2003,2004,2,blend,raul lopez
1630,Mikki Moore,2.747,0.916,8463.0,1999,2001,8,blend,mikki moore
1628988,Aaron Holiday,2.747,0.916,7367.0,2022,2024,7,blend,aaron holiday
1629002,Chimezie Metu,2.746,0.915,3311.0,2021,2023,4,blend,chimezie metu
202962,Greg Smith,2.705,2.705,1113.0,2012,2012,1,blend,greg smith
1629645,Kevin Porter Jr.,2.694,0.898,7413.0,2021,2024,5,blend,kevin porter jr.
2457,Jannero Pargo,2.694,0.898,6624.0,2005,2007,8,blend,jannero pargo
1110,Mark Strickland,2.692,0.897,3241.0,1997,1999,5,blend,mark strickland
2050,Morris Peterson,2.691,0.897,17847.0,2003,2005,8,blend,morris peterson
1709,Michael Olowokandi,2.667,0.889,12895.0,2001,2003,8,blend,michael olowokandi
994,Jamie Feick,2.653,0.884,4168.0,1997,1999,4,blend,jamie feick
101144,Von Wafer,2.639,0.88,2242.0,2008,2011,3,blend,von wafer
1631097,Bennedict Mathurin,2.636,0.879,5916.0,2022,2024,3,blend,bennedict mathurin
201967,Dante Cunningham,2.635,0.878,11572.0,2011,2013,8,blend,dante cunningham
1922,Francisco Elson,2.625,0.875,7119.0,2004,2006,7,blend,francisco elson
203481,Jeff Withey,2.614,1.307,1342.0,2013,2015,2,blend,jeff withey
1629684,Grant Williams,2.611,0.87,8714.0,2020,2022,6,blend,grant williams
1628963,Marvin Bagley III,2.599,0.866,6476.0,2018,2020,7,blend,marvin bagley iii
1626257,Salah Mejri,2.589,0.863,1523.0,2015,2018,3,blend,salah mejri
203086,Meyers Leonard,2.555,0.852,5061.0,2017,2019,6,blend,meyers leonard
65,Greg Minor,2.534,0.845,2438.0,1996,1998,3,blend,greg minor
1630174,Aaron Nesmith,2.53,0.843,6172.0,2022,2024,5,blend,aaron nesmith
1631170,Jaime Jaquez Jr.,2.519,1.26,3481.0,2023,2024,2,blend,jaime jaquez jr.
1630560,Cam Thomas,2.467,0.822,4978.0,2022,2024,4,blend,cam thomas
365,Derrick McKey,2.463,0.821,5406.0,1997,1999,6,blend,derrick mckey
200835,Walter Herrmann,2.46,0.82,1941.0,2006,2008,3,blend,walter herrmann
976,Jeff McInnis,2.432,0.811,13709.0,2001,2003,8,blend,jeff mcinnis
101180,Sarunas Jasikevicius,2.428,1.214,2530.0,2005,2006,2,blend,sarunas jasikevicius
1442,Zeljko Rebraca,2.412,0.804,3274.0,2001,2003,5,blend,zeljko rebraca
1641709,Ausar Thompson,2.396,1.198,2909.0,2023,2024,2,blend,ausar thompson
721,Tyus Edney,2.391,0.797,2265.0,1996,2000,3,blend,tyus edney
679,Jason Caffey,2.368,0.789,8501.0,1996,1998,7,blend,jason caffey
203105,Festus Ezeli,2.367,1.183,1891.0,2012,2015,2,blend,festus ezeli
1502,Adonal Foyle,2.34,0.78,9932.0,2002,2004,8,blend,adonal foyle
1629013,Landry Shamet,2.301,0.767,8386.0,2020,2022,7,blend,landry shamet
1630543,Isaiah Jackson,2.293,0.764,2348.0,2021,2023,3,blend,isaiah jackson
2035,DerMarr Johnson,2.287,0.762,5875.0,2003,2005,6,blend,dermarr johnson
101235,Kelenna Azubuike,2.282,0.761,5008.0,2007,2009,4,blend,kelenna azubuike
202970,Gustavo Ayon,2.264,0.755,2257.0,2011,2013,3,blend,gustavo ayon
1921,Gordan Giricek,2.263,0.754,8820.0,2004,2006,6,blend,gordan giricek
916,Corie Blount,2.258,0.753,7622.0,1996,1998,8,blend,corie blount
203458,Alex Len,2.256,0.752,8134.0,2017,2019,8,blend,alex len
201573,Jerryd Bayless,2.249,0.75,10041.0,2011,2013,8,blend,jerryd bayless
203145,Kent Bazemore,2.245,0.748,10259.0,2015,2018,8,blend,kent bazemore
2054,Jake Tsakalidis,2.202,0.734,5006.0,2003,2005,7,blend,jake tsakalidis
1628380,Zach Collins,2.19,0.73,7136.0,2018,2021,7,blend,zach collins
1642270,Donovan Clingan,2.187,2.187,1327.0,2024,2024,1,blend,donovan clingan
2078,Jason Hart,2.182,0.727,5165.0,2003,2005,6,blend,jason hart
2198,Kwame Brown,2.17,0.723,10549.0,2005,2007,8,blend,kwame brown
2484,Devin Brown,2.167,0.722,8919.0,2004,2006,7,blend,devin brown
1714,Robert Traylor,2.138,0.713,6234.0,2001,2003,7,blend,robert traylor
969,Travis Knight,2.103,0.701,4574.0,1996,1998,7,blend,travis knight
203101,Miles Plumlee,2.088,0.696,3751.0,2013,2017,3,blend,miles plumlee
203953,Jabari Parker,2.084,0.695,5794.0,2017,2019,4,blend,jabari parker
1627812,Yogi Ferrell,2.078,0.693,3875.0,2017,2019,3,blend,yogi ferrell
672,Matt Bullard,2.077,0.692,5000.0,1998,2000,6,blend,matt bullard
1627767,Cheick Diallo,2.074,0.691,1958.0,2017,2019,3,blend,cheick diallo
111,LaPhonso Ellis,2.051,0.684,10837.0,1998,2000,7,blend,laphonso ellis
1630611,Gui Santos,2.04,2.04,762.0,2024,2024,1,blend,gui santos
202725,Josh Harrellson,2.039,1.019,857.0,2011,2013,2,blend,josh harrellson
1630572,Sandro Mamukelashvili,2.004,0.668,2198.0,2022,2024,4,blend,sandro mamukelashvili
203901,Elfrid Payton,1.998,0.666,9000.0,2018,2020,7,blend,elfrid payton
1730,Brian Skinner,1.992,0.664,7571.0,2001,2003,8,blend,brian skinner
1642377,Jaylen Wells,1.985,1.985,2046.0,2024,2024,1,blend,jaylen wells
2036,Chris Mihm,1.984,0.661,8649.0,2003,2005,7,blend,chris mihm
1630209,Omer Yurtseven,1.947,0.974,1253.0,2021,2023,2,blend,omer yurtseven
202687,Bismack Biyombo,1.931,0.644,11164.0,2013,2017,8,blend,bismack biyombo
201153,Julian Wright,1.924,0.641,3045.0,2007,2009,4,blend,julian wright
201965,Jeff Ayres,1.907,0.636,1725.0,2009,2013,3,blend,jeff ayres
2866,Jackie Butler,1.901,1.901,737.0,2005,2005,1,blend,jackie butler
203512,Lucas Nogueira,1.887,0.943,640.0,2015,2017,2,blend,lucas nogueira
1631260,AJ Green,1.881,0.627,2620.0,2022,2024,3,blend,aj green
1924,Lee Nailon,1.877,0.626,5816.0,2000,2002,6,blend,lee nailon
785,Eric Murdock,1.871,0.624,2486.0,1997,1999,3,blend,eric murdock
2733,Shaun Livingston,1.861,0.62,8786.0,2008,2010,8,blend,shaun livingston
1727,Pat Garrity,1.855,0.618,10756.0,2000,2002,8,blend,pat garrity
1508,Maurice Taylor,1.838,0.613,13225.0,2000,2003,8,blend,maurice taylor
203918,Rodney Hood,1.83,0.61,8319.0,2015,2018,6,blend,rodney hood
1735,Vladimir Stepania,1.821,0.607,3727.0,2001,2003,6,blend,vladimir stepania
1629656,Quentin Grimes,1.793,0.598,5945.0,2022,2024,4,blend,quentin grimes
1630170,Devin Vassell,1.783,0.594,8405.0,2021,2023,5,blend,devin vassell
2201,Eddy Curry,1.777,0.592,12951.0,2002,2004,7,blend,eddy curry
202734,E'Twaun Moore,1.764,0.588,10236.0,2015,2018,8,blend,e'twaun moore
1630182,Josh Green,1.759,0.586,6420.0,2020,2022,5,blend,josh green
1631157,Ryan Rollins,1.756,1.756,818.0,2024,2024,1,blend,ryan rollins
753,Randy Brown,1.736,0.579,6470.0,1996,1998,6,blend,randy brown
63,Michael Smith,1.728,0.576,7426.0,1996,1998,5,blend,michael smith
1642349,Ajay Mitchell,1.727,1.727,598.0,2024,2024,1,blend,ajay mitchell
200745,Andrea Bargnani,1.725,0.575,14398.0,2009,2011,8,blend,andrea bargnani
1500,Ron Mercer,1.724,0.575,13411.0,1997,1999,8,blend,ron mercer
201945,Gerald Henderson,1.722,0.574,9880.0,2012,2015,6,blend,gerald henderson
201,Chris Dudley,1.707,0.569,4778.0,1996,1998,6,blend,chris dudley
1630538,Bones Hyland,1.689,0.563,3175.0,2021,2023,4,blend,bones hyland
956,Erick Dampier,1.688,0.563,12776.0,2001,2003,8,blend,erick dampier
200783,Craig Smith,1.686,0.562,6820.0,2008,2010,6,blend,craig smith
292,Anthony Miller,1.647,0.549,952.0,1997,1999,3,blend,anthony miller
203142,Chris Copeland,1.638,0.819,1129.0,2012,2013,2,blend,chris copeland
2040,Jerome Moiso,1.633,0.817,1054.0,2002,2003,2,blend,jerome moiso
201160,Jason Smith,1.628,0.543,6989.0,2010,2012,8,blend,jason smith
1629614,Andrew Nembhard,1.626,0.542,5648.0,2022,2024,3,blend,andrew nembhard
201589,Darrell Arthur,1.605,0.535,7182.0,2010,2013,6,blend,darrell arthur
202327,Ekpe Udoh,1.603,0.534,5570.0,2010,2012,6,blend,ekpe udoh
1744,Jerome James,1.589,0.53,4719.0,2001,2003,6,blend,jerome james
906,Haywoode Workman,1.587,0.793,1164.0,1998,1999,2,blend,haywoode workman
932,Oliver Miller,1.565,0.522,4369.0,1996,1999,4,blend,oliver miller
2446,Rasual Butler,1.556,0.519,13674.0,2003,2005,8,blend,rasual butler
202379,Jeremy Evans,1.551,0.517,2352.0,2010,2012,5,blend,jeremy evans
1631172,Ousmane Dieng,1.549,0.516,1339.0,2022,2024,3,blend,ousmane dieng
1631243,Mouhamed Gueye,1.534,1.534,531.0,2024,2024,1,blend,mouhamed gueye
182,Billy Owens,1.533,0.511,6891.0,1996,1998,5,blend,billy owens
2470,Smush Parker,1.526,0.509,6927.0,2005,2007,4,blend,smush parker
201574,Jason Thompson,1.524,0.508,12831.0,2009,2011,7,blend,jason thompson
1630643,Jay Huff,1.523,1.523,749.0,2024,2024,1,blend,jay huff
101179,Ronnie Price,1.506,0.502,4812.0,2007,2009,8,blend,ronnie price
202341,James Anderson,1.504,0.501,4321.0,2010,2012,5,blend,james anderson
1731,Tyronn Lue,1.5,0.5,11718.0,2000,2002,8,blend,tyronn lue
202730,Lavoy Allen,1.499,0.5,4958.0,2012,2015,4,blend,lavoy allen
101118,Sean May,1.494,0.498,1867.0,2005,2008,4,blend,sean may
203079,Dion Waiters,1.493,0.498,8246.0,2012,2015,6,blend,dion waiters
101143,Travis Diener,1.489,0.496,2608.0,2006,2008,4,blend,travis diener
2545,Darko Milicic,1.486,0.495,8472.0,2004,2006,8,blend,darko milicic
386,Elliot Perry,1.481,0.494,4946.0,1998,2000,5,blend,elliot perry
201979,Nick Calathes,1.477,1.477,1172.0,2013,2013,1,blend,nick calathes
692,Andrew DeClercq,1.464,0.488,9579.0,2000,2002,8,blend,andrew declercq
1631217,Moussa Diabaté,1.454,1.454,1242.0,2024,2024,1,blend,moussa diabaté
202700,Donatas Motiejunas,1.424,0.475,2039.0,2012,2015,3,blend,donatas motiejunas
1628964,Mo Bamba,1.423,0.474,6121.0,2022,2024,7,blend,mo bamba
953,Lorenzen Wright,1.401,0.467,13234.0,2001,2003,8,blend,lorenzen wright
1594,Rick Brunson,1.395,0.465,4224.0,2001,2004,7,blend,rick brunson
203544,Pero Antic,1.389,1.389,925.0,2013,2013,1,blend,pero antic
203920,Khem Birch,1.373,0.458,4664.0,2017,2019,5,blend,khem birch
201611,Henry Walker,1.372,0.457,2392.0,2009,2011,4,blend,henry walker
988,Randy Livingston,1.37,1.37,2283.0,1999,1999,3,blend,randy livingston
203961,Eric Moreland,1.353,1.353,804.0,2017,2017,1,blend,eric moreland
1629004,Svi Mykhailiuk,1.347,0.449,5391.0,2021,2023,7,blend,svi mykhailiuk
919,Loy Vaught,1.339,0.446,4421.0,1996,1998,5,blend,loy vaught
202,Gary Grant,1.335,0.667,725.0,1996,1997,2,blend,gary grant
201627,Anthony Morrow,1.334,0.445,9757.0,2012,2015,7,blend,anthony morrow
1630322,Lindy Waters III,1.311,0.437,2055.0,2022,2024,4,blend,lindy waters iii
203186,Willie Reed,1.296,0.648,854.0,2015,2017,2,blend,willie reed
201202,Joel Anthony,1.274,0.425,6243.0,2010,2012,6,blend,joel anthony
384,Calbert Cheaney,1.273,0.424,14822.0,2002,2004,8,blend,calbert cheaney
2431,David Andersen,1.273,0.637,1260.0,2009,2010,2,blend,david andersen
2032,Darius Miles,1.264,0.421,11720.0,2000,2002,7,blend,darius miles
1628975,Jevon Carter,1.23,0.41,6276.0,2022,2024,7,blend,jevon carter
2745,Kirk Snyder,1.227,0.409,3531.0,2005,2007,4,blend,kirk snyder
202706,Jordan Hamilton,1.226,0.409,1977.0,2011,2013,4,blend,jordan hamilton
200749,Shelden Williams,1.188,0.396,5586.0,2008,2010,6,blend,shelden williams
2562,Sasha Pavlovic,1.178,0.393,7828.0,2004,2006,8,blend,sasha pavlovic
1642366,Quinten Post,1.175,1.175,685.0,2024,2024,1,blend,quinten post
1628408,PJ Dozier,1.163,0.388,1842.0,2019,2021,3,blend,pj dozier
1628462,Milos Teodosic,1.163,1.163,1134.0,2017,2017,1,blend,milos teodosic
101110,Martell Webster,1.145,0.382,13559.0,2011,2013,8,blend,martell webster
2421,Frank Williams,1.143,1.143,711.0,2003,2003,1,blend,frank williams
2679,Matt Carroll,1.141,0.38,7405.0,2004,2006,7,blend,matt carroll
201161,Daequan Cook,1.138,0.379,5993.0,2009,2011,6,blend,daequan cook
85,Brent Price,1.136,0.379,2956.0,1996,1998,4,blend,brent price
1760,Derrick Dial,1.133,0.566,502.0,2000,2001,2,blend,derrick dial
1627790,Ante Zizic,1.126,0.375,1514.0,2017,2019,3,blend,ante zizic
1917,Wang Zhi-zhi,1.1,0.55,1004.0,2001,2002,2,blend,wang zhi-zhi
1631095,Jabari Smith Jr.,1.086,0.362,6589.0,2022,2024,3,blend,jabari smith jr.
192,Dennis Scott,1.08,0.36,6458.0,1996,1998,4,blend,dennis scott
101249,John Lucas III,1.073,0.358,2528.0,2011,2013,4,blend,john lucas iii
1631115,Orlando Robinson,1.045,0.348,1497.0,2022,2024,3,blend,orlando robinson
2499,Richie Frahm,1.043,0.348,1292.0,2003,2005,3,blend,richie frahm
202682,Derrick Williams,1.019,0.34,6587.0,2012,2015,4,blend,derrick williams
204038,Langston Galloway,1.015,0.338,6781.0,2015,2018,5,blend,langston galloway
1631100,AJ Griffin,1.009,1.009,1404.0,2022,2022,1,blend,aj griffin
1628455,Mike James,1.006,0.503,924.0,2017,2020,2,blend,mike james
2243,Brian Scalabrine,1.003,0.334,6075.0,2002,2004,8,blend,brian scalabrine
203489,Nate Wolters,1.003,1.003,1311.0,2013,2013,1,blend,nate wolters
203943,Noah Vonleh,1.002,0.334,4143.0,2017,2019,4,blend,noah vonleh
390,Sasha Danilovic,1.0,1.0,1786.0,1996,1996,1,blend,sasha danilovic
1630205,Lamar Stevens,0.998,0.333,3195.0,2021,2023,4,blend,lamar stevens
1631132,Christian Koloko,0.988,0.494,1141.0,2022,2024,2,blend,christian koloko
201576,Anthony Randolph,0.988,0.329,3838.0,2008,2010,6,blend,anthony randolph
101113,Ike Diogu,0.981,0.327,2778.0,2005,2007,5,blend,ike diogu
698,Eddie Johnson,0.96,0.48,2402.0,1996,1997,2,blend,eddie johnson
2553,Jarvis Hayes,0.925,0.308,9902.0,2007,2009,7,blend,jarvis hayes
203487,Michael Carter-Williams,0.908,0.303,6904.0,2017,2019,6,blend,michael carter-williams
1628998,Cody Martin,0.864,0.288,5542.0,2019,2021,5,blend,cody martin
1125,Larry Stewart,0.862,0.862,980.0,1996,1996,1,blend,larry stewart
674,Reggie Jordan,0.856,0.285,1024.0,1997,1999,3,blend,reggie jordan
200767,Josh Boone,0.856,0.285,4480.0,2006,2008,4,blend,josh boone
2424,Dan Dickau,0.845,0.282,4610.0,2005,2007,6,blend,dan dickau
690,Don Reid,0.843,0.281,4361.0,1998,2000,6,blend,don reid
1641854,Craig Porter Jr.,0.835,0.418,1163.0,2023,2024,2,blend,craig porter jr.
1630264,Anthony Gill,0.831,0.277,2169.0,2021,2023,5,blend,anthony gill
203459,Allen Crabbe,0.825,0.275,6090.0,2015,2018,4,blend,allen crabbe
2098,Slava Medvedenko,0.815,0.272,3215.0,2001,2003,4,blend,slava medvedenko
1629117,Wenyen Gabriel,0.805,0.268,1861.0,2020,2022,4,blend,wenyen gabriel
1629234,Drew Eubanks,0.802,0.267,5769.0,2022,2024,6,blend,drew eubanks
2041,Etan Thomas,0.796,0.265,7003.0,2001,2003,8,blend,etan thomas
1629103,Kelan Martin,0.788,0.263,1268.0,2019,2021,3,blend,kelan martin
1630692,Jordan Goodwin,0.788,0.263,2700.0,2022,2024,3,blend,jordan goodwin
200811,Lou Amundson,0.787,0.262,4224.0,2008,2010,6,blend,lou amundson
359,Chucky Brown,0.773,0.258,4597.0,1997,1999,5,blend,chucky brown
1626155,Sam Dekker,0.769,0.385,1673.0,2017,2018,2,blend,sam dekker
1627740,Henry Ellenson,0.763,0.381,589.0,2017,2018,2,blend,henry ellenson
1630233,Nathan Knight,0.756,0.252,836.0,2020,2022,3,blend,nathan knight
1630256,Jae'Sean Tate,0.751,0.25,6403.0,2022,2024,5,blend,jae'sean tate
1628425,Sterling Brown,0.751,0.25,4431.0,2017,2019,5,blend,sterling brown
2124,Malik Allen,0.733,0.244,6916.0,2004,2006,8,blend,malik allen
1626273,Marcelo Huertas,0.731,0.731,869.0,2015,2015,1,blend,marcelo huertas
289,Ledell Eackles,0.728,0.728,546.0,1997,1997,1,blend,ledell eackles
29,Jim McIlvaine,0.725,0.242,4011.0,1996,1998,4,blend,jim mcilvaine
1629650,Moses Brown,0.724,0.241,1760.0,2021,2023,4,blend,moses brown
1631246,Vince Williams Jr.,0.718,0.359,1935.0,2023,2024,2,blend,vince williams jr.
1641794,Dillon Jones,0.717,0.717,551.0,2024,2024,1,blend,dillon jones
1629618,Jalen Pickett,0.715,0.715,666.0,2024,2024,1,blend,jalen pickett
1628021,David Nwaba,0.707,0.236,4182.0,2019,2021,5,blend,david nwaba
1630539,Kai Jones,0.699,0.349,1015.0,2022,2024,2,blend,kai jones
1628372,Dennis Smith Jr.,0.67,0.223,7604.0,2021,2023,7,blend,dennis smith jr.
1629185,Chris Chiozza,0.668,0.223,1004.0,2019,2021,3,blend,chris chiozza
1627752,Taurean Prince,0.663,0.221,13420.0,2019,2021,8,blend,taurean prince
1630688,Ish Wainright,0.659,0.33,1278.0,2021,2022,2,blend,ish wainright
202716,Jordan Williams,0.655,0.655,636.0,2011,2011,1,blend,jordan williams
1642272,Jared McCain,0.653,0.653,591.0,2024,2024,1,blend,jared mccain
200809,Chris Quinn,0.652,0.217,3223.0,2006,2008,5,blend,chris quinn
1627774,Jake Layman,0.647,0.216,2690.0,2018,2020,4,blend,jake layman
1628972,Troy Brown Jr.,0.634,0.211,6776.0,2018,2020,6,blend,troy brown jr.
101155,Ryan Gomes,0.584,0.195,13442.0,2005,2007,7,blend,ryan gomes
178,Olden Polynice,0.579,0.193,9261.0,1998,2000,5,blend,olden polynice
1629052,Oshae Brissett,0.576,0.192,3798.0,2021,2023,4,blend,oshae brissett
203141,Mirza Teletovic,0.574,0.191,3578.0,2012,2015,3,blend,mirza teletovic
1627756,Denzel Valentine,0.573,0.191,3840.0,2019,2021,4,blend,denzel valentine
1631221,Collin Gillespie,0.567,0.284,688.0,2023,2024,2,blend,collin gillespie
914,Stanley Roberts,0.554,0.277,1710.0,1996,1997,2,blend,stanley roberts
769,B.J. Armstrong,0.547,0.182,2789.0,1996,1998,4,blend,b.j. armstrong
202399,Jeff Adrien,0.533,0.267,1672.0,2012,2013,2,blend,jeff adrien
203960,JaKarr Sampson,0.532,0.177,2289.0,2017,2020,4,blend,jakarr sampson
1630570,Trendon Watford,0.529,0.176,3821.0,2022,2024,4,blend,trendon watford
201858,Cartier Martin,0.518,0.173,3147.0,2010,2012,6,blend,cartier martin
1763,Ryan Bowen,0.518,0.173,6250.0,2001,2003,8,blend,ryan bowen
1892,Trajan Langdon,0.513,0.257,1593.0,2000,2001,2,blend,trajan langdon
200771,Sergio Rodriguez,0.503,0.168,3764.0,2007,2009,4,blend,sergio rodriguez
1628426,Sasha Vezenkov,0.501,0.501,512.0,2023,2023,1,blend,sasha vezenkov
202178,Sundiata Gaines,0.482,0.161,1310.0,2009,2011,3,blend,sundiata gaines
1847,Thurl Bailey,0.475,0.475,546.0,1998,1998,1,blend,thurl bailey
201178,Kyrylo Fesenko,0.472,0.236,862.0,2009,2010,2,blend,kyrylo fesenko
1627854,Bryn Forbes,0.469,0.156,8298.0,2020,2022,6,blend,bryn forbes
203503,Tony Snell,0.465,0.155,9342.0,2015,2018,7,blend,tony snell
203133,Robbie Hummel,0.462,0.462,657.0,2013,2013,1,blend,robbie hummel
1630568,Luka Garza,0.459,0.153,852.0,2021,2024,3,blend,luka garza
1627824,Guerschon Yabusele,0.451,0.451,2381.0,2024,2024,3,blend,guerschon yabusele
2208,Kedrick Brown,0.45,0.15,1883.0,2001,2003,3,blend,kedrick brown
1628410,Edmond Sumner,0.447,0.149,2251.0,2019,2022,4,blend,edmond sumner
101121,Joey Graham,0.443,0.148,6119.0,2006,2008,6,blend,joey graham
129,Dino Radja,0.438,0.438,872.0,1996,1996,1,blend,dino radja
203103,Perry Jones III,0.426,0.213,1044.0,2012,2013,2,blend,perry jones iii
1629671,Miye Oni,0.422,0.422,518.0,2020,2020,1,blend,miye oni
1641740,Jaylen Clark,0.418,0.418,520.0,2024,2024,1,blend,jaylen clark
1630215,Jared Butler,0.417,0.139,1969.0,2021,2024,3,blend,jared butler
173,Keith Askins,0.397,0.132,2867.0,1996,1998,3,blend,keith askins
201986,Nando De Colo,0.39,0.195,1415.0,2012,2013,2,blend,nando de colo
95,Mark Bryant,0.389,0.13,5239.0,1996,1998,5,blend,mark bryant
201595,Joey Dorsey,0.384,0.384,520.0,2010,2010,1,blend,joey dorsey
1629680,Matisse Thybulle,0.376,0.125,7270.0,2019,2021,6,blend,matisse thybulle
201603,Sonny Weems,0.374,0.374,3281.0,2009,2009,3,blend,sonny weems
1642265,Rob Dillingham,0.354,0.354,514.0,2024,2024,1,blend,rob dillingham
418,Scott Brooks,0.353,0.176,557.0,1996,1997,2,blend,scott brooks
203094,Andrew Nicholson,0.352,0.117,3246.0,2012,2015,3,blend,andrew nicholson
1627746,Skal Labissiere,0.347,0.174,1810.0,2017,2019,2,blend,skal labissiere
695,Eldridge Recasner,0.347,0.116,3764.0,1996,1998,4,blend,eldridge recasner
201961,Wayne Ellington,0.342,0.114,10545.0,2011,2013,8,blend,wayne ellington
1626188,Quinn Cook,0.341,0.114,2303.0,2017,2019,3,blend,quinn cook
1629744,Matt Thomas,0.334,0.111,1227.0,2019,2021,3,blend,matt thomas
101128,Francisco Garcia,0.333,0.111,10562.0,2005,2007,8,blend,francisco garcia
2101,Paul McPherson,0.317,0.317,594.0,2000,2000,1,blend,paul mcpherson
1630579,Jericho Sims,0.317,0.106,2580.0,2021,2023,4,blend,jericho sims
1630639,A.J. Lawson,0.313,0.156,797.0,2023,2024,2,blend,a.j. lawson
2584,Willie Green,0.307,0.102,11624.0,2007,2009,8,blend,willie green
203998,Bruno Caboclo,0.296,0.148,1042.0,2018,2019,2,blend,bruno caboclo
378,Craig Ehlo,0.293,0.293,849.0,1996,1996,1,blend,craig ehlo
1628388,T.J. Leaf,0.273,0.091,1204.0,2017,2019,3,blend,t.j. leaf
716,Rumeal Robinson,0.268,0.268,502.0,1996,1996,1,blend,rumeal robinson
2260,Jarron Collins,0.262,0.087,8096.0,2005,2007,8,blend,jarron collins
462,J.R. Reid,0.258,0.086,2746.0,1997,1999,3,blend,j.r. reid
2556,Marcus Banks,0.256,0.085,5539.0,2003,2005,7,blend,marcus banks
2063,Jake Voskuhl,0.242,0.081,6296.0,2002,2004,8,blend,jake voskuhl
1627885,Shaquille Harrison,0.227,0.076,2634.0,2017,2019,4,blend,shaquille harrison
103,Todd Day,0.219,0.073,3571.0,1996,2000,3,blend,todd day
1641842,Ronald Holland II,0.19,0.19,1264.0,2024,2024,1,blend,ronald holland ii
202386,Ben Uzoh,0.183,0.091,806.0,2010,2011,2,blend,ben uzoh
1642261,Dalton Knecht,0.175,0.175,1498.0,2024,2024,1,blend,dalton knecht
1630544,Tre Mann,0.17,0.057,3860.0,2022,2024,4,blend,tre mann
1628977,Hamidou Diallo,0.164,0.055,4916.0,2020,2022,5,blend,hamidou diallo
1108,Tony Farmer,0.127,0.127,1199.0,1999,1999,1,blend,tony farmer
2058,Mark Madsen,0.113,0.038,5069.0,2001,2003,7,blend,mark madsen
112,Dontonio Wingfield,0.112,0.112,564.0,1996,1996,1,blend,dontonio wingfield
2599,Brandon Hunter,0.1,0.05,620.0,2003,2004,2,blend,brandon hunter
203895,Jordan McRae,0.093,0.046,1116.0,2018,2019,2,blend,jordan mcrae
348,Mitchell Butler,0.089,0.03,1638.0,1996,1998,4,blend,mitchell butler
203530,Joffrey Lauvergne,0.085,0.042,1572.0,2015,2017,2,blend,joffrey lauvergne
137,Vernon Maxwell,0.082,0.027,5369.0,1997,1999,5,blend,vernon maxwell
1627823,Juancho Hernangomez,0.076,0.025,4428.0,2017,2019,6,blend,juancho hernangomez
1631255,Karlo Matković,0.052,0.052,790.0,2024,2024,1,blend,karlo matković
201582,Alexis Ajinca,0.044,0.015,2153.0,2010,2015,3,blend,alexis ajinca
1641824,Matas Buzelis,0.043,0.043,1512.0,2024,2024,1,blend,matas buzelis
356,Chris Morris,0.039,0.013,2055.0,1996,1998,3,blend,chris morris
328,Rick Mahorn,0.038,0.019,926.0,1996,1997,2,blend,rick mahorn
1532,Jerald Honeycutt,0.035,0.035,528.0,1997,1997,1,blend,jerald honeycutt
1628463,Tyler Cavanaugh,0.034,0.034,519.0,2017,2017,1,blend,tyler cavanaugh
123,Robert Pack,0.031,0.01,5369.0,1998,2000,8,blend,robert pack
1628397,Ivan Rabb,0.028,0.014,1235.0,2017,2018,2,blend,ivan rabb
204025,Tim Frazier,0.027,0.009,3260.0,2015,2018,5,blend,tim frazier
1642345,Oso Ighodaro,0.025,0.025,1043.0,2024,2024,1,blend,oso ighodaro
2408,Melvin Ely,0.023,0.008,5985.0,2005,2007,8,blend,melvin ely
1629646,Charles Bassey,0.014,0.005,1087.0,2022,2024,3,blend,charles bassey
1629139,Yuta Watanabe,0.014,0.005,2563.0,2020,2022,4,blend,yuta watanabe
1628391,D.J. Wilson,0.011,0.004,1680.0,2018,2020,3,blend,d.j. wilson
724,Cory Alexander,0.003,0.001,4069.0,1997,1999,5,blend,cory alexander
1626224,Cedi Osman,0.003,0.001,10813.0,2020,2022,7,blend,cedi osman
1365,Xavier McDaniel,-0.012,-0.012,1172.0,1996,1996,1,blend,xavier mcdaniel
713,Chris Carr,-0.016,-0.005,3908.0,1996,1998,5,blend,chris carr
202337,Luke Babbitt,-0.026,-0.009,3301.0,2013,2017,5,blend,luke babbitt
1628515,Isaiah Briscoe,-0.036,-0.036,558.0,2018,2018,1,blend,isaiah briscoe
201575,Brandon Rush,-0.041,-0.014,9233.0,2011,2015,6,blend,brandon rush
1641796,Pelle Larsson,-0.044,-0.044,781.0,2024,2024,1,blend,pelle larsson
1631212,Peyton Watson,-0.046,-0.023,3140.0,2023,2024,2,blend,peyton watson
894,Ricky Pierce,-0.051,-0.026,1695.0,1996,1997,2,blend,ricky pierce
201189,Aaron Gray,-0.067,-0.022,3847.0,2008,2010,7,blend,aaron gray
203111,Orlando Johnson,-0.094,-0.047,1009.0,2012,2013,2,blend,orlando johnson
1631222,Jake LaRavia,-0.097,-0.032,2564.0,2022,2024,3,blend,jake laravia
1641716,Jarace Walker,-0.097,-0.048,1525.0,2023,2024,2,blend,jarace walker
1133,Corey Beck,-0.116,-0.116,738.0,1997,1997,1,blend,corey beck
2000,Dedric Willoughby,-0.12,-0.12,508.0,1999,1999,1,blend,dedric willoughby
1641774,Tristan Vukcevic,-0.122,-0.122,511.0,2024,2024,1,blend,tristan vukcevic
1630678,Terry Taylor,-0.131,-0.065,976.0,2021,2022,2,blend,terry taylor
1629216,Gabe Vincent,-0.132,-0.044,5752.0,2021,2023,5,blend,gabe vincent
1630184,Kira Lewis Jr.,-0.136,-0.045,1741.0,2020,2022,4,blend,kira lewis jr.
1630191,Isaiah Stewart,-0.138,-0.046,7542.0,2022,2024,5,blend,isaiah stewart
1762,Tremaine Fowlkes,-0.142,-0.047,1166.0,2001,2003,3,blend,tremaine fowlkes
203187,Chris Johnson,-0.143,-0.071,1642.0,2013,2015,2,blend,chris johnson
1886,Jonathan Bender,-0.145,-0.048,3598.0,2001,2003,5,blend,jonathan bender
1628966,Keita Bates-Diop,-0.146,-0.049,4566.0,2020,2022,6,blend,keita bates-diop
1630346,Matt Ryan,-0.146,-0.073,699.0,2022,2023,2,blend,matt ryan
1630235,Trent Forrest,-0.152,-0.051,1761.0,2020,2022,4,blend,trent forrest
1626143,Jahlil Okafor,-0.154,-0.051,3691.0,2018,2020,5,blend,jahlil okafor
1630811,Keaton Wallace,-0.161,-0.161,502.0,2024,2024,1,blend,keaton wallace
1628373,Frank Ntilikina,-0.167,-0.056,5411.0,2020,2022,6,blend,frank ntilikina
1766,Maceo Baston,-0.172,-0.086,620.0,2006,2008,2,blend,maceo baston
203527,Ryan Kelly,-0.172,-0.086,1781.0,2013,2015,2,blend,ryan kelly
1630240,Saben Lee,-0.173,-0.058,1758.0,2020,2022,3,blend,saben lee
2130,Mike Penberthy,-0.175,-0.175,848.0,2000,2000,1,blend,mike penberthy
201805,Chris Hunter,-0.176,-0.176,780.0,2009,2009,1,blend,chris hunter
203102,Arnett Moultrie,-0.178,-0.178,540.0,2012,2012,1,blend,arnett moultrie
1023,Emanual Davis,-0.178,-0.059,3937.0,1997,2000,6,blend,emanual davis
1038,Juaquin Hawkins,-0.198,-0.198,679.0,2002,2002,1,blend,juaquin hawkins
1753,Toby Bailey,-0.203,-0.102,699.0,1998,1999,2,blend,toby bailey
203962,Josh Huestis,-0.206,-0.206,980.0,2017,2017,1,blend,josh huestis
1628413,Jonah Bolden,-0.207,-0.207,638.0,2018,2018,1,blend,jonah bolden
204028,Tarik Black,-0.223,-0.111,1031.0,2015,2017,2,blend,tarik black
1002,Reggie Geary,-0.228,-0.114,930.0,1996,1997,2,blend,reggie geary
202348,Jordan Crawford,-0.229,-0.076,6349.0,2011,2013,4,blend,jordan crawford
101153,Mickael Gelabale,-0.23,-0.23,2348.0,2007,2007,3,blend,mickael gelabale
1960,Milt Palacio,-0.233,-0.078,8419.0,1999,2001,7,blend,milt palacio
1683,Larry Robinson,-0.235,-0.235,632.0,2000,2000,1,blend,larry robinson
1627819,Isaiah Taylor,-0.237,-0.237,1166.0,2017,2017,1,blend,isaiah taylor
1521,Jacque Vaughn,-0.242,-0.081,10359.0,2000,2002,8,blend,jacque vaughn
1627738,Deyonta Davis,-0.247,-0.247,942.0,2017,2017,1,blend,deyonta davis
1641710,Anthony Black,-0.25,-0.125,3054.0,2023,2024,2,blend,anthony black
2857,Andre Barrett,-0.254,-0.127,762.0,2004,2005,2,blend,andre barrett
156,Antoine Carr,-0.26,-0.087,2760.0,1996,1999,3,blend,antoine carr
1032,Darvin Ham,-0.306,-0.102,5133.0,1996,1999,8,blend,darvin ham
1626147,Justin Anderson,-0.309,-0.103,1950.0,2015,2018,4,blend,justin anderson
456,Chuck Person,-0.312,-0.104,2782.0,1997,1999,3,blend,chuck person
77,Doug Overton,-0.316,-0.105,3102.0,1996,1998,6,blend,doug overton
1631204,Marcus Sasser,-0.322,-0.161,2158.0,2023,2024,2,blend,marcus sasser
201972,Jon Brockman,-0.328,-0.109,1574.0,2009,2011,3,blend,jon brockman
1628382,Justin Jackson,-0.338,-0.113,4746.0,2018,2020,4,blend,justin jackson
2033,Marcus Fizer,-0.339,-0.113,6004.0,2002,2004,5,blend,marcus fizer
42,Monty Williams,-0.374,-0.125,6931.0,2000,2002,6,blend,monty williams
101160,Lawrence Roberts,-0.375,-0.375,967.0,2006,2006,1,blend,lawrence roberts
202723,Malcolm Lee,-0.393,-0.196,531.0,2011,2012,2,blend,malcolm lee
1629076,Tyler Cook,-0.393,-0.196,638.0,2020,2021,2,blend,tyler cook
200751,Randy Foye,-0.397,-0.132,15262.0,2011,2013,8,blend,randy foye
1629642,Nassir Little,-0.408,-0.136,3734.0,2019,2021,5,blend,nassir little
1630558,Davion Mitchell,-0.41,-0.137,6655.0,2022,2024,4,blend,davion mitchell
1630288,Jeff Dowtin Jr.,-0.41,-0.205,877.0,2022,2024,2,blend,jeff dowtin jr.
1628393,Jawun Evans,-0.42,-0.42,778.0,2017,2017,1,blend,jawun evans
1908,Jumaine Jones,-0.422,-0.141,9502.0,2000,2002,6,blend,jumaine jones
203464,Brandon Paul,-0.423,-0.423,576.0,2017,2017,1,blend,brandon paul
244,Dee Brown,-0.423,-0.141,4298.0,1997,1999,4,blend,dee brown
201814,Gary Forbes,-0.441,-0.22,1509.0,2010,2011,2,blend,gary forbes
202688,Brandon Knight,-0.441,-0.147,9957.0,2012,2015,6,blend,brandon knight
203098,John Jenkins,-0.444,-0.444,1717.0,2018,2018,3,blend,john jenkins
203112,Quincy Acy,-0.447,-0.149,3424.0,2012,2015,4,blend,quincy acy
1629066,Rodions Kurucs,-0.456,-0.228,1973.0,2018,2019,2,blend,rodions kurucs
202732,DeAndre Liggins,-0.46,-0.46,1014.0,2012,2012,2,blend,deandre liggins
957,Todd Fuller,-0.467,-0.156,2429.0,1997,1999,4,blend,todd fuller
101137,Daniel Ewing,-0.47,-0.235,1684.0,2005,2006,2,blend,daniel ewing
1122,Dominique Wilkins,-0.47,-0.235,2198.0,1996,1998,2,blend,dominique wilkins
1641737,Adem Bona,-0.474,-0.474,905.0,2024,2024,1,blend,adem bona
201151,Acie Law,-0.476,-0.159,2387.0,2008,2010,4,blend,acie law
128,David Benoit,-0.479,-0.24,1570.0,1997,2000,2,blend,david benoit
1641741,Ricky Council IV,-0.48,-0.24,1536.0,2023,2024,2,blend,ricky council iv
2574,Jason Kapono,-0.487,-0.162,8952.0,2005,2007,8,blend,jason kapono
200810,Allan Ray,-0.491,-0.491,710.0,2006,2006,1,blend,allan ray
967,Brian Evans,-0.497,-0.497,893.0,1997,1997,1,blend,brian evans
201970,Sam Young,-0.506,-0.169,3964.0,2010,2012,4,blend,sam young
101198,Will Bynum,-0.508,-0.169,6385.0,2008,2010,6,blend,will bynum
35,Eric Riley,-0.508,-0.254,875.0,1997,1998,2,blend,eric riley
435,Carlos Rogers,-0.508,-0.169,3419.0,1997,2000,4,blend,carlos rogers
1545,DeJuan Wheat,-0.517,-0.517,589.0,1998,1998,1,blend,dejuan wheat
1629685,Dylan Windler,-0.519,-0.26,972.0,2020,2021,2,blend,dylan windler
1915,Evan Eschmeyer,-0.529,-0.176,2005.0,1999,2001,3,blend,evan eschmeyer
1916,Calvin Booth,-0.535,-0.178,4268.0,2005,2007,8,blend,calvin booth
203085,Austin Rivers,-0.537,-0.179,12217.0,2019,2021,8,blend,austin rivers
1627098,Malcolm Delaney,-0.556,-0.556,1015.0,2017,2017,1,blend,malcolm delaney
202346,Dominique Jones,-0.558,-0.279,604.0,2011,2012,2,blend,dominique jones
1080,Henry James,-0.561,-0.561,949.0,1996,1996,1,blend,henry james
2412,Jiri Welsch,-0.563,-0.188,4601.0,2002,2004,4,blend,jiri welsch
2043,Mateen Cleaves,-0.57,-0.57,1493.0,2005,2005,2,blend,mateen cleaves
203515,Phil Pressey,-0.57,-0.285,1415.0,2013,2015,2,blend,phil pressey
2411,Bostjan Nachbar,-0.572,-0.191,5544.0,2004,2006,5,blend,bostjan nachbar
2091,Daniel Santiago,-0.573,-0.286,1285.0,2000,2003,2,blend,daniel santiago
1628539,Mychal Mulder,-0.584,-0.195,1211.0,2019,2021,3,blend,mychal mulder
200797,Ryan Hollins,-0.585,-0.195,5518.0,2011,2013,8,blend,ryan hollins
2418,Casey Jacobsen,-0.588,-0.196,5330.0,2002,2004,4,blend,casey jacobsen
2366,Mike Wilks,-0.593,-0.198,1842.0,2004,2006,4,blend,mike wilks
1630237,Anthony Lamb,-0.608,-0.304,1612.0,2020,2022,2,blend,anthony lamb
200817,Pooh Jeter,-0.618,-0.618,856.0,2010,2010,1,blend,pooh jeter
2810,Andre Brown,-0.62,-0.31,557.0,2006,2007,2,blend,andre brown
203898,Tyler Ennis,-0.625,-0.312,1339.0,2015,2017,2,blend,tyler ennis
32,Clifford Rozier,-0.626,-0.626,735.0,1996,1996,1,blend,clifford rozier
203922,Glenn Robinson III,-0.627,-0.209,3614.0,2015,2018,5,blend,glenn robinson iii
1630625,Dalano Banton,-0.631,-0.21,3143.0,2022,2024,4,blend,dalano banton
333,Kevin Gamble,-0.631,-0.631,955.0,1996,1996,1,blend,kevin gamble
355,Vincent Askew,-0.641,-0.321,1286.0,1996,1997,2,blend,vincent askew
201602,Kyle Weaver,-0.652,-0.652,1165.0,2008,2008,1,blend,kyle weaver
1138,Michael Hawkins,-0.664,-0.332,529.0,1996,1998,2,blend,michael hawkins
82,Bill Wennington,-0.666,-0.222,1695.0,1996,1998,3,blend,bill wennington
200793,Dee Brown,-0.671,-0.335,711.0,2006,2008,2,blend,dee brown
1628400,Semi Ojeleye,-0.678,-0.226,4111.0,2018,2020,5,blend,semi ojeleye
1629677,Luka Samanic,-0.68,-0.34,711.0,2020,2023,2,blend,luka samanic
2409,Marcus Haislip,-0.692,-0.346,704.0,2002,2003,2,blend,marcus haislip
1631116,Patrick Baldwin Jr.,-0.693,-0.347,720.0,2022,2023,2,blend,patrick baldwin jr.
1642266,Ja'Kobe Walter,-0.695,-0.695,1102.0,2024,2024,1,blend,ja'kobe walter
201632,Hamed Haddadi,-0.704,-0.235,769.0,2009,2012,3,blend,hamed haddadi
203710,C.J. Williams,-0.707,-0.707,707.0,2017,2017,1,blend,c.j. williams
1630219,Skylar Mays,-0.707,-0.236,925.0,2020,2023,3,blend,skylar mays
203144,Alexey Shved,-0.717,-0.358,2502.0,2012,2013,2,blend,alexey shved
1642263,Reed Sheppard,-0.718,-0.718,655.0,2024,2024,1,blend,reed sheppard
1642264,Stephon Castle,-0.732,-0.732,2163.0,2024,2024,1,blend,stephon castle
157,Derek Harper,-0.734,-0.245,5095.0,1996,1998,3,blend,derek harper
7,Dan Schayes,-0.737,-0.368,1813.0,1996,1997,2,blend,dan schayes
1051,Dean Garrett,-0.748,-0.249,6794.0,1998,2000,5,blend,dean garrett
202130,Reggie Williams,-0.754,-0.251,3532.0,2009,2011,4,blend,reggie williams
1562,Gerard King,-0.755,-0.378,1767.0,1999,2000,2,blend,gerard king
1641763,Julian Phillips,-0.764,-0.382,1446.0,2023,2024,2,blend,julian phillips
179,Bryant Stith,-0.766,-0.255,7566.0,1999,2001,6,blend,bryant stith
1628412,Frank Mason III,-0.769,-0.385,1420.0,2017,2018,2,blend,frank mason iii
1630531,Jaden Springer,-0.771,-0.386,870.0,2023,2024,2,blend,jaden springer
1751,Jahidi White,-0.772,-0.257,5588.0,1999,2001,5,blend,jahidi white
1629713,Justin James,-0.777,-0.389,544.0,2019,2020,2,blend,justin james
1630561,David Duke Jr.,-0.78,-0.39,569.0,2021,2022,2,blend,david duke jr.
2226,Will Solomon,-0.784,-0.784,1591.0,2008,2008,2,blend,will solomon
201570,Joe Alexander,-0.794,-0.794,714.0,2008,2008,1,blend,joe alexander
200777,Joel Freeland,-0.794,-0.397,1207.0,2012,2013,2,blend,joel freeland
1901,Dion Glover,-0.797,-0.266,6058.0,2001,2003,5,blend,dion glover
2052,DeShawn Stevenson,-0.798,-0.266,13351.0,2005,2007,8,blend,deshawn stevenson
1629658,Jaylen Hoard,-0.798,-0.399,559.0,2020,2021,2,blend,jaylen hoard
201238,Mario West,-0.813,-0.407,539.0,2007,2008,2,blend,mario west
380,Tony Smith,-0.814,-0.814,1290.0,1996,1996,1,blend,tony smith
399,Sean Rooks,-0.835,-0.278,6693.0,1996,1998,8,blend,sean rooks
2055,Mamadou N'diaye,-0.836,-0.418,735.0,2002,2003,2,blend,mamadou n'diaye
1919,Laron Profit,-0.845,-0.282,1530.0,2000,2005,4,blend,laron profit
203524,Solomon Hill,-0.847,-0.282,4572.0,2013,2018,5,blend,solomon hill
200784,Bobby Jones,-0.848,-0.424,866.0,2006,2007,2,blend,bobby jones
1630180,Saddiq Bey,-0.859,-0.286,8802.0,2021,2023,4,blend,saddiq bey
1627820,Tyrone Wallace,-0.862,-0.431,1478.0,2017,2018,2,blend,tyrone wallace
2471,Mike Batiste,-0.883,-0.883,1252.0,2002,2002,1,blend,mike batiste
101182,Donell Taylor,-0.892,-0.446,831.0,2005,2006,2,blend,donell taylor
706,Jerome Allen,-0.894,-0.894,942.0,1996,1996,1,blend,jerome allen
226,Antonio Lang,-0.896,-0.896,845.0,1996,1996,1,blend,antonio lang
203585,Rodney McGruder,-0.917,-0.306,4003.0,2017,2019,5,blend,rodney mcgruder
240,Brooks Thompson,-0.92,-0.92,1059.0,1996,1996,1,blend,brooks thompson
101261,Andre Owens,-0.922,-0.461,600.0,2005,2007,2,blend,andre owens
2580,Travis Hansen,-0.923,-0.923,508.0,2003,2003,1,blend,travis hansen
1627786,Troy Williams,-0.924,-0.462,620.0,2017,2018,2,blend,troy williams
201944,Terrence Williams,-0.938,-0.313,2918.0,2010,2012,4,blend,terrence williams
1629667,Jalen McDaniels,-0.94,-0.313,4544.0,2019,2021,5,blend,jalen mcdaniels
1898,Cal Bowdler,-0.942,-0.314,1375.0,1999,2001,3,blend,cal bowdler
2254,Loren Woods,-0.944,-0.315,2393.0,2001,2003,5,blend,loren woods
1628981,Bruno Fernando,-0.948,-0.316,2025.0,2020,2023,4,blend,bruno fernando
93,Hubert Davis,-0.954,-0.318,9449.0,2000,2002,7,blend,hubert davis
1630208,Nick Richards,-0.957,-0.319,4590.0,2022,2024,4,blend,nick richards
1724,Bryce Drew,-0.958,-0.319,3811.0,1999,2001,4,blend,bryce drew
766,David Wingate,-0.959,-0.479,1475.0,1996,1997,2,blend,david wingate
1629740,Nicolo Melli,-0.96,-0.48,1611.0,2019,2020,2,blend,nicolo melli
2739,Luke Jackson,-0.962,-0.481,545.0,2005,2007,2,blend,luke jackson
2038,Joel Przybilla,-0.964,-0.321,8052.0,2002,2004,8,blend,joel przybilla
1627745,Damian Jones,-0.967,-0.322,3606.0,2020,2022,6,blend,damian jones
1630267,Facundo Campazzo,-0.973,-0.487,2606.0,2020,2021,2,blend,facundo campazzo
2788,DJ Mbenga,-0.977,-0.326,1245.0,2005,2009,4,blend,dj mbenga
2452,J.R. Bremer,-0.994,-0.497,1943.0,2002,2003,2,blend,j.r. bremer
931,Don MacLean,-1.015,-0.507,1098.0,1996,1998,2,blend,don maclean
1631288,Jamal Cain,-1.016,-0.339,1003.0,2022,2024,3,blend,jamal cain
202347,Quincy Pondexter,-1.023,-0.341,3544.0,2011,2013,5,blend,quincy pondexter
1628385,Harry Giles III,-1.027,-0.342,1834.0,2018,2020,3,blend,harry giles iii
101146,Roko Ukic,-1.032,-1.032,893.0,2008,2008,1,blend,roko ukic
203561,Brandon Davies,-1.035,-1.035,576.0,2013,2013,1,blend,brandon davies
202338,Kevin Seraphin,-1.042,-0.347,4634.0,2011,2013,5,blend,kevin seraphin
203492,Ray McCallum,-1.052,-0.526,1371.0,2013,2015,2,blend,ray mccallum
1641732,Colby Jones,-1.067,-1.067,515.0,2024,2024,1,blend,colby jones
202388,Donald Sloan,-1.074,-0.358,2643.0,2012,2015,4,blend,donald sloan
203148,Brian Roberts,-1.078,-0.359,3466.0,2012,2015,3,blend,brian roberts
1642258,Zaccharie Risacher,-1.085,-1.085,1845.0,2024,2024,1,blend,zaccharie risacher
2573,Maciej Lampe,-1.088,-0.544,606.0,2003,2004,2,blend,maciej lampe
2206,Rodney White,-1.09,-0.363,3227.0,2002,2004,3,blend,rodney white
1629035,Carsen Edwards,-1.098,-0.549,627.0,2019,2020,2,blend,carsen edwards
203516,James Ennis III,-1.107,-0.369,5414.0,2018,2020,5,blend,james ennis iii
1626202,Joe Young,-1.117,-0.559,942.0,2015,2017,2,blend,joe young
2413,Juan Dixon,-1.12,-0.373,8509.0,2006,2008,7,blend,juan dixon
203499,Shane Larkin,-1.122,-0.374,3009.0,2013,2017,3,blend,shane larkin
1626148,Anthony Brown,-1.14,-1.14,597.0,2015,2015,1,blend,anthony brown
2766,Antonio Burks,-1.151,-0.576,788.0,2004,2005,2,blend,antonio burks
1629033,Theo Pinson,-1.161,-0.387,901.0,2018,2022,3,blend,theo pinson
101185,Rawle Marshall,-1.165,-0.582,602.0,2005,2006,2,blend,rawle marshall
962,Walter McCarty,-1.171,-0.39,9827.0,2001,2003,8,blend,walter mccarty
1631111,Wendell Moore Jr.,-1.174,-1.174,500.0,2024,2024,1,blend,wendell moore jr.
1542,Predrag Drobnjak,-1.184,-0.395,5548.0,2001,2003,4,blend,predrag drobnjak
1630551,Justin Champagnie,-1.186,-0.395,1856.0,2021,2024,3,blend,justin champagnie
961,John Wallace,-1.198,-0.399,6137.0,1998,2000,7,blend,john wallace
1628035,Alfonzo McKinnie,-1.209,-0.403,2056.0,2018,2020,4,blend,alfonzo mckinnie
1629641,Romeo Langford,-1.221,-0.407,2269.0,2019,2021,4,blend,romeo langford
777,Rex Walters,-1.224,-0.408,2174.0,1997,1999,4,blend,rex walters
982,Martin Muursepp,-1.227,-0.614,951.0,1996,1997,2,blend,martin muursepp
202376,Luke Harangody,-1.24,-0.62,873.0,2010,2011,2,blend,luke harangody
1077,Ray Owes,-1.24,-1.24,593.0,1996,1996,1,blend,ray owes
1641783,Tristan da Silva,-1.246,-1.246,1628.0,2024,2024,1,blend,tristan da silva
2435,Mario Kasun,-1.248,-0.624,564.0,2004,2005,2,blend,mario kasun
1043,Amal McCaskill,-1.25,-1.25,631.0,2003,2003,1,blend,amal mccaskill
203518,Alex Abrines,-1.26,-0.63,1722.0,2017,2018,2,blend,alex abrines
203113,Quincy Miller,-1.282,-1.282,790.0,2013,2013,1,blend,quincy miller
1631230,Dominick Barlow,-1.287,-0.429,1202.0,2022,2024,3,blend,dominick barlow
710,David Vaughn,-1.302,-0.651,786.0,1996,1997,2,blend,david vaughn
2741,Robert Swift,-1.308,-0.654,1330.0,2005,2008,2,blend,robert swift
203156,Henry Sims,-1.311,-0.656,1137.0,2013,2015,2,blend,henry sims
200766,Marcus Williams,-1.316,-0.439,3039.0,2006,2009,3,blend,marcus williams
1626208,Keifer Sykes,-1.338,-1.338,566.0,2021,2021,1,blend,keifer sykes
200761,Shawne Williams,-1.351,-0.45,4117.0,2010,2013,5,blend,shawne williams
1629599,Amir Coffey,-1.377,-0.459,5800.0,2020,2022,5,blend,amir coffey
1641767,Ben Sheppard,-1.379,-0.689,2044.0,2023,2024,2,blend,ben sheppard
55,Marty Conlon,-1.386,-0.693,1822.0,1996,1997,2,blend,marty conlon
51,Mahmoud Abdul-Rauf,-1.386,-0.462,3151.0,1996,2000,3,blend,mahmoud abdul-rauf
200760,Rodney Carney,-1.388,-0.463,4593.0,2007,2009,5,blend,rodney carney
202708,Norris Cole,-1.391,-0.464,6067.0,2012,2015,4,blend,norris cole
201181,Chris Richard,-1.396,-0.698,780.0,2007,2009,2,blend,chris richard
202721,Darius Morris,-1.402,-0.701,995.0,2012,2013,2,blend,darius morris
1626150,Andrew Harrison,-1.415,-1.415,1327.0,2017,2017,1,blend,andrew harrison
2064,Khalid El-Amin,-1.417,-1.417,935.0,2000,2000,1,blend,khalid el-amin
2437,Lonny Baxter,-1.417,-0.472,1846.0,2002,2005,3,blend,lonny baxter
201934,Hasheem Thabeet,-1.42,-0.473,2028.0,2009,2012,3,blend,hasheem thabeet
998,Mark Pope,-1.438,-0.719,1366.0,2000,2001,2,blend,mark pope
1641713,GG Jackson,-1.443,-0.722,1692.0,2023,2024,2,blend,gg jackson
1629022,Lonnie Walker IV,-1.443,-0.481,6907.0,2021,2023,6,blend,lonnie walker iv
101194,Anthony Roberson,-1.453,-0.727,502.0,2006,2008,2,blend,anthony roberson
442,Pervis Ellison,-1.456,-0.728,716.0,1997,1999,2,blend,pervis ellison
1630197,Aleksej Pokusevski,-1.477,-0.492,3428.0,2021,2023,4,blend,aleksej pokusevski
2051,Donnell Harvey,-1.481,-0.494,3255.0,2001,2003,3,blend,donnell harvey
1641707,Taylor Hendricks,-1.484,-1.484,856.0,2023,2023,1,blend,taylor hendricks
1630613,Duane Washington Jr.,-1.49,-0.745,1363.0,2021,2022,2,blend,duane washington jr.
1630695,Micah Potter,-1.491,-1.491,707.0,2024,2024,1,blend,micah potter
1741,Jelani McCoy,-1.493,-0.498,3584.0,1998,2000,4,blend,jelani mccoy
200814,Tarence Kinsey,-1.499,-0.75,1240.0,2006,2008,2,blend,tarence kinsey
1641810,Antonio Reeves,-1.532,-1.532,660.0,2024,2024,1,blend,antonio reeves
202066,Garrett Temple,-1.536,-0.512,9694.0,2009,2012,8,blend,garrett temple
1512,Chris Anstey,-1.562,-0.521,2160.0,1997,1999,3,blend,chris anstey
1096,Ivano Newbill,-1.568,-0.784,1099.0,1996,1997,2,blend,ivano newbill
1511,Johnny Taylor,-1.571,-1.571,724.0,1998,1998,1,blend,johnny taylor
1630526,Jeremiah Robinson-Earl,-1.58,-0.527,3477.0,2021,2023,4,blend,jeremiah robinson-earl
1630647,Eugene Omoruyi,-1.581,-0.791,1035.0,2022,2023,2,blend,eugene omoruyi
1628469,Antonio Blakeney,-1.582,-0.791,1140.0,2017,2018,2,blend,antonio blakeney
1519,John Thomas,-1.584,-0.528,2125.0,1997,1999,4,blend,john thomas
1914,Chris Herren,-1.585,-0.793,1002.0,1999,2000,2,blend,chris herren
2669,Linton Johnson,-1.588,-0.529,1978.0,2003,2006,3,blend,linton johnson
201446,Mike Taylor,-1.589,-1.589,770.0,2008,2008,1,blend,mike taylor
154,Adrian Caldwell,-1.595,-1.595,572.0,1996,1996,1,blend,adrian caldwell
2062,A.J. Guyton,-1.607,-0.804,1230.0,2000,2001,2,blend,a.j. guyton
1641871,Duop Reath,-1.607,-0.804,1686.0,2023,2024,2,blend,duop reath
1752,Sean Marks,-1.616,-0.539,1833.0,2001,2004,5,blend,sean marks
100,Tim Legler,-1.629,-0.814,661.0,1998,1999,2,blend,tim legler
2044,Jason Collier,-1.634,-0.545,2072.0,2000,2003,4,blend,jason collier
1630702,Jaden Hardy,-1.641,-0.547,2610.0,2022,2024,3,blend,jaden hardy
971,Mark Hendrickson,-1.643,-0.548,1427.0,1996,1998,3,blend,mark hendrickson
200762,Oleksiy Pecherov,-1.644,-0.548,1046.0,2007,2009,3,blend,oleksiy pecherov
47,Wayman Tisdale,-1.654,-1.654,779.0,1996,1996,1,blend,wayman tisdale
1629019,Allonzo Trier,-1.663,-0.832,1750.0,2018,2019,2,blend,allonzo trier
1641765,Olivier-Maxence Prosper,-1.675,-0.838,918.0,2023,2024,2,blend,olivier-maxence prosper
770,Mark West,-1.68,-0.84,1454.0,1996,1998,2,blend,mark west
1641998,Trey Jemison III,-1.682,-0.841,966.0,2023,2024,2,blend,trey jemison iii
1641787,Tosan Evbuomwan,-1.686,-0.843,1031.0,2023,2024,2,blend,tosan evbuomwan
1628367,Josh Jackson,-1.693,-0.564,6721.0,2019,2021,5,blend,josh jackson
140,Donald Royal,-1.693,-0.846,1184.0,1996,1997,2,blend,donald royal
1641724,Jett Howard,-1.697,-1.697,702.0,2024,2024,1,blend,jett howard
1538,Cedric Henderson,-1.698,-0.566,6112.0,1997,1999,4,blend,cedric henderson
1631367,Jacob Gilyard,-1.708,-1.708,697.0,2023,2023,1,blend,jacob gilyard
1734,Sam Jacobson,-1.71,-1.71,676.0,1999,1999,1,blend,sam jacobson
1544,Chris Crawford,-1.715,-0.572,3815.0,1997,1999,5,blend,chris crawford
1627846,Abdel Nader,-1.717,-0.572,2443.0,2018,2020,4,blend,abdel nader
2061,Dan Langhi,-1.718,-0.573,1213.0,2000,2002,3,blend,dan langhi
1629126,Deonte Burton,-1.743,-0.872,595.0,2018,2019,2,blend,deonte burton
203104,Marquis Teague,-1.753,-0.877,838.0,2012,2013,2,blend,marquis teague
1642367,Jonathan Mogbo,-1.766,-1.766,1285.0,2024,2024,1,blend,jonathan mogbo
201623,Semih Erden,-1.782,-0.891,928.0,2010,2011,2,blend,semih erden
1629644,KZ Okpala,-1.796,-0.599,940.0,2020,2022,3,blend,kz okpala
1628427,Vlatko Čančar,-1.8,-0.9,1171.0,2020,2022,2,blend,vlatko čančar
1629312,Haywood Highsmith,-1.801,-0.6,4159.0,2022,2024,3,blend,haywood highsmith
203461,Anthony Bennett,-1.804,-1.804,660.0,2013,2013,1,blend,anthony bennett
203197,Diante Garrett,-1.807,-1.807,1051.0,2013,2013,1,blend,diante garrett
2761,Jackson Vroman,-1.807,-0.903,1114.0,2004,2005,2,blend,jackson vroman
175,Alton Lister,-1.812,-1.812,514.0,1996,1996,1,blend,alton lister
681,Donny Marshall,-1.814,-1.814,549.0,1996,1996,1,blend,donny marshall
902,Bimbo Coles,-1.829,-0.61,8040.0,1998,2000,7,blend,bimbo coles
1641738,Kobe Brown,-1.831,-0.915,668.0,2023,2024,2,blend,kobe brown
2261,Kenny Satterfield,-1.832,-0.916,1061.0,2001,2002,2,blend,kenny satterfield
1629067,Isaac Bonga,-1.833,-0.917,1679.0,2019,2020,2,blend,isaac bonga
200759,Cedric Simmons,-1.838,-1.838,533.0,2006,2006,1,blend,cedric simmons
709,Ed O'Bannon,-1.841,-1.841,806.0,1996,1996,1,blend,ed o'bannon
1630586,Usman Garuba,-1.846,-0.923,1208.0,2021,2022,2,blend,usman garuba
223,Bill Curley,-1.86,-0.93,682.0,1998,1999,2,blend,bill curley
1642271,Kyle Filipowski,-1.864,-1.864,1519.0,2024,2024,1,blend,kyle filipowski
1630563,Joshua Primo,-1.864,-1.864,965.0,2021,2021,1,blend,joshua primo
1738,Ansu Sesay,-1.87,-0.935,1021.0,2002,2003,2,blend,ansu sesay
1630201,Malachi Flynn,-1.871,-0.624,3028.0,2020,2022,4,blend,malachi flynn
1629164,Brandon Goodwin,-1.875,-0.625,1553.0,2019,2021,3,blend,brandon goodwin
1628416,Tyler Dorsey,-1.879,-0.939,1670.0,2017,2018,2,blend,tyler dorsey
1630527,Brandon Boston,-1.881,-0.627,2345.0,2021,2023,4,blend,brandon boston
1609,Art Long,-1.883,-0.942,1200.0,2001,2002,2,blend,art long
1628470,Torrey Craig,-1.902,-0.634,8920.0,2018,2020,8,blend,torrey craig
201156,Nick Young,-1.911,-0.637,12430.0,2011,2013,8,blend,nick young
2074,Jabari Smith,-1.917,-1.917,648.0,2004,2004,1,blend,jabari smith
1630314,Brandon Williams,-1.933,-0.966,1129.0,2021,2024,2,blend,brandon williams
203930,Sean Kilpatrick,-1.949,-0.975,1256.0,2015,2017,2,blend,sean kilpatrick
265,Harvey Grant,-1.955,-0.652,3292.0,1996,1998,3,blend,harvey grant
1631207,Dalen Terry,-1.961,-0.654,1877.0,2022,2024,3,blend,dalen terry
310,Bobby Hurley,-1.963,-0.982,1500.0,1996,1997,2,blend,bobby hurley
426,Terry Davis,-1.982,-0.661,2513.0,1997,2000,3,blend,terry davis
203995,Vasilije Micic,-1.986,-0.993,1959.0,2023,2024,2,blend,vasilije micic
1642419,Jamison Battle,-2.0,-2.0,1044.0,2024,2024,1,blend,jamison battle
1627737,Marquese Chriss,-2.014,-0.671,3570.0,2018,2021,4,blend,marquese chriss
54,Dickey Simpkins,-2.033,-0.678,3932.0,1996,1998,4,blend,dickey simpkins
323,Greg Foster,-2.04,-0.68,4523.0,1996,1998,6,blend,greg foster
181,Kenny Smith,-2.049,-2.049,763.0,1996,1996,1,blend,kenny smith
1630547,James Bouknight,-2.074,-1.037,821.0,2021,2022,2,blend,james bouknight
236,Kevin Edwards,-2.077,-0.692,1595.0,1996,2000,3,blend,kevin edwards
201591,DJ White,-2.086,-1.043,1782.0,2010,2011,2,blend,dj white
2407,Jared Jeffries,-2.087,-0.696,11899.0,2004,2006,8,blend,jared jeffries
1983,Jermaine Jackson,-2.09,-0.697,1261.0,2001,2004,4,blend,jermaine jackson
1629670,Jordan Nwora,-2.098,-0.699,3360.0,2020,2022,4,blend,jordan nwora
67,Tom Hammonds,-2.108,-0.703,3988.0,1997,1999,4,blend,tom hammonds
1630192,Zeke Nnaji,-2.108,-0.703,3006.0,2020,2022,5,blend,zeke nnaji
101187,Alan Anderson,-2.115,-0.705,4546.0,2011,2013,5,blend,alan anderson
1630699,MarJon Beauchamp,-2.119,-1.06,1312.0,2022,2023,2,blend,marjon beauchamp
1628411,Wes Iwundu,-2.13,-0.71,3742.0,2018,2020,4,blend,wes iwundu
684,Loren Meyer,-2.134,-2.134,702.0,1996,1996,1,blend,loren meyer
2214,Michael Bradley,-2.134,-1.067,1681.0,2002,2005,2,blend,michael bradley
201964,Victor Claver,-2.141,-2.141,813.0,2012,2012,1,blend,victor claver
273,Duane Ferrell,-2.15,-1.075,1571.0,1996,1997,2,blend,duane ferrell
1630537,Chris Duarte,-2.153,-0.718,3157.0,2021,2023,3,blend,chris duarte
2428,Vincent Yarbrough,-2.157,-2.157,1381.0,2002,2002,1,blend,vincent yarbrough
2414,Curtis Borchardt,-2.159,-1.08,1115.0,2003,2004,2,blend,curtis borchardt
2212,Steven Hunter,-2.163,-0.721,5716.0,2002,2004,6,blend,steven hunter
101119,Rashad McCants,-2.166,-0.722,5033.0,2005,2007,4,blend,rashad mccants
1629065,Ky Bowman,-2.166,-2.166,1017.0,2019,2019,1,blend,ky bowman
202325,Wesley Johnson,-2.166,-0.722,10425.0,2015,2018,7,blend,wesley johnson
1642346,Ryan Dunn,-2.171,-2.171,1413.0,2024,2024,1,blend,ryan dunn
2294,Charlie Bell,-2.173,-0.724,9148.0,2005,2007,5,blend,charlie bell
1628432,Davon Reed,-2.173,-0.724,1253.0,2017,2022,3,blend,davon reed
2417,Qyntel Woods,-2.183,-0.728,2012.0,2002,2005,3,blend,qyntel woods
1630556,Kessler Edwards,-2.187,-0.729,2257.0,2021,2023,4,blend,kessler edwards
200786,David Noel,-2.209,-2.209,789.0,2006,2006,1,blend,david noel
201969,DaJuan Summers,-2.218,-1.109,613.0,2009,2011,2,blend,dajuan summers
2351,Oscar Torres,-2.221,-2.221,1079.0,2001,2001,1,blend,oscar torres
1642358,AJ Johnson,-2.223,-2.223,638.0,2024,2024,1,blend,aj johnson
1630172,Patrick Williams,-2.224,-0.741,7472.0,2021,2023,5,blend,patrick williams
1985,Zendon Hamilton,-2.229,-1.114,1317.0,2001,2003,2,blend,zendon hamilton
202498,Lance Thomas,-2.241,-0.747,4727.0,2011,2015,5,blend,lance thomas
2357,Tierre Brown,-2.242,-1.121,1456.0,2001,2004,2,blend,tierre brown
1630231,KJ Martin,-2.253,-0.751,6677.0,2021,2023,5,blend,kj martin
2560,Zarko Cabarkapa,-2.255,-0.752,1556.0,2003,2005,3,blend,zarko cabarkapa
1631133,Jabari Walker,-2.257,-0.752,3071.0,2022,2024,3,blend,jabari walker
2239,Trenton Hassell,-2.298,-0.766,15178.0,2003,2005,8,blend,trenton hassell
2774,Bernard Robinson,-2.3,-0.767,1908.0,2004,2006,3,blend,bernard robinson
2415,Ryan Humphrey,-2.305,-1.153,760.0,2002,2004,2,blend,ryan humphrey
1631213,Tyrese Martin,-2.307,-2.307,1314.0,2024,2024,1,blend,tyrese martin
262,Michael Cage,-2.312,-0.771,2683.0,1996,1999,3,blend,michael cage
202719,Jeremy Tyler,-2.32,-1.16,965.0,2011,2013,2,blend,jeremy tyler
201604,Chris Douglas-Roberts,-2.322,-0.774,4212.0,2008,2010,4,blend,chris douglas-roberts
202705,MarShon Brooks,-2.329,-0.776,3260.0,2011,2013,4,blend,marshon brooks
2423,Chris Jefferies,-2.332,-2.332,668.0,2002,2002,1,blend,chris jefferies
1489,Lionel Simmons,-2.335,-2.335,521.0,1996,1996,1,blend,lionel simmons
2767,Royal Ivey,-2.346,-0.782,6009.0,2009,2012,8,blend,royal ivey
1627761,DeAndre' Bembry,-2.352,-0.784,5305.0,2019,2021,5,blend,deandre' bembry
1505,Tariq Abdul-Wahad,-2.358,-0.786,4801.0,1999,2001,6,blend,tariq abdul-wahad
200792,Alexander Johnson,-2.362,-1.181,1306.0,2006,2007,2,blend,alexander johnson
101214,Jawad Williams,-2.371,-1.186,1130.0,2009,2010,2,blend,jawad williams
1629672,Eric Paschall,-2.396,-0.799,3089.0,2019,2021,3,blend,eric paschall
2758,David Harrison,-2.399,-0.8,2497.0,2004,2007,3,blend,david harrison
1629016,Omari Spellman,-2.41,-1.205,1692.0,2018,2019,2,blend,omari spellman
28,Doug West,-2.42,-0.807,3490.0,1997,1999,4,blend,doug west
2565,Zoran Planinic,-2.423,-0.808,1571.0,2003,2005,3,blend,zoran planinic
1630577,Julian Champagnie,-2.431,-0.81,3720.0,2022,2024,3,blend,julian champagnie
201616,Darnell Jackson,-2.433,-1.216,912.0,2008,2010,2,blend,darnell jackson
1918,Obinna Ekezie,-2.435,-0.812,1368.0,1999,2004,3,blend,obinna ekezie
2604,Theron Smith,-2.444,-2.444,508.0,2004,2004,1,blend,theron smith
201966,Jermaine Taylor,-2.455,-1.228,787.0,2009,2010,2,blend,jermaine taylor
201159,Javaris Crittenton,-2.455,-1.227,1852.0,2007,2008,2,blend,javaris crittenton
202724,Charles Jenkins,-2.473,-1.236,1335.0,2011,2012,2,blend,charles jenkins
201187,Dominic McGuire,-2.476,-0.825,5342.0,2010,2012,6,blend,dominic mcguire
1520,Charles Smith,-2.478,-0.826,1962.0,1997,2001,4,blend,charles smith
201948,Austin Daye,-2.482,-0.827,3644.0,2010,2012,4,blend,austin daye
1641739,Toumani Camara,-2.532,-1.266,4287.0,2023,2024,2,blend,toumani camara
203117,Doron Lamb,-2.536,-1.268,1272.0,2012,2013,2,blend,doron lamb
203199,DeQuan Jones,-2.542,-2.542,800.0,2012,2012,1,blend,dequan jones
704,Shawn Respert,-2.555,-1.278,1402.0,1996,1997,2,blend,shawn respert
1629649,Ignas Brazdeikis,-2.56,-1.28,786.0,2020,2021,2,blend,ignas brazdeikis
101136,Salim Stoudamire,-2.564,-0.855,2678.0,2005,2007,3,blend,salim stoudamire
202690,Jimmer Fredette,-2.57,-0.857,2620.0,2011,2013,3,blend,jimmer fredette
1631108,Max Christie,-2.572,-0.857,3587.0,2022,2024,3,blend,max christie
1628980,Jacob Evans,-2.573,-1.286,622.0,2018,2019,2,blend,jacob evans
203498,Shabazz Muhammad,-2.577,-0.859,2387.0,2013,2017,3,blend,shabazz muhammad
685,Cherokee Parks,-2.582,-0.861,6518.0,1996,1998,7,blend,cherokee parks
2776,Pape Sow,-2.586,-1.293,839.0,2004,2005,2,blend,pape sow
1516,Ed Gray,-2.587,-1.293,807.0,1997,1998,2,blend,ed gray
1136,Brett Szabo,-2.628,-2.628,665.0,1996,1996,1,blend,brett szabo
1569,Keith Closs,-2.634,-1.317,1563.0,1997,1999,2,blend,keith closs
201974,Derrick Brown,-2.652,-0.884,2552.0,2009,2011,3,blend,derrick brown
1627789,Timothe Luwawu-Cabarrot,-2.658,-0.886,4063.0,2019,2021,5,blend,timothe luwawu-cabarrot
1629109,Gary Clark,-2.665,-0.888,2245.0,2019,2021,4,blend,gary clark
203546,Ian Clark,-2.67,-0.89,3011.0,2015,2018,3,blend,ian clark
1630249,Vít Krejčí,-2.681,-0.894,2383.0,2021,2024,3,blend,vít krejčí
203900,Markel Brown,-2.683,-2.683,980.0,2015,2015,1,blend,markel brown
1628407,Dwayne Bacon,-2.689,-0.896,4009.0,2017,2019,4,blend,dwayne bacon
1628402,Frank Jackson,-2.691,-0.897,3874.0,2018,2020,4,blend,frank jackson
2434,Juan Carlos Navarro,-2.708,-2.708,2116.0,2007,2007,1,blend,juan carlos navarro
202412,Manny Harris,-2.709,-1.355,1389.0,2010,2011,2,blend,manny harris
1518,Rodrick Rhodes,-2.714,-2.714,1073.0,1997,1997,1,blend,rodrick rhodes
734,Lawrence Moten,-2.723,-2.723,1219.0,1996,1996,1,blend,lawrence moten
1642347,Jamal Shead,-2.732,-2.732,1470.0,2024,2024,1,blend,jamal shead
143,Terry Dehere,-2.74,-0.913,2749.0,1996,1998,3,blend,terry dehere
1626245,Cristiano Felicio,-2.757,-0.919,2427.0,2015,2018,4,blend,cristiano felicio
1728,Roshown McLeod,-2.761,-0.92,2125.0,1998,2000,3,blend,roshown mcleod
2742,Sebastian Telfair,-2.777,-0.926,10834.0,2009,2011,8,blend,sebastian telfair
202701,Nolan Smith,-2.783,-1.392,829.0,2011,2012,2,blend,nolan smith
1628990,Chandler Hutchison,-2.788,-0.929,1765.0,2018,2020,3,blend,chandler hutchison
200756,Hilton Armstrong,-2.796,-0.932,3284.0,2006,2008,5,blend,hilton armstrong
1757,Cory Carr,-2.799,-2.799,622.0,1998,1998,1,blend,cory carr
1601,Rusty LaRue,-2.809,-1.405,1272.0,1998,2001,2,blend,rusty larue
1641748,Andre Jackson Jr.,-2.823,-1.412,1548.0,2023,2024,2,blend,andre jackson jr.
1630533,Ziaire Williams,-2.849,-0.95,4487.0,2021,2023,4,blend,ziaire williams
2109,Eddie Gill,-2.855,-1.427,1396.0,2001,2004,2,blend,eddie gill
1629717,Armoni Brooks,-2.855,-1.427,1362.0,2020,2021,2,blend,armoni brooks
203648,Thanasis Antetokounmpo,-2.864,-0.955,1235.0,2020,2022,3,blend,thanasis antetokounmpo
2853,Earl Barron,-2.867,-0.956,1626.0,2006,2009,4,blend,earl barron
201963,Christian Eyenga,-2.869,-2.869,946.0,2010,2010,1,blend,christian eyenga
202396,Samardo Samuels,-2.874,-1.437,1529.0,2010,2011,2,blend,samardo samuels
2648,Ronald Dupree,-2.879,-0.96,1634.0,2003,2005,3,blend,ronald dupree
1630535,Greg Brown III,-2.88,-2.88,638.0,2021,2021,1,blend,greg brown iii
1628414,Sindarius Thornwell,-2.893,-0.964,1683.0,2017,2020,3,blend,sindarius thornwell
200763,Quincy Douby,-2.933,-0.978,1534.0,2006,2008,3,blend,quincy douby
239,Darrick Martin,-2.938,-0.979,6515.0,1996,1998,6,blend,darrick martin
2242,Terence Morris,-2.952,-1.476,1747.0,2001,2002,2,blend,terence morris
694,Sam Mack,-2.957,-0.986,3734.0,1996,1998,4,blend,sam mack
1434,Dragan Tarlac,-2.963,-2.963,598.0,2000,2000,1,blend,dragan tarlac
203948,Johnny O'Bryant III,-2.977,-1.489,1236.0,2015,2017,2,blend,johnny o'bryant iii
1565,Michael Stewart,-2.997,-0.999,2784.0,1997,1999,4,blend,michael stewart
457,Andrew Lang,-3.012,-1.004,2515.0,1997,1999,4,blend,andrew lang
1627853,Ryan Arcidiacono,-3.018,-1.006,3642.0,2018,2020,4,blend,ryan arcidiacono
1626209,Mario Hezonja,-3.039,-1.013,5147.0,2015,2018,4,blend,mario hezonja
1631323,Simone Fontecchio,-3.069,-1.023,3645.0,2022,2024,3,blend,simone fontecchio
2693,Keith McLeod,-3.073,-1.024,3724.0,2004,2006,4,blend,keith mcleod
341,Joe Wolf,-3.088,-1.544,1142.0,1996,1997,2,blend,joe wolf
1895,William Avery,-3.103,-1.034,1200.0,1999,2001,3,blend,william avery
101158,Orien Greene,-3.104,-1.552,1486.0,2005,2006,2,blend,orien greene
203121,Darius Miller,-3.107,-1.036,5119.0,2012,2017,4,blend,darius miller
1627755,Tyler Ulis,-3.135,-3.135,1661.0,2017,2017,1,blend,tyler ulis
2563,Dahntay Jones,-3.142,-1.047,8442.0,2009,2011,8,blend,dahntay jones
1630245,Ayo Dosunmu,-3.148,-1.049,7811.0,2022,2024,4,blend,ayo dosunmu
1626169,Stanley Johnson,-3.177,-1.059,7354.0,2020,2022,6,blend,stanley johnson
1626185,Jarell Martin,-3.179,-1.06,2365.0,2015,2018,3,blend,jarell martin
203613,Jonathon Simmons,-3.189,-1.063,3907.0,2015,2018,3,blend,jonathon simmons
201157,Sean Williams,-3.189,-1.063,1872.0,2007,2009,3,blend,sean williams
1628424,Kobi Simmons,-3.201,-3.201,643.0,2017,2017,1,blend,kobi simmons
1629059,Elie Okobo,-3.205,-1.602,1680.0,2018,2019,2,blend,elie okobo
71,Pooh Richardson,-3.225,-1.613,2324.0,1996,1997,2,blend,pooh richardson
203463,Ben McLemore,-3.226,-1.075,8534.0,2015,2019,6,blend,ben mclemore
203200,Justin Holiday,-3.226,-1.075,13286.0,2019,2021,8,blend,justin holiday
202951,Jeremy Pargo,-3.231,-1.615,1078.0,2011,2012,2,blend,jeremy pargo
1627748,Thon Maker,-3.242,-1.081,2983.0,2017,2019,3,blend,thon maker
2219,Jeryl Sasser,-3.247,-3.247,1028.0,2002,2002,1,blend,jeryl sasser
2398,Jay Williams,-3.26,-3.26,1958.0,2002,2002,1,blend,jay williams
1627835,Paul Zipser,-3.265,-3.265,826.0,2017,2017,1,blend,paul zipser
202333,Xavier Henry,-3.266,-1.089,2821.0,2011,2013,4,blend,xavier henry
1631124,Julian Strawther,-3.267,-1.633,1930.0,2023,2024,2,blend,julian strawther
201947,Earl Clark,-3.269,-1.09,3532.0,2010,2012,5,blend,earl clark
203462,Archie Goodwin,-3.297,-1.648,1642.0,2013,2015,2,blend,archie goodwin
1629010,Jerome Robinson,-3.33,-1.11,1601.0,2018,2020,3,blend,jerome robinson
1600,Kornel David,-3.331,-1.11,1582.0,1998,2000,3,blend,kornel david
1630227,Daishen Nix,-3.341,-1.671,1174.0,2021,2022,2,blend,daishen nix
1631200,Kris Murray,-3.347,-1.674,2387.0,2023,2024,2,blend,kris murray
202686,Jan Vesely,-3.373,-1.124,2457.0,2011,2013,3,blend,jan vesely
203135,Robert Sacre,-3.38,-1.127,1617.0,2012,2015,3,blend,robert sacre
1642354,KJ Simpson,-3.387,-3.387,842.0,2024,2024,1,blend,kj simpson
997,Chris Robinson,-3.399,-1.7,1097.0,1996,1997,2,blend,chris robinson
1073,Reggie Slater,-3.402,-1.134,3016.0,1996,1998,4,blend,reggie slater
101130,Johan Petro,-3.415,-1.138,7260.0,2009,2011,8,blend,johan petro
1627775,Patrick McCaw,-3.416,-1.139,2267.0,2017,2019,3,blend,patrick mccaw
203798,PJ Hairston,-3.445,-3.445,1313.0,2015,2015,1,blend,pj hairston
1626170,Jerian Grant,-3.463,-1.154,3885.0,2015,2018,3,blend,jerian grant
1641730,Noah Clowney,-3.508,-1.754,1414.0,2023,2024,2,blend,noah clowney
271,Johnny Newman,-3.509,-1.17,9720.0,1998,2000,6,blend,johnny newman
1631101,Shaedon Sharpe,-3.524,-1.175,5089.0,2022,2024,3,blend,shaedon sharpe
234,Khalid Reeves,-3.531,-1.765,3382.0,1996,1997,2,blend,khalid reeves
1642348,Justin Edwards,-3.532,-3.532,1153.0,2024,2024,1,blend,justin edwards
1641712,Rayan Rupert,-3.563,-1.782,1089.0,2023,2024,2,blend,rayan rupert
2737,Rafael Araujo,-3.566,-1.189,1587.0,2004,2006,3,blend,rafael araujo
1631110,Jeremy Sochan,-3.567,-1.189,5013.0,2022,2024,3,blend,jeremy sochan
2053,Dalibor Bagaric,-3.58,-1.79,894.0,2000,2001,2,blend,dalibor bagaric
1630550,JT Thor,-3.599,-1.2,2258.0,2021,2023,4,blend,jt thor
688,Michael Curry,-3.599,-1.2,12120.0,1996,1998,8,blend,michael curry
1630592,Jalen Wilson,-3.603,-1.801,2697.0,2023,2024,2,blend,jalen wilson
1869,Charles R. Jones,-3.622,-1.811,1131.0,1998,1999,2,blend,charles r. jones
1628995,Kevin Knox II,-3.664,-1.221,5524.0,2020,2022,6,blend,kevin knox ii
440,Zan Tabak,-3.678,-1.226,1973.0,1996,2000,3,blend,zan tabak
1642275,Tidjane Salaün,-3.684,-3.684,1242.0,2024,2024,1,blend,tidjane salaün
1631098,Johnny Davis,-3.687,-1.229,1279.0,2022,2024,3,blend,johnny davis
201880,Greg Stiemsma,-3.72,-1.24,2979.0,2011,2013,3,blend,greg stiemsma
1722,Michael Dickerson,-3.751,-1.25,7281.0,1998,2000,3,blend,michael dickerson
203080,Thomas Robinson,-3.769,-1.256,2848.0,2012,2015,3,blend,thomas robinson
1626144,Emmanuel Mudiay,-3.784,-1.261,5761.0,2017,2019,4,blend,emmanuel mudiay
1628422,Damyean Dotson,-3.794,-1.265,4217.0,2017,2019,4,blend,damyean dotson
201628,Bobby Brown,-3.814,-1.907,1449.0,2008,2009,2,blend,bobby brown
432,Pete Chilcutt,-3.814,-1.271,3386.0,1996,1998,4,blend,pete chilcutt
2416,Kareem Rush,-3.834,-1.278,5899.0,2005,2008,6,blend,kareem rush
1732,Felipe Lopez,-3.846,-1.282,4146.0,1999,2001,4,blend,felipe lopez
1900,Quincy Lewis,-3.878,-1.293,1780.0,1999,2001,3,blend,quincy lewis
2624,Quinton Ross,-3.883,-1.294,8435.0,2004,2006,7,blend,quinton ross
898,Blue Edwards,-3.883,-1.294,3687.0,1996,1998,3,blend,blue edwards
2084,Chris Porter,-3.886,-3.886,1148.0,2000,2000,1,blend,chris porter
2469,Pat Burke,-3.928,-1.964,1132.0,2002,2005,2,blend,pat burke
201590,Donte Greene,-3.936,-1.312,4256.0,2009,2011,4,blend,donte greene
1626173,Rashad Vaughn,-3.942,-1.971,1214.0,2015,2017,2,blend,rashad vaughn
1629726,Garrison Mathews,-3.948,-1.316,5476.0,2022,2024,6,blend,garrison mathews
707,Mark Davis,-3.948,-1.316,3081.0,1996,1999,3,blend,mark davis
1934,Rodney Buford,-3.982,-1.327,4040.0,1999,2001,4,blend,rodney buford
1037,Stojko Vrankovic,-3.984,-1.992,1763.0,1996,1997,2,blend,stojko vrankovic
1642268,Isaiah Collier,-4.014,-4.014,1839.0,2024,2024,1,blend,isaiah collier
2056,Primoz Brezec,-4.02,-1.34,5763.0,2004,2006,4,blend,primoz brezec
2863,Damien Wilkins,-4.103,-1.368,9741.0,2004,2006,8,blend,damien wilkins
1642274,Yves Missi,-4.106,-4.106,1956.0,2024,2024,1,blend,yves missi
1629643,Chuma Okeke,-4.121,-1.374,3835.0,2021,2023,4,blend,chuma okeke
1631216,Caleb Houstan,-4.153,-1.384,2414.0,2022,2024,3,blend,caleb houstan
412,Sharone Wright,-4.153,-4.153,1008.0,1996,1996,1,blend,sharone wright
1641722,Jordan Hawkins,-4.179,-2.089,2481.0,2023,2024,2,blend,jordan hawkins
1630177,Theo Maledon,-4.182,-1.394,3748.0,2021,2023,4,blend,theo maledon
1629678,Admiral Schofield,-4.19,-1.397,1288.0,2019,2022,3,blend,admiral schofield
101120,Antoine Wright,-4.262,-1.421,5690.0,2007,2009,5,blend,antoine wright
203088,Kendall Marshall,-4.287,-1.429,2666.0,2012,2015,3,blend,kendall marshall
101211,Stephen Graham,-4.293,-1.431,2447.0,2008,2010,3,blend,stephen graham
1641729,Brice Sensabaugh,-4.331,-2.165,2020.0,2023,2024,2,blend,brice sensabaugh
1629633,Jarrett Culver,-4.344,-1.448,2342.0,2019,2021,3,blend,jarrett culver
1913,Michael Ruffin,-4.35,-1.45,5747.0,2005,2007,7,blend,michael ruffin
924,Anthony Goldwire,-4.422,-1.474,4131.0,1996,2000,4,blend,anthony goldwire
381,James Robinson,-4.431,-1.477,3051.0,1996,1998,3,blend,james robinson
200821,Yakhouba Diawara,-4.481,-1.494,2568.0,2006,2008,3,blend,yakhouba diawara
1641706,Brandon Miller,-4.491,-2.246,3306.0,2023,2024,2,blend,brandon miller
1629604,CJ Elleby,-4.494,-4.494,1172.0,2021,2021,1,blend,cj elleby
1631223,David Roddy,-4.494,-1.498,2846.0,2022,2024,3,blend,david roddy
200776,Mardy Collins,-4.562,-1.521,2766.0,2006,2008,4,blend,mardy collins
1956,Ira Newble,-4.58,-1.527,7324.0,2004,2007,6,blend,ira newble
200780,Solomon Jones,-4.599,-1.533,2836.0,2008,2010,5,blend,solomon jones
2770,Justin Reed,-4.602,-2.301,1313.0,2005,2006,2,blend,justin reed
203100,Tony Wroten,-4.624,-2.312,2037.0,2012,2013,2,blend,tony wroten
1630528,Josh Christopher,-4.634,-2.317,2119.0,2021,2022,2,blend,josh christopher
763,Tony Massenburg,-4.679,-1.56,8324.0,1997,2000,8,blend,tony massenburg
202343,Elliot Williams,-4.681,-4.681,1159.0,2013,2013,1,blend,elliot williams
170,Joe Kleine,-4.714,-1.571,1620.0,1996,1998,3,blend,joe kleine
202698,Chris Singleton,-4.736,-1.579,2606.0,2011,2013,3,blend,chris singleton
2694,Josh Powell,-4.922,-1.641,3944.0,2005,2007,6,blend,josh powell
1642259,Alex Sarr,-4.925,-4.925,1816.0,2024,2024,1,blend,alex sarr
190,Duane Causwell,-4.944,-1.648,1340.0,1996,2000,3,blend,duane causwell
1630703,Scoot Henderson,-4.959,-2.48,3529.0,2023,2024,2,blend,scoot henderson
376,Eric Montross,-4.976,-1.659,4728.0,1997,1999,6,blend,eric montross
1629610,DaQuan Jeffries,-5.058,-2.529,1565.0,2020,2024,2,blend,daquan jeffries
1631104,Blake Wesley,-5.125,-1.708,2232.0,2022,2024,3,blend,blake wesley
1626184,Chasson Randle,-5.191,-2.596,1581.0,2018,2020,2,blend,chasson randle
1629635,Sekou Doumbouya,-5.231,-2.615,1620.0,2019,2020,2,blend,sekou doumbouya
1642273,Kyshawn George,-5.38,-5.38,1802.0,2024,2024,1,blend,kyshawn george
201146,Yi Jianlian,-5.387,-1.796,6031.0,2007,2009,5,blend,yi jianlian
680,John Amaechi,-5.401,-1.8,4465.0,1999,2001,4,blend,john amaechi
1630548,Johnny Juzang,-5.421,-1.807,1871.0,2022,2024,3,blend,johnny juzang
1630557,Corey Kispert,-5.447,-1.816,7564.0,2021,2023,4,blend,corey kispert
735,Bryant Reeves,-5.472,-1.824,9604.0,1996,1998,5,blend,bryant reeves
1630164,James Wiseman,-5.525,-1.842,2793.0,2020,2023,3,blend,james wiseman
1631121,Bryce McGowens,-5.532,-2.766,1666.0,2022,2023,2,blend,bryce mcgowens
1626203,Treveon Graham,-5.564,-1.855,2696.0,2017,2019,3,blend,treveon graham
2042,Courtney Alexander,-5.57,-1.857,4053.0,2000,2002,3,blend,courtney alexander
2402,Dajuan Wagner,-5.575,-2.787,2095.0,2002,2003,2,blend,dajuan wagner
1627782,Wayne Selden,-5.594,-2.797,2133.0,2017,2018,2,blend,wayne selden
1629629,Cam Reddish,-5.597,-1.866,5877.0,2020,2022,6,blend,cam reddish
203106,Jeffery Taylor,-5.598,-2.799,2138.0,2012,2013,2,blend,jeffery taylor
195,Lee Mayberry,-5.601,-2.8,3793.0,1996,1997,2,blend,lee mayberry
203477,Isaiah Canaan,-5.634,-1.878,3266.0,2013,2017,4,blend,isaiah canaan
964,Roy Rogers,-5.798,-2.899,2209.0,1996,1999,2,blend,roy rogers
1629676,Isaiah Roby,-5.822,-1.941,2852.0,2020,2022,3,blend,isaiah roby
2751,Viktor Khryapa,-5.905,-1.968,2249.0,2004,2006,3,blend,viktor khryapa
246,Greg Anderson,-6.141,-3.07,2060.0,1996,1997,2,blend,greg anderson
1630587,Isaiah Livers,-6.34,-2.113,2054.0,2021,2023,3,blend,isaiah livers
1642262,Cody Williams,-6.375,-6.375,1060.0,2024,2024,1,blend,cody williams
786,Gerald Wilkins,-6.464,-3.232,3461.0,1996,1997,2,blend,gerald wilkins
2454,Junior Harrington,-6.595,-2.198,3088.0,2002,2006,3,blend,junior harrington
280,Felton Spencer,-6.659,-2.22,2621.0,1996,2001,3,blend,felton spencer
61,Carl Herrera,-6.665,-2.222,2651.0,1996,1998,3,blend,carl herrera
2069,Hanno Mottola,-6.707,-3.353,2355.0,2000,2001,2,blend,hanno mottola
1641711,Gradey Dick,-6.944,-3.472,2854.0,2023,2024,2,blend,gradey dick
1630534,Ochai Agbaji,-7.011,-2.337,4588.0,2022,2024,3,blend,ochai agbaji
2401,Nikoloz Tskitishvili,-7.087,-2.362,1838.0,2002,2004,3,blend,nikoloz tskitishvili
203584,Troy Daniels,-7.215,-2.405,3388.0,2015,2018,4,blend,troy daniels
1641718,Keyonte George,-7.267,-3.633,4136.0,2023,2024,2,blend,keyonte george
1629647,Darius Bazley,-7.315,-2.438,5384.0,2019,2021,4,blend,darius bazley
1641733,Nick Smith Jr.,-7.471,-3.735,2097.0,2023,2024,2,blend,nick smith jr.
1736,Corey Benjamin,-7.613,-2.538,2041.0,1998,2000,3,blend,corey benjamin
1627733,Dragan Bender,-7.771,-2.59,3179.0,2017,2019,3,blend,dragan bender
202713,Kyle Singler,-7.848,-2.616,5612.0,2012,2015,3,blend,kyle singler
200747,Adam Morrison,-7.892,-2.631,3279.0,2006,2009,3,blend,adam morrison
1907,Vonteego Cummings,-7.945,-2.648,3784.0,1999,2001,3,blend,vonteego cummings
202087,Alonzo Gee,-8.206,-2.735,8145.0,2010,2012,5,blend,alonzo gee
201957,Byron Mullens,-8.517,-2.839,3302.0,2011,2013,3,blend,byron mullens
1628390,Terrance Ferguson,-8.58,-2.86,3954.0,2017,2019,3,blend,terrance ferguson
203917,Nik Stauskas,-8.603,-2.868,3348.0,2015,2018,3,blend,nik stauskas
1642267,Bub Carrington,-8.959,-8.959,2460.0,2024,2024,1,blend,bub carrington
1630181,R.J. Hampton,-8.989,-2.996,3036.0,2020,2022,3,blend,r.j. hampton
1631093,Jaden Ivey,-9.101,-3.034,5416.0,2022,2024,3,blend,jaden ivey
1540,Eric Washington,-9.239,-4.62,2302.0,1997,1998,2,blend,eric washington
201938,Jonny Flynn,-9.402,-3.134,3736.0,2009,2011,3,blend,jonny flynn
1838,Tyrone Nesby,-9.474,-3.158,6661.0,1999,2001,4,blend,tyrone nesby
1631103,Malaki Branham,-9.516,-3.172,3576.0,2022,2024,3,blend,malaki branham
1630553,Keon Johnson,-10.074,-3.358,3039.0,2021,2024,3,blend,keon johnson
203138,Hollis Thompson,-10.146,-5.073,3896.0,2013,2015,2,blend,hollis thompson
201154,Al Thornton,-10.28,-3.427,8274.0,2008,2010,4,blend,al thornton
1630165,Killian Hayes,-11.415,-3.805,5480.0,2020,2022,4,blend,killian hayes
1641731,Bilal Coulibaly,-12.103,-6.052,3661.0,2023,2024,2,blend,bilal coulibaly
