player_name,team,season,h1_min,h1_FGM,h1_FGA,h1_3PM,h1_3PA,h1_FTM,h1_FTA,h1_AST,h1_STL,h1_BLK,h1_ORB,h1_DRB,h1_TO,h2_min,h2_FGM,h2_FGA,h2_3PM,h2_3PA,h2_FTM,h2_FTA,h2_AST,h2_STL,h2_BLK,h2_ORB,h2_DRB,h2_TO
A'Ram Johnson,Haskell,2017-18,20.0,1,2,1,2,0,0,0,0,0,0,0,0,14.9,3,5,0,1,0,1,0,0,0,1,0,0
A.C. Reid,Tennessee State,2017-18,20.0,1,15,1,15,0,0,0,1,1,0,4,1,14.63,3,13,3,13,0,0,1,1,0,0,3,2
A.J. Astroth,Hampton,2017-18,20.0,2,5,0,0,4,5,0,0,1,2,4,1,17.85,4,10,0,1,1,1,0,2,2,2,7,0
A.J. Bowers,Chattanooga,2017-18,0.0,0,0,0,0,0,0,0,1,1,2,2,2,14.9,2,3,0,1,0,0,0,0,0,1,3,0
A.J. Caldwell,South Alabama,2017-18,20.0,1,5,1,4,0,0,0,0,1,1,2,1,17.9,1,6,0,5,0,0,0,0,0,0,4,1
A.J. Davis,UCF,2017-18,20.0,53,135,14,45,40,58,11,17,3,31,85,36,20.0,62,128,16,43,71,98,9,12,9,25,84,23
A.J. Frye,NC Wesleyan,2017-18,20.0,6,14,1,3,5,7,0,1,0,2,8,3,14.68,7,11,2,3,2,3,0,1,1,3,5,3
A.J. Gareri,Ohio,2017-18,20.0,1,3,0,1,2,3,0,0,0,0,5,2,20.0,0,0,0,0,0,0,0,0,0,0,4,0
A.J. Harris,East Central,2017-18,20.0,47,132,16,60,10,15,3,13,9,3,20,22,16.12,60,135,17,53,19,37,2,13,1,8,22,25
A.J. Hicks,Alice Lloyd College,2017-18,20.0,34,76,4,21,31,46,0,22,2,4,25,30,14.98,30,77,10,30,44,66,0,20,4,9,19,25
A.J. Jacobson,North Dakota State,2017-18,20.0,44,90,24,54,10,10,0,8,6,4,61,12,17.87,45,93,26,57,35,40,0,5,5,5,51,12
A.J. John,,2017-18,0.0,32,69,12,37,12,12,0,5,4,13,35,8,3.5,38,74,20,48,6,9,0,3,7,17,33,12
A.J. Lapray,Rice,2017-18,20.0,17,41,13,30,1,1,1,3,0,1,15,8,20.0,14,32,11,24,4,4,0,7,0,3,12,7
A.J. Lawson,North Texas,2017-18,20.0,58,151,7,30,19,32,0,16,7,20,64,29,14.73,62,133,5,20,40,66,2,10,5,21,52,34
A.J. Mosby,Alcorn State,2017-18,20.0,54,113,26,61,11,14,0,20,3,4,58,28,14.73,59,107,13,36,17,22,0,11,0,5,37,19
A.J. Youngman,Eastern Kentucky,2017-18,20.0,15,45,14,37,2,2,0,6,0,2,15,10,20.0,13,33,9,25,1,2,0,3,2,2,12,2
AC Reid,Tennessee State,2017-18,20.0,0,0,0,0,0,0,2,0,0,0,0,0,14.92,0,0,0,0,0,0,1,0,0,0,0,0
AJ Astroth,Hampton,2017-18,0.0,0,0,0,0,0,0,1,0,0,0,0,0,17.85,0,0,0,0,0,0,1,0,0,0,0,0
AJ Bowers,Chattanooga,2017-18,0.0,0,0,0,0,0,0,0,0,0,0,0,0,14.9,0,0,0,0,0,0,1,0,0,0,0,0
AJ Brodeur,Pennsylvania,2017-18,20.0,80,155,12,38,26,37,41,11,20,25,95,39,20.0,91,156,8,29,26,44,37,17,16,25,72,34
AJ Cabbagestalk,Shenandoah,2017-18,20.0,1,2,1,1,0,0,1,0,0,0,0,1,14.92,0,1,0,0,0,0,0,0,0,0,0,0
AJ Caldwell,Boyce,2017-18,20.0,0,0,0,0,0,0,2,0,0,0,0,0,14.93,0,0,0,0,0,0,2,0,0,0,0,0
AJ Davis,UCF,2017-18,20.0,0,0,0,0,0,0,26,0,0,0,0,0,20.0,0,0,0,0,0,0,18,0,0,0,0,0
AJ Frye,NC Wesleyan,2017-18,0.0,0,0,0,0,0,0,1,0,0,0,0,0,14.68,0,0,0,0,0,0,1,0,0,0,0,0
AJ Gareri,Ohio,2017-18,10.0,0,0,0,0,0,0,1,0,0,0,0,0,20.0,0,0,0,0,0,0,0,0,0,0,0,0
AJ Harris,New Mexico State,2017-18,20.0,0,0,0,0,0,0,43,0,0,0,0,0,16.12,0,0,0,0,0,0,37,0,0,0,0,0
AJ Hicks,Morehead State,2017-18,20.0,0,0,0,0,0,0,41,0,0,0,0,0,14.98,0,0,0,0,0,0,49,0,0,0,0,0
AJ Jacobson,North Dakota State,2017-18,20.0,0,0,0,0,0,0,27,0,0,0,0,0,17.87,0,0,0,0,0,0,15,0,0,0,0,0
AJ John,UC Davis,2017-18,20.0,0,0,0,0,0,0,3,0,0,0,0,0,20.0,0,0,0,0,0,0,5,0,0,0,0,0
AJ Lapray,Rice,2017-18,20.0,0,0,0,0,0,0,1,0,0,0,0,0,20.0,0,0,0,0,0,0,6,0,0,0,0,0
AJ Lawson,North Texas,2017-18,20.0,0,0,0,0,0,0,41,0,0,0,0,0,14.73,0,0,0,0,0,0,29,0,0,0,0,0
AJ Mosby,Alcorn State,2017-18,0.0,0,0,0,0,0,0,48,0,0,0,0,0,14.73,0,0,0,0,0,0,42,0,0,0,0,0
AJ Myers,North Greenville,2017-18,20.0,0,0,0,0,0,2,0,0,0,0,0,0,14.93,0,0,0,0,0,0,0,0,0,0,0,1
AJ Sumbry,Wagner,2017-18,20.0,31,72,0,0,20,41,8,8,33,40,63,29,20.0,37,75,0,0,45,76,6,4,23,45,58,15
AJ Wilson,George Mason,2017-18,20.0,17,41,2,7,10,18,1,3,17,11,29,12,20.0,15,34,2,6,16,28,1,4,11,20,18,5
AJ Youngman,Eastern Kentucky,2017-18,20.0,0,0,0,0,0,0,8,0,0,0,0,0,20.0,0,0,0,0,0,0,4,0,0,0,0,0
Aamir Simms,Clemson,2017-18,20.0,35,67,11,28,7,14,10,5,16,16,47,11,14.77,17,42,3,15,8,12,10,2,13,10,33,8
Aaran Benjamin,Georgian Court,2017-18,20.0,1,2,1,1,0,0,1,0,0,0,1,0,19.75,1,1,1,1,0,0,0,0,0,0,0,0
Aaren Edmead,North Carolina A&T,2017-18,20.0,29,84,11,38,13,13,32,3,0,4,17,28,20.0,35,90,16,40,36,47,31,8,0,5,19,23
Aaric Marks,Lynchburg,2017-18,20.0,0,1,0,0,0,0,0,0,0,0,0,0,19.93,0,0,0,0,0,0,0,0,0,0,0,0
Aario Johnson,Hiwassee College,2017-18,20.0,4,15,1,4,1,2,0,3,3,2,10,1,18.62,5,11,0,1,0,0,0,0,1,2,11,1
Aaron Abayari,Barclay College,2017-18,0.0,0,0,0,0,0,0,0,1,0,0,1,1,14.93,0,3,0,2,2,2,0,0,0,0,0,0
Aaron Augustin,Stephen F. Austin,2017-18,20.0,21,49,7,16,4,9,48,18,2,4,29,20,17.98,17,51,9,29,26,39,53,29,0,4,24,25
Aaron Brennan,IUPUI,2017-18,20.0,74,163,17,45,21,23,26,12,12,14,53,25,17.68,60,123,11,34,42,55,21,16,6,21,41,27
Aaron Calixte,Maine,2017-18,20.0,50,108,16,45,32,33,26,6,1,6,31,41,17.85,48,96,20,40,35,41,24,10,2,3,18,28
Aaron Carver,Old Dominion,2017-18,20.0,12,30,0,1,9,16,9,7,12,20,47,10,20.0,12,26,0,1,5,10,7,7,6,19,29,8
Aaron Cook,Southern Illinois,2017-18,20.0,46,112,14,37,20,28,36,16,4,3,32,37,16.55,42,97,12,41,31,44,42,25,4,2,30,26
Aaron Deatherage,Portland Bible,2017-18,20.0,3,7,0,1,0,0,1,0,0,1,2,3,14.83,3,7,0,2,0,1,1,2,0,2,0,1
Aaron Epps,LSU,2017-18,20.0,56,106,20,55,13,17,4,5,13,21,59,12,16.53,43,89,11,37,22,28,8,3,12,31,49,9
Aaron Falzon,Northwestern,2017-18,20.0,25,55,18,38,15,16,10,1,2,5,31,10,18.78,18,69,16,54,14,18,5,8,4,3,7,5
Aaron Foldi,,2017-18,0.0,0,0,0,0,0,0,0,0,0,0,0,0,0.0,0,0,0,0,0,0,0,0,0,0,0,1
Aaron Gettys,McMurry,2017-18,20.0,2,3,1,1,0,0,1,2,0,0,0,1,14.97,0,1,0,1,0,0,0,0,0,0,1,0
Aaron Hines,Saint Louis,2017-18,20.0,34,103,17,53,17,24,21,12,1,3,27,26,17.4,25,90,12,39,14,24,24,12,0,0,17,18
Aaron Holiday,UCLA,2017-18,20.0,95,224,44,109,40,49,87,14,4,7,47,53,20.0,107,207,39,82,106,126,84,25,4,10,54,66
Aaron Jackson,East Carolina,2017-18,20.0,9,30,4,17,4,6,3,5,0,5,19,10,14.93,9,24,3,11,3,6,5,2,1,10,14,9
Aaron Jacobs,,2017-18,0.0,0,0,0,0,0,0,0,0,0,0,0,0,0.0,0,0,0,0,0,0,0,0,0,0,0,1
Aaron Jordan,Illinois,2017-18,20.0,32,75,15,40,24,27,16,11,3,23,31,15,14.97,42,82,27,48,29,35,7,15,3,19,24,14
Aaron Korn,Lipscomb,2017-18,20.0,26,55,18,39,3,7,12,6,2,13,45,12,20.0,16,49,6,31,7,10,15,5,0,14,32,9
Aaron Laflin,California Merced,2017-18,20.0,0,4,0,3,0,0,0,1,1,0,1,0,14.87,0,4,0,2,0,0,1,0,0,0,0,1
Aaron Levarity,Milligan,2017-18,20.0,2,5,0,0,2,2,0,0,0,4,2,1,14.67,0,2,0,0,0,0,1,0,0,1,0,1
Aaron Menzies,Seattle,2017-18,20.0,83,140,0,0,32,52,14,4,34,71,82,22,17.4,54,82,0,0,43,61,4,4,37,40,77,14
Aaron Moesch,Wisconsin,2017-18,0.0,0,1,0,0,6,6,1,1,0,1,6,2,14.9,3,4,2,2,1,2,3,2,0,2,2,2
Aaron Nettles,Seattle,2017-18,20.0,7,21,6,19,8,8,2,2,0,1,5,4,14.78,13,24,11,21,3,5,5,1,0,2,3,4
Aaron Patterson,Shenandoah,2017-18,20.0,4,9,2,6,0,1,1,1,0,0,1,0,14.82,1,6,1,6,0,0,0,0,0,0,0,0
Aaron Ray,Southern,2017-18,20.0,20,52,9,24,8,10,5,7,1,5,23,19,14.97,19,51,11,19,21,33,4,7,0,12,26,15
Aaron Reed,North Park,2017-18,20.0,0,2,0,1,0,0,0,0,0,0,1,1,14.92,0,1,0,1,1,2,0,0,0,0,3,0
Aaron Robinson,Quinnipiac,2017-18,0.0,19,40,15,35,1,3,6,7,1,5,25,6,17.67,12,32,7,24,0,3,7,7,0,7,29,2
Aaron Rohlman,,2017-18,0.0,0,0,0,0,0,0,0,0,0,1,2,1,0.0,0,0,0,0,0,0,0,0,0,0,0,0
Aaron Spivey,Wake Forest,2017-18,0.0,0,0,0,0,0,0,0,0,0,0,0,0,20.0,0,1,0,1,0,0,0,0,0,0,0,0
Aaron Thompson,Butler,2017-18,20.0,24,70,1,9,18,33,60,18,6,0,19,35,17.72,24,53,1,5,15,30,55,15,6,2,15,19
Aaron Walker Jr,Manhattan,2017-18,0.0,0,0,0,0,0,0,30,0,0,0,0,0,19.1,0,0,0,0,0,0,11,0,0,0,0,0
Aaron Walker Jr.,Manhattan,2017-18,17.78,27,69,6,22,14,23,0,17,2,4,16,23,20.0,24,68,9,23,22,34,0,10,0,2,15,25
Aaron Washington,,2017-18,0.57,0,5,0,4,0,0,0,0,0,1,0,0,0.0,2,4,2,4,0,0,1,1,0,0,0,0
Aaron Weidenaar,Central Arkansas,2017-18,0.0,5,17,3,14,0,0,5,0,0,2,3,2,14.92,7,15,4,9,1,2,1,1,2,3,9,5
Aaron Young,Princeton,2017-18,20.0,11,34,10,31,2,2,15,1,0,0,12,8,20.0,13,37,10,29,9,9,10,8,0,1,6,4
Aaryn Rai,Dartmouth,2017-18,20.0,18,55,12,28,10,13,6,6,4,18,16,15,20.0,16,40,7,17,5,7,8,9,2,10,19,10
Abayomi Iyiola,Stetson,2017-18,20.0,80,151,0,2,24,31,5,10,9,35,68,14,20.0,51,106,0,1,19,31,0,6,10,40,51,17
Abbey Sissom,,2017-18,4.12,1,2,0,0,3,3,0,0,0,0,0,1,0.0,0,1,0,0,1,2,0,0,0,0,0,0
Abdoulaye Gueye,Georgia Tech,2017-18,20.0,43,92,1,4,7,18,20,14,24,25,39,25,20.0,25,54,1,7,28,42,12,6,6,27,40,18
Abdul Ado,Mississippi State,2017-18,20.0,45,71,0,0,31,50,6,18,34,41,45,35,14.65,49,72,0,0,16,41,5,9,24,43,70,29
Abdul Fofana,,2017-18,15.83,2,4,0,0,3,5,1,1,1,3,7,2,0.0,2,3,0,0,0,0,0,1,0,1,4,2
Abdul Lewis,NJIT,2017-18,20.0,41,98,5,12,49,72,26,7,12,35,79,34,20.0,65,113,5,13,37,60,25,2,10,45,71,46
Abdul Sarki,Charleston Southern,2017-18,0.0,0,0,0,0,0,0,0,0,0,0,0,0,14.77,5,8,0,0,2,2,0,1,0,11,2,2
Abdul-Malik Abu,NC State,2017-18,20.0,31,68,0,4,12,20,9,6,7,17,22,16,20.0,23,45,0,2,14,25,3,3,4,14,30,9
Abdulai Bundu,Quinnipiac,2017-18,20.0,26,49,0,0,23,32,8,4,9,38,52,18,20.0,31,49,0,0,23,38,3,5,8,31,50,14
Abel Porter,Utah State,2017-18,20.0,3,9,1,4,5,9,3,4,1,0,8,7,20.0,3,7,0,3,1,2,6,0,0,0,2,1
Abilene Christian,,2017-18,0.0,0,0,0,0,0,0,0,0,0,16,18,2,0.0,0,0,0,0,0,0,0,0,0,23,24,4
Abiola Akintola,Denver,2017-18,20.0,9,18,0,0,1,5,5,7,3,8,27,9,15.7,6,15,0,0,1,8,6,0,2,6,12,4
Aboubacar Diallo,Eastern Illinois,2017-18,20.0,7,16,0,0,1,1,8,3,17,17,28,6,20.0,5,13,0,0,3,5,8,1,26,11,31,4
Abraham Eze,Rio Grande,2017-18,20.0,1,3,0,0,2,2,0,0,0,1,3,2,14.92,0,0,0,0,0,0,0,0,0,0,0,0
Abrian Edwards,Sam Houston State,2017-18,20.0,31,69,3,14,19,32,36,14,1,14,44,31,14.87,34,61,4,9,25,34,28,8,0,22,34,17
Abu Kigab,Oregon,2017-18,20.0,9,31,1,9,0,9,5,5,5,8,15,8,17.87,9,24,2,9,6,9,3,4,1,4,7,4
Ace Stallings,Mt. St. Mary's,2017-18,0.0,2,4,0,0,2,3,1,1,0,1,2,1,14.57,0,1,0,0,0,2,1,0,2,2,4,0
Acoydan McCarthy,Austin Peay,2017-18,20.0,2,9,0,1,0,2,1,0,0,0,4,3,17.6,2,4,0,0,2,2,2,1,0,0,4,2
Adam Bonk,Wisconsin Parkside,2017-18,20.0,1,6,0,3,0,0,0,0,0,1,0,0,16.33,4,9,2,5,0,0,2,0,0,0,1,2
Adam Dizbon,Susquehanna University,2017-18,20.0,3,8,2,4,0,0,1,0,0,0,2,0,20.0,1,4,0,0,0,0,1,0,0,0,1,2
Adam Gigax,Emory,2017-18,19.95,3,8,2,4,0,0,0,0,0,1,4,1,17.95,0,6,0,4,3,4,0,1,0,1,0,1
Adam Grant,Bryant,2017-18,20.0,82,181,31,88,19,27,35,14,0,9,28,29,14.6,57,182,32,91,38,54,29,11,1,12,30,30
Adam Hinchcliffe,Western State Colorado University,2017-18,20.0,0,1,0,1,0,0,0,0,0,0,1,0,18.78,2,2,1,1,0,1,0,0,0,0,0,0
Adam Marlow,UC Santa Cruz,2017-18,20.0,0,2,0,1,2,2,3,0,0,0,0,4,14.8,0,1,0,1,0,0,3,0,0,0,0,1
Adam McDermott,Northern Iowa,2017-18,20.0,1,5,1,5,0,0,3,1,0,0,3,1,14.83,1,3,1,2,0,0,1,2,0,0,2,1
Adam Mitola,George Washington,2017-18,20.0,0,3,0,3,0,0,1,1,0,1,2,0,20.0,0,0,0,0,1,2,1,0,0,0,2,1
Adam Pickett,Winthrop,2017-18,20.0,50,91,12,31,24,31,28,12,7,7,34,36,16.55,41,80,11,27,18,27,24,11,4,6,35,27
Adam Pischke,Lewis,2017-18,20.0,1,4,1,1,2,2,2,0,0,0,0,1,14.77,0,0,0,0,0,0,1,0,0,0,0,1
Adam Rabke,Boyce,2017-18,20.0,2,12,1,5,0,0,1,1,0,1,3,1,14.93,2,5,2,4,0,0,0,0,0,0,0,1
Adam Rivera,Arkansas-Fort Smith,2017-18,20.0,2,8,1,3,2,2,2,0,3,1,2,0,14.72,4,8,2,5,0,0,1,0,0,1,0,2
Adam Saavedra,Life Pacific,2017-18,20.0,1,7,1,5,0,0,0,1,0,1,1,1,16.72,0,2,0,1,0,0,0,0,0,1,0,2
Adam Sledd,Western Carolina,2017-18,0.0,6,13,0,0,2,6,3,0,3,8,3,3,14.77,17,32,0,0,1,2,1,2,1,9,7,1
Adam Traore,Coppin State,2017-18,20.0,16,46,5,16,18,23,6,1,2,11,40,26,17.87,16,45,0,8,24,30,12,4,0,15,27,12
Adam Vaught,Ferrum,2017-18,0.0,0,0,0,0,0,0,0,0,0,0,0,0,14.75,0,0,0,0,0,0,1,0,0,0,0,0
Adam Webb,Stetson,2017-18,20.0,5,10,0,0,0,0,0,0,4,5,5,2,20.0,1,6,0,0,0,0,0,0,3,0,5,3
Adam White,Presentation College,2017-18,20.0,1,2,0,0,0,0,0,0,0,0,0,0,19.47,3,3,0,0,1,3,0,0,0,1,2,0
Adams State,,2017-18,0.0,0,0,0,0,0,0,0,0,0,0,0,1,0.0,0,0,0,0,0,0,0,0,0,1,0,0
Adarius Avery,Loyola Chicago,2017-18,20.0,6,15,0,1,6,7,3,0,1,5,8,5,14.98,4,9,0,0,2,6,1,1,0,3,5,2
Addison Miller,Fisk,2017-18,0.0,3,5,3,5,0,0,0,1,0,0,3,1,17.92,4,10,3,7,0,0,1,1,0,0,1,4
Addison Wagler,Oakland City,2017-18,20.0,5,7,0,0,0,1,0,0,0,0,0,0,14.98,1,5,0,0,2,2,0,1,0,1,2,1
Ade Murkey,Denver,2017-18,20.0,36,89,1,6,14,22,39,10,7,19,42,39,15.7,36,84,0,1,32,49,29,6,6,21,34,23
Aden Burton,Bethel (TN),2017-18,0.0,0,0,0,0,0,0,0,0,0,0,0,0,14.98,0,1,0,1,0,0,0,1,0,0,0,1
Adeola Latunji,Staten Island,2017-18,20.0,2,12,0,2,1,3,0,0,0,2,0,1,14.95,0,2,0,1,1,2,1,0,0,0,0,2
Adida Ikongshul,Western Michigan,2017-18,20.0,3,9,1,2,0,1,2,1,0,2,11,3,14.92,3,9,0,0,0,0,2,0,0,3,8,5
Admir Besovic,Montana,2017-18,20.0,1,2,0,0,0,0,0,0,0,2,1,1,17.98,0,0,0,0,0,0,0,0,0,0,0,0
Admiral Schofield,Tennessee,2017-18,20.0,95,206,35,84,30,43,28,15,11,24,85,33,14.98,78,183,28,76,38,47,24,19,3,31,77,30
Admon Gilder,Texas A&M,2017-18,20.0,66,153,22,65,20,26,40,27,3,9,41,30,14.87,59,119,25,53,45,53,35,8,2,10,57,21
Adonis De La Rosa,Kent State,2017-18,20.0,62,118,0,0,35,51,15,9,8,49,63,50,14.98,69,113,0,0,77,95,18,10,11,45,77,52
Adonis Rosario,Bryn Athyn,2017-18,20.0,1,3,0,0,0,0,0,1,0,1,1,0,14.82,1,2,0,0,0,0,0,0,0,0,1,0
Adonis Rwabigwi,UT Rio Grande Valley,2017-18,20.0,7,23,0,0,15,19,2,3,6,10,21,8,17.7,8,15,0,0,8,11,1,4,3,5,11,6
Adrease Jackson,Dartmouth,2017-18,20.0,29,57,9,21,6,10,3,2,5,15,39,14,14.52,20,36,4,8,8,12,5,2,2,7,28,4
Adrian Baucum,Kean,2017-18,20.0,1,6,0,4,0,0,0,0,0,0,2,2,14.78,3,4,1,2,1,1,0,0,0,0,0,0
Adrian Brown,McNeese,2017-18,0.0,7,17,0,0,5,6,0,1,2,2,13,6,16.48,5,14,0,0,3,6,2,1,0,3,7,0
Adrian Fernandez,Culver-Stockton,2017-18,0.0,0,0,0,0,0,0,1,0,0,0,2,2,14.53,2,3,1,2,0,0,0,0,0,2,0,1
Adrian Hicks,Morehead State,2017-18,20.0,7,20,1,6,5,13,7,3,1,2,4,7,14.7,11,24,5,9,12,18,9,2,1,5,9,15
Adrian LaFleur,New Mexico Highlands,2017-18,20.0,0,2,0,1,0,0,1,1,0,0,2,1,16.72,2,3,2,3,0,0,0,0,0,0,0,0
Adrian Moore,NC Wesleyan,2017-18,20.0,11,27,0,1,8,11,4,2,1,3,7,7,14.68,6,17,2,4,3,4,4,1,0,1,3,6
Adrian Rodriguez,,2017-18,3.97,5,7,0,0,0,0,1,0,0,4,4,0,0.0,0,0,0,0,0,0,0,0,0,0,0,0
Adrian Williams,William Carey,2017-18,20.0,2,3,0,0,0,0,0,0,0,0,0,0,17.85,0,0,0,0,0,0,0,0,0,0,0,1
Adrio Bailey,Arkansas,2017-18,20.0,25,50,0,0,13,20,9,5,11,14,31,9,14.92,25,41,0,0,7,13,8,7,8,13,15,7
Ahmaad Rorie,Montana,2017-18,18.77,79,190,21,57,31,35,55,15,2,12,47,26,20.0,81,193,23,78,49,58,47,18,2,13,35,23
Ahmad Caver,Old Dominion,2017-18,20.0,79,200,33,105,34,52,77,31,5,13,47,30,20.0,63,152,25,68,33,49,94,35,0,5,37,35
Ahmad Clark,Albany,2017-18,20.0,16,50,9,23,5,6,15,8,3,3,13,13,20.0,8,29,4,14,13,16,11,5,0,3,8,12
Ahmad Frost,Maryland-Eastern Shore,2017-18,20.0,20,73,11,46,0,0,16,13,0,5,13,24,14.77,33,83,14,42,13,23,13,7,0,3,18,12
Ahmad Newsome,Concordia University-St. Paul,2017-18,20.0,2,5,0,0,0,0,2,1,0,2,6,0,16.07,5,8,0,0,2,3,2,1,0,0,4,3
Ahmad Onezime,,2017-18,1.85,1,3,1,3,4,4,0,0,0,0,0,3,0.0,1,7,0,3,0,0,0,1,0,0,2,1
Ahmad St Fleur,FDU-Florham,2017-18,20.0,0,0,0,0,0,0,1,0,0,0,0,0,14.98,0,0,0,0,0,0,1,0,0,0,0,0
Ahmad St. Fleur,FDU-Florham,2017-18,20.0,1,3,0,0,0,0,0,0,0,0,0,3,14.98,0,2,0,0,0,0,0,2,0,0,0,1
Ahmad Thomas,UNC Asheville,2017-18,20.0,53,107,8,22,18,28,18,20,3,14,28,22,20.0,38,96,2,11,10,17,11,9,2,7,29,18
Ahmad Wagner,Iowa,2017-18,20.0,13,25,1,3,3,9,10,5,0,16,17,12,14.93,8,15,1,2,1,4,8,2,2,8,7,5
Ahmari Dantzler,,2017-18,0.0,0,0,0,0,0,0,0,0,0,0,0,0,0.0,0,0,0,0,0,0,0,0,0,0,0,1
Ahmed Hamdy-Mohamed,,2017-18,0.0,33,66,0,0,28,42,1,4,4,14,26,15,8.43,26,60,0,0,17,27,2,2,4,20,27,10
Ahmed Hill,Virginia Tech,2017-18,20.0,64,125,36,77,19,26,13,4,1,7,38,14,15.68,60,124,27,73,8,11,17,8,0,11,39,13
Ahnte Harkey,Rogers State,2017-18,0.0,0,0,0,0,0,0,0,0,0,0,0,0,18.22,0,1,0,0,0,0,2,0,0,1,0,0
Ahsante Shivers,Siena,2017-18,17.9,42,110,12,36,16,22,20,12,4,17,43,28,20.0,36,97,8,29,33,45,19,4,2,15,35,31
Aidas Kavaliauskas,Fairfield,2017-18,20.0,17,38,5,16,0,0,41,14,0,3,21,22,17.9,18,39,7,19,5,8,40,11,1,1,27,16
Aiden Albert,Bethany WV,2017-18,20.0,2,3,2,3,1,2,3,0,0,0,1,0,14.92,0,2,0,1,0,0,0,0,0,0,0,0
Aiden Phizackerly,Linfield College,2017-18,0.0,0,0,0,0,0,0,0,0,0,0,0,0,14.95,0,2,0,1,0,0,0,0,0,0,1,0
Air Force,,2017-18,0.0,0,0,0,0,0,0,0,0,0,16,10,3,0.0,0,0,0,0,0,0,0,0,0,10,18,7
Aitor Lopez-Breton,Ouachita Baptist,2017-18,20.0,2,2,0,0,0,0,0,0,0,0,1,0,20.0,3,4,0,1,0,0,0,0,0,0,3,1
Aj Cabbagestalk,Shenandoah,2017-18,0.0,0,0,0,0,0,0,0,0,0,0,1,1,14.82,3,3,0,0,0,1,1,0,0,0,0,2
Aj Crawford,,2017-18,0.0,0,0,0,0,0,0,0,0,0,0,0,0,0.0,0,0,0,0,0,0,0,0,0,1,0,2
Aj Horde,Bridgewater,2017-18,20.0,2,11,1,7,2,4,0,1,0,1,1,4,15.48,2,11,0,5,0,0,1,2,0,2,0,4
Aj Jurko,MIT,2017-18,20.0,1,3,0,0,0,0,2,1,1,2,0,2,20.0,0,0,0,0,0,0,2,0,0,0,0,1
Ajani Kennedy,UC Riverside,2017-18,20.0,12,23,3,7,8,9,6,1,3,5,3,9,19.72,13,23,3,6,10,13,5,2,3,7,14,9
Ajay Sanders,Coastal Carolina,2017-18,20.0,36,94,26,65,5,6,20,3,3,12,53,26,14.88,18,63,8,33,4,8,18,6,2,11,32,17
Ajdin Maksumic,Rio Grande,2017-18,20.0,2,2,0,0,0,0,0,0,0,0,0,1,14.92,0,3,0,0,0,0,0,1,0,1,1,0
Ajdin Penava,Marshall,2017-18,19.1,89,164,21,49,39,50,34,9,62,27,99,34,20.0,90,157,11,46,68,92,26,22,55,34,103,29
Ajibola Oke-Diran,Rockford University,2017-18,20.0,0,1,0,0,0,0,2,0,0,0,0,0,14.78,0,0,0,0,0,0,0,0,0,0,0,1
Akhari Goodridge,Curry College,2017-18,20.0,1,2,0,1,0,0,0,0,0,0,1,4,14.97,0,1,0,0,0,0,0,0,0,0,0,0
Akiean Frederick,Kent State,2017-18,20.0,12,26,0,3,4,10,1,3,5,12,13,10,14.98,13,20,2,4,7,9,6,2,2,9,12,9
Akil Cornish,Central State (OH),2017-18,20.0,0,1,0,1,0,0,1,0,1,0,0,0,17.97,0,0,0,0,0,0,0,0,0,0,0,0
Akil McClain,,2017-18,4.62,7,12,2,4,0,0,1,1,0,1,2,0,0.0,3,6,1,2,0,0,0,1,1,0,2,2
Akim Mitchell,Hampton,2017-18,20.0,41,80,6,14,25,29,19,9,1,27,43,13,17.85,36,68,6,13,28,35,16,11,1,18,30,10
Ako Adams,Rice,2017-18,20.0,44,123,22,70,17,21,49,11,1,5,42,33,20.0,45,118,25,68,50,60,41,11,0,4,25,42
Akolda Manyang,Utah Valley,2017-18,20.0,74,125,0,1,28,41,11,4,30,39,70,35,14.83,64,95,0,0,67,93,13,7,31,41,85,32
Akoy Agau,SMU,2017-18,20.0,19,43,2,6,13,20,10,5,5,25,36,22,20.0,25,40,3,7,23,31,6,1,6,11,22,10
Akron,,2017-18,0.0,0,0,0,0,0,0,0,0,0,26,30,4,0.0,0,0,0,0,0,0,0,0,0,25,22,1
Akwasi Yeboah,Stony Brook,2017-18,20.0,72,149,32,69,51,55,21,11,5,11,63,37,17.95,77,177,24,85,58,79,23,16,2,19,61,31
Alabama,,2017-18,0.0,0,0,0,0,0,0,0,0,0,18,20,7,0.0,0,0,0,0,0,0,0,0,0,18,27,7
Alabama A&M,,2017-18,0.0,0,0,0,0,0,0,0,0,0,13,14,12,0.0,0,0,0,0,0,0,0,0,0,12,15,9
Alabama State,,2017-18,0.0,0,0,0,0,0,0,0,0,0,19,13,4,0.0,0,0,0,0,0,0,0,0,0,24,9,3
Alain Chigha,Quinnipiac,2017-18,20.0,13,31,2,10,4,7,5,14,1,9,15,9,20.0,7,23,1,8,4,10,4,9,1,7,10,3
Alan Dabney,Shenandoah,2017-18,20.0,2,5,0,1,2,2,0,0,0,2,2,1,14.82,2,3,0,1,0,0,0,0,0,1,1,0
Alan Herndon,Wyoming,2017-18,20.0,61,133,22,68,27,44,34,9,30,10,66,30,20.0,74,132,22,60,22,36,23,17,36,17,79,12
Alan Morgan,Mitchell College,2017-18,20.0,2,4,0,1,0,0,1,0,0,0,3,4,14.68,0,0,0,0,0,0,0,0,0,0,0,0
Alan Vest,Wright State,2017-18,20.0,1,2,1,2,0,0,1,0,0,1,2,1,20.0,0,1,0,1,2,2,2,1,0,2,5,2
Alani Moore II,Temple,2017-18,20.0,17,48,11,33,1,3,12,15,0,2,10,6,20.0,10,39,4,24,9,12,12,9,1,8,9,6
Alante Fenner,Savannah St,2017-18,20.0,44,130,18,63,31,43,23,21,0,13,35,26,17.87,52,131,14,48,45,59,28,14,0,16,39,19
Alaska Anchorage,,2017-18,0.0,0,0,0,0,0,0,0,0,0,1,2,1,0.0,0,0,0,0,0,0,0,0,0,3,0,1
Albany,,2017-18,0.0,0,0,0,0,0,0,0,0,0,22,33,2,0.0,0,0,0,0,0,0,0,0,0,36,31,7
Albert Almanza,Sam Houston State,2017-18,20.0,19,57,12,38,2,3,6,2,1,6,20,7,14.87,19,47,16,40,2,6,8,8,2,6,13,4
Albert Odero,Binghamton,2017-18,20.0,4,17,0,6,7,12,4,3,3,7,2,8,14.97,6,10,1,3,4,6,2,1,0,3,2,1
Albert Owens,Oral Roberts,2017-18,20.0,39,84,0,0,19,27,5,7,10,11,22,14,17.9,33,64,0,0,17,24,5,2,6,12,13,12
Alcorn State,,2017-18,0.0,0,0,0,0,0,0,0,0,0,12,16,4,0.0,0,0,0,0,0,0,0,0,0,13,16,3
Alcyone Moore,Johnson & Wales (NC),2017-18,20.0,4,11,3,5,0,0,1,2,0,1,3,5,14.98,4,11,4,5,2,4,1,0,1,1,2,0
Alec Brennan,Princeton,2017-18,20.0,16,36,7,16,2,6,4,1,4,4,5,6,20.0,4,7,1,2,4,6,4,1,2,3,6,4
Alec Calloway,Walla Walla University,2017-18,20.0,1,6,0,2,2,2,1,0,0,2,6,2,15.25,1,8,1,4,1,2,2,0,0,1,4,1
Alec Colhoff,Le Tourneau,2017-18,20.0,4,12,2,7,3,4,0,1,0,0,2,2,17.97,5,11,0,3,6,8,0,0,0,2,1,2
Alec Hickman,UC Riverside,2017-18,0.0,4,13,2,8,0,0,2,2,1,3,8,1,19.72,5,22,2,16,0,1,4,3,0,2,4,0
Alec Lewis,Washington College (MD),2017-18,20.0,0,4,0,2,1,2,0,1,1,0,3,1,14.9,0,3,0,1,0,0,0,0,0,0,1,0
Alec Loehr,Navy,2017-18,0.0,0,0,0,0,0,0,0,0,0,0,0,0,14.9,1,1,1,1,0,0,0,0,0,0,0,0
Alec Marty,Northwood,2017-18,20.0,5,9,1,4,2,2,0,0,0,0,1,1,14.67,1,4,1,2,1,2,0,0,0,0,0,0
Alec Vucinich,La Verne,2017-18,20.0,1,1,1,1,0,0,1,0,0,0,1,0,14.87,1,2,1,2,0,1,0,0,0,0,1,0
Alec Wnuk,UNC Asheville,2017-18,20.0,20,42,1,4,9,13,11,3,0,7,12,18,20.0,16,36,1,6,7,10,9,2,2,7,16,16
Alec Wulff,UCLA,2017-18,20.0,1,1,1,1,0,0,1,1,0,0,0,0,20.0,0,1,0,1,0,0,0,0,0,0,0,0
Aleem Ford,Wisconsin,2017-18,20.0,28,78,21,55,5,5,11,4,6,10,20,9,14.57,28,62,20,46,19,25,13,7,0,8,46,14
Aleer Leek,UMKC,2017-18,20.0,24,76,6,27,22,27,3,5,16,16,58,32,14.95,21,62,5,21,13,19,2,5,12,11,34,12
Aleks Abrams,Cal Poly,2017-18,0.0,5,9,0,0,4,4,1,2,4,7,10,3,20.0,6,10,0,0,6,9,0,0,5,8,14,3
Aleksa Jugovic,Tennessee Tech,2017-18,20.0,42,95,25,52,21,26,38,10,2,2,21,25,14.68,46,100,19,53,23,24,30,11,0,2,15,22
Aleksandar Djordjevic,Ohio Valley,2017-18,20.0,0,3,0,1,0,2,1,1,0,1,1,2,14.78,0,1,0,1,1,4,0,0,0,0,3,1
Aleksandar Dozic,Marist,2017-18,17.77,31,88,15,55,2,3,26,2,3,8,47,29,20.0,43,96,20,56,18,27,26,6,3,12,53,20
Alessandro Lever,Grand Canyon,2017-18,20.0,68,149,13,43,33,44,19,5,7,25,57,32,14.73,65,138,10,29,64,85,14,7,7,14,41,24
Alex Allbery,Omaha,2017-18,0.0,4,12,2,5,1,2,3,4,1,3,6,7,15.0,6,10,1,2,0,1,2,4,0,1,3,4
Alex Aten,,2017-18,0.0,0,0,0,0,0,0,0,0,0,1,0,0,0.0,0,0,0,0,0,0,0,0,0,0,0,0
Alex Barcello,Arizona,2017-18,20.0,7,24,3,15,2,4,12,1,0,2,12,4,14.88,6,11,4,8,2,2,4,1,0,1,3,3
Alex Brown,Tiffin,2017-18,19.95,0,2,0,0,2,2,0,0,0,1,0,2,16.22,1,3,0,0,0,0,1,0,0,1,2,0
Alex Cage,Texas Lutheran,2017-18,20.0,0,6,0,1,2,2,2,1,0,0,3,5,14.75,1,2,1,2,0,0,0,0,0,0,2,1
Alex Clark,Le Tourneau,2017-18,0.0,0,0,0,0,0,0,0,0,0,0,1,0,14.85,1,1,0,0,0,0,0,0,0,0,0,2
Alex Copeland,Yale,2017-18,20.0,63,134,8,29,19,22,44,16,1,3,33,39,14.9,57,126,16,36,37,44,32,14,0,6,24,21
Alex Dargenton,Utah State,2017-18,20.0,28,56,1,4,23,32,14,4,8,16,30,21,20.0,25,42,0,0,32,50,12,4,7,17,22,16
Alex Doche,Our Lady of the Lake,2017-18,20.0,0,1,0,1,2,2,1,0,0,1,1,0,20.0,0,4,0,1,2,2,0,0,0,0,0,1
Alex DuBrow,Wheaton (MA),2017-18,19.98,0,0,0,0,3,5,0,0,0,0,0,0,14.97,1,2,1,2,0,0,0,0,0,0,1,0
Alex Dubovitskiy,Chicago State,2017-18,0.0,5,14,3,9,3,4,1,2,1,0,6,6,14.87,3,7,0,4,2,3,2,3,0,0,8,3
Alex Dumas,San Diego Christian,2017-18,0.0,0,0,0,0,0,0,0,0,0,0,0,1,14.82,4,6,1,3,1,2,2,2,0,1,0,0
Alex Ennis,Morgan State,2017-18,20.0,4,20,0,0,7,10,1,2,0,14,14,5,17.58,4,7,0,0,2,3,2,1,1,4,10,5
Alex Floresca,San Diego,2017-18,20.0,15,42,4,8,13,21,10,4,0,13,26,18,17.92,12,21,0,0,12,21,9,3,2,7,19,16
Alex Foster,Albany,2017-18,20.0,35,69,0,1,13,31,5,8,14,28,60,23,20.0,22,39,0,0,14,20,2,1,14,25,31,10
Alex Hagan,Rockhurst,2017-18,20.0,1,2,1,1,0,0,0,0,0,0,5,3,17.65,1,2,0,1,1,2,1,0,0,0,2,0
Alex Hart,UC Santa Barbara,2017-18,20.0,7,13,0,0,2,7,1,1,2,7,12,4,17.87,3,7,0,0,6,6,0,1,2,2,5,2
Alex Hicks,Troy,2017-18,20.0,62,118,7,21,20,28,14,11,16,31,88,30,20.0,62,101,6,18,39,53,14,8,12,35,73,19
Alex Hobbs,Boise State,2017-18,20.0,68,126,11,31,19,22,36,2,0,6,38,34,14.78,35,84,5,18,13,15,34,8,1,5,28,30
Alex Hofer,Midway,2017-18,20.0,0,2,0,0,0,0,0,0,0,1,1,0,14.68,0,4,0,0,0,0,1,0,0,0,0,1
Alex Hunter,Furman,2017-18,20.0,20,51,12,35,2,3,20,3,1,2,17,6,14.95,11,20,2,7,5,6,12,2,0,2,19,7
Alex Illikainen,Wisconsin,2017-18,0.0,5,11,4,7,0,3,6,0,0,3,7,1,14.9,2,7,2,5,0,0,0,0,3,6,5,3
Alex Ischiropoulos,Elmira,2017-18,20.0,0,1,0,1,0,0,0,0,0,0,0,0,14.97,1,2,1,2,0,0,0,0,0,0,0,1
Alex King,Army,2017-18,20.0,46,107,21,44,7,14,13,7,4,6,34,28,20.0,42,98,18,42,29,39,8,9,14,13,37,21
Alex Larsson,UC Riverside,2017-18,20.0,51,88,0,0,24,33,12,4,10,26,49,33,19.23,52,102,0,0,23,39,8,3,5,22,49,23
Alex Long,Norfolk State,2017-18,20.0,54,114,0,3,21,36,11,12,9,28,55,26,19.93,60,111,0,1,25,45,9,12,12,23,60,28
Alex Mills,North Carolina Central,2017-18,20.0,0,2,0,2,0,0,0,0,0,0,0,0,17.78,0,5,0,4,0,0,0,0,0,0,1,0
Alex O'Connell,Duke,2017-18,0.0,22,43,11,21,5,9,7,6,2,8,17,4,14.73,12,30,8,19,2,2,9,4,0,8,10,9
Alex Olesinski,UCLA,2017-18,20.0,23,50,7,25,11,15,4,5,7,22,35,11,20.0,24,39,9,18,18,27,10,5,7,19,47,4
Alex Peacock,Texas State,2017-18,0.0,40,77,17,35,21,30,30,14,7,23,51,28,20.0,39,74,5,26,25,35,27,16,1,25,55,18
Alex Peters,Samford,2017-18,20.0,13,18,0,0,4,6,1,3,1,2,12,10,14.92,15,20,0,0,7,10,2,1,1,9,14,1
Alex Petrie,Lafayette,2017-18,20.0,65,147,28,73,30,30,10,5,0,5,38,28,20.0,66,153,32,76,38,41,13,4,0,3,23,17
Alex Prahl,Milwaukee,2017-18,0.0,0,0,0,0,0,0,0,0,0,0,0,0,17.92,0,1,0,0,2,2,0,0,0,0,2,0
Alex Quist,Valley City State,2017-18,20.0,1,2,1,2,0,0,0,1,0,0,2,0,14.93,0,0,0,0,0,0,0,0,0,0,0,1
Alex Reed,The Citadel,2017-18,20.0,24,62,13,41,12,18,14,5,2,15,23,12,14.75,23,55,15,39,22,30,7,15,0,9,19,9
Alex Reese,Alabama,2017-18,20.0,24,56,16,34,3,3,5,8,3,13,35,9,17.97,8,38,3,27,3,5,3,7,1,7,17,7
Alex Robinson,TCU,2017-18,20.0,50,111,8,32,14,27,87,12,5,6,37,48,20.0,53,118,11,30,38,60,77,20,3,6,38,43
Alex Sokol,CSU Northridge,2017-18,0.0,0,0,0,0,0,0,0,0,0,0,0,0,17.8,0,1,0,0,0,0,0,0,0,0,0,0
Alex Stanley,Mid-Atlantic Christian University,2017-18,20.0,1,6,0,1,0,0,0,1,0,0,2,0,14.7,1,1,0,0,1,2,0,0,0,2,4,1
Alex Starr,Wash & Lee,2017-18,20.0,1,4,0,2,0,0,1,1,0,0,0,2,14.88,1,3,1,2,2,4,2,0,0,0,1,1
Alex Thomas,Towson,2017-18,20.0,23,50,0,1,9,20,9,6,17,28,44,15,20.0,12,27,0,0,10,16,6,3,10,21,39,9
Alex Thompson,Samford,2017-18,20.0,58,132,16,57,26,32,11,4,3,12,39,13,14.92,59,126,21,59,27,35,10,7,3,8,45,8
Alex Watson,Sacred Heart,2017-18,15.0,13,40,6,22,1,2,8,7,1,5,12,11,20.0,17,39,7,19,13,17,11,6,3,1,18,11
Alex Wiegand,Eureka College,2017-18,20.0,4,5,0,0,0,0,1,0,0,2,2,0,14.73,1,1,0,0,1,2,1,0,0,0,3,0
Alex Wilbourn,Youngstown St,2017-18,20.0,0,3,0,0,0,2,0,0,0,2,1,0,14.98,0,0,0,0,0,0,0,0,0,0,0,0
Alexander Aka Gorski,Wyoming,2017-18,20.0,32,99,17,72,13,18,17,8,1,5,33,19,20.0,30,76,23,64,17,23,12,3,0,3,16,12
Alexander Strating,Colorado,2017-18,17.32,0,1,0,0,0,0,0,0,0,0,1,2,20.0,0,0,0,0,0,2,0,0,0,1,0,0
Alfred Hollins,Oregon State,2017-18,20.0,20,54,4,16,16,30,5,9,7,8,26,9,14.88,23,43,5,13,26,33,7,7,2,14,23,14
Alice Lloyd,,2017-18,0.0,0,0,0,0,0,0,0,0,0,0,0,0,0.0,0,0,0,0,0,0,0,0,0,1,0,2
Alihan Demir,Drexel,2017-18,20.0,61,124,9,27,21,28,29,7,1,22,53,15,19.1,53,110,14,33,17,23,20,5,3,27,42,28
Alijiah Robinson,Walla Walla University,2017-18,20.0,3,9,1,4,0,0,0,3,0,0,1,2,15.25,1,4,0,1,2,2,0,0,1,0,0,3
Alize Johnson,Missouri State,2017-18,20.0,75,185,22,79,39,48,49,8,4,43,130,28,20.0,82,172,17,51,55,78,29,6,8,50,113,36
Aljami Durham,Indiana,2017-18,20.0,21,61,9,28,10,17,20,7,3,3,26,10,14.98,21,43,5,17,26,34,16,2,1,2,21,13
Allante Holston,North Texas,2017-18,20.0,15,40,2,7,9,11,17,7,3,15,32,21,14.73,24,48,2,5,11,20,20,5,2,11,39,11
Allante Wheeler,,2017-18,1.12,0,5,0,3,0,0,1,0,0,0,0,1,0.0,0,0,0,0,1,2,0,1,0,0,2,0
Allen,,2017-18,0.0,0,0,0,0,0,0,0,0,0,2,1,1,0.0,0,0,0,0,0,0,0,0,0,1,1,0
Allen Potts,Rust,2017-18,20.0,6,12,1,2,1,3,1,0,0,0,4,2,14.97,3,7,0,1,0,0,0,0,0,0,2,3
Allerik Freeman,NC State,2017-18,20.0,66,192,26,74,37,50,44,24,0,9,66,37,14.72,83,197,38,91,79,95,35,14,0,5,37,37
Allias Roberts-Burnett,Peru State College,2017-18,20.0,0,1,0,0,0,0,1,1,0,0,2,0,14.88,0,2,0,2,0,0,0,0,0,1,1,1
Allonzo Trier,Arizona,2017-18,20.0,83,166,37,94,47,52,54,8,6,9,42,33,14.88,97,192,32,88,102,120,53,13,5,2,44,35
Allonzo Trier Turnover,Arizona,2017-18,20.0,0,0,0,0,0,0,1,0,0,0,0,0,14.92,0,0,0,0,0,0,0,0,0,0,0,0
Allonzo Trier Turnover.,Arizona,2017-18,20.0,0,1,0,0,0,0,0,0,0,0,0,0,14.92,0,0,0,0,0,0,0,0,0,0,0,0
Alonzo Chatman,Morehead State,2017-18,20.0,10,20,0,0,7,13,2,3,0,11,19,14,14.7,7,9,0,0,1,8,3,0,0,9,11,13
Alonzo Mobley,Montreat College,2017-18,20.0,0,8,0,2,2,2,5,1,1,2,3,2,14.92,0,2,0,0,0,0,1,0,1,0,2,0
Alpha Diallo,Providence,2017-18,20.0,65,154,6,31,21,34,35,16,5,29,76,23,14.77,82,160,8,33,58,74,32,14,4,35,55,37
Alston Jones,North Carolina Central,2017-18,20.0,16,35,3,4,6,7,18,3,0,1,13,21,19.03,18,38,3,3,15,16,15,0,1,1,3,14
Alterique Gilbert,UConn,2017-18,20.0,12,36,3,13,5,10,9,4,1,1,13,2,20.0,7,24,2,9,6,10,8,3,1,0,10,7
Altez Davis,Harris Stowe,2017-18,20.0,0,1,0,1,0,0,0,0,0,0,0,0,14.67,1,2,0,0,0,0,0,1,1,1,3,2
Amaad Wainright,Kansas State,2017-18,20.0,17,39,5,16,3,8,9,11,2,12,29,9,14.72,13,28,3,13,5,14,6,7,2,10,21,7
Amadi Ikpeze,St. Bonaventure,2017-18,20.0,33,72,0,0,8,18,6,2,9,21,44,10,14.9,25,48,0,0,18,25,1,6,6,12,20,4
Amadi Udenyi,Pepperdine,2017-18,20.0,15,61,3,27,9,15,36,7,0,2,16,25,14.92,13,42,2,17,7,11,48,8,1,2,21,21
Amanze Egekeze,Belmont,2017-18,20.0,82,172,41,109,30,35,14,9,4,16,81,16,20.0,87,168,51,105,55,70,15,8,3,23,73,26
Amar Alibegovic,St. John's,2017-18,0.0,8,25,7,19,0,1,1,2,8,4,12,8,17.92,5,22,0,14,4,6,1,4,2,1,7,4
Amar Stukes,La Salle,2017-18,20.0,47,101,11,29,13,16,46,19,2,9,27,27,17.98,34,81,8,20,23,26,45,14,1,10,25,17
Amari Goulbourne,Alabama A&M,2017-18,20.0,5,15,1,3,1,2,9,2,1,0,9,6,20.0,7,17,4,8,3,5,9,3,0,1,3,5
Amari Hamilton,North Carolina A&T,2017-18,20.0,13,52,10,38,3,4,4,2,1,1,9,8,14.8,16,50,6,30,8,11,4,4,0,1,4,6
Amauri Hardy,UNLV,2017-18,20.0,31,73,8,29,7,9,19,4,0,3,28,10,14.8,20,48,9,26,12,16,23,10,6,2,12,9
Ameer Bennett,Delaware State,2017-18,20.0,12,23,0,0,10,21,4,3,1,11,12,13,14.85,5,14,0,0,8,8,1,3,1,4,4,5
Ameer Staggs,Penn State Brandywine,2017-18,20.0,0,0,0,0,0,2,0,0,0,0,0,0,14.97,1,1,0,0,1,2,0,0,0,1,0,0
American,,2017-18,0.0,0,0,0,0,0,0,0,0,0,19,12,8,0.0,0,0,0,0,0,0,0,0,0,20,14,9
Ami Lakoju,UC Santa Barbara,2017-18,20.0,29,47,0,0,5,12,2,1,12,26,28,19,17.87,20,34,0,0,6,10,0,1,4,16,23,7
Amidou Bamba,Coastal Carolina,2017-18,20.0,39,70,0,0,13,25,7,2,12,19,26,9,14.88,31,40,0,0,11,18,5,1,7,22,25,11
Amir Atkins,Mercy,2017-18,20.0,0,1,0,1,0,0,0,0,0,0,0,0,14.73,0,1,0,0,0,0,0,0,0,1,0,0
Amir Bell,Princeton,2017-18,20.0,49,113,18,43,15,22,48,16,4,11,62,23,20.0,46,98,8,27,36,55,45,16,10,10,50,17
Amir Coffey,Minnesota,2017-18,20.0,39,81,7,28,34,41,32,6,3,5,28,16,17.93,43,92,12,26,28,46,26,6,2,11,25,18
Amir Smith,Florida Atlantic,2017-18,20.0,11,24,0,0,1,3,0,4,18,11,26,5,20.0,16,28,0,0,2,5,1,2,12,13,17,2
Amir Warnock,KY Wesleyan,2017-18,20.0,1,2,0,0,0,0,0,1,1,0,3,0,14.78,0,0,0,0,0,0,0,0,0,1,0,0
Ammar Rehman,Bethesda,2017-18,19.98,3,13,1,7,2,2,0,2,0,1,5,0,14.7,4,9,3,3,0,0,0,1,0,0,1,0
Amorie Archibald,Louisiana Tech,2017-18,0.0,31,72,13,34,8,13,58,5,2,4,26,26,14.87,32,85,6,21,38,51,48,13,1,13,27,21
Anas Mahmoud,Louisville,2017-18,20.0,55,100,0,0,9,17,21,12,50,33,59,26,20.0,42,74,0,0,14,36,14,16,41,23,50,17
Anastasios Demogerontas,Northern Illinois,2017-18,20.0,20,44,2,9,12,13,12,9,0,9,20,14,17.85,18,33,3,6,8,15,6,7,1,10,14,10
Ander Perez,Northwestern Ohio,2017-18,0.0,0,0,0,0,0,0,0,0,0,0,0,0,20.0,0,1,0,0,0,0,0,0,0,0,0,0
Anders Broman,Winthrop,2017-18,20.0,38,112,23,78,36,40,30,17,4,5,35,11,16.55,62,138,41,101,32,40,23,13,0,3,34,15
Anderson (IN),,2017-18,0.0,0,0,0,0,0,0,0,0,0,1,1,0,0.0,0,0,0,0,0,0,0,0,0,1,0,0
Anderson McCoy,UAB,2017-18,0.0,0,0,0,0,0,0,0,0,0,0,0,0,14.8,0,0,0,0,0,0,1,0,0,0,0,0
Andre Applewhite,Tennessee Wesleyan,2017-18,20.0,3,15,2,9,2,3,0,0,0,2,7,1,14.68,2,7,0,1,0,0,2,0,0,3,4,3
Andre Bearden,Oakland City,2017-18,20.0,4,8,2,4,0,2,4,2,1,1,2,4,14.98,0,5,0,1,1,3,4,1,1,0,3,3
Andre Berry,Rhode Island,2017-18,20.0,69,110,0,0,27,36,10,0,5,26,48,27,20.0,43,71,0,0,17,26,2,2,4,18,32,14
Andre Brooks,Webber International,2017-18,20.0,1,2,0,0,0,0,1,1,1,1,1,0,20.0,1,4,0,1,0,0,0,2,0,0,1,2
Andre Chatfield,Harvard,2017-18,20.0,0,3,0,1,0,0,1,1,0,1,0,2,18.83,0,1,0,1,0,0,1,0,0,0,0,0
Andre Edwards,East Tennessee State,2017-18,20.0,4,10,3,5,0,0,3,3,2,1,3,1,20.0,7,16,1,7,1,2,0,1,1,2,4,0
Andre Elam,Mobile,2017-18,20.0,0,4,0,0,2,4,1,1,0,0,2,2,17.9,0,1,0,0,1,2,0,0,0,0,0,0
Andre Fox,High Point,2017-18,20.0,67,154,23,60,35,42,19,15,3,5,52,22,14.88,61,124,22,52,47,66,18,14,5,4,53,28
Andre Fuches,Southern-New Orleans,2017-18,20.0,0,1,0,1,0,2,1,0,0,0,0,0,18.57,1,4,1,2,0,0,0,0,0,1,0,0
Andre Funches,Southern-New Orleans,2017-18,20.0,6,12,2,7,3,3,0,0,0,0,1,1,15.35,5,10,3,6,0,1,1,1,0,1,3,0
Andre Hughes,Eastern New Mexico,2017-18,20.0,1,3,0,0,0,0,0,1,0,0,0,0,15.32,3,3,0,0,1,2,0,0,0,2,0,1
Andre Jackson,Wiley,2017-18,20.0,1,1,0,0,0,0,0,1,0,1,0,3,17.77,0,1,0,0,0,0,2,0,0,0,0,0
Andre Jones,Little Rock,2017-18,20.0,41,121,5,34,14,22,25,5,2,10,46,31,20.0,67,154,7,35,23,32,30,5,2,12,27,19
Andre Kennedy,Alabama A&M,2017-18,20.0,19,52,0,4,4,8,6,6,6,14,41,15,20.0,36,61,0,2,11,24,4,6,3,14,30,19
Andre Mitchell,Catholic University,2017-18,20.0,2,8,1,3,1,1,0,0,0,2,0,2,15.57,0,2,0,1,1,2,2,1,0,1,0,0
Andre Roman,,2017-18,0.0,0,0,0,0,0,0,0,0,0,0,0,0,0.0,0,0,0,0,0,0,0,0,0,1,0,0
Andre Spight,Northern Colorado,2017-18,20.0,121,281,55,137,41,51,67,15,4,7,65,52,17.9,141,320,62,155,64,86,58,20,3,11,53,51
Andre Statam,Georgia Southwestern,2017-18,20.0,0,2,0,1,0,0,0,0,1,0,1,1,19.55,1,1,1,1,1,2,1,0,1,0,1,3
Andre Walker,Loyola (MD),2017-18,20.0,69,185,26,80,13,21,35,22,0,14,40,40,20.0,83,210,32,92,38,65,36,23,0,14,34,36
Andre Wesson,Ohio State,2017-18,20.0,13,35,8,27,4,6,15,2,3,7,19,20,14.95,16,37,7,23,9,12,16,8,1,11,18,14
Andre Wolford,St. Francis (PA),2017-18,20.0,82,153,58,109,15,20,8,5,2,4,40,10,15.78,52,101,34,71,36,42,15,8,1,8,30,11
Andrea Bernardi,Marist,2017-18,20.0,4,12,1,7,4,7,2,3,2,3,5,10,20.0,3,7,1,4,6,6,2,2,0,0,4,9
Andres Rivera,Oneonta State,2017-18,20.0,0,0,0,0,0,0,1,0,0,0,2,0,15.07,0,1,0,0,3,3,0,0,0,1,0,1
Andrew Bowman,Trinity Baptist,2017-18,20.0,5,7,1,1,0,0,0,0,0,1,3,2,14.6,3,6,0,0,1,1,0,0,0,0,2,1
Andrew Brown,Furman,2017-18,20.0,41,93,29,71,3,4,32,20,1,12,25,15,14.95,42,85,26,57,21,27,24,15,3,11,43,13
Andrew Dakich,Ohio State,2017-18,20.0,23,44,11,25,3,4,42,15,1,6,17,20,14.95,10,27,4,13,9,12,26,14,0,7,28,14
Andrew Dotson,Spring Hill,2017-18,20.0,7,15,3,7,5,6,3,2,0,1,1,2,14.93,6,9,1,1,2,2,1,0,0,0,0,2
Andrew Eudy,Campbell,2017-18,20.0,57,106,14,26,11,11,41,14,33,27,51,30,20.0,57,106,10,21,16,21,41,14,26,24,49,28
Andrew Fleming,Maine,2017-18,20.0,42,128,2,28,29,43,16,7,10,32,44,46,17.85,42,105,4,22,33,50,19,4,9,21,40,27
Andrew Garcia,Stony Brook,2017-18,20.0,5,20,1,4,2,5,3,1,1,7,3,5,20.0,5,12,1,2,4,11,0,1,0,8,6,9
Andrew Gifford,Lincoln Christian,2017-18,20.0,1,2,0,0,0,0,3,1,0,0,2,1,14.63,1,1,1,1,3,3,0,0,0,0,1,0
Andrew Howard,,2017-18,1.78,2,3,0,0,0,2,0,0,0,3,0,1,0.0,1,2,0,0,2,2,0,0,0,1,3,1
Andrew Jones,Texas,2017-18,20.0,23,48,12,25,14,17,11,3,1,4,12,12,14.62,23,38,7,14,8,13,8,3,1,0,9,5
Andrew Kline,Rochester College,2017-18,20.0,0,3,0,1,0,0,0,1,0,0,1,0,17.67,0,4,0,1,0,0,2,1,0,2,1,1
Andrew Kostecka,Loyola (MD),2017-18,20.0,47,107,9,31,18,27,21,20,10,7,26,17,20.0,45,98,11,31,39,52,23,30,13,9,46,17
Andrew Logan,Schreiner,2017-18,0.0,0,0,0,0,0,0,0,0,0,0,0,0,14.82,0,1,0,0,0,0,1,0,0,0,0,0
Andrew Moemeka,Wyoming,2017-18,20.0,13,25,0,0,7,12,3,6,6,16,21,7,20.0,7,11,0,0,4,5,4,7,3,8,15,5
Andrew Persaud,Penn State Brandywine,2017-18,0.0,0,0,0,0,0,0,0,0,0,0,0,0,14.97,0,2,0,1,0,0,0,0,0,0,1,2
Andrew Petcash,Boston University,2017-18,19.98,9,25,5,14,3,4,6,4,0,3,9,8,14.97,8,16,3,7,3,4,4,2,1,4,2,4
Andrew Platek,North Carolina,2017-18,20.0,11,24,3,12,3,4,9,2,0,7,12,4,14.83,10,19,4,9,2,4,3,1,1,3,7,4
Andrew Ramirez,Hartford,2017-18,15.0,12,25,2,8,5,7,5,4,0,1,6,6,20.0,0,6,0,1,1,2,5,6,0,0,5,5
Andrew Riley,Arkansas State,2017-18,20.0,1,2,1,2,0,0,1,0,0,0,0,0,14.98,0,0,0,0,0,0,0,0,0,0,0,0
Andrew Robinson,Quinnipiac,2017-18,20.0,16,48,14,45,3,5,7,2,0,3,22,6,20.0,26,65,23,56,5,8,0,2,0,3,18,3
Andrew Rodriguez,St. Andrews,2017-18,20.0,1,4,0,1,0,0,0,0,0,0,2,1,14.82,0,1,0,0,0,0,0,1,0,0,1,1
Andrew Romero III,Johnson & Wales (CO),2017-18,20.0,8,19,3,9,3,5,4,1,0,0,4,7,14.68,3,10,2,7,0,0,4,1,0,1,2,0
Andrew Rowsey,Marquette,2017-18,20.0,84,218,51,134,59,69,67,15,5,7,41,44,14.57,91,205,51,119,88,92,64,15,2,4,43,43
Andrew Russell,Wilmington (OH),2017-18,20.0,0,3,0,1,0,0,0,0,0,0,0,1,14.75,5,7,1,3,3,3,0,0,0,0,1,0
Andrew Salasek,Franciscan University,2017-18,20.0,2,3,0,0,0,0,1,0,0,0,1,2,14.95,0,0,0,0,0,0,0,0,0,0,1,2
Andrew Scott,Oakland City,2017-18,20.0,5,20,2,12,7,9,4,1,1,4,4,7,14.98,5,18,0,6,6,8,2,0,0,2,4,2
Andrew Sorrells,Texas Tech,2017-18,0.0,0,0,0,0,0,0,0,0,0,0,0,0,20.0,0,0,0,0,0,0,1,0,0,0,0,0
Andrew Sparks,Schreiner,2017-18,20.0,0,2,0,2,0,0,1,0,0,1,2,1,14.82,0,5,0,4,1,2,0,1,0,0,3,1
Andrew Squires,Rockford University,2017-18,20.0,1,1,0,0,0,0,0,0,0,1,0,0,14.78,0,1,0,1,0,0,2,0,0,0,0,0
Andrew Wade,Catholic University,2017-18,0.0,0,0,0,0,0,0,0,0,0,0,0,0,15.57,1,1,0,0,0,0,0,0,0,0,0,0
Andrew Zelis,Northern Illinois,2017-18,20.0,5,11,0,0,0,2,3,0,4,5,2,2,18.22,2,3,0,0,2,2,0,0,0,1,2,1
Andrien White,Charlotte,2017-18,20.0,51,119,24,64,26,38,16,21,3,8,47,24,14.78,53,116,15,53,53,62,10,15,1,15,39,18
Andy Van Vliet,Wisconsin,2017-18,20.0,10,22,7,14,6,9,3,0,2,1,10,3,14.57,6,15,4,8,4,5,0,1,1,2,8,2
Anfernee Hampton,Southern Miss,2017-18,20.0,15,51,4,20,12,13,2,5,1,7,14,5,18.57,12,26,3,10,7,12,4,4,2,5,15,5
Anfernee McLemore,Auburn,2017-18,20.0,44,83,14,32,20,27,8,13,40,30,46,15,14.88,27,52,4,14,15,20,6,7,32,19,43,8
Angel Delgado,Seton Hall,2017-18,20.0,95,192,0,0,33,50,57,20,12,68,118,41,14.97,88,174,0,2,55,91,36,6,11,68,138,42
Angel Rivera,Stetson,2017-18,20.0,30,72,17,40,21,28,80,12,1,9,51,31,20.0,39,92,13,38,36,54,60,14,1,12,35,15
Angelo Cugini,Notre Dame College,2017-18,20.0,2,6,0,2,0,0,1,0,0,5,5,1,14.8,3,3,0,0,0,0,0,1,0,1,6,1
Angus Bennett,,2017-18,15.48,1,2,0,0,0,0,2,0,0,2,4,0,0.0,0,2,0,0,0,0,0,0,0,2,0,1
Antanas Krimelis,Lyon,2017-18,20.0,1,4,1,2,2,2,1,0,0,0,0,3,19.2,0,3,0,1,2,4,2,1,0,0,0,2
Antanee Pinkard,James Madison,2017-18,20.0,1,7,0,1,2,6,2,1,0,1,1,3,15.48,3,6,0,0,2,5,1,0,0,4,4,2
Antelope Valley,,2017-18,0.0,0,0,0,0,0,0,0,0,0,0,2,0,0.0,0,0,0,0,0,0,0,0,0,0,0,0
Anthony Adger,Florida Atlantic,2017-18,20.0,30,93,3,25,20,24,25,8,0,3,22,39,20.0,32,89,3,25,24,31,42,10,0,5,25,12
Anthony Bilas,Wake Forest,2017-18,0.0,0,0,0,0,0,0,0,0,0,0,0,0,20.0,0,0,0,0,0,0,1,0,0,2,0,0
Anthony Black,Little Rock,2017-18,0.0,32,64,14,32,2,3,20,12,0,2,24,15,20.0,35,92,18,54,3,6,22,11,0,7,20,5
Anthony Bonner,Colorado State,2017-18,20.0,45,99,21,47,4,6,17,9,2,3,39,25,20.0,46,105,18,40,29,36,21,10,0,4,38,19
Anthony Burras,St. Thomas (TX),2017-18,0.0,0,0,0,0,0,0,0,1,0,0,0,2,20.0,0,0,0,0,0,0,2,1,0,0,0,1
Anthony Burrras,St. Thomas (TX),2017-18,20.0,1,3,1,2,1,2,1,0,0,0,0,0,14.9,5,6,1,2,0,2,2,0,0,2,1,1
Anthony Canencia,Hawaii Hilo,2017-18,0.0,0,0,0,0,0,0,0,0,0,0,0,0,17.63,1,1,1,1,0,0,0,0,0,0,0,0
Anthony Concepcion,Eastern University,2017-18,20.0,0,0,0,0,0,0,3,0,0,0,0,5,14.88,1,2,0,1,0,0,1,0,0,0,1,2
Anthony Cowan,Maryland,2017-18,20.0,75,161,24,62,54,62,71,13,6,2,68,39,17.95,54,145,25,68,83,98,78,27,4,4,57,41
Anthony D'Avanzo,Lewis,2017-18,20.0,1,2,0,0,0,0,0,0,0,0,0,0,14.77,0,0,0,0,0,0,0,0,0,0,0,0
Anthony Durham,Rider,2017-18,20.0,27,71,10,30,15,18,47,15,0,11,29,19,14.95,32,68,5,23,24,29,27,11,3,13,35,12
Anthony Duruji,Louisiana Tech,2017-18,0.0,33,81,12,36,10,13,12,5,19,14,40,16,14.87,35,77,10,25,20,41,9,6,20,21,43,16
Anthony Gaines,Northwestern,2017-18,20.0,20,57,2,15,12,18,21,11,2,11,26,14,20.0,16,43,6,18,14,17,15,6,1,12,25,13
Anthony Gaston,Grambling,2017-18,20.0,24,65,7,22,3,4,11,6,1,5,12,9,14.58,19,50,4,21,12,16,13,14,1,6,13,13
Anthony Gonzalez,San Diego Christian,2017-18,20.0,7,11,4,6,2,2,3,3,0,0,2,6,14.82,3,10,1,5,0,0,4,1,0,1,4,1
Anthony Green,Northeastern,2017-18,20.0,46,63,0,0,8,26,13,1,13,24,28,18,20.0,41,57,0,0,13,30,10,3,8,26,36,21
Anthony Hamilton,La Verne,2017-18,0.0,0,0,0,0,0,0,0,0,0,0,0,0,14.87,1,1,0,0,0,0,0,0,0,1,0,0
Anthony Harris,Chicago State,2017-18,20.0,22,52,8,20,8,13,12,12,10,9,29,18,14.93,30,63,3,12,23,29,19,13,4,10,16,11
Anthony Hughes,Missouri-St. Louis,2017-18,20.0,2,2,2,2,0,0,0,0,0,0,0,1,15.58,2,5,0,1,0,0,0,1,0,1,0,0
Anthony Johnson,Northern Colorado,2017-18,20.0,54,152,23,86,19,23,6,8,1,15,40,23,17.9,51,131,28,76,40,51,12,6,2,19,29,16
Anthony Kirkwood III,Oneonta State,2017-18,20.0,0,1,0,0,0,1,0,0,0,0,0,0,15.07,0,0,0,0,0,0,0,0,0,0,0,0
Anthony Knight,Maine-Fort Kent,2017-18,20.0,4,8,0,0,0,0,1,1,0,1,1,1,14.98,2,5,0,0,0,0,1,0,0,0,7,1
Anthony Lamb,Vermont,2017-18,20.0,44,97,10,28,17,19,9,4,7,8,39,16,20.0,35,74,3,12,45,57,5,5,7,17,20,13
Anthony Laravie,Doane,2017-18,20.0,1,4,1,4,0,0,1,1,0,0,3,1,14.9,1,3,0,2,0,0,0,0,0,0,0,0
Anthony Lattanzi,Penn State Brandywine,2017-18,0.0,0,0,0,0,0,0,0,0,0,0,1,0,14.97,0,0,0,0,0,0,1,0,0,0,1,0
Anthony Lawrence II,Miami,2017-18,20.0,51,103,18,41,10,16,37,21,19,19,86,25,14.77,42,90,16,37,29,40,25,23,12,25,71,22
Anthony Longpre',Saint Joseph's,2017-18,20.0,2,4,2,4,0,1,1,0,2,1,4,1,18.67,0,0,0,0,0,0,1,0,0,0,1,0
Anthony Longpré,,2017-18,0.0,26,77,16,44,6,7,20,5,4,8,36,14,0.0,17,52,7,18,8,14,9,5,2,12,25,7
Anthony Mathis,New Mexico,2017-18,20.0,63,128,43,97,33,36,14,6,2,7,23,14,14.98,59,124,45,95,31,38,13,12,2,7,30,10
Anthony Mitchell,FDU-Florham,2017-18,0.0,0,0,0,0,0,0,0,0,0,0,0,1,14.98,0,2,0,1,0,0,0,0,0,0,0,0
Anthony Mosley,Delaware,2017-18,20.0,49,107,0,4,40,55,57,19,6,13,59,29,19.13,56,110,0,2,56,82,31,18,5,15,41,30
Anthony Ochefu,Stony Brook,2017-18,20.0,9,22,0,1,3,10,3,3,2,9,17,11,20.0,7,17,0,0,4,9,0,3,1,6,10,5
Anthony Oliver II,Clemson,2017-18,20.0,5,17,5,15,3,4,3,4,0,2,9,2,14.77,2,11,2,8,4,4,1,1,0,1,5,2
Anthony Polite,Florida State,2017-18,20.0,0,0,0,0,0,0,1,0,0,0,0,0,17.65,0,0,0,0,0,0,0,0,0,0,0,0
Anthony Richardson,Peru State College,2017-18,0.0,0,0,0,0,0,0,0,0,0,0,0,0,14.88,0,2,0,1,0,0,1,0,0,0,1,1
Anthony Rumasuglia,Puget Sound,2017-18,20.0,1,2,1,1,0,0,0,0,0,0,1,1,14.78,0,2,0,1,0,0,0,0,0,0,0,2
Anthony Sharp II,Wiley,2017-18,20.0,0,2,0,1,0,0,1,0,0,0,0,1,17.77,1,3,0,2,2,3,1,0,0,0,0,1
Anthony Smith,Murray State,2017-18,20.0,20,42,2,8,15,20,6,11,11,27,30,17,14.88,24,41,2,6,29,39,9,7,5,23,37,21
Anthony Swan,CSU Northridge,2017-18,0.0,8,21,4,13,0,1,8,2,7,2,7,4,16.72,7,21,3,11,0,0,7,4,2,3,8,3
Anthony Tarke,NJIT,2017-18,20.0,72,176,15,64,31,47,26,14,11,14,66,29,20.0,78,186,22,67,53,84,23,23,13,27,58,28
Anthony Townes,Pacific,2017-18,20.0,59,106,0,0,13,17,4,22,6,26,37,24,20.0,42,73,0,0,20,29,5,8,11,26,29,9
Anthony Walker,LSU Shreveport,2017-18,20.0,2,2,0,0,0,0,0,0,1,0,3,0,20.0,0,0,0,0,0,0,0,0,0,0,0,0
Anthony Wilson,Kennesaw State,2017-18,20.0,24,42,0,2,14,15,22,12,9,17,33,9,20.0,18,42,1,2,20,23,11,9,0,15,25,7
Anthony Wright,Cleveland State,2017-18,20.0,39,80,10,24,6,9,21,14,6,28,58,24,20.0,41,75,7,28,19,26,17,16,4,21,46,11
Antino Jackson,New Mexico,2017-18,20.0,49,131,31,87,12,15,63,21,0,6,32,34,14.98,58,136,33,83,38,49,78,25,0,4,23,44
Antoin Clifton,,2017-18,1.0,4,13,2,4,0,0,0,2,0,2,5,2,0.0,1,8,0,2,2,2,2,1,0,1,6,2
Antoine Nunnally,Cairn University,2017-18,20.0,1,2,0,0,1,2,0,0,0,0,1,0,14.85,3,4,0,0,0,0,0,0,0,2,1,1
Antoine Robinson,Piedmont International,2017-18,20.0,2,2,1,1,0,0,0,0,0,0,1,0,14.88,0,0,0,0,0,0,0,0,0,0,0,0
Antoine Williams,Tennessee Wesleyan,2017-18,20.0,2,7,0,0,2,2,0,0,0,3,0,1,14.9,1,1,0,0,0,2,1,0,0,0,1,0
Anton Beard,Arkansas,2017-18,20.0,61,148,22,56,20,28,53,19,0,7,35,23,14.92,40,106,12,46,43,59,42,11,2,10,29,19
Anton Gill,Nebraska,2017-18,20.0,42,108,28,76,7,8,14,4,0,3,32,10,17.32,32,80,21,56,25,31,14,9,2,2,16,10
Anton Lucaj,Rochester College,2017-18,20.0,0,2,0,2,0,0,0,0,0,0,1,0,17.67,0,2,0,2,0,0,0,0,0,0,0,0
Antonio Capley,Black Hills State,2017-18,20.0,0,3,0,1,0,0,0,0,0,0,1,0,14.77,0,0,0,0,0,0,0,0,0,0,0,0
Antonio Chapman,Eastern University,2017-18,20.0,1,3,1,3,0,0,1,0,0,0,1,0,14.88,0,0,0,0,0,0,0,0,0,0,0,0
Antonio Gardner,North Park,2017-18,0.0,0,0,0,0,0,0,0,0,0,0,0,0,14.92,1,3,0,2,2,2,0,0,0,0,1,1
Antonio Gillespie,Morgan State,2017-18,20.0,15,42,12,34,2,3,6,2,0,4,13,10,17.58,18,45,14,35,6,7,3,8,0,5,11,4
Antonio Hughes,St. Francis (ILL),2017-18,20.0,2,5,1,2,0,0,1,1,0,1,0,0,14.93,1,6,0,2,4,5,0,2,0,0,0,0
Antonio Johnson,Mississippi College,2017-18,20.0,1,3,1,3,0,0,0,0,1,1,0,2,14.8,6,7,3,4,1,1,0,0,0,0,1,1
Antonio Lewis,William Jessup,2017-18,20.0,0,3,0,1,0,0,1,0,0,0,2,1,17.9,2,6,0,1,0,0,0,0,0,0,0,1
Antonio Patterson,Concord College,2017-18,20.0,1,2,0,0,0,0,1,0,0,0,0,0,14.9,1,3,0,2,0,0,1,1,0,0,0,1
Antonio Vrankovic,Duke,2017-18,0.0,1,1,0,0,1,2,0,0,1,2,3,0,14.73,2,3,0,0,0,0,4,0,1,2,1,0
Antonio Watson,Bluefield State,2017-18,20.0,0,0,0,0,1,2,1,0,0,0,2,3,14.88,0,0,0,0,0,0,0,0,0,0,0,1
Antonio Williams,Southern-New Orleans,2017-18,20.0,3,8,2,6,0,0,1,2,0,0,3,0,18.57,1,10,1,9,0,0,0,0,0,1,1,6
Antonio Wilson,Randall University,2017-18,20.0,6,11,3,4,0,2,1,0,0,1,3,0,17.52,1,1,1,1,0,0,3,0,0,0,1,1
Antonio Woods,Pennsylvania,2017-18,20.0,46,106,17,48,16,25,28,8,3,8,43,15,20.0,30,73,12,34,19,36,30,8,0,9,49,20
Antonis Pefanis,Florida Tech,2017-18,20.0,0,0,0,0,2,2,1,0,0,0,1,2,20.0,0,1,0,1,0,0,0,0,0,0,0,0
Antravious Simmons,Florida Gulf Coast,2017-18,20.0,49,84,0,0,22,34,18,7,2,33,53,18,20.0,35,59,0,0,16,24,11,4,2,20,37,11
Antwain Johnson,Middle Tennessee,2017-18,20.0,54,114,19,44,23,29,29,13,2,6,22,11,14.55,42,111,16,50,27,29,18,6,2,5,19,14
Antwan Bradley,Summit,2017-18,0.0,0,0,0,0,0,0,0,0,0,0,0,0,14.9,0,2,0,2,0,0,1,0,0,0,1,0
Antwan Walker,Georgetown,2017-18,20.0,8,19,1,3,9,10,4,4,0,11,12,6,15.8,11,20,0,0,4,4,1,1,2,7,13,5
Antwoine Anderson,UConn,2017-18,20.0,40,100,18,54,15,18,31,14,2,5,34,20,20.0,33,83,6,34,34,49,26,19,2,7,39,25
Antwon Clayton,Jacksonville,2017-18,20.0,17,34,3,7,10,15,13,4,7,14,29,13,14.83,11,23,0,3,6,22,13,8,11,6,24,15
Antwon Lillard,Bowling Green,2017-18,20.0,24,61,8,27,15,24,17,10,6,8,38,21,17.47,33,78,8,29,34,42,26,13,3,8,38,17
Antwon Winn,Haskell,2017-18,20.0,1,4,0,2,0,0,2,0,0,0,1,0,14.9,1,1,0,0,0,0,1,0,0,0,1,0
Appalachian State,,2017-18,0.0,0,0,0,0,0,0,0,0,0,38,37,2,0.0,0,0,0,0,0,0,0,0,0,31,25,7
Aram Martin,Bryant,2017-18,20.0,3,8,1,2,0,0,0,1,5,1,4,3,20.0,2,4,0,1,1,2,1,0,1,1,2,3
Arcadia,,2017-18,0.0,0,0,0,0,0,0,0,0,0,2,0,0,0.0,0,0,0,0,0,0,0,0,0,0,3,0
Arcaim Lallemand,Eastern New Mexico,2017-18,20.0,2,3,1,1,0,0,0,0,0,0,0,1,15.32,1,2,0,0,0,0,0,0,0,1,0,1
Arell Hennings,UC Davis,2017-18,19.98,8,24,4,12,14,14,17,3,0,2,3,13,20.0,8,24,6,11,4,6,13,5,0,3,7,4
Aric Holman,Mississippi State,2017-18,20.0,68,119,22,50,22,34,9,8,26,28,81,23,14.78,49,90,9,24,40,52,9,7,29,34,71,17
Arinze Anakwenze,Mississippi Valley State,2017-18,20.0,10,23,0,1,2,3,2,2,6,5,9,9,14.72,13,22,0,1,3,5,3,3,2,8,4,6
Arinze Chidom,Washington State,2017-18,18.93,18,37,7,13,6,7,3,2,1,6,19,5,19.98,9,31,6,15,7,9,6,7,2,6,14,7
Ariston Johnson,Alabama A&M,2017-18,20.0,6,21,3,7,0,1,5,2,0,2,7,4,20.0,3,13,2,5,2,2,6,0,0,4,14,5
Arizona,,2017-18,0.0,0,0,0,0,0,0,0,0,0,19,17,3,0.0,0,0,0,0,0,0,0,0,0,16,15,4
Arizona State,,2017-18,0.0,0,0,0,0,0,0,0,0,0,26,27,4,0.0,0,0,0,0,0,0,0,0,0,17,19,5
Arkadiy Mkrtychyan,Idaho,2017-18,20.0,35,66,0,1,13,22,12,6,0,19,27,17,17.93,20,45,1,5,19,26,11,2,2,7,24,12
Arkansas,,2017-18,0.0,0,0,0,0,0,0,0,0,0,23,19,4,0.0,0,0,0,0,0,0,0,0,0,19,27,7
Arkansas State,,2017-18,0.0,0,0,0,0,0,0,0,0,0,25,19,5,0.0,0,0,0,0,0,0,0,0,0,32,23,4
Arkansas-Fort Smith,,2017-18,0.0,0,0,0,0,0,0,0,0,0,0,0,0,0.0,0,0,0,0,0,0,0,0,0,3,2,0
Arkansas-Pine Bluff,,2017-18,0.0,0,0,0,0,0,0,0,0,0,6,16,4,0.0,0,0,0,0,0,0,0,0,0,11,10,4
Arkel Lamar,UMBC,2017-18,20.0,59,136,36,73,21,36,19,17,10,17,83,16,20.0,48,129,26,67,19,40,13,16,3,18,59,21
Arkim Robertson,CSU Fullerton,2017-18,20.0,27,45,0,0,21,28,6,7,15,21,46,19,14.88,28,42,0,0,17,29,1,4,13,27,33,8
Arlando Cook,Arkansas,2017-18,20.0,12,30,0,0,2,5,6,4,1,6,20,8,14.98,9,15,0,0,4,9,3,2,1,6,11,2
Arlington Baptist,,2017-18,0.0,0,0,0,0,0,0,0,0,0,4,5,1,0.0,0,0,0,0,0,0,0,0,0,2,3,1
Armaine Ratcliff,,2017-18,0.0,0,0,0,0,0,0,0,0,0,0,0,0,0.0,0,0,0,0,0,0,0,0,0,2,0,0
Armand Cartwright,Rochester College,2017-18,20.0,0,2,0,2,0,0,1,1,0,0,0,1,17.67,0,5,0,2,0,0,0,0,0,1,0,1
Armani Chaney,Tennessee State,2017-18,20.0,26,88,8,39,10,14,35,15,1,5,37,34,14.63,38,93,13,36,26,33,52,18,0,11,24,33
Armani Collins,Bethune-Cookman,2017-18,20.0,16,55,10,46,2,3,7,6,5,7,26,6,14.83,16,47,12,38,0,0,5,3,4,4,12,4
Armani Nicolis,Sonoma State,2017-18,20.0,0,3,0,2,1,2,1,0,1,1,1,0,14.9,1,3,1,2,0,0,0,0,0,0,0,0
Armani Taylor,,2017-18,5.93,2,8,0,0,2,5,0,1,3,6,6,6,0.0,3,7,0,0,3,6,1,0,3,3,6,4
Armel TeTe,Presbyterian,2017-18,20.0,28,62,0,0,9,20,2,6,18,22,48,20,14.98,19,42,0,0,21,33,1,7,11,26,42,10
Armon Fletcher,Southern Illinois,2017-18,20.0,64,146,20,72,29,40,24,20,11,18,51,20,16.55,72,133,15,33,51,71,23,13,3,22,43,12
Armoni Brooks,Houston,2017-18,20.0,66,134,49,103,6,8,8,18,8,15,51,7,16.13,38,114,30,87,16,19,6,8,4,14,39,6
Army,,2017-18,0.0,0,0,0,0,0,0,0,0,0,23,19,8,0.0,0,0,0,0,0,0,0,0,0,26,25,6
Arnaldo Toro,George Washington,2017-18,20.0,50,120,3,18,31,37,18,11,13,48,75,21,20.0,34,79,3,13,32,44,14,7,11,34,53,14
Aron Stewart,Miles,2017-18,20.0,1,5,0,0,1,2,0,0,1,1,1,2,14.85,0,1,0,0,0,0,0,0,0,0,2,1
Arsenio Morales,Benedictine (AZ),2017-18,20.0,0,1,0,0,0,0,0,0,0,0,1,0,18.28,0,0,0,0,0,0,0,0,0,0,0,0
Artavious McDyess,Arkansas-Pine Bluff,2017-18,20.0,4,10,0,0,3,4,0,3,7,8,17,6,14.55,3,5,0,0,2,3,1,1,3,6,2,5
Artavious Mcdyees,,2017-18,12.87,0,1,0,0,0,0,0,0,1,3,2,0,0.0,0,1,0,0,0,0,0,0,0,1,1,0
Artem Tavakalyan,Delaware State,2017-18,20.0,43,105,16,46,15,21,17,10,3,15,45,24,14.85,44,90,15,34,27,32,23,12,2,18,51,20
Arthur Johnson,Alabama A&M,2017-18,20.0,36,78,16,36,10,15,11,7,2,3,43,23,20.0,32,76,14,32,18,27,14,9,0,15,19,23
Arthur Scott,,2017-18,0.0,0,0,0,0,0,0,0,0,0,0,0,0,0.0,0,0,0,0,0,0,0,0,0,0,0,1
Artis Cleveland,William Carey,2017-18,20.0,0,1,0,0,0,0,0,0,0,1,2,0,17.85,0,0,0,0,0,0,0,0,0,0,0,0
Artur Labinowicz,Coastal Carolina,2017-18,20.0,40,108,22,60,37,51,19,11,9,8,42,26,14.88,51,138,25,78,50,64,16,10,7,20,64,32
Asa Duvall,Lipscomb,2017-18,20.0,0,4,0,3,2,3,1,1,1,1,2,0,20.0,0,1,0,1,0,2,0,0,0,0,0,0
Asante Gist,Eastern Kentucky,2017-18,20.0,6,28,4,9,2,2,6,2,0,1,10,6,20.0,10,23,2,7,3,9,10,1,0,0,7,5
Asbjorn Midtgaard,Wichita State,2017-18,0.0,0,0,0,0,0,0,0,0,0,0,1,0,14.93,2,3,0,0,0,0,0,0,1,2,5,1
Asbojrn Midtgaard,,2017-18,0.0,0,0,0,0,0,0,0,0,0,0,0,0,7.95,1,1,0,0,0,0,0,1,1,0,2,0
Asbury,,2017-18,0.0,0,0,0,0,0,0,0,0,0,1,0,1,0.0,0,0,0,0,0,0,0,0,0,0,2,1
Ashley Williams,Western Carolina,2017-18,0.0,12,31,5,15,17,22,6,3,0,4,5,6,14.98,16,43,8,23,14,16,4,3,3,12,7,3
Ashtin Chastain,San José St,2017-18,20.0,23,55,1,8,13,30,11,4,5,19,33,21,18.72,15,35,0,2,12,23,5,1,3,14,14,14
Ashton Curd,Michigan Dearborn,2017-18,20.0,5,15,4,9,0,0,6,2,0,0,3,3,17.48,3,6,2,4,0,0,3,1,0,0,3,5
Ashton DeMurrell,Wiley,2017-18,20.0,2,3,0,0,0,0,0,0,0,2,3,1,17.77,1,1,0,0,0,0,1,0,0,1,2,0
Ashton Spears,Jacksonville State,2017-18,20.0,16,39,7,22,12,17,14,6,0,4,22,11,14.68,17,48,8,24,35,41,17,8,1,7,23,12
Ashton Worgu,Ecclesia College,2017-18,20.0,1,4,1,2,0,0,0,0,2,0,5,3,14.87,0,0,0,0,2,2,1,1,0,0,1,1
Ashtyn Bradley,LIU Brooklyn,2017-18,0.0,0,3,0,3,0,0,0,0,0,0,2,0,18.8,2,4,2,4,0,0,0,0,0,0,0,0
Aston Morton,Le Moyne-Owen,2017-18,20.0,2,3,0,0,1,2,0,1,0,0,0,3,17.98,0,2,0,1,2,3,0,1,0,1,1,1
Athanasios Kamberis,City College (NY),2017-18,0.0,0,0,0,0,0,0,0,0,0,0,0,0,14.85,0,4,0,4,0,0,1,0,0,0,0,0
Auburn,,2017-18,0.0,0,0,0,0,0,0,0,0,0,19,28,1,0.0,0,0,0,0,0,0,0,0,0,25,28,4
August Haas,Milwaukee,2017-18,20.0,21,61,6,26,11,18,44,16,1,0,25,22,19.53,21,39,5,12,10,22,38,7,1,1,32,14
Augustana (IL),,2017-18,0.0,0,0,0,0,0,0,0,0,0,2,0,0,0.0,0,0,0,0,0,0,0,0,0,0,0,0
Augustine Ene,Incarnate Word,2017-18,20.0,11,32,6,14,3,4,7,3,2,3,6,13,20.0,4,25,1,7,14,15,11,5,3,1,11,11
Augustus Cuch,Northern New Mexico,2017-18,20.0,0,1,0,1,0,0,2,1,0,0,1,0,14.95,0,1,0,1,0,0,0,0,0,0,0,2
Aujameq Daniels,Elizabeth City,2017-18,20.0,1,5,1,2,0,0,0,1,0,0,3,1,19.77,3,4,2,2,0,0,0,1,0,0,2,0
Aundrae Williams,Illinois-Springfield,2017-18,20.0,1,2,0,0,0,0,0,0,0,0,1,1,20.0,0,2,0,1,2,2,1,0,0,0,1,1
Aundre Jackson,Loyola Chicago,2017-18,20.0,100,181,12,37,29,38,18,13,3,19,54,30,20.0,67,109,8,16,27,37,16,4,7,16,29,30
Aundre Reid,Tennessee Wesleyan,2017-18,20.0,2,12,0,6,0,0,1,1,0,1,6,6,14.68,3,9,1,3,0,0,1,0,0,1,4,1
Ausar Lewis,Midway,2017-18,0.0,0,0,0,0,0,0,0,0,0,0,0,0,14.92,0,1,0,1,0,0,0,0,0,0,0,0
Austen Awosika,CSU Fullerton,2017-18,20.0,45,104,5,17,19,29,41,13,6,6,42,22,14.88,28,73,2,14,36,54,38,16,1,8,42,28
Austen McKnight,,2017-18,0.0,0,0,0,0,0,0,0,0,0,0,0,1,0.0,0,0,0,0,0,0,0,0,0,0,0,0
Austin Adams,Tiffin,2017-18,19.95,1,2,0,0,0,0,1,0,0,0,1,0,16.22,5,8,0,2,1,3,0,0,0,1,0,1
Austin Ahnafield,,2017-18,0.0,0,0,0,0,0,0,0,0,0,0,1,1,9.28,0,1,0,0,0,0,0,0,0,2,0,1
Austin Ajukwa,Charlotte,2017-18,20.0,37,99,13,36,27,31,12,9,6,7,32,31,14.78,36,90,12,37,22,26,10,17,4,7,44,33
Austin Allen,Washington College (MD),2017-18,20.0,4,8,0,1,0,0,2,0,0,0,2,1,14.9,2,6,1,2,0,0,2,1,0,2,1,0
Austin Allmeier,Ohio Northern,2017-18,20.0,0,1,0,1,0,0,0,0,0,0,0,1,20.0,0,3,0,1,0,0,0,0,0,0,1,1
Austin Awad,Winthrop,2017-18,20.0,25,75,19,67,5,6,2,1,2,8,26,6,20.0,16,36,15,33,3,4,3,4,0,7,15,4
Austin Butler,Holy Cross,2017-18,20.0,48,120,20,60,13,18,18,12,2,12,33,17,20.0,50,119,17,57,17,28,12,10,2,16,37,9
Austin Colbert,Hampton,2017-18,20.0,13,32,3,11,9,11,7,2,5,7,16,8,17.85,7,22,0,11,0,0,2,3,2,3,14,4
Austin Cole,Cal Lutheran,2017-18,20.0,4,13,2,8,3,4,2,1,0,1,1,2,15.8,3,12,0,6,2,2,4,3,0,0,2,1
Austin Crawford,,2017-18,0.0,0,0,0,0,0,0,0,0,0,0,0,0,0.0,0,0,0,0,0,0,0,0,0,0,0,1
Austin Crisp,Alice Lloyd College,2017-18,20.0,2,5,1,2,0,0,2,2,0,1,0,1,14.98,0,1,0,0,0,0,0,1,0,0,0,0
Austin Darnell,Northern New Mexico,2017-18,20.0,0,1,0,1,0,0,0,0,0,0,0,1,14.98,0,1,0,1,0,0,0,1,0,0,0,1
Austin Dasent,Savannah St,2017-18,20.0,44,115,35,91,11,19,21,17,0,7,37,18,14.97,24,65,15,47,14,20,19,8,2,12,26,11
Austin Davis,Michigan,2017-18,0.0,1,2,0,0,0,0,0,0,1,0,2,3,17.12,4,5,0,0,1,3,0,1,1,4,1,0
Austin Dill,William Jessup,2017-18,20.0,1,2,0,1,0,0,0,0,0,0,0,0,17.9,0,0,0,0,6,6,0,0,0,1,1,0
Austin Dotson,Texas Lutheran,2017-18,0.0,0,0,0,0,0,0,0,0,0,0,0,0,14.75,1,1,0,0,1,2,0,0,0,0,0,0
Austin Dunbar,Valley City State,2017-18,20.0,2,4,0,1,2,5,0,1,0,0,3,4,14.93,2,3,0,0,0,0,0,0,0,0,1,0
Austin Duncan,Eastern University,2017-18,20.0,2,7,1,3,0,3,0,0,0,1,1,3,14.88,0,2,0,1,0,0,0,2,0,0,0,1
Austin Dyer,Cornell College,2017-18,20.0,0,1,0,0,0,0,0,0,0,0,0,1,12.02,0,0,0,0,0,0,0,0,0,0,0,0
Austin Evans,Webber International,2017-18,0.0,1,6,0,2,1,4,0,0,0,0,2,4,20.0,3,6,0,1,0,0,0,1,0,1,5,2
Austin Gilyard,Mars Hill,2017-18,0.0,0,0,0,0,0,0,0,0,0,0,0,0,14.97,0,8,0,2,2,2,2,1,0,0,1,1
Austin Grandstaff,DePaul,2017-18,20.0,5,25,3,20,0,2,11,1,1,2,5,7,17.2,1,6,1,6,0,0,2,0,0,1,0,3
Austin Harless,,2017-18,0.0,0,0,0,0,0,0,0,1,0,0,0,1,0.0,0,0,0,0,0,0,0,1,0,0,0,0
Austin Hilton,Linfield College,2017-18,20.0,1,1,0,0,0,0,0,0,0,2,1,2,14.95,0,0,0,0,0,0,0,0,0,0,0,1
Austin James,Eastern University,2017-18,20.0,0,2,0,2,0,0,0,0,0,1,3,0,14.88,1,2,1,2,0,0,0,1,0,0,0,0
Austin Jones,Sarah Lawrence,2017-18,20.0,1,6,1,3,0,0,2,0,0,1,4,0,14.93,3,6,2,2,0,0,3,0,0,0,2,1
Austin Juergens,Eureka College,2017-18,20.0,0,0,0,0,1,2,3,0,0,0,2,3,14.73,1,4,0,1,0,0,0,0,0,0,1,1
Austin Karrer,,2017-18,15.43,13,34,11,25,6,8,20,9,0,14,42,8,0.0,11,32,3,20,8,12,11,10,1,12,38,3
Austin Katstra,,2017-18,0.0,0,0,0,0,0,0,0,0,0,0,0,0,0.0,0,0,0,0,0,0,0,0,0,0,1,0
Austin Kearney,Rowan University,2017-18,20.0,2,6,0,0,0,0,0,0,0,1,1,0,14.95,1,3,0,0,2,2,0,0,0,1,2,0
Austin Kindred,Asbury,2017-18,0.0,1,3,1,3,0,0,0,1,0,1,0,2,15.18,2,4,2,4,0,0,1,0,0,1,1,1
Austin Luke,Belmont,2017-18,20.0,56,131,41,100,4,4,103,13,1,2,45,45,20.0,39,92,25,63,20,26,120,17,1,4,37,54
Austin McCullough,California,2017-18,20.0,0,5,0,4,0,0,1,0,0,0,0,2,19.23,0,3,0,2,0,0,1,0,0,0,4,0
Austin Meyer,Rice,2017-18,20.0,18,29,0,0,8,13,2,2,5,8,19,14,20.0,14,17,0,0,7,13,1,1,7,5,11,11
Austin Mueller,Wyoming,2017-18,20.0,3,4,1,1,0,0,0,0,0,0,2,3,16.72,2,4,1,2,0,0,1,1,0,1,1,0
Austin Nehls,Central Connecticut,2017-18,16.75,44,107,31,81,10,16,22,9,4,13,46,12,20.0,47,128,30,94,30,44,12,7,1,14,38,14
Austin Nelson,South Carolina Upstate,2017-18,0.0,0,0,0,0,0,0,0,0,0,0,0,0,17.93,0,1,0,1,0,0,0,0,0,0,0,0
Austin Peay,,2017-18,0.0,0,0,0,0,0,0,0,0,0,33,18,8,0.0,0,0,0,0,0,0,0,0,0,15,21,6
Austin Phyfe,Northern Iowa,2017-18,20.0,16,27,2,3,15,22,7,0,2,12,17,6,14.83,13,19,1,3,7,8,0,0,2,5,8,5
Austin Pope,Chaminade,2017-18,20.0,3,13,0,3,3,7,5,0,0,2,8,1,14.62,8,18,1,4,1,1,7,2,1,2,8,3
Austin Reaves,Wichita State,2017-18,20.0,51,108,38,80,22,25,36,11,5,5,47,20,14.95,31,75,15,44,17,21,29,5,3,7,41,17
Austin Remus,Puget Sound,2017-18,20.0,0,1,0,1,0,0,0,0,0,0,0,1,14.78,1,5,1,5,0,0,0,0,0,0,0,0
Austin Robertson,Oakland City,2017-18,20.0,4,7,1,1,1,2,2,1,1,0,3,2,14.98,4,9,1,2,0,0,0,1,0,0,0,2
Austin Rogers,Alabama State,2017-18,0.0,5,11,2,4,3,4,1,2,1,1,6,5,14.78,8,17,2,5,1,3,4,1,1,4,5,3
Austin Ruder,Oral Roberts,2017-18,20.0,20,70,17,58,2,2,14,5,0,1,8,5,17.9,24,59,19,46,3,4,15,4,0,2,19,6
Austin Schaub,Tiffin,2017-18,0.0,0,0,0,0,0,0,0,0,0,0,1,0,16.22,1,2,1,2,0,0,3,1,1,0,3,0
Austin Sherrell,Kentucky State,2017-18,20.0,2,5,1,3,0,0,1,1,0,2,2,1,14.88,0,4,0,1,0,0,0,1,0,1,2,0
Austin Sparks,South Dakota,2017-18,20.0,4,10,0,0,8,8,2,0,1,5,7,4,14.67,6,10,0,0,3,5,1,2,2,4,10,4
Austin Starr,Prairie View A&M,2017-18,20.0,10,48,9,41,10,11,15,7,0,9,15,6,15.15,13,38,9,29,7,9,6,5,0,2,9,8
Austin Stone,Portland,2017-18,20.0,1,2,1,1,2,2,1,0,0,0,3,0,14.9,1,3,0,0,0,0,0,1,0,0,2,0
Austin Tilghman,Monmouth,2017-18,20.0,41,92,2,16,23,34,74,16,0,7,67,41,19.25,45,97,5,16,55,77,72,21,1,12,71,34
Austin Torres,Notre Dame,2017-18,20.0,13,23,0,0,1,8,4,7,1,16,21,6,14.8,12,19,0,0,0,5,2,0,4,5,17,8
Austin Venable,Erskine,2017-18,20.0,4,7,0,0,0,0,1,0,2,0,0,1,14.95,3,4,0,0,0,0,0,1,1,1,0,1
Austin Vereen,VMI,2017-18,20.0,33,111,24,78,18,23,13,14,5,9,44,16,14.72,60,137,34,85,41,50,14,15,6,18,57,22
Austin Volkens,City College (NY),2017-18,20.0,0,3,0,1,0,0,0,0,0,0,0,2,14.85,1,2,1,1,0,0,0,0,0,0,1,0
Austin Weiher,Southern Illinois,2017-18,20.0,0,4,0,1,0,0,0,0,0,0,2,1,20.0,0,2,0,0,0,0,1,0,0,0,1,0
Austin White,High Point,2017-18,20.0,20,56,0,5,7,8,11,11,0,3,15,9,14.88,10,29,0,1,10,15,5,6,2,3,11,4
Austin Williams,Drexel,2017-18,20.0,113,193,3,15,27,54,35,18,40,52,111,65,20.0,75,154,3,15,35,68,21,13,52,49,111,53
Austin Wills,Trevecca Nazarene,2017-18,20.0,1,4,1,4,0,0,1,1,0,0,0,0,14.55,0,1,0,1,0,0,0,0,0,0,0,0
Austin Winegar,Eastern Oregon,2017-18,20.0,2,3,0,0,0,0,0,1,0,1,2,2,14.78,1,1,1,1,0,0,0,0,0,0,2,0
Austin Witherill,Arizona State,2017-18,20.0,1,1,1,1,1,2,0,0,0,1,2,0,17.0,0,0,0,0,0,0,0,0,0,0,0,0
Austin Wrighten,Lynchburg,2017-18,20.0,1,3,1,2,0,0,1,1,0,0,1,3,19.93,5,8,1,1,2,4,1,2,0,2,2,1
Auston Evans,Lafayette,2017-18,20.0,1,2,0,0,0,2,3,0,1,0,2,0,16.9,0,1,0,0,0,1,0,0,0,0,0,1
Auston Rushing,Rockhurst,2017-18,20.0,3,6,3,5,3,3,0,0,0,0,1,2,17.65,1,2,1,2,0,0,0,0,0,1,0,1
Autry Acord,Evangel,2017-18,0.0,0,0,0,0,0,0,0,1,0,0,2,0,14.92,0,0,0,0,0,0,1,0,0,0,0,0
Avan Ward,Concordia University-St. Paul,2017-18,20.0,7,19,2,8,0,0,3,1,0,2,9,2,16.07,8,21,2,6,0,0,0,2,1,2,11,5
Ave Maria,,2017-18,0.0,0,0,0,0,0,0,0,0,0,0,4,1,0.0,0,0,0,0,0,0,0,0,0,0,1,1
Avery Diggs,South Carolina Upstate,2017-18,0.0,18,40,0,0,7,10,4,4,7,17,33,13,17.9,26,39,1,4,3,8,2,2,8,16,23,6
Avery Johnson,,2017-18,7.33,5,8,2,3,2,3,0,1,0,2,0,2,0.0,2,2,1,1,3,3,1,1,0,0,0,0
Avery Johnson Jr,,2017-18,9.12,0,0,0,0,0,0,6,0,0,0,0,0,0.0,0,0,0,0,0,0,4,0,0,0,0,0
Avery Johnson Jr.,Alabama,2017-18,20.0,21,61,8,30,14,18,5,6,1,5,16,9,14.88,19,58,9,27,9,12,5,5,0,2,4,4
Avery Patterson,Alcorn State,2017-18,20.0,23,49,9,25,9,14,23,6,1,1,14,21,14.73,8,34,4,17,9,13,15,3,0,3,11,8
Avery Sullivan,Lamar,2017-18,20.0,6,21,0,1,5,6,2,9,2,12,8,10,20.0,6,12,0,0,1,5,3,2,0,4,6,2
Avery White,Shenandoah,2017-18,20.0,2,3,1,2,0,0,0,0,0,0,0,0,14.82,0,0,0,0,0,0,0,0,0,0,0,0
Avery Wilson,Boston College,2017-18,0.0,1,3,0,1,2,4,0,2,0,1,1,4,20.0,0,2,0,0,0,0,0,1,0,0,0,2
Averyl Ugba,Austin Peay,2017-18,20.0,102,187,11,29,33,59,17,7,13,41,92,40,17.6,90,162,5,12,74,100,16,8,22,57,67,33
Avi Toomer,Bucknell,2017-18,20.0,7,24,3,13,6,8,4,3,2,3,13,6,14.88,16,33,12,24,4,4,5,5,0,8,11,3
Avila,,2017-18,0.0,0,0,0,0,0,0,0,0,0,0,0,0,0.0,0,0,0,0,0,0,0,0,0,1,0,1
Avion Franklin,,2017-18,0.0,0,0,0,0,0,0,0,1,0,0,0,0,0.0,0,0,0,0,0,0,0,0,0,0,0,0
Axel Mpoyo,Grambling,2017-18,20.0,24,58,0,8,9,15,4,7,5,11,18,11,14.58,22,57,3,8,23,30,1,5,6,16,32,18
Ayo Akinwole,Omaha,2017-18,0.0,16,34,3,12,3,5,20,10,0,5,22,7,15.0,17,36,9,17,4,6,15,10,1,3,16,7
Azar Swain,Yale,2017-18,20.0,43,97,31,67,13,15,14,7,0,5,27,12,14.9,31,79,20,58,10,17,21,8,1,4,29,5
Azariah Sykes,Morgan State,2017-18,20.0,4,6,0,0,4,11,4,2,2,13,33,5,20.0,3,6,0,0,8,12,1,7,7,16,26,6
B.J. Brown,Point,2017-18,20.0,6,16,1,7,2,3,0,1,0,0,2,3,16.4,1,5,0,1,0,0,0,0,0,1,0,2
B.J. Gladden,Georgia Southern,2017-18,20.0,13,42,0,2,12,27,1,2,1,5,27,8,20.0,13,37,0,1,10,28,0,3,1,14,22,3
B.J. Glasford,Stetson,2017-18,20.0,69,156,17,58,12,17,0,19,5,13,38,24,20.0,61,158,20,59,26,39,0,23,4,12,54,25
B.J. Hamlet,Concord College,2017-18,20.0,2,14,1,8,0,0,0,1,0,0,0,1,14.9,7,15,5,10,0,0,0,0,0,0,1,1
B.J. Johnson,La Salle,2017-18,20.0,92,211,28,77,52,57,0,19,3,28,91,37,17.98,93,203,16,49,60,72,2,13,12,25,68,27
B.J. Maxwell,Abilene Christian,2017-18,20.0,22,51,7,20,2,3,0,5,8,15,22,8,17.52,15,28,3,9,7,11,0,2,2,7,17,7
B.J. Miller,Troy,2017-18,0.0,39,75,7,23,9,12,0,21,9,5,31,29,20.0,42,84,5,18,31,40,1,17,2,16,36,19
B.J. Stith,Old Dominion,2017-18,20.0,64,169,21,65,24,30,0,13,2,8,67,28,20.0,72,154,28,58,45,51,0,10,3,13,72,18
B.J. Taylor,UCF,2017-18,20.0,29,81,9,27,29,43,15,4,0,0,13,15,20.0,40,93,13,33,33,50,7,3,0,1,13,10
B.J. Tyson,East Carolina,2017-18,20.0,68,186,15,64,38,43,0,9,4,7,50,28,14.93,83,189,21,71,40,50,2,13,1,15,47,26
B.K. Ashe,Longwood,2017-18,20.0,83,207,33,91,32,38,0,23,6,9,61,37,17.98,56,178,16,74,28,41,0,16,3,21,62,51
BJ Brown,Point,2017-18,20.0,0,0,0,0,0,0,1,0,0,0,0,0,16.4,0,0,0,0,0,0,1,0,0,0,0,0
BJ Duling,Kent State,2017-18,20.0,33,92,6,25,11,21,5,9,11,12,34,14,14.98,23,53,5,11,12,30,10,4,9,6,26,11
BJ Gladden,Georgia Southern,2017-18,0.0,0,0,0,0,0,0,10,0,0,0,0,0,20.0,0,0,0,0,0,0,2,0,0,0,0,0
BJ Glasford,Stetson,2017-18,20.0,0,0,0,0,0,0,30,0,0,0,0,0,20.0,0,0,0,0,0,0,22,0,0,0,0,0
BJ Johnson,La Salle,2017-18,20.0,0,0,0,0,0,0,9,0,0,0,0,0,20.0,0,0,0,0,0,0,6,0,0,0,0,0
BJ Maxwell,Abilene Christian,2017-18,0.0,0,0,0,0,0,0,9,0,0,0,0,0,17.52,0,0,0,0,0,0,6,0,0,0,0,0
BJ Miller,Troy,2017-18,0.0,0,0,0,0,0,0,42,0,0,0,0,0,20.0,0,0,0,0,0,0,51,0,0,0,0,0
BJ Standley,St. Martin's,2017-18,20.0,3,5,2,2,0,0,0,1,0,1,1,1,18.95,1,3,0,1,0,0,0,1,0,0,0,0
BJ Stith,Old Dominion,2017-18,20.0,0,0,0,0,0,0,21,0,0,0,0,0,20.0,0,0,0,0,0,0,29,0,0,0,0,0
BJ Taylor,UCF,2017-18,20.0,0,0,0,0,0,0,14,0,0,0,0,0,20.0,0,0,0,0,0,0,9,0,0,0,0,0
BJ Tyson,,2017-18,2.02,0,0,0,0,0,0,44,0,0,0,0,0,0.0,0,0,0,0,0,0,32,0,0,0,0,0
BK Ashe,Longwood,2017-18,20.0,0,0,0,0,0,0,29,0,0,0,0,0,19.4,0,0,0,0,0,0,38,0,0,0,0,0
BYU,,2017-18,0.0,0,0,0,0,0,0,0,0,0,16,24,5,0.0,0,0,0,0,0,0,0,0,0,19,24,3
Babacar Thiombane,Army,2017-18,20.0,11,17,0,0,0,2,7,9,11,14,31,14,20.0,4,8,0,0,2,9,2,2,8,9,24,9
Babe Murphy,Paine,2017-18,20.0,3,8,0,2,1,2,2,1,0,1,2,0,16.32,2,5,1,1,5,6,1,0,0,2,3,2
Bahari Amaya,Illinois-Springfield,2017-18,20.0,1,3,1,2,0,0,0,0,0,0,1,0,20.0,0,1,0,0,0,0,0,0,0,0,0,1
Bailey Basala,Lewis,2017-18,0.0,0,0,0,0,0,0,0,0,0,0,0,0,14.77,1,4,1,3,0,0,1,0,0,0,1,0
Bailey Patella,Vermont,2017-18,0.0,0,0,0,0,0,0,1,1,0,1,3,0,17.87,1,1,0,0,0,0,0,0,0,0,2,0
Bailey Stephens,Johnson & Wales (CO),2017-18,20.0,3,7,1,1,0,0,1,2,0,0,1,0,14.68,3,9,1,3,4,5,0,4,0,0,2,1
Bailey Walker,Northwestern State,2017-18,20.0,1,3,0,1,1,3,1,2,0,1,2,2,14.62,0,0,0,0,0,0,0,0,0,0,0,0
Bakari Evelyn,Valparaiso,2017-18,20.0,68,133,29,69,14,20,39,21,2,2,49,41,14.92,67,164,25,69,44,57,49,21,1,6,35,44
Bakary Konate,Minnesota,2017-18,0.0,10,17,0,0,4,5,6,7,10,18,34,8,18.35,10,18,0,0,5,9,1,4,4,16,22,7
Balint Mocsan,Idaho State,2017-18,20.0,54,115,32,68,18,25,14,10,2,7,54,26,17.0,48,110,28,71,6,12,12,10,5,3,36,21
Ball State,,2017-18,0.0,0,0,0,0,0,0,0,0,0,19,31,3,0.0,0,0,0,0,0,0,0,0,0,15,16,3
Bam Bowman,Miami (OH),2017-18,20.0,33,77,11,34,13,18,4,6,5,18,32,16,20.0,35,70,7,24,25,32,6,4,5,15,37,13
Bar Segey,Central Pennsylvania College,2017-18,20.0,0,2,0,0,0,0,1,0,0,1,0,0,14.93,0,0,0,0,0,0,0,0,0,0,0,0
Bar Sergey,,2017-18,0.0,0,0,0,0,0,0,0,0,0,0,1,0,0.0,0,0,0,0,0,0,0,0,0,0,0,0
Barak Swartzz,Curry College,2017-18,20.0,1,5,0,3,0,0,2,1,0,0,1,2,14.97,3,5,2,3,0,0,4,2,0,0,1,2
Barclay College,,2017-18,0.0,0,0,0,0,0,0,0,0,0,0,0,0,0.0,0,0,0,0,0,0,0,0,0,3,1,0
Barret Benson,Northwestern,2017-18,20.0,13,22,0,0,10,16,9,4,11,10,24,7,20.0,7,14,0,1,5,14,3,2,7,11,21,10
Barry Brown,,2017-18,0.72,87,213,20,62,38,53,61,31,2,5,47,53,0.0,99,201,18,56,85,108,53,33,3,14,40,37
Barry McCormick,Washington College (MD),2017-18,20.0,0,1,0,0,0,0,0,0,0,0,1,0,17.1,0,0,0,0,0,0,0,0,0,0,0,0
Barry Mccormick,Washington College (MD),2017-18,0.0,0,0,0,0,0,0,0,0,0,0,0,0,14.9,1,3,1,2,2,2,0,0,1,1,0,0
Barry Ogalue,Long Beach State,2017-18,20.0,27,52,1,9,5,6,10,5,2,11,14,13,15.45,22,36,1,3,22,26,6,5,0,7,11,7
Bashir Ahmed,St. John's,2017-18,20.0,62,164,24,75,18,30,21,17,6,21,44,30,17.92,64,145,19,48,45,70,10,16,4,30,54,18
Bass Ollie,Detroit Mercy,2017-18,20.0,0,0,0,0,1,2,0,0,0,0,0,0,14.83,0,0,0,0,0,0,0,0,0,0,0,0
Bates Jones,Davidson,2017-18,0.0,0,0,0,0,0,0,0,0,0,1,0,0,14.98,0,0,0,0,0,0,1,0,0,0,1,0
Baylor,,2017-18,0.0,0,0,0,0,0,0,0,0,0,12,30,5,0.0,0,0,0,0,0,0,0,0,0,28,28,5
Beau Bommarito,Emory,2017-18,19.95,3,5,1,1,0,0,2,1,0,0,2,1,17.95,1,2,1,2,1,2,1,0,1,0,2,0
Beau Dedmond,,2017-18,9.82,0,1,0,1,0,0,0,0,0,0,0,0,0.0,1,1,1,1,0,0,1,0,0,0,0,0
Beau Hefner,Oakland City,2017-18,20.0,0,2,0,1,0,0,3,0,0,0,0,2,14.98,0,1,0,1,0,0,0,0,0,0,0,0
Beau Shockley,Multnomah,2017-18,20.0,1,1,0,0,0,0,1,0,0,0,2,0,14.8,0,2,0,0,0,0,0,0,0,0,1,0
Belmont,,2017-18,0.0,0,0,0,0,0,0,0,0,0,19,34,5,0.0,0,0,0,0,0,0,0,0,0,20,22,5
Ben Arqueros Jr,Northland College,2017-18,20.0,3,4,1,2,0,2,3,0,0,1,4,2,14.97,1,4,1,2,0,0,0,1,0,2,1,3
Ben Beauchamp,Western State Colorado University,2017-18,20.0,6,10,5,8,2,2,1,1,0,0,1,2,18.78,5,12,1,6,0,1,0,0,0,0,2,2
Ben Brinks,Trinity (IL),2017-18,20.0,0,1,0,0,0,0,0,0,0,1,0,1,14.87,0,2,0,0,0,0,0,1,1,0,2,0
Ben Carter,Michigan State,2017-18,20.0,5,10,0,0,1,3,7,1,4,5,11,6,20.0,1,4,0,0,0,4,7,2,1,2,7,2
Ben Collier,Randall University,2017-18,20.0,4,9,1,5,0,0,1,0,0,0,0,0,17.52,3,6,1,2,1,1,2,0,0,1,4,0
Ben Dorfman,UC Santa Cruz,2017-18,20.0,0,1,0,1,0,0,0,0,0,0,2,1,14.8,0,0,0,0,0,0,0,1,0,0,1,1
Ben Emelogu II,SMU,2017-18,20.0,52,114,28,59,13,19,24,16,3,21,71,24,20.0,65,135,33,67,28,39,29,24,2,27,55,25
Ben Geschke,Spring Arbor,2017-18,20.0,1,4,1,3,0,0,0,0,0,0,1,0,15.38,1,2,0,1,0,0,3,0,0,0,0,2
Ben Grandle,Multnomah,2017-18,20.0,2,7,2,5,0,0,0,1,0,2,1,0,14.8,3,6,1,3,0,0,0,0,0,1,3,1
Ben Holding,Emerson College,2017-18,0.0,0,0,0,0,0,0,0,1,0,0,0,3,14.52,2,3,0,1,0,0,0,0,0,0,3,2
Ben Kone,Oregon State,2017-18,0.0,0,4,0,0,0,0,0,1,0,2,3,2,20.0,1,6,0,2,2,2,0,0,1,2,10,1
Ben Lammers,Georgia Tech,2017-18,20.0,84,172,0,3,22,28,28,20,44,35,98,25,20.0,66,154,2,7,48,65,25,19,32,41,82,22
Ben Marcus,Little Rock,2017-18,20.0,40,61,0,0,4,9,5,10,4,16,28,20,20.0,29,40,0,0,15,38,12,5,3,18,35,14
Ben Meinholz,Wisconsin-La Crosse,2017-18,20.0,3,9,1,1,2,2,3,1,0,0,2,2,19.53,4,10,1,3,1,2,2,0,2,4,2,0
Ben Nakwaasah,Utah Valley,2017-18,20.0,23,64,14,37,12,12,32,12,1,6,26,19,14.83,20,59,10,33,10,13,31,5,0,3,23,13
Ben Rennie,Mount Marty,2017-18,20.0,0,1,0,0,0,0,0,0,0,0,0,0,14.67,0,0,0,0,0,0,0,0,0,0,0,0
Ben Richardson,Loyola Chicago,2017-18,20.0,30,61,24,50,3,6,45,14,6,1,37,23,20.0,32,76,14,44,18,26,60,19,4,2,43,21
Ben Robertson,Bucknell,2017-18,0.0,6,16,2,7,1,3,4,1,1,7,11,4,14.87,9,16,1,5,2,4,2,1,0,4,13,2
Ben Shungu,Vermont,2017-18,20.0,4,7,1,2,4,6,7,1,0,2,13,5,14.98,3,3,0,0,1,2,1,2,0,0,3,2
Ben Snider,Hiwassee College,2017-18,20.0,6,13,5,10,0,0,2,1,0,1,6,7,18.62,5,10,2,4,4,4,0,2,0,1,3,4
Ben Sommer,Cincinnati Clermont,2017-18,20.0,2,4,1,3,0,0,1,2,0,1,2,2,14.62,0,3,0,0,0,0,2,0,1,0,1,1
Ben Stasewich,Lakeland,2017-18,20.0,0,1,0,0,0,0,0,0,0,0,1,0,14.97,0,0,0,0,0,0,0,0,0,0,0,0
Ben Temrowski,Rockford University,2017-18,20.0,4,12,4,11,0,0,0,1,0,1,0,1,14.78,1,2,1,2,0,0,0,1,0,0,0,1
Ben Twigger,,2017-18,0.0,0,0,0,0,0,0,0,0,0,0,0,1,0.0,0,0,0,0,0,0,0,0,0,0,0,0
Ben Weber,Rockford University,2017-18,0.0,0,0,0,0,0,0,0,0,0,0,0,0,14.78,1,3,0,1,0,0,2,0,0,0,0,2
Ben Weisbeck,Jamestown,2017-18,20.0,2,4,0,0,0,0,0,1,0,0,1,0,14.83,0,0,0,0,0,0,0,0,0,0,0,0
Benas Griciunas,Eastern Washington,2017-18,20.0,34,91,1,14,9,17,5,4,11,11,46,17,15.25,32,58,2,9,8,16,4,2,8,9,31,3
Benedictine (AZ),,2017-18,0.0,0,0,0,0,0,0,0,0,0,4,0,0,0.0,0,0,0,0,0,0,0,0,0,2,2,1
Benedikt Haid,North Florida,2017-18,20.0,0,1,0,1,0,0,0,0,0,1,1,0,15.0,4,7,3,6,0,0,0,0,0,1,1,2
Benjamin Batts,LSU Shreveport,2017-18,20.0,2,5,1,2,0,0,0,1,0,0,3,2,20.0,4,9,1,4,0,0,2,0,0,0,1,0
Benjamin Fields,Loyola New Orleans,2017-18,0.0,0,0,0,0,0,0,0,0,0,0,0,0,14.77,0,2,0,0,0,0,0,0,0,1,2,3
Benjiman Sweet,Silver Lake College,2017-18,20.0,2,2,0,0,0,0,0,0,0,0,2,1,14.95,0,0,0,0,0,0,0,0,0,0,0,1
Bennett Ameer,Purdue Fort Wayne,2017-18,20.0,4,8,0,0,1,2,1,0,0,1,0,1,18.37,2,4,0,0,3,4,0,0,1,2,2,1
Bennett Fuzak,North Georgia,2017-18,20.0,0,3,0,2,0,0,0,0,0,0,1,0,14.7,2,3,1,2,0,0,0,0,0,0,1,0
Bennett Holley,Appalachian State,2017-18,20.0,10,25,9,21,2,2,5,1,3,6,11,1,14.87,7,19,6,18,2,2,2,1,0,2,8,3
Bennett Koch,Northern Iowa,2017-18,20.0,57,101,0,0,38,53,9,11,9,27,55,26,14.83,66,118,0,0,74,100,6,5,15,23,62,24
Bennett Wilson,Mars Hill,2017-18,20.0,0,1,0,0,0,0,2,0,0,0,2,2,14.97,0,0,0,0,0,0,0,0,0,0,0,1
Bennie Boatwright,USC,2017-18,20.0,53,138,21,72,26,34,18,5,6,21,62,10,14.88,49,104,22,53,26,36,25,2,13,17,42,19
Benny Larry Jr,Northland College,2017-18,20.0,0,0,0,0,0,0,2,0,0,0,0,0,14.97,0,0,0,0,0,0,0,0,0,0,0,0
Benny Larry Jr.,Northland College,2017-18,20.0,1,6,1,3,1,2,0,0,0,0,2,2,14.97,0,4,0,4,5,8,0,1,0,0,1,2
Benson Arogbo,Maine-Fort Kent,2017-18,20.0,1,4,0,1,2,4,0,1,0,0,1,0,14.98,1,1,0,0,1,2,0,0,0,0,1,0
Benson Osayande,Montana State,2017-18,15.0,5,11,0,0,4,7,1,4,1,5,4,3,20.0,2,9,0,0,6,9,2,1,1,8,2,3
Berea,,2017-18,0.0,0,0,0,0,0,0,0,0,0,3,2,1,0.0,0,0,0,0,0,0,0,0,0,0,2,0
Bernard Taylor,Massachusetts-Boston,2017-18,20.0,3,5,3,4,0,0,0,0,0,0,0,0,14.9,0,1,0,1,1,2,0,0,0,0,0,1
Bethany (WV),,2017-18,0.0,0,0,0,0,0,0,0,0,0,1,1,0,0.0,0,0,0,0,0,0,0,0,0,0,0,0
Bethel (TN),,2017-18,0.0,0,0,0,0,0,0,0,0,0,1,1,0,0.0,0,0,0,0,0,0,0,0,0,2,1,0
Bethesda University,,2017-18,0.0,0,0,0,0,0,0,0,0,0,1,1,0,0.0,0,0,0,0,0,0,0,0,0,1,2,0
Bethune-Cookman,,2017-18,0.0,0,0,0,0,0,0,0,0,0,18,22,11,0.0,0,0,0,0,0,0,0,0,0,20,14,4
Bill Awet,SIU-Edwardsville,2017-18,20.0,3,15,0,4,0,0,4,3,7,3,19,8,14.87,4,9,0,0,7,11,1,1,2,5,8,7
Billie Webster,,2017-18,9.55,1,3,0,2,0,0,0,0,0,0,0,1,0.0,0,3,0,2,0,0,0,0,0,0,0,0
Billy Barnes,,2017-18,0.0,0,0,0,0,0,0,0,0,0,0,2,0,0.0,0,0,0,0,0,0,0,0,0,0,0,0
Billy Brown,North Dakota,2017-18,20.0,15,44,11,35,4,5,13,6,2,5,21,7,20.0,15,37,11,30,10,14,12,6,1,3,18,9
Billy Kirby,North Park,2017-18,20.0,1,1,0,0,0,0,0,0,0,0,2,4,14.92,1,3,1,2,0,0,2,1,0,0,2,0
Billy Mendala,Wheelock College,2017-18,0.0,0,0,0,0,0,0,0,0,0,0,2,1,14.75,0,1,0,0,0,0,0,0,0,0,0,0
Billy Wampler,,2017-18,0.0,0,0,0,0,0,0,0,0,0,0,0,0,15.62,0,1,0,0,0,0,0,0,0,0,0,0
Binghamton,,2017-18,0.0,0,0,0,0,0,0,0,0,0,12,14,4,0.0,0,0,0,0,0,0,0,0,0,20,19,4
Bird Cardwell,KY Wesleyan,2017-18,20.0,4,7,0,2,1,1,1,0,0,1,0,2,14.78,3,4,1,2,0,0,3,0,0,0,1,1
Bishop Mency,Rice,2017-18,20.0,36,104,24,84,8,9,16,3,3,22,47,16,20.0,34,90,26,78,25,40,8,8,4,23,54,15
Bjorn Broman,Winthrop,2017-18,20.0,37,95,26,73,22,29,46,17,2,4,34,20,16.55,54,105,43,89,28,34,41,19,0,4,24,10
Black Hills State,,2017-18,0.0,0,0,0,0,0,0,0,0,0,0,0,0,0.0,0,0,0,0,0,0,0,0,0,1,0,0
Blaine May,Asbury,2017-18,0.0,0,0,0,0,0,0,0,0,0,0,1,1,14.93,0,0,0,0,0,0,2,0,0,0,0,1
Blair Orr,CSU Northridge,2017-18,20.0,1,5,0,0,2,2,0,0,1,3,1,1,20.0,3,3,0,0,0,0,0,0,0,0,0,0
Blake Brown,Rochester College,2017-18,20.0,0,0,0,0,0,0,1,0,0,0,0,2,17.67,0,1,0,0,1,2,0,0,0,0,1,0
Blake Dragt,Oak Hills Christian,2017-18,20.0,0,2,0,1,0,0,0,0,1,0,2,2,14.57,1,4,0,1,0,0,0,0,0,0,0,1
Blake Francis,Wagner,2017-18,20.0,79,201,39,112,34,42,23,28,0,9,13,27,20.0,82,182,50,117,46,59,26,19,1,11,23,18
Blake Harper,Edward Waters,2017-18,20.0,1,5,0,3,0,0,1,1,0,0,3,4,14.95,1,1,0,0,0,0,2,0,0,0,1,1
Blake Harris,Missouri,2017-18,20.0,9,25,0,2,5,8,17,4,0,2,18,15,17.85,13,27,0,4,4,5,21,9,0,4,7,8
Blake Huggins,,2017-18,0.0,0,0,0,0,0,0,0,0,0,0,0,0,0.0,0,0,0,0,0,0,0,0,0,0,0,1
Blake Maness,Erskine,2017-18,20.0,0,1,0,1,0,0,0,0,0,0,0,0,14.95,0,0,0,0,0,0,0,0,0,0,0,2
Blake McNamara,Wheelock College,2017-18,0.0,0,0,0,0,0,0,0,0,0,0,0,0,14.75,1,4,1,2,0,0,0,0,0,1,2,0
Blake Miles,Cal Lutheran,2017-18,20.0,3,7,2,5,1,2,5,1,0,0,2,1,15.8,6,11,0,2,1,1,3,0,0,0,2,1
Blake O'Donnell,Eastern Oregon,2017-18,20.0,1,9,0,1,1,2,3,1,1,0,6,0,14.78,5,8,0,0,0,2,1,1,0,1,0,0
Blake Pagon,Stanford,2017-18,20.0,0,1,0,1,0,1,3,0,0,0,4,3,14.85,0,1,0,1,0,0,2,1,0,0,4,1
Blake Paul,Tulane,2017-18,0.0,17,39,0,0,11,19,14,2,20,19,27,17,20.0,25,41,0,0,8,12,9,3,18,13,35,21
Blake Reynolds,Yale,2017-18,20.0,53,121,13,53,8,12,35,9,5,22,68,31,14.9,68,128,14,47,16,23,33,18,2,19,48,24
Blake Siersema,,2017-18,6.85,1,2,0,0,2,2,0,0,0,1,1,1,0.0,0,0,0,0,0,0,0,0,0,0,0,0
Blake Simmons,Evansville,2017-18,20.0,58,135,27,63,15,22,34,16,4,6,64,33,16.88,56,125,18,51,24,29,29,12,5,12,62,27
Blake Simpson,Coppin State,2017-18,0.0,2,4,0,0,2,2,1,0,1,1,4,2,14.77,2,7,0,0,0,0,0,0,2,2,2,3
Blake Smith,Alice Lloyd College,2017-18,20.0,5,9,3,5,0,0,0,0,0,0,3,1,14.98,3,4,0,0,0,0,0,0,0,0,1,0
Blake Truman,Idaho State,2017-18,20.0,9,27,5,19,3,4,8,4,0,8,14,14,17.0,9,29,2,9,3,4,3,1,0,6,14,5
Blayde Reich,York College Pa,2017-18,20.0,0,3,0,2,0,0,0,0,0,1,2,1,18.7,2,6,2,3,2,4,1,1,0,2,1,1
Blue Mountain,,2017-18,0.0,0,0,0,0,0,0,0,0,0,3,3,0,0.0,0,0,0,0,0,0,0,0,0,1,1,1
Bluefield,,2017-18,0.0,0,0,0,0,0,0,0,0,0,0,2,0,0.0,0,0,0,0,0,0,0,0,0,2,0,1
Bluefield St,,2017-18,0.0,0,0,0,0,0,0,0,0,0,1,1,0,0.0,0,0,0,0,0,0,0,0,0,2,1,0
Bo Hodges,East Tennessee State,2017-18,20.0,61,113,3,13,21,31,12,13,7,19,29,18,15.7,36,83,2,11,36,54,14,7,12,14,38,15
Bo Pless,Milligan,2017-18,20.0,1,1,0,0,0,0,3,1,0,0,0,2,14.67,1,2,1,2,0,0,0,0,0,0,0,2
Bo Zeigler,George Washington,2017-18,20.0,37,68,0,0,12,22,12,8,17,17,16,17,20.0,60,87,0,0,12,19,9,10,17,23,28,20
Boaz Williams,Longwood,2017-18,20.0,2,5,0,2,0,0,0,0,0,0,3,3,17.98,0,5,0,2,0,0,1,0,1,0,3,1
Bob Jones,,2017-18,0.0,0,0,0,0,0,0,0,0,0,0,5,0,0.0,0,0,0,0,0,0,0,0,0,0,2,1
Bobby Ahearn,Binghamton,2017-18,20.0,31,77,4,18,12,14,5,3,4,18,30,17,17.58,19,37,3,6,10,16,7,3,2,16,19,13
Bobby Farquah,Dakota State,2017-18,20.0,1,5,0,0,0,0,1,0,0,0,1,0,14.78,2,2,1,1,0,0,0,0,0,0,0,0
Bobby Frasco,Quincy,2017-18,20.0,2,6,2,5,0,0,0,0,0,0,5,0,14.53,1,3,1,3,0,0,0,0,0,1,2,1
Bobby Jackson,Grambling,2017-18,20.0,5,8,1,2,4,7,2,1,0,1,8,3,14.58,2,12,1,4,6,10,0,0,2,7,10,2
Bobby Moorehead,Montana,2017-18,15.0,28,80,17,51,5,7,9,15,7,5,63,19,20.0,37,92,25,66,18,24,20,17,8,14,50,14
Bobby Perez,Wofford,2017-18,0.0,1,1,0,0,0,0,3,1,0,0,0,2,14.93,1,4,1,2,0,0,0,0,0,0,0,1
Bobby Planutis,Mt. St. Mary's,2017-18,20.0,31,57,21,37,14,15,15,5,11,10,56,21,14.57,18,49,11,26,18,20,7,8,6,14,38,14
Bobby Syvanthong,Maine-Fort Kent,2017-18,20.0,1,3,0,1,2,2,0,1,1,0,3,1,14.98,3,5,0,1,0,0,1,1,0,1,0,3
Bobby Word,Cleveland State,2017-18,20.0,45,143,24,96,22,29,13,10,2,3,48,25,20.0,54,117,42,87,16,26,8,12,5,7,38,17
Bogdan Bliznyuk,Eastern Washington,2017-18,20.0,129,236,29,65,48,52,56,15,4,13,94,47,15.25,106,212,12,37,93,107,60,11,3,14,97,57
Boise State,,2017-18,0.0,0,0,0,0,0,0,0,0,0,21,19,2,0.0,0,0,0,0,0,0,0,0,0,22,16,4
Bol Riek,New Orleans,2017-18,0.0,0,1,0,0,1,2,0,0,1,2,2,2,14.7,3,3,0,0,2,5,0,0,1,1,2,1
Bolden Brace,Northeastern,2017-18,20.0,30,84,22,70,9,12,37,10,7,12,62,24,20.0,42,75,26,54,21,26,28,9,6,11,52,15
Bonzie Colson,Notre Dame,2017-18,20.0,77,150,9,30,24,35,10,16,26,22,74,18,17.88,65,134,6,22,46,56,8,17,17,21,70,9
Bosko Kostur,Bryant,2017-18,20.0,50,108,23,52,23,26,8,12,3,9,36,28,14.6,50,97,23,48,22,27,13,5,2,17,40,20
Boston College,,2017-18,0.0,0,0,0,0,0,0,0,0,0,20,19,1,0.0,0,0,0,0,0,0,0,0,0,19,24,3
Boston University,,2017-18,0.0,0,0,0,0,0,0,0,0,0,23,18,5,0.0,0,0,0,0,0,0,0,0,0,28,13,8
Bourama Sidibe,Syracuse,2017-18,20.0,11,27,0,0,5,13,3,5,9,20,32,18,14.93,16,20,0,0,10,23,1,5,8,13,24,7
Bowling Green,,2017-18,0.0,0,0,0,0,0,0,0,0,0,25,21,2,0.0,0,0,0,0,0,0,0,0,0,36,16,2
Boyce,,2017-18,0.0,0,0,0,0,0,0,0,0,0,2,0,0,0.0,0,0,0,0,0,0,0,0,0,2,0,1
Brad Butterworth,Portland Bible,2017-18,20.0,1,2,1,2,0,0,1,0,0,0,0,2,14.83,0,1,0,0,0,0,0,0,0,0,0,2
Brad Calipari,Kentucky,2017-18,0.0,0,2,0,2,0,0,0,0,0,0,1,0,14.97,0,1,0,1,0,0,0,0,0,0,1,0
Brad Davison,Wisconsin,2017-18,20.0,61,149,32,89,31,39,35,22,0,1,41,25,14.57,56,138,23,69,53,64,41,15,0,8,22,30
Brad Ficken,Randall University,2017-18,20.0,4,7,2,4,0,0,6,2,1,0,2,3,17.52,1,4,0,2,0,1,4,1,0,2,1,3
Brad Greene,UC Irvine,2017-18,0.0,35,70,0,0,18,25,3,2,8,31,40,11,20.0,15,39,0,0,13,15,6,2,11,14,31,11
Brad Hund,Cornell College,2017-18,20.0,1,2,0,0,0,0,1,0,0,0,0,1,12.02,2,4,0,0,0,1,1,0,0,0,1,0
Brad Nairn,Henderson State,2017-18,0.0,0,0,0,0,0,0,0,1,0,0,1,1,17.87,2,3,1,1,0,0,0,0,0,0,1,2
Brad Schaub,Northwood,2017-18,20.0,1,5,1,3,0,0,1,1,1,1,2,2,14.67,0,0,0,0,0,0,0,1,0,0,0,1
Braden Adams,Evangel,2017-18,20.0,1,6,0,2,0,0,0,0,1,0,1,0,14.92,1,3,0,0,0,0,1,0,0,0,0,1
Braden Hatton,Midway,2017-18,20.0,1,1,1,1,0,0,0,0,0,0,0,0,14.92,0,3,0,2,0,0,0,0,0,0,0,0
Braden Koelliker,Chaminade,2017-18,20.0,6,15,2,8,4,6,2,1,0,2,6,1,14.62,3,4,1,2,2,4,2,0,0,2,6,3
Bradley,,2017-18,0.0,0,0,0,0,0,0,0,0,0,18,20,4,0.0,0,0,0,0,0,0,0,0,0,18,16,5
Bradley Cole,Boyce,2017-18,20.0,1,3,1,2,0,0,0,0,0,0,2,4,14.93,0,3,0,3,0,0,0,0,1,0,0,1
Bradley Hill,St. Mary's (MN),2017-18,20.0,0,1,0,0,0,0,2,0,0,0,2,1,14.75,0,0,0,0,0,0,0,0,0,0,0,0
Bradley Jomard,MIT,2017-18,20.0,3,7,0,0,2,6,2,1,0,1,2,3,20.0,4,10,0,1,1,2,3,1,0,0,3,2
Bradley Walker,Bethel (TN),2017-18,20.0,3,6,0,0,1,2,2,0,0,2,4,0,14.98,1,4,0,0,1,3,0,0,0,1,3,1
Brady Ashton,Anderson (IN),2017-18,20.0,0,2,0,1,1,3,0,0,0,2,2,1,14.78,0,1,0,1,0,0,0,1,0,1,0,1
Brady Birch,Jamestown,2017-18,0.0,0,0,0,0,0,0,0,0,0,0,0,0,14.83,1,2,0,0,0,0,0,0,0,1,0,0
Brady Elder,Dakota State,2017-18,20.0,2,3,1,2,0,0,0,0,0,0,3,0,14.78,0,0,0,0,0,0,0,0,0,0,0,0
Brady Ellingson,Iowa,2017-18,20.0,10,34,5,18,2,4,12,4,1,0,8,6,14.93,15,30,8,17,0,1,16,3,1,0,9,9
Brady Ernst,Florida Gulf Coast,2017-18,20.0,17,21,0,0,6,12,4,1,6,9,27,11,20.0,10,15,0,0,4,11,2,2,3,6,14,2
Brady Manek,Oklahoma,2017-18,19.9,64,138,35,88,9,15,8,3,12,20,64,14,16.07,54,115,22,60,9,15,7,8,9,19,58,7
Brady Rudrud,Minnesota,2017-18,0.0,0,0,0,0,0,0,0,0,0,0,0,0,14.82,0,0,0,0,0,0,1,0,0,0,0,1
Brady Sanders,Eureka College,2017-18,20.0,1,2,0,0,0,0,2,0,0,0,0,2,14.73,0,1,0,0,0,2,1,1,0,2,4,2
Brady Schuck,Furman,2017-18,0.0,0,0,0,0,0,0,0,0,0,0,0,0,17.07,0,1,0,1,0,0,0,0,0,0,0,0
Brady Smith,,2017-18,0.47,4,7,1,2,0,0,2,0,1,2,0,0,0.0,4,5,1,1,1,2,1,0,1,0,1,3
Brady Stevens,St. Mary's (MN),2017-18,20.0,0,0,0,0,0,0,1,0,0,0,2,0,14.75,0,0,0,0,0,0,0,0,0,0,0,0
Brady Subart,Western State Colorado University,2017-18,20.0,2,4,1,2,0,0,6,0,0,0,5,1,18.78,2,6,0,1,0,0,2,2,0,1,2,2
Braedon Bayer,,2017-18,0.0,0,0,0,0,0,0,0,0,0,0,2,1,0.0,0,0,0,0,0,0,0,1,1,0,0,0
Braian Angola,Florida State,2017-18,20.0,52,134,32,78,41,47,52,26,1,15,49,36,17.65,77,177,28,83,53,67,48,20,7,16,49,35
Brailen Neely,Oakland,2017-18,20.0,19,40,5,14,13,15,65,13,1,5,21,29,17.45,10,24,2,9,15,18,61,12,1,1,12,20
Brandan Stith,Old Dominion,2017-18,20.0,54,101,0,1,15,24,17,16,23,47,75,21,20.0,60,110,0,0,29,45,17,14,26,46,63,23
Brandell Collins,Our Lady of the Lake,2017-18,20.0,3,6,0,0,4,4,3,1,1,3,4,3,20.0,3,6,0,0,2,2,2,3,1,2,1,1
Branden Cosby-Lee,Western State Colorado University,2017-18,20.0,0,0,0,0,2,2,1,0,0,0,0,0,18.78,0,0,0,0,0,0,0,0,0,0,0,0
Branden Johnsen,,2017-18,3.1,2,3,0,0,0,1,0,1,2,0,3,1,0.0,3,3,0,0,1,3,0,0,2,0,0,0
Branden Johnson,Alabama State,2017-18,20.0,14,28,0,0,12,30,2,4,12,15,28,12,14.78,28,40,0,0,11,18,1,6,11,21,31,10
Brandon Allen,Florida State,2017-18,20.0,6,14,2,10,0,0,5,1,0,2,5,8,17.65,1,3,1,2,0,0,2,1,0,1,0,0
Brandon Alston,Georgia Tech,2017-18,20.0,30,77,15,33,24,31,23,4,1,7,21,18,20.0,25,68,5,23,17,26,26,6,0,9,16,17
Brandon Anderson,Brown,2017-18,20.0,58,153,19,56,62,69,47,18,1,4,25,38,20.0,69,174,11,47,79,95,49,16,2,10,22,37
Brandon Armstrong,South Dakota,2017-18,20.0,32,66,19,42,6,10,12,3,0,3,32,7,14.92,23,59,12,30,18,22,8,4,1,2,11,3
Brandon Askew,Randall University,2017-18,20.0,3,5,1,2,0,0,2,1,0,0,2,0,17.52,0,1,0,0,0,0,0,0,0,0,1,0
Brandon Avant,Bluefield State,2017-18,0.0,0,0,0,0,0,0,0,0,0,0,0,0,14.88,2,5,0,2,0,1,0,0,0,0,0,1
Brandon Averette,Oklahoma State,2017-18,20.0,38,93,7,17,13,20,48,8,1,3,24,22,14.92,37,90,3,17,27,35,39,13,0,2,27,21
Brandon Barnes,Kentucky Christian,2017-18,20.0,3,13,1,9,2,2,2,0,0,1,1,2,14.82,4,10,1,5,2,2,2,2,0,1,3,0
Brandon Better,Southern Utah,2017-18,20.0,50,150,34,90,27,30,26,13,0,4,22,26,14.88,58,134,31,70,47,55,11,7,1,5,30,32
Brandon Boston,Mississippi College,2017-18,20.0,0,2,0,0,0,0,0,0,0,0,0,0,14.8,1,1,0,0,0,0,1,0,0,0,0,0
Brandon Boyd,Idaho State,2017-18,20.0,69,151,19,63,31,36,26,11,2,11,58,33,17.0,70,141,21,57,52,68,34,24,0,2,42,18
Brandon Brady,Little Rock,2017-18,0.0,6,9,3,5,0,1,3,0,0,1,4,2,14.8,4,13,2,10,0,0,3,2,0,0,2,1
Brandon Bullock,McMurry,2017-18,20.0,0,2,0,0,0,0,0,0,0,0,1,2,14.97,0,0,0,0,0,0,0,0,0,0,2,1
Brandon Carroll,Bryant,2017-18,20.0,37,71,6,15,18,28,9,8,5,13,39,12,14.6,29,65,1,11,17,27,3,10,4,18,29,11
Brandon Childress,Wake Forest,2017-18,20.0,37,96,16,39,16,19,52,12,0,4,33,28,20.0,41,109,19,52,43,51,45,14,1,7,23,29
Brandon Collier,Wheelock College,2017-18,20.0,1,3,1,3,0,0,0,0,0,0,2,2,14.75,0,1,0,0,0,0,0,0,0,0,1,0
Brandon Cox,Wilmington (OH),2017-18,20.0,1,1,0,0,0,0,0,0,0,0,1,0,14.75,0,1,0,0,0,0,0,0,0,0,1,0
Brandon Cyrus,DePaul,2017-18,20.0,34,84,7,25,12,20,23,8,8,17,21,19,17.88,37,80,7,19,28,39,25,8,2,31,26,14
Brandon Danowski,Northern Illinois,2017-18,0.0,0,0,0,0,0,0,0,0,0,0,0,0,20.0,0,0,0,0,0,0,1,0,0,0,1,0
Brandon Danziger,Cal Lutheran,2017-18,0.0,0,0,0,0,0,0,0,0,0,0,0,0,17.97,0,0,0,0,0,0,1,0,0,0,0,0
Brandon Davis,UC Santa Barbara,2017-18,20.0,4,10,1,3,0,0,11,4,0,1,6,5,17.87,2,3,1,2,0,1,7,1,0,0,6,6
Brandon Dixon,Benedictine (AZ),2017-18,20.0,1,1,1,1,0,0,0,1,0,1,1,1,18.28,0,0,0,0,0,0,0,0,0,0,0,0
Brandon Durnell,Spring Arbor,2017-18,20.0,0,3,0,1,0,0,0,0,0,1,2,0,15.38,4,6,4,5,2,3,0,0,0,2,1,0
Brandon Emerick,Rockford University,2017-18,20.0,5,10,2,5,2,2,3,2,0,0,3,3,14.78,0,2,0,1,1,2,0,0,0,0,0,0
Brandon Fischer,Spring Hill,2017-18,20.0,2,9,0,1,3,4,0,0,0,2,4,1,14.93,6,9,1,4,3,3,3,1,0,4,2,3
Brandon Franklin,Pacific Union,2017-18,20.0,1,4,0,1,2,4,0,0,0,0,1,1,14.93,0,0,0,0,0,0,0,0,0,0,0,0
Brandon Galland,Northland College,2017-18,20.0,1,5,1,4,0,0,3,0,0,1,4,4,14.97,1,5,0,1,2,3,1,0,0,1,4,3
Brandon Gilbeck,Western Illinois,2017-18,20.0,59,91,0,0,14,24,7,7,28,25,50,34,14.75,51,78,0,0,19,50,10,9,31,26,66,20
Brandon Goldsmith,North Carolina Central,2017-18,20.0,24,52,3,11,8,13,8,9,2,11,18,23,19.03,15,43,1,7,16,25,8,7,3,3,30,11
Brandon Gonzalez,SE Louisiana,2017-18,0.0,7,11,4,7,1,2,1,0,1,3,7,4,14.88,5,9,3,6,2,2,2,2,0,3,5,2
Brandon Goodwin,Florida Gulf Coast,2017-18,20.0,80,186,19,67,50,63,78,19,2,9,79,47,20.0,104,204,17,60,69,101,57,14,2,24,55,37
Brandon Green,Panhandle State,2017-18,0.0,0,0,0,0,0,0,0,0,0,0,0,0,14.92,2,4,0,0,0,0,1,1,0,0,1,0
Brandon Hall,Emporia State,2017-18,20.0,1,5,0,1,0,0,2,1,0,0,2,1,20.0,0,4,0,1,0,0,0,0,0,0,2,1
Brandon Hatton,KY Wesleyan,2017-18,20.0,1,5,0,3,0,0,1,0,0,0,3,4,14.78,1,5,1,4,0,0,1,0,0,0,1,0
Brandon Hawkins,Ohio Northern,2017-18,20.0,0,1,0,0,0,0,0,0,0,0,0,0,20.0,0,0,0,0,0,0,0,0,0,0,0,0
Brandon Hitchman,Cal State-Los Angeles,2017-18,0.0,0,0,0,0,0,0,0,0,0,0,0,0,16.75,1,2,1,2,0,0,1,0,0,0,1,0
Brandon Hoffer,Mesa College,2017-18,20.0,1,2,0,0,0,0,3,0,0,0,0,0,14.95,0,1,0,0,0,0,0,0,0,0,3,0
Brandon Hollins,Portland State,2017-18,20.0,52,101,1,10,16,27,7,13,2,38,73,23,20.0,48,85,2,9,31,43,11,14,2,32,61,10
Brandon Horvath,UMBC,2017-18,20.0,15,39,5,25,6,12,4,4,4,8,18,7,20.0,18,33,11,21,3,9,6,2,0,7,16,3
Brandon Houston,Alabama A&M,2017-18,20.0,3,7,2,6,0,0,0,0,0,1,0,1,17.97,1,3,1,3,0,0,1,1,0,0,0,0
Brandon Huffman,North Carolina,2017-18,0.0,7,11,0,0,6,7,0,0,3,9,7,3,14.83,3,6,0,0,0,3,0,0,1,1,6,1
Brandon Hutton,Northwestern State,2017-18,20.0,16,51,3,10,6,12,8,9,6,10,21,28,14.62,16,53,0,5,19,30,11,5,6,18,15,19
Brandon Jackson,SIU-Edwardsville,2017-18,20.0,30,61,0,1,9,15,3,4,5,17,11,17,14.87,23,41,0,1,9,15,4,0,3,8,20,10
Brandon Johnson,Western Michigan,2017-18,20.0,53,112,6,16,17,24,11,6,9,28,51,19,14.92,50,102,2,10,30,50,11,7,5,34,52,14
Brandon Jones,Montana-Western,2017-18,20.0,2,6,1,2,3,4,0,0,0,1,1,1,14.8,0,2,0,1,2,3,0,1,0,0,0,1
Brandon Joseph,Our Lady of the Lake,2017-18,0.0,0,0,0,0,0,0,1,0,0,0,0,0,20.0,3,5,0,2,3,5,0,0,0,0,1,0
Brandon Kamga,,2017-18,0.77,10,29,1,4,6,11,4,2,0,4,7,6,0.0,16,34,0,2,8,11,3,3,0,6,7,4
Brandon Key,South Dakota State,2017-18,19.92,34,68,6,16,14,24,54,7,0,7,18,21,20.0,28,63,4,16,34,45,41,8,0,2,16,24
Brandon LaForest,Hartwick,2017-18,20.0,3,6,2,4,0,0,2,0,0,0,1,2,14.75,1,4,0,1,0,0,0,0,1,0,0,1
Brandon Leftwich,Mt. St. Mary's,2017-18,20.0,1,1,0,0,1,1,0,0,0,0,0,1,17.98,0,0,0,0,0,0,0,0,0,0,0,0
Brandon Lewis,Wesley,2017-18,20.0,1,2,1,1,0,0,0,0,0,0,0,1,17.73,0,0,0,0,0,0,0,0,0,0,0,0
Brandon Lindsey,William Jessup,2017-18,20.0,1,5,0,1,2,2,0,0,0,0,0,0,17.9,1,2,0,1,0,0,2,0,0,0,0,1
Brandon Martin,College of Coastal Georgia,2017-18,20.0,0,4,0,4,0,0,1,1,0,1,3,1,19.87,3,6,3,6,0,0,0,0,0,1,4,2
Brandon Maxwell,Midway,2017-18,20.0,5,8,0,2,1,1,1,2,3,0,3,0,14.92,1,3,0,0,1,1,1,0,1,0,2,0
Brandon McCombs,Lewis,2017-18,20.0,0,0,0,0,1,2,0,0,0,0,0,2,14.77,0,0,0,0,2,2,0,0,0,0,1,0
Brandon McCoy,UNLV,2017-18,20.0,97,173,1,4,46,66,8,7,29,39,122,38,14.8,94,168,1,3,81,110,8,8,27,58,104,42
Brandon McKissic,UMKC,2017-18,20.0,43,89,11,27,13,14,14,6,2,10,31,14,14.95,32,71,9,19,24,43,24,13,1,5,29,19
Brandon McRoy,Concordia University-St. Paul,2017-18,20.0,2,8,1,4,4,4,5,2,2,3,1,2,16.07,3,5,2,4,5,9,3,1,0,0,2,2
Brandon Miller,Gardner-Webb,2017-18,20.0,13,22,0,0,5,5,1,4,1,5,14,5,14.77,7,12,0,0,2,5,1,1,2,3,4,5
Brandon Mitchell,San José St,2017-18,20.0,12,23,3,5,2,3,6,1,4,2,12,7,17.63,14,23,1,3,5,8,1,4,2,7,4,9
Brandon Moore,Allen,2017-18,20.0,9,12,0,0,4,4,0,2,1,3,3,7,17.9,4,8,0,0,3,4,0,0,0,2,7,3
Brandon Murphy,Indiana State,2017-18,20.0,32,58,0,0,34,46,13,6,8,37,33,21,14.98,43,64,0,0,24,48,10,7,6,34,35,21
Brandon Newman,UL Monroe,2017-18,20.0,8,25,5,11,8,10,15,4,1,3,14,9,20.0,4,15,1,7,8,9,10,8,1,1,17,4
Brandon Rachal,LSU,2017-18,20.0,20,44,1,3,7,11,10,15,4,15,26,7,14.73,22,36,0,1,10,17,3,9,0,11,21,9
Brandon Randolph,Utah Valley,2017-18,20.0,66,170,23,66,19,26,94,18,5,9,70,59,14.83,76,174,19,52,52,73,58,21,2,12,49,32
Brandon Reeves,Mars Hill,2017-18,20.0,1,2,1,2,0,0,1,0,0,0,0,1,14.97,0,1,0,0,2,3,0,0,0,2,1,1
Brandon Retzlaff,St. Mary's (MN),2017-18,0.0,0,0,0,0,0,0,0,0,0,0,0,0,14.75,2,2,2,2,0,0,0,0,0,0,0,1
Brandon Rice,La Verne,2017-18,20.0,3,5,2,3,0,0,0,0,0,1,1,0,14.87,0,1,0,0,0,0,0,0,0,0,1,0
Brandon Robinson,North Carolina,2017-18,20.0,8,21,5,15,1,1,8,2,1,5,11,7,14.83,4,16,1,2,5,9,10,3,4,11,12,4
Brandon Rosser,UC Riverside,2017-18,20.0,32,62,9,21,15,21,14,5,10,11,33,17,19.23,24,56,3,15,19,27,9,3,5,14,37,11
Brandon Saiz,Northern New Mexico,2017-18,0.0,0,0,0,0,0,0,0,0,0,0,0,0,14.98,0,1,0,1,0,0,1,0,0,0,0,0
Brandon Sampson,LSU,2017-18,20.0,32,70,17,38,15,23,11,13,2,10,21,13,14.73,27,57,8,32,13,20,10,6,0,6,22,12
Brandon Sharper,Middle Georgia State,2017-18,20.0,2,5,2,4,0,0,0,2,0,0,0,3,17.52,0,4,0,4,0,0,1,0,0,0,0,1
Brandon Sheppard,William Carey,2017-18,20.0,0,1,0,0,0,2,0,0,2,0,8,3,17.85,3,3,0,0,1,2,0,0,0,2,1,2
Brandon Sly,Adams State,2017-18,20.0,3,7,0,2,0,0,3,0,0,0,3,0,20.0,1,4,1,3,0,0,2,2,0,0,4,1
Brandon Smith,UC Irvine,2017-18,19.92,13,38,1,16,5,6,13,3,3,6,17,14,20.0,11,25,0,6,7,12,9,5,3,1,20,10
Brandon Stacker,Brescia,2017-18,20.0,0,2,0,2,2,2,0,0,0,1,0,0,14.88,1,1,0,0,2,2,0,0,0,0,0,0
Brandon Tabb,Bethune-Cookman,2017-18,20.0,81,210,47,140,45,51,30,29,5,8,31,30,14.83,66,164,33,104,59,63,16,13,5,13,40,27
Brandon Thomas,Hawai'i,2017-18,20.0,9,29,5,19,3,9,3,0,1,4,11,3,20.0,4,15,2,12,3,4,4,2,0,0,3,2
Brandon Thompson,Arcadia University,2017-18,20.0,3,9,3,7,0,0,0,0,0,0,2,0,18.55,2,3,1,1,0,0,0,1,0,0,0,0
Brandon Tillis,Sonoma State,2017-18,20.0,0,5,0,3,0,0,1,0,0,1,1,0,14.9,0,0,0,0,0,0,0,1,0,0,1,2
Brandon Walters,Middle Tennessee,2017-18,20.0,63,101,0,0,21,31,8,6,7,33,38,22,20.0,59,86,1,4,32,44,7,11,18,40,35,12
Brandon Warbrick,Schreiner,2017-18,20.0,0,2,0,2,0,0,0,0,0,0,1,0,14.82,0,3,0,1,0,1,0,0,0,1,1,1
Brandon Watkins,Mars Hill,2017-18,20.0,0,1,0,0,0,0,0,2,0,2,0,1,14.97,0,1,0,0,0,0,0,1,0,1,0,0
Brandon Waugh,Ohio Northern,2017-18,20.0,1,3,1,1,0,0,1,2,0,0,0,1,20.0,1,2,0,1,0,0,0,0,0,0,2,3
Brandone Francis,Texas Tech,2017-18,20.0,28,70,12,33,7,11,11,5,0,7,28,15,15.78,36,78,17,43,3,12,16,10,2,7,23,11
Brandonn Kamga,High Point,2017-18,20.0,38,90,5,15,19,19,19,4,4,3,28,16,14.98,26,66,6,13,24,29,16,11,2,6,13,20
Brandt Landin,,2017-18,0.0,0,0,0,0,0,0,0,0,0,0,0,0,0.0,0,0,0,0,0,0,0,0,0,0,1,0
Branson Bush,,2017-18,0.0,0,0,0,0,0,0,0,0,0,0,0,2,0.0,0,0,0,0,0,0,0,0,0,0,0,0
Branson Garcia,California Merced,2017-18,20.0,0,1,0,0,0,0,0,0,0,0,1,2,14.87,0,1,0,0,0,0,0,0,0,0,0,0
Brantley Bynum,San Francisco State,2017-18,20.0,3,10,0,3,0,0,3,2,0,0,0,1,15.45,2,4,0,1,0,0,0,0,0,0,1,1
Braun Hartfield,Youngstown St,2017-18,20.0,55,129,22,50,20,37,35,24,9,15,42,26,14.98,46,105,14,39,25,43,22,13,11,16,27,23
Braxton Beverly,NC State,2017-18,20.0,49,109,33,71,4,5,59,16,0,10,26,20,16.0,43,118,24,71,29,34,55,9,0,6,23,17
Braxton Bonds,Houston Baptist,2017-18,20.0,56,146,4,22,35,53,79,36,1,27,53,28,14.77,55,128,2,15,27,49,69,18,2,21,49,37
Braxton Bouyer,Northern New Mexico,2017-18,0.0,0,0,0,0,0,0,0,0,0,0,0,1,14.83,1,2,0,1,2,2,1,0,0,0,0,2
Braxton Fasone,Tiffin,2017-18,19.95,0,0,0,0,0,0,1,0,0,0,1,3,16.22,0,0,0,0,0,0,0,0,0,0,0,0
Braxton Gillespie,Dallas Christian,2017-18,20.0,0,2,0,2,0,0,2,1,1,0,1,1,14.6,0,0,0,0,0,0,0,0,0,0,0,0
Braxton Key,Alabama,2017-18,20.0,25,67,6,27,11,22,23,10,7,9,50,29,17.77,36,80,10,31,25,32,20,13,4,21,47,13
Braxton Nappier,Bethel (TN),2017-18,20.0,1,5,1,2,0,0,1,0,0,0,0,3,14.98,0,4,0,1,2,4,2,1,0,0,1,1
Braxton Tucker,Portland State,2017-18,20.0,13,27,0,1,10,13,1,3,0,5,5,4,15.5,10,26,0,3,9,11,2,1,0,7,6,4
Bray Barnes,CSU Bakersfield,2017-18,20.0,0,2,0,0,0,0,0,0,0,0,2,0,20.0,0,0,0,0,0,0,0,0,0,0,0,0
Brayon Blake,Idaho,2017-18,20.0,79,166,20,48,14,21,15,8,6,24,105,24,17.93,89,173,23,47,44,62,14,10,8,31,95,25
Brayvon Young,Mitchell College,2017-18,20.0,1,3,0,1,0,0,2,0,0,0,1,0,14.68,0,2,0,1,1,1,0,0,0,0,3,2
Breamon Richard,Long Beach State,2017-18,20.0,0,4,0,3,6,6,1,2,0,0,1,3,17.83,0,5,0,2,5,6,3,0,0,0,1,0
Breaon Brady,Houston,2017-18,20.0,37,68,0,0,9,14,6,2,8,28,55,26,16.13,22,39,0,0,12,18,1,4,2,19,33,18
Breein Tyree,Ole Miss,2017-18,20.0,52,146,21,69,19,27,54,9,3,6,29,27,18.53,63,145,24,53,32,45,31,12,5,5,26,24
Brekkott Chapman,Weber State,2017-18,20.0,43,107,17,38,13,18,16,14,27,11,79,33,20.0,43,88,18,42,25,33,16,7,17,7,49,24
Brendan Barry,Dartmouth,2017-18,20.0,37,86,22,53,8,9,52,10,0,2,27,16,20.0,44,100,26,57,27,31,43,8,2,5,29,19
Brendan Hauser,City College (NY),2017-18,20.0,1,3,1,3,0,0,0,0,0,0,2,4,14.85,0,0,0,0,0,0,0,0,0,0,0,0
Brendan Miller,Wheelock College,2017-18,20.0,2,5,0,0,0,0,0,0,0,1,0,0,14.75,0,0,0,0,3,4,0,1,0,1,1,1
Brendan Ortiz,Texas A&M-International,2017-18,20.0,1,4,0,2,0,0,1,1,0,0,2,0,17.83,0,0,0,0,0,0,1,0,0,0,1,1
Brendan Rumel,Portland State,2017-18,20.0,6,12,0,0,7,8,0,2,0,8,2,3,14.92,4,7,0,1,3,4,0,2,0,2,3,1
Brenden Morris,Weber State,2017-18,0.0,0,0,0,0,0,0,0,0,0,0,0,0,14.77,0,0,0,0,0,1,0,0,1,0,3,1
Brendon Boomsma,Dakota State,2017-18,20.0,2,4,2,4,0,0,0,0,0,0,1,1,14.78,0,2,0,2,0,0,1,0,0,0,1,0
Brendon Chevannes,Concord College,2017-18,20.0,0,2,0,0,0,1,2,0,0,0,2,4,14.9,1,1,0,0,0,0,0,0,0,0,0,1
Brendon Ganaway,Southern,2017-18,0.0,2,4,1,2,3,3,1,0,0,0,0,2,14.97,0,2,0,1,2,2,3,0,0,1,0,1
Brendon Gooch,Southern Illinois,2017-18,0.0,5,13,5,12,0,1,1,1,3,3,11,2,16.55,1,6,1,5,4,7,3,2,2,3,8,0
Brendon Manning,Wisconsin-La Crosse,2017-18,20.0,2,3,1,1,1,2,0,0,0,0,2,0,19.53,3,4,0,0,0,0,0,3,0,1,0,1
Brendon McCullough,Willamette,2017-18,20.0,1,3,1,2,0,0,2,1,0,1,1,1,14.92,1,5,1,3,0,0,0,0,0,1,0,1
Brendon Myles,Florida A&M,2017-18,20.0,2,20,0,2,3,5,2,5,0,8,15,10,14.73,4,11,0,1,2,2,2,3,2,1,5,12
Brendon Smith,Mercy,2017-18,20.0,2,3,0,0,0,2,0,1,1,2,2,0,14.73,1,3,0,0,0,0,0,0,0,0,1,0
Brennan Corrigan,Seattle,2017-18,20.0,0,2,0,2,0,0,0,0,0,0,0,0,14.83,0,0,0,0,0,0,0,0,0,0,0,0
Brennan Pope,Eastern Oregon,2017-18,20.0,2,6,0,1,0,0,0,1,0,1,1,3,14.78,2,2,0,0,0,0,3,0,0,0,3,1
Brennan Rakoz,William Jessup,2017-18,20.0,0,0,0,0,0,0,1,0,0,1,1,1,17.9,0,0,0,0,0,0,1,0,0,0,0,1
Brennan Rymer,Alaska Anchorage,2017-18,15.0,0,1,0,0,0,0,2,0,0,0,2,1,20.0,0,0,0,0,0,0,0,0,0,0,0,0
Brent Carraway,Presbyterian,2017-18,15.0,0,1,0,0,0,0,0,0,0,0,0,0,20.0,0,0,0,0,0,0,0,0,0,0,0,0
Brent Gaither,Point,2017-18,0.0,0,0,0,0,0,0,0,0,0,0,3,1,16.4,2,4,1,1,0,0,2,1,0,0,3,0
Brent Hibbitts,Michigan,2017-18,0.0,0,0,0,0,0,0,0,0,0,0,0,0,17.92,1,1,0,0,0,0,0,0,0,1,0,0
Brent Holcombe,Loyola (MD),2017-18,20.0,20,54,4,21,7,13,3,4,7,12,39,11,20.0,23,48,9,22,8,12,7,3,9,7,31,14
Brent Latham,Culver-Stockton,2017-18,20.0,1,4,1,4,0,0,1,0,0,0,2,2,14.53,0,1,0,1,0,0,1,0,0,0,0,0
Brent Wrapp,CSU Bakersfield,2017-18,19.98,8,30,4,15,5,8,47,5,2,7,34,21,14.93,4,12,1,3,14,18,36,10,0,10,22,16
Brenton Petty,Fordham,2017-18,0.0,0,0,0,0,0,0,0,0,0,0,2,0,17.33,0,1,0,1,0,0,0,0,0,0,0,0
Brenton Scott,Indiana State,2017-18,20.0,65,169,25,81,23,32,34,23,3,7,78,38,14.98,78,179,32,83,41,56,32,26,3,7,66,28
Brescia,,2017-18,0.0,0,0,0,0,0,0,0,0,0,2,0,0,0.0,0,0,0,0,0,0,0,0,0,0,0,0
Bret Barclay,Wisconsin Parkside,2017-18,20.0,0,2,0,1,0,0,0,0,0,0,2,2,14.83,2,3,0,0,0,0,1,0,0,2,0,0
Brett Benning,Augustana (IL),2017-18,19.97,1,1,1,1,0,0,0,0,0,0,2,3,14.83,1,3,1,1,1,2,0,0,0,0,1,3
Brett Berger,Wayland Baptist University,2017-18,0.0,0,0,0,0,0,0,0,0,0,0,0,0,14.82,1,1,0,0,0,0,0,0,1,1,2,0
Brett Blackstock,Multnomah,2017-18,20.0,2,6,2,6,0,0,2,0,0,0,2,3,14.8,0,2,0,2,2,2,0,1,0,0,1,1
Brett Camp,,2017-18,18.03,0,1,0,1,0,0,0,0,0,0,1,1,0.0,0,0,0,0,0,0,0,0,0,0,2,1
Brett Cannon,East Central,2017-18,20.0,3,6,0,0,2,4,2,1,0,0,10,4,16.12,1,5,0,1,1,4,2,0,0,0,5,4
Brett Jolly,Arkansas-Fort Smith,2017-18,20.0,1,3,0,0,1,2,0,0,0,2,1,3,14.72,2,3,0,0,1,1,0,0,0,3,3,2
Brett Prahl,Milwaukee,2017-18,20.0,56,100,2,11,12,19,24,10,10,28,47,35,19.53,51,81,2,5,23,30,15,6,29,20,46,22
Brett Rau,Missouri,2017-18,0.0,1,3,0,1,1,1,0,1,0,0,0,0,14.85,0,0,0,0,0,0,1,0,0,1,1,1
Brett Reed,Chaminade,2017-18,20.0,4,10,1,3,1,3,1,3,1,4,6,5,14.62,1,4,0,0,0,0,0,1,0,3,2,0
Brett Risley,St. Francis (ILL),2017-18,20.0,0,0,0,0,0,0,1,0,0,0,0,0,14.93,0,1,0,0,0,0,0,1,0,0,0,0
Brett Williams,Panhandle State,2017-18,20.0,0,2,0,0,0,0,2,0,0,0,2,1,14.92,0,0,0,0,1,2,3,0,1,0,0,1
Brevard,,2017-18,0.0,0,0,0,0,0,0,0,0,0,0,2,0,0.0,0,0,0,0,0,0,0,0,0,0,2,0
Brevin Galloway,Charleston,2017-18,0.0,1,2,1,2,0,0,0,0,0,0,4,0,20.0,0,2,0,2,0,0,0,0,0,0,0,0
Brevin Pritzl,Wisconsin,2017-18,20.0,48,119,27,71,19,21,19,17,4,13,51,7,14.57,39,104,22,71,25,30,11,9,3,13,37,8
Brevin Sloup,Concordia College (NE),2017-18,20.0,6,9,2,3,0,0,0,0,0,0,1,1,14.77,0,2,0,2,0,0,0,0,0,1,1,4
Brewster Peacock,Rogers State,2017-18,20.0,0,0,0,0,4,4,0,0,0,0,2,0,18.22,2,4,2,4,0,0,0,0,0,0,2,0
Brewton-Parker,,2017-18,0.0,0,0,0,0,0,0,0,0,0,2,0,0,0.0,0,0,0,0,0,0,0,0,0,0,1,0
Brian Ashbury,East-West University,2017-18,19.97,0,2,0,0,0,0,0,0,0,0,1,0,14.58,0,3,0,0,0,2,0,0,1,2,0,1
Brian Beard Jr,Florida International,2017-18,20.0,0,0,0,0,0,0,77,0,0,0,0,0,12.82,0,0,0,0,0,0,79,0,0,0,0,0
Brian Beard Jr.,Florida International,2017-18,20.0,78,170,22,60,33,48,0,44,0,3,55,41,12.82,72,188,12,66,81,127,0,34,0,1,45,39
Brian Cameron,Wesley,2017-18,20.0,4,8,2,4,0,0,2,0,0,0,2,0,17.73,6,10,2,3,4,5,0,2,0,0,4,0
Brian Carey,Texas Southern,2017-18,20.0,5,15,1,6,4,11,8,6,0,1,8,6,17.97,7,22,1,6,5,5,6,3,0,0,8,10
Brian Coffey II,North Florida,2017-18,20.0,3,7,2,4,0,0,1,0,0,3,2,8,20.0,4,15,0,7,2,2,4,2,0,1,3,2
Brian Dawkins,Elon,2017-18,20.0,66,143,22,70,12,17,17,6,6,14,59,15,14.73,72,134,16,45,17,31,17,4,2,18,57,21
Brian Fabre,Fairleigh Dickinson,2017-18,0.0,0,0,0,0,0,0,0,0,0,0,0,0,14.78,0,1,0,1,0,0,0,1,0,0,0,1
Brian Frazier,NC Wesleyan,2017-18,0.0,0,0,0,0,0,0,0,0,0,0,0,0,14.88,0,1,0,1,0,0,0,0,0,0,0,0
Brian Garrett,CS Monterey Bay,2017-18,20.0,5,9,0,1,0,0,0,0,0,0,0,2,14.97,2,4,0,1,0,0,0,0,0,0,1,2
Brian Harness,Rogers State,2017-18,0.0,0,0,0,0,0,0,0,0,0,0,1,1,18.22,1,2,0,0,0,0,0,0,0,0,0,0
Brian Morton,Emporia State,2017-18,20.0,1,3,1,2,3,4,0,0,0,1,0,1,20.0,6,6,1,1,2,2,0,1,0,0,1,1
Brian Parker,Marist,2017-18,18.28,82,174,14,47,49,70,48,7,1,5,70,65,20.0,80,166,15,40,91,129,43,7,2,22,54,48
Brian Patrick,Kansas State,2017-18,20.0,10,27,6,22,0,0,4,2,0,1,6,2,14.93,4,14,3,13,2,2,5,3,0,4,5,3
Brian Pearson,Alaska Anchorage,2017-18,20.0,1,4,0,0,1,2,0,0,1,2,2,1,17.85,2,4,0,0,0,0,0,0,0,2,1,0
Brian Pete,Gonzaga,2017-18,20.0,1,3,0,1,0,0,0,0,0,0,1,0,18.45,0,0,0,0,0,0,0,0,0,0,0,0
Brian Smith,Portland,2017-18,0.0,0,0,0,0,0,0,0,0,0,0,0,0,14.9,1,2,1,2,0,0,1,0,0,0,0,0
Brian Starr,Towson,2017-18,20.0,40,100,20,51,15,15,37,17,3,2,40,33,20.0,33,82,13,31,43,55,34,14,1,8,25,27
Brian Thatcher,Rowan University,2017-18,20.0,0,1,0,1,0,0,0,0,0,0,1,0,14.95,0,1,0,1,0,0,0,0,0,0,0,0
Brian Thomas,Florida Gulf Coast,2017-18,20.0,10,11,0,0,10,12,1,1,2,6,13,6,20.0,4,11,0,0,3,4,0,1,1,6,10,1
Bridgewater (VA),,2017-18,0.0,0,0,0,0,0,0,0,0,0,4,2,2,0.0,0,0,0,0,0,0,0,0,0,1,1,1
Briheam Anthony,Williams Baptist,2017-18,20.0,1,2,0,1,0,0,1,1,0,0,3,2,14.98,1,3,0,2,0,0,1,2,0,0,1,2
Brion Elliott,Summit,2017-18,0.0,0,0,0,0,0,0,0,0,0,0,0,0,14.9,1,1,0,0,1,2,0,1,0,1,0,0
Brion Sanchious,Brescia,2017-18,20.0,15,31,0,0,4,11,5,9,2,17,30,14,14.88,23,30,0,0,1,5,3,7,7,10,15,8
Brion Whitley,Murray State,2017-18,0.0,0,0,0,0,0,0,0,0,0,0,0,1,14.88,2,5,1,4,2,4,2,1,0,1,1,0
Britton Anderson,Wake Forest,2017-18,20.0,0,0,0,0,2,2,0,0,1,0,1,0,20.0,0,0,0,0,0,0,0,0,0,0,0,0
Brock Bertram,Buffalo,2017-18,20.0,3,7,0,0,1,2,1,1,3,5,3,0,20.0,1,1,0,0,0,0,0,1,1,4,1,1
Brock Johnson,Eastern Oregon,2017-18,0.0,1,1,0,0,0,0,0,1,0,0,0,0,14.78,0,0,0,0,2,2,0,0,0,0,0,1
Brock Miller,Utah State,2017-18,20.0,4,9,3,6,0,0,1,0,0,0,3,1,20.0,8,16,6,12,1,1,0,1,0,2,2,5
Brock Schrom,,2017-18,0.0,0,0,0,0,0,0,0,0,1,0,0,0,0.0,0,0,0,0,0,0,0,0,0,0,0,0
Brock Stull,Milwaukee,2017-18,20.0,71,155,35,83,23,34,27,8,3,8,50,43,19.53,63,180,34,87,29,39,48,11,0,7,68,21
Brocke Stepteau,Hawai'i,2017-18,20.0,38,63,16,29,11,14,28,3,0,4,21,15,20.0,39,76,14,36,39,48,34,7,0,6,17,23
Brode Hopkins,Lincoln Christian,2017-18,20.0,2,9,2,6,3,3,0,0,0,1,5,1,14.63,1,5,1,4,0,0,0,1,0,2,2,1
Broderick Robinson,UMKC,2017-18,20.0,56,149,33,89,13,25,28,21,1,11,64,29,14.95,44,107,22,65,34,43,21,19,3,15,53,15
Brodricks Jones,Wyoming,2017-18,20.0,1,11,0,6,4,4,0,0,0,1,2,1,20.0,1,5,0,1,0,0,3,0,0,2,0,1
Brody Hicks,Liberty,2017-18,20.0,1,1,0,0,0,0,2,0,3,2,1,0,14.9,1,2,0,1,0,0,1,0,0,0,0,0
Brody Sharkey,University of Mary,2017-18,20.0,2,6,1,3,0,0,2,0,0,0,3,2,14.83,0,3,0,0,4,4,1,0,1,0,2,0
Brogan Scott,Lake Erie College,2017-18,19.38,3,3,2,2,0,0,1,0,0,0,0,1,20.0,0,2,0,0,2,2,1,0,0,1,1,0
Bronson Burns,Panhandle State,2017-18,0.0,0,0,0,0,0,0,0,0,0,0,0,1,14.92,1,5,1,4,0,0,0,0,0,0,1,0
Bronson Kessinger,Indiana State,2017-18,20.0,12,41,1,9,9,13,6,4,5,16,11,9,14.98,20,33,2,6,3,9,3,4,2,10,21,3
Brooks Cluxton,Campbell,2017-18,0.0,0,0,0,0,0,0,0,0,1,0,1,2,14.98,1,2,0,0,0,2,0,0,1,2,2,0
Brooks Debisschop,Northern Arizona,2017-18,0.0,24,57,5,15,7,15,15,11,2,24,72,24,14.88,21,54,2,13,19,33,6,11,8,25,64,14
Brooks Murrell,Loyola New Orleans,2017-18,0.0,0,0,0,0,0,0,1,0,1,0,1,0,14.77,0,0,0,0,1,2,0,0,0,0,0,1
Brown,,2017-18,0.0,0,0,0,0,0,0,0,0,0,25,15,3,0.0,0,0,0,0,0,0,0,0,0,23,17,6
Bruce Brown Jr,Miami,2017-18,20.0,0,0,0,0,0,0,18,0,0,0,0,0,14.77,0,0,0,0,0,0,30,0,0,0,0,0
Bruce Brown Jr.,Miami,2017-18,20.0,36,84,9,26,16,24,9,13,5,7,55,24,14.77,38,95,7,31,27,42,14,12,9,17,52,19
Bruce Moore,Bucknell,2017-18,0.0,21,53,10,29,16,22,6,3,8,11,19,12,14.88,23,56,10,33,23,31,5,5,17,16,17,12
Bruce Stevens,Ole Miss,2017-18,20.0,47,101,8,26,22,34,23,9,10,29,55,15,18.53,64,112,3,18,60,74,14,6,6,30,49,18
Bruno Fernando,Maryland,2017-18,20.0,54,103,0,2,25,34,14,2,18,18,70,28,17.95,48,82,0,0,35,46,6,7,15,23,60,23
Bruno Skokna,Loyola Chicago,2017-18,20.0,25,46,13,28,11,13,12,9,1,3,11,11,20.0,9,26,2,16,12,13,4,5,1,2,13,6
Bruno Solomun,Northwood,2017-18,20.0,1,4,0,2,2,2,0,0,0,2,2,1,14.67,1,3,0,0,2,2,1,0,0,2,1,0
Bryan Alberts,Long Beach State,2017-18,20.0,35,109,16,59,7,11,13,9,2,3,13,10,15.45,57,117,39,81,5,7,11,6,2,5,15,9
Bryan Cervantes,Benedictine (AZ),2017-18,20.0,2,4,1,3,2,2,0,0,0,0,1,1,18.28,0,1,0,0,0,0,0,0,0,0,0,1
Bryan Gellineau,Norfolk State,2017-18,20.0,23,42,0,0,5,10,3,3,2,14,12,15,18.88,15,24,0,0,5,9,3,1,5,8,8,11
Bryan Griffin,Mercy,2017-18,20.0,0,0,0,0,2,2,0,0,0,1,0,0,14.73,1,2,0,0,0,0,0,0,0,0,0,1
Bryan Knapp,Cornell,2017-18,0.0,9,22,2,4,2,2,3,3,0,1,2,6,17.9,9,18,3,6,3,4,1,0,0,1,2,3
Bryan Rolfe,Shawnee State,2017-18,20.0,2,4,1,2,2,2,1,1,0,1,1,3,14.82,0,1,0,1,0,0,2,0,0,0,0,1
Bryan Rouse,Methodist,2017-18,20.0,0,7,0,2,0,0,1,2,0,3,0,2,14.78,0,3,0,1,0,0,0,0,0,0,0,0
Bryan Sekunda,Stony Brook,2017-18,20.0,27,78,24,62,5,6,26,4,2,10,19,5,17.95,20,54,13,38,4,5,19,3,3,6,18,6
Bryan Trimble Jr,St. John's,2017-18,20.0,0,0,0,0,0,0,5,0,0,0,0,0,17.92,0,0,0,0,0,0,2,0,0,0,0,0
Bryan Trimble Jr.,St. John's,2017-18,20.0,24,56,20,49,2,3,2,5,1,1,20,3,17.92,9,29,5,22,4,4,4,3,1,2,11,2
Bryant,,2017-18,0.0,0,0,0,0,0,0,0,0,0,28,23,6,0.0,0,0,0,0,0,0,0,0,0,32,17,2
Bryant Crawford,Wake Forest,2017-18,20.0,74,172,21,70,44,51,68,19,2,5,39,59,20.0,74,185,30,75,83,94,74,26,2,6,28,37
Bryant McIntosh,Northwestern,2017-18,20.0,72,173,24,65,9,13,81,9,1,5,25,40,20.0,54,150,15,51,39,43,64,4,2,7,31,33
Bryant Thomas,Charlotte,2017-18,20.0,3,4,0,0,4,7,2,1,5,2,7,4,14.78,2,7,0,0,2,4,0,1,1,3,10,1
Bryce Aiken,Harvard,2017-18,20.0,29,78,7,39,22,30,21,1,0,2,12,17,20.0,25,69,8,28,42,49,20,2,0,0,14,20
Bryce Barnes,Milwaukee,2017-18,20.0,25,84,5,27,14,19,22,13,2,3,28,22,19.53,38,90,14,37,24,33,28,12,0,5,22,18
Bryce Brown,Auburn,2017-18,20.0,75,220,50,153,31,40,28,21,5,9,24,24,14.88,86,184,56,121,43,57,25,7,2,10,19,19
Bryce Canda,Portland State,2017-18,20.0,71,184,30,104,18,24,40,26,4,20,78,24,20.0,84,204,39,109,20,35,37,26,2,23,67,22
Bryce Council,,2017-18,0.0,0,0,0,0,0,0,0,0,0,0,1,0,0.0,0,0,0,0,0,0,0,0,0,0,1,0
Bryce Dulin,Navy,2017-18,20.0,54,139,21,67,21,33,21,10,1,10,27,26,20.0,41,105,15,47,33,51,24,7,4,12,36,22
Bryce Fowler,Sacramento State,2017-18,20.0,31,56,5,13,2,5,17,7,5,8,31,27,20.0,38,71,7,19,13,19,36,11,5,22,37,16
Bryce Hudson,,2017-18,6.88,0,2,0,0,0,0,2,0,0,0,1,0,0.0,0,0,0,0,2,2,0,1,0,0,0,0
Bryce Jackson,North Texas,2017-18,20.0,0,1,0,1,0,0,0,0,0,1,0,1,15.5,0,0,0,0,0,0,0,0,0,0,1,1
Bryce McComb,Lourdes,2017-18,20.0,1,2,1,2,0,0,0,0,0,0,1,1,14.9,2,4,2,3,1,1,0,1,0,0,0,0
Bryce Moore,Western Michigan,2017-18,20.0,34,105,23,72,13,21,23,21,0,4,36,13,14.92,60,126,37,80,32,43,20,17,2,3,36,13
Bryce Moragne,Florida A&M,2017-18,0.0,0,0,0,0,0,0,0,0,0,0,0,0,14.93,1,2,0,0,0,0,0,0,0,0,1,0
Bryce Morgan,Arlington Baptist,2017-18,0.0,3,4,0,0,0,0,2,0,1,0,1,2,14.87,3,8,0,0,2,4,0,0,0,1,1,1
Bryce Nickels,Florida College,2017-18,20.0,0,1,0,0,0,0,1,0,1,0,8,0,14.88,1,3,0,0,0,0,1,0,0,0,3,0
Bryce Nze,Milwaukee,2017-18,20.0,64,128,2,16,17,32,18,19,20,40,89,34,19.53,64,97,5,9,13,31,22,7,22,42,69,29
Bryce Pauler,Le Tourneau,2017-18,0.0,0,0,0,0,0,0,0,0,0,0,0,0,14.85,1,1,0,0,2,4,0,0,0,0,0,1
Bryce Richardson,Hardin-Simmons,2017-18,20.0,0,2,0,2,0,0,0,0,0,0,0,0,18.05,0,0,0,0,0,0,0,0,0,0,0,1
Bryce Simmons,Northern New Mexico,2017-18,20.0,9,19,2,4,1,1,0,4,0,0,0,5,14.98,4,16,3,6,4,4,1,2,0,2,0,6
Bryce Washington,Louisiana,2017-18,20.0,72,143,0,1,30,50,36,22,17,66,134,32,18.53,50,93,0,2,42,65,27,19,11,49,85,31
Bryn Athyn,,2017-18,0.0,0,0,0,0,0,0,0,0,0,2,0,0,0.0,0,0,0,0,0,0,0,0,0,1,0,0
Bryndan Matthews,Concordia University-St. Paul,2017-18,20.0,14,24,3,7,0,0,5,1,0,1,8,1,16.07,7,13,2,5,5,7,5,1,0,2,10,3
Bryon Elledge,Haskell,2017-18,20.0,0,2,0,2,0,0,1,0,0,0,1,3,14.9,0,0,0,0,0,0,0,0,0,0,0,2
Bryon Makel,St. Thomas (TX),2017-18,20.0,7,11,3,6,0,0,2,1,1,0,0,2,20.0,3,7,0,2,1,2,0,1,0,1,2,3
Bryson Harris,Midway,2017-18,20.0,5,16,3,7,1,2,3,3,0,1,4,5,14.68,3,11,1,8,2,2,0,1,0,1,4,2
Bryson Johnson,University of the Ozarks,2017-18,20.0,1,6,0,2,0,0,1,0,0,0,1,4,14.8,2,7,0,4,0,0,1,0,0,0,0,3
Bryson Lockley,Kennesaw State,2017-18,20.0,18,38,0,2,20,28,12,6,8,14,26,16,17.72,11,29,1,2,12,25,12,4,8,20,25,10
Bryson Power,Missouri Science & Technology,2017-18,20.0,0,1,0,0,0,0,0,0,0,0,0,0,14.92,0,3,0,0,0,0,0,0,1,0,1,0
Bryson Robinson,New Orleans,2017-18,20.0,32,85,20,59,10,12,30,11,0,4,18,21,17.92,41,98,24,61,26,33,39,10,0,8,19,21
Bryson Scott,Purdue Fort Wayne,2017-18,20.0,99,227,24,75,57,74,43,30,1,6,61,36,17.45,112,231,21,69,100,116,30,29,4,11,47,38
Bryson Sharpley,Johnson & Wales (CO),2017-18,20.0,4,5,0,0,1,2,0,0,1,0,1,1,14.98,2,4,0,0,0,0,0,0,0,0,0,0
Bryson Williams,Fresno State,2017-18,20.0,80,150,1,5,20,34,17,6,6,33,56,27,14.8,90,139,1,4,32,50,15,8,13,21,67,28
Buay Koka,Tulane,2017-18,20.0,0,2,0,0,1,1,0,0,1,1,2,1,19.23,0,0,0,0,0,0,0,0,0,1,1,1
Bubba Furlong,Sam Houston State,2017-18,0.0,8,18,1,1,1,1,2,0,4,8,3,6,14.87,7,14,1,2,8,11,1,4,4,9,12,7
Bubba Parham,VMI,2017-18,20.0,61,141,25,66,36,44,32,13,0,4,40,44,14.72,62,172,29,85,41,54,37,7,0,8,35,30
Buck Blanz,Millsaps,2017-18,20.0,1,2,1,2,0,0,1,0,0,0,0,1,14.9,1,4,1,3,0,0,0,1,0,0,0,0
Bucknell,,2017-18,0.0,0,0,0,0,0,0,0,0,0,22,21,3,0.0,0,0,0,0,0,0,0,0,0,14,17,2
Bud Jones,Eastern Michigan,2017-18,20.0,5,9,0,0,2,4,1,0,3,6,7,2,19.88,2,3,0,0,1,3,0,0,0,1,5,3
Buffalo,,2017-18,0.0,0,0,0,0,0,0,0,0,0,33,26,1,0.0,0,0,0,0,0,0,0,0,0,25,36,0
Bul Ajang,Tulane,2017-18,20.0,1,13,0,1,4,6,2,1,1,11,7,8,14.9,4,8,0,0,1,2,4,0,1,3,5,4
Burton Sampson,Belmont,2017-18,0.0,4,12,1,7,7,9,5,0,1,5,7,7,20.0,4,13,0,5,10,12,9,1,2,4,10,9
Butler,,2017-18,0.0,0,0,0,0,0,0,0,0,0,38,22,5,0.0,0,0,0,0,0,0,0,0,0,18,29,1
Byron Abrams,,2017-18,0.0,0,0,0,0,0,0,0,0,0,1,0,0,0.0,0,0,0,0,0,0,0,0,0,0,0,0
Byron Cooke,Avila,2017-18,20.0,3,4,0,0,2,2,1,1,1,0,1,2,14.83,2,3,0,0,1,1,5,0,0,0,2,0
Byron Frohnen,,2017-18,2.23,52,102,0,5,18,26,31,14,8,31,87,21,0.0,45,84,0,5,27,40,36,15,6,30,84,18
Byron Harp,William Jewell,2017-18,20.0,2,6,1,4,2,2,3,1,0,0,3,1,20.0,1,4,0,2,6,6,1,0,1,0,2,1
Byron Hawkins,Murray State,2017-18,20.0,33,74,14,41,21,30,13,9,0,8,10,9,14.88,28,65,15,37,15,19,14,9,0,7,9,8
C Levingston Simon,Wilmington,2017-18,20.0,0,0,0,0,1,2,0,1,0,0,1,1,18.05,0,0,0,0,0,0,0,0,0,0,0,0
C.J. Anderson,UMass,2017-18,20.0,56,133,20,42,23,32,1,11,1,15,59,32,20.0,50,122,10,34,39,45,3,6,4,9,62,36
C.J. Baird,,2017-18,0.0,0,0,0,0,0,0,0,0,0,0,0,0,0.0,0,0,0,0,0,0,0,0,1,0,0,0
C.J. Bird,Le Tourneau,2017-18,20.0,0,3,0,1,3,3,0,1,0,1,0,0,17.97,0,1,0,0,0,0,0,0,0,0,1,1
C.J. Burks,Marshall,2017-18,17.38,107,242,35,100,42,48,5,16,2,5,61,43,20.0,137,277,43,120,42,46,6,20,2,13,55,59
C.J. Duff,Western Illinois,2017-18,20.0,33,96,14,47,7,8,0,8,1,1,24,17,14.75,37,88,15,40,10,13,0,9,1,6,19,7
C.J. Foster,Arkansas State,2017-18,20.0,2,8,1,6,5,10,0,0,1,1,5,5,17.75,3,8,2,5,0,0,0,0,0,0,6,6
C.J. Jackson,Ohio State,2017-18,20.0,62,147,34,80,15,20,30,19,4,6,65,39,14.95,70,167,25,78,54,67,29,12,3,10,43,29
C.J. Jones,Arkansas,2017-18,20.0,70,185,31,91,30,48,5,10,4,4,38,35,14.92,48,125,21,62,24,31,0,13,1,2,32,18
C.J. Keyser,Wichita State,2017-18,20.0,6,11,0,3,7,7,2,1,1,1,5,2,14.93,3,12,0,3,6,6,3,2,0,1,3,3
C.J. Reese,Southeastern,2017-18,20.0,1,2,0,1,6,6,0,0,0,0,1,2,17.87,2,4,0,0,0,1,0,0,0,0,0,1
C.J. Rice,Hardin-Simmons,2017-18,20.0,1,1,1,1,0,0,0,2,0,0,1,2,18.05,0,1,0,1,1,2,0,0,0,0,0,0
C.J. Rivers,Drake,2017-18,20.0,44,76,4,12,8,13,3,20,3,12,83,25,20.0,26,52,1,9,21,33,1,18,1,11,74,24
C.J. Seaforth,Iona,2017-18,20.0,12,21,9,16,2,3,0,1,0,2,6,8,20.0,2,9,2,7,1,2,0,1,0,0,1,2
C.J. Wiggins,North Carolina Central,2017-18,20.0,14,40,6,19,7,11,0,10,0,1,8,17,19.03,20,49,7,19,9,15,0,7,0,2,10,7
CJ Anderson,UMass,2017-18,20.0,0,0,0,0,0,0,76,0,0,0,0,0,20.0,0,0,0,0,0,0,76,0,0,0,0,0
CJ Bird,Le Tourneau,2017-18,20.0,0,0,0,0,0,0,1,0,0,0,0,0,14.85,0,0,0,0,0,0,0,0,0,0,0,0
CJ Burks,Marshall,2017-18,0.0,0,0,0,0,0,0,47,0,0,0,0,0,19.65,0,0,0,0,0,0,41,0,0,0,0,0
CJ Davis,Mesa College,2017-18,20.0,1,5,1,3,0,0,0,0,0,0,1,3,14.95,0,3,0,2,2,2,1,0,0,0,0,1
CJ Duff,Western Illinois,2017-18,0.0,0,0,0,0,0,0,12,0,0,0,0,0,14.75,0,0,0,0,0,0,10,0,0,0,0,0
CJ Foster,Arkansas State,2017-18,20.0,0,0,0,0,0,0,3,0,0,0,0,0,17.75,0,0,0,0,0,0,3,0,0,0,0,0
CJ Jackson,Ohio State,2017-18,20.0,0,0,0,0,0,0,34,0,0,0,0,0,14.95,0,0,0,0,0,0,32,0,0,0,0,0
CJ Jimmy,,2017-18,0.0,0,0,0,0,0,0,0,0,0,0,0,2,0.0,0,0,0,0,0,0,0,0,0,0,0,0
CJ Jones,Arkansas,2017-18,20.0,0,0,0,0,0,0,19,0,0,0,0,0,14.92,0,0,0,0,0,0,26,0,0,0,0,0
CJ Keyser,Wichita State,2017-18,20.0,0,0,0,0,0,0,2,0,0,0,0,0,14.93,0,0,0,0,0,0,3,0,0,0,0,0
CJ Massinburg,Buffalo,2017-18,20.0,95,194,42,102,36,51,36,23,7,39,85,27,20.0,85,190,40,97,80,104,45,16,7,32,83,29
CJ McGill,,2017-18,0.0,0,0,0,0,0,0,0,0,0,0,1,0,0.0,0,0,0,0,0,0,0,0,0,0,0,0
CJ Reese,Southeastern,2017-18,20.0,0,0,0,0,0,0,2,0,0,0,0,0,17.87,0,0,0,0,0,0,3,0,0,0,0,0
CJ Rivers,Drake,2017-18,0.0,0,0,0,0,0,0,51,0,0,0,0,0,20.0,0,0,0,0,0,0,49,0,0,0,0,0
CJ Seaforth,Iona,2017-18,0.0,0,0,0,0,0,0,10,0,0,0,0,0,19.62,0,0,0,0,0,0,1,0,0,0,0,0
CJ Siples,Air Force,2017-18,20.0,17,43,4,20,5,9,15,14,2,4,13,14,20.0,15,34,2,15,4,7,19,8,1,3,13,11
CJ Walker,Florida State,2017-18,20.0,45,120,21,60,13,23,37,23,1,4,29,28,17.65,42,97,13,42,33,42,39,11,4,4,46,38
CJ Wiggins,North Carolina Central,2017-18,0.0,0,0,0,0,0,0,24,0,0,0,0,0,19.03,0,0,0,0,0,0,25,0,0,0,0,0
CS Los Angeles,,2017-18,0.0,0,0,0,0,0,0,0,0,0,1,1,0,0.0,0,0,0,0,0,0,0,0,0,0,0,0
CS Monterey Bay,,2017-18,0.0,0,0,0,0,0,0,0,0,0,1,0,0,0.0,0,0,0,0,0,0,0,0,0,0,0,0
CSU Bakersfield,,2017-18,0.0,0,0,0,0,0,0,0,0,0,14,17,8,0.0,0,0,0,0,0,0,0,0,0,17,16,3
CSU Fullerton,,2017-18,0.0,0,0,0,0,0,0,0,0,0,19,20,2,0.0,0,0,0,0,0,0,0,0,0,29,21,6
CSU Northridge,,2017-18,0.0,0,0,0,0,0,0,0,0,0,20,21,2,0.0,0,0,0,0,0,0,0,0,0,17,16,3
Cade Crosland,Tennessee Tech,2017-18,20.0,12,28,9,24,0,1,10,3,0,2,11,6,14.68,6,15,4,12,1,4,8,3,0,7,3,3
Cade Fawcett,Eureka College,2017-18,0.0,0,0,0,0,0,0,0,0,0,0,0,0,14.73,0,1,0,1,0,0,0,0,0,0,0,0
Cade Hinkle,,2017-18,5.95,0,2,0,2,0,0,0,0,0,1,0,0,0.0,4,5,0,1,0,0,0,0,0,1,0,1
Caden Smith,St. Martin's,2017-18,20.0,1,1,1,1,0,0,1,0,0,0,2,1,18.95,0,0,0,0,0,0,0,0,0,0,0,0
Caeden Williams,San Diego Christian,2017-18,20.0,0,0,0,0,1,2,0,0,0,1,0,1,14.82,2,5,0,0,1,1,1,1,0,0,0,2
Cainan McClelland,Texas Southern,2017-18,0.0,7,19,6,13,1,1,5,1,0,1,8,3,14.97,5,20,4,14,4,9,4,1,0,0,7,3
Cairn University,,2017-18,0.0,0,0,0,0,0,0,0,0,0,1,1,0,0.0,0,0,0,0,0,0,0,0,0,2,0,0
Cal Cistaro,Concord College,2017-18,20.0,1,2,0,0,0,0,1,1,1,0,1,2,14.9,0,0,0,0,0,0,0,0,0,0,0,0
Cal Poly,,2017-18,0.0,0,0,0,0,0,0,0,0,0,11,16,5,0.0,0,0,0,0,0,0,0,0,0,22,18,4
Cal Reichwein,,2017-18,0.0,0,0,0,0,0,0,0,0,0,0,0,0,0.0,0,0,0,0,0,0,0,0,0,0,1,0
Caleb Bennett,Lehigh,2017-18,15.0,25,61,6,16,11,13,12,5,0,7,22,21,20.0,28,57,6,15,20,27,11,4,4,4,29,17
Caleb Bowser,Georgian Court,2017-18,20.0,1,4,1,3,0,0,1,1,0,0,1,3,19.75,0,3,0,1,2,2,0,1,0,0,3,2
Caleb Coleman,Johnson & Wales (NC),2017-18,20.0,1,1,0,0,2,2,2,0,0,1,3,7,14.98,1,6,0,2,1,4,1,1,0,3,2,1
Caleb Daniels,Tulane,2017-18,20.0,26,53,13,24,11,14,20,6,5,6,26,22,14.9,28,75,6,23,37,44,21,1,5,11,19,10
Caleb Green,Holy Cross,2017-18,20.0,54,122,20,51,11,17,43,11,0,6,37,36,20.0,43,119,13,54,17,22,40,14,0,7,24,21
Caleb Hodnett,Tusculum,2017-18,20.0,0,2,0,2,0,0,1,0,0,0,2,0,15.4,1,3,0,1,0,0,2,0,0,1,2,1
Caleb Hollander,Belmont,2017-18,20.0,3,11,1,7,0,0,1,1,0,3,3,0,20.0,2,4,2,4,0,0,0,0,0,0,2,0
Caleb Homesley,Liberty,2017-18,0.0,39,89,11,43,12,18,33,15,5,5,54,22,14.9,45,81,14,32,18,22,25,11,6,9,68,23
Caleb Howard,Trinity Baptist,2017-18,20.0,3,6,2,4,0,0,0,0,0,0,4,2,14.6,0,1,0,1,2,2,0,0,1,0,0,4
Caleb Jonkman,Trinity (IL),2017-18,20.0,0,6,0,5,0,0,2,1,0,1,1,0,14.87,2,5,2,5,2,2,1,0,0,0,0,2
Caleb Lister,Texas Lutheran,2017-18,20.0,0,0,0,0,0,0,1,0,0,0,0,0,14.75,0,0,0,0,0,0,0,0,0,0,0,0
Caleb Loggins,Le Tourneau,2017-18,20.0,0,8,0,1,6,11,1,3,0,1,5,1,17.97,2,4,0,0,2,2,0,2,1,1,3,2
Caleb Martin,Nevada,2017-18,20.0,99,227,47,120,53,64,33,21,9,12,71,32,17.93,104,227,44,111,67,95,51,17,9,20,78,25
Caleb McCrary,,2017-18,0.0,0,0,0,0,0,0,0,0,0,0,1,0,0.0,0,0,0,0,0,0,0,0,0,0,0,0
Caleb Morris,Air Force,2017-18,20.0,12,27,6,17,10,12,9,0,1,1,16,6,20.0,18,41,6,21,6,10,7,2,1,3,17,6
Caleb Roberts,Willamette,2017-18,20.0,0,2,0,2,0,0,1,0,0,0,1,1,14.92,0,0,0,0,0,0,0,0,0,0,0,0
Caleb Sedore,Lehigh,2017-18,20.0,2,4,0,0,1,4,0,0,0,1,4,1,19.08,1,1,0,0,0,0,0,0,0,0,1,1
Caleb Sergent,Toccoa Falls,2017-18,20.0,2,15,1,7,0,0,2,0,0,0,3,6,14.87,2,8,0,2,0,0,0,1,1,0,3,4
Caleb Shackleford,Erskine,2017-18,20.0,1,2,0,0,0,0,0,0,0,1,2,0,14.95,0,0,0,0,0,0,0,0,0,0,0,0
Caleb Simmons,San José St,2017-18,20.0,1,16,1,11,2,4,7,3,0,4,14,7,14.95,5,10,2,7,6,6,8,1,0,1,8,7
Caleb Spoon,Hardin-Simmons,2017-18,20.0,0,1,0,1,0,0,0,1,0,0,3,0,18.05,1,4,0,2,2,2,0,1,0,0,2,2
Caleb Starks,Northwestern State,2017-18,0.0,9,33,0,10,4,5,5,4,0,10,11,14,14.62,5,17,2,4,1,4,3,1,0,3,3,7
Caleb Stewart,Binghamton,2017-18,20.0,15,42,11,28,4,9,5,1,5,4,22,10,17.58,6,15,2,7,2,4,3,4,8,1,5,6
Caleb Tanner,Radford,2017-18,20.0,34,80,30,70,11,11,9,4,0,0,7,6,19.55,21,56,19,48,16,17,2,2,0,1,5,4
Caleb Wood,Pennsylvania,2017-18,20.0,53,114,30,79,12,15,16,3,1,7,32,13,20.0,50,108,27,73,27,34,14,7,2,4,20,9
California,,2017-18,0.0,0,0,0,0,0,0,0,0,0,32,15,8,0.0,0,0,0,0,0,0,0,0,0,27,14,7
California Lutheran,,2017-18,0.0,0,0,0,0,0,0,0,0,0,3,1,0,0.0,0,0,0,0,0,0,0,0,0,0,0,0
Calique Jones,Bethany WV,2017-18,20.0,6,11,3,5,0,0,1,2,0,0,2,3,14.92,1,5,0,1,1,1,2,0,0,1,1,0
Callum Barker,Bradley,2017-18,20.0,3,4,0,0,2,2,0,1,1,1,4,4,20.0,2,5,0,0,0,1,0,0,0,1,0,0
Callum Kimberley,Idaho State,2017-18,20.0,0,1,0,0,0,0,0,1,0,1,0,2,20.0,0,0,0,0,0,0,0,0,0,0,0,0
Calvin Anderson,UL Monroe,2017-18,20.0,2,6,1,4,0,0,1,0,0,0,3,1,20.0,0,5,0,4,3,4,1,0,0,1,4,2
Calvin Crawford,Manhattan,2017-18,19.92,49,123,19,51,12,17,24,11,12,18,44,33,20.0,38,90,12,30,21,24,17,11,5,18,53,27
Calvin Hermanson,Saint Mary's,2017-18,20.0,69,145,37,83,17,21,24,14,4,15,43,20,15.78,43,88,24,55,26,33,13,10,4,6,32,10
Calvin Martin,Sacramento State,2017-18,20.0,11,21,0,0,9,14,0,3,1,16,17,8,20.0,10,21,0,0,8,14,0,5,3,8,22,6
Calvin Seward,Hartwick,2017-18,20.0,1,1,0,0,0,0,0,0,0,0,0,0,14.75,0,0,0,0,0,0,0,0,0,0,0,0
Cam Christon,Boise State,2017-18,0.0,0,2,0,2,0,0,3,0,0,1,4,2,14.78,2,6,2,5,1,2,2,0,0,2,2,3
Cam Davis,Navy,2017-18,20.0,24,50,13,29,8,9,6,3,1,0,12,7,20.0,31,63,12,31,11,14,15,4,0,3,15,12
Cam Gregory,Loyola (MD),2017-18,20.0,65,118,0,0,30,45,9,4,12,40,79,29,20.0,52,87,0,0,38,58,7,11,6,48,66,18
Cam Kickbush,Wartburg,2017-18,20.0,2,6,2,4,0,0,1,2,0,2,1,1,17.48,0,2,0,2,0,0,0,0,0,0,0,2
Cam Martin,Jacksonville State,2017-18,20.0,13,30,3,6,7,16,6,2,1,7,22,11,14.68,10,18,4,10,9,14,8,0,1,4,15,10
Cam Ward,Vermont,2017-18,20.0,26,52,14,29,15,24,25,6,0,0,17,13,20.0,18,44,10,25,14,21,13,4,0,3,18,13
Camden Ferguson,William Peace,2017-18,20.0,2,8,2,8,0,0,1,0,0,0,0,0,14.87,1,4,1,3,0,0,2,0,0,0,1,0
Cameron Allen,Loyola Marymount,2017-18,20.0,19,72,8,26,0,3,23,3,3,3,27,15,19.42,27,60,5,16,27,37,29,9,1,4,7,25
Cameron Bacote,Maryland-Eastern Shore,2017-18,20.0,27,75,10,40,3,3,14,5,0,5,12,20,14.77,11,38,8,28,4,4,13,1,0,1,8,10
Cameron Benford,Purdue Fort Wayne,2017-18,20.0,4,12,0,0,2,5,1,1,1,6,15,4,17.45,2,5,0,0,0,0,3,2,1,6,7,4
Cameron Bowles,Chicago State,2017-18,20.0,21,51,1,10,11,12,6,8,11,11,27,15,14.93,21,49,1,4,16,22,9,3,13,10,22,16
Cameron Campbell,Lincoln PA,2017-18,20.0,1,3,0,1,0,0,0,0,1,0,0,1,19.8,3,5,1,3,0,0,1,2,1,0,3,1
Cameron Carmical,Eastern Kentucky,2017-18,20.0,0,1,0,1,0,0,0,0,0,0,3,2,14.67,0,2,0,2,0,0,1,0,0,0,1,1
Cameron Carvelli,Millsaps,2017-18,20.0,0,0,0,0,0,0,1,0,0,0,0,0,14.9,0,0,0,0,0,0,1,0,0,0,2,0
Cameron Chandler,Trinity Baptist,2017-18,0.0,0,0,0,0,0,0,0,0,0,0,0,0,14.83,0,2,0,1,0,0,0,0,0,0,0,0
Cameron Corcoran,Little Rock,2017-18,20.0,28,70,23,52,6,7,13,6,0,1,7,15,20.0,32,72,20,50,15,22,13,2,1,0,9,11
Cameron DeHart,Texas Lutheran,2017-18,20.0,1,1,0,0,1,1,0,1,0,0,0,1,14.75,1,1,0,0,1,2,0,0,0,0,0,0
Cameron Delaney,Sam Houston State,2017-18,20.0,21,72,11,43,13,16,16,11,2,10,37,13,14.87,24,68,13,45,19,23,15,9,4,6,44,12
Cameron Epps,Mayville State,2017-18,20.0,4,11,3,7,0,0,2,0,0,0,3,0,14.92,1,7,0,3,0,0,0,0,0,1,1,0
Cameron Frank,Texas-Tyler,2017-18,20.0,4,6,1,2,0,1,1,0,0,0,3,3,14.87,5,7,2,2,1,1,1,0,0,0,3,3
Cameron Gaines,Paine,2017-18,20.0,0,0,0,0,0,0,1,0,0,0,1,3,16.32,2,2,0,0,0,0,0,0,0,2,0,1
Cameron Hines,East Central,2017-18,20.0,0,1,0,1,0,0,1,0,0,0,0,0,16.12,0,1,0,1,0,0,1,0,0,0,1,0
Cameron Howell,Hawaii Hilo,2017-18,20.0,1,1,1,1,0,0,1,0,0,0,1,0,15.85,1,1,1,1,3,3,0,0,0,0,0,0
Cameron Hunter,North Dakota State,2017-18,20.0,45,102,17,50,29,34,35,13,0,1,34,35,17.87,36,76,20,36,38,55,27,11,0,1,42,24
Cameron Jackson,Wofford,2017-18,20.0,76,122,0,0,13,25,18,35,24,25,63,21,16.48,64,104,0,3,25,41,23,15,16,27,47,22
Cameron Jensen,Portland Bible,2017-18,20.0,3,8,2,6,0,0,0,0,0,0,1,0,14.83,2,6,0,2,0,0,1,0,0,1,3,3
Cameron Johnson,Charleston,2017-18,16.22,107,241,46,123,36,45,49,22,10,25,78,37,20.0,98,225,40,115,45,67,63,21,7,39,75,27
Cameron Jones,Saint Peter's,2017-18,20.0,23,56,12,35,1,2,17,12,4,7,19,19,17.98,25,69,16,43,7,12,10,7,0,5,22,8
Cameron Korb,MIT,2017-18,20.0,1,2,0,1,0,0,1,0,0,0,1,1,20.0,0,0,0,0,0,0,0,0,0,0,0,0
Cameron Krutwig,Loyola Chicago,2017-18,20.0,84,145,0,0,36,51,34,12,12,35,81,31,20.0,70,113,0,0,47,62,27,9,13,36,72,22
Cameron Lard,Iowa State,2017-18,20.0,66,114,0,0,23,37,7,5,41,41,71,30,19.58,83,136,0,0,20,36,9,7,22,51,58,21
Cameron Lazare,Northwestern State,2017-18,20.0,1,4,0,1,0,2,2,5,0,2,4,2,20.0,0,3,0,3,0,0,2,4,1,1,4,2
Cameron Lewis,Howard,2017-18,20.0,11,31,0,1,8,14,11,4,6,10,22,18,20.0,16,29,1,1,13,17,9,7,3,22,22,9
Cameron Martin,NC Wesleyan,2017-18,0.0,2,6,2,5,0,0,2,0,0,0,2,4,14.68,0,2,0,2,0,0,1,0,0,0,0,2
Cameron McCurry,Western State Colorado University,2017-18,20.0,3,3,0,0,2,2,1,1,0,0,1,0,18.78,0,0,0,0,0,0,0,0,0,1,2,2
Cameron McGriff,Oklahoma State,2017-18,0.0,40,90,8,25,47,50,17,10,10,38,58,25,14.92,48,81,11,23,34,44,11,14,8,33,44,17
Cameron Morse,Youngstown St,2017-18,20.0,66,160,32,75,18,25,47,11,4,3,27,25,14.98,59,167,26,87,32,41,35,11,1,4,18,24
Cameron Neubauer,San Diego,2017-18,20.0,35,90,26,71,19,26,30,11,2,13,33,27,17.92,30,79,16,53,22,30,22,7,6,12,51,24
Cameron Posey,Arkansas-Pine Bluff,2017-18,20.0,11,29,3,13,7,9,8,2,0,3,9,14,14.55,6,22,4,12,6,7,6,5,1,6,9,13
Cameron Reynolds,Tulane,2017-18,20.0,76,210,24,88,22,32,27,10,8,12,89,29,20.0,87,198,33,80,39,54,39,14,8,22,68,18
Cameron Satterwhite,Loyola Chicago,2017-18,0.0,11,29,2,13,4,7,18,1,3,1,23,19,20.0,6,16,2,3,12,17,10,1,0,3,21,12
Cameron Sembly,Rust,2017-18,20.0,4,9,1,2,6,6,3,1,0,0,3,7,14.97,3,8,0,1,0,2,1,1,0,0,2,1
Cameron Smith,James Madison,2017-18,20.0,4,10,0,0,3,5,4,5,1,4,5,5,17.8,4,9,1,4,1,3,3,2,0,0,6,2
Cameron Tutt,Mobile,2017-18,20.0,1,5,0,0,0,0,3,0,1,0,1,4,17.9,3,7,0,0,2,2,1,0,0,1,4,0
Cameron Young,Quinnipiac,2017-18,20.0,72,186,25,88,62,78,38,14,6,25,79,38,20.0,92,205,27,94,98,132,44,23,4,33,60,41
Campbell,,2017-18,0.0,0,0,0,0,0,0,0,0,0,12,22,2,0.0,0,0,0,0,0,0,0,0,0,13,18,7
Campbell Donovan,,2017-18,0.0,0,0,0,0,0,0,0,0,0,0,0,0,0.0,0,0,0,0,0,0,0,0,1,0,0,0
Campbell Millar,Culver-Stockton,2017-18,20.0,2,6,1,2,0,0,3,0,1,0,3,4,14.53,2,3,1,2,2,2,2,0,0,0,0,4
Camron Reedus,Little Rock,2017-18,20.0,21,57,16,42,12,13,7,7,1,2,15,11,20.0,20,46,11,30,11,15,6,7,0,3,15,16
Camron Talley,East Central,2017-18,20.0,5,10,2,4,2,2,1,1,1,0,3,2,16.12,0,4,0,2,2,2,0,0,0,0,1,3
Candido Sa,Rutgers,2017-18,20.0,11,32,1,2,6,12,1,6,6,16,31,9,14.85,11,21,0,0,2,7,1,3,7,19,28,11
Cane Broome,Cincinnati,2017-18,20.0,45,99,14,42,24,37,48,15,0,5,17,32,14.97,45,94,17,36,18,24,42,14,2,10,16,18
Canisius,,2017-18,0.0,0,0,0,0,0,0,0,0,0,26,24,8,0.0,0,0,0,0,0,0,0,0,0,31,23,10
Cannon Campbell,Rochester College,2017-18,20.0,2,3,0,0,2,2,1,0,0,2,1,0,17.67,1,1,1,1,0,0,1,0,0,0,1,0
Cannon Lamb,Brevard College,2017-18,20.0,1,1,0,0,0,0,0,1,0,1,0,1,16.65,1,1,1,1,0,0,0,0,0,0,0,0
Cap Wilson,Rochester College,2017-18,20.0,2,3,0,1,0,0,0,2,0,0,3,1,17.67,4,7,2,4,0,0,0,0,0,0,1,0
Carl Brown,CSU Northridge,2017-18,20.0,10,25,5,12,6,7,2,0,0,3,8,3,16.72,7,18,3,9,2,3,2,2,0,1,4,3
Carl Garcia,Miles,2017-18,20.0,3,7,0,2,2,2,1,0,0,0,0,4,14.85,2,6,0,2,0,0,3,0,0,1,0,1
Carl Garner,Lakeland,2017-18,0.0,0,0,0,0,0,0,0,0,0,0,1,0,14.97,1,2,0,0,0,0,0,0,0,0,0,0
Carl Moore,East-West University,2017-18,19.97,5,9,0,2,2,2,0,1,1,1,2,1,14.58,0,1,0,0,0,0,0,1,0,1,0,0
Carl Pierre,UMass,2017-18,20.0,75,158,51,98,8,10,18,12,4,2,27,11,20.0,54,128,33,77,23,27,16,5,5,6,29,16
Carlik Jones,Radford,2017-18,20.0,51,147,14,51,19,27,55,26,4,13,51,29,19.55,70,160,16,53,61,79,44,9,4,6,56,23
Carliss Bussey Jr,Antelope Valley,2017-18,20.0,0,2,0,1,0,0,0,0,0,1,0,0,14.95,0,1,0,1,1,2,0,0,0,0,1,1
Carlos Campos,Lakeland,2017-18,20.0,1,7,0,4,0,0,0,0,0,0,2,0,14.97,1,5,1,2,0,0,0,1,0,0,1,0
Carlos Garcia,NW Nazarene,2017-18,0.0,0,0,0,0,0,0,0,0,0,0,0,0,17.77,0,1,0,0,0,0,0,0,0,0,0,0
Carlos Heath,St. Andrews,2017-18,20.0,0,1,0,1,0,0,0,0,0,0,0,0,15.82,0,0,0,0,0,0,0,0,0,0,0,2
Carlos Hines,Northern Arizona,2017-18,20.0,6,29,2,16,2,2,2,2,3,3,9,12,18.72,11,24,7,15,6,8,7,0,1,0,5,9
Carlos Johnson,Washington,2017-18,20.0,10,18,1,2,6,7,1,0,0,2,8,4,20.0,11,20,0,3,6,13,1,2,0,4,8,6
Carlos Wilkerson,Concordia College (AL),2017-18,20.0,1,1,1,1,0,0,0,1,0,0,0,1,14.92,0,2,0,2,0,0,0,1,0,0,0,1
Carlton Hurst,South Dakota,2017-18,20.0,27,45,2,6,20,28,12,7,4,15,35,11,14.92,20,29,0,2,17,27,6,10,2,15,21,10
Carmoni Marks,Greensboro,2017-18,0.0,0,0,0,0,0,0,0,0,0,0,1,0,14.87,1,2,1,1,0,0,0,0,0,0,1,0
Carrington Young,Ferrum,2017-18,20.0,0,2,0,0,0,0,0,0,0,0,1,1,14.75,0,0,0,0,0,0,0,0,0,0,0,2
Carrod Watson,North Georgia,2017-18,20.0,1,3,0,2,0,0,0,0,0,1,3,0,14.7,0,2,0,2,0,0,0,1,1,0,1,0
Carry Saturne,Kean,2017-18,20.0,2,4,0,0,0,0,0,1,0,0,1,2,14.78,2,3,0,0,0,1,1,1,0,1,1,2
Carsen Edwards,Purdue,2017-18,20.0,123,264,53,131,42,51,57,20,5,5,67,29,14.87,100,215,44,99,79,96,43,18,2,7,57,30
Carson Dummer,Montana Tech,2017-18,20.0,2,5,1,1,0,0,2,0,0,0,1,0,14.7,0,1,0,0,2,2,0,0,0,0,1,1
Carson Jacobs,Oneonta State,2017-18,20.0,1,4,1,1,0,0,0,0,1,0,1,1,15.07,4,5,0,0,1,2,0,0,0,2,0,0
Carson Shanks,,2017-18,0.0,0,0,0,0,0,0,0,0,0,0,0,0,10.9,2,3,0,0,2,2,0,0,0,0,0,0
Carson Smith,South Carolina Upstate,2017-18,20.0,21,42,5,16,3,3,17,8,1,9,20,10,17.93,21,41,4,13,1,4,8,1,0,11,17,4
Carson Warren-Newsome,Milwaukee,2017-18,20.0,19,59,7,31,15,18,8,9,2,3,20,7,19.53,30,68,14,37,15,21,9,8,0,7,17,11
Carson Williams,Northern Kentucky,2017-18,20.0,58,108,4,11,28,47,17,17,6,31,55,25,15.7,76,120,3,8,45,64,15,11,7,25,57,17
Carter Aby,Benedictine (AZ),2017-18,20.0,3,3,2,2,0,0,1,1,0,0,1,2,18.28,2,6,0,3,0,1,3,0,2,1,5,1
Carter Collins,Davidson,2017-18,20.0,1,11,0,8,0,0,4,1,0,2,4,7,14.98,6,12,2,7,2,4,2,0,0,1,4,0
Carter Drazga,Siena Heights,2017-18,20.0,0,0,0,0,0,0,1,0,0,0,0,1,14.92,0,3,0,1,3,4,2,0,0,1,0,1
Carter Skaggs,Washington State,2017-18,15.0,35,96,28,84,3,4,7,1,0,7,33,10,19.98,47,91,38,71,10,11,9,3,0,6,27,17
Cartier Diarra,Kansas State,2017-18,20.0,41,95,16,43,19,24,40,15,1,13,34,27,14.72,44,88,15,35,23,35,29,13,2,9,34,35
Carver Bible College,,2017-18,0.0,0,0,0,0,0,0,0,0,0,1,1,2,0.0,0,0,0,0,0,0,0,0,0,2,2,0
Casdon Jardine,Boise State,2017-18,0.0,2,7,0,2,2,2,0,0,0,6,2,1,14.78,3,6,0,3,2,2,1,0,0,1,1,0
Casey Benson,Grand Canyon,2017-18,20.0,52,134,23,62,38,54,76,15,3,15,63,32,14.73,41,109,15,47,41,51,63,8,1,11,44,27
Casey Schlatter,Drake,2017-18,20.0,32,68,5,8,3,6,19,6,5,17,35,19,20.0,22,43,0,2,16,23,14,3,5,16,37,9
Casey Thornton,Willamette,2017-18,20.0,1,1,0,0,2,2,0,0,0,0,2,3,14.92,0,2,0,1,0,0,1,0,0,0,0,0
Cash Krueger,Ecclesia College,2017-18,20.0,3,12,0,6,0,0,0,0,1,1,2,2,14.87,2,5,1,1,5,5,1,1,0,1,2,1
Cassius Winston,Michigan State,2017-18,20.0,64,131,31,73,25,28,124,10,0,3,51,47,14.63,68,135,38,69,38,43,105,11,2,4,49,37
Catholic University Dc,,2017-18,0.0,0,0,0,0,0,0,0,0,0,0,1,1,0.0,0,0,0,0,0,0,0,0,0,2,1,0
Cavit Havsa,Fordham,2017-18,20.0,24,50,6,18,8,11,39,11,2,8,21,21,20.0,13,33,3,16,7,10,40,10,0,2,21,14
Cayden Edmonson,Bethel (TN),2017-18,20.0,0,1,0,0,0,1,0,0,0,0,2,2,14.98,0,1,0,0,0,0,0,0,0,1,0,1
Caylab Herrera,Le Tourneau,2017-18,20.0,3,7,3,6,1,2,0,0,1,1,3,1,17.97,0,0,0,0,1,2,0,0,0,0,1,1
Ce'Darius Williams,Ferrum,2017-18,20.0,1,2,1,2,0,0,0,0,0,0,0,0,14.75,0,0,0,0,0,0,0,0,0,0,0,0
Ceasar DeJesus,UCF,2017-18,20.0,41,116,6,24,26,36,22,15,0,6,28,35,20.0,49,102,9,18,36,47,28,9,0,7,30,21
Cecil Williams,Central Michigan,2017-18,20.0,38,91,5,20,32,34,17,7,8,13,43,33,20.0,39,85,5,13,50,66,20,8,6,19,42,27
Cedric Carson,Texas College,2017-18,20.0,0,4,0,1,0,0,0,1,0,0,3,1,17.62,1,2,0,1,0,0,0,0,0,0,0,0
Cedric Council Jr,Coppin State,2017-18,20.0,0,0,0,0,0,0,4,0,0,0,0,0,17.88,0,0,0,0,0,0,7,0,0,0,0,0
Cedric Council Jr.,Coppin State,2017-18,20.0,17,51,5,17,1,4,0,8,12,5,22,10,17.87,19,49,6,26,10,14,0,7,11,14,20,4
Cedric Hankerson,Boston University,2017-18,20.0,46,108,21,56,16,30,16,15,4,5,27,18,20.0,49,113,21,63,29,42,17,13,1,14,26,15
Cedric Harris,Centenary,2017-18,20.0,9,18,5,10,2,3,1,1,0,1,2,0,14.88,6,14,1,4,0,0,0,2,0,0,4,1
Cedric Russell,Louisiana,2017-18,20.0,34,70,28,54,2,3,8,8,0,3,10,9,18.53,18,54,16,45,2,4,10,4,0,3,14,7
Cedric Wright,Morehead State,2017-18,0.0,0,1,0,0,0,2,0,0,0,1,1,1,14.97,3,5,0,0,1,1,0,1,0,1,1,1
Cedrick Alley Jr,Houston,2017-18,0.0,0,2,0,2,0,0,0,0,0,0,0,0,16.13,0,0,0,0,0,0,1,0,0,0,0,0
Cedrick Alley Jr.,,2017-18,0.0,0,0,0,0,0,0,0,0,0,0,0,0,0.0,0,0,0,0,0,0,0,0,0,0,1,0
Celio Araujo,Maine,2017-18,0.0,3,9,1,4,2,2,15,5,0,0,9,9,14.7,3,8,0,4,2,4,19,4,0,3,5,9
Centenary,,2017-18,0.0,0,0,0,0,0,0,0,0,0,2,1,0,0.0,0,0,0,0,0,0,0,0,0,1,3,0
Centenary (NJ),,2017-18,0.0,0,0,0,0,0,0,0,0,0,0,1,0,0.0,0,0,0,0,0,0,0,0,0,0,0,0
Central Arkansas,,2017-18,0.0,0,0,0,0,0,0,0,0,0,24,34,2,0.0,0,0,0,0,0,0,0,0,0,21,25,3
Central Connecticut,,2017-18,0.0,0,0,0,0,0,0,0,0,0,14,28,7,0.0,0,0,0,0,0,0,0,0,0,16,35,5
Central Michigan,,2017-18,0.0,0,0,0,0,0,0,0,0,0,19,19,2,0.0,0,0,0,0,0,0,0,0,0,21,16,1
Central Pennsylvania,,2017-18,0.0,0,0,0,0,0,0,0,0,0,6,1,0,0.0,0,0,0,0,0,0,0,0,0,1,3,0
Central State Ohio,,2017-18,0.0,0,0,0,0,0,0,0,0,0,0,1,0,0.0,0,0,0,0,0,0,0,0,0,4,0,0
Cesar Fulcar,Wentworth,2017-18,19.98,0,2,0,0,0,0,0,0,0,0,1,1,14.75,0,2,0,1,0,0,2,2,0,0,2,3
Cezanne Carson,Little Rock,2017-18,20.0,3,8,0,4,0,0,2,0,0,2,3,0,20.0,0,4,0,1,0,0,0,1,0,0,5,2
Chace Franklin,Jackson State,2017-18,20.0,12,27,5,12,3,4,7,2,4,3,4,2,20.0,10,33,2,15,9,12,5,3,0,3,9,2
Chad Andrews-Fulton,Coppin State,2017-18,20.0,8,30,0,2,7,13,5,6,0,16,23,13,17.87,7,15,0,0,6,11,2,0,4,6,6,3
Chad Brown,UCF,2017-18,0.0,22,50,0,0,24,44,3,7,17,23,46,13,20.0,31,54,0,1,26,45,1,9,16,32,41,12
Chad Hudson,IUPUI,2017-18,0.0,0,0,0,0,0,0,0,0,0,0,0,1,14.78,0,1,0,1,4,4,0,0,0,0,0,0
Chad Sherwood,Idaho,2017-18,20.0,19,52,17,38,4,5,21,4,2,0,23,9,17.93,25,51,18,40,2,3,18,5,1,4,14,11
Chaice Truex,Bethany WV,2017-18,20.0,5,11,1,5,1,1,0,0,0,1,2,0,14.92,1,4,1,2,0,0,0,0,0,0,0,0
Chaise Daniels,Quinnipiac,2017-18,20.0,55,116,0,0,34,48,3,3,17,16,29,31,20.0,53,90,0,0,34,54,10,6,11,18,39,30
Chaminade,,2017-18,0.0,0,0,0,0,0,0,0,0,0,6,2,2,0.0,0,0,0,0,0,0,0,0,0,0,2,0
Chance Cornett,Alice Lloyd College,2017-18,20.0,1,2,1,2,0,0,1,0,0,0,2,0,14.98,0,1,0,1,1,2,0,0,0,1,0,0
Chance Garvin,Idaho,2017-18,0.0,0,0,0,0,0,0,0,0,0,0,0,0,17.75,0,1,0,0,0,0,0,0,0,0,1,0
Chance Greene,Lynchburg,2017-18,20.0,1,6,1,5,2,2,3,0,0,0,1,1,19.93,1,3,0,2,0,0,1,1,0,0,0,1
Chance McSpadden,UCF,2017-18,20.0,21,57,4,18,11,13,5,8,2,8,24,18,20.0,13,34,2,13,8,12,5,5,0,6,12,9
Chance Murray,UC Riverside,2017-18,20.0,48,155,19,56,29,47,49,23,0,8,69,33,19.23,63,167,15,61,47,65,46,21,3,14,59,33
Chandler Bryer,Panhandle State,2017-18,0.0,0,0,0,0,0,0,0,0,0,0,0,1,14.7,0,0,0,0,0,0,1,0,0,0,0,1
Chandler Byer,Panhandle State,2017-18,0.0,0,0,0,0,0,0,0,1,0,0,2,1,14.92,1,2,1,1,0,0,0,0,0,0,0,0
Chandler Hutchison,Boise State,2017-18,20.0,90,190,17,55,50,68,43,14,3,9,95,46,14.78,94,200,23,58,91,127,48,24,5,13,85,41
Chandler Murray,Bridgewater,2017-18,20.0,0,1,0,1,0,0,0,1,0,0,1,2,15.48,0,0,0,0,0,0,0,0,0,0,0,0
Chandler Redix,KY Wesleyan,2017-18,0.0,0,0,0,0,0,0,0,0,0,0,0,2,14.78,1,1,0,0,0,0,0,0,0,0,1,1
Chandler Rivers,Trinity Baptist,2017-18,20.0,6,24,1,3,0,0,4,2,1,5,4,12,14.6,5,15,1,4,1,2,1,1,0,1,1,3
Chandler Solis,,2017-18,5.53,0,2,0,2,0,0,0,0,2,0,5,1,0.0,1,3,1,3,0,0,1,0,0,0,1,1
Chap Parker-Turner,Piedmont International,2017-18,0.0,0,0,0,0,0,0,0,0,0,0,0,0,14.88,0,1,0,1,0,0,0,0,0,0,0,1
Charity Savage,,2017-18,0.0,0,0,0,0,0,0,0,0,0,0,0,1,1.5,0,1,0,0,0,0,0,0,0,0,1,0
Charlendez Brooks,Western Carolina,2017-18,20.0,4,11,0,0,1,2,6,2,5,4,11,6,14.77,2,11,0,0,0,0,6,0,3,6,7,3
Charles Bain,Robert Morris,2017-18,0.0,34,86,18,37,13,20,3,8,3,18,18,29,14.95,22,56,7,27,8,15,4,7,1,22,22,18
Charles Bohannon,New Orleans,2017-18,20.0,0,2,0,1,0,0,0,0,0,0,0,2,14.98,0,0,0,0,1,2,0,0,0,1,0,0
Charles Brown III,Incarnate Word,2017-18,20.0,53,112,12,21,31,38,14,9,5,10,37,36,20.0,46,97,6,14,40,50,12,10,1,15,38,26
Charles Cobb,Bethel (TN),2017-18,20.0,1,4,1,3,0,0,1,1,0,0,0,1,14.98,0,0,0,0,0,0,0,0,0,0,0,1
Charles Falden,Winthrop,2017-18,20.0,14,33,7,12,1,1,6,6,0,9,13,10,16.55,14,29,5,10,4,6,5,4,0,1,13,10
Charles Gavin,,2017-18,15.0,8,13,0,0,0,3,1,1,1,3,8,3,0.0,1,10,0,0,1,3,0,0,0,8,1,1
Charles Glover,Longwood,2017-18,20.0,37,91,27,61,14,18,31,6,1,2,40,41,17.98,40,89,15,41,16,26,19,14,1,5,38,31
Charles Jackson,Arkansas-Pine Bluff,2017-18,20.0,26,91,15,58,7,13,19,14,4,6,24,25,14.55,29,71,12,45,11,20,20,4,2,5,11,19
Charles Matthews,Michigan,2017-18,20.0,82,194,15,54,30,48,47,16,11,25,82,45,17.12,103,188,14,44,42,91,44,13,15,19,83,36
Charles Mitchell,Massachusetts-Boston,2017-18,20.0,6,13,5,12,0,0,0,1,0,0,1,0,14.9,0,8,0,7,0,0,0,1,0,0,1,1
Charles Moore,Mars Hill,2017-18,20.0,1,5,1,2,0,0,1,0,0,0,2,3,14.97,0,2,0,1,0,0,0,0,0,0,0,0
Charles O'Bannon Jr,USC,2017-18,15.0,0,0,0,0,0,0,1,0,0,0,0,0,20.0,0,0,0,0,0,0,0,0,0,0,0,0
Charles O'Bannon Jr.,USC,2017-18,20.0,1,6,0,2,0,0,1,2,0,1,3,0,14.88,0,2,0,1,0,0,0,0,0,0,0,2
Charles Simmons,Grambling,2017-18,0.0,0,0,0,0,0,0,0,0,0,0,0,0,20.0,0,1,0,0,0,0,0,0,0,1,0,0
Charles Taylor Jr,Jackson State,2017-18,20.0,0,0,0,0,0,0,1,0,0,0,0,0,19.6,0,0,0,0,0,0,0,0,0,0,0,0
Charles Taylor Jr.,Jackson State,2017-18,0.0,3,8,0,0,0,0,0,4,1,4,5,3,14.87,3,6,0,0,0,1,0,2,0,1,4,2
Charles Thomas IV,Wisconsin,2017-18,20.0,6,14,0,1,2,4,2,1,0,6,15,1,14.57,3,7,0,3,0,0,0,0,1,3,3,2
Charles Tucker Jr,Sacred Heart,2017-18,20.0,0,0,0,0,0,0,55,0,0,0,0,0,20.0,0,0,0,0,0,0,35,0,0,0,0,0
Charles Tucker Jr.,Sacred Heart,2017-18,0.0,19,57,2,17,11,16,1,9,0,1,30,36,20.0,15,38,5,14,16,28,0,5,0,0,20,19
Charles Williams,Howard,2017-18,20.0,84,204,33,77,22,31,6,8,0,3,33,24,20.0,69,156,18,46,37,47,7,5,7,6,24,13
Charles Wilson-Fisher,Hampton,2017-18,20.0,39,73,0,1,7,13,6,3,12,35,51,20,17.85,27,48,0,1,13,19,4,3,16,16,35,9
Charles Woods,Elizabeth City,2017-18,20.0,2,2,2,2,0,0,0,0,0,0,0,0,19.77,0,0,0,0,0,0,0,0,0,0,0,0
Charles-Eddie Smith,Edward Waters,2017-18,20.0,5,15,2,8,2,2,2,3,1,0,1,3,14.95,9,17,4,9,1,1,1,0,0,0,1,4
Charleston,,2017-18,0.0,0,0,0,0,0,0,0,0,0,18,20,6,0.0,0,0,0,0,0,0,0,0,0,18,24,5
Charleston Southern,,2017-18,0.0,0,0,0,0,0,0,0,0,0,19,21,2,0.0,0,0,0,0,0,0,0,0,0,19,20,7
Charlie Bagin,Princeton,2017-18,0.0,0,0,0,0,0,0,0,0,0,0,0,0,14.95,0,1,0,0,0,0,0,1,0,0,0,0
Charlie Mitchell,Massachusetts-Boston,2017-18,20.0,2,4,0,1,0,0,3,1,0,0,1,3,14.9,1,3,0,1,0,0,0,1,0,2,0,2
Charlie Ryan,Northwood,2017-18,20.0,0,1,0,0,0,0,1,0,0,0,0,0,14.67,0,0,0,0,0,0,0,0,0,0,0,0
Charlie Tooley,Nevada,2017-18,0.0,0,0,0,0,0,0,0,0,0,0,0,0,14.67,0,1,0,1,0,0,0,0,0,0,0,0
Charlotte,,2017-18,0.0,0,0,0,0,0,0,0,0,0,17,25,4,0.0,0,0,0,0,0,0,0,0,0,13,21,5
Chas Brown,Duquesne,2017-18,20.0,16,49,1,1,4,13,8,7,5,19,29,25,14.92,25,58,1,1,8,18,5,6,9,31,26,16
Chas Harvey,Kentucky State,2017-18,20.0,0,2,0,1,0,0,0,0,0,0,0,0,14.88,0,0,0,0,0,0,0,0,0,0,0,0
Chase Brittingham,Blue Mountain College,2017-18,20.0,1,4,0,1,0,2,1,1,0,1,2,1,14.87,0,1,0,0,1,2,0,0,0,0,1,1
Chase Brocker,,2017-18,10.48,1,2,0,1,0,0,1,1,0,0,1,0,0.0,0,1,0,1,0,0,0,0,0,0,0,0
Chase Cobb,Abilene Christian,2017-18,20.0,1,2,0,1,0,0,1,0,0,1,0,0,14.95,0,1,0,1,0,0,2,0,0,0,0,1
Chase Coomer,Cincinnati Clermont,2017-18,20.0,5,8,3,6,0,0,2,0,0,0,1,1,14.62,3,5,3,5,0,0,0,0,0,0,0,1
Chase Eckholdt,Loyola New Orleans,2017-18,20.0,3,5,1,1,0,0,2,1,0,1,1,2,14.77,1,5,1,2,0,0,0,1,0,0,1,2
Chase Foster,San Francisco,2017-18,20.0,58,136,27,76,21,29,25,12,4,15,51,25,17.72,51,133,23,63,34,45,25,7,3,25,44,26
Chase Freeman,Wagner,2017-18,20.0,13,33,6,19,17,19,16,5,1,5,15,10,14.95,8,16,3,7,9,13,11,6,0,2,12,7
Chase Harler,West Virginia,2017-18,20.0,10,32,8,22,2,3,10,6,3,2,9,6,14.87,7,24,4,16,4,4,10,3,0,5,3,2
Chase Johnson,Florida,2017-18,20.0,1,1,0,0,0,0,0,0,1,2,0,1,14.97,2,4,0,0,3,3,1,2,0,1,1,0
Chase Littlejohn,Rogers State,2017-18,20.0,1,4,1,3,0,0,0,0,0,1,0,0,18.22,3,3,3,3,0,0,2,0,0,0,3,0
Chase Mason,Texas-Tyler,2017-18,20.0,3,6,1,2,0,0,1,0,0,2,1,1,14.87,4,6,3,4,1,2,1,0,0,0,1,1
Chase Nappier,Bethel (TN),2017-18,20.0,2,5,0,0,1,2,0,1,0,0,2,1,14.98,2,5,0,2,1,1,1,1,0,0,0,1
Chase Pinter,Schreiner,2017-18,20.0,1,2,0,1,0,0,1,1,0,0,5,1,14.82,2,5,2,4,0,0,0,0,0,1,1,1
Chase Porter,Kentucky Christian,2017-18,20.0,2,6,2,2,0,1,2,2,0,1,3,1,14.82,4,10,1,2,0,0,2,0,0,0,2,3
Chase Shellman,Spring Hill,2017-18,20.0,2,6,0,1,0,0,4,0,0,1,4,2,14.93,2,2,0,0,0,0,2,1,0,1,3,5
Chase Stone,Doane,2017-18,20.0,0,1,0,1,0,0,0,1,0,0,0,0,14.9,1,4,1,4,0,0,1,0,0,1,0,0
Chase Woodard,Ferrum,2017-18,0.0,0,0,0,0,0,0,0,0,0,1,0,0,14.75,0,1,0,0,0,0,0,1,0,0,3,5
Chasten King,Jarvis Christian,2017-18,20.0,2,11,0,5,0,0,3,0,0,0,1,2,14.9,6,10,2,5,1,3,1,0,0,1,0,0
Chattanooga,,2017-18,0.0,0,0,0,0,0,0,0,0,0,18,22,6,0.0,0,0,0,0,0,0,0,0,0,21,22,3
Chauncey Hawkins,St. Francis (BKN),2017-18,20.0,17,59,5,25,14,18,16,9,3,5,16,27,20.0,22,67,12,33,23,36,16,9,1,2,12,11
Chaundee Brown,Wake Forest,2017-18,20.0,45,110,15,46,10,13,18,5,3,11,30,23,20.0,33,86,12,29,14,17,15,2,2,14,28,10
Chavares Flanigan,,2017-18,0.0,0,0,0,0,0,0,0,0,0,0,1,0,0.0,0,0,0,0,0,0,0,0,0,0,0,0
Chave Zackery,Lyon,2017-18,20.0,0,2,0,0,1,2,0,0,0,1,1,0,19.2,0,0,0,0,0,0,0,0,0,0,2,1
Chaz Glotta,Northern Colorado,2017-18,20.0,30,65,19,47,5,9,9,5,0,1,12,10,17.9,17,43,13,36,4,8,10,2,0,2,9,2
Che Bob,Colorado State,2017-18,20.0,45,120,12,35,34,48,24,10,18,31,67,41,20.0,55,108,5,20,41,60,25,19,17,23,58,32
Cheddi Mosely,Boston University,2017-18,20.0,3,5,1,2,2,2,1,1,0,0,3,2,20.0,2,4,2,2,0,0,0,0,0,0,3,0
Cheickna Dembele,UNLV,2017-18,20.0,8,17,0,0,6,12,1,2,4,13,5,10,14.8,5,9,0,0,4,8,5,2,9,6,3,2
Cheikh Diallo,American,2017-18,20.0,30,69,19,51,0,0,14,8,1,6,33,19,14.72,16,47,9,34,9,13,10,6,1,5,18,17
Cheikh Mbacke Diong,UNLV,2017-18,0.0,9,15,0,0,5,8,3,4,8,7,24,7,14.8,8,14,0,0,9,15,2,7,12,10,20,9
Chez Lister,Life Pacific,2017-18,20.0,3,10,1,4,1,2,0,2,0,1,1,0,16.72,2,12,0,3,2,2,2,0,0,5,2,3
Chibueze Jacobs,Sacramento State,2017-18,0.0,2,9,1,1,0,0,1,0,0,1,9,8,20.0,6,13,1,3,6,6,3,1,0,7,8,4
Chicago State,,2017-18,0.0,0,0,0,0,0,0,0,0,0,30,29,6,0.0,0,0,0,0,0,0,0,0,0,21,19,5
Chidozie Ndu,Sam Houston State,2017-18,20.0,2,6,0,0,2,3,0,1,3,3,3,3,14.87,5,7,0,0,1,3,0,1,1,1,2,0
Chima Lawrence,Penn State Brandywine,2017-18,20.0,0,1,0,1,0,2,0,0,0,1,0,1,14.97,0,0,0,0,0,0,0,0,0,0,0,0
Chima Moneke,UC Davis,2017-18,20.0,66,128,5,10,46,63,9,5,10,26,69,25,17.87,54,106,2,11,47,66,10,14,7,17,69,27
Chimezie Metu,USC,2017-18,20.0,81,170,6,16,44,55,25,14,33,27,84,35,14.88,106,185,6,21,54,82,25,11,17,32,94,28
Chris Adams,Jarvis Christian,2017-18,20.0,1,3,0,0,0,0,1,0,0,0,2,2,14.9,0,1,0,1,0,0,0,0,0,0,0,0
Chris Baldwin,UMass,2017-18,20.0,20,48,10,27,5,6,7,6,3,14,31,12,20.0,16,35,4,14,2,5,5,1,6,9,23,7
Chris Barrett,Hardin-Simmons,2017-18,20.0,0,5,0,1,2,2,1,1,0,0,1,1,18.05,2,2,0,0,0,0,1,0,1,0,1,0
Chris Barton,Niagara,2017-18,20.0,14,39,1,6,20,22,9,3,0,2,18,17,15.08,18,45,2,7,14,18,10,3,0,9,6,10
Chris Bowling,Northern Arizona,2017-18,20.0,34,120,19,72,5,6,15,6,5,4,29,27,14.88,38,90,20,45,14,19,15,9,5,5,33,25
Chris Braswell,NC Wesleyan,2017-18,20.0,4,19,2,13,7,9,3,5,0,3,2,5,14.68,2,9,1,2,4,4,5,4,0,1,7,6
Chris Chiozza,Florida,2017-18,20.0,61,141,24,63,19,25,105,33,1,7,73,32,14.97,60,151,11,40,45,54,86,27,3,10,56,28
Chris Clarke,Virginia Tech,2017-18,20.0,54,91,9,20,21,32,43,11,0,11,78,32,15.68,44,80,5,13,30,46,48,18,2,20,88,40
Chris Clemons,Campbell,2017-18,20.0,101,239,46,126,68,79,35,20,6,5,76,37,20.0,106,221,41,103,117,136,50,21,3,4,47,36
Chris Clerkley,Georgia State,2017-18,20.0,0,0,0,0,0,0,1,0,0,0,2,2,16.4,0,0,0,0,0,0,1,0,0,0,0,0
Chris Clover,Saint Joseph's,2017-18,20.0,43,130,15,49,12,20,17,10,1,11,40,19,18.67,45,99,11,36,18,31,13,7,2,8,36,7
Chris Coalmon,Robert Morris,2017-18,20.0,20,42,6,17,3,4,4,4,2,4,13,10,14.95,19,44,7,21,7,11,2,3,2,10,13,12
Chris Cokley,UAB,2017-18,20.0,113,187,0,0,45,56,28,7,6,49,85,23,14.97,98,170,0,1,56,68,19,11,7,50,88,18
Chris Collins,Texas A&M,2017-18,20.0,1,7,0,3,0,0,1,0,1,0,4,1,14.87,3,11,3,9,3,4,0,1,0,2,8,1
Chris Cook,Central State (OH),2017-18,20.0,2,2,0,0,0,0,0,1,1,0,1,0,17.97,0,1,0,0,0,0,0,0,0,0,1,0
Chris Craft Jr,St. Mary's (MD),2017-18,20.0,3,5,0,0,0,0,1,1,0,1,1,2,14.98,0,1,0,0,0,0,0,0,0,0,0,1
Chris Crawford,Arkansas-Fort Smith,2017-18,20.0,2,4,1,3,2,2,2,0,0,0,1,1,14.72,4,5,1,2,2,2,1,0,0,0,5,3
Chris Darrington,Tennessee,2017-18,20.0,7,24,2,8,8,12,12,4,0,1,8,9,14.98,11,25,3,10,7,8,6,2,0,2,4,4
Chris Deny,Carver Bible College,2017-18,20.0,6,16,0,2,4,4,3,2,0,1,6,4,14.93,7,14,0,1,0,0,2,3,0,0,2,5
Chris Doerue,Wayland Baptist University,2017-18,20.0,1,2,0,0,0,0,0,0,0,0,1,0,14.82,0,2,0,0,0,0,1,0,0,1,0,1
Chris Downing,Fordham,2017-18,20.0,2,2,0,0,0,0,1,0,0,1,2,3,17.75,1,1,0,0,0,0,0,0,0,0,0,0
Chris Dubose,Savannah St,2017-18,20.0,0,1,0,1,0,0,0,0,0,0,0,1,17.75,1,3,1,3,0,0,0,0,0,0,1,0
Chris Egi,Harvard,2017-18,20.0,2,2,0,0,0,0,0,1,2,1,3,0,18.83,3,4,0,0,0,1,0,2,0,2,0,1
Chris English,Miles,2017-18,0.0,0,0,0,0,0,0,0,0,0,0,0,0,14.85,1,2,0,0,0,0,0,0,0,1,0,0
Chris Gilbert,Oakland,2017-18,0.0,0,4,0,4,0,0,3,0,0,0,2,0,14.88,1,4,1,4,0,0,2,1,0,0,1,0
Chris Gray,Bob Jones University,2017-18,20.0,1,4,0,1,0,0,1,0,0,0,5,1,14.95,1,4,0,0,0,0,0,1,1,0,3,1
Chris Green,University of the Ozarks,2017-18,20.0,0,3,0,1,0,0,1,1,0,0,0,4,14.8,0,0,0,0,0,0,0,0,0,0,1,1
Chris Greer,Johnson & Wales (NC),2017-18,0.0,0,0,0,0,0,0,0,0,0,0,0,0,14.92,0,1,0,1,0,0,0,1,0,0,1,0
Chris Harris,Missouri Science & Technology,2017-18,20.0,1,6,0,4,2,2,3,3,0,0,2,3,14.92,3,8,1,4,2,2,2,2,0,0,3,3
Chris Harris Jr,Houston,2017-18,0.0,0,0,0,0,0,0,0,0,0,0,0,0,15.72,0,0,0,0,0,0,1,0,0,0,0,0
Chris Harris Jr.,Houston,2017-18,20.0,6,10,0,0,3,10,0,1,5,5,15,7,16.13,5,9,0,0,1,7,0,0,4,4,14,3
Chris Howell,South Dakota State,2017-18,19.92,16,36,0,0,6,12,11,5,0,10,35,18,20.0,19,36,1,1,9,13,6,3,0,4,20,10
Chris Iverson,Carver Bible College,2017-18,20.0,2,5,2,5,0,0,0,0,0,1,1,0,14.93,3,6,3,6,0,0,0,1,0,0,2,0
Chris Jenkins,NJIT,2017-18,20.0,7,20,7,19,0,0,2,2,0,0,5,4,20.0,4,11,4,9,0,0,1,1,0,0,1,0
Chris Johnson,Cincinnati Clermont,2017-18,20.0,1,6,1,4,2,2,5,1,0,0,2,3,14.62,1,2,1,2,0,0,1,0,0,0,1,1
Chris Johnstone,Concordia College (NE),2017-18,20.0,0,1,0,1,0,0,0,0,0,0,1,1,14.77,0,0,0,0,0,0,0,0,0,0,0,0
Chris Knight,Dartmouth,2017-18,20.0,33,68,0,0,10,13,16,6,13,10,19,26,20.0,58,109,0,2,26,48,9,8,11,20,37,15
Chris Kuhar,La Salle,2017-18,0.0,0,0,0,0,0,0,0,0,0,0,0,0,19.68,0,0,0,0,0,0,1,0,0,0,0,0
Chris LaBelle,Centenary NJ,2017-18,20.0,5,7,1,3,0,0,1,0,0,0,1,2,14.95,1,4,0,2,0,0,0,0,0,0,2,1
Chris Lawrence,Oglethorpe,2017-18,20.0,2,7,1,5,0,0,0,0,0,0,1,1,14.75,1,4,0,2,0,0,1,1,0,0,0,0
Chris Lester,New Hampshire,2017-18,0.0,0,0,0,0,0,0,0,0,0,0,0,0,14.75,4,5,0,0,0,0,2,3,1,1,2,0
Chris Lewis,Harvard,2017-18,20.0,83,151,0,0,22,36,20,6,30,31,50,28,20.0,81,124,0,0,39,57,19,10,18,32,63,23
Chris Lykes,Miami,2017-18,20.0,46,117,16,57,28,40,36,14,1,1,16,26,14.77,44,107,26,66,31,42,33,12,0,2,18,29
Chris McNeal,New Mexico,2017-18,20.0,50,139,28,94,23,34,53,17,0,1,28,30,14.98,49,127,27,79,32,39,38,9,0,5,28,33
Chris Melton,Bluefield State,2017-18,20.0,1,3,0,1,0,0,0,1,0,0,1,0,14.88,0,0,0,0,4,4,1,0,0,0,0,0
Chris Miller,Oral Roberts,2017-18,20.0,24,42,0,0,4,7,1,1,2,12,7,12,17.9,28,45,0,0,4,6,1,3,4,13,11,6
Chris Myers,Mercy,2017-18,20.0,1,2,0,0,0,0,0,0,0,0,3,0,14.73,0,3,0,1,0,0,1,0,0,0,1,2
Chris O'Neill,Montana Tech,2017-18,20.0,1,4,0,0,0,0,3,1,0,0,1,3,14.7,1,4,0,1,0,1,1,1,0,0,1,0
Chris O'Reilly,Molloy,2017-18,20.0,1,4,1,4,0,0,0,0,0,1,3,1,14.62,1,3,1,3,0,0,0,0,0,0,1,0
Chris Oates,Shenandoah,2017-18,0.0,2,2,2,2,1,1,0,0,0,0,1,1,14.82,0,1,0,0,0,0,0,0,0,0,1,0
Chris Palombizio,Oakland,2017-18,20.0,17,48,6,22,5,9,6,5,2,12,28,5,17.45,9,39,4,23,9,16,4,3,0,7,14,3
Chris Parker,Henderson State,2017-18,20.0,1,2,0,0,2,2,1,1,0,1,0,1,17.87,1,2,0,0,0,0,0,0,0,0,0,0
Chris Porter-Bunton,Austin Peay,2017-18,20.0,50,99,14,34,25,33,27,16,2,18,52,34,17.6,37,100,11,38,33,48,39,21,1,19,47,29
Chris Quayle,North Dakota State,2017-18,20.0,18,42,12,28,2,2,12,4,2,2,28,14,17.87,11,28,7,19,5,5,8,1,1,3,15,6
Chris Robinson,Sacred Heart,2017-18,20.0,9,34,4,21,8,8,6,5,0,7,20,9,20.0,13,34,5,15,5,8,7,4,1,9,16,5
Chris Rollins,,2017-18,0.0,1,4,0,2,0,0,0,1,0,0,0,0,13.95,5,11,1,4,0,0,2,0,0,2,0,2
Chris Sause,NC Wesleyan,2017-18,20.0,4,7,0,2,0,1,1,1,0,0,2,3,14.68,5,10,2,2,6,8,1,0,0,4,2,1
Chris Scott,Central State (OH),2017-18,20.0,0,0,0,0,0,0,1,0,0,0,0,0,17.97,5,9,0,0,0,1,1,1,0,1,0,0
Chris Seeley,Utah,2017-18,20.0,6,17,0,0,3,7,2,0,4,6,12,4,15.15,8,13,0,2,7,10,5,0,4,4,14,3
Chris Shields,Longwood,2017-18,20.0,17,48,3,19,6,9,6,3,0,8,38,14,17.98,10,35,3,17,2,4,4,5,0,7,34,16
Chris Silva,South Carolina,2017-18,20.0,65,141,4,9,107,143,18,12,17,47,70,54,16.48,60,129,1,3,105,138,21,9,25,59,80,29
Chris Smith,UCLA,2017-18,20.0,22,51,4,15,14,22,11,5,5,8,24,24,20.0,22,50,0,11,17,31,6,3,1,7,20,11
Chris Snyder,Western Illinois,2017-18,20.0,0,1,0,0,0,0,0,0,1,0,1,0,14.77,1,2,0,0,0,0,1,0,1,0,1,0
Chris Sodom,Georgetown,2017-18,20.0,0,1,0,0,0,0,0,0,1,1,1,2,14.9,1,1,0,0,0,0,0,0,0,1,0,0
Chris Spratling,Berea,2017-18,20.0,0,2,0,0,0,1,0,0,0,1,0,1,14.72,0,0,0,0,0,0,0,0,0,0,0,1
Chris Stowell,Miami,2017-18,20.0,0,0,0,0,1,2,0,0,0,0,0,0,20.0,0,0,0,0,0,0,0,0,0,0,0,0
Chris Sullivan,Brown,2017-18,20.0,10,21,7,17,8,8,5,7,1,6,8,3,20.0,8,21,5,14,1,1,0,2,0,3,6,1
Chris Thomas,Southern,2017-18,20.0,35,83,6,21,18,33,10,6,5,13,34,10,14.97,29,76,5,23,6,16,7,1,4,14,26,11
Chris Turner,,2017-18,0.0,0,0,0,0,0,0,0,0,1,0,1,1,0.0,0,0,0,0,0,0,0,0,0,0,0,0
Chris Tyler,Point,2017-18,0.0,0,0,0,0,0,0,0,0,0,0,0,0,17.6,0,0,0,0,0,0,1,0,0,0,0,0
Chris Vogt,Northern Kentucky,2017-18,0.0,0,1,0,1,0,0,0,0,2,0,4,1,14.75,3,5,0,1,2,3,2,2,0,0,1,0
Chris White,Ecclesia College,2017-18,20.0,3,14,2,6,0,0,1,0,1,0,3,4,14.87,2,9,0,3,5,7,1,1,1,0,1,2
Chris Williams,Central Connecticut,2017-18,0.0,2,6,0,3,0,0,0,0,0,1,1,1,20.0,1,6,0,3,3,3,1,0,0,1,1,0
Chris Wray,Mt. St. Mary's,2017-18,16.97,34,62,0,0,8,30,45,18,25,26,47,19,20.0,59,85,0,1,14,44,35,26,20,39,54,22
Chrishawn Orange,Augustana (IL),2017-18,19.97,2,8,0,3,2,2,2,1,2,1,1,2,14.83,0,1,0,0,2,3,0,1,0,0,2,2
Christ Koumadje,Florida State,2017-18,20.0,38,57,0,0,11,15,1,2,16,17,37,10,17.65,27,46,0,0,7,13,2,0,19,20,22,8
Christen Cunningham,Samford,2017-18,20.0,16,31,3,10,2,2,19,2,1,2,10,14,14.92,11,30,0,5,4,5,17,2,0,5,9,9
Christendom,,2017-18,0.0,0,0,0,0,0,0,0,0,0,0,0,1,0.0,0,0,0,0,0,0,0,0,0,0,0,1
Christiaan Jones,Stetson,2017-18,20.0,29,80,15,48,8,13,15,8,2,9,34,12,20.0,22,53,13,32,7,13,8,7,3,7,12,6
Christian Adams,Coastal Carolina,2017-18,20.0,5,26,1,6,7,10,11,4,1,1,25,16,19.5,7,16,2,7,4,5,4,3,2,3,11,13
Christian Alley,Ohio Valley,2017-18,20.0,5,9,0,1,1,1,2,1,0,0,1,3,14.78,0,0,0,0,0,0,0,0,0,0,0,2
Christian Anglada,Florida National,2017-18,20.0,5,8,0,0,1,2,1,1,0,0,1,1,14.87,0,6,0,0,2,2,2,1,0,0,1,5
Christian Bentley,Siena,2017-18,0.0,9,21,2,5,3,6,4,6,1,8,9,7,14.87,5,14,4,7,3,6,7,2,0,4,9,7
Christian Bradford,Radford,2017-18,20.0,27,68,14,39,6,9,30,7,0,2,25,20,19.55,24,66,11,40,10,12,32,14,2,5,19,14
Christian Carlyle,Florida Gulf Coast,2017-18,20.0,21,64,2,8,6,6,24,12,1,9,22,15,20.0,24,39,6,9,18,23,3,7,3,12,13,8
Christian Creswell,Johnson & Wales (NC),2017-18,20.0,3,17,1,4,2,3,2,0,2,3,9,9,14.98,0,2,0,0,1,2,1,1,0,1,1,0
Christian Cunningham,Jacksonville State,2017-18,20.0,46,75,0,0,20,30,8,11,33,39,75,25,14.68,52,73,0,0,13,36,6,12,18,40,67,20
Christian David,Butler,2017-18,20.0,4,11,2,7,2,4,5,0,0,4,5,3,20.0,4,10,1,6,0,0,2,3,0,0,3,1
Christian Deane,Montana-Western,2017-18,0.0,0,0,0,0,0,0,0,0,0,0,0,0,14.8,0,1,0,1,0,0,0,0,0,0,0,0
Christian Ellis,SIU-Edwardsville,2017-18,20.0,35,79,2,10,17,25,53,13,0,12,44,43,14.87,42,77,4,7,26,49,36,7,0,14,38,26
Christian Harris,Benedictine (AZ),2017-18,20.0,1,3,1,2,0,0,0,0,0,1,0,0,18.28,0,3,0,2,0,0,0,0,0,0,1,2
Christian James,Oklahoma,2017-18,19.9,74,156,35,90,17,21,24,19,1,16,49,24,16.07,50,113,19,58,27,37,18,16,0,16,44,18
Christian Jones,Wilmington (OH),2017-18,20.0,1,3,0,1,1,2,1,0,0,0,3,4,14.75,1,3,1,2,0,0,0,0,0,0,1,0
Christian Juzang,Harvard,2017-18,20.0,38,81,24,52,10,11,36,9,2,4,37,32,20.0,29,76,12,39,27,30,41,5,2,5,33,27
Christian Keeling,Charleston Southern,2017-18,20.0,68,175,18,66,33,41,22,19,5,9,56,32,20.0,75,171,22,61,68,88,25,13,6,12,52,28
Christian Kvilvang,Jamestown,2017-18,20.0,0,3,0,2,0,0,0,0,0,0,1,0,14.83,0,0,0,0,0,0,0,0,0,0,1,1
Christian Lathan,St. Andrews,2017-18,20.0,3,9,1,3,3,5,2,0,0,0,2,2,14.82,1,12,0,5,0,0,3,1,0,3,1,2
Christian Linton,Le Moyne-Owen,2017-18,20.0,0,2,0,2,0,0,0,0,0,0,1,1,17.98,0,0,0,0,0,0,0,0,0,0,0,0
Christian Mackey,Denver,2017-18,20.0,23,37,0,0,10,13,1,0,1,19,13,13,15.7,19,32,0,2,7,11,4,1,4,12,18,10
Christian Marks,Oakland City,2017-18,20.0,1,2,0,1,2,2,0,0,0,0,2,3,14.98,1,2,0,1,0,2,2,0,0,0,1,1
Christian Mekowulu,Tennessee State,2017-18,20.0,55,102,1,1,47,65,6,10,18,23,59,40,14.63,49,86,0,2,74,97,17,12,23,33,77,23
Christian Meredith,Shenandoah,2017-18,20.0,0,1,0,1,0,0,0,1,0,0,1,0,14.82,0,0,0,0,0,0,0,0,1,0,0,0
Christian Miller,Jarvis Christian,2017-18,20.0,0,2,0,1,2,2,0,0,0,0,0,1,14.9,0,1,0,0,0,0,0,0,0,0,0,0
Christian Musoko,Southern Utah,2017-18,20.0,26,57,0,0,13,26,5,2,9,18,45,15,14.88,36,53,0,0,17,29,5,2,5,13,31,13
Christian Negron,Loyola Chicago,2017-18,0.0,0,1,0,0,0,2,1,1,0,1,3,2,14.97,2,9,0,0,2,8,0,0,0,3,1,1
Christian Newman,Toccoa Falls,2017-18,20.0,2,5,0,0,0,1,0,1,0,3,3,2,14.87,0,2,0,0,0,0,3,0,0,3,1,2
Christian Oliveras,St. Mary's (MN),2017-18,0.0,0,0,0,0,0,0,0,0,0,0,0,0,14.75,0,1,0,0,0,0,2,0,0,0,0,0
Christian Peevy,Incarnate Word,2017-18,20.0,16,40,0,5,20,27,10,6,3,10,34,22,20.0,34,60,0,0,27,31,2,2,3,13,14,12
Christian Perkins,Pittsburgh-Bradford,2017-18,20.0,1,8,1,4,0,0,0,0,0,1,0,1,14.82,3,3,0,0,0,0,0,0,0,0,1,1
Christian Popoola,Utah,2017-18,20.0,0,1,0,0,2,2,1,1,0,0,3,1,14.83,1,7,0,2,1,2,0,1,0,0,4,5
Christian Rivera,Bryn Athyn,2017-18,20.0,3,7,0,1,0,0,0,1,0,0,1,0,14.82,1,3,0,1,0,0,1,1,0,0,4,0
Christian Robertson,Arkansas-Pine Bluff,2017-18,20.0,8,20,0,2,3,7,3,3,0,4,9,5,14.55,12,24,0,2,7,11,6,1,0,5,4,2
Christian Seidl,Le Tourneau,2017-18,0.0,1,3,0,1,0,0,1,0,0,2,0,2,17.97,0,1,0,1,0,0,3,1,0,0,0,1
Christian Sengfelder,Boise State,2017-18,20.0,63,138,30,75,23,26,9,6,6,31,71,21,14.78,55,121,23,62,16,26,8,11,3,31,54,14
Christian Taylor,Staten Island,2017-18,20.0,4,7,0,0,0,0,1,0,0,0,1,2,14.95,2,4,0,0,0,0,2,0,0,1,3,1
Christian Terrell,UC Santa Barbara,2017-18,0.0,81,165,29,71,16,22,78,19,11,22,103,65,17.87,76,154,20,60,34,45,60,22,5,26,83,37
Christian Thieneman,Marshall,2017-18,20.0,1,4,1,3,0,0,0,0,0,0,6,2,20.0,0,1,0,1,0,1,0,0,1,1,1,0
Christian Turner,Gardner-Webb,2017-18,20.0,13,32,5,13,5,8,21,12,1,1,20,21,14.77,5,21,1,9,10,19,33,15,0,6,15,16
Christian Vital,UConn,2017-18,20.0,61,155,35,98,35,43,27,18,0,7,67,26,20.0,64,170,27,95,72,86,16,23,1,17,70,28
Christian West,Western State Colorado University,2017-18,0.0,0,0,0,0,0,0,0,0,0,0,0,0,18.78,2,5,0,0,0,0,2,0,0,1,1,3
Christian Williams,Columbia International,2017-18,0.0,0,0,0,0,0,0,0,0,0,0,0,0,14.77,0,0,0,0,0,0,1,0,0,0,0,2
Christian Willis,Arkansas State,2017-18,0.0,0,0,0,0,0,0,0,0,0,0,0,0,16.88,1,3,0,1,0,0,0,1,0,1,0,1
Christian Wimbley,Harris Stowe,2017-18,20.0,0,2,0,0,0,0,1,0,0,1,0,0,14.67,0,1,0,0,2,2,0,0,0,0,0,0
Christien Williams,MIT,2017-18,0.0,0,0,0,0,0,0,0,0,0,1,0,0,20.0,0,1,0,0,0,0,0,0,0,1,0,0
Christopher Avant,Emory,2017-18,19.95,1,4,0,1,0,0,0,0,1,0,1,0,17.95,2,6,1,2,0,0,1,1,1,0,3,0
Christopher Chaney,Shenandoah,2017-18,20.0,1,5,0,2,3,3,0,3,1,3,3,0,14.82,1,3,0,0,1,1,0,1,0,2,3,3
Christopher Coston,Frostburg State,2017-18,20.0,0,0,0,0,0,0,1,0,0,0,0,0,14.93,0,0,0,0,0,0,0,0,0,0,0,0
Christopher Galbreath Jr,Sam Houston State,2017-18,0.0,0,0,0,0,0,0,22,0,0,0,0,0,18.07,0,0,0,0,0,0,17,0,0,0,0,0
Christopher Galbreath Jr.,Sam Houston State,2017-18,20.0,100,220,8,24,21,39,0,13,10,37,109,37,14.87,86,188,7,21,52,70,2,7,11,42,71,33
Christopher Hall,Florida National,2017-18,20.0,6,25,4,13,0,1,5,3,0,4,3,4,14.87,5,14,4,11,1,2,1,0,0,2,3,3
Christopher Joyce,,2017-18,16.25,0,2,0,1,0,0,1,0,0,1,0,0,0.0,1,3,1,3,0,0,3,1,0,0,1,1
Chuba Ohams,Fordham,2017-18,20.0,2,6,0,1,0,2,0,2,2,2,2,1,20.0,0,3,0,0,0,0,0,0,0,1,0,1
Chuck Champion,Loyola (MD),2017-18,20.0,50,134,13,39,16,22,23,8,1,6,26,29,20.0,59,142,10,35,18,26,13,15,0,12,22,19
Chuka Okeke,Point,2017-18,20.0,0,2,0,0,0,0,0,0,0,0,4,1,16.4,2,3,0,0,0,0,0,0,0,1,3,1
Chukuka Emili,Houston Baptist,2017-18,20.0,7,23,3,9,0,2,1,1,9,7,16,9,14.77,6,23,0,8,2,5,0,3,7,6,12,2
Chuma Okeke,Auburn,2017-18,20.0,45,99,18,40,19,24,18,17,5,35,65,11,14.88,45,94,15,43,14,25,19,5,20,32,58,15
Chyree Walker,Delaware,2017-18,20.0,22,60,3,12,3,9,10,6,1,13,28,17,19.13,24,51,2,8,6,15,3,4,0,14,10,6
Cian Sullivan,La Salle,2017-18,0.0,0,5,0,1,0,0,0,0,3,2,3,0,20.0,0,0,0,0,1,2,0,0,1,1,1,0
Cincinnati,,2017-18,0.0,0,0,0,0,0,0,0,0,0,29,40,4,0.0,0,0,0,0,0,0,0,0,0,26,29,9
Cincinnati Clermont,,2017-18,0.0,0,0,0,0,0,0,0,0,0,2,0,0,0.0,0,0,0,0,0,0,0,0,0,1,0,0
City College (NY),,2017-18,0.0,0,0,0,0,0,0,0,0,0,0,1,0,0.0,0,0,0,0,0,0,0,0,0,0,1,0
Cj Herbert,Trevecca Nazarene,2017-18,20.0,0,2,0,1,0,0,0,0,0,0,0,0,14.55,0,1,0,1,2,4,0,0,0,0,0,0
Cj Vanbeekum,West New Mexico,2017-18,20.0,0,2,0,2,0,0,1,0,0,1,0,0,18.48,0,0,0,0,0,0,0,1,0,0,0,0
Clarence Brunot,Cairn University,2017-18,0.0,0,0,0,0,0,0,0,0,0,0,0,0,14.85,0,1,0,0,0,0,0,0,0,0,0,1
Clarien Washington,Asbury,2017-18,20.0,1,9,1,6,0,0,3,0,0,0,3,1,15.18,0,4,0,1,0,0,0,0,0,1,1,1
Clark Brewington,Evangel,2017-18,0.0,0,0,0,0,0,0,0,0,0,0,0,0,14.92,0,3,0,3,0,0,1,0,0,0,1,0
Clark Minnifield,William Jewell,2017-18,20.0,0,2,0,1,0,0,1,0,0,2,2,0,20.0,0,1,0,0,2,4,0,1,0,0,0,1
Clarks Summit,,2017-18,0.0,0,0,0,0,0,0,0,0,0,1,1,0,0.0,0,0,0,0,0,0,0,0,0,0,0,1
Clay Conley,University of the Ozarks,2017-18,20.0,2,5,2,5,0,0,0,1,0,0,1,1,14.8,2,4,1,2,0,0,0,0,0,1,1,1
Clay Mounce,Furman,2017-18,20.0,26,47,3,13,10,17,5,8,3,17,24,8,17.87,19,36,2,8,6,8,5,7,3,11,20,4
Clay Reimers,Concordia College (NE),2017-18,20.0,2,2,1,1,2,2,1,1,0,0,1,2,14.77,2,2,1,1,0,0,2,0,0,0,2,1
Clay Washburn,Emory,2017-18,19.95,1,2,1,2,0,0,0,0,1,0,1,1,17.95,0,1,0,0,0,0,0,0,1,1,0,0
Clay Weatherspoon,Southern Miss,2017-18,20.0,0,2,0,1,2,2,0,0,0,0,2,1,17.85,0,0,0,0,0,0,0,0,0,1,1,0
Clay Young,Kansas,2017-18,20.0,2,2,0,0,1,2,5,0,1,0,1,0,14.63,0,1,0,0,0,0,0,0,0,0,0,0
Clayton Custer,Loyola Chicago,2017-18,20.0,66,146,25,64,15,20,65,25,1,5,37,38,20.0,87,144,33,63,29,40,60,23,1,3,24,30
Clayton Hughes,Indiana State,2017-18,20.0,20,43,10,27,2,5,10,8,3,6,10,14,14.92,13,26,2,10,9,11,14,6,2,3,11,14
Clayton Le Sann,Holy Cross,2017-18,20.0,4,6,3,4,0,0,1,1,0,1,4,1,19.98,2,11,1,5,0,2,5,2,0,2,1,1
Clayton Murtha,Wash & Lee,2017-18,20.0,3,10,1,3,1,1,2,0,0,0,4,1,14.88,3,5,0,0,1,1,2,2,0,1,0,1
Clemson,,2017-18,0.0,0,0,0,0,0,0,0,0,0,16,22,5,0.0,0,0,0,0,0,0,0,0,0,24,22,3
Cleo Cain,Hawaii Hilo,2017-18,0.0,0,0,0,0,0,0,0,0,0,0,0,0,15.85,1,2,1,1,0,0,0,0,0,0,1,0
Cleveland State,,2017-18,0.0,0,0,0,0,0,0,0,0,0,14,16,2,0.0,0,0,0,0,0,0,0,0,0,18,23,6
Clevon Brown,Vanderbilt,2017-18,20.0,27,57,8,25,3,10,4,4,16,18,27,16,17.6,22,49,2,17,6,12,2,3,18,20,24,11
Clif Conley,Asbury,2017-18,20.0,3,12,1,9,3,3,0,3,0,1,3,1,15.18,3,7,3,6,2,2,1,1,1,2,1,1
Clif Snow,Lourdes,2017-18,20.0,1,2,0,0,0,0,2,2,0,0,2,0,14.9,2,3,2,3,0,0,0,0,0,0,0,0
Cliff Thomas Jr.,High Point,2017-18,0.0,11,14,0,0,2,2,0,0,4,3,8,2,20.0,4,4,0,0,2,2,0,0,1,1,3,1
Clifton Adams,Eastern University,2017-18,20.0,0,0,0,0,0,0,2,0,0,0,0,0,14.88,0,1,0,1,0,0,0,0,0,0,0,2
Clifton Brown,Wartburg,2017-18,20.0,0,1,0,0,0,0,0,0,0,0,1,1,17.48,1,4,0,0,0,0,0,0,0,1,1,0
Clifton Moore,Indiana,2017-18,20.0,0,4,0,0,0,0,1,1,5,1,1,1,20.0,0,0,0,0,0,0,0,0,1,0,0,0
Clifton Powell Jr,UC Santa Barbara,2017-18,0.0,0,0,0,0,0,0,1,0,0,0,0,0,17.73,0,0,0,0,0,0,1,0,0,0,0,0
Clifton Powell Jr.,UC Santa Barbara,2017-18,0.0,1,3,0,0,0,0,0,0,1,0,2,4,17.87,2,5,0,1,0,2,0,0,0,0,1,1
Clint Robinson,UIC,2017-18,20.0,18,32,0,1,21,25,4,3,16,25,48,22,19.03,18,27,0,2,25,34,2,5,16,16,25,7
Clyde Trapp,Clemson,2017-18,0.0,6,20,2,10,1,1,7,2,1,0,8,7,14.77,8,17,5,9,12,16,8,0,1,1,8,6
Coastal Carolina,,2017-18,0.0,0,0,0,0,0,0,0,0,0,26,20,6,0.0,0,0,0,0,0,0,0,0,0,26,20,5
Coastal Georgia,,2017-18,0.0,0,0,0,0,0,0,0,0,0,4,0,0,0.0,0,0,0,0,0,0,0,0,0,0,1,0
Cody Benzel,Eastern Washington,2017-18,20.0,21,59,21,53,5,5,12,10,2,1,10,5,15.25,39,86,37,79,6,6,2,9,2,3,15,5
Cody Carden,Reinhardt,2017-18,20.0,0,5,0,3,0,0,0,0,0,2,4,2,14.92,1,3,1,3,0,0,1,0,0,0,3,0
Cody Carlson,Concordia University-St. Paul,2017-18,20.0,7,9,4,4,1,1,0,0,0,0,3,4,16.07,1,4,0,1,0,0,0,0,0,1,4,2
Cody Carter,Cornell College,2017-18,20.0,1,3,1,3,0,0,0,0,1,0,0,1,12.02,0,1,0,1,0,2,0,0,0,0,1,0
Cody Graham,Incarnate Word,2017-18,20.0,20,40,3,10,7,10,26,7,0,4,11,22,14.88,16,46,4,20,8,11,19,3,0,7,5,12
Cody Hastings,Howard Payne,2017-18,0.0,1,4,0,2,0,0,1,0,0,0,0,0,14.95,1,2,0,1,0,0,1,0,0,0,1,2
Cody Helgeland,Jacksonville,2017-18,20.0,39,109,31,86,8,13,20,6,5,14,34,24,14.97,35,84,20,56,14,15,11,11,6,8,33,16
Cody Hylton,Mars Hill,2017-18,0.0,0,0,0,0,0,0,0,0,0,0,0,0,14.97,3,4,3,4,0,0,0,0,0,1,0,0
Cody Kegley,Michigan Dearborn,2017-18,20.0,3,4,2,3,0,0,5,1,0,0,4,1,17.48,2,7,2,6,0,0,2,0,0,0,0,2
Cody Kelley,Wyoming,2017-18,20.0,26,72,17,49,7,10,42,12,1,4,38,31,20.0,25,59,11,32,15,25,44,16,0,9,22,17
Cody Martin,Nevada,2017-18,20.0,83,184,7,24,32,41,71,32,29,36,74,39,17.93,95,164,7,22,67,98,86,25,23,26,78,28
Cody McIntyre,Wisconsin Parkside,2017-18,0.0,0,1,0,0,0,0,1,1,0,1,0,3,16.33,1,4,0,0,2,2,2,0,1,2,3,0
Cody Mcclain,,2017-18,11.6,0,1,0,1,0,0,0,0,0,0,0,0,0.0,0,1,0,1,0,0,0,0,0,0,1,1
Cody Miller,Montreat College,2017-18,0.0,0,0,0,0,0,0,0,0,0,0,0,0,14.92,1,1,0,0,0,0,0,0,0,0,0,0
Cody Rowley,,2017-18,0.0,0,0,0,0,0,0,0,0,0,0,0,0,0.0,0,0,0,0,0,0,0,0,0,0,1,0
Cohen Nies,,2017-18,6.27,0,2,0,0,0,0,0,0,0,0,1,0,0.0,0,0,0,0,0,0,0,0,0,0,0,0
Colbey Ross,Pepperdine,2017-18,20.0,52,115,12,28,27,36,76,16,1,5,48,35,14.92,76,167,24,53,61,73,82,14,3,6,31,39
Colby Mills,Pittsburgh-Bradford,2017-18,20.0,1,3,1,3,0,0,0,0,0,0,1,0,14.82,4,6,3,5,0,0,1,0,0,0,1,0
Colby Moultrie,Buffalo,2017-18,0.0,0,0,0,0,0,0,0,0,0,0,0,0,14.93,1,1,1,1,0,0,0,0,0,1,0,1
Cole Ashby,Eastern Oregon,2017-18,0.0,0,0,0,0,0,0,0,0,0,1,1,0,14.78,1,4,0,1,1,3,0,0,0,2,1,0
Cole Bene',Howard Payne,2017-18,20.0,1,1,0,0,1,2,2,0,0,1,5,4,14.95,0,0,0,0,0,0,0,0,0,0,1,0
Cole Currie,La Verne,2017-18,20.0,2,6,0,2,1,2,2,0,0,1,1,1,14.87,0,1,0,0,0,0,2,0,0,0,1,1
Cole Gentry,Wright State,2017-18,20.0,34,89,16,50,2,4,33,17,0,6,32,18,19.93,40,88,18,43,23,29,29,17,0,4,24,18
Cole Gilliland,Kentucky Christian,2017-18,20.0,4,9,1,2,0,0,0,0,0,2,2,0,14.82,2,5,1,2,0,0,0,0,0,2,2,2
Cole Harrison,William & Mary,2017-18,20.0,10,21,0,0,3,4,5,0,2,7,17,9,14.88,6,18,0,0,3,5,2,1,0,5,8,1
Cole Hartman,Anderson (IN),2017-18,20.0,1,3,0,1,2,2,0,0,0,0,3,2,14.78,1,1,0,0,0,0,1,0,0,1,0,5
Cole Hatcher,Blue Mountain College,2017-18,0.0,0,0,0,0,0,0,0,0,0,0,0,0,14.87,0,1,0,1,0,0,0,0,0,0,0,1
Cole Hayes,Notre Dame College,2017-18,20.0,2,6,2,4,0,0,0,0,0,0,2,2,14.8,0,1,0,0,0,0,0,0,0,0,0,0
Cole Huskey,,2017-18,10.45,0,1,0,0,0,0,0,0,0,0,0,0,0.0,0,0,0,0,0,0,0,0,0,0,0,0
Cole Long,Detroit Mercy,2017-18,0.0,15,54,6,23,6,11,18,2,8,17,27,19,16.73,21,48,9,26,10,12,20,6,11,6,21,5
Cole Moore,Johnson & Wales (CO),2017-18,20.0,1,3,0,1,0,1,1,1,0,1,0,0,14.68,2,6,1,4,2,3,1,1,0,2,1,2
Cole Storm,Washington College (MD),2017-18,20.0,1,1,0,0,0,0,0,0,0,0,0,3,14.9,0,1,0,1,0,0,0,0,0,0,0,1
Cole Swart,Panhandle State,2017-18,0.0,0,0,0,0,0,0,0,0,0,0,0,0,14.92,0,1,0,1,0,2,0,0,0,1,0,0
Cole Taira,California Merced,2017-18,20.0,1,4,1,2,0,0,5,0,0,0,3,2,14.87,0,1,0,1,0,0,0,0,0,0,0,1
Cole Thomas,Cal Lutheran,2017-18,20.0,1,2,0,1,1,1,1,0,0,0,2,1,15.8,1,1,0,0,0,0,0,0,0,0,0,0
Cole Welle,California,2017-18,20.0,1,2,0,0,2,2,0,1,0,1,1,0,15.82,1,4,0,0,1,4,0,0,0,6,0,1
Colen Gaynor,Maryland-Eastern Shore,2017-18,20.0,14,34,8,16,5,11,1,5,2,9,16,13,14.77,7,21,2,9,5,9,2,7,2,6,11,5
Colgate,,2017-18,0.0,0,0,0,0,0,0,0,0,0,14,20,10,0.0,0,0,0,0,0,0,0,0,0,13,17,6
Colin Cotter,North Georgia,2017-18,20.0,0,0,0,0,0,0,1,0,0,0,0,0,14.7,0,0,0,0,0,0,0,0,0,0,0,0
Colin Cunningham,Mid-Atlantic Christian University,2017-18,20.0,0,6,0,5,0,0,0,0,0,0,2,2,14.7,0,1,0,1,0,0,0,0,0,0,1,0
Colin Hale,Texas A&M-CC,2017-18,20.0,11,38,3,13,0,1,13,9,0,4,24,18,20.0,23,45,6,20,1,2,13,5,1,5,15,17
Colin Jones,Culver-Stockton,2017-18,20.0,1,3,1,2,0,0,0,0,0,0,2,3,14.53,0,0,0,0,0,0,0,0,0,0,0,2
Colin Lake,North Park,2017-18,20.0,1,7,0,5,0,0,1,0,0,1,0,1,14.92,1,3,1,2,0,0,0,0,0,0,2,0
Colin Mulvaney,Wentworth,2017-18,19.98,0,5,0,4,0,0,0,0,0,0,0,0,14.75,1,2,1,1,0,0,1,0,0,0,0,0
Colin Rardin,Mesa College,2017-18,0.0,0,0,0,0,0,0,0,0,0,0,0,0,14.95,2,2,2,2,0,0,0,0,0,0,0,0
Colin Russell,,2017-18,0.0,3,10,0,0,3,5,1,1,0,6,12,4,12.75,7,11,0,0,2,7,3,1,0,11,2,3
Colin Slater,Tulane,2017-18,20.0,16,48,7,25,8,9,12,3,2,3,15,13,20.0,7,21,3,12,10,13,17,4,0,0,5,5
Colin Taylor,McMurry,2017-18,20.0,0,2,0,0,0,0,0,0,0,0,1,1,14.97,1,2,0,1,0,0,1,1,0,0,0,3
Colizel Lewis,Mitchell College,2017-18,20.0,2,2,1,1,0,0,0,0,0,0,0,1,14.68,0,3,0,1,1,2,0,0,0,0,1,0
College Of Staten Island,,2017-18,0.0,0,0,0,0,0,0,0,0,0,2,2,1,0.0,0,0,0,0,0,0,0,0,0,0,2,0
Collin Achenbach,Montana-Western,2017-18,20.0,0,1,0,0,0,0,0,0,0,0,0,0,14.8,0,0,0,0,0,0,0,0,0,0,0,0
Collin Gillespie,Villanova,2017-18,20.0,19,34,14,26,10,13,12,10,1,1,18,6,17.97,18,39,10,28,11,11,18,6,1,2,17,4
Collin Hartman,Indiana,2017-18,20.0,17,51,8,34,5,5,14,4,2,8,16,7,17.92,11,32,4,23,4,8,9,4,1,10,22,2
Collin Hartmann,Catholic University,2017-18,0.0,0,0,0,0,0,0,0,0,0,0,0,0,15.57,0,1,0,1,0,0,1,0,0,0,0,0
Collin Huun,Seattle,2017-18,20.0,1,2,1,2,0,0,0,0,0,0,0,0,14.83,0,1,0,1,0,0,0,0,0,0,1,0
Collin Luther,Elon,2017-18,0.0,0,0,0,0,0,0,1,0,0,0,2,0,16.6,0,0,0,0,0,0,1,0,0,1,0,0
Collin McManus,Pennsylvania,2017-18,0.0,0,0,0,0,0,0,0,0,0,0,0,0,14.8,1,1,0,0,0,0,0,0,0,0,0,0
Collin Poorman,Toccoa Falls,2017-18,20.0,0,2,0,0,0,0,1,0,0,0,1,0,14.87,0,2,0,1,0,0,0,0,0,0,1,1
Collin Sexton,Alabama,2017-18,20.0,89,193,21,55,57,79,56,12,3,9,42,43,17.82,92,209,21,62,116,148,54,15,0,23,41,42
Collin Smith,Western State Colorado University,2017-18,20.0,7,14,4,6,0,0,0,1,0,1,2,1,18.78,2,5,0,1,0,0,0,0,0,0,4,2
Collin Stallworth,Illinois-Springfield,2017-18,0.0,0,0,0,0,0,0,0,0,0,0,0,0,20.0,0,1,0,1,0,0,0,0,0,1,1,0
Colorado,,2017-18,0.0,0,0,0,0,0,0,0,0,0,22,19,9,0.0,0,0,0,0,0,0,0,0,0,27,20,5
Colorado Mesa,,2017-18,0.0,0,0,0,0,0,0,0,0,0,0,1,0,0.0,0,0,0,0,0,0,0,0,0,0,1,0
Colorado State,,2017-18,0.0,0,0,0,0,0,0,0,0,0,15,16,11,0.0,0,0,0,0,0,0,0,0,0,24,16,3
Colten Connelly,,2017-18,0.0,0,0,0,0,0,0,0,0,0,0,0,1,0.0,0,0,0,0,0,0,0,0,0,0,0,0
Colton Bishop,Piedmont International,2017-18,20.0,2,6,2,4,0,0,0,0,0,1,0,1,14.88,2,5,1,2,0,0,0,0,0,0,2,1
Colton Otts,Howard Payne,2017-18,20.0,1,4,1,3,2,2,1,0,0,0,2,1,14.95,0,3,0,1,0,0,0,0,0,0,1,1
Colton Watson,Williams Baptist,2017-18,20.0,1,3,1,3,0,0,0,1,0,0,0,0,14.98,2,3,1,2,0,0,0,1,0,0,0,0
Colton Weisbrod,Lamar,2017-18,20.0,78,186,10,28,55,80,35,19,4,47,85,38,20.0,85,169,8,15,51,80,20,12,2,45,72,26
Columbia,,2017-18,0.0,0,0,0,0,0,0,0,0,0,12,14,2,0.0,0,0,0,0,0,0,0,0,0,21,7,3
Columbia International,,2017-18,0.0,0,0,0,0,0,0,0,0,0,1,2,0,0.0,0,0,0,0,0,0,0,0,0,0,1,0
Concord,,2017-18,0.0,0,0,0,0,0,0,0,0,0,2,3,0,0.0,0,0,0,0,0,0,0,0,0,2,1,0
Concordia (AL),,2017-18,0.0,0,0,0,0,0,0,0,0,0,2,0,0,0.0,0,0,0,0,0,0,0,0,0,0,1,0
Concordia (MI),,2017-18,0.0,0,0,0,0,0,0,0,0,0,0,1,0,0.0,0,0,0,0,0,0,0,0,0,2,0,1
Concordia Nebraska,,2017-18,0.0,0,0,0,0,0,0,0,0,0,0,2,0,0.0,0,0,0,0,0,0,0,0,0,1,1,0
Concordia St. Paul,,2017-18,0.0,0,0,0,0,0,0,0,0,0,2,3,1,0.0,0,0,0,0,0,0,0,0,0,2,1,0
Conin Oishi,Willamette,2017-18,20.0,2,3,1,2,0,0,1,1,0,0,0,2,14.92,0,0,0,0,2,2,1,0,0,0,0,1
Conlan Callahan,Mount Marty,2017-18,20.0,1,4,1,3,0,0,1,0,0,0,0,0,14.67,0,1,0,0,0,0,0,0,0,0,0,0
Connecticut,,2017-18,0.0,0,0,0,0,0,0,0,0,0,20,24,4,0.0,0,0,0,0,0,0,0,0,0,20,20,3
Conner Avants,North Dakota,2017-18,20.0,65,122,0,1,17,26,14,14,7,16,53,27,20.0,71,118,0,0,37,64,14,10,3,36,64,24
Conner Boley,Bethel (TN),2017-18,20.0,2,4,0,0,0,2,0,0,0,2,0,0,14.98,0,0,0,0,0,0,0,0,0,0,0,1
Conner Frankamp,Wichita State,2017-18,20.0,60,132,26,70,7,7,32,7,2,3,23,5,14.95,57,142,29,82,24,24,38,16,3,1,28,6
Conner George,Michigan State,2017-18,20.0,0,2,0,1,0,0,0,1,0,1,0,1,16.08,0,0,0,0,0,2,0,1,0,3,0,0
Conner Longmire,Whittier,2017-18,20.0,0,2,0,2,2,2,1,0,0,0,2,0,14.93,0,2,0,2,0,0,0,0,0,0,0,1
Conner Macisaac,Wash & Lee,2017-18,20.0,3,3,1,1,0,0,0,0,0,0,2,1,14.88,0,0,0,0,0,0,0,0,0,0,1,0
Conner Toolson,Utah Valley,2017-18,20.0,60,143,33,85,23,25,25,21,6,5,47,20,14.83,60,128,31,81,23,31,20,21,2,13,43,19
Connor Bennett,UMass Lowell,2017-18,20.0,23,33,0,0,9,14,3,2,4,15,16,9,20.0,17,25,0,0,10,11,4,1,5,11,12,1
Connor Bradley,MIT,2017-18,20.0,0,1,0,0,0,0,1,0,0,0,0,1,20.0,0,0,0,0,0,0,0,0,0,0,0,1
Connor Burchfield,William & Mary,2017-18,20.0,69,128,47,85,5,6,26,13,0,4,51,26,14.88,53,99,35,70,25,29,23,8,3,3,38,14
Connor Cashaw,Rice,2017-18,20.0,77,169,23,65,37,53,36,23,2,23,83,33,20.0,63,181,23,77,53,71,48,17,0,16,82,28
Connor Cole,,2017-18,1.13,0,1,0,0,0,0,1,2,0,5,1,2,0.0,0,0,0,0,0,0,0,0,0,1,1,0
Connor Evans,Rockhurst,2017-18,20.0,0,1,0,0,0,0,1,1,0,0,2,3,17.65,0,2,0,0,0,0,2,0,0,1,0,0
Connor Gholson,,2017-18,0.0,0,0,0,0,0,0,0,0,1,0,0,0,0.0,0,0,0,0,0,0,0,0,0,1,0,0
Connor Head,La Verne,2017-18,20.0,4,7,2,3,2,2,0,1,0,0,0,1,14.87,1,4,0,1,0,0,0,0,1,1,2,1
Connor Hellebust,University of Mary,2017-18,20.0,1,1,1,1,2,3,0,0,0,1,1,1,14.83,0,2,0,1,0,0,0,0,0,0,0,0
Connor Kern,Arkansas State,2017-18,20.0,14,45,12,37,4,8,11,5,2,3,18,13,16.88,19,50,14,37,5,5,10,7,1,4,13,7
Connor Maddox,Kentucky Christian,2017-18,0.0,1,8,1,6,0,0,1,0,0,3,1,1,14.82,1,5,1,3,2,2,0,0,0,0,0,0
Connor Mannion,,2017-18,0.0,0,0,0,0,0,0,0,0,0,0,0,0,0.0,0,0,0,0,0,0,0,0,0,0,1,0
Connor McCaffery,Iowa,2017-18,20.0,1,1,0,0,1,1,3,1,0,0,3,2,14.85,0,1,0,1,0,1,3,1,0,0,0,2
Connor McClenaghan,Marist,2017-18,20.0,15,36,7,17,6,9,7,3,6,5,17,12,20.0,9,24,4,10,4,7,4,4,8,6,15,4
Connor Nichols,Mesa College,2017-18,20.0,3,6,2,3,0,0,2,0,0,0,4,1,14.95,1,3,0,0,0,0,0,0,1,1,0,3
Connor Niego,Holy Cross,2017-18,20.0,18,40,10,25,2,4,3,2,5,2,9,6,17.03,9,30,3,16,0,0,2,2,3,4,23,7
Connor O'Hearn,Black Hills State,2017-18,20.0,1,1,1,1,0,0,1,0,0,0,0,1,14.77,0,0,0,0,0,0,0,0,0,0,1,0
Connor Phee,,2017-18,3.18,2,4,0,0,0,0,0,0,0,2,1,1,0.0,3,4,0,0,5,6,0,0,0,1,1,0
Connor Rufo,Delaware,2017-18,0.0,0,0,0,0,0,0,0,0,0,0,0,0,17.88,0,1,0,0,1,2,0,0,0,0,0,0
Connor Schroeder,Lynchburg,2017-18,20.0,4,6,1,3,0,0,0,1,0,1,2,0,19.93,3,10,1,4,2,2,2,2,0,0,0,1
Connor Smith,Oglethorpe,2017-18,20.0,2,5,1,3,0,0,0,0,0,2,0,3,14.75,2,7,1,6,0,0,0,0,1,0,1,0
Cooper George,Bob Jones University,2017-18,20.0,2,2,1,1,0,0,4,0,0,1,0,1,14.95,0,0,0,0,0,0,0,0,0,0,0,1
Cooper Kabela,Cornell College,2017-18,0.0,0,0,0,0,0,0,0,0,0,0,1,2,12.02,1,1,1,1,0,0,0,0,0,0,1,0
Coppin State,,2017-18,0.0,0,0,0,0,0,0,0,0,0,6,21,15,0.0,0,0,0,0,0,0,0,0,0,13,14,5
Corbin Pierce,Northwestern Ohio,2017-18,20.0,1,7,0,2,1,1,0,0,0,0,3,0,20.0,3,7,1,4,0,0,1,0,0,0,1,1
Cordell Gillingham,Concordia College (NE),2017-18,20.0,0,4,0,2,0,0,1,0,0,0,2,0,14.77,0,2,0,1,2,2,1,0,0,1,0,0
Cordell Pemsl,Iowa,2017-18,20.0,27,59,0,0,25,36,27,7,5,15,45,26,14.93,36,53,0,0,22,34,18,0,4,21,57,17
Cordell Veira,Florida Memorial,2017-18,20.0,4,19,1,7,3,8,16,5,0,2,13,7,12.82,7,17,5,8,2,7,5,1,2,2,10,2
Corey Allen,Detroit Mercy,2017-18,20.0,67,159,33,80,25,30,35,13,1,5,41,41,15.68,67,151,25,70,49,63,27,7,0,8,39,26
Corey Baker,Hartwick,2017-18,20.0,4,5,4,5,0,0,1,3,0,0,1,0,14.75,1,3,1,1,0,0,0,1,0,0,0,2
Corey Brown,Northern Arizona,2017-18,20.0,33,56,0,1,13,25,4,11,2,15,23,17,14.82,29,47,0,0,18,27,6,3,5,16,32,11
Corey Cilia,UC Santa Cruz,2017-18,20.0,2,5,0,2,0,1,1,0,0,0,1,0,14.8,1,2,0,0,0,1,1,0,0,0,0,2
Corey Davis,Cornell College,2017-18,20.0,0,1,0,0,0,2,4,2,0,0,3,3,12.02,2,5,0,1,2,2,2,0,0,0,2,1
Corey Davis Jr,Houston,2017-18,20.0,0,0,0,0,0,0,29,0,0,0,0,0,16.13,0,0,0,0,0,0,25,0,0,0,0,0
Corey Davis Jr.,Houston,2017-18,20.0,81,170,60,122,24,32,14,16,0,13,42,28,16.13,61,153,41,113,33,39,11,15,1,9,42,21
Corey Fitz,Emerson College,2017-18,20.0,2,6,2,5,0,0,1,0,0,0,2,1,14.52,0,1,0,1,0,0,0,0,0,0,1,0
Corey Frost,Lyndon State College,2017-18,20.0,0,2,0,2,0,0,0,0,0,0,0,3,14.82,2,3,1,2,0,0,0,1,0,0,0,1
Corey Grimes,Rust,2017-18,0.0,0,1,0,1,0,0,0,0,0,0,2,0,14.97,1,2,0,0,0,0,1,0,0,1,2,1
Corey Henderson Jr,Tulsa,2017-18,20.0,0,0,0,0,0,0,15,0,0,0,0,0,20.0,0,0,0,0,0,0,11,0,0,0,0,0
Corey Henderson Jr.,Tulsa,2017-18,20.0,51,136,41,106,11,14,5,10,0,5,33,12,20.0,44,122,29,82,38,50,1,9,0,5,22,6
Corey Johnson,Harvard,2017-18,20.0,32,83,28,76,5,7,16,6,2,4,34,11,20.0,32,92,24,77,6,6,18,9,2,3,42,8
Corey Kispert,Gonzaga,2017-18,20.0,50,104,27,67,10,17,15,4,3,18,37,12,14.97,33,72,11,39,13,17,9,6,1,18,29,8
Corey Lloyd,Silver Lake College,2017-18,20.0,1,2,0,1,2,2,0,0,0,1,1,4,14.95,2,3,1,2,0,0,0,0,0,0,0,1
Corey Mendez,Elizabeth City,2017-18,20.0,0,3,0,1,0,0,0,1,0,0,0,1,19.77,0,0,0,0,1,2,3,0,0,0,1,2
Corey Redman,Central Michigan,2017-18,20.0,3,6,2,4,0,0,1,0,0,4,4,1,20.0,0,1,0,1,0,0,0,1,0,0,0,0
Corey Romich,Jacksonville,2017-18,0.0,4,17,3,15,0,0,3,1,0,0,4,1,14.97,4,9,4,9,0,1,4,3,0,3,1,1
Corey Sanders,Rutgers,2017-18,20.0,90,242,8,49,26,36,53,24,3,10,68,34,14.85,105,234,13,43,50,71,46,19,6,8,50,38
Corey Shervill,St. Edward's,2017-18,20.0,1,4,0,2,0,0,3,1,0,1,1,2,17.1,4,5,2,2,0,1,0,0,0,3,9,5
Corey Taite,Wilmington,2017-18,20.0,0,3,0,1,2,4,2,0,0,0,1,2,18.05,0,1,0,0,1,2,3,1,0,2,1,3
Corey Tillery,Tennessee Tech,2017-18,20.0,8,28,5,18,0,0,3,1,0,1,4,2,14.68,3,16,2,13,2,2,1,3,0,0,4,4
Corey Tobin,Reinhardt,2017-18,20.0,3,9,3,9,2,2,0,2,0,0,4,1,14.77,0,3,0,3,0,0,2,0,0,1,1,1
Corey Wyman,Ohio Christian,2017-18,20.0,0,2,0,1,0,0,0,0,0,0,0,0,14.98,0,0,0,0,0,0,0,0,0,0,0,1
Cori Johnson,St. Francis (BKN),2017-18,20.0,4,13,0,0,8,13,1,1,2,3,5,5,20.0,1,4,0,0,0,0,0,0,0,1,1,1
Cornelius Johnson,Greensboro,2017-18,20.0,2,6,0,1,1,4,1,1,0,0,1,1,14.87,0,1,0,0,1,4,0,0,0,0,1,1
Cornelius Lawhorn,Lincoln Christian,2017-18,20.0,1,5,0,0,2,2,1,0,1,0,2,3,14.63,0,2,0,0,0,0,0,1,0,0,0,0
Cornell,,2017-18,0.0,0,0,0,0,0,0,0,0,0,20,21,3,0.0,0,0,0,0,0,0,0,0,0,15,12,6
Cornell (IA),,2017-18,0.0,0,0,0,0,0,0,0,0,0,2,1,0,0.0,0,0,0,0,0,0,0,0,0,1,0,0
Corry Long,Stony Brook,2017-18,0.0,0,0,0,0,0,0,0,0,0,0,0,0,14.82,0,1,0,1,0,0,0,0,0,0,1,1
Cortez Edwards,Southern Miss,2017-18,20.0,80,187,10,40,33,44,41,31,5,32,63,33,18.57,102,198,9,34,55,72,41,33,5,29,65,23
Cortez Mitchell,Charleston Southern,2017-18,20.0,44,104,4,21,16,21,27,8,2,5,55,25,20.0,41,86,5,19,31,39,22,13,0,2,23,13
Cortez Seales,North Dakota,2017-18,20.0,72,143,2,8,21,34,26,15,7,8,36,17,20.0,55,121,2,7,25,39,29,15,8,14,41,16
Cortland Gillespie,East-West University,2017-18,19.97,0,3,0,1,4,6,1,0,0,0,1,3,14.58,2,6,0,2,2,2,0,0,0,0,1,2
Cory Calvert,Utah Valley,2017-18,20.0,1,10,1,8,2,2,8,2,0,0,6,5,14.58,4,11,1,6,2,2,8,0,0,1,7,3
Cory Gensler,Campbell,2017-18,20.0,48,106,26,59,4,6,21,12,4,8,56,9,20.0,34,97,15,58,7,10,27,16,5,11,60,12
Cory Kilby,Mercer,2017-18,20.0,19,42,12,26,9,12,12,5,4,11,28,7,20.0,15,38,6,23,7,13,6,2,3,4,23,6
Cory Kreiger,Anderson (IN),2017-18,20.0,0,4,0,2,0,0,1,0,2,2,1,0,14.78,2,3,1,2,0,0,0,0,0,1,0,1
Cory McKendree,St. Edward's,2017-18,20.0,1,2,0,0,0,0,1,0,1,1,0,0,17.1,1,2,0,0,0,0,1,1,0,0,1,1
Cory Wilhelm,University of the Ozarks,2017-18,20.0,1,1,0,0,0,0,2,0,0,0,3,1,14.8,4,5,0,0,2,2,0,0,0,2,0,2
Costa Anderson,Albany,2017-18,20.0,13,39,11,30,2,3,9,2,0,3,11,4,20.0,10,35,7,27,1,2,5,5,0,2,7,6
Courtney Alexander II,Tennessee Tech,2017-18,20.0,25,69,0,1,26,46,27,12,17,34,78,38,14.68,41,79,0,0,35,69,20,14,7,31,94,30
Courtney Julien,Our Lady of the Lake,2017-18,20.0,9,18,4,10,4,4,2,2,1,0,6,4,20.0,5,12,3,7,6,8,3,0,0,1,5,4
Courtney Stockard,St. Bonaventure,2017-18,20.0,69,158,12,37,32,46,35,22,4,16,76,40,19.95,69,128,6,14,64,79,30,19,6,21,73,32
Coye Simmons,Georgia Southern,2017-18,19.98,16,37,0,0,7,9,2,4,0,26,35,11,14.93,7,12,0,0,8,11,2,1,0,16,23,4
Craig Bowman,Florida A&M,2017-18,20.0,7,23,2,12,0,0,10,1,0,2,13,12,14.73,3,18,0,8,2,5,9,6,0,0,6,7
Craig Eubanks,Akron,2017-18,20.0,1,2,1,2,0,0,1,0,0,0,2,1,20.0,0,1,0,0,0,0,0,0,1,0,2,1
Craig Hinton,Appalachian State,2017-18,20.0,31,64,21,49,1,6,7,3,11,18,39,17,14.87,25,49,11,32,14,18,9,4,9,16,39,11
Craig Jeudy,Fisk,2017-18,0.0,0,0,0,0,1,2,1,0,0,1,2,0,17.92,2,4,1,1,3,4,1,1,0,1,2,0
Creighton,,2017-18,0.0,0,0,0,0,0,0,0,0,0,17,18,1,0.0,0,0,0,0,0,0,0,0,0,13,20,2
Creighton Pfau,Mayville State,2017-18,20.0,1,2,1,1,0,0,0,0,0,0,3,1,14.7,0,0,0,0,0,0,0,0,0,0,0,0
Crew Ainge,Utah State,2017-18,0.0,0,5,0,3,0,1,4,4,0,2,2,4,14.9,1,6,0,3,3,4,2,2,0,1,0,1
Cristen Wilson,Lewis,2017-18,20.0,1,3,0,0,1,2,0,0,0,1,1,1,14.77,2,5,0,0,1,2,0,0,0,0,3,0
Cullen Neal,Saint Mary's,2017-18,20.0,23,66,12,33,9,11,7,5,0,4,17,14,15.78,22,50,13,31,28,36,19,4,0,2,26,8
Cullen Smith,Culver-Stockton,2017-18,20.0,6,12,0,0,1,1,0,0,0,2,6,2,14.53,3,3,0,0,5,6,1,0,0,1,7,2
Cullen VanLeer,Missouri,2017-18,20.0,18,44,14,38,0,3,19,6,0,2,25,11,17.85,6,20,3,17,0,4,8,6,0,0,12,8
Culver-Stockton,,2017-18,0.0,0,0,0,0,0,0,0,0,0,1,4,1,0.0,0,0,0,0,0,0,0,0,0,0,3,1
Curran Scott,Tulsa,2017-18,20.0,27,67,12,28,28,34,10,4,0,11,28,21,20.0,23,60,4,20,29,34,9,6,1,6,16,13
Curry College,,2017-18,0.0,0,0,0,0,0,0,0,0,0,0,2,1,0.0,0,0,0,0,0,0,0,0,0,3,0,0
Curtis Haywood II,Georgia Tech,2017-18,20.0,11,30,8,23,8,9,16,6,3,5,11,10,20.0,13,29,9,20,7,9,17,6,2,2,23,6
Curtis Jenkins,Molloy,2017-18,20.0,9,20,3,6,1,1,0,3,1,3,8,6,14.62,3,9,1,4,2,2,1,2,0,0,2,8
Curtis Jones,Indiana,2017-18,20.0,2,11,1,7,2,2,2,2,1,1,3,1,14.98,4,10,3,9,0,0,1,1,1,0,4,0
Curtis Lewis,Rockhurst,2017-18,20.0,1,6,0,2,0,0,0,0,0,0,1,3,17.65,4,10,3,6,0,0,1,1,0,0,0,0
Curtis Mitchell,Wash & Lee,2017-18,20.0,1,3,1,2,0,0,0,0,0,0,1,0,14.88,1,2,1,2,0,2,2,0,1,1,4,2
Curtis Phillips Jr,Tennessee Tech,2017-18,0.0,0,0,0,0,0,0,25,0,0,0,0,0,14.68,0,0,0,0,0,0,40,0,0,0,0,0
Curtis Phillips Jr.,Tennessee Tech,2017-18,20.0,61,180,25,85,30,41,0,23,11,19,56,49,14.68,77,166,31,74,64,93,0,28,8,14,73,43
Curtis Ryan,Alaska Anchorage,2017-18,20.0,1,2,1,2,0,0,1,0,0,2,0,0,20.0,0,0,0,0,0,0,0,0,0,0,0,0
Cyrie Spencer,Penn State Brandywine,2017-18,20.0,0,4,0,2,0,0,0,0,0,0,0,0,14.97,0,1,0,1,0,0,0,0,0,1,0,1
Cyril Langevine,Rhode Island,2017-18,20.0,27,49,0,0,14,33,4,3,17,37,54,18,20.0,33,47,0,0,19,39,5,7,17,30,40,8
Czar Perry,Northwestern State,2017-18,20.0,20,50,2,13,6,10,13,4,0,4,12,22,14.62,24,52,3,13,7,15,12,2,1,4,7,25
D  Jr Hardaway,,2017-18,0.0,0,0,0,0,0,0,0,0,0,0,0,1,0.0,0,0,0,0,0,0,0,0,0,0,0,0
D'Aaron Davis,Louisiana College,2017-18,20.0,1,4,0,0,2,5,0,2,0,1,4,2,14.82,2,2,0,0,0,3,0,0,2,0,2,2
D'Andre Johnson,North Carolina A&T,2017-18,20.0,1,4,0,1,0,1,2,0,2,0,3,0,14.8,1,1,0,0,1,2,0,0,0,1,0,0
D'Andre Mathis,Kean,2017-18,20.0,1,2,0,0,0,0,0,0,0,0,1,0,14.78,1,3,0,0,1,1,0,0,0,1,0,0
D'Andre Mullen,Ferrum,2017-18,20.0,2,3,0,0,2,2,2,2,0,0,2,5,14.75,0,0,0,0,0,0,0,0,0,0,0,2
D'Angelo Griffin,Williams Baptist,2017-18,20.0,1,5,0,2,0,0,0,0,1,0,1,0,14.98,0,1,0,0,1,2,0,0,0,0,0,1
D'Angelo Hunter,West Virginia,2017-18,20.0,1,9,1,6,3,4,1,0,1,3,4,1,14.9,2,6,1,4,2,2,0,0,0,2,1,1
D'Angelo Jackson,Eastern Illinois,2017-18,20.0,11,37,0,3,16,26,17,4,1,7,15,21,20.0,16,39,4,4,24,40,13,9,0,5,13,21
D'Angelo McClinton,LSU Shreveport,2017-18,20.0,0,1,0,0,0,1,1,0,0,0,0,1,20.0,0,2,0,1,0,0,0,0,0,0,0,0
D'Angelo Richardson,Southern Miss,2017-18,20.0,19,61,11,35,5,6,23,10,0,2,18,23,18.57,14,50,3,23,28,32,24,5,1,3,20,13
D'Angelo West,SE Louisiana,2017-18,20.0,3,17,3,15,0,0,1,0,0,0,2,4,14.88,1,12,1,11,0,0,2,1,0,0,4,0
D'Ante Russell-Hall,Southern-New Orleans,2017-18,20.0,3,8,2,6,3,8,2,1,1,3,7,7,18.57,7,15,5,11,2,5,0,3,2,0,5,2
D'Marcus Simonds,Georgia State,2017-18,20.0,145,305,28,73,51,75,71,31,13,20,59,61,14.93,116,242,8,48,77,105,69,24,10,23,80,52
D'Marques Tyson,Portland,2017-18,20.0,45,79,32,56,7,10,8,3,0,1,30,8,20.0,26,64,24,54,8,8,7,4,0,3,18,9
D'Mitrik Trice,Wisconsin,2017-18,20.0,20,49,7,19,0,3,9,2,0,0,11,5,14.57,11,36,3,17,12,14,13,3,0,2,6,6
D'Shawn Schwartz,Colorado,2017-18,20.0,16,42,6,22,4,6,5,2,0,2,28,6,17.9,16,38,9,19,9,10,2,1,0,3,22,3
D'shea Williams,Providence (MT),2017-18,20.0,2,2,1,1,0,0,0,0,0,0,1,0,14.9,1,1,1,1,0,0,0,0,0,0,1,0
D.C. Davis,Ole Miss,2017-18,20.0,0,0,0,0,1,2,0,1,0,0,0,1,15.37,0,1,0,1,1,2,0,0,0,0,1,1
D.J. Bustos,New Mexico Highlands,2017-18,20.0,1,2,1,2,0,0,0,0,0,1,0,0,16.72,1,1,0,0,0,0,0,0,0,0,0,0
D.J. Foreman,Saint Louis,2017-18,20.0,39,66,0,1,15,33,0,8,6,14,35,27,17.4,41,62,0,0,20,39,2,3,1,17,32,24
D.J. Harvey,Notre Dame,2017-18,20.0,18,58,7,26,5,10,4,5,2,7,18,9,17.88,14,31,7,16,10,15,2,5,0,7,20,2
D.J. Heath,Canisius,2017-18,0.0,1,7,0,3,0,2,0,1,0,1,3,1,19.88,2,5,1,4,0,1,0,1,0,1,2,3
D.J. Hill,Mobile,2017-18,20.0,0,1,0,0,0,2,0,1,0,0,1,4,17.9,1,8,0,3,1,2,0,1,0,1,2,1
D.J. Iles,Wilmington (OH),2017-18,20.0,0,1,0,0,2,2,0,0,0,0,0,1,14.75,0,1,0,0,0,0,0,0,0,0,0,0
D.J. Jackson,SIU-Edwardsville,2017-18,0.0,4,9,1,3,3,5,0,2,0,2,6,1,14.97,9,20,1,6,4,6,0,1,0,9,6,1
D.J. McCall,IUPUI,2017-18,20.0,29,72,4,14,13,22,0,24,3,16,31,15,14.78,37,83,6,20,35,45,0,18,6,25,36,23
D.J. Mitchell,Miles,2017-18,0.0,0,0,0,0,0,0,0,0,0,0,0,0,14.85,0,1,0,0,0,0,0,0,0,0,0,0
D.J. Porter,St. Francis (BKN),2017-18,20.0,26,62,1,15,13,16,0,16,3,19,34,12,20.0,33,70,8,27,20,24,0,12,6,16,45,9
DC Davis,Ole Miss,2017-18,0.0,0,0,0,0,0,0,0,0,0,0,0,0,15.37,0,0,0,0,0,0,1,0,0,0,0,0
DJ Ahana,Multnomah,2017-18,20.0,0,1,0,1,0,0,0,0,0,1,0,0,14.8,0,0,0,0,2,2,0,0,0,0,1,0
DJ Brooks,North Greenville,2017-18,20.0,3,6,2,3,0,0,1,1,0,1,1,1,14.93,1,4,1,3,2,2,0,0,0,0,0,0
DJ Bryant,UT Arlington,2017-18,0.0,4,11,2,6,0,1,19,6,0,1,8,7,20.0,8,20,4,12,10,15,15,7,0,2,15,8
DJ Clayton,LSU Shreveport,2017-18,20.0,2,5,0,2,2,5,0,0,0,1,3,1,20.0,6,7,0,0,2,3,0,1,1,2,1,0
DJ Dobson,South Wesleyan,2017-18,20.0,3,6,0,1,2,2,0,0,0,2,2,3,14.77,4,9,0,1,0,0,1,0,0,0,1,1
DJ Draper,North Texas,2017-18,20.0,23,60,19,55,2,4,9,10,0,2,24,7,14.73,25,53,22,48,10,13,7,9,0,5,12,10
DJ Foreman,Saint Louis,2017-18,20.0,0,0,0,0,0,0,14,0,0,0,0,0,20.0,0,0,0,0,0,0,9,0,0,0,0,0
DJ Franklin,Henderson State,2017-18,20.0,0,2,0,2,0,0,0,0,0,0,0,1,17.87,2,4,0,1,1,1,0,0,1,1,2,1
DJ Harvey,,2017-18,19.43,0,0,0,0,0,0,3,0,0,0,0,0,0.0,0,0,0,0,0,0,1,0,0,0,0,0
DJ Heath,Canisius,2017-18,20.0,0,0,0,0,0,0,2,0,0,0,0,0,17.93,0,0,0,0,0,0,0,0,0,0,0,0
DJ Hill,Mobile,2017-18,0.0,0,0,0,0,0,0,1,0,0,0,0,0,17.9,0,0,0,0,0,0,1,0,0,0,0,0
DJ Hogg,Texas A&M,2017-18,20.0,58,145,34,86,21,29,39,15,13,19,58,31,14.87,61,141,31,84,26,37,38,12,14,18,72,21
DJ Jackson,SIU-Edwardsville,2017-18,20.0,0,0,0,0,0,0,2,0,0,0,0,0,20.0,0,0,0,0,0,0,1,0,0,0,0,0
DJ Laster,Gardner-Webb,2017-18,20.0,93,168,10,24,10,20,9,8,8,28,54,34,14.77,74,171,9,38,30,43,4,9,5,30,49,22
DJ McCall,IUPUI,2017-18,20.0,0,0,0,0,0,0,24,0,0,0,0,0,14.78,0,0,0,0,0,0,28,0,0,0,0,0
DJ Porter,St. Francis (BKN),2017-18,20.0,0,0,0,0,0,0,16,0,0,0,0,0,20.0,0,0,0,0,0,0,14,0,0,0,0,0
DJ Roulhac,Thomas (GA),2017-18,20.0,1,2,1,1,0,0,0,0,0,0,0,0,14.92,0,0,0,0,0,0,0,0,0,0,0,3
DJ Sylvester,UC Riverside,2017-18,20.0,35,91,15,38,19,35,12,9,1,8,20,17,19.42,20,63,6,26,25,30,9,3,0,5,28,16
DJ Townsend,Midway,2017-18,20.0,1,12,1,5,0,0,0,0,1,0,2,1,14.68,0,7,0,4,0,0,1,1,0,1,0,1
DJ White,Missouri-St. Louis,2017-18,20.0,2,4,0,1,0,0,0,0,0,0,2,0,15.58,1,4,1,1,0,0,0,0,0,0,0,0
Da'Monte Williams,Illinois,2017-18,20.0,17,55,5,24,11,16,21,12,3,12,33,10,14.97,15,44,4,15,18,22,12,10,1,15,18,17
Da'Shawn Robinson,Lamar,2017-18,20.0,4,13,2,8,2,4,4,1,1,1,7,1,17.98,2,7,0,4,0,0,2,3,0,0,1,0
Da'kquan Davis,Arcadia University,2017-18,20.0,3,6,2,2,5,6,1,1,0,1,1,0,18.55,1,5,0,1,3,5,1,0,0,2,0,0
Da-Rion King,East Central,2017-18,20.0,2,7,0,0,5,9,2,0,1,3,10,2,16.12,4,7,0,0,4,4,3,1,0,1,3,2
DaQuan Bracey,Louisiana Tech,2017-18,20.0,50,108,11,32,19,34,40,7,1,8,17,27,14.87,41,91,11,24,29,45,40,8,1,7,12,24
DaQuan Jeffries,Tulsa,2017-18,20.0,41,86,14,39,15,17,8,9,15,22,39,17,20.0,39,66,8,16,15,19,10,6,18,20,34,15
DaQuon Copeland,Mid-Atlantic Christian University,2017-18,20.0,3,7,1,1,2,2,0,0,0,2,2,2,14.7,0,1,0,0,0,1,0,0,0,0,1,2
DaRon Curry,Rowan University,2017-18,20.0,0,4,0,2,0,0,1,1,1,0,1,2,14.95,2,2,0,0,0,0,0,0,0,0,1,1
Daaron Maston,Le Moyne-Owen,2017-18,20.0,0,3,0,1,0,0,2,0,0,0,3,2,17.98,2,9,0,4,3,3,1,0,0,1,3,3
Dachon Burke,Robert Morris,2017-18,20.0,76,189,13,51,23,34,30,26,4,20,49,28,18.08,94,196,20,55,56,90,36,27,9,29,54,41
Daejon Davis,Stanford,2017-18,20.0,53,116,10,22,25,39,78,18,2,11,61,66,20.0,54,107,12,31,60,87,67,20,4,12,46,59
Daeqwon Plowden,Bowling Green,2017-18,20.0,27,75,5,28,7,13,7,7,7,11,26,15,20.0,30,59,8,19,8,17,5,7,6,16,31,10
Daijon Macklien,Georgia Southwestern,2017-18,20.0,0,1,0,0,0,0,1,0,0,0,0,1,19.55,1,2,0,0,0,0,0,1,0,0,3,0
Dainan Swoope,Elon,2017-18,20.0,51,153,26,98,33,37,61,13,3,4,47,28,14.73,51,145,30,87,44,58,57,12,4,4,36,35
Dainius Chatkevicius,Evansville,2017-18,20.0,33,60,0,0,6,15,4,5,20,28,64,19,16.88,33,54,0,0,12,22,1,2,18,17,55,14
Daivon Gamble,Delaware State,2017-18,20.0,0,4,0,0,3,4,0,0,2,2,6,3,14.85,7,11,1,1,6,6,1,4,2,3,2,1
Dajour Dickens,Providence,2017-18,20.0,1,2,0,0,0,0,0,0,0,0,2,0,14.77,0,0,0,0,0,0,0,0,0,0,0,0
Dajour Joseph,La Salle,2017-18,0.0,0,0,0,0,0,0,0,0,0,0,0,0,20.0,2,3,1,1,0,0,1,0,0,1,0,0
Dajuan Jones,Sam Houston State,2017-18,20.0,2,6,0,3,3,7,3,1,0,0,2,2,14.87,2,6,1,2,0,2,9,0,0,0,2,5
Dakota Barkley,,2017-18,9.52,0,1,0,1,0,0,0,0,0,0,0,0,0.0,0,2,0,1,0,0,0,0,0,0,0,2
Dakota Bostic,,2017-18,2.7,0,1,0,1,0,0,1,0,0,0,2,0,0.0,0,0,0,0,0,0,0,0,0,0,1,1
Dakota Mathias,Purdue,2017-18,20.0,75,157,48,100,23,25,71,23,7,2,73,33,14.87,66,144,43,95,19,27,72,20,0,2,65,19
Dakota Mays,Berea,2017-18,20.0,0,3,0,3,0,0,0,1,0,0,1,1,14.72,0,2,0,1,0,0,0,0,0,0,0,2
Dakota Patton,Johnson & Wales (CO),2017-18,0.0,0,0,0,0,0,0,0,0,0,0,0,0,14.68,0,1,0,1,0,0,0,0,0,1,0,1
Dakota Pierce,MIT,2017-18,20.0,1,3,0,2,0,0,0,0,0,1,0,0,20.0,0,1,0,0,0,0,0,0,0,0,1,0
Dakota Quinn,KY Wesleyan,2017-18,20.0,1,1,0,0,0,0,0,0,2,0,2,0,14.78,0,0,0,0,0,0,0,0,0,0,0,1
Dakota State,,2017-18,0.0,0,0,0,0,0,0,0,0,0,0,1,0,0.0,0,0,0,0,0,0,0,0,0,0,1,0
Dalan Ancrum,Western Illinois,2017-18,20.0,53,134,21,64,18,19,19,15,7,7,54,28,14.75,62,124,20,47,41,50,24,7,2,12,52,29
Dale Jones,North Dakota,2017-18,20.0,71,150,44,100,24,27,15,12,6,6,91,27,20.0,47,113,23,70,21,27,12,6,4,13,79,20
Dalen Dotson,,2017-18,0.0,0,0,0,0,0,0,0,0,0,0,0,1,0.0,0,0,0,0,0,0,0,0,0,0,0,0
Dalen Traore,Evansville,2017-18,20.0,12,27,0,0,15,20,3,2,3,13,30,10,16.88,4,19,0,1,19,24,2,3,0,15,21,4
Dalen Victor,,2017-18,0.0,0,0,0,0,0,0,0,0,0,0,0,1,0.0,0,0,0,0,0,0,0,0,0,0,0,0
Dalique Mingo,Howard,2017-18,20.0,13,31,3,7,15,18,15,7,1,7,23,11,20.0,14,40,0,8,18,19,15,5,1,4,14,14
Dallas Christian,,2017-18,0.0,0,0,0,0,0,0,0,0,0,0,0,1,0.0,0,0,0,0,0,0,0,0,0,2,0,0
Dallas Haywood,Fontbonne College,2017-18,20.0,0,1,0,0,2,2,1,0,0,1,1,0,14.88,1,2,1,2,0,0,0,0,0,0,1,0
Dallas Marshall,Washington College (MD),2017-18,20.0,7,9,0,0,0,0,1,0,0,4,3,3,14.9,1,1,0,0,0,0,0,0,0,0,0,2
Dallas Polk-Hilliard,University of Mary,2017-18,0.0,0,1,0,1,0,0,0,0,0,0,0,0,14.83,4,6,1,2,0,0,0,0,0,0,2,1
Dallas Walton,Colorado,2017-18,20.0,37,77,2,6,3,6,11,4,16,15,36,13,14.78,23,52,3,6,11,18,5,3,13,8,28,7
Dalonte Brown,Miami (OH),2017-18,20.0,54,124,12,35,19,25,6,8,8,16,69,18,20.0,37,87,10,30,10,21,2,5,11,17,63,18
Dalton Dry,TCU,2017-18,0.0,0,0,0,0,0,0,0,0,0,0,0,0,14.75,1,2,1,2,0,0,0,0,0,0,0,0
Dalton Gaus,Frostburg State,2017-18,20.0,1,2,1,2,0,0,0,1,0,0,0,1,14.93,1,4,0,2,2,2,2,0,0,1,2,0
Dalton Myers,York College Pa,2017-18,20.0,4,8,0,1,2,2,0,0,0,2,0,1,18.7,0,1,0,0,4,4,2,0,0,0,1,1
Dalton Nixon,BYU,2017-18,20.0,23,47,4,15,14,17,13,4,5,14,21,10,14.72,19,35,1,5,19,30,12,7,0,8,14,8
Damani Applewhite,South Carolina State,2017-18,20.0,38,70,1,1,9,13,7,2,1,13,29,13,14.57,33,61,0,2,27,34,5,5,1,12,27,3
Damari Milstead,Grand Canyon,2017-18,20.0,8,28,2,7,3,3,13,4,1,2,7,13,14.73,15,23,3,5,20,26,6,6,1,0,3,8
Damarion Geter,Longwood,2017-18,20.0,42,67,0,1,17,28,29,8,17,21,68,30,17.98,44,82,2,3,34,51,25,15,13,38,67,12
Damian Archer,Miles,2017-18,20.0,0,3,0,0,0,0,0,0,0,0,1,0,14.85,2,3,0,0,0,0,0,0,0,0,0,0
Damian Hurta,Columbia International,2017-18,20.0,0,1,0,1,2,2,2,0,0,0,3,3,14.77,1,6,1,5,0,0,0,0,0,0,3,4
Damien Sears,Jacksonville,2017-18,20.0,12,26,0,1,0,8,1,10,2,12,11,8,14.97,6,12,0,0,3,7,3,3,1,6,18,6
Damion Moore,Temple,2017-18,0.0,18,35,0,0,9,16,1,1,2,14,16,7,20.0,18,29,0,0,5,15,0,3,4,7,8,4
Damion Rosser,New Orleans,2017-18,20.0,30,56,2,5,9,16,15,5,2,12,22,20,17.68,22,49,0,1,18,37,19,3,1,13,20,13
Damir Hadzic,Little Rock,2017-18,20.0,13,47,6,26,12,18,12,3,3,11,15,18,20.0,23,40,9,22,5,6,10,3,0,6,16,7
Damiyne Durham,CSU Bakersfield,2017-18,19.98,33,91,22,62,1,2,9,7,4,2,15,19,14.93,44,114,25,79,13,21,10,12,2,9,17,10
Damon Dubots,Mesa College,2017-18,20.0,3,7,0,0,1,4,1,1,0,0,1,0,14.95,0,1,0,0,0,0,0,0,1,0,0,0
Damon Hofmann,,2017-18,0.0,0,0,0,0,0,0,0,0,0,0,0,0,0.0,0,0,0,0,0,0,0,0,0,0,0,1
Damon Leach,Texas A&M-International,2017-18,20.0,2,3,0,0,0,0,0,0,0,0,0,0,17.83,0,0,0,0,0,0,0,0,0,0,0,0
Damon McDowell,NC Wesleyan,2017-18,20.0,3,4,0,0,0,2,3,1,0,2,3,2,14.68,1,3,0,1,0,0,0,0,0,1,2,1
Damontez Oliver,Campbell,2017-18,20.0,28,56,19,39,16,22,10,6,0,3,24,10,20.0,16,41,11,28,6,12,5,3,1,3,14,5
Dan Devine,Oneonta State,2017-18,20.0,0,1,0,0,0,0,0,0,0,0,1,0,15.07,0,0,0,0,0,0,1,1,0,0,0,0
Dan Dwyer,Pennsylvania,2017-18,0.0,1,2,0,0,0,0,0,0,0,0,1,1,20.0,0,0,0,0,0,1,2,0,0,1,2,0
Dan Jech,South Dakota,2017-18,20.0,15,23,0,2,8,11,5,0,1,7,12,6,14.92,8,17,0,1,8,10,2,2,1,6,9,2
Dan Kimasa,UT Rio Grande Valley,2017-18,20.0,25,61,0,2,7,12,4,3,10,11,26,13,20.0,34,63,0,0,12,15,2,2,4,11,21,6
Dan Kingma,Washington,2017-18,0.0,0,0,0,0,0,0,0,0,0,0,0,0,14.73,4,7,2,4,0,0,0,0,0,0,0,1
Dan Milota,Texas A&M-International,2017-18,20.0,1,3,0,1,0,0,3,0,0,0,2,0,17.83,2,4,2,4,0,0,1,0,0,0,2,1
Dan Robinson,Norfolk State,2017-18,0.0,13,29,0,0,4,9,4,1,12,14,25,15,14.88,13,31,0,0,18,26,3,1,9,17,18,10
Dana Batt,Colgate,2017-18,20.0,40,71,0,1,10,15,13,11,22,22,49,20,20.0,50,78,0,0,24,33,15,8,15,24,45,8
Dane Kuiper,New Mexico,2017-18,20.0,37,106,23,71,25,26,29,20,5,7,55,12,14.98,32,79,17,51,16,23,18,12,2,7,38,13
Dane Norman,Air Force,2017-18,20.0,7,14,3,8,3,4,3,0,0,6,10,7,20.0,6,12,3,8,2,4,2,0,0,2,7,3
Dani Koljanin,Marshall,2017-18,0.0,8,25,4,16,3,7,5,1,0,5,13,7,15.0,8,19,2,8,4,5,9,1,2,4,11,2
Daniel Akin,UMBC,2017-18,20.0,25,37,0,0,19,38,3,5,7,19,35,23,20.0,17,30,0,0,6,25,4,6,0,20,31,10
Daniel Alexander,Frostburg State,2017-18,20.0,1,2,0,1,0,0,1,0,0,2,0,0,14.93,1,5,0,0,0,0,0,2,1,0,0,0
Daniel Amigo,Denver,2017-18,20.0,88,180,9,26,19,37,21,5,9,21,60,45,15.7,73,132,6,13,37,54,17,4,11,36,62,33
Daniel Anozie,McMurry,2017-18,0.0,0,0,0,0,0,0,0,0,0,0,0,0,14.97,0,0,0,0,0,0,1,0,0,0,0,2
Daniel Atcheson,Notre Dame College,2017-18,0.0,0,0,0,0,0,0,0,0,0,0,0,0,14.8,1,1,0,0,0,0,0,0,0,0,0,0
Daniel Brown,Washington College (MD),2017-18,0.0,1,2,0,0,0,0,0,0,0,1,4,2,14.9,0,1,0,0,0,0,1,0,0,0,1,2
Daniel Burchette,North Greenville,2017-18,20.0,2,5,0,0,2,2,2,1,0,0,1,0,14.93,0,3,0,1,0,0,1,1,0,0,1,2
Daniel Coleman,,2017-18,0.0,0,0,0,0,0,0,0,0,0,0,0,1,0.0,0,0,0,0,0,0,0,0,0,0,0,0
Daniel Cummings,Tennessee State,2017-18,20.0,3,8,3,6,3,4,2,1,0,3,6,6,14.63,4,12,4,11,2,2,2,0,0,0,5,1
Daniel Donner,Ohio Northern,2017-18,20.0,2,4,1,2,0,0,2,0,0,2,3,0,20.0,2,4,1,2,0,0,1,0,0,1,1,0
Daniel Duarte,St. Leo,2017-18,20.0,1,3,1,1,0,0,0,0,0,0,1,0,17.95,0,2,0,2,0,0,0,0,0,0,0,0
Daniel Ester,Shawnee State,2017-18,20.0,1,2,0,0,0,0,0,0,0,0,1,1,14.82,0,2,0,0,0,0,0,0,0,0,0,1
Daniel Fowler,Furman,2017-18,20.0,63,137,31,71,32,37,46,21,2,15,36,27,14.95,51,107,15,44,28,33,43,17,4,23,40,16
Daniel Gafford,Arkansas,2017-18,20.0,68,125,0,0,33,58,16,7,34,37,60,21,14.92,79,114,0,0,38,81,8,11,34,27,65,15
Daniel Giddens,Alabama,2017-18,20.0,26,50,0,0,10,19,3,9,19,7,31,21,17.82,25,38,0,0,17,26,2,5,12,18,20,8
Daniel Gillian,,2017-18,0.0,0,0,0,0,0,0,0,0,0,0,0,0,0.0,0,0,0,0,0,0,0,1,0,0,0,0
Daniel Hardesty,Midway,2017-18,20.0,2,2,0,0,0,0,0,0,0,0,0,0,14.92,0,1,0,0,0,0,0,0,0,0,1,0
Daniel Huenermann,Indiana State,2017-18,20.0,0,1,0,0,0,0,0,0,0,0,0,0,20.0,0,0,0,0,0,0,0,0,0,0,0,0
Daniel Hurst,St. Mary's (TX),2017-18,0.0,0,0,0,0,0,0,0,0,0,0,0,0,17.57,1,1,0,0,0,0,0,0,0,1,0,2
Daniel Kinchen,SIU-Edwardsville,2017-18,20.0,48,135,32,92,28,32,33,5,1,3,16,24,14.87,44,124,24,76,45,49,20,10,0,2,19,27
Daniel Lindgren,Mayville State,2017-18,20.0,8,13,4,7,1,2,1,0,0,0,3,1,14.92,2,5,1,3,2,2,0,0,1,0,0,1
Daniel McDermott,Silver Lake College,2017-18,20.0,0,1,0,0,0,0,0,0,0,0,1,1,14.95,2,2,0,0,0,0,0,0,0,0,2,1
Daniel Meyer,Omaha,2017-18,15.27,17,36,0,0,0,6,6,2,1,7,16,7,20.0,11,27,0,1,3,10,5,1,1,14,9,8
Daniel Norl,Omaha,2017-18,17.42,53,125,13,53,32,42,38,10,3,8,52,36,20.0,52,115,22,49,35,40,27,7,2,9,25,25
Daniel Nyman,Utah Valley,2017-18,0.0,0,0,0,0,0,0,0,0,0,0,0,0,14.58,2,3,1,2,4,4,0,1,0,0,1,0
Daniel Page,Northwestern Ohio,2017-18,20.0,2,4,0,0,0,0,0,1,0,2,3,2,20.0,2,5,0,0,0,0,0,0,0,2,4,0
Daniel Pillari,Monmouth,2017-18,20.0,0,0,0,0,0,0,1,0,0,0,1,1,17.83,0,0,0,0,0,0,0,0,0,0,0,0
Daniel Regis,Nicholls,2017-18,20.0,9,20,0,0,12,21,4,1,3,14,16,7,20.0,7,13,0,0,3,9,0,0,1,8,8,6
Daniel Rosenstiel,,2017-18,0.0,0,0,0,0,0,0,0,0,0,0,0,0,0.0,0,0,0,0,0,0,0,0,0,0,0,1
Daniel Simmons,,2017-18,7.47,60,123,23,48,20,33,26,8,1,3,40,21,0.0,57,125,17,40,37,55,25,20,1,8,40,27
Daniel Utomi,Akron,2017-18,20.0,81,184,40,104,37,52,26,13,3,16,64,31,20.0,83,185,43,106,51,63,31,16,6,16,67,33
Daniel Venzant,CSU Fullerton,2017-18,0.0,2,4,1,2,0,0,3,1,0,0,3,3,14.88,4,10,1,5,1,3,4,1,0,0,6,5
Daniel Wallace,St. Francis (PA),2017-18,0.0,10,21,0,1,1,1,2,3,1,3,13,7,15.22,3,5,0,0,1,2,7,1,1,1,5,0
Daniel Weber,St. Andrews,2017-18,0.0,0,0,0,0,0,0,0,0,0,0,0,0,14.82,0,0,0,0,1,2,0,0,0,0,0,0
Daniko Jackson,North Greenville,2017-18,0.0,0,0,0,0,0,0,0,0,0,0,0,0,14.93,1,4,0,1,0,0,1,0,0,0,1,1
Danilo Djuricic,Harvard,2017-18,20.0,29,69,12,39,3,4,3,2,6,14,22,7,20.0,25,57,10,28,14,19,5,2,11,17,25,8
Danjel Purifoy,,2017-18,0.0,0,0,0,0,0,0,0,0,0,0,0,0,0.0,0,0,0,0,0,0,0,0,0,0,0,1
Danny Evans,Maine,2017-18,20.0,7,37,4,18,2,2,6,2,3,4,15,5,17.85,12,22,5,11,2,4,5,3,1,2,9,10
Danny Hodge,Emporia State,2017-18,20.0,1,2,0,0,0,0,0,0,0,0,0,0,20.0,1,1,1,1,0,0,0,0,0,0,0,0
Danny Mitchell,Wash & Lee,2017-18,20.0,0,2,0,1,0,0,1,0,0,0,0,0,14.88,0,0,0,0,0,0,0,0,0,0,0,0
Danny Pippen,Kent State,2017-18,20.0,42,108,20,52,25,32,13,8,26,40,81,22,14.98,41,96,11,36,22,28,5,5,23,32,56,20
Danny Spinuzza,Texas A&M-International,2017-18,20.0,0,5,0,4,2,3,1,2,0,0,1,1,17.83,0,3,0,3,0,0,0,0,0,0,0,1
Danon Briggs,Northland College,2017-18,20.0,0,1,0,0,0,0,1,1,0,0,0,1,14.95,0,1,0,1,0,0,0,1,0,0,0,1
Dante DiSipio,Thomas (GA),2017-18,20.0,1,1,0,0,0,0,0,0,0,0,0,1,14.92,1,2,0,0,0,1,0,0,0,2,0,0
Dante Jackson,Methodist,2017-18,20.0,1,2,0,0,0,0,1,0,0,0,0,0,14.78,0,1,0,1,0,0,1,1,0,1,0,1
Dante Lewis,Randall University,2017-18,20.0,1,2,0,0,0,0,0,0,0,1,3,0,17.52,0,0,0,0,0,0,0,0,0,0,0,1
Dante Scott,Mississippi Valley State,2017-18,20.0,28,80,13,29,15,16,13,2,5,10,23,24,14.72,42,82,9,21,18,24,12,2,0,11,24,7
Dante Sterling,Alcorn State,2017-18,20.0,32,101,19,59,22,24,19,8,1,11,31,22,14.73,50,103,21,50,37,48,20,17,1,6,21,17
Dante Thompson,Wilmington,2017-18,20.0,2,5,0,0,3,9,2,1,0,2,3,1,18.05,5,6,0,0,4,4,2,1,0,3,1,3
Dante Thorpe,Northern Illinois,2017-18,20.0,58,111,8,19,12,19,21,5,4,16,31,22,17.85,52,99,7,18,19,27,21,15,2,13,23,24
Dantez Walton,Northern Kentucky,2017-18,20.0,38,78,11,33,6,11,16,11,10,26,34,13,15.7,22,56,3,29,12,18,11,8,3,13,19,10
Dantley Walker,Chaminade,2017-18,20.0,8,12,7,11,0,0,4,4,0,1,1,2,14.62,4,12,3,10,0,0,1,0,0,0,2,0
Daouda Ndiaye,,2017-18,3.73,19,36,0,0,3,7,4,4,15,11,26,7,0.0,16,30,0,1,9,11,4,6,9,15,22,4
Daquon Ervin,Mercy,2017-18,20.0,1,2,0,0,0,2,0,0,0,0,0,1,14.73,0,1,0,0,0,0,0,0,0,0,1,1
Darian Adams,Troy,2017-18,20.0,15,43,5,23,6,12,18,7,0,2,20,15,20.0,9,28,3,13,6,10,12,2,3,6,18,9
Darian Anderson,Fairleigh Dickinson,2017-18,20.0,34,100,11,46,21,25,27,12,1,7,23,9,14.98,32,89,15,39,10,17,23,14,2,2,18,17
Darian Bryant,Delaware,2017-18,20.0,32,84,12,38,2,9,27,12,3,6,27,16,19.13,37,84,8,35,10,20,23,7,3,8,32,24
Darian Dixon,Northwestern State,2017-18,20.0,21,40,0,0,30,50,4,7,9,20,20,13,14.62,24,37,0,1,17,23,3,3,3,21,21,15
Darian Peterson,Concord College,2017-18,20.0,3,9,2,4,0,0,1,3,0,1,3,0,14.9,2,4,1,2,0,0,0,0,0,0,2,3
Darick Kerns,St. Mary's (MD),2017-18,20.0,1,1,0,0,0,0,0,0,0,0,0,0,14.98,1,1,0,0,0,0,0,0,0,1,0,1
Darien Jackson,Tulsa,2017-18,20.0,5,15,0,3,0,0,0,3,0,2,3,5,20.0,1,4,0,1,0,1,2,1,0,1,0,2
Darien Williams,Nevada,2017-18,0.0,6,16,0,3,4,4,0,1,2,3,9,6,17.93,3,7,0,1,4,5,1,1,0,1,8,3
Darin Gordon,York College Pa,2017-18,20.0,0,0,0,0,2,2,0,1,0,0,0,1,18.7,0,1,0,0,2,2,1,0,0,0,0,0
Darion Brown,Our Lady of the Lake,2017-18,20.0,1,7,0,4,2,4,5,2,0,1,4,3,20.0,2,6,2,4,0,0,5,1,0,1,0,1
Darion Morrow,Brescia,2017-18,20.0,0,1,0,0,0,0,0,0,0,0,1,0,14.88,0,2,0,1,0,0,0,0,0,0,0,1
Darious Birdsong,,2017-18,0.0,0,0,0,0,0,0,0,0,0,0,0,0,0.0,0,0,0,0,0,0,0,1,0,0,0,1
Darious Hall,Arkansas,2017-18,20.0,32,65,8,17,13,20,4,8,6,16,34,23,14.92,16,37,4,11,14,25,7,5,2,11,29,12
Darius Austin,Jackson State,2017-18,20.0,20,56,4,14,5,7,13,6,2,13,14,10,14.87,7,28,3,13,5,13,6,9,3,8,11,16
Darius Banks,James Madison,2017-18,20.0,51,135,10,50,31,38,30,17,8,12,59,25,15.48,56,130,15,41,36,44,26,27,5,17,42,35
Darius Bolstad,Radford,2017-18,20.0,3,6,0,0,3,5,1,0,1,2,3,4,17.65,5,9,0,0,0,0,0,0,3,3,4,1
Darius Curry,Mobile,2017-18,20.0,7,9,0,0,1,2,0,0,0,3,2,0,14.82,0,1,0,0,0,0,0,0,0,0,0,0
Darius Filer,Tennessee Wesleyan,2017-18,20.0,0,2,0,1,0,0,0,0,0,0,0,0,14.68,3,6,1,3,2,4,1,1,0,2,2,1
Darius George,Marshall,2017-18,15.0,25,54,6,24,5,12,2,9,3,16,34,11,20.0,21,39,6,16,12,26,6,9,7,7,25,7
Darius Harper,Miami (OH),2017-18,20.0,1,2,0,0,0,0,0,0,0,1,3,2,19.4,0,0,0,0,0,0,0,0,0,0,0,0
Darius Hicks,NC State,2017-18,0.0,3,4,0,0,2,2,0,0,0,2,1,0,14.72,1,3,0,0,1,2,1,0,0,6,1,0
Darius Huff,St. Andrews,2017-18,20.0,1,2,0,0,0,3,1,0,0,1,3,4,14.82,2,5,0,0,0,0,2,1,0,0,3,3
Darius Jones,Pittsburgh-Bradford,2017-18,20.0,0,2,0,0,0,0,0,0,0,0,0,0,14.82,0,0,0,0,0,0,0,0,0,0,0,0
Darius McNeill,California,2017-18,20.0,74,173,39,96,21,25,40,20,5,5,48,39,19.23,49,140,25,80,19,29,26,17,1,4,28,27
Darius Perry,Louisville,2017-18,20.0,15,50,9,29,7,8,25,11,1,4,22,20,20.0,16,41,10,27,25,26,15,5,1,2,9,11
Darius Redrick,Multnomah,2017-18,20.0,1,2,1,1,0,0,2,0,0,1,1,2,14.8,1,4,0,2,0,0,0,0,0,0,0,1
Darius Thompson,Western Kentucky,2017-18,20.0,86,220,29,98,32,44,101,40,15,11,100,49,20.0,121,257,37,103,98,128,80,36,14,14,74,40
Darius Washington,Eastern University,2017-18,20.0,1,2,1,2,0,0,0,0,0,0,0,1,14.88,5,8,2,5,1,1,1,0,0,0,1,0
Darius Watts,McMurry,2017-18,20.0,3,6,3,5,0,0,0,0,0,1,0,1,14.97,1,2,1,2,0,0,0,0,0,0,0,1
Darius Wright,Florida Tech,2017-18,20.0,1,4,0,3,2,2,1,1,0,0,1,0,20.0,0,0,0,0,0,0,0,0,0,0,0,0
Darnay Gray,Lyndon State College,2017-18,20.0,1,2,0,0,0,0,0,0,0,0,1,2,14.82,0,1,0,0,0,0,0,0,0,0,0,3
Darnell Dunn,Pepperdine,2017-18,20.0,28,66,2,8,20,26,12,2,4,18,22,18,14.92,30,71,0,5,35,46,8,5,3,15,16,14
Darnell Edge,Fairleigh Dickinson,2017-18,20.0,72,156,27,78,22,23,41,24,1,5,41,25,14.97,71,155,31,76,59,62,28,16,0,7,29,20
Darnell Foreman,Pennsylvania,2017-18,20.0,54,116,16,46,17,24,59,16,1,7,66,22,20.0,59,124,9,35,65,88,47,17,4,7,61,27
Darnell Miller,Avila,2017-18,0.0,0,0,0,0,0,0,0,2,0,0,0,4,14.83,3,5,1,3,0,0,1,0,0,0,0,0
Darnell Rogers,Florida Gulf Coast,2017-18,20.0,3,9,2,7,2,4,4,2,0,0,1,6,19.2,1,8,0,4,0,0,1,2,0,2,1,2
Daron Gipson,Greensboro,2017-18,20.0,2,3,0,1,0,0,0,0,0,1,1,0,14.87,2,2,0,0,0,0,0,0,0,0,1,1
Daron Henson,Utah State,2017-18,20.0,28,76,24,58,4,8,2,1,0,7,30,6,20.0,15,40,13,34,5,11,4,0,2,7,10,5
Darraja Parnell,Central Arkansas,2017-18,20.0,17,37,3,7,8,11,11,7,0,8,27,19,14.92,10,37,1,6,10,14,12,5,1,8,7,10
Darral Willis Jr,Wichita State,2017-18,20.0,0,0,0,0,0,0,6,0,0,0,0,0,14.93,0,0,0,0,0,0,2,0,0,0,0,0
Darral Willis Jr.,Wichita State,2017-18,20.0,54,111,10,24,48,69,16,2,5,26,77,29,14.95,62,120,6,19,30,47,8,6,8,32,59,22
Darrell Brown,,2017-18,2.7,67,181,22,60,33,45,64,15,0,3,32,45,0.0,64,184,22,62,57,70,64,6,0,4,30,37
Darrell Davis,Dayton,2017-18,20.0,73,158,35,88,35,44,37,10,2,8,59,39,20.0,72,170,37,92,50,56,46,11,0,4,45,39
Darrell Jacob,Southern-New Orleans,2017-18,20.0,4,11,0,0,0,1,1,1,1,4,2,2,18.57,3,6,0,0,7,10,4,1,2,3,4,3
Darrell White,Middle Georgia State,2017-18,20.0,3,4,2,2,0,0,3,0,0,0,3,4,17.52,2,2,0,0,2,3,1,1,0,1,0,0
Darren Brown,Oneonta State,2017-18,0.0,0,0,0,0,0,0,0,0,0,0,0,0,15.07,1,1,0,0,0,0,0,0,0,1,0,0
Darren Campbell,Frostburg State,2017-18,20.0,0,0,0,0,0,0,1,0,0,0,1,1,14.93,1,3,0,0,0,0,0,0,0,1,1,3
Darren Davy,FDU-Florham,2017-18,20.0,1,4,1,1,2,3,1,0,1,1,4,2,14.98,1,2,0,0,0,0,0,1,0,1,1,1
Darren Farmer,Howard Payne,2017-18,20.0,0,4,0,1,1,3,1,3,0,0,0,3,14.95,1,2,0,0,0,0,0,0,0,0,0,2
Darreon Reddick,Tennessee State,2017-18,20.0,30,93,14,44,19,27,21,13,1,7,37,31,14.63,24,66,10,33,34,50,25,9,3,5,25,20
Darrian Patterson,Montreat College,2017-18,20.0,1,3,1,3,0,0,0,0,0,0,2,0,14.92,2,4,0,1,1,3,0,0,0,0,2,1
Darrian Ringo,Miami (OH),2017-18,20.0,56,105,18,41,22,34,92,32,2,6,46,41,20.0,45,115,7,37,36,48,112,50,1,16,35,55
Darrian Traylor,UC Irvine,2017-18,19.92,6,16,4,10,3,4,2,0,0,3,16,4,20.0,8,20,4,14,6,9,4,3,0,2,4,6
Darrion Strong,Arkansas-Fort Smith,2017-18,20.0,3,7,2,5,2,2,0,0,0,1,1,0,18.22,2,5,1,2,0,0,0,1,0,0,0,0
Darrionate Stewart,Lourdes,2017-18,20.0,1,3,0,0,0,0,0,0,1,1,0,0,14.9,1,4,0,0,0,0,1,1,0,1,1,2
Darryl Bryant,Staten Island,2017-18,20.0,0,1,0,0,0,0,0,0,0,0,0,1,14.95,0,0,0,0,0,0,0,0,0,0,1,2
Darryl Morsell,Maryland,2017-18,20.0,36,92,0,7,26,36,34,10,9,20,43,39,17.95,54,118,2,14,41,55,21,6,3,24,37,21
Darryl Stewart,New Hampshire,2017-18,20.0,16,44,9,29,2,6,8,3,0,3,8,11,14.75,9,36,2,16,7,9,13,2,1,2,7,15
Dartmouth,,2017-18,0.0,0,0,0,0,0,0,0,0,0,11,16,9,0.0,0,0,0,0,0,0,0,0,0,15,12,5
Darus Maddox,Greensboro,2017-18,20.0,2,10,0,4,0,0,0,1,0,1,5,0,14.87,2,6,0,1,1,2,1,2,0,1,2,0
Darvin Jones,Mobile,2017-18,20.0,0,2,0,2,0,0,0,2,0,0,0,1,14.82,0,0,0,0,0,0,0,0,0,0,0,0
Darwin Morales,Florida College,2017-18,20.0,1,4,1,2,3,4,0,1,0,1,4,0,14.88,3,5,0,1,5,6,0,0,0,1,1,2
Daryl Edwards,LSU,2017-18,20.0,35,73,21,51,7,10,21,11,2,3,22,14,14.73,33,71,16,44,14,15,17,6,1,3,16,12
Daryl Macon,Arkansas,2017-18,20.0,75,183,40,103,51,57,61,20,1,7,45,29,14.92,83,166,38,77,81,93,57,14,1,6,26,23
Dasan Cinelli,Massachusetts-Boston,2017-18,20.0,0,2,0,1,0,0,1,0,0,0,5,1,14.9,2,5,1,2,2,2,0,1,0,1,4,0
Dashaunt Smith,Tusculum,2017-18,20.0,2,4,0,1,0,1,0,0,0,1,1,1,15.4,0,0,0,0,1,2,1,0,0,0,2,1
Daulton Peters,Asbury,2017-18,20.0,3,6,2,5,0,0,1,1,0,0,1,3,15.18,5,7,2,3,0,0,1,0,0,0,0,0
Davante Cooper,Washington State,2017-18,20.0,2,5,0,0,0,1,1,1,2,1,5,3,18.25,4,5,0,0,2,6,3,0,1,2,8,1
Davaris McGowens,North Carolina A&T,2017-18,20.0,32,63,0,0,20,29,6,6,3,16,27,12,20.0,49,77,0,0,25,41,8,3,7,19,41,13
Davauhnte Turner,Saint Peter's,2017-18,20.0,32,94,14,44,5,5,18,7,1,10,24,17,17.98,33,78,9,29,18,27,22,5,5,8,19,18
Davaunta Thomas,Arkansas-Fort Smith,2017-18,20.0,2,7,1,5,0,0,3,1,0,1,1,1,14.72,2,6,0,3,1,2,1,0,0,1,1,0
Dave McCorvey,Asbury,2017-18,0.0,2,2,0,0,0,0,0,1,0,0,2,0,15.18,0,2,0,0,2,2,0,0,0,1,0,0
Davell Roby,Saint Louis,2017-18,20.0,49,132,23,68,31,43,28,18,4,3,39,30,17.4,44,130,29,82,62,84,28,8,1,7,32,21
Davere Creighton,Mississippi Valley State,2017-18,20.0,4,10,2,6,3,4,1,0,0,1,4,3,17.82,3,12,0,5,0,0,0,1,0,1,3,3
David Bea Mulumba,Concord College,2017-18,20.0,0,1,0,0,0,0,0,0,0,1,1,1,14.83,0,0,0,0,0,0,0,0,0,0,0,0
David Beatty,South Carolina,2017-18,20.0,15,60,7,28,9,12,13,8,1,2,12,16,16.48,13,52,3,25,7,10,9,3,1,4,9,8
David Bloom,Texas A&M-CC,2017-18,0.0,0,7,0,5,0,0,3,2,1,1,5,5,15.45,2,4,1,1,5,7,8,0,1,1,1,0
David Bottenberg,South Carolina State,2017-18,20.0,9,23,0,0,7,7,2,2,0,7,4,1,14.57,2,9,0,0,4,7,1,1,0,4,5,1
David Burrell,East Tennessee State,2017-18,20.0,47,96,9,35,11,21,13,8,12,22,60,23,15.7,35,73,7,24,17,26,15,6,7,20,43,15
David Caldwell,Montreat College,2017-18,20.0,3,9,2,7,2,3,0,0,0,2,4,0,14.92,3,9,3,6,3,3,0,0,0,0,1,0
David Caraher,Houston Baptist,2017-18,20.0,80,174,26,73,32,44,27,7,1,33,72,35,14.77,66,139,23,60,50,68,25,13,2,32,56,30
David Carbonello,Wheaton (MA),2017-18,19.98,1,1,0,0,2,2,0,0,0,0,0,2,14.97,3,7,1,3,0,0,1,2,0,0,0,1
David Casaday,Milligan,2017-18,20.0,2,5,1,4,0,0,1,1,0,0,0,0,14.67,2,3,1,2,0,2,0,0,0,0,0,1
David Cohn,William & Mary,2017-18,20.0,79,146,29,70,20,22,102,19,0,4,46,32,14.88,54,102,16,36,64,69,94,25,0,4,29,39
David Cole,Robert Morris,2017-18,20.0,13,30,0,0,9,13,3,2,2,17,14,16,18.08,8,19,0,0,6,10,0,4,1,6,6,2
David Collette,Utah,2017-18,20.0,69,114,1,4,20,23,17,10,9,13,41,19,15.15,67,104,1,2,40,62,11,14,7,27,41,19
David Collins,South Florida,2017-18,20.0,42,81,11,21,29,42,28,16,2,7,28,43,20.0,39,81,9,26,41,55,32,12,0,6,19,23
David Crisp,Washington,2017-18,20.0,57,169,22,94,19,35,52,19,2,7,37,35,20.0,59,137,22,66,43,57,37,17,0,7,26,32
David DiLeo,Central Michigan,2017-18,20.0,28,88,20,70,8,10,12,2,1,14,37,6,20.0,34,87,20,64,22,30,12,13,5,22,44,7
David Dunnigan,Lake Erie College,2017-18,0.0,0,0,0,0,0,0,0,0,0,0,1,0,15.0,0,1,0,0,0,0,1,0,0,0,0,1
David Efianayi,Gardner-Webb,2017-18,20.0,84,201,27,62,53,67,30,20,2,8,57,37,14.77,89,189,22,63,65,80,39,16,4,10,34,37
David Erebor,Brown,2017-18,20.0,2,2,0,0,2,3,0,0,0,1,1,0,20.0,0,0,0,0,0,0,0,0,0,0,0,0
David Everage,Montreat College,2017-18,20.0,4,11,0,0,0,0,0,0,0,2,5,4,14.92,0,3,0,0,0,0,0,1,0,0,0,1
David Francis,Bethune-Cookman,2017-18,20.0,14,25,1,3,6,17,7,2,3,13,15,5,14.83,14,30,1,1,3,5,4,5,1,11,10,7
David Freeman,Concordia College (AL),2017-18,20.0,0,3,0,1,0,0,0,0,0,0,0,1,14.92,0,2,0,2,0,0,0,0,0,0,0,0
David Hughes,Silver Lake College,2017-18,20.0,0,0,0,0,2,2,0,0,0,1,1,0,14.95,0,0,0,0,1,2,2,0,0,0,1,2
David Jean-Baptiste,Chattanooga,2017-18,20.0,26,82,14,54,11,17,32,11,1,10,22,17,20.0,39,88,17,44,9,12,24,10,2,10,18,18
David Jelinek,Northwood,2017-18,20.0,0,1,0,1,0,0,0,0,0,0,0,1,14.67,0,1,0,0,0,0,0,0,0,0,0,0
David Jelks,Kentucky State,2017-18,0.0,0,0,0,0,0,0,0,0,0,0,2,0,14.88,3,4,0,0,2,2,0,0,0,1,0,0
David Jenkins Jr,South Dakota State,2017-18,0.0,0,0,0,0,0,0,22,0,0,0,0,0,20.0,0,0,0,0,0,0,19,0,0,0,0,0
David Jenkins Jr.,South Dakota State,2017-18,20.0,72,164,33,92,19,26,3,6,0,2,47,22,14.95,58,148,24,63,54,65,0,3,0,5,26,18
David Jesperson,Green Bay,2017-18,20.0,44,102,26,64,5,7,16,7,5,15,42,12,17.85,46,105,27,69,14,16,12,7,10,14,49,22
David Jones Jr.,,2017-18,0.0,0,0,0,0,0,0,0,0,0,0,0,0,0.0,0,0,0,0,0,0,0,0,0,1,0,0
David Jump,Midway,2017-18,0.0,0,0,0,0,0,0,0,0,0,0,0,0,14.68,0,1,0,1,2,2,1,0,0,0,0,1
David Kachelries,NJIT,2017-18,20.0,7,13,3,6,0,0,2,2,1,1,2,3,16.9,8,16,0,4,2,4,4,5,0,2,0,3
David Knudsen,Marist,2017-18,15.0,50,109,29,69,22,24,28,13,4,7,32,32,20.0,50,120,23,74,19,26,28,14,2,6,37,22
David Lindstrand,,2017-18,0.0,0,0,0,0,0,0,0,0,0,0,0,2,0.0,0,0,0,0,0,0,0,0,0,0,0,0
David Maynard,Colgate,2017-18,20.0,2,2,1,1,0,0,0,0,0,1,1,1,14.82,3,5,2,2,0,0,0,1,0,0,0,0
David McFarland,SIU-Edwardsville,2017-18,20.0,34,83,14,47,20,24,20,11,1,8,41,20,14.98,38,109,20,66,17,25,17,11,1,10,27,12
David Mcfarland,SIU-Edwardsville,2017-18,20.0,0,2,0,2,0,0,0,1,0,0,1,0,14.87,0,1,0,0,0,0,1,1,0,0,1,1
David Nichols,Albany,2017-18,20.0,76,201,26,75,17,23,51,20,4,7,64,34,20.0,80,199,28,75,57,74,50,16,3,8,52,42
David Nickelberry,Memphis,2017-18,20.0,17,47,5,18,2,4,16,8,3,8,27,20,20.0,18,39,3,12,5,9,13,3,1,5,14,9
David Onuorah,UConn,2017-18,0.0,9,19,0,1,4,6,2,0,8,21,19,11,17.92,3,6,0,0,2,5,0,0,4,8,13,14
David Patton,Fisk,2017-18,20.0,1,7,0,2,0,0,1,0,0,0,1,0,20.0,1,1,0,0,0,0,1,0,0,0,0,0
David Patton Ii,Fisk,2017-18,19.9,1,5,0,4,0,2,0,0,0,0,1,0,17.92,0,0,0,0,0,0,0,0,0,0,0,0
David Pekarek,Fordham,2017-18,0.0,17,53,10,37,7,12,7,7,8,5,34,17,18.8,23,66,12,42,10,14,5,2,3,8,29,6
David Polk,,2017-18,0.0,0,0,0,0,0,0,0,0,0,0,0,0,0.0,0,0,0,0,0,0,0,0,0,1,0,0
David Simmons,Middle Tennessee,2017-18,20.0,14,33,2,3,5,7,27,5,0,15,23,17,14.55,29,53,2,10,23,35,18,8,2,9,25,13
David Skara,Clemson,2017-18,0.0,17,34,4,12,6,10,6,5,6,9,22,14,20.0,13,36,1,10,11,20,5,10,7,15,26,10
David Syfax,Morgan State,2017-18,20.0,27,78,4,13,17,25,10,4,7,16,31,12,17.58,25,60,5,11,18,31,6,10,7,14,29,13
David Tillman,Arkansas-Pine Bluff,2017-18,20.0,1,3,0,0,1,2,0,0,2,1,5,4,14.98,2,3,0,0,2,3,1,1,2,4,2,3
David Tripp,Bluefield College,2017-18,20.0,0,1,0,1,0,0,0,0,0,0,0,0,17.85,2,2,1,1,0,0,0,0,0,0,1,0
David Varoli,,2017-18,0.0,0,0,0,0,0,0,0,0,0,0,1,0,0.0,0,0,0,0,0,0,0,0,0,0,0,0
David Wacker,Boise State,2017-18,0.0,5,7,0,0,6,8,0,0,0,6,11,6,20.0,5,8,0,0,5,6,1,0,3,8,3,2
David Watkins,New Hampshire,2017-18,0.0,4,14,2,10,0,0,0,0,2,2,6,1,14.75,7,12,4,8,2,2,2,0,0,4,8,3
David-Lee Jones Jr,Georgia Southern,2017-18,0.0,0,0,0,0,0,0,12,0,0,0,0,0,14.93,0,0,0,0,0,0,5,0,0,0,0,0
David-Lee Jones Jr.,Georgia Southern,2017-18,0.0,18,43,8,18,12,14,1,7,1,2,9,15,14.93,8,29,0,11,3,6,0,3,0,1,6,11
Davide Moretti,Texas Tech,2017-18,20.0,19,58,13,39,7,10,17,4,0,1,13,16,15.78,16,40,10,29,13,14,15,8,0,5,8,7
Davidson,,2017-18,0.0,0,0,0,0,0,0,0,0,0,9,24,8,0.0,0,0,0,0,0,0,0,0,0,16,17,3
Davion Ayabarreno,Methodist,2017-18,20.0,5,8,2,3,1,1,1,0,0,1,3,2,14.78,4,8,1,2,3,6,0,0,0,0,2,0
Davion Mintz,Creighton,2017-18,20.0,22,64,6,23,19,29,48,4,2,4,32,17,20.0,20,53,5,17,24,31,33,5,0,1,41,10
Davion Mitchell,Auburn,2017-18,20.0,21,56,8,31,8,14,34,10,1,5,14,21,14.88,23,43,7,19,11,17,24,7,0,4,12,14
Davion Mize,Sonoma State,2017-18,20.0,2,5,0,1,0,0,1,1,0,0,2,3,14.9,1,2,0,0,0,0,1,0,0,0,1,0
Davion Thomas,Middle Tennessee,2017-18,0.0,0,1,0,1,0,0,0,0,0,0,0,1,14.55,1,1,0,0,0,0,0,1,0,0,0,0
Davion Turner,UT Arlington,2017-18,20.0,16,33,10,22,7,8,4,2,3,4,11,6,16.15,14,25,11,21,10,12,4,1,4,7,25,9
Davious Webster,Missouri-St. Louis,2017-18,20.0,0,2,0,1,0,0,0,1,0,0,0,0,15.58,0,1,0,0,0,0,0,0,0,0,1,0
Davis Moore,Texas-Tyler,2017-18,20.0,0,0,0,0,3,3,0,0,0,0,0,0,14.87,0,0,0,0,0,0,1,0,0,0,1,1
Davis Wade,West New Mexico,2017-18,20.0,2,4,0,0,0,0,0,1,0,0,1,0,18.48,1,2,1,2,1,1,1,0,0,0,1,0
Davon Bell,Presbyterian,2017-18,20.0,59,141,13,42,43,51,77,21,3,4,46,29,14.98,68,156,11,33,57,72,76,25,3,9,38,33
Davon Clare,CSU Fullerton,2017-18,20.0,19,51,5,18,11,13,18,8,1,14,39,24,14.88,20,41,2,10,7,12,12,6,7,13,34,11
Davon Dillard,Oklahoma State,2017-18,20.0,3,5,0,1,0,0,0,0,0,3,1,1,14.98,2,4,0,0,2,2,0,0,0,0,1,2
Davon Williams,Florida Memorial,2017-18,20.0,2,8,1,4,2,5,0,0,0,2,6,3,12.82,2,9,0,4,2,3,0,1,0,1,5,1
Davone Daniels,Central State (OH),2017-18,20.0,0,1,0,1,0,0,0,1,0,0,0,2,17.97,2,4,1,2,0,0,0,1,0,1,3,2
Davonta Jordan,Buffalo,2017-18,20.0,44,94,8,28,7,17,74,29,6,7,51,42,20.0,43,93,10,29,10,15,52,8,5,4,32,35
Davontae Kinnie,,2017-18,1.48,2,4,0,1,0,0,0,3,0,0,1,4,0.0,1,3,0,0,2,2,2,0,0,1,1,1
Davonte Fitzgerald,Minnesota,2017-18,20.0,19,57,5,23,3,9,3,5,8,6,36,9,17.93,17,38,7,17,12,17,4,4,4,7,21,2
Davrion Grier,Bridgewater,2017-18,20.0,2,2,0,0,2,4,2,0,2,1,4,2,15.48,1,6,0,2,2,2,0,2,1,2,2,2
Davy Fisher,Mississippi College,2017-18,0.0,0,0,0,0,0,0,0,0,0,0,1,2,14.8,1,3,1,3,2,2,0,1,0,0,0,0
Davyon Collins,Dallas Christian,2017-18,20.0,1,1,1,1,1,2,0,0,0,0,0,1,14.6,0,1,0,0,0,0,0,0,1,0,0,1
Dawan Perry,Bluefield College,2017-18,20.0,2,3,0,0,1,2,0,0,0,1,0,1,17.85,0,2,0,0,2,2,0,0,0,0,0,0
Daxter Miles Jr,West Virginia,2017-18,20.0,0,0,0,0,0,0,10,0,0,0,0,0,14.9,0,0,0,0,0,0,12,0,0,0,0,0
Daxter Miles Jr.,West Virginia,2017-18,20.0,69,172,26,88,22,29,43,21,0,19,26,22,14.87,76,158,31,76,47,64,40,22,0,23,24,25
Daxton Bostian,Milligan,2017-18,20.0,4,10,3,9,2,3,2,0,0,0,0,1,14.67,0,1,0,0,0,0,1,2,0,0,2,0
Daylin Davis,Central Pennsylvania College,2017-18,20.0,2,9,1,2,1,2,2,2,1,1,5,2,14.97,8,20,2,6,1,6,1,1,2,5,6,3
Daymarcco Green,Mayville State,2017-18,20.0,1,3,0,0,0,0,2,1,0,0,3,0,14.92,1,1,0,0,0,0,1,0,0,1,0,0
Dayon Griffin,UCF,2017-18,20.0,43,120,31,82,10,17,19,10,4,8,49,15,20.0,45,131,18,76,19,34,18,12,4,13,51,25
Daytin Howard,Dallas Christian,2017-18,20.0,1,6,1,2,0,0,0,1,0,2,0,0,14.6,1,2,0,1,0,0,3,0,0,1,0,1
Dayton,,2017-18,0.0,0,0,0,0,0,0,0,0,0,4,14,3,0.0,0,0,0,0,0,0,0,0,0,12,21,8
Dayton Gumm,Austin Peay,2017-18,20.0,47,123,13,49,18,31,25,15,0,10,28,24,17.6,69,146,27,57,30,51,27,18,0,16,33,26
Dazon Ingram,Alabama,2017-18,20.0,48,105,9,27,41,68,46,14,8,17,84,36,17.97,39,97,8,28,66,88,39,11,4,12,68,36
De'Andr Alexander,Quincy,2017-18,20.0,1,1,0,0,0,0,2,0,0,0,1,0,14.53,2,2,0,0,0,0,0,0,0,0,0,2
De'Andre Hunter,Virginia,2017-18,20.0,54,114,8,28,33,44,19,8,5,12,37,13,18.35,45,90,12,23,37,49,14,10,8,24,39,15
De'Antae McMurray,Drake,2017-18,20.0,60,144,24,65,12,15,44,18,1,1,76,36,20.0,52,152,17,66,41,55,41,19,1,11,42,32
De'Ederick Petty,Alabama A&M,2017-18,20.0,19,61,8,33,20,28,8,3,1,1,18,34,20.0,23,60,2,15,24,29,13,5,0,1,13,13
De'Marcus Hurd,Howard Payne,2017-18,20.0,12,20,7,12,2,3,1,0,0,0,0,7,14.95,4,12,1,4,4,4,2,1,0,0,3,4
De'Monte Buckingham,Richmond,2017-18,20.0,51,134,18,61,42,52,51,13,7,17,84,36,19.13,56,117,13,40,41,54,47,16,4,24,65,40
De'Quon Lake,Arizona State,2017-18,20.0,40,64,0,0,20,30,2,5,24,27,47,7,17.0,41,51,0,0,19,30,2,4,18,20,50,6
De'Riante Jenkins,VCU,2017-18,20.0,77,190,42,104,18,24,42,26,5,13,47,43,14.58,62,136,30,73,29,39,38,17,2,12,46,35
De'Ron Davis,Indiana,2017-18,20.0,22,39,0,0,9,22,5,8,7,14,18,5,14.98,32,47,0,0,23,42,11,4,14,10,19,7
De'Von Cooper,Morehead State,2017-18,20.0,25,82,13,42,2,4,17,2,4,7,28,15,14.7,26,64,14,40,21,24,17,7,1,5,29,14
De'Vondre Perry,Temple,2017-18,20.0,22,53,9,30,7,13,7,5,5,7,20,7,20.0,10,30,5,19,5,6,5,7,7,6,19,7
De'von Barnett,Sacred Heart,2017-18,20.0,43,84,0,0,15,23,6,1,3,15,35,20,19.75,35,64,0,0,9,18,5,4,5,13,33,15
DeAndre Dishman,Eastern Kentucky,2017-18,20.0,59,104,0,1,24,46,17,11,13,19,61,25,20.0,59,100,0,0,55,81,11,12,9,42,45,20
DeAndre King,St. Leo,2017-18,20.0,2,7,1,6,0,0,2,0,0,1,1,0,17.95,1,4,1,4,0,0,1,0,0,0,1,2
DeAndre Love,Northwestern State,2017-18,20.0,2,12,0,1,4,6,0,1,1,1,11,2,20.0,13,24,1,3,0,0,1,1,0,8,4,1
DeAndre Newton,Jarvis Christian,2017-18,20.0,3,4,0,0,0,1,1,1,0,1,1,1,14.9,1,2,0,0,0,0,0,0,0,0,1,1
DeAndre Thomas,Kean,2017-18,20.0,5,12,2,4,1,2,1,0,0,2,4,3,14.78,0,3,0,3,0,0,1,1,0,0,1,1
DeAngelo Isby,Utah State,2017-18,20.0,25,64,6,28,12,16,14,5,2,10,18,26,20.0,34,79,11,34,24,27,11,6,0,9,20,14
DeMarco Enoch,St. Mary's (TX),2017-18,20.0,0,0,0,0,2,2,0,0,0,0,0,2,17.57,0,1,0,0,0,0,0,1,0,0,1,0
DeMarcus Robinson,Rust,2017-18,20.0,1,2,0,0,0,0,0,0,0,0,0,0,14.97,0,0,0,0,1,2,0,0,0,0,0,0
DeMario Hill,,2017-18,0.0,0,0,0,0,0,0,0,0,1,1,0,1,0.0,0,0,0,0,0,0,0,0,0,0,0,0
DePaul,,2017-18,0.0,0,0,0,0,0,0,0,0,0,24,21,6,0.0,0,0,0,0,0,0,0,0,0,28,16,3
DeRias Johnson,Southern,2017-18,0.0,1,13,1,9,0,0,0,1,0,1,2,2,14.97,3,17,3,12,3,4,3,1,0,2,4,0
DeShawndre Black,Detroit Mercy,2017-18,20.0,25,61,12,32,6,9,29,13,1,7,20,22,15.68,19,59,7,22,19,22,24,9,1,7,20,14
DeShon Williams,Rust,2017-18,20.0,0,1,0,1,0,0,1,1,0,0,0,3,14.97,0,0,0,0,0,0,2,0,0,0,0,0
DeVantae' Price,Eastern Illinois,2017-18,20.0,3,9,0,1,6,10,3,2,0,6,7,6,14.88,7,17,1,1,13,18,5,3,0,6,12,5
DeVante Johnson,Rust,2017-18,20.0,3,5,1,2,0,0,1,0,0,3,1,6,14.97,1,5,0,1,2,3,1,1,0,0,1,5
DeVon Price,Rio Grande,2017-18,20.0,1,4,0,0,0,0,2,0,0,0,1,1,14.92,3,6,0,0,2,2,2,0,0,1,1,0
Dean Wade,Kansas State,2017-18,20.0,105,195,27,53,38,52,50,25,13,22,84,19,14.72,89,156,11,34,57,74,32,24,11,19,71,26
Dean Waltz,Life Pacific,2017-18,20.0,0,1,0,1,0,0,0,0,0,0,0,0,14.78,0,0,0,0,0,0,0,0,0,0,0,0
Deandre Ayton,Arizona,2017-18,20.0,130,228,7,20,49,68,23,7,32,49,144,36,14.88,134,208,5,13,87,117,33,13,33,64,134,30
Deandre Burnett,Ole Miss,2017-18,20.0,58,164,28,85,50,66,61,12,0,5,27,20,18.53,49,124,23,58,64,80,53,6,0,5,23,39
Deandre Clark,Harris Stowe,2017-18,20.0,4,8,3,7,0,1,1,0,0,0,0,2,14.67,1,4,0,3,0,0,0,0,0,0,1,0
Deandre Jones,Central Arkansas,2017-18,20.0,35,74,19,49,18,21,71,28,4,3,53,41,14.92,21,54,12,30,14,17,65,22,2,14,43,24
Deandre Lightfoot,Berea,2017-18,20.0,2,5,1,3,0,0,1,0,0,0,0,0,14.72,0,2,0,1,0,0,0,1,0,0,1,1
Deante Strickland,Portland State,2017-18,20.0,39,95,24,55,9,11,44,16,1,5,31,20,20.0,40,95,21,58,10,19,31,15,0,12,14,18
Deaquan Williams,Lincoln PA,2017-18,20.0,2,4,0,0,0,0,0,0,1,1,1,0,19.8,0,1,0,0,0,0,0,0,0,0,0,0
Deatry Lang,Edward Waters,2017-18,20.0,0,7,0,3,0,0,1,0,0,0,1,0,14.95,2,3,1,2,2,2,0,1,0,0,2,2
Deaundrae Ballard,Florida,2017-18,20.0,17,56,3,19,10,12,2,3,0,9,22,7,14.97,15,34,1,9,6,9,4,4,0,6,8,5
Dederick Lee,South Alabama,2017-18,0.0,15,41,15,39,1,3,32,2,1,3,21,18,15.78,21,51,16,41,8,15,34,10,2,3,22,22
Dedric Boyd,Eastern Kentucky,2017-18,20.0,43,137,18,64,15,20,19,13,2,7,27,20,20.0,50,135,15,50,52,60,22,9,0,6,32,30
Dee Givens,,2017-18,6.8,1,2,0,1,0,0,0,1,0,1,0,0,0.0,0,2,0,2,0,0,0,0,0,0,0,0
Deion Bauman,New Mexico Highlands,2017-18,20.0,1,1,1,1,0,0,1,0,0,0,0,0,16.72,3,5,2,3,0,0,0,0,0,0,0,0
Deion Bute,Central Connecticut,2017-18,18.7,58,100,0,0,33,46,14,4,16,28,41,44,20.0,55,85,0,0,37,49,5,6,14,41,41,27
Deion Cochran,Asbury,2017-18,20.0,2,3,0,0,0,0,0,0,0,1,2,1,15.18,3,6,3,6,3,4,1,0,0,0,1,1
Deion Fields,Southeastern,2017-18,0.0,0,0,0,0,0,0,0,0,0,0,1,0,17.87,1,1,0,0,0,0,0,0,0,0,0,1
Deion Hammond,Monmouth,2017-18,20.0,61,135,35,87,13,22,12,10,2,3,22,17,19.25,43,112,30,75,28,40,8,11,2,6,26,10
Deion Holmes,South Carolina Upstate,2017-18,20.0,80,178,26,65,18,22,21,8,1,17,30,34,17.93,86,176,23,76,32,45,15,7,2,25,33,39
Deion James,Colorado State,2017-18,20.0,51,128,7,27,15,23,20,13,9,28,41,26,20.0,65,130,6,19,40,55,24,7,10,40,41,25
Deion Johnson,Trevecca Nazarene,2017-18,20.0,2,6,0,1,0,0,1,1,0,1,1,3,14.55,2,2,0,0,1,2,2,1,0,0,0,0
Deion Lavender,UAB,2017-18,20.0,8,13,0,0,4,8,10,2,0,2,10,9,14.97,9,18,0,2,3,6,13,3,0,1,17,4
Deion Rhea,Texas A&M-CC,2017-18,20.0,6,27,3,12,6,7,2,1,4,4,12,10,14.93,15,25,3,8,7,10,2,2,3,3,13,4
Deiontay Walters,Presentation College,2017-18,20.0,4,11,2,6,0,1,4,3,0,3,3,4,19.47,5,10,0,2,5,11,4,0,0,1,4,1
Deionte Simmons,Chicago State,2017-18,20.0,38,72,0,0,26,40,1,9,4,15,31,17,14.93,64,96,0,0,46,67,4,12,6,40,42,20
Deishuan Booker,Long Beach State,2017-18,20.0,46,99,15,37,30,37,51,22,5,8,42,40,15.45,49,92,9,25,46,51,82,18,2,7,44,44
Deividas Mocktaitis,Antelope Valley,2017-18,20.0,1,7,0,1,0,0,0,0,0,1,3,1,14.95,1,1,0,0,0,0,0,0,0,0,1,0
Deividas Zemgulis,Penn State,2017-18,0.0,1,3,1,3,0,0,2,0,1,2,3,2,20.0,3,7,1,4,0,0,1,2,0,5,3,1
Deivydas Kuzavas,St. Francis (PA),2017-18,20.0,30,55,0,1,8,16,8,1,6,22,33,7,15.78,38,59,0,0,14,19,3,3,8,22,32,7
Dejan Vasiljevic,Miami,2017-18,20.0,50,119,29,82,7,8,6,5,0,8,35,10,14.77,42,90,30,63,7,7,6,6,1,7,22,5
Dejuan Clayton,Coppin State,2017-18,20.0,9,32,5,13,4,7,3,2,0,0,5,6,17.87,8,25,2,12,6,8,4,4,1,2,3,4
Dejuan Rodriguez,Wheelock College,2017-18,20.0,0,3,0,3,1,2,0,0,0,0,0,1,14.75,0,4,0,3,2,2,0,0,0,1,3,1
Del'vin Dickerson,,2017-18,0.3,4,11,4,11,0,0,0,0,0,0,0,0,0.0,2,6,1,5,0,0,1,0,0,0,1,0
DelFincko Bogan,UT Martin,2017-18,15.0,51,96,23,50,7,11,44,29,1,2,34,28,20.0,47,103,12,37,15,16,39,23,3,5,27,24
Delaney Blaylock,Lewis,2017-18,20.0,1,4,0,1,0,0,1,1,2,0,1,2,14.77,1,2,0,0,2,2,0,0,0,0,1,0
Delano Spencer,Tennessee State,2017-18,20.0,56,137,33,80,22,25,17,12,0,7,26,23,14.63,65,141,35,76,34,41,13,17,1,6,38,21
Delaware,,2017-18,0.0,0,0,0,0,0,0,0,0,0,24,26,7,0.0,0,0,0,0,0,0,0,0,0,17,18,3
Delaware State,,2017-18,0.0,0,0,0,0,0,0,0,0,0,33,30,12,0.0,0,0,0,0,0,0,0,0,0,15,18,7
Delbert Redfield,,2017-18,12.83,0,0,0,0,0,0,1,0,0,0,0,0,0.0,0,0,0,0,0,0,0,0,0,0,0,0
Deleon Brown,Colorado,2017-18,20.0,18,55,8,28,8,11,5,7,1,3,8,13,17.9,17,50,9,28,9,13,11,4,3,1,15,12
Delo Bruster,Western Illinois,2017-18,20.0,22,53,4,13,12,14,17,5,0,2,17,13,14.75,11,25,2,10,8,12,12,8,0,0,14,16
Delveion Jackson,UC Davis,2017-18,19.98,2,12,1,6,0,0,5,4,1,4,6,3,20.0,3,8,1,4,0,2,5,1,0,5,7,2
Demajeo Wiggins,Bowling Green,2017-18,20.0,68,113,0,0,52,72,12,7,6,31,107,40,20.0,81,145,0,0,63,91,14,5,8,58,96,32
Demarco Owens,McNeese,2017-18,20.0,11,29,0,0,5,9,3,3,1,6,9,11,16.13,4,10,0,1,4,11,1,0,0,3,6,0
Demari Hopper,Brevard College,2017-18,20.0,2,3,0,1,0,0,1,2,0,0,1,0,16.65,0,1,0,1,0,0,1,0,0,0,0,0
Demario Beck,Coastal Carolina,2017-18,20.0,55,107,14,35,20,25,11,8,9,27,76,29,14.88,60,109,4,29,20,40,10,8,11,47,69,24
Demetre Rivers,Mercer,2017-18,20.0,59,119,15,53,36,38,15,9,4,16,36,20,20.0,54,106,22,57,30,35,15,8,2,13,36,22
Demetrice Clopton,Jackson State,2017-18,20.0,7,13,0,0,4,5,2,1,0,6,10,2,14.87,2,6,0,0,1,2,0,1,0,1,2,0
Demetrius Denzel-Dyson,Samford,2017-18,20.0,75,186,43,101,37,45,12,16,3,13,76,45,14.92,72,149,31,75,42,57,20,13,5,20,45,19
Demetrius Early,,2017-18,2.55,2,5,2,5,1,2,0,0,0,0,4,0,0.0,0,1,0,0,1,2,1,0,0,1,3,1
Demetrius Everett,Methodist,2017-18,20.0,0,1,0,0,2,2,0,0,0,0,1,0,14.78,0,0,0,0,0,1,0,1,0,0,1,1
Demetrius Houston,Quincy,2017-18,20.0,3,8,1,3,2,5,1,0,0,0,3,1,14.53,1,4,0,1,0,0,0,0,0,0,0,1
Demetrius Minnick-Tucker,Boyce,2017-18,20.0,2,4,0,0,0,0,1,0,0,0,0,3,14.93,2,4,1,3,0,0,1,0,0,0,0,2
Demetrius Richardson,Allen,2017-18,20.0,1,2,0,1,0,0,0,1,1,1,0,1,17.9,1,2,0,0,2,4,0,0,1,2,3,0
Demetrius Tilley,Greensboro,2017-18,20.0,3,5,0,1,1,2,0,0,0,1,0,1,14.87,0,1,0,0,0,0,0,1,0,0,0,1
Demetrius Troy,UNC Greensboro,2017-18,20.0,45,115,26,65,6,9,68,23,0,0,34,36,18.35,48,110,22,63,11,17,61,22,1,4,38,37
Demitri Martin,Northwood,2017-18,20.0,0,1,0,0,0,0,0,0,0,0,0,1,14.67,1,1,0,0,0,2,0,0,0,0,0,0
Demoines Whitney,,2017-18,0.0,0,0,0,0,0,0,0,0,0,0,0,0,0.23,1,3,0,0,0,0,0,0,0,0,2,2
Demola Onifade,Delaware State,2017-18,20.0,4,21,0,0,0,0,3,1,7,11,23,7,17.2,3,13,0,0,1,2,2,1,1,5,12,5
Demonte Ojinnaka,Indiana State,2017-18,20.0,7,24,7,16,0,0,3,1,2,1,11,5,14.98,8,29,4,18,2,3,5,1,0,1,7,5
Demontrae Jefferson,Texas Southern,2017-18,20.0,72,167,27,66,26,30,46,17,0,8,19,35,14.97,65,160,27,64,35,44,30,11,0,5,20,27
Dempsey Roggenbuck,Linfield College,2017-18,20.0,1,5,0,2,0,0,0,0,0,0,1,0,14.95,1,4,0,1,1,1,0,0,0,1,1,1
Deng Adel,Louisville,2017-18,20.0,75,170,23,64,41,56,41,7,5,8,65,35,20.0,80,177,21,66,50,61,45,10,6,10,69,28
Deng Geu,North Dakota State,2017-18,20.0,43,68,2,9,13,26,9,3,9,16,30,22,17.87,32,55,2,3,14,18,6,3,6,15,28,9
Denhym Brooke,Hawaii Hilo,2017-18,20.0,2,4,0,0,0,2,0,0,2,1,0,1,15.85,1,1,0,0,2,2,0,0,1,1,0,2
Denis Alibegovic,Georgia State,2017-18,20.0,0,1,0,1,0,0,0,0,0,0,0,0,14.93,0,0,0,0,0,0,0,0,0,0,0,0
Dennis Ashley,Maine,2017-18,0.0,3,14,1,10,1,2,3,1,0,0,13,7,17.85,15,40,6,19,4,7,3,3,0,3,8,3
Dennis Jones,Prairie View A&M,2017-18,20.0,65,162,17,52,29,56,64,34,0,4,23,53,15.15,41,103,8,31,44,69,69,16,0,10,13,47
Dennis Tunstall,Towson,2017-18,20.0,21,28,0,0,2,3,6,12,22,23,46,9,20.0,17,25,0,0,3,8,1,5,13,25,27,6
Denny Slay,High Point,2017-18,20.0,27,69,7,24,8,12,23,7,0,3,20,15,14.88,28,62,8,24,11,14,27,7,0,4,20,13
Denver,,2017-18,0.0,0,0,0,0,0,0,0,0,0,22,18,10,0.0,0,0,0,0,0,0,0,0,0,23,11,2
Denzel Kennedy,,2017-18,0.0,0,0,0,0,0,0,0,0,0,0,0,0,0.0,0,0,0,0,0,0,0,0,0,0,1,0
Denzel Keyes,North Carolina A&T,2017-18,20.0,29,71,9,28,16,30,11,4,4,26,41,15,14.8,38,77,1,14,16,24,5,8,7,21,40,7
Denzel Mahoney,,2017-18,2.88,79,163,34,72,67,75,23,9,2,21,49,27,0.0,82,176,24,65,98,118,12,15,3,19,50,20
Denzell Hosch,Fayetteville State,2017-18,20.0,0,1,0,1,0,0,1,1,0,0,0,1,18.6,1,4,1,4,0,0,0,1,0,0,0,0
Deon Baker,St. Francis (PA),2017-18,0.0,0,0,0,0,0,0,1,0,0,0,1,2,14.95,3,4,0,0,0,0,0,1,0,0,0,0
Deon Lyle,,2017-18,6.22,59,150,43,115,7,13,7,7,1,7,42,19,0.0,57,141,42,101,12,21,2,2,2,14,47,13
Deon Wright,Jacksonville State,2017-18,20.0,0,1,0,0,0,0,0,0,0,0,0,0,14.93,0,0,0,0,0,0,0,0,0,0,0,0
Deondre Burns,Little Rock,2017-18,0.0,0,0,0,0,0,0,0,0,0,0,0,0,20.0,0,1,0,0,0,0,0,0,0,0,0,0
Deondre Moore,,2017-18,0.0,0,0,0,0,0,0,0,0,0,0,0,1,0.0,0,0,0,0,0,0,0,0,0,0,1,1
Deonta Patterson,,2017-18,0.0,0,0,0,0,0,0,0,0,0,0,0,0,0.0,0,0,0,0,0,0,0,1,0,0,0,1
Deontae Hawkins,Boston College,2017-18,20.0,26,47,5,12,3,5,1,1,0,12,20,7,17.85,9,25,2,7,5,6,5,1,1,7,20,9
Deontae North,Portland State,2017-18,20.0,78,158,25,71,25,34,26,18,2,23,29,20,20.0,56,134,16,50,63,89,19,16,3,18,23,17
Deontae Woodbridge,Providence (MT),2017-18,20.0,2,4,0,0,1,1,0,0,0,1,0,0,14.9,2,3,0,0,1,2,0,1,0,0,2,1
Deontaye Buskey,Charleston Southern,2017-18,20.0,16,46,4,18,11,15,28,14,1,8,19,14,14.98,17,45,6,17,10,15,15,12,4,4,14,13
Deonte Newsome,Dubuque,2017-18,20.0,0,1,0,0,0,0,0,0,1,0,0,0,14.87,0,0,0,0,0,0,0,0,0,0,0,0
Dequawne Richards,Mercy,2017-18,20.0,1,5,0,1,0,0,0,0,1,1,1,2,14.73,3,4,1,1,0,0,0,0,0,2,1,0
Dequcelan Bagsby,Ecclesia College,2017-18,20.0,2,12,2,8,0,1,5,3,0,0,3,4,14.87,1,9,1,7,0,0,0,0,0,0,0,2
Derek Brown,Portland State,2017-18,0.0,14,31,0,8,5,6,8,8,1,4,8,10,14.95,20,30,4,7,11,19,9,4,0,7,10,10
Derek Cunningham,Sarah Lawrence,2017-18,20.0,0,3,0,2,0,0,0,0,0,0,1,1,14.93,0,0,0,0,0,0,0,0,0,0,0,0
Derek E'denchukwu,California Merced,2017-18,20.0,1,2,1,2,1,2,0,0,0,0,1,1,14.87,1,2,0,1,0,0,0,1,0,0,1,0
Derek Koch,Bowling Green,2017-18,20.0,32,83,3,18,26,30,15,5,7,32,42,10,20.0,31,72,9,16,27,31,17,6,6,35,47,21
Derek Leohner,FDU-Florham,2017-18,20.0,0,2,0,1,0,0,0,1,0,0,1,0,14.98,0,0,0,0,1,2,0,0,0,0,0,1
Derek Novsek,San Diego Christian,2017-18,20.0,13,30,2,9,6,6,6,2,1,3,5,3,14.82,11,22,5,11,4,5,3,3,0,1,8,5
Derek Ogbeide,Georgia,2017-18,20.0,55,93,0,1,7,17,12,6,13,29,72,21,14.6,42,68,0,0,15,31,8,5,16,27,63,15
Derek Sloan,Cleveland State,2017-18,20.0,1,8,0,1,3,5,4,0,0,3,2,6,20.0,1,4,0,0,4,11,2,1,2,1,7,1
Derek Webster Jr,The Citadel,2017-18,20.0,0,0,0,0,0,0,3,0,0,0,0,0,14.95,0,0,0,0,0,0,3,0,0,0,0,0
Derek Webster Jr.,The Citadel,2017-18,20.0,9,17,1,2,6,12,0,3,3,7,17,6,14.6,1,7,0,0,1,4,0,4,2,4,6,5
Dererk Pardon,Northwestern,2017-18,20.0,72,120,0,1,17,31,13,9,21,48,62,28,20.0,69,109,0,0,53,86,25,9,31,56,57,17
Derick Charles,Wesley,2017-18,20.0,2,3,0,0,0,0,0,0,0,0,0,0,17.73,1,1,0,0,1,2,0,0,0,1,0,0
Deriece Parks,Western Carolina,2017-18,20.0,43,114,25,82,5,6,36,16,3,8,44,35,14.77,44,114,26,75,21,28,30,19,4,13,34,20
Deris Duncan,Texas State,2017-18,0.0,8,20,4,11,8,8,7,3,1,6,12,8,20.0,9,22,3,8,4,7,1,0,0,5,9,5
Dermot Egan,FDU-Florham,2017-18,20.0,1,2,0,1,0,0,0,0,0,2,1,1,14.98,0,0,0,0,0,0,0,0,0,0,0,1
Derric Jean,Louisiana Tech,2017-18,20.0,44,102,25,56,27,34,30,16,2,5,34,28,14.87,42,112,21,48,32,46,26,17,2,13,40,25
Derrick Alston,Boise State,2017-18,0.0,1,1,0,0,0,0,0,0,0,0,1,2,14.78,0,0,0,0,0,0,1,1,0,0,0,0
Derrick Brooks,Wofford,2017-18,20.0,13,36,2,7,11,13,15,3,4,10,35,15,16.48,8,21,2,4,21,28,14,2,1,11,41,17
Derrick Bruce,Texas Southern,2017-18,20.0,44,126,23,62,24,28,22,13,3,6,34,29,14.97,32,80,18,46,21,28,18,13,2,3,29,17
Derrick Carter,Washington College (MD),2017-18,20.0,1,1,0,0,0,0,0,0,0,0,0,2,14.9,3,6,2,2,0,0,1,0,0,0,1,2
Derrick Cook,Northeastern,2017-18,20.0,3,6,2,3,0,0,1,0,0,0,3,3,20.0,1,2,0,0,3,5,0,2,0,1,1,3
Derrick Cusano,Montreat College,2017-18,0.0,0,0,0,0,0,0,0,0,0,0,0,0,14.92,1,3,1,3,0,0,1,1,0,0,1,2
Derrick Flowers,Jacksonville,2017-18,0.0,1,4,1,3,2,2,0,0,0,2,5,3,19.57,2,7,1,4,1,3,1,2,0,2,2,2
Derrick Okunpolor,Molloy,2017-18,20.0,0,4,0,1,0,0,0,0,0,0,0,0,14.62,1,2,0,0,0,0,0,0,0,0,0,0
Derrick Perry,Shenandoah,2017-18,20.0,1,3,0,0,0,0,1,1,2,0,1,3,14.82,0,3,0,0,0,0,0,0,1,0,1,2
Derrick Trawick,Allen,2017-18,20.0,2,4,1,2,0,0,1,0,0,0,0,2,17.9,0,2,0,2,2,2,1,0,0,0,0,0
Derrick Walker,Presbyterian,2017-18,20.0,15,24,0,0,6,12,4,1,4,11,22,15,14.98,10,19,0,0,3,11,3,2,3,18,19,5
Derrick Woods,Delaware,2017-18,20.0,13,17,1,1,6,9,3,0,4,4,17,10,19.13,7,15,0,1,3,7,2,1,0,5,17,3
Derrik Jamerson Jr,Norfolk State,2017-18,20.0,0,0,0,0,0,0,6,0,0,0,0,0,14.88,0,0,0,0,0,0,6,0,0,0,0,0
Derrik Jamerson Jr.,Norfolk State,2017-18,20.0,46,110,31,86,0,2,1,12,4,20,33,14,14.88,35,85,27,66,3,3,0,10,3,13,16,8
Derrik Smits,Valparaiso,2017-18,20.0,47,80,0,0,25,36,7,4,6,23,39,36,14.92,40,73,0,0,29,47,15,2,12,19,28,22
Derrius Colins,Montana Tech,2017-18,20.0,1,1,0,0,0,0,0,1,0,0,0,1,14.7,1,3,0,1,0,0,0,0,0,1,0,1
Derryck Thornton,USC,2017-18,20.0,12,47,4,15,15,15,19,8,1,2,16,12,14.88,9,18,3,5,2,3,8,4,1,0,12,9
Des Curry,Jacksonville State,2017-18,0.0,1,5,0,2,0,0,1,1,0,0,0,1,17.75,0,1,0,0,0,0,0,0,0,0,0,0
Deschon Winston,California,2017-18,20.0,5,17,1,8,2,2,3,0,0,3,6,9,19.23,3,16,0,8,0,1,2,4,0,1,3,6
Desean Green,Milligan,2017-18,20.0,0,1,0,0,0,0,0,0,0,0,0,1,14.67,2,3,0,0,0,0,1,0,0,0,1,1
Desean Murray,Auburn,2017-18,20.0,53,138,11,39,47,57,31,16,9,52,69,28,14.88,58,107,7,17,53,62,26,14,10,39,68,33
Deshaun Highler,UTEP,2017-18,0.0,0,0,0,0,0,0,0,0,0,0,0,0,15.58,0,0,0,0,3,4,0,0,0,0,0,1
Deshaun Morman,Towson,2017-18,0.0,36,64,8,17,18,21,14,11,4,5,19,18,20.0,18,49,2,9,26,35,18,16,3,8,31,22
Deshawn Freeman,Rutgers,2017-18,20.0,84,179,3,15,37,54,15,29,12,41,78,31,14.85,43,139,2,15,54,70,11,19,11,38,71,26
Deshawndric Nelms,Paine,2017-18,20.0,0,1,0,0,2,2,0,0,0,0,4,1,16.32,2,3,0,0,0,0,0,0,0,0,6,2
Deshon Taylor,Fresno State,2017-18,20.0,73,150,30,68,52,67,46,20,3,4,42,30,14.8,54,149,21,65,104,125,29,22,2,8,35,36
Desi Rodriguez,Seton Hall,2017-18,20.0,116,223,38,91,24,39,24,17,11,15,64,33,14.97,84,179,16,55,53,66,37,15,4,17,50,27
Desmond Bane,TCU,2017-18,20.0,64,134,25,65,21,24,43,14,5,7,59,28,20.0,71,114,31,55,43,54,31,17,3,7,54,27
Desmond Cambridge,Brown,2017-18,20.0,71,174,29,87,30,36,10,10,10,7,41,22,20.0,73,178,34,94,42,58,17,17,16,15,47,15
Desmond Carpenter,New Mexico Highlands,2017-18,20.0,1,2,1,2,0,2,1,1,0,0,1,2,16.72,0,2,0,1,0,0,0,0,0,0,0,0
Desmond Johnson,Western Carolina,2017-18,20.0,22,52,4,9,2,5,22,20,2,5,27,23,14.77,19,53,4,17,16,25,24,14,1,8,22,19
Desmond Lighty,Frostburg State,2017-18,0.0,0,0,0,0,0,0,0,0,0,0,0,0,14.93,1,2,0,1,0,0,0,0,0,0,0,0
Desmond Ridenour,Kent State,2017-18,20.0,18,51,5,16,5,12,10,9,2,9,34,12,14.98,31,59,2,14,9,14,8,11,4,7,14,17
Desmond Ringer,Mercer,2017-18,20.0,48,86,0,0,33,40,5,5,7,39,47,29,20.0,64,99,2,4,37,47,8,4,5,30,62,21
Desmond Ross,,2017-18,7.12,0,2,0,1,0,2,0,0,0,0,0,3,0.0,1,6,1,2,0,0,2,0,0,1,1,0
Desmond Williams,Florida A&M,2017-18,20.0,56,151,4,22,31,47,25,14,7,17,48,31,14.73,73,146,6,12,60,76,15,11,9,17,36,30
Desonta Bradford,East Tennessee State,2017-18,20.0,79,173,21,69,30,41,64,28,9,11,79,28,15.7,84,173,19,57,67,91,41,29,6,13,71,36
Dess Culpepper,Hiwassee College,2017-18,20.0,10,19,3,6,0,0,2,1,1,4,7,8,18.62,2,9,1,3,3,5,2,1,0,3,5,3
Destin Barnes,Boston University,2017-18,20.0,2,6,1,4,2,2,1,0,0,0,5,0,20.0,2,9,1,5,0,0,2,0,0,2,1,0
Destin Ingram,Johnson & Wales (NC),2017-18,20.0,0,1,0,0,0,0,0,0,0,0,0,0,14.98,0,0,0,0,0,0,0,0,0,0,0,0
Desure Buie,Hofstra,2017-18,20.0,32,74,9,27,13,15,57,14,0,3,20,26,20.0,27,60,11,25,26,31,32,8,1,2,16,16
Detroit Mercy,,2017-18,0.0,0,0,0,0,0,0,0,0,0,37,17,5,0.0,0,0,0,0,0,0,0,0,0,25,14,6
Deuce Martin,Lourdes,2017-18,20.0,0,1,0,1,0,0,0,0,0,0,0,0,14.9,0,0,0,0,0,0,0,0,0,0,0,1
Devante Carolina,Williams Baptist,2017-18,20.0,0,2,0,1,1,2,1,0,0,0,1,1,14.98,7,8,4,5,0,0,2,1,0,0,1,1
Devante Jackson,Grambling,2017-18,20.0,14,45,3,13,20,27,3,1,4,10,17,7,14.58,21,37,2,6,16,26,7,1,3,6,14,8
Devante Laws,Bryn Athyn,2017-18,20.0,1,4,0,2,2,2,0,0,0,0,0,0,14.82,1,1,1,1,0,0,0,0,0,0,0,1
Devante' Young,Lynchburg,2017-18,20.0,1,2,0,0,1,2,1,1,0,1,1,2,19.93,1,2,0,0,2,2,0,1,0,0,2,0
Develle Phillips,James Madison,2017-18,20.0,60,102,0,0,17,30,13,4,19,37,56,21,15.48,51,87,0,0,25,52,12,6,17,34,64,29
Deven Simms,Arkansas State,2017-18,20.0,66,142,14,34,40,51,22,18,4,12,54,30,17.75,80,161,16,44,47,67,20,14,6,17,57,31
Devin Cannady,Princeton,2017-18,20.0,72,160,41,94,27,29,20,15,1,5,62,14,20.0,67,143,29,78,36,43,22,6,1,11,56,21
Devin Cooper,Radford,2017-18,20.0,1,3,1,1,0,0,1,0,0,0,3,0,20.0,0,0,0,0,0,0,0,0,0,0,0,0
Devin Davis,Houston,2017-18,20.0,87,176,0,1,16,22,25,12,11,28,77,19,16.13,68,142,1,6,48,72,21,11,13,26,86,19
Devin Epps,,2017-18,0.0,0,0,0,0,0,0,0,0,0,0,0,0,0.0,0,0,0,0,0,0,0,2,0,0,0,0
Devin Gage,DePaul,2017-18,20.0,11,26,1,3,5,10,11,6,0,2,8,10,17.88,6,22,0,2,5,5,10,3,1,0,6,4
Devin Gilmore,Murray State,2017-18,0.0,0,0,0,0,0,0,0,0,0,0,0,0,14.88,0,1,0,0,0,0,0,0,1,0,0,0
Devin Harris,Jacksonville,2017-18,20.0,55,117,5,18,33,48,65,22,4,12,92,50,14.97,45,103,2,10,50,61,68,23,1,19,75,30
Devin Haygood,Youngstown St,2017-18,0.0,31,62,0,1,6,14,8,4,16,24,29,23,14.98,27,44,0,0,4,13,5,1,11,16,30,17
Devin Huffman,Oglethorpe,2017-18,20.0,0,0,0,0,0,0,2,0,0,0,1,1,14.75,0,2,0,1,0,0,1,2,0,0,0,0
Devin Jackson,Sam Houston State,2017-18,20.0,0,7,0,7,0,0,0,0,0,0,3,1,14.87,6,22,6,22,0,0,2,1,0,1,2,0
Devin Johnson,Hawaii Hilo,2017-18,20.0,0,2,0,0,0,0,1,0,0,0,0,1,15.85,1,2,0,0,0,1,1,0,0,0,2,0
Devin Liggeons,Wagner,2017-18,20.0,32,78,12,36,8,13,9,8,5,21,45,20,20.0,37,75,8,28,29,38,17,8,11,29,45,19
Devin Means,Cal State-Los Angeles,2017-18,20.0,2,4,2,3,3,3,1,1,0,1,2,1,16.75,0,3,0,2,0,0,0,0,0,0,0,1
Devin Mitchell,Georgia State,2017-18,20.0,64,144,46,103,5,6,35,16,2,3,34,26,14.93,63,138,41,89,20,32,25,5,4,6,29,17
Devin Peterson,Western Carolina,2017-18,20.0,43,99,10,26,18,26,37,9,2,4,25,20,14.77,28,73,8,21,12,19,35,8,2,8,13,20
Devin Pullum,Eastern New Mexico,2017-18,20.0,1,2,1,2,0,0,0,0,0,0,0,2,15.32,1,4,1,2,0,0,0,0,0,0,0,1
Devin Sibley,Furman,2017-18,20.0,68,171,21,70,20,41,27,14,3,5,64,41,14.95,76,144,25,64,27,50,30,9,5,7,51,40
Devin Thomas,Indiana State,2017-18,20.0,12,38,4,16,19,24,6,1,6,13,25,16,14.98,11,26,5,9,7,10,6,5,3,10,12,9
Devin Watson,San Diego State,2017-18,20.0,68,159,27,68,33,50,63,18,0,10,32,38,14.82,51,134,17,45,51,65,48,14,0,8,33,20
Devin White,Benedictine (AZ),2017-18,20.0,0,1,0,0,0,0,0,0,1,0,1,0,18.28,3,3,0,0,0,1,0,0,0,0,1,0
Devin Whitfield,Trevecca Nazarene,2017-18,20.0,1,3,1,1,5,6,1,0,0,1,4,3,14.55,1,4,1,2,2,2,0,1,0,0,0,2
Devin Wilson,Virginia Tech,2017-18,20.0,21,32,3,7,13,27,36,8,2,1,27,11,15.68,11,26,1,9,2,6,15,6,0,5,18,8
Devin Wyatt,Incarnate Word,2017-18,20.0,2,6,0,0,3,6,1,0,7,2,8,2,20.0,8,16,0,1,5,9,0,0,12,10,9,4
Devine Eke,Rider,2017-18,20.0,16,19,3,3,5,21,4,4,10,11,16,6,14.95,8,13,0,1,4,16,4,5,9,12,13,2
Devlon Noble,,2017-18,0.0,0,0,0,0,0,0,0,0,0,0,2,0,0.0,0,0,0,0,0,0,0,0,0,0,0,0
Devon Begley,Northeastern,2017-18,20.0,41,99,25,64,6,14,16,16,2,9,35,20,20.0,21,68,5,28,30,37,22,9,2,10,37,16
Devon Brewer,Alcorn State,2017-18,20.0,21,42,0,0,5,13,8,3,13,10,42,18,14.95,24,41,0,0,14,27,9,3,3,8,32,9
Devon Esslinger,Goucher,2017-18,20.0,2,7,0,0,0,0,0,0,0,2,3,2,14.92,2,4,0,0,1,2,0,1,1,1,4,1
Devon Goodman,Pennsylvania,2017-18,20.0,22,53,7,23,8,15,16,7,2,4,16,10,20.0,12,34,2,13,5,9,19,7,0,0,11,12
Devon Hall,Virginia,2017-18,20.0,69,154,29,67,27,30,58,12,3,7,67,16,18.35,60,134,26,63,45,49,48,17,2,5,58,19
Devon Pinnock,Pacific Union,2017-18,20.0,0,4,0,1,0,0,1,0,0,0,1,3,14.93,1,3,0,0,2,2,3,1,0,0,0,1
Devon Washington,Louisiana College,2017-18,20.0,4,8,0,0,0,2,0,1,0,1,5,3,14.82,6,9,0,0,0,0,2,0,0,4,4,0
Devon White,Brewton-Parker,2017-18,20.0,0,1,0,1,0,0,2,0,0,0,2,1,14.92,0,1,0,0,0,0,0,0,0,1,0,1
Devonne Nolan,Antelope Valley,2017-18,20.0,0,2,0,1,0,0,1,0,0,0,1,1,14.95,1,4,0,2,1,2,1,0,0,0,1,1
Devonnte Holland,Radford,2017-18,20.0,32,64,0,0,14,25,7,6,6,34,27,25,19.55,29,54,0,1,16,24,6,2,7,15,34,22
Devontae Cacok,UNC Wilmington,2017-18,20.0,107,174,0,0,50,74,10,16,6,57,123,32,14.68,92,161,0,0,59,103,18,15,10,85,118,34
Devontae Shuler,Ole Miss,2017-18,20.0,34,100,12,52,5,6,17,20,2,9,32,18,18.53,37,101,17,60,10,14,16,11,1,15,24,5
Devontavius Payne,East Tennessee State,2017-18,20.0,49,120,33,84,12,13,19,14,10,7,43,17,15.7,41,116,28,81,12,15,12,15,6,9,30,14
Devonte Boykins,North Carolina A&T,2017-18,20.0,23,73,13,46,21,25,26,11,1,7,27,17,14.8,31,81,17,60,9,14,23,6,1,4,21,15
Devonte Campbell,Albany,2017-18,20.0,32,82,3,25,16,21,21,6,7,18,32,18,20.0,31,74,3,24,46,60,28,9,9,21,35,16
Devonte Fuller,Western Carolina,2017-18,20.0,2,5,1,2,0,0,0,0,0,0,0,1,14.97,0,0,0,0,0,0,1,0,0,0,0,0
Devonte Green,Indiana,2017-18,20.0,53,127,26,62,11,18,38,22,3,4,28,27,14.98,25,81,6,30,25,33,33,9,3,3,22,29
Devonte Hall,Northwestern State,2017-18,20.0,8,27,5,17,4,6,11,3,0,4,8,5,14.62,5,19,2,8,5,8,7,5,0,0,10,5
Devonte Klines,Montana State,2017-18,15.0,35,102,4,24,14,27,21,10,1,11,17,27,20.0,40,92,4,15,29,46,20,7,5,10,13,17
Devonte Lash,Harris Stowe,2017-18,0.0,0,0,0,0,0,0,0,0,0,0,0,0,14.67,0,1,0,1,0,0,0,0,0,0,0,0
Devonte Pettaway,St. Andrews,2017-18,20.0,3,8,0,2,1,1,1,2,0,0,1,1,14.82,4,7,1,3,1,2,0,0,0,0,1,1
Devonte' Graham,Kansas,2017-18,20.0,109,257,63,150,52,61,136,30,1,14,70,65,14.63,88,231,46,116,112,137,140,30,0,9,59,43
Devorious Brown,Florida Atlantic,2017-18,0.0,4,15,0,3,2,3,6,0,0,2,8,8,14.95,3,11,0,1,6,10,7,5,0,2,6,10
Devyn Wilson,Portland State,2017-18,20.0,3,13,2,10,1,1,2,3,0,1,4,3,14.92,2,10,0,6,0,0,1,0,0,4,2,4
Dewan Huell,Miami,2017-18,20.0,58,116,0,2,20,32,7,10,18,34,69,22,14.77,81,122,0,1,46,64,5,6,9,25,73,17
Dexter Dean,Dallas Christian,2017-18,20.0,1,3,0,1,0,0,1,0,0,1,0,1,14.6,3,5,2,3,0,0,0,1,0,0,1,0
Dexter Gooding,High Point,2017-18,0.0,2,4,1,2,0,1,1,1,0,0,1,0,14.98,4,10,3,9,0,0,1,3,1,0,4,2
Dexter McClanahan,Savannah St,2017-18,20.0,70,168,34,97,34,42,27,17,2,17,40,20,14.97,56,141,17,77,42,60,17,11,2,13,34,17
Dexter Pelap-Tchuenche,Frostburg State,2017-18,0.0,0,0,0,0,0,0,0,0,0,0,0,0,14.93,0,2,0,0,1,2,0,0,0,0,1,0
Deyshawn Martin,Austin Peay,2017-18,20.0,2,7,1,4,0,0,1,2,4,1,7,5,17.6,3,6,1,4,5,7,2,1,0,1,2,1
Deyshonee Much,Iona,2017-18,20.0,51,127,34,83,8,11,28,16,5,9,52,21,20.0,59,143,32,79,26,31,42,21,2,13,46,24
Dez Stoudamire,Black Hills State,2017-18,20.0,1,4,0,3,0,0,0,0,0,0,0,0,14.77,0,4,0,2,0,0,0,0,0,0,0,0
Dhamir Cosby-Roundtree,Villanova,2017-18,20.0,22,28,0,0,9,17,1,7,6,18,33,8,14.93,20,26,0,0,5,7,1,2,8,13,15,6
Dhonte Ford,Allen,2017-18,20.0,1,6,0,2,3,4,4,2,0,0,0,4,17.9,3,7,2,3,0,0,2,0,0,2,5,2
Diago Quinn,Monmouth,2017-18,20.0,32,64,0,0,21,31,2,4,8,19,32,18,19.25,35,65,0,0,28,44,2,1,7,21,33,12
Diandre Wilson,NJIT,2017-18,20.0,48,107,19,42,22,31,25,23,3,6,19,30,20.0,45,110,17,45,26,41,10,10,8,4,31,19
Diangelo Carlton,,2017-18,9.18,0,1,0,0,0,0,0,0,0,0,1,1,0.0,0,0,0,0,0,0,0,0,0,0,0,1
Diego Poore,Tusculum,2017-18,0.0,0,0,0,0,0,0,0,0,0,0,0,0,17.03,0,0,0,0,0,0,1,1,0,0,0,0
Diing Diing Wol,Grambling,2017-18,20.0,0,1,0,0,0,0,0,2,0,0,1,5,14.83,0,2,0,1,0,2,0,1,1,0,0,1
Dikembe Dixson,UIC,2017-18,20.0,72,173,15,57,44,61,12,20,2,6,41,44,19.03,61,171,19,46,59,79,9,13,2,13,39,36
Dikymbe Martin,UC Riverside,2017-18,20.0,37,104,13,25,15,20,33,9,0,6,35,32,19.23,62,133,14,35,44,51,28,21,0,7,34,30
Dillan Landers,Panhandle State,2017-18,20.0,1,6,1,4,0,0,2,0,0,0,0,2,14.92,0,1,0,1,0,0,1,0,0,0,0,0
Dillon Avare,Eastern Kentucky,2017-18,20.0,15,51,15,51,0,0,15,7,0,3,9,9,20.0,22,54,21,53,0,0,8,1,1,1,4,9
Dillon Geralds,Brescia,2017-18,20.0,3,10,0,2,0,0,0,1,0,2,0,1,14.88,2,6,0,4,0,0,0,0,1,1,0,1
Dillon Reppart,East Tennessee State,2017-18,0.0,0,0,0,0,0,0,0,0,0,0,0,0,14.95,0,3,0,1,0,0,0,0,0,2,0,0
Dillon Young,St. Edward's,2017-18,20.0,0,3,0,3,0,0,0,0,0,0,0,0,20.0,1,3,1,2,0,0,1,0,0,0,0,0
Dimencio Vaughn,Rider,2017-18,20.0,73,130,11,31,34,43,8,21,6,31,53,34,20.0,58,137,6,27,66,89,18,24,12,33,56,23
Dimetres Moore,,2017-18,0.0,0,0,0,0,0,0,0,0,0,0,0,0,14.88,0,1,0,1,0,0,0,0,0,0,1,1
Dimetri Chambers,Bridgewater,2017-18,20.0,2,7,1,1,2,2,2,1,0,0,0,5,15.48,8,18,3,7,2,2,0,0,0,1,6,1
Dimitri Peterson,St. Mary's (TX),2017-18,20.0,3,5,1,1,0,0,0,0,0,2,1,0,17.57,0,1,0,0,2,2,0,0,0,1,1,1
Dimitri Spasojevic,,2017-18,2.02,45,75,0,0,7,16,10,7,4,16,36,27,0.0,32,61,0,0,12,30,8,3,9,25,42,20
Dimychael Ross,Brewton-Parker,2017-18,20.0,6,10,5,7,0,0,2,0,0,1,2,0,14.92,1,6,0,2,0,0,1,0,0,0,1,0
Dinero Mercurius,Florida Gulf Coast,2017-18,20.0,36,84,27,61,10,13,9,9,2,6,18,11,20.0,30,79,20,58,18,18,9,9,0,12,12,11
Diogo Brito,Utah State,2017-18,20.0,32,71,10,31,17,29,31,11,1,10,32,18,14.9,34,75,8,31,10,15,29,11,1,7,53,27
Dion Collins,Culver-Stockton,2017-18,20.0,0,1,0,0,0,0,0,0,0,2,0,0,14.53,0,0,0,0,0,0,0,0,0,0,1,0
Dion Malone,Jarvis Christian,2017-18,0.0,0,0,0,0,0,0,0,1,0,0,0,0,14.9,2,6,1,5,0,0,0,0,0,0,0,2
Dion Wiley,Maryland,2017-18,20.0,30,70,21,50,5,7,10,3,2,3,17,7,17.95,26,57,13,36,2,2,7,9,2,4,24,12
Dionta Champion,,2017-18,12.65,25,46,4,12,27,38,11,17,3,11,21,12,0.0,24,47,0,8,19,28,7,7,5,14,28,11
Diontae Jones,Grambling,2017-18,20.0,18,43,6,13,4,6,0,2,0,8,16,8,14.58,16,30,6,10,12,12,3,5,4,3,12,1
Diquan Craig,Silver Lake College,2017-18,20.0,0,0,0,0,1,1,0,0,0,0,1,0,14.95,0,1,0,0,1,1,0,0,0,0,1,3
Dishon Lowery,Wofford,2017-18,20.0,3,5,0,0,2,4,1,0,0,4,3,2,14.88,3,4,0,0,0,0,1,0,1,0,6,2
Divese Cason,Brevard College,2017-18,20.0,2,6,2,4,1,2,0,0,0,1,1,0,16.65,4,5,2,2,0,0,1,1,0,1,3,1
Divine Myles,Stetson,2017-18,15.0,89,178,17,50,39,53,50,24,3,10,61,26,20.0,97,191,17,57,62,86,70,25,1,12,48,22
Divonte Lumpkin,Texas Southern,2017-18,0.0,0,0,0,0,0,0,1,0,0,0,1,1,20.0,1,2,0,0,1,3,1,2,0,0,2,1
Dixon Ogwo,Mid-Atlantic Christian University,2017-18,20.0,1,2,0,0,1,2,0,0,2,1,0,1,14.93,1,4,0,0,0,0,0,0,0,1,1,4
Dj Jackson,,2017-18,8.42,0,1,0,1,0,0,0,0,0,0,0,0,0.0,0,0,0,0,0,0,1,0,0,0,0,1
Dj Ursery,Alaska Anchorage,2017-18,20.0,4,11,0,1,2,4,4,0,1,2,8,4,17.85,6,15,1,3,2,2,4,1,1,0,9,1
Djery Baptiste,Vanderbilt,2017-18,20.0,18,40,0,0,8,11,3,3,17,14,35,13,17.6,11,25,0,0,22,30,2,4,9,18,34,11
Djimon Henson,Morehead State,2017-18,20.0,48,123,19,57,17,21,9,4,3,11,26,18,14.7,44,101,26,63,17,24,11,4,1,7,27,23
Djimon Wilson,Tennessee Wesleyan,2017-18,20.0,0,4,0,1,0,0,0,1,0,0,2,0,14.68,1,3,0,1,0,0,0,0,0,0,0,1
Djordjije Mumin,UCF,2017-18,20.0,15,48,15,43,2,2,3,2,0,3,9,5,20.0,10,21,9,19,1,2,1,0,0,2,6,2
Dk Sumo,Panhandle State,2017-18,20.0,0,4,0,1,0,0,0,0,0,0,0,0,14.7,1,3,0,2,0,0,0,0,0,0,1,1
Dlaton Glapion,Arkansas-Fort Smith,2017-18,20.0,4,6,0,0,0,0,1,0,0,4,5,0,14.72,2,4,0,0,0,0,2,0,0,2,2,1
Dmitri Thompson,Elon,2017-18,20.0,52,131,17,56,18,23,34,8,1,12,61,28,14.73,73,137,29,58,48,63,33,11,5,21,64,22
Doane,,2017-18,0.0,0,0,0,0,0,0,0,0,0,0,0,1,0.0,0,0,0,0,0,0,0,0,0,0,0,0
Dolan Mahoney,Florida Gulf Coast,2017-18,0.0,0,0,0,0,0,0,0,0,0,0,0,0,14.68,1,1,0,0,0,0,0,0,0,1,0,0
Dom Robinson,Montana-Western,2017-18,20.0,3,9,1,6,0,0,1,0,0,0,2,1,14.8,2,3,1,1,1,1,5,0,0,0,0,3
Dom Uhl,Iowa,2017-18,20.0,2,6,0,1,0,0,1,0,3,4,7,3,14.95,0,2,0,0,0,0,2,0,0,0,3,4
Domen Omladic,Tennessee Tech,2017-18,0.0,3,3,0,0,0,0,0,1,0,0,3,0,14.68,3,5,0,0,0,0,1,0,0,2,2,2
Domenico Santiago,Mitchell College,2017-18,20.0,1,1,0,0,0,0,2,1,0,0,3,2,14.68,4,7,0,0,0,0,0,0,1,2,3,1
Dominic Cervantes,Wayland Baptist University,2017-18,0.0,0,0,0,0,0,0,0,0,0,0,0,0,14.82,0,1,0,1,0,0,0,1,0,0,0,0
Dominic Ezeani,Longwood,2017-18,20.0,1,2,0,0,0,0,0,1,0,0,0,0,14.88,0,0,0,0,1,3,0,0,0,0,1,2
Dominic Green,Washington,2017-18,0.0,25,62,21,45,9,13,5,3,7,6,18,7,20.0,17,45,11,33,9,12,8,2,3,5,24,4
Dominic Hudson,Blue Mountain College,2017-18,20.0,3,6,1,3,0,0,2,0,0,0,3,1,14.87,3,9,0,5,2,2,3,2,0,0,4,6
Dominic Johnson,,2017-18,0.0,0,0,0,0,0,0,0,0,0,0,0,0,0.0,0,0,0,0,0,0,0,0,0,0,1,1
Dominic Magee,Southern Miss,2017-18,20.0,52,122,20,61,29,44,14,10,3,9,93,19,18.57,55,111,17,44,43,67,24,11,2,15,59,19
Dominic Obunaka,Trevecca Nazarene,2017-18,0.0,0,0,0,0,0,0,0,0,0,0,0,0,14.55,0,1,0,0,0,0,0,0,0,0,1,2
Dominic Robb,Niagara,2017-18,20.0,39,76,0,0,16,32,5,2,25,14,47,13,15.08,40,65,1,2,27,40,7,4,21,23,32,10
Dominic Steward,Shenandoah,2017-18,20.0,0,1,0,1,0,0,0,0,0,0,0,0,14.82,0,1,0,1,0,0,0,0,0,0,0,0
Dominick Antonelli,Navy,2017-18,20.0,0,3,0,1,0,0,0,0,0,0,2,0,14.73,1,1,0,0,0,0,0,0,0,0,2,0
Dominick Pickett,UC Riverside,2017-18,20.0,4,12,1,6,2,2,5,1,1,2,3,9,19.23,5,18,2,7,0,1,12,4,0,1,12,4
Dominik Heinzl,CSU Fullerton,2017-18,20.0,14,29,0,0,9,12,3,4,4,5,16,11,20.0,8,12,0,0,4,6,1,1,0,5,12,8
Dominik Olejniczak,Ole Miss,2017-18,20.0,35,66,0,0,7,13,9,9,11,23,27,21,18.53,24,45,0,0,11,15,4,4,8,15,18,8
Dominique Bell,Peru State College,2017-18,20.0,0,1,0,0,0,0,0,0,0,0,2,1,14.88,1,3,0,0,0,0,0,0,0,1,2,0
Dominique Collier,Colorado,2017-18,20.0,40,86,25,54,22,27,23,14,0,3,20,15,17.9,24,76,14,42,27,38,19,4,0,3,17,16
Dominique Dyes,Williams Baptist,2017-18,20.0,3,4,2,3,0,0,0,0,0,0,0,0,14.98,0,2,0,2,0,0,1,0,0,0,0,0
Dominique Josephs,Northern New Mexico,2017-18,20.0,1,9,0,2,0,0,1,1,0,2,7,2,14.98,6,8,0,1,5,10,1,2,1,2,5,4
Dominique Matthews,UIC,2017-18,20.0,37,119,25,73,19,28,13,6,6,6,14,18,19.03,38,97,15,54,22,26,10,8,2,8,21,18
Dominique Reid,North Carolina Central,2017-18,20.0,27,43,0,1,11,16,7,0,5,13,47,22,19.03,14,27,0,0,12,19,4,1,1,12,17,12
Dominique Washington,Midway,2017-18,20.0,3,7,2,4,0,0,0,0,1,2,3,3,14.68,0,8,0,3,0,1,0,0,0,2,3,0
Dominique Watkins,San Diego Christian,2017-18,20.0,0,5,0,0,0,0,2,2,0,0,2,1,14.82,1,3,0,1,0,0,0,0,0,0,1,1
Dominique Williams,UT Martin,2017-18,15.0,28,67,3,15,11,21,12,4,2,16,27,18,20.0,30,58,3,10,15,20,9,3,2,15,30,7
Don Coleman,California,2017-18,20.0,64,189,17,55,44,61,28,21,1,13,26,33,19.23,60,183,9,48,85,113,28,21,0,15,29,25
Don Leak,Rogers State,2017-18,20.0,1,2,0,0,0,0,0,0,0,1,0,0,18.22,3,5,0,0,0,0,0,0,0,2,0,0
Donal Gooch,,2017-18,0.0,0,0,0,0,0,0,0,0,0,0,1,1,0.0,0,0,0,0,0,0,0,0,0,0,0,0
Donald Avant,Emory,2017-18,19.95,4,5,0,0,0,0,0,1,0,1,1,0,17.95,0,1,0,0,0,0,0,0,0,0,1,0
Donald Carey,Mt. St. Mary's,2017-18,20.0,43,115,20,56,14,16,58,14,2,5,30,45,14.57,45,97,18,42,31,40,40,15,1,4,39,36
Donald Gipson,Loyola Marymount,2017-18,20.0,10,27,2,12,0,0,7,6,0,4,4,6,19.42,7,31,5,21,0,0,2,2,0,1,6,5
Donald Hicks,Radford,2017-18,20.0,34,101,22,59,14,15,23,7,0,17,36,21,19.55,58,142,40,86,7,9,17,10,1,21,27,12
Donald Miller,Summit,2017-18,0.0,0,0,0,0,0,0,0,0,0,0,0,1,14.9,1,1,0,0,0,0,0,0,0,0,1,0
Donavon Henry,Trevecca Nazarene,2017-18,20.0,0,2,0,0,1,2,0,0,0,0,1,1,14.55,0,0,0,0,0,0,1,0,0,0,0,2
Dondre Duffus,SE Missouri St,2017-18,20.0,1,2,0,0,2,2,1,0,0,0,0,2,20.0,2,6,1,2,0,0,1,0,0,0,0,0
Dondre Rhoden,Fairleigh Dickinson,2017-18,0.0,1,2,0,0,0,1,0,0,1,1,1,1,17.98,0,1,0,0,3,4,0,1,0,0,3,0
Donnell Gresham Jr,Northeastern,2017-18,0.0,0,0,0,0,0,0,29,0,0,0,0,0,14.75,0,0,0,0,0,0,21,0,0,0,0,0
Donnell Gresham Jr.,Northeastern,2017-18,20.0,44,117,32,75,14,18,2,12,3,8,58,12,20.0,39,87,27,64,32,39,2,11,1,6,60,13
Donnell Johnson,,2017-18,0.0,0,0,0,0,0,0,0,0,0,0,0,0,0.0,0,0,0,0,0,0,0,0,0,0,0,1
Donnie Lewis,SE Missouri St,2017-18,15.0,4,8,3,6,1,4,23,4,0,3,8,8,20.0,0,2,0,2,3,5,10,1,0,3,4,4
Donnie Tillman,Utah,2017-18,20.0,32,56,4,14,29,34,5,5,3,13,26,18,15.15,31,74,5,10,17,19,4,3,2,17,37,12
Donovan Donaldson,Tusculum,2017-18,20.0,1,5,0,2,0,0,2,1,0,0,4,0,15.4,3,4,3,4,0,0,2,0,1,0,0,1
Donovan Farrell,Michigan Dearborn,2017-18,0.0,1,2,0,1,0,0,0,1,0,0,1,0,17.48,0,2,0,1,4,4,2,1,1,0,1,1
Donovan Ferguson,Augustana (IL),2017-18,0.0,0,0,0,0,0,0,0,0,1,0,2,0,14.83,0,0,0,0,2,4,0,1,2,0,0,0
Donovan Fields,Cal Poly,2017-18,20.0,44,120,10,33,16,16,31,13,4,2,28,26,17.75,49,109,12,24,34,35,46,10,0,4,30,19
Donovan Gilmore,UNC Asheville,2017-18,20.0,5,12,0,0,7,8,2,1,1,2,18,5,20.0,11,17,0,0,4,9,0,4,5,4,11,4
Donovan Greer,NJIT,2017-18,20.0,20,52,16,40,3,5,14,4,0,6,11,4,20.0,16,45,10,34,5,5,8,3,0,4,9,6
Donovan Ham,Mississippi College,2017-18,20.0,0,5,0,3,0,0,2,2,0,2,0,2,14.8,0,1,0,0,0,0,0,0,0,0,2,1
Donovan Harris,Limestone,2017-18,20.0,1,6,0,0,0,0,0,1,0,3,3,1,14.92,0,3,0,0,1,3,0,0,1,1,4,0
Donovan Jackson,Iowa State,2017-18,20.0,59,160,40,102,21,23,40,5,0,4,33,26,17.85,72,177,49,114,37,42,16,9,2,4,20,17
Donovan McCrae,Cairn University,2017-18,20.0,0,1,0,0,2,2,0,0,0,1,1,0,14.85,0,1,0,0,0,0,0,0,0,0,0,0
Donovan Mitchell,Wake Forest,2017-18,0.0,14,32,6,18,4,5,3,3,2,9,24,12,20.0,15,27,9,14,6,8,2,3,6,3,22,6
Donovan Oliver,Lewis,2017-18,0.0,0,0,0,0,0,0,0,0,0,0,0,0,14.77,0,1,0,0,0,0,0,0,0,3,1,0
Donovan Robinson,St. Mary's (MD),2017-18,0.0,0,0,0,0,0,0,0,0,0,0,0,1,14.98,1,2,0,0,0,0,0,0,0,0,0,0
Donovan Sims,Middle Tennessee,2017-18,0.0,3,13,3,9,2,2,14,5,2,1,10,3,14.55,7,10,4,6,4,5,16,6,0,0,14,9
Donovan Theme-Love,Wofford,2017-18,20.0,5,26,4,18,10,13,24,12,0,0,19,13,16.48,11,24,8,18,3,7,29,6,2,0,20,16
Donovan Walker,UL Monroe,2017-18,20.0,2,11,2,4,0,0,0,1,0,0,0,0,20.0,4,13,2,4,1,2,4,2,0,1,2,10
Donoven Carlisle,Denver,2017-18,20.0,7,11,1,2,0,1,2,0,1,5,23,4,20.0,11,16,0,1,3,5,1,3,1,5,23,6
Donta Hall,Alabama,2017-18,20.0,67,99,0,0,29,46,9,8,35,31,77,22,17.97,66,87,0,0,27,56,10,16,26,40,63,20
Dontae Johnson,York College Pa,2017-18,0.0,0,0,0,0,0,0,0,0,0,0,1,0,20.0,1,1,0,0,0,0,0,0,0,0,0,0
Dontavious Smith,UMass Lowell,2017-18,20.0,0,1,0,0,0,0,0,1,2,1,4,3,14.9,2,2,0,0,1,3,0,0,3,1,3,3
Dontay Bassett,Florida,2017-18,20.0,9,13,0,0,4,5,1,4,5,8,6,2,14.97,7,13,0,0,4,7,2,4,1,12,4,2
Dontay Caruthers,Buffalo,2017-18,20.0,27,48,6,15,5,6,26,9,1,8,17,12,20.0,29,46,5,9,6,16,17,13,0,10,14,18
Donte Clark,Texas Southern,2017-18,20.0,61,161,19,54,63,68,26,11,3,8,45,35,14.97,59,156,12,44,74,87,29,10,3,9,43,28
Donte DiVincenzo,Villanova,2017-18,20.0,87,194,40,109,26,36,62,22,4,17,60,37,17.97,91,170,41,88,41,61,63,21,4,26,66,36
Donte Grantham,Clemson,2017-18,20.0,49,95,16,36,14,18,24,7,11,15,53,19,14.77,50,83,10,25,22,28,21,8,6,14,43,10
Donte Ingram,Loyola Chicago,2017-18,20.0,58,152,30,87,17,21,32,14,5,12,104,25,20.0,82,161,40,90,27,42,25,17,8,6,106,24
Donte Thomas,Bradley,2017-18,20.0,61,129,3,17,30,34,11,14,14,28,87,22,17.68,70,106,3,9,40,64,19,18,19,43,53,26
Donte Watson,North Carolina A&T,2017-18,20.0,3,9,2,4,0,0,0,0,0,0,3,1,14.8,0,3,0,1,2,2,0,0,1,0,0,0
Donte Winfield,Penn State Brandywine,2017-18,20.0,3,10,1,3,0,0,0,0,0,1,2,1,14.97,1,4,0,1,0,1,0,0,0,0,1,2
Donte Wright,South Carolina State,2017-18,20.0,28,76,19,53,8,8,8,4,0,5,19,13,14.57,22,55,18,46,16,20,7,4,0,4,14,13
Dontel Highsmith,Cleveland State,2017-18,20.0,28,69,6,22,6,11,11,11,2,10,16,13,20.0,21,50,2,10,9,10,17,8,0,5,24,15
Dontelius Ross,Jackson State,2017-18,0.0,0,0,0,0,0,0,0,0,0,0,0,0,14.87,0,2,0,1,0,0,2,0,0,0,0,3
Doral Moore,Wake Forest,2017-18,20.0,78,111,0,0,16,32,6,7,24,44,79,20,20.0,59,84,0,0,18,40,1,4,28,44,98,17
Dorian Lopez,St. Edward's,2017-18,20.0,3,10,2,5,1,2,4,1,0,1,6,3,17.1,3,5,1,2,1,1,1,0,0,2,5,0
Dorian Pickens,Stanford,2017-18,20.0,53,112,29,66,10,15,17,7,2,5,33,22,17.75,50,128,34,85,45,57,30,10,1,6,35,19
Doug Levy,John Jay College of Criminal Justice,2017-18,20.0,0,1,0,1,0,0,0,0,0,0,5,0,14.93,1,4,0,1,0,0,0,0,0,0,1,1
Doug Taylor,Ohio,2017-18,20.0,43,81,1,3,7,13,7,9,21,29,65,28,20.0,38,64,0,0,16,30,10,4,32,28,67,10
Doug Taylor made Dunk. Assisted by Gavin,,2017-18,0.0,0,0,0,0,0,0,0,0,2,0,0,0,0.0,0,0,0,0,0,0,0,0,2,0,0,0
Doug Taylor made Jumper. Assisted by Gavin,,2017-18,0.0,0,0,0,0,0,0,0,0,1,0,0,0,0.0,0,0,0,0,0,0,0,0,1,0,0,0
Doug Taylor made Layup. Assisted by Gavin,,2017-18,0.0,0,0,0,0,0,0,0,0,1,0,0,0,0.0,0,0,0,0,0,0,0,0,6,0,0,0
Drago Popovic,St. Leo,2017-18,20.0,3,4,0,1,4,4,0,0,0,5,0,2,17.95,1,3,0,0,1,2,0,0,0,2,4,0
Drake,,2017-18,0.0,0,0,0,0,0,0,0,0,0,28,19,5,0.0,0,0,0,0,0,0,0,0,0,28,21,11
Drake Carter,Haskell,2017-18,20.0,2,4,2,4,0,0,0,0,0,0,2,0,14.9,1,1,1,1,0,0,0,0,0,0,0,1
Drake Cooper,Howard Payne,2017-18,20.0,1,4,0,1,1,2,0,1,0,0,1,3,14.95,4,5,1,1,1,2,1,0,0,0,1,1
Drake Green,Abilene Christian,2017-18,20.0,21,54,17,45,0,0,14,5,1,1,14,16,17.52,23,48,15,35,6,7,13,10,1,1,15,7
Drake LaMont,Western Michigan,2017-18,20.0,52,103,2,2,12,16,20,6,14,22,38,11,14.92,37,73,0,3,18,28,15,4,11,24,35,8
Drake Wilks,Grambling,2017-18,20.0,6,24,2,14,1,2,0,3,1,4,10,6,14.58,9,22,5,12,4,7,2,3,0,4,9,4
Dre Bell,Lewis,2017-18,20.0,0,0,0,0,2,2,1,0,0,0,1,0,14.77,0,1,0,1,0,0,0,0,0,0,1,0
Dre Marin,Southern Utah,2017-18,20.0,32,87,16,51,14,16,26,11,4,7,53,26,14.88,26,67,15,43,22,31,27,15,1,5,38,15
Dreshaun Jones,Concordia College (AL),2017-18,20.0,2,5,0,0,0,0,1,3,0,0,1,3,14.92,1,1,0,0,0,0,0,0,0,1,0,1
Dreshawn Dorsey,Silver Lake College,2017-18,20.0,2,4,0,1,3,4,2,3,0,0,1,2,14.95,1,4,0,0,0,0,0,0,0,0,0,3
Drew Bethoney,Bridgewater,2017-18,20.0,1,5,1,4,0,1,0,2,0,0,0,1,15.48,2,7,2,5,0,0,0,0,0,0,1,1
Drew Buggs,Hawai'i,2017-18,20.0,41,97,9,27,14,23,46,26,3,12,35,34,20.0,35,84,10,23,29,45,45,18,1,11,41,24
Drew Burnett,Millsaps,2017-18,20.0,1,2,1,2,0,0,0,0,0,2,0,1,14.9,1,2,0,0,0,0,1,0,0,0,0,0
Drew Cayce,Illinois,2017-18,20.0,0,1,0,1,0,1,0,0,0,0,1,0,14.93,0,2,0,2,0,0,0,2,0,0,1,0
Drew Cheskie,Mount Marty,2017-18,20.0,3,4,0,0,0,0,0,0,1,0,0,0,14.67,1,3,0,0,0,0,0,0,0,0,1,0
Drew Delatte,Asbury,2017-18,20.0,2,2,0,0,1,1,0,0,0,1,2,1,14.93,0,0,0,0,0,0,0,0,0,0,1,1
Drew Edwards,Providence,2017-18,20.0,10,34,1,12,9,10,8,7,1,4,19,9,14.77,11,27,3,11,4,7,4,4,1,9,14,8
Drew Eubanks,Oregon State,2017-18,20.0,80,128,0,0,39,52,14,6,22,32,87,37,14.88,69,108,0,0,48,69,16,8,31,26,62,18
Drew Heller,Bryn Athyn,2017-18,0.0,0,0,0,0,0,0,0,0,0,0,0,0,14.82,0,2,0,1,0,0,0,1,0,1,0,1
Drew LaMont,American,2017-18,20.0,7,19,6,16,2,2,5,2,3,2,7,4,14.72,5,17,4,13,2,4,8,5,2,3,7,6
Drew McDonald,Northern Kentucky,2017-18,20.0,81,194,21,71,34,43,32,7,7,28,117,31,15.7,87,178,26,71,53,66,34,6,7,28,98,28
Drew McKay,Boyce,2017-18,20.0,3,6,1,4,0,2,0,2,0,2,2,1,14.93,2,5,0,1,0,0,1,0,0,0,2,0
Drew Olive,St. Mary's (MN),2017-18,20.0,0,0,0,0,2,2,2,0,0,0,0,1,14.75,0,0,0,0,0,0,0,0,0,0,0,3
Drew Peterson,Alaska Anchorage,2017-18,20.0,1,3,1,3,0,0,0,0,0,1,0,2,17.85,0,6,0,4,2,2,1,0,0,1,0,1
Drew Rackley,UNC Asheville,2017-18,20.0,8,20,6,14,2,4,4,5,2,0,7,7,20.0,8,23,4,12,6,7,6,3,0,0,5,5
Drew Scarberry,Notre Dame College,2017-18,20.0,1,2,0,1,0,0,1,0,0,2,0,5,14.8,0,2,0,1,2,2,0,0,0,0,1,1
Drew Urquhart,Vermont,2017-18,20.0,64,109,5,11,25,36,26,6,13,21,58,21,20.0,55,86,6,11,56,70,24,2,21,22,70,10
Drew Vittum,Wheaton (MA),2017-18,0.0,0,0,0,0,0,0,0,0,0,0,1,0,14.97,1,1,0,0,0,0,0,0,0,0,1,1
Drew Zuidema,Spring Arbor,2017-18,20.0,1,3,1,3,0,0,1,1,0,0,1,0,15.38,0,3,0,3,0,0,0,0,0,1,4,0
Drexel,,2017-18,0.0,0,0,0,0,0,0,0,0,0,26,28,6,0.0,0,0,0,0,0,0,0,0,0,27,27,4
Dreymon Jones,Pacific Union,2017-18,0.0,0,0,0,0,0,0,0,0,0,0,3,1,14.93,1,2,0,0,2,2,0,0,0,0,2,1
Drick Bernstine,Washington State,2017-18,20.0,43,91,0,0,7,15,31,17,6,23,82,41,17.77,45,81,0,0,11,18,44,18,12,29,57,26
Dru Smith,Evansville,2017-18,20.0,52,89,11,20,28,32,49,22,4,7,29,31,16.88,46,81,14,34,46,55,47,23,6,3,32,37
Druw Rollins,Columbia International,2017-18,20.0,0,1,0,0,2,2,0,0,0,0,1,0,14.77,2,4,0,1,2,2,0,0,0,1,0,2
DuShaun Rice,Providence (MT),2017-18,20.0,0,5,0,2,1,2,0,0,0,0,0,0,14.9,2,2,1,1,1,1,0,0,0,0,0,1
Duaka Ekwensi,Wheaton (MA),2017-18,19.98,1,5,0,0,0,0,0,0,0,1,1,1,14.97,0,1,0,0,0,0,1,1,0,0,0,0
Duane Gibson,Evansville,2017-18,20.0,34,67,0,0,12,16,21,11,5,4,22,20,16.88,18,51,0,0,12,16,25,11,2,4,25,25
Duane Moss,Chattanooga,2017-18,20.0,6,14,5,9,2,3,6,1,0,1,5,3,20.0,5,7,3,4,2,4,3,2,0,3,9,3
Duane Wilson,Texas A&M,2017-18,20.0,32,83,13,41,11,14,39,13,3,2,24,28,14.87,33,80,7,23,23,31,44,11,2,0,18,18
Dubuque,,2017-18,0.0,0,0,0,0,0,0,0,0,0,1,0,0,0.0,0,0,0,0,0,0,0,0,0,0,0,0
Duby Okeke,Nebraska,2017-18,20.0,5,12,0,0,1,4,0,4,14,11,12,12,20.0,2,6,0,0,3,6,2,1,12,13,11,5
Duje Radja,Elon,2017-18,0.0,0,0,0,0,0,0,0,0,0,0,0,0,17.6,1,1,0,0,0,0,0,0,0,0,1,0
Dujuanta Weaver,Eastern Kentucky,2017-18,15.0,20,69,15,51,3,4,23,9,0,5,19,15,20.0,21,51,17,39,10,11,24,13,2,6,19,18
Duke,,2017-18,0.0,0,0,0,0,0,0,0,0,0,26,21,4,0.0,0,0,0,0,0,0,0,0,0,27,21,4
Duke Germain,Kean,2017-18,0.0,0,1,0,0,1,2,0,1,0,2,1,0,14.78,1,3,0,1,3,4,0,1,1,3,2,2
Dulan Scott,Missouri Science & Technology,2017-18,20.0,2,4,1,1,0,2,0,1,0,0,3,1,14.92,2,4,0,1,0,0,0,1,0,0,0,1
Duncan Douglas,Maine,2017-18,20.0,0,2,0,2,0,0,0,0,0,0,0,0,14.9,0,0,0,0,0,0,0,0,0,0,1,1
Duncan Fort,Emporia State,2017-18,20.0,0,3,0,1,2,2,0,0,0,1,3,1,20.0,2,4,0,0,0,0,0,0,0,1,0,3
Duncan Robinson,Michigan,2017-18,20.0,74,160,48,120,11,14,27,14,9,6,38,11,17.12,46,110,28,77,51,55,16,11,7,13,39,14
Duop Reath,LSU,2017-18,20.0,87,160,10,22,28,42,14,4,18,31,58,27,14.73,59,111,6,14,26,46,7,9,10,27,40,22
Dupree McBrayer,Minnesota,2017-18,20.0,31,114,19,56,16,23,29,12,3,2,26,10,17.93,44,97,12,39,41,59,34,14,6,2,19,21
Duquesne,,2017-18,0.0,0,0,0,0,0,0,0,0,0,23,16,11,0.0,0,0,0,0,0,0,0,0,0,27,18,4
Durante Lee,,2017-18,5.75,4,6,0,0,1,2,1,0,3,4,5,3,0.0,3,4,0,0,3,5,1,0,0,1,0,2
Dusan Antic,Northwood,2017-18,20.0,0,1,0,1,0,0,0,0,0,0,0,0,14.67,0,0,0,0,0,0,0,0,0,0,0,0
Dusan Kovacevic,Davidson,2017-18,20.0,2,8,0,1,4,4,1,0,0,1,8,2,14.98,5,8,1,2,0,1,2,1,0,1,4,3
Dusan Majstorovic,Maine,2017-18,0.0,6,28,4,19,1,1,4,2,1,7,12,8,17.85,5,23,2,13,6,8,7,1,2,6,7,2
Dusan Perovic,Binghamton,2017-18,0.0,5,16,0,4,1,3,2,0,0,2,4,7,20.0,7,10,1,3,5,6,2,1,1,0,3,2
Dusan Ristic,Arizona,2017-18,20.0,92,162,4,7,28,35,19,5,8,40,95,20,14.88,80,140,2,6,30,40,11,7,10,27,68,21
Dustin Day,Tusculum,2017-18,0.0,0,0,0,0,0,0,0,0,0,0,0,0,17.03,1,1,1,1,0,0,0,0,0,0,0,0
Dustin Killough,Bob Jones University,2017-18,20.0,4,7,1,1,0,0,1,0,0,0,2,3,14.95,3,4,1,2,6,8,0,2,0,0,1,2
Dustin Thomas,Arkansas,2017-18,20.0,26,49,0,0,10,17,13,6,1,19,39,17,20.0,19,37,0,1,19,24,10,11,2,10,30,12
Dustin Utley,Williams Baptist,2017-18,20.0,1,3,0,1,0,1,1,0,0,0,0,0,14.98,0,0,0,0,0,0,0,0,0,0,0,0
Dusty Baker,Weber State,2017-18,20.0,27,67,20,46,11,12,47,11,2,2,56,15,20.0,27,55,17,36,28,33,55,8,0,3,51,22
Dwain Whitfield,Arkansas-Pine Bluff,2017-18,0.0,0,0,0,0,0,0,1,0,0,0,0,0,20.0,1,3,0,1,0,0,2,0,0,3,1,2
Dwane Miner,Harris Stowe,2017-18,20.0,1,2,0,0,1,2,0,0,0,1,2,4,14.67,0,2,0,2,0,0,0,0,1,0,0,0
Dwayne Banks,South Carolina State,2017-18,20.0,1,3,1,1,0,0,2,2,0,1,3,5,14.98,2,3,1,1,0,0,4,0,0,1,0,6
Dwayne Brown Jr,Utah State,2017-18,20.0,0,0,0,0,0,0,21,0,0,0,0,0,20.0,0,0,0,0,0,0,20,0,0,0,0,0
Dwayne Brown Jr.,Utah State,2017-18,20.0,56,120,15,44,16,22,0,8,3,21,41,24,20.0,49,114,14,46,26,36,0,12,5,24,65,28
Dwayne Coleman,Penn State Brandywine,2017-18,20.0,0,1,0,0,0,0,0,0,0,0,1,1,14.97,0,0,0,0,0,0,0,0,0,0,1,1
Dwayne Freeman,Oneonta State,2017-18,20.0,1,4,1,4,3,4,0,0,0,0,4,0,15.07,4,8,1,2,1,2,0,0,0,2,0,1
Dwayne Lautier-Ogunleye,Bradley,2017-18,20.0,41,80,9,28,31,45,38,5,0,21,55,22,17.68,26,67,7,26,37,53,39,6,2,18,47,20
Dwayne Morgan,Southern Utah,2017-18,20.0,55,110,4,12,11,20,12,4,11,14,53,25,20.0,42,89,2,11,27,40,6,9,6,14,46,26
Dwayne Morton,Goucher,2017-18,20.0,1,6,0,2,0,0,1,3,0,0,1,3,14.92,3,6,0,2,0,0,1,0,0,1,0,2
Dwayne Rose Jr,Toledo,2017-18,20.0,0,0,0,0,0,0,1,0,0,0,0,0,18.67,0,0,0,0,0,0,0,0,0,0,0,0
Dwayne Rose Jr.,Toledo,2017-18,20.0,0,3,0,1,0,0,0,0,0,0,1,1,18.67,1,2,0,0,6,6,0,0,1,0,2,2
Dwayne Sutton,Louisville,2017-18,20.0,22,55,6,21,5,10,10,11,5,17,43,7,20.0,24,46,10,21,20,28,8,14,7,18,44,10
Dwayne Ward,Missouri-St. Louis,2017-18,20.0,0,2,0,0,0,0,0,0,1,0,2,0,15.58,0,0,0,0,0,0,0,0,0,1,0,0
Dwight Coleby,Western Kentucky,2017-18,20.0,67,123,0,1,38,51,10,10,24,36,101,29,20.0,65,101,0,0,44,56,7,9,30,43,73,22
Dwight Harris,Spring Hill,2017-18,20.0,2,8,0,1,2,2,0,1,0,2,3,4,14.93,4,6,2,3,1,2,2,1,0,0,2,3
Dwight Ramos,CSU Fullerton,2017-18,20.0,4,18,0,8,2,4,3,2,0,2,4,6,14.88,4,11,2,7,2,4,3,1,0,4,3,5
Dwight Sanders,Reinhardt,2017-18,20.0,4,11,1,6,0,0,3,1,0,1,4,2,14.92,4,8,1,2,3,4,2,1,0,0,3,5
Dwight Wheatley,Paine,2017-18,20.0,1,1,0,0,0,0,0,0,0,0,2,0,16.32,0,0,0,0,0,0,0,0,0,0,0,0
Dwight Wilson,James Madison,2017-18,20.0,20,38,0,0,6,11,1,3,2,19,25,13,15.48,14,35,0,0,5,8,0,1,1,14,30,5
Dylan Alderson,Toledo,2017-18,20.0,14,28,6,16,4,7,12,5,0,5,29,12,18.67,2,11,0,3,1,2,3,3,0,4,9,4
Dylan Beckham,Brescia,2017-18,20.0,0,1,0,0,0,0,0,0,0,0,0,0,14.88,0,0,0,0,0,0,0,0,0,0,0,0
Dylan Bekemeier,Evangel,2017-18,20.0,1,2,1,1,0,0,0,0,0,0,0,1,14.92,1,2,1,1,0,0,1,0,0,0,1,1
Dylan Brandenburg,Toccoa Falls,2017-18,20.0,3,20,3,14,2,2,2,0,0,3,5,10,14.87,4,13,2,9,4,6,0,0,0,0,2,2
Dylan Brewster,Chattanooga,2017-18,0.0,1,3,0,2,0,0,1,0,0,0,1,0,14.9,0,3,0,3,0,0,1,0,0,0,2,2
Dylan Browning,Walla Walla University,2017-18,20.0,2,6,0,1,0,0,3,0,0,0,3,3,15.25,0,3,0,0,2,2,1,0,1,0,0,2
Dylan Carl,Purdue Fort Wayne,2017-18,20.0,26,64,7,20,4,9,9,3,15,15,22,14,17.45,23,42,6,12,11,18,10,3,9,12,28,11
Dylan Causwell,Loyola Marymount,2017-18,0.0,0,0,0,0,0,0,0,0,0,0,0,0,14.45,0,1,0,0,0,0,0,0,0,0,1,0
Dylan Critchfield,Willamette,2017-18,20.0,1,2,0,0,0,0,0,0,0,0,0,1,14.92,0,0,0,0,0,0,1,0,0,0,3,0
Dylan DeWalt,Pacific Lutheran,2017-18,20.0,1,2,1,2,0,0,1,0,0,0,1,0,14.83,2,4,1,2,1,1,2,0,0,0,0,1
Dylan Foreman,Pacific Lutheran,2017-18,20.0,1,3,0,1,0,0,1,1,0,0,1,1,14.83,1,2,0,0,2,2,1,0,0,1,1,0
Dylan Frye,Bowling Green,2017-18,20.0,69,170,30,83,26,35,32,10,2,6,41,14,20.0,49,138,27,72,27,36,35,12,2,6,39,30
Dylan Geig,Ohio Christian,2017-18,20.0,2,4,1,3,0,0,1,0,0,0,2,1,14.98,0,2,0,1,0,0,1,0,0,0,1,0
Dylan Gray,University of the Ozarks,2017-18,20.0,6,11,4,7,8,10,1,2,0,1,1,1,14.8,2,5,0,2,0,0,3,0,0,2,4,0
Dylan Hamlett,George Fox,2017-18,20.0,2,7,0,0,0,0,0,2,1,1,2,0,14.98,0,2,0,0,0,1,0,0,1,1,2,0
Dylan Harrison,Ohio Valley,2017-18,20.0,3,4,3,4,0,0,0,1,0,1,0,1,14.78,1,2,1,2,0,0,0,0,0,0,2,2
Dylan Hastings,Lafayette,2017-18,20.0,5,21,2,12,0,2,1,1,11,4,16,3,16.9,4,7,3,6,2,2,1,0,3,2,6,4
Dylan Jones,Rice,2017-18,0.0,8,14,0,0,1,6,2,4,2,9,9,9,20.0,8,13,0,0,6,12,4,1,0,4,5,5
Dylan McElligott,,2017-18,0.0,0,0,0,0,0,0,0,0,1,0,1,0,0.0,0,0,0,0,0,0,0,0,0,0,0,2
Dylan Miller,North Dakota State,2017-18,0.0,16,30,2,7,4,6,4,3,6,11,11,5,17.87,6,16,0,4,2,4,3,1,0,0,8,4
Dylan Mitchell,Pittsburgh-Bradford,2017-18,20.0,1,3,0,0,0,0,0,1,0,0,2,2,14.82,2,2,0,0,0,1,0,0,0,0,0,1
Dylan Murdock,,2017-18,0.0,0,0,0,0,0,0,0,0,0,0,0,0,0.0,0,0,0,0,0,0,0,1,0,0,1,0
Dylan Niedermeyer,Pittsburgh-Bradford,2017-18,20.0,0,1,0,0,0,0,0,0,0,0,2,1,14.82,0,2,0,1,0,0,1,0,1,0,1,1
Dylan Osetkowski,Texas,2017-18,20.0,72,193,25,78,33,50,20,21,3,42,87,46,14.62,81,187,15,60,49,67,19,13,5,32,69,26
Dylan Pannabecker,Montana Tech,2017-18,20.0,0,3,0,1,0,0,0,0,0,0,1,1,14.7,2,2,0,0,0,0,0,0,0,0,0,1
Dylan Salmon,Bethany WV,2017-18,20.0,0,1,0,0,0,1,0,0,0,1,1,1,14.92,1,3,1,2,0,0,1,1,0,0,1,0
Dylan Smith,Arizona,2017-18,20.0,30,80,21,60,6,8,17,1,5,6,23,14,14.9,19,52,11,35,7,8,16,3,2,6,13,13
Dylan Sortillo,Augustana (IL),2017-18,19.97,3,5,1,2,2,2,1,0,0,0,1,3,14.83,3,7,0,3,0,0,0,1,0,0,1,2
Dylan Windler,Belmont,2017-18,20.0,88,167,31,82,15,24,47,22,17,29,129,40,20.0,92,167,30,66,74,98,37,12,14,24,107,35
Dyllan Harper,Berea,2017-18,20.0,0,1,0,0,0,0,0,0,0,0,0,1,14.72,0,1,0,0,0,0,0,0,0,0,0,1
Dyllon Weaver,Centenary,2017-18,20.0,1,4,0,1,0,0,0,0,0,0,2,0,14.88,0,1,0,0,0,0,0,1,0,0,2,2
Dyonta Bizzle Brown,Berea,2017-18,20.0,0,3,0,2,1,2,0,0,0,1,0,2,14.72,0,0,0,0,0,0,0,0,0,0,1,2
Dyron Woods,North Park,2017-18,20.0,1,2,0,1,0,0,0,0,0,0,1,2,14.92,0,1,0,0,0,0,0,0,0,0,0,0
Dzifa Mallet,Texas College,2017-18,20.0,1,6,0,1,0,0,0,0,0,2,1,0,17.62,1,2,0,0,0,0,0,0,0,0,1,0
E'Torrion Wilridge,Georgia,2017-18,20.0,5,17,2,10,9,14,15,3,3,5,18,14,14.6,4,15,1,12,0,2,5,1,2,0,7,4
E. Central Okla,,2017-18,0.0,0,0,0,0,0,0,0,0,0,0,4,0,0.0,0,0,0,0,0,0,0,0,0,1,0,0
E. New Mexico,,2017-18,0.0,0,0,0,0,0,0,0,0,0,0,0,0,0.0,0,0,0,0,0,0,0,0,0,1,1,0
E.C. Matthews,Rhode Island,2017-18,20.0,53,143,19,65,11,16,5,11,7,10,39,20,20.0,58,130,16,52,33,46,4,8,5,7,40,16
E.J. Anosike,Sacred Heart,2017-18,20.0,22,57,0,3,20,26,0,3,9,20,37,15,20.0,15,41,0,2,17,26,0,3,4,15,30,11
E.J. Boyce,St. Martin's,2017-18,20.0,3,4,3,4,0,0,0,0,0,0,0,1,18.95,0,2,0,2,0,0,0,0,0,0,0,0
E.J. Crawford,Iona,2017-18,20.0,67,162,19,72,28,35,0,13,5,6,42,17,20.0,60,120,25,60,35,46,0,3,3,10,44,14
E.J. Datcher,Mississippi State,2017-18,20.0,13,25,0,0,10,15,0,2,4,11,16,7,14.78,9,13,0,0,7,7,0,1,3,5,12,3
E.J. Stephens,Lafayette,2017-18,20.0,32,69,10,32,5,8,0,4,3,3,31,8,20.0,33,69,5,21,15,25,0,3,4,7,23,9
EC Matthews,Rhode Island,2017-18,20.0,0,0,0,0,0,0,9,0,0,0,0,0,20.0,0,0,0,0,0,0,4,0,0,0,0,0
EJ Anosike,Sacred Heart,2017-18,20.0,0,0,0,0,0,0,5,0,0,0,0,0,20.0,0,0,0,0,0,0,7,0,0,0,0,0
EJ Boyce,St. Martin's,2017-18,20.0,0,0,0,0,0,0,1,0,0,0,0,0,18.95,0,0,0,0,0,0,0,0,0,0,0,0
EJ Crawford,Iona,2017-18,20.0,0,0,0,0,0,0,15,0,0,0,0,0,19.78,0,0,0,0,0,0,13,0,0,0,0,0
EJ Datcher,Mississippi State,2017-18,0.0,0,0,0,0,0,0,1,0,0,0,0,0,14.65,0,0,0,0,0,0,2,0,0,0,0,0
EJ Onu,Shawnee State,2017-18,20.0,2,4,0,0,2,2,1,0,2,2,0,2,14.82,0,2,0,0,0,0,0,0,1,0,4,0
EJ Stephens,Lafayette,2017-18,0.0,0,0,0,0,0,0,8,0,0,0,0,0,17.97,0,0,0,0,0,0,6,0,0,0,0,0
Earl Russell,,2017-18,0.0,0,0,0,0,0,0,0,0,0,1,0,0,0.0,0,0,0,0,0,0,0,0,0,0,0,0
Earlmondo West,Reinhardt,2017-18,20.0,0,0,0,0,2,2,2,0,0,0,0,1,14.77,0,1,0,1,0,0,0,0,0,0,0,0
East Carolina,,2017-18,0.0,0,0,0,0,0,0,0,0,0,15,32,9,0.0,0,0,0,0,0,0,0,0,0,19,21,5
East Tennessee State,,2017-18,0.0,0,0,0,0,0,0,0,0,0,21,27,7,0.0,0,0,0,0,0,0,0,0,0,19,15,2
East-West University,,2017-18,0.0,0,0,0,0,0,0,0,0,0,2,5,0,0.0,0,0,0,0,0,0,0,0,0,2,1,0
Eastern Illinois,,2017-18,0.0,0,0,0,0,0,0,0,0,0,15,16,6,0.0,0,0,0,0,0,0,0,0,0,24,17,10
Eastern Kentucky,,2017-18,0.0,0,0,0,0,0,0,0,0,0,25,14,3,0.0,0,0,0,0,0,0,0,0,0,20,15,6
Eastern Michigan,,2017-18,0.0,0,0,0,0,0,0,0,0,0,27,14,5,0.0,0,0,0,0,0,0,0,0,0,18,20,5
Eastern Oregon,,2017-18,0.0,0,0,0,0,0,0,0,0,0,0,0,0,0.0,0,0,0,0,0,0,0,0,0,1,2,0
Eastern University,,2017-18,0.0,0,0,0,0,0,0,0,0,0,0,0,0,0.0,0,0,0,0,0,0,0,0,0,3,0,0
Eastern Washington,,2017-18,0.0,0,0,0,0,0,0,0,0,0,10,25,2,0.0,0,0,0,0,0,0,0,0,0,15,20,3
Easton Driessen,Puget Sound,2017-18,20.0,0,6,0,4,2,2,0,0,0,0,0,0,14.78,2,2,0,0,2,2,3,0,0,0,0,0
Easton Koch,William Jewell,2017-18,0.0,0,0,0,0,0,0,0,0,0,0,0,2,20.0,4,5,1,1,2,2,4,1,0,1,3,1
Ebo Smith,North Georgia,2017-18,20.0,1,5,1,2,0,0,0,0,0,0,1,0,14.7,2,4,1,2,0,0,0,0,0,0,1,0
Ebube Ebube,Manhattan,2017-18,15.63,6,14,0,3,1,3,7,4,4,14,5,3,20.0,0,5,0,1,2,6,3,4,1,7,6,3
Ebuka Izundu,Miami,2017-18,20.0,41,58,0,0,11,19,3,8,12,28,42,17,14.77,28,41,0,0,5,12,5,5,8,22,18,8
Ecclesia,,2017-18,0.0,0,0,0,0,0,0,0,0,0,2,2,0,0.0,0,0,0,0,0,0,0,0,0,1,2,0
Ed Jones,Alabama State,2017-18,20.0,17,52,2,9,1,2,2,2,10,5,22,11,14.78,13,38,1,5,12,14,2,2,9,7,13,4
Ed Kalu,,2017-18,1.0,2,4,0,0,0,0,2,0,1,1,0,1,0.0,0,1,0,0,0,0,0,0,0,0,0,0
Ed Polite Jr,Radford,2017-18,20.0,0,0,0,0,0,0,17,0,0,0,0,0,19.55,0,0,0,0,0,0,27,0,0,0,0,0
Ed Polite Jr.,Radford,2017-18,20.0,73,153,6,34,49,72,4,35,10,35,82,31,19.55,73,157,13,36,64,86,1,30,18,40,106,30
Ed Porter,Lehigh,2017-18,15.0,13,23,0,0,3,4,2,1,4,6,14,7,20.0,8,16,0,0,1,2,0,1,1,4,7,8
Ed Stephens,Austin Peay,2017-18,20.0,5,15,3,10,0,0,2,0,0,0,5,1,20.0,3,9,2,6,2,2,1,1,0,1,0,3
Eddie Burnett,Lakeland,2017-18,20.0,0,4,0,2,0,0,0,0,0,0,0,0,14.97,0,2,0,1,0,0,1,1,0,0,1,0
Eddie Davis III,Southern Miss,2017-18,20.0,27,51,8,19,11,15,6,5,4,14,9,13,18.57,21,33,3,7,11,14,5,1,3,12,15,8
Eddie Giron,West New Mexico,2017-18,20.0,2,3,0,1,0,0,0,0,0,0,2,1,18.48,1,1,1,1,0,0,0,0,0,0,0,2
Eddie Hunt,Limestone,2017-18,0.0,0,0,0,0,0,0,0,1,0,0,1,0,14.92,0,1,0,1,0,0,0,0,0,0,0,0
Eddie Keith II,Towson,2017-18,20.0,59,120,7,30,5,16,31,12,18,27,46,30,20.0,49,103,4,15,40,69,33,16,18,26,51,15
Eddie Longmeyer,Illinois-Springfield,2017-18,20.0,3,5,1,2,1,2,0,1,0,0,8,0,20.0,4,11,1,1,0,0,0,2,0,2,4,1
Eddie Miles,,2017-18,2.28,5,8,0,1,1,2,6,3,0,0,3,6,0.0,1,2,0,0,2,4,4,2,0,0,2,0
Eddie Muench,Rockhurst,2017-18,20.0,3,6,3,5,0,0,1,0,0,1,0,0,17.65,1,5,1,3,0,0,2,0,0,0,1,2
Eddie Reese,Southern,2017-18,20.0,47,116,27,72,25,35,39,9,3,7,42,31,14.97,47,111,24,69,31,46,49,20,9,7,25,25
Eddie Scott,Pennsylvania,2017-18,12.43,2,9,0,2,1,7,1,1,0,3,5,1,20.0,3,5,1,2,0,0,0,0,0,1,4,1
Eddy Collins,,2017-18,0.0,0,0,0,0,0,0,0,0,0,0,0,0,11.37,0,2,0,2,0,0,0,0,0,0,1,0
Eddy Polanco,SE Louisiana,2017-18,20.0,33,84,16,48,35,42,24,7,4,16,40,18,14.88,31,90,19,55,49,60,23,11,0,13,28,20
Eden Ewing,,2017-18,0.0,0,0,0,0,0,0,0,0,0,0,0,0,0.0,0,0,0,0,0,0,0,0,0,0,1,1
Edin Bracic,Staten Island,2017-18,20.0,1,1,1,1,0,0,0,0,0,0,1,0,14.95,0,2,0,1,0,0,1,0,0,1,0,0
Edmond Myers Jr.,Johnson & Wales (CO),2017-18,0.0,0,0,0,0,0,0,0,0,0,0,0,0,14.98,2,3,1,2,3,4,0,0,0,0,0,0
Edon Maxhuni,Long Beach State,2017-18,20.0,27,80,13,37,5,5,16,4,0,7,20,28,15.45,30,74,18,41,16,18,10,5,0,3,16,21
Edward Hardt,Houston Baptist,2017-18,0.0,28,60,1,2,12,24,4,7,2,17,32,21,14.77,30,54,0,1,14,26,5,4,5,16,31,19
Edward Simpson,Middle Tennessee,2017-18,20.0,13,33,10,25,3,4,24,5,0,3,16,7,14.55,12,36,11,32,0,0,15,6,1,2,27,11
Edward Waters College Fla,,2017-18,0.0,0,0,0,0,0,0,0,0,0,4,3,0,0.0,0,0,0,0,0,0,0,0,0,1,0,0
Edwin Cole,Frostburg State,2017-18,20.0,2,4,0,0,1,1,0,0,1,2,1,0,14.93,0,3,0,0,0,0,1,3,1,4,0,0
Edwin Lopez,FDU-Florham,2017-18,0.0,0,0,0,0,0,0,0,0,0,0,0,0,14.98,0,1,0,1,0,0,0,0,0,0,0,0
Egor Koulechov,Florida,2017-18,20.0,92,197,47,96,29,36,16,11,2,24,79,26,14.97,63,177,20,74,43,48,20,8,2,30,72,16
Ej Reed,Montreat College,2017-18,0.0,0,0,0,0,0,0,0,0,0,0,0,0,14.92,4,10,2,6,1,1,0,0,0,0,1,1
Ejike Obina,,2017-18,0.0,0,0,0,0,0,0,0,0,0,1,2,0,0.0,0,0,0,0,0,0,0,0,0,0,0,0
Ejike Obinna,Vanderbilt,2017-18,20.0,14,26,0,1,6,12,0,1,1,6,21,9,20.0,7,12,0,0,6,13,1,0,1,2,13,3
El Paso Pitts,Fisk,2017-18,19.9,2,17,1,13,0,0,0,2,2,0,12,2,17.92,2,7,1,4,1,2,3,1,0,0,4,1
Eldridge Mason,,2017-18,2.63,1,3,0,1,0,0,0,1,0,1,1,0,0.0,3,5,1,3,0,0,0,0,0,1,0,0
Elhadji Dieng,Florida International,2017-18,20.0,6,16,0,0,6,18,1,1,9,11,16,4,12.82,4,10,0,0,0,7,0,2,0,8,8,0
Eli Brooks,Michigan,2017-18,20.0,14,37,6,23,1,3,20,9,2,3,15,7,17.12,4,20,3,15,8,10,8,3,1,3,7,5
Eli Cain,DePaul,2017-18,20.0,61,173,21,59,26,38,69,17,3,5,49,32,17.88,53,154,12,43,45,69,65,7,5,12,37,32
Eli Chuha,New Mexico State,2017-18,0.0,44,99,3,13,23,34,16,5,1,28,42,22,16.12,45,84,5,16,24,44,11,6,5,29,45,14
Eli Pemberton,Hofstra,2017-18,20.0,72,159,29,64,42,63,30,5,2,24,53,25,16.25,55,118,16,41,63,82,23,12,3,19,26,23
Eli Pepper,Lipscomb,2017-18,19.95,35,82,4,25,18,33,33,8,13,26,101,32,17.95,47,77,10,28,17,37,26,8,6,30,81,24
Eli Scott,Loyola Marymount,2017-18,20.0,65,150,1,8,33,53,37,11,4,40,58,43,19.42,69,133,1,6,54,90,29,11,5,45,69,33
Eli Wright,Mississippi State,2017-18,20.0,18,45,4,15,8,12,18,3,4,19,17,10,14.78,20,42,2,10,6,10,8,4,2,6,23,7
Elias Harden,Xavier,2017-18,20.0,1,1,1,1,2,2,1,0,0,0,2,2,14.7,0,5,0,3,0,0,4,2,0,0,1,1
Elias Zedan,,2017-18,0.0,0,0,0,0,0,0,0,0,0,0,0,1,0.0,0,0,0,0,0,0,0,0,0,0,0,0
Eliel Nsoseme,Cincinnati,2017-18,20.0,1,3,0,0,2,6,1,1,1,6,11,4,14.97,5,7,0,0,0,4,4,1,6,4,10,4
Elijah Alston,Piedmont,2017-18,20.0,4,13,2,9,0,1,5,1,0,3,8,1,17.92,6,14,1,5,1,2,1,1,1,7,3,4
Elijah Barnes,Princeton,2017-18,0.0,0,0,0,0,1,2,1,0,0,0,4,1,14.9,3,7,1,3,0,1,0,0,0,1,4,1
Elijah Brown,Oregon,2017-18,20.0,67,171,40,113,29,30,46,10,0,16,45,26,17.87,78,181,45,121,36,38,36,14,1,10,41,32
Elijah Bryant,BYU,2017-18,20.0,96,189,39,99,41,45,41,21,7,5,90,30,14.72,86,181,39,92,92,105,34,23,12,10,96,42
Elijah Burns,Notre Dame,2017-18,20.0,8,25,1,3,12,14,4,4,1,9,20,6,17.88,8,17,0,0,9,13,3,1,2,8,19,8
Elijah Bush,Lincoln PA,2017-18,20.0,1,5,0,0,3,4,1,0,1,2,2,2,19.8,2,5,1,1,0,2,1,0,0,3,1,1
Elijah Childs,Bradley,2017-18,20.0,46,97,4,10,19,38,11,12,27,31,56,16,17.68,54,104,3,13,17,27,5,10,15,37,60,24
Elijah Clarance,Illinois State,2017-18,15.0,8,39,2,16,7,9,17,3,1,3,12,22,20.0,7,25,0,7,10,14,10,6,0,0,7,10
Elijah Cuffee,Liberty,2017-18,20.0,37,81,22,53,8,10,27,14,4,6,36,25,14.9,24,72,8,32,8,10,23,12,7,2,28,19
Elijah Davis,Wagner,2017-18,20.0,36,94,6,32,28,34,13,10,8,17,52,30,20.0,34,87,9,31,30,38,8,10,3,20,34,22
Elijah Foster,Nevada,2017-18,20.0,10,25,0,0,7,8,8,6,2,8,26,5,17.93,5,7,0,1,6,10,2,0,1,1,8,2
Elijah Gonzales,Saint Peter's,2017-18,20.0,17,43,6,19,3,4,33,15,0,1,14,21,20.0,23,56,8,22,7,8,19,13,1,5,16,8
Elijah Graves,,2017-18,0.0,0,0,0,0,0,0,0,0,0,0,1,0,0.0,0,0,0,0,0,0,0,0,0,0,0,0
Elijah Holmes,,2017-18,12.4,0,1,0,1,0,0,1,0,0,0,0,0,0.0,0,1,0,0,0,0,1,0,0,0,0,0
Elijah Johnson,McMurry,2017-18,0.0,0,0,0,0,0,0,0,0,0,0,0,0,14.97,0,1,0,1,0,0,0,0,0,0,0,2
Elijah Joiner,Tulsa,2017-18,20.0,19,63,15,39,14,23,34,5,0,6,27,26,20.0,10,35,7,21,15,24,22,4,0,1,23,17
Elijah Jordan,New Hampshire,2017-18,20.0,35,80,21,46,3,6,37,5,0,3,23,27,14.75,18,58,8,24,8,11,30,6,0,7,18,20
Elijah Landrum,SMU,2017-18,20.0,18,61,12,42,4,6,14,16,0,3,21,8,20.0,12,49,5,30,4,8,18,8,1,6,10,8
Elijah Lee,Pepperdine,2017-18,0.0,2,5,2,3,0,4,3,1,0,0,7,2,14.92,1,4,1,2,1,2,1,1,0,0,0,4
Elijah Mayes,Florida A&M,2017-18,20.0,27,70,10,19,13,13,23,5,0,2,14,15,14.73,28,57,7,16,9,11,24,6,0,0,11,15
Elijah Minnie,Eastern Michigan,2017-18,20.0,104,242,41,123,43,48,17,33,36,21,94,50,15.38,93,184,35,96,42,54,17,25,28,21,56,24
Elijah Neumann,Northern New Mexico,2017-18,20.0,0,4,0,2,0,0,0,1,0,1,5,1,14.83,0,0,0,0,0,0,0,0,0,0,0,0
Elijah Olaniyi,Stony Brook,2017-18,20.0,39,96,11,39,19,25,14,13,2,21,41,20,17.95,48,100,10,36,12,33,7,16,0,16,35,25
Elijah Pennington,,2017-18,0.0,0,0,0,0,0,0,0,0,0,0,0,0,0.0,0,0,0,0,0,0,0,0,0,0,1,1
Elijah Schmidt,Texas A&M-CC,2017-18,20.0,27,53,1,5,14,22,15,10,3,28,67,18,20.0,26,51,0,7,13,26,9,7,5,17,40,12
Elijah Sobers,Texas Lutheran,2017-18,0.0,0,0,0,0,0,0,0,0,0,0,0,0,14.75,1,2,0,0,0,0,0,0,0,0,0,2
Elijah Staley,Morgan State,2017-18,20.0,7,20,0,0,2,4,9,0,1,13,15,9,20.0,7,10,0,0,3,4,2,2,1,7,2,3
Elijah Stewart,USC,2017-18,20.0,64,148,33,84,23,26,28,10,11,12,45,12,14.88,52,119,24,69,33,40,15,10,8,18,23,15
Elijah Thomas,Clemson,2017-18,20.0,71,131,0,4,38,59,21,17,35,40,88,40,14.77,79,144,8,13,48,81,18,13,41,41,112,34
Elijah Todd,Life Pacific,2017-18,20.0,0,3,0,3,0,0,0,0,0,0,1,0,14.93,0,0,0,0,0,0,0,0,0,0,1,0
Elijah Wade,College of Coastal Georgia,2017-18,20.0,2,5,1,2,0,0,1,0,0,1,3,1,19.87,1,2,0,0,0,0,1,0,0,2,0,1
Elijah Watson,Missouri-St. Louis,2017-18,20.0,0,1,0,0,0,0,2,1,0,0,1,2,15.58,1,3,0,0,0,0,1,0,0,0,2,2
Elizabeth City St,,2017-18,0.0,0,0,0,0,0,0,0,0,0,3,0,0,0.0,0,0,0,0,0,0,0,0,0,0,0,0
Elliot Kane,Concordia University-St. Paul,2017-18,20.0,2,5,2,4,0,0,2,0,0,0,2,1,16.07,1,3,1,2,0,0,2,1,0,0,0,0
Elliott Smith,Cal State-Los Angeles,2017-18,20.0,2,3,0,1,0,0,0,0,0,0,0,2,16.75,0,2,0,0,0,0,0,1,1,0,2,1
Ellis Christmas,Wentworth,2017-18,19.98,0,2,0,1,0,0,0,1,0,0,0,0,14.75,1,2,0,1,0,0,0,0,0,1,0,0
Ellis Dozier,Ohio,2017-18,0.0,0,1,0,0,0,0,0,0,0,0,0,0,17.85,1,7,0,2,0,0,0,0,0,1,1,0
Ellis Jones,Schreiner,2017-18,20.0,1,4,0,3,2,2,3,2,1,0,0,3,14.82,0,1,0,1,0,0,0,0,1,0,0,2
Elmira,,2017-18,0.0,0,0,0,0,0,0,0,0,0,0,2,0,0.0,0,0,0,0,0,0,0,0,0,0,1,1
Elon,,2017-18,0.0,0,0,0,0,0,0,0,0,0,21,30,7,0.0,0,0,0,0,0,0,0,0,0,14,20,5
Elon Smallwood,Tusculum,2017-18,20.0,1,4,0,1,0,0,1,0,0,0,0,0,15.4,0,0,0,0,0,0,0,0,0,0,0,2
Elston Jones,UC Irvine,2017-18,19.92,32,61,0,0,13,34,12,4,14,44,65,19,20.0,27,45,0,0,2,7,6,3,14,25,46,15
Elvin Rodriguez,Denver,2017-18,20.0,10,37,0,10,6,13,6,4,0,2,6,12,15.7,17,44,5,11,12,21,6,3,2,3,10,8
Elyjah Goss,IUPUI,2017-18,20.0,22,53,3,8,11,14,5,9,9,24,35,10,17.68,15,34,1,5,9,13,6,3,2,10,27,7
Elyjah Williams,Fairleigh Dickinson,2017-18,20.0,27,41,1,2,8,14,10,17,14,21,29,22,14.97,22,35,1,1,6,13,15,5,2,24,31,12
Emanual Shepherd,Southern,2017-18,20.0,35,94,0,1,12,26,13,8,9,26,46,16,14.97,38,66,0,1,17,29,17,9,11,26,42,19
Emeka Obukwelu,Texas-Tyler,2017-18,20.0,6,16,0,0,0,0,0,0,0,1,1,5,14.87,2,3,0,0,0,0,2,0,0,1,2,2
Emerson,,2017-18,0.0,0,0,0,0,0,0,0,0,0,0,1,0,0.0,0,0,0,0,0,0,0,0,0,1,0,0
Emil Ostafiiciuc,William Jewell,2017-18,20.0,0,1,0,0,0,1,1,0,1,0,5,1,20.0,0,0,0,0,0,0,0,0,0,0,0,0
Emilio Acedo,Mesa College,2017-18,20.0,1,4,0,2,2,2,0,0,0,0,2,2,14.95,1,5,0,4,0,0,1,0,0,0,0,0
Emir Ahmedic,Oral Roberts,2017-18,0.0,2,7,0,0,2,3,0,0,0,2,1,0,20.0,3,7,0,0,3,4,1,3,0,0,2,2
Emir Sabic,Lyon,2017-18,20.0,3,8,3,6,0,0,1,1,0,0,3,2,19.2,6,10,2,5,4,4,1,0,0,0,0,2
Emmanuel Akot,Arizona,2017-18,20.0,16,30,7,14,0,2,21,3,2,7,13,14,14.88,5,20,2,9,3,7,5,3,1,4,6,4
Emmanuel Dominguez,,2017-18,0.57,1,5,1,3,0,0,0,0,0,0,2,2,0.0,0,0,0,0,0,0,0,0,0,0,0,0
Emmanuel Ejeh,Mississippi Valley State,2017-18,20.0,13,33,0,0,5,7,4,1,2,14,29,5,14.72,19,26,0,0,4,7,1,3,5,19,24,4
Emmanuel Lambright,North Florida,2017-18,20.0,3,13,1,7,2,5,1,4,2,3,14,5,14.63,8,17,4,12,1,2,5,1,8,2,15,6
Emmanuel Ndumanya,Santa Clara,2017-18,20.0,24,51,0,0,12,21,14,8,6,19,44,24,14.87,22,48,0,0,33,49,6,13,5,24,33,15
Emmanuel Nzekwesi,Oral Roberts,2017-18,20.0,39,97,3,17,15,19,16,14,5,20,42,22,17.9,48,98,5,19,25,38,14,11,5,21,41,18
Emmanuel Olojakpoke,Akron,2017-18,20.0,17,31,0,1,10,17,2,4,14,13,14,2,20.0,23,34,0,0,4,12,4,2,11,14,20,9
Emmanuel Toney,Texas A&M-CC,2017-18,20.0,7,14,4,9,0,0,7,0,0,0,6,6,17.92,7,17,4,8,3,6,8,5,2,3,4,6
Emmett Naar,Saint Mary's,2017-18,20.0,63,127,11,24,17,20,131,14,4,4,33,45,15.78,52,113,9,28,33,38,109,11,1,5,28,39
Emondre Rickman,Indiana State,2017-18,20.0,15,43,0,0,10,18,6,7,17,13,29,19,14.98,25,46,0,0,7,16,3,1,10,13,34,12
Emory,,2017-18,0.0,0,0,0,0,0,0,0,0,0,2,0,0,0.0,0,0,0,0,0,0,0,0,0,0,2,0
Emporia St,,2017-18,0.0,0,0,0,0,0,0,0,0,0,0,1,0,0.0,0,0,0,0,0,0,0,0,0,2,2,0
Enike Anyia,Sarah Lawrence,2017-18,20.0,1,1,0,0,0,0,0,0,0,1,0,0,14.93,3,4,0,0,6,7,1,1,0,1,4,1
Ennis Thomas,Lake Erie College,2017-18,15.0,1,2,0,1,0,0,0,0,0,0,0,1,20.0,0,0,0,0,0,0,0,0,0,0,0,0
Ephraim Tshimanga,North Georgia,2017-18,20.0,2,3,0,0,0,0,1,1,0,0,1,4,14.7,1,3,0,1,0,0,2,1,0,2,1,1
Eral Penn,LIU Brooklyn,2017-18,0.0,16,22,0,0,12,25,4,6,13,13,23,4,18.8,7,9,0,0,8,12,1,4,9,15,20,3
Eric Adams,Samford,2017-18,20.0,57,91,0,0,27,37,10,19,18,37,55,24,14.92,62,82,0,0,37,50,7,20,22,37,55,21
Eric Anderson,Yale,2017-18,20.0,2,5,1,1,3,4,4,0,2,3,4,1,14.98,0,1,0,0,0,0,1,0,0,0,3,1
Eric Bowles,Central Connecticut,2017-18,15.0,20,42,4,13,8,16,47,14,1,10,26,31,20.0,17,38,3,8,17,28,24,10,0,8,13,14
Eric Brown,Loyola New Orleans,2017-18,20.0,2,4,0,2,0,0,0,0,0,0,1,0,14.77,1,1,1,1,0,0,0,1,0,0,1,0
Eric Carter,Delaware,2017-18,20.0,61,104,0,0,36,50,22,6,10,26,86,33,19.13,54,91,0,1,46,74,27,10,14,38,107,25
Eric Cobb,UConn,2017-18,20.0,2,10,1,3,5,6,1,0,0,4,21,12,20.0,2,3,0,0,3,8,0,1,0,4,6,5
Eric Coca,Northern New Mexico,2017-18,20.0,0,4,0,3,0,0,2,1,0,1,1,2,14.98,1,2,1,2,0,0,0,0,0,0,0,2
Eric Cooper Jr,Pepperdine,2017-18,0.0,0,0,0,0,0,0,10,0,0,0,0,0,20.0,0,0,0,0,0,0,14,0,0,0,0,0
Eric Cooper Jr.,Pepperdine,2017-18,20.0,38,95,18,54,13,16,0,6,0,0,13,6,20.0,40,82,21,51,26,29,0,3,0,3,13,10
Eric Dailey,Henderson State,2017-18,20.0,3,5,0,1,1,1,0,0,0,2,0,0,17.87,2,4,0,0,0,0,3,0,0,0,0,0
Eric Davis,Whittier,2017-18,20.0,1,2,1,2,0,0,2,0,0,0,1,0,14.93,1,5,1,3,1,2,2,1,1,0,0,0
Eric Davis Jr,Texas,2017-18,0.0,0,0,0,0,0,0,0,0,0,0,0,0,20.0,0,0,0,0,0,0,1,0,0,0,0,0
Eric Davis Jr.,Texas,2017-18,20.0,21,73,11,45,7,11,3,6,0,1,27,14,16.02,28,70,15,48,23,31,5,10,0,5,19,8
Eric Demers,Gordon College,2017-18,20.0,5,12,4,7,0,0,1,0,1,0,0,2,17.7,4,8,1,3,0,0,0,0,0,1,1,0
Eric Dust,Missouri-St. Louis,2017-18,20.0,0,1,0,0,0,0,0,0,0,0,2,0,15.58,0,2,0,1,0,0,0,0,0,1,1,1
Eric Jacobs,Cairn University,2017-18,20.0,0,2,0,1,0,0,0,0,1,0,0,0,14.85,0,2,0,2,0,0,0,0,0,0,0,0
Eric James,Duquesne,2017-18,20.0,10,29,4,19,2,6,3,4,1,4,15,10,20.0,5,18,3,13,2,4,1,2,2,5,9,1
Eric Jamison,Gardner-Webb,2017-18,20.0,19,39,0,5,8,11,5,4,1,7,45,12,14.77,20,40,0,2,9,13,4,4,2,8,31,3
Eric Jenkins,Alaska Anchorage,2017-18,0.0,0,0,0,0,0,0,0,0,0,0,0,0,20.0,1,1,0,0,0,0,0,1,0,0,1,0
Eric Johnson,Boston University,2017-18,20.0,10,37,7,27,4,6,22,13,0,2,14,13,20.0,9,29,5,13,13,17,30,4,1,2,24,9
Eric Lockett,Florida International,2017-18,20.0,76,171,8,24,38,53,44,17,6,19,75,34,12.82,75,160,2,16,34,47,50,16,5,18,68,24
Eric Manigault,Florida Memorial,2017-18,0.0,0,1,0,0,0,0,0,0,0,0,1,0,12.82,0,1,0,1,0,0,0,0,0,0,0,0
Eric McGill,Southern Illinois,2017-18,20.0,6,21,5,14,1,3,3,5,0,2,15,7,16.55,9,18,4,10,3,5,7,6,1,1,5,4
Eric Monroe,Yale,2017-18,20.0,19,52,12,39,4,4,31,6,3,2,27,15,14.9,17,43,9,31,2,2,26,8,1,3,13,23
Eric Moses,Lyon,2017-18,20.0,2,5,0,1,2,2,0,2,0,0,2,0,19.2,1,4,0,0,1,3,2,1,0,1,9,2
Eric Nielsen,Sonoma State,2017-18,20.0,0,0,0,0,2,2,0,0,0,1,2,2,14.9,3,3,0,0,0,0,1,0,1,1,2,0
Eric Nygaard,Lakeland,2017-18,20.0,0,5,0,3,0,0,0,0,0,0,1,2,14.97,1,2,0,1,0,0,0,0,0,0,1,1
Eric Parrish,Akron,2017-18,20.0,59,109,14,36,11,22,21,25,2,21,55,23,20.0,44,89,8,30,25,39,21,13,3,25,37,20
Eric Paschall,Villanova,2017-18,20.0,64,131,19,56,24,31,47,17,13,31,64,29,17.97,63,114,15,38,45,52,29,16,9,35,62,29
Eric Patten,Weber State,2017-18,0.0,0,0,0,0,0,0,0,0,0,0,0,0,20.0,0,1,0,1,0,0,0,0,0,0,0,0
Eric Pujols,,2017-18,0.0,0,0,0,0,0,0,0,0,0,0,0,0,0.0,0,0,0,0,0,0,0,0,0,0,1,0
Eric Ray,FDU-Florham,2017-18,20.0,1,4,0,0,0,0,0,0,0,1,0,0,14.98,0,1,0,0,0,0,1,0,0,2,0,1
Eric Rwahwire,UC Riverside,2017-18,20.0,5,20,3,14,2,2,1,1,1,1,4,3,19.25,7,25,3,12,2,2,2,2,1,1,9,2
Eric Spencer,East-West University,2017-18,19.97,0,2,0,0,0,0,0,0,0,0,0,0,14.58,0,2,0,1,0,0,0,0,2,0,2,0
Eric Staebler,Mayville State,2017-18,20.0,1,4,0,0,0,0,1,0,0,2,1,2,14.92,3,6,0,0,0,0,0,0,0,1,0,0
Eric Stafford,Lafayette,2017-18,20.0,23,65,7,22,4,5,44,10,5,8,36,25,20.0,24,65,7,25,28,36,42,12,4,7,30,20
Eric Stewart,Jarvis Christian,2017-18,20.0,2,8,2,7,0,0,0,0,0,0,2,3,14.9,1,2,1,2,0,0,0,0,0,0,0,1
Eric Terry,Texas State,2017-18,20.0,34,50,0,0,19,24,10,2,8,18,31,29,20.0,27,47,0,0,30,42,5,3,10,13,19,21
Eric Wattree III,Hawaii Hilo,2017-18,20.0,0,1,0,1,0,0,0,0,0,0,1,2,15.85,3,5,2,3,0,0,1,0,0,0,1,1
Eric Williams Jr,Duquesne,2017-18,20.0,0,0,0,0,0,0,27,0,0,0,0,0,20.0,0,0,0,0,0,0,21,0,0,0,0,0
Eric Williams Jr.,Duquesne,2017-18,20.0,63,169,30,81,44,59,0,21,6,33,101,40,20.0,69,171,28,83,41,57,0,19,4,30,97,22
Eric Wood,Arlington Baptist,2017-18,20.0,2,14,1,10,0,0,1,1,0,1,1,7,14.87,3,7,1,4,0,0,1,0,0,0,0,2
Erich Schark,Fontbonne College,2017-18,20.0,0,0,0,0,0,0,2,0,0,1,1,1,14.88,1,1,1,1,0,0,1,0,0,0,0,0
Erick Hernandez,Wheelock College,2017-18,20.0,2,2,0,0,0,0,0,1,0,1,0,3,14.75,0,3,0,1,0,2,0,1,0,0,1,0
Erick Neal,UT Arlington,2017-18,20.0,48,116,23,62,13,17,71,23,1,9,34,40,16.15,71,167,34,95,40,58,64,20,0,6,30,30
Erik Bell,KY Wesleyan,2017-18,20.0,0,3,0,1,0,0,1,0,0,0,2,1,14.78,0,1,0,0,0,0,0,0,0,0,0,0
Erik Johansson,Loyola Marymount,2017-18,20.0,13,38,9,31,0,0,6,3,0,0,10,5,19.42,15,35,13,31,2,4,3,3,0,2,6,5
Erik Nakken,Idaho State,2017-18,0.0,5,21,5,19,0,0,5,0,1,1,7,4,17.0,5,14,5,12,0,1,3,1,0,0,4,2
Erik Poulsen,San Francisco,2017-18,0.0,20,52,9,28,8,17,3,0,3,12,9,6,17.72,11,39,2,22,4,5,4,3,1,3,17,6
Erik Scheive,Chaminade,2017-18,20.0,5,14,1,4,2,2,0,0,0,2,6,1,14.62,10,15,1,3,2,3,0,0,0,4,2,1
Ernest Aflakpui,Temple,2017-18,20.0,30,47,0,0,11,15,12,7,4,21,47,18,20.0,32,50,0,0,7,22,6,6,6,21,34,10
Ernie Duncan,Vermont,2017-18,20.0,47,118,25,73,18,23,35,6,2,4,37,19,20.0,59,118,33,75,35,40,30,10,1,2,32,19
Eron Gordon,Seton Hall,2017-18,20.0,10,24,4,12,2,3,10,1,0,2,10,6,14.97,4,9,1,4,3,5,9,3,0,1,5,5
Erron James,Lake Erie College,2017-18,15.1,1,2,1,1,0,0,1,0,0,0,3,0,20.0,0,0,0,0,0,0,0,0,0,0,0,2
Erskine,,2017-18,0.0,0,0,0,0,0,0,0,0,0,0,0,1,0.0,0,0,0,0,0,0,0,0,0,0,1,0
Ervin Sarajlic,Missouri Science & Technology,2017-18,20.0,2,6,2,5,0,0,1,2,0,1,0,1,14.92,0,1,0,0,2,2,3,0,0,2,2,0
Ervins Meznieks,Boston College,2017-18,0.0,2,2,1,1,1,1,1,0,0,0,3,1,19.3,1,6,1,5,0,0,2,1,0,1,3,2
Esa Ahmad,West Virginia,2017-18,20.0,43,91,7,20,15,27,17,9,2,21,34,22,20.0,30,66,4,14,34,45,19,10,6,16,40,12
Espen Fjaerestad,Wisconsin Parkside,2017-18,20.0,2,8,2,7,0,0,1,0,1,1,5,1,16.33,3,6,3,6,0,0,0,1,0,0,0,1
Essien Epps,John Jay College of Criminal Justice,2017-18,20.0,2,9,0,3,0,0,0,0,0,0,2,1,14.93,1,6,0,1,0,1,1,0,0,1,4,1
Estevan Martinez,Northern New Mexico,2017-18,20.0,6,11,3,7,0,0,1,1,0,1,1,4,14.98,3,7,1,4,4,4,0,1,0,0,2,1
Ethan Caton,Adams State,2017-18,20.0,2,2,1,1,0,0,0,0,0,0,1,2,20.0,0,1,0,0,0,2,0,0,0,1,1,1
Ethan Chargois,SMU,2017-18,20.0,43,104,17,56,17,33,18,14,7,10,43,24,20.0,53,103,18,44,24,39,12,10,10,31,43,16
Ethan Claycomb,Indiana State,2017-18,20.0,0,1,0,1,0,0,1,1,0,0,0,0,20.0,0,0,0,0,0,0,0,0,0,0,0,0
Ethan Gabert-Doyon,Emerson College,2017-18,20.0,0,2,0,0,0,0,1,0,0,1,0,2,14.52,0,2,0,0,0,0,0,0,0,0,1,0
Ethan Happ,Wisconsin,2017-18,20.0,105,218,1,8,34,60,54,18,14,34,92,53,14.57,121,217,0,3,60,113,61,25,18,37,85,36
Ethan Haslam,South Alabama,2017-18,0.0,0,0,0,0,0,0,0,0,0,0,0,0,14.98,0,1,0,0,0,0,0,0,0,0,1,0
Ethan Kay,,2017-18,0.0,24,64,21,60,0,0,6,12,0,3,12,1,6.45,17,63,17,59,4,5,2,3,0,2,13,3
Ethan Lee,Central Arkansas,2017-18,20.0,22,39,0,0,9,20,15,8,7,15,30,15,14.92,27,52,0,0,12,20,9,4,1,24,23,9
Ethan Lloyd,Cincinnati Clermont,2017-18,20.0,0,1,0,1,0,0,3,0,0,1,1,1,14.62,0,0,0,0,0,0,3,0,0,0,2,0
Ethan Payne,Trinity Baptist,2017-18,20.0,1,4,0,0,0,0,0,0,0,0,5,0,14.83,0,2,0,0,0,1,0,0,1,1,1,2
Ethan Stair,Mercer,2017-18,20.0,22,44,5,14,10,14,11,8,0,8,14,15,20.0,19,41,6,14,7,9,8,7,1,3,18,15
Ethan Thompson,Oregon State,2017-18,20.0,46,105,14,41,40,56,50,10,6,17,46,29,14.88,41,124,16,52,45,59,53,11,6,21,40,26
Ethan Turner,Loyola New Orleans,2017-18,20.0,1,6,1,4,2,2,0,0,0,0,2,1,14.77,1,3,0,1,0,0,2,0,0,1,2,2
Eugene German,Northern Illinois,2017-18,20.0,106,241,28,89,47,59,23,14,0,7,60,30,17.85,105,217,27,75,49,64,27,12,3,6,37,32
Eugene Harvey,Florida Memorial,2017-18,20.0,0,2,0,0,2,2,0,0,0,0,0,0,12.82,1,5,0,0,2,2,0,0,0,1,1,0
Eugene Marshall III,Hampton,2017-18,0.0,0,1,0,1,0,0,0,0,0,0,1,0,17.95,2,4,0,2,1,2,0,0,0,0,1,0
Eugene Omoruyi,Rutgers,2017-18,20.0,44,108,0,3,22,40,14,8,8,30,39,17,14.85,45,81,0,2,32,57,15,16,13,33,39,19
Eureka,,2017-18,0.0,0,0,0,0,0,0,0,0,0,2,1,0,0.0,0,0,0,0,0,0,0,0,0,0,1,0
Evan Anderson,Wesley,2017-18,20.0,0,3,0,2,9,10,1,0,0,0,2,0,17.73,3,7,1,3,0,0,3,2,0,0,0,1
Evan Bailey,Charleston,2017-18,15.0,10,31,8,24,7,8,1,3,0,4,19,7,20.0,8,19,6,16,0,0,2,1,0,0,4,0
Evan Borgman,IUPUI,2017-18,0.0,0,0,0,0,0,0,0,0,0,0,0,1,17.68,2,3,0,0,2,2,0,0,0,1,3,2
Evan Clark,Lynchburg,2017-18,20.0,0,2,0,1,0,0,0,0,0,0,0,0,19.93,0,0,0,0,0,0,0,0,0,0,0,0
Evan Clayborne,Cleveland State,2017-18,20.0,18,31,0,0,3,9,0,3,9,12,17,12,20.0,10,27,0,0,5,9,3,3,7,7,10,10
Evan Cole,Georgia Tech,2017-18,20.0,9,27,3,11,1,4,5,3,5,6,16,9,20.0,16,30,2,8,11,20,6,4,3,11,27,5
Evan Fisher,Siena,2017-18,17.9,48,100,14,32,24,30,10,5,14,13,65,27,20.0,28,72,9,29,18,25,14,6,8,10,46,20
Evan Fitzner,Saint Mary's,2017-18,20.0,30,59,14,34,1,1,5,4,4,9,35,7,15.78,26,53,9,22,12,15,3,2,4,11,33,10
Evan Gilyard,UTEP,2017-18,20.0,46,112,12,38,29,34,20,12,0,4,26,36,14.82,38,103,14,45,51,61,27,12,1,2,21,27
Evan Gustafson,La Verne,2017-18,20.0,1,1,0,0,0,0,0,0,0,0,0,1,14.87,1,1,0,0,0,0,1,0,0,0,1,0
Evan Hall,IUPUI,2017-18,20.0,36,98,0,0,6,34,15,14,8,28,46,28,17.68,49,100,0,0,23,63,4,5,12,40,52,24
Evan Hinson,South Carolina,2017-18,20.0,11,36,6,17,6,17,5,4,2,4,17,12,20.0,7,19,1,4,9,11,2,2,2,1,8,5
Evan Horn,New Hampshire,2017-18,20.0,6,15,4,8,7,9,5,4,1,0,14,7,20.0,5,21,1,8,2,6,3,1,1,4,8,4
Evan Huntley,St. Mary's (MN),2017-18,0.0,0,0,0,0,0,0,0,0,0,0,0,0,14.75,1,2,1,1,0,0,0,0,0,0,0,0
Evan Kuhlman,Evansville,2017-18,20.0,12,24,4,10,3,4,4,4,1,4,13,3,14.75,8,19,5,11,2,2,1,1,2,1,10,3
Evan Leonard,UC Irvine,2017-18,19.92,73,155,30,67,25,34,32,20,4,7,46,24,20.0,73,166,31,81,53,64,28,23,0,8,42,33
Evan Milligan,KY Wesleyan,2017-18,20.0,3,4,1,2,2,2,0,1,2,1,0,1,14.78,2,3,0,1,0,0,0,0,0,0,0,2
Evan Taylor,Nebraska,2017-18,20.0,38,78,8,16,32,40,39,16,6,8,39,21,20.0,26,66,6,13,26,41,24,16,9,16,41,17
Evan Troy,BYU,2017-18,0.0,0,0,0,0,0,0,0,0,0,0,0,0,20.0,1,1,0,0,0,1,1,0,0,0,0,0
Evan Vasquez,Lourdes,2017-18,20.0,0,1,0,1,0,0,0,1,0,0,0,1,14.9,0,1,0,1,0,0,1,0,0,0,1,0
Evan Wesenberg,Concordia University-St. Paul,2017-18,0.0,0,0,0,0,0,0,1,0,1,0,2,2,16.07,1,4,0,1,0,0,1,0,1,1,3,2
Evan Wieck,Navy,2017-18,20.0,45,70,0,0,11,15,14,6,4,28,20,9,20.0,30,46,0,0,8,11,7,6,3,16,30,14
Evan Wiley,Alabama A&M,2017-18,20.0,19,49,9,27,7,8,6,4,2,6,23,9,20.0,23,48,10,20,11,12,8,2,3,13,18,10
Evan Zeller,San Francisco State,2017-18,20.0,3,5,2,4,0,0,0,1,0,0,2,1,15.45,2,3,0,1,0,0,2,1,0,0,0,0
Evangel,,2017-18,0.0,0,0,0,0,0,0,0,0,0,0,1,0,0.0,0,0,0,0,0,0,0,0,0,2,1,0
Evansville,,2017-18,0.0,0,0,0,0,0,0,0,0,0,29,37,12,0.0,0,0,0,0,0,0,0,0,0,17,32,10
Evens Jacques,Florida Memorial,2017-18,20.0,1,4,0,3,3,4,2,1,0,0,1,4,12.82,0,2,0,1,1,2,0,0,0,1,2,0
Everett Duncan,Vermont,2017-18,20.0,34,63,28,51,9,11,6,3,1,16,56,6,20.0,27,62,15,43,20,22,6,5,1,12,52,7
Everett Ray,SMU,2017-18,20.0,8,12,1,2,4,7,1,0,1,11,7,4,20.0,2,6,0,0,1,7,2,2,0,7,7,3
Everett Winchester,Wright State,2017-18,20.0,45,103,0,4,29,44,17,5,6,19,39,26,20.0,37,72,0,2,37,53,17,6,2,17,38,26
Everson Davis,Binghamton,2017-18,20.0,38,75,7,11,15,27,34,16,2,13,35,20,17.58,33,73,7,19,42,51,27,9,1,12,44,16
Evin Caswell,,2017-18,0.0,0,0,0,0,0,0,0,0,0,0,1,1,0.0,0,0,0,0,0,0,0,0,0,0,0,0
Exavian Christon,Louisiana Tech,2017-18,20.0,28,65,10,34,8,9,8,11,0,4,25,10,14.87,19,44,10,25,10,12,8,5,1,5,20,14
Eyassu Worku,UC Irvine,2017-18,19.92,58,168,13,40,20,27,59,14,0,12,44,42,20.0,74,180,16,51,38,53,54,21,1,7,37,27
Eysan Wiley,William Jewell,2017-18,0.0,0,0,0,0,0,0,0,0,0,0,0,1,20.0,2,2,0,0,0,0,1,0,2,1,0,1
Ezekiel Armstrong,Antelope Valley,2017-18,0.0,0,0,0,0,0,0,0,0,0,0,0,0,14.95,0,0,0,0,2,2,0,0,0,0,0,0
Ezekiel Charles,New Orleans,2017-18,20.0,35,93,24,55,11,16,15,14,4,16,31,15,17.92,38,72,25,48,17,23,13,5,2,16,30,17
Ezekiel Cook,Oak Hills Christian,2017-18,20.0,0,2,0,2,0,0,1,0,0,0,1,3,14.57,0,3,0,1,2,2,1,0,0,0,2,1
Ezini Ugbisien,Northern New Mexico,2017-18,20.0,1,1,0,0,0,0,1,1,0,2,1,0,14.98,3,7,2,3,2,4,0,0,0,3,4,0
Ezra Talbert,Liberty,2017-18,20.0,13,33,2,16,5,7,4,1,1,9,14,7,14.9,5,16,3,11,2,4,3,2,0,5,5,2
FDU Florham,,2017-18,0.0,0,0,0,0,0,0,0,0,0,2,0,1,0.0,0,0,0,0,0,0,0,0,0,1,1,0
Fabian White Jr,Houston,2017-18,20.0,0,0,0,0,0,0,12,0,0,0,0,0,16.13,0,0,0,0,0,0,8,0,0,0,0,0
Fabian White Jr.,Houston,2017-18,20.0,38,72,0,0,10,16,3,7,12,31,34,22,16.13,28,49,0,0,30,40,1,5,16,21,43,15
Fabijan Krslovic,Montana,2017-18,16.75,30,59,0,2,22,28,22,8,10,16,47,19,20.0,43,75,0,2,28,41,16,15,6,26,48,22
Fairfield,,2017-18,0.0,0,0,0,0,0,0,0,0,0,19,31,3,0.0,0,0,0,0,0,0,0,0,0,17,20,2
Fairleigh Dickinson,,2017-18,0.0,0,0,0,0,0,0,0,0,0,20,20,12,0.0,0,0,0,0,0,0,0,0,0,18,9,5
Falcon Albers,Dakota State,2017-18,20.0,0,1,0,1,0,0,0,0,0,0,0,0,14.78,0,0,0,0,0,0,0,0,0,0,0,2
Fallou Ndoye,CSU Bakersfield,2017-18,19.98,10,21,0,0,4,8,1,0,1,7,19,15,14.93,8,14,0,0,8,16,2,0,2,12,16,10
Fard Muhammad,Binghamton,2017-18,20.0,42,89,33,70,4,6,13,6,0,6,31,15,17.58,37,82,25,64,9,15,12,12,2,3,28,6
Faris Verlasevic,Lyon,2017-18,20.0,1,2,0,0,0,0,0,0,0,0,0,1,19.2,1,2,0,0,0,0,1,1,0,1,0,1
Fatodd Lewis,UT Martin,2017-18,15.0,62,142,9,34,17,25,13,13,9,28,56,28,20.0,61,137,10,40,26,35,20,12,4,31,79,23
Fatts Russell,Rhode Island,2017-18,20.0,34,100,17,60,8,12,27,16,0,4,17,9,20.0,44,104,20,54,16,20,12,10,1,9,15,10
Fausto Pichardo,Alabama State,2017-18,0.0,10,27,1,4,9,14,1,4,5,7,12,8,14.78,13,32,0,1,8,11,2,4,4,6,23,10
Fayetteville St,,2017-18,0.0,0,0,0,0,0,0,0,0,0,0,0,0,0.0,0,0,0,0,0,0,0,0,0,1,2,2
Felipe Haase,South Carolina,2017-18,20.0,37,95,12,42,10,12,16,8,1,18,45,17,16.48,33,88,13,51,15,22,14,7,4,17,45,16
Felix White,NW Nazarene,2017-18,20.0,1,1,0,0,0,0,0,0,0,0,1,0,17.77,0,1,0,0,0,0,0,0,0,0,0,1
Felix Wilson,Kentucky State,2017-18,20.0,1,3,0,1,0,0,6,0,1,0,2,2,14.88,0,1,0,0,0,0,1,1,0,1,0,0
Femi Olujobi,North Carolina A&T,2017-18,20.0,75,148,8,30,39,48,11,5,5,17,76,34,14.8,56,103,6,19,57,70,18,6,11,25,72,30
Ferran Bernacer,Austin Peay,2017-18,20.0,0,5,0,4,0,0,0,0,0,1,1,2,14.85,1,1,1,1,0,0,0,1,0,0,0,1
Ferron Flavors Jr,Fairfield,2017-18,0.0,0,0,0,0,0,0,12,0,0,0,0,0,20.0,0,0,0,0,0,0,19,0,0,0,0,0
Ferron Flavors Jr.,Fairfield,2017-18,20.0,63,174,42,129,9,14,1,11,0,11,42,11,20.0,53,153,41,118,27,36,0,6,0,5,53,15
Ferrum,,2017-18,0.0,0,0,0,0,0,0,0,0,0,0,0,1,0.0,0,0,0,0,0,0,0,0,0,0,2,1
Fiifi Aidoo,Grand Canyon,2017-18,20.0,27,59,12,35,7,10,13,7,4,7,11,13,14.73,11,40,3,23,5,7,14,7,3,6,9,5
Filip Nowicki,Mesa College,2017-18,20.0,0,0,0,0,1,2,0,0,0,0,1,0,14.95,0,1,0,0,0,0,0,0,1,0,1,2
Filip Vukmorovic,Le Moyne-Owen,2017-18,20.0,2,4,0,0,0,0,0,0,0,0,0,0,17.98,0,0,0,0,0,0,0,0,0,0,1,0
Fineto Lungwana,,2017-18,0.0,0,0,0,0,0,0,0,0,0,0,0,1,0.0,0,0,0,0,0,0,0,0,0,0,0,0
Fisk,,2017-18,0.0,0,0,0,0,0,0,0,0,0,2,3,1,0.0,0,0,0,0,0,0,0,0,0,0,2,1
Fitzgerald Hopkins,,2017-18,6.38,2,7,1,5,0,0,1,0,0,0,0,0,0.0,1,2,1,2,1,2,0,0,1,0,0,1
Fletcher Magee,Wofford,2017-18,20.0,106,219,56,133,40,47,26,15,1,2,41,25,16.48,109,235,66,156,46,48,27,14,2,6,36,21
Florida,,2017-18,0.0,0,0,0,0,0,0,0,0,0,22,30,11,0.0,0,0,0,0,0,0,0,0,0,20,15,8
Florida A&M,,2017-18,0.0,0,0,0,0,0,0,0,0,0,20,18,9,0.0,0,0,0,0,0,0,0,0,0,25,19,5
Florida Atlantic,,2017-18,0.0,0,0,0,0,0,0,0,0,0,3,3,0,0.0,0,0,0,0,0,0,0,0,0,1,2,0
Florida College,,2017-18,0.0,0,0,0,0,0,0,0,0,0,2,2,1,0.0,0,0,0,0,0,0,0,0,0,1,1,0
Florida Gulf Coast,,2017-18,0.0,0,0,0,0,0,0,0,0,0,18,24,3,0.0,0,0,0,0,0,0,0,0,0,17,22,3
Florida Inst Of Tech,,2017-18,0.0,0,0,0,0,0,0,0,0,0,0,0,0,0.0,0,0,0,0,0,0,0,0,0,0,1,0
Florida International,,2017-18,0.0,0,0,0,0,0,0,0,0,0,21,29,9,0.0,0,0,0,0,0,0,0,0,0,23,28,3
Florida Memorial,,2017-18,0.0,0,0,0,0,0,0,0,0,0,3,3,0,0.0,0,0,0,0,0,0,0,0,0,3,3,2
Florida National,,2017-18,0.0,0,0,0,0,0,0,0,0,0,5,4,1,0.0,0,0,0,0,0,0,0,0,0,3,2,1
Florida State,,2017-18,0.0,0,0,0,0,0,0,0,0,0,20,34,2,0.0,0,0,0,0,0,0,0,0,0,20,26,7
Fontbonne,,2017-18,0.0,0,0,0,0,0,0,0,0,0,1,1,0,0.0,0,0,0,0,0,0,0,0,0,0,0,2
Fordham,,2017-18,0.0,0,0,0,0,0,0,0,0,0,15,18,23,0.0,0,0,0,0,0,0,0,0,0,16,22,16
Forrest Freeland,Thomas (GA),2017-18,0.0,0,0,0,0,0,0,0,1,0,0,0,0,14.92,0,1,0,0,0,0,0,0,0,1,0,0
Fort Wayne,,2017-18,0.0,0,0,0,0,0,0,0,0,0,16,20,1,0.0,0,0,0,0,0,0,0,0,0,24,20,4
Foul on Gavin,,2017-18,0.0,0,0,0,0,0,0,0,0,26,0,0,0,0.0,0,0,0,0,0,0,0,0,37,0,0,0
Foul on Nicholas,,2017-18,0.0,0,0,0,0,0,0,0,0,4,0,0,0,0.0,0,0,0,0,0,0,0,0,9,0,0,0
Francis Alonso,UNC Greensboro,2017-18,20.0,75,195,48,123,27,30,47,15,1,7,33,38,18.35,90,202,57,134,39,48,49,19,1,9,25,46
Francis Kiapway,Ball State,2017-18,20.0,14,54,14,47,2,2,8,4,0,1,11,10,20.0,11,44,9,37,13,16,10,2,3,2,16,7
Franciscan University,,2017-18,0.0,0,0,0,0,0,0,0,0,0,0,2,0,0.0,0,0,0,0,0,0,0,0,0,1,3,0
Francisco Amiel,Colgate,2017-18,20.0,15,51,8,29,2,2,29,14,3,3,26,19,20.0,14,41,8,23,12,15,22,19,2,5,17,14
Francisco Santiago,Youngstown St,2017-18,20.0,4,7,4,6,0,0,0,1,0,1,2,3,14.98,0,3,0,2,0,1,4,2,0,0,1,0
Franck Tsoungui,Florida College,2017-18,20.0,0,2,0,2,4,4,2,0,0,1,0,4,14.88,0,3,0,0,4,6,0,1,0,1,3,5
Francois Lewis,Presbyterian,2017-18,20.0,36,74,13,30,18,23,5,3,2,10,32,9,14.98,34,65,11,28,9,17,9,6,0,9,23,9
Frank Barber III,Central State (OH),2017-18,20.0,3,4,1,1,1,2,1,2,0,0,2,3,17.97,2,4,0,0,1,3,3,2,0,1,0,1
Frank Bartley IV,,2017-18,0.67,78,188,33,100,59,69,28,16,0,12,42,21,0.0,77,171,43,95,75,87,29,23,2,6,48,34
Frank Booker,South Carolina,2017-18,20.0,55,140,38,104,35,43,18,18,4,10,46,17,16.48,70,147,46,101,43,59,20,19,4,12,45,19
Frank Howard,Syracuse,2017-18,20.0,82,219,38,101,28,39,75,32,5,6,48,57,14.93,82,214,24,77,55,77,69,23,5,8,53,52
Frank Toohey,Air Force,2017-18,0.0,29,59,8,21,19,21,14,7,3,18,21,12,20.0,14,36,5,10,21,28,7,5,4,15,16,14
Frankie Ferrari,San Francisco,2017-18,20.0,72,162,31,70,18,23,60,16,0,4,40,39,17.72,63,175,30,90,42,52,93,22,0,3,37,23
Frankie Johnson,The Citadel,2017-18,20.0,27,67,7,27,7,13,66,25,2,11,24,37,14.75,34,84,15,39,28,36,63,28,0,16,36,30
Franklin Porter,Portland,2017-18,20.0,42,117,13,39,14,18,31,8,4,6,39,30,20.0,55,104,17,32,27,35,23,6,5,5,40,25
Fraser Malcolm,Black Hills State,2017-18,20.0,3,5,2,3,3,4,0,1,0,0,2,0,14.77,1,4,0,2,0,0,0,0,0,0,0,1
Fred Haywood,McNeese,2017-18,0.0,0,0,0,0,0,0,0,0,0,0,0,0,20.0,0,1,0,1,0,0,0,0,0,0,0,0
Fred Iruafemi,VMI,2017-18,20.0,15,30,0,0,3,9,5,11,23,12,38,21,17.37,14,26,0,0,8,11,5,10,12,29,27,8
Fred Sims Jr,Chicago State,2017-18,20.0,0,0,0,0,0,0,14,0,0,0,0,0,14.87,0,0,0,0,0,0,18,0,0,0,0,0
Fred Sims Jr.,Chicago State,2017-18,20.0,77,220,31,94,28,34,0,9,0,8,44,21,14.93,60,195,26,83,41,45,0,10,1,13,32,16
Freddie Hall,,2017-18,0.0,0,0,0,0,0,0,0,0,0,0,0,0,0.0,0,0,0,0,0,0,0,0,0,0,0,1
Freddie McSwain Jr,Indiana,2017-18,0.0,0,0,0,0,0,0,4,0,0,0,0,0,17.92,0,0,0,0,0,0,5,0,0,0,0,0
Freddie McSwain Jr.,Indiana,2017-18,20.0,21,60,0,1,18,31,3,5,11,37,51,21,14.98,22,36,0,0,21,36,3,5,6,21,25,6
Freddie Williams,St. Mary's (TX),2017-18,20.0,1,3,0,1,0,0,0,3,0,0,3,2,17.57,1,1,0,0,1,2,0,2,0,0,2,3
Freddy Bitondo,Sam Houston State,2017-18,20.0,9,19,0,0,5,16,2,0,1,11,8,7,19.42,6,13,0,0,1,3,0,1,0,8,10,2
Freddy Cook,Silver Lake College,2017-18,20.0,0,7,0,3,2,3,0,1,0,1,4,4,14.95,1,2,1,1,0,0,2,0,0,0,3,3
Fredens Deneus,Alabama State,2017-18,20.0,6,14,0,0,5,11,0,1,1,7,7,4,14.78,1,2,0,0,1,2,0,1,0,0,1,0
Frederick Jackson,Adams State,2017-18,20.0,0,1,0,0,2,2,0,1,0,1,2,2,20.0,0,0,0,0,3,4,0,0,0,0,1,0
Frederick Moore,Shawnee State,2017-18,20.0,1,6,0,2,0,0,0,0,0,0,5,0,14.82,0,1,0,0,0,0,0,0,1,0,1,1
Frederick Scott,Rider,2017-18,20.0,53,114,13,35,13,39,5,7,3,22,52,19,14.95,70,124,9,30,46,95,14,8,5,35,62,20
Fresno State,,2017-18,0.0,0,0,0,0,0,0,0,0,0,15,18,3,0.0,0,0,0,0,0,0,0,0,0,17,9,7
Frostburg State,,2017-18,0.0,0,0,0,0,0,0,0,0,0,1,2,0,0.0,0,0,0,0,0,0,0,0,0,1,1,0
Furman,,2017-18,0.0,0,0,0,0,0,0,0,0,0,19,26,7,0.0,0,0,0,0,0,0,0,0,0,11,15,7
Fx Roges,Barclay College,2017-18,20.0,0,1,0,0,0,0,0,0,0,0,0,0,14.93,0,1,0,0,0,0,0,1,0,0,0,0
G Shea Mercer,Wilmington (OH),2017-18,0.0,0,0,0,0,0,0,0,0,0,1,1,1,14.75,0,1,0,0,0,0,0,0,0,0,1,0
Gabby Lyon,,2017-18,2.0,0,2,0,0,0,0,0,3,0,0,0,0,0.0,0,0,0,0,2,2,0,1,0,1,0,1
Gabe Agorioge,Buffalo,2017-18,0.0,0,0,0,0,0,0,0,0,0,0,0,0,20.0,0,0,0,0,2,2,0,0,0,0,0,0
Gabe Bealer,Utah,2017-18,0.0,30,68,21,49,3,5,6,2,0,5,26,9,15.15,25,56,21,51,4,4,3,6,2,1,19,5
Gabe Ceribelli,Goucher,2017-18,20.0,1,6,0,4,0,0,1,0,0,0,1,1,14.92,1,3,1,1,0,0,1,0,0,0,1,0
Gabe DeVoe,Clemson,2017-18,20.0,90,183,49,114,32,37,34,15,7,12,68,34,14.77,77,189,35,99,36,51,38,21,5,16,63,36
Gabe Grant,Houston,2017-18,20.0,4,12,2,9,1,2,0,3,0,1,2,1,16.13,6,13,6,10,0,1,1,0,0,2,2,0
Gabe Hadley,New Mexico State,2017-18,20.0,4,20,3,18,0,0,1,0,1,1,5,1,16.12,7,13,6,10,0,0,1,0,0,0,4,0
Gabe Harris,St. Francis (ILL),2017-18,20.0,0,3,0,1,0,0,0,0,0,0,0,0,14.93,0,0,0,0,0,0,0,1,0,0,0,1
Gabe Hinton,Berea,2017-18,20.0,1,1,0,0,0,0,1,0,1,0,0,3,14.72,0,0,0,0,0,0,0,0,0,0,1,1
Gabe Kirk,Columbia International,2017-18,20.0,0,1,0,0,0,0,0,0,0,1,1,2,14.77,0,0,0,0,0,0,0,0,0,1,1,0
Gabe Kynard,Lake Erie College,2017-18,15.98,4,5,2,3,1,3,1,0,0,1,2,1,20.0,5,7,1,1,1,1,1,0,0,1,4,4
Gabe Levin,Long Beach State,2017-18,20.0,78,181,9,29,48,55,20,14,8,29,69,44,15.45,102,206,11,24,99,127,31,14,12,32,78,40
Gabe McKenzie,,2017-18,3.72,1,1,1,1,1,2,0,1,1,0,1,0,0.0,0,2,0,1,1,2,0,0,0,0,1,1
Gabe Mckenzie,East Central,2017-18,20.0,0,1,0,1,0,0,0,0,0,0,1,0,16.12,0,2,0,1,0,0,1,1,0,0,1,0
Gabe Osabuohien,Arkansas,2017-18,20.0,5,12,0,2,1,5,0,1,1,2,10,7,14.92,3,8,0,1,1,2,4,2,1,2,7,3
Gabe Perez,Eastern University,2017-18,20.0,3,4,1,2,2,2,0,0,0,0,1,0,14.88,1,2,1,1,1,2,1,0,0,0,1,0
Gabe Stefanini,Columbia,2017-18,20.0,27,67,12,28,4,5,15,13,0,5,14,18,19.4,28,59,10,22,7,12,9,8,1,13,17,10
Gabe Vincent,UC Santa Barbara,2017-18,20.0,68,152,24,70,17,24,51,19,1,1,25,15,17.87,57,131,25,65,43,52,40,15,4,2,32,19
Gabriel Adersteg,Bethesda,2017-18,19.98,4,16,0,2,2,2,4,4,0,0,5,3,14.7,2,9,0,3,5,8,1,1,0,2,3,3
Gabriel Chaikin,Puget Sound,2017-18,20.0,1,4,1,4,0,0,0,0,0,0,0,0,14.78,0,4,0,3,0,0,0,0,0,0,1,0
Gabriel Ferreira,Rogers State,2017-18,20.0,2,3,0,0,0,0,0,2,0,0,2,2,18.22,2,5,0,0,0,1,1,0,1,1,1,1
Gabriel Kerrihard,Silver Lake College,2017-18,20.0,0,1,0,1,0,0,0,0,0,0,0,0,14.95,0,1,0,0,0,0,0,0,0,1,0,0
Gage Loy,Rogers State,2017-18,20.0,1,4,0,1,0,0,1,0,0,0,1,0,18.22,0,2,0,0,0,0,0,2,0,0,0,2
Gage Throgmorton,Michigan Dearborn,2017-18,20.0,4,9,4,7,2,3,1,0,0,0,4,2,17.48,5,10,2,5,0,0,1,1,0,0,3,2
Gage Yesbeck,Bluefield College,2017-18,20.0,0,1,0,0,0,0,0,0,0,1,1,1,17.85,2,2,1,1,2,3,0,1,0,1,2,0
Gairges Daow,Northern Illinois,2017-18,20.0,13,50,3,20,10,13,11,8,5,12,54,17,17.85,25,49,11,21,8,13,11,9,0,17,21,9
Galen Alexander,LSU,2017-18,0.0,1,2,0,1,1,2,1,1,0,2,6,0,14.73,0,4,0,4,0,0,0,0,0,0,5,2
Galen Robinson Jr,Houston,2017-18,20.0,0,0,0,0,0,0,43,0,0,0,0,0,16.13,0,0,0,0,0,0,39,0,0,0,0,0
Galen Robinson Jr.,Houston,2017-18,20.0,35,78,2,12,7,15,28,23,2,5,41,35,16.13,21,51,0,7,23,27,16,22,1,5,29,18
Galin Smith,Alabama,2017-18,0.0,22,35,0,0,2,12,1,0,17,15,21,16,17.97,16,25,0,0,6,18,1,2,4,12,16,5
Gardner-Webb,,2017-18,0.0,0,0,0,0,0,0,0,0,0,21,29,4,0.0,0,0,0,0,0,0,0,0,0,19,22,0
Garek Droog,Mayville State,2017-18,20.0,0,7,0,0,0,0,0,0,0,3,2,0,14.92,2,3,0,0,1,3,1,0,2,0,2,0
Garren Dearman,Methodist,2017-18,20.0,0,0,0,0,0,0,1,0,0,1,0,2,14.78,0,0,0,0,0,2,0,0,0,0,0,1
Garret Sawyer,Eastern Oregon,2017-18,0.0,0,2,0,1,0,0,1,0,0,0,0,0,14.78,0,1,0,1,2,2,0,0,0,0,1,0
Garrett Aeilts,Lincoln Christian,2017-18,20.0,3,7,3,6,0,0,2,0,0,0,1,0,14.63,2,7,2,5,0,0,1,0,0,0,0,0
Garrett Carter,Cal State-Los Angeles,2017-18,20.0,3,9,3,6,0,0,1,0,0,0,1,0,16.75,1,5,1,4,4,5,1,0,0,0,2,2
Garrett Collins,UNC Greensboro,2017-18,20.0,25,50,14,39,7,8,2,3,1,12,14,3,18.35,4,10,4,10,0,0,0,1,1,1,5,4
Garrett Covington,Youngstown St,2017-18,20.0,27,74,10,28,13,20,7,9,2,14,21,21,14.98,30,72,4,18,24,33,7,11,2,18,19,9
Garrett Duffin,Lakeland,2017-18,20.0,0,3,0,3,0,0,0,0,0,0,0,0,14.97,0,0,0,0,0,0,0,0,0,0,0,0
Garrett Franken,North Dakota,2017-18,20.0,0,5,0,3,0,0,0,1,1,0,5,0,20.0,1,2,1,2,0,0,0,0,0,0,1,0
Garrett Gilkeson,VMI,2017-18,20.0,31,83,12,41,12,14,17,23,0,10,39,15,14.72,22,66,6,22,16,21,19,12,1,13,40,21
Garrett Jackson,St. Francis (ILL),2017-18,20.0,0,2,0,0,0,0,0,1,0,0,1,2,14.93,1,1,0,0,0,1,0,0,0,1,0,0
Garrett Kingman,Idaho,2017-18,20.0,1,5,1,3,2,2,2,1,0,4,2,1,14.98,0,0,0,0,1,2,0,0,0,0,2,1
Garrett Mcdowell,Fontbonne College,2017-18,20.0,1,2,0,1,2,2,0,0,0,1,1,0,14.88,0,1,0,0,0,0,3,0,0,0,0,0
Garrett Pearson,Ouachita Baptist,2017-18,20.0,1,2,1,2,0,0,0,0,0,0,0,1,20.0,0,0,0,0,0,0,0,0,0,0,0,0
Garrett Sams,North Florida,2017-18,20.0,53,131,27,67,18,22,21,12,3,10,47,35,14.63,46,113,23,61,51,62,16,6,1,7,47,30
Garrett Woodmansee,Webber International,2017-18,20.0,3,10,3,10,4,5,1,0,0,0,3,2,20.0,9,19,7,14,2,2,2,2,0,0,4,2
Garriott Jones,Johnson University (FL),2017-18,0.0,0,0,0,0,0,0,0,0,0,0,0,0,14.83,0,1,0,0,0,0,1,0,0,0,0,0
Garrison Brooks,North Carolina,2017-18,20.0,27,56,0,0,12,17,5,5,7,30,27,18,14.83,27,46,0,0,20,31,12,5,3,21,23,9
Garrison Goode,UC Davis,2017-18,20.0,20,46,0,0,19,31,7,7,2,14,30,21,17.87,26,55,0,0,13,27,11,12,6,20,29,14
Garrison Holmes,Franciscan University,2017-18,20.0,0,2,0,0,0,0,0,0,0,0,0,0,14.95,1,1,0,0,0,0,0,0,0,0,0,1
Garrison Mathews,Lipscomb,2017-18,19.95,100,208,44,113,62,78,29,16,3,13,62,27,17.95,98,219,43,106,104,134,24,15,5,20,58,30
Garrisson Duvivier,Gordon College,2017-18,20.0,3,6,0,1,5,6,1,2,1,2,5,2,17.7,4,9,0,0,3,4,0,1,1,1,4,0
Gary Blackston,Prairie View A&M,2017-18,20.0,91,203,18,51,62,83,53,25,1,21,53,52,15.15,79,177,17,40,66,87,41,13,1,15,48,31
Gary Burley,Shenandoah,2017-18,0.0,0,0,0,0,0,0,0,0,0,0,0,0,14.82,0,1,0,0,0,0,0,0,1,0,0,0
Gary Chivichyan,Idaho State,2017-18,20.0,21,47,15,33,6,9,1,2,2,1,12,5,17.0,15,40,9,26,4,6,2,0,1,0,12,2
Gary Clark,Cincinnati,2017-18,20.0,79,168,18,36,50,63,40,28,16,62,100,16,14.97,77,130,9,26,64,90,33,22,26,41,101,20
Gary Clemons,Brewton-Parker,2017-18,20.0,0,1,0,1,0,0,1,0,0,0,3,1,14.92,1,3,0,0,0,1,0,0,0,1,2,0
Gary Trent Jr,Duke,2017-18,20.0,65,136,36,73,19,24,19,14,2,9,30,12,14.83,41,107,24,65,27,30,12,11,1,12,37,12
Gary Trent Jr.,Duke,2017-18,20.0,37,94,19,55,14,17,8,6,1,7,31,8,14.73,31,79,17,46,16,17,10,11,1,1,26,6
Gaston Diedhiou,Minnesota,2017-18,0.0,5,10,0,0,0,0,1,2,1,5,9,2,14.95,3,11,0,0,3,6,1,1,0,0,5,0
Gavin,,2017-18,0.0,0,0,0,0,0,0,0,0,208,0,0,0,0.0,0,0,0,0,0,0,0,0,231,0,0,0
Gavin Block,Ohio,2017-18,20.0,31,96,18,59,14,23,44,10,0,3,54,18,20.0,42,113,23,70,11,21,50,10,0,13,47,24
Gavin Brown,Shawnee State,2017-18,20.0,1,3,1,2,0,0,0,0,0,0,1,0,14.82,3,7,2,4,0,0,0,0,0,1,0,1
Gavin Kensmil,Iona,2017-18,20.0,6,14,0,0,1,3,1,1,1,5,7,6,20.0,3,5,0,0,2,10,0,2,1,2,5,1
Gavin Keough,Wentworth,2017-18,0.0,0,0,0,0,0,0,0,0,0,0,0,0,14.75,1,1,0,0,0,0,0,0,0,0,0,0
Gavin Peppers,Central Michigan,2017-18,20.0,14,39,5,18,6,8,12,1,1,4,8,6,20.0,18,39,8,17,5,7,6,2,0,3,4,4
Gavin Schilling,Michigan State,2017-18,20.0,15,20,0,0,18,28,3,3,7,12,38,12,14.63,11,19,0,0,7,14,7,4,4,22,28,8
Gavin Sears,South Wesleyan,2017-18,0.0,2,3,1,1,1,2,0,0,0,1,3,1,14.77,3,7,0,1,3,4,0,0,1,3,2,0
Gavin Skelly,Northwestern,2017-18,20.0,40,91,16,34,25,34,14,12,9,22,54,23,20.0,23,49,7,18,14,20,17,11,8,12,33,22
Gebereal Baitey,Emory,2017-18,19.95,0,1,0,0,0,0,1,0,0,0,1,1,17.95,0,4,0,0,0,1,0,0,0,0,1,0
Gemaal Davis,Mississippi Valley State,2017-18,20.0,20,52,3,8,9,11,6,2,0,9,12,10,14.72,7,30,0,3,14,19,2,7,0,6,5,5
Gemel McLeod,Mitchell College,2017-18,0.0,0,0,0,0,0,0,0,0,0,0,0,0,14.68,0,1,0,0,0,0,0,0,0,0,0,0
Gene Davis,Alabama State,2017-18,20.0,15,36,4,12,7,8,16,5,0,2,14,19,14.78,12,35,1,9,7,7,17,2,0,3,5,14
Genesis Williams,Ohio Christian,2017-18,0.0,0,0,0,0,0,0,0,0,0,0,0,0,14.98,0,1,0,0,0,0,0,0,0,0,0,0
Geno Artison,Tulsa,2017-18,20.0,18,47,7,26,3,5,9,4,6,12,35,5,20.0,2,18,2,11,8,10,2,3,2,5,12,1
Geno Crandall,North Dakota,2017-18,20.0,71,149,17,50,45,62,47,33,0,12,52,50,20.0,95,177,27,53,68,93,53,33,3,19,45,40
Geno Luzcando,Idaho State,2017-18,20.0,40,95,5,20,31,44,33,20,4,11,44,41,17.0,60,111,7,22,51,77,47,34,3,14,64,42
Geno Thorpe,Syracuse,2017-18,20.0,9,21,4,8,2,3,2,4,0,2,1,3,14.93,2,9,0,5,2,2,4,2,0,0,1,1
Geno West,Idaho,2017-18,20.0,0,1,0,1,0,0,3,0,0,0,0,0,14.98,0,1,0,0,1,2,0,0,0,0,0,0
Geo Baker,Rutgers,2017-18,20.0,58,155,27,71,17,24,45,19,7,4,29,32,14.85,61,161,22,67,36,43,35,13,6,7,31,20
Geoff Beans,Furman,2017-18,20.0,17,39,16,35,3,5,6,0,3,4,13,2,14.95,12,52,10,47,12,14,7,3,0,4,13,7
Geoffrey Gray,Emerson College,2017-18,20.0,3,12,3,6,0,0,0,1,0,0,2,0,14.52,3,6,0,1,0,0,0,0,0,1,1,1
George Blagojevic,Hartford,2017-18,20.0,22,48,1,5,11,17,16,5,4,15,44,17,17.7,27,47,1,4,11,21,13,8,6,18,28,9
George Brammeier,Lipscomb,2017-18,19.95,14,32,0,0,2,8,4,5,2,6,12,15,17.95,12,23,0,0,5,11,0,7,0,12,11,5
George Brock,Southern-New Orleans,2017-18,20.0,17,41,10,20,7,10,8,2,0,3,11,13,18.57,12,32,6,18,5,7,6,3,0,0,4,4
George Cook,Wesley,2017-18,20.0,0,0,0,0,0,0,1,0,0,0,0,1,17.73,0,0,0,0,0,0,0,0,0,0,1,0
George Fox,,2017-18,0.0,0,0,0,0,0,0,0,0,0,1,1,0,0.0,0,0,0,0,0,0,0,0,0,2,0,0
George Jackson IV,Puget Sound,2017-18,20.0,0,2,0,0,0,0,0,0,0,1,0,1,14.78,0,0,0,0,0,0,0,0,0,0,0,1
George Kiernan,Navy,2017-18,20.0,49,112,26,66,26,33,11,3,2,12,53,21,20.0,35,101,18,64,31,36,10,7,3,14,50,19
George King,Colorado,2017-18,0.0,57,143,27,76,12,15,16,8,11,22,85,31,17.9,71,142,28,60,47,59,12,8,7,27,81,27
George Mason,,2017-18,0.0,0,0,0,0,0,0,0,0,0,27,14,4,0.0,0,0,0,0,0,0,0,0,0,29,24,7
George Papas,Monmouth,2017-18,0.0,6,15,6,13,2,2,7,3,0,1,7,4,19.25,2,7,2,6,3,4,0,1,0,0,1,3
George Washington,,2017-18,0.0,0,0,0,0,0,0,0,0,0,16,21,7,0.0,0,0,0,0,0,0,0,0,0,18,16,4
George Willborn III,,2017-18,2.23,49,114,5,20,35,61,28,12,2,27,47,21,0.0,39,76,8,17,25,43,7,10,3,20,35,18
Georges Dorvillien,Webber International,2017-18,20.0,1,2,0,1,0,0,0,0,0,0,0,1,14.93,1,3,0,1,1,2,0,0,1,0,0,0
Georgetown,,2017-18,0.0,0,0,0,0,0,0,0,0,0,21,22,6,0.0,0,0,0,0,0,0,0,0,0,20,13,4
Georgia,,2017-18,0.0,0,0,0,0,0,0,0,0,0,24,24,9,0.0,0,0,0,0,0,0,0,0,0,30,21,12
Georgia Southern,,2017-18,0.0,0,0,0,0,0,0,0,0,0,24,25,3,0.0,0,0,0,0,0,0,0,0,0,21,22,5
Georgia Southwestern,,2017-18,0.0,0,0,0,0,0,0,0,0,0,2,0,0,0.0,0,0,0,0,0,0,0,0,0,0,1,0
Georgia State,,2017-18,0.0,0,0,0,0,0,0,0,0,0,23,37,5,0.0,0,0,0,0,0,0,0,0,0,19,20,7
Georgia Tech,,2017-18,0.0,0,0,0,0,0,0,0,0,0,17,22,7,0.0,0,0,0,0,0,0,0,0,0,18,17,6
Georgian Court,,2017-18,0.0,0,0,0,0,0,0,0,0,0,1,0,1,0.0,0,0,0,0,0,0,0,0,0,0,0,1
Georgie Pacheco-Ortiz,Liberty,2017-18,20.0,49,121,15,46,29,32,43,17,1,4,41,26,14.9,52,113,23,53,49,57,35,12,4,5,24,24
Gerald Blackshear Jr,Detroit Mercy,2017-18,20.0,0,0,0,0,0,0,1,0,1,0,1,3,20.0,0,0,0,0,0,0,1,1,0,0,0,1
Gerald Blackshear Jr.,Detroit Mercy,2017-18,20.0,13,23,0,0,0,0,0,5,4,12,20,11,16.73,11,15,0,0,2,4,0,3,1,11,10,4
Gerald Fleming,Lyndon State College,2017-18,20.0,0,3,0,1,0,0,1,0,1,0,1,1,14.82,0,1,0,0,1,2,0,0,0,0,1,0
Gerald Smith,Samford,2017-18,0.0,1,4,1,3,0,0,0,0,0,0,0,1,17.83,0,2,0,0,0,0,3,1,0,0,0,1
Gerard Martin,Grand Canyon,2017-18,20.0,24,54,10,35,2,10,22,12,3,7,31,14,14.73,13,34,8,24,6,10,19,5,2,7,34,13
Gerdarius Troutman,Florida Atlantic,2017-18,20.0,48,123,22,66,27,31,15,11,3,7,33,13,20.0,63,137,45,92,29,32,12,15,0,6,23,10
Gerron Scissum,James Madison,2017-18,20.0,3,9,2,6,3,5,2,2,1,6,6,3,15.48,2,3,0,0,2,2,1,0,1,1,3,0
Gerry Milligan,Midway,2017-18,20.0,2,3,0,0,0,0,2,0,0,0,3,5,14.68,1,2,1,1,0,0,2,0,0,0,0,1
Gevon Arrington,Lincoln PA,2017-18,20.0,1,3,1,1,2,2,4,0,0,2,3,2,19.8,1,5,0,1,0,0,1,0,0,0,0,1
Gibson Johnson,Hawai'i,2017-18,20.0,45,89,3,10,32,43,16,13,11,20,41,21,20.0,55,96,4,5,47,71,19,5,8,22,43,19
Giddy Potts,Middle Tennessee,2017-18,20.0,63,152,42,98,23,27,24,26,2,6,54,33,14.55,49,135,27,79,31,38,28,15,4,8,54,17
Gilwan Nelson,Illinois-Springfield,2017-18,20.0,4,6,4,6,1,2,0,1,1,1,2,2,20.0,4,5,0,0,3,3,0,0,1,1,2,1
Gino Littles,Northern Arizona,2017-18,20.0,31,94,13,39,10,22,36,13,1,2,34,23,14.88,31,85,15,43,16,25,36,6,0,7,30,21
Giovanni De Nicolao,,2017-18,1.73,53,125,18,51,8,14,50,24,0,5,49,33,0.0,48,121,17,44,40,56,62,24,2,9,47,27
Giovanni Lee,Southern-New Orleans,2017-18,0.0,0,1,0,0,0,0,0,0,0,0,0,1,18.97,2,4,0,1,0,0,2,1,0,0,1,1
Glen Burns,Chicago State,2017-18,20.0,49,115,6,22,50,66,47,16,1,16,55,45,14.93,45,85,4,11,59,75,51,23,2,16,42,38
Glenn Sanabria,St. Francis (BKN),2017-18,20.0,48,118,28,74,6,15,35,11,2,8,18,11,20.0,46,103,29,58,29,41,32,11,6,17,35,12
Gligorije Rakocevic,Oregon State,2017-18,20.0,18,30,0,1,11,21,4,2,1,12,21,12,20.0,9,22,0,0,5,7,2,4,1,10,14,5
Glynn Watson Jr,Nebraska,2017-18,20.0,0,0,0,0,0,0,34,0,0,0,0,0,20.0,0,0,0,0,0,0,40,0,0,0,0,0
Glynn Watson Jr.,Nebraska,2017-18,20.0,58,156,18,56,16,22,7,31,3,10,39,27,20.0,53,161,15,53,52,64,11,11,4,13,40,19
Goanar Mar,George Mason,2017-18,20.0,43,104,19,52,43,53,8,8,2,23,32,35,20.0,53,117,14,43,50,63,12,8,1,33,40,19
Godsway Jeff,Florida National,2017-18,0.0,0,0,0,0,2,2,0,0,1,2,4,3,14.87,0,1,0,0,0,0,0,0,0,3,3,0
Godwin Boahen,UIC,2017-18,20.0,36,100,17,53,15,16,39,17,2,6,39,31,19.03,56,114,32,63,25,33,23,16,3,6,38,19
Goldey-Beacom,,2017-18,0.0,0,0,0,0,0,0,0,0,0,2,3,0,0.0,0,0,0,0,0,0,0,0,0,0,0,0
Gonzaga,,2017-18,0.0,0,0,0,0,0,0,0,0,0,26,45,3,0.0,0,0,0,0,0,0,0,0,0,23,32,3
Gonzalo Munez,Mayville State,2017-18,20.0,2,5,2,4,0,1,0,0,0,0,5,0,14.92,0,2,0,1,0,0,0,0,0,0,0,0
Gonzalo Munoz,Mayville State,2017-18,0.0,0,0,0,0,0,0,0,0,0,0,0,0,14.7,1,2,1,1,0,0,0,0,0,0,2,1
Goran Zagorac,Wisconsin Parkside,2017-18,20.0,1,2,0,0,1,6,0,0,0,0,0,1,14.83,1,3,0,0,0,0,0,0,1,1,2,1
Gordon Brann,NC Wesleyan,2017-18,0.0,0,0,0,0,0,0,0,0,0,0,0,0,14.68,0,1,0,0,0,0,0,0,0,0,0,0
Gordon College,,2017-18,0.0,0,0,0,0,0,0,0,0,0,1,0,0,0.0,0,0,0,0,0,0,0,0,0,1,2,0
Gorg Alhag,Mayville State,2017-18,20.0,3,6,2,4,2,2,0,0,0,0,1,1,14.92,3,5,2,3,0,0,2,0,0,0,1,1
Gorjok Gak,Florida,2017-18,20.0,16,24,0,0,6,15,2,3,8,21,18,8,14.97,8,14,0,0,5,13,1,2,4,10,19,4
Goucher,,2017-18,0.0,0,0,0,0,0,0,0,0,0,2,2,2,0.0,0,0,0,0,0,0,0,0,0,1,0,0
Grady Eifert,Purdue,2017-18,20.0,7,14,1,3,4,9,7,3,1,11,8,4,14.87,5,6,0,0,8,13,6,3,0,4,15,3
Graham Lynch,Wheaton (MA),2017-18,19.98,1,3,1,3,0,0,0,0,0,0,1,0,14.97,0,0,0,0,0,0,0,0,1,0,2,0
Graham Tienhaara,Gordon College,2017-18,0.0,0,0,0,0,0,0,0,0,0,0,1,0,17.7,1,1,0,0,1,1,0,0,0,0,0,0
Graham Woodward,Drake,2017-18,20.0,34,109,20,68,19,28,24,7,0,6,26,16,20.0,52,120,33,79,21,26,25,14,0,4,27,29
Grambling,,2017-18,0.0,0,0,0,0,0,0,0,0,0,16,11,1,0.0,0,0,0,0,0,0,0,0,0,14,5,5
Grand Canyon,,2017-18,0.0,0,0,0,0,0,0,0,0,0,22,29,3,0.0,0,0,0,0,0,0,0,0,0,21,8,2
Grant Anticevich,California,2017-18,20.0,8,23,1,8,4,6,1,1,1,4,17,8,19.23,2,7,1,3,4,4,2,0,0,1,5,1
Grant Arthur,Cal State-Los Angeles,2017-18,20.0,0,2,0,1,0,0,0,1,0,0,0,0,16.75,0,1,0,0,0,0,1,0,0,0,1,1
Grant Benzinger,Wright State,2017-18,20.0,76,186,46,114,31,33,15,18,5,20,67,12,20.0,69,187,39,112,56,65,18,7,2,26,65,25
Grant Bryant,Southeastern,2017-18,20.0,1,2,0,0,0,2,0,0,0,0,1,1,17.87,2,2,0,0,0,0,0,0,0,0,0,0
Grant Dressler,Chaminade,2017-18,20.0,4,13,1,2,0,0,5,0,0,2,2,2,14.62,5,12,2,6,0,0,0,0,0,2,4,0
Grant Fischer,Culver-Stockton,2017-18,20.0,1,2,0,0,0,0,0,0,0,0,1,1,14.53,1,4,1,4,0,0,0,1,0,1,0,0
Grant Gibb,Eastern Washington,2017-18,0.0,0,0,0,0,0,0,0,0,0,0,0,0,14.67,0,1,0,1,0,0,1,0,1,0,0,0
Grant Golden,Richmond,2017-18,20.0,118,238,11,40,16,33,37,11,17,29,91,47,19.13,85,163,10,37,40,53,29,8,19,16,70,33
Grant Riller,Charleston,2017-18,18.22,104,205,25,65,35,39,27,16,9,7,41,23,20.0,97,171,23,59,52,81,33,24,3,4,34,30
Grant Shell,Emporia State,2017-18,20.0,0,4,0,3,0,0,0,0,0,0,0,0,20.0,1,4,1,2,0,0,0,1,0,0,1,3
Grant Smith,Ave Maria,2017-18,0.0,0,0,0,0,0,0,0,0,0,0,0,0,14.82,0,1,0,1,0,0,0,0,0,0,0,1
Grant Williams,Tennessee,2017-18,20.0,77,183,1,16,54,71,30,11,21,39,70,36,14.98,100,196,2,9,105,137,35,10,22,37,56,38
Grantham Gillard,Arkansas State,2017-18,20.0,47,111,28,78,20,24,7,15,1,17,41,15,16.88,34,90,16,61,19,31,15,10,2,8,35,8
Grayson Allen,Duke,2017-18,20.0,105,237,58,142,49,59,87,32,1,14,55,48,14.73,73,188,43,128,59,68,84,31,1,5,44,31
Grayson Murphy,Belmont,2017-18,20.0,4,12,0,3,0,0,5,1,0,0,6,2,15.6,5,7,0,2,0,1,2,1,0,0,0,2
Grayson Tejeda,Mid-Atlantic Christian University,2017-18,20.0,2,10,0,3,0,0,3,0,0,0,3,2,14.7,0,4,0,0,0,0,3,1,0,0,1,0
Great Falls,,2017-18,0.0,0,0,0,0,0,0,0,0,0,1,0,0,0.0,0,0,0,0,0,0,0,0,0,0,0,0
Green Bay,,2017-18,0.0,0,0,0,0,0,0,0,0,0,25,36,3,0.0,0,0,0,0,0,0,0,0,0,37,29,5
Greenan Sullivan,Ave Maria,2017-18,20.0,3,8,2,5,0,0,4,0,0,0,1,5,14.82,1,3,0,2,0,0,1,1,0,0,1,3
Greensboro College,,2017-18,0.0,0,0,0,0,0,0,0,0,0,2,0,0,0.0,0,0,0,0,0,0,0,0,0,0,0,0
Greg Alexander,Mt. St. Mary's,2017-18,20.0,59,124,39,91,11,15,13,12,5,5,36,10,14.57,47,100,25,71,17,21,10,8,3,2,30,12
Greg Bowie,UT Rio Grande Valley,2017-18,20.0,35,92,13,45,9,13,10,16,1,8,22,20,20.0,35,93,16,43,9,13,27,11,0,6,18,16
Greg Bowman,Washington,2017-18,0.0,1,1,0,0,0,0,0,0,0,0,0,0,14.95,1,1,0,0,0,0,0,0,0,1,0,0
Greg Calixte,George Mason,2017-18,20.0,39,63,0,0,9,17,4,3,5,27,42,15,20.0,25,43,0,0,8,23,7,3,10,13,40,11
Greg Eboigbodin,Illinois,2017-18,0.0,16,32,0,0,1,4,6,7,8,21,21,11,14.97,11,15,0,0,7,17,2,2,2,9,16,4
Greg Elliott,Marquette,2017-18,20.0,18,39,6,13,13,15,24,15,12,5,25,18,14.57,24,46,3,11,17,21,16,9,9,14,22,11
Greg Heckstall,Hampton,2017-18,20.0,31,76,13,32,13,19,19,5,5,13,66,14,17.85,29,67,11,30,18,20,25,3,8,8,41,9
Greg Jacobs,Bridgewater,2017-18,0.0,0,0,0,0,0,0,0,0,0,0,0,0,15.48,0,1,0,1,0,0,0,0,0,0,0,0
Greg Jones,James Madison,2017-18,20.0,20,80,8,41,9,12,8,11,8,27,33,22,15.48,22,58,6,25,10,15,11,9,9,13,19,16
Greg Joseph,NC Wesleyan,2017-18,0.0,0,1,0,0,0,0,1,0,0,0,0,1,14.68,0,1,0,1,0,0,0,0,0,0,2,0
Greg King,Niagara,2017-18,20.0,23,54,0,0,4,21,6,4,11,33,53,12,15.08,33,46,0,0,15,33,5,5,11,27,51,11
Greg Kuakumensah,Niagara,2017-18,0.0,14,35,1,5,4,5,5,4,6,16,18,8,15.08,5,12,0,5,1,4,1,1,4,2,8,2
Greg Lee,CSU Bakersfield,2017-18,19.98,6,15,4,9,0,0,1,1,0,1,14,8,14.93,5,13,0,5,0,0,2,1,0,2,8,5
Greg McClinton,Old Dominion,2017-18,20.0,1,1,0,0,0,1,0,0,0,1,1,1,14.88,0,0,0,0,0,0,0,0,0,0,0,0
Greg Parham,VMI,2017-18,20.0,16,47,3,23,4,5,17,9,0,2,11,11,14.72,15,36,6,17,10,12,18,4,1,0,11,12
Greg Purnell,Bluefield State,2017-18,20.0,1,5,0,3,3,4,0,0,0,0,3,1,14.88,0,0,0,0,0,0,0,0,0,0,1,1
Greg Robinson,Centenary NJ,2017-18,20.0,2,4,1,2,0,0,0,0,0,1,0,2,14.95,0,4,0,3,2,2,0,0,0,0,1,0
Greg Tarca,Quinnipiac,2017-18,0.0,0,0,0,0,0,0,0,0,0,0,0,0,20.0,1,1,0,0,0,0,0,0,0,0,0,0
Greg Wallace,Rio Grande,2017-18,0.0,0,0,0,0,0,0,0,1,0,1,1,1,14.92,0,0,0,0,2,2,0,0,0,0,1,0
Gregg Polosky,CS Monterey Bay,2017-18,20.0,0,1,0,0,0,0,0,0,1,0,2,0,14.97,0,1,0,0,0,0,0,0,0,0,1,0
Gregory Gibbs,Frostburg State,2017-18,20.0,0,1,0,1,4,4,0,1,0,0,1,2,14.93,0,0,0,0,0,0,0,0,0,0,0,0
Gregory Lahm,Missouri Science & Technology,2017-18,20.0,0,1,0,1,0,0,1,0,0,0,0,1,14.92,0,1,0,1,2,2,0,0,0,0,2,1
Greig Stire,Albany,2017-18,20.0,51,90,0,0,18,31,18,4,3,42,76,23,20.0,46,85,0,0,40,52,17,10,3,54,83,9
Gresyn Rogers,Spring Hill,2017-18,20.0,1,2,1,1,0,0,0,2,0,0,2,3,14.93,2,5,1,1,0,0,2,1,0,0,1,0
Griffen Riggs,,2017-18,0.0,0,0,0,0,0,0,0,1,0,0,0,1,0.0,0,0,0,0,0,0,0,0,0,0,0,0
Griffin Kinney,Appalachian State,2017-18,20.0,56,107,2,5,26,32,27,10,6,23,56,30,14.87,67,106,1,3,59,84,14,9,4,28,68,30
Griffin Lewis,,2017-18,0.0,0,0,0,0,0,0,0,0,0,0,0,0,0.0,0,0,0,0,0,0,0,2,0,0,0,0
Guilien Smith,Dartmouth,2017-18,20.0,4,15,1,6,3,3,1,1,0,0,4,3,20.0,6,13,1,3,6,6,3,1,0,0,2,2
Gunnar Olafsson,St. Francis (BKN),2017-18,20.0,14,25,0,0,0,0,1,2,0,5,13,4,20.0,7,14,1,4,2,3,3,0,0,6,3,2
Gus Farrell,Northland College,2017-18,20.0,0,1,0,0,0,0,0,1,0,0,0,0,14.97,2,5,0,0,1,2,0,0,0,1,0,0
Gus Riley,Bryant,2017-18,20.0,5,26,4,20,5,7,6,1,1,4,15,6,14.6,15,31,9,20,3,5,5,2,1,11,17,2
Gustavo Gonzalez,Shenandoah,2017-18,20.0,2,3,0,0,0,0,0,0,0,1,1,0,14.82,0,4,0,1,0,0,0,0,0,0,0,1
Guy Johnson,Mississippi College,2017-18,20.0,1,2,1,2,0,0,0,1,0,0,0,0,14.8,2,3,0,1,0,0,0,0,0,0,0,0
Gyorgy Goloman,UCLA,2017-18,20.0,43,81,6,19,23,31,13,7,25,32,42,16,20.0,36,64,11,18,19,36,23,11,16,21,41,18
Haakon Ullrich,UC Santa Cruz,2017-18,20.0,0,0,0,0,1,2,1,1,0,1,0,0,14.8,0,0,0,0,0,0,0,0,0,0,0,0
Haanif Cheatham,Marquette,2017-18,20.0,10,18,4,6,3,5,5,2,0,1,6,5,14.57,6,18,1,6,1,2,2,3,0,1,4,2
Haboubacar Mutombo,Western Carolina,2017-18,20.0,18,49,1,11,3,9,8,4,1,14,22,9,14.77,10,42,3,11,1,4,6,5,1,13,15,6
Hadi Akle,Siena Heights,2017-18,20.0,0,2,0,0,0,0,0,1,0,0,0,3,14.83,0,0,0,0,0,0,1,1,0,0,0,1
Hakeem Animashaun,John Jay College of Criminal Justice,2017-18,20.0,1,5,0,0,0,0,1,1,2,0,0,0,14.93,0,2,0,0,1,2,0,0,0,0,3,0
Hakeem Winters,Point,2017-18,20.0,6,7,2,2,0,1,0,0,1,1,1,3,16.4,3,5,0,1,0,1,0,1,1,0,1,3
Halil Parks,Notre Dame College,2017-18,20.0,3,10,2,4,1,2,0,0,0,0,2,4,14.8,2,5,1,4,2,2,1,1,0,0,1,4
Hallice Cooke,Nevada,2017-18,20.0,30,71,24,51,7,9,33,10,2,2,38,13,17.93,21,50,14,32,8,9,18,10,2,4,23,5
Hameir Wright,Washington,2017-18,20.0,11,37,6,20,7,16,10,8,13,13,25,14,20.0,14,30,4,11,6,15,8,4,12,3,33,11
Hamidou Diallo,Kentucky,2017-18,20.0,58,155,7,32,36,62,26,17,10,17,57,26,20.0,58,119,14,34,39,61,12,9,3,10,37,21
Hamilton Forsythe,MIT,2017-18,20.0,1,1,1,1,0,0,0,0,0,0,1,1,20.0,4,8,2,5,0,0,0,1,0,0,2,1
Hamp Smith,Centenary NJ,2017-18,20.0,3,5,1,2,0,0,0,1,0,0,2,4,14.95,0,2,0,0,0,2,1,0,0,1,0,2
Hampton,,2017-18,0.0,0,0,0,0,0,0,0,0,0,26,23,6,0.0,0,0,0,0,0,0,0,0,0,20,25,3
Hampus Ahlin,Tennessee State,2017-18,20.0,1,6,1,3,0,0,1,0,0,1,2,4,14.92,3,7,2,5,2,2,0,1,0,0,3,3
Haneef Vaughnwilson,West New Mexico,2017-18,20.0,1,3,0,0,0,0,0,0,0,0,1,3,18.48,3,8,0,0,4,6,1,4,0,0,2,3
Hank Harrel,Panhandle State,2017-18,0.0,0,0,0,0,0,0,0,0,0,0,0,1,14.92,2,4,1,2,2,2,0,0,0,1,2,0
Hank Hollingsworth,Cal Poly,2017-18,0.0,4,10,0,0,1,4,2,3,14,6,14,5,17.75,13,23,0,0,3,12,0,2,14,9,19,8
Hank Thomas,Eureka College,2017-18,20.0,3,12,2,4,0,0,4,2,0,0,2,5,14.73,4,9,2,3,3,3,2,0,0,0,0,0
Hannes Polla,Oklahoma,2017-18,19.9,4,8,0,0,0,0,0,0,0,3,4,4,16.07,0,1,0,0,0,0,0,0,0,1,1,0
Hannibal-Lagrange,,2017-18,0.0,0,0,0,0,0,0,0,0,0,1,2,0,0.0,0,0,0,0,0,0,0,0,0,0,1,0
Hans Brase,Iowa State,2017-18,20.0,12,32,3,10,10,13,4,2,1,9,26,6,19.58,3,16,1,5,3,4,8,2,5,6,28,8
Harald Frey,Montana State,2017-18,19.07,63,137,32,74,34,44,48,14,0,3,44,27,20.0,50,140,24,80,35,46,40,12,1,5,32,23
Hardin-Simmons,,2017-18,0.0,0,0,0,0,0,0,0,0,0,1,3,0,0.0,0,0,0,0,0,0,0,0,0,2,1,0
Hardy Quamauri,,2017-18,7.97,1,1,0,0,2,2,1,1,0,0,0,0,0.0,0,5,0,0,0,0,1,0,0,2,1,0
Harper Travon,,2017-18,2.25,0,1,0,1,0,0,0,0,0,0,1,0,0.0,0,1,0,0,0,0,0,0,0,1,0,0
Harris-Stowe,,2017-18,0.0,0,0,0,0,0,0,0,0,0,0,0,0,0.0,0,0,0,0,0,0,0,0,0,1,2,0
Harrison Deegan,Oneonta State,2017-18,20.0,1,1,0,0,2,2,1,0,0,0,0,1,15.07,0,4,0,0,2,2,0,0,0,1,0,1
Harrison Fancher,Blue Mountain College,2017-18,20.0,9,17,9,15,0,0,3,1,0,0,3,2,14.87,3,8,1,6,2,3,1,1,0,1,1,3
Harrison Hebert,Southeastern,2017-18,0.0,0,0,0,0,0,0,0,0,0,0,0,0,17.87,0,2,0,2,0,0,1,1,0,0,1,0
Harrison Kay,Central Connecticut,2017-18,20.0,1,3,0,0,0,1,0,0,0,0,1,2,20.0,2,3,0,0,0,0,0,0,0,0,0,0
Harrison Lucas,Northland College,2017-18,20.0,5,11,2,5,0,0,0,0,0,0,5,4,14.97,1,2,0,0,0,0,0,0,0,0,0,1
Harrison Meads,Pepperdine,2017-18,20.0,12,18,0,0,5,11,0,5,1,9,13,5,15.8,13,25,0,0,1,3,0,0,4,6,13,4
Harrison Riggs,Lake Erie College,2017-18,18.62,1,6,1,4,0,0,3,0,0,1,0,0,20.0,4,4,1,1,0,0,5,0,0,0,0,0
Harry Froling,Marquette,2017-18,20.0,11,24,1,7,0,0,9,0,2,12,18,10,20.0,14,29,3,11,2,5,9,2,2,7,21,5
Hartford,,2017-18,0.0,0,0,0,0,0,0,0,0,0,25,20,2,0.0,0,0,0,0,0,0,0,0,0,18,23,1
Hartwick,,2017-18,0.0,0,0,0,0,0,0,0,0,0,1,2,1,0.0,0,0,0,0,0,0,0,0,0,1,1,0
Harvard,,2017-18,0.0,0,0,0,0,0,0,0,0,0,15,28,10,0.0,0,0,0,0,0,0,0,0,0,16,18,9
Hasahn French,Saint Louis,2017-18,20.0,52,109,0,1,9,34,21,8,35,33,58,42,17.4,62,111,0,0,25,60,20,11,21,51,60,15
Hasan Abdullah,Navy,2017-18,20.0,49,115,30,64,4,5,50,24,1,4,37,45,20.0,47,119,17,62,28,44,38,30,0,4,36,35
Hasani Williams,Mitchell College,2017-18,20.0,5,7,0,0,0,0,0,0,0,0,3,2,14.68,1,5,0,1,0,2,0,0,0,2,0,1
Haskell Indian Nations University,,2017-18,0.0,0,0,0,0,0,0,0,0,0,1,0,0,0.0,0,0,0,0,0,0,0,0,0,0,1,0
Hassan Attia,Hartford,2017-18,0.0,46,68,0,0,21,38,9,7,20,23,41,20,19.52,35,54,0,0,15,38,9,4,32,26,46,17
Hassan Hussein,Florida International,2017-18,20.0,27,67,1,3,9,13,7,6,5,13,18,19,12.82,39,80,0,2,18,23,2,3,4,16,41,10
Hassan Thomas,Emporia State,2017-18,20.0,1,3,0,1,1,1,1,1,0,0,0,0,20.0,0,0,0,0,0,0,0,0,0,0,0,1
Hassani Gravett,South Carolina,2017-18,20.0,30,83,12,38,17,26,56,6,4,5,42,34,16.48,39,97,14,45,21,30,49,6,2,11,46,33
Hawai'i,,2017-18,0.0,0,0,0,0,0,0,0,0,0,17,23,7,0.0,0,0,0,0,0,0,0,0,0,10,21,9
Hawai'i Hilo,,2017-18,0.0,0,0,0,0,0,0,0,0,0,1,1,0,0.0,0,0,0,0,0,0,0,0,0,0,2,0
Hayden Brown,The Citadel,2017-18,20.0,23,65,2,18,5,8,11,9,4,10,30,18,14.75,24,49,8,19,18,25,10,11,2,10,22,7
Hayden Clason,Centenary,2017-18,0.0,0,0,0,0,0,0,0,0,1,0,1,0,14.88,0,1,0,1,0,0,0,0,0,1,0,1
Hayden Dalton,Wyoming,2017-18,20.0,83,191,42,101,40,47,45,11,10,16,101,44,20.0,90,197,31,91,67,82,34,18,6,26,92,33
Hayden Dunn,Kentucky Christian,2017-18,20.0,2,15,1,5,5,8,1,1,3,0,5,4,14.82,1,7,1,4,0,0,2,1,0,2,5,4
Hayden Farqhar,,2017-18,5.48,1,3,1,3,0,0,0,0,1,0,1,1,0.0,0,0,0,0,0,0,0,0,0,0,0,1
Hayden Farquhar,Abilene Christian,2017-18,20.0,21,59,5,34,6,9,7,3,5,12,33,11,17.52,14,36,6,24,4,6,3,8,3,3,22,5
Hayden Ford,George Fox,2017-18,20.0,0,1,0,0,0,0,0,0,0,1,0,0,14.98,0,0,0,0,0,0,0,0,0,0,1,0
Hayden Frederick,San Diego Christian,2017-18,20.0,2,6,0,3,0,0,0,0,0,0,1,2,14.82,1,4,1,4,0,0,3,1,0,0,0,0
Hayden Fredrick,San Diego Christian,2017-18,20.0,7,19,3,9,4,6,3,2,1,0,3,4,20.0,7,22,3,13,0,0,0,0,0,0,3,4
Hayden Goins,College of Coastal Georgia,2017-18,20.0,1,1,0,0,0,0,0,0,0,0,1,0,19.87,0,1,0,1,0,0,0,0,0,0,0,1
Hayden Hall,Antelope Valley,2017-18,20.0,2,4,2,3,0,0,2,0,0,1,3,1,14.95,0,1,0,1,0,0,0,0,0,0,0,1
Hayden Harkins,Elmira,2017-18,20.0,3,8,3,7,0,0,1,0,0,1,0,1,14.97,2,4,0,2,0,0,1,0,1,1,0,0
Hayden Howell,Abilene Christian,2017-18,20.0,23,45,2,5,11,15,6,3,3,12,19,16,17.52,19,34,2,3,7,15,3,4,1,9,16,9
Hayden Koval,Central Arkansas,2017-18,20.0,51,109,15,39,15,23,11,4,54,20,45,19,14.92,48,103,17,50,28,43,17,7,37,24,64,23
Hayden Todd,Florida College,2017-18,0.0,0,0,0,0,0,0,0,0,0,0,0,0,14.88,1,1,0,0,0,0,0,0,0,0,0,0
Hayden Witt,St. Francis (ILL),2017-18,0.0,0,0,0,0,0,0,0,0,0,1,3,1,14.93,0,2,0,0,0,0,0,0,0,0,1,0
Hayes Garrity,Idaho State,2017-18,20.0,3,7,2,6,0,0,4,0,0,0,3,3,17.98,0,1,0,1,0,0,0,0,0,0,1,1
Haylen Washington,College of Coastal Georgia,2017-18,20.0,5,12,2,4,2,2,1,0,0,2,0,2,19.87,4,7,0,2,4,6,0,0,0,1,0,3
Henderson State Univ Arkansas,,2017-18,0.0,0,0,0,0,0,0,0,0,0,2,2,0,0.0,0,0,0,0,0,0,0,0,0,0,0,1
Henoc Bienne,Mercy,2017-18,20.0,0,2,0,1,0,0,0,0,0,1,0,2,14.73,1,2,0,1,0,0,0,0,0,0,1,1
Henrik Jadersten,Santa Clara,2017-18,20.0,8,21,4,14,3,4,4,2,4,4,7,0,14.87,6,16,3,11,3,5,1,0,6,4,11,2
Henry Baddley,Butler,2017-18,20.0,27,49,12,23,11,12,9,5,9,5,27,8,17.72,20,40,6,16,9,10,9,7,4,8,21,11
Henry Beard,South Florida,2017-18,20.0,0,2,0,0,0,0,1,1,0,0,2,1,17.65,0,1,0,0,0,0,0,0,0,0,0,0
Henry Caruso,Santa Clara,2017-18,20.0,59,130,14,45,30,38,22,20,0,29,74,22,14.87,47,100,12,31,62,73,22,16,6,40,48,17
Henry Cuffee,Elmira,2017-18,20.0,2,4,0,1,3,4,0,0,1,2,2,3,14.97,5,8,0,0,0,0,0,0,0,2,0,2
Henry Odunze,,2017-18,0.0,0,0,0,0,0,0,0,0,0,0,0,0,0.0,0,0,0,0,0,0,0,0,0,0,1,0
Henry Taylor,Mississippi Valley State,2017-18,20.0,1,4,1,4,0,0,1,1,0,0,4,2,14.83,1,4,0,2,1,2,0,0,0,0,1,3
Henry Thompson,Dubuque,2017-18,20.0,0,1,0,1,0,0,0,0,0,1,1,0,14.87,1,2,1,2,0,0,0,1,0,0,1,0
Henry Welsh,Harvard,2017-18,20.0,12,29,0,1,0,0,4,4,7,12,21,10,20.0,8,21,0,0,1,2,3,0,2,7,9,1
Herb Jones,,2017-18,2.0,12,37,2,6,9,14,12,13,4,5,17,11,0.0,13,23,3,5,6,10,9,11,6,8,24,18
Herb McGee,South Alabama,2017-18,20.0,42,98,28,70,14,20,40,7,1,5,35,39,15.78,30,82,15,49,29,39,46,9,2,4,31,32
Herbert Jones,Alabama,2017-18,20.0,10,31,1,9,4,14,10,8,6,8,27,15,20.0,18,37,1,3,5,8,12,10,4,6,13,9
Hezekiah Goodwin,Thomas (GA),2017-18,20.0,0,2,0,2,0,0,0,0,0,0,0,0,14.92,1,3,1,3,0,0,0,1,0,0,0,0
High Point,,2017-18,0.0,0,0,0,0,0,0,0,0,0,36,21,9,0.0,0,0,0,0,0,0,0,0,0,31,21,6
Hiwassee,,2017-18,0.0,0,0,0,0,0,0,0,0,0,4,3,0,0.0,0,0,0,0,0,0,0,0,0,2,2,2
Hofstra,,2017-18,0.0,0,0,0,0,0,0,0,0,0,18,17,2,0.0,0,0,0,0,0,0,0,0,0,18,15,0
Holland Woods,Portland State,2017-18,20.0,44,112,12,40,30,39,81,23,2,10,34,40,20.0,56,131,11,36,74,93,84,22,2,8,35,42
Holy Cross,,2017-18,0.0,0,0,0,0,0,0,0,0,0,13,26,14,0.0,0,0,0,0,0,0,0,0,0,15,22,12
Horace Spencer,Auburn,2017-18,20.0,31,62,0,0,15,19,15,20,21,24,67,25,14.88,25,46,0,1,24,36,12,15,22,23,42,11
Houston,,2017-18,0.0,0,0,0,0,0,0,0,0,0,34,30,8,0.0,0,0,0,0,0,0,0,0,0,20,29,4
Houston Baptist,,2017-18,0.0,0,0,0,0,0,0,0,0,0,30,22,4,0.0,0,0,0,0,0,0,0,0,0,32,18,1
Houston Smith,Bethune-Cookman,2017-18,20.0,33,59,5,11,9,19,16,5,3,24,43,13,14.83,15,35,2,14,9,15,20,5,5,15,30,16
Howard,,2017-18,0.0,0,0,0,0,0,0,0,0,0,21,24,6,0.0,0,0,0,0,0,0,0,0,0,24,14,5
Howard Payne,,2017-18,0.0,0,0,0,0,0,0,0,0,0,4,6,0,0.0,0,0,0,0,0,0,0,0,0,3,1,0
Howard Smothers,Fisk,2017-18,19.9,0,1,0,0,2,2,0,1,0,0,1,0,17.92,0,1,0,0,0,0,0,0,0,1,2,0
Howard Washington,Syracuse,2017-18,20.0,4,11,2,8,1,4,5,4,0,0,9,5,14.93,0,0,0,0,6,6,0,2,0,0,1,0
Hudson Allen,,2017-18,0.0,0,0,0,0,0,0,0,0,0,0,0,0,14.52,0,1,0,1,0,0,0,0,0,0,0,0
Hudson Price,Charlotte,2017-18,20.0,18,30,5,12,4,5,7,5,0,2,16,11,14.78,14,21,6,9,12,16,2,4,1,4,21,3
Hudson Spaulding,Summit,2017-18,20.0,1,2,0,0,0,0,0,0,0,2,1,0,14.9,0,0,0,0,0,0,0,0,0,0,1,1
Hugh Baxter,Colgate,2017-18,20.0,3,5,1,3,0,0,1,0,0,2,0,1,20.0,0,1,0,1,0,0,1,0,0,0,1,2
Hunter Bennett,Dallas Christian,2017-18,20.0,3,6,1,3,0,0,3,1,0,1,2,2,14.6,0,3,0,2,0,0,0,0,0,0,2,0
Hunter Crist,Green Bay,2017-18,20.0,23,55,12,32,9,14,17,10,0,2,26,23,17.85,12,34,5,15,10,17,16,3,0,5,15,15
Hunter Maldonado,Wyoming,2017-18,20.0,28,52,8,21,12,16,19,17,2,5,24,16,20.0,18,62,6,24,19,26,17,10,3,7,24,9
Hunter Martin,Mount Marty,2017-18,0.0,0,0,0,0,0,0,0,0,0,0,0,0,14.67,1,2,1,2,0,0,0,1,0,0,3,1
Hunter McCalla,Valley City State,2017-18,20.0,1,1,1,1,0,0,0,0,0,0,1,0,14.93,0,3,0,2,0,0,0,0,0,0,0,0
Hunter Parrish,Tusculum,2017-18,20.0,1,2,1,2,0,0,1,0,0,0,0,1,15.4,0,0,0,0,0,0,0,1,0,0,0,0
Hunter Rhodes,Northern Iowa,2017-18,15.0,14,42,9,24,8,8,14,6,0,1,14,3,20.0,14,35,5,20,13,15,16,2,0,1,21,3
Hunter Sabety,Hofstra,2017-18,20.0,33,39,0,0,3,7,5,4,13,15,26,5,20.0,13,26,0,0,3,7,5,2,7,13,18,5
Hunter Schmalz,Tiffin,2017-18,19.95,1,1,1,1,0,0,0,0,0,0,0,2,16.22,1,4,1,3,0,0,0,0,0,0,2,0
Hunter Seacat,Appalachian State,2017-18,20.0,10,20,0,0,2,4,7,2,5,8,18,10,15.2,12,19,0,0,3,3,4,2,5,6,17,4
Hunter Summy,San Diego,2017-18,20.0,2,6,2,5,0,0,1,1,0,0,1,0,17.92,3,6,2,5,0,0,0,0,0,0,0,2
Hunter Ware,Bryant,2017-18,20.0,33,75,5,12,9,10,18,12,2,9,41,23,14.6,27,56,1,3,9,14,23,14,2,12,32,10
I Famouke Doumbia,,2017-18,0.0,0,0,0,0,0,0,0,0,0,0,0,0,0.0,0,0,0,0,0,0,0,0,0,0,1,0
I'Savier Allridge,Carver Bible College,2017-18,20.0,2,3,0,0,0,0,0,0,0,1,0,2,14.93,0,0,0,0,1,2,0,0,0,1,0,0
IUPUI,,2017-18,0.0,0,0,0,0,0,0,0,0,0,29,20,4,0.0,0,0,0,0,0,0,0,0,0,22,20,5
Iain Morison,St. Francis (ILL),2017-18,20.0,3,7,0,0,1,2,1,1,1,0,2,0,14.93,1,3,0,0,1,3,0,1,1,2,0,1
Ian Boyd,George Mason,2017-18,20.0,45,110,10,43,11,15,16,13,2,18,30,26,20.0,37,97,10,32,16,21,20,3,0,23,51,13
Ian DuBose,Houston Baptist,2017-18,20.0,60,152,14,34,42,56,26,25,9,33,49,28,14.77,55,128,17,48,38,76,28,16,3,19,57,31
Ian Fox,CSU Fullerton,2017-18,0.0,0,1,0,1,0,0,0,1,0,0,0,1,20.0,0,1,0,1,0,0,0,0,0,0,0,0
Ian Heisler,Christendom,2017-18,20.0,2,3,1,2,0,0,1,0,0,0,1,1,14.93,0,1,0,1,0,0,0,0,0,0,0,0
Ian Hinkley,MIT,2017-18,20.0,2,6,1,3,0,0,0,1,0,0,1,0,20.0,2,3,2,3,2,2,0,0,0,0,1,3
Ian Javier,City College (NY),2017-18,20.0,0,2,0,1,0,0,1,0,0,0,1,2,14.85,0,2,0,2,0,0,1,0,0,0,1,0
Ian Kinard,South Carolina State,2017-18,20.0,10,26,2,5,7,7,1,2,4,4,14,5,14.57,10,29,4,7,17,21,6,2,3,7,17,10
Ian Langendoerfer,Loyola (MD),2017-18,20.0,1,13,0,7,6,7,5,1,1,5,6,6,20.0,4,8,3,3,1,2,2,0,0,1,5,4
Ian Lee,Alice Lloyd College,2017-18,0.0,0,0,0,0,0,0,0,0,0,0,0,0,14.98,0,2,0,2,1,2,0,1,0,1,0,1
Ian Schultz,Oneonta State,2017-18,20.0,2,2,2,2,0,0,1,0,1,0,1,0,15.07,1,3,1,1,0,0,0,0,0,0,1,0
Ian Sistare,Dartmouth,2017-18,20.0,16,42,11,28,5,7,10,1,1,4,23,12,20.0,13,33,5,19,8,12,10,2,1,3,15,9
Ian Theisen,South Dakota State,2017-18,19.92,24,47,9,22,7,12,6,2,4,14,37,5,20.0,14,31,4,17,16,21,6,5,3,13,22,6
Iba Camara,New Hampshire,2017-18,20.0,49,104,0,0,27,30,15,6,5,32,109,28,14.75,46,95,0,0,44,65,10,8,8,38,114,22
Ibi Watson,Michigan,2017-18,20.0,8,24,6,15,3,6,5,2,1,6,4,2,17.12,7,10,2,4,2,3,0,3,0,2,3,2
Ibrahim Dosunmu,Howard,2017-18,20.0,4,6,0,1,1,2,1,0,0,5,6,1,14.87,3,3,0,0,0,0,2,0,0,3,2,2
Ibrahim Famouke Doumbia,South Carolina,2017-18,20.0,2,4,0,1,2,4,0,1,0,0,1,0,20.0,1,5,0,1,0,0,0,0,0,1,1,0
Ibrahim Sylla,Northern Colorado,2017-18,0.0,1,1,0,0,0,0,0,0,1,0,4,2,20.0,2,3,0,0,2,9,0,0,2,3,2,1
Ibrahima Diallo,Manhattan,2017-18,15.0,1,4,0,0,2,3,0,0,0,3,6,3,20.0,0,0,0,0,0,0,0,0,0,0,0,0
Ibrahima Sankare,Grand Canyon,2017-18,0.0,0,1,0,0,0,0,0,0,0,1,0,0,14.92,0,1,0,0,2,2,1,1,0,1,1,0
Idaho,,2017-18,0.0,0,0,0,0,0,0,0,0,0,22,16,4,0.0,0,0,0,0,0,0,0,0,0,19,23,2
Idaho State,,2017-18,0.0,0,0,0,0,0,0,0,0,0,6,23,0,0.0,0,0,0,0,0,0,0,0,0,18,22,1
Ido Flaisher,Hawai'i,2017-18,20.0,6,14,0,0,2,5,1,0,1,3,18,8,20.0,4,7,0,0,5,8,0,0,0,1,2,3
Idris Taqqee,St. Bonaventure,2017-18,20.0,31,73,5,11,8,14,28,20,8,22,46,8,14.9,30,70,1,5,19,29,20,14,14,34,59,14
Idy Diallo,UC Riverside,2017-18,20.0,9,21,0,0,3,4,5,4,9,12,25,15,19.23,10,17,0,0,1,5,2,1,8,12,25,14
Ignacio Menendez,St. Andrews,2017-18,20.0,0,1,0,1,0,0,0,0,0,0,0,0,15.82,0,0,0,0,0,0,0,0,0,0,0,0
Ike Obiagu,Florida State,2017-18,0.0,23,40,0,0,6,18,1,3,33,17,34,13,17.65,9,17,0,0,6,17,1,4,33,16,18,11
Ike Smith,Georgia Southern,2017-18,20.0,52,140,21,67,18,32,11,5,9,6,41,33,20.0,58,132,20,61,19,30,10,6,7,8,44,23
Ikenna Ndugba,Bryant,2017-18,20.0,66,153,29,70,29,38,70,23,1,7,56,50,14.6,68,181,22,67,64,85,66,34,0,9,47,44
Ikenna Okwarabizie,UCLA,2017-18,20.0,1,1,0,0,0,0,0,1,0,2,4,1,14.85,0,0,0,0,0,0,0,0,0,0,0,0
Ikenna Smart,Buffalo,2017-18,20.0,27,45,0,1,4,12,2,2,6,17,42,14,15.43,10,10,0,0,9,15,1,2,5,13,15,6
Ilija Stojiljkovic,Maine,2017-18,20.0,11,22,4,9,9,18,8,6,3,10,49,16,17.85,21,35,4,11,4,11,3,5,2,8,30,7
Ilker Er,Maine,2017-18,20.0,32,89,14,49,8,14,3,3,0,9,27,4,17.85,25,70,7,35,13,14,5,4,0,11,27,5
Illinois,,2017-18,0.0,0,0,0,0,0,0,0,0,0,24,13,9,0.0,0,0,0,0,0,0,0,0,0,33,12,11
Illinois State,,2017-18,0.0,0,0,0,0,0,0,0,0,0,27,23,2,0.0,0,0,0,0,0,0,0,0,0,19,28,1
Illinois-Springfield,,2017-18,0.0,0,0,0,0,0,0,0,0,0,0,2,0,0.0,0,0,0,0,0,0,0,0,0,0,1,0
Immanuel King,Texas State,2017-18,20.0,56,107,0,0,16,29,13,11,16,33,63,20,20.0,54,88,0,0,31,58,13,3,9,33,52,17
Incarnate Word,,2017-18,0.0,0,0,0,0,0,0,0,0,0,14,23,5,0.0,0,0,0,0,0,0,0,0,0,18,27,2
Inderpaul Pinghlia,Kean,2017-18,0.0,0,0,0,0,0,0,0,0,0,0,0,0,14.97,0,2,0,1,0,0,0,0,0,1,1,0
Indiana,,2017-18,0.0,0,0,0,0,0,0,0,0,0,20,14,8,0.0,0,0,0,0,0,0,0,0,0,19,11,3
Indiana State,,2017-18,0.0,0,0,0,0,0,0,0,0,0,24,20,6,0.0,0,0,0,0,0,0,0,0,0,17,21,6
Indiana-Kokomo,,2017-18,0.0,0,0,0,0,0,0,0,0,0,3,2,0,0.0,0,0,0,0,0,0,0,0,0,1,3,1
Innocent Nwoko,Central Michigan,2017-18,0.0,3,5,0,0,0,0,0,0,1,2,3,1,20.0,0,0,0,0,1,2,0,1,0,0,0,2
Iona,,2017-18,0.0,0,0,0,0,0,0,0,0,0,25,21,6,0.0,0,0,0,0,0,0,0,0,0,20,24,3
Iowa,,2017-18,0.0,0,0,0,0,0,0,0,0,0,17,31,8,0.0,0,0,0,0,0,0,0,0,0,22,22,3
Iowa State,,2017-18,0.0,0,0,0,0,0,0,0,0,0,20,28,3,0.0,0,0,0,0,0,0,0,0,0,24,18,7
Ira Lee,Arizona,2017-18,20.0,12,27,0,1,6,10,4,2,11,7,21,10,14.88,8,19,0,0,6,7,5,3,1,9,16,2
Iranian Robinson,City College (NY),2017-18,0.0,0,0,0,0,0,0,0,0,0,0,0,0,14.85,1,1,1,1,0,0,0,0,0,0,1,1
Isaac Anderson,Lakeland,2017-18,0.0,0,0,0,0,0,0,0,0,0,0,0,0,14.97,0,1,0,1,2,2,0,0,0,0,2,0
Isaac Astorga,Portland Bible,2017-18,0.0,0,0,0,0,0,0,0,0,0,0,1,3,14.83,0,1,0,0,0,0,0,0,1,0,3,0
Isaac Barsh,Southeastern,2017-18,20.0,1,3,0,0,0,0,1,0,0,2,3,2,17.87,0,1,0,0,0,0,0,0,0,1,1,0
Isaac Blakeslee,Evangel,2017-18,20.0,0,1,0,1,0,0,0,0,1,0,0,0,14.92,0,1,0,0,0,0,0,0,0,0,0,1
Isaac Bonton,Montana State,2017-18,0.0,12,30,3,8,2,3,11,1,1,1,13,13,15.0,16,40,4,9,11,14,3,8,1,3,13,10
Isaac Bowles,Randall University,2017-18,20.0,2,4,0,0,0,2,1,1,1,1,3,2,17.52,2,5,0,0,1,2,0,0,0,0,1,0
Isaac Copeland,Nebraska,2017-18,20.0,76,149,18,51,28,37,16,11,12,25,73,15,20.0,67,149,18,50,31,46,18,14,18,22,65,16
Isaac Davidson,Sonoma State,2017-18,20.0,1,5,0,2,0,0,0,0,0,1,1,1,14.9,0,1,0,1,0,0,0,0,0,0,0,1
Isaac Edmondson,Bethel (TN),2017-18,20.0,2,3,0,0,0,0,1,3,0,0,3,0,14.98,2,5,0,1,0,0,0,1,0,0,0,2
Isaac Fleming,East Carolina,2017-18,20.0,65,156,13,50,22,35,65,13,3,19,30,55,14.93,70,144,10,30,34,51,72,18,0,16,38,49
Isaac Gassman,Illinois State,2017-18,20.0,12,40,9,28,6,11,7,8,1,5,22,8,20.0,27,47,16,31,0,0,6,7,1,7,15,4
Isaac Haas,Purdue,2017-18,20.0,95,160,0,0,44,63,14,3,23,30,75,27,14.87,85,130,0,0,94,118,12,2,23,29,63,28
Isaac Johnson,Western Illinois,2017-18,20.0,85,184,13,43,63,97,44,25,9,50,136,44,14.75,52,116,5,15,52,74,22,16,10,42,121,31
Isaac Kante,Georgia,2017-18,20.0,1,2,0,0,0,0,0,0,0,0,0,1,20.0,0,0,0,0,0,0,0,0,1,0,0,0
Isaac Lee,George Fox,2017-18,20.0,1,1,1,1,0,0,1,0,0,0,1,1,14.98,0,0,0,0,0,0,1,0,0,0,1,0
Isaac Letoa,Dartmouth,2017-18,0.0,2,10,0,3,0,1,7,1,1,0,7,2,20.0,1,3,0,1,1,1,3,1,0,0,1,4
Isaac Maldonado,Eastern New Mexico,2017-18,20.0,1,1,0,0,0,0,0,0,0,0,2,1,15.32,1,2,0,0,2,2,0,0,0,0,1,1
Isaac Mbuyamba,Kennesaw State,2017-18,0.0,18,37,0,1,16,37,5,5,8,36,30,10,17.72,16,32,0,0,6,24,2,1,15,23,28,8
Isaac Mccullough,Emporia State,2017-18,20.0,1,1,1,1,0,0,0,2,0,1,1,1,20.0,0,1,0,1,0,0,1,0,0,0,1,0
Isaac Moreno,McMurry,2017-18,0.0,0,0,0,0,0,0,0,0,0,0,0,0,14.97,1,2,0,0,0,0,1,0,0,0,0,0
Isaac Neilson,Utah Valley,2017-18,20.0,29,50,2,3,5,8,12,6,9,34,42,21,14.83,27,39,2,5,15,18,7,5,7,20,30,7
Isaac White,Stanford,2017-18,20.0,32,80,21,59,9,12,13,3,0,0,22,14,17.75,24,66,17,49,10,14,10,3,0,0,15,12
Isaiah Anderson,South Carolina Upstate,2017-18,20.0,13,31,0,3,1,2,4,5,6,17,21,7,17.93,15,29,2,3,4,6,4,3,2,8,16,7
Isaiah Austin,Mississippi College,2017-18,20.0,2,2,0,0,0,0,1,1,0,1,2,1,14.8,1,1,0,0,0,0,0,0,0,0,0,1
Isaiah Bailey,Bethune-Cookman,2017-18,20.0,53,145,11,48,53,74,72,12,1,17,64,57,14.83,70,154,15,40,77,93,52,10,6,17,36,48
Isaiah Banks,Florida International,2017-18,0.0,6,13,2,8,1,2,2,2,3,1,8,3,12.82,9,19,2,8,5,7,3,5,0,2,7,4
Isaiah Blackmon,St. Francis (PA),2017-18,20.0,8,16,2,5,6,6,1,1,1,0,2,1,15.78,3,8,0,2,0,1,1,1,0,1,0,0
Isaiah Brock,Oakland,2017-18,20.0,34,50,0,0,10,15,9,6,42,34,88,17,17.45,31,43,0,0,9,14,7,11,42,30,79,4
Isaiah Brown,Northern Iowa,2017-18,20.0,33,100,17,52,4,9,26,16,8,2,52,28,14.83,34,82,15,43,12,15,20,9,3,8,23,22
Isaiah Coleman-Lands,Miami (OH),2017-18,20.0,26,70,16,48,8,13,34,6,2,7,26,21,20.0,27,55,19,39,4,7,16,8,0,5,13,14
Isaiah Dobson,,2017-18,0.0,0,0,0,0,0,0,0,0,0,0,0,0,0.0,0,0,0,0,0,0,0,0,0,0,1,0
Isaiah Ellison,,2017-18,0.0,0,0,0,0,0,0,0,0,0,0,0,0,0.0,0,0,0,0,0,0,0,0,0,0,0,1
Isaiah Felder,Savannah St,2017-18,20.0,5,34,4,30,2,3,7,5,0,3,7,1,14.97,6,22,6,20,2,2,3,5,1,1,2,3
Isaiah Foust,,2017-18,0.0,0,0,0,0,0,0,0,0,0,0,0,0,0.0,0,0,0,0,0,0,0,0,0,0,0,1
Isaiah Gable,,2017-18,0.0,5,16,5,14,3,4,1,0,0,1,9,3,6.37,14,28,5,15,4,6,3,0,0,4,9,3
Isaiah Gibson,College of Coastal Georgia,2017-18,0.0,0,0,0,0,0,0,0,0,0,0,0,0,19.87,0,2,0,2,0,0,0,0,0,0,0,0
Isaiah Godwin,Catholic University,2017-18,20.0,0,3,0,1,0,0,3,0,0,0,0,2,15.57,1,8,1,4,0,0,1,1,0,1,0,0
Isaiah Grace,Presentation College,2017-18,20.0,3,5,0,0,0,0,0,1,0,2,1,0,14.77,0,1,0,0,0,0,0,0,0,0,5,1
Isaiah Green,Eastern Michigan,2017-18,0.0,2,6,0,0,0,0,0,1,3,2,5,0,15.38,3,4,0,0,0,1,0,2,1,0,5,2
Isaiah Gurley,Texas State,2017-18,20.0,11,37,6,21,12,12,6,1,0,3,11,5,20.0,10,27,2,8,6,10,4,4,1,1,10,6
Isaiah Harper,Ouachita Baptist,2017-18,20.0,2,4,1,3,0,0,2,0,0,1,0,0,20.0,1,1,0,0,0,0,3,0,0,0,1,2
Isaiah Hart,Loyola (MD),2017-18,20.0,53,105,3,10,19,30,42,16,3,6,23,40,20.0,62,135,5,18,35,52,38,15,2,1,24,33
Isaiah Hicks,Brewton-Parker,2017-18,20.0,9,18,2,4,2,2,2,4,0,3,4,0,14.92,9,22,1,10,3,3,2,2,0,1,4,2
Isaiah Hill,St. Leo,2017-18,20.0,1,5,0,1,1,2,2,1,0,1,1,0,17.95,0,4,0,1,0,0,1,0,0,1,1,1
Isaiah Jackson,Providence,2017-18,20.0,37,99,14,40,21,26,13,5,4,6,50,20,14.77,34,88,10,25,46,61,22,18,2,24,54,13
Isaiah Jones,Detroit Mercy,2017-18,14.97,5,12,0,0,0,0,1,1,6,5,4,3,20.0,4,10,0,0,1,2,0,0,8,3,7,1
Isaiah Lamb,Marist,2017-18,15.0,36,79,10,27,17,19,12,5,2,5,31,19,20.0,31,86,6,30,33,45,5,9,2,10,27,24
Isaiah Lester,Penn State Brandywine,2017-18,0.0,0,0,0,0,0,0,0,0,0,0,1,0,14.97,1,2,0,1,0,0,1,0,0,0,0,0
Isaiah Livers,Michigan,2017-18,20.0,25,55,8,25,6,9,11,7,4,15,26,10,17.12,22,47,10,26,2,3,5,4,4,19,25,11
Isaiah Lopez,Jarvis Christian,2017-18,20.0,2,3,1,1,0,0,1,0,0,1,2,4,14.9,4,4,1,1,3,4,6,1,0,0,2,1
Isaiah Manderson,South Florida,2017-18,15.03,43,84,0,2,10,16,8,4,2,18,32,21,20.0,37,73,0,1,20,30,10,3,3,23,31,12
Isaiah Martin,Florida A&M,2017-18,20.0,26,43,0,0,4,9,3,5,22,15,31,12,14.73,19,39,0,0,6,11,2,1,11,27,16,6
Isaiah Miller,UNC Greensboro,2017-18,20.0,66,114,0,3,15,29,25,21,0,28,33,24,18.35,56,111,1,4,11,16,22,26,2,19,26,19
Isaiah Moss,Iowa,2017-18,20.0,64,162,23,64,20,25,28,11,4,3,33,25,14.93,61,136,24,59,33,36,35,10,3,13,23,16
Isaiah Nichols,San José St,2017-18,20.0,14,38,8,20,4,6,23,4,1,7,40,24,14.95,18,56,7,25,14,25,20,8,2,8,41,14
Isaiah Pean,Sarah Lawrence,2017-18,20.0,0,7,0,3,1,2,1,0,0,0,4,3,14.93,0,1,0,0,0,0,0,0,0,0,3,2
Isaiah Pineiro,San Diego,2017-18,20.0,95,191,15,34,38,52,41,19,15,15,97,48,17.92,89,181,12,40,87,107,26,21,12,17,78,37
Isaiah Reese,Canisius,2017-18,20.0,81,178,32,98,14,16,75,27,1,8,89,32,20.0,91,202,41,106,54,61,67,42,3,8,78,48
Isaiah Roby,Nebraska,2017-18,20.0,40,76,8,20,18,26,23,8,37,27,64,22,20.0,41,69,3,11,50,69,25,11,23,25,72,23
Isaiah Rogers,UMBC,2017-18,0.0,0,0,0,0,0,0,0,0,0,0,0,0,20.0,1,1,0,0,0,0,0,0,0,1,0,0
Isaiah Ross,UMKC,2017-18,20.0,63,143,38,93,14,15,14,10,0,7,35,22,14.95,40,115,20,75,36,49,12,6,0,12,35,20
Isaiah Thomas,Northern Arizona,2017-18,20.0,39,76,0,0,6,10,3,4,14,32,46,18,14.88,34,58,0,0,14,25,1,1,21,17,45,8
Isaiah Traylor,,2017-18,6.25,1,4,0,1,2,2,0,0,0,0,0,1,0.0,1,1,0,0,0,1,0,0,0,0,2,2
Isaiah Tripp,Abilene Christian,2017-18,20.0,12,34,6,19,5,7,8,6,0,3,12,8,17.52,12,31,6,16,4,7,13,6,1,1,9,6
Isaiah Walton,Longwood,2017-18,20.0,55,146,26,66,23,27,28,17,4,3,36,40,17.98,63,137,23,64,46,50,22,10,2,2,23,33
Isaiah Washington,Minnesota,2017-18,20.0,85,250,35,120,45,56,55,17,4,17,59,43,17.93,88,249,27,98,55,78,68,28,7,25,76,48
Isaiah Whaley,UConn,2017-18,20.0,13,26,0,0,6,9,4,3,14,16,16,6,20.0,16,25,0,0,13,17,5,5,13,17,14,6
Isaiah White,Maine,2017-18,20.0,30,79,11,34,8,11,6,8,7,6,21,12,17.85,24,42,8,17,6,11,3,7,9,6,25,3
Isaiah Wilkins,Virginia,2017-18,20.0,50,93,1,6,18,23,30,21,28,36,79,14,18.35,30,74,2,9,13,19,22,16,18,33,60,15
Isaiah Williams,Georgia State,2017-18,20.0,61,134,27,60,33,48,34,12,5,23,44,39,14.93,54,130,17,54,36,48,35,11,2,8,29,21
Isaiah Wright,San Diego,2017-18,20.0,68,166,34,77,41,53,86,19,3,5,92,50,17.92,75,149,18,53,67,94,85,24,1,5,64,52
Isaih Hood,Prairie View A&M,2017-18,20.0,2,3,0,0,1,1,0,2,1,1,3,2,14.65,0,0,0,0,0,0,0,0,0,0,4,2
Iser Barnes,Massachusetts-Boston,2017-18,20.0,1,2,0,0,2,2,2,1,0,0,0,0,14.9,0,0,0,0,0,0,0,0,0,0,0,2
Ishmael El-Amin,Ball State,2017-18,20.0,16,55,3,23,11,13,23,8,2,1,26,22,20.0,22,57,9,21,8,13,17,5,0,5,18,11
Ishmael Lane,Northwestern State,2017-18,20.0,63,131,8,20,33,46,8,11,24,31,69,37,14.62,75,133,6,20,44,72,13,13,24,36,60,33
Ishmail Jabbie,UMBC,2017-18,20.0,4,15,2,7,0,0,3,4,0,5,3,7,20.0,2,6,1,4,6,9,3,1,0,1,7,5
Isiah Brown,Northwestern,2017-18,20.0,14,42,2,13,7,9,18,4,0,3,11,11,20.0,10,27,2,7,9,11,9,1,0,2,4,9
Isiah Charles,Elmira,2017-18,20.0,1,3,0,1,0,0,0,0,0,1,0,0,14.97,0,2,0,1,0,0,0,1,0,0,1,0
Isiah Cook,Penn State Brandywine,2017-18,20.0,0,2,0,1,0,0,1,0,0,1,1,0,14.97,0,1,0,1,0,0,0,0,0,1,0,1
Isiah Deas,La Salle,2017-18,20.0,48,110,21,47,7,12,17,8,6,7,41,20,17.98,37,108,12,56,35,46,17,19,1,9,51,21
Isiah Graves,Wilmington,2017-18,20.0,0,3,0,1,3,4,0,1,1,0,0,1,18.05,2,2,0,0,0,2,0,2,0,0,0,1
Isiah Jasey,Texas A&M,2017-18,0.0,1,1,0,0,0,0,0,1,2,0,3,1,17.82,2,3,0,0,0,0,0,0,0,0,0,1
Isiah Osborne,UTEP,2017-18,20.0,40,110,18,65,15,28,18,9,2,4,39,8,14.82,46,118,19,51,31,45,11,9,1,10,48,16
Ismael Celestin,Southeastern,2017-18,20.0,0,2,0,0,0,0,0,1,0,0,0,0,17.87,0,0,0,0,0,0,0,0,0,0,0,1
Ismael Sanogo,Seton Hall,2017-18,20.0,39,73,6,13,10,24,16,14,12,25,45,16,14.97,26,49,5,10,18,27,14,20,17,27,67,11
Issa Thiam,Rutgers,2017-18,20.0,43,117,20,69,8,11,10,11,4,20,66,16,14.85,36,74,20,45,9,12,9,10,4,11,39,11
Issac Ford,South Wesleyan,2017-18,20.0,0,2,0,0,0,0,0,0,0,0,1,1,14.97,0,4,0,2,0,0,0,0,0,1,1,0
Issac Vann,VCU,2017-18,20.0,48,109,12,42,14,15,19,15,3,13,38,22,14.58,43,97,8,38,13,24,12,9,5,8,35,15
Ivan Bender,Maryland,2017-18,20.0,10,21,0,2,8,12,9,1,1,7,9,8,17.95,9,12,1,1,4,6,9,0,1,7,20,12
Ivan Canete,Stephen F. Austin,2017-18,20.0,46,98,21,46,33,40,45,31,5,12,39,27,17.1,46,112,22,57,24,33,44,20,2,10,31,31
Ivan Cucak,Austin Peay,2017-18,20.0,5,7,1,1,2,5,3,2,1,1,4,10,17.6,1,2,0,0,0,0,0,0,0,0,0,3
Ivan Gandia-Rosa,North Florida,2017-18,20.0,74,165,42,95,13,14,98,9,0,6,47,52,14.63,58,161,27,96,59,67,94,6,0,5,22,44
Ivan Madunic,Southern Utah,2017-18,20.0,16,42,12,31,6,10,3,7,15,14,40,14,18.72,15,29,7,16,7,11,7,4,13,19,24,6
Ivan Raut,Fordham,2017-18,20.0,45,116,31,87,19,23,14,13,0,5,52,30,20.0,38,96,21,67,10,12,25,13,0,4,45,14
Ivan Tomic,Thomas (GA),2017-18,20.0,2,5,1,2,0,0,1,0,0,0,0,0,14.92,0,0,0,0,0,0,0,0,0,0,0,0
Ivenor Rosier,Florida National,2017-18,0.0,2,10,0,1,2,2,5,2,0,4,2,2,14.87,3,7,0,1,4,6,1,2,0,1,2,1
Ivy Brown,,2017-18,0.72,1,2,0,1,3,3,2,0,0,3,3,0,0.0,0,3,0,3,0,0,0,1,0,0,0,0
Ivy Smith Jr,Grambling,2017-18,20.0,0,0,0,0,0,0,38,0,0,0,0,0,14.58,0,0,0,0,0,0,34,0,0,0,0,0
Ivy Smith Jr.,Grambling,2017-18,20.0,33,86,5,16,16,24,0,11,1,6,29,28,14.58,41,89,10,17,64,78,0,19,0,7,20,27
Iwin Ellis,Prairie View A&M,2017-18,20.0,9,13,0,0,3,8,6,6,3,11,36,8,14.78,19,25,0,0,3,8,3,3,5,16,19,8
Izack Hively,,2017-18,0.0,0,0,0,0,0,0,0,0,0,1,0,0,14.28,0,0,0,0,0,0,1,0,0,0,0,1
Izaiah Brockington,St. Bonaventure,2017-18,20.0,29,60,12,28,13,20,16,8,2,4,18,10,14.9,19,49,9,22,8,17,13,5,2,4,14,4
Izayah Mauriohoohoo-Le'Afa,Sacramento State,2017-18,20.0,43,109,20,59,10,13,36,16,1,1,42,32,20.0,25,70,14,35,12,17,45,12,2,5,32,13
Iziah James,Cal Poly,2017-18,20.0,4,14,2,8,1,2,2,2,0,1,6,6,17.75,4,13,2,4,4,4,6,3,0,1,2,3
Iziah Sherman-Newsome,Simon Fraser,2017-18,20.0,2,3,2,3,0,0,0,0,1,0,0,0,17.22,1,4,0,1,1,4,0,0,0,1,1,0
Iziahiah Sweeney,Northwestern State,2017-18,20.0,51,133,6,39,16,24,24,14,5,10,31,28,14.62,60,140,15,40,27,39,11,10,2,21,30,27
J Murrell,Shawnee State,2017-18,20.0,0,1,0,1,0,0,1,0,0,1,0,1,14.82,0,1,0,1,0,0,0,1,0,0,2,1
J'Breun Sprinkle,Arkansas-Pine Bluff,2017-18,20.0,1,2,0,0,0,0,1,0,0,0,1,0,14.65,1,2,1,1,0,0,0,1,0,0,0,0
J.C. Show,Binghamton,2017-18,20.0,65,160,29,82,11,11,0,16,1,8,30,22,17.58,66,181,37,109,47,56,0,21,0,8,55,32
J.D. Paige,Colorado State,2017-18,20.0,39,116,15,58,9,13,0,14,6,6,26,22,20.0,43,113,18,51,25,31,0,11,0,10,23,33
J.D. Slajchert,UC Santa Barbara,2017-18,0.0,0,0,0,0,0,0,0,0,0,0,0,0,14.75,0,2,0,1,1,2,0,1,0,1,1,3
J.J. Culver,Wayland Baptist University,2017-18,20.0,1,4,0,2,0,0,0,1,0,0,3,4,14.82,2,5,0,0,1,2,0,0,0,1,1,0
J.P. Macura,Xavier,2017-18,20.0,77,167,30,79,51,58,41,27,5,16,62,36,14.7,67,131,19,49,39,52,34,21,8,27,42,30
J.P. Moorman II,Temple,2017-18,20.0,14,35,7,14,6,7,4,8,1,15,33,9,20.0,14,34,2,16,8,10,4,7,3,10,24,6
J.R. Lynch,Hartford,2017-18,19.17,80,169,29,74,25,29,0,22,2,6,58,37,20.0,49,132,12,44,49,62,0,20,0,4,55,28
J.T. Escobar,North Florida,2017-18,20.0,62,154,43,116,4,5,0,13,1,6,28,25,14.63,58,110,43,86,25,27,0,9,1,3,22,28
J.T. Miller,Missouri State,2017-18,20.0,42,87,5,17,14,20,0,6,5,7,37,23,14.55,38,90,4,12,13,21,0,5,2,12,32,22
J.T. Trauber,,2017-18,0.0,0,0,0,0,0,0,0,0,0,0,1,0,0.0,0,0,0,0,0,0,0,0,0,0,0,0
JC Cavin,,2017-18,7.92,0,2,0,1,2,2,2,1,0,0,0,0,0.0,2,7,0,3,0,1,2,0,0,0,0,1
JC Show,Binghamton,2017-18,20.0,0,0,0,0,0,0,26,0,0,0,0,0,17.58,0,0,0,0,0,0,28,0,0,0,0,0
JC Younger,Presbyterian,2017-18,20.0,53,133,32,82,12,14,17,4,0,10,53,24,14.98,54,133,32,82,23,28,16,8,1,8,39,18
JD Ahlstrom,George Fox,2017-18,20.0,0,1,0,0,0,0,0,0,0,0,0,0,14.98,0,1,0,1,0,0,0,1,0,0,1,0
JD Miller,TCU,2017-18,20.0,53,114,13,36,15,25,18,8,9,20,47,17,20.0,37,78,3,18,22,33,13,10,10,18,32,16
JD Notae,Jacksonville,2017-18,20.0,67,173,18,49,14,21,25,27,6,7,51,43,14.97,68,162,23,54,45,62,22,17,7,16,32,17
JD Paige,Colorado State,2017-18,20.0,0,0,0,0,0,0,26,0,0,0,0,0,20.0,0,0,0,0,0,0,31,0,0,0,0,0
JD Wallace,,2017-18,12.7,43,66,0,0,22,38,3,21,18,35,81,19,0.0,37,50,0,1,14,24,5,5,11,37,60,10
JJ Caldwell,Texas A&M,2017-18,20.0,8,23,2,4,3,3,16,7,0,1,14,11,18.22,7,15,0,2,7,11,22,4,2,4,7,8
JP Macura,Xavier,2017-18,20.0,0,0,0,0,0,0,16,0,0,0,0,0,14.7,0,0,0,0,0,0,6,0,0,0,0,0
JP Moorman II,Temple,2017-18,20.0,0,0,0,0,0,0,5,0,0,0,0,0,20.0,0,0,0,0,0,0,5,0,0,0,0,0
JR Lynch,Hartford,2017-18,17.62,0,0,0,0,0,0,50,0,0,0,0,0,20.0,0,0,0,0,0,0,49,0,0,0,0,0
JR Mathis,Navy,2017-18,20.0,0,1,0,0,0,0,0,0,0,0,0,0,14.9,2,3,1,2,0,0,1,0,0,0,0,1
JT Escobar,North Florida,2017-18,0.0,0,0,0,0,0,0,16,0,0,0,0,0,17.12,0,0,0,0,0,0,16,0,0,0,0,0
JT Gibson,Omaha,2017-18,15.0,46,105,27,64,15,18,37,12,2,3,32,26,20.0,49,106,22,63,16,18,37,13,2,1,23,20
JT Miller,Missouri State,2017-18,20.0,0,0,0,0,0,0,21,0,0,0,0,0,14.55,0,0,0,0,0,0,14,0,0,0,0,0
Ja Morant,Murray State,2017-18,20.0,66,147,15,49,41,51,95,17,4,21,68,38,14.88,57,115,11,33,55,70,85,10,6,22,66,39
Ja'Cor Nelson,Campbell,2017-18,20.0,8,22,0,3,5,11,5,6,6,4,5,14,14.98,8,15,0,0,3,6,2,3,0,5,14,7
Ja'Quan Newton,Miami,2017-18,20.0,45,110,2,8,18,34,39,11,1,6,28,30,14.77,56,116,4,13,34,49,42,13,1,6,24,26
JaBarie Escoffery,Mobile,2017-18,20.0,5,6,0,1,0,0,0,1,0,2,1,1,17.9,1,3,0,1,0,0,0,0,0,0,0,1
JaColby Pemberton,Louisiana Tech,2017-18,20.0,14,25,0,4,9,14,10,4,1,9,11,11,14.87,6,13,2,3,6,12,6,3,1,5,17,5
JaKeenan Gant,Louisiana,2017-18,20.0,68,137,13,44,24,34,9,13,37,29,50,23,18.53,85,134,15,37,27,41,16,5,26,33,52,14
JaMarquis Johnson,Brevard College,2017-18,20.0,3,8,1,5,0,0,2,1,0,0,4,2,16.65,1,2,1,2,0,0,0,0,0,0,0,1
JaMyri Evans,Carver Bible College,2017-18,0.0,0,0,0,0,0,0,0,0,0,0,0,0,14.93,0,2,0,2,0,0,0,0,0,0,0,0
JaQuel Richmond,UNC Wilmington,2017-18,20.0,6,17,1,5,0,0,1,1,0,1,3,2,20.0,5,14,2,5,3,6,7,0,0,0,3,4
JaShaun Smith,Longwood,2017-18,20.0,29,70,13,33,12,22,5,10,9,5,20,20,17.98,31,73,12,32,14,25,5,7,10,11,12,11
JaVoris Cooks,Thomas (GA),2017-18,20.0,2,7,1,5,1,2,1,0,0,0,5,1,14.92,2,6,0,2,0,0,1,0,0,0,0,0
Jaaron Simmons,Michigan,2017-18,20.0,11,25,4,9,5,9,19,2,0,2,11,13,17.12,7,17,2,7,7,9,9,0,0,1,5,6
Jabari Craig,East Carolina,2017-18,20.0,22,59,0,0,6,11,6,2,7,21,38,14,14.93,23,52,0,1,22,41,4,2,16,26,45,19
Jabbar Singleton,SE Louisiana,2017-18,20.0,22,63,16,42,15,20,28,10,0,2,17,17,14.88,24,60,14,40,12,20,31,13,0,3,12,13
JacQuess Hobbs,Eastern Kentucky,2017-18,20.0,20,69,7,26,7,10,34,13,0,6,29,14,20.0,22,61,5,22,20,25,38,15,0,6,17,14
Jacara Cross,Jacksonville State,2017-18,20.0,10,26,0,0,5,11,3,3,1,8,18,10,14.68,10,17,0,0,5,6,4,3,4,6,9,7
Jacari Randolph,,2017-18,0.0,0,0,0,0,0,0,0,0,0,0,0,0,0.0,0,0,0,0,0,0,0,0,0,0,0,1
Jace Allard,Jamestown,2017-18,0.0,0,0,0,0,0,0,0,0,0,0,0,0,14.83,0,1,0,1,0,0,0,0,0,0,0,0
Jace Hogan,Jacksonville,2017-18,15.0,86,163,2,4,20,30,18,12,10,21,45,18,20.0,71,148,1,3,37,56,8,8,2,32,42,25
Jace Kerr,Panhandle State,2017-18,20.0,8,17,1,3,2,2,0,1,1,0,6,3,14.92,4,7,1,1,0,0,2,1,0,1,0,1
Jachai Simmons,New Mexico,2017-18,20.0,16,46,7,25,4,7,8,6,1,7,12,7,14.98,12,24,4,10,0,1,9,11,5,6,12,7
Jachai Taylor,Murray State,2017-18,0.0,0,3,0,2,0,0,0,0,1,0,1,0,14.88,2,8,2,5,0,2,0,1,0,1,5,2
Jack Adams III,Pacific Lutheran,2017-18,20.0,0,1,0,1,0,0,0,0,0,0,0,0,14.83,1,1,0,0,0,0,0,0,0,0,0,0
Jack Anton,Elon,2017-18,0.0,2,3,0,1,1,3,0,0,0,0,4,0,14.87,1,2,0,0,3,4,1,0,0,2,1,0
Jack Ballantyne,Detroit Mercy,2017-18,20.0,10,34,6,25,7,8,8,2,0,4,18,12,15.68,6,17,3,10,2,2,8,0,1,2,15,4
Jack Beach,,2017-18,0.0,0,0,0,0,0,0,0,0,0,0,0,0,0.0,0,0,0,0,0,0,0,1,0,0,0,0
Jack Dale,Emporia State,2017-18,20.0,1,2,0,0,0,0,0,1,0,0,0,1,20.0,0,0,0,0,0,0,1,0,0,0,1,0
Jack Engleman,Cincinnati Clermont,2017-18,20.0,1,4,0,1,0,0,0,0,0,0,2,1,14.62,1,2,1,2,1,2,3,0,0,1,2,1
Jack Ferguson,Colgate,2017-18,20.0,23,64,17,51,13,16,9,6,1,2,13,4,20.0,13,40,12,36,7,11,7,5,1,2,3,2
Jack George,,2017-18,0.0,0,0,0,0,0,0,0,0,0,0,1,0,0.0,0,0,0,0,0,0,0,0,0,0,0,0
Jack Gordon,Cornell,2017-18,20.0,38,66,26,46,12,17,29,10,0,11,22,27,14.93,22,57,13,42,10,17,20,2,1,5,25,20
Jack Granger,,2017-18,0.0,0,0,0,0,0,0,0,0,0,0,1,0,0.0,0,0,0,0,0,0,0,0,0,0,0,0
Jack Greer,Washington College (MD),2017-18,20.0,0,2,0,1,0,0,0,0,0,0,0,1,14.9,1,4,0,3,0,0,1,0,0,0,0,1
Jack Hobbs,Hartford,2017-18,15.7,12,52,10,45,4,5,9,9,5,5,34,13,20.0,25,63,15,49,5,8,5,7,5,13,36,8
Jack Kelsheimer,Notre Dame College,2017-18,20.0,0,3,0,3,0,0,0,0,0,0,1,1,14.8,1,3,0,1,2,3,1,1,0,0,1,4
Jack Lake,Fontbonne College,2017-18,20.0,0,2,0,0,0,0,0,0,0,0,1,1,14.88,1,1,0,0,0,0,0,0,0,0,0,0
Jack Macdonald,Alaska Anchorage,2017-18,20.0,0,2,0,1,0,0,2,0,0,0,4,1,17.85,2,3,1,2,0,0,0,0,0,0,0,2
Jack McVeigh,Nebraska,2017-18,0.0,5,13,2,6,0,0,0,0,0,3,2,2,20.0,2,10,1,8,1,1,1,3,2,1,5,3
Jack Morrissey,Spring Hill,2017-18,20.0,1,4,1,3,0,0,1,0,0,1,0,0,14.93,2,5,2,5,0,0,2,0,0,0,0,0
Jack Nunge,Iowa,2017-18,20.0,30,66,9,26,14,17,14,15,12,13,34,21,14.93,29,70,9,28,21,28,17,5,11,19,16,10
Jack Perry,Eastern Washington,2017-18,20.0,43,87,27,61,3,5,43,9,0,2,39,22,15.25,32,79,22,54,9,10,32,3,0,6,18,25
Jack Purchase,Hawai'i,2017-18,20.0,36,95,23,69,6,8,37,6,7,15,64,17,20.0,30,88,18,66,15,23,19,5,7,6,54,13
Jack Salt,Virginia,2017-18,20.0,26,51,0,0,4,17,5,7,13,34,45,13,18.35,26,30,0,0,7,15,4,4,9,16,44,8
Jack Stensgard,South Dakota,2017-18,0.0,0,0,0,0,0,0,0,0,0,0,0,0,14.67,2,5,2,2,0,0,1,1,0,0,2,0
Jack Talley,Jamestown,2017-18,0.0,0,0,0,0,0,0,0,0,0,0,0,0,14.83,1,3,0,1,0,0,0,0,0,0,0,0
Jack Tempchin,George Mason,2017-18,0.0,0,0,0,0,0,0,0,0,0,0,0,0,20.0,0,0,0,0,1,2,0,0,0,0,0,0
Jack Turnbull,Mayville State,2017-18,20.0,0,5,0,3,0,0,2,0,0,0,0,0,14.92,1,6,1,3,0,0,1,0,0,0,1,1
Jack Westerfield,Dayton,2017-18,0.0,0,0,0,0,0,0,0,0,0,1,0,0,17.9,1,3,1,2,0,0,0,1,0,0,1,0
Jack White,Duke,2017-18,20.0,4,11,1,8,0,0,2,5,2,4,6,1,14.73,2,5,1,3,0,0,1,2,2,3,16,1
Jack Williams,Pacific,2017-18,20.0,49,130,22,64,12,23,17,3,6,22,72,13,20.0,41,97,15,45,20,26,5,6,3,21,57,15
Jackson Charles,,2017-18,0.93,2,6,1,3,1,3,0,1,0,0,1,0,0.0,0,1,0,1,0,0,0,0,0,0,1,1
Jackson Davis,Eastern Kentucky,2017-18,20.0,29,65,1,8,15,20,2,10,2,14,37,14,20.0,15,33,3,9,13,15,5,5,4,9,13,5
Jackson Donahue,Pennsylvania,2017-18,20.0,7,27,7,23,3,5,5,2,0,2,9,2,20.0,13,27,9,19,0,3,4,2,0,2,5,5
Jackson Gion,Sonoma State,2017-18,20.0,3,5,1,3,0,0,0,0,0,0,2,0,14.9,1,2,1,1,0,0,0,0,0,0,1,1
Jackson Januik,George Fox,2017-18,20.0,0,1,0,1,0,0,1,0,0,1,1,1,14.98,0,1,0,1,0,0,0,1,0,0,0,0
Jackson Rowe,CSU Fullerton,2017-18,20.0,53,100,14,37,23,29,24,12,11,12,72,38,14.88,71,119,9,20,47,59,25,14,19,28,79,24
Jackson State,,2017-18,0.0,0,0,0,0,0,0,0,0,0,17,9,4,0.0,0,0,0,0,0,0,0,0,0,20,8,1
Jackson Whitley,Methodist,2017-18,20.0,6,8,0,1,0,0,0,2,0,2,1,1,14.78,2,4,0,1,2,3,1,0,1,2,2,0
Jacksonville,,2017-18,0.0,0,0,0,0,0,0,0,0,0,15,16,9,0.0,0,0,0,0,0,0,0,0,0,12,19,8
Jacksonville State,,2017-18,0.0,0,0,0,0,0,0,0,0,0,19,24,8,0.0,0,0,0,0,0,0,0,0,0,17,20,10
Jacob Aruta,Whittier,2017-18,20.0,1,1,0,0,0,0,0,0,0,0,0,1,14.93,0,1,0,0,0,0,0,0,0,0,1,0
Jacob Bonnington,McNeese,2017-18,20.0,0,1,0,0,0,0,0,0,0,0,0,0,14.97,0,0,0,0,0,0,0,0,0,0,0,0
Jacob Bowman,Antelope Valley,2017-18,20.0,0,1,0,0,0,0,1,1,0,0,1,0,14.95,0,0,0,0,0,0,0,0,0,0,1,1
Jacob Broussard,Louisiana,2017-18,19.98,1,4,1,4,0,0,0,0,0,0,0,0,14.6,0,0,0,0,2,2,0,0,0,0,0,0
Jacob Brown,Youngstown St,2017-18,20.0,1,2,0,1,0,0,0,0,0,1,0,0,16.02,1,5,1,4,0,1,0,1,1,0,6,1
Jacob Brummett,Life Pacific,2017-18,20.0,2,6,0,0,2,4,0,0,1,0,1,0,16.72,2,2,0,0,0,1,0,1,1,0,3,0
Jacob Calloway,Southern Utah,2017-18,20.0,21,64,12,36,18,22,8,7,4,15,40,11,14.88,19,56,11,33,8,12,13,5,3,14,25,9
Jacob Cook,Columbia International,2017-18,20.0,0,1,0,0,0,0,0,0,0,0,0,0,14.77,0,0,0,0,0,0,0,0,0,0,0,0
Jacob Cushing,Delaware,2017-18,20.0,17,40,6,23,2,3,6,1,2,2,19,8,19.13,10,32,7,23,4,4,2,3,0,4,19,5
Jacob Davison,Eastern Washington,2017-18,19.98,39,84,16,37,20,26,9,12,6,11,38,14,20.0,24,53,8,21,21,26,8,12,1,6,21,13
Jacob Eaton,Mayville State,2017-18,0.0,0,0,0,0,0,0,0,0,0,0,0,0,14.7,1,3,0,1,0,0,0,0,0,0,2,0
Jacob Epperson,Creighton,2017-18,20.0,10,17,1,1,0,2,2,2,5,0,12,2,20.0,6,9,0,0,1,4,0,0,3,3,7,4
Jacob Evans,Cincinnati,2017-18,20.0,80,190,29,74,37,49,63,28,17,23,61,33,14.97,79,180,29,84,42,58,47,20,17,27,57,32
Jacob Gilyard,Richmond,2017-18,20.0,54,119,22,64,15,17,60,36,0,6,25,25,19.13,63,137,31,71,29,38,58,52,1,7,26,25
Jacob Grandison,Holy Cross,2017-18,20.0,45,96,18,52,11,16,31,10,1,10,52,25,20.0,49,105,19,56,29,38,23,11,2,11,53,26
Jacob Guest,Northwestern State,2017-18,20.0,6,22,3,16,0,0,1,3,1,0,8,6,14.62,3,16,3,11,2,2,1,0,0,0,1,2
Jacob Holland,New Mexico Highlands,2017-18,20.0,3,10,1,4,0,0,0,0,0,1,1,0,16.72,3,7,0,1,0,0,1,0,0,0,1,0
Jacob Jennings,Louisiana College,2017-18,20.0,0,2,0,1,0,0,2,0,0,0,0,0,14.82,0,0,0,0,0,0,0,0,0,0,0,0
Jacob Joubert,Detroit Mercy,2017-18,0.0,0,0,0,0,0,0,1,1,0,0,0,1,14.97,0,1,0,1,0,0,1,0,0,0,0,2
Jacob Kessler,Army,2017-18,20.0,31,72,5,26,4,8,26,5,6,28,31,15,20.0,22,51,3,23,19,24,20,13,4,15,37,10
Jacob Kouremetis,Texas Lutheran,2017-18,20.0,0,2,0,2,0,0,0,0,0,0,0,1,14.75,0,0,0,0,0,0,2,0,0,0,0,0
Jacob Lampkin,Alaska Anchorage,2017-18,20.0,7,15,0,1,2,2,3,1,3,1,6,2,17.85,9,18,0,0,1,3,3,0,2,4,6,1
Jacob Larsen,Gonzaga,2017-18,20.0,12,20,0,0,15,21,5,1,5,12,28,16,14.87,12,18,0,0,3,7,10,2,7,11,16,5
Jacob Ledoux,McNeese,2017-18,20.0,28,72,7,24,17,23,18,10,1,4,28,26,16.13,38,79,11,32,27,38,26,14,0,6,25,15
Jacob Mast,Antelope Valley,2017-18,20.0,1,1,0,0,0,0,0,0,0,1,1,1,14.95,1,5,0,1,0,0,0,0,0,0,0,0
Jacob McCord,Idaho State,2017-18,20.0,12,28,2,5,3,6,3,2,0,11,14,11,17.0,7,15,0,3,7,10,1,2,1,3,11,6
Jacob Miller,,2017-18,0.0,0,0,0,0,0,0,0,0,0,0,0,0,0.0,0,0,0,0,0,0,0,0,0,0,0,1
Jacob Perkins,Black Hills State,2017-18,0.0,0,0,0,0,0,0,0,0,0,0,0,0,14.77,0,1,0,0,0,0,0,0,0,1,0,1
Jacob Redding,,2017-18,0.0,0,0,0,0,0,0,0,0,0,0,0,0,0.0,0,0,0,0,0,0,0,0,0,0,1,0
Jacob Ries,Emerson College,2017-18,0.0,0,0,0,0,0,0,0,0,0,0,0,0,14.52,0,2,0,2,0,0,1,0,0,0,1,0
Jacob Rigoni,Quinnipiac,2017-18,20.0,53,107,35,76,11,13,14,9,5,11,42,27,20.0,40,90,29,63,20,25,20,7,4,8,44,11
Jacob Roark,Florida College,2017-18,20.0,3,11,2,8,0,0,1,3,0,0,3,3,14.88,2,6,2,5,0,0,2,1,0,0,3,4
Jacob Rodriguez,Oneonta State,2017-18,20.0,0,1,0,1,1,2,0,0,0,1,1,0,15.07,0,0,0,0,0,0,0,0,0,0,0,0
Jacob Siewert,,2017-18,0.0,0,0,0,0,0,0,0,1,0,0,1,3,0.0,0,0,0,0,0,0,0,0,0,0,0,0
Jacob Smith,South Wesleyan,2017-18,20.0,2,3,1,1,0,0,2,0,0,0,0,1,14.97,0,0,0,0,0,0,1,0,0,0,2,1
Jacob Sutton,Pittsburgh-Bradford,2017-18,0.0,0,0,0,0,0,0,0,0,0,0,0,0,14.82,0,1,0,0,0,0,0,0,0,1,0,0
Jacob Van,Air Force,2017-18,20.0,17,59,12,37,11,13,18,13,1,1,17,17,20.0,19,44,10,22,31,34,13,1,0,2,13,10
Jacob Vargas,Walla Walla University,2017-18,20.0,1,5,0,1,2,5,2,0,0,0,4,2,15.25,3,6,2,3,0,0,0,0,0,1,1,1
Jacob Walsh,Susquehanna University,2017-18,20.0,3,6,1,1,2,4,0,0,0,1,0,1,20.0,0,0,0,0,0,0,0,0,0,0,0,1
Jacob Wetzel,Providence (MT),2017-18,0.0,0,0,0,0,0,0,0,0,0,0,1,0,14.9,0,0,0,0,0,1,0,0,0,0,1,0
Jacob Wiley,UIC,2017-18,15.0,6,18,1,3,1,7,3,3,2,5,13,7,20.0,8,12,0,2,3,6,2,2,3,2,9,4
Jacob Williams,Trevecca Nazarene,2017-18,0.0,0,0,0,0,0,0,0,0,0,0,0,0,14.55,0,2,0,1,0,0,0,0,0,0,0,0
Jacob Young,Texas,2017-18,20.0,28,76,9,38,6,8,12,11,1,4,15,11,14.62,33,77,15,43,5,10,8,8,0,2,27,6
Jacobi Boykins,Louisiana Tech,2017-18,20.0,68,151,43,102,39,42,21,19,4,8,80,20,14.87,61,158,43,122,54,60,20,12,7,8,48,14
Jacoby Armstrong,New Hampshire,2017-18,20.0,35,72,7,19,15,21,21,4,2,21,31,17,14.75,28,60,2,13,23,31,12,4,5,23,39,14
Jacoby Carter,Miles,2017-18,20.0,0,1,0,1,0,0,0,0,0,0,0,0,14.85,0,0,0,0,0,0,0,0,0,0,0,0
Jacoby Ross,Alabama State,2017-18,20.0,19,47,12,27,0,0,8,4,0,3,8,11,14.78,21,60,7,27,20,26,12,2,0,2,9,6
Jacolby Poindexter,Barclay College,2017-18,20.0,1,1,0,0,0,0,1,2,0,0,1,0,14.93,3,3,1,1,1,1,0,0,0,0,1,1
Jacorian Miller,Texas College,2017-18,20.0,2,3,2,3,0,0,1,1,0,0,0,0,17.62,0,0,0,0,0,0,0,0,0,1,0,0
Jacque Brown,UNC Wilmington,2017-18,20.0,12,36,3,10,2,3,21,7,0,3,8,11,14.68,11,29,3,9,5,10,7,5,0,1,5,9
Jacquez Coleman,Louisiana College,2017-18,20.0,0,5,0,4,0,2,0,0,0,0,2,1,14.82,2,6,2,6,0,0,0,0,0,0,1,2
Jacquil Taylor,Purdue,2017-18,0.0,2,6,0,0,0,0,0,1,0,2,4,1,14.87,4,8,1,2,2,4,0,1,2,2,5,0
Jade Spencer,Staten Island,2017-18,20.0,0,4,0,0,0,0,0,1,3,1,2,0,14.95,1,1,0,0,0,0,0,0,1,0,0,0
Jade' Smith,,2017-18,4.2,15,50,0,10,4,11,12,6,3,8,20,8,0.0,20,40,1,9,10,13,11,9,2,7,17,11
Jaden Sayles,Akron,2017-18,0.0,18,25,0,0,16,21,3,0,2,6,16,9,20.0,8,16,0,0,11,16,1,1,2,1,5,4
Jadon Cohee,Southern Utah,2017-18,20.0,57,154,27,67,29,37,49,7,1,1,37,32,14.88,57,133,15,44,53,70,36,5,1,1,34,23
Jae'Sean Tate,Ohio State,2017-18,20.0,86,150,8,17,26,40,48,17,10,19,86,35,14.95,76,140,3,17,35,63,39,17,9,23,72,33
Jaecee Martin,Sacred Heart,2017-18,20.0,0,1,0,0,0,2,0,1,0,0,2,4,20.0,0,0,0,0,0,0,0,1,0,0,0,0
Jaedon Whitfield,Panhandle State,2017-18,20.0,1,8,1,2,1,3,0,1,0,1,3,2,14.92,5,7,1,3,0,0,0,1,0,2,2,1
Jaekwon Carliyle,Hampton,2017-18,20.0,2,6,0,0,0,0,1,1,0,2,3,1,15.2,0,2,0,1,3,5,1,1,0,0,2,2
Jaekwon Carlyle,Hampton,2017-18,20.0,0,4,0,1,0,0,3,1,0,0,0,3,20.0,0,1,0,1,2,2,3,0,0,0,0,2
Jaelan Sanford,Toledo,2017-18,20.0,86,190,35,80,17,20,49,8,9,7,41,31,18.67,90,195,31,82,81,95,41,9,8,13,50,27
Jaelen Ogadhoh,,2017-18,0.0,0,0,0,0,0,0,0,0,0,0,0,0,0.0,0,0,0,0,0,0,0,0,0,0,0,1
Jaelin Thomas,Mid-Atlantic Christian University,2017-18,20.0,4,5,3,4,1,1,1,0,0,0,1,2,14.7,5,14,4,10,0,0,1,0,0,0,2,1
Jaevin Cumberland,Oakland,2017-18,0.0,1,5,0,2,1,2,3,1,0,3,3,1,17.45,0,4,0,2,0,1,2,1,0,0,2,2
Jafar Kinsey,North Dakota,2017-18,20.0,6,24,2,12,2,6,4,2,0,3,5,4,20.0,5,19,1,12,4,8,3,2,0,4,6,7
Jagan Mosely,Georgetown,2017-18,20.0,36,68,7,19,21,34,39,12,1,4,35,32,15.8,26,63,5,13,19,27,42,11,3,4,32,26
Jagos Lasic,St. Francis (BKN),2017-18,20.0,27,59,9,19,16,19,14,17,3,18,25,15,20.0,19,45,7,23,5,6,5,7,2,13,28,13
Jahaad Proctor,High Point,2017-18,20.0,59,140,28,62,20,24,25,12,3,4,35,22,14.88,64,144,22,63,36,45,34,8,4,12,28,29
Jahad Thomas,UMass Lowell,2017-18,20.0,79,177,8,22,52,72,42,28,3,32,67,38,20.0,97,177,7,17,72,103,43,14,5,28,72,39
Jaheam Cornwall,Gardner-Webb,2017-18,20.0,34,71,24,48,8,10,36,9,0,4,31,23,14.77,33,77,17,43,11,14,25,13,0,5,23,15
Jahir Cabeza,Savannah St,2017-18,20.0,27,64,11,34,7,13,13,6,16,15,25,10,14.97,21,51,8,29,11,15,6,6,5,12,19,8
Jahkeal Samuel,Florida College,2017-18,20.0,2,6,1,3,0,0,0,0,0,0,2,1,14.88,0,5,0,4,0,0,1,0,1,0,1,1
Jahleel Gabriel,Lyndon State College,2017-18,20.0,1,1,1,1,0,0,0,0,0,1,1,2,14.82,0,0,0,0,0,0,1,1,0,0,0,1
Jahleem Montague,Longwood,2017-18,20.0,9,29,0,1,2,4,4,4,6,9,18,14,17.98,7,14,0,1,2,3,6,3,5,6,7,5
Jahlil Jenkins,Fairleigh Dickinson,2017-18,20.0,64,143,12,47,14,20,68,19,1,5,33,41,14.97,63,142,21,55,52,75,61,18,0,5,38,28
Jahlil Tripp,Pacific,2017-18,20.0,47,119,8,29,23,34,70,17,1,36,74,41,20.0,58,131,7,20,44,67,62,28,2,38,78,40
Jahlin Smith,Savannah St,2017-18,20.0,7,16,0,7,1,1,0,3,0,3,11,6,14.97,3,7,0,1,1,3,1,1,0,2,3,3
Jahmai White,Concordia College (AL),2017-18,20.0,0,1,0,0,0,0,0,0,0,1,0,0,14.92,0,0,0,0,0,0,0,0,0,0,0,0
Jahmal McMurray,SMU,2017-18,20.0,56,129,26,67,10,13,17,7,1,6,19,17,14.85,49,126,29,74,19,22,16,8,0,9,22,20
Jahmel Taylor,Fresno State,2017-18,20.0,36,102,29,79,13,17,32,14,0,5,46,14,14.8,47,103,33,74,11,15,28,7,3,7,40,13
Jahmouri Robinson,,2017-18,1.12,2,4,0,1,0,1,1,1,0,0,0,2,0.0,5,5,0,0,0,2,1,0,0,0,0,1
Jahshire Hardnett,BYU,2017-18,20.0,41,83,11,30,15,18,38,14,0,6,36,25,14.72,23,61,2,11,27,33,29,8,2,4,38,24
Jahvaughn Powell,Nicholls,2017-18,20.0,48,126,28,83,10,13,42,37,0,5,47,30,20.0,53,122,35,88,11,14,35,35,0,5,28,28
Jahvon Blair,Georgetown,2017-18,20.0,35,103,20,60,18,23,24,5,0,9,19,20,15.8,39,118,26,78,38,42,21,3,0,13,17,20
Jai Williams,Saint Joseph's,2017-18,15.0,3,6,0,0,3,4,0,0,2,0,2,1,20.0,2,3,0,0,0,1,0,0,0,2,1,0
Jailan Haslem,Charlotte,2017-18,20.0,34,62,0,0,13,24,5,2,6,36,36,14,14.78,16,24,0,0,12,22,3,1,5,18,24,9
Jailen Gill,UT Martin,2017-18,15.0,34,59,0,0,8,9,9,8,11,22,38,16,20.0,30,45,0,0,6,11,4,4,10,16,25,14
Jailyn Ingram,Florida Atlantic,2017-18,20.0,50,133,4,12,19,28,25,6,3,18,56,32,20.0,49,110,4,17,24,36,18,9,6,13,30,37
Jair Bolden,George Washington,2017-18,20.0,64,149,26,71,6,8,43,12,3,2,39,35,20.0,54,166,23,81,34,51,45,10,4,8,39,34
Jair Jackson,Berea,2017-18,20.0,1,3,0,1,0,0,1,0,0,0,3,0,14.72,1,3,0,0,0,0,0,0,0,0,1,1
Jaire Grayer,George Mason,2017-18,20.0,73,178,35,98,14,17,18,20,11,24,85,29,20.0,57,140,25,70,23,33,17,18,12,28,75,15
Jairus Lyles,UMBC,2017-18,20.0,99,229,37,96,59,73,58,29,1,11,74,51,20.0,109,237,33,80,65,85,49,34,3,12,69,42
Jairus Stevens,,2017-18,6.1,8,17,1,7,3,3,1,1,0,2,6,0,0.0,3,10,0,1,5,5,1,1,0,6,2,4
Jaizec Lottie,Little Rock,2017-18,20.0,37,97,8,31,29,51,38,14,1,8,32,30,20.0,33,96,9,34,17,29,44,15,0,3,30,34
Jajuan Starks,Eastern Illinois,2017-18,20.0,55,123,9,26,27,42,16,11,11,33,36,31,20.0,47,118,5,23,23,39,10,5,3,20,35,19
Jakari Bush,Thomas (GA),2017-18,20.0,0,0,0,0,0,0,3,0,0,0,0,0,14.92,0,1,0,0,0,0,1,0,0,0,2,5
Jake Allen,Alice Lloyd College,2017-18,20.0,2,4,0,0,0,0,0,1,1,0,1,2,14.98,0,4,0,1,0,0,0,0,0,0,0,0
Jake Allsmiller,Georgia Southern,2017-18,20.0,42,119,41,113,8,11,12,5,5,3,18,7,20.0,38,105,33,96,7,10,6,4,1,5,21,6
Jake Blaylock,,2017-18,9.32,0,0,0,0,0,0,1,0,0,0,0,0,0.0,0,1,0,0,0,0,0,0,0,0,0,1
Jake Connor,Utah,2017-18,0.0,0,3,0,3,0,0,0,0,1,0,0,0,15.15,1,7,1,7,0,2,0,0,0,0,1,0
Jake Dadika,Rutgers,2017-18,20.0,1,3,1,2,0,0,1,0,0,0,1,2,14.85,2,4,0,2,2,4,3,1,0,0,2,0
Jake Divens,Franciscan University,2017-18,20.0,0,1,0,1,0,0,2,0,0,0,1,1,14.95,0,1,0,1,0,0,2,0,0,0,1,2
Jake Dunbar,Northland College,2017-18,0.0,0,0,0,0,0,0,0,0,0,0,0,0,14.97,1,3,1,3,0,0,0,0,0,0,0,1
Jake Flaggert,UTEP,2017-18,20.0,3,14,3,12,5,6,12,1,0,1,10,4,20.0,4,12,4,12,5,6,5,1,1,2,12,2
Jake Haar,Gordon College,2017-18,20.0,0,1,0,1,0,0,1,0,0,0,1,2,17.7,0,1,0,1,0,0,2,0,0,0,2,0
Jake Hart,Gordon College,2017-18,0.0,0,0,0,0,0,0,0,0,0,0,1,1,17.7,0,1,0,0,0,0,1,0,0,0,1,0
Jake Hartke,St. Mary's (MN),2017-18,0.0,0,0,0,0,0,0,0,0,0,0,0,0,14.75,0,2,0,1,0,0,0,0,0,0,0,0
Jake Holtzmann,Denver,2017-18,0.0,13,28,10,19,4,6,11,2,1,6,15,9,17.6,12,38,8,27,14,15,10,2,0,1,12,14
Jake Hornick,Concordia College (NE),2017-18,20.0,1,3,0,2,0,0,1,0,0,0,2,1,14.77,2,3,2,3,0,0,1,0,0,0,2,0
Jake Killingsworth,Columbia,2017-18,20.0,1,3,0,2,0,0,0,0,0,1,2,1,17.97,3,3,3,3,0,0,0,0,0,1,0,1
Jake Krafka,Denver,2017-18,20.0,25,60,7,22,16,24,30,3,3,16,66,21,15.7,21,53,7,24,23,34,25,2,6,18,50,12
Jake Kuhn,Cornell,2017-18,0.0,3,9,1,5,0,0,2,0,0,1,4,2,14.93,5,8,3,6,1,3,1,0,0,2,1,2
Jake Lindsey,Baylor,2017-18,20.0,22,57,3,18,7,9,53,15,6,6,33,20,14.92,28,54,8,20,7,16,44,15,6,7,38,19
Jake Logsdon,Midway,2017-18,20.0,0,1,0,1,0,0,1,0,0,1,0,0,14.92,1,1,0,0,0,0,0,0,0,0,0,0
Jake Miles,Montana Tech,2017-18,20.0,3,8,2,6,0,0,0,1,0,0,1,2,14.7,1,2,1,2,0,0,0,0,0,0,2,0
Jake Montgomery,St. Leo,2017-18,20.0,1,2,0,1,0,0,0,0,1,0,1,0,17.95,0,0,0,0,0,0,0,0,0,0,0,1
Jake Moore,,2017-18,0.0,0,0,0,0,0,0,0,0,0,0,0,0,0.0,0,0,0,0,0,0,0,0,1,1,0,0
Jake Ohmer,Western Kentucky,2017-18,20.0,28,79,17,51,11,17,16,12,0,4,16,10,20.0,21,62,8,35,22,26,12,7,0,6,9,9
Jake Pemberton,Denver,2017-18,20.0,56,124,28,61,11,13,37,17,2,3,42,25,15.7,45,93,20,45,17,22,35,12,1,4,35,27
Jake Reinhart,Lewis,2017-18,20.0,0,1,0,1,0,0,0,0,0,0,1,1,14.77,1,4,0,2,1,2,0,0,0,1,0,0
Jake Scoggins,Arkansas State,2017-18,20.0,5,12,0,0,2,6,2,2,1,4,13,5,16.88,5,9,0,0,0,2,1,1,0,2,6,3
Jake Silpe,Pennsylvania,2017-18,0.0,1,12,0,7,0,1,9,3,0,0,8,1,14.73,11,17,6,10,3,7,4,2,0,1,5,1
Jake Sinicki,Hartwick,2017-18,20.0,0,2,0,1,0,0,0,0,1,0,0,3,14.75,0,1,0,1,0,0,0,0,0,0,1,0
Jake Skelly,Valley City State,2017-18,20.0,1,3,1,2,0,0,0,0,0,0,0,0,14.93,0,2,0,1,0,0,1,0,0,0,0,1
Jake Smith,Massachusetts-Boston,2017-18,20.0,0,0,0,0,0,0,1,0,0,0,1,1,14.9,0,1,0,0,0,0,0,0,0,0,0,0
Jake Spurgeion,,2017-18,0.0,0,0,0,0,0,0,0,0,0,0,0,0,0.0,0,0,0,0,0,0,0,0,0,0,1,0
Jake Spurgeon,Seattle,2017-18,0.0,1,10,0,8,1,2,3,0,0,1,4,4,14.78,1,6,0,4,2,2,2,0,0,2,4,0
Jake Toolson,Utah Valley,2017-18,20.0,56,126,13,41,28,32,50,9,5,13,61,30,14.83,49,90,11,30,37,46,30,9,2,9,49,15
Jake Turner,Midway,2017-18,0.0,0,0,0,0,0,0,0,0,0,0,0,0,14.92,0,0,0,0,0,0,1,0,0,0,0,0
Jake Wilcox,Western State Colorado University,2017-18,0.0,0,0,0,0,0,0,0,0,0,0,0,0,18.78,0,0,0,0,4,4,0,0,0,0,1,0
Jake Wilson,Appalachian State,2017-18,20.0,6,10,0,0,5,9,3,2,6,12,17,7,14.87,3,6,0,0,4,10,0,1,1,6,13,5
Jake Wright,Miami (OH),2017-18,20.0,28,57,28,55,3,4,6,3,0,1,16,2,20.0,24,63,19,55,6,8,3,7,1,0,13,5
Jakob Bailey,St. Mary's (MN),2017-18,20.0,2,4,0,1,0,0,0,0,0,0,1,0,14.75,0,1,0,1,0,0,1,0,0,0,2,2
Jakob Bergen,Brevard College,2017-18,20.0,0,2,0,2,0,0,1,0,0,0,1,1,16.65,0,1,0,0,0,0,1,0,0,0,0,1
Jakolby Long,Iowa State,2017-18,20.0,10,19,7,11,2,4,6,2,0,2,12,4,17.85,3,18,1,8,2,4,2,2,0,3,9,3
Jakub Jokl,Utah,2017-18,0.0,0,0,0,0,0,0,0,0,1,1,1,2,17.98,1,1,0,0,0,0,0,0,1,1,1,0
Jakub Mijakowski,Pennsylvania,2017-18,20.0,0,4,0,3,0,0,1,1,0,0,2,1,14.97,3,7,2,6,0,0,0,0,0,2,2,0
Jakub Niziol,Cal Poly,2017-18,20.0,15,55,11,46,6,6,5,3,3,1,15,9,17.75,18,44,15,35,6,9,9,3,3,4,16,2
Jakub Petras,Stony Brook,2017-18,20.0,28,58,1,1,6,10,10,8,6,19,22,7,17.95,29,51,0,0,15,31,4,5,8,22,17,16
Jalan McCloud,East Tennessee State,2017-18,20.0,67,143,16,43,21,29,51,16,6,8,39,38,15.7,70,130,14,32,40,54,51,18,1,6,35,32
Jalan West,Northwestern State,2017-18,20.0,17,38,16,30,8,8,24,9,0,0,16,6,14.85,12,31,7,19,6,7,12,4,0,5,8,5
Jalanni White,Canisius,2017-18,20.0,12,22,1,4,6,10,2,1,4,11,12,9,20.0,8,22,0,7,4,6,3,5,8,9,7,5
Jaleel Hogan,Detroit Mercy,2017-18,20.0,34,58,0,0,10,24,7,3,1,12,23,17,15.68,19,35,0,0,15,25,5,2,5,9,13,8
Jaleel Wheeler,Tulsa,2017-18,20.0,24,61,2,10,17,26,16,6,3,20,34,19,20.0,23,51,0,5,21,35,7,5,3,12,39,14
Jalek Felton,North Carolina,2017-18,20.0,4,16,2,11,0,0,11,3,2,1,3,8,14.83,6,21,1,10,2,2,9,3,0,1,5,9
Jalen Adams,UConn,2017-18,20.0,92,222,27,76,24,36,70,25,6,8,57,47,20.0,115,248,15,59,50,60,64,19,4,15,49,37
Jalen Adaway,Miami (OH),2017-18,20.0,41,90,12,35,14,21,14,8,2,15,46,17,20.0,50,101,3,25,24,34,10,6,1,22,50,21
Jalen Avery,Kent State,2017-18,20.0,58,135,30,81,15,20,55,7,1,2,33,11,14.98,53,121,23,57,32,42,59,13,0,16,34,10
Jalen Bonds,Thomas (GA),2017-18,20.0,1,2,0,0,0,0,0,1,0,0,2,0,14.92,1,4,0,0,0,0,0,0,0,0,4,0
Jalen Brunson,Villanova,2017-18,20.0,128,244,47,108,42,50,88,8,1,5,53,34,17.97,123,237,36,95,83,105,80,27,0,4,44,33
Jalen Canty,UC Santa Barbara,2017-18,20.0,53,97,0,0,22,34,14,9,27,42,50,18,17.87,74,121,0,0,46,69,10,5,21,47,58,15
Jalen Crutcher,Dayton,2017-18,20.0,54,120,29,77,3,7,58,14,1,5,49,29,20.0,38,105,18,63,19,27,63,14,2,3,36,30
Jalen Duke,Tennessee State,2017-18,20.0,5,8,1,2,2,4,0,1,1,2,3,5,14.92,4,8,2,5,0,2,1,1,2,0,3,0
Jalen Dupree,Murray State,2017-18,20.0,34,58,0,0,24,38,1,3,11,30,50,13,14.88,16,34,0,0,26,38,2,2,14,24,18,6
Jalen Gibbs,Drake,2017-18,20.0,19,50,7,23,3,6,10,7,0,6,23,5,20.0,14,38,5,22,11,16,3,4,0,0,20,9
Jalen Gilmore,Whittier,2017-18,20.0,1,2,0,0,0,0,2,0,1,2,0,0,14.93,1,1,0,0,0,0,1,0,0,0,1,1
Jalen Harris,Louisiana Tech,2017-18,20.0,26,59,7,19,21,26,13,4,2,3,23,13,14.87,27,53,9,17,15,16,13,8,1,5,14,15
Jalen Hayes,Oakland,2017-18,20.0,112,209,4,13,54,65,29,15,13,29,70,32,14.8,91,175,1,10,56,65,26,13,11,36,89,37
Jalen Hearn,Ohio Christian,2017-18,20.0,1,5,1,2,0,0,1,0,0,0,0,0,14.98,1,4,1,3,0,0,1,1,0,0,0,2
Jalen Henry,SIU-Edwardsville,2017-18,20.0,77,182,22,51,30,42,12,9,8,21,63,36,14.87,64,151,11,39,71,98,18,9,14,19,71,28
Jalen Horsley,Centenary NJ,2017-18,20.0,0,1,0,1,0,0,0,0,0,0,3,0,14.95,1,1,0,0,0,0,0,0,1,0,0,1
Jalen Horton,Wilmington (OH),2017-18,0.0,0,0,0,0,0,0,0,0,0,0,0,0,14.75,0,1,0,0,0,0,1,0,0,0,0,0
Jalen Hudson,Florida,2017-18,20.0,73,181,31,92,37,63,19,11,10,2,57,18,14.97,96,192,39,89,48,67,15,13,7,9,47,20
Jalen James,San José St,2017-18,20.0,19,64,9,32,6,6,41,6,3,3,37,24,14.95,17,48,6,20,11,12,20,6,0,3,17,23
Jalen Johnson,Tennessee,2017-18,0.0,39,95,21,55,25,34,16,6,10,13,44,23,14.98,47,108,27,67,38,48,7,5,10,17,48,20
Jalen Jones,Howard,2017-18,0.0,13,28,1,2,7,10,10,8,7,16,30,16,20.0,17,25,0,0,6,16,4,7,4,23,41,14
Jalen Jordan,St. Francis (BKN),2017-18,20.0,48,107,29,65,16,18,8,7,1,4,42,13,20.0,41,102,21,57,34,41,12,5,3,8,25,18
Jalen King,Eastern Michigan,2017-18,20.0,0,2,0,0,0,2,0,1,2,2,4,4,20.0,0,0,0,0,0,0,0,2,6,1,3,1
Jalen Knight,Hartford,2017-18,0.0,0,1,0,0,0,0,0,0,0,0,1,1,17.7,0,1,0,0,1,2,3,0,0,0,3,2
Jalen Lindsey,Providence,2017-18,20.0,55,116,44,94,7,12,12,17,12,20,41,14,18.35,37,95,29,80,24,29,14,12,8,16,35,6
Jalen Lowery,South Wesleyan,2017-18,20.0,1,13,0,4,2,4,2,1,0,1,4,2,14.77,0,5,0,2,2,3,1,0,0,0,3,3
Jalen McDaniels,San Diego State,2017-18,20.0,58,98,3,10,34,40,13,13,8,32,83,23,14.82,51,87,0,6,46,61,11,9,6,33,66,12
Jalen Morgan,Western Illinois,2017-18,20.0,8,22,0,2,10,11,9,1,5,5,22,13,14.75,9,22,0,0,12,13,2,1,4,7,15,7
Jalen Myrie,Le Moyne-Owen,2017-18,20.0,0,2,0,2,0,0,0,0,0,0,1,1,17.98,0,3,0,1,0,0,1,1,0,0,3,0
Jalen Norman,Evangel,2017-18,20.0,2,4,0,1,0,0,1,1,1,1,0,0,14.92,1,2,0,1,0,0,1,2,1,1,1,1
Jalen Oliver,Tennessee Wesleyan,2017-18,20.0,8,21,3,10,6,7,3,2,0,1,3,4,14.68,3,9,2,4,2,2,4,0,0,0,0,2
Jalen Perry,UAB,2017-18,20.0,38,87,13,42,10,21,26,10,1,14,45,19,14.97,37,96,16,43,33,41,26,8,0,11,37,25
Jalen Ray,Hofstra,2017-18,20.0,28,74,17,47,18,24,13,7,2,2,14,6,20.0,21,70,18,50,11,15,20,10,2,5,17,11
Jalen Reeder,Alabama A&M,2017-18,20.0,12,37,7,24,5,9,4,2,1,4,5,12,20.0,7,25,2,9,2,2,4,0,0,3,5,8
Jalen Sanders,Northern Colorado,2017-18,20.0,66,116,6,25,25,32,26,15,11,24,84,29,17.9,59,104,3,14,36,48,12,9,34,24,68,13
Jalen Scadndrett,Johnson & Wales (CO),2017-18,0.0,0,0,0,0,0,0,0,0,0,0,0,0,14.98,0,1,0,1,0,0,1,0,0,0,1,0
Jalen Scandrett,Johnson & Wales (CO),2017-18,20.0,0,1,0,1,0,0,0,0,0,0,0,1,14.68,0,0,0,0,0,0,0,0,0,0,0,0
Jalen Seegars,UNC Asheville,2017-18,15.0,3,6,0,1,3,7,3,1,4,1,4,5,20.0,4,12,1,5,3,3,1,0,1,1,2,3
Jalen Stephens-Holmes,Chicago State,2017-18,0.0,4,9,0,1,1,2,2,0,4,6,6,3,14.93,4,7,0,0,1,3,1,2,0,6,1,3
Jalen Tate,Northern Kentucky,2017-18,20.0,39,79,5,19,15,22,41,20,10,8,38,16,15.7,27,57,1,9,18,29,14,21,8,1,18,18
Jalen Thompson,,2017-18,0.98,3,8,2,4,0,0,1,0,1,1,1,2,0.0,2,10,1,4,0,0,0,0,0,0,2,3
Jalen White,Montreat College,2017-18,20.0,4,10,1,3,0,0,2,2,0,1,2,4,14.92,1,6,0,1,0,0,1,0,0,2,1,1
Jalen Williams,Furman,2017-18,20.0,19,35,0,1,10,15,7,2,5,28,30,12,14.83,4,10,0,0,8,13,1,2,7,9,19,8
Jalin Hart,Incarnate Word,2017-18,20.0,12,33,3,13,4,8,12,4,1,1,9,17,20.0,9,29,3,10,12,19,14,6,1,4,4,14
Jalon Cokley,North Greenville,2017-18,20.0,3,9,2,6,0,0,0,0,0,0,1,1,14.93,1,3,1,2,2,2,0,0,0,0,5,0
Jalon Gates,Houston Baptist,2017-18,20.0,55,149,42,111,21,33,7,3,0,4,20,11,14.77,46,119,29,87,27,31,5,3,0,7,9,7
Jalon Pipkins,CSU Northridge,2017-18,20.0,9,30,2,8,5,6,5,3,1,2,12,9,16.72,13,25,6,9,12,13,4,5,1,1,5,7
Jalone Friday,Abilene Christian,2017-18,20.0,86,178,21,66,18,25,7,5,24,23,69,27,17.52,66,151,22,60,33,51,8,4,25,12,49,21
Jalyn Clark,Trinity (IL),2017-18,20.0,1,2,1,1,0,0,0,0,0,0,0,1,14.87,0,0,0,0,2,2,0,0,0,0,0,0
Jalyn Hinton,Jacksonville,2017-18,0.0,46,79,0,0,7,29,9,14,22,29,50,11,14.97,61,81,0,0,34,47,6,6,8,21,43,8
Jalyn Jarrett,Shenandoah,2017-18,20.0,1,5,0,1,0,0,7,1,0,1,2,3,14.82,2,4,0,1,0,0,1,0,0,0,1,0
Jalyn Pennie,Cal State-Los Angeles,2017-18,20.0,1,3,1,2,0,0,2,1,0,0,2,0,16.75,0,0,0,0,0,0,0,1,0,0,1,0
Jamaal David,Charleston Southern,2017-18,20.0,11,30,5,14,7,12,19,4,6,7,17,14,14.98,12,27,5,14,12,15,5,3,0,8,15,14
Jamaal King,St. Francis (PA),2017-18,20.0,73,161,16,55,45,57,52,14,0,3,34,53,15.78,92,187,30,76,55,66,42,18,0,8,37,33
Jamaal Robateau,Gardner-Webb,2017-18,20.0,16,45,9,24,7,9,10,5,1,3,34,7,14.77,8,34,3,20,2,4,5,6,3,3,12,5
Jamaal Willis,La Verne,2017-18,20.0,0,0,0,0,0,0,1,0,0,0,0,1,14.87,0,1,0,1,0,0,0,0,0,0,0,0
Jamal Aytes,Southern Utah,2017-18,20.0,66,115,1,1,29,40,10,7,5,21,45,24,14.88,80,138,0,1,36,50,9,6,2,25,61,21
Jamal Cain,Marquette,2017-18,0.0,22,53,13,29,4,8,7,13,5,14,30,15,14.57,23,40,9,18,3,8,10,8,5,7,34,9
Jamal Gaines,Bethune-Cookman,2017-18,20.0,1,3,0,0,0,0,0,0,0,1,0,0,19.28,0,2,0,2,0,0,0,0,0,1,0,1
Jamal Green-Gaskin,Texas-Tyler,2017-18,20.0,2,3,0,0,0,0,2,0,0,0,2,1,14.87,2,3,1,2,2,2,0,0,0,1,0,0
Jamal Hinton,Harris Stowe,2017-18,20.0,1,1,0,0,2,2,0,0,0,0,3,0,14.67,1,1,0,0,0,0,1,1,0,1,2,2
Jamal Johnson,Memphis,2017-18,20.0,35,101,23,73,13,19,12,11,9,13,41,11,17.97,33,88,23,59,33,47,21,10,6,12,41,17
Jamal Ray,LSU Shreveport,2017-18,20.0,1,3,0,0,0,0,0,1,0,0,2,2,20.0,1,4,0,0,0,0,0,0,0,2,3,0
Jamal Smith,CSU Fullerton,2017-18,20.0,16,35,6,17,8,12,31,8,1,1,32,21,14.88,19,44,7,15,27,34,26,8,5,5,37,27
Jamal Thomas,Charleston Southern,2017-18,20.0,1,5,1,4,0,0,3,0,2,0,0,3,14.98,1,8,0,6,0,0,4,1,0,0,4,0
Jamal Watson,Mississippi Valley State,2017-18,20.0,7,12,0,0,0,0,5,0,2,3,4,3,14.72,4,8,0,0,1,2,2,2,0,1,10,3
Jamal Williams,Sam Houston State,2017-18,20.0,57,118,6,9,35,47,23,19,2,35,53,25,14.87,55,96,4,13,23,43,34,18,2,39,62,20
Jamal Wright,High Point,2017-18,20.0,8,23,4,10,8,11,13,10,1,1,15,12,14.88,10,24,0,6,10,13,15,9,1,1,7,15
Jamall Gregory,Jacksonville State,2017-18,20.0,58,133,15,43,17,25,49,26,13,7,57,43,14.68,47,94,8,30,27,43,46,22,19,10,37,32
Jamall Robinson,LIU Brooklyn,2017-18,20.0,26,73,17,50,0,0,10,10,4,11,30,7,20.0,18,49,14,41,1,4,4,9,0,5,16,5
Jamani Pierce,Eastern New Mexico,2017-18,20.0,3,4,1,2,0,0,0,0,0,0,1,0,15.32,2,3,0,1,1,1,0,0,0,0,2,0
Jamar Akoh,Montana,2017-18,15.0,64,121,0,0,48,66,16,10,6,30,55,28,20.0,65,99,1,4,51,84,15,12,12,32,61,28
Jamar Brown,Wagner,2017-18,20.0,5,7,0,0,9,14,0,1,0,6,3,6,20.0,5,6,0,0,1,4,0,1,2,3,5,4
Jamar Martin,Charleston Southern,2017-18,0.0,5,15,3,9,2,3,7,3,4,5,15,3,14.77,7,23,0,9,4,5,7,3,0,8,10,3
Jamar Sandifer,Southern,2017-18,20.0,33,95,11,34,12,13,16,10,7,22,32,23,14.97,39,89,12,30,24,31,27,12,9,12,31,16
Jamarcus Hairston,Cleveland State,2017-18,20.0,36,81,8,35,8,14,13,11,10,22,43,14,20.0,39,70,11,23,8,13,11,10,4,18,37,10
Jamaree Atwater,Dubuque,2017-18,20.0,3,15,0,4,0,0,1,1,0,2,4,1,14.87,3,6,2,4,2,2,0,1,0,0,2,0
Jamaree Bouyea,San Francisco,2017-18,20.0,17,51,3,16,5,5,19,11,5,6,22,17,17.72,11,35,5,17,8,13,11,7,4,3,18,6
Jamari Wheeler,Penn State,2017-18,20.0,18,46,2,14,4,8,37,27,3,18,17,17,20.0,10,33,0,9,7,16,11,18,0,8,15,11
Jamarri Johnson,William Carey,2017-18,20.0,0,1,0,0,0,0,0,0,0,0,0,0,17.85,0,1,0,1,0,0,0,0,0,0,0,0
Jameel Alausa,Yale,2017-18,20.0,6,12,1,3,5,8,3,1,2,6,6,4,14.9,0,6,0,2,2,4,0,0,1,1,1,2
Jameel Moore,Wisconsin Parkside,2017-18,20.0,3,15,0,8,3,4,4,0,0,0,4,2,16.33,2,4,1,2,1,1,2,1,0,0,1,3
Jamel Robinson,Wiley,2017-18,20.0,0,1,0,0,1,2,1,1,0,0,1,1,17.77,1,2,0,0,2,3,0,0,0,1,0,0
Jamell Bradley,Texas A&M-CC,2017-18,20.0,1,5,1,3,1,2,0,1,0,1,3,1,20.0,2,5,0,0,3,3,1,0,0,1,3,1
James Baker,Morehead State,2017-18,20.0,12,24,5,13,6,8,3,4,4,9,12,7,14.7,9,15,3,6,3,4,1,3,2,5,5,6
James Banks  Iii,,2017-18,15.2,1,1,0,0,1,1,0,0,2,0,1,0,0.0,1,2,0,0,0,0,0,0,0,0,1,0
James Banks III,Texas,2017-18,0.0,2,4,0,0,2,9,0,0,5,6,7,2,15.88,1,3,0,0,3,6,0,0,4,1,2,1
James Banks Iii,Texas,2017-18,20.0,2,2,0,0,0,0,0,0,0,1,1,0,14.62,1,1,0,0,0,0,0,0,0,0,0,0
James Batemon,Loyola Marymount,2017-18,20.0,74,149,19,48,37,51,63,16,2,13,39,39,19.42,78,165,20,51,101,121,64,17,0,15,33,42
James Beck,Oakland,2017-18,20.0,12,34,0,3,3,7,6,3,3,8,29,12,17.45,8,22,0,0,6,11,3,0,0,8,12,4
James Bolden,West Virginia,2017-18,20.0,60,137,40,92,11,13,16,17,3,11,22,17,14.87,35,90,23,60,23,26,16,17,5,9,22,14
James Conley,Oral Roberts,2017-18,20.0,0,1,0,1,0,0,0,1,0,0,0,2,17.9,0,0,0,0,0,0,2,0,0,0,0,1
James Cullen,St. Mary's (MN),2017-18,20.0,0,1,0,1,0,0,1,0,0,0,0,2,14.75,0,1,0,1,0,0,0,0,0,0,0,0
James Currington,SE Louisiana,2017-18,20.0,42,86,0,2,15,26,7,20,7,37,28,19,14.88,32,62,0,2,12,25,4,12,6,20,33,4
James Daniel III,Tennessee,2017-18,20.0,37,91,29,70,11,12,43,16,0,7,13,22,14.98,20,64,14,46,19,29,49,12,4,6,24,26
James Delahanty,Staten Island,2017-18,20.0,0,1,0,0,0,0,0,1,0,0,2,1,14.95,0,1,0,0,0,0,0,1,0,0,0,1
James Demery,Saint Joseph's,2017-18,20.0,101,207,11,35,35,53,15,17,7,17,60,24,18.67,81,178,9,38,52,87,17,17,3,30,49,18
James Dickey,UNC Greensboro,2017-18,20.0,61,115,0,0,22,38,25,18,29,48,91,44,18.35,56,103,0,0,38,64,18,9,35,47,89,33
James Fisher,Penn State Brandywine,2017-18,20.0,1,7,1,6,0,0,1,0,0,1,0,0,14.97,1,4,1,3,0,0,0,0,0,1,0,0
James Fives,Loyola (MD),2017-18,20.0,6,20,4,13,9,13,2,2,1,4,16,8,20.0,6,17,5,11,2,5,3,1,0,2,11,3
James Flagg,Bryn Athyn,2017-18,20.0,1,1,0,0,0,0,0,0,0,0,0,0,14.82,0,1,0,0,1,3,0,0,0,0,0,0
James Foye,Dartmouth,2017-18,20.0,5,24,5,22,2,2,7,4,0,0,8,5,20.0,6,18,3,13,2,2,6,1,0,1,11,2
James Glenn,Jackson State,2017-18,0.0,0,0,0,0,0,0,0,0,0,0,0,0,14.75,0,0,0,0,0,0,1,0,0,0,0,0
James Gollon,Ohio,2017-18,20.0,28,63,13,32,7,8,17,19,2,8,37,13,20.0,31,62,19,44,28,32,17,7,2,5,43,14
James Gollon made Layup. Assisted by Gavin,,2017-18,0.0,0,0,0,0,0,0,0,0,2,0,0,0,0.0,0,0,0,0,0,0,0,0,1,0,0,0
James Gollon made Three Point Jumper. Assisted by Gavin,,2017-18,0.0,0,0,0,0,0,0,0,0,2,0,0,0,0.0,0,0,0,0,0,0,0,0,3,0,0,0
James Gordon IV,Toledo,2017-18,20.0,5,9,0,0,1,2,3,1,0,3,1,2,20.0,2,5,0,0,3,5,1,0,0,3,2,1
James Harrison,Lamar,2017-18,20.0,53,124,33,79,2,5,9,12,7,10,32,24,20.0,46,116,22,69,14,20,11,7,1,10,27,7
James Harvey,McNeese,2017-18,20.0,48,108,35,79,15,20,24,7,2,5,21,19,16.13,36,99,22,68,19,24,15,5,2,7,16,28
James Hawthorne,Middle Tennessee,2017-18,20.0,15,35,1,6,8,13,4,0,4,6,10,7,14.55,10,24,0,2,5,7,4,5,0,10,8,6
James Helzer,Centenary,2017-18,0.0,0,0,0,0,0,0,0,0,0,0,0,1,14.88,1,3,0,0,0,0,0,0,0,0,2,3
James Herrick,Sacramento State,2017-18,0.0,5,11,0,0,3,6,1,0,0,2,8,3,14.8,2,6,0,0,0,2,0,1,0,3,4,2
James Jackson,UC Riverside,2017-18,0.0,13,33,2,8,3,11,12,2,2,10,19,16,19.75,12,28,4,14,4,9,10,0,2,4,28,6
James Jackson III,Reinhardt,2017-18,20.0,1,2,1,1,0,0,2,0,0,0,1,3,14.92,0,1,0,1,0,0,1,0,0,1,0,1
James Karnik,Lehigh,2017-18,15.0,43,95,0,0,18,29,8,11,4,35,68,22,20.0,37,71,0,1,19,30,6,3,5,26,47,17
James Lewis Jr,Chattanooga,2017-18,0.0,0,0,0,0,0,0,7,0,0,0,0,0,14.95,0,0,0,0,0,0,7,0,0,0,0,0
James Lewis Jr.,Chattanooga,2017-18,20.0,30,63,0,0,21,38,0,6,3,22,35,36,14.8,31,57,0,0,31,41,0,1,2,28,42,14
James Love III,Kansas State,2017-18,20.0,3,7,0,0,1,2,0,1,3,2,2,0,20.0,1,1,0,0,1,3,0,0,2,0,2,1
James Madison,,2017-18,0.0,0,0,0,0,0,0,0,0,0,17,22,6,0.0,0,0,0,0,0,0,0,0,0,26,17,4
James Martin,Texas College,2017-18,20.0,2,3,0,1,1,5,1,2,0,1,6,1,17.62,4,7,0,0,2,2,0,0,0,1,1,1
James McGee,Southern Utah,2017-18,20.0,35,98,20,65,23,29,32,11,4,3,25,13,14.88,37,84,27,58,30,42,34,12,3,3,24,16
James McKelvin,,2017-18,7.1,1,3,1,1,0,0,0,0,0,0,1,1,0.0,1,2,1,2,2,4,0,0,0,0,3,1
James Mersereau,Maine-Fort Kent,2017-18,0.0,0,0,0,0,0,0,0,0,0,0,0,0,14.98,0,0,0,0,1,2,0,0,0,0,0,0
James Miller,,2017-18,6.38,3,4,0,0,0,1,1,2,0,2,2,1,0.0,4,8,0,0,0,0,0,0,0,0,4,1
James Moreland,Bluefield State,2017-18,0.0,0,0,0,0,0,0,0,0,0,0,0,0,14.88,0,1,0,1,0,0,0,0,0,0,1,1
James Noble,Life Pacific,2017-18,20.0,2,12,0,4,4,4,3,2,0,0,1,1,16.72,5,10,3,6,0,0,1,3,0,1,4,0
James Palmer Jr,Nebraska,2017-18,20.0,0,0,0,0,0,0,39,0,0,0,0,0,20.0,0,0,0,0,0,0,33,0,0,0,0,0
James Palmer Jr.,Nebraska,2017-18,20.0,69,170,15,63,60,82,13,16,8,10,46,29,20.0,99,210,26,66,102,135,6,13,6,28,52,40
James Pyle,SMU,2017-18,20.0,0,0,0,0,0,0,1,0,0,0,0,1,16.37,0,0,0,0,0,0,0,0,0,0,0,0
James Reese,Buffalo,2017-18,20.0,12,32,6,22,5,5,7,6,1,4,8,7,20.0,5,22,1,15,10,11,6,1,3,2,7,2
James Richardson,South Carolina State,2017-18,20.0,21,65,6,18,5,8,10,8,2,4,6,6,14.57,16,50,6,19,6,8,3,9,1,6,8,9
James Ringholt,,2017-18,0.0,0,0,0,0,0,0,0,0,0,0,0,0,9.6,2,5,0,1,5,5,1,0,0,1,3,0
James Scott,Kennesaw State,2017-18,20.0,72,188,20,60,30,37,18,20,3,9,17,37,17.72,96,217,27,80,31,41,35,24,2,5,28,29
James Sosinski,,2017-18,0.0,0,0,0,0,0,0,0,0,0,0,0,0,0.0,0,0,0,0,0,0,0,0,0,0,1,0
James Stokes,Alcorn State,2017-18,20.0,0,1,0,0,0,2,1,1,0,0,2,1,14.92,2,5,0,0,1,3,0,1,1,1,5,0
James Suber,CSU Bakersfield,2017-18,0.0,0,0,0,0,0,0,0,0,0,0,0,0,20.0,0,1,0,0,0,0,0,0,0,1,0,0
James Taylor,St. Edward's,2017-18,20.0,6,12,0,0,0,0,0,0,0,1,1,2,17.1,2,3,0,0,3,5,0,0,0,0,2,3
James Thomas,Avila,2017-18,20.0,1,4,0,0,1,2,2,0,0,2,2,0,14.83,3,4,0,0,0,0,0,0,0,0,3,0
James Thompson IV,Eastern Michigan,2017-18,20.0,93,139,0,0,41,66,6,16,33,53,122,35,15.38,89,131,0,0,60,96,5,10,28,80,107,29
James Towns,Niagara,2017-18,20.0,35,84,9,27,34,41,29,14,0,3,22,19,15.08,39,67,11,25,45,60,28,4,0,5,22,26
James Turner,Millsaps,2017-18,20.0,0,2,0,1,0,0,0,0,0,0,1,0,14.9,0,0,0,0,0,0,0,0,0,0,0,0
James Veal,Johnson & Wales (NC),2017-18,20.0,2,3,0,0,0,0,0,0,0,0,1,1,14.98,2,4,0,0,0,0,0,1,0,0,2,2
James Washington,American,2017-18,20.0,5,16,2,8,2,2,1,5,1,1,7,10,14.72,8,20,2,8,1,3,4,1,0,1,3,3
James West IV,Mt. St. Mary's,2017-18,0.0,1,2,1,1,2,2,2,0,0,0,1,4,20.0,1,3,1,3,0,0,0,1,1,1,0,0
James White,City College (NY),2017-18,20.0,1,6,0,1,0,1,2,1,0,0,1,0,14.85,1,4,1,3,1,2,0,1,0,0,0,0
James Wiggins,Fontbonne College,2017-18,20.0,0,1,0,0,0,0,0,0,0,0,2,1,14.88,0,0,0,0,0,0,1,0,0,1,0,0
Jameson Pavelka,Spring Arbor,2017-18,20.0,2,2,2,2,0,0,0,1,0,0,0,1,15.38,0,0,0,0,0,0,1,0,0,0,0,1
Jameson Willems,Willamette,2017-18,20.0,1,2,1,2,1,2,0,0,0,1,1,1,14.92,2,4,2,3,0,0,0,0,0,1,2,0
Jamestown,,2017-18,0.0,0,0,0,0,0,0,0,0,0,1,1,0,0.0,0,0,0,0,0,0,0,0,0,1,1,0
Jamey Woods,East Central,2017-18,20.0,1,6,1,6,0,1,1,0,0,0,0,1,16.12,4,8,3,5,0,0,1,0,0,0,3,1
Jamie Baker,,2017-18,0.0,0,0,0,0,0,0,0,0,0,0,0,0,6.17,0,3,0,1,1,2,2,0,0,0,4,1
Jamie Carson,Cincinnati Clermont,2017-18,20.0,3,4,3,4,0,0,0,1,0,0,2,2,14.62,2,5,2,5,0,0,1,1,0,0,1,2
Jamie Orme,Portland State,2017-18,20.0,26,63,7,20,23,31,6,20,10,19,29,11,20.0,12,36,2,10,6,15,3,7,8,18,22,7
Jamil Jackson,Southern Utah,2017-18,20.0,2,7,0,2,0,0,3,2,1,0,1,2,14.88,4,7,0,1,2,2,2,0,0,1,0,1
Jamil Pasha,Lynchburg,2017-18,0.0,0,0,0,0,0,0,0,1,0,0,0,0,19.93,0,1,0,1,0,0,0,0,0,0,1,0
Jamion Wright,Sacramento State,2017-18,0.0,0,1,0,0,0,0,0,1,0,0,0,0,20.0,0,2,0,2,0,0,1,1,0,1,0,0
Jamir Harris,Minnesota,2017-18,20.0,16,50,12,37,1,2,7,3,0,1,13,4,17.93,15,45,12,36,3,6,5,3,0,4,5,9
Jamir Mason,Texas Lutheran,2017-18,20.0,1,2,0,1,0,0,0,0,0,0,0,2,14.75,0,1,0,0,0,0,3,0,0,1,2,2
Jamir Moultrie,La Salle,2017-18,0.0,11,28,9,18,1,2,4,1,0,0,1,4,20.0,16,33,11,26,2,2,2,3,0,1,5,0
Jamison Glover,William & Mary,2017-18,19.5,0,2,0,1,0,0,0,0,0,0,1,0,20.0,0,0,0,0,0,0,0,0,0,0,0,0
Jamorko Pickett,Georgetown,2017-18,20.0,54,138,30,80,16,20,22,6,9,5,50,37,15.8,40,108,25,67,25,35,30,6,8,8,42,32
Jamuni McNeace,Oklahoma,2017-18,19.9,57,84,0,0,17,31,4,9,24,20,73,27,16.07,35,52,0,0,11,19,6,9,18,24,48,21
Jamvis Ponder,Point,2017-18,20.0,4,7,1,3,0,0,0,0,0,1,2,1,16.4,0,1,0,0,0,0,0,0,0,0,0,0
Jan Svandrlik,Iona,2017-18,20.0,21,44,17,37,11,15,4,0,2,14,17,2,20.0,11,34,10,29,6,6,4,8,4,6,13,1
Janai Rayner-Powell,South Carolina State,2017-18,20.0,0,1,0,0,0,0,2,0,0,0,1,1,14.57,3,3,0,0,0,0,3,0,0,0,1,1
Janai Raynor Powell,South Carolina State,2017-18,20.0,16,36,1,6,7,9,29,6,1,3,23,19,14.98,11,27,2,6,10,12,16,6,0,5,18,15
Janai Raynor-Powell,,2017-18,2.17,3,6,0,0,0,0,2,2,0,0,2,0,0.0,1,3,0,1,0,1,0,2,0,0,4,1
Jannson Williams,Marshall,2017-18,15.0,40,84,15,42,10,13,4,10,17,18,44,14,20.0,24,47,11,27,21,28,3,5,12,13,40,6
Japhet Kadji,North Carolina A&T,2017-18,20.0,14,38,7,20,6,10,4,2,3,5,32,11,14.8,16,41,5,21,9,11,5,4,0,8,24,5
Jaquan Lawrence,Le Moyne-Owen,2017-18,20.0,1,3,0,0,1,2,0,1,2,1,1,1,17.98,1,3,0,0,1,2,0,0,1,3,3,1
Jaquan Simms,Limestone,2017-18,20.0,0,4,0,2,0,0,0,1,0,0,1,1,14.92,0,2,0,0,0,0,0,0,0,0,1,2
Jaquez Johnson,Blue Mountain College,2017-18,20.0,2,4,0,0,0,2,1,1,0,1,1,1,14.87,0,2,0,0,0,0,0,0,0,0,2,1
Jaquori McLaughlin,Oregon State,2017-18,20.0,4,13,0,8,2,2,15,5,3,2,9,8,14.88,1,8,0,2,4,4,6,4,0,0,5,3
Jaqwan McCauley,North Dakota,2017-18,20.0,2,4,0,0,0,0,0,0,0,0,2,2,20.0,0,0,0,0,1,2,0,0,0,0,0,0
Jaran Sabus,Wartburg,2017-18,20.0,4,8,0,1,0,0,0,0,0,0,3,2,17.48,1,3,0,0,2,2,1,0,0,0,2,0
Jared Chatham,Central Arkansas,2017-18,0.0,3,6,0,2,4,4,0,0,0,4,3,1,14.92,3,8,0,2,2,4,2,0,0,2,7,2
Jared Farris,Asbury,2017-18,20.0,2,6,0,0,0,0,0,0,1,0,2,0,15.18,0,1,0,0,2,2,0,0,0,1,0,1
Jared Hamilton,Georgia Southern,2017-18,20.0,10,26,0,2,3,5,2,2,0,5,4,5,20.0,6,19,0,0,5,6,3,3,1,2,3,3
Jared Harper,Auburn,2017-18,20.0,58,163,36,94,61,75,91,16,1,8,39,41,14.88,52,138,24,74,93,115,89,21,0,7,29,32
Jared Holland,Spring Hill,2017-18,20.0,0,1,0,0,2,3,3,0,0,0,1,2,14.93,0,0,0,0,0,0,0,0,0,0,1,1
Jared Jonkman,Trinity (IL),2017-18,0.0,0,0,0,0,0,0,0,0,0,0,0,0,14.87,0,1,0,0,1,2,0,0,0,0,3,1
Jared Mathews,St. Martin's,2017-18,20.0,3,6,0,1,3,3,1,0,0,1,2,1,18.95,0,3,0,0,2,2,1,1,2,0,2,1
Jared McDaniel,,2017-18,2.1,1,5,0,3,0,2,1,0,0,0,3,2,0.0,1,2,0,0,2,2,3,1,0,0,1,0
Jared Nickens,Maryland,2017-18,20.0,23,58,17,44,5,8,4,4,3,5,19,9,14.77,28,65,23,51,3,5,3,0,1,5,11,5
Jared Printy,Western Michigan,2017-18,20.0,9,20,6,15,5,6,5,1,0,0,8,2,14.92,3,10,3,10,2,2,4,0,0,0,4,1
Jared Roffler,,2017-18,0.0,0,0,0,0,0,0,0,0,0,0,0,0,0.0,0,0,0,0,0,0,0,0,0,1,0,0
Jared Sam,Southern,2017-18,20.0,64,169,1,1,68,86,19,12,9,45,100,38,14.97,74,167,0,0,74,98,15,11,10,43,62,20
Jared Samuelson,North Dakota State,2017-18,20.0,26,66,24,60,3,3,11,7,0,1,30,6,17.87,19,44,19,41,5,8,10,5,0,2,14,3
Jared Schultz,Providence (MT),2017-18,20.0,1,2,0,1,1,1,0,0,0,0,0,0,14.9,0,2,0,0,0,0,0,0,0,0,2,1
Jared Shoemaker,Kentucky Christian,2017-18,0.0,0,0,0,0,0,0,0,0,0,0,0,0,14.77,0,1,0,0,0,0,0,0,0,0,0,0
Jared Stutzman,Idaho State,2017-18,0.0,61,103,27,54,24,29,15,5,4,4,42,17,20.0,62,112,30,59,38,56,18,11,2,4,38,15
Jared Terrell,Rhode Island,2017-18,20.0,88,218,41,96,49,59,36,22,2,15,32,23,20.0,84,187,27,68,59,72,34,23,3,14,36,30
Jared Thorpe-Johnson,Curry College,2017-18,20.0,1,5,1,2,0,0,0,0,0,0,1,2,14.97,2,7,1,3,0,0,0,0,0,0,0,0
Jared Tillman,William Carey,2017-18,20.0,2,3,2,2,0,0,0,0,0,0,0,1,17.85,0,2,0,2,0,0,0,0,0,0,0,0
Jared Wagner,York College Pa,2017-18,20.0,1,8,0,2,0,0,2,2,0,1,2,1,18.7,8,8,3,3,2,4,2,0,1,2,2,2
Jared Wilson-Frame,Pittsburgh,2017-18,20.0,52,154,31,104,24,28,23,9,2,5,45,38,20.0,76,178,35,99,29,36,23,5,2,14,38,27
Jarell Edwards,Central Pennsylvania College,2017-18,20.0,0,1,0,0,0,0,2,0,0,0,0,0,14.93,0,0,0,0,0,0,0,0,0,0,0,1
Jaren Brooks,Oak Hills Christian,2017-18,20.0,3,12,2,5,0,0,0,1,0,0,6,2,14.57,1,5,0,2,0,0,0,0,1,0,1,1
Jaren Jackson Jr,Michigan State,2017-18,20.0,0,0,0,0,0,0,2,0,0,0,0,0,14.88,0,0,0,0,0,0,1,0,0,0,0,0
Jaren Jackson Jr.,Michigan State,2017-18,20.0,54,110,16,41,34,49,17,15,53,28,75,35,14.63,59,112,19,50,64,76,15,6,47,24,66,24
Jaren Lewis,Abilene Christian,2017-18,20.0,68,137,7,22,32,38,34,23,13,28,83,35,17.52,82,135,6,11,54,70,20,23,15,42,80,27
Jaren Murphy,Texas College,2017-18,20.0,0,2,0,0,0,0,0,0,0,0,0,1,17.62,0,1,0,1,0,0,0,0,0,0,0,0
Jaren Yang,Gordon College,2017-18,20.0,0,1,0,0,0,0,0,0,0,0,2,1,17.7,1,1,0,0,0,0,0,0,0,0,1,0
Jarid Taylor,La Verne,2017-18,20.0,0,2,0,1,2,4,0,0,0,0,0,0,14.87,2,3,0,0,2,2,0,0,0,0,0,2
Jarid Walton,Maine-Fort Kent,2017-18,20.0,1,1,0,0,0,0,0,1,0,0,0,0,14.98,1,2,0,0,0,0,0,1,0,0,1,0
Jarkel Joiner,CSU Bakersfield,2017-18,19.98,31,85,9,31,14,16,4,2,0,10,34,8,14.93,18,54,5,25,26,27,3,2,0,7,10,7
Jaron Cornish,Stony Brook,2017-18,20.0,28,80,9,27,11,19,42,10,8,5,36,28,19.62,54,123,13,46,26,38,30,14,6,12,41,41
Jaron Faulds,Columbia,2017-18,20.0,31,45,0,0,6,12,5,2,16,19,26,15,17.97,20,41,0,0,2,7,4,6,10,13,23,6
Jaron Hopkins,Fresno State,2017-18,20.0,44,94,6,10,7,15,32,15,3,9,52,31,14.8,46,89,1,8,30,51,30,15,5,11,54,20
Jaron Withers,Presbyterian,2017-18,20.0,14,41,0,4,11,18,21,7,0,10,33,19,14.98,8,21,2,3,8,16,5,4,1,10,21,14
Jarred Dixon,Missouri State,2017-18,20.0,47,111,12,27,10,16,37,12,7,8,29,21,20.0,49,118,13,40,31,38,25,10,3,9,30,16
Jarred Vanderbilt,Kentucky,2017-18,20.0,13,31,0,1,12,18,8,1,6,24,40,10,20.0,12,27,0,0,9,14,6,4,2,19,19,4
Jarred Walker,Bethel (TN),2017-18,20.0,0,2,0,0,0,0,0,1,0,1,0,0,14.98,0,2,0,1,0,0,0,0,0,0,0,1
Jarrell Brantley,Charleston,2017-18,20.0,57,142,11,41,26,29,21,16,6,16,47,27,17.62,75,133,14,30,44,55,15,7,11,22,66,26
Jarrell Taylor,Tiffin,2017-18,19.95,0,1,0,0,0,0,1,0,0,0,3,2,16.22,0,2,0,1,0,0,1,0,0,0,1,0
Jarren Greenwood,McNeese,2017-18,20.0,45,105,17,44,38,43,45,6,3,4,50,27,16.13,54,125,10,37,56,69,34,11,0,6,32,27
Jarrett Culver,Texas Tech,2017-18,20.0,70,152,31,68,25,42,27,19,10,14,62,25,15.78,65,140,21,62,41,57,34,19,13,22,68,28
Jarrett Easton,,2017-18,0.0,0,0,0,0,0,0,0,0,0,0,0,0,0.0,0,0,0,0,0,0,0,0,0,0,2,0
Jarrett Givens,Adams State,2017-18,20.0,2,5,1,4,0,0,0,0,0,0,0,0,20.0,1,3,0,2,0,0,0,0,0,0,2,2
Jarrett Kershaw,,2017-18,0.0,0,0,0,0,0,0,0,0,0,0,0,0,0.0,0,0,0,0,0,0,0,0,0,0,0,1
Jarrett Powers,Cal Lutheran,2017-18,0.0,0,0,0,0,0,0,0,0,0,0,0,0,15.8,1,2,1,2,0,0,1,0,0,0,0,0
Jarrey Foster,SMU,2017-18,20.0,46,107,10,31,18,27,26,5,13,28,29,15,20.0,42,84,7,24,18,25,22,8,6,21,27,11
Jarrid Rhodes,Missouri State,2017-18,20.0,57,124,36,74,17,19,20,11,2,22,36,11,20.0,49,119,23,66,20,23,19,7,3,12,51,16
Jarriesse Blackmon,UC Santa Barbara,2017-18,20.0,7,13,0,1,2,5,2,1,5,11,19,8,17.87,5,11,0,1,1,3,2,1,4,5,12,2
Jarrin Randall,Western Michigan,2017-18,20.0,3,10,2,6,5,9,9,5,0,0,1,0,14.92,4,24,1,13,3,5,5,2,0,0,3,4
Jarrod Evans,Mars Hill,2017-18,20.0,0,1,0,0,0,0,0,0,0,0,0,0,14.97,0,2,0,1,1,2,0,0,1,1,1,1
Jarrod Simmons,Pennsylvania,2017-18,0.0,8,19,2,8,5,5,2,3,4,3,13,4,14.73,7,10,3,5,7,10,1,1,1,5,7,2
Jarrod West,Marshall,2017-18,18.37,55,123,40,94,7,11,54,35,2,3,46,33,20.0,30,76,19,50,18,26,42,20,0,9,28,16
Jarron Cumberland,Cincinnati,2017-18,20.0,79,174,38,97,32,46,56,16,7,25,45,36,14.97,57,162,22,81,41,63,46,21,6,20,50,27
Jarvis Christian,,2017-18,0.0,0,0,0,0,0,0,0,0,0,3,2,3,0.0,0,0,0,0,0,0,0,0,0,1,3,0
Jarvis Doles,Drexel,2017-18,20.0,15,35,10,26,6,6,3,1,0,5,19,2,20.0,7,17,3,10,5,6,0,3,1,4,15,3
Jarvis Garrett,Rhode Island,2017-18,20.0,27,73,12,35,6,8,43,8,0,10,23,14,20.0,30,61,13,28,15,21,27,10,0,10,26,17
Jarvis Pugh,Santa Clara,2017-18,20.0,7,29,4,14,4,9,2,2,2,3,24,10,14.87,14,36,5,19,8,13,15,3,4,10,16,7
Jase Febres,Texas,2017-18,20.0,21,67,16,53,2,2,10,5,4,11,18,6,14.62,12,41,9,32,2,4,4,2,1,8,11,3
Jase Wickliffe,San Francisco State,2017-18,20.0,0,1,0,1,0,0,2,1,0,0,0,2,15.45,2,4,1,3,0,0,2,2,0,1,1,0
Jash Kahlon,San Francisco State,2017-18,20.0,0,2,0,1,0,0,0,2,0,0,1,0,15.45,2,6,0,2,0,0,1,0,0,0,1,1
Jashaun Agosto,LIU Brooklyn,2017-18,20.0,81,177,26,79,25,31,67,9,1,1,68,38,20.0,48,149,20,70,46,64,69,14,1,13,55,38
Jashun Petite,Arlington Baptist,2017-18,20.0,3,8,0,2,3,3,3,5,1,1,1,4,14.87,3,7,0,1,1,3,2,2,1,1,2,5
Jason Bady,York College Pa,2017-18,20.0,5,10,2,4,0,1,0,1,0,4,2,1,18.7,1,3,0,1,0,1,0,0,0,0,2,1
Jason Burnell,Jacksonville State,2017-18,20.0,62,129,13,36,31,38,31,10,10,31,63,20,14.68,62,113,8,30,37,46,27,17,21,24,67,23
Jason Carter,Ohio,2017-18,20.0,3,11,0,2,3,4,3,3,0,0,6,3,16.77,2,6,0,1,7,8,2,2,0,1,2,0
Jason Cudd,South Carolina,2017-18,0.0,6,14,0,0,4,7,0,0,2,5,3,1,20.0,2,5,0,0,2,4,3,0,1,3,5,3
Jason Dunne,Hartford,2017-18,19.95,65,157,36,104,21,22,41,19,5,10,46,34,20.0,79,189,49,126,26,37,38,20,3,5,49,32
Jason Ganley,Wentworth,2017-18,19.98,4,9,1,2,0,0,0,1,0,0,2,3,14.75,3,6,2,3,0,0,0,1,0,0,1,2
Jason Gigliotti,Michigan Dearborn,2017-18,20.0,4,4,0,0,0,0,1,0,0,2,4,0,17.48,0,4,0,0,2,4,0,1,3,4,2,3
Jason Hines,North Park,2017-18,20.0,4,4,3,3,0,0,1,0,0,0,1,1,14.92,0,2,0,2,2,2,1,0,0,0,0,0
Jason Houle,Army,2017-18,0.0,0,0,0,0,0,0,0,0,0,0,0,0,14.93,0,1,0,1,0,0,0,0,0,0,0,0
Jason Massey,Brown,2017-18,20.0,19,33,0,2,4,8,9,4,2,7,21,12,20.0,16,25,1,1,9,13,5,3,0,5,27,10
Jason McMillan,Western Carolina,2017-18,0.0,0,1,0,1,0,0,0,0,0,0,0,0,14.98,0,2,0,2,0,0,0,0,0,0,0,0
Jason Penn,Michigan Dearborn,2017-18,20.0,7,12,0,0,0,0,0,1,3,1,1,1,17.48,12,20,0,0,4,5,1,2,0,8,3,2
Jason Perry-Murray,Grambling,2017-18,20.0,10,19,0,0,7,10,1,3,8,13,11,7,20.0,13,19,0,0,3,7,2,3,0,13,14,9
Jason Rivera,,2017-18,0.0,0,0,0,0,0,0,0,0,0,1,0,1,0.0,0,0,0,0,0,0,0,0,0,0,0,0
Jason Strong,Northeastern,2017-18,19.98,0,1,0,1,0,0,0,0,0,0,1,0,14.75,0,2,0,0,0,0,0,0,0,0,0,1
Jason Timm,St. Mary's (MN),2017-18,20.0,4,6,4,6,0,0,1,0,0,0,1,0,14.75,0,0,0,0,0,0,0,0,0,0,0,1
Jason Towery,Missouri-St. Louis,2017-18,20.0,1,2,0,1,1,1,0,0,0,1,0,0,15.58,2,5,0,0,0,0,0,1,0,1,2,0
Jason Weaver,Georgia Southwestern,2017-18,0.0,0,0,0,0,0,0,0,0,0,0,0,0,19.55,0,1,0,0,0,0,1,0,0,1,0,0
Jason Whitens,Western Michigan,2017-18,0.0,0,2,0,1,0,0,0,1,1,1,2,1,14.92,3,4,2,2,0,0,2,0,1,1,3,2
Jason Williams,East Tennessee State,2017-18,20.0,17,40,13,29,4,9,23,7,2,4,9,14,17.87,10,20,8,16,0,0,16,3,0,3,6,12
Jaume Sorolla,Valparaiso,2017-18,20.0,22,47,0,1,11,13,2,4,13,14,26,12,14.98,29,46,0,0,21,29,4,6,15,28,30,12
Javan Johnson,Troy,2017-18,20.0,29,69,15,42,7,15,12,3,7,17,28,18,20.0,26,52,17,29,9,11,6,3,11,12,28,14
Javan White,Oral Roberts,2017-18,20.0,45,84,2,6,17,27,8,7,5,37,55,24,17.9,35,73,1,2,9,19,14,10,4,26,36,10
Javante McCoy,Boston University,2017-18,20.0,41,92,19,38,6,8,24,10,3,4,39,27,20.0,46,98,19,44,23,36,22,14,1,5,20,21
Javaris Jenkins,Savannah St,2017-18,20.0,39,119,23,86,13,13,15,15,6,13,32,18,14.97,50,113,18,61,15,19,8,8,7,20,32,8
Javaris Jones,Howard Payne,2017-18,20.0,1,3,0,2,0,0,0,0,0,0,0,2,14.95,0,2,0,1,0,0,1,0,0,0,1,1
Javaughn Dantzler,Le Tourneau,2017-18,20.0,0,1,0,0,0,0,0,0,0,0,0,0,17.97,1,1,0,0,0,0,0,0,0,0,0,0
Javen Garrison,Greensboro,2017-18,20.0,1,1,1,1,0,0,0,0,0,0,0,0,14.87,0,0,0,0,0,0,0,0,0,0,0,0
Javen McNeill,Fayetteville State,2017-18,20.0,1,2,0,0,0,0,0,0,0,2,2,1,18.6,2,2,0,0,0,0,0,0,0,1,0,2
Javier Langarica,George Washington,2017-18,0.0,0,0,0,0,0,0,0,0,0,0,0,0,14.83,1,2,1,2,0,0,0,0,0,0,0,1
Javier March,Culver-Stockton,2017-18,20.0,0,3,0,1,0,0,0,0,0,2,0,0,14.53,0,1,0,1,0,0,0,0,0,0,0,0
Javin DeLaurier,Duke,2017-18,20.0,19,37,0,7,10,18,8,12,8,23,50,11,14.73,24,29,0,0,7,15,7,9,6,28,23,10
Javis Howard,Charleston Southern,2017-18,20.0,35,67,1,7,8,12,6,5,4,25,41,21,14.98,25,49,2,3,12,15,8,6,1,21,23,8
Javon Bess,Saint Louis,2017-18,20.0,51,130,8,28,49,72,29,19,4,29,69,42,17.4,60,153,10,48,86,107,36,18,7,42,75,20
Javon Greene,George Mason,2017-18,20.0,20,66,6,36,13,18,8,13,1,2,29,15,20.0,24,59,12,37,6,11,18,10,5,2,41,14
Javon Levi,UT Rio Grande Valley,2017-18,20.0,14,48,2,8,13,22,50,11,0,2,34,22,20.0,18,49,3,14,18,28,53,17,1,2,27,18
Javonni Harrell,Florida A&M,2017-18,20.0,0,7,0,0,0,0,2,1,0,3,7,2,14.67,2,3,0,0,0,2,2,2,1,3,2,0
Javonntie Jackson,Long Beach State,2017-18,20.0,1,1,0,0,0,0,1,0,0,0,1,3,15.45,2,6,0,1,2,4,1,1,1,3,3,2
Javonte Ellis,Bethel (TN),2017-18,20.0,0,2,0,0,0,0,0,1,0,1,0,1,14.98,2,2,0,0,1,1,0,1,0,2,0,1
Javonte Willis,Bethesda,2017-18,20.0,0,3,0,1,0,0,0,0,0,0,0,0,17.8,0,0,0,0,0,0,0,0,0,0,0,0
Javonte Wills,Bethesda,2017-18,19.98,1,3,0,1,0,0,0,1,0,0,1,2,14.7,0,1,0,0,1,2,1,0,0,0,0,1
Jawan Emery,Emporia State,2017-18,20.0,1,2,0,0,0,0,0,1,0,1,1,0,20.0,0,0,0,0,0,0,0,0,0,0,0,0
Jawuan Williams,,2017-18,0.0,0,0,0,0,0,0,0,0,0,0,1,0,0.0,0,0,0,0,0,0,0,1,0,0,2,0
Jax Levitch,Purdue Fort Wayne,2017-18,0.0,20,54,17,43,8,13,14,12,2,11,44,8,17.45,25,53,21,44,10,16,14,11,6,12,43,8
Jaxon Burgess,Rio Grande,2017-18,20.0,0,3,0,3,0,0,2,0,1,0,1,1,14.92,2,6,2,6,0,0,0,2,0,0,0,0
Jaxon Harre,Doane,2017-18,20.0,0,1,0,0,0,0,0,0,0,0,1,0,14.9,0,1,0,1,0,0,0,0,0,0,0,0
Jay Cade,Hiwassee College,2017-18,20.0,6,17,1,3,3,3,0,0,0,1,1,4,18.62,3,14,0,2,0,0,2,0,0,2,2,8
Jay Estime',UNC Wilmington,2017-18,20.0,27,75,16,45,10,12,12,2,1,11,28,17,14.68,25,70,10,42,5,8,15,9,1,13,22,9
Jay Green,UNLV,2017-18,0.0,0,3,0,1,0,0,0,0,0,1,0,0,14.8,2,2,0,0,0,0,0,0,0,0,0,1
Jay Harvey,Florida International,2017-18,0.0,8,16,0,0,6,12,2,2,3,24,16,12,8.93,6,20,0,0,9,24,1,2,4,19,14,5
Jay Howard,Catholic University,2017-18,20.0,6,8,0,0,0,0,2,1,0,0,3,0,15.57,3,10,1,1,0,0,1,1,0,1,3,1
Jay Huff,Virginia,2017-18,20.0,7,9,1,2,0,2,0,0,3,2,7,3,14.85,7,11,0,3,2,2,1,1,6,2,6,1
Jay Jay Chandler,Texas A&M,2017-18,20.0,20,48,8,19,7,10,9,5,0,5,11,10,14.87,12,40,1,16,19,26,11,4,1,9,9,10
Jay Johnson,Hiwassee College,2017-18,20.0,4,9,2,4,0,0,2,3,0,2,4,4,18.62,2,6,2,6,0,0,1,0,1,1,6,4
Jay Milton,Barclay College,2017-18,20.0,2,7,0,1,0,0,1,3,0,0,1,3,14.93,0,3,0,0,0,0,1,0,0,0,1,0
Jay Shorts,Point,2017-18,0.0,0,2,0,2,0,1,0,0,0,0,2,0,17.52,1,1,0,0,0,0,0,0,0,0,0,0
Jay'Quise Simpson,Midway,2017-18,0.0,0,0,0,0,0,0,0,0,0,0,1,0,14.92,1,4,1,4,0,0,0,0,0,0,1,0
Jayce Johnson,Utah,2017-18,20.0,20,46,0,0,19,30,2,6,14,18,52,14,15.68,19,36,0,0,19,35,3,2,8,20,37,10
Jaycee Hillsman,San José St,2017-18,20.0,43,97,14,39,30,32,30,11,2,8,48,25,14.95,35,87,11,35,34,45,35,4,6,17,33,42
Jayden Bezzant,NW Nazarene,2017-18,20.0,1,4,0,2,0,0,1,1,0,0,1,1,17.77,2,6,0,3,1,4,1,2,0,0,1,1
Jayden Ferguson,Valley City State,2017-18,20.0,2,6,1,1,0,0,2,0,0,0,0,0,14.93,2,4,0,0,4,4,0,0,0,0,0,0
Jayden Hodgson,Bradley,2017-18,20.0,20,51,12,32,3,6,16,14,0,3,24,21,17.68,17,40,9,22,16,21,23,10,0,2,22,15
Jaylan McGill,Charlotte,2017-18,20.0,6,29,6,25,0,0,8,4,0,1,9,8,14.78,15,33,12,26,5,5,4,2,0,0,4,2
Jaylan White,University of Mary,2017-18,0.0,0,0,0,0,0,0,0,0,0,0,0,2,14.83,1,1,0,0,1,2,0,0,0,0,0,1
Jaylen Adams,St. Bonaventure,2017-18,20.0,73,157,39,83,46,56,62,20,4,4,36,42,20.0,76,180,33,81,101,117,76,22,2,8,46,44
Jaylen Barford,Arkansas,2017-18,20.0,91,204,39,92,34,50,46,14,4,18,56,32,14.92,112,235,39,95,43,57,38,19,6,13,39,25
Jaylen Benton,Youngstown St,2017-18,20.0,28,71,15,36,7,10,19,11,1,6,14,14,14.98,20,50,8,21,7,13,17,10,1,9,8,15
Jaylen Butz,DePaul,2017-18,20.0,19,33,0,0,6,13,3,3,6,22,31,13,17.88,10,16,0,0,4,12,4,0,6,14,22,6
Jaylen Fisher,TCU,2017-18,20.0,31,75,11,33,4,5,46,12,0,3,11,16,20.0,34,55,15,26,24,28,38,6,1,3,9,18
Jaylen Fornes,UNC Wilmington,2017-18,20.0,59,129,22,54,26,37,41,5,3,23,42,29,14.68,54,126,22,60,45,57,20,9,3,23,28,26
Jaylen Franklin,Abilene Christian,2017-18,20.0,63,109,3,12,19,27,72,30,1,14,47,40,17.52,70,127,0,10,24,52,61,26,5,18,36,38
Jaylen Glover,Ferrum,2017-18,0.0,0,0,0,0,0,0,0,0,0,0,0,0,14.75,0,2,0,2,0,0,0,0,0,0,0,0
Jaylen Hands,UCLA,2017-18,20.0,48,115,19,47,16,23,43,15,4,11,51,30,20.0,50,118,23,57,39,51,32,14,1,7,49,23
Jaylen McCoy,SIU-Edwardsville,2017-18,20.0,17,45,13,33,4,6,8,5,0,0,9,8,20.0,16,40,11,28,4,4,6,2,0,0,4,6
Jaylen McManus,Charleston,2017-18,18.72,16,57,12,39,6,9,6,4,8,11,36,7,20.0,14,39,9,28,11,17,8,0,5,8,26,5
Jaylen Mccoy,SIU-Edwardsville,2017-18,20.0,0,1,0,1,0,0,0,0,0,1,0,0,14.87,0,0,0,0,0,0,0,0,0,0,0,0
Jaylen Minnett,IUPUI,2017-18,20.0,29,86,19,61,4,5,15,7,1,6,8,19,17.68,39,82,31,62,17,21,17,6,0,6,15,18
Jaylen Moore,William Carey,2017-18,20.0,0,4,0,1,0,0,4,0,1,1,5,3,17.85,4,8,0,1,6,7,0,0,0,1,2,1
Jaylen Nowell,Washington,2017-18,20.0,78,192,18,55,21,26,37,16,7,13,49,39,20.0,96,191,13,39,69,89,41,17,1,18,39,28
Jaylen Shaw,Coastal Carolina,2017-18,20.0,60,138,17,39,47,60,72,16,1,5,43,56,14.88,93,219,16,62,67,86,87,31,0,5,46,49
Jaylen Smallwood,College of Coastal Georgia,2017-18,20.0,2,3,0,1,0,0,0,0,0,1,0,1,19.87,3,3,0,0,2,2,1,2,0,1,2,0
Jaylen Stowe,Mercer,2017-18,20.0,17,35,1,5,10,18,7,12,2,12,34,18,20.0,13,30,0,2,11,20,2,6,1,11,30,6
Jaylin McDonald,,2017-18,0.0,0,0,0,0,0,0,0,0,0,0,0,0,0.0,0,0,0,0,0,0,0,1,0,0,0,0
Jaylin Walker,Kent State,2017-18,20.0,79,203,43,114,25,32,20,18,3,14,39,37,14.98,76,210,29,115,52,68,36,12,0,21,36,38
Jayllen Carter,Shawnee State,2017-18,20.0,0,4,0,0,1,2,0,0,0,1,0,3,14.82,0,0,0,0,0,0,0,0,0,0,0,0
Jaylon Bardley,Blue Mountain College,2017-18,20.0,11,36,8,19,1,4,5,1,0,1,10,13,14.87,9,24,3,13,5,7,2,2,0,1,4,10
Jaylon Hall,Wright State,2017-18,19.95,43,117,18,56,19,35,18,7,0,4,33,25,16.22,50,120,14,39,44,59,23,9,2,13,29,23
Jaymeke Smith,Johnson University (FL),2017-18,20.0,4,4,1,1,0,1,1,0,0,0,1,0,14.83,1,1,0,0,2,2,0,0,0,0,0,1
Jayson Barnhart,Bob Jones University,2017-18,20.0,5,12,1,4,1,1,0,0,0,1,2,1,14.95,4,9,1,3,2,2,1,1,0,0,0,2
Jayson Marquez,Pacific Union,2017-18,20.0,2,8,0,3,2,2,1,0,0,0,1,1,14.93,3,6,1,2,0,0,1,2,0,1,0,3
Jayvon Brown,UC Riverside,2017-18,20.0,3,13,2,7,3,4,3,1,0,1,4,5,18.48,6,13,0,4,7,10,2,0,0,0,2,5
Jayvon Graves,Buffalo,2017-18,20.0,30,78,11,38,9,15,7,8,20,10,28,13,20.0,27,72,12,35,12,22,22,5,6,17,22,9
Jayvon Stone,William Jessup,2017-18,20.0,0,1,0,1,0,0,1,1,0,0,0,1,17.9,0,1,0,1,0,0,1,0,0,0,1,1
Jaywaun Washington,Erskine,2017-18,20.0,0,2,0,0,0,0,0,1,1,0,0,2,14.95,0,1,0,1,0,0,0,1,1,0,1,1
Jaze Randolph,Howard Payne,2017-18,20.0,0,0,0,0,0,1,0,0,0,0,0,1,15.1,0,0,0,0,0,0,0,0,0,0,0,0
Je'Quan Perry,Florida Atlantic,2017-18,20.0,4,12,3,8,0,0,2,2,0,0,10,2,20.0,1,7,1,3,0,1,3,3,0,1,9,3
Jean Ahoume,St. Andrews,2017-18,20.0,3,8,0,0,0,2,0,0,4,3,3,2,14.82,1,8,0,0,0,0,1,0,1,2,1,0
Jeff Beckman,Spring Arbor,2017-18,20.0,0,0,0,0,0,0,1,1,0,0,2,1,15.38,1,2,0,0,0,0,0,0,0,0,1,0
Jeff Beverly,Iowa State,2017-18,20.0,30,68,5,22,9,17,9,8,2,17,19,16,17.85,12,35,1,11,9,10,6,2,1,20,17,5
Jeff Card,Curry College,2017-18,0.0,0,0,0,0,0,0,0,0,0,0,0,0,14.97,0,1,0,1,0,0,0,0,0,0,1,1
Jeff Cooper,Kean,2017-18,20.0,0,4,0,2,0,0,0,0,0,0,0,1,14.78,2,5,2,4,0,1,0,0,0,0,0,0
Jeff Dowtin,Rhode Island,2017-18,20.0,49,116,13,30,16,24,83,14,7,7,36,22,20.0,58,121,8,24,37,51,82,13,6,15,37,19
Jeff Garrett,Northern Kentucky,2017-18,20.0,29,45,0,1,10,17,2,3,7,23,24,13,15.7,16,24,0,1,2,4,1,6,5,14,17,4
Jeff Godsway,Florida National,2017-18,0.0,0,0,0,0,0,0,0,0,0,0,0,0,20.0,1,2,0,0,0,0,0,0,0,0,0,0
Jeff Pollard,Washington State,2017-18,20.0,18,34,0,1,9,12,5,0,0,4,21,8,20.0,21,37,0,3,9,15,5,3,3,11,11,9
Jeff Roberson,Vanderbilt,2017-18,20.0,86,172,37,76,56,63,23,12,4,22,76,18,17.6,77,167,24,74,96,115,26,15,7,36,87,29
Jeff Smith,Fontbonne College,2017-18,20.0,0,2,0,0,0,0,0,0,0,1,1,0,14.88,0,0,0,0,0,0,1,0,0,0,0,0
Jeff Thomas,Georgia State,2017-18,20.0,61,139,31,81,23,26,20,19,16,14,56,13,14.93,63,125,28,64,12,16,19,11,10,10,52,15
Jeff Wu,Sacramento State,2017-18,20.0,22,59,10,31,4,5,20,5,0,2,17,14,20.0,20,51,7,20,5,6,16,8,1,1,21,8
Jeffery Lewis,Mississippi Valley State,2017-18,20.0,7,22,5,18,0,0,2,0,0,0,4,5,14.72,7,23,5,18,0,0,3,0,0,2,2,5
Jeffery McClendon,Loyola Marymount,2017-18,20.0,23,66,5,29,3,7,23,32,2,15,22,16,19.42,23,63,10,26,14,16,29,29,3,19,23,19
Jeffrey Altidort,Bethune-Cookman,2017-18,20.0,23,55,12,29,14,16,25,10,0,1,27,14,14.83,14,41,4,20,9,16,20,5,7,2,15,19
Jeffrey Carroll,Oklahoma State,2017-18,20.0,82,195,34,102,39,46,25,12,6,22,71,35,14.8,64,164,23,73,41,60,23,11,1,22,66,24
Jeffrey Dockett,Miles,2017-18,20.0,1,3,0,2,1,2,0,1,0,0,3,1,14.85,2,4,1,1,1,1,1,0,0,0,0,0
Jeffrey Fry,Pittsburgh-Bradford,2017-18,0.0,0,0,0,0,0,0,0,0,0,0,0,0,14.82,0,1,0,0,0,0,0,0,0,0,0,0
Jeffrey Gary,UNC Wilmington,2017-18,20.0,19,47,12,32,5,6,22,4,0,3,18,13,14.68,16,46,7,30,3,4,11,9,1,5,19,16
Jeffrey McMorris,Frostburg State,2017-18,20.0,0,1,0,0,0,0,0,0,0,0,0,0,14.93,0,0,0,0,0,0,0,0,0,0,0,0
Jeffrey Prophete,Towson,2017-18,0.0,0,1,0,1,0,0,1,1,0,0,1,2,14.93,0,2,0,1,1,2,2,1,0,0,1,5
Jeffrey Uju,Bowling Green,2017-18,20.0,7,21,0,1,4,9,4,2,4,17,28,9,20.0,5,13,0,1,1,2,2,1,3,7,8,5
Jehyve Floyd,Holy Cross,2017-18,20.0,75,115,0,0,20,33,23,15,36,10,60,37,20.0,83,118,0,0,23,50,25,13,27,22,70,34
Jelani Pruitt,Chicago State,2017-18,20.0,30,88,3,10,12,22,15,5,2,26,36,23,14.93,40,73,4,9,17,31,9,10,1,12,30,17
Jemerrio Jones,New Mexico State,2017-18,20.0,88,180,2,26,26,39,37,13,15,67,166,40,16.12,67,130,1,12,9,25,57,18,4,55,132,33
Jequan Pegeese,Lakeland,2017-18,0.0,0,0,0,0,0,0,0,0,1,0,1,0,14.97,0,5,0,4,0,0,2,0,0,0,0,0
Jerald Gillens-Butler,Butler,2017-18,0.0,0,1,0,1,0,0,0,0,0,0,0,0,14.83,2,4,2,3,0,0,1,0,0,1,2,3
Jerekius Davis,Louisiana,2017-18,19.98,14,31,5,11,4,7,3,3,1,4,8,2,14.6,8,21,1,10,1,1,1,0,0,4,5,2
Jeremiah Bell,Milwaukee,2017-18,20.0,70,163,30,83,14,19,23,7,2,1,45,16,19.53,58,145,32,82,39,52,25,21,1,6,39,22
Jeremiah Blandin,Pacific Union,2017-18,20.0,1,2,0,0,0,0,0,1,0,1,0,0,14.93,0,1,0,0,0,0,1,0,0,0,1,1
Jeremiah Bozeman,Jackson State,2017-18,0.0,3,11,1,3,5,6,8,3,0,12,6,5,14.75,9,12,3,4,6,7,3,1,0,3,6,8
Jeremiah Ferguson,Youngstown St,2017-18,20.0,16,49,8,21,6,10,16,9,0,0,13,18,14.98,15,45,2,13,15,21,11,6,1,3,7,12
Jeremiah Fleming,East Central,2017-18,20.0,1,4,1,4,0,1,0,0,0,0,1,1,16.12,3,7,3,7,2,2,0,0,0,0,1,0
Jeremiah Hobbs,Puget Sound,2017-18,20.0,0,0,0,0,1,2,0,1,0,2,0,0,14.78,0,1,0,0,0,0,1,0,1,0,0,0
Jeremiah Jefferson,Jackson State,2017-18,20.0,17,72,11,41,6,7,8,2,2,1,17,5,14.87,15,54,7,33,3,5,3,1,0,2,5,6
Jeremiah Jenkins,Bluefield College,2017-18,20.0,3,7,0,3,0,0,1,0,0,2,1,0,17.85,3,8,0,2,0,0,1,0,0,1,1,0
Jeremiah Livingston,Saint Peter's,2017-18,0.0,4,16,1,6,0,1,2,6,0,4,3,2,17.98,0,5,0,1,1,2,5,2,0,1,2,4
Jeremiah Martin,Memphis,2017-18,20.0,72,174,23,78,36,48,44,31,7,10,45,32,17.97,76,162,25,70,91,117,51,31,8,8,41,36
Jeremiah Pope,Fayetteville State,2017-18,20.0,0,2,0,1,0,0,0,0,0,0,0,0,18.6,1,3,0,2,2,2,1,0,0,2,0,0
Jeremiah Taylor,Louisiana Tech,2017-18,0.0,0,0,0,0,0,0,0,0,0,0,0,0,14.87,0,1,0,1,0,0,0,0,0,0,0,0
Jeremiah Tilmon,Missouri,2017-18,20.0,54,108,0,0,19,27,9,4,14,34,43,25,17.85,58,88,0,0,21,44,6,4,16,24,29,39
Jeremiah Toney,Arkansas-Fort Smith,2017-18,20.0,0,2,0,1,0,0,2,0,0,0,2,0,14.72,1,4,0,1,1,3,1,1,0,0,2,1
Jeremiah Usiosefe,Western Illinois,2017-18,20.0,10,25,8,20,1,2,10,2,3,0,34,5,14.75,15,31,8,20,15,17,10,4,1,2,20,7
Jeremias Easterling,St. Andrews,2017-18,20.0,2,2,0,0,2,2,0,0,0,2,2,0,15.82,1,4,0,0,0,0,0,1,0,0,1,0
Jeremie Tyler,Ball State,2017-18,20.0,20,44,12,24,4,5,7,9,6,4,6,10,20.0,17,43,10,24,6,10,6,4,3,1,12,8
Jeremy Brown,Central State (OH),2017-18,20.0,3,8,1,2,2,2,0,1,0,2,0,1,17.97,4,7,0,1,1,2,0,2,0,2,2,0
Jeremy Combs,LSU,2017-18,20.0,2,4,0,0,2,5,3,2,1,2,5,3,14.73,4,6,0,0,2,3,1,0,0,1,2,1
Jeremy Every,Elmira,2017-18,20.0,0,2,0,0,0,0,0,0,0,1,1,0,14.97,1,2,0,0,0,0,0,0,0,0,0,1
Jeremy Harris,Buffalo,2017-18,20.0,91,196,36,93,23,30,38,19,7,19,76,25,20.0,97,200,49,106,28,36,32,15,16,25,74,20
Jeremy Hemsley,San Diego State,2017-18,20.0,30,81,8,38,20,31,41,6,2,2,19,23,14.82,42,82,11,30,19,31,19,13,3,4,22,24
Jeremy Johnson,Milwaukee,2017-18,20.0,20,55,9,35,1,2,5,4,2,3,17,3,19.53,11,34,5,22,2,4,9,5,2,4,16,3
Jeremy Jones,Gonzaga,2017-18,20.0,4,6,0,0,2,2,3,3,3,5,8,5,14.97,4,9,0,2,11,14,2,2,3,4,10,1
Jeremy Lillis,Sonoma State,2017-18,20.0,0,2,0,1,0,0,1,0,0,2,1,0,14.9,1,2,0,1,0,0,0,1,0,0,0,0
Jeremy Miller,Northeastern,2017-18,20.0,11,25,1,10,7,8,4,2,2,7,20,5,20.0,8,19,2,8,6,8,5,3,2,4,14,4
Jeremy Orieh,Barclay College,2017-18,20.0,1,4,1,2,1,2,0,1,1,0,1,0,14.93,1,2,1,2,0,0,0,0,0,1,0,4
Jeremy Stewart,Brescia,2017-18,20.0,0,0,0,0,0,0,1,0,0,0,0,0,14.88,0,0,0,0,0,0,0,0,0,0,0,0
Jeremy Verges,Harris Stowe,2017-18,0.0,0,0,0,0,0,0,0,0,0,0,0,1,14.67,1,2,1,1,0,0,0,0,1,0,1,1
Jeremy Wert,South Wesleyan,2017-18,20.0,3,8,1,3,0,0,0,0,0,0,5,5,14.77,1,6,0,1,0,0,0,0,0,0,4,1
Jeremy Wright,Texas A&M-International,2017-18,20.0,1,1,1,1,0,0,0,0,0,0,0,1,17.83,3,6,2,4,0,0,3,1,0,0,1,0
Jericho Gray,Centenary,2017-18,20.0,2,4,2,3,1,1,0,0,0,0,2,0,16.03,0,2,0,2,0,0,0,0,0,0,2,1
Jericho Sims,Texas,2017-18,20.0,34,63,0,1,16,32,3,6,11,15,42,8,14.62,29,42,0,0,6,19,4,5,5,21,45,11
Jermaine Brown,Elizabeth City,2017-18,20.0,0,1,0,0,0,0,0,0,0,0,0,1,19.77,0,2,0,0,0,0,1,1,1,1,0,1
Jermaine Crumpton,Canisius,2017-18,20.0,90,202,21,74,48,61,29,7,9,30,60,30,20.0,100,190,23,60,54,71,13,13,7,33,47,24
Jermaine Jackson Jr,Detroit Mercy,2017-18,20.0,0,0,0,0,0,0,49,0,0,0,0,0,16.73,0,0,0,0,0,0,23,0,0,0,0,0
Jermaine Jackson Jr.,Detroit Mercy,2017-18,20.0,33,141,17,82,23,27,1,17,1,6,43,29,16.73,60,137,34,85,25,31,1,14,2,6,26,18
Jermaine Long,East Tennessee State,2017-18,20.0,22,64,11,41,10,11,45,16,1,7,32,25,15.7,15,47,7,32,14,18,29,16,3,1,25,21
Jermaine Marrow,Hampton,2017-18,20.0,86,211,19,56,43,55,76,18,1,10,60,44,17.85,77,201,13,49,57,73,65,15,0,14,50,47
Jermaine Samuels,Villanova,2017-18,20.0,3,12,1,7,1,2,0,0,1,1,10,2,17.97,0,7,0,5,4,8,5,0,1,1,5,2
Jermaine Ukaegbu,Winthrop,2017-18,20.0,16,21,0,0,8,21,1,3,9,15,35,15,16.55,9,19,0,0,11,18,11,1,10,20,24,6
Jerodd Blount,Thomas (GA),2017-18,20.0,1,3,1,3,0,0,2,0,0,0,1,0,14.92,0,1,0,0,0,0,0,0,0,0,0,0
Jerome Davis,UT Martin,2017-18,15.0,2,3,0,0,2,2,0,0,0,1,0,1,20.0,0,1,0,0,0,0,0,0,0,0,1,1
Jerome Desrosiers,Princeton,2017-18,20.0,29,63,21,46,6,7,7,1,1,11,21,11,17.87,22,48,13,34,10,14,13,4,0,5,24,7
Jerome Petty,John Jay College of Criminal Justice,2017-18,20.0,0,2,0,1,0,0,1,0,0,0,1,0,14.93,1,3,1,2,0,0,0,2,0,0,0,0
Jerome Robinson,Boston College,2017-18,20.0,91,202,34,82,52,62,51,11,2,8,49,48,17.85,135,261,39,92,85,101,51,17,2,8,51,38
Jerome Segura,Fairfield,2017-18,20.0,24,62,9,17,4,8,33,12,0,2,16,19,20.0,19,48,2,9,12,15,24,3,0,2,8,10
Jerome Staley,Bryn Athyn,2017-18,20.0,0,1,0,1,0,0,0,0,0,0,1,1,14.82,0,2,0,2,0,0,1,2,0,0,0,0
Jeron Hemphill,Montreat College,2017-18,20.0,5,9,0,1,1,2,1,3,1,2,5,1,14.92,3,6,0,0,0,0,4,2,0,1,4,1
Jerrell Doorbal,Panhandle State,2017-18,20.0,0,1,0,0,0,0,0,1,0,0,0,1,14.92,0,0,0,0,0,1,0,0,1,0,0,0
Jerrelle DeBerry,Utah Valley,2017-18,20.0,21,52,11,22,16,20,7,0,2,3,14,6,20.0,13,41,4,17,11,18,5,2,2,10,14,10
Jerrick Harding,Weber State,2017-18,20.0,105,205,28,69,32,36,13,9,1,8,43,34,20.0,110,202,24,52,73,86,30,17,3,10,39,32
Jerron Athey,Bethany WV,2017-18,20.0,0,1,0,0,0,0,3,0,0,0,4,2,14.92,0,1,0,1,0,0,0,0,0,0,1,1
Jerron Martin,Illinois State,2017-18,20.0,4,16,3,13,2,3,5,2,0,0,3,5,20.0,2,9,0,2,1,1,4,4,0,1,2,2
Jerry Lawson,Cal Lutheran,2017-18,0.0,0,0,0,0,0,0,0,0,0,0,0,0,15.8,0,1,0,1,0,0,0,0,0,0,0,0
Jerry Perry,Texas Southern,2017-18,20.0,6,8,3,3,0,0,2,0,0,2,1,6,20.0,1,6,0,1,6,7,6,2,0,0,1,3
Jervon Walker,Reinhardt,2017-18,20.0,1,6,0,0,1,2,1,2,0,1,3,1,14.92,0,4,0,1,0,0,0,0,0,2,1,0
Jess Louro,,2017-18,1.03,0,1,0,1,0,0,0,0,0,0,2,1,0.0,0,1,0,1,0,0,0,1,0,0,1,1
Jesse Adelson,Elmira,2017-18,20.0,1,2,0,1,1,1,1,1,0,0,1,1,14.97,1,1,1,1,0,0,1,0,0,0,1,1
Jesse Bunting,Fordham,2017-18,20.0,5,6,0,0,0,0,1,0,1,5,2,1,18.8,2,4,0,0,2,2,0,1,0,1,3,0
Jesse Case,Lynchburg,2017-18,20.0,1,2,1,2,0,2,1,0,0,0,2,2,19.93,1,4,0,3,0,0,2,0,0,1,3,0
Jesse Henderson,Bethesda,2017-18,20.0,2,9,1,6,0,0,0,0,0,0,0,1,17.8,1,3,1,3,0,0,0,0,0,0,1,1
Jesse Huff,St. Leo,2017-18,20.0,0,2,0,1,0,0,0,0,0,0,1,0,17.95,0,0,0,0,2,3,1,0,0,1,0,2
Jesse Hunt,Eastern Washington,2017-18,20.0,26,49,8,18,14,18,10,4,4,13,37,12,15.25,27,56,6,18,11,13,11,2,4,16,37,9
Jesse Little,American,2017-18,0.0,9,14,1,2,4,9,7,3,5,10,18,11,14.72,13,28,0,3,7,14,7,5,12,15,19,7
Jesse Love,Jackson State,2017-18,20.0,7,13,3,6,2,4,7,0,1,3,10,3,14.87,6,14,2,6,2,2,3,3,0,3,5,1
Jesse Ntihemuka,Ohio Valley,2017-18,0.0,0,0,0,0,0,0,0,0,0,0,0,0,14.78,2,4,2,3,0,0,2,0,0,1,1,1
Jesse Scarber,Mount Marty,2017-18,20.0,2,6,1,4,0,0,0,0,0,1,1,0,14.67,2,4,1,2,0,0,1,1,0,0,0,0
Jesse Wade,Gonzaga,2017-18,0.0,0,4,0,3,0,0,1,0,0,2,0,0,14.87,3,5,2,4,0,0,0,2,0,0,3,2
Jessie Govan,Georgetown,2017-18,20.0,106,214,11,26,45,62,35,10,20,41,120,21,15.8,88,167,5,19,62,81,22,8,13,28,100,28
Jessy Cantinol,Florida National,2017-18,20.0,6,10,0,0,2,2,2,3,1,5,6,3,14.87,6,11,0,1,7,10,2,1,3,6,3,2
Jessy Haynes,Carver Bible College,2017-18,0.0,1,4,0,0,0,0,0,2,1,1,2,1,14.93,0,2,0,0,0,0,1,1,1,0,1,1
Jesus Castillo,,2017-18,1.12,1,3,1,3,0,0,1,0,1,0,1,0,0.0,1,1,1,1,0,0,0,0,0,0,1,1
Jesus Cruz,Fairfield,2017-18,20.0,61,141,14,44,15,27,18,22,3,12,64,25,20.0,46,104,11,39,20,34,25,24,2,14,42,15
Jesus Limon,San Diego Christian,2017-18,20.0,0,1,0,0,0,0,0,0,0,0,0,1,14.75,0,0,0,0,0,0,0,0,0,0,0,0
Jevon Carter,West Virginia,2017-18,20.0,111,244,39,97,37,47,127,58,7,14,80,39,14.87,89,227,31,85,87,96,99,51,4,14,52,53
Jhivvan Jackson,,2017-18,3.92,61,162,32,87,41,48,27,16,1,5,45,28,0.0,83,183,30,89,60,80,18,9,1,4,35,30
Jibreel Faulkner,Canisius,2017-18,0.0,12,34,6,17,5,9,4,3,0,10,12,4,19.18,17,28,3,7,6,9,7,5,1,3,12,5
Jiday Ugbaja,Sacramento State,2017-18,20.0,3,7,0,0,0,0,5,0,0,1,5,3,20.0,2,5,1,1,0,0,6,2,0,0,3,2
Jihad Woods,Cal State-Los Angeles,2017-18,20.0,1,4,0,0,0,1,0,0,2,2,2,0,16.75,1,4,0,0,0,0,1,0,2,1,1,0
Jihar Williams,William & Mary,2017-18,20.0,4,16,3,13,0,0,0,0,2,0,4,1,14.88,3,11,3,9,1,2,2,2,1,0,3,1
Jimario Rivers,Memphis,2017-18,20.0,38,84,3,9,17,24,33,8,5,18,38,33,17.97,39,74,2,6,35,48,24,11,10,25,32,23
Jimbo Lull,San Francisco,2017-18,20.0,27,51,1,7,9,12,3,3,10,18,39,15,17.72,21,37,0,3,9,16,5,2,8,11,24,12
Jimell Tate,Haskell,2017-18,20.0,0,5,0,3,0,0,0,0,0,0,0,1,14.9,2,4,1,2,1,2,1,0,0,0,0,0
Jimmy Boeheim,Cornell,2017-18,20.0,15,52,3,22,4,8,6,1,4,7,21,3,14.93,10,35,2,14,7,11,5,0,0,8,13,4
Jimmy Golaszewski,Catholic University,2017-18,20.0,1,3,1,3,0,0,0,0,0,1,2,1,15.57,1,3,1,3,2,2,1,1,0,2,1,1
Jimmy Hayes,Cincinnati Clermont,2017-18,20.0,0,1,0,0,0,0,2,0,0,0,0,1,14.62,2,2,0,0,0,0,0,0,0,0,0,0
Jimmy Olaniyi,FDU-Florham,2017-18,0.0,0,0,0,0,0,0,0,0,0,0,0,0,14.98,1,3,0,1,0,0,0,0,0,2,0,0
Jimmy Sotos,Bucknell,2017-18,20.0,21,62,12,31,12,16,27,12,1,2,44,27,14.88,22,48,10,24,28,35,34,16,2,6,34,20
Jimmy Sylvain,Georgia Southwestern,2017-18,0.0,0,0,0,0,0,0,0,0,0,0,0,0,19.55,2,2,0,0,0,0,1,1,0,0,0,0
Jimmy Whitt,SMU,2017-18,20.0,67,141,2,9,14,29,58,29,8,23,59,29,20.0,62,128,3,10,40,63,46,29,6,21,51,22
Jimmy Wohrer,Puget Sound,2017-18,20.0,3,7,3,7,0,0,0,2,0,0,1,0,14.78,3,4,3,3,0,0,2,1,0,0,0,2
Jimond Ivey,Akron,2017-18,20.0,61,153,24,76,19,25,61,17,6,13,70,38,20.0,72,174,34,90,45,60,46,16,6,23,68,31
Jj Pankratz,Simon Fraser,2017-18,20.0,2,8,0,3,0,0,0,1,0,0,1,1,17.22,1,3,0,0,0,1,0,0,1,0,3,2
Jo Lual-Acuil Jr,Baylor,2017-18,0.0,0,0,0,0,0,0,3,0,0,0,0,0,14.92,0,0,0,0,0,0,3,0,0,0,0,0
Jo Lual-Acuil Jr.,Baylor,2017-18,20.0,98,192,6,16,28,40,10,11,31,40,95,33,14.92,69,138,0,3,39,54,5,6,26,45,80,32
Jo'Vontae Millner,Presbyterian,2017-18,20.0,0,1,0,1,0,0,0,0,0,0,0,2,14.98,0,0,0,0,0,0,0,0,0,0,0,0
JoJo Cooper,Wagner,2017-18,20.0,80,186,22,52,42,56,95,22,1,15,63,50,20.0,69,165,15,41,65,89,102,26,0,21,64,51
JoJo McGlaston,Bradley,2017-18,20.0,10,28,4,11,4,9,4,7,2,6,18,11,17.68,9,25,0,11,12,16,6,4,1,4,7,6
JoJo Walker,Portland,2017-18,20.0,37,92,18,41,15,24,35,14,0,2,26,31,20.0,30,81,11,37,45,60,29,12,0,3,30,28
Joan Duran,Tennessee Tech,2017-18,20.0,8,17,2,4,1,5,4,5,0,4,11,4,14.68,7,15,3,6,0,0,3,3,2,5,5,3
Joan Povea,Ave Maria,2017-18,20.0,2,4,1,1,0,0,1,0,0,0,5,2,14.82,0,2,0,1,1,2,1,1,0,1,0,3
Joao Preto,Williams Baptist,2017-18,20.0,1,3,0,0,0,0,0,0,0,1,1,1,14.98,0,0,0,0,0,0,0,0,0,0,0,0
Jock Landale,Saint Mary's,2017-18,20.0,133,203,1,3,52,64,31,6,18,46,124,35,15.78,110,174,2,5,73,97,29,6,16,38,98,36
Jock Perry,Saint Mary's,2017-18,0.0,1,1,0,0,0,0,0,0,0,0,0,1,18.05,5,5,0,0,2,4,0,0,0,0,2,0
Jodrell Thompson,Kean,2017-18,0.0,1,2,1,2,1,1,1,1,0,1,2,3,14.78,0,1,0,0,0,0,0,0,0,1,0,1
Joe Ajike,,2017-18,0.0,0,0,0,0,0,0,0,0,0,0,0,1,0.0,0,0,0,0,0,0,0,0,0,0,0,0
Joe Baldi,Benedictine (AZ),2017-18,20.0,0,2,0,1,3,4,2,1,0,1,0,1,18.28,0,1,0,0,0,0,0,0,0,0,1,0
Joe Borcia,Wisconsin Parkside,2017-18,20.0,1,3,0,0,0,0,3,0,1,2,5,0,16.33,2,5,0,0,1,2,1,0,1,2,1,1
Joe Burton,Valparaiso,2017-18,20.0,19,47,6,26,5,7,5,1,3,4,11,8,14.98,15,29,9,17,13,15,3,0,3,3,15,8
Joe Chealey,Charleston,2017-18,19.65,68,171,23,68,64,75,49,9,1,11,65,28,20.0,89,222,37,95,127,149,63,18,3,11,62,25
Joe Covarrubias,CS Monterey Bay,2017-18,20.0,0,0,0,0,0,0,1,0,0,0,0,1,14.97,0,0,0,0,0,0,1,1,0,0,0,1
Joe Cremo,Albany,2017-18,20.0,86,185,41,81,32,39,58,12,2,10,45,25,20.0,84,188,31,77,89,109,51,14,6,10,60,39
Joe Dockery,Toccoa Falls,2017-18,20.0,1,14,0,3,2,6,3,1,0,1,7,10,14.87,2,6,0,2,0,0,4,0,0,0,1,12
Joe Duffy,FDU-Florham,2017-18,0.0,0,0,0,0,0,0,0,0,0,0,0,0,14.98,0,1,0,0,0,0,0,0,0,0,0,0
Joe Furstinger,New Mexico,2017-18,20.0,64,120,1,13,52,62,32,15,27,28,96,26,14.98,51,88,3,10,51,67,35,7,26,21,75,21
Joe Garza,New Mexico State,2017-18,20.0,3,11,3,11,6,7,1,0,0,0,4,1,16.12,2,11,2,11,0,0,3,0,0,0,3,2
Joe Hanel,DePaul,2017-18,20.0,0,2,0,0,0,2,1,0,0,0,5,1,20.0,1,1,0,0,0,0,0,0,0,1,0,0
Joe Hinton,Oakland City,2017-18,20.0,5,12,5,10,0,0,5,2,0,0,3,3,14.98,0,4,0,3,0,0,2,2,0,0,0,0
Joe Hoeup,Hardin-Simmons,2017-18,20.0,1,7,1,6,1,2,2,2,0,0,0,2,18.05,0,5,0,2,1,2,0,1,0,1,1,2
Joe Hugley,Central Connecticut,2017-18,15.0,46,89,23,50,24,29,4,5,7,10,42,25,20.0,38,97,15,46,26,37,5,4,6,18,32,18
Joe Kirby,Richmond,2017-18,0.0,4,17,1,11,0,0,5,3,0,1,9,1,19.13,3,8,1,4,0,1,3,2,0,3,3,1
Joe Mooney,UC Davis,2017-18,20.0,30,65,16,40,3,8,7,13,0,1,9,11,17.87,23,57,14,36,7,10,11,8,1,6,15,10
Joe Mvuezolo Jr,Montana State,2017-18,15.0,0,0,0,0,0,0,10,0,0,0,0,0,20.0,0,0,0,0,0,0,13,0,0,0,0,0
Joe Mvuezolo Jr.,Montana State,2017-18,0.0,37,99,9,34,16,23,0,5,8,8,41,21,15.53,38,83,14,32,26,37,0,12,6,12,37,13
Joe Quintana,Loyola Marymount,2017-18,20.0,6,25,6,20,0,0,7,2,1,2,4,8,19.42,2,13,1,5,0,0,3,3,0,2,3,3
Joe Rosga,Denver,2017-18,20.0,67,146,28,75,28,31,42,10,2,7,56,32,15.7,63,131,32,66,61,69,40,10,0,10,42,25
Joe Schriner,Franciscan University,2017-18,20.0,0,0,0,0,0,0,1,0,1,0,1,1,14.95,1,2,0,0,1,1,0,0,0,0,0,1
Joe Sherburne,UMBC,2017-18,20.0,63,153,36,87,9,13,31,16,6,10,49,12,20.0,55,129,29,82,8,11,30,11,5,16,55,15
Joe Thompson,South Alabama,2017-18,0.0,10,28,0,5,6,8,2,3,4,14,18,8,17.9,10,23,1,5,12,19,2,3,2,6,23,7
Joe Toye,Vanderbilt,2017-18,20.0,22,73,9,37,5,9,12,5,5,6,27,29,17.6,45,90,11,33,20,32,14,3,4,11,20,13
Joe Vernau,Franciscan University,2017-18,20.0,1,2,0,0,0,0,0,1,0,1,0,1,14.95,1,1,1,1,0,0,0,0,0,0,0,0
Joe Wiencek,,2017-18,0.0,0,0,0,0,0,0,0,0,0,0,1,2,0.0,0,0,0,0,0,0,0,0,0,0,0,0
Joe'Randle Toliver,Arkansas-Pine Bluff,2017-18,20.0,17,44,15,42,0,0,12,4,0,1,12,8,14.55,7,27,6,25,5,6,16,4,0,5,16,8
Joel Angus III,Hofstra,2017-18,20.0,19,43,0,0,7,7,3,2,3,14,25,4,20.0,15,31,0,0,10,12,4,5,1,12,14,3
Joel Baskin,,2017-18,7.98,1,4,0,2,0,0,1,0,1,0,0,0,0.0,0,1,0,0,0,0,0,0,0,0,0,0
Joel Berry II,North Carolina,2017-18,20.0,83,229,34,114,34,39,48,20,8,9,46,37,20.0,98,232,48,121,61,66,55,15,2,10,49,24
Joel Boyce,Coppin State,2017-18,20.0,2,7,0,1,1,4,3,1,0,1,2,3,17.87,7,8,0,0,1,1,0,2,0,1,6,7
Joel Davis,Cornell,2017-18,20.0,23,60,5,19,13,21,15,10,5,8,26,18,14.93,19,56,3,14,17,26,14,13,5,10,20,11
Joel Hernandez,LIU Brooklyn,2017-18,20.0,118,251,32,75,37,53,44,6,7,24,65,56,20.0,126,275,24,72,99,154,41,13,9,36,63,42
Joel Swallow,Southern Utah,2017-18,20.0,1,3,0,0,0,0,0,0,0,1,2,0,14.88,0,0,0,0,0,0,0,0,0,0,0,0
Joel Zola,Central Pennsylvania College,2017-18,20.0,5,13,1,4,5,6,2,3,0,0,5,4,14.97,3,11,0,3,6,8,1,2,0,1,3,4
Joey Brunk,Butler,2017-18,20.0,5,10,0,0,3,6,1,0,2,6,12,2,17.72,3,7,0,0,0,0,1,0,0,4,6,2
Joey DiOrio,Ohio Northern,2017-18,20.0,3,7,3,6,0,0,0,1,0,2,1,1,20.0,0,2,0,2,0,0,0,1,0,2,1,0
Joey Downes,Rutgers,2017-18,0.0,0,0,0,0,0,0,0,0,0,0,0,0,14.85,1,2,1,2,0,0,0,1,0,0,0,0
Joey Frenchwood,Lamar,2017-18,20.0,32,90,21,60,3,7,49,24,1,5,32,30,20.0,38,99,20,53,31,40,59,18,1,5,20,31
Joey Gruden,,2017-18,0.0,0,0,0,0,0,0,0,0,0,0,0,2,0.0,0,0,0,0,0,0,0,0,0,0,0,0
Joey Hall,University of the Ozarks,2017-18,20.0,2,2,2,2,0,0,1,0,0,0,0,0,14.8,0,0,0,0,0,0,0,0,0,0,0,2
Joey Inman,Walla Walla University,2017-18,20.0,2,2,2,2,0,0,1,0,0,0,1,1,15.25,0,1,0,0,0,0,2,1,0,2,0,1
Joey Liem,Quincy,2017-18,20.0,0,0,0,0,0,0,1,0,0,1,0,1,14.53,0,0,0,0,0,0,0,0,0,0,0,0
Joey McLean,James Madison,2017-18,20.0,35,101,10,42,18,22,23,14,1,3,16,16,15.48,33,79,10,30,19,22,27,9,3,4,14,21
Joey Naccarato,UMass Lowell,2017-18,20.0,0,5,0,2,9,10,1,0,0,0,3,4,14.9,2,5,0,1,0,1,0,0,0,3,0,0
Joey Polczynski,York College Pa,2017-18,20.0,0,2,0,2,0,0,0,0,0,0,2,0,18.7,0,0,0,0,0,0,0,0,0,0,0,0
Joey Toyama,Whittier,2017-18,20.0,4,5,4,5,0,0,0,0,0,0,0,0,14.93,0,0,0,0,0,0,0,0,0,0,0,0
Joey Williams,,2017-18,0.0,0,0,0,0,0,0,0,0,0,0,0,0,0.0,0,0,0,0,0,0,0,1,0,0,0,0
John Bailey,,2017-18,0.0,0,0,0,0,0,0,0,0,0,0,0,0,0.0,0,0,0,0,0,0,0,0,0,0,0,1
John Baker,Goucher,2017-18,20.0,0,1,0,1,0,0,2,0,0,0,1,1,14.92,0,0,0,0,2,4,0,0,0,0,0,0
John Blanc,Central Pennsylvania College,2017-18,20.0,2,4,0,1,1,1,1,0,0,0,2,0,14.97,1,3,0,0,0,0,0,2,0,1,2,1
John Burwell,William Peace,2017-18,20.0,0,4,0,0,0,0,2,1,0,0,2,1,14.87,1,1,1,1,0,0,4,2,0,1,1,1
John Carroll,Hartford,2017-18,19.95,76,177,11,36,48,69,33,9,12,19,69,33,20.0,69,133,7,19,70,99,34,3,13,30,70,23
John Chapman,Montana Tech,2017-18,20.0,2,4,1,3,0,0,2,1,0,2,1,0,14.7,2,5,1,4,0,0,0,0,0,0,1,0
John Coleman,Curry College,2017-18,0.0,0,0,0,0,0,0,0,1,0,1,0,0,14.97,0,0,0,0,0,0,1,0,0,0,1,1
John Comeaux,Stephen F. Austin,2017-18,20.0,23,54,2,13,20,30,31,23,0,8,30,15,17.98,24,47,2,9,6,12,20,16,1,10,11,9
John Cornish,William Carey,2017-18,20.0,3,3,3,3,0,0,0,0,0,1,1,1,17.85,0,1,0,1,0,0,0,0,0,0,1,0
John Crnogorac,,2017-18,18.95,19,40,0,1,4,10,3,1,7,10,20,10,0.0,19,36,0,1,4,4,3,1,13,3,13,8
John Crosby,Dayton,2017-18,20.0,13,44,5,20,15,16,28,4,0,3,17,18,20.0,17,35,3,9,11,15,16,1,0,1,13,13
John Davis III,Furman,2017-18,20.0,69,135,25,62,20,26,39,21,2,7,36,23,14.95,53,111,16,41,31,42,32,21,0,6,25,20
John Dewey III,Sam Houston State,2017-18,20.0,48,141,21,55,43,49,81,20,0,13,44,52,14.87,52,139,21,62,60,72,64,16,0,12,41,46
John Edgar Jr,UC Irvine,2017-18,19.92,0,0,0,0,0,0,12,0,0,0,0,0,20.0,0,0,0,0,0,0,13,0,0,0,0,0
John Edgar Jr.,UC Irvine,2017-18,19.92,53,140,20,66,4,6,2,3,0,17,53,25,20.0,45,106,11,46,16,22,0,6,1,8,43,21
John Emezie,Army,2017-18,20.0,12,47,6,22,8,9,15,9,3,7,13,8,20.0,23,43,8,18,3,7,6,8,7,8,17,9
John Fulkerson,Tennessee,2017-18,20.0,11,24,0,0,10,14,8,13,3,11,16,14,14.98,6,14,0,0,3,4,5,2,5,7,11,7
John Geary,Emerson College,2017-18,20.0,0,3,0,2,0,0,0,0,0,0,1,0,14.52,0,1,0,0,0,0,0,0,0,0,0,0
John Grant Jr,Savannah St,2017-18,20.0,0,0,0,0,0,0,2,0,0,0,0,0,14.93,0,0,0,0,0,0,0,0,0,0,0,0
John Grant Jr.,Savannah St,2017-18,20.0,17,40,14,33,2,5,0,3,2,2,9,7,14.97,3,20,2,15,0,2,0,0,0,2,8,4
John Guerra,North Carolina Central,2017-18,20.0,3,23,1,8,5,6,1,3,0,8,7,3,14.78,11,21,6,11,13,17,8,4,0,6,7,5
John Hall,Evansville,2017-18,20.0,22,61,0,3,5,8,10,5,3,13,30,10,16.88,11,34,1,2,11,14,3,2,4,11,30,10
John Harrar,Penn State,2017-18,20.0,1,2,0,0,0,1,0,1,1,2,4,3,20.0,4,8,0,0,1,2,0,0,1,6,2,1
John Jay,,2017-18,0.0,0,0,0,0,0,0,0,0,0,2,1,0,0.0,0,0,0,0,0,0,0,0,0,1,0,0
John Johnson,Ohio Christian,2017-18,20.0,2,7,1,5,0,0,1,0,0,0,4,1,14.98,3,4,2,3,0,0,0,1,0,0,2,0
John Joyce,Chicago State,2017-18,20.0,0,6,0,5,0,0,1,1,0,1,0,1,14.93,1,3,1,2,0,0,0,1,0,0,1,1
John Kiser,Valparaiso,2017-18,20.0,10,28,5,16,5,6,13,6,2,15,25,7,14.92,6,16,3,9,16,22,8,4,3,11,40,5
John Konchar,Purdue Fort Wayne,2017-18,20.0,65,146,21,66,19,26,60,36,10,33,83,22,17.45,82,161,33,76,39,61,62,33,11,27,85,22
John Mason,Georgia Southwestern,2017-18,20.0,2,3,2,3,0,0,1,0,0,0,2,0,19.55,2,4,2,2,2,4,0,0,0,0,2,0
John Matt Merritt,Lipscomb,2017-18,20.0,2,3,1,2,0,0,2,1,0,0,0,0,20.0,2,2,1,1,0,0,0,0,0,1,1,0
John Maynor,Elizabeth City,2017-18,20.0,0,2,0,1,0,0,0,0,0,0,1,1,19.77,2,5,2,5,0,0,2,0,0,0,1,1
John McAdoo,,2017-18,17.97,0,1,0,1,0,0,0,0,0,0,0,0,0.0,0,0,0,0,2,2,0,0,0,0,3,0
John McCloskey,Summit,2017-18,20.0,1,5,1,5,0,0,0,0,0,0,0,1,14.9,1,4,1,3,0,0,1,0,1,0,0,1
John Meeks,Bucknell,2017-18,20.0,8,22,1,10,1,2,4,2,0,5,6,4,20.0,8,12,1,3,0,0,3,0,0,1,1,3
John Miller,Army,2017-18,20.0,2,8,0,0,1,4,2,0,3,6,9,7,20.0,6,6,0,0,2,3,1,2,2,5,4,1
John Mooney,Notre Dame,2017-18,20.0,33,77,19,44,10,20,4,4,3,19,55,9,17.88,27,49,9,18,6,17,7,5,7,14,26,2
John Ogwuche,New Hampshire,2017-18,20.0,34,74,17,43,7,9,18,7,3,9,25,14,14.75,19,53,10,26,17,22,8,6,3,11,32,10
John Pettway,South Alabama,2017-18,20.0,11,26,1,1,9,15,9,4,1,2,9,12,15.78,14,29,0,0,6,8,11,2,0,2,11,11
John Petty,Alabama,2017-18,20.0,50,133,37,101,11,15,32,10,4,6,43,34,17.97,57,142,40,108,18,25,24,6,2,9,27,32
John Schurman,Binghamton,2017-18,20.0,3,8,2,6,0,0,1,0,0,2,3,0,17.58,1,3,1,2,0,0,1,2,0,0,3,0
Johnatan Reyes,Northern Colorado,2017-18,0.0,1,2,0,0,1,2,1,1,0,0,2,4,14.83,3,5,0,0,2,2,5,1,0,1,2,3
Johnathan Childs,Webber International,2017-18,20.0,13,24,6,7,4,4,1,0,1,1,5,5,20.0,6,12,1,4,2,2,1,1,2,2,8,1
Johnathan Doutt,George Fox,2017-18,20.0,1,4,1,3,0,0,1,0,0,0,0,0,14.98,3,6,3,5,0,0,1,0,0,0,0,2
Johnathan Manning,Millsaps,2017-18,0.0,0,0,0,0,0,0,0,0,0,0,0,0,14.9,1,1,1,1,0,0,0,0,0,0,0,0
Johnathan Matthews,Missouri-St. Louis,2017-18,20.0,1,4,0,1,4,4,3,1,0,0,0,2,15.58,0,0,0,0,2,2,1,0,0,0,0,1
Johnathan Stove,Louisiana,2017-18,20.0,39,82,5,19,30,37,22,5,6,13,19,22,18.53,42,68,6,14,51,63,22,8,4,18,24,11
Johnathan Williams,Gonzaga,2017-18,20.0,99,192,6,22,39,74,40,16,24,44,139,46,14.97,91,141,2,10,45,88,19,7,17,38,85,33
Johnathon Caldwell,Maine-Fort Kent,2017-18,0.0,0,0,0,0,0,0,0,0,0,0,0,0,14.98,1,2,0,1,0,0,0,0,0,0,1,0
Johnathon Wilkins,New Mexico State,2017-18,20.0,52,101,9,22,2,8,24,3,10,25,27,15,16.12,34,56,5,14,11,17,15,2,9,19,20,13
Johncarlos Reyes,Boston College,2017-18,20.0,17,35,0,0,5,11,3,1,4,10,23,7,17.85,20,30,0,0,3,7,2,1,4,14,16,14
Johnell Lane,Texas-Tyler,2017-18,20.0,0,6,0,3,0,0,0,0,0,0,3,0,14.87,1,5,0,1,0,0,0,0,0,0,1,0
Johnnel Ginnie,Thomas (GA),2017-18,20.0,1,1,0,0,0,0,0,0,0,2,1,1,14.92,0,0,0,0,0,0,0,0,0,0,1,1
Johnnie Robinson III,Paine,2017-18,20.0,0,3,0,1,0,0,3,0,0,0,1,1,16.32,1,2,0,1,0,0,2,0,0,1,0,0
Johnnie Shuler,La Salle,2017-18,20.0,10,30,6,20,4,5,23,4,0,1,14,8,17.98,5,19,3,12,6,8,12,5,0,2,7,9
Johnny Benson,,2017-18,2.55,1,2,1,2,1,2,0,0,0,0,1,0,0.0,1,1,0,0,2,2,0,0,0,0,1,4
Johnny Echaniz,Christendom,2017-18,20.0,1,2,0,0,0,0,2,1,0,0,2,1,14.93,0,1,0,1,0,0,1,0,1,0,4,0
Johnny Hamilton,UT Arlington,2017-18,20.0,57,91,0,0,25,36,8,5,26,35,60,21,16.15,35,51,0,0,24,31,6,6,22,29,60,24
Johnny McCants,New Mexico State,2017-18,20.0,35,58,0,0,9,21,5,8,12,29,39,12,16.12,22,39,0,0,5,15,7,4,11,25,35,9
Johnny McWilliams,Fresno State,2017-18,20.0,6,22,3,9,4,11,4,2,2,1,5,0,14.8,3,10,0,3,4,6,4,2,0,2,2,4
Johnny Trueblood,Nebraska,2017-18,0.0,0,0,0,0,0,0,0,0,0,0,0,0,20.0,0,0,0,0,0,1,0,0,0,0,0,0
Johnny Wang,CSU Fullerton,2017-18,20.0,1,5,0,3,2,4,0,1,1,1,0,1,20.0,0,1,0,0,0,0,0,0,0,0,6,1
Johnson & Wales (CO),,2017-18,0.0,0,0,0,0,0,0,0,0,0,3,2,1,0.0,0,0,0,0,0,0,0,0,0,1,1,0
Johnson & Wales (NC),,2017-18,0.0,0,0,0,0,0,0,0,0,0,6,4,2,0.0,0,0,0,0,0,0,0,0,0,1,3,2
Johnson Decembre,Tennessee Wesleyan,2017-18,20.0,3,10,1,5,4,7,0,1,0,1,1,2,14.68,7,12,1,2,1,1,1,0,0,4,2,5
Johnson University,,2017-18,0.0,0,0,0,0,0,0,0,0,0,1,4,0,0.0,0,0,0,0,0,0,0,0,0,0,2,0
Johnson University Florida,,2017-18,0.0,0,0,0,0,0,0,0,0,0,2,1,1,0.0,0,0,0,0,0,0,0,0,0,0,0,2
Johquin Wiley,Delaware State,2017-18,20.0,36,94,19,51,6,13,31,23,0,2,10,30,17.2,35,101,11,45,26,36,30,16,1,4,18,30
Jojo Anderson,Northern Arizona,2017-18,20.0,26,88,15,53,35,40,24,5,0,6,18,28,14.88,37,96,19,48,61,74,31,7,2,1,21,22
Jon Ander Cuadra,Campbell,2017-18,0.0,0,1,0,0,0,0,0,0,0,0,0,0,14.98,2,3,0,0,0,0,1,0,0,0,1,0
Jon Anderson,Cornell College,2017-18,20.0,7,11,0,0,2,4,0,1,0,1,1,0,12.02,0,0,0,0,0,0,0,0,0,0,0,0
Jon Axel Gudmundsson,Davidson,2017-18,20.0,47,120,19,59,20,25,61,18,1,6,79,26,14.98,70,145,35,75,46,60,73,18,0,9,80,32
Jon Baker,Johnson University (FL),2017-18,20.0,2,6,0,3,0,0,1,0,1,1,2,0,14.83,2,5,0,0,0,2,0,0,0,1,0,1
Jon Davis,Charlotte,2017-18,20.0,61,172,20,64,48,63,73,14,2,10,34,67,14.78,80,193,20,62,74,96,69,13,7,14,45,40
Jon Elmore,Marshall,2017-18,19.18,101,253,42,135,88,105,128,30,3,8,103,65,20.0,122,265,44,116,131,161,99,26,10,7,75,63
Jon Hovermale,Siena Heights,2017-18,20.0,2,6,2,6,0,0,0,0,0,0,2,0,14.92,2,5,2,4,1,2,2,1,1,0,2,0
Jon Lott,Arcadia University,2017-18,0.0,0,0,0,0,0,0,0,0,0,0,0,0,18.55,2,3,0,0,2,3,2,1,0,1,3,3
Jon Purintun,Jamestown,2017-18,20.0,3,6,0,1,0,0,2,0,0,1,1,4,14.83,3,6,0,0,0,1,1,2,0,0,1,1
Jon Siu,Northern Illinois,2017-18,0.0,1,1,1,1,0,0,1,0,0,0,0,0,19.22,1,1,1,1,0,0,0,0,0,0,1,0
Jon Teske,Michigan,2017-18,20.0,30,53,0,0,23,39,10,15,16,27,37,12,17.12,21,37,0,1,18,28,3,6,8,26,33,3
Jon Viles,Multnomah,2017-18,20.0,0,5,0,3,0,0,0,0,0,0,1,0,14.8,1,4,1,1,0,0,1,0,0,1,1,0
Jon Williams,Robert Morris,2017-18,20.0,32,82,29,62,3,6,57,7,0,2,27,40,14.95,28,78,19,55,13,16,36,6,0,2,27,29
Jon-Reese Woodson,West New Mexico,2017-18,20.0,4,6,0,0,1,2,0,0,1,2,4,0,18.48,2,5,0,0,3,4,0,0,0,1,6,1
Jonah Antonio,Mt. St. Mary's,2017-18,20.0,59,149,46,124,11,15,10,18,10,8,53,10,14.57,54,159,39,122,14,15,7,18,6,5,47,6
Jonah Cottrell,California Merced,2017-18,20.0,3,6,3,4,0,0,0,0,1,0,0,0,14.87,0,3,0,2,0,0,1,0,0,1,2,0
Jonah Mathews,USC,2017-18,20.0,65,128,31,69,11,15,17,8,3,10,32,20,14.88,42,90,22,48,14,21,12,8,2,8,26,4
Jonah Matulle,Wisconsin Parkside,2017-18,20.0,4,9,2,4,2,3,0,1,0,0,0,1,16.33,2,5,0,2,0,0,1,1,0,0,1,0
Jonah Meredith,Shenandoah,2017-18,20.0,1,10,0,3,1,2,1,0,0,0,1,3,14.82,4,6,0,1,0,0,3,1,0,0,3,5
Jonah Radebaugh,Northern Colorado,2017-18,20.0,49,106,37,79,12,18,25,13,5,23,83,22,17.9,49,97,25,59,27,39,19,27,7,20,88,11
Jonas Bradshaw,Brevard College,2017-18,0.0,0,0,0,0,0,0,0,0,0,0,0,0,16.65,0,0,0,0,0,0,1,0,0,0,0,0
Jonas Perkis,Florida Memorial,2017-18,20.0,1,1,0,0,0,0,0,0,0,0,0,0,12.82,0,0,0,0,0,0,0,0,0,0,0,0
Jonathan Baehre,UNC Asheville,2017-18,20.0,20,36,3,13,1,2,5,3,10,6,22,7,20.0,15,33,5,16,4,5,3,5,7,5,22,8
Jonathan Bryant II,Chattanooga,2017-18,0.0,6,19,0,5,3,4,0,2,0,4,9,2,14.8,4,13,1,3,5,7,3,2,0,2,5,3
Jonathan Bryant Ii,,2017-18,0.0,0,0,0,0,0,0,0,0,0,0,0,1,0.0,0,0,0,0,0,0,0,0,0,0,0,0
Jonathan Canada,College of Coastal Georgia,2017-18,20.0,0,0,0,0,0,0,5,1,0,0,0,0,19.87,1,2,1,1,0,0,6,0,0,0,1,0
Jonathan Cortez,Life Pacific,2017-18,20.0,10,18,3,5,3,6,3,1,0,4,12,5,16.72,8,17,3,6,1,4,1,0,0,3,5,5
Jonathan Dalton,,2017-18,5.95,16,48,8,28,12,18,60,16,0,8,24,32,0.0,30,47,9,18,25,34,89,21,0,10,22,24
Jonathan Davis,Baylor,2017-18,20.0,0,1,0,1,0,0,0,0,0,0,0,0,15.57,0,0,0,0,0,0,0,0,0,0,0,0
Jonathan DeLaRosa,Mid-Atlantic Christian University,2017-18,20.0,0,3,0,0,0,0,0,0,0,0,0,1,14.7,0,2,0,0,1,2,0,0,0,0,1,2
Jonathan DeWane,Air Force,2017-18,20.0,9,19,2,4,1,2,2,2,1,1,6,3,20.0,8,12,2,3,0,0,2,2,0,1,6,1
Jonathan Galloway,UC Irvine,2017-18,19.92,22,51,0,0,11,21,5,4,13,38,76,20,20.0,15,36,0,0,9,16,10,12,27,30,86,19
Jonathan Guevara,CSU Northridge,2017-18,20.0,7,29,3,12,3,8,10,4,0,1,12,11,16.72,8,24,1,6,6,13,12,1,1,0,12,8
Jonathan Hurt,,2017-18,18.42,0,0,0,0,0,0,1,0,0,0,2,1,0.0,0,1,0,1,0,0,1,0,0,0,0,0
Jonathan Jean,Furman,2017-18,20.0,1,2,0,1,0,0,3,0,0,1,0,2,18.1,2,2,0,0,0,1,5,1,0,0,4,0
Jonathan Kasibabu,Fairfield,2017-18,20.0,38,65,6,14,28,36,18,6,13,18,54,22,20.0,45,57,0,2,32,53,17,4,17,26,53,25
Jonathan Milligan,Pittsburgh,2017-18,20.0,17,58,4,27,8,12,19,6,0,2,12,23,20.0,29,51,5,16,35,43,21,4,1,2,12,13
Jonathan Mitchell,Delaware State,2017-18,20.0,10,21,1,3,7,9,9,3,0,6,5,7,14.85,8,15,1,3,9,16,9,1,3,3,4,3
Jonathan Mulmore,Georgetown,2017-18,20.0,28,56,10,19,27,31,54,15,0,7,37,34,15.8,14,38,4,12,26,39,46,14,5,4,15,21
Jonathan Nwankwo,,2017-18,0.0,0,0,0,0,0,0,0,0,0,0,0,0,0.0,0,0,0,0,0,0,0,0,1,0,0,0
Jonathan Ragland,,2017-18,4.4,3,7,3,5,0,0,0,0,0,0,0,0,0.0,2,4,1,2,0,0,0,0,0,2,0,1
Jonathan Sanks,Canisius,2017-18,20.0,22,69,13,43,6,8,14,3,0,2,19,10,20.0,25,51,16,34,10,14,14,2,1,6,16,5
Jonathan Simmons,Ave Maria,2017-18,0.0,2,4,2,4,0,0,2,0,0,0,3,4,14.82,2,2,2,2,2,2,1,1,0,0,2,2
Jonathan Stark,Murray State,2017-18,20.0,101,231,47,125,35,38,54,22,2,2,33,31,14.88,94,203,48,117,75,83,55,18,2,9,30,33
Jonathan Walker,Delaware State,2017-18,20.0,34,74,7,24,12,18,28,12,0,9,10,25,14.9,30,65,9,17,17,24,20,13,0,8,14,13
Jonathan Wiley,Southern Illinois,2017-18,20.0,22,51,0,1,12,14,10,4,4,12,34,10,16.55,24,43,0,1,7,15,6,4,4,6,27,8
Jonathan Williams,VCU,2017-18,20.0,33,82,7,19,17,22,96,27,1,4,37,33,14.58,55,134,10,33,72,92,72,16,3,5,28,33
Jonathon Hart,Edward Waters,2017-18,20.0,4,7,0,0,1,1,1,1,0,2,2,2,14.77,2,2,0,0,1,2,0,0,0,0,2,2
Joniah White,Louisiana Tech,2017-18,20.0,15,25,0,0,9,14,5,4,12,8,17,13,14.87,13,28,0,0,9,13,3,1,12,25,25,5
Joniya Gadson,Bowling Green,2017-18,20.0,4,8,0,0,0,4,2,1,3,6,10,7,20.0,1,2,0,0,0,0,0,0,1,2,4,2
Jonquis Bouyea,CS Monterey Bay,2017-18,20.0,0,1,0,0,0,0,2,0,0,0,1,0,14.97,2,4,1,3,0,0,1,1,0,0,0,1
Jontavis Willis,Ouachita Baptist,2017-18,20.0,3,7,1,4,2,3,0,0,0,1,1,1,20.0,3,4,3,4,0,0,3,0,0,0,3,2
Jontay Porter,Missouri,2017-18,20.0,57,121,20,49,27,38,35,9,29,29,85,35,17.85,46,108,19,56,47,58,33,15,22,18,84,24
Jontray Harris,Oral Roberts,2017-18,20.0,12,36,7,21,2,2,11,1,1,6,22,10,14.68,15,33,6,12,16,20,15,2,2,8,22,8
Jontrell Herman,Johnson & Wales (CO),2017-18,20.0,6,17,4,9,1,2,3,2,0,1,7,5,14.68,4,14,2,7,2,3,2,3,0,0,1,2
Jontrell Walker,Ball State,2017-18,20.0,19,43,13,30,5,5,13,4,2,1,9,7,20.0,14,34,6,18,14,19,15,2,1,1,6,16
Joonas Tahvanainen,Utah Valley,2017-18,0.0,0,3,0,2,0,0,2,1,0,2,4,1,17.77,2,6,0,2,0,1,2,0,1,3,6,1
Jordan Abdur-Ra'oof,Cornell,2017-18,0.0,2,7,0,3,0,0,1,1,0,0,1,4,17.9,6,9,3,6,0,3,1,0,0,0,2,0
Jordan Adkins,,2017-18,0.0,0,0,0,0,0,0,0,0,0,0,0,1,0.0,0,0,0,0,0,0,0,0,0,0,0,2
Jordan Aiken,,2017-18,0.0,0,0,0,0,0,0,0,0,0,0,0,0,0.0,0,0,0,0,0,0,0,1,0,0,0,0
Jordan Allen,La Verne,2017-18,0.0,54,155,34,98,16,19,13,12,6,9,43,18,14.87,60,151,39,94,32,40,3,7,5,13,29,20
Jordan Andrews,South Alabama,2017-18,20.0,18,89,13,67,24,25,12,6,2,3,18,16,15.78,32,90,24,68,19,21,10,7,0,0,22,14
Jordan Ash,Northwestern,2017-18,20.0,7,22,4,17,0,0,10,6,0,1,12,7,20.0,12,28,7,17,1,3,7,7,0,2,10,6
Jordan Barnes,Indiana State,2017-18,20.0,73,179,51,124,18,22,42,18,1,5,59,46,14.98,81,182,56,123,52,59,62,17,0,5,42,32
Jordan Barnett,Missouri,2017-18,20.0,74,172,45,107,31,32,17,13,7,26,66,24,17.85,61,126,34,81,39,46,15,9,12,20,60,23
Jordan Benjamin,Florida College,2017-18,20.0,3,4,0,0,1,2,1,0,0,3,1,2,14.88,3,4,0,0,1,2,0,1,0,3,3,0
Jordan Berry,Jackson State,2017-18,20.0,5,14,5,12,1,2,0,2,0,1,5,3,17.88,5,20,3,14,0,0,3,4,0,4,2,3
Jordan Blount,UIC,2017-18,20.0,40,102,9,38,12,21,36,12,12,28,82,51,19.03,49,89,6,24,17,23,37,25,4,24,77,45
Jordan Bohannon,Iowa,2017-18,20.0,74,155,58,114,23,24,79,11,0,1,38,37,14.93,61,159,36,102,50,57,91,10,0,3,31,28
Jordan Bone,Tennessee,2017-18,20.0,54,135,17,44,26,30,66,15,1,3,32,22,14.98,34,91,9,26,17,23,55,11,1,5,31,21
Jordan Bowden,Tennessee,2017-18,20.0,52,131,30,75,22,32,38,24,4,14,51,19,14.98,45,115,20,53,49,66,26,14,7,18,40,18
Jordan Brown,Fayetteville State,2017-18,20.0,0,1,0,0,0,0,0,0,0,1,1,0,18.6,0,0,0,0,2,2,0,0,1,0,1,0
Jordan Burns,Colgate,2017-18,20.0,66,161,23,69,12,16,56,13,2,5,32,36,20.0,66,145,16,42,40,53,31,12,1,9,34,38
Jordan Camper,Lincoln PA,2017-18,20.0,2,3,0,0,0,0,0,2,3,0,1,1,19.8,2,4,0,1,0,0,0,1,2,1,0,0
Jordan Capps,SE Louisiana,2017-18,20.0,84,156,6,22,30,52,8,4,10,21,51,28,14.88,65,114,9,18,28,51,6,6,16,10,35,28
Jordan Caroline,Nevada,2017-18,20.0,106,228,17,56,64,81,42,10,3,39,102,38,17.93,99,203,15,47,100,149,37,15,3,55,102,31
Jordan Chatman,Boston College,2017-18,20.0,76,174,51,120,16,19,21,8,0,6,35,11,17.85,54,133,32,82,45,49,26,10,1,9,37,11
Jordan Cintron,Longwood,2017-18,20.0,11,25,2,4,8,15,3,12,4,9,20,17,14.82,10,24,0,3,2,5,5,3,1,5,14,5
Jordan Clark,Linfield College,2017-18,20.0,3,6,0,3,1,2,1,0,0,1,3,0,14.95,2,2,0,0,0,0,1,0,0,0,1,1
Jordan Coblin,,2017-18,15.25,0,0,0,0,0,0,1,0,0,0,0,2,0.0,0,0,0,0,0,0,0,0,0,0,0,0
Jordan Cohen,Lehigh,2017-18,15.0,46,96,14,33,11,13,29,16,1,17,38,21,20.0,47,98,7,31,25,28,33,9,6,9,33,16
Jordan Cooper-Livers,Brescia,2017-18,20.0,1,4,1,1,0,0,0,0,0,1,0,3,14.88,2,4,1,3,0,2,0,0,0,0,0,0
Jordan Cornish,Tulane,2017-18,20.0,53,145,16,62,16,22,43,5,4,8,46,42,20.0,49,127,24,61,42,62,54,6,6,3,41,32
Jordan Dallas,Weber State,2017-18,20.0,7,11,1,1,0,0,2,0,3,1,6,3,14.77,7,12,0,0,4,6,2,1,1,2,14,7
Jordan Dartis,Ohio,2017-18,20.0,53,134,33,86,19,22,32,16,1,6,39,20,20.0,58,122,38,81,28,33,22,14,2,4,37,17
Jordan Dartis made Jumper. Assisted by Gavin,,2017-18,0.0,0,0,0,0,0,0,0,0,2,0,0,0,0.0,0,0,0,0,0,0,0,0,0,0,0,0
Jordan Dartis made Three Point Jumper. Assisted by Gavin,,2017-18,0.0,0,0,0,0,0,0,0,0,13,0,0,0,0.0,0,0,0,0,0,0,0,0,14,0,0,0
Jordan Davis,Northern Colorado,2017-18,20.0,132,303,31,105,55,87,88,30,10,24,90,68,17.9,166,321,36,92,85,127,79,30,7,19,87,59
Jordan Dehm,Eureka College,2017-18,20.0,3,7,2,5,0,0,0,1,1,0,3,0,14.73,3,9,1,5,0,0,0,1,0,0,5,1
Jordan Dillingham,Columbia International,2017-18,20.0,4,4,2,2,0,0,0,1,0,0,1,0,14.77,1,2,0,1,0,0,0,0,0,0,1,4
Jordan Downs,Randall University,2017-18,20.0,0,1,0,0,0,0,0,0,0,0,0,0,17.52,0,2,0,1,0,0,0,0,0,0,1,1
Jordan Eaton,Montreat College,2017-18,20.0,1,2,1,2,0,0,0,1,0,0,2,1,14.92,0,2,0,0,0,0,0,0,0,0,1,0
Jordan Enriquez,West New Mexico,2017-18,20.0,1,4,1,2,1,2,1,0,0,1,2,0,18.48,0,0,0,0,0,0,0,0,0,0,0,2
Jordan Evans,Mississippi Valley State,2017-18,20.0,16,67,5,26,5,6,6,7,0,5,13,13,14.72,34,85,16,34,19,27,19,7,1,6,9,9
Jordan Fabry,Lourdes,2017-18,20.0,1,2,1,2,0,0,2,1,0,0,1,1,14.9,0,2,0,2,0,0,0,0,0,0,0,1
Jordan Fleck,Sonoma State,2017-18,20.0,0,3,0,0,0,0,0,1,0,0,0,1,14.9,0,0,0,0,1,2,0,0,0,0,0,0
Jordan Foote,Piedmont,2017-18,0.0,1,3,0,1,0,0,0,1,0,0,0,1,17.92,1,4,0,1,0,0,0,0,0,0,2,0
Jordan Ford,Saint Mary's,2017-18,20.0,70,135,26,60,18,22,18,8,2,10,37,10,15.78,42,87,14,31,13,19,20,11,0,3,32,14
Jordan Forehand,St. Francis (PA),2017-18,0.0,0,0,0,0,0,0,0,0,0,0,0,0,14.95,0,0,0,0,1,2,1,0,0,0,0,0
Jordan Foster,Lamar,2017-18,20.0,9,11,0,0,3,7,2,0,11,6,21,8,14.9,9,10,0,0,5,13,0,1,9,8,12,8
Jordan Fox,Army,2017-18,20.0,70,159,46,101,15,17,66,14,1,12,53,28,20.0,59,158,25,84,37,46,51,5,2,6,48,27
Jordan Gant,Warren Wilson,2017-18,20.0,3,8,3,8,0,0,2,3,0,0,2,1,14.78,4,8,4,8,0,0,0,1,0,0,3,1
Jordan Garnett,Northern Kentucky,2017-18,20.0,30,70,14,40,7,10,26,11,7,16,27,13,15.7,35,67,20,43,12,18,25,13,4,10,36,16
Jordan Geist,Missouri,2017-18,20.0,35,70,17,40,18,28,38,12,0,6,49,23,17.85,30,76,11,37,43,58,53,14,0,10,57,32
Jordan Giles,UMKC,2017-18,20.0,42,103,10,39,49,61,13,10,4,13,30,42,14.95,40,88,6,26,48,66,13,8,6,16,32,30
Jordan Goldwire,Duke,2017-18,20.0,4,14,3,11,1,2,11,5,0,2,2,1,14.73,3,6,1,3,0,0,7,2,0,0,3,5
Jordan Goodwin,Saint Louis,2017-18,20.0,60,160,13,50,21,29,47,26,13,37,76,24,17.4,42,118,5,26,40,60,47,22,1,29,47,29
Jordan Grant,Central Arkansas,2017-18,0.0,0,0,0,0,0,0,0,0,0,0,0,0,15.88,0,0,0,0,0,0,1,0,0,0,0,0
Jordan Grayson,Toccoa Falls,2017-18,20.0,9,21,1,4,2,2,5,0,1,2,9,11,14.87,3,16,0,2,0,0,4,2,3,2,8,5
Jordan Griffin,Long Beach State,2017-18,20.0,33,83,24,61,2,3,6,2,1,5,22,10,15.45,16,45,11,33,9,10,6,2,0,2,14,4
Jordan Hall,Tennessee Wesleyan,2017-18,20.0,1,6,1,5,0,0,1,0,1,1,4,3,14.68,0,3,0,3,0,0,0,1,0,0,1,0
Jordan Hardwick,Coppin State,2017-18,20.0,2,7,1,2,0,0,0,0,5,1,5,1,14.83,3,9,0,1,0,0,0,0,0,0,2,2
Jordan Harnum,Susquehanna University,2017-18,0.0,0,0,0,0,0,0,0,0,0,0,0,0,20.0,1,1,0,0,0,0,0,0,0,0,0,0
Jordan Harris,Georgia,2017-18,20.0,10,18,4,9,4,7,6,3,1,0,11,6,20.0,11,33,1,11,10,14,7,4,2,4,19,8
Jordan Hickman,Sonoma State,2017-18,20.0,0,0,0,0,0,1,0,0,0,0,0,0,14.9,0,0,0,0,0,0,0,0,0,0,0,0
Jordan Hill,Seattle,2017-18,20.0,66,157,39,94,28,37,47,19,6,11,48,43,17.4,60,164,26,82,32,42,52,16,7,6,45,41
Jordan Hines,St. Andrews,2017-18,20.0,1,9,1,2,0,2,0,2,0,1,2,0,14.82,1,4,1,2,0,0,0,0,0,0,1,0
Jordan Horn,Siena,2017-18,0.0,32,85,24,60,8,11,11,8,0,10,19,16,15.0,37,90,21,56,18,23,16,7,3,6,27,12
Jordan Howard,Central Arkansas,2017-18,20.0,121,259,58,117,95,107,50,19,0,8,67,38,14.92,121,260,37,119,72,81,33,15,0,2,37,28
Jordan Hughes,Western Illinois,2017-18,20.0,5,9,0,0,0,0,0,1,0,3,14,0,20.0,0,0,0,0,1,2,0,1,1,0,3,0
Jordan Humphrey,Lake Erie College,2017-18,19.75,2,4,0,2,0,0,3,0,0,0,1,0,20.0,2,3,0,1,0,0,0,0,0,0,3,1
Jordan Hunter,Saint Mary's,2017-18,20.0,13,23,1,1,3,5,2,2,4,12,13,7,15.78,15,24,0,0,3,10,2,2,8,8,19,8
Jordan Jackson,UT Rio Grande Valley,2017-18,20.0,9,17,1,8,6,8,2,3,1,3,6,4,20.0,5,10,0,2,5,8,1,3,0,2,4,1
Jordan Jenkins,Willamette,2017-18,20.0,1,6,0,1,0,0,3,0,0,0,4,2,14.92,2,3,1,1,1,2,1,0,0,0,1,0
Jordan Johnson,UNLV,2017-18,20.0,56,132,25,58,45,53,93,22,5,10,44,43,14.8,62,142,21,55,99,119,84,16,3,5,35,41
Jordan Jones,Kennesaw State,2017-18,20.0,79,138,0,3,25,46,16,19,20,36,89,30,17.72,51,84,0,1,25,36,20,9,20,32,74,27
Jordan Kitchen,St. Martin's,2017-18,20.0,0,1,0,0,0,0,0,0,0,0,1,1,18.95,1,4,1,1,0,0,0,0,0,0,1,0
Jordan Koczman,Cairn University,2017-18,20.0,1,4,0,0,0,0,0,1,0,1,2,1,14.85,1,2,0,0,0,0,2,0,0,0,2,1
Jordan Lingard,Whittier,2017-18,20.0,0,1,0,0,0,0,0,0,0,0,1,0,14.93,0,1,0,0,0,0,0,0,0,1,0,1
Jordan Lopez,Bethesda,2017-18,20.0,0,4,0,3,2,2,1,0,0,0,1,1,14.68,2,6,1,4,1,2,1,0,0,0,0,3
Jordan Lumpkins,Prairie View A&M,2017-18,20.0,1,3,0,0,0,0,0,1,0,1,2,2,16.42,1,2,0,0,0,0,0,1,0,0,5,2
Jordan Lyons,Furman,2017-18,20.0,40,112,30,85,21,26,11,8,1,2,24,19,14.95,33,84,19,61,18,24,8,9,1,1,17,25
Jordan Madrid-Andrews,Richmond,2017-18,20.0,1,5,0,3,0,0,0,0,0,0,3,2,14.62,1,1,0,0,0,0,0,0,1,1,0,1
Jordan Majors,,2017-18,0.0,0,0,0,0,0,0,0,0,0,0,1,2,0.0,0,0,0,0,0,0,0,0,0,0,0,0
Jordan May,Eastern Oregon,2017-18,20.0,2,9,0,3,0,0,2,0,0,0,2,1,14.78,3,6,1,3,0,0,0,1,0,1,0,1
Jordan McKenzie,Stony Brook,2017-18,20.0,14,50,1,20,3,4,38,9,1,4,19,16,17.95,18,41,3,17,7,10,22,8,1,0,10,14
Jordan McLaughlin,USC,2017-18,20.0,53,127,21,50,21,26,107,31,2,15,54,41,14.88,72,160,19,59,56,75,119,33,4,10,40,40
Jordan McNeil,Towson,2017-18,20.0,29,64,10,27,6,8,8,9,2,1,25,8,20.0,17,46,11,32,8,14,13,8,1,1,16,17
Jordan McRae,Binghamton,2017-18,0.0,1,1,0,0,0,0,0,0,0,0,0,0,14.75,1,2,0,0,1,1,0,0,0,0,0,0
Jordan Muir-Keung,Simon Fraser,2017-18,20.0,1,2,0,0,0,0,4,0,0,0,1,0,17.22,1,1,0,0,1,2,1,1,0,0,4,0
Jordan Murphy,Minnesota,2017-18,20.0,92,197,5,18,56,73,18,21,17,64,107,41,17.93,91,162,3,12,72,108,23,16,14,59,105,37
Jordan Naughton,Wyoming,2017-18,20.0,5,8,0,0,1,1,0,0,1,1,4,3,16.72,2,5,0,0,1,2,0,1,0,1,3,0
Jordan Nobles,Eastern Michigan,2017-18,20.0,30,69,23,51,5,6,13,11,5,11,31,10,15.38,27,63,14,42,1,3,10,12,8,4,29,8
Jordan Nwora,Louisville,2017-18,0.0,21,42,9,21,11,15,4,9,2,5,16,9,20.0,19,35,8,15,10,13,3,6,1,5,14,5
Jordan Perkins,,2017-18,15.95,40,101,6,20,20,24,66,9,3,9,28,42,0.0,50,94,12,25,31,50,87,11,4,12,38,35
Jordan Poole,Michigan,2017-18,20.0,39,94,22,60,38,40,11,12,2,2,23,11,14.97,27,70,14,42,17,23,10,5,3,0,26,12
Jordan Ratinho,San Francisco,2017-18,20.0,59,149,35,94,20,29,24,14,6,13,45,20,17.72,62,135,38,88,24,42,19,12,9,17,45,9
Jordan Ratliffe,VMI,2017-18,20.0,32,80,8,31,10,13,9,7,0,9,17,21,14.72,27,75,13,41,10,14,6,9,1,7,19,16
Jordan Reed,New Hampshire,2017-18,20.0,34,98,24,76,6,6,26,6,0,8,33,19,14.75,24,84,17,60,1,3,22,8,4,5,19,20
Jordan Roberts,Long Beach State,2017-18,20.0,29,60,0,3,8,11,14,11,3,15,22,18,15.45,21,40,1,1,9,18,11,10,3,13,19,9
Jordan Robertson,Colgate,2017-18,20.0,37,78,10,25,11,16,6,6,3,8,13,16,19.77,22,64,4,16,17,28,7,4,4,14,12,11
Jordan Robinson,Duquesne,2017-18,20.0,47,83,0,0,15,28,10,6,7,25,45,14,20.0,22,50,0,1,17,25,9,2,5,20,26,5
Jordan Schakel,San Diego State,2017-18,20.0,17,44,16,38,5,6,5,7,2,7,19,7,14.82,9,33,7,22,2,2,9,3,0,9,18,1
Jordan Scott,Idaho,2017-18,20.0,28,52,14,24,7,11,22,3,6,25,42,11,17.93,15,39,4,12,22,28,24,4,9,20,50,16
Jordan Scurry,Creighton,2017-18,0.0,0,0,0,0,0,0,0,0,0,0,0,0,17.98,0,1,0,1,0,0,0,0,0,0,0,0
Jordan Session,Georgia State,2017-18,20.0,48,91,4,11,28,50,18,20,22,35,67,23,14.93,46,81,1,2,19,38,10,20,15,34,64,20
Jordan Shepherd,Oklahoma,2017-18,19.9,12,32,2,11,5,9,19,6,2,1,8,15,16.07,10,22,4,8,17,20,14,6,2,1,10,9
Jordan Strawberry,Mercer,2017-18,20.0,46,148,25,77,23,26,79,12,1,7,48,27,20.0,65,151,17,62,72,83,71,8,1,13,44,27
Jordan Swopshire,Colgate,2017-18,20.0,58,154,36,99,19,22,18,9,3,13,55,18,20.0,62,138,35,90,42,56,19,8,5,24,66,26
Jordan Tolbert,Sacramento State,2017-18,20.0,42,116,13,45,9,12,32,16,0,6,33,29,20.0,56,127,28,59,23,28,24,16,0,8,28,24
Jordan Tucker,Duke,2017-18,0.0,0,0,0,0,0,0,0,0,0,0,0,0,14.9,0,1,0,0,1,2,0,0,0,0,1,1
Jordan Tyson,Georgia State,2017-18,20.0,16,29,0,0,4,10,3,3,6,10,21,16,14.93,13,25,0,0,5,11,1,1,9,11,19,6
Jordan Underwood,Walla Walla University,2017-18,20.0,0,3,0,2,0,0,0,0,0,0,0,0,14.9,0,2,0,1,0,0,0,0,0,2,0,0
Jordan Usher,USC,2017-18,0.0,22,50,8,20,9,12,17,10,2,9,22,11,14.88,21,48,11,26,12,15,11,6,1,9,22,10
Jordan Van Ommering,San Diego Christian,2017-18,20.0,0,4,0,3,0,0,1,1,0,0,2,0,14.82,1,2,0,1,0,1,0,0,0,0,0,0
Jordan Venters,Cornell College,2017-18,0.0,0,0,0,0,0,0,0,0,0,0,0,0,12.02,1,4,1,4,0,0,0,1,0,0,0,1
Jordan Walker,Seton Hall,2017-18,20.0,46,133,20,63,27,40,43,18,5,11,41,32,14.97,52,142,22,67,53,75,38,19,4,9,36,45
Jordan Watkins,Davidson,2017-18,20.0,2,8,2,7,0,0,4,1,0,0,3,2,14.98,5,9,4,7,0,0,0,2,0,1,2,3
Jordan Watson,Erskine,2017-18,20.0,0,3,0,1,0,0,1,0,0,0,3,1,14.95,2,2,1,1,2,4,0,1,0,0,0,0
Jordan Whitehead,High Point,2017-18,20.0,30,51,0,0,7,16,12,7,4,34,37,10,14.88,23,44,0,2,11,21,4,9,1,24,29,7
Jordan Whitfield,Campbell,2017-18,20.0,10,31,5,18,1,1,16,2,1,2,12,10,20.0,18,37,10,22,6,8,18,8,0,8,18,11
Jorden Duffy,North Texas,2017-18,20.0,43,93,24,53,6,10,14,4,1,7,40,9,14.73,29,84,14,44,21,25,12,3,1,3,29,12
Jorden Kite,Incarnate Word,2017-18,20.0,13,28,10,23,4,6,7,4,0,0,9,5,20.0,4,10,3,8,2,2,6,0,0,0,9,6
Jorden Thornton,St. Francis (ILL),2017-18,20.0,2,8,2,4,0,0,1,0,0,0,0,1,14.93,0,4,0,3,0,0,0,1,0,0,1,3
Jordon Harris,UL Monroe,2017-18,20.0,42,120,20,65,6,9,44,14,0,12,25,25,20.0,43,114,14,51,8,9,46,18,1,7,19,28
Jordon King,Purdue Fort Wayne,2017-18,20.0,31,71,14,39,5,18,6,4,3,4,21,11,17.45,21,42,12,26,15,23,5,7,0,5,22,9
Jordon Talley,UNC Wilmington,2017-18,20.0,83,204,38,89,41,45,72,12,0,9,41,33,14.68,81,188,26,76,43,57,89,14,2,7,27,38
Jordon Varnado,Troy,2017-18,20.0,89,182,15,42,39,50,20,10,16,30,56,24,20.0,64,132,7,32,34,48,22,7,18,14,57,26
Jordon Watson,Dallas Christian,2017-18,20.0,2,2,2,2,0,0,1,1,0,0,0,3,14.6,0,1,0,1,0,0,0,0,0,0,0,0
Jordy Kuiper,UNC Greensboro,2017-18,20.0,38,103,22,59,6,10,12,14,5,22,43,19,18.35,44,104,14,48,17,24,23,6,7,35,56,21
Jordy Tshimanga,Nebraska,2017-18,20.0,26,61,0,0,11,20,9,1,6,23,52,24,20.0,23,40,0,0,11,19,6,5,7,33,30,11
Jorge Cano,Benedictine (AZ),2017-18,20.0,2,2,0,0,0,0,0,0,0,0,1,0,18.28,3,5,0,0,0,1,0,0,1,2,1,0
Jorge Concepcion III,Bluefield College,2017-18,20.0,4,11,1,2,4,4,0,0,0,0,3,1,17.85,1,4,0,0,1,2,1,0,0,0,1,2
Jorge Rosa,New Orleans,2017-18,20.0,0,2,0,1,2,2,4,0,0,0,1,0,17.92,4,7,0,2,0,0,0,0,0,2,2,0
Jose Alvarado,Georgia Tech,2017-18,20.0,37,97,14,50,21,26,35,19,1,7,46,34,20.0,57,114,25,53,43,53,40,24,1,7,31,23
Jose Benitez,Florida National,2017-18,20.0,3,8,0,1,0,0,4,0,0,0,4,2,14.87,3,7,0,0,1,5,5,0,0,1,1,1
Jose Bustamante,Midway,2017-18,20.0,2,5,0,3,0,0,0,0,0,0,1,0,14.88,2,3,0,0,0,0,0,0,0,0,0,0
Jose Bustamente,Midway,2017-18,0.0,0,0,0,0,0,0,0,0,0,0,1,1,14.68,1,1,0,0,1,1,0,0,0,1,0,1
Jose Fernandez,Culver-Stockton,2017-18,20.0,2,5,1,2,0,0,0,0,0,0,0,2,14.53,1,2,0,0,0,0,1,0,0,0,0,0
Jose Grubbs,Missouri-St. Louis,2017-18,20.0,0,1,0,0,0,0,0,1,0,0,2,1,15.58,0,1,0,0,0,0,0,0,0,1,0,0
Jose Martinez,San Diego,2017-18,20.0,6,14,5,10,0,0,0,1,0,0,7,3,17.92,4,10,2,7,1,2,0,0,2,2,3,1
Jose Morales,Princeton,2017-18,0.0,3,7,1,3,1,2,2,2,0,0,1,3,20.0,3,7,1,3,3,3,2,1,1,0,1,2
Joseph Adeyemo,Bluefield State,2017-18,20.0,2,2,0,0,1,2,0,1,1,0,3,1,14.88,1,5,0,0,0,0,0,0,0,4,3,1
Joseph Allen,Elizabeth City,2017-18,20.0,4,5,0,1,0,0,1,0,2,0,3,2,19.77,2,2,0,0,0,0,0,1,0,0,5,1
Joseph Amoddio,Elmira,2017-18,20.0,0,1,0,0,0,0,1,0,0,0,1,0,14.97,0,0,0,0,0,0,0,1,0,0,0,1
Joseph Bull,Oneonta State,2017-18,20.0,0,1,0,1,0,0,0,0,0,0,1,1,15.07,0,0,0,0,0,0,0,0,0,0,0,0
Joseph Chartouny,Fordham,2017-18,20.0,41,128,16,62,35,52,59,51,3,10,61,33,20.0,51,126,14,51,33,45,64,34,5,9,60,30
Joseph Cook,Dartmouth,2017-18,20.0,1,1,0,0,0,0,0,0,0,0,1,0,20.0,0,0,0,0,0,0,0,0,0,0,1,0
Joseph Gatling,Greensboro,2017-18,20.0,2,9,1,4,2,2,0,0,0,1,2,2,14.87,2,6,1,4,0,0,1,1,0,0,0,0
Joseph Gouty,Lincoln PA,2017-18,20.0,0,0,0,0,0,0,1,0,0,0,2,1,19.8,0,0,0,0,0,0,0,0,0,0,0,0
Joseph Kilgore,Texas A&M-CC,2017-18,20.0,95,218,17,52,36,51,42,22,8,9,53,42,20.0,82,210,17,47,90,109,45,24,9,17,62,38
Joseph Lewis,Delaware State,2017-18,20.0,18,62,4,13,2,6,10,2,5,3,25,21,14.9,16,35,0,3,7,14,5,1,1,4,22,15
Joseph Lopez,Sacred Heart,2017-18,20.0,75,158,1,8,21,49,16,8,4,44,90,31,20.0,74,151,0,10,21,46,10,8,9,53,70,26
Joseph Ruzevich,Loyola New Orleans,2017-18,0.0,0,2,0,0,0,0,0,0,0,0,0,0,14.77,0,2,0,0,4,4,0,1,0,3,2,0
Joseph Scott,Pacific Union,2017-18,20.0,1,1,0,0,0,0,0,0,0,0,1,0,14.93,0,1,0,0,0,0,0,0,0,0,1,0
Joseph Serrano,Webber International,2017-18,20.0,7,9,2,2,2,2,5,1,0,0,7,1,20.0,2,5,0,0,0,0,2,1,0,1,2,1
Joseph Smoyer,Portland,2017-18,0.0,3,10,0,0,4,6,1,1,6,3,11,2,14.9,5,9,0,0,3,4,2,1,1,1,4,3
Joseph Williams,Brewton-Parker,2017-18,20.0,0,1,0,1,0,0,0,0,1,0,1,0,14.92,0,2,0,0,1,2,0,0,0,0,0,0
Josh Ajayi,South Alabama,2017-18,20.0,73,143,7,20,54,67,14,10,8,25,81,42,15.78,61,128,6,24,36,53,15,6,5,24,60,24
Josh Anderson,Western Kentucky,2017-18,20.0,28,55,1,4,13,20,4,12,4,8,14,8,14.93,17,30,0,2,21,35,8,3,2,7,18,8
Josh Ayeni,St. Bonaventure,2017-18,0.0,26,62,0,0,9,12,5,3,2,10,14,9,14.9,19,42,0,1,6,12,1,2,1,13,17,8
Josh Bashford,Schreiner,2017-18,20.0,5,8,0,1,1,1,1,1,1,0,4,3,14.82,0,2,0,2,2,4,0,1,0,0,0,1
Josh Bearden,St. Thomas (TX),2017-18,20.0,1,4,1,2,2,2,1,0,0,0,2,2,20.0,2,5,1,1,0,0,1,0,0,1,1,3
Josh Benford,Avila,2017-18,20.0,4,6,0,1,2,4,0,3,0,1,2,1,14.83,1,1,0,0,0,0,1,1,0,0,0,1
Josh Berry,Schreiner,2017-18,20.0,2,3,0,0,0,0,0,0,1,3,2,1,14.82,0,0,0,0,0,1,0,0,0,0,0,2
Josh Boutte,Sam Houston State,2017-18,20.0,22,38,0,0,12,16,2,1,6,21,20,5,20.0,27,41,0,0,8,14,3,1,1,15,21,8
Josh Brown,Temple,2017-18,20.0,61,134,17,39,14,19,58,14,4,9,32,26,20.0,44,111,14,35,32,43,46,12,6,14,65,28
Josh Bryant,Fayetteville State,2017-18,20.0,5,11,0,3,0,0,0,0,0,0,3,1,18.6,4,11,0,0,1,2,1,2,0,0,6,0
Josh Cammon,Bridgewater,2017-18,20.0,0,4,0,2,0,0,0,1,0,0,1,0,15.48,0,0,0,0,0,0,0,0,0,0,0,0
Josh Carlton,UConn,2017-18,20.0,25,54,0,0,12,15,4,6,11,25,33,20,20.0,25,46,0,0,12,20,5,4,11,24,26,8
Josh Coleman,Coastal Carolina,2017-18,20.0,30,65,0,1,7,19,2,3,9,35,37,6,14.88,18,36,0,0,2,9,0,0,11,31,17,9
Josh Conley,Southern Miss,2017-18,0.0,0,1,0,0,0,0,0,0,0,0,0,0,18.97,0,0,0,0,1,2,1,0,0,0,1,1
Josh Cotton,Johnson University (FL),2017-18,20.0,1,2,0,0,0,0,0,0,0,2,1,2,14.83,0,1,0,0,0,0,0,1,1,0,0,1
Josh Covington,NC Wesleyan,2017-18,20.0,0,2,0,0,0,0,0,0,0,1,0,2,14.98,0,1,0,1,2,2,0,1,0,0,2,2
Josh Crutchfield,Gordon College,2017-18,20.0,0,1,0,1,1,2,1,0,0,1,1,1,17.7,0,2,0,0,0,0,0,0,0,0,0,2
Josh Cunningham,Dayton,2017-18,20.0,89,144,6,21,41,52,30,6,3,43,85,37,20.0,86,129,2,11,48,76,22,10,9,33,85,30
Josh Davis,Western Michigan,2017-18,20.0,69,148,25,72,19,27,18,12,13,32,75,26,14.92,47,94,16,36,32,48,17,12,6,28,55,16
Josh Decker,Cairn University,2017-18,20.0,0,2,0,2,0,0,0,0,0,0,0,0,14.85,2,3,2,3,0,0,0,0,0,0,0,0
Josh Delaney,Sam Houston State,2017-18,20.0,41,100,34,78,16,20,26,14,3,5,33,14,14.87,37,94,28,74,31,41,42,11,0,3,26,16
Josh Dennis,Molloy,2017-18,20.0,1,3,0,0,0,0,2,0,0,1,0,3,14.62,2,2,0,0,1,3,0,0,0,0,1,3
Josh Ferguson,Winthrop,2017-18,20.0,54,98,3,11,27,36,15,11,14,32,82,29,16.55,57,88,1,7,29,40,11,6,18,32,64,24
Josh Flowers,Ave Maria,2017-18,20.0,3,5,2,3,0,0,1,0,0,2,2,4,14.82,3,9,1,2,6,7,1,0,0,0,2,2
Josh Gantz,UMass Lowell,2017-18,20.0,44,86,13,36,17,21,33,18,15,17,38,21,20.0,34,78,9,39,12,18,23,15,14,11,45,20
Josh Gehling,Wartburg,2017-18,20.0,1,3,0,0,0,0,0,1,1,0,1,0,17.48,1,4,0,0,0,0,0,0,0,0,2,1
Josh Grimard,Ferrum,2017-18,20.0,0,6,0,3,0,0,2,2,0,1,2,0,14.75,0,3,0,2,0,0,0,0,0,0,0,0
Josh Grover,Johnson University (FL),2017-18,20.0,4,10,1,3,4,4,1,1,0,0,2,2,14.83,0,3,0,1,0,0,0,1,0,0,0,0
Josh Hager,Walla Walla University,2017-18,20.0,2,3,2,3,0,0,0,0,0,1,0,2,15.25,2,6,2,6,0,0,0,1,0,1,1,1
Josh Hall,Nevada,2017-18,20.0,39,93,8,31,9,17,29,14,5,20,46,25,17.93,40,75,6,17,28,35,15,6,8,18,38,14
Josh Hearlihy,Seattle,2017-18,20.0,51,129,22,53,40,51,39,11,3,15,53,43,17.4,40,95,14,35,59,67,37,5,3,7,41,30
Josh Hopkins,New Hampshire,2017-18,20.0,30,89,22,73,11,14,12,1,3,11,17,6,14.75,34,95,21,66,15,20,7,3,2,8,21,10
Josh Huntley,Stephen F. Austin,2017-18,20.0,3,6,0,1,0,0,1,1,0,1,2,2,20.0,0,0,0,0,0,0,0,0,0,0,0,1
Josh Ibarra,Houston Baptist,2017-18,20.0,24,45,0,0,12,21,12,0,4,11,22,9,14.77,18,34,0,0,5,11,5,2,6,13,16,6
Josh Jones,Henderson State,2017-18,20.0,1,4,1,3,0,0,1,1,0,0,2,2,17.87,3,4,0,0,4,5,3,1,0,0,1,1
Josh Kollman,CS Monterey Bay,2017-18,20.0,2,6,2,6,0,0,0,0,0,0,1,0,14.97,1,2,1,2,0,0,1,1,0,0,1,1
Josh Kozinski,Central Michigan,2017-18,20.0,20,50,19,49,10,11,7,5,0,3,16,1,20.0,18,56,16,52,8,11,6,6,1,1,15,4
Josh Lamb,,2017-18,0.0,0,0,0,0,0,0,0,0,0,0,0,0,0.0,0,0,0,0,0,0,0,0,0,0,1,0
Josh Leaney,Loyola New Orleans,2017-18,20.0,1,2,0,0,0,0,1,0,0,0,4,3,14.77,1,2,0,0,0,0,1,0,0,0,3,2
Josh Leonce,Millsaps,2017-18,0.0,0,0,0,0,0,0,0,0,0,0,0,0,14.9,0,1,0,1,0,0,0,0,0,1,0,1
Josh Linder,Georgia State,2017-18,20.0,5,14,0,1,4,7,2,2,1,5,3,4,14.93,5,8,0,0,1,4,1,0,1,3,4,2
Josh Martin,Cal Poly,2017-18,20.0,27,64,11,21,5,8,6,3,6,8,35,22,17.75,18,45,3,15,14,22,13,4,5,9,28,12
Josh McFolley,Detroit Mercy,2017-18,20.0,55,143,32,87,22,29,22,26,0,8,35,21,15.68,58,133,20,62,39,50,24,22,2,9,18,21
Josh McGreal,Dakota State,2017-18,20.0,1,5,0,2,1,1,0,0,0,2,0,0,14.78,0,1,0,1,0,0,0,0,0,0,0,0
Josh McSwiggan,Portland,2017-18,20.0,60,142,45,91,15,15,20,9,4,11,40,21,20.0,46,101,19,55,24,32,18,7,3,8,40,13
Josh Newkirk,Indiana,2017-18,20.0,32,90,11,43,14,18,51,7,3,4,29,22,14.98,33,87,14,44,32,39,33,8,4,8,20,31
Josh Nicholas,St. Francis (BKN),2017-18,16.72,29,64,19,38,5,9,10,9,4,9,11,13,20.0,16,52,5,25,8,11,10,6,4,9,21,11
Josh Niego,Lewis,2017-18,20.0,0,1,0,1,0,0,1,0,0,0,1,1,14.77,0,2,0,1,0,0,0,0,0,0,0,0
Josh Nzeakor,Lamar,2017-18,20.0,68,136,0,0,36,66,12,14,9,40,66,32,20.0,66,130,0,1,50,76,10,12,6,48,71,19
Josh Okogie,Georgia Tech,2017-18,20.0,67,163,17,47,52,63,30,26,12,25,54,28,14.93,65,149,20,47,78,92,27,16,11,24,39,33
Josh Page,Lincoln PA,2017-18,20.0,0,1,0,0,0,0,0,0,0,0,0,0,19.8,0,3,0,0,0,1,1,0,0,0,1,0
Josh Perkins,Gonzaga,2017-18,20.0,86,180,53,120,17,25,95,20,1,6,45,40,14.97,60,154,27,85,41,50,92,20,2,10,52,35
Josh Pitts,CSU Fullerton,2017-18,0.0,2,6,0,0,1,2,0,1,0,4,5,2,14.88,5,8,0,0,1,2,2,0,0,1,2,2
Josh Randolph,Piedmont,2017-18,20.0,0,1,0,0,0,0,0,0,0,0,0,1,17.92,2,4,0,0,0,0,0,1,0,2,1,0
Josh Reaves,Penn State,2017-18,20.0,51,117,14,44,9,12,55,36,4,27,44,19,20.0,51,102,14,38,34,45,35,26,11,23,46,16
Josh Repine,Colorado,2017-18,19.15,0,0,0,0,0,0,1,0,0,1,0,0,20.0,0,1,0,0,0,0,0,0,0,0,0,0
Josh Ribeiro,Gordon College,2017-18,20.0,0,1,0,1,2,2,0,0,0,1,0,1,17.7,0,0,0,0,0,0,1,0,1,0,2,2
Josh Robinson,LSU Shreveport,2017-18,20.0,2,9,0,6,3,4,1,0,0,6,3,0,20.0,3,7,2,4,2,3,2,2,0,0,3,0
Josh Rosario,UMBC,2017-18,0.0,0,6,0,5,0,0,2,0,0,0,0,2,20.0,4,11,3,7,3,5,2,1,0,0,1,2
Josh Scott,Arcadia University,2017-18,20.0,5,8,1,1,1,1,0,1,0,0,1,2,18.55,1,5,0,1,0,0,0,0,0,0,0,2
Josh Sharkey,Samford,2017-18,20.0,23,67,3,14,35,42,66,16,0,3,21,43,14.92,36,72,2,11,42,52,74,28,0,6,29,45
Josh Sharma,Stanford,2017-18,0.0,19,38,1,5,5,8,2,3,13,12,20,8,17.75,23,33,2,4,12,17,0,3,10,12,20,10
Josh Smith,Penn State Brandywine,2017-18,0.0,0,0,0,0,0,0,0,0,0,0,2,1,14.97,0,1,0,1,0,0,0,0,0,0,2,0
Josh Stamps,Florida International,2017-18,20.0,17,45,11,32,2,4,6,0,1,3,9,6,12.82,11,34,4,15,8,12,2,7,0,3,6,3
Josh Tatum,Texas-Tyler,2017-18,20.0,0,5,0,0,4,4,4,1,0,0,1,2,14.87,1,3,0,0,0,0,4,1,0,0,1,3
Josh Thompson,Ball State,2017-18,0.0,5,9,4,6,1,1,2,2,0,0,0,4,14.9,1,5,0,3,2,3,1,1,0,1,2,0
Josh Throns,Wayland Baptist University,2017-18,20.0,2,7,2,5,0,0,3,0,0,0,1,1,14.82,1,1,1,1,0,0,0,0,0,0,0,1
Josh Warren,Cornell,2017-18,20.0,22,57,2,12,5,6,18,3,5,7,32,21,14.93,21,42,2,5,14,17,25,2,3,11,31,21
Josh Weaver,Methodist,2017-18,0.0,0,0,0,0,0,0,0,0,0,0,0,0,14.78,1,2,0,0,0,0,0,0,0,0,0,0
Josh Webster,Texas Tech,2017-18,0.0,1,3,0,0,2,4,7,3,0,0,4,3,15.78,0,8,0,3,0,0,8,2,0,2,5,1
Josh Williams,South Dakota,2017-18,0.0,0,0,0,0,0,0,0,0,0,0,0,0,14.67,1,1,1,1,0,0,1,0,0,0,0,1
Josh Williamson,Concordia College (AL),2017-18,20.0,0,2,0,2,0,0,0,0,0,0,0,1,14.92,0,1,0,1,0,0,0,0,0,0,0,2
Josh Winowiecki,Siena Heights,2017-18,20.0,2,6,0,0,5,5,1,2,3,5,8,5,14.92,2,5,0,0,1,2,1,0,1,1,3,3
Josh York,Franciscan University,2017-18,20.0,0,2,0,0,0,0,0,0,0,0,1,1,14.95,1,1,0,0,0,2,0,0,0,3,0,0
Joshua Baird,Pacific Lutheran,2017-18,0.0,0,0,0,0,0,0,0,0,0,0,1,0,14.83,1,1,0,0,2,2,0,0,0,2,0,2
Joshua Braun,Grand Canyon,2017-18,20.0,68,170,35,98,31,42,28,14,12,28,37,24,14.73,42,121,24,74,45,60,19,11,3,17,35,21
Joshua Carroll,Howard Payne,2017-18,20.0,1,1,0,0,0,0,2,3,0,1,1,2,14.73,0,1,0,0,0,0,0,0,0,1,0,3
Joshua Chairs,Tennessee Wesleyan,2017-18,20.0,1,5,1,3,0,0,0,1,0,0,2,0,14.68,1,6,0,3,0,0,0,1,0,1,1,1
Joshua Doss,South Dakota,2017-18,0.0,2,5,1,3,4,4,0,0,0,5,5,3,14.92,5,9,0,1,3,5,5,6,0,2,17,1
Joshua Filmore,SE Louisiana,2017-18,20.0,47,118,37,93,1,5,30,16,0,2,22,16,19.93,39,96,30,79,11,17,21,8,0,3,29,12
Joshua Hamilton,Wiley,2017-18,20.0,2,4,0,2,0,0,0,0,0,0,0,3,17.77,5,9,1,2,1,1,1,1,0,1,1,0
Joshua Holliday,Paine,2017-18,20.0,0,1,0,1,1,2,1,1,0,1,1,3,16.32,1,2,1,2,0,0,0,0,0,0,1,1
Joshua Howard,Brown,2017-18,20.0,29,63,6,23,18,25,13,9,6,16,24,15,20.0,19,41,5,11,10,15,10,8,5,12,26,13
Joshua Jones,William Peace,2017-18,20.0,0,2,0,1,0,0,2,2,0,0,1,1,14.87,2,3,1,2,0,1,0,0,0,0,0,0
Joshua Ko,Florida Gulf Coast,2017-18,0.0,0,0,0,0,0,0,0,0,0,0,0,0,14.68,1,3,0,1,0,0,0,2,0,0,0,0
Joshua Langford,Michigan State,2017-18,20.0,82,180,19,50,20,24,24,6,1,12,44,31,14.63,55,151,17,49,38,44,27,5,2,16,30,18
Joshua Madison,Fisk,2017-18,19.9,4,12,1,1,4,6,0,1,0,2,4,6,17.92,7,13,0,1,2,3,0,0,1,0,3,1
Joshua Miller,Millsaps,2017-18,20.0,0,1,0,1,0,0,0,1,0,0,0,0,14.9,0,0,0,0,4,4,1,1,0,0,0,2
Joshua Nurse,St. Francis (BKN),2017-18,20.0,6,26,0,0,1,9,8,2,8,11,15,12,20.0,9,15,0,0,4,11,7,0,6,9,5,7
Joshua Patton,Sacramento State,2017-18,20.0,47,82,0,0,26,39,8,8,25,27,43,27,20.0,47,79,0,0,45,65,5,6,21,24,39,16
Joshua Phillips,Chattanooga,2017-18,20.0,40,79,0,0,13,27,4,1,2,25,50,19,14.9,42,70,0,1,20,30,5,4,8,27,37,17
Joshua Smith,Fayetteville State,2017-18,20.0,2,5,2,5,0,0,0,0,0,1,2,0,18.6,0,2,0,1,0,0,0,0,0,2,2,1
Joshua Stubbs,Willamette,2017-18,0.0,0,0,0,0,0,0,0,0,0,0,0,0,14.92,0,1,0,0,0,0,0,0,0,0,0,0
Joshua Taylor,Howard Payne,2017-18,0.0,0,2,0,0,0,0,3,0,0,0,2,1,14.95,0,2,0,1,0,0,0,0,0,0,1,2
Joshua Tomaic,Maryland,2017-18,20.0,5,10,2,6,1,3,3,0,4,7,9,3,17.95,12,14,3,5,2,6,4,0,2,6,14,4
Josiah Barsh,Southeastern,2017-18,20.0,3,6,2,4,1,3,0,0,0,0,1,1,17.87,1,2,0,0,2,2,0,0,0,0,1,0
Josiah Wood,Alaska Anchorage,2017-18,20.0,5,15,1,5,1,2,3,0,0,3,2,1,17.85,5,8,0,1,3,4,6,2,0,1,2,4
Josip Vrankic,Santa Clara,2017-18,20.0,52,123,12,43,23,35,23,15,13,16,46,30,14.87,36,103,10,48,31,44,20,15,10,16,45,24
Jourdan Grant,UMBC,2017-18,20.0,34,86,15,44,27,36,40,11,5,8,28,31,20.0,39,102,20,51,13,23,39,11,4,8,33,29
Jourdan Sanders,St. Andrews,2017-18,20.0,2,5,0,2,0,0,2,2,0,0,5,3,14.82,0,5,0,2,0,0,2,0,0,0,3,1
Jouvon Edison,Valley City State,2017-18,20.0,0,5,0,0,0,0,0,0,0,0,0,0,14.93,1,2,0,0,3,4,0,0,0,1,0,2
Jovan Grujic,Stephen F. Austin,2017-18,20.0,5,13,0,1,0,0,0,1,1,4,8,7,17.98,5,9,0,0,1,3,0,1,0,1,4,7
Jovan Grujicic,Ave Maria,2017-18,20.0,3,5,0,0,0,0,1,0,1,2,4,3,14.82,2,7,1,1,5,7,1,0,0,3,2,1
Jovan Mooring,UNLV,2017-18,20.0,66,178,33,100,56,63,69,19,1,5,38,24,14.8,52,138,21,73,56,75,32,17,1,3,45,31
Jovon Thomason,,2017-18,5.82,1,3,1,3,0,0,0,0,0,0,3,1,0.0,1,1,0,0,0,0,1,0,0,0,0,0
Jp Dombrowski,Franciscan University,2017-18,20.0,3,6,0,0,2,2,0,1,0,0,0,2,14.95,1,3,0,0,0,0,1,0,1,0,2,0
Jr  Barry Brown,,2017-18,1.23,2,5,0,2,2,2,2,1,0,1,0,1,0.0,3,6,0,0,3,4,1,0,0,0,1,0
Jr  Corey Wells,Harris Stowe,2017-18,0.0,0,0,0,0,0,0,0,0,0,0,0,2,14.67,1,3,0,0,0,0,0,1,0,0,0,1
Jr Derek Webster,Oglethorpe,2017-18,20.0,1,1,0,0,0,0,1,0,0,1,1,0,14.75,0,0,0,0,0,0,1,0,0,0,0,1
Jr Fred Sims,,2017-18,1.75,0,4,0,1,0,0,1,2,0,1,3,2,0.0,0,3,0,1,0,0,0,0,0,1,1,0
Jr James Hawkins,Massachusetts-Boston,2017-18,20.0,0,0,0,0,0,0,1,0,1,0,0,0,14.9,0,0,0,0,0,0,0,0,0,0,0,0
Jr James Lewis,,2017-18,0.5,2,2,0,0,2,2,1,1,1,0,1,4,0.0,2,4,0,0,2,3,0,0,0,1,1,0
Jr Lorenzen Wright,,2017-18,0.0,0,0,0,0,0,0,0,0,0,0,0,1,0.0,0,0,0,0,0,0,0,0,0,0,0,0
Jr Ramirez,Ecclesia College,2017-18,20.0,1,4,1,3,0,0,0,0,0,0,2,0,14.87,1,4,1,3,0,0,0,0,0,0,2,0
Jr Randall Gaskins,,2017-18,4.93,1,1,0,0,0,0,1,1,0,0,1,0,0.0,0,3,0,2,2,2,0,0,1,0,0,2
Jr Tony Ellington,Georgian Court,2017-18,20.0,3,4,1,1,0,0,1,0,0,1,1,2,19.75,0,3,0,1,0,0,2,0,0,0,3,0
Jr Vin Baker,,2017-18,13.07,2,4,2,3,3,3,1,0,0,2,0,1,0.0,0,1,0,0,0,0,0,0,0,0,0,0
Jr Willis Mackey,Northwestern Ohio,2017-18,20.0,5,6,1,1,0,0,0,0,0,1,2,0,20.0,0,0,0,0,0,0,0,0,0,1,1,0
Juan Davis Jr,Troy,2017-18,20.0,0,0,0,0,0,0,5,0,0,0,0,0,15.8,0,0,0,0,0,0,0,0,0,0,0,0
Juan Davis Jr.,Troy,2017-18,20.0,30,80,19,50,7,12,0,5,4,21,52,11,20.0,21,45,10,27,15,19,0,0,5,15,31,7
Juan Eason Ii,La Verne,2017-18,20.0,1,2,1,2,0,0,0,0,0,0,1,0,14.87,0,0,0,0,0,0,1,0,0,0,0,1
Juan Hood,Prairie View A&M,2017-18,0.0,3,5,0,0,2,2,4,0,0,0,2,1,20.0,2,6,0,1,5,6,1,1,0,2,1,0
Juan Hurt,,2017-18,0.0,0,0,0,0,0,0,0,0,0,0,1,1,0.0,0,0,0,0,0,0,0,0,0,0,1,0
Juan Munoz,Longwood,2017-18,0.0,0,0,0,0,0,0,0,0,0,0,0,0,20.0,0,1,0,1,0,0,0,0,0,0,1,0
Juhwan Harris-Dyson,California,2017-18,20.0,34,68,0,8,15,30,15,13,4,20,31,20,18.83,29,56,0,3,23,38,12,14,2,17,19,29
Julian Batts,LIU Brooklyn,2017-18,20.0,52,103,36,70,31,37,38,23,3,4,61,24,20.0,53,128,25,78,31,47,38,19,5,11,72,18
Julian Collazo,Cairn University,2017-18,20.0,1,4,0,1,1,4,0,0,0,0,1,1,14.85,0,4,0,2,0,0,1,0,0,1,0,0
Julian Daughtry,Jackson State,2017-18,20.0,16,50,7,21,2,3,9,10,0,7,8,9,14.87,12,28,8,18,10,13,8,4,0,8,8,6
Julian Harris,UT Arlington,2017-18,20.0,4,17,0,0,8,11,2,2,1,7,13,9,14.63,10,18,0,1,11,13,1,3,1,6,8,5
Julian Moore,Penn State,2017-18,20.0,12,28,0,0,10,13,7,4,17,17,17,7,20.0,9,13,0,0,2,9,4,1,8,9,11,2
Julian Powell,Saint Peter's,2017-18,20.0,6,17,1,6,3,4,2,1,7,5,14,4,17.98,3,6,0,2,0,0,1,4,2,4,3,3
Julian Roche,Santa Clara,2017-18,0.0,0,0,0,0,0,0,0,0,0,0,0,1,18.53,1,2,0,0,0,0,0,0,1,2,0,1
Julian Torres,SIU-Edwardsville,2017-18,20.0,2,16,0,4,0,0,2,1,2,3,7,4,14.87,8,10,4,4,2,4,0,0,1,2,0,3
Julian Walters,Alabama A&M,2017-18,20.0,12,33,6,15,4,5,20,7,0,5,22,10,14.9,10,24,2,7,9,14,18,4,0,3,20,15
Julion Pearre,Utah State,2017-18,20.0,13,31,9,19,6,9,5,7,1,0,12,10,20.0,9,28,4,15,8,8,10,2,1,1,9,6
Julius Hemningway,Wheelock College,2017-18,20.0,0,0,0,0,0,0,1,1,0,0,0,0,14.75,0,1,0,0,0,0,1,0,0,0,1,0
Julius Jackson,Presentation College,2017-18,20.0,14,24,4,7,0,0,1,1,0,2,2,6,19.47,6,12,0,2,1,2,1,1,0,1,6,1
Julius Johnson,Richmond,2017-18,20.0,22,44,12,32,5,8,16,11,1,2,16,9,19.13,15,48,10,33,6,7,8,4,0,8,24,6
Julius Palmer,Oakland,2017-18,20.0,2,10,0,0,5,8,2,0,9,6,15,4,17.45,3,7,0,0,7,8,0,2,4,7,11,1
Julius van Sauers,LIU Brooklyn,2017-18,20.0,12,25,2,9,8,12,5,7,2,11,35,12,18.8,13,23,7,11,4,7,3,1,2,11,18,7
Junior Etou,Tulsa,2017-18,0.0,66,146,16,48,48,64,21,12,3,35,73,40,20.0,73,148,23,62,75,110,23,1,5,38,87,30
Junior Robinson,Mt. St. Mary's,2017-18,20.0,100,223,42,103,41,43,67,18,0,7,35,48,14.57,100,229,27,75,90,106,78,17,1,10,30,38
Junior Saintel,Stony Brook,2017-18,20.0,57,117,5,15,22,34,14,18,11,25,54,27,17.95,30,76,1,10,23,34,5,8,8,26,42,15
Junior Searcy,St. Leo,2017-18,20.0,0,3,0,1,3,4,0,2,1,0,1,0,17.95,1,3,1,2,0,0,0,0,0,0,1,1
Juozas Balciunas,Trinity (IL),2017-18,20.0,2,9,2,6,1,1,2,1,0,0,0,2,14.87,1,3,0,0,0,1,1,0,0,0,1,1
Juraj Rovis,Columbia International,2017-18,20.0,0,1,0,1,0,0,0,1,0,1,0,0,14.77,0,0,0,0,0,0,0,0,0,0,0,0
Jure Span,South Carolina Upstate,2017-18,20.0,47,107,22,60,12,18,60,17,3,9,29,28,17.93,35,93,19,60,8,15,49,12,2,5,30,20
Justas Furmanavicius,Ole Miss,2017-18,20.0,14,41,7,22,13,16,6,10,13,24,27,7,20.0,16,28,5,12,5,9,5,5,7,18,21,6
Justas Narusas,Lyon,2017-18,20.0,0,2,0,1,0,0,0,0,0,1,3,1,19.2,1,1,0,0,0,0,0,0,0,0,0,0
Justice Green,Eastern Illinois,2017-18,20.0,14,27,6,17,1,2,4,6,2,0,10,2,20.0,1,9,1,8,1,4,0,2,0,0,4,1
Justice McCullough,South Wesleyan,2017-18,20.0,2,3,0,0,1,2,1,0,0,2,2,1,14.77,0,0,0,0,0,0,0,0,0,0,0,1
Justice Obasohan,East Carolina,2017-18,20.0,3,9,0,1,0,0,1,3,2,0,6,2,20.0,1,3,0,0,1,2,0,0,5,1,2,3
Justice Sueing,California,2017-18,20.0,61,161,16,62,29,40,21,21,4,22,63,35,19.23,87,183,24,67,51,77,21,23,10,22,53,29
Justin Bassey,Harvard,2017-18,20.0,28,67,13,34,21,24,40,14,1,12,81,34,20.0,39,81,21,47,32,40,30,22,1,18,54,39
Justin Benton,SIU-Edwardsville,2017-18,20.0,19,63,8,26,5,11,26,5,0,7,20,11,14.87,27,48,9,15,15,20,36,5,1,4,17,23
Justin Berger,Goucher,2017-18,0.0,0,0,0,0,0,0,0,0,0,0,0,0,14.92,2,3,1,2,0,0,0,0,0,0,0,0
Justin Bibbins,Utah,2017-18,20.0,60,141,36,91,26,33,76,21,2,3,48,20,15.15,64,127,40,80,52,60,56,12,1,7,25,30
Justin Bibbs,Virginia Tech,2017-18,20.0,78,155,36,86,13,16,30,10,2,0,39,14,20.0,75,155,28,73,22,31,16,7,3,5,31,19
Justin Bridges,Chaminade,2017-18,20.0,3,10,2,4,0,0,1,0,0,1,1,2,14.62,3,8,1,5,0,0,1,1,0,2,2,1
Justin Brown,South Florida,2017-18,20.0,31,84,19,56,4,5,5,8,1,17,20,15,20.0,30,86,14,51,11,14,18,1,1,22,26,15
Justin Caldwell,Molloy,2017-18,20.0,0,4,0,0,0,0,1,1,0,0,6,1,14.62,1,3,0,0,1,3,0,1,1,2,4,0
Justin Carpenter,,2017-18,13.08,48,81,2,7,22,31,12,7,6,24,36,20,0.0,43,91,4,15,22,38,6,2,7,29,38,12
Justin Cole,,2017-18,0.0,0,0,0,0,0,0,0,0,0,0,2,0,0.0,0,0,0,0,0,0,0,1,0,0,0,0
Justin Coleman,Samford,2017-18,20.0,59,143,24,65,20,24,102,18,0,7,41,51,14.92,78,166,31,79,46,55,95,19,0,3,32,31
Justin Cotten,,2017-18,0.0,0,0,0,0,0,0,0,0,0,1,0,0,0.0,0,0,0,0,0,0,0,0,0,0,1,0
Justin Cousin,Radford,2017-18,20.0,19,62,16,50,6,8,6,0,0,3,13,9,19.55,7,27,7,23,0,0,3,1,0,1,7,2
Justin Davis,CSU Bakersfield,2017-18,19.98,21,45,10,26,9,11,5,10,0,6,27,9,14.93,21,49,5,14,12,15,7,3,1,14,32,8
Justin Dean,Cairn University,2017-18,20.0,1,1,0,0,0,0,0,0,0,0,1,1,14.85,0,1,0,1,0,0,0,0,0,0,0,0
Justin Folkers,Dakota State,2017-18,20.0,0,3,0,1,0,2,1,0,0,0,1,0,14.78,4,9,0,2,0,0,0,0,0,0,1,1
Justin Forrest,Appalachian State,2017-18,20.0,71,201,37,121,33,45,23,25,0,4,30,47,14.87,64,170,26,84,34,56,37,15,2,5,46,44
Justin Gorham,Towson,2017-18,20.0,65,126,1,6,38,50,12,8,5,42,74,28,20.0,54,93,2,6,34,51,12,3,1,32,62,20
Justin Gray,Texas Tech,2017-18,20.0,40,84,4,15,17,22,18,14,9,23,47,13,15.78,24,53,2,6,26,31,18,14,11,18,41,11
Justin Hartfield,Mars Hill,2017-18,20.0,0,3,0,1,1,2,0,0,0,0,1,0,14.97,0,0,0,0,2,2,0,0,0,0,1,0
Justin Hicks,City College (NY),2017-18,0.0,0,0,0,0,0,0,0,0,0,0,0,0,14.85,0,1,0,0,0,0,0,0,0,0,0,0
Justin Hughes,Oglethorpe,2017-18,20.0,1,5,1,4,0,0,0,2,0,1,0,5,14.75,0,3,0,3,0,0,0,1,0,0,1,1
Justin Jackson,Maryland,2017-18,20.0,17,46,5,19,16,21,10,5,4,13,38,13,17.95,16,46,3,16,8,8,6,2,4,11,21,15
Justin James,Wyoming,2017-18,20.0,92,231,18,74,47,62,34,20,4,13,88,38,20.0,101,187,18,47,82,117,54,14,10,5,69,41
Justin Jaworski,Lafayette,2017-18,20.0,39,94,24,64,13,17,17,5,0,1,23,13,14.98,45,109,22,57,28,32,23,6,2,4,28,15
Justin Jenifer,Cincinnati,2017-18,20.0,29,79,19,50,18,21,45,7,0,7,13,14,14.97,16,50,9,30,16,23,38,7,0,1,14,10
Justin Jenkins,Gardner-Webb,2017-18,0.0,9,23,4,13,4,5,3,3,1,1,6,4,17.63,7,19,2,12,8,8,4,1,2,1,2,3
Justin Johnson,Western Kentucky,2017-18,20.0,108,213,25,58,25,56,15,12,8,38,104,25,20.0,79,161,12,33,33,52,21,14,13,36,130,21
Justin Jones,South Carolina State,2017-18,20.0,16,42,11,27,1,4,8,5,0,2,13,8,14.57,13,43,4,19,5,9,2,3,0,4,6,6
Justin Jordan,UNC Greensboro,2017-18,0.0,5,10,0,0,2,2,15,2,0,2,17,7,14.98,2,5,0,0,1,2,5,3,0,0,1,2
Justin Kelley,Curry College,2017-18,20.0,0,2,0,1,0,0,0,0,0,1,0,0,14.97,0,2,0,0,0,0,0,0,0,1,0,2
Justin Kellman,Central Pennsylvania College,2017-18,20.0,0,4,0,0,0,0,1,2,0,1,3,5,14.97,2,5,0,0,0,0,1,2,0,1,3,4
Justin Kier,George Mason,2017-18,20.0,50,124,2,26,22,29,37,24,1,0,63,38,20.0,60,129,6,19,42,54,29,14,2,2,60,37
Justin Massey,Florida Atlantic,2017-18,20.0,59,161,34,105,33,44,12,6,0,4,29,18,20.0,56,166,32,98,55,70,27,7,0,6,20,11
Justin Matthews,Bob Jones University,2017-18,20.0,3,6,2,5,0,0,1,0,0,0,1,1,14.95,1,4,0,2,0,0,0,0,0,0,0,2
Justin Mazzulla,George Washington,2017-18,0.0,18,39,3,10,4,15,31,8,2,9,25,23,20.0,11,23,3,9,12,23,31,10,0,12,17,16
Justin McClellon,Blue Mountain College,2017-18,20.0,1,8,0,4,4,4,3,1,1,0,3,1,14.87,3,8,0,3,1,3,4,1,0,1,2,8
Justin Mccall,CSU Bakersfield,2017-18,0.0,1,5,0,0,0,1,3,0,1,2,3,1,14.93,2,5,0,0,2,3,2,0,1,4,5,0
Justin Miller,Louisiana,2017-18,20.0,39,94,9,36,21,31,18,3,1,24,29,16,18.53,30,68,5,16,30,34,13,9,3,14,37,17
Justin Minaya,South Carolina,2017-18,20.0,48,113,20,53,16,21,25,12,5,27,48,22,16.48,39,111,18,53,19,30,20,7,2,25,33,18
Justin Mitchell,Wright State,2017-18,20.0,35,89,3,12,18,26,27,18,3,18,47,31,20.0,33,67,1,7,20,28,22,13,2,5,42,28
Justin Moore,Georgia Tech,2017-18,20.0,6,17,1,4,1,1,7,2,0,2,5,12,20.0,6,15,0,3,7,12,9,4,0,0,11,9
Justin Nafso,Rochester College,2017-18,20.0,1,3,1,3,0,0,2,0,0,0,0,4,17.67,0,1,0,1,0,0,4,0,0,0,2,1
Justin Pierce,William & Mary,2017-18,20.0,73,149,24,56,22,28,35,14,9,29,82,25,14.88,73,146,21,48,42,51,32,13,8,23,96,28
Justin Porrett,Elmira,2017-18,20.0,1,4,0,1,0,0,4,1,0,0,3,1,14.97,1,2,0,0,0,2,2,0,0,0,1,2
Justin Pryor,,2017-18,0.0,0,0,0,0,0,0,0,0,0,0,0,0,0.0,0,0,0,0,0,0,0,0,0,0,1,0
Justin Ravenel,Florida A&M,2017-18,20.0,36,63,21,42,9,12,10,5,0,2,19,4,14.73,15,45,12,31,8,8,7,4,0,0,15,4
Justin Roberts,Toledo,2017-18,0.0,36,91,19,41,12,16,46,10,1,1,27,28,18.67,27,63,5,21,14,20,33,4,2,6,17,15
Justin Robinson,Virginia Tech,2017-18,20.0,72,154,28,68,39,54,90,19,1,10,34,44,15.68,77,166,24,64,69,84,86,25,4,14,33,38
Justin Salem,Wilmington,2017-18,20.0,0,2,0,2,2,2,0,0,0,0,0,0,18.05,1,2,1,2,0,0,1,0,0,0,0,0
Justin Shelton,,2017-18,0.0,0,0,0,0,0,0,0,2,1,1,0,0,0.0,0,0,0,0,0,0,0,1,1,1,0,0
Justin Simon,St. John's,2017-18,20.0,69,163,9,23,27,34,80,42,13,21,93,44,17.92,75,142,6,12,48,81,81,34,12,16,96,48
Justin Smith,Indiana,2017-18,20.0,38,77,2,8,7,10,3,1,3,21,30,24,14.98,37,60,1,2,23,34,3,4,5,19,20,12
Justin Strings,Sacramento State,2017-18,20.0,79,207,9,42,30,44,31,8,10,16,88,31,20.0,91,202,16,49,49,81,30,8,14,20,62,29
Justin Tankelewicz,NC Wesleyan,2017-18,20.0,5,22,4,16,4,5,3,1,0,1,2,0,14.68,11,28,8,19,2,2,3,4,0,2,2,1
Justin Thomas,Northern Illinois,2017-18,20.0,30,69,9,26,11,19,23,17,2,4,41,16,17.85,30,68,11,24,22,33,26,15,1,6,31,16
Justin Tillman,VCU,2017-18,20.0,117,218,17,47,53,77,6,3,13,50,103,33,14.58,112,197,9,30,44,69,8,7,21,53,99,22
Justin Turner,Bowling Green,2017-18,20.0,85,203,23,64,29,36,39,21,6,16,42,33,20.0,74,193,24,59,60,74,34,24,2,10,40,36
Justin Vallejo,Piedmont,2017-18,20.0,6,15,3,5,3,3,3,0,1,2,7,2,17.92,2,9,1,3,0,0,1,1,0,3,3,2
Justin Washington,Evangel,2017-18,20.0,3,12,0,0,2,2,2,0,0,1,2,0,14.92,5,10,0,0,1,2,0,0,0,0,3,1
Justin Watkins,Toccoa Falls,2017-18,20.0,2,14,0,5,0,0,2,3,0,1,2,7,14.87,4,9,1,2,0,0,1,3,0,0,5,4
Justin Watson,Kean,2017-18,20.0,2,3,1,2,0,0,0,1,0,0,2,1,14.78,1,4,0,3,0,0,1,0,0,0,1,6
Justin Wertner,UC Irvine,2017-18,19.92,4,13,3,7,4,4,5,2,0,3,3,0,20.0,7,13,5,9,2,2,0,1,1,2,3,3
Justin Whatley,East Carolina,2017-18,20.0,10,25,2,7,1,2,5,3,2,5,13,14,14.93,13,26,2,7,0,0,3,3,1,5,8,8
Justin Williams,George Washington,2017-18,0.0,6,11,1,4,0,0,0,1,0,1,9,1,17.65,5,7,0,1,0,0,0,2,3,4,5,1
Justin Wright-Foreman,Hofstra,2017-18,20.0,100,235,34,108,38,44,40,15,6,4,41,39,20.0,133,285,52,121,74,99,46,10,0,5,39,24
Justinian Jessup,Boise State,2017-18,20.0,50,115,31,79,9,10,24,17,10,8,69,24,14.78,56,120,44,89,17,21,23,19,8,6,59,13
Justyn Galloway,Valley City State,2017-18,20.0,2,4,0,0,0,0,0,1,0,1,0,0,14.93,1,3,0,0,0,0,3,0,0,0,0,0
Justyn Hamilton,Temple,2017-18,20.0,0,1,0,0,0,0,0,0,0,0,0,0,14.92,0,1,0,0,0,0,0,0,0,1,0,0
Justyn Mutts,High Point,2017-18,0.0,24,47,0,0,10,11,19,13,11,16,28,25,14.88,30,58,0,1,11,26,13,13,17,15,38,12
Juwan Butler-Stevens,Jarvis Christian,2017-18,0.0,0,0,0,0,0,0,0,0,0,0,0,0,14.47,0,0,0,0,2,2,0,0,0,0,0,0
Juwan Gooding,Central Pennsylvania College,2017-18,20.0,4,20,1,7,2,2,4,0,0,3,4,4,14.97,5,12,1,4,4,6,2,2,0,1,3,1
Juwan Grant,Savannah St,2017-18,20.0,6,13,3,6,2,3,0,0,0,2,2,2,14.97,1,2,0,1,0,0,0,0,0,0,0,0
Juwan Gray,San Diego,2017-18,20.0,41,88,11,35,20,27,14,5,14,17,48,14,17.92,29,55,5,16,19,31,5,10,11,12,27,4
Juwan Green,St. Mary's (TX),2017-18,20.0,0,4,0,1,0,0,2,0,0,0,0,0,17.57,0,1,0,0,3,4,4,0,1,0,0,0
Juwan Henderson,Alcorn State,2017-18,20.0,1,2,0,0,1,1,3,0,0,0,0,4,14.57,1,3,0,1,0,0,6,1,0,0,1,1
Juwan McCloud,Northern Iowa,2017-18,20.0,32,88,10,41,4,13,33,15,0,3,23,14,14.83,20,64,4,19,7,11,20,14,1,1,13,18
Juwan Morgan,Indiana,2017-18,20.0,88,160,11,33,29,52,26,16,21,40,72,29,14.98,89,151,5,19,64,96,17,15,21,36,63,15
Juwan Parker,Georgia,2017-18,20.0,47,125,16,39,21,22,21,9,2,9,56,18,14.6,36,84,10,29,49,59,17,4,3,9,42,20
Juwan Perkins,Franciscan University,2017-18,20.0,3,5,1,3,2,2,0,0,0,0,2,2,14.95,0,3,0,2,2,2,0,0,0,1,0,1
Juwuan Carter,Georgian Court,2017-18,20.0,1,1,0,0,2,2,0,0,0,0,1,0,19.75,1,3,1,3,2,2,0,0,0,0,1,0
Jw Lawson,Wesley,2017-18,20.0,2,3,0,0,2,2,0,0,0,0,2,3,17.73,2,3,1,1,2,5,0,0,0,0,2,3
Jy'lan Washington,Louisiana Tech,2017-18,20.0,34,77,13,42,16,23,7,5,3,13,31,11,14.87,27,68,7,30,25,32,6,9,7,26,34,13
Jykayle Walker,Trinity Baptist,2017-18,20.0,5,15,1,5,1,6,0,4,0,0,4,5,14.6,0,8,0,3,0,0,0,1,0,0,2,2
Jyles Webster,Concord College,2017-18,20.0,3,10,0,0,0,0,0,0,0,4,4,3,14.9,3,10,0,0,1,3,1,0,0,5,4,0
K.J. Davis,East Carolina,2017-18,20.0,15,43,9,26,1,5,0,3,3,8,18,10,14.93,11,34,3,19,6,11,0,4,5,7,22,4
K.J. Gilmore,Little Rock,2017-18,20.0,18,60,2,9,3,4,0,3,1,2,9,13,20.0,12,35,1,6,4,4,0,2,1,7,6,9
K.J. Maura,UMBC,2017-18,20.0,61,131,36,80,18,20,3,28,0,9,23,35,20.0,50,109,24,59,31,38,3,31,0,9,24,23
K.J. Odom,,2017-18,0.0,0,0,0,0,0,0,0,0,0,0,0,0,0.0,0,0,0,0,0,0,0,0,0,1,0,0
K.J. Riley,Evansville,2017-18,20.0,26,68,1,4,34,43,2,13,4,8,42,32,16.88,24,55,0,4,63,84,3,18,1,10,42,27
KJ Bilbo,Centenary,2017-18,20.0,1,2,0,0,1,3,0,0,0,0,0,0,16.03,0,0,0,0,0,0,0,0,0,0,1,0
KJ Byers,Long Beach State,2017-18,20.0,24,52,1,18,18,37,12,15,17,12,49,33,15.45,24,48,2,14,18,33,13,13,12,20,42,15
KJ Davis,,2017-18,11.17,0,0,0,0,0,0,2,0,0,0,0,0,0.0,0,0,0,0,0,0,4,0,0,0,0,0
KJ Feagin,Santa Clara,2017-18,20.0,88,195,28,70,12,14,58,12,1,4,26,38,14.87,95,200,31,75,51,59,52,12,2,6,23,25
KJ Gilmore,Little Rock,2017-18,20.0,0,0,0,0,0,0,10,0,0,0,0,0,20.0,0,0,0,0,0,0,9,0,0,0,0,0
KJ Langston,Washington State,2017-18,15.0,2,3,0,0,0,1,0,0,0,0,0,0,19.98,0,1,0,1,0,0,1,0,0,0,0,0
KJ Maura,UMBC,2017-18,0.0,0,0,0,0,0,0,69,0,0,0,0,0,20.0,0,0,0,0,0,0,71,0,0,0,0,0
KJ Moffett,Cal Lutheran,2017-18,20.0,7,8,0,1,2,6,1,0,0,1,1,1,15.8,0,2,0,0,2,2,2,0,0,0,0,1
KJ Riley,Evansville,2017-18,20.0,0,0,0,0,0,0,50,0,0,0,0,0,16.88,0,0,0,0,0,0,33,0,0,0,0,0
KJ Robinson,Omaha,2017-18,18.68,48,129,22,59,8,8,34,11,3,1,30,30,20.0,45,111,16,45,15,17,33,10,0,4,24,31
KaVaughn Scott,Loyola (MD),2017-18,20.0,15,28,0,0,14,28,3,5,4,14,28,16,20.0,13,29,0,0,20,33,3,3,10,18,32,10
Kadeem Apply,Wheelock College,2017-18,20.0,0,3,0,1,0,0,0,1,0,1,1,4,14.75,0,1,0,1,0,0,0,0,0,0,0,1
Kadeem Smithen,Siena,2017-18,15.43,17,44,8,18,23,27,27,11,6,14,36,14,20.0,23,51,3,9,18,23,13,4,3,15,28,6
Kadeim Jones,Lourdes,2017-18,20.0,1,3,0,1,1,2,0,0,0,0,0,4,14.9,2,3,1,1,0,0,2,0,0,0,1,0
Kaden Huck,,2017-18,0.0,0,0,0,0,0,0,0,0,0,0,0,0,0.0,0,0,0,0,0,0,0,0,1,0,0,0
Kaelen Malone,Wichita State,2017-18,0.0,0,0,0,0,0,0,0,0,0,0,0,0,14.93,0,2,0,1,0,0,2,0,0,0,0,1
Kaelon Harris,The Citadel,2017-18,20.0,33,95,9,39,40,58,27,14,7,21,43,29,14.75,45,90,19,42,33,48,23,6,3,20,53,18
Kaelon Wilson,UT Arlington,2017-18,20.0,48,108,12,34,34,48,18,6,0,12,34,23,16.15,34,83,15,32,24,43,24,5,0,18,24,16
Kahari Beaufort,UT Martin,2017-18,15.0,8,24,0,7,1,2,6,4,1,3,4,5,20.0,7,12,2,4,3,4,2,4,1,1,3,6
Kaharri Carter,Centenary,2017-18,20.0,0,4,0,3,0,0,1,0,0,0,0,0,14.88,0,1,0,0,0,0,0,0,0,1,0,1
Kahlil Dukes,Niagara,2017-18,20.0,94,194,39,93,37,42,39,11,0,2,38,36,15.08,100,211,42,95,90,98,58,9,0,4,22,33
Kahlon Whitley,Warren Wilson,2017-18,20.0,3,12,1,7,1,2,0,0,0,1,2,2,14.78,2,9,1,3,2,2,4,0,0,2,3,2
Kahron Ross,Lehigh,2017-18,18.08,70,137,17,38,14,21,53,19,2,7,34,25,20.0,55,115,17,40,38,51,61,14,2,9,33,26
Kai Edwards,Northern Colorado,2017-18,20.0,14,21,0,0,4,13,5,1,4,10,20,3,17.9,8,11,0,0,3,10,2,0,1,7,11,2
Kai Healy,Santa Clara,2017-18,20.0,17,37,6,14,3,5,9,4,1,1,23,14,14.87,17,35,5,16,8,12,11,2,1,2,18,9
Kai Tease,Howard,2017-18,20.0,9,19,8,14,0,0,1,1,0,1,1,4,20.0,4,15,2,9,4,6,1,1,0,1,4,2
Kaiden Rice,The Citadel,2017-18,20.0,24,56,16,41,2,2,4,6,0,5,13,4,14.75,12,45,10,37,0,2,5,2,0,3,3,4
Kaiden Williams,Washington College (MD),2017-18,20.0,1,2,0,0,0,0,0,1,0,0,1,0,14.9,0,0,0,0,2,2,0,1,0,0,0,0
Kaijae Yee-Stephens,Pepperdine,2017-18,20.0,6,15,2,5,0,0,2,0,0,0,2,1,20.0,3,5,1,3,1,2,2,1,0,1,2,0
Kaiser Gates,Xavier,2017-18,20.0,41,88,31,71,7,9,17,10,3,17,62,13,14.7,30,81,20,63,32,37,10,5,5,15,52,7
Kaj Days,,2017-18,0.0,0,0,0,0,0,0,0,0,2,0,0,0,0.0,0,0,0,0,0,0,0,0,0,0,0,0
Kajon Brown,BYU,2017-18,20.0,1,2,0,0,2,3,0,1,0,1,0,3,14.72,0,1,0,1,0,0,0,1,0,0,0,1
Kajon Mack,Tennessee Tech,2017-18,20.0,52,146,13,53,21,32,54,14,7,14,71,32,14.68,68,141,22,55,81,99,65,16,4,16,45,23
Kajuan Madden-McAfee,Johnson & Wales (NC),2017-18,20.0,4,19,2,10,4,4,1,2,1,3,6,5,14.98,4,10,2,2,0,0,5,1,0,0,2,3
Kale Guldseth,Montana Tech,2017-18,0.0,0,0,0,0,0,0,0,0,0,0,0,0,14.7,0,1,0,1,0,0,0,0,0,0,0,0
Kaleb Allison,Mississippi Valley State,2017-18,20.0,1,9,0,0,0,0,0,0,0,4,1,6,14.72,4,7,0,0,0,0,0,0,0,2,2,0
Kaleb Bishop,Fairleigh Dickinson,2017-18,20.0,61,113,4,11,18,24,7,7,9,32,62,19,14.97,42,84,4,8,25,38,10,4,6,35,58,21
Kaleb Botts,Trinity Baptist,2017-18,20.0,1,2,0,1,1,3,0,0,0,0,0,1,14.83,0,1,0,1,0,0,0,1,0,0,1,3
Kaleb Britt,Midway,2017-18,20.0,3,3,0,0,0,0,1,1,0,1,0,1,14.68,1,5,1,3,0,0,0,0,0,2,2,0
Kaleb Johnson,Georgetown,2017-18,20.0,45,80,10,25,28,37,34,9,8,21,43,23,15.8,36,67,6,20,21,31,22,9,10,20,30,20
Kaleb Joseph,Creighton,2017-18,0.0,1,4,1,1,0,0,1,0,0,0,1,3,14.72,3,9,1,4,2,2,7,0,0,1,3,2
Kaleb Robinson,Sarah Lawrence,2017-18,20.0,0,6,0,3,0,0,0,1,0,1,1,4,14.93,0,2,0,2,0,0,0,0,0,0,1,0
Kaleb Vaughn,Ohio Christian,2017-18,20.0,0,4,0,3,0,0,1,0,0,0,0,1,14.98,0,1,0,1,0,0,0,0,1,0,1,0
Kaleb Wesson,Ohio State,2017-18,20.0,64,112,4,10,46,64,17,12,10,35,42,19,14.95,46,86,0,3,43,59,18,5,10,37,39,13
Kaleb Wolters,Lincoln Christian,2017-18,0.0,0,0,0,0,0,0,0,0,0,0,1,0,14.63,1,1,0,0,0,0,0,0,0,0,0,0
Kalif Young,Providence,2017-18,20.0,35,68,0,0,9,19,13,9,11,28,51,16,14.77,24,38,0,0,17,36,8,4,8,19,37,13
Kalin Fisher,Hampton,2017-18,20.0,57,142,12,42,20,27,28,11,1,6,66,17,17.85,60,122,14,40,28,33,28,7,2,8,41,21
Kalin Parsons,Haskell,2017-18,0.0,0,0,0,0,0,0,0,0,0,1,0,0,14.9,0,1,0,0,0,0,0,0,0,0,0,1
Kallen McDaniel,South Wesleyan,2017-18,0.0,0,0,0,0,0,0,0,0,0,0,0,0,14.77,0,1,0,0,0,0,0,0,0,1,0,0
Kalob Ledoux,McNeese,2017-18,20.0,67,177,34,90,19,26,18,4,3,5,51,31,16.13,66,138,22,55,22,25,8,6,0,12,39,31
Kam Williams,Ohio State,2017-18,20.0,48,104,20,50,2,2,10,9,1,5,23,12,14.95,53,96,21,40,20,25,15,7,4,2,29,5
Kamali Chambers,Boston University,2017-18,20.0,4,11,2,5,2,2,3,2,0,0,1,3,20.0,3,10,0,5,3,5,5,1,0,1,5,3
Kamar Baldwin,Butler,2017-18,20.0,90,203,24,68,12,17,46,32,6,7,73,31,17.72,108,246,22,72,51,68,57,21,7,5,79,36
Kamar McKnight,Tennessee State,2017-18,0.0,38,95,11,37,15,18,20,14,0,4,33,25,14.63,39,85,17,41,11,21,20,7,0,2,18,15
Kamari Robinson,Texas A&M-International,2017-18,20.0,2,6,1,4,2,2,0,0,0,2,1,1,17.83,0,2,0,1,0,0,0,0,0,0,0,1
Kamau Stokes,Kansas State,2017-18,20.0,42,120,24,71,27,34,61,19,1,6,33,28,14.72,34,95,10,46,29,36,37,15,0,4,32,26
Kameron Chatman,Detroit Mercy,2017-18,20.0,89,195,29,72,38,43,30,18,7,18,93,31,15.68,83,175,29,66,49,58,29,18,4,23,95,26
Kameron Edwards,Pepperdine,2017-18,20.0,51,119,4,10,31,48,13,11,3,21,46,20,14.92,53,104,6,13,30,38,9,5,4,12,49,18
Kameron Hankerson,,2017-18,0.5,57,136,19,55,22,24,39,15,11,9,39,41,0.0,60,132,24,59,26,40,35,15,9,9,36,33
Kameron Jimenez-Fox,Florida Memorial,2017-18,20.0,1,1,1,1,0,0,0,0,0,0,1,1,12.82,0,1,0,1,0,0,0,0,0,0,0,0
Kameron Langley,North Carolina A&T,2017-18,0.0,29,53,3,12,17,25,60,27,1,11,27,32,14.8,35,67,10,20,36,46,55,16,1,7,40,23
Kameron McGusty,Oklahoma,2017-18,19.9,46,113,15,52,25,37,6,3,1,6,26,16,16.07,35,84,17,43,10,12,4,8,0,5,15,8
Kameron Robinson,Columbia International,2017-18,20.0,1,6,0,0,7,8,0,1,0,0,0,0,14.77,1,2,0,0,0,0,0,0,0,0,1,3
Kameron Rooks,San Diego State,2017-18,20.0,15,25,0,0,14,23,3,5,10,19,30,6,14.82,15,23,0,0,1,4,3,1,9,19,15,6
Kameron Williams,Cornell College,2017-18,20.0,1,1,0,0,0,1,0,1,0,1,0,0,12.02,1,3,1,3,0,0,0,0,0,0,0,0
Kamil Chapman,Longwood,2017-18,20.0,16,50,9,36,12,14,5,9,0,1,19,13,17.98,12,39,8,30,15,19,3,6,0,2,10,10
Kamrein Street,Lincoln Christian,2017-18,20.0,3,5,0,0,0,0,2,1,0,0,3,0,14.63,0,3,0,0,0,0,0,0,0,0,3,2
Kamron Jackson,,2017-18,0.0,0,0,0,0,0,0,0,0,0,0,0,0,0.0,0,0,0,0,0,0,0,0,0,0,1,0
Kamron Reaves,Florida A&M,2017-18,20.0,5,24,2,10,2,2,7,1,0,2,12,16,14.73,7,21,2,10,4,6,7,1,0,3,4,10
Kanayo Obi-Rapu,East Tennessee State,2017-18,20.0,12,37,10,29,5,6,6,3,1,4,10,6,15.7,13,33,10,26,9,10,7,3,1,4,11,1
Kane Williams,Georgia State,2017-18,20.0,12,27,0,3,14,20,24,6,0,5,10,9,14.93,10,25,0,6,23,30,10,7,1,6,17,12
Kansas,,2017-18,0.0,0,0,0,0,0,0,0,0,0,26,29,3,0.0,0,0,0,0,0,0,0,0,0,21,27,6
Kansas State,,2017-18,0.0,0,0,0,0,0,0,0,0,0,23,20,5,0.0,0,0,0,0,0,0,0,0,0,21,24,8
Karamoko Cisse,Rider,2017-18,20.0,14,21,0,0,6,15,1,4,2,9,12,6,14.95,6,11,0,0,7,17,1,2,1,10,14,6
Kareem Anthony-Bello,St. Mary's (MN),2017-18,20.0,5,7,5,7,0,0,0,0,0,1,0,0,14.75,0,1,0,0,2,2,0,0,0,0,0,0
Kareem Brewton Jr,Memphis,2017-18,20.0,0,0,0,0,0,0,27,0,0,0,0,0,17.97,0,0,0,0,0,0,17,0,0,0,0,0
Kareem Brewton Jr.,Memphis,2017-18,20.0,55,135,8,40,24,39,18,20,1,16,25,31,17.97,55,125,10,38,29,45,16,9,1,14,30,35
Kareem South,Texas A&M-CC,2017-18,20.0,60,140,18,54,18,24,12,14,1,14,44,24,20.0,57,125,20,45,18,19,17,10,2,17,43,23
Kareem Wright,Grambling,2017-18,0.0,5,16,2,8,0,0,4,2,0,0,4,6,14.58,0,2,0,1,0,2,3,2,0,1,1,4
Karim Sameh Azab,Memphis,2017-18,0.0,3,12,0,0,0,2,2,0,2,0,7,3,16.97,1,5,0,0,0,0,3,1,0,1,2,1
Karl Charles,Holy Cross,2017-18,20.0,34,81,10,37,27,35,41,20,4,7,23,24,20.0,35,76,11,39,35,45,25,13,1,4,28,26
Karl Gamble,Middle Tennessee,2017-18,20.0,28,54,0,6,5,12,3,5,8,20,29,16,14.55,19,33,2,2,18,25,4,2,3,17,19,7
Karl Harris,Northern Arizona,2017-18,20.0,31,93,6,25,11,15,6,5,1,4,25,22,14.88,45,107,4,25,38,47,10,7,2,8,25,19
Karl Nicholas,Montana,2017-18,15.0,25,43,0,0,4,11,2,3,8,17,16,13,20.0,13,20,0,0,4,17,1,3,3,10,9,6
Karlis Garoza,Cal Poly,2017-18,0.0,7,16,0,0,2,5,5,3,0,11,12,6,17.75,4,13,0,0,6,8,4,0,3,10,8,6
Karol Kott,Florida National,2017-18,20.0,3,8,2,4,0,0,0,0,0,0,3,1,14.87,0,1,0,0,0,0,0,0,0,0,0,0
Karolis Kundrotas,Elon,2017-18,20.0,15,34,4,11,5,6,9,5,3,13,25,9,14.73,14,25,1,3,2,5,1,1,3,8,11,9
Karonn Davis,Coppin State,2017-18,20.0,31,103,10,38,14,16,37,6,0,4,34,17,17.87,25,69,7,24,22,25,26,9,2,5,17,23
Karson King,,2017-18,1.78,0,1,0,1,0,0,1,2,0,1,0,1,0.0,1,1,0,0,0,0,2,0,0,1,1,0
Kase Carrera,Florida Memorial,2017-18,20.0,0,2,0,1,0,0,2,0,0,1,1,3,12.82,0,1,0,0,1,3,0,0,0,1,2,3
Kase Robinson,Oakland City,2017-18,20.0,1,1,0,0,0,0,0,0,0,0,2,1,14.98,0,1,0,1,0,0,0,0,0,0,0,2
Kash Blackwell,Rochester College,2017-18,20.0,2,8,1,2,0,0,1,0,0,0,3,3,17.67,2,4,1,2,0,0,0,0,1,1,4,0
Kashaun Hicks,Central Connecticut,2017-18,20.0,10,32,3,12,2,2,5,0,2,3,5,10,15.52,11,24,8,13,8,12,0,1,1,2,9,10
Kasheem Thomas,Cleveland State,2017-18,20.0,31,83,7,31,19,32,35,6,0,3,30,28,20.0,24,64,7,22,28,33,37,8,0,3,24,18
Kashus Lyons,Randall University,2017-18,20.0,0,6,0,5,0,0,1,0,1,2,1,2,17.52,4,9,1,4,0,0,4,2,0,0,5,4
Kason Harrell,Purdue Fort Wayne,2017-18,20.0,75,162,36,98,13,16,17,16,9,13,36,25,17.45,60,143,35,96,16,20,19,10,4,7,31,30
Kasper Christiansen,Florida International,2017-18,0.0,1,5,1,5,0,0,0,1,2,0,2,1,19.2,4,10,4,9,2,3,1,2,0,0,2,0
Kassius Robertson,Missouri,2017-18,20.0,64,167,49,121,31,42,38,18,1,4,35,42,17.85,82,182,48,103,71,90,36,11,1,3,44,34
Kassoum Yakwe,St. John's,2017-18,20.0,7,13,0,0,11,14,5,2,8,7,20,14,17.92,9,21,0,0,7,10,0,3,9,11,8,7
Katie Collier,,2017-18,0.0,0,0,0,0,0,0,0,0,0,0,1,1,2.22,1,2,0,0,0,0,0,0,0,0,2,1
Katrell Myers,Thomas (GA),2017-18,20.0,0,2,0,0,0,0,1,0,0,0,0,0,14.92,0,1,0,0,2,2,0,1,0,0,2,3
Kavion Pippen,Southern Illinois,2017-18,20.0,74,144,0,0,16,25,14,9,18,23,68,23,16.55,84,148,0,0,21,33,16,11,21,29,61,27
Kavon Swoope,Ohio Valley,2017-18,20.0,1,2,1,2,0,0,1,0,0,0,0,0,14.78,0,2,0,1,1,2,0,0,0,0,0,0
Kavon Waller,Delaware State,2017-18,20.0,23,64,13,41,4,9,23,3,5,6,24,16,14.9,24,78,16,53,3,3,13,1,3,7,27,11
Kayla Smith,,2017-18,0.0,0,0,0,0,0,0,0,0,0,0,0,0,0.0,0,0,0,0,0,0,0,0,0,1,0,0
Kaylon Tappin,Henderson State,2017-18,20.0,3,10,2,6,4,4,1,1,0,0,1,2,17.87,0,3,0,0,2,2,0,1,0,0,2,2
Kayode Daboiku,Brescia,2017-18,20.0,2,4,0,0,0,0,1,0,0,0,2,2,14.88,2,5,0,0,0,0,0,0,0,0,3,1
Ke'Vel Kingsberry,Brevard College,2017-18,20.0,1,1,0,0,0,0,0,0,0,0,0,0,16.65,0,0,0,0,0,0,0,0,0,0,0,0
KeVaughn Allen,Florida,2017-18,20.0,52,150,28,83,26,29,48,19,9,9,34,23,14.97,55,156,23,82,33,38,30,14,5,5,27,18
Kealen Washington-Ives,Rider,2017-18,20.0,19,47,10,26,1,5,23,9,0,2,15,16,14.95,6,25,2,14,7,10,11,2,0,4,9,12
Kean,,2017-18,0.0,0,0,0,0,0,0,0,0,0,3,1,4,0.0,0,0,0,0,0,0,0,0,0,1,0,1
Keandre Fair,Coppin State,2017-18,20.0,10,23,7,18,1,3,4,5,0,0,8,4,14.98,4,17,3,14,2,3,5,5,0,0,5,2
Keanu Pinder,Arizona,2017-18,20.0,15,20,0,0,7,10,1,2,6,6,17,2,14.9,9,15,0,0,13,22,2,6,7,8,26,10
Keaton Doty,Lincoln Christian,2017-18,0.0,0,0,0,0,0,0,0,0,0,0,0,0,14.63,0,0,0,0,1,2,0,0,0,0,1,0
Keaton Hervey,Incarnate Word,2017-18,20.0,25,66,4,17,10,13,11,3,1,8,20,19,20.0,19,49,2,11,46,57,11,7,2,5,7,15
Keaton Van Soelen,Air Force,2017-18,20.0,12,34,3,16,7,9,17,7,2,14,23,11,20.0,18,36,3,15,10,17,5,4,5,12,18,6
Keaton Wallace,,2017-18,0.97,71,190,38,117,9,11,40,11,3,11,37,27,0.0,56,161,29,90,30,41,47,14,9,12,37,25
Kedar Salam,Simon Fraser,2017-18,20.0,1,6,0,2,0,0,0,0,1,0,3,0,17.22,0,1,0,0,2,2,1,0,0,0,0,3
Keegan Jones,Jarvis Christian,2017-18,20.0,4,5,0,0,2,4,0,0,0,1,2,3,14.9,1,2,0,0,0,2,0,0,1,1,1,0
Keegan McDowell,Liberty,2017-18,20.0,24,67,12,42,10,10,13,5,1,4,19,10,14.9,16,42,12,25,8,9,5,1,0,1,13,8
Keegan Van Kooten,Cornell College,2017-18,20.0,0,4,0,2,0,0,0,1,0,0,1,1,12.02,2,6,1,3,0,0,0,0,0,0,1,2
Keenan Evans,Texas Tech,2017-18,20.0,78,180,23,66,49,59,60,19,9,4,52,38,15.78,102,202,22,75,134,164,50,21,1,7,38,29
Keenan Gumbs,Schreiner,2017-18,20.0,3,14,1,4,0,0,1,1,0,2,4,2,14.82,3,6,1,1,2,2,0,0,0,0,2,1
Keenan Holdman,Hardin-Simmons,2017-18,20.0,0,1,0,0,1,2,1,0,0,0,1,2,18.05,0,1,0,1,4,4,3,2,0,0,1,2
Keenan Loder,,2017-18,0.0,0,0,0,0,0,0,0,0,0,0,1,1,0.0,0,0,0,0,0,0,0,0,0,0,0,0
Keenan Simmons,SIU-Edwardsville,2017-18,20.0,39,67,1,2,8,12,5,2,10,29,34,13,14.87,27,52,0,1,10,17,5,1,11,22,42,8
Keeon Johnson,Dakota State,2017-18,20.0,3,5,2,4,0,0,1,2,0,0,3,0,14.78,1,3,1,1,0,0,0,0,0,0,3,0
Keilyn Nance,Hardin-Simmons,2017-18,20.0,0,2,0,1,1,2,0,0,0,0,0,0,18.05,1,1,1,1,0,0,0,0,0,0,4,1
Keion Alexander,Prairie View A&M,2017-18,20.0,4,11,0,0,1,7,0,1,7,5,7,2,15.15,3,6,0,0,1,3,1,2,4,10,7,4
Keita Bates-Diop,Ohio State,2017-18,20.0,123,262,36,92,41,52,36,19,22,19,123,25,14.95,108,217,26,78,57,73,19,11,31,31,103,30
Keith Braxton,St. Francis (PA),2017-18,20.0,84,180,19,55,48,65,47,23,7,22,108,42,15.78,81,161,16,42,64,78,46,28,9,23,101,34
Keith Charleston,SE Louisiana,2017-18,20.0,27,64,9,21,6,13,26,8,3,22,46,26,14.88,24,54,11,23,11,27,18,4,4,19,38,14
Keith Fisher III,San José St,2017-18,20.0,57,114,0,0,25,41,20,15,3,24,54,32,14.95,48,105,0,0,28,43,6,10,4,27,63,25
Keith Frazier,UTEP,2017-18,20.0,32,78,17,53,7,8,11,1,2,2,42,20,14.82,40,98,24,63,16,23,8,7,5,7,39,11
Keith Hayes,William Jewell,2017-18,20.0,8,11,5,7,1,1,0,0,0,1,1,0,20.0,2,6,0,0,4,4,0,0,0,1,4,1
Keith Hunter,University of Mary,2017-18,20.0,2,4,0,2,1,2,0,0,0,0,1,1,14.83,1,6,1,4,0,0,1,1,0,0,2,0
Keith Matthews,Stetson,2017-18,20.0,26,52,4,18,4,13,5,6,0,7,25,12,20.0,15,38,1,8,10,15,4,5,2,10,21,6
Keith Moore,Haskell,2017-18,20.0,1,3,1,3,0,0,0,0,0,1,2,2,14.9,0,2,0,1,3,3,0,0,0,0,0,0
Keith Phillips,William Jessup,2017-18,20.0,5,5,1,1,0,0,2,1,0,1,1,1,17.9,1,2,0,0,0,0,0,1,0,0,1,0
Keith Pinckney,Old Dominion,2017-18,20.0,0,9,0,3,0,0,5,0,0,1,3,4,17.8,5,10,1,3,0,0,2,2,0,1,1,2
Keith Smith,VMI,2017-18,20.0,45,119,13,39,14,19,56,29,7,14,43,53,14.72,43,95,16,36,19,32,50,21,4,10,41,26
Keith Stone,Florida,2017-18,20.0,53,120,22,50,31,40,16,10,16,26,48,23,14.97,40,92,16,38,30,43,7,7,14,28,41,22
Keith Williams,Cincinnati,2017-18,20.0,17,46,3,14,3,10,3,5,4,8,12,12,14.97,16,39,1,8,8,14,6,8,1,7,6,8
Kel Wallace,Arlington Baptist,2017-18,20.0,6,11,0,0,2,2,2,2,1,5,3,6,14.87,4,12,0,0,2,2,2,2,2,4,2,3
Kelan Martin,Butler,2017-18,20.0,111,261,45,120,54,67,36,15,9,16,94,45,17.72,133,277,46,125,64,75,30,8,5,15,80,35
Kelby Kramer,,2017-18,0.0,0,0,0,0,0,0,0,0,0,0,0,1,0.0,0,0,0,0,0,0,0,0,0,0,0,0
Keldon Williams,Dallas Christian,2017-18,20.0,3,6,3,6,0,0,0,0,0,0,2,1,14.6,2,5,1,3,0,0,1,1,0,0,0,0
Keleaf Tate,Niagara,2017-18,20.0,36,95,18,43,9,12,5,10,0,9,24,8,15.08,13,43,5,19,2,7,6,7,0,8,16,7
Keljin Blevins,Montana State,2017-18,19.63,46,110,2,12,28,41,18,6,3,33,68,30,20.0,46,102,3,17,45,67,9,8,9,27,41,31
Kellan Grady,Davidson,2017-18,20.0,98,190,41,98,23,27,37,13,2,10,45,11,14.98,83,171,23,70,36,47,21,11,0,12,26,13
Kellen Blake,Winthrop,2017-18,0.0,0,0,0,0,0,0,0,0,0,0,0,0,14.97,0,1,0,1,0,0,0,0,0,0,0,0
Kellen Manek,Oral Roberts,2017-18,0.0,0,0,0,0,0,0,0,0,0,0,0,0,14.72,0,0,0,0,0,0,1,0,0,0,0,0
Kellon Taylor,Duquesne,2017-18,20.0,20,32,1,3,6,9,10,6,3,21,32,20,20.0,20,35,1,4,10,16,13,6,4,19,27,8
Kelton Williams,Pacific Lutheran,2017-18,20.0,0,1,0,1,4,4,0,0,0,0,1,0,14.83,0,0,0,0,0,0,0,0,0,0,0,0
Kelvin Akinmoyo,Carver Bible College,2017-18,20.0,0,0,0,0,0,0,2,0,0,0,3,1,15.65,0,0,0,0,0,0,0,0,0,0,0,1
Kelvin Calhoun II,Northwood,2017-18,20.0,0,1,0,0,0,0,0,0,0,2,0,1,14.67,1,1,0,0,0,0,0,0,0,0,2,1
Kelvin Henry Jr,McNeese,2017-18,20.0,0,0,0,0,0,0,3,0,0,0,0,0,14.98,0,0,0,0,0,0,1,0,0,0,0,0
Kelvin Henry Jr.,McNeese,2017-18,20.0,0,1,0,0,0,0,0,1,0,0,1,1,14.98,0,2,0,1,2,3,0,0,0,1,2,1
Kelvin Howard,Mercy,2017-18,20.0,0,2,0,1,5,5,0,0,0,1,2,1,14.73,0,1,0,1,0,0,1,0,0,1,1,0
Kelvin Knight,University of the Ozarks,2017-18,20.0,0,2,0,0,1,2,2,0,0,1,3,0,14.8,0,0,0,0,2,2,0,0,0,1,0,1
Kemar Campbell,Le Moyne-Owen,2017-18,20.0,1,2,0,0,0,0,0,1,0,1,0,0,17.98,1,1,0,0,0,0,0,0,0,1,1,0
Ken Odiase,Chicago State,2017-18,0.0,0,7,0,0,0,1,1,1,1,3,4,2,14.95,0,0,0,0,0,1,0,0,0,0,1,1
Ken Stanciel,Bridgewater,2017-18,0.0,0,0,0,0,0,0,0,0,0,0,0,0,14.97,0,0,0,0,0,1,0,0,0,0,1,0
Ken'Darrius Hamilton,Tennessee State,2017-18,20.0,37,87,9,40,9,10,14,9,5,9,50,29,14.63,38,75,18,41,16,19,2,6,8,11,27,16
Kenan Hajdarevic,,2017-18,0.0,0,0,0,0,0,0,0,0,0,0,0,1,0.0,0,0,0,0,0,0,0,1,0,0,0,1
Kendal Manuel,Oregon State,2017-18,20.0,11,35,6,22,2,3,3,8,1,1,20,2,14.88,12,21,6,11,6,12,4,2,0,2,10,8
Kendall Bellamy,Georgian Court,2017-18,20.0,0,1,0,0,1,2,1,0,0,0,1,0,19.75,0,0,0,0,0,0,0,0,0,0,0,1
Kendall Humphrey,,2017-18,0.0,0,0,0,0,0,0,0,0,0,0,0,0,0.0,0,0,0,0,0,0,0,0,0,0,0,1
Kendall Ivy,Williams Baptist,2017-18,20.0,0,2,0,0,1,2,0,0,0,0,0,0,14.98,0,1,0,1,0,0,5,0,0,0,2,1
Kendall Oliver,Johnson University (FL),2017-18,20.0,1,5,0,2,0,0,1,0,0,0,2,2,14.83,2,5,0,1,0,0,1,1,0,0,0,0
Kendall Small,Pacific,2017-18,20.0,32,75,0,2,12,21,32,16,0,1,17,15,20.0,27,69,2,4,19,34,20,15,2,7,18,23
Kendall Smith,Oklahoma State,2017-18,20.0,73,185,20,50,19,27,42,21,0,7,37,39,14.92,73,168,18,52,38,56,45,7,0,9,37,30
Kendall Stephens,Nevada,2017-18,20.0,81,180,65,147,18,21,11,10,14,8,36,15,17.93,66,158,55,135,25,26,9,6,9,6,21,11
Kendarious Smith,Ouachita Baptist,2017-18,20.0,0,3,0,1,0,0,1,0,0,1,1,1,20.0,0,0,0,0,0,0,0,0,0,0,2,1
Kendell Ramlal,,2017-18,0.0,13,27,0,0,6,10,0,6,15,15,27,9,14.02,11,18,0,0,9,14,3,2,9,6,22,7
Kendrick Mills,Lyndon State College,2017-18,20.0,1,3,1,2,0,0,0,0,0,0,1,1,14.82,0,1,0,1,0,0,1,1,0,0,0,1
Kendrick Nunn,Oakland,2017-18,20.0,128,287,59,160,38,47,64,26,7,13,55,50,17.45,130,304,73,171,75,87,48,18,4,13,57,37
Kendrik Gannon,Benedictine (AZ),2017-18,20.0,1,2,0,0,0,0,0,0,0,2,0,0,18.28,1,3,0,0,0,0,0,0,0,1,0,1
Kene Chukwuka,Pittsburgh,2017-18,15.0,10,34,3,20,6,16,15,10,7,16,30,15,20.0,16,39,5,25,7,14,10,5,3,7,22,13
Kenese Peneueta,Portland Bible,2017-18,20.0,2,2,0,0,0,0,0,0,0,2,1,1,14.83,1,3,0,1,0,0,1,0,0,1,1,5
Kennard Robinson,St. Thomas (TX),2017-18,20.0,3,8,2,4,2,2,2,1,0,0,2,3,20.0,3,9,2,6,0,0,1,3,0,2,3,5
Kennedy Jones,Arlington Baptist,2017-18,20.0,6,11,0,0,0,1,1,0,0,0,3,0,14.88,3,6,0,0,0,0,0,0,0,2,0,0
Kennedy McKinney,Arkansas-Pine Bluff,2017-18,20.0,2,8,0,1,0,0,2,3,1,1,5,4,14.55,2,6,0,2,1,1,1,3,0,1,2,3
Kennesaw State,,2017-18,0.0,0,0,0,0,0,0,0,0,0,20,18,4,0.0,0,0,0,0,0,0,0,0,0,18,25,4
Kenneth Cyprian,Cal State-Los Angeles,2017-18,20.0,1,3,1,3,0,0,2,1,0,0,0,1,16.75,0,1,0,1,0,0,0,1,0,0,0,0
Kenneth Ogbe,Utah Valley,2017-18,20.0,77,149,38,75,31,46,18,10,4,5,46,28,14.83,54,117,19,55,39,56,21,14,2,10,25,18
Kenneth Role,Allen,2017-18,0.0,0,2,0,1,3,3,0,1,0,1,0,0,17.9,2,5,1,3,0,0,0,0,0,0,1,1
Kenneth Santos,Florida National,2017-18,20.0,5,18,4,14,0,0,3,0,0,1,12,2,14.87,5,15,2,11,0,0,2,2,0,1,6,4
Kenneth Williams,University of the Ozarks,2017-18,20.0,0,2,0,1,0,0,1,0,0,0,1,2,14.8,0,1,0,1,3,4,1,0,0,0,1,4
Kenny Aninye,Stetson,2017-18,20.0,17,36,8,16,4,4,19,6,1,2,15,8,20.0,8,30,4,17,5,6,7,6,0,2,5,8
Kenny Arnold,,2017-18,0.0,0,0,0,0,0,0,0,0,0,0,0,0,0.0,0,0,0,0,0,0,0,0,0,0,1,1
Kenny Carpenter,Cleveland State,2017-18,20.0,85,168,26,74,7,11,39,23,5,11,76,24,20.0,82,180,29,79,33,45,35,10,9,10,66,17
Kenny Cooper,Lipscomb,2017-18,20.0,54,133,10,30,25,37,66,24,5,6,32,41,17.82,44,106,2,22,44,67,46,33,4,8,25,42
Kenny Council,Rio Grande,2017-18,20.0,1,2,0,0,0,0,0,0,0,0,1,0,14.92,0,0,0,0,0,0,0,0,0,0,0,0
Kenny Dean,Tennessee Wesleyan,2017-18,20.0,4,11,2,5,2,2,3,1,0,3,4,1,14.68,3,8,3,7,0,0,2,0,1,0,2,4
Kenny Goins,Michigan State,2017-18,20.0,11,29,2,7,5,8,14,4,13,12,29,6,20.0,14,27,2,7,2,3,20,7,7,12,32,7
Kenny Hairston,Limestone,2017-18,20.0,2,7,2,7,0,0,1,0,0,0,2,3,14.92,2,6,2,5,2,2,0,0,0,0,1,2
Kenny Lemon,Northwestern Ohio,2017-18,20.0,0,1,0,0,0,0,1,0,0,0,0,0,20.0,0,1,0,1,0,0,0,0,0,0,2,1
Kenny Macklin,San Francisco State,2017-18,20.0,1,4,1,4,0,0,0,0,0,1,2,2,15.45,1,5,1,3,0,0,1,2,0,1,0,0
Kenny White,,2017-18,2.2,5,8,2,3,0,0,1,0,0,0,0,3,0.0,3,8,0,2,2,2,0,0,0,0,1,2
Kenny Williams,North Carolina,2017-18,20.0,74,156,46,100,20,23,38,16,11,19,38,19,14.83,64,127,21,63,13,23,40,17,5,17,44,19
Kenny Wooten,Oregon,2017-18,20.0,34,52,0,0,12,22,5,12,40,17,47,15,17.87,48,71,0,1,19,31,2,7,40,24,55,16
Kenny Wormley,Hofstra,2017-18,20.0,23,55,7,13,8,10,14,0,0,7,15,14,16.25,18,45,3,6,15,24,19,7,0,1,14,12
Kenrich Williams,TCU,2017-18,20.0,75,162,19,51,23,32,53,27,9,41,105,29,20.0,68,138,17,47,35,53,57,25,5,44,89,33
Kent Auslander,Coppin State,2017-18,20.0,3,13,1,9,1,2,3,0,0,1,4,7,20.0,5,12,3,9,2,3,1,2,0,0,3,3
Kent Ellertson,Emerson College,2017-18,0.0,0,0,0,0,0,0,0,1,0,0,0,0,14.52,0,1,0,1,0,0,0,1,0,0,0,0
Kent Hegarty,Florida College,2017-18,20.0,5,12,3,7,0,0,2,1,1,0,2,3,14.88,3,8,3,7,0,0,2,1,0,0,2,0
Kent James,Miles,2017-18,20.0,1,2,0,0,0,0,0,0,0,1,2,0,14.85,0,0,0,0,0,0,0,0,0,0,0,0
Kent State,,2017-18,0.0,0,0,0,0,0,0,0,0,0,21,17,7,0.0,0,0,0,0,0,0,0,0,0,18,15,1
Kenton Gullion,,2017-18,1.77,3,4,1,1,0,0,0,0,0,0,2,0,0.0,1,2,1,2,0,0,1,0,0,0,2,0
Kentrell Barkley,East Carolina,2017-18,20.0,53,118,14,42,15,28,28,16,9,19,56,22,14.93,47,98,5,28,32,46,21,12,5,21,65,27
Kentucky,,2017-18,0.0,0,0,0,0,0,0,0,0,0,27,19,2,0.0,0,0,0,0,0,0,0,0,0,18,21,4
Kentucky Christian,,2017-18,0.0,0,0,0,0,0,0,0,0,0,0,2,1,0.0,0,0,0,0,0,0,0,0,0,0,2,0
Kentucky State,,2017-18,0.0,0,0,0,0,0,0,0,0,0,0,2,0,0.0,0,0,0,0,0,0,0,0,0,0,2,0
Kentucky Wesleyan,,2017-18,0.0,0,0,0,0,0,0,0,0,0,2,0,0,0.0,0,0,0,0,0,0,0,0,0,0,0,0
Keon Burns,New Hampshire,2017-18,20.0,7,12,6,9,1,2,2,0,0,2,9,6,14.75,12,25,11,21,2,2,4,2,0,3,14,1
Keon Jenkins,University of the Ozarks,2017-18,0.0,0,0,0,0,0,0,0,0,0,0,0,0,14.8,0,2,0,0,0,0,0,0,0,0,0,0
Keon Williams,St. Francis (BKN),2017-18,20.0,1,4,1,4,2,4,0,1,0,0,2,2,20.0,1,4,1,3,0,1,0,0,1,0,3,0
Keoni Peneueta,Portland Bible,2017-18,20.0,1,4,1,4,0,0,1,0,0,0,1,3,14.83,0,1,0,1,0,0,0,0,0,0,1,0
Keoni Sablan,Franciscan University,2017-18,20.0,0,2,0,1,0,0,2,1,0,0,1,1,14.95,0,3,0,2,0,0,0,0,0,0,1,3
Keonta Vernon,Grand Canyon,2017-18,20.0,57,121,0,1,25,51,27,11,18,34,66,16,14.73,54,98,0,1,30,49,17,13,20,39,70,22
Kerem Kanter,Xavier,2017-18,20.0,60,116,10,23,27,37,7,5,2,23,50,15,14.7,75,114,6,21,39,50,9,3,6,16,50,12
Kerry Blackshear Jr,,2017-18,4.98,0,0,0,0,2,2,0,0,0,0,0,0,0.0,0,0,0,0,0,0,0,0,0,0,0,0
Kerry Blackshear Jr.,Virginia Tech,2017-18,20.0,35,70,5,13,22,34,11,7,3,16,42,18,20.0,31,64,5,21,30,42,8,6,9,12,33,20
Kerwiken Morpas,Florida College,2017-18,20.0,2,3,0,0,0,0,0,0,1,2,2,0,14.88,1,2,0,0,0,0,0,0,0,1,2,0
Kerwin Roach II,Texas,2017-18,20.0,73,156,27,68,30,45,58,17,4,13,50,42,16.02,55,140,13,43,33,50,49,27,4,11,36,33
Kerwin Roach Ii,Texas,2017-18,20.0,2,5,0,2,2,2,2,1,0,0,1,1,14.62,2,3,0,1,0,2,1,2,0,0,0,0
Kerwin Smith,Grand Canyon,2017-18,20.0,4,9,0,0,0,1,0,1,3,6,8,5,14.73,2,2,0,0,0,2,0,0,0,0,2,2
Ketrick Bartley,Florida National,2017-18,20.0,2,4,0,1,0,3,0,3,0,1,1,4,14.87,1,2,0,0,0,0,0,0,0,0,1,1
Kevarrius Hayes,Florida,2017-18,20.0,31,56,0,0,14,25,7,12,27,31,44,17,14.97,27,46,0,0,18,37,6,17,33,41,37,12
Keve Aluma,Wofford,2017-18,20.0,15,24,0,0,4,12,7,2,9,21,34,12,14.88,9,18,0,0,15,24,8,2,2,18,25,7
Kevin Anderson,Delaware,2017-18,20.0,28,59,10,25,9,11,17,8,6,8,23,7,19.13,20,51,9,26,18,25,13,4,2,2,18,11
Kevin Baker,Troy,2017-18,20.0,24,104,20,76,26,36,47,14,0,1,37,28,20.0,31,90,21,68,25,35,37,10,0,6,24,27
Kevin Cave,Toccoa Falls,2017-18,20.0,21,49,17,36,0,1,5,0,2,2,7,15,14.87,9,30,8,20,1,4,0,0,1,0,12,9
Kevin Cummings,Johnson & Wales (NC),2017-18,0.0,0,0,0,0,0,0,0,0,0,0,0,0,14.92,0,1,0,0,0,0,0,0,0,0,0,1
Kevin Daniels,Dakota State,2017-18,20.0,1,3,1,3,0,0,2,0,0,0,0,0,14.78,1,5,1,2,0,0,3,2,0,0,0,0
Kevin Degnan,Siena,2017-18,0.0,5,10,1,3,0,0,3,0,1,3,7,3,14.87,4,14,1,3,0,0,1,1,0,2,6,2
Kevin Dennin,Wash & Lee,2017-18,20.0,0,1,0,1,0,0,0,0,0,0,0,0,14.88,2,2,2,2,0,0,0,0,0,0,0,0
Kevin Dennis,Concordia College (AL),2017-18,20.0,0,1,0,1,0,0,0,0,0,0,0,0,14.92,0,0,0,0,0,0,0,0,0,0,0,0
Kevin Dent,George Fox,2017-18,20.0,2,4,1,2,0,0,0,1,0,0,1,0,14.98,0,2,0,0,0,0,0,0,0,0,0,1
Kevin Diemer,Rockford University,2017-18,0.0,0,0,0,0,0,0,1,1,0,0,1,2,14.78,3,4,0,0,0,0,2,2,0,1,1,2
Kevin Ford,Middle Georgia State,2017-18,20.0,0,1,0,1,0,0,2,1,0,0,1,1,17.52,0,2,0,1,0,0,0,0,0,0,0,0
Kevin Granger Jr.,Texas Southern,2017-18,19.98,1,1,0,0,0,0,0,0,0,0,0,0,20.0,0,0,0,0,0,0,0,0,0,0,0,0
Kevin Hayes,Kentucky State,2017-18,20.0,3,6,0,1,0,0,1,1,0,2,1,0,14.88,0,1,0,0,1,2,2,0,0,0,0,3
Kevin Hempy,Pepperdine,2017-18,20.0,0,0,0,0,2,2,1,0,0,0,2,1,19.25,0,0,0,0,0,0,0,0,0,0,1,0
Kevin Hervey,UT Arlington,2017-18,20.0,81,185,26,75,31,39,20,13,5,23,64,34,16.15,74,168,21,68,41,50,21,13,7,24,82,27
Kevin Hicks,Sacramento State,2017-18,20.0,14,45,9,34,7,8,5,3,0,0,16,4,20.0,20,58,17,53,10,12,4,1,0,4,12,5
Kevin Holland,Southern Miss,2017-18,20.0,30,77,21,54,0,0,21,13,2,3,28,8,18.57,36,88,28,67,11,14,23,8,0,5,17,8
Kevin Huerter,Maryland,2017-18,20.0,83,159,37,86,19,22,42,9,10,11,52,37,17.95,65,134,28,72,49,66,57,8,8,17,67,38
Kevin Johnson,,2017-18,4.32,43,102,18,51,10,15,47,29,0,7,36,19,0.0,27,74,6,27,14,19,29,30,0,17,24,14
Kevin Kengne,,2017-18,0.0,0,0,0,0,0,0,0,0,0,0,0,0,0.0,0,0,0,0,0,0,0,0,0,1,0,0
Kevin Kerley,Appalachian State,2017-18,0.0,0,1,0,0,0,0,0,1,0,0,0,0,14.87,2,2,2,2,1,2,3,0,0,0,0,0
Kevin Knox,Kentucky,2017-18,20.0,84,197,28,82,51,65,24,15,5,15,81,42,20.0,98,206,23,72,67,88,19,12,4,17,80,36
Kevin Larkin,Niagara,2017-18,0.0,25,66,8,27,6,9,7,7,1,7,35,10,16.82,15,46,8,26,5,6,3,5,2,8,16,3
Kevin Lewis,Wilmington (OH),2017-18,20.0,0,1,0,1,2,2,2,2,0,0,0,0,14.75,2,3,0,0,0,0,0,0,0,1,0,0
Kevin Louis-Jean,Massachusetts-Boston,2017-18,20.0,2,3,0,0,2,3,0,0,0,1,5,2,14.9,0,2,0,0,0,0,0,0,0,1,1,0
Kevin Love,Lyndon State College,2017-18,20.0,2,7,0,2,0,3,2,0,0,0,1,0,14.82,1,3,0,0,0,0,0,0,0,0,0,2
Kevin Mackin,Oneonta State,2017-18,20.0,1,8,1,5,2,2,0,0,1,0,0,2,15.07,1,2,1,2,0,0,0,1,0,0,0,0
Kevin Makle,St. Mary's (MD),2017-18,20.0,3,5,0,0,0,0,1,0,1,0,0,0,14.98,1,1,0,0,0,0,0,0,0,0,3,0
Kevin McAdoo,Eastern Michigan,2017-18,20.0,22,44,9,24,6,7,6,1,1,1,6,9,15.38,19,44,10,25,3,4,7,3,2,3,6,5
Kevin McClain,Belmont,2017-18,20.0,57,161,27,92,16,23,40,16,1,16,52,24,20.0,82,142,24,58,47,65,22,17,5,8,45,27
Kevin McCormick,Washington College (MD),2017-18,20.0,2,7,2,7,0,0,0,1,0,0,3,0,14.9,3,5,3,5,0,0,1,0,0,0,2,1
Kevin McKay,Central Michigan,2017-18,20.0,51,85,4,9,24,31,18,21,6,26,27,20,20.0,37,67,2,7,31,35,16,14,4,24,32,15
Kevin Mickle,Ohio,2017-18,20.0,50,102,4,11,18,26,10,10,5,10,36,22,20.0,38,79,1,7,13,20,12,13,7,16,25,9
Kevin Mickle made Dunk. Assisted by Gavin,,2017-18,0.0,0,0,0,0,0,0,0,0,2,0,0,0,0.0,0,0,0,0,0,0,0,0,0,0,0,0
Kevin Mickle made Jumper. Assisted by Gavin,,2017-18,0.0,0,0,0,0,0,0,0,0,0,0,0,0,0.0,0,0,0,0,0,0,0,0,1,0,0,0
Kevin Mickle made Layup. Assisted by Gavin,,2017-18,0.0,0,0,0,0,0,0,0,0,1,0,0,0,0.0,0,0,0,0,0,0,0,0,3,0,0,0
Kevin Moore,Northern New Mexico,2017-18,0.0,5,7,3,4,0,0,3,2,0,0,2,7,14.98,0,7,0,2,0,0,3,2,0,0,2,4
Kevin Morris,South Alabama,2017-18,20.0,18,31,0,0,2,6,1,5,5,10,18,12,19.73,17,32,0,0,3,6,3,3,2,14,16,6
Kevin Oberweiser,Jamestown,2017-18,20.0,1,3,1,3,2,2,1,0,0,0,0,1,14.83,0,6,0,3,0,0,1,1,0,1,2,1
Kevin Pacheco,Kean,2017-18,0.0,0,0,0,0,0,0,0,0,0,0,0,0,14.97,0,1,0,0,0,0,1,0,0,0,0,0
Kevin Peterson,,2017-18,14.68,0,2,0,0,0,1,0,0,1,1,4,0,0.0,0,0,0,0,0,0,0,0,0,0,0,0
Kevin Puryear,Missouri,2017-18,20.0,46,117,3,28,37,47,12,3,7,23,52,27,17.85,42,85,9,20,36,43,15,6,1,27,36,17
Kevin Scott,Texas Southern,2017-18,20.0,16,42,5,16,4,5,8,3,4,3,10,9,14.97,14,38,4,14,9,11,10,5,1,4,7,6
Kevin Senghore-Peterson,Fairfield,2017-18,20.0,4,14,2,5,4,4,3,1,4,3,9,4,15.02,5,11,0,2,4,12,3,0,2,2,10,3
Kevin Smith II,Siena Heights,2017-18,20.0,0,0,0,0,0,0,3,0,0,0,0,1,14.83,4,6,0,0,0,0,2,0,0,1,1,1
Kevin Smith Ii,Siena Heights,2017-18,20.0,0,2,0,2,0,0,0,0,0,1,0,1,14.92,1,4,1,4,0,0,0,0,0,0,1,1
Kevin Townes,Hartwick,2017-18,20.0,4,11,2,5,2,4,2,0,0,0,4,1,14.75,1,3,0,1,0,0,0,0,0,0,0,1
Kevin Vannatta,UNC Asheville,2017-18,20.0,29,78,10,31,17,20,31,6,1,12,38,16,20.0,22,48,3,13,24,29,17,9,0,6,30,13
Kevin Zabo,Kent State,2017-18,20.0,71,168,16,54,25,31,38,12,1,6,40,28,14.98,69,166,25,69,44,57,37,20,1,11,42,29
Kevion Nolan,Samford,2017-18,20.0,21,44,16,34,2,4,11,10,2,1,17,7,16.87,10,31,2,19,3,3,14,8,1,2,6,2
Kevion Stewart,SIU-Edwardsville,2017-18,20.0,4,15,4,13,5,5,4,2,0,1,10,3,14.98,2,4,2,3,0,0,0,1,0,1,0,2
Kevon Harris,Stephen F. Austin,2017-18,20.0,79,152,30,64,47,72,15,17,5,23,56,21,17.98,68,146,24,57,52,75,20,14,1,37,45,34
Kevondric Davis,Wiley,2017-18,20.0,3,5,2,2,4,5,0,0,0,0,2,1,17.77,4,6,2,3,0,0,1,0,0,0,0,0
Key Maloney,Barclay College,2017-18,20.0,3,7,0,2,1,1,2,0,0,0,3,1,14.93,1,4,1,2,3,4,1,1,0,0,1,1
KeyShawn Feazell,Mississippi State,2017-18,20.0,8,21,1,6,0,2,1,2,1,3,10,3,14.65,0,2,0,1,0,0,0,0,0,2,4,3
Keyford Langley,Greensboro,2017-18,20.0,0,3,0,2,2,2,1,1,0,0,1,0,14.87,1,3,0,1,0,0,0,0,0,0,1,0
Keyon Jones,New Mexico State,2017-18,20.0,19,50,15,42,3,5,6,11,0,6,17,6,17.7,29,61,21,47,5,7,6,6,1,3,19,11
Keyshawn Evans,Illinois State,2017-18,20.0,69,175,41,107,25,38,52,6,0,3,34,34,20.0,66,152,46,99,45,58,49,12,0,7,32,27
Keyshawn Woods,Wake Forest,2017-18,20.0,56,111,21,44,24,26,27,13,0,5,27,23,20.0,50,126,12,43,31,37,23,8,0,7,24,17
Kezie Okpala,Stanford,2017-18,20.0,35,87,5,19,20,31,23,7,8,11,30,16,17.9,30,81,2,11,49,70,15,10,5,13,25,31
Khadeem Lattin,Oklahoma,2017-18,19.9,33,61,0,0,22,28,5,21,22,20,58,11,16.07,42,67,0,1,18,26,11,14,28,39,58,10
Khadeen Carrington,Seton Hall,2017-18,20.0,83,201,26,69,60,74,80,23,5,12,49,37,14.97,80,190,26,70,68,83,64,13,5,8,35,42
Khadim Gueye,South Carolina,2017-18,20.0,0,1,0,0,0,2,0,2,1,3,4,3,20.0,0,0,0,0,0,0,0,0,0,2,2,2
Khalea Turner-Morris,UMass,2017-18,20.0,6,11,0,0,4,4,0,0,2,7,11,7,20.0,2,3,0,0,3,8,1,0,0,4,4,3
Khalen Davis,North Park,2017-18,20.0,0,1,0,1,0,0,0,0,0,0,0,1,14.92,1,3,0,1,0,0,0,0,0,0,0,1
Khalen Pinkett,Savannah St,2017-18,0.0,3,7,0,2,0,2,9,3,0,1,5,6,17.87,5,9,0,0,5,9,3,3,0,2,4,4
Khalfani Williams,Bethesda,2017-18,19.98,1,4,0,0,0,2,1,2,1,0,3,2,14.7,4,6,0,0,1,2,0,0,2,1,1,1
Khalil Abdullah,Middle Georgia State,2017-18,0.0,0,0,0,0,0,0,0,0,0,0,1,0,17.52,1,2,0,0,2,2,0,0,0,2,2,1
Khalil Ahmad,CSU Fullerton,2017-18,20.0,75,182,22,76,36,42,23,19,3,9,54,31,14.88,83,198,28,85,48,58,27,17,4,7,39,38
Khalil Butler,McMurry,2017-18,20.0,0,1,0,0,0,0,0,0,0,2,0,0,14.97,0,1,0,1,0,0,0,0,0,0,1,0
Khalil Fuller,North Texas,2017-18,20.0,3,3,0,0,0,0,0,0,0,1,3,2,18.22,1,1,0,0,0,0,0,0,0,0,3,2
Khalil Gracey,Morgan State,2017-18,20.0,8,28,2,10,5,9,5,5,0,5,8,3,17.58,8,19,3,8,0,1,3,2,0,1,3,7
Khalil Iverson,Wisconsin,2017-18,0.0,54,97,0,15,28,42,26,12,10,21,54,31,14.57,49,87,0,7,31,47,27,14,18,37,47,32
Khalil Richard,Siena,2017-18,15.0,40,86,16,29,19,21,22,4,0,7,25,34,20.0,39,96,10,30,14,19,11,5,1,6,18,10
Khalil Small,Green Bay,2017-18,20.0,103,229,23,67,44,60,58,23,3,25,61,42,17.85,79,187,27,63,93,104,45,19,0,43,75,38
Khalil Thompson,NW Nazarene,2017-18,20.0,5,13,5,9,2,2,0,0,0,0,0,1,17.77,0,5,0,2,2,2,0,0,0,0,0,1
Khalil Williams,Cal State-Los Angeles,2017-18,20.0,1,2,0,1,2,2,0,0,0,0,0,1,16.75,1,1,0,0,0,0,0,1,0,0,0,1
Khameron Davis,Pittsburgh,2017-18,20.0,20,49,12,29,5,5,16,10,8,3,28,17,20.0,23,53,10,27,7,10,13,9,6,4,43,17
Khari Harley,Little Rock,2017-18,20.0,1,9,1,3,0,1,0,0,0,1,1,4,14.88,0,5,0,2,2,2,0,0,0,1,1,1
Khari Jabriel Allen,Alcorn State,2017-18,20.0,4,10,1,3,4,5,0,0,1,2,5,5,14.73,4,11,2,4,1,1,3,0,0,0,1,4
Khatib Cousin,Arcadia University,2017-18,20.0,0,1,0,0,0,1,1,0,0,1,2,3,18.55,0,1,0,0,0,0,0,0,1,0,1,1
Khris Lane,VCU,2017-18,20.0,51,89,5,17,15,25,12,6,6,22,42,30,14.58,38,69,7,15,15,26,6,2,2,19,39,15
Khwan Fore,Richmond,2017-18,20.0,52,107,6,16,17,31,40,14,1,9,38,20,14.88,62,121,5,20,48,70,32,13,3,11,27,20
Khyce Randall,Howard Payne,2017-18,20.0,7,20,4,13,0,0,5,0,0,3,5,8,14.95,1,7,1,4,7,9,3,0,0,1,1,6
Khyri Thomas,Creighton,2017-18,20.0,85,153,34,76,21,28,33,24,3,11,55,20,20.0,49,104,16,45,30,37,36,16,3,12,29,27
KiShawn Pritchett,Davidson,2017-18,20.0,37,78,21,47,7,7,46,5,8,11,31,33,14.98,21,49,11,30,11,12,44,9,1,8,11,19
Kienan Walter,North Dakota,2017-18,20.0,18,49,10,30,6,8,8,12,0,11,29,13,20.0,29,52,9,24,15,24,8,6,4,5,15,12
Kieran Carroll,Curry College,2017-18,20.0,3,7,0,1,0,0,0,0,0,1,2,0,14.97,2,4,0,0,0,0,0,0,0,1,1,0
Kierell Green,Niagara,2017-18,20.0,8,17,3,11,2,4,3,3,6,5,10,4,16.82,0,2,0,2,0,0,0,0,1,1,5,1
Kiewuan Graham,,2017-18,0.7,3,7,0,2,0,0,0,1,0,0,1,2,0.0,2,4,1,1,0,0,0,1,1,0,2,3
Kiir Deng,UL Monroe,2017-18,0.0,4,6,0,0,1,2,2,2,1,6,6,4,17.93,6,13,0,0,1,4,1,1,2,10,7,1
Killian Tillie,Gonzaga,2017-18,20.0,94,168,22,51,24,30,33,17,22,40,71,32,14.97,84,139,22,41,31,42,23,12,15,20,74,24
Kimani Jackson,Nicholls,2017-18,20.0,65,98,1,2,25,42,5,12,9,46,59,29,20.0,34,57,0,2,39,53,6,11,17,32,45,23
Kimani Lawrence,Arizona State,2017-18,0.0,12,27,1,8,4,4,2,2,2,6,15,6,15.0,10,21,2,7,5,7,1,4,3,4,8,2
Kimbal Mackenzie,Bucknell,2017-18,20.0,40,97,24,63,10,10,33,7,1,4,12,11,14.88,18,62,14,41,15,16,20,5,1,11,10,20
King Grant-Perry,Johnson & Wales (CO),2017-18,20.0,0,6,0,0,0,0,0,1,2,1,2,0,14.68,1,1,0,0,0,0,1,2,0,1,0,1
King McClure,Baylor,2017-18,20.0,41,104,16,52,15,20,23,12,0,5,34,23,14.92,43,108,19,53,33,42,28,16,0,8,25,24
Kingsley Okoroh,California,2017-18,20.0,41,100,0,0,18,31,15,6,33,27,55,24,19.23,25,66,0,0,24,31,10,2,32,38,52,15
Kinnon LaRose,Sacred Heart,2017-18,20.0,49,115,31,83,10,13,16,7,7,19,35,10,20.0,45,101,23,68,6,10,10,5,3,13,38,16
Kinsey Burgess,Middle Georgia State,2017-18,20.0,3,4,1,1,0,0,0,1,2,0,2,1,17.52,1,3,0,1,0,0,0,0,0,0,2,2
Kipper Nichols,Illinois,2017-18,20.0,56,123,17,45,25,26,16,14,6,23,44,22,14.97,43,103,14,37,54,65,6,11,5,21,41,14
Kishan Patel,Arcadia University,2017-18,20.0,0,1,0,0,2,2,0,1,0,0,0,0,18.55,1,1,0,0,0,0,0,1,0,1,0,1
Kiwane Crowder,Wheelock College,2017-18,20.0,2,8,2,6,0,0,1,1,0,0,2,0,14.75,3,4,2,2,1,2,0,0,0,0,0,3
Klay Stall,Utah State,2017-18,20.0,3,3,0,0,1,2,0,0,4,2,8,4,20.0,3,5,0,0,3,6,1,0,0,2,5,0
Klint Carlson,Northern Iowa,2017-18,20.0,57,118,20,42,19,23,18,9,5,17,66,30,14.83,52,131,13,53,16,28,26,10,5,20,74,24
Knox Hellums,Pepperdine,2017-18,20.0,21,55,16,45,3,4,11,6,0,1,15,1,14.92,15,30,9,20,5,8,5,3,1,4,12,5
Kobe Gantz,Delaware State,2017-18,20.0,11,36,5,14,18,23,6,11,0,3,11,6,14.85,11,20,4,6,6,8,12,6,0,4,8,6
Kobe King,Wisconsin,2017-18,20.0,6,15,1,7,2,2,5,0,2,4,2,1,14.57,11,26,4,11,0,0,1,0,0,3,3,1
Kobe Magee,UTEP,2017-18,20.0,32,70,22,46,0,0,27,4,0,4,23,12,14.82,15,34,6,21,3,8,23,3,0,7,20,19
Kobe Webster,Western Illinois,2017-18,20.0,79,183,28,75,14,18,47,11,1,6,55,26,14.75,70,149,25,59,32,41,34,6,1,4,36,24
Kobe Wilson,Alcorn State,2017-18,0.0,1,9,1,2,1,4,3,3,1,3,12,0,14.73,3,7,1,3,1,5,3,1,3,6,10,1
Koby McEwen,Utah State,2017-18,20.0,70,178,33,102,31,43,48,10,1,3,76,48,20.0,72,178,31,89,66,90,44,12,0,10,70,34
Koby Thomas,Robert Morris,2017-18,20.0,57,150,11,39,33,55,9,8,4,30,72,31,14.95,59,126,4,30,41,58,9,10,1,32,61,23
Koby White,Eureka College,2017-18,20.0,0,1,0,1,0,0,0,0,0,0,0,0,14.73,0,0,0,0,0,0,0,0,0,0,1,1
Koch Bar,Bradley,2017-18,20.0,19,49,0,0,13,19,8,2,12,22,35,26,17.68,24,43,0,0,23,36,4,6,9,16,25,11
Kodi Justice,Arizona State,2017-18,20.0,74,155,35,94,10,16,36,17,4,4,29,23,17.0,59,141,37,99,20,35,25,20,2,4,46,21
Kody Eden,Reinhardt,2017-18,0.0,1,2,0,0,2,2,0,0,1,1,1,3,14.92,1,4,0,2,0,0,0,0,0,0,0,2
Kodye Pugh,Stanford,2017-18,0.0,2,8,0,3,0,2,5,0,0,2,2,4,17.75,3,7,1,4,3,4,0,2,0,0,1,5
Koen Sapwell,CS Monterey Bay,2017-18,20.0,1,5,1,4,0,0,0,0,0,0,3,2,14.97,1,5,0,2,0,0,1,1,0,0,0,2
Koh Flippin,UC Riverside,2017-18,0.0,9,32,6,21,5,5,8,8,3,6,10,5,18.48,6,27,4,20,9,16,10,19,0,4,12,4
Kolbe Caldwell,Utah,2017-18,20.0,11,30,7,19,0,1,4,0,1,1,7,11,15.15,6,23,1,13,5,6,9,4,0,4,10,10
Kolby Chapman,Central Pennsylvania College,2017-18,20.0,0,2,0,1,0,0,0,0,0,1,0,2,14.97,0,0,0,0,0,0,0,0,0,0,0,0
Kolton Kohl,Abilene Christian,2017-18,0.0,6,16,0,0,1,2,2,0,4,3,8,2,17.52,6,10,0,0,5,10,0,0,3,3,3,2
Kolton Peterson,Mesa College,2017-18,20.0,3,4,3,4,0,0,0,0,0,0,0,1,14.95,0,1,0,1,0,0,0,0,0,0,0,0
Konner Frey,Montana State,2017-18,15.0,36,64,12,21,16,26,11,10,0,28,42,13,20.0,35,69,3,14,24,29,7,7,2,16,55,9
Konrad Bueckers,Mayville State,2017-18,0.0,0,1,0,0,0,2,0,0,0,1,0,0,14.92,2,2,1,1,0,0,1,1,0,1,0,1
Konstantin Kulikov,Incarnate Word,2017-18,20.0,12,27,0,0,0,1,3,1,7,8,16,9,17.95,12,24,0,2,3,6,2,1,11,7,15,10
Kooper Kidgell,Montana-Western,2017-18,20.0,1,3,0,0,7,8,0,0,0,1,2,0,14.8,3,4,0,1,0,0,1,1,0,0,0,0
Korey Steele,Lyndon State College,2017-18,20.0,0,1,0,1,0,0,0,0,0,0,0,1,14.82,0,1,0,1,0,0,0,0,0,0,0,1
Korey Williams,Bluefield State,2017-18,20.0,3,13,2,4,0,1,4,1,0,0,1,1,14.88,1,9,1,4,0,0,0,0,0,0,0,3
Kori Anderson,William Peace,2017-18,20.0,1,1,0,0,0,0,0,1,0,0,0,0,14.87,0,2,0,0,0,0,0,1,0,0,1,2
Kortrijk Miles,New Mexico State,2017-18,0.0,0,0,0,0,0,0,0,0,0,0,0,0,20.0,0,0,0,0,1,3,0,0,0,0,1,2
Kory Holden,South Carolina,2017-18,20.0,11,32,2,9,2,4,12,1,0,3,4,11,16.48,5,16,2,6,7,11,7,0,1,2,8,10
Kory Kuenstling,Drake,2017-18,20.0,0,5,0,0,0,0,2,0,2,0,5,4,20.0,4,6,0,0,6,8,1,1,2,3,4,2
Kosta Jankovic,Kennesaw State,2017-18,20.0,30,70,4,9,12,17,16,1,2,9,22,13,16.25,26,55,2,9,16,21,20,3,1,11,27,15
Kostas Antetokounmpo,Dayton,2017-18,0.0,32,57,1,8,7,24,8,5,15,11,31,19,20.0,22,38,1,5,19,33,4,2,14,11,24,18
Kouat Noi,TCU,2017-18,20.0,68,127,36,75,14,29,13,15,0,20,44,13,20.0,35,88,14,46,24,35,11,6,3,16,42,12
Kovi Tate,North Greenville,2017-18,0.0,0,0,0,0,0,0,0,0,0,0,0,0,14.93,1,1,0,0,0,0,0,0,0,1,0,0
Kraig Shields,Wayland Baptist University,2017-18,20.0,3,6,0,0,0,0,0,1,2,2,1,2,14.82,0,2,0,0,0,0,0,0,0,1,0,0
Kris Bankston,Little Rock,2017-18,20.0,20,37,0,0,5,14,12,3,19,10,40,15,20.0,22,29,0,0,15,29,4,4,9,19,35,8
Kris Clyburn,UNLV,2017-18,20.0,47,109,19,57,15,28,27,8,7,18,35,22,14.8,34,85,13,41,21,37,19,8,2,21,29,17
Kris McCann,Fontbonne College,2017-18,20.0,4,9,1,2,1,1,0,0,0,2,0,2,14.88,0,3,0,1,0,0,0,0,0,0,0,2
Kris Wilkes,UCLA,2017-18,20.0,74,178,27,77,22,40,22,9,9,19,59,26,20.0,79,162,26,68,44,62,27,15,9,24,52,15
Krishawn Terry,McMurry,2017-18,0.0,0,0,0,0,0,0,0,1,0,0,1,0,14.97,1,3,0,2,0,0,0,0,0,1,1,3
Kristian Doolittle,Oklahoma,2017-18,20.0,8,24,1,2,8,14,5,3,1,7,37,6,17.22,9,27,0,1,4,8,8,5,2,11,25,9
Kristinn Palsson,Marist,2017-18,15.0,5,11,4,9,0,0,7,1,0,2,15,6,20.0,4,9,3,7,0,0,3,1,4,1,5,1
Kristjan Meitz,St. Mary's (MN),2017-18,20.0,1,1,1,1,0,0,3,0,0,0,1,3,14.75,1,1,1,1,0,0,0,0,0,0,0,0
Krizell Mitchell,Midway,2017-18,20.0,4,12,2,3,2,2,0,1,0,0,2,2,14.68,0,9,0,4,2,2,0,1,0,1,0,1
Krystian Kopec,Staten Island,2017-18,20.0,0,1,0,1,2,2,1,0,0,0,0,0,14.95,0,1,0,1,2,2,0,0,0,0,0,0
Kurk Lee,Drexel,2017-18,20.0,59,160,26,70,10,13,50,18,1,8,45,32,20.0,78,194,23,71,41,55,50,19,1,14,36,36
Kurt Karis,USC,2017-18,0.0,0,0,0,0,0,0,0,0,0,0,1,0,15.58,0,0,0,0,1,2,0,1,0,0,0,0
Kwa McDonald,Shenandoah,2017-18,20.0,2,13,1,8,0,0,3,1,0,2,0,0,14.82,3,4,2,2,0,0,0,1,0,0,1,3
Kwei Lartey,North Carolina A&T,2017-18,20.0,13,40,7,25,5,8,15,3,2,2,13,10,14.8,11,29,6,18,1,4,6,5,2,0,7,10
Kwintin Williams,UConn,2017-18,0.0,2,5,0,1,3,4,0,1,0,2,6,1,17.92,5,7,0,1,4,8,1,1,0,10,11,1
Kwinton Hinson,Washington State,2017-18,20.0,18,48,7,22,2,5,6,3,3,4,24,15,17.77,21,51,10,27,5,12,9,4,1,7,24,12
Kwon Evans,Midway,2017-18,20.0,4,5,0,0,5,8,2,1,1,2,2,2,14.68,0,3,0,1,4,6,1,1,0,1,4,4
Ky Bowman,Boston College,2017-18,20.0,101,235,42,116,17,23,81,28,2,12,104,53,17.85,93,220,31,83,65,78,71,18,8,14,87,44
Kye De Laveaga,Northern Arizona,2017-18,20.0,0,7,0,7,0,0,2,0,0,0,2,0,14.88,1,1,1,1,0,0,0,2,0,0,0,1
Kylan Osborne,Alaska Anchorage,2017-18,15.0,0,0,0,0,0,0,1,0,0,0,0,0,20.0,0,2,0,1,0,0,0,0,0,0,0,1
Kylan Phillips,Mississippi Valley State,2017-18,20.0,4,19,0,6,1,4,4,2,0,1,9,6,14.98,5,12,0,1,2,3,2,1,0,0,4,1
Kyle Alexander,Tennessee,2017-18,20.0,39,61,0,0,15,21,5,11,29,46,50,12,14.98,34,48,0,0,21,30,6,7,27,37,54,13
Kyle Allman,CSU Fullerton,2017-18,20.0,95,196,24,51,66,90,34,17,2,4,50,36,14.88,90,178,19,44,97,129,32,18,2,6,43,31
Kyle Bartholomew,Spring Arbor,2017-18,20.0,0,1,0,0,0,0,0,0,0,0,1,0,15.38,0,0,0,0,0,0,0,0,0,0,1,1
Kyle Benvenuto,Centenary NJ,2017-18,20.0,0,2,0,2,0,2,0,2,0,0,0,0,14.95,0,0,0,0,0,0,0,0,0,0,2,0
Kyle Brown,Texas A&M-CC,2017-18,20.0,4,20,4,11,4,11,3,5,0,1,5,8,20.0,7,10,0,0,4,4,13,5,0,0,5,9
Kyle Castlin,Columbia,2017-18,20.0,24,49,4,18,10,12,6,9,0,8,20,9,17.97,28,57,6,16,26,29,16,11,3,8,17,9
Kyle Clark,Saint Mary's,2017-18,20.0,5,6,0,1,2,2,0,0,0,2,3,0,17.7,0,2,0,1,0,0,1,0,0,1,0,0
Kyle Clarke,Kennesaw State,2017-18,20.0,20,60,0,1,8,10,35,13,1,3,26,23,17.72,21,43,0,1,12,24,15,14,1,8,28,20
Kyle Copeland,Holy Cross,2017-18,0.0,6,11,5,9,2,2,4,2,0,1,5,1,19.25,1,6,1,5,0,2,2,1,0,1,2,2
Kyle Corbett,San Diego Christian,2017-18,20.0,1,2,0,1,0,1,0,0,0,0,0,0,14.82,1,1,0,0,0,0,0,0,0,0,1,1
Kyle Creighton,UC Santa Cruz,2017-18,20.0,1,2,1,2,2,2,0,0,0,0,2,3,14.8,1,1,1,1,2,2,0,0,0,0,1,1
Kyle Davis,Ohio Valley,2017-18,20.0,1,3,0,1,0,0,0,0,0,0,0,2,14.78,3,6,0,0,0,0,1,1,0,0,0,1
Kyle Domark,Lakeland,2017-18,0.0,0,0,0,0,0,0,0,0,0,0,0,0,14.97,0,4,0,4,0,0,0,0,0,0,0,0
Kyle Ferreira,Cal Lutheran,2017-18,20.0,10,19,5,9,2,3,2,2,0,2,5,6,15.8,4,10,3,6,0,0,2,1,0,0,2,2
Kyle Foster,Howard,2017-18,20.0,15,56,13,52,6,9,5,3,0,1,19,9,20.0,25,78,21,58,10,16,8,5,0,1,13,12
Kyle Guy,Virginia,2017-18,20.0,83,213,43,113,16,18,24,18,1,5,32,21,18.35,91,206,39,94,26,32,24,17,0,8,39,21
Kyle Hagey,Lake Erie College,2017-18,0.0,0,0,0,0,0,0,0,0,0,0,0,0,15.0,1,3,1,1,0,0,1,0,0,1,0,1
Kyle Hart,Doane,2017-18,20.0,0,1,0,1,0,0,0,0,0,0,0,1,14.9,0,0,0,0,0,0,0,0,0,0,0,0
Kyle Ingram,Idaho State,2017-18,20.0,12,24,0,0,1,1,19,3,8,10,19,7,17.0,9,20,0,0,5,8,10,0,1,3,13,2
Kyle James,Pacific Lutheran,2017-18,20.0,0,1,0,1,0,0,0,0,0,0,0,0,14.83,0,0,0,0,0,0,0,0,0,0,0,0
Kyle LaGuardia,John Jay College of Criminal Justice,2017-18,20.0,0,1,0,0,0,0,0,0,0,0,1,0,14.93,2,4,1,2,0,1,0,1,0,0,1,2
Kyle Leufroy,Lehigh,2017-18,19.7,45,127,14,54,22,26,43,14,2,2,65,27,20.0,40,111,17,46,37,45,27,10,1,5,60,35
Kyle Mallers,Ball State,2017-18,20.0,38,99,9,44,35,41,19,8,3,30,36,16,20.0,53,96,21,43,30,35,17,9,9,29,48,22
Kyle Massie,,2017-18,0.0,0,0,0,0,0,0,0,0,0,0,0,0,14.68,0,1,0,0,1,1,0,0,0,0,0,0
Kyle McCreery,Elmira,2017-18,20.0,4,9,1,5,0,1,0,1,0,0,1,0,14.97,0,2,0,2,0,0,0,0,0,0,0,0
Kyle McKinley,Louisiana Tech,2017-18,0.0,0,0,0,0,0,0,0,0,0,0,0,0,14.87,1,2,0,0,1,4,0,0,0,2,0,0
Kyle Mitchell,Ohio Valley,2017-18,20.0,0,1,0,1,0,0,0,0,0,0,0,0,14.78,0,0,0,0,0,0,0,0,0,0,0,0
Kyle Pierce,Concordia College (NE),2017-18,20.0,1,3,1,3,0,0,0,0,0,0,0,2,14.77,3,5,1,2,0,0,0,0,1,0,2,0
Kyle Stout,Lafayette,2017-18,20.0,19,56,12,44,6,8,12,7,3,1,28,9,20.0,11,39,8,29,7,12,7,6,3,5,32,4
Kyle Szilagyi,Northland College,2017-18,20.0,0,1,0,1,0,0,0,0,0,0,1,0,14.95,0,1,0,0,0,0,0,0,0,0,2,1
Kyle Washington,Cincinnati,2017-18,20.0,79,171,12,30,29,37,5,6,25,32,73,23,14.97,84,152,8,25,29,40,9,3,26,27,61,22
Kyle Williams,Norfolk State,2017-18,20.0,40,94,26,67,16,22,17,11,3,9,39,16,14.88,48,111,30,70,22,31,21,7,3,14,38,28
Kyle Winters,Millsaps,2017-18,0.0,0,0,0,0,0,0,0,0,0,0,0,0,14.9,0,1,0,1,0,0,0,1,0,0,0,0
Kyle Young,Ohio State,2017-18,0.0,6,13,1,5,3,6,1,1,2,7,10,4,17.65,6,20,0,3,2,5,1,4,1,10,7,3
Kyle Zelenski,Pacific Union,2017-18,0.0,0,0,0,0,0,0,0,0,0,0,0,0,14.93,0,2,0,1,0,0,1,0,0,0,0,0
Kyle Zunic,Winthrop,2017-18,20.0,29,72,12,42,8,11,14,8,2,0,19,20,16.55,24,54,15,31,9,10,13,5,0,3,11,15
Kyler Hagen,Northland College,2017-18,0.0,0,0,0,0,0,2,0,0,0,1,0,0,14.97,2,4,1,3,0,1,1,0,0,1,0,0
Kyler Mahar,Blue Mountain College,2017-18,0.0,0,1,0,0,0,0,0,1,0,0,1,0,14.87,1,4,0,1,0,0,0,1,0,0,2,1
Kylia Sykes,UNC Greensboro,2017-18,20.0,16,28,6,13,3,7,10,14,9,12,12,14,18.35,9,16,1,6,1,2,8,5,0,5,7,5
Kylie Blackett,South Wesleyan,2017-18,20.0,1,6,0,4,3,4,2,2,0,0,2,8,14.77,1,2,0,1,0,0,1,1,0,0,1,1
Kyran McClure,St. Leo,2017-18,20.0,0,3,0,1,0,0,0,0,0,0,1,0,17.95,1,2,1,1,0,0,0,0,0,0,1,2
Kyree Elder,Arkansas-Fort Smith,2017-18,20.0,2,5,1,1,4,4,2,2,0,1,3,1,14.72,1,6,0,0,1,2,1,0,0,0,3,1
Kyrin Galloway,UNC Greensboro,2017-18,20.0,39,81,5,26,15,22,7,7,10,31,58,17,18.35,36,61,7,19,9,14,4,3,10,18,44,12
Kyron Cartwright,Providence,2017-18,20.0,60,152,12,43,18,25,106,22,0,0,37,45,14.77,69,149,23,50,60,77,83,22,1,10,44,41
Kyson Rawls,Morgan State,2017-18,20.0,10,23,6,15,3,5,3,5,0,2,2,6,20.0,10,23,8,15,3,5,5,3,0,1,6,6
Kyvon Davenport,Memphis,2017-18,20.0,76,141,19,51,40,59,15,8,19,31,69,30,17.97,74,151,19,55,65,91,10,11,22,38,64,25
L'Hassane Niangane,Gardner-Webb,2017-18,20.0,9,23,1,1,1,6,3,0,16,32,33,13,14.77,6,17,0,0,7,22,3,0,10,32,27,16
LIU Brooklyn,,2017-18,0.0,0,0,0,0,0,0,0,0,0,17,19,3,0.0,0,0,0,0,0,0,0,0,0,26,22,5
LSU,,2017-18,0.0,0,0,0,0,0,0,0,0,0,19,21,5,0.0,0,0,0,0,0,0,0,0,0,14,15,3
La Salle,,2017-18,0.0,0,0,0,0,0,0,0,0,0,24,27,3,0.0,0,0,0,0,0,0,0,0,0,16,18,2
La Verne,,2017-18,0.0,0,0,0,0,0,0,0,0,0,2,0,0,0.0,0,0,0,0,0,0,0,0,0,1,1,0
LaBarrius Hill,McNeese,2017-18,20.0,21,35,1,1,8,12,6,8,16,21,25,7,16.13,17,31,0,3,7,10,5,2,22,9,27,8
LaByron Harris,Blue Mountain College,2017-18,20.0,5,14,1,4,0,2,1,1,4,4,9,4,14.87,5,9,0,2,2,2,0,3,4,2,7,2
LaCurtis Allen,Mississippi Valley State,2017-18,0.0,2,5,0,0,1,2,1,2,0,3,6,2,14.72,3,10,0,0,2,5,3,0,0,3,5,4
LaDarien Griffin,St. Bonaventure,2017-18,20.0,49,96,0,1,24,33,13,13,23,30,65,17,14.9,48,99,0,2,44,66,21,9,12,41,49,21
LaDarius Coleman,Arkansas-Fort Smith,2017-18,20.0,6,11,2,4,0,0,0,0,0,0,4,2,14.72,1,4,0,0,0,0,1,0,0,0,0,0
LaDavius Draine,Southern Miss,2017-18,20.0,23,51,9,31,4,9,4,5,1,5,24,3,18.57,21,46,13,27,4,7,3,2,1,5,13,4
LaPri McCray-Pace,Morgan State,2017-18,20.0,28,74,7,21,15,23,11,12,4,16,21,10,17.58,19,51,8,13,25,32,7,7,2,15,13,11
LaQuentin Collins,Southern,2017-18,20.0,16,42,10,24,5,7,10,7,2,8,14,17,14.97,8,22,3,8,11,18,8,1,1,4,17,7
LaRond Williams,Long Beach State,2017-18,20.0,7,13,0,0,0,2,1,2,1,5,7,2,15.45,4,8,0,0,0,0,0,2,1,2,1,6
LaVonte Sanders,St. Mary's (MD),2017-18,20.0,0,0,0,0,0,0,1,0,0,0,1,2,14.98,2,2,0,0,0,0,0,0,0,0,1,0
Labis Filippou,St. Leo,2017-18,20.0,0,2,0,1,0,0,0,0,0,0,0,0,17.95,0,2,0,0,0,0,0,0,0,0,1,0
Lacey James,Northern Illinois,2017-18,20.0,27,74,0,1,19,34,10,7,1,23,38,28,17.85,23,60,0,0,38,46,5,11,5,28,39,21
Lachlan Anderson,Eastern Kentucky,2017-18,20.0,2,3,0,0,2,4,1,0,0,0,0,1,14.67,0,0,0,0,0,0,0,0,0,0,0,0
Lafayette,,2017-18,0.0,0,0,0,0,0,0,0,0,0,10,14,8,0.0,0,0,0,0,0,0,0,0,0,20,17,7
Lafayette Dorsey,Pacific,2017-18,20.0,23,54,7,22,8,10,5,6,0,4,21,13,20.0,25,55,6,18,18,21,10,6,1,2,30,10
Lafayette Rutledge,Nicholls,2017-18,20.0,53,138,51,134,15,21,6,9,0,4,19,4,20.0,38,89,38,86,11,14,7,10,0,2,15,7
Lagerald Vick,Kansas,2017-18,20.0,86,185,32,81,21,27,43,11,3,22,76,42,14.63,96,186,26,73,13,24,37,23,9,15,68,21
Lake Erie College,,2017-18,0.0,0,0,0,0,0,0,0,0,0,0,1,0,0.0,0,0,0,0,0,0,0,0,0,1,0,0
Lakeland College,,2017-18,0.0,0,0,0,0,0,0,0,0,0,2,2,1,0.0,0,0,0,0,0,0,0,0,0,1,0,0
Lamar,,2017-18,0.0,0,0,0,0,0,0,0,0,0,28,27,6,0.0,0,0,0,0,0,0,0,0,0,26,20,5
Lamar Morgan,Coppin State,2017-18,20.0,20,69,16,58,14,15,4,4,1,2,33,17,17.87,24,63,19,52,17,23,2,3,3,3,35,11
Lamar Peters,Mississippi State,2017-18,20.0,45,140,19,81,20,32,49,18,8,8,30,38,14.78,57,133,21,66,16,25,59,22,1,2,24,34
Lamar Stevens,Penn State,2017-18,20.0,99,219,17,47,40,56,34,14,22,21,73,38,20.0,83,184,8,30,48,74,20,7,13,28,75,35
Lamar Wofford-Humphrey,Omaha,2017-18,19.9,5,12,0,1,2,2,1,0,2,3,3,2,16.07,5,8,1,1,3,6,1,0,0,3,4,4
Lamarquis Thompson,Eastern New Mexico,2017-18,20.0,0,0,0,0,0,0,1,0,0,1,1,1,15.32,0,2,0,1,0,0,0,0,0,2,0,0
Lamarr Crenshaw,Bryn Athyn,2017-18,20.0,0,4,0,0,0,0,1,0,0,1,1,3,14.82,2,3,0,0,0,0,0,1,1,1,0,2
Lamarr Kimble,Saint Joseph's,2017-18,20.0,1,6,1,2,0,0,1,0,0,0,1,0,18.67,3,5,1,2,0,1,1,0,0,0,0,0
Lamont Berzat,New Orleans,2017-18,20.0,22,50,9,29,5,9,23,17,0,2,8,16,17.68,13,41,9,26,17,24,24,11,0,0,13,12
Lamont Rhodes,Lake Erie College,2017-18,15.0,2,3,0,0,2,2,0,0,0,0,2,0,20.0,2,3,0,0,0,0,1,0,0,0,2,0
Lamont Walker,Texas Southern,2017-18,20.0,11,34,2,10,12,18,6,6,0,14,39,5,14.97,25,38,9,12,11,16,4,6,1,10,22,2
Lamont West,West Virginia,2017-18,20.0,60,143,30,84,31,41,13,6,1,25,46,20,14.87,45,110,21,66,25,32,7,8,4,20,33,15
Lamonte Bearden,Western Kentucky,2017-18,20.0,62,140,4,26,46,55,64,30,2,9,22,39,20.0,59,118,10,22,68,83,44,24,2,9,26,37
Lamonte Turner,Tennessee,2017-18,20.0,50,135,29,80,23,27,40,15,1,6,49,17,14.98,60,148,36,88,45,51,34,9,1,13,41,26
Lamontray Harris,Morehead State,2017-18,20.0,38,87,8,26,13,17,7,4,2,21,42,32,14.7,55,109,8,33,37,40,15,6,6,30,51,16
Lance DeZee,Bethany WV,2017-18,0.0,0,0,0,0,0,0,0,0,0,0,0,0,14.92,2,5,2,5,0,0,0,0,0,0,2,0
Lance Richard,UL Monroe,2017-18,20.0,1,3,1,2,0,0,1,0,0,0,1,0,14.97,1,4,1,4,0,0,1,1,0,0,0,0
Lance Tejada,Lehigh,2017-18,19.25,58,146,32,83,5,9,28,12,0,3,24,21,20.0,65,135,36,65,34,43,22,5,0,7,28,23
Lance Thomas,Louisville,2017-18,0.0,0,1,0,1,0,0,0,1,0,0,0,0,14.78,3,4,0,1,1,2,0,1,0,1,4,2
Landen Castelli,Bethel (TN),2017-18,20.0,2,3,0,0,0,0,0,0,0,1,0,0,14.98,0,0,0,0,0,0,0,0,0,1,0,0
Landon Goesling,St. Edward's,2017-18,20.0,4,7,2,2,3,5,0,1,0,0,1,2,17.1,4,14,1,5,4,5,5,0,0,1,0,2
Landon Kirkwood,,2017-18,7.77,2,3,0,1,0,0,0,0,0,1,1,0,0.0,4,4,3,3,0,0,1,1,0,0,1,2
Landon Peteraon,,2017-18,0.0,0,0,0,0,0,0,0,0,0,2,0,2,0.0,0,0,0,0,0,0,0,0,0,0,0,0
Landon Sarazine,College of Coastal Georgia,2017-18,20.0,1,1,0,0,0,0,1,0,0,1,0,2,19.87,0,0,0,0,0,0,0,0,0,0,0,0
Landon Zarybnicky,Doane,2017-18,0.0,0,0,0,0,0,0,0,0,0,0,0,0,14.9,2,4,2,3,0,0,0,0,0,1,0,1
Landry Assinesi,Piedmont,2017-18,20.0,2,4,0,0,0,0,3,0,0,1,1,2,17.92,3,6,0,1,0,0,3,0,0,0,3,1
Landry Shamet,Wichita State,2017-18,20.0,70,157,46,101,27,31,84,9,4,6,43,32,14.95,83,153,38,87,52,66,79,14,2,8,46,32
Lane Foster,Oglethorpe,2017-18,20.0,1,2,0,0,0,0,2,1,0,0,0,2,14.75,1,1,0,0,0,0,1,0,0,0,1,2
Lane Murphy,,2017-18,0.0,0,0,0,0,0,0,0,0,0,1,1,0,0.0,0,0,0,0,0,0,0,0,0,0,0,2
Lane Severyn,South Dakota State,2017-18,19.92,14,25,10,18,5,5,10,10,2,13,19,7,20.0,17,34,11,20,10,15,11,2,3,16,19,7
Lane Von Rueden,Wisconsin-La Crosse,2017-18,20.0,1,3,0,0,0,0,2,0,0,1,0,0,19.53,0,0,0,0,0,0,0,0,0,0,0,1
Lanre Olatunji,North Georgia,2017-18,20.0,2,5,0,0,0,0,0,0,0,2,3,1,14.7,2,3,0,0,0,0,1,1,1,2,2,3
Laramie Hubbard,Middle Georgia State,2017-18,20.0,0,2,0,0,0,0,1,0,0,1,0,0,17.52,0,0,0,0,0,0,0,0,0,0,0,0
Larenz Stalcup,Louisiana,2017-18,20.0,4,12,0,0,2,5,4,0,1,5,5,3,18.53,4,7,0,0,0,0,0,0,2,2,6,1
Larry Austin Jr,Vanderbilt,2017-18,20.0,0,0,0,0,0,0,8,0,0,0,0,0,17.6,0,0,0,0,0,0,11,0,0,0,0,0
Larry Austin Jr.,Vanderbilt,2017-18,20.0,9,23,1,2,4,9,1,1,0,5,10,9,17.6,11,25,0,2,7,10,1,3,1,4,11,4
Larry Dennis,Stetson,2017-18,20.0,28,75,0,0,4,14,6,8,13,10,41,27,20.0,22,48,0,0,6,16,1,2,10,11,40,14
Larry Johnson,Presentation College,2017-18,20.0,1,5,0,0,0,0,0,0,0,2,1,0,14.77,1,3,0,0,0,0,1,0,0,0,1,2
Larry Joseph,Centenary NJ,2017-18,20.0,0,0,0,0,1,2,0,0,0,0,1,0,14.95,1,3,0,0,3,4,1,0,1,1,1,0
Larry McKnight Jr,North Carolina Central,2017-18,20.0,0,0,0,0,0,0,3,0,0,0,0,0,14.93,0,0,0,0,0,0,3,0,0,0,0,0
Larry McKnight Jr.,North Carolina Central,2017-18,20.0,23,73,7,31,8,11,0,10,0,11,16,10,17.78,22,63,8,26,22,32,0,8,4,13,14,11
Larry Mcknight Jr,,2017-18,0.0,0,0,0,0,0,0,0,0,0,0,0,0,18.6,1,1,1,1,0,0,0,0,0,0,1,1
Larry Motuzis,American,2017-18,20.0,63,163,28,85,16,25,18,25,7,8,52,30,14.72,70,167,29,86,42,66,24,21,0,9,56,30
Larry Owens,Northwestern State,2017-18,20.0,44,85,0,1,15,34,5,7,7,11,48,16,14.62,25,57,0,0,15,27,3,2,5,13,28,24
Larry Stevenson III,Bryn Athyn,2017-18,20.0,1,3,0,1,0,0,0,1,0,0,1,1,14.82,1,4,0,2,0,0,0,0,0,1,0,1
Larry Wickett,Maine-Fort Kent,2017-18,20.0,1,6,1,2,0,0,2,1,0,0,3,1,14.98,1,1,0,0,0,0,0,1,0,0,0,3
Lars Espe,Montana,2017-18,20.0,0,3,0,2,0,0,0,0,0,1,0,1,20.0,0,0,0,0,0,0,0,0,0,0,1,1
Larson Ashford,Fisk,2017-18,20.0,0,1,0,0,0,0,0,0,0,1,3,0,20.0,0,0,0,0,0,0,0,0,0,0,0,0
Lashard Powell,Louisiana College,2017-18,20.0,4,9,4,5,0,1,0,1,0,0,2,2,14.82,3,10,2,2,0,0,2,0,0,0,3,2
Lasse Gummerus,Marist,2017-18,20.0,30,63,21,48,10,11,8,3,0,3,40,6,20.0,10,33,4,23,4,4,4,1,1,4,17,4
Lassi Nikkarinen,Montana State,2017-18,19.98,2,5,2,5,2,3,7,5,0,0,6,5,14.7,1,2,1,1,0,0,5,0,0,0,5,2
Latrell Spivey,West New Mexico,2017-18,20.0,1,2,0,0,0,0,0,0,0,0,4,1,18.48,1,4,0,0,1,1,1,0,0,2,0,3
Lavar Batts Jr,NC State,2017-18,20.0,0,0,0,0,0,0,12,0,0,0,0,0,14.72,0,0,0,0,0,0,9,0,0,0,0,0
Lavar Batts Jr.,NC State,2017-18,20.0,14,52,6,25,13,23,12,11,3,4,14,7,14.72,15,38,1,15,14,24,6,7,0,4,9,8
Lavelle Scottie,Air Force,2017-18,20.0,59,133,19,54,12,14,19,11,6,17,46,25,20.0,68,139,12,38,36,53,21,10,8,23,39,31
Lavone Holland II,Northern Kentucky,2017-18,20.0,69,174,32,80,35,39,55,19,2,7,55,39,15.7,65,143,21,64,46,57,75,13,5,8,53,30
Lawrence Castor,Point,2017-18,20.0,0,4,0,0,1,3,0,0,0,2,1,2,16.4,2,3,0,0,1,4,0,0,1,0,6,2
Lawrence Pettis Jr.,Frostburg State,2017-18,20.0,1,6,0,2,2,6,0,0,0,0,1,1,14.93,0,1,0,1,0,0,0,0,0,1,0,3
Lawrence Rowley,Emory,2017-18,19.95,3,4,1,2,1,2,1,0,1,0,1,2,17.95,1,2,0,0,2,2,0,0,1,0,2,0
Lawrence Weatherall,Bethesda,2017-18,20.0,1,3,1,2,0,0,1,0,0,1,1,0,17.8,1,4,0,3,0,0,0,0,0,0,1,4
Lawson Korita,Tulsa,2017-18,20.0,10,34,7,23,1,2,9,1,0,3,10,9,17.9,14,28,5,16,5,6,7,5,0,5,19,3
Lawson Schaffer,Alabama,2017-18,20.0,2,3,1,2,0,0,1,1,0,0,0,0,17.97,0,1,0,1,0,0,4,1,0,0,0,0
Lazar Nikolic,Colorado,2017-18,20.0,13,33,5,19,5,12,17,7,4,7,29,17,17.9,13,28,3,12,3,7,8,2,1,3,27,5
Le Tourneau,,2017-18,0.0,0,0,0,0,0,0,0,0,0,1,3,0,0.0,0,0,0,0,0,0,0,0,0,3,3,1
LeAndre Thomas,Maryland-Eastern Shore,2017-18,0.0,8,27,0,0,4,10,2,1,3,9,16,9,14.77,5,17,0,0,4,8,0,3,3,9,12,4
LeSean Brown,Air Force,2017-18,20.0,0,2,0,2,2,2,0,0,0,1,0,1,17.55,1,1,0,0,1,2,0,0,0,0,1,0
Leander Williams,Mid-Atlantic Christian University,2017-18,20.0,0,3,0,2,3,5,1,1,0,0,4,4,14.7,1,8,1,7,0,0,0,0,0,0,0,0
Leandro Allende,The Citadel,2017-18,20.0,20,41,5,14,7,9,22,4,3,12,34,12,14.75,22,46,5,15,8,13,22,4,0,12,27,9
Ledarrius Brewer,,2017-18,4.75,54,149,24,87,22,31,19,16,10,1,45,33,0.0,72,168,32,84,28,34,16,11,5,12,46,19
Lee Green,College of Coastal Georgia,2017-18,20.0,2,4,0,0,0,0,0,0,0,0,2,1,19.87,2,4,0,0,0,0,0,0,0,1,2,0
Lee Lincoln,Jarvis Christian,2017-18,0.0,0,0,0,0,0,0,0,0,0,0,0,0,14.47,2,4,2,4,2,3,1,0,0,0,0,0
Lee Richmond,Jacksonville,2017-18,20.0,1,4,0,0,1,2,0,1,0,1,4,3,17.95,6,9,1,2,5,5,3,3,0,0,5,3
Lee Underwood,Concordia College (AL),2017-18,20.0,0,0,0,0,0,0,1,1,0,0,1,0,14.92,3,4,0,0,0,3,0,1,0,1,1,1
Legend Robertin,Nicholls,2017-18,20.0,14,30,0,1,8,13,0,1,25,13,31,15,20.0,14,23,0,0,4,7,1,0,10,11,10,8
Lehigh,,2017-18,0.0,0,0,0,0,0,0,0,0,0,26,26,5,0.0,0,0,0,0,0,0,0,0,0,32,15,3
Leighton Kingma,Pacific Lutheran,2017-18,20.0,2,4,1,1,1,2,0,0,0,0,1,1,14.83,3,4,2,3,0,0,0,0,0,0,1,1
Leighton Sampson,Jamestown,2017-18,20.0,5,8,0,0,0,0,0,0,1,0,3,2,14.83,0,3,0,0,0,0,0,2,0,1,1,0
Leito Holloway,Mississippi College,2017-18,20.0,0,2,0,1,0,0,0,0,0,0,0,0,14.8,0,2,0,0,0,0,1,2,0,0,1,0
Lejawon LeBlanc,Louisiana College,2017-18,20.0,0,4,0,0,0,0,1,0,1,0,1,1,14.87,0,0,0,0,0,2,1,1,0,0,1,0
Leland Green,Hawai'i,2017-18,20.0,31,88,16,49,3,9,9,9,1,6,22,21,20.0,30,93,9,41,6,12,14,12,1,7,20,24
Leland King II,UC Santa Barbara,2017-18,20.0,87,182,34,68,23,30,27,15,3,26,134,16,20.0,81,179,13,45,35,48,27,7,2,35,100,22
Leland King Ii,UC Santa Barbara,2017-18,20.0,4,8,1,3,1,2,2,0,0,0,4,0,17.87,3,5,2,2,5,6,1,0,0,0,4,1
Lemmie Howard,Jackson State,2017-18,20.0,12,22,3,7,2,2,1,2,0,6,5,2,14.75,8,16,1,5,2,2,1,1,1,4,12,2
Lemoyne-Owen,,2017-18,0.0,0,0,0,0,0,0,0,0,0,3,2,0,0.0,0,0,0,0,0,0,0,0,0,1,1,0
Lenell Henry,Northern Arizona,2017-18,20.0,16,29,1,1,5,12,2,2,3,12,22,13,14.88,8,16,0,1,3,6,1,2,4,6,9,9
Lennard Freeman,NC State,2017-18,20.0,57,90,0,0,26,43,1,19,14,26,42,11,14.72,35,52,0,0,38,53,3,9,10,24,44,8
Lennard Robinson,St. Thomas (TX),2017-18,20.0,1,3,1,2,0,2,2,0,0,0,1,5,20.0,1,4,1,4,0,0,0,2,0,0,1,3
Leo Goodman,Stetson,2017-18,20.0,21,48,13,27,2,3,5,8,0,7,12,7,20.0,24,55,11,26,7,7,5,5,2,10,24,7
Leon Gilmore III,Stephen F. Austin,2017-18,20.0,59,114,5,17,34,50,21,11,9,20,63,28,17.98,47,99,2,13,37,62,18,21,5,20,59,25
Leonard Herring,Jarvis Christian,2017-18,20.0,1,1,0,0,0,0,1,0,0,0,0,1,14.47,0,4,0,2,0,0,0,0,0,0,0,0
Leondre Christie,Brewton-Parker,2017-18,20.0,1,4,0,1,0,0,1,0,0,2,2,3,14.92,5,7,1,2,2,2,0,0,0,3,2,0
Leondre Washington,Robert Morris,2017-18,20.0,23,75,8,35,29,38,25,12,0,3,21,24,14.95,24,76,11,34,24,35,19,9,0,5,15,18
Leonidas Alexakos,Boyce,2017-18,20.0,0,0,0,0,0,0,1,0,0,0,3,1,14.93,1,2,0,1,0,1,0,1,1,1,1,0
Leron Black,Illinois,2017-18,20.0,90,160,11,20,26,32,9,3,4,24,56,27,14.97,97,181,11,22,48,60,16,7,4,31,47,28
Leroy Butts IV,Radford,2017-18,20.0,15,32,3,13,4,6,5,6,1,6,21,6,20.0,11,21,2,4,2,7,1,2,0,8,11,6
Leroy Butts Iv,,2017-18,0.0,0,0,0,0,0,0,0,0,0,0,0,1,0.0,0,0,0,0,0,0,0,0,0,0,0,0
Leroy Williams II,Allen,2017-18,20.0,0,4,0,2,0,0,0,1,0,2,3,0,14.88,0,0,0,0,0,0,0,0,0,0,1,0
Leroy Williams Ii,Allen,2017-18,20.0,0,1,0,0,0,0,0,0,0,0,3,0,17.9,0,0,0,0,0,0,2,0,0,0,0,0
Lesley Varner Jr,UT Rio Grande Valley,2017-18,20.0,0,0,0,0,0,0,8,0,0,0,0,0,20.0,0,0,0,0,0,0,10,0,0,0,0,0
Lesley Varner Jr.,UT Rio Grande Valley,2017-18,20.0,28,76,6,24,23,31,0,16,6,20,28,13,20.0,21,56,8,25,24,34,0,16,4,20,29,12
Leston Gordon,New Mexico State,2017-18,0.0,0,0,0,0,0,0,0,0,0,0,0,0,15.32,0,2,0,0,0,2,0,0,0,1,0,1
Letron Manning,Jarvis Christian,2017-18,0.0,2,2,0,0,1,2,0,1,0,1,2,2,14.9,0,1,0,0,0,0,0,0,0,0,1,2
Levi Bradley,Northern Illinois,2017-18,20.0,69,175,7,39,34,42,9,15,5,15,60,18,17.85,75,171,14,45,66,79,11,12,3,22,65,19
Levi Dalzell,George Fox,2017-18,0.0,0,0,0,0,0,0,0,0,0,0,0,0,14.98,1,1,0,0,0,0,0,0,0,1,0,0
Levi Frankland,,2017-18,0.0,0,0,0,0,0,0,0,0,0,0,0,1,0.0,0,0,0,0,0,0,0,0,0,0,0,0
Levi Lamb,Brevard College,2017-18,20.0,0,5,0,2,0,0,4,1,0,0,2,0,16.65,3,3,2,2,0,0,2,0,0,1,1,1
Levi Stockard III,Kansas State,2017-18,0.0,19,31,0,0,9,13,1,4,0,14,27,11,14.72,6,14,0,0,5,6,3,0,2,7,9,4
Lew Stallworth,UT Rio Grande Valley,2017-18,20.0,19,48,7,21,5,9,36,9,1,4,31,23,20.0,26,64,9,29,26,33,41,6,0,8,26,15
Lewis,,2017-18,0.0,0,0,0,0,0,0,0,0,0,1,0,0,0.0,0,0,0,0,0,0,0,0,0,0,1,0
Lewis Djonkam,VCU,2017-18,20.0,2,5,0,0,4,6,1,0,1,1,2,3,14.58,0,3,0,0,0,0,1,1,1,3,1,0
Lewis Ntolla,Southern-New Orleans,2017-18,0.0,0,1,0,0,0,0,0,0,2,0,1,0,18.57,1,2,0,0,0,1,0,1,1,0,4,1
Lewis Sullivan,UAB,2017-18,20.0,42,81,1,8,16,21,15,11,8,21,39,25,14.97,43,67,3,5,21,36,13,5,11,25,50,26
Lexus Williams,Boise State,2017-18,0.0,46,111,14,50,17,20,41,19,1,4,37,17,14.78,47,102,30,55,32,36,26,10,0,5,16,26
Liam Bruno,Wheaton (MA),2017-18,19.98,0,2,0,1,2,2,0,0,0,0,2,0,14.97,1,4,1,3,1,2,2,1,0,0,2,0
Liam Davis,Bethany WV,2017-18,20.0,2,4,0,0,0,0,0,0,0,0,0,1,14.92,0,2,0,0,0,0,0,0,0,0,1,1
Liam O'Reilly,Gardner-Webb,2017-18,20.0,85,190,41,97,21,27,71,17,3,2,66,51,14.77,76,187,39,105,32,38,45,16,0,8,63,42
Liberty,,2017-18,0.0,0,0,0,0,0,0,0,0,0,20,24,3,0.0,0,0,0,0,0,0,0,0,0,16,24,5
Life Pacific,,2017-18,0.0,0,0,0,0,0,0,0,0,0,4,5,1,0.0,0,0,0,0,0,0,0,0,0,1,4,0
Lijah Donnelly,Illinois-Springfield,2017-18,20.0,0,2,0,1,0,0,2,1,0,0,0,2,20.0,2,3,0,0,3,4,1,1,0,1,0,0
Limestone,,2017-18,0.0,0,0,0,0,0,0,0,0,0,2,0,0,0.0,0,0,0,0,0,0,0,0,0,1,0,0
Lincoln (PA),,2017-18,0.0,0,0,0,0,0,0,0,0,0,0,3,0,0.0,0,0,0,0,0,0,0,0,0,0,2,0
Lincoln Christian,,2017-18,0.0,0,0,0,0,0,0,0,0,0,2,0,0,0.0,0,0,0,0,0,0,0,0,0,1,0,1
Lincoln Elbe,,2017-18,1.0,1,5,0,3,0,0,3,2,0,0,1,1,0.0,0,2,0,2,0,0,1,0,1,0,1,0
Lindell Wigginton,Iowa State,2017-18,20.0,83,186,31,73,44,63,38,14,7,6,59,42,17.85,71,187,34,85,55,87,35,14,6,11,29,46
Lindsey Drew,Nevada,2017-18,20.0,36,74,7,16,13,19,65,11,8,11,38,17,17.93,37,77,7,22,33,39,46,14,14,12,38,17
Lindy Waters III,Oklahoma State,2017-18,20.0,38,101,22,66,13,16,31,17,7,10,48,20,14.92,53,103,23,55,24,31,25,11,5,10,41,21
Linfield College,,2017-18,0.0,0,0,0,0,0,0,0,0,0,1,1,0,0.0,0,0,0,0,0,0,0,0,0,0,1,0
Link Kabadyundi,UT Arlington,2017-18,20.0,15,17,0,0,6,14,2,1,3,9,23,8,16.15,5,7,0,0,4,11,1,2,2,4,16,2
Linwood Lee,Wisconsin Parkside,2017-18,20.0,0,3,0,1,0,0,1,0,1,0,1,1,16.33,0,5,0,1,0,0,0,1,0,0,0,2
Lipscomb,,2017-18,0.0,0,0,0,0,0,0,0,0,0,19,14,3,0.0,0,0,0,0,0,0,0,0,0,19,26,11
Liric Chavers,Edward Waters,2017-18,20.0,1,3,0,1,0,0,1,1,0,2,1,4,14.85,0,2,0,1,0,0,1,0,0,0,0,0
Little Rock,,2017-18,0.0,0,0,0,0,0,0,0,0,0,33,29,9,0.0,0,0,0,0,0,0,0,0,0,22,21,9
Lj Westbrook,Peru State College,2017-18,20.0,4,6,1,2,4,4,2,0,0,0,5,3,14.88,1,3,0,1,0,0,1,0,0,0,1,1
Lloyd Burgess,UNC Greensboro,2017-18,0.0,0,0,0,0,0,0,0,0,0,1,0,1,14.98,3,3,0,0,1,3,0,0,0,3,0,2
Logan Bunch,Washington College (MD),2017-18,20.0,1,3,0,0,0,0,0,0,1,0,1,1,14.9,2,3,0,0,0,0,1,0,0,1,2,0
Logan Cook,St. Edward's,2017-18,0.0,0,0,0,0,0,0,0,0,0,0,0,0,20.0,1,1,0,0,0,0,2,1,0,2,0,0
Logan Fleming,,2017-18,0.0,0,0,0,0,0,0,0,0,0,0,0,0,0.0,0,0,0,0,0,0,0,0,0,0,0,1
Logan Gonce,Illinois-Springfield,2017-18,20.0,0,1,0,1,0,0,0,1,0,0,0,0,20.0,2,3,0,0,0,0,1,0,0,0,1,1
Logan Koch,Eastern Illinois,2017-18,20.0,5,17,5,15,2,2,7,5,0,0,8,5,19.52,4,15,2,12,0,0,3,3,0,0,5,6
Logan Ledane,Barclay College,2017-18,20.0,2,3,0,0,0,0,0,0,0,0,1,1,14.93,1,3,1,3,0,0,0,0,0,0,0,0
Logan McIntosh,Maryland-Eastern Shore,2017-18,20.0,15,58,5,19,17,23,28,5,0,3,28,19,20.0,27,67,3,19,32,41,22,8,1,6,18,19
Logan McLane,Miami (OH),2017-18,20.0,55,122,5,28,11,28,9,17,14,23,69,28,20.0,58,102,6,17,16,30,11,14,9,23,38,23
Logan Nelson,Valley City State,2017-18,20.0,0,1,0,1,0,0,1,0,0,0,1,0,14.93,0,0,0,0,0,0,0,0,0,0,1,0
Logan Parvis,Allen,2017-18,0.0,0,0,0,0,0,0,0,0,0,0,0,0,14.88,0,0,0,0,1,2,0,0,0,0,0,0
Logan Power,South Dakota,2017-18,0.0,3,5,1,2,0,0,2,0,0,0,2,0,14.92,4,7,4,7,2,2,6,0,0,1,4,3
Logan Routt,West Virginia,2017-18,20.0,6,12,0,0,5,9,4,0,7,23,13,6,14.9,7,10,0,0,0,1,5,0,2,12,7,4
Logan Ryan,Colorado State,2017-18,20.0,8,14,2,4,1,5,4,0,2,6,9,2,20.0,7,9,4,6,2,2,2,0,1,3,8,1
Logan Seacrist,Lynchburg,2017-18,20.0,3,5,3,5,2,2,1,0,1,0,0,1,19.93,2,6,0,3,0,0,3,0,2,2,7,3
Logan Worthington,Oakland City,2017-18,20.0,9,18,0,3,1,1,4,2,2,1,7,1,14.98,7,13,2,2,3,4,1,3,0,4,2,7
Londell King,Morehead State,2017-18,20.0,30,65,4,19,10,15,8,8,9,28,45,29,14.7,41,73,5,16,29,40,9,5,13,32,52,19
Long Beach State,,2017-18,0.0,0,0,0,0,0,0,0,0,0,26,24,3,0.0,0,0,0,0,0,0,0,0,0,20,14,4
Longwood,,2017-18,0.0,0,0,0,0,0,0,0,0,0,16,24,2,0.0,0,0,0,0,0,0,0,0,0,18,18,5
Lonnie Grayson,Army,2017-18,20.0,14,35,8,20,5,6,3,2,2,1,9,10,14.93,5,22,3,15,6,6,3,3,1,2,7,5
Lonnie Walker IV,Miami,2017-18,20.0,58,146,29,79,19,26,26,21,8,7,32,15,14.77,58,138,20,65,24,34,25,8,4,6,29,16
Lorenzen Wright Jr,UT Martin,2017-18,0.0,0,0,0,0,0,0,0,0,0,0,0,0,15.2,0,0,0,0,0,0,2,0,0,0,0,0
Lorenzen Wright Jr.,UT Martin,2017-18,15.0,1,9,1,9,2,3,0,1,0,0,6,0,20.0,3,8,2,5,0,0,0,2,0,2,2,2
Lorenzo Edwards,Saint Joseph's,2017-18,15.0,8,19,5,13,4,5,0,1,5,8,14,3,20.0,3,16,2,15,0,1,2,1,3,5,8,1
Lorenzo Hunt,Mississippi Valley State,2017-18,20.0,6,19,0,1,0,0,1,2,0,3,7,8,14.83,7,16,2,4,2,3,2,1,0,5,2,3
Lorenzo Jenkins,Colorado State,2017-18,20.0,30,65,17,39,8,13,4,1,3,10,29,12,20.0,7,27,5,12,3,7,0,2,0,4,13,8
Loris Lawson,Bluefield State,2017-18,20.0,0,1,0,0,0,0,0,0,0,0,1,0,14.88,0,1,0,0,0,0,0,0,0,1,1,1
Loudon Love,Wright State,2017-18,20.0,89,162,0,0,30,55,19,7,16,41,117,47,20.0,84,165,0,1,46,84,16,19,18,56,108,35
Louie Pillari,Monmouth,2017-18,20.0,41,85,22,49,12,12,9,3,0,2,11,10,19.25,28,61,18,37,14,16,5,3,1,5,16,9
Louis Adams,Wyoming,2017-18,20.0,37,81,10,24,25,32,20,8,4,8,28,28,20.0,50,97,13,29,62,89,22,10,4,10,31,29
Louis Blakes,Miles,2017-18,20.0,3,6,1,2,1,3,0,0,0,0,2,3,14.85,0,1,0,0,1,2,0,0,0,0,0,0
Louis Kurihara,Whittier,2017-18,20.0,1,4,1,2,0,0,0,0,0,0,0,1,14.93,1,1,0,0,0,0,2,0,0,0,0,0
Louis Stein,Curry College,2017-18,20.0,0,3,0,2,0,0,0,0,0,0,0,1,14.97,1,2,1,1,0,0,1,0,0,0,0,0
Louisiana,,2017-18,0.0,0,0,0,0,0,0,0,0,0,27,28,3,0.0,0,0,0,0,0,0,0,0,0,15,18,3
Louisiana College,,2017-18,0.0,0,0,0,0,0,0,0,0,0,1,1,1,0.0,0,0,0,0,0,0,0,0,0,0,0,1
Louisiana State Shreveport,,2017-18,0.0,0,0,0,0,0,0,0,0,0,0,2,0,0.0,0,0,0,0,0,0,0,0,0,2,1,1
Louisiana Tech,,2017-18,0.0,0,0,0,0,0,0,0,0,0,24,36,2,0.0,0,0,0,0,0,0,0,0,0,20,15,2
Louisville,,2017-18,0.0,0,0,0,0,0,0,0,0,0,12,16,6,0.0,0,0,0,0,0,0,0,0,0,16,8,3
Lourawls Nairn Jr,Michigan State,2017-18,20.0,0,0,0,0,0,0,2,0,0,0,0,0,14.88,0,0,0,0,0,0,2,0,0,0,0,0
Lourawls Nairn Jr.,Michigan State,2017-18,20.0,12,26,2,8,0,3,46,3,1,0,18,19,14.63,11,19,1,4,1,2,35,3,1,0,11,9
Lourdes University,,2017-18,0.0,0,0,0,0,0,0,0,0,0,1,1,0,0.0,0,0,0,0,0,0,0,0,0,0,0,0
Lovell Cabbil,Liberty,2017-18,20.0,46,131,17,61,23,28,42,23,9,8,67,33,14.9,59,133,24,63,49,56,65,16,4,4,58,25
Loyola (LA),,2017-18,0.0,0,0,0,0,0,0,0,0,0,1,1,0,0.0,0,0,0,0,0,0,0,0,0,0,0,0
Loyola (MD),,2017-18,0.0,0,0,0,0,0,0,0,0,0,27,20,6,0.0,0,0,0,0,0,0,0,0,0,25,14,2
Loyola Marymount,,2017-18,0.0,0,0,0,0,0,0,0,0,0,31,20,9,0.0,0,0,0,0,0,0,0,0,0,25,14,3
Loyola-Chicago,,2017-18,0.0,0,0,0,0,0,0,0,0,0,16,26,7,0.0,0,0,0,0,0,0,0,0,0,21,25,8
Luc Muhirwa,Bob Jones University,2017-18,20.0,3,5,0,1,2,4,0,0,0,0,2,2,14.95,0,1,0,0,3,4,1,0,1,1,0,2
Lucas Chavez,Northern New Mexico,2017-18,20.0,0,3,0,3,0,0,0,0,0,0,0,1,14.95,0,1,0,0,0,0,0,0,0,1,0,0
Lucas Daniels,Dubuque,2017-18,20.0,0,2,0,0,0,0,0,0,1,1,0,0,14.87,1,3,0,0,0,0,0,0,0,1,0,0
Lucas Doria,St. Edward's,2017-18,20.0,0,0,0,0,1,2,0,0,0,1,0,1,20.0,2,3,0,0,1,1,1,0,1,0,2,0
Lucas Jones,Eastern Illinois,2017-18,20.0,6,16,3,10,8,10,8,2,5,8,18,5,20.0,7,16,2,6,3,3,7,3,2,3,14,4
Lucas Lenoir,,2017-18,10.97,0,2,0,0,1,2,2,0,0,0,1,2,0.0,1,1,1,1,0,0,0,0,0,0,0,0
Lucas Mayer,University of Mary,2017-18,20.0,2,2,0,0,1,2,0,0,0,0,1,0,14.83,0,0,0,0,0,0,0,0,0,1,0,0
Lucas N'Guessan,Oklahoma State,2017-18,20.0,7,9,0,0,9,14,4,3,2,7,17,6,14.92,4,9,0,2,3,6,5,4,6,5,10,5
Lucas Siewert,Colorado,2017-18,20.0,33,61,17,31,17,19,8,5,8,10,35,11,17.9,23,53,10,28,23,29,10,3,5,15,21,13
Lucas Simon,,2017-18,0.0,0,0,0,0,0,0,0,0,0,0,0,3,0.0,0,0,0,0,0,0,0,0,0,0,1,1
Lucas Smith,Akron,2017-18,20.0,7,18,4,12,3,5,6,1,0,8,19,5,20.0,2,13,0,6,6,8,1,2,1,7,14,3
Lucas Uzdavinis,Ave Maria,2017-18,20.0,0,4,0,4,0,0,0,0,0,0,0,1,14.82,1,3,1,3,0,0,0,1,0,0,1,1
Lucas Williamson,,2017-18,10.23,31,67,19,40,8,13,17,16,3,5,27,12,0.0,20,50,14,38,24,35,20,13,6,7,38,12
Lucian Brownlee,Coppin State,2017-18,20.0,5,17,4,10,1,2,5,0,0,1,4,2,14.93,10,28,6,17,2,2,4,1,0,0,3,5
Luciano Cruz-Fernandez,John Jay College of Criminal Justice,2017-18,20.0,1,3,0,1,0,0,0,0,0,0,0,0,14.93,1,2,0,0,0,0,0,0,1,0,1,2
Ludvig Saldh,Mesa College,2017-18,0.0,0,0,0,0,0,0,0,0,0,0,0,0,14.95,1,1,0,0,0,0,0,0,0,0,1,1
Luis Mancillas,Schreiner,2017-18,20.0,1,4,1,4,2,3,1,0,0,0,1,1,14.82,1,3,0,0,0,0,2,1,0,0,2,4
Luis Medearis,William Jessup,2017-18,20.0,5,8,3,4,0,0,1,0,0,0,0,0,17.9,3,6,1,1,0,0,0,1,0,1,0,0
Luis Rosa,St. Andrews,2017-18,20.0,3,6,1,2,0,0,1,0,0,0,5,1,15.82,0,1,0,1,0,0,0,0,0,1,1,1
Luka Djordjevic,Ohio Valley,2017-18,0.0,0,0,0,0,0,0,0,0,0,0,0,0,14.78,3,3,0,0,0,1,1,0,0,1,2,0
Luka Garza,Iowa,2017-18,20.0,65,125,9,25,36,58,18,4,16,34,72,20,14.93,68,118,6,18,50,66,15,6,15,40,51,14
Luka Kraljevic,Boston College,2017-18,20.0,5,21,1,7,4,10,9,4,11,4,17,13,20.0,7,14,1,4,6,11,3,2,2,6,10,8
Luka Obrvan,,2017-18,0.0,0,0,0,0,0,0,0,0,0,0,0,0,0.0,0,0,0,0,0,0,0,0,0,0,1,0
Luka Vasic,Charlotte,2017-18,20.0,14,35,7,16,5,7,4,4,0,4,26,11,14.78,7,22,6,15,8,17,11,5,0,3,20,10
Luka Vulikic,Eastern Washington,2017-18,20.0,13,26,0,1,3,6,9,3,1,2,11,4,15.25,10,26,0,3,3,7,7,2,1,5,10,7
Lukas Durasas,Blue Mountain College,2017-18,20.0,1,4,0,1,2,2,1,0,0,2,4,1,14.87,0,1,0,1,1,2,0,0,1,1,2,0
Lukas Jarrett,Lafayette,2017-18,20.0,15,36,5,14,3,8,14,6,10,6,38,16,20.0,6,19,3,10,9,14,11,5,7,5,31,13
Lukas Juozapavicius,Warren Wilson,2017-18,20.0,5,9,4,8,0,0,0,0,0,0,1,0,14.78,4,10,4,10,1,1,1,0,0,0,3,2
Lukas Meisner,Columbia,2017-18,20.0,46,106,20,51,14,25,26,8,5,18,80,24,17.97,55,92,20,46,9,15,19,5,5,16,59,21
Lukas Swidler,Cal Lutheran,2017-18,0.0,0,0,0,0,0,0,0,0,0,0,0,0,17.97,1,1,0,0,0,0,0,0,0,0,0,0
Luke Barber,Spring Arbor,2017-18,20.0,0,1,0,1,0,0,0,0,0,0,1,1,15.38,0,1,0,0,0,1,0,0,0,0,2,1
Luke Bolster,Columbia,2017-18,0.0,0,0,0,0,0,0,0,0,0,0,0,0,18.18,3,9,2,6,0,0,2,0,0,0,2,0
Luke Call,Evangel,2017-18,20.0,2,8,2,7,0,0,1,2,0,1,1,0,14.92,0,1,0,0,0,0,0,0,0,0,0,0
Luke Chavez,St. Martin's,2017-18,20.0,3,4,2,2,0,0,3,0,0,1,1,0,18.95,2,5,1,3,4,4,3,2,0,0,0,1
Luke DeLine,Fontbonne College,2017-18,20.0,0,3,0,1,0,0,1,1,0,0,0,1,14.88,1,2,1,2,0,2,0,0,0,1,0,1
Luke Diekevers,,2017-18,4.77,0,4,0,1,0,0,0,1,0,1,1,1,0.0,0,1,0,0,0,0,1,0,0,0,1,0
Luke Doyle,Stetson,2017-18,20.0,49,135,26,87,7,10,23,13,3,4,39,23,20.0,60,140,30,83,16,18,23,13,3,13,34,18
Luke Johnson,Loyola (MD),2017-18,0.0,6,12,2,6,0,0,3,1,0,3,8,1,14.92,3,9,1,2,2,2,4,3,0,3,5,0
Luke Knapke,Toledo,2017-18,20.0,69,122,8,25,24,36,20,6,25,29,72,30,18.67,56,107,12,30,42,53,16,4,32,28,72,27
Luke Litwiller,Illinois State,2017-18,20.0,1,3,0,2,0,0,0,0,0,1,1,0,15.47,2,2,2,2,0,0,0,0,0,0,1,0
Luke Loehr,Navy,2017-18,0.0,0,0,0,0,0,0,0,0,0,0,0,0,14.9,2,2,0,0,0,0,0,0,0,0,0,1
Luke Loewe,William & Mary,2017-18,0.0,1,6,0,1,0,0,7,0,0,3,2,2,14.88,5,9,2,5,3,5,5,2,1,1,3,5
Luke Maye,North Carolina,2017-18,20.0,112,247,19,49,28,47,45,15,17,56,104,30,14.83,107,207,22,53,40,63,31,17,17,44,105,30
Luke McDonnell,Northern Iowa,2017-18,20.0,5,8,0,1,0,0,1,3,2,2,1,3,17.48,3,7,0,3,0,1,0,0,1,1,3,0
Luke Meikle,Cal Poly,2017-18,20.0,23,83,10,29,6,8,14,3,3,11,37,15,17.75,33,79,8,32,13,14,9,2,2,5,27,10
Luke Meyer,Central Michigan,2017-18,20.0,35,76,13,41,10,11,7,2,12,9,28,7,20.0,34,67,15,36,14,16,5,4,6,14,24,5
Luke Morrison,Army,2017-18,20.0,42,102,30,72,6,7,15,6,0,12,46,9,20.0,44,101,31,71,5,8,11,2,0,10,34,13
Luke Nathan,Rutgers,2017-18,0.0,0,0,0,0,0,0,0,0,0,0,0,0,14.85,0,1,0,0,0,0,0,0,1,0,1,0
Luke Neff,Denver,2017-18,20.0,6,13,4,11,0,0,1,0,0,0,6,1,15.7,8,15,6,13,2,2,3,0,0,0,6,4
Luke O'Connor,Sarah Lawrence,2017-18,20.0,0,3,0,2,0,0,0,1,0,1,1,1,14.93,2,4,2,4,0,0,0,0,0,0,2,0
Luke Phillips,Bluefield State,2017-18,0.0,0,0,0,0,0,0,0,0,0,0,0,0,14.88,0,1,0,0,0,0,0,0,0,0,0,0
Luke Rightnowar,Tiffin,2017-18,19.95,0,2,0,2,0,0,0,1,0,0,1,1,16.22,0,0,0,0,0,0,1,0,0,1,0,1
Luke Romeo,Lynchburg,2017-18,20.0,1,1,1,1,0,0,0,0,0,0,0,0,19.93,1,2,1,2,0,0,0,0,0,0,0,0
Luke Rosinski,New Hampshire,2017-18,0.0,2,7,0,1,5,7,2,5,0,3,5,1,14.75,0,3,0,0,6,10,1,0,0,5,3,5
Luke Schultz,Montana State,2017-18,20.0,4,6,0,0,5,9,0,1,0,3,5,3,14.8,0,0,0,0,1,3,0,0,0,2,1,1
Luke Smith,,2017-18,10.32,2,4,2,3,0,0,0,0,0,0,0,0,0.0,1,4,1,2,1,2,0,0,0,1,0,1
Luke Stephenson,McMurry,2017-18,20.0,1,4,0,2,0,0,1,1,0,0,1,1,14.97,0,0,0,0,0,0,0,0,0,0,0,0
Luke Van-Rijn,Mars Hill,2017-18,20.0,2,6,1,5,1,2,0,0,1,1,1,1,14.97,0,1,0,0,1,2,0,1,0,0,0,1
Luke Vargo,High Point,2017-18,20.0,9,26,7,19,3,4,4,1,1,2,19,6,20.0,11,25,5,16,5,7,3,2,2,3,11,5
Luke Walker,William Jessup,2017-18,20.0,0,1,0,0,0,0,3,2,0,0,0,0,17.9,2,3,0,0,0,0,1,0,0,0,0,0
Luke Wicks,,2017-18,0.0,0,0,0,0,0,0,0,0,0,0,0,0,0.0,0,0,0,0,0,0,0,0,0,0,0,2
Luke Worley,Pacific Lutheran,2017-18,20.0,0,2,0,0,2,2,0,1,0,0,0,1,14.83,0,0,0,0,0,0,0,0,0,0,0,0
Luke Worthington,BYU,2017-18,20.0,28,62,0,0,21,33,9,6,4,14,40,11,14.72,25,44,0,0,13,24,6,6,3,18,20,8
Luqman Lundy,,2017-18,17.65,2,10,1,4,2,2,5,3,1,0,5,3,0.0,3,5,1,3,2,4,4,3,1,1,5,4
Luuk van Bree,Bradley,2017-18,20.0,21,52,12,29,5,7,4,4,5,5,22,12,17.68,21,40,7,14,4,6,2,7,4,8,24,3
Luwane Pipkins,UMass,2017-18,20.0,106,247,56,130,32,38,57,24,0,7,45,53,20.0,96,222,38,87,73,94,61,19,0,7,42,40
Lyle Sutton,Idaho State,2017-18,0.0,0,0,0,0,1,2,0,1,0,0,0,1,17.82,0,2,0,2,1,3,1,0,0,1,1,0
Lynchburg,,2017-18,0.0,0,0,0,0,0,0,0,0,0,1,0,0,0.0,0,0,0,0,0,0,0,0,0,0,0,0
Lyndon St,,2017-18,0.0,0,0,0,0,0,0,0,0,0,1,1,2,0.0,0,0,0,0,0,0,0,0,0,0,0,0
Lynorris Hamilton,Florida College,2017-18,20.0,2,5,0,2,4,7,5,1,0,0,3,2,14.88,1,6,0,0,1,2,3,1,0,0,2,1
Lynrick Moxey,Western Illinois,2017-18,20.0,6,10,0,0,3,5,0,1,0,2,10,2,18.98,3,4,1,1,1,2,2,0,0,0,5,0
Lyon,,2017-18,0.0,0,0,0,0,0,0,0,0,0,0,1,0,0.0,0,0,0,0,0,0,0,0,0,2,0,1
Lyrik Shreiner,CSU Northridge,2017-18,20.0,51,111,6,26,20,29,29,10,3,15,55,33,16.72,38,88,8,24,31,38,27,12,4,17,38,36
Lysander Bracey,Hampton,2017-18,20.0,17,43,9,25,9,12,6,5,4,2,17,11,17.85,25,55,17,45,1,1,2,2,1,2,7,4
M Meracado-Smith,George Fox,2017-18,20.0,0,0,0,0,0,0,1,0,0,0,0,0,14.98,0,1,0,0,0,0,0,0,0,0,2,0
M.J. Cage,Oregon,2017-18,0.0,4,7,0,0,1,2,0,0,0,5,4,1,14.78,2,4,0,0,1,2,0,0,1,4,8,1
M.J. Walker,Florida State,2017-18,20.0,42,121,26,73,24,27,13,12,4,4,27,27,17.65,39,91,15,45,18,28,8,9,1,3,23,10
MJ Cage,Oregon,2017-18,20.0,0,0,0,0,0,0,1,0,0,0,0,0,14.9,0,0,0,0,0,0,0,0,0,0,0,0
MJ Walker,Florida State,2017-18,20.0,0,0,0,0,0,0,10,0,0,0,0,0,17.65,0,0,0,0,0,0,6,0,0,0,0,0
Mac Brydon,Mercer,2017-18,20.0,1,1,0,0,3,3,0,0,0,0,0,0,14.97,1,1,0,0,0,0,0,0,0,1,1,0
Mac Sashin,Emerson College,2017-18,20.0,0,0,0,0,0,0,1,0,1,0,3,0,14.52,0,1,0,0,0,0,0,0,0,0,1,0
Macauley Brown,Haskell,2017-18,20.0,1,1,0,0,0,0,0,1,0,0,3,2,14.9,0,2,0,0,0,0,1,1,0,1,3,1
Maceo Jack,George Washington,2017-18,20.0,10,28,6,16,5,6,6,2,3,3,7,7,17.65,8,13,3,5,1,2,1,1,0,3,5,5
Maciej Bender,West Virginia,2017-18,0.0,11,27,0,2,3,6,3,9,7,22,24,8,14.87,4,8,0,1,3,9,2,0,2,10,8,4
Macio Teague,UNC Asheville,2017-18,20.0,49,108,26,56,28,28,16,13,1,6,28,15,20.0,46,104,22,54,29,37,12,12,1,6,31,16
Mack Bertram,Mitchell College,2017-18,20.0,1,2,0,0,0,0,3,0,0,0,0,0,14.68,0,2,0,1,0,0,0,0,0,0,0,1
Mack Mercer,Belmont,2017-18,20.0,43,75,8,25,17,22,12,5,7,10,25,19,20.0,26,55,1,11,17,24,8,6,7,18,34,15
Mack Smith,Eastern Illinois,2017-18,20.0,54,123,26,73,11,17,17,12,2,3,47,19,20.0,43,81,24,50,24,31,12,4,3,2,37,17
Macoumba Kane,Limestone,2017-18,20.0,3,5,1,2,2,4,0,0,1,0,2,0,14.92,0,0,0,0,0,0,0,0,0,0,0,1
Madison Williams,Illinois State,2017-18,0.0,26,90,18,64,0,0,22,18,4,2,36,22,20.0,28,80,19,50,11,15,19,14,4,7,23,16
Mafiaion Joyner,Michigan Dearborn,2017-18,20.0,4,12,2,4,3,3,6,1,0,4,1,2,17.48,3,7,1,5,0,0,1,0,0,0,4,0
Mahamadou Kaba-Camara,CSU Northridge,2017-18,20.0,13,18,0,0,1,10,1,3,2,10,19,5,17.8,4,8,0,0,2,3,1,0,3,4,13,2
Mahir Johnson,Wilmington,2017-18,20.0,0,3,0,2,0,0,0,0,0,0,2,1,18.05,0,1,0,0,2,4,0,1,0,0,0,3
Mahlon Martin,Ouachita Baptist,2017-18,20.0,0,4,0,2,0,0,5,1,1,0,1,0,20.0,3,3,2,2,3,4,2,1,0,0,2,1
Maik Kotsar,South Carolina,2017-18,20.0,53,123,4,14,16,30,26,14,10,28,52,29,16.48,48,118,1,11,25,43,20,15,6,30,43,29
Maine,,2017-18,0.0,0,0,0,0,0,0,0,0,0,14,18,4,0.0,0,0,0,0,0,0,0,0,0,11,9,4
Mairega Clarke,UT Arlington,2017-18,0.0,6,20,3,11,1,3,5,3,3,2,10,10,16.15,4,10,2,4,3,6,3,4,0,0,4,5
Maishe Dailey,Iowa,2017-18,20.0,27,65,16,38,6,9,24,7,2,3,26,11,14.93,26,54,12,26,10,17,27,2,0,1,27,15
Majerle Poole,Johnson & Wales (NC),2017-18,20.0,5,25,1,10,3,6,2,3,2,2,6,7,14.98,9,17,4,9,2,2,2,1,0,3,5,2
Makai Ashton-Langford,Providence,2017-18,20.0,18,54,1,12,9,20,31,11,1,2,25,30,14.77,25,57,1,11,20,37,18,9,3,0,18,11
Makai Mason,Yale,2017-18,20.0,1,2,1,2,2,3,0,0,0,0,0,0,17.85,1,4,1,1,0,0,1,0,0,0,0,1
Makale Foreman,Chattanooga,2017-18,20.0,55,129,40,96,13,15,23,15,0,5,21,24,20.0,42,118,30,85,20,23,31,8,0,8,25,18
Makaleb McInnis,Black Hills State,2017-18,20.0,1,2,1,1,0,0,0,0,0,0,1,0,14.77,0,2,0,1,3,4,1,1,0,1,3,1
Makhtar Gueye,UAB,2017-18,0.0,10,23,2,10,2,4,2,0,3,4,17,10,14.97,9,25,1,10,1,3,5,1,1,5,13,4
Makinde London,Chattanooga,2017-18,20.0,53,146,17,57,37,52,27,12,12,24,78,31,20.0,71,152,25,64,38,51,22,13,10,11,64,48
Makol Mawien,Kansas State,2017-18,20.0,63,99,3,7,13,19,6,7,24,22,44,20,14.72,37,70,0,4,29,35,4,10,18,17,37,18
Makuach Maluach,New Mexico,2017-18,20.0,56,108,14,32,22,26,16,14,2,24,30,25,14.98,57,97,15,29,40,51,14,5,6,12,16,18
Makur Puou,New Orleans,2017-18,20.0,46,109,0,1,22,34,14,8,5,26,59,29,17.92,50,97,0,0,37,51,18,13,15,32,49,25
Malachi Flynn,Washington State,2017-18,19.47,66,181,34,104,23,26,54,25,0,10,32,34,19.98,80,179,37,99,49,57,70,20,2,10,46,27
Malachi Hall,Cairn University,2017-18,20.0,4,8,0,1,0,0,1,1,0,2,2,5,14.85,2,3,0,0,0,0,1,0,0,0,1,1
Malachi Williams,Boyce,2017-18,20.0,1,1,0,0,0,0,0,0,0,0,1,0,14.93,0,0,0,0,0,0,0,0,0,0,0,0
Malcolm Allen,Northern Arizona,2017-18,20.0,1,3,0,0,0,0,3,0,0,0,0,2,14.88,0,1,0,0,0,0,0,0,0,0,0,0
Malcolm Drumwright,Jacksonville State,2017-18,20.0,67,159,35,88,13,14,51,13,1,6,31,19,14.68,81,201,33,90,53,64,60,10,1,9,32,24
Malcolm Duvivier,Akron,2017-18,20.0,79,201,50,125,19,25,56,11,2,4,46,51,20.0,70,183,33,95,24,43,41,14,1,4,23,39
Malcolm Gordon,California Merced,2017-18,0.0,0,0,0,0,0,0,0,0,0,0,0,0,14.87,3,4,2,3,0,0,0,0,0,1,2,0
Malcolm Porter,Portland,2017-18,20.0,38,82,7,20,25,32,24,7,0,1,21,20,20.0,22,66,5,22,10,20,23,6,0,4,18,20
Malcolm Regisford,Colgate,2017-18,20.0,27,42,0,0,8,13,10,2,10,19,39,13,19.77,20,32,0,0,14,21,3,1,4,13,28,10
Malcolm Wynter,Davidson,2017-18,20.0,1,1,0,0,0,0,0,0,0,0,0,0,14.82,0,0,0,0,0,0,0,0,0,0,0,0
Maleek Catchings,Presbyterian,2017-18,0.0,1,4,1,2,0,0,0,1,0,2,2,1,20.0,2,3,0,0,0,0,0,0,0,1,2,0
Malek Green,Morehead State,2017-18,20.0,37,77,4,10,9,14,3,5,6,19,48,13,14.7,29,58,0,2,19,32,4,4,10,24,39,12
Malek Harwell,Boise State,2017-18,20.0,1,4,1,3,2,2,2,0,0,0,2,1,14.78,0,3,0,1,1,2,2,0,0,0,1,0
Maleke Haynes,Alaska Anchorage,2017-18,20.0,6,13,3,8,0,0,4,1,1,1,2,4,17.85,1,4,1,2,2,2,5,2,1,0,3,4
Maliek White,Providence,2017-18,20.0,22,46,8,22,9,13,13,10,2,2,11,12,14.77,15,38,5,17,10,18,4,7,0,0,9,5
Malik Abdulgader,Piedmont,2017-18,20.0,2,2,1,1,0,0,0,0,0,0,1,0,17.92,1,3,0,2,0,0,0,0,0,0,2,0
Malik Benlevi,Georgia State,2017-18,20.0,43,101,26,69,7,12,26,23,20,19,82,10,14.93,65,140,39,85,20,28,31,22,9,26,81,13
Malik Bullock,Johnson & Wales (NC),2017-18,0.0,2,5,0,1,2,4,0,0,0,0,5,1,14.98,8,18,1,3,1,5,2,1,0,3,2,5
Malik Burnett,Troy,2017-18,20.0,2,6,1,2,0,0,1,2,0,0,2,4,14.55,2,8,0,4,0,5,5,0,1,0,2,2
Malik Clements,Alaska Anchorage,2017-18,20.0,3,8,1,5,0,0,1,1,0,0,3,0,17.85,4,13,1,5,4,6,3,2,0,2,6,2
Malik Crowfield,VCU,2017-18,20.0,27,72,24,62,6,7,25,10,3,3,20,12,14.58,26,71,21,58,6,9,19,13,1,1,14,12
Malik Dunbar,Auburn,2017-18,20.0,28,78,15,43,7,16,5,9,2,5,37,14,14.88,39,75,11,28,10,13,3,4,6,12,27,13
Malik Eichler,Detroit Mercy,2017-18,0.0,4,8,2,4,2,4,0,1,0,4,4,5,16.98,2,6,0,1,0,0,0,1,0,2,5,1
Malik Ellis,Bethany WV,2017-18,20.0,0,3,0,1,0,2,2,0,0,0,0,0,14.92,1,1,0,0,0,0,1,0,0,0,0,1
Malik Ellison,Eastern Michigan,2017-18,20.0,3,31,2,18,0,0,25,9,0,2,8,14,15.38,8,30,5,17,6,15,15,5,0,3,7,12
Malik Frazier,Johnson & Wales (NC),2017-18,20.0,0,3,0,1,0,0,1,0,1,1,0,0,14.98,0,0,0,0,0,0,0,0,0,0,0,0
Malik Harmon,St. Francis (PA),2017-18,20.0,14,51,6,23,9,12,32,8,0,0,23,17,15.78,12,55,6,30,10,10,29,6,0,1,16,11
Malik Hines,UMass,2017-18,20.0,42,79,0,0,20,28,14,8,11,33,52,33,20.0,69,90,0,0,30,41,11,5,15,40,57,20
Malik Hluchoweckyj,Emporia State,2017-18,20.0,0,1,0,1,0,0,0,0,0,0,1,1,20.0,2,4,1,2,2,2,0,1,2,0,0,1
Malik Johnson,Canisius,2017-18,20.0,42,103,20,56,16,22,68,24,2,1,54,22,20.0,41,93,14,41,27,36,65,16,1,2,45,31
Malik Laffoon,Anderson (IN),2017-18,20.0,1,3,0,1,4,4,0,0,1,1,1,1,14.78,1,3,1,2,0,0,0,1,0,0,1,1
Malik Maitland,Bethune-Cookman,2017-18,20.0,38,103,16,41,14,20,50,17,2,8,20,22,14.83,33,90,10,32,18,29,40,15,1,6,17,19
Malik Marquetti,Louisiana,2017-18,20.0,43,113,26,62,13,18,31,13,2,17,47,21,18.53,44,93,25,55,19,22,29,14,3,15,33,17
Malik Martin,South Florida,2017-18,20.0,30,53,6,10,8,15,9,9,13,17,54,20,20.0,50,85,3,8,15,27,6,7,15,27,45,17
Malik Masey,,2017-18,5.92,0,1,0,1,0,0,1,0,0,0,0,2,0.0,0,0,0,0,1,2,1,0,0,0,0,0
Malik Massey,UNC Greensboro,2017-18,20.0,15,47,7,24,0,3,18,7,0,0,13,12,14.98,16,36,5,16,18,20,11,9,0,1,7,9
Malik Metoyer,Northwestern State,2017-18,20.0,21,55,5,17,4,9,14,6,4,20,31,22,16.25,22,49,3,15,15,23,9,8,5,18,29,8
Malik Miller,Fairleigh Dickinson,2017-18,20.0,2,8,1,6,1,2,0,1,6,2,4,4,14.97,2,6,1,4,0,0,1,2,0,0,2,0
Malik Moore,South Carolina Upstate,2017-18,20.0,71,160,21,61,38,55,29,19,5,14,57,37,17.93,58,132,10,47,49,66,37,15,6,25,60,18
Malik Newman,Kansas,2017-18,20.0,90,206,41,99,21,23,48,21,4,10,96,29,14.63,87,180,40,98,65,80,32,18,2,9,74,28
Malik Ondigo,Texas Tech,2017-18,20.0,1,4,0,0,0,0,0,1,0,0,2,3,14.7,4,6,0,0,2,2,0,0,0,1,0,4
Malik Osborne,Rice,2017-18,20.0,30,94,10,44,30,44,15,10,10,25,60,33,20.0,45,91,5,23,37,60,10,8,12,35,52,20
Malik Petteway,Robert Morris,2017-18,20.0,12,25,0,0,11,15,1,1,2,16,21,6,14.95,7,25,0,1,8,16,0,7,9,14,19,3
Malik Pope,San Diego State,2017-18,20.0,83,153,6,16,25,39,15,12,17,35,67,35,14.82,66,130,8,18,30,42,20,9,15,30,63,14
Malik Rhodes,Memphis,2017-18,20.0,10,29,6,21,3,4,13,3,0,1,4,11,17.97,7,21,3,12,14,18,16,1,0,0,4,9
Malik Thurman,Lourdes,2017-18,20.0,2,6,1,3,0,1,1,0,0,1,1,0,14.9,1,2,0,1,0,0,0,0,1,0,0,0
Malik William,Clemson,2017-18,0.0,3,8,1,1,0,0,2,0,0,5,4,0,14.77,2,5,0,1,2,2,1,1,1,1,4,2
Malik Williams,Louisville,2017-18,0.0,27,63,11,34,3,5,5,8,8,12,28,6,20.0,13,31,5,16,5,7,0,4,2,6,16,3
Malik Yant,Fisk,2017-18,0.0,0,0,0,0,0,0,0,0,0,0,0,0,14.88,0,1,0,1,0,0,1,0,0,0,1,0
Malin Segal,Sarah Lawrence,2017-18,20.0,1,5,1,5,0,0,0,1,0,0,2,2,14.93,1,3,1,3,0,0,1,0,0,0,0,1
Malique Gibbons,Carver Bible College,2017-18,20.0,2,6,1,3,0,0,1,0,0,0,4,4,14.93,6,10,1,1,0,0,4,1,0,0,6,2
Malique Judd,NC Wesleyan,2017-18,0.0,1,3,0,1,0,0,0,0,0,1,3,3,14.68,3,5,0,0,0,1,0,0,0,4,1,2
Malique McCoy,Pittsburgh-Bradford,2017-18,20.0,3,10,2,4,0,0,0,0,0,0,0,0,14.82,1,6,1,3,0,0,1,0,0,1,0,0
Malique Trent,,2017-18,3.8,2,6,0,2,2,2,0,1,0,0,3,0,0.0,3,5,0,0,0,1,4,0,0,1,3,1
Malique Trent-Street,Hampton,2017-18,20.0,34,68,12,29,25,31,24,16,2,2,22,19,15.2,36,72,4,14,35,40,22,13,1,6,29,21
Malyk Woods,Hiwassee College,2017-18,20.0,1,3,0,0,0,0,1,0,0,0,0,1,14.7,0,1,0,0,0,4,0,0,1,0,1,1
Mamadi Diakite,Virginia,2017-18,20.0,36,67,0,0,14,20,4,4,8,21,48,14,18.35,34,55,0,0,18,20,1,10,6,10,22,11
Mamadou Diarra,UConn,2017-18,20.0,15,26,0,0,4,11,0,2,8,12,22,8,20.0,17,27,0,0,9,11,0,1,11,13,20,3
Mamadou Doucoure,Rutgers,2017-18,20.0,17,55,0,0,18,26,2,4,7,23,45,11,14.85,20,43,0,0,3,6,1,5,3,17,16,11
Mamadou Ndiaye,Saint Peter's,2017-18,20.0,16,34,3,6,5,12,4,1,0,10,27,6,17.98,16,30,4,8,8,18,1,3,3,17,16,7
Mamoudou Diarra,Cincinnati,2017-18,20.0,5,12,1,2,0,0,1,0,0,3,2,1,14.78,0,3,0,0,5,6,0,0,2,1,2,2
Manhattan,,2017-18,0.0,0,0,0,0,0,0,0,0,0,14,19,9,0.0,0,0,0,0,0,0,0,0,0,18,19,4
Manny Camper,Siena,2017-18,0.0,1,2,0,0,1,2,1,2,0,1,3,1,15.45,7,11,1,2,5,10,0,1,1,4,7,2
Manny Lowe,,2017-18,0.0,0,0,0,0,0,0,0,1,0,0,2,0,0.0,0,0,0,0,0,0,0,0,0,0,0,1
Manny Patterson,Green Bay,2017-18,20.0,26,61,0,0,17,23,1,9,7,19,35,12,17.85,20,40,0,0,24,33,3,8,8,16,42,13
Manny Suarez,Creighton,2017-18,20.0,7,20,1,5,1,2,4,0,0,6,12,5,20.0,5,13,1,4,5,7,3,0,3,6,9,1
Manu Lecomte,Baylor,2017-18,20.0,72,170,44,105,24,29,50,13,0,2,31,38,14.92,70,186,40,112,86,94,50,7,0,4,28,23
Marc Du Moulin,Hartwick,2017-18,20.0,1,2,0,0,0,0,0,0,0,1,1,0,14.75,3,3,0,0,2,2,0,0,0,1,1,1
Marc Gosselin,Western Carolina,2017-18,20.0,48,108,12,37,12,15,20,14,9,24,65,24,14.77,39,77,10,16,16,21,15,11,7,27,50,24
Marcale Lotts,Canisius,2017-18,0.0,15,27,0,0,3,10,2,3,1,22,11,20,20.0,8,10,0,0,3,9,4,2,0,9,15,4
Marcanvis Hymon,Ole Miss,2017-18,20.0,28,50,0,0,8,14,6,5,9,23,49,11,18.53,29,54,0,0,11,28,19,9,16,33,45,10
Marcel Daniels,Southern-New Orleans,2017-18,20.0,5,13,2,6,0,0,1,2,0,0,5,2,18.57,2,5,1,2,0,0,2,0,0,0,0,1
Marcel King,Rust,2017-18,20.0,2,3,0,0,0,0,0,0,0,1,0,0,14.97,0,1,0,0,0,0,0,0,1,1,1,1
Marcellus Duckworth,Silver Lake College,2017-18,20.0,3,7,1,1,2,3,1,0,0,0,2,0,14.95,1,6,0,0,0,0,0,0,0,1,1,1
Marcellus Garrick,Cal Poly,2017-18,20.0,14,41,8,21,7,9,4,2,1,6,13,5,17.75,22,50,10,27,10,11,5,3,0,5,7,5
Marcellus Livingston,Wilmington,2017-18,20.0,0,2,0,1,0,0,0,1,0,0,0,0,18.05,0,2,0,0,1,2,0,1,0,0,2,0
Marco Anthony,Virginia,2017-18,20.0,4,5,2,2,0,0,3,0,0,1,1,1,14.85,2,8,1,5,0,2,4,1,0,0,5,1
Marco Pettinato,Lewis,2017-18,0.0,0,0,0,0,0,0,0,0,0,0,0,0,14.77,0,2,0,2,0,0,1,0,0,0,1,2
Marco Smith,UMKC,2017-18,20.0,23,57,5,14,10,12,10,13,6,7,25,13,14.95,29,55,7,17,11,18,15,10,6,7,23,14
Marcquise Reed,Clemson,2017-18,20.0,70,194,27,97,33,37,56,29,0,15,58,38,14.77,110,223,40,88,79,95,55,25,0,11,79,43
Marcus Barham,Florida A&M,2017-18,20.0,52,126,30,74,24,26,20,6,3,8,28,35,14.73,42,113,22,55,23,29,14,5,1,9,30,24
Marcus Bartley,,2017-18,6.12,28,70,20,48,1,3,36,9,4,0,15,23,0.0,25,63,17,44,17,19,34,10,3,0,11,24
Marcus Berkley,UC Riverside,2017-18,20.0,0,1,0,1,0,0,0,0,0,0,0,1,19.42,0,0,0,0,0,0,0,0,0,0,0,0
Marcus Bryan,UNC Wilmington,2017-18,20.0,36,84,0,0,14,25,17,6,10,34,61,16,14.68,30,69,0,0,17,31,13,7,6,36,64,14
Marcus Burk,Campbell,2017-18,20.0,82,168,48,117,18,21,21,22,6,7,42,19,20.0,78,157,37,93,28,34,16,16,2,12,47,22
Marcus Carr,Pittsburgh,2017-18,20.0,58,132,25,58,21,30,57,10,0,4,51,47,20.0,40,108,8,39,32,37,62,8,4,2,26,30
Marcus Cohen,Mercer,2017-18,20.0,32,66,1,5,5,19,39,6,0,4,15,27,20.0,23,52,0,1,12,27,35,8,1,1,13,29
Marcus Derrickson,Georgetown,2017-18,20.0,71,141,19,47,42,49,26,7,10,36,84,28,15.8,72,141,26,49,58,65,18,12,8,30,75,32
Marcus Dickinson,Boise State,2017-18,20.0,24,64,13,40,15,18,16,2,0,0,30,15,14.78,19,51,13,32,20,27,15,7,0,2,30,9
Marcus Dixon,Trinity Baptist,2017-18,20.0,5,13,0,0,0,0,1,1,1,3,10,4,14.6,5,11,0,0,0,1,5,1,0,2,8,3
Marcus Ellison,Hardin-Simmons,2017-18,20.0,0,0,0,0,1,2,0,0,0,0,1,1,18.05,2,2,1,1,0,0,0,0,0,0,0,0
Marcus Foster,Creighton,2017-18,20.0,102,208,40,96,21,26,35,18,1,6,45,27,20.0,87,193,33,81,22,31,34,9,1,9,30,22
Marcus Garrett,Kansas,2017-18,20.0,33,76,7,23,11,25,29,18,5,19,46,17,14.63,23,51,4,18,13,24,14,13,2,14,36,10
Marcus Gatlin,Presentation College,2017-18,20.0,1,5,0,1,0,0,0,0,0,2,2,0,19.47,2,5,1,3,0,0,0,0,0,0,0,1
Marcus Hall,Howard,2017-18,20.0,11,15,0,0,6,8,6,4,0,11,20,7,20.0,5,10,0,0,2,6,3,0,0,9,8,3
Marcus Harris,Sam Houston State,2017-18,20.0,35,101,14,47,32,40,10,13,2,4,34,18,14.87,46,123,20,66,55,72,18,15,0,9,42,14
Marcus Hill,Northern New Mexico,2017-18,20.0,0,2,0,0,2,2,1,2,0,1,2,1,14.98,0,2,0,1,0,0,3,0,0,1,1,3
Marcus Hinton,Quincy,2017-18,20.0,1,2,1,1,0,0,0,0,0,1,1,1,14.53,0,1,0,1,0,0,0,0,0,0,0,2
Marcus Huff,Ferrum,2017-18,20.0,4,7,1,4,0,1,0,3,0,1,3,2,14.75,1,4,1,1,0,0,0,0,0,0,2,1
Marcus Ingram,Piedmont International,2017-18,20.0,1,1,0,0,0,0,0,0,0,0,0,1,14.88,1,4,0,1,0,0,0,0,0,0,1,0
Marcus Jackson,UC Santa Barbara,2017-18,20.0,38,107,19,64,11,19,57,10,2,1,30,27,20.0,31,77,16,43,15,24,47,11,3,1,29,23
Marcus Lee,California,2017-18,20.0,73,131,0,0,21,30,22,10,22,39,63,49,19.23,75,131,0,0,40,69,18,10,27,54,63,34
Marcus LoVett,St. John's,2017-18,20.0,15,47,4,19,4,7,5,12,0,1,3,8,17.92,23,44,10,18,7,8,6,3,0,1,8,5
Marcus Lord,Linfield College,2017-18,0.0,0,0,0,0,0,0,0,0,0,0,0,0,14.95,0,0,0,0,0,2,0,1,0,0,1,0
Marcus Lytle,East Central,2017-18,20.0,3,8,1,2,0,0,0,0,1,0,0,5,16.12,1,3,1,2,1,2,0,1,0,0,1,0
Marcus Mathieu,Mount Marty,2017-18,20.0,1,8,1,5,0,0,3,1,0,0,2,1,14.67,4,7,2,3,0,0,2,0,0,1,1,1
Marcus McClary,Monmouth,2017-18,20.0,16,29,1,2,3,9,8,5,0,7,13,7,19.25,6,13,0,0,6,8,0,3,0,3,15,3
Marcus McDaniel,Dubuque,2017-18,20.0,2,5,2,5,0,0,0,0,1,1,0,2,14.87,0,2,0,2,0,0,1,0,0,0,1,0
Marcus Merriweather,Alabama A&M,2017-18,0.0,16,51,6,27,10,10,11,1,0,2,5,10,16.87,16,37,8,22,16,19,9,2,0,2,11,12
Marcus Miller,,2017-18,0.0,0,0,0,0,0,0,0,0,0,0,0,2,0.0,0,0,0,0,0,0,0,0,0,0,0,0
Marcus Ottey,UIC,2017-18,20.0,79,143,12,31,21,30,26,8,9,8,51,37,19.03,80,169,7,33,62,71,30,20,3,8,39,26
Marcus Payne,Montana-Western,2017-18,0.0,0,0,0,0,0,0,0,0,0,0,2,1,14.8,3,4,0,0,1,2,1,0,0,1,3,0
Marcus Posey,Central Pennsylvania College,2017-18,20.0,1,1,0,0,0,0,0,0,0,0,0,0,14.93,0,0,0,0,0,0,0,0,0,0,1,0
Marcus Santos-Silva,VCU,2017-18,20.0,21,47,0,0,7,17,3,1,9,13,32,16,14.58,22,36,0,0,3,7,5,2,7,19,28,6
Marcus Shaver Jr,,2017-18,5.28,14,34,4,15,2,2,37,4,0,1,4,5,0.0,10,25,5,14,2,3,25,1,0,3,2,1
Marcus Shaver Jr.,Portland,2017-18,20.0,45,104,8,35,22,24,3,8,0,2,38,15,20.0,39,110,7,40,39,46,1,15,0,1,36,23
Marcus Stroman,Louisiana,2017-18,20.0,27,72,9,25,19,27,96,25,4,6,45,44,18.53,29,58,0,14,60,79,98,27,3,6,29,44
Marcus Thomas,Western Carolina,2017-18,20.0,17,39,4,10,7,9,5,5,1,9,10,8,19.32,13,33,3,9,7,9,6,4,1,6,8,11
Marcus Wallace,Arkansas-Fort Smith,2017-18,20.0,2,5,2,5,0,0,2,0,0,0,4,6,14.72,2,6,2,4,0,0,1,0,1,0,1,1
Marek Dolezaj,Syracuse,2017-18,20.0,40,70,1,3,13,20,22,6,11,27,50,23,14.93,27,60,0,4,30,40,27,20,14,37,48,17
Marek Nelson,Western Kentucky,2017-18,20.0,15,38,2,10,11,19,3,3,6,7,19,15,20.0,16,25,2,2,5,9,5,3,2,4,18,6
Marice Wright,Alabama State,2017-18,20.0,2,9,1,4,1,3,0,0,1,3,6,3,14.78,3,5,0,0,0,0,1,1,1,4,4,2
Maricus Glenn,Savannah St,2017-18,0.0,6,15,0,0,4,9,2,3,3,14,14,12,17.87,8,15,0,2,5,10,8,3,2,8,15,6
Marin Maric,DePaul,2017-18,20.0,51,104,2,11,40,49,16,16,7,25,56,30,17.88,75,123,8,17,45,52,17,5,4,25,61,27
Mario Matasovic,Sacred Heart,2017-18,20.0,68,128,8,29,13,22,22,6,3,31,62,38,20.0,64,103,11,28,30,38,13,11,11,25,54,29
Mario Winfrey,Bethesda,2017-18,0.0,0,0,0,0,0,0,0,0,0,0,1,1,17.8,0,1,0,0,0,0,0,0,0,0,2,1
Marist,,2017-18,0.0,0,0,0,0,0,0,0,0,0,12,22,8,0.0,0,0,0,0,0,0,0,0,0,26,25,7
Marius McAllister,North Carolina Central,2017-18,0.0,5,10,0,0,2,3,8,4,1,4,13,4,20.0,3,9,0,0,0,1,7,1,1,4,7,4
Mark Alstork,Illinois,2017-18,20.0,36,100,12,50,36,47,32,13,6,20,37,27,14.97,18,63,6,27,17,23,27,13,7,22,28,16
Mark Croughan,Wash & Lee,2017-18,0.0,0,0,0,0,0,0,0,0,0,0,0,2,14.88,0,1,0,1,0,0,0,0,0,0,1,0
Mark Crowe,Cal Poly,2017-18,20.0,6,28,1,16,0,0,8,7,5,8,16,8,17.75,7,22,3,12,2,3,10,4,1,4,17,3
Mark Donnal,Clemson,2017-18,20.0,29,57,13,29,10,13,5,3,6,10,23,9,14.77,16,28,7,13,4,5,2,3,4,5,14,3
Mark Eden,Life Pacific,2017-18,20.0,10,17,5,9,2,2,9,4,0,0,4,3,16.72,3,12,0,3,0,2,8,0,0,1,1,2
Mark Flagg,St. Francis (PA),2017-18,20.0,28,68,1,2,17,27,11,10,9,21,30,15,15.78,34,55,0,3,19,30,5,7,9,25,25,14
Mark Hughes,Wright State,2017-18,20.0,54,136,35,99,16,19,46,18,6,7,42,23,20.0,44,106,23,67,39,46,50,21,3,2,49,27
Mark James,Bridgewater,2017-18,0.0,1,2,0,1,0,0,1,1,0,1,2,2,15.48,0,2,0,1,0,0,0,0,0,1,1,0
Mark Kostelac,Akron,2017-18,20.0,14,31,0,0,2,2,4,3,6,9,11,16,20.0,13,26,0,0,3,8,3,5,3,6,21,10
Mark Laros,,2017-18,2.23,19,34,0,1,1,4,2,6,7,17,36,18,0.0,18,24,0,2,6,8,4,2,4,16,11,7
Mark Madden,Army,2017-18,0.0,0,0,0,0,0,0,0,0,0,0,0,0,14.93,1,1,0,0,2,2,1,1,0,1,2,1
Mark Paterson,St. Edward's,2017-18,20.0,3,7,0,0,0,0,1,1,0,0,0,1,17.1,1,4,0,2,0,0,1,0,0,0,1,2
Mark Plousis,Hartford,2017-18,20.0,0,1,0,0,0,0,0,0,0,0,0,0,19.68,0,0,0,0,0,0,0,0,0,0,0,0
Mark Pollack,Army,2017-18,20.0,0,2,0,2,0,0,0,0,0,0,0,0,20.0,0,0,0,0,0,0,0,0,0,0,0,0
Mark Smith,Illinois,2017-18,20.0,36,98,10,43,24,30,23,12,2,11,13,22,14.97,23,72,6,23,19,24,19,6,0,6,10,17
Mark Tikhonenko,,2017-18,0.0,0,0,0,0,0,0,0,0,0,1,0,0,0.0,0,0,0,0,0,0,0,0,0,0,0,0
Mark Vital,Baylor,2017-18,20.0,36,80,1,4,20,43,35,11,7,31,50,35,14.92,38,77,0,3,24,44,26,14,14,34,41,26
Markel Carlton,,2017-18,0.0,0,0,0,0,0,0,0,0,0,0,0,1,0.0,0,0,0,0,0,0,0,0,0,0,2,0
Markel Crawford,Ole Miss,2017-18,20.0,56,137,21,61,31,39,32,16,5,7,58,15,18.53,38,99,8,38,34,47,33,21,2,9,39,18
Markel Ming,Mid-Atlantic Christian University,2017-18,20.0,0,4,0,2,2,2,1,0,0,0,1,1,14.7,2,5,2,3,4,7,0,1,0,1,1,1
Markel Semien,Arlington Baptist,2017-18,20.0,10,26,6,10,6,8,3,1,1,0,8,11,14.87,2,8,0,2,2,3,3,1,0,0,1,3
Markell Johnson,NC State,2017-18,20.0,40,78,14,30,14,23,95,24,3,7,36,47,14.72,32,73,9,27,12,24,76,15,3,6,31,31
Markell Lodge,Saint Joseph's,2017-18,0.0,3,4,0,0,1,3,0,0,0,1,3,1,20.0,1,1,0,0,0,0,0,2,2,1,1,0
Markese Lynch,Brevard College,2017-18,0.0,0,0,0,0,0,0,0,0,0,0,0,0,16.65,2,2,1,1,2,2,0,0,0,0,1,2
Markis McDuffie,Wichita State,2017-18,20.0,31,73,11,33,23,29,14,4,2,11,22,20,20.0,33,68,9,24,13,21,9,5,0,9,22,10
Marko Jovanovic,East Central,2017-18,0.0,0,0,0,0,0,0,0,0,0,0,0,0,17.22,0,1,0,0,0,0,0,0,0,0,0,0
Marko Kozul,Mercy,2017-18,20.0,0,4,0,0,0,0,0,0,0,1,0,0,14.73,0,0,0,0,0,0,0,0,0,0,0,0
Marko Krivacevic,Duquesne,2017-18,0.0,0,0,0,0,0,0,0,0,0,0,0,2,17.95,2,5,2,2,2,3,0,0,0,2,0,0
Marko Lepovic,NW Nazarene,2017-18,20.0,0,1,0,1,0,0,0,0,0,0,1,0,17.77,0,0,0,0,0,0,0,1,0,0,2,0
Markus Glenn,Pacific Lutheran,2017-18,0.0,0,0,0,0,0,0,0,0,0,0,0,0,14.83,1,2,1,2,2,2,1,1,0,0,0,0
Markus Golder,Valparaiso,2017-18,20.0,44,99,14,34,23,28,19,13,10,13,50,24,14.92,53,104,16,38,27,32,20,13,6,12,49,23
Markus Howard,Marquette,2017-18,20.0,106,220,44,114,32,35,49,13,0,5,45,33,14.57,102,237,51,132,58,61,37,13,2,6,43,38
Markus Johnson,East-West University,2017-18,19.97,3,3,0,0,3,6,0,0,4,1,3,1,14.58,0,2,0,0,0,0,0,0,0,0,1,0
Markus Vallien,St. Francis (PA),2017-18,20.0,2,5,0,2,1,2,0,1,0,0,1,2,14.95,3,7,2,3,0,0,1,1,0,0,0,0
Marlain Veal,SE Louisiana,2017-18,20.0,65,148,20,56,46,61,95,27,2,14,63,48,14.88,59,122,11,29,63,79,89,29,1,14,66,55
Marlin Davis,Texas State,2017-18,20.0,12,36,1,6,9,19,25,10,1,1,20,14,20.0,15,33,1,8,4,8,30,3,0,2,8,16
Marlon Hunter,Jacksonville State,2017-18,20.0,73,142,7,24,18,25,18,16,1,27,32,20,14.68,57,122,4,14,24,29,17,15,2,24,23,15
Marlon McCoy,Paine,2017-18,0.0,0,0,0,0,0,0,0,0,0,0,0,0,16.32,0,0,0,0,0,0,1,0,0,0,0,3
Marlon Stewart,North Dakota,2017-18,20.0,49,127,15,50,42,56,47,19,2,7,29,31,20.0,55,123,15,52,47,61,38,20,0,3,40,33
Marlon Williams,UT Rio Grande Valley,2017-18,0.0,0,1,0,1,0,0,0,0,0,0,0,0,20.0,0,1,0,1,0,0,0,0,0,0,0,0
Marquel Gibbons,Carver Bible College,2017-18,20.0,1,1,1,1,0,0,0,0,0,0,0,1,14.93,2,4,2,4,0,0,1,0,0,0,4,0
Marquel Perry,Trinity Baptist,2017-18,20.0,5,17,1,6,3,4,2,0,0,0,5,4,14.6,7,14,2,5,4,5,2,3,1,3,7,5
Marques Bolden,Duke,2017-18,0.0,26,43,0,0,6,11,11,3,14,27,33,4,14.83,16,26,0,0,8,13,6,5,11,9,21,7
Marques Sullivan,Warren Wilson,2017-18,20.0,4,12,2,6,0,0,3,1,0,0,2,3,14.78,2,7,2,6,0,0,2,1,1,0,4,4
Marques Townes,Loyola Chicago,2017-18,20.0,63,136,7,27,20,27,43,15,6,8,59,38,20.0,86,158,19,43,49,67,42,19,0,13,63,34
Marques Wilson,Lehigh,2017-18,15.0,25,58,10,28,3,4,14,12,1,9,31,8,20.0,15,38,10,22,9,10,16,9,3,3,12,16
Marquette,,2017-18,0.0,0,0,0,0,0,0,0,0,0,24,17,2,0.0,0,0,0,0,0,0,0,0,0,20,15,6
Marquez Chew,Williams Baptist,2017-18,20.0,0,4,0,0,0,0,2,2,0,1,0,1,14.98,0,0,0,0,0,0,0,0,0,0,1,0
Marquis Bullett,St. Mary's (MD),2017-18,0.0,0,0,0,0,0,0,0,0,0,0,0,0,14.98,1,1,0,0,0,0,1,0,0,1,0,0
Marquis Collins,Delaware State,2017-18,20.0,32,66,17,36,9,11,4,1,0,7,22,18,14.85,23,56,4,20,21,27,3,2,0,4,15,8
Marquis Duncanson,Trinity Baptist,2017-18,20.0,4,16,1,7,3,4,6,6,0,0,2,10,14.6,1,6,0,2,6,7,8,1,0,0,3,14
Marquis Eaton,Arkansas State,2017-18,20.0,34,89,5,24,23,27,39,15,4,3,28,25,16.88,28,69,5,17,16,19,24,7,1,5,10,22
Marquis Godwin,Old Dominion,2017-18,20.0,4,9,4,8,2,2,0,0,0,0,2,2,20.0,3,8,3,8,0,0,1,0,0,0,3,0
Marquis Reed,Antelope Valley,2017-18,20.0,1,3,0,0,0,0,0,0,0,0,0,1,14.95,0,2,0,1,0,0,0,0,0,1,0,2
Marquis Salmon,Texas Southern,2017-18,0.0,20,37,0,1,10,15,6,8,5,30,49,12,14.97,17,27,1,2,9,17,1,5,3,17,39,7
Marquis Smith,Johnson University (FL),2017-18,20.0,1,4,0,0,0,0,1,1,0,1,2,2,14.83,0,0,0,0,0,0,0,0,0,1,1,1
Marquis Wilkerson,,2017-18,0.0,0,0,0,0,0,0,0,0,0,0,1,1,0.0,0,0,0,0,0,0,0,0,0,0,0,0
Marquise Lanier,Piedmont,2017-18,20.0,2,7,0,1,0,0,0,0,0,1,1,1,17.92,1,7,1,4,1,2,2,0,0,1,0,0
Marquise Pointer,Charleston,2017-18,15.0,21,68,11,37,13,17,35,8,2,9,25,17,20.0,40,87,14,43,13,21,24,19,4,16,44,15
Marreon Jackson,Toledo,2017-18,20.0,50,114,39,86,9,9,42,11,4,10,40,25,18.67,31,74,22,51,19,28,38,11,0,5,32,23
Mars Hill,,2017-18,0.0,0,0,0,0,0,0,0,0,0,1,0,0,0.0,0,0,0,0,0,0,0,0,0,1,0,0
Marsalis Johnson,,2017-18,0.0,0,0,0,0,0,0,0,0,2,0,1,0,0.0,0,0,0,0,0,0,0,0,1,0,1,0
Marshall,,2017-18,0.0,0,0,0,0,0,0,0,0,0,25,27,3,0.0,0,0,0,0,0,0,0,0,0,23,31,5
Marshall Dunn,Reinhardt,2017-18,0.0,0,0,0,0,0,0,0,0,0,0,1,0,14.77,0,0,0,0,0,0,1,0,0,0,2,0
Marshall Graves,LSU,2017-18,0.0,0,3,0,2,0,0,0,0,0,0,0,0,14.73,1,1,0,0,0,0,4,0,0,0,0,1
Martaveous McKnight,Arkansas-Pine Bluff,2017-18,20.0,48,119,12,50,31,43,22,16,1,3,26,37,14.55,64,130,22,51,41,58,21,7,0,4,37,14
Martavious Washington,Wiley,2017-18,20.0,0,2,0,1,0,0,0,0,0,0,0,2,17.77,0,0,0,0,0,0,0,0,0,0,0,0
Marten Linssen,Valparaiso,2017-18,20.0,9,14,0,0,10,16,3,5,5,7,16,5,14.92,4,11,0,0,5,11,0,5,1,5,8,8
Martez Briggs,Le Moyne-Owen,2017-18,0.0,0,0,0,0,0,0,0,0,0,0,2,1,17.98,0,1,0,0,0,0,0,0,0,1,0,0
Martez Cameron,Morgan State,2017-18,20.0,39,104,3,9,22,28,51,15,1,9,31,41,17.58,41,110,6,14,33,49,61,23,0,9,20,41
Martez Walker,Oakland,2017-18,20.0,57,136,21,71,62,78,17,6,6,13,35,16,17.45,68,135,28,74,60,73,19,16,8,11,39,27
Martin Krampelj,Creighton,2017-18,20.0,34,52,2,10,5,11,12,7,5,14,41,5,20.0,32,47,3,9,19,29,5,3,5,10,34,12
Martin Oliver,Central State (OH),2017-18,20.0,2,4,1,1,0,0,0,0,1,0,0,2,17.97,1,2,1,1,0,0,1,1,0,0,0,2
Martinas Geben,Notre Dame,2017-18,20.0,60,109,1,2,33,42,13,6,13,44,84,29,17.88,75,121,0,1,46,48,22,12,16,52,83,23
Martins Igbanu,Tulsa,2017-18,20.0,44,91,2,6,37,53,9,4,3,25,49,24,20.0,52,92,0,1,43,59,6,4,2,29,47,15
Marty Hill,Evansville,2017-18,20.0,7,20,3,5,0,0,4,3,0,4,6,4,17.05,5,14,2,5,1,2,3,0,0,4,7,2
Maruis Williams,Hiwassee College,2017-18,20.0,2,11,1,4,0,0,3,2,0,1,3,5,18.62,1,8,0,4,0,0,2,0,0,0,3,1
Marvin Bagley III,Duke,2017-18,20.0,133,234,11,29,58,104,31,9,14,66,120,34,14.73,130,195,12,28,67,97,18,18,15,65,105,40
Marvin Baker,,2017-18,0.0,0,0,0,0,0,0,0,0,0,0,0,0,0.0,0,0,0,0,0,0,0,1,0,0,0,1
Marvin Bragg,American,2017-18,20.0,29,49,12,28,4,9,8,7,4,13,27,6,14.72,15,38,7,22,10,16,13,9,8,4,29,10
Marvin Clark II,St. John's,2017-18,20.0,67,145,35,82,23,25,14,17,2,17,56,32,17.92,72,157,29,72,36,45,17,21,2,18,55,25
Marvin Hall,Arlington Baptist,2017-18,0.0,0,0,0,0,0,0,0,0,0,0,0,0,14.88,1,3,1,3,0,0,0,1,0,0,1,1
Marvin Jean-Pierre,UL Monroe,2017-18,20.0,63,139,14,52,28,37,37,27,5,27,42,20,20.0,54,112,15,35,18,29,26,8,3,29,51,28
Marvin Nesbitt Jr,UMKC,2017-18,20.0,0,0,0,0,0,0,9,0,0,0,0,0,14.9,0,0,0,0,0,0,4,0,0,0,0,0
Marvin Nesbitt Jr.,UMKC,2017-18,20.0,11,21,5,8,7,10,0,3,3,6,18,6,14.95,10,25,1,7,1,2,0,5,2,5,12,0
Marvin Prochet,Niagara,2017-18,20.0,46,125,20,57,14,18,23,10,12,34,69,9,15.08,56,112,23,51,36,49,31,14,22,29,101,7
Marvin Smith,UNC Greensboro,2017-18,20.0,65,183,38,119,26,34,16,15,8,25,61,26,18.35,61,160,33,104,45,59,12,14,6,28,63,15
Maryland,,2017-18,0.0,0,0,0,0,0,0,0,0,0,23,22,4,0.0,0,0,0,0,0,0,0,0,0,17,24,1
Maryland-Eastern Shore,,2017-18,0.0,0,0,0,0,0,0,0,0,0,21,16,3,0.0,0,0,0,0,0,0,0,0,0,11,12,2
Mason Edgell,Ohio Valley,2017-18,20.0,0,0,0,0,0,0,1,0,0,0,0,0,14.78,0,0,0,0,0,0,0,0,0,0,0,0
Mason Faulkner,Northern Kentucky,2017-18,20.0,31,75,21,55,11,14,34,7,0,1,31,19,15.7,19,42,8,24,14,15,27,14,0,5,17,19
Mason Green,Mercer,2017-18,20.0,4,6,0,0,2,4,1,1,2,3,0,1,20.0,2,3,0,0,2,2,0,1,0,2,3,1
Mason Green-Richards,George Fox,2017-18,20.0,5,11,5,6,0,1,1,0,0,2,1,5,14.98,2,3,1,1,1,1,0,0,0,2,1,1
Mason Peatling,Eastern Washington,2017-18,20.0,41,87,4,15,12,15,6,10,15,28,51,14,15.25,40,73,1,6,24,42,11,17,17,31,40,9
Mason Phillips,Sonoma State,2017-18,20.0,0,1,0,1,0,0,0,0,0,0,0,0,14.9,0,3,0,2,0,0,1,0,0,0,1,0
Mason Ramsey,Tennessee Tech,2017-18,20.0,65,135,2,13,18,25,17,18,5,29,37,28,14.68,58,111,2,11,46,60,24,11,6,24,30,16
Mason Riggins,Long Beach State,2017-18,20.0,25,45,0,0,8,14,9,3,10,23,39,11,15.45,20,29,0,0,16,27,7,7,5,14,31,8
Mason Roland,Brescia,2017-18,20.0,3,5,1,2,0,0,1,1,0,0,1,1,14.88,1,3,0,1,0,0,1,0,0,0,1,2
Mason Schoen,Kansas State,2017-18,0.0,0,0,0,0,0,0,0,0,0,0,0,0,20.0,0,1,0,0,0,0,0,0,0,0,0,0
Mason Weir,Elmira,2017-18,20.0,1,2,1,1,2,3,0,1,0,2,0,1,14.97,0,0,0,0,0,0,0,0,0,0,0,0
Mason Wilson,Midway,2017-18,20.0,0,1,0,0,0,0,2,0,0,1,1,1,14.68,0,2,0,2,0,0,0,0,0,0,0,1
Massachusetts Institute of Technology,,2017-18,0.0,0,0,0,0,0,0,0,0,0,1,1,0,0.0,0,0,0,0,0,0,0,0,0,0,1,0
Massachusetts-Boston,,2017-18,0.0,0,0,0,0,0,0,0,0,0,2,2,0,0.0,0,0,0,0,0,0,0,0,0,0,0,0
Mastadi Pitt,Norfolk State,2017-18,20.0,36,98,13,35,23,32,38,5,0,4,22,19,14.88,28,79,11,34,22,26,16,5,0,3,15,11
Mate Papai,Florida Tech,2017-18,20.0,1,1,0,0,0,0,1,0,0,0,1,1,20.0,0,0,0,0,0,0,0,0,0,0,0,0
Matej Drgon,Northern Colorado,2017-18,20.0,6,22,6,18,0,1,1,0,0,4,12,7,20.0,5,20,4,18,2,2,1,0,1,2,4,1
Matej Kavas,Seattle,2017-18,20.0,76,165,46,92,21,30,26,8,5,15,66,33,17.4,70,145,33,79,31,37,10,4,2,16,52,28
Matej Svoboda,Dayton,2017-18,20.0,14,43,7,29,0,0,11,1,2,4,16,16,20.0,7,27,0,14,2,2,4,3,0,4,3,7
Mateo Jones,CS Monterey Bay,2017-18,20.0,3,5,2,3,1,2,0,1,0,1,2,2,14.97,3,5,1,1,0,0,0,0,0,1,3,1
Matevz Rojc,Spring Hill,2017-18,20.0,2,2,0,0,2,2,1,0,0,0,1,2,14.93,1,4,0,1,0,0,0,0,0,0,1,0
Mathieu Kamba,Central Arkansas,2017-18,20.0,67,135,14,40,50,77,34,15,20,23,77,34,14.92,81,147,13,32,49,71,38,20,11,37,50,36
Matic Vesel,Illinois,2017-18,0.0,2,2,0,0,2,4,3,0,0,1,2,0,14.83,0,1,0,0,0,2,2,0,0,0,1,3
Matija Milin,Fairfield,2017-18,20.0,33,68,8,25,3,10,13,2,1,13,40,17,20.0,28,58,6,18,11,15,13,7,1,20,28,5
Matija Radovic,Hofstra,2017-18,20.0,7,27,7,21,4,6,3,1,1,4,15,4,20.0,6,21,4,17,3,6,3,3,0,8,14,7
Matisse Thybulle,Washington,2017-18,20.0,58,140,23,66,9,12,40,34,27,14,31,32,20.0,58,128,24,68,23,35,29,46,17,12,27,31
Matt Arrivas,San Francisco State,2017-18,20.0,0,1,0,0,0,0,1,0,0,0,0,0,15.45,1,2,0,0,0,0,0,1,0,0,0,1
Matt Ayoub,St. Mary's (MD),2017-18,20.0,2,5,1,4,0,0,2,1,0,1,2,2,14.98,0,3,0,1,1,1,1,0,0,1,1,0
Matt Beachler,Central Michigan,2017-18,20.0,9,23,7,20,0,2,6,3,1,1,9,4,20.0,7,16,4,11,0,0,3,0,0,0,6,2
Matt Bullock,Rutgers,2017-18,0.0,3,11,0,2,0,0,0,0,0,2,4,3,18.75,3,8,0,3,2,4,2,1,0,3,2,2
Matt Cimino,American,2017-18,20.0,7,14,2,8,0,0,6,2,3,4,15,16,14.72,2,8,0,3,0,2,3,0,3,5,5,4
Matt Coleman,Texas,2017-18,20.0,52,137,13,53,14,19,66,16,1,10,28,35,14.62,59,139,13,37,35,44,57,20,0,10,29,34
Matt Conway,Albany,2017-18,20.0,9,28,1,9,5,9,3,1,2,6,11,4,20.0,5,10,0,1,1,2,2,0,1,3,1,2
Matt Cullen,Navy,2017-18,0.0,0,0,0,0,0,0,0,0,0,0,0,0,14.9,0,0,0,0,0,0,2,0,0,0,0,0
Matt Dahlen,St. Martin's,2017-18,20.0,1,4,0,2,0,0,0,0,0,2,0,2,18.95,0,1,0,1,1,2,0,0,0,0,1,1
Matt DeWolf,Brown,2017-18,20.0,19,34,0,0,10,21,9,6,4,23,47,14,20.0,6,12,0,0,13,24,3,5,1,14,27,12
Matt Deady,Indiana State,2017-18,20.0,3,7,0,0,4,4,1,3,0,3,3,3,14.7,4,8,0,0,3,6,4,6,0,2,6,4
Matt Dehart,Bob Jones University,2017-18,0.0,0,0,0,0,0,0,1,0,0,0,0,1,14.95,0,1,0,1,0,0,0,0,0,0,0,0
Matt Farrell,Notre Dame,2017-18,20.0,67,181,36,114,30,34,75,18,2,4,34,34,17.88,77,168,48,107,31,41,71,12,0,2,27,31
Matt Faw,Holy Cross,2017-18,0.0,21,46,10,17,10,11,7,4,5,2,19,11,20.0,22,41,10,22,7,9,4,3,7,3,26,13
Matt Finke,Mitchell College,2017-18,0.0,0,0,0,0,0,0,0,0,0,0,0,0,14.68,0,0,0,0,0,0,1,0,0,0,1,0
Matt Fox,Bowling Green,2017-18,20.0,23,48,19,39,5,6,16,5,2,5,20,7,20.0,15,40,14,31,6,8,13,3,0,1,16,7
Matt Freeman,Oklahoma,2017-18,19.9,11,28,7,20,4,4,6,3,0,4,17,4,16.07,10,28,5,18,2,2,5,1,2,1,11,4
Matt Frierson,The Citadel,2017-18,20.0,66,158,62,145,19,21,19,16,0,5,33,21,14.75,49,145,43,131,35,39,16,15,1,7,26,15
Matt Haarms,Purdue,2017-18,20.0,35,54,0,1,17,30,9,5,34,18,40,18,14.87,28,49,0,3,13,24,12,4,36,15,32,10
Matt Halvorsen,Western Carolina,2017-18,20.0,35,93,29,77,20,24,13,9,0,4,13,11,14.77,26,80,21,67,33,40,10,5,0,1,9,16
Matt Harris,UMass Lowell,2017-18,20.0,50,130,33,91,21,26,12,10,1,2,39,20,20.0,40,104,29,77,49,56,8,10,1,6,42,21
Matt Hauser,Santa Clara,2017-18,20.0,39,108,21,67,6,10,40,14,0,2,20,19,14.87,35,81,22,52,6,9,33,9,0,1,33,17
Matt Hein,Illinois State,2017-18,20.0,20,63,13,38,8,13,16,13,1,3,30,20,20.0,16,57,10,37,7,9,14,12,1,6,23,27
Matt Heldt,Marquette,2017-18,20.0,30,46,0,0,12,13,13,5,14,27,51,7,14.57,15,23,0,0,12,15,10,4,14,22,41,8
Matt Hudzik,John Jay College of Criminal Justice,2017-18,20.0,3,4,3,4,0,1,0,0,0,0,2,3,14.93,0,1,0,1,0,0,0,0,0,0,0,0
Matt Jackson,Grand Canyon,2017-18,20.0,17,45,6,19,6,10,15,8,0,12,34,10,14.73,13,40,1,12,5,9,12,3,2,9,29,13
Matt Jasaitis,Santa Clara,2017-18,20.0,0,1,0,1,0,0,0,0,0,0,0,0,20.0,0,0,0,0,0,0,0,0,0,0,0,1
Matt Johnson,,2017-18,0.0,0,0,0,0,0,0,0,0,0,0,0,0,0.0,0,0,0,0,0,0,0,0,0,0,1,0
Matt Klinewski,Lafayette,2017-18,20.0,80,170,27,61,38,51,23,5,8,19,70,31,20.0,81,149,21,47,54,63,17,9,11,13,58,25
Matt Laflin,California Merced,2017-18,20.0,1,2,1,2,0,0,0,0,0,0,1,1,14.87,1,4,1,4,0,0,0,0,0,0,2,1
Matt Lewis,James Madison,2017-18,20.0,72,175,37,93,42,55,24,14,3,9,40,17,15.48,49,160,10,56,85,103,36,15,2,15,49,21
Matt Lindsey,Coastal Carolina,2017-18,20.0,14,48,11,34,3,6,10,6,0,1,16,14,14.88,11,32,7,20,9,11,6,8,1,4,10,5
Matt MacDonald,Pennsylvania,2017-18,0.0,3,6,0,2,2,5,2,1,1,6,3,1,14.73,4,6,1,1,2,5,1,5,0,2,3,1
Matt McCarthy,San Francisco,2017-18,20.0,61,123,2,15,19,27,22,10,8,30,83,25,17.72,56,99,3,11,23,47,14,11,4,25,55,20
Matt McQuaid,Michigan State,2017-18,20.0,28,73,23,60,10,11,26,4,1,13,19,13,14.63,26,65,20,53,13,16,13,7,1,11,19,10
Matt Milon,William & Mary,2017-18,20.0,60,121,35,82,17,19,17,8,3,5,34,13,14.88,55,119,33,80,28,31,15,10,2,5,31,18
Matt Mitchell,San Diego State,2017-18,20.0,47,117,22,66,20,25,27,21,4,15,56,27,14.82,55,107,19,50,27,38,18,9,2,7,41,31
Matt Mobley,St. Bonaventure,2017-18,20.0,80,193,48,130,35,41,38,19,3,8,64,39,14.9,84,199,43,119,65,75,35,16,1,10,68,31
Matt Mohr,North Park,2017-18,20.0,0,1,0,1,0,0,0,0,0,0,1,0,14.92,0,3,0,0,0,0,1,0,0,1,1,0
Matt Mooney,South Dakota,2017-18,20.0,98,229,31,89,31,38,52,37,1,9,55,40,14.92,105,229,38,108,64,74,40,27,2,11,52,36
Matt Moore,North Greenville,2017-18,20.0,2,6,1,3,2,2,3,0,0,0,1,0,14.93,1,3,0,1,2,2,1,0,0,1,1,0
Matt Morgan,Cornell,2017-18,20.0,96,189,34,96,60,72,38,13,5,4,62,25,14.93,97,200,36,93,68,84,40,9,4,6,44,38
Matt O'Reilly,Bucknell,2017-18,0.0,4,20,3,19,0,0,1,2,1,3,1,6,14.87,4,9,4,9,2,2,1,5,0,0,0,3
Matt Owens,Millsaps,2017-18,20.0,0,1,0,0,0,0,0,0,1,0,0,0,14.9,4,6,0,0,0,0,1,0,1,0,2,3
Matt Panaggio,Henderson State,2017-18,20.0,0,2,0,0,0,0,2,0,0,0,2,0,17.87,2,2,0,0,0,0,0,0,0,2,3,1
Matt Perry,Texas Lutheran,2017-18,20.0,2,3,2,3,0,0,0,0,0,0,1,0,14.75,1,2,1,2,0,0,2,0,0,0,1,0
Matt Pile,Omaha,2017-18,0.0,38,64,0,0,11,28,8,3,16,21,36,21,16.07,30,41,0,0,5,21,8,3,8,20,36,10
Matt Rafferty,Furman,2017-18,20.0,65,119,4,13,28,39,46,26,7,38,77,12,14.95,66,105,9,23,34,46,34,27,13,31,71,18
Matt Randolph,Tennessee Wesleyan,2017-18,20.0,0,2,0,0,0,2,1,0,0,2,0,1,14.68,0,0,0,0,0,0,0,0,0,0,0,0
Matt Rose,Lipscomb,2017-18,19.95,42,104,30,80,13,15,19,5,4,10,35,14,17.95,27,82,21,67,26,33,11,1,2,9,32,7
Matt Scamuffo,York College Pa,2017-18,20.0,1,7,0,5,2,2,1,1,0,1,0,1,18.7,2,4,1,3,1,2,0,0,0,0,0,1
Matt Scott,Niagara,2017-18,20.0,76,199,26,76,59,82,31,15,6,34,68,32,15.08,88,183,19,59,67,96,35,13,6,26,63,25
Matt Stanley,Ouachita Baptist,2017-18,20.0,2,4,2,2,0,0,0,1,0,1,0,1,20.0,2,2,1,1,4,5,1,0,0,1,0,1
Matt Staubi,Loyola (MD),2017-18,0.0,0,1,0,0,2,2,0,1,0,0,1,0,14.92,1,1,0,0,0,0,5,0,0,0,1,1
Matt Szuba,North Park,2017-18,0.0,0,0,0,0,0,0,0,0,0,0,0,1,14.92,1,1,0,0,0,0,0,0,0,0,1,0
Matt Trent,Franciscan University,2017-18,20.0,1,4,1,4,0,0,0,0,1,1,1,1,14.95,0,2,0,1,0,0,0,1,0,0,1,0
Matt Turner,Santa Clara,2017-18,20.0,9,24,8,20,0,0,2,1,0,1,0,2,14.87,11,42,8,26,3,9,5,0,2,1,5,3
Matt Valles,Gordon College,2017-18,20.0,2,3,0,1,0,0,0,0,1,0,0,0,17.7,1,2,0,1,0,0,0,0,0,0,1,0
Matt Vartanian,Wentworth,2017-18,19.98,1,2,0,0,0,0,0,0,0,0,1,1,14.75,1,4,0,0,1,1,1,0,0,1,3,1
Matt Weir,Purdue Fort Wayne,2017-18,20.0,18,54,10,32,7,8,37,8,0,1,11,19,17.45,23,52,18,36,25,29,39,5,0,3,24,19
Matt Willms,UTEP,2017-18,20.0,36,64,0,1,12,21,8,4,11,17,35,19,14.82,36,59,0,1,29,44,9,2,16,25,42,18
Matt Wong,Eastern Oregon,2017-18,20.0,0,2,0,2,0,0,0,0,0,0,0,0,14.78,0,1,0,0,0,0,1,0,0,0,0,0
Matt Zignorski,Holy Cross,2017-18,20.0,18,51,11,32,7,8,15,5,1,0,11,6,20.0,13,29,8,20,7,10,15,4,2,1,15,5
Matt Zorn,Northland College,2017-18,20.0,4,9,1,5,1,1,1,0,0,1,2,2,14.97,1,2,0,0,0,0,1,0,0,1,3,0
Matteo Busnardo,Concordia College (NE),2017-18,0.0,0,0,0,0,0,0,0,0,0,0,3,2,14.77,1,3,0,2,0,0,1,0,0,1,0,0
Matthew Alectus,Mercy,2017-18,20.0,0,2,0,0,0,0,0,0,0,0,1,1,14.73,0,3,0,2,0,0,0,0,0,0,1,2
Matthew Atewe,Pepperdine,2017-18,20.0,40,88,0,0,20,34,2,5,14,33,58,21,14.92,29,47,0,0,15,32,5,3,10,23,33,12
Matthew Berger,Linfield College,2017-18,0.0,0,0,0,0,0,0,0,0,0,0,0,0,14.95,0,0,0,0,0,0,1,0,0,0,1,0
Matthew Boyd,Oneonta State,2017-18,20.0,0,0,0,0,0,0,1,0,0,0,0,3,15.07,3,4,1,2,4,5,5,1,0,0,3,0
Matthew Brooks-McGregor,Providence (MT),2017-18,20.0,2,5,2,2,0,0,1,0,0,0,1,1,14.9,0,3,0,1,0,0,0,0,0,0,0,1
Matthew Butler,UT Martin,2017-18,18.6,79,200,42,112,6,9,45,10,1,5,29,45,20.0,79,198,37,114,34,38,33,11,0,4,38,43
Matthew Fisher-Davis,Vanderbilt,2017-18,20.0,25,73,16,52,15,16,14,12,5,7,39,12,20.0,36,87,19,52,19,23,7,6,4,10,23,7
Matthew Gillette,Texas Lutheran,2017-18,0.0,0,0,0,0,0,0,0,1,0,0,1,0,14.75,0,4,0,0,0,0,0,0,0,0,2,1
Matthew Haynes,Southern-New Orleans,2017-18,20.0,2,3,1,2,0,0,0,1,0,1,1,4,18.57,2,4,1,3,0,0,1,2,0,0,2,0
Matthew Jiles,New Orleans,2017-18,0.0,5,19,2,10,0,2,2,3,1,1,1,5,17.92,4,9,3,7,3,5,1,2,0,1,1,6
Matthew Johnson,Southern Utah,2017-18,20.0,2,6,1,4,0,0,4,3,0,1,2,2,18.28,0,5,0,5,2,2,1,0,0,0,3,0
Matthew Kreklow,University of Mary,2017-18,20.0,1,4,0,0,0,0,0,1,0,1,2,2,14.83,2,2,0,0,0,0,0,0,0,0,0,1
Matthew Lee,Kentucky Christian,2017-18,20.0,2,4,1,3,1,2,2,1,0,0,1,1,14.82,0,1,0,0,0,0,0,0,0,0,1,0
Matthew Massengill,Toccoa Falls,2017-18,0.0,1,8,0,6,0,0,2,0,0,1,0,3,14.87,2,5,1,2,0,0,1,0,0,0,5,3
Matthew Mcclain,,2017-18,0.27,3,4,0,0,0,0,0,0,2,0,4,2,0.0,1,3,0,0,3,4,0,0,1,1,1,0
Matthew Mondesir,Central Arkansas,2017-18,20.0,18,54,2,8,12,23,18,10,1,12,18,12,14.92,18,42,4,11,7,10,14,5,1,6,16,7
Matthew Moyer,Syracuse,2017-18,20.0,20,41,0,6,8,19,8,4,6,16,42,15,14.93,16,31,0,1,9,14,6,7,4,16,32,7
Matthew Nerland,UC Santa Cruz,2017-18,0.0,0,0,0,0,0,0,0,0,0,0,0,0,14.8,0,1,0,1,0,0,0,0,0,0,0,0
Matthew O'Brien,Simon Fraser,2017-18,20.0,1,2,0,0,1,2,0,1,0,2,1,0,17.22,0,2,0,1,1,2,0,0,0,0,0,1
Matthew Paterson,St. Edward's,2017-18,20.0,0,1,0,0,0,0,0,1,0,0,1,0,20.0,1,1,0,0,0,1,2,1,0,2,0,1
Matthew Pegram,Wofford,2017-18,20.0,31,79,2,6,14,14,11,3,6,18,29,10,16.48,30,57,2,5,18,26,13,10,4,11,29,16
Matthew Powell,Mars Hill,2017-18,20.0,1,6,0,1,0,0,0,0,0,0,2,0,14.97,1,3,0,1,0,0,0,0,0,0,3,0
Matthew Rindahl,Schreiner,2017-18,20.0,5,11,2,2,1,2,0,1,1,2,3,1,14.82,0,2,0,2,3,4,0,0,0,0,3,0
Matthew Stevenson,Delaware State,2017-18,20.0,1,4,1,3,0,0,0,0,0,0,0,0,14.8,0,0,0,0,0,0,0,1,0,0,0,1
Matthew Thomas,Summit,2017-18,20.0,0,0,0,0,1,2,0,0,0,0,0,0,14.9,0,0,0,0,0,0,0,0,0,0,0,0
Matthew Ward,Ouachita Baptist,2017-18,20.0,1,2,1,2,0,0,1,0,0,0,0,1,20.0,0,1,0,1,0,0,0,0,0,0,0,0
Matthew Wilson,,2017-18,2.62,84,140,0,0,10,22,6,4,2,24,53,25,0.0,66,111,0,0,34,65,8,4,5,24,60,22
Mattia Da Campo,Seattle,2017-18,0.0,9,15,3,5,0,0,4,3,0,8,9,5,14.78,5,8,0,3,4,5,9,4,0,6,9,2
Mattias Markusson,Loyola Marymount,2017-18,20.0,62,106,0,0,9,14,4,10,10,33,66,12,19.42,47,70,0,0,21,34,14,7,23,27,58,13
Matty McConnell,Robert Morris,2017-18,20.0,42,113,23,69,26,29,30,21,6,4,56,18,14.95,49,137,25,84,43,57,37,32,8,10,49,29
Matty Smith,Central Michigan,2017-18,15.0,4,9,0,1,0,0,10,1,1,0,4,8,20.0,1,4,0,2,1,2,5,0,0,2,2,4
Maurice Anderson,Mid-Atlantic Christian University,2017-18,20.0,0,6,0,3,3,4,0,0,0,0,2,0,14.7,2,4,0,0,1,2,0,0,0,0,0,4
Maurice Arrington,Dakota State,2017-18,20.0,1,4,0,3,0,0,1,1,0,1,1,1,14.78,1,4,1,3,0,0,1,0,0,1,3,1
Maurice Canady,William Peace,2017-18,20.0,2,4,1,3,0,0,0,0,0,0,0,0,14.87,0,1,0,1,0,0,0,0,0,0,0,0
Maurice Coleman,Eastern New Mexico,2017-18,20.0,1,1,0,0,0,0,3,1,0,1,1,2,15.32,1,2,0,0,0,0,3,0,0,0,1,1
Maurice Dunlap,Jacksonville State,2017-18,20.0,12,54,11,43,2,3,10,5,0,1,18,6,14.68,12,27,8,20,8,9,15,1,0,0,9,4
Maurice Howard,Alcorn State,2017-18,20.0,37,102,23,70,8,12,27,12,0,7,22,20,14.73,39,94,22,57,7,11,19,7,0,7,14,17
Maurice Jones,NW Nazarene,2017-18,20.0,0,4,0,1,2,2,1,3,0,1,3,1,17.77,2,9,1,4,6,10,0,3,0,5,2,0
Maurice Kirby,IUPUI,2017-18,20.0,31,66,0,1,14,19,7,6,4,19,35,13,17.68,21,40,0,0,10,18,5,3,4,14,41,13
Maurice O'Field,Nicholls,2017-18,20.0,2,3,1,2,0,4,0,0,1,0,4,1,20.0,3,3,1,1,2,2,0,1,0,2,4,1
Maurice Rivers,Jackson State,2017-18,20.0,35,80,5,13,8,12,6,4,4,9,14,8,14.87,34,100,2,12,27,39,7,2,10,17,21,12
Maurice Smith,Western Carolina,2017-18,0.0,6,14,0,2,7,14,6,3,1,9,18,15,14.77,11,30,3,6,5,12,5,4,2,17,23,7
Maurice Stephens,William Carey,2017-18,20.0,0,2,0,0,0,0,2,0,0,0,0,1,17.85,0,0,0,0,0,0,0,0,0,1,0,0
Maverick Smith,Tennessee Tech,2017-18,0.0,0,0,0,0,0,0,0,1,0,0,0,0,14.68,1,2,0,1,1,1,0,1,0,0,1,0
Mawdo Sallah,Kansas State,2017-18,20.0,7,13,0,0,4,6,3,1,4,7,14,6,14.72,8,13,0,0,3,8,0,1,3,2,14,3
Max Basile,Puget Sound,2017-18,20.0,0,3,0,2,0,0,0,1,0,0,1,0,14.78,2,2,2,2,0,0,0,1,0,0,2,2
Max Cooper,Mayville State,2017-18,20.0,1,5,0,0,0,0,1,0,0,0,1,0,14.92,1,1,0,0,1,2,0,0,0,0,0,1
Max Curran,UMBC,2017-18,20.0,23,56,5,28,11,18,6,2,0,14,26,8,20.0,20,42,9,23,6,11,2,0,5,6,25,8
Max Hazzard,UC Irvine,2017-18,20.0,50,136,32,85,12,16,39,8,0,2,30,21,15.7,38,101,19,50,24,30,17,7,0,6,21,32
Max Heidegger,UC Santa Barbara,2017-18,20.0,97,229,55,129,39,52,36,8,2,6,27,22,17.87,83,192,33,93,76,97,34,10,0,4,35,21
Max Joseph,Valparaiso,2017-18,20.0,31,79,6,23,20,30,26,18,1,9,47,23,14.92,49,84,10,20,22,41,31,25,1,20,45,21
Max Keefe,Concordia University-St. Paul,2017-18,20.0,1,3,0,2,0,1,2,0,0,0,1,0,16.07,2,2,2,2,2,2,2,0,0,1,0,2
Max Mahoney,Boston University,2017-18,20.0,62,111,0,0,24,32,17,10,16,17,39,29,20.0,79,126,0,0,24,57,16,6,10,21,47,15
Max Martin,Linfield College,2017-18,0.0,0,0,0,0,0,0,0,0,0,0,0,0,14.95,1,1,1,1,0,0,0,0,0,0,0,0
Max McCullough,Eastern Oregon,2017-18,20.0,5,14,0,4,2,2,2,1,0,0,3,4,14.78,2,9,1,5,3,4,0,0,0,0,0,4
Max Montana,San Diego State,2017-18,20.0,27,64,21,51,5,6,14,6,2,5,30,8,14.82,17,60,11,43,8,13,2,3,2,10,15,7
Max Portmann,UMBC,2017-18,20.0,15,37,0,1,13,17,2,3,5,11,9,7,20.0,13,24,1,3,1,6,1,0,2,5,10,6
Max Rothschild,Pennsylvania,2017-18,0.0,43,96,0,0,22,31,39,9,6,29,63,38,20.0,47,77,0,0,17,31,37,14,6,22,58,30
Max Smith Drahos,Wartburg,2017-18,0.0,0,0,0,0,0,0,0,0,0,0,0,2,17.48,0,4,0,0,0,0,0,1,0,0,1,1
Max Strus,DePaul,2017-18,20.0,81,195,35,110,23,28,38,23,8,19,53,41,17.88,72,179,41,111,63,78,33,15,6,23,59,39
Max Tinsley,Pacific,2017-18,20.0,0,1,0,0,0,0,1,0,0,1,3,0,20.0,0,0,0,0,0,0,0,0,0,0,0,0
Max Twyman,Hartford,2017-18,15.0,4,11,3,8,0,1,4,1,0,2,6,2,20.0,1,6,1,5,0,1,1,0,0,1,2,2
Max Upchurch,Multnomah,2017-18,20.0,0,2,0,1,0,0,0,0,0,0,0,0,14.8,0,0,0,0,0,0,0,0,0,0,0,0
Maxime Boursiquot,Northeastern,2017-18,20.0,44,98,7,27,5,6,21,10,4,23,41,20,20.0,33,54,5,11,15,22,17,13,1,11,39,19
Maxwell Evans,Vanderbilt,2017-18,20.0,13,43,7,25,25,27,6,7,0,6,26,15,17.6,16,39,9,21,3,6,7,1,0,9,12,10
Maxwell Kupchak,UC Santa Barbara,2017-18,20.0,1,2,0,0,0,0,1,1,2,1,13,2,17.73,3,7,0,0,3,7,4,0,2,1,6,2
Mayan Kiir,LSU,2017-18,0.0,2,3,0,0,2,3,0,1,1,1,2,2,19.87,2,3,0,0,0,1,0,0,0,1,1,3
Mayville St,,2017-18,0.0,0,0,0,0,0,0,0,0,0,1,1,0,0.0,0,0,0,0,0,0,0,0,0,1,0,0
McDonald Jean-Louis,Webber International,2017-18,20.0,1,3,0,1,0,0,1,0,0,0,1,3,20.0,2,4,0,2,0,0,0,0,0,0,1,2
McDonald Jean-Louis made Jumper. Assisted by Nicholas,,2017-18,0.0,0,0,0,0,0,0,0,0,0,0,0,0,0.0,0,0,0,0,0,0,0,0,1,0,0,0
McKay Cannon,BYU,2017-18,20.0,15,36,5,22,6,7,20,15,0,1,15,11,14.9,15,36,7,19,8,12,15,10,1,3,7,8
McKinley Chambless,Middle Georgia State,2017-18,20.0,0,1,0,1,0,0,0,0,0,0,1,2,17.52,0,1,0,0,0,0,0,0,0,0,0,0
McKinley Wright IV,Colorado,2017-18,20.0,66,156,13,39,23,31,83,16,7,17,41,33,17.9,82,164,12,42,53,68,73,13,6,25,43,48
McMurry,,2017-18,0.0,0,0,0,0,0,0,0,0,0,2,0,2,0.0,0,0,0,0,0,0,0,0,0,0,2,0
McNeese,,2017-18,0.0,0,0,0,0,0,0,0,0,0,21,32,3,0.0,0,0,0,0,0,0,0,0,0,22,19,7
McRay White,Lourdes,2017-18,0.0,0,0,0,0,0,0,0,1,0,0,1,1,14.9,0,1,0,0,0,0,0,0,0,1,2,0
Mcdyess Artavious,,2017-18,0.0,0,0,0,0,0,0,0,0,0,0,0,1,6.28,2,2,0,0,1,2,0,1,3,1,3,0
Mckay Johnson,Utah Valley,2017-18,20.0,0,0,0,0,0,0,1,0,0,0,2,0,14.58,1,2,0,1,0,0,2,0,0,0,2,1
Mckinney Kennedy,,2017-18,0.0,0,0,0,0,0,0,0,0,0,0,0,0,5.62,1,3,0,1,0,0,3,2,0,0,0,2
Mcknight Martaveous,,2017-18,9.57,4,7,1,4,4,5,0,1,0,0,2,2,0.0,3,7,2,4,4,4,0,0,0,0,2,2
Mehdi El Mardi,Trevecca Nazarene,2017-18,20.0,1,2,0,0,2,2,0,0,0,0,1,1,14.55,0,0,0,0,0,0,0,0,0,0,0,0
Mehran Nazarian,,2017-18,0.0,0,0,0,0,0,0,0,0,0,0,0,0,0.0,0,0,0,0,0,0,0,0,0,0,0,1
Melik Martin,Monmouth,2017-18,20.0,24,52,6,14,2,5,16,8,4,8,30,14,19.25,12,35,4,16,12,17,9,3,6,12,18,10
Melo Eggleston,Wake Forest,2017-18,20.0,2,9,0,2,5,8,3,2,2,5,10,3,20.0,4,7,0,0,1,2,1,0,0,1,5,1
Melvin Anthony,Texas-Tyler,2017-18,20.0,2,7,2,5,2,2,1,0,0,0,6,2,14.87,1,5,0,1,2,3,1,1,0,0,5,4
Melvin Frazier,Tulane,2017-18,20.0,69,150,17,53,34,45,32,30,11,17,67,44,20.0,103,163,17,36,42,63,50,31,11,16,64,30
Melvin Irvin,Reinhardt,2017-18,20.0,2,6,0,0,0,0,0,0,1,0,1,1,14.92,1,1,0,0,0,0,2,0,0,0,3,0
Melvin Irving,Reinhardt,2017-18,20.0,4,10,1,2,0,0,0,0,0,2,2,2,14.77,4,5,0,0,1,1,0,0,0,1,0,1
Memphis,,2017-18,0.0,0,0,0,0,0,0,0,0,0,32,26,11,0.0,0,0,0,0,0,0,0,0,0,24,29,7
Menno Dijkstra,UC Riverside,2017-18,20.0,28,70,10,26,1,2,6,6,6,16,25,9,19.23,23,47,6,17,10,10,6,2,7,10,21,5
Merault Almanor,Warren Wilson,2017-18,20.0,2,4,1,3,2,2,0,2,0,1,1,1,14.78,0,3,0,2,0,0,0,2,0,0,0,0
Merault Almonor,Warren Wilson,2017-18,20.0,1,5,1,2,1,2,1,1,0,0,3,0,14.78,0,1,0,0,0,0,0,0,0,0,0,0
Mercer,,2017-18,0.0,0,0,0,0,0,0,0,0,0,18,20,9,0.0,0,0,0,0,0,0,0,0,0,20,16,5
Mercy,,2017-18,0.0,0,0,0,0,0,0,0,0,0,2,2,0,0.0,0,0,0,0,0,0,0,0,0,0,1,0
Messiah Baptiste,Johnson & Wales (NC),2017-18,20.0,2,7,1,1,0,0,1,1,0,1,0,1,14.98,0,0,0,0,1,2,0,1,0,0,0,3
Methodist,,2017-18,0.0,0,0,0,0,0,0,0,0,0,1,0,0,0.0,0,0,0,0,0,0,0,0,0,0,0,0
Mfiondu Kabengele,Florida State,2017-18,20.0,45,81,5,11,21,34,6,6,15,25,37,18,17.65,35,86,5,15,42,61,3,9,14,37,51,15
MiKing Richardson,John Jay College of Criminal Justice,2017-18,20.0,0,2,0,0,3,3,1,0,0,1,1,5,14.93,1,1,0,0,2,2,1,1,0,0,0,2
MiKyle McIntosh,Oregon,2017-18,20.0,37,80,12,31,13,18,16,7,1,8,35,10,20.0,41,93,11,28,34,44,12,7,3,22,39,16
Miami,,2017-18,0.0,0,0,0,0,0,0,0,0,0,27,22,5,0.0,0,0,0,0,0,0,0,0,0,24,16,4
Miami (OH),,2017-18,0.0,0,0,0,0,0,0,0,0,0,20,22,12,0.0,0,0,0,0,0,0,0,0,0,36,11,5
Micah Banks,Columbia International,2017-18,20.0,1,6,1,2,0,0,1,0,0,0,1,2,14.77,0,1,0,0,0,0,2,0,0,0,1,0
Micah Bradford,Valparaiso,2017-18,20.0,28,78,16,48,8,18,38,14,2,2,22,24,14.92,21,69,7,34,10,20,22,7,0,2,16,9
Micah Johnson,Alabama State,2017-18,20.0,2,5,0,1,0,0,0,0,0,1,1,2,14.78,1,3,0,1,0,0,2,0,0,0,1,3
Micah Kerr,Kean,2017-18,20.0,3,9,1,1,0,0,0,1,0,1,1,2,14.78,1,4,0,0,0,0,1,0,0,0,0,2
Micah Martin,Augustana (IL),2017-18,19.97,3,3,0,0,0,0,0,0,0,3,1,1,14.83,0,0,0,0,0,1,0,0,1,0,1,0
Micah Potter,Ohio State,2017-18,20.0,16,41,3,12,14,15,5,4,6,14,24,7,14.95,22,37,2,5,9,14,3,1,3,12,12,4
Micah Seaborn,Monmouth,2017-18,20.0,42,75,24,43,8,8,12,9,1,0,25,21,19.25,25,75,14,37,19,22,15,5,2,3,22,16
Micaiah Henry,Tennessee Tech,2017-18,20.0,28,45,0,0,8,24,8,3,11,14,35,24,14.75,24,38,0,0,7,19,2,2,9,17,18,18
Michael Akuchie,Youngstown St,2017-18,20.0,5,20,4,16,2,2,1,2,4,3,7,8,18.05,6,26,2,19,10,11,2,2,1,10,12,5
Michael Akuckie,Youngstown St,2017-18,20.0,1,4,1,3,0,0,0,0,0,1,2,0,14.98,0,0,0,0,0,0,0,0,0,0,0,1
Michael Alfred,St. Thomas (TX),2017-18,0.0,0,1,0,0,0,0,0,0,0,0,0,1,20.0,1,4,1,3,1,2,0,1,0,0,2,0
Michael Almonacy,Stony Brook,2017-18,0.0,10,27,7,15,1,2,13,5,0,5,12,5,17.95,4,14,2,7,8,8,9,3,0,3,12,3
Michael Benkert,Belmont,2017-18,20.0,3,16,2,13,3,4,3,1,0,2,2,5,20.0,4,17,1,14,0,0,1,0,0,0,3,2
Michael Boaheng,Wentworth,2017-18,19.98,0,1,0,0,0,0,0,0,0,0,1,1,14.75,0,0,0,0,0,0,1,1,0,0,0,0
Michael Boyd,Massachusetts-Boston,2017-18,20.0,0,1,0,0,0,0,1,0,0,0,0,0,14.9,0,4,0,2,0,0,2,0,0,1,1,0
Michael Buckland,Lipscomb,2017-18,19.95,35,94,23,61,10,17,44,19,6,8,57,28,17.95,29,79,16,45,35,38,49,12,13,9,44,31
Michael Carter III,Washington,2017-18,0.0,3,13,2,5,4,5,5,1,1,3,3,3,20.0,3,12,1,6,1,3,2,2,2,0,2,2
Michael Chavers,Eastern Illinois,2017-18,20.0,5,14,3,4,0,2,3,0,2,7,13,2,20.0,9,19,2,3,3,3,4,3,1,2,6,2
Michael Cheecks,Piedmont International,2017-18,0.0,0,0,0,0,0,0,0,0,0,0,1,0,14.88,0,2,0,0,0,0,0,0,0,0,1,0
Michael Curley,La Verne,2017-18,0.0,0,0,0,0,0,0,0,0,0,0,0,0,14.87,0,1,0,1,0,0,1,0,0,0,1,0
Michael Diggins,UIC,2017-18,0.0,18,30,9,14,9,12,7,4,5,7,31,13,19.03,15,35,8,20,2,6,6,6,1,9,35,10
Michael Douglas,Florida International,2017-18,20.0,30,80,15,39,10,18,2,11,0,13,38,9,12.82,28,71,14,36,24,33,7,11,3,11,31,5
Michael Drew Jr,Cornell College,2017-18,20.0,1,3,0,2,0,0,1,0,0,0,2,2,12.02,0,1,0,0,0,0,0,0,0,1,0,0
Michael Dudley,Bryn Athyn,2017-18,0.0,0,0,0,0,0,0,0,0,0,0,0,0,14.82,1,1,0,0,0,0,0,0,0,0,2,2
Michael Ertel,UL Monroe,2017-18,20.0,61,132,29,70,13,17,35,15,0,3,36,19,20.0,50,132,17,61,22,36,27,9,1,6,31,15
Michael Finke,Illinois,2017-18,20.0,52,115,15,50,15,23,17,5,4,28,31,13,14.97,54,99,14,42,14,24,12,4,4,23,45,9
Michael Fiorito,Cornell College,2017-18,20.0,1,2,1,2,0,0,0,0,0,0,1,1,12.02,1,2,1,2,0,0,0,1,0,0,0,0
Michael Flowers,Western Michigan,2017-18,0.0,7,20,2,8,3,3,6,3,0,1,6,7,14.92,11,23,6,13,15,23,4,2,0,4,11,5
Michael Gilmore,Florida Gulf Coast,2017-18,20.0,29,58,9,17,5,9,11,6,6,8,34,15,17.82,26,59,2,16,14,20,8,3,9,16,58,20
Michael Gorder,,2017-18,0.0,0,0,0,0,0,0,0,0,0,1,0,0,0.0,0,0,0,0,0,0,0,0,0,0,0,0
Michael Gregg,Harris Stowe,2017-18,20.0,1,1,1,1,0,0,1,0,0,0,0,0,14.67,0,0,0,0,0,0,0,0,0,0,0,2
Michael Hegar,Wash & Lee,2017-18,20.0,0,1,0,1,0,0,2,0,0,0,1,0,14.88,0,0,0,0,0,0,0,0,0,0,0,0
Michael Hill,Western State Colorado University,2017-18,20.0,6,8,0,0,4,5,0,0,0,0,3,0,18.78,7,10,0,0,0,1,1,0,2,0,1,1
Michael Hueitt Jr,,2017-18,15.33,4,11,4,10,0,0,1,0,0,0,6,2,0.0,2,5,2,5,0,0,3,0,0,1,5,0
Michael Humphrey,Stanford,2017-18,20.0,73,151,20,37,23,33,11,13,11,33,99,22,17.75,50,114,4,20,29,39,12,11,20,18,70,27
Michael Hurt,Minnesota,2017-18,20.0,13,33,3,9,6,7,16,1,7,5,31,9,17.93,18,40,5,10,14,23,12,6,6,5,30,12
Michael Imholz,,2017-18,9.28,1,2,0,0,0,2,0,0,1,1,0,1,0.0,0,1,0,0,0,0,0,0,0,0,2,1
Michael Isotalo,Walla Walla University,2017-18,20.0,1,5,1,5,0,0,3,0,0,1,1,0,15.25,1,3,1,2,0,2,2,1,0,0,1,0
Michael Joseph,Piedmont,2017-18,0.0,2,2,0,0,0,0,0,0,0,0,0,1,17.92,0,1,0,1,1,2,0,0,0,0,1,1
Michael Klebon,,2017-18,0.0,0,0,0,0,0,0,0,0,0,0,0,0,0.0,0,0,0,0,0,0,0,0,0,0,1,0
Michael Mayhew,Portland State,2017-18,20.0,51,113,33,81,14,16,19,22,0,14,28,26,20.0,30,92,27,75,16,20,17,14,0,14,23,18
Michael Mays,Reinhardt,2017-18,20.0,4,8,4,7,0,1,0,0,0,0,1,1,14.92,0,3,0,2,0,0,0,0,0,0,0,0
Michael Mendicino,Franciscan University,2017-18,20.0,0,1,0,0,0,0,0,0,0,0,1,0,14.95,0,1,0,0,0,0,0,0,0,0,0,0
Michael Miller,North Texas,2017-18,20.0,19,45,7,23,4,8,6,2,4,12,24,15,19.6,17,38,3,16,17,22,7,3,2,10,24,8
Michael Milligan,Florida Tech,2017-18,20.0,2,5,1,4,0,0,0,2,0,0,2,0,20.0,1,3,0,1,0,0,0,1,1,2,3,0
Michael Morris,Lake Erie College,2017-18,15.0,2,3,2,3,0,0,2,1,0,2,1,2,20.0,1,1,1,1,2,2,0,0,0,0,1,1
Michael Morrissey,Bethesda,2017-18,19.98,6,12,2,3,1,2,3,4,0,0,2,4,14.7,1,8,1,3,0,0,2,2,0,1,2,3
Michael Nzei,Seton Hall,2017-18,20.0,30,50,0,0,19,30,10,5,7,29,47,15,14.97,22,39,0,0,7,15,7,4,1,20,33,5
Michael Obindu,Howard,2017-18,20.0,4,7,0,0,0,0,3,0,0,2,7,1,19.33,0,4,0,0,1,3,0,1,1,1,10,1
Michael Odiana,Maryland-Eastern Shore,2017-18,0.0,1,2,1,2,0,0,0,1,0,0,0,1,19.63,1,4,0,2,0,0,1,1,0,1,1,0
Michael Oguine,Montana,2017-18,19.37,66,148,13,48,47,65,19,21,11,23,39,21,20.0,78,157,20,49,62,86,30,19,6,35,58,15
Michael Onyebalu,UC Davis,2017-18,19.98,22,50,13,27,9,10,14,10,0,2,51,22,20.0,13,39,8,25,25,32,12,12,2,5,44,23
Michael Pomeroy,Warren Wilson,2017-18,20.0,1,2,0,1,0,0,3,1,1,1,1,1,14.78,1,3,0,1,0,0,1,0,0,0,1,1
Michael Pomery,Warren Wilson,2017-18,20.0,1,3,1,3,0,0,0,0,0,0,0,0,14.78,1,2,1,2,0,0,0,0,0,0,0,0
Michael Porter Jr.,Missouri,2017-18,20.0,4,15,1,4,1,3,1,0,1,3,8,2,17.85,6,15,2,6,6,6,0,3,0,1,8,1
Michael Provenzano,Simon Fraser,2017-18,20.0,4,4,0,0,2,2,3,1,0,2,1,1,17.22,2,6,0,1,0,0,0,0,0,0,0,1
Michael Ritchie,Miami (OH),2017-18,0.0,0,0,0,0,0,0,0,0,0,0,0,0,14.88,0,0,0,0,0,0,1,0,0,0,0,0
Michael Sheng,Emerson College,2017-18,20.0,0,3,0,2,0,0,1,0,0,0,3,2,14.52,1,4,0,1,0,0,0,0,0,0,1,2
Michael Slaba,Mayville State,2017-18,20.0,0,0,0,0,0,0,3,0,0,0,2,6,14.92,0,3,0,1,0,0,2,0,0,1,2,1
Michael Stevenson,Kentucky State,2017-18,20.0,0,3,0,0,0,0,0,0,0,2,1,0,14.88,1,1,0,0,0,0,0,0,1,0,0,1
Michael Sullivan,Millsaps,2017-18,20.0,2,6,1,4,0,0,1,0,0,1,0,2,14.9,0,1,0,1,0,0,1,0,0,0,1,1
Michael Thomas,,2017-18,2.92,65,106,4,9,45,67,18,2,3,27,53,21,0.0,52,97,1,11,51,72,13,2,5,22,50,20
Michael Thompson,Trevecca Nazarene,2017-18,20.0,1,1,1,1,2,2,0,0,0,0,1,0,14.55,0,1,0,0,0,0,1,0,0,0,0,0
Michael Urankar,Christendom,2017-18,20.0,3,5,3,5,0,0,1,0,0,0,3,4,14.93,2,4,1,3,0,0,2,0,0,0,0,0
Michael Volley,Brewton-Parker,2017-18,20.0,2,3,0,0,2,2,2,1,0,0,1,3,14.92,0,2,0,1,0,0,0,0,0,0,1,0
Michael Wadsworth,Cal Lutheran,2017-18,20.0,2,4,1,2,3,4,1,1,0,1,1,2,15.8,2,2,1,1,1,2,0,0,1,0,1,0
Michael Williams,Dubuque,2017-18,0.0,0,0,0,0,0,0,0,0,0,0,0,0,14.87,1,2,0,1,0,0,0,1,0,0,0,1
Michael Wolfe,North Carolina Central,2017-18,20.0,0,1,0,0,0,0,1,0,0,1,0,1,19.42,2,5,0,1,0,0,3,1,1,0,2,0
Michael Young,Centenary NJ,2017-18,0.0,0,0,0,0,0,0,0,0,0,0,0,1,14.95,0,2,0,1,0,0,0,0,0,0,1,0
Michael Zeno,New Orleans,2017-18,20.0,37,102,0,2,21,35,18,14,8,13,41,35,17.92,26,71,0,1,21,34,19,12,2,16,28,17
Michal Cekovsky,Maryland,2017-18,20.0,50,71,0,1,17,28,5,5,15,17,27,17,17.95,21,36,0,0,13,18,5,1,12,12,23,8
Michal Kozak,Weber State,2017-18,20.0,21,60,6,32,17,20,12,6,13,13,57,31,20.0,24,50,11,23,20,24,14,6,3,19,45,8
Micheal Warren,CSU Northridge,2017-18,20.0,50,119,17,46,28,34,27,18,5,10,87,24,16.72,57,119,22,53,43,49,21,14,6,7,56,24
Michigan,,2017-18,0.0,0,0,0,0,0,0,0,0,0,23,22,7,0.0,0,0,0,0,0,0,0,0,0,16,16,6
Michigan State,,2017-18,0.0,0,0,0,0,0,0,0,0,0,18,25,5,0.0,0,0,0,0,0,0,0,0,0,21,20,9
Michigan-Dearborn,,2017-18,0.0,0,0,0,0,0,0,0,0,0,2,1,0,0.0,0,0,0,0,0,0,0,0,0,2,1,0
Mickey Mitchell,Arizona State,2017-18,20.0,26,53,6,12,18,25,20,12,8,15,46,16,20.0,21,41,1,7,13,20,19,9,5,20,40,17
Mid-Atlantic Christian,,2017-18,0.0,0,0,0,0,0,0,0,0,0,4,1,5,0.0,0,0,0,0,0,0,0,0,0,1,0,0
Middle Georgia State College,,2017-18,0.0,0,0,0,0,0,0,0,0,0,0,1,0,0.0,0,0,0,0,0,0,0,0,0,0,0,0
Middle Tennessee,,2017-18,0.0,0,0,0,0,0,0,0,0,0,18,30,9,0.0,0,0,0,0,0,0,0,0,0,23,23,9
Midway University,,2017-18,0.0,0,0,0,0,0,0,0,0,0,4,4,0,0.0,0,0,0,0,0,0,0,0,0,4,2,0
Mikail Simmons,Loyola Marymount,2017-18,20.0,6,15,1,7,4,5,2,0,1,6,6,5,19.42,6,13,2,7,0,2,4,3,1,5,5,4
Mikal Bridges,Villanova,2017-18,20.0,111,226,45,112,56,64,40,25,22,23,85,24,17.97,115,219,48,107,56,66,31,32,17,28,69,26
Mikal Gaylord,William Peace,2017-18,20.0,0,1,0,0,0,0,3,0,0,0,1,1,14.87,1,1,1,1,0,0,0,0,0,0,1,0
Mike Adewunmi,Houston,2017-18,0.0,0,0,0,0,0,0,0,0,0,0,0,0,14.95,0,0,0,0,0,0,1,0,0,0,0,0
Mike Amius,Western Carolina,2017-18,20.0,66,119,0,0,36,60,15,25,16,26,56,39,14.77,59,114,0,0,56,84,12,7,6,26,47,33
Mike Cunningham,South Carolina Upstate,2017-18,20.0,55,153,28,90,11,14,39,10,1,7,33,15,17.93,72,181,43,103,22,26,40,12,2,13,25,23
Mike Daum,South Dakota State,2017-18,19.92,147,317,54,126,82,90,24,6,9,24,147,33,20.0,103,225,35,86,79,97,21,11,15,33,120,36
Mike Edwards,Georgia,2017-18,20.0,7,22,0,0,9,13,3,5,4,10,21,9,14.6,10,22,0,0,6,11,2,0,1,8,13,4
Mike Featherston,Milligan,2017-18,20.0,0,3,0,0,0,0,1,0,0,2,1,1,14.67,0,1,0,0,0,0,0,0,0,0,1,0
Mike Fofana,UT Martin,2017-18,17.58,20,52,0,4,4,10,16,6,4,17,34,14,20.0,14,32,0,2,8,10,15,2,2,9,26,11
Mike Frauenheim,York College Pa,2017-18,20.0,0,1,0,1,0,0,0,0,0,0,1,0,18.7,1,2,1,2,2,2,3,0,0,0,1,1
Mike Golden,Hawaii Hilo,2017-18,20.0,1,2,1,2,0,0,0,0,0,0,0,0,15.85,0,1,0,1,0,0,0,0,0,0,1,0
Mike Hennen,Ohio Christian,2017-18,0.0,0,0,0,0,0,0,0,0,0,0,0,0,14.98,1,1,0,0,0,0,0,0,0,0,0,1
Mike Hoffman,UT Rio Grande Valley,2017-18,20.0,25,56,16,31,9,10,6,2,7,11,29,8,20.0,22,64,8,34,11,14,9,11,3,11,24,6
Mike Holloway Jr,Fairleigh Dickinson,2017-18,20.0,0,0,0,0,0,0,17,0,0,0,0,0,17.98,0,0,0,0,0,0,18,0,0,0,0,0
Mike Holloway Jr.,Fairleigh Dickinson,2017-18,20.0,79,169,6,16,26,37,0,9,7,33,69,33,14.97,79,151,1,7,62,91,0,12,13,42,61,36
Mike Hughes,Georgia Southern,2017-18,20.0,45,139,26,78,37,48,18,14,8,9,60,24,20.0,46,130,24,80,60,74,31,15,4,10,53,21
Mike Johnson,Culver-Stockton,2017-18,20.0,3,8,3,6,3,4,3,0,0,0,2,0,14.98,1,4,1,3,0,0,1,1,0,0,1,1
Mike Laster,Ohio,2017-18,20.0,74,149,28,65,14,19,25,7,2,7,27,21,20.0,67,147,19,53,30,44,27,6,2,6,33,13
Mike Laster made Dunk. Assisted by Gavin,,2017-18,0.0,0,0,0,0,0,0,0,0,0,0,0,0,0.0,0,0,0,0,0,0,0,0,1,0,0,0
Mike Laster made Jumper. Assisted by Gavin,,2017-18,0.0,0,0,0,0,0,0,0,0,2,0,0,0,0.0,0,0,0,0,0,0,0,0,1,0,0,0
Mike Laster made Layup. Assisted by Gavin,,2017-18,0.0,0,0,0,0,0,0,0,0,1,0,0,0,0.0,0,0,0,0,0,0,0,0,2,0,0,0
Mike Laster made Three Point Jumper. Assisted by Gavin,,2017-18,0.0,0,0,0,0,0,0,0,0,5,0,0,0,0.0,0,0,0,0,0,0,0,0,4,0,0,0
Mike Layssard,Rhode Island,2017-18,0.0,0,0,0,0,0,0,0,0,0,0,0,2,14.9,0,1,0,0,0,0,0,0,0,1,0,0
Mike LeBlanc,Princeton,2017-18,0.0,6,22,5,19,1,2,5,4,0,1,16,7,20.0,7,23,4,16,7,8,5,0,2,7,14,2
Mike Lewandowski,Peru State College,2017-18,0.0,0,0,0,0,0,0,0,0,0,0,0,1,14.88,1,2,0,0,0,0,0,0,1,3,0,1
Mike Lewis II,Duquesne,2017-18,20.0,62,160,38,103,37,45,15,19,1,7,21,20,20.0,69,172,48,120,51,61,7,14,0,7,32,18
Mike McGuirl,Kansas State,2017-18,20.0,4,19,2,12,5,6,5,2,0,3,7,1,20.0,8,16,3,8,3,4,6,1,2,3,5,4
Mike Mondragon,,2017-18,0.0,0,0,0,0,0,0,0,0,0,0,0,2,0.0,0,0,0,0,0,0,0,0,0,0,0,0
Mike Morsell,Towson,2017-18,20.0,75,180,24,67,33,42,17,17,10,26,43,33,20.0,77,176,20,71,34,53,11,16,4,20,41,21
Mike Nwabuzor,New Mexico Highlands,2017-18,20.0,1,5,0,1,0,0,1,0,0,0,2,2,16.72,2,4,0,1,2,2,2,0,0,1,0,1
Mike Okauru,Florida,2017-18,20.0,24,49,13,24,7,14,10,12,1,0,15,5,14.97,17,40,6,21,8,14,8,6,0,4,9,4
Mike Parks Jr,Memphis,2017-18,0.0,0,0,0,0,0,0,7,0,0,0,0,0,18.82,0,0,0,0,0,0,5,0,0,0,0,0
Mike Parks Jr.,Memphis,2017-18,20.0,54,102,0,2,20,29,5,3,11,38,46,30,17.97,56,98,1,3,21,29,4,5,11,28,37,18
Mike Peters,Anderson (IN),2017-18,20.0,1,3,0,0,0,0,1,0,0,1,1,1,14.78,0,0,0,0,0,0,0,1,0,0,0,1
Mike Robinson,Miami,2017-18,20.0,0,1,0,1,0,0,0,0,0,0,0,0,20.0,0,0,0,0,0,0,0,0,0,0,0,0
Mike Schroback,Fairleigh Dickinson,2017-18,20.0,2,7,2,7,1,2,3,0,0,0,1,6,14.98,1,5,1,5,2,2,3,1,0,0,2,2
Mike Smith,Columbia,2017-18,20.0,65,176,20,70,34,40,66,14,0,2,35,27,17.97,82,205,26,82,71,86,51,16,1,10,22,31
Mike Strazza,Centenary NJ,2017-18,20.0,0,0,0,0,0,0,1,0,0,0,1,0,14.95,0,0,0,0,0,0,0,0,0,0,0,0
Mike Summerer,Kean,2017-18,20.0,0,3,0,1,0,0,3,1,1,0,5,4,14.78,2,3,2,3,0,0,3,0,0,0,1,1
Mike Thomas,Hawai'i,2017-18,20.0,1,1,0,0,0,0,0,0,1,0,1,0,20.0,12,15,0,0,3,7,0,0,0,3,4,2
Mike Torre,Molloy,2017-18,20.0,1,2,1,1,0,0,0,0,0,0,1,1,14.62,1,5,0,3,0,0,0,0,0,0,1,0
Mike Warren,Central Pennsylvania College,2017-18,20.0,0,1,0,0,0,0,3,0,0,0,1,1,14.77,0,1,0,0,2,2,1,0,0,1,1,0
Mike Watkins,Penn State,2017-18,20.0,73,112,0,0,17,25,11,10,26,32,85,29,17.98,61,88,0,1,38,62,9,16,36,21,104,18
Mike Williams,Rutgers,2017-18,20.0,25,81,8,30,10,15,9,5,7,18,22,19,20.0,40,84,7,33,30,37,9,14,7,21,34,10
Mike Winterburn,Washington College (MD),2017-18,20.0,3,5,1,2,0,0,0,1,0,0,0,2,14.9,2,4,2,2,0,0,0,0,0,0,3,2
Mike'l Simms,VCU,2017-18,20.0,39,84,17,50,5,9,18,8,0,6,29,12,14.58,29,76,16,48,8,11,18,13,2,7,21,13
Mikhail Lobatos,Johnson University (FL),2017-18,0.0,0,0,0,0,0,0,0,0,0,0,0,0,14.83,0,3,0,1,0,0,0,0,0,2,1,0
Miks Antoms,Maine,2017-18,20.0,6,8,0,0,4,11,4,0,3,4,3,2,17.85,3,12,0,0,4,17,1,0,0,4,8,3
Mikyle McIntosh,Oregon,2017-18,20.0,25,54,3,14,12,22,16,3,3,14,32,14,17.87,34,69,9,22,11,14,4,7,3,8,43,20
Milacio Freeland,Ecclesia College,2017-18,20.0,3,6,1,2,0,0,3,0,0,1,2,0,14.87,1,3,1,2,2,4,1,0,0,0,0,2
Milan Acquaah,Washington State,2017-18,16.67,26,67,5,25,10,21,27,10,1,4,27,40,19.98,21,56,7,21,15,24,26,5,0,2,21,29
Milan Mijovic,Marshall,2017-18,15.0,9,24,0,1,1,3,8,2,5,5,23,11,20.0,6,14,0,0,5,7,6,3,1,5,15,5
Milan Williams,,2017-18,0.0,0,0,0,0,0,0,0,0,0,0,0,0,0.0,0,0,0,0,0,0,0,0,0,0,1,0
Mileek McMillan,Valparaiso,2017-18,20.0,13,41,6,20,2,2,6,2,3,5,24,22,14.92,16,33,7,18,6,9,4,3,1,1,9,11
Miles,,2017-18,0.0,0,0,0,0,0,0,0,0,0,2,0,0,0.0,0,0,0,0,0,0,0,0,0,1,1,0
Miles Barrett,Bridgewater,2017-18,20.0,0,2,0,2,0,0,1,1,0,0,1,1,15.48,0,0,0,0,2,2,0,0,0,0,0,1
Miles Bridges,Michigan State,2017-18,20.0,96,213,40,96,33,38,40,7,14,19,95,33,14.63,99,216,23,83,54,65,41,14,11,20,85,31
Miles Brookins,La Salle,2017-18,20.0,24,39,0,0,11,12,3,2,9,12,18,8,17.98,13,23,0,0,17,22,6,2,1,6,8,3
Miles Lester,Rice,2017-18,0.0,11,30,10,23,9,11,20,3,0,1,17,14,20.0,10,35,6,20,11,15,16,4,0,2,10,15
Miles Myrick,,2017-18,0.0,0,0,0,0,0,0,0,0,0,0,0,0,0.0,0,0,0,0,0,0,0,0,0,0,0,3
Miles Nolen-Webb,Antelope Valley,2017-18,20.0,2,4,0,1,0,0,1,0,0,1,0,0,14.95,0,1,0,0,0,0,0,0,0,0,0,0
Miles Overton,Drexel,2017-18,20.0,3,23,3,19,0,0,3,0,0,0,6,8,20.0,11,24,5,11,4,4,2,2,1,1,4,2
Miles Perdue,Erskine,2017-18,20.0,0,2,0,0,0,0,0,0,0,3,0,0,14.95,0,2,0,0,0,0,0,0,1,1,1,0
Miles Reynolds,Pacific,2017-18,20.0,57,139,13,36,40,49,31,13,0,5,29,25,20.0,53,120,8,20,92,117,44,15,2,5,35,29
Miles Riley,Piedmont,2017-18,20.0,0,0,0,0,0,0,2,0,0,1,0,2,17.92,0,3,0,0,3,4,0,0,0,2,3,3
Miles Wentzien,Northern Iowa,2017-18,0.0,2,4,1,2,1,1,0,1,0,0,1,1,17.48,2,7,0,1,0,0,2,0,0,1,2,3
Miles Wright,Dartmouth,2017-18,20.0,58,138,28,77,14,20,12,20,8,8,51,22,20.0,47,117,18,57,41,46,13,19,8,7,41,13
Milija Cosic,St. Francis (BKN),2017-18,20.0,31,68,6,16,11,14,6,2,3,20,17,12,20.0,25,56,6,14,16,20,3,5,2,11,19,24
Milik Gantz,North Carolina A&T,2017-18,20.0,11,27,2,8,7,13,3,3,2,3,14,13,14.8,23,38,0,6,7,11,10,4,3,1,12,8
Milik Yarbrough,Illinois State,2017-18,20.0,88,195,23,62,43,58,70,16,9,25,80,60,20.0,78,174,7,39,95,114,76,14,9,20,80,63
Milligan,,2017-18,0.0,0,0,0,0,0,0,0,0,0,1,1,0,0.0,0,0,0,0,0,0,0,0,0,0,0,0
Millsaps,,2017-18,0.0,0,0,0,0,0,0,0,0,0,0,0,0,0.0,0,0,0,0,0,0,0,0,0,0,1,0
Milos Supica,Charlotte,2017-18,20.0,27,64,0,0,12,24,2,4,3,27,32,20,14.78,32,61,0,1,16,32,7,4,7,29,38,13
Milos Vranes,,2017-18,4.75,26,62,18,47,3,7,11,3,4,9,48,24,0.0,26,54,9,24,5,11,6,6,2,14,28,16
Milton Cummings,Wisconsin-La Crosse,2017-18,0.0,0,0,0,0,0,0,0,0,0,0,0,0,19.53,0,1,0,1,0,0,0,0,0,0,0,1
Milwaukee,,2017-18,0.0,0,0,0,0,0,0,0,0,0,18,16,6,0.0,0,0,0,0,0,0,0,0,0,17,22,11
Minnesota,,2017-18,0.0,0,0,0,0,0,0,0,0,0,34,16,5,0.0,0,0,0,0,0,0,0,0,0,27,18,4
Miolin Cummins,,2017-18,0.0,0,0,0,0,0,0,0,0,0,0,0,0,0.0,0,0,0,0,0,0,0,0,0,0,0,1
Mirsad Mackic,,2017-18,0.0,0,0,0,0,0,0,0,0,0,0,0,0,0.0,0,0,0,0,0,0,0,0,0,0,1,0
Miryne Thomas,Maryland-Eastern Shore,2017-18,20.0,30,72,2,15,13,19,4,5,2,18,40,22,14.95,30,65,3,15,30,42,9,5,3,21,43,22
Mississippi College,,2017-18,0.0,0,0,0,0,0,0,0,0,0,0,1,0,0.0,0,0,0,0,0,0,0,0,0,0,1,0
Mississippi State,,2017-18,0.0,0,0,0,0,0,0,0,0,0,19,34,4,0.0,0,0,0,0,0,0,0,0,0,16,18,7
Mississippi Valley State,,2017-18,0.0,0,0,0,0,0,0,0,0,0,17,10,3,0.0,0,0,0,0,0,0,0,0,0,11,9,1
Missouri,,2017-18,0.0,0,0,0,0,0,0,0,0,0,27,33,6,0.0,0,0,0,0,0,0,0,0,0,18,29,9
Missouri Baptist,,2017-18,0.0,0,0,0,0,0,0,0,0,0,3,1,1,0.0,0,0,0,0,0,0,0,0,0,0,1,1
Missouri Science & Technology,,2017-18,0.0,0,0,0,0,0,0,0,0,0,0,0,0,0.0,0,0,0,0,0,0,0,0,0,1,1,1
Missouri State,,2017-18,0.0,0,0,0,0,0,0,0,0,0,15,23,0,0.0,0,0,0,0,0,0,0,0,0,24,16,2
Mitar Stanojevic,,2017-18,0.0,3,4,0,1,1,2,0,0,0,0,2,1,9.78,1,2,0,0,0,1,4,0,0,1,3,1
Mitch Ballock,Creighton,2017-18,20.0,24,60,11,35,7,10,13,9,1,2,27,13,14.72,26,59,16,40,6,6,12,4,2,2,24,14
Mitch Frederick,Oakland City,2017-18,20.0,2,5,1,3,0,0,1,3,0,0,4,0,14.98,2,5,0,1,0,0,0,0,0,3,2,0
Mitch Hill,Winthrop,2017-18,0.0,0,2,0,2,0,0,0,0,0,0,0,0,14.97,1,3,1,3,0,0,1,1,0,0,2,1
Mitch Layton,NC Wesleyan,2017-18,20.0,2,2,0,0,0,0,0,0,1,1,2,0,14.88,0,0,0,0,0,0,0,0,0,0,0,0
Mitch Lightfoot,Kansas,2017-18,0.0,29,54,2,7,9,10,7,6,30,27,26,11,14.63,26,43,3,7,8,13,3,3,23,17,32,16
Mitch Loomis,Lake Erie College,2017-18,0.0,0,0,0,0,0,0,0,0,0,0,0,2,19.58,1,2,0,0,0,0,1,1,1,0,0,0
Mitch Peterson,Kent State,2017-18,20.0,17,57,9,34,4,6,11,9,3,11,39,13,14.98,23,54,6,23,5,12,10,13,0,11,37,5
Mitchell Ballock,,2017-18,8.23,8,18,1,7,0,0,5,1,0,0,4,2,0.0,4,10,4,9,4,4,2,1,2,0,5,1
Mitchell College,,2017-18,0.0,0,0,0,0,0,0,0,0,0,1,2,0,0.0,0,0,0,0,0,0,0,0,0,0,0,0
Mitchell Embree,Berea,2017-18,20.0,1,2,0,1,0,0,0,0,0,0,2,1,14.72,0,1,0,1,0,0,0,0,0,0,0,0
Mitchell Hahn,,2017-18,0.0,27,86,12,43,8,11,10,5,2,6,48,6,0.0,21,57,8,27,24,33,15,10,2,2,38,9
Mitchell Solomon,Oklahoma State,2017-18,20.0,52,106,5,21,29,33,18,16,18,49,60,23,14.92,52,82,1,8,26,30,29,15,16,50,44,29
Mitchell Tarantolo,Centenary,2017-18,20.0,1,2,0,0,0,1,2,0,0,1,0,0,14.88,0,0,0,0,0,0,0,0,1,0,1,1
Mitchell Wilbekin,Wake Forest,2017-18,20.0,35,88,24,59,8,10,15,7,0,4,22,6,20.0,33,77,24,49,22,28,17,9,0,5,26,13
Miye Oni,Yale,2017-18,20.0,79,189,31,90,20,26,52,13,9,11,74,32,14.9,70,173,23,82,43,59,45,11,11,12,62,41
Mj Victor,Goucher,2017-18,0.0,0,0,0,0,0,0,0,0,0,0,0,0,14.92,0,2,0,0,0,0,0,0,0,0,0,0
Mladen Armus,East Tennessee State,2017-18,20.0,37,56,0,0,16,21,6,6,9,30,45,24,15.7,37,63,0,1,20,42,9,11,5,45,44,19
Mladen Djordjevic,San Francisco,2017-18,20.0,5,14,0,5,1,5,7,2,1,2,10,6,14.9,4,13,2,6,1,3,9,0,0,1,2,4
Mo Ahmed,UMKC,2017-18,0.0,6,13,0,0,1,2,1,1,5,4,11,5,14.95,5,10,0,0,3,3,0,2,0,2,5,1
Mo Lewis,Navy,2017-18,20.0,4,9,0,0,3,4,2,1,0,14,7,3,20.0,5,9,0,0,3,3,4,2,1,5,6,3
Moataz Aly,CSU Bakersfield,2017-18,19.98,29,41,0,0,6,18,2,2,13,7,20,17,14.93,26,40,0,0,12,25,2,0,20,12,15,16
Mobile,,2017-18,0.0,0,0,0,0,0,0,0,0,0,4,1,0,0.0,0,0,0,0,0,0,0,0,0,2,0,0
Moe McDonald,UT Rio Grande Valley,2017-18,20.0,28,97,13,50,26,35,34,10,1,4,39,28,20.0,20,53,3,23,23,34,29,8,0,9,23,26
Mogga Lado,Campbell,2017-18,20.0,22,38,0,0,19,28,20,6,13,19,47,16,20.0,29,51,0,0,20,31,16,7,10,17,32,14
Mohamed Abuarisha,Jacksonville State,2017-18,20.0,1,7,0,2,0,0,0,0,0,0,1,5,14.68,1,4,0,2,0,0,0,1,0,0,1,1
Mohamed Bamba,Texas,2017-18,20.0,72,143,8,28,29,47,5,14,43,52,107,20,14.62,67,116,5,21,45,64,9,9,57,40,100,23
Mohamed Bendary,NJIT,2017-18,0.0,30,40,0,0,1,3,12,4,7,14,31,19,20.0,19,28,0,0,3,7,14,5,4,19,18,4
Mohamed Sherif,Alabama A&M,2017-18,20.0,18,48,0,0,6,17,8,2,2,9,14,20,20.0,19,42,1,2,10,29,6,2,3,14,19,17
Molloy,,2017-18,0.0,0,0,0,0,0,0,0,0,0,2,1,0,0.0,0,0,0,0,0,0,0,0,0,1,0,0
Monmouth,,2017-18,0.0,0,0,0,0,0,0,0,0,0,16,15,3,0.0,0,0,0,0,0,0,0,0,0,18,19,7
Monroe Porter,Western State Colorado University,2017-18,20.0,1,2,1,1,0,0,7,2,0,0,11,2,18.78,0,3,0,2,0,0,1,0,0,0,1,0
Montae Glenn,Georgia Southern,2017-18,20.0,45,88,1,1,19,30,5,9,21,56,48,19,20.0,55,92,0,0,19,32,5,8,21,56,54,12
Montana,,2017-18,0.0,0,0,0,0,0,0,0,0,0,24,19,2,0.0,0,0,0,0,0,0,0,0,0,24,21,4
Montana Byrd,Chicago State,2017-18,20.0,30,69,17,43,12,16,7,6,1,1,33,17,14.93,23,64,17,40,0,2,7,5,4,3,21,9
Montana State,,2017-18,0.0,0,0,0,0,0,0,0,0,0,15,19,1,0.0,0,0,0,0,0,0,0,0,0,17,13,2
Montana Tech,,2017-18,0.0,0,0,0,0,0,0,0,0,0,3,0,0,0.0,0,0,0,0,0,0,0,0,0,0,0,0
Montaque Gill-Caesar,San Diego State,2017-18,20.0,5,12,3,6,0,1,1,0,1,3,6,3,14.82,3,10,1,5,4,4,1,2,0,0,3,5
Montay Hood,Cairn University,2017-18,20.0,0,2,0,2,0,0,0,0,0,0,0,4,14.85,0,1,0,1,0,0,0,1,0,0,0,0
Monte Simpkins,Bridgewater,2017-18,20.0,2,9,0,4,1,2,0,0,0,3,3,1,15.48,1,3,0,1,0,0,0,1,0,2,2,3
Montell Goodwin,Eastern Illinois,2017-18,20.0,84,206,38,103,23,30,41,15,8,3,40,28,20.0,65,170,25,75,37,48,52,18,4,11,39,29
Montell McRae,Buffalo,2017-18,20.0,23,57,10,34,5,16,9,5,5,17,28,12,20.0,18,32,3,12,4,6,3,4,7,16,20,7
Montenia Nelson,Presbyterian,2017-18,20.0,8,17,4,10,1,2,5,0,0,0,6,5,14.98,3,7,0,1,1,3,1,0,0,1,2,4
Montraz Oliver,Maryland-Eastern Shore,2017-18,0.0,1,2,0,1,0,0,1,0,0,1,1,1,17.25,1,3,0,0,0,0,0,0,0,0,1,0
Montreal Nabors,Fisk,2017-18,19.9,5,10,2,4,1,2,1,2,0,1,6,4,17.92,3,8,1,4,0,0,1,0,0,2,5,3
Montreat,,2017-18,0.0,0,0,0,0,0,0,0,0,0,0,1,1,0.0,0,0,0,0,0,0,0,0,0,4,1,0
Monty Boykins,Pittsburgh,2017-18,20.0,1,8,1,7,2,2,2,0,0,0,5,2,20.0,2,11,2,7,2,2,0,0,0,0,0,2
Monty Urmilevicius,Bryant,2017-18,0.0,14,23,0,0,1,2,9,1,0,11,17,9,18.22,10,24,0,0,8,16,4,3,1,13,13,2
Morehead State,,2017-18,0.0,0,0,0,0,0,0,0,0,0,21,19,5,0.0,0,0,0,0,0,0,0,0,0,8,10,5
Morgan Means,Seattle,2017-18,20.0,43,120,13,53,12,15,46,12,1,10,50,24,17.4,38,90,8,35,33,40,29,12,1,11,37,41
Morgan State,,2017-18,0.0,0,0,0,0,0,0,0,0,0,18,23,3,0.0,0,0,0,0,0,0,0,0,0,33,25,3
Moritz Wagner,Michigan,2017-18,20.0,97,195,28,71,36,49,22,20,6,28,106,31,17.12,107,195,32,80,45,67,10,15,14,26,109,22
Moses Abwoch,Boyce,2017-18,20.0,0,3,0,2,0,0,0,0,0,1,0,2,14.93,1,2,0,0,0,0,0,0,0,0,0,1
Moses Greenwood,SE Louisiana,2017-18,20.0,58,107,0,3,18,23,6,7,10,25,56,31,14.88,64,121,4,7,31,49,6,5,17,34,44,19
Moses Merritt,,2017-18,0.0,0,0,0,0,0,0,0,0,0,0,2,0,0.0,0,0,0,0,0,0,0,0,0,0,0,0
Moses Toriola,Rochester College,2017-18,0.0,0,0,0,0,0,0,0,1,0,0,1,1,17.67,1,2,0,0,0,0,0,0,0,1,0,0
Moses Wright,Georgia Tech,2017-18,20.0,21,60,1,14,10,16,13,7,11,16,36,18,20.0,14,47,1,14,9,17,4,8,2,8,21,9
Mount Marty College,,2017-18,0.0,0,0,0,0,0,0,0,0,0,1,2,0,0.0,0,0,0,0,0,0,0,0,0,0,0,0
Moustapha Diagne,Western Kentucky,2017-18,20.0,5,12,0,1,0,0,0,1,0,6,12,5,20.0,0,2,0,1,1,3,0,1,0,1,6,8
Mt. St. Mary's,,2017-18,0.0,0,0,0,0,0,0,0,0,0,8,31,8,0.0,0,0,0,0,0,0,0,0,0,13,20,3
Mubashar Ali,Southern,2017-18,20.0,4,13,0,0,3,4,0,1,2,3,14,6,14.97,7,19,0,1,8,12,2,1,1,5,8,4
Muhammad-Ali Abdur-Rahkman,Michigan,2017-18,20.0,84,200,38,102,24,34,73,20,1,9,73,13,17.12,87,194,35,87,80,104,50,14,6,15,50,15
Multnomah University,,2017-18,0.0,0,0,0,0,0,0,0,0,0,0,0,0,0.0,0,0,0,0,0,0,0,0,0,0,1,0
Murray State,,2017-18,0.0,0,0,0,0,0,0,0,0,0,17,18,2,0.0,0,0,0,0,0,0,0,0,0,23,23,5
Musa Jallow,Ohio State,2017-18,20.0,17,42,8,24,2,4,16,8,2,11,14,17,14.95,12,28,3,17,4,6,10,8,2,1,13,7
Mustafa Jones,Central Connecticut,2017-18,16.75,78,139,1,4,15,20,16,13,21,19,42,19,20.0,49,101,1,3,16,22,11,6,11,19,51,27
Mustafa Lawrence,Missouri State,2017-18,20.0,17,37,14,31,3,5,9,6,0,0,9,8,20.0,9,29,6,18,4,6,10,4,0,3,8,4
Mustapha Heron,Auburn,2017-18,20.0,84,200,25,84,61,78,13,19,2,19,57,35,14.88,81,183,17,44,76,92,16,19,0,18,71,30
Mustapha Traore,Monmouth,2017-18,20.0,13,29,0,0,4,7,7,4,5,9,32,6,19.25,15,26,0,0,7,13,9,3,1,17,29,12
Muusa Dama,Eastern Illinois,2017-18,20.0,50,99,0,0,18,26,18,8,15,31,66,27,20.0,64,112,0,2,32,46,15,7,17,32,53,29
Mychael Bradley,,2017-18,5.98,0,1,0,1,0,0,0,0,0,0,1,0,0.0,0,1,0,0,0,0,1,0,0,0,0,0
Mychal Deas,Presentation College,2017-18,20.0,1,2,0,1,0,0,0,0,0,1,0,1,14.77,2,3,1,2,0,0,1,0,0,1,0,0
Mychal Stefanides,Wesley,2017-18,0.0,0,0,0,0,0,0,0,0,0,0,0,0,17.73,0,2,0,1,2,2,1,0,0,0,2,0
Myles Cale,Seton Hall,2017-18,20.0,25,62,6,21,7,11,8,8,3,10,22,16,14.97,27,50,6,22,14,22,12,11,2,8,13,11
Myles Carter,Delaware State,2017-18,20.0,1,5,0,0,2,2,1,0,0,1,1,8,17.62,0,0,0,0,0,0,0,0,0,0,0,2
Myles Cherry,Lafayette,2017-18,20.0,13,22,1,3,7,11,12,4,0,16,35,23,20.0,10,21,0,1,7,8,4,3,2,10,25,5
Myles Douglas,UCF,2017-18,20.0,10,40,3,19,6,14,3,0,1,4,19,15,20.0,5,16,1,5,6,12,2,1,0,0,5,10
Myles Franklin,Northeastern,2017-18,19.98,1,3,0,1,2,2,0,1,0,0,1,0,14.75,0,0,0,0,1,2,1,0,0,0,3,1
Myles Hanson,Columbia,2017-18,20.0,13,34,9,26,0,0,5,2,3,2,19,4,17.97,8,29,3,17,5,5,3,3,1,6,16,4
Myles Hutchinson,McNeese,2017-18,0.0,0,0,0,0,0,0,0,0,0,0,0,0,20.0,2,5,1,2,0,0,0,0,0,2,0,1
Myles Lewis,VMI,2017-18,0.0,15,37,1,5,6,7,1,1,2,4,16,6,14.72,7,18,1,2,9,12,2,0,4,8,10,6
Myles Markland,Lincoln PA,2017-18,20.0,1,2,1,2,0,0,0,0,0,0,1,0,19.8,0,1,0,0,0,0,0,0,0,0,0,0
Myles Mills,John Jay College of Criminal Justice,2017-18,0.0,0,0,0,0,0,0,0,0,0,0,0,0,14.93,0,1,0,1,0,0,0,1,0,0,0,0
Myles Powell,Seton Hall,2017-18,20.0,83,203,39,117,38,45,49,20,7,10,47,36,14.97,86,188,55,129,50,62,41,13,1,7,24,31
Myles Smith,Texas A&M-CC,2017-18,20.0,30,78,6,29,15,17,26,8,1,7,31,24,20.0,30,59,12,22,27,35,22,10,0,7,21,22
Myles Stephens,Princeton,2017-18,20.0,59,129,13,43,12,22,21,11,12,20,72,30,20.0,86,150,20,42,35,48,11,2,9,14,57,27
Myles Thornton,Incarnate Word,2017-18,0.0,0,0,0,0,0,0,0,0,0,0,1,1,20.0,0,0,0,0,1,1,0,0,0,0,0,0
Myles White,Brewton-Parker,2017-18,20.0,3,4,2,3,0,0,1,0,0,0,0,2,14.92,0,2,0,2,0,0,0,1,0,0,0,1
Myo Baxter-Bell,Liberty,2017-18,20.0,43,87,0,1,17,19,20,15,4,15,24,21,14.9,26,62,0,4,27,34,13,8,2,10,17,19
Myron Prescott,Summit,2017-18,20.0,0,1,0,0,0,0,0,0,1,1,2,1,14.9,1,3,1,2,0,0,0,1,0,0,1,0
NC State,,2017-18,0.0,0,0,0,0,0,0,0,0,0,22,27,1,0.0,0,0,0,0,0,0,0,0,0,39,18,6
NC Wesleyan,,2017-18,0.0,0,0,0,0,0,0,0,0,0,3,4,1,0.0,0,0,0,0,0,0,0,0,0,2,2,1
NJIT,,2017-18,0.0,0,0,0,0,0,0,0,0,0,14,14,4,0.0,0,0,0,0,0,0,0,0,0,16,14,4
Naaman Hightower,Sonoma State,2017-18,20.0,0,2,0,0,0,0,0,0,1,3,2,1,14.9,1,1,0,0,1,1,0,0,0,1,1,0
Nacho Nwana,MIT,2017-18,20.0,1,3,1,1,2,3,0,1,0,1,3,0,20.0,0,1,0,1,3,4,1,2,0,0,3,1
Nadi Beciri,Fairleigh Dickinson,2017-18,0.0,8,18,1,3,3,7,4,5,4,9,9,5,16.62,7,19,0,3,5,7,2,1,4,8,15,6
Naequon Newman,Hiwassee College,2017-18,20.0,0,7,0,3,0,0,8,2,0,0,8,6,18.62,3,6,0,2,1,2,2,0,0,0,2,4
Nahziah Carter,Washington,2017-18,20.0,28,63,8,23,9,18,11,13,4,14,22,20,20.0,23,43,6,14,21,31,4,10,4,0,14,8
Nai Carlisle,San José St,2017-18,20.0,9,26,1,7,6,9,12,3,0,1,6,10,17.7,13,26,4,5,9,13,19,4,0,6,16,10
Najee Fitzgerald,Maryland-Eastern Shore,2017-18,20.0,0,0,0,0,2,3,1,1,0,0,2,1,14.9,0,0,0,0,0,0,1,0,0,0,2,0
Najee Garvin,Charlotte,2017-18,20.0,34,82,0,3,25,36,10,6,0,10,62,28,14.78,42,79,0,1,21,37,10,8,6,14,47,16
Naji Marshall,Xavier,2017-18,20.0,46,86,9,24,17,20,31,13,3,20,58,30,14.7,39,79,5,18,41,58,20,10,7,19,45,24
Naji Ozeir,,2017-18,0.0,0,0,0,0,0,0,0,0,0,0,0,0,0.0,0,0,0,0,0,0,0,0,0,0,1,0
Najja Hunter,Rice,2017-18,20.0,32,79,9,24,15,23,14,6,4,11,15,20,20.0,31,61,4,12,17,28,16,9,4,18,32,26
Nakia Hendricks,Haskell,2017-18,20.0,1,4,0,2,0,0,0,0,1,0,2,2,14.9,1,7,0,0,0,0,0,0,2,2,5,1
Namdi Okonkwo,Pacific,2017-18,20.0,29,50,0,0,4,11,6,3,41,24,46,8,20.0,32,40,0,0,20,27,3,1,32,21,40,11
Namon Wright,Colorado,2017-18,20.0,46,107,14,44,23,30,11,7,5,6,32,22,17.9,39,94,11,30,23,31,15,4,2,8,38,18
Nana Foulland,Bucknell,2017-18,20.0,104,177,0,1,42,71,23,8,26,42,69,37,14.88,87,149,0,0,57,104,20,9,32,29,80,22
Naradain James,UIC,2017-18,20.0,1,3,0,2,0,0,0,0,1,2,1,1,14.78,0,3,0,1,1,2,0,0,0,0,0,0
Nari Garrett,Trinity (IL),2017-18,20.0,4,6,0,0,0,0,0,1,0,1,1,2,14.87,0,3,0,0,0,0,0,0,0,2,0,5
Nash Carter,Piedmont International,2017-18,20.0,0,3,0,2,0,0,1,0,0,0,1,0,14.88,1,4,0,1,2,2,1,0,0,0,2,1
Nasir Cole,Florida A&M,2017-18,20.0,0,1,0,1,0,0,1,0,0,0,0,0,17.0,1,5,1,1,0,0,0,0,0,0,0,0
Nasir Core,Florida A&M,2017-18,20.0,11,37,4,18,11,17,18,10,1,6,13,21,14.73,12,40,3,12,14,24,10,3,2,10,19,12
Nat Dixon,Chattanooga,2017-18,20.0,60,144,31,78,14,21,24,10,3,17,41,32,20.0,66,139,29,71,57,72,29,17,3,17,54,24
Nate Burger,Ohio Northern,2017-18,20.0,5,13,4,10,0,0,3,1,0,0,6,3,20.0,3,8,1,4,2,4,4,1,0,0,3,1
Nate Darling,UAB,2017-18,20.0,63,124,33,77,22,26,47,6,5,7,55,31,14.97,43,97,21,59,19,24,37,6,5,7,23,29
Nate Ellenwood,Bob Jones University,2017-18,20.0,6,17,3,10,0,0,3,0,0,2,4,5,14.95,5,9,1,2,2,2,0,0,0,1,3,1
Nate Fowler,Butler,2017-18,20.0,41,73,2,12,9,10,9,6,7,26,33,11,17.72,40,59,4,8,7,9,8,10,10,15,24,11
Nate Garvey,Howard,2017-18,0.0,10,27,8,21,2,4,3,1,1,0,4,5,20.0,6,24,4,16,3,4,6,3,1,2,3,2
Nate Georgeton,Northwood,2017-18,20.0,1,2,1,2,0,0,0,0,0,0,2,1,14.67,0,2,0,1,0,0,1,1,0,0,0,0
Nate Grimes,Fresno State,2017-18,20.0,28,41,0,0,5,16,1,5,11,35,37,10,14.8,19,30,0,0,9,17,2,2,15,16,47,4
Nate Hickman,Columbia,2017-18,20.0,40,107,16,53,31,39,17,11,3,5,48,23,17.97,31,80,14,43,20,26,16,5,2,1,20,19
Nate Hurt,Trinity (IL),2017-18,20.0,1,2,1,2,0,0,1,0,0,0,0,2,14.87,0,0,0,0,0,0,0,0,0,0,0,1
Nate Johnson,Gardner-Webb,2017-18,20.0,3,12,1,9,0,1,4,2,0,0,2,8,14.77,8,24,3,17,1,3,9,2,2,3,7,5
Nate Jones,Bucknell,2017-18,20.0,13,36,10,32,4,8,13,5,0,7,14,3,14.88,8,26,5,20,5,7,5,3,0,2,14,3
Nate Kaniut,Goucher,2017-18,20.0,0,4,0,1,0,0,0,1,0,0,0,1,14.92,0,1,0,1,0,0,0,0,0,0,1,1
Nate Kennell,Bradley,2017-18,20.0,41,116,28,77,8,11,29,10,4,4,34,22,17.68,44,110,29,77,26,34,26,10,1,5,38,23
Nate Mason,Minnesota,2017-18,20.0,95,229,48,113,44,57,66,24,1,5,55,21,17.93,67,178,29,76,65,84,48,7,1,11,36,20
Nate Nahimy,,2017-18,13.0,9,39,3,22,2,3,8,4,0,0,10,5,0.0,6,19,2,8,3,5,10,6,0,1,4,6
Nate Navigato,Toledo,2017-18,20.0,64,136,46,100,7,13,28,7,8,16,52,9,18.67,58,138,40,103,43,50,25,7,9,10,57,12
Nate Pierre-Louis,Temple,2017-18,20.0,30,77,11,31,9,15,9,14,5,9,33,8,16.75,37,68,6,21,18,34,5,9,3,13,16,11
Nate Pollard,Chaminade,2017-18,20.0,0,1,0,1,0,0,0,0,0,0,0,0,14.62,0,0,0,0,0,0,0,0,0,0,0,0
Nate Renfro,San Francisco,2017-18,20.0,39,86,6,32,13,26,27,15,16,27,67,22,17.72,47,86,11,36,16,42,28,9,22,26,70,22
Nate Reuvers,Wisconsin,2017-18,20.0,22,73,6,25,8,11,10,2,12,13,19,12,17.43,33,72,4,20,11,12,9,4,14,6,14,14
Nate Rigmaiden,Harris Stowe,2017-18,20.0,1,4,0,2,0,0,0,0,0,0,3,2,14.67,0,4,0,1,0,0,1,1,0,0,0,0
Nate Rohrer,Vermont,2017-18,20.0,7,18,0,5,8,8,7,5,4,5,11,3,20.0,7,11,0,0,6,11,4,2,2,8,9,3
Nate Sestina,Bucknell,2017-18,20.0,40,80,5,23,16,22,18,5,9,18,45,25,14.88,46,72,8,16,12,15,12,6,10,17,46,8
Nate Sherwood,Idaho,2017-18,20.0,40,84,3,10,21,26,27,8,2,23,39,25,17.93,59,99,8,15,31,36,23,6,7,19,34,13
Nate Urell,St. Mary's (MN),2017-18,20.0,0,2,0,2,0,0,1,1,0,0,1,1,14.75,0,1,0,1,0,0,0,0,0,0,0,0
Nate Vieira,Puget Sound,2017-18,20.0,3,10,2,7,0,0,0,0,0,2,0,1,14.78,0,2,0,1,0,0,2,0,0,0,0,1
Nate Watson,Providence,2017-18,20.0,53,93,0,0,23,34,1,5,17,16,25,15,14.77,34,53,0,0,25,34,2,2,7,9,14,12
Nate West,Le Tourneau,2017-18,20.0,8,17,2,7,6,8,1,1,1,0,4,2,17.97,7,11,4,6,3,7,3,0,0,0,4,2
Nate Woeste,Wartburg,2017-18,20.0,1,4,1,3,0,0,1,1,1,0,5,3,17.48,1,3,0,1,0,0,0,0,1,1,2,0
Nathan Bain,Stephen F. Austin,2017-18,20.0,6,16,0,2,4,8,4,7,4,3,4,8,20.0,4,6,0,2,12,14,1,4,2,2,6,3
Nathan Bradley,Northwestern Ohio,2017-18,20.0,2,6,2,4,1,2,0,1,0,0,1,0,20.0,3,4,0,1,0,0,0,0,0,1,2,1
Nathan Cayo,Richmond,2017-18,20.0,11,30,0,8,6,11,5,6,6,7,23,12,14.62,12,24,0,1,7,12,4,3,5,9,10,5
Nathan Hastings,Milligan,2017-18,0.0,0,0,0,0,0,0,0,0,0,0,0,0,14.67,1,3,0,1,2,2,0,0,0,0,0,0
Nathan Hawkins,UT Arlington,2017-18,20.0,23,62,10,34,2,2,27,15,0,3,30,17,16.15,29,69,10,29,12,21,14,11,1,7,16,9
Nathan Hoglund,,2017-18,0.0,0,0,0,0,0,0,0,0,0,0,0,0,0.0,0,0,0,0,0,0,0,0,0,0,1,1
Nathan Hoover,Wofford,2017-18,20.0,54,125,30,75,11,14,23,10,1,9,27,21,16.48,57,132,31,71,29,35,18,9,1,6,29,11
Nathan Josephs,Texas Lutheran,2017-18,20.0,0,3,0,1,0,0,1,1,0,0,2,1,14.75,0,1,0,1,0,0,0,0,0,0,0,0
Nathan Knight,William & Mary,2017-18,20.0,107,183,5,20,64,81,32,10,36,28,70,40,14.88,86,154,5,12,78,101,34,7,24,28,85,37
Nathan Laing,UCF,2017-18,20.0,0,1,0,1,0,0,0,0,0,0,2,3,17.75,0,0,0,0,0,0,0,0,0,0,0,0
Nathan Lessing,Northwestern Ohio,2017-18,0.0,0,0,0,0,0,0,0,0,0,0,0,0,20.0,0,3,0,2,0,0,1,0,0,0,1,0
Nathan Nicholls,Northland College,2017-18,20.0,1,7,0,2,0,0,1,0,0,1,3,0,14.97,0,2,0,1,1,2,1,0,0,0,1,2
Nathan Payne,Charleston Southern,2017-18,0.0,0,0,0,0,0,0,0,0,0,0,0,0,14.93,1,2,0,0,0,1,0,0,1,0,0,0
Nathan Priddy,Elon,2017-18,0.0,0,0,0,0,0,0,0,0,0,0,0,0,14.75,2,5,1,2,0,0,0,0,0,0,0,4
Nathan Scott,Wilmington (OH),2017-18,20.0,4,6,3,5,0,0,0,0,1,0,1,1,14.75,1,4,0,3,0,0,0,1,0,0,0,1
Nathan Sheffield,,2017-18,0.0,0,0,0,0,0,0,0,0,0,1,1,1,0.0,0,0,0,0,0,0,0,0,0,0,0,0
Nathan Sherfey,Willamette,2017-18,20.0,1,2,1,2,0,0,0,0,0,0,0,0,14.92,1,3,1,2,0,0,1,0,0,0,0,0
Nathan Thompson,Panhandle State,2017-18,20.0,0,0,0,0,0,0,1,1,0,1,1,0,14.92,0,1,0,0,0,0,1,0,0,0,2,0
Nathan Thormaehlen,St. Thomas (TX),2017-18,20.0,0,3,0,1,0,0,1,1,0,0,4,0,20.0,0,2,0,2,0,0,1,0,0,1,1,1
Nathan Townsen Jr,Chicago State,2017-18,20.0,0,0,0,0,0,0,3,0,0,0,0,0,14.95,0,0,0,0,0,0,4,0,0,0,0,0
Nathan Townsen Jr.,Chicago State,2017-18,20.0,0,5,0,1,2,2,0,1,0,0,1,2,14.95,1,4,0,0,0,0,0,3,0,1,1,5
Nathaniel Francis,Texas College,2017-18,20.0,1,7,0,3,2,3,2,0,0,0,3,1,17.62,3,6,0,2,0,0,1,1,0,0,2,1
Navy,,2017-18,0.0,0,0,0,0,0,0,0,0,0,26,21,13,0.0,0,0,0,0,0,0,0,0,0,22,22,7
Naz Bohannon,Youngstown St,2017-18,20.0,31,78,1,11,7,16,19,10,2,39,66,19,14.98,36,85,3,10,17,28,12,6,1,40,45,19
Nazeer Bostick,Penn State,2017-18,20.0,23,61,3,16,10,16,11,8,4,18,22,18,20.0,21,51,3,9,23,29,8,7,2,9,18,18
Ndene Gueye,,2017-18,15.5,0,3,0,0,0,2,0,2,0,2,1,2,0.0,0,0,0,0,0,0,0,0,0,0,0,0
Neal Mulligan,Lyndon State College,2017-18,20.0,0,1,0,1,0,0,0,0,0,0,0,0,14.82,0,0,0,0,0,0,0,0,0,0,0,1
Nebraska,,2017-18,0.0,0,0,0,0,0,0,0,0,0,21,19,1,0.0,0,0,0,0,0,0,0,0,0,13,19,8
Nedeljko Prijovic,Texas State,2017-18,20.0,23,54,5,15,7,9,12,3,8,13,38,11,20.0,21,47,3,16,8,14,10,1,1,14,28,9
Negasi Hart,Linfield College,2017-18,20.0,2,2,0,0,0,0,0,0,0,0,1,1,14.95,0,1,0,0,0,0,0,0,0,0,1,0
Nehemiah Mack,Manhattan,2017-18,0.0,11,25,5,13,2,3,20,10,0,4,10,10,20.0,7,20,4,15,5,8,16,11,0,4,6,9
Nehemiah McGriff,Limestone,2017-18,20.0,0,0,0,0,1,3,0,0,0,2,0,0,14.92,0,0,0,0,1,2,0,0,0,0,1,0
Neil Hawkins,Centenary,2017-18,0.0,0,0,0,0,0,0,0,0,0,0,0,0,14.88,2,2,0,0,1,1,0,0,0,0,0,0
Nelly Cummings,Bowling Green,2017-18,20.0,14,49,5,20,9,12,18,8,1,4,16,17,20.0,23,51,5,19,7,14,11,9,1,2,11,1
Nelson Kaputo,St. Bonaventure,2017-18,20.0,17,44,10,30,7,8,20,11,0,2,8,7,14.9,11,20,5,12,4,4,5,5,0,1,4,4
Nemanja Brankov,Ave Maria,2017-18,20.0,4,14,1,4,0,0,3,0,2,0,7,0,14.82,3,7,1,1,0,2,2,0,0,2,4,2
Nevada,,2017-18,0.0,0,0,0,0,0,0,0,0,0,22,29,1,0.0,0,0,0,0,0,0,0,0,0,12,32,3
Nevell Provo,Loyola (MD),2017-18,20.0,3,12,3,10,0,0,0,2,0,1,4,1,19.8,1,6,1,5,0,0,3,1,0,0,3,2
New Hampshire,,2017-18,0.0,0,0,0,0,0,0,0,0,0,19,28,0,0.0,0,0,0,0,0,0,0,0,0,21,16,0
New Mexico,,2017-18,0.0,0,0,0,0,0,0,0,0,0,32,22,4,0.0,0,0,0,0,0,0,0,0,0,30,20,5
New Mexico Highlands,,2017-18,0.0,0,0,0,0,0,0,0,0,0,2,1,0,0.0,0,0,0,0,0,0,0,0,0,0,1,0
New Mexico State,,2017-18,0.0,0,0,0,0,0,0,0,0,0,12,19,5,0.0,0,0,0,0,0,0,0,0,0,14,18,2
New Orleans,,2017-18,0.0,0,0,0,0,0,0,0,0,0,35,25,10,0.0,0,0,0,0,0,0,0,0,0,27,21,11
New Williams,,2017-18,0.0,0,0,0,0,0,0,0,1,0,0,0,2,0.0,0,0,0,0,0,0,0,0,0,0,0,0
Niagara,,2017-18,0.0,0,0,0,0,0,0,0,0,0,27,21,3,0.0,0,0,0,0,0,0,0,0,0,17,23,3
Nic Thomas,Norfolk State,2017-18,20.0,22,85,15,47,13,21,24,6,0,11,29,20,14.88,28,86,12,40,50,58,12,2,0,10,21,21
Nichel Tampa,,2017-18,9.95,0,1,0,0,0,0,0,1,0,0,0,1,0.0,0,0,0,0,0,0,0,0,0,0,0,1
Nicho Burgard,Northern New Mexico,2017-18,20.0,1,7,1,3,2,4,0,2,0,2,3,1,14.98,0,1,0,1,0,0,0,0,0,0,0,0
Nicholas,,2017-18,0.0,0,0,0,0,0,0,0,0,11,0,0,0,0.0,0,0,0,0,0,0,0,0,18,0,0,0
Nicholas Anderson,Chaminade,2017-18,20.0,2,7,0,3,0,0,1,2,1,1,1,1,14.62,0,4,0,2,3,3,3,0,0,0,0,1
Nicholas Baer,Iowa,2017-18,20.0,18,54,9,32,1,3,18,12,11,25,40,18,14.9,34,75,13,40,9,14,28,11,11,24,42,11
Nicholas Blocker,Webber International,2017-18,0.0,2,6,0,1,0,0,0,1,0,2,0,2,20.0,3,10,0,2,0,0,2,1,0,1,2,3
Nicholas George,Wash & Lee,2017-18,20.0,2,6,2,5,0,0,0,0,0,0,0,0,14.88,2,3,1,2,2,2,2,0,0,0,1,1
Nicholas Kratholm,Duquesne,2017-18,20.0,1,3,0,2,1,2,0,0,0,0,3,0,20.0,2,5,2,3,0,2,1,0,0,3,1,3
Nicholls,,2017-18,0.0,0,0,0,0,0,0,0,0,0,32,30,3,0.0,0,0,0,0,0,0,0,0,0,23,27,2
Nick Allen,,2017-18,0.0,57,111,20,38,12,14,19,9,9,31,55,22,1.63,53,102,11,34,28,42,11,6,5,27,56,32
Nick Anyang,Trevecca Nazarene,2017-18,20.0,1,1,0,0,1,2,0,0,0,0,2,1,14.55,1,1,0,0,0,0,0,0,0,0,0,0
Nick Battle,Rowan University,2017-18,0.0,0,0,0,0,0,0,0,0,0,0,0,0,14.95,0,1,0,1,0,0,1,0,0,0,0,0
Nick Brown,Eastern New Mexico,2017-18,20.0,0,3,0,1,0,0,0,1,0,0,0,0,15.32,0,1,0,1,0,0,1,0,0,0,0,0
Nick Burks,Louisiana College,2017-18,20.0,0,2,0,0,2,2,0,0,0,0,2,0,14.87,1,2,1,1,0,0,0,0,0,0,1,1
Nick Byrd,Johnson University (FL),2017-18,20.0,2,5,1,2,1,3,3,2,1,1,0,0,14.83,1,2,0,0,0,1,0,0,0,0,2,1
Nick Corbett,Molloy,2017-18,20.0,7,14,1,6,0,1,3,0,0,0,2,2,14.62,5,9,1,4,2,2,2,0,0,0,1,2
Nick Crankshaw,San Diego Christian,2017-18,20.0,4,12,4,9,0,0,8,1,0,0,9,7,14.82,4,6,2,3,1,2,6,3,2,1,5,4
Nick Daniels,Oakland,2017-18,20.0,37,111,27,82,16,23,51,16,1,4,45,36,17.45,40,100,29,67,36,48,71,17,1,7,30,32
Nick Davis,South Alabama,2017-18,20.0,30,65,9,27,7,14,13,12,17,16,70,23,15.78,29,63,7,28,6,15,15,7,10,16,49,19
Nick DePersia,Rowan University,2017-18,20.0,0,5,0,1,0,0,0,1,0,0,1,0,14.95,0,2,0,1,0,1,1,0,0,0,0,2
Nick Dixon,UT Rio Grande Valley,2017-18,20.0,75,193,20,62,70,90,40,26,4,19,48,34,20.0,95,182,29,67,114,142,30,14,2,27,32,38
Nick Fitts,Montana Tech,2017-18,20.0,1,2,1,1,0,0,0,0,0,0,0,2,14.7,0,1,0,1,0,0,0,0,0,0,1,1
Nick Fullard,Virginia Tech,2017-18,0.0,0,0,0,0,0,0,0,0,0,0,0,1,14.73,0,0,0,0,0,2,0,0,0,0,0,0
Nick Fuller,South Dakota,2017-18,20.0,50,106,5,28,30,39,7,6,6,21,52,9,14.92,48,73,3,9,30,38,8,6,5,17,35,18
Nick Garcia,Silver Lake College,2017-18,0.0,0,0,0,0,0,0,0,0,0,0,0,0,14.95,0,2,0,0,0,0,0,0,0,0,1,0
Nick Garth,Lamar,2017-18,20.0,68,155,39,100,26,30,23,9,0,6,31,20,20.0,68,160,36,87,46,56,26,10,0,8,23,16
Nick George,Curry College,2017-18,20.0,0,1,0,1,0,0,0,0,0,0,1,1,14.97,0,1,0,1,0,0,1,0,0,0,0,0
Nick Geremia,Wheaton (MA),2017-18,19.98,0,2,0,0,4,6,0,1,0,1,0,0,14.97,0,1,0,0,0,0,0,0,0,0,0,0
Nick Greely,Campbell,2017-18,0.0,0,0,0,0,0,0,0,0,0,0,0,0,14.98,0,1,0,0,0,0,0,0,0,0,0,0
Nick Griffin,Saint Peter's,2017-18,20.0,35,99,17,54,5,12,15,5,2,2,31,16,17.98,49,127,25,70,21,24,8,3,3,1,25,15
Nick Hamilton,California,2017-18,0.0,13,30,2,5,7,11,16,7,1,14,24,22,20.0,5,22,1,6,8,9,5,8,0,8,10,9
Nick Harris,Charleston,2017-18,18.72,46,90,0,0,12,24,4,5,17,34,75,17,20.0,28,45,0,0,25,36,10,6,21,27,71,16
Nick Havener,Boston University,2017-18,20.0,36,61,1,1,10,15,12,4,10,16,32,23,20.0,34,58,0,2,12,21,9,11,10,18,18,10
Nick Hayes,Toccoa Falls,2017-18,20.0,4,16,0,2,1,2,1,0,1,1,4,6,14.87,7,15,0,4,2,2,3,3,0,0,4,7
Nick Helton,Ferrum,2017-18,20.0,0,3,0,3,0,0,1,0,0,0,0,1,14.75,1,1,1,1,0,0,1,0,0,0,0,1
Nick Hopkins,Belmont,2017-18,20.0,31,78,26,68,4,6,15,10,1,5,22,10,20.0,36,82,28,69,5,7,9,7,0,6,18,5
Nick Hough,Appalachian State,2017-18,0.0,0,0,0,0,0,0,0,0,0,1,1,0,14.87,1,3,1,2,0,0,1,1,0,0,0,2
Nick Howard,Doane,2017-18,20.0,1,3,1,2,0,0,0,0,0,0,1,1,14.9,2,4,0,0,0,0,1,0,0,0,2,0
Nick King,Middle Tennessee,2017-18,20.0,112,223,20,48,45,65,22,10,2,25,98,32,14.55,113,231,17,48,73,91,32,8,4,39,73,48
Nick Kornieck,Doane,2017-18,20.0,2,9,1,7,1,2,1,0,1,1,2,2,14.9,1,2,0,1,0,0,1,0,0,0,1,1
Nick Loew,San Francisco,2017-18,0.0,3,5,0,0,1,2,2,1,0,3,1,0,17.72,0,2,0,0,2,2,1,0,0,2,5,1
Nick Macarchuk,American,2017-18,20.0,1,4,0,0,0,2,5,4,1,6,3,5,14.9,6,6,1,1,0,0,2,3,1,3,6,4
Nick Madray,Wagner,2017-18,20.0,5,15,1,3,1,2,0,0,5,3,8,7,20.0,2,9,0,0,7,8,2,1,0,3,8,3
Nick Masterson,Kennesaw State,2017-18,20.0,74,146,36,70,30,32,39,6,1,10,26,20,17.72,79,126,34,54,31,36,43,16,3,10,29,18
Nick Mayo,Eastern Kentucky,2017-18,20.0,87,176,19,42,39,47,29,16,22,24,71,55,20.0,94,180,10,25,59,72,29,8,18,18,76,36
Nick McGlynn,Drake,2017-18,20.0,82,154,5,10,21,29,17,7,24,33,61,18,20.0,66,131,3,14,39,53,19,6,29,32,58,17
Nick Metz,Bethany WV,2017-18,20.0,0,0,0,0,0,0,2,0,0,2,0,1,14.92,2,3,0,0,1,2,0,0,0,3,3,0
Nick Norton,UAB,2017-18,20.0,41,104,26,76,9,11,88,25,0,3,54,37,14.97,40,101,24,66,21,26,63,14,1,6,31,17
Nick Orange,Texas Lutheran,2017-18,0.0,0,0,0,0,0,0,0,0,0,0,0,0,14.75,2,3,0,1,0,0,0,0,0,1,0,0
Nick Palmer,Jarvis Christian,2017-18,20.0,0,1,0,0,2,2,0,0,0,0,4,0,14.9,1,4,0,0,0,0,0,1,0,0,2,0
Nick Parker,Campbell,2017-18,20.0,6,10,3,7,0,0,0,2,1,2,4,4,14.98,2,7,1,4,2,2,0,1,0,0,4,1
Nick Perkins,Buffalo,2017-18,20.0,93,216,13,51,50,64,11,3,6,46,53,39,20.0,100,198,20,54,63,92,16,7,16,26,77,27
Nick Potthoff,Whittier,2017-18,20.0,0,4,0,4,0,0,0,0,0,0,0,1,14.93,3,6,2,5,0,0,0,0,0,1,0,1
Nick Powell,UNC Wilmington,2017-18,0.0,2,11,1,7,0,0,2,1,0,3,4,3,14.68,3,12,2,7,0,0,2,1,0,4,3,1
Nick Rakocevic,USC,2017-18,0.0,61,97,0,0,19,31,7,12,11,42,60,11,14.88,42,66,0,0,17,31,6,12,5,40,42,14
Nick Randle,Siena Heights,2017-18,20.0,2,8,1,4,0,0,5,2,0,0,2,11,14.92,1,6,1,2,0,0,1,2,0,0,0,2
Nick Richards,Kentucky,2017-18,20.0,27,54,0,0,18,25,7,1,19,27,55,15,20.0,22,34,0,0,21,32,1,1,8,21,39,8
Nick Robinson,Saint Joseph's,2017-18,20.0,34,78,7,22,21,27,31,14,6,16,54,23,18.67,36,76,6,20,32,40,36,10,2,12,53,15
Nick Rogers,IUPUI,2017-18,20.0,21,65,12,30,13,18,40,8,1,4,14,27,20.0,14,47,2,14,23,34,38,3,0,5,16,27
Nick Ryan,Piedmont,2017-18,20.0,1,3,0,0,0,0,0,0,0,0,1,0,17.92,0,1,0,0,0,1,0,1,0,1,2,0
Nick Santschi,Christendom,2017-18,20.0,0,2,0,1,0,0,2,0,0,0,1,3,14.93,0,1,0,0,0,0,0,0,0,0,0,3
Nick Schmelzer,Washington College (MD),2017-18,20.0,0,1,0,1,0,0,0,0,0,0,2,1,14.9,0,3,0,3,0,0,0,0,0,0,0,0
Nick Severado,Florida A&M,2017-18,20.0,12,37,0,1,2,4,6,8,3,8,30,15,14.73,12,28,0,0,13,16,4,3,6,13,17,4
Nick Sherod,Richmond,2017-18,20.0,69,148,29,69,12,15,25,15,1,11,60,18,19.13,88,176,30,79,39,51,18,13,3,18,57,15
Nick Spitzley,Northwood,2017-18,20.0,2,6,0,2,0,0,0,0,0,1,1,0,14.67,1,3,0,2,0,0,0,0,0,0,0,0
Nick Staiti,Reinhardt,2017-18,20.0,0,0,0,0,0,0,1,0,0,0,0,0,14.92,0,0,0,0,0,0,0,0,0,0,0,1
Nick Stuck,Emory,2017-18,19.95,1,1,0,0,0,2,0,0,0,0,0,0,17.95,0,1,0,0,0,1,0,0,0,0,0,0
Nick Tupanjanin,,2017-18,0.0,0,0,0,0,0,0,0,0,0,0,0,1,0.0,0,0,0,0,0,0,0,0,0,0,0,0
Nick Ward,Michigan State,2017-18,20.0,81,141,1,1,55,79,10,6,25,47,83,33,14.63,72,98,0,0,42,78,7,5,21,39,60,24
Nick Weatherspoon,Mississippi State,2017-18,20.0,65,147,10,40,29,40,33,7,3,5,51,19,14.78,64,129,14,42,34,48,29,22,2,3,29,14
Nick Weiler-Babb,Iowa State,2017-18,20.0,31,74,8,28,20,29,63,17,2,2,69,26,17.85,45,91,10,28,29,37,78,10,6,11,58,24
Nick Welch,Northwood,2017-18,20.0,0,2,0,0,0,0,0,0,0,1,1,0,14.67,0,1,0,0,0,0,0,0,0,0,0,0
Nick Wiesmann,,2017-18,0.0,0,0,0,0,0,0,0,0,0,0,0,0,0.0,0,0,0,0,0,0,0,0,0,0,0,1
Nickeil Alexander-Walker,Virginia Tech,2017-18,20.0,68,136,31,70,19,24,26,21,7,13,57,29,15.68,46,124,21,69,18,28,20,7,9,9,40,21
Nickolas Turner,Boyce,2017-18,20.0,0,0,0,0,0,0,1,0,0,1,1,0,14.93,0,0,0,0,0,0,1,0,0,0,1,3
Nico Carvacho,Colorado State,2017-18,20.0,48,101,3,8,35,46,43,6,9,58,85,37,20.0,49,93,2,7,36,69,23,13,13,59,109,23
Nico Clareth,Siena,2017-18,18.48,36,87,17,37,19,22,13,5,2,4,20,19,20.0,25,72,11,36,24,27,11,5,3,2,17,18
Nico Troplent,Willamette,2017-18,20.0,1,4,0,2,2,2,1,1,0,1,1,3,14.92,2,3,1,1,0,0,0,1,0,1,2,1
Nicola Akele,Rhode Island,2017-18,20.0,13,25,2,4,2,3,2,4,1,5,12,3,20.0,10,23,0,3,1,1,3,1,4,15,12,2
Nicolas Castillon,Texas College,2017-18,20.0,0,1,0,0,0,0,1,0,0,0,3,1,17.62,1,3,1,2,2,2,0,1,0,0,1,2
Nicolas Claxton,Georgia,2017-18,20.0,18,53,3,13,12,19,2,3,21,21,35,9,14.6,20,33,4,7,21,38,4,2,17,31,31,12
Nicolas Ramos,Rockford University,2017-18,20.0,0,2,0,0,0,0,3,0,0,4,1,1,14.78,1,1,0,0,0,0,0,0,0,0,1,1
Niem Stevenson,Texas Tech,2017-18,20.0,47,119,18,44,26,37,32,8,3,13,43,21,15.78,41,104,13,34,30,44,28,9,2,13,36,15
Nigel Jackson,Wagner,2017-18,20.0,27,66,21,52,2,2,8,4,9,18,29,15,20.0,20,56,8,28,11,14,10,6,7,16,30,13
Nigel Johnson,Virginia,2017-18,20.0,25,71,11,27,11,19,21,15,1,1,23,7,18.35,28,65,5,18,5,7,25,6,0,1,20,16
Nigel Ribeiro,Grambling,2017-18,20.0,11,30,3,7,1,2,6,4,1,1,8,3,14.58,9,27,1,4,2,4,7,7,0,1,7,4
Nigel Shadd,Kansas State,2017-18,0.0,0,0,0,0,0,0,0,0,0,0,1,0,14.72,1,1,0,0,2,2,0,0,0,1,0,2
Nijal Pearson,Texas State,2017-18,20.0,83,192,26,65,29,39,37,19,5,34,49,37,20.0,72,205,28,98,60,90,37,24,8,28,68,39
Nik Popovic,Boston College,2017-18,20.0,64,131,3,13,21,32,22,9,15,35,50,32,17.85,56,110,1,9,39,54,18,5,9,42,56,31
Nikau McCullough,St. Mary's (TX),2017-18,0.0,0,0,0,0,0,0,0,0,0,0,0,0,17.57,2,4,2,4,0,0,0,0,0,0,0,2
Nike Sibande,Miami (OH),2017-18,20.0,75,175,37,96,18,27,24,19,3,12,55,40,20.0,77,184,32,95,50,68,12,16,1,8,42,23
Nikita Orap,Webber International,2017-18,20.0,0,9,0,4,0,0,0,1,0,3,2,3,20.0,1,7,1,6,2,3,0,0,0,0,1,1
Nikita Orap made Three Point Jumper. Assisted by Nicholas,,2017-18,0.0,0,0,0,0,0,0,0,0,0,0,0,0,0.0,0,0,0,0,0,0,0,0,1,0,0,0
Nikk Butler,,2017-18,0.0,0,0,0,0,0,0,0,0,0,0,2,3,0.0,0,0,0,0,0,0,0,0,0,0,0,3
Niko Bevens,Montana,2017-18,20.0,1,3,1,2,0,0,1,1,0,0,0,1,20.0,0,1,0,1,0,0,0,0,0,1,0,0
Nikola Djogo,Notre Dame,2017-18,20.0,7,43,3,26,4,10,8,2,3,10,18,8,14.8,8,29,4,16,2,3,6,5,4,5,20,3
Nikola Scekic,South Florida,2017-18,20.0,17,47,1,3,3,9,2,0,8,14,27,14,20.0,12,33,2,3,3,6,2,0,9,14,25,7
Nikola Vujovic,Georgian Court,2017-18,20.0,1,3,0,0,3,4,0,0,0,2,2,0,19.75,1,3,0,0,5,6,1,0,0,5,2,3
Nile Felton,,2017-18,0.0,0,0,0,0,0,0,0,0,0,1,0,0,0.0,0,0,0,0,0,0,0,0,0,0,0,0
Niquan Cousins,Bluefield College,2017-18,20.0,1,1,0,0,0,0,0,0,0,1,0,0,17.85,1,4,0,0,0,0,0,0,0,1,1,1
Njee Armstrong,Arlington Baptist,2017-18,0.0,0,0,0,0,0,0,0,0,0,0,0,0,14.87,1,3,1,1,0,0,0,0,0,0,1,0
Nmamdi Okoro,New Mexico Highlands,2017-18,20.0,2,5,0,0,2,2,0,1,0,1,4,2,16.72,0,1,0,0,2,2,0,0,0,0,4,1
Nnamdi Enechionyia,Saint Peter's,2017-18,20.0,21,60,10,34,10,12,16,8,3,7,19,19,17.98,13,44,8,24,5,7,6,3,2,7,21,8
Nnamdi Van Dulm,North Dakota State,2017-18,20.0,2,4,0,1,1,2,0,0,0,0,4,0,14.93,0,1,0,0,0,0,2,0,0,0,2,0
Noah Banks,Ecclesia College,2017-18,20.0,2,5,0,3,0,0,2,1,0,1,12,3,14.87,1,7,0,3,3,5,0,0,0,1,9,3
Noah Baumann,San José St,2017-18,20.0,25,67,18,41,5,7,16,4,1,2,25,27,14.95,21,51,16,35,1,5,16,7,1,6,15,20
Noah Baylor,Central Pennsylvania College,2017-18,20.0,5,10,0,0,0,0,1,0,1,3,7,5,14.97,5,7,0,0,2,6,3,0,2,4,4,1
Noah Bramlage,Princeton,2017-18,20.0,0,0,0,0,0,0,1,0,0,0,2,0,14.95,1,1,0,0,1,2,1,0,0,1,0,1
Noah Chatman,Bethel (TN),2017-18,20.0,0,0,0,0,0,0,1,0,0,0,0,1,14.98,1,2,0,0,2,2,0,0,0,1,3,0
Noah Cummings,Fayetteville State,2017-18,20.0,0,2,0,0,0,0,0,0,0,1,1,1,18.6,0,1,0,0,0,0,0,0,0,0,1,0
Noah Cunningham,Brescia,2017-18,20.0,1,2,1,2,0,0,0,1,0,0,0,0,14.88,0,0,0,0,0,0,0,1,0,0,0,1
Noah Dickerson,Washington,2017-18,20.0,84,149,1,3,72,94,18,8,10,49,91,39,20.0,73,125,1,1,73,89,7,11,6,31,75,28
Noah Everly,Sonoma State,2017-18,20.0,1,3,1,2,0,0,0,0,0,0,0,0,14.9,1,5,0,2,0,0,0,0,0,0,1,0
Noah Fager,Tennessee Wesleyan,2017-18,0.0,0,0,0,0,0,0,0,0,0,0,0,0,14.68,1,5,1,1,0,0,0,0,0,0,2,1
Noah Frederking,Evansville,2017-18,20.0,32,77,12,32,12,13,14,3,2,5,22,15,16.88,22,67,10,30,20,26,22,9,1,7,17,13
Noah Goodrich,,2017-18,7.55,1,2,1,2,0,0,0,0,0,0,1,0,0.0,2,2,1,1,0,0,0,1,0,0,0,0
Noah Griffin,Loyola New Orleans,2017-18,0.0,0,0,0,0,0,0,0,0,0,0,0,0,14.9,0,1,0,1,0,0,0,0,0,0,0,0
Noah Horchler,North Florida,2017-18,20.0,72,138,11,33,17,30,24,7,27,34,105,24,14.63,68,121,8,26,33,49,16,11,23,34,86,18
Noah Jenkins,Limestone,2017-18,20.0,0,1,0,0,0,2,0,0,0,0,1,0,14.92,0,0,0,0,0,0,0,0,0,0,0,1
Noah McCarty,Northern Illinois,2017-18,20.0,23,56,4,18,10,18,7,8,2,17,34,12,17.85,20,49,3,13,13,20,8,7,5,17,23,12
Noah Morgan,Fairleigh Dickinson,2017-18,20.0,61,123,29,57,19,24,20,9,13,18,52,34,14.97,50,105,17,43,25,28,20,14,7,19,53,23
Noah Rawlings,Summit,2017-18,20.0,0,1,0,1,0,0,0,0,0,0,0,0,14.9,0,0,0,0,0,0,0,0,0,0,0,0
Noah Szilagyi,Gordon College,2017-18,20.0,1,1,0,0,0,1,1,0,0,1,1,0,17.7,0,4,0,2,0,0,0,0,0,0,0,0
Noah Thomas,IUPUI,2017-18,20.0,25,60,12,36,1,6,20,8,2,3,21,21,14.78,13,42,7,23,6,8,11,4,1,5,12,13
Noah Valasek,Concordia College (NE),2017-18,0.0,0,0,0,0,0,0,0,0,0,0,0,0,14.77,0,0,0,0,0,0,1,0,0,0,0,1
Noah Vasa,Peru State College,2017-18,20.0,1,3,1,2,0,0,1,0,0,0,0,1,14.88,0,0,0,0,0,0,0,0,0,1,0,0
Noah Wright,Centenary NJ,2017-18,20.0,0,1,0,0,0,0,0,0,0,0,2,0,14.95,0,0,0,0,0,0,0,0,0,0,0,0
Noah Yates,Yale,2017-18,20.0,27,60,21,50,7,9,15,9,5,9,30,20,14.9,22,50,11,34,14,17,17,9,1,12,32,8
Noah Young,Alice Lloyd College,2017-18,20.0,0,1,0,1,0,0,2,0,0,0,0,1,14.98,2,2,0,0,0,0,0,0,0,0,0,1
Noe Anabir,Youngstown St,2017-18,20.0,10,15,0,0,5,11,6,2,3,9,9,4,14.98,9,15,0,0,4,4,4,3,0,7,12,8
Noel Briones,Pacific Union,2017-18,20.0,1,4,0,1,0,0,0,1,0,0,4,2,14.93,0,3,0,0,0,0,1,0,0,1,1,0
Nojel Eastern,Purdue,2017-18,20.0,15,35,1,2,5,18,16,7,2,20,23,15,14.87,20,39,1,5,12,21,14,9,3,11,24,20
Nolan Cass,Peru State College,2017-18,20.0,2,3,2,3,0,0,0,0,0,0,0,1,14.88,0,3,0,2,0,0,0,0,0,0,0,0
Nolan Ebel,Augustana (IL),2017-18,19.97,1,5,0,2,0,0,1,1,0,0,1,3,14.83,3,3,0,0,0,0,1,1,0,0,1,2
Nolan Gerrity,UMBC,2017-18,0.0,21,47,0,0,5,19,8,1,9,19,43,12,20.0,23,42,0,0,2,6,12,6,6,21,18,9
Nolan Kelly,Molloy,2017-18,20.0,1,5,0,2,0,0,1,0,1,1,0,2,14.62,1,3,1,3,0,0,1,0,0,0,1,0
Nolan Narain,San Diego State,2017-18,20.0,20,31,3,7,8,11,4,0,2,8,13,5,14.82,14,19,0,1,6,8,2,4,1,10,6,7
Nolan Taylor,Pepperdine,2017-18,20.0,18,41,0,4,8,14,5,2,0,10,18,4,14.92,28,52,1,3,14,25,7,1,4,14,14,4
Nolan Wright,Wisconsin-La Crosse,2017-18,20.0,1,1,0,0,0,0,0,0,0,0,2,0,19.53,2,3,0,0,0,0,0,0,0,0,2,1
Norbertas Giga,Jacksonville State,2017-18,20.0,56,142,9,30,26,34,21,4,13,34,82,27,14.68,54,115,8,27,30,40,28,11,10,31,60,28
Norense Odiase,Texas Tech,2017-18,20.0,27,57,0,0,18,29,15,12,11,39,42,22,15.78,23,38,0,0,18,29,9,8,2,24,42,18
Norfolk State,,2017-18,0.0,0,0,0,0,0,0,0,0,0,25,26,2,0.0,0,0,0,0,0,0,0,0,0,28,16,7
North Carolina,,2017-18,0.0,0,0,0,0,0,0,0,0,0,30,35,2,0.0,0,0,0,0,0,0,0,0,0,27,16,1
North Carolina A&T,,2017-18,0.0,0,0,0,0,0,0,0,0,0,18,25,7,0.0,0,0,0,0,0,0,0,0,0,24,14,1
North Carolina Central,,2017-18,0.0,0,0,0,0,0,0,0,0,0,29,37,4,0.0,0,0,0,0,0,0,0,0,0,23,23,2
North Dakota,,2017-18,0.0,0,0,0,0,0,0,0,0,0,18,19,3,0.0,0,0,0,0,0,0,0,0,0,16,18,2
North Dakota State,,2017-18,0.0,0,0,0,0,0,0,0,0,0,15,26,5,0.0,0,0,0,0,0,0,0,0,0,16,6,3
North Florida,,2017-18,0.0,0,0,0,0,0,0,0,0,0,26,23,4,0.0,0,0,0,0,0,0,0,0,0,23,36,1
North Georgia,,2017-18,0.0,0,0,0,0,0,0,0,0,0,2,1,0,0.0,0,0,0,0,0,0,0,0,0,0,1,0
North Greenville,,2017-18,0.0,0,0,0,0,0,0,0,0,0,0,1,0,0.0,0,0,0,0,0,0,0,0,0,1,0,1
North Park,,2017-18,0.0,0,0,0,0,0,0,0,0,0,0,3,0,0.0,0,0,0,0,0,0,0,0,0,2,1,0
North Texas,,2017-18,0.0,0,0,0,0,0,0,0,0,0,26,28,15,0.0,0,0,0,0,0,0,0,0,0,30,18,8
Northeastern,,2017-18,0.0,0,0,0,0,0,0,0,0,0,19,19,6,0.0,0,0,0,0,0,0,0,0,0,11,12,9
Northern Arizona,,2017-18,0.0,0,0,0,0,0,0,0,0,0,28,24,9,0.0,0,0,0,0,0,0,0,0,0,17,13,6
Northern Colorado,,2017-18,0.0,0,0,0,0,0,0,0,0,0,29,29,4,0.0,0,0,0,0,0,0,0,0,0,19,22,1
Northern Illinois,,2017-18,0.0,0,0,0,0,0,0,0,0,0,22,38,7,0.0,0,0,0,0,0,0,0,0,0,23,24,3
Northern Iowa,,2017-18,0.0,0,0,0,0,0,0,0,0,0,15,16,12,0.0,0,0,0,0,0,0,0,0,0,16,17,7
Northern Kentucky,,2017-18,0.0,0,0,0,0,0,0,0,0,0,24,17,4,0.0,0,0,0,0,0,0,0,0,0,9,18,9
Northern New Mexico,,2017-18,0.0,0,0,0,0,0,0,0,0,0,6,3,0,0.0,0,0,0,0,0,0,0,0,0,8,3,0
Northland,,2017-18,0.0,0,0,0,0,0,0,0,0,0,2,0,2,0.0,0,0,0,0,0,0,0,0,0,1,0,0
Northwest Nazarene,,2017-18,0.0,0,0,0,0,0,0,0,0,0,3,0,0,0.0,0,0,0,0,0,0,0,0,0,0,2,0
Northwestern,,2017-18,0.0,0,0,0,0,0,0,0,0,0,29,25,4,0.0,0,0,0,0,0,0,0,0,0,18,24,7
Northwestern Ohio,,2017-18,0.0,0,0,0,0,0,0,0,0,0,0,0,0,0.0,0,0,0,0,0,0,0,0,0,1,0,0
Northwestern State,,2017-18,0.0,0,0,0,0,0,0,0,0,0,19,26,6,0.0,0,0,0,0,0,0,0,0,0,21,19,4
Northwood University,,2017-18,0.0,0,0,0,0,0,0,0,0,0,1,0,1,0.0,0,0,0,0,0,0,0,0,0,0,0,0
Notre Dame,,2017-18,0.0,0,0,0,0,0,0,0,0,0,14,20,5,0.0,0,0,0,0,0,0,0,0,0,14,16,5
Notre Dame College,,2017-18,0.0,0,0,0,0,0,0,0,0,0,2,2,1,0.0,0,0,0,0,0,0,0,0,0,1,0,0
Nourse Fox,Navy,2017-18,20.0,6,18,1,11,3,4,16,6,0,1,9,6,20.0,2,5,0,0,2,2,12,6,0,2,7,13
Novak Topalovic,Idaho State,2017-18,20.0,58,119,0,2,25,40,20,3,15,20,69,41,17.0,63,114,0,0,29,55,13,4,13,28,63,36
Nuni Omot,Baylor,2017-18,20.0,46,99,26,62,21,28,32,12,5,15,41,28,14.92,49,98,23,49,34,38,19,5,4,14,45,17
Nura Zanna,Houston,2017-18,0.0,24,37,0,0,8,23,6,7,0,28,50,19,16.13,13,30,0,0,15,24,0,4,3,30,27,11
Nyaires Redding,Wyoming,2017-18,20.0,13,40,7,17,20,22,18,7,0,3,15,13,20.0,14,35,6,14,25,26,19,7,0,2,13,14
Nych Smith,Winthrop,2017-18,20.0,16,43,4,10,16,22,13,6,1,0,13,14,16.55,14,34,2,8,9,14,13,9,0,0,6,5
Nysier Brooks,Cincinnati,2017-18,20.0,25,51,0,0,8,14,6,9,11,18,26,16,14.97,11,22,0,0,6,11,2,1,7,11,18,5
O'Shayne Reid,West New Mexico,2017-18,20.0,0,2,0,0,0,0,0,1,0,0,1,0,18.48,0,0,0,0,0,0,0,0,0,0,0,0
O'Showen Williams,Appalachian State,2017-18,20.0,36,89,21,54,10,17,41,17,1,13,23,20,14.87,40,93,21,53,31,45,31,17,2,10,24,21
Oak Hills Christian,,2017-18,0.0,0,0,0,0,0,0,0,0,0,1,0,0,0.0,0,0,0,0,0,0,0,0,0,0,0,1
Oakland,,2017-18,0.0,0,0,0,0,0,0,0,0,0,18,26,9,0.0,0,0,0,0,0,0,0,0,0,24,17,7
Oakland City,,2017-18,0.0,0,0,0,0,0,0,0,0,0,2,0,0,0.0,0,0,0,0,0,0,0,0,0,5,1,2
Obadiah Noel,UMass Lowell,2017-18,20.0,26,64,9,25,23,34,9,7,3,9,21,14,20.0,20,52,7,15,34,47,22,10,7,13,20,13
Obediah Church,Missouri State,2017-18,20.0,47,71,0,0,10,22,18,7,20,29,39,21,20.0,33,53,0,1,22,38,13,9,33,40,53,21
Obi Enechionyia,Temple,2017-18,20.0,50,138,25,75,31,40,20,9,23,25,70,19,20.0,54,136,30,80,34,40,16,8,19,26,58,21
Obi Megwa,NW Nazarene,2017-18,20.0,3,8,0,0,0,0,2,0,0,0,0,3,17.77,2,8,0,0,0,0,1,1,0,1,0,2
Obi Okolie,Brown,2017-18,20.0,31,79,5,21,17,25,18,5,4,7,35,10,19.62,31,65,5,17,43,62,17,6,0,13,30,17
Obi Romeo,Webber International,2017-18,20.0,2,2,0,0,2,2,0,0,1,1,7,0,17.95,0,0,0,0,0,2,0,0,1,1,5,3
Obim Okeke,Baylor,2017-18,20.0,0,0,0,0,0,0,1,0,0,0,0,0,15.57,0,0,0,0,0,0,0,0,0,0,0,0
Ochae Bynum,St. Mary's (MD),2017-18,20.0,1,6,0,2,0,0,1,1,0,1,0,0,14.98,1,5,0,1,0,0,1,0,0,0,2,1
Octavian Wagner,,2017-18,0.0,0,0,0,0,0,0,0,0,0,0,0,0,0.0,0,0,0,0,0,0,0,0,0,0,0,2
Oglethorpe,,2017-18,0.0,0,0,0,0,0,0,0,0,0,2,1,0,0.0,0,0,0,0,0,0,0,0,0,2,1,0
Ohio,,2017-18,0.0,0,0,0,0,0,0,0,0,0,20,27,5,0.0,0,0,0,0,0,0,0,0,0,29,20,7
Ohio Christian,,2017-18,0.0,0,0,0,0,0,0,0,0,0,1,2,0,0.0,0,0,0,0,0,0,0,0,0,1,0,0
Ohio Northern,,2017-18,0.0,0,0,0,0,0,0,0,0,0,1,0,1,0.0,0,0,0,0,0,0,0,0,0,2,1,0
Ohio State,,2017-18,0.0,0,0,0,0,0,0,0,0,0,15,27,7,0.0,0,0,0,0,0,0,0,0,0,20,23,1
Ohio Valley,,2017-18,0.0,0,0,0,0,0,0,0,0,0,0,1,0,0.0,0,0,0,0,0,0,0,0,0,0,0,0
Oklahoma,,2017-18,0.0,0,0,0,0,0,0,0,0,0,23,31,1,0.0,0,0,0,0,0,0,0,0,0,16,20,5
Oklahoma State,,2017-18,0.0,0,0,0,0,0,0,0,0,0,27,31,7,0.0,0,0,0,0,0,0,0,0,0,25,21,8
Okoye Taylor,,2017-18,0.0,0,0,0,0,0,0,0,0,0,0,0,0,0.0,0,0,0,0,0,0,0,1,0,0,1,0
Olamilekan Adetunji,NW Nazarene,2017-18,20.0,0,1,0,0,0,0,0,0,0,0,1,0,17.77,0,1,0,0,0,0,0,0,1,0,0,0
Olatunji Ebifemi,Bluefield College,2017-18,20.0,0,1,0,1,0,0,0,0,0,0,0,0,17.85,0,0,0,0,0,0,0,0,0,0,0,0
Old Dominion,,2017-18,0.0,0,0,0,0,0,0,0,0,0,31,14,6,0.0,0,0,0,0,0,0,0,0,0,18,23,4
Ole Miss,,2017-18,0.0,0,0,0,0,0,0,0,0,0,42,34,1,0.0,0,0,0,0,0,0,0,0,0,31,36,0
Oleksandr Dolishniy,Trinity (IL),2017-18,0.0,0,0,0,0,0,0,0,0,0,0,0,0,14.87,1,1,1,1,0,0,0,0,0,0,1,1
Olin Carter III,San Diego,2017-18,20.0,62,164,40,110,8,10,27,19,11,2,50,16,18.82,66,164,39,112,36,47,21,13,7,6,42,18
Olin Carter Iii,San Diego,2017-18,20.0,3,5,2,3,0,0,3,0,0,1,1,1,17.92,3,7,2,4,2,2,1,0,0,0,1,0
Oliver Amajoyi,William Jessup,2017-18,20.0,2,3,0,0,0,0,0,0,1,2,2,0,17.9,1,2,0,0,2,2,0,0,0,1,2,1
Oliver Black,Little Rock,2017-18,20.0,40,85,0,1,18,35,16,5,12,40,76,26,20.0,37,72,0,0,18,38,17,5,7,33,51,21
Oliver Lynch-Daniels,Houston Baptist,2017-18,20.0,19,57,12,30,5,6,23,7,2,9,13,15,14.77,31,75,10,26,15,21,22,9,2,13,16,15
Oliver Megins,Notre Dame College,2017-18,20.0,0,1,0,0,0,0,3,0,0,1,1,3,14.8,1,3,1,3,0,0,2,1,0,0,3,1
Oliver Ortman,FDU-Florham,2017-18,0.0,0,0,0,0,0,0,0,0,0,0,0,0,14.98,1,3,1,2,0,0,1,0,0,0,1,0
Oliver Powell,Louisiana Tech,2017-18,20.0,37,76,0,1,17,26,8,5,7,19,49,14,14.87,44,75,0,1,26,38,9,5,11,22,45,16
Oliver Tot,William & Mary,2017-18,20.0,8,13,1,4,6,6,21,6,2,3,14,10,14.88,6,17,3,6,6,9,14,3,4,4,8,8
Olivet,,2017-18,0.0,0,0,0,0,0,0,0,0,0,1,0,0,0.0,0,0,0,0,0,0,0,0,0,1,1,0
Olivier Sarr,Wake Forest,2017-18,20.0,15,42,1,7,10,17,6,6,8,15,37,18,20.0,15,45,4,15,14,23,3,3,11,10,17,12
Omaha,,2017-18,0.0,0,0,0,0,0,0,0,0,0,22,21,2,0.0,0,0,0,0,0,0,0,0,0,19,19,3
Omar Banaga,Edward Waters,2017-18,20.0,4,8,4,5,4,4,3,0,0,1,1,2,14.95,2,5,1,2,6,6,1,3,0,0,1,2
Omar El-Sheikh,Fairfield,2017-18,20.0,10,20,0,1,9,19,2,3,3,4,22,9,20.0,13,25,0,1,10,19,6,2,6,11,18,12
Omar Habwe,Mt. St. Mary's,2017-18,20.0,19,31,5,12,11,16,5,9,2,7,20,2,14.57,6,14,1,6,9,13,2,2,1,6,12,5
Omar Mohamed,Texas-Tyler,2017-18,20.0,0,2,0,1,0,0,1,0,1,0,1,1,14.87,2,2,1,1,0,0,0,0,0,0,0,1
Omar Mostafa,William & Mary,2017-18,0.0,0,0,0,0,0,0,0,0,0,0,0,0,14.82,1,1,1,1,0,0,0,0,0,0,0,0
Omar Outar,Florida Memorial,2017-18,20.0,4,8,3,7,0,0,2,0,0,0,2,4,12.82,1,8,0,4,0,0,0,0,0,1,0,0
Omar Simpkins,Toccoa Falls,2017-18,20.0,1,1,0,0,0,0,0,1,0,0,4,5,14.97,1,1,0,0,0,0,0,0,0,0,1,1
Omar Williams,Georgian Court,2017-18,20.0,0,1,0,1,0,0,2,0,0,0,1,3,19.75,1,1,0,0,0,1,0,0,0,0,1,1
Omari Spellman,Villanova,2017-18,20.0,79,174,32,75,19,29,16,15,21,46,112,21,17.97,62,130,27,63,24,35,11,9,31,39,95,15
Omega Harris,UTEP,2017-18,20.0,63,130,24,58,25,32,27,14,1,3,59,18,14.82,57,142,20,61,39,52,32,16,4,2,47,27
Omer Yurtseven,NC State,2017-18,20.0,90,157,9,20,22,31,4,8,28,42,56,21,14.72,74,130,7,14,25,45,8,7,26,34,68,15
Onno Steger,Western Carolina,2017-18,0.0,3,21,1,10,0,1,3,3,0,3,5,6,14.77,12,21,5,11,2,7,3,2,1,2,8,7
Oral Roberts,,2017-18,0.0,0,0,0,0,0,0,0,0,0,20,14,9,0.0,0,0,0,0,0,0,0,0,0,22,15,3
Ore Arogundade,Drake,2017-18,20.0,35,90,18,42,13,16,23,6,2,7,38,17,20.0,34,87,15,43,23,28,18,19,1,19,34,20
Oregon,,2017-18,0.0,0,0,0,0,0,0,0,0,0,30,22,4,0.0,0,0,0,0,0,0,0,0,0,23,19,4
Oregon State,,2017-18,0.0,0,0,0,0,0,0,0,0,0,21,25,1,0.0,0,0,0,0,0,0,0,0,0,21,18,3
Orlando Robinson,Elizabeth City,2017-18,20.0,0,0,0,0,0,0,1,0,0,0,0,0,19.77,0,0,0,0,0,0,0,0,0,0,0,0
Orowo Eleyae,St. Thomas (TX),2017-18,20.0,1,4,0,1,2,2,0,0,1,3,3,3,20.0,3,7,0,0,0,0,0,0,0,0,2,3
Osandai Vaughn,Webber International,2017-18,20.0,2,8,1,7,4,4,4,3,0,0,4,8,20.0,7,12,1,2,5,6,5,1,0,4,7,5
Osasumwen Osaghae,Florida International,2017-18,0.0,16,25,0,0,10,16,0,3,12,17,24,7,17.92,14,23,0,0,14,28,1,3,20,10,32,4
Osborn Blount,North Florida,2017-18,20.0,40,108,16,53,19,21,18,17,0,3,21,19,14.63,28,81,17,45,16,22,17,16,0,3,24,27
Oscar Duzanson,Johnson University (FL),2017-18,0.0,0,0,0,0,0,0,0,0,0,0,0,0,14.83,1,2,0,0,0,1,1,0,0,1,0,0
Oscar Frayer,Grand Canyon,2017-18,20.0,62,131,20,58,8,15,21,22,11,30,63,20,14.73,53,108,18,45,22,38,18,18,11,24,40,21
Oscar da Silva,Stanford,2017-18,20.0,27,63,11,28,11,15,17,9,14,23,52,29,17.75,43,77,14,19,16,28,21,6,12,26,50,22
Oshae Brissett,Syracuse,2017-18,20.0,66,190,27,72,60,75,18,18,8,30,117,32,14.93,73,202,25,73,94,119,13,21,18,41,90,31
Osinachi Smart,Charleston,2017-18,15.0,5,10,0,0,0,1,0,1,2,7,14,3,20.0,3,8,0,0,7,11,3,3,3,10,11,1
Oskar Michelsen,Davidson,2017-18,20.0,27,67,17,47,0,1,12,5,2,8,36,8,14.98,29,52,16,38,14,19,8,6,5,10,15,9
Oslbey Mercer,Northwestern Ohio,2017-18,0.0,0,0,0,0,0,0,0,0,0,0,0,0,20.0,0,1,0,1,0,0,0,0,0,0,0,0
Ot Elmore,Marshall,2017-18,20.0,4,14,4,13,0,0,1,0,0,2,1,1,20.0,1,5,1,5,0,0,8,0,0,0,2,1
Otas Iyekekpolor,Central Arkansas,2017-18,20.0,5,11,0,0,0,1,0,1,5,6,6,6,14.92,3,5,0,0,4,6,2,2,0,5,4,1
Othniel Spence,Simon Fraser,2017-18,20.0,1,7,0,4,0,0,0,2,0,0,2,1,17.22,1,4,0,1,0,0,0,1,0,0,1,0
Otis Harvey,Mississippi College,2017-18,20.0,0,3,0,3,0,0,2,0,0,0,0,2,14.8,0,1,0,1,0,0,2,0,0,0,0,0
Otis Livingston II,George Mason,2017-18,20.0,81,179,29,69,22,26,61,15,0,4,46,42,20.0,91,198,33,77,79,91,65,11,2,2,37,38
Ottawa (AZ),,2017-18,0.0,0,0,0,0,0,0,0,0,0,0,2,0,0.0,0,0,0,0,0,0,0,0,0,0,1,0
Otto Taylor,Pacific,2017-18,20.0,0,2,0,2,0,0,1,1,0,0,0,0,20.0,0,1,0,1,0,0,0,0,0,0,0,0
Ouachita Baptist,,2017-18,0.0,0,0,0,0,0,0,0,0,0,0,3,0,0.0,0,0,0,0,0,0,0,0,0,0,1,0
Oumar Barry,San José St,2017-18,20.0,36,75,0,7,9,28,8,3,14,24,31,24,14.95,31,47,3,5,15,25,8,4,9,11,26,10
Our Lady Of The Lake,,2017-18,0.0,0,0,0,0,0,0,0,0,0,1,2,1,0.0,0,0,0,0,0,0,0,0,0,5,3,1
Owen Hamilton,Northern Illinois,2017-18,20.0,8,13,0,0,4,6,1,3,0,5,10,4,20.0,5,11,0,1,1,4,2,3,1,4,7,4
Owen Pendergast,Susquehanna University,2017-18,0.0,0,0,0,0,0,0,0,0,0,0,1,0,20.0,0,1,0,1,0,0,0,0,0,0,3,0
Owens Crawford,Kentucky Christian,2017-18,20.0,2,4,2,4,0,0,2,0,0,0,4,0,14.82,3,7,1,4,0,0,1,0,0,0,0,3
Ozante Fields,South Carolina State,2017-18,20.0,12,22,0,0,1,3,2,2,2,6,14,5,14.57,8,16,0,0,13,18,5,1,2,6,10,3
P.J. Escobar,Our Lady of the Lake,2017-18,20.0,1,5,1,5,0,0,0,2,0,0,0,1,20.0,3,11,3,10,0,0,0,0,0,0,2,0
P.J. Hardy,Louisiana,2017-18,20.0,10,32,7,23,9,12,0,1,1,3,10,5,18.53,6,21,4,14,1,2,0,2,0,2,7,6
P.J. Horne,Virginia Tech,2017-18,20.0,20,42,1,4,11,18,1,1,2,15,10,5,15.68,17,27,0,1,11,16,0,2,4,10,19,10
P.J. Thompson,Purdue,2017-18,0.0,43,88,30,64,13,14,24,19,0,12,22,19,14.87,33,74,27,61,33,40,19,23,2,4,22,12
PJ Austin,Siena Heights,2017-18,20.0,1,3,0,1,0,0,1,0,0,1,0,0,14.92,2,6,2,4,0,0,3,0,1,0,0,1
PJ Escobar,Our Lady of the Lake,2017-18,20.0,0,0,0,0,0,0,1,0,0,0,0,0,20.0,0,0,0,0,0,0,0,0,0,0,0,0
PJ Hardy,Louisiana,2017-18,0.0,0,0,0,0,0,0,5,0,0,0,0,0,19.78,0,0,0,0,0,0,9,0,0,0,0,0
PJ Horne,Virginia Tech,2017-18,15.0,0,0,0,0,0,0,1,0,0,0,0,0,20.0,0,0,0,0,0,0,0,0,0,0,0,0
PJ Pipes,Green Bay,2017-18,0.0,35,93,13,42,25,30,36,10,0,9,34,20,17.85,32,88,9,31,25,28,23,10,3,6,23,20
PJ Savoy,Florida State,2017-18,20.0,32,97,27,82,11,17,10,4,1,3,23,12,17.65,23,56,20,48,5,5,3,2,0,2,9,4
PJ Thompson,,2017-18,13.58,0,0,0,0,0,0,8,0,0,0,0,0,0.0,0,0,0,0,0,0,11,0,0,0,0,0
PJ Washington,Kentucky,2017-18,20.0,60,122,3,11,58,82,25,12,12,31,65,25,20.0,60,115,1,8,58,104,29,14,16,32,68,35
Pablo Hernandez,,2017-18,7.98,1,1,0,0,0,0,0,0,0,1,2,1,0.0,1,4,0,2,4,5,1,0,0,1,2,1
Pablo Rivas,North Carolina Central,2017-18,20.0,58,123,16,51,9,13,10,9,19,25,66,19,19.03,73,133,22,51,27,33,18,14,15,22,86,12
Pacific,,2017-18,0.0,0,0,0,0,0,0,0,0,0,21,16,2,0.0,0,0,0,0,0,0,0,0,0,19,16,2
Pacific Lutheran,,2017-18,0.0,0,0,0,0,0,0,0,0,0,3,4,1,0.0,0,0,0,0,0,0,0,0,0,0,1,0
Pacific Union,,2017-18,0.0,0,0,0,0,0,0,0,0,0,0,1,0,0.0,0,0,0,0,0,0,0,0,0,1,0,0
Paine,,2017-18,0.0,0,0,0,0,0,0,0,0,0,1,2,0,0.0,0,0,0,0,0,0,0,0,0,0,1,0
Palmer Chaplin,Cal Lutheran,2017-18,20.0,0,4,0,3,0,0,3,0,0,0,1,2,15.8,3,6,2,4,0,0,3,0,0,0,2,1
Palmer Hill,Louisiana College,2017-18,20.0,0,1,0,1,0,0,0,0,0,0,0,0,14.82,0,0,0,0,0,0,0,0,0,0,0,1
Panhandle St (OK),,2017-18,0.0,0,0,0,0,0,0,0,0,0,3,4,0,0.0,0,0,0,0,0,0,0,0,0,0,3,0
Pape Diatta,Georgia,2017-18,0.0,4,6,3,4,2,4,1,1,1,2,2,2,14.6,1,6,1,4,1,2,3,2,0,1,4,0
Pape Ngom,St. Leo,2017-18,20.0,0,0,0,0,3,6,0,2,0,1,2,1,17.95,0,0,0,0,0,1,0,0,1,0,1,0
Paris Collins,Jackson State,2017-18,20.0,34,94,14,44,8,14,19,22,4,12,22,16,14.87,24,78,7,25,14,19,13,23,2,15,20,10
Parker Black,Ohio Valley,2017-18,20.0,2,6,1,5,0,0,1,1,0,0,1,0,14.78,1,1,0,0,2,2,1,0,0,0,1,0
Parker Collins,Linfield College,2017-18,20.0,0,2,0,2,0,0,0,0,0,1,0,0,14.95,1,1,1,1,0,0,1,0,0,0,0,0
Parker Ernsthausen,Wright State,2017-18,20.0,34,85,3,18,22,29,30,9,5,20,34,23,20.0,28,54,3,13,20,27,25,9,5,13,20,13
Parker Fennema,Army,2017-18,0.0,0,2,0,2,0,0,0,0,0,0,1,0,14.93,0,1,0,1,1,2,0,0,0,0,1,1
Parker Gettys,,2017-18,0.0,0,0,0,0,0,0,0,0,0,0,0,0,0.0,0,0,0,0,0,0,0,0,0,0,1,2
Parker Hazen,Valparaiso,2017-18,20.0,4,10,0,2,4,10,1,0,0,5,10,14,14.92,2,9,0,4,2,2,3,1,1,3,7,4
Parker Helgerson,Erskine,2017-18,20.0,1,2,1,2,0,0,0,0,0,0,1,0,14.95,0,1,0,1,0,0,0,0,0,0,0,0
Parker Jackson-Cartwright,Arizona,2017-18,20.0,45,108,29,67,20,27,76,22,1,2,39,40,14.88,45,94,21,50,19,24,75,27,3,6,31,24
Parker Omslaer,Gordon College,2017-18,0.0,0,0,0,0,0,0,0,0,2,0,1,1,17.7,1,2,0,0,0,0,0,0,1,0,2,0
Parker Stewart,Pittsburgh,2017-18,20.0,42,100,34,84,8,9,14,6,5,7,44,8,20.0,44,109,34,83,21,27,13,7,0,4,40,9
Parker Van Dyke,Utah,2017-18,20.0,19,47,9,30,5,7,23,6,1,2,8,10,15.15,16,49,12,42,7,10,20,8,0,1,17,8
Parrish Hewitt,UT Martin,2017-18,15.0,27,52,5,17,5,6,10,3,2,2,23,6,20.0,23,47,9,26,12,17,8,5,4,5,15,8
Paschal Chukwu,Syracuse,2017-18,20.0,29,46,0,0,9,17,7,13,39,38,57,23,14.93,33,51,0,0,31,50,8,10,37,54,71,14
Pat Andree,Lehigh,2017-18,18.08,53,120,35,79,16,18,5,6,4,10,55,17,20.0,61,126,39,86,22,26,13,7,7,11,65,10
Pat Gallagher,Penn State Brandywine,2017-18,20.0,1,1,1,1,0,0,0,0,0,0,1,0,14.97,0,1,0,1,0,0,0,0,0,0,0,0
Pat Goralski,Goucher,2017-18,20.0,2,4,0,1,0,0,0,0,1,1,3,0,14.92,1,2,0,0,0,0,0,0,0,1,0,0
Pat McDonald,Lakeland,2017-18,20.0,3,7,1,2,0,0,0,1,0,1,0,0,14.97,0,2,0,2,0,0,0,0,0,1,0,1
Pat McNamara,Fairleigh Dickinson,2017-18,20.0,13,40,9,31,4,7,7,6,2,5,12,7,14.97,8,16,6,13,0,1,7,5,0,1,5,6
Pat Welch,South Carolina Upstate,2017-18,20.0,7,21,7,20,0,0,2,2,2,3,6,2,17.93,6,18,4,16,0,0,8,4,0,0,5,4
Patrell Rogers,South Carolina State,2017-18,20.0,13,28,3,9,7,13,5,1,0,3,10,9,17.62,18,41,2,10,9,13,4,4,2,5,7,6
Patrick Anderson,Florida Tech,2017-18,20.0,1,7,0,2,0,0,2,0,0,4,0,0,20.0,1,5,0,2,5,6,2,0,0,1,1,0
Patrick Benzan,Holy Cross,2017-18,20.0,22,51,1,10,6,10,30,17,0,6,44,20,20.0,30,73,4,15,42,52,25,11,0,7,28,13
Patrick Cole,North Carolina Central,2017-18,20.0,0,1,0,0,0,0,2,0,0,0,3,1,19.42,2,3,0,0,0,2,1,0,1,1,1,1
Patrick Garey,Hartwick,2017-18,20.0,0,2,0,2,0,0,2,0,0,1,2,0,14.75,2,3,0,1,0,0,0,1,0,0,0,1
Patrick Mendes,Black Hills State,2017-18,20.0,3,7,0,3,2,2,0,0,0,0,2,0,14.77,0,3,0,0,2,2,0,0,0,0,1,0
Patrick Pennefather,Christendom,2017-18,20.0,1,2,0,0,0,0,0,0,0,0,1,1,14.93,2,8,0,3,0,2,0,1,0,1,1,3
Patrick Petty,Texas College,2017-18,20.0,5,7,2,2,0,0,0,3,0,0,2,1,17.62,3,7,0,1,2,2,1,1,0,1,3,2
Patrick Ramos,UC Santa Cruz,2017-18,20.0,1,1,0,0,0,0,1,0,0,0,1,1,14.8,0,0,0,0,0,0,0,0,0,0,0,2
Patrick Rucker,East-West University,2017-18,19.97,1,5,0,1,1,2,1,0,1,1,3,3,14.58,2,4,0,0,2,2,0,1,0,1,2,1
Patrick Scipio,Wiley,2017-18,20.0,1,1,0,0,0,0,0,0,0,0,1,0,17.77,1,2,0,1,0,0,0,0,0,0,0,1
Patrick Smith,Southern,2017-18,20.0,2,8,0,2,2,4,1,0,0,3,2,2,14.97,1,5,0,0,1,1,1,0,1,2,1,0
Patrick Steeves,George Washington,2017-18,20.0,78,147,2,5,14,20,29,10,9,30,53,34,20.0,62,112,2,7,24,32,36,10,4,27,56,34
Patrick Strzala,Manhattan,2017-18,15.0,12,32,11,23,2,2,5,6,0,2,7,5,20.0,6,18,6,16,5,5,3,1,0,1,4,4
Patrick Szpir,Chicago State,2017-18,20.0,12,29,0,2,10,11,3,1,3,7,24,18,14.93,5,13,0,1,6,10,3,3,3,4,8,11
Patrick Tape,Columbia,2017-18,0.0,23,49,0,0,10,17,5,8,18,34,36,17,17.97,23,34,0,0,5,11,4,6,11,19,28,16
Patrick Whelan,William Jewell,2017-18,20.0,2,11,2,7,3,4,1,0,0,0,2,2,20.0,0,2,0,1,6,6,0,1,0,0,1,1
Patrick Zeck,Gardner-Webb,2017-18,20.0,26,50,1,7,17,19,6,5,10,17,39,8,16.65,26,42,3,5,8,14,11,8,9,20,45,11
Paul Atkinson,Yale,2017-18,20.0,60,90,0,0,24,42,17,12,11,25,42,15,14.9,43,57,0,0,42,57,14,8,5,26,42,15
Paul Clemons,Wesley,2017-18,20.0,0,4,0,1,0,0,0,1,0,0,4,0,17.73,0,2,0,0,0,0,0,1,0,0,1,0
Paul Dunlap,William Peace,2017-18,20.0,2,4,2,4,0,0,0,0,0,0,1,1,14.87,0,1,0,1,0,0,0,0,0,0,0,0
Paul Friendshuh,Richmond,2017-18,20.0,2,4,0,0,2,6,1,0,0,4,2,6,19.13,1,2,0,0,1,2,0,0,0,0,0,3
Paul Jackson,Eastern Michigan,2017-18,20.0,73,199,17,59,21,30,72,23,2,7,26,43,15.38,109,234,15,42,64,89,77,22,0,4,27,44
Paul Jorgensen,Butler,2017-18,20.0,60,163,30,91,12,14,38,12,1,6,55,16,17.72,57,121,28,69,26,32,43,21,1,9,31,11
Paul Marandet,Spring Arbor,2017-18,20.0,2,5,1,2,0,0,1,0,0,0,1,3,15.38,0,2,0,0,2,2,1,0,0,0,0,0
Paul Miller,North Dakota State,2017-18,20.0,96,210,33,89,36,42,57,8,1,3,78,49,17.87,99,212,30,92,77,94,43,17,8,10,73,37
Paul Newman,Bucknell,2017-18,20.0,1,3,0,0,2,5,0,1,0,1,7,0,20.0,1,1,0,0,0,0,0,1,1,0,2,0
Paul Reed,DePaul,2017-18,20.0,16,32,1,7,4,8,2,5,4,13,27,6,17.2,19,32,1,5,6,9,6,7,5,9,21,7
Paul Rowley,William & Mary,2017-18,20.0,30,77,23,60,5,8,13,7,12,6,27,10,14.88,30,54,23,39,6,9,15,3,6,2,29,15
Paul Scruggs,Xavier,2017-18,20.0,41,85,12,35,9,13,32,10,5,3,29,23,14.7,12,36,1,8,20,27,21,7,3,2,24,20
Paul Taulton,St. Thomas (TX),2017-18,20.0,4,5,0,0,0,0,1,0,0,2,3,2,20.0,0,1,0,0,0,0,1,1,0,0,1,0
Paul Thomas,UTEP,2017-18,20.0,57,127,3,14,13,28,23,6,6,11,74,33,14.82,44,93,5,14,19,37,16,4,4,19,55,21
Paul Wells,Schreiner,2017-18,20.0,0,1,0,0,2,3,1,0,0,1,3,5,14.82,0,0,0,0,0,0,0,0,0,0,1,2
Paul White,Oregon,2017-18,20.0,49,106,15,40,24,32,27,4,9,21,37,16,14.78,45,95,13,40,38,43,18,14,5,17,30,10
Paul Zysk,,2017-18,5.58,1,3,0,0,2,3,0,1,0,0,0,0,0.0,1,2,0,0,2,2,0,0,0,0,2,0
Paulius Sakinis,Peru State College,2017-18,20.0,0,1,0,0,0,0,0,1,0,0,1,0,14.88,1,3,0,0,0,0,0,0,0,0,0,0
Paulius Zalys,Lafayette,2017-18,20.0,50,97,3,19,13,19,32,10,3,17,58,42,20.0,43,87,3,14,27,37,28,8,8,18,43,29
Paulo Hugo,Eastern Oregon,2017-18,20.0,1,2,0,1,0,0,0,0,0,0,0,1,14.58,0,0,0,0,0,0,0,0,0,0,0,0
Pauly Paulicap,Manhattan,2017-18,18.27,52,97,0,0,35,54,4,2,33,35,57,26,20.0,50,87,0,0,45,77,3,5,39,52,56,22
Paxton Wilson,Rider,2017-18,0.0,2,8,2,8,0,0,4,1,0,0,2,2,14.95,6,13,4,11,4,6,1,0,0,2,3,1
Payten Ricks,Abilene Christian,2017-18,15.0,23,59,12,31,15,21,22,11,1,5,18,18,20.0,27,67,15,34,13,20,14,7,0,2,16,14
Payton Banks,South Florida,2017-18,20.0,59,154,35,93,19,24,16,20,2,7,40,26,20.0,44,124,22,82,33,43,17,14,3,11,41,23
Payton Dastrup,BYU,2017-18,20.0,15,36,4,15,4,6,5,3,7,2,24,11,14.72,15,21,6,8,9,13,7,3,5,7,18,7
Payton Henson,Vermont,2017-18,20.0,62,151,14,40,38,47,29,6,6,25,63,31,20.0,68,135,20,43,46,59,14,3,5,23,63,18
Payton Hulsey,Florida Atlantic,2017-18,20.0,30,76,1,8,20,30,37,20,0,12,48,34,20.0,28,81,4,10,18,31,41,16,1,15,41,31
Payton Mills,Anderson (IN),2017-18,20.0,0,1,0,0,0,0,0,0,0,0,0,0,14.78,0,0,0,0,0,0,0,0,0,0,0,0
Payton Pritchard,Oregon,2017-18,20.0,82,182,46,103,13,15,72,27,0,5,58,37,17.87,78,182,33,91,54,67,82,16,0,11,45,33
Payton Smith,Wilmington (OH),2017-18,20.0,1,3,0,0,0,0,1,0,0,0,1,2,14.75,0,1,0,1,0,0,2,0,0,0,0,1
Payton Willis,Vanderbilt,2017-18,20.0,22,67,18,52,7,12,22,8,3,2,20,16,17.6,23,61,17,47,11,18,20,5,0,8,28,12
Payton Wilson,Jackson State,2017-18,20.0,2,5,1,1,0,0,1,1,0,2,2,3,14.87,3,5,1,1,1,2,0,0,2,3,1,2
Peace Ilegomah,Pittsburgh,2017-18,20.0,3,3,0,0,3,6,2,1,6,1,6,3,20.0,2,3,0,0,0,0,1,1,1,1,5,6
Penn State,,2017-18,0.0,0,0,0,0,0,0,0,0,0,21,23,7,0.0,0,0,0,0,0,0,0,0,0,24,23,11
Penn State (Brandywine),,2017-18,0.0,0,0,0,0,0,0,0,0,0,1,1,0,0.0,0,0,0,0,0,0,0,0,0,3,0,0
Pennsylvania,,2017-18,0.0,0,0,0,0,0,0,0,0,0,20,36,3,0.0,0,0,0,0,0,0,0,0,0,16,21,7
Pepperdine,,2017-18,0.0,0,0,0,0,0,0,0,0,0,20,20,2,0.0,0,0,0,0,0,0,0,0,0,30,24,2
Perrion Callandret,Idaho,2017-18,20.0,46,105,19,50,10,15,34,9,1,3,36,30,17.93,37,82,14,30,25,38,34,9,8,7,30,23
Perris Hicks,Fordham,2017-18,20.0,24,67,14,45,11,19,12,11,0,6,16,17,20.0,38,81,18,52,17,20,13,23,0,2,11,9
Perry Francois,Texas A&M-CC,2017-18,20.0,18,39,0,0,6,10,5,0,11,22,27,24,15.45,17,30,0,0,4,6,8,2,4,8,17,5
Peru State,,2017-18,0.0,0,0,0,0,0,0,0,0,0,1,2,1,0.0,0,0,0,0,0,0,0,0,0,1,1,1
Pervis Louder,Air Force,2017-18,20.0,15,39,2,14,8,10,16,3,2,3,13,13,20.0,20,48,6,20,15,23,11,5,1,6,13,5
Petar Radojicic,St. Mary's (TX),2017-18,20.0,0,2,0,0,0,0,0,0,0,0,0,1,17.57,1,3,0,0,0,0,0,0,0,0,0,1
Petar Skoknic,Florida National,2017-18,20.0,1,5,1,5,0,1,0,0,0,1,2,0,14.87,2,3,2,3,0,0,1,0,0,1,0,0
Pete Day,Christendom,2017-18,20.0,1,4,1,2,0,0,0,0,0,0,0,2,14.93,0,2,0,1,0,0,1,0,0,0,1,1
Peter Agba,Rochester College,2017-18,20.0,2,4,0,0,0,0,0,0,0,3,2,1,17.67,1,2,0,0,0,0,0,0,0,0,3,2
Peter Barba,Columbia,2017-18,20.0,3,12,3,11,0,0,0,1,0,1,4,1,20.0,4,8,3,6,0,0,3,1,0,1,2,1
Peter Eke,Eastern Oregon,2017-18,20.0,2,5,0,0,0,0,0,0,1,0,2,1,14.78,2,6,0,0,2,3,0,0,0,2,1,1
Peter Ellwanger,St. Thomas (TX),2017-18,20.0,0,3,0,3,0,0,0,1,0,1,0,1,20.0,0,0,0,0,0,0,0,0,0,0,1,1
Peter Hamilton,Eastern Oregon,2017-18,20.0,3,5,2,4,0,0,2,0,1,1,1,2,14.78,0,0,0,0,2,2,0,0,0,0,1,0
Peter Jones,,2017-18,0.0,0,0,0,0,0,0,0,0,0,0,0,1,0.0,0,0,0,0,0,0,0,0,0,0,0,0
Peter Jurkien,,2017-18,3.65,1,1,0,0,2,2,0,1,0,0,0,0,0.0,2,5,0,1,0,0,0,0,0,1,2,0
Peter Jurkin,East Tennessee State,2017-18,20.0,49,87,5,11,19,24,2,5,20,16,49,19,15.7,29,52,1,3,31,37,2,7,8,21,49,11
Peter Ragen,Dubuque,2017-18,20.0,0,3,0,2,0,0,1,0,0,1,1,0,14.87,0,1,0,0,0,0,0,0,0,0,1,0
Peter Ryckbosch,DePaul,2017-18,0.0,8,9,0,0,1,6,0,1,0,6,11,3,20.0,5,12,0,0,0,2,0,3,2,7,9,1
Peyton Aldridge,Davidson,2017-18,20.0,117,240,40,100,27,34,38,6,6,23,77,22,14.98,95,205,25,69,62,71,33,6,10,17,82,13
Peyton Broughton,Eastern Kentucky,2017-18,20.0,13,48,8,25,3,5,13,4,0,11,15,7,20.0,19,34,7,10,11,13,5,5,2,4,9,4
Peyton Owen,William Carey,2017-18,20.0,0,2,0,0,0,0,0,0,0,0,0,0,17.85,0,0,0,0,0,0,0,1,0,0,0,0
Peyton Smith,Texas A&M-CC,2017-18,20.0,0,2,0,2,0,0,1,0,0,0,0,0,18.35,0,0,0,0,0,0,0,0,0,0,0,0
Peyton Truesdale,,2017-18,0.0,0,0,0,0,0,0,0,0,0,0,0,0,0.0,0,0,0,0,0,0,0,1,0,0,0,0
Peyton Woods,Tusculum,2017-18,20.0,3,5,1,2,0,1,0,0,0,0,1,0,15.4,0,0,0,0,0,0,0,0,0,0,1,0
Pharroh Gordon,William Jewell,2017-18,20.0,0,1,0,0,0,0,0,1,0,0,3,2,20.0,3,6,0,1,2,2,0,0,0,2,5,3
Phil Bledsoe,Marshall,2017-18,0.0,11,26,2,12,5,6,0,0,0,9,7,4,15.0,8,14,1,1,0,0,2,0,1,2,10,3
Phil Booth,Villanova,2017-18,20.0,54,127,31,77,27,29,49,11,0,8,54,20,17.97,43,95,18,55,30,41,38,13,6,4,32,21
Phil Cofer,Florida State,2017-18,20.0,90,190,31,75,24,36,16,8,5,32,73,29,17.65,76,152,17,54,40,57,9,10,2,22,45,13
Phil Fayne,Illinois State,2017-18,20.0,76,140,0,0,27,54,16,21,10,48,50,29,20.0,101,157,0,0,44,95,9,13,15,49,59,21
Phil Pierfy,Arcadia University,2017-18,20.0,2,5,1,3,0,0,0,0,0,1,1,1,18.55,3,5,0,1,2,3,0,0,0,0,4,3
Philip Flory,Seton Hall,2017-18,0.0,0,4,0,4,0,0,1,0,0,0,1,1,19.97,0,1,0,0,2,2,0,0,0,0,3,2
Philip McKenzie,Houston Baptist,2017-18,0.0,18,40,4,10,1,6,7,4,3,20,20,15,14.77,21,45,1,9,7,17,5,5,4,23,26,6
Philipp Hartwich,Portland,2017-18,20.0,35,54,0,0,15,35,23,7,34,27,89,25,20.0,31,51,0,0,10,37,12,7,32,26,90,17
Phillip Carr,Morgan State,2017-18,20.0,74,153,6,19,27,33,8,9,10,41,57,23,17.58,55,144,1,14,55,68,18,8,5,31,97,23
Phillip Garner,Paine,2017-18,20.0,4,6,2,4,0,0,1,0,0,0,1,0,16.32,1,4,1,4,0,1,1,0,0,0,0,0
Phillip Harris,Oak Hills Christian,2017-18,20.0,5,13,1,4,0,1,1,0,0,1,1,1,14.57,0,4,0,2,0,0,0,0,0,0,1,1
Phillip Thompson,Jarvis Christian,2017-18,20.0,2,2,1,1,1,2,0,0,0,0,0,1,14.9,0,1,0,0,0,2,0,0,0,0,1,1
Phlandrous Fleming Jr,,2017-18,0.73,46,125,17,51,9,17,21,17,8,22,27,24,0.0,49,106,22,54,36,45,22,15,3,15,41,14
Piedmont (GA),,2017-18,0.0,0,0,0,0,0,0,0,0,0,2,1,0,0.0,0,0,0,0,0,0,0,0,0,0,2,0
Piedmont International University,,2017-18,0.0,0,0,0,0,0,0,0,0,0,1,0,0,0.0,0,0,0,0,0,0,0,0,0,0,0,0
Pierce Weatherspoon,Trevecca Nazarene,2017-18,0.0,0,0,0,0,0,0,0,0,0,0,1,3,14.55,2,2,0,0,0,0,0,0,1,1,1,1
Pierfrancesco Oliva,Saint Joseph's,2017-18,20.0,33,75,10,35,11,26,43,16,8,14,80,32,18.67,30,57,6,19,26,45,43,8,12,19,78,27
Pierre Sarr,Monmouth,2017-18,20.0,11,18,2,4,12,16,5,5,4,7,25,10,19.25,5,14,2,3,11,16,3,3,0,7,14,6
Pierson McAtee,Kansas State,2017-18,0.0,0,0,0,0,0,0,0,0,0,0,0,0,14.72,0,1,0,0,0,0,0,0,0,0,0,0
Pierson Wofford,Augustana (IL),2017-18,19.97,1,4,0,0,0,0,0,0,0,1,4,2,14.83,0,0,0,0,0,0,0,0,0,0,0,0
Pietro Badalassi,St. Francis (ILL),2017-18,20.0,2,2,0,0,0,0,1,0,0,0,0,1,14.93,0,3,0,0,0,0,1,1,1,1,3,1
Pinky Wiley,Cairn University,2017-18,20.0,1,1,1,1,0,0,0,0,0,0,1,3,14.85,2,4,0,1,0,0,2,2,0,0,2,1
Pittsburgh,,2017-18,0.0,0,0,0,0,0,0,0,0,0,18,25,12,0.0,0,0,0,0,0,0,0,0,0,20,23,9
Pittsburgh-Bradford,,2017-18,0.0,0,0,0,0,0,0,0,0,0,1,3,0,0.0,0,0,0,0,0,0,0,0,0,2,0,0
Point University,,2017-18,0.0,0,0,0,0,0,0,0,0,0,2,2,1,0.0,0,0,0,0,0,0,0,0,0,0,3,0
Pookie Powell,La Salle,2017-18,20.0,78,205,28,88,31,42,58,13,3,5,52,39,17.98,83,193,26,74,54,63,59,8,1,6,47,31
Portland,,2017-18,0.0,0,0,0,0,0,0,0,0,0,14,19,4,0.0,0,0,0,0,0,0,0,0,0,13,14,6
Portland Bible,,2017-18,0.0,0,0,0,0,0,0,0,0,0,0,0,0,0.0,0,0,0,0,0,0,0,0,0,0,2,0
Portland State,,2017-18,0.0,0,0,0,0,0,0,0,0,0,35,33,1,0.0,0,0,0,0,0,0,0,0,0,37,16,1
Posey Cameron,,2017-18,6.37,0,4,0,0,0,0,3,0,0,1,1,0,0.0,0,1,0,1,0,0,0,0,0,0,0,0
Prairie View A&M,,2017-18,0.0,0,0,0,0,0,0,0,0,0,32,25,9,0.0,0,0,0,0,0,0,0,0,0,17,25,7
Precious Ayah,Miami (OH),2017-18,15.0,2,5,0,1,6,7,0,3,1,5,4,2,20.0,2,5,0,0,2,2,2,0,2,2,5,2
Prentiss Nixon,Colorado State,2017-18,20.0,61,161,32,93,31,37,18,19,2,4,42,27,20.0,67,188,31,95,54,65,27,20,1,3,34,23
Presbyterian,,2017-18,0.0,0,0,0,0,0,0,0,0,0,27,25,6,0.0,0,0,0,0,0,0,0,0,0,15,28,7
Presentation College,,2017-18,0.0,0,0,0,0,0,0,0,0,0,0,2,0,0.0,0,0,0,0,0,0,0,0,0,0,3,0
Preston Bungei,Norfolk State,2017-18,20.0,46,110,4,16,31,48,23,11,12,23,65,38,14.88,35,89,4,13,30,38,35,14,11,23,67,25
Preston Harvey,,2017-18,0.0,0,0,0,0,0,0,0,0,1,0,2,1,0.0,0,0,0,0,0,0,0,0,0,0,0,0
Preston Huckaby,Summit,2017-18,20.0,2,8,0,1,2,2,0,0,1,0,1,4,14.9,1,3,0,0,4,4,0,1,0,0,0,1
Preston Parks,The Citadel,2017-18,20.0,9,25,6,14,5,5,10,6,1,3,7,8,14.75,12,26,6,12,1,1,10,5,0,3,4,1
Prince Ali,UCLA,2017-18,20.0,52,122,21,58,28,38,15,11,4,13,34,23,20.0,42,98,12,36,23,43,29,13,2,9,39,21
Prince Braymen,Edward Waters,2017-18,20.0,1,2,0,0,1,1,2,0,0,0,1,1,14.95,0,3,0,0,0,0,1,1,0,0,2,1
Prince Braynen,Edward Waters,2017-18,20.0,0,4,0,0,2,2,1,0,0,0,0,2,14.77,2,3,0,0,0,0,2,0,0,0,2,3
Prince Oduro,Siena,2017-18,15.0,48,103,0,0,15,47,4,3,12,14,42,35,20.0,55,106,0,0,20,60,10,3,6,26,50,21
Princeton,,2017-18,0.0,0,0,0,0,0,0,0,0,0,13,14,1,0.0,0,0,0,0,0,0,0,0,0,13,18,6
Prokop Slanina,Fordham,2017-18,0.0,73,148,18,52,19,22,18,20,18,22,44,20,20.0,61,121,14,35,18,26,21,15,17,21,49,18
Providence,,2017-18,0.0,0,0,0,0,0,0,0,0,0,28,31,8,0.0,0,0,0,0,0,0,0,0,0,34,28,5
Puget Sound,,2017-18,0.0,0,0,0,0,0,0,0,0,0,1,0,0,0.0,0,0,0,0,0,0,0,0,0,4,1,0
Purdue,,2017-18,0.0,0,0,0,0,0,0,0,0,0,22,29,1,0.0,0,0,0,0,0,0,0,0,0,26,25,4
Qadhafi Turner,Brevard College,2017-18,20.0,0,0,0,0,0,0,1,1,0,0,0,0,16.65,0,0,0,0,0,0,0,0,0,0,0,0
Qiydar Davis,Indiana State,2017-18,20.0,54,115,16,46,24,30,13,21,7,15,47,22,14.98,45,94,12,29,21,29,15,22,10,16,41,22
Quade Green,Kentucky,2017-18,20.0,65,136,25,62,7,10,45,8,0,3,22,33,20.0,41,103,14,43,30,37,30,3,0,8,22,16
Quadre Lollis,Presentation College,2017-18,20.0,1,7,0,0,1,3,1,2,0,1,6,3,19.47,3,10,0,1,2,2,0,0,0,4,4,1
Quamauri Hardy,Arkansas-Pine Bluff,2017-18,20.0,7,21,0,3,4,7,16,9,0,3,4,11,14.55,2,15,0,2,3,5,10,7,0,5,9,7
Quan Cothron,Blue Mountain College,2017-18,20.0,10,21,2,7,4,9,4,1,0,2,11,7,14.87,3,9,1,4,5,10,0,1,0,1,6,3
Quan Hopkins,Randall University,2017-18,20.0,0,1,0,0,0,0,0,0,0,1,0,0,17.52,0,2,0,0,0,0,0,0,0,1,0,1
Quan Jackson,Georgia Southern,2017-18,19.98,32,83,10,26,11,30,14,15,3,20,37,16,14.93,37,86,10,35,32,53,14,28,3,9,30,13
Quantarius Dean,Rust,2017-18,20.0,2,5,2,5,0,2,2,0,0,0,1,2,14.9,0,4,0,4,0,0,1,0,0,0,1,0
Quantavis Hall,Florida National,2017-18,0.0,6,13,1,3,3,3,5,2,0,1,2,5,14.87,3,10,0,3,0,0,0,2,0,0,1,3
Quantice Hunter,Peru State College,2017-18,20.0,3,6,1,3,1,1,1,0,0,0,0,1,14.88,1,4,1,3,0,0,0,1,1,0,1,1
Quashi Phillips,,2017-18,0.0,0,0,0,0,0,0,0,0,0,0,0,0,0.0,0,0,0,0,0,0,0,0,0,0,2,2
Quatarrius Wilson,McNeese,2017-18,20.0,52,108,4,12,19,27,21,9,12,40,82,34,16.13,59,100,1,10,30,54,15,9,13,47,88,24
Quayson Williams,The Citadel,2017-18,20.0,34,86,25,71,7,12,20,15,1,8,29,23,14.75,29,82,20,59,26,28,25,15,2,9,27,19
Que Hall,Concordia College (AL),2017-18,20.0,2,3,2,3,2,2,0,0,0,0,1,0,14.92,0,2,0,2,0,1,0,0,0,0,0,0
Quennell Francis,Southeastern,2017-18,0.0,0,0,0,0,0,0,0,0,0,0,1,1,17.87,2,4,0,1,0,0,0,2,0,0,1,0
Quenten Taylor,Georgia Southwestern,2017-18,20.0,3,5,1,2,0,0,2,1,0,0,3,1,19.55,0,1,0,0,0,2,1,0,0,0,0,0
Quentin Beasley,Penn State Brandywine,2017-18,20.0,0,3,0,1,0,0,1,1,0,0,0,1,14.97,0,0,0,0,0,0,0,0,0,0,0,0
Quentin Goodin,Xavier,2017-18,20.0,53,119,14,39,4,6,81,11,2,4,44,29,14.7,46,105,4,22,56,72,83,15,4,4,45,45
Quentin Jones,Tiffin,2017-18,19.95,3,6,0,1,0,0,0,0,0,0,0,2,16.22,1,2,0,0,0,0,0,0,0,1,0,1
Quentin Scott,Texas State,2017-18,0.0,2,5,0,1,1,2,0,0,0,2,3,1,20.0,1,9,0,2,2,6,1,1,0,5,0,0
Quentin Shropshire,Long Beach State,2017-18,0.0,0,3,0,0,0,0,1,1,1,0,3,1,15.45,0,0,0,0,0,0,2,0,0,1,0,0
Quentin Snider,Louisville,2017-18,20.0,62,156,30,79,22,27,65,12,0,4,39,20,20.0,60,141,31,68,51,57,58,5,0,10,31,25
Quin Conner,Doane,2017-18,20.0,0,0,0,0,1,2,0,0,0,0,0,1,14.9,0,0,0,0,0,0,0,0,0,0,1,0
Quincy,,2017-18,0.0,0,0,0,0,0,0,0,0,0,2,0,0,0.0,0,0,0,0,0,0,0,0,0,1,0,0
Quincy Harding,Western State Colorado University,2017-18,20.0,6,11,4,6,2,2,1,0,0,0,2,5,18.78,1,5,0,3,2,4,0,0,0,1,2,5
Quincy Lunsford,Siena Heights,2017-18,0.0,0,1,0,1,0,0,0,0,0,0,0,0,14.92,0,3,0,2,2,2,1,0,0,0,0,0
Quincy Poitier,North Georgia,2017-18,20.0,1,2,1,2,0,0,0,0,0,0,0,0,14.7,0,1,0,1,0,0,0,0,0,0,0,0
Quincy Washington,Allen,2017-18,20.0,5,17,4,9,6,8,1,0,0,3,7,4,17.9,7,19,1,5,6,8,3,1,0,1,4,0
Quinn Taylor,Utah State,2017-18,20.0,59,110,12,34,17,31,39,17,13,32,82,33,20.0,71,109,7,15,45,63,35,18,13,53,72,32
Quinndary Weatherspoon,Mississippi State,2017-18,20.0,78,169,15,55,33,43,50,20,7,29,75,43,14.78,88,165,19,55,64,83,63,28,5,18,52,44
Quinnipiac,,2017-18,0.0,0,0,0,0,0,0,0,0,0,25,24,9,0.0,0,0,0,0,0,0,0,0,0,23,32,5
Quintin Way,,2017-18,7.28,0,1,0,1,0,0,1,0,0,0,0,0,0.0,0,0,0,0,0,0,0,0,0,0,0,0
Quinton Adlesh,Columbia,2017-18,20.0,58,125,42,90,5,8,33,15,1,5,46,19,17.97,47,102,26,64,8,10,29,13,0,9,27,20
Quinton Moore,Arlington Baptist,2017-18,20.0,5,12,2,7,0,0,2,0,0,0,1,3,14.87,7,15,4,10,2,3,1,4,0,0,1,6
Quinton Rose,Temple,2017-18,20.0,81,208,20,66,17,27,31,20,3,10,50,45,20.0,95,205,25,69,42,63,38,28,1,11,60,34
Quinton Thomas,SE Louisiana,2017-18,20.0,3,12,1,7,4,6,6,3,1,3,17,6,14.88,10,19,6,14,11,13,3,2,0,2,9,7
Quinton Walker,Barclay College,2017-18,20.0,2,3,0,0,0,0,0,0,0,0,1,1,14.93,0,2,0,0,1,2,0,0,0,0,0,1
Quinton Williams,William Carey,2017-18,20.0,2,4,0,0,0,0,0,0,0,2,2,2,17.85,0,3,0,2,0,0,1,0,0,0,1,1
Quiyante Burroughs,Bob Jones University,2017-18,20.0,0,4,0,2,0,0,2,0,0,0,4,1,14.95,1,6,0,1,0,0,1,2,0,0,1,0
R.J. Fuqua,Oral Roberts,2017-18,20.0,14,57,6,22,2,3,0,4,2,1,25,15,17.9,23,61,5,23,13,15,0,7,0,3,15,16
R.J. Sessions,Georgia Southwestern,2017-18,20.0,4,9,2,5,0,0,0,1,0,1,2,3,19.55,1,6,0,1,0,0,0,1,0,2,1,0
R.J. Turner,Ferrum,2017-18,20.0,1,1,1,1,0,0,0,0,0,0,0,2,14.75,1,2,1,1,0,0,0,0,0,0,0,0
RJ Cole,Howard,2017-18,20.0,70,194,31,96,35,47,71,21,0,9,41,37,20.0,73,191,33,91,82,100,51,21,0,11,30,37
RJ Fuqua,Oral Roberts,2017-18,20.0,0,0,0,0,0,0,20,0,0,0,0,0,17.9,0,0,0,0,0,0,23,0,0,0,0,0
RJ Nembhard,TCU,2017-18,0.0,2,5,0,2,0,0,1,0,0,1,2,2,14.75,1,4,0,2,0,0,1,0,1,0,0,1
Ra Kpedi,Vermont,2017-18,20.0,3,9,0,0,5,6,1,0,1,5,9,6,19.97,4,7,0,0,2,2,0,1,1,3,3,1
Raasean Davis,North Carolina Central,2017-18,20.0,112,160,0,0,29,47,6,5,16,50,88,36,19.03,94,141,0,0,27,49,7,11,16,40,77,29
Radford,,2017-18,0.0,0,0,0,0,0,0,0,0,0,17,25,14,0.0,0,0,0,0,0,0,0,0,0,30,23,12
Radwan Bakkali,Jacksonville,2017-18,20.0,13,39,1,4,11,13,2,1,2,8,21,16,14.97,15,30,0,0,9,11,6,0,0,11,13,13
Rae Hubbard,Pacific Union,2017-18,20.0,1,4,0,2,0,0,0,0,0,0,1,0,14.93,2,3,0,1,0,0,0,0,0,1,0,1
Raekwon Harney,North Carolina Central,2017-18,20.0,8,21,3,6,2,3,29,7,0,1,14,10,19.42,10,21,3,7,0,1,22,6,0,2,6,12
Raekwon Miller,UNC Asheville,2017-18,20.0,31,57,16,34,15,21,23,8,1,0,30,17,20.0,23,49,13,27,10,16,18,3,0,8,36,22
Raekwon Rogers,Henderson State,2017-18,20.0,0,0,0,0,0,0,1,1,1,1,0,0,17.87,1,1,0,0,1,1,0,0,0,0,0,0
Rael Windley,Ohio Christian,2017-18,20.0,1,3,1,2,0,0,0,0,0,1,4,1,14.98,1,2,1,2,0,0,1,0,0,0,1,0
Rahim Washington,Bryn Athyn,2017-18,20.0,4,9,2,3,1,2,0,0,0,0,3,0,14.82,1,3,1,2,0,0,1,0,0,0,0,2
Raine McKeython,Stetson,2017-18,20.0,2,12,1,7,0,0,1,0,0,2,2,2,20.0,5,14,3,8,0,0,1,0,1,0,1,0
Raiquan Clark,LIU Brooklyn,2017-18,20.0,88,177,5,20,57,67,29,20,4,34,72,82,20.0,106,177,2,8,121,170,17,19,9,38,91,57
Raivis Scerbinskis,Winthrop,2017-18,20.0,0,3,0,3,0,0,0,1,0,1,1,0,17.83,0,0,0,0,0,0,0,0,0,0,0,0
Rajaan Dixon,FDU-Florham,2017-18,20.0,0,4,0,2,0,0,0,0,0,0,0,1,14.98,1,3,0,1,0,0,0,0,0,1,1,0
Rakim Lubin,LSU Shreveport,2017-18,20.0,2,2,0,0,1,2,1,0,0,0,1,1,20.0,0,1,0,0,0,0,0,0,0,0,1,0
Ralueke Orizu,Savannah St,2017-18,19.98,17,28,0,0,3,6,1,3,6,9,20,5,14.6,8,18,0,0,10,14,1,2,6,9,15,9
Ramar Evans,Wisconsin Parkside,2017-18,20.0,3,8,1,1,4,5,1,0,1,1,5,2,16.33,0,6,0,1,1,2,3,1,0,0,4,2
Ramel Thompkins,South Carolina Upstate,2017-18,20.0,53,123,43,91,19,22,12,11,12,10,71,18,17.93,44,115,21,75,16,19,13,10,16,20,56,13
Ramon Wright,Rowan University,2017-18,20.0,3,6,1,2,0,0,0,0,0,0,3,1,14.95,4,5,1,1,1,1,0,1,1,0,2,2
Ramone Snowden,James Madison,2017-18,20.0,23,65,7,26,12,27,37,21,5,16,39,21,15.48,40,79,22,46,24,36,45,19,3,13,54,28
Randall Gaskins Jr,St. Francis (PA),2017-18,20.0,0,0,0,0,0,0,20,0,0,0,0,0,15.78,0,0,0,0,0,0,6,0,0,0,0,0
Randall Gaskins Jr.,St. Francis (PA),2017-18,20.0,33,62,3,9,8,17,3,8,2,13,26,5,15.78,20,48,0,8,13,18,1,11,2,7,13,10
Randall Smith Jr,Barclay College,2017-18,20.0,1,2,0,0,0,0,2,0,1,0,1,0,14.93,0,0,0,0,0,0,1,0,2,0,1,1
Randall University,,2017-18,0.0,0,0,0,0,0,0,0,0,0,3,3,0,0.0,0,0,0,0,0,0,0,0,0,0,0,0
Randall West,UMass,2017-18,20.0,3,7,0,0,0,1,1,3,0,4,7,1,18.82,3,4,0,0,5,6,2,0,3,6,6,0
Randan Berinobis,Hawaii Hilo,2017-18,20.0,1,5,0,0,0,0,1,0,0,0,5,0,15.85,0,2,0,2,2,2,1,0,0,0,1,1
Randy Brumant,Columbia,2017-18,0.0,0,0,0,0,0,0,0,0,1,1,1,0,14.93,2,4,0,0,1,1,1,0,0,3,4,1
Randy Dupont,Central Pennsylvania College,2017-18,20.0,9,18,5,11,1,2,2,1,0,0,4,5,14.97,5,11,1,3,5,7,1,3,0,1,4,2
Randy Haynes,Old Dominion,2017-18,20.0,70,187,34,104,16,23,33,20,3,12,37,18,20.0,54,147,21,76,12,17,38,17,5,15,46,23
Randy Onwuasor,LSU,2017-18,0.0,21,56,4,14,13,19,14,7,1,9,20,15,14.73,21,37,5,7,11,13,9,9,0,10,14,12
Randy Phillips,Radford,2017-18,20.0,49,87,0,0,19,31,14,6,11,40,42,25,19.55,31,62,0,0,34,57,8,8,19,47,39,32
Randy White,Cal Lutheran,2017-18,20.0,0,1,0,1,0,0,0,0,0,0,0,0,15.8,0,0,0,0,0,0,0,0,0,0,1,0
Raneem Elgedawy,,2017-18,2.82,0,3,0,0,0,0,0,0,0,1,1,0,0.0,1,2,0,0,0,0,1,0,0,0,1,1
Rapolas Ivanauskas,Northwestern,2017-18,0.0,0,0,0,0,0,0,0,0,0,0,0,0,14.9,0,1,0,0,0,0,0,0,0,0,1,0
Raquan Mitchell,Colorado State,2017-18,20.0,42,105,4,28,11,16,25,13,3,11,30,15,20.0,34,81,6,21,22,29,20,5,3,6,33,11
Rasaad Morgan,Edward Waters,2017-18,20.0,5,23,0,0,0,2,0,2,3,5,4,2,14.95,8,14,0,0,3,4,5,0,3,3,12,1
Rashaan Holloway,UMass,2017-18,20.0,21,37,0,0,8,12,3,3,10,7,19,11,20.0,37,54,0,0,13,22,1,1,14,17,24,15
Rashad Austin,Florida A&M,2017-18,20.0,0,0,0,0,0,0,2,0,2,1,0,1,14.8,0,0,0,0,0,1,0,0,0,2,2,1
Rashad Green,Allen,2017-18,20.0,0,2,0,2,0,0,0,0,0,0,1,0,17.9,0,0,0,0,0,0,0,0,0,0,0,1
Rashad Jackson,Portland,2017-18,20.0,2,6,0,2,7,10,1,3,1,1,3,4,20.0,3,12,1,6,2,2,2,2,0,0,2,2
Rashad Lindsey,Arkansas State,2017-18,20.0,43,116,15,47,10,13,39,16,1,13,34,30,16.88,49,114,13,38,31,37,32,11,0,5,14,14
Rashad Reed,Ferrum,2017-18,20.0,1,3,0,0,1,2,0,0,0,0,0,1,14.75,0,2,0,1,0,0,0,0,0,0,1,1
Rashad Satahoo,Valley City State,2017-18,20.0,0,3,0,2,0,0,0,0,0,0,1,0,14.93,2,3,2,3,0,0,0,0,0,0,1,0
Rashann London,,2017-18,0.0,0,0,0,0,0,0,0,0,0,0,0,1,0.0,0,0,0,0,0,0,0,0,0,0,0,0
Rashard Kelly,Wichita State,2017-18,20.0,36,72,1,7,17,33,44,8,10,51,83,19,14.95,29,66,1,10,34,53,39,11,8,53,63,24
Rashard Odomes,Oklahoma,2017-18,19.9,39,84,4,9,14,31,18,4,1,25,29,9,16.07,42,76,3,5,22,40,15,6,1,21,24,14
Rashaun Madison,,2017-18,1.02,0,0,0,0,0,0,2,1,0,0,1,0,0.0,0,0,0,0,0,0,0,0,0,0,1,0
Rashawn Chapman,,2017-18,0.0,0,0,0,0,0,0,0,0,0,0,0,0,0.0,0,0,0,0,0,0,0,0,0,0,1,0
Rashawn Ellis,Le Moyne-Owen,2017-18,20.0,4,9,1,4,3,4,0,0,0,0,1,0,17.98,5,10,3,5,1,2,1,1,0,0,0,0
Rashed Anthony,Saint Louis,2017-18,0.0,8,13,0,0,1,3,3,2,11,6,10,12,14.85,2,3,0,0,4,5,0,1,8,4,7,2
Rasheed Michell,Hiwassee College,2017-18,20.0,0,1,0,0,0,0,0,0,0,0,0,0,14.7,1,5,0,2,0,0,1,0,0,0,1,0
Rasheem Dunn,St. Francis (BKN),2017-18,20.0,68,179,24,69,25,37,24,18,1,6,54,25,20.0,65,160,11,56,61,74,32,17,0,11,68,29
Rasheem Etienne,Webber International,2017-18,20.0,3,13,2,11,0,0,3,1,1,1,3,5,20.0,5,9,2,5,1,2,5,4,0,0,3,1
Rasheide Bell,KY Wesleyan,2017-18,20.0,2,5,1,3,0,0,4,0,0,1,2,1,14.78,2,4,0,2,0,2,0,0,0,0,2,2
Raul Frias,LIU Brooklyn,2017-18,20.0,23,62,17,49,2,3,8,4,2,6,19,7,20.0,9,24,7,20,1,2,3,3,1,6,12,3
Rauno Nurger,Wichita State,2017-18,20.0,31,67,6,17,10,13,9,4,12,17,27,11,14.95,24,38,2,8,10,16,6,1,1,13,28,2
Rawle Alkins,Arizona,2017-18,20.0,48,114,15,47,12,16,26,11,7,19,28,31,20.0,45,109,15,42,53,75,30,15,9,22,38,26
Ray Bowles,UC Santa Cruz,2017-18,20.0,1,3,1,2,0,2,0,0,0,1,0,0,14.8,3,4,1,2,2,2,1,1,0,0,2,1
Ray Bowles Jr,Fresno State,2017-18,20.0,0,0,0,0,0,0,27,0,0,0,0,0,17.93,0,0,0,0,0,0,21,0,0,0,0,0
Ray Bowles Jr.,Fresno State,2017-18,20.0,48,126,15,47,19,34,2,12,1,11,32,18,17.93,54,112,12,39,28,46,1,15,3,7,34,17
Ray Croon,Kentucky State,2017-18,20.0,5,9,2,2,0,2,1,0,0,2,5,5,14.88,3,5,0,0,2,2,0,0,0,0,2,1
Ray Crossland,Eastern Illinois,2017-18,20.0,40,108,8,39,12,17,17,13,4,27,42,29,20.0,37,97,15,33,30,47,15,14,6,30,31,23
Ray Jerome,Pennsylvania,2017-18,0.0,0,0,0,0,0,0,0,0,0,0,0,0,14.97,0,0,0,0,0,0,2,0,0,0,1,0
Ray Kowalski,,2017-18,0.67,24,59,19,43,5,5,10,2,0,3,17,13,0.0,16,41,10,23,5,5,5,2,0,1,8,6
Ray Ona Embo,Tulane,2017-18,20.0,48,117,19,61,20,27,45,15,3,9,40,24,20.0,52,111,26,61,26,37,48,8,2,5,38,22
Ray Salnave,Monmouth,2017-18,20.0,35,78,8,26,28,37,20,12,1,3,36,28,19.25,37,84,7,20,58,74,23,22,0,10,34,31
Ray Spalding,Louisville,2017-18,20.0,75,144,2,9,20,36,20,23,32,50,87,34,20.0,82,142,1,5,49,70,18,19,20,51,77,18
RaySean Scott Jr,Florida Gulf Coast,2017-18,20.0,0,0,0,0,0,0,7,0,0,0,0,0,20.0,0,0,0,0,0,0,5,0,0,0,0,0
RaySean Scott Jr.,Florida Gulf Coast,2017-18,20.0,41,62,2,5,9,16,0,5,9,16,40,10,20.0,26,37,0,4,16,18,1,2,3,22,30,6
Rayford Rigby,Bethesda,2017-18,20.0,0,2,0,0,0,0,1,2,0,0,3,0,14.68,1,3,0,0,0,0,0,1,0,0,0,0
Raylon Hardy,Centenary,2017-18,20.0,0,1,0,0,0,0,1,0,0,0,1,5,14.88,1,2,0,0,0,0,1,2,0,0,1,0
Raymon Pratt,North Carolina A&T,2017-18,0.0,11,20,1,5,5,8,1,0,0,5,4,6,17.88,7,11,0,0,7,10,3,0,0,4,2,4
Raymond Savage,Staten Island,2017-18,20.0,1,1,1,1,0,0,1,0,0,0,0,0,14.95,0,1,0,1,2,2,1,1,0,0,1,1
Raynere Thornton,Memphis,2017-18,20.0,25,56,10,23,16,31,17,8,2,15,47,22,17.97,32,68,9,28,28,51,20,13,2,19,47,15
Rayshaun Hammonds,Georgia,2017-18,20.0,42,106,9,32,13,16,25,8,4,30,52,20,14.6,38,81,7,21,27,39,20,6,2,18,55,22
Rayshawn Miller,UMass,2017-18,20.0,27,80,16,47,0,0,26,5,0,3,21,17,20.0,28,73,14,42,10,14,30,8,2,3,21,14
Rayshawn Neal,South Carolina State,2017-18,20.0,13,29,0,3,5,9,9,3,0,3,9,8,14.98,7,15,0,0,6,6,10,2,0,6,6,10
Reagan Babyar,Ecclesia College,2017-18,0.0,1,6,1,5,0,0,0,0,0,0,2,0,14.87,1,5,0,2,0,0,1,0,0,1,2,0
Rebecca Reuter,,2017-18,3.07,0,2,0,1,2,2,0,0,1,0,2,1,0.0,0,0,0,0,2,2,0,0,0,0,0,2
Recardo Travis,Midway,2017-18,0.0,0,0,0,0,0,0,0,0,0,0,0,0,14.88,0,1,0,1,0,0,0,0,0,0,0,0
Reed Farley,Harvard,2017-18,20.0,1,9,1,7,0,0,2,2,0,5,2,3,20.0,2,14,2,12,0,0,1,2,0,3,3,1
Reed Nikko,Missouri,2017-18,20.0,13,29,0,0,13,24,3,4,17,12,36,13,14.85,13,19,0,0,8,16,3,1,4,6,6,3
Reed Plantz,,2017-18,0.0,0,0,0,0,0,0,0,0,0,1,0,0,0.0,0,0,0,0,0,0,0,0,0,0,1,0
Reed Tellinghuisen,South Dakota State,2017-18,19.92,76,153,37,81,27,38,31,6,4,16,63,15,20.0,59,129,24,66,42,56,21,10,11,13,63,9
Reed Timmer,Drake,2017-18,20.0,86,203,41,105,73,81,41,7,1,11,45,34,20.0,92,196,48,110,103,120,28,12,2,6,51,26
Reese Mona,Maryland,2017-18,20.0,0,0,0,0,1,2,0,0,0,0,0,1,15.57,1,1,0,0,0,1,0,0,0,1,1,0
Reggie Breeden,Kentucky State,2017-18,20.0,4,8,2,3,1,2,1,1,0,0,1,0,14.88,1,7,0,1,0,0,2,0,0,0,1,0
Reggie Davis,Lynchburg,2017-18,0.0,0,0,0,0,0,0,0,0,0,1,0,1,19.93,2,5,1,3,4,4,0,0,0,0,1,0
Reggie Dillard,Presbyterian,2017-18,20.0,78,178,25,83,22,32,23,8,1,7,46,42,14.98,91,194,38,88,52,69,29,12,8,9,33,39
Reggie Dixon,Whittier,2017-18,20.0,1,6,0,2,0,0,0,0,0,0,3,1,14.93,0,1,0,1,0,0,0,0,0,0,0,2
Reggie Jones,Western Michigan,2017-18,20.0,49,146,17,67,14,16,30,9,3,11,47,30,14.92,57,129,18,50,43,55,34,17,3,16,47,29
Reggie Lynch,Minnesota,2017-18,20.0,34,62,0,0,29,42,14,4,34,28,37,12,17.93,19,27,0,0,21,26,7,4,29,20,32,8
Reggie Miller,Texas State,2017-18,20.0,6,16,3,9,3,5,5,2,0,1,8,1,20.0,2,5,0,0,5,5,6,1,0,1,2,8
Reggie Rouse,St. Mary's (MD),2017-18,20.0,1,1,1,1,0,0,0,0,0,0,0,0,14.98,0,0,0,0,0,0,0,0,0,0,0,1
Reggie Scurry,Missouri State,2017-18,20.0,36,65,2,6,17,23,2,1,8,17,17,11,20.0,25,63,0,3,14,24,1,2,11,15,27,6
Reggie Theus Jr,CSU Northridge,2017-18,0.0,0,0,0,0,0,0,8,0,0,0,0,0,16.72,0,0,0,0,0,0,9,0,0,0,0,0
Reggie Theus Jr.,CSU Northridge,2017-18,20.0,44,109,3,5,5,14,0,6,4,12,11,17,16.72,29,70,1,4,13,22,0,6,2,16,18,11
Reginal Johnson,Alcorn State,2017-18,20.0,15,41,5,21,1,2,4,4,0,3,6,3,14.73,15,29,2,8,7,10,4,3,1,7,10,2
Reginald Gardner Jr,,2017-18,1.83,51,166,34,108,23,32,21,6,4,7,15,23,0.0,47,123,27,78,31,36,27,5,2,5,26,13
Reginald Gee,Alabama State,2017-18,20.0,41,101,15,38,21,30,8,3,3,9,27,18,14.78,44,87,18,37,40,50,7,7,3,10,29,11
Reginald Giles,Delaware State,2017-18,0.0,0,0,0,0,0,0,0,0,0,0,1,0,18.37,2,4,0,0,0,0,0,0,0,1,1,0
Reginald Mcknight Jr,,2017-18,0.0,2,6,1,2,0,1,0,1,0,1,1,3,0.0,2,2,0,0,1,1,0,0,1,1,2,1
Reginald Rogers,Pittsburgh-Bradford,2017-18,20.0,1,4,0,0,0,0,1,0,0,0,2,1,14.82,0,2,0,0,0,0,2,0,0,0,1,3
Regis Johnson,Centenary,2017-18,20.0,2,5,0,0,2,3,0,0,0,0,3,2,14.88,0,0,0,0,0,0,0,0,0,0,1,4
Reid Travis,Stanford,2017-18,20.0,138,258,11,33,62,96,20,11,3,49,86,37,17.75,95,181,6,22,90,130,24,15,1,47,98,32
Reilly Walsh,NJIT,2017-18,20.0,25,54,10,26,1,3,18,14,1,14,21,12,20.0,23,48,4,15,9,15,16,16,0,11,33,12
Reinhardt,,2017-18,0.0,0,0,0,0,0,0,0,0,0,1,2,0,0.0,0,0,0,0,0,0,0,0,0,2,1,1
Remu Raitanen,San Francisco,2017-18,20.0,18,51,10,38,9,9,6,6,1,8,24,10,17.72,15,50,10,32,17,22,7,2,2,11,21,3
Remy Martin,Arizona State,2017-18,20.0,50,122,9,31,27,37,47,12,2,7,36,26,17.0,51,104,13,28,38,49,44,20,0,14,30,13
Renard Suggs,Omaha,2017-18,0.0,6,24,5,21,0,0,6,1,0,0,6,3,17.23,5,11,3,7,0,0,3,0,0,1,6,3
Rene Castro-Caneddy,Duquesne,2017-18,20.0,76,164,26,65,36,46,44,16,0,12,38,26,20.0,65,146,19,67,27,36,50,8,2,5,27,27
Reno Dupor,University of the Ozarks,2017-18,20.0,2,3,1,1,2,4,3,1,0,0,1,0,14.8,0,1,0,0,0,0,1,0,0,1,0,0
Rex Hollis,Louisiana College,2017-18,20.0,2,4,1,2,0,0,1,1,0,1,0,0,14.87,0,1,0,0,0,0,0,0,0,0,0,1
Rex Pflueger,Notre Dame,2017-18,20.0,43,129,16,60,19,27,50,23,2,25,51,34,17.88,42,107,20,57,33,41,48,12,5,14,42,16
Rhett Baerlocher,St. Martin's,2017-18,20.0,0,1,0,1,0,0,1,0,0,0,0,0,18.95,2,3,1,2,0,1,0,0,0,1,0,1
Rhode Island,,2017-18,0.0,0,0,0,0,0,0,0,0,0,27,22,2,0.0,0,0,0,0,0,0,0,0,0,20,17,5
Ria'n Holland,Mercer,2017-18,20.0,54,114,29,61,26,28,14,13,1,3,20,11,20.0,36,81,16,40,22,27,19,11,0,9,17,13
Ricardo Bullock,NC Wesleyan,2017-18,20.0,3,6,0,0,0,0,0,1,1,0,4,1,14.68,1,1,0,0,0,0,0,0,3,0,2,2
Ricardo Greaves,Mobile,2017-18,20.0,1,1,0,0,1,2,0,1,0,0,1,0,17.9,2,3,0,0,0,0,0,0,0,0,1,2
Rice,,2017-18,0.0,0,0,0,0,0,0,0,0,0,15,31,5,0.0,0,0,0,0,0,0,0,0,0,19,16,4
Rich Kelly,Quinnipiac,2017-18,20.0,45,124,14,60,15,21,65,6,0,2,36,42,20.0,53,141,24,72,43,54,75,16,4,8,21,41
Rich Williams,Manhattan,2017-18,19.92,81,172,30,68,16,19,35,11,2,10,46,41,20.0,59,151,19,52,33,42,40,9,2,12,57,41
Richard Coil,Florida Tech,2017-18,20.0,2,3,0,1,1,2,0,0,1,1,3,0,20.0,6,8,4,5,0,1,0,1,0,4,4,1
Richard Feagin,Morehead State,2017-18,0.0,6,13,3,6,0,0,4,2,0,1,8,6,14.97,2,6,0,2,0,0,3,0,0,0,4,2
Richard Harward,Utah Valley,2017-18,0.0,0,1,0,0,0,0,0,0,1,0,0,0,14.58,1,3,0,0,1,4,0,0,2,3,1,0
Richard Henderson,Austin Peay,2017-18,0.0,26,44,0,0,9,20,2,6,8,13,29,11,17.6,15,29,0,0,11,24,3,1,4,8,13,5
Richard Laku,McNeese,2017-18,20.0,4,8,3,5,4,6,0,0,2,2,4,3,16.13,6,23,5,15,2,2,1,2,2,2,7,2
Richard Lee,Southern,2017-18,20.0,17,46,10,28,2,4,3,1,0,1,13,3,20.0,13,29,8,18,0,0,3,1,0,2,2,2
Richard Polanco,Eastern Washington,2017-18,0.0,22,46,7,20,9,10,5,3,2,6,15,11,15.25,10,23,2,8,8,11,5,0,2,2,11,14
Richard Rosas,Cairn University,2017-18,20.0,0,1,0,1,0,0,0,0,0,0,1,0,14.85,2,3,2,2,0,0,0,0,0,0,1,1
Richaud Gittens,Seattle,2017-18,20.0,60,138,26,67,29,38,27,23,4,21,49,21,17.4,47,118,12,51,27,35,15,15,1,30,55,32
Richie Thornton V,Benedictine (AZ),2017-18,20.0,2,7,0,2,0,0,2,1,0,0,0,1,18.28,2,6,1,3,1,2,0,0,1,0,3,3
Richmond,,2017-18,0.0,0,0,0,0,0,0,0,0,0,17,13,10,0.0,0,0,0,0,0,0,0,0,0,15,15,4
Richmond Aririguzoh,Princeton,2017-18,20.0,15,29,0,0,3,8,12,0,7,5,13,8,20.0,11,14,0,0,6,14,5,0,3,12,7,12
Rickey Holden,CSU Bakersfield,2017-18,19.98,32,77,5,27,13,15,23,7,0,6,15,14,14.93,28,77,11,34,18,26,27,10,0,6,12,19
Rickey McCollum,Rust,2017-18,20.0,5,8,3,6,0,1,2,0,0,1,4,2,14.97,2,10,2,8,3,5,0,2,0,0,0,3
Rickey McGill,Iona,2017-18,20.0,60,153,23,66,22,33,91,28,2,12,53,43,20.0,93,178,25,57,43,63,79,23,2,11,51,45
Rickie Bowser,Fisk,2017-18,20.0,0,2,0,1,0,0,0,0,0,0,0,0,14.88,0,0,0,0,0,0,0,0,0,0,0,0
Ricky Doyle,Florida Gulf Coast,2017-18,20.0,23,41,0,1,7,10,7,5,7,7,24,16,20.0,22,38,0,0,10,17,9,4,12,10,27,12
Ricky Madison,High Point,2017-18,20.0,27,51,0,0,20,28,4,4,4,25,39,13,14.88,25,48,0,0,11,16,5,7,2,19,26,8
Ricky Nelson,Weber State,2017-18,20.0,14,38,3,11,17,23,26,5,0,2,12,8,20.0,15,27,5,9,21,25,18,8,0,3,8,13
Rider,,2017-18,0.0,0,0,0,0,0,0,0,0,0,16,24,7,0.0,0,0,0,0,0,0,0,0,0,19,14,2
Ridge Droskin,Mesa College,2017-18,0.0,0,0,0,0,0,0,0,0,0,0,0,0,14.95,1,1,0,0,0,1,1,0,0,1,1,0
Rigaud Destime,Staten Island,2017-18,0.0,0,0,0,0,0,0,0,0,0,0,0,3,14.95,0,2,0,2,0,0,0,1,0,0,0,0
Rijnard Hartman,Ohio Christian,2017-18,20.0,1,2,0,0,0,0,1,0,0,0,0,3,14.98,1,1,0,0,0,0,0,0,1,1,0,1
Riley Anderson,Portland Bible,2017-18,20.0,1,7,0,2,0,0,1,0,0,1,2,1,14.83,0,1,0,1,0,0,2,1,0,1,1,1
Riley Bruil,Linfield College,2017-18,20.0,2,6,1,5,0,0,0,1,0,0,0,2,14.95,3,4,2,3,0,1,2,2,0,0,0,0
Riley Court,Weber State,2017-18,0.0,0,0,0,0,0,0,0,0,0,0,0,0,14.77,1,2,0,0,0,0,0,0,0,1,0,1
Riley Hayes,Catholic University,2017-18,20.0,5,7,0,0,0,0,0,0,0,2,1,1,15.57,1,4,0,0,2,2,0,0,0,1,0,2
Riley King,Montana-Western,2017-18,20.0,1,3,1,1,4,4,0,0,1,0,2,1,14.8,1,2,1,2,0,0,0,0,0,0,1,1
Riley LaChance,Vanderbilt,2017-18,20.0,73,159,39,86,8,10,50,4,0,5,48,21,17.6,79,173,40,103,47,61,51,10,0,7,41,19
Riley Nedved,Doane,2017-18,20.0,1,1,0,0,0,0,1,0,1,0,1,1,14.9,0,0,0,0,0,0,0,0,0,0,0,0
Riley Norris,Alabama,2017-18,20.0,7,16,4,9,0,1,5,1,0,3,6,4,20.0,7,18,2,10,4,6,1,2,0,2,8,0
Riley Tegtmeier,,2017-18,0.0,0,0,0,0,0,0,0,0,0,0,0,2,0.0,0,0,0,0,0,0,0,0,0,0,0,0
Riley Tetreault,Wheaton (MA),2017-18,19.98,0,3,0,2,0,0,0,0,0,1,2,1,14.97,1,2,0,1,0,0,0,0,0,1,0,1
Riley Voss,Cornell,2017-18,20.0,0,2,0,0,1,4,0,0,0,1,1,1,14.93,1,3,0,1,1,1,1,0,0,3,3,2
Riley Welch,UC Irvine,2017-18,20.0,2,9,0,5,0,0,4,0,0,1,5,4,15.7,1,2,1,1,4,4,4,0,0,1,1,1
Rinardo Perry,UMass Lowell,2017-18,20.0,40,100,12,43,17,27,21,17,6,10,24,21,20.0,43,95,12,41,14,24,13,9,2,10,19,11
Rio Grande,,2017-18,0.0,0,0,0,0,0,0,0,0,0,2,0,0,0.0,0,0,0,0,0,0,0,0,0,1,0,0
Rio Haskett,Harvard,2017-18,20.0,19,62,9,25,4,5,20,9,0,8,22,17,20.0,16,48,5,19,6,12,14,8,0,6,18,17
Rion Black-Hogins,Whittier,2017-18,0.0,0,0,0,0,0,0,0,0,0,0,0,0,14.93,0,1,0,1,0,0,0,0,0,0,0,0
River Reed,Loyola (MD),2017-18,20.0,9,13,0,2,4,9,3,1,3,4,10,3,15.18,3,8,0,0,2,4,3,1,1,3,5,1
Riyadh Asad,Presentation College,2017-18,20.0,1,7,0,6,0,0,1,1,0,0,1,0,19.47,0,3,0,2,0,0,1,2,0,0,1,0
Rj Hadfield,Curry College,2017-18,0.0,0,0,0,0,0,0,0,0,0,0,0,0,14.97,1,1,1,1,0,0,0,0,0,0,0,0
Rob Brown,Bluefield State,2017-18,20.0,1,3,1,2,0,0,0,0,0,0,0,1,14.88,0,1,0,0,2,2,0,0,0,0,2,1
Rob DePersia,Rowan University,2017-18,20.0,0,2,0,2,0,0,3,1,0,1,2,4,14.95,0,2,0,1,0,0,1,2,0,1,0,0
Rob Gray,Houston,2017-18,20.0,101,236,35,89,60,76,88,23,2,12,53,41,20.0,115,248,26,80,96,118,60,15,2,11,47,37
Rob Hunter,,2017-18,0.0,0,0,0,0,0,0,0,0,0,0,0,0,0.0,0,0,0,0,0,0,0,0,0,0,2,0
Rob Johnson,The Citadel,2017-18,20.0,13,30,0,5,6,12,6,5,8,12,23,13,14.75,12,23,1,4,9,16,6,4,4,11,13,5
Rob Marberry,Lipscomb,2017-18,19.95,92,161,0,0,27,32,27,7,6,30,52,22,17.95,105,164,0,2,57,79,28,13,15,30,59,21
Rob McCalley,Culver-Stockton,2017-18,20.0,1,2,0,0,0,2,1,0,0,2,0,1,14.53,0,0,0,0,0,0,0,0,0,0,0,0
Rob Shaw,Chicago State,2017-18,20.0,23,79,0,7,6,8,35,13,0,9,17,29,14.93,24,58,0,5,6,9,19,12,0,5,6,12
Rob Tindley,Penn State Brandywine,2017-18,0.0,0,0,0,0,0,0,0,0,0,0,0,0,14.97,2,4,2,2,0,0,0,1,0,0,0,0
Robbie Benavides,St. Mary's (TX),2017-18,20.0,1,2,1,2,2,2,2,0,0,0,1,1,17.57,0,1,0,1,0,0,1,1,0,1,0,0
Robbie Berwick,Colorado State,2017-18,20.0,9,28,4,14,4,5,11,5,0,1,5,4,20.0,5,13,3,8,6,8,4,0,0,2,3,1
Robbie Feinberg,Harvard,2017-18,20.0,0,4,0,4,0,0,0,1,0,0,0,1,18.83,1,1,1,1,0,0,0,0,0,0,0,0
Robby Dosier,Quincy,2017-18,20.0,0,3,0,3,0,0,0,0,0,0,1,0,14.53,1,1,0,0,0,0,0,0,0,1,2,2
Robby Lowey,Wheaton (MA),2017-18,19.98,0,1,0,0,0,0,1,0,0,1,0,0,14.97,0,0,0,0,0,0,0,0,0,0,0,0
Robert Baker,Harvard,2017-18,20.0,11,27,2,10,10,13,7,8,7,7,30,11,20.0,6,25,5,16,2,2,6,3,3,2,20,5
Robert Benson,California Merced,2017-18,20.0,0,1,0,0,0,0,0,0,0,0,1,1,14.87,0,1,0,0,0,0,0,0,0,0,0,0
Robert Cartwright,Stanford,2017-18,20.0,21,54,10,28,8,12,33,5,1,3,23,14,17.75,18,51,6,22,10,14,24,7,0,3,13,10
Robert DeVries,Quincy,2017-18,20.0,1,2,0,1,0,0,0,0,0,0,0,0,14.53,0,2,0,2,0,0,0,0,0,0,0,0
Robert Franks,Washington State,2017-18,15.45,83,181,30,75,54,59,31,9,15,27,72,37,19.98,84,165,31,73,42,51,23,4,12,19,71,29
Robert Hobson,Johnson & Wales (NC),2017-18,20.0,6,20,2,14,0,0,1,2,1,1,1,3,14.98,5,17,3,12,2,2,6,2,0,0,5,0
Robert Horn,Bob Jones University,2017-18,0.0,0,0,0,0,0,0,0,0,0,0,0,0,14.95,0,0,0,0,0,1,0,0,0,0,0,0
Robert Iii Thomas,Edward Waters,2017-18,20.0,0,2,0,1,0,0,0,0,0,0,0,0,14.95,0,0,0,0,0,0,0,0,0,0,0,0
Robert Johnson,Indiana,2017-18,20.0,72,172,37,93,18,24,33,13,3,1,64,35,14.98,76,168,27,71,27,42,42,10,2,4,62,36
Robert Jones,Miles,2017-18,20.0,0,1,0,0,0,0,0,0,0,0,1,1,14.85,3,4,0,0,0,0,1,0,0,1,2,0
Robert Kincade,Benedictine (AZ),2017-18,20.0,2,4,2,3,0,0,4,1,0,0,1,2,18.28,0,3,0,1,3,4,2,2,1,0,1,2
Robert Knar,UMKC,2017-18,0.0,7,18,3,8,2,3,7,2,0,0,11,1,14.95,9,17,1,2,6,8,7,2,0,1,10,6
Robert Lewis,Texas Southern,2017-18,20.0,17,44,8,24,8,14,6,2,1,1,12,9,14.97,13,30,8,17,5,8,5,1,2,1,17,3
Robert Little,St. Martin's,2017-18,20.0,3,3,3,3,0,0,1,0,0,0,1,1,18.95,0,1,0,1,0,0,0,0,0,0,1,0
Robert Martin,Rice,2017-18,20.0,28,73,3,15,19,32,14,5,0,14,38,23,20.0,29,57,5,16,28,38,10,8,2,9,23,25
Robert Morris,,2017-18,0.0,0,0,0,0,0,0,0,0,0,24,25,8,0.0,0,0,0,0,0,0,0,0,0,23,24,0
Robert Neal,Piedmont International,2017-18,20.0,0,5,0,1,0,1,0,1,0,1,0,1,14.88,0,2,0,0,0,0,0,0,0,1,1,0
Robert Thomas III,Edward Waters,2017-18,20.0,2,6,1,3,2,3,3,3,0,0,1,1,14.77,2,3,0,1,0,0,1,0,0,0,1,0
Robert Washington,Texas College,2017-18,20.0,0,2,0,0,0,0,0,0,1,1,0,2,17.62,2,2,0,0,0,1,1,2,0,1,0,0
Robert White,Loyola New Orleans,2017-18,20.0,1,3,0,0,1,2,0,0,4,1,3,3,14.77,1,2,0,0,0,0,0,0,2,0,0,0
Robert Williams,Texas A&M,2017-18,20.0,58,97,0,4,13,23,20,9,33,31,108,30,14.8,73,107,0,6,15,36,21,13,40,32,88,19
Robert Wilson,NC Wesleyan,2017-18,20.0,6,12,2,3,1,2,1,1,1,5,3,5,14.68,4,6,2,4,1,2,4,0,0,2,2,0
Roberto Gallinat,Pacific,2017-18,20.0,67,156,22,69,43,53,15,7,3,9,37,20,20.0,64,144,22,71,57,78,14,12,4,14,24,24
Roberto Vercellino,Northern Colorado,2017-18,0.0,10,20,1,7,11,14,7,6,3,12,17,8,17.9,9,16,0,4,6,9,4,1,7,9,21,3
Roberts Blumbergs,Grand Canyon,2017-18,20.0,28,76,12,42,27,31,13,5,4,16,36,21,14.73,26,66,5,30,13,20,8,3,3,14,29,13
Robertson Christian,,2017-18,0.0,0,0,0,0,0,0,0,0,0,0,1,1,15.13,0,1,0,0,0,0,1,0,0,0,0,0
Robin Jorch,Boise State,2017-18,0.0,9,14,0,0,1,2,1,2,2,10,13,13,14.78,8,13,0,0,4,6,1,0,1,10,5,5
Rochester College,,2017-18,0.0,0,0,0,0,0,0,0,0,0,0,0,1,0.0,0,0,0,0,0,0,0,0,0,3,1,1
Rockford,,2017-18,0.0,0,0,0,0,0,0,0,0,0,1,2,0,0.0,0,0,0,0,0,0,0,0,0,2,2,0
Rockhurst,,2017-18,0.0,0,0,0,0,0,0,0,0,0,0,3,0,0.0,0,0,0,0,0,0,0,0,0,2,0,0
Rocky Kreuser,North Dakota State,2017-18,20.0,22,55,8,27,5,7,5,2,1,10,15,6,17.87,15,35,6,17,8,12,4,1,4,14,18,9
Rod Henry-Hayes,Northern Illinois,2017-18,20.0,5,16,3,13,2,4,6,0,2,1,8,3,17.85,9,16,5,12,0,0,5,2,0,3,2,0
Rod Mills Jr,Miami (OH),2017-18,20.0,0,0,0,0,0,0,10,0,0,0,0,0,14.75,0,0,0,0,0,0,9,0,0,0,0,0
Rod Mills Jr.,Miami (OH),2017-18,20.0,26,78,9,32,3,3,1,10,5,12,44,10,20.0,19,54,6,24,11,13,0,3,3,8,21,14
Roddy Peters,Nicholls,2017-18,20.0,105,217,5,15,69,86,69,24,2,14,86,58,20.0,104,198,6,21,88,118,59,18,3,14,71,59
Roderick Howell,North Greenville,2017-18,20.0,2,4,0,0,0,0,0,0,0,1,3,0,14.93,0,0,0,0,1,4,0,0,0,2,1,1
Roderick Johnson,,2017-18,0.0,0,0,0,0,0,0,0,0,0,0,1,0,0.0,0,0,0,0,0,0,0,0,0,0,0,0
Roderick Taylor,UL Monroe,2017-18,20.0,6,13,0,0,2,3,2,3,3,3,13,8,20.0,5,9,0,0,2,4,1,1,0,4,7,4
Rodney Bullock,Providence,2017-18,20.0,75,175,21,67,39,54,12,7,11,27,62,35,14.77,85,190,23,70,62,81,20,19,17,21,78,27
Rodney Chatman,,2017-18,0.5,63,139,20,64,34,45,66,15,5,5,59,42,0.0,64,131,21,52,48,57,61,17,9,3,48,37
Rodney Gill,Southern Miss,2017-18,0.0,0,0,0,0,0,0,0,0,0,0,0,0,20.0,0,1,0,0,0,0,0,0,0,0,0,0
Rodney Hunter,Columbia,2017-18,20.0,7,14,0,3,5,6,9,9,5,7,26,12,17.97,4,9,0,0,2,4,8,1,2,5,6,4
Rodney Miller,,2017-18,19.35,0,0,0,0,0,1,0,0,0,0,0,0,0.0,0,0,0,0,0,0,0,0,0,0,1,0
Rodney Miller Jr.,Miami,2017-18,20.0,4,6,0,0,2,7,0,0,1,3,2,3,20.0,0,0,0,0,0,0,0,0,0,0,0,0
Rodney Redmond,Rust,2017-18,20.0,0,1,0,1,0,0,2,0,0,0,4,2,14.97,0,2,0,0,0,1,0,0,0,0,1,1
Rodney Ross,Bethune-Cookman,2017-18,20.0,0,4,0,0,0,0,0,0,0,2,0,0,19.28,0,0,0,0,0,0,0,0,0,0,0,0
Rodney Simeon,Alabama State,2017-18,20.0,10,39,6,27,4,5,1,2,1,2,9,8,17.97,9,28,6,20,2,2,0,1,1,4,9,3
Rodrick Caldwell,Bowling Green,2017-18,20.0,39,115,17,56,25,35,37,9,0,4,27,23,20.0,35,90,17,50,38,52,38,7,1,2,20,18
Rodrick Sikes,South Alabama,2017-18,20.0,89,203,42,105,67,85,11,16,5,3,44,34,15.78,74,179,39,109,72,94,12,12,3,9,34,20
Roger Clarke Jr.,Paine,2017-18,20.0,0,1,0,1,0,0,0,0,0,0,0,1,16.32,0,0,0,0,0,0,0,0,0,0,0,0
Rogers Printup,UC Davis,2017-18,20.0,9,27,7,23,0,0,6,1,1,0,12,6,17.87,10,24,5,15,2,2,1,1,1,2,7,3
Rogers State,,2017-18,0.0,0,0,0,0,0,0,0,0,0,0,2,0,0.0,0,0,0,0,0,0,0,0,0,1,0,0
Rokas Gustys,Hofstra,2017-18,20.0,59,99,0,0,13,48,19,11,4,51,109,33,20.0,67,93,0,0,19,47,18,13,7,52,105,16
Rokas Mazionis,Wayland Baptist University,2017-18,20.0,2,4,0,0,0,0,0,1,0,2,1,0,14.82,4,6,0,0,0,0,2,0,0,3,3,0
Rokas Ulvydas,UCF,2017-18,20.0,9,16,0,0,11,18,0,2,12,7,21,9,20.0,10,21,0,0,4,9,1,0,7,8,12,6
Roland Griffin,Iona,2017-18,20.0,63,127,0,3,30,44,23,7,11,15,65,25,20.0,60,114,2,5,36,56,19,6,10,20,56,21
Roland Watkins,East-West University,2017-18,0.0,0,0,0,0,0,0,0,0,0,0,0,0,14.58,1,1,0,0,0,0,0,0,0,0,0,0
Romain Louiserre,Missouri Science & Technology,2017-18,20.0,1,6,0,1,0,0,0,0,0,1,2,1,14.92,4,5,1,1,0,0,0,0,0,0,1,0
Roman Davis,California,2017-18,20.0,9,22,1,1,7,17,5,1,0,10,22,9,19.23,6,24,1,5,4,7,4,2,0,5,10,4
Roman Penn,Siena,2017-18,0.0,29,70,6,29,24,28,33,18,1,13,36,18,15.0,29,73,13,32,30,36,19,8,4,20,35,27
Roman Sorkin,Oregon,2017-18,20.0,14,30,7,18,6,8,4,0,5,5,6,2,17.87,8,14,2,8,1,1,1,0,1,3,4,3
Roman Youngblut,Augustana (IL),2017-18,19.97,0,0,0,0,2,2,0,0,0,0,0,1,14.83,1,1,0,0,1,2,0,0,0,0,1,0
Romello White,Arizona State,2017-18,20.0,54,85,0,0,42,78,6,4,16,39,77,26,14.83,59,87,0,0,32,53,7,4,7,33,61,15
Romeo Crouch,Presbyterian,2017-18,0.0,24,66,12,40,5,13,15,19,0,17,41,25,14.98,32,68,18,36,12,19,19,9,2,26,30,20
Romin Williams,Emory,2017-18,19.95,1,1,1,1,0,0,0,0,0,0,0,1,17.95,7,11,3,6,1,1,1,0,0,1,1,0
Romone Saunders,Wagner,2017-18,15.0,52,139,18,57,17,20,21,16,3,26,45,31,20.0,72,145,29,70,28,44,25,13,4,16,64,18
Ron Patterson,IUPUI,2017-18,20.0,55,136,32,86,8,11,28,14,10,7,40,32,17.68,50,127,25,77,16,26,25,17,8,8,35,17
Ron Trapps,,2017-18,12.35,0,1,0,0,1,2,0,0,0,1,0,0,0.0,1,1,1,1,0,0,0,0,0,0,1,0
Ronald Delph,Florida Atlantic,2017-18,20.0,87,190,0,2,21,33,9,6,23,46,95,28,20.0,90,173,0,0,27,37,9,7,29,30,81,18
Ronald Whitaker,Florida International,2017-18,20.0,4,10,0,3,1,2,3,1,1,1,5,4,12.82,8,13,1,2,0,1,0,2,0,5,5,3
Rondale Watson,Marshall,2017-18,20.0,35,87,9,35,5,8,16,11,4,13,30,15,20.0,35,71,11,25,17,25,15,15,3,14,28,13
Ronnie Baylark,Tusculum,2017-18,20.0,2,3,1,2,0,0,0,0,0,0,0,0,15.4,1,1,1,1,0,0,1,0,0,0,3,1
Ronnie Gombe,Robert Morris,2017-18,20.0,22,43,0,0,0,2,0,8,10,16,26,14,14.95,18,34,0,0,4,14,0,9,9,22,22,9
Ronnie Harrell Jr,,2017-18,8.23,0,0,0,0,0,0,13,0,0,0,0,0,0.0,0,0,0,0,0,0,9,0,0,0,0,0
Ronnie Harrell Jr.,Creighton,2017-18,20.0,30,62,7,23,11,11,23,9,1,15,61,14,20.0,23,54,5,17,22,30,9,6,6,10,49,17
Ronnie Jackson,Oak Hills Christian,2017-18,20.0,2,2,1,1,2,2,0,0,0,0,3,2,14.57,1,6,1,5,0,0,0,0,0,0,1,0
Ronnie Kozak,California Merced,2017-18,20.0,1,1,0,0,0,0,1,0,1,0,3,2,14.87,0,3,0,0,0,0,1,0,0,1,1,0
Ronnie Rousseau III,Missouri State,2017-18,20.0,20,62,7,31,6,9,26,5,0,2,17,17,20.0,29,76,12,35,9,19,14,5,1,4,10,12
Ronnie Stacy,Oregon State,2017-18,0.0,7,20,2,5,1,3,7,2,1,2,11,11,20.0,5,13,0,1,5,12,4,0,0,4,6,3
Ronny Williams,Anderson (IN),2017-18,20.0,0,1,0,1,0,2,0,0,0,0,0,1,14.78,1,3,0,1,0,0,1,2,0,0,2,1
Ronshad Shabazz,Appalachian State,2017-18,20.0,100,241,46,117,34,50,51,18,0,2,30,40,14.87,96,249,31,107,76,113,40,16,1,14,30,33
Ronzell Evans,Paine,2017-18,20.0,2,6,0,0,0,0,0,1,0,3,0,0,16.32,0,2,0,0,0,0,0,1,0,0,0,0
Roody Romain,Florida Memorial,2017-18,20.0,1,4,0,0,1,2,1,1,0,3,3,3,12.82,1,6,0,0,1,3,0,0,0,2,2,2
Roosevelt Smart,North Texas,2017-18,20.0,102,255,58,149,49,58,21,9,8,9,61,35,14.73,99,254,61,172,103,114,9,13,2,7,70,28
Roschon Prince,Detroit Mercy,2017-18,20.0,44,85,0,3,27,43,15,5,3,27,43,20,15.68,52,88,0,2,49,61,20,14,10,41,43,16
Roshane O'Brian,Asbury,2017-18,20.0,1,2,0,0,0,0,0,0,1,0,0,1,15.18,2,3,0,0,0,0,0,0,0,1,2,3
Roshaun Milline,Middle Georgia State,2017-18,20.0,2,10,0,5,0,0,1,0,1,1,2,0,17.52,3,9,0,3,0,2,0,0,0,1,1,0
Ross Cummings,Mercer,2017-18,0.0,31,79,21,55,13,17,10,6,1,1,20,6,14.97,41,84,31,63,15,20,3,1,0,3,18,9
Ross Owens,Missouri State,2017-18,0.0,4,11,2,9,0,0,2,1,0,1,3,5,14.92,1,6,0,5,0,0,0,1,1,0,1,2
Ross Young,Mt. St. Mary's,2017-18,20.0,0,1,0,0,0,0,0,0,0,1,0,1,18.7,0,0,0,0,0,0,0,0,0,0,0,0
Rovan Halloway,San Diego Christian,2017-18,20.0,5,8,0,0,2,4,1,0,0,0,6,2,14.82,2,5,0,0,3,4,0,1,0,2,2,1
Rowan University,,2017-18,0.0,0,0,0,0,0,0,0,0,0,1,0,0,0.0,0,0,0,0,0,0,0,0,0,1,0,0
Roy Zavala,Walla Walla University,2017-18,20.0,1,6,1,4,0,0,4,0,0,0,2,5,15.25,4,8,2,5,0,0,1,1,0,0,2,3
Royce Hamm Jr.,Texas,2017-18,0.0,0,1,0,0,3,4,0,0,1,1,2,2,16.02,1,5,0,2,1,4,0,0,0,0,3,1
Rozelle Nix,South Alabama,2017-18,0.0,2,9,0,0,0,0,3,0,1,3,4,12,15.78,10,18,0,0,0,1,0,1,1,5,8,6
Ruben Arroyo,Presbyterian,2017-18,0.0,28,53,4,15,4,11,6,1,8,8,31,9,14.98,21,33,3,5,9,20,4,5,2,22,17,8
Ruben Fuaamba,Northern Arizona,2017-18,20.0,2,2,0,0,0,0,0,0,0,0,1,0,14.88,0,0,0,0,0,0,0,0,0,0,2,0
Ruben Fuamba,Northern Arizona,2017-18,0.0,2,10,0,0,0,2,1,1,6,10,16,10,14.82,2,4,0,0,4,6,0,0,4,7,14,2
Ruben Lopez,Wayland Baptist University,2017-18,20.0,0,3,0,3,0,0,1,0,0,1,3,0,14.82,0,4,0,2,0,0,0,0,0,0,0,0
Rudy Lavanture,Staten Island,2017-18,0.0,0,0,0,0,0,0,0,0,0,0,0,1,14.95,1,3,0,0,1,2,0,1,0,0,1,1
Rudy Stradnieks,Southern Illinois,2017-18,20.0,24,42,2,8,5,10,9,0,0,6,17,16,16.55,15,38,0,11,7,8,4,3,1,6,14,7
Rui Hachimura,Gonzaga,2017-18,20.0,89,148,2,13,34,45,15,7,9,27,64,27,14.97,60,114,2,11,63,79,5,12,10,19,56,18
Russell Taylor,,2017-18,0.0,0,0,0,0,0,0,0,0,0,0,0,0,0.0,0,0,0,0,0,0,0,0,0,0,0,1
Rust,,2017-18,0.0,0,0,0,0,0,0,0,0,0,2,0,1,0.0,0,0,0,0,0,0,0,0,0,3,1,0
Rusty Reigel,Davidson,2017-18,20.0,17,38,14,32,0,0,22,8,0,4,27,11,14.98,16,28,7,15,5,9,29,8,1,11,28,8
Rutgers,,2017-18,0.0,0,0,0,0,0,0,0,0,0,26,27,6,0.0,0,0,0,0,0,0,0,0,0,22,13,6
Ry Paulsen,Multnomah,2017-18,20.0,2,5,2,5,0,0,0,0,0,1,3,0,14.8,0,1,0,1,0,0,0,0,0,0,0,0
Ryainni Scott,Fisk,2017-18,19.9,7,15,1,3,1,2,1,1,0,2,4,0,17.92,6,15,1,2,3,7,2,0,1,4,7,2
Ryan Allen,Delaware,2017-18,20.0,83,188,40,103,13,18,26,11,2,5,31,21,17.6,71,187,42,100,30,43,16,4,4,3,31,23
Ryan Atkins,Southeastern,2017-18,20.0,3,6,1,2,2,2,2,0,0,0,1,3,17.87,3,7,0,2,8,8,0,1,0,0,3,2
Ryan Bernstein,Kent State,2017-18,20.0,0,2,0,2,0,0,0,0,0,0,2,0,19.65,1,2,0,0,1,2,1,4,0,1,0,0
Ryan Betley,Pennsylvania,2017-18,20.0,80,177,43,104,27,32,15,13,7,9,68,18,20.0,59,148,32,87,48,65,25,12,7,9,59,24
Ryan Blanchett,Florida National,2017-18,0.0,2,3,0,0,0,0,0,1,0,1,1,0,14.87,0,3,0,1,0,0,0,1,0,0,3,1
Ryan Briscoe,Quincy,2017-18,20.0,1,3,1,1,2,2,3,0,0,0,0,1,14.53,0,3,0,2,0,0,0,1,0,0,1,2
Ryan Bruns,Ohio Northern,2017-18,20.0,2,6,0,3,0,0,3,1,2,2,1,0,20.0,5,15,0,1,1,2,1,1,1,3,6,2
Ryan Burkhardt,North Florida,2017-18,0.0,13,33,13,30,0,0,10,1,1,2,20,9,14.93,17,36,17,35,4,5,11,2,1,1,9,6
Ryan Carmello,Marist,2017-18,0.0,0,0,0,0,0,0,0,0,0,0,0,0,20.0,1,1,0,0,0,0,0,0,0,1,0,0
Ryan Chaney,Hardin-Simmons,2017-18,20.0,1,3,1,3,0,0,0,0,0,1,1,0,18.05,0,0,0,0,1,2,1,0,0,0,1,0
Ryan Cline,Purdue,2017-18,20.0,20,68,15,48,0,0,32,7,2,1,30,7,14.87,24,43,20,38,5,6,27,4,0,2,27,11
Ryan Daly,Delaware,2017-18,20.0,95,217,28,71,29,46,29,17,2,18,67,14,19.13,71,170,13,64,49,81,35,13,1,19,51,19
Ryan Edwards,Portland State,2017-18,20.0,62,127,3,12,17,28,7,6,28,22,28,26,20.0,53,117,5,16,37,51,9,4,27,39,39,21
Ryan Fiorucci,Rockford University,2017-18,0.0,0,0,0,0,0,0,0,0,0,0,0,0,14.78,2,4,2,4,0,0,0,1,0,0,3,2
Ryan Fogarty,Wheaton (MA),2017-18,19.98,1,7,0,2,2,3,0,0,0,0,3,2,14.97,0,3,0,2,0,0,1,0,0,0,0,0
Ryan Funk,Marist,2017-18,19.35,53,115,40,93,21,32,6,6,4,5,32,8,20.0,49,129,32,87,20,24,7,6,0,1,41,14
Ryan Garza,St. Edward's,2017-18,20.0,2,6,2,4,1,2,0,0,0,0,1,4,17.1,2,6,1,4,0,0,1,2,0,1,2,2
Ryan Gomes,Mt. St. Mary's,2017-18,0.0,24,47,0,0,4,13,6,5,7,10,19,9,14.57,24,38,0,0,8,15,2,2,5,8,13,5
Ryan Haywood,California Merced,2017-18,20.0,1,5,1,3,0,0,0,2,1,0,0,1,14.87,1,3,0,1,2,2,0,1,0,1,1,3
Ryan Henry,Whittier,2017-18,0.0,0,0,0,0,0,0,0,0,0,0,0,0,14.93,1,4,0,1,0,0,0,0,0,0,2,0
Ryan House,Alice Lloyd College,2017-18,20.0,0,3,0,2,0,0,0,0,0,1,0,0,14.98,3,8,0,4,0,0,1,2,0,0,0,0
Ryan Johnson,Mercer,2017-18,20.0,7,18,1,8,9,12,5,3,0,5,17,1,14.97,4,9,1,3,11,18,4,2,3,6,5,9
Ryan Jones,UMass Lowell,2017-18,20.0,46,102,16,41,27,35,45,8,1,10,54,31,20.0,45,109,17,50,33,50,32,9,3,9,51,28
Ryan Kemrite,Liberty,2017-18,20.0,43,107,30,78,13,14,16,14,1,3,31,8,14.9,57,118,42,80,21,25,14,7,1,11,34,15
Ryan Kreklow,Missouri State,2017-18,20.0,25,80,18,62,3,4,19,11,1,6,33,18,20.0,19,66,12,43,33,36,23,11,4,2,22,9
Ryan Kriener,Iowa,2017-18,20.0,17,33,0,2,3,8,10,3,2,11,17,14,14.93,25,44,2,8,4,11,14,8,5,8,14,4
Ryan Lacey,George Fox,2017-18,20.0,1,4,0,1,3,3,2,0,1,0,0,0,14.98,1,5,0,3,1,2,2,0,0,1,2,0
Ryan Lawrence,Central Pennsylvania College,2017-18,20.0,0,4,0,3,0,0,0,0,0,0,0,2,14.97,3,8,3,7,0,0,0,1,0,0,0,0
Ryan Layman,Bryant,2017-18,20.0,17,38,3,17,0,2,7,3,3,8,23,10,14.6,10,28,6,17,2,4,3,4,2,8,27,7
Ryan Legler,Rowan University,2017-18,20.0,2,3,2,3,0,0,0,1,0,0,2,1,14.95,0,0,0,0,0,0,0,0,0,0,0,1
Ryan Littel,,2017-18,0.0,0,0,0,0,0,0,0,0,0,0,0,3,0.0,0,0,0,0,0,0,0,0,0,0,0,0
Ryan Luther,Pittsburgh,2017-18,20.0,20,41,7,13,2,4,11,5,1,13,26,12,20.0,19,39,3,9,14,18,14,9,5,13,24,5
Ryan Maas,Western Illinois,2017-18,0.0,0,0,0,0,0,0,0,0,0,0,0,0,14.57,1,2,1,1,0,0,1,0,0,1,0,0
Ryan Manning,Air Force,2017-18,20.0,26,68,14,48,14,18,7,6,4,8,17,9,20.0,24,62,10,35,11,13,5,2,1,11,32,12
Ryan McElmurry,Eureka College,2017-18,20.0,5,8,4,6,0,0,4,0,0,0,1,4,14.73,0,3,0,1,0,0,3,0,0,0,1,5
Ryan McHenry,La Verne,2017-18,20.0,2,4,1,2,0,2,0,0,0,0,0,1,14.87,0,1,0,0,0,0,0,0,1,0,0,0
Ryan McLaurin,Alabama A&M,2017-18,0.0,0,0,0,0,0,0,0,0,0,0,0,0,14.9,0,1,0,0,0,0,0,0,0,0,0,1
Ryan McMahon,Louisville,2017-18,20.0,21,48,17,37,6,6,16,14,1,0,12,15,20.0,20,53,15,42,18,21,18,9,1,4,11,12
Ryan Middendorf,Lake Erie College,2017-18,15.0,2,4,1,2,0,0,2,0,0,0,1,1,20.0,2,2,2,2,2,3,0,0,0,0,1,0
Ryan Murphy,Charlotte,2017-18,0.0,23,53,16,40,0,0,9,3,0,0,11,8,14.78,18,50,12,33,4,8,7,6,0,1,9,7
Ryan Otis,Our Lady of the Lake,2017-18,20.0,2,4,0,0,1,2,0,0,0,1,4,2,20.0,2,5,0,0,0,0,0,0,1,0,2,0
Ryan Parilla,San José St,2017-18,20.0,0,0,0,0,0,0,5,0,0,0,1,1,14.95,0,2,0,0,0,0,1,1,0,1,0,1
Ryan Pearson,Navy,2017-18,20.0,20,46,14,33,1,2,5,2,0,2,3,8,14.95,5,20,3,12,4,4,1,1,0,0,8,0
Ryan Peter,St. Francis (ILL),2017-18,20.0,1,3,1,1,0,0,0,0,0,0,2,1,14.93,0,1,0,0,0,0,0,0,0,0,1,2
Ryan Pippins,Little Rock,2017-18,20.0,20,60,12,27,10,14,17,9,0,2,18,17,14.98,22,57,7,19,11,16,4,3,0,1,16,9
Ryan Preston,Rhode Island,2017-18,20.0,5,10,0,1,0,0,2,2,5,3,6,2,20.0,1,6,0,0,1,4,0,1,1,4,2,2
Ryan Reagan,Navy,2017-18,0.0,0,0,0,0,0,0,0,0,0,0,0,0,14.9,1,2,0,0,2,3,0,0,0,1,1,0
Ryan Richardson,Weber State,2017-18,20.0,57,122,37,86,10,13,30,19,5,2,40,20,20.0,67,147,40,96,23,32,27,13,3,4,43,20
Ryan Schweiger,Princeton,2017-18,20.0,0,3,0,2,0,0,1,0,0,0,0,0,18.18,0,2,0,1,0,0,0,0,0,0,0,1
Ryan Schwieger,Princeton,2017-18,20.0,18,37,3,11,7,8,6,4,1,2,15,12,20.0,5,21,2,9,5,11,2,7,1,5,13,9
Ryan Singer,San José St,2017-18,0.0,0,2,0,0,2,2,0,0,0,1,6,2,14.95,1,3,0,0,0,0,0,0,0,1,3,1
Ryan Stipanovich,Bradley,2017-18,0.0,10,18,7,13,7,7,7,5,1,6,14,14,17.68,8,18,7,12,4,4,7,11,1,9,6,6
Ryan Strollo,Youngstown St,2017-18,0.0,2,5,2,4,0,0,0,0,0,0,2,2,14.98,0,1,0,1,0,1,0,0,0,0,0,0
Ryan Stulken,Wartburg,2017-18,20.0,0,2,0,0,2,2,0,0,0,2,2,0,17.48,0,2,0,2,0,0,0,0,0,0,1,0
Ryan Swan,Air Force,2017-18,20.0,48,96,8,18,21,30,16,5,10,23,37,15,20.0,39,83,10,21,37,47,20,12,4,25,40,13
Ryan Taylor,Evansville,2017-18,20.0,84,217,28,79,18,22,16,13,2,3,51,31,16.88,104,231,36,73,52,59,11,7,4,9,31,25
Ryan Traub,Susquehanna University,2017-18,20.0,2,6,0,1,0,0,0,0,0,1,3,2,20.0,7,11,2,5,3,6,0,1,0,1,2,1
Ryan Welage,San José St,2017-18,20.0,91,192,33,63,20,24,17,6,2,10,66,20,14.95,77,169,23,63,67,73,22,10,2,12,60,29
Ryan Woolridge,North Texas,2017-18,20.0,68,154,4,24,29,52,105,25,9,11,68,68,14.73,109,204,12,27,48,100,96,26,7,16,83,52
Rydealous Taylor,Middle Georgia State,2017-18,0.0,0,0,0,0,0,0,0,0,0,0,0,0,17.52,1,4,1,3,1,2,0,0,0,0,1,1
Ryghe Lyons,Nicholls,2017-18,0.0,27,53,1,2,4,9,19,7,26,25,29,21,14.93,25,45,0,2,8,10,16,9,14,13,22,22
Ryker Pierce,UC Riverside,2017-18,20.0,3,11,2,8,2,2,2,1,0,2,1,2,19.23,1,8,1,6,4,5,0,2,0,0,1,0
Rylan Bergersen,BYU,2017-18,20.0,2,5,1,2,0,0,1,0,0,0,1,0,20.0,0,1,0,1,2,2,1,2,0,0,4,1
Rylee Zimmerman,Doane,2017-18,20.0,0,6,0,2,0,0,1,0,0,0,1,1,14.9,1,2,0,1,1,1,0,0,0,1,1,0
Ryley Callaghan,Hawaii Hilo,2017-18,20.0,0,5,0,2,0,0,0,1,0,0,1,0,15.85,0,1,0,1,2,2,1,0,0,0,0,1
Ryne Williams,San Francisco State,2017-18,20.0,1,2,0,1,0,0,1,0,0,0,0,0,15.45,2,2,1,1,0,0,1,0,0,0,3,0
SE Louisiana,,2017-18,0.0,0,0,0,0,0,0,0,0,0,21,23,5,0.0,0,0,0,0,0,0,0,0,0,20,8,1
SIU-Edwardsville,,2017-18,0.0,0,0,0,0,0,0,0,0,0,37,26,2,0.0,0,0,0,0,0,0,0,0,0,26,20,3
SMU,,2017-18,0.0,0,0,0,0,0,0,0,0,0,19,29,16,0.0,0,0,0,0,0,0,0,0,0,18,19,9
Sa'eed Nelson,American,2017-18,20.0,82,193,7,43,53,71,57,26,1,8,33,52,14.72,83,177,18,43,64,99,73,18,3,11,37,46
Sabastian Townes,Bryant,2017-18,20.0,42,101,0,4,22,32,17,4,2,11,20,17,16.0,45,92,0,4,37,55,20,3,1,26,21,17
Saben Lee,Vanderbilt,2017-18,20.0,51,122,11,39,31,44,47,22,3,7,29,41,17.6,62,118,12,34,53,69,47,17,1,13,38,29
Sacar Anim,Marquette,2017-18,20.0,43,97,3,16,18,31,27,14,1,15,33,22,14.57,36,76,2,10,23,35,23,12,0,21,15,14
Sacha Killeya-Jones,Kentucky,2017-18,20.0,20,39,0,1,7,15,3,4,10,17,35,9,20.0,20,28,0,0,15,22,5,2,7,22,18,11
Sacramento State,,2017-18,0.0,0,0,0,0,0,0,0,0,0,12,13,1,0.0,0,0,0,0,0,0,0,0,0,18,20,1
Sacred Heart,,2017-18,0.0,0,0,0,0,0,0,0,0,0,15,30,7,0.0,0,0,0,0,0,0,0,0,0,15,23,8
Sadeeq Bello,Northwestern Ohio,2017-18,20.0,1,6,1,5,0,0,3,0,0,0,2,1,20.0,2,7,2,4,0,0,3,1,0,0,5,1
Sagaba Konate,West Virginia,2017-18,20.0,76,156,0,0,31,40,14,8,65,39,76,23,14.87,66,127,0,0,41,51,8,5,43,47,88,21
Sahlil Harris,Pittsburgh-Bradford,2017-18,20.0,1,5,0,1,0,0,3,1,0,1,1,0,14.82,0,2,0,0,0,0,0,0,1,0,1,1
Said Hersi,Eastern Oregon,2017-18,20.0,3,6,1,2,2,3,1,0,0,1,2,1,14.78,1,4,1,3,0,0,0,1,0,0,0,0
Saint Hilaire,Rogers State,2017-18,20.0,3,5,1,1,0,0,0,0,0,0,1,0,18.22,0,0,0,0,2,2,0,0,0,1,1,0
Saint Joseph's,,2017-18,0.0,0,0,0,0,0,0,0,0,0,19,32,4,0.0,0,0,0,0,0,0,0,0,0,21,26,5
Saint Louis,,2017-18,0.0,0,0,0,0,0,0,0,0,0,18,24,4,0.0,0,0,0,0,0,0,0,0,0,29,26,9
Saint Mary's,,2017-18,0.0,0,0,0,0,0,0,0,0,0,13,19,2,0.0,0,0,0,0,0,0,0,0,0,15,13,1
Saint Peter's,,2017-18,0.0,0,0,0,0,0,0,0,0,0,8,19,13,0.0,0,0,0,0,0,0,0,0,0,16,17,4
Sal Barbetto,Mercy,2017-18,20.0,0,2,0,0,1,1,1,0,0,0,1,0,14.73,1,2,0,0,0,0,0,1,0,0,1,2
Saleik Edwards,Delaware State,2017-18,20.0,6,23,2,9,5,7,1,6,0,3,3,6,14.85,3,13,1,6,1,2,2,0,0,3,1,2
Salif Boudie,Arkansas State,2017-18,20.0,18,25,0,0,7,13,1,4,12,17,30,15,20.0,15,21,0,0,13,22,2,3,10,16,35,4
Salomon Smith,Hardin-Simmons,2017-18,20.0,3,6,1,4,0,0,0,0,3,0,4,2,18.05,2,6,1,3,0,0,0,1,2,0,2,1
Salvatore Palazzolo,City College (NY),2017-18,20.0,1,4,1,2,0,0,0,0,0,0,0,0,14.85,1,5,0,2,0,0,0,0,0,0,0,1
Sam Alabakis,UL Monroe,2017-18,20.0,21,40,0,0,8,18,0,4,2,13,35,13,20.0,17,20,0,0,9,11,0,0,4,10,22,19
Sam Auguste,Jarvis Christian,2017-18,20.0,4,12,2,8,0,0,1,2,0,1,4,2,14.9,1,1,1,1,0,0,0,0,0,0,1,1
Sam Averbuck,Wyoming,2017-18,20.0,0,1,0,0,0,0,1,0,0,0,1,1,16.72,0,0,0,0,0,0,0,1,0,0,1,1
Sam Berlin,High Point,2017-18,0.0,5,9,0,0,0,4,0,0,1,6,8,1,14.88,4,5,0,0,3,4,1,2,0,5,5,2
Sam Bide,Paine,2017-18,20.0,0,0,0,0,0,0,1,1,0,0,0,2,16.32,0,0,0,0,0,0,1,0,0,0,4,2
Sam Bittner,Fresno State,2017-18,20.0,32,56,16,33,11,13,23,16,6,5,28,11,14.8,19,39,17,32,2,3,22,13,3,15,28,10
Sam Burmeister,Incarnate Word,2017-18,20.0,21,54,7,20,10,16,11,4,0,0,26,13,20.0,28,57,12,28,12,19,7,8,0,1,23,17
Sam Cunliffe,Kansas,2017-18,20.0,6,15,2,7,0,0,1,0,0,1,3,2,14.63,5,8,0,1,2,2,1,1,0,1,2,1
Sam Daniel,Florida Tech,2017-18,20.0,1,7,1,3,0,0,0,0,0,3,1,0,20.0,2,10,0,4,0,0,0,2,0,1,1,2
Sam Dowd,Idaho State,2017-18,20.0,10,24,5,11,8,10,11,2,0,1,7,16,17.0,5,14,0,5,6,11,9,3,0,2,5,6
Sam Flores,St. Thomas (TX),2017-18,20.0,2,4,2,4,0,0,2,0,0,0,3,0,20.0,2,6,2,6,0,0,0,0,0,0,2,0
Sam Frayer,Ohio,2017-18,0.0,0,0,0,0,0,0,0,0,0,0,0,0,14.77,0,2,0,1,0,0,0,0,0,0,2,0
Sam Green,Drexel,2017-18,20.0,5,12,2,6,2,4,3,0,0,1,5,1,20.0,6,8,2,4,0,2,2,1,0,2,6,2
Sam Hauser,Marquette,2017-18,20.0,82,162,46,93,11,17,39,17,8,15,78,19,14.57,75,148,41,79,33,37,41,15,6,17,69,17
Sam Houston State,,2017-18,0.0,0,0,0,0,0,0,0,0,0,26,34,8,0.0,0,0,0,0,0,0,0,0,0,37,27,7
Sam Hunt,NC State,2017-18,20.0,30,77,25,67,13,13,3,9,0,2,15,3,14.72,23,51,22,48,4,5,5,4,0,1,8,5
Sam Ibiezugbe,Monmouth,2017-18,0.0,4,7,0,0,0,0,0,2,0,1,7,2,16.42,4,8,0,0,0,2,0,0,1,3,3,1
Sam Idowu,Saint Peter's,2017-18,20.0,44,91,9,32,11,16,4,2,14,13,33,15,17.98,37,87,8,35,31,38,8,10,15,16,55,19
Sam Iorio,American,2017-18,20.0,54,134,21,59,25,36,19,22,9,19,58,29,14.72,65,128,24,57,35,40,10,13,8,20,59,20
Sam Japhet-Mathias,Wake Forest,2017-18,20.0,1,2,0,0,0,0,0,0,0,1,2,1,17.67,1,2,0,0,0,0,0,0,0,2,1,2
Sam Johnson,Jamestown,2017-18,20.0,1,5,1,4,0,0,1,0,0,0,1,0,14.83,1,5,1,5,2,3,0,1,0,0,2,2
Sam Jones,Pennsylvania,2017-18,20.0,11,21,11,21,0,0,1,1,0,0,7,0,20.0,4,11,4,10,1,2,0,0,0,0,6,0
Sam Kaminski,,2017-18,0.0,0,0,0,0,0,0,0,0,0,0,0,0,0.0,0,0,0,0,0,0,0,0,0,0,2,0
Sam Kearns,Oral Roberts,2017-18,20.0,23,74,15,53,14,14,36,5,0,3,19,25,17.9,34,85,22,54,10,12,40,6,0,2,13,23
Sam Knollmeyer,Wentworth,2017-18,19.98,2,3,0,0,0,2,1,0,0,0,1,1,14.75,1,2,0,0,1,2,1,0,0,0,0,1
Sam Kohnke,Millsaps,2017-18,20.0,1,3,1,3,0,0,1,0,0,0,0,2,14.9,0,1,0,1,0,0,0,0,0,1,1,0
Sam Lindgren,Colgate,2017-18,0.0,5,8,0,0,0,0,2,4,0,2,10,1,14.82,7,9,0,0,3,3,2,1,2,4,6,2
Sam Logwood,New Mexico,2017-18,20.0,61,128,2,7,30,34,21,5,0,22,38,31,14.98,57,112,1,3,58,75,19,9,0,24,43,28
Sam McDaniel,UL Monroe,2017-18,20.0,74,182,29,80,27,37,37,19,4,18,76,30,20.0,73,159,37,81,52,61,21,12,4,18,54,31
Sam Merrill,Utah State,2017-18,20.0,83,168,48,97,21,29,48,19,4,3,42,24,20.0,92,177,42,94,44,48,48,13,3,3,53,34
Sam Neumann,Montana State,2017-18,16.6,26,41,5,13,17,24,20,8,0,18,41,14,20.0,14,29,5,13,16,23,5,4,1,22,47,5
Sam Norton,Loyola (MD),2017-18,0.0,7,24,1,4,4,4,12,3,2,9,26,7,20.0,10,18,1,2,18,23,9,8,0,11,26,5
Sam Roth,NW Nazarene,2017-18,20.0,1,2,1,1,0,0,0,1,0,0,0,0,17.77,1,1,0,0,1,1,0,0,0,0,2,0
Sam Schwietz,,2017-18,0.0,0,0,0,0,0,0,0,0,0,0,0,1,0.0,0,0,0,0,0,0,0,0,0,0,0,0
Sam Skoyen,Wisconsin-La Crosse,2017-18,20.0,1,1,1,1,1,2,0,0,0,0,0,1,19.53,1,3,0,1,1,2,0,2,0,0,0,0
Sam Talbert,,2017-18,0.0,0,0,0,0,0,0,0,0,0,0,1,0,0.0,0,0,0,0,0,0,0,0,0,0,0,0
Sam Timmins,Washington,2017-18,20.0,25,42,0,0,10,22,4,7,12,20,63,27,20.0,23,43,0,0,22,33,4,6,17,28,37,13
Sam Waardenburg,Miami,2017-18,19.92,12,29,6,14,0,0,10,7,6,9,14,9,20.0,12,25,8,14,7,8,7,3,2,14,15,4
Sam Walters,UC Santa Barbara,2017-18,0.0,1,5,0,4,0,0,3,0,0,0,0,1,17.73,2,5,1,4,0,0,4,2,0,1,5,3
Samajae Haynes-Jones,Wichita State,2017-18,20.0,24,58,7,16,12,14,19,3,0,3,6,10,14.95,16,43,6,13,12,21,11,3,0,1,12,8
Samba Ndiaye,Charleston,2017-18,0.0,2,3,0,0,1,2,0,0,1,5,6,1,20.0,0,5,0,0,0,2,0,0,3,6,4,1
Sambia Ndiaye,,2017-18,12.62,0,1,0,0,0,0,0,0,0,0,2,1,0.0,0,0,0,0,0,0,0,0,1,0,0,2
Samford,,2017-18,0.0,0,0,0,0,0,0,0,0,0,27,31,2,0.0,0,0,0,0,0,0,0,0,0,20,22,0
Sami El-Rafey,Bridgewater,2017-18,20.0,3,6,0,1,3,4,1,1,0,0,2,0,15.48,1,3,0,0,1,2,0,1,0,2,2,0
Samir Sehic,Tulane,2017-18,20.0,62,107,12,33,31,46,11,10,7,29,41,16,20.0,47,80,5,15,52,69,13,1,6,43,39,17
Sammy Frazier,Concordia College (AL),2017-18,20.0,1,5,0,0,0,0,0,1,1,1,2,2,14.92,1,1,0,0,1,2,0,0,0,2,0,0
Sammy Friday,Siena,2017-18,15.0,10,25,0,0,10,16,0,3,2,16,15,6,20.0,9,19,0,0,5,8,1,0,1,8,11,5
Sammy Mojica,Drexel,2017-18,20.0,60,157,28,83,19,29,21,21,5,11,43,25,20.0,63,167,30,100,26,38,20,25,5,32,40,18
Samson George,Pittsburgh,2017-18,20.0,2,2,0,0,0,0,1,0,0,0,4,0,20.0,1,4,0,0,0,1,0,0,0,1,3,0
Samson Oyediran,Tennessee State,2017-18,20.0,3,4,0,0,0,0,0,1,0,4,6,0,17.97,1,2,0,1,0,0,2,1,0,2,5,3
Samuel Arnold,William Peace,2017-18,20.0,1,2,1,2,0,0,0,0,0,0,5,1,14.87,2,5,1,2,0,0,0,0,0,0,1,0
Samuel Dingba,Vermont,2017-18,20.0,7,11,0,0,4,8,1,1,2,6,7,3,14.98,2,3,0,0,4,7,0,2,2,4,6,2
Samuel Egedi,Harris Stowe,2017-18,20.0,2,3,0,0,0,0,0,0,0,0,1,0,14.67,1,2,0,0,2,2,0,1,0,1,0,0
Samuel Williams,City College (NY),2017-18,20.0,2,5,1,2,0,0,0,0,0,1,2,1,14.85,2,5,0,1,0,0,0,1,0,0,0,0
Samuli Nieminen,Stephen F. Austin,2017-18,20.0,14,26,5,10,7,9,2,1,2,10,21,24,17.98,12,24,3,7,10,13,6,8,1,9,9,13
Samuta Avea,Hawai'i,2017-18,20.0,16,36,2,13,2,3,5,3,1,6,13,11,20.0,8,19,3,8,3,5,4,1,0,5,15,4
San Antonio Brinson,NJIT,2017-18,20.0,8,20,0,5,5,8,4,6,4,4,14,4,14.97,9,24,0,5,8,11,6,2,2,10,9,3
San Diego,,2017-18,0.0,0,0,0,0,0,0,0,0,0,19,19,10,0.0,0,0,0,0,0,0,0,0,0,27,18,7
San Diego Christian College,,2017-18,0.0,0,0,0,0,0,0,0,0,0,4,3,1,0.0,0,0,0,0,0,0,0,0,0,1,2,0
San Diego State,,2017-18,0.0,0,0,0,0,0,0,0,0,0,17,18,0,0.0,0,0,0,0,0,0,0,0,0,25,19,2
San Francisco,,2017-18,0.0,0,0,0,0,0,0,0,0,0,30,23,7,0.0,0,0,0,0,0,0,0,0,0,28,21,2
San Francisco St,,2017-18,0.0,0,0,0,0,0,0,0,0,0,0,4,0,0.0,0,0,0,0,0,0,0,0,0,0,0,0
San José State,,2017-18,0.0,0,0,0,0,0,0,0,0,0,18,22,8,0.0,0,0,0,0,0,0,0,0,0,14,15,6
Sandor Rodriguez,Linfield College,2017-18,20.0,0,1,0,1,0,0,1,0,0,0,1,3,14.95,0,0,0,0,0,2,1,0,0,0,1,0
Sandro Mamukelashvili,Seton Hall,2017-18,20.0,11,27,0,6,7,12,9,1,8,14,14,8,14.97,14,27,5,13,7,10,4,4,6,9,14,5
Sandy Cohen III,Green Bay,2017-18,19.18,46,100,14,34,26,36,24,16,5,6,48,31,20.0,50,106,11,38,51,70,26,13,7,3,55,18
Santa Clara,,2017-18,0.0,0,0,0,0,0,0,0,0,0,13,14,8,0.0,0,0,0,0,0,0,0,0,0,8,7,2
Sarah Lawrence,,2017-18,0.0,0,0,0,0,0,0,0,0,0,0,0,0,0.0,0,0,0,0,0,0,0,0,0,0,1,0
Sarju Patel,VMI,2017-18,20.0,12,35,8,19,0,0,8,1,0,0,10,15,14.72,12,32,6,18,5,9,6,2,1,4,15,8
Satchel Pierce,Penn State,2017-18,20.0,7,19,0,1,9,17,0,3,1,11,11,10,20.0,4,12,0,0,5,6,1,0,4,3,9,7
Saul Phiri,La Salle,2017-18,20.0,32,86,20,58,12,14,25,17,7,17,57,17,17.98,23,84,15,59,28,34,17,16,8,13,49,10
Savannah State,,2017-18,0.0,0,0,0,0,0,0,0,0,0,32,34,1,0.0,0,0,0,0,0,0,0,0,0,30,21,4
Saveyon Edwards,Carver Bible College,2017-18,20.0,5,16,1,7,0,0,3,0,0,1,3,6,14.93,7,12,0,1,1,1,3,0,0,1,1,2
Savion Flagg,Texas A&M,2017-18,20.0,21,49,6,21,11,17,10,4,1,18,28,8,14.87,19,38,7,14,5,12,7,4,1,12,27,13
Sawyer Herman,Wartburg,2017-18,20.0,1,4,1,4,2,2,0,1,0,0,3,1,17.48,1,4,1,4,2,2,0,0,0,0,0,0
Sawyer Rosner,St. Mary's (MN),2017-18,20.0,3,5,1,3,0,0,2,1,1,0,2,0,14.75,0,1,0,0,0,0,1,0,0,0,1,1
Saxton Becker,Millsaps,2017-18,20.0,0,2,0,2,0,0,0,0,0,0,1,2,14.9,0,0,0,0,0,0,0,1,0,0,0,0
Sayeed Pridgett,Montana,2017-18,15.0,48,106,2,7,17,20,20,20,6,18,51,34,20.0,45,101,0,4,13,25,17,11,4,13,41,16
Schadrac Casimir,Iona,2017-18,20.0,43,105,28,63,24,28,37,11,0,10,23,20,20.0,44,95,31,66,48,59,22,13,0,4,23,15
Schnider Herard,Mississippi State,2017-18,20.0,0,8,0,0,1,2,0,0,4,5,9,6,14.78,2,5,0,0,2,5,0,0,3,5,3,5
Schreiner,,2017-18,0.0,0,0,0,0,0,0,0,0,0,2,2,1,0.0,0,0,0,0,0,0,0,0,0,2,3,0
Scot Hurdt,Reinhardt,2017-18,20.0,0,1,0,0,0,0,0,0,0,0,0,0,14.77,1,5,1,5,0,0,0,0,0,0,1,0
Scott Blakeslee,Evangel,2017-18,20.0,0,1,0,0,0,0,0,0,0,0,2,0,14.92,1,1,0,0,1,2,0,0,0,0,1,0
Scott Blakney,Idaho,2017-18,20.0,3,6,0,0,2,3,1,1,0,3,1,0,17.93,0,3,0,0,0,0,0,0,1,1,4,2
Scott Hitchon,Canisius,2017-18,20.0,7,19,2,8,6,8,2,0,4,3,14,5,19.88,4,6,0,2,4,7,1,1,4,1,2,3
Scott Hundt,Reinhardt,2017-18,20.0,1,5,1,5,0,1,0,1,0,0,0,0,14.92,4,8,4,8,0,0,0,0,0,0,0,0
Scott Meredith,St. Francis (PA),2017-18,20.0,22,51,12,36,4,4,10,5,1,4,21,10,15.78,23,52,14,34,7,7,8,9,1,2,13,5
Scott Muirhead,UT Arlington,2017-18,0.0,0,0,0,0,0,0,0,0,0,0,1,0,20.0,2,3,2,3,0,0,0,0,0,0,0,0
Scott Olsen,North Park,2017-18,20.0,0,0,0,0,0,0,2,0,0,0,1,0,14.92,0,1,0,1,0,0,0,0,0,0,0,0
Scott Plaisance,New Orleans,2017-18,20.0,19,51,0,2,4,8,4,8,11,9,12,14,17.77,22,54,1,4,7,9,7,8,3,12,22,16
Scott Spencer,Clemson,2017-18,0.0,1,14,0,8,0,0,3,0,0,2,5,2,14.77,5,16,1,8,1,2,1,0,0,1,4,1
Scott Ulaneo,Seattle,2017-18,20.0,7,25,0,6,6,13,9,2,2,10,30,15,17.4,12,24,0,5,12,24,5,2,2,10,23,8
Scottie James,Liberty,2017-18,20.0,88,151,11,25,28,32,12,8,17,46,89,17,14.9,73,114,3,16,66,91,24,4,13,37,107,26
Scottie Lindsey,Northwestern,2017-18,20.0,92,228,44,118,23,26,34,3,7,10,46,26,20.0,75,190,33,97,42,52,20,12,7,14,52,24
Sean Barksdale,Georgian Court,2017-18,20.0,2,4,2,4,0,0,0,0,0,0,2,0,19.75,1,4,1,2,2,2,0,0,0,2,1,2
Sean Estes,Cal State-Los Angeles,2017-18,20.0,1,3,1,3,0,0,0,0,0,0,2,0,16.75,3,3,3,3,0,0,0,0,0,1,1,0
Sean Hickey,Franciscan University,2017-18,0.0,0,0,0,0,0,0,0,0,0,0,1,0,14.95,1,2,1,2,0,0,0,0,0,1,0,0
Sean Hoehn,Sacred Heart,2017-18,20.0,57,149,28,80,21,25,55,20,2,10,44,42,20.0,62,158,18,65,41,54,60,18,1,10,37,28
Sean Hoggs,Maryland-Eastern Shore,2017-18,20.0,8,25,6,21,1,3,2,2,0,1,8,4,14.77,2,17,2,16,0,0,4,0,1,0,8,3
Sean Lloyd Jr,Southern Illinois,2017-18,20.0,0,0,0,0,0,0,38,0,0,0,0,0,16.55,0,0,0,0,0,0,27,0,0,0,0,0
Sean Lloyd Jr.,,2017-18,1.53,54,131,12,39,28,39,1,28,6,19,47,22,0.0,69,136,12,29,48,65,0,18,10,27,53,31
Sean McDermott,Butler,2017-18,20.0,38,75,23,51,3,4,14,11,4,9,43,11,17.72,40,76,22,51,8,11,17,7,2,26,35,14
Sean McLaughlin,Pacific Lutheran,2017-18,20.0,1,4,0,0,0,0,1,0,0,0,2,3,14.83,0,1,0,0,0,0,0,0,0,0,0,1
Sean Mobley,VCU,2017-18,20.0,30,69,19,43,3,3,26,5,3,9,44,21,14.58,15,42,8,26,13,14,25,7,0,11,31,18
Sean Nolan,Oneonta State,2017-18,20.0,0,0,0,0,0,0,1,0,0,0,1,0,15.07,0,0,0,0,0,0,0,0,0,0,0,0
Sean O'Brien,Colgate,2017-18,20.0,52,120,27,73,11,14,59,16,0,7,50,12,19.77,49,133,24,78,58,67,50,18,0,13,55,19
Sean O'Mara,Xavier,2017-18,0.0,45,76,0,0,24,31,14,7,12,22,34,18,14.7,40,71,0,0,23,28,20,4,11,21,33,11
Sean Obi,Maryland,2017-18,20.0,4,5,0,0,1,3,1,1,1,3,16,5,17.95,6,9,0,0,5,7,0,1,1,10,7,2
Sean Obrien,Colgate,2017-18,20.0,0,3,0,1,0,0,4,2,0,1,2,0,20.0,3,6,1,3,0,0,0,0,0,0,2,0
Sean Phillips,St. Edward's,2017-18,20.0,2,10,1,6,0,0,0,0,0,0,2,1,17.1,4,7,4,7,0,0,1,1,0,1,1,1
Sean Price,Charleston Southern,2017-18,20.0,10,24,5,14,0,2,9,3,1,6,4,3,14.98,12,26,4,13,9,10,12,7,0,2,9,4
Sean Rhea,Texas A&M-CC,2017-18,0.0,36,87,1,3,18,37,7,12,12,24,48,31,20.0,51,89,2,5,41,69,6,9,9,20,45,27
Sean Ross,Alice Lloyd College,2017-18,20.0,1,2,0,1,0,0,0,0,0,0,0,0,14.98,1,1,0,0,0,0,0,0,0,1,0,1
Sean Sellers,Ball State,2017-18,20.0,42,103,32,77,12,17,14,8,6,10,48,16,20.0,46,101,23,67,12,13,23,10,6,15,50,14
Sean Watkins,St. Edward's,2017-18,20.0,4,7,1,2,4,4,4,3,0,0,3,2,17.1,3,4,2,3,0,0,3,2,0,0,0,3
Seattle,,2017-18,0.0,0,0,0,0,0,0,0,0,0,19,26,4,0.0,0,0,0,0,0,0,0,0,0,18,20,2
Sebastian Andrade,Texas Lutheran,2017-18,20.0,1,2,1,2,1,2,0,1,0,0,2,0,14.75,0,0,0,0,0,0,0,0,0,0,0,0
Sebastian Ferenc,Missouri Science & Technology,2017-18,20.0,0,2,0,1,0,0,0,0,1,0,2,1,14.92,0,0,0,0,0,0,0,0,0,0,0,1
Sebastian Much,Princeton,2017-18,0.0,27,64,13,40,5,8,13,3,2,6,28,24,20.0,37,71,16,40,6,11,18,5,2,12,18,17
Sedrick Barefield,Utah,2017-18,20.0,49,124,17,58,26,29,32,15,1,3,22,27,15.15,38,108,21,63,41,45,20,8,2,2,18,17
Selby Hind-Wills,Shawnee State,2017-18,20.0,1,3,0,1,0,0,0,1,0,2,0,1,14.82,0,2,0,1,0,0,0,0,0,0,0,0
Selvedin Planincic,Canisius,2017-18,20.0,29,61,6,29,7,14,14,4,16,12,32,18,19.88,18,32,2,10,14,19,8,4,11,8,32,14
Sequan Walker,Cal State-Los Angeles,2017-18,20.0,0,2,0,2,0,0,1,0,0,0,0,0,16.75,1,2,1,2,0,0,2,0,0,0,0,0
Sergio Berkley,Providence (MT),2017-18,20.0,0,4,0,1,0,0,2,0,0,1,1,1,14.9,0,1,0,0,3,4,1,0,0,0,1,2
Seth Adelsperger,Belmont,2017-18,0.0,17,29,0,0,6,14,2,0,3,7,19,6,20.0,13,22,0,0,4,6,3,1,4,6,16,8
Seth Berger,Oregon State,2017-18,0.0,19,43,1,10,4,9,13,3,1,9,18,8,14.88,19,36,2,5,9,15,16,15,1,23,21,12
Seth Brunner,,2017-18,0.0,0,0,0,0,0,0,0,0,0,0,0,1,0.0,0,0,0,0,0,0,0,0,0,0,0,0
Seth Callahan,Susquehanna University,2017-18,20.0,2,4,1,3,0,0,1,0,0,0,5,0,20.0,1,2,1,2,0,0,0,0,0,0,1,0
Seth Cobb,,2017-18,0.0,0,0,0,0,0,0,0,0,0,0,1,3,0.0,0,0,0,0,0,0,0,0,0,0,0,0
Seth Dittmer,,2017-18,0.0,0,0,0,0,0,0,0,0,0,0,0,0,0.0,0,0,0,0,0,0,0,0,0,1,0,0
Seth Dugan,Western Michigan,2017-18,20.0,24,44,0,2,8,17,5,1,9,20,22,10,14.92,18,41,0,0,7,16,1,3,2,24,14,7
Seth Fuller,Elon,2017-18,0.0,11,26,9,21,1,3,14,2,0,3,13,12,14.73,9,32,8,23,1,2,4,8,0,2,9,14
Seth Hawley,Arkansas-Fort Smith,2017-18,20.0,2,4,0,1,0,0,2,0,0,1,1,2,14.72,1,4,0,1,0,0,2,0,0,0,1,0
Seth Mattson,Le Tourneau,2017-18,20.0,1,2,0,1,0,0,0,1,0,0,1,0,17.97,5,8,4,4,3,4,1,0,0,1,1,1
Seth Myers,Shenandoah,2017-18,20.0,1,4,0,0,0,0,0,1,0,0,0,2,14.82,2,2,0,0,0,0,1,0,0,0,0,1
Seth Rouse,Robert Morris,2017-18,0.0,1,2,1,1,0,0,0,0,0,0,3,0,18.12,2,3,1,1,0,0,0,0,0,3,0,0
Seth Snoddy,Peru State College,2017-18,20.0,1,4,0,0,0,0,0,0,0,1,0,1,14.88,1,1,0,0,1,1,0,0,0,0,0,0
Seth Stanley,Toccoa Falls,2017-18,20.0,3,17,1,5,2,2,8,3,0,0,6,10,14.87,1,10,1,3,1,1,7,2,0,0,5,8
Seth Towns,Harvard,2017-18,20.0,76,189,31,69,33,41,29,12,10,10,57,35,20.0,81,188,29,69,62,76,24,13,7,21,75,26
Seton Hall,,2017-18,0.0,0,0,0,0,0,0,0,0,0,29,28,4,0.0,0,0,0,0,0,0,0,0,0,23,13,8
Seventh Woods,North Carolina,2017-18,20.0,7,15,0,2,3,3,16,4,1,1,8,6,14.83,1,11,0,2,1,2,3,2,0,0,4,4
Shack Scott,Wagner,2017-18,20.0,15,30,0,0,5,9,0,0,5,12,23,2,17.65,18,23,0,0,2,4,2,2,1,4,13,4
Shackeel Butters,Williams Baptist,2017-18,0.0,0,0,0,0,0,0,0,0,0,1,0,0,14.98,1,2,0,0,0,0,0,1,0,0,0,0
Shad Blanton,Montreat College,2017-18,0.0,0,0,0,0,0,0,0,0,0,0,0,0,14.92,0,2,0,2,0,0,1,0,0,0,0,1
Shadd Cole,Howard Payne,2017-18,20.0,1,3,1,2,2,2,1,0,0,1,2,5,14.95,0,3,0,0,2,2,0,2,1,0,1,2
Shai Gilgeous-Alexander,Kentucky,2017-18,20.0,79,165,13,28,51,64,70,25,10,11,56,45,20.0,87,173,8,23,85,101,94,26,8,20,55,47
Shakaris Laney,Central Connecticut,2017-18,15.0,12,32,4,16,4,5,10,4,1,2,10,10,20.0,8,23,3,10,3,4,12,2,2,5,8,11
Shake Milton,SMU,2017-18,20.0,57,135,35,73,29,36,40,15,8,9,46,23,20.0,58,113,19,45,60,68,47,14,5,4,39,23
Shakur Jinad,Lakeland,2017-18,20.0,0,6,0,4,0,0,1,0,0,1,2,0,14.97,1,5,0,3,0,0,0,1,0,3,1,0
Shakur Juiston,UNLV,2017-18,20.0,113,171,0,0,18,35,34,15,9,47,118,46,14.8,89,136,1,1,18,36,25,14,9,37,103,29
Shakwon Barrett,Tulane,2017-18,20.0,0,0,0,0,0,1,2,0,0,0,1,0,20.0,0,1,0,0,0,0,0,0,0,0,0,0
Shamiel Stevenson,Pittsburgh,2017-18,20.0,53,96,6,20,18,33,19,5,4,15,46,42,20.0,32,70,6,16,40,64,10,7,4,11,53,23
Shamorie Ponds,St. John's,2017-18,20.0,104,259,28,106,40,48,73,37,2,14,67,47,17.92,115,260,17,71,104,120,61,31,1,22,45,33
Shanahan Wilson,Haskell,2017-18,20.0,0,1,0,0,0,0,0,0,0,0,0,1,14.9,0,0,0,0,0,0,0,0,0,0,2,0
Shandon Boone,Avila,2017-18,20.0,1,4,0,3,2,2,1,0,0,0,1,1,14.83,1,4,1,4,0,0,1,0,0,0,2,0
Shane Acoveno,Lehigh,2017-18,20.0,2,3,0,0,0,0,0,0,0,1,1,1,19.98,0,0,0,0,0,0,0,0,0,1,1,2
Shane Johnson,Adams State,2017-18,20.0,1,4,1,3,0,0,2,0,0,1,1,1,20.0,4,8,2,4,0,0,2,1,0,0,1,4
Shane Temara,North Texas,2017-18,20.0,51,103,20,53,8,12,2,2,9,21,49,13,14.73,31,69,11,34,7,16,9,1,11,16,37,6
Shane Thompson,Toccoa Falls,2017-18,0.0,5,11,1,4,0,0,2,0,0,0,3,2,14.97,9,25,5,11,3,4,3,1,0,3,6,3
Shane Waldon,Tiffin,2017-18,19.95,2,3,0,0,0,0,0,0,0,0,2,1,16.22,2,3,0,0,0,1,0,0,0,0,2,1
Shane Whitfield,Campbell,2017-18,0.0,34,79,0,1,32,47,45,8,1,11,55,28,20.0,38,68,0,0,42,63,34,10,3,5,54,26
Shane Wissink,Missouri-St. Louis,2017-18,0.0,0,0,0,0,0,0,0,0,0,0,0,2,15.58,1,4,0,3,0,0,0,0,0,0,0,0
Shannon Bailey,Texas College,2017-18,0.0,0,0,0,0,0,0,0,0,0,0,0,0,17.62,0,1,0,1,0,0,0,0,0,0,0,1
Shannon Bogues,Stephen F. Austin,2017-18,20.0,101,207,22,63,45,58,19,26,5,10,38,23,17.98,85,153,16,46,38,48,20,16,1,12,19,20
Shannon Denny,Mercy,2017-18,20.0,0,2,0,0,0,0,0,0,0,0,0,1,14.73,0,1,0,0,0,0,1,0,0,0,0,0
Shannon Evans II,Arizona State,2017-18,20.0,63,176,39,109,43,47,51,22,5,4,55,22,17.0,85,210,50,131,69,85,52,17,3,6,36,27
Shaq Buchanan,Brescia,2017-18,20.0,46,104,7,32,14,20,17,23,4,13,42,19,14.88,57,93,11,22,24,32,13,20,7,16,37,15
Shaq Calhoun,Tennessee Tech,2017-18,20.0,58,132,29,71,21,24,26,16,5,5,36,19,14.68,52,125,25,68,24,33,15,17,7,7,35,16
Shaq Carr,Grand Canyon,2017-18,20.0,13,22,0,1,11,11,23,2,2,2,9,15,18.08,10,22,0,2,8,10,19,2,0,3,9,18
Shaqquan Aaron,USC,2017-18,20.0,30,66,13,37,4,8,15,7,3,6,22,15,14.88,22,47,6,21,4,9,8,2,2,3,19,7
Shaquan Cantrell,North Georgia,2017-18,20.0,1,7,0,1,0,2,0,0,0,0,2,2,14.7,1,4,1,1,0,0,1,0,0,1,1,2
Shaquille Benson,Southern,2017-18,20.0,2,12,0,0,3,4,0,3,1,7,7,6,14.55,5,9,0,0,0,0,0,1,1,6,2,1
Shaquille Doorson,Rutgers,2017-18,0.0,6,9,0,0,7,14,7,2,10,19,26,8,14.85,11,19,0,0,7,14,1,2,6,15,18,4
Shaquille Moore,Bethesda,2017-18,19.98,4,8,2,4,2,3,0,0,0,0,1,1,14.7,1,6,0,3,0,0,4,1,0,2,3,1
Shaquille Morris,Wichita State,2017-18,20.0,88,179,14,32,36,49,25,4,22,25,63,22,14.95,86,134,4,14,55,76,19,13,29,29,64,26
Shaquille Preston,Prairie View A&M,2017-18,20.0,21,42,1,4,11,13,8,6,3,8,18,10,15.15,25,52,5,16,11,20,6,9,3,8,19,10
Shaquille Walters,Santa Clara,2017-18,20.0,12,28,3,10,4,5,11,3,0,2,13,7,14.87,13,28,2,7,4,9,3,0,2,0,19,7
Shaquille Williams,Webber International,2017-18,20.0,2,6,2,5,0,0,1,0,0,0,3,3,20.0,3,12,0,3,4,4,2,1,0,1,1,4
Shaquillo Fritz,Arkansas State,2017-18,20.0,0,0,0,0,2,2,0,0,1,0,4,1,17.88,0,0,0,0,0,0,0,0,0,0,1,0
Shaun Kirk,NC State,2017-18,20.0,1,4,0,1,0,0,1,1,0,2,3,0,14.72,3,5,0,2,1,2,1,0,1,1,3,2
Shavar Newkirk,Saint Joseph's,2017-18,20.0,82,196,27,72,45,62,57,23,3,8,58,27,18.67,74,205,19,68,87,117,49,24,4,16,46,23
Shawn Anderson,Navy,2017-18,20.0,46,133,5,27,30,39,50,13,0,19,41,37,20.0,77,149,12,28,69,89,44,16,1,22,58,40
Shawn Backus,,2017-18,0.0,0,0,0,0,0,0,0,0,0,0,1,2,0.0,0,0,0,0,0,0,0,0,0,0,0,0
Shawn Barca-Patrick,Bethesda,2017-18,20.0,2,4,0,0,0,0,0,0,0,0,0,0,17.8,1,3,0,0,2,2,0,0,0,2,0,0
Shawn Christian Jr.,,2017-18,0.0,0,2,0,2,0,0,0,0,0,0,1,0,13.85,3,11,3,9,0,0,0,1,0,0,0,0
Shawn Duhon,Bluefield State,2017-18,20.0,3,3,0,0,0,0,1,0,0,2,3,1,14.88,0,4,0,1,0,0,0,0,0,0,0,0
Shawn Hamilton,Texas Lutheran,2017-18,20.0,0,2,0,2,0,0,0,0,0,1,1,1,14.75,1,2,0,1,2,2,0,0,1,1,0,0
Shawn Hopkins,Troy,2017-18,0.0,11,35,3,22,3,3,10,4,3,5,19,7,20.0,12,24,7,13,3,5,4,2,2,3,4,5
Shawn Johnson,Incarnate Word,2017-18,20.0,52,120,29,70,24,33,24,13,21,13,70,12,20.0,36,87,20,54,37,51,17,13,15,12,58,25
Shawn Jones,UMass Lowell,2017-18,20.0,17,47,3,13,12,15,20,10,1,7,8,15,20.0,16,40,2,6,25,32,23,5,2,8,8,10
Shawn O'Connell,Georgia Southern,2017-18,20.0,19,26,0,1,7,11,2,5,2,16,32,6,14.88,22,32,0,0,10,21,3,8,11,20,23,7
Shawn Occeus,Northeastern,2017-18,20.0,50,119,22,67,35,44,29,40,4,3,36,24,20.0,54,106,24,59,30,40,22,21,13,7,24,29
Shawn Olden,TCU,2017-18,0.0,7,24,7,21,0,0,10,5,1,2,10,4,20.0,10,22,8,18,5,5,10,7,0,0,6,7
Shawn Patrick Barca,Bethesda,2017-18,19.98,0,3,0,0,0,0,0,1,0,1,4,0,14.7,0,2,0,0,1,2,0,1,0,1,2,1
Shawn Robinson,Bluefield College,2017-18,20.0,0,1,0,1,0,0,1,1,0,0,0,1,17.85,0,2,0,1,0,0,0,1,0,0,0,0
Shawn Roundtree,Central Michigan,2017-18,20.0,32,94,13,40,21,26,40,3,1,4,20,35,20.0,51,124,16,46,54,68,45,6,0,5,26,35
Shawn Shelton,Eastern New Mexico,2017-18,20.0,0,3,0,0,0,0,1,1,0,0,1,1,15.32,1,4,0,0,0,0,0,0,0,1,0,0
Shawn Smith,FDU-Florham,2017-18,20.0,2,5,0,2,1,2,1,1,0,0,1,0,14.98,0,2,0,1,0,0,0,0,0,0,0,1
Shawn Stanley,San Diego Christian,2017-18,20.0,0,8,0,4,0,0,3,2,0,0,2,4,14.82,0,1,0,1,0,0,0,0,0,0,1,0
Shawn Williams,East Carolina,2017-18,20.0,61,138,43,101,19,22,18,8,0,2,23,18,14.93,43,125,23,78,35,40,26,6,0,1,19,28
Shawn Wilson,Eastern Illinois,2017-18,0.0,0,0,0,0,1,2,2,0,0,0,0,2,14.88,2,4,0,1,0,1,5,2,0,0,1,5
Shawndale Jones,NJIT,2017-18,0.0,48,95,15,30,13,16,15,8,1,13,26,14,20.0,17,56,4,20,15,23,15,8,1,6,29,8
Shawnee State,,2017-18,0.0,0,0,0,0,0,0,0,0,0,1,0,0,0.0,0,0,0,0,0,0,0,0,0,1,2,2
Shawntrez Davis,Bethune-Cookman,2017-18,20.0,88,150,14,34,33,50,19,3,21,36,90,39,14.83,75,139,8,24,40,71,13,8,15,42,80,26
Shay Curcuruto,Pacific Lutheran,2017-18,20.0,0,4,0,0,0,0,1,0,0,0,0,0,14.83,0,0,0,0,1,2,0,0,0,0,0,0
Shay Owomoyela,Midway,2017-18,20.0,0,1,0,0,0,0,0,0,0,1,0,0,14.92,0,0,0,0,0,0,0,0,0,0,0,0
Shay'rone Jett,Prairie View A&M,2017-18,20.0,8,20,1,6,1,4,1,1,1,7,8,5,15.15,9,19,0,3,5,6,2,1,3,5,9,5
Shaye Bloch,Mount Marty,2017-18,20.0,0,1,0,0,1,2,0,0,0,0,0,3,14.67,0,0,0,0,0,0,0,0,0,0,0,0
She'Chem Grant,Millsaps,2017-18,20.0,2,6,2,4,0,0,0,0,0,1,1,2,14.9,1,2,0,1,0,0,0,0,1,2,0,0
Shea Feehan,Eureka College,2017-18,20.0,8,19,4,9,9,10,1,1,0,0,5,5,14.73,3,10,3,7,1,1,1,0,1,0,2,0
Shea Garland,Texas A&M-International,2017-18,20.0,2,3,0,0,0,0,0,0,0,0,1,1,17.83,2,4,0,0,0,0,0,0,0,2,0,1
Shea Rush,,2017-18,0.0,0,0,0,0,0,0,0,0,0,0,0,0,0.0,0,0,0,0,0,0,0,0,0,0,1,1
Shelby Adams,Texas State,2017-18,20.0,17,41,3,12,10,17,8,6,1,6,10,7,20.0,18,35,3,10,9,17,4,7,0,1,12,4
Shelby Parris,Brevard College,2017-18,20.0,1,1,0,0,0,0,0,0,0,0,0,0,16.65,2,5,0,1,0,0,1,0,0,1,0,1
Sheldon Blackwell,Antelope Valley,2017-18,20.0,4,9,1,1,4,4,1,1,0,0,1,1,14.95,0,3,0,1,0,0,0,0,0,1,3,2
Sheldon Eberhardt,Elon,2017-18,20.0,31,62,5,25,3,8,34,5,3,10,35,22,14.73,17,43,2,16,10,15,36,5,4,3,30,13
Sheldon Siemonsma,Mount Marty,2017-18,20.0,1,5,1,5,0,0,0,0,0,0,2,0,14.67,1,3,0,2,0,0,0,0,0,0,1,0
Sheldon Wright,Miles,2017-18,20.0,1,2,0,1,0,0,0,0,0,0,0,0,14.85,0,1,0,1,0,0,0,0,0,0,0,1
Shelton Mitchell,Clemson,2017-18,20.0,63,159,26,74,41,50,68,17,1,7,49,40,14.77,57,140,23,59,59,66,50,8,0,7,37,27
Shenandoah,,2017-18,0.0,0,0,0,0,0,0,0,0,0,3,2,0,0.0,0,0,0,0,0,0,0,0,0,1,1,0
Shep Garner,Penn State,2017-18,20.0,60,139,52,123,4,5,21,11,3,3,32,17,20.0,57,127,45,104,22,25,21,16,0,5,22,24
Sheriff Drammeh,Hawai'i,2017-18,20.0,44,115,19,52,32,42,27,12,2,5,38,22,20.0,31,92,11,45,35,49,24,16,3,8,43,21
Sherman Brown,East-West University,2017-18,0.0,0,0,0,0,0,0,0,0,1,0,1,0,14.58,0,1,0,0,2,2,0,1,0,0,0,1
Sherman Carter,East-West University,2017-18,19.97,1,8,0,3,2,2,2,0,0,0,1,1,14.58,1,5,0,3,2,3,2,1,0,1,0,2
Sherry Porter,,2017-18,5.82,0,3,0,0,0,0,0,0,0,1,0,0,0.0,1,1,0,0,0,0,0,0,0,0,1,0
Shirmane Thomas,Grambling,2017-18,20.0,17,49,5,19,5,7,11,5,4,7,27,14,14.58,36,62,10,18,24,36,16,6,2,9,25,9
Shizz Alston Jr,Temple,2017-18,20.0,0,0,0,0,0,0,25,0,0,0,0,0,20.0,0,0,0,0,0,0,30,0,0,0,0,0
Shizz Alston Jr.,Temple,2017-18,20.0,76,189,37,89,13,15,24,10,0,11,43,22,20.0,74,181,31,79,33,36,16,15,1,11,37,27
Shon Briggs,CSU Bakersfield,2017-18,19.98,22,65,3,9,23,33,17,6,2,13,29,13,14.93,28,67,0,5,27,37,13,3,3,9,19,11
Shunn Buchanan,New Mexico State,2017-18,20.0,12,46,5,21,7,10,23,7,0,3,26,16,16.12,6,28,3,11,6,9,20,5,0,3,19,10
Shyheim Hicks,LIU Brooklyn,2017-18,20.0,2,4,2,4,3,3,1,0,0,1,2,2,20.0,2,7,1,4,0,0,0,0,0,0,2,0
Shyhied Petteway,Elizabeth City,2017-18,20.0,3,4,2,3,2,4,0,0,0,0,4,2,19.77,3,5,2,3,4,4,1,1,0,1,3,1
Shyquan Gibbs,NJIT,2017-18,20.0,26,58,14,29,15,19,25,8,1,7,31,9,20.0,26,51,10,18,21,25,28,20,1,2,22,18
Sid Tomes,Air Force,2017-18,20.0,23,50,16,39,6,10,14,11,2,4,16,14,20.0,21,58,13,40,5,6,17,9,2,2,18,5
Sidnee Bopp,,2017-18,0.72,2,2,2,2,0,0,0,0,0,0,0,0,0.0,0,1,0,0,0,0,0,0,0,0,1,1
Sidney Umude,Southern,2017-18,20.0,33,72,0,2,15,27,2,4,3,21,29,9,17.97,28,56,0,0,12,20,5,2,6,9,20,14
Sidy N'Dir,New Mexico State,2017-18,20.0,40,102,14,46,28,37,25,11,8,16,32,24,16.12,34,83,13,40,25,34,12,10,7,12,32,18
Siena,,2017-18,0.0,0,0,0,0,0,0,0,0,0,20,17,23,0.0,0,0,0,0,0,0,0,0,0,21,17,10
Siena Heights,,2017-18,0.0,0,0,0,0,0,0,0,0,0,0,1,2,0.0,0,0,0,0,0,0,0,0,0,3,2,0
Silas Melson,Gonzaga,2017-18,20.0,57,134,31,81,19,23,36,21,3,5,47,20,14.97,54,139,27,76,22,26,39,17,1,11,48,14
Siler Schneider,UC Davis,2017-18,20.0,73,156,16,44,15,21,28,21,2,6,32,35,17.87,67,159,13,46,35,50,27,10,3,6,33,31
Silver Lake,,2017-18,0.0,0,0,0,0,0,0,0,0,0,0,3,0,0.0,0,0,0,0,0,0,0,0,0,2,3,0
Silvio De Sousa,Kansas,2017-18,20.0,20,30,0,0,10,13,2,1,1,23,21,11,20.0,12,17,0,0,5,8,2,0,2,10,17,7
Simeon Henton,Chicago State,2017-18,0.0,1,4,0,1,5,6,1,1,0,0,0,0,14.93,1,3,0,0,2,2,2,3,0,0,0,2
Simeon Lepichev,Florida Atlantic,2017-18,20.0,7,12,3,5,0,1,1,2,0,2,5,5,20.0,2,5,0,3,1,2,1,1,1,2,8,0
Simi Socks,Incarnate Word,2017-18,0.0,28,59,4,11,14,18,5,2,1,17,22,23,20.0,20,47,3,9,26,31,2,4,4,10,10,23
Simon Christon,Alice Lloyd College,2017-18,20.0,0,1,0,1,0,0,0,0,0,0,0,1,14.98,0,0,0,0,0,0,0,0,0,0,0,0
Simon Fraser,,2017-18,0.0,0,0,0,0,0,0,0,0,0,0,2,0,0.0,0,0,0,0,0,0,0,0,0,1,0,0
Simon Okolue,Delaware State,2017-18,20.0,43,75,0,1,5,9,2,8,12,26,42,23,14.85,63,94,0,0,26,43,2,6,11,28,41,12
Simon Shafack Jr,Our Lady of the Lake,2017-18,20.0,0,0,0,0,0,0,1,0,0,0,0,0,14.83,0,0,0,0,0,0,0,0,0,0,0,0
Simon Shafack Jr.,Our Lady of the Lake,2017-18,20.0,2,10,1,5,0,2,0,0,0,0,4,0,20.0,2,3,0,1,3,5,0,1,0,1,4,2
Simon Wright,Elon,2017-18,20.0,11,27,4,11,1,2,6,4,1,8,10,7,14.73,7,21,4,11,0,0,8,2,1,3,15,7
Sina Gbadebo,Akron,2017-18,20.0,0,0,0,0,0,0,3,0,0,0,2,1,14.83,2,7,1,5,0,1,3,0,0,1,1,1
Sir Washington,Eastern Washington,2017-18,20.0,36,96,8,34,17,27,24,14,1,4,40,18,15.25,31,85,11,31,19,34,24,8,3,10,30,17
Sirafino Davis,,2017-18,0.0,0,0,0,0,0,0,0,0,1,0,0,1,1.23,1,2,0,0,0,0,0,0,0,0,2,0
Skye Johnson,Delaware,2017-18,20.0,30,43,0,0,11,17,5,5,9,24,24,12,17.73,13,28,0,0,10,16,2,1,0,12,15,8
Skylar Mays,LSU,2017-18,20.0,51,122,19,56,20,30,52,22,3,13,55,19,14.73,59,130,23,65,55,60,38,25,2,4,47,26
Skyler Barnes,University of the Ozarks,2017-18,20.0,1,3,1,2,0,0,0,0,0,0,2,1,14.8,1,3,1,2,0,0,1,0,0,0,2,1
Skyler Brooks,St. Mary's (TX),2017-18,20.0,1,5,1,3,0,0,0,0,0,0,4,0,17.57,1,2,1,2,0,1,0,0,0,0,2,0
Skyler Flatten,South Dakota State,2017-18,19.92,43,88,28,55,1,1,23,8,7,8,44,8,20.0,31,67,22,49,12,16,12,7,4,7,37,5
Skyler Hadden,Texas-Tyler,2017-18,20.0,2,6,2,3,2,4,4,0,0,2,3,1,14.87,2,6,0,2,1,2,3,2,0,0,3,3
Skyler Nash,Vermont,2017-18,20.0,4,7,4,7,0,0,1,0,0,0,2,1,20.0,1,8,1,5,0,0,2,0,0,0,3,2
Smith Gupton,William Peace,2017-18,0.0,0,0,0,0,0,0,0,0,0,0,0,0,14.87,0,2,0,2,0,0,0,1,0,0,0,0
Solly Stansbury,Richmond,2017-18,20.0,12,33,2,13,2,5,6,7,0,2,11,6,19.13,8,22,2,8,6,8,4,5,2,9,6,6
Solomon Hainna,Evansville,2017-18,20.0,1,3,0,1,6,8,2,0,0,2,1,1,16.88,0,1,0,0,2,4,0,2,0,0,2,1
Solomon Young,Iowa State,2017-18,20.0,42,82,1,7,22,28,10,10,8,27,49,10,17.85,23,52,1,9,17,27,7,12,7,20,45,14
Sonoma St,,2017-18,0.0,0,0,0,0,0,0,0,0,0,1,0,0,0.0,0,0,0,0,0,0,0,0,0,0,0,0
Souf Mensah,Rutgers,2017-18,20.0,2,11,0,0,2,9,7,3,1,4,5,8,14.85,2,6,0,0,2,6,5,1,0,2,9,6
Soufiyane Diakite,Bethune-Cookman,2017-18,20.0,52,90,2,12,14,35,13,12,16,35,79,25,14.83,48,98,4,8,35,48,16,12,10,46,85,21
Souley Boum,San Francisco,2017-18,20.0,30,102,12,39,26,34,17,7,3,8,31,28,17.72,59,149,24,65,75,91,15,10,1,9,34,23
South Alabama,,2017-18,0.0,0,0,0,0,0,0,0,0,0,36,20,5,0.0,0,0,0,0,0,0,0,0,0,27,13,6
South Carolina,,2017-18,0.0,0,0,0,0,0,0,0,0,0,36,20,4,0.0,0,0,0,0,0,0,0,0,0,36,23,8
South Carolina State,,2017-18,0.0,0,0,0,0,0,0,0,0,0,12,11,2,0.0,0,0,0,0,0,0,0,0,0,14,7,2
South Carolina Upstate,,2017-18,0.0,0,0,0,0,0,0,0,0,0,12,30,1,0.0,0,0,0,0,0,0,0,0,0,15,14,4
South Dakota,,2017-18,0.0,0,0,0,0,0,0,0,0,0,30,27,0,0.0,0,0,0,0,0,0,0,0,0,32,14,1
South Dakota State,,2017-18,0.0,0,0,0,0,0,0,0,0,0,19,28,2,0.0,0,0,0,0,0,0,0,0,0,21,22,3
South Florida,,2017-18,0.0,0,0,0,0,0,0,0,0,0,30,33,11,0.0,0,0,0,0,0,0,0,0,0,27,22,3
Southeast Missouri State,,2017-18,0.0,0,0,0,0,0,0,0,0,0,11,27,2,0.0,0,0,0,0,0,0,0,0,0,23,27,3
Southeastern,,2017-18,0.0,0,0,0,0,0,0,0,0,0,0,1,0,0.0,0,0,0,0,0,0,0,0,0,0,1,0
Southern,,2017-18,0.0,0,0,0,0,0,0,0,0,0,27,16,1,0.0,0,0,0,0,0,0,0,0,0,18,24,3
Southern (NO),,2017-18,0.0,0,0,0,0,0,0,0,0,0,3,1,0,0.0,0,0,0,0,0,0,0,0,0,2,5,2
Southern Illinois,,2017-18,0.0,0,0,0,0,0,0,0,0,0,25,20,9,0.0,0,0,0,0,0,0,0,0,0,20,12,4
Southern Miss,,2017-18,0.0,0,0,0,0,0,0,0,0,0,11,28,4,0.0,0,0,0,0,0,0,0,0,0,14,11,5
Southern Utah,,2017-18,0.0,0,0,0,0,0,0,0,0,0,29,18,5,0.0,0,0,0,0,0,0,0,0,0,12,25,4
Southern Wesleyan,,2017-18,0.0,0,0,0,0,0,0,0,0,0,3,1,0,0.0,0,0,0,0,0,0,0,0,0,0,0,1
Spencer Brown,Lyon,2017-18,20.0,1,3,1,2,0,0,3,1,0,0,2,1,19.2,1,2,1,2,0,0,0,0,0,0,1,0
Spencer Eliason,North Dakota State,2017-18,20.0,25,42,0,0,7,14,5,4,5,18,26,14,17.87,28,53,0,0,10,22,9,5,7,25,27,13
Spencer Feng,Curry College,2017-18,20.0,0,1,0,1,0,0,0,0,0,0,1,1,14.97,0,1,0,1,0,0,0,0,0,0,0,0
Spencer Foley,Canisius,2017-18,20.0,34,67,22,45,6,9,14,5,1,15,9,8,20.0,15,36,8,28,3,4,5,3,0,10,8,4
Spencer Franklin,Longwood,2017-18,0.0,23,49,2,6,10,22,5,6,6,21,24,16,14.88,25,45,1,8,36,53,5,3,2,13,26,20
Spencer Haldeman,Northern Iowa,2017-18,20.0,28,68,20,56,11,15,15,10,0,1,22,16,14.83,18,46,14,29,19,28,15,4,0,1,11,5
Spencer Newman,,2017-18,0.0,0,0,0,0,0,0,0,0,0,0,0,0,0.0,0,0,0,0,0,0,0,0,0,0,1,0
Spencer Schultz,St. Mary's (MD),2017-18,20.0,2,7,0,1,0,0,2,1,0,0,2,2,14.98,1,4,0,0,1,2,0,0,0,1,0,1
Spencer Sutton,Oral Roberts,2017-18,20.0,1,3,1,1,0,0,0,0,0,1,2,1,14.78,2,6,2,5,0,0,1,0,0,1,1,1
Spencer Weller,,2017-18,0.0,0,0,0,0,0,0,0,0,0,0,1,1,0.0,0,0,0,0,0,0,0,0,0,0,0,0
Spencer Woodworth,Walla Walla University,2017-18,20.0,0,1,0,1,0,0,0,0,0,0,0,0,15.25,0,1,0,1,0,0,0,0,0,0,1,0
Spring Arbor,,2017-18,0.0,0,0,0,0,0,0,0,0,0,0,1,0,0.0,0,0,0,0,0,0,0,0,0,0,0,2
Spring Hill,,2017-18,0.0,0,0,0,0,0,0,0,0,0,2,3,0,0.0,0,0,0,0,0,0,0,0,0,0,1,0
Sprinkle J'Breun,Arkansas-Pine Bluff,2017-18,0.0,0,0,0,0,0,0,0,0,0,0,0,0,14.82,0,0,0,0,0,0,2,0,0,0,0,0
St. Andrews,,2017-18,0.0,0,0,0,0,0,0,0,0,0,3,1,2,0.0,0,0,0,0,0,0,0,0,0,0,1,1
St. Bonaventure,,2017-18,0.0,0,0,0,0,0,0,0,0,0,16,25,3,0.0,0,0,0,0,0,0,0,0,0,24,20,5
St. Edwards,,2017-18,0.0,0,0,0,0,0,0,0,0,0,7,3,0,0.0,0,0,0,0,0,0,0,0,0,1,0,0
St. Francis (BKN),,2017-18,0.0,0,0,0,0,0,0,0,0,0,22,17,10,0.0,0,0,0,0,0,0,0,0,0,24,17,5
St. Francis (IL),,2017-18,0.0,0,0,0,0,0,0,0,0,0,2,0,1,0.0,0,0,0,0,0,0,0,0,0,2,0,0
St. Francis (PA),,2017-18,0.0,0,0,0,0,0,0,0,0,0,24,22,7,0.0,0,0,0,0,0,0,0,0,0,18,14,6
St. John's,,2017-18,0.0,0,0,0,0,0,0,0,0,0,14,20,6,0.0,0,0,0,0,0,0,0,0,0,20,19,5
St. Leo,,2017-18,0.0,0,0,0,0,0,0,0,0,0,1,3,0,0.0,0,0,0,0,0,0,0,0,0,1,1,0
St. Martins,,2017-18,0.0,0,0,0,0,0,0,0,0,0,0,0,1,0.0,0,0,0,0,0,0,0,0,0,1,2,0
St. Mary's (MD),,2017-18,0.0,0,0,0,0,0,0,0,0,0,1,2,0,0.0,0,0,0,0,0,0,0,0,0,0,0,0
St. Mary's (TX),,2017-18,0.0,0,0,0,0,0,0,0,0,0,1,1,0,0.0,0,0,0,0,0,0,0,0,0,0,2,0
St. Marys University Minnesota,,2017-18,0.0,0,0,0,0,0,0,0,0,0,1,0,1,0.0,0,0,0,0,0,0,0,0,0,1,0,2
Stacey Mack,Mississippi College,2017-18,20.0,2,5,0,1,0,1,0,0,0,0,1,0,14.8,1,3,0,1,0,0,1,0,0,0,3,0
Stacy Beckton,American,2017-18,20.0,9,38,2,18,9,12,9,4,1,4,11,9,14.55,17,49,6,22,6,9,5,4,6,8,13,15
Stafford Trueheart,Hofstra,2017-18,20.0,18,33,8,16,10,10,3,3,8,7,18,7,19.97,13,36,5,23,10,18,1,7,13,10,30,5
Stan Scott,Oakland,2017-18,20.0,13,26,0,0,7,11,14,6,1,9,14,16,14.93,6,13,0,0,5,6,4,2,3,2,10,11
Stanford,,2017-18,0.0,0,0,0,0,0,0,0,0,0,27,25,5,0.0,0,0,0,0,0,0,0,0,0,32,29,7
Stanford Robinson,Rhode Island,2017-18,20.0,58,130,13,41,20,25,30,36,7,27,55,29,20.0,38,91,6,25,22,44,20,21,9,28,64,22
Stanley Christian,Rio Grande,2017-18,20.0,3,5,0,0,0,0,0,0,0,1,1,0,14.92,2,5,1,3,0,0,0,0,0,0,3,2
Stanley Davis,Morgan State,2017-18,20.0,37,91,4,22,19,25,27,14,0,5,30,30,17.58,32,77,3,10,21,31,21,6,1,13,22,21
Stanley Duncan,Anderson (IN),2017-18,20.0,2,5,1,4,2,2,0,0,0,0,0,0,14.78,1,4,0,2,0,0,0,0,0,0,1,0
Stanley Umude,South Dakota,2017-18,0.0,0,0,0,0,0,0,0,0,0,0,0,0,14.67,2,6,0,2,4,6,2,0,1,0,1,1
Stanthony Nelms,Bluefield College,2017-18,20.0,2,2,0,0,2,2,0,3,2,0,2,0,17.85,0,1,0,0,0,0,0,0,1,0,2,0
Stavian Allen,Norfolk State,2017-18,20.0,16,36,2,9,7,12,3,9,7,12,23,11,14.88,17,36,2,9,9,14,4,1,5,10,18,4
Steen Trent,,2017-18,3.47,2,4,0,0,3,3,0,1,0,0,3,3,0.0,0,2,0,0,0,0,0,0,0,0,0,0
Stef Smith,Vermont,2017-18,20.0,22,58,12,30,11,16,16,10,0,3,32,14,20.0,14,36,8,22,5,8,12,3,0,2,14,10
Stefan Borovac,UMass Lowell,2017-18,20.0,10,22,1,7,7,15,8,4,0,2,15,7,20.0,4,5,0,0,1,6,1,2,2,4,9,7
Stefan Britvar,Oglethorpe,2017-18,20.0,2,3,0,0,0,0,0,0,0,3,0,1,14.75,0,1,0,0,0,2,0,0,0,0,1,1
Stefan Desnica,Black Hills State,2017-18,20.0,2,2,1,1,1,1,0,0,0,1,1,2,14.77,1,4,0,3,0,0,0,1,0,0,2,2
Stefan Jevdjenijevic,Jamestown,2017-18,0.0,0,0,0,0,0,0,0,0,0,0,0,1,14.83,1,1,0,0,0,0,0,0,0,0,0,0
Stefan Kenic,Cleveland State,2017-18,20.0,48,111,21,61,17,21,9,8,5,11,34,40,20.0,49,116,24,58,53,66,9,8,6,11,48,18
Stefan Lakic,Samford,2017-18,20.0,29,54,8,20,5,5,4,4,0,8,26,13,14.92,26,48,9,22,8,11,2,4,2,2,21,9
Steffen Brunson,Mitchell College,2017-18,20.0,3,5,1,1,1,3,0,0,0,0,1,1,14.68,0,2,0,1,2,2,1,0,0,0,0,0
Steffon Mitchell,Boston College,2017-18,20.0,29,74,9,30,15,25,30,12,12,31,79,18,17.85,30,76,7,39,26,52,34,18,19,51,88,14
Stefon Fisher,Stephen F. Austin,2017-18,0.0,1,4,0,0,1,1,0,0,0,0,0,1,17.1,6,9,0,0,5,9,3,1,2,4,5,4
Stellan Roberts,Puget Sound,2017-18,20.0,1,5,0,2,2,2,0,1,0,1,1,2,14.78,2,2,2,2,0,0,0,1,0,0,0,2
Stephan Jiggetts,South Florida,2017-18,20.0,65,170,27,76,23,29,53,12,0,5,39,41,20.0,62,174,30,72,43,53,46,9,3,6,39,33
Stephaun Adams,Tennessee Tech,2017-18,20.0,4,13,1,6,2,4,8,5,0,2,9,6,20.0,1,6,0,0,6,8,5,2,0,1,5,2
Stephaun Limuel,Emporia State,2017-18,20.0,2,2,1,1,1,1,1,0,0,1,2,1,20.0,1,3,0,1,0,0,1,1,0,2,4,0
Stephen Azums,Wentworth,2017-18,19.98,3,4,0,0,0,0,0,0,0,1,4,2,14.75,1,2,0,0,0,0,0,0,0,0,1,0
Stephen Brown,Bucknell,2017-18,20.0,85,178,32,83,37,45,65,22,4,4,49,28,14.88,89,185,27,76,45,54,76,17,5,12,42,27
Stephen Calhoun,,2017-18,0.0,2,3,0,0,0,0,0,1,0,2,0,2,5.73,1,4,0,0,0,0,1,0,0,0,2,0
Stephen F. Austin,,2017-18,0.0,0,0,0,0,0,0,0,0,0,25,31,4,0.0,0,0,0,0,0,0,0,0,0,21,23,10
Stephen Flagg,Staten Island,2017-18,20.0,3,6,0,0,1,2,1,0,0,1,1,1,14.95,2,3,2,2,5,6,0,0,0,0,1,2
Stephen O'Suji,Houston Baptist,2017-18,20.0,0,2,0,0,0,0,1,2,0,0,1,1,17.83,0,1,0,0,1,2,1,0,0,0,0,3
Stephen Osu,Presbyterian,2017-18,0.0,0,2,0,0,0,0,0,0,0,1,2,0,19.3,2,3,0,0,0,0,0,0,0,4,2,1
Stephen Sedlock,Multnomah,2017-18,20.0,0,2,0,1,0,0,0,0,0,0,0,0,14.8,0,0,0,0,0,0,0,0,0,0,0,0
Stephen Short,San Diego Christian,2017-18,20.0,1,5,0,1,0,0,2,1,0,4,3,4,14.82,4,10,1,2,0,0,1,1,0,1,1,1
Stephen Strom,Kean,2017-18,20.0,2,6,0,3,0,0,1,0,0,0,0,1,14.78,1,3,0,1,0,0,2,0,0,0,2,2
Stephen Taylor,Wiley,2017-18,20.0,1,2,0,1,0,0,0,0,0,0,0,1,17.77,0,2,0,1,1,1,0,0,0,0,0,1
Stephen Thompson Jr,Oregon State,2017-18,20.0,0,0,0,0,0,0,38,0,0,0,0,0,14.88,0,0,0,0,0,0,34,0,0,0,0,0
Stephen Thompson Jr.,Oregon State,2017-18,20.0,64,157,23,78,21,27,12,33,8,8,35,30,14.88,114,217,37,88,43,67,7,20,3,17,38,32
Stephen Ugochukwu,McNeese,2017-18,20.0,52,119,0,3,23,33,14,7,18,24,52,20,16.13,28,62,0,0,21,42,6,5,10,18,37,19
Stephen Vassor,Old Dominion,2017-18,20.0,1,3,0,0,4,4,1,0,0,2,8,2,17.8,2,2,0,0,0,0,0,1,0,0,0,0
Stephon Jelks,Mercer,2017-18,20.0,56,111,25,53,19,23,23,11,7,27,91,24,20.0,52,89,18,37,24,32,25,10,6,30,80,15
Sterling Gilmore,Central State (OH),2017-18,20.0,0,0,0,0,1,2,1,0,0,0,2,3,17.97,0,2,0,1,0,0,1,1,0,0,1,2
Sterling Manley,North Carolina,2017-18,20.0,39,69,0,0,27,34,4,1,12,27,42,15,14.83,26,46,0,0,17,27,6,0,6,17,27,12
Sterling Taplin,Tulsa,2017-18,20.0,53,118,17,48,13,18,53,10,1,1,48,36,20.0,69,141,20,53,45,61,68,17,2,2,55,36
Stetson,,2017-18,0.0,0,0,0,0,0,0,0,0,0,13,19,2,0.0,0,0,0,0,0,0,0,0,0,22,25,1
Stevan Krusevac,Ave Maria,2017-18,20.0,2,4,1,3,1,2,0,0,0,0,4,4,14.82,0,0,0,0,0,0,1,0,0,0,2,1
Steve Dulley,UMKC,2017-18,0.0,4,18,1,7,3,4,1,4,0,5,4,1,14.95,11,32,4,19,8,17,1,0,2,4,11,6
Steve Harris,Austin Peay,2017-18,20.0,50,113,3,10,16,25,15,15,1,15,18,31,17.6,37,75,4,8,16,25,13,6,8,8,16,20
Steve Herdman,FDU-Florham,2017-18,20.0,2,4,1,2,0,0,0,1,0,1,2,1,14.98,4,4,1,1,1,2,0,0,0,0,1,2
Steve Leonard,Temple,2017-18,20.0,2,2,2,2,0,0,0,0,0,0,1,0,14.98,0,0,0,0,0,0,0,0,0,0,0,0
Steve Pendleton,Arcadia University,2017-18,20.0,0,1,0,1,0,0,0,0,0,1,0,0,18.55,0,0,0,0,0,0,0,0,0,0,0,0
Steve Rogers,Alabama State,2017-18,20.0,4,15,3,9,4,4,0,1,1,1,2,3,14.78,4,16,3,8,4,5,1,2,0,0,3,2
Steven Bush,Antelope Valley,2017-18,20.0,0,1,0,1,0,0,0,0,0,0,0,2,14.95,0,0,0,0,0,0,0,0,0,0,0,0
Steven Daho-Clark,Providence (MT),2017-18,20.0,3,5,0,0,2,2,1,0,0,1,3,0,14.9,2,2,0,0,2,2,0,0,0,0,0,0
Steven Davis,Missouri-St. Louis,2017-18,20.0,2,7,2,6,0,1,1,0,1,0,0,0,15.58,1,3,1,2,1,3,0,0,0,0,1,0
Steven Gramblin,Avila,2017-18,20.0,0,2,0,1,0,0,0,0,0,0,1,0,14.83,0,1,0,0,0,0,0,0,0,0,0,1
Steven Haney,Loyola Marymount,2017-18,20.0,44,117,31,79,18,28,20,8,0,2,24,18,19.42,47,122,31,73,29,32,12,11,1,4,24,11
Steven Julian,Cornell,2017-18,20.0,36,70,2,12,16,25,11,15,16,22,60,15,14.93,25,54,7,16,20,35,18,15,23,12,54,11
Steven Marvin,Summit,2017-18,0.0,0,0,0,0,0,0,0,0,0,0,0,0,14.9,0,1,0,1,0,0,0,1,0,0,0,1
Steven Santa Ana,Elon,2017-18,20.0,56,124,32,80,9,16,29,8,2,14,63,27,14.73,47,113,20,61,26,38,28,16,6,9,49,25
Steven Shpreyregin,Washington State,2017-18,15.0,4,11,3,9,2,3,0,0,0,0,2,1,19.98,5,7,5,7,0,0,1,0,0,0,1,0
Steven Torre,Molloy,2017-18,20.0,2,5,2,4,0,0,1,0,0,0,4,0,14.62,1,2,1,1,0,0,2,0,0,0,3,3
Steven Whitley,Norfolk State,2017-18,20.0,55,133,12,39,27,39,60,21,1,13,56,42,14.88,71,139,11,31,49,74,67,23,2,26,69,42
Stevie Clark,LSU Shreveport,2017-18,20.0,2,8,0,2,3,4,2,0,0,2,0,1,20.0,4,9,2,5,4,4,1,0,0,0,3,2
Stevie Jordan,Rider,2017-18,20.0,63,136,13,40,24,38,70,24,4,13,38,39,14.95,49,121,8,32,43,58,82,15,6,13,35,38
Stevie Repichowski,Nicholls,2017-18,20.0,10,22,9,19,2,2,1,4,1,0,5,3,14.93,8,21,7,19,1,2,0,1,0,2,2,1
Stevie Williams,Brevard College,2017-18,20.0,2,8,0,2,3,5,0,2,0,0,0,2,16.65,1,2,0,1,0,2,1,2,0,1,0,3
Stewart Lester,Centenary NJ,2017-18,20.0,0,1,0,0,0,0,0,0,0,0,1,1,14.95,1,2,1,2,0,0,1,1,0,0,1,1
Stokley Chaffee Jr,Tennessee State,2017-18,20.0,0,0,0,0,0,0,3,0,0,0,0,0,14.92,0,0,0,0,0,0,3,0,0,0,0,0
Stokley Chaffee Jr.,Tennessee State,2017-18,0.0,10,17,0,1,8,15,0,7,6,18,31,11,14.63,16,23,1,1,7,13,0,12,4,15,17,4
Stone Gettings,Cornell,2017-18,20.0,75,176,24,66,24,32,52,15,3,23,77,28,14.93,77,135,17,42,60,72,20,2,6,16,57,29
Stony Brook,,2017-18,0.0,0,0,0,0,0,0,0,0,0,23,28,1,0.0,0,0,0,0,0,0,0,0,0,35,22,2
Storm Murphy,Wofford,2017-18,20.0,37,89,21,60,3,4,63,14,0,3,38,25,16.48,26,58,14,38,14,18,58,14,1,3,18,22
Stuckey Mosley,James Madison,2017-18,20.0,79,212,30,103,30,32,26,28,5,11,57,28,15.48,111,240,49,112,68,85,37,17,2,13,59,34
Sukhjot Bains,Green Bay,2017-18,20.0,16,37,3,13,10,20,21,8,8,11,34,8,17.85,17,40,4,15,5,12,14,8,1,16,17,11
Sukhmail Mathon,Boston University,2017-18,20.0,22,44,0,0,3,4,15,3,4,18,30,20,20.0,10,23,0,0,4,8,7,1,4,8,16,11
Sunday Okeke,Wake Forest,2017-18,0.0,0,0,0,0,0,0,1,1,2,0,4,1,19.68,3,6,0,0,1,2,3,1,1,10,7,3
Suny-Oneonta,,2017-18,0.0,0,0,0,0,0,0,0,0,0,0,2,0,0.0,0,0,0,0,0,0,0,0,0,0,1,0
Susquehanna,,2017-18,0.0,0,0,0,0,0,0,0,0,0,2,2,0,0.0,0,0,0,0,0,0,0,0,0,0,2,1
Sviatoslav Mykhailiuk,Kansas,2017-18,20.0,121,257,65,133,15,23,55,23,6,22,59,30,14.63,84,209,50,126,28,31,51,22,5,22,49,35
Sylvester Ogbonda,Georgia Tech,2017-18,20.0,1,1,0,0,0,0,0,0,0,1,2,2,14.95,0,0,0,0,0,0,0,0,1,0,2,2
Syracuse,,2017-18,0.0,0,0,0,0,0,0,0,0,0,32,26,12,0.0,0,0,0,0,0,0,0,0,0,27,34,6
Szymon Walczak,Adams State,2017-18,20.0,0,0,0,0,2,2,0,0,0,0,1,0,20.0,0,1,0,1,0,0,1,0,0,1,1,2
T.J. Atwood,Southern-New Orleans,2017-18,20.0,15,37,0,1,9,15,0,3,0,9,14,9,15.35,13,25,4,6,4,8,0,4,4,4,13,9
T.J. Henderson,IUPUI,2017-18,20.0,45,113,23,58,23,30,1,18,3,6,29,34,17.68,51,113,15,46,56,63,0,10,3,11,29,35
T.J. Parham,,2017-18,4.25,19,56,10,30,11,16,0,6,0,6,24,19,0.0,17,58,8,26,12,18,0,8,1,9,14,8
T.J. Schlundt,Wisconsin,2017-18,20.0,4,12,3,9,0,0,1,2,1,3,3,2,16.07,1,12,1,10,0,0,1,1,0,1,4,0
T.J. Sheppard,Limestone,2017-18,20.0,3,4,1,1,0,3,0,0,0,0,1,2,14.92,1,3,0,0,1,4,0,1,1,0,3,2
TCU,,2017-18,0.0,0,0,0,0,0,0,0,0,0,26,19,4,0.0,0,0,0,0,0,0,0,0,0,24,22,2
TJ Atwood,Lamar,2017-18,20.0,0,0,0,0,0,0,8,0,0,0,0,0,15.35,0,0,0,0,0,0,5,0,0,0,0,0
TJ Clifford,Western Michigan,2017-18,0.0,0,1,0,0,0,0,0,0,0,1,2,0,14.67,1,1,0,0,0,0,0,0,1,0,0,0
TJ Distefano,Schreiner,2017-18,20.0,3,9,3,8,0,0,0,0,0,0,5,0,14.82,1,6,1,6,3,4,0,0,0,0,0,1
TJ Gibbs,Notre Dame,2017-18,20.0,53,138,27,76,40,50,30,10,0,6,28,15,20.0,57,147,28,63,57,65,45,12,2,14,22,25
TJ Gibbs Jr.,Notre Dame,2017-18,20.0,5,13,3,8,0,0,6,0,0,0,4,2,20.0,5,17,1,9,9,11,6,2,0,0,3,1
TJ Haws,BYU,2017-18,20.0,56,142,24,76,15,19,65,15,4,4,38,30,14.72,73,165,25,73,54,65,67,23,5,6,41,29
TJ Henderson,IUPUI,2017-18,20.0,0,0,0,0,0,0,33,0,0,0,0,0,17.68,0,0,0,0,0,0,25,0,0,0,0,0
TJ Holyfield,Stephen F. Austin,2017-18,20.0,77,156,11,35,37,51,15,16,15,38,70,36,17.98,78,131,15,29,45,58,12,23,28,44,62,52
TJ Lake,Dubuque,2017-18,20.0,2,9,0,3,0,0,1,0,0,0,2,0,14.87,1,4,1,1,0,0,0,0,0,0,2,2
TJ Parham,Green Bay,2017-18,20.0,0,0,0,0,0,0,6,0,0,0,0,0,19.1,0,0,0,0,0,0,8,0,0,0,0,0
TJ Schlundt,Wisconsin,2017-18,0.0,0,0,0,0,0,0,2,0,0,0,0,0,14.93,0,0,0,0,0,0,2,0,0,0,0,0
TJ Sheppard,Limestone,2017-18,0.0,0,0,0,0,0,0,0,0,0,0,0,0,14.92,0,0,0,0,0,0,1,0,0,0,0,0
TJ Shorts II,UC Davis,2017-18,20.0,60,131,3,11,32,47,54,22,6,5,44,41,17.87,66,120,4,12,89,113,47,29,1,6,30,24
TJ Starks,Texas A&M,2017-18,20.0,55,150,17,56,11,19,32,4,1,2,26,37,14.87,59,132,17,43,31,47,37,6,1,5,25,44
TK Edogi,Iona,2017-18,20.0,52,96,0,4,10,17,7,8,17,34,64,26,20.0,67,114,1,2,33,41,7,10,21,54,84,20
Ta'Vonne Bond,VMI,2017-18,20.0,0,0,0,0,0,0,1,0,0,0,0,0,14.77,0,0,0,0,0,0,0,0,0,0,0,0
Taavi Jurkatamm,San Francisco,2017-18,20.0,7,14,0,2,0,1,4,2,8,7,16,10,14.9,8,19,3,7,0,1,8,4,5,9,15,2
Taboris Griggs,Point,2017-18,20.0,2,7,1,5,0,1,1,2,1,0,5,1,16.4,2,7,2,6,1,2,1,0,0,1,4,1
Tacko Fall,UCF,2017-18,20.0,41,53,0,0,11,25,3,2,12,25,44,24,18.33,37,49,0,0,12,25,2,4,19,15,30,18
Tadas Kararinas,Drexel,2017-18,0.0,10,21,5,9,4,4,4,2,5,6,10,3,20.0,6,18,3,10,4,4,1,0,3,4,4,4
Tadric Jackson,Georgia Tech,2017-18,20.0,65,156,14,46,19,28,28,13,2,13,38,28,17.87,80,168,13,49,20,37,33,12,2,9,41,37
Taevon Ashmeade,Robert Morris,2017-18,20.0,0,1,0,0,0,0,1,0,0,0,1,0,14.95,1,3,0,1,0,0,2,1,0,0,0,1
Tahirou Diabate,Portland,2017-18,20.0,39,76,1,4,10,23,2,9,15,20,36,13,20.0,30,52,0,0,19,30,2,6,6,17,28,16
Tahjai Teague,Ball State,2017-18,20.0,59,128,3,25,37,57,19,22,16,23,82,26,20.0,72,108,4,17,41,60,19,14,10,25,82,18
Tai Bibbs,Columbia,2017-18,20.0,7,23,5,17,6,8,2,2,0,1,6,1,17.97,6,15,2,6,5,8,2,0,0,3,4,3
Tai Odiase,UIC,2017-18,20.0,63,107,0,0,26,45,3,11,49,36,48,22,19.03,48,92,0,0,37,57,5,10,51,36,57,13
Tai Wynyard,Kentucky,2017-18,20.0,1,5,0,0,2,2,0,1,0,4,3,1,20.0,0,0,0,0,0,0,0,0,1,2,3,1
Taishaun Johnson,Kent State,2017-18,20.0,1,9,0,4,0,0,2,0,1,0,5,3,14.98,3,9,0,1,2,6,1,1,0,3,2,2
Taj Benning,Fairfield,2017-18,20.0,4,15,2,7,3,4,13,1,1,6,10,10,20.0,3,8,1,2,7,10,3,0,1,2,8,4
Taj Price,NJIT,2017-18,0.0,4,10,2,3,6,7,2,0,4,5,8,3,16.9,10,16,0,1,4,4,2,2,1,5,4,0
Tajh Downs,Avila,2017-18,20.0,0,2,0,0,4,6,0,0,1,0,2,4,14.83,1,3,0,0,1,2,0,0,0,0,2,0
Takal Molson,Canisius,2017-18,20.0,68,148,28,68,36,53,35,18,4,26,45,27,20.0,57,133,14,41,54,82,46,17,8,29,48,34
Talbott Denny,Arizona,2017-18,0.0,0,0,0,0,0,0,0,0,0,0,0,0,19.78,0,0,0,0,0,1,0,0,0,0,0,0
Talek Williams,Central Connecticut,2017-18,20.0,3,11,0,4,1,3,7,2,0,1,4,3,14.73,6,14,1,4,7,8,1,1,1,0,4,4
Talen Davis,Howard Payne,2017-18,20.0,2,6,1,4,3,5,0,1,0,1,2,2,14.95,1,5,0,1,0,0,1,1,0,1,0,5
Talon Hardin,Rockford University,2017-18,0.0,0,0,0,0,0,0,0,0,0,0,0,0,14.73,1,1,0,0,0,0,0,2,0,0,0,3
Tamal Watkins,Shawnee State,2017-18,20.0,0,3,0,1,6,6,0,3,0,1,0,3,14.82,1,3,0,0,1,1,1,1,0,0,1,4
Tamas Bruce,Arkansas State,2017-18,0.0,40,80,0,0,24,34,6,9,10,43,44,24,16.88,58,100,0,1,31,47,6,8,11,36,34,20
Tamenang Choh,Brown,2017-18,20.0,29,54,0,2,14,24,15,8,6,19,37,20,20.0,35,62,1,2,28,43,21,3,8,31,42,18
Tamir Glenn,Piedmont International,2017-18,20.0,2,5,1,2,1,2,3,0,0,0,2,1,14.88,0,4,0,3,0,0,0,1,0,0,2,1
Tanner Borchardt,Nebraska,2017-18,20.0,2,4,0,0,0,2,0,1,0,2,6,1,15.5,4,8,0,0,4,7,1,1,4,9,8,1
Tanner Bruchs,Wisconsin-La Crosse,2017-18,20.0,3,7,2,6,0,0,0,0,0,2,0,0,19.53,0,2,0,1,0,0,0,0,0,0,0,1
Tanner Hamilton,Henderson State,2017-18,20.0,3,7,2,4,0,0,0,1,0,0,0,2,17.87,1,1,0,0,0,0,0,0,0,1,1,1
Tanner Johnson,Bryant,2017-18,20.0,24,52,22,48,0,0,5,0,0,2,17,6,17.68,20,66,18,62,3,4,7,1,0,3,12,4
Tanner Krebs,Saint Mary's,2017-18,20.0,40,94,31,71,5,5,19,9,6,11,63,7,15.78,30,73,16,47,12,18,11,3,6,8,56,6
Tanner Leissner,New Hampshire,2017-18,20.0,94,199,15,51,44,58,31,5,4,39,58,23,14.75,74,172,15,43,94,118,23,10,6,37,59,18
Tanner Lohaus,Northern Iowa,2017-18,0.0,0,2,0,0,1,2,0,1,0,1,1,0,17.48,1,2,1,1,0,0,1,0,0,1,2,0
Tanner Morgan,Northern Colorado,2017-18,20.0,52,100,5,13,7,15,7,10,11,29,71,29,17.9,36,81,0,6,27,41,14,6,13,21,82,20
Tanner Morrison,Doane,2017-18,0.0,0,0,0,0,0,0,0,0,0,0,0,0,14.9,1,2,0,1,0,0,2,0,0,0,1,0
Tanner Riley,,2017-18,0.7,2,11,1,4,4,4,1,1,0,0,1,1,0.0,2,7,1,3,0,0,1,0,1,0,0,0
Tanner Rubio,Jacksonville,2017-18,20.0,38,116,26,88,7,10,25,11,0,7,20,30,14.97,34,96,21,64,11,21,20,8,1,2,9,17
Tanner Sanders,,2017-18,0.0,0,0,0,0,0,0,0,0,0,0,0,0,0.0,0,0,0,0,0,0,0,0,0,0,1,1
Tanner Schmit,Central Arkansas,2017-18,20.0,35,92,0,2,10,15,7,2,5,14,25,7,14.92,30,57,0,0,7,11,1,2,4,8,15,4
Tanner Shuck,Concordia College (NE),2017-18,20.0,1,3,1,3,0,0,1,0,0,0,0,1,14.77,1,5,1,4,0,0,1,0,1,0,1,0
Tanner Stuckman,Quincy,2017-18,20.0,3,8,1,2,1,1,0,1,0,1,5,0,14.53,0,1,0,0,2,2,0,0,0,0,1,0
Tanveer Bhullar,Missouri State,2017-18,20.0,17,40,0,1,4,6,6,2,7,9,14,12,20.0,9,20,0,0,2,7,7,2,0,7,10,6
Taqwain Drummond,Coppin State,2017-18,20.0,4,27,3,10,0,0,0,3,1,3,14,6,17.87,8,21,3,10,3,5,1,1,1,1,7,4
Tarae Potter,Culver-Stockton,2017-18,20.0,0,3,0,3,0,0,0,1,0,0,1,3,14.53,2,7,1,4,0,0,3,2,0,0,1,3
Tariiq Jones,Detroit Mercy,2017-18,20.0,12,27,4,8,6,9,4,0,1,4,11,6,15.68,14,27,2,9,4,6,4,0,1,6,11,10
Tarin Smith,Duquesne,2017-18,20.0,55,124,11,40,31,49,49,16,3,8,40,32,20.0,67,159,22,57,50,71,45,13,9,7,31,33
Tariq Clement,South Carolina State,2017-18,0.0,0,0,0,0,0,0,0,0,0,0,0,0,14.83,1,3,0,0,0,0,1,0,0,1,2,1
Tariq Moore,Bryn Athyn,2017-18,0.0,0,0,0,0,0,0,0,0,0,0,0,0,14.82,0,1,0,0,0,0,0,0,0,0,0,1
Tariq Owens,St. John's,2017-18,20.0,55,113,7,23,11,17,9,12,48,23,62,24,17.92,54,107,5,14,29,40,8,8,43,26,74,17
Tariq Simmons,The Citadel,2017-18,20.0,51,133,21,64,14,28,37,14,2,10,33,18,14.75,34,82,6,24,8,13,19,10,0,3,15,27
Tarkus Ferguson,UIC,2017-18,20.0,45,110,24,62,20,24,64,12,9,10,60,31,19.03,37,102,9,38,32,40,57,14,10,8,49,32
Tas Dixon,Washington College (MD),2017-18,20.0,3,7,0,0,0,1,7,0,0,0,2,3,14.9,2,4,0,0,1,2,3,1,0,0,0,4
Tashia Brown,,2017-18,1.5,0,1,0,0,0,0,0,0,0,1,0,0,0.0,3,5,0,0,0,0,1,1,0,3,0,0
Tashombe Riley,,2017-18,0.0,0,0,0,0,0,0,0,0,0,0,0,0,0.0,0,0,0,0,0,0,0,0,0,0,1,0
Tate DeLaVeaga,William Jessup,2017-18,20.0,3,7,0,2,0,0,3,2,0,0,1,0,17.9,1,5,0,2,1,2,1,0,0,2,0,0
Tate Turner,Rogers State,2017-18,20.0,2,3,2,2,0,0,1,1,0,0,0,0,18.22,2,5,0,1,0,0,2,0,0,0,1,1
Taulvish McCray,Wisconsin-La Crosse,2017-18,20.0,2,4,2,4,0,0,4,1,0,0,1,2,19.53,4,7,0,3,0,0,3,1,0,1,1,0
Tavares McGlaun,Blue Mountain College,2017-18,20.0,1,1,0,0,0,0,0,1,0,0,1,1,14.87,1,4,1,2,0,0,1,1,0,0,2,3
Tavarius Shine,Oklahoma State,2017-18,20.0,38,110,16,55,28,33,27,14,12,20,36,22,14.92,46,106,17,57,25,36,17,11,7,15,21,10
Taveion Hollingsworth,Western Kentucky,2017-18,20.0,65,133,16,43,35,44,31,14,4,9,41,31,20.0,67,139,18,43,53,71,21,15,1,12,35,25
Tavian Davis,Rogers State,2017-18,20.0,0,1,0,0,0,0,2,0,0,0,1,1,18.22,1,1,0,0,2,2,1,0,0,0,1,0
Tavian Henderson,St. Martin's,2017-18,20.0,0,1,0,0,0,0,0,0,0,0,0,0,18.95,1,2,0,0,0,0,0,0,0,1,2,1
Tavon Johnson,Brescia,2017-18,20.0,1,5,1,2,0,0,1,0,0,0,2,1,14.88,0,1,0,1,2,2,2,0,0,1,0,0
Tavrion Dawson,CSU Northridge,2017-18,20.0,80,196,13,50,36,47,31,14,7,21,76,36,16.72,93,205,12,47,39,56,25,10,13,19,63,30
Taylan Grogan,Louisiana College,2017-18,20.0,2,4,1,1,2,2,1,0,0,0,2,2,14.87,3,4,1,2,1,1,0,1,0,0,0,2
Tayler Persons,Ball State,2017-18,20.0,76,182,13,49,30,37,60,12,5,9,45,49,20.0,95,183,24,45,32,55,64,12,0,7,39,37
Taylor Adway,Toledo,2017-18,20.0,28,62,0,0,24,34,8,7,9,18,46,22,18.67,23,42,0,1,18,29,4,1,9,13,40,11
Taylor Bruninga,Illinois State,2017-18,20.0,23,57,17,49,0,3,8,1,2,7,32,6,20.0,20,55,17,46,14,16,4,4,4,6,21,2
Taylor Cresswell,,2017-18,8.0,3,5,2,3,0,0,0,0,0,0,1,0,0.0,2,4,0,2,0,0,1,0,0,1,0,0
Taylor Delaughter,Mayville State,2017-18,20.0,0,2,0,1,0,0,1,1,0,0,7,1,14.92,0,2,0,2,0,0,1,1,0,1,1,2
Taylor England,Montana Tech,2017-18,0.0,0,0,0,0,0,0,0,0,0,1,0,0,14.7,0,1,0,0,0,0,1,0,2,0,0,1
Taylor Funk,Saint Joseph's,2017-18,20.0,54,124,32,87,12,13,21,10,7,13,53,13,18.67,66,146,48,106,20,25,20,10,8,16,50,18
Taylor Gilpin,,2017-18,0.5,2,5,2,3,4,4,4,0,0,0,2,1,0.0,5,6,3,4,9,10,0,0,0,0,3,3
Taylor Harper,Silver Lake College,2017-18,0.0,0,0,0,0,0,0,0,0,0,0,2,3,14.95,0,1,0,0,0,0,0,0,0,0,1,2
Taylor Johnson,Dartmouth,2017-18,20.0,49,100,8,34,12,19,28,12,0,3,37,39,20.0,51,104,14,38,33,42,45,12,2,12,35,29
Taylor Krocker,Rockford University,2017-18,20.0,7,14,0,1,1,3,2,1,0,0,7,3,14.78,3,7,0,2,0,0,1,0,0,0,5,2
Taylor McHugh,Bryant,2017-18,20.0,8,25,5,17,4,5,16,5,0,0,12,10,14.6,13,31,7,16,3,5,15,4,0,4,7,8
Taylor Mills,Piedmont,2017-18,20.0,4,11,3,5,4,4,1,2,0,0,2,1,17.92,3,9,1,2,2,2,0,1,0,0,4,1
Tayton Maher,Presentation College,2017-18,20.0,0,2,0,2,0,0,0,0,0,1,0,0,19.47,0,2,0,2,0,0,0,0,0,0,0,0
Te'Jon Lucas,Illinois,2017-18,20.0,26,59,4,9,5,8,42,11,1,4,24,27,14.97,35,68,1,8,28,43,52,18,2,8,28,29
Teandre Jones,Southern-New Orleans,2017-18,20.0,6,13,1,2,1,2,2,0,0,1,4,6,18.57,2,9,0,3,4,4,3,0,0,3,4,6
Technical Foul on Gavin,,2017-18,0.0,0,0,0,0,0,0,0,0,1,0,0,0,0.0,0,0,0,0,0,0,0,0,0,0,0,0
Technical Foul on Nicholas,,2017-18,0.0,0,0,0,0,0,0,0,0,0,0,0,0,0.0,0,0,0,0,0,0,0,0,2,0,0,0
Ted Brown,Concordia University-St. Paul,2017-18,20.0,9,13,0,0,2,3,0,0,0,0,3,2,16.07,4,6,0,0,0,0,2,1,0,2,6,5
Ted Friedman,Northern Iowa,2017-18,0.0,6,10,1,2,1,3,3,1,5,9,5,7,14.95,3,6,0,1,0,1,1,0,1,2,5,0
Ted Hilliard,Multnomah,2017-18,0.0,0,0,0,0,0,0,0,0,0,0,0,0,14.8,1,3,0,1,0,0,0,0,0,0,0,0
Teddy Allen,West Virginia,2017-18,20.0,48,101,3,15,23,36,13,11,0,28,30,16,14.87,36,75,0,6,34,41,6,2,0,14,18,15
Temidayo Yussuf,Long Beach State,2017-18,20.0,43,92,0,1,32,57,25,7,7,28,59,22,14.98,37,93,0,0,35,59,9,8,4,40,39,34
Temple,,2017-18,0.0,0,0,0,0,0,0,0,0,0,32,23,4,0.0,0,0,0,0,0,0,0,0,0,27,25,8
Temple Gibbs,Notre Dame,2017-18,20.0,14,30,7,17,6,6,8,3,0,2,4,0,17.88,15,21,8,12,6,8,4,2,0,0,5,4
Tennessee,,2017-18,0.0,0,0,0,0,0,0,0,0,0,26,34,9,0.0,0,0,0,0,0,0,0,0,0,25,26,9
Tennessee State,,2017-18,0.0,0,0,0,0,0,0,0,0,0,20,24,8,0.0,0,0,0,0,0,0,0,0,0,18,19,5
Tennessee Tech,,2017-18,0.0,0,0,0,0,0,0,0,0,0,30,36,9,0.0,0,0,0,0,0,0,0,0,0,19,21,8
Tennessee Wesleyan,,2017-18,0.0,0,0,0,0,0,0,0,0,0,3,2,0,0.0,0,0,0,0,0,0,0,0,0,2,1,0
Tensley Aldridge,Loyola New Orleans,2017-18,20.0,2,6,0,0,0,0,0,0,0,0,0,1,14.77,2,8,0,0,0,0,1,1,0,0,1,3
Teo Davidian,,2017-18,0.0,0,0,0,0,0,0,0,0,0,0,0,1,0.0,0,0,0,0,0,0,0,1,0,0,0,0
Terance Mann,Florida State,2017-18,20.0,85,141,10,27,29,46,53,17,5,25,60,28,17.65,81,151,3,23,39,60,31,14,4,39,55,28
Terek Nesheim,Wisconsin-La Crosse,2017-18,0.0,0,0,0,0,0,0,0,0,0,0,0,0,19.53,1,4,1,3,2,3,1,1,0,2,0,0
Tereke Eckwood,Mississippi Valley State,2017-18,20.0,17,46,2,9,8,9,7,6,0,3,15,11,14.72,8,29,4,10,8,11,14,4,1,3,9,5
Terence Davis,Ole Miss,2017-18,20.0,79,193,34,101,30,40,20,10,12,19,64,36,18.53,75,176,24,76,35,49,42,17,11,25,80,32
Terence Gholston,,2017-18,0.0,0,0,0,0,0,0,0,0,0,0,0,2,0.0,0,0,0,0,0,0,0,0,0,0,0,0
Terence Johnson,Florida National,2017-18,20.0,13,32,5,11,1,2,1,1,0,1,10,1,14.87,9,22,2,12,5,5,1,2,1,4,5,6
Terrance Banyard,Arkansas-Pine Bluff,2017-18,20.0,2,7,1,1,4,9,0,0,3,3,7,4,20.0,4,7,0,0,3,5,0,0,0,1,1,3
Terrance Brown,Penn State Brandywine,2017-18,20.0,2,9,0,0,0,0,1,0,0,0,4,0,14.97,1,4,0,1,1,2,0,0,0,1,1,1
Terrance Collins-Lun,Southern-New Orleans,2017-18,20.0,0,3,0,2,0,0,0,0,0,1,1,0,18.57,0,1,0,1,0,0,0,0,0,0,0,1
Terrance Collins-Lundy,Southern-New Orleans,2017-18,0.0,0,0,0,0,0,0,0,0,0,0,0,0,15.35,0,1,0,1,0,1,1,0,0,0,2,0
Terrance Collinslun,Southern-New Orleans,2017-18,20.0,1,4,1,4,0,0,0,0,0,1,2,1,14.98,0,0,0,0,0,0,0,0,0,0,0,0
Terrance Lacey,Trinity (IL),2017-18,20.0,0,1,0,0,0,0,1,0,0,0,1,2,14.87,0,0,0,0,0,0,0,0,0,0,0,1
Terrance LeFlore,Alabama State,2017-18,20.0,19,60,3,20,1,5,19,6,2,4,19,12,14.78,10,51,2,17,9,20,11,9,0,5,5,13
Terrance McBride,Cornell,2017-18,20.0,18,39,4,15,7,8,38,6,1,3,20,11,14.93,29,45,3,9,12,16,23,5,0,5,26,13
Terrell Allen,UCF,2017-18,0.0,26,81,3,17,9,10,35,11,0,11,35,30,20.0,37,73,7,12,30,47,50,31,0,8,41,22
Terrell Brown,Pittsburgh,2017-18,20.0,35,80,2,12,8,12,10,3,23,20,36,21,20.0,20,48,1,5,11,17,7,4,18,15,24,7
Terrell Carter II,Fresno State,2017-18,20.0,34,64,0,0,12,18,4,3,10,14,26,23,14.8,23,41,0,0,18,24,2,4,6,13,20,16
Terrell Davis,Brescia,2017-18,20.0,1,2,0,0,0,0,0,0,0,1,0,0,14.88,0,0,0,0,0,0,1,0,0,0,1,0
Terrell Gomez,CSU Northridge,2017-18,20.0,65,138,37,69,13,18,55,9,0,5,33,27,16.72,49,115,26,63,26,30,43,7,0,6,21,29
Terrell Hales,Cleveland State,2017-18,20.0,5,14,0,4,4,4,4,8,1,8,10,4,20.0,4,8,0,0,1,5,3,6,3,8,8,1
Terrell Lewis,Eastern Illinois,2017-18,20.0,13,31,11,21,1,1,25,7,0,4,8,7,20.0,10,31,7,25,7,9,12,8,0,1,6,8
Terrell Mabins,Tiffin,2017-18,19.95,0,1,0,0,0,0,2,0,0,0,0,1,16.22,0,0,0,0,0,0,1,0,0,0,0,2
Terrell Miller Jr,Murray State,2017-18,20.0,0,0,0,0,0,0,22,0,0,0,0,0,14.88,0,0,0,0,0,0,19,0,0,0,0,0
Terrell Miller Jr.,Murray State,2017-18,20.0,92,181,32,88,32,41,1,11,8,23,114,26,14.88,68,142,28,64,22,35,1,12,8,9,108,27
Terrell Sheffey,Montreat College,2017-18,20.0,1,3,0,2,1,2,0,1,0,0,0,3,14.92,0,1,0,0,0,0,0,0,0,0,0,1
Terrence Blum,Antelope Valley,2017-18,20.0,2,3,0,0,0,0,1,0,0,0,0,0,14.95,0,1,0,0,0,0,0,0,0,0,0,0
Terrence Lewis,Iowa State,2017-18,20.0,18,52,9,29,1,5,3,3,3,7,7,8,17.85,9,35,6,22,11,13,3,5,3,7,10,5
Terrence Parker,UT Martin,2017-18,15.0,27,45,0,0,12,19,8,6,2,20,49,25,20.0,24,47,0,0,12,21,9,4,10,23,40,18
Terrence Phillips,Missouri,2017-18,20.0,8,19,4,10,0,0,21,4,0,3,18,12,17.85,5,11,1,6,6,8,9,1,0,4,3,9
Terrence Samuel,South Florida,2017-18,20.0,28,70,8,18,38,47,49,22,0,10,59,39,20.0,29,73,5,14,32,41,41,13,0,7,50,25
Terrence Thompson,Wake Forest,2017-18,20.0,18,56,3,7,5,12,3,12,1,21,34,15,20.0,17,45,3,7,19,29,5,7,0,29,30,10
Terrence Turner,Concordia College (AL),2017-18,20.0,1,3,0,0,3,4,3,0,0,1,0,0,14.92,1,1,0,0,0,0,1,0,0,0,0,0
Terry Byrd,Trinity Baptist,2017-18,20.0,0,3,0,2,0,0,0,0,0,0,1,3,14.83,0,0,0,0,0,0,0,0,0,0,0,2
Terry Harris,Eastern Michigan,2017-18,20.0,5,17,4,14,4,5,3,0,0,3,5,4,15.38,6,16,3,9,0,3,3,2,0,1,5,1
Terry Jr Smith,Loyola New Orleans,2017-18,0.0,0,0,0,0,0,0,0,0,0,0,3,3,14.9,2,3,0,0,3,3,1,0,0,2,2,0
Terry Larrier,UConn,2017-18,20.0,71,188,26,72,12,18,8,9,4,15,42,41,20.0,71,166,24,58,36,43,14,10,2,20,52,25
Terry Maston,Baylor,2017-18,20.0,52,111,2,6,8,10,7,5,3,31,40,18,14.92,56,105,1,9,28,37,6,4,5,25,39,18
Terry Nolan Jr,George Washington,2017-18,20.0,0,0,0,0,0,0,42,0,0,0,0,0,20.0,0,0,0,0,0,0,32,0,0,0,0,0
Terry Nolan Jr.,George Washington,2017-18,20.0,43,115,18,58,26,31,1,28,6,11,44,37,20.0,40,101,14,50,40,58,1,18,5,11,36,25
Terry Smith Jr.,Loyola New Orleans,2017-18,20.0,0,2,0,0,3,6,0,0,0,2,0,1,14.77,0,0,0,0,0,0,0,0,0,0,0,0
Terry Taylor,Austin Peay,2017-18,20.0,96,173,24,48,34,48,8,9,17,60,75,34,17.6,90,175,11,35,62,82,17,11,14,65,73,23
Terry Winn,UT Rio Grande Valley,2017-18,20.0,23,69,2,5,16,18,8,3,0,11,35,9,14.77,22,45,0,1,18,23,6,2,5,17,42,15
Tervell Beck,UNLV,2017-18,20.0,39,64,6,12,29,46,5,4,2,18,23,17,14.8,34,56,2,10,20,35,8,2,0,12,16,8
Teshaun Hightower,Georgia,2017-18,20.0,16,47,6,25,9,16,19,4,1,1,23,12,14.6,15,37,4,14,11,31,16,4,1,1,11,13
Tevin Foster,Abilene Christian,2017-18,20.0,52,127,22,67,38,49,55,19,2,6,37,41,17.52,59,137,20,62,56,67,49,25,2,11,40,38
Tevin Henry,Hiwassee College,2017-18,20.0,6,11,0,0,1,6,0,1,2,4,3,3,18.62,5,10,0,0,2,10,0,0,0,1,5,2
Tevin King,South Dakota State,2017-18,19.92,53,102,7,30,15,22,49,21,3,17,74,29,20.0,53,102,9,23,36,50,45,34,4,31,53,25
Tevin Lewis,Southern-New Orleans,2017-18,20.0,1,7,0,2,1,2,1,1,0,0,2,0,18.57,2,3,0,0,1,1,0,1,0,3,3,0
Tevin McClain,La Verne,2017-18,20.0,0,0,0,0,2,2,0,0,0,0,1,0,14.87,0,0,0,0,0,0,0,0,0,0,0,0
Tevin Service,Wilmington,2017-18,20.0,1,2,0,0,0,0,0,0,0,0,1,0,18.05,3,4,3,4,0,0,0,2,0,0,2,1
Tevon Saddler,Nicholls,2017-18,20.0,80,178,11,35,56,73,46,28,3,21,72,48,20.0,77,155,8,32,68,90,35,19,4,24,79,43
Tevonn Walker,Valparaiso,2017-18,20.0,64,164,20,64,33,43,22,28,1,16,47,25,14.92,65,171,18,70,66,85,23,18,1,14,52,21
Texas,,2017-18,0.0,0,0,0,0,0,0,0,0,0,24,26,8,0.0,0,0,0,0,0,0,0,0,0,24,18,7
Texas A&M,,2017-18,0.0,0,0,0,0,0,0,0,0,0,30,28,4,0.0,0,0,0,0,0,0,0,0,0,19,25,2
Texas A&M-CC,,2017-18,0.0,0,0,0,0,0,0,0,0,0,16,20,4,0.0,0,0,0,0,0,0,0,0,0,27,18,3
Texas A&M-International,,2017-18,0.0,0,0,0,0,0,0,0,0,0,2,1,0,0.0,0,0,0,0,0,0,0,0,0,2,0,2
Texas At Tyler,,2017-18,0.0,0,0,0,0,0,0,0,0,0,4,0,0,0.0,0,0,0,0,0,0,0,0,0,2,0,0
Texas College,,2017-18,0.0,0,0,0,0,0,0,0,0,0,2,0,0,0.0,0,0,0,0,0,0,0,0,0,0,1,0
Texas Lutheran,,2017-18,0.0,0,0,0,0,0,0,0,0,0,0,0,1,0.0,0,0,0,0,0,0,0,0,0,0,0,1
Texas Southern,,2017-18,0.0,0,0,0,0,0,0,0,0,0,27,19,2,0.0,0,0,0,0,0,0,0,0,0,16,14,1
Texas State,,2017-18,0.0,0,0,0,0,0,0,0,0,0,18,18,9,0.0,0,0,0,0,0,0,0,0,0,30,16,16
Texas Tech,,2017-18,0.0,0,0,0,0,0,0,0,0,0,28,28,14,0.0,0,0,0,0,0,0,0,0,0,28,28,3
Teyvion Kirk,Ohio,2017-18,20.0,57,142,8,18,33,50,33,16,3,14,62,43,20.0,76,163,5,14,81,111,47,20,1,17,69,49
Teyvion Kirk made Dunk. Assisted by Gavin,,2017-18,0.0,0,0,0,0,0,0,0,0,1,0,0,0,0.0,0,0,0,0,0,0,0,0,1,0,0,0
Teyvion Kirk made Jumper. Assisted by Gavin,,2017-18,0.0,0,0,0,0,0,0,0,0,2,0,0,0,0.0,0,0,0,0,0,0,0,0,1,0,0,0
Teyvion Kirk made Layup. Assisted by Gavin,,2017-18,0.0,0,0,0,0,0,0,0,0,3,0,0,0,0.0,0,0,0,0,0,0,0,0,7,0,0,0
Teyvion Kirk made Three Point Jumper. Assisted by Gavin,,2017-18,0.0,0,0,0,0,0,0,0,0,4,0,0,0,0.0,0,0,0,0,0,0,0,0,1,0,0,0
Thaddeus Newby,Culver-Stockton,2017-18,0.0,1,2,1,2,0,0,0,0,0,0,1,1,14.53,7,11,4,7,1,1,0,0,0,0,2,1
Thatch Unruh,Central Arkansas,2017-18,20.0,46,115,21,71,13,18,40,15,1,6,47,27,14.92,44,99,20,59,32,40,38,10,1,12,40,23
The Citadel,,2017-18,0.0,0,0,0,0,0,0,0,0,0,29,24,2,0.0,0,0,0,0,0,0,0,0,0,25,21,4
Theo John,Marquette,2017-18,20.0,26,48,0,0,7,18,3,4,14,15,23,21,14.57,17,30,0,0,3,7,3,6,8,6,13,9
Theo Pinson,North Carolina,2017-18,20.0,54,129,6,34,27,32,87,18,10,23,96,42,14.83,66,118,5,14,59,74,78,20,8,26,67,32
Theokarl Desrivieres,Florida College,2017-18,0.0,2,4,0,0,0,0,0,0,0,2,1,1,14.88,2,3,0,0,0,0,0,0,0,0,2,1
Therren Shelton-Szmidt,Middle Tennessee,2017-18,20.0,4,17,3,12,0,0,4,2,0,2,6,6,14.55,4,9,4,8,0,0,0,3,0,0,3,2
Thomas (GA),,2017-18,0.0,0,0,0,0,0,0,0,0,0,0,1,0,0.0,0,0,0,0,0,0,0,0,0,0,1,0
Thomas Allen,Nebraska,2017-18,20.0,23,58,12,31,9,12,11,5,0,4,19,17,20.0,11,25,5,16,7,8,4,2,0,1,6,3
Thomas Bingham,Howard Payne,2017-18,20.0,1,1,0,0,0,0,0,0,1,0,2,1,15.1,2,3,0,0,1,1,1,0,0,2,3,2
Thomas Booker,South Carolina Upstate,2017-18,20.0,12,29,2,3,7,7,2,5,0,6,4,6,17.9,20,43,6,9,6,6,8,5,0,13,8,4
Thomas Bruce,Binghamton,2017-18,20.0,55,104,0,1,16,37,13,6,27,22,82,25,17.58,61,97,0,0,36,60,17,8,33,25,97,19
Thomas Capuano,Manhattan,2017-18,0.0,26,60,11,24,2,2,21,11,0,6,29,14,15.0,34,58,20,34,4,12,12,7,1,2,19,11
Thomas Dziagwa,Oklahoma State,2017-18,20.0,34,88,31,73,4,4,9,6,0,4,19,13,14.92,15,48,11,40,9,10,6,4,1,1,9,9
Thomas Ellis,Panhandle State,2017-18,20.0,0,2,0,2,1,2,2,0,0,0,2,1,14.92,0,2,0,0,1,2,0,0,0,0,3,1
Thomas Enerva,Maine-Fort Kent,2017-18,20.0,1,4,0,0,0,0,0,0,0,1,0,1,14.98,0,1,0,0,0,0,0,0,0,0,0,0
Thomas Funk,,2017-18,2.62,53,122,14,40,7,13,86,11,0,5,36,20,0.0,58,130,16,40,40,53,69,10,1,11,33,39
Thomas Huerter Jr,Siena,2017-18,0.0,0,0,0,0,0,0,13,0,0,0,0,0,18.87,0,0,0,0,0,0,13,0,0,0,0,0
Thomas Huerter Jr.,Siena,2017-18,15.52,13,27,4,12,2,3,0,3,7,6,23,16,20.0,14,28,5,12,2,4,0,3,10,8,23,8
Thomas Neff,Denver,2017-18,20.0,5,13,1,2,0,0,4,1,2,0,5,7,14.98,7,14,5,10,1,1,7,3,0,2,3,4
Thomas Nolan,Erskine,2017-18,20.0,2,3,1,2,0,0,0,1,0,0,0,0,14.95,0,3,0,1,0,0,1,1,0,0,0,0
Thomas Rico,George Fox,2017-18,20.0,0,2,0,2,0,0,2,0,0,0,0,0,14.98,0,3,0,3,2,2,1,3,0,0,0,3
Thomas Ritter,Fontbonne College,2017-18,20.0,1,5,0,2,0,0,0,0,0,0,0,2,14.88,0,1,0,0,0,0,0,0,0,1,2,1
Thomas Ryan,Yale,2017-18,20.0,2,2,1,1,1,2,2,0,0,0,1,2,14.98,2,3,0,1,0,0,0,0,1,0,1,0
Thomas Sanchez,Fordham,2017-18,0.0,0,1,0,0,0,0,0,0,0,0,0,0,14.57,0,1,0,0,0,0,0,0,0,0,0,0
Thomas Smallwood,UAB,2017-18,20.0,2,4,1,1,0,0,2,0,2,1,4,2,14.8,2,4,2,2,2,2,0,0,1,1,3,2
Thomas Welsh,UCLA,2017-18,20.0,77,159,20,60,30,35,29,8,12,52,139,20,20.0,73,156,23,46,19,22,16,11,14,32,126,13
Thomas Whiting,Northland College,2017-18,20.0,3,9,0,0,0,0,0,0,0,1,1,2,14.97,0,1,0,0,1,2,0,0,0,0,0,0
Thomas Wilder,Western Michigan,2017-18,20.0,84,200,25,63,43,62,63,32,3,11,57,41,14.92,88,201,21,74,108,122,56,29,6,11,49,32
Thomas Woods,Ohio Christian,2017-18,20.0,0,1,0,1,0,0,0,0,0,0,0,0,14.98,1,1,1,1,0,2,0,0,0,0,0,1
Thorir Thorbjarnarson,Nebraska,2017-18,20.0,0,1,0,1,0,0,0,0,0,0,0,0,15.5,1,1,1,1,0,0,0,0,0,0,0,0
Tiffin,,2017-18,0.0,0,0,0,0,0,0,0,0,0,1,0,0,0.0,0,0,0,0,0,0,0,0,0,0,0,0
Tim Bond,Eastern Michigan,2017-18,20.0,60,129,16,36,17,25,50,45,17,13,72,29,15.38,57,117,13,41,22,35,62,35,17,15,61,26
Tim Harrison,Rice,2017-18,20.0,19,53,7,31,4,9,3,3,4,8,22,12,20.0,14,34,5,17,3,4,2,1,1,6,20,9
Tim Myles,Houston Baptist,2017-18,0.0,15,31,1,1,8,17,6,8,5,17,20,22,14.77,8,20,0,0,3,9,6,3,7,13,19,16
Tim Pace,,2017-18,3.13,1,5,0,2,1,2,1,1,1,0,4,0,0.0,3,6,0,1,0,1,2,0,0,0,1,3
Tim Roberts,MIT,2017-18,20.0,2,4,0,1,1,2,1,0,0,0,2,1,20.0,0,0,0,0,2,2,0,0,0,1,3,1
Tim Rowe,Southern Miss,2017-18,20.0,30,67,2,11,5,11,5,4,9,10,29,10,18.57,17,33,0,2,11,19,5,4,6,8,30,9
Tim Turpin,University of the Ozarks,2017-18,20.0,0,0,0,0,1,2,0,0,1,0,4,2,14.8,1,3,0,0,1,1,0,0,0,1,3,1
Timeyin Amatossero-Keke,Bluefield State,2017-18,20.0,0,0,0,0,0,1,0,0,0,1,0,1,14.88,0,0,0,0,0,0,0,0,0,0,0,0
Timmy Dalton,Alice Lloyd College,2017-18,20.0,2,7,1,3,2,2,2,1,0,2,0,0,14.98,0,5,0,0,0,0,1,2,0,0,1,1
Timmy Falls,Montana,2017-18,0.0,25,55,15,29,9,13,20,9,0,4,9,22,15.0,12,33,5,14,11,13,20,9,2,2,11,12
Timmy O'Farrell,Goucher,2017-18,20.0,1,1,1,1,0,0,1,1,0,0,0,1,14.92,0,2,0,2,0,0,0,2,0,0,1,0
Timmy Rose,Binghamton,2017-18,20.0,19,51,6,18,4,6,46,5,1,2,17,24,17.58,27,57,7,15,17,32,34,9,2,3,24,25
Timothy Aguero,Howard Payne,2017-18,20.0,3,4,0,1,2,3,3,1,0,0,3,5,14.95,3,7,0,2,1,2,0,0,0,0,4,8
Timothy DeLaRosa,Mid-Atlantic Christian University,2017-18,20.0,1,6,1,2,0,0,0,0,0,0,0,1,14.7,0,1,0,0,0,0,1,1,1,1,1,0
Timothy Stokes,Louisiana College,2017-18,0.0,2,2,0,0,0,0,1,2,0,1,1,3,14.82,1,3,0,0,0,0,5,1,0,0,1,1
Tirus Smith,UTEP,2017-18,20.0,13,35,1,3,12,20,2,1,3,11,28,13,14.82,23,40,0,0,10,17,1,1,8,13,19,14
Tiwian Kendley,Morgan State,2017-18,20.0,64,156,20,52,43,58,18,17,4,13,28,29,20.0,64,130,9,38,89,115,13,15,1,6,18,29
Tj Booth,Rowan University,2017-18,20.0,0,3,0,1,0,0,0,1,0,0,0,0,14.95,2,6,1,2,0,0,1,0,0,0,0,0
Tj Fagot,Cal Lutheran,2017-18,0.0,0,0,0,0,0,0,0,0,0,0,0,0,15.8,1,1,0,0,0,0,1,0,0,0,1,0
Tj Turner,Bridgewater,2017-18,0.0,1,1,1,1,0,0,0,0,0,0,1,1,15.48,0,3,0,3,0,0,0,1,0,0,2,2
Tobe Okafor,Tusculum,2017-18,20.0,0,1,0,0,0,0,0,0,3,0,2,1,15.4,1,2,0,0,0,0,0,0,3,0,2,0
Tobi Ewuosho,Alabama State,2017-18,20.0,17,46,4,7,9,16,9,6,2,10,30,18,14.78,21,47,2,5,18,26,14,11,0,13,24,13
Tobias Sjoberg,Marist,2017-18,18.37,28,47,0,0,5,7,16,3,12,25,50,19,20.0,28,45,0,0,15,26,24,5,11,32,49,31
Toby Hegner,Creighton,2017-18,20.0,41,84,20,50,6,6,13,4,6,11,33,7,20.0,27,55,8,24,15,18,7,1,2,8,20,11
Toby Marek,North Park,2017-18,20.0,0,4,0,3,0,0,2,0,0,1,0,1,14.92,0,3,0,1,0,0,0,0,0,1,0,1
Toby Van Ry,,2017-18,9.92,5,15,2,8,6,10,7,0,4,5,26,11,0.0,5,10,2,3,0,0,2,1,3,3,8,5
Toby Vanliew,,2017-18,0.0,0,0,0,0,0,0,0,0,0,0,0,0,0.0,0,0,0,0,0,0,0,0,0,0,1,0
Toccoa Falls,,2017-18,0.0,0,0,0,0,0,0,0,0,0,12,2,3,0.0,0,0,0,0,0,0,0,0,0,4,5,2
Todd Lansden,Tennessee Wesleyan,2017-18,0.0,0,0,0,0,0,0,0,0,0,0,3,0,14.68,0,3,0,0,0,2,1,0,0,0,1,2
Toledo,,2017-18,0.0,0,0,0,0,0,0,0,0,0,14,24,5,0.0,0,0,0,0,0,0,0,0,0,18,23,4
Toliver Joe'Randle,,2017-18,11.37,2,5,2,5,0,0,0,3,0,0,1,1,0.0,3,4,3,4,2,3,0,0,0,1,0,1
Tolu Babalola,Wesley,2017-18,20.0,1,1,0,0,0,0,0,0,0,0,1,0,17.73,0,0,0,0,0,0,0,0,0,0,0,0
Tom Cotter,Oakland,2017-18,0.0,2,4,0,0,2,3,1,0,0,4,6,1,14.8,2,5,0,0,0,0,0,0,0,0,10,1
Tom Inungu,Oglethorpe,2017-18,20.0,3,4,0,1,0,0,3,0,2,0,1,0,14.75,0,0,0,0,0,0,2,0,2,2,4,0
Tom Johnson,Central State (OH),2017-18,20.0,0,2,0,1,0,0,0,1,0,0,1,2,17.97,1,4,0,0,1,1,0,0,0,0,2,2
Tom Kubank,University of Mary,2017-18,20.0,0,4,0,0,0,0,0,0,0,0,2,1,14.83,1,5,0,0,0,1,0,0,0,1,2,0
Tom Lacey,Navy,2017-18,20.0,28,67,1,2,26,38,27,6,6,26,69,29,20.0,46,85,0,4,56,79,20,14,5,32,57,21
Tom Planek,Providence,2017-18,0.0,0,1,0,0,0,0,0,1,0,0,1,0,20.0,1,1,0,0,0,1,0,2,0,0,0,0
Tom Pupavac,Winthrop,2017-18,0.0,3,3,0,0,0,0,0,0,0,2,1,0,14.97,0,1,0,0,2,3,0,0,0,1,1,1
Tom Rivard,Colgate,2017-18,20.0,1,5,1,3,0,0,1,0,1,0,0,2,19.52,0,2,0,1,0,0,0,0,0,0,0,0
Tomas Malmsjo,Rowan University,2017-18,20.0,0,1,0,0,0,0,0,0,0,0,1,1,14.95,0,0,0,0,0,0,0,0,0,0,0,0
Tomas Murphy,Northeastern,2017-18,20.0,36,77,1,9,13,17,14,2,2,18,16,9,20.0,39,63,2,5,10,13,10,1,0,19,21,19
Tomas Verbinskis,,2017-18,0.0,0,0,0,0,0,0,0,0,0,0,0,0,0.0,0,0,0,0,0,0,0,0,0,1,0,0
Tommie Luke,Webber International,2017-18,20.0,7,14,0,1,2,2,3,2,0,0,2,11,20.0,8,22,1,4,1,2,4,1,0,1,4,0
Tommy Bingamon,Cincinnati Clermont,2017-18,20.0,4,7,2,4,0,0,1,1,0,1,2,1,14.62,3,5,2,4,0,0,0,0,0,0,1,2
Tommy Bolte,Concord College,2017-18,20.0,3,10,0,1,6,8,1,0,0,1,5,2,14.83,1,3,0,0,1,2,0,0,0,0,1,1
Tommy Hamilton,Spring Arbor,2017-18,20.0,0,2,0,1,0,0,3,1,0,0,0,1,15.38,0,0,0,0,0,0,0,0,0,0,0,0
Tommy Hamilton IV,Texas Tech,2017-18,20.0,44,113,18,50,9,15,22,5,2,16,41,29,15.78,28,60,11,24,8,16,6,8,5,11,32,17
Tommy Kelly,Hartwick,2017-18,20.0,0,3,0,1,0,0,1,0,0,0,4,2,14.75,1,3,0,0,0,0,1,0,0,0,1,3
Tommy Kuhse,Saint Mary's,2017-18,0.0,0,0,0,0,0,0,0,0,0,0,0,0,17.9,0,1,0,1,0,0,0,0,0,0,0,0
Tommy Leach,Barclay College,2017-18,20.0,1,3,1,2,0,0,0,0,0,0,0,3,14.93,1,2,1,2,0,0,1,0,0,0,1,0
Tommy Organ,Kean,2017-18,0.0,0,0,0,0,0,0,0,0,0,1,0,1,14.78,0,1,0,0,0,0,0,1,0,0,0,1
Tommy Rutherford,UC Irvine,2017-18,19.92,55,93,4,7,20,27,11,3,8,26,59,37,20.0,62,112,1,5,48,70,15,5,7,30,57,28
Tommy Smierciak,Rowan University,2017-18,20.0,1,1,0,0,0,0,0,0,0,0,0,0,14.95,0,0,0,0,0,0,0,0,0,0,1,1
Tommy Vander Woude,Christendom,2017-18,20.0,1,5,0,1,0,2,1,1,0,0,2,3,14.93,0,2,0,0,0,0,0,0,2,0,2,2
Tonny Trocha-Morelos,Texas A&M,2017-18,20.0,36,101,11,36,16,30,19,7,13,27,50,12,14.87,44,91,14,39,19,31,20,7,17,22,46,20
Tony Carr,Penn State,2017-18,20.0,108,247,41,84,37,48,74,7,4,16,65,34,20.0,95,249,34,83,79,97,68,15,4,11,51,37
Tony Diemer,Rockford University,2017-18,0.0,2,6,0,1,0,1,2,0,0,1,4,3,14.78,3,9,2,2,0,0,0,0,0,2,2,3
Tony Henniger,Bob Jones University,2017-18,20.0,0,0,0,0,0,0,1,0,0,0,0,0,14.93,0,0,0,0,0,0,0,0,0,0,0,0
Tony Jackson,UMKC,2017-18,20.0,9,27,5,21,2,6,5,2,3,6,10,4,14.95,12,27,8,20,5,6,1,6,0,2,10,5
Tony Jackson II,Siena Heights,2017-18,20.0,1,2,0,1,2,2,1,0,2,1,2,5,14.83,1,1,0,0,0,0,0,0,0,1,0,0
Tony Jackson Ii,Siena Heights,2017-18,20.0,0,2,0,0,2,2,0,0,0,1,0,1,14.92,0,0,0,0,0,0,0,0,0,0,0,0
Tony Washington,La Salle,2017-18,20.0,44,68,0,0,16,25,7,6,10,36,63,25,17.98,45,76,0,0,18,32,9,3,6,28,46,15
Tony-Toni Wright,Mobile,2017-18,20.0,2,12,0,0,1,2,2,0,1,1,3,6,17.9,2,9,0,0,1,2,1,1,0,3,4,1
Tookie Brown,Georgia Southern,2017-18,20.0,84,162,22,50,56,71,63,26,2,6,47,35,20.0,90,164,22,46,105,140,60,23,5,7,53,37
Tope Arikawe,North Texas,2017-18,20.0,25,55,0,0,12,18,0,10,7,29,31,15,14.73,20,34,0,0,16,26,3,1,5,18,32,8
Torell Carter,Berea,2017-18,20.0,2,2,1,1,2,2,1,1,0,0,1,1,14.72,2,2,1,1,0,0,0,0,0,0,0,3
Toreon Land,Elizabeth City,2017-18,0.0,0,0,0,0,0,0,0,0,0,0,0,0,19.77,1,1,0,0,0,0,0,0,0,0,0,2
Torey Noel,Lamar,2017-18,20.0,19,65,2,27,15,20,44,17,0,3,22,30,20.0,21,55,4,21,13,22,40,22,0,4,20,19
Torin Dorn,NC State,2017-18,20.0,70,145,9,30,26,39,20,20,5,29,48,34,14.72,96,163,14,39,46,61,25,10,8,44,67,26
Torrence Lathon,Greensboro,2017-18,20.0,0,2,0,0,0,0,0,0,0,1,2,0,14.87,0,1,0,0,0,0,0,0,1,1,0,0
Torrey Mayo,Southern,2017-18,0.0,6,22,2,7,7,8,20,2,1,2,10,11,14.97,9,30,3,12,9,23,17,10,0,2,16,15
Torrey Patton,Akron,2017-18,20.0,13,34,3,8,10,16,4,7,0,15,31,12,20.0,21,33,0,4,13,21,8,7,1,20,25,9
Torrian Lee,Louisiana College,2017-18,0.0,0,1,0,0,0,0,0,0,0,0,1,1,14.82,3,3,2,2,1,2,2,1,0,0,0,0
Torry Johnson,Northern Arizona,2017-18,20.0,47,121,14,42,50,64,21,14,0,8,26,37,14.88,49,123,13,34,60,79,16,16,0,9,16,35
Tory Miller-Stewart,Colorado,2017-18,20.0,7,10,0,0,2,6,0,0,0,3,11,4,17.9,5,8,0,0,11,17,2,1,1,4,9,11
Toure Fudge,Hiwassee College,2017-18,20.0,2,9,0,5,0,0,0,0,0,0,2,4,18.62,1,6,1,5,1,2,0,0,0,0,1,1
Toussaint Rose,,2017-18,0.0,0,0,0,0,0,0,0,0,0,0,0,0,0.0,0,0,0,0,0,0,0,0,0,0,0,1
Towson,,2017-18,0.0,0,0,0,0,0,0,0,0,0,28,31,1,0.0,0,0,0,0,0,0,0,0,0,34,27,3
Tra Holder,Arizona State,2017-18,20.0,86,214,36,88,49,63,47,16,0,6,54,42,17.0,85,193,29,85,95,110,53,24,1,20,43,32
Trace Dimeff,Adams State,2017-18,20.0,1,3,0,2,0,0,0,0,0,0,0,1,20.0,0,0,0,0,0,0,0,0,0,0,1,0
Trace Tupper,Doane,2017-18,20.0,3,4,0,0,2,4,0,0,1,1,1,2,14.9,2,3,0,0,1,2,0,0,0,1,0,0
Tracey Burnett,Alabama A&M,2017-18,20.0,4,13,0,0,1,4,1,1,2,6,6,7,20.0,9,20,0,0,0,0,2,0,1,7,4,1
Tracy Burnett,,2017-18,0.0,2,8,0,0,0,0,1,0,0,0,3,1,0.0,4,5,0,0,3,4,0,0,0,0,2,0
Tracy Edmond,,2017-18,3.53,6,8,0,0,2,3,3,1,0,0,3,2,0.0,6,10,0,1,3,4,5,1,0,1,1,3
Trae Bell-Haynes,Vermont,2017-18,20.0,86,159,14,36,54,68,56,15,1,9,56,48,20.0,66,143,7,25,73,110,67,21,2,10,59,45
Trae Berhow,Pepperdine,2017-18,20.0,46,110,19,55,19,21,13,9,1,15,51,14,14.92,43,94,24,53,12,22,10,4,2,24,58,16
Trae Blumhorst,Rockford University,2017-18,20.0,4,6,0,0,3,3,4,1,3,0,3,2,14.78,2,7,0,0,2,2,2,0,0,1,2,3
Trae Bryant,Maine,2017-18,20.0,4,13,4,12,7,8,10,1,0,2,8,4,17.85,3,11,2,8,0,1,5,1,1,1,8,3
Trae Young,Oklahoma,2017-18,19.9,113,283,60,161,97,108,158,24,5,8,54,77,16.07,136,293,53,147,117,139,102,23,2,5,53,82
Tragen Fahl,VMI,2017-18,0.0,0,0,0,0,0,0,0,0,0,0,0,0,14.77,2,2,0,0,0,0,0,1,0,0,0,0
Tramaine Isabell,Drexel,2017-18,20.0,83,197,15,65,41,57,41,12,0,15,96,40,18.55,110,204,33,74,78,98,53,20,0,13,80,36
Travin Thibodeaux,New Orleans,2017-18,20.0,66,120,6,14,28,41,28,13,11,9,48,28,17.92,83,143,9,19,56,80,38,20,13,16,59,27
Travion Kirkendoll,Centenary,2017-18,20.0,3,4,2,3,4,4,3,0,0,1,2,2,14.88,5,13,1,5,2,2,0,1,1,3,1,1
Travis Charles,Albany,2017-18,20.0,85,145,0,0,33,38,8,7,7,29,55,30,20.0,77,146,0,0,64,81,12,9,5,29,57,20
Travis Feitshans,Ohio Northern,2017-18,20.0,0,1,0,1,0,0,0,0,0,0,2,0,20.0,0,0,0,0,0,0,1,0,0,1,0,1
Travis Fields Jr,Georgia Southwestern,2017-18,20.0,41,101,17,45,4,7,40,12,1,5,22,19,19.55,30,84,10,33,16,21,27,18,3,7,27,24
Travis Fuller,Brown,2017-18,20.0,8,21,0,3,8,12,13,2,2,7,23,7,20.0,6,17,0,1,4,5,6,1,1,6,15,7
Travis Hadyn Roe,Berea,2017-18,20.0,0,8,0,2,0,0,0,0,0,4,0,2,14.72,1,4,0,1,2,2,0,0,1,0,1,1
Travis Harlin,Maine-Fort Kent,2017-18,20.0,1,3,0,1,0,0,0,0,0,1,2,1,14.98,0,3,0,1,0,0,0,0,0,0,1,0
Travis House,Rockhurst,2017-18,20.0,0,1,0,1,0,0,3,0,0,0,0,0,17.65,0,1,0,1,0,0,0,0,0,0,1,1
Travis Ingram,,2017-18,19.5,4,10,2,4,1,2,1,0,0,6,7,3,0.0,3,6,0,1,0,0,5,2,0,4,2,1
Travis McConico,Charleston Southern,2017-18,20.0,60,123,35,81,11,19,9,19,2,18,41,12,14.98,32,93,18,61,24,29,21,16,6,14,39,19
Travis Mitchell,Florida Memorial,2017-18,20.0,5,12,3,8,1,1,3,1,0,1,3,2,12.82,1,5,0,3,2,4,0,0,0,1,2,3
Travis Munnings,UL Monroe,2017-18,20.0,84,169,26,71,32,43,34,24,2,24,71,30,20.0,76,165,29,72,32,45,35,13,2,26,85,16
Travis Schultz,Louisiana College,2017-18,20.0,0,3,0,0,0,0,0,0,0,0,1,2,14.82,1,3,1,3,0,0,0,0,0,0,1,1
Travis Scott,Ave Maria,2017-18,0.0,0,0,0,0,0,0,0,0,0,0,0,0,14.92,0,1,0,0,0,0,1,0,0,0,0,0
Travis Weatherington,Hartford,2017-18,15.0,42,88,27,59,3,3,15,13,0,7,24,17,20.0,46,89,23,57,9,11,18,13,2,6,37,23
Travis Witt,Culver-Stockton,2017-18,20.0,0,0,0,0,0,0,1,0,0,0,1,3,14.53,0,0,0,0,0,0,0,0,0,0,0,0
Travon Bell,Chicago State,2017-18,20.0,18,53,10,41,2,3,4,7,1,3,13,11,14.93,16,54,9,37,1,1,10,10,0,6,20,8
Travon Cobb,Williams Baptist,2017-18,20.0,1,4,1,3,0,0,2,0,0,0,6,3,14.98,0,1,0,1,0,0,0,1,0,0,1,0
Travon Harper,Arkansas-Pine Bluff,2017-18,20.0,35,68,0,7,15,19,9,5,8,19,27,9,14.55,39,68,4,6,24,33,4,6,2,7,29,13
Tray Buchanan,North Dakota,2017-18,20.0,17,60,10,37,3,4,8,9,0,4,10,16,20.0,20,44,10,26,20,24,9,13,0,1,11,8
Tray Hollowell,Wofford,2017-18,20.0,20,46,12,31,0,0,12,3,0,1,15,15,16.48,10,21,7,17,2,2,6,2,0,0,8,6
Traylin Farris,Portland State,2017-18,20.0,24,63,0,0,13,21,10,11,9,20,21,5,20.0,29,43,1,1,17,29,4,9,6,15,20,6
Traylin Prejean,Wiley,2017-18,20.0,1,3,0,1,0,0,0,1,0,1,4,0,17.77,2,3,0,1,0,0,0,0,0,0,3,0
Trayvon Reed,Texas Southern,2017-18,20.0,43,61,0,3,14,22,2,3,31,24,56,10,14.97,27,46,0,2,24,36,4,7,32,26,60,14
Tre Cobbs,Northern Kentucky,2017-18,20.0,5,5,1,1,8,11,2,0,0,0,3,5,15.7,2,4,0,1,1,2,4,0,0,0,0,3
Tre Douglas,Concordia College (AL),2017-18,0.0,0,0,0,0,0,0,0,0,0,0,0,0,14.92,0,2,0,0,0,0,0,0,0,0,0,0
Tre Evans,Fordham,2017-18,20.0,17,38,2,12,12,16,16,4,0,0,17,12,20.0,12,39,3,15,9,15,10,7,0,0,12,4
Tre Fillmore,Wayland Baptist University,2017-18,20.0,0,0,0,0,0,0,1,1,0,0,0,0,14.82,0,4,0,4,0,0,0,0,0,0,1,0
Tre Gomez,Kean,2017-18,0.0,0,0,0,0,0,0,0,0,0,0,0,0,14.97,0,1,0,1,0,0,0,1,0,0,0,0
Tre Gray,Texas A&M-CC,2017-18,20.0,13,32,7,19,9,14,4,3,0,1,4,10,20.0,17,41,6,20,8,10,4,4,0,0,6,5
Tre Holmes,Mitchell College,2017-18,20.0,1,1,1,1,0,0,0,1,0,0,2,4,14.68,0,0,0,0,0,0,0,0,0,0,0,0
Tre Scott,Cincinnati,2017-18,20.0,18,35,0,0,10,15,14,9,3,18,26,13,14.97,17,28,0,0,11,21,13,5,3,23,37,6
Tre Weston,UC Santa Cruz,2017-18,20.0,0,1,0,0,0,0,0,0,0,0,1,1,14.8,1,2,0,0,0,4,0,0,0,1,2,1
Tre' Ivory,Austin Peay,2017-18,20.0,21,86,3,20,20,32,71,16,0,10,33,30,17.6,20,71,3,16,15,31,57,22,0,7,18,30
Tre' Maloney,Florida Atlantic,2017-18,0.0,0,1,0,0,0,0,0,0,0,0,0,1,14.95,2,2,0,0,0,0,0,0,0,0,0,0
Tre' Thomas,Coppin State,2017-18,20.0,22,67,10,34,2,2,9,3,1,1,16,14,17.87,17,59,6,29,7,7,6,5,0,1,12,10
Tre'Darius McCallum,DePaul,2017-18,20.0,68,151,14,42,9,15,13,25,8,13,64,20,17.88,55,119,10,43,10,17,15,16,3,27,58,18
Tre'Larenz Nottingham,Texas State,2017-18,20.0,30,103,19,65,8,10,39,8,5,0,36,28,20.0,34,96,19,53,38,52,37,13,0,3,24,28
Tre'Shaun Fletcher,Toledo,2017-18,20.0,89,201,30,79,48,68,63,9,2,26,94,44,18.67,98,207,13,47,84,116,66,17,5,28,96,32
Tre'Von Jasmine,Loyola New Orleans,2017-18,20.0,2,11,0,1,1,2,0,2,0,0,0,2,14.77,5,6,1,2,2,2,1,0,1,0,0,2
Tre'Von Rucker,Montreat College,2017-18,20.0,1,2,1,1,0,0,1,0,0,0,3,2,14.92,0,0,0,0,0,0,0,1,0,0,1,1
TreVaughn Wilkerson,Lincoln PA,2017-18,20.0,2,5,2,5,3,5,1,0,0,0,2,1,19.8,1,3,1,3,0,0,0,1,0,0,1,1
Trejon Jacob,Florida International,2017-18,20.0,77,175,38,96,22,33,12,14,3,10,63,17,12.82,65,155,30,80,30,51,13,15,3,12,47,14
Trell Thompson,,2017-18,2.38,9,24,6,17,0,0,3,5,1,2,13,9,0.0,6,19,2,10,0,0,1,1,0,6,2,2
Tremaine Carter,Georgian Court,2017-18,0.0,0,0,0,0,0,0,0,1,0,0,1,0,19.75,1,3,0,1,0,0,1,0,1,0,3,1
Tremont Waters,LSU,2017-18,20.0,76,183,38,91,31,39,95,27,0,3,52,43,14.73,76,178,30,95,71,89,79,35,2,7,42,40
Trent Baker,Multnomah,2017-18,0.0,0,0,0,0,0,0,0,0,0,0,0,0,14.8,1,1,0,0,1,1,0,0,0,0,1,0
Trent Bond,Lourdes,2017-18,20.0,0,2,0,1,0,0,1,0,0,0,0,1,14.9,0,0,0,0,0,0,1,1,0,0,0,1
Trent Buttrick,Penn State,2017-18,0.0,0,2,0,1,0,0,0,0,1,0,0,2,14.97,0,1,0,1,0,0,0,0,0,0,1,0
Trent Callan,Willamette,2017-18,20.0,1,2,0,0,0,0,0,0,0,0,2,3,14.92,0,1,0,1,2,2,0,0,0,0,0,3
Trent Clay,Mesa College,2017-18,20.0,0,0,0,0,0,0,1,0,0,0,2,1,14.95,0,1,0,0,0,0,0,0,0,0,2,0
Trent Elliott,,2017-18,2.12,3,11,1,7,0,0,1,1,0,0,6,5,0.0,3,9,3,7,4,4,0,1,0,0,2,2
Trent Flemming,,2017-18,6.47,1,2,0,0,0,0,1,0,0,0,0,1,0.0,0,0,0,0,0,0,2,0,0,1,0,1
Trent Forrest,Florida State,2017-18,20.0,32,67,1,4,25,32,66,20,7,19,65,32,17.67,46,92,2,9,57,88,63,31,4,25,57,26
Trent Frazier,Illinois,2017-18,20.0,65,167,32,88,15,28,49,30,0,5,23,42,14.97,71,169,28,82,38,54,45,23,1,1,24,27
Trent Lucas,Tiffin,2017-18,19.95,2,4,1,1,0,0,0,0,0,1,1,0,16.22,0,0,0,0,0,0,0,0,0,0,0,0
Trent Molesworth,Montana Tech,2017-18,20.0,0,4,0,3,0,0,0,0,0,0,1,0,14.7,0,0,0,0,0,0,0,0,0,0,0,0
Trent Smoot,Erskine,2017-18,20.0,0,2,0,1,0,0,1,0,0,0,1,1,14.95,1,2,0,1,0,0,0,1,0,0,1,1
Trent Steen,Arkansas-Pine Bluff,2017-18,20.0,26,56,1,1,9,13,2,11,8,6,21,18,14.55,25,51,0,1,13,21,4,6,8,6,17,15
Trent Wilson,Mount Marty,2017-18,0.0,0,0,0,0,0,0,0,0,0,0,0,0,14.67,1,1,0,0,0,0,0,0,0,0,0,0
Trenton Nickel,Lakeland,2017-18,20.0,0,4,0,3,0,0,0,2,0,0,0,0,14.97,0,1,0,1,2,2,0,1,0,0,0,0
Trenton Short,,2017-18,0.0,0,0,0,0,0,0,0,0,0,0,1,0,0.0,0,0,0,0,0,0,0,0,0,0,0,0
Trenton Thompson,Asbury,2017-18,20.0,5,15,4,12,3,3,0,1,1,0,9,4,15.18,2,9,0,4,0,0,2,0,0,2,3,1
Trenton Walker,Kentucky Christian,2017-18,0.0,0,1,0,0,0,0,1,0,0,1,0,1,14.82,0,1,0,1,0,0,0,0,0,1,2,1
Trenton Weeks,Cincinnati Clermont,2017-18,20.0,2,3,1,2,0,0,0,0,0,0,1,2,14.62,0,1,0,1,0,0,0,0,0,0,0,0
Trequan Spivey,,2017-18,0.48,2,6,0,3,0,0,0,0,0,1,2,2,0.0,4,7,4,6,2,4,2,0,0,0,0,1
Tres Tinkle,Oregon State,2017-18,20.0,85,194,24,74,46,54,56,19,6,28,79,43,14.88,92,182,24,67,78,94,50,23,12,22,90,40
Treshawn Bolden,Jackson State,2017-18,20.0,12,29,2,5,1,4,9,3,1,7,20,11,17.88,13,28,1,6,5,10,9,1,3,7,14,11
Trevecca Nazarene,,2017-18,0.0,0,0,0,0,0,0,0,0,0,2,0,0,0.0,0,0,0,0,0,0,0,0,0,0,2,0
Trever Spoja,Montana,2017-18,0.0,0,1,0,1,0,0,1,0,0,0,0,0,20.0,0,2,0,2,0,0,0,0,0,0,0,0
Trevian Bell,Green Bay,2017-18,20.0,23,56,7,20,5,8,4,9,2,6,26,10,17.85,14,39,5,13,11,14,3,1,3,4,24,7
Trevin Ramirez,West New Mexico,2017-18,20.0,0,4,0,2,0,0,1,0,0,1,0,1,18.48,0,0,0,0,0,0,0,0,0,0,0,1
Trevion Brown,Coastal Carolina,2017-18,20.0,14,35,5,15,6,7,27,7,0,0,12,13,14.88,14,31,6,11,0,0,16,3,0,0,9,13
Trevon Allen,Idaho,2017-18,20.0,22,65,13,40,1,1,17,4,0,1,29,10,17.93,13,34,8,20,9,14,18,4,2,1,18,7
Trevon Ary-Turner,Weber State,2017-18,20.0,7,15,4,10,1,3,6,0,0,0,6,7,20.0,3,11,3,8,0,0,3,1,0,0,7,5
Trevon Bluiett,Xavier,2017-18,20.0,95,228,56,133,54,63,45,9,5,14,90,44,14.7,93,205,43,105,102,121,39,15,4,13,64,23
Trevon Duval,Duke,2017-18,20.0,75,174,19,58,12,25,103,21,1,11,24,55,14.73,67,160,11,45,38,61,99,29,4,9,29,42
Trevon Gross Jr.,Virginia,2017-18,0.0,0,0,0,0,0,0,0,0,0,0,0,0,20.0,0,1,0,1,0,0,0,1,0,0,0,0
Trevond Barnes,Hampton,2017-18,20.0,36,67,2,11,15,20,10,5,20,21,31,16,17.85,24,42,1,6,28,45,3,3,14,14,30,8
Trevonta Robertson,Wayland Baptist University,2017-18,20.0,0,4,0,2,1,2,2,0,0,0,0,0,14.82,2,4,0,1,0,0,2,0,0,0,0,1
Trevor Graham,Schreiner,2017-18,0.0,0,0,0,0,0,0,0,0,0,0,0,0,14.82,0,1,0,0,0,0,1,0,0,1,1,0
Trevor Holston,Siena Heights,2017-18,20.0,2,6,1,1,0,0,0,0,0,1,4,5,14.92,5,6,1,2,0,0,2,0,0,2,1,1
Trevor Ison,,2017-18,10.12,0,3,0,0,0,0,0,0,0,1,1,1,0.0,2,3,0,0,0,0,0,0,0,1,1,0
Trevor John,Cal Poly,2017-18,20.0,6,13,5,10,2,2,4,0,0,2,2,0,20.0,7,20,7,17,2,2,1,2,0,1,5,1
Trevor Larson,Wartburg,2017-18,20.0,0,1,0,0,0,0,1,0,0,0,1,1,17.48,0,1,0,1,0,0,1,1,0,1,1,1
Trevor Lucas,Anderson (IN),2017-18,20.0,0,6,0,1,1,2,1,1,1,2,4,3,14.78,0,2,0,1,0,2,0,1,0,0,0,3
Trevor Lyons,Air Force,2017-18,20.0,34,94,17,45,16,24,41,17,2,7,54,31,20.0,44,104,5,22,48,63,50,18,0,10,58,21
Trevor Moore,Cincinnati,2017-18,20.0,20,55,17,44,10,15,6,9,2,8,27,9,14.97,9,31,5,24,5,10,5,5,0,5,15,1
Trevor Spoja,,2017-18,7.33,0,1,0,1,0,0,0,0,0,0,0,1,0.0,0,0,0,0,0,0,0,0,0,0,0,0
Trevor Stanback,Stanford,2017-18,0.0,0,0,0,0,0,2,2,0,2,0,1,3,20.0,2,2,0,0,1,1,0,0,2,4,2,0
Trevor Stumpe,Wofford,2017-18,0.0,47,98,23,47,17,20,22,11,1,12,36,16,14.97,45,102,20,49,34,40,28,10,2,17,34,19
Trevor Zacher,University of Mary,2017-18,20.0,1,3,0,1,4,5,0,1,0,1,1,0,14.83,0,2,0,1,2,2,0,0,0,1,0,0
Trey Ames,,2017-18,0.0,0,0,0,0,0,0,0,0,0,0,0,3,0.0,0,0,0,0,0,0,0,0,0,0,1,0
Trey Brisco,Concord College,2017-18,20.0,0,3,0,1,3,4,1,1,0,0,5,2,14.9,2,5,2,2,2,2,1,0,0,1,2,0
Trey Bryant,William Peace,2017-18,20.0,0,3,0,0,0,0,0,0,0,1,0,1,14.87,0,2,0,0,0,0,0,0,0,0,1,0
Trey Burch-Manning,South Dakota,2017-18,20.0,64,120,6,10,28,44,27,16,2,26,85,21,14.92,36,83,1,7,24,42,20,16,1,22,73,18
Trey Carver,Hampton,2017-18,19.98,15,31,0,2,10,17,0,5,1,10,11,7,20.0,7,14,0,0,4,7,3,2,0,6,7,3
Trey Christopher,Savannah St,2017-18,15.0,0,4,0,2,0,0,1,0,0,1,1,1,20.0,0,0,0,0,0,0,0,0,0,0,0,0
Trey Dickerson,Georgetown,2017-18,20.0,21,51,8,24,7,12,29,11,2,2,8,20,15.8,20,49,3,14,7,13,25,9,0,5,15,18
Trey Edwards,Montana-Western,2017-18,20.0,0,1,0,0,0,0,1,0,1,0,2,0,14.8,0,0,0,0,0,0,0,0,0,0,1,0
Trey Ford,Appalachian State,2017-18,0.0,0,0,0,0,0,0,0,0,0,0,0,0,14.87,2,2,2,2,2,2,1,0,0,0,3,1
Trey Fountain,Multnomah,2017-18,20.0,3,7,1,4,0,0,2,0,0,0,1,1,14.8,2,4,1,2,0,0,2,0,0,1,1,0
Trey Guilliam,Northwestern Ohio,2017-18,20.0,0,1,0,1,0,0,1,0,0,1,0,0,20.0,1,2,1,2,0,0,1,0,0,0,0,0
Trey Harris,Ouachita Baptist,2017-18,20.0,1,1,1,1,0,0,1,0,0,0,0,1,20.0,0,0,0,0,0,0,0,0,0,0,0,1
Trey Houston,Hampton,2017-18,20.0,0,0,0,0,0,0,1,0,0,0,0,0,14.7,0,1,0,0,0,0,0,0,0,0,2,0
Trey Huckabay,Life Pacific,2017-18,20.0,2,9,2,7,2,2,0,0,0,0,4,1,16.72,5,18,1,8,2,2,1,0,2,0,0,1
Trey Ingram,Hawaii Hilo,2017-18,20.0,3,9,1,3,0,0,0,0,0,1,2,3,15.85,3,3,1,1,0,2,4,0,0,0,1,1
Trey Johnsen,Milligan,2017-18,20.0,0,1,0,0,0,0,0,0,0,0,0,0,14.67,0,0,0,0,0,0,0,0,0,0,0,1
Trey Kalina,UNC Wilmington,2017-18,20.0,8,24,0,0,0,2,1,0,9,7,8,11,14.68,5,8,0,0,5,10,0,0,3,3,4,0
Trey Kell,San Diego State,2017-18,20.0,56,133,18,50,18,26,53,13,4,7,47,17,14.82,33,95,7,33,46,61,41,15,2,7,35,23
Trey Kelley,Rio Grande,2017-18,20.0,0,2,0,2,0,0,1,0,0,0,0,0,14.92,0,0,0,0,0,0,1,0,0,0,0,0
Trey Knight III,Indiana State,2017-18,20.0,0,1,0,0,0,1,1,0,0,0,2,3,15.58,0,0,0,0,0,0,0,0,1,0,1,1
Trey LaForge,Loyola New Orleans,2017-18,20.0,0,3,0,1,0,0,1,1,0,1,1,2,14.77,1,1,0,0,1,2,0,1,0,0,1,0
Trey Landers,Dayton,2017-18,20.0,55,101,10,31,14,23,20,13,6,22,42,28,20.0,55,90,5,14,38,48,24,15,4,39,43,26
Trey Lenox,Abilene Christian,2017-18,20.0,1,8,0,3,0,1,3,5,0,1,7,4,17.52,5,9,0,2,2,4,5,6,0,1,6,5
Trey Lewis,Wash & Lee,2017-18,20.0,0,0,0,0,0,0,1,0,0,0,0,0,14.88,0,0,0,0,0,0,1,0,0,0,0,0
Trey Lindsey,Dallas Christian,2017-18,20.0,2,6,2,4,0,0,2,0,0,0,1,0,14.6,2,4,0,1,0,0,0,0,0,0,1,4
Trey McBride,Northwood,2017-18,0.0,0,0,0,0,0,0,0,0,0,0,0,0,14.67,0,0,0,0,1,2,0,0,0,0,0,0
Trey Moses,Ball State,2017-18,0.0,51,106,0,0,31,48,33,6,15,40,91,32,20.0,70,104,0,1,44,81,29,8,11,29,75,34
Trey Phills,Yale,2017-18,0.0,43,86,8,32,20,27,34,15,15,19,39,21,14.9,53,101,11,29,42,61,20,18,6,22,43,22
Trey Porter,Old Dominion,2017-18,20.0,53,96,1,1,50,68,7,7,18,37,47,18,20.0,84,133,0,0,74,113,7,8,20,33,62,23
Trey Radcliffe,Concord College,2017-18,20.0,2,3,1,1,1,2,1,1,0,1,1,2,14.9,2,6,1,3,0,0,2,1,0,0,3,1
Trey Reeves,Oklahoma State,2017-18,0.0,1,1,0,0,0,0,0,0,0,0,0,0,17.98,0,1,0,0,0,0,0,0,0,0,0,0
Trey Shuff,Concord College,2017-18,20.0,1,3,1,2,0,0,1,0,0,0,1,0,14.9,0,0,0,0,0,2,0,0,0,2,1,0
Trey Smith,Greensboro,2017-18,20.0,0,1,0,1,0,0,0,0,0,0,0,1,14.87,1,3,0,1,1,2,1,1,0,0,0,2
Trey Sneed,Randall University,2017-18,20.0,2,9,1,4,0,0,1,2,1,2,3,0,15.57,7,10,2,2,5,5,0,0,0,0,2,1
Trey Thompson,Arkansas,2017-18,20.0,24,49,0,0,9,13,21,11,18,23,47,17,14.92,24,44,0,0,6,11,29,11,10,13,47,15
Trey Touchet,UTEP,2017-18,20.0,6,21,1,7,3,4,9,1,0,1,12,9,14.82,12,24,4,14,8,11,8,2,0,2,10,7
Trey Wade,UTEP,2017-18,20.0,30,76,7,24,3,12,2,4,13,13,38,10,14.82,42,71,8,21,4,8,6,5,9,14,30,6
Trey Watkins,Fontbonne College,2017-18,20.0,0,3,0,2,0,0,0,0,0,0,1,3,14.88,1,1,1,1,0,0,0,0,0,0,1,2
Treylan Matthews,Centenary,2017-18,20.0,4,10,2,5,0,1,4,4,0,1,2,7,14.88,0,3,0,1,2,3,2,1,0,0,0,2
Treyvon Bashir,Providence (MT),2017-18,20.0,3,4,0,1,0,0,1,0,0,0,1,0,14.9,0,1,0,0,1,2,1,0,0,0,2,0
Trhae Mitchell,South Alabama,2017-18,20.0,38,80,5,14,24,36,39,11,24,12,88,28,15.78,40,80,6,17,20,32,33,16,18,14,65,18
Trice High,,2017-18,0.0,0,0,0,0,0,0,0,0,0,0,0,0,0.0,0,0,0,0,0,0,0,0,0,0,1,0
Trinity (IL),,2017-18,0.0,0,0,0,0,0,0,0,0,0,2,0,0,0.0,0,0,0,0,0,0,0,0,0,1,3,0
Trinity Baptist,,2017-18,0.0,0,0,0,0,0,0,0,0,0,1,5,1,0.0,0,0,0,0,0,0,0,0,0,6,1,4
Trip Day,North Florida,2017-18,20.0,67,121,13,27,19,23,12,7,7,31,35,23,14.63,68,103,8,18,19,26,13,10,10,21,30,19
Tripp Davis,Tennessee State,2017-18,20.0,1,6,0,4,3,5,4,6,1,0,8,6,14.63,1,6,0,1,2,3,5,4,0,2,8,1
Tristan Clark,Baylor,2017-18,20.0,47,81,0,1,19,30,12,11,14,22,58,21,14.92,40,64,2,6,17,25,12,6,10,23,37,14
Tristan Jarrett,Kennesaw State,2017-18,20.0,11,39,5,17,3,6,5,2,2,5,11,14,17.72,6,17,2,6,2,2,3,0,0,2,5,8
Tristan Keah-Tigh,Haskell,2017-18,20.0,0,3,0,2,0,0,0,0,0,0,1,2,14.9,2,3,2,3,0,0,1,0,0,0,1,0
Tristan Owens,Radford,2017-18,20.0,0,8,0,7,1,2,1,0,0,1,1,3,19.55,1,5,0,2,0,0,2,1,0,0,3,0
Tristan Popa,Tiffin,2017-18,19.95,0,1,0,1,0,0,1,1,0,0,2,1,16.22,0,3,0,3,0,0,0,0,1,0,1,0
Tristin Walley,Arkansas State,2017-18,20.0,33,91,13,40,13,21,6,13,7,24,36,22,16.88,33,72,14,37,22,28,9,12,10,21,37,18
Triston Chambers,Samford,2017-18,0.0,38,82,29,59,10,10,7,8,0,7,16,25,14.92,39,100,28,70,21,29,6,13,2,7,26,10
Triston Simpson,South Dakota,2017-18,20.0,52,109,11,35,17,28,49,18,1,11,33,30,14.92,48,106,17,41,24,39,50,8,0,4,22,28
Troy,,2017-18,0.0,0,0,0,0,0,0,0,0,0,16,21,2,0.0,0,0,0,0,0,0,0,0,0,19,26,4
Troy Arce,Linfield College,2017-18,20.0,1,3,1,2,2,2,3,2,0,1,2,3,14.95,2,3,0,0,1,1,2,1,0,0,1,3
Troy Brown,Oregon,2017-18,20.0,87,176,27,69,23,31,60,22,1,22,85,38,17.87,46,126,5,36,39,53,36,28,5,26,63,42
Troy Campfield,,2017-18,0.0,0,0,0,0,0,0,0,0,1,0,1,0,0.0,0,0,0,0,0,0,0,0,0,1,0,0
Troy Green,New Orleans,2017-18,20.0,38,88,2,9,41,61,34,9,2,9,36,31,17.92,36,72,2,9,37,53,26,7,1,14,20,20
Troy Harper,Drexel,2017-18,20.0,31,95,2,23,48,57,16,6,1,3,22,25,20.0,39,88,4,19,51,63,18,7,1,7,21,18
Troy Mix,Piedmont International,2017-18,20.0,4,9,1,4,0,0,0,0,0,1,3,0,14.88,1,2,0,1,0,0,0,0,0,0,2,0
Troy Mundy,Ohio Christian,2017-18,20.0,0,1,0,0,0,0,0,0,0,0,1,0,14.98,0,1,0,0,0,0,0,0,0,0,1,1
Troy Rike,Wake Forest,2017-18,20.0,0,1,0,1,0,0,0,0,0,0,0,0,20.0,1,1,0,0,0,0,0,0,0,0,0,0
Troy Salvant,William Carey,2017-18,20.0,1,4,1,4,0,0,0,0,0,0,1,1,17.85,1,5,0,2,5,6,0,0,0,2,1,1
Troy Scott,Montana-Western,2017-18,20.0,0,0,0,0,0,0,1,0,0,0,1,1,14.8,0,1,0,1,1,2,0,1,0,0,0,0
Troy Simons,New Mexico,2017-18,20.0,44,119,25,79,20,25,24,23,4,9,22,14,14.98,47,116,27,65,15,21,15,27,1,22,32,17
Troy Stancil,Wilmington,2017-18,20.0,2,7,1,4,2,2,0,0,0,0,1,0,18.05,2,4,1,1,2,2,2,1,0,0,0,0
Troy Thompson,Prairie View A&M,2017-18,20.0,30,77,21,55,11,16,13,9,3,10,20,17,15.15,28,83,19,59,16,23,8,6,5,11,15,11
Troy Williams,Maine-Fort Kent,2017-18,20.0,0,3,0,2,0,0,2,0,0,0,0,1,14.98,0,2,0,2,0,0,0,0,0,0,2,0
Troymain Crosby,Alcorn State,2017-18,0.0,31,76,1,15,16,24,5,7,2,12,30,31,14.95,28,62,1,9,15,22,10,9,3,17,26,12
Troynell Reese,Methodist,2017-18,20.0,1,6,0,1,0,0,2,1,0,1,2,1,14.78,0,0,0,0,0,0,0,1,0,0,2,2
Troyon Butler,Adams State,2017-18,20.0,2,2,1,1,0,2,1,0,0,0,1,1,20.0,0,0,0,0,0,0,0,0,0,0,0,1
Trumell McCrimmon II,Edward Waters,2017-18,20.0,2,8,0,0,1,2,0,0,0,1,3,0,14.95,3,4,0,0,0,0,4,1,0,0,1,4
Trystin Jarvis,Randall University,2017-18,20.0,1,1,0,0,2,2,0,0,0,0,0,0,17.52,0,0,0,0,0,0,0,0,0,0,0,0
Tshiefu Ngalakulondi,St. Bonaventure,2017-18,20.0,6,9,1,3,0,0,0,2,2,3,6,2,14.9,8,11,3,4,1,2,2,3,2,1,3,1
Tucker Blackwell,Army,2017-18,20.0,35,77,23,51,4,7,17,9,2,3,16,12,20.0,16,49,2,17,18,29,13,9,0,5,12,10
Tucker Powell,Panhandle State,2017-18,0.0,0,0,0,0,0,0,0,0,0,0,0,2,14.92,1,2,0,0,0,0,0,0,0,0,0,0
Tulane,,2017-18,0.0,0,0,0,0,0,0,0,0,0,22,37,2,0.0,0,0,0,0,0,0,0,0,0,27,26,12
Tulio Da Silva,South Florida,2017-18,20.0,25,74,0,7,16,17,9,5,3,16,44,21,20.0,27,57,3,8,19,33,7,5,7,9,37,16
Tulsa,,2017-18,0.0,0,0,0,0,0,0,0,0,0,28,27,4,0.0,0,0,0,0,0,0,0,0,0,29,21,4
Tusculum,,2017-18,0.0,0,0,0,0,0,0,0,0,0,1,0,1,0.0,0,0,0,0,0,0,0,0,0,0,1,0
Ty Charles,Stephen F. Austin,2017-18,20.0,41,95,15,36,10,15,18,14,2,19,38,16,20.0,32,81,5,26,26,38,24,14,4,15,48,19
Ty Cockfield,Arkansas State,2017-18,20.0,89,182,28,76,33,42,32,14,1,8,24,35,16.88,67,171,21,63,37,48,29,12,2,16,38,29
Ty Gibson,Eastern Washington,2017-18,20.0,40,92,34,80,5,5,23,9,0,5,32,6,15.25,29,84,24,76,10,15,15,8,1,7,26,14
Ty Graves,Saint Louis,2017-18,20.0,0,1,0,0,0,0,0,0,0,1,0,0,14.85,0,0,0,0,0,0,0,0,0,0,0,0
Ty Groce,Eastern Michigan,2017-18,20.0,26,61,9,26,12,20,16,5,11,9,31,19,15.38,17,45,5,18,10,17,5,12,4,12,28,13
Ty Jerome,Virginia,2017-18,20.0,63,157,25,74,13,15,71,33,1,5,46,26,18.35,69,155,33,77,25,27,58,22,0,6,47,26
Ty Jones,Charleston Southern,2017-18,20.0,38,72,1,7,13,16,16,7,3,10,19,30,14.98,40,81,1,4,22,31,11,7,3,16,28,19
Ty Lazenby,Oklahoma,2017-18,19.9,3,12,1,6,1,2,2,3,0,3,7,6,16.07,2,5,0,1,0,0,1,1,0,0,2,1
Ty Lee,Massachusetts-Boston,2017-18,20.0,1,2,0,0,0,0,2,0,0,0,1,3,14.9,1,4,1,1,0,0,0,0,0,0,0,0
Ty Oaks,Concordia College (AL),2017-18,20.0,0,2,0,0,0,0,0,0,0,0,1,0,14.92,0,4,0,0,0,0,1,0,0,0,2,1
Ty Solomon,,2017-18,0.0,0,6,0,1,0,0,0,3,0,0,3,3,12.9,1,1,0,0,0,0,2,1,0,1,0,3
Ty Sparling,Midway,2017-18,0.0,0,2,0,2,0,0,0,1,0,0,0,0,14.68,2,2,1,1,1,2,0,0,0,1,0,0
Ty Taylor II,NC Wesleyan,2017-18,20.0,63,179,22,70,34,40,31,12,2,12,65,28,14.68,77,174,26,67,34,44,21,10,3,10,41,23
Ty'lik Evans,Savannah St,2017-18,20.0,28,97,14,59,11,18,29,20,0,14,16,18,14.97,24,73,10,41,22,33,24,12,0,16,13,18
Ty'quon Reid,Bluefield College,2017-18,20.0,1,4,1,3,0,2,0,2,0,0,0,1,17.85,1,4,0,2,2,2,0,0,0,0,1,1
Ty-Shon Alexander,Creighton,2017-18,20.0,22,56,15,41,7,10,27,3,0,2,18,17,20.0,20,47,9,28,11,16,8,2,2,1,27,11
TyQuaylon Smith,Alcorn State,2017-18,20.0,3,6,0,0,3,5,0,2,2,2,3,3,14.57,1,2,0,0,0,0,1,3,2,2,4,4
Tydus Verhoeven,Duquesne,2017-18,20.0,21,40,0,0,3,5,14,5,27,19,28,15,20.0,19,35,0,0,15,28,12,2,31,23,25,7
Tye Wilburn,Wright State,2017-18,20.0,3,9,0,2,3,6,8,3,0,5,13,1,20.0,5,9,0,0,8,9,6,8,0,2,9,5
Tyere Marshall,Rider,2017-18,20.0,48,104,0,0,22,44,20,7,9,32,57,18,14.95,62,106,0,1,26,44,6,4,5,32,56,19
Tyjhai Byers,Morgan State,2017-18,20.0,3,5,0,0,0,0,0,1,3,5,8,0,17.58,1,4,0,0,0,2,0,0,5,5,6,2
Tyler Armstrong,East Central,2017-18,20.0,1,4,1,3,0,0,2,0,0,0,2,2,16.12,0,3,0,1,3,5,1,1,0,1,1,0
Tyler Barlow,St. Mary's (TX),2017-18,20.0,0,0,0,0,0,3,0,0,0,0,1,0,17.57,1,1,0,0,0,1,0,0,0,0,1,0
Tyler Bell,Jarvis Christian,2017-18,20.0,1,1,0,0,0,0,0,1,0,0,1,1,14.47,0,0,0,0,0,0,0,1,0,0,1,1
Tyler Bey,Colorado,2017-18,20.0,27,57,0,3,18,26,7,11,7,13,48,17,17.9,30,59,0,3,21,31,8,5,10,26,50,17
Tyler Blount,Texas State,2017-18,20.0,44,102,25,64,2,2,20,8,1,4,26,11,20.0,34,84,23,55,10,20,12,3,0,5,23,10
Tyler Carter,Alcorn State,2017-18,20.0,13,34,1,4,8,14,4,8,1,17,30,11,14.73,10,30,1,9,18,20,10,5,0,8,17,8
Tyler Champan,,2017-18,4.48,1,2,0,0,0,0,0,0,0,0,0,0,0.0,0,1,0,1,2,2,0,0,0,0,1,0
Tyler Clement,Creighton,2017-18,0.0,0,1,0,1,0,0,0,0,0,1,0,0,14.72,8,12,4,8,1,1,3,1,2,0,4,2
Tyler Cook,Iowa,2017-18,20.0,100,179,1,6,54,75,35,7,10,38,67,51,14.93,86,148,0,1,62,102,22,13,8,32,78,28
Tyler Creammer,VMI,2017-18,20.0,41,83,0,0,21,29,14,6,8,22,57,22,14.72,37,92,0,1,19,27,4,7,6,31,40,18
Tyler Davis,Texas A&M,2017-18,20.0,101,187,2,13,56,85,26,5,26,72,100,37,14.87,90,141,4,11,40,70,17,6,21,45,81,30
Tyler Dean,North Georgia,2017-18,20.0,2,4,0,2,0,0,0,0,0,0,0,1,14.7,0,3,0,0,0,0,0,0,0,1,2,1
Tyler Dominy,North Georgia,2017-18,20.0,2,3,0,0,0,0,0,0,0,0,0,0,14.7,1,2,0,1,0,1,1,0,0,0,0,0
Tyler Faulkenberry,Milligan,2017-18,20.0,0,2,0,2,0,0,1,0,0,0,0,0,14.67,2,5,1,3,0,0,0,0,0,0,1,0
Tyler Fountain,Concordia College (AL),2017-18,20.0,0,4,0,0,2,2,0,0,0,1,3,3,14.92,0,0,0,0,0,0,0,0,0,0,0,1
Tyler Hadden,Belmont,2017-18,20.0,34,64,9,26,18,21,5,2,9,15,24,16,20.0,13,25,0,9,6,12,1,2,0,3,12,5
Tyler Hagedorn,South Dakota,2017-18,20.0,78,184,24,61,29,34,12,11,13,23,62,26,14.92,57,138,19,46,46,59,17,10,12,22,65,15
Tyler Hall,Montana State,2017-18,17.03,83,184,49,113,32,33,34,12,7,9,39,28,20.0,71,189,39,115,58,66,39,10,4,12,40,24
Tyler Hendrix,Mid-Atlantic Christian University,2017-18,20.0,0,4,0,3,0,0,0,0,0,0,1,1,14.7,2,4,1,1,0,0,1,0,0,0,2,3
Tyler Hoagland,Susquehanna University,2017-18,20.0,2,4,0,1,1,2,3,1,0,0,1,3,20.0,0,2,0,0,3,6,5,0,0,0,1,1
Tyler Hooker,Kennesaw State,2017-18,20.0,41,117,5,29,35,45,35,18,1,8,36,28,17.72,59,117,10,31,35,53,28,17,3,1,24,36
Tyler Jackson,San Francisco State,2017-18,20.0,1,1,0,0,0,0,0,0,0,0,0,1,15.45,1,2,0,0,0,0,0,0,0,2,2,2
Tyler Jones,Maryland-Eastern Shore,2017-18,20.0,34,101,6,28,16,21,8,3,3,9,28,15,14.77,33,92,9,30,19,33,4,8,1,16,30,12
Tyler Klingenbeck,UC Santa Cruz,2017-18,20.0,1,3,0,1,0,2,0,0,0,1,1,0,14.8,3,3,0,0,0,0,2,0,0,0,0,1
Tyler Kohl,Central Connecticut,2017-18,19.7,77,179,24,76,20,23,51,16,2,21,101,51,20.0,76,181,16,54,63,81,56,23,1,24,63,44
Tyler Loose,Northern Colorado,2017-18,0.0,0,0,0,0,0,0,0,0,0,0,0,1,14.92,1,1,0,0,0,0,1,0,0,0,1,0
Tyler Maye,VCU,2017-18,20.0,11,30,2,5,4,5,10,8,1,2,7,3,14.58,4,13,0,2,1,6,3,3,0,0,3,8
Tyler Michael,Frostburg State,2017-18,20.0,3,8,0,2,0,0,0,3,0,0,3,2,14.93,1,5,0,1,0,0,0,0,0,0,2,0
Tyler Miller,Western Kentucky,2017-18,0.0,1,3,0,1,0,2,0,3,0,2,4,1,14.78,0,1,0,1,0,0,1,0,0,0,1,0
Tyler Nelson,Fairfield,2017-18,20.0,98,238,43,127,69,75,50,24,1,9,57,36,20.0,105,245,46,127,69,81,47,16,2,7,50,34
Tyler Pate,Panhandle State,2017-18,20.0,7,22,2,9,5,8,1,2,0,0,1,2,14.92,3,10,2,5,2,2,2,0,0,1,1,2
Tyler Peterson,South Dakota,2017-18,20.0,46,107,8,36,12,14,33,12,2,13,44,25,14.92,45,90,12,31,30,41,20,16,2,13,29,13
Tyler Plummer,Wagner,2017-18,20.0,6,20,1,6,4,8,2,3,2,8,9,3,20.0,6,12,2,4,2,9,3,4,0,5,4,7
Tyler Polley,UConn,2017-18,20.0,11,35,6,18,9,10,3,1,2,1,9,8,20.0,12,32,8,15,13,19,1,2,1,7,15,8
Tyler Rainford,Johnson & Wales (NC),2017-18,20.0,0,0,0,0,0,0,2,0,0,0,0,1,14.85,0,0,0,0,0,0,0,0,0,0,0,0
Tyler Rawson,Utah,2017-18,20.0,57,132,33,86,22,31,60,8,16,15,85,22,15.15,33,78,15,45,28,33,49,12,10,16,69,32
Tyler Riemersma,Navy,2017-18,20.0,11,26,0,4,10,13,10,8,5,17,21,11,14.95,5,15,0,1,5,6,7,1,1,11,14,7
Tyler Scanlon,Boston University,2017-18,20.0,45,94,21,40,10,13,47,19,2,14,57,28,20.0,51,115,18,56,31,39,36,16,1,9,63,23
Tyler Seibring,Elon,2017-18,20.0,83,175,38,93,15,22,31,4,8,17,69,14,14.73,84,157,37,76,25,33,32,4,8,26,79,15
Tyler Sharpe,Northern Kentucky,2017-18,20.0,27,62,19,51,12,17,8,13,2,1,15,7,14.75,23,57,18,46,17,20,7,11,0,4,7,6
Tyler Simmons,,2017-18,0.0,0,0,0,0,0,0,0,0,0,0,1,0,0.0,0,0,0,0,0,0,0,0,0,0,0,0
Tyler Smithpeters,Southern Illinois,2017-18,20.0,40,100,25,72,16,21,30,12,2,12,55,22,16.55,28,71,18,47,21,31,30,22,3,6,54,17
Tyler Smothers,Midway,2017-18,20.0,1,3,0,0,0,0,1,0,0,0,0,1,14.92,0,2,0,1,0,0,0,0,0,0,1,0
Tyler Stewart,Binghamton,2017-18,20.0,22,60,7,18,12,16,5,7,6,7,23,11,20.0,24,48,4,14,8,14,9,4,2,6,13,9
Tyler Streeter,Morgan State,2017-18,20.0,12,19,2,6,3,5,1,1,0,3,2,4,20.0,8,16,3,6,2,2,3,2,0,5,4,5
Tyler Van Vlack,Northland College,2017-18,0.0,0,0,0,0,0,0,0,0,0,0,2,0,14.95,1,5,1,4,0,0,0,0,0,1,0,0
Tyler Walker,Multnomah,2017-18,20.0,0,2,0,2,0,0,1,0,0,0,1,0,14.8,0,1,0,0,0,0,0,0,0,0,0,0
Tyler Watts,Linfield College,2017-18,20.0,0,2,0,2,0,0,4,1,0,0,3,2,14.95,0,0,0,0,0,0,0,0,1,0,0,1
Tyler Welborn,Trevecca Nazarene,2017-18,0.0,0,0,0,0,0,0,0,0,0,0,0,0,14.55,0,0,0,0,2,4,0,1,0,0,0,0
Tyler Wideman,Butler,2017-18,20.0,64,102,0,3,33,39,9,8,7,39,52,26,17.72,52,69,0,0,38,48,8,10,6,36,38,19
Tyler Williams,Mobile,2017-18,20.0,32,82,20,61,11,15,26,6,4,17,37,20,17.9,45,90,26,51,41,47,18,13,1,13,45,20
Tyler Yost,George Fox,2017-18,0.0,0,0,0,0,0,0,0,0,0,0,0,0,14.98,0,1,0,1,0,0,0,0,0,0,1,0
Tyler Zumbach,Wartburg,2017-18,20.0,0,1,0,0,0,0,0,0,0,1,1,1,17.48,1,2,0,1,0,0,0,1,0,1,1,0
Tylor Arnold,,2017-18,0.0,0,0,0,0,0,0,0,0,0,0,0,3,0.0,0,0,0,0,0,0,0,0,0,0,0,0
Tylur Passmore,Wheelock College,2017-18,20.0,1,1,0,0,0,0,0,1,0,0,1,1,14.75,0,1,0,1,0,0,0,1,0,0,0,0
Tyonn Stuckey,Point,2017-18,20.0,7,14,0,5,0,0,7,3,1,1,3,4,16.4,9,14,4,6,0,0,4,2,0,0,4,4
Tyquavion Dix,Warren Wilson,2017-18,20.0,5,17,2,6,1,3,3,3,0,0,2,1,14.78,5,14,0,3,1,2,0,0,0,0,6,2
Tyquon Jordan,,2017-18,0.0,0,0,0,0,0,0,0,0,0,0,0,0,0.0,0,0,0,0,0,0,0,0,0,0,0,2
Tyran Davis,Fisk,2017-18,19.9,2,9,1,2,3,4,4,0,0,0,3,0,17.92,1,7,0,1,0,0,3,1,0,2,3,3
Tyree Appleby,Cleveland State,2017-18,20.0,55,124,19,57,30,35,48,27,3,4,40,62,20.0,67,149,16,49,68,101,79,16,5,10,24,49
Tyree Crump,Georgia,2017-18,20.0,26,82,20,61,9,12,15,7,2,0,18,17,14.6,28,76,20,59,21,28,17,5,0,0,14,17
Tyree Griffin,Southern Miss,2017-18,20.0,73,183,28,75,28,38,82,30,1,13,49,40,18.57,84,180,27,68,48,72,79,23,2,6,50,36
Tyree Robinson,Youngstown St,2017-18,20.0,31,48,0,0,10,17,3,11,9,11,23,14,14.98,30,49,0,0,14,25,4,6,7,15,22,13
Tyreece Brice,St. Leo,2017-18,20.0,2,7,0,1,0,0,1,2,0,0,1,0,17.95,1,4,1,2,0,1,1,1,0,1,3,1
Tyrei Randall,Rider,2017-18,20.0,13,33,9,24,8,12,3,6,6,2,17,7,14.95,8,21,4,11,4,4,1,4,2,1,5,3
Tyreke Key,Indiana State,2017-18,20.0,34,101,13,38,25,30,20,14,2,9,45,21,14.98,40,99,7,24,32,47,20,7,5,13,46,14
Tyrell Gumbs-Frater,Coastal Carolina,2017-18,0.0,12,17,10,14,2,4,3,1,1,4,5,4,14.88,6,21,6,17,5,6,3,1,1,2,6,4
Tyrell Johnson,Appalachian State,2017-18,20.0,43,114,15,51,19,25,9,2,16,22,52,27,14.87,41,85,15,42,11,16,10,5,18,13,36,10
Tyrell Lewin,Simon Fraser,2017-18,20.0,2,2,0,0,0,1,0,0,0,3,0,1,17.22,0,0,0,0,0,0,0,0,0,1,0,0
Tyrell Sturdivant,Stony Brook,2017-18,20.0,45,113,14,53,15,24,25,22,5,16,56,30,17.95,33,91,13,47,25,50,29,29,8,24,44,31
Tyrell Williams,Iona,2017-18,20.0,1,6,0,0,0,0,0,0,2,2,5,2,20.0,1,1,0,0,0,0,0,0,0,0,1,0
Tyren Harrison,New Orleans,2017-18,20.0,10,13,1,1,2,5,11,3,2,7,15,9,17.92,9,16,1,5,4,8,8,2,5,5,13,13
Tyrese Mapp,Florida Memorial,2017-18,20.0,2,5,1,2,1,3,0,3,0,1,6,4,12.82,1,2,0,0,0,0,1,1,0,2,0,1
Tyrie Jackson,Virginia Tech,2017-18,20.0,12,30,2,15,6,9,7,3,0,3,16,5,15.68,7,16,1,3,10,15,2,4,1,6,7,6
Tyrik Dixon,Middle Tennessee,2017-18,20.0,20,56,8,29,5,6,44,12,0,6,35,18,14.55,24,59,11,26,21,26,46,12,2,5,34,16
Tyrik Edwards,Jacksonville State,2017-18,20.0,8,28,0,3,12,16,20,4,4,2,24,12,14.68,10,23,2,4,7,13,9,1,0,3,12,8
Tyrik Landry,Louisiana College,2017-18,20.0,0,3,0,2,0,0,2,2,0,0,1,2,14.82,0,1,0,0,0,0,0,0,0,0,0,1
Tyrin Atwood,Lamar,2017-18,20.0,7,10,0,1,6,8,4,0,0,2,6,0,14.9,2,6,0,0,4,4,2,2,0,3,3,2
Tyrin Harris,Georgia Southwestern,2017-18,20.0,1,3,1,2,0,0,0,0,0,0,2,1,19.55,1,3,1,2,0,0,1,0,0,0,0,0
Tyrique Jones,Xavier,2017-18,20.0,42,61,0,0,15,29,10,9,11,15,49,16,14.7,36,63,0,0,34,55,5,9,7,25,36,7
Tyrique Weaver,Northern New Mexico,2017-18,20.0,4,10,1,3,1,5,0,1,0,1,3,2,14.98,0,5,0,2,1,2,2,2,0,3,3,2
Tyrone Craven,Wesley,2017-18,20.0,1,2,0,0,0,0,2,0,0,0,0,1,17.73,0,0,0,0,0,0,1,0,0,0,0,1
Tyrone Dantzler Jr,Columbia International,2017-18,20.0,0,0,0,0,0,0,1,0,0,0,0,0,14.77,0,0,0,0,0,0,1,0,0,0,0,0
Tyrone Dantzler Jr.,Columbia International,2017-18,20.0,0,3,0,1,0,1,0,0,0,1,1,1,14.77,0,2,0,0,0,0,0,0,0,0,0,0
Tyrone Davis,Wayland Baptist University,2017-18,20.0,1,2,0,0,0,0,0,1,0,0,1,2,14.82,0,2,0,0,0,0,0,0,0,1,0,0
Tyrone Hueitt Jr,,2017-18,1.48,6,9,0,1,0,0,0,0,1,0,0,0,0.0,0,1,0,0,1,2,0,0,1,0,0,3
Tyrone Powell,,2017-18,0.0,0,0,0,0,0,0,0,0,0,0,0,0,0.0,0,0,0,0,0,0,0,0,0,1,1,1
Tyrone Young,Middle Georgia State,2017-18,20.0,4,5,2,3,1,1,3,1,0,0,2,0,17.52,1,4,0,1,0,1,0,1,0,1,3,0
Tysean Whitehead,Shawnee State,2017-18,0.0,0,0,0,0,0,0,0,0,0,0,0,0,14.82,1,1,0,0,0,0,0,2,0,0,1,0
Tyshawn Myles,Drexel,2017-18,20.0,9,16,0,0,8,13,0,4,8,20,13,9,20.0,5,8,0,0,5,8,2,2,6,7,10,5
Tyshawn Thomas,Concordia College (AL),2017-18,20.0,1,2,0,1,0,0,1,0,0,1,1,1,14.92,2,3,0,1,0,0,1,0,0,0,0,1
Tysin Meads,Millsaps,2017-18,20.0,0,1,0,0,0,0,0,0,1,0,1,1,14.9,0,0,0,0,0,0,1,0,0,0,1,0
Tyson Batiste,Central Connecticut,2017-18,15.0,9,24,4,9,0,5,19,1,1,2,23,13,20.0,12,27,3,9,1,7,19,4,1,3,20,10
Tyson Campbell,Reinhardt,2017-18,20.0,0,2,0,2,0,0,1,0,0,0,0,0,14.92,2,3,0,0,0,0,0,0,0,0,3,0
Tyson Carter,Mississippi State,2017-18,20.0,39,117,23,80,14,16,25,13,1,2,34,9,14.78,51,108,22,61,19,23,13,9,0,3,18,23
Tyson Jolly,Baylor,2017-18,20.0,4,21,0,8,7,10,5,2,1,5,7,5,14.95,4,10,2,7,0,0,9,1,3,3,7,3
Tyson Sellers,William Peace,2017-18,20.0,1,3,1,3,0,0,0,0,0,0,0,2,14.87,1,4,1,3,0,0,0,1,1,0,0,1
Tyson Ward,North Dakota State,2017-18,20.0,63,135,21,50,23,28,33,10,5,17,81,37,17.87,64,136,11,46,34,48,42,13,5,18,63,36
Tyus Battle,Syracuse,2017-18,20.0,94,244,30,102,43,53,31,27,2,9,38,37,14.93,108,262,35,102,105,121,34,17,3,7,39,33
Tywhon Pickford,Northern Iowa,2017-18,20.0,46,124,11,52,14,18,23,8,6,26,78,13,14.83,41,111,11,50,38,49,15,10,5,24,82,20
UAB,,2017-18,0.0,0,0,0,0,0,0,0,0,0,23,28,3,0.0,0,0,0,0,0,0,0,0,0,21,17,7
UC Davis,,2017-18,0.0,0,0,0,0,0,0,0,0,0,16,17,2,0.0,0,0,0,0,0,0,0,0,0,19,15,6
UC Iroegbu,Stony Brook,2017-18,20.0,43,99,27,54,12,17,21,17,1,10,25,15,17.95,36,108,19,66,31,44,23,17,4,12,28,17
UC Irvine,,2017-18,0.0,0,0,0,0,0,0,0,0,0,16,31,4,0.0,0,0,0,0,0,0,0,0,0,19,23,8
UC Merced,,2017-18,0.0,0,0,0,0,0,0,0,0,0,1,0,1,0.0,0,0,0,0,0,0,0,0,0,2,1,0
UC Riverside,,2017-18,0.0,0,0,0,0,0,0,0,0,0,24,15,3,0.0,0,0,0,0,0,0,0,0,0,27,17,1
UC Santa Barbara,,2017-18,0.0,0,0,0,0,0,0,0,0,0,19,24,4,0.0,0,0,0,0,0,0,0,0,0,16,19,5
UC Santa Cruz,,2017-18,0.0,0,0,0,0,0,0,0,0,0,0,0,1,0.0,0,0,0,0,0,0,0,0,0,1,0,0
UCF,,2017-18,0.0,0,0,0,0,0,0,0,0,0,24,33,11,0.0,0,0,0,0,0,0,0,0,0,26,22,15
UCLA,,2017-18,0.0,0,0,0,0,0,0,0,0,0,18,21,2,0.0,0,0,0,0,0,0,0,0,0,15,18,1
UConn,,2017-18,0.0,0,0,0,0,0,0,0,0,0,4,4,1,0.0,0,0,0,0,0,0,0,0,0,6,3,2
UIC,,2017-18,0.0,0,0,0,0,0,0,0,0,0,21,31,5,0.0,0,0,0,0,0,0,0,0,0,30,24,3
UL Monroe,,2017-18,0.0,0,0,0,0,0,0,0,0,0,25,29,12,0.0,0,0,0,0,0,0,0,0,0,16,17,7
UM-St. Louis,,2017-18,0.0,0,0,0,0,0,0,0,0,0,1,0,0,0.0,0,0,0,0,0,0,0,0,0,2,0,0
UMBC,,2017-18,0.0,0,0,0,0,0,0,0,0,0,32,27,6,0.0,0,0,0,0,0,0,0,0,0,27,25,5
UMKC,,2017-18,0.0,0,0,0,0,0,0,0,0,0,30,28,4,0.0,0,0,0,0,0,0,0,0,0,18,19,5
UMass,,2017-18,0.0,0,0,0,0,0,0,0,0,0,18,24,7,0.0,0,0,0,0,0,0,0,0,0,21,22,7
UMass Lowell,,2017-18,0.0,0,0,0,0,0,0,0,0,0,17,20,2,0.0,0,0,0,0,0,0,0,0,0,16,23,2
UNC Asheville,,2017-18,0.0,0,0,0,0,0,0,0,0,0,9,12,1,0.0,0,0,0,0,0,0,0,0,0,9,8,2
UNC Greensboro,,2017-18,0.0,0,0,0,0,0,0,0,0,0,19,30,3,0.0,0,0,0,0,0,0,0,0,0,21,26,4
UNC Wilmington,,2017-18,0.0,0,0,0,0,0,0,0,0,0,24,24,1,0.0,0,0,0,0,0,0,0,0,0,16,13,4
UNLV,,2017-18,0.0,0,0,0,0,0,0,0,0,0,12,37,2,0.0,0,0,0,0,0,0,0,0,0,22,21,2
USC,,2017-18,0.0,0,0,0,0,0,0,0,0,0,23,18,3,0.0,0,0,0,0,0,0,0,0,0,18,17,1
UT Arlington,,2017-18,0.0,0,0,0,0,0,0,0,0,0,13,24,2,0.0,0,0,0,0,0,0,0,0,0,16,19,2
UT Martin,,2017-18,0.0,0,0,0,0,0,0,0,0,0,23,24,7,0.0,0,0,0,0,0,0,0,0,0,14,18,8
UT Rio Grande Valley,,2017-18,0.0,0,0,0,0,0,0,0,0,0,30,35,3,0.0,0,0,0,0,0,0,0,0,0,27,30,2
UT San Antonio,,2017-18,0.0,0,0,0,0,0,0,0,0,0,18,17,2,0.0,0,0,0,0,0,0,0,0,0,24,23,4
UTEP,,2017-18,0.0,0,0,0,0,0,0,0,0,0,9,27,3,0.0,0,0,0,0,0,0,0,0,0,17,24,4
UW-Parkside,,2017-18,0.0,0,0,0,0,0,0,0,0,0,5,1,2,0.0,0,0,0,0,0,0,0,0,0,2,3,1
Udoka Azubuike,Kansas,2017-18,20.0,97,132,0,0,26,52,12,8,30,43,77,34,14.63,107,133,0,0,18,55,12,11,30,41,82,29
Ulmer Manzie,Bethune-Cookman,2017-18,20.0,3,13,0,0,3,11,1,1,1,9,6,3,14.83,4,10,0,0,5,14,2,1,1,6,3,7
Umar Saaba,Lincoln PA,2017-18,20.0,0,1,0,1,0,0,0,0,0,1,0,1,19.8,1,1,0,0,0,0,0,0,0,2,0,0
Umoja Gibson,North Texas,2017-18,20.0,3,10,2,4,1,2,3,1,0,3,1,1,14.73,5,10,2,5,0,0,0,2,1,0,4,1
Undra Wilson,Rockhurst,2017-18,20.0,0,0,0,0,0,0,2,0,0,0,0,0,17.65,0,1,0,1,0,0,0,0,0,0,0,1
Unique McLean,UMass,2017-18,20.0,26,95,3,25,2,2,32,8,4,27,44,20,20.0,39,86,8,20,14,25,24,13,7,19,55,17
University Of Mary,,2017-18,0.0,0,0,0,0,0,0,0,0,0,0,2,0,0.0,0,0,0,0,0,0,0,0,0,1,0,0
University of St. Thomas,,2017-18,0.0,0,0,0,0,0,0,0,0,0,1,2,0,0.0,0,0,0,0,0,0,0,0,0,2,1,0
University of The Ozarks,,2017-18,0.0,0,0,0,0,0,0,0,0,0,1,0,0,0.0,0,0,0,0,0,0,0,0,0,1,1,0
Usman Haruna,East Carolina,2017-18,20.0,7,13,0,0,1,6,1,2,4,9,31,7,14.93,3,6,0,0,0,2,1,2,3,3,9,1
Utah,,2017-18,0.0,0,0,0,0,0,0,0,0,0,16,28,1,0.0,0,0,0,0,0,0,0,0,0,14,26,3
Utah State,,2017-18,0.0,0,0,0,0,0,0,0,0,0,14,28,1,0.0,0,0,0,0,0,0,0,0,0,20,25,3
Utah Valley,,2017-18,0.0,0,0,0,0,0,0,0,0,0,28,17,2,0.0,0,0,0,0,0,0,0,0,0,14,13,3
Uvan Stewart,Goucher,2017-18,20.0,1,2,0,0,0,0,1,0,1,0,2,2,14.92,1,3,1,2,0,0,0,0,0,0,0,1
V.J. King,Louisville,2017-18,20.0,54,130,14,45,25,31,7,6,1,6,53,28,20.0,39,100,8,23,34,51,7,15,3,11,29,17
VCU,,2017-18,0.0,0,0,0,0,0,0,0,0,0,24,25,5,0.0,0,0,0,0,0,0,0,0,0,23,21,6
VJ King,Louisville,2017-18,20.0,0,0,0,0,0,0,6,0,0,0,0,0,14.87,0,0,0,0,0,0,5,0,0,0,0,0
VMI,,2017-18,0.0,0,0,0,0,0,0,0,0,0,16,32,6,0.0,0,0,0,0,0,0,0,0,0,25,16,5
Valentine Sangoyomi,Houston,2017-18,0.0,0,0,0,0,0,0,0,0,0,0,0,0,14.88,1,2,0,0,2,4,0,0,0,2,6,2
Valley City,,2017-18,0.0,0,0,0,0,0,0,0,0,0,1,1,1,0.0,0,0,0,0,0,0,0,0,0,0,0,0
Valparaiso,,2017-18,0.0,0,0,0,0,0,0,0,0,0,15,27,7,0.0,0,0,0,0,0,0,0,0,0,20,30,3
Valur Valsson,Florida Tech,2017-18,20.0,0,2,0,2,0,0,2,0,0,0,2,5,20.0,0,5,0,3,2,2,4,0,0,1,3,2
Van Merbin,Peru State College,2017-18,0.0,0,0,0,0,0,0,0,0,0,0,0,0,14.88,1,2,1,2,0,0,0,0,0,1,0,0
Van Rolle,Towson,2017-18,0.0,0,0,0,0,0,0,0,0,0,0,0,0,14.93,0,3,0,1,0,2,0,0,0,0,0,0
Vance Johnson,Milwaukee,2017-18,20.0,30,60,1,7,15,24,5,5,7,25,44,17,19.53,22,42,2,4,19,24,1,2,3,12,28,11
Vanderbilt,,2017-18,0.0,0,0,0,0,0,0,0,0,0,34,28,16,0.0,0,0,0,0,0,0,0,0,0,22,15,5
Vasa Pusica,Northeastern,2017-18,20.0,90,176,38,91,34,42,82,11,1,5,55,52,20.0,71,154,28,66,78,97,70,22,2,2,44,47
Vaughn Laki Anderson,Kean,2017-18,20.0,2,3,0,1,1,2,1,1,0,0,1,2,14.78,2,3,1,2,0,0,0,0,0,0,0,0
Vaughn Raney,Rogers State,2017-18,0.0,0,0,0,0,0,0,0,0,0,0,0,0,18.22,1,2,1,1,0,0,0,0,0,0,1,0
Vegard Tangen,North Park,2017-18,20.0,0,3,0,2,0,0,0,0,0,1,1,0,14.92,1,4,0,1,0,0,0,0,0,0,0,0
Veon Lassiter,FDU-Florham,2017-18,20.0,1,4,0,0,0,0,0,0,0,1,1,1,14.98,0,3,0,0,0,0,0,0,0,0,0,0
Vermont,,2017-18,0.0,0,0,0,0,0,0,0,0,0,15,27,6,0.0,0,0,0,0,0,0,0,0,0,24,31,4
Vernon Jackson,Mars Hill,2017-18,20.0,2,6,1,4,1,2,2,1,0,2,1,2,14.97,2,5,1,3,0,0,1,0,0,1,1,0
Vernon Lowndes Jr,Maine,2017-18,20.0,0,0,0,0,0,0,4,0,0,0,0,0,19.5,0,0,0,0,0,0,7,0,0,0,0,0
Vernon Lowndes Jr.,Maine,2017-18,20.0,14,34,6,15,3,8,0,7,1,1,20,12,19.5,21,42,3,12,21,29,0,7,3,6,29,15
Vernon McWhite,NC Wesleyan,2017-18,20.0,0,0,0,0,0,0,1,0,0,0,0,0,14.68,0,1,0,0,0,0,0,0,0,2,4,0
Vic Law,Northwestern,2017-18,20.0,61,131,27,63,22,30,33,16,8,16,62,25,20.0,46,127,23,69,33,37,25,13,7,14,60,19
Vic McEwen,Lourdes,2017-18,20.0,0,5,0,2,2,3,0,0,0,0,1,0,14.9,2,4,1,3,0,0,0,1,0,0,1,0
Victor Alston,Fisk,2017-18,19.9,2,11,0,2,3,5,6,1,0,0,5,4,17.92,5,15,3,10,0,0,1,2,0,0,0,3
Victor Bailey Jr,Oregon,2017-18,0.0,0,0,0,0,0,0,10,0,0,0,0,0,14.78,0,0,0,0,0,0,11,0,0,0,0,0
Victor Bailey Jr.,Oregon,2017-18,20.0,45,105,18,49,17,21,9,6,1,12,21,16,17.87,21,56,6,24,15,18,0,7,3,8,14,8
Victor Costa,La Verne,2017-18,20.0,1,5,0,2,0,0,3,0,0,0,1,1,14.87,2,3,1,1,0,2,0,0,0,1,2,3
Victor Demetrio,Ohio Valley,2017-18,0.0,0,0,0,0,0,0,0,0,1,0,1,1,14.78,1,2,0,0,0,0,1,1,0,0,0,0
Victor Enoh,Memphis,2017-18,20.0,5,13,0,0,13,25,2,0,1,10,18,12,20.0,11,21,0,0,8,13,5,1,1,12,16,5
Victor Faria,Northern New Mexico,2017-18,0.0,0,1,0,0,0,0,0,0,1,0,4,1,14.83,0,1,0,1,0,0,0,0,1,1,1,0
Victor Grayer,Methodist,2017-18,20.0,2,5,1,2,0,0,0,0,0,0,0,1,14.78,3,6,1,2,3,3,2,0,0,0,1,0
Victor Joseph,Cal Poly,2017-18,20.0,34,106,16,52,8,10,18,9,0,7,16,23,17.75,57,122,29,60,30,36,18,5,3,4,16,18
Victor Nwaba,Whittier,2017-18,20.0,3,5,1,2,0,2,0,0,0,1,0,0,14.93,2,10,1,5,0,0,1,1,0,0,2,0
Victor Pena,Eastern University,2017-18,20.0,3,5,1,2,1,2,2,1,0,1,3,0,14.88,2,4,1,2,0,0,1,0,0,1,4,1
Victor Sanders,Idaho,2017-18,20.0,76,162,31,86,59,70,42,17,9,4,33,43,17.93,81,184,37,95,70,94,44,13,6,11,51,39
Victor Uyaelunmo,USC,2017-18,0.0,0,0,0,0,0,0,0,0,0,0,0,1,17.75,0,0,0,0,1,2,0,0,0,0,1,0
Vidmantas Kaciuska,College of Coastal Georgia,2017-18,20.0,2,5,2,5,0,0,0,0,0,0,1,1,19.87,0,0,0,0,0,0,1,0,0,0,0,0
Viktor Lorenzen,Blue Mountain College,2017-18,20.0,0,2,0,1,2,3,2,1,0,0,3,3,14.87,1,1,0,0,0,0,0,0,0,1,4,2
Viktor Lorenzon,Blue Mountain College,2017-18,20.0,0,2,0,1,2,2,0,0,0,0,0,0,14.83,2,3,0,0,3,4,1,0,0,1,1,0
Villanova,,2017-18,0.0,0,0,0,0,0,0,0,0,0,24,23,10,0.0,0,0,0,0,0,0,0,0,0,20,32,9
Vin Baker Jr,,2017-18,0.0,0,0,0,0,0,0,3,0,0,0,0,0,13.13,0,2,0,2,0,0,0,0,0,0,1,0
Vin Baker Jr.,Boston College,2017-18,0.0,6,15,1,8,0,0,1,1,1,6,9,8,20.0,5,19,4,17,4,4,0,0,1,1,6,5
Vinay Narayanam,UC Santa Cruz,2017-18,0.0,0,0,0,0,0,0,0,0,0,0,0,0,14.8,1,3,1,3,0,0,0,0,0,0,0,0
Vince Edwards,,2017-18,1.68,15,32,6,11,7,7,7,0,3,10,21,6,0.0,10,22,1,6,7,9,5,3,1,9,9,4
Vince Walker,Illinois-Springfield,2017-18,20.0,0,4,0,3,0,0,1,0,0,0,0,0,20.0,1,3,1,3,0,0,0,0,0,0,3,0
Vincent Edwards,Purdue,2017-18,20.0,85,184,24,65,28,35,43,12,11,27,82,26,20.0,64,124,19,42,53,64,42,2,5,22,66,32
Viont'e Daniels,Washington State,2017-18,15.0,42,107,28,78,5,6,28,8,2,4,30,19,19.98,46,82,40,66,14,17,26,6,0,11,17,9
Virginia,,2017-18,0.0,0,0,0,0,0,0,0,0,0,21,30,6,0.0,0,0,0,0,0,0,0,0,0,21,19,8
Virginia Tech,,2017-18,0.0,0,0,0,0,0,0,0,0,0,13,26,3,0.0,0,0,0,0,0,0,0,0,0,17,27,2
Virshon Cotton,Akron,2017-18,20.0,28,85,20,51,19,25,24,14,0,3,24,31,20.0,25,60,15,38,28,38,24,5,0,1,22,22
Vitaliy Shibel,Arizona State,2017-18,20.0,9,30,5,24,6,6,9,4,6,7,20,5,17.0,7,20,4,16,3,4,6,0,3,3,24,5
Vittorio Reynoso-Avila,Princeton,2017-18,0.0,0,0,0,0,0,0,0,0,0,0,0,0,19.53,3,6,0,0,3,4,0,0,0,1,0,1
Vlad Chira,Ecclesia College,2017-18,20.0,1,3,1,2,0,0,0,0,0,0,0,0,14.87,0,0,0,0,0,0,0,0,0,0,2,0
Vladimir Brodziansky,TCU,2017-18,20.0,77,124,10,26,42,50,20,5,20,35,50,22,20.0,85,152,10,34,64,79,16,5,31,26,44,17
Vladimir Pinchuk,New Mexico,2017-18,20.0,23,32,0,0,12,21,3,1,5,15,27,4,14.98,12,25,0,0,10,25,3,0,6,10,22,10
Vontay Ott,Northwestern State,2017-18,20.0,14,40,5,17,2,8,5,5,1,9,17,19,14.62,8,34,3,18,1,3,6,2,0,3,10,6
Vonte Carter,Portland State,2017-18,0.0,0,0,0,0,0,0,0,0,0,0,0,0,14.92,1,3,0,1,0,1,0,1,0,0,0,0
Wabissa Bede,Virginia Tech,2017-18,20.0,12,24,5,10,2,6,8,2,2,2,7,3,15.68,10,20,2,5,4,4,12,3,0,1,7,5
Wadly Mompremier,Little Rock,2017-18,20.0,18,42,6,18,11,16,4,2,13,13,32,28,20.0,16,30,2,9,7,11,3,4,4,8,19,5
Wagner,,2017-18,0.0,0,0,0,0,0,0,0,0,0,39,21,8,0.0,0,0,0,0,0,0,0,0,0,20,28,5
Wajid Aminu,North Florida,2017-18,20.0,51,118,1,17,34,51,26,7,13,25,65,26,14.63,38,88,0,7,47,63,19,15,11,28,50,17
Wake Forest,,2017-18,0.0,0,0,0,0,0,0,0,0,0,18,24,6,0.0,0,0,0,0,0,0,0,0,0,16,15,3
Walid Aly,Northern New Mexico,2017-18,20.0,6,16,0,3,1,2,5,3,0,1,6,9,14.98,3,8,0,2,1,2,1,0,0,0,1,2
Walker Hartman,Lincoln Christian,2017-18,20.0,0,3,0,2,0,0,0,0,0,0,0,1,14.63,0,0,0,0,0,0,0,0,0,0,0,0
Walker Shibley-Styer,Puget Sound,2017-18,20.0,0,5,0,4,0,0,1,0,0,0,1,1,14.78,0,3,0,2,0,0,0,1,0,0,0,1
Walla Walla University,,2017-18,0.0,0,0,0,0,0,0,0,0,0,2,3,0,0.0,0,0,0,0,0,0,0,0,0,2,2,0
Walt McGrory,Wisconsin,2017-18,20.0,0,2,0,2,1,2,3,2,0,0,3,3,20.0,0,1,0,0,2,2,1,1,0,0,3,3
Walter Cole,Limestone,2017-18,20.0,0,0,0,0,0,0,1,2,0,0,2,1,14.92,0,2,0,1,1,2,0,1,1,0,0,1
Walter Harvey,Rowan University,2017-18,20.0,0,1,0,1,0,0,1,0,0,0,1,0,14.95,0,1,0,1,2,2,1,1,0,0,1,0
Walter Massey,Spring Hill,2017-18,20.0,1,5,0,2,0,0,0,0,0,0,1,4,14.93,5,9,1,3,0,0,3,1,0,1,3,3
Walter Whyte,Boston University,2017-18,20.0,38,90,8,25,27,35,16,11,6,17,38,21,20.0,40,74,8,16,23,38,10,10,8,18,51,21
Warren Helligar,Montana-Western,2017-18,20.0,2,3,1,1,0,0,1,0,0,0,1,1,14.8,0,1,0,1,0,0,0,0,0,0,0,0
Warren Jackson,San Francisco State,2017-18,20.0,5,10,0,1,2,2,1,2,0,1,4,0,15.45,1,3,0,1,2,2,1,0,0,0,0,1
Warren Wilson,,2017-18,0.0,0,0,0,0,0,0,0,0,0,1,2,0,0.0,0,0,0,0,0,0,0,0,0,2,1,0
Wartburg,,2017-18,0.0,0,0,0,0,0,0,0,0,0,1,0,0,0.0,0,0,0,0,0,0,0,0,0,1,0,0
Waseem Ali Jr.,,2017-18,0.0,0,0,0,0,0,0,0,0,0,0,0,0,0.0,0,0,0,0,0,0,0,0,0,0,0,1
Washington,,2017-18,0.0,0,0,0,0,0,0,0,0,0,19,21,1,0.0,0,0,0,0,0,0,0,0,0,16,19,2
Washington & Lee,,2017-18,0.0,0,0,0,0,0,0,0,0,0,2,1,0,0.0,0,0,0,0,0,0,0,0,0,0,1,0
Washington College (MD),,2017-18,0.0,0,0,0,0,0,0,0,0,0,2,1,2,0.0,0,0,0,0,0,0,0,0,0,1,0,0
Washington State,,2017-18,0.0,0,0,0,0,0,0,0,0,0,27,24,8,0.0,0,0,0,0,0,0,0,0,0,18,19,4
Wasiu Yusuf,Carver Bible College,2017-18,20.0,1,4,0,1,0,0,1,0,0,0,1,1,14.93,0,0,0,0,0,0,0,0,0,0,1,1
Wassef Methnani,Fairfield,2017-18,20.0,37,67,11,21,7,11,9,6,11,12,27,25,20.0,30,66,3,16,19,25,11,5,9,22,27,17
Wayde Sims,LSU,2017-18,20.0,36,74,4,17,11,16,2,6,12,16,28,12,14.73,33,59,5,16,11,16,9,8,6,16,25,7
Wayland Baptist,,2017-18,0.0,0,0,0,0,0,0,0,0,0,1,3,2,0.0,0,0,0,0,0,0,0,0,0,2,2,2
Wayne Brookman,Bluefield State,2017-18,0.0,0,0,0,0,0,0,0,0,0,0,1,0,14.88,0,1,0,0,0,0,0,0,0,1,0,2
Wayne Englestad,Pacific Union,2017-18,20.0,0,2,0,1,0,0,0,0,0,0,1,0,14.93,2,4,2,3,0,0,0,0,0,0,0,0
Webber,,2017-18,0.0,0,0,0,0,0,0,0,0,0,2,1,0,0.0,0,0,0,0,0,0,0,0,0,3,2,0
Weber State,,2017-18,0.0,0,0,0,0,0,0,0,0,0,12,8,1,0.0,0,0,0,0,0,0,0,0,0,12,17,3
Weisner Perez,Harvard,2017-18,0.0,6,10,0,0,0,1,1,2,0,4,8,5,20.0,5,11,0,1,1,1,0,2,0,4,4,3
Wendell Carter Jr,Duke,2017-18,20.0,84,166,10,32,58,79,41,18,38,55,113,31,14.83,87,143,9,14,64,85,31,12,34,52,106,42
Wendell Carter Jr.,Duke,2017-18,20.0,2,3,0,0,0,0,0,0,0,2,0,1,14.73,2,3,0,0,0,2,1,0,2,1,3,0
Wentworth Institute Of Technology,,2017-18,0.0,0,0,0,0,0,0,0,0,0,3,0,0,0.0,0,0,0,0,0,0,0,0,0,0,1,0
Wenyen Gabriel,Kentucky,2017-18,20.0,38,85,16,40,21,27,7,16,15,25,65,20,20.0,41,88,22,54,12,24,9,11,18,32,50,13
Wes Clark,Buffalo,2017-18,19.98,62,127,29,64,14,22,46,12,2,3,42,26,20.0,70,146,15,45,27,37,71,16,5,8,27,26
Wes VanBeck,Houston,2017-18,20.0,32,67,23,53,19,24,20,8,1,19,27,17,16.13,18,53,11,37,16,20,7,7,1,8,24,14
Wesley,,2017-18,0.0,0,0,0,0,0,0,0,0,0,2,0,0,0.0,0,0,0,0,0,0,0,0,0,2,0,0
Wesley Burke,Walla Walla University,2017-18,20.0,3,9,3,8,0,0,0,1,0,0,5,1,15.25,0,4,0,4,2,2,1,0,0,0,2,0
Wesley Franklin,Ouachita Baptist,2017-18,20.0,3,5,1,2,0,0,2,0,0,0,4,0,20.0,2,4,0,0,0,0,0,0,0,0,0,1
Wesley Harris,West Virginia,2017-18,20.0,33,87,18,47,14,21,9,15,7,23,49,23,14.87,24,70,9,38,30,37,6,6,8,15,39,11
Wesley Johnson,Southeastern,2017-18,20.0,0,0,0,0,1,2,0,0,1,0,0,0,17.87,0,1,0,0,0,0,0,0,0,0,0,0
Wesley Myers,South Carolina,2017-18,20.0,38,98,16,36,24,38,30,9,4,10,32,32,16.48,40,111,12,39,37,54,22,11,0,10,29,15
Wesley Person,Troy,2017-18,20.0,65,164,35,94,29,36,22,11,0,13,34,20,20.0,89,186,50,118,80,96,29,7,1,6,26,31
West Virginia,,2017-18,0.0,0,0,0,0,0,0,0,0,0,37,23,7,0.0,0,0,0,0,0,0,0,0,0,27,26,8
Western Carolina,,2017-18,0.0,0,0,0,0,0,0,0,0,0,16,18,7,0.0,0,0,0,0,0,0,0,0,0,19,21,5
Western Illinois,,2017-18,0.0,0,0,0,0,0,0,0,0,0,18,17,6,0.0,0,0,0,0,0,0,0,0,0,7,21,6
Western Kentucky,,2017-18,0.0,0,0,0,0,0,0,0,0,0,30,25,4,0.0,0,0,0,0,0,0,0,0,0,21,24,9
Western Michigan,,2017-18,0.0,0,0,0,0,0,0,0,0,0,26,27,4,0.0,0,0,0,0,0,0,0,0,0,16,16,8
Western New Mexico,,2017-18,0.0,0,0,0,0,0,0,0,0,0,4,1,0,0.0,0,0,0,0,0,0,0,0,0,1,1,0
Western State College Colorado,,2017-18,0.0,0,0,0,0,0,0,0,0,0,0,1,0,0.0,0,0,0,0,0,0,0,0,0,0,3,1
Wheaton (MA),,2017-18,0.0,0,0,0,0,0,0,0,0,0,0,1,0,0.0,0,0,0,0,0,0,0,0,0,1,1,1
Wheelock College,,2017-18,0.0,0,0,0,0,0,0,0,0,0,0,0,0,0.0,0,0,0,0,0,0,0,0,0,1,0,0
Whit Rapp,Emory,2017-18,19.95,1,1,0,0,0,0,6,0,0,2,2,2,17.95,1,1,0,0,2,2,3,0,0,1,2,1
Whitfield Dwain,,2017-18,0.0,0,0,0,0,0,0,0,0,0,0,0,0,4.95,1,2,1,2,1,2,0,0,0,2,0,0
Whitney Creech,,2017-18,1.17,1,4,0,1,0,0,1,1,0,1,2,1,0.0,0,0,0,0,0,0,0,0,0,0,0,0
Whittier,,2017-18,0.0,0,0,0,0,0,0,0,0,0,0,0,0,0.0,0,0,0,0,0,0,0,0,0,4,0,0
Wichita State,,2017-18,0.0,0,0,0,0,0,0,0,0,0,35,28,3,0.0,0,0,0,0,0,0,0,0,0,27,26,4
Wil Bathurst,Cornell,2017-18,20.0,12,27,3,12,4,5,11,1,2,2,7,7,14.93,7,22,0,5,5,8,11,2,3,3,13,6
Wiley,,2017-18,0.0,0,0,0,0,0,0,0,0,0,0,1,0,0.0,0,0,0,0,0,0,0,0,0,0,3,0
Will Adams,Rockford University,2017-18,20.0,2,10,0,1,0,0,0,1,0,1,1,5,14.78,1,2,1,1,0,0,3,0,0,1,1,0
Will Buckner,Milligan,2017-18,20.0,3,4,0,0,0,0,0,0,0,1,0,1,14.67,0,2,0,1,0,0,1,0,1,0,2,1
Will Burghardt,,2017-18,0.0,0,0,0,0,0,0,0,0,0,0,0,0,0.0,0,0,0,0,0,0,0,0,0,0,0,1
Will Chevalier,Green Bay,2017-18,20.0,8,28,5,20,4,4,1,0,1,6,9,3,17.85,12,29,10,23,0,0,1,2,2,2,9,1
Will Crain,UC Santa Cruz,2017-18,20.0,4,5,1,1,0,0,0,0,2,1,0,1,14.8,2,3,1,1,2,4,1,0,0,2,2,0
Will Derr,Arcadia University,2017-18,20.0,0,1,0,0,1,2,2,0,0,0,3,1,18.55,3,4,0,0,2,2,1,0,0,1,1,1
Will Duggan,Western State Colorado University,2017-18,0.0,0,1,0,1,0,0,0,2,0,0,1,1,18.78,0,2,0,1,0,0,0,0,0,1,0,2
Will Emery,Dartmouth,2017-18,20.0,23,67,2,12,22,38,7,3,7,20,35,25,20.0,38,65,0,7,39,57,12,1,11,14,42,10
Will Ferguson,St. Mary's (TX),2017-18,20.0,0,3,0,2,2,2,0,0,0,1,3,1,17.57,1,3,1,2,0,0,0,0,0,0,0,0
Will Gladson,Princeton,2017-18,20.0,6,20,2,7,0,0,3,2,3,0,6,5,20.0,12,19,3,5,3,4,6,2,0,3,4,3
Will Goff,Boston University,2017-18,20.0,29,63,23,54,5,6,12,10,3,2,15,13,17.77,19,54,16,45,10,18,14,8,3,6,14,10
Will Henderson,Asbury,2017-18,20.0,1,3,0,1,0,0,11,0,0,1,1,1,15.18,4,7,1,3,0,0,7,0,0,2,0,2
Will Hill,Rio Grande,2017-18,20.0,3,11,0,4,1,1,1,0,0,0,1,1,14.92,3,7,2,3,6,6,1,2,0,2,1,2
Will Hudson,Midway,2017-18,20.0,0,4,0,4,0,0,0,0,0,0,0,4,14.68,0,3,0,2,0,2,0,0,0,0,1,1
Will Ibeh,,2017-18,0.0,0,0,0,0,0,0,0,0,0,1,0,0,0.0,0,0,0,0,0,0,0,0,0,0,0,0
Will Koch,Oglethorpe,2017-18,20.0,2,3,0,1,0,1,0,0,1,1,3,0,14.75,0,0,0,0,0,0,0,0,0,0,4,2
Will Lantier,Emerson College,2017-18,20.0,1,3,0,0,2,2,0,0,0,2,1,0,14.52,0,0,0,0,0,0,0,0,2,0,1,0
Will LeGrande,Eureka College,2017-18,0.0,2,2,0,0,0,0,0,0,0,0,0,1,14.73,2,8,0,0,1,1,0,0,1,0,2,1
Will Magarity,Davidson,2017-18,0.0,30,63,12,29,1,2,8,9,11,12,41,12,16.03,36,61,6,20,6,7,7,1,6,21,41,17
Will Miller,VMI,2017-18,20.0,18,36,5,16,2,6,6,4,0,7,21,12,14.72,10,23,1,4,1,3,4,5,1,5,9,4
Will Patrick,Wilmington (OH),2017-18,20.0,3,6,1,4,1,2,1,1,0,0,1,1,14.75,1,1,0,0,0,1,1,0,0,0,0,0
Will Perry,Oglethorpe,2017-18,20.0,4,9,0,2,0,1,0,0,0,1,2,1,14.75,5,10,1,3,2,2,0,3,0,0,2,2
Will Presson,Missouri-St. Louis,2017-18,20.0,1,2,0,0,1,3,0,0,0,1,3,1,15.58,0,0,0,0,0,0,0,0,1,1,1,0
Will Rayman,Colgate,2017-18,20.0,78,169,32,73,29,35,19,16,16,34,77,25,20.0,73,168,31,75,59,75,15,18,12,21,71,26
Will Robinson,Milligan,2017-18,20.0,1,2,0,1,0,0,0,0,0,0,3,1,14.67,1,2,1,2,1,2,0,0,0,0,0,0
Will Smoot,Summit,2017-18,20.0,2,5,0,2,2,2,0,1,0,0,1,2,14.9,1,2,0,0,0,0,1,0,0,0,0,1
Will Stanford,Mobile,2017-18,20.0,1,4,1,3,1,3,1,0,0,0,2,3,17.9,3,4,0,0,2,2,1,1,0,0,3,4
Will Tavares,Fordham,2017-18,20.0,49,137,10,47,17,30,19,14,4,14,60,33,20.0,86,168,12,46,45,65,12,16,4,17,48,27
Will Turner,Catholic University,2017-18,20.0,0,1,0,0,0,0,0,0,0,1,0,0,15.57,0,0,0,0,0,0,0,0,0,0,0,0
Willamette,,2017-18,0.0,0,0,0,0,0,0,0,0,0,1,1,0,0.0,0,0,0,0,0,0,0,0,0,0,1,0
William & Mary,,2017-18,0.0,0,0,0,0,0,0,0,0,0,11,19,2,0.0,0,0,0,0,0,0,0,0,0,11,21,2
William Blet,Eastern University,2017-18,20.0,0,1,0,0,1,2,0,0,1,1,1,2,14.88,0,0,0,0,0,0,0,0,0,0,1,0
William Bratcher,Portland Bible,2017-18,20.0,1,2,0,1,0,0,6,0,0,1,0,3,14.83,1,3,0,0,0,0,0,0,0,0,1,2
William Brueggeman,Wash & Lee,2017-18,20.0,2,4,1,3,0,0,1,0,0,0,1,1,14.88,1,4,0,2,0,0,0,1,0,0,0,1
William Carey,,2017-18,0.0,0,0,0,0,0,0,0,0,0,1,0,0,0.0,0,0,0,0,0,0,0,0,0,1,1,0
William Douglas,SMU,2017-18,20.0,11,38,6,22,6,8,14,11,1,13,20,12,20.0,5,26,5,14,4,7,11,9,2,10,12,14
William Gates Jr,Houston Baptist,2017-18,0.0,0,0,0,0,0,0,9,0,0,0,0,0,14.87,0,0,0,0,0,0,2,0,0,0,0,0
William Gates Jr.,,2017-18,2.53,30,81,6,23,7,18,0,9,2,5,16,10,0.0,31,61,1,11,10,18,0,1,0,5,11,9
William Jackson II,Georgia,2017-18,20.0,45,122,26,82,6,10,59,10,1,4,28,36,14.6,39,123,21,74,31,39,50,12,3,5,29,22
William Jessup,,2017-18,0.0,0,0,0,0,0,0,0,0,0,1,2,0,0.0,0,0,0,0,0,0,0,0,0,1,0,0
William Jewell,,2017-18,0.0,0,0,0,0,0,0,0,0,0,1,2,0,0.0,0,0,0,0,0,0,0,0,0,0,2,0
William Lambert,,2017-18,0.0,0,0,0,0,0,0,0,0,0,0,0,0,0.0,0,0,0,0,0,0,0,0,0,0,1,0
William Lee,UAB,2017-18,20.0,77,147,23,66,15,24,15,11,33,24,94,26,14.97,58,113,13,40,17,26,17,13,32,25,73,19
William Loyd,Spring Hill,2017-18,20.0,3,6,0,0,3,4,0,1,1,2,3,0,14.93,4,8,0,0,0,1,1,1,0,3,3,1
William Peace,,2017-18,0.0,0,0,0,0,0,0,0,0,0,0,2,0,0.0,0,0,0,0,0,0,0,0,0,0,0,0
William Pfister,Florida Atlantic,2017-18,20.0,19,41,0,0,5,7,16,10,6,34,67,25,20.0,18,34,0,0,9,15,13,10,5,35,60,10
William Ridgell,Arkansas-Pine Bluff,2017-18,20.0,1,1,0,0,0,0,0,0,0,0,1,0,14.78,0,0,0,0,0,0,1,1,0,0,0,0
William Tinsley,Illinois State,2017-18,20.0,42,109,23,78,3,5,16,12,20,17,94,16,20.0,28,81,22,62,3,6,14,7,13,8,50,12
Williams Baptist,,2017-18,0.0,0,0,0,0,0,0,0,0,0,2,1,0,0.0,0,0,0,0,0,0,0,0,0,0,0,0
Willie Gilmore,Fayetteville State,2017-18,20.0,1,5,0,2,2,2,1,0,0,1,3,1,18.6,3,7,0,1,0,0,1,0,0,1,1,1
Willie Holloway,Thomas (GA),2017-18,20.0,2,3,0,0,0,0,0,0,0,0,0,1,14.92,0,1,0,0,2,2,0,0,0,0,0,0
Willie Jackson,Toledo,2017-18,20.0,26,52,1,4,9,20,10,4,1,18,36,16,19.93,25,41,0,0,18,30,9,3,2,16,23,16
Willie McCray,West New Mexico,2017-18,20.0,0,5,0,2,1,2,1,0,0,2,0,1,18.48,0,5,0,1,4,5,0,0,0,2,1,2
Willie Rodriguez,Binghamton,2017-18,20.0,53,109,8,30,10,21,14,9,10,17,49,24,17.58,56,120,10,32,25,49,20,8,15,25,46,20
Willy Nunez Jr,Florida International,2017-18,20.0,0,0,0,0,0,0,4,0,0,0,0,0,14.87,0,0,0,0,0,0,1,0,0,0,0,0
Willy Nunez Jr.,Florida International,2017-18,20.0,15,35,8,22,2,8,0,2,0,3,6,2,17.92,13,34,7,19,3,6,0,1,1,2,3,2
Wilmington (OH),,2017-18,0.0,0,0,0,0,0,0,0,0,0,0,1,1,0.0,0,0,0,0,0,0,0,0,0,0,1,0
Wils Jazilek,City College (NY),2017-18,20.0,0,5,0,4,0,0,0,1,0,0,3,3,14.85,1,3,0,2,0,0,0,1,0,1,1,0
Wilson LaShells,William Jessup,2017-18,20.0,1,2,1,1,0,0,0,0,0,0,1,0,17.9,0,0,0,0,0,0,0,0,0,0,0,0
Winthrop,,2017-18,0.0,0,0,0,0,0,0,0,0,0,16,26,4,0.0,0,0,0,0,0,0,0,0,0,8,20,3
Wisconsin,,2017-18,0.0,0,0,0,0,0,0,0,0,0,18,16,5,0.0,0,0,0,0,0,0,0,0,0,15,23,8
Wofford,,2017-18,0.0,0,0,0,0,0,0,0,0,0,14,32,6,0.0,0,0,0,0,0,0,0,0,0,20,21,6
Wright State,,2017-18,0.0,0,0,0,0,0,0,0,0,0,29,18,4,0.0,0,0,0,0,0,0,0,0,0,17,17,6
Wyatt Carr,University of Mary,2017-18,20.0,0,2,0,0,0,0,0,0,0,1,0,2,14.83,1,2,1,2,2,2,0,0,0,0,1,0
Wyatt Harkins,Culver-Stockton,2017-18,20.0,0,6,0,4,0,0,1,1,0,0,0,3,14.53,1,1,0,0,0,0,1,0,0,0,0,1
Wyatt Krogman,Black Hills State,2017-18,20.0,1,2,0,0,0,1,3,0,0,0,1,2,14.77,0,1,0,1,0,0,0,1,0,0,0,3
Wyatt Lohaus,Northern Iowa,2017-18,20.0,37,85,23,46,7,10,16,4,0,1,35,9,20.0,30,74,18,42,19,27,15,4,0,0,19,13
Wyatt Walker,Samford,2017-18,20.0,5,5,0,0,2,3,0,0,1,0,3,1,14.92,2,10,0,0,2,2,1,0,0,4,3,1
Wyatt Wilkes,Florida State,2017-18,20.0,1,5,0,4,0,0,0,1,0,0,3,3,14.83,0,1,0,1,0,0,1,0,0,1,3,0
Wyatt Yess,Yale,2017-18,20.0,7,18,1,4,7,19,6,3,6,7,11,5,14.9,6,13,0,2,7,10,4,2,2,4,15,5
Wyoming,,2017-18,0.0,0,0,0,0,0,0,0,0,0,21,23,2,0.0,0,0,0,0,0,0,0,0,0,21,26,9
Xabier Gomez,Texas A&M-International,2017-18,20.0,1,3,1,3,0,0,2,0,0,0,1,2,17.83,3,5,3,4,0,0,1,1,1,0,2,0
Xander Smart,Northwestern Ohio,2017-18,20.0,1,3,0,1,0,0,1,1,0,0,2,1,20.0,1,3,0,1,0,0,1,0,0,0,0,0
Xavian Stapleton,Mississippi State,2017-18,20.0,29,86,8,38,11,13,6,8,3,12,33,10,20.0,25,65,13,35,9,12,9,10,6,4,20,13
Xavier,,2017-18,0.0,0,0,0,0,0,0,0,0,0,33,22,1,0.0,0,0,0,0,0,0,0,0,0,17,24,3
Xavier Bishop,UMKC,2017-18,20.0,51,127,20,59,22,25,51,14,1,6,42,30,14.95,57,146,20,56,47,66,41,7,0,7,32,24
Xavier Cheek,Lourdes,2017-18,20.0,1,2,0,0,0,0,0,0,0,0,1,0,14.9,0,0,0,0,0,0,2,0,0,0,1,0
Xavier Cochran,Albany,2017-18,20.0,2,7,0,1,1,2,0,0,0,0,0,1,15.07,0,0,0,0,0,0,1,0,0,0,1,2
Xavier Cooks,Winthrop,2017-18,20.0,91,184,17,36,50,69,42,15,26,27,92,51,16.55,86,167,3,27,51,74,58,12,35,35,90,41
Xavier Crofford,Michigan Dearborn,2017-18,20.0,5,12,1,6,0,1,4,2,0,1,1,2,17.48,0,6,0,1,0,0,3,0,0,0,5,1
Xavier Eaglin,Prairie View A&M,2017-18,0.0,0,0,0,0,0,0,0,0,0,0,0,0,14.47,1,1,0,0,0,0,0,0,0,0,0,0
Xavier Fogle,Texas-Tyler,2017-18,0.0,0,4,0,3,1,2,1,0,0,0,3,0,14.87,1,3,1,3,0,0,1,0,0,0,0,1
Xavier Green,Old Dominion,2017-18,20.0,25,71,10,25,11,15,25,13,1,4,29,13,20.0,17,52,2,14,10,17,20,10,1,5,14,16
Xavier Howard,Mobile,2017-18,20.0,1,5,1,2,0,0,0,0,0,2,0,0,17.9,1,2,0,1,0,2,0,0,0,0,0,0
Xavier Hunter,Randall University,2017-18,20.0,4,16,1,5,2,5,3,0,0,1,2,2,17.52,8,14,6,9,5,5,0,0,0,0,1,2
Xavier Jackson,VCU,2017-18,20.0,4,13,1,6,2,2,1,3,1,1,7,3,20.0,2,8,1,4,1,2,8,0,0,1,7,3
Xavier Johnson,Point,2017-18,20.0,3,5,2,2,0,0,3,1,0,1,2,6,16.4,2,5,2,3,0,0,5,2,1,0,0,5
Xavier Littlehead,,2017-18,0.0,0,0,0,0,0,0,0,0,0,0,1,0,0.0,0,0,0,0,0,0,0,0,0,0,0,0
Xavier McDaniel Jr,UT Rio Grande Valley,2017-18,0.0,0,0,0,0,0,0,12,0,0,0,0,0,20.0,0,0,0,0,0,0,15,0,0,0,0,0
Xavier McDaniel Jr.,UT Rio Grande Valley,2017-18,20.0,41,121,10,38,26,35,0,4,13,17,45,25,20.0,49,115,14,43,25,34,0,12,11,23,42,19
Xavier Smith,Oregon State,2017-18,0.0,0,0,0,0,0,0,0,0,0,0,0,1,20.0,0,0,0,0,0,0,1,0,0,0,0,1
Xavier Sneed,Kansas State,2017-18,20.0,64,172,34,104,23,30,24,29,6,19,68,19,14.72,70,152,29,79,40,54,39,26,5,19,69,18
Xavier Tillman,Michigan State,2017-18,0.0,12,22,0,0,5,12,1,1,12,13,23,9,14.63,16,22,0,0,12,16,6,6,9,16,23,6
Xavier Williams,Fayetteville State,2017-18,20.0,0,2,0,1,0,0,0,0,0,0,1,0,18.6,0,0,0,0,0,0,0,0,0,0,0,0
Xavion Dillon,Mississippi College,2017-18,20.0,1,4,0,1,0,0,1,0,0,0,1,1,14.8,2,4,0,0,0,0,0,0,0,2,0,1
Xeyrius Williams,Dayton,2017-18,20.0,18,45,12,31,2,2,13,2,7,7,32,11,20.0,12,41,2,23,5,6,11,5,2,2,13,6
Xzavier Taylor,Purdue Fort Wayne,2017-18,20.0,60,103,3,8,18,33,7,1,10,26,40,22,17.45,33,58,2,3,17,29,14,2,11,24,32,10
Yakub Dosunmu,Ohio Christian,2017-18,20.0,0,2,0,2,1,2,0,0,0,0,1,0,14.98,0,1,0,0,0,0,1,0,0,0,1,1
Yale,,2017-18,0.0,0,0,0,0,0,0,0,0,0,10,22,8,0.0,0,0,0,0,0,0,0,0,0,21,16,1
Yalen Reed,Alcorn State,2017-18,20.0,22,49,3,13,8,12,9,2,8,13,23,10,14.73,24,38,2,4,10,17,10,3,8,14,31,9
Yalim Olcay,Western Carolina,2017-18,0.0,0,2,0,0,0,3,0,0,0,2,3,0,18.62,2,3,0,0,2,2,0,0,0,1,3,3
Yankuba Sima,Oklahoma State,2017-18,20.0,31,54,0,1,8,18,4,8,18,29,27,17,20.0,8,22,0,0,3,8,5,4,10,6,16,12
Yante Maten,Georgia,2017-18,20.0,104,215,16,43,65,78,31,8,23,49,83,30,14.6,92,204,9,33,116,149,18,4,23,59,76,31
Yaradyah Evans,St. Francis (BKN),2017-18,20.0,4,12,3,9,2,3,1,3,0,1,9,5,20.0,1,4,0,2,0,0,0,0,0,0,1,3
Yauhen Massalski,San Diego,2017-18,20.0,27,44,0,0,18,40,9,0,22,24,48,22,17.92,24,34,0,0,15,29,9,4,21,16,28,17
Yephnick Adelphonse,Our Lady of the Lake,2017-18,20.0,1,6,1,5,2,4,0,0,1,1,3,2,20.0,2,6,0,3,1,3,2,2,0,0,0,1
Yeskin Walker-Williams,South Carolina Upstate,2017-18,0.0,0,0,0,0,0,0,0,0,0,0,0,1,17.93,0,1,0,0,0,0,0,0,0,0,0,0
Yoeli Childs,BYU,2017-18,20.0,127,230,10,29,42,65,38,14,34,26,114,38,14.72,101,189,4,14,68,104,33,14,27,38,98,33
York Benjamin,Texas A&M-CC,2017-18,20.0,7,16,0,1,0,1,1,4,2,7,12,16,20.0,4,9,0,0,15,16,4,1,0,9,9,12
York College Pa,,2017-18,0.0,0,0,0,0,0,0,0,0,0,1,3,0,0.0,0,0,0,0,0,0,0,0,0,0,2,0
Yosef Yacob,Binghamton,2017-18,0.0,0,0,0,0,0,0,0,0,0,0,2,0,20.0,0,3,0,3,0,0,1,1,0,0,0,1
Youngstown State,,2017-18,0.0,0,0,0,0,0,0,0,0,0,18,15,2,0.0,0,0,0,0,0,0,0,0,0,33,10,1
Yuta Watanabe,George Washington,2017-18,20.0,89,196,28,65,28,35,28,8,27,16,78,28,20.0,91,212,26,78,60,76,19,16,23,24,73,20
Yves Pons,Tennessee,2017-18,20.0,2,8,1,2,0,0,0,1,1,2,7,3,14.98,3,3,1,1,1,2,3,0,0,1,3,0
Za'Quan Brooks,Southern-New Orleans,2017-18,20.0,0,0,0,0,0,1,0,0,1,1,1,4,15.35,0,0,0,0,0,2,0,0,0,0,0,1
Zac Cuthbertson,Coastal Carolina,2017-18,20.0,59,137,17,45,45,56,26,12,9,26,66,41,14.88,76,164,11,46,90,116,22,16,12,30,81,29
Zac Ridenhour,Fontbonne College,2017-18,0.0,0,0,0,0,0,0,0,0,0,0,0,0,14.88,1,2,0,0,0,0,0,0,0,0,0,1
Zac Seljaas,BYU,2017-18,20.0,28,67,9,35,9,9,25,3,5,8,22,13,14.72,32,62,14,36,14,18,19,7,4,6,23,14
Zac Tillman,Monmouth,2017-18,0.0,31,57,0,0,18,25,12,3,5,15,32,17,19.25,38,66,0,0,30,42,4,10,3,13,25,13
Zac Webb,Pacific Lutheran,2017-18,20.0,2,3,0,0,1,2,0,0,0,0,0,0,14.83,3,5,1,1,0,0,2,1,0,1,2,0
Zacarry Douglas,North Carolina Central,2017-18,20.0,20,40,4,11,9,11,10,2,2,17,42,12,19.03,18,39,3,12,8,13,7,1,7,11,42,10
Zacc Carter,McMurry,2017-18,20.0,1,2,0,0,3,4,0,0,0,0,0,2,14.97,0,0,0,0,1,2,0,0,1,0,0,1
Zaccheus Darko-Kelly,Montana-Western,2017-18,20.0,2,4,1,2,0,2,1,0,1,0,1,1,14.8,3,5,2,3,1,2,0,0,0,0,2,1
Zaccheus Hobbs,Elizabeth City,2017-18,20.0,1,3,1,3,6,6,5,0,0,0,1,1,19.77,2,5,1,3,1,4,4,1,0,1,2,2
Zach Allread,Northwood,2017-18,20.0,0,1,0,0,0,0,1,0,0,0,2,0,14.67,1,4,0,3,1,2,0,0,0,0,1,1
Zach Beel,,2017-18,15.68,0,0,0,0,0,0,1,0,0,0,0,0,0.0,1,1,1,1,0,0,0,0,1,0,1,0
Zach Bergeon,Wentworth,2017-18,0.0,0,0,0,0,0,0,0,0,0,1,1,0,14.75,0,1,0,1,0,0,1,0,0,0,0,0
Zach Bobo,University of the Ozarks,2017-18,20.0,2,8,1,3,0,0,1,0,0,0,1,1,14.8,1,8,0,3,0,1,0,0,2,1,2,1
Zach Braxton,Weber State,2017-18,20.0,56,108,0,0,38,59,23,2,12,19,82,13,20.0,51,93,0,1,49,71,10,7,16,26,64,14
Zach Breathwaite,Bridgewater,2017-18,20.0,2,5,0,1,1,2,1,1,1,1,2,4,15.48,2,3,0,0,0,0,0,0,0,2,0,1
Zach Brock,Florida College,2017-18,20.0,2,6,2,5,0,0,0,0,0,0,0,5,14.88,0,2,0,2,2,3,0,0,0,0,1,1
Zach Brown,Wichita State,2017-18,20.0,27,62,15,43,13,14,31,10,4,17,34,20,14.95,19,51,10,35,15,21,26,10,2,12,34,18
Zach Burch,Rockhurst,2017-18,20.0,0,2,0,0,0,0,0,0,0,0,2,0,17.65,1,1,0,0,0,0,0,0,1,0,0,0
Zach Buscher,Hawai'i,2017-18,0.0,0,0,0,0,0,0,0,0,0,1,0,0,17.63,2,2,0,0,5,6,0,1,0,0,2,2
Zach Butler,Ohio,2017-18,0.0,11,33,1,6,8,9,17,6,0,0,21,20,20.0,14,27,2,7,0,1,7,4,1,0,14,7
Zach Butler made Three Point Jumper. Assisted by Gavin,,2017-18,0.0,0,0,0,0,0,0,0,0,0,0,0,0,0.0,0,0,0,0,0,0,0,0,1,0,0,0
Zach Charles,Eastern Kentucky,2017-18,20.0,28,52,4,5,17,25,11,4,10,22,39,12,20.0,27,53,3,5,22,33,9,9,16,23,36,7
Zach Coleman,LIU Brooklyn,2017-18,20.0,34,79,8,29,12,22,15,9,14,23,62,24,20.0,36,96,15,52,19,33,12,10,16,35,72,27
Zach Cooks,NJIT,2017-18,20.0,44,93,18,46,11,18,38,23,0,4,27,27,20.0,37,80,20,36,25,32,20,19,4,6,23,17
Zach Cottrell,Appalachian State,2017-18,20.0,5,11,3,7,1,4,4,4,0,3,17,2,14.87,3,13,2,12,2,2,3,1,0,2,9,2
Zach Davis,Montreat College,2017-18,20.0,0,1,0,1,0,0,1,0,0,0,0,0,19.05,4,7,2,5,4,4,0,0,0,0,2,1
Zach Farquhar,Liberty,2017-18,20.0,3,3,3,3,0,0,1,0,0,0,2,1,14.98,1,1,1,1,1,1,1,0,0,0,1,0
Zach Flener,Lipscomb,2017-18,20.0,1,2,0,0,0,0,0,0,0,0,0,0,20.0,0,0,0,0,0,0,0,0,0,0,0,1
Zach Friel,Concordia College (NE),2017-18,20.0,0,1,0,1,0,0,0,1,0,0,1,0,14.77,1,2,1,2,0,0,0,0,0,0,1,1
Zach Gelacio,Puget Sound,2017-18,20.0,0,2,0,1,0,0,0,0,0,0,0,0,14.78,0,0,0,0,0,0,0,0,0,2,0,0
Zach Glotta,Austin Peay,2017-18,20.0,39,117,25,81,10,11,45,14,0,4,17,17,17.6,40,95,28,72,26,30,30,14,0,6,25,12
Zach Green,Montana State,2017-18,15.88,26,64,2,12,19,26,12,7,6,15,39,19,20.0,20,49,2,8,24,34,17,6,2,19,34,12
Zach Gunn,Ball State,2017-18,20.0,21,55,13,35,9,12,6,2,5,5,32,12,20.0,13,41,5,28,7,9,7,2,3,5,19,9
Zach Haney,Boise State,2017-18,20.0,48,94,2,9,8,17,10,9,9,38,55,17,14.78,37,73,2,12,12,26,11,4,9,34,38,16
Zach Hasenstein,Lakeland,2017-18,0.0,0,0,0,0,0,0,0,0,0,0,0,0,14.97,0,2,0,0,0,0,0,0,0,0,0,0
Zach Hearn,La Verne,2017-18,0.0,0,0,0,0,0,0,0,0,0,1,0,1,14.87,0,1,0,0,0,0,0,0,0,0,0,0
Zach Hopewell,Murray State,2017-18,0.0,0,0,0,0,0,0,0,0,0,0,0,0,14.88,0,1,0,0,2,2,0,0,0,0,0,0
Zach Hunsaker,Brown,2017-18,20.0,40,101,21,61,14,16,19,10,1,4,29,23,20.0,37,97,20,49,18,19,20,16,1,4,41,26
Zach Jackson,Omaha,2017-18,19.58,80,154,20,48,50,64,8,13,4,21,74,33,20.0,97,166,17,40,60,71,20,20,7,16,60,27
Zach Jacobs,James Madison,2017-18,20.0,20,45,5,16,5,7,8,3,7,19,32,7,17.8,13,35,2,10,8,11,1,2,2,21,22,6
Zach Johnson,Florida Gulf Coast,2017-18,20.0,89,181,30,66,18,26,46,33,3,4,46,30,20.0,85,188,32,84,57,66,50,26,2,9,41,30
Zach Kent,Tennessee,2017-18,0.0,0,0,0,0,0,0,0,0,0,0,1,0,14.98,0,1,0,0,0,0,0,0,0,0,1,0
Zach Knecht,Susquehanna University,2017-18,20.0,0,3,0,1,0,0,0,0,0,1,3,0,20.0,3,4,0,0,4,5,0,0,0,1,3,1
Zach Knowlton,Lyndon State College,2017-18,20.0,1,3,1,3,0,0,1,2,0,0,0,1,14.82,0,2,0,1,0,0,0,0,0,0,0,0
Zach Lewis,Iona,2017-18,20.0,55,128,24,66,6,13,38,26,7,2,50,23,20.0,36,96,19,59,29,37,48,16,2,2,34,14
Zach Lofton,New Mexico State,2017-18,20.0,94,218,37,114,48,63,30,14,4,21,61,36,16.12,96,203,39,91,78,101,16,15,0,12,57,22
Zach Madlom,Western State Colorado University,2017-18,20.0,0,1,0,0,0,0,0,0,0,1,0,1,19.28,0,0,0,0,0,0,0,0,0,0,2,0
Zach McLemore,Black Hills State,2017-18,20.0,0,2,0,0,0,0,0,0,0,0,0,0,14.77,1,1,0,0,0,0,1,0,0,0,0,0
Zach McRoberts,Indiana,2017-18,0.0,14,30,5,15,3,5,11,12,2,18,26,6,17.92,11,29,7,17,8,11,19,25,2,14,28,11
Zach Mcdaniel,Brescia,2017-18,20.0,0,2,0,1,0,0,0,0,0,1,0,1,14.88,0,2,0,0,2,2,0,0,0,1,1,0
Zach Medendorp,Spring Arbor,2017-18,20.0,4,8,0,1,0,0,0,1,1,1,6,2,15.38,1,3,0,0,4,5,0,0,1,2,2,0
Zach Nelson,Utah Valley,2017-18,20.0,20,32,2,3,11,16,13,3,2,11,30,11,14.9,10,25,1,1,13,19,12,1,1,12,18,10
Zach Norvell Jr,Gonzaga,2017-18,20.0,0,0,0,0,0,0,18,0,0,0,0,0,14.97,0,0,0,0,0,0,7,0,0,0,0,0
Zach Norvell Jr.,Gonzaga,2017-18,20.0,66,172,35,108,24,31,30,25,2,14,55,31,14.97,84,161,40,92,42,52,25,13,1,21,44,27
Zach Novick,,2017-18,0.0,0,0,0,0,0,0,0,0,1,0,0,0,0.0,0,0,0,0,0,0,0,0,0,0,0,0
Zach Parker,Eastern New Mexico,2017-18,20.0,2,5,2,4,0,0,3,0,0,0,1,2,15.32,2,4,0,0,0,0,0,0,0,0,2,1
Zach Radz,Sacred Heart,2017-18,20.0,28,67,12,32,10,14,10,5,1,3,39,8,20.0,18,59,7,32,21,25,11,0,1,7,33,16
Zach Reichle,Oregon State,2017-18,0.0,9,28,6,20,2,4,4,5,0,2,17,14,14.88,6,18,5,11,5,6,8,3,0,9,8,6
Zach Sellers,Savannah St,2017-18,20.0,36,95,18,54,21,25,57,18,1,13,29,22,14.97,40,89,11,45,18,25,29,11,3,7,28,25
Zach Smith,Texas Tech,2017-18,20.0,31,59,1,5,8,22,10,13,10,14,36,17,15.78,31,46,0,1,10,20,12,4,12,9,26,16
Zach Steinberg,Illinois-Springfield,2017-18,20.0,0,2,0,0,0,0,1,0,0,0,1,1,20.0,1,4,0,3,0,0,1,0,0,2,1,1
Zach Thomas,Bucknell,2017-18,20.0,88,207,30,76,74,94,35,12,12,19,126,50,14.88,100,192,25,65,142,179,32,19,10,22,117,43
Zach Thompson,Lincoln Christian,2017-18,20.0,1,2,1,1,0,0,1,0,0,1,1,2,14.63,0,4,0,1,1,2,0,1,0,1,0,0
Zach Thornhill,,2017-18,0.0,0,0,0,0,0,0,0,0,0,1,0,0,0.0,0,0,0,0,0,0,0,0,0,0,0,0
Zach Yoshor,Harvard,2017-18,20.0,0,1,0,0,0,0,0,0,0,1,0,1,18.83,0,0,0,0,0,0,0,0,0,0,0,0
Zach Young,Nicholls,2017-18,20.0,0,0,0,0,1,2,1,1,0,0,0,1,14.53,0,2,0,1,0,0,1,1,0,0,0,1
Zachary Goff,Pacific Lutheran,2017-18,20.0,0,1,0,0,0,0,0,0,0,0,0,0,14.83,0,0,0,0,0,0,0,0,0,0,0,0
Zachary Hamilton,Prairie View A&M,2017-18,20.0,82,185,44,109,20,26,15,17,4,13,36,24,15.15,69,176,31,82,40,48,20,8,3,12,49,22
Zachary Mucha,Our Lady of the Lake,2017-18,20.0,0,2,0,2,0,0,0,0,0,0,0,0,14.83,1,3,1,3,0,0,0,0,0,0,0,0
Zachary Randolph,Dubuque,2017-18,20.0,1,2,1,2,0,0,0,0,0,0,0,0,14.87,0,1,0,1,0,0,1,0,0,0,0,0
Zachary Simmons,North Texas,2017-18,20.0,51,72,0,1,12,21,5,5,8,35,55,20,14.73,44,74,0,0,21,34,10,11,15,40,52,15
Zack Bruns,Haskell,2017-18,20.0,1,3,0,0,0,0,0,0,0,0,1,1,14.9,1,3,0,1,0,1,0,0,0,0,2,1
Zack Bryant,UAB,2017-18,20.0,71,164,16,48,32,47,47,16,2,8,37,35,14.97,79,159,13,39,52,67,46,18,5,5,50,30
Zack Dawson,Oklahoma State,2017-18,20.0,0,3,0,0,0,0,0,0,0,0,0,1,17.98,5,9,1,3,0,1,5,0,0,0,3,2
Zack Norris,Trinity Baptist,2017-18,20.0,7,17,3,10,0,0,0,1,1,3,5,4,14.6,6,8,4,6,1,3,0,0,4,0,4,3
Zafir Williams,Loyola Marymount,2017-18,20.0,40,81,2,4,9,10,10,5,2,23,23,13,19.42,40,71,5,6,16,23,9,6,7,23,32,14
Zailan Peeler,Tusculum,2017-18,20.0,1,1,0,0,0,0,1,0,0,0,0,1,15.4,3,6,1,3,1,2,0,1,0,0,0,1
Zaire Williams,Fayetteville State,2017-18,0.0,0,0,0,0,0,0,0,0,0,0,1,1,18.6,0,2,0,0,0,0,0,0,0,2,0,0
Zalan Richards,South Wesleyan,2017-18,20.0,3,4,0,0,2,4,1,0,0,2,5,3,14.77,3,5,0,0,0,0,0,0,0,0,1,2
Zane Martin,Towson,2017-18,20.0,81,209,30,85,41,53,47,13,3,3,46,42,20.0,131,262,36,92,68,104,35,10,3,15,43,31
Zane Najdawi,The Citadel,2017-18,20.0,76,159,19,53,35,53,14,7,15,16,44,35,14.75,86,153,23,47,46,63,14,13,24,12,58,38
Zane Schumaker,Mount Marty,2017-18,20.0,0,1,0,1,0,0,1,0,0,0,0,2,14.67,0,0,0,0,0,0,1,0,0,0,1,1
Zane Waterman,Manhattan,2017-18,15.0,59,120,17,46,19,28,14,7,5,22,65,34,20.0,64,136,15,44,50,79,18,10,6,37,67,28
Zane Zbranek,Hardin-Simmons,2017-18,0.0,0,0,0,0,0,0,0,1,0,0,0,0,18.05,1,3,1,3,0,0,0,0,0,0,0,2
Zaquavian Smith,,2017-18,0.52,9,25,5,17,3,6,2,2,0,1,12,4,0.0,9,25,7,17,5,5,1,3,0,3,6,1
Zaunce Simmons,Allen,2017-18,0.0,0,0,0,0,0,0,0,0,0,0,1,3,14.88,0,1,0,0,0,0,0,0,1,0,0,1
Zavier Simpson,Michigan,2017-18,20.0,55,118,13,43,14,22,57,28,1,12,56,30,17.12,51,117,8,37,34,71,86,22,1,6,57,28
Zavier Turner,Manhattan,2017-18,15.63,36,92,16,41,21,26,58,12,0,8,22,33,20.0,43,102,16,40,62,77,58,13,0,6,32,38
Zeno Lake,CSU Northridge,2017-18,20.0,9,16,0,0,6,11,3,3,2,13,21,3,16.72,14,25,0,0,8,15,1,2,4,12,22,6
Zezmon Steeple,Erskine,2017-18,20.0,0,4,0,2,0,0,2,0,0,0,0,0,14.95,1,5,0,1,0,0,0,0,0,0,1,0
Zhaire Simmons,Arlington Baptist,2017-18,20.0,1,2,0,0,0,0,0,0,0,0,2,0,14.87,0,0,0,0,0,0,2,0,0,1,0,0
Zhaire Smith,Texas Tech,2017-18,20.0,72,128,11,26,39,54,34,14,16,39,50,19,15.78,71,132,7,13,46,65,26,24,20,36,43,19
Zigmars Raimo,Hawai'i,2017-18,15.0,9,16,0,0,11,18,4,2,0,13,9,13,20.0,7,10,0,0,13,22,1,4,1,6,5,2
Zion Cousins,Howard,2017-18,20.0,21,48,0,1,3,5,3,3,3,26,42,12,20.0,21,42,0,1,15,28,4,3,15,22,42,9
Zion Shepherd,Puget Sound,2017-18,0.0,0,0,0,0,0,0,0,0,1,1,0,0,14.78,0,0,0,0,0,2,0,0,0,1,1,0
Zjori Bosha,Lamar,2017-18,20.0,43,106,15,49,25,48,16,18,6,26,54,16,20.0,51,117,22,58,27,44,20,28,6,30,50,18
Zoran Talley Jr,Iowa State,2017-18,20.0,0,0,0,0,0,0,3,0,0,0,0,0,17.85,0,0,0,0,0,0,1,0,0,0,0,0
Zoran Talley Jr.,Iowa State,2017-18,20.0,29,69,5,15,5,10,18,7,3,7,34,15,17.85,38,82,2,8,11,16,17,4,2,13,30,7
made Dunk.,,2017-18,0.0,2,2,0,0,0,0,0,0,0,0,0,0,19.9,2,2,0,0,0,0,0,0,0,0,0,0
made Dunk. Assisted by Daniel Norl.,,2017-18,16.07,2,2,0,0,0,0,0,0,0,0,0,0,0.0,0,0,0,0,0,0,0,0,0,0,0,0
made Dunk. Assisted by JT Gibson.,Purdue Fort Wayne,2017-18,0.0,0,0,0,0,0,0,0,0,0,0,0,0,20.0,1,1,0,0,0,0,0,0,0,0,0,0
made Dunk. Assisted by Jamal Williams.,,2017-18,16.15,1,1,0,0,0,0,0,0,0,0,0,0,0.0,0,0,0,0,0,0,0,0,0,0,0,0
made Dunk. Assisted by Justin Robinson.,,2017-18,14.77,1,1,0,0,0,0,0,0,0,0,0,0,0.0,0,0,0,0,0,0,0,0,0,0,0,0
made Dunk. Assisted by Nickeil Alexander-Walker.,,2017-18,1.62,1,1,0,0,0,0,0,0,0,0,0,0,0.0,0,0,0,0,0,0,0,0,0,0,0,0
made Dunk. Assisted by Wabissa Bede.,,2017-18,0.0,1,1,0,0,0,0,0,0,0,0,0,0,12.68,1,1,0,0,0,0,0,0,0,0,0,0
made Free Throw.,,2017-18,18.32,0,0,0,0,50,50,0,0,0,0,0,0,0.0,0,0,0,0,81,81,0,0,0,0,0,0
made Jumper.,,2017-18,2.22,26,26,0,0,0,0,0,0,0,0,0,0,0.0,15,15,0,0,0,0,0,0,0,0,0,0
made Jumper. Assisted by Ayo Akinwole.,,2017-18,7.77,2,2,0,0,0,0,0,0,0,0,0,0,0.0,0,0,0,0,0,0,0,0,0,0,0,0
made Jumper. Assisted by Brandon Key.,University of Mary,2017-18,20.0,1,1,0,0,0,0,0,0,0,0,0,0,14.83,0,0,0,0,0,0,0,0,0,0,0,0
made Jumper. Assisted by Braxton Bonds.,,2017-18,3.67,1,1,0,0,0,0,0,0,0,0,0,0,0.0,0,0,0,0,0,0,0,0,0,0,0,0
made Jumper. Assisted by Colin Taylor.,McMurry,2017-18,0.0,0,0,0,0,0,0,0,0,0,0,0,0,14.97,1,1,0,0,0,0,0,0,0,0,0,0
made Jumper. Assisted by Daniel Norl.,Cornell College,2017-18,0.0,1,1,0,0,0,0,0,0,0,0,0,0,12.02,1,1,0,0,0,0,0,0,0,0,0,0
made Jumper. Assisted by JT Gibson.,,2017-18,2.95,3,3,0,0,0,0,0,0,0,0,0,0,0.0,3,3,0,0,0,0,0,0,0,0,0,0
made Jumper. Assisted by Jarren Greenwood.,,2017-18,4.82,1,1,0,0,0,0,0,0,0,0,0,0,0.0,0,0,0,0,0,0,0,0,0,0,0,0
made Jumper. Assisted by Jericho Sims.,,2017-18,0.0,0,0,0,0,0,0,0,0,0,0,0,0,9.87,1,1,0,0,0,0,0,0,0,0,0,0
made Jumper. Assisted by Jerry Perry.,,2017-18,0.0,0,0,0,0,0,0,0,0,0,0,0,0,4.12,1,1,0,0,0,0,0,0,0,0,0,0
made Jumper. Assisted by Justin Robinson.,,2017-18,14.42,1,1,0,0,0,0,0,0,0,0,0,0,0.0,2,2,0,0,0,0,0,0,0,0,0,0
made Jumper. Assisted by KJ Robinson.,,2017-18,0.0,1,1,0,0,0,0,0,0,0,0,0,0,15.98,1,1,0,0,0,0,0,0,0,0,0,0
made Jumper. Assisted by Mike Daum.,,2017-18,17.0,1,1,0,0,0,0,0,0,0,0,0,0,0.0,0,0,0,0,0,0,0,0,0,0,0,0
made Jumper. Assisted by Mitchell Hahn.,,2017-18,0.0,0,0,0,0,0,0,0,0,0,0,0,0,4.5,1,1,0,0,0,0,0,0,0,0,0,0
made Jumper. Assisted by Nickeil Alexander-Walker.,,2017-18,16.17,1,1,0,0,0,0,0,0,0,0,0,0,0.0,0,0,0,0,0,0,0,0,0,0,0,0
made Jumper. Assisted by PJ Austin.,Siena Heights,2017-18,20.0,1,1,0,0,0,0,0,0,0,0,0,0,14.92,0,0,0,0,0,0,0,0,0,0,0,0
made Jumper. Assisted by Reed Tellinghuisen.,,2017-18,0.0,0,0,0,0,0,0,0,0,0,0,0,0,5.53,1,1,0,0,0,0,0,0,0,0,0,0
made Jumper. Assisted by Tyrie Jackson.,Presbyterian,2017-18,20.0,1,1,0,0,0,0,0,0,0,0,0,0,20.0,0,0,0,0,0,0,0,0,0,0,0,0
made Layup.,,2017-18,1.15,26,26,0,0,0,0,0,0,0,0,0,0,0.0,24,24,0,0,0,0,0,0,0,0,0,0
made Layup. Assisted by Ahmed Hill.,,2017-18,3.98,1,1,0,0,0,0,0,0,0,0,0,0,0.0,0,0,0,0,0,0,0,0,0,0,0,0
made Layup. Assisted by Carter Drazga.,Siena Heights,2017-18,0.0,0,0,0,0,0,0,0,0,0,0,0,0,14.92,2,2,0,0,0,0,0,0,0,0,0,0
made Layup. Assisted by Chris Clarke.,,2017-18,5.05,2,2,0,0,0,0,0,0,0,0,0,0,0.0,6,6,0,0,0,0,0,0,0,0,0,0
made Layup. Assisted by Daniel Anozie.,McMurry,2017-18,0.0,0,0,0,0,0,0,0,0,0,0,0,0,14.97,1,1,0,0,0,0,0,0,0,0,0,0
made Layup. Assisted by Daniel Norl.,,2017-18,5.08,4,4,0,0,0,0,0,0,0,0,0,0,0.0,1,1,0,0,0,0,0,0,0,0,0,0
made Layup. Assisted by Devin Wilson.,,2017-18,10.65,2,2,0,0,0,0,0,0,0,0,0,0,0.0,0,0,0,0,0,0,0,0,0,0,0,0
made Layup. Assisted by Donte Clark.,,2017-18,0.0,0,0,0,0,0,0,0,0,0,0,0,0,4.13,1,1,0,0,0,0,0,0,0,0,0,0
made Layup. Assisted by Ferron Flavors Jr..,,2017-18,0.0,0,0,0,0,0,0,0,0,0,0,0,0,14.02,1,1,0,0,0,0,0,0,0,0,0,0
made Layup. Assisted by JT Gibson.,,2017-18,10.27,1,1,0,0,0,0,0,0,0,0,0,0,0.0,0,0,0,0,0,0,0,0,0,0,0,0
made Layup. Assisted by Jacob Ledoux.,,2017-18,0.0,0,0,0,0,0,0,0,0,0,0,0,0,5.98,1,1,0,0,0,0,0,0,0,0,0,0
made Layup. Assisted by Jacob Young.,,2017-18,16.08,1,1,0,0,0,0,0,0,0,0,0,0,0.0,0,0,0,0,0,0,0,0,0,0,0,0
made Layup. Assisted by Jarren Greenwood.,,2017-18,10.08,1,1,0,0,0,0,0,0,0,0,0,0,0.0,0,0,0,0,0,0,0,0,0,0,0,0
made Layup. Assisted by Jerry Perry.,,2017-18,0.0,0,0,0,0,0,0,0,0,0,0,0,0,4.88,1,1,0,0,0,0,0,0,0,0,0,0
made Layup. Assisted by Jesus Cruz.,,2017-18,6.98,1,1,0,0,0,0,0,0,0,0,0,0,0.0,0,0,0,0,0,0,0,0,0,0,0,0
made Layup. Assisted by Jonathan Kasibabu.,,2017-18,7.67,1,1,0,0,0,0,0,0,0,0,0,0,0.0,0,0,0,0,0,0,0,0,0,0,0,0
made Layup. Assisted by Josh Winowiecki.,Siena Heights,2017-18,20.0,1,1,0,0,0,0,0,0,0,0,0,0,14.83,0,0,0,0,0,0,0,0,0,0,0,0
made Layup. Assisted by Justin Bibbs.,,2017-18,0.0,0,0,0,0,0,0,0,0,0,0,0,0,0.0,1,1,0,0,0,0,0,0,0,0,0,0
made Layup. Assisted by Justin Robinson.,,2017-18,0.0,5,5,0,0,0,0,0,0,0,0,0,0,2.1,9,9,0,0,0,0,0,0,0,0,0,0
made Layup. Assisted by KJ Robinson.,,2017-18,0.0,1,1,0,0,0,0,0,0,0,0,0,0,1.72,3,3,0,0,0,0,0,0,0,0,0,0
made Layup. Assisted by Kevin Love.,Lyndon State College,2017-18,20.0,1,1,0,0,0,0,0,0,0,0,0,0,14.82,0,0,0,0,0,0,0,0,0,0,0,0
made Layup. Assisted by Kevin Smith II.,Siena Heights,2017-18,20.0,2,2,0,0,0,0,0,0,0,0,0,0,14.83,1,1,0,0,0,0,0,0,0,0,0,0
made Layup. Assisted by Lamont Walker.,,2017-18,0.0,0,0,0,0,0,0,0,0,0,0,0,0,9.07,1,1,0,0,0,0,0,0,0,0,0,0
made Layup. Assisted by Micaiah Henry.,,2017-18,5.75,1,1,0,0,0,0,0,0,0,0,0,0,0.0,0,0,0,0,0,0,0,0,0,0,0,0
made Layup. Assisted by Mike Summerer.,Kean,2017-18,0.0,0,0,0,0,0,0,0,0,0,0,0,0,14.97,1,1,0,0,0,0,0,0,0,0,0,0
made Layup. Assisted by Mitchell Hahn.,,2017-18,0.0,0,0,0,0,0,0,0,0,0,0,0,0,4.8,1,1,0,0,0,0,0,0,0,0,0,0
made Layup. Assisted by Nickeil Alexander-Walker.,,2017-18,0.0,3,3,0,0,0,0,0,0,0,0,0,0,13.3,2,2,0,0,0,0,0,0,0,0,0,0
made Layup. Assisted by Omar El-Sheikh.,,2017-18,0.0,0,0,0,0,0,0,0,0,0,0,0,0,4.65,1,1,0,0,0,0,0,0,0,0,0,0
made Layup. Assisted by Tevin King.,,2017-18,0.0,0,0,0,0,0,0,0,0,0,0,0,0,17.28,1,1,0,0,0,0,0,0,0,0,0,0
made Layup. Assisted by Tony Jackson II.,Siena Heights,2017-18,20.0,1,1,0,0,0,0,0,0,0,0,0,0,14.83,0,0,0,0,0,0,0,0,0,0,0,0
made Layup. Assisted by Tyler Nelson.,,2017-18,0.0,0,0,0,0,0,0,0,0,0,0,0,0,2.03,2,2,0,0,0,0,0,0,0,0,0,0
made Layup. Assisted by Tyrie Jackson.,,2017-18,0.0,0,0,0,0,0,0,0,0,0,0,0,0,14.93,1,1,0,0,0,0,0,0,0,0,0,0
made Layup. Assisted by Wassef Methnani.,,2017-18,0.0,0,0,0,0,0,0,0,0,0,0,0,0,6.1,1,1,0,0,0,0,0,0,0,0,0,0
made Layup. Assisted by Xavier Bishop.,,2017-18,0.0,0,0,0,0,0,0,0,0,0,0,0,0,12.03,1,1,0,0,0,0,0,0,0,0,0,0
made Layup. Assisted by Zach Jackson.,,2017-18,0.0,0,0,0,0,0,0,0,0,0,0,0,0,2.42,2,2,0,0,0,0,0,0,0,0,0,0
made Three Point Jumper.,,2017-18,0.0,5,5,5,5,0,0,0,0,0,0,0,0,14.7,5,5,5,5,0,0,0,0,0,0,0,0
made Three Point Jumper. Assisted by Aaron Gettys.,McMurry,2017-18,20.0,1,1,1,1,0,0,0,0,0,0,0,0,14.97,0,0,0,0,0,0,0,0,0,0,0,0
made Three Point Jumper. Assisted by Brandon Key.,,2017-18,16.63,4,4,4,4,0,0,0,0,0,0,0,0,0.0,2,2,2,2,0,0,0,0,0,0,0,0
made Three Point Jumper. Assisted by Braxton Bonds.,,2017-18,0.0,0,0,0,0,0,0,0,0,0,0,0,0,1.23,1,1,1,1,0,0,0,0,0,0,0,0
made Three Point Jumper. Assisted by Carter Drazga.,Siena Heights,2017-18,20.0,1,1,1,1,0,0,0,0,0,0,0,0,14.92,0,0,0,0,0,0,0,0,0,0,0,0
made Three Point Jumper. Assisted by Chris Clarke.,,2017-18,7.68,1,1,1,1,0,0,0,0,0,0,0,0,0.0,1,1,1,1,0,0,0,0,0,0,0,0
made Three Point Jumper. Assisted by Daniel Norl.,Doane,2017-18,0.0,2,2,2,2,0,0,0,0,0,0,0,0,14.9,3,3,3,3,0,0,0,0,0,0,0,0
made Three Point Jumper. Assisted by Devin Wilson.,,2017-18,12.68,1,1,1,1,0,0,0,0,0,0,0,0,0.0,0,0,0,0,0,0,0,0,0,0,0,0
made Three Point Jumper. Assisted by Hadi Akle.,Siena Heights,2017-18,0.0,0,0,0,0,0,0,0,0,0,0,0,0,14.83,1,1,1,1,0,0,0,0,0,0,0,0
made Three Point Jumper. Assisted by JT Gibson.,,2017-18,1.12,1,1,1,1,0,0,0,0,0,0,0,0,0.0,0,0,0,0,0,0,0,0,0,0,0,0
made Three Point Jumper. Assisted by Jarren Greenwood.,,2017-18,2.88,1,1,1,1,0,0,0,0,0,0,0,0,0.0,1,1,1,1,0,0,0,0,0,0,0,0
made Three Point Jumper. Assisted by Jase Febres.,,2017-18,5.67,1,1,1,1,0,0,0,0,0,0,0,0,0.0,0,0,0,0,0,0,0,0,0,0,0,0
made Three Point Jumper. Assisted by Jesus Cruz.,,2017-18,0.0,0,0,0,0,0,0,0,0,0,0,0,0,2.75,1,1,1,1,0,0,0,0,0,0,0,0
made Three Point Jumper. Assisted by Justice Sueing.,,2017-18,16.48,1,1,1,1,0,0,0,0,0,0,0,0,0.0,0,0,0,0,0,0,0,0,0,0,0,0
made Three Point Jumper. Assisted by Justin Robinson.,,2017-18,6.3,2,2,2,2,0,0,0,0,0,0,0,0,0.0,0,0,0,0,0,0,0,0,0,0,0,0
made Three Point Jumper. Assisted by KJ Robinson.,,2017-18,12.32,1,1,1,1,0,0,0,0,0,0,0,0,0.0,1,1,1,1,0,0,0,0,0,0,0,0
made Three Point Jumper. Assisted by Kajon Mack.,,2017-18,12.13,1,1,1,1,0,0,0,0,0,0,0,0,0.0,0,0,0,0,0,0,0,0,0,0,0,0
made Three Point Jumper. Assisted by Kerwin Roach II.,,2017-18,0.0,0,0,0,0,0,0,0,0,0,0,0,0,9.4,1,1,1,1,0,0,0,0,0,0,0,0
made Three Point Jumper. Assisted by Matt Coleman.,,2017-18,0.0,0,0,0,0,0,0,0,0,0,0,0,0,13.45,1,1,1,1,0,0,0,0,0,0,0,0
made Three Point Jumper. Assisted by Mike Daum.,,2017-18,14.03,2,2,2,2,0,0,0,0,0,0,0,0,0.0,2,2,2,2,0,0,0,0,0,0,0,0
made Three Point Jumper. Assisted by Mike Summerer.,Kean,2017-18,20.0,1,1,1,1,0,0,0,0,0,0,0,0,14.78,1,1,1,1,0,0,0,0,0,0,0,0
made Three Point Jumper. Assisted by Mohamed Bamba.,,2017-18,13.38,1,1,1,1,0,0,0,0,0,0,0,0,0.0,1,1,1,1,0,0,0,0,0,0,0,0
made Three Point Jumper. Assisted by Nick Randle.,Siena Heights,2017-18,20.0,1,1,1,1,0,0,0,0,0,0,0,0,14.92,0,0,0,0,0,0,0,0,0,0,0,0
made Three Point Jumper. Assisted by PJ Austin.,Siena Heights,2017-18,0.0,0,0,0,0,0,0,0,0,0,0,0,0,14.92,1,1,1,1,0,0,0,0,0,0,0,0
made Three Point Jumper. Assisted by Reed Tellinghuisen.,,2017-18,19.92,4,4,4,4,0,0,0,0,0,0,0,0,0.0,1,1,1,1,0,0,0,0,0,0,0,0
made Three Point Jumper. Assisted by Tavian Davis.,Rogers State,2017-18,0.0,0,0,0,0,0,0,0,0,0,0,0,0,18.22,1,1,1,1,0,0,0,0,0,0,0,0
made Three Point Jumper. Assisted by Tevin King.,,2017-18,5.0,2,2,2,2,0,0,0,0,0,0,0,0,0.0,1,1,1,1,0,0,0,0,0,0,0,0
made Three Point Jumper. Assisted by Thomas Capuano.,,2017-18,0.0,0,0,0,0,0,0,0,0,0,0,0,0,1.08,1,1,1,1,0,0,0,0,0,0,0,0
made Three Point Jumper. Assisted by Tyler Nelson.,,2017-18,0.0,0,0,0,0,0,0,0,0,0,0,0,0,6.97,1,1,1,1,0,0,0,0,0,0,0,0
made Three Point Jumper. Assisted by Xavier Bishop.,,2017-18,6.25,1,1,1,1,0,0,0,0,0,0,0,0,0.0,0,0,0,0,0,0,0,0,0,0,0,0
made Three Point Jumper. Assisted by Zach Jackson.,,2017-18,0.0,0,0,0,0,0,0,0,0,0,0,0,0,11.45,1,1,1,1,0,0,0,0,0,0,0,0
made Three Point Jumper. Assisted by Zavier Turner.,,2017-18,0.0,0,0,0,0,0,0,0,0,0,0,0,0,1.25,1,1,1,1,0,0,0,0,0,0,0,0
made Two Point Tip Shot.,,2017-18,0.0,0,0,0,0,0,0,0,0,0,0,0,0,10.82,5,5,0,0,0,0,0,0,0,0,0,0
missed Dunk.,,2017-18,11.48,0,2,0,0,0,0,0,0,0,0,0,0,0.0,0,1,0,0,0,0,0,0,0,0,0,0
missed Free Throw.,,2017-18,0.0,0,0,0,0,0,26,0,0,0,0,0,0,1.18,0,0,0,0,0,26,0,0,0,0,0,0
missed Jumper.,,2017-18,14.55,0,54,0,0,0,0,0,0,0,0,0,0,0.0,0,37,0,0,0,0,0,0,0,0,0,0
missed Layup.,,2017-18,1.1,0,36,0,0,0,0,0,0,0,0,0,0,0.0,0,45,0,0,0,0,0,0,0,0,0,0
missed Three Point Jumper.,,2017-18,0.52,0,62,0,62,0,0,0,0,0,0,0,0,0.0,0,46,0,46,0,0,0,0,0,0,0,0
missed Two Point Tip Shot.,,2017-18,0.0,0,1,0,0,0,0,0,0,0,0,0,0,5.55,0,3,0,0,0,0,0,0,0,0,0,0
