player_name,n_actions,n_baseline_actions,n_post_streak_actions,n_streaks,clutch_fga,clutch_efg,normal_fga,normal_efg,clutch_delta_efg,clutch_wp_fga,clutch_wp_efg,clutch_wp_delta_efg,late_clock_fga,late_clock_efg,early_clock_efg,late_clock_delta_efg,fta_total,ft_pct_overall,clutch_fta,clutch_ft_pct,normal_ft_pct,clutch_ft_delta,adverse_aggressor_idx,adverse_aggressor_lo,adverse_aggressor_hi,adverse_overdriver_idx,adverse_overdriver_lo,adverse_overdriver_hi,adverse_hothead_idx,adverse_hothead_lo,adverse_hothead_hi,adverse_passive_idx,h1_actions,h2_actions,h1_adverse_rate,h2_adverse_rate,stamina_idx,h1_streaks,h2_streaks,h1_overdriver_idx,h2_overdriver_idx,overdriver_drift,h1_hothead_idx,h2_hothead_idx,hothead_drift,adverse_bounceback_efg,adverse_bounceback_lo,adverse_bounceback_hi,sens_aggressor_looser,sens_aggressor_stricter,sens_aggressor_wider,sens_overdriver_looser,sens_overdriver_stricter,sens_overdriver_wider,pos_group,adverse_aggressor_z,adverse_overdriver_z,adverse_hothead_z,adverse_passive_z,adverse_bounceback_efg_z,league,season,source
Curtis Jerrells,261,222,39,11,6,75.0,211,62.6,12.4,61,59.8,-4.3,29,51.7,64.6,-12.9,0,,0,,,,1.16,0.992,1.355,,,,,,,0.886,136,155,0.353,0.374,1.06,8,5,,,,,,,1.085,0.782,1.504,1.286,1.088,1.078,,,,Playmaker,0.44,,,1.2,0.47,EuroCup,2016-17,intl
David Logan,242,208,34,10,13,69.2,182,55.5,13.7,49,61.2,6.4,12,66.7,55.7,10.9,0,,0,,,,0.985,0.78,1.244,,,,,,,0.85,136,137,0.353,0.423,1.2,3,6,,,,,,,0.662,0.368,1.192,0.755,0.841,0.947,,,,Playmaker,-0.27,,,1.05,-1.0,EuroCup,2016-17,intl
Alexey Shved,236,189,47,12,11,86.4,216,55.3,31.0,64,48.4,-11.7,16,53.1,57.1,-4.0,0,,0,,,,1.055,0.89,1.251,,,,,,,0.979,144,149,0.389,0.443,1.139,6,8,,,,,,,0.721,0.463,1.122,1.032,1.058,1.021,,,,Playmaker,0.01,,,1.6,-0.79,EuroCup,2016-17,intl
Stefan Markovic,235,223,12,5,6,41.7,107,58.4,-16.7,32,46.9,-14.9,16,34.4,61.3,-27.0,0,,0,,,,1.104,0.616,1.979,,,,,,,0.6,124,120,0.242,0.258,1.068,1,3,,,,,,,1.052,0.461,2.403,1.388,2.191,0.979,,,,Wing,0.35,,,-0.05,0.04,EuroCup,2016-17,intl
Bo Mccalebb,217,202,15,6,2,50.0,137,54.7,-4.7,29,46.6,-10.3,12,41.7,55.9,-14.2,0,,0,,,,0.985,0.642,1.511,,,,,,,0.625,125,102,0.248,0.333,1.344,0,5,,,,,,,0.586,0.23,1.494,0.941,1.235,0.87,,,,Playmaker,-0.27,,,0.1,-1.26,EuroCup,2016-17,intl
Fernando San Emeterio,209,176,33,9,11,31.8,165,54.2,-22.4,39,56.4,4.6,25,42.0,54.6,-12.6,0,,0,,,,1.051,0.863,1.279,,,,,,,0.917,110,120,0.4,0.4,1.0,4,7,,,,,,,0.564,0.31,1.025,0.804,0.894,1.048,,,,Wing,0.08,,,1.29,-1.21,EuroCup,2016-17,intl
Mardy Collins,204,175,29,10,12,50.0,147,48.0,2.0,48,60.4,17.6,34,23.5,54.8,-31.3,0,,0,,,,1.176,0.951,1.455,,,,,,,0.725,106,118,0.406,0.381,0.94,4,5,,,,,,,0.641,0.336,1.224,1.025,1.463,1.185,,,,Playmaker,0.5,,,0.52,-1.07,EuroCup,2016-17,intl
Ryan Toolson,203,173,30,10,9,16.7,188,62.5,-45.8,46,51.1,-12.2,15,36.7,62.4,-25.7,0,,0,,,,1.027,0.88,1.198,,,,,,,0.75,128,108,0.398,0.463,1.162,5,5,,,,,,,0.986,0.651,1.496,0.933,1.016,1.054,,,,Wing,-0.05,,,0.58,-0.13,EuroCup,2016-17,intl
Kyle Fogg,200,171,29,9,8,50.0,166,61.7,-11.7,41,51.2,-13.1,37,40.5,66.8,-26.2,0,,0,,,,1.097,0.91,1.322,,,,,,,0.806,119,105,0.403,0.371,0.921,6,2,,,,,,,0.833,0.525,1.322,1.015,1.232,1.035,,,,Wing,0.31,,,0.82,-0.52,EuroCup,2016-17,intl
Deandre Kane,197,175,22,8,7,28.6,153,61.8,-33.2,35,42.9,-22.3,17,44.1,62.2,-18.1,0,,0,,,,1.002,0.764,1.315,,,,,,,0.688,126,92,0.294,0.37,1.259,3,5,,,,,,,0.814,0.489,1.354,1.303,0.913,0.931,,,,Playmaker,-0.2,,,0.36,-0.47,EuroCup,2016-17,intl
Facundo Campazzo,196,150,46,13,11,63.6,138,44.6,19.1,43,54.7,12.2,21,33.3,48.0,-14.7,0,,0,,,,0.892,0.674,1.182,,,,,,,0.885,101,133,0.376,0.421,1.119,5,6,,,,,,,0.913,0.508,1.644,1.192,0.935,0.938,,,,Playmaker,-0.65,,,1.2,-0.12,EuroCup,2016-17,intl
Jamar Smith,188,152,36,13,13,73.1,160,56.2,16.8,40,50.0,-9.8,32,46.9,59.9,-13.1,0,,0,,,,1.004,0.839,1.2,,,,,,,0.692,104,109,0.385,0.505,1.312,2,9,,,,,,,0.735,0.447,1.206,0.944,0.98,1.021,,,,Wing,-0.16,,,0.34,-0.77,EuroCup,2016-17,intl
Earl Rowland,173,160,13,4,12,58.3,112,55.8,2.5,39,46.2,-14.4,13,57.7,55.9,1.8,0,,0,,,,1.161,0.845,1.595,,,,,,,0.812,83,99,0.277,0.333,1.203,1,2,,,,,,,1.06,0.622,1.806,1.035,1.183,1.226,,,,,,,,,,EuroCup,2016-17,intl
Jerome Dyson,173,138,35,11,10,80.0,144,51.7,28.3,44,56.8,4.5,24,52.1,53.8,-1.8,0,,0,,,,1.004,0.82,1.229,,,,,,,0.795,93,106,0.419,0.453,1.08,4,3,,,,,,,0.924,0.58,1.472,0.721,1.147,1.046,,,,Playmaker,-0.2,,,0.82,-0.09,EuroCup,2016-17,intl
Matt Janning,173,136,37,12,6,16.7,150,52.7,-36.0,47,48.9,-3.4,15,36.7,52.8,-16.2,0,,0,,,,1.055,0.868,1.284,,,,,,,0.771,100,103,0.39,0.495,1.27,4,6,,,,,,,1.287,0.887,1.869,1.182,0.813,1.077,,,,Wing,0.1,,,0.67,0.64,EuroCup,2016-17,intl
Reggie Redding,172,163,9,4,13,61.5,99,53.0,8.5,36,44.4,-14.1,16,43.8,55.7,-12.0,0,,0,,,,1.065,0.661,1.717,,,,,,,0.562,87,89,0.264,0.393,1.488,0,4,,,,,,,0.321,0.053,1.938,1.335,1.604,1.065,,,,Wing,0.15,,,-0.21,-1.83,EuroCup,2016-17,intl
Elmedin Kikanovic,169,146,23,9,9,66.7,164,61.6,5.1,44,56.8,-6.7,21,54.8,62.8,-8.1,0,,0,,,,1.098,,,,,,,,,0.639,93,94,0.344,0.372,1.082,4,5,,,,,,,0.931,0.656,1.321,1.129,1.083,1.059,,,,Big,0.59,,,0.19,-0.17,EuroCup,2016-17,intl
Kenneth Boynton,165,130,35,13,7,78.6,145,53.8,24.8,52,53.8,-1.7,14,46.4,55.8,-9.4,0,,0,,,,1.083,0.892,1.316,,,,,,,0.673,92,103,0.38,0.485,1.276,3,9,,,,,,,0.823,0.515,1.315,1.133,1.042,1.089,,,,,,,,,,EuroCup,2016-17,intl
Joan Sastre,165,141,24,11,8,31.2,127,58.3,-27.0,37,50.0,-9.2,14,50.0,57.4,-7.4,0,,0,,,,1.037,0.805,1.335,,,,,,,0.545,96,85,0.344,0.471,1.369,3,5,,,,,,,1.156,0.73,1.832,1.279,0.978,1.081,,,,Wing,0.0,,,-0.28,0.3,EuroCup,2016-17,intl
Nemanja Nedovic,165,134,31,13,3,66.7,130,43.5,23.2,31,41.9,-2.7,17,41.2,44.4,-3.2,0,,0,,,,1.069,0.844,1.354,,,,,,,0.596,107,79,0.393,0.519,1.322,4,7,,,,,,,0.708,0.365,1.37,1.351,0.768,1.015,,,,Wing,0.17,,,-0.07,-0.84,EuroCup,2016-17,intl
Dragan Milosavljevic,164,152,12,5,3,33.3,113,66.8,-33.5,28,64.3,-2.2,10,65.0,66.0,-1.0,0,,0,,,,0.887,0.542,1.45,,,,,,,0.6,83,91,0.217,0.374,1.723,1,2,,,,,,,0.714,0.299,1.705,1.312,0.75,0.953,,,,Wing,-0.76,,,-0.05,-0.83,EuroCup,2016-17,intl
Lorenzo Williams,162,161,1,4,8,18.8,78,52.6,-33.8,15,20.0,-35.6,9,55.6,48.7,6.9,0,,0,,,,1.988,,,,,,,,,0.062,82,84,0.268,0.345,1.287,0,2,,,,,,,,,,1.225,,1.988,,,,Playmaker,3.8,,,-2.29,,EuroCup,2016-17,intl
Bojan Dubljevic,161,115,46,14,3,0.0,178,52.8,-52.8,44,55.7,5.0,22,54.5,51.6,3.0,0,,0,,,,0.938,0.818,1.074,,,,,,,0.821,111,90,0.495,0.456,0.919,8,7,,,,,,,1.006,0.703,1.441,0.986,1.002,0.972,,,,Wing,-0.5,,,0.88,-0.08,EuroCup,2016-17,intl
Rafa Martinez,159,147,12,7,3,50.0,122,60.7,-10.7,26,59.6,-1.0,17,47.1,62.5,-15.4,0,,0,,,,1.271,1.043,1.55,,,,,,,0.429,79,91,0.38,0.407,1.071,1,5,,,,,,,0.344,0.097,1.221,1.272,0.971,1.189,,,,Wing,1.19,,,-0.77,-1.77,EuroCup,2016-17,intl
Jacob Pullen,158,135,23,10,4,37.5,134,51.9,-14.4,30,50.0,-1.9,10,40.0,52.3,-12.3,0,,0,,,,1.115,0.902,1.379,,,,,,,0.575,87,92,0.46,0.435,0.946,3,5,,,,,,,1.196,0.74,1.934,1.213,1.164,1.131,,,,Playmaker,0.26,,,-0.12,0.86,EuroCup,2016-17,intl
Taylor Rochestie,155,131,24,9,7,28.6,126,54.4,-25.8,28,55.4,3.0,25,54.0,52.8,1.2,0,,0,,,,1.013,0.787,1.304,,,,,,,0.667,97,79,0.412,0.38,0.921,2,5,,,,,,,0.712,0.388,1.306,1.042,0.745,0.99,,,,Playmaker,-0.16,,,0.27,-0.82,EuroCup,2016-17,intl
Ivan Strebkov,155,137,18,7,2,0.0,105,57.6,-57.6,18,30.6,-31.2,7,42.9,57.5,-14.6,0,,0,,,,1.114,0.782,1.587,,,,,,,0.643,91,77,0.308,0.377,1.224,2,4,,,,,,,0.667,0.291,1.527,0.928,0.913,1.212,,,,Wing,0.4,,,0.13,-0.95,EuroCup,2016-17,intl
Devin Booker,155,150,5,2,4,100.0,125,64.4,35.6,31,74.2,11.4,10,50.0,66.8,-16.8,0,,0,,,,1.24,,,,,,,,,0.625,87,71,0.299,0.282,0.943,1,0,,,,,,,1.257,0.795,1.988,1.012,,1.24,,,,Wing,1.04,,,0.06,0.56,EuroCup,2016-17,intl
Luke Sikma,154,142,12,5,3,33.3,109,52.3,-19.0,15,40.0,-13.6,11,45.5,52.5,-7.0,0,,0,,,,1.087,0.77,1.534,,,,,,,0.6,87,74,0.368,0.365,0.992,2,1,,,,,,,1.657,1.102,2.491,1.001,0.717,0.941,,,,Wing,0.26,,,-0.05,1.58,EuroCup,2016-17,intl
Sam Van Rossom,154,133,21,10,7,14.3,114,47.4,-33.1,31,51.6,8.3,19,26.3,49.0,-22.7,0,,0,,,,0.809,0.549,1.19,,,,,,,0.525,88,83,0.432,0.458,1.06,3,3,,,,,,,0.603,0.22,1.653,0.851,1.02,0.871,,,,Playmaker,-0.99,,,-0.33,-1.2,EuroCup,2016-17,intl
Peyton Siva,153,145,8,3,11,54.5,72,67.4,-12.8,36,58.3,-12.9,5,110.0,62.8,47.2,0,,0,,,,0.967,0.475,1.967,,,,,,,0.667,67,91,0.209,0.275,1.315,2,1,,,,,,,0.915,0.336,2.49,0.991,,0.959,,,,Playmaker,-0.35,,,0.27,-0.12,EuroCup,2016-17,intl
Janis Timma,153,131,22,8,9,66.7,130,68.8,-2.2,41,81.7,18.4,11,72.7,68.4,4.4,0,,0,,,,1.109,0.918,1.341,,,,,,,0.688,87,86,0.379,0.349,0.92,4,4,,,,,,,1.203,0.849,1.706,1.054,1.262,1.101,,,,Wing,0.37,,,0.32,0.42,EuroCup,2016-17,intl
Antoine Diot,152,146,6,2,12,54.2,78,53.8,0.3,23,63.0,12.3,14,35.7,57.2,-21.5,0,,0,,,,1.825,,,,,,,,,0.75,68,89,0.353,0.303,0.86,1,1,,,,,,,0.721,0.227,2.29,1.359,1.827,1.825,,,,Wing,4.01,,,0.58,-0.81,EuroCup,2016-17,intl
Albert Oliver,148,142,6,6,2,0.0,64,41.4,-41.4,17,11.8,-38.2,10,10.0,45.5,-35.5,0,,0,,,,1.246,0.546,2.842,,,,,,,0.25,82,74,0.195,0.378,1.939,1,3,,,,,,,0.905,0.176,4.646,1.83,2.406,0.944,,,,Playmaker,0.79,,,-1.5,-0.15,EuroCup,2016-17,intl
Yotam Halperin,144,140,4,1,0,,67,55.2,,22,47.7,-11.2,5,0.0,59.7,-59.7,0,,0,,,,0.547,0.099,3.014,,,,,,,1.0,74,72,0.23,0.292,1.27,0,0,,,,,,,2.286,,,1.035,,0.875,,,,Wing,-2.48,,,1.64,3.19,EuroCup,2016-17,intl
Jeff Brooks,144,114,30,11,8,37.5,128,52.7,-15.2,40,42.5,-13.2,27,29.6,57.3,-27.7,0,,0,,,,0.901,0.729,1.114,,,,,,,0.682,75,86,0.387,0.5,1.293,2,6,,,,,,,1.23,0.837,1.807,1.005,0.95,0.93,,,,Wing,-0.69,,,0.3,0.49,EuroCup,2016-17,intl
Nick Johnson,143,106,37,10,8,75.0,121,41.3,33.7,39,55.1,16.8,16,40.6,43.8,-3.2,0,,0,,,,1.052,0.859,1.288,,,,,,,0.925,82,87,0.537,0.414,0.771,8,4,,,,,,,0.851,0.482,1.503,0.998,1.062,1.041,,,,Wing,0.08,,,1.32,-0.48,EuroCup,2016-17,intl
Amare Stoudemire,143,139,4,5,4,50.0,135,65.9,-15.9,30,70.0,5.8,17,61.8,66.0,-4.2,0,,0,,,,1.069,,,,,,,,,0.2,83,65,0.337,0.354,1.049,1,2,,,,,,,1.147,0.643,2.048,1.058,1.066,1.069,,,,Big,0.39,,,-1.94,0.33,EuroCup,2016-17,intl
Braydon Hobbs,142,129,13,5,6,25.0,73,60.3,-35.3,20,17.5,-53.7,8,37.5,59.9,-22.4,0,,0,,,,0.73,0.36,1.479,,,,,,,0.65,71,78,0.225,0.372,1.65,0,3,,,,,,,0.85,0.282,2.56,1.021,0.954,0.759,,,,Playmaker,-1.31,,,0.2,-0.34,EuroCup,2016-17,intl
Corey Fisher,142,119,23,9,11,31.8,106,54.2,-22.4,38,47.4,-7.1,17,38.2,54.5,-16.3,0,,0,,,,1.17,0.939,1.459,,,,,,,0.639,69,90,0.449,0.378,0.841,4,4,,,,,,,1.105,0.683,1.79,1.099,1.192,1.066,,,,Playmaker,0.48,,,0.16,0.54,EuroCup,2016-17,intl
Kevin Jones,140,119,21,6,4,50.0,133,64.3,-14.3,33,65.2,1.7,7,28.6,65.8,-37.2,0,,0,,,,0.962,0.799,1.159,,,,,,,0.875,83,70,0.325,0.329,1.01,3,0,,,,,,,1.024,0.718,1.461,0.851,1.111,1.001,,,,Wing,-0.38,,,1.11,-0.03,EuroCup,2016-17,intl
Tarence Kinsey,140,116,24,8,3,116.7,121,56.6,60.1,33,71.2,17.9,17,50.0,59.3,-9.3,0,,0,,,,0.698,0.493,0.988,,,,,,,0.75,68,87,0.456,0.322,0.706,3,4,,,,,,,1.199,0.778,1.847,0.879,0.455,0.77,,,,Wing,-1.72,,,0.58,0.41,EuroCup,2016-17,intl
Kyle Kuric,139,111,28,8,1,100.0,151,67.2,32.8,55,63.6,-6.0,10,40.0,69.4,-29.4,0,,0,,,,1.049,0.959,1.148,,,,,,,0.875,79,83,0.468,0.446,0.952,5,5,,,,,,,0.944,0.631,1.414,1.076,0.997,1.061,,,,Wing,0.07,,,1.11,-0.24,EuroCup,2016-17,intl
Billy Baron,137,98,39,12,9,27.8,140,52.5,-24.7,43,53.5,3.5,25,54.0,50.4,3.6,0,,0,,,,0.939,0.784,1.124,,,,,,,0.812,81,97,0.531,0.454,0.854,9,6,,,,,,,0.916,0.569,1.474,0.951,0.865,0.914,,,,Playmaker,-0.46,,,0.89,-0.11,EuroCup,2016-17,intl
Ben Madgen,137,117,20,8,9,77.8,118,62.3,15.5,32,73.4,13.4,16,25.0,68.9,-43.9,0,,0,,,,1.221,1.062,1.404,,,,,,,0.625,95,60,0.379,0.433,1.144,4,4,,,,,,,0.977,0.613,1.559,1.298,1.149,1.216,,,,Wing,0.94,,,0.06,-0.15,EuroCup,2016-17,intl
Drew Gordon,136,120,16,5,9,66.7,123,55.7,11.0,38,55.3,-1.7,18,33.3,60.1,-26.8,0,,0,,,,0.972,0.8,1.181,,,,,,,0.8,66,80,0.439,0.375,0.853,2,2,,,,,,,0.603,0.293,1.238,0.939,1.117,1.003,,,,Big,-0.27,,,0.97,-0.94,EuroCup,2016-17,intl
Chris Babb,136,98,38,11,19,39.5,118,50.8,-11.4,39,55.1,8.2,15,53.3,48.8,4.6,0,,0,,,,1.239,1.104,1.391,,,,,,,0.864,82,78,0.476,0.59,1.24,6,7,,,,,,,0.883,0.543,1.437,1.248,1.157,1.222,,,,Wing,1.03,,,1.06,-0.39,EuroCup,2016-17,intl
Adam Waczynski,135,118,17,7,6,75.0,118,59.7,15.3,23,54.3,-7.5,18,44.4,63.2,-18.8,0,,0,,,,1.111,0.964,1.279,,,,,,,0.607,80,63,0.388,0.556,1.434,3,1,,,,,,,1.148,0.713,1.848,1.128,1.158,1.114,,,,Wing,0.38,,,-0.02,0.28,EuroCup,2016-17,intl
Dejan Musli,134,130,4,1,2,50.0,109,69.7,-19.7,12,66.7,-3.0,21,52.4,73.3,-21.0,0,,0,,,,0.92,0.519,1.629,,,,,,,1.0,88,49,0.239,0.265,1.112,1,0,,,,,,,1.452,,,1.263,,0.821,,,,Big,-0.62,,,1.94,1.05,EuroCup,2016-17,intl
Raymar Morgan,132,119,13,6,7,71.4,116,61.2,10.2,26,82.7,26.5,9,22.2,64.9,-42.7,0,,0,,,,0.997,0.781,1.272,,,,,,,0.542,79,64,0.367,0.312,0.851,1,0,,,,,,,1.377,0.998,1.9,0.871,1.025,1.041,,,,Wing,-0.2,,,-0.29,0.87,EuroCup,2016-17,intl
Ivan Paunic,130,117,13,5,1,100.0,112,61.6,38.4,19,57.9,-4.9,14,64.3,61.6,2.7,0,,0,,,,0.947,0.695,1.292,,,,,,,0.65,80,59,0.325,0.441,1.356,1,3,,,,,,,0.864,0.454,1.643,1.088,0.812,0.985,,,,Wing,-0.45,,,0.16,-0.44,EuroCup,2016-17,intl
Miro Bilan,130,124,6,3,3,66.7,108,64.8,1.9,20,70.0,6.3,9,66.7,64.7,2.0,0,,0,,,,0.827,0.466,1.465,,,,,,,0.5,77,60,0.26,0.317,1.219,1,1,,,,,,,1.136,0.634,2.036,1.139,,0.93,,,,Big,-1.24,,,-0.49,0.31,EuroCup,2016-17,intl
Pierre Oriola,129,121,8,3,3,50.0,112,67.0,-17.0,22,84.1,21.7,15,60.0,67.5,-7.5,0,,0,,,,1.028,0.783,1.35,,,,,,,0.667,80,54,0.338,0.259,0.768,1,0,,,,,,,0.878,0.455,1.695,0.98,,1.057,,,,Wing,-0.04,,,0.23,-0.41,EuroCup,2016-17,intl
Lior Eliyahu,128,115,13,5,3,66.7,114,50.9,15.8,28,60.7,12.4,15,46.7,52.0,-5.3,0,,0,,,,0.778,0.501,1.207,,,,,,,0.65,81,68,0.395,0.368,0.931,3,2,,,,,,,1.161,0.657,2.051,0.763,0.958,0.931,,,,Wing,-1.31,,,0.16,0.32,EuroCup,2016-17,intl
Siim-Sander Vene,127,100,27,10,6,50.0,118,55.1,-5.1,39,60.3,7.9,14,28.6,58.2,-29.6,0,,0,,,,1.026,0.857,1.229,,,,,,,0.675,67,80,0.433,0.438,1.011,2,4,,,,,,,1.289,0.893,1.859,0.922,1.034,1.054,,,,Wing,-0.05,,,0.27,0.64,EuroCup,2016-17,intl
Vitor Benite,126,96,30,11,3,0.0,123,47.6,-47.6,38,36.8,-13.7,22,29.5,50.0,-20.5,0,,0,,,,1.016,0.884,1.168,,,,,,,0.682,71,73,0.577,0.493,0.854,5,5,,,,,,,0.766,0.426,1.376,0.902,0.877,0.969,,,,Wing,-0.1,,,0.3,-0.69,EuroCup,2016-17,intl
Maximilian Kleber,125,110,15,7,3,33.3,108,62.0,-28.7,22,56.8,-5.5,13,42.3,63.8,-21.5,0,,0,,,,0.906,0.659,1.246,,,,,,,0.536,61,75,0.41,0.387,0.943,2,2,,,,,,,0.861,0.438,1.693,1.069,1.229,0.976,,,,,,,,,,EuroCup,2016-17,intl
Ludde Hakanson,125,104,21,6,1,0.0,101,55.9,-55.9,23,50.0,-7.0,11,36.4,57.7,-21.3,0,,0,,,,0.867,0.629,1.194,,,,,,,0.875,67,71,0.433,0.394,0.911,3,3,,,,,,,0.952,0.496,1.827,0.653,,0.863,,,,Wing,-0.86,,,1.11,-0.22,EuroCup,2016-17,intl
Pako Cruz,125,112,13,5,3,33.3,104,58.2,-24.8,38,52.6,-7.5,11,63.6,56.8,6.9,0,,0,,,,1.065,0.829,1.368,,,,,,,0.65,68,66,0.353,0.439,1.245,0,2,,,,,,,1.231,0.754,2.009,1.121,0.494,0.965,,,,Playmaker,0.05,,,0.2,0.98,EuroCup,2016-17,intl
Will Thomas,123,106,17,9,6,50.0,115,50.9,-0.9,33,50.0,-1.1,17,35.3,53.4,-18.1,0,,0,,,,1.152,,,,,,,,,0.472,69,66,0.493,0.47,0.953,2,2,,,,,,,1.107,0.674,1.818,1.028,1.13,1.152,,,,Wing,0.59,,,-0.59,0.18,EuroCup,2016-17,intl
Kyle Landry,120,101,19,8,7,92.9,106,54.7,38.1,29,69.0,16.0,17,76.5,53.6,22.8,0,,0,,,,1.051,0.883,1.251,,,,,,,0.594,63,69,0.429,0.391,0.913,1,2,,,,,,,0.99,0.607,1.615,1.077,0.959,1.023,,,,Big,0.27,,,-0.03,-0.04,EuroCup,2016-17,intl
Guillem Vives,120,116,4,5,2,0.0,68,44.1,-44.1,21,14.3,-40.8,13,23.1,47.4,-24.3,0,,0,,,,0.921,0.341,2.488,,,,,,,0.2,69,56,0.304,0.482,1.584,0,2,,,,,,,,,,1.182,,0.921,,,,Wing,-0.58,,,-1.73,,EuroCup,2016-17,intl
Alberto Diaz,120,114,6,4,1,0.0,74,50.0,-50.0,10,60.0,12.3,17,23.5,56.9,-33.4,0,,0,,,,1.418,0.961,2.093,,,,,,,0.375,74,50,0.324,0.44,1.357,0,1,,,,,,,0.993,0.326,3.019,1.064,,1.418,,,,Playmaker,1.49,,,-0.97,0.15,EuroCup,2016-17,intl
Bryce Taylor,117,101,16,7,8,68.8,102,52.0,16.8,35,52.9,-0.5,17,47.1,54.3,-7.2,0,,0,,,,1.004,0.822,1.226,,,,,,,0.571,60,66,0.5,0.455,0.909,2,2,,,,,,,0.698,0.336,1.452,0.912,1.158,1.02,,,,Wing,-0.16,,,-0.17,-0.87,EuroCup,2016-17,intl
Ian Vougioukas,115,108,7,3,4,50.0,93,60.2,-10.2,13,53.8,-6.9,10,70.0,58.6,11.4,0,,0,,,,1.064,0.776,1.46,,,,,,,0.583,76,44,0.355,0.273,0.768,2,0,,,,,,,1.094,0.606,1.975,0.917,1.245,0.966,,,,Big,0.36,,,-0.09,0.21,EuroCup,2016-17,intl
Ksistof Lavrinovic,115,97,18,8,6,66.7,99,62.6,4.0,26,59.6,-4.3,11,50.0,64.4,-14.4,0,,0,,,,0.898,0.663,1.216,,,,,,,0.562,64,65,0.297,0.462,1.555,2,4,,,,,,,0.766,0.414,1.416,1.034,1.037,0.961,,,,,,,,,,EuroCup,2016-17,intl
Anton Gavel,115,110,5,4,2,50.0,76,45.4,4.6,13,65.4,23.8,16,43.8,46.0,-2.2,0,,0,,,,1.257,0.793,1.992,,,,,,,0.312,61,58,0.459,0.345,0.751,1,1,,,,,,,1.296,0.466,3.608,1.043,1.547,1.257,,,,Playmaker,0.83,,,-1.23,1.21,EuroCup,2016-17,intl
Travis Peterson,114,103,11,6,6,16.7,93,59.7,-43.0,22,59.1,2.6,6,50.0,57.5,-7.5,0,,0,,,,0.914,0.628,1.329,,,,,,,0.458,64,61,0.359,0.508,1.414,1,3,,,,,,,0.769,0.306,1.932,1.129,0.889,0.966,,,,Big,-0.66,,,-0.69,-0.55,EuroCup,2016-17,intl
Aaron White,114,101,13,8,4,25.0,99,55.6,-30.6,26,51.9,-3.3,15,76.7,50.6,26.1,0,,0,,,,1.123,0.937,1.347,,,,,,,0.406,55,67,0.455,0.418,0.919,1,3,,,,,,,0.943,0.517,1.72,1.194,1.198,1.123,,,,Wing,0.44,,,-0.87,-0.24,EuroCup,2016-17,intl
Carlos Suarez,111,106,5,5,6,66.7,71,41.5,25.1,30,41.7,-3.0,17,35.3,45.8,-10.5,0,,0,,,,1.582,,,,,,,,,0.25,51,65,0.392,0.446,1.138,1,1,,,,,,,1.608,0.737,3.508,1.355,,1.582,,,,Wing,2.77,,,-1.52,1.46,EuroCup,2016-17,intl
Romain Sato,110,98,12,8,1,0.0,106,57.5,-57.5,24,41.7,-19.8,13,57.7,56.9,0.8,0,,0,,,,0.726,0.484,1.088,,,,,,,0.375,64,55,0.484,0.455,0.938,3,0,,,,,,,1.023,0.496,2.11,0.851,,0.754,,,,Wing,-1.57,,,-1.0,-0.04,EuroCup,2016-17,intl
Andrey Zubkov,109,97,12,7,3,33.3,97,53.6,-20.3,23,52.2,-1.1,18,41.7,55.5,-13.8,0,,0,,,,1.111,0.916,1.349,,,,,,,0.429,65,53,0.446,0.434,0.973,3,2,,,,,,,1.119,0.624,2.007,1.21,0.884,1.126,,,,Wing,0.38,,,-0.77,0.21,EuroCup,2016-17,intl
Mindaugas Lukauskis,108,87,21,7,12,58.3,78,51.3,7.1,26,55.8,5.0,9,44.4,53.1,-8.6,0,,0,,,,0.892,0.644,1.236,,,,,,,0.75,68,52,0.412,0.481,1.168,3,3,,,,,,,0.619,0.26,1.476,0.995,1.175,0.948,,,,Wing,-0.73,,,0.58,-1.07,EuroCup,2016-17,intl
Engin Atsur,106,102,4,2,3,100.0,63,55.6,44.4,22,68.2,15.9,11,45.5,60.0,-14.5,0,,0,,,,1.254,0.697,2.257,,,,,,,0.5,55,53,0.364,0.34,0.934,0,1,,,,,,,,,,0.943,1.667,1.254,,,,Wing,1.11,,,-0.47,,EuroCup,2016-17,intl
Sasu Salin,105,95,10,8,3,0.0,95,67.4,-67.4,9,0.0,-71.9,6,41.7,66.8,-25.2,0,,0,,,,1.056,0.845,1.319,,,,,,,0.312,60,53,0.367,0.566,1.544,1,4,,,,,,,0.409,0.119,1.411,0.975,1.163,1.056,,,,Wing,0.1,,,-1.26,-1.6,EuroCup,2016-17,intl
Royce O'Neale,105,94,11,5,2,50.0,88,57.4,-7.4,25,66.0,12.2,4,87.5,55.8,31.7,0,,0,,,,0.936,0.642,1.366,,,,,,,0.55,60,54,0.35,0.407,1.164,2,1,,,,,,,1.141,0.641,2.029,0.959,,1.012,,,,Wing,-0.51,,,-0.26,0.27,EuroCup,2016-17,intl
Vladimir Lucic,104,87,17,10,4,0.0,99,54.5,-54.5,19,42.1,-12.7,9,33.3,54.3,-20.9,0,,0,,,,0.919,0.729,1.158,,,,,,,0.425,62,53,0.516,0.453,0.877,3,2,,,,,,,1.0,0.566,1.766,0.992,0.556,0.929,,,,Wing,-0.59,,,-0.79,-0.09,EuroCup,2016-17,intl
Ryan Broekhoff,103,79,24,11,3,33.3,94,48.4,-15.1,29,48.3,0.5,13,61.5,45.8,15.7,0,,0,,,,1.08,0.898,1.3,,,,,,,0.545,56,59,0.482,0.576,1.195,2,5,,,,,,,1.143,0.636,2.054,1.285,1.209,1.086,,,,Wing,0.22,,,-0.28,0.27,EuroCup,2016-17,intl
Sergey Monia,102,86,16,6,5,60.0,87,58.6,1.4,17,52.9,-7.1,7,35.7,60.6,-24.9,0,,0,,,,1.168,0.991,1.377,,,,,,,0.667,54,56,0.426,0.482,1.132,2,3,,,,,,,0.622,0.294,1.314,1.11,1.217,1.177,,,,,,,,,,EuroCup,2016-17,intl
Taylor Braun,101,82,19,6,4,100.0,93,54.3,45.7,23,54.3,-2.4,8,18.8,59.6,-40.8,0,,0,,,,1.062,0.849,1.329,,,,,,,0.792,56,62,0.429,0.435,1.016,2,5,,,,,,,1.045,0.642,1.7,1.011,1.015,1.09,,,,Wing,0.13,,,0.76,0.02,EuroCup,2016-17,intl
Marcus Williams,101,85,16,6,2,125.0,81,44.4,80.6,19,52.6,8.1,12,54.2,45.1,9.1,0,,0,,,,0.857,0.574,1.28,,,,,,,0.667,51,68,0.431,0.397,0.92,2,4,,,,,,,0.641,0.24,1.715,0.837,0.353,0.801,,,,Playmaker,-0.79,,,0.27,-1.07,EuroCup,2016-17,intl
Zygimantas Skucas,100,83,17,6,9,22.2,78,53.2,-31.0,16,37.5,-15.3,11,54.5,49.3,5.2,0,,0,,,,0.901,0.65,1.25,,,,,,,0.708,48,62,0.438,0.371,0.848,1,4,,,,,,,1.083,0.639,1.838,1.008,0.848,0.958,,,,Wing,-0.69,,,0.41,0.12,EuroCup,2016-17,intl
Eulis Baez,100,96,4,4,2,0.0,72,55.6,-55.6,15,43.3,-13.4,13,38.5,57.4,-18.9,0,,0,,,,1.075,0.601,1.921,,,,,,,0.25,56,48,0.375,0.354,0.944,1,1,,,,,,,1.314,0.57,3.025,1.269,,1.075,,,,Wing,0.2,,,-1.52,0.71,EuroCup,2016-17,intl
Sergey Karasev,97,66,31,10,4,25.0,106,47.6,-22.6,21,45.2,-2.0,11,68.2,44.4,23.7,0,,0,,,,0.986,0.802,1.212,,,,,,,0.775,68,64,0.529,0.469,0.885,7,4,,,,,,,1.375,0.856,2.207,1.049,1.12,0.984,,,,Wing,-0.25,,,0.69,0.86,EuroCup,2016-17,intl
Oliver Lafayette,97,78,19,5,2,0.0,68,39.7,-39.7,25,44.0,8.4,11,18.2,42.4,-24.2,0,,0,,,,0.805,0.51,1.27,,,,,,,0.95,56,52,0.429,0.462,1.077,3,2,,,,,,,1.5,0.722,3.117,0.765,0.946,0.892,,,,Wing,-1.17,,,1.42,1.18,EuroCup,2016-17,intl
Ryan Boatright,97,80,17,5,4,50.0,79,56.3,-6.3,15,53.3,-3.3,10,40.0,58.2,-18.2,0,,0,,,,1.027,0.73,1.443,,,,,,,0.85,60,53,0.433,0.34,0.784,4,0,,,,,,,0.818,0.399,1.678,1.281,1.052,1.162,,,,Playmaker,-0.1,,,1.05,-0.45,EuroCup,2016-17,intl
Luka Babic,95,91,4,1,2,50.0,62,57.3,-7.3,16,53.1,-5.2,6,75.0,55.2,19.8,0,,0,,,,1.157,0.644,2.078,,,,,,,1.0,46,51,0.326,0.353,1.082,1,0,,,,,,,1.356,0.585,3.145,1.241,1.15,1.234,,,,Wing,0.61,,,1.64,0.82,EuroCup,2016-17,intl
Rashad James,95,72,23,9,1,0.0,99,52.5,-52.5,24,41.7,-13.6,16,34.4,55.4,-21.0,0,,0,,,,0.806,0.626,1.038,,,,,,,0.639,63,51,0.476,0.49,1.029,4,3,,,,,,,0.799,0.432,1.478,0.994,0.939,0.854,,,,Playmaker,-1.0,,,0.16,-0.52,EuroCup,2016-17,intl
Scott Bamforth,94,79,15,4,4,0.0,76,62.5,-62.5,20,65.0,7.5,6,50.0,60.1,-10.1,0,,0,,,,1.09,0.819,1.45,,,,,,,0.938,50,57,0.44,0.333,0.758,2,3,,,,,,,1.128,0.658,1.933,1.151,0.839,1.059,,,,Playmaker,0.15,,,1.42,0.62,EuroCup,2016-17,intl
Marko Todorovic,93,88,5,2,1,100.0,72,66.7,33.3,12,75.0,9.4,6,66.7,67.2,-0.5,0,,0,,,,1.051,0.668,1.654,,,,,,,0.625,58,39,0.293,0.179,0.612,1,0,,,,,,,1.092,0.606,1.968,1.39,0.654,0.756,,,,Big,0.27,,,0.12,0.2,EuroCup,2016-17,intl
Rokas Giedraitis,92,72,20,7,2,75.0,94,63.8,11.2,23,65.2,1.5,9,44.4,66.1,-21.6,0,,0,,,,0.997,0.846,1.175,,,,,,,0.714,50,55,0.48,0.418,0.871,5,1,,,,,,,1.016,0.602,1.715,1.059,1.101,1.026,,,,Wing,-0.2,,,0.43,-0.05,EuroCup,2016-17,intl
Nemanja Radovic,92,81,11,8,4,50.0,89,59.0,-9.0,15,40.0,-22.2,18,50.0,60.7,-10.7,0,,0,,,,1.11,,,,,,,,,0.344,65,37,0.385,0.432,1.124,4,1,,,,,,,1.08,0.664,1.757,1.112,1.1,1.024,,,,Wing,0.38,,,-1.13,0.11,EuroCup,2016-17,intl
Rolands Smits,89,82,7,3,0,,84,70.2,,14,82.1,14.3,9,66.7,70.7,-4.0,0,,0,,,,1.123,,,,,,,,,0.583,51,43,0.373,0.372,0.999,2,0,,,,,,,0.68,0.284,1.629,1.013,1.123,0.998,,,,Big,0.75,,,-0.09,-0.76,EuroCup,2016-17,intl
Luka Rupnik,88,78,10,4,1,150.0,63,54.8,95.2,19,63.2,9.8,4,75.0,55.0,20.0,0,,0,,,,1.05,0.68,1.622,,,,,,,0.625,43,50,0.372,0.44,1.183,1,1,,,,,,,0.646,0.193,2.167,1.084,0.832,1.091,,,,Playmaker,-0.01,,,0.1,-1.05,EuroCup,2016-17,intl
Vyacheslav Zaytsev,88,84,4,2,1,0.0,54,48.1,-48.1,14,46.4,-1.1,5,20.0,50.0,-30.0,0,,0,,,,1.26,0.697,2.279,,,,,,,0.5,52,38,0.327,0.368,1.127,0,1,,,,,,,1.515,0.642,3.577,1.167,,1.26,,,,Wing,1.14,,,-0.47,1.22,EuroCup,2016-17,intl
Richard Hendrix,88,76,12,3,0,,76,61.8,,16,93.8,40.4,14,57.1,62.9,-5.8,0,,0,,,,1.124,0.919,1.374,,,,,,,1.0,46,46,0.348,0.283,0.812,1,1,,,,,,,1.156,0.768,1.741,1.292,0.906,1.037,,,,Big,0.76,,,1.94,0.35,EuroCup,2016-17,intl
Pablo Aguilar,87,78,9,6,0,,84,55.4,,19,39.5,-20.5,10,40.0,57.4,-17.4,0,,0,,,,0.892,0.623,1.278,,,,,,,0.375,47,49,0.383,0.49,1.279,1,1,,,,,,,1.349,0.803,2.268,1.095,0.854,0.939,,,,Wing,-0.73,,,-1.0,0.8,EuroCup,2016-17,intl
Bar Timor,87,86,1,1,0,,55,55.5,,12,37.5,-23.0,10,50.0,56.7,-6.7,0,,0,,,,1.623,,,,,,,,,0.25,49,39,0.265,0.385,1.45,0,0,,,,,,,,,,1.181,,1.623,,,,Wing,2.98,,,-1.52,,EuroCup,2016-17,intl
Pavel Sergeev,85,77,8,6,2,0.0,62,49.2,-49.2,18,44.4,-4.5,8,56.2,46.4,9.8,0,,0,,,,0.908,0.52,1.586,,,,,,,0.333,51,40,0.431,0.475,1.101,1,3,,,,,,,,,,1.026,0.717,0.908,,,,Playmaker,-0.59,,,-1.14,,EuroCup,2016-17,intl
Augustine Rubit,84,73,11,6,4,50.0,74,54.1,-4.1,27,46.3,-11.5,6,58.3,53.5,4.9,0,,0,,,,0.948,0.707,1.271,,,,,,,0.458,40,50,0.35,0.46,1.314,0,3,,,,,,,0.757,0.354,1.617,1.047,0.762,0.948,,,,Wing,-0.45,,,-0.65,-0.72,EuroCup,2016-17,intl
Zygimantas Janavicius,82,77,5,3,1,0.0,54,43.5,-43.5,15,56.7,19.2,12,66.7,36.0,30.6,0,,0,,,,0.943,0.452,1.967,,,,,,,0.417,42,43,0.429,0.395,0.922,1,0,,,,,,,,,,1.396,0.774,0.943,,,,Wing,-0.47,,,-0.82,,EuroCup,2016-17,intl
Daniel Diez,81,78,3,3,3,50.0,75,64.0,-14.0,23,54.3,-12.9,16,65.6,62.9,2.7,0,,0,,,,1.083,,,,,,,,,0.25,44,40,0.432,0.525,1.216,0,0,,,,,,,1.333,0.58,3.066,1.095,1.079,1.083,,,,Wing,0.24,,,-1.52,0.76,EuroCup,2016-17,intl
Vitor Faverani,80,75,5,3,2,100.0,67,60.4,39.6,12,66.7,6.1,11,50.0,63.8,-13.8,0,,0,,,,1.271,,,,,,,,,0.417,47,40,0.362,0.3,0.829,1,1,,,,,,,0.983,0.467,2.07,0.721,1.254,1.271,,,,Big,1.75,,,-0.89,-0.05,EuroCup,2016-17,intl
Gintaras Leonavicius,79,78,1,3,1,0.0,63,66.7,-66.7,16,65.6,0.0,12,41.7,71.2,-29.5,0,,0,,,,,,,,,,,,,0.083,36,46,0.306,0.37,1.209,0,2,,,,,,,,,,0.833,,,,,,Wing,,,,-2.23,,EuroCup,2016-17,intl
Niels Giffey,79,77,2,2,4,100.0,63,57.9,42.1,15,63.3,3.7,7,42.9,62.5,-19.6,0,,0,,,,1.222,,,,,,,,,0.25,41,40,0.39,0.45,1.153,0,1,,,,,,,,,,1.273,1.215,1.222,,,,Wing,0.94,,,-1.52,,EuroCup,2016-17,intl
Nihad Dedovic,77,75,2,2,1,100.0,62,57.3,42.7,19,60.5,3.7,8,12.5,64.5,-52.0,0,,0,,,,1.25,,,,,,,,,0.25,44,35,0.432,0.343,0.794,0,1,,,,,,,2.0,,,0.386,,1.25,,,,,,,,,,EuroCup,2016-17,intl
Dmitry Khvostov,76,76,0,0,2,75.0,42,66.7,8.3,9,77.8,13.5,5,40.0,70.5,-30.5,0,,0,,,,,,,,,,,,,,38,38,0.184,0.342,1.857,0,0,,,,,,,,,,0.673,,,,,,,,,,,,EuroCup,2016-17,intl
Petr Gubanov,75,68,7,2,3,133.3,65,66.9,66.4,14,75.0,6.5,6,33.3,73.4,-40.1,0,,0,,,,1.193,,,,,,,,,0.875,41,38,0.439,0.316,0.719,2,0,,,,,,,0.494,0.15,1.626,1.229,1.2,1.208,,,,Wing,0.8,,,1.11,-1.39,EuroCup,2016-17,intl
Danilo Barthel,75,75,0,0,2,50.0,50,71.0,-21.0,17,61.8,-12.5,10,45.0,76.2,-31.2,0,,0,,,,,,,,,,,,,,31,44,0.194,0.25,1.292,0,0,,,,,,,,,,0.97,,,,,,Big,,,,,,EuroCup,2016-17,intl
Toni Katic,75,71,4,3,1,0.0,48,58.3,-58.3,16,46.9,-15.2,4,62.5,56.7,5.8,0,,0,,,,1.238,0.682,2.248,,,,,,,0.333,38,41,0.316,0.317,1.004,1,1,,,,,,,1.303,0.556,3.054,0.92,,0.991,,,,Playmaker,0.76,,,-1.14,1.23,EuroCup,2016-17,intl
Marko Tomas,75,49,26,7,10,70.0,66,47.7,22.3,19,57.9,9.6,12,41.7,52.3,-10.7,0,,0,,,,0.895,0.684,1.171,,,,,,,0.929,52,43,0.5,0.419,0.837,5,2,,,,,,,1.544,0.887,2.687,1.084,1.05,0.878,,,,Wing,-0.72,,,1.34,1.3,EuroCup,2016-17,intl
Nobel Boungou-Colo,74,67,7,3,1,0.0,69,58.7,-58.7,14,67.9,12.5,9,27.8,62.3,-34.5,0,,0,,,,0.941,0.689,1.286,,,,,,,0.583,39,38,0.513,0.395,0.77,1,0,,,,,,,0.953,0.414,2.197,0.868,0.726,0.941,,,,Wing,-0.48,,,-0.12,-0.21,EuroCup,2016-17,intl
Brandon Jefferson,74,62,12,6,4,37.5,55,45.5,-8.0,12,75.0,37.8,9,16.7,50.0,-33.3,0,,0,,,,1.322,1.042,1.676,,,,,,,0.5,41,43,0.488,0.442,0.906,2,4,,,,,,,1.303,0.606,2.801,0.963,0.954,1.006,,,,Playmaker,1.1,,,-0.43,1.23,EuroCup,2016-17,intl
Filip Kruslin,73,57,16,5,6,25.0,53,39.6,-14.6,17,58.8,29.1,11,27.3,40.6,-13.4,0,,0,,,,1.13,0.849,1.503,,,,,,,0.8,36,43,0.639,0.419,0.655,3,1,,,,,,,0.394,0.104,1.492,1.013,1.033,1.145,,,,Wing,0.48,,,0.79,-1.64,EuroCup,2016-17,intl
Tomislav Zubcic,73,66,7,4,1,0.0,58,54.3,-54.3,8,43.8,-11.2,5,50.0,53.7,-3.7,0,,0,,,,1.204,0.857,1.69,,,,,,,0.438,49,31,0.388,0.419,1.081,1,1,,,,,,,1.958,1.202,3.191,0.914,1.377,1.256,,,,Big,1.3,,,-0.79,2.23,EuroCup,2016-17,intl
Donatas Tarolis,73,65,8,3,5,60.0,62,61.3,-1.3,13,65.4,5.2,9,44.4,63.8,-19.3,0,,0,,,,0.57,0.283,1.147,,,,,,,0.667,45,36,0.4,0.333,0.833,2,0,,,,,,,0.864,0.316,2.359,0.982,,0.57,,,,Wing,-2.37,,,0.23,-0.44,EuroCup,2016-17,intl
Tony Gaffney,73,65,8,2,4,50.0,53,58.5,-8.5,19,57.9,0.0,10,55.0,58.5,-3.5,0,,0,,,,1.06,0.69,1.628,,,,,,,1.0,36,42,0.306,0.357,1.169,1,1,,,,,,,0.885,0.382,2.048,0.713,,1.13,,,,Wing,0.12,,,1.64,-0.39,EuroCup,2016-17,intl
Evgeny Baburin,73,68,5,2,1,100.0,52,69.2,30.8,12,62.5,-9.5,4,62.5,70.4,-7.9,0,,0,,,,1.157,0.726,1.845,,,,,,,0.625,44,31,0.295,0.387,1.31,0,1,,,,,,,0.904,0.328,2.489,0.944,,1.157,,,,,,,,,,EuroCup,2016-17,intl
Marko Popovic,73,59,14,6,1,150.0,70,54.3,95.7,22,43.2,-18.0,4,0.0,59.0,-59.0,0,,0,,,,1.229,,,,,,,,,0.583,43,39,0.395,0.615,1.557,1,5,,,,,,,0.571,0.238,1.371,1.253,1.2,1.229,,,,Playmaker,0.72,,,-0.08,-1.31,EuroCup,2016-17,intl
Marko Arapovic,72,65,7,5,4,50.0,63,46.0,4.0,21,28.6,-25.8,4,0.0,49.2,-49.2,0,,0,,,,0.995,0.724,1.367,,,,,,,0.35,38,39,0.447,0.513,1.146,1,2,,,,,,,0.333,0.055,2.033,0.956,1.145,0.995,,,,Big,-0.11,,,-1.22,-1.58,EuroCup,2016-17,intl
Jose Angel Antelo,72,57,15,7,1,150.0,79,57.0,93.0,24,62.5,6.2,10,15.0,64.3,-49.3,0,,0,,,,0.985,0.849,1.143,,,,,,,0.536,38,46,0.605,0.457,0.754,2,2,,,,,,,1.234,0.721,2.112,0.952,1.062,1.0,,,,Wing,-0.26,,,-0.32,0.5,EuroCup,2016-17,intl
Robbie Hummel,72,65,7,3,2,0.0,65,66.2,-66.2,24,62.5,-2.6,6,66.7,63.9,2.7,0,,0,,,,0.961,0.702,1.315,,,,,,,0.583,32,43,0.469,0.372,0.794,0,1,,,,,,,1.247,0.675,2.306,1.093,,0.961,,,,Wing,-0.38,,,-0.12,0.54,EuroCup,2016-17,intl
Alex Mumbru,72,57,15,4,2,0.0,58,52.6,-52.6,18,52.8,2.8,9,44.4,52.0,-7.5,0,,0,,,,0.972,0.692,1.365,,,,,,,0.938,33,47,0.485,0.383,0.79,2,2,,,,,,,0.931,0.455,1.905,1.328,1.081,0.941,,,,Wing,-0.33,,,1.37,-0.27,EuroCup,2016-17,intl
Egor Vialtsev,70,63,7,4,1,0.0,55,57.3,-57.3,11,77.3,26.2,9,27.8,61.7,-33.9,0,,0,,,,1.4,,,,,,,,,0.438,46,28,0.348,0.536,1.54,1,2,,,,,,,0.268,0.043,1.678,1.462,1.36,1.4,,,,,,,,,,EuroCup,2016-17,intl
Arturas Gudaitis,69,60,9,3,4,50.0,62,56.5,-6.5,13,53.8,-2.8,8,75.0,53.4,21.6,0,,0,,,,1.026,0.798,1.319,,,,,,,0.75,42,34,0.381,0.382,1.004,1,1,,,,,,,0.609,0.243,1.529,1.047,1.167,0.976,,,,Big,0.1,,,0.72,-0.93,EuroCup,2016-17,intl
Artem Vikhrov,69,61,8,2,2,75.0,49,42.9,32.1,16,50.0,8.6,7,0.0,51.1,-51.1,0,,0,,,,1.089,0.706,1.682,,,,,,,1.0,36,39,0.472,0.333,0.706,1,1,,,,,,,0.35,0.057,2.154,0.866,1.533,0.95,,,,Wing,0.27,,,1.64,-1.76,EuroCup,2016-17,intl
Devin Oliver,69,57,12,5,2,50.0,63,47.6,2.4,16,31.2,-21.8,9,38.9,49.1,-10.2,0,,0,,,,0.929,0.655,1.319,,,,,,,0.6,42,37,0.405,0.514,1.269,2,4,,,,,,,0.852,0.39,1.86,0.907,0.982,0.974,,,,Wing,-0.54,,,-0.05,-0.47,EuroCup,2016-17,intl
Ilya Popov,68,62,6,3,1,0.0,60,45.0,-45.0,9,55.6,13.2,4,50.0,43.9,6.1,0,,0,,,,1.192,,,,,,,,,0.5,40,31,0.5,0.452,0.903,0,1,,,,,,,1.083,0.462,2.54,0.924,1.175,1.192,,,,Wing,0.79,,,-0.47,0.12,EuroCup,2016-17,intl
Dominique Johnson,68,63,5,3,4,137.5,57,52.6,84.9,23,80.4,35.7,2,0.0,60.2,-60.2,0,,0,,,,0.741,0.359,1.531,,,,,,,0.417,26,49,0.538,0.388,0.72,1,1,,,,,,,1.417,0.605,3.319,1.248,,0.882,,,,Playmaker,-1.26,,,-0.79,1.63,EuroCup,2016-17,intl
Arturas Jomantas,67,67,0,0,7,57.1,38,71.1,-13.9,11,72.7,5.1,6,83.3,66.7,16.7,0,,0,,,,,,,,,,,,,,30,37,0.233,0.216,0.927,0,0,,,,,,,,,,,,,,,,Wing,,,,,,EuroCup,2016-17,intl
Mirko Mulalic,66,45,21,6,2,0.0,73,51.4,-51.4,14,35.7,-17.6,19,68.4,43.8,24.7,0,,0,,,,0.784,0.589,1.043,,,,,,,0.875,37,48,0.459,0.604,1.315,1,3,,,,,,,0.719,0.327,1.581,1.116,0.858,0.87,,,,Wing,-1.28,,,1.11,-0.81,EuroCup,2016-17,intl
Ivan Buva,65,61,4,1,1,100.0,60,66.7,33.3,14,60.7,-8.4,9,66.7,67.3,-0.6,0,,0,,,,1.13,,,,,,,,,1.0,33,35,0.303,0.343,1.131,1,0,,,,,,,1.157,0.636,2.106,1.039,,1.13,,,,Wing,0.48,,,1.64,0.31,EuroCup,2016-17,intl
Shawn Jones,65,62,3,2,0,,61,67.2,,14,85.7,24.0,7,57.1,68.5,-11.4,0,,0,,,,1.107,,,,,,,,,0.375,35,32,0.371,0.219,0.589,1,1,,,,,,,,,,1.118,1.103,1.107,,,,Wing,0.36,,,-1.0,,EuroCup,2016-17,intl
Per Guenther,63,58,5,3,0,,44,60.2,,9,55.6,-5.9,7,50.0,62.2,-12.2,0,,0,,,,0.916,0.437,1.919,,,,,,,0.417,38,28,0.316,0.429,1.357,0,2,,,,,,,0.667,0.13,3.408,1.422,,0.916,,,,Playmaker,-0.55,,,-0.79,-0.98,EuroCup,2016-17,intl
David Wear,63,54,9,5,1,150.0,58,52.6,97.4,17,79.4,35.4,6,41.7,55.7,-14.0,0,,0,,,,0.894,0.621,1.286,,,,,,,0.45,33,35,0.515,0.514,0.998,1,1,,,,,,,1.007,0.402,2.521,1.048,0.923,0.894,,,,Big,-0.79,,,-0.73,0.0,EuroCup,2016-17,intl
Stefan Sinovec,63,57,6,2,6,50.0,46,58.7,-8.7,20,50.0,-12.5,7,92.9,52.2,40.6,0,,0,,,,1.056,0.72,1.547,,,,,,,0.75,21,44,0.333,0.386,1.159,0,2,,,,,,,0.333,0.057,1.955,0.833,0.941,1.056,,,,Wing,0.1,,,0.58,-1.8,EuroCup,2016-17,intl
Daniel Clark,63,47,16,5,1,0.0,64,52.3,-52.3,17,55.9,5.9,8,43.8,52.6,-8.9,0,,0,,,,1.191,0.98,1.448,,,,,,,0.8,40,36,0.575,0.389,0.676,4,2,,,,,,,0.779,0.389,1.56,1.283,1.091,1.21,,,,,,,,,,EuroCup,2016-17,intl
Deividas Gailius,62,42,20,8,5,60.0,64,50.0,10.0,23,60.9,15.2,6,41.7,51.6,-9.9,0,,0,,,,0.939,0.763,1.157,,,,,,,0.625,36,42,0.611,0.5,0.818,2,2,,,,,,,0.978,0.496,1.93,0.984,1.018,0.897,,,,,,,,,,EuroCup,2016-17,intl
Axel Hervelle,62,62,0,0,0,,43,65.1,,6,41.7,-27.3,6,41.7,68.9,-27.3,0,,0,,,,,,,,,,,,,,32,30,0.344,0.333,0.97,0,0,,,,,,,,,,0.929,,,,,,Wing,,,,,,EuroCup,2016-17,intl
Oriol Pauli,60,60,0,0,0,,41,64.6,,13,73.1,12.4,2,0.0,67.9,-67.9,0,,0,,,,,,,,,,,,,,34,26,0.294,0.231,0.785,0,0,,,,,,,,,,1.01,,,,,,Wing,,,,,,EuroCup,2016-17,intl
Stanislav Ilnitskiy,60,59,1,1,2,125.0,45,66.7,58.3,10,45.0,-30.7,4,37.5,72.1,-34.6,0,,0,,,,,,,,,,,,,0.25,28,33,0.25,0.333,1.333,0,1,,,,,,,,,,0.882,,,,,,Wing,,,,-1.52,,EuroCup,2016-17,intl
Tim Ohlbrecht,59,52,7,3,3,66.7,51,54.9,11.8,14,50.0,-7.5,5,50.0,56.1,-6.1,0,,0,,,,0.825,0.51,1.335,,,,,,,0.583,33,30,0.364,0.467,1.283,1,1,,,,,,,0.333,0.057,1.955,0.741,0.872,0.867,,,,Big,-1.26,,,-0.09,-1.58,EuroCup,2016-17,intl
Tobias Borg,58,51,7,2,1,0.0,27,53.7,-53.7,5,30.0,-26.5,7,57.1,50.0,7.1,0,,0,,,,0.95,0.384,2.355,,,,,,,0.875,35,25,0.286,0.24,0.84,1,1,,,,,,,1.533,0.607,3.871,2.0,1.096,0.95,,,,Playmaker,-0.41,,,1.16,2.03,EuroCup,2016-17,intl
Xavi Rabaseda,58,54,4,2,0,,47,47.9,,11,45.5,-3.2,2,50.0,47.8,2.2,0,,0,,,,1.317,,,,,,,,,0.5,34,26,0.5,0.385,0.769,0,0,,,,,,,0.569,0.101,3.219,1.185,,1.317,,,,Wing,1.43,,,-0.47,-1.2,EuroCup,2016-17,intl
Ismet Akpinar,58,56,2,2,0,,41,51.2,,10,75.0,31.5,6,25.0,55.7,-30.7,0,,0,,,,1.514,,,,,,,,,0.25,30,30,0.5,0.3,0.6,0,0,,,,,,,2.467,,,1.358,,1.514,,,,Wing,2.43,,,-1.52,3.65,EuroCup,2016-17,intl
Dejan Todorovic,57,46,11,3,0,,53,56.6,,12,50.0,-8.5,12,54.2,57.3,-3.2,0,,0,,,,0.99,0.728,1.348,,,,,,,0.917,33,31,0.455,0.452,0.994,0,2,,,,,,,0.667,0.251,1.771,0.906,0.6,1.024,,,,Wing,-0.23,,,1.29,-0.95,EuroCup,2016-17,intl
Simas Galdikas,57,54,3,3,4,25.0,49,63.3,-38.3,14,64.3,5.3,7,42.9,63.0,-20.2,0,,0,,,,0.75,0.335,1.679,,,,,,,0.25,37,23,0.351,0.348,0.99,1,1,,,,,,,1.6,,,0.977,,0.75,,,,Wing,-1.45,,,-1.52,1.44,EuroCup,2016-17,intl
Mirza Begic,57,44,13,5,2,50.0,50,44.0,6.0,10,70.0,31.9,3,33.3,44.9,-11.6,0,,0,,,,0.891,0.647,1.227,,,,,,,0.65,31,31,0.581,0.355,0.611,3,0,,,,,,,1.056,0.522,2.135,0.853,0.897,0.891,,,,Big,-0.81,,,0.24,0.12,EuroCup,2016-17,intl
Sadiel Rojas,56,53,3,2,6,116.7,43,57.0,59.7,14,82.1,25.0,5,50.0,65.9,-15.9,0,,0,,,,1.205,,,,,,,,,0.375,26,32,0.385,0.438,1.137,0,1,,,,,,,1.275,0.546,2.979,1.273,1.196,1.205,,,,Wing,0.86,,,-1.0,0.61,EuroCup,2016-17,intl
Xavier Thames,56,35,21,6,5,20.0,58,49.1,-29.1,18,50.0,4.4,11,50.0,46.2,3.8,0,,0,,,,0.977,0.756,1.263,,,,,,,0.875,31,44,0.516,0.477,0.925,2,3,,,,,,,0.853,0.431,1.686,0.994,1.073,0.968,,,,Wing,-0.3,,,1.11,-0.47,EuroCup,2016-17,intl
Michael Eric,54,53,1,1,4,100.0,46,67.4,32.6,16,87.5,25.7,4,50.0,71.7,-21.7,0,,0,,,,,,,,,,,,,0.25,23,32,0.348,0.219,0.629,0,0,,,,,,,,,,0.822,,,,,,,,,,,,EuroCup,2016-17,intl
Josh Scott,54,51,3,1,0,,49,63.3,,14,50.0,-18.6,5,40.0,65.9,-25.9,0,,0,,,,1.133,,,,,,,,,0.75,23,32,0.391,0.281,0.719,0,1,,,,,,,0.5,0.1,2.51,0.655,,1.133,,,,Big,0.82,,,0.72,-1.18,EuroCup,2016-17,intl
J.R. Reynolds,54,36,18,5,0,,49,58.2,,11,86.4,36.4,10,60.0,57.7,2.3,0,,0,,,,0.733,0.493,1.09,,,,,,,0.9,33,30,0.485,0.3,0.619,3,1,,,,,,,1.193,0.683,2.085,0.952,0.641,0.8,,,,Wing,-1.54,,,1.21,0.4,EuroCup,2016-17,intl
Alen Omic,54,51,3,2,2,100.0,46,52.2,47.8,12,66.7,16.7,10,60.0,52.6,7.4,0,,0,,,,0.773,0.345,1.733,,,,,,,0.375,31,25,0.484,0.28,0.579,1,0,,,,,,,1.833,,,1.269,,0.773,,,,Big,-1.61,,,-1.09,1.94,EuroCup,2016-17,intl
Da´Sean Butler,53,40,13,4,4,100.0,47,45.7,54.3,15,80.0,42.5,7,42.9,51.1,-8.3,0,,0,,,,0.791,0.541,1.158,,,,,,,0.812,31,29,0.548,0.483,0.88,3,0,,,,,,,1.111,0.482,2.562,0.754,0.985,0.86,,,,,,,,,,EuroCup,2016-17,intl
Dzanan Musa,52,45,7,5,1,0.0,49,38.8,-38.8,9,11.1,-32.8,6,0.0,43.2,-43.2,0,,0,,,,0.989,0.716,1.367,,,,,,,0.35,29,28,0.552,0.571,1.036,1,1,,,,,,,0.867,0.261,2.875,0.936,,0.989,,,,Wing,-0.24,,,-1.1,-0.43,EuroCup,2016-17,intl
Jure Lalic,52,49,3,1,1,100.0,48,71.9,28.1,4,75.0,2.8,7,71.4,72.6,-1.2,0,,0,,,,1.089,,,,,,,,,0.75,26,27,0.269,0.259,0.963,0,0,,,,,,,1.406,,,1.1,,1.089,,,,Big,0.52,,,0.72,0.94,EuroCup,2016-17,intl
Anzejs Pasecniks,52,52,0,0,2,50.0,45,76.7,-26.7,12,62.5,-17.5,9,66.7,77.6,-11.0,0,,0,,,,,,,,,,,,,,27,25,0.111,0.36,3.24,0,0,,,,,,,,,,0.262,,,,,,Big,,,,,,EuroCup,2016-17,intl
Pedro Llompart,52,52,0,1,0,,35,42.9,,9,16.7,-35.3,6,25.0,46.6,-21.6,0,,0,,,,,,,,,,,,,0.0,33,20,0.394,0.55,1.396,0,1,,,,,,,,,,0.969,,,,,,Playmaker,,,,-2.56,,EuroCup,2016-17,intl
Charlon Kloof,51,43,8,2,1,100.0,28,37.5,62.5,7,42.9,4.2,4,25.0,42.0,-17.0,0,,0,,,,1.075,0.501,2.307,,,,,,,1.0,32,25,0.375,0.24,0.64,1,1,,,,,,,0.556,0.095,3.246,1.296,1.53,1.29,,,,Wing,0.2,,,1.64,-1.23,EuroCup,2016-17,intl
Petar Popovic,51,38,13,4,0,,51,47.1,,9,55.6,10.3,10,50.0,46.3,3.7,0,,0,,,,0.632,0.41,0.974,,,,,,,0.812,36,22,0.5,0.5,1.0,3,0,,,,,,,1.156,0.527,2.535,0.75,,0.706,,,,Big,-2.56,,,1.02,0.35,EuroCup,2016-17,intl
Karsten Tadda,51,51,0,1,1,0.0,25,52.0,-52.0,10,35.0,-24.4,5,60.0,47.6,12.4,0,,0,,,,,,,,,,,,,0.0,21,31,0.381,0.258,0.677,0,0,,,,,,,,,,1.173,,,,,,Wing,,,,-2.58,,EuroCup,2016-17,intl
Viacheslav Kravtsov,50,47,3,1,0,,48,81.2,,8,100.0,22.5,2,100.0,80.4,19.6,0,,0,,,,1.068,,,,,,,,,0.75,28,23,0.25,0.087,0.348,1,0,,,,,,,0.793,0.353,1.783,1.071,,1.068,,,,Big,0.38,,,0.72,-0.5,EuroCup,2016-17,intl
Marcos Delia,49,48,1,1,2,50.0,39,56.4,-6.4,8,62.5,8.0,5,20.0,61.1,-41.1,0,,0,,,,1.231,,,,,,,,,0.25,25,25,0.4,0.32,0.8,0,0,,,,,,,1.773,,,1.133,,1.231,,,,Big,1.48,,,-1.7,1.8,EuroCup,2016-17,intl
Blagota Sekulic,48,42,6,2,1,100.0,42,45.2,54.8,9,66.7,25.5,12,33.3,51.6,-18.3,0,,0,,,,0.824,0.459,1.477,,,,,,,0.75,27,26,0.481,0.385,0.799,1,0,,,,,,,1.7,0.861,3.358,0.962,1.244,0.926,,,,Wing,-1.08,,,0.58,1.69,EuroCup,2016-17,intl
Bogdan Radosavljevic,47,43,4,2,0,,42,47.6,,4,50.0,2.6,4,50.0,47.4,2.6,0,,0,,,,0.949,0.528,1.705,,,,,,,0.5,32,21,0.469,0.333,0.711,1,0,,,,,,,0.63,0.123,3.218,1.3,0.622,0.843,,,,Big,-0.42,,,-0.49,-0.88,EuroCup,2016-17,intl
Karlo Zganec,47,42,5,3,0,,37,56.8,,10,60.0,4.4,3,0.0,61.8,-61.8,0,,0,,,,0.813,0.389,1.7,,,,,,,0.417,31,19,0.323,0.316,0.979,1,0,,,,,,,1.148,0.489,2.698,1.047,,0.813,,,,Wing,-1.13,,,-0.82,0.28,EuroCup,2016-17,intl
Bojan Subotic,47,40,7,5,1,100.0,45,43.3,56.7,13,53.8,12.9,5,40.0,45.1,-5.1,0,,0,,,,0.98,0.708,1.355,,,,,,,0.35,23,29,0.565,0.483,0.854,0,2,,,,,,,0.686,0.21,2.237,0.98,0.841,0.98,,,,Wing,-0.28,,,-1.1,-0.9,EuroCup,2016-17,intl
John Shurna,46,40,6,4,1,0.0,46,58.7,-58.7,11,59.1,2.1,8,75.0,53.8,21.2,0,,0,,,,0.877,0.609,1.263,,,,,,,0.375,20,30,0.35,0.6,1.714,0,1,,,,,,,1.2,0.548,2.626,0.976,,0.877,,,,Wing,-0.81,,,-1.0,0.42,EuroCup,2016-17,intl
Boris Savovic,46,33,13,4,3,83.3,57,50.9,32.5,17,58.8,8.8,2,50.0,52.6,-2.6,0,,0,,,,1.1,,,,,,,,,0.812,30,33,0.433,0.667,1.538,1,2,,,,,,,0.721,0.336,1.549,1.045,1.079,1.1,,,,Big,0.6,,,1.02,-0.67,EuroCup,2016-17,intl
Clevin Hannah,45,37,8,3,0,,34,47.1,,6,41.7,-6.5,6,33.3,50.0,-16.7,0,,0,,,,1.11,0.702,1.755,,,,,,,0.667,33,18,0.364,0.389,1.069,2,0,,,,,,,1.515,0.739,3.107,1.432,,0.83,,,,Playmaker,0.24,,,0.27,1.97,EuroCup,2016-17,intl
Carl English,43,32,11,4,0,,47,52.1,,10,75.0,29.1,12,37.5,57.1,-19.6,0,,0,,,,1.003,0.807,1.247,,,,,,,0.688,25,27,0.56,0.481,0.86,2,1,,,,,,,1.74,0.853,3.548,0.986,0.544,0.956,,,,Wing,-0.17,,,0.32,1.8,EuroCup,2016-17,intl
Jonathan Tabu,43,33,10,4,0,,39,30.8,,10,40.0,12.4,6,0.0,36.4,-36.4,0,,0,,,,0.55,0.25,1.209,,,,,,,0.625,26,31,0.462,0.581,1.258,1,3,,,,,,,,,,0.533,0.69,0.786,,,,Playmaker,-2.04,,,0.1,,EuroCup,2016-17,intl
Scottie Wilbekin,288,229,59,16,15,66.7,233,57.1,9.6,67,54.5,-4.4,30,45.0,59.4,-14.4,0,,0,,,,1.061,0.894,1.259,,,,,,,0.922,171,167,0.374,0.431,1.152,5,12,,,,,,,0.963,0.67,1.384,0.988,1.106,1.056,,,,Playmaker,-0.24,,,0.92,-0.24,EuroCup,2017-18,intl
Quino Colom,269,231,38,12,17,44.1,185,46.5,-2.4,65,50.0,5.5,25,22.0,49.7,-27.7,0,,0,,,,1.006,0.774,1.308,,,,,,,0.792,153,158,0.405,0.399,0.984,7,6,,,,,,,0.906,0.522,1.573,1.012,1.304,1.066,,,,,,,,,,EuroCup,2017-18,intl
Sergey Karasev,237,202,35,12,3,0.0,219,53.4,-53.4,48,50.0,-3.4,20,35.0,54.5,-19.5,0,,0,,,,1.132,0.968,1.323,,,,,,,0.729,151,129,0.444,0.434,0.978,8,7,,,,,,,0.884,0.569,1.373,0.908,0.953,1.116,,,,Wing,0.54,,,0.5,-0.34,EuroCup,2017-18,intl
Amedeo Della Valle,234,183,51,16,21,31.0,199,50.8,-19.8,55,47.3,-2.1,27,38.9,50.3,-11.4,0,,0,,,,0.972,0.82,1.152,,,,,,,0.797,136,145,0.426,0.469,1.1,8,11,,,,,,,1.086,0.764,1.543,1.068,0.845,0.927,,,,Wing,-0.37,,,0.81,0.16,EuroCup,2017-18,intl
Mardy Collins,224,161,63,19,19,34.2,204,39.0,-4.8,71,38.7,0.2,40,30.0,40.4,-10.4,0,,0,,,,0.969,0.82,1.145,,,,,,,0.829,135,157,0.519,0.452,0.872,13,11,,,,,,,0.897,0.58,1.387,0.951,1.094,1.023,,,,Playmaker,-0.57,,,0.53,-0.41,EuroCup,2017-18,intl
Jamar Smith,223,172,51,15,17,55.9,199,54.8,1.1,58,54.3,-0.8,30,40.0,57.3,-17.3,0,,0,,,,0.974,0.821,1.156,,,,,,,0.85,130,139,0.462,0.417,0.904,9,6,,,,,,,0.989,0.674,1.452,1.043,0.853,1.024,,,,Wing,-0.36,,,1.05,-0.08,EuroCup,2017-18,intl
Nemanja Gordic,221,165,56,16,17,47.1,174,45.1,1.9,51,53.9,11.8,34,16.2,51.6,-35.4,0,,0,,,,0.982,0.805,1.198,,,,,,,0.875,117,145,0.402,0.476,1.185,5,11,,,,,,,0.923,0.602,1.415,1.124,0.974,1.018,,,,Wing,-0.31,,,1.16,-0.24,EuroCup,2017-18,intl
Reggie Redding,221,200,21,9,12,45.8,154,61.0,-15.2,45,48.9,-15.2,21,45.2,62.1,-16.8,0,,0,,,,1.19,0.948,1.496,,,,,,,0.583,118,120,0.288,0.383,1.33,2,6,,,,,,,0.737,0.409,1.326,0.957,0.997,1.108,,,,Wing,0.87,,,-0.17,-0.7,EuroCup,2017-18,intl
Chris Kramer,219,207,12,4,10,75.0,106,52.8,22.2,42,59.5,7.5,19,60.5,53.6,6.9,0,,0,,,,0.633,0.281,1.424,,,,,,,0.75,85,140,0.306,0.236,0.771,2,1,,,,,,,0.991,0.365,2.687,0.844,,0.537,,,,Wing,-2.3,,,0.59,-0.07,EuroCup,2017-18,intl
Jajuan Johnson,218,172,46,14,21,64.3,213,52.1,12.2,57,62.3,12.0,30,48.3,53.9,-5.6,0,,0,,,,1.024,0.937,1.12,,,,,,,0.821,127,126,0.528,0.381,0.722,8,6,,,,,,,0.792,0.54,1.16,0.985,0.985,1.031,,,,Wing,-0.08,,,0.92,-0.56,EuroCup,2017-18,intl
Diante Garrett,215,179,36,10,8,100.0,181,55.0,45.0,37,78.4,26.7,25,48.0,58.2,-10.2,0,,0,,,,1.139,0.96,1.351,,,,,,,0.9,132,121,0.409,0.347,0.848,7,2,,,,,,,1.276,0.925,1.762,1.03,1.225,1.067,,,,Playmaker,0.05,,,0.83,0.53,EuroCup,2017-18,intl
Gal Mekel,214,194,20,6,17,61.8,123,46.3,15.4,43,53.5,7.6,8,43.8,48.5,-4.7,0,,0,,,,1.299,0.982,1.719,,,,,,,0.833,127,106,0.346,0.321,0.926,5,0,,,,,,,0.718,0.342,1.509,1.149,0.933,1.188,,,,Wing,1.49,,,0.97,-0.74,EuroCup,2017-18,intl
John Roberson,214,185,29,8,33,71.2,125,66.8,4.4,62,77.4,16.0,10,50.0,68.9,-18.9,0,,0,,,,0.97,0.731,1.286,,,,,,,0.906,88,141,0.352,0.34,0.966,4,4,,,,,,,0.677,0.368,1.247,1.101,1.254,0.998,,,,Playmaker,-0.56,,,0.86,-0.95,EuroCup,2017-18,intl
Joe Ragland,207,168,39,11,17,55.9,165,48.8,7.1,60,55.0,8.3,25,28.0,52.9,-24.9,0,,0,,,,0.989,0.795,1.229,,,,,,,0.886,113,131,0.442,0.405,0.914,7,6,,,,,,,1.109,0.729,1.686,0.97,1.13,0.983,,,,Playmaker,-0.49,,,0.77,0.12,EuroCup,2017-18,intl
Julian Wright,200,162,38,11,11,36.4,194,48.7,-12.3,61,47.5,-0.7,22,38.6,49.2,-10.5,0,,0,,,,0.968,0.833,1.124,,,,,,,0.864,112,123,0.455,0.463,1.018,7,6,,,,,,,0.744,0.477,1.161,0.959,0.999,0.946,,,,Wing,-0.39,,,1.11,-0.68,EuroCup,2017-18,intl
Lamar Patterson,199,153,46,17,9,33.3,180,51.9,-18.6,42,38.1,-16.7,26,57.7,50.0,7.7,0,,0,,,,1.137,0.986,1.311,,,,,,,0.676,113,121,0.381,0.488,1.281,7,12,,,,,,,0.94,0.636,1.39,1.297,1.234,1.12,,,,Playmaker,0.04,,,-0.12,-0.3,EuroCup,2017-18,intl
Jared Cunningham,195,149,46,16,16,25.0,182,47.0,-22.0,50,25.0,-27.0,9,27.8,46.0,-18.3,0,,0,,,,0.948,0.8,1.123,,,,,,,0.719,121,116,0.421,0.578,1.37,8,10,,,,,,,1.16,0.79,1.705,1.12,1.098,0.985,,,,Wing,-0.51,,,0.45,0.34,EuroCup,2017-18,intl
Kyle Kuric,193,152,41,13,17,50.0,191,58.4,-8.4,51,48.0,-12.8,20,52.5,58.2,-5.7,0,,0,,,,0.954,0.831,1.095,,,,,,,0.788,112,121,0.509,0.471,0.926,7,6,,,,,,,0.777,0.488,1.238,0.928,0.928,0.943,,,,Wing,-0.47,,,0.77,-0.6,EuroCup,2017-18,intl
Manuchar Markoishvili,192,150,42,14,11,90.9,161,48.1,42.8,36,73.6,28.8,14,42.9,51.6,-8.7,0,,0,,,,1.126,0.955,1.328,,,,,,,0.75,122,103,0.508,0.379,0.745,6,3,,,,,,,1.198,0.796,1.803,1.035,1.179,1.071,,,,Wing,0.51,,,0.59,0.43,EuroCup,2017-18,intl
Devin Booker,191,174,17,6,6,83.3,168,60.1,23.2,32,62.5,1.9,18,61.1,60.9,0.2,0,,0,,,,1.037,0.863,1.247,,,,,,,0.708,110,94,0.336,0.351,1.044,3,2,,,,,,,0.751,0.431,1.308,0.955,1.029,0.973,,,,Wing,-0.0,,,0.4,-0.66,EuroCup,2017-18,intl
Will Cherry,188,145,43,15,16,56.2,142,44.0,12.2,53,41.5,-5.6,21,26.2,48.2,-22.0,0,,0,,,,0.948,0.733,1.227,,,,,,,0.717,107,125,0.346,0.464,1.342,5,9,,,,,,,1.075,0.685,1.686,1.205,0.96,0.999,,,,Playmaker,-0.64,,,0.05,0.03,EuroCup,2017-18,intl
Dmitry Kulagin,183,160,23,7,6,75.0,129,51.2,23.8,38,64.5,17.1,17,47.1,53.0,-5.9,0,,0,,,,1.405,1.151,1.716,,,,,,,0.821,104,102,0.356,0.353,0.992,4,2,,,,,,,1.237,0.82,1.867,0.838,1.387,1.232,,,,Wing,2.09,,,0.92,0.53,EuroCup,2017-18,intl
Aj Slaughter,181,140,41,12,14,53.6,146,45.5,8.0,48,47.9,2.4,25,38.0,47.8,-9.8,0,,0,,,,1.308,1.111,1.539,,,,,,,0.854,106,111,0.415,0.505,1.215,4,8,,,,,,,0.828,0.506,1.354,1.174,1.337,1.25,,,,Wing,1.54,,,1.07,-0.47,EuroCup,2017-18,intl
Will Cummings,181,142,39,11,17,52.9,152,46.1,6.9,49,61.2,20.4,26,44.2,47.2,-3.0,0,,0,,,,1.113,0.946,1.309,,,,,,,0.886,96,119,0.49,0.395,0.807,6,3,,,,,,,1.209,0.813,1.799,1.09,0.945,1.056,,,,Playmaker,-0.05,,,0.77,0.37,EuroCup,2017-18,intl
Howard Sant-Roos,180,148,32,9,7,50.0,116,44.0,6.0,29,55.2,14.2,18,30.6,46.7,-16.1,0,,0,,,,1.183,0.903,1.551,,,,,,,0.889,99,104,0.404,0.346,0.857,4,4,,,,,,,1.185,0.697,2.013,1.156,0.954,1.13,,,,Wing,0.83,,,1.23,0.4,EuroCup,2017-18,intl
Stephane Lasme,180,152,28,8,9,55.6,179,57.3,-1.7,43,44.2,-16.8,17,55.9,57.3,-1.4,0,,0,,,,0.942,0.825,1.077,,,,,,,0.875,103,96,0.388,0.438,1.127,4,5,,,,,,,0.777,0.506,1.191,1.009,1.066,0.971,,,,,,,,,,EuroCup,2017-18,intl
Dominique Sutton,178,148,30,8,11,63.6,152,58.2,5.4,42,53.6,-6.8,21,64.3,57.7,6.5,0,,0,,,,0.93,0.753,1.148,,,,,,,0.938,110,89,0.345,0.382,1.106,3,2,,,,,,,1.153,0.824,1.614,0.888,1.223,0.923,,,,Wing,-0.61,,,1.45,0.32,EuroCup,2017-18,intl
Luke Sikma,178,162,16,4,0,,139,63.7,,31,64.5,1.1,7,21.4,65.9,-44.5,0,,0,,,,0.944,0.669,1.331,,,,,,,1.0,98,94,0.276,0.298,1.081,2,2,,,,,,,0.697,0.36,1.349,1.005,0.796,0.895,,,,Wing,-0.53,,,1.73,-0.79,EuroCup,2017-18,intl
Nikola Ivanovic,176,148,28,7,10,65.0,138,55.8,9.2,47,53.2,-4.7,21,59.5,55.9,3.6,0,,0,,,,0.956,0.727,1.259,,,,,,,1.0,110,97,0.391,0.381,0.976,4,4,,,,,,,0.582,0.293,1.154,1.061,0.997,0.987,,,,Playmaker,-0.61,,,1.25,-1.19,EuroCup,2017-18,intl
Jalen Reynolds,176,150,26,8,4,25.0,167,58.1,-33.1,38,63.2,7.5,23,21.7,62.8,-41.1,0,,0,,,,0.918,0.754,1.117,,,,,,,0.812,99,96,0.364,0.385,1.06,2,4,,,,,,,0.931,0.628,1.381,1.008,1.028,0.964,,,,Wing,-0.68,,,0.88,-0.22,EuroCup,2017-18,intl
Dennis Seeley,175,150,25,10,13,65.4,136,48.5,16.9,49,49.0,-1.5,16,46.9,50.4,-3.5,0,,0,,,,1.234,1.034,1.472,,,,,,,0.625,91,108,0.385,0.463,1.204,2,7,,,,,,,0.973,0.59,1.604,1.131,0.933,1.145,,,,,,,,,,EuroCup,2017-18,intl
Alex Renfroe,168,149,19,6,6,75.0,107,53.7,21.3,25,68.0,16.9,11,54.5,54.9,-0.4,0,,0,,,,0.918,0.614,1.373,,,,,,,0.792,96,84,0.396,0.262,0.662,4,1,,,,,,,0.727,0.324,1.631,1.143,1.143,0.873,,,,Playmaker,-0.75,,,0.37,-0.83,EuroCup,2017-18,intl
Dwight Hardy,168,146,22,8,13,57.7,137,66.1,-8.4,42,65.5,0.2,13,103.8,61.7,42.2,0,,0,,,,1.039,0.838,1.287,,,,,,,0.688,87,98,0.414,0.337,0.814,2,2,,,,,,,1.098,0.734,1.643,1.165,1.034,1.081,,,,Playmaker,-0.31,,,-0.07,0.09,EuroCup,2017-18,intl
Peyton Siva,167,148,19,7,7,71.4,109,54.1,17.3,35,51.4,-5.4,12,20.8,59.1,-38.3,0,,0,,,,1.077,0.775,1.497,,,,,,,0.679,93,89,0.301,0.404,1.343,2,4,,,,,,,1.15,0.665,1.989,1.026,0.597,0.898,,,,Playmaker,-0.18,,,-0.11,0.22,EuroCup,2017-18,intl
Axel Bouteille,167,150,17,8,6,58.3,144,55.6,2.8,41,43.9,-16.2,19,39.5,58.0,-18.5,0,,0,,,,1.21,,,,,,,,,0.531,96,80,0.365,0.475,1.303,2,5,,,,,,,0.846,0.499,1.434,0.924,1.184,1.21,,,,Wing,0.98,,,-0.4,-0.43,EuroCup,2017-18,intl
Trevor Lacey,167,158,9,5,5,60.0,116,65.1,-5.1,26,69.2,5.5,23,73.9,62.8,11.2,0,,0,,,,1.159,0.804,1.672,,,,,,,0.45,92,83,0.359,0.241,0.672,2,0,,,,,,,0.745,0.312,1.779,1.159,0.876,1.223,,,,Wing,0.69,,,-0.77,-0.68,EuroCup,2017-18,intl
Anton Ponkrashov,167,144,23,8,9,22.2,110,41.8,-19.6,40,46.2,8.9,20,30.0,42.4,-12.4,0,,0,,,,1.383,1.098,1.742,,,,,,,0.719,83,99,0.422,0.455,1.078,5,3,,,,,,,0.849,0.415,1.738,1.063,1.267,1.364,,,,Wing,1.97,,,0.45,-0.42,EuroCup,2017-18,intl
Drew Gordon,163,148,15,6,6,50.0,148,58.4,-8.4,25,48.0,-12.1,27,42.6,61.4,-18.8,0,,0,,,,0.911,0.702,1.181,,,,,,,0.625,97,78,0.351,0.397,1.134,2,4,,,,,,,0.972,0.591,1.6,0.902,1.145,0.96,,,,Big,-0.53,,,0.65,-0.05,EuroCup,2017-18,intl
Kyle Gibson,162,95,67,19,13,15.4,192,44.3,-28.9,45,40.0,-3.1,19,18.4,44.9,-26.5,0,,0,,,,1.023,0.894,1.171,,,,,,,0.882,102,134,0.618,0.53,0.858,13,13,,,,,,,0.953,0.624,1.454,1.242,0.997,1.035,,,,Wing,-0.08,,,1.2,-0.17,EuroCup,2017-18,intl
David Lighty,160,137,23,7,15,46.7,106,51.4,-4.7,34,58.8,11.1,17,47.1,51.4,-4.4,0,,0,,,,0.931,0.677,1.279,,,,,,,0.821,86,86,0.453,0.314,0.692,5,2,,,,,,,1.405,0.875,2.256,0.89,0.856,0.922,,,,Wing,-0.6,,,0.92,0.94,EuroCup,2017-18,intl
Jorge Gutierrez,159,127,32,10,9,66.7,124,50.4,16.3,41,59.8,11.9,23,56.5,50.5,6.1,0,,0,,,,1.049,0.82,1.343,,,,,,,0.8,94,91,0.436,0.33,0.756,6,5,,,,,,,1.135,0.722,1.785,1.121,1.135,1.056,,,,Playmaker,-0.28,,,0.4,0.18,EuroCup,2017-18,intl
Demonte Harper,158,127,31,9,8,43.8,135,54.4,-10.7,43,62.8,12.8,14,39.3,55.4,-16.1,0,,0,,,,0.933,0.745,1.169,,,,,,,0.861,77,103,0.494,0.388,0.787,5,2,,,,,,,0.717,0.396,1.299,1.151,1.109,0.921,,,,Wing,-0.59,,,1.1,-0.74,EuroCup,2017-18,intl
Rokas Giedraitis,155,124,31,10,9,61.1,141,55.3,5.8,27,55.6,-0.1,11,54.5,55.8,-1.2,0,,0,,,,1.059,0.904,1.24,,,,,,,0.775,87,89,0.425,0.483,1.136,5,5,,,,,,,1.09,0.74,1.605,0.915,1.182,1.089,,,,Wing,0.12,,,0.71,0.17,EuroCup,2017-18,intl
Danny Gibson,155,129,26,8,3,33.3,108,47.7,-14.4,33,43.9,-4.8,12,25.0,50.0,-25.0,0,,0,,,,1.286,1.022,1.619,,,,,,,0.812,87,78,0.391,0.449,1.148,4,2,,,,,,,0.794,0.412,1.532,1.057,0.958,1.259,,,,Playmaker,0.57,,,0.46,-0.66,EuroCup,2017-18,intl
Scottie Reynolds,154,150,4,1,3,0.0,64,57.8,-57.8,21,64.3,13.2,10,75.0,51.8,23.2,0,,0,,,,1.172,0.432,3.177,,,,,,,1.0,70,87,0.229,0.207,0.905,1,0,,,,,,,1.0,0.245,4.085,0.675,0.577,0.783,,,,Playmaker,0.16,,,1.25,-0.15,EuroCup,2017-18,intl
Kenny Hayes,152,127,25,9,7,64.3,117,46.6,17.7,36,55.6,11.2,20,32.5,50.5,-18.0,0,,0,,,,1.212,0.986,1.49,,,,,,,0.694,82,86,0.415,0.442,1.066,3,4,,,,,,,0.818,0.454,1.474,1.074,1.111,1.203,,,,Playmaker,0.31,,,-0.05,-0.6,EuroCup,2017-18,intl
Braydon Hobbs,149,134,15,6,9,33.3,98,63.8,-30.4,46,53.3,-14.0,8,31.2,63.6,-32.4,0,,0,,,,0.865,0.563,1.327,,,,,,,0.625,62,95,0.355,0.379,1.068,0,4,,,,,,,1.174,0.63,2.188,0.859,0.736,0.763,,,,Playmaker,-0.94,,,-0.34,0.28,EuroCup,2017-18,intl
Marcus Eriksson,148,122,26,9,15,70.0,134,64.2,5.8,41,54.9,-13.6,8,18.8,67.4,-48.6,0,,0,,,,1.128,1.014,1.255,,,,,,,0.722,85,85,0.424,0.459,1.083,4,6,,,,,,,0.789,0.491,1.268,1.108,1.06,1.073,,,,Wing,0.52,,,0.47,-0.57,EuroCup,2017-18,intl
Travis Peterson,147,120,27,8,9,38.9,114,59.6,-20.8,37,64.9,9.6,7,64.3,57.8,6.5,0,,0,,,,0.868,0.637,1.184,,,,,,,0.844,87,81,0.391,0.37,0.948,5,1,,,,,,,1.428,0.983,2.074,1.016,0.333,0.953,,,,Big,-0.75,,,1.57,1.09,EuroCup,2017-18,intl
Sasha Vujacic,145,103,42,13,7,21.4,143,48.3,-26.8,27,25.9,-25.7,14,50.0,46.7,3.3,0,,0,,,,1.182,1.052,1.328,,,,,,,0.808,91,84,0.473,0.607,1.285,9,9,,,,,,,0.819,0.515,1.302,0.985,1.202,1.149,,,,Wing,0.82,,,0.86,-0.5,EuroCup,2017-18,intl
Toto Forray,144,121,23,6,3,83.3,106,46.7,36.6,26,38.5,-12.1,13,30.8,50.0,-19.2,0,,0,,,,1.184,0.922,1.52,,,,,,,0.958,81,75,0.383,0.453,1.185,3,2,,,,,,,0.617,0.282,1.351,1.432,1.286,1.216,,,,Playmaker,0.21,,,1.08,-1.1,EuroCup,2017-18,intl
Trent Lockett,144,125,19,10,6,125.0,111,47.3,77.7,26,59.6,10.7,12,37.5,52.9,-15.4,0,,0,,,,1.001,0.75,1.336,,,,,,,0.475,97,58,0.423,0.397,0.938,5,4,,,,,,,1.195,0.724,1.973,0.987,1.119,1.019,,,,Wing,-0.21,,,-0.66,0.42,EuroCup,2017-18,intl
Roko Ukic,142,122,20,7,7,57.1,98,56.6,0.5,33,57.6,1.3,17,58.8,56.2,2.6,0,,0,,,,1.068,0.78,1.462,,,,,,,0.714,68,86,0.294,0.419,1.423,1,4,,,,,,,0.664,0.32,1.381,1.169,1.138,1.108,,,,Wing,0.18,,,0.43,-0.87,EuroCup,2017-18,intl
Stefan Jovic,141,129,12,5,3,66.7,67,50.7,15.9,16,78.1,34.6,10,80.0,46.7,33.3,0,,0,,,,0.896,0.447,1.794,,,,,,,0.6,81,69,0.247,0.261,1.057,2,1,,,,,,,1.714,1.024,2.869,1.056,,0.685,,,,Playmaker,-0.83,,,-0.45,1.62,EuroCup,2017-18,intl
Jimmy Baron,141,101,40,11,3,50.0,141,42.9,7.1,36,47.2,5.6,13,50.0,42.4,7.6,0,,0,,,,0.852,0.682,1.064,,,,,,,0.909,92,89,0.543,0.483,0.889,9,5,,,,,,,0.988,0.581,1.681,0.983,0.821,0.908,,,,Wing,-1.05,,,1.32,-0.08,EuroCup,2017-18,intl
Adas Juskevicius,140,127,13,5,3,33.3,110,59.5,-26.2,28,44.6,-18.9,12,70.8,57.4,13.4,0,,0,,,,1.039,0.758,1.424,,,,,,,0.65,68,83,0.368,0.446,1.213,1,3,,,,,,,0.836,0.38,1.837,0.907,0.893,0.954,,,,Wing,0.01,,,0.14,-0.45,EuroCup,2017-18,intl
Patrick Miller,140,120,20,6,9,61.1,106,49.1,12.1,47,54.3,7.2,9,61.1,49.1,12.1,0,,0,,,,1.2,0.966,1.491,,,,,,,0.833,69,85,0.406,0.376,0.928,3,4,,,,,,,0.93,0.539,1.606,0.916,0.968,1.249,,,,Playmaker,0.26,,,0.54,-0.33,EuroCup,2017-18,intl
Shavon Shields,139,106,33,10,8,31.2,117,56.8,-25.6,36,48.6,-9.3,16,50.0,56.0,-6.0,0,,0,,,,0.823,0.623,1.086,,,,,,,0.825,77,86,0.325,0.419,1.289,4,5,,,,,,,0.914,0.584,1.431,1.022,1.185,0.926,,,,Wing,-1.22,,,0.94,-0.26,EuroCup,2017-18,intl
Demetris Nichols,138,116,22,9,6,50.0,132,53.0,-3.0,32,67.2,18.6,16,50.0,53.3,-3.3,0,,0,,,,1.044,0.899,1.213,,,,,,,0.611,83,72,0.518,0.458,0.885,5,3,,,,,,,0.594,0.296,1.193,1.056,1.01,1.063,,,,Wing,0.04,,,-0.04,-1.05,EuroCup,2017-18,intl
Ondrej Balvin,137,137,0,0,0,,110,69.1,,19,73.7,5.6,11,63.6,69.7,-6.1,0,,0,,,,,,,,,,,,,,69,68,0.319,0.176,0.553,0,0,,,,,,,,,,1.13,,,,,,Big,,,,,,EuroCup,2017-18,intl
Melvin Ejim,135,97,38,13,9,88.9,129,50.0,38.9,27,51.9,-0.9,9,44.4,53.1,-8.7,0,,0,,,,1.046,0.912,1.198,,,,,,,0.731,94,67,0.489,0.433,0.884,7,1,,,,,,,1.072,0.73,1.574,1.111,0.861,1.019,,,,Wing,0.05,,,0.51,0.12,EuroCup,2017-18,intl
Michael Eric,134,126,8,5,2,50.0,129,57.4,-7.4,22,50.0,-8.7,12,41.7,58.8,-17.2,0,,0,,,,1.068,,,,,,,,,0.4,81,58,0.383,0.431,1.126,2,0,,,,,,,1.054,0.604,1.839,0.977,1.065,1.068,,,,,,,,,,EuroCup,2017-18,intl
Marius Grigonis,134,113,21,8,6,41.7,101,58.9,-17.2,33,56.1,-2.7,17,20.6,65.0,-44.4,0,,0,,,,1.076,0.824,1.405,,,,,,,0.656,82,67,0.366,0.433,1.183,4,3,,,,,,,0.714,0.367,1.39,0.72,0.936,0.93,,,,Wing,0.22,,,0.17,-0.75,EuroCup,2017-18,intl
Danilo Barthel,132,123,9,5,2,0.0,102,62.7,-62.7,20,77.5,19.8,18,55.6,62.8,-7.2,0,,0,,,,1.201,0.932,1.548,,,,,,,0.45,80,57,0.375,0.228,0.608,2,0,,,,,,,1.016,0.58,1.779,1.074,1.327,1.201,,,,Big,0.97,,,-0.09,0.06,EuroCup,2017-18,intl
Chris Babb,131,102,29,13,7,35.7,127,52.8,-17.0,27,63.0,13.9,19,55.3,51.3,4.0,0,,0,,,,0.869,0.699,1.082,,,,,,,0.558,81,75,0.593,0.467,0.788,8,4,,,,,,,0.958,0.549,1.672,0.967,0.866,0.906,,,,Wing,-0.96,,,-0.28,-0.16,EuroCup,2017-18,intl
Charles Kahudi,131,108,23,9,18,36.1,105,51.0,-14.8,41,51.2,3.7,22,52.3,48.0,4.3,0,,0,,,,1.006,0.793,1.276,,,,,,,0.639,72,82,0.486,0.439,0.903,4,3,,,,,,,1.135,0.674,1.911,1.068,0.773,0.972,,,,,,,,,,EuroCup,2017-18,intl
Loukas Mavrokefalidis,130,96,34,11,15,46.7,131,51.1,-4.5,37,55.4,6.3,19,26.3,54.3,-28.0,0,,0,,,,0.908,0.753,1.094,,,,,,,0.773,96,73,0.49,0.425,0.867,7,4,,,,,,,1.436,1.01,2.042,1.053,1.021,0.861,,,,Big,-0.55,,,1.27,1.11,EuroCup,2017-18,intl
Dajuan Summers,130,93,37,12,6,50.0,125,53.6,-3.6,32,60.9,9.9,10,85.0,50.8,34.2,0,,0,,,,0.923,0.763,1.115,,,,,,,0.771,85,68,0.471,0.485,1.031,6,4,,,,,,,0.957,0.6,1.527,1.064,1.117,0.955,,,,Wing,-0.65,,,0.69,-0.16,EuroCup,2017-18,intl
Diego Flaccadori,130,101,29,12,5,40.0,101,31.7,8.3,31,32.3,0.3,17,23.5,33.7,-10.2,0,,0,,,,1.144,0.912,1.436,,,,,,,0.604,70,76,0.486,0.539,1.111,2,5,,,,,,,0.888,0.442,1.784,1.059,1.084,1.098,,,,Wing,0.61,,,-0.07,-0.33,EuroCup,2017-18,intl
Jerome Dyson,128,101,27,7,6,66.7,103,52.4,14.2,26,48.1,-6.7,7,14.3,55.9,-41.6,0,,0,,,,0.848,0.621,1.157,,,,,,,0.964,79,70,0.405,0.414,1.023,3,2,,,,,,,0.882,0.476,1.636,0.863,0.793,0.881,,,,Playmaker,-1.0,,,1.1,-0.44,EuroCup,2017-18,intl
James Bell,128,93,35,11,6,66.7,131,45.8,20.9,26,32.7,-17.3,15,13.3,50.8,-37.5,0,,0,,,,1.056,0.948,1.177,,,,,,,0.795,87,65,0.529,0.6,1.135,6,6,,,,,,,0.908,0.557,1.482,0.879,1.033,1.042,,,,Wing,0.11,,,0.8,-0.28,EuroCup,2017-18,intl
Nigel Williams-Goss,126,102,24,6,7,42.9,95,54.2,-11.4,28,51.8,-2.3,12,70.8,51.1,19.7,0,,0,,,,1.165,0.863,1.574,,,,,,,1.0,75,80,0.32,0.375,1.172,4,2,,,,,,,0.912,0.521,1.594,1.373,1.542,1.147,,,,Playmaker,0.14,,,1.25,-0.37,EuroCup,2017-18,intl
Brian Qvale,125,119,6,4,4,75.0,115,61.7,13.3,24,58.3,-4.8,15,60.0,62.5,-2.5,0,,0,,,,0.91,0.633,1.307,,,,,,,0.375,77,54,0.351,0.333,0.951,2,1,,,,,,,0.948,0.457,1.966,0.965,,0.956,,,,Big,-0.54,,,-0.41,-0.11,EuroCup,2017-18,intl
Milan Macvan,125,104,21,8,5,40.0,109,53.7,-13.7,19,52.6,-0.5,15,36.7,55.6,-18.9,0,,0,,,,0.943,0.73,1.22,,,,,,,0.656,80,61,0.438,0.393,0.899,4,2,,,,,,,1.0,0.586,1.707,0.958,0.936,0.926,,,,Big,-0.36,,,0.78,0.02,EuroCup,2017-18,intl
Marko Simonovic,125,96,29,10,4,37.5,129,51.9,-14.4,35,62.9,15.4,12,33.3,53.3,-20.0,0,,0,,,,0.865,0.712,1.052,,,,,,,0.725,67,80,0.567,0.487,0.86,4,7,,,,,,,0.861,0.492,1.505,0.963,0.923,0.914,,,,Wing,-0.98,,,0.48,-0.39,EuroCup,2017-18,intl
Scotty Hopson,124,105,19,7,2,75.0,112,53.6,21.4,25,56.0,2.6,18,44.4,55.7,-11.3,0,,0,,,,1.146,0.953,1.378,,,,,,,0.679,67,73,0.388,0.438,1.13,2,5,,,,,,,0.75,0.411,1.369,1.11,1.065,1.176,,,,Wing,0.62,,,0.27,-0.66,EuroCup,2017-18,intl
Richard Hendrix,123,112,11,4,10,20.0,97,67.5,-47.5,31,51.6,-16.2,7,64.3,63.0,1.3,0,,0,,,,1.217,,,,,,,,,0.688,62,65,0.306,0.323,1.054,1,2,,,,,,,0.674,0.348,1.309,0.95,1.204,1.217,,,,Big,1.05,,,0.91,-0.79,EuroCup,2017-18,intl
Dzanan Musa,123,103,20,7,6,58.3,114,55.7,2.6,29,46.6,-12.2,14,28.6,59.4,-30.9,0,,0,,,,1.099,0.969,1.248,,,,,,,0.714,61,74,0.41,0.514,1.253,1,4,,,,,,,0.815,0.463,1.432,1.117,1.02,1.113,,,,Wing,0.35,,,0.43,-0.5,EuroCup,2017-18,intl
Evgeny Voronov,122,103,19,8,7,42.9,110,53.6,-10.8,27,42.6,-13.5,10,60.0,52.3,7.7,0,,0,,,,0.953,0.775,1.172,,,,,,,0.594,68,64,0.412,0.5,1.214,2,4,,,,,,,0.796,0.443,1.431,1.008,0.992,0.97,,,,Wing,-0.48,,,-0.12,-0.55,EuroCup,2017-18,intl
Nihad Dedovic,122,105,17,9,2,50.0,114,51.3,-1.3,30,45.0,-8.5,7,42.9,51.8,-9.0,0,,0,,,,1.029,0.851,1.245,,,,,,,0.472,73,60,0.452,0.533,1.18,4,3,,,,,,,0.818,0.425,1.575,1.004,1.16,1.044,,,,,,,,,,EuroCup,2017-18,intl
Ryan Broekhoff,121,108,13,6,5,20.0,108,75.9,-55.9,25,66.0,-9.6,11,45.5,76.5,-31.0,0,,0,,,,0.903,0.664,1.229,,,,,,,0.542,68,64,0.412,0.359,0.873,2,2,,,,,,,0.885,0.464,1.686,1.016,0.927,0.968,,,,Wing,-0.76,,,-0.35,-0.33,EuroCup,2017-18,intl
Beto Gomes,120,96,24,10,6,75.0,106,47.6,27.4,20,82.5,40.7,12,66.7,47.0,19.7,0,,0,,,,0.962,0.768,1.205,,,,,,,0.6,81,53,0.568,0.453,0.797,5,2,,,,,,,1.207,0.698,2.087,0.879,0.904,0.998,,,,,,,,,,EuroCup,2017-18,intl
Alex Mumbru,119,92,27,9,2,50.0,99,52.5,-2.5,28,30.4,-30.6,16,53.1,52.4,0.8,0,,0,,,,1.19,0.948,1.493,,,,,,,0.75,63,77,0.429,0.429,1.0,3,5,,,,,,,0.554,0.268,1.147,1.411,1.096,1.114,,,,Wing,0.87,,,0.59,-1.14,EuroCup,2017-18,intl
Raymar Morgan,119,90,29,8,8,75.0,112,52.2,22.8,25,58.0,5.4,16,40.6,55.8,-15.1,0,,0,,,,0.97,0.824,1.141,,,,,,,0.906,62,75,0.419,0.427,1.017,4,4,,,,,,,0.853,0.543,1.34,1.023,1.059,0.98,,,,Wing,-0.38,,,1.31,-0.41,EuroCup,2017-18,intl
Josh Carter,119,104,15,7,3,100.0,102,47.1,52.9,28,46.4,-2.9,9,44.4,49.0,-4.5,0,,0,,,,1.073,0.862,1.336,,,,,,,0.536,65,62,0.462,0.565,1.223,0,4,,,,,,,0.718,0.306,1.683,1.046,1.224,1.083,,,,Wing,0.2,,,-0.38,-0.74,EuroCup,2017-18,intl
Andrija Stipanovic,118,99,19,8,3,66.7,99,53.5,13.1,17,52.9,-1.2,14,42.9,55.7,-12.8,0,,0,,,,0.947,0.71,1.264,,,,,,,0.594,70,61,0.386,0.328,0.85,6,2,,,,,,,1.179,0.759,1.831,1.005,1.296,0.918,,,,Big,-0.34,,,0.51,0.47,EuroCup,2017-18,intl
James White,116,100,16,8,3,83.3,106,53.8,29.6,13,42.3,-13.9,14,39.3,56.8,-17.6,0,,0,,,,1.116,0.958,1.3,,,,,,,0.5,78,48,0.462,0.417,0.903,5,2,,,,,,,1.042,0.621,1.748,1.045,1.162,1.124,,,,Wing,0.45,,,-0.55,0.05,EuroCup,2017-18,intl
Pierria Henry,115,113,2,1,4,100.0,65,62.3,37.7,18,83.3,25.5,12,33.3,71.1,-37.7,0,,0,,,,1.687,,,,,,,,,0.5,52,64,0.288,0.219,0.758,0,0,,,,,,,1.763,,,0.806,,1.687,,,,Playmaker,2.02,,,-0.87,1.74,EuroCup,2017-18,intl
Frank Elegar,115,113,2,2,6,66.7,97,68.0,-1.4,22,72.7,6.1,10,50.0,69.9,-19.9,0,,0,,,,1.141,,,,,,,,,0.25,68,49,0.221,0.367,1.665,0,2,,,,,,,1.456,,,1.154,,1.141,,,,Big,0.66,,,-0.94,1.16,EuroCup,2017-18,intl
Amine Noua,114,105,9,7,10,45.0,95,51.6,-6.6,26,51.9,1.3,18,50.0,51.1,-1.1,0,,0,,,,1.037,0.813,1.323,,,,,,,0.321,64,57,0.406,0.544,1.339,1,4,,,,,,,0.489,0.145,1.652,0.926,1.16,1.037,,,,Wing,-0.0,,,-1.36,-1.3,EuroCup,2017-18,intl
Stefan Peno,112,103,9,5,2,50.0,69,57.2,-7.2,19,47.4,-13.2,10,85.0,52.5,32.5,0,,0,,,,0.763,0.361,1.613,,,,,,,0.45,67,52,0.224,0.385,1.718,1,1,,,,,,,0.938,0.342,2.569,0.989,,0.94,,,,Playmaker,-1.31,,,-1.08,-0.31,EuroCup,2017-18,intl
Anzejs Pasecniks,110,105,5,2,4,50.0,94,62.8,-12.8,31,72.6,15.1,4,25.0,63.8,-38.8,0,,0,,,,0.913,0.586,1.424,,,,,,,0.625,53,59,0.321,0.356,1.11,0,1,,,,,,,0.39,0.071,2.143,1.046,0.758,0.913,,,,Big,-0.52,,,0.65,-1.5,EuroCup,2017-18,intl
William Howard,108,85,23,12,3,0.0,106,49.1,-49.1,29,46.6,-1.6,16,59.4,45.7,13.7,0,,0,,,,1.056,0.876,1.272,,,,,,,0.479,64,67,0.531,0.522,0.983,3,4,,,,,,,1.212,0.684,2.147,0.87,1.227,1.047,,,,Wing,0.11,,,-0.64,0.47,EuroCup,2017-18,intl
Chris Wright,107,95,12,3,1,0.0,79,53.8,-53.8,23,54.3,1.7,13,38.5,56.0,-17.5,0,,0,,,,1.228,0.854,1.768,,,,,,,1.0,54,68,0.296,0.368,1.241,2,2,,,,,,,1.039,0.553,1.955,1.481,0.385,1.178,,,,Playmaker,0.37,,,1.25,-0.05,EuroCup,2017-18,intl
Mam Jaiteh,107,97,10,4,2,0.0,91,56.0,-56.0,19,57.9,3.8,5,60.0,54.5,5.5,0,,0,,,,0.982,0.71,1.358,,,,,,,0.625,63,50,0.349,0.4,1.145,2,0,,,,,,,0.878,0.428,1.801,0.961,1.222,1.023,,,,,,,,,,EuroCup,2017-18,intl
Darryl Watkins,107,100,7,2,6,16.7,90,63.9,-47.2,23,47.8,-17.2,14,50.0,62.8,-12.8,0,,0,,,,1.163,,,,,,,,,0.875,56,55,0.321,0.364,1.131,0,2,,,,,,,0.447,0.137,1.457,1.034,0.964,1.035,,,,Big,0.77,,,1.7,-1.36,EuroCup,2017-18,intl
Oriol Pauli,106,102,4,4,3,66.7,72,53.5,13.2,18,50.0,-5.3,3,66.7,53.5,13.2,0,,0,,,,1.522,,,,,,,,,0.25,49,61,0.245,0.393,1.607,0,4,,,,,,,0.905,0.332,2.47,1.253,1.486,1.522,,,,Wing,2.76,,,-1.69,-0.28,EuroCup,2017-18,intl
Sammy Mejia,105,96,9,4,5,0.0,80,63.7,-63.7,15,43.3,-20.2,12,29.2,65.1,-35.9,0,,0,,,,1.219,0.939,1.583,,,,,,,0.562,57,58,0.333,0.379,1.138,1,3,,,,,,,1.122,0.631,1.995,0.899,1.342,1.143,,,,,,,,,,EuroCup,2017-18,intl
Deron Washington,105,94,11,4,5,70.0,84,53.6,16.4,19,71.1,21.1,8,0.0,59.9,-59.9,0,,0,,,,0.649,0.376,1.121,,,,,,,0.688,59,52,0.39,0.404,1.036,1,1,,,,,,,0.627,0.198,1.981,0.872,1.262,0.643,,,,Wing,-2.21,,,0.31,-0.96,EuroCup,2017-18,intl
Justin Harper,103,102,1,3,4,137.5,88,75.6,61.9,18,61.1,-21.3,13,57.7,81.6,-24.0,0,,0,,,,1.159,,,,,,,,,0.083,61,45,0.262,0.4,1.525,0,1,,,,,,,,,,0.996,,1.159,,,,Big,0.75,,,-1.64,,EuroCup,2017-18,intl
Antonio Iannuzzi,103,91,12,7,3,66.7,95,49.5,17.2,28,35.7,-20.0,11,36.4,51.7,-15.4,0,,0,,,,1.043,0.865,1.257,,,,,,,0.429,59,51,0.356,0.549,1.542,0,5,,,,,,,0.826,0.42,1.626,1.109,0.939,1.043,,,,Wing,0.03,,,-0.87,-0.48,EuroCup,2017-18,intl
Eulis Baez,101,91,10,4,8,50.0,71,57.0,-7.0,15,36.7,-24.3,6,66.7,55.5,11.2,0,,0,,,,1.241,0.974,1.581,,,,,,,0.625,59,46,0.339,0.435,1.283,1,2,,,,,,,0.407,0.118,1.411,1.291,1.361,1.241,,,,Wing,1.16,,,0.02,-1.5,EuroCup,2017-18,intl
Emir Preldzic,101,87,14,7,3,33.3,55,29.1,4.2,16,31.2,2.7,14,21.4,31.8,-10.4,0,,0,,,,1.184,0.716,1.958,,,,,,,0.5,59,51,0.322,0.49,1.522,1,3,,,,,,,0.438,0.066,2.91,1.587,1.963,1.165,,,,Wing,0.84,,,-0.55,-1.43,EuroCup,2017-18,intl
Dru Joyce,101,86,15,5,1,0.0,75,57.3,-57.3,10,35.0,-24.8,4,62.5,56.2,6.2,0,,0,,,,0.989,0.671,1.455,,,,,,,0.75,56,54,0.393,0.352,0.896,2,4,,,,,,,0.544,0.205,1.441,1.152,1.354,1.071,,,,Playmaker,-0.49,,,0.19,-1.28,EuroCup,2017-18,intl
Baris Ermis,101,99,2,2,2,50.0,40,52.5,-2.5,13,34.6,-25.7,6,16.7,58.3,-41.7,0,,0,,,,1.269,0.311,5.185,,,,,,,0.25,61,42,0.213,0.262,1.229,1,0,,,,,,,2.294,,,1.034,,1.269,,,,Playmaker,0.51,,,-1.93,3.06,EuroCup,2017-18,intl
Brian Conklin,101,84,17,8,0,,95,45.8,,17,41.2,-5.6,9,44.4,45.9,-1.5,0,,0,,,,0.88,0.667,1.16,,,,,,,0.531,53,57,0.509,0.439,0.861,3,1,,,,,,,1.123,0.643,1.961,0.902,0.958,0.895,,,,Wing,-0.89,,,-0.4,0.25,EuroCup,2017-18,intl
Boris Diaw,100,94,6,2,6,83.3,55,61.8,21.5,14,75.0,14.4,8,43.8,67.0,-23.2,0,,0,,,,0.275,0.046,1.657,,,,,,,0.75,57,46,0.246,0.239,0.974,1,0,,,,,,,1.676,,,0.713,,0.471,,,,Wing,-4.34,,,0.59,1.6,EuroCup,2017-18,intl
Trey Lewis,100,82,18,7,6,41.7,77,52.6,-10.9,21,52.4,0.8,12,41.7,53.5,-11.9,0,,0,,,,1.039,0.754,1.431,,,,,,,0.643,63,53,0.349,0.491,1.405,3,4,,,,,,,1.18,0.663,2.103,1.313,1.086,0.9,,,,Wing,0.01,,,0.11,0.39,EuroCup,2017-18,intl
Spencer Butterfield,99,79,20,8,4,37.5,98,62.8,-25.3,24,52.1,-12.7,13,53.8,62.9,-9.1,0,,0,,,,1.002,0.815,1.232,,,,,,,0.625,50,67,0.5,0.403,0.806,3,4,,,,,,,0.985,0.597,1.625,1.091,0.946,1.038,,,,Wing,-0.2,,,0.02,-0.09,EuroCup,2017-18,intl
Maik Zirbes,99,97,2,2,1,100.0,85,54.1,45.9,17,64.7,12.5,9,11.1,59.7,-48.6,0,,0,,,,1.183,,,,,,,,,0.25,56,45,0.321,0.467,1.452,0,0,,,,,,,0.891,0.22,3.611,1.0,,1.183,,,,Big,0.88,,,-0.94,-0.25,EuroCup,2017-18,intl
Dennis Clifford,99,90,9,6,4,25.0,92,58.7,-33.7,17,41.2,-19.6,11,45.5,58.8,-13.4,0,,0,,,,0.843,0.592,1.202,,,,,,,0.375,60,45,0.283,0.533,1.882,1,3,,,,,,,0.697,0.292,1.668,1.051,0.725,0.843,,,,Big,-0.88,,,-0.41,-0.74,EuroCup,2017-18,intl
Stanton Kidd,98,83,15,7,3,83.3,91,53.3,30.0,23,60.9,8.8,10,35.0,56.5,-21.5,0,,0,,,,0.885,0.681,1.151,,,,,,,0.536,58,47,0.5,0.447,0.894,4,3,,,,,,,1.389,0.873,2.21,1.068,0.551,0.885,,,,Wing,-0.87,,,-0.38,0.9,EuroCup,2017-18,intl
Pedro Llompart,96,87,9,4,3,83.3,48,28.1,55.2,11,50.0,23.8,4,0.0,34.0,-34.0,0,,0,,,,1.415,0.847,2.362,,,,,,,0.562,54,48,0.389,0.333,0.857,1,0,,,,,,,1.242,0.36,4.291,1.35,2.085,1.144,,,,Playmaker,1.04,,,-0.61,0.45,EuroCup,2017-18,intl
Zanis Peiners,96,83,13,6,5,80.0,71,60.6,19.4,19,52.6,-12.3,9,61.1,61.9,-0.8,0,,0,,,,0.745,0.443,1.254,,,,,,,0.542,43,63,0.326,0.302,0.926,2,3,,,,,,,0.952,0.485,1.869,1.02,0.338,0.798,,,,Wing,-1.66,,,-0.35,-0.17,EuroCup,2017-18,intl
Dejan Todorovic,95,79,16,7,5,30.0,85,57.1,-27.1,24,25.0,-41.7,21,45.2,58.7,-13.5,0,,0,,,,1.176,0.993,1.391,,,,,,,0.571,58,49,0.379,0.531,1.399,2,3,,,,,,,0.865,0.481,1.555,0.992,1.042,1.184,,,,Wing,0.79,,,-0.22,-0.38,EuroCup,2017-18,intl
Kyle Landry,94,89,5,5,8,87.5,81,51.2,36.3,21,47.6,-9.0,3,33.3,55.2,-21.9,0,,0,,,,1.127,,,,,,,,,0.25,50,49,0.52,0.449,0.863,3,1,,,,,,,0.832,0.277,2.492,0.901,1.116,1.127,,,,Big,0.59,,,-0.94,-0.4,EuroCup,2017-18,intl
Pavel Antipov,94,82,12,5,0,,89,55.6,,14,67.9,14.5,8,81.2,53.1,28.2,0,,0,,,,0.936,0.719,1.219,,,,,,,0.6,52,50,0.462,0.54,1.17,2,2,,,,,,,0.913,0.409,2.035,0.994,1.157,0.964,,,,Wing,-0.58,,,-0.09,-0.27,EuroCup,2017-18,intl
Jordan Taylor,93,88,5,5,2,0.0,65,50.0,-50.0,18,25.0,-32.1,7,42.9,49.2,-6.3,0,,0,,,,0.895,0.431,1.858,,,,,,,0.25,52,46,0.327,0.478,1.463,0,3,,,,,,,,,,0.87,,0.895,,,,Playmaker,-0.83,,,-1.93,,EuroCup,2017-18,intl
Giuseppe Poeta,92,82,10,5,1,0.0,67,31.3,-31.3,33,25.8,-10.0,10,30.0,31.0,-1.0,0,,0,,,,1.025,0.666,1.578,,,,,,,0.5,44,53,0.409,0.566,1.384,1,3,,,,,,,0.889,0.259,3.046,1.103,1.446,1.025,,,,Playmaker,-0.37,,,-0.87,-0.43,EuroCup,2017-18,intl
Ksistof Lavrinovic,91,67,24,8,8,56.2,87,54.0,2.2,21,61.9,9.9,7,28.6,56.2,-27.7,0,,0,,,,0.931,0.764,1.133,,,,,,,0.75,58,49,0.517,0.408,0.789,4,2,,,,,,,1.0,0.603,1.659,0.977,1.0,0.976,,,,,,,,,,EuroCup,2017-18,intl
Demarcus Nelson,91,79,12,4,4,50.0,64,39.1,10.9,20,42.5,4.0,12,25.0,42.9,-17.9,0,,0,,,,0.994,0.647,1.526,,,,,,,0.75,44,56,0.5,0.357,0.714,2,1,,,,,,,0.602,0.174,2.085,0.863,0.989,1.025,,,,Wing,-0.25,,,0.59,-1.03,EuroCup,2017-18,intl
Andrew Albicy,91,73,18,6,1,0.0,62,45.2,-45.2,22,29.5,-22.9,6,25.0,46.5,-21.5,0,,0,,,,1.521,1.134,2.039,,,,,,,0.75,53,50,0.302,0.52,1.723,2,4,,,,,,,0.889,0.392,2.018,1.658,1.435,1.365,,,,Playmaker,1.42,,,0.19,-0.43,EuroCup,2017-18,intl
Klemen Prepelic,91,65,26,7,3,33.3,93,52.7,-19.4,17,32.4,-24.0,10,15.0,56.4,-41.4,0,,0,,,,0.955,0.77,1.183,,,,,,,0.929,61,50,0.475,0.56,1.178,6,5,,,,,,,0.582,0.281,1.205,0.976,0.929,1.003,,,,Wing,-0.47,,,1.41,-1.07,EuroCup,2017-18,intl
Kevin Murphy,90,70,20,6,8,81.2,74,61.5,19.8,13,80.8,20.6,12,62.5,63.6,-1.1,0,,0,,,,1.044,0.842,1.295,,,,,,,0.833,62,36,0.419,0.472,1.126,4,1,,,,,,,0.629,0.317,1.245,1.067,0.898,1.061,,,,Wing,0.04,,,0.97,-0.96,EuroCup,2017-18,intl
Lorenzo Williams,89,77,12,4,4,50.0,45,30.0,20.0,11,45.5,17.8,5,40.0,30.7,9.3,0,,0,,,,1.51,0.941,2.421,,,,,,,0.75,54,47,0.407,0.298,0.731,2,0,,,,,,,0.944,0.251,3.552,1.354,1.075,1.352,,,,Playmaker,1.38,,,0.19,-0.29,EuroCup,2017-18,intl
Joshiko Saibou,86,75,11,5,2,50.0,69,50.0,0.0,25,64.0,21.6,7,85.7,46.1,39.6,0,,0,,,,0.992,0.674,1.46,,,,,,,0.55,45,49,0.444,0.429,0.964,2,0,,,,,,,0.825,0.322,2.113,1.19,1.129,1.06,,,,Playmaker,-0.48,,,-0.66,-0.59,EuroCup,2017-18,intl
Filip Kruslin,86,80,6,4,3,100.0,68,61.8,38.2,16,53.1,-13.2,12,54.2,65.3,-11.1,0,,0,,,,1.075,0.738,1.567,,,,,,,0.375,49,42,0.367,0.476,1.296,2,1,,,,,,,0.8,0.266,2.408,0.661,,1.106,,,,Wing,0.22,,,-1.12,-0.54,EuroCup,2017-18,intl
Goksenin Koksal,85,75,10,4,3,66.7,75,57.3,9.3,22,47.7,-13.9,8,37.5,60.0,-22.5,0,,0,,,,0.784,0.518,1.185,,,,,,,0.625,50,39,0.44,0.538,1.224,1,3,,,,,,,0.58,0.175,1.919,0.815,0.553,0.784,,,,Wing,-1.44,,,0.02,-1.08,EuroCup,2017-18,intl
Austin Daye,84,69,15,6,4,62.5,77,51.9,10.6,22,50.0,-3.4,7,71.4,50.7,20.8,0,,0,,,,1.211,,,,,,,,,0.625,51,42,0.392,0.595,1.518,2,5,,,,,,,0.655,0.306,1.401,1.118,1.162,1.214,,,,Big,1.02,,,0.65,-0.84,EuroCup,2017-18,intl
Martynas Echodas,84,75,9,6,0,,82,62.2,,10,50.0,-13.9,3,33.3,63.3,-30.0,0,,0,,,,0.845,0.592,1.206,,,,,,,0.375,55,36,0.4,0.25,0.625,1,1,,,,,,,1.12,0.679,1.849,1.115,0.269,0.761,,,,Big,-0.87,,,-0.41,0.32,EuroCup,2017-18,intl
Louis Campbell,83,69,14,6,3,33.3,61,44.3,-10.9,17,50.0,8.5,7,57.1,42.1,15.0,0,,0,,,,1.205,0.872,1.665,,,,,,,0.583,54,37,0.389,0.541,1.39,2,4,,,,,,,0.682,0.244,1.908,0.964,1.443,1.246,,,,Wing,0.96,,,-0.17,-0.83,EuroCup,2017-18,intl
Da Sean Butler,83,77,6,4,6,58.3,68,64.7,-6.4,17,44.1,-26.1,9,33.3,68.5,-35.1,0,,0,,,,0.987,0.682,1.43,,,,,,,0.375,53,34,0.377,0.441,1.169,1,2,,,,,,,1.486,0.908,2.432,0.941,,0.987,,,,,,,,,,EuroCup,2017-18,intl
Dmitry Khvostov,82,80,2,1,1,0.0,46,51.1,-51.1,15,60.0,14.7,4,37.5,51.2,-13.7,0,,0,,,,0.889,0.219,3.602,,,,,,,0.5,41,42,0.317,0.405,1.277,0,0,,,,,,,,,,1.404,,0.889,,,,,,,,,,EuroCup,2017-18,intl
Jaime Fernandez,82,69,13,4,4,62.5,58,56.9,5.6,14,71.4,18.3,3,66.7,56.8,9.9,0,,0,,,,1.179,0.836,1.664,,,,,,,0.812,52,39,0.404,0.231,0.571,4,0,,,,,,,1.37,0.834,2.25,0.74,1.112,1.194,,,,Playmaker,0.19,,,0.46,0.77,EuroCup,2017-18,intl
Garrett Nevels,82,61,21,7,3,100.0,77,47.4,52.6,27,68.5,28.9,11,45.5,50.0,-4.5,0,,0,,,,1.005,0.82,1.232,,,,,,,0.75,47,45,0.574,0.422,0.735,6,0,,,,,,,0.963,0.532,1.744,1.2,0.951,1.01,,,,Playmaker,-0.44,,,0.19,-0.24,EuroCup,2017-18,intl
Kenny Kadji,82,62,20,6,6,50.0,87,53.4,-3.4,27,48.1,-7.2,14,21.4,58.9,-37.4,0,,0,,,,0.925,0.758,1.127,,,,,,,0.833,52,50,0.423,0.52,1.229,2,2,,,,,,,0.894,0.51,1.567,0.96,0.942,0.927,,,,Big,-0.46,,,1.52,-0.24,EuroCup,2017-18,intl
Ryan Thompson,81,77,4,1,2,75.0,60,61.7,13.3,10,70.0,9.4,5,70.0,61.4,8.6,0,,0,,,,1.375,,,,,,,,,1.0,44,39,0.295,0.308,1.041,0,1,,,,,,,1.697,,,1.166,,1.375,,,,Wing,1.92,,,1.73,1.65,EuroCup,2017-18,intl
Ben Madgen,81,64,17,8,1,100.0,77,47.4,52.6,18,58.3,13.3,9,11.1,52.9,-41.8,0,,0,,,,1.046,0.854,1.281,,,,,,,0.531,58,33,0.552,0.424,0.769,5,2,,,,,,,0.864,0.436,1.711,0.976,1.021,0.998,,,,Wing,0.05,,,-0.4,-0.39,EuroCup,2017-18,intl
Anton Gavel,80,78,2,1,0,,43,52.3,,8,37.5,-18.2,2,75.0,51.2,23.8,0,,0,,,,1.95,,,,,,,,,0.5,45,36,0.244,0.361,1.477,0,0,,,,,,,2.353,,,1.429,,1.95,,,,Playmaker,2.96,,,-0.87,3.21,EuroCup,2017-18,intl
Niels Giffey,80,64,16,7,2,50.0,69,53.6,-3.6,24,58.3,7.3,7,28.6,56.2,-27.7,0,,0,,,,1.02,0.782,1.33,,,,,,,0.571,41,46,0.415,0.478,1.153,1,2,,,,,,,1.098,0.618,1.954,1.102,0.818,1.02,,,,Wing,-0.1,,,-0.22,0.19,EuroCup,2017-18,intl
Vanja Marinkovic,79,65,14,4,1,0.0,73,60.3,-60.3,18,72.2,16.9,10,65.0,58.6,6.4,0,,0,,,,1.013,0.799,1.285,,,,,,,0.875,39,48,0.41,0.458,1.117,2,2,,,,,,,0.948,0.511,1.76,1.233,1.015,0.976,,,,Wing,-0.14,,,1.16,-0.18,EuroCup,2017-18,intl
Pablo Aguilar,79,69,10,4,4,25.0,70,55.7,-30.7,17,32.4,-28.2,4,0.0,57.1,-57.1,0,,0,,,,0.92,0.666,1.271,,,,,,,0.625,46,40,0.5,0.45,0.9,3,1,,,,,,,1.034,0.493,2.17,0.762,1.182,0.958,,,,Wing,-0.67,,,0.02,0.03,EuroCup,2017-18,intl
Jaka Blazic,78,61,17,7,1,0.0,82,54.9,-54.9,16,56.2,2.5,11,54.5,54.2,0.4,0,,0,,,,1.083,0.929,1.263,,,,,,,0.607,49,44,0.449,0.477,1.063,4,3,,,,,,,0.883,0.513,1.521,1.044,0.982,1.054,,,,Wing,0.26,,,-0.06,-0.34,EuroCup,2017-18,intl
Okben Ulubay,78,69,9,3,1,150.0,58,41.4,108.6,15,70.0,35.9,13,19.2,50.0,-30.8,0,,0,,,,0.92,0.567,1.493,,,,,,,0.75,44,37,0.523,0.405,0.776,1,1,,,,,,,1.389,0.575,3.353,0.887,0.917,0.92,,,,Wing,-0.67,,,0.59,0.9,EuroCup,2017-18,intl
Xavier Rabaseda,78,71,7,3,3,50.0,58,44.0,6.0,15,56.7,16.4,6,25.0,46.4,-21.4,0,,0,,,,1.392,,,,,,,,,0.583,44,37,0.455,0.568,1.249,1,1,,,,,,,0.857,0.25,2.944,1.026,1.357,1.392,,,,,,,,,,EuroCup,2017-18,intl
Ojars Silins,77,64,13,5,2,50.0,75,50.0,0.0,15,46.7,-4.1,10,50.0,50.0,0.0,0,,0,,,,1.143,,,,,,,,,0.65,43,43,0.535,0.535,1.0,4,2,,,,,,,0.897,0.423,1.902,1.118,1.13,1.143,,,,Wing,0.6,,,0.14,-0.3,EuroCup,2017-18,intl
Danilo Nikolic,77,72,5,6,2,150.0,77,51.9,98.1,21,69.0,19.9,7,64.3,53.5,10.8,0,,0,,,,0.835,0.537,1.297,,,,,,,0.208,44,39,0.568,0.538,0.948,0,2,,,,,,,1.113,0.404,3.068,0.877,1.052,0.835,,,,Wing,-1.15,,,-1.88,0.22,EuroCup,2017-18,intl
Gavin Ware,76,71,5,3,3,33.3,69,63.8,-30.4,17,52.9,-12.5,5,40.0,64.2,-24.2,0,,0,,,,1.109,,,,,,,,,0.417,37,42,0.351,0.333,0.949,1,1,,,,,,,1.6,,,1.14,,1.109,,,,Big,0.49,,,-0.23,1.52,EuroCup,2017-18,intl
David Walker,75,57,18,7,0,,66,43.2,,16,50.0,9.0,3,50.0,42.9,7.1,0,,0,,,,1.008,0.758,1.339,,,,,,,0.643,37,49,0.459,0.51,1.11,1,3,,,,,,,1.257,0.605,2.612,1.294,0.507,0.898,,,,Wing,-0.17,,,0.11,0.58,EuroCup,2017-18,intl
Leonardo Candi,74,71,3,2,1,0.0,52,44.2,-44.2,14,39.3,-5.6,12,54.2,40.2,13.9,0,,0,,,,1.479,,,,,,,,,0.375,38,38,0.526,0.368,0.7,1,1,,,,,,,3.0,,,0.848,1.451,1.479,,,,Wing,2.51,,,-1.12,4.84,EuroCup,2017-18,intl
Lucio Redivo,74,61,13,7,2,0.0,69,52.2,-52.2,24,45.8,-7.4,11,31.8,54.2,-22.3,0,,0,,,,1.053,0.81,1.37,,,,,,,0.464,39,46,0.462,0.5,1.083,2,3,,,,,,,1.273,0.679,2.387,1.055,0.898,1.089,,,,Playmaker,-0.26,,,-1.02,0.53,EuroCup,2017-18,intl
Chane Behanan,72,72,0,0,1,0.0,54,62.0,-62.0,12,58.3,-3.3,5,40.0,63.0,-23.0,0,,0,,,,,,,,,,,,,,35,37,0.229,0.378,1.655,0,0,,,,,,,,,,0.843,,,,,,Wing,,,,,,EuroCup,2017-18,intl
Tony Crocker,71,59,12,4,5,0.0,62,66.1,-66.1,22,47.7,-20.1,6,83.3,59.0,24.3,0,,0,,,,1.18,,,,,,,,,0.75,34,42,0.412,0.5,1.214,1,3,,,,,,,0.772,0.377,1.58,1.242,1.153,1.18,,,,Wing,0.81,,,0.59,-0.61,EuroCup,2017-18,intl
Akeem Vargas,71,64,7,3,2,125.0,52,47.1,77.9,14,57.1,9.6,13,57.7,47.6,10.1,0,,0,,,,1.247,0.883,1.76,,,,,,,0.583,38,37,0.5,0.378,0.757,1,0,,,,,,,1.725,0.876,3.397,0.835,,1.273,,,,Wing,1.19,,,-0.17,1.72,EuroCup,2017-18,intl
Isaac Fotu,69,61,8,5,0,,67,62.7,,17,61.8,-1.2,7,57.1,63.3,-6.2,0,,0,,,,1.13,,,,,,,,,0.4,29,45,0.31,0.378,1.217,0,4,,,,,,,1.157,0.741,1.807,1.049,1.111,1.13,,,,Wing,0.53,,,-1.0,0.33,EuroCup,2017-18,intl
Josh Owens,69,63,6,2,1,100.0,58,65.5,34.5,8,100.0,39.2,5,60.0,66.7,-6.7,0,,0,,,,1.01,0.694,1.47,,,,,,,0.75,44,27,0.318,0.222,0.698,2,0,,,,,,,0.891,0.425,1.869,1.106,1.211,1.01,,,,Wing,-0.15,,,0.59,-0.32,EuroCup,2017-18,intl
Toure Murry,68,61,7,3,1,0.0,56,48.2,-48.2,16,21.9,-35.4,8,37.5,49.0,-11.5,0,,0,,,,1.137,0.813,1.588,,,,,,,0.583,33,40,0.364,0.55,1.513,1,3,,,,,,,,,,1.267,1.32,1.179,,,,Wing,0.57,,,-0.17,,EuroCup,2017-18,intl
Yannick Franke,67,53,14,5,4,87.5,62,54.0,33.5,23,73.9,27.4,4,75.0,54.8,20.2,0,,0,,,,0.946,0.751,1.192,,,,,,,0.7,31,43,0.581,0.349,0.601,2,2,,,,,,,1.391,0.846,2.287,1.069,0.788,0.897,,,,Wing,-0.52,,,0.37,0.9,EuroCup,2017-18,intl
Gary Talton,67,59,8,5,3,100.0,55,39.1,60.9,16,50.0,10.7,6,16.7,45.2,-28.5,0,,0,,,,0.838,0.48,1.463,,,,,,,0.4,39,40,0.487,0.425,0.872,2,2,,,,,,,0.489,0.082,2.924,1.04,0.663,0.782,,,,Playmaker,-1.04,,,-1.3,-1.42,EuroCup,2017-18,intl
Andre Jones,65,59,6,6,0,,61,37.7,,24,27.1,-17.5,7,14.3,40.7,-26.5,0,,0,,,,1.204,,,,,,,,,0.25,40,31,0.475,0.71,1.494,2,1,,,,,,,0.43,0.069,2.662,1.129,1.175,1.204,,,,Playmaker,0.28,,,-1.93,-1.57,EuroCup,2017-18,intl
David Jelinek,64,59,5,3,5,20.0,53,46.2,-26.2,13,46.2,2.8,8,50.0,43.0,7.0,0,,0,,,,0.77,0.371,1.594,,,,,,,0.417,39,34,0.538,0.471,0.874,1,1,,,,,,,0.807,0.157,4.148,1.246,0.633,0.916,,,,Wing,-1.52,,,-0.92,-0.52,EuroCup,2017-18,intl
Petar Popovic,64,59,5,3,1,100.0,53,49.1,50.9,19,57.9,12.2,10,55.0,48.9,6.1,0,,0,,,,1.283,,,,,,,,,0.417,33,34,0.394,0.471,1.195,1,1,,,,,,,0.8,0.263,2.432,0.829,1.26,1.283,,,,Big,1.39,,,-0.23,-0.48,EuroCup,2017-18,intl
Zoran Nikolic,64,63,1,1,1,100.0,46,63.0,37.0,2,100.0,37.8,3,66.7,63.6,3.0,0,,0,,,,1.4,,,,,,,,,0.25,43,22,0.256,0.273,1.066,0,0,,,,,,,1.552,,,1.137,,1.4,,,,Big,2.0,,,-0.94,1.4,EuroCup,2017-18,intl
Ricardo Fischer,64,58,6,3,0,,46,51.1,,9,38.9,-15.2,7,57.1,50.0,7.1,0,,0,,,,1.306,0.87,1.962,,,,,,,0.5,38,30,0.368,0.367,0.995,1,0,,,,,,,1.233,0.561,2.714,0.749,1.5,1.344,,,,Playmaker,0.65,,,-0.87,0.43,EuroCup,2017-18,intl
Ismet Akpinar,64,53,11,3,0,,53,41.5,,15,36.7,-6.8,3,83.3,39.0,44.3,0,,0,,,,0.688,0.394,1.201,,,,,,,0.917,28,44,0.5,0.455,0.909,1,3,,,,,,,0.824,0.251,2.706,1.133,0.12,0.721,,,,Wing,-1.99,,,1.36,-0.48,EuroCup,2017-18,intl
Darjus Lavrinovic,63,55,8,4,0,,61,50.0,,18,52.8,3.9,9,44.4,51.0,-6.5,0,,0,,,,0.842,0.558,1.269,,,,,,,0.5,30,41,0.6,0.366,0.61,2,1,,,,,,,0.653,0.204,2.093,0.952,0.57,0.748,,,,,,,,,,EuroCup,2017-18,intl
Stratos Perperoglou,62,55,7,4,1,150.0,57,57.0,93.0,19,57.9,-1.1,4,0.0,63.0,-63.0,0,,0,,,,1.048,0.755,1.453,,,,,,,0.438,29,40,0.414,0.45,1.088,0,0,,,,,,,1.364,0.719,2.586,1.172,,1.086,,,,Wing,0.06,,,-0.83,0.84,EuroCup,2017-18,intl
Malcolm Griffin,62,56,6,2,1,0.0,46,52.2,-52.2,14,46.4,-6.6,8,43.8,52.6,-8.8,0,,0,,,,1.333,0.884,2.012,,,,,,,0.75,33,36,0.364,0.361,0.993,1,2,,,,,,,1.167,0.532,2.557,1.005,1.5,1.4,,,,Playmaker,0.74,,,0.19,0.26,EuroCup,2017-18,intl
Alpha Kaba,60,58,2,2,3,33.3,51,62.7,-29.4,15,73.3,16.9,4,50.0,62.0,-12.0,0,,0,,,,0.569,0.142,2.281,,,,,,,0.25,33,29,0.364,0.31,0.853,1,0,,,,,,,,,,0.553,,0.569,,,,Big,-2.3,,,-0.94,,EuroCup,2017-18,intl
Alen Omic,60,52,8,4,2,50.0,58,51.7,-1.7,13,69.2,22.4,13,30.8,57.4,-26.7,0,,0,,,,1.083,,,,,,,,,0.5,41,23,0.512,0.348,0.679,2,0,,,,,,,0.96,0.456,2.021,1.062,1.071,1.083,,,,Big,0.36,,,0.12,-0.08,EuroCup,2017-18,intl
Vladimir Lucic,59,55,4,4,7,42.9,51,67.6,-24.8,22,59.1,-9.0,9,11.1,74.5,-63.4,0,,0,,,,1.146,,,,,,,,,0.25,33,32,0.303,0.469,1.547,1,2,,,,,,,0.8,0.293,2.184,1.184,1.135,1.146,,,,Wing,0.62,,,-1.69,-0.54,EuroCup,2017-18,intl
Sylvain Francisco,59,59,0,0,0,,44,72.7,,16,71.9,-1.3,6,41.7,77.6,-36.0,0,,0,,,,,,,,,,,,,,25,34,0.2,0.382,1.912,0,0,,,,,,,,,,1.167,,,,,,Playmaker,,,,,,EuroCup,2017-18,intl
Nicolas Laprovittola,59,51,8,2,2,50.0,38,53.9,-3.9,13,69.2,22.9,4,25.0,56.9,-31.9,0,,0,,,,1.028,0.576,1.837,,,,,,,1.0,26,38,0.385,0.316,0.821,1,1,,,,,,,1.329,0.589,2.999,1.408,0.375,1.006,,,,Playmaker,-0.35,,,1.25,0.67,EuroCup,2017-18,intl
Dustin Hogue,58,54,4,1,2,50.0,53,66.0,-16.0,10,40.0,-31.1,4,25.0,68.6,-43.6,0,,0,,,,1.149,,,,,,,,,1.0,33,29,0.273,0.345,1.264,1,1,,,,,,,1.068,0.589,1.938,0.98,,1.149,,,,Wing,0.64,,,1.73,0.11,EuroCup,2017-18,intl
Yogev Ohayon,58,57,1,4,4,0.0,31,22.6,-22.6,11,9.1,-15.9,5,20.0,20.0,0.0,0,,0,,,,1.9,,,,,,,,,0.062,31,31,0.355,0.581,1.636,0,2,,,,,,,,,,1.209,,1.9,,,,Playmaker,2.78,,,-2.73,,EuroCup,2017-18,intl
Albert Oliver,58,50,8,2,4,25.0,34,47.1,-22.1,12,50.0,7.7,7,14.3,51.6,-37.3,0,,0,,,,1.339,0.837,2.142,,,,,,,1.0,33,31,0.455,0.258,0.568,1,1,,,,,,,1.167,0.471,2.891,1.231,1.336,1.299,,,,Playmaker,0.77,,,1.25,0.26,EuroCup,2017-18,intl
Vladislav Trushkin,58,55,3,2,0,,53,50.9,,15,76.7,35.9,9,44.4,52.3,-7.8,0,,0,,,,1.122,,,,,,,,,0.375,29,31,0.586,0.387,0.66,0,0,,,,,,,2.45,,,1.056,,1.122,,,,Wing,0.48,,,-1.12,3.49,EuroCup,2017-18,intl
Maurice Ndour,58,51,7,5,2,0.0,53,45.3,-45.3,5,40.0,-4.0,6,41.7,43.9,-2.2,0,,0,,,,0.81,0.501,1.307,,,,,,,0.35,34,29,0.588,0.414,0.703,1,2,,,,,,,0.9,0.293,2.764,0.917,,0.81,,,,Wing,-1.29,,,-1.23,-0.3,EuroCup,2017-18,intl
Kartal Ozmizrak,58,50,8,4,6,50.0,47,45.7,4.3,17,41.2,-7.4,2,0.0,48.0,-48.0,0,,0,,,,1.25,0.909,1.719,,,,,,,0.5,30,41,0.5,0.463,0.927,1,3,,,,,,,1.786,0.961,3.319,1.135,1.162,1.19,,,,Playmaker,0.44,,,-0.87,1.8,EuroCup,2017-18,intl
Richard Howell,57,49,8,2,1,100.0,52,48.1,51.9,13,38.5,-14.0,5,20.0,52.1,-32.1,0,,0,,,,1.021,0.767,1.359,,,,,,,1.0,29,32,0.414,0.469,1.133,0,1,,,,,,,1.143,0.562,2.323,1.032,1.167,1.05,,,,Wing,-0.09,,,1.73,0.3,EuroCup,2017-18,intl
Vladimir Jankovic,57,40,17,6,0,,51,43.1,,11,54.5,14.5,9,44.4,42.9,1.6,0,,0,,,,1.02,0.741,1.402,,,,,,,0.708,37,29,0.568,0.414,0.729,5,0,,,,,,,0.71,0.285,1.768,1.169,1.071,0.983,,,,Wing,-0.1,,,0.4,-0.76,EuroCup,2017-18,intl
Axel Hervelle,57,42,15,7,6,66.7,53,49.1,17.6,14,96.4,59.8,6,66.7,49.1,17.6,0,,0,,,,1.188,0.965,1.462,,,,,,,0.536,39,30,0.564,0.367,0.65,2,2,,,,,,,1.929,1.037,3.588,1.321,1.222,1.202,,,,Wing,0.86,,,-0.38,2.22,EuroCup,2017-18,intl
Tarence Kinsey,57,52,5,2,1,0.0,48,43.8,-43.8,14,32.1,-15.0,11,63.6,36.8,26.8,0,,0,,,,0.967,0.613,1.526,,,,,,,0.625,32,27,0.5,0.519,1.037,0,2,,,,,,,0.597,0.106,3.381,0.821,0.8,0.967,,,,Wing,-0.4,,,0.02,-1.04,EuroCup,2017-18,intl
Sead Sehovic,57,53,4,3,2,50.0,56,57.1,-7.1,15,43.3,-18.3,6,58.3,56.7,1.6,0,,0,,,,1.082,,,,,,,,,0.333,35,27,0.486,0.407,0.839,2,1,,,,,,,0.875,0.319,2.401,1.108,1.075,1.082,,,,Wing,0.26,,,-1.31,-0.36,EuroCup,2017-18,intl
Remy Lesca,57,54,3,4,4,37.5,28,62.5,-25.0,9,66.7,10.1,4,37.5,62.5,-25.0,0,,0,,,,0.667,0.132,3.377,,,,,,,0.188,35,26,0.286,0.308,1.077,0,1,,,,,,,2.077,,,1.217,,0.667,,,,,,,,,,EuroCup,2017-18,intl
Trevor Mbakwe,56,54,2,1,1,100.0,51,64.7,35.3,6,66.7,1.4,4,50.0,66.7,-16.7,0,,0,,,,1.102,,,,,,,,,0.5,33,24,0.333,0.292,0.875,1,0,,,,,,,1.531,,,1.122,,1.102,,,,Wing,0.37,,,-0.55,1.25,EuroCup,2017-18,intl
Przemek Karnowski,56,49,7,4,2,50.0,54,53.7,-3.7,12,50.0,-4.5,6,50.0,54.0,-4.0,0,,0,,,,0.761,0.474,1.222,,,,,,,0.438,29,32,0.483,0.375,0.777,0,1,,,,,,,1.062,0.497,2.268,0.941,,0.799,,,,Big,-1.31,,,-0.14,0.18,EuroCup,2017-18,intl
Mindaugas Lukauskis,56,55,1,2,3,100.0,42,57.1,42.9,16,50.0,-15.5,7,71.4,57.9,13.5,0,,0,,,,1.31,,,,,,,,,0.125,22,36,0.409,0.389,0.951,0,0,,,,,,,2.0,,,0.776,,1.31,,,,Wing,1.55,,,-2.26,2.39,EuroCup,2017-18,intl
Suad Sehovic,56,52,4,6,3,50.0,50,64.0,-14.0,11,63.6,0.5,9,61.1,63.6,-2.5,0,,0,,,,0.886,0.497,1.579,,,,,,,0.167,35,27,0.429,0.519,1.21,1,1,,,,,,,2.2,,,1.132,,0.886,,,,Wing,-0.86,,,-2.06,2.88,EuroCup,2017-18,intl
Muhammed Baygul,55,51,4,3,1,150.0,43,54.7,95.3,10,95.0,49.4,14,85.7,43.3,42.4,0,,0,,,,1.007,0.559,1.812,,,,,,,0.333,26,32,0.462,0.406,0.88,0,0,,,,,,,1.49,0.621,3.574,0.818,,1.007,,,,Wing,-0.17,,,-1.31,1.15,EuroCup,2017-18,intl
Luke Harangody,55,47,8,3,1,0.0,53,59.4,-59.4,10,55.0,-4.1,5,60.0,58.2,1.8,0,,0,,,,1.028,0.771,1.371,,,,,,,0.667,35,28,0.429,0.429,1.0,2,1,,,,,,,0.779,0.317,1.917,1.114,0.872,0.979,,,,Wing,-0.05,,,0.22,-0.59,EuroCup,2017-18,intl
Jonathan Tabu,54,46,8,2,1,0.0,40,55.0,-55.0,10,50.0,-4.8,6,66.7,51.4,15.2,0,,0,,,,0.348,0.104,1.173,,,,,,,1.0,23,40,0.391,0.35,0.894,1,1,,,,,,,1.1,0.262,4.622,0.713,,0.581,,,,Playmaker,-2.8,,,1.25,0.1,EuroCup,2017-18,intl
Karlo Zganec,54,52,2,2,0,,36,44.4,,13,61.5,26.8,5,20.0,48.4,-28.4,0,,0,,,,0.788,0.194,3.199,,,,,,,0.25,28,28,0.429,0.286,0.667,1,1,,,,,,,,,,1.037,,0.788,,,,Wing,-1.42,,,-1.69,,EuroCup,2017-18,intl
Kalin Lucas,54,39,15,4,0,,45,44.4,,13,61.5,24.0,4,75.0,41.5,33.5,0,,0,,,,1.156,0.832,1.605,,,,,,,0.938,30,32,0.467,0.406,0.871,2,2,,,,,,,1.023,0.455,2.298,1.51,0.745,1.089,,,,Playmaker,0.11,,,0.99,-0.09,EuroCup,2017-18,intl
Damir Markota,54,49,5,2,5,70.0,42,53.6,16.4,13,38.5,-23.3,7,71.4,52.5,18.9,0,,0,,,,0.7,0.339,1.445,,,,,,,0.625,28,28,0.5,0.429,0.857,0,0,,,,,,,0.7,0.137,3.578,1.049,1.2,0.7,,,,Big,-1.62,,,0.65,-0.73,EuroCup,2017-18,intl
Oliver Stevic,54,53,1,1,2,50.0,49,51.0,-1.0,8,50.0,-1.2,10,60.0,48.8,11.2,0,,0,,,,1.082,,,,,,,,,0.25,30,25,0.433,0.48,1.108,0,0,,,,,,,,,,1.097,,1.082,,,,Big,0.35,,,-0.94,,EuroCup,2017-18,intl
Doko Salic,53,48,5,3,1,100.0,50,60.0,40.0,8,25.0,-42.4,8,75.0,58.1,16.9,0,,0,,,,1.116,,,,,,,,,0.417,34,22,0.324,0.409,1.264,1,0,,,,,,,0.921,0.436,1.947,1.139,,1.116,,,,,,,,,,EuroCup,2017-18,intl
Mihajlo Andric,52,41,11,7,4,25.0,45,31.1,-6.1,17,11.8,-28.9,6,50.0,27.9,22.1,0,,0,,,,1.017,0.741,1.395,,,,,,,0.393,28,31,0.536,0.71,1.325,2,4,,,,,,,0.815,0.213,3.122,1.087,0.915,1.017,,,,Wing,-0.11,,,-1.03,-0.5,EuroCup,2017-18,intl
Vaidas Cepukaitis,52,52,0,1,3,0.0,32,62.5,-62.5,7,28.6,-35.7,1,100.0,55.9,44.1,0,,0,,,,,,,,,,,,,0.0,31,22,0.258,0.318,1.233,0,0,,,,,,,,,,1.581,,,,,,Big,,,,-1.99,,EuroCup,2017-18,intl
Filip Barovic,51,51,0,0,1,0.0,39,66.7,-66.7,8,62.5,-3.1,2,100.0,63.2,36.8,0,,0,,,,,,,,,,,,,,19,32,0.316,0.25,0.792,0,0,,,,,,,,,,0.396,,,,,,Big,,,,,,EuroCup,2017-18,intl
Valerio Mazzola,51,45,6,3,1,100.0,43,47.7,52.3,14,75.0,38.3,10,35.0,52.9,-17.9,0,,0,,,,1.042,0.708,1.533,,,,,,,0.5,29,25,0.517,0.4,0.773,0,1,,,,,,,0.9,0.29,2.797,1.106,1.238,1.042,,,,Wing,0.03,,,-0.55,-0.3,EuroCup,2017-18,intl
Furkan Aldemir,51,50,1,1,1,100.0,42,50.0,50.0,7,57.1,7.1,4,50.0,51.3,-1.3,0,,0,,,,1.22,,,,,,,,,0.25,37,15,0.405,0.4,0.987,0,0,,,,,,,2.05,,,0.494,,1.22,,,,Big,1.07,,,-0.94,2.65,EuroCup,2017-18,intl
Tim Schneider,51,47,4,3,0,,52,47.1,,5,40.0,-7.9,3,66.7,45.9,20.7,0,,0,,,,1.093,,,,,,,,,0.333,30,26,0.467,0.615,1.319,0,1,,,,,,,1.075,0.383,3.014,0.975,1.087,1.093,,,,Wing,0.32,,,-1.31,0.13,EuroCup,2017-18,intl
Jean-Frederic Morency,51,48,3,2,0,,41,45.1,,6,75.0,35.0,4,37.5,45.9,-8.4,0,,0,,,,1.333,,,,,,,,,0.375,29,24,0.552,0.333,0.604,1,0,,,,,,,0.75,0.145,3.872,0.975,1.308,1.333,,,,Wing,1.68,,,-1.12,-0.66,EuroCup,2017-18,intl
Ege Arar,50,50,0,0,0,,41,61.0,,5,20.0,-46.7,7,57.1,61.8,-4.6,0,,0,,,,,,,,,,,,,,29,21,0.379,0.238,0.628,0,0,,,,,,,,,,1.281,,,,,,Big,,,,,,EuroCup,2017-18,intl
Novica Velickovic,49,37,12,3,1,0.0,47,51.1,-51.1,6,91.7,47.6,10,25.0,56.6,-31.6,0,,0,,,,0.895,0.627,1.278,,,,,,,1.0,31,27,0.516,0.407,0.789,3,0,,,,,,,0.984,0.43,2.25,0.772,1.238,0.913,,,,Wing,-0.81,,,1.73,-0.09,EuroCup,2017-18,intl
Simas Jasaitis,49,49,0,1,2,75.0,42,63.1,11.9,15,73.3,14.7,3,100.0,61.0,39.0,0,,0,,,,,,,,,,,,,0.0,29,21,0.483,0.333,0.69,0,1,,,,,,,,,,1.098,,,,,,Wing,,,,-2.83,,EuroCup,2017-18,intl
Roderick Odom,48,41,7,2,1,0.0,49,61.2,-61.2,11,68.2,10.5,8,62.5,59.5,3.0,0,,0,,,,1.108,,,,,,,,,0.875,26,28,0.5,0.321,0.643,1,0,,,,,,,1.321,0.759,2.301,1.011,,1.108,,,,,,,,,,EuroCup,2017-18,intl
Mindaugas Girdziunas,48,39,9,4,0,,43,54.7,,12,66.7,16.7,6,91.7,48.6,43.0,0,,0,,,,0.812,0.5,1.319,,,,,,,0.562,23,31,0.565,0.355,0.628,2,0,,,,,,,1.231,0.499,3.037,1.047,,0.78,,,,Playmaker,-1.13,,,-0.61,0.42,EuroCup,2017-18,intl
John Shurna,48,39,9,5,1,100.0,50,49.0,51.0,9,83.3,40.5,2,0.0,52.0,-52.0,0,,0,,,,1.147,,,,,,,,,0.45,27,29,0.519,0.586,1.131,1,1,,,,,,,1.453,0.705,2.997,1.065,1.122,1.147,,,,Wing,0.63,,,-0.77,1.05,EuroCup,2017-18,intl
David Okeke,48,47,1,2,0,,40,67.5,,15,36.7,-49.3,7,92.9,62.1,30.7,0,,0,,,,1.27,,,,,,,,,0.125,25,25,0.24,0.4,1.667,1,1,,,,,,,1.609,,,1.312,,1.27,,,,Wing,1.33,,,-2.26,1.44,EuroCup,2017-18,intl
Bogdan Radosavljevic,48,41,7,2,0,,47,59.6,,10,40.0,-24.9,5,80.0,57.1,22.9,0,,0,,,,0.771,0.479,1.241,,,,,,,0.875,33,19,0.364,0.368,1.013,1,1,,,,,,,0.991,0.463,2.12,0.828,1.114,0.841,,,,Big,-1.25,,,1.7,0.0,EuroCup,2017-18,intl
Evgeny Valiev,48,46,2,3,2,50.0,33,42.4,7.6,12,41.7,-1.8,4,25.0,45.2,-20.2,0,,0,,,,0.742,0.183,3.01,,,,,,,0.167,24,27,0.292,0.481,1.651,0,0,,,,,,,,,,1.012,,0.742,,,,Wing,-1.68,,,-2.06,,EuroCup,2017-18,intl
Per Guenther,48,37,11,4,1,0.0,40,43.8,-43.8,7,85.7,51.9,5,70.0,38.9,31.1,0,,0,,,,0.721,0.408,1.274,,,,,,,0.688,30,29,0.533,0.414,0.776,2,1,,,,,,,0.933,0.271,3.212,0.771,0.716,0.718,,,,Playmaker,-1.46,,,-0.07,-0.32,EuroCup,2017-18,intl
Mehmet Yagmur,48,42,6,4,0,,35,28.6,,10,20.0,-12.0,4,0.0,32.3,-32.3,0,,0,,,,1.346,0.876,2.068,,,,,,,0.375,23,29,0.435,0.586,1.348,1,2,,,,,,,0.743,0.115,4.791,1.111,1.15,1.346,,,,Playmaker,0.79,,,-1.4,-0.79,EuroCup,2017-18,intl
Federico Mussini,48,37,11,3,3,50.0,44,26.1,23.9,14,32.1,6.4,7,21.4,28.7,-7.3,0,,0,,,,1.194,,,,,,,,,0.917,24,29,0.667,0.724,1.086,1,2,,,,,,,0.352,0.05,2.505,1.061,1.176,1.194,,,,Playmaker,0.24,,,0.9,-1.76,EuroCup,2017-18,intl
Landing Sane,48,45,3,3,5,30.0,41,59.8,-29.8,14,53.6,-4.2,6,33.3,60.0,-26.7,0,,0,,,,1.125,,,,,,,,,0.25,21,30,0.571,0.467,0.817,0,0,,,,,,,0.702,0.137,3.593,1.192,1.116,1.125,,,,Big,0.58,,,-0.94,-0.72,EuroCup,2017-18,intl
Niccolo De Vico,47,45,2,3,1,0.0,45,37.8,-37.8,20,27.5,-16.7,6,0.0,42.5,-42.5,0,,0,,,,1.098,,,,,,,,,0.167,21,29,0.571,0.724,1.267,0,1,,,,,,,,,,0.848,1.091,1.098,,,,Wing,0.35,,,-2.06,,EuroCup,2017-18,intl
Pere Tomas,47,38,9,4,3,83.3,41,53.7,29.7,11,45.5,-13.6,7,78.6,51.4,27.2,0,,0,,,,1.056,0.807,1.381,,,,,,,0.562,22,29,0.455,0.483,1.062,1,1,,,,,,,1.429,0.735,2.778,0.917,1.167,1.056,,,,Wing,0.11,,,-0.26,1.0,EuroCup,2017-18,intl
Maxime Roos,43,34,9,5,1,0.0,45,33.3,-33.3,14,35.7,4.5,6,58.3,28.7,29.6,0,,0,,,,1.079,0.817,1.426,,,,,,,0.45,28,26,0.607,0.615,1.014,2,1,,,,,,,2.0,0.778,5.142,1.217,0.84,0.994,,,,Wing,0.24,,,-0.77,2.39,EuroCup,2017-18,intl
Shayne Whittington,43,34,9,4,2,50.0,48,32.3,17.7,10,45.0,15.0,2,50.0,32.3,17.7,0,,0,,,,0.889,,,,,,,,,0.562,29,22,0.759,0.545,0.719,3,3,,,,,,,0.304,0.046,1.983,0.929,0.875,0.923,,,,Big,-0.64,,,0.38,-1.72,EuroCup,2017-18,intl
Luke Sikma,297,260,37,16,18,38.9,204,55.9,-17.0,64,41.4,-18.4,21,45.2,55.5,-10.2,0,,0,,,,1.136,0.915,1.41,,,,,,,0.578,161,166,0.267,0.434,1.624,4,13,,,,,,,0.924,0.609,1.403,1.079,1.194,1.173,,,,Wing,0.59,,,0.08,-0.21,EuroCup,2018-19,intl
Pierria Henry,269,237,32,11,12,29.2,173,46.8,-17.7,48,38.5,-9.6,37,51.4,44.3,7.1,0,,0,,,,0.939,0.68,1.297,,,,,,,0.727,148,155,0.358,0.368,1.027,5,7,,,,,,,0.471,0.195,1.137,1.027,1.046,0.978,,,,Playmaker,-0.47,,,0.21,-1.43,EuroCup,2018-19,intl
Martin Hermannsson,264,243,21,10,7,42.9,180,55.8,-13.0,48,54.2,-1.6,25,46.0,56.8,-10.8,0,,0,,,,1.019,0.743,1.397,,,,,,,0.525,133,149,0.308,0.383,1.241,2,7,,,,,,,0.701,0.342,1.439,1.117,1.211,0.902,,,,Wing,-0.06,,,-0.15,-0.74,EuroCup,2018-19,intl
Andrew Albicy,256,230,26,8,13,38.5,150,62.0,-23.5,48,53.1,-9.9,35,45.7,64.1,-18.3,0,,0,,,,0.945,0.651,1.373,,,,,,,0.812,137,140,0.277,0.35,1.262,2,4,,,,,,,0.688,0.334,1.416,1.441,0.739,1.104,,,,Playmaker,-0.44,,,0.62,-0.82,EuroCup,2018-19,intl
Sam Van Rossom,250,235,15,5,8,100.0,143,61.5,38.5,36,68.1,5.9,23,71.7,62.1,9.6,0,,0,,,,1.044,0.681,1.602,,,,,,,0.75,134,126,0.299,0.27,0.904,3,2,,,,,,,0.845,0.4,1.785,0.835,0.991,1.018,,,,Playmaker,-0.04,,,0.32,-0.38,EuroCup,2018-19,intl
Dylan Ennis,248,185,63,20,7,50.0,221,41.2,8.8,66,34.1,-10.4,40,37.5,42.3,-4.8,0,,0,,,,1.028,0.88,1.2,,,,,,,0.787,153,148,0.464,0.5,1.077,10,11,,,,,,,1.005,0.668,1.514,1.119,0.907,0.933,,,,Playmaker,-0.1,,,0.5,0.07,EuroCup,2018-19,intl
Joe Ragland,247,226,21,7,6,83.3,154,60.1,23.3,32,68.8,9.8,16,50.0,62.2,-12.2,0,,0,,,,1.141,0.827,1.575,,,,,,,0.75,146,119,0.295,0.235,0.799,5,2,,,,,,,0.735,0.395,1.368,1.06,1.262,1.089,,,,Playmaker,0.36,,,0.32,-0.69,EuroCup,2018-19,intl
Rokas Giedraitis,240,173,67,19,16,71.9,235,58.9,12.9,70,72.9,18.2,16,71.9,58.9,12.9,0,,0,,,,1.047,0.945,1.159,,,,,,,0.882,140,148,0.457,0.439,0.961,7,10,,,,,,,0.782,0.566,1.081,1.035,1.133,1.056,,,,Wing,0.1,,,1.37,-0.55,EuroCup,2018-19,intl
Mantas Kalnietis,232,208,24,11,13,23.1,138,54.0,-30.9,33,45.5,-7.5,24,47.9,52.0,-4.1,0,,0,,,,0.614,0.362,1.041,,,,,,,0.545,125,130,0.352,0.331,0.94,4,6,,,,,,,0.973,0.458,2.07,0.953,0.625,0.613,,,,Playmaker,-1.8,,,-0.67,-0.02,EuroCup,2018-19,intl
Justin Cobbs,231,202,29,8,9,72.2,156,52.9,19.3,38,64.5,13.7,14,46.4,54.6,-8.2,0,,0,,,,1.094,0.821,1.458,,,,,,,0.906,143,118,0.343,0.28,0.816,7,1,,,,,,,0.822,0.472,1.432,1.125,0.805,1.133,,,,Playmaker,0.17,,,1.07,-0.45,EuroCup,2018-19,intl
Peyton Siva,229,212,17,7,5,80.0,118,66.1,13.9,38,57.9,-12.7,12,75.0,65.8,9.2,0,,0,,,,1.09,0.682,1.742,,,,,,,0.607,115,128,0.2,0.297,1.484,1,5,,,,,,,1.04,0.564,1.918,1.46,1.328,0.98,,,,Playmaker,0.15,,,-0.37,0.16,EuroCup,2018-19,intl
Jamar Smith,224,180,44,15,11,81.8,187,58.0,23.8,48,67.7,11.0,34,47.1,61.9,-14.8,0,,0,,,,1.045,0.881,1.24,,,,,,,0.733,121,131,0.455,0.389,0.856,8,7,,,,,,,0.89,0.584,1.354,1.009,1.141,1.078,,,,Wing,0.09,,,0.74,-0.29,EuroCup,2018-19,intl
Dennis Seeley,219,168,51,16,17,55.9,181,40.9,15.0,53,41.5,-0.9,22,31.8,43.5,-11.6,0,,0,,,,0.996,0.837,1.185,,,,,,,0.797,110,146,0.436,0.521,1.193,3,14,,,,,,,0.886,0.569,1.38,1.029,0.914,0.953,,,,,,,,,,EuroCup,2018-19,intl
Will Thomas,212,200,12,5,13,53.8,167,65.9,-12.0,50,63.0,-2.8,33,40.9,70.4,-29.5,0,,0,,,,0.915,0.656,1.276,,,,,,,0.6,103,117,0.369,0.299,0.811,1,1,,,,,,,1.288,0.889,1.866,0.928,0.609,0.871,,,,Wing,-0.63,,,0.17,0.66,EuroCup,2018-19,intl
Matt Thomas,208,182,26,13,8,25.0,185,67.3,-42.3,48,64.6,-1.3,24,64.6,65.7,-1.1,0,,0,,,,0.869,0.683,1.107,,,,,,,0.5,121,109,0.413,0.394,0.955,4,8,,,,,,,0.843,0.514,1.381,1.009,0.92,0.883,,,,Wing,-0.88,,,-0.26,-0.4,EuroCup,2018-19,intl
Brian Roberts,198,175,23,10,17,47.1,118,58.1,-11.0,48,54.2,-3.9,19,52.6,57.3,-4.7,0,,0,,,,0.838,0.557,1.26,,,,,,,0.575,111,105,0.306,0.362,1.182,3,5,,,,,,,1.371,0.879,2.138,1.095,0.591,0.844,,,,Playmaker,-0.88,,,-0.53,1.09,EuroCup,2018-19,intl
Jason Clark,198,177,21,8,10,30.0,149,57.7,-27.7,40,35.0,-28.0,20,52.5,56.5,-4.0,0,,0,,,,0.958,0.721,1.272,,,,,,,0.656,112,102,0.339,0.422,1.243,2,6,,,,,,,1.294,0.872,1.92,1.101,0.763,0.915,,,,Playmaker,-0.39,,,-0.14,0.87,EuroCup,2018-19,intl
Dmitry Kulagin,197,156,41,14,12,16.7,170,52.1,-35.4,43,40.7,-11.8,40,38.8,52.8,-14.1,0,,0,,,,0.876,0.709,1.082,,,,,,,0.732,120,110,0.425,0.473,1.112,7,8,,,,,,,0.771,0.468,1.269,1.002,1.023,0.826,,,,Wing,-0.84,,,0.73,-0.58,EuroCup,2018-19,intl
Niels Giffey,196,157,39,15,21,45.2,178,59.3,-14.0,63,57.9,0.2,18,50.0,58.6,-8.6,0,,0,,,,0.933,0.797,1.093,,,,,,,0.65,103,128,0.437,0.453,1.037,4,6,,,,,,,0.945,0.646,1.383,1.021,0.937,0.93,,,,Wing,-0.53,,,0.38,-0.16,EuroCup,2018-19,intl
Bojan Dubljevic,193,155,38,13,4,25.0,169,56.2,-31.2,35,54.3,-1.5,26,40.4,58.2,-17.8,0,,0,,,,1.046,0.867,1.261,,,,,,,0.731,126,99,0.397,0.404,1.018,8,6,,,,,,,0.975,0.654,1.453,1.1,0.964,1.042,,,,Wing,0.09,,,0.73,-0.09,EuroCup,2018-19,intl
Elmedin Kikanovic,183,152,31,10,3,66.7,174,55.7,10.9,33,45.5,-12.9,22,50.0,56.8,-6.8,0,,0,,,,0.959,0.812,1.131,,,,,,,0.775,117,86,0.368,0.407,1.107,5,5,,,,,,,1.129,0.824,1.548,0.986,0.628,0.942,,,,Big,-0.38,,,0.91,0.19,EuroCup,2018-19,intl
Errick Mccollum,182,137,45,15,14,42.9,162,51.2,-8.4,73,51.4,1.4,33,40.9,52.8,-11.9,0,,0,,,,0.98,0.839,1.143,,,,,,,0.75,80,130,0.487,0.462,0.947,4,9,,,,,,,0.709,0.441,1.14,1.019,0.878,1.003,,,,Playmaker,-0.3,,,0.32,-0.76,EuroCup,2018-19,intl
David Lighty,176,170,6,4,6,33.3,118,52.1,-18.8,23,32.6,-22.8,21,38.1,53.9,-15.8,0,,0,,,,1.491,,,,,,,,,0.375,99,81,0.343,0.383,1.114,0,3,,,,,,,0.667,0.212,2.098,1.149,1.475,1.491,,,,Wing,2.54,,,-0.79,-0.82,EuroCup,2018-19,intl
Jaime Fernandez,174,149,25,9,9,50.0,113,58.8,-8.8,40,45.0,-19.6,14,67.9,56.9,10.9,0,,0,,,,0.993,0.703,1.403,,,,,,,0.694,92,102,0.25,0.373,1.49,3,6,,,,,,,1.224,0.817,1.835,0.995,0.795,1.051,,,,Playmaker,-0.24,,,0.05,0.68,EuroCup,2018-19,intl
Kyle Wiltjer,168,134,34,11,9,83.3,153,51.6,31.7,31,54.8,1.8,27,38.9,56.3,-17.4,0,,0,,,,1.126,1.006,1.26,,,,,,,0.773,101,85,0.446,0.529,1.188,2,8,,,,,,,0.827,0.523,1.31,1.204,1.18,1.137,,,,Big,0.66,,,0.9,-0.79,EuroCup,2018-19,intl
Marcus Paige,168,130,38,11,7,21.4,143,48.6,-27.2,40,38.8,-11.7,18,80.6,42.8,37.8,0,,0,,,,1.078,0.875,1.329,,,,,,,0.864,98,105,0.388,0.505,1.302,4,10,,,,,,,0.59,0.315,1.107,0.956,1.03,1.141,,,,Playmaker,0.1,,,0.87,-1.1,EuroCup,2018-19,intl
Patrick Miller,166,144,22,6,9,33.3,131,49.2,-15.9,36,45.8,-3.2,15,36.7,49.6,-12.9,0,,0,,,,1.122,0.9,1.399,,,,,,,0.917,98,89,0.429,0.371,0.865,4,5,,,,,,,0.742,0.405,1.362,0.91,0.978,1.127,,,,Playmaker,0.28,,,1.13,-0.67,EuroCup,2018-19,intl
Billy Baron,163,137,26,10,4,25.0,130,66.5,-41.5,27,53.7,-14.5,16,68.8,64.8,3.9,0,,0,,,,0.843,0.612,1.162,,,,,,,0.65,112,73,0.33,0.411,1.244,5,3,,,,,,,1.023,0.641,1.632,1.04,0.987,0.886,,,,Playmaker,-0.86,,,-0.17,0.12,EuroCup,2018-19,intl
Vanja Marinkovic,162,116,46,14,7,57.1,165,48.2,9.0,47,48.9,0.5,20,42.5,49.3,-6.8,0,,0,,,,0.946,0.795,1.125,,,,,,,0.821,103,106,0.476,0.519,1.091,5,8,,,,,,,0.87,0.56,1.349,1.116,0.864,0.954,,,,Wing,-0.46,,,1.11,-0.34,EuroCup,2018-19,intl
Philip Scrubb,162,134,28,10,12,41.7,120,55.8,-14.2,43,45.3,-13.6,17,23.5,59.1,-35.6,0,,0,,,,0.83,0.606,1.138,,,,,,,0.7,74,108,0.351,0.444,1.265,2,7,,,,,,,1.081,0.661,1.767,1.023,0.593,0.794,,,,Wing,-1.1,,,0.6,0.17,EuroCup,2018-19,intl
Diante Garrett,160,140,20,6,17,61.8,113,61.1,0.7,42,64.3,4.6,20,52.5,62.7,-10.2,0,,0,,,,1.071,0.814,1.411,,,,,,,0.833,82,104,0.354,0.337,0.952,4,3,,,,,,,0.847,0.479,1.497,0.889,1.016,0.897,,,,Playmaker,0.07,,,0.72,-0.38,EuroCup,2018-19,intl
Derek Needham,160,124,36,11,7,57.1,121,46.7,10.4,36,36.1,-15.5,20,52.5,46.3,6.2,0,,0,,,,0.705,0.499,0.995,,,,,,,0.818,83,106,0.434,0.425,0.979,4,8,,,,,,,0.925,0.493,1.735,0.915,1.254,0.766,,,,Playmaker,-1.42,,,0.65,-0.16,EuroCup,2018-19,intl
Stefan Peno,158,131,27,9,12,58.3,92,31.0,27.4,29,41.4,10.0,6,25.0,34.7,-9.7,0,,0,,,,1.213,0.891,1.651,,,,,,,0.75,81,93,0.432,0.366,0.846,5,3,,,,,,,0.889,0.433,1.823,1.21,1.432,1.237,,,,Playmaker,0.66,,,0.32,-0.26,EuroCup,2018-19,intl
Michele Vitali,158,132,26,11,4,75.0,130,48.8,26.2,35,35.7,-18.8,15,53.3,49.2,4.2,0,,0,,,,0.942,0.715,1.242,,,,,,,0.591,96,83,0.344,0.566,1.647,3,5,,,,,,,0.561,0.26,1.214,1.09,0.9,0.966,,,,Wing,-0.48,,,0.13,-1.08,EuroCup,2018-19,intl
Dwight Hardy,155,139,16,7,3,50.0,138,61.2,-11.2,25,52.0,-10.9,21,76.2,58.3,17.9,0,,0,,,,1.076,0.88,1.317,,,,,,,0.571,78,91,0.385,0.429,1.114,1,5,,,,,,,1.041,0.642,1.689,1.104,0.96,1.113,,,,Playmaker,0.1,,,-0.55,0.17,EuroCup,2018-19,intl
Jalen Reynolds,151,124,27,10,4,25.0,158,59.8,-34.8,34,61.8,3.6,20,55.0,59.5,-4.5,0,,0,,,,0.95,0.825,1.094,,,,,,,0.675,91,83,0.407,0.361,0.889,6,5,,,,,,,0.69,0.439,1.087,0.96,0.978,0.951,,,,Wing,-0.44,,,0.49,-0.77,EuroCup,2018-19,intl
John Shurna,150,137,13,7,8,31.2,126,69.4,-38.2,37,62.2,-6.9,18,55.6,69.0,-13.4,0,,0,,,,1.119,0.94,1.333,,,,,,,0.464,77,82,0.325,0.427,1.315,2,2,,,,,,,1.03,0.622,1.706,1.015,0.954,1.132,,,,Wing,0.49,,,-0.41,0.04,EuroCup,2018-19,intl
Paul Lacombe,149,122,27,10,3,0.0,117,50.0,-50.0,21,35.7,-15.8,9,33.3,50.0,-16.7,0,,0,,,,1.034,0.787,1.359,,,,,,,0.675,102,74,0.343,0.432,1.26,4,6,,,,,,,0.852,0.482,1.508,1.113,0.988,0.939,,,,Wing,0.03,,,0.49,-0.38,EuroCup,2018-19,intl
Miro Bilan,146,116,30,11,10,40.0,137,55.8,-15.8,38,56.6,2.5,23,47.8,56.0,-8.2,0,,0,,,,1.005,0.858,1.178,,,,,,,0.682,98,69,0.429,0.362,0.845,7,3,,,,,,,1.236,0.907,1.685,1.051,1.154,1.039,,,,Big,-0.09,,,0.49,0.54,EuroCup,2018-19,intl
Quantez Robertson,146,127,19,8,6,16.7,97,41.2,-24.6,23,37.0,-3.7,18,44.4,38.8,5.6,0,,0,,,,0.857,0.547,1.342,,,,,,,0.594,91,73,0.418,0.438,1.05,3,3,,,,,,,0.279,0.042,1.831,0.985,1.081,0.912,,,,Wing,-0.95,,,0.14,-1.75,EuroCup,2018-19,intl
Dorell Wright,145,126,19,7,7,50.0,123,61.4,-11.4,36,68.1,10.1,20,40.0,64.5,-24.5,0,,0,,,,1.015,0.79,1.304,,,,,,,0.679,81,83,0.358,0.506,1.413,2,4,,,,,,,0.8,0.417,1.533,1.103,0.996,1.038,,,,Wing,-0.08,,,0.51,-0.51,EuroCup,2018-19,intl
Javonte Green,145,121,24,8,7,64.3,130,57.7,6.6,34,77.9,26.5,18,61.1,57.6,3.5,0,,0,,,,1.048,0.884,1.243,,,,,,,0.75,79,83,0.43,0.361,0.84,3,5,,,,,,,1.031,0.684,1.552,1.069,1.207,1.014,,,,Wing,0.1,,,0.81,0.05,EuroCup,2018-19,intl
Axel Bouteille,145,131,14,7,2,50.0,137,63.5,-13.5,40,62.5,-1.1,15,83.3,60.9,22.4,0,,0,,,,1.159,,,,,,,,,0.5,89,69,0.438,0.362,0.827,3,2,,,,,,,0.869,0.503,1.502,1.011,1.146,1.159,,,,Wing,0.71,,,-0.26,-0.34,EuroCup,2018-19,intl
Jock Landale,145,132,13,5,10,90.0,115,64.3,25.7,43,65.1,-2.0,13,61.5,67.0,-5.4,0,,0,,,,0.759,0.49,1.176,,,,,,,0.65,68,89,0.368,0.236,0.642,3,2,,,,,,,0.754,0.372,1.526,0.907,0.31,0.77,,,,Big,-1.62,,,0.34,-1.02,EuroCup,2018-19,intl
Stratos Perperoglou,145,113,32,9,10,50.0,131,52.7,-2.7,39,59.0,9.0,25,38.0,55.6,-17.6,0,,0,,,,1.048,0.88,1.247,,,,,,,0.889,83,90,0.422,0.489,1.159,5,5,,,,,,,0.974,0.625,1.517,1.191,0.884,0.983,,,,Wing,0.1,,,1.4,-0.09,EuroCup,2018-19,intl
Jacob Pullen,144,101,43,11,8,56.2,131,52.7,3.6,50,64.0,17.4,7,78.6,51.5,27.1,0,,0,,,,0.969,0.799,1.175,,,,,,,0.977,81,93,0.444,0.484,1.089,2,8,,,,,,,0.943,0.592,1.502,0.969,0.799,0.963,,,,Playmaker,-0.34,,,1.42,-0.11,EuroCup,2018-19,intl
Elgin Cook,143,113,30,11,13,30.8,136,57.0,-26.2,27,46.3,-10.3,19,47.4,55.8,-8.4,0,,0,,,,0.942,0.81,1.095,,,,,,,0.682,89,76,0.472,0.461,0.976,5,3,,,,,,,0.873,0.555,1.373,1.141,0.95,0.894,,,,Wing,-0.48,,,0.52,-0.33,EuroCup,2018-19,intl
Adam Waczynski,142,126,16,5,6,0.0,108,68.1,-68.1,36,56.9,-11.0,23,19.6,75.8,-56.3,0,,0,,,,1.005,0.744,1.358,,,,,,,0.8,75,76,0.32,0.434,1.357,2,2,,,,,,,0.783,0.391,1.571,1.043,0.84,1.043,,,,Wing,-0.13,,,1.02,-0.55,EuroCup,2018-19,intl
Jajuan Johnson,141,88,53,16,9,44.4,158,43.7,0.8,37,45.9,2.9,24,33.3,45.5,-12.1,0,,0,,,,0.992,0.902,1.092,,,,,,,0.828,94,87,0.574,0.471,0.82,9,3,,,,,,,1.427,1.009,2.019,1.065,0.982,0.953,,,,Wing,-0.2,,,1.14,0.99,EuroCup,2018-19,intl
Vitaly Fridzon,140,118,22,7,2,0.0,121,50.0,-50.0,24,54.2,6.2,17,29.4,52.4,-22.9,0,,0,,,,1.002,0.783,1.283,,,,,,,0.786,90,66,0.467,0.5,1.071,4,3,,,,,,,0.549,0.226,1.336,0.863,0.907,1.039,,,,,,,,,,EuroCup,2018-19,intl
Mike Tobey,140,125,15,7,2,100.0,127,59.8,40.2,23,50.0,-12.7,13,50.0,61.6,-11.6,0,,0,,,,1.101,0.943,1.284,,,,,,,0.536,81,68,0.333,0.412,1.235,3,3,,,,,,,0.961,0.595,1.554,1.098,0.866,1.103,,,,Big,0.51,,,-0.17,-0.35,EuroCup,2018-19,intl
William Howard,139,123,16,9,6,41.7,110,64.1,-22.4,38,60.5,-3.6,20,30.0,69.8,-39.8,0,,0,,,,1.025,0.757,1.387,,,,,,,0.444,76,78,0.316,0.436,1.38,2,6,,,,,,,1.094,0.653,1.832,0.946,0.887,1.079,,,,Wing,-0.02,,,-0.49,0.2,EuroCup,2018-19,intl
Raymar Morgan,138,121,17,6,1,0.0,121,60.3,-60.3,19,73.7,16.4,17,58.8,60.0,-1.2,0,,0,,,,1.089,0.897,1.322,,,,,,,0.708,88,59,0.386,0.254,0.658,4,1,,,,,,,0.726,0.414,1.272,0.965,0.967,1.111,,,,Wing,0.33,,,0.63,-0.68,EuroCup,2018-19,intl
David Jelinek,137,100,37,11,7,35.7,134,56.0,-20.3,38,61.8,9.4,17,55.9,54.8,1.0,0,,0,,,,0.961,0.833,1.109,,,,,,,0.841,76,82,0.539,0.451,0.836,7,2,,,,,,,0.981,0.64,1.504,0.854,1.071,0.971,,,,Wing,-0.37,,,1.2,-0.07,EuroCup,2018-19,intl
Demarcus Nelson,135,120,15,8,11,22.7,95,48.9,-26.2,33,42.4,-5.5,14,53.6,45.1,8.5,0,,0,,,,0.92,0.632,1.337,,,,,,,0.469,69,77,0.304,0.506,1.664,1,4,,,,,,,0.621,0.235,1.642,1.006,0.992,0.848,,,,Wing,-0.6,,,-0.39,-0.93,EuroCup,2018-19,intl
Ismet Akpinar,135,113,22,7,4,62.5,111,57.2,5.3,35,70.0,18.1,16,75.0,54.5,20.5,0,,0,,,,0.827,0.593,1.151,,,,,,,0.786,68,85,0.456,0.365,0.8,5,2,,,,,,,1.012,0.575,1.78,0.842,1.188,0.816,,,,Wing,-1.11,,,0.96,0.0,EuroCup,2018-19,intl
Dmitry Khvostov,135,121,14,6,2,0.0,89,53.9,-53.9,20,40.0,-16.3,19,42.1,55.6,-13.5,0,,0,,,,1.168,0.814,1.675,,,,,,,0.583,71,73,0.31,0.411,1.326,2,4,,,,,,,0.634,0.239,1.685,1.05,1.289,1.041,,,,,,,,,,EuroCup,2018-19,intl
Jonathan Rousselle,135,129,6,4,3,116.7,79,50.6,66.0,28,60.7,11.6,9,83.3,49.3,34.0,0,,0,,,,0.86,0.381,1.94,,,,,,,0.375,65,76,0.354,0.316,0.892,0,1,,,,,,,1.562,0.673,3.627,1.264,,0.851,,,,Wing,-0.93,,,-0.79,1.32,EuroCup,2018-19,intl
Andrija Stipanovic,134,129,5,3,0,,106,56.6,,18,55.6,-1.3,5,60.0,56.4,3.6,0,,0,,,,1.053,0.672,1.65,,,,,,,0.417,78,61,0.359,0.295,0.822,1,0,,,,,,,1.312,0.727,2.371,1.02,,0.94,,,,Big,0.21,,,-0.71,0.79,EuroCup,2018-19,intl
Mateusz Ponitka,133,129,4,2,2,50.0,104,61.5,-11.5,22,79.5,23.0,15,33.3,65.9,-32.6,0,,0,,,,0.958,0.54,1.699,,,,,,,0.5,67,68,0.328,0.338,1.03,1,0,,,,,,,0.561,0.112,2.803,1.075,0.635,0.958,,,,Wing,-0.39,,,-0.26,-1.08,EuroCup,2018-19,intl
Eimantas Bendzius,132,87,45,15,13,42.3,137,47.8,-5.5,53,46.2,-1.7,20,40.0,48.5,-8.5,0,,0,,,,0.954,0.824,1.105,,,,,,,0.75,76,93,0.553,0.591,1.07,7,9,,,,,,,0.715,0.42,1.216,1.003,0.978,0.977,,,,Wing,-0.41,,,0.81,-0.71,EuroCup,2018-19,intl
Aj Slaughter,132,84,48,15,11,31.8,144,47.6,-15.8,36,37.5,-11.7,26,53.8,45.0,8.9,0,,0,,,,0.993,0.87,1.134,,,,,,,0.8,95,80,0.558,0.55,0.986,10,6,,,,,,,0.801,0.496,1.293,1.098,0.997,0.978,,,,Wing,-0.2,,,1.02,-0.5,EuroCup,2018-19,intl
Reggie Upshaw,132,113,19,11,4,0.0,133,47.0,-47.0,32,37.5,-10.6,23,28.3,49.1,-20.9,0,,0,,,,1.076,,,,,,,,,0.432,85,60,0.529,0.567,1.07,5,3,,,,,,,0.961,0.544,1.7,0.98,1.067,1.078,,,,Wing,0.26,,,-0.55,-0.12,EuroCup,2018-19,intl
Giorgi Shermadini,131,125,6,2,1,100.0,120,74.6,25.4,24,81.2,8.1,14,78.6,74.3,4.3,0,,0,,,,0.737,0.418,1.302,,,,,,,0.75,71,64,0.254,0.203,0.801,2,0,,,,,,,1.361,,,1.004,,0.83,,,,Big,-1.76,,,0.8,0.95,EuroCup,2018-19,intl
Sammy Mejia,130,112,18,5,9,33.3,94,63.3,-30.0,31,62.9,3.2,15,80.0,57.4,22.6,0,,0,,,,1.345,1.09,1.66,,,,,,,0.9,63,82,0.317,0.366,1.152,1,2,,,,,,,1.067,0.658,1.73,1.432,1.067,1.3,,,,,,,,,,EuroCup,2018-19,intl
Aleksej Nikolic,130,130,0,1,4,62.5,84,58.9,3.6,32,56.2,-4.5,16,53.1,60.4,-7.3,0,,0,,,,,,,,,,,,,0.0,58,73,0.31,0.384,1.236,0,0,,,,,,,,,,0.655,,,,,,Wing,,,,-2.38,,EuroCup,2018-19,intl
Dragan Milosavljevic,129,109,20,10,8,62.5,101,40.6,21.9,22,38.6,-4.5,22,31.8,44.8,-13.0,0,,0,,,,0.898,0.663,1.216,,,,,,,0.5,67,73,0.493,0.521,1.057,0,3,,,,,,,0.52,0.185,1.465,0.996,1.042,0.855,,,,Wing,-0.72,,,-0.26,-1.18,EuroCup,2018-19,intl
Mathias Lessort,127,126,1,4,2,100.0,105,69.5,30.5,16,75.0,5.8,12,66.7,70.5,-3.9,0,,0,,,,1.235,,,,,,,,,0.062,70,61,0.229,0.262,1.148,1,1,,,,,,,,,,1.032,,1.235,,,,Wing,1.13,,,-2.12,,EuroCup,2018-19,intl
Rafa Luz,127,116,11,5,4,25.0,71,44.4,-19.4,18,36.1,-9.5,16,37.5,44.9,-7.4,0,,0,,,,1.191,0.738,1.92,,,,,,,0.55,63,71,0.317,0.366,1.154,1,0,,,,,,,0.681,0.204,2.279,0.96,1.089,1.141,,,,Wing,0.89,,,-0.04,-0.79,EuroCup,2018-19,intl
Lazeric Jones,126,114,12,5,7,28.6,76,53.3,-24.7,26,40.4,-15.8,16,37.5,54.5,-17.0,0,,0,,,,1.462,1.084,1.971,,,,,,,0.6,62,74,0.29,0.378,1.303,1,4,,,,,,,0.839,0.377,1.868,1.29,1.347,1.403,,,,Playmaker,1.68,,,-0.41,-0.4,EuroCup,2018-19,intl
Trent Lockett,126,107,19,6,3,33.3,105,56.7,-23.3,15,63.3,8.5,21,26.2,63.2,-37.0,0,,0,,,,0.814,0.569,1.165,,,,,,,0.792,78,63,0.321,0.46,1.436,3,2,,,,,,,1.076,0.641,1.805,1.09,0.644,0.859,,,,Wing,-1.18,,,0.99,0.15,EuroCup,2018-19,intl
Maurice Ndour,126,115,11,8,5,20.0,116,55.2,-35.2,16,37.5,-18.7,19,31.6,57.8,-26.3,0,,0,,,,1.127,,,,,,,,,0.344,81,53,0.383,0.472,1.233,2,3,,,,,,,0.943,0.536,1.658,0.923,,1.127,,,,Wing,0.54,,,-0.92,-0.16,EuroCup,2018-19,intl
Alberto Abalde,124,118,6,5,2,0.0,95,54.7,-54.7,27,64.8,15.5,16,28.1,58.6,-30.5,0,,0,,,,1.117,0.77,1.623,,,,,,,0.3,65,64,0.431,0.375,0.871,0,3,,,,,,,1.717,1.05,2.809,1.152,,1.117,,,,Wing,0.48,,,-1.11,1.69,EuroCup,2018-19,intl
Dominique Sutton,122,93,29,10,9,44.4,110,47.3,-2.8,21,50.0,3.6,19,21.1,52.0,-30.9,0,,0,,,,1.142,0.97,1.345,,,,,,,0.725,81,64,0.444,0.484,1.09,6,3,,,,,,,1.106,0.698,1.752,1.049,0.93,1.185,,,,Wing,0.62,,,0.7,0.23,EuroCup,2018-19,intl
Amine Noua,122,95,27,10,7,71.4,120,58.8,12.7,31,56.5,-4.0,18,19.4,66.1,-46.6,0,,0,,,,0.941,0.794,1.116,,,,,,,0.675,68,74,0.456,0.405,0.889,5,2,,,,,,,1.36,0.968,1.911,1.0,0.933,0.933,,,,Wing,-0.48,,,0.49,0.83,EuroCup,2018-19,intl
Jarrod Jones,122,95,27,9,8,75.0,119,47.1,27.9,31,53.2,5.8,22,31.8,52.4,-20.6,0,,0,,,,0.93,0.786,1.101,,,,,,,0.75,71,69,0.535,0.507,0.948,6,3,,,,,,,0.72,0.395,1.313,0.907,1.121,0.941,,,,Wing,-0.55,,,0.81,-0.7,EuroCup,2018-19,intl
Josh Bostic,120,89,31,10,0,,121,53.7,,28,51.8,-2.5,16,65.6,51.9,13.7,0,,0,,,,0.82,0.618,1.088,,,,,,,0.775,86,67,0.465,0.463,0.995,5,5,,,,,,,1.167,0.697,1.953,0.96,0.851,0.898,,,,Wing,-1.15,,,0.91,0.37,EuroCup,2018-19,intl
Guillem Vives,120,114,6,4,7,57.1,66,43.2,14.0,25,38.0,-9.9,14,21.4,50.0,-28.6,0,,0,,,,1.169,0.65,2.105,,,,,,,0.375,53,71,0.396,0.38,0.96,1,3,,,,,,,0.677,0.12,3.807,0.919,1.729,1.169,,,,Wing,0.77,,,-0.79,-0.8,EuroCup,2018-19,intl
Sasu Salin,120,97,23,10,5,0.0,105,55.7,-55.7,27,27.8,-33.7,13,34.6,55.7,-21.1,0,,0,,,,0.949,0.751,1.199,,,,,,,0.575,71,65,0.493,0.523,1.061,3,2,,,,,,,1.29,0.754,2.21,0.894,0.816,0.866,,,,Wing,-0.44,,,0.06,0.67,EuroCup,2018-19,intl
Theo Maledon,119,102,17,9,4,0.0,89,50.0,-50.0,34,35.3,-19.8,8,87.5,44.1,43.4,0,,0,,,,0.822,0.542,1.246,,,,,,,0.472,62,67,0.355,0.493,1.388,1,5,,,,,,,0.626,0.236,1.661,1.018,0.684,0.854,,,,Playmaker,-0.94,,,-1.03,-0.99,EuroCup,2018-19,intl
Evgeny Voronov,119,97,22,8,4,37.5,94,46.3,-8.8,32,35.9,-14.8,17,17.6,51.9,-34.2,0,,0,,,,0.846,0.604,1.183,,,,,,,0.688,59,72,0.492,0.417,0.848,3,4,,,,,,,1.177,0.654,2.12,1.094,1.351,0.869,,,,Wing,-1.01,,,0.54,0.4,EuroCup,2018-19,intl
Mindaugas Girdziunas,118,97,21,9,5,70.0,99,52.0,18.0,27,57.4,6.1,22,47.7,54.3,-6.5,0,,0,,,,1.155,0.971,1.374,,,,,,,0.583,71,57,0.437,0.509,1.165,3,5,,,,,,,0.889,0.499,1.585,1.012,1.023,1.102,,,,Playmaker,0.42,,,-0.49,-0.26,EuroCup,2018-19,intl
Yakuba Ouattara,118,88,30,12,9,88.9,117,49.6,39.3,35,55.7,4.6,11,18.2,55.7,-37.5,0,,0,,,,1.11,0.973,1.266,,,,,,,0.625,72,70,0.514,0.5,0.973,4,3,,,,,,,1.279,0.826,1.98,1.128,1.155,1.131,,,,Wing,0.45,,,0.28,0.64,EuroCup,2018-19,intl
Martynas Echodas,117,113,4,4,6,83.3,109,61.5,21.9,29,72.4,13.1,13,46.2,64.7,-18.6,0,,0,,,,0.785,0.445,1.384,,,,,,,0.25,66,55,0.394,0.309,0.785,1,1,,,,,,,1.565,,,1.012,,0.785,,,,Big,-1.46,,,-1.47,1.61,EuroCup,2018-19,intl
Sylven Landesberg,117,92,25,9,4,62.5,111,48.6,13.9,35,55.7,9.5,7,64.3,48.1,16.1,0,,0,,,,0.896,0.707,1.136,,,,,,,0.694,61,75,0.475,0.493,1.038,3,6,,,,,,,0.526,0.24,1.153,1.016,0.872,0.933,,,,Wing,-0.73,,,0.57,-1.16,EuroCup,2018-19,intl
Nigel Hayes,117,92,25,8,12,45.8,100,62.0,-16.2,37,44.6,-23.4,7,92.9,58.1,34.8,0,,0,,,,1.025,0.867,1.211,,,,,,,0.781,57,75,0.351,0.453,1.292,2,4,,,,,,,0.798,0.486,1.311,0.992,1.206,0.91,,,,Wing,-0.02,,,0.94,-0.51,EuroCup,2018-19,intl
Fernando San Emeterio,117,102,15,5,5,50.0,95,60.5,-10.5,18,58.3,-2.0,14,92.9,54.7,38.2,0,,0,,,,0.746,0.488,1.141,,,,,,,0.75,56,71,0.393,0.38,0.968,3,1,,,,,,,1.302,0.783,2.163,0.766,,0.851,,,,Wing,-1.56,,,0.81,0.69,EuroCup,2018-19,intl
Charles Kahudi,116,99,17,9,3,66.7,120,52.9,13.7,29,43.1,-13.3,25,50.0,54.1,-4.1,0,,0,,,,0.981,0.815,1.182,,,,,,,0.472,75,61,0.467,0.525,1.124,3,4,,,,,,,1.079,0.643,1.811,1.069,0.998,0.961,,,,,,,,,,EuroCup,2018-19,intl
Jordan Hamilton,114,82,32,10,8,62.5,100,49.0,13.5,30,38.3,-16.2,13,19.2,54.2,-35.0,0,,0,,,,1.116,0.92,1.354,,,,,,,0.8,66,70,0.409,0.5,1.222,3,6,,,,,,,1.191,0.751,1.888,1.111,1.255,1.114,,,,Wing,0.48,,,1.02,0.43,EuroCup,2018-19,intl
Rok Stipcevic,112,89,23,9,6,41.7,83,47.0,-5.3,20,37.5,-11.8,13,34.6,48.7,-14.1,0,,0,,,,1.337,1.042,1.714,,,,,,,0.639,68,62,0.368,0.532,1.448,3,4,,,,,,,0.881,0.453,1.715,1.365,1.433,1.348,,,,Playmaker,1.16,,,-0.22,-0.28,EuroCup,2018-19,intl
Jordan Taylor,112,95,17,5,6,41.7,66,42.4,-0.8,20,45.0,3.7,17,35.3,44.5,-9.3,0,,0,,,,1.229,0.824,1.833,,,,,,,0.85,62,62,0.339,0.387,1.143,3,2,,,,,,,1.196,0.572,2.502,0.943,1.188,1.335,,,,Playmaker,0.72,,,0.8,0.6,EuroCup,2018-19,intl
Bryon Allen,112,80,32,10,7,35.7,117,51.7,-16.0,35,50.0,-1.1,11,31.8,52.7,-20.8,0,,0,,,,1.103,0.97,1.254,,,,,,,0.8,66,76,0.439,0.553,1.258,5,6,,,,,,,1.03,0.668,1.589,0.961,1.108,1.09,,,,Wing,0.41,,,1.02,0.04,EuroCup,2018-19,intl
Arnas Butkevicius,111,98,13,7,7,78.6,80,43.8,34.8,30,50.0,5.3,15,46.7,46.5,0.1,0,,0,,,,0.874,0.558,1.369,,,,,,,0.464,56,67,0.393,0.433,1.102,1,4,,,,,,,1.113,0.531,2.334,0.938,0.701,0.835,,,,Wing,-0.85,,,-0.41,0.24,EuroCup,2018-19,intl
Vladimir Stimac,111,90,21,7,4,50.0,104,60.6,-10.6,20,55.0,-6.4,23,60.9,60.0,0.9,0,,0,,,,1.113,0.98,1.265,,,,,,,0.75,63,60,0.302,0.4,1.326,2,4,,,,,,,0.943,0.635,1.401,1.073,1.16,1.081,,,,Big,0.58,,,0.8,-0.41,EuroCup,2018-19,intl
Trevor Lacey,110,94,16,5,0,,78,58.3,,17,61.8,4.4,15,50.0,60.3,-10.3,0,,0,,,,0.77,0.462,1.286,,,,,,,0.8,60,60,0.367,0.317,0.864,1,1,,,,,,,0.477,0.14,1.62,1.173,0.765,0.876,,,,Wing,-1.43,,,1.02,-1.28,EuroCup,2018-19,intl
James Florence,109,82,27,7,1,100.0,93,48.9,51.1,26,61.5,16.7,12,45.8,50.0,-4.2,0,,0,,,,1.225,0.991,1.516,,,,,,,0.964,67,57,0.448,0.474,1.058,3,5,,,,,,,0.694,0.35,1.375,1.093,1.084,1.212,,,,Playmaker,0.71,,,1.35,-0.8,EuroCup,2018-19,intl
Tj Campbell,108,94,14,6,1,0.0,73,62.3,-62.3,20,45.0,-22.6,10,55.0,62.5,-7.5,0,,0,,,,1.243,0.855,1.808,,,,,,,0.583,61,58,0.23,0.466,2.028,1,4,,,,,,,0.6,0.224,1.604,1.547,1.643,1.361,,,,Playmaker,0.78,,,-0.49,-1.07,EuroCup,2018-19,intl
Damien Inglis,107,91,16,7,3,50.0,83,39.2,10.8,23,58.7,26.2,16,21.9,43.6,-21.7,0,,0,,,,0.836,0.562,1.245,,,,,,,0.571,63,57,0.524,0.404,0.77,4,1,,,,,,,,,,0.884,0.755,0.722,,,,Wing,-1.06,,,0.05,,EuroCup,2018-19,intl
Sergey Karasev,106,90,16,5,6,50.0,97,57.2,-7.2,24,60.4,4.7,11,54.5,57.1,-2.5,0,,0,,,,0.993,0.731,1.348,,,,,,,0.8,75,57,0.453,0.351,0.774,4,3,,,,,,,1.374,0.859,2.196,0.98,1.14,1.048,,,,Wing,-0.2,,,1.02,0.87,EuroCup,2018-19,intl
Marcel Ponitka,104,91,13,4,0,,64,43.0,,14,42.9,-0.1,9,38.9,43.6,-4.7,0,,0,,,,0.961,0.563,1.641,,,,,,,0.812,48,64,0.375,0.344,0.917,1,3,,,,,,,1.093,0.435,2.745,0.9,0.746,0.9,,,,Wing,-0.37,,,1.07,0.19,EuroCup,2018-19,intl
Louis Labeyrie,103,95,8,4,4,75.0,92,52.2,22.8,26,55.8,3.6,18,44.4,55.1,-10.7,0,,0,,,,1.218,,,,,,,,,0.5,48,65,0.458,0.385,0.839,1,3,,,,,,,1.463,0.928,2.305,0.953,1.2,1.218,,,,Big,1.24,,,-0.34,1.28,EuroCup,2018-19,intl
Ryan Thompson,103,90,13,6,1,100.0,84,48.8,51.2,13,46.2,-3.8,11,36.4,51.4,-15.0,0,,0,,,,1.033,0.749,1.425,,,,,,,0.542,66,46,0.424,0.37,0.871,3,3,,,,,,,0.985,0.508,1.912,1.061,0.435,0.985,,,,Wing,0.02,,,-0.08,-0.06,EuroCup,2018-19,intl
Isaiah Miles,102,83,19,6,0,,99,62.1,,21,45.2,-21.4,12,75.0,60.3,14.7,0,,0,,,,0.91,0.711,1.165,,,,,,,0.792,63,51,0.429,0.471,1.098,3,4,,,,,,,0.862,0.482,1.541,0.991,0.858,0.961,,,,Wing,-0.66,,,0.99,-0.36,EuroCup,2018-19,intl
Anton Ponkrashov,102,86,16,8,4,62.5,89,41.6,20.9,26,42.3,-0.2,25,24.0,49.3,-25.3,0,,0,,,,0.768,0.518,1.137,,,,,,,0.5,65,53,0.477,0.566,1.187,3,1,,,,,,,0.778,0.288,2.097,0.948,1.284,0.819,,,,Wing,-1.44,,,-0.26,-0.56,EuroCup,2018-19,intl
Aaron Doornekamp,101,93,8,5,5,20.0,71,48.6,-28.6,26,40.4,-9.6,18,33.3,50.9,-17.5,0,,0,,,,1.271,0.946,1.709,,,,,,,0.4,55,51,0.455,0.451,0.992,2,0,,,,,,,1.097,0.442,2.722,1.467,1.411,1.271,,,,Wing,1.33,,,-0.68,0.2,EuroCup,2018-19,intl
Tyshawn Taylor,99,95,4,1,7,57.1,64,59.4,-2.2,17,41.2,-23.6,6,50.0,60.0,-10.0,0,,0,,,,1.508,,,,,,,,,1.0,50,53,0.3,0.283,0.943,1,0,,,,,,,0.851,0.313,2.318,1.327,,1.5,,,,Playmaker,1.86,,,1.53,-0.37,EuroCup,2018-19,intl
Erik Murphy,99,82,17,6,7,64.3,95,72.6,-8.3,20,70.0,-2.6,16,68.8,72.7,-3.9,0,,0,,,,0.889,0.707,1.116,,,,,,,0.708,61,50,0.311,0.44,1.413,3,3,,,,,,,0.852,0.527,1.376,1.02,0.868,0.926,,,,Big,-0.81,,,0.61,-0.7,EuroCup,2018-19,intl
Codi Miller-Mcintyre,98,86,12,4,1,150.0,55,38.2,111.8,13,38.5,-2.2,5,20.0,42.2,-22.2,0,,0,,,,0.779,0.388,1.565,,,,,,,0.75,59,46,0.356,0.37,1.038,3,0,,,,,,,1.15,0.366,3.611,0.801,,0.764,,,,Wing,-1.38,,,0.81,0.33,EuroCup,2018-19,intl
Jamil Wilson,98,89,9,5,12,62.5,75,58.0,4.5,25,48.0,-14.9,8,56.2,58.9,-2.6,0,,0,,,,1.236,,,,,,,,,0.45,59,47,0.356,0.489,1.375,2,3,,,,,,,0.6,0.233,1.546,0.961,1.232,1.127,,,,Playmaker,0.75,,,-1.13,-1.07,EuroCup,2018-19,intl
Tony Carr,97,69,28,8,13,38.5,91,48.4,-9.9,39,47.4,0.5,14,42.9,47.8,-4.9,0,,0,,,,1.165,0.995,1.363,,,,,,,0.875,53,71,0.528,0.493,0.933,4,4,,,,,,,1.31,0.786,2.182,1.176,0.941,1.149,,,,Playmaker,0.46,,,0.92,0.92,EuroCup,2018-19,intl
Tai Webster,96,73,23,7,6,58.3,79,46.8,11.5,22,47.7,0.1,13,53.8,46.5,7.3,0,,0,,,,1.039,0.807,1.337,,,,,,,0.821,53,57,0.434,0.456,1.051,1,5,,,,,,,1.146,0.66,1.988,1.05,1.329,1.043,,,,Playmaker,-0.06,,,0.66,0.46,EuroCup,2018-19,intl
Jamel Mclean,94,87,7,6,3,33.3,69,56.5,-23.2,19,57.9,3.2,11,54.5,55.7,-1.2,0,,0,,,,0.802,0.416,1.544,,,,,,,0.292,43,57,0.349,0.298,0.855,2,2,,,,,,,1.292,0.706,2.363,1.124,0.928,0.802,,,,Wing,-1.25,,,-1.14,0.67,EuroCup,2018-19,intl
Gerald Robinson,94,82,12,5,4,100.0,73,46.6,53.4,14,50.0,0.8,6,33.3,50.7,-17.4,0,,0,,,,1.39,,,,,,,,,0.6,51,50,0.353,0.48,1.36,1,3,,,,,,,1.054,0.563,1.971,0.928,1.343,1.297,,,,Playmaker,1.38,,,-0.41,0.2,EuroCup,2018-19,intl
Marko Simonovic,93,75,18,8,4,87.5,88,43.8,43.8,18,47.2,2.0,6,83.3,43.0,40.3,0,,0,,,,1.19,,,,,,,,,0.562,59,45,0.525,0.6,1.142,3,5,,,,,,,0.519,0.209,1.288,1.121,1.169,1.19,,,,Wing,0.89,,,0.01,-1.18,EuroCup,2018-19,intl
Mouhammad Faye,93,82,11,6,1,0.0,81,53.7,-53.7,21,54.8,2.3,12,45.8,54.3,-8.5,0,,0,,,,0.89,0.611,1.296,,,,,,,0.458,55,45,0.4,0.556,1.389,1,4,,,,,,,0.254,0.04,1.613,1.019,0.986,0.918,,,,Wing,-0.77,,,-0.43,-1.81,EuroCup,2018-19,intl
Dwayne Evans,92,74,18,8,10,20.0,77,47.4,-27.4,19,36.8,-9.5,9,44.4,44.2,0.2,0,,0,,,,0.979,0.78,1.229,,,,,,,0.562,57,44,0.439,0.614,1.399,1,4,,,,,,,0.56,0.233,1.348,1.03,1.058,0.989,,,,Wing,-0.28,,,0.01,-1.08,EuroCup,2018-19,intl
Toto Forray,92,80,12,4,2,50.0,69,50.0,0.0,28,51.8,2.9,10,70.0,46.7,23.3,0,,0,,,,0.92,0.603,1.403,,,,,,,0.75,42,56,0.381,0.446,1.172,0,4,,,,,,,1.45,0.786,2.676,1.164,0.782,0.887,,,,Playmaker,-0.54,,,0.32,1.31,EuroCup,2018-19,intl
Jarrod Uthoff,91,79,12,5,4,37.5,82,58.5,-21.0,25,60.0,3.4,8,37.5,59.6,-22.1,0,,0,,,,0.94,0.721,1.226,,,,,,,0.6,46,51,0.478,0.471,0.984,0,3,,,,,,,0.778,0.352,1.718,1.066,1.137,0.955,,,,Wing,-0.49,,,0.17,-0.56,EuroCup,2018-19,intl
Melvin Ejim,91,76,15,6,11,45.5,69,58.0,-12.5,22,54.5,-2.4,8,18.8,60.4,-41.7,0,,0,,,,1.182,0.989,1.413,,,,,,,0.625,58,39,0.379,0.487,1.284,2,2,,,,,,,0.779,0.408,1.488,1.021,1.232,1.182,,,,Wing,0.84,,,0.28,-0.56,EuroCup,2018-19,intl
Awudu Abass,91,62,29,8,1,100.0,94,46.3,53.7,17,44.1,-3.3,9,27.8,48.8,-21.1,0,,0,,,,0.972,0.819,1.152,,,,,,,0.906,51,58,0.549,0.466,0.848,4,3,,,,,,,1.056,0.64,1.742,0.894,1.169,0.966,,,,Wing,-0.31,,,1.47,0.11,EuroCup,2018-19,intl
Kyle Weems,90,72,18,6,6,66.7,85,64.1,2.5,28,53.6,-15.5,13,61.5,64.7,-3.2,0,,0,,,,0.985,0.822,1.179,,,,,,,0.75,44,57,0.432,0.404,0.934,3,3,,,,,,,0.938,0.583,1.508,1.079,0.656,0.963,,,,Wing,-0.24,,,0.81,-0.18,EuroCup,2018-19,intl
Trae Bell-Haynes,90,75,15,4,7,50.0,62,53.2,-3.2,23,65.2,18.5,13,30.8,58.0,-27.3,0,,0,,,,0.882,0.567,1.372,,,,,,,0.938,48,54,0.375,0.333,0.889,1,0,,,,,,,2.061,1.394,3.046,1.154,,0.859,,,,Playmaker,-0.7,,,1.23,3.02,EuroCup,2018-19,intl
Filip Covic,90,80,10,3,3,33.3,59,51.7,-18.4,26,59.6,15.2,8,31.2,53.7,-22.5,0,,0,,,,0.741,0.391,1.402,,,,,,,0.833,33,60,0.485,0.35,0.722,0,1,,,,,,,0.939,0.307,2.87,0.947,0.75,0.741,,,,Playmaker,-1.28,,,0.72,-0.12,EuroCup,2018-19,intl
Vladislav Trushkin,90,75,15,6,2,75.0,91,57.7,17.3,23,60.9,3.7,9,61.1,57.7,3.4,0,,0,,,,1.136,,,,,,,,,0.625,56,50,0.411,0.48,1.169,2,3,,,,,,,1.131,0.706,1.813,1.069,1.13,1.065,,,,Wing,0.59,,,0.28,0.29,EuroCup,2018-19,intl
Isaiah Whitehead,90,82,8,4,8,62.5,63,49.2,13.3,22,52.3,2.3,9,38.9,52.4,-13.5,0,,0,,,,1.042,0.683,1.59,,,,,,,0.5,49,49,0.469,0.347,0.739,2,2,,,,,,,0.351,0.058,2.144,1.08,1.05,0.962,,,,Playmaker,-0.04,,,-0.89,-1.76,EuroCup,2018-19,intl
Rade Zagorac,89,75,14,6,2,50.0,83,51.8,-1.8,18,44.4,-9.3,10,40.0,53.3,-13.3,0,,0,,,,0.714,0.448,1.14,,,,,,,0.583,47,61,0.447,0.41,0.917,1,5,,,,,,,1.339,0.734,2.443,0.902,1.291,0.801,,,,Wing,-1.73,,,0.1,0.78,EuroCup,2018-19,intl
Joshiko Saibou,89,78,11,6,5,80.0,71,40.8,39.2,20,35.0,-11.4,6,50.0,42.9,7.1,0,,0,,,,0.93,0.636,1.36,,,,,,,0.458,43,53,0.488,0.472,0.966,0,4,,,,,,,1.173,0.553,2.487,0.976,0.621,0.959,,,,Playmaker,-0.5,,,-1.1,0.54,EuroCup,2018-19,intl
Gal Mekel,88,73,15,5,4,0.0,53,40.6,-40.6,15,20.0,-24.0,5,50.0,36.5,13.5,0,,0,,,,0.921,0.512,1.655,,,,,,,0.75,60,45,0.333,0.378,1.133,3,2,,,,,,,0.991,0.39,2.516,0.868,1.247,1.112,,,,Wing,-0.59,,,0.81,-0.05,EuroCup,2018-19,intl
Kenny Kadji,87,80,7,3,4,50.0,80,64.4,-14.4,17,70.6,8.6,8,37.5,66.4,-28.9,0,,0,,,,1.111,,,,,,,,,0.583,55,37,0.418,0.405,0.969,1,1,,,,,,,0.735,0.306,1.767,1.158,1.107,1.111,,,,Big,0.57,,,0.04,-1.08,EuroCup,2018-19,intl
Nemanja Vranjes,87,68,19,6,7,57.1,70,50.0,7.1,25,66.0,22.7,14,39.3,53.2,-13.9,0,,0,,,,1.288,1.079,1.539,,,,,,,0.792,47,49,0.511,0.469,0.919,2,2,,,,,,,1.389,0.769,2.51,0.912,1.284,1.312,,,,Playmaker,0.96,,,0.52,1.14,EuroCup,2018-19,intl
Isaac Fotu,87,71,16,6,7,42.9,78,55.1,-12.3,19,57.9,4.9,12,75.0,50.7,24.3,0,,0,,,,0.716,0.485,1.057,,,,,,,0.667,47,54,0.447,0.389,0.87,3,1,,,,,,,1.315,0.824,2.1,0.98,1.211,0.763,,,,Wing,-1.72,,,0.46,0.73,EuroCup,2018-19,intl
Moussa Diagne,85,84,1,2,3,66.7,78,61.5,5.1,13,61.5,-0.2,10,90.0,57.7,32.3,0,,0,,,,1.077,,,,,,,,,0.125,54,33,0.352,0.364,1.033,0,0,,,,,,,,,,0.955,,1.077,,,,Wing,0.26,,,-1.85,,EuroCup,2018-19,intl
Beto Gomes,85,62,23,8,8,68.8,83,50.6,18.1,33,63.6,17.9,15,43.3,53.9,-10.6,0,,0,,,,1.029,0.882,1.201,,,,,,,0.719,43,58,0.535,0.517,0.967,3,5,,,,,,,0.907,0.514,1.599,0.898,0.941,1.002,,,,,,,,,,EuroCup,2018-19,intl
Jerry Boutsiele,85,76,9,5,4,100.0,78,47.4,52.6,14,64.3,17.2,10,20.0,54.2,-34.2,0,,0,,,,0.896,0.625,1.284,,,,,,,0.45,59,36,0.475,0.361,0.761,4,2,,,,,,,1.048,0.532,2.064,0.965,0.86,0.942,,,,Wing,-0.73,,,-0.47,0.09,EuroCup,2018-19,intl
Zach Auguste,84,73,11,6,2,0.0,80,58.8,-58.8,13,38.5,-22.4,8,50.0,58.1,-8.1,0,,0,,,,1.021,0.833,1.251,,,,,,,0.458,54,38,0.37,0.395,1.066,3,2,,,,,,,0.975,0.567,1.675,1.05,1.128,0.954,,,,Big,0.01,,,-0.53,-0.31,EuroCup,2018-19,intl
Kostas Kaimakoglou,84,84,0,0,2,75.0,54,66.7,8.3,15,60.0,-9.5,8,50.0,69.8,-19.8,0,,0,,,,,,,,,,,,,,39,45,0.333,0.244,0.733,0,0,,,,,,,,,,1.007,,,,,,Wing,,,,,,EuroCup,2018-19,intl
Shawn Huff,84,70,14,8,6,83.3,73,43.8,39.5,21,59.5,17.3,18,33.3,50.8,-17.5,0,,0,,,,0.948,0.707,1.272,,,,,,,0.438,61,35,0.557,0.457,0.82,3,1,,,,,,,1.438,0.764,2.705,0.948,1.224,0.905,,,,Wing,-0.45,,,-0.52,1.02,EuroCup,2018-19,intl
Chris Kramer,84,74,10,5,4,0.0,50,40.0,-40.0,9,22.2,-17.8,10,40.0,36.4,3.6,0,,0,,,,0.841,0.44,1.607,,,,,,,0.5,55,35,0.364,0.429,1.179,1,2,,,,,,,1.035,0.332,3.225,0.879,,0.764,,,,Wing,-1.03,,,-0.26,0.06,EuroCup,2018-19,intl
Aaron Harrison,84,61,23,8,8,93.8,71,43.7,50.1,23,47.8,-1.3,14,7.1,57.7,-50.5,0,,0,,,,1.172,0.914,1.502,,,,,,,0.719,51,55,0.431,0.509,1.18,4,4,,,,,,,1.006,0.534,1.896,1.309,0.98,1.05,,,,Wing,0.79,,,0.68,-0.01,EuroCup,2018-19,intl
Alex Renfroe,83,71,12,4,4,25.0,46,35.9,-10.9,12,37.5,3.3,2,0.0,36.5,-36.5,0,,0,,,,1.145,0.613,2.138,,,,,,,0.75,53,46,0.396,0.348,0.878,3,1,,,,,,,0.574,0.088,3.732,1.737,1.066,1.113,,,,Playmaker,0.38,,,0.32,-1.14,EuroCup,2018-19,intl
Djordje Gagic,83,73,10,6,2,100.0,73,50.7,49.3,15,53.3,1.7,8,37.5,53.7,-16.2,0,,0,,,,1.114,0.88,1.408,,,,,,,0.417,57,34,0.351,0.471,1.341,2,2,,,,,,,0.993,0.531,1.859,0.988,0.6,1.031,,,,,,,,,,EuroCup,2018-19,intl
Carlos Suarez,82,74,8,3,2,0.0,50,42.0,-42.0,18,25.0,-23.5,14,25.0,46.1,-21.1,0,,0,,,,1.542,1.11,2.142,,,,,,,0.667,50,35,0.32,0.514,1.607,1,2,,,,,,,0.75,0.219,2.574,1.386,1.111,1.542,,,,Wing,2.82,,,0.46,-0.63,EuroCup,2018-19,intl
Kenny Gabriel,82,77,5,4,3,33.3,75,66.0,-32.7,15,46.7,-22.4,8,87.5,62.1,25.4,0,,0,,,,0.88,0.565,1.372,,,,,,,0.312,45,41,0.444,0.463,1.043,0,1,,,,,,,0.946,0.346,2.583,0.957,0.547,0.88,,,,Wing,-0.82,,,-1.06,-0.16,EuroCup,2018-19,intl
Dustin Hogue,81,72,9,3,1,100.0,78,53.8,46.2,20,45.0,-12.6,14,42.9,56.9,-14.1,0,,0,,,,1.049,0.816,1.348,,,,,,,0.75,39,52,0.436,0.365,0.838,2,1,,,,,,,1.191,0.662,2.144,0.971,0.865,1.092,,,,Wing,0.11,,,0.81,0.43,EuroCup,2018-19,intl
Bandja Sy,80,75,5,3,6,75.0,62,53.2,21.8,21,71.4,23.6,3,0.0,57.7,-57.7,0,,0,,,,0.984,0.626,1.545,,,,,,,0.417,46,37,0.435,0.432,0.995,1,1,,,,,,,0.492,0.089,2.734,1.16,1.231,0.984,,,,Wing,-0.25,,,-0.61,-1.24,EuroCup,2018-19,intl
Katin Reinhardt,78,63,15,5,9,55.6,71,47.2,8.4,27,44.4,-5.6,7,35.7,49.3,-13.6,0,,0,,,,1.03,0.822,1.291,,,,,,,0.75,37,55,0.568,0.545,0.961,3,3,,,,,,,0.51,0.181,1.436,0.976,1.089,1.075,,,,Wing,0.0,,,0.81,-1.2,EuroCup,2018-19,intl
Demonte Harper,77,72,5,3,3,0.0,51,55.9,-55.9,14,32.1,-27.9,5,60.0,52.0,8.0,0,,0,,,,0.9,0.432,1.875,,,,,,,0.417,42,38,0.31,0.447,1.445,1,1,,,,,,,1.455,0.617,3.428,0.815,0.487,0.9,,,,Wing,-0.71,,,-0.61,1.06,EuroCup,2018-19,intl
Evgeny Kolesnikov,77,68,9,5,2,50.0,71,56.3,-6.3,20,67.5,15.6,13,73.1,52.5,20.6,0,,0,,,,0.743,0.465,1.188,,,,,,,0.45,38,45,0.553,0.422,0.764,0,0,,,,,,,1.017,0.439,2.355,0.981,1.141,0.78,,,,Wing,-1.57,,,-0.47,0.01,EuroCup,2018-19,intl
Brandon Jennings,77,73,4,1,0,,45,45.6,,6,58.3,14.7,4,0.0,50.0,-50.0,0,,0,,,,1.564,0.846,2.891,,,,,,,1.0,47,37,0.277,0.378,1.368,1,1,,,,,,,1.556,0.641,3.776,1.165,1.542,1.738,,,,Wing,2.94,,,1.87,1.3,EuroCup,2018-19,intl
Landry Nnoko,76,67,9,5,1,100.0,73,50.7,49.3,18,55.6,5.6,3,66.7,50.7,16.0,0,,0,,,,1.117,,,,,,,,,0.45,45,36,0.444,0.444,1.0,0,1,,,,,,,1.042,0.555,1.957,1.071,1.106,1.117,,,,Big,0.61,,,-0.56,-0.09,EuroCup,2018-19,intl
Diego Flaccadori,76,67,9,4,3,33.3,59,47.5,-14.1,20,42.5,-6.3,7,14.3,50.9,-36.6,0,,0,,,,1.109,0.756,1.625,,,,,,,0.562,44,42,0.432,0.405,0.937,1,2,,,,,,,1.343,0.652,2.766,0.653,,1.188,,,,Wing,0.44,,,0.01,0.79,EuroCup,2018-19,intl
Daniel Diez,76,73,3,3,4,62.5,60,60.8,1.7,19,50.0,-15.6,7,107.1,55.3,51.9,0,,0,,,,1.259,,,,,,,,,0.25,53,26,0.396,0.5,1.262,1,1,,,,,,,0.69,0.136,3.497,1.068,1.246,1.259,,,,Wing,1.26,,,-1.32,-0.77,EuroCup,2018-19,intl
Ognjen Dobric,75,66,9,7,2,75.0,73,50.7,24.3,14,28.6,-28.0,13,38.5,54.0,-15.6,0,,0,,,,0.978,0.767,1.247,,,,,,,0.321,43,39,0.442,0.615,1.393,0,3,,,,,,,0.776,0.305,1.97,0.976,0.724,0.978,,,,Wing,-0.28,,,-1.02,-0.56,EuroCup,2018-19,intl
Samardo Samuels,74,62,12,5,0,,77,57.8,,10,40.0,-20.4,9,72.2,55.9,16.3,0,,0,,,,0.957,0.73,1.254,,,,,,,0.6,46,41,0.391,0.415,1.06,3,3,,,,,,,0.9,0.463,1.749,1.044,0.863,1.005,,,,Big,-0.39,,,0.12,-0.55,EuroCup,2018-19,intl
Antabia Waller,74,61,13,4,5,100.0,66,52.3,47.7,15,50.0,-7.1,13,69.2,52.6,16.6,0,,0,,,,1.032,0.796,1.339,,,,,,,0.812,43,43,0.395,0.558,1.412,0,2,,,,,,,0.758,0.329,1.743,1.029,0.903,1.027,,,,,,,,,,EuroCup,2018-19,intl
Deividas Dulkys,74,58,16,6,0,,69,51.4,,19,36.8,-20.2,7,64.3,50.0,14.3,0,,0,,,,0.697,0.472,1.029,,,,,,,0.667,38,45,0.5,0.511,1.022,2,2,,,,,,,0.2,0.031,1.31,0.872,0.586,0.682,,,,Wing,-1.83,,,0.46,-1.94,EuroCup,2018-19,intl
Oliver Stevic,74,70,4,1,0,,63,63.5,,14,71.4,10.2,6,50.0,64.9,-14.9,0,,0,,,,1.207,,,,,,,,,1.0,35,40,0.314,0.3,0.955,1,0,,,,,,,1.176,0.646,2.138,1.101,1.203,1.207,,,,Big,1.17,,,1.93,0.35,EuroCup,2018-19,intl
Devyn Marble,73,58,15,7,4,25.0,67,47.0,-22.0,16,40.6,-6.6,4,0.0,48.5,-48.5,0,,0,,,,1.261,,,,,,,,,0.536,49,35,0.469,0.543,1.157,3,2,,,,,,,0.876,0.437,1.756,1.223,1.21,1.261,,,,Wing,1.28,,,-0.1,-0.32,EuroCup,2018-19,intl
Davide Pascolo,73,73,0,1,4,75.0,56,53.6,21.4,8,37.5,-20.2,7,28.6,58.5,-29.9,0,,0,,,,,,,,,,,,,0.0,46,28,0.348,0.429,1.232,0,0,,,,,,,,,,1.213,,,,,,Wing,,,,-2.38,,EuroCup,2018-19,intl
Maximilian Ugrai,73,67,6,5,6,58.3,60,59.2,-0.8,21,59.5,0.6,9,44.4,61.4,-17.0,0,,0,,,,0.784,0.441,1.392,,,,,,,0.3,37,41,0.486,0.415,0.852,0,2,,,,,,,0.983,0.357,2.705,1.052,0.785,0.784,,,,Wing,-1.35,,,-1.11,-0.07,EuroCup,2018-19,intl
Aaron Craft,73,69,4,1,6,50.0,27,44.4,5.6,13,46.2,1.2,2,50.0,45.2,4.8,0,,0,,,,1.784,0.95,3.351,,,,,,,1.0,33,43,0.303,0.186,0.614,1,0,,,,,,,0.69,0.133,3.574,1.101,1.15,1.196,,,,Playmaker,3.0,,,1.53,-0.82,EuroCup,2018-19,intl
Eric Buckner,73,72,1,3,2,50.0,58,65.5,-15.5,17,64.7,-0.4,12,41.7,70.8,-29.2,0,,0,,,,1.286,,,,,,,,,0.083,30,46,0.267,0.283,1.06,0,2,,,,,,,1.474,,,0.97,,1.286,,,,Wing,1.41,,,-2.03,1.11,EuroCup,2018-19,intl
Artsiom Parakhouski,72,67,5,2,4,75.0,65,67.7,7.3,13,76.9,10.9,13,61.5,69.6,-8.1,0,,0,,,,1.081,,,,,,,,,0.625,38,36,0.342,0.25,0.731,0,0,,,,,,,0.845,0.406,1.76,0.85,,1.081,,,,Big,0.38,,,0.23,-0.73,EuroCup,2018-19,intl
Tim Schneider,71,63,8,4,1,150.0,65,60.0,90.0,18,86.1,34.0,7,35.7,64.4,-28.7,0,,0,,,,1.167,,,,,,,,,0.5,35,40,0.571,0.375,0.656,1,0,,,,,,,1.298,0.71,2.375,0.914,1.148,1.167,,,,Wing,0.76,,,-0.26,0.68,EuroCup,2018-19,intl
Deividas Sirvydis,71,69,2,3,3,0.0,59,66.9,-66.9,15,56.7,-9.3,10,75.0,61.5,13.5,0,,0,,,,1.211,,,,,,,,,0.167,38,36,0.421,0.444,1.056,0,0,,,,,,,,,,0.947,1.2,1.211,,,,Wing,1.0,,,-1.67,,EuroCup,2018-19,intl
Richard Freudenberg,71,57,14,6,3,0.0,60,34.2,-34.2,18,25.0,-10.6,15,13.3,38.5,-25.2,0,,0,,,,1.066,0.779,1.46,,,,,,,0.583,44,38,0.523,0.605,1.158,4,2,,,,,,,0.587,0.155,2.227,1.2,1.067,1.056,,,,Wing,0.2,,,0.1,-1.02,EuroCup,2018-19,intl
Per Guenther,71,67,4,3,2,50.0,50,40.0,10.0,21,33.3,-11.8,9,27.8,43.0,-15.2,0,,0,,,,0.713,0.264,1.923,,,,,,,0.333,38,36,0.395,0.583,1.478,0,0,,,,,,,,,,0.791,,0.713,,,,Playmaker,-1.39,,,-1.7,,EuroCup,2018-19,intl
Brady Thomas Heslip,70,49,21,8,9,50.0,66,59.1,-9.1,22,65.9,11.2,7,78.6,55.9,22.7,0,,0,,,,1.225,,,,,,,,,0.656,41,48,0.488,0.479,0.982,2,2,,,,,,,1.232,0.715,2.124,1.199,1.068,1.048,,,,,,,,,,EuroCup,2018-19,intl
Victor Rudd,70,43,27,9,5,110.0,82,43.9,66.1,29,65.5,26.7,7,64.3,46.2,18.0,0,,0,,,,0.98,0.832,1.155,,,,,,,0.75,46,49,0.587,0.51,0.869,5,4,,,,,,,0.975,0.508,1.87,0.889,1.007,1.0,,,,Wing,-0.27,,,0.81,-0.09,EuroCup,2018-19,intl
Krzysztof Szubarga,69,56,13,6,0,,53,43.4,,10,55.0,14.3,13,57.7,38.8,18.9,0,,0,,,,1.02,0.681,1.529,,,,,,,0.542,40,37,0.45,0.459,1.021,1,2,,,,,,,2.111,1.094,4.075,0.962,,0.884,,,,Playmaker,-0.13,,,-0.69,3.16,EuroCup,2018-19,intl
Maik Zirbes,69,63,6,4,0,,62,66.1,,9,66.7,0.6,13,69.2,65.3,3.9,0,,0,,,,0.991,0.682,1.439,,,,,,,0.375,41,32,0.195,0.406,2.082,0,1,,,,,,,1.146,0.714,1.838,1.0,1.183,0.991,,,,Big,-0.18,,,-0.9,0.25,EuroCup,2018-19,intl
Marko Arapovic,69,56,13,7,6,91.7,64,40.6,51.0,33,34.8,-19.2,8,37.5,46.0,-8.5,0,,0,,,,1.1,0.906,1.336,,,,,,,0.464,34,46,0.471,0.543,1.155,3,4,,,,,,,1.068,0.562,2.031,0.852,1.154,1.112,,,,Big,0.5,,,-0.5,-0.0,EuroCup,2018-19,intl
Borisa Simanic,68,62,6,3,0,,61,58.2,,13,34.6,-30.0,10,45.0,60.8,-15.8,0,,0,,,,1.192,,,,,,,,,0.5,39,32,0.487,0.375,0.77,1,1,,,,,,,1.0,0.43,2.328,1.076,1.172,1.192,,,,Big,1.07,,,-0.34,-0.22,EuroCup,2018-19,intl
David Moss,66,62,4,2,1,0.0,45,55.6,-55.6,14,64.3,14.3,5,60.0,53.7,6.3,0,,0,,,,1.59,,,,,,,,,0.5,34,35,0.324,0.4,1.236,1,1,,,,,,,1.625,0.84,3.143,0.692,1.561,1.59,,,,Wing,3.09,,,-0.26,1.47,EuroCup,2018-19,intl
Stefan Jankovic,66,59,7,5,0,,62,44.4,,10,35.0,-11.2,13,19.2,51.0,-31.8,0,,0,,,,1.18,,,,,,,,,0.35,44,27,0.455,0.667,1.467,0,2,,,,,,,0.68,0.202,2.294,1.099,1.158,1.18,,,,Big,1.0,,,-1.02,-1.26,EuroCup,2018-19,intl
Jaka Klobucar,65,55,10,5,8,37.5,41,32.9,4.6,13,23.1,-14.4,5,30.0,34.1,-4.1,0,,0,,,,1.294,0.891,1.879,,,,,,,0.5,33,41,0.455,0.512,1.127,1,3,,,,,,,0.386,0.058,2.575,1.264,0.929,1.348,,,,Wing,1.46,,,-0.26,-1.5,EuroCup,2018-19,intl
James Bell,65,48,17,5,3,33.3,66,47.0,-13.6,17,32.4,-18.6,9,33.3,48.3,-15.0,0,,0,,,,1.129,0.949,1.343,,,,,,,0.85,36,42,0.5,0.619,1.238,2,4,,,,,,,1.094,0.558,2.144,0.88,1.191,1.145,,,,Wing,0.55,,,1.23,0.2,EuroCup,2018-19,intl
Ivan Ramljak,64,61,3,2,1,100.0,51,52.0,48.0,11,50.0,-3.7,10,90.0,44.0,46.0,0,,0,,,,1.298,,,,,,,,,0.375,34,32,0.324,0.5,1.545,0,0,,,,,,,2.136,,,0.745,,1.298,,,,Wing,1.48,,,-0.79,2.69,EuroCup,2018-19,intl
Elijah Clarance,64,58,6,8,3,0.0,60,45.0,-45.0,17,50.0,9.8,14,14.3,51.0,-36.7,0,,0,,,,0.967,0.666,1.403,,,,,,,0.188,28,44,0.607,0.523,0.861,0,3,,,,,,,0.455,0.077,2.697,1.179,0.759,0.967,,,,Wing,-0.34,,,-1.58,-1.33,EuroCup,2018-19,intl
Ian Hummer,63,48,15,4,2,100.0,65,52.3,47.7,12,58.3,5.6,12,50.0,54.5,-4.5,0,,0,,,,1.149,0.948,1.391,,,,,,,0.938,42,37,0.429,0.378,0.883,4,1,,,,,,,0.969,0.574,1.636,1.167,0.986,1.051,,,,Wing,0.66,,,1.61,-0.1,EuroCup,2018-19,intl
Giuseppe Poeta,63,63,0,1,1,100.0,33,63.6,36.4,9,77.8,17.8,3,33.3,67.7,-34.4,0,,0,,,,,,,,,,,,,0.0,35,29,0.229,0.241,1.056,0,0,,,,,,,,,,0.475,,,,,,Playmaker,,,,-3.31,,EuroCup,2018-19,intl
David Walker,62,50,12,4,3,66.7,57,48.2,18.4,16,53.1,5.4,6,16.7,52.8,-36.1,0,,0,,,,1.146,0.92,1.428,,,,,,,0.75,41,32,0.415,0.562,1.357,2,2,,,,,,,1.283,0.671,2.456,1.015,0.81,1.161,,,,Wing,0.64,,,0.81,0.65,EuroCup,2018-19,intl
Nikola Rebic,62,55,7,4,1,150.0,38,36.8,113.2,6,25.0,-17.4,8,18.8,45.2,-26.4,0,,0,,,,1.31,0.773,2.218,,,,,,,0.438,38,30,0.342,0.433,1.267,0,0,,,,,,,1.091,0.338,3.522,1.171,,1.034,,,,Playmaker,1.05,,,-1.19,0.31,EuroCup,2018-19,intl
Johannes Thiemann,61,58,3,3,3,66.7,53,55.7,11.0,14,64.3,10.7,7,28.6,60.2,-31.6,0,,0,,,,1.137,,,,,,,,,0.25,34,30,0.441,0.333,0.756,1,0,,,,,,,0.586,0.116,2.956,0.963,1.151,1.137,,,,Wing,0.59,,,-1.32,-1.02,EuroCup,2018-19,intl
Luca Vitali,61,49,12,5,3,50.0,42,50.0,0.0,12,54.2,5.7,11,45.5,51.5,-6.0,0,,0,,,,1.089,0.689,1.721,,,,,,,0.6,40,31,0.3,0.484,1.613,1,2,,,,,,,2.25,1.18,4.289,1.804,,1.179,,,,Wing,0.33,,,0.17,2.96,EuroCup,2018-19,intl
Michael Ojo,61,60,1,3,0,,58,70.7,,12,75.0,5.4,5,40.0,73.6,-33.6,0,,0,,,,1.111,,,,,,,,,0.083,33,31,0.242,0.29,1.198,0,1,,,,,,,1.35,,,1.125,,1.111,,,,Wing,0.45,,,-2.03,0.81,EuroCup,2018-19,intl
Toni Katic,60,60,0,0,1,0.0,38,75.0,-75.0,14,67.9,-8.1,3,116.7,69.4,47.2,0,,0,,,,,,,,,,,,,,29,31,0.138,0.29,2.105,0,0,,,,,,,,,,,,,,,,Playmaker,,,,,,EuroCup,2018-19,intl
Jeff Withey,60,52,8,2,2,50.0,51,54.9,-4.9,8,37.5,-20.3,5,20.0,58.3,-38.3,0,,0,,,,0.591,0.293,1.193,,,,,,,1.0,37,28,0.378,0.357,0.944,1,1,,,,,,,0.815,0.297,2.232,1.174,1.25,0.752,,,,Big,-2.67,,,1.93,-0.82,EuroCup,2018-19,intl
Uros Lukovic,60,54,6,2,0,,57,71.9,,11,81.8,12.3,6,33.3,76.5,-43.1,0,,0,,,,1.102,,,,,,,,,0.75,32,30,0.25,0.267,1.067,0,1,,,,,,,0.645,0.286,1.455,1.114,,1.102,,,,Big,0.51,,,0.8,-1.38,EuroCup,2018-19,intl
Reggie Redding,60,60,0,2,6,33.3,33,69.7,-36.4,17,67.6,6.3,6,75.0,62.1,12.9,0,,0,,,,,,,,,,,,,0.0,32,30,0.25,0.333,1.333,0,1,,,,,,,,,,1.14,,,,,,Wing,,,,-2.38,,EuroCup,2018-19,intl
Nikola Radicevic,60,49,11,3,0,,48,36.5,,7,57.1,24.2,6,66.7,32.1,34.5,0,,0,,,,1.08,0.716,1.629,,,,,,,0.917,36,32,0.528,0.438,0.829,2,0,,,,,,,1.65,0.695,3.918,1.219,0.705,1.089,,,,Wing,0.28,,,1.52,1.53,EuroCup,2018-19,intl
London Perrantes,59,50,9,3,0,,29,36.2,,3,33.3,-3.2,5,50.0,33.3,16.7,0,,0,,,,0.483,0.137,1.701,,,,,,,0.75,32,33,0.281,0.303,1.077,0,1,,,,,,,1.278,0.292,5.595,1.167,,0.543,,,,Playmaker,-2.33,,,0.32,0.83,EuroCup,2018-19,intl
Goksenin Koksal,58,50,8,4,3,0.0,53,57.5,-57.5,15,53.3,-1.5,7,71.4,52.0,19.4,0,,0,,,,1.19,,,,,,,,,0.5,32,32,0.5,0.438,0.875,2,1,,,,,,,1.105,0.512,2.384,1.033,,1.19,,,,Wing,0.89,,,-0.26,0.22,EuroCup,2018-19,intl
Dennis Clifford,57,57,0,0,0,,48,64.6,,9,55.6,-11.1,3,33.3,66.7,-33.3,0,,0,,,,,,,,,,,,,,38,19,0.289,0.316,1.091,0,0,,,,,,,,,,0.96,,,,,,Big,,,,,,EuroCup,2018-19,intl
Vitor Benite,56,38,18,6,3,0.0,60,62.5,-62.5,15,46.7,-16.9,11,50.0,61.5,-11.5,0,,0,,,,1.088,0.92,1.285,,,,,,,0.75,41,31,0.488,0.452,0.926,4,1,,,,,,,1.294,0.75,2.234,1.059,1.182,1.014,,,,Wing,0.32,,,0.81,0.68,EuroCup,2018-19,intl
Filip Kruslin,56,55,1,2,1,0.0,44,62.5,-62.5,2,0.0,-64.0,5,90.0,57.5,32.5,0,,0,,,,1.31,,,,,,,,,0.125,30,28,0.367,0.5,1.364,0,2,,,,,,,,,,1.122,,1.31,,,,Wing,1.55,,,-1.85,,EuroCup,2018-19,intl
David Kraemer,56,51,5,4,6,58.3,48,64.6,-6.3,15,60.0,-5.4,12,83.3,58.3,25.0,0,,0,,,,0.651,0.317,1.338,,,,,,,0.312,22,38,0.455,0.447,0.984,0,3,,,,,,,0.603,0.119,3.047,0.946,1.118,0.651,,,,,,,,,,EuroCup,2018-19,intl
Dorde Drenovac,56,45,11,4,0,,47,42.6,,6,33.3,-10.6,9,22.2,47.4,-25.1,0,,0,,,,0.842,0.523,1.357,,,,,,,0.688,34,29,0.382,0.517,1.353,0,2,,,,,,,0.971,0.381,2.475,1.449,1.356,0.851,,,,Wing,-1.03,,,0.54,-0.1,EuroCup,2018-19,intl
Strahinja Micovic,55,44,11,4,3,50.0,50,63.0,-13.0,15,83.3,29.4,10,55.0,64.0,-9.0,0,,0,,,,0.9,0.671,1.207,,,,,,,0.688,26,34,0.5,0.353,0.706,2,1,,,,,,,1.01,0.528,1.931,0.971,,0.917,,,,Wing,-0.71,,,0.54,-0.0,EuroCup,2018-19,intl
Joan Sastre,54,52,2,1,0,,36,56.9,,7,50.0,-8.6,6,25.0,63.3,-38.3,0,,0,,,,1.576,,,,,,,,,0.5,32,23,0.344,0.391,1.138,0,1,,,,,,,1.1,0.262,4.622,0.855,,1.576,,,,Wing,3.01,,,-0.26,0.21,EuroCup,2018-19,intl
Franz Wagner,51,51,0,1,0,,45,54.4,,6,50.0,-5.1,1,0.0,55.7,-55.7,0,,0,,,,,,,,,,,,,0.0,31,21,0.258,0.762,2.952,0,0,,,,,,,,,,0.879,,,,,,Wing,,,,-2.38,,EuroCup,2018-19,intl
Marco Voeller,50,50,0,2,0,,48,58.3,,11,63.6,6.9,5,20.0,62.8,-42.8,0,,0,,,,,,,,,,,,,0.0,23,29,0.348,0.414,1.19,0,1,,,,,,,,,,1.114,,,,,,Wing,,,,-2.38,,EuroCup,2018-19,intl
Bogdan Radosavljevic,50,48,2,3,0,,47,36.2,,11,18.2,-23.5,6,50.0,34.1,15.9,0,,0,,,,1.143,,,,,,,,,0.167,29,24,0.552,0.583,1.057,1,1,,,,,,,,,,1.2,1.133,1.143,,,,Big,0.77,,,-1.85,,EuroCup,2018-19,intl
James Mcadoo,50,38,12,4,2,0.0,49,46.9,-46.9,9,55.6,12.7,4,25.0,46.8,-21.8,0,,0,,,,1.118,,,,,,,,,0.75,30,26,0.467,0.538,1.154,2,2,,,,,,,1.062,0.544,2.074,1.2,1.106,1.016,,,,Big,0.61,,,0.8,-0.02,EuroCup,2018-19,intl
Garai Zeeb,50,46,4,4,1,0.0,37,40.5,-40.5,11,27.3,-17.2,11,36.4,40.7,-4.4,0,,0,,,,0.697,0.257,1.888,,,,,,,0.25,23,31,0.391,0.581,1.484,0,1,,,,,,,,,,1.101,,0.697,,,,Playmaker,-1.46,,,-2.1,,EuroCup,2018-19,intl
Evgeny Valiev,50,50,0,0,1,0.0,34,67.6,-67.6,6,50.0,-19.0,6,66.7,65.5,1.1,0,,0,,,,,,,,,,,,,,29,21,0.241,0.238,0.986,0,0,,,,,,,,,,0.968,,,,,,Wing,,,,,,EuroCup,2018-19,intl
Robert Iii Upshaw,50,49,1,1,0,,47,59.6,,13,53.8,-7.9,4,75.0,58.1,16.9,0,,0,,,,1.089,,,,,,,,,0.25,24,27,0.333,0.407,1.222,0,0,,,,,,,1.667,,,0.852,,1.089,,,,,,,,,,EuroCup,2018-19,intl
Jerome Jordan,50,50,0,0,1,0.0,46,63.0,-63.0,10,60.0,-2.2,9,44.4,65.8,-21.3,0,,0,,,,,,,,,,,,,,31,19,0.355,0.368,1.038,0,0,,,,,,,,,,1.081,,,,,,Big,,,,,,EuroCup,2018-19,intl
Kaya Peker,49,49,0,1,0,,35,41.4,,7,57.1,19.6,4,0.0,46.8,-46.8,0,,0,,,,,,,,,,,,,0.0,34,16,0.412,0.438,1.062,1,0,,,,,,,,,,0.733,,,,,,Big,,,,-2.61,,EuroCup,2018-19,intl
Evaldas Kairys,49,49,0,1,2,50.0,37,64.9,-14.9,10,70.0,7.9,7,57.1,65.6,-8.5,0,,0,,,,,,,,,,,,,0.0,24,26,0.292,0.269,0.923,0,0,,,,,,,,,,1.175,,,,,,Wing,,,,-2.38,,EuroCup,2018-19,intl
Clint Chapman,48,38,10,5,4,50.0,44,48.9,1.1,10,50.0,1.3,5,40.0,50.0,-10.0,0,,0,,,,1.103,0.854,1.425,,,,,,,0.5,37,19,0.405,0.526,1.298,2,1,,,,,,,1.292,0.727,2.293,1.224,0.933,1.124,,,,Big,0.52,,,-0.34,0.72,EuroCup,2018-19,intl
Tekele Cotton,48,37,11,6,4,112.5,49,45.9,66.6,11,63.6,16.0,7,35.7,53.3,-17.5,0,,0,,,,0.917,0.679,1.239,,,,,,,0.458,32,27,0.531,0.481,0.906,3,2,,,,,,,1.222,0.611,2.446,1.059,0.543,0.961,,,,Playmaker,-0.56,,,-1.1,0.67,EuroCup,2018-19,intl
Jonas Wohlfarth-Bottermann,46,38,8,3,0,,48,62.5,,8,75.0,15.0,7,85.7,58.5,27.2,0,,0,,,,0.924,0.703,1.213,,,,,,,0.667,30,23,0.467,0.174,0.373,2,0,,,,,,,1.071,0.635,1.806,1.086,,0.794,,,,Big,-0.6,,,0.42,0.01,EuroCup,2018-19,intl
Alpha Kaba,45,31,14,5,1,100.0,44,43.2,56.8,9,55.6,13.9,2,100.0,41.9,58.1,0,,0,,,,0.764,0.541,1.077,,,,,,,0.7,28,23,0.536,0.435,0.812,3,1,,,,,,,2.109,1.206,3.69,0.929,0.735,0.784,,,,Big,-1.59,,,0.57,3.37,EuroCup,2018-19,intl
Yigit Arslan,44,39,5,3,3,83.3,37,36.5,46.8,8,31.2,-10.9,5,20.0,42.9,-22.9,0,,0,,,,1.345,,,,,,,,,0.417,36,14,0.556,0.5,0.9,2,0,,,,,,,3.314,1.519,7.23,1.079,1.312,1.357,,,,Wing,1.74,,,-0.61,5.51,EuroCup,2018-19,intl
Nikola Jovanovic,43,37,6,3,0,,46,45.7,,10,20.0,-32.8,7,28.6,48.7,-20.1,0,,0,,,,1.121,,,,,,,,,0.5,28,22,0.5,0.5,1.0,2,1,,,,,,,0.971,0.408,2.307,0.988,1.105,1.121,,,,Big,0.63,,,-0.34,-0.32,EuroCup,2018-19,intl
Bronson Koenig,42,31,11,4,0,,49,48.0,,12,41.7,-8.3,13,53.8,45.8,8.0,0,,0,,,,1.044,0.829,1.315,,,,,,,0.688,27,28,0.519,0.571,1.102,2,2,,,,,,,1.718,0.934,3.161,1.118,0.935,1.072,,,,Wing,0.08,,,0.54,1.69,EuroCup,2018-19,intl
Rasid Mahalbasic,224,196,28,7,9,77.8,156,59.0,18.8,34,60.3,0.4,16,31.2,63.1,-31.8,0,,0,,,,0.993,0.756,1.303,,,,,,,1.0,140,104,0.3,0.26,0.865,4,2,,,,,,,0.946,0.63,1.421,1.074,0.931,0.87,,,,Big,-0.15,,,1.49,-0.22,EuroCup,2019-20,intl
Milos Teodosic,224,195,29,8,10,60.0,155,61.0,-1.0,45,67.8,9.4,8,50.0,61.5,-11.5,0,,0,,,,0.99,0.747,1.314,,,,,,,0.906,137,109,0.365,0.33,0.905,4,4,,,,,,,0.836,0.48,1.455,1.316,0.806,0.988,,,,Wing,-0.14,,,1.31,-0.34,EuroCup,2019-20,intl
Errick Mccollum,216,174,42,14,8,25.0,178,52.5,-27.5,50,36.0,-21.0,17,41.2,52.4,-11.2,0,,0,,,,1.027,0.839,1.258,,,,,,,0.75,127,124,0.37,0.476,1.286,4,11,,,,,,,0.693,0.418,1.148,1.102,0.884,1.045,,,,Playmaker,-0.12,,,0.38,-0.72,EuroCup,2019-20,intl
Aaron Craft,211,198,13,4,8,25.0,101,53.5,-28.5,31,46.8,-6.4,14,50.0,51.6,-1.6,0,,0,,,,1.674,1.199,2.337,,,,,,,0.812,102,118,0.275,0.237,0.864,2,2,,,,,,,1.448,0.916,2.289,1.397,1.551,1.692,,,,Playmaker,2.62,,,0.7,1.45,EuroCup,2019-20,intl
Jamar Smith,205,180,25,7,13,76.9,153,65.7,11.2,61,68.9,3.6,16,56.2,67.7,-11.4,0,,0,,,,1.137,0.938,1.377,,,,,,,0.893,98,122,0.388,0.336,0.867,5,4,,,,,,,0.76,0.454,1.273,1.068,0.973,1.044,,,,Wing,0.52,,,1.26,-0.51,EuroCup,2019-20,intl
Clevin Hannah,200,191,9,4,5,110.0,112,61.6,48.4,30,51.7,-16.1,16,68.8,62.9,5.9,0,,0,,,,1.415,0.975,2.052,,,,,,,0.562,94,112,0.213,0.33,1.553,1,2,,,,,,,0.804,0.335,1.926,1.331,1.075,1.322,,,,Playmaker,1.52,,,-0.59,-0.4,EuroCup,2019-20,intl
Klemen Prepelic,191,137,54,15,9,50.0,176,46.3,3.7,47,63.8,23.3,11,36.4,47.1,-10.8,0,,0,,,,1.072,0.891,1.29,,,,,,,0.9,127,121,0.535,0.38,0.71,12,4,,,,,,,0.934,0.582,1.499,1.042,1.049,1.077,,,,Wing,0.23,,,1.29,-0.13,EuroCup,2019-20,intl
Dee Bost,183,138,45,14,8,18.8,160,41.6,-22.8,31,27.4,-16.0,24,33.3,41.7,-8.3,0,,0,,,,1.022,0.823,1.269,,,,,,,0.804,132,99,0.424,0.566,1.333,8,10,,,,,,,0.805,0.473,1.37,1.342,1.021,1.064,,,,Playmaker,-0.14,,,0.66,-0.39,EuroCup,2019-20,intl
Tarik Phillip,178,152,26,9,5,50.0,128,54.7,-4.7,32,59.4,6.4,17,64.7,53.0,11.7,0,,0,,,,0.984,0.728,1.33,,,,,,,0.722,100,97,0.38,0.33,0.868,4,3,,,,,,,0.932,0.543,1.599,1.186,1.173,1.035,,,,Wing,-0.17,,,0.53,-0.14,EuroCup,2019-20,intl
Stefan Markovic,177,151,26,7,5,120.0,101,50.5,69.5,21,71.4,22.0,14,50.0,54.3,-4.3,0,,0,,,,0.981,0.647,1.485,,,,,,,0.929,101,100,0.317,0.3,0.947,3,4,,,,,,,0.312,0.085,1.138,1.028,0.584,0.994,,,,Wing,-0.18,,,1.41,-1.47,EuroCup,2019-20,intl
Langston Hall,175,163,12,4,8,37.5,88,59.1,-21.6,31,66.1,13.1,12,75.0,54.8,20.2,0,,0,,,,1.119,0.678,1.845,,,,,,,0.75,84,96,0.262,0.281,1.074,1,2,,,,,,,0.54,0.164,1.771,1.319,0.935,1.033,,,,Playmaker,0.27,,,0.38,-1.15,EuroCup,2019-20,intl
Aaron Harrison,173,128,45,13,5,60.0,170,53.5,6.5,35,45.7,-10.0,33,45.5,55.6,-10.2,0,,0,,,,0.948,0.795,1.131,,,,,,,0.865,114,102,0.5,0.451,0.902,9,6,,,,,,,1.062,0.713,1.584,1.055,0.821,0.907,,,,Wing,-0.33,,,1.14,0.14,EuroCup,2019-20,intl
Terrell Holloway,169,139,30,10,8,12.5,120,40.8,-28.3,35,32.9,-8.5,17,29.4,40.5,-11.1,0,,0,,,,1.239,0.978,1.57,,,,,,,0.75,97,95,0.423,0.463,1.096,3,6,,,,,,,0.872,0.441,1.726,0.886,1.159,1.255,,,,Playmaker,0.78,,,0.38,-0.2,EuroCup,2019-20,intl
Pako Cruz,167,127,40,12,12,45.8,142,53.9,-8.0,36,45.8,-9.7,21,28.6,57.1,-28.6,0,,0,,,,0.952,0.779,1.164,,,,,,,0.833,105,95,0.41,0.432,1.054,7,6,,,,,,,1.064,0.703,1.609,1.05,1.062,0.874,,,,Playmaker,-0.44,,,0.81,0.35,EuroCup,2019-20,intl
Devin Williams,167,143,24,9,8,25.0,157,54.1,-29.1,44,47.7,-6.8,21,28.6,56.2,-27.7,0,,0,,,,1.066,0.929,1.223,,,,,,,0.667,95,94,0.379,0.447,1.179,3,7,,,,,,,0.604,0.341,1.07,1.037,0.975,1.029,,,,Big,0.24,,,0.35,-1.1,EuroCup,2019-20,intl
Luca Vitali,166,154,12,5,7,35.7,98,45.4,-9.7,38,52.6,12.3,13,50.0,44.0,6.0,0,,0,,,,1.546,1.154,2.071,,,,,,,0.6,88,90,0.307,0.422,1.376,1,3,,,,,,,0.803,0.299,2.155,1.161,1.793,1.678,,,,Wing,2.36,,,0.01,-0.42,EuroCup,2019-20,intl
Nenad Dimitrijevic,166,154,12,3,10,50.0,103,60.2,-10.2,40,51.2,-12.4,18,47.2,61.6,-14.4,0,,0,,,,1.048,0.69,1.59,,,,,,,1.0,71,105,0.31,0.286,0.922,2,0,,,,,,,1.156,0.656,2.037,0.761,1.174,0.966,,,,Playmaker,-0.03,,,1.67,0.61,EuroCup,2019-20,intl
Nemanja Gordic,165,144,21,7,10,35.0,119,48.7,-13.7,33,36.4,-15.2,21,42.9,48.6,-5.8,0,,0,,,,1.343,1.123,1.607,,,,,,,0.75,84,97,0.405,0.433,1.07,4,4,,,,,,,0.712,0.354,1.432,1.05,1.248,1.27,,,,Wing,1.45,,,0.65,-0.61,EuroCup,2019-20,intl
Tai Webster,165,147,18,7,6,33.3,117,55.6,-22.2,30,60.0,7.3,12,50.0,55.0,-5.0,0,,0,,,,1.237,0.978,1.566,,,,,,,0.643,98,79,0.337,0.392,1.165,1,3,,,,,,,0.623,0.297,1.303,1.161,1.203,1.215,,,,Playmaker,0.77,,,-0.17,-0.92,EuroCup,2019-20,intl
Deandre Lansdowne,165,134,31,10,9,33.3,155,46.1,-12.8,43,37.2,-11.1,14,50.0,45.0,5.0,0,,0,,,,1.041,0.873,1.24,,,,,,,0.775,106,94,0.462,0.532,1.151,5,6,,,,,,,0.784,0.465,1.322,0.953,0.941,0.999,,,,Playmaker,-0.06,,,0.51,-0.45,EuroCup,2019-20,intl
James Blackmon,161,112,49,15,8,31.2,158,55.4,-24.1,52,46.2,-11.7,12,54.2,54.2,-0.1,0,,0,,,,1.035,0.908,1.179,,,,,,,0.817,101,94,0.505,0.479,0.948,8,8,,,,,,,0.913,0.615,1.354,0.996,1.144,1.03,,,,Wing,0.06,,,0.93,-0.18,EuroCup,2019-20,intl
Alessandro Gentile,160,127,33,11,5,80.0,149,46.0,34.0,31,40.3,-8.5,16,40.6,47.8,-7.2,0,,0,,,,1.19,1.03,1.376,,,,,,,0.75,107,80,0.393,0.512,1.306,6,7,,,,,,,1.125,0.758,1.669,1.114,1.135,1.22,,,,Wing,0.76,,,0.65,0.27,EuroCup,2019-20,intl
Josh Adams,159,129,30,12,6,0.0,135,54.4,-54.4,30,36.7,-19.6,24,31.2,56.4,-25.2,0,,0,,,,1.189,0.998,1.417,,,,,,,0.625,81,102,0.469,0.431,0.92,3,7,,,,,,,0.986,0.618,1.574,1.244,1.234,1.169,,,,Playmaker,0.56,,,-0.26,0.12,EuroCup,2019-20,intl
Dejan Todorovic,159,136,23,8,4,0.0,134,57.5,-57.5,30,41.7,-18.1,22,40.9,58.6,-17.7,0,,0,,,,1.014,0.802,1.281,,,,,,,0.719,100,74,0.4,0.473,1.182,4,5,,,,,,,0.881,0.508,1.526,1.049,1.019,1.066,,,,Wing,-0.03,,,0.51,-0.25,EuroCup,2019-20,intl
Jeremy Chappell,158,134,24,9,0,,133,54.9,,22,56.8,2.3,19,57.9,54.4,3.5,0,,0,,,,1.15,0.962,1.374,,,,,,,0.667,93,76,0.387,0.487,1.258,3,5,,,,,,,0.458,0.208,1.007,1.109,0.912,1.114,,,,Wing,0.58,,,0.29,-1.15,EuroCup,2019-20,intl
Mitchell Watt,155,135,20,7,3,100.0,136,58.1,41.9,32,53.1,-7.6,16,50.0,60.2,-10.2,0,,0,,,,1.062,0.868,1.301,,,,,,,0.714,94,75,0.34,0.36,1.057,5,3,,,,,,,0.747,0.442,1.263,1.082,1.232,1.108,,,,Big,0.21,,,0.51,-0.73,EuroCup,2019-20,intl
Killian Hayes,154,136,18,7,11,31.8,90,56.1,-24.3,33,47.0,-9.6,15,66.7,51.2,15.5,0,,0,,,,1.243,0.903,1.712,,,,,,,0.643,80,85,0.35,0.318,0.908,3,4,,,,,,,1.15,0.66,2.004,0.985,0.814,1.175,,,,Playmaker,0.79,,,-0.17,0.59,EuroCup,2019-20,intl
Rickey Paulding,153,116,37,11,3,0.0,159,50.0,-50.0,26,32.7,-19.5,19,23.7,52.4,-28.8,0,,0,,,,1.004,0.882,1.143,,,,,,,0.841,103,80,0.505,0.475,0.941,8,3,,,,,,,0.892,0.571,1.393,1.032,0.905,0.961,,,,,,,,,,EuroCup,2019-20,intl
Justin Cobbs,153,135,18,6,15,46.7,88,48.3,-1.6,28,44.6,-4.7,15,33.3,50.6,-17.2,0,,0,,,,1.006,0.679,1.49,,,,,,,0.75,91,76,0.297,0.395,1.33,2,3,,,,,,,1.147,0.639,2.059,0.964,1.175,1.004,,,,Playmaker,-0.21,,,0.38,0.59,EuroCup,2019-20,intl
Braydon Hobbs,153,141,12,6,4,37.5,103,64.1,-26.6,32,54.7,-12.0,6,33.3,64.9,-31.5,0,,0,,,,0.775,0.434,1.382,,,,,,,0.5,88,75,0.341,0.36,1.056,2,4,,,,,,,1.764,1.16,2.68,0.871,,0.968,,,,Playmaker,-1.19,,,-0.91,2.35,EuroCup,2019-20,intl
Gary Browne,153,125,28,10,15,36.7,120,49.2,-12.5,43,37.2,-15.5,20,40.0,49.1,-9.1,0,,0,,,,1.416,1.202,1.667,,,,,,,0.7,84,96,0.393,0.5,1.273,4,9,,,,,,,0.89,0.538,1.471,1.18,1.287,1.44,,,,Playmaker,1.53,,,0.12,-0.15,EuroCup,2019-20,intl
Codi Miller-Mcintyre,151,127,24,9,9,33.3,118,55.1,-21.8,34,45.6,-10.9,21,40.5,56.1,-15.7,0,,0,,,,1.338,1.13,1.584,,,,,,,0.667,90,83,0.367,0.361,0.986,6,5,,,,,,,1.142,0.764,1.709,1.346,1.181,1.279,,,,Wing,1.42,,,0.29,0.31,EuroCup,2019-20,intl
Jaime Fernandez,148,125,23,9,7,14.3,94,47.9,-33.6,25,32.0,-18.0,12,8.3,50.6,-42.2,0,,0,,,,1.249,0.941,1.657,,,,,,,0.639,91,69,0.352,0.406,1.154,3,5,,,,,,,1.264,0.75,2.131,1.312,1.345,1.166,,,,Playmaker,0.82,,,-0.19,0.92,EuroCup,2019-20,intl
Awudu Abass,148,126,22,11,6,50.0,133,52.3,-2.3,35,54.3,2.8,21,26.2,56.8,-30.6,0,,0,,,,0.907,0.692,1.189,,,,,,,0.5,88,83,0.42,0.482,1.146,3,7,,,,,,,0.789,0.406,1.534,0.962,1.025,0.992,,,,Wing,-0.51,,,-0.42,-0.44,EuroCup,2019-20,intl
Alen Omic,146,128,18,5,6,83.3,118,58.5,24.9,25,80.0,25.5,11,54.5,60.2,-5.6,0,,0,,,,0.996,0.765,1.296,,,,,,,0.9,90,68,0.356,0.265,0.744,3,2,,,,,,,1.31,0.954,1.798,1.179,1.281,1.036,,,,Big,-0.14,,,1.15,0.73,EuroCup,2019-20,intl
Alex Hamilton,146,130,16,5,4,62.5,104,52.9,9.6,27,48.1,-6.8,11,22.7,56.7,-34.0,0,,0,,,,0.871,0.555,1.366,,,,,,,0.8,92,69,0.359,0.319,0.889,4,1,,,,,,,0.868,0.406,1.856,1.057,0.903,1.012,,,,Playmaker,-0.79,,,0.64,-0.21,EuroCup,2019-20,intl
Michael Bramos,146,122,24,10,5,70.0,129,60.9,9.1,36,59.7,-2.0,26,55.8,62.5,-6.7,0,,0,,,,0.997,0.82,1.212,,,,,,,0.6,71,90,0.437,0.433,0.992,3,6,,,,,,,0.981,0.608,1.582,0.977,0.82,0.91,,,,Wing,-0.11,,,0.01,-0.03,EuroCup,2019-20,intl
Semaj Christon,142,122,20,6,1,100.0,98,49.0,51.0,23,39.1,-13.5,10,40.0,50.6,-10.6,0,,0,,,,1.253,0.936,1.678,,,,,,,0.833,83,72,0.337,0.389,1.153,2,4,,,,,,,0.417,0.147,1.18,1.121,1.25,1.261,,,,Playmaker,0.84,,,0.81,-1.51,EuroCup,2019-20,intl
Anthony Clemmons,140,117,23,8,5,100.0,120,53.8,46.2,39,53.8,-2.5,11,63.6,54.8,8.8,0,,0,,,,1.156,0.957,1.397,,,,,,,0.719,72,88,0.431,0.409,0.95,4,4,,,,,,,0.7,0.372,1.318,1.154,1.064,1.161,,,,Playmaker,0.42,,,0.22,-0.7,EuroCup,2019-20,intl
Zach Auguste,138,130,8,2,2,50.0,123,69.1,-19.1,21,66.7,-2.6,13,53.8,70.5,-16.7,0,,0,,,,0.848,0.566,1.271,,,,,,,1.0,85,58,0.318,0.207,0.651,2,0,,,,,,,1.213,0.831,1.771,1.131,,0.81,,,,Big,-0.92,,,1.49,0.48,EuroCup,2019-20,intl
Austin Daye,137,102,35,10,2,0.0,139,46.8,-46.8,36,52.8,9.0,23,28.3,49.6,-21.3,0,,0,,,,0.994,0.836,1.183,,,,,,,0.875,78,88,0.513,0.477,0.931,5,4,,,,,,,0.926,0.565,1.516,0.97,1.023,1.019,,,,Big,-0.15,,,1.06,-0.27,EuroCup,2019-20,intl
Ognjen Jaramaz,137,100,37,11,0,,116,44.4,,22,45.5,1.3,20,25.0,48.4,-23.4,0,,0,,,,0.804,0.601,1.074,,,,,,,0.841,83,78,0.482,0.436,0.904,5,5,,,,,,,0.868,0.47,1.605,1.154,0.629,0.848,,,,Wing,-0.97,,,1.03,-0.28,EuroCup,2019-20,intl
Doron Lamb,137,110,27,11,9,27.8,114,50.4,-22.7,27,48.1,-0.8,21,42.9,50.0,-7.1,0,,0,,,,1.007,0.803,1.261,,,,,,,0.614,84,74,0.381,0.554,1.454,3,8,,,,,,,0.675,0.355,1.282,1.233,0.943,0.964,,,,Wing,-0.06,,,0.07,-0.69,EuroCup,2019-20,intl
Rashard Kelly,136,100,36,11,5,60.0,126,46.0,14.0,37,63.5,23.6,18,36.1,48.2,-12.1,0,,0,,,,0.904,0.734,1.113,,,,,,,0.818,72,90,0.542,0.367,0.677,5,3,,,,,,,1.11,0.699,1.762,0.992,1.113,0.884,,,,Wing,-0.52,,,0.94,0.24,EuroCup,2019-20,intl
Frantz Massenat,136,106,30,10,2,0.0,100,60.0,-60.0,26,59.6,1.1,13,73.1,56.7,16.3,0,,0,,,,1.01,0.757,1.346,,,,,,,0.75,76,74,0.395,0.324,0.822,6,2,,,,,,,0.851,0.5,1.45,1.243,0.731,0.985,,,,Playmaker,-0.2,,,0.38,-0.26,EuroCup,2019-20,intl
Chris Babb,135,115,20,9,5,60.0,119,53.4,6.6,30,31.7,-29.0,20,57.5,52.9,4.6,0,,0,,,,1.04,0.849,1.274,,,,,,,0.556,79,69,0.443,0.565,1.276,3,6,,,,,,,0.628,0.292,1.353,1.061,0.94,1.064,,,,Wing,0.09,,,-0.18,-0.79,EuroCup,2019-20,intl
Matt Lojeski,134,126,8,5,3,33.3,105,60.5,-27.1,27,51.9,-10.5,12,75.0,57.8,17.2,0,,0,,,,0.984,0.652,1.486,,,,,,,0.4,69,72,0.377,0.375,0.995,2,1,,,,,,,0.96,0.422,2.186,1.161,0.974,0.919,,,,Wing,-0.17,,,-0.85,-0.08,EuroCup,2019-20,intl
Norris Cole,133,110,23,9,2,50.0,113,43.4,6.6,25,44.0,0.7,14,21.4,46.5,-25.1,0,,0,,,,0.858,0.606,1.217,,,,,,,0.639,85,73,0.424,0.493,1.164,4,7,,,,,,,0.983,0.51,1.894,0.827,0.924,0.959,,,,Playmaker,-0.84,,,-0.19,0.12,EuroCup,2019-20,intl
Sinan Guler,133,123,10,7,5,20.0,96,44.8,-24.8,29,36.2,-10.3,12,41.7,43.8,-2.2,0,,0,,,,1.076,0.703,1.648,,,,,,,0.357,69,80,0.377,0.425,1.128,2,3,,,,,,,2.5,,,1.033,,1.208,,,,Wing,0.25,,,-1.03,3.22,EuroCup,2019-20,intl
Toto Forray,130,92,38,12,7,35.7,116,46.1,-10.4,45,62.2,26.3,17,61.8,42.9,18.8,0,,0,,,,1.094,0.931,1.287,,,,,,,0.792,58,93,0.483,0.516,1.069,1,8,,,,,,,1.681,1.091,2.59,1.229,1.25,1.023,,,,Playmaker,0.16,,,0.6,2.12,EuroCup,2019-20,intl
Kyle Weems,128,116,12,3,7,71.4,102,59.3,12.1,26,76.9,22.1,6,50.0,60.7,-10.7,0,,0,,,,1.131,0.934,1.371,,,,,,,1.0,61,71,0.41,0.338,0.825,1,1,,,,,,,1.538,1.098,2.155,1.07,1.044,1.139,,,,Wing,0.49,,,1.71,1.16,EuroCup,2019-20,intl
Jarrod Jones,125,92,33,12,6,25.0,134,50.4,-25.4,30,46.7,-3.3,21,42.9,50.4,-7.6,0,,0,,,,0.971,0.884,1.067,,,,,,,0.688,73,74,0.493,0.622,1.261,4,10,,,,,,,0.801,0.49,1.311,0.93,0.941,0.956,,,,Wing,-0.22,,,0.38,-0.42,EuroCup,2019-20,intl
Sammy Mejia,125,104,21,6,1,100.0,110,64.1,35.9,21,83.3,23.3,18,61.1,65.1,-3.9,0,,0,,,,1.193,1.042,1.367,,,,,,,0.875,74,64,0.419,0.328,0.783,4,2,,,,,,,1.482,1.065,2.063,1.175,0.617,1.117,,,,,,,,,,EuroCup,2019-20,intl
Rade Zagorac,124,102,22,8,8,43.8,109,45.9,-2.1,30,50.0,5.7,16,6.2,52.0,-45.7,0,,0,,,,1.091,0.931,1.278,,,,,,,0.688,80,56,0.487,0.554,1.136,4,4,,,,,,,0.531,0.241,1.173,0.807,1.2,1.1,,,,Wing,0.32,,,0.38,-1.0,EuroCup,2019-20,intl
Giampaolo Ricci,120,104,16,7,2,0.0,102,55.4,-55.4,23,60.9,8.4,11,50.0,54.8,-4.8,0,,0,,,,1.123,0.909,1.388,,,,,,,0.571,63,68,0.476,0.426,0.896,2,3,,,,,,,0.914,0.478,1.746,1.158,1.064,1.027,,,,Wing,0.46,,,-0.12,-0.18,EuroCup,2019-20,intl
Jaleel O'Brien,120,100,20,7,5,80.0,107,50.5,29.5,33,57.6,8.2,12,33.3,54.0,-20.7,0,,0,,,,0.976,0.769,1.237,,,,,,,0.714,61,73,0.443,0.37,0.836,3,3,,,,,,,1.311,0.888,1.935,0.918,0.96,1.016,,,,,,,,,,EuroCup,2019-20,intl
Nikos Zisis,119,110,9,3,5,50.0,71,47.2,2.8,19,63.2,21.1,6,91.7,43.6,48.1,0,,0,,,,0.547,0.215,1.395,,,,,,,0.75,61,64,0.328,0.375,1.144,1,2,,,,,,,0.77,0.152,3.906,0.91,0.822,0.811,,,,Wing,-2.13,,,0.65,-0.49,EuroCup,2019-20,intl
Arnas Butkevicius,119,116,3,4,3,100.0,75,64.7,35.3,17,82.4,20.9,9,88.9,63.0,25.8,0,,0,,,,1.634,,,,,,,,,0.188,63,60,0.317,0.233,0.735,2,2,,,,,,,0.563,0.112,2.825,1.411,1.6,1.634,,,,Wing,2.75,,,-1.75,-0.93,EuroCup,2019-20,intl
Justin Knox,119,99,20,7,0,,119,63.0,,19,68.4,6.4,4,75.0,62.6,12.4,0,,0,,,,1.057,0.937,1.192,,,,,,,0.714,73,58,0.397,0.31,0.781,4,1,,,,,,,1.326,0.993,1.769,0.977,,1.066,,,,Wing,0.16,,,0.49,0.7,EuroCup,2019-20,intl
Will Cummings,118,93,25,7,7,28.6,97,50.5,-21.9,30,38.3,-15.0,16,37.5,51.1,-13.6,0,,0,,,,1.024,0.797,1.316,,,,,,,0.893,64,73,0.375,0.438,1.169,4,3,,,,,,,0.934,0.551,1.583,1.061,1.137,1.047,,,,Playmaker,-0.14,,,1.11,-0.03,EuroCup,2019-20,intl
Dallas Moore,118,96,22,7,13,42.3,98,61.7,-19.4,35,57.1,-3.4,17,35.3,63.8,-28.5,0,,0,,,,0.862,0.658,1.129,,,,,,,0.786,52,84,0.462,0.417,0.903,2,4,,,,,,,1.139,0.701,1.85,1.082,0.816,0.786,,,,Playmaker,-0.82,,,0.56,0.56,EuroCup,2019-20,intl
Oleksandr Lypovyy,118,104,14,7,10,40.0,94,59.6,-19.6,23,43.5,-18.3,18,55.6,58.1,-2.6,0,,0,,,,1.178,0.988,1.404,,,,,,,0.5,76,53,0.395,0.547,1.386,3,4,,,,,,,0.83,0.402,1.715,1.059,1.255,1.198,,,,Wing,0.71,,,-0.42,-0.36,EuroCup,2019-20,intl
Eimantas Bendzius,118,86,32,11,7,35.7,116,56.9,-21.2,27,55.6,-0.2,19,52.6,56.2,-3.6,0,,0,,,,0.977,0.842,1.135,,,,,,,0.727,75,62,0.507,0.516,1.019,5,3,,,,,,,1.179,0.772,1.799,1.105,0.828,0.966,,,,Wing,-0.2,,,0.55,0.39,EuroCup,2019-20,intl
Kenneth Horton,117,94,23,8,7,57.1,108,50.5,6.7,23,58.7,9.8,8,62.5,50.0,12.5,0,,0,,,,0.971,0.79,1.192,,,,,,,0.719,76,60,0.421,0.567,1.346,4,4,,,,,,,0.756,0.402,1.419,1.088,0.952,0.939,,,,,,,,,,EuroCup,2019-20,intl
Kartal Ozmizrak,117,89,28,9,10,40.0,92,46.2,-6.2,37,59.5,21.8,11,40.9,46.2,-5.2,0,,0,,,,0.982,0.77,1.252,,,,,,,0.778,64,69,0.469,0.522,1.113,1,5,,,,,,,0.944,0.476,1.874,0.881,1.105,1.039,,,,Playmaker,-0.31,,,0.52,0.0,EuroCup,2019-20,intl
Baris Ermis,116,116,0,1,2,50.0,47,58.5,-8.5,11,81.8,30.5,11,72.7,53.9,18.8,0,,0,,,,,,,,,,,,,0.0,54,63,0.259,0.143,0.551,0,0,,,,,,,,,,0.989,,,,,,Playmaker,,,,-3.48,,EuroCup,2019-20,intl
Julian Gamble,116,110,6,2,4,50.0,105,69.5,-19.5,11,63.6,-5.8,15,53.3,71.3,-17.9,0,,0,,,,0.899,0.626,1.29,,,,,,,0.75,78,40,0.218,0.425,1.95,1,1,,,,,,,0.276,0.048,1.598,1.02,1.084,0.899,,,,Big,-0.65,,,0.63,-1.96,EuroCup,2019-20,intl
Frank Gaines,116,78,38,12,3,66.7,135,45.6,21.1,32,50.0,5.2,13,38.5,46.8,-8.3,0,,0,,,,1.026,0.894,1.179,,,,,,,0.792,70,84,0.6,0.512,0.853,6,6,,,,,,,1.0,0.611,1.636,0.932,0.949,1.049,,,,Wing,0.02,,,0.83,0.01,EuroCup,2019-20,intl
Raymar Morgan,114,87,27,12,3,33.3,117,46.6,-13.2,24,37.5,-10.9,14,14.3,50.5,-36.2,0,,0,,,,0.835,0.677,1.03,,,,,,,0.562,71,64,0.423,0.547,1.294,4,8,,,,,,,1.286,0.858,1.927,0.945,0.611,0.841,,,,Wing,-0.83,,,-0.16,0.62,EuroCup,2019-20,intl
Jeremy Senglin,114,98,16,6,4,37.5,81,56.8,-19.3,23,37.0,-25.9,17,52.9,56.6,-3.7,0,,0,,,,1.069,0.745,1.536,,,,,,,0.667,69,57,0.348,0.386,1.11,4,1,,,,,,,1.109,0.611,2.01,1.256,1.526,1.089,,,,Playmaker,0.05,,,-0.05,0.48,EuroCup,2019-20,intl
Johnathan Hamilton,114,111,3,3,10,80.0,99,59.6,20.4,23,69.6,10.3,12,50.0,62.9,-12.9,0,,0,,,,1.078,,,,,,,,,0.25,57,60,0.351,0.367,1.045,0,1,,,,,,,1.056,0.468,2.383,0.903,,1.078,,,,,,,,,,EuroCup,2019-20,intl
Deon Thompson,113,82,31,10,4,75.0,115,51.3,23.7,15,60.0,9.0,12,25.0,55.1,-30.1,0,,0,,,,0.992,0.847,1.161,,,,,,,0.775,77,60,0.506,0.417,0.823,7,3,,,,,,,1.009,0.658,1.547,1.105,0.943,0.929,,,,Wing,-0.13,,,0.75,0.03,EuroCup,2019-20,intl
Alex Tyus,112,97,15,5,4,100.0,110,60.0,40.0,31,74.2,17.6,10,30.0,64.4,-34.4,0,,0,,,,0.765,0.562,1.041,,,,,,,0.75,66,56,0.439,0.268,0.61,2,0,,,,,,,1.483,1.159,1.899,0.973,0.261,0.835,,,,Wing,-1.15,,,0.65,1.04,EuroCup,2019-20,intl
Kenny Chery,112,90,22,7,6,58.3,87,54.6,3.7,25,64.0,12.5,18,36.1,59.3,-23.2,0,,0,,,,0.949,0.717,1.255,,,,,,,0.786,71,53,0.394,0.434,1.1,2,2,,,,,,,1.176,0.715,1.934,1.015,0.909,0.808,,,,Playmaker,-0.45,,,0.56,0.67,EuroCup,2019-20,intl
Yakuba Ouattara,112,97,15,9,6,41.7,107,57.5,-15.8,36,47.2,-13.8,4,0.0,58.7,-58.7,0,,0,,,,1.053,0.904,1.227,,,,,,,0.417,56,70,0.393,0.571,1.455,0,6,,,,,,,0.401,0.144,1.113,1.043,0.914,1.011,,,,Wing,0.14,,,-0.77,-1.28,EuroCup,2019-20,intl
Marcus Paige,112,94,18,9,5,70.0,96,55.2,14.8,26,48.1,-10.6,10,55.0,56.0,-1.0,0,,0,,,,0.756,0.516,1.107,,,,,,,0.5,62,65,0.468,0.462,0.987,1,3,,,,,,,0.384,0.107,1.375,0.852,0.946,0.798,,,,Playmaker,-1.27,,,-0.91,-1.6,EuroCup,2019-20,intl
Bonzie Colson,111,75,36,14,6,58.3,130,46.2,12.2,28,41.1,-7.1,12,33.3,48.0,-14.7,0,,0,,,,1.088,0.989,1.198,,,,,,,0.643,77,68,0.571,0.544,0.952,7,4,,,,,,,1.122,0.725,1.738,1.038,1.05,1.098,,,,Wing,0.3,,,0.19,0.27,EuroCup,2019-20,intl
Dmitry Kulagin,111,95,16,4,5,60.0,84,45.8,14.2,17,55.9,11.4,10,60.0,44.9,15.1,0,,0,,,,1.188,0.905,1.559,,,,,,,1.0,73,50,0.411,0.48,1.168,2,2,,,,,,,0.926,0.439,1.952,0.897,1.036,1.262,,,,Wing,0.75,,,1.71,-0.15,EuroCup,2019-20,intl
Vangelis Mantzaris,111,93,18,7,3,50.0,69,34.8,15.2,16,40.6,6.7,8,31.2,35.9,-4.7,0,,0,,,,0.994,0.633,1.56,,,,,,,0.643,61,63,0.41,0.397,0.968,2,3,,,,,,,0.918,0.33,2.555,1.193,0.962,0.995,,,,,,,,,,EuroCup,2019-20,intl
Berk Ugurlu,109,100,9,3,3,33.3,66,51.5,-18.2,17,38.2,-16.6,17,26.5,58.7,-32.2,0,,0,,,,1.111,0.681,1.812,,,,,,,0.75,63,49,0.254,0.449,1.768,0,3,,,,,,,,,,1.176,1.672,1.111,,,,Wing,0.4,,,0.65,,EuroCup,2019-20,intl
Jaka Blazic,107,77,30,9,5,20.0,94,39.9,-19.9,27,37.0,-2.5,14,21.4,41.8,-20.3,0,,0,,,,1.481,,,,,,,,,0.833,69,57,0.42,0.632,1.503,3,6,,,,,,,0.66,0.335,1.302,1.337,1.367,1.414,,,,Wing,2.07,,,1.0,-0.72,EuroCup,2019-20,intl
Gerry Blakes,107,93,14,5,4,125.0,85,55.9,69.1,21,69.0,13.2,9,44.4,60.6,-16.2,0,,0,,,,1.329,,,,,,,,,0.7,59,54,0.373,0.37,0.993,2,3,,,,,,,0.476,0.204,1.114,0.976,1.133,1.24,,,,Wing,1.38,,,0.43,-1.12,EuroCup,2019-20,intl
Leonidas Kaselakis,107,92,15,5,6,58.3,92,51.1,7.2,25,58.0,8.7,13,26.9,55.3,-28.4,0,,0,,,,1.022,0.776,1.346,,,,,,,0.75,65,59,0.492,0.407,0.826,3,2,,,,,,,1.313,0.762,2.26,0.813,0.839,1.022,,,,Wing,0.01,,,0.65,0.68,EuroCup,2019-20,intl
Josh Bostic,107,66,41,11,12,50.0,111,36.9,13.1,29,39.7,1.9,13,7.7,41.8,-34.1,0,,0,,,,1.112,0.969,1.277,,,,,,,0.932,74,76,0.622,0.526,0.847,7,6,,,,,,,1.192,0.671,2.116,1.036,1.032,1.001,,,,Wing,0.41,,,1.42,0.42,EuroCup,2019-20,intl
Adam Waczynski,106,85,21,9,2,100.0,100,53.5,46.5,27,46.3,-11.0,14,17.9,60.2,-42.4,0,,0,,,,0.943,0.753,1.18,,,,,,,0.583,58,62,0.483,0.516,1.069,2,2,,,,,,,1.074,0.609,1.893,1.084,0.702,0.873,,,,Wing,-0.35,,,-0.07,0.17,EuroCup,2019-20,intl
David Walker,106,97,9,4,3,83.3,86,67.4,15.9,27,66.7,-1.9,12,54.2,70.1,-16.0,0,,0,,,,1.15,0.891,1.483,,,,,,,0.562,53,59,0.396,0.373,0.941,1,0,,,,,,,0.218,0.034,1.378,0.998,1.096,1.176,,,,Wing,0.58,,,-0.16,-1.67,EuroCup,2019-20,intl
Conor Morgan,105,85,20,9,7,35.7,99,55.1,-19.3,38,48.7,-7.9,6,58.3,53.5,4.8,0,,0,,,,1.164,,,,,,,,,0.556,49,71,0.469,0.507,1.08,2,5,,,,,,,0.966,0.561,1.663,1.157,1.144,1.124,,,,Wing,0.64,,,-0.18,-0.07,EuroCup,2019-20,intl
Torrian Walden,104,91,13,6,5,70.0,71,57.0,13.0,17,64.7,8.8,6,50.0,58.6,-8.6,0,,0,,,,1.25,0.89,1.755,,,,,,,0.542,59,55,0.322,0.4,1.242,2,1,,,,,,,1.292,0.724,2.306,1.281,1.514,1.338,,,,,,,,,,EuroCup,2019-20,intl
Xabi Lopez-Arostegui,104,93,11,6,8,18.8,88,62.5,-43.8,33,53.0,-8.9,7,42.9,60.1,-17.3,0,,0,,,,0.988,0.737,1.325,,,,,,,0.458,54,60,0.389,0.467,1.2,3,2,,,,,,,0.611,0.237,1.574,1.071,1.202,1.054,,,,,,,,,,EuroCup,2019-20,intl
Sam Dekker,104,98,6,4,3,33.3,91,62.6,-29.3,25,60.0,-2.3,10,55.0,62.5,-7.5,0,,0,,,,1.181,,,,,,,,,0.375,53,56,0.283,0.464,1.64,1,3,,,,,,,0.542,0.173,1.704,1.137,,1.181,,,,Wing,0.72,,,-0.95,-0.97,EuroCup,2019-20,intl
Scott Bamforth,104,78,26,7,10,60.0,96,54.7,5.3,21,61.9,8.4,12,58.3,54.8,3.5,0,,0,,,,1.25,1.083,1.443,,,,,,,0.929,73,55,0.479,0.418,0.872,6,2,,,,,,,1.076,0.68,1.702,1.098,1.256,1.246,,,,Playmaker,0.82,,,1.3,0.38,EuroCup,2019-20,intl
Johnny O'Bryant,103,70,33,10,8,81.2,114,45.6,35.6,26,51.9,5.0,19,47.4,48.1,-0.7,0,,0,,,,1.01,0.884,1.154,,,,,,,0.825,70,64,0.5,0.594,1.188,7,7,,,,,,,0.84,0.505,1.398,1.031,0.982,1.017,,,,Big,-0.06,,,0.89,-0.49,EuroCup,2019-20,intl
Vince Hunter,103,94,9,5,3,66.7,87,51.1,15.5,29,37.9,-20.3,8,37.5,53.0,-15.5,0,,0,,,,0.814,0.508,1.304,,,,,,,0.45,48,62,0.375,0.419,1.118,2,1,,,,,,,0.298,0.049,1.806,1.155,0.603,0.888,,,,Wing,-0.93,,,-0.63,-1.5,EuroCup,2019-20,intl
Tyler Cain,102,97,5,5,4,25.0,82,56.1,-31.1,14,42.9,-14.1,6,33.3,56.2,-22.9,0,,0,,,,1.276,,,,,,,,,0.25,64,43,0.344,0.395,1.15,0,4,,,,,,,0.338,0.058,1.969,1.138,1.256,1.276,,,,Wing,1.15,,,-1.49,-1.41,EuroCup,2019-20,intl
Krzysztof Szubarga,102,85,17,6,3,0.0,68,39.0,-39.0,16,21.9,-19.9,10,35.0,37.7,-2.7,0,,0,,,,0.784,0.46,1.337,,,,,,,0.708,65,52,0.385,0.462,1.2,3,3,,,,,,,1.125,0.424,2.983,0.957,0.833,0.983,,,,Playmaker,-1.16,,,0.16,0.52,EuroCup,2019-20,intl
Ryan Boatright,100,77,23,9,6,0.0,83,46.4,-46.4,19,15.8,-34.9,15,30.0,45.9,-15.9,0,,0,,,,0.893,0.664,1.199,,,,,,,0.639,52,64,0.423,0.516,1.219,4,4,,,,,,,0.865,0.432,1.735,0.997,1.321,0.883,,,,Playmaker,-0.69,,,-0.19,-0.22,EuroCup,2019-20,intl
Tyler Larson,100,80,20,7,2,150.0,85,52.4,97.6,27,63.0,12.1,15,56.7,54.2,2.5,0,,0,,,,1.091,0.814,1.462,,,,,,,0.714,54,68,0.333,0.412,1.235,1,3,,,,,,,1.179,0.724,1.92,1.06,0.464,1.096,,,,Wing,0.32,,,0.49,0.39,EuroCup,2019-20,intl
Dimitris Agravanis,99,81,18,7,2,50.0,95,44.7,5.3,19,34.2,-13.2,17,47.1,44.4,2.7,0,,0,,,,1.029,0.855,1.237,,,,,,,0.643,66,47,0.591,0.468,0.792,6,3,,,,,,,1.178,0.625,2.22,0.871,1.184,0.968,,,,,,,,,,EuroCup,2019-20,intl
Eric Buckner,96,91,5,2,4,100.0,87,73.6,26.4,23,82.6,10.5,11,63.6,76.2,-12.6,0,,0,,,,0.856,0.551,1.332,,,,,,,0.625,50,48,0.28,0.188,0.67,0,0,,,,,,,1.328,,,0.981,,0.856,,,,Wing,-0.74,,,0.11,0.71,EuroCup,2019-20,intl
Chase Fieler,95,91,4,1,1,150.0,75,65.3,84.7,17,64.7,-2.2,7,35.7,69.6,-33.9,0,,0,,,,0.961,0.54,1.71,,,,,,,1.0,47,51,0.362,0.353,0.976,0,1,,,,,,,,,,0.98,0.639,0.854,,,,Wing,-0.27,,,1.71,,EuroCup,2019-20,intl
Brian Conklin,95,89,6,3,1,100.0,84,55.4,44.6,26,55.8,-0.2,8,31.2,58.4,-27.2,0,,0,,,,0.963,0.667,1.39,,,,,,,0.5,51,47,0.353,0.447,1.266,0,2,,,,,,,0.342,0.059,1.995,0.884,1.163,0.963,,,,Wing,-0.26,,,-0.42,-1.4,EuroCup,2019-20,intl
Dj White,95,85,10,7,1,100.0,89,54.5,45.5,24,56.2,1.7,15,23.3,61.3,-38.0,0,,0,,,,1.149,,,,,,,,,0.357,53,49,0.453,0.469,1.037,1,3,,,,,,,0.759,0.345,1.671,1.055,1.141,1.149,,,,Wing,0.58,,,-1.03,-0.51,EuroCup,2019-20,intl
Axel Toupane,94,74,20,7,0,,91,52.2,,10,105.0,59.3,13,19.2,57.7,-38.5,0,,0,,,,1.057,0.888,1.259,,,,,,,0.714,58,47,0.517,0.447,0.864,4,1,,,,,,,1.25,0.76,2.055,0.75,1.165,1.072,,,,Wing,0.16,,,0.49,0.54,EuroCup,2019-20,intl
Andrea De Nicolao,94,87,7,3,2,0.0,58,54.3,-54.3,22,36.4,-25.5,13,46.2,54.3,-8.1,0,,0,,,,1.776,,,,,,,,,0.583,43,56,0.326,0.375,1.152,1,1,,,,,,,1.333,0.65,2.735,1.648,1.278,1.578,,,,Playmaker,3.06,,,-0.48,1.12,EuroCup,2019-20,intl
Paul Lacombe,93,90,3,3,1,100.0,67,48.5,51.5,14,35.7,-17.1,7,50.0,49.2,0.8,0,,0,,,,1.452,,,,,,,,,0.25,50,46,0.34,0.391,1.151,1,1,,,,,,,,,,1.077,1.431,1.452,,,,Wing,1.94,,,-1.49,,EuroCup,2019-20,intl
David Jelinek,92,75,17,9,2,75.0,85,57.1,17.9,26,61.5,5.8,14,67.9,55.5,12.4,0,,0,,,,1.067,0.872,1.306,,,,,,,0.472,59,44,0.441,0.545,1.238,2,5,,,,,,,1.033,0.563,1.895,1.101,0.782,1.025,,,,Wing,0.21,,,-0.54,0.08,EuroCup,2019-20,intl
Greg Whittington,92,70,22,6,6,66.7,88,61.9,4.7,28,64.3,2.9,8,43.8,64.0,-20.2,0,,0,,,,0.872,0.685,1.111,,,,,,,0.917,44,64,0.409,0.391,0.955,2,3,,,,,,,1.326,0.902,1.95,0.972,1.163,0.883,,,,Wing,-0.67,,,1.36,0.7,EuroCup,2019-20,intl
Dovis Bickauskis,92,80,12,5,1,0.0,60,41.7,-41.7,16,37.5,-4.7,9,55.6,38.5,17.1,0,,0,,,,0.654,0.328,1.302,,,,,,,0.6,48,50,0.417,0.42,1.008,1,1,,,,,,,0.537,0.09,3.212,0.72,,0.603,,,,Playmaker,-1.71,,,-0.39,-1.16,EuroCup,2019-20,intl
Tommaso Laquintana,90,84,6,7,1,0.0,75,44.7,-44.7,13,42.3,-2.1,11,31.8,46.2,-14.3,0,,0,,,,0.862,0.484,1.535,,,,,,,0.214,55,43,0.436,0.512,1.172,1,3,,,,,,,0.58,0.104,3.242,0.961,0.969,0.738,,,,Playmaker,-0.82,,,-2.38,-1.04,EuroCup,2019-20,intl
Carlos Suarez,89,80,9,5,0,,58,56.0,,17,38.2,-25.2,7,50.0,56.9,-6.9,0,,0,,,,1.135,0.69,1.866,,,,,,,0.45,41,53,0.22,0.434,1.977,0,2,,,,,,,0.653,0.203,2.094,1.042,,1.135,,,,Wing,0.51,,,-0.63,-0.74,EuroCup,2019-20,intl
Stefano Tonut,88,69,19,6,2,50.0,84,48.8,1.2,19,57.9,11.6,14,32.1,52.1,-19.9,0,,0,,,,1.083,0.897,1.308,,,,,,,0.792,52,51,0.558,0.392,0.703,4,3,,,,,,,0.869,0.463,1.633,1.207,0.95,0.984,,,,Wing,0.28,,,0.83,-0.27,EuroCup,2019-20,intl
Julyan Stone,88,84,4,1,0,,50,62.0,,13,65.4,4.6,5,60.0,62.2,-2.2,0,,0,,,,1.4,0.768,2.55,,,,,,,1.0,48,43,0.354,0.209,0.591,1,0,,,,,,,1.429,0.605,3.372,0.725,,1.215,,,,Wing,1.7,,,1.71,0.93,EuroCup,2019-20,intl
Spencer Butterfield,88,61,27,8,8,68.8,77,43.5,25.2,16,62.5,20.5,8,0.0,50.6,-50.6,0,,0,,,,0.895,0.716,1.12,,,,,,,0.844,54,46,0.556,0.565,1.017,2,3,,,,,,,0.883,0.44,1.773,1.168,1.203,0.893,,,,Wing,-0.56,,,1.05,-0.24,EuroCup,2019-20,intl
Isaia Cordinier,88,58,30,8,8,68.8,84,41.1,27.7,25,36.0,-10.3,21,33.3,46.5,-13.1,0,,0,,,,1.305,1.058,1.61,,,,,,,0.938,62,53,0.484,0.509,1.053,6,5,,,,,,,1.019,0.563,1.842,1.227,1.19,1.341,,,,Wing,1.28,,,1.45,0.05,EuroCup,2019-20,intl
Deividas Sirvydis,87,75,12,5,4,75.0,78,55.8,19.2,23,67.4,14.8,6,75.0,55.3,19.7,0,,0,,,,1.058,0.873,1.282,,,,,,,0.6,47,46,0.511,0.478,0.937,2,1,,,,,,,0.739,0.325,1.677,1.052,0.947,1.065,,,,Wing,0.17,,,0.01,-0.55,EuroCup,2019-20,intl
Goksenin Koksal,87,76,11,5,3,50.0,68,58.1,-8.1,17,67.6,13.0,8,43.8,59.5,-15.8,0,,0,,,,0.82,0.516,1.302,,,,,,,0.55,44,48,0.477,0.333,0.698,2,1,,,,,,,1.806,1.205,2.706,0.705,,0.82,,,,Wing,-0.9,,,-0.21,1.73,EuroCup,2019-20,intl
Mindaugas Girdziunas,87,80,7,3,1,100.0,68,54.4,45.6,18,55.6,0.7,20,65.0,51.0,14.0,0,,0,,,,0.737,0.384,1.416,,,,,,,0.583,49,43,0.449,0.395,0.881,1,0,,,,,,,0.554,0.099,3.09,0.98,,0.578,,,,Playmaker,-1.36,,,-0.48,-1.11,EuroCup,2019-20,intl
Rashawn Thomas,87,72,15,6,2,50.0,87,55.2,-5.2,19,63.2,10.3,10,45.0,56.3,-11.3,0,,0,,,,0.96,0.776,1.187,,,,,,,0.625,50,49,0.42,0.469,1.118,2,3,,,,,,,1.176,0.722,1.917,1.013,1.11,0.951,,,,Wing,-0.27,,,0.11,0.38,EuroCup,2019-20,intl
David Moss,86,72,14,8,4,100.0,76,40.8,59.2,17,52.9,11.7,16,12.5,51.6,-39.1,0,,0,,,,1.046,0.823,1.329,,,,,,,0.438,44,51,0.477,0.549,1.15,0,4,,,,,,,0.819,0.348,1.932,0.961,1.205,1.058,,,,Wing,0.11,,,-0.68,-0.38,EuroCup,2019-20,intl
Luke Harangody,85,72,13,5,7,57.1,75,66.0,-8.9,24,81.2,22.6,6,41.7,67.1,-25.4,0,,0,,,,1.055,0.882,1.262,,,,,,,0.65,41,51,0.439,0.373,0.849,1,1,,,,,,,0.729,0.361,1.472,1.184,0.896,1.067,,,,Wing,0.15,,,0.22,-0.57,EuroCup,2019-20,intl
Mantas Kalnietis,85,79,6,5,5,0.0,53,52.8,-52.8,23,39.1,-15.2,3,50.0,48.2,1.8,0,,0,,,,0.79,0.349,1.789,,,,,,,0.3,43,47,0.279,0.468,1.677,0,4,,,,,,,,,,1.361,1.571,0.79,,,,Playmaker,-1.13,,,-1.94,,EuroCup,2019-20,intl
Jordan Swing,85,52,33,9,4,87.5,99,42.9,44.6,20,40.0,-5.8,11,40.9,45.1,-4.2,0,,0,,,,0.931,0.754,1.151,,,,,,,0.917,64,57,0.531,0.544,1.024,6,4,,,,,,,0.94,0.515,1.717,0.972,1.008,0.976,,,,Wing,-0.4,,,1.36,-0.12,EuroCup,2019-20,intl
Hassan Martin,85,83,2,1,4,25.0,77,68.8,-43.8,15,53.3,-16.4,8,37.5,69.9,-32.4,0,,0,,,,1.064,,,,,,,,,0.5,46,40,0.283,0.35,1.238,0,1,,,,,,,0.736,0.183,2.967,0.983,,1.064,,,,Wing,0.19,,,-0.42,-0.56,EuroCup,2019-20,intl
Ariel Filloy,84,73,11,4,3,83.3,63,46.8,36.5,21,47.6,-1.3,11,68.2,44.5,23.6,0,,0,,,,0.968,0.601,1.558,,,,,,,0.688,54,44,0.407,0.409,1.004,3,2,,,,,,,1.905,1.052,3.45,1.288,,0.912,,,,Wing,-0.24,,,0.38,1.94,EuroCup,2019-20,intl
Nikola Jankovic,84,79,5,4,0,,76,49.3,,14,46.4,-3.6,9,55.6,48.5,7.0,0,,0,,,,1.179,,,,,,,,,0.312,44,44,0.386,0.5,1.294,0,1,,,,,,,1.218,0.572,2.594,1.003,1.162,1.179,,,,Big,0.83,,,-0.86,0.49,EuroCup,2019-20,intl
Tyson Perez,83,73,10,4,4,75.0,73,54.8,20.2,30,56.7,1.3,11,45.5,57.6,-12.1,0,,0,,,,1.027,0.821,1.284,,,,,,,0.625,32,55,0.438,0.382,0.873,1,2,,,,,,,0.356,0.103,1.225,1.026,1.147,1.027,,,,Wing,0.03,,,0.11,-1.37,EuroCup,2019-20,intl
Andreas Obst,81,69,12,5,5,20.0,75,58.0,-38.0,23,34.8,-29.3,10,10.0,62.1,-52.1,0,,0,,,,0.958,0.732,1.254,,,,,,,0.6,38,54,0.421,0.556,1.319,1,3,,,,,,,0.828,0.371,1.847,1.074,,0.997,,,,Wing,-0.28,,,0.01,-0.36,EuroCup,2019-20,intl
Martynas Echodas,81,67,14,7,2,50.0,87,58.6,-8.6,24,54.2,-5.8,8,75.0,56.8,18.2,0,,0,,,,0.857,,,,,,,,,0.5,46,46,0.435,0.37,0.85,2,3,,,,,,,1.288,0.877,1.893,0.824,1.038,0.889,,,,Big,-0.87,,,-0.22,0.67,EuroCup,2019-20,intl
Brian Sacchetti,81,71,10,5,2,0.0,66,49.2,-49.2,15,56.7,11.4,12,29.2,51.8,-22.6,0,,0,,,,1.34,,,,,,,,,0.5,43,43,0.581,0.419,0.72,3,1,,,,,,,1.01,0.441,2.312,1.343,1.29,1.34,,,,Wing,1.43,,,-0.42,0.03,EuroCup,2019-20,intl
Grant Jerrett,80,58,22,7,2,125.0,78,46.2,78.8,19,63.2,19.7,6,33.3,49.3,-16.0,0,,0,,,,1.002,0.824,1.218,,,,,,,0.786,44,47,0.477,0.468,0.981,4,1,,,,,,,1.077,0.61,1.9,1.086,0.753,1.016,,,,Big,-0.1,,,0.76,0.12,EuroCup,2019-20,intl
Dejan Musli,79,73,6,2,1,0.0,64,64.1,-64.1,8,50.0,-14.9,16,43.8,69.4,-25.6,0,,0,,,,0.854,0.479,1.523,,,,,,,0.75,54,29,0.296,0.276,0.931,1,0,,,,,,,0.77,0.284,2.09,1.296,1.286,0.961,,,,Big,-0.89,,,0.63,-0.67,EuroCup,2019-20,intl
Nikola Ivanovic,79,50,29,9,5,30.0,68,36.8,-6.8,18,22.2,-18.7,7,0.0,40.2,-40.2,0,,0,,,,1.065,0.793,1.429,,,,,,,0.806,41,59,0.537,0.508,0.948,4,3,,,,,,,1.821,0.834,3.98,1.429,1.441,1.059,,,,Playmaker,0.04,,,0.67,2.52,EuroCup,2019-20,intl
Alessandro Pajola,79,79,0,1,0,,42,46.4,,13,53.8,10.7,3,50.0,46.2,3.8,0,,0,,,,,,,,,,,,,0.0,37,43,0.297,0.326,1.095,0,0,,,,,,,,,,1.032,,,,,,Wing,,,,-2.55,,EuroCup,2019-20,intl
Muhsin Yasar,78,69,9,4,0,,77,61.0,,11,90.9,34.8,13,46.2,64.1,-17.9,0,,0,,,,0.73,0.457,1.166,,,,,,,0.562,54,32,0.444,0.188,0.422,3,1,,,,,,,1.05,0.579,1.906,0.94,1.129,0.831,,,,Big,-1.55,,,-0.01,0.05,EuroCup,2019-20,intl
Octavius Ellis,77,76,1,1,4,100.0,64,68.8,31.2,14,85.7,19.0,10,70.0,70.7,-0.7,0,,0,,,,1.152,,,,,,,,,0.25,44,34,0.341,0.147,0.431,1,0,,,,,,,,,,1.185,,1.152,,,,Big,0.69,,,-1.08,,EuroCup,2019-20,intl
Philipp Schwethelm,77,72,5,3,3,150.0,61,63.1,86.9,15,56.7,-13.7,4,100.0,65.0,35.0,0,,0,,,,1.333,,,,,,,,,0.417,45,37,0.378,0.459,1.216,1,1,,,,,,,0.771,0.256,2.326,1.054,,1.333,,,,Wing,1.4,,,-0.77,-0.48,EuroCup,2019-20,intl
Alan Williams,77,64,13,5,5,60.0,62,48.4,11.6,14,71.4,28.0,9,33.3,51.7,-18.4,0,,0,,,,0.869,0.592,1.274,,,,,,,0.65,43,41,0.488,0.317,0.649,3,0,,,,,,,1.308,0.766,2.232,0.993,0.617,0.92,,,,Wing,-0.68,,,0.22,0.67,EuroCup,2019-20,intl
Stefan Bircevic,76,65,11,8,2,75.0,77,50.6,24.4,26,55.8,6.7,4,25.0,52.7,-27.7,0,,0,,,,0.985,0.807,1.202,,,,,,,0.344,45,40,0.6,0.5,0.833,2,2,,,,,,,1.909,1.13,3.226,1.011,1.083,0.993,,,,Big,-0.19,,,-0.75,2.29,EuroCup,2019-20,intl
Yigit Arslan,76,59,17,7,0,,66,56.8,,23,63.0,9.6,15,53.3,57.8,-4.5,0,,0,,,,0.83,0.57,1.209,,,,,,,0.607,36,51,0.417,0.412,0.988,1,1,,,,,,,1.394,0.807,2.408,1.206,,0.802,,,,Wing,-0.86,,,0.04,0.85,EuroCup,2019-20,intl
Bandja Sy,75,65,10,6,2,50.0,68,56.6,-6.6,18,55.6,-1.2,5,20.0,59.2,-39.2,0,,0,,,,0.929,0.671,1.285,,,,,,,0.417,48,33,0.417,0.455,1.091,1,1,,,,,,,0.677,0.269,1.708,0.98,1.172,0.929,,,,Wing,-0.41,,,-0.77,-0.68,EuroCup,2019-20,intl
Robin Amaize,75,64,11,5,0,,72,54.2,,23,65.2,16.2,7,42.9,55.4,-12.5,0,,0,,,,0.846,0.582,1.232,,,,,,,0.55,38,46,0.474,0.5,1.056,2,4,,,,,,,0.529,0.154,1.813,1.072,,0.895,,,,Playmaker,-0.89,,,-0.65,-1.19,EuroCup,2019-20,intl
Marko Simonovic,74,68,6,6,4,37.5,65,59.2,-21.7,7,35.7,-24.8,9,27.8,62.5,-34.7,0,,0,,,,1.193,,,,,,,,,0.25,47,33,0.383,0.606,1.582,1,3,,,,,,,0.317,0.052,1.927,1.238,1.172,1.193,,,,Wing,0.77,,,-1.49,-1.46,EuroCup,2019-20,intl
Albert Ventura,74,67,7,2,1,100.0,53,45.3,54.7,9,33.3,-15.6,9,0.0,55.6,-55.6,0,,0,,,,0.598,0.251,1.426,,,,,,,0.875,42,36,0.476,0.389,0.817,2,0,,,,,,,,,,0.574,0.708,0.618,,,,Wing,-1.9,,,1.18,,EuroCup,2019-20,intl
Devin Oliver,74,58,16,6,2,0.0,78,44.9,-44.9,20,52.5,11.7,17,64.7,38.1,26.6,0,,0,,,,1.036,0.835,1.285,,,,,,,0.667,44,48,0.568,0.5,0.88,3,3,,,,,,,1.235,0.603,2.529,0.867,1.179,1.076,,,,Wing,0.07,,,0.29,0.51,EuroCup,2019-20,intl
Alberto Diaz,74,64,10,3,2,125.0,52,53.8,71.2,23,87.0,53.1,9,27.8,62.2,-34.4,0,,0,,,,0.914,0.535,1.563,,,,,,,0.833,38,43,0.421,0.349,0.828,2,3,,,,,,,,,,0.729,1.542,1.071,,,,Playmaker,-0.6,,,0.81,,EuroCup,2019-20,intl
Nathan Boothe,74,57,17,6,2,0.0,77,46.8,-46.8,12,29.2,-19.3,5,40.0,45.9,-5.9,0,,0,,,,1.012,0.881,1.163,,,,,,,0.708,47,37,0.489,0.622,1.27,2,4,,,,,,,0.637,0.293,1.385,1.067,0.978,1.019,,,,Wing,-0.04,,,0.47,-0.77,EuroCup,2019-20,intl
Danilo Nikolic,74,58,16,7,8,68.8,68,53.7,15.1,17,47.1,-10.6,10,30.0,59.1,-29.1,0,,0,,,,1.046,0.897,1.219,,,,,,,0.571,45,38,0.422,0.605,1.434,1,2,,,,,,,1.067,0.618,1.841,1.107,1.101,1.053,,,,Wing,0.11,,,-0.12,0.15,EuroCup,2019-20,intl
Dario Brizuela,73,54,19,7,4,37.5,66,47.0,-9.5,19,47.4,1.3,13,38.5,48.2,-9.8,0,,0,,,,1.066,0.805,1.411,,,,,,,0.679,52,37,0.442,0.541,1.222,4,3,,,,,,,1.422,0.765,2.643,1.231,0.974,1.174,,,,Wing,0.2,,,0.34,0.91,EuroCup,2019-20,intl
Evgeny Kolesnikov,73,65,8,4,3,33.3,68,62.5,-29.2,23,52.2,-13.5,11,40.9,65.0,-24.1,0,,0,,,,0.948,0.723,1.243,,,,,,,0.5,32,45,0.438,0.533,1.219,1,2,,,,,,,0.553,0.167,1.83,0.93,1.09,0.948,,,,Wing,-0.33,,,-0.42,-0.95,EuroCup,2019-20,intl
Armani Moore,72,59,13,5,3,33.3,66,53.8,-20.5,19,36.8,-22.2,8,25.0,56.6,-31.6,0,,0,,,,0.856,0.628,1.167,,,,,,,0.65,42,37,0.405,0.514,1.269,1,1,,,,,,,0.785,0.351,1.754,1.048,0.677,0.891,,,,Wing,-0.74,,,0.22,-0.45,EuroCup,2019-20,intl
Alex Poythress,72,58,14,4,0,,74,50.0,,22,43.2,-9.7,8,81.2,46.2,35.0,0,,0,,,,1.036,0.811,1.322,,,,,,,0.875,42,44,0.452,0.455,1.005,2,3,,,,,,,0.615,0.265,1.427,1.094,1.057,1.081,,,,Wing,0.07,,,1.18,-0.82,EuroCup,2019-20,intl
Dogus Ozdemiroglu,72,62,10,6,5,80.0,63,38.9,41.1,17,52.9,14.7,11,13.6,47.4,-33.7,0,,0,,,,1.192,,,,,,,,,0.417,39,39,0.59,0.538,0.913,2,1,,,,,,,1.04,0.452,2.393,1.127,1.169,1.192,,,,Playmaker,0.58,,,-1.33,0.28,EuroCup,2019-20,intl
Vincent Sanford,72,59,13,5,1,150.0,73,59.6,90.4,24,70.8,14.8,12,66.7,59.7,7.0,0,,0,,,,0.834,0.57,1.219,,,,,,,0.65,37,52,0.432,0.385,0.889,3,3,,,,,,,0.583,0.224,1.516,0.883,1.197,0.872,,,,,,,,,,EuroCup,2019-20,intl
Jerry Boutsiele,72,68,4,1,2,50.0,53,58.5,-8.5,14,57.1,-1.4,11,63.6,56.8,6.8,0,,0,,,,1.388,,,,,,,,,1.0,30,45,0.433,0.222,0.513,1,0,,,,,,,1.361,0.732,2.529,1.086,,1.17,,,,Wing,1.65,,,1.71,0.78,EuroCup,2019-20,intl
Jordan Theodore,71,64,7,3,3,83.3,40,43.8,39.6,13,69.2,32.6,7,71.4,41.7,29.8,0,,0,,,,0.807,0.333,1.956,,,,,,,0.583,34,43,0.324,0.326,1.006,1,1,,,,,,,0.756,0.146,3.912,1.333,,1.076,,,,Playmaker,-1.06,,,-0.48,-0.54,EuroCup,2019-20,intl
Zoran Dragic,71,52,19,7,7,50.0,71,45.1,4.9,20,47.5,2.7,10,45.0,45.6,-0.6,0,,0,,,,1.146,0.973,1.349,,,,,,,0.679,48,43,0.521,0.535,1.027,3,3,,,,,,,0.929,0.472,1.83,0.946,0.821,1.078,,,,Wing,0.56,,,0.34,-0.15,EuroCup,2019-20,intl
Johnathan Williams,71,56,15,6,6,50.0,74,52.7,-2.7,16,50.0,-3.1,7,14.3,56.2,-41.9,0,,0,,,,1.098,,,,,,,,,0.625,44,42,0.432,0.452,1.048,2,2,,,,,,,1.055,0.655,1.701,1.084,1.087,1.098,,,,Big,0.4,,,0.21,0.07,EuroCup,2019-20,intl
Derek Willis,71,62,9,3,1,100.0,63,65.1,34.9,15,90.0,31.8,5,50.0,66.9,-16.9,0,,0,,,,0.946,0.655,1.366,,,,,,,0.75,47,31,0.362,0.419,1.159,2,1,,,,,,,1.005,0.507,1.993,1.022,,0.935,,,,Wing,-0.34,,,0.65,0.02,EuroCup,2019-20,intl
Evaldas Kairys,70,70,0,0,4,75.0,59,69.5,5.5,15,66.7,-4.2,6,33.3,73.7,-40.4,0,,0,,,,,,,,,,,,,,39,31,0.282,0.258,0.915,0,0,,,,,,,,,,1.135,,,,,,Wing,,,,,,EuroCup,2019-20,intl
Leyton Hammonds,69,40,29,9,5,70.0,76,52.6,17.4,22,63.6,13.6,9,27.8,56.9,-29.2,0,,0,,,,0.931,,,,,,,,,0.806,41,43,0.659,0.395,0.6,5,2,,,,,,,1.389,0.836,2.308,0.946,1.035,0.912,,,,Wing,-0.4,,,0.89,0.84,EuroCup,2019-20,intl
Cameron Bairstow,68,58,10,5,0,,67,49.3,,7,64.3,16.8,3,33.3,50.0,-16.7,0,,0,,,,0.859,0.625,1.181,,,,,,,0.5,41,32,0.512,0.469,0.915,2,1,,,,,,,0.466,0.137,1.586,1.037,0.811,0.859,,,,Wing,-0.73,,,-0.42,-1.14,EuroCup,2019-20,intl
Melvin Ejim,68,61,7,3,3,33.3,51,54.9,-21.6,22,61.4,12.9,5,20.0,57.1,-37.1,0,,0,,,,0.556,0.234,1.323,,,,,,,0.583,31,41,0.452,0.317,0.702,1,0,,,,,,,2.043,,,1.206,,0.649,,,,Wing,-2.09,,,-0.07,2.24,EuroCup,2019-20,intl
Edo Muric,68,57,11,4,4,75.0,57,60.5,14.5,11,77.3,19.3,10,85.0,56.9,28.1,0,,0,,,,0.864,0.591,1.262,,,,,,,0.688,42,32,0.452,0.344,0.76,3,0,,,,,,,0.96,0.456,2.021,0.976,0.807,0.923,,,,Wing,-0.7,,,0.38,-0.08,EuroCup,2019-20,intl
Berkan Durmaz,67,64,3,3,5,80.0,53,47.2,32.8,12,45.8,-5.3,11,31.8,54.3,-22.4,0,,0,,,,0.805,0.359,1.806,,,,,,,0.25,41,29,0.415,0.483,1.164,1,0,,,,,,,1.06,0.258,4.363,0.911,0.598,0.805,,,,Big,-1.15,,,-1.08,0.08,EuroCup,2019-20,intl
Andrea Mezzanotte,67,55,12,6,1,0.0,56,38.4,-38.4,16,56.2,25.8,6,16.7,40.2,-23.5,0,,0,,,,0.64,0.357,1.145,,,,,,,0.5,39,37,0.538,0.514,0.954,2,2,,,,,,,0.956,0.287,3.182,1.007,0.417,0.731,,,,Wing,-1.71,,,-0.42,-0.09,EuroCup,2019-20,intl
Damien Bouquet,66,60,6,2,0,,40,41.2,,5,0.0,-47.1,7,71.4,34.8,36.6,0,,0,,,,0.571,0.181,1.808,,,,,,,0.75,46,23,0.391,0.348,0.889,1,1,,,,,,,,,,1.178,0.426,0.735,,,,Wing,-2.02,,,0.65,,EuroCup,2019-20,intl
Hugo Invernizzi,66,55,11,3,0,,55,72.7,,7,107.1,39.4,6,25.0,78.6,-53.6,0,,0,,,,0.667,0.383,1.16,,,,,,,0.917,42,28,0.429,0.286,0.667,2,0,,,,,,,0.577,0.181,1.838,1.0,0.846,0.713,,,,Wing,-1.59,,,1.36,-0.9,EuroCup,2019-20,intl
Filippo Baldi Rossi,66,66,0,1,1,150.0,50,58.0,92.0,17,38.2,-32.4,9,66.7,58.3,8.3,0,,0,,,,,,,,,,,,,0.0,35,32,0.371,0.406,1.094,0,0,,,,,,,,,,0.939,,,,,,,,,,,,EuroCup,2019-20,intl
Bartlomiej Woloszyn,66,56,10,6,3,50.0,54,46.3,3.7,12,37.5,-11.4,9,33.3,49.0,-15.6,0,,0,,,,0.8,0.472,1.357,,,,,,,0.417,44,31,0.477,0.516,1.081,2,1,,,,,,,0.824,0.251,2.706,0.897,,0.889,,,,Wing,-0.99,,,-0.77,-0.37,EuroCup,2019-20,intl
Ben Emelogu,66,45,21,7,4,75.0,69,50.0,25.0,17,61.8,13.6,10,50.0,51.6,-1.6,0,,0,,,,1.012,0.785,1.304,,,,,,,0.75,35,53,0.686,0.396,0.578,5,2,,,,,,,2.329,1.237,4.387,0.987,1.28,1.065,,,,Wing,-0.04,,,0.65,2.85,EuroCup,2019-20,intl
Lazeric Jones,66,55,11,3,8,50.0,38,51.3,-1.3,14,53.6,3.6,11,68.2,45.7,22.5,0,,0,,,,1.0,0.613,1.631,,,,,,,0.917,30,42,0.333,0.381,1.143,0,2,,,,,,,0.882,0.351,2.216,1.159,1.667,0.977,,,,Playmaker,-0.24,,,1.24,-0.17,EuroCup,2019-20,intl
Adam Ariel,65,51,14,7,2,75.0,64,49.2,25.8,25,48.0,-3.2,6,25.0,52.5,-27.5,0,,0,,,,0.971,0.767,1.23,,,,,,,0.5,32,42,0.531,0.619,1.165,1,4,,,,,,,0.188,0.028,1.26,1.061,0.877,0.972,,,,Wing,-0.22,,,-0.42,-1.73,EuroCup,2019-20,intl
Justin Sears,65,60,5,4,0,,67,50.7,,15,46.7,-5.3,9,44.4,51.7,-7.3,0,,0,,,,0.873,0.559,1.362,,,,,,,0.312,42,32,0.476,0.406,0.853,1,0,,,,,,,0.948,0.345,2.607,0.967,1.102,0.935,,,,Wing,-0.66,,,-1.22,-0.1,EuroCup,2019-20,intl
Nacho Llovet,64,64,0,1,0,,53,73.6,,8,75.0,1.7,10,20.0,86.0,-66.0,0,,0,,,,,,,,,,,,,0.0,40,25,0.225,0.24,1.067,0,0,,,,,,,,,,0.922,,,,,,Wing,,,,-2.55,,EuroCup,2019-20,intl
William Mosley,64,64,0,0,0,,56,75.9,,25,78.0,3.8,6,50.0,79.0,-29.0,0,,0,,,,,,,,,,,,,,25,39,0.2,0.231,1.154,0,0,,,,,,,,,,0.855,,,,,,Wing,,,,,,EuroCup,2019-20,intl
Taylor Smith,64,60,4,3,3,66.7,56,58.0,8.6,12,70.8,15.5,9,72.2,56.0,16.2,0,,0,,,,1.154,,,,,,,,,0.333,39,28,0.385,0.357,0.929,2,0,,,,,,,0.812,0.298,2.216,1.211,,1.154,,,,Wing,0.6,,,-1.13,-0.4,EuroCup,2019-20,intl
Dimitris Katsivelis,64,59,5,5,0,,52,40.4,,8,37.5,-3.4,10,20.0,45.2,-25.2,0,,0,,,,0.536,0.181,1.585,,,,,,,0.25,44,27,0.5,0.37,0.741,2,1,,,,,,,1.222,0.292,5.111,0.949,0.325,0.575,,,,,,,,,,EuroCup,2019-20,intl
Andrija Stipanovic,64,61,3,3,0,,44,52.3,,5,20.0,-36.4,6,66.7,50.0,16.7,0,,0,,,,1.564,,,,,,,,,0.25,45,22,0.244,0.455,1.86,1,1,,,,,,,0.591,0.116,2.998,1.241,1.561,1.564,,,,Big,2.88,,,-1.08,-1.14,EuroCup,2019-20,intl
Nicolas Lang,64,58,6,3,0,,55,55.5,,16,65.6,14.3,9,72.2,52.2,20.0,0,,0,,,,0.411,0.132,1.284,,,,,,,0.5,34,36,0.441,0.472,1.07,1,2,,,,,,,1.175,0.283,4.886,0.812,,0.62,,,,Wing,-2.74,,,-0.42,0.38,EuroCup,2019-20,intl
Kerem Kanter,63,59,4,6,0,,64,55.5,,10,70.0,17.2,4,25.0,57.5,-32.5,0,,0,,,,1.093,,,,,,,,,0.167,37,32,0.459,0.406,0.884,0,1,,,,,,,1.862,,,0.812,,1.093,,,,Big,0.38,,,-1.36,2.16,EuroCup,2019-20,intl
Fabio Mian,62,52,10,5,0,,61,51.6,,18,44.4,-10.2,7,78.6,48.1,30.4,0,,0,,,,0.996,0.795,1.247,,,,,,,0.5,36,31,0.528,0.581,1.1,2,1,,,,,,,1.374,0.696,2.712,0.996,1.103,0.996,,,,Wing,-0.11,,,-0.42,0.81,EuroCup,2019-20,intl
Gasper Vidmar,62,62,0,1,0,,49,61.2,,3,33.3,-29.7,6,66.7,60.5,6.2,0,,0,,,,,,,,,,,,,0.0,40,23,0.3,0.304,1.014,0,0,,,,,,,,,,0.852,,,,,,Big,,,,-1.93,,EuroCup,2019-20,intl
Volodymyr Gerun,62,62,0,0,0,,55,70.9,,10,60.0,-13.3,4,50.0,72.5,-22.5,0,,0,,,,,,,,,,,,,,37,25,0.297,0.2,0.673,0,0,,,,,,,,,,1.143,,,,,,Big,,,,,,EuroCup,2019-20,intl
Ike Udanoh,62,58,4,2,1,0.0,54,40.7,-40.7,8,25.0,-17.6,3,33.3,40.4,-7.1,0,,0,,,,0.926,0.519,1.652,,,,,,,0.5,49,18,0.469,0.556,1.184,1,0,,,,,,,2.611,,,1.27,,1.028,,,,Wing,-0.43,,,-0.42,3.46,EuroCup,2019-20,intl
Kim Tillie,62,59,3,3,0,,48,36.5,,12,66.7,40.3,6,0.0,41.7,-41.7,0,,0,,,,1.405,,,,,,,,,0.25,34,31,0.471,0.581,1.234,0,0,,,,,,,,,,1.196,1.378,1.405,,,,Big,2.03,,,-1.08,,EuroCup,2019-20,intl
Devonte Upson,61,57,4,2,0,,56,57.1,,10,60.0,3.5,12,33.3,63.6,-30.3,0,,0,,,,1.14,,,,,,,,,0.5,32,31,0.406,0.355,0.873,1,0,,,,,,,1.293,0.701,2.387,1.102,,1.14,,,,Big,0.63,,,-0.22,0.69,EuroCup,2019-20,intl
Adam Hrycaniuk,61,48,13,5,5,80.0,49,38.8,41.2,15,60.0,24.1,6,50.0,41.7,8.3,0,,0,,,,0.901,0.654,1.24,,,,,,,0.65,38,29,0.553,0.345,0.624,3,0,,,,,,,1.139,0.56,2.316,1.067,0.74,0.836,,,,Big,-0.64,,,0.29,0.29,EuroCup,2019-20,intl
Wilfried Yeguete,60,57,3,2,0,,56,50.0,,16,43.8,-8.8,8,12.5,56.2,-43.8,0,,0,,,,0.358,0.072,1.779,,,,,,,0.375,33,29,0.455,0.448,0.986,1,0,,,,,,,,,,0.921,,0.358,,,,Wing,-2.97,,,-0.95,,EuroCup,2019-20,intl
Youssoupha Ndoye,59,56,3,3,1,0.0,54,53.7,-53.7,9,33.3,-23.2,5,40.0,54.0,-14.0,0,,0,,,,1.143,,,,,,,,,0.25,33,29,0.364,0.483,1.328,0,3,,,,,,,0.583,0.116,2.943,1.024,1.135,1.143,,,,,,,,,,EuroCup,2019-20,intl
Darryl Monroe,57,46,11,3,2,50.0,48,42.7,7.3,8,37.5,-6.5,4,50.0,42.4,7.6,0,,0,,,,1.307,1.0,1.707,,,,,,,0.917,37,33,0.405,0.424,1.046,2,1,,,,,,,2.036,1.087,3.814,0.875,0.986,1.246,,,,Wing,1.28,,,1.36,2.23,EuroCup,2019-20,intl
Loukas Mavrokefalidis,57,42,15,4,0,,60,53.3,,6,75.0,24.1,5,90.0,50.0,40.0,0,,0,,,,1.089,0.907,1.308,,,,,,,0.938,44,25,0.455,0.44,0.968,3,1,,,,,,,0.857,0.431,1.705,1.188,1.17,0.952,,,,Big,0.36,,,1.28,-0.45,EuroCup,2019-20,intl
Seth Hinrichs,56,55,1,4,0,,45,53.3,,7,50.0,-3.9,7,28.6,57.9,-29.3,0,,0,,,,1.375,,,,,,,,,0.062,26,34,0.423,0.382,0.904,0,1,,,,,,,,,,1.272,,1.375,,,,Wing,1.59,,,-2.29,,EuroCup,2019-20,intl
Kevin Mcclain,55,51,4,3,2,50.0,42,52.4,-2.4,12,45.8,-8.9,2,0.0,54.8,-54.8,0,,0,,,,1.007,0.559,1.812,,,,,,,0.333,31,27,0.419,0.37,0.883,0,1,,,,,,,0.633,0.124,3.228,1.067,,1.007,,,,Wing,-0.06,,,-1.13,-0.78,EuroCup,2019-20,intl
Dylan Ennis,55,44,11,3,4,25.0,53,51.9,-26.9,17,41.2,-12.6,8,18.8,55.1,-36.4,0,,0,,,,1.111,0.88,1.403,,,,,,,0.917,32,36,0.406,0.556,1.368,2,2,,,,,,,0.379,0.106,1.36,1.125,1.085,1.141,,,,Playmaker,0.23,,,1.24,-1.62,EuroCup,2019-20,intl
Novica Velickovic,54,52,2,2,0,,42,58.3,,8,50.0,-10.3,6,41.7,61.1,-19.4,0,,0,,,,1.368,,,,,,,,,0.25,32,24,0.281,0.5,1.778,0,1,,,,,,,0.95,0.23,3.924,1.229,,1.368,,,,Wing,1.56,,,-1.49,-0.1,EuroCup,2019-20,intl
Oz Blayzer,54,44,10,6,4,25.0,50,36.0,-11.0,16,25.0,-14.5,7,14.3,38.3,-24.0,0,,0,,,,1.07,0.839,1.365,,,,,,,0.417,28,34,0.571,0.588,1.029,1,2,,,,,,,1.265,0.54,2.964,1.191,1.157,1.09,,,,Wing,0.22,,,-0.77,0.57,EuroCup,2019-20,intl
Andrea Zerini,54,54,0,3,2,100.0,48,57.3,42.7,13,46.2,-17.4,3,33.3,60.6,-27.3,0,,0,,,,,,,,,,,,,0.0,25,32,0.4,0.438,1.094,0,0,,,,,,,,,,1.15,,,,,,Wing,,,,-2.55,,EuroCup,2019-20,intl
Mikael Hopkins,53,49,4,4,4,50.0,49,57.1,-7.1,17,50.0,-9.7,13,80.8,48.8,32.0,0,,0,,,,0.799,0.452,1.413,,,,,,,0.25,31,26,0.484,0.462,0.954,0,1,,,,,,,0.613,0.121,3.106,0.971,,0.799,,,,Big,-1.18,,,-1.08,-1.08,EuroCup,2019-20,intl
Haukur Palsson,50,48,2,5,1,150.0,47,46.8,103.2,5,70.0,23.5,6,16.7,53.6,-36.9,0,,0,,,,1.171,,,,,,,,,0.1,36,19,0.639,0.368,0.577,1,0,,,,,,,2.562,,,0.875,,1.171,,,,Wing,0.67,,,-2.13,3.35,EuroCup,2019-20,intl
Davide Pascolo,49,43,6,3,0,,43,48.8,,10,35.0,-18.0,4,25.0,51.3,-26.3,0,,0,,,,1.303,,,,,,,,,0.5,26,27,0.423,0.444,1.051,1,1,,,,,,,1.375,0.706,2.677,1.37,,1.303,,,,Wing,1.27,,,-0.42,0.81,EuroCup,2019-20,intl
Frederic Bourdillon,49,49,0,2,2,0.0,40,80.0,-80.0,6,50.0,-30.6,5,80.0,75.7,4.3,0,,0,,,,,,,,,,,,,0.0,23,28,0.391,0.357,0.913,0,2,,,,,,,,,,0.92,,,,,,Wing,,,,-2.55,,EuroCup,2019-20,intl
Filip Kruslin,49,44,5,4,1,150.0,47,60.6,89.4,10,55.0,-9.5,4,37.5,64.8,-27.3,0,,0,,,,0.644,0.313,1.323,,,,,,,0.312,31,22,0.484,0.5,1.033,1,2,,,,,,,1.367,0.579,3.228,0.952,0.356,0.644,,,,Wing,-1.69,,,-1.22,0.79,EuroCup,2019-20,intl
Angelo Warner,48,45,3,2,0,,41,36.6,,9,55.6,24.3,5,50.0,34.7,15.3,0,,0,,,,1.25,,,,,,,,,0.375,27,23,0.593,0.478,0.807,0,1,,,,,,,,,,1.333,1.237,1.25,,,,Playmaker,0.82,,,-1.55,,EuroCup,2019-20,intl
George King,48,44,4,4,2,75.0,46,58.7,16.3,13,38.5,-28.7,4,37.5,61.4,-23.9,0,,0,,,,1.1,,,,,,,,,0.25,28,24,0.429,0.583,1.361,1,2,,,,,,,0.476,0.085,2.667,1.125,,1.1,,,,Wing,0.36,,,-1.49,-1.12,EuroCup,2019-20,intl
Perrin Buford,47,37,10,5,1,150.0,42,50.0,100.0,6,41.7,-12.4,4,62.5,51.3,11.2,0,,0,,,,0.448,0.208,0.966,,,,,,,0.5,27,26,0.407,0.462,1.133,2,2,,,,,,,1.031,0.364,2.921,0.643,,0.51,,,,Wing,-2.57,,,-0.42,0.07,EuroCup,2019-20,intl
Muhaymin Mustafa,47,43,4,3,1,0.0,43,51.2,-51.2,9,50.0,0.0,7,50.0,50.0,0.0,0,,0,,,,0.849,0.477,1.51,,,,,,,0.333,29,21,0.448,0.619,1.381,0,1,,,,,,,0.745,0.145,3.837,0.949,,0.849,,,,Wing,-0.77,,,-1.13,-0.54,EuroCup,2019-20,intl
Aleksa Avramovic,46,32,14,5,0,,50,43.0,,17,35.3,-11.7,8,12.5,48.8,-36.3,0,,0,,,,0.914,0.725,1.153,,,,,,,0.7,24,30,0.458,0.667,1.455,1,3,,,,,,,1.154,0.574,2.32,1.043,0.522,0.933,,,,Wing,-0.48,,,0.43,0.34,EuroCup,2019-20,intl
Joel Parra,42,31,11,6,0,,44,45.5,,10,35.0,-13.5,6,33.3,47.4,-14.0,0,,0,,,,0.875,0.652,1.173,,,,,,,0.458,26,24,0.577,0.5,0.867,2,0,,,,,,,1.074,0.459,2.511,0.836,1.139,0.822,,,,Wing,-0.65,,,-0.6,0.17,EuroCup,2019-20,intl
Jamar Smith,304,270,34,12,29,53.4,223,62.1,-8.7,89,56.2,-7.6,27,40.7,63.6,-22.8,0,,0,,,,1.191,1.034,1.372,,,,,,,0.708,131,200,0.397,0.375,0.945,4,8,,,,,,,0.906,0.604,1.359,1.06,1.348,1.149,,,,Wing,0.62,,,0.47,-0.23,EuroCup,2020-21,intl
Dee Bost,298,237,61,19,11,54.5,233,52.8,1.8,57,54.4,2.0,34,22.1,57.9,-35.8,0,,0,,,,1.0,0.839,1.191,,,,,,,0.803,176,165,0.415,0.424,1.023,10,8,,,,,,,0.985,0.674,1.438,1.015,0.773,0.909,,,,Playmaker,-0.22,,,0.36,-0.27,EuroCup,2020-21,intl
Isaiah Canaan,289,214,75,23,16,53.1,264,51.3,1.8,86,42.4,-13.0,49,43.9,53.0,-9.2,0,,0,,,,1.002,0.874,1.149,,,,,,,0.815,167,190,0.449,0.484,1.078,11,12,,,,,,,0.703,0.476,1.038,1.041,1.025,0.981,,,,Playmaker,-0.21,,,0.42,-1.31,EuroCup,2020-21,intl
Milos Teodosic,284,245,39,12,13,50.0,188,54.3,-4.3,53,45.3,-11.8,15,53.3,54.0,-0.7,0,,0,,,,0.992,0.76,1.295,,,,,,,0.812,150,170,0.36,0.341,0.948,5,7,,,,,,,0.833,0.506,1.373,1.115,1.057,0.952,,,,Wing,-0.31,,,0.93,-0.42,EuroCup,2020-21,intl
Marcos Knight,261,201,60,17,9,22.2,248,51.0,-28.8,56,49.1,-1.1,41,34.1,53.0,-18.9,0,,0,,,,1.06,0.927,1.212,,,,,,,0.882,172,148,0.442,0.412,0.933,13,7,,,,,,,1.094,0.81,1.477,1.166,1.054,1.037,,,,Playmaker,0.03,,,0.76,0.13,EuroCup,2020-21,intl
Justin Cobbs,253,203,50,15,20,27.5,179,42.7,-15.2,50,40.0,-1.6,12,25.0,42.2,-17.2,0,,0,,,,1.15,0.921,1.436,,,,,,,0.833,149,158,0.396,0.411,1.039,9,7,,,,,,,0.936,0.58,1.511,1.209,1.111,1.205,,,,Playmaker,0.4,,,0.51,-0.45,EuroCup,2020-21,intl
Kendrick Perry,250,205,45,14,9,77.8,178,55.1,22.7,42,54.8,-1.8,32,48.4,57.7,-9.3,0,,0,,,,1.051,0.834,1.325,,,,,,,0.804,146,139,0.349,0.331,0.947,6,5,,,,,,,1.169,0.816,1.675,1.236,0.911,1.019,,,,Playmaker,-0.01,,,0.37,0.41,EuroCup,2020-21,intl
Mantas Kalnietis,249,239,10,4,4,75.0,116,56.9,18.1,30,43.3,-18.9,8,18.8,60.3,-41.5,0,,0,,,,1.117,0.591,2.109,,,,,,,0.625,137,123,0.241,0.236,0.979,2,1,,,,,,,0.793,0.267,2.357,1.185,0.546,1.118,,,,Playmaker,0.27,,,-0.53,-0.98,EuroCup,2020-21,intl
Gary Browne,231,185,46,15,16,59.4,162,45.1,14.3,52,46.2,-0.3,23,39.1,47.4,-8.3,0,,0,,,,1.049,0.826,1.333,,,,,,,0.767,137,136,0.35,0.449,1.28,6,11,,,,,,,1.038,0.654,1.649,1.094,1.296,1.048,,,,Playmaker,-0.02,,,0.18,-0.07,EuroCup,2020-21,intl
Nikola Ivanovic,215,176,39,13,17,32.4,164,50.6,-18.3,61,52.5,5.4,26,28.8,52.3,-23.4,0,,0,,,,0.881,0.685,1.134,,,,,,,0.75,109,142,0.477,0.373,0.782,7,5,,,,,,,1.097,0.698,1.726,1.028,0.579,0.809,,,,Playmaker,-0.71,,,0.09,0.14,EuroCup,2020-21,intl
Ferran Bassas,212,197,15,5,7,14.3,106,70.3,-56.0,32,59.4,-10.4,10,80.0,65.5,14.5,0,,0,,,,1.354,0.921,1.99,,,,,,,0.75,118,103,0.203,0.32,1.575,0,2,,,,,,,1.651,1.139,2.394,1.695,0.982,1.176,,,,Playmaker,1.24,,,0.09,2.18,EuroCup,2020-21,intl
David Michineau,203,174,29,11,10,45.0,148,48.0,-3.0,39,39.7,-10.7,18,44.4,48.2,-3.8,0,,0,,,,0.983,0.74,1.306,,,,,,,0.659,119,111,0.37,0.414,1.121,6,3,,,,,,,0.777,0.418,1.443,0.881,0.982,1.072,,,,Wing,-0.35,,,0.24,-0.57,EuroCup,2020-21,intl
Jaka Blazic,200,158,42,13,8,12.5,204,59.6,-47.1,49,58.2,0.5,27,44.4,59.7,-15.3,0,,0,,,,1.013,0.869,1.181,,,,,,,0.808,124,126,0.468,0.413,0.882,10,8,,,,,,,0.887,0.596,1.32,1.009,1.111,1.072,,,,Wing,-0.21,,,0.92,-0.28,EuroCup,2020-21,intl
Chris Warren,195,161,34,10,18,50.0,158,62.0,-12.0,54,57.4,-4.9,7,57.1,60.9,-3.8,0,,0,,,,1.341,1.176,1.529,,,,,,,0.85,104,126,0.394,0.381,0.966,5,6,,,,,,,0.958,0.649,1.413,1.196,1.311,1.306,,,,Playmaker,1.19,,,0.6,-0.37,EuroCup,2020-21,intl
Anthony Brown,191,154,37,12,17,85.3,160,53.4,31.9,50,70.0,18.8,21,52.4,57.1,-4.7,0,,0,,,,1.103,0.933,1.304,,,,,,,0.771,102,118,0.412,0.458,1.111,4,9,,,,,,,1.146,0.79,1.661,0.915,1.165,1.152,,,,Playmaker,0.21,,,0.2,0.32,EuroCup,2020-21,intl
Jordan Crawford,184,139,45,13,9,44.4,174,54.3,-9.9,42,47.6,-8.1,10,35.0,54.9,-19.9,0,,0,,,,1.038,0.917,1.175,,,,,,,0.865,106,109,0.434,0.495,1.142,5,9,,,,,,,0.878,0.597,1.29,0.968,0.875,1.01,,,,Wing,-0.09,,,1.17,-0.31,EuroCup,2020-21,intl
Kyle Weems,184,164,20,5,5,70.0,156,64.4,5.6,33,65.2,0.7,10,45.0,65.9,-20.9,0,,0,,,,0.932,0.716,1.213,,,,,,,1.0,114,87,0.351,0.345,0.983,2,2,,,,,,,1.158,0.787,1.704,0.844,0.83,0.956,,,,Wing,-0.59,,,1.78,0.42,EuroCup,2020-21,intl
Mathias Lessort,183,167,16,5,13,53.8,155,58.7,-4.9,42,57.1,-1.6,22,50.0,59.6,-9.6,0,,0,,,,1.051,0.863,1.281,,,,,,,0.8,95,106,0.389,0.311,0.799,4,1,,,,,,,1.348,0.991,1.834,1.005,1.206,1.01,,,,Wing,-0.03,,,0.88,0.91,EuroCup,2020-21,intl
Nenad Dimitrijevic,182,167,15,7,7,14.3,129,61.2,-47.0,40,55.0,-5.4,18,36.1,62.3,-26.2,0,,0,,,,1.392,1.172,1.653,,,,,,,0.536,98,97,0.316,0.32,1.01,3,4,,,,,,,1.016,0.627,1.645,1.162,0.721,1.241,,,,Playmaker,1.4,,,-0.98,-0.16,EuroCup,2020-21,intl
Stefan Markovic,181,172,9,5,3,133.3,60,41.7,91.7,12,58.3,15.2,10,70.0,41.5,28.5,0,,0,,,,1.39,0.649,2.979,,,,,,,0.45,98,90,0.235,0.2,0.852,2,1,,,,,,,1.375,0.486,3.892,1.613,,1.145,,,,Wing,1.54,,,-0.7,0.98,EuroCup,2020-21,intl
Tyler Stone,178,143,35,11,9,61.1,165,53.0,8.1,40,50.0,-4.5,26,26.9,58.1,-31.2,0,,0,,,,1.127,0.991,1.282,,,,,,,0.795,111,95,0.477,0.442,0.926,8,6,,,,,,,1.165,0.814,1.668,1.11,1.211,1.112,,,,Wing,0.32,,,0.86,0.44,EuroCup,2020-21,intl
Danilo Andjusic,178,137,41,12,6,41.7,160,52.5,-10.8,35,48.6,-4.5,13,61.5,51.3,10.2,0,,0,,,,1.125,0.948,1.335,,,,,,,0.854,113,100,0.442,0.44,0.994,6,5,,,,,,,0.99,0.656,1.494,1.067,1.089,1.084,,,,Wing,0.31,,,1.12,-0.02,EuroCup,2020-21,intl
Rob Gray,174,130,44,13,7,57.1,190,59.5,-2.3,57,66.7,10.2,23,23.9,64.1,-40.2,0,,0,,,,1.052,0.966,1.144,,,,,,,0.846,103,111,0.485,0.441,0.909,7,6,,,,,,,0.997,0.713,1.394,1.004,1.05,1.024,,,,Playmaker,-0.0,,,0.58,-0.23,EuroCup,2020-21,intl
Clevin Hannah,174,141,33,10,13,69.2,135,51.1,18.1,42,65.5,17.8,15,33.3,54.9,-21.6,0,,0,,,,1.017,0.82,1.262,,,,,,,0.825,96,103,0.458,0.437,0.953,5,4,,,,,,,1.027,0.626,1.683,1.103,0.832,0.92,,,,Playmaker,-0.15,,,0.47,-0.12,EuroCup,2020-21,intl
Will Cummings,173,144,29,11,3,0.0,156,51.9,-51.9,40,46.2,-6.3,23,43.5,52.2,-8.7,0,,0,,,,1.139,0.958,1.353,,,,,,,0.659,114,91,0.342,0.516,1.51,5,6,,,,,,,0.902,0.578,1.407,1.29,0.861,1.103,,,,Playmaker,0.36,,,-0.36,-0.58,EuroCup,2020-21,intl
John Holland,170,142,28,10,6,25.0,143,62.2,-37.2,30,40.0,-26.0,19,63.2,60.4,2.8,0,,0,,,,1.221,1.063,1.402,,,,,,,0.7,101,84,0.396,0.476,1.202,3,5,,,,,,,1.019,0.663,1.566,1.171,1.162,1.23,,,,Wing,0.76,,,0.43,0.06,EuroCup,2020-21,intl
Tomas Dimsa,169,135,34,11,0,,145,59.3,,20,45.0,-16.6,16,68.8,58.1,10.6,0,,0,,,,1.061,0.872,1.293,,,,,,,0.773,104,84,0.442,0.381,0.861,6,4,,,,,,,1.035,0.664,1.613,0.933,1.103,1.063,,,,Wing,0.01,,,0.76,0.1,EuroCup,2020-21,intl
Dario Brizuela,167,141,26,8,13,38.5,129,58.9,-20.5,59,54.2,-4.8,18,36.1,60.1,-24.0,0,,0,,,,0.826,0.601,1.137,,,,,,,0.812,75,117,0.307,0.419,1.366,1,5,,,,,,,0.955,0.566,1.61,1.021,0.671,0.887,,,,Wing,-1.08,,,0.93,-0.11,EuroCup,2020-21,intl
Kevin Hervey,167,128,39,13,9,33.3,164,53.4,-20.0,50,41.0,-15.9,16,28.1,54.8,-26.7,0,,0,,,,1.055,0.943,1.18,,,,,,,0.75,87,106,0.437,0.547,1.253,5,8,,,,,,,0.939,0.621,1.421,0.964,1.131,1.076,,,,Wing,-0.01,,,0.65,-0.15,EuroCup,2020-21,intl
Jordan Morgan,167,148,19,7,11,72.7,139,55.4,17.3,34,64.7,10.4,21,33.3,60.5,-27.1,0,,0,,,,1.051,0.888,1.244,,,,,,,0.679,97,77,0.392,0.351,0.895,3,2,,,,,,,0.878,0.549,1.404,0.995,1.173,1.051,,,,Wing,-0.03,,,0.33,-0.31,EuroCup,2020-21,intl
Isaiah Whitehead,164,125,39,12,8,87.5,152,53.3,34.2,31,64.5,11.8,25,38.0,58.1,-20.1,0,,0,,,,0.991,0.815,1.206,,,,,,,0.812,106,95,0.387,0.463,1.197,5,6,,,,,,,1.056,0.716,1.557,1.033,1.283,1.013,,,,Playmaker,-0.26,,,0.41,-0.01,EuroCup,2020-21,intl
Andrew Albicy,164,148,16,6,3,83.3,88,45.5,37.9,27,57.4,15.2,21,23.8,53.6,-29.8,0,,0,,,,0.987,0.589,1.652,,,,,,,0.667,87,89,0.345,0.315,0.912,2,2,,,,,,,0.97,0.379,2.48,0.951,0.977,0.946,,,,Playmaker,-0.27,,,-0.32,-0.33,EuroCup,2020-21,intl
Mindaugas Kuzminskas,163,133,30,13,7,28.6,154,54.9,-26.3,43,58.1,6.0,8,18.8,55.6,-36.8,0,,0,,,,1.099,0.975,1.238,,,,,,,0.577,103,83,0.427,0.494,1.156,6,5,,,,,,,1.026,0.697,1.511,1.173,1.025,1.079,,,,Wing,0.19,,,-0.12,0.08,EuroCup,2020-21,intl
Jaleel O'Brien,163,123,40,14,20,42.5,160,53.1,-10.6,54,57.4,7.8,26,25.0,56.5,-31.5,0,,0,,,,0.97,0.851,1.105,,,,,,,0.714,84,114,0.476,0.5,1.05,5,9,,,,,,,0.946,0.643,1.391,0.929,0.98,1.004,,,,,,,,,,EuroCup,2020-21,intl
John Brown,162,132,30,11,9,66.7,148,53.4,13.3,46,43.5,-15.1,20,42.5,55.8,-13.3,0,,0,,,,1.042,0.909,1.195,,,,,,,0.682,75,104,0.373,0.433,1.159,3,6,,,,,,,0.663,0.412,1.07,0.992,1.007,1.026,,,,Big,-0.06,,,0.64,-0.86,EuroCup,2020-21,intl
Codi Miller-Mcintyre,161,141,20,7,10,90.0,112,53.1,36.9,43,60.5,6.7,15,50.0,57.0,-7.0,0,,0,,,,0.916,0.653,1.286,,,,,,,0.714,84,90,0.357,0.344,0.964,1,5,,,,,,,1.056,0.616,1.809,0.896,1.138,0.825,,,,Wing,-0.66,,,0.49,0.16,EuroCup,2020-21,intl
Aj Slaughter,161,132,29,10,15,63.3,123,54.9,8.5,44,56.8,1.5,23,60.9,54.8,6.1,0,,0,,,,1.065,0.845,1.344,,,,,,,0.725,83,104,0.301,0.471,1.564,2,8,,,,,,,0.89,0.541,1.466,1.066,1.271,1.031,,,,Wing,0.03,,,0.54,-0.27,EuroCup,2020-21,intl
Isaia Cordinier,159,138,21,8,8,68.8,129,60.1,8.7,23,50.0,-12.7,9,27.8,62.9,-35.1,0,,0,,,,1.011,0.782,1.308,,,,,,,0.656,96,83,0.333,0.398,1.193,4,4,,,,,,,1.277,0.877,1.858,0.898,0.918,0.954,,,,Wing,-0.22,,,0.23,0.73,EuroCup,2020-21,intl
Melvin Ejim,159,116,43,12,3,33.3,148,55.7,-22.4,24,56.2,1.1,20,42.5,57.3,-14.8,0,,0,,,,1.127,0.975,1.302,,,,,,,0.896,105,77,0.419,0.442,1.054,9,2,,,,,,,0.968,0.665,1.409,1.108,1.138,1.128,,,,Wing,0.32,,,1.31,-0.07,EuroCup,2020-21,intl
Jordan Theodore,159,142,17,8,10,40.0,91,41.2,-1.2,25,46.0,6.5,25,24.0,46.7,-22.7,0,,0,,,,1.499,1.149,1.956,,,,,,,0.531,96,75,0.365,0.373,1.024,2,4,,,,,,,0.929,0.436,1.979,0.984,1.152,1.292,,,,Playmaker,1.84,,,-1.01,-0.48,EuroCup,2020-21,intl
Ante Tomic,156,149,7,4,6,50.0,116,63.8,-13.8,17,52.9,-11.8,9,33.3,65.5,-32.2,0,,0,,,,0.95,0.589,1.532,,,,,,,0.438,89,73,0.247,0.315,1.275,1,1,,,,,,,0.605,0.205,1.786,1.143,0.328,0.887,,,,Big,-0.58,,,-0.45,-1.03,EuroCup,2020-21,intl
Jacob Pullen,155,122,33,10,12,25.0,136,59.2,-34.2,44,40.9,-22.1,13,65.4,55.6,9.8,0,,0,,,,0.924,0.735,1.161,,,,,,,0.825,81,105,0.407,0.448,1.099,3,8,,,,,,,1.083,0.713,1.647,1.147,0.772,0.988,,,,Playmaker,-0.53,,,0.47,0.09,EuroCup,2020-21,intl
Stanley Okoye,150,120,30,11,2,50.0,147,55.8,-5.8,22,79.5,28.0,12,37.5,57.3,-19.8,0,,0,,,,0.962,0.807,1.145,,,,,,,0.682,95,78,0.484,0.5,1.033,6,4,,,,,,,1.062,0.671,1.682,0.855,0.941,0.943,,,,,,,,,,EuroCup,2020-21,intl
Okaro White,150,102,48,14,8,31.2,166,47.9,-16.6,40,60.0,16.7,34,44.1,47.9,-3.7,0,,0,,,,1.062,0.935,1.207,,,,,,,0.857,101,95,0.594,0.463,0.78,9,8,,,,,,,1.419,0.946,2.129,0.962,1.054,1.073,,,,Wing,0.02,,,1.14,1.1,EuroCup,2020-21,intl
Axel Bouteille,149,125,24,9,13,53.8,131,59.9,-6.1,37,54.1,-7.2,23,63.0,58.7,4.4,0,,0,,,,0.851,0.651,1.114,,,,,,,0.667,87,85,0.368,0.482,1.311,3,3,,,,,,,1.133,0.731,1.757,0.936,,0.954,,,,Wing,-0.96,,,0.28,0.36,EuroCup,2020-21,intl
Jacorey Williams,146,124,22,7,7,57.1,145,58.6,-1.5,37,62.2,4.8,20,55.0,59.1,-4.1,0,,0,,,,0.965,0.809,1.151,,,,,,,0.786,84,85,0.405,0.341,0.843,5,3,,,,,,,0.823,0.525,1.289,1.08,0.976,0.978,,,,Wing,-0.43,,,0.82,-0.45,EuroCup,2020-21,intl
Matthew Costello,144,124,20,8,4,62.5,127,55.5,7.0,36,62.5,9.3,14,60.7,55.1,5.6,0,,0,,,,0.939,0.719,1.228,,,,,,,0.625,75,87,0.44,0.391,0.888,4,3,,,,,,,0.906,0.51,1.608,0.932,0.975,0.978,,,,,,,,,,EuroCup,2020-21,intl
Josh Adams,144,117,27,10,1,150.0,130,57.7,92.3,30,70.0,15.0,19,13.2,66.1,-52.9,0,,0,,,,1.036,0.846,1.27,,,,,,,0.675,91,72,0.473,0.389,0.823,7,1,,,,,,,1.07,0.668,1.714,0.98,1.032,1.099,,,,Playmaker,-0.07,,,-0.28,0.04,EuroCup,2020-21,intl
Vince Hunter,142,138,4,3,6,66.7,109,65.1,1.5,34,70.6,7.6,7,14.3,68.5,-54.2,0,,0,,,,0.95,0.536,1.683,,,,,,,0.333,66,79,0.288,0.304,1.055,0,1,,,,,,,1.038,0.461,2.339,1.103,,0.95,,,,Wing,-0.5,,,-1.22,0.11,EuroCup,2020-21,intl
Vladimir Brodziansky,141,127,14,7,7,64.3,127,58.7,5.6,30,60.0,1.3,27,46.3,62.1,-15.9,0,,0,,,,1.124,,,,,,,,,0.5,72,76,0.431,0.474,1.1,2,2,,,,,,,0.942,0.542,1.635,0.918,1.114,1.124,,,,Big,0.41,,,-0.17,-0.04,EuroCup,2020-21,intl
Kenny Chery,140,118,22,7,10,40.0,96,48.4,-8.4,36,40.3,-11.2,10,75.0,44.8,30.2,0,,0,,,,1.323,1.071,1.636,,,,,,,0.786,64,89,0.375,0.438,1.169,2,4,,,,,,,1.266,0.767,2.092,1.245,1.12,1.292,,,,Playmaker,1.12,,,0.28,0.77,EuroCup,2020-21,intl
John Shurna,140,109,31,10,5,40.0,137,55.8,-15.8,39,57.7,3.3,13,15.4,59.3,-43.9,0,,0,,,,0.914,0.776,1.077,,,,,,,0.775,80,79,0.537,0.405,0.754,5,4,,,,,,,0.98,0.638,1.507,0.874,0.81,0.908,,,,Wing,-0.67,,,0.77,-0.04,EuroCup,2020-21,intl
Rashawn Thomas,140,123,17,7,10,60.0,128,53.9,6.1,37,63.5,12.5,19,42.1,56.3,-14.2,0,,0,,,,1.014,0.842,1.222,,,,,,,0.607,74,82,0.432,0.427,0.987,2,4,,,,,,,0.861,0.488,1.52,0.894,1.03,1.04,,,,Wing,-0.2,,,0.01,-0.35,EuroCup,2020-21,intl
Victor Sanders,137,107,30,11,2,75.0,132,47.3,27.7,35,45.7,-2.8,25,42.0,49.1,-7.1,0,,0,,,,1.042,0.884,1.228,,,,,,,0.682,68,89,0.515,0.506,0.982,5,6,,,,,,,0.637,0.344,1.178,0.937,0.955,1.044,,,,Wing,-0.07,,,0.35,-0.93,EuroCup,2020-21,intl
Pierre Pelos,137,123,14,5,8,87.5,122,58.6,28.9,39,56.4,-5.7,21,57.1,61.0,-3.9,0,,0,,,,1.038,0.887,1.215,,,,,,,0.7,65,80,0.369,0.475,1.286,1,3,,,,,,,0.264,0.073,0.955,0.964,1.023,0.99,,,,Wing,-0.09,,,0.43,-1.9,EuroCup,2020-21,intl
Erick Green,137,109,28,9,10,55.0,114,59.2,-4.2,27,50.0,-11.3,10,35.0,61.0,-26.0,0,,0,,,,0.805,0.602,1.078,,,,,,,0.778,81,80,0.37,0.388,1.046,4,5,,,,,,,0.986,0.627,1.551,0.928,0.553,0.756,,,,Playmaker,-1.02,,,0.23,-0.27,EuroCup,2020-21,intl
Zachery Peacock,135,99,36,11,3,0.0,128,52.7,-52.7,20,50.0,-1.8,19,39.5,53.6,-14.1,0,,0,,,,1.058,0.885,1.264,,,,,,,0.818,101,58,0.426,0.517,1.215,6,6,,,,,,,0.715,0.426,1.2,1.077,1.105,1.081,,,,Wing,-0.0,,,0.96,-0.73,EuroCup,2020-21,intl
Willie Reed,134,119,15,4,10,80.0,122,69.7,10.3,25,72.0,1.9,18,77.8,69.3,8.5,0,,0,,,,1.062,,,,,,,,,0.938,70,70,0.214,0.343,1.6,0,2,,,,,,,0.81,0.528,1.241,0.992,0.906,1.001,,,,Big,0.06,,,1.79,-0.43,EuroCup,2020-21,intl
Luke Maye,134,96,38,12,5,20.0,135,47.4,-27.4,27,33.3,-16.2,12,50.0,46.1,3.9,0,,0,,,,1.065,0.943,1.204,,,,,,,0.792,86,73,0.512,0.562,1.098,6,6,,,,,,,0.897,0.56,1.438,1.074,1.071,1.007,,,,Wing,0.03,,,0.84,-0.26,EuroCup,2020-21,intl
David Jelinek,132,94,38,14,3,33.3,139,43.9,-10.6,35,40.0,-4.9,18,30.6,45.6,-15.0,0,,0,,,,1.052,0.973,1.137,,,,,,,0.679,69,85,0.638,0.576,0.904,5,9,,,,,,,0.784,0.446,1.377,0.996,0.925,1.011,,,,Wing,-0.03,,,0.33,-0.55,EuroCup,2020-21,intl
Marcus Paige,131,107,24,7,5,100.0,107,62.6,37.4,22,61.4,-3.6,7,85.7,62.9,22.9,0,,0,,,,1.008,0.803,1.267,,,,,,,0.857,68,75,0.441,0.387,0.876,2,0,,,,,,,1.437,0.984,2.099,0.784,0.961,0.955,,,,Playmaker,-0.18,,,0.63,1.39,EuroCup,2020-21,intl
Francis Alonso,129,111,18,8,4,50.0,121,62.8,-12.8,21,64.3,2.3,13,50.0,63.8,-13.8,0,,0,,,,1.028,0.859,1.229,,,,,,,0.562,95,48,0.432,0.521,1.207,5,2,,,,,,,0.706,0.365,1.366,1.05,1.064,1.051,,,,Wing,-0.14,,,-0.19,-0.75,EuroCup,2020-21,intl
Deon Thompson,124,109,15,8,4,62.5,111,52.3,10.2,17,58.8,7.3,15,13.3,58.5,-45.2,0,,0,,,,1.211,,,,,,,,,0.469,80,54,0.412,0.519,1.257,2,3,,,,,,,1.256,0.788,2.002,1.035,1.171,1.216,,,,Wing,0.71,,,-0.61,0.67,EuroCup,2020-21,intl
Toto Forray,123,95,28,10,5,60.0,103,38.8,21.2,32,31.2,-12.2,9,61.1,37.9,23.2,0,,0,,,,1.182,0.951,1.471,,,,,,,0.7,65,81,0.508,0.494,0.973,4,5,,,,,,,1.043,0.542,2.01,1.115,0.88,1.08,,,,Playmaker,0.53,,,-0.16,-0.06,EuroCup,2020-21,intl
Jeremy Morgan,123,98,25,10,7,50.0,102,49.5,0.5,34,50.0,0.7,17,55.9,48.4,7.5,0,,0,,,,0.928,0.711,1.212,,,,,,,0.625,67,74,0.522,0.473,0.905,4,5,,,,,,,0.792,0.391,1.601,0.987,1.119,0.927,,,,Wing,-0.6,,,0.09,-0.53,EuroCup,2020-21,intl
Ian Miller,123,100,23,7,7,42.9,108,50.0,-7.1,31,45.2,-6.0,9,16.7,52.4,-35.7,0,,0,,,,0.991,0.781,1.257,,,,,,,0.821,77,68,0.455,0.485,1.068,3,4,,,,,,,0.878,0.468,1.648,1.067,0.81,0.926,,,,Wing,-0.31,,,0.97,-0.31,EuroCup,2020-21,intl
Bastien Pinault,123,113,10,7,2,50.0,111,66.2,-16.2,29,70.7,6.4,8,56.2,66.7,-10.4,0,,0,,,,1.048,0.842,1.306,,,,,,,0.357,61,71,0.426,0.394,0.925,1,1,,,,,,,0.784,0.37,1.661,1.155,0.683,0.866,,,,Wing,-0.05,,,-1.12,-0.55,EuroCup,2020-21,intl
Xabi Lopez-Arostegui,123,93,30,10,4,0.0,123,58.5,-58.5,34,54.4,-3.1,11,40.9,58.2,-17.3,0,,0,,,,0.93,0.764,1.132,,,,,,,0.75,64,83,0.484,0.458,0.945,3,3,,,,,,,1.351,0.915,1.995,0.917,1.171,0.948,,,,,,,,,,EuroCup,2020-21,intl
Kenneth Smith,122,107,15,6,3,100.0,83,57.2,42.8,23,65.2,8.9,11,45.5,60.7,-15.2,0,,0,,,,0.865,0.526,1.42,,,,,,,0.625,62,74,0.226,0.446,1.975,0,5,,,,,,,1.031,0.494,2.153,0.696,0.627,1.01,,,,Playmaker,-0.78,,,-0.53,-0.1,EuroCup,2020-21,intl
Nemanja Gordic,122,103,19,6,5,40.0,91,42.9,-2.9,32,35.9,-10.2,20,40.0,43.4,-3.4,0,,0,,,,0.891,0.619,1.284,,,,,,,0.792,55,80,0.382,0.463,1.211,2,4,,,,,,,0.785,0.338,1.825,0.584,0.703,0.91,,,,Wing,-0.78,,,0.84,-0.55,EuroCup,2020-21,intl
Nate Wolters,122,109,13,5,3,33.3,90,57.2,-23.9,18,52.8,-4.6,14,42.9,58.9,-16.0,0,,0,,,,1.299,0.992,1.701,,,,,,,0.65,72,63,0.264,0.444,1.684,1,4,,,,,,,1.159,0.707,1.898,1.066,1.462,1.264,,,,Playmaker,1.02,,,-0.41,0.37,EuroCup,2020-21,intl
Derek Needham,121,91,30,8,8,31.2,80,41.9,-10.6,22,43.2,3.0,10,35.0,41.7,-6.7,0,,0,,,,1.114,0.786,1.579,,,,,,,0.938,76,72,0.355,0.458,1.29,4,6,,,,,,,1.361,0.707,2.619,1.242,1.563,1.152,,,,Playmaker,0.25,,,1.04,1.12,EuroCup,2020-21,intl
Giampaolo Ricci,121,106,15,7,4,25.0,102,60.3,-35.3,19,44.7,-17.3,19,65.8,57.5,8.3,0,,0,,,,0.822,0.568,1.189,,,,,,,0.536,68,63,0.426,0.413,0.968,3,2,,,,,,,1.468,0.925,2.331,0.99,,0.89,,,,Wing,-1.1,,,-0.31,1.22,EuroCup,2020-21,intl
Conor Morgan,120,94,26,10,4,87.5,134,53.0,34.5,40,63.7,13.7,15,53.3,54.1,-0.7,0,,0,,,,1.016,0.928,1.112,,,,,,,0.65,68,77,0.574,0.468,0.815,4,5,,,,,,,1.017,0.64,1.617,1.024,1.056,1.024,,,,Wing,-0.2,,,0.2,0.05,EuroCup,2020-21,intl
Kyle Vinales,120,84,36,10,6,16.7,136,41.2,-24.5,39,50.0,13.6,23,45.7,39.1,6.6,0,,0,,,,0.778,0.586,1.033,,,,,,,0.9,100,83,0.44,0.614,1.396,7,6,,,,,,,0.182,0.047,0.697,0.866,1.0,0.816,,,,Playmaker,-1.13,,,0.85,-3.23,EuroCup,2020-21,intl
Edo Muric,120,97,23,10,9,33.3,113,60.2,-26.8,25,38.0,-25.4,14,50.0,59.3,-9.3,0,,0,,,,1.198,,,,,,,,,0.575,71,67,0.38,0.567,1.491,3,5,,,,,,,1.006,0.645,1.569,1.143,1.14,1.198,,,,Wing,0.65,,,-0.13,0.03,EuroCup,2020-21,intl
Jeremy Senglin,120,85,35,12,4,25.0,115,44.8,-19.8,31,46.8,3.6,18,30.6,46.5,-16.0,0,,0,,,,0.994,0.803,1.23,,,,,,,0.729,77,71,0.506,0.507,1.001,4,6,,,,,,,1.177,0.723,1.916,0.969,0.93,1.054,,,,Playmaker,-0.24,,,-0.01,0.44,EuroCup,2020-21,intl
Julian Gamble,119,112,7,5,6,66.7,98,58.2,8.5,29,69.0,14.3,8,62.5,58.3,4.2,0,,0,,,,1.244,,,,,,,,,0.35,61,65,0.279,0.4,1.435,1,1,,,,,,,0.689,0.288,1.645,1.05,1.214,1.236,,,,Big,1.09,,,-0.85,-0.78,EuroCup,2020-21,intl
Dylan Osetkowski,119,98,21,6,9,50.0,94,61.7,-11.7,30,61.7,1.4,17,50.0,62.8,-12.8,0,,0,,,,0.727,0.495,1.068,,,,,,,0.875,57,80,0.351,0.338,0.962,3,2,,,,,,,0.837,0.462,1.517,0.914,0.658,0.74,,,,Wing,-1.54,,,1.22,-0.41,EuroCup,2020-21,intl
Tomer Ginat,118,102,16,6,6,0.0,96,56.8,-56.8,25,58.0,6.1,13,30.8,56.7,-26.0,0,,0,,,,1.13,0.913,1.398,,,,,,,0.667,66,62,0.409,0.435,1.065,3,2,,,,,,,1.013,0.573,1.79,0.997,1.004,1.09,,,,Wing,0.33,,,0.28,0.04,EuroCup,2020-21,intl
Mikael Hopkins,117,93,24,8,2,100.0,108,50.9,49.1,17,70.6,22.2,12,58.3,51.0,7.3,0,,0,,,,0.957,0.787,1.163,,,,,,,0.75,77,49,0.455,0.388,0.853,6,1,,,,,,,0.92,0.569,1.49,0.961,0.644,0.964,,,,Big,-0.54,,,0.95,-0.1,EuroCup,2020-21,intl
Jaime Fernandez,117,109,8,2,5,40.0,60,55.8,-15.8,22,38.6,-24.2,7,28.6,57.8,-29.2,0,,0,,,,0.44,0.131,1.476,,,,,,,1.0,59,63,0.254,0.302,1.186,1,1,,,,,,,1.033,0.252,4.231,1.077,,0.316,,,,Playmaker,-2.53,,,1.35,-0.09,EuroCup,2020-21,intl
Damien Inglis,117,99,18,6,1,0.0,103,46.1,-46.1,15,73.3,32.3,22,27.3,50.6,-23.3,0,,0,,,,1.253,,,,,,,,,0.75,75,49,0.507,0.449,0.886,3,3,,,,,,,1.003,0.566,1.779,0.96,1.208,1.253,,,,Wing,0.9,,,0.65,0.02,EuroCup,2020-21,intl
Jarrod Jones,116,78,38,14,2,75.0,126,49.2,25.8,33,48.5,-1.5,12,50.0,49.6,0.4,0,,0,,,,1.056,0.949,1.174,,,,,,,0.679,71,67,0.535,0.582,1.088,7,4,,,,,,,1.231,0.817,1.857,1.061,1.01,1.064,,,,Wing,-0.01,,,0.33,0.61,EuroCup,2020-21,intl
Danilo Nikolic,113,91,22,8,5,50.0,103,50.0,0.0,36,55.6,8.3,25,58.0,47.6,10.4,0,,0,,,,1.103,0.937,1.298,,,,,,,0.688,55,72,0.527,0.5,0.948,3,2,,,,,,,0.795,0.415,1.523,1.063,1.036,1.081,,,,Wing,0.21,,,0.38,-0.52,EuroCup,2020-21,intl
Adam Waczynski,112,99,13,8,5,30.0,94,58.0,-28.0,32,59.4,4.2,14,57.1,56.5,0.7,0,,0,,,,0.762,0.49,1.183,,,,,,,0.406,51,73,0.549,0.397,0.724,2,3,,,,,,,1.143,0.547,2.386,0.784,0.835,0.825,,,,Wing,-1.37,,,-0.89,0.38,EuroCup,2020-21,intl
Alberto Diaz,112,100,12,4,2,0.0,54,53.7,-53.7,11,50.0,-2.2,9,55.6,51.1,4.5,0,,0,,,,1.326,0.783,2.245,,,,,,,0.75,63,55,0.19,0.4,2.1,2,0,,,,,,,1.849,1.016,3.363,1.55,,1.299,,,,Playmaker,1.13,,,0.09,2.91,EuroCup,2020-21,intl
Xavier Munford,112,99,13,5,3,50.0,88,54.0,-4.0,23,45.7,-11.0,8,50.0,54.2,-4.2,0,,0,,,,1.232,0.943,1.609,,,,,,,0.65,63,63,0.349,0.429,1.227,1,2,,,,,,,1.396,0.833,2.34,0.873,1.005,1.213,,,,Playmaker,0.74,,,-0.41,1.24,EuroCup,2020-21,intl
Kenny Gabriel,110,97,13,8,5,50.0,98,58.7,-8.7,23,52.2,-7.8,11,54.5,58.7,-4.2,0,,0,,,,1.092,0.913,1.305,,,,,,,0.406,64,56,0.422,0.536,1.27,3,4,,,,,,,0.854,0.422,1.729,1.085,1.17,1.027,,,,Wing,0.16,,,-0.89,-0.37,EuroCup,2020-21,intl
Vitalis Chikoko,109,103,6,3,5,80.0,79,58.2,21.8,20,70.0,13.8,19,42.1,64.6,-22.5,0,,0,,,,0.892,0.501,1.588,,,,,,,0.5,58,54,0.328,0.278,0.848,1,1,,,,,,,1.229,0.679,2.224,1.184,0.439,0.892,,,,Big,-0.91,,,-0.17,0.8,EuroCup,2020-21,intl
Abdoulaye Ndoye,108,103,5,4,2,50.0,79,67.7,-17.7,16,62.5,-6.0,8,100.0,63.7,36.3,0,,0,,,,1.129,0.716,1.78,,,,,,,0.312,56,56,0.321,0.268,0.833,1,0,,,,,,,1.217,0.672,2.204,1.257,,1.129,,,,Wing,0.33,,,-1.32,0.57,EuroCup,2020-21,intl
Pau Ribas,107,85,22,8,6,16.7,72,45.1,-28.5,24,18.8,-35.0,7,21.4,45.1,-23.6,0,,0,,,,0.875,0.577,1.326,,,,,,,0.688,63,62,0.397,0.419,1.057,4,5,,,,,,,1.395,0.713,2.728,1.286,1.311,0.844,,,,Wing,-0.85,,,0.38,1.03,EuroCup,2020-21,intl
Amar Alibegovic,107,102,5,5,0,,93,64.0,,19,60.5,-4.3,12,70.8,63.0,7.9,0,,0,,,,0.72,0.35,1.481,,,,,,,0.25,64,48,0.359,0.375,1.043,2,1,,,,,,,0.567,0.113,2.835,0.756,,0.72,,,,Big,-1.89,,,-1.3,-1.14,EuroCup,2020-21,intl
Rion Brown,107,76,31,10,2,75.0,105,51.0,24.0,22,56.8,6.8,11,86.4,47.4,39.0,0,,0,,,,1.04,0.9,1.202,,,,,,,0.775,60,65,0.583,0.415,0.712,4,2,,,,,,,1.3,0.854,1.981,1.05,1.029,0.929,,,,Wing,-0.08,,,0.77,0.79,EuroCup,2020-21,intl
Thomas Scrubb,107,102,5,2,5,90.0,80,67.5,22.5,18,72.2,4.3,9,61.1,69.7,-8.6,0,,0,,,,1.308,,,,,,,,,0.625,57,52,0.298,0.327,1.096,0,2,,,,,,,0.637,0.215,1.888,1.087,1.293,1.308,,,,Wing,1.16,,,0.09,-0.93,EuroCup,2020-21,intl
Troy Caupain,107,94,13,5,7,50.0,69,60.1,-10.1,20,67.5,11.2,13,50.0,61.1,-11.1,0,,0,,,,1.269,0.903,1.781,,,,,,,0.65,64,53,0.328,0.321,0.978,2,2,,,,,,,0.919,0.473,1.786,1.244,1.103,1.234,,,,Wing,0.98,,,0.2,-0.2,EuroCup,2020-21,intl
Alpha Kaba,107,88,19,9,11,54.5,101,56.4,-1.9,28,60.7,6.0,9,44.4,57.3,-12.8,0,,0,,,,0.893,0.73,1.092,,,,,,,0.528,65,56,0.354,0.464,1.312,3,3,,,,,,,0.814,0.484,1.367,0.993,1.078,0.923,,,,Big,-0.91,,,-0.05,-0.42,EuroCup,2020-21,intl
Ibrahima Faye,106,76,30,8,0,,123,48.0,,24,58.3,12.9,18,58.3,46.2,12.1,0,,0,,,,0.999,0.893,1.118,,,,,,,0.938,74,57,0.514,0.474,0.922,5,2,,,,,,,0.822,0.508,1.332,1.07,0.957,0.994,,,,,,,,,,EuroCup,2020-21,intl
Oriol Pauli,106,88,18,6,3,0.0,78,47.4,-47.4,17,26.5,-24.3,13,46.2,45.6,0.6,0,,0,,,,0.71,0.439,1.148,,,,,,,0.75,62,55,0.452,0.364,0.805,3,2,,,,,,,0.713,0.273,1.864,1.131,0.697,0.802,,,,Wing,-1.62,,,0.65,-0.73,EuroCup,2020-21,intl
Sergi Garcia,105,101,4,2,1,0.0,54,47.2,-47.2,14,21.4,-33.4,5,20.0,49.0,-29.0,0,,0,,,,2.061,,,,,,,,,0.5,61,46,0.262,0.413,1.575,1,1,,,,,,,0.645,0.114,3.649,1.445,2.02,2.061,,,,Wing,4.66,,,-0.47,-0.91,EuroCup,2020-21,intl
Brian Conklin,104,87,17,8,6,33.3,88,51.1,-17.8,28,50.0,0.0,15,33.3,53.2,-19.8,0,,0,,,,0.964,0.725,1.282,,,,,,,0.531,54,62,0.426,0.387,0.909,4,1,,,,,,,1.148,0.708,1.859,1.08,,1.009,,,,Wing,-0.44,,,-0.33,0.39,EuroCup,2020-21,intl
Marco Belinelli,104,89,15,6,11,63.6,89,66.3,-2.7,37,54.1,-19.0,12,37.5,69.9,-32.4,0,,0,,,,0.989,0.799,1.224,,,,,,,0.625,53,60,0.377,0.433,1.148,1,3,,,,,,,0.955,0.556,1.638,0.908,0.561,1.016,,,,Wing,-0.32,,,0.09,-0.11,EuroCup,2020-21,intl
Kelvin Martin,104,81,23,9,7,28.6,100,46.0,-17.4,29,31.0,-19.0,13,11.5,49.5,-37.9,0,,0,,,,1.036,0.861,1.246,,,,,,,0.639,59,66,0.508,0.5,0.983,4,4,,,,,,,0.877,0.483,1.593,1.005,1.127,1.059,,,,Wing,-0.1,,,0.15,-0.31,EuroCup,2020-21,intl
Brandon Brown,104,88,16,6,6,41.7,66,53.8,-12.1,16,43.8,-11.6,9,38.9,54.8,-15.9,0,,0,,,,1.1,0.761,1.589,,,,,,,0.667,52,58,0.365,0.379,1.038,3,1,,,,,,,0.962,0.475,1.946,1.443,0.922,1.1,,,,Wing,0.19,,,0.28,-0.09,EuroCup,2020-21,intl
Ognjen Jaramaz,104,73,31,11,5,60.0,85,41.8,18.2,27,48.1,7.7,18,25.0,47.2,-22.2,0,,0,,,,0.933,0.705,1.236,,,,,,,0.705,55,66,0.436,0.515,1.181,3,7,,,,,,,0.883,0.44,1.773,0.988,0.956,0.981,,,,Wing,-0.58,,,0.45,-0.29,EuroCup,2020-21,intl
Hugo Benitez,102,90,12,8,2,0.0,64,34.4,-34.4,23,28.3,-7.8,5,0.0,36.1,-36.1,0,,0,,,,1.176,0.758,1.825,,,,,,,0.375,49,61,0.367,0.459,1.25,3,5,,,,,,,0.336,0.052,2.172,1.22,1.71,1.176,,,,Wing,0.55,,,-1.03,-1.71,EuroCup,2020-21,intl
Malik Newman,101,84,17,6,9,44.4,78,46.8,-2.4,25,54.0,10.5,16,56.2,44.4,11.9,0,,0,,,,1.127,0.833,1.524,,,,,,,0.708,63,57,0.429,0.456,1.064,3,3,,,,,,,0.548,0.194,1.548,1.171,1.06,1.157,,,,Wing,0.32,,,0.47,-1.16,EuroCup,2020-21,intl
Margiris Normantas,101,83,18,6,2,0.0,88,58.5,-58.5,27,42.6,-20.9,14,60.7,56.6,4.1,0,,0,,,,1.264,1.069,1.496,,,,,,,0.75,49,65,0.306,0.492,1.608,2,5,,,,,,,0.709,0.387,1.3,1.263,1.167,1.275,,,,Wing,0.96,,,0.65,-0.74,EuroCup,2020-21,intl
Andreas Obst,100,79,21,6,7,28.6,81,62.3,-33.8,22,50.0,-12.9,7,71.4,58.6,12.8,0,,0,,,,0.843,0.588,1.21,,,,,,,0.875,51,68,0.333,0.441,1.324,2,4,,,,,,,0.697,0.337,1.44,0.918,0.912,0.912,,,,Wing,-1.0,,,1.22,-0.77,EuroCup,2020-21,intl
Javier Beiran,99,89,10,4,4,37.5,82,52.4,-14.9,28,64.3,18.6,15,26.7,57.0,-30.4,0,,0,,,,0.989,0.714,1.37,,,,,,,0.625,48,59,0.542,0.373,0.688,2,1,,,,,,,0.794,0.314,2.007,1.058,0.68,0.856,,,,Wing,-0.32,,,0.09,-0.52,EuroCup,2020-21,intl
Taylor Smith,99,93,6,2,4,75.0,82,67.1,7.9,15,86.7,23.3,18,50.0,72.1,-22.1,0,,0,,,,0.981,0.679,1.417,,,,,,,0.75,57,44,0.316,0.227,0.72,1,1,,,,,,,1.17,0.736,1.86,1.119,1.181,0.981,,,,Wing,-0.36,,,0.65,0.45,EuroCup,2020-21,intl
Alex Perez,99,93,6,2,10,55.0,62,54.8,0.2,18,50.0,-6.5,10,45.0,56.5,-11.5,0,,0,,,,0.715,0.318,1.61,,,,,,,0.75,50,53,0.36,0.34,0.943,2,0,,,,,,,0.657,0.13,3.311,1.203,,0.911,,,,,,,,,,EuroCup,2020-21,intl
Maxime Courby,99,89,10,7,2,75.0,84,66.7,8.3,31,54.8,-18.8,11,95.5,62.7,32.8,0,,0,,,,0.89,0.585,1.354,,,,,,,0.357,52,56,0.288,0.5,1.733,1,3,,,,,,,0.789,0.327,1.907,1.069,1.272,0.954,,,,Wing,-0.78,,,-1.12,-0.54,EuroCup,2020-21,intl
Kenny Kadji,99,82,17,7,5,60.0,88,58.5,1.5,16,50.0,-10.4,9,61.1,58.3,2.8,0,,0,,,,0.965,0.761,1.223,,,,,,,0.607,68,45,0.397,0.378,0.951,4,1,,,,,,,1.026,0.622,1.69,1.156,1.227,0.845,,,,Big,-0.5,,,0.31,0.21,EuroCup,2020-21,intl
Drew Crawford,98,75,23,7,6,41.7,86,45.3,-3.7,22,40.9,-5.5,9,22.2,47.6,-25.4,0,,0,,,,1.03,0.802,1.322,,,,,,,0.821,70,47,0.471,0.468,0.993,4,2,,,,,,,1.377,0.819,2.316,1.318,1.004,1.03,,,,Wing,-0.13,,,0.97,0.99,EuroCup,2020-21,intl
Johnny Berhanemeskel,97,93,4,1,4,25.0,80,70.6,-45.6,18,77.8,11.9,8,81.2,67.1,14.1,0,,0,,,,1.177,,,,,,,,,1.0,57,41,0.439,0.366,0.834,1,0,,,,,,,0.94,0.345,2.561,1.01,,1.177,,,,Playmaker,0.51,,,1.35,-0.44,EuroCup,2020-21,intl
Amedeo Tessitori,97,97,0,0,0,,75,67.3,,12,50.0,-20.6,15,56.7,70.0,-13.3,0,,0,,,,,,,,,,,,,,56,41,0.25,0.268,1.073,0,0,,,,,,,,,,0.992,,,,,,Big,,,,,,EuroCup,2020-21,intl
Vrenz Bleijenbergh,97,89,8,5,3,50.0,73,55.5,-5.5,25,54.0,-1.9,8,43.8,56.6,-12.9,0,,0,,,,1.483,,,,,,,,,0.4,52,53,0.365,0.453,1.239,1,2,,,,,,,1.389,0.758,2.544,1.092,1.446,1.483,,,,Big,2.45,,,-0.62,1.27,EuroCup,2020-21,intl
Amedeo Della Valle,97,83,14,6,1,0.0,87,48.9,-48.9,18,58.3,12.6,13,19.2,53.3,-34.1,0,,0,,,,0.659,0.415,1.045,,,,,,,0.583,52,53,0.558,0.434,0.778,2,1,,,,,,,0.545,0.16,1.859,0.738,0.701,0.72,,,,Wing,-1.85,,,-0.1,-1.17,EuroCup,2020-21,intl
Franco Ferrari,96,87,9,3,0,,63,46.8,,17,41.2,-7.7,4,62.5,45.8,16.7,0,,0,,,,1.41,0.948,2.097,,,,,,,0.75,51,56,0.392,0.375,0.956,0,2,,,,,,,1.143,0.451,2.897,0.736,0.856,1.208,,,,,,,,,,EuroCup,2020-21,intl
Ismet Akpinar,93,87,6,5,5,20.0,73,60.3,-40.3,27,64.8,10.9,13,65.4,56.2,9.2,0,,0,,,,1.098,0.753,1.601,,,,,,,0.3,47,53,0.447,0.377,0.845,1,2,,,,,,,0.825,0.274,2.483,1.081,1.289,1.153,,,,Wing,0.19,,,-1.37,-0.44,EuroCup,2020-21,intl
Damien Bouquet,92,81,11,4,5,70.0,62,37.1,32.9,13,76.9,46.4,9,11.1,44.0,-32.9,0,,0,,,,1.281,0.851,1.927,,,,,,,0.688,62,46,0.452,0.326,0.722,3,1,,,,,,,0.958,0.365,2.514,1.039,1.722,1.384,,,,Wing,1.03,,,0.38,-0.1,EuroCup,2020-21,intl
Nikola Jankovic,91,85,6,3,6,50.0,78,50.0,0.0,21,38.1,-15.9,12,33.3,52.8,-19.4,0,,0,,,,0.932,0.647,1.343,,,,,,,0.5,50,44,0.46,0.432,0.939,0,2,,,,,,,0.76,0.254,2.271,0.976,0.556,0.932,,,,Big,-0.68,,,-0.17,-0.57,EuroCup,2020-21,intl
Tomasz Gielo,91,67,24,8,0,,89,56.7,,27,50.0,-9.7,9,61.1,56.2,4.9,0,,0,,,,0.778,0.595,1.017,,,,,,,0.75,48,56,0.625,0.393,0.629,4,3,,,,,,,1.292,0.753,2.217,1.066,0.727,0.757,,,,Wing,-1.3,,,0.65,0.77,EuroCup,2020-21,intl
Alan Williams,91,72,19,6,1,0.0,90,50.0,-50.0,31,45.2,-6.5,6,16.7,51.8,-35.1,0,,0,,,,1.156,0.993,1.345,,,,,,,0.792,48,60,0.375,0.467,1.244,2,4,,,,,,,1.024,0.637,1.647,1.042,0.925,1.08,,,,Wing,0.45,,,0.84,0.07,EuroCup,2020-21,intl
Nigel Williams-Goss,90,78,12,3,3,66.7,68,61.0,5.6,17,70.6,12.3,6,58.3,61.5,-3.2,0,,0,,,,0.696,0.389,1.247,,,,,,,1.0,51,50,0.353,0.3,0.85,1,0,,,,,,,0.903,0.392,2.08,0.867,,0.772,,,,Playmaker,-1.47,,,1.35,-0.57,EuroCup,2020-21,intl
Rade Zagorac,89,83,6,4,3,0.0,75,51.3,-51.3,14,39.3,-12.3,9,38.9,50.7,-11.8,0,,0,,,,1.221,,,,,,,,,0.375,54,39,0.444,0.513,1.154,0,3,,,,,,,0.343,0.056,2.09,0.953,1.205,1.221,,,,Wing,0.76,,,-1.03,-1.69,EuroCup,2020-21,intl
Reggie Lynch,87,82,5,4,4,50.0,81,59.3,-9.3,18,55.6,-4.1,4,100.0,56.8,43.2,0,,0,,,,1.079,,,,,,,,,0.312,48,43,0.292,0.488,1.674,0,4,,,,,,,0.647,0.218,1.92,1.098,,1.079,,,,Big,0.15,,,-1.02,-0.91,EuroCup,2020-21,intl
Jeremy Chappell,87,70,17,9,4,25.0,73,45.2,-20.2,13,23.1,-25.4,10,40.0,44.8,-4.8,0,,0,,,,0.898,0.646,1.25,,,,,,,0.472,55,43,0.418,0.535,1.279,1,6,,,,,,,1.196,0.627,2.281,0.858,0.73,0.945,,,,Wing,-0.74,,,-0.6,0.52,EuroCup,2020-21,intl
Tim Abromaitis,86,83,3,4,8,43.8,72,75.7,-31.9,24,62.5,-14.3,9,66.7,73.2,-6.6,0,,0,,,,0.748,0.335,1.67,,,,,,,0.188,43,47,0.302,0.447,1.478,0,2,,,,,,,1.682,,,0.98,,0.748,,,,Wing,-1.44,,,-1.88,1.78,EuroCup,2020-21,intl
Simon Birgander,86,77,9,3,2,100.0,72,62.5,37.5,20,60.0,-4.8,6,16.7,67.6,-51.0,0,,0,,,,0.802,0.5,1.287,,,,,,,0.75,50,41,0.32,0.268,0.838,1,1,,,,,,,1.301,0.87,1.945,0.993,1.239,0.768,,,,Big,-1.42,,,0.95,1.02,EuroCup,2020-21,intl
Jamal Jones,86,72,14,6,2,0.0,88,63.6,-63.6,15,46.7,-18.7,12,66.7,61.5,5.1,0,,0,,,,1.045,0.884,1.234,,,,,,,0.583,54,45,0.389,0.511,1.314,2,4,,,,,,,0.615,0.302,1.256,1.111,1.11,1.062,,,,Wing,-0.06,,,-0.1,-0.99,EuroCup,2020-21,intl
Alen Omic,86,81,5,3,2,100.0,70,57.1,42.9,13,76.9,22.7,12,58.3,58.3,0.0,0,,0,,,,1.266,,,,,,,,,0.417,56,33,0.321,0.364,1.131,1,1,,,,,,,0.985,0.469,2.068,1.278,,1.266,,,,Big,1.22,,,-0.55,0.09,EuroCup,2020-21,intl
Maxime Roos,85,70,15,9,1,0.0,80,45.6,-45.6,18,30.6,-18.7,10,40.0,45.8,-5.8,0,,0,,,,0.949,0.723,1.246,,,,,,,0.417,53,42,0.472,0.619,1.312,2,3,,,,,,,1.496,0.842,2.659,1.142,1.184,0.964,,,,Wing,-0.51,,,-0.85,1.3,EuroCup,2020-21,intl
Nemanja Vranjes,85,72,13,6,0,,75,48.7,,17,32.4,-21.1,13,42.3,50.0,-7.7,0,,0,,,,1.146,0.944,1.391,,,,,,,0.542,50,41,0.48,0.585,1.22,2,1,,,,,,,0.841,0.355,1.988,1.179,1.058,1.146,,,,Playmaker,0.38,,,-0.95,-0.8,EuroCup,2020-21,intl
Luka Asceric,85,82,3,2,1,0.0,59,51.7,-51.7,18,19.4,-44.8,8,50.0,51.0,-1.0,0,,0,,,,0.976,0.433,2.202,,,,,,,0.375,46,41,0.37,0.488,1.32,0,2,,,,,,,,,,0.707,,0.976,,,,Wing,-0.38,,,-1.03,,EuroCup,2020-21,intl
Dusan Ristic,83,64,19,5,2,50.0,79,53.8,-3.8,13,46.2,-9.0,14,50.0,54.5,-4.5,0,,0,,,,1.083,0.941,1.246,,,,,,,0.95,61,29,0.426,0.414,0.971,3,1,,,,,,,1.333,0.877,2.027,0.993,1.122,1.074,,,,Big,0.18,,,1.85,1.11,EuroCup,2020-21,intl
Wilfried Yeguete,83,79,4,2,1,100.0,69,58.0,42.0,15,66.7,10.3,10,20.0,65.0,-45.0,0,,0,,,,1.234,,,,,,,,,0.5,47,38,0.362,0.316,0.873,1,0,,,,,,,0.41,0.074,2.265,1.25,1.224,1.234,,,,Wing,0.82,,,-0.47,-1.52,EuroCup,2020-21,intl
Austin Daye,83,62,21,6,5,20.0,71,42.3,-22.3,18,36.1,-6.1,16,18.8,46.7,-27.9,0,,0,,,,1.068,0.831,1.372,,,,,,,0.875,44,54,0.568,0.426,0.75,4,1,,,,,,,1.382,0.727,2.628,0.874,1.171,1.045,,,,Big,0.09,,,1.51,1.25,EuroCup,2020-21,intl
Nemanja Dangubic,81,68,13,9,2,0.0,80,47.5,-47.5,19,31.6,-19.2,12,41.7,47.1,-5.5,0,,0,,,,1.029,0.863,1.227,,,,,,,0.361,48,42,0.604,0.524,0.867,2,2,,,,,,,1.059,0.506,2.216,1.016,1.105,1.029,,,,Wing,-0.13,,,-1.1,0.16,EuroCup,2020-21,intl
Perry Jones,80,77,3,2,1,100.0,63,52.4,47.6,13,23.1,-37.7,9,83.3,48.2,35.2,0,,0,,,,1.305,,,,,,,,,0.375,43,39,0.349,0.513,1.47,0,1,,,,,,,0.702,0.139,3.559,1.424,1.295,1.305,,,,Big,1.44,,,-0.73,-0.75,EuroCup,2020-21,intl
Marko Jeremic,80,72,8,10,4,37.5,76,52.6,-15.1,25,38.0,-20.2,11,36.4,54.3,-18.0,0,,0,,,,0.844,0.561,1.269,,,,,,,0.2,40,50,0.55,0.56,1.018,2,4,,,,,,,1.185,0.507,2.773,1.006,1.105,0.844,,,,Wing,-0.99,,,-1.82,0.49,EuroCup,2020-21,intl
Kadeem Allen,80,71,9,5,4,25.0,60,57.5,-32.5,16,71.9,21.9,5,20.0,58.5,-38.5,0,,0,,,,0.773,0.424,1.412,,,,,,,0.45,44,46,0.341,0.37,1.084,1,2,,,,,,,0.756,0.25,2.28,0.881,0.703,0.854,,,,Wing,-1.32,,,-0.7,-0.62,EuroCup,2020-21,intl
Ivan Fevrier,79,60,19,9,5,80.0,86,47.7,32.3,31,50.0,0.8,11,59.1,48.1,11.0,0,,0,,,,1.034,,,,,,,,,0.528,45,48,0.556,0.667,1.2,3,4,,,,,,,0.929,0.476,1.814,1.05,1.029,1.036,,,,Wing,-0.11,,,-0.35,-0.17,EuroCup,2020-21,intl
Darral Willis,79,56,23,7,5,20.0,82,45.7,-25.7,19,39.5,-6.1,19,28.9,48.5,-19.6,0,,0,,,,1.023,0.875,1.194,,,,,,,0.821,48,47,0.542,0.532,0.982,4,4,,,,,,,1.361,0.831,2.228,1.029,1.104,1.04,,,,Wing,-0.16,,,0.97,0.95,EuroCup,2020-21,intl
Paulius Valinskas,79,64,15,5,0,,80,51.9,,26,55.8,5.8,20,47.5,53.3,-5.8,0,,0,,,,1.008,0.808,1.259,,,,,,,0.75,43,51,0.442,0.529,1.198,3,3,,,,,,,0.677,0.285,1.608,1.193,0.709,0.899,,,,Wing,-0.23,,,0.65,-0.83,EuroCup,2020-21,intl
David Dudzinski,77,64,13,5,3,33.3,67,62.7,-29.4,12,37.5,-28.9,7,35.7,64.3,-28.6,0,,0,,,,1.062,0.817,1.381,,,,,,,0.65,45,40,0.422,0.4,0.947,3,2,,,,,,,0.994,0.549,1.8,1.161,1.224,1.098,,,,,,,,,,EuroCup,2020-21,intl
Isaac Fotu,76,62,14,5,5,70.0,79,50.6,19.4,19,71.1,24.9,10,25.0,55.4,-30.4,0,,0,,,,0.993,0.846,1.164,,,,,,,0.7,51,39,0.471,0.487,1.035,3,2,,,,,,,0.892,0.472,1.688,0.999,1.074,0.967,,,,Wing,-0.3,,,0.43,-0.27,EuroCup,2020-21,intl
Julyan Stone,76,64,12,5,1,0.0,57,39.5,-39.5,16,9.4,-40.6,5,0.0,42.5,-42.5,0,,0,,,,0.711,0.395,1.28,,,,,,,0.6,43,42,0.488,0.476,0.975,1,2,,,,,,,0.5,0.08,3.137,1.035,0.313,0.705,,,,Wing,-1.61,,,-0.02,-1.28,EuroCup,2020-21,intl
Zack Wright,76,60,16,5,5,40.0,54,42.6,-2.6,13,46.2,4.8,9,22.2,46.0,-23.8,0,,0,,,,0.714,0.426,1.198,,,,,,,0.8,55,35,0.455,0.314,0.691,3,2,,,,,,,1.312,0.594,2.901,0.947,1.118,0.769,,,,Playmaker,-1.4,,,0.35,0.93,EuroCup,2020-21,intl
Awudu Abass,75,66,9,3,0,,67,59.7,,21,83.3,34.4,7,28.6,63.3,-34.8,0,,0,,,,1.222,,,,,,,,,0.75,40,39,0.5,0.359,0.718,3,0,,,,,,,1.154,0.604,2.203,1.026,1.203,1.222,,,,Wing,0.76,,,0.65,0.41,EuroCup,2020-21,intl
John Petrucelli,75,52,23,8,5,50.0,71,50.0,0.0,16,56.2,7.9,12,29.2,53.9,-24.7,0,,0,,,,0.925,0.724,1.181,,,,,,,0.719,44,45,0.523,0.489,0.935,4,2,,,,,,,1.222,0.682,2.189,1.142,0.809,0.982,,,,Wing,-0.62,,,0.51,0.59,EuroCup,2020-21,intl
Christian Burns,74,56,18,6,10,55.0,65,45.4,9.6,32,56.2,16.7,6,16.7,49.3,-32.6,0,,0,,,,0.897,0.721,1.117,,,,,,,0.75,31,51,0.548,0.51,0.93,2,4,,,,,,,1.055,0.567,1.964,1.032,0.774,0.915,,,,Wing,-0.75,,,0.65,0.15,EuroCup,2020-21,intl
Aleksander Balcerowski,74,70,4,2,0,,68,61.0,,9,55.6,-6.3,6,66.7,60.5,6.2,0,,0,,,,0.875,0.493,1.553,,,,,,,0.5,50,29,0.32,0.379,1.185,1,0,,,,,,,1.081,0.474,2.466,0.978,0.869,0.972,,,,,,,,,,EuroCup,2020-21,intl
Stephaun Branch,73,56,17,5,4,50.0,69,45.7,4.3,20,47.5,2.2,9,0.0,52.3,-52.3,0,,0,,,,0.841,0.606,1.167,,,,,,,0.85,40,47,0.55,0.404,0.735,2,2,,,,,,,1.237,0.637,2.402,0.8,0.895,0.95,,,,,,,,,,EuroCup,2020-21,intl
Archie Goodwin,73,66,7,2,7,57.1,59,57.6,-0.5,27,63.0,9.1,6,66.7,56.7,10.0,0,,0,,,,0.975,0.712,1.337,,,,,,,0.875,36,39,0.417,0.359,0.862,1,0,,,,,,,0.853,0.372,1.954,1.083,1.145,0.975,,,,Wing,-0.39,,,1.22,-0.37,EuroCup,2020-21,intl
Stefano Tonut,73,62,11,6,3,0.0,61,52.5,-52.5,9,0.0,-58.2,14,32.1,55.0,-22.9,0,,0,,,,1.199,0.949,1.515,,,,,,,0.458,51,30,0.353,0.633,1.794,1,4,,,,,,,0.376,0.106,1.337,1.113,1.091,1.116,,,,Wing,0.65,,,-0.66,-1.61,EuroCup,2020-21,intl
Michael Bramos,73,70,3,2,4,0.0,60,78.3,-78.3,17,52.9,-27.9,6,41.7,76.7,-35.1,0,,0,,,,0.778,0.347,1.741,,,,,,,0.375,37,38,0.378,0.421,1.113,0,2,,,,,,,0.909,0.223,3.704,0.985,,0.778,,,,Wing,-1.3,,,-1.03,-0.23,EuroCup,2020-21,intl
Sean Kilpatrick,72,61,11,4,2,50.0,62,46.0,4.0,15,40.0,-8.0,1,0.0,46.8,-46.8,0,,0,,,,1.386,,,,,,,,,0.688,41,41,0.463,0.439,0.947,3,1,,,,,,,1.0,0.485,2.062,0.967,1.321,1.287,,,,Wing,1.52,,,0.38,0.01,EuroCup,2020-21,intl
Jalen Jenkins,72,58,14,5,1,100.0,58,38.8,61.2,11,40.9,1.3,13,26.9,43.5,-16.6,0,,0,,,,1.06,0.775,1.449,,,,,,,0.7,45,32,0.444,0.562,1.266,3,1,,,,,,,0.411,0.112,1.507,1.121,0.943,1.06,,,,Wing,0.01,,,0.43,-1.52,EuroCup,2020-21,intl
Luca Vitali,72,71,1,1,4,0.0,31,40.3,-40.3,11,9.1,-38.8,2,0.0,37.9,-37.9,0,,0,,,,2.152,,,,,,,,,0.25,35,38,0.257,0.368,1.433,0,1,,,,,,,3.0,,,1.244,,2.152,,,,Wing,5.08,,,-1.6,5.19,EuroCup,2020-21,intl
Oguz Savas,71,63,8,2,4,100.0,62,69.4,30.6,20,80.0,12.6,10,60.0,73.2,-13.2,0,,0,,,,1.021,0.771,1.352,,,,,,,1.0,39,37,0.282,0.216,0.767,1,0,,,,,,,0.989,0.602,1.625,0.975,1.169,1.066,,,,Wing,-0.17,,,1.78,-0.02,EuroCup,2020-21,intl
Gytis Masiulis,71,60,11,4,2,125.0,66,52.3,72.7,14,78.6,30.4,8,37.5,56.7,-19.2,0,,0,,,,1.176,,,,,,,,,0.688,42,35,0.5,0.457,0.914,2,0,,,,,,,1.159,0.628,2.14,0.921,1.155,1.176,,,,Big,0.71,,,0.67,0.6,EuroCup,2020-21,intl
Assem Marei,70,62,8,2,1,100.0,61,63.9,36.1,14,64.3,-0.3,7,57.1,65.5,-8.3,0,,0,,,,1.043,0.786,1.386,,,,,,,1.0,36,38,0.25,0.342,1.368,0,1,,,,,,,0.402,0.123,1.312,1.256,0.882,0.96,,,,Big,-0.05,,,2.07,-1.63,EuroCup,2020-21,intl
Per Guenther,70,68,2,2,3,33.3,46,48.9,-15.6,12,54.2,8.2,6,0.0,54.7,-54.7,0,,0,,,,1.511,,,,,,,,,0.25,36,36,0.361,0.444,1.231,0,2,,,,,,,,,,0.717,1.489,1.511,,,,Playmaker,1.89,,,-2.42,,EuroCup,2020-21,intl
Tj Cline,69,57,12,3,6,66.7,59,61.0,5.6,13,69.2,9.6,7,92.9,57.8,35.1,0,,0,,,,0.91,0.642,1.288,,,,,,,1.0,48,30,0.417,0.267,0.64,3,0,,,,,,,0.9,0.481,1.684,0.933,1.217,0.964,,,,Playmaker,-0.59,,,1.35,-0.58,EuroCup,2020-21,intl
Michalis Lountzis,69,58,11,4,1,0.0,55,55.5,-55.5,15,56.7,3.0,9,55.6,54.3,1.3,0,,0,,,,1.13,0.82,1.557,,,,,,,0.688,39,36,0.308,0.5,1.625,1,3,,,,,,,1.167,0.6,2.268,1.258,0.948,1.062,,,,,,,,,,EuroCup,2020-21,intl
Vangelis Mantzaris,68,67,1,1,0,,23,63.0,,1,150.0,90.9,3,0.0,72.5,-72.5,0,,0,,,,,,,,,,,,,0.25,38,31,0.132,0.226,1.716,0,0,,,,,,,,,,1.514,,,,,,,,,,,,EuroCup,2020-21,intl
Haukur Palsson,68,44,24,7,2,0.0,79,51.9,-51.9,17,20.6,-38.0,10,25.0,54.2,-29.2,0,,0,,,,1.028,0.916,1.154,,,,,,,0.857,46,42,0.522,0.619,1.187,4,5,,,,,,,0.624,0.312,1.248,1.044,0.934,0.978,,,,Wing,-0.14,,,1.14,-0.96,EuroCup,2020-21,intl
Suad Sehovic,67,57,10,6,3,150.0,69,59.4,90.6,18,88.9,34.3,10,15.0,71.0,-56.0,0,,0,,,,1.018,,,,,,,,,0.417,41,32,0.512,0.562,1.098,2,2,,,,,,,1.0,0.51,1.96,0.938,1.016,1.018,,,,Wing,-0.19,,,-0.85,0.01,EuroCup,2020-21,intl
Lahaou Konate,67,67,0,1,0,,50,41.0,,11,50.0,11.5,10,35.0,42.5,-7.5,0,,0,,,,,,,,,,,,,0.0,34,34,0.5,0.5,1.0,0,1,,,,,,,,,,1.255,,,,,,Wing,,,,-2.72,,EuroCup,2020-21,intl
Alessandro Pajola,65,65,0,1,2,50.0,36,47.2,2.8,14,28.6,-29.8,3,33.3,48.6,-15.2,0,,0,,,,,,,,,,,,,0.0,28,38,0.25,0.368,1.474,0,0,,,,,,,,,,0.914,,,,,,Wing,,,,-2.72,,EuroCup,2020-21,intl
Ruben Guerrero,64,61,3,2,0,,57,54.4,,2,100.0,47.3,3,66.7,53.7,13.0,0,,0,,,,0.767,0.343,1.718,,,,,,,0.375,40,26,0.475,0.269,0.567,1,0,,,,,,,0.883,0.217,3.603,0.933,1.164,0.767,,,,Big,-1.62,,,-0.73,-0.21,EuroCup,2020-21,intl
Petar Popovic,64,60,4,3,2,0.0,55,53.6,-53.6,15,53.3,2.1,9,16.7,58.3,-41.7,0,,0,,,,1.2,,,,,,,,,0.333,39,28,0.487,0.429,0.88,0,1,,,,,,,1.63,0.859,3.094,1.084,,1.2,,,,Big,0.84,,,-0.92,1.98,EuroCup,2020-21,intl
Andrea De Nicolao,64,64,0,2,2,75.0,37,51.4,23.6,11,59.1,9.1,4,37.5,54.3,-16.8,0,,0,,,,,,,,,,,,,0.0,31,35,0.323,0.371,1.151,0,0,,,,,,,,,,0.647,,,,,,Playmaker,,,,-3.67,,EuroCup,2020-21,intl
Eric Mika,63,59,4,2,0,,58,56.0,,8,50.0,-7.0,5,30.0,58.5,-28.5,0,,0,,,,1.135,,,,,,,,,0.5,41,24,0.415,0.375,0.904,1,1,,,,,,,0.419,0.076,2.323,1.006,1.127,1.135,,,,Big,0.47,,,-0.17,-1.58,EuroCup,2020-21,intl
Sead Sehovic,63,57,6,4,3,0.0,50,51.0,-51.0,22,31.8,-27.9,3,0.0,51.0,-51.0,0,,0,,,,1.08,0.735,1.586,,,,,,,0.375,32,35,0.406,0.514,1.266,1,1,,,,,,,1.467,0.66,3.261,0.963,,1.08,,,,Wing,0.1,,,-1.03,1.22,EuroCup,2020-21,intl
Danny Agbelese,63,56,7,4,2,100.0,62,59.7,40.3,7,85.7,27.8,8,62.5,60.7,1.8,0,,0,,,,1.057,,,,,,,,,0.438,47,20,0.362,0.4,1.106,2,0,,,,,,,0.865,0.443,1.691,1.068,1.05,1.057,,,,Wing,-0.0,,,-0.75,-0.34,EuroCup,2020-21,intl
Albert Ventura,62,62,0,2,5,90.0,38,51.3,38.7,10,65.0,12.0,7,21.4,62.5,-41.1,0,,0,,,,,,,,,,,,,0.0,32,32,0.5,0.281,0.562,0,0,,,,,,,,,,0.75,,,,,,Wing,,,,-2.72,,EuroCup,2020-21,intl
Dimitris Agravanis,60,44,16,6,2,50.0,66,44.7,5.3,10,10.0,-40.9,6,58.3,43.5,14.8,0,,0,,,,1.031,0.881,1.207,,,,,,,0.667,46,28,0.5,0.679,1.357,4,2,,,,,,,0.508,0.209,1.236,0.97,0.899,1.0,,,,,,,,,,EuroCup,2020-21,intl
Vincent Kesteloot,59,49,10,5,0,,64,46.9,,7,42.9,-4.5,3,33.3,47.5,-14.2,0,,0,,,,1.114,,,,,,,,,0.5,45,24,0.511,0.542,1.06,2,0,,,,,,,0.6,0.223,1.618,0.833,1.093,1.114,,,,Wing,0.26,,,-0.47,-1.03,EuroCup,2020-21,intl
Lamar Peters,59,59,0,0,1,100.0,33,78.8,21.2,8,106.2,35.1,2,150.0,75.0,75.0,0,,0,,,,,,,,,,,,,,25,34,0.28,0.176,0.63,0,0,,,,,,,,,,0.173,,,,,,Playmaker,,,,,,EuroCup,2020-21,intl
Aric Holman,58,45,13,6,8,56.2,50,51.0,5.2,9,61.1,11.1,6,25.0,54.8,-29.8,0,,0,,,,0.936,0.674,1.298,,,,,,,0.542,37,32,0.541,0.438,0.809,2,2,,,,,,,1.306,0.706,2.415,0.938,0.892,0.973,,,,Big,-0.66,,,0.02,1.03,EuroCup,2020-21,intl
Nacho Llovet,58,45,13,5,2,100.0,55,32.7,67.3,16,37.5,3.4,7,28.6,36.0,-7.4,0,,0,,,,1.065,0.877,1.294,,,,,,,0.65,33,32,0.576,0.594,1.031,3,1,,,,,,,0.65,0.226,1.871,0.953,1.167,1.077,,,,Wing,0.03,,,0.2,-0.9,EuroCup,2020-21,intl
Burak Yildizli,57,39,18,6,5,20.0,50,36.0,-16.0,11,27.3,-9.1,12,29.2,36.0,-6.9,0,,0,,,,1.083,0.828,1.417,,,,,,,0.75,33,36,0.576,0.528,0.917,3,2,,,,,,,2.0,0.859,4.654,0.875,0.837,1.025,,,,Wing,0.12,,,0.65,2.6,EuroCup,2020-21,intl
Jacob Wiley,57,45,12,4,1,100.0,54,56.5,43.5,12,95.8,49.3,4,0.0,61.8,-61.8,0,,0,,,,0.962,0.728,1.269,,,,,,,0.75,31,32,0.419,0.375,0.894,2,0,,,,,,,1.064,0.598,1.893,0.908,1.151,0.996,,,,Wing,-0.45,,,0.65,0.18,EuroCup,2020-21,intl
Fedor Zugic,57,54,3,4,0,,56,47.3,,6,50.0,3.0,2,0.0,49.1,-49.1,0,,0,,,,1.102,,,,,,,,,0.188,37,24,0.514,0.583,1.136,0,1,,,,,,,1.556,0.656,3.687,0.931,,1.102,,,,Wing,0.2,,,-1.88,1.45,EuroCup,2020-21,intl
Shawn Dawson,57,44,13,4,1,0.0,57,57.0,-57.0,16,43.8,-17.0,3,0.0,59.1,-59.1,0,,0,,,,0.955,0.74,1.232,,,,,,,0.812,31,35,0.484,0.429,0.886,3,1,,,,,,,1.46,0.824,2.586,0.986,1.143,0.929,,,,Wing,-0.48,,,0.93,1.2,EuroCup,2020-21,intl
Davide Casarin,56,52,4,1,0,,42,54.8,,13,46.2,-12.5,2,0.0,57.5,-57.5,0,,0,,,,0.722,0.267,1.957,,,,,,,1.0,32,28,0.344,0.357,1.039,0,1,,,,,,,,,,1.237,0.716,0.963,,,,Wing,-1.56,,,1.78,,EuroCup,2020-21,intl
Nikola Rebic,56,48,8,3,5,50.0,41,42.7,7.3,15,40.0,-5.2,7,0.0,51.3,-51.3,0,,0,,,,1.029,0.665,1.59,,,,,,,0.667,29,32,0.448,0.5,1.115,1,3,,,,,,,0.778,0.236,2.568,1.196,1.375,1.097,,,,Playmaker,-0.1,,,-0.32,-1.03,EuroCup,2020-21,intl
Babatunde Olumuyiwa,55,52,3,1,1,100.0,48,62.5,37.5,12,91.7,37.6,7,28.6,69.0,-40.5,0,,0,,,,1.156,,,,,,,,,0.75,35,21,0.371,0.238,0.641,0,0,,,,,,,1.034,0.452,2.37,1.037,1.152,1.156,,,,Wing,0.45,,,0.65,0.1,EuroCup,2020-21,intl
Josh Owens,54,46,8,3,4,75.0,52,48.1,26.9,14,57.1,9.5,5,40.0,51.0,-11.0,0,,0,,,,0.936,0.713,1.23,,,,,,,0.667,31,29,0.548,0.379,0.692,2,1,,,,,,,0.512,0.154,1.701,0.769,1.065,0.973,,,,Wing,-0.57,,,0.28,-1.25,EuroCup,2020-21,intl
Gabrielius Maldunas,53,53,0,1,1,100.0,37,51.4,48.6,8,75.0,28.3,4,0.0,58.8,-58.8,0,,0,,,,,,,,,,,,,0.0,27,27,0.333,0.333,1.0,0,0,,,,,,,,,,0.802,,,,,,,,,,,,EuroCup,2020-21,intl
Yannick Nzosa,53,52,1,1,3,66.7,46,63.0,3.6,16,56.2,-10.4,6,50.0,65.1,-15.1,0,,0,,,,1.106,,,,,,,,,0.25,31,23,0.29,0.391,1.348,0,0,,,,,,,1.567,,,0.88,,1.106,,,,Big,0.31,,,-1.3,1.8,EuroCup,2020-21,intl
Vytenis Lipkevicius,53,45,8,3,0,,43,51.2,,6,75.0,27.7,3,83.3,48.8,34.6,0,,0,,,,1.23,0.892,1.697,,,,,,,0.667,31,27,0.419,0.444,1.06,1,2,,,,,,,1.524,0.697,3.331,1.52,1.342,1.1,,,,Wing,0.8,,,0.28,1.37,EuroCup,2020-21,intl
Mitchell Watt,52,41,11,4,1,100.0,47,58.5,41.5,14,42.9,-23.3,9,33.3,65.4,-32.1,0,,0,,,,0.852,0.581,1.25,,,,,,,0.688,30,28,0.3,0.393,1.31,2,2,,,,,,,0.795,0.38,1.664,0.873,1.217,0.889,,,,Big,-1.14,,,0.67,-0.47,EuroCup,2020-21,intl
Roko Ukic,52,51,1,2,0,,34,39.7,,10,15.0,-35.0,7,0.0,50.0,-50.0,0,,0,,,,1.645,,,,,,,,,0.125,28,26,0.393,0.462,1.175,1,1,,,,,,,,,,1.121,,1.645,,,,Wing,2.72,,,-2.16,,EuroCup,2020-21,intl
Tyler Kalinoski,52,47,5,2,2,75.0,31,46.8,28.2,8,75.0,35.0,4,112.5,39.7,72.8,0,,0,,,,1.808,,,,,,,,,0.625,36,18,0.278,0.5,1.8,0,2,,,,,,,1.418,0.609,3.301,1.542,1.724,1.808,,,,Wing,3.48,,,0.09,1.09,EuroCup,2020-21,intl
Stanislav Ilnitskiy,52,51,1,1,2,75.0,45,67.8,7.2,7,57.1,-12.9,5,90.0,65.5,24.5,0,,0,,,,1.133,,,,,,,,,0.25,31,22,0.355,0.409,1.153,0,0,,,,,,,,,,0.905,,1.133,,,,Wing,0.35,,,-1.6,,EuroCup,2020-21,intl
David Moss,52,48,4,2,1,0.0,33,51.5,-51.5,5,70.0,23.4,4,25.0,53.3,-28.3,0,,0,,,,0.8,0.293,2.184,,,,,,,0.5,26,28,0.385,0.321,0.836,1,0,,,,,,,2.5,,,0.846,,0.8,,,,Wing,-1.2,,,-0.47,3.9,EuroCup,2020-21,intl
Tyson Perez,52,41,11,3,1,0.0,51,52.0,-52.0,4,50.0,-1.0,6,25.0,54.3,-29.3,0,,0,,,,1.079,,,,,,,,,0.917,26,30,0.5,0.567,1.133,2,2,,,,,,,0.576,0.207,1.599,0.8,0.938,0.989,,,,Wing,0.1,,,1.41,-1.09,EuroCup,2020-21,intl
Joel Parra,51,51,0,1,1,0.0,42,52.4,-52.4,11,36.4,-19.9,3,33.3,52.5,-19.2,0,,0,,,,,,,,,,,,,0.0,29,23,0.379,0.478,1.261,0,1,,,,,,,,,,0.882,,,,,,Wing,,,,-2.72,,EuroCup,2020-21,intl
Uros Lukovic,51,51,0,0,0,,45,62.2,,5,80.0,20.0,2,50.0,62.8,-12.8,0,,0,,,,,,,,,,,,,,35,16,0.4,0.188,0.469,0,0,,,,,,,,,,0.851,,,,,,Big,,,,,,EuroCup,2020-21,intl
Alen Hodzic,51,41,10,4,1,150.0,48,42.7,107.3,18,30.6,-22.7,6,41.7,45.3,-3.7,0,,0,,,,1.054,0.827,1.343,,,,,,,0.625,27,29,0.519,0.621,1.197,2,0,,,,,,,1.414,0.587,3.407,1.182,1.163,1.065,,,,Wing,-0.02,,,0.09,1.08,EuroCup,2020-21,intl
Andrei Martiuk,51,51,0,1,1,100.0,46,55.4,44.6,9,66.7,12.7,1,150.0,54.3,95.7,0,,0,,,,,,,,,,,,,0.0,29,23,0.414,0.478,1.156,0,0,,,,,,,,,,0.537,,,,,,,,,,,,EuroCup,2020-21,intl
Giordano Bortolani,50,48,2,2,1,150.0,45,54.4,95.6,5,80.0,26.3,5,50.0,57.3,-7.3,0,,0,,,,1.143,,,,,,,,,0.25,32,20,0.531,0.35,0.659,2,0,,,,,,,1.0,0.242,4.131,1.039,1.136,1.143,,,,Wing,0.39,,,-1.6,0.01,EuroCup,2020-21,intl
Luka Rupnik,49,45,4,3,0,,33,54.5,,13,76.9,36.9,2,125.0,50.0,75.0,0,,0,,,,0.417,0.075,2.313,,,,,,,0.333,18,36,0.5,0.306,0.611,0,0,,,,,,,,,,0.667,,0.796,,,,Playmaker,-2.62,,,-2.0,,EuroCup,2020-21,intl
Ivan Marinkovic,49,47,2,2,0,,46,54.3,,13,38.5,-22.1,4,25.0,57.1,-32.1,0,,0,,,,1.119,,,,,,,,,0.25,28,23,0.393,0.435,1.107,0,1,,,,,,,0.875,0.214,3.586,0.984,,1.119,,,,Big,0.38,,,-1.3,-0.24,EuroCup,2020-21,intl
Dmitrii Uzinskii,49,45,4,3,1,0.0,43,38.4,-38.4,7,64.3,31.9,4,37.5,37.5,0.0,0,,0,,,,0.888,0.498,1.586,,,,,,,0.333,28,24,0.643,0.542,0.843,0,0,,,,,,,2.303,0.897,5.911,0.826,,0.888,,,,,,,,,,EuroCup,2020-21,intl
Miralem Halilovic,48,44,4,3,1,100.0,41,39.0,61.0,12,41.7,1.7,9,22.2,45.5,-23.2,0,,0,,,,1.257,,,,,,,,,0.333,31,20,0.452,0.55,1.218,1,1,,,,,,,,,,1.143,1.237,1.257,,,,Big,1.17,,,-0.92,,EuroCup,2020-21,intl
Grigory Motovilov,48,39,9,3,1,0.0,38,42.1,-42.1,9,44.4,4.4,6,0.0,48.5,-48.5,0,,0,,,,1.046,0.705,1.552,,,,,,,0.75,29,22,0.517,0.455,0.879,2,1,,,,,,,0.69,0.198,2.407,1.089,1.324,1.046,,,,Wing,-0.06,,,0.65,-0.79,EuroCup,2020-21,intl
Uros Trifunovic,48,39,9,5,5,20.0,43,38.4,-18.4,19,28.9,-12.4,2,0.0,38.0,-38.0,0,,0,,,,1.147,,,,,,,,,0.45,18,35,0.611,0.657,1.075,2,3,,,,,,,0.687,0.184,2.559,1.208,1.125,1.147,,,,Wing,0.41,,,-0.7,-0.8,EuroCup,2020-21,intl
Bandja Sy,47,46,1,3,1,100.0,43,36.0,64.0,5,40.0,2.8,3,50.0,36.6,13.4,0,,0,,,,1.122,,,,,,,,,0.083,31,19,0.613,0.526,0.859,2,0,,,,,,,,,,1.038,,1.122,,,,Wing,0.3,,,-2.35,,EuroCup,2020-21,intl
Maxim Mutaf,47,42,5,3,2,50.0,41,54.9,-4.9,13,61.5,9.9,2,100.0,52.4,47.6,0,,0,,,,1.2,,,,,,,,,0.417,23,27,0.435,0.556,1.278,1,2,,,,,,,1.5,0.659,3.415,0.974,1.171,1.2,,,,Wing,0.66,,,-0.85,1.31,EuroCup,2020-21,intl
Omercan Ilyasoglu,46,38,8,3,0,,26,50.0,,8,25.0,-36.1,1,0.0,52.0,-52.0,0,,0,,,,1.118,0.513,2.433,,,,,,,0.667,26,26,0.154,0.462,3.0,0,3,,,,,,,0.531,0.09,3.121,1.431,2.3,1.219,,,,,,,,,,EuroCup,2020-21,intl
Joshua Perkins,45,35,10,4,3,83.3,32,43.8,39.6,9,55.6,11.3,8,50.0,46.3,3.7,0,,0,,,,1.4,0.918,2.136,,,,,,,0.625,29,23,0.448,0.391,0.873,2,1,,,,,,,1.25,0.52,3.003,1.492,1.037,1.458,,,,,,,,,,EuroCup,2020-21,intl
Charis Giannopoulos,43,35,8,3,1,0.0,44,58.0,-58.0,15,56.7,0.0,5,20.0,61.3,-41.3,0,,0,,,,1.129,,,,,,,,,0.667,20,31,0.4,0.548,1.371,2,2,,,,,,,1.107,0.5,2.45,1.086,1.14,0.948,,,,Wing,0.33,,,0.28,0.29,EuroCup,2020-21,intl
Codi Miller-Mcintyre,343,311,32,14,10,30.0,225,53.8,-23.8,76,43.4,-13.8,33,39.4,55.0,-15.6,0,,0,,,,0.852,0.608,1.193,,,,,,,0.571,174,200,0.316,0.355,1.123,4,9,,,,,,,0.85,0.473,1.528,0.921,0.605,0.869,,,,Wing,-1.06,,,-0.2,-0.54,EuroCup,2021-22,intl
Semaj Christon,321,277,44,13,24,43.8,229,53.9,-10.2,77,50.0,-4.3,54,50.0,53.8,-3.8,0,,0,,,,1.043,0.828,1.314,,,,,,,0.846,180,198,0.278,0.394,1.418,5,9,,,,,,,0.792,0.519,1.211,1.175,1.159,1.089,,,,Playmaker,-0.35,,,0.84,-0.76,EuroCup,2021-22,intl
Will Cummings,310,263,47,14,8,62.5,243,56.0,6.5,54,51.9,-5.5,32,46.9,57.5,-10.7,0,,0,,,,1.082,0.898,1.303,,,,,,,0.839,182,171,0.352,0.357,1.014,9,6,,,,,,,1.034,0.741,1.445,1.01,1.17,1.065,,,,Playmaker,-0.16,,,0.81,0.06,EuroCup,2021-22,intl
Derek Needham,273,233,40,12,18,61.1,193,61.4,-0.3,72,54.2,-10.9,14,42.9,62.7,-19.8,0,,0,,,,1.102,0.88,1.38,,,,,,,0.833,135,178,0.274,0.41,1.496,3,10,,,,,,,0.987,0.659,1.476,1.159,1.221,1.179,,,,Playmaker,-0.05,,,0.78,-0.1,EuroCup,2021-22,intl
Justin Cobbs,251,224,27,9,14,39.3,180,50.0,-10.7,43,54.7,7.0,19,34.2,50.9,-16.6,0,,0,,,,1.05,0.827,1.333,,,,,,,0.75,139,134,0.388,0.396,1.018,4,4,,,,,,,0.974,0.583,1.627,0.924,1.289,0.968,,,,Playmaker,-0.32,,,0.43,-0.15,EuroCup,2021-22,intl
Jaka Blazic,242,190,52,16,10,35.0,211,51.7,-16.7,54,39.8,-14.7,17,35.3,52.2,-16.9,0,,0,,,,0.832,0.667,1.037,,,,,,,0.812,155,136,0.458,0.434,0.947,9,9,,,,,,,0.946,0.612,1.464,0.982,0.87,0.905,,,,Wing,-1.16,,,0.88,-0.28,EuroCup,2021-22,intl
Andrew Andrews,237,200,37,12,12,70.8,171,53.8,17.0,56,46.4,-12.2,22,38.6,57.1,-18.5,0,,0,,,,1.114,0.894,1.389,,,,,,,0.771,128,137,0.352,0.409,1.163,2,6,,,,,,,0.758,0.45,1.278,1.03,0.95,1.152,,,,Playmaker,0.01,,,0.52,-0.88,EuroCup,2021-22,intl
Travis Trice,237,198,39,12,12,54.2,164,45.1,9.0,41,50.0,5.6,12,8.3,48.5,-40.1,0,,0,,,,0.999,0.773,1.292,,,,,,,0.812,131,140,0.389,0.414,1.064,4,6,,,,,,,1.016,0.6,1.72,1.085,1.115,0.946,,,,Playmaker,-0.58,,,0.7,-0.01,EuroCup,2021-22,intl
Martin Hermannsson,236,218,18,8,9,55.6,125,55.6,-0.0,37,54.1,-2.1,14,35.7,57.9,-22.2,0,,0,,,,1.528,1.155,2.02,,,,,,,0.562,132,116,0.25,0.336,1.345,2,4,,,,,,,0.865,0.459,1.629,1.48,1.193,1.357,,,,Wing,2.43,,,-0.24,-0.5,EuroCup,2021-22,intl
Rasheed Sulaimon,236,186,50,16,15,63.3,208,44.2,19.1,53,47.2,2.2,27,48.1,45.2,3.0,0,,0,,,,1.082,0.928,1.261,,,,,,,0.781,140,138,0.457,0.522,1.141,8,13,,,,,,,0.529,0.3,0.933,1.143,1.118,1.122,,,,Wing,0.13,,,0.74,-1.43,EuroCup,2021-22,intl
Dylan Ennis,235,174,61,17,16,18.8,227,51.1,-32.4,69,48.6,-0.6,39,35.9,51.5,-15.6,0,,0,,,,0.911,0.778,1.068,,,,,,,0.897,150,145,0.52,0.462,0.889,11,7,,,,,,,0.664,0.414,1.064,0.852,0.917,0.935,,,,Playmaker,-1.03,,,1.06,-1.2,EuroCup,2021-22,intl
Caleb Homesley,232,177,55,15,6,41.7,198,55.6,-13.9,59,50.8,-6.0,15,50.0,55.6,-5.6,0,,0,,,,1.016,0.858,1.204,,,,,,,0.917,119,153,0.412,0.431,1.048,4,10,,,,,,,0.854,0.568,1.285,1.083,0.91,1.004,,,,Wing,-0.21,,,1.35,-0.53,EuroCup,2021-22,intl
Kyle Weems,231,189,42,11,15,66.7,199,58.5,8.1,42,63.1,5.0,20,42.5,60.8,-18.3,0,,0,,,,1.087,0.942,1.255,,,,,,,0.955,147,117,0.401,0.393,0.98,6,7,,,,,,,0.779,0.527,1.152,1.066,1.076,1.089,,,,Wing,0.15,,,1.52,-0.74,EuroCup,2021-22,intl
Milos Teodosic,229,205,24,8,14,14.3,115,57.0,-42.7,31,27.4,-32.8,6,58.3,52.0,6.3,0,,0,,,,1.256,0.895,1.763,,,,,,,0.75,128,122,0.227,0.385,1.7,2,5,,,,,,,0.723,0.343,1.525,1.211,1.574,1.091,,,,Wing,1.02,,,0.6,-0.89,EuroCup,2021-22,intl
Jacob Pullen,228,160,68,19,10,55.0,218,50.0,5.0,59,47.5,-3.7,25,60.0,49.0,11.0,0,,0,,,,0.953,0.792,1.147,,,,,,,0.895,145,158,0.441,0.462,1.047,9,10,,,,,,,0.914,0.622,1.344,0.948,1.2,1.025,,,,Playmaker,-0.82,,,1.05,-0.35,EuroCup,2021-22,intl
David Dudzinski,211,192,19,7,17,41.2,168,64.9,-23.7,41,54.9,-10.1,26,53.8,64.2,-10.3,0,,0,,,,0.941,0.74,1.197,,,,,,,0.679,120,100,0.325,0.44,1.354,2,3,,,,,,,0.799,0.458,1.394,0.916,1.19,0.965,,,,,,,,,,EuroCup,2021-22,intl
Axel Julien,209,191,18,6,10,80.0,109,60.1,19.9,28,55.4,-8.4,19,50.0,64.0,-14.0,0,,0,,,,1.261,0.886,1.794,,,,,,,0.75,110,106,0.245,0.34,1.384,2,2,,,,,,,1.202,0.716,2.02,1.159,,1.194,,,,Playmaker,0.76,,,0.43,0.62,EuroCup,2021-22,intl
Yogi Ferrell,206,189,17,7,11,90.9,135,61.1,29.8,35,51.4,-15.7,11,36.4,65.6,-29.2,0,,0,,,,0.882,0.585,1.33,,,,,,,0.607,120,98,0.292,0.388,1.329,1,4,,,,,,,0.752,0.346,1.635,1.01,1.262,0.877,,,,Playmaker,-1.18,,,-0.17,-0.9,EuroCup,2021-22,intl
Kevin Punter,199,162,37,13,11,50.0,191,52.6,-2.6,45,42.2,-13.2,22,47.7,53.1,-5.3,0,,0,,,,1.005,0.859,1.177,,,,,,,0.712,124,114,0.395,0.526,1.332,5,9,,,,,,,0.947,0.635,1.411,1.003,1.07,1.018,,,,Playmaker,-0.55,,,0.27,-0.24,EuroCup,2021-22,intl
Jaron Blossomgame,198,139,59,16,17,58.8,208,58.2,0.7,58,57.8,-0.6,24,68.8,57.0,11.8,0,,0,,,,1.071,0.975,1.176,,,,,,,0.922,114,137,0.421,0.467,1.109,9,6,,,,,,,1.152,0.875,1.518,1.097,1.139,1.024,,,,Wing,0.07,,,1.37,0.29,EuroCup,2021-22,intl
Panagiotis Kalaitzakis,195,178,17,8,12,83.3,151,53.6,29.7,45,44.4,-15.7,32,45.3,58.4,-13.1,0,,0,,,,1.023,0.776,1.35,,,,,,,0.531,104,110,0.356,0.464,1.303,3,7,,,,,,,1.085,0.638,1.846,1.162,1.161,0.956,,,,Wing,-0.18,,,-0.37,0.11,EuroCup,2021-22,intl
Onuralp Bitim,193,143,50,18,9,22.2,193,52.8,-30.6,46,40.2,-14.6,36,51.4,51.5,-0.1,0,,0,,,,0.884,0.746,1.046,,,,,,,0.694,138,106,0.478,0.415,0.868,12,7,,,,,,,1.152,0.82,1.619,1.013,0.958,0.878,,,,Wing,-0.9,,,0.35,0.29,EuroCup,2021-22,intl
Alex Perez,192,171,21,7,5,70.0,110,53.6,16.4,29,58.6,5.7,22,52.3,54.8,-2.6,0,,0,,,,1.11,0.746,1.653,,,,,,,0.75,99,111,0.323,0.261,0.808,4,2,,,,,,,0.833,0.413,1.68,1.231,1.249,1.184,,,,,,,,,,EuroCup,2021-22,intl
Kendrick Ray,190,150,40,13,11,27.3,169,50.9,-23.6,41,54.9,7.0,20,37.5,50.9,-13.4,0,,0,,,,1.023,0.835,1.253,,,,,,,0.769,131,106,0.458,0.406,0.886,7,6,,,,,,,1.355,0.924,1.987,1.022,0.775,0.992,,,,Playmaker,-0.46,,,0.51,1.14,EuroCup,2021-22,intl
Jaylon Brown,189,145,44,13,2,75.0,190,53.7,21.3,40,53.8,-0.2,18,55.6,53.7,1.8,0,,0,,,,1.014,0.864,1.19,,,,,,,0.846,128,109,0.477,0.45,0.943,8,6,,,,,,,0.963,0.636,1.457,1.053,0.95,0.925,,,,Playmaker,-0.5,,,0.84,-0.18,EuroCup,2021-22,intl
Clevin Hannah,188,153,35,12,12,25.0,143,60.1,-35.1,48,51.0,-9.2,24,52.1,58.4,-6.3,0,,0,,,,0.898,0.694,1.162,,,,,,,0.729,95,122,0.442,0.352,0.797,6,6,,,,,,,1.082,0.7,1.673,1.007,0.809,0.873,,,,Playmaker,-1.1,,,0.34,0.22,EuroCup,2021-22,intl
Errick Mccollum,187,161,26,8,17,38.2,151,54.6,-16.4,43,53.5,0.7,13,42.3,53.9,-11.6,0,,0,,,,1.05,0.834,1.321,,,,,,,0.812,118,101,0.381,0.455,1.194,4,4,,,,,,,1.064,0.69,1.641,1.275,1.162,1.131,,,,Playmaker,-0.32,,,0.7,0.16,EuroCup,2021-22,intl
Vince Hunter,183,146,37,11,6,50.0,170,53.8,-3.8,38,47.4,-8.1,26,50.0,54.3,-4.3,0,,0,,,,0.938,0.78,1.127,,,,,,,0.841,107,103,0.411,0.379,0.921,6,3,,,,,,,1.211,0.888,1.652,0.89,0.589,0.978,,,,Wing,-0.62,,,1.01,0.46,EuroCup,2021-22,intl
Kristupas Zemaitis,182,157,25,7,2,0.0,130,54.2,-54.2,26,53.8,0.5,19,52.6,53.5,-0.9,0,,0,,,,0.725,0.475,1.106,,,,,,,0.893,100,102,0.37,0.363,0.98,4,4,,,,,,,1.264,0.75,2.129,1.16,1.154,0.778,,,,Wing,-1.72,,,1.24,0.6,EuroCup,2021-22,intl
Bojan Dubljevic,181,165,16,6,6,58.3,124,55.2,3.1,23,43.5,-14.5,11,45.5,56.3,-10.8,0,,0,,,,1.05,0.741,1.488,,,,,,,0.667,91,102,0.363,0.343,0.946,1,3,,,,,,,0.701,0.314,1.565,0.908,1.253,1.063,,,,Wing,-0.04,,,0.23,-0.95,EuroCup,2021-22,intl
Pau Ribas,178,163,15,5,6,41.7,112,61.6,-19.9,27,38.9,-28.1,10,55.0,61.1,-6.1,0,,0,,,,1.207,0.869,1.678,,,,,,,0.75,103,87,0.32,0.31,0.969,2,3,,,,,,,0.679,0.304,1.516,1.134,1.166,1.12,,,,Wing,0.77,,,0.6,-1.01,EuroCup,2021-22,intl
Mam Jaiteh,177,163,14,6,11,45.5,154,70.8,-25.3,30,60.0,-11.1,13,61.5,69.7,-8.2,0,,0,,,,0.977,0.783,1.219,,,,,,,0.583,90,97,0.289,0.258,0.892,2,0,,,,,,,0.81,0.497,1.321,0.922,1.14,0.997,,,,,,,,,,EuroCup,2021-22,intl
Gediminas Orelik,176,143,33,10,8,75.0,157,57.3,17.7,44,64.8,9.0,27,64.8,56.9,7.9,0,,0,,,,0.997,0.819,1.213,,,,,,,0.825,99,104,0.434,0.471,1.085,5,5,,,,,,,0.869,0.534,1.415,1.026,0.991,1.066,,,,Wing,-0.31,,,0.94,-0.49,EuroCup,2021-22,intl
Stefano Tonut,175,138,37,13,12,58.3,129,50.4,7.9,37,45.9,-6.9,18,44.4,52.0,-7.6,0,,0,,,,0.878,0.679,1.135,,,,,,,0.712,83,110,0.361,0.445,1.232,1,8,,,,,,,1.041,0.665,1.629,1.091,0.777,0.831,,,,Wing,-0.93,,,0.43,-0.01,EuroCup,2021-22,intl
Kodi Justice,173,131,42,18,4,62.5,168,46.4,16.1,35,41.4,-6.7,22,63.6,44.3,19.3,0,,0,,,,0.991,0.838,1.172,,,,,,,0.583,108,101,0.5,0.525,1.05,5,7,,,,,,,0.753,0.442,1.282,1.031,0.816,0.991,,,,Wing,-0.34,,,-0.14,-0.81,EuroCup,2021-22,intl
Darius Thompson,173,164,9,6,2,0.0,110,64.5,-64.5,17,47.1,-19.3,10,65.0,63.2,1.8,0,,0,,,,1.302,0.898,1.886,,,,,,,0.375,108,73,0.204,0.342,1.681,1,4,,,,,,,0.918,0.475,1.776,1.082,0.97,1.217,,,,Wing,1.26,,,-1.07,-0.35,EuroCup,2021-22,intl
Aleksa Avramovic,173,147,26,8,9,44.4,125,46.4,-2.0,29,39.7,-8.4,9,61.1,45.2,15.9,0,,0,,,,1.064,0.822,1.376,,,,,,,0.812,91,101,0.374,0.436,1.166,3,4,,,,,,,0.792,0.424,1.479,1.017,0.872,0.941,,,,Wing,0.03,,,0.88,-0.7,EuroCup,2021-22,intl
Dimitris Agravanis,172,141,31,11,8,37.5,161,47.2,-9.7,40,50.0,4.3,22,40.9,47.6,-6.7,0,,0,,,,1.098,0.956,1.261,,,,,,,0.705,104,96,0.51,0.448,0.879,6,5,,,,,,,0.904,0.566,1.444,1.057,0.907,1.048,,,,,,,,,,EuroCup,2021-22,intl
Andrew Albicy,171,156,15,6,10,50.0,75,51.3,-1.3,22,50.0,-1.6,6,83.3,48.7,34.6,0,,0,,,,1.206,0.728,1.998,,,,,,,0.625,95,86,0.274,0.267,0.977,2,4,,,,,,,1.078,0.515,2.255,1.337,,1.33,,,,Playmaker,0.48,,,-0.1,0.2,EuroCup,2021-22,intl
Aj Slaughter,168,135,33,11,20,37.5,136,55.9,-18.4,51,43.1,-15.4,23,45.7,54.9,-9.2,0,,0,,,,1.044,0.838,1.299,,,,,,,0.75,79,126,0.405,0.46,1.136,5,8,,,,,,,1.001,0.634,1.581,1.065,1.044,1.097,,,,Wing,-0.07,,,0.6,-0.12,EuroCup,2021-22,intl
Miralem Halilovic,167,149,18,8,3,66.7,137,53.3,13.4,32,53.1,-0.6,14,35.7,55.6,-19.8,0,,0,,,,1.061,0.849,1.326,,,,,,,0.562,94,83,0.319,0.422,1.321,3,2,,,,,,,0.446,0.19,1.045,0.96,1.136,0.961,,,,Big,0.13,,,0.17,-1.53,EuroCup,2021-22,intl
Alessandro Pajola,166,154,12,6,2,0.0,85,48.2,-48.2,17,38.2,-11.1,5,50.0,47.0,3.0,0,,0,,,,1.085,0.601,1.958,,,,,,,0.5,95,84,0.253,0.345,1.367,1,1,,,,,,,1.183,0.508,2.755,1.316,0.69,1.085,,,,Wing,0.14,,,-0.51,0.38,EuroCup,2021-22,intl
Edo Muric,164,149,15,8,6,25.0,142,65.5,-40.5,29,56.9,-8.6,9,50.0,64.7,-14.7,0,,0,,,,0.86,0.63,1.176,,,,,,,0.469,97,80,0.392,0.4,1.021,3,3,,,,,,,1.339,0.901,1.988,0.947,1.191,0.847,,,,Wing,-1.02,,,-0.65,0.81,EuroCup,2021-22,intl
Dennis Seeley,164,124,40,12,11,63.6,150,52.7,11.0,51,58.8,7.9,15,33.3,55.5,-22.1,0,,0,,,,1.002,0.838,1.198,,,,,,,0.833,100,98,0.49,0.408,0.833,5,5,,,,,,,0.942,0.603,1.471,1.073,0.797,1.027,,,,,,,,,,EuroCup,2021-22,intl
Ante Tomic,163,157,6,3,1,0.0,108,60.2,-60.2,18,50.0,-11.5,10,70.0,58.6,11.4,0,,0,,,,1.308,0.898,1.907,,,,,,,0.5,88,79,0.261,0.266,1.017,1,0,,,,,,,0.656,0.222,1.94,0.884,1.542,1.346,,,,Big,1.53,,,-0.1,-0.99,EuroCup,2021-22,intl
Mitchell Watt,161,141,20,7,6,83.3,145,55.5,27.8,31,71.0,18.1,18,72.2,54.5,17.7,0,,0,,,,0.959,0.79,1.163,,,,,,,0.714,88,84,0.455,0.31,0.681,3,2,,,,,,,1.279,0.906,1.806,1.029,1.149,0.934,,,,Big,-0.44,,,0.83,0.62,EuroCup,2021-22,intl
Zach Leday,160,128,32,10,8,62.5,150,58.3,4.2,37,51.4,-9.4,19,52.6,59.4,-6.7,0,,0,,,,1.009,0.871,1.169,,,,,,,0.8,90,89,0.411,0.472,1.148,3,5,,,,,,,1.008,0.685,1.483,1.041,1.029,1.028,,,,Wing,-0.25,,,0.83,-0.1,EuroCup,2021-22,intl
Marco Belinelli,160,118,42,11,9,27.8,138,54.7,-26.9,40,40.0,-17.9,19,47.4,53.9,-6.5,0,,0,,,,0.967,0.797,1.173,,,,,,,0.955,96,88,0.469,0.443,0.945,5,4,,,,,,,0.991,0.647,1.518,1.034,0.949,0.973,,,,Wing,-0.47,,,1.52,-0.15,EuroCup,2021-22,intl
Maik Kotsar,159,133,26,9,4,50.0,145,60.7,-10.7,38,55.3,-6.9,11,81.8,58.7,23.1,0,,0,,,,0.951,0.778,1.162,,,,,,,0.722,88,87,0.318,0.356,1.12,3,4,,,,,,,0.972,0.676,1.397,1.066,1.187,0.952,,,,Big,-0.49,,,0.86,-0.17,EuroCup,2021-22,intl
Oriol Pauli,158,152,6,4,6,50.0,106,62.7,-12.7,26,40.4,-28.2,15,36.7,66.0,-29.3,0,,0,,,,0.724,0.323,1.622,,,,,,,0.375,90,72,0.256,0.347,1.359,1,0,,,,,,,0.556,0.111,2.774,1.059,,0.724,,,,Wing,-1.72,,,-1.07,-1.35,EuroCup,2021-22,intl
Klemen Prepelic,158,115,43,13,23,30.4,140,49.3,-18.9,55,44.5,-3.1,23,58.7,44.6,14.1,0,,0,,,,1.014,0.835,1.232,,,,,,,0.827,97,108,0.505,0.519,1.026,7,9,,,,,,,1.446,0.936,2.234,1.139,1.197,1.063,,,,Wing,-0.22,,,0.95,1.11,EuroCup,2021-22,intl
Jasiel Rivero,156,145,11,3,10,60.0,133,68.4,-8.4,45,73.3,8.0,12,62.5,68.3,-5.8,0,,0,,,,1.038,0.853,1.264,,,,,,,0.917,82,80,0.329,0.275,0.835,2,1,,,,,,,0.73,0.388,1.372,1.047,1.136,1.054,,,,Big,0.01,,,1.71,-0.8,EuroCup,2021-22,intl
Thomas Klepeisz,156,144,12,8,6,50.0,95,65.8,-15.8,31,67.7,4.2,6,41.7,66.3,-24.6,0,,0,,,,0.988,0.601,1.625,,,,,,,0.375,76,90,0.289,0.356,1.228,1,5,,,,,,,0.565,0.172,1.856,1.25,1.185,0.968,,,,Playmaker,-0.64,,,-1.16,-1.53,EuroCup,2021-22,intl
Kerem Kanter,156,122,34,10,12,62.5,145,47.9,14.6,34,58.8,12.5,17,58.8,47.9,11.0,0,,0,,,,1.091,0.957,1.243,,,,,,,0.85,85,95,0.518,0.453,0.874,4,5,,,,,,,1.097,0.718,1.676,1.091,1.142,1.126,,,,Big,0.3,,,1.42,0.15,EuroCup,2021-22,intl
Jerai Grant,155,140,15,7,2,0.0,146,60.3,-60.3,28,46.4,-16.1,30,43.3,63.6,-20.2,0,,0,,,,1.062,0.916,1.233,,,,,,,0.536,93,73,0.355,0.37,1.042,4,4,,,,,,,0.901,0.561,1.446,1.013,0.985,1.08,,,,Wing,0.02,,,-0.35,-0.4,EuroCup,2021-22,intl
Diego Flaccadori,153,109,44,13,14,35.7,120,43.8,-8.0,35,44.3,1.9,24,25.0,46.8,-21.8,0,,0,,,,0.826,0.646,1.056,,,,,,,0.846,85,93,0.506,0.43,0.85,7,5,,,,,,,1.091,0.659,1.805,1.115,1.032,0.864,,,,Wing,-1.19,,,1.03,0.12,EuroCup,2021-22,intl
Joel Parra,153,130,23,10,5,20.0,134,57.1,-37.1,29,46.6,-11.6,10,75.0,54.3,20.7,0,,0,,,,0.951,0.756,1.196,,,,,,,0.575,86,81,0.349,0.469,1.345,3,4,,,,,,,0.892,0.545,1.458,1.068,0.937,0.99,,,,Wing,-0.55,,,-0.18,-0.43,EuroCup,2021-22,intl
Anthony Clemmons,153,131,22,9,8,31.2,112,56.2,-25.0,38,57.9,4.8,19,63.2,53.0,10.2,0,,0,,,,1.177,0.909,1.524,,,,,,,0.611,88,85,0.352,0.435,1.236,4,5,,,,,,,1.038,0.596,1.808,1.245,1.145,1.166,,,,Playmaker,0.33,,,-0.16,0.07,EuroCup,2021-22,intl
Drew Crawford,152,112,40,15,1,150.0,153,53.6,96.4,31,46.8,-9.3,23,34.8,57.6,-22.9,0,,0,,,,0.897,0.77,1.045,,,,,,,0.667,79,93,0.468,0.538,1.148,5,8,,,,,,,0.874,0.56,1.363,1.051,1.133,0.872,,,,Wing,-0.83,,,0.23,-0.48,EuroCup,2021-22,intl
Kevarrius Hayes,152,140,12,7,2,100.0,133,56.4,43.6,20,75.0,21.1,13,23.1,60.7,-37.6,0,,0,,,,1.217,,,,,,,,,0.429,84,77,0.417,0.299,0.717,3,3,,,,,,,0.833,0.464,1.496,0.947,1.203,1.217,,,,Big,1.02,,,-0.41,-0.53,EuroCup,2021-22,intl
Desonta Bradford,152,121,31,10,8,56.2,117,40.6,15.7,46,48.9,11.6,19,28.9,43.9,-14.9,0,,0,,,,1.22,0.984,1.512,,,,,,,0.775,77,100,0.481,0.45,0.936,5,3,,,,,,,1.231,0.693,2.186,1.161,1.285,1.277,,,,Wing,0.84,,,0.71,0.51,EuroCup,2021-22,intl
Jajuan Johnson,152,123,29,12,4,50.0,168,50.3,-0.3,38,52.6,3.0,28,42.9,51.7,-8.9,0,,0,,,,0.927,0.816,1.053,,,,,,,0.604,93,87,0.452,0.506,1.12,4,5,,,,,,,0.845,0.541,1.32,1.024,0.906,0.922,,,,Wing,-0.67,,,-0.05,-0.56,EuroCup,2021-22,intl
Xabi Lopez-Arostegui,151,114,37,11,9,88.9,129,46.1,42.8,33,63.6,19.4,16,34.4,50.8,-16.4,0,,0,,,,1.12,0.953,1.317,,,,,,,0.841,87,90,0.598,0.378,0.632,6,2,,,,,,,0.818,0.477,1.4,1.001,0.903,0.998,,,,,,,,,,EuroCup,2021-22,intl
Jordan Caroline,147,110,37,12,1,100.0,155,48.7,51.3,39,41.0,-10.7,18,41.7,50.0,-8.3,0,,0,,,,1.021,0.911,1.145,,,,,,,0.771,88,85,0.409,0.588,1.438,4,7,,,,,,,0.616,0.366,1.037,1.08,0.938,0.975,,,,Wing,-0.19,,,0.7,-1.19,EuroCup,2021-22,intl
Yam Madar,146,130,16,6,4,25.0,109,54.1,-29.1,44,58.0,8.0,22,36.4,57.1,-20.8,0,,0,,,,1.187,0.913,1.543,,,,,,,0.667,80,78,0.412,0.385,0.932,2,2,,,,,,,0.934,0.5,1.742,1.09,1.421,1.136,,,,Wing,0.67,,,0.23,-0.31,EuroCup,2021-22,intl
Cameron Reynolds,143,83,60,16,10,40.0,192,41.7,-1.7,49,34.7,-9.1,21,28.6,43.1,-14.5,0,,0,,,,1.004,0.889,1.134,,,,,,,0.938,117,107,0.641,0.57,0.889,13,9,,,,,,,1.64,1.035,2.597,1.125,0.891,0.989,,,,Wing,-0.28,,,1.44,1.64,EuroCup,2021-22,intl
Jordan Mcrae,143,116,27,9,0,,133,48.9,,15,36.7,-13.8,22,25.0,53.6,-28.6,0,,0,,,,1.002,0.801,1.254,,,,,,,0.75,98,71,0.408,0.521,1.277,3,5,,,,,,,1.209,0.755,1.937,0.827,0.844,1.041,,,,Wing,-0.29,,,0.6,0.45,EuroCup,2021-22,intl
Djordje Gagic,143,110,33,10,2,100.0,140,51.4,48.6,30,50.0,-2.7,18,33.3,54.8,-21.5,0,,0,,,,0.875,0.726,1.056,,,,,,,0.825,82,79,0.439,0.405,0.923,4,2,,,,,,,1.199,0.86,1.672,1.083,0.847,0.895,,,,,,,,,,EuroCup,2021-22,intl
Nicolas Brussino,142,127,15,6,6,100.0,109,57.8,42.2,22,70.5,12.9,13,50.0,61.3,-11.3,0,,0,,,,1.171,0.936,1.464,,,,,,,0.625,77,74,0.416,0.378,0.91,2,3,,,,,,,0.923,0.496,1.718,1.095,1.09,1.108,,,,Wing,0.59,,,0.04,-0.34,EuroCup,2021-22,intl
Justus Hollatz,141,135,6,2,2,75.0,86,52.3,22.7,23,65.2,16.8,13,26.9,57.3,-30.4,0,,0,,,,1.084,0.606,1.939,,,,,,,0.75,74,69,0.311,0.362,1.166,2,0,,,,,,,1.092,0.399,2.991,1.036,,1.084,,,,Wing,0.14,,,0.6,0.13,EuroCup,2021-22,intl
Vytenis Lipkevicius,141,122,19,7,5,40.0,106,59.0,-19.0,29,60.3,3.0,22,56.8,58.4,-1.6,0,,0,,,,1.195,0.953,1.498,,,,,,,0.679,78,72,0.397,0.403,1.013,2,1,,,,,,,0.611,0.287,1.3,1.403,1.102,1.216,,,,Wing,0.71,,,0.29,-1.2,EuroCup,2021-22,intl
Tomer Ginat,137,109,28,9,2,50.0,123,52.4,-2.4,24,54.2,2.2,17,38.2,54.6,-16.4,0,,0,,,,0.929,0.736,1.172,,,,,,,0.778,87,68,0.402,0.426,1.06,7,2,,,,,,,0.77,0.454,1.305,1.162,0.931,0.956,,,,Wing,-0.66,,,0.73,-0.76,EuroCup,2021-22,intl
Vladimir Micov,137,93,44,12,2,50.0,136,41.9,8.1,28,58.9,21.2,23,39.1,42.6,-3.5,0,,0,,,,0.99,0.848,1.155,,,,,,,0.917,79,84,0.544,0.512,0.94,6,6,,,,,,,0.964,0.587,1.583,0.89,0.884,0.947,,,,Wing,-0.35,,,1.35,-0.23,EuroCup,2021-22,intl
Abdul Gaddy,135,113,22,8,2,0.0,95,33.7,-33.7,23,23.9,-11.9,28,25.0,36.2,-11.2,0,,0,,,,1.209,0.898,1.626,,,,,,,0.688,78,71,0.41,0.493,1.202,4,5,,,,,,,0.885,0.4,1.96,1.14,1.282,1.231,,,,Playmaker,0.49,,,0.17,-0.45,EuroCup,2021-22,intl
Hugo Benitez,134,120,14,4,0,,84,48.8,,21,35.7,-17.5,16,37.5,51.5,-14.0,0,,0,,,,1.451,1.054,1.996,,,,,,,0.875,65,78,0.277,0.372,1.343,1,2,,,,,,,1.144,0.63,2.077,0.877,1.747,1.436,,,,Wing,2.03,,,1.16,0.27,EuroCup,2021-22,intl
Keith Hornsby,132,112,20,8,5,80.0,115,59.6,20.4,38,59.2,-1.8,14,57.1,60.8,-3.7,0,,0,,,,0.852,0.632,1.15,,,,,,,0.625,69,78,0.377,0.436,1.157,2,5,,,,,,,1.183,0.767,1.824,1.034,0.915,0.925,,,,Wing,-1.06,,,0.04,0.38,EuroCup,2021-22,intl
Isaia Cordinier,131,107,24,8,2,75.0,118,56.4,18.6,39,55.1,-2.3,9,61.1,56.3,4.8,0,,0,,,,1.101,0.921,1.318,,,,,,,0.75,70,78,0.371,0.423,1.139,2,2,,,,,,,1.033,0.681,1.568,1.141,1.043,1.085,,,,Wing,0.22,,,0.6,-0.04,EuroCup,2021-22,intl
Vladimir Brodziansky,131,116,15,6,1,0.0,123,63.4,-63.4,35,70.0,9.9,21,50.0,65.5,-15.5,0,,0,,,,0.995,0.806,1.229,,,,,,,0.625,69,72,0.406,0.389,0.958,2,3,,,,,,,1.11,0.698,1.765,1.023,1.143,1.028,,,,Big,-0.24,,,0.44,0.18,EuroCup,2021-22,intl
David Michineau,131,117,14,5,6,16.7,98,48.5,-31.8,41,51.2,7.6,11,31.8,48.4,-16.6,0,,0,,,,1.194,0.937,1.521,,,,,,,0.7,72,68,0.417,0.441,1.059,2,2,,,,,,,0.921,0.453,1.873,1.0,1.387,1.163,,,,Wing,0.7,,,0.38,-0.35,EuroCup,2021-22,intl
Kevin Hervey,129,115,14,7,4,25.0,109,48.6,-23.6,27,33.3,-19.0,12,54.2,47.0,7.1,0,,0,,,,0.944,0.667,1.336,,,,,,,0.5,67,79,0.418,0.456,1.09,2,4,,,,,,,1.305,0.749,2.273,0.787,0.768,1.057,,,,Wing,-0.59,,,-0.51,0.72,EuroCup,2021-22,intl
Jaime Pradilla,128,128,0,0,1,100.0,101,74.3,25.7,12,95.8,24.2,11,72.7,74.7,-2.0,0,,0,,,,,,,,,,,,,,71,57,0.225,0.228,1.012,0,0,,,,,,,,,,1.054,,,,,,Wing,,,,,,EuroCup,2021-22,intl
Johnathan Williams,127,104,23,9,5,80.0,120,52.1,27.9,27,66.7,17.2,16,62.5,51.8,10.7,0,,0,,,,1.016,0.851,1.213,,,,,,,0.639,65,79,0.523,0.354,0.678,4,3,,,,,,,1.088,0.696,1.7,0.968,1.064,1.023,,,,Big,-0.12,,,0.5,0.13,EuroCup,2021-22,intl
Derek Willis,127,106,21,7,1,150.0,110,59.1,90.9,29,58.6,-1.7,16,37.5,63.7,-26.2,0,,0,,,,0.961,0.743,1.245,,,,,,,0.75,76,62,0.355,0.403,1.135,2,4,,,,,,,1.094,0.717,1.669,0.888,1.04,0.988,,,,Wing,-0.5,,,0.6,0.13,EuroCup,2021-22,intl
Nikolaos Rogkavopoulos,127,105,22,10,1,0.0,117,55.1,-55.1,24,39.6,-18.9,10,25.0,57.4,-32.4,0,,0,,,,1.265,,,,,,,,,0.55,84,56,0.464,0.5,1.077,5,3,,,,,,,0.794,0.436,1.448,1.141,1.222,1.265,,,,,,,,,,EuroCup,2021-22,intl
Jakub Karolak,126,89,37,12,5,30.0,128,49.2,-19.2,31,37.1,-14.9,9,50.0,48.4,1.6,0,,0,,,,0.921,0.788,1.076,,,,,,,0.771,72,77,0.611,0.545,0.893,8,4,,,,,,,0.597,0.313,1.141,1.05,0.913,0.924,,,,Wing,-0.7,,,0.7,-1.24,EuroCup,2021-22,intl
Seth Hinrichs,125,119,6,4,0,,81,55.6,,19,60.5,6.5,10,50.0,56.3,-6.3,0,,0,,,,1.087,0.606,1.948,,,,,,,0.375,69,60,0.304,0.283,0.931,1,1,,,,,,,0.445,0.081,2.46,1.228,1.615,1.087,,,,Wing,0.15,,,-1.07,-1.66,EuroCup,2021-22,intl
Aleksander Dziewa,125,93,32,12,6,50.0,127,52.8,-2.8,40,55.0,3.4,24,41.7,55.0,-13.4,0,,0,,,,0.897,0.735,1.095,,,,,,,0.667,70,82,0.457,0.439,0.96,4,5,,,,,,,1.234,0.86,1.771,1.024,1.021,0.957,,,,Wing,-0.83,,,0.23,0.52,EuroCup,2021-22,intl
Miquel Salvo,124,123,1,1,1,0.0,93,66.1,-66.1,20,55.0,-13.2,5,80.0,64.6,15.4,0,,0,,,,1.337,,,,,,,,,0.25,67,58,0.284,0.379,1.338,0,0,,,,,,,1.804,,,1.042,,1.337,,,,Wing,1.44,,,-1.63,2.1,EuroCup,2021-22,intl
Sam Van Rossom,124,104,20,7,8,75.0,75,62.7,12.3,30,75.0,17.5,9,33.3,67.6,-34.2,0,,0,,,,1.09,0.762,1.56,,,,,,,0.714,58,78,0.259,0.385,1.487,0,5,,,,,,,1.316,0.794,2.18,1.267,0.537,0.936,,,,Playmaker,-0.11,,,0.28,1.01,EuroCup,2021-22,intl
Zach Auguste,123,120,3,3,0,,107,69.2,,35,55.7,-20.0,5,50.0,70.1,-20.1,0,,0,,,,1.188,,,,,,,,,0.25,48,78,0.188,0.321,1.709,0,3,,,,,,,1.443,,,1.132,,1.188,,,,Big,0.85,,,-1.19,1.04,EuroCup,2021-22,intl
John Shurna,122,115,7,3,8,62.5,101,65.8,-3.3,21,64.3,-1.6,13,50.0,67.7,-17.7,0,,0,,,,1.173,,,,,,,,,0.583,67,59,0.343,0.475,1.382,1,1,,,,,,,1.077,0.552,2.1,1.146,,1.173,,,,Wing,0.6,,,-0.14,0.09,EuroCup,2021-22,intl
Pierre Pelos,122,100,22,8,2,50.0,117,64.5,-14.5,31,48.4,-21.5,19,47.4,67.5,-20.1,0,,0,,,,0.899,0.731,1.105,,,,,,,0.688,67,66,0.403,0.424,1.053,3,3,,,,,,,0.991,0.631,1.557,1.091,1.01,0.879,,,,Wing,-0.82,,,0.33,-0.15,EuroCup,2021-22,intl
Allerik Freeman,122,99,23,9,8,50.0,117,56.8,-6.8,39,52.6,-5.6,19,36.8,59.9,-23.1,0,,0,,,,1.035,0.837,1.28,,,,,,,0.639,70,82,0.443,0.439,0.991,4,6,,,,,,,0.875,0.493,1.555,1.077,0.901,1.072,,,,Wing,-0.12,,,0.11,-0.47,EuroCup,2021-22,intl
Johnathan Motley,121,116,5,3,1,100.0,112,63.4,36.6,9,88.9,27.4,3,33.3,64.5,-31.2,0,,0,,,,1.105,,,,,,,,,0.417,86,38,0.326,0.368,1.132,1,2,,,,,,,0.609,0.206,1.797,1.011,,1.105,,,,Big,0.38,,,-0.46,-1.11,EuroCup,2021-22,intl
Alen Omic,121,117,4,2,2,50.0,83,73.5,-23.5,9,72.2,-0.8,11,63.6,74.3,-10.7,0,,0,,,,0.722,0.269,1.939,,,,,,,0.5,73,50,0.219,0.16,0.73,2,0,,,,,,,1.373,,,1.125,,0.722,,,,Big,-1.78,,,-0.1,0.86,EuroCup,2021-22,intl
Marko Jagodic-Kuridza,121,104,17,8,3,100.0,99,41.4,58.6,15,43.3,0.2,22,43.2,43.1,0.1,0,,0,,,,1.224,0.991,1.511,,,,,,,0.531,85,48,0.459,0.521,1.135,5,0,,,,,,,1.429,0.819,2.493,1.163,1.356,1.248,,,,Wing,0.86,,,-0.37,1.06,EuroCup,2021-22,intl
Can Ogut,119,112,7,8,1,0.0,76,40.1,-40.1,13,11.5,-33.8,18,44.4,38.1,6.3,0,,0,,,,1.524,1.081,2.149,,,,,,,0.219,77,50,0.403,0.46,1.143,3,2,,,,,,,1.0,0.306,3.268,1.245,1.704,1.524,,,,Playmaker,2.11,,,-1.82,-0.06,EuroCup,2021-22,intl
Nikola Radicevic,118,98,20,7,5,40.0,78,38.5,1.5,24,31.2,-10.3,9,66.7,35.1,31.5,0,,0,,,,1.602,1.233,2.081,,,,,,,0.714,69,68,0.391,0.397,1.015,4,3,,,,,,,0.695,0.312,1.55,1.635,1.174,1.583,,,,Wing,2.81,,,0.44,-0.97,EuroCup,2021-22,intl
Lukasz Kolenda,118,89,29,10,4,37.5,94,37.2,0.3,32,29.7,-11.2,11,13.6,40.2,-26.6,0,,0,,,,1.144,0.888,1.474,,,,,,,0.725,59,78,0.508,0.474,0.933,5,3,,,,,,,1.676,0.902,3.116,1.042,1.03,1.118,,,,Wing,0.45,,,0.49,1.74,EuroCup,2021-22,intl
Aubrey Dawkins,118,95,23,6,7,71.4,103,64.1,7.4,35,67.1,3.8,13,73.1,63.4,9.7,0,,0,,,,0.983,0.826,1.171,,,,,,,0.958,57,67,0.456,0.418,0.916,2,3,,,,,,,0.715,0.405,1.263,0.942,0.967,0.983,,,,Wing,-0.38,,,1.53,-0.92,EuroCup,2021-22,intl
Louis Labeyrie,118,88,30,10,3,0.0,119,56.3,-56.3,33,54.5,-0.5,14,57.1,54.6,2.5,0,,0,,,,0.953,0.816,1.113,,,,,,,0.75,68,67,0.544,0.418,0.768,8,2,,,,,,,0.952,0.615,1.475,0.895,0.904,0.943,,,,Big,-0.47,,,0.98,-0.22,EuroCup,2021-22,intl
Victor Sanders,118,95,23,9,6,33.3,110,44.1,-10.8,36,38.9,-6.7,13,19.2,46.6,-27.4,0,,0,,,,1.172,0.993,1.383,,,,,,,0.639,70,73,0.543,0.479,0.883,4,4,,,,,,,1.566,0.972,2.523,0.918,1.28,1.132,,,,Wing,0.59,,,0.11,1.44,EuroCup,2021-22,intl
Jacorey Williams,117,116,1,4,8,75.0,99,58.6,16.4,28,60.7,1.2,15,40.0,63.0,-23.0,0,,0,,,,1.137,,,,,,,,,0.062,67,54,0.313,0.407,1.3,0,2,,,,,,,1.619,,,1.097,,1.137,,,,Wing,0.41,,,-2.47,1.59,EuroCup,2021-22,intl
Simon Birgander,116,112,4,1,1,100.0,98,64.3,35.7,19,73.7,11.2,13,69.2,64.0,5.3,0,,0,,,,1.217,,,,,,,,,1.0,58,61,0.328,0.262,0.801,1,0,,,,,,,0.377,0.069,2.071,0.847,1.217,1.225,,,,Big,1.02,,,2.07,-1.71,EuroCup,2021-22,intl
Calvin Harris Jr.,116,103,13,5,11,68.2,80,58.8,9.4,21,66.7,8.8,15,43.3,63.2,-19.8,0,,0,,,,1.285,1.054,1.566,,,,,,,0.65,61,64,0.443,0.297,0.671,2,2,,,,,,,1.199,0.704,2.042,1.004,,1.077,,,,,,,,,,EuroCup,2021-22,intl
Mike Tobey,115,95,20,8,5,40.0,118,61.9,-21.9,22,59.1,-2.3,7,35.7,62.5,-26.8,0,,0,,,,1.026,0.914,1.151,,,,,,,0.625,82,49,0.439,0.388,0.883,5,2,,,,,,,0.961,0.632,1.462,0.968,0.945,1.036,,,,Big,-0.06,,,0.44,-0.2,EuroCup,2021-22,intl
Nikolaos Gkikas,115,105,10,3,2,0.0,64,40.6,-40.6,18,27.8,-16.0,7,21.4,41.5,-20.1,0,,0,,,,1.817,1.37,2.411,,,,,,,0.833,47,73,0.255,0.466,1.824,0,3,,,,,,,1.02,0.374,2.78,1.161,1.871,1.851,,,,Wing,3.92,,,0.97,-0.07,EuroCup,2021-22,intl
Zoran Dragic,113,95,18,7,2,75.0,102,50.5,24.5,16,43.8,-8.5,5,60.0,50.5,9.5,0,,0,,,,1.126,0.928,1.366,,,,,,,0.643,61,65,0.443,0.462,1.043,4,3,,,,,,,1.339,0.854,2.101,1.025,0.943,1.152,,,,Wing,0.35,,,0.13,0.81,EuroCup,2021-22,intl
Julyan Stone,112,107,5,6,5,40.0,70,44.3,-4.3,21,26.2,-24.7,18,22.2,50.9,-28.7,0,,0,,,,1.317,0.828,2.094,,,,,,,0.208,64,54,0.359,0.519,1.443,0,2,,,,,,,0.707,0.125,3.981,1.384,,1.317,,,,Wing,1.34,,,-1.82,-0.94,EuroCup,2021-22,intl
Edin Atic,112,95,17,5,4,100.0,92,47.3,52.7,25,54.0,6.1,11,81.8,45.3,36.5,0,,0,,,,1.181,0.958,1.455,,,,,,,0.85,50,73,0.42,0.479,1.142,0,4,,,,,,,0.557,0.232,1.334,0.909,1.053,1.156,,,,Wing,0.64,,,1.05,-1.35,EuroCup,2021-22,intl
Guillem Vives,112,98,14,5,0,,65,41.5,,15,53.3,15.3,12,29.2,44.3,-15.2,0,,0,,,,1.4,0.897,2.186,,,,,,,0.7,76,48,0.342,0.375,1.096,3,1,,,,,,,1.429,0.611,3.342,0.725,,1.592,,,,Wing,1.77,,,0.38,1.06,EuroCup,2021-22,intl
Dovydas Giedraitis,111,75,36,10,5,80.0,106,46.7,33.3,24,66.7,23.6,18,41.7,49.5,-7.8,0,,0,,,,0.989,0.801,1.221,,,,,,,0.9,82,53,0.476,0.547,1.15,7,3,,,,,,,1.191,0.715,1.984,1.197,1.005,1.067,,,,Wing,-0.35,,,1.27,0.4,EuroCup,2021-22,intl
Lukas Meisner,111,83,28,10,1,0.0,119,50.4,-50.4,38,59.2,13.5,14,57.1,49.1,8.1,0,,0,,,,1.127,1.006,1.263,,,,,,,0.7,65,74,0.508,0.527,1.038,3,6,,,,,,,1.227,0.779,1.932,1.046,1.087,1.073,,,,Wing,0.36,,,0.38,0.5,EuroCup,2021-22,intl
Fedor Zugic,110,88,22,9,2,125.0,106,54.2,70.8,34,50.0,-8.1,11,36.4,57.7,-21.4,0,,0,,,,0.935,0.756,1.156,,,,,,,0.611,63,60,0.524,0.467,0.891,3,3,,,,,,,1.156,0.72,1.857,1.077,1.156,0.967,,,,Wing,-0.63,,,-0.02,0.3,EuroCup,2021-22,intl
Jeff Brooks,110,109,1,2,1,0.0,92,57.6,-57.6,21,73.8,21.7,21,69.0,53.5,15.6,0,,0,,,,1.211,,,,,,,,,0.125,62,50,0.419,0.38,0.906,0,1,,,,,,,1.915,,,1.01,,1.211,,,,Wing,0.79,,,-2.19,2.4,EuroCup,2021-22,intl
Sindarius Thornwell,109,79,30,9,10,40.0,93,44.6,-4.6,19,65.8,26.5,12,58.3,42.3,16.0,0,,0,,,,1.009,0.799,1.275,,,,,,,0.833,67,65,0.493,0.523,1.062,5,4,,,,,,,0.949,0.495,1.819,0.787,1.086,1.021,,,,Wing,-0.25,,,0.97,-0.27,EuroCup,2021-22,intl
Petar Popovic,108,101,7,4,6,41.7,85,59.4,-17.7,28,60.7,3.6,11,54.5,58.8,-4.2,0,,0,,,,0.88,0.546,1.419,,,,,,,0.438,65,49,0.4,0.367,0.918,2,0,,,,,,,1.144,0.543,2.41,0.962,1.261,0.821,,,,Big,-0.89,,,-0.37,0.27,EuroCup,2021-22,intl
Chris Kramer,107,96,11,4,1,0.0,79,46.8,-46.8,12,25.0,-25.0,19,36.8,49.2,-12.3,0,,0,,,,0.77,0.442,1.341,,,,,,,0.688,77,38,0.416,0.368,0.887,4,1,,,,,,,1.097,0.473,2.544,0.859,,0.748,,,,Wing,-1.48,,,0.33,0.14,EuroCup,2021-22,intl
Jordan Theodore,106,93,13,8,4,37.5,86,55.2,-17.7,21,38.1,-21.3,22,45.5,57.4,-11.9,0,,0,,,,1.157,0.89,1.505,,,,,,,0.406,72,48,0.333,0.479,1.438,3,5,,,,,,,0.909,0.456,1.812,1.21,1.0,1.118,,,,Playmaker,0.23,,,-1.03,-0.37,EuroCup,2021-22,intl
Melvin Ejim,106,87,19,7,12,33.3,83,63.9,-30.5,28,67.9,11.1,8,12.5,64.4,-51.9,0,,0,,,,1.093,0.872,1.371,,,,,,,0.679,58,60,0.466,0.317,0.68,4,3,,,,,,,1.28,0.859,1.905,1.018,1.267,1.121,,,,Wing,0.18,,,0.29,0.65,EuroCup,2021-22,intl
Artem Pustovyi,106,100,6,5,6,33.3,99,62.6,-29.3,25,36.0,-32.8,9,44.4,62.5,-18.1,0,,0,,,,1.075,,,,,,,,,0.3,57,55,0.298,0.436,1.463,1,4,,,,,,,0.508,0.162,1.591,1.099,1.07,1.075,,,,Big,0.21,,,-0.97,-1.37,EuroCup,2021-22,intl
Karim Jallow,104,85,19,8,3,33.3,102,49.0,-15.7,21,66.7,22.6,16,53.1,47.8,5.4,0,,0,,,,0.883,0.692,1.126,,,,,,,0.594,66,53,0.561,0.396,0.707,4,0,,,,,,,1.583,1.015,2.469,0.879,1.139,0.924,,,,Wing,-0.9,,,-0.09,1.49,EuroCup,2021-22,intl
Alexandre Chassang,104,84,20,7,6,66.7,83,57.2,9.4,20,77.5,25.3,18,41.7,62.0,-20.3,0,,0,,,,0.891,0.655,1.212,,,,,,,0.714,64,49,0.453,0.327,0.721,4,0,,,,,,,0.832,0.435,1.591,1.071,0.842,0.92,,,,Wing,-0.86,,,0.44,-0.59,EuroCup,2021-22,intl
Wesley Saunders,103,76,27,8,5,20.0,97,45.9,-25.9,27,48.1,4.8,19,26.3,48.8,-22.5,0,,0,,,,1.135,0.976,1.32,,,,,,,0.844,67,51,0.463,0.51,1.102,3,5,,,,,,,1.329,0.872,2.025,1.108,1.024,1.147,,,,Playmaker,0.12,,,0.83,1.05,EuroCup,2021-22,intl
Mario Nakic,103,94,9,6,0,,93,48.9,,22,40.9,-10.5,5,20.0,50.6,-30.6,0,,0,,,,1.221,,,,,,,,,0.375,64,47,0.391,0.574,1.471,0,3,,,,,,,1.51,0.892,2.554,1.034,1.2,1.221,,,,Wing,0.84,,,-1.07,1.28,EuroCup,2021-22,intl
Lahaou Konate,102,99,3,3,2,0.0,67,63.4,-63.4,12,58.3,-3.9,12,58.3,62.3,-3.9,0,,0,,,,1.031,0.457,2.326,,,,,,,0.25,60,45,0.367,0.311,0.848,1,0,,,,,,,1.0,0.245,4.085,0.977,0.761,1.031,,,,Wing,-0.14,,,-1.63,-0.13,EuroCup,2021-22,intl
Kaspars Berzins,100,88,12,7,1,0.0,97,54.1,-54.1,12,70.8,19.7,10,70.0,51.7,18.3,0,,0,,,,1.008,0.84,1.211,,,,,,,0.429,76,33,0.513,0.515,1.004,4,1,,,,,,,1.039,0.519,2.078,0.839,,1.021,,,,Big,-0.16,,,-0.41,0.0,EuroCup,2021-22,intl
Willie Reed,99,84,15,6,3,100.0,103,58.7,41.3,17,52.9,-8.3,13,30.8,64.0,-33.2,0,,0,,,,1.063,,,,,,,,,0.625,63,48,0.365,0.417,1.141,3,3,,,,,,,1.207,0.848,1.718,0.969,1.052,1.063,,,,Big,0.15,,,0.44,0.43,EuroCup,2021-22,intl
Andres Feliz,99,94,5,2,1,0.0,65,56.2,-56.2,12,54.2,-1.4,13,57.7,54.7,3.0,0,,0,,,,0.606,0.205,1.792,,,,,,,0.625,54,49,0.333,0.347,1.041,1,0,,,,,,,1.033,0.252,4.231,0.613,0.77,0.65,,,,Playmaker,-2.59,,,-0.1,0.05,EuroCup,2021-22,intl
Austin Daye,99,89,10,6,5,50.0,88,68.2,-18.2,32,60.9,-9.6,19,89.5,61.5,28.0,0,,0,,,,1.027,0.823,1.281,,,,,,,0.417,48,57,0.312,0.491,1.572,1,4,,,,,,,0.369,0.107,1.269,1.133,1.141,1.027,,,,Big,-0.06,,,-0.46,-1.73,EuroCup,2021-22,intl
Khalifa Diop,98,92,6,3,4,75.0,75,57.3,17.7,20,50.0,-11.0,7,57.1,58.3,-1.2,0,,0,,,,1.095,0.752,1.595,,,,,,,0.5,45,57,0.289,0.351,1.215,2,1,,,,,,,0.977,0.466,2.046,1.412,0.862,1.127,,,,Big,0.33,,,-0.1,-0.16,EuroCup,2021-22,intl
Philipp Herkenhoff,98,76,22,9,5,60.0,87,56.9,3.1,25,92.0,48.0,9,50.0,57.8,-7.8,0,,0,,,,0.987,0.791,1.232,,,,,,,0.611,46,64,0.522,0.406,0.779,4,4,,,,,,,1.25,0.76,2.055,1.036,1.098,1.003,,,,Big,-0.28,,,0.38,0.55,EuroCup,2021-22,intl
Toto Forray,98,74,24,7,2,0.0,80,41.2,-41.2,16,31.2,-11.2,11,27.3,42.3,-15.0,0,,0,,,,0.897,0.656,1.227,,,,,,,0.857,63,46,0.46,0.522,1.133,4,3,,,,,,,0.625,0.252,1.55,1.057,0.66,0.961,,,,Playmaker,-1.1,,,0.89,-1.33,EuroCup,2021-22,intl
Jakarr Sampson,97,91,6,2,0,,93,63.4,,22,68.2,6.2,12,50.0,65.4,-15.4,0,,0,,,,0.882,0.614,1.265,,,,,,,0.75,58,41,0.345,0.341,0.99,0,0,,,,,,,1.251,0.785,1.994,0.972,,0.882,,,,Big,-0.88,,,0.98,0.55,EuroCup,2021-22,intl
Dallas Moore,96,89,7,4,1,0.0,82,61.0,-61.0,18,75.0,18.8,13,46.2,62.9,-16.7,0,,0,,,,1.045,0.761,1.436,,,,,,,0.438,54,46,0.5,0.348,0.696,0,1,,,,,,,1.738,1.13,2.673,1.078,,1.045,,,,Playmaker,-0.34,,,-0.89,2.44,EuroCup,2021-22,intl
Victor Arteaga,95,88,7,5,0,,95,63.2,,18,72.2,11.2,11,54.5,64.3,-9.7,0,,0,,,,1.073,,,,,,,,,0.35,52,50,0.385,0.3,0.78,0,2,,,,,,,1.326,0.942,1.867,0.807,0.801,0.955,,,,Big,0.2,,,-0.75,0.74,EuroCup,2021-22,intl
Cristiano Felicio,94,78,16,6,6,66.7,83,57.8,8.8,26,57.7,-1.0,7,28.6,61.0,-32.4,0,,0,,,,0.905,0.707,1.159,,,,,,,0.667,54,46,0.315,0.457,1.45,1,4,,,,,,,1.002,0.627,1.6,1.022,1.131,0.905,,,,Big,-0.75,,,0.62,-0.09,EuroCup,2021-22,intl
Ivan Ramljak,94,80,14,4,0,,75,54.0,,13,50.0,-4.8,9,38.9,56.1,-17.2,0,,0,,,,1.162,0.905,1.493,,,,,,,0.875,52,49,0.346,0.367,1.061,2,1,,,,,,,0.922,0.5,1.701,1.09,1.004,1.037,,,,Wing,0.54,,,1.16,-0.34,EuroCup,2021-22,intl
Samet Geyik,94,85,9,6,1,0.0,82,54.9,-54.9,15,33.3,-25.5,13,26.9,59.3,-32.4,0,,0,,,,1.095,0.851,1.41,,,,,,,0.375,53,47,0.358,0.489,1.365,0,2,,,,,,,1.198,0.669,2.145,1.076,,1.095,,,,Big,0.33,,,-0.65,0.41,EuroCup,2021-22,intl
Michael Bramos,94,72,22,10,2,75.0,92,51.1,23.9,25,48.0,-4.9,17,44.1,53.2,-9.1,0,,0,,,,0.897,0.702,1.146,,,,,,,0.55,58,53,0.517,0.491,0.948,3,4,,,,,,,0.81,0.401,1.637,1.024,1.006,0.946,,,,Wing,-0.83,,,-0.29,-0.65,EuroCup,2021-22,intl
Amar Alibegovic,93,83,10,7,2,75.0,87,47.7,27.3,29,55.2,10.2,11,40.9,49.4,-8.4,0,,0,,,,0.897,0.652,1.234,,,,,,,0.357,49,51,0.571,0.49,0.858,2,2,,,,,,,1.194,0.568,2.509,0.91,1.129,0.897,,,,Big,-0.79,,,-0.72,0.4,EuroCup,2021-22,intl
Alen Smailagic,92,77,15,8,1,150.0,83,49.4,100.6,19,57.9,9.4,14,42.9,52.1,-9.3,0,,0,,,,1.159,0.974,1.38,,,,,,,0.469,53,47,0.472,0.468,0.992,2,2,,,,,,,0.857,0.446,1.649,1.166,1.225,1.159,,,,Big,0.69,,,-0.24,-0.47,EuroCup,2021-22,intl
Nenad Dimitrijevic,91,87,4,4,4,0.0,54,41.7,-41.7,16,12.5,-36.3,6,33.3,39.4,-6.1,0,,0,,,,1.359,0.749,2.469,,,,,,,0.25,54,45,0.296,0.444,1.5,1,3,,,,,,,0.8,0.156,4.103,1.267,1.312,1.51,,,,Playmaker,1.26,,,-1.69,-0.74,EuroCup,2021-22,intl
Robin Christen,90,68,22,8,1,0.0,89,49.4,-49.4,26,63.5,20.5,9,83.3,45.1,38.3,0,,0,,,,0.838,0.638,1.1,,,,,,,0.688,51,55,0.608,0.473,0.778,4,2,,,,,,,1.405,0.772,2.555,0.87,1.195,0.854,,,,Wing,-1.13,,,0.33,0.99,EuroCup,2021-22,intl
Metin Turen,89,80,9,6,3,33.3,80,49.4,-16.0,19,55.3,8.4,14,32.1,52.2,-20.0,0,,0,,,,1.212,,,,,,,,,0.375,56,42,0.482,0.5,1.037,3,1,,,,,,,1.264,0.664,2.409,0.837,,1.212,,,,Big,0.99,,,-0.65,0.58,EuroCup,2021-22,intl
Gabrielius Maldunas,88,86,2,3,1,0.0,74,56.8,-56.8,15,46.7,-11.7,13,53.8,56.5,-2.6,0,,0,,,,1.229,,,,,,,,,0.167,47,44,0.383,0.341,0.89,1,1,,,,,,,0.854,0.211,3.461,1.174,,1.229,,,,,,,,,,EuroCup,2021-22,intl
Conor Morgan,88,71,17,7,1,150.0,88,58.0,92.0,23,73.9,20.1,13,84.6,54.6,30.0,0,,0,,,,0.964,0.799,1.162,,,,,,,0.607,45,52,0.667,0.365,0.548,2,0,,,,,,,0.948,0.523,1.718,0.939,0.863,0.977,,,,Wing,-0.48,,,-0.04,-0.27,EuroCup,2021-22,intl
Brandon Paul,88,69,19,10,5,30.0,88,48.9,-18.9,21,38.1,-12.6,8,18.8,50.6,-31.8,0,,0,,,,1.147,0.986,1.334,,,,,,,0.475,61,46,0.525,0.609,1.16,6,4,,,,,,,1.295,0.735,2.282,1.22,0.926,1.162,,,,Wing,0.46,,,-0.62,0.69,EuroCup,2021-22,intl
Dario Hunt,87,84,3,4,1,0.0,75,53.3,-53.3,17,58.8,8.0,8,37.5,54.4,-16.9,0,,0,,,,0.8,0.357,1.791,,,,,,,0.188,53,38,0.396,0.395,0.996,1,1,,,,,,,0.897,0.221,3.645,1.112,,0.8,,,,Wing,-1.33,,,-1.9,-0.41,EuroCup,2021-22,intl
Josep Puerto,85,70,15,8,4,37.5,76,44.1,-6.6,18,27.8,-20.6,9,55.6,42.3,13.3,0,,0,,,,1.126,0.948,1.338,,,,,,,0.469,44,49,0.568,0.551,0.97,3,2,,,,,,,0.901,0.417,1.947,1.032,0.972,1.126,,,,Wing,0.35,,,-0.65,-0.4,EuroCup,2021-22,intl
Tornike Shengelia,84,64,20,7,1,0.0,64,43.8,-43.8,9,61.1,20.9,10,15.0,48.2,-33.2,0,,0,,,,1.347,1.0,1.816,,,,,,,0.714,51,44,0.333,0.5,1.5,2,4,,,,,,,1.039,0.532,2.029,1.314,1.517,1.37,,,,Wing,1.49,,,0.44,-0.02,EuroCup,2021-22,intl
Balsa Koprivica,83,77,6,3,0,,76,63.2,,17,58.8,-5.6,4,50.0,63.9,-13.9,0,,0,,,,0.944,0.654,1.362,,,,,,,0.5,41,46,0.317,0.326,1.028,1,2,,,,,,,0.289,0.05,1.682,1.061,0.856,0.809,,,,Big,-0.53,,,-0.1,-1.93,EuroCup,2021-22,intl
Octavius Ellis,83,83,0,0,2,50.0,64,71.9,-21.9,24,75.0,6.0,4,100.0,69.4,30.6,0,,0,,,,,,,,,,,,,,37,46,0.27,0.196,0.724,0,0,,,,,,,,,,1.087,,,,,,Big,,,,,,EuroCup,2021-22,intl
Andrea Mezzanotte,82,71,11,4,0,,78,57.7,,18,50.0,-10.0,7,64.3,57.0,7.2,0,,0,,,,1.145,,,,,,,,,0.688,45,43,0.467,0.512,1.096,2,1,,,,,,,1.301,0.704,2.403,1.057,1.134,1.046,,,,Wing,0.45,,,0.33,0.71,EuroCup,2021-22,intl
David Jelinek,82,72,10,6,5,60.0,74,55.4,4.6,15,56.7,1.2,10,30.0,59.4,-29.4,0,,0,,,,1.18,,,,,,,,,0.417,50,40,0.5,0.525,1.05,2,2,,,,,,,0.61,0.229,1.626,1.03,1.159,1.18,,,,Wing,0.63,,,-0.88,-1.21,EuroCup,2021-22,intl
Michele Vitali,82,73,9,5,1,0.0,69,59.4,-59.4,17,47.1,-15.2,12,41.7,62.1,-20.4,0,,0,,,,0.825,0.513,1.327,,,,,,,0.45,42,45,0.381,0.511,1.342,0,3,,,,,,,0.678,0.212,2.165,0.905,1.254,0.825,,,,Wing,-1.2,,,-0.74,-1.02,EuroCup,2021-22,intl
Maximilian Di Leo,82,74,8,7,1,100.0,66,36.4,63.6,15,73.3,46.4,8,18.8,39.8,-21.1,0,,0,,,,0.925,0.529,1.619,,,,,,,0.286,49,45,0.49,0.511,1.044,2,1,,,,,,,,,,1.429,1.165,1.036,,,,,,,,,,EuroCup,2021-22,intl
Kendrick Perry,81,62,19,7,2,0.0,70,52.9,-52.9,26,42.3,-14.2,10,80.0,46.8,33.2,0,,0,,,,1.321,1.049,1.664,,,,,,,0.679,45,52,0.378,0.5,1.324,3,5,,,,,,,0.588,0.265,1.304,1.375,1.279,1.249,,,,Playmaker,1.07,,,0.13,-1.45,EuroCup,2021-22,intl
Mathias Lessort,81,78,3,2,4,100.0,67,61.2,38.8,23,78.3,22.0,2,50.0,63.8,-13.8,0,,0,,,,1.182,,,,,,,,,0.375,43,40,0.349,0.275,0.788,0,0,,,,,,,0.5,0.1,2.5,1.118,,1.182,,,,Wing,0.64,,,-1.07,-1.51,EuroCup,2021-22,intl
Gregor Glas,80,70,10,4,2,50.0,64,47.7,2.3,23,41.3,-9.9,9,33.3,50.0,-16.7,0,,0,,,,1.26,0.977,1.625,,,,,,,0.625,35,54,0.429,0.463,1.08,2,2,,,,,,,1.389,0.707,2.73,0.791,1.377,1.283,,,,Wing,1.04,,,0.04,0.95,EuroCup,2021-22,intl
Per Guenther,79,76,3,3,2,75.0,52,39.4,35.6,10,30.0,-13.2,7,21.4,43.6,-22.2,0,,0,,,,1.583,,,,,,,,,0.25,52,30,0.423,0.5,1.182,0,0,,,,,,,1.0,0.192,5.205,0.993,,1.583,,,,Playmaker,2.41,,,-1.69,-0.06,EuroCup,2021-22,intl
Amine Noua,79,71,8,7,2,50.0,78,46.8,3.2,14,42.9,-4.9,11,22.7,50.7,-28.0,0,,0,,,,1.109,,,,,,,,,0.286,55,33,0.509,0.576,1.131,2,0,,,,,,,1.185,0.56,2.509,0.92,1.118,1.117,,,,Wing,0.27,,,-1.47,0.38,EuroCup,2021-22,intl
Ray Mccallum,78,58,20,6,1,0.0,84,41.1,-41.1,20,15.0,-33.5,10,20.0,43.3,-23.3,0,,0,,,,1.079,0.826,1.409,,,,,,,0.833,56,51,0.446,0.588,1.318,3,5,,,,,,,0.896,0.434,1.848,0.981,0.879,1.156,,,,Playmaker,-0.17,,,0.78,-0.41,EuroCup,2021-22,intl
Nacho Llovet,78,78,0,2,1,0.0,58,60.3,-60.3,12,50.0,-11.7,3,83.3,58.0,25.3,0,,0,,,,,,,,,,,,,0.0,42,38,0.31,0.395,1.275,0,1,,,,,,,,,,1.204,,,,,,Wing,,,,-2.74,,EuroCup,2021-22,intl
Andrea De Nicolao,75,67,8,5,2,75.0,49,49.0,26.0,17,58.8,13.2,10,45.0,51.2,-6.2,0,,0,,,,1.256,0.804,1.962,,,,,,,0.4,34,46,0.5,0.348,0.696,1,1,,,,,,,1.333,0.545,3.262,1.054,1.604,1.256,,,,Playmaker,0.74,,,-1.05,1.07,EuroCup,2021-22,intl
Pep Busquets,75,66,9,5,0,,67,45.5,,18,44.4,-1.5,8,50.0,44.9,5.1,0,,0,,,,1.269,,,,,,,,,0.45,32,49,0.562,0.49,0.871,1,2,,,,,,,0.525,0.149,1.857,1.25,1.246,1.269,,,,Wing,1.09,,,-0.74,-1.44,EuroCup,2021-22,intl
Tarik Phillip,75,68,7,3,2,0.0,53,44.3,-44.3,9,27.8,-17.9,7,57.1,40.6,16.5,0,,0,,,,1.545,,,,,,,,,0.583,47,32,0.34,0.625,1.836,0,2,,,,,,,,,,1.393,1.511,1.545,,,,Wing,2.51,,,-0.14,,EuroCup,2021-22,intl
Berk Demir,74,66,8,4,0,,66,50.0,,10,25.0,-29.5,8,56.2,49.1,7.1,0,,0,,,,1.222,,,,,,,,,0.5,49,29,0.469,0.483,1.028,3,0,,,,,,,0.5,0.146,1.71,1.062,1.207,1.222,,,,Wing,0.85,,,-0.51,-1.51,EuroCup,2021-22,intl
Jalen Jones,74,66,8,6,8,50.0,65,50.8,-0.8,16,34.4,-20.9,10,60.0,49.2,10.8,0,,0,,,,0.979,0.744,1.288,,,,,,,0.333,39,42,0.487,0.524,1.075,1,2,,,,,,,1.204,0.601,2.414,0.983,,0.994,,,,Wing,-0.41,,,-1.26,0.44,EuroCup,2021-22,intl
Aaron Harrison,74,57,17,6,1,0.0,76,58.6,-58.6,21,69.0,15.5,10,95.0,52.2,42.8,0,,0,,,,1.006,0.824,1.227,,,,,,,0.708,44,42,0.477,0.524,1.098,3,3,,,,,,,0.667,0.309,1.436,0.912,1.037,1.031,,,,Wing,-0.27,,,0.42,-1.05,EuroCup,2021-22,intl
Zoran Nikolic,72,68,4,1,1,100.0,58,63.8,36.2,12,75.0,13.3,4,75.0,63.6,11.4,0,,0,,,,0.298,0.054,1.634,,,,,,,1.0,45,28,0.311,0.25,0.804,1,0,,,,,,,1.541,,,0.837,,0.298,,,,Big,-4.17,,,2.07,1.3,EuroCup,2021-22,intl
Erdi Gulaslan,71,70,1,1,1,0.0,48,58.3,-58.3,10,75.0,22.4,4,0.0,62.2,-62.2,0,,0,,,,,,,,,,,,,0.25,36,36,0.361,0.361,1.0,0,0,,,,,,,,,,0.988,,,,,,,,,,,,EuroCup,2021-22,intl
Moussa Diagne,71,62,9,5,1,0.0,66,53.8,-53.8,13,69.2,20.2,10,40.0,55.3,-15.3,0,,0,,,,0.877,0.611,1.257,,,,,,,0.45,44,33,0.455,0.424,0.933,2,0,,,,,,,1.122,0.562,2.242,0.821,1.154,0.789,,,,Wing,-0.93,,,-0.74,0.21,EuroCup,2021-22,intl
Zachary Brown,70,49,21,6,0,,71,43.0,,14,25.0,-22.4,1,0.0,43.6,-43.6,0,,0,,,,1.167,0.991,1.374,,,,,,,0.875,45,37,0.578,0.595,1.029,6,2,,,,,,,1.231,0.612,2.474,1.051,0.985,1.127,,,,,,,,,,EuroCup,2021-22,intl
Niccolo Mannion,69,59,10,6,1,150.0,49,23.5,126.5,22,36.4,18.5,4,25.0,26.1,-1.1,0,,0,,,,1.475,1.103,1.972,,,,,,,0.417,39,37,0.487,0.568,1.165,1,2,,,,,,,1.0,0.255,3.922,1.536,1.189,1.341,,,,,,,,,,EuroCup,2021-22,intl
Maxime Roos,68,67,1,3,1,100.0,63,56.3,43.7,24,60.4,5.4,9,66.7,55.5,11.2,0,,0,,,,1.117,,,,,,,,,0.083,39,32,0.487,0.406,0.834,0,0,,,,,,,1.935,,,1.156,,1.117,,,,Wing,0.31,,,-2.37,2.46,EuroCup,2021-22,intl
Uros Trifunovic,67,51,16,5,3,0.0,61,49.2,-49.2,23,41.3,-8.7,7,50.0,46.5,3.5,0,,0,,,,1.014,0.818,1.258,,,,,,,0.8,32,41,0.562,0.488,0.867,1,1,,,,,,,1.222,0.649,2.301,1.093,0.91,1.023,,,,Wing,-0.22,,,0.83,0.49,EuroCup,2021-22,intl
John Holland,66,41,25,7,2,75.0,65,54.6,20.4,12,54.2,-1.3,13,38.5,59.3,-20.8,0,,0,,,,0.957,0.779,1.175,,,,,,,0.893,43,37,0.535,0.459,0.859,4,1,,,,,,,1.143,0.632,2.066,1.033,0.96,0.885,,,,Wing,-0.52,,,1.24,0.27,EuroCup,2021-22,intl
Stanislav Ilnitskiy,64,59,5,3,3,133.3,52,62.5,70.8,15,76.7,14.2,5,60.0,67.0,-7.0,0,,0,,,,1.229,,,,,,,,,0.417,33,34,0.424,0.382,0.901,2,1,,,,,,,1.152,0.536,2.477,0.994,,1.229,,,,Wing,0.88,,,-0.88,0.29,EuroCup,2021-22,intl
Alan Williams,64,49,15,5,4,50.0,54,41.7,8.3,11,45.5,4.0,5,60.0,40.6,19.4,0,,0,,,,1.032,0.768,1.385,,,,,,,0.75,39,35,0.487,0.429,0.88,3,2,,,,,,,1.385,0.756,2.54,1.196,0.902,1.024,,,,Wing,-0.13,,,0.6,0.94,EuroCup,2021-22,intl
Stanton Kidd,64,46,18,6,6,75.0,68,53.7,21.3,25,50.0,-8.2,11,31.8,59.5,-27.7,0,,0,,,,1.06,0.911,1.232,,,,,,,0.75,33,48,0.455,0.562,1.238,2,3,,,,,,,0.919,0.511,1.651,1.104,1.113,1.077,,,,Wing,0.01,,,0.6,-0.35,EuroCup,2021-22,intl
Martynas Echodas,63,61,2,3,1,100.0,54,55.6,44.4,12,41.7,-18.8,8,50.0,57.4,-7.4,0,,0,,,,1.22,,,,,,,,,0.167,38,28,0.263,0.5,1.9,0,1,,,,,,,,,,1.25,1.208,1.22,,,,Big,1.03,,,-1.55,,EuroCup,2021-22,intl
Ferran Bassas,63,62,1,1,0,,35,61.4,,8,56.2,-6.7,2,75.0,60.6,14.4,0,,0,,,,,,,,,,,,,0.25,33,31,0.364,0.258,0.71,0,0,,,,,,,,,,1.816,,,,,,Playmaker,,,,-1.69,,EuroCup,2021-22,intl
Tony Crocker,62,54,8,3,1,150.0,55,60.9,89.1,23,60.9,-2.8,10,70.0,60.9,9.1,0,,0,,,,0.988,0.644,1.514,,,,,,,0.667,23,48,0.348,0.417,1.198,0,3,,,,,,,0.854,0.369,1.98,0.948,1.283,1.078,,,,Wing,-0.36,,,0.23,-0.53,EuroCup,2021-22,intl
Trevis Simpson,62,47,15,5,2,75.0,66,53.8,21.2,17,58.8,5.9,13,34.6,59.1,-24.5,0,,0,,,,0.926,0.749,1.144,,,,,,,0.75,43,32,0.512,0.562,1.099,2,2,,,,,,,0.282,0.077,1.038,0.801,1.107,0.9,,,,Wing,-0.68,,,0.6,-2.11,EuroCup,2021-22,intl
Cyril Langevine,61,42,19,6,1,0.0,64,46.9,-46.9,18,44.4,-2.4,6,66.7,44.1,22.6,0,,0,,,,0.939,0.794,1.112,,,,,,,0.792,37,34,0.459,0.529,1.152,4,2,,,,,,,1.238,0.741,2.071,0.916,1.098,0.903,,,,Wing,-0.61,,,0.79,0.53,EuroCup,2021-22,intl
Nicolas Bretzel,61,53,8,3,0,,59,59.3,,5,90.0,33.5,6,50.0,60.4,-10.4,0,,0,,,,1.152,,,,,,,,,0.667,46,20,0.37,0.4,1.082,2,0,,,,,,,1.327,0.826,2.131,1.069,1.13,1.152,,,,Big,0.65,,,0.62,0.74,EuroCup,2021-22,intl
Mihajlo Andric,59,53,6,4,0,,43,41.9,,10,45.0,4.1,4,25.0,43.6,-18.6,0,,0,,,,1.039,0.57,1.895,,,,,,,0.375,26,39,0.346,0.513,1.481,1,1,,,,,,,0.708,0.122,4.106,1.185,,0.966,,,,Wing,-0.1,,,-1.07,-0.93,EuroCup,2021-22,intl
Omer Utku Al,58,55,3,2,0,,46,45.7,,11,59.1,17.7,7,57.1,43.6,13.6,0,,0,,,,1.341,,,,,,,,,0.375,33,27,0.515,0.481,0.935,1,1,,,,,,,1.952,0.789,4.831,1.106,1.318,1.341,,,,,,,,,,EuroCup,2021-22,intl
Oliver Stevic,58,57,1,2,1,100.0,48,45.8,54.2,9,55.6,10.6,11,27.3,52.6,-25.4,0,,0,,,,1.239,,,,,,,,,0.125,31,29,0.387,0.483,1.247,0,2,,,,,,,2.19,,,1.306,,1.239,,,,Big,1.14,,,-1.73,2.97,EuroCup,2021-22,intl
Daniel Hackett,57,49,8,2,1,100.0,48,56.2,43.8,10,70.0,16.2,10,45.0,60.3,-15.3,0,,0,,,,1.289,,,,,,,,,1.0,35,25,0.486,0.36,0.741,2,0,,,,,,,1.0,0.467,2.143,1.234,1.25,1.289,,,,Playmaker,0.9,,,1.49,-0.06,EuroCup,2021-22,intl
Bandja Sy,57,53,4,1,2,75.0,44,53.4,21.6,18,75.0,33.9,5,20.0,58.5,-38.5,0,,0,,,,0.994,0.553,1.786,,,,,,,1.0,27,33,0.444,0.333,0.75,0,1,,,,,,,,,,0.652,1.333,1.104,,,,Wing,-0.33,,,1.72,,EuroCup,2021-22,intl
Egemen Guven,56,54,2,1,0,,50,68.0,,7,71.4,4.0,7,28.6,74.4,-45.8,0,,0,,,,1.149,,,,,,,,,0.5,32,25,0.312,0.24,0.768,1,0,,,,,,,1.469,,,1.059,,1.149,,,,Big,0.63,,,-0.1,1.11,EuroCup,2021-22,intl
Amedeo Tessitori,56,56,0,2,0,,55,67.3,,8,37.5,-34.8,3,100.0,65.4,34.6,0,,0,,,,,,,,,,,,,0.0,38,20,0.316,0.4,1.267,0,1,,,,,,,,,,1.062,,,,,,Big,,,,-2.28,,EuroCup,2021-22,intl
Ilimane Diop,55,53,2,2,0,,51,52.9,,18,41.7,-17.4,4,25.0,55.3,-30.3,0,,0,,,,1.128,,,,,,,,,0.25,33,24,0.424,0.542,1.277,1,0,,,,,,,1.022,0.248,4.212,1.146,,1.128,,,,Big,0.51,,,-1.19,-0.04,EuroCup,2021-22,intl
Dorukhan Engindeniz,55,52,3,2,1,0.0,43,46.5,-46.5,10,30.0,-20.0,10,30.0,50.0,-20.0,0,,0,,,,0.867,0.384,1.956,,,,,,,0.375,30,27,0.5,0.556,1.111,0,0,,,,,,,,,,1.16,,0.867,,,,Wing,-0.98,,,-1.07,,EuroCup,2021-22,intl
Andrei Martiuk,55,52,3,2,1,0.0,46,60.9,-60.9,13,61.5,2.7,3,50.0,60.2,-10.2,0,,0,,,,0.806,0.359,1.812,,,,,,,0.375,32,25,0.406,0.32,0.788,0,2,,,,,,,1.792,,,1.161,,0.806,,,,,,,,,,EuroCup,2021-22,intl
Jared Terrell,53,53,0,0,0,,42,69.0,,13,73.1,5.8,5,60.0,70.3,-10.3,0,,0,,,,,,,,,,,,,,27,26,0.407,0.346,0.85,0,0,,,,,,,,,,0.966,,,,,,Wing,,,,,,EuroCup,2021-22,intl
Rade Zagorac,53,47,6,5,0,,40,42.5,,8,31.2,-14.1,10,50.0,40.0,10.0,0,,0,,,,1.306,0.86,1.982,,,,,,,0.3,32,26,0.344,0.538,1.566,0,1,,,,,,,0.923,0.293,2.912,1.33,1.474,1.306,,,,Wing,1.28,,,-1.4,-0.34,EuroCup,2021-22,intl
Albert Ventura,53,47,6,5,0,,50,45.0,,19,68.4,37.8,4,62.5,43.5,19.0,0,,0,,,,0.783,0.439,1.397,,,,,,,0.3,20,40,0.75,0.45,0.6,0,1,,,,,,,2.5,1.196,5.228,0.78,,0.881,,,,Wing,-1.42,,,-1.4,4.02,EuroCup,2021-22,intl
Luca Conti,52,52,0,2,1,0.0,39,39.7,-39.7,12,33.3,-7.7,4,25.0,40.3,-15.3,0,,0,,,,,,,,,,,,,0.0,30,24,0.4,0.542,1.354,1,0,,,,,,,,,,0.82,,,,,,Wing,,,,-2.74,,EuroCup,2021-22,intl
Maximilian Ladurner,52,47,5,4,0,,50,32.0,,15,33.3,1.9,5,20.0,33.3,-13.3,0,,0,,,,0.427,0.146,1.253,,,,,,,0.312,26,30,0.577,0.633,1.098,0,0,,,,,,,,,,0.722,,0.427,,,,Wing,-3.25,,,-1.35,,EuroCup,2021-22,intl
Babatunde Olumuyiwa,52,47,5,4,0,,51,45.1,,14,57.1,16.6,8,50.0,44.2,5.8,0,,0,,,,0.874,0.559,1.367,,,,,,,0.312,23,33,0.565,0.455,0.804,0,2,,,,,,,0.489,0.087,2.735,0.907,1.106,0.874,,,,Wing,-0.95,,,-1.35,-1.54,EuroCup,2021-22,intl
Javi Lopez,51,49,2,5,1,0.0,41,39.0,-39.0,19,39.5,2.5,4,37.5,38.2,-0.7,0,,0,,,,1.4,,,,,,,,,0.1,27,29,0.556,0.552,0.993,1,0,,,,,,,1.944,0.436,8.679,1.076,,1.4,,,,Playmaker,1.47,,,-2.32,3.14,EuroCup,2021-22,intl
Isaiah Miles,48,40,8,5,0,,49,62.2,,11,50.0,-15.8,8,37.5,67.1,-29.6,0,,0,,,,1.0,0.751,1.332,,,,,,,0.4,30,25,0.433,0.56,1.292,2,3,,,,,,,1.875,1.171,3.003,0.993,,1.029,,,,Wing,-0.3,,,-0.96,2.29,EuroCup,2021-22,intl
Jerian Grant,336,286,50,13,15,20.0,237,52.5,-32.5,75,48.7,-2.7,37,33.8,53.5,-19.7,0,,0,,,,0.938,0.736,1.195,,,,,,,0.962,190,195,0.358,0.359,1.003,8,7,,,,,,,0.949,0.63,1.43,1.109,0.939,1.045,,,,Playmaker,-0.36,,,1.47,-0.18,EuroCup,2022-23,intl
Yago Dos Santos,277,240,37,13,11,22.7,167,57.5,-34.8,43,46.5,-11.6,10,45.0,56.0,-11.0,0,,0,,,,1.065,0.798,1.422,,,,,,,0.712,164,142,0.317,0.352,1.111,5,5,,,,,,,1.47,1.015,2.13,1.213,1.162,1.113,,,,Playmaker,0.17,,,-0.18,1.19,EuroCup,2022-23,intl
Onuralp Bitim,272,217,55,17,10,30.0,255,49.6,-19.6,57,41.2,-9.7,21,31.0,50.4,-19.5,0,,0,,,,1.068,0.932,1.223,,,,,,,0.809,173,158,0.422,0.513,1.215,9,10,,,,,,,0.712,0.466,1.089,1.033,0.983,1.081,,,,Wing,0.27,,,0.81,-0.72,EuroCup,2022-23,intl
Yogi Ferrell,258,212,46,13,15,26.7,193,59.1,-32.4,49,51.0,-7.5,18,41.7,58.2,-16.5,0,,0,,,,1.16,0.97,1.387,,,,,,,0.885,153,144,0.405,0.354,0.874,8,6,,,,,,,0.772,0.497,1.2,1.194,0.983,1.143,,,,Playmaker,0.57,,,0.96,-0.65,EuroCup,2022-23,intl
Trae Bell-Haynes,257,201,56,14,12,25.0,191,41.4,-16.4,58,26.7,-19.1,37,27.0,43.4,-16.3,0,,0,,,,1.265,1.055,1.518,,,,,,,1.0,152,150,0.362,0.507,1.4,5,9,,,,,,,0.709,0.431,1.168,1.283,1.135,1.27,,,,Playmaker,1.02,,,1.72,-0.81,EuroCup,2022-23,intl
Axel Bouteille,257,192,65,17,9,55.6,279,62.5,-7.0,77,62.3,0.0,41,64.6,61.9,2.7,0,,0,,,,1.037,0.944,1.14,,,,,,,0.956,158,163,0.494,0.387,0.783,13,6,,,,,,,1.159,0.896,1.5,0.984,0.908,1.058,,,,Wing,0.09,,,1.47,0.47,EuroCup,2022-23,intl
Ante Tomic,252,218,34,10,5,40.0,196,56.6,-16.6,51,54.9,-1.8,25,56.0,56.2,-0.2,0,,0,,,,1.09,0.887,1.338,,,,,,,0.85,144,135,0.326,0.304,0.93,6,3,,,,,,,0.915,0.626,1.338,1.164,1.031,1.111,,,,Big,0.28,,,1.22,-0.35,EuroCup,2022-23,intl
Tony Taylor,246,196,50,18,13,23.1,192,53.9,-30.8,64,38.3,-19.9,35,47.1,52.9,-5.8,0,,0,,,,1.036,0.86,1.249,,,,,,,0.694,129,153,0.341,0.477,1.399,5,10,,,,,,,0.779,0.498,1.218,1.179,1.004,0.945,,,,Playmaker,0.05,,,-0.3,-0.63,EuroCup,2022-23,intl
Jeremiah Martin,244,204,40,14,17,52.9,190,45.0,7.9,55,40.9,-6.5,31,22.6,49.7,-27.1,0,,0,,,,1.068,0.886,1.288,,,,,,,0.714,149,127,0.369,0.465,1.259,4,8,,,,,,,0.719,0.435,1.188,1.061,1.138,1.121,,,,Wing,0.27,,,0.39,-0.7,EuroCup,2022-23,intl
Anthony Cowan,243,206,37,10,7,42.9,158,53.2,-10.3,49,49.0,-5.3,35,70.0,48.1,21.9,0,,0,,,,1.242,0.99,1.559,,,,,,,0.925,113,152,0.336,0.382,1.135,5,5,,,,,,,1.015,0.636,1.619,1.298,1.084,1.165,,,,Playmaker,0.92,,,1.22,-0.01,EuroCup,2022-23,intl
Derek Needham,236,204,32,11,11,90.9,181,60.5,30.4,52,63.5,1.7,26,59.6,62.7,-3.0,0,,0,,,,1.07,0.859,1.332,,,,,,,0.727,140,124,0.364,0.395,1.085,6,3,,,,,,,0.653,0.363,1.176,0.993,0.93,1.095,,,,Playmaker,0.19,,,-0.08,-0.96,EuroCup,2022-23,intl
Gian Clavell,235,168,67,18,19,42.1,227,51.8,-9.7,73,41.8,-13.1,27,38.9,52.5,-13.6,0,,0,,,,1.022,0.893,1.169,,,,,,,0.931,143,157,0.455,0.516,1.135,8,9,,,,,,,0.99,0.703,1.394,1.195,1.019,0.996,,,,Wing,-0.0,,,1.35,0.02,EuroCup,2022-23,intl
Sam Dekker,232,205,27,7,12,58.3,202,57.7,0.7,57,54.4,-4.5,23,56.5,57.9,-1.3,0,,0,,,,1.039,0.877,1.232,,,,,,,0.964,136,120,0.375,0.417,1.111,3,3,,,,,,,0.873,0.558,1.368,1.165,1.056,1.066,,,,Wing,0.1,,,1.5,-0.29,EuroCup,2022-23,intl
Tyrone Wallace,229,189,40,12,4,62.5,175,51.4,11.1,39,52.6,1.1,8,43.8,52.0,-8.3,0,,0,,,,0.938,0.733,1.2,,,,,,,0.833,136,120,0.36,0.4,1.11,4,7,,,,,,,0.787,0.47,1.32,1.052,1.16,0.939,,,,Playmaker,-0.36,,,0.62,-0.61,EuroCup,2022-23,intl
Ziga Samar,227,187,40,11,8,37.5,158,49.1,-11.6,33,40.9,-9.5,21,38.1,50.0,-11.9,0,,0,,,,1.025,0.786,1.338,,,,,,,0.909,172,104,0.39,0.298,0.765,10,1,,,,,,,0.688,0.376,1.26,0.823,0.831,0.941,,,,Playmaker,0.0,,,1.12,-0.87,EuroCup,2022-23,intl
Kyle Guy,226,185,41,16,7,28.6,197,50.3,-21.7,57,43.9,-7.8,12,54.2,49.2,4.9,0,,0,,,,1.246,1.089,1.425,,,,,,,0.641,142,121,0.43,0.496,1.154,7,11,,,,,,,0.862,0.561,1.325,1.1,1.224,1.28,,,,Playmaker,0.94,,,-0.65,-0.41,EuroCup,2022-23,intl
J'Covan Brown,225,193,32,10,10,55.0,138,50.0,5.0,48,52.1,2.6,16,87.5,45.8,41.7,0,,0,,,,0.996,0.716,1.385,,,,,,,0.8,129,122,0.279,0.41,1.469,3,5,,,,,,,0.741,0.374,1.472,1.156,1.091,1.112,,,,Playmaker,-0.12,,,0.4,-0.73,EuroCup,2022-23,intl
Jordan Mcrae,222,168,54,17,14,35.7,215,52.6,-16.8,47,56.4,6.1,26,42.3,52.7,-10.4,0,,0,,,,1.075,0.948,1.22,,,,,,,0.794,134,141,0.485,0.411,0.848,11,9,,,,,,,0.856,0.599,1.222,1.128,1.061,1.023,,,,Wing,0.31,,,0.75,-0.33,EuroCup,2022-23,intl
Xavier Munford,221,186,35,10,10,90.0,182,58.8,31.2,52,64.4,5.5,14,50.0,61.2,-11.2,0,,0,,,,0.973,0.788,1.201,,,,,,,0.875,106,140,0.406,0.357,0.88,3,6,,,,,,,1.006,0.683,1.482,0.992,0.98,1.031,,,,Playmaker,-0.22,,,0.89,-0.03,EuroCup,2022-23,intl
James Palmer Jr.,221,184,37,12,18,61.1,187,61.2,-0.1,50,64.0,3.7,28,46.4,63.6,-17.1,0,,0,,,,0.834,0.67,1.038,,,,,,,0.771,120,130,0.4,0.408,1.019,5,8,,,,,,,0.536,0.296,0.969,0.938,0.821,0.843,,,,Wing,-1.13,,,0.64,-1.18,EuroCup,2022-23,intl
Amedeo Della Valle,219,189,30,11,8,56.2,159,48.1,8.1,32,42.2,-7.8,21,47.6,48.6,-1.0,0,,0,,,,0.984,0.75,1.291,,,,,,,0.682,131,114,0.405,0.412,1.019,6,6,,,,,,,0.662,0.33,1.328,1.301,0.942,0.954,,,,Wing,-0.23,,,0.25,-0.85,EuroCup,2022-23,intl
Anthony Clemmons,218,180,38,13,11,100.0,164,51.8,48.2,51,61.8,9.7,20,20.0,59.4,-39.4,0,,0,,,,0.94,0.722,1.223,,,,,,,0.731,106,148,0.443,0.351,0.792,5,5,,,,,,,0.934,0.559,1.56,1.069,0.947,1.01,,,,Playmaker,-0.36,,,-0.06,-0.22,EuroCup,2022-23,intl
Jamel Morris,213,145,68,20,16,50.0,223,48.9,1.1,69,53.6,6.6,28,48.2,49.1,-0.8,0,,0,,,,1.057,0.919,1.216,,,,,,,0.85,127,162,0.52,0.488,0.938,10,12,,,,,,,0.925,0.626,1.366,1.083,1.015,1.083,,,,Wing,0.21,,,0.99,-0.15,EuroCup,2022-23,intl
Jayson Granger,212,177,35,12,11,54.5,148,46.3,8.3,40,40.0,-9.2,26,36.5,48.9,-12.3,0,,0,,,,1.046,0.816,1.341,,,,,,,0.729,128,108,0.414,0.417,1.006,6,7,,,,,,,0.677,0.351,1.306,1.072,1.066,1.03,,,,Playmaker,0.09,,,-0.07,-0.9,EuroCup,2022-23,intl
Caleb Agada,210,159,51,14,13,57.7,186,49.7,8.0,43,52.3,2.6,14,7.1,53.5,-46.4,0,,0,,,,0.957,0.776,1.18,,,,,,,0.911,139,131,0.453,0.351,0.775,11,5,,,,,,,0.948,0.63,1.425,0.966,0.931,1.018,,,,Wing,-0.39,,,1.27,-0.09,EuroCup,2022-23,intl
Kristian Kullamae,210,160,50,14,10,25.0,180,51.4,-26.4,55,47.3,-3.8,30,45.0,50.9,-5.9,0,,0,,,,0.954,0.77,1.182,,,,,,,0.893,118,139,0.432,0.439,1.015,7,8,,,,,,,1.369,0.963,1.946,1.078,0.934,1.036,,,,Playmaker,-0.3,,,1.01,0.92,EuroCup,2022-23,intl
Josh Adams,210,171,39,13,11,36.4,182,50.0,-13.6,43,61.6,16.0,16,40.6,50.0,-9.4,0,,0,,,,0.993,0.81,1.218,,,,,,,0.75,123,129,0.472,0.434,0.921,7,7,,,,,,,0.783,0.476,1.289,1.118,1.072,1.01,,,,Playmaker,-0.13,,,0.07,-0.62,EuroCup,2022-23,intl
Ferran Bassas,205,186,19,6,5,30.0,104,51.9,-21.9,29,34.5,-22.4,12,41.7,52.1,-10.4,0,,0,,,,1.282,0.847,1.941,,,,,,,0.792,110,112,0.255,0.348,1.368,3,4,,,,,,,0.826,0.364,1.871,1.476,1.051,1.384,,,,Playmaker,1.09,,,0.35,-0.5,EuroCup,2022-23,intl
Patrick Richard,203,175,28,9,13,38.5,133,52.3,-13.8,46,56.5,8.0,25,46.0,52.1,-6.1,0,,0,,,,0.949,0.69,1.304,,,,,,,0.778,89,139,0.438,0.324,0.739,6,2,,,,,,,0.904,0.495,1.653,1.261,0.695,0.884,,,,Wing,-0.44,,,0.67,-0.21,EuroCup,2022-23,intl
Andres Feliz,202,184,18,6,13,65.4,127,62.6,2.8,42,69.0,8.8,13,50.0,64.2,-14.2,0,,0,,,,1.076,0.762,1.52,,,,,,,0.75,100,119,0.31,0.269,0.867,4,2,,,,,,,1.008,0.609,1.666,1.063,0.792,1.044,,,,Playmaker,0.22,,,0.07,-0.03,EuroCup,2022-23,intl
Juan Nunez,201,179,22,8,8,75.0,121,46.7,28.3,45,54.4,9.2,23,52.2,47.6,4.5,0,,0,,,,0.852,0.551,1.318,,,,,,,0.688,105,117,0.333,0.325,0.974,3,1,,,,,,,1.193,0.669,2.128,1.243,0.428,0.87,,,,Playmaker,-0.73,,,-0.34,0.46,EuroCup,2022-23,intl
Leonardo Meindl,201,169,32,13,11,59.1,172,57.0,2.1,51,53.9,-4.4,22,59.1,56.8,2.3,0,,0,,,,1.072,0.906,1.269,,,,,,,0.615,121,103,0.364,0.476,1.308,3,10,,,,,,,0.902,0.591,1.376,1.008,1.057,1.103,,,,Wing,0.3,,,-0.05,-0.21,EuroCup,2022-23,intl
Diego Flaccadori,199,160,39,14,9,61.1,141,50.4,10.8,28,53.6,3.2,14,75.0,48.5,26.5,0,,0,,,,0.965,0.734,1.27,,,,,,,0.696,121,107,0.38,0.383,1.008,6,7,,,,,,,1.201,0.785,1.839,1.3,0.888,0.935,,,,Wing,-0.35,,,0.31,0.58,EuroCup,2022-23,intl
Jordan Taylor,199,180,19,7,13,50.0,122,48.8,1.2,45,51.1,3.3,11,68.2,47.2,21.0,0,,0,,,,1.228,0.915,1.648,,,,,,,0.679,95,117,0.337,0.402,1.193,1,3,,,,,,,1.006,0.529,1.915,0.929,1.202,1.319,,,,Playmaker,0.86,,,-0.4,-0.03,EuroCup,2022-23,intl
Aj Slaughter,199,162,37,14,13,19.2,170,58.8,-39.6,56,59.8,5.5,18,44.4,57.3,-12.8,0,,0,,,,1.103,0.935,1.303,,,,,,,0.661,119,114,0.437,0.439,1.004,5,9,,,,,,,0.768,0.477,1.237,0.862,0.945,1.095,,,,Wing,0.48,,,0.15,-0.57,EuroCup,2022-23,intl
Yoeli Childs,192,169,23,7,16,75.0,174,55.5,19.5,42,59.5,3.1,7,71.4,56.6,14.9,0,,0,,,,1.022,0.892,1.171,,,,,,,0.821,119,93,0.395,0.376,0.953,5,4,,,,,,,0.719,0.431,1.199,0.997,1.13,0.97,,,,Wing,-0.0,,,0.87,-0.7,EuroCup,2022-23,intl
Amar Gegic,192,154,38,11,3,83.3,168,49.4,33.9,52,49.0,-1.4,23,50.0,50.0,0.0,0,,0,,,,0.987,0.799,1.219,,,,,,,0.864,108,118,0.435,0.39,0.896,6,4,,,,,,,0.896,0.561,1.431,1.171,1.079,0.976,,,,Wing,-0.21,,,1.06,-0.23,EuroCup,2022-23,intl
Arnoldas Kulboka,191,144,47,18,6,66.7,203,59.1,7.6,39,59.0,-0.4,30,58.3,59.5,-1.2,0,,0,,,,0.998,0.891,1.117,,,,,,,0.653,114,118,0.5,0.483,0.966,8,7,,,,,,,1.17,0.853,1.605,1.038,1.054,0.994,,,,Big,-0.21,,,0.39,0.41,EuroCup,2022-23,intl
Dj Stephens,188,140,48,14,11,77.3,193,61.1,16.1,51,58.8,-4.2,15,66.7,61.6,5.0,0,,0,,,,0.882,0.763,1.019,,,,,,,0.857,115,111,0.47,0.414,0.883,8,6,,,,,,,1.165,0.879,1.544,1.017,0.756,0.917,,,,Wing,-0.84,,,1.03,0.49,EuroCup,2022-23,intl
Tomislav Zubcic,188,138,50,15,2,0.0,182,56.6,-56.6,37,50.0,-7.5,17,58.8,55.7,3.1,0,,0,,,,1.079,0.938,1.241,,,,,,,0.833,113,109,0.46,0.45,0.977,7,8,,,,,,,0.763,0.506,1.151,1.147,1.196,1.139,,,,Big,0.22,,,1.15,-0.8,EuroCup,2022-23,intl
Jordan Floyd,182,150,32,12,8,50.0,164,51.8,-1.8,43,47.7,-5.4,22,50.0,52.0,-2.0,0,,0,,,,0.869,0.692,1.093,,,,,,,0.667,91,120,0.44,0.425,0.967,3,6,,,,,,,1.258,0.865,1.83,0.998,0.611,0.901,,,,Playmaker,-0.66,,,-0.48,0.63,EuroCup,2022-23,intl
Darion Atkins,181,130,51,16,6,50.0,179,44.4,5.6,42,48.8,5.5,9,22.2,45.7,-23.5,0,,0,,,,0.95,0.814,1.108,,,,,,,0.797,122,99,0.467,0.525,1.124,8,9,,,,,,,1.095,0.751,1.596,0.995,0.866,0.919,,,,Wing,-0.44,,,0.76,0.3,EuroCup,2022-23,intl
Cj Massinburg,180,145,35,11,6,66.7,162,51.2,15.4,55,60.0,12.2,27,48.1,52.5,-4.3,0,,0,,,,1.199,1.066,1.349,,,,,,,0.795,88,118,0.466,0.458,0.982,5,7,,,,,,,0.802,0.505,1.274,1.014,1.114,1.128,,,,Wing,1.06,,,0.75,-0.48,EuroCup,2022-23,intl
Nathan Sestina,178,138,40,15,3,50.0,178,55.9,-5.9,54,55.6,-0.3,18,47.2,56.7,-9.5,0,,0,,,,1.15,1.055,1.254,,,,,,,0.667,94,113,0.468,0.504,1.078,4,9,,,,,,,0.724,0.458,1.144,0.927,1.103,1.086,,,,,,,,,,EuroCup,2022-23,intl
Dj Kennedy,177,154,23,11,10,50.0,120,47.9,2.1,34,48.5,0.6,13,50.0,47.9,2.1,0,,0,,,,1.14,0.846,1.536,,,,,,,0.523,105,96,0.371,0.323,0.869,6,4,,,,,,,1.909,1.369,2.663,1.4,,1.111,,,,Wing,0.7,,,-0.46,2.46,EuroCup,2022-23,intl
Joel Parra,174,150,24,9,11,86.4,153,64.7,21.7,47,61.7,-6.2,19,44.7,69.0,-24.2,0,,0,,,,0.977,0.807,1.182,,,,,,,0.667,93,97,0.366,0.412,1.128,4,4,,,,,,,1.052,0.714,1.551,1.026,1.167,1.024,,,,Wing,-0.27,,,0.18,0.19,EuroCup,2022-23,intl
Lukasz Kolenda,174,134,40,15,9,16.7,157,47.8,-31.1,59,50.0,6.1,36,45.8,46.2,-0.3,0,,0,,,,0.922,0.758,1.122,,,,,,,0.667,87,118,0.517,0.508,0.983,5,7,,,,,,,0.618,0.329,1.163,0.96,0.852,0.929,,,,Wing,-0.6,,,0.18,-0.97,EuroCup,2022-23,intl
Derek Willis,173,152,21,7,6,41.7,157,64.3,-22.7,30,65.0,1.8,26,59.6,64.2,-4.6,0,,0,,,,1.105,0.985,1.24,,,,,,,0.75,99,86,0.384,0.419,1.091,3,4,,,,,,,0.873,0.55,1.387,1.026,1.015,1.11,,,,Wing,0.49,,,0.55,-0.29,EuroCup,2022-23,intl
Tyrique Jones,169,152,17,6,4,25.0,152,68.4,-43.4,33,69.7,3.0,19,63.2,67.9,-4.7,0,,0,,,,1.084,0.948,1.239,,,,,,,0.708,95,83,0.253,0.325,1.288,2,4,,,,,,,0.798,0.511,1.247,1.151,1.154,1.094,,,,Big,0.24,,,0.62,-0.7,EuroCup,2022-23,intl
Matteo Spagnolo,166,127,39,11,7,28.6,132,45.5,-16.9,39,42.3,-3.2,22,31.8,47.0,-15.2,0,,0,,,,0.936,0.719,1.217,,,,,,,0.886,96,102,0.354,0.471,1.329,4,7,,,,,,,0.663,0.36,1.222,1.035,1.008,0.946,,,,Wing,-0.52,,,1.15,-0.85,EuroCup,2022-23,intl
Juhann Begarin,166,124,42,13,8,43.8,163,50.9,-7.2,36,43.1,-9.5,16,31.2,52.6,-21.3,0,,0,,,,0.935,0.774,1.13,,,,,,,0.808,120,86,0.458,0.442,0.964,9,4,,,,,,,0.85,0.549,1.314,1.036,1.095,0.985,,,,Wing,-0.52,,,0.81,-0.35,EuroCup,2022-23,intl
Zach Auguste,165,140,25,9,6,33.3,143,61.2,-27.9,35,62.9,3.6,17,52.9,61.0,-8.0,0,,0,,,,0.862,0.667,1.112,,,,,,,0.694,93,88,0.312,0.352,1.13,2,2,,,,,,,1.158,0.841,1.593,0.889,1.222,0.855,,,,Big,-0.92,,,0.57,0.37,EuroCup,2022-23,intl
Issuf Sanon,164,145,19,7,7,35.7,128,52.7,-17.0,35,54.3,3.3,11,31.8,53.6,-21.8,0,,0,,,,0.973,0.704,1.344,,,,,,,0.679,90,96,0.433,0.375,0.865,3,1,,,,,,,0.668,0.288,1.55,1.199,1.116,1.054,,,,,,,,,,EuroCup,2022-23,intl
Mitchell Watt,162,145,17,6,10,50.0,147,59.2,-9.2,43,51.2,-10.2,19,42.1,60.9,-18.8,0,,0,,,,1.198,,,,,,,,,0.708,86,95,0.372,0.347,0.934,3,4,,,,,,,1.203,0.855,1.692,1.069,1.169,1.198,,,,Big,0.84,,,0.62,0.51,EuroCup,2022-23,intl
Ondrej Balvin,162,148,14,6,6,66.7,126,62.3,4.4,31,71.0,11.1,15,53.3,63.7,-10.3,0,,0,,,,1.002,0.753,1.335,,,,,,,0.583,95,73,0.389,0.205,0.528,3,1,,,,,,,1.188,0.805,1.755,0.686,0.849,1.002,,,,Big,-0.18,,,0.1,0.46,EuroCup,2022-23,intl
Andrew Albicy,161,144,17,7,2,125.0,83,59.6,65.4,14,96.4,42.2,18,47.2,64.9,-17.7,0,,0,,,,0.859,0.475,1.555,,,,,,,0.607,102,68,0.284,0.235,0.828,2,0,,,,,,,1.095,0.555,2.162,1.161,0.503,0.989,,,,Playmaker,-0.7,,,-0.87,0.2,EuroCup,2022-23,intl
Nicolas Brussino,161,138,23,10,6,50.0,126,59.1,-9.1,18,33.3,-29.4,17,47.1,60.4,-13.4,0,,0,,,,0.857,0.627,1.172,,,,,,,0.575,98,77,0.367,0.481,1.308,3,6,,,,,,,0.686,0.327,1.442,1.037,1.341,0.853,,,,Wing,-0.99,,,-0.23,-0.79,EuroCup,2022-23,intl
Andrija Stipanovic,160,156,4,2,6,83.3,111,69.4,14.0,22,63.6,-7.9,11,72.7,69.8,2.9,0,,0,,,,1.431,,,,,,,,,0.5,81,83,0.259,0.169,0.651,1,0,,,,,,,0.345,0.063,1.891,0.778,1.427,1.426,,,,Big,2.06,,,-0.25,-2.05,EuroCup,2022-23,intl
Erkan Yilmaz,160,145,15,8,3,100.0,118,53.0,47.0,29,53.4,-0.9,15,23.3,58.5,-35.2,0,,0,,,,0.677,0.39,1.175,,,,,,,0.469,99,77,0.374,0.351,0.938,3,3,,,,,,,,,,0.938,0.522,0.763,,,,Wing,-2.07,,,-0.7,,EuroCup,2022-23,intl
Aleksander Dziewa,159,143,16,4,11,86.4,120,58.8,27.6,32,60.9,-0.2,13,38.5,63.6,-25.1,0,,0,,,,0.993,0.737,1.338,,,,,,,1.0,89,82,0.337,0.341,1.013,3,1,,,,,,,1.033,0.623,1.713,1.078,1.32,1.014,,,,Wing,-0.18,,,1.66,0.14,EuroCup,2022-23,intl
John Shurna,158,142,16,10,11,54.5,135,66.3,-11.8,31,59.7,-7.3,23,50.0,68.3,-18.3,0,,0,,,,1.018,0.836,1.24,,,,,,,0.4,101,70,0.376,0.414,1.101,3,2,,,,,,,1.137,0.747,1.73,0.877,,0.916,,,,Wing,-0.03,,,-1.01,0.41,EuroCup,2022-23,intl
Petar Popovic,156,133,23,7,3,33.3,116,53.0,-19.7,32,60.9,11.5,22,34.1,56.7,-22.6,0,,0,,,,1.107,0.87,1.41,,,,,,,0.821,75,92,0.347,0.413,1.191,1,3,,,,,,,0.667,0.336,1.321,1.25,0.796,0.994,,,,Big,0.36,,,1.1,-1.09,EuroCup,2022-23,intl
Marco Spissu,155,127,28,9,9,38.9,93,46.8,-7.9,24,45.8,-0.3,15,33.3,48.3,-14.9,0,,0,,,,1.231,0.913,1.661,,,,,,,0.778,76,98,0.329,0.408,1.241,4,6,,,,,,,0.889,0.464,1.706,1.632,0.994,1.192,,,,Playmaker,0.87,,,0.25,-0.34,EuroCup,2022-23,intl
David Dudzinski,154,140,14,6,4,75.0,135,61.1,13.9,34,61.8,0.3,15,36.7,64.5,-27.8,0,,0,,,,0.833,0.594,1.169,,,,,,,0.583,86,80,0.372,0.4,1.075,3,3,,,,,,,0.857,0.453,1.622,0.982,0.593,0.824,,,,,,,,,,EuroCup,2022-23,intl
Hugo Benitez,153,130,23,10,8,68.8,107,38.8,30.0,37,33.8,-10.4,12,62.5,38.3,24.2,0,,0,,,,1.159,0.855,1.572,,,,,,,0.575,77,100,0.442,0.38,0.861,3,4,,,,,,,1.567,0.928,2.647,1.387,,1.174,,,,Wing,0.82,,,-0.23,1.55,EuroCup,2022-23,intl
Axel Julien,153,130,23,7,4,112.5,96,50.5,62.0,26,53.8,1.1,11,45.5,53.9,-8.5,0,,0,,,,1.041,0.728,1.49,,,,,,,0.821,85,81,0.365,0.346,0.948,4,2,,,,,,,1.629,1.008,2.631,1.002,1.68,1.062,,,,Playmaker,0.07,,,0.54,1.6,EuroCup,2022-23,intl
Lukas Meisner,151,121,30,13,6,91.7,153,54.6,37.1,40,42.5,-18.0,10,15.0,58.7,-43.7,0,,0,,,,1.129,0.996,1.281,,,,,,,0.577,96,90,0.427,0.556,1.301,6,9,,,,,,,1.009,0.643,1.585,1.144,0.975,1.044,,,,Wing,0.64,,,-0.22,0.07,EuroCup,2022-23,intl
Cameron Reynolds,150,109,41,15,7,42.9,158,54.1,-11.3,39,57.7,5.3,18,77.8,50.7,27.1,0,,0,,,,1.016,0.934,1.107,,,,,,,0.683,97,77,0.526,0.584,1.112,6,4,,,,,,,0.732,0.461,1.164,0.899,0.966,1.025,,,,Wing,-0.04,,,0.25,-0.66,EuroCup,2022-23,intl
Andrejs Grazulis,150,110,40,14,9,44.4,147,46.3,-1.8,43,43.0,-4.3,19,52.6,45.3,7.4,0,,0,,,,0.917,0.762,1.103,,,,,,,0.714,93,92,0.484,0.489,1.011,8,4,,,,,,,0.867,0.545,1.379,1.006,0.898,0.977,,,,Wing,-0.63,,,0.39,-0.31,EuroCup,2022-23,intl
Tomer Ginat,149,123,26,8,2,125.0,141,58.9,66.1,29,72.4,15.8,10,60.0,59.8,0.2,0,,0,,,,1.171,1.046,1.311,,,,,,,0.812,77,89,0.455,0.292,0.643,5,3,,,,,,,0.795,0.513,1.231,1.052,1.192,1.182,,,,Wing,0.89,,,0.83,-0.5,EuroCup,2022-23,intl
Alen Omic,148,126,22,7,4,100.0,131,53.4,46.6,29,55.2,0.5,18,50.0,55.6,-5.6,0,,0,,,,1.223,,,,,,,,,0.786,95,63,0.379,0.397,1.047,3,2,,,,,,,0.921,0.609,1.393,1.142,1.197,1.223,,,,Big,0.97,,,0.95,-0.33,EuroCup,2022-23,intl
Kendale Mccullum,147,124,23,6,10,55.0,116,38.4,16.6,24,45.8,7.6,11,40.9,39.6,1.3,0,,0,,,,0.84,0.555,1.272,,,,,,,0.958,102,90,0.451,0.389,0.862,4,3,,,,,,,1.549,0.887,2.706,0.687,0.93,1.025,,,,Playmaker,-0.78,,,1.44,1.39,EuroCup,2022-23,intl
Luke Nelson,147,110,37,11,1,150.0,113,43.4,106.6,33,56.1,16.6,12,83.3,39.7,43.6,0,,0,,,,0.963,0.723,1.283,,,,,,,0.841,94,78,0.404,0.462,1.142,4,7,,,,,,,0.823,0.442,1.534,1.043,1.19,0.948,,,,Playmaker,-0.26,,,0.67,-0.51,EuroCup,2022-23,intl
Isiaha Mike,145,122,23,8,10,75.0,119,55.9,19.1,37,68.9,16.2,15,56.7,57.5,-0.8,0,,0,,,,0.984,0.779,1.243,,,,,,,0.719,76,86,0.408,0.407,0.998,2,4,,,,,,,0.933,0.567,1.534,1.016,1.273,0.954,,,,Wing,-0.23,,,0.41,-0.13,EuroCup,2022-23,intl
Kyle Allman,145,98,47,13,7,78.6,136,47.1,31.5,37,47.3,-1.8,12,50.0,48.5,1.5,0,,0,,,,0.814,0.657,1.008,,,,,,,0.904,96,87,0.531,0.402,0.757,8,6,,,,,,,0.831,0.501,1.38,0.912,1.0,0.771,,,,Wing,-1.25,,,1.23,-0.4,EuroCup,2022-23,intl
Henry Ellenson,144,118,26,10,5,60.0,140,58.6,1.4,35,61.4,3.7,14,46.4,59.9,-13.5,0,,0,,,,1.028,0.905,1.166,,,,,,,0.65,87,74,0.506,0.378,0.748,4,2,,,,,,,1.025,0.681,1.544,1.095,0.939,0.958,,,,Big,-0.05,,,0.38,-0.02,EuroCup,2022-23,intl
Thomas Klepeisz,142,127,15,5,1,0.0,89,65.2,-65.2,20,40.0,-31.4,10,30.0,68.8,-38.8,0,,0,,,,0.891,0.544,1.461,,,,,,,0.75,83,66,0.277,0.394,1.422,1,3,,,,,,,0.487,0.144,1.65,1.058,1.205,0.885,,,,Playmaker,-0.56,,,0.07,-1.4,EuroCup,2022-23,intl
Damien Inglis,142,123,19,8,7,57.1,118,53.4,3.8,24,54.2,0.7,23,41.3,56.4,-15.1,0,,0,,,,0.991,0.773,1.271,,,,,,,0.594,72,82,0.347,0.427,1.229,3,3,,,,,,,0.832,0.471,1.468,0.935,1.111,1.023,,,,Wing,-0.19,,,-0.14,-0.4,EuroCup,2022-23,intl
Karim Jallow,141,119,22,10,9,66.7,126,55.6,11.1,21,52.4,-4.6,15,63.3,55.4,7.9,0,,0,,,,0.979,0.819,1.17,,,,,,,0.55,87,65,0.402,0.508,1.262,3,3,,,,,,,0.749,0.431,1.304,0.886,1.137,0.986,,,,Wing,-0.26,,,-0.34,-0.62,EuroCup,2022-23,intl
Vojtech Hruban,141,110,31,12,5,40.0,138,50.7,-10.7,45,63.3,18.9,5,60.0,50.0,10.0,0,,0,,,,1.116,0.964,1.293,,,,,,,0.646,75,93,0.507,0.473,0.934,5,4,,,,,,,0.93,0.574,1.508,0.896,1.145,1.143,,,,Wing,0.56,,,0.09,-0.14,EuroCup,2022-23,intl
Vytenis Lipkevicius,137,123,14,6,8,50.0,96,53.1,-3.1,23,47.8,-6.5,18,36.1,56.4,-20.3,0,,0,,,,0.888,0.592,1.333,,,,,,,0.583,62,82,0.452,0.39,0.864,3,2,,,,,,,1.014,0.471,2.185,0.786,1.417,0.921,,,,Wing,-0.81,,,-0.19,0.08,EuroCup,2022-23,intl
Aamir Simms,135,104,31,11,3,33.3,132,61.7,-28.4,30,55.0,-7.9,12,66.7,60.6,6.1,0,,0,,,,0.936,0.759,1.154,,,,,,,0.705,78,84,0.321,0.488,1.523,3,6,,,,,,,0.932,0.619,1.403,1.066,1.117,0.973,,,,Wing,-0.52,,,0.35,-0.13,EuroCup,2022-23,intl
Vitor Benite,135,99,36,15,7,0.0,142,48.9,-48.9,33,43.9,-3.5,15,43.3,47.0,-3.7,0,,0,,,,1.027,0.931,1.134,,,,,,,0.6,92,68,0.565,0.647,1.145,9,4,,,,,,,0.775,0.45,1.334,1.045,1.041,1.038,,,,Wing,0.03,,,-0.12,-0.55,EuroCup,2022-23,intl
Trent Lockett,134,116,18,10,0,,116,48.7,,24,50.0,1.6,8,25.0,50.5,-25.5,0,,0,,,,0.931,0.688,1.26,,,,,,,0.45,80,69,0.463,0.42,0.909,3,4,,,,,,,1.351,0.831,2.195,0.773,0.906,0.967,,,,Wing,-0.55,,,-0.78,0.98,EuroCup,2022-23,intl
Guillem Vives,134,119,15,6,1,0.0,75,56.7,-56.7,22,29.5,-37.1,13,19.2,63.5,-44.3,0,,0,,,,0.756,0.397,1.437,,,,,,,0.625,65,78,0.262,0.359,1.373,1,3,,,,,,,2.019,1.27,3.21,1.085,,0.778,,,,Wing,-1.6,,,-0.01,2.75,EuroCup,2022-23,intl
Chinanu Onuaku,134,114,20,6,3,100.0,116,59.9,40.1,21,66.7,7.0,6,50.0,61.5,-11.5,0,,0,,,,1.267,,,,,,,,,0.833,73,71,0.356,0.296,0.83,1,2,,,,,,,1.045,0.729,1.497,1.214,1.24,1.206,,,,Big,1.2,,,1.15,0.04,EuroCup,2022-23,intl
Kenny Gabriel,134,104,30,11,9,50.0,121,58.7,-8.7,30,45.0,-17.0,14,82.1,55.2,27.0,0,,0,,,,0.914,0.754,1.109,,,,,,,0.682,72,79,0.431,0.519,1.205,5,5,,,,,,,0.887,0.55,1.432,1.031,0.952,0.914,,,,Wing,-0.65,,,0.25,-0.25,EuroCup,2022-23,intl
Pau Ribas,133,117,16,4,2,50.0,82,62.8,-12.8,17,58.8,-4.6,7,35.7,64.9,-29.2,0,,0,,,,0.968,0.612,1.531,,,,,,,1.0,75,68,0.307,0.265,0.863,4,1,,,,,,,1.259,0.754,2.104,1.414,1.747,0.942,,,,Wing,-0.33,,,1.66,0.74,EuroCup,2022-23,intl
Pierre Pelos,133,123,10,6,3,50.0,126,67.9,-17.9,35,78.6,15.3,13,69.2,67.2,2.0,0,,0,,,,1.098,,,,,,,,,0.417,69,71,0.348,0.423,1.215,2,1,,,,,,,0.631,0.292,1.366,1.021,1.09,1.098,,,,Wing,0.45,,,-0.93,-0.93,EuroCup,2022-23,intl
Bar Timor,132,114,18,7,1,100.0,89,44.9,55.1,26,34.6,-15.4,11,63.6,43.0,20.6,0,,0,,,,0.995,0.67,1.479,,,,,,,0.643,77,67,0.403,0.358,0.89,3,4,,,,,,,0.848,0.371,1.94,1.036,0.629,0.92,,,,Wing,-0.17,,,0.07,-0.36,EuroCup,2022-23,intl
Drew Crawford,130,105,25,7,7,35.7,118,60.2,-24.5,38,64.5,8.2,5,40.0,59.6,-19.6,0,,0,,,,1.062,0.897,1.257,,,,,,,0.893,77,71,0.442,0.451,1.021,3,2,,,,,,,0.791,0.46,1.36,0.982,1.038,1.058,,,,Wing,0.24,,,1.19,-0.51,EuroCup,2022-23,intl
Seth Hinrichs,130,122,8,2,3,116.7,76,57.2,59.4,17,55.9,-4.6,2,0.0,61.0,-61.0,0,,0,,,,1.289,0.841,1.976,,,,,,,1.0,69,65,0.348,0.2,0.575,2,0,,,,,,,0.289,0.048,1.746,1.127,0.963,1.014,,,,Wing,1.6,,,1.66,-1.84,EuroCup,2022-23,intl
Kosta Koufos,129,108,21,8,0,,122,57.4,,22,77.3,24.3,9,55.6,57.5,-2.0,0,,0,,,,0.94,0.754,1.172,,,,,,,0.656,72,69,0.347,0.391,1.127,2,5,,,,,,,1.393,1.055,1.838,0.996,1.162,0.968,,,,Big,-0.51,,,0.41,1.07,EuroCup,2022-23,intl
David Cournooh,128,105,23,10,1,0.0,113,47.3,-47.3,25,48.0,1.4,21,38.1,48.9,-10.8,0,,0,,,,1.1,0.913,1.325,,,,,,,0.575,82,59,0.512,0.441,0.86,6,1,,,,,,,0.764,0.402,1.452,1.15,0.904,1.063,,,,Wing,0.46,,,-0.23,-0.58,EuroCup,2022-23,intl
Trevis Simpson,128,113,15,9,5,0.0,121,57.0,-57.0,25,48.0,-8.4,26,65.4,52.0,13.4,0,,0,,,,0.812,0.595,1.109,,,,,,,0.417,73,69,0.548,0.449,0.82,4,5,,,,,,,0.175,0.027,1.144,1.097,0.636,0.809,,,,Wing,-1.26,,,-0.93,-2.14,EuroCup,2022-23,intl
Miquel Salvo,127,114,13,4,2,75.0,100,51.5,23.5,33,59.1,10.5,5,20.0,53.6,-33.6,0,,0,,,,0.94,0.643,1.372,,,,,,,0.812,61,76,0.393,0.382,0.97,1,0,,,,,,,0.889,0.415,1.903,0.927,0.968,1.035,,,,Wing,-0.5,,,0.83,-0.25,EuroCup,2022-23,intl
Gauthier Denis,126,94,32,12,4,75.0,120,57.5,17.5,28,55.4,-3.5,10,0.0,63.2,-63.2,0,,0,,,,0.907,0.742,1.108,,,,,,,0.667,78,67,0.564,0.418,0.741,6,4,,,,,,,1.048,0.629,1.747,1.003,0.735,0.922,,,,Wing,-0.69,,,0.18,0.18,EuroCup,2022-23,intl
Aleksander Balcerowski,126,125,1,3,0,,111,68.9,,23,63.0,-7.4,17,73.5,68.1,5.4,0,,0,,,,,,,,,,,,,0.083,78,51,0.256,0.373,1.453,1,0,,,,,,,,,,0.96,,,,,,,,,,,,EuroCup,2022-23,intl
Nemanja Gordic,125,118,7,5,5,100.0,81,53.1,46.9,26,67.3,16.5,15,56.7,55.6,1.0,0,,0,,,,1.367,0.98,1.907,,,,,,,0.35,65,66,0.369,0.333,0.903,1,3,,,,,,,1.0,0.435,2.298,1.085,1.562,1.395,,,,Wing,2.06,,,-1.23,0.05,EuroCup,2022-23,intl
Alpha Kaba,125,94,31,12,3,100.0,132,51.5,48.5,33,57.6,6.6,15,20.0,56.7,-36.7,0,,0,,,,0.92,0.797,1.062,,,,,,,0.646,81,64,0.444,0.438,0.984,5,3,,,,,,,1.144,0.81,1.615,0.962,0.98,0.935,,,,Big,-0.61,,,0.36,0.33,EuroCup,2022-23,intl
Jp Tokoto,123,109,14,6,4,25.0,97,56.7,-31.7,17,47.1,-10.1,9,55.6,55.4,0.1,0,,0,,,,1.126,0.887,1.428,,,,,,,0.583,84,46,0.357,0.348,0.974,2,2,,,,,,,0.72,0.36,1.442,1.212,0.971,1.051,,,,Wing,0.62,,,-0.19,-0.7,EuroCup,2022-23,intl
James Woodard,122,91,31,9,12,70.8,115,46.5,24.3,33,60.6,15.9,13,26.9,51.3,-24.4,0,,0,,,,0.965,0.778,1.197,,,,,,,0.861,74,84,0.527,0.452,0.858,6,5,,,,,,,0.553,0.265,1.156,1.067,0.976,1.0,,,,Wing,-0.35,,,1.04,-1.14,EuroCup,2022-23,intl
Frantz Massenat,122,111,11,7,3,83.3,99,59.1,24.2,30,68.3,12.1,16,78.1,56.4,21.7,0,,0,,,,1.321,,,,,,,,,0.393,65,65,0.4,0.431,1.077,1,4,,,,,,,1.091,0.611,1.949,1.183,1.027,1.211,,,,Playmaker,1.25,,,-2.29,0.19,EuroCup,2022-23,intl
Jakub Niziol,121,94,27,10,5,20.0,112,43.3,-23.3,18,30.6,-13.9,7,42.9,42.3,0.6,0,,0,,,,1.064,0.861,1.315,,,,,,,0.675,84,65,0.452,0.523,1.156,2,5,,,,,,,1.129,0.659,1.931,0.921,1.033,1.059,,,,Wing,0.25,,,0.22,0.39,EuroCup,2022-23,intl
Toto Forray,121,86,35,14,0,,117,38.0,,25,46.0,10.1,14,39.3,37.9,1.4,0,,0,,,,0.878,0.695,1.107,,,,,,,0.625,68,78,0.574,0.538,0.939,3,6,,,,,,,0.852,0.418,1.737,0.958,0.931,0.901,,,,Playmaker,-0.62,,,-0.76,-0.44,EuroCup,2022-23,intl
Nikolaos Gkikas,120,104,16,9,13,92.3,79,40.5,51.8,43,51.2,6.3,9,44.4,48.2,-3.7,0,,0,,,,1.036,0.725,1.482,,,,,,,0.444,60,75,0.433,0.427,0.985,1,2,,,,,,,1.756,1.018,3.03,1.072,,1.031,,,,Wing,0.08,,,-0.81,2.05,EuroCup,2022-23,intl
Bruno Caboclo,120,106,14,5,1,100.0,121,64.0,36.0,31,64.5,0.2,8,43.8,65.8,-22.0,0,,0,,,,0.984,0.845,1.147,,,,,,,0.7,67,62,0.343,0.387,1.128,2,2,,,,,,,1.099,0.742,1.627,0.996,0.923,1.002,,,,Big,-0.28,,,0.59,0.2,EuroCup,2022-23,intl
Erick Green,120,105,15,6,3,33.3,112,67.0,-33.6,34,66.2,0.1,19,52.6,68.8,-16.1,0,,0,,,,1.193,,,,,,,,,0.625,68,67,0.382,0.373,0.976,2,2,,,,,,,1.344,0.938,1.927,1.095,1.192,1.026,,,,Playmaker,0.71,,,-0.76,0.86,EuroCup,2022-23,intl
Karel Guzman,119,104,15,5,2,125.0,93,53.2,71.8,23,69.6,19.6,12,91.7,49.4,42.3,0,,0,,,,1.067,0.809,1.406,,,,,,,0.75,67,59,0.433,0.373,0.861,2,2,,,,,,,0.855,0.422,1.735,0.963,1.003,0.935,,,,Playmaker,0.18,,,0.07,-0.43,EuroCup,2022-23,intl
Joe Young,118,83,35,10,8,43.8,112,53.1,-9.4,35,45.7,-9.6,14,57.1,51.9,5.3,0,,0,,,,1.022,0.836,1.249,,,,,,,0.875,81,72,0.432,0.417,0.964,7,4,,,,,,,1.055,0.693,1.606,1.049,1.017,0.988,,,,Playmaker,-0.01,,,0.89,0.1,EuroCup,2022-23,intl
Axel Toupane,118,88,30,12,4,37.5,113,38.9,-1.4,29,25.9,-17.3,9,44.4,38.4,6.0,0,,0,,,,1.148,0.976,1.35,,,,,,,0.625,74,68,0.473,0.632,1.337,5,6,,,,,,,0.426,0.185,0.982,1.061,1.101,1.151,,,,Wing,0.75,,,-0.01,-1.48,EuroCup,2022-23,intl
Joe Thomasson,117,98,19,7,2,0.0,106,56.6,-56.6,31,46.8,-12.3,14,60.7,54.8,5.9,0,,0,,,,1.058,0.85,1.317,,,,,,,0.679,60,74,0.383,0.459,1.199,1,5,,,,,,,0.58,0.273,1.235,1.131,1.136,1.005,,,,Wing,0.21,,,0.23,-1.07,EuroCup,2022-23,intl
Emanuel Cate,116,110,6,2,3,66.7,94,68.1,-1.4,20,70.0,2.5,9,44.4,70.5,-26.0,0,,0,,,,1.042,0.72,1.508,,,,,,,0.75,73,47,0.274,0.255,0.932,1,0,,,,,,,1.467,,,1.024,,1.094,,,,Big,0.02,,,0.8,1.3,EuroCup,2022-23,intl
Khalifa Diop,114,110,4,2,7,57.1,98,66.3,-9.2,30,73.3,10.7,16,75.0,64.0,11.0,0,,0,,,,0.825,0.467,1.457,,,,,,,0.5,54,62,0.333,0.29,0.871,1,1,,,,,,,1.01,0.448,2.276,1.02,,0.825,,,,Big,-1.11,,,-0.25,-0.07,EuroCup,2022-23,intl
Stefan Bircevic,114,91,23,10,5,100.0,110,51.4,48.6,26,57.7,5.4,19,34.2,57.3,-23.1,0,,0,,,,1.039,0.896,1.203,,,,,,,0.575,75,55,0.52,0.509,0.979,7,4,,,,,,,0.802,0.444,1.45,1.086,0.944,1.016,,,,Big,0.01,,,0.06,-0.69,EuroCup,2022-23,intl
Gyorgy Goloman,111,106,5,3,1,100.0,102,65.2,34.8,20,57.5,-10.0,15,53.3,67.6,-14.3,0,,0,,,,1.116,,,,,,,,,0.417,64,50,0.375,0.34,0.907,1,1,,,,,,,0.644,0.218,1.906,1.049,,1.116,,,,Big,0.41,,,-0.6,-1.16,EuroCup,2022-23,intl
Edo Muric,111,91,20,8,4,25.0,110,59.1,-34.1,32,48.4,-13.1,10,40.0,59.6,-19.6,0,,0,,,,1.081,0.953,1.226,,,,,,,0.625,62,67,0.5,0.522,1.045,3,5,,,,,,,0.997,0.589,1.689,1.011,1.128,1.014,,,,Wing,0.35,,,-0.01,0.04,EuroCup,2022-23,intl
Amar Alibegovic,110,86,24,9,7,42.9,109,48.6,-5.8,34,54.4,8.7,9,55.6,47.7,7.9,0,,0,,,,1.051,0.909,1.215,,,,,,,0.667,61,72,0.557,0.431,0.772,6,2,,,,,,,0.758,0.415,1.382,1.073,0.896,0.966,,,,Big,0.07,,,0.45,-0.82,EuroCup,2022-23,intl
Gabrielius Maldunas,110,110,0,2,4,50.0,79,59.5,-9.5,20,65.0,7.9,9,44.4,60.8,-16.4,0,,0,,,,,,,,,,,,,0.0,57,55,0.333,0.273,0.818,0,0,,,,,,,,,,0.925,,,,,,,,,,,,EuroCup,2022-23,intl
Robin Christen,109,85,24,8,5,130.0,106,58.5,71.5,31,79.0,24.0,15,53.3,63.0,-9.7,0,,0,,,,0.986,0.863,1.128,,,,,,,0.75,58,62,0.483,0.516,1.069,5,3,,,,,,,0.788,0.457,1.36,0.93,1.094,0.996,,,,Wing,-0.22,,,0.55,-0.52,EuroCup,2022-23,intl
Jaylen Hoard,109,105,4,2,0,,95,69.5,,31,71.0,2.2,5,20.0,72.2,-52.2,0,,0,,,,1.18,,,,,,,,,0.5,54,57,0.278,0.246,0.884,0,1,,,,,,,0.706,0.263,1.899,0.897,,1.18,,,,Wing,0.94,,,-0.56,-0.73,EuroCup,2022-23,intl
Daniel Golebiowski,105,89,16,6,2,50.0,82,43.3,6.7,17,47.1,4.5,13,19.2,47.9,-28.7,0,,0,,,,1.346,1.117,1.622,,,,,,,0.667,55,58,0.418,0.483,1.154,1,4,,,,,,,1.113,0.602,2.059,1.103,1.26,1.276,,,,Wing,1.94,,,0.18,0.35,EuroCup,2022-23,intl
Ismael Kamagate,105,105,0,0,5,100.0,92,75.0,25.0,23,69.6,-8.8,3,33.3,77.7,-44.3,0,,0,,,,,,,,,,,,,,60,45,0.217,0.222,1.026,0,0,,,,,,,,,,0.712,,,,,,Big,,,,,,EuroCup,2022-23,intl
Allerik Freeman,103,75,28,8,6,66.7,96,48.4,18.2,25,64.0,19.2,12,54.2,48.9,5.3,0,,0,,,,1.027,0.835,1.262,,,,,,,0.875,69,56,0.507,0.482,0.951,5,3,,,,,,,0.702,0.355,1.389,1.136,1.021,1.015,,,,Wing,0.03,,,1.11,-0.74,EuroCup,2022-23,intl
Brandon Paul,103,67,36,11,3,50.0,109,59.2,-9.2,24,79.2,25.8,14,60.7,58.7,2.0,0,,0,,,,0.931,0.803,1.079,,,,,,,0.818,57,69,0.579,0.449,0.776,5,5,,,,,,,0.966,0.603,1.545,1.004,0.902,0.887,,,,Wing,-0.55,,,0.85,-0.04,EuroCup,2022-23,intl
Joshua Hawley,103,82,21,8,2,50.0,107,47.7,2.3,21,40.5,-9.0,11,27.3,50.0,-22.7,0,,0,,,,1.038,,,,,,,,,0.656,72,40,0.528,0.6,1.137,4,1,,,,,,,1.045,0.628,1.739,1.061,1.031,1.038,,,,,,,,,,EuroCup,2022-23,intl
Illia Sydorov,101,76,25,10,0,,95,46.3,,15,56.7,12.3,14,50.0,45.7,4.3,0,,0,,,,1.013,0.83,1.237,,,,,,,0.625,60,54,0.517,0.5,0.968,3,5,,,,,,,1.038,0.584,1.846,0.97,0.716,1.02,,,,,,,,,,EuroCup,2022-23,intl
George Conditt Iv,100,91,9,3,3,66.7,91,62.6,4.0,19,63.2,0.5,15,26.7,69.6,-43.0,0,,0,,,,0.874,0.612,1.248,,,,,,,0.75,51,56,0.392,0.268,0.683,1,0,,,,,,,1.361,0.964,1.923,0.923,,0.867,,,,Big,-0.85,,,0.8,0.98,EuroCup,2022-23,intl
Stefan Peno,100,90,10,5,6,16.7,51,45.1,-28.4,16,40.6,-2.1,9,38.9,42.7,-3.8,0,,0,,,,1.565,1.081,2.266,,,,,,,0.5,59,46,0.305,0.391,1.283,2,2,,,,,,,0.958,0.365,2.514,1.644,1.633,1.565,,,,Playmaker,2.28,,,-1.58,-0.16,EuroCup,2022-23,intl
Tai Odiase,99,94,5,3,3,66.7,87,60.9,5.7,16,62.5,1.7,16,68.8,59.5,9.3,0,,0,,,,1.146,,,,,,,,,0.417,60,42,0.383,0.286,0.745,0,0,,,,,,,1.286,0.804,2.057,1.065,,1.146,,,,Big,0.57,,,-0.6,0.76,EuroCup,2022-23,intl
Oleksandr Lypovyy,99,91,8,9,0,,92,49.5,,22,50.0,0.7,4,0.0,51.7,-51.7,0,,0,,,,1.048,0.794,1.383,,,,,,,0.222,53,57,0.453,0.579,1.279,1,1,,,,,,,1.401,0.698,2.811,1.263,,0.838,,,,Wing,0.15,,,-1.8,1.11,EuroCup,2022-23,intl
Aaron Best,98,80,18,8,1,100.0,92,54.3,45.7,25,52.0,-3.9,11,36.4,57.3,-21.0,0,,0,,,,0.915,0.703,1.191,,,,,,,0.562,38,73,0.553,0.384,0.694,2,3,,,,,,,1.567,1.029,2.387,0.886,1.018,0.896,,,,Wing,-0.64,,,-0.29,1.55,EuroCup,2022-23,intl
Jordan Parks,97,86,11,4,2,125.0,87,54.0,71.0,15,66.7,13.3,7,35.7,57.3,-21.6,0,,0,,,,1.229,,,,,,,,,0.688,59,46,0.441,0.413,0.937,2,1,,,,,,,1.273,0.769,2.108,1.223,1.19,1.229,,,,Wing,1.24,,,0.27,0.77,EuroCup,2022-23,intl
Miye Oni,96,80,16,5,6,75.0,75,52.7,22.3,23,69.6,21.3,5,30.0,55.9,-25.9,0,,0,,,,1.273,1.004,1.613,,,,,,,0.8,50,60,0.52,0.3,0.577,4,1,,,,,,,1.366,0.788,2.369,1.17,1.146,1.222,,,,Wing,1.5,,,0.77,1.02,EuroCup,2022-23,intl
Aleksej Nikolic,95,89,6,5,2,75.0,52,55.8,19.2,17,41.2,-22.3,17,47.1,60.8,-13.8,0,,0,,,,1.319,0.722,2.407,,,,,,,0.3,58,42,0.224,0.452,2.018,1,3,,,,,,,0.536,0.095,3.009,1.478,1.885,1.319,,,,Wing,1.78,,,-1.45,-1.18,EuroCup,2022-23,intl
Simon Birgander,92,88,4,2,3,100.0,76,57.9,42.1,19,63.2,4.8,8,62.5,59.2,3.3,0,,0,,,,0.587,0.219,1.569,,,,,,,0.5,48,46,0.354,0.326,0.921,0,1,,,,,,,0.833,0.206,3.373,1.114,,0.587,,,,Big,-2.35,,,-0.25,-0.59,EuroCup,2022-23,intl
Yigitcan Saybir,92,78,14,5,2,50.0,89,50.6,-0.6,13,50.0,-0.6,5,80.0,48.8,31.2,0,,0,,,,1.065,0.9,1.26,,,,,,,0.7,62,40,0.5,0.45,0.9,3,0,,,,,,,1.144,0.652,2.009,0.964,1.128,1.083,,,,Wing,0.25,,,0.33,0.43,EuroCup,2022-23,intl
Vassilis Mouratos,91,91,0,1,1,100.0,54,44.4,55.6,9,50.0,5.4,17,50.0,43.4,6.6,0,,0,,,,,,,,,,,,,0.0,55,37,0.382,0.324,0.849,0,1,,,,,,,,,,0.772,,,,,,,,,,,,EuroCup,2022-23,intl
Fedor Zugic,90,77,13,10,2,0.0,88,40.9,-40.9,22,29.5,-13.8,3,33.3,40.2,-6.9,0,,0,,,,1.149,,,,,,,,,0.325,58,42,0.483,0.738,1.529,2,2,,,,,,,0.172,0.026,1.151,1.185,1.13,1.149,,,,Wing,0.76,,,-1.34,-2.15,EuroCup,2022-23,intl
Marko Jagodic-Kuridza,90,79,11,4,2,50.0,76,55.3,-5.3,20,45.0,-13.6,10,40.0,57.4,-17.4,0,,0,,,,1.026,0.76,1.385,,,,,,,0.688,49,49,0.408,0.449,1.1,2,1,,,,,,,1.448,0.849,2.47,0.729,,1.075,,,,Wing,0.02,,,0.27,1.24,EuroCup,2022-23,intl
John Petrucelli,90,65,25,7,4,62.5,85,49.4,13.1,23,43.5,-8.8,13,38.5,52.0,-13.5,0,,0,,,,1.135,0.995,1.293,,,,,,,0.893,52,50,0.558,0.46,0.825,3,2,,,,,,,1.354,0.83,2.211,1.136,0.936,1.05,,,,Wing,0.67,,,1.19,0.99,EuroCup,2022-23,intl
Nemanja Dangubic,89,73,16,6,1,100.0,84,47.0,53.0,19,71.1,30.1,13,19.2,52.8,-33.5,0,,0,,,,0.957,0.742,1.234,,,,,,,0.667,51,49,0.549,0.449,0.818,3,1,,,,,,,0.477,0.171,1.33,1.013,0.83,0.953,,,,Wing,-0.39,,,0.18,-1.34,EuroCup,2022-23,intl
Amedeo Tessitori,88,88,0,1,3,100.0,72,65.3,34.7,20,55.0,-15.9,9,38.9,70.5,-31.6,0,,0,,,,,,,,,,,,,0.0,48,41,0.229,0.415,1.809,0,0,,,,,,,,,,0.966,,,,,,Big,,,,-2.36,,EuroCup,2022-23,intl
Anthony Polite,87,62,25,7,3,83.3,90,55.6,27.8,17,35.3,-25.9,7,64.3,55.8,8.5,0,,0,,,,0.93,0.769,1.124,,,,,,,0.893,59,46,0.458,0.435,0.95,3,3,,,,,,,0.946,0.591,1.515,0.935,1.154,0.917,,,,Wing,-0.55,,,1.19,-0.1,EuroCup,2022-23,intl
Christoph Philipps,87,78,9,4,1,0.0,72,66.7,-66.7,21,57.1,-12.1,9,50.0,68.0,-18.0,0,,0,,,,1.137,0.877,1.473,,,,,,,0.562,47,44,0.34,0.409,1.202,0,1,,,,,,,1.43,0.897,2.278,1.075,1.261,1.137,,,,Wing,0.69,,,-0.29,1.19,EuroCup,2022-23,intl
Mantas Rubstavicius,87,78,9,3,0,,63,42.9,,10,45.0,2.5,7,14.3,46.4,-32.1,0,,0,,,,0.619,0.294,1.302,,,,,,,0.75,51,39,0.451,0.41,0.91,1,2,,,,,,,1.273,0.453,3.574,0.863,0.713,0.619,,,,Wing,-2.42,,,0.55,0.77,EuroCup,2022-23,intl
Maxime Courby,86,83,3,2,2,50.0,70,60.0,-10.0,26,59.6,-0.2,11,59.1,59.8,-0.7,0,,0,,,,1.239,,,,,,,,,0.375,41,47,0.463,0.404,0.872,0,1,,,,,,,1.396,0.604,3.228,1.16,1.232,1.239,,,,Wing,1.3,,,-1.12,1.1,EuroCup,2022-23,intl
Zoran Dragic,85,65,20,6,0,,70,45.7,,11,50.0,5.1,6,50.0,45.3,4.7,0,,0,,,,0.867,0.585,1.284,,,,,,,0.833,48,52,0.458,0.442,0.965,2,2,,,,,,,0.417,0.112,1.552,1.187,1.0,0.912,,,,Wing,-0.93,,,0.92,-1.5,EuroCup,2022-23,intl
Marko Jeremic,84,70,14,7,6,50.0,80,59.4,-9.4,21,50.0,-11.5,11,68.2,57.3,10.8,0,,0,,,,1.094,,,,,,,,,0.5,47,45,0.553,0.578,1.044,4,1,,,,,,,0.816,0.383,1.738,1.023,1.08,1.094,,,,Wing,0.43,,,-0.56,-0.44,EuroCup,2022-23,intl
Jaleel O'Brien,84,59,25,8,0,,88,48.3,,11,54.5,7.1,20,30.0,53.7,-23.7,0,,0,,,,1.044,0.9,1.211,,,,,,,0.781,58,40,0.534,0.375,0.702,4,2,,,,,,,1.413,0.93,2.148,0.961,0.932,1.006,,,,,,,,,,EuroCup,2022-23,intl
Jonas Wohlfarth-Bottermann,83,79,4,3,1,0.0,78,55.8,-55.8,18,44.4,-13.8,9,55.6,55.0,0.6,0,,0,,,,1.113,,,,,,,,,0.333,47,40,0.489,0.325,0.664,2,0,,,,,,,1.365,0.747,2.497,1.128,,1.113,,,,Big,0.4,,,-0.95,0.99,EuroCup,2022-23,intl
Jeff Brooks,83,79,4,2,2,75.0,68,53.7,21.3,13,61.5,8.9,16,65.6,50.9,14.7,0,,0,,,,1.234,,,,,,,,,0.5,50,35,0.38,0.457,1.203,0,1,,,,,,,,,,0.868,1.227,1.234,,,,Wing,1.27,,,-0.56,,EuroCup,2022-23,intl
Matic Rebec,82,75,7,3,1,0.0,46,27.2,-27.2,15,30.0,5.0,5,40.0,25.0,15.0,0,,0,,,,1.158,0.586,2.289,,,,,,,0.583,48,43,0.396,0.395,0.999,1,1,,,,,,,0.925,0.156,5.474,1.198,2.0,1.351,,,,Playmaker,0.56,,,-1.03,-0.24,EuroCup,2022-23,intl
Conor Morgan,82,53,29,9,2,0.0,87,52.3,-52.3,17,67.6,20.4,8,81.2,48.1,33.1,0,,0,,,,0.932,0.814,1.066,,,,,,,0.806,42,53,0.69,0.415,0.601,5,1,,,,,,,1.744,1.079,2.818,1.023,0.845,0.915,,,,Wing,-0.54,,,0.8,2.02,EuroCup,2022-23,intl
Benas Griciunas,82,72,10,5,4,75.0,80,60.0,15.0,15,53.3,-9.0,12,50.0,62.5,-12.5,0,,0,,,,1.075,,,,,,,,,0.5,52,37,0.327,0.432,1.323,2,2,,,,,,,0.914,0.535,1.56,1.091,,1.075,,,,Big,0.2,,,-0.25,-0.35,EuroCup,2022-23,intl
Jeremy Evans,82,77,5,5,0,,75,57.3,,12,16.7,-48.4,5,70.0,56.4,13.6,0,,0,,,,0.69,0.335,1.418,,,,,,,0.25,53,34,0.302,0.559,1.851,1,2,,,,,,,0.573,0.114,2.874,1.133,1.164,0.69,,,,Big,-1.82,,,-1.3,-1.37,EuroCup,2022-23,intl
Troy Caupain,80,59,21,8,3,0.0,60,40.0,-40.0,12,20.8,-21.3,16,28.1,41.5,-13.4,0,,0,,,,1.249,0.912,1.71,,,,,,,0.656,50,44,0.46,0.432,0.939,4,2,,,,,,,1.312,0.637,2.703,1.432,1.007,1.12,,,,Wing,1.36,,,0.13,0.88,EuroCup,2022-23,intl
Luca Conti,79,66,13,4,1,150.0,73,54.1,95.9,22,56.8,2.0,6,16.7,58.8,-42.2,0,,0,,,,0.7,0.451,1.086,,,,,,,0.812,41,47,0.439,0.447,1.018,2,0,,,,,,,1.343,0.734,2.455,0.794,0.723,0.738,,,,Wing,-1.93,,,0.83,0.96,EuroCup,2022-23,intl
Idan Zalmanson,79,78,1,4,0,,62,46.8,,16,56.2,12.8,3,33.3,47.5,-14.1,0,,0,,,,1.368,,,,,,,,,0.062,46,37,0.37,0.432,1.17,0,1,,,,,,,2.036,,,1.099,,1.368,,,,Big,1.73,,,-2.1,2.99,EuroCup,2022-23,intl
Ridvan Oncel,78,78,0,0,0,,44,56.8,,12,50.0,-9.4,4,75.0,55.0,20.0,0,,0,,,,,,,,,,,,,,42,36,0.262,0.306,1.167,0,0,,,,,,,,,,0.885,,,,,,Wing,,,,,,EuroCup,2022-23,intl
Alexandre Chassang,78,68,10,5,0,,64,39.8,,15,56.7,22.0,1,0.0,40.5,-40.5,0,,0,,,,0.77,0.457,1.297,,,,,,,0.5,48,36,0.542,0.417,0.769,1,0,,,,,,,0.883,0.271,2.884,0.929,0.992,0.816,,,,Wing,-1.51,,,-0.56,-0.26,EuroCup,2022-23,intl
Igor Drobnjak,77,62,15,7,0,,68,44.1,,14,50.0,7.4,7,21.4,46.7,-25.3,0,,0,,,,1.012,0.762,1.344,,,,,,,0.536,43,42,0.512,0.452,0.884,3,2,,,,,,,1.225,0.634,2.367,1.09,0.944,1.028,,,,Wing,-0.06,,,-0.4,0.65,EuroCup,2022-23,intl
Riccardo Moraschini,77,66,11,4,3,50.0,65,50.0,0.0,15,43.3,-8.6,17,44.1,52.0,-7.8,0,,0,,,,1.269,,,,,,,,,0.688,47,35,0.426,0.514,1.209,2,0,,,,,,,0.945,0.467,1.916,1.168,1.219,1.269,,,,Wing,1.48,,,0.27,-0.1,EuroCup,2022-23,intl
Gediminas Orelik,77,61,16,4,0,,72,64.6,,16,65.6,1.3,3,100.0,63.0,37.0,0,,0,,,,1.16,0.918,1.466,,,,,,,1.0,50,42,0.44,0.333,0.758,3,2,,,,,,,0.758,0.394,1.461,0.847,1.091,1.083,,,,Wing,0.82,,,1.66,-0.59,EuroCup,2022-23,intl
Omer Utku Al,75,73,2,1,1,100.0,48,47.9,52.1,7,71.4,26.2,5,50.0,48.9,1.1,0,,0,,,,,,,,,,,,,0.5,51,25,0.431,0.28,0.649,0,0,,,,,,,,,,0.793,,,,,,,,,,,,EuroCup,2022-23,intl
Phil Booth,75,65,10,3,5,60.0,60,45.8,14.2,16,50.0,4.1,8,18.8,50.9,-32.1,0,,0,,,,1.0,0.717,1.395,,,,,,,0.833,40,41,0.45,0.488,1.084,1,1,,,,,,,0.848,0.329,2.182,0.938,1.082,1.042,,,,Wing,-0.14,,,0.92,-0.36,EuroCup,2022-23,intl
Andrea De Nicolao,75,72,3,2,1,150.0,54,47.2,102.8,20,50.0,1.4,7,57.1,47.9,9.2,0,,0,,,,0.462,0.093,2.301,,,,,,,0.375,37,40,0.459,0.425,0.925,1,0,,,,,,,2.6,,,0.87,,0.462,,,,Playmaker,-2.38,,,-2.41,4.16,EuroCup,2022-23,intl
Edin Atic,75,72,3,4,4,25.0,56,40.2,-15.2,15,36.7,-3.3,12,0.0,49.0,-49.0,0,,0,,,,1.358,,,,,,,,,0.188,39,40,0.513,0.475,0.926,0,1,,,,,,,1.86,0.773,4.472,0.946,,1.358,,,,Wing,2.01,,,-1.95,2.33,EuroCup,2022-23,intl
Nicola Akele,74,69,5,5,1,0.0,65,50.8,-50.8,13,53.8,4.8,12,37.5,52.8,-15.3,0,,0,,,,0.468,0.159,1.375,,,,,,,0.25,43,36,0.395,0.556,1.405,1,0,,,,,,,1.054,0.257,4.323,0.757,,0.468,,,,Wing,-3.32,,,-1.67,0.19,EuroCup,2022-23,intl
Mattia Udom,73,56,17,8,1,0.0,76,41.4,-41.4,20,67.5,35.9,10,35.0,41.8,-6.8,0,,0,,,,1.077,,,,,,,,,0.531,40,41,0.675,0.61,0.903,3,2,,,,,,,0.85,0.372,1.94,1.003,1.067,1.077,,,,Wing,0.33,,,-0.42,-0.35,EuroCup,2022-23,intl
Len Schoormann,73,63,10,9,3,50.0,73,37.7,12.3,18,19.4,-24.5,3,0.0,39.7,-39.7,0,,0,,,,0.869,0.632,1.195,,,,,,,0.278,46,38,0.587,0.684,1.166,2,0,,,,,,,1.087,0.415,2.847,1.078,0.643,0.815,,,,Wing,-0.92,,,-1.55,0.28,EuroCup,2022-23,intl
Ovie Soko,71,68,3,2,2,50.0,50,55.0,-5.0,16,50.0,-6.9,5,90.0,51.1,38.9,0,,0,,,,1.447,,,,,,,,,0.375,38,35,0.316,0.343,1.086,0,1,,,,,,,1.205,0.52,2.793,1.125,,1.447,,,,Wing,2.54,,,-1.12,0.59,EuroCup,2022-23,intl
Shepherd Kasey,70,52,18,7,0,,55,44.5,,16,40.6,-5.5,6,0.0,50.0,-50.0,0,,0,,,,0.722,0.44,1.186,,,,,,,0.643,37,46,0.297,0.522,1.755,1,4,,,,,,,0.8,0.294,2.178,1.388,1.028,0.758,,,,,,,,,,EuroCup,2022-23,intl
Karlo Matkovic,69,65,4,2,2,50.0,65,63.8,-13.8,15,60.0,-4.4,3,66.7,63.3,3.4,0,,0,,,,1.066,,,,,,,,,0.5,43,28,0.349,0.357,1.024,1,0,,,,,,,0.763,0.281,2.066,1.089,1.063,1.066,,,,Big,0.15,,,-0.25,-0.8,EuroCup,2022-23,intl
Paulius Murauskas,68,61,7,5,2,75.0,62,50.0,25.0,14,50.0,-1.0,10,70.0,47.2,22.8,0,,0,,,,0.807,0.501,1.3,,,,,,,0.35,47,26,0.447,0.538,1.205,0,2,,,,,,,0.8,0.265,2.418,0.984,1.153,0.807,,,,Wing,-1.29,,,-1.23,-0.48,EuroCup,2022-23,intl
Pep Busquets,67,63,4,5,0,,58,50.0,,9,61.1,13.2,4,37.5,50.9,-13.4,0,,0,,,,0.945,0.529,1.687,,,,,,,0.2,47,25,0.489,0.44,0.899,1,0,,,,,,,,,,1.158,1.255,0.945,,,,Wing,-0.47,,,-1.89,,EuroCup,2022-23,intl
Michael Bramos,67,61,6,4,2,0.0,60,67.5,-67.5,22,52.3,-20.2,7,57.1,66.4,-9.2,0,,0,,,,0.959,0.662,1.39,,,,,,,0.375,29,42,0.448,0.476,1.062,1,1,,,,,,,0.379,0.064,2.226,1.108,0.76,0.959,,,,Wing,-0.38,,,-1.12,-1.6,EuroCup,2022-23,intl
Dustin Hogue,66,64,2,1,5,60.0,53,65.1,-5.1,17,64.7,0.1,7,50.0,66.7,-16.7,0,,0,,,,1.164,,,,,,,,,0.5,32,35,0.156,0.457,2.926,0,0,,,,,,,1.571,,,1.054,,1.164,,,,Wing,0.85,,,-0.56,1.56,EuroCup,2022-23,intl
Justin Bibbs,64,42,22,7,0,,63,31.0,,19,28.9,-2.9,17,32.4,30.4,1.9,0,,0,,,,1.109,0.849,1.448,,,,,,,0.786,40,38,0.6,0.605,1.009,4,5,,,,,,,1.507,0.656,3.462,1.019,1.108,1.146,,,,Wing,0.52,,,0.71,1.39,EuroCup,2022-23,intl
Denys Lukashov,64,64,0,1,2,150.0,43,58.1,91.9,15,83.3,31.7,4,0.0,68.3,-68.3,0,,0,,,,,,,,,,,,,0.0,37,28,0.432,0.25,0.578,1,0,,,,,,,,,,0.871,,,,,,Wing,,,,-2.78,,EuroCup,2022-23,intl
Mike Cobbins,63,62,1,1,1,100.0,50,56.0,44.0,12,66.7,12.8,5,20.0,60.9,-40.9,0,,0,,,,1.265,,,,,,,,,0.25,35,29,0.429,0.241,0.563,1,0,,,,,,,,,,1.308,,1.265,,,,Wing,1.45,,,-1.67,,EuroCup,2022-23,intl
Josh Sharma,62,60,2,3,5,20.0,54,55.6,-35.6,18,27.8,-35.6,2,0.0,54.4,-54.4,0,,0,,,,1.111,,,,,,,,,0.167,31,34,0.323,0.529,1.641,0,2,,,,,,,,,,1.12,,1.111,,,,Big,0.39,,,-1.65,,EuroCup,2022-23,intl
Marvin Clark Jr.,62,54,8,4,4,62.5,56,58.9,3.6,20,47.5,-17.5,7,35.7,62.3,-26.5,0,,0,,,,1.149,,,,,,,,,0.5,24,43,0.542,0.465,0.859,1,3,,,,,,,0.734,0.288,1.875,0.988,1.121,1.149,,,,Wing,0.76,,,-0.56,-0.66,EuroCup,2022-23,intl
Jalen Jones,61,52,9,5,1,150.0,59,47.5,102.5,15,50.0,1.1,7,57.1,48.1,9.0,0,,0,,,,0.983,0.768,1.26,,,,,,,0.45,33,33,0.455,0.636,1.4,0,2,,,,,,,0.534,0.155,1.843,1.102,1.109,0.983,,,,Wing,-0.24,,,-0.78,-1.19,EuroCup,2022-23,intl
Berk Demir,61,59,2,4,1,0.0,60,50.0,-50.0,3,50.0,0.9,2,0.0,50.8,-50.8,0,,0,,,,0.527,0.132,2.109,,,,,,,0.125,43,22,0.535,0.636,1.19,1,1,,,,,,,,,,0.968,,0.527,,,,Wing,-2.97,,,-2.23,,EuroCup,2022-23,intl
Ivan Tkachenko,57,54,3,6,1,150.0,52,41.3,108.7,8,50.0,7.8,3,50.0,43.0,7.0,0,,0,,,,0.8,0.356,1.797,,,,,,,0.125,37,26,0.595,0.5,0.841,3,1,,,,,,,1.324,0.315,5.562,0.869,,0.8,,,,Wing,-1.33,,,-2.23,0.91,EuroCup,2022-23,intl
Artsiom Parakhouski,56,54,2,1,0,,50,68.0,,12,58.3,-12.7,7,71.4,67.4,4.0,0,,0,,,,0.562,0.14,2.256,,,,,,,0.5,26,31,0.192,0.355,1.845,1,0,,,,,,,,,,0.933,,0.562,,,,Big,-2.48,,,-0.25,,EuroCup,2022-23,intl
Zeljko Sakic,56,42,14,4,5,50.0,45,48.9,1.1,17,32.4,-25.2,6,25.0,52.3,-27.3,0,,0,,,,1.125,0.857,1.478,,,,,,,0.875,28,35,0.464,0.514,1.108,1,4,,,,,,,1.231,0.609,2.488,0.908,1.317,1.148,,,,Wing,0.61,,,1.11,0.66,EuroCup,2022-23,intl
David Moss,54,53,1,1,0,,45,61.1,,12,62.5,1.9,7,64.3,60.5,3.8,0,,0,,,,1.205,,,,,,,,,0.25,23,32,0.348,0.469,1.348,0,1,,,,,,,,,,0.995,,1.205,,,,Wing,1.09,,,-1.67,,EuroCup,2022-23,intl
Christian Burns,54,53,1,3,0,,49,51.0,,11,45.5,-7.2,11,40.9,53.9,-13.0,0,,0,,,,1.178,,,,,,,,,0.083,31,26,0.484,0.423,0.874,0,0,,,,,,,2.143,,,1.235,,1.178,,,,Wing,0.93,,,-2.41,3.08,EuroCup,2022-23,intl
Ahmet Duverioglu,54,47,7,2,1,100.0,47,66.0,34.0,8,75.0,10.0,9,66.7,66.7,0.0,0,,0,,,,1.205,,,,,,,,,0.875,33,23,0.364,0.174,0.478,2,0,,,,,,,1.286,0.884,1.871,1.222,1.178,1.205,,,,Big,0.88,,,1.33,0.76,EuroCup,2022-23,intl
Michalis Tsairelis,52,51,1,3,3,33.3,47,51.1,-17.7,18,38.9,-17.4,6,16.7,54.5,-37.9,0,,0,,,,1.109,,,,,,,,,0.083,32,23,0.406,0.522,1.284,0,1,,,,,,,,,,1.103,,1.109,,,,Big,0.38,,,-2.01,,EuroCup,2022-23,intl
Adam Ariel,50,47,3,3,0,,50,48.0,,12,62.5,19.1,4,0.0,52.2,-52.2,0,,0,,,,0.696,0.312,1.553,,,,,,,0.25,33,20,0.606,0.65,1.073,2,0,,,,,,,1.406,0.333,5.939,0.995,1.041,0.696,,,,Wing,-1.96,,,-1.67,1.13,EuroCup,2022-23,intl
Ivan Ramljak,49,43,6,2,4,25.0,37,54.1,-29.1,15,46.7,-7.2,8,50.0,51.5,-1.5,0,,0,,,,1.086,0.732,1.61,,,,,,,0.75,24,29,0.458,0.379,0.828,0,1,,,,,,,0.388,0.065,2.311,0.756,1.035,0.984,,,,Wing,0.38,,,0.55,-1.58,EuroCup,2022-23,intl
Aleksandar Lazic,49,43,6,3,2,0.0,43,51.2,-51.2,19,50.0,1.9,3,0.0,52.4,-52.4,0,,0,,,,0.968,0.664,1.413,,,,,,,0.5,18,34,0.389,0.588,1.513,0,2,,,,,,,0.925,0.297,2.878,1.061,1.175,0.968,,,,Wing,-0.33,,,-0.56,-0.15,EuroCup,2022-23,intl
Mo Soluade,48,45,3,4,0,,35,37.1,,3,0.0,-40.6,4,0.0,41.9,-41.9,0,,0,,,,0.5,0.1,2.51,,,,,,,0.188,38,14,0.5,0.429,0.857,2,0,,,,,,,,,,1.239,,0.5,,,,,,,,,,EuroCup,2022-23,intl
Harrison Cleary,47,41,6,3,1,100.0,40,48.8,51.2,14,28.6,-32.5,2,50.0,50.0,0.0,0,,0,,,,0.19,0.032,1.14,,,,,,,0.5,21,31,0.381,0.484,1.27,1,0,,,,,,,,,,0.875,,0.287,,,,Playmaker,-3.52,,,-1.58,,EuroCup,2022-23,intl
Tj Shorts,417,367,50,16,16,37.5,293,52.9,-15.4,70,42.9,-12.0,51,30.4,56.4,-26.0,0,,0,,,,1.127,0.924,1.374,,,,,,,0.781,252,224,0.321,0.339,1.056,7,9,,,,,,,1.023,0.737,1.419,1.22,1.084,1.189,,,,Playmaker,0.49,,,0.42,-0.07,EuroCup,2023-24,intl
Jonah Mathews,293,215,78,27,23,39.1,296,46.8,-7.7,85,46.5,0.3,37,43.2,46.6,-3.4,0,,0,,,,1.054,0.934,1.189,,,,,,,0.722,189,195,0.497,0.482,0.969,14,13,,,,,,,1.288,0.951,1.745,1.03,1.062,1.109,,,,Wing,0.15,,,0.37,0.84,EuroCup,2023-24,intl
Nadir Hifi,290,238,52,15,19,63.2,259,55.6,7.6,94,55.9,-0.4,23,54.3,56.3,-1.9,0,,0,,,,1.084,0.957,1.228,,,,,,,0.867,150,191,0.38,0.487,1.281,5,13,,,,,,,0.676,0.446,1.024,0.94,0.991,1.025,,,,Playmaker,0.31,,,0.81,-0.87,EuroCup,2023-24,intl
Tyrone Wallace,274,207,67,20,19,26.3,251,52.4,-26.1,84,45.8,-6.9,32,29.7,53.4,-23.7,0,,0,,,,1.144,1.006,1.3,,,,,,,0.838,146,194,0.432,0.479,1.111,10,14,,,,,,,0.951,0.677,1.336,1.191,1.082,1.132,,,,Playmaker,0.56,,,0.68,-0.23,EuroCup,2023-24,intl
Matthew Morgan,266,223,43,12,16,34.4,200,59.8,-25.4,57,58.8,1.2,12,25.0,59.8,-34.8,0,,0,,,,1.111,0.922,1.339,,,,,,,0.896,157,146,0.376,0.363,0.966,7,4,,,,,,,1.05,0.742,1.485,1.03,0.929,1.028,,,,,,,,,,EuroCup,2023-24,intl
Derek Needham,244,186,58,20,24,35.4,210,51.7,-16.2,66,48.5,-2.1,25,46.0,50.5,-4.5,0,,0,,,,0.839,0.692,1.018,,,,,,,0.725,147,158,0.497,0.456,0.918,10,9,,,,,,,0.753,0.466,1.215,0.994,0.769,0.87,,,,Playmaker,-0.68,,,0.17,-0.69,EuroCup,2023-24,intl
Trevion Lamon Williams,241,217,24,7,24,50.0,175,58.6,-8.6,64,55.5,-3.0,20,40.0,59.5,-19.5,0,,0,,,,1.011,0.771,1.326,,,,,,,0.857,128,150,0.352,0.313,0.891,4,4,,,,,,,0.389,0.163,0.925,1.149,1.069,1.058,,,,,,,,,,EuroCup,2023-24,intl
Kamar Baldwin,240,199,41,13,26,44.2,179,52.8,-8.6,64,60.2,12.3,28,44.6,52.8,-8.2,0,,0,,,,1.26,1.062,1.495,,,,,,,0.788,141,146,0.348,0.438,1.261,3,11,,,,,,,1.008,0.691,1.47,1.177,1.191,1.209,,,,Playmaker,1.03,,,0.45,-0.1,EuroCup,2023-24,intl
Xavier Munford,236,193,43,14,6,66.7,200,60.2,6.4,49,66.3,7.7,20,52.5,61.3,-8.8,0,,0,,,,1.114,0.943,1.316,,,,,,,0.768,139,131,0.417,0.359,0.86,8,5,,,,,,,1.063,0.753,1.5,0.856,0.986,1.121,,,,Playmaker,0.43,,,0.36,0.02,EuroCup,2023-24,intl
Caleb Agada,232,183,49,17,10,40.0,184,47.6,-7.6,47,46.8,-0.5,13,42.3,47.5,-5.2,0,,0,,,,1.013,0.829,1.238,,,,,,,0.721,139,133,0.36,0.459,1.275,7,9,,,,,,,1.167,0.818,1.666,1.008,0.803,0.973,,,,Wing,-0.06,,,0.36,0.48,EuroCup,2023-24,intl
Isiaha Mike,228,167,61,17,11,22.7,223,57.2,-34.4,49,52.0,-4.4,25,24.0,59.3,-35.3,0,,0,,,,0.962,0.855,1.082,,,,,,,0.897,133,135,0.414,0.496,1.2,7,11,,,,,,,0.961,0.703,1.314,1.032,0.8,0.937,,,,Wing,-0.32,,,1.12,-0.14,EuroCup,2023-24,intl
Ronald March,227,185,42,15,12,45.8,199,57.8,-12.0,62,58.9,2.5,9,94.4,55.4,39.0,0,,0,,,,1.049,0.899,1.223,,,,,,,0.7,130,127,0.423,0.425,1.005,5,8,,,,,,,1.022,0.713,1.464,1.106,1.134,1.079,,,,Wing,0.13,,,0.27,0.04,EuroCup,2023-24,intl
Andres Feliz,227,199,28,8,16,59.4,145,61.0,-1.7,46,63.0,3.0,25,42.0,64.3,-22.3,0,,0,,,,0.882,0.629,1.234,,,,,,,0.875,112,134,0.339,0.284,0.836,2,3,,,,,,,1.304,0.902,1.885,0.868,0.679,0.915,,,,Playmaker,-0.51,,,0.84,0.58,EuroCup,2023-24,intl
Vassilis Toliopoulos,215,173,42,15,8,112.5,186,51.6,60.9,43,61.6,9.6,30,50.0,54.9,-4.9,0,,0,,,,1.061,0.896,1.256,,,,,,,0.7,136,117,0.434,0.444,1.024,7,8,,,,,,,0.939,0.617,1.429,1.026,0.929,1.016,,,,,,,,,,EuroCup,2023-24,intl
Bar Timor,215,185,30,9,1,0.0,138,54.0,-54.0,21,73.8,23.8,17,38.2,55.7,-17.5,0,,0,,,,1.085,0.805,1.462,,,,,,,0.833,149,88,0.349,0.25,0.716,6,1,,,,,,,1.478,1.024,2.133,1.227,1.721,0.902,,,,Wing,0.31,,,0.85,1.42,EuroCup,2023-24,intl
Gabe Olaseni,214,190,24,6,14,71.4,170,63.5,7.9,42,73.8,12.5,8,75.0,63.6,11.4,0,,0,,,,1.084,0.892,1.318,,,,,,,1.0,124,109,0.306,0.257,0.838,5,1,,,,,,,0.942,0.645,1.375,0.993,1.183,1.112,,,,,,,,,,EuroCup,2023-24,intl
Conor Morgan,214,189,25,10,9,72.2,172,59.0,13.2,42,60.7,1.4,15,20.0,63.3,-43.3,0,,0,,,,0.972,0.751,1.259,,,,,,,0.625,129,109,0.326,0.468,1.437,3,7,,,,,,,1.424,1.024,1.98,1.092,1.329,1.045,,,,Wing,-0.27,,,-0.05,1.25,EuroCup,2023-24,intl
Tarik Phillip,213,179,34,10,15,26.7,140,45.0,-18.3,42,41.7,-2.1,15,66.7,40.7,26.0,0,,0,,,,1.072,0.828,1.387,,,,,,,0.85,121,118,0.388,0.415,1.069,5,6,,,,,,,1.201,0.741,1.947,0.966,0.908,1.061,,,,Wing,0.24,,,0.92,0.58,EuroCup,2023-24,intl
Collin Malcolm,210,174,36,10,8,62.5,185,64.1,-1.6,39,53.8,-12.7,18,19.4,68.6,-49.1,0,,0,,,,0.849,0.687,1.05,,,,,,,0.9,118,113,0.373,0.354,0.949,5,4,,,,,,,0.857,0.588,1.249,1.171,1.071,0.858,,,,Wing,-0.89,,,1.14,-0.46,EuroCup,2023-24,intl
Justin Cobbs,206,192,14,4,13,65.4,119,59.7,5.7,43,62.8,3.8,11,50.0,61.2,-11.2,0,,0,,,,1.193,0.84,1.694,,,,,,,0.875,102,112,0.284,0.268,0.942,1,1,,,,,,,0.871,0.46,1.651,0.978,1.013,1.204,,,,Playmaker,0.76,,,0.84,-0.42,EuroCup,2023-24,intl
Andrew Andrews,206,164,42,15,15,53.3,168,46.1,7.2,41,39.0,-9.9,22,45.5,46.9,-1.4,0,,0,,,,1.101,0.915,1.326,,,,,,,0.7,129,121,0.419,0.463,1.106,8,8,,,,,,,0.886,0.554,1.417,1.272,0.979,1.045,,,,Playmaker,0.38,,,0.06,-0.38,EuroCup,2023-24,intl
James Palmer Jr.,206,178,28,11,8,0.0,177,54.2,-54.2,63,48.4,-5.3,17,44.1,52.7,-8.6,0,,0,,,,1.015,0.842,1.224,,,,,,,0.636,100,126,0.37,0.516,1.394,2,9,,,,,,,0.677,0.378,1.211,1.052,1.005,0.984,,,,Wing,-0.05,,,-0.0,-1.0,EuroCup,2023-24,intl
Angel Delgado,200,178,22,6,9,66.7,172,62.8,3.9,51,66.7,5.1,4,75.0,62.7,12.3,0,,0,,,,1.039,0.869,1.242,,,,,,,0.917,103,112,0.34,0.286,0.841,3,1,,,,,,,0.964,0.67,1.385,0.979,0.993,1.025,,,,Big,0.31,,,1.23,-0.08,EuroCup,2023-24,intl
Nicolas Brussino,200,169,31,10,20,67.5,139,57.2,10.3,27,68.5,12.1,14,67.9,57.6,10.3,0,,0,,,,1.3,1.075,1.573,,,,,,,0.775,130,96,0.369,0.406,1.1,3,3,,,,,,,1.258,0.854,1.852,1.158,1.256,1.279,,,,Wing,1.41,,,0.6,0.75,EuroCup,2023-24,intl
Mckinley Wright Iv,198,170,28,9,17,50.0,144,50.7,-0.7,45,45.6,-7.0,28,26.8,55.6,-28.9,0,,0,,,,0.979,0.761,1.259,,,,,,,0.778,108,111,0.361,0.441,1.222,4,4,,,,,,,0.8,0.455,1.407,1.103,0.943,0.989,,,,Playmaker,-0.11,,,0.41,-0.58,EuroCup,2023-24,intl
Patrick Richard,198,187,11,4,9,77.8,124,64.9,12.9,45,66.7,1.3,13,76.9,64.6,12.3,0,,0,,,,1.286,0.954,1.734,,,,,,,0.688,97,108,0.309,0.278,0.898,2,2,,,,,,,0.383,0.112,1.314,1.199,1.308,1.213,,,,Wing,1.34,,,0.22,-1.89,EuroCup,2023-24,intl
Tre'Shawn Thurman,197,154,43,14,8,62.5,194,52.6,9.9,62,50.8,-3.1,26,61.5,51.7,9.8,0,,0,,,,1.074,0.955,1.208,,,,,,,0.768,101,132,0.485,0.455,0.937,6,6,,,,,,,0.899,0.604,1.34,1.036,1.054,1.073,,,,Wing,0.25,,,0.57,-0.33,EuroCup,2023-24,intl
Zaccharie Risacher,197,164,33,14,6,91.7,183,58.7,32.9,55,69.1,13.1,15,43.3,61.2,-17.9,0,,0,,,,1.05,0.928,1.188,,,,,,,0.589,107,108,0.458,0.417,0.91,6,5,,,,,,,0.922,0.625,1.36,1.154,0.936,1.03,,,,Wing,0.13,,,-0.21,-0.26,EuroCup,2023-24,intl
Tyson Ward,196,179,17,9,3,0.0,179,61.5,-61.5,34,50.0,-12.8,11,45.5,61.4,-15.9,0,,0,,,,1.019,0.849,1.223,,,,,,,0.472,112,96,0.429,0.427,0.997,3,4,,,,,,,0.882,0.503,1.546,1.003,1.145,1.04,,,,Wing,-0.03,,,-0.71,-0.38,EuroCup,2023-24,intl
Matthew Mitchell,196,147,49,16,8,43.8,201,48.3,-4.5,54,48.1,0.1,39,37.2,50.6,-13.4,0,,0,,,,1.053,0.962,1.154,,,,,,,0.766,105,124,0.505,0.516,1.023,6,10,,,,,,,1.011,0.711,1.437,1.035,1.048,1.066,,,,,,,,,,EuroCup,2023-24,intl
Juan Nunez,194,178,16,4,22,38.6,97,60.3,-21.7,40,56.2,-0.1,11,54.5,56.5,-1.9,0,,0,,,,0.982,0.626,1.54,,,,,,,1.0,106,101,0.255,0.317,1.244,3,1,,,,,,,1.09,0.589,2.015,1.167,,0.872,,,,Playmaker,-0.1,,,1.4,0.09,EuroCup,2023-24,intl
Jaka Blazic,191,146,45,17,22,61.4,186,55.6,5.7,59,55.1,-1.6,22,22.7,60.2,-37.5,0,,0,,,,0.983,0.875,1.104,,,,,,,0.662,111,120,0.486,0.467,0.959,5,9,,,,,,,1.066,0.757,1.501,0.978,0.817,0.958,,,,Wing,-0.21,,,0.11,0.17,EuroCup,2023-24,intl
Deividas Sirvydis,190,149,41,11,18,55.6,169,63.3,-7.8,54,70.4,11.0,31,51.6,64.7,-13.1,0,,0,,,,1.149,1.008,1.31,,,,,,,0.932,102,124,0.412,0.403,0.979,5,6,,,,,,,0.827,0.563,1.216,1.072,1.148,1.113,,,,Wing,0.64,,,1.27,-0.55,EuroCup,2023-24,intl
Prentiss Hubb,188,137,51,15,16,46.9,150,32.7,14.2,47,28.7,-7.4,24,10.4,38.0,-27.6,0,,0,,,,1.312,1.095,1.572,,,,,,,0.85,117,120,0.496,0.542,1.093,7,9,,,,,,,1.073,0.572,2.012,1.2,1.188,1.295,,,,Wing,1.47,,,0.92,0.2,EuroCup,2023-24,intl
Dusan Miletic,188,172,16,4,9,77.8,161,70.5,7.3,46,75.0,5.6,24,66.7,71.6,-4.9,0,,0,,,,1.194,,,,,,,,,1.0,101,99,0.267,0.293,1.096,1,3,,,,,,,0.891,0.601,1.322,1.039,1.18,1.139,,,,Big,1.09,,,1.5,-0.26,EuroCup,2023-24,intl
Marco Spissu,180,162,18,6,8,31.2,108,67.6,-36.3,42,67.9,4.3,11,90.9,62.4,28.5,0,,0,,,,1.031,0.698,1.523,,,,,,,0.75,87,106,0.253,0.321,1.268,2,3,,,,,,,0.793,0.406,1.55,1.265,,1.027,,,,Playmaker,0.1,,,0.28,-0.6,EuroCup,2023-24,intl
Lj Figueroa,180,142,38,12,13,57.7,158,61.1,-3.4,44,61.4,0.7,18,38.9,63.4,-24.5,0,,0,,,,0.771,0.616,0.965,,,,,,,0.792,93,109,0.387,0.404,1.043,5,6,,,,,,,0.887,0.587,1.342,1.017,0.803,0.805,,,,Wing,-1.29,,,0.67,-0.37,EuroCup,2023-24,intl
Andrew Albicy,176,164,12,4,8,62.5,72,59.7,2.8,21,61.9,2.6,12,70.8,58.1,12.7,0,,0,,,,0.962,0.482,1.923,,,,,,,0.75,94,87,0.213,0.241,1.134,1,0,,,,,,,1.183,0.558,2.509,1.395,,0.888,,,,Playmaker,-0.18,,,0.28,0.3,EuroCup,2023-24,intl
Gediminas Orelik,176,130,46,14,19,65.8,151,53.6,12.1,51,59.8,6.9,26,42.3,57.3,-15.0,0,,0,,,,1.049,0.874,1.259,,,,,,,0.821,107,114,0.439,0.482,1.098,7,8,,,,,,,0.94,0.602,1.469,0.901,0.951,1.037,,,,Wing,0.13,,,0.79,-0.21,EuroCup,2023-24,intl
William Christmas,175,155,20,10,5,50.0,143,49.0,1.0,37,37.8,-14.9,16,6.2,54.2,-47.9,0,,0,,,,1.002,0.766,1.311,,,,,,,0.5,97,98,0.433,0.398,0.919,5,2,,,,,,,0.95,0.536,1.682,1.243,1.111,0.979,,,,,,,,,,EuroCup,2023-24,intl
Bryce Brown,174,117,57,17,5,80.0,174,50.0,30.0,45,45.6,-7.1,26,46.2,51.6,-5.5,0,,0,,,,0.947,0.832,1.078,,,,,,,0.838,103,102,0.553,0.51,0.921,10,8,,,,,,,0.963,0.645,1.437,1.001,0.918,0.917,,,,Wing,-0.39,,,0.87,-0.14,EuroCup,2023-24,intl
Jeremy Morgan,174,150,24,9,14,46.4,137,60.9,-14.5,44,62.5,4.1,22,50.0,61.2,-11.2,0,,0,,,,1.272,1.124,1.44,,,,,,,0.667,106,85,0.377,0.494,1.309,6,4,,,,,,,0.893,0.54,1.477,1.213,1.292,1.204,,,,Wing,1.27,,,0.13,-0.35,EuroCup,2023-24,intl
Jequan Lewis,171,148,23,8,4,62.5,104,44.2,18.3,20,27.5,-21.4,9,27.8,46.5,-18.7,0,,0,,,,0.919,0.607,1.393,,,,,,,0.719,92,94,0.37,0.351,0.95,3,2,,,,,,,0.568,0.207,1.557,1.247,1.227,1.0,,,,Playmaker,-0.36,,,0.15,-1.12,EuroCup,2023-24,intl
Vincent King,170,124,46,15,9,83.3,183,45.1,38.3,59,50.0,4.5,22,47.7,46.8,1.0,0,,0,,,,0.923,0.798,1.068,,,,,,,0.767,103,117,0.515,0.504,0.98,9,9,,,,,,,0.955,0.637,1.432,0.958,0.846,0.892,,,,,,,,,,EuroCup,2023-24,intl
Dennis Seeley,170,131,39,11,12,95.8,154,54.2,41.6,46,64.1,9.5,17,50.0,58.1,-8.1,0,,0,,,,0.973,0.814,1.164,,,,,,,0.886,97,107,0.402,0.477,1.185,3,4,,,,,,,0.966,0.624,1.497,1.132,1.121,0.927,,,,,,,,,,EuroCup,2023-24,intl
Karim Jallow,169,132,37,12,8,75.0,156,53.5,21.5,32,54.7,0.1,12,37.5,55.9,-18.4,0,,0,,,,0.979,0.836,1.146,,,,,,,0.771,101,91,0.475,0.374,0.786,7,3,,,,,,,0.882,0.591,1.316,1.114,0.853,0.943,,,,Wing,-0.23,,,0.58,-0.38,EuroCup,2023-24,intl
Kristupas Zemaitis,168,161,7,4,5,90.0,106,61.3,28.7,32,68.8,8.6,21,61.9,62.8,-0.9,0,,0,,,,0.929,0.484,1.786,,,,,,,0.438,82,94,0.317,0.319,1.007,1,2,,,,,,,0.476,0.086,2.625,0.822,,1.084,,,,Wing,-0.49,,,-0.86,-1.61,EuroCup,2023-24,intl
Thomas Klepeisz,167,134,33,11,12,45.8,116,62.9,-17.1,40,51.2,-14.7,12,58.3,61.6,-3.3,0,,0,,,,1.421,1.163,1.736,,,,,,,0.75,86,107,0.36,0.374,1.037,4,5,,,,,,,1.469,1.014,2.13,1.486,1.142,1.388,,,,Playmaker,1.68,,,0.28,0.96,EuroCup,2023-24,intl
Ondrej Balvin,166,153,13,5,5,70.0,124,65.3,4.7,37,63.5,-2.8,12,62.5,65.8,-3.3,0,,0,,,,0.972,0.667,1.416,,,,,,,0.65,84,94,0.321,0.202,0.629,3,0,,,,,,,1.194,0.82,1.738,0.923,1.402,0.993,,,,Big,-0.02,,,0.33,0.5,EuroCup,2023-24,intl
Amedeo Tessitori,166,151,15,5,6,16.7,133,62.4,-45.7,24,68.8,10.1,20,72.5,58.4,14.1,0,,0,,,,0.839,0.581,1.211,,,,,,,0.75,104,72,0.356,0.319,0.898,3,2,,,,,,,0.676,0.312,1.465,0.938,0.626,0.884,,,,Big,-0.69,,,0.67,-0.8,EuroCup,2023-24,intl
Georginho De Paula,165,139,26,10,1,0.0,112,45.5,-45.5,26,42.3,-3.7,15,30.0,47.4,-17.4,0,,0,,,,1.082,0.793,1.476,,,,,,,0.65,90,92,0.356,0.424,1.192,3,3,,,,,,,0.706,0.324,1.538,1.079,1.231,1.027,,,,Wing,0.3,,,0.06,-0.91,EuroCup,2023-24,intl
Donte Grantham,165,134,31,9,5,50.0,148,49.3,0.7,32,46.9,-3.1,14,53.6,48.9,4.7,0,,0,,,,1.133,0.961,1.335,,,,,,,0.861,96,95,0.448,0.432,0.964,4,6,,,,,,,0.777,0.476,1.269,1.126,1.127,1.106,,,,Wing,0.56,,,0.97,-0.7,EuroCup,2023-24,intl
Aljami Durham,165,137,28,9,2,100.0,111,51.8,48.2,25,66.0,17.1,15,23.3,57.1,-33.8,0,,0,,,,0.748,0.492,1.138,,,,,,,0.778,87,95,0.322,0.347,1.079,2,4,,,,,,,0.581,0.251,1.346,1.382,0.807,0.83,,,,Wing,-1.41,,,0.61,-1.29,EuroCup,2023-24,intl
Hassani Gravett,164,131,33,13,10,70.0,142,58.5,11.5,41,64.6,7.4,36,54.2,60.8,-6.6,0,,0,,,,0.873,0.674,1.132,,,,,,,0.635,98,98,0.408,0.408,1.0,4,4,,,,,,,1.547,1.113,2.152,0.941,0.973,0.961,,,,Playmaker,-0.55,,,-0.23,1.14,EuroCup,2023-24,intl
J'Covan Brown,164,154,10,5,5,40.0,91,56.0,-16.0,26,51.9,-4.5,13,50.0,56.0,-6.0,0,,0,,,,1.315,0.854,2.025,,,,,,,0.5,93,79,0.226,0.367,1.626,1,3,,,,,,,1.802,1.235,2.631,0.924,,1.315,,,,Playmaker,1.25,,,-0.83,1.73,EuroCup,2023-24,intl
Rayjon Tucker,162,117,45,14,10,65.0,156,56.7,8.3,50,62.0,6.8,18,33.3,60.1,-26.8,0,,0,,,,1.072,0.94,1.224,,,,,,,0.804,88,106,0.398,0.472,1.186,5,8,,,,,,,1.115,0.803,1.55,1.075,1.071,1.106,,,,Wing,0.24,,,0.72,0.32,EuroCup,2023-24,intl
Andrija Stipanovic,161,150,11,3,6,66.7,129,66.7,0.0,18,72.2,6.4,10,50.0,68.0,-18.0,0,,0,,,,0.545,0.284,1.046,,,,,,,0.917,94,73,0.287,0.247,0.858,2,0,,,,,,,1.19,0.755,1.876,0.9,,0.6,,,,Big,-2.15,,,1.23,0.49,EuroCup,2023-24,intl
Adam Mokoka,161,139,22,10,6,41.7,133,44.7,-3.1,43,43.0,-2.3,21,42.9,44.9,-2.1,0,,0,,,,0.954,0.726,1.252,,,,,,,0.55,77,103,0.481,0.437,0.909,3,7,,,,,,,0.966,0.534,1.749,0.841,1.311,1.037,,,,Wing,-0.36,,,-0.38,-0.13,EuroCup,2023-24,intl
Jordan Taylor,161,153,8,5,3,83.3,96,49.5,33.9,28,55.4,6.8,11,59.1,49.4,9.7,0,,0,,,,0.416,0.124,1.39,,,,,,,0.4,81,87,0.42,0.264,0.63,1,0,,,,,,,1.122,0.275,4.57,1.043,,0.333,,,,Playmaker,-2.4,,,-1.28,0.16,EuroCup,2023-24,intl
Axel Julien,159,155,4,3,1,100.0,84,63.7,36.3,25,58.0,-8.7,8,62.5,64.3,-1.8,0,,0,,,,0.994,0.368,2.68,,,,,,,0.333,87,78,0.241,0.256,1.062,1,1,,,,,,,0.907,0.224,3.679,0.72,,1.325,,,,Playmaker,-0.05,,,-1.58,-0.34,EuroCup,2023-24,intl
Mark Hughes,158,134,24,10,6,66.7,135,58.5,8.1,46,46.7,-18.0,14,46.4,60.2,-13.8,0,,0,,,,1.015,0.835,1.234,,,,,,,0.6,71,98,0.338,0.541,1.6,0,9,,,,,,,0.9,0.535,1.513,1.026,1.212,1.023,,,,Wing,-0.05,,,-0.16,-0.33,EuroCup,2023-24,intl
Andrejs Grazulis,158,121,37,11,11,36.4,154,63.0,-26.6,38,57.9,-4.3,9,27.8,63.1,-35.4,0,,0,,,,0.947,0.811,1.107,,,,,,,0.841,101,89,0.426,0.404,0.95,8,2,,,,,,,1.09,0.77,1.543,0.862,0.988,0.962,,,,Wing,-0.39,,,0.88,0.25,EuroCup,2023-24,intl
Karlo Matkovic,158,144,14,5,10,70.0,138,64.5,5.5,31,67.7,3.6,11,36.4,67.2,-30.8,0,,0,,,,0.791,0.566,1.107,,,,,,,0.7,80,87,0.4,0.276,0.69,3,2,,,,,,,1.11,0.724,1.7,0.919,1.132,0.762,,,,Big,-0.93,,,0.5,0.29,EuroCup,2023-24,intl
Maksim Salash,157,135,22,9,3,50.0,154,55.8,-5.8,40,61.3,7.4,13,73.1,54.2,18.9,0,,0,,,,1.056,0.95,1.175,,,,,,,0.611,91,81,0.44,0.457,1.039,5,2,,,,,,,0.88,0.546,1.419,0.985,1.106,1.022,,,,Wing,0.16,,,-0.11,-0.39,EuroCup,2023-24,intl
Illia Sydorov,155,128,27,13,0,,126,38.5,,30,18.3,-26.5,16,18.8,41.4,-22.6,0,,0,,,,1.094,0.869,1.377,,,,,,,0.519,86,87,0.419,0.586,1.4,3,8,,,,,,,0.51,0.203,1.281,1.101,0.925,1.028,,,,,,,,,,EuroCup,2023-24,intl
Okben Ulubay,155,114,41,12,11,45.5,141,50.0,-4.5,40,50.0,0.4,32,48.4,50.0,-1.6,0,,0,,,,0.978,0.811,1.178,,,,,,,0.854,99,92,0.505,0.467,0.925,10,5,,,,,,,1.094,0.705,1.696,0.978,0.936,1.013,,,,Wing,-0.24,,,0.94,0.26,EuroCup,2023-24,intl
Steven Enoch,155,143,12,3,9,33.3,135,60.0,-26.7,29,51.7,-8.3,18,66.7,57.1,9.5,0,,0,,,,0.757,0.505,1.134,,,,,,,1.0,95,70,0.358,0.386,1.078,3,0,,,,,,,0.622,0.251,1.538,0.868,0.682,0.851,,,,Big,-1.1,,,1.5,-0.93,EuroCup,2023-24,intl
Dj Stewart,154,110,44,12,8,50.0,160,47.5,2.5,34,47.1,-0.7,22,18.2,52.1,-33.9,0,,0,,,,1.006,0.842,1.202,,,,,,,0.917,109,98,0.44,0.49,1.112,8,7,,,,,,,1.308,0.901,1.9,1.046,0.865,1.019,,,,Wing,-0.09,,,1.21,0.9,EuroCup,2023-24,intl
Aleksander Dziewa,153,131,22,7,3,50.0,139,61.9,-11.9,33,48.5,-17.1,11,36.4,63.7,-27.4,0,,0,,,,0.88,0.696,1.114,,,,,,,0.786,95,68,0.358,0.382,1.068,4,2,,,,,,,0.762,0.451,1.288,1.129,0.958,0.911,,,,Wing,-0.74,,,0.64,-0.74,EuroCup,2023-24,intl
Quinn Ellis,152,137,15,5,6,83.3,94,53.7,29.6,29,39.7,-22.3,12,33.3,58.5,-25.2,0,,0,,,,0.84,0.514,1.371,,,,,,,0.75,71,87,0.31,0.345,1.113,1,4,,,,,,,0.725,0.29,1.814,1.108,0.521,0.787,,,,Playmaker,-0.68,,,0.28,-0.76,EuroCup,2023-24,intl
Luke Nelson,152,132,20,7,3,50.0,123,63.0,-13.0,32,67.2,6.0,15,26.7,67.6,-40.9,0,,0,,,,1.2,1.006,1.431,,,,,,,0.714,81,80,0.333,0.438,1.312,1,3,,,,,,,0.917,0.558,1.505,1.159,1.131,1.212,,,,Playmaker,0.78,,,0.12,-0.31,EuroCup,2023-24,intl
Aj Slaughter,150,126,24,7,13,46.2,123,52.4,-6.3,31,48.4,-4.5,12,37.5,53.2,-15.7,0,,0,,,,1.179,1.012,1.373,,,,,,,0.857,83,86,0.41,0.535,1.306,3,5,,,,,,,1.036,0.622,1.724,1.168,1.267,1.205,,,,Wing,0.79,,,0.95,0.08,EuroCup,2023-24,intl
Ethan Happ,149,137,12,7,5,80.0,116,59.5,20.5,23,65.2,6.0,9,44.4,61.6,-17.2,0,,0,,,,0.754,0.463,1.227,,,,,,,0.429,90,68,0.222,0.412,1.853,3,4,,,,,,,0.433,0.133,1.407,1.108,,0.743,,,,Big,-1.11,,,-0.4,-1.41,EuroCup,2023-24,intl
Braian Angola,149,128,21,7,1,150.0,116,58.2,91.8,26,61.5,3.3,7,0.0,62.7,-62.7,0,,0,,,,1.121,0.858,1.464,,,,,,,0.75,77,88,0.429,0.318,0.742,4,3,,,,,,,0.741,0.381,1.443,0.811,1.189,1.141,,,,Wing,0.49,,,0.49,-0.81,EuroCup,2023-24,intl
Ante Tomic,148,132,16,4,15,60.0,111,50.5,9.5,40,62.5,16.0,16,43.8,52.7,-9.0,0,,0,,,,1.021,0.755,1.379,,,,,,,1.0,76,90,0.329,0.4,1.216,2,4,,,,,,,0.284,0.079,1.016,0.952,1.251,1.077,,,,Big,0.22,,,1.5,-1.78,EuroCup,2023-24,intl
Kyle Wiltjer,146,118,28,10,5,70.0,129,61.6,8.4,40,43.8,-25.9,13,26.9,65.7,-38.8,0,,0,,,,1.145,0.976,1.344,,,,,,,0.7,69,95,0.362,0.442,1.22,2,8,,,,,,,0.613,0.354,1.063,1.085,0.935,1.122,,,,Big,0.84,,,0.5,-0.96,EuroCup,2023-24,intl
Aamir Simms,144,110,34,12,7,71.4,135,50.0,21.4,28,39.3,-14.7,24,43.8,52.5,-8.8,0,,0,,,,1.067,0.918,1.239,,,,,,,0.708,96,69,0.448,0.522,1.165,5,6,,,,,,,1.058,0.696,1.608,0.963,1.045,1.085,,,,Wing,0.22,,,0.31,0.15,EuroCup,2023-24,intl
Tomer Ginat,141,119,22,6,2,50.0,142,63.7,-13.7,25,52.0,-14.0,19,57.9,64.4,-6.5,0,,0,,,,0.893,0.704,1.132,,,,,,,0.917,90,77,0.333,0.338,1.013,5,2,,,,,,,1.119,0.796,1.572,1.019,1.162,0.968,,,,Wing,-0.67,,,1.21,0.33,EuroCup,2023-24,intl
Yigitcan Saybir,137,122,15,7,1,0.0,124,48.4,-48.4,17,61.8,15.9,14,42.9,48.6,-5.8,0,,0,,,,1.027,0.83,1.27,,,,,,,0.536,86,60,0.442,0.517,1.169,2,1,,,,,,,0.299,0.082,1.085,0.934,1.008,1.045,,,,Wing,0.01,,,-0.44,-2.14,EuroCup,2023-24,intl
Yigit Arslan,136,112,24,13,7,0.0,120,47.9,-47.9,47,43.6,-2.6,21,57.1,42.9,14.2,0,,0,,,,1.141,0.98,1.327,,,,,,,0.462,76,79,0.5,0.544,1.089,2,7,,,,,,,0.795,0.41,1.542,1.1,1.252,1.106,,,,Wing,0.6,,,-0.76,-0.64,EuroCup,2023-24,intl
Gabrielius Maldunas,136,129,7,3,5,60.0,105,55.2,4.8,22,50.0,-6.8,15,63.3,54.2,9.1,0,,0,,,,1.316,,,,,,,,,0.583,77,64,0.338,0.375,1.111,2,0,,,,,,,1.296,0.785,2.14,1.026,,1.316,,,,,,,,,,EuroCup,2023-24,intl
Paul Biligha,135,133,2,3,10,50.0,105,61.9,-11.9,20,42.5,-22.2,14,35.7,64.4,-28.6,0,,0,,,,1.209,,,,,,,,,0.167,73,65,0.301,0.369,1.225,0,2,,,,,,,,,,0.936,,1.209,,,,Wing,0.94,,,-2.03,,EuroCup,2023-24,intl
Mikael Jantunen,134,124,10,4,4,112.5,108,62.5,50.0,24,95.8,40.2,8,62.5,64.4,-1.9,0,,0,,,,0.859,0.568,1.301,,,,,,,0.625,78,62,0.449,0.258,0.575,2,1,,,,,,,1.031,0.53,2.004,1.003,0.623,0.822,,,,Wing,-0.84,,,-0.05,0.07,EuroCup,2023-24,intl
Emanuel Cate,133,129,4,3,2,100.0,102,66.2,33.8,25,68.0,1.5,15,86.7,63.5,23.2,0,,0,,,,0.987,0.556,1.753,,,,,,,0.333,73,63,0.247,0.27,1.094,1,1,,,,,,,0.975,0.433,2.195,0.847,1.301,0.987,,,,Big,0.05,,,-0.72,-0.05,EuroCup,2023-24,intl
Ferran Bassas,132,122,10,4,3,50.0,80,62.5,-12.5,25,70.0,11.4,7,107.1,57.9,49.2,0,,0,,,,0.824,0.436,1.557,,,,,,,0.625,61,77,0.311,0.325,1.042,1,3,,,,,,,1.233,0.581,2.619,1.143,,0.692,,,,Playmaker,-0.74,,,-0.27,0.41,EuroCup,2023-24,intl
Yoan Makoundou,132,125,7,3,6,91.7,114,64.9,26.8,25,64.0,-2.8,21,54.8,68.7,-13.9,0,,0,,,,1.136,,,,,,,,,0.583,70,65,0.314,0.385,1.224,0,1,,,,,,,0.693,0.291,1.651,1.052,1.133,1.136,,,,Wing,0.57,,,-0.23,-0.95,EuroCup,2023-24,intl
Kyle Alexander,129,123,6,3,7,71.4,109,64.7,6.7,31,71.0,8.0,7,35.7,67.0,-31.3,0,,0,,,,1.15,,,,,,,,,0.5,70,62,0.271,0.355,1.307,2,0,,,,,,,0.743,0.33,1.672,1.195,,1.15,,,,Big,0.87,,,-0.17,-0.63,EuroCup,2023-24,intl
Vaidas Kariniauskas,129,106,23,7,8,56.2,85,48.2,8.0,25,56.0,9.7,14,42.9,50.0,-7.1,0,,0,,,,1.064,0.761,1.486,,,,,,,0.821,75,68,0.373,0.338,0.906,4,3,,,,,,,1.219,0.753,1.972,1.188,1.124,1.129,,,,Wing,0.2,,,0.79,0.64,EuroCup,2023-24,intl
Tai Odiase,128,118,10,5,0,,133,63.9,,9,66.7,3.0,8,75.0,63.2,11.8,0,,0,,,,1.017,,,,,,,,,0.5,92,43,0.348,0.372,1.07,3,1,,,,,,,1.221,0.872,1.71,1.023,1.015,1.017,,,,Big,0.2,,,-0.17,0.56,EuroCup,2023-24,intl
Seth Hinrichs,127,108,19,6,3,133.3,104,59.1,74.2,20,85.0,29.3,10,40.0,63.4,-23.4,0,,0,,,,0.822,0.574,1.176,,,,,,,0.792,75,64,0.453,0.297,0.655,4,0,,,,,,,0.804,0.399,1.621,0.863,0.429,0.922,,,,Wing,-1.03,,,0.67,-0.62,EuroCup,2023-24,intl
Issuf Sanon,127,105,22,6,1,0.0,108,57.4,-57.4,24,70.8,17.9,11,45.5,58.2,-12.7,0,,0,,,,1.074,0.858,1.344,,,,,,,0.917,66,73,0.439,0.411,0.935,3,1,,,,,,,1.27,0.784,2.057,1.01,1.111,1.088,,,,,,,,,,EuroCup,2023-24,intl
Jarell Eddie,126,106,20,8,8,87.5,116,65.5,22.0,37,74.3,10.5,10,45.0,68.9,-23.9,0,,0,,,,1.037,0.88,1.222,,,,,,,0.625,63,78,0.444,0.487,1.096,3,2,,,,,,,1.0,0.603,1.657,1.126,0.85,1.06,,,,Wing,0.07,,,-0.05,-0.03,EuroCup,2023-24,intl
Jakub Niziol,124,100,24,9,4,0.0,109,50.9,-50.9,28,42.9,-8.3,20,22.5,54.8,-32.3,0,,0,,,,1.0,0.773,1.293,,,,,,,0.667,74,71,0.432,0.507,1.173,3,4,,,,,,,0.98,0.553,1.739,1.085,1.08,1.045,,,,Wing,-0.12,,,0.13,-0.09,EuroCup,2023-24,intl
Sylven Landesberg,123,107,16,8,1,0.0,116,54.7,-54.7,39,56.4,3.2,12,83.3,51.0,32.4,0,,0,,,,0.915,0.716,1.169,,,,,,,0.5,61,74,0.426,0.514,1.205,1,4,,,,,,,0.622,0.268,1.441,1.051,0.76,0.774,,,,Wing,-0.56,,,-0.59,-1.17,EuroCup,2023-24,intl
Brandon Paul,122,101,21,11,10,45.0,103,48.5,-3.5,26,42.3,-7.7,10,40.0,49.0,-9.0,0,,0,,,,0.913,0.684,1.22,,,,,,,0.477,78,63,0.487,0.556,1.14,3,5,,,,,,,0.988,0.503,1.939,1.099,1.044,0.994,,,,Wing,-0.57,,,-0.69,-0.06,EuroCup,2023-24,intl
Ben Lammers,121,114,7,4,5,40.0,102,56.4,-16.4,24,54.2,-1.9,7,42.9,56.5,-13.6,0,,0,,,,1.04,0.759,1.423,,,,,,,0.438,68,61,0.426,0.328,0.769,2,0,,,,,,,0.87,0.384,1.974,1.036,1.003,1.078,,,,Big,0.32,,,-0.37,-0.31,EuroCup,2023-24,intl
Daniel Golebiowski,121,94,27,9,5,80.0,89,43.3,36.7,23,56.5,15.0,12,37.5,46.3,-8.8,0,,0,,,,0.964,0.715,1.3,,,,,,,0.75,68,66,0.529,0.364,0.687,5,0,,,,,,,1.204,0.656,2.207,1.183,0.71,0.932,,,,Wing,-0.31,,,0.49,0.59,EuroCup,2023-24,intl
Jaylen Hoard,121,105,16,4,1,0.0,121,69.0,-69.0,36,77.8,13.2,8,81.2,67.5,13.7,0,,0,,,,0.804,0.603,1.071,,,,,,,1.0,63,71,0.381,0.239,0.629,3,1,,,,,,,0.7,0.392,1.25,0.989,0.675,0.839,,,,Wing,-1.12,,,1.57,-0.93,EuroCup,2023-24,intl
Mehdy Ngouama,120,104,16,5,3,100.0,89,50.0,50.0,33,72.7,32.9,9,72.2,49.4,22.8,0,,0,,,,0.801,0.511,1.257,,,,,,,0.8,59,75,0.492,0.32,0.651,2,0,,,,,,,1.521,0.895,2.584,0.935,0.706,0.871,,,,Playmaker,-0.84,,,0.51,1.08,EuroCup,2023-24,intl
Pau Ribas,120,118,2,3,8,62.5,69,71.0,-8.5,17,58.8,-14.5,10,75.0,69.4,5.6,0,,0,,,,1.639,,,,,,,,,0.167,69,54,0.333,0.241,0.722,1,1,,,,,,,1.846,,,0.782,,1.639,,,,Wing,3.14,,,-2.03,2.53,EuroCup,2023-24,intl
Earl Rowland,120,110,10,6,2,50.0,88,43.2,6.8,21,31.0,-16.1,12,41.7,43.6,-1.9,0,,0,,,,1.0,0.655,1.528,,,,,,,0.417,66,60,0.394,0.483,1.227,1,3,,,,,,,0.667,0.201,2.212,0.926,1.429,1.0,,,,,,,,,,EuroCup,2023-24,intl
Karel Guzman,119,110,9,6,5,0.0,90,58.3,-58.3,14,14.3,-48.1,15,36.7,58.8,-22.1,0,,0,,,,0.873,0.544,1.402,,,,,,,0.375,78,47,0.321,0.532,1.66,3,3,,,,,,,,,,0.691,0.994,0.873,,,,Playmaker,-0.55,,,-1.39,,EuroCup,2023-24,intl
Bryce Jones Jr,118,96,22,9,1,0.0,92,38.6,-38.6,23,28.3,-13.2,13,42.3,37.5,4.8,0,,0,,,,0.955,0.675,1.349,,,,,,,0.611,85,51,0.388,0.529,1.364,3,4,,,,,,,0.703,0.292,1.695,0.953,0.783,0.959,,,,Playmaker,-0.21,,,-0.34,-0.81,EuroCup,2023-24,intl
Miquel Salvo,117,117,0,2,1,150.0,86,62.2,87.8,25,62.0,-1.7,9,50.0,64.7,-14.7,0,,0,,,,,,,,,,,,,0.0,57,62,0.298,0.355,1.19,0,2,,,,,,,,,,0.851,,,,,,Wing,,,,-2.75,,EuroCup,2023-24,intl
Nikola Popovic,116,91,25,7,5,40.0,101,58.4,-18.4,28,60.7,4.3,15,40.0,60.4,-20.4,0,,0,,,,1.097,0.919,1.31,,,,,,,0.893,70,58,0.371,0.328,0.882,4,2,,,,,,,1.032,0.717,1.486,1.094,1.025,1.071,,,,,,,,,,EuroCup,2023-24,intl
Rasheed Sulaimon,116,82,34,9,10,60.0,114,47.4,12.6,36,47.2,-1.6,16,59.4,46.8,12.6,0,,0,,,,1.068,0.863,1.321,,,,,,,0.944,78,79,0.423,0.519,1.227,4,7,,,,,,,1.303,0.835,2.035,0.943,1.102,1.05,,,,Wing,0.22,,,1.33,0.89,EuroCup,2023-24,intl
Klemen Prepelic,114,103,11,5,4,75.0,76,41.4,33.6,20,25.0,-24.2,2,50.0,42.9,7.1,0,,0,,,,1.214,0.749,1.968,,,,,,,0.55,60,75,0.367,0.4,1.091,2,4,,,,,,,0.701,0.208,2.363,1.247,1.1,1.272,,,,Wing,0.97,,,-0.38,-0.93,EuroCup,2023-24,intl
Barry Brown Jr,111,80,31,9,8,62.5,102,47.1,15.4,36,48.6,0.6,12,8.3,53.1,-44.7,0,,0,,,,1.001,0.835,1.201,,,,,,,0.861,55,75,0.473,0.507,1.072,3,4,,,,,,,0.805,0.466,1.391,1.011,0.903,0.99,,,,Wing,-0.12,,,0.97,-0.61,EuroCup,2023-24,intl
Toto Forray,111,99,12,8,3,116.7,87,40.8,75.9,19,39.5,-4.9,5,40.0,43.5,-3.5,0,,0,,,,1.162,0.877,1.54,,,,,,,0.375,64,56,0.391,0.589,1.509,0,4,,,,,,,1.014,0.45,2.285,1.312,1.357,1.18,,,,Playmaker,0.63,,,-1.39,-0.09,EuroCup,2023-24,intl
Vytenis Lipkevicius,111,99,12,4,3,0.0,77,61.7,-61.7,13,38.5,-25.0,11,40.9,62.3,-21.4,0,,0,,,,0.875,0.532,1.44,,,,,,,0.75,63,58,0.349,0.345,0.987,1,1,,,,,,,1.768,1.195,2.615,0.649,0.75,0.829,,,,Wing,-0.76,,,0.49,2.29,EuroCup,2023-24,intl
Bryce Jones,109,97,12,4,7,71.4,74,53.4,18.1,20,47.5,-9.9,13,50.0,55.9,-5.9,0,,0,,,,1.01,0.661,1.545,,,,,,,0.75,61,58,0.328,0.362,1.104,1,1,,,,,,,1.455,0.913,2.316,0.845,,1.095,,,,Playmaker,0.01,,,0.28,0.93,EuroCup,2023-24,intl
Sam Dekker,108,93,15,6,10,60.0,90,54.4,5.6,17,50.0,-6.0,6,0.0,58.5,-58.5,0,,0,,,,1.02,0.822,1.266,,,,,,,0.625,66,50,0.409,0.52,1.271,2,4,,,,,,,0.912,0.487,1.705,1.013,0.768,1.039,,,,Wing,-0.02,,,-0.05,-0.29,EuroCup,2023-24,intl
Kyle Allman,107,72,35,11,2,0.0,101,32.7,-32.7,21,31.0,-1.4,18,69.4,24.1,45.3,0,,0,,,,0.674,0.487,0.932,,,,,,,0.795,75,59,0.56,0.525,0.938,5,5,,,,,,,1.437,0.741,2.784,0.885,1.045,0.762,,,,Wing,-1.79,,,0.68,1.29,EuroCup,2023-24,intl
Berk Ugurlu,106,104,2,4,1,0.0,71,56.3,-56.3,12,33.3,-26.7,7,71.4,53.8,17.6,0,,0,,,,1.576,,,,,,,,,0.125,58,52,0.328,0.346,1.057,0,1,,,,,,,0.971,0.238,3.958,0.928,,1.576,,,,Wing,2.82,,,-2.21,-0.11,EuroCup,2023-24,intl
Idan Zalmanson,106,90,16,5,0,,86,48.8,,22,70.5,29.0,14,53.6,47.9,5.7,0,,0,,,,1.091,0.838,1.422,,,,,,,0.8,65,49,0.477,0.306,0.642,3,1,,,,,,,0.937,0.496,1.769,1.014,1.07,1.06,,,,Big,0.57,,,0.83,-0.15,EuroCup,2023-24,intl
Lukas Meisner,106,92,14,6,1,150.0,96,46.4,103.6,23,32.6,-19.4,4,50.0,47.3,2.7,0,,0,,,,1.127,0.884,1.436,,,,,,,0.583,72,49,0.472,0.51,1.08,4,2,,,,,,,0.778,0.334,1.81,0.926,0.951,1.183,,,,Wing,0.53,,,-0.23,-0.7,EuroCup,2023-24,intl
Davide Alviti,105,86,19,6,1,150.0,102,57.8,92.2,26,63.5,6.3,11,50.0,59.8,-9.8,0,,0,,,,1.132,0.983,1.303,,,,,,,0.792,60,58,0.4,0.552,1.379,2,4,,,,,,,0.842,0.481,1.475,1.215,1.054,1.14,,,,Wing,0.55,,,0.67,-0.5,EuroCup,2023-24,intl
Ismail Cem Ulusoy,104,100,4,2,1,0.0,51,51.0,-51.0,14,39.3,-14.7,6,83.3,45.7,37.7,0,,0,,,,1.63,0.891,2.984,,,,,,,0.5,58,50,0.276,0.28,1.015,0,1,,,,,,,1.533,0.645,3.643,1.108,,1.449,,,,Wing,3.09,,,-0.59,1.58,EuroCup,2023-24,intl
Christian Mekowulu,102,85,17,7,3,66.7,107,51.9,14.8,18,63.9,13.9,5,40.0,52.9,-12.9,0,,0,,,,1.104,,,,,,,,,0.607,73,45,0.479,0.444,0.927,3,3,,,,,,,1.161,0.737,1.83,1.115,1.091,1.104,,,,Wing,0.41,,,-0.13,0.46,EuroCup,2023-24,intl
Oleksandr Lypovyy,102,95,7,6,3,100.0,84,72.0,28.0,19,76.3,4.3,10,30.0,78.6,-48.6,0,,0,,,,1.147,0.829,1.586,,,,,,,0.292,55,57,0.4,0.351,0.877,1,1,,,,,,,0.563,0.179,1.776,1.096,1.298,1.189,,,,Wing,0.63,,,-1.49,-1.34,EuroCup,2023-24,intl
Bodian Massa,102,95,7,5,4,50.0,83,57.2,-7.2,23,54.3,-3.5,12,41.7,59.3,-17.7,0,,0,,,,1.071,0.779,1.474,,,,,,,0.35,59,48,0.373,0.333,0.894,1,2,,,,,,,1.126,0.621,2.043,0.884,1.238,1.071,,,,Big,0.47,,,-0.67,0.33,EuroCup,2023-24,intl
Eleftherios Bochoridis,101,81,20,8,2,0.0,88,44.3,-44.3,19,18.4,-31.6,18,33.3,45.8,-12.5,0,,0,,,,1.302,1.059,1.6,,,,,,,0.625,62,57,0.452,0.526,1.165,2,4,,,,,,,0.812,0.393,1.675,1.302,1.06,1.326,,,,,,,,,,EuroCup,2023-24,intl
Marvin Jones,101,93,8,3,4,100.0,86,54.1,45.9,14,78.6,26.6,15,43.3,58.7,-15.3,0,,0,,,,0.56,0.279,1.124,,,,,,,0.667,65,39,0.415,0.333,0.802,1,0,,,,,,,0.423,0.077,2.334,1.018,,0.56,,,,Big,-2.08,,,0.39,-1.43,EuroCup,2023-24,intl
Sebastian Herrera,100,89,11,5,3,50.0,74,58.8,-8.8,18,66.7,10.7,9,27.8,62.5,-34.7,0,,0,,,,0.759,0.436,1.321,,,,,,,0.55,62,45,0.371,0.489,1.318,3,0,,,,,,,1.58,0.838,2.98,0.853,0.682,0.856,,,,Playmaker,-1.01,,,-0.61,1.21,EuroCup,2023-24,intl
Deshaun Thomas,100,64,36,10,12,29.2,125,47.6,-18.4,37,40.5,-7.5,18,36.1,47.5,-11.4,0,,0,,,,0.948,0.831,1.082,,,,,,,0.9,78,67,0.577,0.537,0.931,9,4,,,,,,,0.938,0.582,1.511,1.034,1.029,0.969,,,,Wing,-0.39,,,1.14,-0.21,EuroCup,2023-24,intl
Pep Busquets,100,82,18,8,6,41.7,88,57.4,-15.7,23,56.5,0.2,14,60.7,55.6,5.1,0,,0,,,,0.886,0.683,1.149,,,,,,,0.562,58,50,0.448,0.48,1.071,4,1,,,,,,,1.143,0.687,1.901,1.025,1.156,0.886,,,,Wing,-0.7,,,-0.32,0.41,EuroCup,2023-24,intl
Pierre Pelos,100,100,0,5,1,0.0,84,62.5,-62.5,23,67.4,7.7,12,37.5,65.8,-28.3,0,,0,,,,,,,,,,,,,0.0,62,43,0.387,0.372,0.961,0,0,,,,,,,,,,1.016,,,,,,Wing,,,,-2.75,,EuroCup,2023-24,intl
Martynas Varnas,100,83,17,5,6,108.3,83,54.8,53.5,16,75.0,20.2,13,26.9,63.8,-36.9,0,,0,,,,1.024,0.765,1.371,,,,,,,0.85,61,55,0.393,0.418,1.063,2,1,,,,,,,1.272,0.771,2.098,0.938,1.333,1.02,,,,Wing,-0.0,,,0.92,0.8,EuroCup,2023-24,intl
Gian Clavell,99,69,30,8,1,0.0,92,49.5,-49.5,19,57.9,11.3,6,25.0,50.6,-25.6,0,,0,,,,0.968,0.786,1.194,,,,,,,0.938,66,47,0.485,0.532,1.097,4,4,,,,,,,0.855,0.472,1.549,0.85,0.927,0.934,,,,Wing,-0.29,,,1.3,-0.46,EuroCup,2023-24,intl
Mareks Mejeris,98,91,7,3,6,66.7,70,55.0,11.7,29,63.8,12.7,6,50.0,56.4,-6.4,0,,0,,,,0.985,0.606,1.6,,,,,,,0.583,41,62,0.39,0.306,0.785,1,0,,,,,,,0.714,0.239,2.132,1.027,1.101,1.072,,,,Wing,-0.2,,,-0.23,-0.89,EuroCup,2023-24,intl
Pacome Dadiet,98,88,10,7,1,0.0,99,53.0,-53.0,28,58.9,8.9,13,30.8,55.7,-25.0,0,,0,,,,0.943,0.763,1.165,,,,,,,0.357,42,63,0.548,0.508,0.928,0,4,,,,,,,0.444,0.129,1.537,1.036,0.783,0.943,,,,Wing,-0.41,,,-1.21,-1.7,EuroCup,2023-24,intl
Kevin Kokila,97,94,3,2,1,100.0,79,58.2,41.8,17,52.9,-7.4,7,57.1,58.9,-1.8,0,,0,,,,1.253,,,,,,,,,0.375,59,40,0.305,0.375,1.229,1,0,,,,,,,1.111,0.489,2.526,1.073,1.247,1.253,,,,Wing,1.17,,,-1.13,0.31,EuroCup,2023-24,intl
Jovan Kljajic,97,93,4,6,0,,78,48.7,,34,38.2,-18.6,11,31.8,51.5,-19.7,0,,0,,,,1.011,0.567,1.802,,,,,,,0.167,43,60,0.302,0.517,1.709,0,3,,,,,,,,,,1.181,,1.011,,,,Wing,-0.07,,,-2.03,,EuroCup,2023-24,intl
Davide Casarin,96,83,13,6,0,,75,42.7,,10,50.0,8.5,10,35.0,43.8,-8.8,0,,0,,,,1.14,0.817,1.591,,,,,,,0.542,53,53,0.434,0.453,1.043,3,2,,,,,,,1.018,0.446,2.326,1.161,1.086,1.147,,,,Wing,0.59,,,-0.41,0.03,EuroCup,2023-24,intl
Vladimir Mihailovic,96,79,17,9,2,0.0,82,52.4,-52.4,16,53.1,2.4,10,25.0,54.7,-29.7,0,,0,,,,0.974,0.731,1.299,,,,,,,0.472,52,53,0.481,0.453,0.942,3,2,,,,,,,1.236,0.694,2.203,0.927,1.256,0.974,,,,Wing,-0.26,,,-0.71,0.69,EuroCup,2023-24,intl
Eigirdas Zukauskas,96,77,19,8,2,150.0,83,46.4,103.6,22,50.0,1.6,11,9.1,54.7,-45.6,0,,0,,,,0.85,0.614,1.176,,,,,,,0.594,49,58,0.51,0.483,0.946,1,4,,,,,,,1.951,1.191,3.197,0.977,1.131,0.847,,,,Wing,-0.89,,,-0.19,2.84,EuroCup,2023-24,intl
Leon Kratzer,96,96,0,0,3,66.7,85,67.1,-0.4,14,64.3,-3.3,5,60.0,67.5,-7.5,0,,0,,,,,,,,,,,,,,49,47,0.327,0.277,0.847,0,0,,,,,,,,,,0.826,,,,,,Big,,,,,,EuroCup,2023-24,intl
Justin Simon,95,93,2,3,0,,77,59.7,,24,62.5,4.0,6,16.7,63.4,-46.7,0,,0,,,,0.637,0.159,2.557,,,,,,,0.167,46,52,0.283,0.346,1.225,1,1,,,,,,,,,,0.887,,0.637,,,,Wing,-1.98,,,-2.03,,EuroCup,2023-24,intl
Yogi Ferrell,95,84,11,4,6,83.3,64,48.4,34.9,24,56.2,7.3,11,22.7,56.8,-34.1,0,,0,,,,0.818,0.467,1.433,,,,,,,0.688,46,60,0.478,0.3,0.627,2,1,,,,,,,1.167,0.496,2.744,1.066,,1.0,,,,Playmaker,-0.77,,,0.01,0.26,EuroCup,2023-24,intl
Hugo Benitez,94,76,18,5,1,100.0,62,45.2,54.8,21,38.1,-11.9,6,66.7,43.9,22.8,0,,0,,,,1.133,0.742,1.729,,,,,,,0.9,53,53,0.208,0.472,2.273,0,2,,,,,,,0.745,0.321,1.731,1.245,1.341,1.18,,,,Wing,0.56,,,1.14,-0.79,EuroCup,2023-24,intl
Jordan Parks,93,82,11,4,7,42.9,73,53.4,-10.6,20,40.0,-16.7,12,41.7,54.4,-12.7,0,,0,,,,0.767,0.486,1.212,,,,,,,0.688,52,46,0.423,0.391,0.925,1,2,,,,,,,1.429,0.845,2.416,1.054,1.234,0.804,,,,Wing,-1.31,,,0.22,1.27,EuroCup,2023-24,intl
Jacorey Williams,93,89,4,2,0,,80,62.5,,13,76.9,17.2,10,60.0,62.9,-2.9,0,,0,,,,0.902,0.508,1.601,,,,,,,0.5,52,44,0.346,0.273,0.788,1,0,,,,,,,1.072,0.473,2.434,0.926,,0.962,,,,Wing,-0.62,,,-0.59,0.19,EuroCup,2023-24,intl
Bandja Sy,93,92,1,1,3,116.7,74,74.3,42.3,27,50.0,-40.0,5,100.0,74.3,25.7,0,,0,,,,,,,,,,,,,0.25,42,52,0.238,0.346,1.454,0,0,,,,,,,,,,0.824,,,,,,Wing,,,,-1.67,,EuroCup,2023-24,intl
Petar Popovic,89,86,3,4,5,70.0,72,47.2,22.8,25,58.0,13.8,8,56.2,47.8,8.4,0,,0,,,,0.796,0.356,1.782,,,,,,,0.188,50,43,0.48,0.419,0.872,1,0,,,,,,,,,,0.908,,0.796,,,,Big,-0.9,,,-1.21,,EuroCup,2023-24,intl
Tyler Calvin Cook,89,80,9,5,4,50.0,73,57.5,-7.5,17,52.9,-5.4,11,36.4,60.6,-24.2,0,,0,,,,1.311,,,,,,,,,0.45,53,43,0.358,0.326,0.908,2,1,,,,,,,1.099,0.664,1.82,0.949,1.271,1.311,,,,,,,,,,EuroCup,2023-24,intl
Arnas Berucka,89,61,28,10,0,,87,36.8,,22,29.5,-9.7,16,31.2,38.0,-6.8,0,,0,,,,0.845,0.636,1.122,,,,,,,0.7,58,50,0.586,0.54,0.921,5,4,,,,,,,1.289,0.664,2.503,0.908,0.967,0.915,,,,Wing,-0.91,,,0.27,0.85,EuroCup,2023-24,intl
Guillem Vives,87,71,16,4,4,25.0,49,43.9,-18.9,15,63.3,29.1,5,50.0,41.7,8.3,0,,0,,,,0.423,0.177,1.009,,,,,,,1.0,50,50,0.46,0.28,0.609,4,0,,,,,,,0.808,0.139,4.678,0.847,0.672,0.51,,,,Wing,-3.07,,,1.57,-0.6,EuroCup,2023-24,intl
Jalen Adams,86,75,11,4,6,41.7,69,63.0,-21.4,19,44.7,-22.2,14,53.6,63.1,-9.5,0,,0,,,,0.909,0.622,1.328,,,,,,,0.688,45,51,0.333,0.451,1.353,1,2,,,,,,,0.703,0.279,1.774,0.77,0.637,0.923,,,,Playmaker,-0.4,,,0.01,-0.81,EuroCup,2023-24,intl
Mattia Udom,86,75,11,5,3,33.3,74,51.4,-18.0,32,65.6,25.6,8,31.2,52.9,-21.6,0,,0,,,,0.866,0.595,1.26,,,,,,,0.55,35,58,0.543,0.431,0.794,0,2,,,,,,,0.844,0.331,2.152,0.844,0.908,0.921,,,,Wing,-0.81,,,-0.38,-0.5,EuroCup,2023-24,intl
Jeffery Taylor,84,62,22,6,4,50.0,80,44.4,5.6,18,47.2,3.3,9,72.2,41.3,30.9,0,,0,,,,1.281,1.042,1.575,,,,,,,0.917,54,51,0.5,0.471,0.941,3,4,,,,,,,1.65,0.971,2.803,0.866,0.976,1.321,,,,Wing,1.31,,,1.21,1.94,EuroCup,2023-24,intl
Dakota Mathias,84,64,20,8,4,87.5,81,56.8,30.7,30,68.3,15.6,7,64.3,57.7,6.6,0,,0,,,,1.026,0.828,1.273,,,,,,,0.625,51,50,0.49,0.4,0.816,3,3,,,,,,,1.169,0.683,2.0,1.098,1.099,1.022,,,,Wing,0.01,,,-0.05,0.48,EuroCup,2023-24,intl
Colbey Ross,82,67,15,5,0,,53,29.2,,18,36.1,10.4,6,16.7,30.9,-14.2,0,,0,,,,1.365,0.936,1.991,,,,,,,0.75,37,52,0.459,0.423,0.921,1,2,,,,,,,0.982,0.327,2.948,1.399,0.854,1.314,,,,Playmaker,1.45,,,0.28,-0.16,EuroCup,2023-24,intl
David Nwaba,82,72,10,3,3,66.7,69,65.2,1.4,27,74.1,14.1,6,41.7,67.4,-25.8,0,,0,,,,0.465,0.216,0.998,,,,,,,0.833,38,52,0.368,0.25,0.679,1,0,,,,,,,1.632,,,0.773,,0.654,,,,Playmaker,-2.2,,,0.65,1.33,EuroCup,2023-24,intl
Vladimir Brodziansky,82,81,1,2,7,28.6,68,69.1,-40.5,16,37.5,-35.4,10,65.0,65.4,-0.4,0,,0,,,,1.125,,,,,,,,,0.125,42,42,0.381,0.405,1.062,0,1,,,,,,,,,,1.164,,1.125,,,,Big,0.74,,,-1.42,,EuroCup,2023-24,intl
Gregor Glas,81,73,8,4,3,33.3,74,48.0,-14.6,27,51.9,6.9,6,50.0,47.2,2.8,0,,0,,,,1.03,0.779,1.362,,,,,,,0.5,44,45,0.5,0.578,1.156,2,3,,,,,,,0.341,0.054,2.141,1.043,0.972,1.06,,,,Wing,0.03,,,-0.59,-2.01,EuroCup,2023-24,intl
Artsiom Parakhouski,80,73,7,3,0,,74,55.4,,6,33.3,-24.0,7,42.9,56.7,-13.9,0,,0,,,,0.948,0.694,1.295,,,,,,,0.583,47,36,0.34,0.472,1.387,2,1,,,,,,,1.189,0.65,2.177,0.895,1.127,0.948,,,,Big,-0.14,,,0.11,0.48,EuroCup,2023-24,intl
Shawn Jones,80,75,5,2,4,50.0,71,56.3,-6.3,15,53.3,-3.3,4,50.0,56.3,-6.3,0,,0,,,,1.103,,,,,,,,,0.625,44,38,0.341,0.474,1.389,0,0,,,,,,,1.074,0.509,2.264,1.01,,1.103,,,,Wing,0.4,,,-0.05,0.2,EuroCup,2023-24,intl
John Shurna,80,67,13,9,5,80.0,81,55.6,24.4,19,63.2,7.9,10,35.0,59.9,-24.9,0,,0,,,,0.818,0.604,1.108,,,,,,,0.361,51,42,0.549,0.5,0.911,4,3,,,,,,,1.05,0.536,2.055,0.894,1.08,0.876,,,,Wing,-1.05,,,-1.19,0.13,EuroCup,2023-24,intl
Kerem Konan,79,79,0,1,3,33.3,58,58.6,-25.3,10,30.0,-32.7,9,50.0,58.7,-8.7,0,,0,,,,,,,,,,,,,0.0,46,34,0.239,0.471,1.968,0,0,,,,,,,,,,1.373,,,,,,Big,,,,-1.84,,EuroCup,2023-24,intl
Dovis Bickauskis,78,78,0,0,2,50.0,39,69.2,-19.2,8,62.5,-7.2,4,50.0,70.3,-20.3,0,,0,,,,,,,,,,,,,,36,42,0.25,0.19,0.762,0,0,,,,,,,,,,1.376,,,,,,Playmaker,,,,,,EuroCup,2023-24,intl
Nico Brauner,78,76,2,5,1,0.0,61,53.3,-53.3,23,32.6,-31.5,7,42.9,53.6,-10.8,0,,0,,,,1.382,,,,,,,,,0.1,39,44,0.462,0.477,1.034,0,2,,,,,,,2.619,,,0.811,,1.382,,,,Playmaker,1.52,,,-2.62,3.61,EuroCup,2023-24,intl
Roko Prkacin,78,78,0,0,0,,63,69.8,,23,65.2,-7.3,6,33.3,73.7,-40.4,0,,0,,,,,,,,,,,,,,39,39,0.231,0.256,1.111,0,0,,,,,,,,,,0.609,,,,,,Wing,,,,,,EuroCup,2023-24,intl
Paulius Valinskas,75,67,8,2,1,150.0,52,62.5,87.5,11,68.2,5.1,13,69.2,62.5,6.7,0,,0,,,,1.169,0.754,1.811,,,,,,,1.0,42,37,0.405,0.243,0.601,2,0,,,,,,,1.246,0.663,2.342,0.794,1.141,1.247,,,,Wing,0.74,,,1.57,0.72,EuroCup,2023-24,intl
Marcus Keene,75,58,17,6,2,50.0,72,42.4,7.6,17,50.0,9.6,8,25.0,44.7,-19.7,0,,0,,,,1.109,0.809,1.52,,,,,,,0.708,54,48,0.426,0.521,1.223,3,3,,,,,,,0.905,0.416,1.967,1.084,1.219,1.189,,,,Playmaker,0.41,,,0.1,-0.34,EuroCup,2023-24,intl
Leyton Hammonds,75,50,25,10,7,35.7,74,45.3,-9.6,23,43.5,-1.3,12,50.0,43.5,6.5,0,,0,,,,1.022,0.882,1.185,,,,,,,0.625,43,45,0.605,0.6,0.992,4,4,,,,,,,1.223,0.665,2.25,1.115,0.983,1.032,,,,Wing,-0.01,,,-0.05,0.65,EuroCup,2023-24,intl
Josh Sharma,74,74,0,0,0,,59,72.9,,16,62.5,-14.2,3,66.7,73.2,-6.5,0,,0,,,,,,,,,,,,,,36,38,0.222,0.211,0.947,0,0,,,,,,,,,,1.278,,,,,,Big,,,,,,EuroCup,2023-24,intl
Ronnie Harrell,74,59,15,5,4,37.5,68,54.4,-16.9,21,54.8,1.8,18,58.3,51.9,6.5,0,,0,,,,1.172,0.972,1.412,,,,,,,0.75,39,46,0.41,0.522,1.272,2,4,,,,,,,0.876,0.447,1.714,1.182,1.07,1.193,,,,Wing,0.76,,,0.49,-0.4,EuroCup,2023-24,intl
Andrea De Nicolao,73,70,3,2,0,,34,38.2,,10,10.0,-40.0,5,20.0,41.4,-21.4,0,,0,,,,1.556,0.668,3.62,,,,,,,0.375,42,33,0.262,0.333,1.273,1,1,,,,,,,1.364,0.316,5.892,1.985,,1.556,,,,Playmaker,2.23,,,-1.39,0.72,EuroCup,2023-24,intl
Marek Klassen,73,61,12,3,1,0.0,48,42.7,-42.7,15,60.0,26.2,6,50.0,40.7,9.3,0,,0,,,,0.897,0.488,1.648,,,,,,,1.0,49,36,0.286,0.5,1.75,1,2,,,,,,,0.378,0.061,2.352,1.28,1.109,1.211,,,,Playmaker,-0.45,,,1.4,-1.55,EuroCup,2023-24,intl
Jonathan Stark,73,61,12,3,4,75.0,50,53.0,22.0,19,78.9,37.5,11,22.7,62.8,-40.1,0,,0,,,,0.591,0.297,1.177,,,,,,,1.0,30,52,0.5,0.25,0.5,1,0,,,,,,,0.41,0.069,2.427,0.657,0.734,0.62,,,,Playmaker,-1.69,,,1.4,-1.48,EuroCup,2023-24,intl
Donatas Sabeckis,72,62,10,3,1,0.0,40,47.5,-47.5,11,31.8,-19.8,8,68.8,40.9,27.8,0,,0,,,,1.24,0.703,2.187,,,,,,,0.833,43,35,0.279,0.4,1.433,1,2,,,,,,,1.364,0.539,3.45,0.978,,1.272,,,,Wing,1.1,,,0.85,1.07,EuroCup,2023-24,intl
Fletcher Magee,72,52,20,10,10,30.0,71,44.4,-14.4,28,37.5,-7.8,12,41.7,42.8,-1.1,0,,0,,,,0.94,0.767,1.154,,,,,,,0.5,39,50,0.564,0.66,1.17,2,5,,,,,,,1.075,0.548,2.11,1.114,0.788,0.968,,,,Wing,-0.43,,,-0.59,0.2,EuroCup,2023-24,intl
Dimitris Katsivelis,72,63,9,4,3,66.7,54,38.0,28.7,15,50.0,14.3,11,36.4,40.2,-3.9,0,,0,,,,1.043,0.715,1.521,,,,,,,0.562,37,39,0.459,0.487,1.06,1,2,,,,,,,1.119,0.442,2.834,0.945,1.117,1.043,,,,,,,,,,EuroCup,2023-24,intl
Roberto Tremaine Gallinat,72,44,28,8,5,30.0,78,52.6,-22.6,18,36.1,-19.3,6,50.0,51.3,-1.3,0,,0,,,,1.117,0.973,1.281,,,,,,,0.875,51,41,0.451,0.634,1.406,5,6,,,,,,,0.86,0.489,1.513,0.999,1.029,1.064,,,,,,,,,,EuroCup,2023-24,intl
Roberts Blumbergs,71,63,8,6,0,,70,53.6,,7,57.1,4.0,9,83.3,49.2,34.2,0,,0,,,,0.829,0.551,1.247,,,,,,,0.333,53,26,0.491,0.5,1.019,1,1,,,,,,,1.096,0.469,2.562,1.036,,0.774,,,,Big,-0.74,,,-0.72,0.25,EuroCup,2023-24,intl
Regimantas Miniotas,70,68,2,2,1,100.0,60,58.3,41.7,9,38.9,-23.6,5,20.0,62.5,-42.5,0,,0,,,,0.586,0.146,2.352,,,,,,,0.25,37,35,0.243,0.514,2.114,0,2,,,,,,,,,,0.989,,0.586,,,,Wing,-2.24,,,-1.67,,EuroCup,2023-24,intl
Liutauras Lelevicius,70,60,10,6,2,0.0,61,50.0,-50.0,18,47.2,-1.7,11,18.2,54.8,-36.6,0,,0,,,,0.824,0.541,1.253,,,,,,,0.417,39,37,0.538,0.459,0.853,2,2,,,,,,,1.457,0.704,3.014,0.868,1.224,0.824,,,,Wing,-1.02,,,-0.95,1.35,EuroCup,2023-24,intl
Aleksander Wisniewski,69,66,3,2,3,66.7,43,48.8,17.8,11,45.5,-6.0,8,43.8,51.3,-7.6,0,,0,,,,1.048,0.461,2.38,,,,,,,0.375,36,35,0.278,0.429,1.543,1,1,,,,,,,,,,0.958,1.568,1.048,,,,Wing,0.12,,,-1.13,,EuroCup,2023-24,intl
Derek Cooke Jr,69,64,5,2,0,,64,60.9,,7,100.0,43.9,5,60.0,61.0,-1.0,0,,0,,,,0.883,0.566,1.378,,,,,,,0.625,43,28,0.372,0.321,0.864,0,1,,,,,,,1.208,0.663,2.203,0.982,,0.883,,,,Big,-0.47,,,0.25,0.53,EuroCup,2023-24,intl
Marko Simonovic,68,62,6,4,2,100.0,56,46.4,53.6,12,33.3,-18.8,9,0.0,57.1,-57.1,0,,0,,,,1.054,0.721,1.542,,,,,,,0.375,40,32,0.425,0.469,1.103,1,0,,,,,,,0.392,0.066,2.311,0.792,1.259,1.054,,,,Wing,0.15,,,-1.13,-1.86,EuroCup,2023-24,intl
Kendale Mccullum,67,60,7,2,2,0.0,42,50.0,-50.0,9,55.6,9.8,5,0.0,53.8,-53.8,0,,0,,,,1.429,0.99,2.06,,,,,,,0.875,36,34,0.417,0.294,0.706,2,0,,,,,,,1.125,0.467,2.711,1.267,1.634,1.25,,,,Playmaker,1.71,,,0.84,0.17,EuroCup,2023-24,intl
Shannon Evans,67,55,12,5,5,0.0,51,49.0,-49.0,19,23.7,-31.7,12,29.2,48.9,-19.7,0,,0,,,,0.867,0.519,1.448,,,,,,,0.6,42,38,0.31,0.605,1.955,2,4,,,,,,,0.294,0.046,1.857,1.126,1.207,0.991,,,,Playmaker,-0.57,,,-0.39,-1.75,EuroCup,2023-24,intl
Yannick Kraag,67,67,0,0,0,,62,75.8,,6,58.3,-19.3,6,41.7,79.5,-37.8,0,,0,,,,,,,,,,,,,,47,20,0.298,0.3,1.007,0,0,,,,,,,,,,0.703,,,,,,Wing,,,,,,EuroCup,2023-24,intl
Myles Stephens,67,56,11,4,3,33.3,57,45.6,-12.3,12,54.2,11.5,4,50.0,44.6,5.4,0,,0,,,,0.975,0.721,1.318,,,,,,,0.688,38,33,0.579,0.424,0.733,1,0,,,,,,,1.741,0.967,3.132,0.859,,0.975,,,,Wing,-0.25,,,0.22,2.21,EuroCup,2023-24,intl
Amadou Sow,67,52,15,8,6,58.3,70,44.3,14.0,21,35.7,-13.4,7,42.9,45.7,-2.8,0,,0,,,,0.884,0.722,1.082,,,,,,,0.469,45,34,0.533,0.618,1.158,3,2,,,,,,,0.853,0.402,1.808,0.923,1.046,0.906,,,,Big,-0.46,,,-0.27,-0.36,EuroCup,2023-24,intl
Mateusz Zebski,65,57,8,4,1,0.0,55,51.8,-51.8,12,50.0,-1.1,7,28.6,54.1,-25.5,0,,0,,,,1.295,,,,,,,,,0.5,42,27,0.357,0.556,1.556,0,1,,,,,,,1.0,0.471,2.124,1.179,1.26,1.295,,,,Wing,1.38,,,-0.59,-0.03,EuroCup,2023-24,intl
Rob Gray,65,45,20,6,4,25.0,57,42.1,-17.1,20,52.5,17.1,2,100.0,39.0,61.0,0,,0,,,,0.851,0.62,1.169,,,,,,,0.833,29,48,0.517,0.479,0.926,2,2,,,,,,,0.705,0.282,1.761,1.09,0.6,0.78,,,,Playmaker,-0.63,,,0.65,-0.8,EuroCup,2023-24,intl
Leif Moeller,64,59,5,4,0,,49,37.8,,10,35.0,-3.5,9,22.2,41.2,-19.0,0,,0,,,,0.536,0.181,1.585,,,,,,,0.312,31,37,0.516,0.486,0.943,1,1,,,,,,,,,,0.647,,0.536,,,,Wing,-2.49,,,-1.4,,EuroCup,2023-24,intl
John Holland,64,54,10,7,0,,68,62.5,,14,57.1,-6.7,7,42.9,64.8,-21.9,0,,0,,,,0.972,0.78,1.211,,,,,,,0.357,40,35,0.475,0.457,0.962,3,2,,,,,,,1.389,0.806,2.394,1.03,,0.837,,,,Wing,-0.27,,,-1.21,1.15,EuroCup,2023-24,intl
Adas Juskevicius,63,59,4,2,0,,48,51.0,,12,54.2,4.2,5,60.0,50.0,10.0,0,,0,,,,1.475,,,,,,,,,0.5,37,31,0.459,0.419,0.913,2,1,,,,,,,1.333,0.463,3.843,0.946,,1.229,,,,Wing,2.3,,,-0.59,0.98,EuroCup,2023-24,intl
Michael Ruzic,63,58,5,3,2,75.0,57,71.1,3.9,11,81.8,13.1,9,33.3,78.0,-44.7,0,,0,,,,1.137,,,,,,,,,0.417,35,31,0.4,0.323,0.806,1,1,,,,,,,1.7,,,0.935,1.125,1.137,,,,Big,0.8,,,-0.44,1.76,EuroCup,2023-24,intl
Ivan Tkachenko,62,58,4,2,0,,60,59.2,,18,63.9,6.7,7,35.7,62.3,-26.5,0,,0,,,,1.094,,,,,,,,,0.5,29,37,0.483,0.459,0.952,1,0,,,,,,,0.51,0.091,2.844,0.88,,1.096,,,,Wing,0.36,,,-0.59,-1.5,EuroCup,2023-24,intl
Markis Mc Duffie,62,46,16,5,1,100.0,62,41.1,58.9,18,36.1,-8.3,6,41.7,42.1,-0.4,0,,0,,,,1.211,,,,,,,,,0.8,34,38,0.647,0.474,0.732,4,2,,,,,,,1.188,0.593,2.378,1.269,1.167,1.174,,,,,,,,,,EuroCup,2023-24,intl
Marcus Joshua Carr,61,42,19,8,5,50.0,69,35.5,14.5,20,35.0,-2.0,17,20.6,41.2,-20.6,0,,0,,,,1.047,0.906,1.21,,,,,,,0.594,36,47,0.556,0.638,1.149,3,4,,,,,,,1.407,0.701,2.826,1.078,1.093,1.029,,,,,,,,,,EuroCup,2023-24,intl
Tobias Jensen,61,61,0,1,2,75.0,45,57.8,17.2,10,70.0,14.6,4,50.0,59.3,-9.3,0,,0,,,,,,,,,,,,,0.0,30,32,0.4,0.406,1.016,1,0,,,,,,,,,,0.479,,,,,,Playmaker,,,,-3.06,,EuroCup,2023-24,intl
Will Cummings,61,53,8,2,2,0.0,46,63.0,-63.0,9,38.9,-26.5,4,62.5,60.2,2.3,0,,0,,,,0.994,0.647,1.525,,,,,,,1.0,29,34,0.276,0.412,1.493,0,1,,,,,,,0.87,0.374,2.021,1.273,1.333,0.994,,,,Playmaker,-0.05,,,1.4,-0.42,EuroCup,2023-24,intl
Andrija Slavkovic,60,56,4,1,2,0.0,51,49.0,-49.0,5,20.0,-30.0,8,68.8,43.3,25.4,0,,0,,,,1.217,,,,,,,,,1.0,43,20,0.419,0.55,1.314,1,1,,,,,,,1.095,0.391,3.066,0.767,,1.217,,,,Wing,0.98,,,1.57,0.26,EuroCup,2023-24,intl
Dezmine Wells,59,54,5,3,2,125.0,51,67.6,57.4,14,71.4,2.2,5,30.0,74.0,-44.0,0,,0,,,,0.939,0.598,1.476,,,,,,,0.417,31,31,0.323,0.419,1.3,0,3,,,,,,,1.278,0.69,2.365,0.994,0.578,0.939,,,,,,,,,,EuroCup,2023-24,intl
Andrii Voinalovych,59,45,14,5,2,75.0,63,45.2,29.8,12,33.3,-15.7,10,25.0,50.0,-25.0,0,,0,,,,0.822,0.621,1.089,,,,,,,0.7,43,28,0.535,0.643,1.202,3,3,,,,,,,0.823,0.351,1.927,0.904,0.942,0.872,,,,Wing,-1.03,,,0.27,-0.56,EuroCup,2023-24,intl
Alexander O'Connell,57,53,4,4,1,0.0,54,50.0,-50.0,10,20.0,-35.6,8,56.2,47.9,8.4,0,,0,,,,1.128,,,,,,,,,0.25,36,25,0.417,0.56,1.344,1,1,,,,,,,0.979,0.353,2.713,1.158,1.115,1.128,,,,,,,,,,EuroCup,2023-24,intl
Michael Kessens,56,53,3,2,1,100.0,41,58.5,41.5,11,90.9,42.5,2,50.0,60.0,-10.0,0,,0,,,,1.432,,,,,,,,,0.375,30,28,0.267,0.321,1.205,0,0,,,,,,,1.682,,,1.533,,1.432,,,,Big,2.27,,,-0.58,1.72,EuroCup,2023-24,intl
Ronnie Lee Harrell Jr,55,43,12,5,3,0.0,50,47.0,-47.0,18,69.4,38.0,11,22.7,50.0,-27.3,0,,0,,,,1.265,,,,,,,,,0.6,26,36,0.5,0.583,1.167,2,3,,,,,,,0.607,0.211,1.751,1.474,1.231,1.265,,,,,,,,,,EuroCup,2023-24,intl
Lukasz Kolenda,53,41,12,3,9,77.8,40,47.5,30.3,17,58.8,8.8,3,0.0,56.5,-56.5,0,,0,,,,0.772,0.464,1.283,,,,,,,1.0,28,37,0.357,0.514,1.438,2,3,,,,,,,0.277,0.044,1.754,1.048,0.813,0.942,,,,Wing,-1.29,,,1.57,-2.21,EuroCup,2023-24,intl
Jonas Wohlfarth-Bottermann,52,48,4,1,0,,42,47.6,,7,42.9,-5.7,4,0.0,52.6,-52.6,0,,0,,,,0.947,0.528,1.699,,,,,,,1.0,29,24,0.414,0.417,1.007,1,0,,,,,,,0.704,0.137,3.61,1.05,0.838,0.947,,,,Big,-0.15,,,1.5,-0.73,EuroCup,2023-24,intl
Roberto Gallinat,52,37,15,4,2,75.0,60,42.5,32.5,7,71.4,31.4,7,64.3,40.9,23.4,0,,0,,,,1.233,,,,,,,,,0.938,40,30,0.6,0.533,0.889,3,2,,,,,,,1.556,0.721,3.357,0.971,1.194,1.233,,,,Wing,1.07,,,1.3,1.65,EuroCup,2023-24,intl
Luka Scuka,49,48,1,3,4,75.0,38,56.6,18.4,17,61.8,5.8,5,70.0,56.8,13.2,0,,0,,,,1.263,,,,,,,,,0.083,29,23,0.379,0.478,1.261,0,1,,,,,,,2.0,,,0.944,,1.263,,,,Big,1.43,,,-1.56,2.51,EuroCup,2023-24,intl
Nikola Radicevic,49,47,2,2,0,,25,36.0,,4,25.0,-13.1,5,100.0,20.0,80.0,0,,0,,,,,,,,,,,,,0.25,26,25,0.423,0.28,0.662,0,0,,,,,,,,,,0.983,,,,,,Wing,,,,-1.67,,EuroCup,2023-24,intl
Djordje Gagic,49,47,2,1,0,,45,60.0,,5,60.0,0.0,3,33.3,61.9,-28.6,0,,0,,,,1.119,,,,,,,,,0.5,31,19,0.355,0.368,1.038,1,0,,,,,,,0.84,0.205,3.434,1.139,,1.119,,,,,,,,,,EuroCup,2023-24,intl
Nicolas Bretzel,47,45,2,5,0,,47,40.4,,7,28.6,-13.9,4,0.0,44.2,-44.2,0,,0,,,,1.125,,,,,,,,,0.1,26,26,0.423,0.654,1.545,1,0,,,,,,,1.176,0.281,4.926,1.065,,1.125,,,,Big,0.74,,,-1.5,0.45,EuroCup,2023-24,intl
Surtan Ismael Sanogo,47,38,9,4,0,,45,55.6,,8,50.0,-6.8,5,60.0,55.0,5.0,0,,0,,,,1.09,0.827,1.436,,,,,,,0.562,32,23,0.406,0.391,0.963,2,0,,,,,,,1.368,0.82,2.282,0.825,1.211,1.114,,,,,,,,,,EuroCup,2023-24,intl
Saulius Kulvietis,38,24,14,5,2,0.0,41,40.2,-40.2,10,10.0,-37.0,4,0.0,42.3,-42.3,0,,0,,,,0.898,0.657,1.227,,,,,,,0.7,23,27,0.565,0.667,1.179,1,4,,,,,,,0.818,0.262,2.555,0.929,0.875,0.952,,,,Wing,-0.64,,,0.27,-0.57,EuroCup,2023-24,intl
Zavier Simpson,370,323,47,13,15,43.3,236,53.6,-10.3,75,52.7,-0.5,12,25.0,54.4,-29.4,0,,0,,,,1.013,0.787,1.304,,,,,,,0.904,203,208,0.31,0.312,1.007,6,6,,,,,,,1.049,0.723,1.522,0.973,1.022,1.058,,,,Playmaker,-0.28,,,1.24,0.33,EuroCup,2024-25,intl
Jaleen Smith,300,251,49,17,23,34.8,205,50.7,-15.9,80,50.0,1.4,37,27.0,53.4,-26.4,0,,0,,,,1.223,1.014,1.474,,,,,,,0.721,185,160,0.373,0.419,1.123,8,9,,,,,,,0.85,0.543,1.331,1.241,1.173,1.149,,,,Wing,0.69,,,0.58,-0.47,EuroCup,2024-25,intl
Jared Harper,277,229,48,14,19,55.3,202,53.2,2.0,68,49.3,-6.0,18,52.8,53.4,-0.7,0,,0,,,,1.298,1.107,1.522,,,,,,,0.857,151,168,0.404,0.363,0.899,6,7,,,,,,,1.012,0.7,1.463,0.98,1.268,1.248,,,,Playmaker,0.66,,,0.9,0.23,EuroCup,2024-25,intl
Anthony Cowan Jr,271,232,39,12,19,52.6,177,51.1,1.5,49,58.2,9.2,28,42.9,52.7,-9.8,0,,0,,,,1.04,0.805,1.343,,,,,,,0.812,146,162,0.356,0.401,1.127,3,8,,,,,,,0.528,0.257,1.085,0.889,1.083,1.017,,,,Playmaker,-0.19,,,0.57,-1.18,EuroCup,2024-25,intl
Anthony Brown,264,211,53,15,13,53.8,249,58.6,-4.8,64,54.7,-4.9,43,66.3,56.8,9.4,0,,0,,,,1.144,1.024,1.279,,,,,,,0.883,165,151,0.436,0.424,0.971,10,9,,,,,,,0.688,0.466,1.017,1.147,1.088,1.161,,,,Playmaker,0.15,,,1.09,-0.71,EuroCup,2024-25,intl
Marcus Foster,240,205,35,12,15,66.7,217,64.5,2.2,67,62.7,-2.8,15,56.7,65.2,-8.5,0,,0,,,,1.083,0.964,1.218,,,,,,,0.729,124,145,0.363,0.414,1.14,4,6,,,,,,,0.901,0.636,1.277,1.027,1.117,1.089,,,,Wing,0.09,,,0.63,-0.33,EuroCup,2024-25,intl
Johnathan Motley,239,214,25,9,6,50.0,201,60.4,-10.4,33,59.1,-1.3,18,41.7,61.9,-20.2,0,,0,,,,1.044,0.847,1.287,,,,,,,0.694,163,102,0.319,0.314,0.983,6,2,,,,,,,0.955,0.655,1.392,1.084,1.301,1.068,,,,Big,0.27,,,0.9,-0.47,EuroCup,2024-25,intl
Jean Montero,238,202,36,11,14,35.7,159,48.4,-12.7,56,43.8,-5.4,21,38.1,48.7,-10.6,0,,0,,,,1.15,0.901,1.467,,,,,,,0.818,122,146,0.328,0.445,1.358,2,10,,,,,,,0.621,0.322,1.2,1.155,1.25,1.206,,,,Playmaker,0.17,,,0.62,-0.91,EuroCup,2024-25,intl
Caleb Homesley,237,187,50,18,22,56.8,208,47.6,9.2,60,40.0,-11.5,35,41.4,49.7,-8.3,0,,0,,,,1.229,1.106,1.367,,,,,,,0.694,130,151,0.462,0.503,1.091,6,15,,,,,,,0.796,0.523,1.211,1.264,1.218,1.163,,,,Wing,0.72,,,0.44,-0.61,EuroCup,2024-25,intl
Rasheed Sulaimon,230,170,60,18,16,43.8,208,49.3,-5.5,68,45.6,-4.7,20,45.0,49.3,-4.3,0,,0,,,,1.112,0.971,1.272,,,,,,,0.833,144,139,0.403,0.54,1.34,8,11,,,,,,,0.765,0.505,1.159,1.156,1.036,1.025,,,,Wing,0.21,,,1.18,-0.69,EuroCup,2024-25,intl
Nicolas Brussino,220,185,35,13,21,42.9,165,52.1,-9.3,41,37.8,-17.0,29,31.0,54.8,-23.7,0,,0,,,,0.986,0.785,1.238,,,,,,,0.673,125,127,0.416,0.472,1.136,7,7,,,,,,,0.94,0.56,1.58,0.893,0.779,0.983,,,,Wing,-0.33,,,0.33,-0.23,EuroCup,2024-25,intl
Jordan Ford,218,187,31,11,13,61.5,177,64.4,-2.9,58,57.8,-9.3,19,81.6,62.3,19.3,0,,0,,,,0.915,0.721,1.161,,,,,,,0.705,111,135,0.324,0.385,1.188,5,6,,,,,,,1.125,0.796,1.591,1.094,0.458,0.885,,,,Playmaker,-0.6,,,-0.21,0.55,EuroCup,2024-25,intl
Devin Robinson,218,166,52,17,12,50.0,227,51.1,-1.1,65,54.6,4.9,29,37.9,52.9,-14.9,0,,0,,,,0.986,0.882,1.101,,,,,,,0.765,126,139,0.429,0.489,1.141,5,10,,,,,,,0.83,0.586,1.174,1.083,1.0,1.005,,,,Wing,-0.33,,,0.82,-0.52,EuroCup,2024-25,intl
Ben Saraf,216,174,42,12,17,17.6,169,47.3,-29.7,58,43.1,-2.2,21,47.6,44.2,3.4,0,,0,,,,1.019,0.822,1.262,,,,,,,0.875,115,142,0.4,0.437,1.092,6,9,,,,,,,0.701,0.409,1.202,0.985,1.074,1.046,,,,Playmaker,-0.26,,,1.03,-0.67,EuroCup,2024-25,intl
Anthony Lamb,212,163,49,17,16,62.5,193,45.9,16.6,55,53.6,8.8,15,40.0,47.7,-7.7,0,,0,,,,1.118,0.979,1.275,,,,,,,0.721,134,121,0.47,0.504,1.072,5,13,,,,,,,0.92,0.604,1.4,1.199,0.91,1.068,,,,Wing,0.24,,,0.58,-0.29,EuroCup,2024-25,intl
Yogi Ferrell,212,182,30,10,17,47.1,152,56.9,-9.8,56,60.7,7.2,19,50.0,56.7,-6.7,0,,0,,,,1.043,0.824,1.32,,,,,,,0.75,99,138,0.444,0.333,0.75,3,5,,,,,,,0.909,0.557,1.483,0.974,1.444,1.012,,,,Playmaker,-0.18,,,0.12,-0.07,EuroCup,2024-25,intl
Devon Durrell Dotson,206,175,31,12,10,40.0,157,54.5,-14.5,47,50.0,-5.0,25,56.0,53.2,2.8,0,,0,,,,0.994,0.779,1.268,,,,,,,0.646,121,107,0.289,0.477,1.648,4,6,,,,,,,0.947,0.604,1.484,1.106,1.225,1.006,,,,,,,,,,EuroCup,2024-25,intl
Devante Jones,205,179,26,9,7,85.7,140,54.3,31.4,39,73.1,23.5,17,44.1,57.3,-13.2,0,,0,,,,0.95,0.688,1.311,,,,,,,0.722,102,119,0.343,0.336,0.98,1,3,,,,,,,1.125,0.704,1.798,1.081,1.082,1.029,,,,Playmaker,-0.49,,,-0.08,0.55,EuroCup,2024-25,intl
Justinian Jessup,203,164,39,10,17,67.6,167,55.7,12.0,41,51.2,-7.2,17,26.5,59.9,-33.4,0,,0,,,,0.931,0.741,1.169,,,,,,,0.975,129,116,0.426,0.397,0.93,6,3,,,,,,,1.149,0.782,1.687,1.189,1.099,1.002,,,,Wing,-0.57,,,1.94,0.31,EuroCup,2024-25,intl
Brae Ivey,202,166,36,10,5,70.0,152,45.4,24.6,32,51.6,6.8,15,30.0,47.9,-17.9,0,,0,,,,1.298,1.063,1.585,,,,,,,0.9,130,108,0.446,0.389,0.872,8,3,,,,,,,1.015,0.621,1.659,1.085,0.929,1.275,,,,Playmaker,0.66,,,1.21,0.23,EuroCup,2024-25,intl
Mckinley Wright Iv,202,165,37,14,11,50.0,146,45.9,4.1,38,51.3,6.8,24,37.5,47.7,-10.2,0,,0,,,,0.876,0.658,1.166,,,,,,,0.661,125,105,0.376,0.419,1.114,5,5,,,,,,,0.898,0.523,1.544,1.205,1.125,0.903,,,,Playmaker,-0.73,,,-0.52,-0.1,EuroCup,2024-25,intl
Jaizec Lottie,198,146,52,14,14,46.4,160,44.4,2.1,44,39.8,-6.4,13,50.0,44.1,5.9,0,,0,,,,0.821,0.643,1.049,,,,,,,0.929,116,125,0.422,0.464,1.098,7,7,,,,,,,0.795,0.454,1.392,1.099,0.96,0.859,,,,Playmaker,-0.91,,,1.42,-0.4,EuroCup,2024-25,intl
Hugo Benitez,197,186,11,5,4,25.0,117,55.6,-30.6,35,48.6,-8.4,11,22.7,57.7,-35.0,0,,0,,,,1.276,0.87,1.871,,,,,,,0.55,99,106,0.273,0.311,1.142,1,4,,,,,,,0.71,0.285,1.768,1.1,1.382,1.257,,,,Wing,0.92,,,-0.33,-0.83,EuroCup,2024-25,intl
Andrew Albicy,196,167,29,13,6,0.0,128,40.2,-40.2,31,19.4,-24.8,26,36.5,38.9,-2.4,0,,0,,,,1.2,0.91,1.582,,,,,,,0.558,123,93,0.382,0.505,1.323,4,6,,,,,,,0.565,0.226,1.413,1.287,1.359,1.177,,,,Playmaker,0.34,,,-1.27,-1.07,EuroCup,2024-25,intl
Mike Tobey,193,180,13,6,9,61.1,155,60.3,0.8,35,58.6,-2.3,24,47.9,62.5,-14.6,0,,0,,,,1.036,0.813,1.32,,,,,,,0.542,117,82,0.35,0.378,1.079,0,2,,,,,,,0.932,0.534,1.626,0.958,1.223,1.036,,,,Big,0.24,,,0.24,-0.54,EuroCup,2024-25,intl
Kenneth Smith,191,165,26,8,3,83.3,127,41.7,41.6,32,32.8,-13.1,21,38.1,43.6,-5.5,0,,0,,,,1.024,0.717,1.461,,,,,,,0.812,116,103,0.336,0.466,1.386,5,5,,,,,,,0.335,0.09,1.247,1.142,0.963,1.106,,,,Playmaker,-0.24,,,0.57,-1.73,EuroCup,2024-25,intl
Jonah Mathews,190,138,52,15,10,55.0,204,50.0,5.0,59,48.3,-2.7,19,36.8,51.5,-14.7,0,,0,,,,1.001,0.865,1.158,,,,,,,0.867,113,137,0.442,0.511,1.155,6,8,,,,,,,0.819,0.541,1.242,1.003,1.083,1.036,,,,Wing,-0.27,,,1.36,-0.55,EuroCup,2024-25,intl
Sehmus Hazer,190,160,30,13,8,12.5,142,46.8,-34.3,30,50.0,6.2,26,42.3,45.6,-3.3,0,,0,,,,0.84,0.603,1.169,,,,,,,0.577,117,102,0.41,0.402,0.98,6,3,,,,,,,1.243,0.755,2.047,0.905,0.847,0.962,,,,Wing,-0.97,,,-0.19,0.56,EuroCup,2024-25,intl
Kyle Allman,189,164,25,9,4,50.0,130,50.0,0.0,30,36.7,-17.2,18,36.1,52.2,-16.0,0,,0,,,,0.843,0.585,1.213,,,,,,,0.694,104,100,0.337,0.39,1.159,4,5,,,,,,,0.268,0.074,0.98,1.094,0.758,0.79,,,,Wing,-0.95,,,0.44,-1.99,EuroCup,2024-25,intl
Axel Bouteille,188,147,41,15,9,55.6,182,58.8,-3.2,30,50.0,-10.2,32,42.2,61.9,-19.8,0,,0,,,,1.064,0.957,1.184,,,,,,,0.683,123,92,0.439,0.478,1.089,5,5,,,,,,,1.325,0.979,1.795,1.058,0.956,1.059,,,,Wing,0.0,,,0.38,0.77,EuroCup,2024-25,intl
Tomer Ginat,188,172,16,7,2,50.0,162,57.4,-7.4,37,54.1,-4.2,17,50.0,58.2,-8.2,0,,0,,,,1.168,1.009,1.353,,,,,,,0.571,104,95,0.404,0.379,0.938,3,2,,,,,,,0.995,0.604,1.637,0.951,1.222,1.179,,,,Wing,0.46,,,-0.22,-0.09,EuroCup,2024-25,intl
Andrew Andrews,187,144,43,13,17,32.4,159,49.7,-17.3,54,50.9,4.2,20,55.0,47.1,7.9,0,,0,,,,1.116,0.949,1.313,,,,,,,0.827,112,115,0.473,0.487,1.029,8,8,,,,,,,0.812,0.501,1.317,1.082,0.899,1.05,,,,Playmaker,0.06,,,0.68,-0.35,EuroCup,2024-25,intl
Aleksej Nikolic,186,158,28,10,9,50.0,129,51.6,-1.6,31,45.2,-8.1,14,32.1,53.6,-21.5,0,,0,,,,0.86,0.612,1.207,,,,,,,0.7,111,97,0.378,0.412,1.09,4,5,,,,,,,0.547,0.228,1.31,0.907,0.82,0.86,,,,Wing,-0.88,,,0.47,-1.26,EuroCup,2024-25,intl
Joe Thomasson,185,160,25,8,6,66.7,149,51.7,15.0,41,51.2,-1.4,20,67.5,50.0,17.5,0,,0,,,,1.12,0.923,1.359,,,,,,,0.781,90,110,0.4,0.455,1.136,0,5,,,,,,,0.702,0.372,1.322,1.035,1.215,1.111,,,,Wing,0.25,,,0.9,-0.86,EuroCup,2024-25,intl
Khadeen Carrington,185,138,47,16,12,41.7,198,48.2,-6.6,60,35.8,-16.8,27,33.3,50.0,-16.7,0,,0,,,,1.02,0.897,1.161,,,,,,,0.734,109,131,0.495,0.534,1.079,9,10,,,,,,,1.013,0.69,1.486,1.085,1.043,0.973,,,,Wing,-0.19,,,0.65,-0.04,EuroCup,2024-25,intl
Ante Tomic,182,161,21,7,8,75.0,131,55.7,19.3,32,62.5,7.4,24,37.5,60.9,-23.4,0,,0,,,,0.867,0.611,1.229,,,,,,,0.75,101,97,0.257,0.351,1.362,1,4,,,,,,,1.32,0.944,1.847,0.996,0.35,0.822,,,,Big,-0.45,,,1.14,0.65,EuroCup,2024-25,intl
Vassilis Toliopoulos,181,115,66,18,13,38.5,185,45.1,-6.7,54,47.2,3.5,39,41.0,45.6,-4.6,0,,0,,,,1.068,0.937,1.217,,,,,,,0.917,115,120,0.513,0.575,1.121,8,10,,,,,,,0.952,0.622,1.456,1.1,0.986,1.073,,,,,,,,,,EuroCup,2024-25,intl
Yam Madar,179,172,7,5,8,43.8,110,69.1,-25.3,42,52.4,-23.3,17,35.3,72.8,-37.5,0,,0,,,,1.391,1.005,1.924,,,,,,,0.35,85,101,0.165,0.376,2.284,1,3,,,,,,,,,,1.608,1.268,1.219,,,,Wing,1.42,,,-1.4,,EuroCup,2024-25,intl
Jakub Schenk,179,153,26,8,9,44.4,121,46.3,-1.8,40,46.2,0.1,14,42.9,46.6,-3.7,0,,0,,,,1.226,0.961,1.564,,,,,,,0.812,82,115,0.415,0.426,1.028,4,4,,,,,,,0.468,0.189,1.159,1.21,1.14,1.175,,,,Playmaker,0.42,,,0.57,-1.35,EuroCup,2024-25,intl
Dj Stewart,179,135,44,13,12,41.7,161,47.2,-5.5,40,46.2,-0.7,24,41.7,47.7,-6.0,0,,0,,,,1.106,0.979,1.249,,,,,,,0.846,103,101,0.447,0.485,1.086,7,8,,,,,,,0.892,0.604,1.316,1.163,0.913,1.082,,,,Wing,0.19,,,1.25,-0.36,EuroCup,2024-25,intl
Derek Needham,178,136,42,13,7,35.7,158,48.4,-12.7,45,45.6,-3.2,8,68.8,46.8,21.9,0,,0,,,,1.202,1.021,1.415,,,,,,,0.808,101,114,0.436,0.518,1.188,5,8,,,,,,,1.238,0.807,1.9,1.196,1.115,1.188,,,,Playmaker,0.34,,,0.54,0.88,EuroCup,2024-25,intl
Adam Mokoka,177,136,41,13,7,57.1,151,55.3,1.8,39,57.7,3.1,16,62.5,54.6,7.9,0,,0,,,,1.106,0.933,1.31,,,,,,,0.788,104,102,0.433,0.363,0.838,8,4,,,,,,,0.962,0.655,1.413,1.076,1.126,1.044,,,,Wing,0.19,,,0.94,-0.18,EuroCup,2024-25,intl
Brancou Badio,176,151,25,9,9,55.6,128,62.1,-6.6,34,60.3,-1.8,13,53.8,62.5,-8.7,0,,0,,,,1.026,0.786,1.338,,,,,,,0.694,94,96,0.309,0.417,1.351,2,5,,,,,,,0.687,0.376,1.255,1.124,1.023,1.045,,,,Wing,-0.16,,,0.44,-0.89,EuroCup,2024-25,intl
Tai Odiase,174,165,9,5,5,80.0,155,60.6,19.4,36,63.9,3.4,20,55.0,62.1,-7.1,0,,0,,,,1.13,,,,,,,,,0.45,104,75,0.394,0.28,0.71,4,1,,,,,,,1.442,1.107,1.878,1.189,,1.13,,,,Big,0.63,,,-0.15,1.03,EuroCup,2024-25,intl
Tarik Phillip,174,148,26,10,12,41.7,122,41.8,-0.1,30,38.3,-4.5,15,43.3,41.6,1.7,0,,0,,,,0.884,0.641,1.22,,,,,,,0.65,93,99,0.452,0.434,0.962,3,5,,,,,,,0.449,0.158,1.277,0.962,1.483,0.926,,,,Wing,-0.78,,,0.2,-1.52,EuroCup,2024-25,intl
Chris Jones,173,161,12,4,6,50.0,112,57.6,-7.6,26,48.1,-11.7,15,53.3,57.8,-4.4,0,,0,,,,1.22,0.861,1.729,,,,,,,0.75,99,88,0.303,0.33,1.087,3,2,,,,,,,1.058,0.573,1.954,1.297,0.598,1.061,,,,Wing,0.68,,,0.74,0.08,EuroCup,2024-25,intl
Martynas Varnas,173,140,33,12,11,22.7,137,55.8,-33.1,40,51.2,-2.9,11,9.1,56.9,-47.8,0,,0,,,,1.188,0.994,1.42,,,,,,,0.688,100,96,0.38,0.469,1.234,4,6,,,,,,,0.948,0.607,1.479,1.151,1.267,1.195,,,,Wing,0.54,,,0.41,-0.21,EuroCup,2024-25,intl
Quinn Ellis,172,144,28,10,8,56.2,118,35.6,20.7,32,45.3,11.3,9,11.1,38.9,-27.8,0,,0,,,,1.005,0.725,1.392,,,,,,,0.7,104,98,0.394,0.418,1.061,6,4,,,,,,,1.535,0.9,2.618,1.153,1.227,1.042,,,,Playmaker,-0.31,,,-0.24,1.74,EuroCup,2024-25,intl
Kassius Robertson,170,135,35,10,8,31.2,132,61.4,-30.1,32,45.3,-18.6,20,40.0,62.9,-22.9,0,,0,,,,0.974,0.772,1.229,,,,,,,0.875,90,101,0.378,0.366,0.97,5,4,,,,,,,0.99,0.65,1.508,1.159,0.673,0.969,,,,Wing,-0.39,,,1.41,-0.1,EuroCup,2024-25,intl
Dennis Seeley,168,135,33,13,9,44.4,146,62.0,-17.5,33,62.1,1.5,15,86.7,58.2,28.5,0,,0,,,,1.061,0.897,1.253,,,,,,,0.635,99,91,0.404,0.451,1.115,4,6,,,,,,,1.122,0.775,1.625,1.189,0.872,1.024,,,,,,,,,,EuroCup,2024-25,intl
Olivier Hanlan,167,132,35,14,13,42.3,130,42.7,-0.4,45,48.9,9.1,24,33.3,44.5,-11.2,0,,0,,,,1.083,0.878,1.337,,,,,,,0.625,80,117,0.475,0.444,0.936,5,8,,,,,,,1.008,0.601,1.69,0.912,0.865,1.002,,,,Playmaker,-0.05,,,-0.79,0.21,EuroCup,2024-25,intl
Matthew Costello,166,141,25,9,2,75.0,152,66.8,8.2,40,63.7,-4.2,13,73.1,66.3,6.8,0,,0,,,,1.088,0.922,1.284,,,,,,,0.694,86,99,0.349,0.384,1.1,4,6,,,,,,,1.234,0.887,1.716,1.215,1.117,1.081,,,,,,,,,,EuroCup,2024-25,intl
Kyle Wiltjer,166,129,37,12,15,50.0,153,50.7,-0.7,39,38.5,-15.8,25,56.0,49.7,6.3,0,,0,,,,0.96,0.808,1.14,,,,,,,0.771,91,106,0.451,0.5,1.11,6,6,,,,,,,0.891,0.567,1.401,1.027,0.971,0.988,,,,Big,-0.07,,,1.23,-0.66,EuroCup,2024-25,intl
Aaron Best,165,112,53,16,5,0.0,166,43.1,-43.1,36,29.2,-16.0,19,63.2,39.1,24.0,0,,0,,,,1.012,0.88,1.163,,,,,,,0.828,103,100,0.583,0.51,0.876,8,6,,,,,,,0.911,0.583,1.421,1.118,0.968,0.996,,,,Wing,-0.22,,,1.16,-0.31,EuroCup,2024-25,intl
Tyler Ennis,165,146,19,8,21,47.6,103,56.8,-9.2,44,47.7,-11.6,19,52.6,55.7,-3.1,0,,0,,,,1.361,1.121,1.651,,,,,,,0.594,77,101,0.312,0.396,1.271,2,6,,,,,,,0.775,0.426,1.41,1.159,1.103,1.277,,,,Playmaker,0.87,,,-1.01,-0.46,EuroCup,2024-25,intl
Kenan Kamenjas,164,138,26,8,9,44.4,136,58.1,-13.6,33,57.6,0.4,17,58.8,57.0,1.8,0,,0,,,,1.032,0.839,1.27,,,,,,,0.812,94,88,0.34,0.352,1.035,3,1,,,,,,,1.2,0.849,1.697,1.091,1.257,1.038,,,,Big,0.22,,,1.41,0.28,EuroCup,2024-25,intl
Tre'Shawn Thurman,163,137,26,8,3,33.3,151,57.0,-23.6,29,41.4,-18.6,17,70.6,54.7,15.8,0,,0,,,,0.886,0.71,1.104,,,,,,,0.812,96,82,0.479,0.427,0.891,4,4,,,,,,,0.641,0.345,1.19,0.925,0.821,0.928,,,,Wing,-0.77,,,1.07,-1.01,EuroCup,2024-25,intl
Xavier Castaneda,162,114,48,12,14,60.7,148,43.2,17.5,41,50.0,7.0,10,10.0,47.0,-37.0,0,,0,,,,1.094,0.881,1.357,,,,,,,1.0,123,96,0.447,0.49,1.095,10,6,,,,,,,1.423,0.937,2.16,1.073,1.072,1.154,,,,Playmaker,-0.01,,,1.94,1.42,EuroCup,2024-25,intl
Yoan Makoundou,162,130,32,13,5,60.0,159,53.8,6.2,36,62.5,10.9,22,47.7,54.9,-7.2,0,,0,,,,1.042,0.937,1.158,,,,,,,0.615,101,81,0.396,0.519,1.309,3,6,,,,,,,0.805,0.517,1.252,1.041,0.737,0.979,,,,Wing,-0.09,,,0.02,-0.59,EuroCup,2024-25,intl
Semi Ojeleye,160,102,58,18,8,12.5,182,54.1,-41.6,45,51.1,-1.6,11,50.0,52.5,-2.5,0,,0,,,,0.961,0.878,1.052,,,,,,,0.806,110,92,0.573,0.554,0.968,9,9,,,,,,,1.079,0.73,1.597,0.937,1.008,0.961,,,,Wing,-0.44,,,1.04,0.13,EuroCup,2024-25,intl
Oleksandr Kovliar,159,125,34,11,8,18.8,123,52.0,-33.3,45,51.1,1.7,19,63.2,47.8,15.4,0,,0,,,,1.18,0.941,1.481,,,,,,,0.773,87,99,0.448,0.354,0.789,5,5,,,,,,,0.857,0.52,1.413,1.439,1.276,1.135,,,,,,,,,,EuroCup,2024-25,intl
Stefan Jovic,159,157,2,1,2,125.0,63,54.0,71.0,13,26.9,-36.5,8,62.5,55.3,7.2,0,,0,,,,2.532,,,,,,,,,0.5,73,87,0.164,0.23,1.398,0,1,,,,,,,0.969,0.237,3.955,1.312,,2.532,,,,Playmaker,4.72,,,-1.69,0.1,EuroCup,2024-25,intl
Myles Cale,159,111,48,15,6,133.3,160,48.1,85.2,34,57.4,7.7,11,31.8,52.6,-20.8,0,,0,,,,1.019,0.884,1.176,,,,,,,0.8,106,89,0.443,0.506,1.14,8,7,,,,,,,1.013,0.707,1.453,1.044,0.773,1.015,,,,Wing,-0.19,,,1.01,-0.04,EuroCup,2024-25,intl
Joe Ragland,158,145,13,4,4,62.5,91,50.0,12.5,24,54.2,4.9,10,45.0,51.2,-6.2,0,,0,,,,0.964,0.571,1.627,,,,,,,0.812,95,76,0.274,0.316,1.154,2,1,,,,,,,1.129,0.574,2.221,1.074,0.505,0.889,,,,Playmaker,-0.44,,,0.57,0.56,EuroCup,2024-25,intl
Nelson Weidemann,156,128,28,10,7,64.3,121,55.8,8.5,38,65.8,13.6,11,59.1,56.0,3.1,0,,0,,,,0.934,0.709,1.231,,,,,,,0.7,93,80,0.398,0.412,1.037,6,5,,,,,,,0.799,0.456,1.401,0.945,1.127,1.022,,,,Playmaker,-0.54,,,-0.24,-0.39,EuroCup,2024-25,intl
Patrick Beverley,155,136,19,8,11,50.0,106,51.4,-1.4,37,41.9,-13.7,13,50.0,51.4,-1.4,0,,0,,,,0.758,0.464,1.239,,,,,,,0.594,88,91,0.307,0.462,1.504,2,6,,,,,,,0.461,0.133,1.595,1.06,0.935,0.904,,,,Playmaker,-1.12,,,-1.01,-1.37,EuroCup,2024-25,intl
Berk Ugurlu,155,145,10,4,2,125.0,84,56.0,69.0,26,42.3,-21.9,10,20.0,62.5,-42.5,0,,0,,,,1.353,0.876,2.091,,,,,,,0.625,94,65,0.223,0.338,1.515,0,4,,,,,,,0.804,0.333,1.94,1.177,1.425,1.353,,,,Wing,1.26,,,0.07,-0.59,EuroCup,2024-25,intl
Tyler Cavanaugh,152,123,29,11,7,64.3,138,56.2,8.1,24,64.6,9.6,20,35.0,60.0,-25.0,0,,0,,,,1.188,1.065,1.325,,,,,,,0.659,101,68,0.416,0.5,1.202,6,3,,,,,,,0.91,0.585,1.416,1.154,1.193,1.187,,,,Wing,0.54,,,0.25,-0.31,EuroCup,2024-25,intl
Alfonso Plummer,151,131,20,7,15,53.3,122,58.2,-4.9,48,50.0,-11.8,13,38.5,59.7,-21.2,0,,0,,,,0.869,0.669,1.13,,,,,,,0.714,71,91,0.535,0.44,0.821,3,3,,,,,,,0.711,0.338,1.493,0.924,0.824,0.823,,,,Playmaker,-0.75,,,-0.14,-0.65,EuroCup,2024-25,intl
Sasu Salin,150,116,34,12,2,75.0,133,55.6,19.4,35,52.9,-4.1,5,60.0,55.8,4.2,0,,0,,,,0.898,0.721,1.118,,,,,,,0.708,80,86,0.5,0.488,0.977,4,5,,,,,,,0.707,0.383,1.305,0.954,0.99,0.882,,,,Wing,-0.72,,,0.51,-0.84,EuroCup,2024-25,intl
Maksim Salash,150,127,23,10,14,42.9,125,56.8,-13.9,43,58.1,4.0,10,55.0,55.4,-0.4,0,,0,,,,0.904,0.721,1.133,,,,,,,0.575,71,90,0.437,0.456,1.043,3,5,,,,,,,0.843,0.488,1.455,0.949,0.68,0.914,,,,Wing,-0.69,,,-0.2,-0.49,EuroCup,2024-25,intl
Antonio Blakeney,149,119,30,13,5,50.0,152,58.6,-8.6,47,59.6,1.8,20,47.5,59.9,-12.4,0,,0,,,,0.946,0.814,1.1,,,,,,,0.577,87,86,0.448,0.488,1.089,3,4,,,,,,,1.048,0.703,1.564,1.073,1.109,0.978,,,,Wing,-0.51,,,-0.19,0.05,EuroCup,2024-25,intl
John Shurna,148,117,31,10,8,68.8,131,53.8,14.9,27,59.3,5.7,22,31.8,59.0,-27.2,0,,0,,,,0.839,0.661,1.064,,,,,,,0.775,101,66,0.475,0.409,0.861,5,2,,,,,,,0.81,0.473,1.388,0.914,0.966,0.888,,,,Wing,-0.97,,,0.87,-0.57,EuroCup,2024-25,intl
Zach Hankins,148,128,20,8,8,75.0,137,60.6,14.4,42,61.9,0.7,7,28.6,63.0,-34.5,0,,0,,,,0.906,0.721,1.138,,,,,,,0.625,91,75,0.341,0.333,0.978,4,2,,,,,,,1.094,0.764,1.568,0.961,0.564,0.903,,,,Big,-0.29,,,0.6,-0.04,EuroCup,2024-25,intl
Dovis Bickauskis,144,124,20,8,9,72.2,102,56.9,15.4,26,51.9,-8.1,17,85.3,53.2,32.1,0,,0,,,,1.094,0.827,1.447,,,,,,,0.625,86,70,0.326,0.414,1.272,4,4,,,,,,,0.756,0.394,1.449,1.076,1.425,1.098,,,,Playmaker,-0.01,,,-0.79,-0.52,EuroCup,2024-25,intl
Kristupas Zemaitis,144,123,21,10,4,25.0,114,45.2,-20.2,33,28.8,-21.8,11,22.7,46.7,-24.0,0,,0,,,,0.998,0.745,1.338,,,,,,,0.525,79,81,0.392,0.531,1.353,3,3,,,,,,,0.451,0.16,1.275,1.19,0.947,1.062,,,,Wing,-0.28,,,-0.47,-1.51,EuroCup,2024-25,intl
Xabi Lopez-Arostegui,144,132,12,5,8,37.5,112,60.3,-22.8,33,43.9,-20.4,16,40.6,61.5,-20.9,0,,0,,,,0.971,0.691,1.363,,,,,,,0.6,79,74,0.342,0.446,1.305,2,2,,,,,,,1.526,1.025,2.271,1.14,1.274,1.035,,,,,,,,,,EuroCup,2024-25,intl
Jaime Pradilla,144,142,2,1,1,0.0,94,75.0,-75.0,23,80.4,8.2,12,70.8,74.7,-3.9,0,,0,,,,0.763,0.19,3.068,,,,,,,0.5,79,66,0.203,0.227,1.122,0,0,,,,,,,1.476,,,0.633,,0.763,,,,Wing,-1.3,,,-0.6,1.17,EuroCup,2024-25,intl
Joel Ayayi,144,143,1,1,6,58.3,80,63.1,-4.8,17,64.7,2.4,7,35.7,65.2,-29.5,0,,0,,,,,,,,,,,,,0.25,80,65,0.237,0.262,1.101,1,0,,,,,,,,,,1.142,,,,,,Wing,,,,-1.94,,EuroCup,2024-25,intl
Jordan Usher,142,105,37,15,9,33.3,149,51.0,-17.7,32,59.4,11.8,13,26.9,52.1,-25.1,0,,0,,,,1.037,0.922,1.167,,,,,,,0.617,92,83,0.511,0.518,1.014,9,6,,,,,,,1.145,0.779,1.683,1.017,1.062,1.038,,,,Wing,-0.11,,,0.03,0.3,EuroCup,2024-25,intl
Yovel Zoosman,142,108,34,11,4,75.0,131,49.6,25.4,37,59.5,12.5,20,22.5,55.2,-32.7,0,,0,,,,0.876,0.692,1.109,,,,,,,0.773,82,86,0.5,0.465,0.93,7,6,,,,,,,0.954,0.561,1.621,0.878,1.084,0.972,,,,Wing,-0.81,,,0.86,-0.2,EuroCup,2024-25,intl
George Conditt Iv,142,128,14,4,1,100.0,115,68.7,31.3,22,72.7,4.6,10,60.0,69.8,-9.8,0,,0,,,,1.201,1.01,1.427,,,,,,,0.875,80,67,0.225,0.269,1.194,0,3,,,,,,,0.965,0.658,1.416,1.166,1.018,1.121,,,,Big,0.92,,,1.68,-0.44,EuroCup,2024-25,intl
Sharife Cooper,140,117,23,8,16,28.1,105,50.0,-21.9,41,32.9,-21.4,19,23.7,51.5,-27.8,0,,0,,,,1.103,0.864,1.409,,,,,,,0.719,74,89,0.378,0.472,1.247,2,6,,,,,,,1.122,0.666,1.888,1.318,0.908,1.064,,,,Playmaker,0.02,,,-0.1,0.54,EuroCup,2024-25,intl
Ishmail Carzell Wainright,140,127,13,8,5,20.0,103,51.9,-31.9,20,40.0,-12.8,19,42.1,52.2,-10.1,0,,0,,,,1.317,1.085,1.599,,,,,,,0.406,92,56,0.402,0.464,1.154,3,1,,,,,,,0.724,0.315,1.661,1.091,1.04,1.317,,,,,,,,,,EuroCup,2024-25,intl
Jordan Barnett,140,101,39,12,3,33.3,157,51.3,-17.9,42,57.1,8.4,17,82.4,47.2,35.2,0,,0,,,,0.988,0.909,1.073,,,,,,,0.812,81,86,0.531,0.558,1.051,5,4,,,,,,,1.215,0.822,1.795,1.017,0.869,0.984,,,,Wing,-0.33,,,1.07,0.49,EuroCup,2024-25,intl
Dustin Sleva,139,124,15,9,2,125.0,129,57.8,67.2,33,66.7,10.5,15,36.7,61.6,-25.0,0,,0,,,,1.204,,,,,,,,,0.417,86,67,0.384,0.463,1.206,3,3,,,,,,,0.736,0.386,1.402,0.998,1.188,1.204,,,,Wing,0.61,,,-1.04,-0.77,EuroCup,2024-25,intl
Josep Puerto,136,115,21,12,1,150.0,131,53.4,96.6,33,62.1,10.6,11,31.8,56.2,-24.4,0,,0,,,,0.986,0.816,1.19,,,,,,,0.438,85,65,0.471,0.554,1.177,4,3,,,,,,,0.694,0.35,1.377,0.93,0.913,0.993,,,,Wing,-0.33,,,-0.93,-0.88,EuroCup,2024-25,intl
Carl Wheatle,136,123,13,6,4,100.0,82,43.9,56.1,32,48.4,3.1,21,35.7,50.0,-14.3,0,,0,,,,1.051,0.667,1.657,,,,,,,0.542,55,89,0.291,0.393,1.352,0,5,,,,,,,0.844,0.333,2.141,1.506,1.725,0.922,,,,Wing,-0.05,,,-0.37,-0.48,EuroCup,2024-25,intl
De'Shawn Stephens,135,135,0,0,3,66.7,108,75.9,-9.3,22,59.1,-20.7,7,42.9,77.9,-35.0,0,,0,,,,,,,,,,,,,,73,62,0.151,0.258,1.713,0,0,,,,,,,,,,1.235,,,,,,Wing,,,,,,EuroCup,2024-25,intl
Noa Essengue,134,120,14,6,9,77.8,116,58.6,19.2,38,65.8,8.3,6,83.3,58.8,24.5,0,,0,,,,0.742,0.499,1.103,,,,,,,0.583,73,73,0.452,0.301,0.667,3,1,,,,,,,0.932,0.509,1.707,1.04,0.77,0.833,,,,Wing,-1.39,,,-0.16,-0.25,EuroCup,2024-25,intl
Jaka Blazic,134,112,22,10,5,50.0,124,46.0,4.0,30,35.0,-14.5,19,18.4,50.9,-32.5,0,,0,,,,1.061,0.911,1.235,,,,,,,0.55,74,74,0.514,0.568,1.105,2,3,,,,,,,0.84,0.442,1.597,0.871,0.892,1.032,,,,Wing,-0.01,,,-0.33,-0.49,EuroCup,2024-25,intl
Kur Kuath,133,132,1,2,5,20.0,100,70.0,-50.0,29,62.1,-7.7,3,100.0,66.7,33.3,0,,0,,,,,,,,,,,,,0.125,69,66,0.246,0.258,1.045,0,1,,,,,,,,,,1.014,,,,,,Big,,,,-1.56,,EuroCup,2024-25,intl
Pierre Pelos,131,125,6,3,9,83.3,110,66.8,16.5,27,92.6,31.7,19,63.2,69.0,-5.8,0,,0,,,,1.147,,,,,,,,,0.5,63,72,0.397,0.333,0.84,1,0,,,,,,,0.838,0.371,1.894,1.085,1.14,1.147,,,,Wing,0.36,,,-0.6,-0.5,EuroCup,2024-25,intl
Brynton Lemar,130,99,31,9,7,21.4,126,54.0,-32.5,34,39.7,-16.9,17,52.9,52.2,0.8,0,,0,,,,1.168,1.046,1.305,,,,,,,0.861,78,77,0.423,0.558,1.32,3,6,,,,,,,0.911,0.571,1.455,1.061,1.019,1.086,,,,Wing,0.46,,,1.33,-0.31,EuroCup,2024-25,intl
Geoffrey Groselle,129,117,12,4,8,62.5,102,66.7,-4.2,29,72.4,8.2,9,33.3,69.3,-36.0,0,,0,,,,0.905,0.646,1.267,,,,,,,0.75,65,68,0.292,0.265,0.906,1,2,,,,,,,1.326,1.013,1.738,1.066,,0.905,,,,Big,-0.3,,,1.14,0.67,EuroCup,2024-25,intl
Jaroslaw Zyskowski,128,91,37,14,10,30.0,135,49.3,-19.3,38,56.6,11.7,12,33.3,49.2,-15.9,0,,0,,,,0.972,0.839,1.125,,,,,,,0.661,97,65,0.567,0.492,0.868,12,4,,,,,,,0.799,0.483,1.323,1.094,0.95,0.981,,,,Wing,-0.39,,,0.26,-0.6,EuroCup,2024-25,intl
Mfiondu Kabengele,128,120,8,4,7,50.0,107,67.8,-17.8,30,70.0,4.5,13,42.3,69.8,-27.5,0,,0,,,,1.188,,,,,,,,,0.5,69,65,0.232,0.4,1.725,1,4,,,,,,,0.743,0.367,1.505,1.098,1.174,1.069,,,,Big,0.86,,,0.06,-1.12,EuroCup,2024-25,intl
Fletcher Magee,127,98,29,12,12,83.3,122,62.7,20.6,42,73.8,13.5,12,79.2,63.1,16.1,0,,0,,,,0.945,0.828,1.078,,,,,,,0.604,63,79,0.46,0.519,1.127,2,5,,,,,,,0.989,0.641,1.527,1.007,0.946,0.955,,,,Wing,-0.51,,,-0.04,-0.1,EuroCup,2024-25,intl
Carlos Alocen,126,116,10,3,2,75.0,75,47.3,27.7,24,56.2,11.9,12,45.8,48.5,-2.6,0,,0,,,,1.23,0.796,1.902,,,,,,,0.833,67,63,0.328,0.349,1.063,0,1,,,,,,,1.3,0.648,2.611,1.07,,1.278,,,,Wing,0.73,,,1.18,0.71,EuroCup,2024-25,intl
Nathan Sestina,126,114,12,10,1,0.0,122,57.8,-57.8,30,45.0,-16.3,8,37.5,58.7,-21.2,0,,0,,,,1.035,0.862,1.242,,,,,,,0.3,75,62,0.467,0.565,1.21,3,4,,,,,,,1.397,0.852,2.292,1.0,1.116,1.042,,,,,,,,,,EuroCup,2024-25,intl
Jordan Parks,125,87,38,10,12,33.3,124,51.2,-17.9,30,46.7,-3.8,20,35.0,52.2,-17.2,0,,0,,,,1.112,0.957,1.292,,,,,,,0.95,72,88,0.514,0.42,0.818,7,5,,,,,,,1.395,0.961,2.025,0.982,1.195,1.079,,,,Wing,0.21,,,1.81,0.96,EuroCup,2024-25,intl
Conor Morgan,125,108,17,8,2,50.0,112,53.6,-3.6,28,48.2,-7.0,8,43.8,54.2,-10.5,0,,0,,,,1.241,,,,,,,,,0.531,65,72,0.446,0.458,1.027,3,3,,,,,,,1.071,0.652,1.759,1.045,1.212,1.241,,,,Wing,0.77,,,-0.43,0.11,EuroCup,2024-25,intl
Bruno Caboclo,125,110,15,8,4,37.5,120,59.6,-22.1,36,50.0,-12.5,20,65.0,57.7,7.3,0,,0,,,,1.058,0.91,1.232,,,,,,,0.469,76,62,0.342,0.532,1.556,3,6,,,,,,,0.47,0.202,1.092,0.972,1.13,1.071,,,,Big,0.33,,,-0.07,-1.95,EuroCup,2024-25,intl
Bar Timor,125,119,6,6,1,0.0,82,55.5,-55.5,18,50.0,-6.2,12,83.3,50.0,33.3,0,,0,,,,1.358,0.924,1.997,,,,,,,0.25,72,59,0.264,0.424,1.606,1,3,,,,,,,1.217,0.573,2.582,1.098,,1.358,,,,Wing,1.28,,,-1.94,0.49,EuroCup,2024-25,intl
Kyle Alexander,124,113,11,4,4,75.0,104,61.5,13.5,25,60.0,-2.7,10,70.0,61.2,8.8,0,,0,,,,1.005,0.75,1.346,,,,,,,0.688,72,59,0.292,0.339,1.162,2,2,,,,,,,1.04,0.639,1.691,1.071,,1.053,,,,Big,0.11,,,0.87,-0.21,EuroCup,2024-25,intl
Marko Simonovic,123,96,27,8,3,66.7,116,52.2,14.5,31,69.4,22.8,18,55.6,52.0,3.6,0,,0,,,,1.215,,,,,,,,,0.844,67,70,0.448,0.471,1.053,3,3,,,,,,,1.421,0.971,2.079,0.988,1.077,1.176,,,,Wing,0.66,,,1.24,1.03,EuroCup,2024-25,intl
Adrian Nelson,123,98,25,11,1,0.0,122,46.7,-46.7,24,43.8,-3.2,10,10.0,49.6,-39.6,0,,0,,,,1.094,0.981,1.22,,,,,,,0.568,70,66,0.557,0.53,0.952,5,5,,,,,,,0.968,0.569,1.649,1.079,1.022,1.097,,,,Wing,0.13,,,-0.24,-0.16,EuroCup,2024-25,intl
Kelan Martin,122,89,33,11,5,40.0,127,57.1,-17.1,35,58.6,2.9,16,53.1,56.9,-3.8,0,,0,,,,0.956,0.813,1.124,,,,,,,0.75,77,71,0.455,0.493,1.085,5,4,,,,,,,1.489,1.048,2.115,1.081,0.902,0.967,,,,Wing,-0.46,,,0.74,1.2,EuroCup,2024-25,intl
Braian Angola,121,90,31,8,5,110.0,107,52.3,57.7,23,76.1,26.6,14,42.9,56.6,-13.8,0,,0,,,,0.982,0.774,1.247,,,,,,,0.969,75,72,0.413,0.431,1.042,5,6,,,,,,,0.87,0.515,1.467,0.929,0.977,0.951,,,,Wing,-0.35,,,1.91,-0.42,EuroCup,2024-25,intl
Mantas Rubstavicius,119,93,26,10,8,50.0,119,50.4,-0.4,28,55.4,6.4,16,43.8,51.4,-7.6,0,,0,,,,0.785,0.601,1.025,,,,,,,0.65,79,69,0.519,0.478,0.922,5,5,,,,,,,0.683,0.343,1.362,1.054,1.004,0.843,,,,Wing,-1.21,,,0.2,-0.9,EuroCup,2024-25,intl
Yigit Arslan,117,106,11,5,4,75.0,103,63.6,11.4,34,57.4,-9.8,13,53.8,65.4,-11.6,0,,0,,,,0.829,0.573,1.199,,,,,,,0.55,57,66,0.439,0.47,1.071,1,1,,,,,,,0.474,0.141,1.6,0.992,1.16,0.855,,,,Wing,-1.02,,,-0.33,-1.45,EuroCup,2024-25,intl
Nick Johnson,116,99,17,8,6,25.0,82,36.0,-11.0,28,32.1,-4.5,7,71.4,32.1,39.3,0,,0,,,,0.91,0.596,1.39,,,,,,,0.531,65,69,0.4,0.493,1.232,2,6,,,,,,,0.256,0.039,1.685,1.097,1.023,0.952,,,,Wing,-0.66,,,-0.43,-2.02,EuroCup,2024-25,intl
Mehdy Ngouama,116,96,20,11,3,33.3,104,42.8,-9.5,42,48.8,10.3,10,25.0,44.3,-19.3,0,,0,,,,1.249,1.075,1.453,,,,,,,0.455,50,81,0.46,0.568,1.235,2,6,,,,,,,1.138,0.621,2.088,1.204,1.173,1.264,,,,Playmaker,0.5,,,-2.02,0.59,EuroCup,2024-25,intl
Davide Moretti,115,100,15,8,0,,84,48.2,,21,42.9,-7.1,7,78.6,45.5,33.1,0,,0,,,,1.042,0.707,1.534,,,,,,,0.469,71,56,0.366,0.518,1.414,3,4,,,,,,,0.474,0.133,1.692,1.085,0.95,1.103,,,,Wing,-0.09,,,-0.77,-1.45,EuroCup,2024-25,intl
Georgios Kalaitzakis,114,83,31,10,5,20.0,112,46.9,-26.9,29,43.1,-3.5,23,45.7,45.7,-0.1,0,,0,,,,1.086,0.935,1.263,,,,,,,0.775,59,81,0.559,0.432,0.773,4,4,,,,,,,1.078,0.688,1.689,0.908,1.09,1.015,,,,Wing,0.1,,,0.87,0.13,EuroCup,2024-25,intl
Adam Hanga,111,95,16,7,8,31.2,76,55.3,-24.0,20,35.0,-23.6,10,45.0,54.1,-9.1,0,,0,,,,0.709,0.427,1.177,,,,,,,0.571,56,69,0.464,0.333,0.718,3,1,,,,,,,0.866,0.34,2.208,1.321,0.541,0.611,,,,Wing,-1.54,,,-0.22,-0.43,EuroCup,2024-25,intl
Andrija Stipanovic,111,99,12,3,2,100.0,69,59.4,40.6,8,87.5,30.4,9,33.3,64.5,-31.2,0,,0,,,,0.55,0.243,1.243,,,,,,,1.0,69,50,0.29,0.16,0.552,3,0,,,,,,,1.667,,,1.321,,0.831,,,,Big,-1.76,,,2.22,1.72,EuroCup,2024-25,intl
Marek Blazevic,111,107,4,2,1,0.0,95,71.6,-71.6,22,72.7,2.5,12,66.7,71.4,-4.8,0,,0,,,,0.882,0.498,1.561,,,,,,,0.5,56,57,0.268,0.228,0.851,1,1,,,,,,,0.919,0.409,2.066,0.933,0.781,0.882,,,,Big,-0.39,,,0.06,-0.58,EuroCup,2024-25,intl
Chris Johnson,110,103,7,5,4,75.0,95,56.3,18.7,23,63.0,7.8,9,33.3,59.4,-26.1,0,,0,,,,1.184,,,,,,,,,0.35,60,55,0.467,0.364,0.779,1,1,,,,,,,0.793,0.33,1.907,0.855,1.17,1.184,,,,Wing,0.53,,,-1.4,-0.62,EuroCup,2024-25,intl
Mateusz Ponitka,110,102,8,5,4,25.0,79,60.1,-35.1,36,58.3,-0.2,18,38.9,63.8,-25.0,0,,0,,,,1.457,,,,,,,,,0.4,42,74,0.286,0.392,1.372,0,3,,,,,,,1.458,0.92,2.311,0.901,,1.457,,,,Wing,1.71,,,-1.13,1.12,EuroCup,2024-25,intl
Aamir Simms,109,88,21,8,6,58.3,100,51.0,7.3,24,60.4,11.6,15,63.3,49.5,13.9,0,,0,,,,0.906,0.702,1.17,,,,,,,0.656,78,48,0.5,0.417,0.833,5,3,,,,,,,1.261,0.764,2.082,0.881,0.709,0.969,,,,Wing,-0.68,,,0.24,0.61,EuroCup,2024-25,intl
Jeremy Morgan,109,99,10,5,2,0.0,78,61.5,-61.5,20,52.5,-10.0,12,12.5,68.4,-55.9,0,,0,,,,0.707,0.376,1.331,,,,,,,0.5,51,63,0.431,0.349,0.81,1,2,,,,,,,0.824,0.274,2.475,0.911,0.351,0.707,,,,Wing,-1.55,,,-0.6,-0.54,EuroCup,2024-25,intl
Matas Jogela,109,94,15,6,3,83.3,86,52.9,30.4,21,47.6,-8.3,10,65.0,52.5,12.5,0,,0,,,,0.783,0.511,1.202,,,,,,,0.625,65,52,0.431,0.423,0.982,2,2,,,,,,,0.97,0.448,2.099,0.95,1.333,0.841,,,,Wing,-1.22,,,0.07,-0.15,EuroCup,2024-25,intl
Artem Pustovyi,108,105,3,4,5,60.0,101,62.4,-2.4,29,65.5,4.5,15,60.0,62.6,-2.6,0,,0,,,,1.061,,,,,,,,,0.188,62,50,0.323,0.4,1.24,1,1,,,,,,,1.031,0.457,2.326,1.09,,1.061,,,,Big,0.34,,,-1.28,-0.23,EuroCup,2024-25,intl
Landers Nolley,107,79,28,9,11,27.3,96,44.8,-17.5,23,32.6,-13.2,16,46.9,42.3,4.6,0,,0,,,,1.148,0.941,1.4,,,,,,,0.778,68,65,0.456,0.523,1.147,5,5,,,,,,,1.176,0.685,2.017,1.279,1.053,1.113,,,,Wing,0.37,,,0.89,0.38,EuroCup,2024-25,intl
Saliou Niang,107,92,15,6,0,,85,52.9,,17,52.9,0.0,8,43.8,53.9,-10.1,0,,0,,,,0.889,0.61,1.296,,,,,,,0.625,71,44,0.38,0.341,0.896,4,1,,,,,,,1.577,1.071,2.323,1.062,,0.775,,,,Wing,-0.76,,,0.07,1.43,EuroCup,2024-25,intl
Karel Guzman,107,91,16,6,5,100.0,95,53.7,46.3,24,54.2,-2.4,8,37.5,57.6,-20.1,0,,0,,,,0.96,0.747,1.234,,,,,,,0.667,64,53,0.406,0.472,1.161,4,2,,,,,,,0.564,0.243,1.307,1.056,1.191,0.985,,,,Playmaker,-0.45,,,-0.48,-1.07,EuroCup,2024-25,intl
Trey Woodbury,105,84,21,7,5,70.0,93,54.8,15.2,26,65.4,13.3,13,34.6,58.8,-24.2,0,,0,,,,1.273,,,,,,,,,0.75,53,64,0.396,0.453,1.144,3,2,,,,,,,1.179,0.754,1.841,1.053,1.231,1.241,,,,Playmaker,0.58,,,0.12,0.71,EuroCup,2024-25,intl
Garrison Brooks,105,99,6,3,4,50.0,90,65.6,-15.6,22,72.7,10.2,14,42.9,68.8,-25.9,0,,0,,,,0.959,0.665,1.383,,,,,,,0.5,56,52,0.357,0.269,0.754,0,1,,,,,,,1.229,0.772,1.955,1.019,,0.959,,,,Wing,-0.45,,,-0.6,0.52,EuroCup,2024-25,intl
Javon Bess,105,97,8,6,2,0.0,85,58.2,-58.2,18,63.9,8.8,16,46.9,59.2,-12.3,0,,0,,,,0.983,0.649,1.489,,,,,,,0.333,62,50,0.435,0.4,0.919,0,2,,,,,,,1.41,0.762,2.607,0.817,0.634,1.02,,,,Wing,-0.35,,,-1.49,1.0,EuroCup,2024-25,intl
Yannick Kraag,104,94,10,3,2,0.0,94,63.3,-63.3,20,45.0,-21.4,8,25.0,65.3,-40.3,0,,0,,,,1.146,,,,,,,,,0.833,57,52,0.386,0.423,1.096,1,1,,,,,,,1.276,0.813,2.002,1.066,1.141,1.051,,,,Wing,0.36,,,1.18,0.65,EuroCup,2024-25,intl
Jean-Marc Pansa,104,95,9,7,3,66.7,100,54.0,12.7,20,45.0,-11.6,11,18.2,58.7,-40.5,0,,0,,,,0.96,0.756,1.217,,,,,,,0.321,55,56,0.436,0.411,0.941,1,2,,,,,,,1.1,0.624,1.939,0.951,1.08,0.96,,,,Big,-0.07,,,-0.71,-0.02,EuroCup,2024-25,intl
Karim Jallow,103,95,8,3,3,66.7,74,54.1,12.6,10,60.0,6.3,10,60.0,53.7,6.3,0,,0,,,,0.873,0.503,1.516,,,,,,,0.667,66,41,0.348,0.341,0.98,2,1,,,,,,,1.133,0.535,2.399,0.838,1.405,0.931,,,,Wing,-0.82,,,0.29,0.27,EuroCup,2024-25,intl
Nikola Tanaskovic,103,99,4,2,1,100.0,95,56.8,43.2,20,55.0,-2.9,21,45.2,60.7,-15.4,0,,0,,,,1.1,,,,,,,,,0.5,55,50,0.4,0.42,1.05,0,1,,,,,,,0.882,0.326,2.39,0.883,1.098,1.1,,,,Wing,0.16,,,-0.6,-0.38,EuroCup,2024-25,intl
Juwan Morgan,103,100,3,3,7,71.4,71,68.3,3.1,19,76.3,10.2,11,40.9,73.1,-32.2,0,,0,,,,1.389,,,,,,,,,0.25,52,54,0.25,0.333,1.333,0,1,,,,,,,1.636,,,0.818,,1.389,,,,Wing,1.42,,,-1.94,1.59,EuroCup,2024-25,intl
Sam Dekker,101,76,25,7,4,37.5,101,48.5,-11.0,26,50.0,2.5,16,28.1,51.7,-23.6,0,,0,,,,1.079,0.901,1.291,,,,,,,0.893,67,57,0.507,0.491,0.968,4,3,,,,,,,1.644,1.054,2.565,1.14,1.022,1.096,,,,Wing,0.07,,,1.5,1.61,EuroCup,2024-25,intl
Kenneth Ogbe,101,72,29,12,1,0.0,96,41.7,-41.7,16,56.2,18.0,8,50.0,40.4,9.6,0,,0,,,,1.07,0.89,1.287,,,,,,,0.604,66,51,0.636,0.451,0.709,8,2,,,,,,,1.774,1.024,3.072,0.852,0.981,1.016,,,,Wing,0.03,,,-0.04,1.95,EuroCup,2024-25,intl
Justin Smith,100,85,15,5,5,20.0,99,61.6,-41.6,40,62.5,4.7,6,50.0,60.2,-10.2,0,,0,,,,1.076,,,,,,,,,0.75,42,68,0.357,0.397,1.112,2,3,,,,,,,1.207,0.848,1.718,1.022,1.062,1.076,,,,Wing,0.06,,,0.74,0.47,EuroCup,2024-25,intl
Cj Massinburg,100,89,11,6,4,37.5,78,53.2,-15.7,18,44.4,-10.2,6,0.0,56.6,-56.6,0,,0,,,,1.326,1.05,1.676,,,,,,,0.458,57,54,0.474,0.352,0.743,3,0,,,,,,,1.089,0.553,2.144,0.995,1.42,1.355,,,,Wing,1.14,,,-0.82,0.16,EuroCup,2024-25,intl
Osaro Rich,100,88,12,7,0,,86,55.2,,21,61.9,8.8,9,11.1,60.4,-49.3,0,,0,,,,0.957,0.678,1.35,,,,,,,0.429,66,42,0.409,0.476,1.164,0,1,,,,,,,0.902,0.418,1.945,1.138,1.275,0.981,,,,,,,,,,EuroCup,2024-25,intl
Jeffery Taylor,99,88,11,6,7,50.0,79,55.1,-5.1,17,38.2,-20.5,13,53.8,54.8,-0.9,0,,0,,,,1.059,0.784,1.43,,,,,,,0.458,59,51,0.356,0.49,1.377,2,0,,,,,,,1.145,0.608,2.157,0.924,1.291,1.03,,,,Wing,-0.02,,,-0.82,0.3,EuroCup,2024-25,intl
Toto Forray,98,78,20,8,1,0.0,92,46.2,-46.2,23,60.9,20.2,10,50.0,45.2,4.8,0,,0,,,,0.724,0.521,1.008,,,,,,,0.625,61,47,0.557,0.511,0.916,3,1,,,,,,,1.45,0.805,2.611,0.878,0.457,0.76,,,,Playmaker,-1.23,,,-0.79,1.49,EuroCup,2024-25,intl
Miquel Salvo,98,95,3,2,1,0.0,75,58.0,-58.0,23,58.7,2.1,11,45.5,59.2,-13.8,0,,0,,,,1.338,,,,,,,,,0.375,56,44,0.411,0.341,0.83,0,0,,,,,,,,,,1.238,1.329,1.338,,,,Wing,1.19,,,-1.27,,EuroCup,2024-25,intl
Gabrielius Maldunas,97,85,12,7,11,45.5,75,42.7,2.8,24,54.2,15.5,16,31.2,45.7,-14.5,0,,0,,,,1.288,,,,,,,,,0.429,62,43,0.5,0.419,0.837,5,1,,,,,,,0.887,0.433,1.817,1.228,1.244,1.288,,,,,,,,,,EuroCup,2024-25,intl
Kevin Kokila,96,84,12,5,1,0.0,90,52.2,-52.2,15,40.0,-13.9,9,55.6,51.2,4.3,0,,0,,,,1.027,0.852,1.237,,,,,,,0.6,67,34,0.448,0.412,0.92,3,2,,,,,,,0.812,0.412,1.599,0.897,0.952,1.027,,,,Wing,-0.16,,,-0.06,-0.57,EuroCup,2024-25,intl
Sergio De Larrea,95,90,5,3,0,,54,55.6,,10,45.0,-13.0,5,70.0,54.1,15.9,0,,0,,,,0.735,0.247,2.185,,,,,,,0.417,61,37,0.311,0.243,0.781,1,0,,,,,,,,,,1.418,1.846,0.735,,,,Playmaker,-1.19,,,-2.3,,EuroCup,2024-25,intl
Mareks Mejeris,94,86,8,5,0,,70,60.0,,15,86.7,33.9,4,0.0,63.6,-63.6,0,,0,,,,1.509,,,,,,,,,0.4,55,46,0.345,0.239,0.692,2,0,,,,,,,1.295,0.82,2.046,1.082,,1.358,,,,Wing,1.94,,,-1.13,0.7,EuroCup,2024-25,intl
D Moi Hodge,94,75,19,7,6,66.7,74,41.2,25.5,20,42.5,-0.8,7,35.7,43.8,-8.1,0,,0,,,,1.084,0.794,1.478,,,,,,,0.679,52,57,0.442,0.509,1.15,2,4,,,,,,,0.729,0.297,1.785,1.048,1.052,1.136,,,,,,,,,,EuroCup,2024-25,intl
Nathan Reuvers,94,85,9,4,4,100.0,91,57.7,42.3,22,65.9,8.4,5,0.0,62.8,-62.8,0,,0,,,,1.062,,,,,,,,,0.562,47,53,0.447,0.377,0.845,0,1,,,,,,,1.383,0.928,2.061,1.083,1.056,1.062,,,,,,,,,,EuroCup,2024-25,intl
Johnathan Stove,94,69,25,9,1,0.0,107,48.1,-48.1,25,48.0,0.4,11,18.2,51.0,-32.8,0,,0,,,,1.134,0.964,1.333,,,,,,,0.694,66,59,0.455,0.525,1.156,4,6,,,,,,,0.924,0.562,1.517,1.24,1.062,1.127,,,,Wing,0.31,,,0.44,-0.27,EuroCup,2024-25,intl
Marcio Santos,92,82,10,5,4,62.5,76,61.8,0.7,18,61.1,-1.0,10,35.0,65.7,-30.7,0,,0,,,,0.994,0.716,1.379,,,,,,,0.5,50,48,0.44,0.333,0.758,2,1,,,,,,,1.414,0.893,2.24,0.956,1.224,1.017,,,,Wing,-0.3,,,-0.6,1.01,EuroCup,2024-25,intl
Marcus Weathers,91,77,14,5,3,116.7,83,54.8,61.8,21,71.4,19.1,7,57.1,57.0,0.2,0,,0,,,,1.1,0.924,1.309,,,,,,,0.7,53,47,0.472,0.362,0.767,2,1,,,,,,,1.029,0.591,1.792,1.094,1.05,1.028,,,,Wing,0.16,,,0.47,0.0,EuroCup,2024-25,intl
Brandon Paul,90,76,14,8,2,0.0,88,46.0,-46.0,15,60.0,18.0,9,50.0,44.4,5.6,0,,0,,,,1.226,,,,,,,,,0.438,69,35,0.551,0.629,1.141,4,2,,,,,,,1.865,1.035,3.358,1.17,1.169,1.226,,,,Wing,0.71,,,-0.93,2.19,EuroCup,2024-25,intl
Gediminas Orelik,90,73,17,6,1,150.0,70,42.1,107.9,12,75.0,37.7,4,37.5,44.0,-6.5,0,,0,,,,1.431,1.167,1.755,,,,,,,0.708,59,39,0.492,0.487,0.991,3,2,,,,,,,1.312,0.662,2.603,1.198,1.145,1.361,,,,Wing,1.6,,,0.51,0.74,EuroCup,2024-25,intl
Ismet Akpinar,88,81,7,7,7,50.0,68,43.4,6.6,26,46.2,3.3,14,53.6,41.8,11.8,0,,0,,,,0.904,0.558,1.464,,,,,,,0.25,48,47,0.5,0.553,1.106,0,2,,,,,,,1.164,0.378,3.586,0.936,1.282,0.904,,,,Wing,-0.69,,,-1.94,0.35,EuroCup,2024-25,intl
Darral Willis,86,66,20,9,6,16.7,87,43.7,-27.0,28,44.6,3.9,9,38.9,42.3,-3.4,0,,0,,,,0.935,0.766,1.141,,,,,,,0.556,51,54,0.529,0.574,1.084,5,6,,,,,,,0.784,0.389,1.582,1.106,1.037,0.86,,,,Wing,-0.56,,,-0.3,-0.64,EuroCup,2024-25,intl
Philipp Herkenhoff,84,79,5,4,2,0.0,70,56.4,-56.4,11,54.5,-0.4,5,40.0,56.0,-16.0,0,,0,,,,0.988,0.629,1.55,,,,,,,0.312,46,42,0.457,0.452,0.991,0,2,,,,,,,0.516,0.093,2.871,1.098,0.609,0.988,,,,Big,0.04,,,-0.75,-1.81,EuroCup,2024-25,intl
Isaiah Roby,84,69,15,6,7,50.0,78,51.9,-1.9,18,50.0,-2.2,7,0.0,56.4,-56.4,0,,0,,,,1.169,,,,,,,,,0.625,47,48,0.596,0.396,0.664,4,2,,,,,,,0.983,0.538,1.799,1.196,1.143,1.169,,,,Wing,0.46,,,0.07,-0.12,EuroCup,2024-25,intl
Eigirdas Zukauskas,83,62,21,8,3,66.7,78,54.5,12.2,12,58.3,4.0,7,14.3,58.8,-44.5,0,,0,,,,0.844,0.655,1.086,,,,,,,0.656,52,41,0.462,0.561,1.215,4,4,,,,,,,0.625,0.289,1.353,0.952,1.014,0.866,,,,Wing,-0.95,,,0.24,-1.06,EuroCup,2024-25,intl
Emanuel Terry,82,81,1,1,1,100.0,60,71.7,28.3,8,75.0,3.3,2,0.0,74.6,-74.6,0,,0,,,,1.373,,,,,,,,,0.25,44,39,0.136,0.282,2.068,0,1,,,,,,,,,,1.431,,1.373,,,,Big,1.62,,,-1.02,,EuroCup,2024-25,intl
Vytenis Lipkevicius,80,67,13,9,5,20.0,69,47.1,-27.1,22,34.1,-15.9,5,60.0,44.2,15.8,0,,0,,,,1.189,0.971,1.457,,,,,,,0.361,52,40,0.538,0.5,0.929,3,2,,,,,,,1.596,0.878,2.902,1.39,0.736,1.036,,,,Wing,0.55,,,-1.34,1.48,EuroCup,2024-25,intl
Davide Casarin,79,73,6,4,1,0.0,52,37.5,-37.5,10,35.0,-2.2,10,45.0,34.9,10.1,0,,0,,,,1.081,0.597,1.959,,,,,,,0.375,53,31,0.453,0.419,0.926,1,1,,,,,,,0.75,0.131,4.303,0.977,0.963,1.159,,,,Wing,0.08,,,-1.27,-0.73,EuroCup,2024-25,intl
Andy Van Vliet,78,66,12,5,1,150.0,76,52.0,98.0,20,37.5,-21.3,8,81.2,50.0,31.2,0,,0,,,,1.061,0.873,1.291,,,,,,,0.6,46,42,0.435,0.524,1.205,2,3,,,,,,,1.11,0.609,2.025,1.076,0.846,1.088,,,,Big,0.34,,,0.5,0.01,EuroCup,2024-25,intl
Gabriel Chachashvili,78,71,7,3,1,100.0,70,55.0,45.0,15,66.7,14.0,4,87.5,53.7,33.8,0,,0,,,,0.982,0.716,1.345,,,,,,,0.583,47,35,0.447,0.314,0.703,1,1,,,,,,,1.216,0.661,2.236,0.987,0.862,1.002,,,,Big,0.02,,,0.42,0.33,EuroCup,2024-25,intl
Amedeo Tessitori,76,75,1,1,0,,66,52.3,,6,66.7,15.8,10,40.0,54.5,-14.5,0,,0,,,,1.172,,,,,,,,,0.25,43,34,0.349,0.5,1.433,0,0,,,,,,,,,,1.109,,1.172,,,,Big,0.8,,,-1.02,,EuroCup,2024-25,intl
Kenan Sipahi,75,62,13,4,0,,48,42.7,,8,56.2,16.2,10,20.0,48.7,-28.7,0,,0,,,,1.59,1.144,2.209,,,,,,,0.812,34,49,0.5,0.265,0.531,1,1,,,,,,,1.25,0.568,2.752,1.208,1.254,1.157,,,,Wing,2.29,,,1.07,0.58,EuroCup,2024-25,intl
Andrea Pecchia,74,62,12,4,2,125.0,58,43.1,81.9,13,53.8,10.2,5,50.0,45.5,4.5,0,,0,,,,0.861,0.565,1.313,,,,,,,0.75,37,41,0.405,0.463,1.143,0,2,,,,,,,0.24,0.038,1.531,0.977,0.852,0.861,,,,Wing,-0.88,,,0.74,-2.06,EuroCup,2024-25,intl
Kaiser Evan Bray-Gates,73,58,15,6,4,62.5,69,53.6,8.9,25,48.0,-9.3,5,60.0,53.7,6.3,0,,0,,,,1.105,0.928,1.315,,,,,,,0.625,43,40,0.465,0.55,1.183,3,3,,,,,,,0.761,0.355,1.632,1.008,1.169,1.114,,,,,,,,,,EuroCup,2024-25,intl
Joshua Roberts,73,73,0,0,0,,65,69.2,,12,66.7,-3.1,4,50.0,70.5,-20.5,0,,0,,,,,,,,,,,,,,41,32,0.293,0.25,0.854,0,0,,,,,,,,,,0.551,,,,,,,,,,,,EuroCup,2024-25,intl
Mikolaj Witlinski,73,71,2,3,0,,67,55.2,,11,36.4,-22.6,6,83.3,52.5,30.9,0,,0,,,,0.563,0.141,2.259,,,,,,,0.167,50,26,0.4,0.385,0.962,1,0,,,,,,,1.75,,,0.811,,0.563,,,,Big,-1.7,,,-1.37,1.97,EuroCup,2024-25,intl
Alen Omic,72,65,7,4,2,50.0,60,48.3,1.7,12,50.0,2.0,11,27.3,52.9,-25.7,0,,0,,,,1.071,0.773,1.484,,,,,,,0.438,45,31,0.444,0.387,0.871,2,0,,,,,,,0.667,0.208,2.135,1.058,0.816,1.071,,,,Big,0.38,,,-0.2,-1.35,EuroCup,2024-25,intl
Marko Pecarski,71,67,4,2,4,25.0,66,68.9,-43.9,17,67.6,1.6,11,77.3,64.4,12.9,0,,0,,,,1.063,,,,,,,,,0.5,34,41,0.382,0.293,0.765,0,2,,,,,,,0.733,0.271,1.98,0.819,0.796,0.886,,,,Big,0.35,,,0.06,-1.15,EuroCup,2024-25,intl
Niklas Wimberg,68,62,6,4,0,,54,48.1,,10,45.0,-3.9,7,21.4,52.1,-30.7,0,,0,,,,0.899,0.501,1.612,,,,,,,0.375,34,38,0.412,0.474,1.15,0,2,,,,,,,1.15,0.409,3.234,1.005,,0.899,,,,Big,-0.32,,,-0.48,0.13,EuroCup,2024-25,intl
David De Julius,67,55,12,3,2,50.0,58,56.0,-6.0,14,78.6,29.7,8,75.0,52.9,22.1,0,,0,,,,0.853,0.558,1.303,,,,,,,1.0,41,36,0.439,0.306,0.696,2,0,,,,,,,1.222,0.663,2.251,0.774,1.309,0.903,,,,,,,,,,EuroCup,2024-25,intl
Jordan Bayehe,66,66,0,4,2,50.0,56,50.9,-0.9,8,56.2,6.2,8,62.5,49.0,13.5,0,,0,,,,,,,,,,,,,0.0,39,31,0.385,0.452,1.174,0,0,,,,,,,,,,1.062,,,,,,,,,,,,EuroCup,2024-25,intl
Selom Mawugbe,66,65,1,2,5,60.0,57,66.7,-6.7,18,61.1,-7.1,2,50.0,66.7,-16.7,0,,0,,,,1.102,,,,,,,,,0.125,35,33,0.257,0.364,1.414,0,2,,,,,,,1.475,,,1.132,,1.102,,,,Big,0.51,,,-1.56,1.13,EuroCup,2024-25,intl
Nahiem Alleyne,64,46,18,7,1,150.0,68,48.5,101.5,18,55.6,7.5,8,75.0,46.7,28.3,0,,0,,,,1.036,0.806,1.332,,,,,,,0.643,40,42,0.45,0.571,1.27,2,3,,,,,,,0.771,0.345,1.725,0.914,0.892,1.052,,,,Wing,-0.12,,,0.17,-0.67,EuroCup,2024-25,intl
Regimantas Miniotas,64,58,6,8,3,66.7,65,43.1,23.6,14,42.9,-1.6,11,27.3,47.4,-20.1,0,,0,,,,1.074,,,,,,,,,0.188,41,31,0.512,0.581,1.134,3,1,,,,,,,1.125,0.479,2.642,1.105,,1.074,,,,Wing,0.05,,,-2.27,0.25,EuroCup,2024-25,intl
Guillem Vives,62,61,1,1,3,0.0,23,50.0,-50.0,9,33.3,-16.7,2,75.0,41.7,33.3,0,,0,,,,2.542,,,,,,,,,0.25,20,43,0.3,0.279,0.93,0,0,,,,,,,,,,0.825,,2.542,,,,Wing,6.42,,,-1.94,,EuroCup,2024-25,intl
Furkan Korkmaz,61,44,17,5,3,0.0,57,48.2,-48.2,15,33.3,-16.7,9,16.7,51.0,-34.3,0,,0,,,,1.09,0.922,1.288,,,,,,,0.85,36,31,0.611,0.516,0.845,3,1,,,,,,,1.781,0.942,3.368,1.182,0.737,1.094,,,,Wing,0.12,,,1.27,1.97,EuroCup,2024-25,intl
Arnoldas Kulboka,61,50,11,6,2,50.0,63,54.8,-4.8,20,62.5,11.4,13,34.6,59.6,-25.0,0,,0,,,,1.042,,,,,,,,,0.458,36,31,0.611,0.484,0.792,3,0,,,,,,,1.19,0.64,2.214,0.905,1.033,1.042,,,,Big,0.26,,,-0.12,0.25,EuroCup,2024-25,intl
Berkan Durmaz,60,59,1,1,2,0.0,42,63.1,-63.1,10,70.0,12.6,8,50.0,62.5,-12.5,0,,0,,,,1.405,,,,,,,,,0.25,33,28,0.364,0.321,0.884,0,0,,,,,,,,,,1.259,,1.405,,,,Big,1.75,,,-1.02,,EuroCup,2024-25,intl
Andrija Slavkovic,60,57,3,2,0,,51,67.6,,2,100.0,33.7,7,50.0,70.5,-20.5,0,,0,,,,0.809,0.36,1.816,,,,,,,0.375,38,24,0.368,0.25,0.679,0,0,,,,,,,1.679,,,0.964,,0.809,,,,Wing,-1.1,,,-1.27,1.7,EuroCup,2024-25,intl
Juan Fernandez,59,56,3,1,1,0.0,33,51.5,-51.5,11,22.7,-40.3,9,27.8,58.0,-30.2,0,,0,,,,0.583,0.116,2.937,,,,,,,0.75,30,30,0.333,0.367,1.1,1,0,,,,,,,2.909,,,1.032,,0.583,,,,Wing,-2.08,,,0.74,4.92,EuroCup,2024-25,intl
Nathan James Laszewski,58,54,4,3,2,75.0,55,52.7,22.3,6,58.3,5.4,9,50.0,54.2,-4.2,0,,0,,,,1.102,,,,,,,,,0.333,42,20,0.5,0.55,1.1,1,0,,,,,,,1.065,0.383,2.966,0.833,,1.102,,,,,,,,,,EuroCup,2024-25,intl
Pau Ribas,58,52,6,6,1,150.0,42,31.0,119.0,15,30.0,-5.7,6,25.0,35.1,-10.1,0,,0,,,,0.743,0.326,1.69,,,,,,,0.25,38,26,0.447,0.615,1.376,2,0,,,,,,,1.296,0.238,7.071,0.98,,0.743,,,,Wing,-1.39,,,-1.94,0.7,EuroCup,2024-25,intl
Joan Beringer,57,52,5,4,0,,58,62.1,,10,70.0,9.6,4,50.0,63.0,-13.0,0,,0,,,,0.204,0.035,1.178,,,,,,,0.312,39,24,0.385,0.292,0.758,2,0,,,,,,,1.594,,,0.766,,0.437,,,,Big,-3.18,,,-0.75,1.49,EuroCup,2024-25,intl
Eleftherios Bochoridis,57,51,6,3,0,,42,48.8,,10,35.0,-18.1,6,25.0,52.8,-27.8,0,,0,,,,1.288,0.854,1.943,,,,,,,0.5,33,28,0.333,0.5,1.5,0,2,,,,,,,0.413,0.069,2.466,1.423,1.528,1.325,,,,,,,,,,EuroCup,2024-25,intl
Mateo Dreznjak,55,52,3,2,2,100.0,42,34.5,65.5,21,23.8,-26.2,13,30.8,40.3,-9.6,0,,0,,,,0.867,0.384,1.956,,,,,,,0.375,17,40,0.588,0.5,0.85,1,0,,,,,,,,,,0.889,0.643,0.867,,,,Wing,-0.85,,,-1.27,,EuroCup,2024-25,intl
Derek Ogbeide,54,53,1,1,0,,51,66.7,,11,72.7,7.7,5,100.0,63.0,37.0,0,,0,,,,1.082,,,,,,,,,0.25,26,29,0.269,0.345,1.281,0,0,,,,,,,1.485,,,0.856,,1.082,,,,Big,0.43,,,-1.02,1.16,EuroCup,2024-25,intl
Darious Moten,53,44,9,5,1,0.0,45,51.1,-51.1,10,45.0,-6.4,2,50.0,50.0,0.0,0,,0,,,,1.007,0.685,1.478,,,,,,,0.45,30,28,0.467,0.429,0.918,1,1,,,,,,,1.214,0.583,2.53,1.109,,1.007,,,,Wing,-0.24,,,-0.87,0.48,EuroCup,2024-25,intl
Mfiondu Tshimanga Kabengele,53,47,6,2,2,0.0,48,64.6,-64.6,12,66.7,6.1,9,77.8,58.5,19.2,0,,0,,,,0.955,0.657,1.389,,,,,,,0.75,32,25,0.344,0.32,0.931,1,0,,,,,,,1.367,0.822,2.272,1.156,,1.01,,,,,,,,,,EuroCup,2024-25,intl
Tobias Jensen,52,52,0,0,0,,32,50.0,,13,34.6,-25.9,5,50.0,50.0,0.0,0,,0,,,,,,,,,,,,,,25,27,0.24,0.444,1.852,0,0,,,,,,,,,,,,,,,,Playmaker,,,,,,EuroCup,2024-25,intl
Leif Moeller,52,46,6,5,0,,48,38.5,,17,44.1,8.6,8,31.2,40.0,-8.8,0,,0,,,,0.876,0.486,1.578,,,,,,,0.3,29,33,0.552,0.515,0.934,2,3,,,,,,,0.729,0.126,4.231,1.206,0.975,0.986,,,,Wing,-0.81,,,-1.67,-0.78,EuroCup,2024-25,intl
Melih Tunca,52,48,4,5,3,50.0,41,47.6,2.4,22,47.7,0.0,4,62.5,46.2,16.2,0,,0,,,,1.333,,,,,,,,,0.2,19,38,0.526,0.421,0.8,0,2,,,,,,,1.2,0.418,3.441,1.237,,1.333,,,,Wing,1.17,,,-2.2,0.45,EuroCup,2024-25,intl
Rok Radovic,52,52,0,0,0,,37,71.6,,11,86.4,21.0,3,100.0,69.1,30.9,0,,0,,,,,,,,,,,,,,26,26,0.308,0.231,0.75,0,0,,,,,,,,,,0.949,,,,,,Wing,,,,,,EuroCup,2024-25,intl
Rodney Mcgruder,51,47,4,1,0,,39,57.7,,10,35.0,-30.5,3,33.3,59.7,-26.4,0,,0,,,,1.382,,,,,,,,,1.0,28,24,0.393,0.458,1.167,1,0,,,,,,,1.821,0.91,3.646,1.406,,1.382,,,,Wing,1.39,,,2.08,2.07,EuroCup,2024-25,intl
Robert Mcgowens,50,43,7,2,1,0.0,38,40.8,-40.8,6,50.0,12.1,3,50.0,38.9,11.1,0,,0,,,,0.931,0.566,1.529,,,,,,,0.875,25,28,0.6,0.357,0.595,1,0,,,,,,,0.508,0.084,3.082,0.848,0.662,0.814,,,,,,,,,,EuroCup,2024-25,intl
Rodney Mc Gruder,50,44,6,3,0,,48,58.3,,10,45.0,-16.8,4,37.5,60.2,-22.7,0,,0,,,,1.158,,,,,,,,,0.5,29,25,0.448,0.36,0.803,1,2,,,,,,,1.508,0.954,2.384,1.055,1.14,1.158,,,,,,,,,,EuroCup,2024-25,intl
Martinas Geben,50,38,12,5,6,0.0,43,53.5,-53.5,12,29.2,-23.5,5,90.0,42.0,48.0,0,,0,,,,0.514,0.291,0.906,,,,,,,0.6,33,24,0.485,0.5,1.031,2,1,,,,,,,1.028,0.432,2.443,0.661,0.77,0.514,,,,Big,-1.9,,,0.5,-0.24,EuroCup,2024-25,intl
Noam Dovrat,49,41,8,4,0,,41,31.7,,9,22.2,-12.2,9,33.3,31.2,2.1,0,,0,,,,0.992,0.641,1.534,,,,,,,0.5,35,19,0.514,0.632,1.228,3,0,,,,,,,0.517,0.08,3.321,0.893,0.882,1.029,,,,Wing,-0.31,,,-0.6,-1.34,EuroCup,2024-25,intl
Brandon Jefferson,49,33,16,5,0,,46,40.2,,19,28.9,-19.2,5,0.0,45.1,-45.1,0,,0,,,,1.255,0.938,1.68,,,,,,,0.8,26,32,0.615,0.531,0.863,3,2,,,,,,,1.917,0.807,4.55,0.985,1.293,1.291,,,,Playmaker,0.52,,,0.48,2.85,EuroCup,2024-25,intl
Keondre Kennedy,49,41,8,4,0,,50,60.0,,7,57.1,-3.3,7,35.7,64.0,-28.2,0,,0,,,,1.079,,,,,,,,,0.5,30,23,0.5,0.522,1.043,1,2,,,,,,,1.056,0.489,2.279,1.118,1.071,1.079,,,,Wing,0.07,,,-0.6,0.07,EuroCup,2024-25,intl
Kevin Hervey,46,34,12,5,2,75.0,49,37.8,37.2,15,36.7,-3.6,4,62.5,37.2,25.3,0,,0,,,,0.944,0.713,1.251,,,,,,,0.6,26,31,0.692,0.548,0.792,3,2,,,,,,,0.818,0.284,2.355,1.059,0.867,0.971,,,,Wing,-0.52,,,-0.06,-0.55,EuroCup,2024-25,intl
Daron Russell,329,262,67,18,21,52.4,265,47.9,4.5,66,47.0,-1.7,18,63.9,47.2,16.7,0,,0,,,,1.14,0.972,1.336,,,,,,,0.931,201,200,0.433,0.425,0.982,10,10,,,,,,,0.813,0.54,1.222,1.2,1.203,1.197,,,,,,,,,,EuroCup,2025-26,intl
Malachi Flynn,303,220,83,23,24,62.5,268,52.2,10.3,72,56.9,5.1,26,61.5,52.3,9.3,0,,0,,,,0.95,0.823,1.096,,,,,,,0.902,189,187,0.434,0.433,0.998,11,13,,,,,,,0.788,0.556,1.116,1.017,0.954,0.924,,,,Playmaker,-0.55,,,1.05,-0.45,EuroCup,2025-26,intl
Jared Harper,300,266,34,12,14,60.7,206,49.8,11.0,60,57.5,9.7,21,52.4,50.3,2.1,0,,0,,,,1.312,1.095,1.572,,,,,,,0.708,187,143,0.364,0.399,1.096,6,7,,,,,,,0.688,0.392,1.207,0.896,1.136,1.248,,,,Playmaker,1.36,,,0.05,-0.76,EuroCup,2025-26,intl
Darius Mcghee,294,242,52,17,17,41.2,229,53.1,-11.9,65,53.1,1.1,31,50.0,52.6,-2.6,0,,0,,,,1.1,0.92,1.316,,,,,,,0.765,182,163,0.385,0.472,1.228,8,10,,,,,,,0.999,0.672,1.486,1.12,0.963,1.093,,,,Playmaker,0.24,,,0.35,0.2,EuroCup,2025-26,intl
Jonah Mathews,277,232,45,18,34,45.6,237,52.5,-6.9,95,47.4,-6.6,34,50.0,51.9,-1.9,0,,0,,,,1.119,0.968,1.295,,,,,,,0.625,171,167,0.427,0.497,1.164,8,10,,,,,,,0.991,0.671,1.463,1.013,1.227,1.169,,,,Wing,0.54,,,0.12,0.09,EuroCup,2025-26,intl
Corey Davis Jr.,273,245,28,8,17,44.1,173,53.5,-9.4,52,43.3,-12.9,19,60.5,51.8,8.8,0,,0,,,,1.151,0.893,1.484,,,,,,,0.875,158,137,0.31,0.453,1.459,3,5,,,,,,,0.771,0.414,1.436,1.14,1.276,1.166,,,,Playmaker,0.51,,,0.91,-0.5,EuroCup,2025-26,intl
Umoja Gibson,271,226,45,13,16,53.1,198,51.8,1.4,51,54.9,4.0,33,59.1,50.6,8.5,0,,0,,,,1.123,0.93,1.358,,,,,,,0.865,142,171,0.408,0.363,0.888,7,5,,,,,,,1.152,0.786,1.687,0.899,0.885,1.108,,,,Playmaker,0.36,,,0.86,0.67,EuroCup,2025-26,intl
Arnas Velicka,260,210,50,14,10,50.0,169,47.9,2.1,43,48.8,1.0,18,55.6,47.2,8.4,0,,0,,,,1.149,0.903,1.461,,,,,,,0.893,150,157,0.32,0.382,1.194,9,7,,,,,,,0.773,0.46,1.301,1.087,1.173,1.059,,,,Playmaker,0.5,,,1.01,-0.5,EuroCup,2025-26,intl
Bryce Jones,257,219,38,12,14,35.7,188,51.3,-15.6,57,38.6,-16.2,21,31.0,52.5,-21.5,0,,0,,,,0.974,0.76,1.246,,,,,,,0.792,140,154,0.336,0.396,1.18,4,6,,,,,,,0.759,0.459,1.256,1.103,0.91,0.931,,,,Playmaker,-0.42,,,0.49,-0.54,EuroCup,2025-26,intl
Devante Jones,248,222,26,9,14,71.4,177,59.0,12.4,51,55.9,-5.5,22,59.1,60.1,-1.0,0,,0,,,,1.138,0.905,1.432,,,,,,,0.722,138,135,0.326,0.319,0.977,5,4,,,,,,,0.767,0.464,1.268,1.146,1.202,1.129,,,,Playmaker,0.44,,,0.13,-0.52,EuroCup,2025-26,intl
Devon Dotson,242,218,24,7,7,64.3,161,53.4,10.9,47,58.5,6.4,16,68.8,52.3,16.4,0,,0,,,,1.211,0.94,1.56,,,,,,,0.857,130,130,0.277,0.377,1.361,3,2,,,,,,,1.196,0.798,1.79,1.351,1.558,1.161,,,,Playmaker,0.83,,,0.82,0.81,EuroCup,2025-26,intl
Dogus Ozdemiroglu,242,186,56,16,4,25.0,186,40.1,-15.1,38,35.5,-5.3,23,13.0,43.4,-30.4,0,,0,,,,1.227,1.007,1.495,,,,,,,0.875,149,136,0.416,0.449,1.078,8,6,,,,,,,0.984,0.63,1.538,1.39,1.096,1.235,,,,Playmaker,0.91,,,0.91,0.15,EuroCup,2025-26,intl
Kadre Gray,237,194,43,14,13,50.0,173,41.6,8.4,43,30.2,-15.6,31,38.7,42.9,-4.2,0,,0,,,,1.084,0.878,1.339,,,,,,,0.768,143,124,0.385,0.492,1.279,5,9,,,,,,,0.681,0.379,1.223,0.956,0.95,1.12,,,,Playmaker,0.16,,,0.36,-0.78,EuroCup,2025-26,intl
Rihards Lomazs,237,187,50,15,12,58.3,195,52.1,6.3,47,41.5,-14.1,27,35.2,55.0,-19.8,0,,0,,,,0.969,0.799,1.174,,,,,,,0.833,133,147,0.414,0.401,0.971,9,6,,,,,,,1.247,0.898,1.732,0.936,0.797,0.951,,,,Wing,-0.31,,,1.1,0.91,EuroCup,2025-26,intl
Rj Cole,235,192,43,13,11,63.6,174,43.7,20.0,50,52.0,9.8,20,37.5,45.8,-8.3,0,,0,,,,1.089,0.871,1.362,,,,,,,0.827,136,132,0.375,0.47,1.253,4,11,,,,,,,0.984,0.604,1.602,1.021,1.135,1.229,,,,Playmaker,0.19,,,0.67,0.15,EuroCup,2025-26,intl
Dj Steward,233,180,53,17,22,31.8,207,52.7,-20.8,62,49.2,-2.0,44,45.5,51.9,-6.4,0,,0,,,,1.01,0.878,1.161,,,,,,,0.779,135,142,0.422,0.479,1.134,7,10,,,,,,,0.752,0.502,1.127,1.045,0.867,1.002,,,,Playmaker,-0.23,,,0.42,-0.56,EuroCup,2025-26,intl
Jaleen Smith,225,162,63,19,18,66.7,192,56.5,10.2,71,60.6,4.8,30,46.7,59.2,-12.5,0,,0,,,,1.155,1.001,1.332,,,,,,,0.829,118,151,0.432,0.43,0.996,7,10,,,,,,,1.469,1.092,1.978,1.213,1.139,1.128,,,,Wing,0.74,,,1.08,1.63,EuroCup,2025-26,intl
Both Gach,222,187,35,14,14,42.9,188,63.3,-20.4,62,54.8,-10.2,31,48.4,64.3,-15.9,0,,0,,,,1.119,0.973,1.287,,,,,,,0.625,128,120,0.383,0.408,1.067,5,6,,,,,,,1.074,0.769,1.5,1.14,0.959,1.072,,,,Wing,0.54,,,0.12,0.36,EuroCup,2025-26,intl
Aleksej Nikolic,221,180,41,14,10,15.0,198,52.0,-37.0,68,50.0,-0.4,36,47.2,50.9,-3.6,0,,0,,,,1.065,0.897,1.265,,,,,,,0.732,121,152,0.438,0.474,1.081,8,9,,,,,,,0.798,0.49,1.298,1.052,1.098,1.069,,,,Wing,0.24,,,0.62,-0.53,EuroCup,2025-26,intl
Mitchell Creek,221,208,13,5,10,50.0,181,70.7,-20.7,45,62.2,-9.7,4,62.5,69.8,-7.3,0,,0,,,,1.029,0.809,1.309,,,,,,,0.65,111,123,0.279,0.309,1.106,2,3,,,,,,,0.955,0.603,1.511,1.066,1.059,1.014,,,,Wing,0.03,,,0.24,-0.02,EuroCup,2025-26,intl
Tobias Jensen,221,185,36,12,6,75.0,171,50.3,24.7,35,51.4,0.4,24,50.0,51.3,-1.3,0,,0,,,,1.011,0.785,1.302,,,,,,,0.75,137,122,0.38,0.426,1.123,5,7,,,,,,,0.892,0.536,1.485,1.056,1.091,1.083,,,,Playmaker,-0.23,,,0.27,-0.13,EuroCup,2025-26,intl
Iverson Molinar,217,176,41,12,20,32.5,166,55.7,-23.2,59,48.3,-7.2,15,43.3,54.1,-10.8,0,,0,,,,1.161,0.97,1.39,,,,,,,0.854,124,133,0.355,0.391,1.102,5,5,,,,,,,1.174,0.849,1.623,1.041,1.026,1.123,,,,Wing,0.78,,,1.2,0.68,EuroCup,2025-26,intl
Leonard Thorpe,216,199,17,6,3,33.3,134,48.5,-15.2,29,41.4,-8.6,15,50.0,48.0,2.0,0,,0,,,,1.12,0.773,1.622,,,,,,,0.708,121,108,0.314,0.324,1.032,1,2,,,,,,,1.14,0.644,2.021,1.061,0.846,1.159,,,,,,,,,,EuroCup,2025-26,intl
Kristian Kullamae,208,159,49,15,7,85.7,195,49.5,36.2,59,51.7,1.3,25,44.0,51.7,-7.7,0,,0,,,,1.163,1.014,1.334,,,,,,,0.817,116,136,0.448,0.5,1.115,10,10,,,,,,,0.797,0.517,1.229,1.112,1.107,1.162,,,,Playmaker,0.57,,,0.62,-0.42,EuroCup,2025-26,intl
Rasheed Sulaimon,205,156,49,14,6,75.0,189,54.5,20.5,43,55.8,0.9,27,72.2,52.4,19.8,0,,0,,,,1.107,0.941,1.303,,,,,,,0.875,134,117,0.433,0.402,0.928,8,4,,,,,,,1.11,0.793,1.552,0.966,1.02,1.112,,,,Wing,0.47,,,1.29,0.47,EuroCup,2025-26,intl
Dusan Miletic,201,195,6,2,14,71.4,145,65.2,6.3,51,60.8,-7.3,4,25.0,66.8,-41.8,0,,0,,,,1.309,,,,,,,,,0.75,107,99,0.252,0.303,1.201,1,2,,,,,,,1.014,0.569,1.806,1.078,,1.145,,,,Big,1.42,,,0.57,-0.03,EuroCup,2025-26,intl
Kevin Yebo,199,159,40,14,17,35.3,184,54.1,-18.8,58,49.1,-4.7,19,28.9,54.9,-26.0,0,,0,,,,0.956,0.807,1.133,,,,,,,0.714,127,112,0.433,0.482,1.113,7,8,,,,,,,0.744,0.462,1.201,0.989,0.997,0.98,,,,Wing,-0.38,,,0.54,-0.7,EuroCup,2025-26,intl
Berk Ugurlu,198,191,7,3,1,150.0,103,60.7,89.3,17,73.5,14.3,14,57.1,62.2,-5.1,0,,0,,,,0.551,0.17,1.793,,,,,,,0.583,109,94,0.239,0.213,0.892,0,1,,,,,,,0.868,0.215,3.508,1.265,,0.426,,,,Wing,-2.66,,,-0.07,-0.3,EuroCup,2025-26,intl
Cassius Winston,197,158,39,12,7,42.9,162,56.2,-13.3,37,63.5,10.1,15,40.0,57.1,-17.1,0,,0,,,,0.9,0.708,1.145,,,,,,,0.812,121,108,0.355,0.389,1.094,6,6,,,,,,,0.984,0.665,1.457,1.096,0.944,0.878,,,,Playmaker,-0.81,,,0.59,0.15,EuroCup,2025-26,intl
Noah Kirkwood,196,156,40,11,9,83.3,151,52.3,31.0,43,61.6,10.3,15,73.3,52.1,21.3,0,,0,,,,1.077,0.864,1.342,,,,,,,0.909,110,116,0.391,0.353,0.904,7,5,,,,,,,1.114,0.761,1.63,1.198,0.913,1.043,,,,Wing,0.3,,,1.45,0.49,EuroCup,2025-26,intl
Trevion Williams,195,155,40,11,5,40.0,180,53.3,-13.3,37,67.6,18.2,18,50.0,53.3,-3.3,0,,0,,,,1.117,0.954,1.307,,,,,,,0.909,116,116,0.414,0.336,0.812,7,5,,,,,,,0.984,0.702,1.379,1.246,1.09,1.109,,,,Big,0.58,,,1.16,-0.13,EuroCup,2025-26,intl
Kyle Allman,194,172,22,10,9,72.2,139,52.2,20.1,48,44.8,-12.7,22,38.6,56.0,-17.3,0,,0,,,,0.936,0.671,1.304,,,,,,,0.55,103,111,0.369,0.387,1.05,4,6,,,,,,,0.895,0.475,1.688,1.026,1.161,0.994,,,,Wing,-0.49,,,-0.23,-0.22,EuroCup,2025-26,intl
Tarik Phillip,194,158,36,11,11,86.4,144,54.2,32.2,37,58.1,2.2,28,37.5,60.6,-23.1,0,,0,,,,0.984,0.763,1.27,,,,,,,0.818,107,117,0.374,0.35,0.937,7,4,,,,,,,0.892,0.556,1.43,0.981,1.189,1.041,,,,Wing,-0.22,,,1.03,-0.23,EuroCup,2025-26,intl
Dj Stewart,193,159,34,11,7,42.9,184,58.2,-15.3,40,50.0,-9.6,25,64.0,56.6,7.4,0,,0,,,,0.976,0.838,1.135,,,,,,,0.773,111,107,0.369,0.458,1.24,2,6,,,,,,,0.959,0.67,1.371,1.059,1.049,1.005,,,,Wing,-0.27,,,0.82,-0.01,EuroCup,2025-26,intl
Khadeen Carrington,190,153,37,10,5,50.0,183,59.6,-9.6,43,55.8,-4.5,20,55.0,59.8,-4.8,0,,0,,,,1.076,0.926,1.249,,,,,,,0.925,123,103,0.398,0.456,1.145,6,5,,,,,,,0.848,0.567,1.267,1.025,1.173,1.119,,,,Wing,0.3,,,1.53,-0.37,EuroCup,2025-26,intl
Yogi Ferrell,190,163,27,9,9,77.8,129,60.5,17.3,40,68.8,10.1,24,45.8,64.9,-19.1,0,,0,,,,1.172,0.911,1.508,,,,,,,0.75,96,112,0.312,0.348,1.114,1,3,,,,,,,0.92,0.573,1.475,1.141,0.955,1.172,,,,Playmaker,0.62,,,0.27,-0.04,EuroCup,2025-26,intl
Caleb Homesley,190,140,50,15,6,50.0,166,47.6,2.4,47,45.7,-2.7,17,29.4,49.7,-20.3,0,,0,,,,1.125,0.955,1.327,,,,,,,0.833,106,117,0.462,0.462,0.998,9,7,,,,,,,1.185,0.802,1.75,1.045,1.061,1.123,,,,Wing,0.57,,,1.1,0.72,EuroCup,2025-26,intl
Adam Mokoka,189,138,51,16,8,56.2,181,48.9,7.4,42,54.8,7.1,22,54.5,48.5,6.0,0,,0,,,,1.175,1.003,1.377,,,,,,,0.797,116,125,0.474,0.432,0.911,8,5,,,,,,,1.285,0.907,1.82,1.014,1.032,1.195,,,,Wing,0.86,,,0.93,1.04,EuroCup,2025-26,intl
Kyle Wiltjer,187,138,49,13,12,79.2,183,56.3,22.9,37,66.2,10.5,17,79.4,55.6,23.8,0,,0,,,,0.986,0.864,1.124,,,,,,,0.942,144,81,0.479,0.395,0.824,9,3,,,,,,,1.143,0.832,1.569,1.084,0.996,0.988,,,,Big,0.01,,,1.28,0.36,EuroCup,2025-26,intl
Anthony Brown,186,145,41,17,12,54.2,165,59.4,-5.2,44,68.2,12.2,15,60.0,59.0,1.0,0,,0,,,,1.064,0.903,1.253,,,,,,,0.603,119,99,0.462,0.414,0.896,8,4,,,,,,,1.108,0.765,1.605,0.952,1.049,1.07,,,,Playmaker,0.05,,,-0.49,0.53,EuroCup,2025-26,intl
Jamel Morris,179,131,48,15,11,31.8,176,49.7,-17.9,46,55.4,9.0,29,24.1,53.2,-29.0,0,,0,,,,1.071,0.937,1.225,,,,,,,0.8,110,109,0.555,0.495,0.893,10,4,,,,,,,0.87,0.533,1.421,0.978,1.211,1.078,,,,Wing,0.27,,,0.94,-0.3,EuroCup,2025-26,intl
Mark Smith,179,144,35,10,4,50.0,154,54.9,-4.9,33,56.1,1.7,24,45.8,56.3,-10.5,0,,0,,,,1.038,0.846,1.274,,,,,,,0.875,110,96,0.409,0.417,1.019,6,5,,,,,,,0.547,0.298,1.003,1.093,1.051,1.066,,,,Wing,0.08,,,1.29,-1.34,EuroCup,2025-26,intl
Denzel Valentine,177,152,25,11,6,16.7,131,51.1,-34.5,44,55.7,8.9,8,43.8,50.0,-6.2,0,,0,,,,0.826,0.574,1.19,,,,,,,0.568,98,102,0.388,0.451,1.163,1,4,,,,,,,1.471,0.88,2.461,0.977,1.102,0.948,,,,Playmaker,-1.2,,,-0.67,1.65,EuroCup,2025-26,intl
Assemian Moulare,176,136,40,18,10,40.0,167,46.7,-6.7,56,50.0,5.4,28,30.4,49.3,-19.0,0,,0,,,,1.094,0.976,1.226,,,,,,,0.556,92,110,0.598,0.491,0.821,5,7,,,,,,,0.951,0.61,1.483,0.936,1.098,1.087,,,,Playmaker,0.21,,,-0.73,0.05,EuroCup,2025-26,intl
Michael Jaden Devoe,176,153,23,9,1,100.0,123,50.8,49.2,23,56.5,6.5,23,50.0,51.5,-1.5,0,,0,,,,1.247,0.974,1.598,,,,,,,0.639,108,80,0.343,0.388,1.131,4,4,,,,,,,0.778,0.421,1.435,1.185,1.034,1.174,,,,,,,,,,EuroCup,2025-26,intl
Retin Obasohan,176,157,19,9,10,65.0,139,47.8,17.2,46,64.1,21.9,13,38.5,50.0,-11.5,0,,0,,,,1.222,1.019,1.464,,,,,,,0.528,95,102,0.453,0.392,0.866,3,3,,,,,,,0.738,0.377,1.444,0.996,1.024,1.207,,,,Playmaker,0.88,,,-0.87,-0.6,EuroCup,2025-26,intl
Trey Woodbury,176,151,25,9,13,61.5,130,63.8,-2.3,46,59.8,-5.7,6,66.7,63.5,3.2,0,,0,,,,0.987,0.739,1.319,,,,,,,0.694,97,104,0.299,0.365,1.222,4,3,,,,,,,1.141,0.773,1.683,1.214,0.518,1.005,,,,Playmaker,-0.35,,,-0.02,0.64,EuroCup,2025-26,intl
Matas Jogela,174,146,28,11,7,64.3,137,54.4,9.9,48,62.5,11.5,14,50.0,55.4,-5.4,0,,0,,,,1.215,1.011,1.46,,,,,,,0.636,81,111,0.407,0.414,1.017,2,5,,,,,,,1.463,0.998,2.144,1.137,1.373,1.252,,,,Wing,1.08,,,0.18,1.61,EuroCup,2025-26,intl
Christopher Ledlum,170,126,44,12,10,30.0,168,50.9,-20.9,46,35.9,-18.7,16,59.4,48.8,10.6,0,,0,,,,0.991,0.844,1.164,,,,,,,0.917,110,102,0.427,0.48,1.124,7,7,,,,,,,0.788,0.514,1.208,1.05,1.035,1.063,,,,,,,,,,EuroCup,2025-26,intl
Jordan Usher,170,139,31,11,5,100.0,153,51.0,49.0,40,52.5,-0.0,20,45.0,53.6,-8.6,0,,0,,,,0.992,0.82,1.2,,,,,,,0.705,87,104,0.46,0.433,0.941,4,5,,,,,,,1.418,0.992,2.027,1.053,0.954,1.016,,,,Wing,-0.18,,,0.5,1.46,EuroCup,2025-26,intl
Ante Zizic,170,166,4,1,4,25.0,142,69.7,-44.7,20,65.0,-4.0,10,70.0,68.4,1.6,0,,0,,,,0.288,0.053,1.575,,,,,,,1.0,101,71,0.257,0.282,1.094,1,0,,,,,,,1.455,,,0.745,,0.461,,,,Big,-3.02,,,1.5,1.32,EuroCup,2025-26,intl
Paulius Danusevicius,166,145,21,10,4,25.0,146,54.1,-29.1,46,44.6,-12.6,17,47.1,54.1,-7.1,0,,0,,,,1.171,0.994,1.381,,,,,,,0.525,86,99,0.395,0.424,1.073,3,7,,,,,,,0.799,0.459,1.393,1.048,1.172,1.197,,,,Wing,0.83,,,-0.34,-0.53,EuroCup,2025-26,intl
Anthony Lamb,165,155,10,5,7,57.1,119,59.2,-2.1,38,61.8,3.9,12,37.5,61.4,-23.9,0,,0,,,,0.952,0.627,1.444,,,,,,,0.5,76,96,0.395,0.344,0.871,1,2,,,,,,,0.263,0.042,1.625,0.726,1.377,0.795,,,,Wing,-0.4,,,-0.46,-2.25,EuroCup,2025-26,intl
Hunter Hale,163,132,31,12,3,83.3,151,50.0,33.3,40,60.0,12.6,16,53.1,50.4,2.8,0,,0,,,,0.968,0.801,1.169,,,,,,,0.646,98,90,0.5,0.467,0.933,5,5,,,,,,,1.123,0.708,1.783,0.873,1.115,0.9,,,,Wing,-0.31,,,0.22,0.52,EuroCup,2025-26,intl
Brynton Lemar,161,137,24,13,10,30.0,125,55.6,-25.6,35,47.1,-8.9,14,28.6,56.6,-28.0,0,,0,,,,0.951,0.723,1.252,,,,,,,0.462,76,104,0.408,0.433,1.061,4,6,,,,,,,0.84,0.46,1.533,1.088,0.66,0.916,,,,Wing,-0.41,,,-0.64,-0.39,EuroCup,2025-26,intl
Elijah - Mitrou Long,160,123,37,11,11,22.7,127,46.9,-24.1,40,46.2,1.9,18,33.3,46.7,-13.3,0,,0,,,,1.121,0.913,1.376,,,,,,,0.841,88,101,0.455,0.455,1.002,3,6,,,,,,,0.801,0.459,1.4,1.076,1.145,1.095,,,,Playmaker,0.35,,,0.74,-0.41,EuroCup,2025-26,intl
Devon Daniels Iv,159,145,14,5,5,60.0,136,57.7,2.3,35,51.4,-8.5,12,29.2,60.5,-31.3,0,,0,,,,0.982,0.738,1.307,,,,,,,0.7,86,87,0.302,0.437,1.445,2,3,,,,,,,0.944,0.539,1.656,1.055,1.258,1.042,,,,Wing,-0.23,,,0.47,-0.06,EuroCup,2025-26,intl
Markel Starks,156,135,21,9,13,34.6,97,40.2,-5.6,36,43.1,5.2,11,31.8,40.4,-8.6,0,,0,,,,1.286,0.943,1.753,,,,,,,0.583,92,88,0.37,0.455,1.23,2,7,,,,,,,1.154,0.577,2.308,1.218,1.547,1.374,,,,Playmaker,1.22,,,-0.59,0.68,EuroCup,2025-26,intl
Skylar Mays,156,130,26,11,7,35.7,131,58.4,-22.7,40,41.2,-22.5,11,54.5,57.5,-2.9,0,,0,,,,0.99,0.787,1.246,,,,,,,0.591,90,86,0.356,0.465,1.308,4,6,,,,,,,0.953,0.592,1.534,1.199,0.91,0.927,,,,Wing,-0.19,,,-0.04,-0.03,EuroCup,2025-26,intl
Hugo Benitez,154,135,19,5,5,60.0,95,43.2,16.8,21,47.6,4.6,7,42.9,44.1,-1.2,0,,0,,,,1.265,0.898,1.783,,,,,,,0.95,88,86,0.318,0.349,1.096,3,3,,,,,,,1.053,0.554,2.001,1.279,1.802,1.246,,,,Wing,1.36,,,1.65,0.29,EuroCup,2025-26,intl
Michael Flowers,154,123,31,9,11,22.7,115,53.5,-30.8,47,39.4,-18.2,18,41.7,52.3,-10.6,0,,0,,,,0.947,0.725,1.237,,,,,,,0.861,82,94,0.39,0.436,1.118,4,7,,,,,,,0.762,0.425,1.366,1.062,0.804,0.876,,,,Playmaker,-0.56,,,0.84,-0.53,EuroCup,2025-26,intl
Andrej Jakimovski,154,106,48,15,6,58.3,167,47.9,10.4,63,42.9,-8.5,14,39.3,49.1,-9.8,0,,0,,,,1.058,0.972,1.152,,,,,,,0.8,80,105,0.562,0.524,0.931,8,7,,,,,,,1.043,0.731,1.49,1.061,0.997,1.067,,,,Wing,0.2,,,0.94,0.26,EuroCup,2025-26,intl
Zacharie Perrin,152,141,11,4,5,60.0,136,63.6,-3.6,37,62.2,-1.8,5,60.0,63.6,-3.6,0,,0,,,,1.146,,,,,,,,,0.688,85,74,0.318,0.338,1.064,3,2,,,,,,,0.674,0.349,1.302,1.039,1.134,1.146,,,,Big,0.71,,,0.34,-1.08,EuroCup,2025-26,intl
Nikola Tanaskovic,151,138,13,7,1,100.0,131,64.1,35.9,23,71.7,8.9,14,67.9,64.0,3.9,0,,0,,,,0.923,0.679,1.255,,,,,,,0.464,82,77,0.366,0.286,0.781,2,1,,,,,,,1.296,0.921,1.824,1.059,0.965,0.857,,,,Wing,-0.56,,,-0.63,1.07,EuroCup,2025-26,intl
Tyler Cavanaugh,150,119,31,9,5,50.0,149,55.4,-5.4,43,59.3,5.7,15,36.7,57.2,-20.5,0,,0,,,,0.988,0.832,1.174,,,,,,,0.861,94,85,0.436,0.482,1.106,5,5,,,,,,,0.624,0.358,1.089,1.034,1.064,0.982,,,,Wing,-0.2,,,1.23,-1.09,EuroCup,2025-26,intl
Axel Bouteille,148,140,8,6,3,133.3,132,69.3,64.0,25,68.0,-3.4,9,44.4,72.6,-28.2,0,,0,,,,1.167,,,,,,,,,0.333,87,68,0.31,0.382,1.232,3,1,,,,,,,0.769,0.38,1.557,0.923,1.157,1.167,,,,Wing,0.81,,,-1.24,-0.62,EuroCup,2025-26,intl
Conor Morgan,146,124,22,7,3,50.0,114,60.5,-10.5,26,61.5,1.6,12,50.0,61.4,-11.4,0,,0,,,,1.077,0.837,1.385,,,,,,,0.786,77,82,0.429,0.317,0.74,4,1,,,,,,,1.309,0.869,1.97,1.091,0.8,1.038,,,,Wing,0.3,,,0.88,1.11,EuroCup,2025-26,intl
Stefan Dordevic,145,132,13,4,5,100.0,130,58.5,41.5,23,65.2,6.3,8,62.5,59.8,2.7,0,,0,,,,0.86,0.635,1.166,,,,,,,0.812,88,64,0.375,0.328,0.875,2,1,,,,,,,0.983,0.581,1.664,1.061,1.131,0.911,,,,,,,,,,EuroCup,2025-26,intl
Alex Reyes,144,105,39,13,5,90.0,154,51.6,38.4,34,51.5,-1.7,4,0.0,54.2,-54.2,0,,0,,,,0.971,0.862,1.095,,,,,,,0.75,88,85,0.511,0.588,1.15,5,8,,,,,,,0.945,0.608,1.468,0.965,0.921,0.974,,,,Wing,-0.29,,,0.71,-0.06,EuroCup,2025-26,intl
Issuf Sanon,143,106,37,10,12,37.5,109,49.1,-11.6,29,65.5,23.1,12,45.8,48.2,-2.3,0,,0,,,,0.942,0.719,1.233,,,,,,,0.925,89,83,0.438,0.386,0.88,6,4,,,,,,,1.106,0.689,1.775,1.062,0.828,1.019,,,,,,,,,,EuroCup,2025-26,intl
Donatas Tarolis,142,132,10,5,4,62.5,124,60.1,2.4,23,52.2,-9.7,9,44.4,61.3,-16.9,0,,0,,,,0.978,0.71,1.347,,,,,,,0.5,82,72,0.354,0.389,1.1,1,3,,,,,,,1.089,0.621,1.908,0.972,1.218,1.034,,,,Wing,-0.25,,,-0.46,0.41,EuroCup,2025-26,intl
Karel Guzman,141,113,28,9,8,81.2,122,52.0,29.2,29,56.9,3.9,7,21.4,55.7,-34.3,0,,0,,,,1.009,0.831,1.225,,,,,,,0.778,89,70,0.449,0.457,1.017,3,2,,,,,,,0.837,0.481,1.458,1.028,0.72,0.943,,,,Playmaker,-0.24,,,0.41,-0.3,EuroCup,2025-26,intl
Yordan Minchev,140,125,15,7,1,100.0,110,55.0,45.0,18,52.8,-3.1,17,41.2,58.0,-16.8,0,,0,,,,1.326,1.111,1.582,,,,,,,0.536,102,47,0.353,0.404,1.145,4,2,,,,,,,0.898,0.515,1.566,1.09,1.374,1.337,,,,Wing,1.71,,,-0.29,-0.21,EuroCup,2025-26,intl
Giorgos Tsalmpouris,140,102,38,13,9,33.3,149,50.0,-16.7,37,39.2,-12.9,29,32.8,52.7,-20.0,0,,0,,,,0.989,0.889,1.101,,,,,,,0.731,86,87,0.477,0.598,1.254,5,9,,,,,,,0.802,0.495,1.299,0.986,0.777,0.906,,,,,,,,,,EuroCup,2025-26,intl
Deane Williams,139,113,26,8,4,50.0,122,51.6,-1.6,39,51.3,-0.4,12,37.5,53.1,-15.6,0,,0,,,,1.227,1.053,1.431,,,,,,,0.812,76,81,0.447,0.432,0.966,6,4,,,,,,,0.708,0.385,1.302,1.228,1.114,1.211,,,,Wing,1.15,,,1.0,-0.82,EuroCup,2025-26,intl
Yigit Arslan,138,115,23,9,7,85.7,118,48.3,37.4,31,41.9,-11.3,17,38.2,52.3,-14.1,0,,0,,,,1.117,0.959,1.302,,,,,,,0.639,73,77,0.507,0.519,1.025,2,4,,,,,,,0.639,0.314,1.304,1.147,1.123,1.028,,,,Wing,0.53,,,0.19,-1.04,EuroCup,2025-26,intl
Will Mcdowell-White,137,127,10,4,10,55.0,83,51.8,3.2,27,42.6,-13.5,19,15.8,61.5,-45.7,0,,0,,,,0.784,0.416,1.477,,,,,,,0.625,74,72,0.351,0.375,1.067,2,2,,,,,,,0.426,0.073,2.499,1.101,1.278,0.9,,,,,,,,,,EuroCup,2025-26,intl
Ricardo Lindo,137,129,8,2,1,100.0,112,56.2,43.8,14,82.1,29.1,15,53.3,57.1,-3.8,0,,0,,,,1.107,0.839,1.459,,,,,,,1.0,79,62,0.38,0.339,0.892,3,0,,,,,,,0.243,0.039,1.502,0.958,1.257,1.138,,,,,,,,,,EuroCup,2025-26,intl
Christian Sengfelder,137,118,19,7,5,80.0,128,60.2,19.8,26,57.7,-4.0,11,40.9,62.7,-21.8,0,,0,,,,1.065,0.941,1.205,,,,,,,0.679,74,74,0.365,0.432,1.185,3,1,,,,,,,0.82,0.504,1.335,0.975,1.12,1.07,,,,Wing,0.24,,,0.38,-0.46,EuroCup,2025-26,intl
Justin Smith,135,115,20,8,3,100.0,133,60.2,39.8,27,63.0,2.4,12,16.7,65.3,-48.7,0,,0,,,,1.002,0.899,1.118,,,,,,,0.625,73,70,0.288,0.457,1.589,1,5,,,,,,,1.065,0.761,1.491,1.069,1.054,1.002,,,,Wing,-0.12,,,0.12,0.33,EuroCup,2025-26,intl
Zane Waterman,134,99,35,11,6,83.3,141,55.3,28.0,34,51.5,-6.5,15,36.7,58.7,-22.0,0,,0,,,,0.984,0.877,1.104,,,,,,,0.795,79,79,0.532,0.468,0.881,6,5,,,,,,,0.704,0.433,1.145,1.037,0.97,1.006,,,,Wing,-0.22,,,0.92,-0.83,EuroCup,2025-26,intl
Agustin Ubal,133,115,18,7,3,100.0,116,57.8,42.2,27,64.8,7.7,8,93.8,56.3,37.4,0,,0,,,,1.194,1.031,1.381,,,,,,,0.643,70,75,0.329,0.427,1.299,2,4,,,,,,,0.892,0.552,1.441,1.097,0.919,1.149,,,,,,,,,,EuroCup,2025-26,intl
Vincent Mitchell,133,115,18,7,1,150.0,110,52.7,97.3,23,45.7,-10.0,11,50.0,54.0,-4.0,0,,0,,,,1.149,0.949,1.39,,,,,,,0.643,73,67,0.452,0.373,0.825,2,1,,,,,,,1.164,0.719,1.886,1.017,1.279,1.149,,,,,,,,,,EuroCup,2025-26,intl
Vitto Brown,133,117,16,7,7,71.4,115,57.0,14.5,26,82.7,31.7,12,41.7,59.5,-17.9,0,,0,,,,1.119,0.964,1.3,,,,,,,0.571,74,69,0.486,0.435,0.894,4,2,,,,,,,0.256,0.07,0.944,0.929,1.099,1.131,,,,Wing,0.54,,,-0.13,-2.27,EuroCup,2025-26,intl
Carl Wheatle,132,113,19,6,6,91.7,102,62.7,28.9,28,76.8,16.8,9,22.2,68.2,-46.0,0,,0,,,,0.943,0.681,1.306,,,,,,,0.792,70,76,0.314,0.342,1.089,2,3,,,,,,,0.901,0.528,1.537,0.966,1.093,1.051,,,,Wing,-0.45,,,0.91,-0.2,EuroCup,2025-26,intl
Kameron Mcgusty,132,107,25,7,7,78.6,108,52.8,25.8,32,64.1,13.5,20,25.0,60.5,-35.5,0,,0,,,,0.764,0.547,1.068,,,,,,,0.893,75,77,0.427,0.338,0.791,3,3,,,,,,,0.764,0.398,1.466,0.806,0.707,0.848,,,,Wing,-1.46,,,1.38,-0.64,EuroCup,2025-26,intl
Matthew Mitchell,131,116,15,9,3,83.3,114,43.9,39.5,25,48.0,4.0,12,25.0,47.1,-22.1,0,,0,,,,1.247,,,,,,,,,0.417,79,62,0.506,0.484,0.956,5,3,,,,,,,0.577,0.242,1.373,1.249,1.114,1.169,,,,,,,,,,EuroCup,2025-26,intl
Nike Sibande,131,109,22,11,13,30.8,105,52.4,-21.6,31,43.5,-8.8,11,31.8,51.9,-20.1,0,,0,,,,0.845,0.626,1.14,,,,,,,0.5,69,79,0.464,0.418,0.901,2,6,,,,,,,0.8,0.416,1.539,0.888,0.615,0.835,,,,Wing,-1.0,,,-0.46,-0.52,EuroCup,2025-26,intl
Kevin Kokila,130,118,12,6,4,25.0,118,50.8,-25.8,27,48.1,-2.4,17,52.9,49.5,3.4,0,,0,,,,0.735,0.491,1.101,,,,,,,0.5,77,60,0.442,0.45,1.019,4,0,,,,,,,0.704,0.283,1.752,0.904,0.551,0.763,,,,Wing,-1.62,,,-0.46,-0.83,EuroCup,2025-26,intl
Leonardo Candi,129,108,21,7,1,150.0,89,51.7,98.3,24,58.3,7.6,6,41.7,53.6,-11.9,0,,0,,,,0.808,0.525,1.243,,,,,,,0.75,71,71,0.38,0.352,0.926,3,3,,,,,,,1.273,0.696,2.327,1.001,0.792,0.69,,,,Wing,-1.21,,,0.71,1.0,EuroCup,2025-26,intl
Jordan Parks,128,108,20,5,8,37.5,120,56.7,-19.2,29,67.2,15.2,8,31.2,57.1,-25.8,0,,0,,,,1.091,0.964,1.236,,,,,,,1.0,75,69,0.427,0.42,0.985,4,1,,,,,,,0.951,0.598,1.513,1.072,1.145,1.076,,,,Wing,0.38,,,1.88,-0.04,EuroCup,2025-26,intl
Nate Watson,128,115,13,6,4,50.0,119,55.5,-5.5,30,46.7,-11.4,15,40.0,57.4,-17.4,0,,0,,,,1.041,0.878,1.234,,,,,,,0.542,72,65,0.444,0.354,0.796,2,2,,,,,,,0.411,0.152,1.109,0.968,1.124,1.057,,,,Big,0.25,,,-0.2,-1.89,EuroCup,2025-26,intl
Matt Lewis,128,113,15,9,12,0.0,100,60.5,-60.5,42,35.7,-29.3,9,50.0,54.4,-4.4,0,,0,,,,1.004,0.767,1.315,,,,,,,0.417,59,79,0.39,0.506,1.299,1,4,,,,,,,0.16,0.024,1.053,1.033,0.994,1.02,,,,Playmaker,-0.26,,,-1.44,-2.38,EuroCup,2025-26,intl
Kyle Alexander,127,117,10,3,3,33.3,109,67.9,-34.6,23,67.4,0.5,12,70.8,66.5,4.3,0,,0,,,,0.955,0.694,1.315,,,,,,,0.833,73,60,0.342,0.217,0.633,2,0,,,,,,,1.131,0.74,1.728,1.046,1.2,1.014,,,,Big,-0.12,,,0.88,0.33,EuroCup,2025-26,intl
Marko Simonovic,125,110,15,8,3,66.7,103,51.9,14.7,29,39.7,-17.5,5,60.0,52.0,8.0,0,,0,,,,0.96,0.696,1.326,,,,,,,0.469,66,70,0.409,0.429,1.048,3,2,,,,,,,1.118,0.624,2.0,0.982,0.958,1.019,,,,Wing,-0.36,,,-0.61,0.5,EuroCup,2025-26,intl
Thomas Kennedy,124,117,7,4,2,100.0,93,60.2,39.8,25,60.0,-1.4,10,60.0,61.2,-1.2,0,,0,,,,0.983,0.607,1.591,,,,,,,0.438,76,54,0.303,0.259,0.857,1,1,,,,,,,0.962,0.462,2.006,1.093,1.376,0.924,,,,Playmaker,-0.37,,,-1.34,0.09,EuroCup,2025-26,intl
Ronnie Harrell,123,122,1,6,5,20.0,98,59.2,-39.2,26,34.6,-30.3,14,67.9,55.6,12.2,0,,0,,,,1.271,,,,,,,,,0.042,58,71,0.276,0.493,1.787,0,4,,,,,,,1.882,,,1.056,,1.271,,,,Wing,1.4,,,-2.61,2.96,EuroCup,2025-26,intl
Malik Osborne,122,107,15,8,1,150.0,111,55.9,94.1,32,56.2,-0.6,12,75.0,54.5,20.5,0,,0,,,,0.862,0.629,1.182,,,,,,,0.469,70,62,0.457,0.419,0.917,4,2,,,,,,,0.689,0.308,1.543,0.994,1.018,0.899,,,,Wing,-0.91,,,-0.61,-0.88,EuroCup,2025-26,intl
Yovel Zoosman,122,108,14,5,4,25.0,101,64.9,-39.9,29,50.0,-18.4,13,80.8,60.9,19.9,0,,0,,,,1.166,0.98,1.387,,,,,,,0.7,64,64,0.344,0.469,1.364,1,2,,,,,,,0.551,0.239,1.273,1.032,1.253,1.172,,,,Wing,0.81,,,0.47,-1.32,EuroCup,2025-26,intl
Grant Golden,120,112,8,3,2,100.0,84,57.1,42.9,19,63.2,6.4,7,100.0,54.4,45.6,0,,0,,,,0.532,0.216,1.311,,,,,,,0.667,62,62,0.371,0.21,0.565,2,0,,,,,,,1.145,0.503,2.604,0.987,0.354,0.63,,,,Big,-1.96,,,0.26,0.37,EuroCup,2025-26,intl
Jackson Kreuser,119,94,25,7,5,70.0,108,51.9,18.1,18,88.9,43.1,16,31.2,56.2,-24.9,0,,0,,,,1.138,0.978,1.324,,,,,,,0.893,70,63,0.486,0.444,0.915,4,4,,,,,,,0.678,0.372,1.236,1.036,1.118,1.157,,,,,,,,,,EuroCup,2025-26,intl
Kris Bankston,118,117,1,2,2,50.0,100,74.0,-24.0,13,46.2,-31.4,12,58.3,75.6,-17.2,0,,0,,,,1.182,,,,,,,,,0.125,68,52,0.191,0.269,1.408,0,0,,,,,,,,,,0.837,,1.182,,,,Wing,0.9,,,-2.22,,EuroCup,2025-26,intl
Peyton Aldridge,118,95,23,11,8,25.0,110,58.6,-33.6,22,54.5,-2.2,13,53.8,56.7,-2.8,0,,0,,,,0.836,0.649,1.077,,,,,,,0.523,76,60,0.5,0.45,0.9,3,1,,,,,,,1.326,0.876,2.005,1.018,1.064,0.848,,,,Wing,-1.05,,,-0.35,1.17,EuroCup,2025-26,intl
David Skara,118,108,10,5,3,66.7,106,64.2,2.5,32,73.4,13.0,9,33.3,67.0,-33.7,0,,0,,,,1.149,,,,,,,,,0.5,62,61,0.371,0.328,0.884,2,1,,,,,,,1.319,0.93,1.872,1.127,1.135,1.149,,,,Wing,0.71,,,-0.46,1.15,EuroCup,2025-26,intl
Louis Olinde,117,95,22,11,3,66.7,116,55.2,11.5,24,45.8,-12.1,18,41.7,57.9,-16.3,0,,0,,,,0.977,0.815,1.171,,,,,,,0.5,76,57,0.461,0.509,1.105,3,1,,,,,,,1.553,1.053,2.292,1.063,0.838,1.002,,,,Wing,-0.26,,,-0.46,1.9,EuroCup,2025-26,intl
Juwan Morgan,117,108,9,4,5,50.0,83,62.7,-12.7,27,70.4,12.2,13,23.1,68.7,-45.6,0,,0,,,,0.789,0.435,1.434,,,,,,,0.562,64,61,0.344,0.295,0.858,2,1,,,,,,,1.086,0.516,2.284,1.023,1.44,0.904,,,,Wing,-1.32,,,-0.17,0.4,EuroCup,2025-26,intl
Ferran Bassas,117,105,12,3,4,25.0,72,49.3,-24.3,23,50.0,2.8,8,31.2,50.0,-18.8,0,,0,,,,1.659,1.302,2.115,,,,,,,1.0,57,67,0.316,0.448,1.418,1,3,,,,,,,0.211,0.032,1.399,1.186,1.727,1.708,,,,Playmaker,3.18,,,1.56,-2.23,EuroCup,2025-26,intl
Mindaugas Girdziunas,117,103,14,12,7,42.9,105,55.2,-12.4,31,43.5,-15.1,18,50.0,55.3,-5.3,0,,0,,,,0.827,0.588,1.161,,,,,,,0.292,73,58,0.466,0.552,1.185,2,4,,,,,,,0.445,0.126,1.57,0.982,0.77,0.874,,,,Playmaker,-1.19,,,-2.09,-1.51,EuroCup,2025-26,intl
Patrick Richard,114,105,9,5,9,77.8,70,45.7,32.1,27,42.6,-10.3,4,0.0,52.0,-52.0,0,,0,,,,0.845,0.464,1.541,,,,,,,0.45,49,70,0.469,0.386,0.822,1,1,,,,,,,1.062,0.348,3.239,1.043,,0.845,,,,Wing,-1.0,,,-0.7,0.32,EuroCup,2025-26,intl
Marcis Steinbergs,111,86,25,12,1,0.0,110,47.7,-47.7,21,57.1,12.1,9,38.9,48.0,-9.2,0,,0,,,,0.951,0.788,1.147,,,,,,,0.521,65,61,0.646,0.459,0.71,3,3,,,,,,,1.123,0.635,1.988,0.958,0.868,0.93,,,,Wing,-0.41,,,-0.36,0.52,EuroCup,2025-26,intl
Joseph Girard Iii,110,98,12,8,0,,97,50.0,,29,50.0,0.0,12,33.3,52.4,-19.0,0,,0,,,,1.324,,,,,,,,,0.375,58,64,0.5,0.484,0.969,1,6,,,,,,,1.321,0.699,2.498,1.162,1.122,1.236,,,,Playmaker,1.42,,,-1.66,1.19,EuroCup,2025-26,intl
Mateusz Ponitka,110,94,16,8,1,0.0,88,38.6,-38.6,19,26.3,-15.1,8,25.0,39.5,-14.5,0,,0,,,,1.022,0.751,1.39,,,,,,,0.5,67,52,0.388,0.577,1.487,2,2,,,,,,,0.371,0.102,1.35,1.225,1.022,0.962,,,,Wing,-0.01,,,-0.46,-1.9,EuroCup,2025-26,intl
Arnoldas Kulboka,109,91,18,6,4,75.0,105,63.3,11.7,29,72.4,11.8,11,95.5,60.2,35.3,0,,0,,,,0.999,0.884,1.13,,,,,,,0.75,57,58,0.509,0.466,0.915,2,1,,,,,,,0.899,0.522,1.548,0.911,1.06,0.999,,,,Big,0.07,,,0.57,-0.39,EuroCup,2025-26,intl
Kostja Mushidi,109,95,14,5,8,12.5,86,57.0,-44.5,20,27.5,-32.6,16,18.8,60.3,-41.5,0,,0,,,,1.147,0.899,1.463,,,,,,,0.7,68,53,0.382,0.472,1.234,3,2,,,,,,,0.8,0.395,1.619,1.196,0.972,1.189,,,,Wing,0.7,,,0.47,-0.52,EuroCup,2025-26,intl
Jaka Blazic,109,93,16,10,2,50.0,92,51.6,-1.6,16,53.1,1.8,9,44.4,52.4,-7.9,0,,0,,,,0.996,0.734,1.353,,,,,,,0.4,73,49,0.356,0.571,1.604,3,1,,,,,,,1.207,0.642,2.268,1.086,0.648,0.979,,,,Wing,-0.15,,,-0.93,0.79,EuroCup,2025-26,intl
Amine Noua,108,79,29,8,11,54.5,114,53.9,0.6,37,63.5,13.5,11,27.3,56.6,-29.3,0,,0,,,,1.017,0.934,1.108,,,,,,,0.906,58,74,0.569,0.5,0.879,5,5,,,,,,,1.024,0.641,1.637,1.06,1.001,0.977,,,,Wing,-0.03,,,1.44,0.2,EuroCup,2025-26,intl
Dani Perez,106,87,19,7,1,0.0,54,32.4,-32.4,11,36.4,5.7,5,20.0,33.0,-13.0,0,,0,,,,0.782,0.417,1.467,,,,,,,0.679,59,58,0.39,0.31,0.796,1,2,,,,,,,0.976,0.276,3.456,1.088,0.715,0.656,,,,Playmaker,-1.43,,,-0.1,0.13,EuroCup,2025-26,intl
Niklas Wimberg,106,78,28,10,0,,101,38.6,,25,34.0,-6.1,8,0.0,41.9,-41.9,0,,0,,,,1.105,0.935,1.308,,,,,,,0.7,64,56,0.516,0.625,1.212,2,4,,,,,,,1.32,0.751,2.319,1.2,1.053,1.122,,,,Big,0.53,,,0.38,0.91,EuroCup,2025-26,intl
Jakub Urbaniak,105,93,12,6,9,66.7,100,48.5,18.2,34,54.4,6.4,11,50.0,50.0,0.0,0,,0,,,,1.045,,,,,,,,,0.5,52,62,0.5,0.5,1.0,2,2,,,,,,,0.645,0.283,1.472,0.939,1.049,1.045,,,,Wing,0.12,,,-0.46,-1.02,EuroCup,2025-26,intl
Chris Horton,104,94,10,4,1,100.0,90,58.9,41.1,12,75.0,18.0,3,0.0,61.4,-61.4,0,,0,,,,1.016,0.733,1.41,,,,,,,0.625,61,52,0.311,0.346,1.111,1,1,,,,,,,0.804,0.393,1.645,1.053,1.262,1.057,,,,Big,0.14,,,0.1,-0.68,EuroCup,2025-26,intl
Nelson Weidemann,104,82,22,8,4,75.0,87,48.9,26.1,22,34.1,-21.0,9,38.9,51.2,-12.3,0,,0,,,,1.039,0.801,1.347,,,,,,,0.688,69,51,0.406,0.549,1.353,3,4,,,,,,,0.619,0.283,1.353,1.003,0.643,0.923,,,,Playmaker,-0.08,,,-0.05,-0.97,EuroCup,2025-26,intl
Amedeo Tessitori,102,97,5,6,3,66.7,89,49.4,17.2,14,50.0,0.0,4,0.0,52.3,-52.3,0,,0,,,,0.946,0.606,1.479,,,,,,,0.208,62,46,0.419,0.435,1.037,1,0,,,,,,,1.43,0.783,2.612,0.97,,0.946,,,,Big,-0.16,,,-1.44,1.24,EuroCup,2025-26,intl
Amadou Sow,102,84,18,7,11,63.6,96,60.9,2.7,39,48.7,-19.7,11,40.9,63.5,-22.6,0,,0,,,,1.105,,,,,,,,,0.643,59,56,0.339,0.5,1.475,2,5,,,,,,,1.276,0.902,1.807,1.013,1.083,1.105,,,,Big,0.53,,,0.17,0.77,EuroCup,2025-26,intl
Jakub Niziol,102,91,11,5,3,33.3,67,56.7,-23.4,18,58.3,3.5,1,150.0,54.3,95.7,0,,0,,,,0.856,0.488,1.5,,,,,,,0.55,60,50,0.35,0.34,0.971,2,3,,,,,,,0.644,0.202,2.053,0.899,0.519,0.85,,,,Wing,-0.94,,,-0.23,-1.02,EuroCup,2025-26,intl
Johnathan Williams,101,89,12,6,3,50.0,81,53.1,-3.1,12,45.8,-8.3,17,41.2,56.0,-14.8,0,,0,,,,0.967,0.685,1.366,,,,,,,0.5,57,50,0.333,0.42,1.26,0,4,,,,,,,0.767,0.359,1.635,1.142,0.852,0.967,,,,Big,-0.07,,,-0.36,-0.79,EuroCup,2025-26,intl
Antony Labanca,101,77,24,10,1,0.0,97,52.6,-52.6,20,52.5,0.6,17,61.8,50.0,11.8,0,,0,,,,1.069,0.919,1.244,,,,,,,0.6,64,47,0.469,0.638,1.362,4,3,,,,,,,0.677,0.349,1.315,1.083,1.062,1.069,,,,Wing,0.26,,,0.01,-0.92,EuroCup,2025-26,intl
Stedmon Lemon,101,82,19,6,5,40.0,103,50.0,-10.0,26,40.4,-12.1,6,41.7,50.0,-8.3,0,,0,,,,0.973,0.786,1.203,,,,,,,0.792,67,57,0.478,0.474,0.992,3,1,,,,,,,1.014,0.589,1.747,1.076,0.853,0.977,,,,Wing,-0.28,,,0.91,0.17,EuroCup,2025-26,intl
Khalif Battle,100,62,38,12,5,80.0,117,31.6,48.4,35,35.7,3.0,14,7.1,37.0,-29.9,0,,0,,,,1.142,0.98,1.331,,,,,,,0.792,65,74,0.646,0.608,0.941,9,6,,,,,,,1.319,0.685,2.539,1.15,1.055,1.166,,,,Wing,0.67,,,0.91,1.15,EuroCup,2025-26,intl
Shavar Reynolds Jr,100,79,21,7,7,42.9,79,48.1,-5.2,27,37.0,-15.5,10,35.0,49.3,-14.3,0,,0,,,,0.638,0.4,1.017,,,,,,,0.75,56,66,0.339,0.439,1.295,2,6,,,,,,,1.221,0.691,2.156,1.074,0.555,0.742,,,,Playmaker,-2.19,,,0.27,0.88,EuroCup,2025-26,intl
Ross Williams,99,70,29,8,8,56.2,106,53.8,2.5,34,67.6,19.5,5,20.0,55.5,-35.5,0,,0,,,,1.046,0.895,1.223,,,,,,,0.906,62,70,0.5,0.486,0.971,5,4,,,,,,,0.976,0.572,1.665,1.018,1.095,1.032,,,,Playmaker,-0.04,,,1.07,0.13,EuroCup,2025-26,intl
Harrison Cleary,98,71,27,9,3,50.0,95,50.0,0.0,22,63.6,17.6,10,40.0,51.1,-11.1,0,,0,,,,0.981,0.796,1.207,,,,,,,0.75,64,55,0.531,0.473,0.89,5,4,,,,,,,1.229,0.731,2.066,0.988,0.978,0.958,,,,Playmaker,-0.38,,,0.27,0.91,EuroCup,2025-26,intl
Jordan Bayehe,98,92,6,4,1,0.0,91,48.9,-48.9,11,22.7,-29.1,10,45.0,48.8,-3.8,0,,0,,,,0.924,0.642,1.329,,,,,,,0.375,69,33,0.478,0.515,1.077,1,0,,,,,,,0.83,0.277,2.485,1.093,1.112,0.924,,,,,,,,,,EuroCup,2025-26,intl
Ky Bowman,97,67,30,8,10,25.0,84,49.4,-24.4,20,42.5,-5.5,4,25.0,47.8,-22.8,0,,0,,,,1.117,0.903,1.381,,,,,,,0.938,60,63,0.433,0.46,1.062,4,3,,,,,,,1.333,0.828,2.147,1.112,0.984,1.057,,,,Playmaker,0.33,,,1.24,1.23,EuroCup,2025-26,intl
Danilo Andjusic,97,78,19,6,6,91.7,79,60.1,31.5,20,77.5,19.8,11,63.6,62.2,1.5,0,,0,,,,0.974,0.724,1.311,,,,,,,0.792,57,52,0.386,0.442,1.146,1,3,,,,,,,0.843,0.438,1.622,1.244,1.022,1.051,,,,Wing,-0.28,,,0.91,-0.38,EuroCup,2025-26,intl
Uros Trifunovic,97,93,4,4,1,0.0,81,67.9,-67.9,19,65.8,-1.7,5,30.0,69.5,-39.5,0,,0,,,,0.62,0.232,1.66,,,,,,,0.25,57,45,0.421,0.333,0.792,2,1,,,,,,,0.915,0.225,3.713,0.63,,0.744,,,,Wing,-2.27,,,-1.63,-0.15,EuroCup,2025-26,intl
Austin Wiley,96,93,3,1,8,100.0,85,70.6,29.4,23,82.6,12.6,7,85.7,72.1,13.6,0,,0,,,,1.045,,,,,,,,,0.75,51,46,0.255,0.261,1.023,1,0,,,,,,,0.443,0.089,2.204,1.056,1.044,1.045,,,,Big,0.27,,,0.57,-1.79,EuroCup,2025-26,intl
Kenneth Ogbe,91,83,8,6,2,75.0,78,45.5,29.5,17,67.6,27.2,4,25.0,47.4,-22.4,0,,0,,,,1.258,,,,,,,,,0.333,57,42,0.509,0.476,0.936,1,3,,,,,,,0.569,0.166,1.948,1.01,1.033,1.009,,,,Wing,1.32,,,-1.24,-1.26,EuroCup,2025-26,intl
Tajuan Agee,90,76,14,5,1,100.0,70,55.7,44.3,19,65.8,12.9,13,42.3,59.5,-17.2,0,,0,,,,1.086,0.799,1.476,,,,,,,0.7,44,51,0.409,0.294,0.719,2,1,,,,,,,1.552,1.067,2.257,1.295,0.669,1.086,,,,Wing,0.35,,,0.47,1.9,EuroCup,2025-26,intl
Ty Brewer,89,61,28,9,8,50.0,89,43.8,6.2,21,33.3,-14.0,9,11.1,47.7,-36.6,0,,0,,,,1.069,0.959,1.193,,,,,,,0.778,54,52,0.574,0.615,1.072,5,4,,,,,,,0.57,0.283,1.149,1.018,1.118,1.044,,,,Wing,0.26,,,0.84,-1.26,EuroCup,2025-26,intl
Cheickh Niang,89,69,20,9,3,83.3,95,43.2,40.2,25,46.0,2.2,9,11.1,47.8,-36.6,0,,0,,,,0.941,0.806,1.098,,,,,,,0.556,63,40,0.556,0.675,1.215,4,3,,,,,,,0.524,0.211,1.3,1.023,1.061,0.955,,,,Wing,-0.46,,,-0.2,-1.41,EuroCup,2025-26,intl
Karolis Lukosiunas,89,69,20,8,4,75.0,82,54.3,20.7,26,55.8,0.8,12,50.0,56.1,-6.1,0,,0,,,,1.232,,,,,,,,,0.625,46,53,0.457,0.604,1.323,3,5,,,,,,,0.672,0.324,1.395,1.159,1.178,1.241,,,,Wing,1.18,,,0.12,-0.93,EuroCup,2025-26,intl
Martin Breunig,89,75,14,5,1,100.0,70,55.7,44.3,12,41.7,-17.7,4,50.0,56.7,-6.7,0,,0,,,,0.636,0.372,1.087,,,,,,,0.7,52,44,0.385,0.295,0.768,3,1,,,,,,,1.277,0.759,2.149,0.992,,0.636,,,,Wing,-2.18,,,0.47,1.01,EuroCup,2025-26,intl
Oleksandr Kovliar,87,81,6,4,0,,66,42.4,,20,45.0,3.7,8,18.8,45.7,-26.9,0,,0,,,,1.446,,,,,,,,,0.375,46,45,0.413,0.533,1.291,1,0,,,,,,,0.889,0.273,2.896,1.197,1.41,1.446,,,,,,,,,,EuroCup,2025-26,intl
Arnas Berucka,87,68,19,9,6,75.0,79,46.8,28.2,24,50.0,1.6,9,50.0,48.7,1.3,0,,0,,,,0.645,0.436,0.955,,,,,,,0.528,38,65,0.553,0.477,0.863,1,4,,,,,,,1.386,0.744,2.585,0.914,0.795,0.69,,,,Wing,-2.13,,,-0.33,1.36,EuroCup,2025-26,intl
Stefan Nikolic,87,83,4,4,1,0.0,83,62.7,-62.7,29,63.8,2.9,3,33.3,63.0,-29.6,0,,0,,,,1.092,,,,,,,,,0.25,37,54,0.378,0.389,1.028,1,2,,,,,,,0.809,0.299,2.188,1.002,1.086,1.092,,,,Playmaker,0.2,,,-2.3,-0.39,EuroCup,2025-26,intl
Fardaws Aimaq,86,69,17,6,2,100.0,75,51.3,48.7,13,53.8,1.5,14,64.3,50.0,14.3,0,,0,,,,1.149,0.925,1.427,,,,,,,0.708,57,38,0.404,0.368,0.913,3,1,,,,,,,1.309,0.839,2.042,1.018,1.273,1.177,,,,Big,0.72,,,0.41,0.87,EuroCup,2025-26,intl
Justin Simon,85,76,9,5,0,,71,52.1,,19,47.4,-6.5,11,31.8,55.8,-24.0,0,,0,,,,1.019,0.703,1.477,,,,,,,0.45,45,46,0.333,0.457,1.37,0,2,,,,,,,0.802,0.33,1.95,1.077,1.294,1.048,,,,Wing,-0.02,,,-0.7,-0.52,EuroCup,2025-26,intl
Aaryn Rai,85,85,0,2,2,50.0,66,47.0,3.0,16,31.2,-20.7,19,42.1,49.0,-6.9,0,,0,,,,,,,,,,,,,0.0,49,38,0.408,0.474,1.161,0,0,,,,,,,,,,0.726,,,,,,Wing,,,,-2.8,,EuroCup,2025-26,intl
Lazar Mutic,84,76,8,5,0,,81,48.8,,13,50.0,1.5,9,44.4,49.3,-4.9,0,,0,,,,1.169,,,,,,,,,0.4,53,39,0.509,0.487,0.956,2,1,,,,,,,0.524,0.154,1.788,0.877,1.147,1.169,,,,Wing,0.82,,,-0.93,-1.41,EuroCup,2025-26,intl
Eleftherios Bochoridis,84,80,4,3,2,125.0,49,52.0,73.0,12,58.3,4.5,6,50.0,55.6,-5.6,0,,0,,,,0.87,0.321,2.359,,,,,,,0.333,46,41,0.261,0.366,1.402,0,0,,,,,,,1.0,0.243,4.119,1.33,,0.87,,,,,,,,,,EuroCup,2025-26,intl
Berkan Durmaz,83,76,7,3,3,33.3,64,57.8,-24.5,14,60.7,5.1,3,33.3,57.8,-24.5,0,,0,,,,0.724,0.377,1.389,,,,,,,0.583,50,37,0.44,0.351,0.799,1,0,,,,,,,0.484,0.087,2.689,0.72,0.765,0.792,,,,Big,-1.13,,,-0.05,-1.66,EuroCup,2025-26,intl
Nikos Gkikas,82,78,4,2,1,150.0,36,27.8,122.2,7,57.1,32.1,6,41.7,29.0,12.6,0,,0,,,,1.147,0.417,3.156,,,,,,,0.5,47,37,0.319,0.351,1.101,0,0,,,,,,,,,,0.847,2.343,1.147,,,,Playmaker,0.49,,,-1.02,,EuroCup,2025-26,intl
Gabrielius Maldunas,82,77,5,4,2,50.0,51,47.1,2.9,17,41.2,-8.8,2,50.0,47.1,2.9,0,,0,,,,1.004,0.48,2.103,,,,,,,0.312,39,47,0.333,0.319,0.957,1,1,,,,,,,2.19,,,1.313,,1.004,,,,,,,,,,EuroCup,2025-26,intl
Kenan Sipahi,82,70,12,4,3,0.0,49,54.1,-54.1,21,61.9,18.4,6,91.7,45.7,46.0,0,,0,,,,1.167,0.745,1.827,,,,,,,0.75,35,53,0.314,0.377,1.201,0,2,,,,,,,1.25,0.567,2.754,1.101,,1.109,,,,Wing,0.81,,,0.71,0.92,EuroCup,2025-26,intl
Jerry Boutsiele,81,77,4,3,1,0.0,61,59.0,-59.0,10,30.0,-33.5,7,57.1,58.2,-1.0,0,,0,,,,0.675,0.251,1.816,,,,,,,0.333,48,36,0.25,0.389,1.556,0,1,,,,,,,0.814,0.201,3.306,0.788,,0.675,,,,Wing,-1.96,,,-1.24,-0.48,EuroCup,2025-26,intl
Amin Adamu,81,69,12,4,3,66.7,69,46.4,20.3,16,34.4,-16.5,8,43.8,47.7,-3.9,0,,0,,,,0.892,0.634,1.257,,,,,,,0.75,48,40,0.458,0.525,1.145,1,2,,,,,,,0.806,0.304,2.132,0.977,0.235,0.786,,,,Wing,-0.74,,,0.71,-0.5,EuroCup,2025-26,intl
Balsa Koprivica,80,79,1,2,0,,73,64.4,,13,76.9,15.3,6,33.3,67.2,-33.8,0,,0,,,,1.113,,,,,,,,,0.125,47,35,0.383,0.229,0.597,1,0,,,,,,,1.543,,,0.83,,1.113,,,,Big,0.57,,,-1.75,1.59,EuroCup,2025-26,intl
Kaza Kajami-Keane,80,63,17,6,4,62.5,55,32.7,29.8,13,53.8,24.5,8,50.0,32.4,17.6,0,,0,,,,1.073,0.716,1.607,,,,,,,0.708,52,41,0.385,0.561,1.459,2,2,,,,,,,0.864,0.295,2.524,1.331,0.777,1.043,,,,,,,,,,EuroCup,2025-26,intl
Dovis Bickauskis,78,73,5,4,4,37.5,49,49.0,-11.5,17,47.1,-1.6,9,11.1,55.7,-44.6,0,,0,,,,1.298,0.808,2.085,,,,,,,0.312,45,37,0.4,0.405,1.014,0,1,,,,,,,1.25,0.44,3.548,1.345,,1.298,,,,Playmaker,1.28,,,-1.99,0.97,EuroCup,2025-26,intl
John Newman Iii,77,71,6,4,0,,66,63.6,,14,42.9,-26.4,13,57.7,65.1,-7.4,0,,0,,,,1.116,0.761,1.637,,,,,,,0.375,47,39,0.277,0.462,1.669,1,1,,,,,,,0.663,0.222,1.981,1.179,0.996,1.005,,,,Wing,0.52,,,-1.05,-0.96,EuroCup,2025-26,intl
Augustine Rubit,76,66,10,5,0,,70,55.0,,17,52.9,-2.7,12,58.3,54.3,4.0,0,,0,,,,0.96,0.691,1.333,,,,,,,0.5,41,44,0.463,0.318,0.687,2,2,,,,,,,1.109,0.618,1.99,0.831,1.2,0.914,,,,Wing,-0.36,,,-0.46,0.47,EuroCup,2025-26,intl
Ajdin Penava,76,69,7,4,0,,75,58.0,,16,65.6,9.7,7,28.6,61.0,-32.5,0,,0,,,,0.939,0.688,1.281,,,,,,,0.438,45,37,0.467,0.405,0.869,1,1,,,,,,,1.312,0.709,2.43,0.98,1.097,0.962,,,,Wing,-0.47,,,-0.75,1.12,EuroCup,2025-26,intl
Blazej Kulikowski,76,71,5,4,2,0.0,67,52.2,-52.2,25,58.0,11.4,12,50.0,50.9,-0.9,0,,0,,,,0.931,0.595,1.458,,,,,,,0.312,30,50,0.633,0.5,0.789,0,2,,,,,,,,,,0.975,1.169,0.931,,,,Wing,-0.52,,,-1.34,,EuroCup,2025-26,intl
Joel Scott,76,65,11,4,4,25.0,70,49.3,-24.3,18,33.3,-19.3,7,28.6,50.0,-21.4,0,,0,,,,0.844,0.58,1.228,,,,,,,0.688,41,46,0.512,0.435,0.849,1,2,,,,,,,1.077,0.51,2.275,0.994,1.179,0.858,,,,Wing,-1.01,,,0.42,0.37,EuroCup,2025-26,intl
Pierre Oriola,75,61,14,5,4,87.5,58,59.5,28.0,11,68.2,8.4,1,0.0,62.3,-62.3,0,,0,,,,0.968,0.673,1.393,,,,,,,0.7,45,40,0.356,0.275,0.773,2,1,,,,,,,1.167,0.729,1.868,1.03,1.397,0.909,,,,Wing,-0.31,,,0.47,0.66,EuroCup,2025-26,intl
Josiah-Jordan James,73,71,2,4,1,0.0,57,41.2,-41.2,12,20.8,-24.8,7,57.1,38.2,18.9,0,,0,,,,0.657,0.163,2.645,,,,,,,0.125,38,39,0.421,0.59,1.401,1,2,,,,,,,,,,1.053,,0.657,,,,Wing,-2.06,,,-2.22,,EuroCup,2025-26,intl
Jaylen Hands,72,51,21,7,11,27.3,71,40.1,-12.9,23,39.1,1.0,9,11.1,41.8,-30.7,0,,0,,,,0.752,0.525,1.076,,,,,,,0.75,52,51,0.538,0.549,1.02,4,5,,,,,,,0.808,0.328,1.99,0.794,0.842,0.796,,,,Playmaker,-1.59,,,0.27,-0.39,EuroCup,2025-26,intl
Nighael Ceaser,71,66,5,2,1,100.0,63,61.9,38.1,12,75.0,15.4,3,33.3,63.9,-30.6,0,,0,,,,0.943,0.601,1.479,,,,,,,0.625,35,41,0.4,0.244,0.61,2,0,,,,,,,0.757,0.279,2.053,0.916,,0.995,,,,Wing,-0.45,,,0.12,-0.66,EuroCup,2025-26,intl
Roi Huber,70,67,3,1,6,41.7,38,61.8,-20.2,15,53.3,-8.7,3,33.3,61.0,-27.6,0,,0,,,,0.532,0.106,2.663,,,,,,,0.75,31,40,0.323,0.35,1.085,0,1,,,,,,,2.211,,,0.34,,0.532,,,,Playmaker,-2.74,,,0.27,3.93,EuroCup,2025-26,intl
Ismael Kamagate,70,68,2,1,0,,62,74.2,,7,100.0,29.1,4,25.0,77.6,-52.6,0,,0,,,,1.153,,,,,,,,,0.5,47,24,0.277,0.125,0.452,1,0,,,,,,,1.341,,,0.546,,1.153,,,,Big,0.74,,,-0.36,0.97,EuroCup,2025-26,intl
Ethan Price,67,63,4,1,2,0.0,56,65.2,-65.2,11,45.5,-21.6,7,100.0,57.8,42.2,0,,0,,,,1.189,,,,,,,,,1.0,37,31,0.297,0.452,1.519,0,1,,,,,,,0.855,0.313,2.337,1.075,1.185,1.189,,,,Big,0.9,,,1.5,-0.52,EuroCup,2025-26,intl
Jeffery Taylor,66,59,7,6,3,50.0,47,30.9,19.1,11,45.5,17.2,2,0.0,33.3,-33.3,0,,0,,,,0.843,0.433,1.639,,,,,,,0.292,40,32,0.5,0.5,1.0,1,0,,,,,,,,,,1.354,1.468,0.843,,,,Wing,-1.02,,,-1.44,,EuroCup,2025-26,intl
Zsombor Maronka,66,52,14,6,1,0.0,63,49.2,-49.2,19,47.4,-1.5,2,50.0,48.4,1.6,0,,0,,,,0.646,0.406,1.028,,,,,,,0.583,41,35,0.512,0.514,1.004,2,2,,,,,,,0.821,0.318,2.121,0.899,0.462,0.754,,,,Big,-1.47,,,-0.05,-0.63,EuroCup,2025-26,intl
Dordije Jovanovic,65,56,9,6,0,,63,42.1,,15,36.7,-7.1,12,41.7,42.2,-0.5,0,,0,,,,0.871,0.607,1.25,,,,,,,0.375,41,31,0.634,0.484,0.763,3,0,,,,,,,1.19,0.469,3.023,0.884,1.158,0.896,,,,,,,,,,EuroCup,2025-26,intl
Rok Radovic,65,58,7,4,2,50.0,59,47.5,2.5,17,41.2,-8.8,5,20.0,50.0,-30.0,0,,0,,,,1.16,,,,,,,,,0.438,39,30,0.513,0.533,1.04,1,1,,,,,,,0.974,0.392,2.422,1.061,1.14,1.16,,,,Wing,0.77,,,-0.75,0.04,EuroCup,2025-26,intl
Angel Nunez,65,57,8,8,7,50.0,63,54.8,-4.8,16,46.9,-9.6,6,83.3,51.6,31.8,0,,0,,,,1.056,,,,,,,,,0.25,31,42,0.484,0.595,1.23,0,3,,,,,,,1.08,0.51,2.287,0.986,1.045,1.056,,,,Wing,0.19,,,-1.63,0.38,EuroCup,2025-26,intl
Aurimas Majauskas,63,55,8,3,1,100.0,58,65.5,34.5,15,46.7,-26.1,4,87.5,64.5,23.0,0,,0,,,,0.982,0.744,1.297,,,,,,,0.667,36,30,0.333,0.4,1.2,1,2,,,,,,,0.903,0.459,1.776,1.069,,0.982,,,,Wing,-0.23,,,0.32,-0.19,EuroCup,2025-26,intl
Fletcher Magee,63,57,6,3,0,,61,62.3,,33,51.5,-23.5,7,107.1,56.5,50.7,0,,0,,,,0.913,0.633,1.318,,,,,,,0.5,19,48,0.368,0.542,1.47,0,1,,,,,,,1.248,0.578,2.694,0.832,0.816,0.94,,,,Wing,-0.62,,,-0.46,0.92,EuroCup,2025-26,intl
Steven Enoch,60,55,5,3,0,,58,54.3,,10,50.0,-5.2,5,40.0,55.7,-15.7,0,,0,,,,0.863,0.553,1.346,,,,,,,0.417,36,27,0.5,0.333,0.667,1,1,,,,,,,0.879,0.321,2.411,1.029,1.089,0.863,,,,Big,-0.52,,,-0.67,-0.45,EuroCup,2025-26,intl
Benedikt Turudic,60,59,1,1,0,,38,50.0,,7,71.4,26.3,1,100.0,48.6,51.4,0,,0,,,,1.639,,,,,,,,,0.25,26,35,0.231,0.371,1.61,0,1,,,,,,,,,,1.02,,1.639,,,,Wing,3.47,,,-1.63,,EuroCup,2025-26,intl
Jakob Dwight Forester,58,54,4,2,0,,58,58.6,,10,50.0,-10.4,6,16.7,63.5,-46.8,0,,0,,,,1.038,,,,,,,,,0.5,30,30,0.4,0.4,1.0,0,0,,,,,,,0.406,0.073,2.248,0.921,1.037,1.038,,,,,,,,,,EuroCup,2025-26,intl
Saulius Kulvietis,57,51,6,3,1,150.0,48,57.3,92.7,8,56.2,-3.5,1,0.0,60.4,-60.4,0,,0,,,,1.275,,,,,,,,,0.5,33,27,0.455,0.481,1.059,1,0,,,,,,,1.111,0.465,2.653,1.102,1.244,1.275,,,,Wing,1.42,,,-0.46,0.48,EuroCup,2025-26,intl
Patrick Hassan,57,49,8,5,1,0.0,50,32.0,-32.0,11,31.8,0.6,8,18.8,33.7,-15.0,0,,0,,,,1.159,0.853,1.575,,,,,,,0.4,31,33,0.71,0.455,0.64,2,1,,,,,,,1.175,0.32,4.318,0.856,0.833,1.218,,,,Playmaker,0.55,,,-1.53,0.74,EuroCup,2025-26,intl
Jared Coleman -Jones,56,51,5,4,2,100.0,54,51.9,48.1,13,53.8,0.4,6,16.7,58.0,-41.3,0,,0,,,,1.085,,,,,,,,,0.312,39,21,0.462,0.571,1.238,2,2,,,,,,,1.226,0.566,2.656,1.005,,1.085,,,,Big,0.44,,,-1.06,0.62,EuroCup,2025-26,intl
Alfonso Plummer,56,48,8,3,3,33.3,49,71.4,-38.1,14,57.1,-16.5,2,75.0,69.0,6.0,0,,0,,,,0.923,0.605,1.408,,,,,,,0.667,32,32,0.438,0.375,0.857,2,1,,,,,,,0.619,0.192,1.991,1.125,0.908,1.01,,,,Playmaker,-0.69,,,-0.16,-0.97,EuroCup,2025-26,intl
Justin Edler Davis,55,39,16,6,2,75.0,64,35.9,39.1,16,46.9,12.9,5,50.0,36.1,13.9,0,,0,,,,0.948,0.771,1.165,,,,,,,0.667,35,38,0.629,0.658,1.047,2,5,,,,,,,0.593,0.199,1.77,1.023,0.909,0.881,,,,Wing,-0.42,,,0.32,-1.19,EuroCup,2025-26,intl
Diego Garavaglia,55,51,4,1,1,0.0,49,50.0,-50.0,11,50.0,1.3,7,64.3,46.5,17.8,0,,0,,,,1.159,,,,,,,,,1.0,25,32,0.56,0.438,0.781,0,1,,,,,,,0.55,0.098,3.096,1.004,1.156,1.159,,,,Wing,0.77,,,1.88,-1.33,EuroCup,2025-26,intl
Kaodirichi Akobundu-Ehiogu,55,55,0,1,0,,44,77.3,,9,55.6,-27.3,1,0.0,79.1,-79.1,0,,0,,,,,,,,,,,,,0.0,33,23,0.061,0.348,5.739,0,0,,,,,,,,,,1.293,,,,,,Big,,,,-2.22,,EuroCup,2025-26,intl
Alessandro Lever,53,50,3,4,0,,52,56.7,,14,71.4,20.1,1,100.0,55.9,44.1,0,,0,,,,1.111,,,,,,,,,0.188,29,28,0.483,0.429,0.888,1,0,,,,,,,1.25,0.537,2.912,1.139,,1.111,,,,Big,0.56,,,-1.52,0.69,EuroCup,2025-26,intl
Joe Thomasson,52,44,8,2,1,100.0,37,56.8,43.2,9,61.1,4.2,5,50.0,59.1,-9.1,0,,0,,,,1.019,0.567,1.83,,,,,,,1.0,26,32,0.462,0.25,0.542,2,0,,,,,,,0.9,0.284,2.852,1.148,1.731,1.25,,,,Wing,-0.02,,,1.88,-0.2,EuroCup,2025-26,intl
Eli Brooks,52,40,12,4,0,,47,54.3,,9,50.0,-5.3,2,75.0,53.3,21.7,0,,0,,,,0.92,0.59,1.432,,,,,,,0.75,35,28,0.429,0.393,0.917,3,1,,,,,,,1.036,0.471,2.279,1.0,1.05,1.066,,,,Playmaker,-0.7,,,0.27,0.31,EuroCup,2025-26,intl
Blazej Czerniewicz,52,48,4,2,2,75.0,40,55.0,20.0,16,43.8,-19.7,0,,56.0,,0,,0,,,,0.973,0.541,1.749,,,,,,,0.5,26,28,0.423,0.464,1.097,0,1,,,,,,,1.542,0.639,3.721,1.143,0.855,0.973,,,,Wing,-0.28,,,-0.46,1.86,EuroCup,2025-26,intl
Max Gaspa,52,51,1,4,0,,38,36.8,,11,9.1,-39.1,4,50.0,35.3,14.7,0,,0,,,,1.545,,,,,,,,,0.062,32,24,0.312,0.667,2.133,0,1,,,,,,,,,,0.867,,1.545,,,,Wing,2.94,,,-2.51,,EuroCup,2025-26,intl
Danielius Lavrinovicius,52,48,4,2,2,0.0,48,55.2,-55.2,7,50.0,-3.5,5,50.0,53.3,-3.3,0,,0,,,,1.091,,,,,,,,,0.5,34,20,0.471,0.6,1.275,0,1,,,,,,,1.1,0.392,3.088,0.95,1.087,1.091,,,,Wing,0.38,,,-0.46,0.44,EuroCup,2025-26,intl
Matthew Hurt,51,48,3,3,4,50.0,38,50.0,0.0,8,43.8,-7.7,8,87.5,41.2,46.3,0,,0,,,,1.333,,,,,,,,,0.25,34,20,0.412,0.5,1.214,2,1,,,,,,,,,,1.009,1.308,1.333,,,,Wing,1.75,,,-1.63,,EuroCup,2025-26,intl
George Papas,50,41,9,4,5,0.0,42,52.4,-52.4,18,27.8,-30.8,7,42.9,47.5,-4.6,0,,0,,,,1.104,0.838,1.455,,,,,,,0.562,29,27,0.448,0.63,1.405,1,2,,,,,,,0.295,0.045,1.923,1.32,0.991,1.102,,,,Wing,0.46,,,-0.17,-2.15,EuroCup,2025-26,intl
Eric Reed,50,34,16,5,0,,64,45.3,,14,57.1,15.1,1,0.0,46.0,-46.0,0,,0,,,,0.93,0.759,1.139,,,,,,,0.8,35,35,0.657,0.514,0.783,3,4,,,,,,,0.762,0.345,1.685,1.091,0.922,0.97,,,,Playmaker,-0.65,,,0.53,-0.53,EuroCup,2025-26,intl
Gustav Knudsen,49,47,2,1,0,,35,42.9,,7,42.9,0.0,1,0.0,44.1,-44.1,0,,0,,,,1.424,,,,,,,,,0.5,31,19,0.387,0.474,1.224,0,0,,,,,,,1.269,0.298,5.406,1.139,,1.424,,,,Wing,2.26,,,-0.46,0.99,EuroCup,2025-26,intl
Stylianos Poulianitis,49,49,0,4,0,,38,46.1,,8,25.0,-26.7,10,50.0,44.6,5.4,0,,0,,,,,,,,,,,,,0.0,35,18,0.486,0.389,0.801,0,0,,,,,,,,,,1.112,,,,,,,,,,,,EuroCup,2025-26,intl
Carlos Stewart,48,42,6,5,0,,47,48.9,,14,50.0,1.5,3,33.3,50.0,-16.7,0,,0,,,,1.235,,,,,,,,,0.3,28,28,0.429,0.5,1.167,1,2,,,,,,,1.0,0.42,2.382,0.964,1.237,1.235,,,,Playmaker,0.95,,,-2.05,0.2,EuroCup,2025-26,intl
Bryn Forbes,48,36,12,5,1,0.0,53,38.7,-38.7,16,28.1,-14.0,5,60.0,35.7,24.3,0,,0,,,,0.882,0.677,1.15,,,,,,,0.6,30,29,0.633,0.621,0.98,2,3,,,,,,,0.618,0.163,2.341,0.952,1.116,0.926,,,,Wing,-0.8,,,0.01,-1.11,EuroCup,2025-26,intl
Mohamed Diakite,48,40,8,4,0,,51,47.1,,16,56.2,13.4,8,50.0,46.5,3.5,0,,0,,,,0.789,0.526,1.185,,,,,,,0.5,34,22,0.5,0.636,1.273,2,2,,,,,,,1.583,0.804,3.118,0.747,1.111,0.861,,,,Wing,-1.32,,,-0.46,2.0,EuroCup,2025-26,intl
Brandon Taylor,45,33,12,3,4,100.0,36,36.1,63.9,13,38.5,-6.0,4,25.0,44.4,-19.4,0,,0,,,,0.875,0.512,1.495,,,,,,,1.0,21,36,0.333,0.5,1.5,0,2,,,,,,,0.943,0.357,2.488,1.172,0.873,0.971,,,,Playmaker,-0.94,,,1.56,0.03,EuroCup,2025-26,intl
Sergio Llull,532,442,90,28,27,27.8,389,53.0,-25.2,89,39.3,-15.3,72,50.7,51.5,-0.8,0,,0,,,,1.068,0.915,1.248,,,,,,,0.804,302,319,0.361,0.408,1.129,11,15,,,,,,,0.955,0.7,1.302,1.064,1.105,1.097,,,,Wing,0.12,,,1.16,-0.21,Euroleague,2016-17,intl
Thomas Heurtel,489,427,62,21,24,62.5,328,52.0,10.5,118,49.2,-5.3,23,60.9,52.1,8.7,0,,0,,,,0.948,0.769,1.17,,,,,,,0.738,221,317,0.344,0.341,0.991,6,15,,,,,,,0.972,0.693,1.363,1.054,0.982,0.981,,,,Playmaker,-0.47,,,0.62,-0.05,Euroleague,2016-17,intl
Brad Wanamaker,479,403,76,23,30,68.3,340,55.1,13.2,116,58.6,3.5,54,48.1,57.6,-9.4,0,,0,,,,1.136,0.98,1.317,,,,,,,0.826,246,290,0.39,0.324,0.831,8,9,,,,,,,1.167,0.898,1.515,1.02,1.031,1.114,,,,Playmaker,0.44,,,1.0,0.68,Euroleague,2016-17,intl
Vassilis Spanoulis,465,413,52,18,24,66.7,279,50.7,15.9,78,49.4,-3.5,35,41.4,53.4,-11.9,0,,0,,,,1.125,0.9,1.406,,,,,,,0.722,280,234,0.318,0.355,1.116,8,10,,,,,,,1.143,0.797,1.639,1.155,0.959,1.143,,,,Playmaker,0.39,,,0.55,0.59,Euroleague,2016-17,intl
Milos Teodosic,463,414,49,17,22,56.8,288,58.7,-1.9,77,53.2,-7.1,29,63.8,58.0,5.8,0,,0,,,,1.168,0.954,1.43,,,,,,,0.721,251,254,0.323,0.339,1.049,7,8,,,,,,,1.175,0.848,1.628,1.083,1.336,1.068,,,,Wing,0.66,,,0.79,0.48,Euroleague,2016-17,intl
Shane Larkin,453,387,66,17,29,65.5,299,48.7,16.9,92,56.5,8.9,33,37.9,51.5,-13.6,0,,0,,,,1.132,0.942,1.361,,,,,,,0.971,265,253,0.355,0.372,1.047,9,6,,,,,,,1.589,1.244,2.031,0.853,1.026,1.167,,,,Playmaker,0.42,,,1.62,2.26,Euroleague,2016-17,intl
Nick Calathes,448,389,59,22,21,23.8,290,48.6,-24.8,59,35.6,-14.0,47,42.6,47.7,-5.2,0,,0,,,,1.09,0.893,1.33,,,,,,,0.67,252,242,0.321,0.405,1.26,10,13,,,,,,,0.796,0.524,1.21,1.094,0.888,1.048,,,,Playmaker,0.22,,,0.33,-0.71,Euroleague,2016-17,intl
Keith Langford,432,327,105,30,41,63.4,410,47.4,16.0,139,51.1,3.2,44,28.4,51.1,-22.7,0,,0,,,,1.034,0.924,1.157,,,,,,,0.875,266,295,0.436,0.485,1.112,14,17,,,,,,,0.695,0.509,0.949,1.096,1.052,1.051,,,,Wing,-0.06,,,1.48,-1.03,Euroleague,2016-17,intl
Tyrese Rice,422,352,70,23,30,38.3,317,48.3,-9.9,95,46.3,-1.5,51,34.3,49.7,-15.3,0,,0,,,,1.141,0.985,1.321,,,,,,,0.761,218,275,0.427,0.425,0.997,9,14,,,,,,,0.785,0.524,1.178,1.013,1.049,1.139,,,,Playmaker,0.47,,,0.72,-0.75,Euroleague,2016-17,intl
Sinan Guler,410,341,69,19,18,66.7,267,49.4,17.2,67,53.7,4.2,42,36.9,52.9,-16.0,0,,0,,,,1.223,1.026,1.458,,,,,,,0.908,242,214,0.335,0.383,1.145,7,8,,,,,,,1.236,0.908,1.683,1.126,1.112,1.193,,,,Wing,0.95,,,1.63,0.67,Euroleague,2016-17,intl
Nando De Colo,384,338,46,16,21,31.0,303,63.0,-32.1,84,60.1,-1.1,24,47.9,62.0,-14.1,0,,0,,,,0.962,0.794,1.166,,,,,,,0.719,219,208,0.338,0.356,1.053,5,11,,,,,,,0.895,0.632,1.267,1.085,0.934,0.959,,,,Wing,-0.45,,,0.78,-0.4,Euroleague,2016-17,intl
Jayson Granger,384,333,51,18,17,52.9,270,49.4,3.5,57,38.6,-13.8,58,42.2,51.5,-9.3,0,,0,,,,0.996,0.808,1.226,,,,,,,0.708,237,185,0.371,0.405,1.092,6,10,,,,,,,1.083,0.752,1.559,1.012,1.017,0.973,,,,Playmaker,-0.24,,,0.49,0.37,Euroleague,2016-17,intl
Derrick Brown,365,307,58,20,16,59.4,313,53.0,6.3,85,52.9,-0.5,28,60.7,52.7,8.1,0,,0,,,,1.041,0.907,1.195,,,,,,,0.725,205,206,0.39,0.398,1.02,5,9,,,,,,,0.907,0.662,1.242,1.071,0.973,1.086,,,,Playmaker,-0.02,,,0.56,-0.29,Euroleague,2016-17,intl
Bobby Dixon,355,306,49,18,23,47.8,280,56.4,-8.6,86,58.1,3.3,30,65.0,54.8,10.2,0,,0,,,,1.036,0.863,1.244,,,,,,,0.681,210,209,0.41,0.416,1.016,10,7,,,,,,,0.974,0.658,1.443,1.012,0.971,0.989,,,,,,,,,,Euroleague,2016-17,intl
Will Clyburn,344,261,83,26,21,47.6,344,49.1,-1.5,77,43.5,-7.0,54,24.1,53.4,-29.3,0,,0,,,,0.992,0.897,1.098,,,,,,,0.798,209,204,0.45,0.51,1.134,14,13,,,,,,,0.862,0.642,1.156,1.046,0.968,1.033,,,,Wing,-0.29,,,1.13,-0.5,Euroleague,2016-17,intl
Leo Westermann,341,305,36,12,17,47.1,186,51.6,-4.6,50,43.0,-10.9,32,40.6,53.2,-12.6,0,,0,,,,1.421,1.144,1.764,,,,,,,0.75,192,173,0.318,0.312,0.982,5,6,,,,,,,0.98,0.622,1.544,1.043,0.837,1.256,,,,Wing,2.02,,,0.92,-0.13,Euroleague,2016-17,intl
Adam Hanga,318,267,51,19,9,33.3,268,53.7,-20.4,51,34.3,-23.0,39,48.7,53.8,-5.1,0,,0,,,,0.966,0.812,1.148,,,,,,,0.671,196,158,0.413,0.437,1.057,8,11,,,,,,,1.03,0.728,1.458,0.985,0.931,0.979,,,,Wing,-0.43,,,0.56,0.02,Euroleague,2016-17,intl
Scottie Wilbekin,312,247,65,19,27,70.4,235,56.0,14.4,86,51.2,-9.3,34,50.0,58.6,-8.6,0,,0,,,,1.032,0.87,1.225,,,,,,,0.855,166,195,0.398,0.41,1.032,10,10,,,,,,,1.008,0.725,1.402,1.142,1.172,1.042,,,,Playmaker,-0.06,,,1.12,0.09,Euroleague,2016-17,intl
Kostas Sloukas,311,296,15,8,9,22.2,174,58.6,-36.4,52,44.2,-17.6,30,40.0,60.1,-20.1,0,,0,,,,0.94,0.579,1.524,,,,,,,0.469,147,173,0.279,0.306,1.098,1,4,,,,,,,0.733,0.296,1.814,1.136,1.765,0.881,,,,Playmaker,-0.51,,,-0.54,-0.94,Euroleague,2016-17,intl
Luka Doncic,311,283,28,10,8,75.0,183,53.8,21.2,56,65.2,14.8,23,82.6,50.9,31.7,0,,0,,,,1.024,0.731,1.434,,,,,,,0.7,177,158,0.362,0.266,0.735,5,1,,,,,,,0.91,0.51,1.622,0.88,1.288,1.052,,,,Wing,-0.12,,,0.69,-0.35,Euroleague,2016-17,intl
Quino Colom,310,252,58,17,13,46.2,210,48.3,-2.2,71,51.4,4.7,22,31.8,50.0,-18.2,0,,0,,,,0.937,0.733,1.197,,,,,,,0.853,169,194,0.414,0.32,0.772,9,7,,,,,,,1.07,0.705,1.623,0.999,1.113,0.938,,,,,,,,,,Euroleague,2016-17,intl
Georgios Printezis,307,239,68,20,17,67.6,303,52.1,15.5,56,63.4,12.6,56,42.9,55.1,-12.3,0,,0,,,,1.002,0.914,1.098,,,,,,,0.85,188,165,0.431,0.503,1.168,11,12,,,,,,,0.763,0.551,1.056,0.977,1.031,1.036,,,,Wing,-0.24,,,1.37,-0.81,Euroleague,2016-17,intl
Nikos Zisis,306,283,23,8,15,36.7,161,46.0,-9.3,51,41.2,-5.6,31,43.5,45.5,-2.0,0,,0,,,,0.71,0.422,1.195,,,,,,,0.719,148,172,0.304,0.36,1.186,0,5,,,,,,,1.398,0.755,2.587,0.943,0.259,0.75,,,,Wing,-1.81,,,0.78,1.18,Euroleague,2016-17,intl
Ekpe Udoh,306,287,19,8,12,83.3,237,59.1,24.3,50,66.0,7.2,37,51.4,61.8,-10.4,0,,0,,,,1.23,1.087,1.392,,,,,,,0.594,167,151,0.323,0.298,0.922,2,2,,,,,,,0.883,0.577,1.352,1.217,1.071,1.132,,,,Big,1.36,,,0.5,-0.26,Euroleague,2016-17,intl
Nicolo Melli,305,275,30,13,13,50.0,238,58.6,-8.6,62,50.8,-9.8,42,50.0,59.8,-9.8,0,,0,,,,0.917,0.719,1.169,,,,,,,0.577,175,154,0.343,0.409,1.193,3,6,,,,,,,0.678,0.388,1.185,1.073,0.988,0.893,,,,Wing,-0.69,,,0.14,-1.08,Euroleague,2016-17,intl
Blake Schilb,305,281,24,13,7,35.7,196,57.4,-21.7,47,47.9,-11.4,22,52.3,57.2,-4.9,0,,0,,,,1.151,0.876,1.511,,,,,,,0.462,161,160,0.292,0.325,1.113,3,7,,,,,,,0.964,0.604,1.54,1.127,,1.021,,,,Wing,0.57,,,-0.37,-0.18,Euroleague,2016-17,intl
Mike James,299,269,30,11,19,31.6,226,60.2,-28.6,90,52.2,-9.1,37,32.4,62.5,-30.1,0,,0,,,,0.958,0.764,1.2,,,,,,,0.682,148,171,0.358,0.392,1.094,4,6,,,,,,,0.57,0.305,1.063,0.906,1.021,0.946,,,,Wing,-0.47,,,0.61,-1.42,Euroleague,2016-17,intl
Gustavo Ayon,297,294,3,3,10,90.0,209,72.2,17.8,26,92.3,21.8,17,64.7,73.8,-9.1,0,,0,,,,0.916,0.41,2.045,,,,,,,0.25,167,133,0.222,0.165,0.747,0,1,,,,,,,1.354,,,0.872,,0.916,,,,Big,-0.57,,,-0.74,0.99,Euroleague,2016-17,intl
Vladimir Micov,296,240,56,20,17,47.1,254,53.1,-6.1,62,45.2,-9.9,36,54.2,52.6,1.6,0,,0,,,,1.06,0.914,1.229,,,,,,,0.7,168,177,0.405,0.492,1.214,7,15,,,,,,,0.622,0.393,0.984,1.236,1.06,1.077,,,,Wing,0.08,,,0.69,-1.26,Euroleague,2016-17,intl
Aaron Jackson,296,292,4,4,10,40.0,168,64.0,-24.0,62,56.5,-9.5,21,40.5,65.6,-25.1,0,,0,,,,1.718,,,,,,,,,0.25,145,155,0.269,0.277,1.031,0,2,,,,,,,1.848,,,1.511,,1.718,,,,Wing,3.62,,,-1.32,2.59,Euroleague,2016-17,intl
Tyler Honeycutt,294,237,57,21,16,68.8,255,45.3,23.5,95,45.3,-2.2,20,25.0,48.4,-23.4,0,,0,,,,0.982,0.834,1.157,,,,,,,0.679,155,189,0.49,0.45,0.917,9,8,,,,,,,1.031,0.708,1.501,1.046,1.088,1.004,,,,Wing,-0.34,,,0.6,0.03,Euroleague,2016-17,intl
Darius Miller,290,220,70,22,32,40.6,241,60.6,-20.0,79,53.8,-6.3,59,41.5,62.9,-21.3,0,,0,,,,0.886,0.758,1.035,,,,,,,0.795,153,184,0.418,0.44,1.052,9,11,,,,,,,0.992,0.732,1.345,1.016,0.798,0.866,,,,Wing,-0.86,,,1.12,-0.1,Euroleague,2016-17,intl
Rodrigue Beaubois,290,236,54,17,15,60.0,263,55.9,4.1,75,62.7,9.0,32,40.6,58.1,-17.5,0,,0,,,,1.087,0.981,1.204,,,,,,,0.794,169,156,0.473,0.442,0.934,9,7,,,,,,,1.026,0.745,1.415,1.063,1.03,1.08,,,,Playmaker,0.2,,,0.86,0.15,Euroleague,2016-17,intl
Ricky Hickman,287,238,49,14,12,66.7,214,48.1,18.5,54,60.2,14.5,25,42.0,50.0,-8.0,0,,0,,,,0.954,0.764,1.19,,,,,,,0.875,156,170,0.436,0.388,0.891,7,6,,,,,,,1.312,0.902,1.909,1.077,0.921,0.97,,,,Wing,-0.5,,,1.48,0.91,Euroleague,2016-17,intl
Lukas Lekavicius,285,254,31,13,11,50.0,192,53.1,-3.1,64,47.7,-7.7,14,35.7,54.2,-18.5,0,,0,,,,0.949,0.707,1.274,,,,,,,0.596,147,160,0.313,0.388,1.238,3,6,,,,,,,1.028,0.654,1.615,1.073,1.144,1.007,,,,Playmaker,-0.47,,,0.01,0.16,Euroleague,2016-17,intl
Erick Green,282,230,52,20,12,37.5,272,55.0,-17.5,94,48.9,-7.9,50,42.0,56.8,-14.8,0,,0,,,,0.859,0.743,0.995,,,,,,,0.65,165,151,0.485,0.49,1.011,4,8,,,,,,,0.858,0.592,1.242,0.991,0.886,0.883,,,,Playmaker,-0.91,,,0.24,-0.48,Euroleague,2016-17,intl
Andrew Goudelock,276,243,33,13,22,50.0,226,62.2,-12.2,79,59.5,-2.3,21,31.0,63.9,-32.9,0,,0,,,,1.03,0.866,1.225,,,,,,,0.635,137,170,0.358,0.424,1.184,3,8,,,,,,,0.868,0.576,1.31,1.087,1.139,1.068,,,,Playmaker,-0.07,,,0.18,-0.44,Euroleague,2016-17,intl
K.C. Rivers,274,224,50,21,41,53.7,242,60.5,-6.9,96,60.4,1.3,43,46.5,61.9,-15.4,0,,0,,,,1.12,,,,,,,,,0.595,139,170,0.453,0.512,1.129,5,13,,,,,,,0.939,0.674,1.308,1.073,1.052,1.104,,,,Wing,0.4,,,0.22,-0.26,Euroleague,2016-17,intl
Charles Jenkins,274,234,40,13,10,40.0,211,55.7,-15.7,54,50.9,-5.4,25,72.0,52.8,19.2,0,,0,,,,1.064,0.873,1.295,,,,,,,0.769,140,162,0.371,0.389,1.047,7,4,,,,,,,1.127,0.796,1.595,1.106,1.402,1.097,,,,Playmaker,0.09,,,0.75,0.53,Euroleague,2016-17,intl
Vangelis Mantzaris,269,236,33,15,9,33.3,191,50.5,-17.2,37,33.8,-19.6,24,33.3,52.0,-18.7,0,,0,,,,1.015,0.784,1.314,,,,,,,0.55,140,155,0.429,0.439,1.024,6,7,,,,,,,1.36,0.853,2.167,0.968,1.497,1.087,,,,,,,,,,Euroleague,2016-17,intl
Rudy Fernandez,269,225,44,16,13,42.3,195,45.1,-2.8,64,50.8,8.4,33,39.4,46.0,-6.6,0,,0,,,,1.14,0.938,1.386,,,,,,,0.688,142,157,0.458,0.452,0.988,7,6,,,,,,,1.256,0.795,1.983,1.027,1.34,1.139,,,,Wing,0.51,,,0.64,0.73,Euroleague,2016-17,intl
Johannes Voigtmann,269,243,26,12,15,53.3,213,60.8,-7.5,60,60.8,0.7,21,52.4,61.1,-8.7,0,,0,,,,0.885,0.679,1.154,,,,,,,0.542,138,153,0.384,0.32,0.834,7,4,,,,,,,0.951,0.618,1.462,1.055,0.883,0.914,,,,Big,-0.76,,,0.31,-0.08,Euroleague,2016-17,intl
Paulius Jankunas,269,235,34,11,16,68.8,230,57.2,11.6,63,65.9,10.7,34,55.9,58.3,-2.4,0,,0,,,,0.977,0.829,1.153,,,,,,,0.773,142,149,0.43,0.349,0.812,4,6,,,,,,,0.738,0.473,1.15,0.995,0.951,0.991,,,,Big,-0.2,,,1.15,-0.65,Euroleague,2016-17,intl
Chris Singleton,267,231,36,15,17,70.6,230,60.4,10.2,61,59.0,-2.8,46,43.5,65.2,-21.7,0,,0,,,,0.967,0.828,1.129,,,,,,,0.6,152,134,0.388,0.455,1.173,5,9,,,,,,,0.784,0.511,1.203,1.018,0.953,0.955,,,,Wing,-0.43,,,0.25,-0.75,Euroleague,2016-17,intl
Bryant Dunston,266,243,23,11,12,75.0,229,57.2,17.8,51,66.7,10.9,30,36.7,61.1,-24.5,0,,0,,,,1.011,0.856,1.194,,,,,,,0.523,153,125,0.392,0.328,0.836,4,3,,,,,,,1.359,1.062,1.74,1.015,1.155,1.017,,,,Wing,-0.19,,,-0.1,1.06,Euroleague,2016-17,intl
Jan Vesely,266,230,36,13,7,42.9,219,58.0,-15.1,39,61.5,4.9,21,57.1,57.6,-0.4,0,,0,,,,0.962,0.799,1.158,,,,,,,0.692,175,106,0.343,0.34,0.991,8,4,,,,,,,0.744,0.492,1.125,1.122,0.827,0.913,,,,Big,-0.29,,,0.86,-0.63,Euroleague,2016-17,intl
Kevin Pangos,266,215,51,19,9,83.3,207,53.1,30.2,45,46.7,-9.8,35,58.6,53.6,5.0,0,,0,,,,0.859,0.685,1.078,,,,,,,0.671,151,150,0.43,0.42,0.976,8,7,,,,,,,0.47,0.239,0.925,1.035,0.875,0.837,,,,Playmaker,-0.91,,,0.33,-1.93,Euroleague,2016-17,intl
James Anderson,258,197,61,22,13,61.5,257,51.2,10.4,58,51.7,0.1,33,25.8,55.3,-29.5,0,,0,,,,0.998,0.879,1.133,,,,,,,0.693,174,143,0.511,0.455,0.889,13,7,,,,,,,0.849,0.59,1.222,1.016,0.922,1.037,,,,Wing,-0.26,,,0.66,-0.54,Euroleague,2016-17,intl
Marko Simonovic,254,203,51,16,9,33.3,255,61.0,-27.6,71,52.8,-9.9,32,68.8,58.8,9.9,0,,0,,,,1.0,0.915,1.094,,,,,,,0.797,146,138,0.445,0.5,1.123,7,7,,,,,,,0.78,0.546,1.115,1.002,1.047,1.016,,,,Wing,-0.25,,,1.13,-0.76,Euroleague,2016-17,intl
Stefan Jovic,254,232,22,8,12,29.2,147,50.0,-20.8,30,50.0,1.9,19,42.1,49.3,-7.2,0,,0,,,,1.2,0.856,1.683,,,,,,,0.688,155,128,0.277,0.367,1.324,4,6,,,,,,,0.757,0.366,1.567,1.192,1.367,1.227,,,,Playmaker,0.75,,,0.4,-0.85,Euroleague,2016-17,intl
Kostas Papanikolaou,253,214,39,14,8,56.2,219,53.4,2.8,39,41.0,-15.1,32,56.2,53.1,3.2,0,,0,,,,0.995,0.837,1.183,,,,,,,0.696,136,145,0.463,0.421,0.908,7,5,,,,,,,0.909,0.599,1.377,0.944,1.034,1.017,,,,Wing,-0.27,,,0.68,-0.36,Euroleague,2016-17,intl
Bogdan Bogdanovic,251,215,36,11,17,94.1,190,60.5,33.6,55,68.2,6.7,31,35.5,68.2,-32.7,0,,0,,,,1.291,1.115,1.495,,,,,,,0.818,140,140,0.329,0.379,1.152,3,6,,,,,,,0.936,0.657,1.334,1.269,1.386,1.291,,,,Wing,1.32,,,1.22,-0.27,Euroleague,2016-17,intl
Victor Rudd,251,214,37,14,8,56.2,221,55.0,1.3,50,56.0,1.3,27,35.2,57.7,-22.5,0,,0,,,,1.102,0.953,1.274,,,,,,,0.661,145,138,0.407,0.435,1.069,7,6,,,,,,,1.0,0.685,1.459,1.015,1.218,1.127,,,,Wing,0.3,,,0.52,-0.07,Euroleague,2016-17,intl
Anthony Randolph,249,208,41,16,8,62.5,238,57.4,5.1,54,66.7,11.7,32,50.0,58.6,-8.6,0,,0,,,,0.998,0.881,1.13,,,,,,,0.641,157,120,0.439,0.417,0.948,8,8,,,,,,,0.924,0.649,1.315,0.951,1.073,1.01,,,,Big,-0.07,,,0.67,-0.15,Euroleague,2016-17,intl
Fabien Causeur,249,218,31,13,5,50.0,200,61.0,-11.0,40,56.2,-5.6,26,34.6,64.5,-29.9,0,,0,,,,0.986,0.791,1.23,,,,,,,0.596,156,115,0.333,0.391,1.174,5,2,,,,,,,1.188,0.855,1.652,1.111,1.158,0.953,,,,Wing,-0.32,,,0.23,0.52,Euroleague,2016-17,intl
James Feldeine,246,220,26,13,13,34.6,184,53.5,-18.9,38,42.1,-12.6,22,31.8,54.9,-23.0,0,,0,,,,1.201,0.998,1.445,,,,,,,0.5,150,120,0.387,0.475,1.228,2,7,,,,,,,1.225,0.805,1.865,1.111,1.207,1.164,,,,Wing,0.83,,,-0.2,0.64,Euroleague,2016-17,intl
Janis Strelnieks,244,224,20,7,16,65.6,160,63.7,1.9,52,66.3,3.4,25,44.0,67.2,-23.2,0,,0,,,,0.811,0.54,1.217,,,,,,,0.714,114,146,0.36,0.288,0.8,3,3,,,,,,,1.165,0.729,1.864,0.915,0.741,0.848,,,,Wing,-1.27,,,0.76,0.45,Euroleague,2016-17,intl
Adrien Moerman,240,172,68,22,14,35.7,239,49.4,-13.7,65,36.2,-16.8,41,48.8,48.6,0.2,0,,0,,,,1.002,0.911,1.102,,,,,,,0.773,131,149,0.595,0.483,0.812,12,9,,,,,,,0.842,0.583,1.215,1.046,0.953,0.989,,,,Wing,-0.24,,,1.02,-0.57,Euroleague,2016-17,intl
Ante Tomic,240,219,21,10,4,50.0,188,54.8,-4.8,25,40.0,-16.9,22,40.9,56.5,-15.6,0,,0,,,,1.005,0.782,1.291,,,,,,,0.525,146,107,0.356,0.327,0.918,5,4,,,,,,,1.24,0.868,1.773,0.958,1.052,0.985,,,,Big,-0.02,,,0.25,0.69,Euroleague,2016-17,intl
Krunoslav Simon,239,204,35,10,12,66.7,161,53.4,13.3,48,59.4,7.0,21,31.0,57.6,-26.6,0,,0,,,,1.275,1.048,1.552,,,,,,,0.875,123,136,0.374,0.353,0.944,2,5,,,,,,,0.974,0.629,1.509,0.99,1.353,1.267,,,,Wing,1.23,,,1.48,-0.15,Euroleague,2016-17,intl
Devin Smith,238,192,46,17,7,35.7,221,51.8,-16.1,49,48.0,-4.3,23,60.9,50.2,10.6,0,,0,,,,0.965,0.826,1.128,,,,,,,0.676,140,133,0.486,0.466,0.96,8,5,,,,,,,0.923,0.616,1.382,1.075,1.023,0.961,,,,Wing,-0.44,,,0.59,-0.31,Euroleague,2016-17,intl
Jaycee Carroll,237,205,32,14,21,50.0,205,65.1,-15.1,96,62.5,-2.1,22,75.0,62.5,12.5,0,,0,,,,1.026,0.908,1.16,,,,,,,0.571,117,136,0.444,0.441,0.993,2,8,,,,,,,0.828,0.541,1.267,1.097,1.128,1.033,,,,Playmaker,-0.09,,,-0.1,-0.59,Euroleague,2016-17,intl
Petteri Koponen,233,204,29,11,17,58.8,183,57.7,1.2,66,53.0,-7.0,27,50.0,59.0,-9.0,0,,0,,,,0.961,0.774,1.194,,,,,,,0.659,127,127,0.48,0.402,0.836,5,4,,,,,,,0.976,0.6,1.588,0.902,1.282,1.021,,,,Wing,-0.46,,,0.51,-0.15,Euroleague,2016-17,intl
Rakim Sanders,230,201,29,15,14,46.4,217,59.4,-13.0,53,49.1,-12.5,29,46.6,60.4,-13.8,0,,0,,,,0.929,0.782,1.105,,,,,,,0.483,129,129,0.419,0.473,1.13,4,7,,,,,,,1.135,0.786,1.638,0.995,1.13,0.974,,,,Wing,-0.63,,,-0.28,0.35,Euroleague,2016-17,intl
Luigi Datome,229,187,42,19,8,56.2,212,57.3,-1.1,48,52.1,-6.6,33,50.0,58.6,-8.6,0,,0,,,,1.008,0.879,1.156,,,,,,,0.553,135,120,0.511,0.408,0.799,9,7,,,,,,,1.237,0.897,1.705,1.04,1.068,1.01,,,,,,,,,,Euroleague,2016-17,intl
Nikola Kalinic,227,211,16,7,15,6.7,174,60.6,-54.0,59,40.7,-22.8,40,55.0,56.7,-1.7,0,,0,,,,1.287,,,,,,,,,0.571,121,117,0.306,0.496,1.621,3,4,,,,,,,0.456,0.193,1.077,0.952,1.143,1.158,,,,Wing,1.3,,,0.12,-1.78,Euroleague,2016-17,intl
Cory Higgins,223,202,21,10,16,37.5,185,57.6,-20.1,49,42.9,-17.3,22,52.3,56.4,-4.2,0,,0,,,,0.991,0.797,1.232,,,,,,,0.525,133,111,0.376,0.459,1.222,3,7,,,,,,,0.863,0.511,1.456,0.907,1.034,1.006,,,,Wing,-0.3,,,-0.09,-0.5,Euroleague,2016-17,intl
Brock Motum,221,197,24,9,11,68.2,204,65.9,2.3,51,69.6,4.7,15,73.3,65.5,7.8,0,,0,,,,0.892,0.743,1.071,,,,,,,0.667,117,116,0.402,0.379,0.944,5,2,,,,,,,0.56,0.305,1.028,0.952,0.896,0.872,,,,Wing,-0.83,,,0.55,-1.45,Euroleague,2016-17,intl
Sonny Weems,220,193,27,8,12,25.0,159,59.4,-34.4,44,55.7,-1.8,16,40.6,58.7,-18.1,0,,0,,,,0.984,0.758,1.277,,,,,,,0.844,114,124,0.333,0.355,1.065,4,2,,,,,,,0.995,0.631,1.568,1.098,1.054,1.038,,,,Wing,-0.33,,,1.34,-0.09,Euroleague,2016-17,intl
Mantas Kalnietis,218,197,21,8,9,16.7,147,56.1,-39.5,51,39.2,-21.7,8,56.2,53.7,2.5,0,,0,,,,0.938,0.661,1.331,,,,,,,0.656,122,113,0.32,0.416,1.301,3,4,,,,,,,0.769,0.379,1.563,1.178,0.49,0.882,,,,Playmaker,-0.52,,,0.27,-0.81,Euroleague,2016-17,intl
Ognjen Kuzmic,213,192,21,8,12,58.3,182,58.2,0.1,27,51.9,-7.4,21,57.1,58.4,-1.2,0,,0,,,,0.892,0.697,1.141,,,,,,,0.656,130,97,0.346,0.371,1.072,5,2,,,,,,,1.035,0.695,1.543,1.08,1.176,0.954,,,,,,,,,,Euroleague,2016-17,intl
Cedi Osman,212,187,25,16,4,0.0,203,52.2,-52.2,28,41.1,-11.7,36,48.6,51.8,-3.1,0,,0,,,,1.043,0.918,1.184,,,,,,,0.391,145,87,0.51,0.517,1.014,7,3,,,,,,,0.957,0.583,1.569,0.957,0.983,1.016,,,,Wing,-0.02,,,-0.69,-0.21,Euroleague,2016-17,intl
Artsiom Parakhouski,210,192,18,6,6,83.3,204,63.2,20.1,43,62.8,-1.3,16,50.0,64.9,-14.9,0,,0,,,,1.055,,,,,,,,,0.75,121,99,0.364,0.323,0.889,3,3,,,,,,,0.919,0.627,1.348,0.915,1.049,1.055,,,,Big,0.28,,,1.07,-0.17,Euroleague,2016-17,intl
Nate Wolters,209,189,20,8,0,,164,50.9,,42,51.2,0.4,16,56.2,50.3,5.9,0,,0,,,,0.966,0.715,1.304,,,,,,,0.625,117,109,0.368,0.431,1.173,3,1,,,,,,,1.038,0.598,1.802,0.975,0.689,0.867,,,,Playmaker,-0.39,,,0.13,0.2,Euroleague,2016-17,intl
Deshaun Thomas,205,166,39,19,7,50.0,211,51.9,-1.9,58,37.1,-20.1,18,44.4,52.5,-8.1,0,,0,,,,0.976,0.885,1.076,,,,,,,0.513,118,113,0.542,0.549,1.012,5,6,,,,,,,0.766,0.481,1.22,0.98,1.062,0.985,,,,Wing,-0.38,,,-0.14,-0.8,Euroleague,2016-17,intl
Andrey Vorontsevich,205,175,30,12,6,41.7,186,64.2,-22.6,42,53.6,-12.8,18,30.6,67.0,-36.4,0,,0,,,,0.894,0.728,1.1,,,,,,,0.625,102,122,0.431,0.426,0.988,5,6,,,,,,,0.636,0.357,1.134,1.009,1.179,0.933,,,,Wing,-0.82,,,0.36,-1.21,Euroleague,2016-17,intl
Matt Lojeski,202,185,17,9,8,25.0,165,63.9,-38.9,72,59.7,-4.1,27,61.1,62.3,-1.2,0,,0,,,,1.044,0.827,1.316,,,,,,,0.472,91,124,0.352,0.419,1.193,2,6,,,,,,,0.901,0.523,1.552,1.104,0.972,1.077,,,,Wing,-0.01,,,-0.33,-0.38,Euroleague,2016-17,intl
Marko Guduric,201,173,28,14,10,25.0,154,51.6,-26.6,70,50.0,0.0,17,38.2,51.4,-13.1,0,,0,,,,0.989,0.769,1.272,,,,,,,0.5,86,137,0.395,0.453,1.145,2,8,,,,,,,0.625,0.312,1.251,1.092,1.125,0.991,,,,Wing,-0.31,,,-0.2,-1.25,Euroleague,2016-17,intl
Jamel Mclean,198,190,8,4,7,57.1,146,61.6,-4.5,38,57.9,-4.7,20,50.0,63.2,-13.2,0,,0,,,,1.171,0.89,1.541,,,,,,,0.5,104,98,0.269,0.327,1.213,1,2,,,,,,,0.446,0.137,1.448,1.1,1.063,1.171,,,,Wing,0.67,,,-0.2,-1.81,Euroleague,2016-17,intl
Milan Macvan,197,169,28,13,8,43.8,171,57.3,-13.6,36,63.9,9.0,28,62.5,55.6,6.9,0,,0,,,,1.021,0.846,1.232,,,,,,,0.538,105,115,0.419,0.383,0.913,4,2,,,,,,,1.267,0.902,1.78,1.008,0.92,0.968,,,,Big,0.07,,,0.3,0.76,Euroleague,2016-17,intl
Ioannis Bourousis,196,162,34,15,17,44.1,169,45.9,-1.7,50,48.0,3.1,24,41.7,46.3,-4.6,0,,0,,,,0.788,0.62,1.003,,,,,,,0.567,109,116,0.45,0.517,1.151,5,8,,,,,,,0.959,0.582,1.582,0.957,0.909,0.769,,,,,,,,,,Euroleague,2016-17,intl
Daniel Theis,195,176,19,9,18,75.0,166,66.6,8.4,77,72.1,8.1,19,44.7,70.0,-25.3,0,,0,,,,1.009,0.858,1.188,,,,,,,0.528,80,127,0.388,0.291,0.752,2,4,,,,,,,1.285,1.001,1.649,1.027,,1.021,,,,Wing,-0.2,,,-0.08,0.82,Euroleague,2016-17,intl
Alex Tyus,195,187,8,2,8,62.5,178,69.7,-7.2,57,68.4,-1.3,15,46.7,71.3,-24.7,0,,0,,,,1.075,,,,,,,,,1.0,100,99,0.34,0.232,0.683,1,0,,,,,,,0.884,0.513,1.525,0.954,1.073,1.075,,,,Wing,0.16,,,2.04,-0.43,Euroleague,2016-17,intl
Arturas Milaknis,192,166,26,12,8,87.5,167,56.9,30.6,47,44.7,-18.6,13,38.5,59.9,-21.4,0,,0,,,,0.996,0.835,1.188,,,,,,,0.542,96,109,0.5,0.486,0.972,4,5,,,,,,,0.901,0.528,1.537,0.951,0.878,0.959,,,,Wing,-0.27,,,-0.01,-0.38,Euroleague,2016-17,intl
D.J. Seeley,190,175,15,7,6,50.0,124,54.8,-4.8,33,47.0,-10.2,12,70.8,53.0,17.9,0,,0,,,,1.167,0.842,1.616,,,,,,,0.536,106,93,0.292,0.43,1.471,0,3,,,,,,,1.154,0.65,2.049,1.15,1.561,1.217,,,,Wing,0.65,,,-0.04,0.41,Euroleague,2016-17,intl
Milko Bjelica,189,152,37,14,5,20.0,176,45.2,-25.2,70,43.6,-1.5,28,44.6,44.4,0.2,0,,0,,,,1.085,0.948,1.24,,,,,,,0.661,103,116,0.476,0.491,1.033,3,5,,,,,,,1.384,0.967,1.982,1.162,0.904,1.0,,,,Wing,0.21,,,0.52,1.13,Euroleague,2016-17,intl
Edgaras Ulanovas,188,163,25,10,6,75.0,149,53.4,21.6,43,50.0,-5.8,28,57.1,53.5,3.6,0,,0,,,,0.954,0.736,1.237,,,,,,,0.625,107,97,0.411,0.361,0.877,4,2,,,,,,,1.212,0.806,1.823,1.304,1.123,0.991,,,,Wing,-0.5,,,0.36,0.59,Euroleague,2016-17,intl
Miroslav Raduljica,187,169,18,6,3,66.7,167,52.7,14.0,31,61.3,10.2,16,43.8,53.9,-10.1,0,,0,,,,0.907,0.703,1.169,,,,,,,0.75,105,95,0.419,0.379,0.904,4,1,,,,,,,0.499,0.215,1.156,0.925,0.875,0.912,,,,Big,-0.63,,,1.07,-1.28,Euroleague,2016-17,intl
Yogev Ohayon,186,176,10,8,4,75.0,119,49.6,25.4,33,37.9,-17.1,13,65.4,48.6,16.7,0,,0,,,,0.8,0.426,1.502,,,,,,,0.312,94,100,0.33,0.41,1.243,2,3,,,,,,,0.449,0.077,2.624,1.266,0.523,0.8,,,,Playmaker,-1.19,,,-1.22,-2.01,Euroleague,2016-17,intl
Tornike Shengelia,185,155,30,11,9,50.0,155,60.0,-10.0,32,54.7,-5.9,28,48.2,61.8,-13.6,0,,0,,,,0.909,0.723,1.144,,,,,,,0.682,105,97,0.343,0.381,1.113,5,3,,,,,,,0.822,0.529,1.278,1.118,1.091,0.957,,,,Wing,-0.74,,,0.61,-0.63,Euroleague,2016-17,intl
Othello Hunter,183,177,6,3,9,55.6,158,67.7,-12.2,55,63.6,-5.1,9,33.3,69.0,-35.7,0,,0,,,,1.127,,,,,,,,,0.5,98,90,0.286,0.3,1.05,0,0,,,,,,,1.223,0.842,1.776,1.091,1.127,0.986,,,,Wing,0.44,,,-0.2,0.63,Euroleague,2016-17,intl
Kim Tillie,177,164,13,6,4,25.0,142,66.2,-41.2,35,52.9,-16.1,13,73.1,64.3,8.8,0,,0,,,,1.174,0.984,1.399,,,,,,,0.542,95,88,0.305,0.375,1.228,2,3,,,,,,,0.977,0.593,1.609,1.081,1.259,1.174,,,,Big,1.02,,,0.31,-0.01,Euroleague,2016-17,intl
Gal Mekel,173,173,0,2,2,50.0,87,49.4,0.6,28,48.2,-1.8,6,0.0,53.0,-53.0,0,,0,,,,,,,,,,,,,0.0,100,75,0.23,0.36,1.565,0,1,,,,,,,,,,1.117,,,,,,Wing,,,,-2.44,,Euroleague,2016-17,intl
Chase Budinger,173,154,19,8,4,100.0,146,57.2,42.8,38,46.1,-16.4,8,31.2,59.9,-28.6,0,,0,,,,0.965,0.756,1.231,,,,,,,0.594,85,97,0.412,0.381,0.926,3,2,,,,,,,1.254,0.846,1.858,0.879,1.218,0.978,,,,Wing,-0.44,,,0.22,0.73,Euroleague,2016-17,intl
Austin Daye,170,147,23,12,5,0.0,161,56.2,-56.2,31,22.6,-39.3,21,42.9,56.2,-13.3,0,,0,,,,1.082,0.937,1.25,,,,,,,0.479,102,89,0.402,0.573,1.426,3,6,,,,,,,0.537,0.268,1.077,0.88,1.064,1.101,,,,Big,0.45,,,0.09,-1.18,Euroleague,2016-17,intl
Kyle Hines,166,158,8,2,5,60.0,141,73.0,-13.0,24,79.2,7.9,19,57.9,74.8,-16.9,0,,0,,,,0.865,0.577,1.296,,,,,,,1.0,93,77,0.269,0.195,0.725,2,0,,,,,,,1.142,0.787,1.656,1.087,,0.807,,,,Wing,-0.97,,,2.04,0.37,Euroleague,2016-17,intl
Colton Iverson,165,154,11,3,3,33.3,146,66.4,-33.1,23,73.9,9.6,12,25.0,69.3,-44.3,0,,0,,,,1.141,,,,,,,,,0.917,105,63,0.343,0.238,0.694,3,0,,,,,,,0.809,0.466,1.405,0.91,1.131,1.141,,,,Big,0.81,,,1.67,-0.46,Euroleague,2016-17,intl
Nikita Kurbanov,163,154,9,6,3,100.0,123,52.8,47.2,24,43.8,-12.6,16,50.0,54.5,-4.5,0,,0,,,,0.909,0.567,1.456,,,,,,,0.375,109,61,0.339,0.475,1.401,1,1,,,,,,,1.009,0.444,2.294,1.019,,0.954,,,,Wing,-0.74,,,-0.76,-0.04,Euroleague,2016-17,intl
Aleksandar Vezenkov,163,148,15,6,6,91.7,132,70.8,20.8,39,76.9,7.2,20,67.5,72.5,-5.0,0,,0,,,,0.904,0.66,1.239,,,,,,,0.625,96,74,0.354,0.297,0.839,3,0,,,,,,,1.212,0.82,1.791,1.052,,0.925,,,,,,,,,,Euroleague,2016-17,intl
Khem Birch,161,155,6,5,6,66.7,144,68.8,-2.1,28,78.6,12.2,16,50.0,70.9,-20.9,0,,0,,,,0.923,0.643,1.324,,,,,,,0.3,101,65,0.297,0.262,0.881,2,2,,,,,,,1.143,0.728,1.795,1.058,1.11,0.923,,,,Big,-0.53,,,-0.56,0.43,Euroleague,2016-17,intl
Victor Khryapa,161,152,9,7,4,37.5,112,42.0,-4.5,25,52.0,13.0,11,31.8,42.9,-11.0,0,,0,,,,1.159,0.803,1.672,,,,,,,0.321,97,73,0.402,0.438,1.09,2,2,,,,,,,0.694,0.21,2.29,1.223,1.482,0.936,,,,,,,,,,Euroleague,2016-17,intl
Dairis Bertans,159,146,13,6,6,16.7,118,66.5,-49.9,24,58.3,-7.2,22,36.4,70.1,-33.7,0,,0,,,,1.05,0.767,1.436,,,,,,,0.542,91,76,0.418,0.303,0.725,3,1,,,,,,,0.922,0.485,1.756,1.103,1.364,1.092,,,,Wing,0.02,,,-0.01,-0.32,Euroleague,2016-17,intl
Tibor Pleiss,154,148,6,5,3,66.7,143,60.1,6.5,22,54.5,-6.7,17,67.6,59.3,8.3,0,,0,,,,0.54,0.242,1.204,,,,,,,0.3,98,62,0.367,0.371,1.01,2,0,,,,,,,0.531,0.107,2.645,0.838,1.097,0.617,,,,Big,-2.89,,,-0.56,-1.19,Euroleague,2016-17,intl
Vitaly Fridzon,153,150,3,4,2,50.0,128,63.7,-13.7,42,57.1,-9.3,16,56.2,64.5,-8.2,0,,0,,,,0.806,0.361,1.801,,,,,,,0.188,80,77,0.325,0.442,1.359,0,1,,,,,,,0.899,0.223,3.625,0.959,1.203,0.806,,,,,,,,,,Euroleague,2016-17,intl
Latavious Williams,153,149,4,3,11,63.6,128,63.3,0.4,39,71.8,11.8,10,30.0,65.9,-35.9,0,,0,,,,1.129,,,,,,,,,0.333,75,81,0.28,0.37,1.323,1,1,,,,,,,0.379,0.069,2.08,0.967,1.126,1.129,,,,Wing,0.45,,,-0.95,-2.02,Euroleague,2016-17,intl
Ioannis Papapetrou,152,145,7,12,4,100.0,146,47.9,52.1,59,54.2,8.1,29,43.1,50.8,-7.7,0,,0,,,,1.107,,,,,,,,,0.146,64,100,0.547,0.54,0.987,1,4,,,,,,,1.337,0.683,2.616,0.98,1.096,1.107,,,,Wing,0.33,,,-1.79,0.99,Euroleague,2016-17,intl
Nikos Pappas,149,136,13,9,8,50.0,110,49.5,0.5,39,47.4,-3.2,20,55.0,48.5,6.5,0,,0,,,,1.057,0.771,1.448,,,,,,,0.361,85,73,0.388,0.452,1.164,1,4,,,,,,,0.632,0.24,1.666,1.099,0.897,1.057,,,,Wing,0.06,,,-0.82,-1.23,Euroleague,2016-17,intl
Jon Diebler,149,143,6,6,3,83.3,115,72.2,11.2,26,92.3,25.5,17,55.9,75.2,-19.4,0,,0,,,,0.899,0.507,1.597,,,,,,,0.25,91,67,0.352,0.373,1.061,2,1,,,,,,,0.449,0.082,2.473,1.112,,1.012,,,,Wing,-0.79,,,-1.32,-1.8,Euroleague,2016-17,intl
Stratos Perperoglou,147,116,31,15,6,16.7,131,46.9,-30.3,25,42.0,-4.4,18,27.8,48.3,-20.5,0,,0,,,,1.017,0.836,1.237,,,,,,,0.517,92,79,0.533,0.443,0.832,6,5,,,,,,,1.227,0.758,1.984,0.941,0.891,0.987,,,,Wing,-0.16,,,-0.12,0.64,Euroleague,2016-17,intl
Brad Oleson,145,140,5,3,1,0.0,99,60.6,-60.6,28,57.1,-4.0,17,44.1,63.3,-19.1,0,,0,,,,1.522,,,,,,,,,0.417,73,75,0.301,0.373,1.239,0,0,,,,,,,1.2,0.57,2.526,0.982,1.495,1.522,,,,Wing,2.56,,,-0.57,0.56,Euroleague,2016-17,intl
Jonas Maciulis,142,138,4,1,2,0.0,115,69.6,-69.6,6,41.7,-28.2,9,27.8,71.8,-44.0,0,,0,,,,0.605,0.226,1.617,,,,,,,1.0,79,64,0.304,0.469,1.543,0,0,,,,,,,,,,0.868,0.403,0.605,,,,Wing,-2.38,,,2.04,,Euroleague,2016-17,intl
Victor Claver,139,123,16,9,3,33.3,114,58.3,-25.0,29,48.3,-12.5,19,36.8,61.7,-24.9,0,,0,,,,1.075,0.832,1.388,,,,,,,0.444,64,86,0.375,0.43,1.147,1,3,,,,,,,1.043,0.608,1.791,1.034,1.3,1.102,,,,Big,0.41,,,-0.04,0.16,Euroleague,2016-17,intl
Andrea Cinciarini,137,123,14,5,5,70.0,93,49.5,20.5,32,60.9,15.5,6,33.3,51.6,-18.3,0,,0,,,,1.289,0.947,1.753,,,,,,,0.7,76,75,0.303,0.387,1.278,2,2,,,,,,,1.558,1.008,2.408,1.408,,1.23,,,,Playmaker,1.18,,,0.46,2.15,Euroleague,2016-17,intl
Leon Radosevic,135,135,0,3,3,33.3,117,60.7,-27.4,15,60.0,0.0,17,35.3,64.1,-28.8,0,,0,,,,,,,,,,,,,0.0,85,53,0.4,0.264,0.66,0,0,,,,,,,,,,0.997,,,,,,Wing,,,,-2.44,,Euroleague,2016-17,intl
James Augustine,135,135,0,1,9,88.9,112,72.8,16.1,37,68.9,-7.3,8,75.0,73.9,1.1,0,,0,,,,,,,,,,,,,0.0,62,74,0.242,0.23,0.95,0,1,,,,,,,,,,1.132,,,,,,Big,,,,-1.64,,Euroleague,2016-17,intl
Brandon Paul,134,107,27,12,7,57.1,133,54.5,2.6,36,66.7,16.2,16,37.5,56.9,-19.4,0,,0,,,,1.096,0.99,1.214,,,,,,,0.562,78,77,0.59,0.481,0.815,3,4,,,,,,,1.446,0.929,2.25,0.977,1.111,1.057,,,,Wing,0.27,,,0.08,1.33,Euroleague,2016-17,intl
Maodo Lo,134,126,8,5,2,75.0,105,61.0,14.0,22,40.9,-25.6,10,30.0,64.4,-34.4,0,,0,,,,0.812,0.471,1.4,,,,,,,0.4,78,63,0.333,0.413,1.238,1,1,,,,,,,1.141,0.544,2.392,0.81,0.985,0.775,,,,Wing,-1.26,,,-0.65,0.37,Euroleague,2016-17,intl
Jaka Blazic,133,112,21,10,5,80.0,129,51.2,28.8,44,42.0,-15.2,16,62.5,50.8,11.7,0,,0,,,,1.046,0.935,1.17,,,,,,,0.525,79,66,0.481,0.576,1.197,2,4,,,,,,,1.062,0.655,1.724,1.056,0.809,1.05,,,,Wing,0.0,,,-0.09,0.12,Euroleague,2016-17,intl
Alessandro Gentile,132,113,19,9,6,33.3,112,45.5,-12.2,19,31.6,-15.9,12,58.3,43.4,14.9,0,,0,,,,1.256,,,,,,,,,0.528,96,47,0.417,0.574,1.379,5,2,,,,,,,1.015,0.602,1.712,1.207,1.221,1.144,,,,Wing,1.13,,,-0.08,-0.02,Euroleague,2016-17,intl
Luka Mitrovic,132,125,7,6,1,0.0,99,51.0,-51.0,10,45.0,-6.1,17,38.2,53.0,-14.8,0,,0,,,,1.003,0.62,1.624,,,,,,,0.292,89,49,0.315,0.469,1.492,2,0,,,,,,,0.757,0.254,2.256,1.356,0.693,1.003,,,,Wing,-0.23,,,-1.13,-0.83,Euroleague,2016-17,intl
Zoran Dragic,128,104,24,11,3,66.7,126,53.2,13.5,19,50.0,-4.1,10,55.0,53.4,1.6,0,,0,,,,0.922,0.763,1.114,,,,,,,0.545,78,66,0.487,0.455,0.933,4,3,,,,,,,1.389,0.943,2.045,1.068,0.875,0.909,,,,Wing,-0.67,,,0.0,1.15,Euroleague,2016-17,intl
Pavel Antipov,125,119,6,4,4,87.5,106,67.5,20.0,28,67.9,-0.4,16,46.9,71.8,-24.9,0,,0,,,,1.19,,,,,,,,,0.375,62,67,0.403,0.433,1.073,1,0,,,,,,,0.617,0.196,1.942,1.001,1.181,1.19,,,,Wing,0.78,,,-0.76,-1.27,Euroleague,2016-17,intl
Sylven Landesberg,124,108,16,6,4,62.5,114,57.9,4.6,33,57.6,-0.7,18,27.8,63.5,-35.7,0,,0,,,,1.125,,,,,,,,,0.667,67,63,0.493,0.46,0.935,2,5,,,,,,,0.735,0.379,1.425,0.988,1.11,1.125,,,,Wing,0.43,,,0.55,-0.9,Euroleague,2016-17,intl
Pero Antic,122,113,9,8,1,0.0,107,47.2,-47.2,18,61.1,17.2,12,33.3,48.4,-15.1,0,,0,,,,1.242,,,,,,,,,0.281,75,55,0.547,0.545,0.998,1,3,,,,,,,0.578,0.166,2.016,1.31,1.222,1.242,,,,Big,1.44,,,-0.63,-1.07,Euroleague,2016-17,intl
James Nunnally,120,107,13,7,5,70.0,89,51.7,18.3,17,61.8,11.1,16,59.4,51.3,8.1,0,,0,,,,0.625,0.344,1.137,,,,,,,0.464,67,65,0.478,0.354,0.741,2,1,,,,,,,1.197,0.516,2.777,0.651,0.343,0.598,,,,Wing,-2.27,,,-0.36,0.55,Euroleague,2016-17,intl
Felipe Reyes,119,112,7,3,2,100.0,100,52.0,48.0,7,71.4,19.8,7,57.1,52.6,4.5,0,,0,,,,1.055,0.77,1.446,,,,,,,0.583,72,52,0.431,0.365,0.849,2,1,,,,,,,0.989,0.433,2.258,0.986,,1.094,,,,Wing,0.05,,,0.17,-0.11,Euroleague,2016-17,intl
Nikola Milutinov,118,116,2,4,1,100.0,100,61.0,39.0,12,75.0,15.4,16,43.8,64.7,-21.0,0,,0,,,,1.221,,,,,,,,,0.125,78,44,0.321,0.318,0.993,0,0,,,,,,,1.583,,,0.928,,1.221,,,,Big,1.31,,,-1.19,1.6,Euroleague,2016-17,intl
Nemanja Dangubic,115,100,15,11,2,75.0,109,48.2,26.8,15,30.0,-21.6,18,30.6,52.2,-21.6,0,,0,,,,1.008,0.814,1.248,,,,,,,0.341,72,55,0.458,0.582,1.269,2,2,,,,,,,0.848,0.41,1.752,1.135,1.152,1.017,,,,Wing,-0.2,,,-0.91,-0.55,Euroleague,2016-17,intl
Trey Thompkins,114,107,7,6,5,20.0,110,63.2,-43.2,41,62.2,1.4,13,42.3,63.7,-21.4,0,,0,,,,0.89,0.657,1.208,,,,,,,0.292,60,60,0.5,0.483,0.967,0,2,,,,,,,0.66,0.21,2.08,0.983,1.045,0.89,,,,Big,-0.73,,,-0.59,-0.85,Euroleague,2016-17,intl
Augusto Lima,113,112,1,2,2,0.0,90,64.4,-64.4,15,53.3,-11.6,5,40.0,64.4,-24.4,0,,0,,,,1.258,,,,,,,,,0.125,61,54,0.262,0.333,1.271,0,1,,,,,,,,,,1.311,,1.258,,,,Big,1.54,,,-1.19,,Euroleague,2016-17,intl
Demetris Nichols,112,99,13,7,5,30.0,104,51.0,-21.0,21,59.5,11.8,11,27.3,52.6,-25.3,0,,0,,,,1.038,0.875,1.233,,,,,,,0.464,67,54,0.522,0.519,0.993,1,3,,,,,,,1.63,1.016,2.614,1.054,1.114,1.05,,,,Wing,-0.04,,,-0.36,1.91,Euroleague,2016-17,intl
Davide Pascolo,112,106,6,2,3,33.3,98,61.7,-28.4,43,59.3,-2.8,8,12.5,65.1,-52.6,0,,0,,,,1.165,,,,,,,,,0.75,48,68,0.354,0.353,0.997,0,2,,,,,,,0.827,0.365,1.873,1.112,1.155,1.165,,,,Wing,0.64,,,0.92,-0.61,Euroleague,2016-17,intl
Emir Preldzic,111,97,14,8,1,0.0,80,49.4,-49.4,31,43.5,-8.5,6,25.0,50.7,-25.7,0,,0,,,,0.77,0.447,1.326,,,,,,,0.438,52,71,0.385,0.408,1.062,1,2,,,,,,,1.385,0.684,2.805,1.302,1.532,0.866,,,,Wing,-1.49,,,-0.48,1.14,Euroleague,2016-17,intl
Ante Zizic,110,106,4,1,4,100.0,103,66.0,34.0,19,89.5,27.0,6,66.7,67.3,-0.7,0,,0,,,,0.787,0.446,1.388,,,,,,,1.0,65,48,0.369,0.229,0.621,0,0,,,,,,,0.976,0.434,2.196,0.829,,0.875,,,,Big,-1.37,,,1.97,-0.01,Euroleague,2016-17,intl
Jeffery Taylor,109,107,2,4,2,0.0,95,63.2,-63.2,13,65.4,4.1,9,61.1,61.9,-0.8,0,,0,,,,0.582,0.145,2.33,,,,,,,0.125,56,57,0.375,0.456,1.216,0,1,,,,,,,,,,0.965,,0.582,,,,Wing,-2.5,,,-1.88,,Euroleague,2016-17,intl
Goksenin Koksal,106,95,11,5,3,116.7,82,48.8,67.9,24,50.0,-1.6,9,77.8,48.0,29.8,0,,0,,,,0.96,0.657,1.402,,,,,,,0.55,66,45,0.47,0.4,0.852,3,2,,,,,,,1.452,0.798,2.642,0.87,,0.96,,,,Wing,-0.46,,,0.02,1.35,Euroleague,2016-17,intl
Dominic Waters,105,105,0,1,0,,68,54.4,,19,39.5,-20.7,8,62.5,53.3,9.2,0,,0,,,,,,,,,,,,,0.0,60,46,0.233,0.435,1.863,0,0,,,,,,,,,,0.795,,,,,,Playmaker,,,,-2.56,,Euroleague,2016-17,intl
Dontaye Draper,105,103,2,4,2,0.0,66,50.0,-50.0,16,50.0,1.9,12,37.5,50.9,-13.4,0,,0,,,,1.661,,,,,,,,,0.125,70,39,0.329,0.462,1.405,1,0,,,,,,,,,,1.661,,1.661,,,,Playmaker,2.99,,,-2.02,,Euroleague,2016-17,intl
Kostas Kaimakoglou,104,91,13,7,2,75.0,82,45.7,29.3,12,75.0,33.3,15,16.7,52.9,-36.2,0,,0,,,,1.312,1.068,1.613,,,,,,,0.464,62,54,0.532,0.333,0.626,3,1,,,,,,,1.026,0.493,2.133,1.177,1.419,1.241,,,,Wing,1.43,,,-0.36,0.01,Euroleague,2016-17,intl
Branko Lazic,104,96,8,6,3,33.3,99,59.1,-25.8,26,46.2,-16.3,19,50.0,60.2,-10.2,0,,0,,,,1.103,,,,,,,,,0.333,53,58,0.472,0.483,1.023,1,1,,,,,,,0.967,0.47,1.99,1.037,1.095,1.103,,,,Wing,0.31,,,-0.95,-0.17,Euroleague,2016-17,intl
Guy Pnini,103,100,3,4,2,0.0,71,47.2,-47.2,20,42.5,-4.7,8,37.5,46.9,-9.4,0,,0,,,,1.515,,,,,,,,,0.188,58,49,0.414,0.449,1.085,1,0,,,,,,,0.846,0.166,4.31,1.086,,1.515,,,,Wing,2.53,,,-1.6,-0.55,Euroleague,2016-17,intl
James Gist,101,93,8,3,10,55.0,82,59.8,-4.8,30,68.3,13.5,13,53.8,60.1,-6.3,0,,0,,,,1.177,,,,,,,,,0.667,47,59,0.383,0.356,0.929,1,1,,,,,,,0.84,0.411,1.72,1.165,1.165,1.182,,,,Wing,0.71,,,0.55,-0.57,Euroleague,2016-17,intl
Juan Carlos Navarro,100,80,20,12,6,83.3,84,39.3,44.0,18,58.3,20.1,8,18.8,44.5,-25.8,0,,0,,,,0.918,0.672,1.254,,,,,,,0.417,61,59,0.525,0.475,0.905,5,2,,,,,,,1.937,1.066,3.517,0.988,1.04,0.864,,,,Wing,-0.69,,,-0.57,2.87,Euroleague,2016-17,intl
Antanas Kavaliauskas,98,98,0,0,0,,86,73.3,,12,75.0,2.0,5,60.0,74.1,-14.1,0,,0,,,,,,,,,,,,,,55,43,0.255,0.209,0.822,0,0,,,,,,,,,,0.916,,,,,,Big,,,,,,Euroleague,2016-17,intl
Rafa Luz,98,98,0,0,1,100.0,50,65.0,35.0,16,75.0,13.6,8,68.8,65.1,3.6,0,,0,,,,,,,,,,,,,,54,44,0.222,0.227,1.023,0,0,,,,,,,,,,2.093,,,,,,Wing,,,,,,Euroleague,2016-17,intl
Ilimane Diop,97,97,0,0,1,100.0,84,59.5,40.5,16,56.2,-4.6,12,58.3,60.3,-1.9,0,,0,,,,,,,,,,,,,,61,36,0.361,0.333,0.924,0,0,,,,,,,,,,1.149,,,,,,Big,,,,,,Euroleague,2016-17,intl
Deon Thompson,96,90,6,3,1,0.0,83,56.6,-56.6,21,47.6,-11.1,15,53.3,56.5,-3.2,0,,0,,,,0.987,0.683,1.427,,,,,,,0.5,51,50,0.333,0.4,1.2,2,0,,,,,,,1.414,0.875,2.286,1.019,,0.74,,,,Wing,-0.32,,,-0.2,1.23,Euroleague,2016-17,intl
Bruno Fitipaldo,96,90,6,3,3,83.3,58,59.5,23.9,12,75.0,17.9,9,44.4,63.5,-19.0,0,,0,,,,0.818,0.361,1.852,,,,,,,0.5,55,44,0.364,0.273,0.75,2,0,,,,,,,1.358,0.584,3.159,0.767,,0.818,,,,Playmaker,-1.1,,,-0.41,1.4,Euroleague,2016-17,intl
Justin Doellman,94,82,12,6,5,90.0,81,55.6,34.4,11,68.2,12.2,13,34.6,61.6,-27.0,0,,0,,,,1.122,0.919,1.369,,,,,,,0.5,55,49,0.4,0.449,1.122,2,1,,,,,,,1.044,0.581,1.876,1.185,0.598,1.064,,,,Wing,0.41,,,-0.2,0.07,Euroleague,2016-17,intl
Renaldas Seibutis,93,87,6,3,2,50.0,63,42.1,7.9,12,45.8,4.3,12,37.5,43.4,-5.9,0,,0,,,,1.272,0.862,1.877,,,,,,,0.5,53,43,0.472,0.349,0.74,1,0,,,,,,,0.991,0.324,3.035,1.161,,1.272,,,,Wing,1.22,,,-0.2,-0.1,Euroleague,2016-17,intl
Anton Ponkrashov,93,88,5,2,1,0.0,58,52.6,-52.6,14,60.7,11.8,8,25.0,55.9,-30.9,0,,0,,,,1.015,0.486,2.121,,,,,,,0.625,53,45,0.34,0.333,0.981,1,1,,,,,,,1.444,0.616,3.387,1.64,0.821,1.209,,,,Wing,-0.17,,,0.36,1.32,Euroleague,2016-17,intl
Kenny Gabriel,93,86,7,5,0,,90,58.9,,17,67.6,10.8,12,50.0,60.3,-10.3,0,,0,,,,1.089,,,,,,,,,0.35,53,45,0.453,0.511,1.129,0,2,,,,,,,0.846,0.35,2.046,1.044,1.092,1.089,,,,Wing,0.23,,,-0.87,-0.55,Euroleague,2016-17,intl
Andrea Bargnani,91,73,18,9,4,25.0,101,51.0,-26.0,20,30.0,-24.7,25,38.0,53.8,-15.8,0,,0,,,,0.914,0.773,1.081,,,,,,,0.5,59,50,0.475,0.56,1.18,5,4,,,,,,,0.683,0.35,1.33,0.964,1.043,0.942,,,,Big,-0.58,,,0.16,-0.79,Euroleague,2016-17,intl
Paul Stoll,90,90,0,2,1,0.0,47,47.9,-47.9,10,15.0,-40.3,5,0.0,52.3,-52.3,0,,0,,,,,,,,,,,,,0.0,53,39,0.34,0.359,1.057,0,1,,,,,,,,,,1.173,,,,,,Playmaker,,,,-2.56,,Euroleague,2016-17,intl
Luke Harangody,87,85,2,2,5,80.0,73,65.1,14.9,14,82.1,19.6,15,70.0,65.1,4.9,0,,0,,,,1.149,,,,,,,,,0.25,53,36,0.377,0.417,1.104,0,0,,,,,,,0.881,0.217,3.573,1.177,,1.149,,,,Wing,0.55,,,-1.32,-0.44,Euroleague,2016-17,intl
Awudu Abass,86,81,5,4,4,0.0,74,56.8,-56.8,21,61.9,11.0,7,14.3,57.7,-43.5,0,,0,,,,1.174,,,,,,,,,0.312,39,51,0.462,0.51,1.105,0,1,,,,,,,0.863,0.286,2.599,1.139,,1.174,,,,Wing,0.69,,,-1.04,-0.5,Euroleague,2016-17,intl
Coty Clarke,85,72,13,5,6,50.0,70,44.3,5.7,24,43.8,-1.4,14,10.7,52.4,-41.7,0,,0,,,,1.069,0.824,1.387,,,,,,,0.65,44,49,0.545,0.449,0.823,3,3,,,,,,,0.797,0.347,1.831,0.82,0.983,1.105,,,,Wing,0.12,,,0.47,-0.71,Euroleague,2016-17,intl
Orlando Johnson,85,76,9,5,6,41.7,82,55.5,-13.8,23,56.5,2.7,17,58.8,53.5,5.3,0,,0,,,,0.951,0.75,1.208,,,,,,,0.45,47,48,0.532,0.479,0.901,2,1,,,,,,,,,,0.85,0.944,0.907,,,,Wing,-0.51,,,-0.42,,Euroleague,2016-17,intl
Marko Banic,85,85,0,1,2,100.0,75,65.3,34.7,11,72.7,7.6,16,50.0,70.5,-20.5,0,,0,,,,,,,,,,,,,0.0,47,39,0.319,0.282,0.884,0,0,,,,,,,,,,1.13,,,,,,Wing,,,,-2.44,,Euroleague,2016-17,intl
Vadim Panin,84,80,4,1,1,0.0,58,62.1,-62.1,7,57.1,-4.4,6,16.7,66.0,-49.4,0,,0,,,,1.481,,,,,,,,,1.0,51,34,0.353,0.412,1.167,1,0,,,,,,,1.08,0.389,2.999,1.286,,1.481,,,,Wing,2.34,,,2.04,0.18,Euroleague,2016-17,intl
Birkan Batuk,82,82,0,4,6,16.7,67,56.0,-39.3,26,53.8,1.7,11,63.6,50.8,12.8,0,,0,,,,,,,,,,,,,0.0,48,38,0.479,0.526,1.098,0,1,,,,,,,,,,1.218,,,,,,Wing,,,,-2.44,,Euroleague,2016-17,intl
Alex Renfroe,82,74,8,3,1,150.0,57,50.0,100.0,19,60.5,13.1,12,54.2,51.1,3.1,0,,0,,,,0.944,0.539,1.654,,,,,,,0.667,39,47,0.41,0.383,0.934,0,2,,,,,,,0.933,0.304,2.864,1.135,1.125,1.007,,,,Playmaker,-0.49,,,0.31,-0.2,Euroleague,2016-17,intl
Patrick Heckmann,80,79,1,1,1,0.0,58,63.8,-63.8,14,28.6,-44.8,12,62.5,62.8,-0.3,0,,0,,,,1.386,,,,,,,,,0.25,47,34,0.319,0.441,1.382,0,0,,,,,,,,,,0.92,,1.386,,,,Wing,1.83,,,-1.32,,Euroleague,2016-17,intl
Dmitry Kulagin,78,70,8,5,0,,67,44.0,,19,34.2,-13.7,7,42.9,44.2,-1.3,0,,0,,,,0.477,0.193,1.177,,,,,,,0.4,43,45,0.512,0.444,0.869,3,1,,,,,,,,,,0.664,,0.644,,,,Wing,-3.06,,,-0.65,,Euroleague,2016-17,intl
James William Nunnally,78,69,9,3,1,150.0,54,64.8,85.2,15,76.7,14.2,4,112.5,62.7,49.8,0,,0,,,,1.0,0.612,1.634,,,,,,,0.75,40,41,0.325,0.268,0.826,1,1,,,,,,,1.474,0.951,2.286,0.674,0.987,1.0,,,,,,,,,,Euroleague,2016-17,intl
Dogus Balbay,77,75,2,2,3,66.7,51,48.0,18.6,13,34.6,-19.0,11,31.8,53.5,-21.7,0,,0,,,,1.5,,,,,,,,,0.25,46,33,0.37,0.424,1.148,0,2,,,,,,,1.136,0.274,4.705,1.363,,1.5,,,,Playmaker,2.21,,,-1.49,0.57,Euroleague,2016-17,intl
Dimitrios Agravanis,76,69,7,7,4,62.5,77,42.9,19.6,23,56.5,17.7,13,38.5,44.9,-6.4,0,,0,,,,1.03,,,,,,,,,0.25,47,37,0.681,0.514,0.754,1,0,,,,,,,1.595,0.779,3.268,0.999,1.039,1.03,,,,Big,0.13,,,-0.74,1.63,Euroleague,2016-17,intl
Justin Dentmon,75,59,16,6,4,37.5,71,57.0,-19.5,15,70.0,17.5,11,27.3,60.9,-33.7,0,,0,,,,0.978,0.753,1.271,,,,,,,0.667,52,37,0.481,0.459,0.956,4,3,,,,,,,0.983,0.509,1.899,1.028,0.465,0.963,,,,Playmaker,-0.33,,,0.31,-0.01,Euroleague,2016-17,intl
Evgeny Voronov,75,66,9,6,3,33.3,67,39.6,-6.2,24,31.2,-12.2,13,42.3,38.6,3.7,0,,0,,,,1.048,0.814,1.349,,,,,,,0.375,36,45,0.556,0.556,1.0,1,2,,,,,,,0.609,0.176,2.105,1.103,0.769,1.048,,,,Wing,0.01,,,-0.76,-1.3,Euroleague,2016-17,intl
Melih Mahmutoglu,71,63,8,4,1,150.0,60,58.3,91.7,20,65.0,7.7,12,50.0,62.2,-12.2,0,,0,,,,0.945,0.621,1.437,,,,,,,0.5,36,40,0.444,0.475,1.069,2,2,,,,,,,1.087,0.462,2.555,1.23,1.263,0.98,,,,Wing,-0.54,,,-0.2,0.2,Euroleague,2016-17,intl
Joey Dorsey,69,65,4,2,1,100.0,56,58.9,41.1,13,53.8,-7.5,8,62.5,59.2,3.3,0,,0,,,,0.938,0.526,1.672,,,,,,,0.5,39,32,0.308,0.344,1.117,0,1,,,,,,,1.118,0.487,2.567,1.119,0.827,0.938,,,,Wing,-0.58,,,-0.2,0.3,Euroleague,2016-17,intl
Bryce Cotton,68,54,14,5,9,33.3,57,56.1,-22.8,17,52.9,-0.1,4,25.0,54.8,-29.8,0,,0,,,,1.029,0.805,1.314,,,,,,,0.7,34,45,0.441,0.489,1.108,2,3,,,,,,,0.893,0.427,1.869,1.125,0.795,0.937,,,,Playmaker,-0.08,,,0.46,-0.34,Euroleague,2016-17,intl
Nicolas Laprovittola,67,58,9,4,0,,45,36.7,,15,13.3,-35.0,6,16.7,39.7,-23.1,0,,0,,,,0.552,0.214,1.424,,,,,,,0.562,18,57,0.444,0.421,0.947,0,2,,,,,,,,,,0.909,,0.69,,,,Playmaker,-2.4,,,-0.14,,Euroleague,2016-17,intl
Maik Zirbes,66,66,0,1,0,,62,72.6,,14,71.4,-1.5,3,33.3,74.6,-41.2,0,,0,,,,,,,,,,,,,0.0,42,25,0.31,0.16,0.517,0,0,,,,,,,,,,1.098,,,,,,Big,,,,-1.64,,Euroleague,2016-17,intl
Jerel Mcneal,62,57,5,3,2,75.0,46,53.3,21.7,14,57.1,4.2,4,50.0,54.5,-4.5,0,,0,,,,1.169,0.729,1.875,,,,,,,0.417,33,34,0.333,0.441,1.324,0,1,,,,,,,1.026,0.366,2.879,1.5,1.071,1.253,,,,Wing,0.66,,,-0.57,0.01,Euroleague,2016-17,intl
Daniel Hackett,60,53,7,4,1,100.0,46,39.1,60.9,10,35.0,-6.9,9,50.0,38.2,11.8,0,,0,,,,1.228,0.865,1.743,,,,,,,0.438,32,32,0.438,0.5,1.143,1,1,,,,,,,1.321,0.537,3.252,1.025,,1.228,,,,Playmaker,0.89,,,-0.67,1.26,Euroleague,2016-17,intl
Patric Young,58,58,0,1,2,50.0,53,52.8,-2.8,13,30.8,-28.8,9,55.6,52.2,3.4,0,,0,,,,,,,,,,,,,0.0,34,25,0.353,0.56,1.587,0,0,,,,,,,,,,1.078,,,,,,Big,,,,-1.64,,Euroleague,2016-17,intl
Lucca Staiger,53,52,1,1,0,,50,74.0,,15,110.0,51.4,5,90.0,72.2,17.8,0,,0,,,,1.083,,,,,,,,,0.25,30,24,0.567,0.333,0.588,1,0,,,,,,,2.0,,,1.089,,1.083,,,,Wing,0.2,,,-1.32,3.07,Euroleague,2016-17,intl
Marcus Eriksson,53,47,6,4,2,0.0,47,46.8,-46.8,19,44.7,-0.3,11,50.0,43.4,6.6,0,,0,,,,0.764,0.429,1.36,,,,,,,0.375,28,29,0.679,0.483,0.711,1,1,,,,,,,0.732,0.127,4.212,1.046,0.752,0.764,,,,Wing,-1.52,,,-0.76,-0.91,Euroleague,2016-17,intl
Semen Antonov,52,51,1,1,1,150.0,43,64.0,86.0,9,83.3,21.9,7,57.1,67.6,-10.4,0,,0,,,,1.214,,,,,,,,,0.25,23,30,0.435,0.4,0.92,0,1,,,,,,,2.0,,,1.231,,1.214,,,,Wing,0.9,,,-1.32,3.07,Euroleague,2016-17,intl
Joe Alexander,50,46,4,1,5,90.0,41,58.5,31.5,11,63.6,2.2,4,100.0,58.3,41.7,0,,0,,,,1.122,,,,,,,,,1.0,26,26,0.462,0.346,0.75,1,0,,,,,,,1.464,0.772,2.776,1.143,,0.898,,,,Wing,0.41,,,2.04,1.38,Euroleague,2016-17,intl
Antonis Fotsis,49,47,2,2,3,50.0,43,50.0,0.0,11,50.0,0.0,6,41.7,51.2,-9.6,0,,0,,,,1.119,,,,,,,,,0.25,27,24,0.519,0.583,1.125,1,1,,,,,,,,,,1.147,1.114,1.119,,,,Wing,0.39,,,-1.32,,Euroleague,2016-17,intl
Vitor Faverani,45,37,8,3,1,100.0,43,57.0,43.0,10,70.0,15.6,3,33.3,59.8,-26.4,0,,0,,,,0.981,0.738,1.304,,,,,,,0.667,25,25,0.44,0.32,0.727,1,0,,,,,,,1.941,,,1.179,,0.9,,,,Big,-0.17,,,0.77,2.54,Euroleague,2016-17,intl
Alexey Shved,618,469,149,40,32,46.9,555,50.0,-3.1,149,48.3,-2.0,63,27.8,52.5,-24.7,0,,0,,,,1.176,1.072,1.29,,,,,,,0.931,377,398,0.406,0.49,1.207,17,27,,,,,,,0.812,0.63,1.045,1.187,1.161,1.131,,,,Playmaker,0.71,,,1.59,-0.35,Euroleague,2017-18,intl
Nick Calathes,570,506,64,19,33,57.6,345,51.6,6.0,86,51.2,-1.2,54,40.7,54.0,-13.3,0,,0,,,,0.988,0.792,1.234,,,,,,,0.842,298,330,0.315,0.315,0.999,11,8,,,,,,,0.907,0.628,1.309,1.051,1.299,1.045,,,,Playmaker,-0.27,,,1.13,-0.07,Euroleague,2017-18,intl
Kevin Pangos,494,427,67,20,28,64.3,316,58.7,5.6,105,62.4,4.6,42,44.0,61.3,-17.2,0,,0,,,,0.844,0.668,1.065,,,,,,,0.838,258,292,0.329,0.318,0.967,10,11,,,,,,,0.911,0.633,1.311,1.112,1.007,0.842,,,,Playmaker,-1.01,,,1.1,-0.06,Euroleague,2017-18,intl
Sergio Rodriguez,488,438,50,16,12,58.3,336,62.5,-4.2,89,73.6,15.1,51,51.0,64.3,-13.3,0,,0,,,,1.153,0.965,1.379,,,,,,,0.781,268,258,0.317,0.357,1.124,6,11,,,,,,,0.77,0.513,1.155,1.098,1.123,1.12,,,,Playmaker,0.59,,,0.81,-0.47,Euroleague,2017-18,intl
Thomas Heurtel,445,415,30,12,12,58.3,248,56.0,2.3,86,42.4,-20.5,22,61.4,55.7,5.7,0,,0,,,,1.219,0.932,1.593,,,,,,,0.625,219,244,0.219,0.336,1.533,0,9,,,,,,,1.154,0.79,1.686,1.256,,1.071,,,,Playmaker,0.93,,,0.0,0.65,Euroleague,2017-18,intl
Luka Doncic,442,373,69,21,20,55.0,326,53.2,1.8,72,45.1,-10.3,54,35.2,56.7,-21.5,0,,0,,,,1.094,0.94,1.272,,,,,,,0.821,258,238,0.38,0.387,1.018,11,10,,,,,,,0.917,0.659,1.276,0.943,1.101,1.011,,,,Wing,0.49,,,1.36,-0.06,Euroleague,2017-18,intl
Nando De Colo,414,376,38,11,13,80.8,321,62.1,18.6,90,60.6,-3.2,35,57.1,63.5,-6.4,0,,0,,,,1.022,0.837,1.249,,,,,,,0.864,224,230,0.326,0.348,1.067,6,7,,,,,,,0.674,0.421,1.08,1.013,1.234,1.015,,,,Wing,-0.03,,,1.59,-0.94,Euroleague,2017-18,intl
Kostas Sloukas,412,368,44,16,23,45.7,248,51.2,-5.6,86,52.3,2.3,47,39.4,53.1,-13.8,0,,0,,,,1.166,0.926,1.469,,,,,,,0.688,201,250,0.323,0.36,1.113,5,12,,,,,,,0.869,0.551,1.372,0.977,1.387,1.222,,,,Playmaker,0.66,,,0.33,-0.18,Euroleague,2017-18,intl
Pierre Jackson,402,349,53,23,14,60.7,310,48.9,11.8,95,53.2,5.3,35,51.4,49.1,2.3,0,,0,,,,0.964,0.785,1.185,,,,,,,0.576,232,230,0.388,0.439,1.132,10,13,,,,,,,0.689,0.414,1.146,1.084,0.994,1.02,,,,Playmaker,-0.39,,,-0.25,-0.71,Euroleague,2017-18,intl
Taylor Rochestie,400,345,55,16,18,55.6,290,57.6,-2.0,70,49.3,-10.6,40,48.8,58.8,-10.0,0,,0,,,,1.133,0.954,1.346,,,,,,,0.859,240,214,0.342,0.346,1.012,10,5,,,,,,,0.884,0.622,1.257,1.293,1.069,1.127,,,,Playmaker,0.48,,,1.21,-0.14,Euroleague,2017-18,intl
Jayson Granger,390,354,36,14,5,50.0,236,53.8,-3.8,45,50.0,-4.6,28,55.4,53.5,1.8,0,,0,,,,0.699,0.471,1.039,,,,,,,0.643,211,200,0.332,0.325,0.98,5,6,,,,,,,0.853,0.451,1.611,1.044,0.757,0.62,,,,Playmaker,-1.77,,,0.09,-0.23,Euroleague,2017-18,intl
Brad Wanamaker,383,304,79,23,23,34.8,289,48.4,-13.7,77,46.8,-0.9,38,53.9,46.5,7.4,0,,0,,,,0.898,0.744,1.084,,,,,,,0.859,224,229,0.406,0.406,1.0,13,9,,,,,,,0.972,0.69,1.369,1.021,1.042,0.904,,,,Playmaker,-0.73,,,1.21,0.12,Euroleague,2017-18,intl
Vasilije Micic,366,340,26,10,11,9.1,216,50.0,-40.9,40,33.8,-17.3,34,39.7,49.5,-9.8,0,,0,,,,1.189,0.906,1.56,,,,,,,0.65,206,174,0.34,0.339,0.998,4,4,,,,,,,0.473,0.197,1.137,1.008,1.082,1.147,,,,Playmaker,0.78,,,0.13,-1.34,Euroleague,2017-18,intl
Cory Higgins,361,303,58,18,17,35.3,324,61.4,-26.1,82,56.1,-5.3,58,43.1,63.6,-20.5,0,,0,,,,0.967,0.845,1.105,,,,,,,0.806,205,198,0.356,0.419,1.177,7,8,,,,,,,0.882,0.654,1.19,0.965,1.059,1.005,,,,Wing,-0.43,,,1.28,-0.18,Euroleague,2017-18,intl
Nemanja Nedovic,359,289,70,20,36,41.7,276,52.9,-11.2,79,49.4,-3.0,40,52.5,51.5,1.0,0,,0,,,,0.841,0.694,1.019,,,,,,,0.875,188,233,0.415,0.429,1.034,9,12,,,,,,,1.052,0.747,1.481,0.955,0.857,0.86,,,,Wing,-1.34,,,1.65,0.43,Euroleague,2017-18,intl
Norris Cole,355,290,65,21,15,43.3,301,45.3,-2.0,97,43.8,-2.1,31,45.2,45.3,-0.1,0,,0,,,,1.051,0.899,1.229,,,,,,,0.774,190,235,0.432,0.434,1.006,8,15,,,,,,,1.117,0.818,1.526,1.132,0.926,1.092,,,,Playmaker,0.06,,,0.77,0.54,Euroleague,2017-18,intl
Tornike Shengelia,338,291,47,14,19,57.9,278,59.5,-1.6,80,54.4,-6.9,39,37.2,62.8,-25.6,0,,0,,,,1.041,0.903,1.199,,,,,,,0.839,174,196,0.339,0.352,1.038,7,8,,,,,,,0.697,0.481,1.01,0.976,0.933,1.002,,,,Wing,0.11,,,1.46,-0.85,Euroleague,2017-18,intl
Vassilis Spanoulis,336,276,60,17,35,28.6,230,50.2,-21.6,59,34.7,-16.2,43,50.0,46.8,3.2,0,,0,,,,0.966,0.782,1.192,,,,,,,0.882,200,189,0.37,0.455,1.23,5,10,,,,,,,0.882,0.576,1.35,0.925,0.947,1.05,,,,Playmaker,-0.38,,,1.33,-0.15,Euroleague,2017-18,intl
Will Clyburn,327,242,85,27,14,39.3,315,48.7,-9.4,77,46.1,-2.9,32,39.1,49.3,-10.3,0,,0,,,,1.08,0.975,1.197,,,,,,,0.787,186,210,0.516,0.429,0.83,16,11,,,,,,,1.209,0.924,1.581,1.046,1.01,1.035,,,,Wing,0.39,,,1.18,1.0,Euroleague,2017-18,intl
Errick Mccollum,326,255,71,25,12,16.7,328,51.8,-35.2,91,49.5,-1.6,40,32.5,53.0,-20.5,0,,0,,,,1.077,0.974,1.191,,,,,,,0.71,174,229,0.529,0.445,0.842,12,13,,,,,,,1.054,0.789,1.409,1.112,0.979,1.077,,,,Playmaker,0.19,,,0.44,0.36,Euroleague,2017-18,intl
Facundo Campazzo,315,278,37,13,6,41.7,196,50.0,-8.3,58,50.0,0.3,40,28.7,54.9,-26.2,0,,0,,,,1.08,0.811,1.439,,,,,,,0.712,142,204,0.331,0.368,1.111,5,7,,,,,,,0.83,0.464,1.485,1.104,1.299,1.262,,,,Playmaker,0.21,,,0.45,-0.3,Euroleague,2017-18,intl
Rodrigue Beaubois,315,249,66,19,19,71.1,296,57.6,13.5,84,55.4,-4.2,42,76.2,55.7,20.5,0,,0,,,,0.943,0.823,1.081,,,,,,,0.868,190,185,0.405,0.438,1.08,12,9,,,,,,,1.153,0.898,1.48,1.092,1.071,0.979,,,,Playmaker,-0.5,,,1.26,0.65,Euroleague,2017-18,intl
Jordan Theodore,300,243,57,17,24,45.8,209,47.8,-2.0,52,50.0,3.0,39,44.9,48.2,-3.3,0,,0,,,,1.086,0.902,1.307,,,,,,,0.838,173,169,0.382,0.391,1.024,7,7,,,,,,,0.902,0.604,1.346,1.247,1.058,1.06,,,,Playmaker,0.24,,,1.1,-0.09,Euroleague,2017-18,intl
Jan Vesely,300,278,22,9,13,69.2,248,60.5,8.7,56,64.3,4.3,33,39.4,64.0,-24.6,0,,0,,,,0.875,0.674,1.137,,,,,,,0.611,185,132,0.33,0.311,0.942,4,1,,,,,,,0.996,0.673,1.474,1.07,1.22,0.815,,,,Big,-1.4,,,0.77,-0.23,Euroleague,2017-18,intl
Ray Mccallum,294,244,50,20,18,41.7,238,46.0,-4.3,83,39.2,-9.7,39,35.9,47.5,-11.6,0,,0,,,,1.192,1.03,1.379,,,,,,,0.625,169,172,0.385,0.483,1.255,8,9,,,,,,,1.037,0.726,1.48,1.284,1.253,1.2,,,,Playmaker,0.79,,,0.0,0.31,Euroleague,2017-18,intl
James Feldeine,293,205,88,26,13,50.0,281,44.1,5.9,70,50.0,7.4,34,39.7,45.0,-5.3,0,,0,,,,1.09,0.965,1.231,,,,,,,0.846,182,187,0.522,0.476,0.912,15,10,,,,,,,0.925,0.661,1.294,0.944,1.05,1.085,,,,Wing,0.46,,,1.5,-0.03,Euroleague,2017-18,intl
Erick Green,281,219,62,21,14,17.9,269,53.9,-36.0,73,47.3,-6.5,41,45.1,53.3,-8.2,0,,0,,,,1.093,0.987,1.21,,,,,,,0.738,168,167,0.452,0.485,1.072,9,9,,,,,,,0.892,0.636,1.25,1.12,0.956,1.057,,,,Playmaker,0.28,,,0.59,-0.12,Euroleague,2017-18,intl
Stefan Markovic,280,252,28,14,14,53.6,150,38.0,15.6,55,45.5,9.2,38,35.5,40.5,-4.9,0,,0,,,,1.075,0.764,1.511,,,,,,,0.5,141,160,0.39,0.356,0.913,5,5,,,,,,,0.891,0.416,1.91,1.139,0.923,0.869,,,,Wing,0.35,,,-0.33,-0.15,Euroleague,2017-18,intl
Krunoslav Simon,276,233,43,15,5,30.0,211,47.6,-17.6,48,39.6,-9.8,38,52.6,46.1,6.6,0,,0,,,,1.077,0.886,1.309,,,,,,,0.717,170,134,0.412,0.47,1.142,8,4,,,,,,,0.647,0.362,1.157,0.913,0.946,1.034,,,,Wing,0.37,,,0.81,-1.03,Euroleague,2017-18,intl
Paulius Jankunas,274,231,43,15,12,41.7,245,60.2,-18.5,78,66.7,10.5,24,43.8,60.9,-17.2,0,,0,,,,1.162,1.047,1.289,,,,,,,0.717,148,159,0.405,0.308,0.76,6,3,,,,,,,1.178,0.919,1.51,1.253,1.113,1.166,,,,Big,1.34,,,1.26,0.24,Euroleague,2017-18,intl
Vladimir Micov,273,230,43,15,16,81.2,223,56.3,25.0,49,58.2,0.3,37,44.6,60.4,-15.8,0,,0,,,,1.017,0.87,1.19,,,,,,,0.717,152,149,0.434,0.389,0.896,8,7,,,,,,,0.951,0.657,1.375,0.986,0.971,0.913,,,,Wing,-0.07,,,0.81,0.07,Euroleague,2017-18,intl
Andrew Goudelock,271,207,64,21,15,36.7,263,47.0,-10.3,63,38.1,-10.7,46,40.2,47.6,-7.4,0,,0,,,,1.098,0.978,1.232,,,,,,,0.762,186,146,0.435,0.603,1.384,9,15,,,,,,,0.746,0.507,1.097,1.19,1.118,1.087,,,,Playmaker,0.3,,,0.71,-0.54,Euroleague,2017-18,intl
Georgios Printezis,267,200,67,19,19,57.9,258,50.2,7.7,59,57.6,8.8,37,41.9,52.1,-10.2,0,,0,,,,1.001,0.904,1.108,,,,,,,0.882,150,165,0.453,0.485,1.07,9,12,,,,,,,0.895,0.654,1.224,0.963,1.068,0.982,,,,Wing,-0.18,,,1.69,-0.13,Euroleague,2017-18,intl
Nicolo Melli,266,247,19,11,13,61.5,206,57.8,3.8,63,50.0,-11.2,35,61.4,57.3,4.1,0,,0,,,,1.037,0.814,1.322,,,,,,,0.432,135,150,0.363,0.4,1.102,2,6,,,,,,,1.266,0.863,1.856,0.988,0.933,1.028,,,,Wing,0.08,,,-0.69,1.21,Euroleague,2017-18,intl
Michael Roll,262,225,37,14,8,100.0,198,52.8,47.2,52,64.4,13.1,20,35.0,56.7,-21.7,0,,0,,,,1.155,0.967,1.379,,,,,,,0.661,149,134,0.389,0.381,0.978,4,4,,,,,,,0.715,0.436,1.172,1.211,0.974,1.099,,,,Wing,0.93,,,0.52,-0.79,Euroleague,2017-18,intl
Ricky Hickman,262,197,65,22,15,13.3,245,49.4,-36.1,72,48.6,1.8,35,40.0,48.4,-8.4,0,,0,,,,1.129,1.004,1.27,,,,,,,0.739,150,167,0.493,0.515,1.044,9,13,,,,,,,0.895,0.606,1.32,1.163,1.017,1.144,,,,Wing,0.74,,,0.93,-0.13,Euroleague,2017-18,intl
Deshaun Thomas,260,178,82,24,15,46.7,270,51.3,-4.6,75,55.3,5.8,39,44.9,52.0,-7.2,0,,0,,,,1.038,0.959,1.123,,,,,,,0.854,152,166,0.5,0.494,0.988,10,13,,,,,,,1.046,0.787,1.391,1.088,0.942,0.965,,,,Wing,0.09,,,1.54,0.41,Euroleague,2017-18,intl
Matt Janning,253,206,47,19,11,50.0,221,56.8,-6.8,68,50.7,-8.1,28,39.3,58.8,-19.5,0,,0,,,,0.997,0.855,1.163,,,,,,,0.618,128,153,0.438,0.497,1.135,5,9,,,,,,,0.989,0.683,1.432,1.146,0.757,0.996,,,,Wing,-0.21,,,0.29,0.21,Euroleague,2017-18,intl
Luigi Datome,252,198,54,19,11,63.6,236,58.9,4.7,65,54.6,-6.1,35,70.0,57.3,12.7,0,,0,,,,1.002,0.892,1.126,,,,,,,0.711,136,147,0.478,0.422,0.882,8,7,,,,,,,1.192,0.913,1.558,0.981,0.938,0.976,,,,,,,,,,Euroleague,2017-18,intl
James Gist,249,213,36,13,13,53.8,227,57.3,-3.4,47,50.0,-8.8,36,41.7,59.8,-18.1,0,,0,,,,1.018,0.897,1.155,,,,,,,0.692,155,120,0.387,0.408,1.055,9,3,,,,,,,0.727,0.482,1.095,1.023,0.959,0.99,,,,Wing,-0.06,,,0.68,-0.74,Euroleague,2017-18,intl
Dorell Wright,247,199,48,17,12,37.5,240,53.5,-16.0,55,50.0,-3.6,44,68.2,49.5,18.7,0,,0,,,,0.977,0.859,1.111,,,,,,,0.706,158,136,0.481,0.515,1.07,9,8,,,,,,,0.592,0.36,0.975,0.993,0.992,0.949,,,,Wing,-0.36,,,0.76,-1.23,Euroleague,2017-18,intl
Anthony Gill,247,219,28,11,12,66.7,216,66.0,0.7,55,65.5,-0.7,34,73.5,64.7,8.8,0,,0,,,,0.86,0.69,1.071,,,,,,,0.636,121,143,0.364,0.35,0.962,2,7,,,,,,,1.07,0.776,1.476,1.021,0.797,0.877,,,,Wing,-1.2,,,0.39,0.5,Euroleague,2017-18,intl
James Anderson,246,212,34,12,10,45.0,221,54.8,-9.8,46,55.4,1.4,35,48.6,55.4,-6.8,0,,0,,,,1.074,0.953,1.21,,,,,,,0.708,138,130,0.449,0.492,1.096,4,4,,,,,,,0.99,0.668,1.466,1.091,0.864,1.082,,,,Wing,0.35,,,0.77,0.21,Euroleague,2017-18,intl
Janis Strelnieks,245,225,20,11,16,43.8,168,55.1,-11.3,57,45.6,-12.3,30,48.3,55.2,-6.9,0,,0,,,,1.089,0.833,1.423,,,,,,,0.455,136,123,0.331,0.48,1.45,2,5,,,,,,,0.861,0.453,1.637,0.76,0.993,1.141,,,,Wing,0.45,,,-0.57,-0.26,Euroleague,2017-18,intl
Chris Singleton,241,195,46,22,10,30.0,222,57.4,-27.4,50,32.0,-30.9,43,67.4,53.7,13.7,0,,0,,,,0.959,0.83,1.107,,,,,,,0.523,136,135,0.463,0.504,1.087,7,9,,,,,,,0.617,0.378,1.008,1.009,0.945,0.925,,,,Wing,-0.49,,,-0.21,-1.14,Euroleague,2017-18,intl
Daniel Hackett,240,225,15,8,12,54.2,151,57.3,-3.1,47,47.9,-12.9,28,30.4,62.6,-32.2,0,,0,,,,0.724,0.418,1.255,,,,,,,0.469,124,129,0.339,0.31,0.915,2,5,,,,,,,1.105,0.571,2.139,0.782,,0.735,,,,Playmaker,-1.64,,,-0.81,0.51,Euroleague,2017-18,intl
Marcelinho Huertas,236,222,14,6,5,40.0,135,48.5,-8.5,39,48.7,0.7,17,26.5,51.2,-24.7,0,,0,,,,1.031,0.645,1.648,,,,,,,0.583,129,117,0.318,0.35,1.103,2,3,,,,,,,1.16,0.564,2.389,1.25,1.333,1.101,,,,Wing,0.03,,,0.11,0.83,Euroleague,2017-18,intl
James Augustine,234,221,13,6,23,69.6,167,63.5,6.1,54,66.7,3.4,28,46.4,67.3,-20.9,0,,0,,,,0.977,0.72,1.326,,,,,,,0.542,118,122,0.246,0.32,1.301,2,3,,,,,,,1.068,0.702,1.626,1.028,1.267,0.977,,,,Big,-0.42,,,0.44,-0.04,Euroleague,2017-18,intl
Edgaras Ulanovas,234,217,17,10,16,50.0,167,56.6,-6.6,47,51.1,-6.7,24,35.4,59.1,-23.7,0,,0,,,,0.834,0.555,1.253,,,,,,,0.425,126,128,0.325,0.391,1.2,2,5,,,,,,,0.729,0.336,1.578,1.099,0.884,0.967,,,,Wing,-1.39,,,-0.73,-0.74,Euroleague,2017-18,intl
Aaron White,234,202,32,12,12,70.8,211,57.6,13.3,74,53.4,-7.4,26,46.2,59.9,-13.7,0,,0,,,,0.985,0.84,1.155,,,,,,,0.667,111,147,0.387,0.408,1.054,4,6,,,,,,,0.888,0.605,1.305,1.026,1.172,0.999,,,,Wing,-0.3,,,0.55,-0.16,Euroleague,2017-18,intl
Johannes Voigtmann,233,212,21,8,6,91.7,179,69.6,22.1,40,76.2,7.6,20,80.0,69.1,10.9,0,,0,,,,1.086,0.87,1.356,,,,,,,0.656,132,114,0.295,0.272,0.92,3,2,,,,,,,1.104,0.795,1.534,1.045,0.929,0.977,,,,Big,0.62,,,0.97,0.05,Euroleague,2017-18,intl
Rudy Fernandez,232,194,38,15,7,57.1,166,51.2,5.9,54,61.1,14.1,23,54.3,51.0,3.3,0,,0,,,,1.045,0.823,1.327,,,,,,,0.633,142,115,0.423,0.409,0.967,6,2,,,,,,,1.27,0.817,1.974,1.111,1.095,0.995,,,,Wing,0.14,,,0.37,1.22,Euroleague,2017-18,intl
Fabien Causeur,230,221,9,4,1,0.0,169,62.1,-62.1,28,58.9,-3.4,23,34.8,66.0,-31.2,0,,0,,,,1.095,0.764,1.568,,,,,,,0.562,120,117,0.35,0.325,0.928,2,1,,,,,,,0.782,0.329,1.862,1.112,1.123,1.154,,,,Wing,0.5,,,-0.01,-0.54,Euroleague,2017-18,intl
Jaycee Carroll,230,206,24,14,17,61.8,217,62.9,-1.1,82,64.6,2.8,21,52.4,63.8,-11.5,0,,0,,,,1.05,0.956,1.153,,,,,,,0.429,121,132,0.455,0.447,0.983,2,5,,,,,,,1.156,0.811,1.648,0.932,1.083,1.06,,,,Playmaker,0.05,,,-1.02,0.66,Euroleague,2017-18,intl
Brandon Davies,228,203,25,11,7,57.1,201,57.7,-0.6,34,64.7,8.4,20,60.0,57.4,2.6,0,,0,,,,0.872,0.695,1.093,,,,,,,0.568,126,116,0.389,0.336,0.865,6,3,,,,,,,0.769,0.472,1.253,0.987,0.863,0.82,,,,Wing,-1.11,,,0.03,-0.59,Euroleague,2017-18,intl
Deandre Kane,228,208,20,7,5,80.0,167,53.6,26.4,30,66.7,14.9,22,34.1,57.3,-23.2,0,,0,,,,0.971,0.72,1.309,,,,,,,0.714,133,107,0.391,0.299,0.765,4,1,,,,,,,0.383,0.139,1.054,0.879,0.696,0.904,,,,Playmaker,-0.36,,,0.46,-1.61,Euroleague,2017-18,intl
Milko Bjelica,227,166,61,22,13,38.5,224,45.8,-7.3,53,52.8,9.6,32,50.0,44.6,5.4,0,,0,,,,1.065,0.951,1.193,,,,,,,0.693,137,138,0.562,0.478,0.851,13,8,,,,,,,0.922,0.635,1.337,1.079,0.979,1.05,,,,Wing,0.28,,,0.69,-0.04,Euroleague,2017-18,intl
Marko Guduric,224,218,6,7,4,0.0,157,67.8,-67.8,28,66.1,-0.1,27,53.7,68.7,-15.0,0,,0,,,,1.219,0.843,1.763,,,,,,,0.214,137,94,0.255,0.404,1.582,0,3,,,,,,,0.693,0.235,2.045,1.131,1.449,1.219,,,,Wing,1.39,,,-1.85,-0.87,Euroleague,2017-18,intl
Malcolm Thomas,224,205,19,10,2,0.0,184,56.8,-56.8,23,56.5,0.4,21,31.0,59.4,-28.4,0,,0,,,,1.024,0.803,1.307,,,,,,,0.475,126,111,0.349,0.387,1.109,3,3,,,,,,,0.838,0.479,1.465,1.091,1.07,1.056,,,,Wing,-0.02,,,-0.47,-0.34,Euroleague,2017-18,intl
Ante Tomic,221,214,7,4,7,57.1,171,62.0,-4.8,34,61.8,-0.0,21,57.1,62.4,-5.3,0,,0,,,,1.092,0.8,1.489,,,,,,,0.438,122,103,0.295,0.311,1.053,1,3,,,,,,,1.057,0.593,1.882,0.982,,1.092,,,,Big,0.67,,,-0.04,-0.07,Euroleague,2017-18,intl
Vincent Poirier,220,205,15,9,11,54.5,181,57.5,-2.9,42,59.5,2.9,18,50.0,58.0,-8.0,0,,0,,,,0.884,0.648,1.207,,,,,,,0.417,123,108,0.309,0.407,1.319,1,2,,,,,,,1.236,0.843,1.814,1.15,1.211,0.922,,,,Big,-1.31,,,-0.14,0.39,Euroleague,2017-18,intl
Curtis Jerrells,219,191,28,12,20,52.5,162,55.6,-3.1,77,55.8,1.1,39,43.6,58.4,-14.8,0,,0,,,,1.195,1.003,1.424,,,,,,,0.583,106,136,0.34,0.478,1.407,2,10,,,,,,,0.897,0.564,1.428,1.129,1.235,1.195,,,,Playmaker,0.81,,,-0.22,-0.1,Euroleague,2017-18,intl
Maodo Lo,218,193,25,12,5,60.0,175,54.3,5.7,58,53.4,-1.5,27,68.5,52.0,16.6,0,,0,,,,1.058,0.856,1.307,,,,,,,0.521,105,130,0.448,0.408,0.911,3,2,,,,,,,0.952,0.57,1.592,0.849,0.986,1.05,,,,Wing,0.23,,,-0.22,0.07,Euroleague,2017-18,intl
Augustine Rubit,217,198,19,9,8,56.2,193,54.4,1.8,48,57.3,3.7,28,41.1,56.6,-15.6,0,,0,,,,1.042,0.884,1.228,,,,,,,0.528,123,109,0.374,0.45,1.202,3,3,,,,,,,0.722,0.403,1.293,1.036,1.032,1.021,,,,Wing,0.11,,,-0.19,-0.76,Euroleague,2017-18,intl
Bryant Dunston,216,207,9,3,8,62.5,175,65.1,-2.6,45,66.7,2.2,27,46.3,68.3,-22.0,0,,0,,,,1.095,0.861,1.392,,,,,,,0.75,107,116,0.318,0.267,0.841,3,0,,,,,,,1.156,0.763,1.751,0.84,,1.129,,,,Wing,0.5,,,0.99,0.81,Euroleague,2017-18,intl
Adam Hanga,215,181,34,13,10,65.0,171,51.5,13.5,50,59.0,9.4,20,60.0,51.2,8.8,0,,0,,,,1.042,0.862,1.259,,,,,,,0.654,125,106,0.424,0.434,1.023,6,2,,,,,,,1.084,0.725,1.622,1.142,0.766,1.063,,,,Wing,0.11,,,0.48,0.55,Euroleague,2017-18,intl
Nikos Pappas,215,171,44,18,18,69.4,190,47.1,22.3,82,59.8,17.7,29,44.8,49.7,-4.9,0,,0,,,,1.065,0.952,1.191,,,,,,,0.611,102,135,0.539,0.481,0.893,6,6,,,,,,,1.236,0.871,1.754,1.041,1.107,1.077,,,,Wing,0.28,,,0.25,1.1,Euroleague,2017-18,intl
Sam Van Rossom,214,196,18,11,9,83.3,118,56.4,27.0,31,61.3,4.0,18,52.8,59.2,-6.4,0,,0,,,,0.807,0.474,1.373,,,,,,,0.409,114,117,0.307,0.299,0.974,2,5,,,,,,,0.764,0.306,1.908,1.112,0.395,0.675,,,,Playmaker,-1.21,,,-1.12,-0.49,Euroleague,2017-18,intl
Tibor Pleiss,214,196,18,10,7,78.6,202,56.9,21.6,50,56.0,-2.2,22,45.5,59.1,-13.6,0,,0,,,,1.034,0.917,1.166,,,,,,,0.45,116,111,0.397,0.405,1.022,4,5,,,,,,,0.903,0.567,1.436,1.034,1.09,1.04,,,,Big,0.12,,,0.02,-0.47,Euroleague,2017-18,intl
Arturas Milaknis,212,183,29,15,17,73.5,189,64.6,9.0,46,78.3,16.7,23,63.0,65.6,-2.5,0,,0,,,,0.941,0.79,1.12,,,,,,,0.483,113,122,0.513,0.418,0.814,4,5,,,,,,,1.118,0.749,1.67,0.967,1.055,0.975,,,,Wing,-0.62,,,-0.42,0.67,Euroleague,2017-18,intl
Vladimir Stimac,211,193,18,8,3,66.7,189,58.2,8.5,53,60.4,2.8,29,62.1,57.7,4.4,0,,0,,,,1.17,,,,,,,,,0.562,117,103,0.359,0.369,1.028,4,3,,,,,,,0.719,0.423,1.222,1.114,1.152,1.17,,,,Big,1.42,,,0.54,-0.94,Euroleague,2017-18,intl
Janis Timma,210,188,22,10,8,106.2,172,61.3,44.9,32,78.1,18.0,22,56.8,64.2,-7.4,0,,0,,,,1.025,0.831,1.265,,,,,,,0.55,115,108,0.435,0.398,0.916,2,5,,,,,,,1.096,0.705,1.707,1.08,0.824,0.999,,,,Wing,-0.01,,,-0.07,0.59,Euroleague,2017-18,intl
Trey Thompkins,208,162,46,15,13,73.1,192,57.6,15.5,62,60.5,2.8,33,62.1,57.8,4.3,0,,0,,,,1.006,0.886,1.143,,,,,,,0.767,105,131,0.505,0.405,0.802,5,5,,,,,,,1.235,0.91,1.676,1.121,0.917,0.991,,,,Big,-0.15,,,1.49,0.39,Euroleague,2017-18,intl
Adrien Moerman,207,154,53,18,8,25.0,196,54.1,-29.1,42,53.6,0.8,20,42.5,54.1,-11.6,0,,0,,,,0.954,0.833,1.093,,,,,,,0.736,118,115,0.466,0.504,1.082,7,6,,,,,,,1.142,0.827,1.577,1.077,0.806,0.977,,,,Wing,-0.52,,,0.91,0.76,Euroleague,2017-18,intl
Nikos Zisis,202,187,15,9,10,40.0,123,51.2,-11.2,39,33.3,-24.1,19,60.5,48.7,11.8,0,,0,,,,1.094,0.751,1.592,,,,,,,0.417,110,101,0.227,0.485,2.135,1,5,,,,,,,0.829,0.379,1.813,1.567,1.068,1.094,,,,Wing,0.49,,,-0.77,-0.37,Euroleague,2017-18,intl
Brock Motum,201,169,32,14,5,110.0,199,53.0,57.0,42,48.8,-7.1,24,54.2,54.4,-0.3,0,,0,,,,1.084,1.0,1.176,,,,,,,0.571,119,104,0.471,0.49,1.042,6,5,,,,,,,0.961,0.647,1.429,0.979,1.112,1.087,,,,Wing,0.42,,,0.04,0.1,Euroleague,2017-18,intl
Adam Waczynski,201,167,34,14,23,76.1,169,61.5,14.5,74,66.9,5.9,32,62.5,63.4,-0.9,0,,0,,,,0.948,0.803,1.12,,,,,,,0.607,95,128,0.442,0.422,0.954,5,5,,,,,,,1.277,0.927,1.758,0.946,1.168,0.901,,,,Wing,-0.56,,,0.23,1.25,Euroleague,2017-18,intl
Petteri Koponen,200,181,19,11,1,0.0,170,63.2,-63.2,35,57.1,-7.2,21,57.1,63.7,-6.5,0,,0,,,,0.854,0.624,1.169,,,,,,,0.432,129,84,0.372,0.464,1.248,3,3,,,,,,,0.869,0.474,1.594,1.011,0.83,0.892,,,,Wing,-1.24,,,-0.69,-0.23,Euroleague,2017-18,intl
Pau Ribas,200,180,20,8,5,110.0,123,65.0,45.0,38,68.4,2.3,9,50.0,68.1,-18.1,0,,0,,,,1.298,0.979,1.721,,,,,,,0.625,95,115,0.316,0.296,0.936,2,1,,,,,,,1.308,0.873,1.96,1.456,1.667,1.259,,,,Wing,1.96,,,0.33,1.36,Euroleague,2017-18,intl
Jamel Mclean,199,189,10,4,4,50.0,165,55.5,-5.5,39,47.4,-10.3,27,48.1,56.7,-8.5,0,,0,,,,0.969,0.706,1.33,,,,,,,0.625,110,96,0.336,0.406,1.208,2,1,,,,,,,1.345,0.88,2.055,0.932,,0.839,,,,Wing,-0.41,,,0.33,1.5,Euroleague,2017-18,intl
Ioannis Papapetrou,199,151,48,17,17,35.3,184,48.4,-13.1,70,46.4,-1.3,33,59.1,44.9,14.2,0,,0,,,,0.986,0.874,1.113,,,,,,,0.706,112,112,0.536,0.518,0.967,8,9,,,,,,,1.218,0.846,1.753,1.019,0.973,1.007,,,,Wing,-0.29,,,0.76,1.04,Euroleague,2017-18,intl
James Nunnally,199,177,22,8,6,66.7,168,67.3,-0.6,47,53.2,-19.2,24,66.7,67.3,-0.7,0,,0,,,,0.992,0.805,1.222,,,,,,,0.688,106,104,0.368,0.394,1.071,3,2,,,,,,,0.901,0.555,1.463,1.145,0.696,0.971,,,,Wing,-0.25,,,0.66,-0.11,Euroleague,2017-18,intl
Bojan Dubljevic,198,167,31,11,5,20.0,184,54.1,-34.1,40,55.0,2.3,37,47.3,54.6,-7.3,0,,0,,,,1.054,0.905,1.227,,,,,,,0.705,134,92,0.478,0.391,0.819,10,2,,,,,,,0.63,0.361,1.099,0.978,1.068,1.025,,,,Wing,0.2,,,0.75,-1.1,Euroleague,2017-18,intl
Brian Roberts,197,177,20,11,9,27.8,151,53.3,-25.5,47,39.4,-17.7,34,45.6,53.6,-8.0,0,,0,,,,1.057,0.836,1.336,,,,,,,0.455,100,108,0.39,0.5,1.282,3,4,,,,,,,0.838,0.433,1.62,1.054,0.982,1.057,,,,Playmaker,0.09,,,-0.88,-0.27,Euroleague,2017-18,intl
Felipe Reyes,196,184,12,6,10,50.0,160,59.7,-9.7,56,62.5,5.0,18,58.3,59.2,-0.9,0,,0,,,,1.009,0.777,1.31,,,,,,,0.5,96,108,0.375,0.324,0.864,3,3,,,,,,,0.654,0.303,1.411,0.975,1.205,1.038,,,,Wing,-0.12,,,-0.33,-1.01,Euroleague,2017-18,intl
Kyle Hines,195,178,17,6,7,28.6,160,61.9,-33.3,39,51.3,-12.0,17,52.9,61.3,-8.4,0,,0,,,,1.011,0.802,1.274,,,,,,,0.708,112,92,0.33,0.315,0.954,3,1,,,,,,,1.295,0.956,1.753,0.825,,0.982,,,,Wing,-0.11,,,0.77,1.32,Euroleague,2017-18,intl
Mathias Lessort,194,177,17,8,4,50.0,178,55.1,-5.1,43,53.5,-1.9,17,52.9,55.2,-2.2,0,,0,,,,1.054,0.926,1.2,,,,,,,0.531,112,94,0.402,0.394,0.98,2,3,,,,,,,0.977,0.621,1.535,1.083,1.141,1.002,,,,Wing,0.2,,,-0.17,0.16,Euroleague,2017-18,intl
Jeffery Taylor,192,163,29,12,3,0.0,157,50.6,-50.6,29,43.1,-8.0,20,50.0,49.6,0.4,0,,0,,,,0.878,0.679,1.136,,,,,,,0.604,107,97,0.477,0.433,0.908,5,1,,,,,,,0.883,0.499,1.56,0.918,1.071,0.878,,,,Wing,-1.07,,,0.22,-0.18,Euroleague,2017-18,intl
Jonah Bolden,192,177,15,9,0,,158,56.0,,17,47.1,-10.0,14,50.0,56.6,-6.6,0,,0,,,,0.874,0.605,1.262,,,,,,,0.417,138,68,0.377,0.426,1.132,4,3,,,,,,,0.964,0.508,1.83,1.002,1.058,0.874,,,,Big,-1.41,,,-0.14,-0.31,Euroleague,2017-18,intl
Kostas Papanikolaou,191,167,24,9,2,125.0,145,54.5,70.5,20,85.0,34.2,20,40.0,57.9,-17.9,0,,0,,,,0.87,0.629,1.203,,,,,,,0.667,97,110,0.443,0.318,0.718,5,0,,,,,,,0.918,0.52,1.622,1.242,0.554,0.788,,,,Wing,-1.13,,,0.55,-0.05,Euroleague,2017-18,intl
Jeff Brooks,190,155,35,13,8,62.5,172,54.4,8.1,28,48.2,-7.7,31,35.5,58.7,-23.2,0,,0,,,,1.017,0.89,1.162,,,,,,,0.673,117,88,0.385,0.511,1.33,5,6,,,,,,,0.942,0.648,1.368,1.022,1.051,0.993,,,,Wing,-0.07,,,0.58,0.04,Euroleague,2017-18,intl
Charles Jenkins,189,175,14,6,1,100.0,142,58.1,41.9,25,36.0,-27.1,25,48.0,60.6,-12.6,0,,0,,,,0.787,0.496,1.251,,,,,,,0.583,111,86,0.351,0.453,1.291,1,0,,,,,,,0.265,0.042,1.67,0.953,0.99,0.863,,,,Playmaker,-1.31,,,-0.22,-1.95,Euroleague,2017-18,intl
Aaron Doornekamp,188,160,28,12,9,66.7,148,43.6,23.1,41,47.6,3.6,23,28.3,47.8,-19.5,0,,0,,,,1.123,0.923,1.367,,,,,,,0.583,101,107,0.515,0.477,0.926,4,7,,,,,,,1.065,0.607,1.868,1.033,1.162,1.166,,,,Wing,0.7,,,0.11,0.48,Euroleague,2017-18,intl
Alberto Abalde,182,162,20,7,8,62.5,135,59.3,3.2,40,73.8,19.9,27,63.0,58.6,4.3,0,,0,,,,0.945,0.699,1.277,,,,,,,0.714,97,96,0.412,0.333,0.808,3,2,,,,,,,0.396,0.143,1.093,1.032,0.724,0.906,,,,Wing,-0.59,,,0.8,-1.94,Euroleague,2017-18,intl
Fernando San Emeterio,181,158,23,7,13,34.6,138,56.5,-21.9,43,46.5,-11.4,31,33.9,60.0,-26.1,0,,0,,,,0.973,0.752,1.26,,,,,,,0.821,89,111,0.449,0.387,0.862,3,2,,,,,,,0.609,0.285,1.3,0.956,1.0,0.966,,,,Wing,-0.38,,,1.36,-1.17,Euroleague,2017-18,intl
Alberto Diaz,180,169,11,9,8,100.0,105,40.5,59.5,29,56.9,16.4,19,57.9,42.0,15.9,0,,0,,,,1.109,0.696,1.765,,,,,,,0.306,96,93,0.333,0.452,1.355,2,3,,,,,,,2.1,1.218,3.619,1.314,0.838,1.109,,,,Playmaker,0.36,,,-1.65,3.42,Euroleague,2017-18,intl
Alex Tyus,176,161,15,7,6,50.0,174,62.1,-12.1,43,72.1,13.7,18,55.6,62.3,-6.8,0,,0,,,,1.039,,,,,,,,,0.536,91,95,0.33,0.411,1.245,2,2,,,,,,,0.827,0.508,1.346,1.056,1.036,1.039,,,,Wing,0.09,,,-0.14,-0.38,Euroleague,2017-18,intl
Nikita Kurbanov,174,163,11,9,6,33.3,131,53.4,-20.1,23,67.4,17.8,7,42.9,53.1,-10.2,0,,0,,,,0.98,0.675,1.423,,,,,,,0.306,104,79,0.404,0.405,1.003,1,4,,,,,,,0.244,0.039,1.539,0.945,1.01,0.98,,,,Wing,-0.33,,,-1.36,-2.5,Euroleague,2017-18,intl
Kc Rivers,174,133,41,15,14,50.0,164,50.3,-0.3,50,46.0,-6.0,26,21.2,55.3,-34.1,0,,0,,,,1.11,1.006,1.224,,,,,,,0.683,92,109,0.5,0.578,1.156,5,8,,,,,,,0.877,0.56,1.373,1.127,1.031,1.075,,,,Wing,0.61,,,0.63,-0.2,Euroleague,2017-18,intl
Vangelis Mantzaris,173,154,19,9,7,21.4,114,43.9,-22.4,36,40.3,-3.3,18,30.6,44.7,-14.1,0,,0,,,,1.207,0.897,1.624,,,,,,,0.528,97,91,0.392,0.484,1.234,2,4,,,,,,,0.767,0.322,1.829,1.247,1.595,1.229,,,,,,,,,,Euroleague,2017-18,intl
Othello Hunter,171,167,4,4,2,50.0,154,61.7,-11.7,29,55.2,-7.8,14,35.7,64.1,-28.4,0,,0,,,,1.128,,,,,,,,,0.25,102,73,0.314,0.384,1.223,0,2,,,,,,,0.787,0.293,2.113,0.846,1.124,1.128,,,,Wing,0.74,,,-1.66,-0.53,Euroleague,2017-18,intl
Dairis Bertans,171,148,23,13,10,55.0,146,56.2,-1.2,54,53.7,-3.6,17,41.2,57.9,-16.7,0,,0,,,,1.002,0.819,1.226,,,,,,,0.442,93,95,0.484,0.484,1.001,5,4,,,,,,,1.09,0.651,1.826,0.866,1.038,0.98,,,,Wing,-0.17,,,-0.64,0.57,Euroleague,2017-18,intl
Carlos Suarez,171,162,9,7,14,50.0,99,47.0,3.0,39,41.0,-9.7,23,23.9,53.3,-29.4,0,,0,,,,0.9,0.496,1.635,,,,,,,0.321,89,90,0.326,0.444,1.364,0,2,,,,,,,1.0,0.333,3.004,1.025,1.611,0.972,,,,Wing,-0.91,,,-1.28,0.25,Euroleague,2017-18,intl
Mike James,170,141,29,9,22,54.5,135,52.2,2.3,51,47.1,-8.1,16,50.0,52.8,-2.8,0,,0,,,,1.096,0.887,1.355,,,,,,,0.806,92,115,0.402,0.391,0.973,5,7,,,,,,,0.903,0.568,1.437,0.837,1.029,1.083,,,,Wing,0.5,,,1.28,-0.11,Euroleague,2017-18,intl
Gustavo Ayon,169,157,12,4,2,50.0,121,57.9,-7.9,16,56.2,-1.7,10,50.0,58.4,-8.4,0,,0,,,,0.952,0.63,1.438,,,,,,,0.75,83,93,0.313,0.28,0.892,1,2,,,,,,,1.042,0.596,1.82,0.926,1.078,0.845,,,,Big,-0.66,,,1.41,-0.11,Euroleague,2017-18,intl
Nikola Milutinov,169,159,10,4,6,50.0,141,66.0,-16.0,16,62.5,-3.1,17,58.8,66.2,-7.3,0,,0,,,,0.942,0.686,1.293,,,,,,,0.625,92,81,0.293,0.296,1.01,2,2,,,,,,,0.734,0.363,1.481,1.029,0.882,0.942,,,,Big,-0.76,,,0.83,-0.9,Euroleague,2017-18,intl
Sasu Salin,162,125,37,15,3,0.0,148,43.2,-43.2,27,16.7,-31.3,24,47.9,41.3,6.6,0,,0,,,,0.795,0.618,1.022,,,,,,,0.617,114,75,0.544,0.547,1.005,9,3,,,,,,,0.689,0.329,1.443,0.944,0.93,0.871,,,,Wing,-1.67,,,0.29,-0.88,Euroleague,2017-18,intl
Will Thomas,162,140,22,12,7,57.1,139,52.2,5.0,33,57.6,6.7,27,42.6,54.6,-12.0,0,,0,,,,1.042,0.869,1.251,,,,,,,0.458,96,81,0.469,0.395,0.843,4,3,,,,,,,1.053,0.662,1.674,0.927,1.235,1.014,,,,Wing,0.11,,,-0.56,0.44,Euroleague,2017-18,intl
Leon Radosevic,161,151,10,9,3,66.7,146,52.7,13.9,27,44.4,-10.5,27,51.9,53.3,-1.4,0,,0,,,,1.053,0.848,1.309,,,,,,,0.278,89,83,0.404,0.41,1.013,1,4,,,,,,,0.968,0.53,1.77,1.076,1.159,1.073,,,,Wing,0.19,,,-1.51,0.13,Euroleague,2017-18,intl
Axel Toupane,161,152,9,10,2,0.0,153,55.9,-55.9,22,61.4,7.2,22,54.5,55.3,-0.7,0,,0,,,,1.118,,,,,,,,,0.225,98,73,0.459,0.438,0.955,5,2,,,,,,,0.828,0.392,1.748,0.979,1.106,1.118,,,,Wing,0.66,,,-1.79,-0.38,Euroleague,2017-18,intl
Artsiom Parakhouski,157,152,5,3,5,60.0,144,63.2,-3.2,31,64.5,1.8,15,66.7,62.7,4.0,0,,0,,,,0.856,0.551,1.33,,,,,,,0.417,99,61,0.343,0.344,1.002,0,0,,,,,,,1.17,0.656,2.088,0.949,1.068,0.856,,,,Big,-1.58,,,-0.14,0.22,Euroleague,2017-18,intl
Dragan Milosavljevic,155,111,44,15,3,33.3,148,48.0,-14.6,25,56.0,10.0,30,55.0,45.9,9.1,0,,0,,,,0.962,0.831,1.114,,,,,,,0.733,94,80,0.532,0.475,0.893,6,3,,,,,,,1.675,1.167,2.403,1.015,1.027,0.954,,,,Wing,-0.46,,,0.9,2.69,Euroleague,2017-18,intl
Pierre Oriola,155,148,7,5,3,0.0,141,62.8,-62.8,45,73.3,17.3,16,75.0,59.8,15.2,0,,0,,,,0.954,0.702,1.297,,,,,,,0.35,81,79,0.42,0.367,0.875,1,0,,,,,,,1.167,0.65,2.093,1.033,1.113,0.954,,,,Wing,-0.52,,,-1.13,0.85,Euroleague,2017-18,intl
Juan Carlos Navarro,153,121,32,12,5,30.0,129,45.3,-15.3,32,37.5,-9.6,8,0.0,47.6,-47.6,0,,0,,,,0.986,0.789,1.234,,,,,,,0.667,77,100,0.494,0.5,1.013,4,4,,,,,,,1.095,0.638,1.88,1.061,1.193,0.938,,,,Wing,-0.29,,,0.55,0.59,Euroleague,2017-18,intl
Jason Thompson,152,144,8,5,3,33.3,134,53.7,-20.4,26,50.0,-4.1,15,26.7,56.6,-29.9,0,,0,,,,0.738,0.429,1.267,,,,,,,0.4,90,72,0.344,0.458,1.331,1,2,,,,,,,1.457,0.913,2.323,0.933,,0.885,,,,Wing,-2.08,,,-0.86,1.9,Euroleague,2017-18,intl
Rafa Martinez,152,135,17,8,5,50.0,119,62.6,-12.6,26,38.5,-29.9,19,65.8,61.4,4.4,0,,0,,,,1.09,0.857,1.386,,,,,,,0.531,89,71,0.326,0.493,1.513,2,3,,,,,,,0.52,0.223,1.214,1.142,1.319,1.09,,,,Wing,0.46,,,-0.17,-1.49,Euroleague,2017-18,intl
Dejan Musli,151,132,19,7,0,,134,59.0,,31,58.1,-1.2,17,58.8,59.0,-0.2,0,,0,,,,1.039,0.841,1.283,,,,,,,0.679,90,72,0.333,0.347,1.042,3,4,,,,,,,0.787,0.472,1.311,1.173,0.863,1.057,,,,Big,0.17,,,1.08,-0.77,Euroleague,2017-18,intl
Anthony Randolph,150,123,27,11,1,0.0,143,52.4,-52.4,20,27.5,-28.5,16,43.8,53.1,-9.4,0,,0,,,,1.093,0.934,1.28,,,,,,,0.614,105,66,0.41,0.5,1.221,6,3,,,,,,,1.361,0.962,1.924,1.146,1.216,1.089,,,,Big,0.68,,,0.78,0.72,Euroleague,2017-18,intl
Derrick Brown,149,121,28,10,2,0.0,133,44.7,-44.7,36,47.2,4.3,23,41.3,44.6,-3.3,0,,0,,,,0.936,0.742,1.179,,,,,,,0.7,81,87,0.494,0.471,0.954,4,4,,,,,,,0.99,0.575,1.705,1.09,1.081,0.956,,,,Playmaker,-0.54,,,0.39,0.17,Euroleague,2017-18,intl
Arturas Gudaitis,149,140,9,4,11,72.7,135,66.7,6.1,46,73.9,9.9,18,66.7,67.2,-0.5,0,,0,,,,1.061,,,,,,,,,0.562,67,87,0.343,0.287,0.837,2,1,,,,,,,0.797,0.44,1.445,0.895,1.057,1.061,,,,Big,0.38,,,0.54,-0.74,Euroleague,2017-18,intl
Marcus Denmon,147,133,14,9,5,50.0,125,54.4,-4.4,28,57.1,3.7,16,59.4,53.5,5.9,0,,0,,,,0.777,0.522,1.157,,,,,,,0.389,101,57,0.495,0.474,0.957,5,2,,,,,,,1.594,0.956,2.66,1.067,0.81,0.831,,,,Wing,-1.8,,,-0.92,2.4,Euroleague,2017-18,intl
Amath M'Baye,146,139,7,8,1,100.0,133,55.3,44.7,21,59.5,4.7,26,59.6,54.6,5.0,0,,0,,,,1.178,,,,,,,,,0.219,101,56,0.485,0.411,0.847,1,0,,,,,,,0.887,0.37,2.129,1.011,,1.048,,,,Wing,1.1,,,-1.82,-0.16,Euroleague,2017-18,intl
Hollis Thompson,145,118,27,11,3,50.0,136,46.3,3.7,34,41.2,-6.9,17,67.6,43.4,24.2,0,,0,,,,0.806,0.625,1.04,,,,,,,0.614,85,79,0.494,0.494,0.999,4,3,,,,,,,1.153,0.717,1.856,0.987,0.726,0.859,,,,Wing,-1.59,,,0.27,0.8,Euroleague,2017-18,intl
Antanas Kavaliauskas,145,139,6,4,4,75.0,122,60.7,14.3,18,61.1,0.0,7,71.4,60.5,10.9,0,,0,,,,1.209,,,,,,,,,0.375,84,67,0.274,0.388,1.417,1,1,,,,,,,1.065,0.594,1.908,1.183,,1.052,,,,Big,1.79,,,-0.33,-0.05,Euroleague,2017-18,intl
Matt Lojeski,137,133,4,7,2,75.0,124,57.7,17.3,19,71.1,15.4,14,42.9,59.8,-17.0,0,,0,,,,0.86,0.487,1.52,,,,,,,0.143,84,60,0.5,0.433,0.867,1,1,,,,,,,,,,0.919,,0.86,,,,Wing,-1.2,,,-2.22,,Euroleague,2017-18,intl
Thomas Robinson,135,114,21,11,2,100.0,140,47.9,52.1,36,52.8,5.6,14,28.6,50.8,-22.2,0,,0,,,,1.086,,,,,,,,,0.477,82,70,0.5,0.457,0.914,5,3,,,,,,,0.678,0.383,1.2,1.068,1.076,1.087,,,,Wing,0.43,,,-0.46,-0.92,Euroleague,2017-18,intl
Kevin Seraphin,134,126,8,6,2,0.0,124,58.9,-58.9,21,38.1,-23.8,17,52.9,58.7,-5.8,0,,0,,,,0.976,0.746,1.276,,,,,,,0.333,83,57,0.301,0.491,1.631,0,4,,,,,,,0.692,0.291,1.647,0.969,0.553,0.976,,,,Big,-0.43,,,-0.53,-1.01,Euroleague,2017-18,intl
Zoran Dragic,134,102,32,10,3,50.0,116,50.0,0.0,27,53.7,4.8,16,53.1,49.5,3.6,0,,0,,,,1.007,0.8,1.267,,,,,,,0.8,80,75,0.375,0.507,1.351,4,4,,,,,,,0.75,0.427,1.317,1.029,1.031,1.024,,,,Wing,-0.14,,,1.25,-0.66,Euroleague,2017-18,intl
Ognjen Dobric,134,119,15,11,4,112.5,131,53.4,59.1,40,56.2,1.5,11,50.0,55.6,-5.6,0,,0,,,,1.019,0.881,1.179,,,,,,,0.341,64,82,0.422,0.573,1.359,0,6,,,,,,,0.695,0.336,1.437,1.027,0.863,1.024,,,,Wing,-0.05,,,-1.17,-0.86,Euroleague,2017-18,intl
Lukas Lekavicius,133,125,8,5,2,0.0,89,57.9,-57.9,36,69.4,21.3,16,62.5,55.3,7.2,0,,0,,,,1.384,1.032,1.858,,,,,,,0.4,78,60,0.359,0.333,0.929,1,0,,,,,,,1.83,1.248,2.684,1.307,,1.384,,,,Playmaker,1.79,,,-1.17,2.63,Euroleague,2017-18,intl
Tyler Honeycutt,131,107,24,9,9,50.0,107,59.3,-9.3,54,63.9,9.9,21,31.0,64.7,-33.8,0,,0,,,,1.025,0.839,1.253,,,,,,,0.667,68,76,0.441,0.408,0.925,3,3,,,,,,,1.196,0.757,1.89,0.995,0.829,1.017,,,,Wing,-0.01,,,0.55,0.96,Euroleague,2017-18,intl
Luca Vildoza,125,115,10,4,2,0.0,81,56.2,-56.2,28,46.4,-12.7,8,56.2,54.7,1.6,0,,0,,,,1.118,0.728,1.718,,,,,,,0.625,60,72,0.317,0.403,1.272,2,2,,,,,,,0.995,0.406,2.438,1.064,0.962,0.979,,,,Wing,0.66,,,0.33,0.23,Euroleague,2017-18,intl
Andrey Vorontsevich,124,111,13,7,2,0.0,114,57.5,-57.5,33,57.6,1.6,16,37.5,59.5,-22.0,0,,0,,,,0.999,0.782,1.276,,,,,,,0.464,76,60,0.434,0.517,1.19,3,2,,,,,,,0.929,0.471,1.833,1.147,0.834,1.023,,,,Wing,-0.2,,,-0.52,-0.01,Euroleague,2017-18,intl
Andrea Cinciarini,123,118,5,3,1,100.0,75,55.3,44.7,20,47.5,-11.4,12,20.8,62.5,-41.7,0,,0,,,,1.33,0.838,2.111,,,,,,,0.417,69,57,0.275,0.333,1.211,0,0,,,,,,,0.986,0.36,2.698,0.804,1.114,1.33,,,,Playmaker,1.51,,,-1.08,0.16,Euroleague,2017-18,intl
Rakim Sanders,123,96,27,12,3,100.0,123,47.2,52.8,15,40.0,-9.5,16,34.4,50.5,-16.1,0,,0,,,,1.004,0.863,1.168,,,,,,,0.562,84,56,0.5,0.554,1.107,6,3,,,,,,,0.741,0.424,1.295,1.134,1.051,1.02,,,,Wing,-0.16,,,-0.01,-0.69,Euroleague,2017-18,intl
Semen Antonov,123,121,2,2,0,,106,59.4,,16,56.2,-3.8,16,62.5,58.9,3.6,0,,0,,,,1.186,,,,,,,,,0.25,71,54,0.394,0.463,1.174,0,0,,,,,,,,,,1.109,1.183,1.186,,,,Wing,1.15,,,-1.66,,Euroleague,2017-18,intl
Walter Tavares,121,121,0,0,4,100.0,106,67.0,33.0,16,75.0,8.0,10,70.0,68.0,2.0,0,,0,,,,,,,,,,,,,,66,55,0.318,0.255,0.8,0,0,,,,,,,,,,1.131,,,,,,,,,,,,Euroleague,2017-18,intl
Branko Lazic,121,109,12,8,6,25.0,99,40.4,-15.4,33,42.4,4.2,26,34.6,41.1,-6.5,0,,0,,,,1.162,0.955,1.414,,,,,,,0.375,54,75,0.556,0.547,0.984,0,2,,,,,,,0.809,0.295,2.219,1.199,1.035,1.162,,,,Wing,0.98,,,-0.99,-0.45,Euroleague,2017-18,intl
Mindaugas Kuzminskas,120,86,34,11,1,100.0,114,52.6,47.4,10,85.0,35.0,15,23.3,57.5,-34.2,0,,0,,,,0.984,0.82,1.179,,,,,,,0.773,75,61,0.453,0.459,1.013,4,3,,,,,,,1.21,0.809,1.811,1.128,0.846,0.98,,,,Wing,-0.3,,,1.11,1.01,Euroleague,2017-18,intl
Dylan Ennis,120,101,19,8,2,75.0,99,43.9,31.1,27,40.7,-5.2,22,52.3,42.4,9.9,0,,0,,,,0.864,0.626,1.191,,,,,,,0.594,68,63,0.515,0.476,0.925,2,3,,,,,,,0.559,0.2,1.561,1.038,0.662,0.787,,,,Playmaker,-0.91,,,-0.16,-1.09,Euroleague,2017-18,intl
Ali Muhammed,119,99,20,9,4,62.5,107,63.1,-0.6,31,53.2,-13.6,15,43.3,66.1,-22.8,0,,0,,,,0.815,0.605,1.098,,,,,,,0.556,62,73,0.419,0.452,1.078,3,4,,,,,,,0.81,0.428,1.531,1.071,0.713,0.719,,,,Playmaker,-1.16,,,-0.36,-0.36,Euroleague,2017-18,intl
John Dibartolomeo,118,110,8,6,1,0.0,88,40.9,-40.9,20,40.0,-0.6,17,32.4,42.4,-10.0,0,,0,,,,1.071,0.705,1.628,,,,,,,0.333,70,54,0.443,0.537,1.213,0,2,,,,,,,0.987,0.305,3.194,1.319,1.412,1.071,,,,Playmaker,0.16,,,-1.51,0.16,Euroleague,2017-18,intl
Guillem Vives,117,111,6,3,3,33.3,59,54.2,-20.9,13,19.2,-43.0,20,60.0,50.0,10.0,0,,0,,,,1.396,0.768,2.54,,,,,,,0.5,60,62,0.283,0.339,1.195,2,1,,,,,,,,,,1.628,1.221,1.571,,,,Wing,2.67,,,-0.33,,Euroleague,2017-18,intl
Victor Claver,117,109,8,7,1,0.0,92,56.0,-56.0,28,51.8,-5.1,10,45.0,56.6,-11.6,0,,0,,,,1.022,0.674,1.549,,,,,,,0.286,61,63,0.344,0.476,1.383,1,3,,,,,,,1.026,0.447,2.355,0.945,1.006,1.022,,,,Big,0.01,,,-0.75,-0.15,Euroleague,2017-18,intl
Sergey Monia,116,111,5,3,4,37.5,82,56.7,-19.2,24,54.2,-2.3,21,66.7,52.3,14.4,0,,0,,,,0.274,0.047,1.588,,,,,,,0.417,59,62,0.407,0.419,1.031,1,1,,,,,,,2.382,,,1.04,,0.396,,,,,,,,,,Euroleague,2017-18,intl
Stefan Jankovic,113,101,12,8,0,,108,42.1,,28,32.1,-13.5,19,23.7,46.1,-22.4,0,,0,,,,1.04,0.865,1.252,,,,,,,0.375,53,68,0.528,0.559,1.058,1,4,,,,,,,0.197,0.03,1.296,0.881,1.131,1.04,,,,Big,0.18,,,-0.33,-2.29,Euroleague,2017-18,intl
Joan Sastre,113,109,4,2,3,33.3,74,58.1,-24.8,18,55.6,-2.1,13,30.8,62.5,-31.7,0,,0,,,,1.185,0.661,2.124,,,,,,,0.5,53,66,0.377,0.333,0.883,1,0,,,,,,,1.533,0.659,3.567,0.632,1.189,1.316,,,,Wing,1.15,,,-0.33,2.18,Euroleague,2017-18,intl
Dejan Davidovac,113,108,5,3,1,0.0,91,67.0,-67.0,28,82.1,22.8,16,43.8,71.1,-27.3,0,,0,,,,1.016,0.649,1.593,,,,,,,0.417,52,64,0.385,0.344,0.894,1,0,,,,,,,0.885,0.327,2.401,0.78,1.267,1.016,,,,Wing,-0.07,,,-0.77,-0.17,Euroleague,2017-18,intl
Mantas Kalnietis,113,99,14,6,4,62.5,75,44.0,18.5,38,48.7,7.2,7,42.9,45.1,-2.3,0,,0,,,,0.773,0.449,1.332,,,,,,,0.583,49,72,0.449,0.389,0.866,0,3,,,,,,,1.143,0.459,2.845,1.077,1.101,0.875,,,,Playmaker,-1.38,,,-0.22,0.62,Euroleague,2017-18,intl
Ricky Ledo,112,79,33,11,1,0.0,126,36.5,-36.5,28,44.6,10.8,15,40.0,35.7,4.3,0,,0,,,,1.088,0.941,1.259,,,,,,,0.75,78,69,0.59,0.609,1.032,6,7,,,,,,,0.407,0.174,0.954,1.103,1.038,1.093,,,,Wing,0.45,,,0.99,-1.9,Euroleague,2017-18,intl
Aleksej Nikolic,112,104,8,3,2,0.0,61,49.2,-49.2,10,55.0,8.8,15,46.7,47.9,-1.3,0,,0,,,,0.696,0.28,1.734,,,,,,,0.667,62,55,0.306,0.345,1.127,1,1,,,,,,,,,,0.535,0.462,0.743,,,,Wing,-2.38,,,0.55,,Euroleague,2017-18,intl
Nemanja Dangubic,109,96,13,8,4,50.0,94,58.5,-8.5,28,71.4,18.6,18,55.6,58.8,-3.2,0,,0,,,,1.215,,,,,,,,,0.406,65,52,0.462,0.423,0.917,3,2,,,,,,,1.478,0.96,2.277,0.924,1.207,1.215,,,,Wing,1.36,,,-0.83,1.98,Euroleague,2017-18,intl
Phil Pressey,108,93,15,5,1,150.0,73,45.2,104.8,19,71.1,32.9,7,57.1,45.5,11.6,0,,0,,,,1.069,0.723,1.581,,,,,,,0.75,59,57,0.458,0.298,0.652,5,0,,,,,,,1.208,0.605,2.412,1.379,0.768,1.046,,,,Playmaker,0.15,,,0.65,0.81,Euroleague,2017-18,intl
Kaleb Tarczewski,106,105,1,3,2,100.0,99,63.6,36.4,16,62.5,-2.2,16,68.8,63.5,5.2,0,,0,,,,1.082,,,,,,,,,0.083,65,44,0.323,0.341,1.055,1,0,,,,,,,,,,0.974,,1.082,,,,Big,0.58,,,-1.69,,Euroleague,2017-18,intl
Josh Adams,105,99,6,4,0,,76,57.2,,12,58.3,1.3,8,50.0,58.1,-8.1,0,,0,,,,0.739,0.328,1.664,,,,,,,0.375,70,41,0.371,0.341,0.919,2,1,,,,,,,1.396,0.604,3.228,0.845,,0.928,,,,Playmaker,-1.56,,,-1.3,1.36,Euroleague,2017-18,intl
Egor Vialtsev,105,96,9,4,3,33.3,81,60.5,-27.2,23,45.7,-19.1,14,28.6,65.7,-37.1,0,,0,,,,0.877,0.545,1.41,,,,,,,0.562,65,45,0.369,0.511,1.384,0,1,,,,,,,1.074,0.465,2.479,1.026,,0.921,,,,,,,,,,Euroleague,2017-18,intl
Giorgi Shermadini,104,95,9,8,0,,100,47.0,,7,85.7,41.6,12,33.3,48.9,-15.5,0,,0,,,,1.145,,,,,,,,,0.281,76,36,0.5,0.417,0.833,4,0,,,,,,,0.922,0.43,1.979,1.002,1.126,1.145,,,,Big,1.18,,,-0.77,-0.42,Euroleague,2017-18,intl
Toney Douglas,103,89,14,5,1,0.0,85,51.2,-51.2,35,54.3,6.2,11,81.8,46.0,35.8,0,,0,,,,1.156,0.903,1.479,,,,,,,0.7,45,67,0.489,0.418,0.855,2,4,,,,,,,0.5,0.182,1.372,1.123,1.338,1.19,,,,Playmaker,0.6,,,0.39,-1.26,Euroleague,2017-18,intl
Pero Antic,102,74,28,14,7,85.7,94,38.3,47.4,24,50.0,11.0,12,25.0,43.8,-18.8,0,,0,,,,0.881,0.697,1.113,,,,,,,0.5,62,61,0.565,0.557,0.987,6,2,,,,,,,1.35,0.732,2.49,1.059,0.639,0.829,,,,Big,-1.34,,,0.25,0.69,Euroleague,2017-18,intl
Nikola Kalinic,97,86,11,5,1,150.0,82,54.3,95.7,19,68.4,16.9,8,37.5,57.3,-19.8,0,,0,,,,1.303,,,,,,,,,0.55,56,47,0.411,0.404,0.984,2,1,,,,,,,1.235,0.746,2.045,1.189,1.26,1.303,,,,Wing,2.0,,,-0.07,1.1,Euroleague,2017-18,intl
Leo Westermann,94,88,6,8,2,0.0,67,47.0,-47.0,16,40.6,-6.5,10,15.0,50.8,-35.8,0,,0,,,,1.029,0.573,1.85,,,,,,,0.188,58,44,0.448,0.409,0.913,2,2,,,,,,,0.62,0.11,3.482,1.227,0.492,1.029,,,,Wing,0.02,,,-1.98,-1.13,Euroleague,2017-18,intl
Daniel Diez,94,91,3,2,2,150.0,76,53.9,96.1,14,67.9,14.0,9,38.9,58.7,-19.8,0,,0,,,,1.247,,,,,,,,,0.375,50,46,0.34,0.5,1.471,0,1,,,,,,,1.352,0.588,3.11,0.965,,1.247,,,,Wing,1.59,,,-0.99,1.52,Euroleague,2017-18,intl
Kenny Gabriel,93,87,6,8,2,0.0,92,49.5,-49.5,30,63.3,21.9,11,50.0,48.2,1.8,0,,0,,,,1.061,,,,,,,,,0.188,59,42,0.576,0.571,0.992,2,0,,,,,,,0.414,0.068,2.527,0.908,,1.061,,,,Wing,0.25,,,-1.98,-1.88,Euroleague,2017-18,intl
Lucca Staiger,93,84,9,5,2,75.0,84,58.3,16.7,29,46.6,-18.4,13,34.6,63.0,-28.4,0,,0,,,,1.167,,,,,,,,,0.45,47,51,0.511,0.549,1.075,3,1,,,,,,,0.774,0.296,2.025,1.14,1.154,1.167,,,,Wing,1.02,,,-0.6,-0.57,Euroleague,2017-18,intl
Sonny Weems,92,76,16,4,3,66.7,81,48.8,17.9,12,50.0,0.7,4,0.0,51.9,-51.9,0,,0,,,,0.933,0.653,1.333,,,,,,,1.0,62,50,0.419,0.4,0.954,3,1,,,,,,,1.175,0.639,2.159,0.768,0.817,1.008,,,,Wing,-0.67,,,2.31,0.88,Euroleague,2017-18,intl
Thanasis Antetokounmpo,91,91,0,2,3,66.7,76,53.3,13.4,7,57.1,3.7,6,16.7,56.8,-40.2,0,,0,,,,,,,,,,,,,0.0,63,30,0.413,0.4,0.969,1,0,,,,,,,,,,1.188,,,,,,Wing,,,,-2.98,,Euroleague,2017-18,intl
Vitaly Fridzon,89,88,1,4,2,75.0,76,44.7,30.3,39,62.8,34.6,10,20.0,49.3,-29.3,0,,0,,,,1.205,,,,,,,,,0.062,40,53,0.575,0.491,0.853,0,3,,,,,,,2.607,,,0.99,,1.205,,,,,,,,,,Euroleague,2017-18,intl
Patricio Garino,88,83,5,4,1,150.0,76,49.3,100.7,24,50.0,-0.9,7,28.6,52.9,-24.3,0,,0,,,,1.221,,,,,,,,,0.312,47,45,0.426,0.467,1.097,1,2,,,,,,,0.389,0.066,2.277,0.873,,1.221,,,,Wing,1.41,,,-1.33,-1.97,Euroleague,2017-18,intl
Beno Udrih,85,82,3,2,1,0.0,55,43.6,-43.6,12,25.0,-22.7,9,33.3,44.7,-11.3,0,,0,,,,1.608,,,,,,,,,0.375,45,42,0.378,0.381,1.008,0,1,,,,,,,0.773,0.151,3.948,0.739,1.574,1.608,,,,Wing,4.2,,,-0.99,-0.58,Euroleague,2017-18,intl
Kyle Wiltjer,83,81,2,3,5,40.0,79,61.4,-21.4,41,54.9,-10.2,10,55.0,60.8,-5.8,0,,0,,,,1.025,,,,,,,,,0.167,35,51,0.486,0.529,1.09,0,3,,,,,,,2.079,,,0.917,,1.025,,,,Big,0.03,,,-1.3,2.57,Euroleague,2017-18,intl
Paulius Valinskas,78,70,8,5,3,150.0,59,39.0,111.0,23,52.2,12.4,11,54.5,42.2,12.4,0,,0,,,,0.486,0.197,1.2,,,,,,,0.4,34,49,0.5,0.449,0.898,1,1,,,,,,,0.818,0.16,4.186,0.889,,0.486,,,,Wing,-3.9,,,-0.86,-0.41,Euroleague,2017-18,intl
Marko Todorovic,76,76,0,0,2,50.0,55,56.4,-6.4,10,80.0,28.9,14,42.9,60.5,-17.6,0,,0,,,,,,,,,,,,,,47,29,0.362,0.276,0.763,0,0,,,,,,,,,,0.444,,,,,,Big,,,,,,Euroleague,2017-18,intl
Ian Vougioukas,76,76,0,2,2,100.0,63,61.9,38.1,12,91.7,35.1,8,62.5,63.2,-0.7,0,,0,,,,,,,,,,,,,0.0,49,29,0.388,0.172,0.445,1,0,,,,,,,,,,1.224,,,,,,Big,,,,-2.07,,Euroleague,2017-18,intl
Chasson Randle,71,70,1,2,2,50.0,48,53.1,-3.1,20,47.5,-9.2,5,60.0,52.2,7.8,0,,0,,,,1.489,,,,,,,,,0.125,42,31,0.357,0.419,1.174,1,1,,,,,,,,,,0.75,,1.489,,,,Playmaker,2.33,,,-2.59,,Euroleague,2017-18,intl
Jonas Maciulis,67,61,6,3,0,,61,48.4,,11,63.6,18.6,3,0.0,50.9,-50.9,0,,0,,,,0.959,0.662,1.39,,,,,,,0.5,41,29,0.585,0.483,0.825,1,1,,,,,,,0.482,0.081,2.863,1.178,0.857,0.959,,,,Wing,-0.49,,,-0.33,-1.63,Euroleague,2017-18,intl
Dogus Balbay,67,56,11,4,1,0.0,49,29.6,-29.6,9,0.0,-35.4,6,0.0,33.0,-33.0,0,,0,,,,0.826,0.466,1.462,,,,,,,0.688,49,27,0.469,0.481,1.026,3,2,,,,,,,0.514,0.081,3.264,0.836,0.76,0.931,,,,Playmaker,-1.11,,,0.33,-1.22,Euroleague,2017-18,intl
Ahmet Duverioglu,66,66,0,1,1,0.0,54,72.2,-72.2,10,70.0,-1.1,8,62.5,72.3,-9.8,0,,0,,,,,,,,,,,,,0.0,42,25,0.214,0.28,1.307,0,0,,,,,,,,,,1.226,,,,,,Big,,,,-2.07,,Euroleague,2017-18,intl
Alen Omic,62,61,1,1,4,100.0,50,68.0,32.0,16,75.0,6.6,8,50.0,73.9,-23.9,0,,0,,,,1.173,,,,,,,,,0.25,26,37,0.269,0.243,0.903,0,1,,,,,,,1.405,,,1.231,,1.173,,,,Big,1.45,,,-0.91,0.83,Euroleague,2017-18,intl
Luka Mitrovic,60,56,4,2,0,,55,53.6,,4,50.0,-3.9,9,72.2,50.0,22.2,0,,0,,,,0.857,0.483,1.522,,,,,,,0.5,40,24,0.425,0.417,0.98,2,0,,,,,,,1.361,0.582,3.183,0.982,,0.766,,,,Wing,-1.22,,,-0.33,1.55,Euroleague,2017-18,intl
Ilimane Diop,59,54,5,2,1,100.0,53,54.7,45.3,14,57.1,2.1,7,57.1,55.3,1.8,0,,0,,,,0.9,0.575,1.409,,,,,,,0.625,35,26,0.429,0.385,0.897,1,0,,,,,,,2.0,,,0.748,,0.9,,,,Big,-1.16,,,0.83,2.37,Euroleague,2017-18,intl
Bryce Taylor,57,47,10,5,6,50.0,49,58.2,-8.2,18,44.4,-19.1,9,27.8,63.0,-35.3,0,,0,,,,1.032,0.817,1.303,,,,,,,0.5,30,32,0.333,0.625,1.875,1,4,,,,,,,0.621,0.236,1.633,1.004,1.146,1.032,,,,Wing,0.04,,,-0.33,-1.13,Euroleague,2017-18,intl
Nikola Radicevic,51,42,9,5,0,,38,23.7,,9,33.3,12.6,8,18.8,25.0,-6.2,0,,0,,,,1.037,0.62,1.734,,,,,,,0.45,32,24,0.5,0.583,1.167,2,2,,,,,,,,,,1.066,1.136,1.037,,,,Wing,0.08,,,-0.6,,Euroleague,2017-18,intl
Edwin Jackson,49,48,1,1,0,,35,52.9,,13,73.1,32.2,8,56.2,51.9,4.4,0,,0,,,,1.455,,,,,,,,,0.25,22,28,0.455,0.321,0.707,1,0,,,,,,,,,,1.0,,1.455,,,,Playmaker,2.16,,,-1.94,,Euroleague,2017-18,intl
Sergio Llull,49,39,10,3,2,75.0,34,47.1,27.9,16,43.8,-8.8,8,31.2,53.6,-22.3,0,,0,,,,1.017,0.576,1.799,,,,,,,0.833,30,26,0.3,0.538,1.795,1,1,,,,,,,,,,1.611,0.808,1.13,,,,Wing,-0.07,,,1.43,,Euroleague,2017-18,intl
K.C. Rivers,46,32,14,5,4,62.5,48,59.4,3.1,19,60.5,1.4,4,62.5,59.4,3.1,0,,0,,,,0.885,0.708,1.106,,,,,,,0.7,25,30,0.48,0.5,1.042,1,2,,,,,,,0.807,0.381,1.711,0.901,1.079,0.921,,,,Wing,-1.02,,,0.72,-0.45,Euroleague,2017-18,intl
Nick Calathes,625,526,99,30,25,46.0,390,43.8,2.2,122,46.3,3.3,46,32.6,45.4,-12.8,0,,0,,,,1.131,0.957,1.336,,,,,,,0.825,337,375,0.341,0.365,1.071,15,17,,,,,,,0.783,0.546,1.123,1.188,1.04,1.051,,,,Playmaker,0.48,,,0.94,-0.48,Euroleague,2018-19,intl
Mike James,544,432,112,36,47,50.0,421,47.6,2.4,140,48.2,0.5,51,37.3,49.2,-11.9,0,,0,,,,1.205,1.073,1.353,,,,,,,0.778,304,361,0.368,0.463,1.256,10,25,,,,,,,0.838,0.625,1.123,1.157,1.182,1.152,,,,Wing,1.12,,,1.12,-0.41,Euroleague,2018-19,intl
Vasilije Micic,509,466,43,18,11,40.9,339,57.7,-16.8,74,48.0,-11.6,49,33.7,61.0,-27.3,0,,0,,,,0.875,0.656,1.166,,,,,,,0.597,297,259,0.303,0.359,1.185,6,12,,,,,,,0.921,0.592,1.432,1.07,1.156,0.977,,,,Playmaker,-1.05,,,-0.14,-0.06,Euroleague,2018-19,intl
Thomas Heurtel,424,374,50,16,13,26.9,274,55.3,-28.4,90,50.0,-5.8,19,47.4,54.5,-7.1,0,,0,,,,0.997,0.784,1.269,,,,,,,0.781,234,231,0.299,0.346,1.158,6,6,,,,,,,1.034,0.723,1.48,1.241,0.973,0.979,,,,Playmaker,-0.32,,,0.73,0.28,Euroleague,2018-19,intl
Sergio Rodriguez,423,365,58,20,15,43.3,287,53.7,-10.3,77,46.1,-9.5,46,32.6,56.8,-24.2,0,,0,,,,1.117,0.93,1.342,,,,,,,0.725,239,222,0.339,0.423,1.249,7,11,,,,,,,0.895,0.606,1.321,1.146,1.269,1.067,,,,Playmaker,0.4,,,0.47,-0.14,Euroleague,2018-19,intl
Nando De Colo,393,327,66,19,10,50.0,310,59.5,-9.5,73,64.4,6.7,40,51.2,60.4,-9.1,0,,0,,,,1.021,0.867,1.201,,,,,,,0.868,243,198,0.337,0.394,1.167,11,9,,,,,,,0.971,0.722,1.306,1.073,0.916,1.021,,,,Wing,0.09,,,1.57,-0.01,Euroleague,2018-19,intl
Facundo Campazzo,389,345,44,17,18,41.7,213,48.4,-6.7,70,42.1,-8.2,32,28.1,51.0,-22.9,0,,0,,,,1.285,1.015,1.627,,,,,,,0.647,197,222,0.33,0.347,1.051,5,10,,,,,,,0.803,0.473,1.364,1.431,1.122,1.287,,,,Playmaker,1.41,,,0.1,-0.42,Euroleague,2018-19,intl
Kostas Sloukas,382,337,45,13,17,64.7,228,61.8,2.9,61,70.5,11.3,48,55.2,63.7,-8.5,0,,0,,,,1.086,0.85,1.389,,,,,,,0.865,207,204,0.251,0.319,1.268,3,5,,,,,,,0.985,0.681,1.423,1.161,1.399,1.123,,,,Playmaker,0.22,,,1.13,0.13,Euroleague,2018-19,intl
Vladimir Micov,359,283,76,26,31,58.1,296,53.7,4.3,77,56.5,3.1,53,44.3,56.0,-11.7,0,,0,,,,1.002,0.879,1.142,,,,,,,0.731,199,211,0.412,0.455,1.104,9,15,,,,,,,0.998,0.743,1.34,1.026,0.917,1.026,,,,Wing,-0.02,,,0.88,0.07,Euroleague,2018-19,intl
Brandon Davies,352,313,39,15,24,54.2,291,56.0,-1.8,76,51.3,-6.0,25,56.0,55.9,0.1,0,,0,,,,0.93,0.777,1.112,,,,,,,0.65,186,196,0.371,0.357,0.963,5,5,,,,,,,0.953,0.686,1.324,1.009,1.031,0.918,,,,Wing,-0.42,,,0.48,-0.07,Euroleague,2018-19,intl
Shane Larkin,349,315,34,18,19,26.3,254,65.4,-39.0,85,54.7,-11.5,38,52.6,64.3,-11.6,0,,0,,,,0.758,0.548,1.049,,,,,,,0.472,193,195,0.332,0.364,1.098,7,9,,,,,,,0.808,0.476,1.373,1.048,1.432,0.902,,,,Playmaker,-1.75,,,-0.73,-0.4,Euroleague,2018-19,intl
Marcelinho Huertas,346,330,16,8,8,37.5,196,56.1,-18.6,47,50.0,-7.0,26,36.5,58.1,-21.6,0,,0,,,,1.253,0.888,1.769,,,,,,,0.5,196,165,0.25,0.327,1.309,1,3,,,,,,,0.875,0.451,1.697,1.194,1.789,1.276,,,,Wing,1.39,,,-0.27,-0.3,Euroleague,2018-19,intl
Adrien Moerman,343,284,59,20,12,33.3,321,60.6,-27.3,73,58.2,-1.8,52,43.3,62.6,-19.4,0,,0,,,,1.111,1.011,1.221,,,,,,,0.738,194,198,0.438,0.384,0.876,12,6,,,,,,,1.032,0.79,1.347,1.124,1.063,1.084,,,,Wing,0.59,,,0.92,0.17,Euroleague,2018-19,intl
Will Clyburn,339,263,76,23,23,50.0,319,52.5,-2.5,90,52.2,-0.2,47,41.5,54.1,-12.6,0,,0,,,,1.006,0.911,1.112,,,,,,,0.826,179,214,0.453,0.463,1.022,8,13,,,,,,,1.107,0.863,1.42,1.112,0.941,0.988,,,,Wing,0.0,,,1.36,0.39,Euroleague,2018-19,intl
Cory Higgins,338,290,48,16,24,50.0,293,57.8,-7.8,98,55.1,-3.1,48,58.3,57.1,1.3,0,,0,,,,1.092,0.977,1.219,,,,,,,0.75,177,202,0.429,0.421,0.98,7,9,,,,,,,0.735,0.499,1.084,1.129,1.038,1.087,,,,Wing,0.49,,,0.98,-0.71,Euroleague,2018-19,intl
Nigel Williams-Goss,332,281,51,18,10,35.0,242,46.9,-11.9,61,45.9,-0.7,36,43.1,47.0,-3.9,0,,0,,,,1.152,0.951,1.394,,,,,,,0.708,194,183,0.381,0.415,1.089,8,10,,,,,,,1.007,0.671,1.512,1.161,1.193,1.149,,,,Playmaker,0.61,,,0.39,0.2,Euroleague,2018-19,intl
Luca Vildoza,331,275,56,20,17,35.3,236,52.1,-16.8,81,48.1,-4.2,40,41.2,52.8,-11.6,0,,0,,,,0.966,0.774,1.204,,,,,,,0.7,174,204,0.408,0.392,0.961,6,10,,,,,,,1.085,0.727,1.619,1.06,1.352,1.064,,,,Wing,-0.22,,,0.73,0.32,Euroleague,2018-19,intl
Scottie Wilbekin,329,249,80,24,22,45.5,295,50.3,-4.9,81,48.1,-2.5,43,61.6,48.2,13.5,0,,0,,,,1.01,0.877,1.163,,,,,,,0.833,207,203,0.459,0.473,1.03,12,11,,,,,,,0.975,0.691,1.377,1.148,1.036,1.023,,,,Playmaker,-0.24,,,0.98,0.1,Euroleague,2018-19,intl
Nate Wolters,320,282,38,13,22,54.5,236,56.1,-1.6,78,55.1,-1.3,32,32.8,59.3,-26.5,0,,0,,,,0.891,0.691,1.148,,,,,,,0.731,171,190,0.363,0.337,0.929,7,4,,,,,,,1.27,0.929,1.735,1.161,1.181,0.961,,,,Playmaker,-0.95,,,0.5,1.0,Euroleague,2018-19,intl
Rodrigue Beaubois,313,267,46,17,10,70.0,252,54.0,16.0,60,44.2,-13.5,25,40.0,56.1,-16.1,0,,0,,,,0.987,0.82,1.187,,,,,,,0.676,179,166,0.408,0.44,1.078,7,4,,,,,,,1.012,0.688,1.489,0.867,1.019,0.982,,,,Playmaker,-0.38,,,0.24,0.22,Euroleague,2018-19,intl
Nemanja Gordic,308,261,47,18,11,63.6,214,43.0,20.6,56,32.1,-15.8,40,50.0,42.7,7.3,0,,0,,,,1.084,0.872,1.346,,,,,,,0.653,178,167,0.371,0.431,1.163,6,8,,,,,,,0.794,0.477,1.322,1.21,0.788,1.017,,,,Wing,0.44,,,0.5,-0.53,Euroleague,2018-19,intl
Krunoslav Simon,307,282,25,11,5,60.0,230,59.3,0.7,45,51.1,-10.2,29,37.9,62.4,-24.4,0,,0,,,,1.047,0.81,1.353,,,,,,,0.568,169,166,0.355,0.373,1.052,3,6,,,,,,,0.951,0.588,1.538,1.036,1.463,1.053,,,,Wing,0.23,,,0.07,-0.07,Euroleague,2018-19,intl
Kevin Pangos,306,271,35,18,7,64.3,213,45.5,18.7,67,59.7,19.5,34,52.9,44.9,8.0,0,,0,,,,1.17,0.944,1.451,,,,,,,0.486,162,172,0.407,0.401,0.985,5,10,,,,,,,0.816,0.468,1.422,1.051,1.244,1.142,,,,Playmaker,0.72,,,-0.66,-0.38,Euroleague,2018-19,intl
Sergio Llull,303,247,56,18,9,16.7,248,47.2,-30.5,43,40.7,-6.5,45,38.9,47.6,-8.8,0,,0,,,,1.022,0.836,1.249,,,,,,,0.778,181,187,0.475,0.422,0.889,9,10,,,,,,,1.367,0.938,1.991,1.023,1.089,1.086,,,,Wing,0.09,,,1.12,1.15,Euroleague,2018-19,intl
Vincent Poirier,299,266,33,13,11,72.7,263,61.2,11.5,63,73.0,14.7,19,31.6,63.9,-32.3,0,,0,,,,1.141,1.055,1.235,,,,,,,0.635,168,148,0.31,0.358,1.157,2,5,,,,,,,1.023,0.782,1.339,1.174,1.058,1.109,,,,Big,0.46,,,0.63,0.17,Euroleague,2018-19,intl
Earl Clark,295,203,92,26,5,30.0,323,46.3,-16.3,51,39.2,-8.1,56,42.0,46.9,-4.9,0,,0,,,,1.043,0.977,1.114,,,,,,,0.885,193,163,0.554,0.552,0.996,15,16,,,,,,,0.713,0.51,0.997,1.036,1.029,1.029,,,,Wing,0.21,,,1.65,-0.77,Euroleague,2018-19,intl
Toney Douglas,286,230,56,15,17,55.9,234,47.9,8.0,71,46.5,-2.7,30,43.3,49.1,-5.8,0,,0,,,,1.166,1.006,1.352,,,,,,,0.933,159,178,0.39,0.483,1.239,7,11,,,,,,,0.82,0.542,1.241,1.137,1.12,1.119,,,,Playmaker,0.69,,,1.45,-0.37,Euroleague,2018-19,intl
Nihad Dedovic,285,238,47,18,8,37.5,223,53.8,-16.3,50,72.0,23.9,37,29.7,57.7,-28.0,0,,0,,,,0.858,0.683,1.078,,,,,,,0.653,157,158,0.452,0.335,0.742,9,4,,,,,,,1.388,1.033,1.866,1.027,0.868,0.852,,,,,,,,,,Euroleague,2018-19,intl
Vassilis Spanoulis,285,222,63,19,10,85.0,210,45.5,39.5,60,50.8,4.9,28,28.6,50.0,-21.4,0,,0,,,,0.963,0.77,1.206,,,,,,,0.829,182,164,0.396,0.39,0.986,8,6,,,,,,,1.311,0.895,1.921,1.103,0.928,0.949,,,,Playmaker,-0.52,,,0.96,1.12,Euroleague,2018-19,intl
Anthony Randolph,280,221,59,19,14,60.7,281,58.5,2.2,34,58.8,0.2,34,45.6,60.3,-14.8,0,,0,,,,1.054,0.979,1.135,,,,,,,0.776,174,151,0.454,0.483,1.065,10,6,,,,,,,1.01,0.758,1.346,1.085,1.037,1.016,,,,Big,-0.08,,,1.24,0.13,Euroleague,2018-19,intl
Michael Roll,279,245,34,15,11,45.5,211,55.7,-10.2,73,61.6,9.6,25,52.0,55.6,-3.6,0,,0,,,,1.222,1.039,1.437,,,,,,,0.567,151,155,0.391,0.374,0.958,6,4,,,,,,,1.31,0.946,1.814,1.025,1.261,1.2,,,,Wing,1.21,,,0.07,0.99,Euroleague,2018-19,intl
Nikola Kalinic,278,239,39,16,20,35.0,228,57.2,-22.2,64,54.7,-1.0,47,54.3,55.7,-1.5,0,,0,,,,1.011,0.85,1.201,,,,,,,0.609,151,160,0.377,0.444,1.176,5,9,,,,,,,0.721,0.454,1.144,1.045,0.922,1.048,,,,Wing,0.03,,,0.28,-0.75,Euroleague,2018-19,intl
Georgios Printezis,278,222,56,17,13,38.5,264,50.8,-12.3,59,44.1,-7.8,39,52.6,49.8,2.8,0,,0,,,,1.071,0.962,1.194,,,,,,,0.824,170,151,0.371,0.536,1.447,6,11,,,,,,,0.74,0.522,1.049,1.023,1.049,1.078,,,,Wing,0.37,,,1.35,-0.69,Euroleague,2018-19,intl
Jan Vesely,276,257,19,7,9,88.9,200,64.2,24.6,39,66.7,1.7,20,50.0,66.9,-16.9,0,,0,,,,0.95,0.694,1.302,,,,,,,0.679,157,131,0.274,0.229,0.836,4,1,,,,,,,1.033,0.709,1.505,1.105,0.826,0.966,,,,Big,-0.72,,,0.82,0.2,Euroleague,2018-19,intl
Ante Tomic,275,252,23,9,5,20.0,232,62.5,-42.5,30,60.0,-1.8,34,50.0,63.5,-13.5,0,,0,,,,1.162,1.009,1.339,,,,,,,0.639,184,109,0.332,0.275,0.83,5,1,,,,,,,1.065,0.772,1.467,1.094,1.245,1.197,,,,Big,0.59,,,0.65,0.31,Euroleague,2018-19,intl
Ali Muhammed,274,236,38,14,10,40.0,206,68.2,-28.2,56,61.6,-7.1,22,68.2,66.8,1.4,0,,0,,,,0.83,0.635,1.086,,,,,,,0.679,156,141,0.359,0.34,0.948,7,5,,,,,,,0.823,0.527,1.284,1.013,1.113,0.873,,,,Playmaker,-1.32,,,0.25,-0.36,Euroleague,2018-19,intl
Gustavo Ayon,272,261,11,4,6,66.7,163,66.9,-0.2,47,72.3,7.6,19,47.4,69.3,-22.0,0,,0,,,,1.045,0.661,1.65,,,,,,,0.688,150,126,0.213,0.19,0.893,2,1,,,,,,,0.841,0.439,1.612,1.029,1.645,1.045,,,,Big,-0.13,,,0.86,-0.42,Euroleague,2018-19,intl
Jordan Mickey,262,209,53,16,10,80.0,274,55.5,24.5,86,58.7,3.4,31,43.5,57.9,-14.4,0,,0,,,,0.971,0.883,1.067,,,,,,,0.828,145,158,0.476,0.411,0.865,8,7,,,,,,,0.899,0.668,1.209,1.002,1.002,0.991,,,,Wing,-0.19,,,1.37,-0.23,Euroleague,2018-19,intl
Nicolo Melli,262,232,30,13,9,55.6,205,52.0,3.6,45,41.1,-13.9,46,45.7,53.9,-8.2,0,,0,,,,0.999,0.81,1.232,,,,,,,0.577,138,138,0.435,0.442,1.017,5,5,,,,,,,1.051,0.666,1.658,0.872,0.806,0.967,,,,Wing,-0.03,,,0.12,0.22,Euroleague,2018-19,intl
Dj Strawberry,261,212,49,19,5,60.0,224,44.0,16.0,52,32.7,-15.0,30,36.7,45.5,-8.8,0,,0,,,,1.122,0.978,1.286,,,,,,,0.645,155,135,0.49,0.511,1.042,7,10,,,,,,,0.806,0.506,1.284,1.101,0.937,1.068,,,,Wing,0.65,,,0.46,-0.5,Euroleague,2018-19,intl
Marko Guduric,261,229,32,12,10,75.0,196,67.1,7.9,56,87.5,27.5,35,45.7,71.9,-26.2,0,,0,,,,1.156,0.959,1.393,,,,,,,0.667,140,143,0.336,0.322,0.958,5,3,,,,,,,1.157,0.848,1.578,1.254,1.314,1.139,,,,Wing,0.84,,,0.57,0.54,Euroleague,2018-19,intl
Derrick Williams,261,207,54,18,10,60.0,266,52.3,7.7,74,50.0,-3.5,43,40.7,54.7,-14.0,0,,0,,,,0.988,0.909,1.074,,,,,,,0.75,141,154,0.461,0.545,1.183,7,10,,,,,,,0.723,0.495,1.055,1.033,0.97,0.967,,,,Wing,-0.1,,,0.98,-0.74,Euroleague,2018-19,intl
Rudy Fernandez,258,200,58,19,9,66.7,199,56.0,10.6,72,63.9,11.3,25,32.0,59.8,-27.8,0,,0,,,,0.975,0.796,1.193,,,,,,,0.763,152,143,0.441,0.392,0.888,8,7,,,,,,,1.179,0.823,1.691,1.039,0.743,0.961,,,,Wing,-0.17,,,1.04,0.6,Euroleague,2018-19,intl
Shavon Shields,257,221,36,13,6,16.7,237,56.5,-39.9,49,31.6,-30.0,25,54.0,55.7,-1.7,0,,0,,,,1.034,0.91,1.174,,,,,,,0.692,144,137,0.41,0.453,1.105,5,5,,,,,,,0.99,0.696,1.406,0.935,0.966,1.001,,,,Wing,0.16,,,0.69,0.04,Euroleague,2018-19,intl
Johnny O'Bryant,257,172,85,26,5,30.0,290,45.7,-15.7,37,41.9,-4.0,41,32.9,47.4,-14.5,0,,0,,,,0.992,0.898,1.095,,,,,,,0.817,185,147,0.546,0.531,0.972,17,13,,,,,,,1.19,0.873,1.624,1.069,0.91,0.996,,,,Big,-0.46,,,1.42,0.71,Euroleague,2018-19,intl
Johannes Voigtmann,256,227,29,12,10,35.0,191,54.2,-19.2,49,30.6,-29.9,17,38.2,54.6,-16.4,0,,0,,,,0.827,0.602,1.135,,,,,,,0.604,143,139,0.371,0.403,1.087,5,6,,,,,,,0.818,0.454,1.474,1.017,0.644,0.906,,,,Big,-1.48,,,0.5,-0.49,Euroleague,2018-19,intl
Alexey Shved,251,195,56,16,18,41.7,203,52.2,-10.6,58,45.7,-7.7,22,43.2,52.3,-9.1,0,,0,,,,1.065,0.886,1.281,,,,,,,0.875,162,149,0.37,0.49,1.323,6,9,,,,,,,0.594,0.358,0.986,1.162,1.092,1.051,,,,Playmaker,0.09,,,1.18,-1.05,Euroleague,2018-19,intl
Edwin Jackson,251,188,63,22,9,66.7,228,54.2,12.5,58,69.8,20.1,37,52.7,55.0,-2.3,0,,0,,,,0.887,0.742,1.061,,,,,,,0.716,163,136,0.466,0.419,0.899,13,6,,,,,,,1.072,0.762,1.51,1.032,0.936,0.953,,,,Playmaker,-0.97,,,0.43,0.4,Euroleague,2018-19,intl
Darrun Hilliard,251,188,63,20,10,35.0,247,49.4,-14.4,74,53.4,6.4,15,46.7,49.0,-2.3,0,,0,,,,0.94,0.83,1.066,,,,,,,0.787,156,138,0.538,0.486,0.902,15,7,,,,,,,1.088,0.772,1.533,0.893,1.003,0.972,,,,Wing,-0.37,,,1.16,0.33,Euroleague,2018-19,intl
Deshaun Thomas,250,204,46,21,8,75.0,259,54.2,20.8,74,55.4,0.7,32,40.6,56.8,-16.2,0,,0,,,,0.957,0.859,1.066,,,,,,,0.548,149,142,0.45,0.493,1.096,7,8,,,,,,,1.183,0.881,1.589,1.057,0.934,0.912,,,,Wing,-0.27,,,-0.03,0.61,Euroleague,2018-19,intl
Stefan Jovic,244,231,13,5,14,50.0,135,57.8,-7.8,36,48.6,-11.1,28,41.1,60.7,-19.7,0,,0,,,,1.202,0.823,1.756,,,,,,,0.65,128,126,0.289,0.286,0.988,2,1,,,,,,,0.844,0.4,1.784,1.086,1.488,1.025,,,,Playmaker,0.91,,,0.11,-0.29,Euroleague,2018-19,intl
Michael Eric,243,209,34,16,11,54.5,228,53.9,0.6,56,55.4,1.8,27,37.0,56.1,-19.1,0,,0,,,,0.976,0.856,1.112,,,,,,,0.531,141,124,0.397,0.435,1.096,6,6,,,,,,,1.031,0.751,1.414,0.97,0.989,0.941,,,,,,,,,,Euroleague,2018-19,intl
Matt Janning,240,183,57,18,15,66.7,215,54.2,12.5,53,52.8,-2.8,35,25.7,60.3,-34.5,0,,0,,,,0.887,0.75,1.05,,,,,,,0.792,140,139,0.45,0.518,1.151,7,9,,,,,,,0.734,0.474,1.136,1.078,0.919,0.921,,,,Wing,-0.66,,,1.19,-0.71,Euroleague,2018-19,intl
Chris Singleton,239,180,59,25,9,38.9,237,47.3,-8.4,42,34.5,-15.0,39,39.7,48.3,-8.6,0,,0,,,,0.965,0.855,1.09,,,,,,,0.59,151,128,0.57,0.531,0.933,8,8,,,,,,,1.347,0.967,1.875,0.942,0.919,0.973,,,,Wing,-0.23,,,0.18,1.1,Euroleague,2018-19,intl
Stefan Markovic,237,219,18,6,9,83.3,122,47.5,35.8,42,53.6,5.3,29,36.2,53.9,-17.7,0,,0,,,,0.317,0.112,0.899,,,,,,,0.75,133,119,0.308,0.328,1.063,3,2,,,,,,,,,,0.979,0.482,0.688,,,,Wing,-3.85,,,0.98,,Euroleague,2018-19,intl
Marius Grigonis,235,210,25,10,10,35.0,179,56.7,-21.7,44,52.3,-4.3,27,48.1,56.8,-8.6,0,,0,,,,1.2,1.016,1.417,,,,,,,0.625,134,116,0.403,0.405,1.005,5,4,,,,,,,0.818,0.483,1.385,1.232,1.036,1.169,,,,Wing,1.09,,,0.36,-0.46,Euroleague,2018-19,intl
Bryant Dunston,232,224,8,6,5,40.0,180,65.0,-25.0,38,60.5,-4.8,24,41.7,67.7,-26.0,0,,0,,,,0.971,0.647,1.458,,,,,,,0.333,131,107,0.275,0.29,1.054,1,0,,,,,,,0.752,0.336,1.686,0.861,1.29,0.971,,,,Wing,-0.19,,,-1.1,-0.66,Euroleague,2018-19,intl
Petteri Koponen,232,202,30,10,12,83.3,178,63.8,19.6,61,60.7,-6.4,32,65.6,64.9,0.8,0,,0,,,,0.956,0.76,1.201,,,,,,,0.75,120,128,0.375,0.367,0.979,4,4,,,,,,,0.995,0.662,1.495,0.969,0.824,0.905,,,,Wing,-0.28,,,0.98,0.06,Euroleague,2018-19,intl
Nikola Milutinov,227,219,8,3,6,83.3,184,66.0,17.3,30,66.7,0.1,18,52.8,68.0,-15.2,0,,0,,,,1.071,0.818,1.401,,,,,,,0.667,144,88,0.264,0.295,1.12,2,0,,,,,,,0.423,0.13,1.37,1.011,0.871,0.979,,,,Big,0.03,,,0.77,-1.77,Euroleague,2018-19,intl
Adam Hanga,225,186,39,13,7,35.7,187,52.1,-16.4,45,50.0,-2.0,23,21.7,55.6,-33.8,0,,0,,,,0.896,0.727,1.105,,,,,,,0.75,123,123,0.423,0.423,1.0,5,4,,,,,,,0.922,0.601,1.416,0.992,0.906,0.846,,,,Wing,-0.61,,,0.98,-0.16,Euroleague,2018-19,intl
Deandre Kane,223,196,27,11,6,41.7,174,49.7,-8.0,39,46.2,-4.2,29,32.8,52.6,-19.9,0,,0,,,,1.262,1.074,1.483,,,,,,,0.614,142,104,0.423,0.404,0.956,5,3,,,,,,,1.062,0.685,1.644,1.236,1.138,1.141,,,,Playmaker,1.27,,,-0.06,0.37,Euroleague,2018-19,intl
Othello Hunter,223,209,14,7,4,25.0,194,60.3,-35.3,27,66.7,8.2,23,34.8,62.9,-28.1,0,,0,,,,1.001,0.802,1.248,,,,,,,0.5,146,84,0.397,0.262,0.659,3,0,,,,,,,0.799,0.449,1.423,1.044,0.87,1.001,,,,Wing,-0.02,,,-0.27,-0.52,Euroleague,2018-19,intl
Luigi Datome,223,181,42,19,19,71.1,203,57.6,13.4,60,59.2,0.5,39,38.5,63.1,-24.7,0,,0,,,,0.976,0.853,1.117,,,,,,,0.553,115,137,0.452,0.467,1.033,2,8,,,,,,,0.851,0.574,1.263,0.995,1.066,0.978,,,,,,,,,,Euroleague,2018-19,intl
Danilo Barthel,223,195,28,10,8,75.0,171,55.3,19.7,36,66.7,13.2,37,43.2,59.5,-16.3,0,,0,,,,1.112,0.918,1.348,,,,,,,0.7,125,115,0.4,0.33,0.826,6,4,,,,,,,0.722,0.425,1.229,0.785,0.976,0.996,,,,Big,0.28,,,0.91,-0.8,Euroleague,2018-19,intl
Norris Cole,222,178,44,13,8,93.8,195,52.3,41.4,43,53.5,-0.6,21,52.4,54.1,-1.7,0,,0,,,,1.05,0.875,1.261,,,,,,,0.846,130,133,0.385,0.398,1.036,6,6,,,,,,,0.803,0.533,1.208,0.895,1.156,1.142,,,,Playmaker,0.0,,,1.04,-0.42,Euroleague,2018-19,intl
Kyle Hines,220,200,20,9,3,33.3,178,58.4,-25.1,35,62.9,6.0,21,47.6,59.4,-11.8,0,,0,,,,1.176,0.997,1.388,,,,,,,0.556,128,103,0.305,0.359,1.179,3,1,,,,,,,0.823,0.509,1.328,0.945,1.295,1.188,,,,Wing,0.96,,,0.01,-0.45,Euroleague,2018-19,intl
Tony Crocker,220,149,71,20,7,64.3,226,45.8,18.5,48,44.8,-2.0,28,21.4,49.8,-28.3,0,,0,,,,0.999,0.885,1.128,,,,,,,0.887,152,123,0.546,0.512,0.938,14,5,,,,,,,0.943,0.633,1.404,0.97,1.01,0.982,,,,Wing,-0.03,,,1.66,-0.1,Euroleague,2018-19,intl
Kyle Kuric,218,171,47,18,6,33.3,218,56.9,-23.5,51,53.9,-3.0,28,44.6,57.9,-13.3,0,,0,,,,0.91,0.793,1.044,,,,,,,0.653,125,123,0.536,0.472,0.88,8,6,,,,,,,0.935,0.643,1.36,0.916,0.917,0.937,,,,Wing,-0.53,,,0.5,-0.12,Euroleague,2018-19,intl
Marcus Eriksson,215,159,56,18,7,42.9,230,57.6,-14.8,64,54.7,-3.4,15,66.7,56.5,10.1,0,,0,,,,0.959,0.859,1.071,,,,,,,0.778,123,137,0.528,0.489,0.925,10,6,,,,,,,1.175,0.865,1.596,0.922,0.956,0.996,,,,Wing,-0.26,,,1.12,0.59,Euroleague,2018-19,intl
Keith Langford,214,169,45,16,14,21.4,199,50.5,-29.1,48,41.7,-8.9,31,33.9,51.1,-17.2,0,,0,,,,1.095,0.991,1.211,,,,,,,0.703,124,121,0.46,0.537,1.169,6,12,,,,,,,0.714,0.461,1.106,1.127,1.13,1.091,,,,Wing,0.5,,,0.75,-0.77,Euroleague,2018-19,intl
Dee Bost,213,178,35,10,5,20.0,153,52.0,-32.0,41,46.3,-6.2,26,32.7,54.5,-21.9,0,,0,,,,1.087,0.859,1.374,,,,,,,0.875,118,114,0.407,0.404,0.992,5,3,,,,,,,0.918,0.544,1.547,1.012,1.241,1.065,,,,Playmaker,0.22,,,1.18,-0.07,Euroleague,2018-19,intl
Malcolm Thomas,213,201,12,8,10,70.0,161,61.8,8.2,32,62.5,0.3,16,53.1,63.2,-10.1,0,,0,,,,0.427,0.191,0.953,,,,,,,0.375,117,106,0.248,0.387,1.561,2,4,,,,,,,1.227,0.687,2.189,1.047,,0.553,,,,Wing,-3.24,,,-0.89,0.74,Euroleague,2018-19,intl
Jaycee Carroll,212,173,39,19,12,29.2,212,53.8,-24.6,80,46.2,-9.7,19,63.2,51.5,11.7,0,,0,,,,0.992,0.898,1.095,,,,,,,0.513,115,124,0.452,0.589,1.302,9,11,,,,,,,0.52,0.301,0.898,1.006,0.999,1.003,,,,Playmaker,-0.35,,,-0.53,-1.27,Euroleague,2018-19,intl
Vladimir Lucic,209,171,38,13,21,54.8,178,59.3,-4.5,63,69.0,15.0,33,40.9,62.3,-21.4,0,,0,,,,0.986,0.848,1.147,,,,,,,0.731,107,126,0.458,0.365,0.797,5,4,,,,,,,1.304,0.986,1.724,0.99,1.175,0.968,,,,Wing,-0.11,,,0.88,0.97,Euroleague,2018-19,intl
James Gist,207,194,13,8,3,66.7,173,55.8,10.9,53,53.8,-3.1,21,45.2,57.4,-12.2,0,,0,,,,0.845,0.584,1.221,,,,,,,0.406,106,109,0.358,0.404,1.126,0,3,,,,,,,0.785,0.373,1.651,0.933,0.814,0.845,,,,Wing,-0.9,,,-0.73,-0.56,Euroleague,2018-19,intl
Edgaras Ulanovas,205,178,27,14,9,33.3,171,51.2,-17.8,42,36.9,-17.4,26,50.0,50.3,-0.3,0,,0,,,,0.784,0.582,1.056,,,,,,,0.482,110,116,0.455,0.44,0.967,4,4,,,,,,,0.853,0.472,1.544,1.037,0.794,0.832,,,,Wing,-1.24,,,-0.35,-0.36,Euroleague,2018-19,intl
Stanton Kidd,205,162,43,18,10,60.0,187,45.2,14.8,57,45.6,-0.5,27,33.3,47.9,-14.6,0,,0,,,,0.935,0.791,1.105,,,,,,,0.597,131,103,0.481,0.553,1.151,8,5,,,,,,,0.448,0.226,0.888,0.975,0.928,0.953,,,,Wing,-0.39,,,0.22,-1.55,Euroleague,2018-19,intl
Thomas Walkup,204,192,12,6,7,14.3,135,55.2,-40.9,36,55.6,3.2,28,33.9,57.9,-24.0,0,,0,,,,1.008,0.667,1.523,,,,,,,0.5,112,100,0.393,0.29,0.738,4,3,,,,,,,0.722,0.29,1.793,1.053,1.005,1.08,,,,Playmaker,-0.25,,,-0.6,-0.66,Euroleague,2018-19,intl
Tibor Pleiss,202,188,14,8,3,33.3,196,65.3,-32.0,53,71.7,9.4,18,52.8,66.0,-13.2,0,,0,,,,0.992,0.854,1.152,,,,,,,0.438,111,101,0.378,0.327,0.864,1,2,,,,,,,0.95,0.61,1.48,1.046,0.946,1.002,,,,Big,-0.46,,,-0.21,-0.07,Euroleague,2018-19,intl
Leo Westermann,201,182,19,8,11,81.8,122,51.2,30.6,35,50.0,-5.1,22,56.8,53.2,3.7,0,,0,,,,0.84,0.541,1.306,,,,,,,0.594,105,109,0.381,0.367,0.963,3,1,,,,,,,1.239,0.641,2.394,1.061,0.404,0.804,,,,Wing,-0.92,,,0.2,0.78,Euroleague,2018-19,intl
Fabien Causeur,201,172,29,11,0,,164,54.3,,17,55.9,1.8,17,20.6,58.2,-37.6,0,,0,,,,1.177,0.992,1.397,,,,,,,0.659,115,103,0.426,0.359,0.843,7,2,,,,,,,0.945,0.607,1.471,1.164,1.126,1.078,,,,Wing,0.96,,,0.53,-0.09,Euroleague,2018-19,intl
Jeremy Evans,201,182,19,8,10,60.0,177,62.7,-2.7,41,63.4,1.1,10,60.0,62.7,-2.7,0,,0,,,,1.018,0.864,1.198,,,,,,,0.594,115,96,0.409,0.354,0.867,3,2,,,,,,,0.882,0.554,1.406,1.057,0.99,1.029,,,,Big,-0.3,,,0.46,-0.29,Euroleague,2018-19,intl
Ioannis Papapetrou,197,156,41,14,6,58.3,183,56.8,1.5,49,59.2,3.1,24,43.8,58.8,-15.0,0,,0,,,,0.821,0.677,0.996,,,,,,,0.732,101,117,0.416,0.444,1.069,4,7,,,,,,,1.064,0.75,1.51,0.981,0.898,0.832,,,,Wing,-1.03,,,0.89,0.26,Euroleague,2018-19,intl
Maodo Lo,197,171,26,14,1,0.0,154,51.9,-51.9,29,36.2,-19.0,27,33.3,55.5,-22.1,0,,0,,,,1.033,0.802,1.329,,,,,,,0.464,120,93,0.35,0.473,1.352,4,3,,,,,,,0.626,0.316,1.243,1.059,0.992,1.06,,,,Wing,0.16,,,-0.44,-1.03,Euroleague,2018-19,intl
Aaron White,196,172,24,10,13,57.7,174,55.5,2.2,48,62.5,9.3,19,39.5,57.4,-18.0,0,,0,,,,0.878,0.711,1.085,,,,,,,0.6,96,113,0.448,0.416,0.929,4,4,,,,,,,1.081,0.717,1.63,0.935,0.692,0.904,,,,Wing,-0.71,,,0.23,0.31,Euroleague,2018-19,intl
Arturas Milaknis,195,161,34,19,14,53.6,172,56.7,-3.1,61,58.2,2.6,21,42.9,58.2,-15.3,0,,0,,,,0.961,0.812,1.136,,,,,,,0.447,98,118,0.5,0.525,1.051,4,7,,,,,,,0.889,0.541,1.461,0.978,0.974,0.972,,,,Wing,-0.25,,,-0.53,-0.25,Euroleague,2018-19,intl
Daniel Hackett,194,189,5,8,8,68.8,135,49.3,19.5,36,41.7,-11.6,27,42.6,52.2,-9.6,0,,0,,,,1.145,0.732,1.793,,,,,,,0.156,107,95,0.411,0.389,0.947,2,1,,,,,,,0.55,0.1,3.034,1.016,,1.145,,,,Playmaker,0.57,,,-2.22,-1.18,Euroleague,2018-19,intl
Kostas Papanikolaou,193,170,23,13,9,61.1,151,55.0,6.1,27,44.4,-13.1,24,43.8,57.4,-13.6,0,,0,,,,1.097,0.893,1.349,,,,,,,0.442,108,99,0.426,0.455,1.067,5,4,,,,,,,0.884,0.506,1.543,1.043,1.311,1.051,,,,Wing,0.51,,,-0.55,-0.27,Euroleague,2018-19,intl
Curtis Jerrells,190,167,23,14,9,22.2,159,50.6,-28.4,46,50.0,1.2,28,25.0,53.9,-28.9,0,,0,,,,1.053,0.859,1.291,,,,,,,0.411,117,93,0.462,0.527,1.142,4,3,,,,,,,0.739,0.37,1.474,1.209,0.965,1.051,,,,Playmaker,0.02,,,-1.02,-0.61,Euroleague,2018-19,intl
Jeffery Taylor,186,181,5,4,5,80.0,128,64.1,15.9,19,73.7,10.5,15,60.0,65.3,-5.3,0,,0,,,,1.158,0.739,1.815,,,,,,,0.312,100,90,0.34,0.311,0.915,1,1,,,,,,,0.919,0.34,2.481,1.241,1.438,1.158,,,,Wing,0.85,,,-1.2,-0.17,Euroleague,2018-19,intl
Albert Oliver,184,160,24,11,3,0.0,108,40.7,-40.7,25,34.0,-7.3,14,25.0,41.8,-16.8,0,,0,,,,1.5,1.136,1.981,,,,,,,0.545,114,90,0.325,0.422,1.301,4,4,,,,,,,1.152,0.598,2.219,1.446,0.943,1.418,,,,Playmaker,2.69,,,-0.38,0.64,Euroleague,2018-19,intl
Angelo Caloiaro,183,163,20,8,4,87.5,159,54.1,33.4,44,63.6,12.0,19,47.4,55.9,-8.5,0,,0,,,,1.042,0.855,1.27,,,,,,,0.625,102,96,0.441,0.417,0.944,4,3,,,,,,,0.948,0.557,1.615,0.904,1.041,1.003,,,,Wing,0.21,,,0.36,-0.08,Euroleague,2018-19,intl
Mindaugas Kuzminskas,180,164,16,9,11,63.6,160,58.1,5.5,71,59.9,2.4,24,50.0,59.9,-9.9,0,,0,,,,1.06,0.924,1.217,,,,,,,0.444,88,103,0.455,0.447,0.983,1,5,,,,,,,0.753,0.398,1.426,0.897,1.008,1.068,,,,Wing,0.31,,,-0.54,-0.66,Euroleague,2018-19,intl
Coty Clarke,179,144,35,15,6,50.0,161,50.0,0.0,57,45.6,-6.7,31,41.9,51.8,-9.9,0,,0,,,,1.116,0.983,1.267,,,,,,,0.583,98,101,0.408,0.505,1.237,4,8,,,,,,,0.954,0.632,1.44,1.0,1.126,1.124,,,,Wing,0.62,,,0.15,-0.06,Euroleague,2018-19,intl
Ray Mccallum,179,138,41,13,14,46.4,141,42.2,4.2,44,45.5,4.0,21,38.1,43.3,-5.2,0,,0,,,,1.213,0.977,1.507,,,,,,,0.788,97,127,0.423,0.417,0.987,7,7,,,,,,,1.189,0.763,1.854,1.449,1.029,1.315,,,,Playmaker,0.97,,,0.77,0.75,Euroleague,2018-19,intl
Clevin Hannah,178,151,27,9,8,31.2,118,50.0,-18.8,31,41.9,-9.1,14,46.4,49.1,-2.7,0,,0,,,,0.856,0.599,1.223,,,,,,,0.75,97,101,0.371,0.366,0.987,4,2,,,,,,,0.852,0.443,1.64,1.054,0.311,0.85,,,,Playmaker,-1.16,,,0.59,-0.27,Euroleague,2018-19,intl
Tornike Shengelia,178,149,29,12,11,50.0,152,53.9,-3.9,35,44.3,-12.0,19,15.8,58.7,-42.9,0,,0,,,,1.132,0.976,1.313,,,,,,,0.604,108,92,0.361,0.457,1.264,4,5,,,,,,,1.153,0.814,1.632,0.961,1.248,1.082,,,,Wing,0.71,,,0.25,0.52,Euroleague,2018-19,intl
Tarik Black,178,168,10,5,12,66.7,155,69.7,-3.0,33,75.8,7.8,18,61.1,70.5,-9.4,0,,0,,,,1.001,0.809,1.239,,,,,,,0.5,96,89,0.281,0.27,0.959,2,2,,,,,,,1.077,0.749,1.549,1.079,,1.02,,,,Big,-0.4,,,0.05,0.35,Euroleague,2018-19,intl
Joffrey Lauvergne,176,153,23,6,3,33.3,142,58.5,-25.1,29,72.4,18.1,15,33.3,60.8,-27.4,0,,0,,,,0.776,0.553,1.088,,,,,,,0.958,104,84,0.394,0.274,0.695,5,2,,,,,,,0.612,0.298,1.256,0.787,1.092,0.872,,,,Big,-1.8,,,2.02,-1.16,Euroleague,2018-19,intl
Zach Leday,174,153,21,10,6,50.0,180,56.7,-6.7,48,54.2,-3.1,21,50.0,57.3,-7.3,0,,0,,,,1.055,,,,,,,,,0.525,105,89,0.457,0.427,0.934,4,3,,,,,,,0.832,0.52,1.331,1.038,1.048,1.056,,,,Wing,0.28,,,-0.14,-0.42,Euroleague,2018-19,intl
Charles Jenkins,169,159,10,7,4,37.5,137,61.3,-23.8,21,38.1,-26.5,19,47.4,62.7,-15.3,0,,0,,,,0.745,0.447,1.243,,,,,,,0.357,98,78,0.367,0.462,1.256,1,6,,,,,,,0.637,0.203,1.998,0.908,0.746,0.745,,,,Playmaker,-1.82,,,-1.27,-0.92,Euroleague,2018-19,intl
Pau Ribas,169,144,25,10,3,50.0,129,48.4,1.6,32,43.8,-6.2,17,47.1,48.7,-1.6,0,,0,,,,1.198,0.979,1.465,,,,,,,0.625,93,88,0.505,0.432,0.854,4,4,,,,,,,1.47,0.905,2.386,0.957,0.456,1.162,,,,Wing,1.08,,,0.36,1.46,Euroleague,2018-19,intl
Xavier Rabaseda,167,140,27,16,2,0.0,145,50.7,-50.7,24,25.0,-29.9,9,55.6,49.6,5.9,0,,0,,,,0.999,0.802,1.245,,,,,,,0.422,107,77,0.393,0.584,1.489,3,6,,,,,,,0.799,0.447,1.426,1.008,1.271,1.009,,,,,,,,,,Euroleague,2018-19,intl
Kevin Seraphin,165,157,8,4,1,100.0,151,62.9,37.1,36,66.7,4.6,22,40.9,66.9,-26.0,0,,0,,,,0.974,0.746,1.273,,,,,,,0.5,101,68,0.327,0.338,1.035,1,0,,,,,,,1.343,0.968,1.862,0.956,,0.974,,,,Big,-0.57,,,0.05,1.21,Euroleague,2018-19,intl
Pierre Oriola,162,142,20,11,2,0.0,148,51.7,-51.7,55,48.2,-4.4,24,37.5,53.6,-16.1,0,,0,,,,0.947,0.752,1.192,,,,,,,0.455,89,87,0.438,0.471,1.075,3,4,,,,,,,1.164,0.727,1.862,1.049,1.182,0.968,,,,Wing,-0.33,,,-0.49,0.56,Euroleague,2018-19,intl
Oriol Pauli,160,144,16,7,1,0.0,126,47.6,-47.6,52,51.0,6.3,14,39.3,48.2,-8.9,0,,0,,,,1.073,0.834,1.382,,,,,,,0.571,70,99,0.5,0.354,0.707,4,1,,,,,,,0.986,0.53,1.834,0.799,1.347,0.956,,,,Wing,0.38,,,0.09,0.03,Euroleague,2018-19,intl
Zanis Peiners,160,159,1,1,3,116.7,110,56.4,60.3,24,50.0,-10.1,8,43.8,59.0,-15.3,0,,0,,,,,,,,,,,,,0.25,86,75,0.256,0.4,1.564,0,1,,,,,,,,,,0.747,,,,,,Wing,,,,-1.51,,Euroleague,2018-19,intl
Kim Tillie,160,134,26,11,7,64.3,144,57.3,7.0,44,52.3,-7.5,16,50.0,58.5,-8.5,0,,0,,,,1.031,0.883,1.204,,,,,,,0.591,87,86,0.471,0.477,1.012,4,3,,,,,,,1.204,0.801,1.81,0.979,1.032,1.04,,,,Big,-0.22,,,0.45,0.76,Euroleague,2018-19,intl
Alec Peters,159,140,19,13,7,57.1,143,54.9,2.2,31,56.5,1.8,17,47.1,56.0,-9.0,0,,0,,,,0.929,0.729,1.184,,,,,,,0.365,98,79,0.48,0.506,1.056,3,3,,,,,,,0.881,0.46,1.689,1.048,0.907,0.927,,,,Wing,-0.43,,,-0.94,-0.28,Euroleague,2018-19,intl
James Anderson,159,146,13,7,0,,138,56.2,,29,50.0,-7.8,16,25.0,60.2,-35.2,0,,0,,,,1.133,0.951,1.349,,,,,,,0.464,97,69,0.443,0.507,1.144,3,2,,,,,,,0.522,0.192,1.416,1.221,1.214,1.133,,,,Wing,0.71,,,-0.44,-1.34,Euroleague,2018-19,intl
Trey Thompkins,154,128,26,12,9,38.9,145,59.3,-20.4,58,52.6,-8.9,21,59.5,57.9,1.6,0,,0,,,,1.089,0.986,1.203,,,,,,,0.542,87,83,0.414,0.518,1.252,2,5,,,,,,,1.169,0.81,1.687,0.959,1.113,1.095,,,,Big,0.14,,,0.23,0.65,Euroleague,2018-19,intl
Jeff Brooks,154,140,14,8,8,43.8,128,57.8,-14.1,23,47.8,-11.0,20,65.0,55.6,9.4,0,,0,,,,1.25,,,,,,,,,0.438,83,81,0.386,0.444,1.153,2,3,,,,,,,0.787,0.42,1.475,1.189,1.22,1.25,,,,Wing,1.37,,,-0.57,-0.56,Euroleague,2018-19,intl
Janis Strelnieks,153,143,10,4,2,125.0,113,60.6,64.4,32,67.2,7.5,14,53.6,62.9,-9.3,0,,0,,,,0.535,0.249,1.149,,,,,,,0.625,69,88,0.406,0.341,0.84,0,3,,,,,,,,,,1.007,1.372,0.535,,,,Wing,-2.63,,,0.36,,Euroleague,2018-19,intl
Kartal Ozmizrak,152,130,22,9,8,68.8,102,48.0,20.7,32,53.1,5.0,23,47.8,50.0,-2.2,0,,0,,,,1.068,0.781,1.461,,,,,,,0.611,77,89,0.338,0.449,1.331,4,3,,,,,,,0.437,0.155,1.234,1.071,0.844,1.107,,,,Playmaker,0.11,,,-0.07,-1.53,Euroleague,2018-19,intl
Walter Tavares,152,145,7,2,1,100.0,130,79.2,20.8,25,92.0,15.6,7,28.6,82.3,-53.7,0,,0,,,,0.835,0.52,1.341,,,,,,,0.875,73,81,0.233,0.123,0.53,0,1,,,,,,,1.253,,,0.91,0.388,0.835,,,,,,,,,,Euroleague,2018-19,intl
Victor Claver,152,142,10,9,5,40.0,123,55.7,-15.7,27,46.3,-11.1,20,52.5,55.6,-3.1,0,,0,,,,1.162,0.928,1.455,,,,,,,0.278,80,81,0.412,0.42,1.018,0,3,,,,,,,1.111,0.602,2.052,1.033,0.629,1.162,,,,Big,0.59,,,-0.9,0.46,Euroleague,2018-19,intl
Alen Omic,151,144,7,7,7,28.6,126,58.3,-29.8,34,47.1,-13.0,25,44.0,59.7,-15.7,0,,0,,,,1.22,,,,,,,,,0.25,79,81,0.38,0.346,0.91,1,3,,,,,,,0.712,0.299,1.697,1.17,1.206,1.085,,,,Big,0.95,,,-1.02,-0.84,Euroleague,2018-19,intl
Ondrej Balvin,150,144,6,3,3,33.3,123,65.0,-31.7,20,65.0,0.8,10,50.0,65.5,-15.5,0,,0,,,,1.008,0.7,1.453,,,,,,,0.5,88,65,0.295,0.292,0.989,0,1,,,,,,,0.915,0.442,1.895,0.842,,1.008,,,,Big,-0.36,,,0.05,-0.18,Euroleague,2018-19,intl
Brock Motum,150,133,17,11,3,100.0,148,55.7,44.3,43,65.1,11.9,14,32.1,59.1,-27.0,0,,0,,,,1.009,0.889,1.147,,,,,,,0.386,94,67,0.468,0.478,1.02,4,1,,,,,,,1.073,0.675,1.706,0.993,0.796,1.009,,,,Wing,0.02,,,-0.83,0.29,Euroleague,2018-19,intl
Alex Tyus,148,138,10,5,1,100.0,145,66.2,33.8,40,65.0,-2.0,15,53.3,67.9,-14.6,0,,0,,,,1.062,,,,,,,,,0.5,83,71,0.313,0.324,1.034,1,1,,,,,,,1.022,0.67,1.56,1.062,,1.062,,,,Wing,0.32,,,-0.27,0.14,Euroleague,2018-19,intl
Eulis Baez,142,123,19,8,8,31.2,109,50.5,-19.2,18,27.8,-25.3,12,37.5,50.5,-13.0,0,,0,,,,1.126,0.903,1.403,,,,,,,0.594,72,79,0.403,0.481,1.194,2,4,,,,,,,0.511,0.213,1.225,1.046,1.206,1.136,,,,Wing,0.68,,,0.2,-1.37,Euroleague,2018-19,intl
John Dibartolomeo,141,121,20,8,4,37.5,118,49.6,-12.1,46,45.7,-5.7,20,17.5,55.4,-37.9,0,,0,,,,1.03,0.811,1.308,,,,,,,0.625,60,95,0.517,0.495,0.958,2,4,,,,,,,1.343,0.77,2.341,1.069,0.872,1.04,,,,Playmaker,-0.12,,,-0.0,1.22,Euroleague,2018-19,intl
Lukas Lekavicius,140,127,13,8,1,150.0,110,49.1,100.9,48,50.0,0.0,7,35.7,51.0,-15.2,0,,0,,,,1.332,1.096,1.619,,,,,,,0.406,72,80,0.347,0.487,1.404,1,4,,,,,,,0.965,0.474,1.965,1.324,1.042,1.287,,,,Playmaker,1.69,,,-1.04,0.07,Euroleague,2018-19,intl
Nemanja Nedovic,140,112,28,7,6,50.0,122,57.8,-7.8,38,63.2,8.2,9,66.7,56.7,9.9,0,,0,,,,1.149,0.977,1.352,,,,,,,1.0,82,80,0.415,0.438,1.055,6,4,,,,,,,0.994,0.626,1.579,1.055,1.153,1.061,,,,Wing,0.8,,,2.22,0.05,Euroleague,2018-19,intl
Oguz Savas,138,126,12,5,0,,121,47.9,,22,45.5,-3.0,21,47.6,48.0,-0.4,0,,0,,,,1.111,0.92,1.341,,,,,,,0.6,92,53,0.446,0.415,0.931,3,1,,,,,,,0.516,0.193,1.377,0.941,1.216,1.125,,,,Wing,0.59,,,0.23,-1.35,Euroleague,2018-19,intl
Anzejs Pasecniks,133,109,24,9,2,100.0,130,48.1,51.9,35,40.0,-12.1,12,25.0,51.2,-26.2,0,,0,,,,1.066,0.96,1.183,,,,,,,0.667,86,58,0.453,0.5,1.103,5,2,,,,,,,0.835,0.505,1.382,1.058,0.995,1.069,,,,Big,-0.0,,,0.77,-0.44,Euroleague,2018-19,intl
Erick Green,132,127,5,3,0,,114,61.4,,35,77.1,22.7,16,59.4,61.7,-2.4,0,,0,,,,1.198,,,,,,,,,0.417,82,53,0.463,0.302,0.651,0,0,,,,,,,1.542,0.959,2.479,1.013,1.188,1.198,,,,Playmaker,0.89,,,-0.99,1.82,Euroleague,2018-19,intl
Nikita Kurbanov,132,121,11,4,2,125.0,107,69.6,55.4,18,77.8,8.5,10,45.0,73.2,-28.2,0,,0,,,,1.17,0.949,1.443,,,,,,,0.688,74,63,0.351,0.286,0.813,2,1,,,,,,,0.989,0.581,1.684,1.145,1.086,1.18,,,,Wing,0.92,,,0.67,0.04,Euroleague,2018-19,intl
Matt Lojeski,132,128,4,5,2,125.0,116,58.2,66.8,30,50.0,-12.5,9,72.2,58.3,14.0,0,,0,,,,1.174,,,,,,,,,0.2,67,70,0.313,0.5,1.595,0,1,,,,,,,0.447,0.081,2.459,0.925,,1.174,,,,Wing,0.94,,,-1.76,-1.56,Euroleague,2018-19,intl
Devin Booker,132,118,14,6,3,33.3,111,58.6,-25.2,22,54.5,-4.2,9,38.9,59.5,-20.6,0,,0,,,,0.966,0.725,1.287,,,,,,,0.583,67,74,0.373,0.351,0.942,1,4,,,,,,,0.935,0.531,1.646,1.071,0.959,0.871,,,,Wing,-0.22,,,0.15,-0.12,Euroleague,2018-19,intl
Leon Radosevic,130,124,6,4,2,50.0,104,55.8,-5.8,16,43.8,-14.0,17,41.2,58.4,-17.3,0,,0,,,,0.844,0.476,1.496,,,,,,,0.375,89,45,0.348,0.356,1.021,4,0,,,,,,,0.43,0.078,2.366,1.338,,0.844,,,,Wing,-0.9,,,-0.89,-1.61,Euroleague,2018-19,intl
Jon Diebler,128,117,11,11,7,21.4,103,50.5,-29.1,25,30.0,-24.1,17,38.2,50.5,-12.3,0,,0,,,,1.076,0.8,1.447,,,,,,,0.25,73,67,0.493,0.522,1.059,3,1,,,,,,,0.549,0.158,1.914,1.209,0.637,1.096,,,,Wing,0.4,,,-1.51,-1.26,Euroleague,2018-19,intl
Arturas Gudaitis,128,124,4,3,4,75.0,118,63.6,11.4,28,57.1,-8.8,6,50.0,64.7,-14.7,0,,0,,,,0.534,0.2,1.426,,,,,,,0.333,65,67,0.277,0.388,1.401,1,2,,,,,,,0.753,0.187,3.03,0.9,,0.641,,,,Big,-3.3,,,-0.66,-0.7,Euroleague,2018-19,intl
Sean Kilpatrick,126,107,19,8,5,50.0,120,49.6,0.4,36,44.4,-7.2,14,60.7,48.2,12.5,0,,0,,,,0.899,0.705,1.145,,,,,,,0.594,59,84,0.508,0.488,0.96,3,4,,,,,,,1.139,0.677,1.917,0.903,0.912,0.931,,,,Wing,-0.59,,,0.2,0.48,Euroleague,2018-19,intl
Melih Mahmutoglu,125,112,13,7,9,72.2,109,65.1,7.1,42,70.2,7.1,23,54.3,68.4,-14.1,0,,0,,,,0.87,0.641,1.181,,,,,,,0.464,66,68,0.348,0.515,1.477,1,3,,,,,,,1.308,0.838,2.041,0.981,1.138,0.905,,,,Wing,-0.76,,,-0.44,0.98,Euroleague,2018-19,intl
Markel Brown,124,106,18,10,5,60.0,93,40.9,19.1,23,32.6,-12.1,10,40.0,42.0,-2.0,0,,0,,,,0.864,0.586,1.274,,,,,,,0.45,72,64,0.458,0.484,1.057,3,4,,,,,,,0.682,0.25,1.861,0.966,0.985,0.919,,,,Wing,-0.79,,,-0.51,-0.87,Euroleague,2018-19,intl
Nikos Pappas,121,92,29,10,8,31.2,103,42.2,-11.0,33,39.4,-2.9,17,11.8,46.8,-35.0,0,,0,,,,1.043,0.857,1.269,,,,,,,0.725,64,73,0.547,0.521,0.952,3,4,,,,,,,0.734,0.37,1.456,1.063,1.062,1.038,,,,Wing,0.21,,,0.85,-0.71,Euroleague,2018-19,intl
Nikola Radicevic,114,104,10,5,2,75.0,57,46.5,28.5,16,28.1,-26.5,6,33.3,49.1,-15.7,0,,0,,,,1.3,0.752,2.246,,,,,,,0.5,64,56,0.266,0.304,1.143,1,2,,,,,,,1.091,0.463,2.571,1.615,,1.379,,,,Wing,1.65,,,-0.27,0.34,Euroleague,2018-19,intl
Danilo Nikolic,111,101,10,5,4,62.5,102,60.3,2.2,38,50.0,-16.2,17,52.9,61.8,-8.9,0,,0,,,,0.878,0.64,1.204,,,,,,,0.5,53,64,0.453,0.469,1.035,2,1,,,,,,,0.704,0.282,1.758,0.995,0.727,0.898,,,,Wing,-0.71,,,-0.27,-0.8,Euroleague,2018-19,intl
Andrey Zubkov,109,105,4,4,3,66.7,85,54.1,12.5,17,55.9,1.7,17,35.3,59.2,-23.9,0,,0,,,,1.312,,,,,,,,,0.25,67,46,0.358,0.435,1.214,0,1,,,,,,,0.952,0.35,2.594,0.963,1.298,1.312,,,,Wing,1.72,,,-1.51,-0.07,Euroleague,2018-19,intl
Dogus Ozdemiroglu,108,101,7,5,2,0.0,78,48.7,-48.7,28,39.3,-12.6,18,52.8,46.0,6.8,0,,0,,,,1.031,0.634,1.676,,,,,,,0.35,50,63,0.44,0.413,0.938,2,1,,,,,,,0.933,0.308,2.824,1.051,,1.031,,,,Playmaker,-0.11,,,-1.3,-0.02,Euroleague,2018-19,intl
Axel Toupane,107,99,8,5,5,80.0,97,49.5,30.5,32,43.8,-10.5,18,50.0,51.2,-1.2,0,,0,,,,0.825,0.55,1.237,,,,,,,0.4,60,54,0.5,0.611,1.222,1,0,,,,,,,0.395,0.065,2.401,1.085,0.438,0.77,,,,Wing,-1.01,,,-0.76,-1.71,Euroleague,2018-19,intl
Muhammed Baygul,104,96,8,5,1,150.0,86,43.6,106.4,21,42.9,-2.6,15,36.7,46.5,-9.9,0,,0,,,,1.297,,,,,,,,,0.4,50,59,0.44,0.525,1.194,2,3,,,,,,,0.28,0.044,1.784,1.133,1.278,1.297,,,,Wing,1.63,,,-0.76,-2.05,Euroleague,2018-19,intl
Anthony Gill,104,87,17,5,5,80.0,93,56.5,23.5,21,42.9,-18.8,18,41.7,61.3,-19.6,0,,0,,,,0.887,0.673,1.17,,,,,,,0.85,48,68,0.375,0.397,1.059,2,3,,,,,,,0.985,0.572,1.697,1.194,1.189,0.863,,,,Wing,-0.66,,,1.48,0.03,Euroleague,2018-19,intl
James Nunnally,104,84,20,8,10,45.0,85,58.2,-13.2,29,48.3,-12.3,7,35.7,58.5,-22.8,0,,0,,,,0.803,0.573,1.126,,,,,,,0.625,57,61,0.368,0.459,1.246,3,4,,,,,,,1.046,0.601,1.82,1.065,1.054,0.913,,,,Wing,-1.13,,,0.36,0.21,Euroleague,2018-19,intl
Yovel Zoosman,102,98,4,5,5,40.0,69,55.1,-15.1,27,63.0,14.0,10,60.0,53.1,6.9,0,,0,,,,1.114,0.622,1.994,,,,,,,0.2,52,55,0.327,0.418,1.279,0,1,,,,,,,,,,0.972,1.458,1.114,,,,Wing,0.61,,,-1.76,,Euroleague,2018-19,intl
Filip Barovic,102,94,8,7,0,,92,46.7,,16,50.0,3.9,9,22.2,49.4,-27.2,0,,0,,,,1.237,,,,,,,,,0.286,64,48,0.5,0.354,0.708,4,0,,,,,,,1.027,0.495,2.132,1.297,1.065,1.012,,,,Big,1.06,,,-0.87,0.18,Euroleague,2018-19,intl
Nemanja Dangubic,102,91,11,7,1,150.0,96,49.0,101.0,23,65.2,19.9,22,45.5,51.3,-5.9,0,,0,,,,1.152,,,,,,,,,0.393,50,59,0.54,0.508,0.942,1,2,,,,,,,0.798,0.352,1.808,1.027,1.136,1.152,,,,Wing,0.82,,,-0.8,-0.52,Euroleague,2018-19,intl
Sergey Monia,101,83,18,8,3,100.0,86,57.6,42.4,24,83.3,33.3,7,42.9,60.4,-17.5,0,,0,,,,0.922,0.678,1.255,,,,,,,0.562,61,52,0.475,0.423,0.89,3,2,,,,,,,1.207,0.681,2.137,1.109,0.997,0.901,,,,,,,,,,Euroleague,2018-19,intl
Jayson Granger,101,89,12,7,2,150.0,79,44.9,105.1,18,58.3,13.9,16,40.6,49.2,-8.6,0,,0,,,,1.043,0.734,1.482,,,,,,,0.429,58,52,0.5,0.423,0.846,4,0,,,,,,,0.547,0.156,1.924,1.062,1.025,1.093,,,,Playmaker,-0.04,,,-0.93,-1.19,Euroleague,2018-19,intl
Gabriel Deck,100,99,1,3,1,0.0,83,63.9,-63.9,25,56.0,-10.1,9,72.2,62.0,10.2,0,,0,,,,1.238,,,,,,,,,0.083,52,51,0.365,0.294,0.805,1,0,,,,,,,1.633,,,0.878,,1.238,,,,Wing,1.3,,,-2.34,1.94,Euroleague,2018-19,intl
Dogus Balbay,100,96,4,1,1,0.0,53,60.4,-60.4,17,38.2,-30.7,3,83.3,57.8,25.5,0,,0,,,,0.941,0.347,2.553,,,,,,,1.0,48,53,0.271,0.283,1.045,0,0,,,,,,,1.02,0.248,4.194,0.828,,0.941,,,,Playmaker,-0.65,,,1.77,0.24,Euroleague,2018-19,intl
Petar Popovic,100,85,15,5,0,,83,52.4,,33,62.1,16.1,16,50.0,53.0,-3.0,0,,0,,,,1.259,1.047,1.515,,,,,,,0.75,41,66,0.488,0.379,0.777,1,3,,,,,,,1.05,0.585,1.884,1.096,1.311,1.195,,,,Big,1.19,,,1.13,0.26,Euroleague,2018-19,intl
Goga Bitadze,98,90,8,7,4,50.0,89,57.9,-7.9,30,51.7,-8.7,8,25.0,60.6,-35.6,0,,0,,,,1.216,,,,,,,,,0.286,52,57,0.346,0.421,1.216,2,3,,,,,,,0.86,0.419,1.767,1.167,1.198,1.219,,,,Big,0.93,,,-0.87,-0.36,Euroleague,2018-19,intl
Ilimane Diop,98,90,8,4,1,0.0,80,51.9,-51.9,23,43.5,-10.8,8,25.0,54.1,-29.1,0,,0,,,,0.964,0.637,1.46,,,,,,,0.5,55,48,0.345,0.458,1.327,1,0,,,,,,,0.946,0.412,2.17,1.123,0.945,1.0,,,,Big,-0.63,,,0.05,-0.08,Euroleague,2018-19,intl
Klemen Prepelic,97,88,9,5,0,,68,46.3,,25,28.0,-29.0,11,36.4,48.2,-11.9,0,,0,,,,1.029,0.632,1.675,,,,,,,0.45,55,47,0.364,0.468,1.287,2,2,,,,,,,1.727,0.898,3.321,1.386,,1.029,,,,Wing,0.13,,,-0.51,2.22,Euroleague,2018-19,intl
Konstantinos Mitoglou,97,87,10,6,3,66.7,93,53.2,13.4,18,63.9,12.6,12,45.8,54.8,-8.9,0,,0,,,,1.087,,,,,,,,,0.417,53,50,0.509,0.4,0.785,2,1,,,,,,,1.171,0.676,2.028,0.978,1.076,1.087,,,,,,,,,,Euroleague,2018-19,intl
Dairis Bertans,96,83,13,4,6,25.0,88,70.5,-45.5,14,42.9,-29.0,16,43.8,72.4,-28.7,0,,0,,,,1.05,0.88,1.251,,,,,,,0.812,56,49,0.446,0.49,1.097,3,2,,,,,,,0.624,0.273,1.428,0.896,1.136,1.07,,,,Wing,0.25,,,1.29,-1.04,Euroleague,2018-19,intl
Braydon Hobbs,95,95,0,1,0,,47,63.8,,18,50.0,-22.4,9,66.7,63.2,3.5,0,,0,,,,,,,,,,,,,0.0,36,60,0.25,0.3,1.2,0,1,,,,,,,,,,0.871,,,,,,Playmaker,,,,-2.96,,Euroleague,2018-19,intl
Jaka Blazic,95,94,1,4,1,0.0,85,54.1,-54.1,19,50.0,-4.5,12,37.5,56.1,-18.6,0,,0,,,,1.16,,,,,,,,,0.062,51,48,0.412,0.521,1.265,1,2,,,,,,,,,,1.2,,1.16,,,,Wing,0.87,,,-2.45,,Euroleague,2018-19,intl
Kaleb Tarczewski,94,90,4,3,2,100.0,85,71.8,28.2,14,64.3,-9.7,10,70.0,72.7,-2.7,0,,0,,,,1.125,,,,,,,,,0.333,58,39,0.19,0.333,1.758,1,1,,,,,,,0.656,0.244,1.76,0.963,1.119,1.125,,,,Big,0.36,,,-0.66,-1.02,Euroleague,2018-19,intl
Thanasis Antetokounmpo,93,93,0,2,0,,86,63.4,,13,57.7,-6.7,10,20.0,69.1,-49.1,0,,0,,,,,,,,,,,,,0.0,53,42,0.415,0.31,0.746,0,0,,,,,,,,,,0.527,,,,,,Wing,,,,-2.75,,Euroleague,2018-19,intl
Sasha Vezenkov,93,93,0,1,0,,84,52.4,,38,56.6,7.7,13,42.3,54.2,-11.9,0,,0,,,,,,,,,,,,,0.0,42,52,0.5,0.423,0.846,0,0,,,,,,,,,,0.929,,,,,,Wing,,,,-2.75,,Euroleague,2018-19,intl
Jeremy Pargo,91,66,25,8,4,0.0,76,30.3,-30.3,22,15.9,-17.7,11,22.7,29.7,-7.0,0,,0,,,,1.067,0.816,1.396,,,,,,,0.781,58,50,0.5,0.64,1.28,4,7,,,,,,,0.464,0.153,1.41,1.196,1.208,1.03,,,,Playmaker,0.1,,,0.73,-1.44,Euroleague,2018-19,intl
Christopher Evans,90,69,21,7,4,100.0,92,52.2,47.8,18,47.2,-8.5,9,27.8,56.9,-29.1,0,,0,,,,0.986,0.809,1.2,,,,,,,0.75,64,45,0.406,0.556,1.368,4,3,,,,,,,0.909,0.543,1.522,0.903,0.852,1.012,,,,,,,,,,Euroleague,2018-19,intl
Siim-Sander Vene,88,78,10,6,0,,90,59.4,,32,62.5,4.7,9,94.4,55.6,38.9,0,,0,,,,0.989,0.795,1.23,,,,,,,0.417,47,51,0.553,0.412,0.744,0,1,,,,,,,1.16,0.616,2.184,1.008,0.957,1.023,,,,Wing,-0.09,,,-0.68,0.54,Euroleague,2018-19,intl
Ahmet Duverioglu,87,87,0,1,0,,66,62.1,,11,63.6,1.8,14,71.4,59.6,11.8,0,,0,,,,,,,,,,,,,0.0,46,42,0.239,0.333,1.394,0,0,,,,,,,,,,0.664,,,,,,Big,,,,-2.1,,Euroleague,2018-19,intl
Paulius Jankunas,87,86,1,2,0,,72,50.7,,11,27.3,-27.6,13,42.3,52.5,-10.2,0,,0,,,,,,,,,,,,,0.125,51,38,0.314,0.526,1.678,0,0,,,,,,,,,,1.156,,,,,,Big,,,,-1.56,,Euroleague,2018-19,intl
Derrick Walton Jr,85,72,13,7,1,0.0,58,40.5,-40.5,12,12.5,-34.3,11,27.3,42.7,-15.4,0,,0,,,,0.946,0.55,1.626,,,,,,,0.464,45,54,0.422,0.37,0.877,1,3,,,,,,,1.562,0.732,3.332,1.196,,1.033,,,,Playmaker,-0.62,,,-0.77,1.88,Euroleague,2018-19,intl
Antanas Kavaliauskas,85,85,0,1,0,,68,58.8,,12,58.3,-0.6,8,50.0,60.0,-10.0,0,,0,,,,,,,,,,,,,0.0,53,33,0.321,0.333,1.039,0,0,,,,,,,,,,0.937,,,,,,Big,,,,-2.1,,Euroleague,2018-19,intl
Briante Weber,85,77,8,3,4,25.0,66,59.1,-34.1,22,45.5,-17.0,4,62.5,56.8,5.7,0,,0,,,,0.979,0.644,1.488,,,,,,,0.667,54,38,0.37,0.342,0.924,2,1,,,,,,,1.192,0.648,2.192,0.817,1.344,0.874,,,,Playmaker,-0.42,,,0.2,0.76,Euroleague,2018-19,intl
Kendrick Ray,80,72,8,5,2,125.0,62,50.0,75.0,12,50.0,-2.9,14,46.4,54.0,-7.6,0,,0,,,,0.655,0.323,1.324,,,,,,,0.4,40,47,0.425,0.404,0.951,1,1,,,,,,,0.529,0.095,2.954,1.092,0.446,0.528,,,,Playmaker,-2.36,,,-1.07,-1.25,Euroleague,2018-19,intl
Janis Timma,80,76,4,2,0,,66,56.8,,12,75.0,22.2,9,66.7,55.3,11.4,0,,0,,,,1.267,,,,,,,,,0.5,45,37,0.533,0.378,0.709,1,0,,,,,,,1.8,0.949,3.414,1.082,1.254,1.267,,,,Wing,1.46,,,-0.27,2.43,Euroleague,2018-19,intl
Vangelis Mantzaris,77,75,2,3,0,,48,35.4,,18,41.7,10.0,5,60.0,32.6,27.4,0,,0,,,,0.852,0.21,3.452,,,,,,,0.167,37,43,0.324,0.535,1.649,0,1,,,,,,,3.667,,,1.393,,0.852,,,,,,,,,,Euroleague,2018-19,intl
Georgios Papagiannis,76,74,2,1,2,100.0,70,68.6,31.4,12,83.3,16.7,8,25.0,75.0,-50.0,0,,0,,,,1.072,,,,,,,,,0.5,38,39,0.342,0.231,0.675,0,0,,,,,,,0.719,0.178,2.899,0.849,1.071,1.072,,,,,,,,,,Euroleague,2018-19,intl
James Bell,74,61,13,7,0,,72,46.5,,20,65.0,25.6,10,10.0,52.4,-42.4,0,,0,,,,0.869,0.637,1.186,,,,,,,0.464,40,42,0.55,0.595,1.082,2,3,,,,,,,0.736,0.271,2.001,1.015,0.898,0.888,,,,Wing,-0.76,,,-0.44,-0.71,Euroleague,2018-19,intl
Jake Cohen,72,70,2,2,0,,60,51.7,,16,37.5,-19.3,5,50.0,51.8,-1.8,0,,0,,,,1.25,,,,,,,,,0.25,41,33,0.39,0.515,1.32,0,2,,,,,,,,,,1.145,,1.25,,,,Big,1.14,,,-1.02,,Euroleague,2018-19,intl
Stephane Lasme,71,68,3,3,1,100.0,65,53.8,46.2,12,50.0,-5.6,7,42.9,55.9,-13.1,0,,0,,,,1.133,,,,,,,,,0.25,31,43,0.419,0.419,0.998,0,1,,,,,,,1.212,0.527,2.786,1.089,,1.133,,,,,,,,,,Euroleague,2018-19,intl
Ian Vougioukas,70,66,4,2,1,100.0,56,58.9,41.1,10,60.0,0.4,11,63.6,58.7,4.9,0,,0,,,,1.294,,,,,,,,,0.5,49,24,0.245,0.458,1.872,0,1,,,,,,,1.234,0.672,2.265,1.364,0.962,1.035,,,,Big,1.41,,,0.05,0.86,Euroleague,2018-19,intl
Patricio Garino,70,65,5,4,3,83.3,66,61.4,22.0,18,52.8,-12.9,8,25.0,67.2,-42.2,0,,0,,,,0.852,0.548,1.327,,,,,,,0.312,29,45,0.448,0.467,1.041,0,3,,,,,,,1.968,,,1.021,,0.852,,,,Wing,-0.86,,,-1.2,2.93,Euroleague,2018-19,intl
Egor Vialtsev,68,65,3,2,1,0.0,50,49.0,-49.0,16,43.8,-6.2,10,45.0,48.8,-3.8,0,,0,,,,0.922,0.408,2.081,,,,,,,0.375,34,36,0.529,0.361,0.682,0,0,,,,,,,1.237,0.296,5.162,1.231,,0.922,,,,,,,,,,Euroleague,2018-19,intl
Berk Demir,67,59,8,5,0,,63,45.2,,19,36.8,-12.0,2,0.0,46.7,-46.7,0,,0,,,,0.546,0.272,1.097,,,,,,,0.4,33,39,0.485,0.564,1.163,0,1,,,,,,,0.562,0.1,3.152,0.814,1.15,0.546,,,,Wing,-2.57,,,-0.76,-1.22,Euroleague,2018-19,intl
Deon Thompson,66,64,2,1,1,100.0,57,57.9,42.1,11,63.6,6.2,6,50.0,59.6,-9.6,0,,0,,,,1.164,,,,,,,,,0.5,39,28,0.308,0.429,1.393,0,1,,,,,,,0.833,0.205,3.388,1.191,,1.164,,,,Wing,0.89,,,-0.27,-0.42,Euroleague,2018-19,intl
Joel Bolomboy,64,64,0,0,1,100.0,51,58.8,41.2,25,56.0,-7.0,6,41.7,62.0,-20.3,0,,0,,,,,,,,,,,,,,25,39,0.32,0.41,1.282,0,0,,,,,,,,,,1.261,,,,,,Wing,,,,,,Euroleague,2018-19,intl
Nikola Ivanovic,63,51,12,4,3,50.0,47,46.8,3.2,13,57.7,14.4,8,25.0,51.2,-26.2,0,,0,,,,1.275,0.855,1.901,,,,,,,0.75,43,38,0.395,0.368,0.932,3,1,,,,,,,2.121,1.181,3.81,1.226,,1.138,,,,Playmaker,1.35,,,0.59,3.58,Euroleague,2018-19,intl
Suad Sehovic,62,57,5,3,0,,59,65.3,,8,37.5,-32.1,6,25.0,69.8,-44.8,0,,0,,,,0.645,0.314,1.325,,,,,,,0.417,34,31,0.529,0.452,0.853,1,0,,,,,,,2.208,,,0.896,,0.645,,,,Wing,-2.02,,,-0.68,3.63,Euroleague,2018-19,intl
Felipe Reyes,58,56,2,2,0,,54,59.3,,18,55.6,-5.6,4,50.0,60.0,-10.0,0,,0,,,,1.12,,,,,,,,,0.25,35,25,0.314,0.44,1.4,1,1,,,,,,,1.667,,,1.136,,1.12,,,,Wing,0.64,,,-1.51,2.04,Euroleague,2018-19,intl
Rolands Smits,56,52,4,5,0,,54,48.1,,23,52.2,7.0,7,57.1,46.8,10.3,0,,0,,,,1.156,,,,,,,,,0.2,20,41,0.55,0.537,0.976,1,4,,,,,,,0.562,0.1,3.168,1.194,1.137,1.156,,,,Big,0.56,,,-1.24,-1.32,Euroleague,2018-19,intl
Josh Magette,53,48,5,2,0,,30,18.3,,4,25.0,7.7,1,100.0,15.5,84.5,0,,0,,,,1.309,0.601,2.853,,,,,,,0.625,25,34,0.44,0.441,1.003,1,2,,,,,,,,,,0.694,1.558,1.558,,,,,,,,,,Euroleague,2018-19,intl
Andrey Vorontsevich,53,46,7,3,0,,46,37.0,,12,45.8,12.0,3,0.0,39.5,-39.5,0,,0,,,,0.505,0.213,1.199,,,,,,,0.583,26,32,0.615,0.562,0.914,2,1,,,,,,,,,,0.978,,0.524,,,,Wing,-2.8,,,0.15,,Euroleague,2018-19,intl
Jacob Wiley,52,50,2,2,0,,50,62.0,,16,68.8,9.9,5,60.0,62.2,-2.2,0,,0,,,,1.087,,,,,,,,,0.25,27,27,0.37,0.333,0.9,0,1,,,,,,,1.586,,,1.125,,1.087,,,,Wing,0.46,,,-1.51,1.8,Euroleague,2018-19,intl
Garlon Green,51,42,9,3,0,,50,41.0,,13,42.3,1.8,7,28.6,43.0,-14.5,0,,0,,,,1.105,,,,,,,,,0.75,32,22,0.562,0.636,1.131,1,1,,,,,,,1.624,0.781,3.377,1.038,1.089,1.105,,,,Wing,0.56,,,0.98,1.91,Euroleague,2018-19,intl
Emircan Kosut,50,48,2,1,0,,40,50.0,,11,72.7,31.3,2,0.0,52.6,-52.6,0,,0,,,,1.263,,,,,,,,,0.5,18,33,0.556,0.303,0.545,0,0,,,,,,,2.111,,,1.102,,1.263,,,,Big,1.22,,,0.05,3.7,Euroleague,2018-19,intl
Nick Calathes,540,471,69,22,31,46.8,307,46.7,0.0,88,41.5,-7.1,26,30.8,48.1,-17.3,0,,0,,,,1.406,1.174,1.685,,,,,,,0.784,306,310,0.307,0.329,1.071,11,13,,,,,,,0.971,0.684,1.379,1.39,1.31,1.419,,,,Playmaker,1.57,,,0.87,-0.19,Euroleague,2019-20,intl
Alexey Shved,482,370,112,33,23,39.1,415,49.0,-9.9,124,46.8,-2.4,35,37.1,49.5,-12.4,0,,0,,,,1.149,1.02,1.294,,,,,,,0.848,319,279,0.414,0.484,1.169,15,20,,,,,,,0.818,0.605,1.105,1.258,1.119,1.118,,,,Playmaker,0.59,,,1.22,-0.64,Euroleague,2019-20,intl
Mike James,442,348,94,28,35,40.0,381,54.7,-14.7,119,49.6,-5.5,43,55.8,53.2,2.6,0,,0,,,,0.95,0.827,1.091,,,,,,,0.839,260,286,0.408,0.444,1.089,14,17,,,,,,,0.785,0.572,1.077,1.13,1.085,0.922,,,,Wing,-0.42,,,1.33,-0.49,Euroleague,2019-20,intl
Facundo Campazzo,392,365,27,9,15,56.7,186,48.4,8.3,48,50.0,1.3,19,31.6,50.8,-19.2,0,,0,,,,1.547,1.182,2.025,,,,,,,0.75,209,205,0.282,0.298,1.054,3,6,,,,,,,0.849,0.46,1.569,1.275,1.967,1.504,,,,Playmaker,2.1,,,0.68,-0.55,Euroleague,2019-20,intl
Sergio Rodriguez,376,295,81,22,27,57.4,281,50.7,6.7,94,47.9,-4.9,33,50.0,51.5,-1.5,0,,0,,,,1.154,0.98,1.36,,,,,,,0.92,212,246,0.349,0.427,1.223,11,15,,,,,,,1.052,0.772,1.433,1.184,1.16,1.17,,,,Playmaker,0.61,,,1.62,0.05,Euroleague,2019-20,intl
Tornike Shengelia,366,313,53,16,15,53.3,304,58.9,-5.5,77,59.7,1.5,49,54.1,59.4,-5.4,0,,0,,,,0.881,0.732,1.061,,,,,,,0.828,195,209,0.354,0.383,1.082,7,9,,,,,,,0.656,0.428,1.005,1.019,1.129,0.946,,,,Wing,-0.79,,,1.28,-0.88,Euroleague,2019-20,intl
Shane Larkin,358,296,62,19,21,33.3,296,69.3,-35.9,83,63.9,-4.1,24,62.5,67.2,-4.7,0,,0,,,,0.959,0.812,1.132,,,,,,,0.816,205,206,0.346,0.379,1.093,9,11,,,,,,,0.599,0.398,0.901,1.089,0.965,1.023,,,,Playmaker,-0.13,,,1.04,-1.29,Euroleague,2019-20,intl
Lorenzo Brown,357,282,75,23,22,61.4,273,44.0,17.4,67,53.7,11.0,44,35.2,47.0,-11.8,0,,0,,,,0.985,0.819,1.185,,,,,,,0.815,187,243,0.396,0.403,1.019,10,13,,,,,,,0.888,0.612,1.286,1.084,0.938,1.002,,,,Playmaker,-0.03,,,1.04,-0.44,Euroleague,2019-20,intl
Vasilije Micic,357,318,39,17,9,44.4,250,57.2,-12.8,55,50.9,-7.4,43,33.7,61.3,-27.6,0,,0,,,,1.195,0.963,1.484,,,,,,,0.574,217,187,0.355,0.326,0.919,7,7,,,,,,,1.424,1.06,1.913,1.096,1.047,1.208,,,,Playmaker,0.77,,,-0.3,1.15,Euroleague,2019-20,intl
Martin Hermannsson,348,287,61,17,24,39.6,247,47.0,-7.4,77,53.9,10.6,25,34.0,47.6,-13.6,0,,0,,,,1.04,0.849,1.273,,,,,,,0.897,219,189,0.379,0.407,1.075,9,9,,,,,,,1.244,0.899,1.722,1.145,0.8,1.086,,,,Wing,0.07,,,1.61,0.88,Euroleague,2019-20,intl
Thomas Walkup,331,303,28,9,14,75.0,194,54.9,20.1,65,53.1,-4.6,38,56.6,56.2,0.4,0,,0,,,,1.063,0.777,1.455,,,,,,,0.778,161,195,0.298,0.292,0.98,4,5,,,,,,,0.536,0.253,1.132,1.067,0.73,1.014,,,,Playmaker,0.27,,,0.83,-1.48,Euroleague,2019-20,intl
Scottie Wilbekin,324,256,68,21,19,68.4,284,57.7,10.7,79,56.3,-2.8,40,31.2,62.5,-31.3,0,,0,,,,1.014,0.874,1.178,,,,,,,0.81,203,193,0.438,0.425,0.969,11,9,,,,,,,1.049,0.77,1.429,1.177,0.907,1.019,,,,Playmaker,0.08,,,1.01,0.04,Euroleague,2019-20,intl
Nikola Mirotic,321,248,73,21,22,65.9,336,55.2,10.7,64,61.7,7.1,18,44.4,56.5,-12.0,0,,0,,,,1.059,0.973,1.152,,,,,,,0.869,217,186,0.442,0.478,1.082,13,13,,,,,,,0.809,0.599,1.094,1.063,1.06,1.094,,,,Big,-0.19,,,1.72,-0.5,Euroleague,2019-20,intl
Kostas Sloukas,318,283,35,13,15,30.0,180,56.7,-26.7,66,48.5,-9.3,32,37.5,58.0,-20.5,0,,0,,,,1.321,1.044,1.672,,,,,,,0.673,177,162,0.254,0.377,1.481,2,7,,,,,,,0.715,0.414,1.235,1.199,1.382,1.311,,,,Playmaker,1.24,,,0.25,-0.95,Euroleague,2019-20,intl
Luke Sikma,314,290,24,9,19,44.7,185,57.3,-12.6,44,47.7,-10.7,20,72.5,54.3,18.2,0,,0,,,,0.967,0.681,1.373,,,,,,,0.667,167,165,0.329,0.297,0.902,4,7,,,,,,,0.962,0.559,1.655,0.95,1.637,0.933,,,,Wing,-0.32,,,0.5,0.04,Euroleague,2019-20,intl
Malcolm Delaney,294,268,26,12,12,58.3,178,58.7,-0.4,57,53.5,-7.4,24,50.0,59.9,-9.9,0,,0,,,,0.827,0.556,1.23,,,,,,,0.542,147,169,0.313,0.355,1.135,4,6,,,,,,,0.971,0.528,1.785,0.869,,0.733,,,,Wing,-1.09,,,-0.1,0.06,Euroleague,2019-20,intl
Nando De Colo,283,241,42,14,17,38.2,236,60.0,-21.7,59,49.2,-12.2,34,58.8,58.4,0.4,0,,0,,,,0.925,0.755,1.134,,,,,,,0.75,164,159,0.335,0.44,1.313,4,7,,,,,,,1.033,0.736,1.45,1.002,0.878,0.979,,,,Wing,-0.55,,,0.9,0.25,Euroleague,2019-20,intl
Deshaun Thomas,282,226,56,20,18,30.6,274,57.3,-26.7,72,52.1,-4.7,33,50.0,56.4,-6.4,0,,0,,,,1.048,0.972,1.131,,,,,,,0.7,157,161,0.433,0.497,1.147,8,10,,,,,,,0.825,0.598,1.137,1.003,1.064,1.046,,,,Wing,0.12,,,0.66,-0.37,Euroleague,2019-20,intl
Gustavo Ayon,278,249,29,9,13,53.8,232,59.9,-6.1,57,59.6,0.1,14,57.1,59.7,-2.6,0,,0,,,,0.902,0.714,1.138,,,,,,,0.806,147,156,0.306,0.346,1.131,1,4,,,,,,,0.99,0.696,1.409,1.017,0.85,0.965,,,,Big,-1.22,,,1.45,0.21,Euroleague,2019-20,intl
Vassilis Spanoulis,272,222,50,16,17,41.2,188,50.0,-8.8,58,44.0,-7.4,31,50.0,49.1,0.9,0,,0,,,,1.056,0.852,1.307,,,,,,,0.781,162,144,0.383,0.41,1.071,7,6,,,,,,,0.734,0.437,1.235,1.074,1.306,1.057,,,,Playmaker,0.24,,,0.85,-0.89,Euroleague,2019-20,intl
Bojan Dubljevic,267,227,40,14,15,63.3,240,56.9,6.5,49,69.4,15.0,20,52.5,57.7,-5.2,0,,0,,,,1.099,0.99,1.221,,,,,,,0.714,165,134,0.43,0.396,0.919,5,6,,,,,,,0.877,0.615,1.25,0.962,0.935,1.038,,,,Wing,0.4,,,0.73,-0.22,Euroleague,2019-20,intl
Quino Colom,267,235,32,13,18,25.0,150,47.7,-22.7,53,31.1,-20.6,22,34.1,46.9,-12.8,0,,0,,,,0.925,0.656,1.304,,,,,,,0.615,146,141,0.342,0.397,1.16,3,7,,,,,,,0.866,0.441,1.702,0.981,0.712,0.941,,,,,,,,,,Euroleague,2019-20,intl
Lukas Lekavicius,262,224,38,13,14,60.7,186,58.3,2.4,52,53.8,-6.3,18,55.6,58.8,-3.2,0,,0,,,,1.065,0.864,1.313,,,,,,,0.731,130,153,0.308,0.346,1.126,4,6,,,,,,,0.809,0.531,1.231,1.117,0.952,1.016,,,,Playmaker,0.27,,,0.57,-0.67,Euroleague,2019-20,intl
Krunoslav Simon,262,245,17,7,5,50.0,187,57.8,-7.8,45,51.1,-8.4,24,43.8,59.5,-15.8,0,,0,,,,1.194,0.943,1.511,,,,,,,0.607,146,129,0.329,0.403,1.226,3,4,,,,,,,0.852,0.457,1.589,1.187,0.567,1.006,,,,Wing,0.91,,,0.21,-0.29,Euroleague,2019-20,intl
Maodo Lo,261,199,62,18,6,116.7,208,51.4,65.2,52,52.9,-0.5,20,52.5,53.4,-0.9,0,,0,,,,0.854,0.683,1.069,,,,,,,0.861,160,150,0.45,0.36,0.8,10,4,,,,,,,0.924,0.599,1.425,1.038,0.985,0.863,,,,Wing,-0.94,,,1.44,-0.08,Euroleague,2019-20,intl
Vladimir Micov,259,206,53,18,28,48.2,215,56.3,-8.1,74,52.7,-3.8,42,39.3,58.7,-19.4,0,,0,,,,1.077,0.951,1.22,,,,,,,0.736,154,143,0.39,0.49,1.256,8,9,,,,,,,1.083,0.787,1.489,0.945,1.071,1.076,,,,Wing,0.28,,,0.84,0.4,Euroleague,2019-20,intl
Jordan Taylor,256,207,49,17,13,50.0,175,43.7,6.3,63,47.6,5.2,25,34.0,45.7,-11.7,0,,0,,,,0.99,0.773,1.268,,,,,,,0.721,136,160,0.426,0.369,0.865,7,9,,,,,,,1.422,0.951,2.127,1.084,1.067,1.052,,,,Playmaker,-0.01,,,0.52,1.14,Euroleague,2019-20,intl
Billy Baron,256,198,58,19,10,30.0,226,54.9,-24.9,49,50.0,-4.8,37,31.1,58.0,-27.0,0,,0,,,,1.02,0.877,1.186,,,,,,,0.763,146,152,0.514,0.408,0.794,11,7,,,,,,,0.896,0.61,1.316,0.944,1.089,0.994,,,,Playmaker,0.1,,,0.75,-0.41,Euroleague,2019-20,intl
Jimmer Fredette,254,212,42,13,8,25.0,222,58.3,-33.3,42,57.1,-0.0,24,41.7,59.0,-17.3,0,,0,,,,0.937,0.772,1.137,,,,,,,0.808,149,137,0.436,0.409,0.937,7,5,,,,,,,1.103,0.774,1.572,1.049,1.064,1.02,,,,Playmaker,-0.21,,,1.0,0.2,Euroleague,2019-20,intl
Greg Monroe,254,208,46,14,5,60.0,218,53.2,6.8,46,56.5,4.0,29,41.4,55.2,-13.8,0,,0,,,,0.959,0.804,1.144,,,,,,,0.821,150,132,0.4,0.333,0.833,8,4,,,,,,,0.912,0.644,1.293,1.096,1.09,0.939,,,,Big,-0.85,,,1.52,-0.1,Euroleague,2019-20,intl
Cory Higgins,250,207,43,14,9,33.3,209,53.1,-19.8,45,47.8,-5.7,19,50.0,52.5,-2.5,0,,0,,,,1.133,0.97,1.322,,,,,,,0.768,142,142,0.415,0.423,1.017,6,9,,,,,,,0.718,0.452,1.139,0.969,0.975,1.053,,,,Wing,0.58,,,0.99,-0.69,Euroleague,2019-20,intl
Rokas Giedraitis,248,197,51,17,21,26.2,222,60.4,-34.2,66,44.7,-17.4,15,43.3,58.3,-15.0,0,,0,,,,1.006,0.889,1.138,,,,,,,0.75,144,134,0.417,0.515,1.236,6,10,,,,,,,0.829,0.574,1.199,1.034,1.034,1.033,,,,Wing,-0.11,,,0.9,-0.36,Euroleague,2019-20,intl
Jonas Jerebko,245,219,26,10,6,25.0,215,61.6,-36.6,57,46.5,-19.1,25,56.0,61.2,-5.2,0,,0,,,,1.155,1.015,1.315,,,,,,,0.65,132,137,0.348,0.431,1.236,4,7,,,,,,,0.818,0.52,1.289,1.018,1.044,1.142,,,,Big,0.45,,,0.78,-0.47,Euroleague,2019-20,intl
Andrew Albicy,244,227,17,9,14,39.3,143,49.7,-10.4,39,32.1,-22.2,29,39.7,50.8,-11.1,0,,0,,,,1.178,0.851,1.63,,,,,,,0.472,134,120,0.351,0.433,1.235,4,6,,,,,,,,,,1.109,1.287,1.205,,,,Playmaker,0.7,,,-0.87,,Euroleague,2019-20,intl
Tyrese Rice,243,202,41,17,16,31.2,190,52.4,-21.1,77,53.9,5.1,22,36.4,52.4,-16.1,0,,0,,,,1.021,0.821,1.268,,,,,,,0.603,131,152,0.382,0.474,1.241,5,5,,,,,,,1.207,0.83,1.755,1.071,1.276,1.023,,,,Playmaker,0.11,,,-0.14,0.51,Euroleague,2019-20,intl
Georgios Printezis,241,206,35,13,7,100.0,223,54.0,46.0,51,51.0,-5.7,35,48.6,56.7,-8.1,0,,0,,,,0.953,0.799,1.136,,,,,,,0.673,146,125,0.37,0.44,1.19,5,6,,,,,,,1.094,0.789,1.517,1.0,1.069,0.988,,,,Wing,-0.4,,,0.53,0.43,Euroleague,2019-20,intl
Tyler Dorsey,235,170,65,22,16,78.1,223,47.1,31.0,79,54.4,7.9,22,52.3,48.8,3.4,0,,0,,,,0.932,0.813,1.067,,,,,,,0.739,131,148,0.557,0.5,0.897,10,11,,,,,,,0.86,0.574,1.29,0.982,0.989,0.95,,,,Wing,-0.51,,,0.85,-0.27,Euroleague,2019-20,intl
Derrick Williams,232,194,38,13,15,36.7,217,59.7,-23.0,68,53.7,-6.4,44,50.0,60.1,-10.1,0,,0,,,,0.967,0.834,1.121,,,,,,,0.731,124,140,0.419,0.479,1.141,3,10,,,,,,,0.681,0.427,1.088,1.087,0.85,0.987,,,,Wing,-0.32,,,0.81,-0.8,Euroleague,2019-20,intl
Devin Booker,229,202,27,11,6,58.3,204,63.7,-5.4,40,71.2,9.5,22,36.4,66.8,-30.4,0,,0,,,,1.062,0.918,1.23,,,,,,,0.614,141,106,0.326,0.368,1.128,3,3,,,,,,,1.274,1.006,1.614,0.928,1.192,1.087,,,,Wing,0.19,,,0.25,0.97,Euroleague,2019-20,intl
David Lighty,227,183,44,17,12,54.2,205,52.9,1.2,62,54.8,2.6,22,40.9,54.4,-13.4,0,,0,,,,0.958,0.813,1.128,,,,,,,0.647,128,132,0.43,0.462,1.075,5,7,,,,,,,1.086,0.77,1.53,1.096,1.151,0.953,,,,Wing,-0.37,,,0.41,0.41,Euroleague,2019-20,intl
Elijah Bryant,227,202,25,12,8,75.0,177,57.9,17.1,39,53.8,-6.1,22,59.1,58.6,0.5,0,,0,,,,0.898,0.679,1.188,,,,,,,0.521,136,111,0.382,0.378,0.99,2,3,,,,,,,1.139,0.744,1.745,1.142,0.763,0.78,,,,Wing,-0.7,,,-0.2,0.57,Euroleague,2019-20,intl
Janis Timma,225,171,54,16,5,0.0,218,56.9,-56.9,44,45.5,-12.6,20,25.0,58.6,-33.6,0,,0,,,,1.002,0.866,1.16,,,,,,,0.844,151,115,0.464,0.513,1.107,11,8,,,,,,,0.812,0.549,1.202,0.989,1.023,1.068,,,,Wing,-0.13,,,1.36,-0.41,Euroleague,2019-20,intl
Darrun Hilliard,224,165,59,18,14,46.4,216,53.5,-7.0,58,50.9,-2.9,18,47.2,53.5,-6.3,0,,0,,,,0.926,0.809,1.059,,,,,,,0.819,119,145,0.487,0.538,1.104,7,11,,,,,,,0.69,0.447,1.066,0.937,0.973,0.956,,,,Wing,-0.55,,,1.24,-0.78,Euroleague,2019-20,intl
Zach Leday,224,185,39,14,19,57.9,203,53.0,4.9,56,62.5,12.2,25,34.0,55.8,-21.8,0,,0,,,,1.019,0.905,1.147,,,,,,,0.696,137,112,0.504,0.366,0.727,10,3,,,,,,,0.828,0.562,1.219,0.965,0.962,1.016,,,,Wing,-0.04,,,0.64,-0.36,Euroleague,2019-20,intl
Pierria Henry,223,196,27,11,8,75.0,157,45.2,29.8,55,55.5,13.2,29,39.7,48.2,-8.5,0,,0,,,,0.851,0.598,1.21,,,,,,,0.614,110,141,0.418,0.362,0.865,4,6,,,,,,,0.868,0.454,1.658,0.925,1.2,0.864,,,,Playmaker,-0.53,,,-0.08,-0.5,Euroleague,2019-20,intl
Ioannis Papapetrou,222,200,22,11,12,45.8,204,64.2,-18.4,52,58.7,-6.0,19,63.2,63.2,-0.0,0,,0,,,,1.049,0.948,1.161,,,,,,,0.5,100,136,0.38,0.426,1.122,2,6,,,,,,,0.795,0.5,1.265,1.018,1.095,1.048,,,,Wing,0.12,,,-0.3,-0.46,Euroleague,2019-20,intl
Luis Scola,222,185,37,14,3,66.7,213,50.7,16.0,39,55.1,5.1,31,41.9,52.4,-10.5,0,,0,,,,1.019,0.885,1.174,,,,,,,0.661,140,110,0.471,0.473,1.003,7,6,,,,,,,0.807,0.516,1.262,1.063,0.885,1.014,,,,Wing,-0.04,,,0.47,-0.43,Euroleague,2019-20,intl
Brandon Davies,221,194,27,9,6,50.0,196,52.8,-2.8,35,57.1,5.3,20,50.0,53.0,-3.0,0,,0,,,,0.926,0.75,1.143,,,,,,,0.75,144,98,0.472,0.306,0.648,7,0,,,,,,,0.892,0.557,1.429,1.019,0.958,0.929,,,,Wing,-0.55,,,0.9,-0.17,Euroleague,2019-20,intl
Othello Hunter,221,201,20,6,10,90.0,193,56.5,33.5,53,62.3,5.6,18,61.1,57.8,3.3,0,,0,,,,1.143,1.016,1.287,,,,,,,0.833,125,114,0.352,0.36,1.022,5,2,,,,,,,0.977,0.652,1.462,1.024,1.03,1.109,,,,Wing,0.64,,,1.31,0.08,Euroleague,2019-20,intl
Adam Hanga,220,203,17,10,0,,133,50.4,,37,47.3,-4.3,14,64.3,48.7,15.5,0,,0,,,,0.951,0.598,1.514,,,,,,,0.425,123,109,0.268,0.376,1.402,2,6,,,,,,,0.913,0.429,1.942,1.46,1.762,0.946,,,,Wing,-0.41,,,-0.67,-0.11,Euroleague,2019-20,intl
Rodrigue Beaubois,219,182,37,17,5,50.0,195,56.4,-6.4,61,54.9,-1.9,23,60.9,55.6,5.2,0,,0,,,,1.011,0.851,1.2,,,,,,,0.544,132,116,0.455,0.422,0.929,8,6,,,,,,,0.946,0.624,1.435,0.936,0.827,0.957,,,,Playmaker,0.07,,,-0.47,-0.27,Euroleague,2019-20,intl
Will Thomas,218,180,38,14,8,93.8,197,55.6,38.2,38,67.1,12.3,25,46.0,58.6,-12.6,0,,0,,,,0.967,0.809,1.155,,,,,,,0.679,130,118,0.377,0.441,1.169,6,9,,,,,,,0.7,0.442,1.109,1.009,0.863,0.995,,,,Wing,-0.32,,,0.56,-0.75,Euroleague,2019-20,intl
Michael Roll,213,195,18,10,10,85.0,163,55.2,29.8,47,68.1,15.3,20,45.0,58.5,-13.5,0,,0,,,,1.187,0.989,1.425,,,,,,,0.45,124,100,0.403,0.44,1.091,2,2,,,,,,,1.028,0.613,1.725,0.995,1.313,1.195,,,,Wing,0.88,,,-0.55,0.24,Euroleague,2019-20,intl
Daniel Hackett,210,191,19,8,10,65.0,143,52.1,12.9,50,63.0,14.9,25,68.0,50.0,18.0,0,,0,,,,0.928,0.649,1.326,,,,,,,0.594,96,127,0.396,0.402,1.015,2,2,,,,,,,0.542,0.2,1.469,1.046,1.486,0.894,,,,Playmaker,-0.24,,,-0.19,-1.46,Euroleague,2019-20,intl
Edgaras Ulanovas,209,187,22,10,13,61.5,158,49.1,12.5,49,62.2,17.2,18,30.6,52.3,-21.7,0,,0,,,,1.025,0.805,1.304,,,,,,,0.55,102,121,0.49,0.397,0.809,3,5,,,,,,,0.619,0.29,1.319,0.847,0.869,1.01,,,,Wing,-0.01,,,-0.06,-0.99,Euroleague,2019-20,intl
Luigi Datome,209,189,20,10,16,43.8,168,61.3,-17.6,47,54.3,-7.4,26,59.6,59.8,-0.2,0,,0,,,,0.969,0.771,1.218,,,,,,,0.5,101,120,0.376,0.483,1.285,1,6,,,,,,,0.476,0.201,1.126,1.183,1.034,0.991,,,,,,,,,,Euroleague,2019-20,intl
Vladimir Lucic,207,173,34,11,7,64.3,183,61.5,2.8,50,57.0,-6.2,17,44.1,63.3,-19.2,0,,0,,,,1.119,0.986,1.269,,,,,,,0.773,110,116,0.427,0.336,0.787,6,1,,,,,,,1.011,0.726,1.408,1.154,1.087,1.134,,,,Wing,0.5,,,1.02,0.18,Euroleague,2019-20,intl
Alex Renfroe,206,192,14,9,10,80.0,104,41.8,38.2,33,48.5,4.7,14,57.1,43.5,13.6,0,,0,,,,0.396,0.144,1.088,,,,,,,0.389,104,111,0.356,0.297,0.836,2,3,,,,,,,,,,0.866,,0.396,,,,Playmaker,-2.26,,,-1.33,,Euroleague,2019-20,intl
Stefan Jovic,204,193,11,5,7,42.9,104,70.7,-27.8,37,77.0,12.2,11,63.6,69.5,-5.9,0,,0,,,,1.063,0.609,1.855,,,,,,,0.55,97,114,0.206,0.237,1.149,0,1,,,,,,,1.422,0.959,2.11,1.12,,1.05,,,,Playmaker,0.27,,,-0.43,1.14,Euroleague,2019-20,intl
Shavon Shields,204,157,47,18,5,70.0,205,51.0,19.0,47,41.5,-12.8,23,34.8,53.5,-18.7,0,,0,,,,0.954,0.837,1.088,,,,,,,0.653,118,119,0.458,0.521,1.138,5,9,,,,,,,1.035,0.739,1.45,1.026,0.925,0.968,,,,Wing,-0.39,,,0.44,0.26,Euroleague,2019-20,intl
Tonye Jekiri,204,184,20,10,10,30.0,169,52.7,-22.7,32,46.9,-5.5,22,45.5,52.2,-6.8,0,,0,,,,1.173,1.038,1.326,,,,,,,0.5,114,101,0.36,0.455,1.266,2,4,,,,,,,0.968,0.617,1.52,0.99,1.214,1.176,,,,Big,0.57,,,0.14,0.12,Euroleague,2019-20,intl
Paul Zipser,200,167,33,14,2,50.0,175,51.1,-1.1,42,57.1,7.9,26,34.6,54.0,-19.4,0,,0,,,,1.057,0.899,1.244,,,,,,,0.589,101,114,0.465,0.456,0.98,3,5,,,,,,,0.714,0.423,1.207,1.111,1.15,1.063,,,,Wing,0.17,,,0.13,-0.71,Euroleague,2019-20,intl
Matt Janning,199,142,57,20,4,100.0,184,38.3,61.7,53,47.2,10.5,17,23.5,41.2,-17.7,0,,0,,,,1.058,0.92,1.217,,,,,,,0.713,120,110,0.542,0.6,1.108,7,5,,,,,,,0.991,0.615,1.596,1.065,0.991,1.033,,,,Wing,0.17,,,0.73,0.12,Euroleague,2019-20,intl
Rudy Fernandez,198,165,33,12,5,20.0,153,56.9,-36.9,49,43.9,-17.1,26,42.3,58.3,-16.0,0,,0,,,,1.154,0.956,1.393,,,,,,,0.688,112,104,0.402,0.49,1.221,3,5,,,,,,,0.953,0.578,1.573,1.197,0.833,1.054,,,,Wing,0.7,,,0.6,0.01,Euroleague,2019-20,intl
Tibor Pleiss,196,182,14,7,6,58.3,188,62.5,-4.2,33,63.6,1.5,17,76.5,61.0,15.5,0,,0,,,,1.077,,,,,,,,,0.5,113,94,0.363,0.362,0.997,3,4,,,,,,,0.664,0.359,1.229,1.062,1.066,1.071,,,,Big,-0.07,,,0.14,-1.07,Euroleague,2019-20,intl
Johannes Voigtmann,194,168,26,12,5,20.0,166,60.5,-40.5,29,50.0,-11.3,13,15.4,63.0,-47.6,0,,0,,,,0.909,0.712,1.162,,,,,,,0.542,124,89,0.379,0.483,1.275,6,4,,,,,,,0.901,0.546,1.485,0.934,0.83,0.933,,,,Big,-1.18,,,0.32,-0.14,Euroleague,2019-20,intl
Kyle Hines,194,178,16,6,14,64.3,151,63.2,1.0,31,69.4,7.4,18,44.4,65.6,-21.2,0,,0,,,,1.018,0.796,1.303,,,,,,,0.667,105,99,0.295,0.303,1.026,2,3,,,,,,,0.96,0.614,1.502,1.078,0.741,1.069,,,,Wing,-0.05,,,0.5,0.03,Euroleague,2019-20,intl
Austin Hollins,192,141,51,17,24,62.5,181,53.3,9.2,52,55.8,1.8,17,41.2,55.6,-14.4,0,,0,,,,1.005,0.884,1.143,,,,,,,0.75,114,121,0.526,0.463,0.879,10,8,,,,,,,0.792,0.523,1.2,1.095,1.124,1.0,,,,Wing,-0.12,,,0.9,-0.47,Euroleague,2019-20,intl
Peyton Siva,192,163,29,9,5,50.0,121,40.9,9.1,37,45.9,6.6,11,27.3,42.6,-15.3,0,,0,,,,1.263,0.953,1.674,,,,,,,0.806,94,120,0.383,0.4,1.044,1,6,,,,,,,1.113,0.608,2.036,0.991,1.208,1.217,,,,Playmaker,1.02,,,0.99,0.23,Euroleague,2019-20,intl
Kyle Kuric,189,157,32,15,7,92.9,182,57.1,35.7,62,66.1,11.4,21,61.9,58.0,3.9,0,,0,,,,1.067,0.959,1.187,,,,,,,0.533,100,112,0.48,0.464,0.967,5,4,,,,,,,1.132,0.775,1.653,1.046,1.035,1.052,,,,Wing,0.22,,,-0.14,0.55,Euroleague,2019-20,intl
Niels Giffey,188,154,34,13,8,87.5,171,56.1,31.4,47,63.8,8.5,18,58.3,57.5,0.9,0,,0,,,,0.976,0.823,1.156,,,,,,,0.654,103,109,0.408,0.459,1.125,1,7,,,,,,,0.995,0.681,1.454,1.023,0.885,0.959,,,,Wing,-0.27,,,0.44,0.14,Euroleague,2019-20,intl
Danilo Barthel,188,172,16,8,8,56.2,154,54.5,1.7,42,61.9,9.8,31,30.6,60.3,-29.7,0,,0,,,,1.013,0.791,1.296,,,,,,,0.5,97,103,0.402,0.437,1.087,1,3,,,,,,,0.737,0.364,1.493,1.02,0.932,1.039,,,,Big,-0.49,,,0.14,-0.79,Euroleague,2019-20,intl
Jock Landale,186,148,38,11,15,76.7,175,56.6,20.1,48,69.8,15.6,9,44.4,58.8,-14.4,0,,0,,,,1.091,0.971,1.225,,,,,,,0.864,120,97,0.433,0.381,0.88,7,4,,,,,,,0.992,0.718,1.372,1.047,1.103,1.085,,,,Big,0.03,,,1.7,0.21,Euroleague,2019-20,intl
Livio Jean-Charles,185,143,42,16,7,64.3,187,54.0,10.3,37,51.4,-3.7,24,39.6,56.5,-16.9,0,,0,,,,0.947,0.84,1.068,,,,,,,0.656,117,92,0.47,0.446,0.948,6,4,,,,,,,0.962,0.677,1.367,1.044,1.085,0.966,,,,Wing,-0.43,,,0.45,0.04,Euroleague,2019-20,intl
Brandon Paul,182,153,29,14,9,50.0,166,53.3,-3.3,61,53.3,0.2,14,75.0,51.2,23.8,0,,0,,,,1.087,0.966,1.224,,,,,,,0.518,85,121,0.459,0.554,1.207,2,7,,,,,,,0.953,0.58,1.565,0.967,0.935,0.98,,,,Wing,0.33,,,-0.22,0.01,Euroleague,2019-20,intl
Kostas Papanikolaou,181,166,15,7,14,67.9,144,58.7,9.2,38,53.9,-7.3,22,45.5,61.8,-16.3,0,,0,,,,0.902,0.659,1.234,,,,,,,0.536,102,91,0.382,0.473,1.236,1,5,,,,,,,0.902,0.462,1.761,0.982,1.054,0.94,,,,Wing,-0.68,,,-0.13,-0.14,Euroleague,2019-20,intl
James Gist,176,155,21,10,17,23.5,146,45.2,-21.7,59,36.4,-10.2,26,30.8,45.3,-14.5,0,,0,,,,1.14,0.971,1.338,,,,,,,0.525,88,110,0.489,0.473,0.967,3,4,,,,,,,0.694,0.348,1.382,1.094,1.165,1.159,,,,Wing,0.62,,,-0.18,-0.77,Euroleague,2019-20,intl
Landry Nnoko,174,151,23,8,10,40.0,147,61.9,-21.9,38,63.2,3.5,12,58.3,60.7,-2.4,0,,0,,,,0.923,0.737,1.157,,,,,,,0.719,98,87,0.327,0.345,1.056,3,5,,,,,,,0.942,0.638,1.392,1.068,1.188,0.953,,,,Big,-1.08,,,1.08,0.02,Euroleague,2019-20,intl
Theo Maledon,173,149,24,11,4,25.0,121,53.7,-28.7,43,51.2,-2.5,16,59.4,51.8,7.5,0,,0,,,,1.057,0.776,1.438,,,,,,,0.545,90,99,0.3,0.414,1.38,3,7,,,,,,,1.0,0.589,1.699,1.149,1.335,1.09,,,,Playmaker,0.24,,,-0.46,-0.11,Euroleague,2019-20,intl
Marcus Eriksson,172,131,41,13,11,63.6,167,62.0,1.7,45,73.3,15.1,16,28.1,65.4,-37.3,0,,0,,,,1.038,0.935,1.152,,,,,,,0.788,96,99,0.458,0.515,1.124,8,2,,,,,,,1.08,0.758,1.54,1.041,1.062,1.052,,,,Wing,0.06,,,1.09,0.39,Euroleague,2019-20,intl
Jordan Loyd,171,127,44,15,10,55.0,141,52.5,2.5,43,52.3,-0.5,14,32.1,54.7,-22.6,0,,0,,,,1.219,1.036,1.433,,,,,,,0.733,91,107,0.418,0.467,1.119,6,7,,,,,,,0.646,0.387,1.079,1.302,1.227,1.168,,,,Wing,1.05,,,0.82,-0.91,Euroleague,2019-20,intl
Alberto Abalde,171,141,30,11,26,57.7,124,45.6,12.1,67,43.3,-7.9,16,68.8,45.1,23.6,0,,0,,,,0.858,0.67,1.099,,,,,,,0.682,80,110,0.475,0.436,0.919,1,4,,,,,,,0.398,0.162,0.982,0.959,0.843,0.887,,,,Wing,-0.92,,,0.58,-1.65,Euroleague,2019-20,intl
Chris Singleton,169,141,28,14,8,50.0,150,53.7,-3.7,25,42.0,-13.6,26,42.3,55.7,-13.4,0,,0,,,,0.874,0.698,1.094,,,,,,,0.5,122,66,0.484,0.5,1.034,7,1,,,,,,,0.943,0.554,1.604,1.093,0.845,0.848,,,,Wing,-0.83,,,-0.3,-0.02,Euroleague,2019-20,intl
Fabien Causeur,169,155,14,6,1,0.0,133,65.4,-65.4,38,65.8,1.2,18,58.3,65.9,-7.6,0,,0,,,,1.059,0.793,1.414,,,,,,,0.583,78,99,0.333,0.343,1.03,1,3,,,,,,,0.95,0.542,1.667,1.055,1.341,1.1,,,,Wing,0.18,,,0.1,0.0,Euroleague,2019-20,intl
Tim Abromaitis,164,150,14,7,13,23.1,133,62.8,-39.7,59,55.1,-7.0,17,44.1,61.2,-17.1,0,,0,,,,0.928,0.7,1.23,,,,,,,0.5,63,109,0.333,0.495,1.486,1,4,,,,,,,0.888,0.455,1.734,0.942,1.037,0.945,,,,Wing,-0.54,,,-0.3,-0.18,Euroleague,2019-20,intl
Anthony Gill,162,160,2,4,2,50.0,132,65.2,-15.2,38,57.9,-9.8,19,57.9,66.1,-8.2,0,,0,,,,0.62,0.155,2.485,,,,,,,0.125,82,84,0.341,0.357,1.046,0,3,,,,,,,,,,1.154,,0.62,,,,Wing,-2.21,,,-2.12,,Euroleague,2019-20,intl
Antoine Diot,162,148,14,9,2,0.0,107,50.9,-50.9,23,50.0,0.0,10,45.0,50.5,-5.5,0,,0,,,,1.081,0.716,1.633,,,,,,,0.389,102,73,0.402,0.356,0.886,4,2,,,,,,,0.244,0.038,1.573,1.271,0.872,1.121,,,,Wing,0.3,,,-0.84,-2.11,Euroleague,2019-20,intl
Gabriel Deck,161,130,31,10,3,66.7,137,48.5,18.1,19,52.6,4.3,17,41.2,50.0,-8.8,0,,0,,,,1.015,0.805,1.281,,,,,,,0.775,96,88,0.448,0.364,0.812,4,3,,,,,,,1.345,0.906,1.997,0.961,1.326,1.088,,,,Wing,-0.06,,,1.03,1.19,Euroleague,2019-20,intl
Taylor Rochestie,160,154,6,2,3,33.3,76,51.3,-18.0,25,42.0,-12.6,9,44.4,51.4,-7.0,0,,0,,,,0.675,0.215,2.118,,,,,,,0.75,82,81,0.329,0.235,0.712,0,1,,,,,,,,,,0.661,,0.579,,,,Playmaker,-1.2,,,0.68,,Euroleague,2019-20,intl
Fernando San Emeterio,158,151,7,6,4,100.0,117,58.5,41.5,15,33.3,-30.3,24,52.1,61.9,-9.8,0,,0,,,,1.187,0.864,1.632,,,,,,,0.292,94,70,0.362,0.414,1.145,0,1,,,,,,,0.991,0.436,2.253,1.125,,1.187,,,,Wing,0.88,,,-1.31,0.12,Euroleague,2019-20,intl
Nigel Hayes,158,123,35,15,9,88.9,142,47.5,41.4,34,63.2,17.1,23,39.1,52.0,-12.8,0,,0,,,,0.971,0.821,1.148,,,,,,,0.583,94,82,0.532,0.488,0.917,6,3,,,,,,,1.001,0.635,1.58,0.95,1.004,0.981,,,,Wing,-0.3,,,0.1,0.15,Euroleague,2019-20,intl
Anthony Randolph,157,129,28,11,1,0.0,169,66.3,-66.3,14,60.7,-5.6,11,36.4,67.9,-31.6,0,,0,,,,1.04,,,,,,,,,0.636,106,71,0.491,0.451,0.919,6,2,,,,,,,1.006,0.687,1.475,0.943,1.034,1.041,,,,Big,-0.31,,,0.72,0.27,Euroleague,2019-20,intl
Nik Stauskas,156,120,36,13,5,30.0,140,54.6,-24.6,31,56.5,3.4,16,43.8,55.0,-11.3,0,,0,,,,1.111,0.944,1.308,,,,,,,0.692,87,92,0.483,0.457,0.946,5,5,,,,,,,1.154,0.747,1.783,0.764,0.704,1.114,,,,Wing,0.46,,,0.62,0.61,Euroleague,2019-20,intl
Nikola Kalinic,156,132,24,11,6,83.3,130,46.9,36.4,42,60.7,17.6,27,48.1,48.6,-0.5,0,,0,,,,1.077,0.856,1.355,,,,,,,0.545,92,87,0.457,0.414,0.906,5,4,,,,,,,0.777,0.416,1.451,1.024,1.254,1.026,,,,Wing,0.28,,,-0.09,-0.52,Euroleague,2019-20,intl
Nicolas Laprovittola,156,145,11,4,2,50.0,89,48.9,1.1,26,40.4,-11.9,11,50.0,48.8,1.2,0,,0,,,,0.976,0.559,1.707,,,,,,,0.688,88,74,0.364,0.284,0.78,3,0,,,,,,,1.157,0.5,2.676,1.134,0.884,0.815,,,,Playmaker,-0.06,,,0.33,0.36,Euroleague,2019-20,intl
Nikola Milutinov,155,148,7,4,8,75.0,120,65.0,10.0,24,75.0,11.5,13,53.8,67.0,-13.1,0,,0,,,,0.888,0.552,1.429,,,,,,,0.438,85,74,0.271,0.284,1.049,0,3,,,,,,,0.881,0.426,1.822,1.1,0.827,0.888,,,,Big,-1.31,,,-0.13,-0.22,Euroleague,2019-20,intl
Sergio Llull,153,124,29,11,2,0.0,127,37.4,-37.4,52,35.6,-2.1,14,28.6,37.8,-9.3,0,,0,,,,0.909,0.652,1.267,,,,,,,0.659,95,95,0.463,0.505,1.091,5,9,,,,,,,0.941,0.421,2.105,0.894,0.925,1.033,,,,Wing,-0.64,,,0.46,-0.03,Euroleague,2019-20,intl
Jordan Mickey,153,142,11,5,3,33.3,142,65.8,-32.5,49,72.4,11.0,19,73.7,63.9,9.8,0,,0,,,,1.016,0.836,1.236,,,,,,,0.55,88,73,0.375,0.288,0.767,3,2,,,,,,,0.941,0.558,1.587,1.092,0.974,1.041,,,,Wing,-0.06,,,-0.06,-0.03,Euroleague,2019-20,intl
Arturas Milaknis,151,135,16,11,6,108.3,142,59.9,48.5,38,53.9,-10.6,10,65.0,61.6,3.4,0,,0,,,,1.116,,,,,,,,,0.364,78,84,0.41,0.56,1.364,1,4,,,,,,,1.154,0.722,1.844,1.019,1.103,1.116,,,,Wing,0.49,,,-0.96,0.61,Euroleague,2019-20,intl
Kevin Punter,149,112,37,15,12,50.0,153,50.0,0.0,64,43.0,-11.5,25,58.0,48.6,9.4,0,,0,,,,0.917,0.774,1.087,,,,,,,0.617,92,94,0.467,0.564,1.206,6,9,,,,,,,0.913,0.577,1.444,1.013,0.992,0.959,,,,Playmaker,-0.29,,,-0.06,-0.36,Euroleague,2019-20,intl
Nikita Kurbanov,147,143,4,5,7,35.7,103,60.7,-25.0,26,51.9,-9.4,20,62.5,58.3,4.2,0,,0,,,,1.416,,,,,,,,,0.2,69,83,0.391,0.386,0.985,0,1,,,,,,,1.647,0.9,3.015,0.951,,1.416,,,,Wing,2.12,,,-1.75,2.09,Euroleague,2019-20,intl
Luca Vildoza,147,123,24,8,3,0.0,107,47.2,-47.2,27,44.4,-1.9,19,39.5,47.3,-7.8,0,,0,,,,1.123,0.817,1.545,,,,,,,0.75,95,76,0.379,0.421,1.111,4,4,,,,,,,0.553,0.228,1.341,1.291,1.288,1.201,,,,Wing,0.53,,,0.9,-1.19,Euroleague,2019-20,intl
Walter Tavares,144,137,7,3,2,50.0,123,68.3,-18.3,17,64.7,-3.8,13,84.6,66.1,18.5,0,,0,,,,1.212,,,,,,,,,0.583,81,68,0.309,0.221,0.715,2,0,,,,,,,1.258,0.906,1.746,1.231,,1.195,,,,,,,,,,Euroleague,2019-20,intl
Petteri Koponen,144,127,17,9,4,62.5,116,62.1,0.4,29,48.3,-18.2,18,69.4,60.8,8.7,0,,0,,,,0.924,0.67,1.275,,,,,,,0.472,84,72,0.464,0.375,0.808,4,1,,,,,,,1.47,0.932,2.318,1.126,,0.916,,,,Wing,-0.56,,,-0.44,1.56,Euroleague,2019-20,intl
Kaleb Tarczewski,144,136,8,4,5,100.0,131,64.1,35.9,26,69.2,4.7,6,50.0,66.2,-16.2,0,,0,,,,0.81,0.541,1.211,,,,,,,0.5,81,67,0.321,0.313,0.976,1,2,,,,,,,0.988,0.554,1.763,0.985,1.09,0.81,,,,Big,-1.83,,,0.14,0.2,Euroleague,2019-20,intl
Ante Tomic,143,141,2,4,0,,117,58.1,,21,52.4,-7.0,15,53.3,58.8,-5.5,0,,0,,,,1.27,,,,,,,,,0.125,79,68,0.329,0.338,1.028,0,0,,,,,,,0.841,0.209,3.391,0.774,,1.27,,,,Big,1.21,,,-1.47,-0.38,Euroleague,2019-20,intl
Mateusz Ponitka,143,122,21,8,12,62.5,108,53.2,9.3,35,57.1,4.2,13,42.3,55.6,-13.3,0,,0,,,,1.112,0.911,1.358,,,,,,,0.656,67,85,0.418,0.388,0.929,3,4,,,,,,,0.94,0.57,1.549,1.079,1.15,1.062,,,,Wing,0.47,,,0.45,-0.03,Euroleague,2019-20,intl
Trey Thompkins,141,116,25,11,8,43.8,141,65.6,-21.9,49,71.4,10.4,24,43.8,68.4,-24.7,0,,0,,,,1.081,0.975,1.198,,,,,,,0.568,80,84,0.4,0.44,1.101,2,5,,,,,,,1.237,0.91,1.679,1.011,1.102,1.086,,,,Big,-0.04,,,0.43,1.18,Euroleague,2019-20,intl
Georgios Papagiannis,140,133,7,4,4,50.0,133,62.4,-12.4,26,69.2,8.9,11,36.4,64.3,-27.9,0,,0,,,,0.898,0.662,1.217,,,,,,,0.438,84,61,0.393,0.311,0.793,2,0,,,,,,,1.058,0.592,1.893,0.961,,0.916,,,,,,,,,,Euroleague,2019-20,intl
Sam Van Rossom,140,126,14,7,6,41.7,74,52.0,-10.4,25,50.0,-1.8,14,25.0,56.8,-31.8,0,,0,,,,1.161,0.714,1.89,,,,,,,0.5,68,83,0.25,0.361,1.446,0,5,,,,,,,1.107,0.525,2.333,0.925,1.459,1.27,,,,Playmaker,0.64,,,-0.71,0.21,Euroleague,2019-20,intl
Janis Strelnieks,140,126,14,7,5,20.0,95,60.0,-40.0,23,39.1,-24.5,12,41.7,60.2,-18.6,0,,0,,,,1.238,0.913,1.677,,,,,,,0.5,76,74,0.276,0.419,1.516,2,4,,,,,,,0.866,0.439,1.709,0.871,1.521,1.216,,,,Wing,1.15,,,-0.3,-0.25,Euroleague,2019-20,intl
Kc Rivers,139,119,20,10,4,112.5,129,57.8,54.7,43,61.6,3.3,24,79.2,55.0,24.1,0,,0,,,,1.167,,,,,,,,,0.5,77,74,0.468,0.514,1.098,2,5,,,,,,,0.816,0.461,1.446,1.188,1.154,1.114,,,,Wing,0.77,,,-0.3,-0.4,Euroleague,2019-20,intl
Jan Vesely,137,132,5,3,3,33.3,107,59.8,-26.5,27,55.6,-4.7,16,37.5,62.8,-25.3,0,,0,,,,1.294,,,,,,,,,0.417,69,71,0.261,0.38,1.458,0,3,,,,,,,0.319,0.055,1.852,1.23,1.283,1.294,,,,Big,1.37,,,-0.22,-2.43,Euroleague,2019-20,intl
Vanja Marinkovic,137,126,11,10,3,83.3,132,51.5,31.8,30,76.7,31.4,20,55.0,51.7,3.3,0,,0,,,,0.996,0.82,1.21,,,,,,,0.275,84,63,0.536,0.492,0.919,1,1,,,,,,,0.852,0.389,1.865,0.941,1.092,0.996,,,,Wing,-0.17,,,-1.39,-0.29,Euroleague,2019-20,intl
Charles Kahudi,136,120,16,13,7,42.9,128,52.0,-9.1,35,48.6,-3.9,20,37.5,53.9,-16.4,0,,0,,,,0.833,0.624,1.113,,,,,,,0.308,79,72,0.506,0.514,1.015,1,2,,,,,,,0.9,0.447,1.812,1.043,0.744,0.865,,,,,,,,,,Euroleague,2019-20,intl
Yovel Zoosman,136,120,16,5,4,25.0,101,50.0,-25.0,24,45.8,-4.2,7,0.0,52.6,-52.6,0,,0,,,,1.059,0.78,1.437,,,,,,,0.8,75,70,0.4,0.414,1.036,3,1,,,,,,,0.726,0.316,1.671,1.134,1.096,1.115,,,,Wing,0.18,,,1.15,-0.67,Euroleague,2019-20,intl
Jaycee Carroll,135,113,22,12,3,100.0,139,54.0,46.0,24,50.0,-5.9,6,25.0,56.2,-31.2,0,,0,,,,0.912,0.768,1.083,,,,,,,0.458,76,78,0.487,0.551,1.132,6,6,,,,,,,0.512,0.236,1.111,0.954,0.904,0.9,,,,Playmaker,-0.3,,,-0.94,-1.55,Euroleague,2019-20,intl
Jeremy Evans,134,125,9,6,4,75.0,119,61.8,13.2,29,58.6,-4.7,11,22.7,66.1,-43.3,0,,0,,,,1.179,,,,,,,,,0.375,79,63,0.304,0.413,1.358,0,1,,,,,,,0.879,0.481,1.605,1.084,1.168,1.179,,,,Big,0.61,,,-0.4,-0.23,Euroleague,2019-20,intl
Mike Tobey,133,115,18,6,8,31.2,120,57.9,-26.7,39,60.3,5.8,12,54.2,56.5,-2.3,0,,0,,,,1.127,,,,,,,,,0.75,73,68,0.438,0.441,1.006,3,3,,,,,,,0.696,0.38,1.273,1.119,1.114,1.127,,,,Big,0.26,,,1.21,-0.95,Euroleague,2019-20,intl
Wade Baldwin Iv,132,113,19,6,4,62.5,105,45.2,17.3,31,54.8,12.5,24,50.0,44.7,5.3,0,,0,,,,1.028,0.767,1.377,,,,,,,0.792,66,81,0.485,0.383,0.789,3,2,,,,,,,1.322,0.788,2.22,0.887,0.988,1.12,,,,Playmaker,0.13,,,0.91,0.85,Euroleague,2019-20,intl
Guillem Vives,130,105,25,10,8,25.0,96,45.8,-20.8,22,40.9,-4.2,15,40.0,44.9,-4.9,0,,0,,,,0.939,0.7,1.26,,,,,,,0.625,68,75,0.5,0.413,0.827,3,4,,,,,,,1.009,0.538,1.894,0.926,0.589,0.88,,,,Wing,-0.48,,,0.3,0.18,Euroleague,2019-20,intl
Nate Wolters,130,112,18,6,2,0.0,99,52.5,-52.5,19,39.5,-14.8,7,21.4,53.7,-32.3,0,,0,,,,0.945,0.667,1.338,,,,,,,0.75,79,65,0.38,0.369,0.972,3,3,,,,,,,1.463,0.917,2.334,1.009,0.71,0.872,,,,Playmaker,-0.18,,,0.68,1.26,Euroleague,2019-20,intl
Jeffery Taylor,128,117,11,4,4,75.0,95,54.7,20.3,13,46.2,-10.8,10,45.0,56.7,-11.7,0,,0,,,,0.483,0.22,1.064,,,,,,,0.688,82,54,0.341,0.5,1.464,2,1,,,,,,,,,,0.978,0.546,0.628,,,,Wing,-2.96,,,0.6,,Euroleague,2019-20,intl
Sasha Vezenkov,128,118,10,7,2,50.0,123,65.9,-15.9,44,70.5,7.5,13,50.0,67.4,-17.4,0,,0,,,,1.011,0.815,1.255,,,,,,,0.357,65,76,0.4,0.408,1.02,2,3,,,,,,,0.956,0.521,1.754,0.948,,0.937,,,,Wing,-0.08,,,-1.0,0.02,Euroleague,2019-20,intl
Colton Iverson,127,125,2,2,2,50.0,99,55.6,-5.6,12,58.3,3.3,18,61.1,54.2,6.9,0,,0,,,,1.289,,,,,,,,,0.25,79,50,0.367,0.32,0.872,1,0,,,,,,,,,,1.023,,1.289,,,,Big,1.33,,,-0.93,,Euroleague,2019-20,intl
Aaron Doornekamp,126,113,13,8,10,60.0,98,58.2,1.8,35,52.9,-8.1,16,53.1,59.2,-6.1,0,,0,,,,0.86,0.592,1.249,,,,,,,0.406,61,73,0.41,0.493,1.203,2,5,,,,,,,0.941,0.439,2.015,1.029,1.245,0.86,,,,Wing,-0.91,,,-0.76,-0.03,Euroleague,2019-20,intl
Michael Eric,125,118,7,8,0,,125,55.2,,23,69.6,17.6,19,57.9,54.7,3.2,0,,0,,,,0.759,0.474,1.216,,,,,,,0.219,76,58,0.447,0.379,0.848,0,2,,,,,,,1.388,0.87,2.212,0.977,,0.797,,,,,,,,,,Euroleague,2019-20,intl
Konstantinos Mitoglou,125,112,13,5,5,60.0,113,54.0,6.0,23,54.3,0.1,8,43.8,55.0,-11.3,0,,0,,,,0.862,0.635,1.168,,,,,,,0.65,78,55,0.423,0.455,1.074,1,2,,,,,,,0.741,0.339,1.616,1.011,0.554,0.91,,,,,,,,,,Euroleague,2019-20,intl
Nemanja Nedovic,124,96,28,11,5,50.0,105,48.1,1.9,22,36.4,-14.8,13,46.2,48.5,-2.3,0,,0,,,,1.006,0.807,1.254,,,,,,,0.636,73,67,0.452,0.537,1.189,1,4,,,,,,,0.909,0.49,1.687,1.072,0.941,0.97,,,,Wing,-0.11,,,0.35,-0.12,Euroleague,2019-20,intl
Quincy Acy,123,108,15,8,7,35.7,113,48.2,-12.5,23,39.1,-10.4,16,34.4,49.5,-15.1,0,,0,,,,0.996,0.806,1.23,,,,,,,0.469,70,67,0.5,0.552,1.104,3,3,,,,,,,0.673,0.289,1.565,0.994,0.937,1.021,,,,Wing,-0.17,,,-0.45,-0.83,Euroleague,2019-20,intl
Vladimir Stimac,123,107,16,6,6,58.3,111,61.3,-2.9,24,66.7,7.0,14,71.4,59.7,11.7,0,,0,,,,0.996,0.817,1.214,,,,,,,0.667,75,58,0.36,0.345,0.958,3,2,,,,,,,1.178,0.814,1.704,0.987,0.908,0.949,,,,Big,-0.6,,,0.86,0.95,Euroleague,2019-20,intl
Nihad Dedovic,122,88,34,11,7,28.6,106,46.2,-17.7,24,50.0,6.2,7,21.4,46.7,-25.3,0,,0,,,,0.875,0.688,1.112,,,,,,,0.773,75,68,0.48,0.471,0.98,5,3,,,,,,,0.717,0.386,1.331,1.082,0.658,0.854,,,,,,,,,,Euroleague,2019-20,intl
Joel Bolomboy,122,115,7,4,5,50.0,108,53.7,-3.7,32,59.4,8.1,16,50.0,54.1,-4.1,0,,0,,,,1.117,,,,,,,,,0.438,68,58,0.5,0.431,0.862,2,0,,,,,,,0.866,0.36,2.081,0.899,1.123,1.117,,,,Wing,0.49,,,-0.6,-0.25,Euroleague,2019-20,intl
Maurice Ndour,120,113,7,2,4,75.0,107,59.8,15.2,21,54.8,-6.9,13,46.2,62.2,-16.1,0,,0,,,,1.108,,,,,,,,,0.875,62,60,0.387,0.367,0.947,1,1,,,,,,,0.463,0.142,1.507,0.858,1.102,1.108,,,,Wing,0.44,,,1.51,-1.46,Euroleague,2019-20,intl
Jake Cohen,118,114,4,3,0,,96,60.4,,33,69.7,14.1,8,62.5,60.2,2.3,0,,0,,,,1.281,,,,,,,,,0.333,61,60,0.295,0.45,1.525,0,1,,,,,,,0.908,0.335,2.463,1.043,1.269,1.281,,,,Big,1.28,,,-0.58,-0.12,Euroleague,2019-20,intl
Rihards Lomazs,117,103,14,7,4,112.5,99,48.0,64.5,25,66.0,20.5,15,70.0,47.2,22.8,0,,0,,,,1.196,1.0,1.429,,,,,,,0.5,63,64,0.476,0.5,1.05,2,1,,,,,,,1.346,0.761,2.381,1.149,1.253,1.207,,,,Wing,0.92,,,-0.3,1.19,Euroleague,2019-20,intl
Edwin Jackson,117,80,37,14,4,25.0,117,29.5,-4.5,29,22.4,-9.1,24,27.1,29.9,-2.8,0,,0,,,,0.946,0.764,1.171,,,,,,,0.661,76,74,0.566,0.608,1.075,5,6,,,,,,,1.444,0.816,2.553,1.016,0.837,0.957,,,,Playmaker,-0.18,,,0.18,1.21,Euroleague,2019-20,intl
Dejan Davidovac,117,110,7,6,2,100.0,107,50.9,49.1,27,48.1,-4.9,15,43.3,53.2,-9.9,0,,0,,,,0.972,0.713,1.325,,,,,,,0.292,61,62,0.443,0.532,1.203,2,3,,,,,,,1.054,0.461,2.411,1.05,1.133,0.972,,,,Wing,-0.3,,,-1.31,0.31,Euroleague,2019-20,intl
Ali Muhammed,116,104,12,4,0,,92,55.4,,24,68.8,18.0,10,35.0,57.9,-22.9,0,,0,,,,0.889,0.587,1.346,,,,,,,0.75,54,69,0.481,0.391,0.813,2,1,,,,,,,0.86,0.34,2.179,0.928,0.661,0.892,,,,Playmaker,-0.39,,,0.68,-0.52,Euroleague,2019-20,intl
Louis Labeyrie,114,112,2,4,2,50.0,93,55.9,-5.9,27,64.8,12.6,14,42.9,58.0,-15.2,0,,0,,,,0.615,0.153,2.468,,,,,,,0.125,62,56,0.452,0.357,0.791,0,0,,,,,,,,,,1.088,,0.615,,,,Big,-3.12,,,-1.47,,Euroleague,2019-20,intl
Chris Kramer,114,100,14,4,6,58.3,69,50.0,8.3,25,64.0,20.0,9,50.0,50.8,-0.8,0,,0,,,,0.907,0.562,1.463,,,,,,,0.875,52,68,0.365,0.338,0.926,0,0,,,,,,,2.12,1.43,3.145,0.889,,0.794,,,,Wing,-0.65,,,1.51,3.51,Euroleague,2019-20,intl
Charles Jenkins,113,102,11,6,5,40.0,77,37.7,2.3,15,33.3,-5.5,11,0.0,43.7,-43.7,0,,0,,,,1.449,1.14,1.841,,,,,,,0.458,69,52,0.391,0.481,1.229,0,2,,,,,,,1.6,0.881,2.906,1.362,1.52,1.471,,,,Playmaker,1.73,,,-0.94,1.67,Euroleague,2019-20,intl
Melih Mahmutoglu,113,99,14,7,1,150.0,107,60.7,89.3,23,56.5,-6.4,18,47.2,64.4,-17.2,0,,0,,,,0.953,0.762,1.193,,,,,,,0.5,62,58,0.435,0.534,1.227,0,3,,,,,,,1.011,0.553,1.849,1.049,0.888,0.953,,,,Wing,-0.4,,,-0.3,0.18,Euroleague,2019-20,intl
Dmitry Khvostov,112,98,14,5,2,75.0,62,40.3,34.7,19,31.6,-14.0,6,41.7,41.4,0.3,0,,0,,,,1.4,0.954,2.055,,,,,,,0.7,59,58,0.339,0.362,1.068,2,1,,,,,,,1.389,0.675,2.858,1.15,1.411,1.4,,,,,,,,,,Euroleague,2019-20,intl
Antonios Koniaris,109,101,8,4,4,75.0,70,50.0,25.0,20,55.0,5.0,12,33.3,54.8,-21.5,0,,0,,,,1.629,,,,,,,,,0.5,44,69,0.364,0.435,1.196,0,3,,,,,,,0.596,0.173,2.051,1.087,1.582,1.629,,,,Wing,3.28,,,-0.3,-1.06,Euroleague,2019-20,intl
Joffrey Lauvergne,109,103,6,3,1,100.0,93,54.8,45.2,15,60.0,5.6,14,32.1,59.4,-27.2,0,,0,,,,1.272,,,,,,,,,0.5,64,52,0.344,0.404,1.175,1,0,,,,,,,0.9,0.395,2.051,0.838,1.239,1.272,,,,Big,1.22,,,0.14,-0.15,Euroleague,2019-20,intl
Augustine Rubit,108,104,4,3,0,,94,63.8,,21,64.3,0.6,9,61.1,64.1,-3.0,0,,0,,,,0.886,0.5,1.57,,,,,,,0.333,58,53,0.293,0.396,1.352,0,1,,,,,,,0.533,0.107,2.664,0.974,1.185,0.886,,,,Wing,-0.77,,,-1.11,-1.25,Euroleague,2019-20,intl
Youssoupha Fall,108,102,6,6,5,100.0,104,59.6,40.4,18,83.3,26.2,3,33.3,62.3,-28.9,0,,0,,,,1.052,,,,,,,,,0.25,62,52,0.355,0.385,1.084,1,0,,,,,,,1.59,,,1.062,,1.052,,,,Big,-0.23,,,-0.93,2.56,Euroleague,2019-20,intl
Tyler Cavanaugh,107,94,13,8,4,50.0,96,44.3,5.7,34,36.8,-11.7,9,33.3,45.6,-12.3,0,,0,,,,1.127,0.938,1.354,,,,,,,0.406,52,66,0.519,0.545,1.051,2,3,,,,,,,0.828,0.356,1.928,0.92,0.89,1.139,,,,Wing,0.55,,,-0.76,-0.36,Euroleague,2019-20,intl
Deni Avdija,107,94,13,5,3,33.3,91,51.1,-17.8,27,38.9,-16.3,7,21.4,52.9,-31.4,0,,0,,,,0.977,0.713,1.34,,,,,,,0.65,63,55,0.413,0.491,1.19,2,2,,,,,,,1.727,1.057,2.82,0.898,0.837,1.032,,,,Wing,-0.27,,,0.42,2.33,Euroleague,2019-20,intl
Amine Noua,105,92,13,4,0,,102,56.4,,28,67.9,15.8,14,39.3,59.1,-19.8,0,,0,,,,1.082,,,,,,,,,0.812,45,66,0.556,0.409,0.736,2,1,,,,,,,1.116,0.644,1.934,0.942,1.098,1.082,,,,Wing,0.3,,,1.2,0.5,Euroleague,2019-20,intl
Branko Lazic,105,98,7,7,2,0.0,94,48.9,-48.9,9,55.6,8.4,22,38.6,50.7,-12.0,0,,0,,,,0.833,0.518,1.341,,,,,,,0.25,62,50,0.452,0.58,1.284,2,1,,,,,,,0.442,0.075,2.592,1.004,1.174,0.833,,,,Wing,-1.05,,,-1.51,-1.52,Euroleague,2019-20,intl
Evgeny Voronov,104,71,33,12,1,150.0,106,41.0,109.0,19,44.7,3.3,14,14.3,46.2,-32.0,0,,0,,,,0.988,0.831,1.173,,,,,,,0.688,62,62,0.581,0.565,0.972,6,3,,,,,,,1.042,0.594,1.828,1.146,0.901,0.95,,,,Wing,-0.21,,,0.6,0.28,Euroleague,2019-20,intl
Makai Mason,102,97,5,4,10,45.0,72,56.9,-11.9,30,50.0,-8.7,6,58.3,55.3,3.1,0,,0,,,,0.249,0.043,1.44,,,,,,,0.312,43,63,0.395,0.429,1.084,1,1,,,,,,,2.108,,,0.761,,0.249,,,,Playmaker,-2.81,,,-1.75,3.17,Euroleague,2019-20,intl
Leo Westermann,101,91,10,3,9,66.7,57,58.8,7.9,30,75.0,27.8,8,68.8,58.6,10.1,0,,0,,,,1.158,0.747,1.796,,,,,,,0.833,53,53,0.321,0.377,1.176,2,1,,,,,,,0.582,0.175,1.936,1.271,1.013,1.103,,,,Wing,0.72,,,1.31,-1.1,Euroleague,2019-20,intl
Ognjen Dobric,101,97,4,5,6,58.3,84,54.8,3.6,40,41.2,-24.8,13,46.2,56.5,-10.3,0,,0,,,,1.198,,,,,,,,,0.2,51,55,0.412,0.491,1.192,1,2,,,,,,,0.494,0.089,2.733,1.017,,1.198,,,,Wing,0.94,,,-1.75,-1.36,Euroleague,2019-20,intl
Alex Abrines,101,88,13,6,6,91.7,91,59.9,31.8,32,73.4,17.3,12,58.3,62.4,-4.0,0,,0,,,,0.931,0.731,1.184,,,,,,,0.542,52,55,0.519,0.455,0.875,4,2,,,,,,,0.909,0.459,1.801,1.016,0.824,0.931,,,,Wing,-0.52,,,-0.1,-0.12,Euroleague,2019-20,intl
Sertac Sanli,99,96,3,2,0,,91,65.9,,27,59.3,-9.5,9,55.6,67.1,-11.5,0,,0,,,,1.116,,,,,,,,,0.375,47,54,0.298,0.333,1.119,1,1,,,,,,,0.494,0.099,2.465,1.128,,1.116,,,,Big,0.19,,,-0.4,-1.74,Euroleague,2019-20,intl
Wesley Johnson,98,91,7,7,3,100.0,89,41.0,59.0,25,50.0,9.7,18,50.0,41.2,8.8,0,,0,,,,1.182,,,,,,,,,0.25,65,41,0.538,0.61,1.132,3,1,,,,,,,0.733,0.22,2.445,1.259,1.167,1.182,,,,Big,0.63,,,-0.93,-0.8,Euroleague,2019-20,intl
Dairis Bertans,97,89,8,3,0,,73,60.3,,14,78.6,22.6,10,55.0,61.1,-6.1,0,,0,,,,1.043,0.685,1.588,,,,,,,0.667,55,45,0.4,0.422,1.056,1,2,,,,,,,0.344,0.056,2.096,1.019,0.454,1.043,,,,Wing,0.09,,,0.5,-1.81,Euroleague,2019-20,intl
Demarcus Nelson,95,79,16,4,0,,65,43.1,,16,34.4,-11.5,10,25.0,46.4,-21.4,0,,0,,,,0.449,0.214,0.942,,,,,,,1.0,51,50,0.392,0.38,0.969,2,1,,,,,,,1.5,0.684,3.29,0.652,,0.479,,,,Wing,-3.15,,,2.11,1.65,Euroleague,2019-20,intl
Anton Ponkrashov,93,82,11,7,4,37.5,71,33.1,4.4,26,25.0,-12.8,12,20.8,35.7,-14.9,0,,0,,,,0.855,0.538,1.361,,,,,,,0.393,50,50,0.58,0.52,0.897,2,1,,,,,,,2.324,1.068,5.057,1.18,,0.855,,,,Wing,-0.93,,,-0.82,4.12,Euroleague,2019-20,intl
Brock Motum,91,81,10,7,4,25.0,85,56.5,-31.5,22,43.2,-15.8,12,70.8,52.6,18.2,0,,0,,,,1.141,,,,,,,,,0.357,57,42,0.509,0.405,0.796,4,0,,,,,,,1.151,0.662,2.002,1.083,1.116,1.141,,,,Wing,0.62,,,-1.0,0.6,Euroleague,2019-20,intl
Andrey Vorontsevich,91,83,8,5,4,25.0,70,45.7,-20.7,20,37.5,-9.7,8,50.0,43.9,6.1,0,,0,,,,1.171,0.876,1.566,,,,,,,0.4,50,46,0.5,0.478,0.957,2,0,,,,,,,1.107,0.445,2.753,1.324,0.867,1.171,,,,Wing,0.79,,,-0.79,0.47,Euroleague,2019-20,intl
Keifer Sykes,91,69,22,9,8,68.8,79,41.1,27.6,25,52.0,11.7,9,61.1,41.7,19.4,0,,0,,,,1.026,0.815,1.292,,,,,,,0.611,47,60,0.574,0.5,0.87,4,4,,,,,,,1.222,0.655,2.28,1.017,0.947,0.958,,,,Playmaker,0.13,,,-0.09,0.55,Euroleague,2019-20,intl
Victor Claver,91,80,11,4,1,0.0,68,62.5,-62.5,7,57.1,-5.0,9,55.6,62.5,-6.9,0,,0,,,,1.19,0.868,1.631,,,,,,,0.688,48,49,0.292,0.408,1.399,2,2,,,,,,,1.091,0.576,2.068,1.542,0.698,1.119,,,,Big,0.68,,,0.95,0.6,Euroleague,2019-20,intl
Angelo Caloiaro,91,88,3,3,7,85.7,61,50.0,35.7,20,85.0,44.4,11,36.4,57.0,-20.7,0,,0,,,,1.397,,,,,,,,,0.25,49,45,0.429,0.356,0.83,1,1,,,,,,,0.7,0.138,3.541,1.078,1.394,1.397,,,,Wing,2.02,,,-1.51,-0.75,Euroleague,2019-20,intl
Marius Grigonis,90,66,24,7,14,82.1,71,49.3,32.8,29,55.2,0.7,11,45.5,56.1,-10.6,0,,0,,,,1.21,1.009,1.452,,,,,,,0.857,46,60,0.435,0.45,1.035,3,3,,,,,,,1.285,0.811,2.034,0.961,1.025,1.155,,,,Wing,1.0,,,1.42,1.01,Euroleague,2019-20,intl
Adreian Payne,89,73,16,6,1,0.0,89,61.2,-61.2,15,23.3,-44.7,11,36.4,63.9,-27.6,0,,0,,,,1.037,0.895,1.201,,,,,,,0.667,52,47,0.423,0.468,1.106,3,3,,,,,,,0.951,0.566,1.599,0.961,1.101,1.048,,,,Big,-0.33,,,0.86,0.05,Euroleague,2019-20,intl
Jonas Mattisseck,89,88,1,2,1,0.0,69,47.8,-47.8,13,53.8,8.2,10,75.0,42.5,32.5,0,,0,,,,1.313,,,,,,,,,0.125,53,38,0.472,0.553,1.172,0,0,,,,,,,,,,0.833,,1.313,,,,Wing,1.56,,,-2.12,,Euroleague,2019-20,intl
Achille Polonara,88,78,10,8,3,0.0,86,39.0,-39.0,28,42.9,7.6,14,28.6,39.3,-10.8,0,,0,,,,1.099,,,,,,,,,0.312,54,42,0.667,0.571,0.857,2,1,,,,,,,0.852,0.314,2.311,0.968,1.086,1.099,,,,Wing,0.4,,,-1.21,-0.29,Euroleague,2019-20,intl
Stratos Perperoglou,88,73,15,8,4,37.5,88,46.6,-9.1,24,41.7,-6.1,12,45.8,46.2,-0.4,0,,0,,,,1.002,0.863,1.163,,,,,,,0.469,57,41,0.544,0.634,1.166,3,3,,,,,,,0.313,0.085,1.16,1.024,1.078,1.012,,,,Wing,-0.13,,,-0.45,-1.91,Euroleague,2019-20,intl
Jacob Wiley,88,78,10,3,1,100.0,83,63.9,36.1,11,54.5,-11.2,7,42.9,66.2,-23.4,0,,0,,,,0.989,0.795,1.23,,,,,,,0.833,58,34,0.31,0.353,1.137,2,1,,,,,,,1.402,1.048,1.876,1.108,0.816,0.999,,,,Wing,-0.2,,,1.31,1.36,Euroleague,2019-20,intl
Paulius Jankunas,87,87,0,3,1,0.0,72,41.0,-41.0,11,50.0,11.3,12,8.3,46.7,-38.4,0,,0,,,,,,,,,,,,,0.0,52,38,0.519,0.474,0.912,0,1,,,,,,,,,,0.899,,,,,,Big,,,,-2.0,,Euroleague,2019-20,intl
James Anderson,87,78,9,4,3,33.3,81,51.9,-18.5,17,41.2,-12.6,13,26.9,55.6,-28.7,0,,0,,,,0.831,0.583,1.184,,,,,,,0.562,49,42,0.429,0.643,1.5,1,2,,,,,,,0.298,0.048,1.858,0.93,1.089,0.831,,,,Wing,-1.06,,,-0.0,-1.95,Euroleague,2019-20,intl
Arturas Gudaitis,86,81,5,4,3,66.7,76,50.7,16.0,19,52.6,1.8,7,0.0,56.2,-56.2,0,,0,,,,1.157,,,,,,,,,0.312,47,43,0.426,0.442,1.038,1,1,,,,,,,1.135,0.537,2.401,0.99,,1.157,,,,Big,0.46,,,-0.67,0.78,Euroleague,2019-20,intl
Vladislav Trushkin,85,72,13,8,5,60.0,81,46.9,13.1,29,50.0,3.5,10,0.0,53.9,-53.9,0,,0,,,,0.923,0.725,1.176,,,,,,,0.406,50,44,0.56,0.636,1.136,3,3,,,,,,,1.2,0.586,2.459,0.907,1.09,0.935,,,,Wing,-0.56,,,-0.76,0.75,Euroleague,2019-20,intl
Ron Baker,84,77,7,4,2,75.0,60,45.0,30.0,16,40.6,-7.2,7,57.1,44.5,12.6,0,,0,,,,0.193,0.031,1.19,,,,,,,0.438,47,42,0.447,0.452,1.012,2,0,,,,,,,,,,0.908,,0.169,,,,Wing,-4.54,,,-0.6,,Euroleague,2019-20,intl
Sergey Karasev,84,84,0,1,2,75.0,65,54.6,20.4,18,80.6,34.6,12,54.2,55.5,-1.3,0,,0,,,,,,,,,,,,,0.0,44,41,0.5,0.39,0.78,0,0,,,,,,,,,,0.686,,,,,,Wing,,,,-2.72,,Euroleague,2019-20,intl
Pierre Oriola,83,83,0,0,4,87.5,61,69.7,17.8,23,89.1,28.4,6,66.7,71.2,-4.5,0,,0,,,,,,,,,,,,,,43,40,0.326,0.3,0.921,0,0,,,,,,,,,,0.636,,,,,,Wing,,,,,,Euroleague,2019-20,intl
Alec Peters,83,81,2,1,3,83.3,67,64.2,19.2,25,62.0,-4.7,8,43.8,67.7,-24.0,0,,0,,,,1.191,,,,,,,,,0.5,38,46,0.368,0.391,1.062,1,0,,,,,,,0.919,0.226,3.737,0.961,,1.191,,,,Wing,0.9,,,-0.3,-0.09,Euroleague,2019-20,intl
Amedeo Della Valle,81,74,7,3,3,50.0,69,60.9,-10.9,24,62.5,3.1,19,42.1,67.0,-24.9,0,,0,,,,1.194,,,,,,,,,0.583,37,47,0.405,0.447,1.102,1,2,,,,,,,1.107,0.558,2.197,0.806,1.174,1.194,,,,Wing,0.91,,,0.1,0.47,Euroleague,2019-20,intl
Jeff Brooks,78,74,4,3,4,62.5,59,56.8,5.7,16,56.2,-1.2,11,45.5,59.6,-14.2,0,,0,,,,0.974,0.546,1.738,,,,,,,0.333,37,44,0.405,0.386,0.953,0,1,,,,,,,1.31,0.566,3.035,0.913,,0.974,,,,Wing,-0.29,,,-1.11,1.08,Euroleague,2019-20,intl
Will Cherry,77,72,5,3,4,37.5,54,50.9,-13.4,18,38.9,-16.1,9,44.4,51.0,-6.6,0,,0,,,,0.543,0.184,1.604,,,,,,,0.417,34,46,0.294,0.5,1.7,0,2,,,,,,,,,,1.095,,0.543,,,,Playmaker,-1.7,,,-1.17,,Euroleague,2019-20,intl
John Dibartolomeo,76,70,6,4,1,0.0,59,64.4,-64.4,13,50.0,-17.0,7,92.9,59.4,33.4,0,,0,,,,0.897,0.501,1.607,,,,,,,0.375,32,48,0.375,0.375,1.0,1,2,,,,,,,0.929,0.338,2.554,1.151,,0.897,,,,Playmaker,-0.36,,,-1.41,-0.32,Euroleague,2019-20,intl
Thomas Bray,76,69,7,5,1,0.0,54,51.9,-51.9,10,45.0,-7.2,7,64.3,49.0,15.3,0,,0,,,,1.408,0.986,2.012,,,,,,,0.35,50,35,0.38,0.4,1.053,2,2,,,,,,,0.368,0.06,2.274,1.209,1.287,1.46,,,,,,,,,,Euroleague,2019-20,intl
Semaj Christon,76,64,12,4,3,33.3,53,50.9,-17.6,16,46.9,-4.4,13,50.0,50.0,0.0,0,,0,,,,0.711,0.395,1.28,,,,,,,0.75,41,42,0.366,0.381,1.041,1,1,,,,,,,0.682,0.212,2.198,1.036,0.617,0.658,,,,Playmaker,-1.06,,,0.68,-1.05,Euroleague,2019-20,intl
Shelvin Mack,74,66,8,5,1,0.0,59,40.7,-40.7,12,33.3,-8.3,6,58.3,38.0,20.4,0,,0,,,,0.825,0.474,1.435,,,,,,,0.4,39,40,0.385,0.575,1.495,0,3,,,,,,,1.0,0.324,3.083,1.035,1.333,0.825,,,,Playmaker,-0.63,,,-1.27,-0.11,Euroleague,2019-20,intl
Johannes Thiemann,74,70,4,3,3,33.3,61,61.5,-28.1,12,70.8,13.1,4,25.0,62.5,-37.5,0,,0,,,,1.228,,,,,,,,,0.333,40,37,0.375,0.378,1.009,1,2,,,,,,,1.336,0.725,2.46,1.03,1.21,1.228,,,,Wing,1.1,,,-1.11,1.16,Euroleague,2019-20,intl
Matthew Strazel,72,69,3,5,0,,53,50.9,,20,50.0,-1.5,10,40.0,53.5,-13.5,0,,0,,,,0.489,0.098,2.444,,,,,,,0.15,35,42,0.371,0.452,1.218,0,2,,,,,,,,,,0.963,,0.489,,,,Playmaker,-1.9,,,-2.65,,Euroleague,2019-20,intl
Ilimane Diop,71,66,5,4,0,,67,55.2,,23,47.8,-11.3,10,55.0,55.3,-0.3,0,,0,,,,1.138,,,,,,,,,0.312,29,46,0.345,0.5,1.45,0,1,,,,,,,1.123,0.528,2.388,1.157,,1.138,,,,Big,0.34,,,-0.67,0.73,Euroleague,2019-20,intl
Bryant Dunston,70,66,4,1,3,100.0,51,68.6,31.4,14,78.6,11.1,7,85.7,68.1,17.6,0,,0,,,,0.99,0.553,1.772,,,,,,,1.0,33,38,0.273,0.184,0.675,0,1,,,,,,,0.45,0.09,2.251,1.125,0.654,0.99,,,,Wing,-0.2,,,2.11,-1.5,Euroleague,2019-20,intl
Filip Covic,68,64,4,4,3,0.0,38,32.9,-32.9,13,34.6,6.0,8,18.8,33.3,-14.6,0,,0,,,,1.412,0.766,2.6,,,,,,,0.25,40,32,0.425,0.469,1.103,2,1,,,,,,,,,,2.167,0.895,1.412,,,,Playmaker,1.59,,,-2.1,,Euroleague,2019-20,intl
Borisa Simanic,68,66,2,1,0,,55,70.9,,3,50.0,-22.1,7,71.4,70.8,0.6,0,,0,,,,1.269,,,,,,,,,0.5,41,28,0.341,0.357,1.046,0,0,,,,,,,0.867,0.213,3.533,0.837,,1.269,,,,Big,1.2,,,0.14,-0.28,Euroleague,2019-20,intl
Leon Radosevic,67,65,2,1,0,,56,41.1,,18,27.8,-19.6,11,18.2,46.7,-28.5,0,,0,,,,1.226,,,,,,,,,0.5,27,41,0.444,0.512,1.152,0,1,,,,,,,,,,1.027,1.222,1.226,,,,Wing,1.09,,,-0.3,,Euroleague,2019-20,intl
Ismael Bako,66,64,2,3,0,,63,50.8,,12,66.7,19.6,8,50.0,50.9,-0.9,0,,0,,,,1.103,,,,,,,,,0.167,40,29,0.525,0.345,0.657,1,0,,,,,,,0.935,0.229,3.819,1.098,,1.103,,,,Big,0.11,,,-1.29,-0.01,Euroleague,2019-20,intl
Howard Sant-Roos,65,46,19,8,0,,57,36.8,,19,47.4,15.8,11,54.5,32.6,21.9,0,,0,,,,1.25,0.945,1.653,,,,,,,0.594,37,39,0.486,0.513,1.054,3,2,,,,,,,1.55,0.764,3.144,1.076,1.21,1.282,,,,Wing,1.22,,,0.15,1.8,Euroleague,2019-20,intl
Mathias Lessort,64,62,2,1,0,,53,52.8,,11,72.7,25.1,4,25.0,55.1,-30.1,0,,0,,,,1.24,,,,,,,,,0.5,38,27,0.395,0.37,0.938,1,0,,,,,,,,,,0.91,1.235,1.24,,,,Wing,1.16,,,-0.3,,Euroleague,2019-20,intl
Gregory Monroe,64,51,13,4,0,,54,48.1,,9,55.6,8.9,8,62.5,45.7,16.8,0,,0,,,,1.272,1.01,1.602,,,,,,,0.812,44,29,0.318,0.483,1.517,1,1,,,,,,,0.925,0.488,1.753,1.207,1.0,1.12,,,,,,,,,,Euroleague,2019-20,intl
Tarik Black,64,63,1,2,2,100.0,53,60.4,39.6,7,57.1,-5.4,1,0.0,63.0,-63.0,0,,0,,,,1.212,,,,,,,,,0.125,45,21,0.311,0.333,1.071,0,0,,,,,,,1.576,,,0.98,,1.212,,,,Big,0.82,,,-1.47,2.51,Euroleague,2019-20,intl
Ognjen Kuzmic,63,63,0,0,0,,50,62.0,,2,50.0,-12.5,8,25.0,69.0,-44.0,0,,0,,,,,,,,,,,,,,42,21,0.262,0.381,1.455,0,0,,,,,,,,,,0.703,,,,,,,,,,,,Euroleague,2019-20,intl
Riccardo Moraschini,63,55,8,5,3,66.7,55,50.0,16.7,11,54.5,4.5,17,38.2,56.1,-17.9,0,,0,,,,0.747,0.431,1.294,,,,,,,0.4,39,32,0.41,0.531,1.295,2,1,,,,,,,0.876,0.286,2.682,0.881,0.295,0.761,,,,Wing,-1.52,,,-0.79,-0.22,Euroleague,2019-20,intl
Vyacheslav Zaytsev,61,61,0,1,0,,40,56.2,,13,61.5,7.8,5,90.0,51.4,38.6,0,,0,,,,,,,,,,,,,0.0,28,34,0.321,0.265,0.824,0,1,,,,,,,,,,1.647,,,,,,Wing,,,,-2.72,,Euroleague,2019-20,intl
Omri Casspi,60,60,0,0,1,0.0,43,67.4,-67.4,5,40.0,-29.2,5,90.0,62.8,27.2,0,,0,,,,,,,,,,,,,,36,24,0.306,0.208,0.682,0,0,,,,,,,,,,1.244,,,,,,Wing,,,,,,Euroleague,2019-20,intl
Andrey Zubkov,59,44,15,7,1,100.0,55,38.2,61.8,15,33.3,-8.1,13,23.1,44.2,-21.1,0,,0,,,,1.059,0.831,1.35,,,,,,,0.536,41,26,0.512,0.615,1.201,2,2,,,,,,,1.615,0.816,3.199,1.068,1.217,1.069,,,,Wing,0.18,,,-0.13,1.99,Euroleague,2019-20,intl
Benjamin Bentil,57,55,2,3,0,,52,43.3,,8,56.2,15.3,1,150.0,41.2,108.8,0,,0,,,,1.146,,,,,,,,,0.167,36,24,0.583,0.5,0.857,1,0,,,,,,,,,,0.941,1.16,1.146,,,,,,,,,,Euroleague,2019-20,intl
Aaron Jackson,57,55,2,3,2,0.0,39,55.1,-55.1,13,26.9,-37.4,9,11.1,64.1,-53.0,0,,0,,,,1.528,,,,,,,,,0.167,31,29,0.355,0.414,1.166,0,0,,,,,,,,,,1.613,1.487,1.528,,,,Wing,2.73,,,-1.91,,Euroleague,2019-20,intl
Jalen Reynolds,56,52,4,4,0,,51,54.9,,10,40.0,-18.5,7,42.9,56.8,-14.0,0,,0,,,,1.209,,,,,,,,,0.25,32,28,0.344,0.429,1.247,1,1,,,,,,,0.827,0.301,2.269,1.086,,1.209,,,,Wing,1.0,,,-1.51,-0.37,Euroleague,2019-20,intl
Kosta Koufos,56,54,2,2,0,,53,54.7,,19,57.9,5.0,4,75.0,53.1,21.9,0,,0,,,,1.102,,,,,,,,,0.25,33,25,0.424,0.4,0.943,1,1,,,,,,,,,,1.122,1.098,1.102,,,,Big,0.1,,,-0.93,,Euroleague,2019-20,intl
Diego Flaccadori,56,54,2,3,0,,45,37.8,,18,33.3,-7.4,4,25.0,39.0,-14.0,0,,0,,,,0.659,0.163,2.655,,,,,,,0.167,28,31,0.536,0.452,0.843,0,3,,,,,,,,,,0.608,,0.659,,,,Wing,-2.0,,,-1.91,,Euroleague,2019-20,intl
Tim Schneider,53,46,7,3,0,,51,52.9,,20,37.5,-25.4,2,75.0,52.0,23.0,0,,0,,,,1.122,,,,,,,,,0.583,29,27,0.483,0.63,1.304,0,0,,,,,,,1.098,0.43,2.803,1.156,1.104,1.122,,,,Wing,0.52,,,0.1,0.45,Euroleague,2019-20,intl
Martinas Geben,51,51,0,0,0,,44,65.9,,8,87.5,26.4,3,66.7,65.9,0.8,0,,0,,,,,,,,,,,,,,37,14,0.324,0.214,0.661,0,0,,,,,,,,,,1.189,,,,,,Big,,,,,,Euroleague,2019-20,intl
Michael Ojo,51,51,0,0,2,50.0,43,62.8,-12.8,7,42.9,-22.9,4,25.0,65.9,-40.9,0,,0,,,,,,,,,,,,,,31,20,0.226,0.5,2.214,0,0,,,,,,,,,,,,,,,,Wing,,,,,,Euroleague,2019-20,intl
Joshua Huestis,49,47,2,3,0,,49,54.1,,6,16.7,-42.6,9,38.9,57.5,-18.6,0,,0,,,,1.068,,,,,,,,,0.167,29,23,0.448,0.609,1.358,1,1,,,,,,,,,,0.925,1.064,1.068,,,,,,,,,,Euroleague,2019-20,intl
Patricio Garino,49,44,5,4,1,0.0,49,40.8,-40.8,15,16.7,-33.3,4,0.0,43.5,-43.5,0,,0,,,,1.073,,,,,,,,,0.312,22,32,0.682,0.594,0.871,1,1,,,,,,,0.586,0.096,3.557,0.917,,0.894,,,,Wing,0.25,,,-1.21,-1.09,Euroleague,2019-20,intl
Mouhammad Faye,45,34,11,6,3,50.0,43,41.9,8.1,9,50.0,9.5,4,37.5,42.9,-5.4,0,,0,,,,0.897,0.666,1.208,,,,,,,0.458,24,27,0.542,0.667,1.231,1,3,,,,,,,1.253,0.524,2.993,0.989,0.884,0.897,,,,Wing,-0.71,,,-0.51,0.91,Euroleague,2019-20,intl
Kevin Xavier Punter,42,32,10,4,6,25.0,49,42.9,-17.9,21,31.0,-16.1,7,57.1,38.5,18.6,0,,0,,,,0.914,0.653,1.28,,,,,,,0.625,24,37,0.583,0.568,0.973,2,3,,,,,,,0.538,0.152,1.907,1.077,1.167,0.98,,,,,,,,,,Euroleague,2019-20,intl
Kevin Pangos,597,522,75,24,27,51.9,383,56.0,-4.2,103,47.1,-11.5,82,54.9,55.9,-1.1,0,,0,,,,1.066,0.892,1.274,,,,,,,0.781,331,326,0.296,0.393,1.326,11,12,,,,,,,0.575,0.364,0.907,1.119,1.225,1.014,,,,Playmaker,0.03,,,0.77,-1.46,Euroleague,2020-21,intl
Vasilije Micic,578,508,70,21,21,50.0,435,57.5,-7.5,93,47.8,-11.7,69,50.7,58.3,-7.5,0,,0,,,,0.936,0.778,1.125,,,,,,,0.833,332,325,0.361,0.348,0.962,11,11,,,,,,,1.012,0.756,1.353,1.01,1.007,0.963,,,,Playmaker,-0.57,,,0.99,0.03,Euroleague,2020-21,intl
Wade Baldwin Iv,553,428,125,37,56,42.0,459,47.9,-6.0,162,41.0,-9.1,65,43.8,47.8,-3.9,0,,0,,,,1.068,0.956,1.193,,,,,,,0.845,316,365,0.418,0.433,1.036,18,20,,,,,,,1.04,0.828,1.307,1.079,0.844,1.043,,,,Playmaker,0.04,,,1.04,0.13,Euroleague,2020-21,intl
Nick Calathes,533,482,51,18,25,56.0,281,47.7,8.3,94,44.7,-5.3,36,62.5,46.5,16.0,0,,0,,,,1.322,1.068,1.637,,,,,,,0.708,294,283,0.272,0.336,1.234,7,10,,,,,,,0.966,0.646,1.444,1.303,1.093,1.193,,,,Playmaker,1.22,,,0.46,-0.12,Euroleague,2020-21,intl
Pierria Henry,477,422,55,16,26,50.0,258,50.6,-0.6,92,54.3,5.6,52,47.1,51.3,-4.2,0,,0,,,,1.037,0.801,1.342,,,,,,,0.859,246,282,0.285,0.298,1.047,6,8,,,,,,,0.793,0.502,1.252,1.36,0.908,0.982,,,,Playmaker,-0.1,,,1.1,-0.72,Euroleague,2020-21,intl
Mike James,467,376,91,27,49,41.8,339,53.5,-11.7,130,43.8,-12.4,48,34.4,54.6,-20.2,0,,0,,,,1.037,0.892,1.205,,,,,,,0.843,261,290,0.372,0.428,1.151,9,17,,,,,,,0.882,0.644,1.207,1.066,0.955,1.048,,,,Wing,0.19,,,1.48,-0.29,Euroleague,2020-21,intl
Kostas Sloukas,461,410,51,19,25,60.0,261,50.0,10.0,81,48.8,-2.9,50,43.0,52.5,-9.5,0,,0,,,,1.118,0.881,1.417,,,,,,,0.671,225,278,0.298,0.367,1.232,6,11,,,,,,,0.791,0.482,1.3,1.214,0.945,1.1,,,,Playmaker,0.27,,,0.3,-0.72,Euroleague,2020-21,intl
Alexey Shved,450,350,100,27,25,48.0,356,48.0,-0.0,104,36.1,-16.5,34,64.7,46.4,18.3,0,,0,,,,1.226,1.069,1.406,,,,,,,0.926,306,253,0.343,0.51,1.486,12,17,,,,,,,0.973,0.706,1.343,1.251,1.385,1.253,,,,Playmaker,0.77,,,1.39,-0.1,Euroleague,2020-21,intl
Shane Larkin,440,362,78,26,26,50.0,334,56.4,-6.4,107,57.0,1.5,49,48.0,57.2,-9.3,0,,0,,,,0.906,0.758,1.084,,,,,,,0.75,247,259,0.409,0.39,0.954,10,15,,,,,,,0.942,0.68,1.304,1.03,1.008,0.913,,,,Playmaker,-0.71,,,0.64,-0.21,Euroleague,2020-21,intl
Scottie Wilbekin,439,334,105,29,51,56.9,334,48.2,8.7,115,54.8,7.7,51,24.5,53.1,-28.6,0,,0,,,,1.046,0.908,1.205,,,,,,,0.905,259,273,0.409,0.473,1.155,13,21,,,,,,,0.835,0.602,1.157,1.003,1.11,1.106,,,,Playmaker,-0.06,,,1.3,-0.57,Euroleague,2020-21,intl
Sergio Rodriguez,418,371,47,17,20,50.0,260,56.2,-6.2,79,48.7,-9.7,33,43.9,57.3,-13.3,0,,0,,,,1.048,0.832,1.319,,,,,,,0.691,222,224,0.293,0.402,1.372,3,9,,,,,,,1.066,0.726,1.565,1.06,0.994,1.062,,,,Playmaker,-0.05,,,0.39,0.22,Euroleague,2020-21,intl
Cory Higgins,410,335,75,21,25,44.0,347,52.3,-8.3,80,52.5,1.0,50,41.0,53.4,-12.4,0,,0,,,,0.917,0.788,1.068,,,,,,,0.893,221,250,0.403,0.44,1.093,10,12,,,,,,,0.836,0.6,1.165,1.023,0.984,0.935,,,,Wing,-0.47,,,1.73,-0.41,Euroleague,2020-21,intl
Nando De Colo,404,342,62,18,8,62.5,333,59.2,3.3,82,57.3,-2.5,36,45.8,60.8,-15.0,0,,0,,,,0.992,0.829,1.188,,,,,,,0.861,263,206,0.35,0.354,1.013,12,5,,,,,,,1.094,0.827,1.448,1.116,0.75,1.069,,,,Wing,-0.06,,,1.57,0.28,Euroleague,2020-21,intl
Lorenzo Brown,396,332,64,24,18,44.4,306,47.9,-3.4,77,42.2,-7.2,39,42.3,48.4,-6.1,0,,0,,,,1.083,0.924,1.269,,,,,,,0.667,220,230,0.4,0.43,1.076,11,12,,,,,,,1.04,0.75,1.441,1.014,1.006,1.12,,,,Playmaker,0.11,,,0.28,0.13,Euroleague,2020-21,intl
Norris Cole,385,301,84,25,35,25.7,318,51.4,-25.7,100,40.5,-11.7,43,58.1,47.6,10.6,0,,0,,,,0.968,0.833,1.126,,,,,,,0.84,210,251,0.424,0.45,1.062,10,18,,,,,,,0.747,0.522,1.069,0.992,0.901,1.054,,,,Playmaker,-0.43,,,1.02,-0.87,Euroleague,2020-21,intl
Marius Grigonis,377,310,67,21,24,39.6,288,61.3,-21.7,81,62.3,3.7,54,38.9,64.0,-25.1,0,,0,,,,1.195,1.044,1.367,,,,,,,0.798,216,215,0.356,0.395,1.109,8,12,,,,,,,1.021,0.77,1.354,1.214,0.734,1.142,,,,Wing,1.07,,,1.25,0.08,Euroleague,2020-21,intl
Jordan Loyd,376,289,87,26,37,56.8,354,48.7,8.0,126,50.8,1.9,52,34.6,51.8,-17.2,0,,0,,,,0.931,0.813,1.065,,,,,,,0.837,224,262,0.46,0.466,1.013,13,19,,,,,,,0.726,0.516,1.022,1.014,0.805,0.956,,,,Wing,-0.4,,,1.45,-0.7,Euroleague,2020-21,intl
Thomas Walkup,375,323,52,18,9,66.7,237,50.4,16.2,50,54.0,3.7,36,40.3,52.9,-12.6,0,,0,,,,1.126,0.897,1.414,,,,,,,0.722,237,177,0.376,0.299,0.797,11,6,,,,,,,0.942,0.613,1.446,1.121,1.261,1.111,,,,Playmaker,0.31,,,0.52,-0.21,Euroleague,2020-21,intl
Jalen Reynolds,372,302,70,23,27,75.9,352,58.9,17.0,86,66.3,7.9,33,50.0,61.1,-11.1,0,,0,,,,1.026,0.946,1.114,,,,,,,0.761,216,205,0.412,0.312,0.758,12,8,,,,,,,1.026,0.835,1.26,1.07,1.013,1.027,,,,Wing,0.13,,,1.07,0.1,Euroleague,2020-21,intl
Krunoslav Simon,365,328,37,15,9,44.4,269,58.4,-13.9,50,48.0,-12.1,39,57.7,57.9,-0.3,0,,0,,,,1.098,0.902,1.337,,,,,,,0.617,197,196,0.32,0.408,1.276,4,7,,,,,,,0.667,0.4,1.113,1.188,1.218,1.079,,,,Wing,0.53,,,0.35,-0.86,Euroleague,2020-21,intl
Kevin Punter,359,275,84,26,25,54.0,348,54.3,-0.3,106,49.1,-7.3,51,44.1,55.9,-11.8,0,,0,,,,0.973,0.878,1.077,,,,,,,0.808,211,214,0.469,0.486,1.036,14,12,,,,,,,1.004,0.761,1.324,1.047,0.964,1.0,,,,Playmaker,-0.4,,,0.89,0.01,Euroleague,2020-21,intl
Tornike Shengelia,357,288,69,26,16,31.2,316,50.8,-19.5,66,44.7,-6.4,40,48.8,50.0,-1.2,0,,0,,,,1.048,0.915,1.2,,,,,,,0.663,243,178,0.42,0.444,1.057,13,11,,,,,,,0.818,0.583,1.146,1.193,0.995,1.051,,,,Wing,0.26,,,0.58,-0.46,Euroleague,2020-21,intl
Shavon Shields,356,301,55,18,24,47.9,328,59.6,-11.7,104,53.4,-7.7,48,56.2,59.2,-3.0,0,,0,,,,1.168,1.099,1.241,,,,,,,0.764,174,228,0.368,0.474,1.288,6,12,,,,,,,0.852,0.633,1.147,1.071,1.166,1.173,,,,Wing,0.92,,,1.08,-0.37,Euroleague,2020-21,intl
Malcolm Delaney,338,288,50,20,32,40.6,242,51.2,-10.6,91,40.7,-14.0,40,53.8,49.4,4.4,0,,0,,,,1.3,1.142,1.48,,,,,,,0.625,194,183,0.371,0.497,1.34,5,17,,,,,,,0.779,0.513,1.184,0.985,1.218,1.276,,,,Wing,1.66,,,0.39,-0.56,Euroleague,2020-21,intl
Rodrigue Beaubois,333,305,28,12,12,41.7,271,64.8,-23.1,72,52.8,-14.8,36,47.2,66.2,-19.0,0,,0,,,,1.149,0.997,1.324,,,,,,,0.583,195,162,0.359,0.42,1.169,7,6,,,,,,,1.045,0.724,1.509,0.976,1.278,1.103,,,,Playmaker,0.42,,,-0.08,0.15,Euroleague,2020-21,intl
Jan Vesely,326,305,21,6,11,45.5,248,67.7,-22.3,52,63.5,-4.2,26,57.7,67.8,-10.1,0,,0,,,,1.178,0.976,1.421,,,,,,,0.875,191,160,0.246,0.244,0.991,4,1,,,,,,,0.955,0.681,1.339,1.374,1.36,1.064,,,,Big,0.93,,,1.31,-0.23,Euroleague,2020-21,intl
Luca Vildoza,326,267,59,22,14,39.3,264,53.4,-14.1,82,54.9,3.1,32,32.8,55.3,-22.5,0,,0,,,,1.119,0.942,1.328,,,,,,,0.67,178,209,0.438,0.397,0.906,10,13,,,,,,,1.383,1.038,1.841,1.181,1.095,1.169,,,,Wing,0.65,,,0.62,1.05,Euroleague,2020-21,intl
Jayson Granger,324,298,26,12,10,80.0,205,48.3,31.7,57,49.1,-0.9,30,33.3,52.4,-19.1,0,,0,,,,0.982,0.697,1.384,,,,,,,0.542,183,171,0.361,0.357,0.989,2,6,,,,,,,1.419,0.907,2.221,1.054,0.659,1.152,,,,Playmaker,-0.36,,,-0.25,1.43,Euroleague,2020-21,intl
Rokas Giedraitis,324,257,67,25,8,87.5,314,57.0,30.5,75,64.0,8.1,33,36.4,60.2,-23.8,0,,0,,,,1.048,0.945,1.161,,,,,,,0.67,201,173,0.473,0.428,0.905,13,8,,,,,,,1.036,0.779,1.378,1.018,1.055,1.037,,,,Wing,0.26,,,0.62,0.12,Euroleague,2020-21,intl
Nikola Mirotic,322,272,50,18,20,35.0,310,61.8,-26.8,69,55.1,-6.4,31,71.0,59.0,11.9,0,,0,,,,1.003,0.907,1.11,,,,,,,0.694,194,174,0.402,0.437,1.086,10,7,,,,,,,0.936,0.698,1.257,1.079,0.841,0.994,,,,Big,0.04,,,0.67,-0.28,Euroleague,2020-21,intl
Achille Polonara,321,269,52,19,16,62.5,279,60.9,1.6,83,57.8,-4.4,30,58.3,61.3,-3.0,0,,0,,,,1.126,1.012,1.252,,,,,,,0.684,167,189,0.353,0.439,1.243,4,11,,,,,,,0.881,0.643,1.208,1.145,1.056,1.113,,,,Wing,0.69,,,0.69,-0.29,Euroleague,2020-21,intl
Will Clyburn,319,258,61,21,17,61.8,289,52.6,9.2,90,53.3,0.3,57,33.3,57.6,-24.3,0,,0,,,,0.827,0.697,0.98,,,,,,,0.726,182,184,0.44,0.473,1.076,6,13,,,,,,,0.837,0.575,1.22,1.038,0.661,0.839,,,,Wing,-0.98,,,0.89,-0.41,Euroleague,2020-21,intl
Nikola Kalinic,316,269,47,15,17,64.7,223,57.2,7.5,48,60.4,3.4,30,53.3,58.3,-5.0,0,,0,,,,1.132,0.938,1.366,,,,,,,0.783,186,165,0.301,0.339,1.127,8,5,,,,,,,0.951,0.684,1.323,1.179,1.118,1.084,,,,Wing,0.72,,,1.18,-0.1,Euroleague,2020-21,intl
Nemanja Nedovic,313,229,84,21,20,87.5,286,51.4,36.1,84,67.9,19.4,19,44.7,54.4,-9.6,0,,0,,,,0.981,0.851,1.132,,,,,,,1.0,197,200,0.492,0.39,0.792,17,7,,,,,,,0.857,0.608,1.209,1.042,0.99,0.992,,,,Wing,-0.12,,,2.26,-0.35,Euroleague,2020-21,intl
Peyton Siva,311,266,45,16,10,50.0,198,47.2,2.8,57,48.2,1.2,23,21.7,50.5,-28.8,0,,0,,,,1.167,0.926,1.47,,,,,,,0.703,183,162,0.372,0.389,1.047,8,6,,,,,,,0.914,0.549,1.52,1.221,0.975,1.197,,,,Playmaker,0.5,,,0.44,-0.3,Euroleague,2020-21,intl
Elijah Bryant,310,261,49,19,30,45.0,247,51.6,-6.6,77,50.6,-0.4,30,58.3,50.0,8.3,0,,0,,,,1.092,0.949,1.257,,,,,,,0.645,169,181,0.432,0.453,1.049,8,11,,,,,,,0.788,0.525,1.185,1.053,1.1,1.116,,,,Wing,0.5,,,0.49,-0.54,Euroleague,2020-21,intl
Luke Sikma,310,296,14,6,4,50.0,192,58.6,-8.6,42,50.0,-10.7,20,20.0,62.8,-42.8,0,,0,,,,0.945,0.595,1.501,,,,,,,0.583,164,157,0.293,0.274,0.936,3,3,,,,,,,1.165,0.67,2.028,0.863,1.653,0.952,,,,Wing,-0.32,,,0.18,0.47,Euroleague,2020-21,intl
Kyle Hines,307,288,19,10,13,69.2,227,54.2,15.0,48,60.4,6.8,31,32.3,58.4,-26.1,0,,0,,,,0.982,0.745,1.296,,,,,,,0.475,176,141,0.369,0.305,0.826,3,3,,,,,,,0.864,0.505,1.477,0.933,1.332,0.982,,,,Wing,-0.11,,,-0.35,-0.33,Euroleague,2020-21,intl
David Lighty,306,248,58,21,15,30.0,276,54.5,-24.5,72,48.6,-6.2,34,45.6,54.3,-8.7,0,,0,,,,0.897,0.762,1.055,,,,,,,0.69,167,188,0.419,0.42,1.003,10,9,,,,,,,1.09,0.809,1.467,0.912,1.077,0.905,,,,Wing,-0.59,,,0.72,0.27,Euroleague,2020-21,intl
Jordan Mickey,304,249,55,15,10,55.0,327,54.1,0.9,92,49.5,-6.5,37,31.1,57.0,-25.9,0,,0,,,,1.013,0.932,1.1,,,,,,,0.917,179,185,0.436,0.459,1.054,9,10,,,,,,,0.943,0.711,1.252,1.059,0.973,1.022,,,,Wing,0.06,,,1.85,-0.12,Euroleague,2020-21,intl
Ioannis Papapetrou,302,235,67,20,17,76.5,277,46.0,30.4,83,54.2,9.0,55,33.6,51.0,-17.4,0,,0,,,,1.05,0.928,1.189,,,,,,,0.838,170,192,0.494,0.479,0.97,11,13,,,,,,,0.768,0.523,1.126,0.972,1.073,1.027,,,,Wing,0.27,,,1.45,-0.59,Euroleague,2020-21,intl
Billy Baron,302,251,51,19,11,27.3,265,60.9,-33.7,83,52.4,-10.3,59,60.2,59.4,0.7,0,,0,,,,0.92,0.768,1.102,,,,,,,0.671,158,191,0.449,0.424,0.944,7,11,,,,,,,1.183,0.862,1.623,1.045,1.001,0.946,,,,Playmaker,-0.65,,,0.3,0.62,Euroleague,2020-21,intl
Klemen Prepelic,301,257,44,16,17,23.5,227,63.2,-39.7,77,55.2,-7.7,21,66.7,59.9,6.8,0,,0,,,,1.294,1.131,1.481,,,,,,,0.688,156,178,0.333,0.449,1.348,7,7,,,,,,,0.862,0.586,1.268,1.237,1.331,1.228,,,,Wing,1.63,,,0.71,-0.34,Euroleague,2020-21,intl
Trey Thompkins,301,260,41,16,22,68.2,256,61.9,6.3,95,61.6,-1.3,37,45.9,64.9,-19.0,0,,0,,,,1.086,0.969,1.218,,,,,,,0.641,164,164,0.384,0.439,1.143,4,6,,,,,,,1.007,0.73,1.389,1.025,0.929,1.058,,,,Big,0.46,,,0.48,-0.08,Euroleague,2020-21,intl
Brandon Davies,300,265,35,12,21,64.3,253,56.3,8.0,80,63.7,9.6,21,50.0,57.5,-7.5,0,,0,,,,1.028,0.889,1.189,,,,,,,0.729,158,168,0.386,0.357,0.925,6,7,,,,,,,0.72,0.472,1.099,0.922,1.058,1.044,,,,Wing,0.14,,,0.91,-0.72,Euroleague,2020-21,intl
Tyler Dorsey,295,237,58,22,23,50.0,265,54.7,-4.7,94,52.1,-3.3,31,53.2,54.5,-1.2,0,,0,,,,1.084,0.976,1.204,,,,,,,0.659,165,174,0.509,0.46,0.903,10,10,,,,,,,0.609,0.396,0.937,1.085,1.036,1.068,,,,Wing,0.46,,,0.56,-1.02,Euroleague,2020-21,intl
Sam Van Rossom,294,263,31,12,18,63.9,167,53.3,10.6,51,50.0,-6.0,29,37.9,57.4,-19.4,0,,0,,,,0.955,0.683,1.337,,,,,,,0.646,147,169,0.272,0.367,1.348,1,6,,,,,,,1.234,0.801,1.899,1.089,0.859,0.959,,,,Playmaker,-0.49,,,0.19,0.8,Euroleague,2020-21,intl
Joffrey Lauvergne,290,258,32,11,16,50.0,245,59.6,-9.6,52,53.8,-6.4,32,53.1,59.8,-6.7,0,,0,,,,0.975,0.818,1.162,,,,,,,0.727,174,138,0.339,0.355,1.047,5,2,,,,,,,1.154,0.873,1.524,1.153,0.998,0.951,,,,Big,-0.11,,,0.78,0.34,Euroleague,2020-21,intl
Nicolas Laprovittola,290,250,40,15,11,54.5,176,48.9,5.7,38,42.1,-8.9,25,30.0,52.2,-22.2,0,,0,,,,0.755,0.528,1.079,,,,,,,0.667,169,155,0.373,0.342,0.917,7,4,,,,,,,0.776,0.394,1.53,1.048,0.313,0.66,,,,Playmaker,-1.42,,,0.28,-0.77,Euroleague,2020-21,intl
Darrun Hilliard,289,234,55,26,9,16.7,286,47.6,-30.9,48,37.5,-10.9,27,48.1,46.5,1.7,0,,0,,,,0.988,0.869,1.125,,,,,,,0.529,184,161,0.462,0.602,1.304,9,12,,,,,,,0.734,0.471,1.143,1.068,0.958,0.95,,,,Wing,-0.08,,,-0.09,-0.68,Euroleague,2020-21,intl
Walter Tavares,288,261,27,10,18,77.8,240,64.2,13.6,47,72.3,8.8,24,54.2,66.2,-12.1,0,,0,,,,0.863,0.687,1.085,,,,,,,0.675,150,152,0.34,0.257,0.755,4,3,,,,,,,0.805,0.536,1.209,1.01,0.578,0.903,,,,,,,,,,Euroleague,2020-21,intl
Mateusz Ponitka,288,263,25,10,4,37.5,182,54.7,-17.2,34,47.1,-8.9,37,36.5,58.7,-22.2,0,,0,,,,0.71,0.452,1.116,,,,,,,0.625,157,148,0.325,0.304,0.936,4,3,,,,,,,1.071,0.612,1.876,1.018,0.661,0.497,,,,Wing,-1.63,,,0.39,0.22,Euroleague,2020-21,intl
Shaquielle Mckissic,287,212,75,23,13,46.2,262,49.4,-3.3,71,54.2,6.7,30,31.7,51.4,-19.8,0,,0,,,,0.994,0.862,1.145,,,,,,,0.815,131,217,0.504,0.419,0.832,8,7,,,,,,,1.297,0.959,1.753,1.088,1.096,1.01,,,,Wing,-0.05,,,1.34,0.82,Euroleague,2020-21,intl
Alberto Abalde,286,248,38,15,18,61.1,197,56.3,4.8,67,56.7,-0.0,23,41.3,58.6,-17.3,0,,0,,,,1.004,0.796,1.266,,,,,,,0.633,147,162,0.327,0.432,1.323,4,7,,,,,,,0.765,0.46,1.272,1.024,0.614,1.034,,,,Wing,0.01,,,0.43,-0.6,Euroleague,2020-21,intl
Chris Jones,286,252,34,13,7,42.9,194,54.4,-11.5,49,43.9,-13.4,41,41.5,57.2,-15.7,0,,0,,,,0.888,0.661,1.192,,,,,,,0.654,143,158,0.35,0.348,0.996,3,7,,,,,,,1.081,0.708,1.65,1.158,1.009,0.88,,,,Wing,-0.64,,,0.54,0.25,Euroleague,2020-21,intl
Howard Sant-Roos,281,235,46,16,8,50.0,184,49.7,0.3,52,45.2,-6.2,26,15.4,55.1,-39.7,0,,0,,,,0.965,0.741,1.255,,,,,,,0.719,156,157,0.391,0.35,0.896,6,7,,,,,,,1.278,0.845,1.934,0.939,1.326,0.944,,,,Wing,-0.21,,,0.86,0.77,Euroleague,2020-21,intl
Bojan Dubljevic,279,246,33,12,9,55.6,214,51.4,4.2,26,44.2,-8.3,25,42.0,52.8,-10.8,0,,0,,,,0.983,0.788,1.227,,,,,,,0.688,190,109,0.384,0.44,1.146,5,3,,,,,,,0.97,0.612,1.538,1.135,0.987,0.992,,,,Wing,-0.11,,,0.71,-0.05,Euroleague,2020-21,intl
Dyshawn Pierre,273,246,27,11,5,70.0,207,61.6,8.4,60,58.3,-4.8,32,67.2,60.8,6.4,0,,0,,,,0.689,0.476,0.999,,,,,,,0.614,145,142,0.359,0.31,0.864,3,2,,,,,,,1.425,1.053,1.929,0.961,,0.75,,,,Wing,-1.75,,,0.34,1.16,Euroleague,2020-21,intl
Alec Peters,272,222,50,19,12,33.3,250,63.4,-30.1,92,59.8,-3.5,35,52.9,63.4,-10.6,0,,0,,,,0.79,0.649,0.963,,,,,,,0.658,131,182,0.427,0.412,0.964,4,12,,,,,,,1.036,0.748,1.436,0.982,0.824,0.846,,,,Wing,-1.18,,,0.56,0.12,Euroleague,2020-21,intl
Maodo Lo,268,234,34,15,20,37.5,190,53.4,-15.9,58,43.1,-12.2,20,32.5,53.9,-21.4,0,,0,,,,1.049,0.843,1.305,,,,,,,0.567,141,153,0.362,0.444,1.229,5,7,,,,,,,0.937,0.585,1.501,1.109,1.178,0.992,,,,Wing,0.26,,,0.1,-0.14,Euroleague,2020-21,intl
Vassilis Spanoulis,265,224,41,16,23,39.1,180,44.4,-5.3,80,41.9,-3.2,32,37.5,45.0,-7.5,0,,0,,,,1.206,0.998,1.456,,,,,,,0.641,157,136,0.414,0.485,1.172,6,8,,,,,,,0.971,0.594,1.588,1.118,1.112,1.209,,,,Playmaker,0.68,,,0.17,-0.11,Euroleague,2020-21,intl
Guerschon Yabusele,263,215,48,17,14,53.6,240,55.0,-1.4,52,42.3,-15.9,27,55.6,54.8,0.7,0,,0,,,,0.998,0.877,1.136,,,,,,,0.706,151,143,0.43,0.497,1.153,7,10,,,,,,,1.036,0.743,1.444,1.089,1.036,0.998,,,,Wing,-0.02,,,0.79,0.12,Euroleague,2020-21,intl
Errick Mccollum,263,201,62,21,8,43.8,244,46.9,-3.2,94,46.8,-0.0,33,42.4,47.5,-5.1,0,,0,,,,1.046,0.913,1.199,,,,,,,0.738,130,184,0.438,0.505,1.153,4,14,,,,,,,0.904,0.624,1.308,0.997,1.064,1.04,,,,Playmaker,-0.06,,,0.59,-0.34,Euroleague,2020-21,intl
Simone Fontecchio,261,227,34,12,9,94.4,239,54.2,40.3,54,57.4,2.3,21,50.0,56.2,-6.2,0,,0,,,,0.979,0.829,1.155,,,,,,,0.708,161,132,0.447,0.439,0.983,7,3,,,,,,,0.766,0.473,1.238,0.976,0.938,0.956,,,,Wing,-0.13,,,0.8,-0.6,Euroleague,2020-21,intl
Paul Zipser,259,233,26,15,15,26.7,217,65.0,-38.3,70,62.1,-0.5,24,60.4,62.7,-2.3,0,,0,,,,1.016,0.854,1.209,,,,,,,0.433,126,150,0.389,0.453,1.166,2,9,,,,,,,0.756,0.45,1.27,1.085,0.644,0.983,,,,Wing,0.08,,,-0.56,-0.62,Euroleague,2020-21,intl
Lukas Lekavicius,258,238,20,10,8,75.0,181,61.0,14.0,52,64.4,3.8,23,39.1,64.8,-25.6,0,,0,,,,1.168,0.923,1.478,,,,,,,0.5,111,157,0.351,0.293,0.834,1,3,,,,,,,0.867,0.522,1.44,0.914,1.228,1.168,,,,Playmaker,0.5,,,-0.43,-0.46,Euroleague,2020-21,intl
Will Thomas,257,230,27,13,4,50.0,221,61.3,-11.3,41,58.5,-3.1,60,50.8,64.8,-14.0,0,,0,,,,0.957,0.775,1.181,,,,,,,0.519,134,141,0.358,0.39,1.089,3,6,,,,,,,0.899,0.587,1.375,0.955,1.121,1.001,,,,Wing,-0.25,,,-0.14,-0.24,Euroleague,2020-21,intl
Nigel Hayes,252,199,53,19,12,70.8,232,54.5,16.3,65,46.2,-12.5,28,62.5,54.4,8.1,0,,0,,,,1.06,0.936,1.199,,,,,,,0.697,153,134,0.458,0.493,1.077,11,8,,,,,,,0.886,0.615,1.276,1.117,1.209,1.087,,,,Wing,0.32,,,0.75,-0.28,Euroleague,2020-21,intl
Vladimir Lucic,252,211,41,15,28,85.7,212,59.9,25.8,77,77.9,22.1,34,55.9,64.1,-8.2,0,,0,,,,1.006,0.876,1.156,,,,,,,0.683,125,155,0.44,0.413,0.938,5,6,,,,,,,1.023,0.733,1.428,1.01,1.105,1.039,,,,Wing,0.02,,,0.68,0.09,Euroleague,2020-21,intl
Adrien Moerman,248,219,29,12,9,44.4,209,56.9,-12.5,56,54.5,-2.6,34,47.1,58.2,-11.1,0,,0,,,,0.83,0.645,1.067,,,,,,,0.604,132,133,0.424,0.421,0.992,3,1,,,,,,,0.766,0.44,1.334,0.915,0.886,0.865,,,,Wing,-0.96,,,0.29,-0.6,Euroleague,2020-21,intl
Johannes Voigtmann,247,227,20,11,7,42.9,198,66.4,-23.6,52,65.4,-0.3,17,70.6,65.2,5.4,0,,0,,,,1.161,0.987,1.365,,,,,,,0.455,136,122,0.353,0.393,1.115,4,1,,,,,,,0.988,0.64,1.523,1.074,1.273,1.161,,,,Big,0.85,,,-0.18,-0.14,Euroleague,2020-21,intl
Zach Leday,247,201,46,24,11,45.5,247,55.1,-9.6,53,54.7,0.1,38,42.1,56.8,-14.7,0,,0,,,,0.992,0.899,1.094,,,,,,,0.479,155,126,0.484,0.468,0.968,8,7,,,,,,,0.979,0.712,1.345,1.009,0.967,1.003,,,,Wing,-0.06,,,-0.33,-0.03,Euroleague,2020-21,intl
Austin Hollins,245,185,60,23,10,70.0,241,53.3,16.7,67,67.2,18.0,35,44.3,55.6,-11.3,0,,0,,,,0.996,0.897,1.107,,,,,,,0.652,144,137,0.514,0.504,0.98,9,6,,,,,,,1.099,0.805,1.501,1.0,1.014,0.989,,,,Wing,-0.03,,,0.53,0.29,Euroleague,2020-21,intl
Nick Weiler-Babb,244,204,40,16,15,46.7,172,43.0,3.6,56,50.9,10.8,28,25.0,46.5,-21.5,0,,0,,,,1.109,0.905,1.358,,,,,,,0.625,126,142,0.452,0.458,1.012,4,7,,,,,,,0.575,0.291,1.134,1.016,0.881,1.021,,,,Wing,0.6,,,0.39,-1.11,Euroleague,2020-21,intl
Konstantinos Mitoglou,242,207,35,17,3,0.0,237,54.9,-54.9,66,47.0,-9.9,27,59.3,53.5,5.7,0,,0,,,,0.98,0.848,1.133,,,,,,,0.515,131,141,0.374,0.496,1.327,5,11,,,,,,,0.905,0.618,1.325,0.955,1.149,1.007,,,,,,,,,,Euroleague,2020-21,intl
Ante Zizic,238,204,34,14,16,81.2,215,57.2,24.0,41,68.3,11.5,16,68.8,58.1,10.6,0,,0,,,,1.016,0.906,1.14,,,,,,,0.607,139,117,0.388,0.35,0.902,5,2,,,,,,,1.17,0.908,1.508,1.108,1.114,0.997,,,,Big,0.1,,,0.36,0.38,Euroleague,2020-21,intl
Rokas Jokubaitis,238,195,43,16,9,50.0,174,50.6,-0.6,58,51.7,1.7,27,50.0,50.6,-0.6,0,,0,,,,0.894,0.698,1.145,,,,,,,0.672,118,141,0.356,0.411,1.156,3,8,,,,,,,1.45,1.05,2.002,1.164,1.012,0.91,,,,Wing,-0.6,,,0.63,1.23,Euroleague,2020-21,intl
Sasha Vezenkov,236,179,57,18,16,96.9,239,55.0,41.9,83,65.1,11.0,33,69.7,55.9,13.8,0,,0,,,,0.886,0.774,1.014,,,,,,,0.792,134,155,0.575,0.387,0.674,11,6,,,,,,,1.058,0.76,1.474,0.948,0.94,0.89,,,,Wing,-0.65,,,1.22,0.18,Euroleague,2020-21,intl
Daniel Hackett,236,195,41,16,11,68.2,185,55.1,13.0,57,66.7,15.2,25,52.0,56.4,-4.4,0,,0,,,,1.137,0.954,1.356,,,,,,,0.641,127,135,0.425,0.4,0.941,5,6,,,,,,,1.204,0.856,1.693,1.164,0.983,1.154,,,,Playmaker,0.36,,,0.17,0.69,Euroleague,2020-21,intl
Martin Hermannsson,235,205,30,10,5,20.0,149,50.3,-30.3,59,48.3,-1.7,22,43.2,50.4,-7.2,0,,0,,,,1.008,0.737,1.379,,,,,,,0.75,109,145,0.312,0.366,1.172,3,4,,,,,,,0.678,0.344,1.335,0.791,0.914,0.93,,,,Wing,0.03,,,1.01,-0.83,Euroleague,2020-21,intl
Sergio Llull,235,191,44,13,25,38.0,172,47.4,-9.4,67,43.3,-4.4,25,42.0,46.8,-4.8,0,,0,,,,1.029,0.84,1.26,,,,,,,0.846,137,136,0.431,0.485,1.127,6,9,,,,,,,0.492,0.249,0.973,0.947,1.073,1.061,,,,Wing,0.15,,,1.49,-1.33,Euroleague,2020-21,intl
Mike Tobey,232,207,25,8,8,100.0,208,64.2,35.8,75,73.3,12.0,18,61.1,65.9,-4.8,0,,0,,,,1.052,0.927,1.194,,,,,,,0.781,111,133,0.414,0.293,0.708,6,1,,,,,,,0.89,0.611,1.294,1.098,0.941,1.065,,,,Big,0.29,,,0.98,-0.42,Euroleague,2020-21,intl
Derrick Williams,231,207,24,11,14,60.7,190,60.0,0.7,40,55.0,-6.3,29,63.8,59.4,4.4,0,,0,,,,1.167,1.051,1.296,,,,,,,0.545,136,106,0.375,0.396,1.057,4,2,,,,,,,0.652,0.386,1.102,1.109,1.203,1.167,,,,Wing,0.92,,,-0.01,-0.9,Euroleague,2020-21,intl
Corey Walden,231,200,31,13,13,69.2,170,50.6,18.6,37,52.7,1.0,28,35.7,54.8,-19.1,0,,0,,,,0.966,0.759,1.227,,,,,,,0.596,136,110,0.375,0.482,1.285,4,4,,,,,,,0.753,0.423,1.341,0.99,0.718,0.948,,,,Playmaker,-0.43,,,-0.02,-0.85,Euroleague,2020-21,intl
Adam Hanga,227,205,22,10,2,150.0,169,47.9,102.1,50,59.0,14.0,16,40.6,50.0,-9.4,0,,0,,,,1.247,1.032,1.507,,,,,,,0.55,124,115,0.379,0.452,1.193,2,5,,,,,,,1.068,0.642,1.775,1.144,1.266,1.143,,,,Wing,1.36,,,0.02,0.21,Euroleague,2020-21,intl
Georgios Papagiannis,225,212,13,5,11,86.4,187,64.2,22.2,36,87.5,27.0,32,53.1,67.8,-14.6,0,,0,,,,0.811,0.562,1.17,,,,,,,0.65,130,103,0.331,0.252,0.763,2,0,,,,,,,1.375,1.066,1.774,0.973,0.389,0.878,,,,,,,,,,Euroleague,2020-21,intl
Zan Sisko,224,214,10,4,11,50.0,114,52.2,-2.2,41,47.6,-6.6,25,26.0,58.5,-32.5,0,,0,,,,0.922,0.49,1.735,,,,,,,0.625,107,123,0.29,0.317,1.094,1,1,,,,,,,0.875,0.294,2.608,0.966,,0.775,,,,Playmaker,-0.64,,,0.1,-0.44,Euroleague,2020-21,intl
Gabriel Deck,223,195,28,10,18,52.8,184,55.2,-2.4,50,59.0,5.4,39,55.1,54.9,0.2,0,,0,,,,0.977,0.813,1.173,,,,,,,0.7,121,121,0.43,0.421,0.981,4,4,,,,,,,0.729,0.43,1.238,1.002,0.96,0.912,,,,Wing,-0.14,,,0.77,-0.7,Euroleague,2020-21,intl
Marko Guduric,221,185,36,14,9,27.8,186,57.5,-29.7,54,46.3,-13.6,20,32.5,58.9,-26.4,0,,0,,,,1.122,0.962,1.308,,,,,,,0.643,130,114,0.415,0.465,1.119,4,5,,,,,,,0.957,0.626,1.464,1.129,1.167,1.138,,,,Wing,0.67,,,0.48,-0.09,Euroleague,2020-21,intl
Bryant Dunston,221,210,11,7,4,75.0,187,58.0,17.0,38,76.3,22.4,25,46.0,60.2,-14.2,0,,0,,,,1.207,,,,,,,,,0.393,126,102,0.397,0.294,0.741,2,0,,,,,,,0.913,0.525,1.587,0.877,1.203,1.207,,,,Wing,1.14,,,-0.76,-0.2,Euroleague,2020-21,intl
Zoran Dragic,221,183,38,16,3,0.0,218,48.4,-48.4,45,51.1,4.2,17,47.1,47.8,-0.7,0,,0,,,,1.019,0.888,1.169,,,,,,,0.594,129,125,0.473,0.536,1.134,5,7,,,,,,,0.945,0.613,1.459,1.056,1.087,1.027,,,,Wing,0.09,,,0.24,-0.12,Euroleague,2020-21,intl
Dejan Davidovac,219,200,19,8,12,62.5,168,56.2,6.2,43,65.1,11.1,34,54.4,57.2,-2.8,0,,0,,,,0.894,0.653,1.226,,,,,,,0.594,115,120,0.4,0.383,0.958,4,4,,,,,,,0.726,0.359,1.468,0.888,0.936,0.98,,,,Wing,-0.6,,,0.24,-0.7,Euroleague,2020-21,intl
Johannes Thiemann,219,187,32,13,7,64.3,185,50.3,14.0,48,55.2,5.9,15,56.7,50.3,6.4,0,,0,,,,0.929,0.751,1.148,,,,,,,0.615,119,118,0.437,0.458,1.047,4,7,,,,,,,0.587,0.308,1.118,1.04,1.262,0.938,,,,Wing,-0.41,,,0.34,-1.08,Euroleague,2020-21,intl
Vyacheslav Zaytsev,219,203,16,10,1,0.0,143,50.7,-50.7,36,55.6,6.9,15,26.7,53.1,-26.4,0,,0,,,,1.023,0.689,1.519,,,,,,,0.4,110,120,0.355,0.325,0.917,3,3,,,,,,,1.033,0.542,1.971,1.085,0.8,1.059,,,,Wing,0.12,,,-0.73,0.12,Euroleague,2020-21,intl
Kc Rivers,217,181,36,22,10,45.0,205,51.7,-6.7,62,51.6,0.3,35,51.4,51.4,0.0,0,,0,,,,1.057,0.943,1.184,,,,,,,0.409,121,122,0.504,0.557,1.106,3,4,,,,,,,1.049,0.693,1.588,1.105,1.139,1.038,,,,Wing,0.31,,,-0.68,0.16,Euroleague,2020-21,intl
Georgios Printezis,215,201,14,8,11,77.3,178,61.5,15.8,34,64.7,2.8,25,48.0,64.6,-16.6,0,,0,,,,1.019,0.816,1.273,,,,,,,0.438,112,111,0.357,0.387,1.085,1,2,,,,,,,1.006,0.613,1.65,0.921,1.189,1.019,,,,Wing,0.09,,,-0.54,0.04,Euroleague,2020-21,intl
Alex Poythress,215,202,13,7,12,50.0,193,60.1,-10.1,53,58.5,-1.4,18,61.1,59.4,1.8,0,,0,,,,1.116,,,,,,,,,0.464,106,120,0.396,0.342,0.862,3,2,,,,,,,1.392,1.074,1.805,1.007,1.106,1.116,,,,Wing,0.63,,,-0.41,1.08,Euroleague,2020-21,intl
Luigi Datome,211,201,10,7,5,30.0,181,61.6,-31.6,36,50.0,-13.3,20,55.0,61.4,-6.4,0,,0,,,,0.94,0.686,1.289,,,,,,,0.357,124,94,0.411,0.479,1.164,2,1,,,,,,,1.803,1.33,2.443,0.912,,0.94,,,,,,,,,,Euroleague,2020-21,intl
Moustapha Fall,210,209,1,2,9,88.9,138,68.8,20.0,31,71.0,1.1,19,57.9,71.9,-14.0,0,,0,,,,1.451,,,,,,,,,0.125,125,87,0.2,0.218,1.092,0,1,,,,,,,,,,1.369,,1.451,,,,Big,2.33,,,-1.36,,Euroleague,2020-21,intl
Jaycee Carroll,207,189,18,15,11,36.4,198,63.1,-26.8,64,64.1,3.4,9,72.2,61.3,11.0,0,,0,,,,1.038,0.92,1.171,,,,,,,0.3,95,134,0.484,0.433,0.894,3,7,,,,,,,1.15,0.753,1.756,1.035,0.821,1.005,,,,Playmaker,-0.1,,,-1.29,0.51,Euroleague,2020-21,intl
Ben Lammers,206,183,23,9,10,80.0,192,62.2,17.8,52,64.4,1.8,11,86.4,61.8,24.6,0,,0,,,,0.847,0.68,1.055,,,,,,,0.639,112,109,0.366,0.339,0.927,5,2,,,,,,,1.034,0.732,1.46,0.936,1.098,0.896,,,,Big,-0.76,,,0.47,-0.0,Euroleague,2020-21,intl
Kyle Kuric,204,184,20,14,11,50.0,188,74.2,-24.2,59,66.9,-8.4,17,67.6,73.4,-5.7,0,,0,,,,0.937,0.775,1.132,,,,,,,0.357,107,112,0.28,0.518,1.847,1,7,,,,,,,0.668,0.374,1.193,1.02,1.109,0.944,,,,Wing,-0.36,,,-0.94,-0.86,Euroleague,2020-21,intl
Tonye Jekiri,203,199,4,3,2,50.0,147,51.0,-1.0,26,53.8,3.4,24,45.8,52.0,-6.2,0,,0,,,,1.044,0.589,1.85,,,,,,,0.333,115,91,0.33,0.385,1.164,0,0,,,,,,,0.636,0.127,3.173,1.112,,1.044,,,,Big,0.25,,,-0.62,-1.14,Euroleague,2020-21,intl
Antoine Diot,199,195,4,1,6,50.0,110,72.7,-22.7,25,50.0,-27.5,15,93.3,68.3,25.0,0,,0,,,,1.33,0.745,2.372,,,,,,,1.0,114,89,0.254,0.281,1.104,1,0,,,,,,,0.601,0.12,3.004,1.028,0.876,1.182,,,,Wing,1.83,,,2.26,-1.04,Euroleague,2020-21,intl
Dennis Seeley,199,182,17,7,11,86.4,131,58.4,28.0,31,59.7,-1.1,11,68.2,59.9,8.3,0,,0,,,,1.071,0.774,1.48,,,,,,,0.607,103,107,0.34,0.355,1.045,1,2,,,,,,,0.984,0.544,1.779,1.061,0.992,1.118,,,,,,,,,,Euroleague,2020-21,intl
Chris Singleton,194,182,12,8,6,16.7,166,56.0,-39.4,44,60.2,7.5,40,37.5,59.8,-22.3,0,,0,,,,1.09,0.909,1.308,,,,,,,0.375,118,84,0.475,0.488,1.028,6,1,,,,,,,1.209,0.686,2.132,1.028,1.18,1.09,,,,Wing,0.49,,,-0.85,0.59,Euroleague,2020-21,intl
Augustine Rubit,193,170,23,13,3,0.0,185,52.4,-52.4,52,44.2,-10.2,19,47.4,52.1,-4.7,0,,0,,,,0.729,0.539,0.987,,,,,,,0.442,107,107,0.458,0.411,0.898,6,3,,,,,,,0.471,0.201,1.103,1.005,0.795,0.812,,,,Wing,-1.52,,,-0.52,-1.39,Euroleague,2020-21,intl
Ognjen Dobric,192,145,47,17,6,66.7,191,56.0,10.6,49,60.2,5.1,31,51.6,57.2,-5.6,0,,0,,,,1.069,0.97,1.177,,,,,,,0.691,111,109,0.514,0.505,0.983,6,7,,,,,,,1.095,0.771,1.555,1.085,1.037,1.079,,,,Wing,0.37,,,0.72,0.28,Euroleague,2020-21,intl
Sertac Sanli,192,187,5,4,1,100.0,169,62.4,37.6,20,57.5,-5.8,19,65.8,62.3,3.5,0,,0,,,,1.169,,,,,,,,,0.312,101,96,0.366,0.354,0.967,2,1,,,,,,,0.66,0.224,1.944,1.082,1.164,1.169,,,,Big,0.89,,,-0.69,-1.07,Euroleague,2020-21,intl
Angelo Caloiaro,189,184,5,7,11,45.5,129,53.9,-8.4,39,41.0,-16.9,20,17.5,59.2,-41.7,0,,0,,,,1.141,0.729,1.787,,,,,,,0.179,98,98,0.327,0.439,1.344,0,5,,,,,,,1.04,0.384,2.817,1.094,,1.141,,,,Wing,0.77,,,-1.83,0.14,Euroleague,2020-21,intl
Shelvin Mack,188,164,24,9,5,50.0,126,50.8,-0.8,39,48.7,-2.9,15,26.7,53.9,-27.2,0,,0,,,,0.929,0.649,1.329,,,,,,,0.667,96,109,0.417,0.339,0.815,4,2,,,,,,,1.027,0.538,1.959,1.155,1.136,1.065,,,,Playmaker,-0.61,,,0.28,0.09,Euroleague,2020-21,intl
Alex Abrines,187,167,20,11,5,50.0,175,58.3,-8.3,35,65.7,9.5,12,37.5,59.5,-22.0,0,,0,,,,1.009,0.864,1.178,,,,,,,0.455,104,96,0.538,0.49,0.909,1,6,,,,,,,0.473,0.196,1.141,0.968,1.123,1.019,,,,Wing,0.04,,,-0.45,-1.38,Euroleague,2020-21,intl
Eleftherios Bochoridis,186,166,20,13,5,20.0,124,41.5,-21.5,42,40.5,-0.3,24,39.6,41.0,-1.4,0,,0,,,,1.038,0.737,1.461,,,,,,,0.385,80,119,0.375,0.462,1.232,2,6,,,,,,,0.381,0.104,1.392,0.918,0.94,1.038,,,,,,,,,,Euroleague,2020-21,intl
Aaron White,183,164,19,8,4,62.5,160,58.1,4.4,47,55.3,-4.1,14,42.9,59.7,-16.8,0,,0,,,,0.876,0.664,1.155,,,,,,,0.594,102,94,0.392,0.447,1.139,3,2,,,,,,,0.821,0.439,1.536,0.77,0.957,0.893,,,,Wing,-0.7,,,0.24,-0.45,Euroleague,2020-21,intl
Dragan Bender,178,157,21,12,4,62.5,166,56.0,6.5,36,52.8,-4.3,11,68.2,55.3,12.8,0,,0,,,,0.968,0.806,1.163,,,,,,,0.438,105,87,0.467,0.46,0.985,5,2,,,,,,,0.653,0.333,1.279,1.003,1.141,0.984,,,,Big,-0.14,,,-0.24,-1.09,Euroleague,2020-21,intl
Niels Giffey,176,153,23,10,6,75.0,150,55.3,19.7,38,55.3,-1.1,14,25.0,59.2,-34.2,0,,0,,,,0.811,0.596,1.104,,,,,,,0.575,88,108,0.386,0.426,1.102,2,5,,,,,,,0.734,0.387,1.393,1.026,0.692,0.82,,,,Wing,-1.07,,,0.14,-0.68,Euroleague,2020-21,intl
Othello Hunter,175,142,33,12,15,53.3,152,50.7,2.7,49,57.1,8.8,19,15.8,55.4,-39.6,0,,0,,,,0.84,0.675,1.045,,,,,,,0.688,94,101,0.468,0.376,0.804,6,4,,,,,,,0.712,0.433,1.169,1.066,0.908,0.895,,,,Wing,-0.9,,,0.71,-0.74,Euroleague,2020-21,intl
Marcus Eriksson,175,130,45,16,10,60.0,177,64.4,-4.4,52,62.5,-2.3,18,52.8,65.4,-12.6,0,,0,,,,0.963,0.859,1.08,,,,,,,0.703,97,105,0.474,0.476,1.004,7,7,,,,,,,1.016,0.722,1.43,1.012,0.871,0.986,,,,Wing,-0.22,,,0.78,0.07,Euroleague,2020-21,intl
Pierre Oriola,174,154,20,7,2,125.0,145,57.2,67.8,32,53.1,-6.4,14,21.4,62.0,-40.6,0,,0,,,,0.994,0.787,1.254,,,,,,,0.714,106,75,0.292,0.44,1.505,2,1,,,,,,,0.955,0.605,1.508,1.08,1.236,0.994,,,,Wing,-0.05,,,0.83,-0.09,Euroleague,2020-21,intl
Arturas Gudaitis,173,162,11,6,2,0.0,156,60.9,-60.9,21,42.9,-19.9,20,50.0,61.6,-11.6,0,,0,,,,0.711,0.453,1.115,,,,,,,0.458,104,75,0.337,0.373,1.109,2,2,,,,,,,0.445,0.137,1.446,0.881,0.279,0.711,,,,Big,-1.46,,,-0.17,-1.68,Euroleague,2020-21,intl
Andrey Zubkov,173,161,12,9,6,58.3,143,58.7,-0.4,66,63.6,8.8,31,50.0,61.0,-11.0,0,,0,,,,1.04,0.798,1.355,,,,,,,0.333,85,98,0.424,0.378,0.891,0,3,,,,,,,1.348,0.869,2.089,1.064,,1.056,,,,Wing,0.21,,,-1.06,0.96,Euroleague,2020-21,intl
Aaron Harrison,172,130,42,14,4,25.0,155,41.0,-16.0,38,27.6,-17.0,28,57.1,37.0,20.1,0,,0,,,,1.022,0.873,1.197,,,,,,,0.75,103,88,0.534,0.591,1.107,5,9,,,,,,,0.819,0.456,1.469,0.976,0.863,1.026,,,,Wing,0.11,,,1.01,-0.46,Euroleague,2020-21,intl
Rolands Smits,170,161,9,6,3,0.0,147,65.0,-65.0,35,54.3,-12.2,10,40.0,65.4,-25.4,0,,0,,,,0.921,0.645,1.314,,,,,,,0.375,110,67,0.355,0.373,1.052,3,1,,,,,,,1.476,1.056,2.062,1.002,1.186,0.947,,,,Big,-0.38,,,-0.47,1.26,Euroleague,2020-21,intl
Vladimir Micov,169,153,16,11,7,42.9,141,56.7,-13.9,29,50.0,-7.6,28,33.9,61.3,-27.3,0,,0,,,,1.019,0.795,1.306,,,,,,,0.364,104,78,0.365,0.487,1.333,5,2,,,,,,,1.043,0.613,1.775,1.137,1.238,1.045,,,,Wing,0.09,,,-0.91,0.14,Euroleague,2020-21,intl
Carlos Alocen,168,165,3,4,3,33.3,104,48.6,-15.2,18,41.7,-7.8,9,55.6,47.4,8.1,0,,0,,,,1.089,0.485,2.447,,,,,,,0.188,101,71,0.347,0.366,1.057,1,2,,,,,,,,,,0.908,,1.089,,,,Wing,0.48,,,-1.78,,Euroleague,2020-21,intl
Fabien Causeur,167,150,17,7,5,60.0,125,56.4,3.6,19,63.2,7.8,7,85.7,54.9,30.8,0,,0,,,,0.89,0.618,1.282,,,,,,,0.607,97,81,0.351,0.432,1.233,2,3,,,,,,,0.918,0.467,1.801,1.061,1.034,0.942,,,,Wing,-0.63,,,0.3,-0.19,Euroleague,2020-21,intl
Rudy Fernandez,167,140,27,12,12,37.5,134,50.4,-12.9,55,52.7,5.5,15,66.7,47.3,19.3,0,,0,,,,1.065,0.891,1.272,,,,,,,0.562,91,88,0.56,0.511,0.912,3,3,,,,,,,1.069,0.608,1.881,1.067,1.248,1.065,,,,Wing,0.35,,,0.08,0.21,Euroleague,2020-21,intl
Michael Roll,162,152,10,9,2,50.0,125,56.8,-6.8,26,73.1,20.6,9,55.6,56.8,-1.2,0,,0,,,,1.105,0.799,1.53,,,,,,,0.278,94,77,0.404,0.416,1.028,3,3,,,,,,,1.322,0.746,2.342,1.114,0.902,1.105,,,,Wing,0.57,,,-1.34,0.89,Euroleague,2020-21,intl
Ben Bentil,157,139,18,8,5,30.0,135,54.4,-24.4,36,56.9,4.5,26,50.0,54.4,-4.4,0,,0,,,,1.142,0.997,1.307,,,,,,,0.562,79,86,0.468,0.419,0.894,2,2,,,,,,,0.949,0.555,1.624,0.934,1.191,1.142,,,,Wing,0.78,,,0.08,-0.11,Euroleague,2020-21,intl
Danilo Barthel,156,143,13,8,2,75.0,122,58.6,16.4,27,85.2,33.6,25,36.0,64.6,-28.6,0,,0,,,,1.257,1.044,1.513,,,,,,,0.406,83,81,0.301,0.407,1.353,1,2,,,,,,,1.382,0.954,2.002,1.304,1.331,1.257,,,,Big,1.34,,,-0.36,0.99,Euroleague,2020-21,intl
Louis Labeyrie,156,144,12,8,6,50.0,141,62.8,-12.8,35,47.1,-19.8,24,66.7,61.4,5.3,0,,0,,,,1.031,0.861,1.235,,,,,,,0.375,84,80,0.393,0.45,1.145,2,5,,,,,,,0.629,0.284,1.394,1.011,1.121,1.031,,,,Big,0.18,,,-0.47,-1.16,Euroleague,2020-21,intl
Langston Hall,156,141,15,5,3,33.3,103,47.6,-14.2,26,46.2,-1.3,11,40.9,47.9,-7.0,0,,0,,,,1.162,0.835,1.616,,,,,,,0.75,75,87,0.4,0.368,0.92,2,2,,,,,,,0.607,0.225,1.636,1.027,1.571,1.188,,,,Playmaker,0.48,,,0.64,-1.35,Euroleague,2020-21,intl
Marko Jagodic-Kuridza,155,139,16,15,5,20.0,134,42.9,-22.9,32,35.9,-8.0,32,42.2,42.1,0.1,0,,0,,,,1.116,0.909,1.369,,,,,,,0.267,99,72,0.475,0.556,1.17,3,4,,,,,,,0.828,0.397,1.728,1.129,1.248,1.125,,,,Wing,0.63,,,-1.39,-0.43,Euroleague,2020-21,intl
Jajuan Johnson,154,147,7,8,0,,150,46.0,,17,29.4,-18.7,21,28.6,48.8,-20.3,0,,0,,,,0.92,0.678,1.248,,,,,,,0.219,117,45,0.504,0.489,0.969,5,1,,,,,,,1.038,0.458,2.354,0.987,,0.92,,,,Wing,-0.46,,,-1.63,0.13,Euroleague,2020-21,intl
Devin Booker,152,129,23,7,5,60.0,137,58.4,1.6,28,55.4,-3.9,16,50.0,59.5,-9.5,0,,0,,,,1.066,0.864,1.314,,,,,,,0.821,102,74,0.304,0.419,1.378,4,4,,,,,,,0.668,0.386,1.156,0.845,1.148,1.088,,,,Wing,0.36,,,1.37,-0.86,Euroleague,2020-21,intl
Charles Kahudi,152,136,16,12,8,68.8,131,50.8,18.0,31,53.2,1.8,24,52.1,51.7,0.3,0,,0,,,,0.911,0.679,1.221,,,,,,,0.333,90,77,0.444,0.532,1.198,3,2,,,,,,,0.732,0.321,1.671,1.078,1.212,0.946,,,,,,,,,,Euroleague,2020-21,intl
Guillem Vives,151,145,6,4,4,62.5,85,60.0,2.5,19,47.4,-16.2,17,38.2,65.3,-27.0,0,,0,,,,0.873,0.388,1.968,,,,,,,0.375,81,74,0.259,0.338,1.303,1,2,,,,,,,1.35,0.589,3.093,1.264,,0.873,,,,Wing,-0.72,,,-0.85,0.96,Euroleague,2020-21,intl
Nikita Kurbanov,149,145,4,4,14,67.9,104,53.8,14.0,28,66.1,13.8,17,14.7,62.4,-47.7,0,,0,,,,0.647,0.242,1.732,,,,,,,0.25,74,79,0.392,0.443,1.131,0,2,,,,,,,,,,0.889,,0.647,,,,Wing,-1.98,,,-1.47,,Euroleague,2020-21,intl
Youssoupha Fall,148,146,2,5,1,100.0,136,62.5,37.5,19,57.9,-5.7,10,50.0,63.8,-13.8,0,,0,,,,1.123,,,,,,,,,0.1,103,50,0.35,0.3,0.858,2,1,,,,,,,,,,1.007,1.119,1.123,,,,Big,0.65,,,-1.44,,Euroleague,2020-21,intl
Iffe Lundberg,146,137,9,3,1,0.0,116,67.2,-67.2,32,65.6,-1.4,23,67.4,66.5,0.9,0,,0,,,,0.887,0.553,1.421,,,,,,,0.75,73,81,0.384,0.284,0.74,1,2,,,,,,,0.858,0.379,1.942,0.981,,0.967,,,,,,,,,,Euroleague,2020-21,intl
Facundo Campazzo,145,129,16,6,4,75.0,75,45.3,29.7,16,46.9,0.0,7,71.4,44.4,27.0,0,,0,,,,1.839,1.355,2.495,,,,,,,0.667,77,81,0.273,0.346,1.267,2,3,,,,,,,0.913,0.431,1.938,1.263,1.619,1.63,,,,Playmaker,3.62,,,0.28,-0.31,Euroleague,2020-21,intl
Amine Noua,144,130,14,11,10,60.0,119,47.1,12.9,45,42.2,-9.0,16,43.8,48.7,-4.9,0,,0,,,,0.973,0.731,1.295,,,,,,,0.318,90,67,0.4,0.612,1.53,2,4,,,,,,,0.398,0.112,1.417,1.164,0.923,1.01,,,,Wing,-0.16,,,-1.14,-1.58,Euroleague,2020-21,intl
Livio Jean-Charles,142,131,11,5,9,66.7,126,59.9,6.7,30,55.0,-6.9,18,41.7,63.2,-21.6,0,,0,,,,1.12,,,,,,,,,0.55,77,73,0.39,0.384,0.984,4,0,,,,,,,1.064,0.664,1.703,0.997,1.116,1.12,,,,Wing,0.66,,,0.02,0.2,Euroleague,2020-21,intl
Johnny O'Bryant,142,112,30,10,5,0.0,136,51.5,-51.5,30,40.0,-12.3,28,48.2,50.0,-1.8,0,,0,,,,0.817,0.638,1.045,,,,,,,0.75,87,79,0.517,0.405,0.783,5,2,,,,,,,1.143,0.72,1.814,1.167,1.194,0.9,,,,Big,-0.91,,,0.87,0.31,Euroleague,2020-21,intl
Jarell Eddie,141,124,17,8,7,92.9,129,60.9,32.0,41,54.9,-10.9,11,59.1,62.8,-3.7,0,,0,,,,1.051,0.92,1.201,,,,,,,0.531,75,75,0.493,0.48,0.973,4,4,,,,,,,0.47,0.198,1.119,0.962,0.984,1.055,,,,Wing,0.27,,,-0.08,-1.39,Euroleague,2020-21,intl
Sergey Monia,140,124,16,9,5,60.0,106,58.0,2.0,27,64.8,8.9,10,60.0,57.9,2.1,0,,0,,,,1.336,1.126,1.585,,,,,,,0.444,84,65,0.44,0.431,0.978,4,1,,,,,,,1.068,0.591,1.93,1.388,1.365,1.336,,,,,,,,,,Euroleague,2020-21,intl
James Anderson,139,132,7,5,1,0.0,113,60.6,-60.6,34,66.2,8.7,14,60.7,60.0,0.7,0,,0,,,,1.12,0.816,1.538,,,,,,,0.35,82,64,0.39,0.391,1.001,1,2,,,,,,,1.347,0.74,2.452,1.247,1.299,1.162,,,,Wing,0.66,,,-0.98,0.96,Euroleague,2020-21,intl
Sergey Karasev,137,124,13,11,4,50.0,120,52.5,-2.5,18,44.4,-9.3,13,34.6,54.5,-19.9,0,,0,,,,0.63,0.379,1.047,,,,,,,0.295,93,56,0.43,0.554,1.287,2,2,,,,,,,0.291,0.047,1.806,0.933,0.474,0.668,,,,Wing,-2.07,,,-1.25,-1.87,Euroleague,2020-21,intl
Edgaras Ulanovas,136,127,9,6,4,25.0,98,56.1,-31.1,16,34.4,-24.3,10,35.0,57.1,-22.1,0,,0,,,,0.775,0.428,1.405,,,,,,,0.375,75,67,0.347,0.418,1.206,0,4,,,,,,,0.387,0.066,2.26,0.986,1.052,0.775,,,,Wing,-1.27,,,-0.85,-1.61,Euroleague,2020-21,intl
Hassan Martin,135,125,10,3,14,64.3,118,72.9,-8.6,28,64.3,-9.8,10,50.0,73.8,-23.8,0,,0,,,,0.978,0.791,1.21,,,,,,,0.833,74,69,0.27,0.246,0.912,1,0,,,,,,,1.217,0.942,1.572,0.969,,1.01,,,,Wing,-0.13,,,1.43,0.61,Euroleague,2020-21,intl
Usman Garuba,135,127,8,4,4,100.0,115,53.5,46.5,21,71.4,19.9,10,65.0,54.1,10.9,0,,0,,,,1.079,0.819,1.42,,,,,,,0.5,77,67,0.442,0.373,0.845,1,1,,,,,,,0.849,0.353,2.04,1.194,1.071,1.121,,,,Wing,0.43,,,-0.23,-0.37,Euroleague,2020-21,intl
Jonas Jerebko,134,110,24,6,7,14.3,127,57.9,-43.6,27,46.3,-11.6,12,41.7,57.0,-15.3,0,,0,,,,0.996,0.818,1.213,,,,,,,1.0,90,69,0.456,0.435,0.954,5,3,,,,,,,0.451,0.207,0.985,1.068,1.007,0.978,,,,Big,0.0,,,1.75,-1.67,Euroleague,2020-21,intl
Janis Strelnieks,131,126,5,4,1,0.0,97,54.6,-54.6,25,56.0,2.6,13,53.8,54.1,-0.3,0,,0,,,,0.831,0.403,1.713,,,,,,,0.312,66,69,0.409,0.406,0.992,1,1,,,,,,,0.722,0.144,3.633,0.954,0.688,0.831,,,,Wing,-0.95,,,-1.17,-0.71,Euroleague,2020-21,intl
Allerik Freeman,130,113,17,11,5,50.0,112,52.7,-2.7,25,44.0,-10.9,31,43.5,55.8,-12.3,0,,0,,,,1.182,1.016,1.374,,,,,,,0.386,90,51,0.433,0.588,1.357,4,6,,,,,,,0.96,0.527,1.749,0.999,1.224,1.182,,,,Wing,1.0,,,-0.8,-0.08,Euroleague,2020-21,intl
Leon Radosevic,129,117,12,9,1,0.0,117,46.6,-46.6,15,33.3,-14.7,12,41.7,46.7,-5.0,0,,0,,,,1.106,0.915,1.336,,,,,,,0.333,97,42,0.495,0.452,0.914,6,1,,,,,,,1.202,0.672,2.152,0.941,1.184,1.113,,,,Wing,0.58,,,-1.06,0.57,Euroleague,2020-21,intl
William Howard,128,114,14,7,13,69.2,101,69.3,-0.1,42,79.8,16.6,13,34.6,73.8,-39.1,0,,0,,,,1.029,0.818,1.293,,,,,,,0.5,60,76,0.417,0.355,0.853,2,1,,,,,,,1.195,0.771,1.852,1.093,1.204,1.04,,,,Wing,0.15,,,-0.23,0.55,Euroleague,2020-21,intl
Paulius Jankunas,126,124,2,4,1,0.0,93,48.4,-48.4,21,57.1,11.9,13,50.0,47.5,2.5,0,,0,,,,1.409,,,,,,,,,0.125,77,53,0.377,0.453,1.202,1,0,,,,,,,1.158,0.284,4.726,1.314,,1.409,,,,Big,2.12,,,-1.36,0.35,Euroleague,2020-21,intl
Fernando San Emeterio,123,113,10,7,0,,99,50.0,,32,59.4,13.9,16,34.4,53.0,-18.6,0,,0,,,,0.514,0.239,1.104,,,,,,,0.357,72,58,0.472,0.414,0.876,1,1,,,,,,,0.55,0.099,3.049,0.77,0.434,0.514,,,,Wing,-2.72,,,-0.94,-1.17,Euroleague,2020-21,intl
Nikola Milutinov,123,111,12,4,1,100.0,116,66.8,33.2,21,85.7,22.7,9,61.1,67.6,-6.5,0,,0,,,,0.925,0.713,1.2,,,,,,,0.75,76,54,0.303,0.296,0.979,2,0,,,,,,,0.857,0.509,1.445,0.921,1.12,0.962,,,,Big,-0.36,,,0.87,-0.51,Euroleague,2020-21,intl
Arturas Milaknis,121,108,13,7,3,100.0,109,63.8,36.2,18,69.4,5.6,10,65.0,64.7,0.3,0,,0,,,,0.692,0.448,1.069,,,,,,,0.464,74,55,0.486,0.418,0.86,3,2,,,,,,,1.6,1.017,2.517,0.911,0.564,0.723,,,,Wing,-1.73,,,-0.41,1.63,Euroleague,2020-21,intl
Octavius Ellis,118,116,2,2,1,100.0,105,72.4,27.6,13,84.6,13.6,15,80.0,71.4,8.6,0,,0,,,,0.563,0.141,2.255,,,,,,,0.25,82,38,0.305,0.105,0.345,1,0,,,,,,,1.355,,,0.946,,0.563,,,,Big,-2.22,,,-0.91,0.91,Euroleague,2020-21,intl
Tibor Pleiss,118,101,17,7,4,50.0,111,60.8,-10.8,29,60.3,-0.1,10,10.0,65.2,-55.2,0,,0,,,,0.904,0.72,1.136,,,,,,,0.607,83,46,0.349,0.435,1.244,4,1,,,,,,,0.922,0.57,1.492,1.042,1.124,0.817,,,,Big,-0.47,,,0.36,-0.32,Euroleague,2020-21,intl
Kaleb Tarczewski,117,117,0,1,4,75.0,103,57.3,17.7,19,63.2,6.3,12,41.7,60.0,-18.3,0,,0,,,,,,,,,,,,,0.0,75,43,0.373,0.395,1.059,0,0,,,,,,,,,,1.128,,,,,,Big,,,,-1.8,,Euroleague,2020-21,intl
Tadas Sedekerskis,117,110,7,5,4,62.5,79,55.7,6.8,14,71.4,18.5,14,42.9,58.7,-15.8,0,,0,,,,0.849,0.441,1.635,,,,,,,0.35,78,44,0.308,0.409,1.33,1,2,,,,,,,0.949,0.348,2.588,1.163,1.101,0.849,,,,Wing,-0.85,,,-0.98,-0.11,Euroleague,2020-21,intl
Leo Westermann,116,111,5,4,1,150.0,72,50.0,100.0,26,71.2,30.7,6,50.0,51.5,-1.5,0,,0,,,,1.009,0.485,2.098,,,,,,,0.312,57,63,0.474,0.27,0.57,1,1,,,,,,,1.63,0.696,3.817,1.322,,1.009,,,,Wing,0.04,,,-1.17,1.71,Euroleague,2020-21,intl
Jeffery Taylor,115,102,13,5,3,33.3,97,50.0,-16.7,21,52.4,3.6,8,37.5,50.5,-13.0,0,,0,,,,1.259,,,,,,,,,0.65,67,54,0.522,0.407,0.78,3,0,,,,,,,0.842,0.407,1.743,1.313,1.239,1.259,,,,Wing,1.43,,,0.52,-0.39,Euroleague,2020-21,intl
James Gist,112,95,17,9,13,61.5,95,43.2,18.4,26,53.8,11.2,14,28.6,47.9,-19.3,0,,0,,,,1.035,0.854,1.255,,,,,,,0.472,62,62,0.516,0.452,0.875,4,1,,,,,,,0.675,0.319,1.427,1.142,1.032,1.056,,,,Wing,0.18,,,-0.37,-0.84,Euroleague,2020-21,intl
Jonas Mattisseck,111,99,12,6,6,16.7,79,53.8,-37.1,28,53.6,3.6,15,26.7,56.4,-29.8,0,,0,,,,0.802,0.49,1.313,,,,,,,0.5,46,73,0.543,0.384,0.706,1,0,,,,,,,0.735,0.22,2.455,0.839,0.685,0.786,,,,Wing,-1.12,,,-0.23,-0.68,Euroleague,2020-21,intl
Leandro Bolmaro,109,109,0,2,3,0.0,68,48.5,-48.5,25,46.0,-0.7,12,50.0,45.8,4.2,0,,0,,,,,,,,,,,,,0.0,57,54,0.386,0.37,0.96,0,1,,,,,,,,,,0.417,,,,,,Playmaker,,,,-2.57,,Euroleague,2020-21,intl
Janis Timma,109,85,24,9,5,70.0,102,48.5,21.5,25,54.0,5.8,10,65.0,47.9,17.1,0,,0,,,,1.181,,,,,,,,,0.667,64,56,0.547,0.589,1.078,5,3,,,,,,,0.5,0.219,1.143,0.987,1.153,1.181,,,,Wing,1.0,,,0.6,-1.31,Euroleague,2020-21,intl
Melih Mahmutoglu,103,93,10,11,0,,106,51.9,,39,57.7,9.2,18,41.7,54.0,-12.3,0,,0,,,,1.094,,,,,,,,,0.227,57,57,0.526,0.561,1.067,1,2,,,,,,,1.118,0.576,2.171,1.075,1.08,1.094,,,,Wing,0.51,,,-1.59,0.34,Euroleague,2020-21,intl
Ismael Bako,102,98,4,2,0,,90,60.0,,15,53.3,-8.0,7,85.7,57.8,27.9,0,,0,,,,0.875,0.494,1.55,,,,,,,0.5,70,36,0.343,0.333,0.972,2,0,,,,,,,1.714,,,0.927,,0.972,,,,Big,-0.62,,,-0.02,1.93,Euroleague,2020-21,intl
Charles Jenkins,102,102,0,1,0,,71,65.5,,10,80.0,16.9,19,63.2,66.3,-3.2,0,,0,,,,,,,,,,,,,0.0,67,36,0.343,0.278,0.809,1,0,,,,,,,,,,1.071,,,,,,Playmaker,,,,-2.57,,Euroleague,2020-21,intl
Giannoulis Larentzakis,102,86,16,6,5,60.0,74,46.6,13.4,31,54.8,12.1,11,40.9,48.5,-7.6,0,,0,,,,1.184,0.899,1.56,,,,,,,0.667,56,53,0.464,0.472,1.016,2,3,,,,,,,0.789,0.329,1.895,0.919,1.243,1.2,,,,Wing,1.01,,,0.6,-0.54,Euroleague,2020-21,intl
Nihad Dedovic,101,90,11,4,4,0.0,74,58.8,-58.8,14,39.3,-20.1,11,54.5,56.0,-1.4,0,,0,,,,0.474,0.215,1.045,,,,,,,0.688,61,47,0.393,0.383,0.973,0,1,,,,,,,1.045,0.381,2.872,0.825,,0.595,,,,,,,,,,Euroleague,2020-21,intl
Branko Lazic,101,98,3,5,5,0.0,79,50.0,-50.0,18,44.4,-3.3,24,47.9,46.7,1.3,0,,0,,,,1.289,,,,,,,,,0.15,54,52,0.5,0.5,1.0,0,1,,,,,,,1.747,0.747,4.087,1.103,1.272,1.289,,,,Wing,1.6,,,-1.97,2.03,Euroleague,2020-21,intl
Marko Simonovic,99,89,10,6,0,,94,56.9,,25,48.0,-12.1,8,43.8,58.1,-14.4,0,,0,,,,1.141,,,,,,,,,0.417,57,48,0.509,0.521,1.024,3,0,,,,,,,0.891,0.401,1.98,1.076,1.125,1.141,,,,Wing,0.77,,,-0.64,-0.26,Euroleague,2020-21,intl
Ali Muhammed,99,88,11,4,3,0.0,77,61.7,-61.7,13,61.5,2.6,17,47.1,62.7,-15.6,0,,0,,,,0.955,0.653,1.397,,,,,,,0.688,59,47,0.407,0.426,1.046,3,0,,,,,,,1.047,0.501,2.187,0.95,0.825,0.938,,,,Playmaker,-0.49,,,0.37,0.15,Euroleague,2020-21,intl
Ognjen Kuzmic,98,97,1,2,1,100.0,89,53.9,46.1,15,60.0,6.7,9,44.4,55.6,-11.1,0,,0,,,,1.115,,,,,,,,,0.125,61,39,0.377,0.462,1.224,0,0,,,,,,,,,,1.127,,1.115,,,,,,,,,,Euroleague,2020-21,intl
Joel Bolomboy,98,97,1,4,7,85.7,86,55.8,29.9,24,54.2,-5.3,12,50.0,59.3,-9.3,0,,0,,,,1.102,,,,,,,,,0.062,50,52,0.32,0.481,1.502,0,1,,,,,,,1.725,,,1.035,,1.102,,,,Wing,0.56,,,-2.41,1.97,Euroleague,2020-21,intl
Louis Olinde,97,84,13,7,2,75.0,100,46.0,29.0,28,55.4,12.1,18,27.8,50.6,-22.8,0,,0,,,,1.063,,,,,,,,,0.464,53,54,0.623,0.537,0.863,3,1,,,,,,,1.105,0.581,2.1,0.946,1.054,1.063,,,,Wing,0.34,,,-0.41,0.31,Euroleague,2020-21,intl
Ahmet Duverioglu,95,95,0,1,0,,67,70.1,,8,100.0,33.9,6,50.0,72.1,-22.1,0,,0,,,,,,,,,,,,,0.0,63,33,0.175,0.273,1.562,0,0,,,,,,,,,,1.453,,,,,,Big,,,,-1.8,,Euroleague,2020-21,intl
Dairis Bertans,93,76,17,10,4,62.5,92,45.7,16.8,28,53.6,10.2,11,45.5,46.5,-1.0,0,,0,,,,0.745,0.519,1.07,,,,,,,0.425,58,56,0.534,0.571,1.069,4,3,,,,,,,1.25,0.607,2.573,0.961,0.83,0.815,,,,Wing,-1.43,,,-0.6,0.7,Euroleague,2020-21,intl
Tim Schneider,92,84,8,8,3,116.7,88,37.5,79.2,20,47.5,9.5,11,0.0,45.6,-45.6,0,,0,,,,0.829,0.552,1.244,,,,,,,0.25,58,43,0.621,0.581,0.937,1,2,,,,,,,0.974,0.301,3.151,0.886,1.112,0.86,,,,Wing,-0.96,,,-1.47,-0.04,Euroleague,2020-21,intl
Anthony Randolph,92,69,23,9,2,0.0,95,55.3,-55.3,9,61.1,7.7,7,100.0,50.6,49.4,0,,0,,,,0.891,0.73,1.086,,,,,,,0.639,63,43,0.492,0.535,1.087,4,2,,,,,,,0.715,0.379,1.348,0.964,0.974,0.926,,,,Big,-0.54,,,0.47,-0.91,Euroleague,2020-21,intl
Matthew Strazel,90,87,3,4,0,,62,44.4,,19,50.0,8.1,10,35.0,46.2,-11.2,0,,0,,,,1.036,0.458,2.341,,,,,,,0.188,50,44,0.38,0.477,1.256,0,1,,,,,,,,,,1.041,1.517,1.036,,,,Playmaker,-0.11,,,-1.76,,Euroleague,2020-21,intl
Paul Lacombe,89,85,4,2,2,150.0,59,38.1,111.9,18,38.9,-4.1,4,25.0,43.0,-18.0,0,,0,,,,0.746,0.277,2.009,,,,,,,0.5,52,39,0.346,0.487,1.407,0,2,,,,,,,,,,0.983,0.492,0.746,,,,Wing,-1.43,,,-0.23,,Euroleague,2020-21,intl
Martinas Geben,88,84,4,1,0,,68,61.8,,22,54.5,-10.7,5,80.0,60.3,19.7,0,,0,,,,0.984,0.552,1.755,,,,,,,1.0,45,44,0.289,0.295,1.023,1,0,,,,,,,,,,1.071,0.872,0.984,,,,Big,-0.06,,,1.75,,Euroleague,2020-21,intl
Duop Reath,87,85,2,4,2,50.0,84,59.5,-9.5,17,55.9,-4.3,14,71.4,56.9,14.5,0,,0,,,,1.062,,,,,,,,,0.125,43,48,0.395,0.521,1.317,0,1,,,,,,,0.93,0.229,3.775,1.081,,1.062,,,,Big,0.34,,,-1.36,-0.3,Euroleague,2020-21,intl
Marcus Foster,85,73,12,5,5,30.0,77,57.8,-27.8,16,40.6,-19.2,7,85.7,53.3,32.4,0,,0,,,,0.981,0.748,1.286,,,,,,,0.6,51,45,0.451,0.422,0.936,1,2,,,,,,,0.335,0.095,1.177,0.974,1.01,0.925,,,,Wing,-0.12,,,0.27,-1.75,Euroleague,2020-21,intl
Kostas Papanikolaou,85,77,8,5,3,0.0,60,52.5,-52.5,13,0.0,-63.0,9,44.4,50.9,-6.5,0,,0,,,,1.111,0.723,1.706,,,,,,,0.4,49,41,0.327,0.585,1.793,2,3,,,,,,,,,,1.447,0.971,1.111,,,,Wing,0.61,,,-0.73,,Euroleague,2020-21,intl
Vanja Marinkovic,84,70,14,8,2,75.0,85,50.6,24.4,30,50.0,-1.8,10,50.0,51.3,-1.3,0,,0,,,,1.0,0.853,1.173,,,,,,,0.438,44,52,0.5,0.596,1.192,1,3,,,,,,,0.893,0.425,1.876,1.01,0.935,0.901,,,,Wing,-0.01,,,-0.54,-0.26,Euroleague,2020-21,intl
Jeff Brooks,84,84,0,0,3,83.3,56,47.3,36.0,16,46.9,-3.1,7,0.0,55.8,-55.8,0,,0,,,,,,,,,,,,,,51,33,0.333,0.545,1.636,0,0,,,,,,,,,,0.58,,,,,,Wing,,,,,,Euroleague,2020-21,intl
John Dibartolomeo,83,81,2,3,2,125.0,63,53.2,71.8,17,52.9,-3.3,9,77.8,51.8,26.0,0,,0,,,,1.35,,,,,,,,,0.167,41,45,0.39,0.489,1.253,0,1,,,,,,,1.154,0.28,4.754,0.919,1.333,1.35,,,,Playmaker,1.35,,,-1.85,0.52,Euroleague,2020-21,intl
Kyle Brandon O'Quinn,82,80,2,2,1,100.0,64,59.4,40.6,19,55.3,-6.7,9,66.7,58.9,7.7,0,,0,,,,0.645,0.161,2.593,,,,,,,0.25,37,47,0.243,0.404,1.662,0,1,,,,,,,1.722,,,0.682,,0.645,,,,,,,,,,Euroleague,2020-21,intl
Aleksa Uskokovic,82,75,7,3,2,50.0,52,52.9,-2.9,15,53.3,0.8,9,55.6,52.2,3.3,0,,0,,,,1.218,0.734,2.019,,,,,,,0.583,41,46,0.317,0.326,1.028,1,0,,,,,,,1.257,0.576,2.741,1.145,1.351,1.333,,,,Wing,1.2,,,0.18,0.72,Euroleague,2020-21,intl
Oz Blayzer,80,73,7,4,6,41.7,64,49.2,-7.6,22,27.3,-31.1,9,27.8,51.6,-23.9,0,,0,,,,1.043,0.757,1.437,,,,,,,0.438,44,40,0.455,0.525,1.155,1,2,,,,,,,1.154,0.493,2.702,1.104,,1.043,,,,Wing,0.23,,,-0.54,0.44,Euroleague,2020-21,intl
Joan Sastre,80,67,13,6,2,0.0,70,50.7,-50.7,15,50.0,0.9,11,45.5,50.0,-4.5,0,,0,,,,0.828,0.568,1.208,,,,,,,0.542,48,39,0.5,0.487,0.974,2,2,,,,,,,1.037,0.47,2.286,0.891,0.601,0.855,,,,Wing,-0.97,,,-0.02,0.13,Euroleague,2020-21,intl
Ivan Ukhov,78,74,4,3,0,,60,47.5,,25,56.0,14.6,14,53.6,45.7,7.9,0,,0,,,,0.673,0.25,1.809,,,,,,,0.333,35,46,0.486,0.478,0.985,1,2,,,,,,,1.375,0.329,5.742,1.096,,0.673,,,,Playmaker,-1.8,,,-1.14,1.28,Euroleague,2020-21,intl
Riccardo Moraschini,76,75,1,3,3,0.0,47,60.6,-60.6,24,47.9,-17.5,13,30.8,66.2,-35.4,0,,0,,,,1.63,,,,,,,,,0.083,34,45,0.235,0.422,1.794,0,0,,,,,,,2.091,,,1.19,,1.63,,,,Wing,3.5,,,-2.31,2.94,Euroleague,2020-21,intl
Mario Hezonja,72,50,22,6,6,91.7,76,47.4,44.3,27,42.6,-12.0,7,21.4,53.3,-31.9,0,,0,,,,1.057,0.889,1.257,,,,,,,0.917,43,49,0.488,0.551,1.128,2,4,,,,,,,1.132,0.651,1.966,0.933,1.003,1.038,,,,Wing,0.31,,,1.85,0.38,Euroleague,2020-21,intl
Greg Monroe,71,60,11,5,4,100.0,62,46.8,53.2,14,71.4,27.2,6,66.7,48.3,18.3,0,,0,,,,0.629,0.364,1.089,,,,,,,0.55,47,32,0.426,0.406,0.955,3,0,,,,,,,0.963,0.415,2.235,0.864,1.224,0.748,,,,Big,-1.88,,,0.15,-0.21,Euroleague,2020-21,intl
Thomas Heurtel,70,64,6,4,1,0.0,44,34.1,-34.1,17,20.6,-20.5,7,35.7,32.9,2.8,0,,0,,,,1.481,0.975,2.25,,,,,,,0.375,32,42,0.375,0.476,1.27,0,1,,,,,,,0.6,0.098,3.677,1.667,1.133,1.481,,,,Playmaker,1.96,,,-0.96,-1.38,Euroleague,2020-21,intl
Omri Casspi,69,67,2,5,0,,58,47.4,,7,35.7,-13.3,7,57.1,46.1,11.1,0,,0,,,,0.632,0.157,2.541,,,,,,,0.1,55,19,0.364,0.632,1.737,3,0,,,,,,,2.12,,,0.988,,0.632,,,,Wing,-2.06,,,-2.22,3.02,Euroleague,2020-21,intl
Zach Auguste,67,64,3,1,0,,59,68.6,,11,77.3,10.6,6,33.3,72.6,-39.3,0,,0,,,,0.762,0.34,1.705,,,,,,,0.75,44,24,0.318,0.208,0.655,1,0,,,,,,,1.474,,,0.747,,0.762,,,,Big,-1.2,,,0.87,1.25,Euroleague,2020-21,intl
Egor Vialtsev,65,61,4,2,0,,46,71.7,,9,38.9,-40.8,5,50.0,74.4,-24.4,0,,0,,,,0.726,0.269,1.963,,,,,,,0.5,41,26,0.22,0.462,2.103,1,1,,,,,,,0.875,0.214,3.586,1.125,,0.726,,,,,,,,,,Euroleague,2020-21,intl
Evgeny Voronov,64,59,5,4,1,0.0,52,49.0,-49.0,15,60.0,16.6,3,50.0,48.0,2.0,0,,0,,,,1.049,0.662,1.663,,,,,,,0.312,33,35,0.364,0.543,1.493,1,1,,,,,,,1.776,0.917,3.44,1.24,,1.049,,,,Wing,0.26,,,-1.17,2.1,Euroleague,2020-21,intl
Alex Tyus,62,58,4,2,0,,54,50.0,,7,85.7,41.0,8,37.5,52.2,-14.7,0,,0,,,,1.208,,,,,,,,,0.5,47,17,0.447,0.353,0.79,2,0,,,,,,,1.5,0.797,2.824,0.86,1.2,1.208,,,,Wing,1.15,,,-0.23,1.37,Euroleague,2020-21,intl
Semen Antonov,61,60,1,1,1,150.0,50,52.0,98.0,15,60.0,8.6,6,58.3,53.3,5.0,0,,0,,,,1.224,,,,,,,,,0.25,38,24,0.5,0.417,0.833,0,0,,,,,,,,,,1.262,,1.224,,,,Wing,1.24,,,-1.47,,Euroleague,2020-21,intl
Landry Nnoko,60,56,4,1,2,50.0,53,58.5,-8.5,13,61.5,4.4,4,0.0,62.7,-62.7,0,,0,,,,0.84,0.474,1.49,,,,,,,1.0,31,31,0.387,0.355,0.917,1,0,,,,,,,1.149,0.499,2.647,0.839,,0.896,,,,Big,-0.8,,,1.75,0.32,Euroleague,2020-21,intl
Stefan Jovic,58,55,3,2,2,0.0,26,63.5,-63.5,9,44.4,-21.3,6,58.3,59.1,-0.8,0,,0,,,,0.733,0.144,3.729,,,,,,,0.375,27,33,0.148,0.333,2.25,0,0,,,,,,,2.273,,,1.457,,0.733,,,,Playmaker,-1.52,,,-0.96,4.36,Euroleague,2020-21,intl
Steve Vasturia,57,56,1,1,0,,44,47.7,,8,18.8,-35.4,7,57.1,45.9,11.2,0,,0,,,,1.333,,,,,,,,,0.25,32,26,0.406,0.538,1.325,0,0,,,,,,,,,,0.629,,1.333,,,,Wing,1.84,,,-1.47,,Euroleague,2020-21,intl
Sergi Martinez,56,48,8,3,0,,47,47.9,,23,41.3,-12.9,3,50.0,47.7,2.3,0,,0,,,,0.769,0.442,1.338,,,,,,,0.667,26,33,0.346,0.515,1.488,1,1,,,,,,,0.821,0.268,2.518,0.895,,0.769,,,,Wing,-1.3,,,0.6,-0.45,Euroleague,2020-21,intl
Leonidas Kaselakis,56,53,3,3,1,100.0,45,53.3,46.7,5,20.0,-38.5,5,0.0,61.0,-61.0,0,,0,,,,0.421,0.084,2.096,,,,,,,0.25,30,29,0.6,0.31,0.517,1,0,,,,,,,2.333,,,0.658,,0.421,,,,Wing,-3.24,,,-1.47,3.59,Euroleague,2020-21,intl
Bugrahan Tuncer,54,50,4,3,0,,37,48.6,,21,31.0,-40.9,7,50.0,48.3,1.7,0,,0,,,,0.368,0.067,2.029,,,,,,,0.333,22,35,0.318,0.457,1.437,0,3,,,,,,,2.615,,,0.828,,0.368,,,,Wing,-3.53,,,-1.06,4.35,Euroleague,2020-21,intl
Michael Eric,54,54,0,0,0,,51,66.7,,4,50.0,-18.1,4,100.0,63.8,36.2,0,,0,,,,,,,,,,,,,,39,15,0.308,0.333,1.083,0,0,,,,,,,,,,1.071,,,,,,,,,,,,Euroleague,2020-21,intl
Malte Delow,53,53,0,0,0,,39,43.6,,8,56.2,15.9,3,33.3,44.4,-11.1,0,,0,,,,,,,,,,,,,,28,25,0.5,0.4,0.8,0,0,,,,,,,,,,0.84,,,,,,Wing,,,,,,Euroleague,2020-21,intl
Derrick Walton Jr,51,41,10,7,3,0.0,38,42.1,-42.1,17,32.4,-11.4,5,50.0,37.5,12.5,0,,0,,,,0.707,0.369,1.355,,,,,,,0.357,26,32,0.462,0.5,1.083,1,2,,,,,,,1.055,0.327,3.398,1.092,,0.707,,,,Playmaker,-1.64,,,-1.04,0.18,Euroleague,2020-21,intl
Quino Colom,51,51,0,0,2,0.0,30,58.3,-58.3,9,27.8,-37.4,4,37.5,57.1,-19.6,0,,0,,,,,,,,,,,,,,19,32,0.421,0.312,0.742,0,0,,,,,,,,,,0.854,,,,,,,,,,,,Euroleague,2020-21,intl
Tarik Black,50,46,4,3,3,66.7,45,53.3,13.3,10,50.0,-5.3,7,42.9,56.1,-13.2,0,,0,,,,1.15,,,,,,,,,0.333,29,25,0.414,0.4,0.967,1,1,,,,,,,1.304,0.698,2.438,1.167,1.14,1.15,,,,Big,0.79,,,-0.62,0.77,Euroleague,2020-21,intl
Anton Ponkrashov,49,40,9,5,1,0.0,35,22.9,-22.9,10,10.0,-16.9,6,0.0,26.7,-26.7,0,,0,,,,1.296,0.842,1.995,,,,,,,0.45,22,32,0.5,0.594,1.188,2,2,,,,,,,0.686,0.095,4.942,1.569,1.021,1.296,,,,Wing,1.64,,,-0.48,-0.81,Euroleague,2020-21,intl
Kevarrius Hayes,48,42,6,3,1,0.0,41,46.3,-46.3,6,33.3,-13.9,4,25.0,47.4,-22.4,0,,0,,,,1.061,0.717,1.568,,,,,,,0.5,27,25,0.593,0.28,0.473,1,0,,,,,,,1.886,1.044,3.407,1.226,,1.091,,,,Big,0.33,,,-0.02,2.42,Euroleague,2020-21,intl
Torrian Walden,40,25,15,4,1,0.0,38,53.9,-53.9,9,44.4,-10.6,7,100.0,42.2,57.8,0,,0,,,,0.877,0.576,1.335,,,,,,,0.938,24,28,0.5,0.393,0.786,3,2,,,,,,,1.425,0.686,2.959,0.832,0.639,0.855,,,,,,,,,,Euroleague,2020-21,intl
Mike James,616,504,112,29,53,39.6,451,49.3,-9.7,161,49.4,1.6,88,40.3,50.0,-9.7,0,,0,,,,1.047,0.903,1.215,,,,,,,0.966,334,419,0.38,0.406,1.067,12,17,,,,,,,0.819,0.597,1.122,1.111,1.027,1.07,,,,Wing,0.23,,,1.94,-0.58,Euroleague,2021-22,intl
Shane Larkin,568,494,74,26,33,47.0,378,55.4,-8.5,112,50.0,-6.5,48,33.3,57.6,-24.2,0,,0,,,,1.029,0.863,1.226,,,,,,,0.712,301,324,0.352,0.389,1.104,9,17,,,,,,,0.774,0.526,1.137,1.054,1.022,1.0,,,,Playmaker,0.01,,,0.34,-0.71,Euroleague,2021-22,intl
Vasilije Micic,548,446,102,32,41,45.1,408,55.5,-10.4,137,47.4,-10.2,44,43.2,55.8,-12.6,0,,0,,,,0.989,0.858,1.139,,,,,,,0.797,290,333,0.362,0.411,1.136,12,19,,,,,,,0.879,0.66,1.171,1.106,0.857,1.012,,,,Playmaker,-0.2,,,0.91,-0.37,Euroleague,2021-22,intl
Scottie Wilbekin,490,402,88,27,22,56.8,398,52.5,4.3,125,50.8,-2.8,78,47.4,53.9,-6.5,0,,0,,,,1.094,0.965,1.241,,,,,,,0.815,278,288,0.388,0.472,1.216,9,15,,,,,,,0.631,0.433,0.919,1.116,0.953,1.075,,,,Playmaker,0.37,,,1.03,-1.16,Euroleague,2021-22,intl
Kostas Sloukas,447,393,54,19,32,59.4,282,54.8,4.6,126,51.6,-6.1,48,39.6,58.1,-18.5,0,,0,,,,0.898,0.699,1.155,,,,,,,0.711,243,253,0.321,0.368,1.145,5,10,,,,,,,0.892,0.581,1.371,1.065,1.191,0.981,,,,Playmaker,-0.7,,,0.33,-0.33,Euroleague,2021-22,intl
Wade Baldwin Iv,407,326,81,25,17,55.9,322,50.8,5.1,92,57.6,9.0,42,39.3,52.7,-13.4,0,,0,,,,1.006,0.859,1.179,,,,,,,0.81,234,241,0.44,0.332,0.754,16,8,,,,,,,0.835,0.6,1.162,1.126,0.963,1.013,,,,Playmaker,-0.11,,,0.99,-0.51,Euroleague,2021-22,intl
Maodo Lo,404,353,51,17,22,45.5,287,59.1,-13.6,79,58.2,0.2,30,51.7,58.8,-7.1,0,,0,,,,1.163,0.999,1.355,,,,,,,0.75,239,192,0.364,0.396,1.087,8,7,,,,,,,0.927,0.652,1.318,1.063,1.204,1.129,,,,Wing,0.95,,,0.92,-0.3,Euroleague,2021-22,intl
Chris Jones,393,343,50,18,23,50.0,288,55.4,-5.4,70,61.4,8.3,47,57.4,54.5,2.9,0,,0,,,,0.854,0.681,1.071,,,,,,,0.694,223,209,0.318,0.407,1.277,6,10,,,,,,,0.704,0.445,1.111,1.178,0.928,0.849,,,,Wing,-0.97,,,0.66,-0.89,Euroleague,2021-22,intl
Nikola Mirotic,379,312,67,21,18,72.2,350,67.0,5.2,65,66.2,-1.3,27,48.1,68.8,-20.6,0,,0,,,,1.068,0.978,1.166,,,,,,,0.798,210,216,0.395,0.347,0.879,13,8,,,,,,,1.055,0.848,1.314,1.047,0.997,1.043,,,,Big,0.47,,,1.18,-0.45,Euroleague,2021-22,intl
Nikola Kalinic,377,289,88,25,38,55.3,306,47.4,7.9,96,52.6,6.0,52,44.2,49.0,-4.7,0,,0,,,,1.044,0.919,1.187,,,,,,,0.88,215,235,0.456,0.409,0.896,14,10,,,,,,,1.017,0.759,1.362,1.016,1.108,1.009,,,,Wing,0.21,,,1.53,-0.06,Euroleague,2021-22,intl
Lukas Lekavicius,370,325,45,18,17,41.2,245,50.2,-9.0,74,44.6,-7.0,36,30.6,52.7,-22.1,0,,0,,,,1.103,0.891,1.366,,,,,,,0.625,198,210,0.354,0.367,1.037,6,10,,,,,,,0.81,0.508,1.291,1.012,1.19,1.101,,,,Playmaker,0.41,,,-0.24,-0.59,Euroleague,2021-22,intl
Sasha Vezenkov,368,307,61,24,14,39.3,339,62.4,-23.1,81,58.0,-4.5,44,39.8,64.6,-24.8,0,,0,,,,1.105,1.01,1.21,,,,,,,0.635,185,227,0.411,0.396,0.965,9,15,,,,,,,1.171,0.935,1.466,0.946,1.18,1.117,,,,Wing,0.59,,,0.38,0.35,Euroleague,2021-22,intl
Nick Calathes,366,337,29,8,13,46.2,176,54.5,-8.4,42,47.6,-8.2,26,34.6,57.1,-22.4,0,,0,,,,0.927,0.61,1.409,,,,,,,0.906,207,179,0.256,0.246,0.96,6,2,,,,,,,0.917,0.5,1.683,1.231,1.484,0.9,,,,Playmaker,-0.54,,,1.63,-0.25,Euroleague,2021-22,intl
Tyler Dorsey,364,279,85,28,25,56.0,350,53.9,2.1,75,61.3,9.2,36,38.9,55.6,-16.7,0,,0,,,,0.979,0.868,1.104,,,,,,,0.759,226,229,0.469,0.45,0.959,18,14,,,,,,,1.087,0.831,1.421,1.009,1.052,0.983,,,,Wing,-0.19,,,0.96,0.13,Euroleague,2021-22,intl
Lorenzo Brown,360,312,48,13,23,34.8,237,56.1,-21.3,63,53.2,-1.4,47,41.5,57.0,-15.6,0,,0,,,,1.049,0.836,1.317,,,,,,,0.923,199,210,0.302,0.348,1.153,7,6,,,,,,,1.126,0.81,1.565,1.171,1.199,1.106,,,,Playmaker,0.12,,,1.74,0.41,Euroleague,2021-22,intl
Nate Wolters,360,306,54,17,29,36.2,255,57.1,-20.9,80,48.8,-8.6,41,51.2,55.6,-4.3,0,,0,,,,1.265,1.105,1.45,,,,,,,0.794,196,205,0.347,0.361,1.04,10,8,,,,,,,1.088,0.818,1.448,1.248,1.168,1.188,,,,Playmaker,1.29,,,0.89,0.29,Euroleague,2021-22,intl
Sergio Rodriguez,357,306,51,17,12,29.2,226,52.7,-23.5,64,40.6,-14.8,32,48.4,51.9,-3.5,0,,0,,,,1.172,0.944,1.457,,,,,,,0.75,187,206,0.299,0.408,1.362,5,11,,,,,,,0.907,0.588,1.399,1.168,1.246,1.209,,,,Playmaker,0.79,,,0.59,-0.29,Euroleague,2021-22,intl
Daryl Macon Jr,356,299,57,17,14,53.6,280,51.6,2.0,97,56.2,6.7,41,34.1,54.5,-20.4,0,,0,,,,1.126,0.959,1.322,,,,,,,0.838,194,215,0.423,0.391,0.924,10,9,,,,,,,0.843,0.564,1.258,0.967,1.043,1.171,,,,Wing,0.72,,,1.34,-0.52,Euroleague,2021-22,intl
Elie Okobo,353,289,64,20,18,80.6,294,51.2,29.4,92,59.8,9.8,43,43.0,54.5,-11.4,0,,0,,,,0.996,0.847,1.172,,,,,,,0.8,211,210,0.408,0.39,0.958,11,8,,,,,,,0.898,0.636,1.268,0.984,0.953,0.967,,,,Playmaker,-0.17,,,0.93,-0.31,Euroleague,2021-22,intl
Nicolas Laprovittola,348,305,43,17,12,41.7,246,62.8,-21.1,66,57.6,-5.7,39,48.7,64.2,-15.4,0,,0,,,,0.839,0.635,1.107,,,,,,,0.632,186,196,0.355,0.352,0.992,8,7,,,,,,,1.161,0.806,1.672,1.171,1.006,0.966,,,,Playmaker,-1.02,,,-0.19,0.52,Euroleague,2021-22,intl
James Nunnally,348,282,66,25,11,45.5,300,55.8,-10.4,82,56.1,0.9,47,42.6,57.8,-15.2,0,,0,,,,0.949,0.808,1.116,,,,,,,0.66,199,203,0.397,0.443,1.117,8,14,,,,,,,0.908,0.65,1.269,1.084,1.065,0.952,,,,Wing,-0.38,,,0.5,-0.35,Euroleague,2021-22,intl
Devon Hall,339,280,59,21,18,47.2,280,52.3,-5.1,74,47.3,-6.3,65,47.7,53.2,-5.5,0,,0,,,,1.072,0.94,1.222,,,,,,,0.702,193,189,0.472,0.413,0.875,9,10,,,,,,,0.903,0.635,1.284,1.031,0.786,1.003,,,,Wing,0.38,,,0.69,-0.36,Euroleague,2021-22,intl
Sergio Llull,335,253,82,30,24,45.8,295,41.9,4.0,104,36.1,-9.1,48,44.8,41.7,3.1,0,,0,,,,1.0,0.856,1.168,,,,,,,0.683,222,203,0.45,0.562,1.247,13,16,,,,,,,1.075,0.74,1.561,0.907,1.08,1.055,,,,Wing,-0.06,,,0.6,0.1,Euroleague,2021-22,intl
Guerschon Yabusele,328,259,69,24,17,50.0,300,59.0,-9.0,58,56.0,-3.0,32,45.3,60.0,-14.7,0,,0,,,,0.943,0.833,1.067,,,,,,,0.719,184,187,0.446,0.406,0.912,12,7,,,,,,,0.987,0.745,1.308,0.85,0.995,0.953,,,,Wing,-0.42,,,0.77,-0.14,Euroleague,2021-22,intl
Jayson Granger,317,274,43,16,7,57.1,211,42.7,14.5,51,50.0,9.0,47,27.7,47.4,-19.7,0,,0,,,,1.056,0.822,1.355,,,,,,,0.672,187,162,0.385,0.444,1.154,8,7,,,,,,,0.716,0.367,1.399,1.256,1.194,1.139,,,,Playmaker,0.16,,,0.07,-0.89,Euroleague,2021-22,intl
Simone Fontecchio,312,245,67,21,13,57.7,270,51.5,6.2,68,52.9,1.5,47,44.7,53.2,-8.5,0,,0,,,,1.067,0.93,1.225,,,,,,,0.798,186,171,0.43,0.474,1.101,9,11,,,,,,,0.74,0.5,1.095,1.113,1.028,1.114,,,,Wing,0.35,,,1.15,-0.79,Euroleague,2021-22,intl
Nemanja Nedovic,310,257,53,15,12,62.5,263,55.5,7.0,70,56.4,0.8,19,57.9,55.7,2.2,0,,0,,,,1.117,0.97,1.287,,,,,,,0.883,175,182,0.406,0.445,1.097,5,11,,,,,,,0.582,0.361,0.938,1.016,1.091,1.094,,,,Wing,0.66,,,1.55,-1.21,Euroleague,2021-22,intl
Pierria Henry,307,268,39,14,17,38.2,189,46.8,-8.6,59,41.5,-6.4,39,35.9,48.5,-12.6,0,,0,,,,0.988,0.747,1.307,,,,,,,0.696,152,184,0.309,0.435,1.406,3,11,,,,,,,0.934,0.544,1.606,0.966,0.822,0.989,,,,Playmaker,-0.21,,,0.23,-0.2,Euroleague,2021-22,intl
Rodrigue Beaubois,306,261,45,19,11,90.9,258,54.1,36.8,73,63.7,11.1,21,54.8,55.6,-0.9,0,,0,,,,1.113,0.965,1.284,,,,,,,0.592,187,160,0.422,0.444,1.05,8,6,,,,,,,1.008,0.699,1.455,1.099,1.168,1.034,,,,Playmaker,0.47,,,-0.46,0.04,Euroleague,2021-22,intl
Keenan Evans,305,264,41,14,10,55.0,207,50.5,4.5,58,58.6,10.8,31,41.9,52.2,-10.2,0,,0,,,,0.909,0.692,1.194,,,,,,,0.732,160,171,0.369,0.363,0.983,5,4,,,,,,,0.777,0.453,1.333,1.169,1.285,0.994,,,,Wing,-0.63,,,0.84,-0.69,Euroleague,2021-22,intl
Thomas Heurtel,304,264,40,15,17,58.8,185,50.3,8.6,54,38.9,-16.5,17,14.7,54.3,-39.6,0,,0,,,,1.058,0.815,1.372,,,,,,,0.667,140,188,0.264,0.426,1.61,2,10,,,,,,,1.376,0.954,1.986,1.086,1.023,1.044,,,,Playmaker,0.17,,,0.04,1.21,Euroleague,2021-22,intl
Augustine Rubit,302,262,40,18,14,57.1,259,51.0,6.2,57,48.2,-3.8,55,40.0,54.1,-14.1,0,,0,,,,1.001,0.858,1.166,,,,,,,0.556,186,145,0.414,0.441,1.066,8,3,,,,,,,0.797,0.525,1.209,1.074,1.004,0.94,,,,Wing,-0.06,,,0.0,-0.64,Euroleague,2021-22,intl
Luke Sikma,300,251,49,13,4,25.0,214,51.9,-26.9,42,61.9,13.0,27,37.0,53.4,-16.4,0,,0,,,,1.006,0.804,1.257,,,,,,,0.942,183,146,0.432,0.253,0.587,12,2,,,,,,,1.019,0.697,1.49,0.966,1.04,0.997,,,,Wing,-0.03,,,1.83,-0.05,Euroleague,2021-22,intl
Brandon Davies,298,260,38,14,18,75.0,252,51.4,23.6,72,55.6,3.5,40,45.0,54.3,-9.3,0,,0,,,,1.055,0.921,1.209,,,,,,,0.679,160,165,0.419,0.382,0.912,4,7,,,,,,,0.831,0.561,1.232,0.942,1.14,1.036,,,,Wing,0.28,,,0.59,-0.55,Euroleague,2021-22,intl
Dwayne Bacon,298,227,71,24,23,65.2,312,50.3,14.9,95,47.9,-4.8,44,40.9,52.9,-12.0,0,,0,,,,1.009,0.929,1.095,,,,,,,0.74,178,188,0.494,0.516,1.044,13,14,,,,,,,0.91,0.671,1.234,0.991,1.044,1.011,,,,Wing,-0.01,,,0.87,-0.34,Euroleague,2021-22,intl
Alpha Diallo,290,259,31,15,15,46.7,228,55.3,-8.6,75,47.3,-10.7,27,29.6,57.9,-28.2,0,,0,,,,0.998,0.816,1.22,,,,,,,0.517,155,154,0.355,0.442,1.244,5,7,,,,,,,0.948,0.622,1.444,1.075,0.764,0.996,,,,Wing,-0.08,,,-0.18,-0.24,Euroleague,2021-22,intl
Jordan Loyd,287,237,50,17,15,43.3,226,51.1,-7.8,76,46.7,-5.7,31,40.3,52.1,-11.8,0,,0,,,,1.016,0.839,1.23,,,,,,,0.735,160,169,0.381,0.444,1.164,7,12,,,,,,,0.817,0.526,1.267,0.931,1.132,1.041,,,,Wing,0.04,,,0.85,-0.59,Euroleague,2021-22,intl
Thomas Walkup,287,255,32,15,6,25.0,196,49.7,-24.7,30,38.3,-12.5,38,31.6,53.0,-21.5,0,,0,,,,1.027,0.786,1.341,,,,,,,0.533,153,155,0.353,0.413,1.17,5,8,,,,,,,0.944,0.56,1.591,1.219,1.118,1.011,,,,Playmaker,0.0,,,-0.85,-0.17,Euroleague,2021-22,intl
Jaleen Smith,286,207,79,24,7,64.3,269,44.1,20.2,73,52.7,11.1,38,50.0,43.7,6.3,0,,0,,,,1.072,0.935,1.229,,,,,,,0.823,170,185,0.529,0.465,0.878,13,11,,,,,,,0.986,0.671,1.45,1.056,1.004,1.067,,,,Wing,0.38,,,1.27,-0.14,Euroleague,2021-22,intl
Malcolm Delaney,282,233,49,21,15,43.3,218,46.3,-3.0,59,42.4,-5.0,29,37.9,47.3,-9.4,0,,0,,,,0.902,0.732,1.111,,,,,,,0.583,163,152,0.429,0.493,1.149,5,9,,,,,,,0.641,0.358,1.149,1.134,0.953,0.858,,,,Wing,-0.67,,,0.13,-1.06,Euroleague,2021-22,intl
Tibor Pleiss,281,248,33,13,13,73.1,268,60.4,12.6,51,59.8,-1.5,25,56.0,61.5,-5.5,0,,0,,,,1.022,0.93,1.123,,,,,,,0.635,176,128,0.392,0.406,1.036,7,3,,,,,,,0.782,0.536,1.141,0.985,1.085,1.007,,,,Big,0.23,,,0.42,-1.08,Euroleague,2021-22,intl
Shavon Shields,274,202,72,22,16,68.8,247,49.0,19.8,80,58.8,12.3,51,44.1,51.7,-7.5,0,,0,,,,1.043,0.895,1.215,,,,,,,0.818,171,166,0.433,0.446,1.03,10,12,,,,,,,0.884,0.62,1.261,0.982,1.136,1.125,,,,Wing,0.2,,,1.24,-0.41,Euroleague,2021-22,intl
Deshaun Thomas,274,217,57,21,12,45.8,272,54.2,-8.4,71,51.4,-3.3,35,38.6,56.0,-17.5,0,,0,,,,0.986,0.893,1.088,,,,,,,0.679,152,158,0.533,0.449,0.843,10,8,,,,,,,1.057,0.779,1.435,0.975,1.106,1.006,,,,Wing,-0.15,,,0.59,0.05,Euroleague,2021-22,intl
Vladimir Lucic,271,213,58,24,15,50.0,252,51.8,-1.8,67,38.1,-18.2,49,52.0,51.6,0.4,0,,0,,,,1.011,0.892,1.146,,,,,,,0.604,151,167,0.437,0.521,1.192,8,10,,,,,,,0.908,0.634,1.3,1.097,0.94,0.976,,,,Wing,0.01,,,0.23,-0.35,Euroleague,2021-22,intl
Donatas Motiejunas,267,230,37,18,7,14.3,267,61.8,-47.5,43,60.5,-0.1,32,62.5,60.3,2.2,0,,0,,,,0.963,0.856,1.084,,,,,,,0.514,176,120,0.364,0.442,1.215,7,5,,,,,,,1.271,1.017,1.587,0.95,1.084,0.957,,,,Big,-0.08,,,-0.15,0.06,Euroleague,2021-22,intl
Mario Hezonja,265,184,81,26,18,55.6,275,52.2,3.4,84,48.8,-5.0,39,44.9,53.5,-8.7,0,,0,,,,0.984,0.879,1.101,,,,,,,0.779,155,184,0.471,0.484,1.027,12,15,,,,,,,1.077,0.812,1.43,1.083,1.073,0.989,,,,Wing,-0.16,,,1.06,0.1,Euroleague,2021-22,intl
Paris Lee,265,213,52,17,8,112.5,203,48.5,64.0,53,56.6,7.6,34,36.8,53.7,-16.9,0,,0,,,,0.808,0.631,1.036,,,,,,,0.765,152,154,0.428,0.403,0.941,10,6,,,,,,,1.287,0.876,1.89,0.945,0.716,0.852,,,,Playmaker,-1.19,,,0.69,0.93,Euroleague,2021-22,intl
Alexey Shved,261,210,51,15,4,62.5,230,48.3,14.2,60,44.2,-5.8,29,36.2,50.2,-14.0,0,,0,,,,0.988,0.812,1.203,,,,,,,0.85,167,151,0.413,0.477,1.154,9,9,,,,,,,0.919,0.601,1.405,1.229,1.168,0.974,,,,Playmaker,-0.21,,,1.26,-0.25,Euroleague,2021-22,intl
Ioannis Papapetrou,260,207,53,20,13,46.2,235,46.6,-0.4,58,38.8,-10.2,38,42.1,47.4,-5.3,0,,0,,,,1.013,0.86,1.194,,,,,,,0.662,168,146,0.423,0.514,1.216,7,11,,,,,,,0.822,0.542,1.247,1.07,1.089,1.027,,,,Wing,0.02,,,0.5,-0.58,Euroleague,2021-22,intl
Rokas Jokubaitis,260,232,28,7,9,72.2,174,62.6,9.6,49,67.3,5.8,24,33.3,67.6,-34.3,0,,0,,,,0.927,0.678,1.266,,,,,,,1.0,150,126,0.313,0.262,0.836,5,1,,,,,,,1.336,0.992,1.799,1.115,0.746,0.965,,,,Wing,-0.52,,,2.1,0.79,Euroleague,2021-22,intl
Jalen Reynolds,258,212,46,20,1,100.0,256,52.1,47.9,53,50.9,-1.8,30,43.3,53.5,-10.2,0,,0,,,,0.956,0.838,1.09,,,,,,,0.575,150,138,0.44,0.42,0.955,7,6,,,,,,,1.02,0.752,1.382,1.074,0.977,0.985,,,,Wing,-0.34,,,0.09,-0.05,Euroleague,2021-22,intl
Marko Guduric,256,204,52,17,13,30.8,204,56.4,-25.6,64,56.2,2.0,31,41.9,57.0,-15.1,0,,0,,,,1.121,0.941,1.336,,,,,,,0.765,122,180,0.443,0.372,0.841,5,10,,,,,,,1.203,0.862,1.679,1.176,1.073,1.089,,,,Wing,0.69,,,0.99,0.44,Euroleague,2021-22,intl
Derrick Williams,254,199,55,24,8,56.2,249,51.6,4.6,62,62.9,14.7,33,42.4,53.1,-10.7,0,,0,,,,1.127,1.032,1.23,,,,,,,0.573,147,147,0.456,0.531,1.164,8,11,,,,,,,0.991,0.718,1.369,1.128,0.919,1.1,,,,Wing,0.73,,,0.08,-0.13,Euroleague,2021-22,intl
Walter Tavares,253,240,13,6,8,62.5,217,69.1,-6.6,30,76.7,9.0,23,60.9,69.8,-8.9,0,,0,,,,0.991,0.781,1.256,,,,,,,0.542,147,115,0.293,0.235,0.803,2,2,,,,,,,0.906,0.574,1.429,1.193,1.022,1.021,,,,,,,,,,Euroleague,2021-22,intl
Adrien Moerman,252,222,30,17,17,61.8,230,60.4,1.3,61,68.0,10.0,21,57.1,60.8,-3.7,0,,0,,,,0.879,0.732,1.056,,,,,,,0.441,136,137,0.493,0.438,0.889,4,4,,,,,,,1.042,0.705,1.541,0.923,1.11,0.899,,,,Wing,-0.82,,,-0.54,0.01,Euroleague,2021-22,intl
Edgaras Ulanovas,251,214,37,18,14,32.1,188,51.6,-19.5,65,53.8,5.3,34,50.0,50.3,-0.3,0,,0,,,,1.141,0.942,1.382,,,,,,,0.514,141,136,0.376,0.441,1.174,4,9,,,,,,,1.086,0.735,1.605,1.246,1.166,1.197,,,,Wing,0.81,,,-0.19,0.13,Euroleague,2021-22,intl
Kostas Papanikolaou,243,201,42,18,1,0.0,210,51.9,-51.9,25,64.0,14.0,42,40.5,54.4,-14.0,0,,0,,,,0.909,0.741,1.115,,,,,,,0.583,141,129,0.433,0.496,1.147,6,4,,,,,,,0.992,0.635,1.55,1.07,0.921,0.892,,,,Wing,-0.63,,,0.13,-0.12,Euroleague,2021-22,intl
Tyler Cavanaugh,242,181,61,18,19,73.7,222,53.8,19.9,67,61.9,9.1,43,43.0,58.1,-15.1,0,,0,,,,0.839,0.705,0.999,,,,,,,0.847,149,142,0.483,0.408,0.845,12,6,,,,,,,0.93,0.65,1.33,0.976,0.77,0.901,,,,Wing,-1.06,,,1.38,-0.29,Euroleague,2021-22,intl
Rokas Giedraitis,242,187,55,20,3,83.3,239,56.1,27.3,62,60.5,5.5,24,52.1,56.9,-4.8,0,,0,,,,0.996,0.872,1.137,,,,,,,0.688,143,140,0.503,0.421,0.837,8,7,,,,,,,1.185,0.865,1.623,0.941,1.007,1.022,,,,Wing,-0.09,,,0.63,0.39,Euroleague,2021-22,intl
Ognjen Dobric,240,178,62,20,17,44.1,248,49.6,-5.5,65,45.4,-5.1,39,66.7,46.2,20.4,0,,0,,,,0.994,0.89,1.11,,,,,,,0.775,160,139,0.5,0.554,1.108,11,10,,,,,,,1.182,0.855,1.633,1.04,1.011,0.991,,,,Wing,-0.1,,,1.04,0.38,Euroleague,2021-22,intl
Kyle Hines,240,221,19,7,2,50.0,184,63.3,-13.3,36,61.1,-2.6,31,59.7,63.9,-4.2,0,,0,,,,1.07,0.838,1.368,,,,,,,0.679,127,122,0.299,0.254,0.849,3,0,,,,,,,0.914,0.596,1.402,1.098,0.959,1.033,,,,Wing,0.37,,,0.59,-0.33,Euroleague,2021-22,intl
Ante Zizic,240,222,18,8,5,60.0,229,66.8,-6.8,51,58.8,-10.0,18,55.6,67.6,-12.0,0,,0,,,,1.028,0.913,1.157,,,,,,,0.562,144,110,0.312,0.3,0.96,4,3,,,,,,,1.036,0.752,1.428,1.072,1.088,0.985,,,,Big,0.26,,,0.07,-0.49,Euroleague,2021-22,intl
Jan Vesely,239,215,24,7,12,66.7,184,62.2,4.4,43,69.8,9.3,23,50.0,64.2,-14.2,0,,0,,,,0.923,0.707,1.206,,,,,,,0.857,151,105,0.311,0.267,0.857,4,2,,,,,,,1.213,0.909,1.619,1.033,0.644,0.963,,,,Big,-0.29,,,1.46,-0.08,Euroleague,2021-22,intl
Howard Sant-Roos,233,185,48,14,5,30.0,187,46.5,-16.5,45,61.1,19.6,31,30.6,49.1,-18.4,0,,0,,,,0.92,0.739,1.146,,,,,,,0.857,132,133,0.447,0.414,0.925,6,3,,,,,,,1.185,0.776,1.811,1.034,0.682,0.911,,,,Wing,-0.56,,,1.43,0.39,Euroleague,2021-22,intl
Rudy Fernandez,232,184,48,16,15,46.7,182,49.5,-2.8,80,49.4,0.2,34,35.3,52.1,-16.9,0,,0,,,,1.079,0.911,1.278,,,,,,,0.75,137,123,0.474,0.504,1.062,9,3,,,,,,,0.888,0.544,1.449,1.246,0.98,1.086,,,,Wing,0.43,,,0.92,-0.4,Euroleague,2021-22,intl
John Brown,231,193,38,15,12,33.3,211,49.8,-16.4,41,41.5,-9.1,23,26.1,51.5,-25.4,0,,0,,,,1.01,0.881,1.157,,,,,,,0.633,138,118,0.435,0.466,1.072,5,4,,,,,,,0.791,0.519,1.207,0.958,1.083,1.013,,,,Big,0.17,,,0.41,-1.06,Euroleague,2021-22,intl
Steven Enoch,230,194,36,14,3,0.0,219,57.8,-57.8,39,57.7,0.9,29,65.5,55.7,9.8,0,,0,,,,0.997,0.879,1.13,,,,,,,0.643,148,99,0.392,0.424,1.083,6,3,,,,,,,0.945,0.68,1.313,1.014,1.117,1.006,,,,Big,0.1,,,0.45,-0.7,Euroleague,2021-22,intl
Devin Booker,230,218,12,6,6,50.0,186,60.8,-10.8,33,53.0,-8.9,18,58.3,60.6,-2.3,0,,0,,,,0.924,0.662,1.289,,,,,,,0.5,142,94,0.338,0.372,1.102,3,2,,,,,,,1.146,0.71,1.849,0.653,0.82,0.924,,,,Wing,-0.54,,,-0.26,0.28,Euroleague,2021-22,intl
Othello Hunter,228,208,20,8,11,63.6,186,57.0,6.6,56,67.0,13.4,24,43.8,59.2,-15.5,0,,0,,,,1.095,0.934,1.284,,,,,,,0.625,128,109,0.406,0.321,0.79,4,0,,,,,,,1.3,0.947,1.784,0.957,1.208,1.101,,,,Wing,0.53,,,0.33,0.69,Euroleague,2021-22,intl
Nick Weiler-Babb,226,203,23,9,5,100.0,152,47.0,53.0,38,61.8,17.3,35,50.0,48.4,1.6,0,,0,,,,0.85,0.586,1.232,,,,,,,0.639,121,116,0.405,0.353,0.873,4,3,,,,,,,1.408,0.88,2.254,1.012,0.865,0.842,,,,Wing,-1.0,,,0.4,0.98,Euroleague,2021-22,intl
Nando De Colo,225,196,29,8,9,33.3,169,55.9,-22.6,48,62.5,10.6,24,43.8,56.5,-12.7,0,,0,,,,1.014,0.796,1.291,,,,,,,0.906,129,116,0.388,0.371,0.956,5,4,,,,,,,0.952,0.59,1.536,1.186,0.797,1.018,,,,Wing,0.02,,,1.66,-0.23,Euroleague,2021-22,intl
Billy Baron,225,178,47,15,11,45.5,182,54.1,-8.7,61,61.5,11.5,54,50.9,54.7,-3.8,0,,0,,,,1.224,1.071,1.398,,,,,,,0.783,126,122,0.444,0.484,1.088,4,7,,,,,,,0.995,0.666,1.486,1.192,1.214,1.238,,,,Playmaker,1.07,,,0.81,-0.01,Euroleague,2021-22,intl
Oscar Da Silva,224,194,30,11,10,85.0,207,56.8,28.2,57,64.0,8.1,21,45.2,59.4,-14.2,0,,0,,,,1.033,0.906,1.178,,,,,,,0.682,112,134,0.411,0.373,0.909,6,2,,,,,,,1.12,0.815,1.54,0.861,0.754,1.023,,,,Wing,0.14,,,0.6,0.22,Euroleague,2021-22,intl
Shaquielle Mckissic,223,196,27,8,14,28.6,170,54.4,-25.8,71,50.7,-2.8,34,51.5,52.7,-1.2,0,,0,,,,1.101,0.904,1.343,,,,,,,0.844,127,115,0.409,0.417,1.019,3,3,,,,,,,0.835,0.492,1.418,0.959,0.973,1.122,,,,Wing,0.56,,,1.36,-0.54,Euroleague,2021-22,intl
Nicolo Melli,223,194,29,13,9,33.3,188,51.1,-17.7,41,46.3,-4.9,45,33.3,55.3,-21.9,0,,0,,,,0.878,0.695,1.109,,,,,,,0.558,118,123,0.407,0.463,1.139,3,7,,,,,,,0.448,0.206,0.977,0.829,0.871,0.92,,,,Wing,-0.82,,,0.01,-1.57,Euroleague,2021-22,intl
Georgios Papagiannis,221,200,21,8,5,100.0,205,63.4,36.6,48,77.1,16.6,21,38.1,67.2,-29.1,0,,0,,,,1.088,0.976,1.214,,,,,,,0.656,106,130,0.311,0.323,1.038,1,5,,,,,,,0.897,0.618,1.303,0.961,1.128,1.101,,,,,,,,,,Euroleague,2021-22,intl
Will Thomas,220,204,16,6,13,76.9,173,62.4,14.5,55,71.8,11.9,39,55.1,65.6,-10.5,0,,0,,,,1.075,0.883,1.309,,,,,,,0.667,111,115,0.342,0.348,1.016,4,1,,,,,,,0.704,0.38,1.306,1.089,1.016,1.075,,,,Wing,0.4,,,0.53,-0.89,Euroleague,2021-22,intl
Tamir Blatt,216,194,22,11,0,,126,52.4,,37,45.9,-9.1,11,50.0,52.6,-2.6,0,,0,,,,0.672,0.381,1.185,,,,,,,0.5,104,125,0.327,0.352,1.077,3,4,,,,,,,1.875,1.179,2.981,1.411,,0.77,,,,Playmaker,-1.93,,,-1.07,2.8,Euroleague,2021-22,intl
Krunoslav Simon,216,184,32,14,7,21.4,161,48.8,-27.3,38,31.6,-20.7,31,41.9,48.9,-7.0,0,,0,,,,1.334,1.149,1.549,,,,,,,0.571,128,107,0.375,0.467,1.246,5,8,,,,,,,0.817,0.495,1.351,1.194,1.246,1.185,,,,Wing,2.01,,,0.08,-0.59,Euroleague,2021-22,intl
Will Clyburn,215,157,58,18,29,39.7,219,46.8,-7.1,78,44.9,-1.6,36,37.5,47.4,-9.9,0,,0,,,,1.063,0.96,1.176,,,,,,,0.806,133,154,0.549,0.506,0.923,9,10,,,,,,,0.919,0.635,1.33,1.027,0.997,1.005,,,,Wing,0.33,,,1.19,-0.32,Euroleague,2021-22,intl
Ognjen Jaramaz,214,177,37,15,6,91.7,195,49.5,42.2,53,57.5,9.2,51,37.3,55.3,-18.1,0,,0,,,,0.95,0.792,1.14,,,,,,,0.617,117,126,0.513,0.452,0.882,6,6,,,,,,,0.647,0.367,1.143,0.955,1.073,0.965,,,,Wing,-0.37,,,0.29,-1.04,Euroleague,2021-22,intl
Nigel Williams-Goss,212,181,31,13,3,0.0,159,45.6,-45.6,36,37.5,-9.3,16,37.5,45.5,-8.0,0,,0,,,,1.11,0.88,1.399,,,,,,,0.596,128,107,0.398,0.439,1.102,4,5,,,,,,,1.135,0.706,1.825,1.117,0.995,1.074,,,,Playmaker,0.45,,,-0.43,0.44,Euroleague,2021-22,intl
Moustapha Fall,212,208,4,2,11,63.6,164,70.7,-7.1,23,60.9,-10.8,17,70.6,70.3,0.3,0,,0,,,,1.246,,,,,,,,,0.5,111,105,0.225,0.257,1.142,1,0,,,,,,,1.053,0.593,1.868,0.992,1.241,1.246,,,,Big,1.4,,,-0.22,-0.45,Euroleague,2021-22,intl
Matthew Costello,212,193,19,12,4,62.5,182,56.0,6.5,34,47.1,-11.2,20,45.0,57.5,-12.5,0,,0,,,,0.883,0.67,1.164,,,,,,,0.396,117,109,0.368,0.45,1.223,1,7,,,,,,,0.646,0.316,1.323,1.126,0.909,0.799,,,,,,,,,,Euroleague,2021-22,intl
Isaiah Canaan,211,160,51,16,20,60.0,207,52.9,7.1,82,56.7,5.0,34,57.4,52.8,4.5,0,,0,,,,1.085,0.968,1.216,,,,,,,0.797,106,154,0.528,0.506,0.959,8,9,,,,,,,0.78,0.514,1.185,1.136,1.018,1.083,,,,Playmaker,0.32,,,0.91,-0.69,Euroleague,2021-22,intl
Dyshawn Pierre,210,168,42,13,13,65.4,176,51.4,14.0,39,55.1,3.5,30,21.7,58.2,-36.5,0,,0,,,,1.062,0.897,1.259,,,,,,,0.808,125,115,0.4,0.435,1.087,6,4,,,,,,,1.135,0.803,1.606,1.039,1.055,1.081,,,,Wing,0.32,,,1.19,0.26,Euroleague,2021-22,intl
Luka Mitrovic,209,198,11,4,9,66.7,151,58.9,7.7,38,60.5,1.5,22,68.2,58.0,10.2,0,,0,,,,0.986,0.68,1.43,,,,,,,0.688,110,105,0.318,0.286,0.898,2,1,,,,,,,1.485,1.106,1.995,1.099,,1.043,,,,Wing,-0.15,,,0.63,1.18,Euroleague,2021-22,intl
Vincent Poirier,209,191,18,9,6,33.3,176,58.2,-24.9,55,56.4,-1.5,27,40.7,60.3,-19.6,0,,0,,,,0.811,0.581,1.132,,,,,,,0.5,132,90,0.371,0.322,0.868,4,1,,,,,,,0.995,0.606,1.635,0.997,1.229,0.885,,,,Big,-0.87,,,-0.22,-0.59,Euroleague,2021-22,intl
Kyle Kuric,208,174,34,19,11,100.0,198,55.1,44.9,46,66.3,11.4,20,57.5,57.4,0.1,0,,0,,,,0.875,0.732,1.044,,,,,,,0.447,128,108,0.461,0.509,1.105,7,6,,,,,,,1.265,0.888,1.803,0.914,0.845,0.892,,,,Wing,-0.84,,,-0.51,0.6,Euroleague,2021-22,intl
Corey Walden,207,168,39,13,6,91.7,154,57.5,34.2,41,68.3,12.8,21,52.4,59.7,-7.3,0,,0,,,,0.941,0.739,1.199,,,,,,,0.75,112,113,0.402,0.398,0.991,5,5,,,,,,,0.698,0.399,1.22,0.995,0.643,0.927,,,,Playmaker,-0.47,,,0.59,-0.95,Euroleague,2021-22,intl
Nikola Ivanovic,206,180,26,13,8,31.2,159,46.2,-15.0,44,60.2,20.0,26,30.8,48.2,-17.5,0,,0,,,,1.065,0.847,1.339,,,,,,,0.5,112,114,0.446,0.465,1.041,3,6,,,,,,,1.125,0.663,1.908,1.126,0.811,1.049,,,,Playmaker,0.21,,,-1.07,0.41,Euroleague,2021-22,intl
Austin Hollins,203,162,41,15,11,18.2,189,51.6,-33.4,53,46.2,-4.8,33,48.5,50.0,-1.5,0,,0,,,,1.037,0.922,1.165,,,,,,,0.683,111,116,0.477,0.56,1.174,5,8,,,,,,,0.821,0.523,1.287,1.039,0.966,1.036,,,,Wing,0.17,,,0.6,-0.58,Euroleague,2021-22,intl
Achille Polonara,202,167,35,14,17,50.0,171,52.3,-2.3,53,53.8,2.3,25,38.0,54.3,-16.3,0,,0,,,,0.907,0.749,1.098,,,,,,,0.625,106,117,0.519,0.436,0.84,4,5,,,,,,,0.956,0.605,1.51,0.91,0.812,0.893,,,,Wing,-0.64,,,0.33,-0.22,Euroleague,2021-22,intl
Iffe Lundberg,202,173,29,16,6,58.3,180,51.7,6.7,56,56.2,6.2,29,34.5,55.1,-20.6,0,,0,,,,1.101,0.914,1.328,,,,,,,0.453,118,117,0.424,0.453,1.069,6,9,,,,,,,1.223,0.834,1.794,1.153,1.129,1.141,,,,,,,,,,Euroleague,2021-22,intl
Adam Hanga,201,164,37,13,3,0.0,163,50.0,-50.0,27,44.4,-5.6,24,45.8,49.6,-3.8,0,,0,,,,1.006,0.809,1.25,,,,,,,0.712,133,89,0.398,0.472,1.184,5,5,,,,,,,0.773,0.457,1.309,0.973,1.23,1.065,,,,Wing,-0.03,,,0.74,-0.71,Euroleague,2021-22,intl
Fabien Causeur,199,176,23,9,8,68.8,163,61.3,7.4,34,72.1,12.9,18,69.4,60.8,8.7,0,,0,,,,1.031,0.843,1.261,,,,,,,0.639,106,106,0.349,0.462,1.324,3,3,,,,,,,0.702,0.382,1.291,1.021,1.04,1.02,,,,Wing,0.13,,,0.4,-0.89,Euroleague,2021-22,intl
Yovel Zoosman,193,163,30,11,3,50.0,164,55.2,-5.2,42,54.8,-0.4,19,47.4,56.1,-8.7,0,,0,,,,1.095,0.932,1.286,,,,,,,0.682,96,110,0.438,0.464,1.06,3,5,,,,,,,0.8,0.477,1.344,1.125,1.038,1.066,,,,Wing,0.53,,,0.6,-0.63,Euroleague,2021-22,intl
Darrun Hilliard,191,131,60,18,14,25.0,194,56.7,-31.7,56,42.9,-16.0,31,54.8,54.5,0.3,0,,0,,,,1.052,0.934,1.184,,,,,,,0.833,122,119,0.508,0.471,0.926,11,8,,,,,,,1.34,0.982,1.829,1.116,1.148,1.014,,,,Wing,0.26,,,1.31,0.8,Euroleague,2021-22,intl
Elijah Bryant,185,157,28,14,7,71.4,157,51.9,19.5,49,55.1,3.4,23,39.1,55.0,-15.8,0,,0,,,,1.15,0.964,1.373,,,,,,,0.5,87,123,0.437,0.423,0.968,4,4,,,,,,,0.975,0.606,1.569,1.14,1.324,1.191,,,,Wing,0.87,,,-0.26,-0.17,Euroleague,2021-22,intl
Alberto Abalde,185,152,33,12,4,75.0,160,46.6,28.4,36,48.6,1.7,33,43.9,48.1,-4.2,0,,0,,,,1.024,0.84,1.247,,,,,,,0.688,113,94,0.504,0.447,0.886,5,5,,,,,,,0.918,0.54,1.562,1.045,1.002,1.077,,,,Wing,0.09,,,0.63,-0.32,Euroleague,2021-22,intl
Daniel Hackett,185,162,23,10,6,41.7,137,54.0,-12.3,33,50.0,-4.5,17,47.1,54.4,-7.3,0,,0,,,,1.185,0.93,1.509,,,,,,,0.575,98,107,0.367,0.402,1.094,3,5,,,,,,,1.092,0.658,1.811,1.146,0.823,1.193,,,,Playmaker,0.86,,,-0.57,0.3,Euroleague,2021-22,intl
Okaro White,184,154,30,16,9,27.8,175,53.7,-25.9,39,48.7,-4.7,29,39.7,54.8,-15.2,0,,0,,,,1.081,0.964,1.212,,,,,,,0.469,101,106,0.446,0.538,1.207,6,7,,,,,,,1.039,0.689,1.566,1.085,1.141,1.088,,,,Wing,0.44,,,-0.41,0.0,Euroleague,2021-22,intl
Zan Mark Sisko,181,171,10,6,6,33.3,105,49.0,-15.7,21,50.0,2.2,31,37.1,52.5,-15.4,0,,0,,,,0.864,0.459,1.626,,,,,,,0.417,96,93,0.344,0.333,0.97,2,2,,,,,,,1.414,0.667,2.999,1.139,0.425,0.864,,,,,,,,,,Euroleague,2021-22,intl
Bryant Dunston,173,169,4,2,2,100.0,138,71.7,28.3,34,69.1,-4.0,19,52.6,75.2,-22.6,0,,0,,,,0.621,0.233,1.66,,,,,,,0.5,82,93,0.22,0.247,1.127,0,1,,,,,,,1.402,,,0.933,,0.621,,,,Wing,-2.42,,,-0.26,0.96,Euroleague,2021-22,intl
Mantas Kalnietis,172,164,8,4,3,0.0,95,51.1,-51.1,24,41.7,-10.4,10,65.0,47.7,17.3,0,,0,,,,0.676,0.273,1.671,,,,,,,0.5,84,94,0.31,0.34,1.1,1,3,,,,,,,0.778,0.154,3.922,1.222,0.358,0.541,,,,Playmaker,-1.9,,,-1.07,-0.7,Euroleague,2021-22,intl
Donta Hall,172,168,4,2,6,66.7,156,76.9,-10.3,36,80.6,5.2,16,50.0,79.5,-29.5,0,,0,,,,1.084,,,,,,,,,0.5,100,75,0.23,0.2,0.87,1,1,,,,,,,0.64,0.24,1.713,0.994,1.083,1.084,,,,Big,0.55,,,-0.22,-1.41,Euroleague,2021-22,intl
Jordan Mickey,170,134,36,16,4,50.0,171,56.7,-6.7,31,54.8,-2.1,29,41.4,59.6,-18.2,0,,0,,,,0.946,0.821,1.09,,,,,,,0.562,103,89,0.417,0.483,1.157,5,5,,,,,,,0.94,0.645,1.37,0.986,0.992,0.97,,,,Wing,-0.4,,,0.03,-0.26,Euroleague,2021-22,intl
Danilo Andjusic,169,140,29,10,2,0.0,160,53.1,-53.1,38,51.3,-1.5,24,50.0,52.9,-2.9,0,,0,,,,1.006,0.857,1.181,,,,,,,0.725,100,89,0.52,0.472,0.908,5,4,,,,,,,0.857,0.511,1.437,1.097,1.09,1.029,,,,Wing,-0.03,,,0.8,-0.48,Euroleague,2021-22,intl
Sertac Sanli,166,142,24,9,6,83.3,161,52.2,31.2,42,69.0,21.0,16,50.0,53.6,-3.6,0,,0,,,,1.058,0.923,1.213,,,,,,,0.667,102,88,0.48,0.443,0.923,5,5,,,,,,,0.976,0.621,1.534,1.015,1.066,1.053,,,,Big,0.42,,,0.57,-0.63,Euroleague,2021-22,intl
Arturas Milaknis,166,133,33,15,5,30.0,161,60.9,-30.9,45,56.7,-4.5,20,20.0,65.4,-45.4,0,,0,,,,1.016,0.899,1.149,,,,,,,0.55,87,97,0.552,0.485,0.878,3,6,,,,,,,0.921,0.586,1.446,0.97,0.962,1.025,,,,Wing,0.04,,,-0.02,-0.31,Euroleague,2021-22,intl
Josh Nebo,165,151,14,7,4,75.0,154,64.3,10.7,33,66.7,2.7,22,54.5,66.2,-11.6,0,,0,,,,1.11,,,,,,,,,0.5,92,81,0.315,0.333,1.057,3,2,,,,,,,0.94,0.626,1.412,1.058,1.101,1.11,,,,Big,0.69,,,-0.22,-0.71,Euroleague,2021-22,intl
Tornike Shengelia,163,124,39,11,5,60.0,147,51.7,8.3,33,47.0,-6.4,14,39.3,53.3,-14.0,0,,0,,,,1.171,1.014,1.353,,,,,,,0.886,100,92,0.42,0.413,0.983,6,5,,,,,,,1.086,0.738,1.596,1.069,1.029,1.074,,,,Wing,1.0,,,1.56,0.13,Euroleague,2021-22,intl
Johannes Voigtmann,160,148,12,6,8,50.0,113,63.7,-13.7,29,51.7,-14.6,16,62.5,62.9,-0.4,0,,0,,,,1.047,0.744,1.474,,,,,,,0.5,80,86,0.338,0.384,1.137,0,3,,,,,,,1.285,0.782,2.112,1.046,0.454,1.047,,,,Big,0.36,,,-0.22,0.09,Euroleague,2021-22,intl
Ben Lammers,159,132,27,12,7,42.9,149,45.3,-2.4,30,43.3,-2.3,27,29.6,48.4,-18.8,0,,0,,,,0.961,0.812,1.138,,,,,,,0.562,97,79,0.464,0.519,1.119,5,3,,,,,,,0.862,0.523,1.421,1.002,1.002,0.987,,,,Big,-0.09,,,0.07,-0.9,Euroleague,2021-22,intl
James Gist,159,132,27,11,10,60.0,144,49.0,11.0,32,53.1,4.4,24,37.5,51.9,-14.4,0,,0,,,,1.115,1.009,1.233,,,,,,,0.614,99,76,0.556,0.329,0.592,8,2,,,,,,,1.462,1.06,2.015,0.944,1.158,1.052,,,,Wing,0.65,,,0.28,1.12,Euroleague,2021-22,intl
Nigel Hayes-Davis,156,125,31,17,3,33.3,144,40.6,-7.3,32,53.1,16.2,28,35.7,41.6,-5.9,0,,0,,,,0.989,0.833,1.174,,,,,,,0.456,97,78,0.567,0.487,0.859,5,2,,,,,,,1.717,1.155,2.552,1.001,0.731,0.929,,,,Wing,-0.13,,,-0.47,1.8,Euroleague,2021-22,intl
Janis Strelnieks,156,134,22,12,7,57.1,126,49.2,7.9,26,48.1,-1.9,21,23.8,54.5,-30.7,0,,0,,,,1.169,0.963,1.419,,,,,,,0.458,94,79,0.521,0.405,0.777,5,2,,,,,,,1.017,0.571,1.81,1.02,1.336,1.188,,,,Wing,0.99,,,-0.46,-0.06,Euroleague,2021-22,intl
Johannes Thiemann,154,140,14,7,2,0.0,126,52.4,-52.4,27,66.7,19.1,19,50.0,51.8,-1.8,0,,0,,,,1.058,0.791,1.414,,,,,,,0.5,99,69,0.364,0.464,1.275,3,1,,,,,,,0.892,0.454,1.75,1.098,0.828,1.047,,,,Wing,0.3,,,-0.26,-0.39,Euroleague,2021-22,intl
Matthew Strazel,151,137,14,8,3,50.0,102,38.7,11.3,43,36.0,-5.1,17,52.9,36.4,16.6,0,,0,,,,1.048,0.694,1.584,,,,,,,0.438,71,94,0.38,0.489,1.287,2,1,,,,,,,1.556,0.696,3.479,0.878,1.282,1.183,,,,Playmaker,0.12,,,-1.48,1.78,Euroleague,2021-22,intl
Giannoulis Larentzakis,150,128,22,10,6,41.7,122,48.4,-6.7,52,51.9,6.5,18,41.7,49.1,-7.4,0,,0,,,,0.931,0.709,1.222,,,,,,,0.55,83,80,0.47,0.537,1.144,1,3,,,,,,,1.122,0.611,2.059,1.022,0.847,0.922,,,,Wing,-0.49,,,-0.02,0.22,Euroleague,2021-22,intl
Tonye Jekiri,147,143,4,3,6,83.3,116,62.1,21.3,30,73.3,13.6,15,33.3,67.3,-34.0,0,,0,,,,1.243,,,,,,,,,0.333,66,84,0.318,0.286,0.898,1,1,,,,,,,1.597,,,1.146,,1.243,,,,Big,1.38,,,-1.0,0.82,Euroleague,2021-22,intl
Luigi Datome,144,122,22,12,10,70.0,144,53.5,16.5,34,63.2,11.2,19,47.4,55.6,-8.2,0,,0,,,,0.948,0.826,1.087,,,,,,,0.458,92,69,0.554,0.507,0.915,4,3,,,,,,,1.214,0.779,1.892,1.037,0.949,0.965,,,,,,,,,,Euroleague,2021-22,intl
Marco Spissu,142,140,2,2,0,,82,68.9,,32,59.4,-15.6,11,118.2,61.3,56.9,0,,0,,,,0.886,0.22,3.57,,,,,,,0.25,70,74,0.243,0.297,1.224,1,0,,,,,,,1.881,,,0.943,,0.886,,,,Playmaker,-0.76,,,-2.73,2.82,Euroleague,2021-22,intl
Rolands Smits,141,127,14,10,3,0.0,127,52.8,-52.8,35,60.0,11.6,18,41.7,53.1,-11.5,0,,0,,,,0.825,0.588,1.157,,,,,,,0.35,73,78,0.493,0.41,0.832,1,2,,,,,,,1.66,1.152,2.393,0.997,0.579,0.825,,,,Big,-0.8,,,-0.92,0.97,Euroleague,2021-22,intl
Paul Lacombe,139,120,19,8,4,75.0,117,52.1,22.9,36,54.2,1.8,15,50.0,53.3,-3.3,0,,0,,,,0.883,0.641,1.216,,,,,,,0.594,64,93,0.391,0.387,0.991,3,4,,,,,,,0.858,0.463,1.59,1.022,0.777,0.929,,,,Wing,-0.79,,,0.18,-0.48,Euroleague,2021-22,intl
Dylan Osetkowski,139,114,25,17,2,0.0,144,43.8,-43.8,26,42.3,-1.0,18,44.4,43.0,1.5,0,,0,,,,1.018,0.894,1.16,,,,,,,0.368,86,73,0.558,0.616,1.104,5,4,,,,,,,0.729,0.377,1.409,1.003,1.013,1.026,,,,Wing,0.05,,,-0.88,-0.82,Euroleague,2021-22,intl
Mateusz Ponitka,136,127,9,5,1,0.0,86,45.9,-45.9,20,42.5,-3.8,15,23.3,50.0,-26.7,0,,0,,,,0.941,0.515,1.718,,,,,,,0.45,74,70,0.365,0.343,0.94,2,1,,,,,,,1.452,0.676,3.119,1.154,1.687,0.924,,,,Wing,-0.43,,,-0.5,1.1,Euroleague,2021-22,intl
Alex Poythress,136,134,2,3,4,75.0,109,62.4,12.6,30,66.7,5.2,13,46.2,65.0,-18.8,0,,0,,,,1.241,,,,,,,,,0.167,75,64,0.293,0.312,1.065,1,1,,,,,,,0.771,0.192,3.106,1.129,,1.241,,,,Wing,1.44,,,-1.83,-0.71,Euroleague,2021-22,intl
Chris Singleton,135,122,13,13,5,0.0,129,42.2,-42.2,42,51.2,15.3,21,28.6,42.9,-14.3,0,,0,,,,1.024,0.866,1.21,,,,,,,0.25,71,77,0.662,0.519,0.785,2,1,,,,,,,1.645,0.958,2.825,1.032,0.827,1.024,,,,Wing,0.09,,,-1.44,1.61,Euroleague,2021-22,intl
Tadas Sedekerskis,134,122,12,7,1,100.0,102,58.3,41.7,26,67.3,11.5,15,46.7,60.8,-14.1,0,,0,,,,1.452,,,,,,,,,0.429,65,76,0.354,0.368,1.041,2,3,,,,,,,0.933,0.512,1.7,1.37,1.392,1.452,,,,Wing,2.75,,,-0.6,-0.28,Euroleague,2021-22,intl
Niels Giffey,134,116,18,10,6,25.0,117,52.6,-27.6,30,53.3,2.8,17,44.1,52.4,-8.2,0,,0,,,,1.063,0.886,1.275,,,,,,,0.45,72,73,0.5,0.466,0.932,1,2,,,,,,,0.943,0.52,1.71,1.051,0.988,1.07,,,,Wing,0.33,,,-0.5,-0.25,Euroleague,2021-22,intl
Leo Westermann,133,114,19,8,15,36.7,76,46.7,-10.0,32,43.8,-2.0,17,26.5,49.3,-22.9,0,,0,,,,1.147,0.816,1.613,,,,,,,0.594,73,70,0.384,0.443,1.155,2,4,,,,,,,0.747,0.315,1.772,1.103,1.062,1.197,,,,Wing,0.85,,,0.18,-0.77,Euroleague,2021-22,intl
Ognjen Kuzmic,133,125,8,8,1,100.0,126,56.3,43.7,14,35.7,-23.6,9,44.4,57.6,-13.2,0,,0,,,,1.116,,,,,,,,,0.25,86,55,0.43,0.327,0.761,3,1,,,,,,,0.609,0.246,1.507,0.945,1.116,1.116,,,,,,,,,,Euroleague,2021-22,intl
Angelo Caloiaro,132,126,6,4,0,,92,50.5,,19,60.5,12.6,12,33.3,53.1,-19.8,0,,0,,,,1.265,0.866,1.849,,,,,,,0.375,61,75,0.344,0.413,1.201,1,2,,,,,,,0.874,0.291,2.621,1.102,1.489,1.265,,,,Wing,1.58,,,-0.85,-0.44,Euroleague,2021-22,intl
Dante Liman Exum,132,125,7,6,3,66.7,94,57.4,9.2,32,51.6,-9.2,18,58.3,57.6,0.7,0,,0,,,,1.261,0.91,1.745,,,,,,,0.292,65,73,0.338,0.342,1.012,1,0,,,,,,,0.904,0.397,2.059,1.055,1.436,1.261,,,,,,,,,,Euroleague,2021-22,intl
Marek Blazevic,129,126,3,3,1,0.0,107,54.2,-54.2,21,28.6,-31.2,19,42.1,56.2,-14.1,0,,0,,,,1.235,,,,,,,,,0.25,72,60,0.361,0.4,1.108,2,1,,,,,,,1.214,0.535,2.755,1.16,,1.235,,,,Big,1.34,,,-1.39,-0.08,Euroleague,2021-22,intl
Dejan Davidovac,127,115,12,7,4,100.0,102,51.5,48.5,31,62.9,13.6,17,52.9,53.4,-0.4,0,,0,,,,1.065,0.812,1.396,,,,,,,0.429,57,78,0.421,0.449,1.066,1,0,,,,,,,1.098,0.567,2.123,0.99,1.269,0.983,,,,Wing,0.34,,,-0.6,0.16,Euroleague,2021-22,intl
John Dibartolomeo,126,102,24,9,6,41.7,97,47.9,-6.3,38,46.1,-2.4,23,28.3,53.1,-24.9,0,,0,,,,1.133,0.915,1.403,,,,,,,0.667,67,69,0.478,0.493,1.032,3,4,,,,,,,0.605,0.27,1.354,0.979,0.981,1.142,,,,Playmaker,0.58,,,0.04,-1.25,Euroleague,2021-22,intl
Marcos Knight,126,105,21,8,4,50.0,121,52.9,-2.9,29,50.0,-3.6,18,38.9,55.1,-16.3,0,,0,,,,1.022,0.875,1.193,,,,,,,0.656,69,70,0.391,0.514,1.314,3,5,,,,,,,0.659,0.356,1.22,1.07,1.131,1.04,,,,Playmaker,-0.03,,,-0.03,-1.08,Euroleague,2021-22,intl
Leonidas Kaselakis,126,120,6,5,3,33.3,98,46.9,-13.6,20,57.5,13.7,18,44.4,47.0,-2.5,0,,0,,,,1.075,0.742,1.558,,,,,,,0.3,84,47,0.464,0.468,1.008,2,1,,,,,,,0.489,0.083,2.874,0.866,1.306,1.075,,,,Wing,0.4,,,-1.2,-1.46,Euroleague,2021-22,intl
Jeremy Evans,126,119,7,4,1,0.0,115,65.2,-65.2,13,57.7,-7.8,13,26.9,69.4,-42.5,0,,0,,,,0.468,0.199,1.103,,,,,,,0.438,79,51,0.316,0.412,1.301,1,1,,,,,,,1.069,0.474,2.41,0.789,,0.468,,,,Big,-2.66,,,-0.51,-0.41,Euroleague,2021-22,intl
Charles Kahudi,125,99,26,10,8,62.5,114,45.2,17.3,35,60.0,19.2,13,38.5,47.2,-8.8,0,,0,,,,1.03,0.878,1.209,,,,,,,0.65,62,78,0.629,0.474,0.754,3,2,,,,,,,1.601,1.011,2.536,0.942,1.159,1.014,,,,,,,,,,Euroleague,2021-22,intl
Dmitry Kulagin,121,106,15,7,0,,86,50.6,,25,50.0,-0.8,18,30.6,55.9,-25.3,0,,0,,,,1.285,0.958,1.723,,,,,,,0.536,56,73,0.304,0.466,1.534,0,5,,,,,,,0.917,0.446,1.883,1.434,1.544,1.305,,,,Wing,1.71,,,-0.09,-0.32,Euroleague,2021-22,intl
Troy Daniels,119,100,19,14,1,0.0,134,50.4,-50.4,27,37.0,-16.2,21,47.6,50.4,-2.8,0,,0,,,,0.957,0.859,1.066,,,,,,,0.339,79,59,0.557,0.712,1.278,4,6,,,,,,,0.786,0.393,1.57,0.941,0.945,0.966,,,,Wing,-0.33,,,-1.02,-0.67,Euroleague,2021-22,intl
Tai Webster,118,103,15,8,0,,92,37.0,,18,44.4,9.3,15,33.3,37.7,-4.3,0,,0,,,,1.035,0.744,1.438,,,,,,,0.469,66,61,0.5,0.475,0.951,1,3,,,,,,,0.766,0.278,2.109,1.102,0.869,1.058,,,,Playmaker,0.05,,,-1.28,-0.73,Euroleague,2021-22,intl
Lamar Peters,118,108,10,4,5,70.0,77,39.0,31.0,25,50.0,13.2,8,62.5,38.5,24.0,0,,0,,,,1.429,1.111,1.839,,,,,,,0.625,54,70,0.463,0.414,0.895,3,1,,,,,,,0.604,0.171,2.134,1.179,1.111,1.338,,,,Playmaker,2.18,,,-0.24,-1.25,Euroleague,2021-22,intl
Marius Grigonis,117,107,10,6,3,100.0,89,54.5,45.5,26,59.6,5.1,10,25.0,59.8,-34.8,0,,0,,,,0.973,0.637,1.484,,,,,,,0.417,71,55,0.38,0.473,1.243,2,1,,,,,,,0.611,0.185,2.019,0.927,,0.969,,,,Wing,-0.23,,,-0.65,-1.13,Euroleague,2021-22,intl
Cory Higgins,114,93,21,11,8,12.5,97,44.8,-32.3,30,40.0,-3.3,21,50.0,40.5,9.5,0,,0,,,,1.046,0.827,1.322,,,,,,,0.477,67,64,0.433,0.578,1.336,3,6,,,,,,,0.876,0.434,1.769,1.049,1.083,1.043,,,,Wing,0.22,,,-0.37,-0.43,Euroleague,2021-22,intl
Kendrick Perry,113,93,20,11,2,75.0,97,39.2,35.8,19,39.5,-0.5,12,25.0,42.0,-17.0,0,,0,,,,1.094,0.851,1.407,,,,,,,0.455,73,57,0.507,0.526,1.038,4,5,,,,,,,0.787,0.359,1.723,1.164,1.121,1.14,,,,Playmaker,0.37,,,-1.37,-0.67,Euroleague,2021-22,intl
Sehmus Hazer,111,101,10,6,7,50.0,85,55.3,-5.3,25,54.0,-1.2,15,46.7,56.5,-9.8,0,,0,,,,1.212,0.957,1.535,,,,,,,0.417,58,61,0.397,0.41,1.033,1,2,,,,,,,1.096,0.587,2.05,1.167,1.31,1.234,,,,Wing,1.25,,,-0.65,0.15,Euroleague,2021-22,intl
Conner Frankamp,111,94,17,6,5,90.0,92,58.7,31.3,21,47.6,-16.2,21,64.3,59.2,5.1,0,,0,,,,1.032,0.81,1.315,,,,,,,0.708,63,59,0.397,0.407,1.025,3,2,,,,,,,0.784,0.414,1.485,1.125,1.017,0.958,,,,Playmaker,0.03,,,0.31,-0.68,Euroleague,2021-22,intl
Marcus Eriksson,110,90,20,7,4,0.0,106,64.2,-64.2,19,39.5,-27.0,10,80.0,60.0,20.0,0,,0,,,,0.911,0.751,1.104,,,,,,,0.714,58,61,0.483,0.508,1.053,3,1,,,,,,,0.824,0.449,1.511,1.097,0.796,0.925,,,,Wing,-0.62,,,0.75,-0.57,Euroleague,2021-22,intl
Joel Bolomboy,110,96,14,7,2,100.0,106,54.7,45.3,17,58.8,3.9,9,72.2,54.0,18.2,0,,0,,,,1.013,0.866,1.186,,,,,,,0.5,70,47,0.457,0.404,0.884,4,1,,,,,,,1.105,0.692,1.766,1.08,1.089,1.013,,,,Wing,0.02,,,-0.26,0.18,Euroleague,2021-22,intl
Louis Olinde,109,94,15,9,1,150.0,99,51.5,98.5,25,36.0,-22.0,13,50.0,52.9,-2.9,0,,0,,,,0.952,0.728,1.244,,,,,,,0.417,60,59,0.417,0.508,1.22,2,3,,,,,,,0.823,0.407,1.664,1.023,0.709,0.892,,,,Wing,-0.36,,,-0.65,-0.57,Euroleague,2021-22,intl
Giampaolo Ricci,109,103,6,3,2,75.0,94,57.4,17.6,28,51.8,-8.5,20,25.0,66.4,-41.4,0,,0,,,,1.198,,,,,,,,,0.5,53,60,0.453,0.45,0.994,1,0,,,,,,,0.683,0.216,2.16,1.082,1.191,1.198,,,,Wing,1.17,,,-0.26,-0.94,Euroleague,2021-22,intl
William Howard,109,102,7,5,7,114.3,93,50.0,64.3,26,67.3,17.3,16,56.2,54.2,2.1,0,,0,,,,1.159,,,,,,,,,0.35,60,54,0.483,0.481,0.996,2,0,,,,,,,0.585,0.178,1.923,0.939,1.151,1.159,,,,Wing,0.93,,,-0.97,-1.2,Euroleague,2021-22,intl
Georgios Printezis,108,106,2,2,0,,97,53.1,,26,50.0,-4.2,15,60.0,51.8,8.2,0,,0,,,,0.564,0.141,2.258,,,,,,,0.25,82,28,0.439,0.5,1.139,0,1,,,,,,,,,,0.849,,0.564,,,,Wing,-2.77,,,-1.44,,Euroleague,2021-22,intl
Hassan Martin,107,106,1,3,2,100.0,102,63.7,36.3,27,70.4,8.0,10,50.0,66.0,-16.0,0,,0,,,,1.06,,,,,,,,,0.083,69,41,0.362,0.293,0.808,0,0,,,,,,,,,,0.923,,1.06,,,,Wing,0.31,,,-2.23,,Euroleague,2021-22,intl
Vanja Marinkovic,103,95,8,10,0,,93,46.8,,29,46.6,-0.3,12,8.3,52.5,-44.1,0,,0,,,,1.108,0.836,1.469,,,,,,,0.2,53,61,0.528,0.541,1.024,1,4,,,,,,,1.148,0.465,2.836,1.212,0.922,1.126,,,,Wing,0.61,,,-1.68,0.29,Euroleague,2021-22,intl
Andrey Vorontsevich,101,85,16,7,6,83.3,84,51.8,31.5,19,39.5,-18.3,12,20.8,59.0,-38.1,0,,0,,,,1.207,1.018,1.432,,,,,,,0.571,59,52,0.525,0.404,0.769,3,1,,,,,,,1.467,0.885,2.43,1.111,1.269,1.22,,,,Wing,1.22,,,0.08,1.14,Euroleague,2021-22,intl
Kostas Antetokounmpo,99,99,0,0,2,50.0,88,71.6,-21.6,23,63.0,-10.8,18,63.9,72.9,-9.0,0,,0,,,,,,,,,,,,,,55,44,0.236,0.318,1.346,0,0,,,,,,,,,,1.111,,,,,,Big,,,,,,Euroleague,2021-22,intl
Ben Bentil,99,84,15,8,3,50.0,103,54.9,-4.9,19,44.7,-12.2,17,58.8,53.9,4.9,0,,0,,,,0.968,0.84,1.115,,,,,,,0.469,67,44,0.493,0.568,1.154,3,1,,,,,,,0.988,0.561,1.74,0.942,1.051,0.922,,,,Wing,-0.26,,,-0.41,-0.13,Euroleague,2021-22,intl
O J Mayo,99,92,7,6,4,75.0,91,56.6,18.4,28,62.5,7.3,11,22.7,61.9,-39.2,0,,0,,,,0.95,0.697,1.295,,,,,,,0.292,61,44,0.459,0.545,1.188,2,2,,,,,,,0.329,0.054,1.996,0.984,,0.95,,,,,,,,,,Euroleague,2021-22,intl
Konstantinos Mitoglou,98,78,20,7,2,50.0,85,51.8,-1.8,16,62.5,13.2,10,45.0,52.6,-7.6,0,,0,,,,1.151,0.954,1.388,,,,,,,0.714,59,47,0.441,0.426,0.966,2,0,,,,,,,1.452,0.949,2.222,1.187,1.026,1.157,,,,,,,,,,Euroleague,2021-22,intl
Aaron White,98,89,9,5,6,16.7,77,46.1,-29.4,15,53.3,11.4,8,50.0,43.3,6.7,0,,0,,,,1.328,,,,,,,,,0.45,61,44,0.443,0.568,1.284,0,1,,,,,,,2.171,1.352,3.488,1.151,,1.328,,,,Wing,1.98,,,-0.5,3.0,Euroleague,2021-22,intl
Yakuba Ouattara,97,93,4,3,0,,92,62.5,,14,57.1,-6.3,17,102.9,53.3,49.6,0,,0,,,,1.094,,,,,,,,,0.333,62,39,0.435,0.487,1.119,1,1,,,,,,,1.483,0.811,2.711,1.127,0.727,0.875,,,,Wing,0.52,,,-1.05,1.18,Euroleague,2021-22,intl
Malte Delow,96,87,9,4,4,62.5,77,46.8,15.7,23,52.2,6.5,9,38.9,48.6,-9.7,0,,0,,,,0.817,0.509,1.31,,,,,,,0.562,48,52,0.521,0.462,0.886,2,0,,,,,,,1.224,0.524,2.857,0.912,0.617,0.817,,,,Wing,-1.2,,,0.03,0.49,Euroleague,2021-22,intl
Nikita Kurbanov,96,96,0,3,1,100.0,72,56.9,43.1,8,37.5,-22.5,18,50.0,60.0,-10.0,0,,0,,,,,,,,,,,,,0.0,53,46,0.34,0.435,1.28,1,0,,,,,,,,,,0.77,,,,,,Wing,,,,-2.62,,Euroleague,2021-22,intl
Livio Jean-Charles,96,96,0,3,2,50.0,79,58.9,-8.9,25,56.0,-3.8,8,25.0,62.3,-37.3,0,,0,,,,,,,,,,,,,0.0,62,37,0.371,0.351,0.947,0,0,,,,,,,,,,1.039,,,,,,Wing,,,,-2.62,,Euroleague,2021-22,intl
Andrey Zubkov,95,86,9,11,2,0.0,89,49.4,-49.4,28,48.2,-0.2,28,37.5,53.2,-15.7,0,,0,,,,0.764,0.478,1.222,,,,,,,0.205,62,44,0.5,0.545,1.091,3,1,,,,,,,0.735,0.231,2.342,0.976,0.285,0.764,,,,Wing,-1.53,,,-1.65,-0.81,Euroleague,2021-22,intl
Jarrell Brantley,95,83,12,6,0,,91,34.1,,22,43.2,12.0,16,28.1,35.3,-7.2,0,,0,,,,0.758,0.504,1.14,,,,,,,0.5,66,41,0.606,0.537,0.885,3,3,,,,,,,0.338,0.053,2.166,0.798,0.87,0.782,,,,Wing,-1.57,,,-0.26,-1.86,Euroleague,2021-22,intl
Arturas Gudaitis,94,94,0,0,1,100.0,76,60.5,39.5,9,55.6,-6.2,11,45.5,63.6,-18.2,0,,0,,,,,,,,,,,,,,52,42,0.346,0.286,0.825,0,0,,,,,,,,,,0.7,,,,,,Big,,,,,,Euroleague,2021-22,intl
Joffrey Lauvergne,93,83,10,5,0,,86,52.3,,12,50.0,-2.7,11,36.4,54.7,-18.3,0,,0,,,,0.922,0.669,1.271,,,,,,,0.5,64,35,0.391,0.457,1.17,1,0,,,,,,,1.125,0.633,2.0,0.953,,0.943,,,,Big,-0.29,,,-0.22,-0.28,Euroleague,2021-22,intl
Nikola Milutinov,92,80,12,5,0,,83,57.8,,18,88.9,39.7,15,46.7,60.3,-13.6,0,,0,,,,0.762,0.506,1.146,,,,,,,0.6,62,36,0.452,0.194,0.431,3,0,,,,,,,1.75,,,0.891,,0.791,,,,Big,-1.13,,,0.25,1.18,Euroleague,2021-22,intl
Youssoupha Fall,92,84,8,2,1,100.0,94,70.2,29.8,20,80.0,12.0,10,60.0,71.8,-11.8,0,,0,,,,0.896,0.688,1.167,,,,,,,1.0,58,40,0.259,0.325,1.257,2,0,,,,,,,0.993,0.61,1.617,1.024,1.034,0.931,,,,Big,-0.43,,,2.13,-0.59,Euroleague,2021-22,intl
Melih Mahmutoglu,91,80,11,7,2,0.0,94,49.5,-49.5,17,61.8,16.2,12,41.7,49.4,-7.7,0,,0,,,,0.97,0.798,1.179,,,,,,,0.393,58,45,0.569,0.578,1.015,3,3,,,,,,,0.469,0.132,1.664,0.896,0.891,0.997,,,,Wing,-0.25,,,-0.77,-1.51,Euroleague,2021-22,intl
Stefan Markovic,90,86,4,2,6,100.0,44,36.4,63.6,12,58.3,18.9,9,50.0,42.7,7.3,0,,0,,,,0.935,0.344,2.54,,,,,,,0.5,41,51,0.366,0.353,0.965,1,1,,,,,,,3.067,,,0.959,,0.935,,,,Wing,-0.47,,,-0.26,5.38,Euroleague,2021-22,intl
Jerian Grant,89,74,15,5,3,50.0,73,37.0,13.0,20,35.0,-3.4,18,38.9,37.1,1.8,0,,0,,,,1.021,0.771,1.35,,,,,,,0.75,48,47,0.521,0.574,1.103,2,2,,,,,,,1.272,0.592,2.731,0.897,0.994,1.037,,,,Playmaker,-0.03,,,0.59,0.88,Euroleague,2021-22,intl
Alec Peters,88,70,18,8,6,83.3,82,59.8,23.6,29,70.7,13.9,11,27.3,66.2,-39.0,0,,0,,,,1.02,0.847,1.229,,,,,,,0.562,45,57,0.467,0.368,0.789,1,3,,,,,,,0.635,0.326,1.237,1.086,0.957,0.946,,,,Wing,0.06,,,0.03,-1.07,Euroleague,2021-22,intl
David Lighty,87,79,8,3,7,57.1,68,64.7,-7.6,18,47.2,-22.1,13,84.6,59.7,24.9,0,,0,,,,1.063,0.803,1.409,,,,,,,0.667,37,53,0.378,0.377,0.997,0,1,,,,,,,1.004,0.511,1.973,1.016,,1.063,,,,Wing,0.33,,,0.53,-0.09,Euroleague,2021-22,intl
Mindaugas Kuzminskas,86,80,6,8,7,50.0,82,50.0,0.0,28,48.2,-2.6,20,27.5,56.5,-29.0,0,,0,,,,1.081,,,,,,,,,0.188,51,44,0.49,0.591,1.205,0,3,,,,,,,1.495,0.804,2.779,1.004,,1.081,,,,Wing,0.44,,,-1.73,1.21,Euroleague,2021-22,intl
Andreas Obst,84,78,6,6,2,0.0,83,53.6,-53.6,19,50.0,-3.0,14,57.1,51.4,5.7,0,,0,,,,0.903,0.628,1.299,,,,,,,0.25,40,52,0.65,0.519,0.799,2,2,,,,,,,1.662,0.763,3.62,0.971,1.084,0.948,,,,Wing,-0.67,,,-1.44,1.65,Euroleague,2021-22,intl
Filip Petrusev,81,76,5,2,0,,77,61.0,,7,57.1,-4.3,9,72.2,59.6,12.7,0,,0,,,,0.633,0.309,1.298,,,,,,,0.625,52,31,0.365,0.387,1.059,1,1,,,,,,,,,,0.875,1.081,0.633,,,,Big,-1.8,,,0.37,,Euroleague,2021-22,intl
Branko Lazic,78,70,8,6,2,0.0,73,50.7,-50.7,13,42.3,-8.5,14,39.3,51.6,-12.4,0,,0,,,,0.988,0.75,1.301,,,,,,,0.333,43,41,0.512,0.61,1.192,2,0,,,,,,,1.476,0.723,3.014,0.882,1.123,0.988,,,,Wing,-0.14,,,-1.05,1.16,Euroleague,2021-22,intl
Victor Wembanyama,78,51,27,10,2,50.0,90,40.0,10.0,13,34.6,-6.5,8,50.0,39.3,10.7,0,,0,,,,1.109,,,,,,,,,0.675,68,31,0.647,0.516,0.798,9,2,,,,,,,1.363,0.754,2.464,1.069,1.099,1.076,,,,Big,0.68,,,0.6,0.27,Euroleague,2021-22,intl
Antoine Diot,77,74,3,4,1,0.0,48,46.9,-46.9,11,31.8,-18.2,8,50.0,45.1,4.9,0,,0,,,,,,,,,,,,,0.188,43,38,0.349,0.474,1.358,0,0,,,,,,,,,,1.092,,,,,,Wing,,,,-1.73,,Euroleague,2021-22,intl
Marial Shayok,76,72,4,6,1,0.0,65,49.2,-49.2,12,50.0,1.9,4,37.5,49.2,-11.7,0,,0,,,,0.632,0.235,1.695,,,,,,,0.167,54,30,0.463,0.433,0.936,2,1,,,,,,,1.056,0.257,4.335,1.258,0.619,0.632,,,,Wing,-2.35,,,-1.83,0.05,Euroleague,2021-22,intl
Eleftherios Bochoridis,75,65,10,4,0,,54,36.1,,15,23.3,-17.7,8,37.5,35.9,1.6,0,,0,,,,1.083,0.695,1.689,,,,,,,0.625,40,41,0.425,0.512,1.205,2,3,,,,,,,0.462,0.071,2.994,1.484,0.931,1.024,,,,,,,,,,Euroleague,2021-22,intl
James Anderson,73,69,4,1,0,,64,59.4,,13,65.4,7.5,11,27.3,66.0,-38.8,0,,0,,,,0.892,0.502,1.586,,,,,,,1.0,38,39,0.368,0.436,1.183,1,0,,,,,,,1.289,0.558,2.979,0.686,,0.793,,,,Wing,-0.73,,,2.1,0.66,Euroleague,2021-22,intl
Landry Nnoko,73,72,1,3,1,0.0,68,58.1,-58.1,16,50.0,-9.4,1,100.0,56.6,43.4,0,,0,,,,1.108,,,,,,,,,0.083,44,32,0.364,0.438,1.203,0,1,,,,,,,,,,1.146,,1.108,,,,Big,0.68,,,-2.18,,Euroleague,2021-22,intl
Brock Motum,73,69,4,2,1,100.0,66,65.9,34.1,18,66.7,0.3,7,50.0,68.3,-18.3,0,,0,,,,0.848,0.479,1.503,,,,,,,0.5,40,37,0.475,0.297,0.626,0,0,,,,,,,1.906,,,0.914,,0.943,,,,Wing,-1.01,,,-0.26,2.3,Euroleague,2021-22,intl
Karolis Lukosiunas,72,59,13,7,1,0.0,71,49.3,-49.3,18,38.9,-13.0,12,37.5,50.8,-13.3,0,,0,,,,1.283,,,,,,,,,0.464,47,38,0.511,0.632,1.237,3,3,,,,,,,1.106,0.5,2.445,1.343,1.22,1.283,,,,Wing,1.7,,,-0.43,0.18,Euroleague,2021-22,intl
Gabriel Deck,72,66,6,3,8,68.8,59,61.9,6.9,16,78.1,20.3,9,61.1,62.9,-1.8,0,,0,,,,1.158,,,,,,,,,0.5,37,39,0.378,0.385,1.016,0,1,,,,,,,1.118,0.61,2.046,0.983,,1.158,,,,Wing,0.92,,,-0.26,0.21,Euroleague,2021-22,intl
Kameron Taylor,71,67,4,2,1,0.0,57,43.9,-43.9,6,16.7,-29.5,12,58.3,39.1,19.2,0,,0,,,,0.62,0.231,1.665,,,,,,,0.5,44,29,0.523,0.414,0.792,1,0,,,,,,,,,,0.84,0.411,0.62,,,,Wing,-2.43,,,-0.26,,Euroleague,2021-22,intl
Christ Koumadje,71,67,4,1,1,0.0,70,71.4,-71.4,16,68.8,-2.2,8,50.0,73.0,-23.0,0,,0,,,,1.015,,,,,,,,,1.0,43,29,0.302,0.276,0.912,1,0,,,,,,,1.435,,,1.018,,1.015,,,,Big,0.19,,,2.13,0.44,Euroleague,2021-22,intl
Sergi Martinez,70,68,2,2,2,0.0,48,46.9,-46.9,15,36.7,-11.9,10,35.0,47.5,-12.5,0,,0,,,,1.478,,,,,,,,,0.25,34,38,0.5,0.395,0.789,0,1,,,,,,,,,,1.512,1.458,1.478,,,,Wing,2.91,,,-1.44,,Euroleague,2021-22,intl
Sergey Karasev,67,63,4,7,1,0.0,64,46.9,-46.9,12,37.5,-10.6,4,50.0,45.9,4.1,0,,0,,,,1.167,,,,,,,,,0.143,43,31,0.465,0.71,1.526,0,3,,,,,,,1.286,0.457,3.621,1.036,,1.167,,,,Wing,0.98,,,-1.95,0.66,Euroleague,2021-22,intl
Jeffery Taylor,67,61,6,4,1,150.0,57,57.9,92.1,13,80.8,27.4,4,37.5,61.1,-23.6,0,,0,,,,1.037,0.71,1.515,,,,,,,0.375,44,27,0.432,0.444,1.029,2,1,,,,,,,1.704,1.003,2.895,0.977,1.236,1.037,,,,Wing,0.17,,,-0.85,1.76,Euroleague,2021-22,intl
Trey Thompkins,66,49,17,6,4,37.5,63,53.2,-15.7,29,46.6,-10.0,10,20.0,57.9,-37.9,0,,0,,,,0.897,0.709,1.135,,,,,,,0.708,34,40,0.5,0.55,1.1,1,2,,,,,,,1.071,0.531,2.164,0.932,1.109,0.917,,,,Big,-0.42,,,0.76,-0.41,Euroleague,2021-22,intl
Jonas Mattisseck,66,62,4,4,0,,56,51.8,,14,39.3,-16.7,6,16.7,56.0,-39.3,0,,0,,,,0.62,0.231,1.664,,,,,,,0.25,34,36,0.529,0.444,0.84,0,0,,,,,,,1.25,0.3,5.207,0.942,,0.62,,,,Wing,-2.43,,,-1.44,0.56,Euroleague,2021-22,intl
Tim Schneider,65,57,8,7,0,,68,40.4,,16,34.4,-7.9,4,0.0,43.0,-43.0,0,,0,,,,0.941,0.717,1.235,,,,,,,0.286,37,36,0.622,0.611,0.983,2,2,,,,,,,1.195,0.473,3.024,1.024,1.063,0.956,,,,Wing,-0.43,,,-1.27,0.41,Euroleague,2021-22,intl
Kaleb Tarczewski,65,64,1,1,0,,53,47.2,,5,60.0,14.2,8,37.5,48.9,-11.4,0,,0,,,,1.255,,,,,,,,,0.25,37,29,0.486,0.345,0.709,0,1,,,,,,,2.217,,,1.261,,1.255,,,,Big,1.45,,,-1.39,2.27,Euroleague,2021-22,intl
Leon Radosevic,64,56,8,4,0,,58,47.4,,6,41.7,-6.4,10,40.0,49.0,-9.0,0,,0,,,,0.875,0.578,1.324,,,,,,,0.5,49,19,0.551,0.421,0.764,4,0,,,,,,,0.762,0.235,2.47,1.032,0.575,0.875,,,,Wing,-0.84,,,-0.26,-0.73,Euroleague,2021-22,intl
Jehyve Floyd,62,62,0,0,0,,51,58.8,,9,66.7,9.5,3,33.3,60.4,-27.1,0,,0,,,,,,,,,,,,,,35,27,0.4,0.259,0.648,0,0,,,,,,,,,,1.233,,,,,,Wing,,,,,,Euroleague,2021-22,intl
Dmitrii Uzinskii,61,61,0,2,0,,55,59.1,,4,75.0,17.2,5,40.0,61.0,-21.0,0,,0,,,,,,,,,,,,,0.0,50,13,0.48,0.462,0.962,0,0,,,,,,,,,,1.167,,,,,,,,,,,,Euroleague,2021-22,intl
Ivan Ukhov,61,58,3,2,0,,44,53.4,,13,23.1,-43.1,9,44.4,55.7,-11.3,0,,0,,,,0.472,0.094,2.356,,,,,,,0.375,27,36,0.296,0.528,1.781,0,1,,,,,,,,,,0.645,,0.472,,,,Playmaker,-3.01,,,-1.9,,Euroleague,2021-22,intl
Paulius Jankunas,60,58,2,2,7,78.6,45,46.7,31.9,15,63.3,17.4,9,44.4,52.3,-7.9,0,,0,,,,0.592,0.147,2.377,,,,,,,0.25,27,35,0.481,0.486,1.009,0,0,,,,,,,2.333,,,1.094,,0.592,,,,Big,-2.01,,,-1.39,2.54,Euroleague,2021-22,intl
Iftah Ziv,60,60,0,0,0,,43,47.7,,14,46.4,-1.8,3,66.7,46.2,20.4,0,,0,,,,,,,,,,,,,,29,31,0.379,0.419,1.106,0,0,,,,,,,,,,1.12,,,,,,Playmaker,,,,,,Euroleague,2021-22,intl
Ismet Akpinar,60,54,6,3,2,75.0,48,56.2,18.8,16,93.8,54.0,6,25.0,61.4,-36.4,0,,0,,,,0.614,0.273,1.38,,,,,,,0.5,29,35,0.552,0.371,0.673,1,0,,,,,,,2.444,,,0.754,0.302,0.526,,,,Wing,-2.46,,,-0.26,3.73,Euroleague,2021-22,intl
Khyri Thomas,60,54,6,5,0,,53,39.6,,12,45.8,8.0,4,62.5,37.8,24.7,0,,0,,,,1.317,,,,,,,,,0.3,33,34,0.515,0.529,1.028,2,1,,,,,,,0.854,0.259,2.82,1.134,0.962,1.152,,,,Wing,1.91,,,-1.2,-0.49,Euroleague,2021-22,intl
Alex Abrines,59,53,6,5,1,100.0,61,68.0,32.0,12,37.5,-38.5,3,50.0,69.5,-19.5,0,,0,,,,0.667,,,,,,,,,0.3,38,26,0.447,0.538,1.204,0,1,,,,,,,0.442,0.08,2.451,0.889,1.034,0.667,,,,Wing,-2.13,,,-1.2,-1.58,Euroleague,2021-22,intl
Emmanuel Mudiay,57,49,8,3,0,,40,36.2,,8,56.2,25.0,9,38.9,35.5,3.4,0,,0,,,,1.478,1.042,2.099,,,,,,,0.667,44,17,0.432,0.471,1.09,2,0,,,,,,,1.381,0.501,3.803,1.298,1.271,1.502,,,,Playmaker,2.45,,,0.04,1.22,Euroleague,2021-22,intl
Stefan Lazarevic,55,55,0,0,2,50.0,38,65.8,-15.8,13,69.2,6.3,7,64.3,65.2,-0.9,0,,0,,,,,,,,,,,,,,29,26,0.276,0.308,1.115,0,0,,,,,,,,,,1.395,,,,,,Wing,,,,,,Euroleague,2021-22,intl
Arturs Kurucs,53,47,6,3,1,0.0,32,20.3,-20.3,10,10.0,-13.9,8,0.0,26.0,-26.0,0,,0,,,,0.56,0.176,1.777,,,,,,,0.5,30,26,0.467,0.538,1.154,2,0,,,,,,,,,,1.079,,0.56,,,,Wing,-2.8,,,-0.26,,Euroleague,2021-22,intl
Anthony Randolph,50,45,5,3,0,,50,52.0,,7,50.0,-2.3,8,81.2,46.4,34.8,0,,0,,,,1.071,,,,,,,,,0.417,39,15,0.641,0.267,0.416,2,0,,,,,,,1.976,1.116,3.5,1.125,0.799,0.893,,,,Big,0.49,,,-0.61,1.7,Euroleague,2021-22,intl
Lorenzo Brown,568,457,111,33,19,52.6,461,51.1,1.5,117,47.4,-4.9,63,32.5,54.0,-21.4,0,,0,,,,1.102,0.973,1.249,,,,,,,0.841,349,330,0.355,0.433,1.22,14,18,,,,,,,0.854,0.648,1.126,1.182,0.853,1.088,,,,Playmaker,0.38,,,0.96,-0.38,Euroleague,2022-23,intl
Wade Baldwin Iv,550,451,99,32,31,40.3,437,51.4,-11.1,111,45.9,-6.2,53,47.2,51.1,-3.9,0,,0,,,,1.053,0.926,1.198,,,,,,,0.773,331,315,0.393,0.422,1.075,13,21,,,,,,,0.842,0.625,1.135,1.024,1.016,1.041,,,,Playmaker,0.04,,,0.62,-0.42,Euroleague,2022-23,intl
Darius Thompson,514,452,62,19,21,47.6,297,57.1,-9.5,100,52.0,-6.5,43,44.2,58.4,-14.2,0,,0,,,,1.075,0.862,1.34,,,,,,,0.816,264,290,0.239,0.334,1.402,4,15,,,,,,,0.969,0.694,1.354,1.09,0.874,1.069,,,,Wing,0.38,,,1.31,-0.12,Euroleague,2022-23,intl
Mike James,511,370,141,38,38,39.5,467,44.2,-4.7,119,43.7,-0.2,64,35.9,45.0,-9.1,0,,0,,,,1.05,0.94,1.172,,,,,,,0.928,356,315,0.419,0.517,1.236,22,21,,,,,,,0.813,0.615,1.074,1.161,1.037,1.03,,,,Wing,0.23,,,1.84,-0.57,Euroleague,2022-23,intl
Sasha Vezenkov,494,408,86,27,20,42.5,467,62.5,-20.0,87,59.8,-2.4,70,65.7,61.0,4.7,0,,0,,,,0.993,0.897,1.1,,,,,,,0.796,296,275,0.378,0.415,1.096,11,13,,,,,,,0.965,0.765,1.218,1.122,1.023,1.022,,,,Wing,-0.09,,,1.22,-0.13,Euroleague,2022-23,intl
Vasilije Micic,456,361,95,27,19,50.0,351,53.8,-3.8,82,62.2,11.0,62,41.1,56.2,-15.0,0,,0,,,,0.775,0.638,0.941,,,,,,,0.88,288,251,0.389,0.386,0.994,13,11,,,,,,,1.007,0.72,1.408,0.933,0.852,0.819,,,,Playmaker,-1.89,,,1.16,0.19,Euroleague,2022-23,intl
Nicolas Laprovittola,449,414,35,10,10,65.0,273,57.5,7.5,51,52.0,-7.1,35,45.7,59.5,-13.8,0,,0,,,,1.071,0.82,1.399,,,,,,,0.875,245,230,0.318,0.352,1.106,3,5,,,,,,,1.105,0.711,1.715,1.18,0.92,0.995,,,,Playmaker,0.17,,,1.13,0.55,Euroleague,2022-23,intl
Kostas Sloukas,446,386,60,18,25,54.0,241,50.8,3.2,114,48.2,-5.0,28,42.9,52.1,-9.2,0,,0,,,,1.083,0.851,1.378,,,,,,,0.833,240,244,0.283,0.332,1.172,8,7,,,,,,,1.063,0.737,1.534,1.479,0.959,1.074,,,,Playmaker,0.25,,,0.92,0.39,Euroleague,2022-23,intl
Nick Calathes,444,373,71,23,13,65.4,285,49.6,15.7,60,55.8,6.9,37,35.1,52.5,-17.4,0,,0,,,,1.075,0.879,1.316,,,,,,,0.772,238,252,0.324,0.357,1.104,9,13,,,,,,,1.198,0.893,1.606,1.105,1.175,1.091,,,,Playmaker,0.19,,,0.61,0.89,Euroleague,2022-23,intl
Elie Okobo,440,377,63,25,29,62.1,339,50.9,11.2,127,53.1,2.1,48,42.7,53.1,-10.4,0,,0,,,,1.188,1.041,1.355,,,,,,,0.63,235,269,0.349,0.457,1.31,5,19,,,,,,,0.898,0.646,1.248,0.968,1.205,1.176,,,,Playmaker,0.98,,,-0.1,-0.22,Euroleague,2022-23,intl
Thomas Walkup,438,373,65,19,7,14.3,246,53.3,-39.0,39,51.3,-1.1,48,40.6,54.9,-14.3,0,,0,,,,1.236,0.988,1.547,,,,,,,0.855,247,230,0.304,0.287,0.945,9,6,,,,,,,1.025,0.718,1.465,1.497,0.967,1.278,,,,Playmaker,1.31,,,1.03,0.25,Euroleague,2022-23,intl
Kevin Punter,436,355,81,27,29,46.6,378,57.7,-11.1,114,48.2,-12.0,68,45.6,59.1,-13.6,0,,0,,,,1.111,1.008,1.226,,,,,,,0.75,250,252,0.4,0.46,1.151,12,13,,,,,,,1.063,0.831,1.359,1.041,1.002,1.054,,,,Playmaker,0.44,,,0.5,0.39,Euroleague,2022-23,intl
Dzanan Musa,420,341,79,25,15,60.0,358,57.1,2.9,86,60.5,4.2,40,37.5,59.6,-22.1,0,,0,,,,0.972,0.844,1.119,,,,,,,0.79,246,231,0.411,0.39,0.949,10,8,,,,,,,1.102,0.853,1.423,1.127,1.004,1.011,,,,Wing,-0.22,,,1.19,0.26,Euroleague,2022-23,intl
Will Clyburn,400,285,115,35,26,63.5,414,51.0,12.5,133,51.1,-0.8,76,42.8,53.6,-10.8,0,,0,,,,1.008,0.915,1.111,,,,,,,0.821,226,299,0.469,0.475,1.013,16,17,,,,,,,1.195,0.948,1.506,0.988,1.038,0.983,,,,Wing,-0.01,,,1.34,0.52,Euroleague,2022-23,intl
Marko Guduric,384,319,65,21,21,54.8,291,59.3,-4.5,92,60.9,2.7,42,42.9,61.5,-18.6,0,,0,,,,1.193,1.04,1.369,,,,,,,0.774,215,219,0.386,0.361,0.934,11,8,,,,,,,0.889,0.644,1.229,1.124,1.208,1.198,,,,Wing,1.06,,,1.11,-0.35,Euroleague,2022-23,intl
Paris Lee,377,299,78,21,28,55.4,282,46.1,9.3,89,47.2,0.4,52,45.2,47.3,-2.1,0,,0,,,,1.095,0.941,1.275,,,,,,,0.929,184,251,0.484,0.414,0.857,11,7,,,,,,,0.93,0.635,1.364,1.15,1.1,1.13,,,,Playmaker,0.33,,,1.4,-0.1,Euroleague,2022-23,intl
Chris Jones,370,316,54,19,38,63.2,246,52.6,10.5,71,52.1,-2.6,64,43.8,57.0,-13.3,0,,0,,,,1.082,0.901,1.299,,,,,,,0.711,213,202,0.324,0.391,1.207,6,12,,,,,,,0.943,0.666,1.335,0.999,0.908,1.024,,,,Wing,0.42,,,0.82,-0.2,Euroleague,2022-23,intl
Alpha Diallo,367,306,61,23,13,65.4,320,50.0,15.4,101,54.5,5.5,47,41.5,52.1,-10.6,0,,0,,,,1.003,0.876,1.15,,,,,,,0.663,205,203,0.429,0.453,1.056,6,13,,,,,,,0.917,0.655,1.282,1.068,1.046,1.015,,,,Wing,-0.04,,,0.59,-0.27,Euroleague,2022-23,intl
Luke Sikma,361,338,23,10,12,45.8,189,51.6,-5.8,59,44.9,-9.0,21,42.9,52.2,-9.4,0,,0,,,,1.383,1.035,1.849,,,,,,,0.575,190,190,0.242,0.311,1.283,3,7,,,,,,,0.733,0.383,1.403,1.359,0.765,1.255,,,,Wing,2.15,,,0.17,-0.8,Euroleague,2022-23,intl
Johnathan Motley,359,322,37,11,11,54.5,329,61.6,-7.0,70,58.6,-3.5,19,55.3,61.7,-6.4,0,,0,,,,1.024,0.894,1.173,,,,,,,0.841,196,203,0.352,0.315,0.896,5,6,,,,,,,0.812,0.58,1.137,1.055,1.01,0.997,,,,Big,0.12,,,1.76,-0.44,Euroleague,2022-23,intl
Jordan Loyd,354,306,48,18,10,55.0,285,52.8,2.2,67,39.6,-17.2,63,49.2,53.9,-4.7,0,,0,,,,1.19,1.049,1.35,,,,,,,0.667,188,200,0.394,0.455,1.156,8,12,,,,,,,0.616,0.385,0.986,1.018,1.212,1.154,,,,Wing,1.04,,,0.61,-1.13,Euroleague,2022-23,intl
Dante Exum,353,287,66,20,20,70.0,276,58.3,11.7,86,70.3,15.8,43,50.0,60.7,-10.7,0,,0,,,,1.215,1.077,1.371,,,,,,,0.825,182,211,0.396,0.332,0.839,10,6,,,,,,,0.802,0.59,1.091,1.05,1.115,1.192,,,,Wing,1.18,,,1.35,-0.6,Euroleague,2022-23,intl
Tomas Satoransky,348,323,25,11,9,44.4,201,60.9,-16.5,38,50.0,-12.5,32,48.4,62.4,-13.9,0,,0,,,,0.632,0.372,1.075,,,,,,,0.568,202,170,0.287,0.259,0.901,5,2,,,,,,,1.227,0.759,1.984,1.08,,0.74,,,,Wing,-2.17,,,0.14,0.61,Euroleague,2022-23,intl
Luca Vildoza,341,283,58,20,27,51.9,259,51.2,0.7,84,39.9,-16.1,34,48.5,51.6,-3.1,0,,0,,,,0.943,0.782,1.136,,,,,,,0.725,188,201,0.367,0.488,1.328,6,13,,,,,,,0.926,0.627,1.367,1.076,0.776,0.939,,,,Wing,-0.38,,,0.88,-0.25,Euroleague,2022-23,intl
Nando De Colo,330,275,55,17,31,50.0,235,57.2,-7.2,64,50.0,-8.4,36,48.6,57.6,-9.0,0,,0,,,,0.905,0.737,1.111,,,,,,,0.809,196,171,0.347,0.415,1.197,7,8,,,,,,,0.867,0.587,1.28,1.072,1.048,0.961,,,,Wing,-0.6,,,1.28,-0.41,Euroleague,2022-23,intl
Sergio Rodriguez,330,312,18,8,10,65.0,156,52.2,12.8,52,55.8,4.0,24,31.2,56.7,-25.4,0,,0,,,,1.179,0.767,1.812,,,,,,,0.562,176,164,0.25,0.305,1.22,1,1,,,,,,,0.649,0.248,1.698,1.102,1.034,1.172,,,,Playmaker,0.92,,,-0.44,-1.14,Euroleague,2022-23,intl
Zach Leday,327,269,58,23,19,42.1,301,56.0,-13.9,85,58.8,5.0,68,47.8,57.1,-9.3,0,,0,,,,1.004,0.896,1.125,,,,,,,0.63,193,175,0.44,0.429,0.973,11,5,,,,,,,1.06,0.806,1.395,1.129,1.101,1.015,,,,Wing,-0.03,,,0.43,0.14,Euroleague,2022-23,intl
Markus Howard,325,227,98,30,32,67.2,348,50.1,17.0,94,48.4,-4.2,23,43.5,52.1,-8.6,0,,0,,,,1.011,0.936,1.091,,,,,,,0.817,218,199,0.495,0.603,1.217,15,22,,,,,,,0.796,0.585,1.083,0.997,1.01,1.01,,,,Playmaker,-0.25,,,0.84,-0.59,Euroleague,2022-23,intl
Ignas Brazdeikis,324,231,93,27,11,63.6,341,47.9,15.7,83,48.8,0.5,49,42.9,49.3,-6.5,0,,0,,,,1.026,0.941,1.118,,,,,,,0.861,201,197,0.507,0.482,0.95,20,10,,,,,,,0.892,0.667,1.194,1.097,0.994,1.001,,,,Wing,0.1,,,1.52,-0.34,Euroleague,2022-23,intl
Nigel Hayes-Davis,324,271,53,17,17,82.4,273,57.0,25.4,79,66.5,11.0,32,51.6,59.3,-7.7,0,,0,,,,1.041,0.917,1.182,,,,,,,0.779,163,190,0.436,0.389,0.894,7,5,,,,,,,0.859,0.615,1.201,1.035,1.084,1.049,,,,Wing,0.18,,,1.14,-0.44,Euroleague,2022-23,intl
Edgaras Ulanovas,319,273,46,17,17,52.9,248,50.8,2.1,60,53.3,3.1,41,62.2,48.9,13.3,0,,0,,,,0.994,0.817,1.209,,,,,,,0.676,188,168,0.399,0.423,1.059,8,6,,,,,,,0.862,0.565,1.314,1.047,1.138,1.026,,,,Wing,-0.09,,,0.65,-0.43,Euroleague,2022-23,intl
Walter Tavares,315,295,20,8,13,46.2,243,68.7,-22.6,41,65.9,-2.1,25,60.0,68.4,-8.4,0,,0,,,,1.105,0.909,1.342,,,,,,,0.625,178,150,0.213,0.3,1.405,3,2,,,,,,,0.746,0.473,1.178,1.158,1.004,1.093,,,,,,,,,,Euroleague,2022-23,intl
Dwayne Bacon,311,221,90,25,33,45.5,356,44.4,1.1,114,45.6,1.6,62,37.1,45.9,-8.8,0,,0,,,,1.052,0.964,1.149,,,,,,,0.9,200,241,0.555,0.531,0.957,17,16,,,,,,,0.904,0.655,1.249,1.08,0.996,1.056,,,,Wing,0.24,,,1.71,-0.31,Euroleague,2022-23,intl
Cassius Winston,310,230,80,25,11,50.0,282,41.1,8.9,71,44.4,3.8,38,38.2,42.0,-3.8,0,,0,,,,0.941,0.796,1.113,,,,,,,0.8,201,193,0.453,0.503,1.11,15,15,,,,,,,0.721,0.468,1.111,1.075,1.037,0.99,,,,Playmaker,-0.74,,,0.75,-0.87,Euroleague,2022-23,intl
Nemanja Nedovic,310,238,72,22,30,45.0,280,46.2,-1.2,91,44.0,-3.1,40,45.0,46.3,-1.3,0,,0,,,,1.102,0.977,1.243,,,,,,,0.818,182,205,0.456,0.517,1.134,8,10,,,,,,,1.026,0.732,1.439,1.04,1.078,1.112,,,,Wing,0.53,,,1.32,0.04,Euroleague,2022-23,intl
Milos Teodosic,306,269,37,12,14,50.0,174,55.7,-5.7,46,64.1,11.7,24,54.2,55.5,-1.3,0,,0,,,,1.298,1.01,1.669,,,,,,,0.771,177,156,0.322,0.353,1.095,7,5,,,,,,,1.01,0.624,1.633,1.043,1.332,1.36,,,,Wing,1.66,,,1.1,-0.01,Euroleague,2022-23,intl
Jaleen Smith,304,225,79,25,30,48.3,259,53.5,-5.1,72,47.2,-7.6,30,35.0,55.0,-20.0,0,,0,,,,1.023,0.884,1.184,,,,,,,0.79,188,186,0.431,0.484,1.123,13,15,,,,,,,0.953,0.675,1.346,1.159,1.081,1.029,,,,Wing,0.08,,,1.19,-0.17,Euroleague,2022-23,intl
Tamir Blatt,301,255,46,18,8,75.0,197,48.0,27.0,43,58.1,11.5,13,23.1,50.8,-27.7,0,,0,,,,1.101,0.862,1.407,,,,,,,0.639,183,159,0.383,0.409,1.069,7,6,,,,,,,0.989,0.594,1.645,1.245,0.783,1.154,,,,Playmaker,0.37,,,-0.06,0.12,Euroleague,2022-23,intl
Jonah Mathews,300,238,62,23,19,36.8,268,50.0,-13.2,84,45.2,-5.5,44,47.7,49.4,-1.7,0,,0,,,,0.921,0.79,1.072,,,,,,,0.674,157,193,0.49,0.435,0.887,9,11,,,,,,,1.076,0.784,1.477,0.917,0.864,0.897,,,,Wing,-0.51,,,0.64,0.18,Euroleague,2022-23,intl
Rokas Giedraitis,297,232,65,23,14,53.6,272,51.1,2.5,57,59.6,10.5,23,34.8,52.7,-17.9,0,,0,,,,0.897,0.772,1.042,,,,,,,0.707,174,166,0.471,0.464,0.984,11,10,,,,,,,0.941,0.668,1.327,1.123,1.013,0.934,,,,Wing,-0.65,,,0.8,-0.2,Euroleague,2022-23,intl
Derrick Williams,297,233,64,23,9,55.6,299,57.0,-1.5,48,53.1,-4.6,47,45.7,59.0,-13.3,0,,0,,,,1.032,0.934,1.141,,,,,,,0.696,211,137,0.474,0.445,0.939,15,5,,,,,,,1.187,0.913,1.544,0.995,1.107,1.066,,,,Wing,0.13,,,0.74,0.5,Euroleague,2022-23,intl
Mathias Lessort,296,291,5,2,7,57.1,235,67.7,-10.5,52,69.2,2.4,19,68.4,67.3,1.2,0,,0,,,,1.238,,,,,,,,,0.625,166,132,0.235,0.303,1.29,0,1,,,,,,,0.881,0.429,1.812,0.907,1.235,1.238,,,,Wing,1.32,,,0.41,-0.37,Euroleague,2022-23,intl
Mario Hezonja,296,232,64,25,17,41.2,292,60.1,-18.9,83,55.4,-5.0,32,65.6,58.3,7.3,0,,0,,,,0.955,0.851,1.072,,,,,,,0.64,181,167,0.442,0.509,1.152,10,9,,,,,,,0.868,0.626,1.203,0.972,1.14,0.973,,,,Wing,-0.31,,,0.48,-0.41,Euroleague,2022-23,intl
Shaquielle Mckissic,294,253,41,16,9,72.2,248,58.3,14.0,88,62.5,5.7,41,43.9,61.6,-17.7,0,,0,,,,0.987,0.829,1.175,,,,,,,0.641,168,152,0.363,0.421,1.16,6,5,,,,,,,1.369,1.062,1.764,0.981,0.831,1.028,,,,Wing,-0.13,,,0.48,1.02,Euroleague,2022-23,intl
Bonzie Colson,293,235,58,22,15,23.3,301,59.3,-36.0,87,53.4,-5.7,36,34.7,60.5,-25.8,0,,0,,,,0.976,0.896,1.064,,,,,,,0.659,162,177,0.475,0.446,0.939,8,7,,,,,,,0.934,0.699,1.249,1.025,0.879,0.957,,,,Wing,-0.19,,,0.57,-0.22,Euroleague,2022-23,intl
Jan Vesely,290,259,31,12,11,45.5,237,58.2,-12.8,54,63.0,6.8,34,52.9,58.4,-5.5,0,,0,,,,1.054,0.893,1.245,,,,,,,0.646,165,143,0.339,0.343,1.01,5,2,,,,,,,0.958,0.677,1.357,1.069,0.901,1.016,,,,Big,0.3,,,0.93,0.02,Euroleague,2022-23,intl
Jared Harper,290,238,52,16,15,60.0,217,46.3,13.7,64,48.4,1.7,42,40.5,48.7,-8.2,0,,0,,,,1.023,0.837,1.252,,,,,,,0.812,152,181,0.447,0.414,0.926,5,9,,,,,,,1.515,1.08,2.124,0.897,1.275,1.007,,,,Playmaker,-0.17,,,0.82,2.06,Euroleague,2022-23,intl
Brandon Davies,285,265,20,11,8,37.5,223,55.4,-17.9,61,48.4,-8.7,28,57.1,54.4,2.7,0,,0,,,,1.265,1.12,1.429,,,,,,,0.455,149,149,0.315,0.409,1.298,4,6,,,,,,,0.735,0.428,1.262,1.083,1.137,1.271,,,,Wing,1.47,,,-0.39,-0.79,Euroleague,2022-23,intl
James Nunnally,284,255,29,13,19,60.5,221,59.3,1.3,56,63.4,5.2,33,56.1,59.9,-3.8,0,,0,,,,1.021,0.839,1.244,,,,,,,0.558,162,141,0.377,0.433,1.149,3,5,,,,,,,0.911,0.582,1.424,0.971,1.091,1.064,,,,Wing,0.07,,,0.09,-0.29,Euroleague,2022-23,intl
Nikola Mirotic,283,221,62,20,14,67.9,285,59.1,8.7,62,57.3,-2.9,32,50.0,60.7,-10.7,0,,0,,,,1.013,0.923,1.113,,,,,,,0.775,156,178,0.423,0.472,1.115,9,12,,,,,,,0.981,0.738,1.305,1.04,0.922,0.993,,,,Big,0.06,,,1.48,0.09,Euroleague,2022-23,intl
Rolands Smits,280,229,51,18,12,62.5,259,57.3,5.2,58,64.7,9.0,36,54.2,58.1,-3.9,0,,0,,,,1.089,0.999,1.186,,,,,,,0.708,159,150,0.503,0.387,0.768,10,3,,,,,,,1.021,0.754,1.383,1.043,0.964,1.046,,,,Big,0.5,,,1.19,0.21,Euroleague,2022-23,intl
Gabriel Deck,280,256,24,8,13,73.1,225,59.6,13.5,70,61.4,1.6,39,60.3,60.3,-0.0,0,,0,,,,1.103,0.937,1.3,,,,,,,0.75,140,157,0.35,0.338,0.965,5,2,,,,,,,0.879,0.576,1.342,1.029,1.001,1.03,,,,Wing,0.54,,,1.0,-0.38,Euroleague,2022-23,intl
Kostas Papanikolaou,279,250,29,16,4,37.5,224,65.0,-27.5,30,66.7,2.5,34,64.7,64.4,0.3,0,,0,,,,1.02,0.82,1.268,,,,,,,0.453,157,145,0.369,0.345,0.933,5,3,,,,,,,1.099,0.757,1.595,0.944,1.336,1.044,,,,Wing,0.06,,,-0.4,0.25,Euroleague,2022-23,intl
Scottie Wilbekin,274,230,44,20,10,25.0,223,53.8,-28.8,35,32.9,-23.2,30,36.7,54.9,-18.3,0,,0,,,,1.045,0.875,1.249,,,,,,,0.55,166,141,0.446,0.454,1.018,8,12,,,,,,,1.0,0.661,1.513,1.127,1.045,1.039,,,,Playmaker,-0.01,,,-0.5,0.16,Euroleague,2022-23,intl
Rodrigue Beaubois,272,243,29,13,15,33.3,218,67.4,-34.1,58,58.6,-8.8,25,48.0,67.3,-19.3,0,,0,,,,1.275,1.155,1.408,,,,,,,0.558,157,138,0.376,0.355,0.945,5,4,,,,,,,1.001,0.71,1.413,1.118,1.163,1.244,,,,Playmaker,1.58,,,-0.46,0.16,Euroleague,2022-23,intl
Donatas Motiejunas,269,251,18,14,9,50.0,239,59.6,-9.6,30,45.0,-16.2,24,52.1,60.0,-8.0,0,,0,,,,1.028,0.867,1.219,,,,,,,0.321,175,109,0.331,0.44,1.329,5,4,,,,,,,0.714,0.405,1.257,0.992,0.985,1.035,,,,Big,0.15,,,-0.46,-0.75,Euroleague,2022-23,intl
Maodo Lo,268,207,61,17,17,47.1,229,51.1,-4.0,59,50.0,-1.1,33,37.9,52.8,-14.9,0,,0,,,,1.056,0.9,1.24,,,,,,,0.897,163,161,0.479,0.41,0.857,10,8,,,,,,,0.572,0.35,0.935,0.987,0.98,1.037,,,,Wing,0.27,,,1.7,-1.26,Euroleague,2022-23,intl
Ognjen Dobric,268,207,61,21,12,45.8,256,52.5,-6.7,74,59.5,10.0,47,58.5,50.9,7.6,0,,0,,,,0.936,0.811,1.081,,,,,,,0.726,152,167,0.487,0.455,0.935,9,9,,,,,,,0.949,0.673,1.339,1.026,0.95,0.957,,,,Wing,-0.42,,,0.89,-0.18,Euroleague,2022-23,intl
Rokas Jokubaitis,266,238,28,13,5,70.0,168,46.4,23.6,49,52.0,6.9,31,25.8,51.8,-26.0,0,,0,,,,0.708,0.456,1.1,,,,,,,0.538,168,123,0.351,0.341,0.972,6,1,,,,,,,0.738,0.325,1.677,1.228,0.836,0.733,,,,Wing,-1.74,,,-0.0,-0.78,Euroleague,2022-23,intl
Moustapha Fall,256,252,4,2,6,33.3,163,73.6,-40.3,29,65.5,-8.1,28,53.6,75.9,-22.3,0,,0,,,,0.764,0.285,2.043,,,,,,,0.5,113,145,0.15,0.207,1.375,0,1,,,,,,,1.375,,,0.904,,0.764,,,,Big,-1.41,,,0.3,1.33,Euroleague,2022-23,intl
Nick Weiler-Babb,254,200,54,20,14,46.4,217,46.1,0.3,50,48.0,2.4,48,42.7,47.0,-4.3,0,,0,,,,1.041,0.891,1.216,,,,,,,0.675,144,150,0.479,0.513,1.071,9,8,,,,,,,0.791,0.494,1.265,1.104,1.053,1.02,,,,Wing,0.18,,,0.65,-0.63,Euroleague,2022-23,intl
Cory Higgins,253,225,28,15,20,77.5,193,46.1,31.4,88,54.0,8.4,25,40.0,50.3,-10.3,0,,0,,,,1.056,0.877,1.272,,,,,,,0.467,116,156,0.474,0.436,0.919,4,7,,,,,,,0.761,0.425,1.362,0.942,0.936,1.001,,,,Wing,0.27,,,-0.34,-0.72,Euroleague,2022-23,intl
Billy Baron,251,210,41,16,13,92.3,209,57.9,34.4,68,52.2,-11.1,43,48.8,62.6,-13.7,0,,0,,,,1.264,1.123,1.423,,,,,,,0.641,134,149,0.328,0.51,1.553,6,8,,,,,,,0.96,0.662,1.392,1.166,1.311,1.291,,,,Playmaker,1.51,,,-0.05,0.01,Euroleague,2022-23,intl
Bojan Dubljevic,251,223,28,14,15,40.0,211,65.9,-25.9,42,41.7,-27.6,22,43.2,66.4,-23.2,0,,0,,,,1.039,0.883,1.223,,,,,,,0.5,151,120,0.344,0.458,1.331,4,6,,,,,,,0.876,0.576,1.333,0.94,1.207,1.06,,,,Wing,0.17,,,-0.18,-0.39,Euroleague,2022-23,intl
Retin Obasohan,251,205,46,19,8,43.8,211,42.4,1.3,56,33.0,-12.7,44,34.1,44.6,-10.5,0,,0,,,,1.129,0.956,1.335,,,,,,,0.605,144,157,0.438,0.452,1.034,7,6,,,,,,,1.293,0.891,1.875,1.041,0.887,1.048,,,,Playmaker,0.57,,,-0.23,1.24,Euroleague,2022-23,intl
Matthew Costello,250,208,42,16,15,70.0,210,58.1,11.9,78,49.4,-14.6,22,47.7,60.1,-12.4,0,,0,,,,1.038,0.892,1.207,,,,,,,0.656,114,161,0.368,0.441,1.197,4,11,,,,,,,0.965,0.679,1.372,1.14,1.029,1.053,,,,,,,,,,Euroleague,2022-23,intl
Carsen Edwards,249,206,43,19,6,108.3,238,46.2,62.1,81,48.8,1.5,14,35.7,48.5,-12.8,0,,0,,,,1.184,1.095,1.28,,,,,,,0.566,158,125,0.5,0.544,1.088,11,9,,,,,,,0.82,0.528,1.274,1.039,1.182,1.195,,,,Playmaker,0.95,,,-0.42,-0.5,Euroleague,2022-23,intl
Vanja Marinkovic,249,207,42,17,10,40.0,231,57.6,-17.6,74,54.1,-4.0,27,55.6,57.0,-1.5,0,,0,,,,1.008,0.88,1.155,,,,,,,0.618,134,145,0.47,0.497,1.056,7,7,,,,,,,0.778,0.503,1.202,0.984,0.769,1.015,,,,Wing,-0.01,,,0.38,-0.67,Euroleague,2022-23,intl
Filip Petrusev,249,207,42,13,9,72.2,240,57.7,14.5,65,57.7,-0.7,28,44.6,60.0,-15.3,0,,0,,,,0.934,0.82,1.063,,,,,,,0.808,130,143,0.446,0.392,0.878,6,5,,,,,,,0.928,0.666,1.295,0.936,1.059,0.965,,,,Big,-0.41,,,1.62,-0.08,Euroleague,2022-23,intl
Maik Kotsar,243,231,12,7,6,100.0,196,64.8,35.2,32,62.5,-4.0,24,58.3,66.9,-8.5,0,,0,,,,0.931,0.668,1.299,,,,,,,0.429,134,116,0.284,0.267,0.942,3,2,,,,,,,0.807,0.446,1.46,0.934,0.618,0.931,,,,Big,-0.43,,,0.0,-0.46,Euroleague,2022-23,intl
Nikola Kalinic,238,211,27,11,15,43.3,169,57.7,-14.4,39,44.9,-14.8,21,40.5,58.6,-18.1,0,,0,,,,1.109,0.89,1.382,,,,,,,0.614,136,118,0.309,0.458,1.482,2,6,,,,,,,0.824,0.491,1.382,1.069,0.693,1.121,,,,Wing,0.57,,,0.36,-0.54,Euroleague,2022-23,intl
Elijah Bryant,235,208,27,10,12,50.0,194,60.3,-10.3,59,60.2,0.6,29,56.9,60.2,-3.3,0,,0,,,,0.945,0.748,1.195,,,,,,,0.675,129,131,0.38,0.374,0.985,4,3,,,,,,,1.099,0.748,1.614,0.943,1.076,0.994,,,,Wing,-0.37,,,0.65,0.25,Euroleague,2022-23,intl
Isaiah Canaan,233,192,41,19,1,0.0,222,51.6,-51.6,8,43.8,-7.9,27,46.3,52.0,-5.7,0,,0,,,,0.908,0.765,1.079,,,,,,,0.539,140,123,0.557,0.472,0.846,8,2,,,,,,,0.848,0.525,1.368,0.98,1.034,0.891,,,,Playmaker,-0.97,,,-0.56,-0.4,Euroleague,2022-23,intl
Yam Madar,232,219,13,12,11,31.8,168,53.3,-21.5,33,42.4,-11.7,27,53.7,51.6,2.1,0,,0,,,,1.196,0.934,1.53,,,,,,,0.271,149,97,0.329,0.505,1.536,4,1,,,,,,,0.542,0.204,1.441,1.115,1.387,1.225,,,,Wing,1.07,,,-1.26,-1.34,Euroleague,2022-23,intl
Daniel Hackett,231,222,9,4,4,62.5,129,58.9,3.6,21,54.8,-5.1,22,36.4,63.5,-27.1,0,,0,,,,0.587,0.231,1.49,,,,,,,0.562,130,105,0.262,0.314,1.202,0,1,,,,,,,0.646,0.129,3.23,0.794,,0.587,,,,Playmaker,-3.2,,,-0.44,-1.15,Euroleague,2022-23,intl
Iffe Lundberg,229,209,20,13,13,42.3,174,51.1,-8.8,47,47.9,-3.6,34,39.7,52.9,-13.2,0,,0,,,,0.86,0.618,1.197,,,,,,,0.385,122,125,0.426,0.432,1.014,3,4,,,,,,,0.81,0.4,1.643,1.092,1.067,0.844,,,,,,,,,,Euroleague,2022-23,intl
Nicolo Melli,228,209,19,10,11,31.8,184,57.6,-25.8,43,46.5,-12.4,47,64.9,53.4,11.5,0,,0,,,,0.982,0.771,1.251,,,,,,,0.475,125,116,0.384,0.431,1.122,2,5,,,,,,,0.487,0.208,1.14,1.002,1.105,0.948,,,,Wing,-0.16,,,-0.3,-1.5,Euroleague,2022-23,intl
Corey Walden,226,185,41,15,9,55.6,181,48.1,7.5,38,60.5,15.1,28,33.9,50.9,-17.0,0,,0,,,,0.785,0.598,1.029,,,,,,,0.683,124,132,0.468,0.455,0.972,6,7,,,,,,,0.66,0.344,1.265,0.844,0.909,0.867,,,,Playmaker,-1.82,,,0.17,-1.09,Euroleague,2022-23,intl
Giannoulis Larentzakis,223,177,46,21,13,61.5,198,53.3,8.3,85,62.9,15.3,34,63.2,52.0,11.3,0,,0,,,,0.898,0.755,1.068,,,,,,,0.548,137,114,0.54,0.447,0.828,6,2,,,,,,,1.224,0.843,1.778,0.961,1.063,0.908,,,,Wing,-0.64,,,0.05,0.61,Euroleague,2022-23,intl
Jarell Martin,221,180,41,18,5,0.0,223,51.8,-51.8,45,37.8,-16.0,20,22.5,53.4,-30.9,0,,0,,,,1.071,1.002,1.144,,,,,,,0.569,138,107,0.507,0.579,1.142,8,7,,,,,,,0.778,0.506,1.197,0.975,1.086,1.074,,,,Big,0.4,,,0.6,-0.55,Euroleague,2022-23,intl
Nate Wolters,221,193,28,9,4,25.0,162,50.9,-25.9,32,54.7,5.4,27,46.3,51.1,-4.8,0,,0,,,,0.985,0.75,1.292,,,,,,,0.778,124,116,0.46,0.302,0.656,8,1,,,,,,,0.424,0.175,1.03,1.104,0.675,0.909,,,,Playmaker,-0.43,,,0.64,-1.97,Euroleague,2022-23,intl
Klemen Prepelic,218,188,30,15,8,31.2,138,43.8,-12.6,41,36.6,-9.1,9,44.4,43.1,1.4,0,,0,,,,1.082,0.804,1.458,,,,,,,0.5,130,107,0.385,0.439,1.142,5,2,,,,,,,0.808,0.4,1.63,1.421,0.69,1.044,,,,Wing,0.42,,,-0.18,-0.58,Euroleague,2022-23,intl
Shane Larkin,216,190,26,8,9,83.3,135,54.8,28.5,41,57.3,1.0,22,34.1,60.7,-26.6,0,,0,,,,1.124,0.85,1.487,,,,,,,0.812,109,121,0.358,0.347,0.97,2,3,,,,,,,1.402,0.919,2.139,1.18,1.0,0.985,,,,Playmaker,0.53,,,0.82,1.64,Euroleague,2022-23,intl
Guerschon Yabusele,215,188,27,13,17,52.9,179,59.8,-6.8,50,54.0,-7.0,32,51.6,60.7,-9.1,0,,0,,,,0.937,0.758,1.158,,,,,,,0.519,115,121,0.391,0.421,1.077,5,7,,,,,,,0.864,0.54,1.383,1.117,1.009,0.918,,,,Wing,-0.42,,,-0.09,-0.42,Euroleague,2022-23,intl
John Brown,213,193,20,13,3,66.7,191,49.0,17.7,37,40.5,-10.7,20,25.0,52.0,-27.0,0,,0,,,,1.132,1.006,1.274,,,,,,,0.385,124,102,0.387,0.51,1.317,4,6,,,,,,,1.144,0.757,1.728,1.023,1.042,1.132,,,,Big,0.76,,,-0.18,0.6,Euroleague,2022-23,intl
Sergio Llull,213,167,46,15,17,47.1,153,39.2,7.8,66,48.5,13.9,21,28.6,41.6,-13.0,0,,0,,,,0.915,0.726,1.154,,,,,,,0.767,107,131,0.514,0.481,0.936,4,8,,,,,,,0.939,0.512,1.723,1.007,0.948,0.919,,,,Wing,-0.54,,,1.08,-0.21,Euroleague,2022-23,intl
Georgios Papagiannis,212,189,23,10,4,75.0,201,61.7,13.3,46,69.6,9.8,16,46.9,63.2,-16.4,0,,0,,,,1.089,0.983,1.206,,,,,,,0.575,127,103,0.441,0.301,0.683,6,2,,,,,,,1.036,0.739,1.452,1.134,0.984,1.063,,,,,,,,,,Euroleague,2022-23,intl
James Webb Iii,212,181,31,13,12,54.2,195,59.0,-4.8,50,70.0,14.9,18,44.4,60.1,-15.6,0,,0,,,,1.131,,,,,,,,,0.596,118,111,0.458,0.523,1.142,6,5,,,,,,,0.692,0.421,1.139,1.083,1.125,1.131,,,,Big,0.75,,,0.71,-0.82,Euroleague,2022-23,intl
Tornike Shengelia,212,186,26,11,5,40.0,150,52.7,-12.7,35,37.1,-19.5,26,51.9,52.3,-0.4,0,,0,,,,0.981,0.728,1.321,,,,,,,0.591,117,110,0.376,0.327,0.87,3,5,,,,,,,1.059,0.654,1.714,1.116,1.115,0.991,,,,Wing,-0.16,,,0.25,0.13,Euroleague,2022-23,intl
Sertac Sanli,211,189,22,14,4,75.0,185,50.8,24.2,45,51.1,-0.3,20,35.0,53.3,-18.3,0,,0,,,,0.998,0.81,1.228,,,,,,,0.393,122,107,0.402,0.505,1.257,5,8,,,,,,,0.783,0.429,1.427,1.038,0.599,0.934,,,,Big,-0.03,,,-0.15,-0.53,Euroleague,2022-23,intl
Keenan Evans,211,183,28,8,11,50.0,161,64.3,-14.3,48,64.6,1.7,23,60.9,63.8,-2.9,0,,0,,,,1.073,0.868,1.327,,,,,,,0.875,109,125,0.376,0.352,0.936,4,2,,,,,,,1.148,0.781,1.686,0.889,0.754,1.016,,,,Wing,0.37,,,1.59,0.39,Euroleague,2022-23,intl
Mam Jaiteh,209,193,16,8,4,75.0,189,58.7,16.3,22,81.8,25.7,20,60.0,59.0,1.0,0,,0,,,,1.011,0.833,1.227,,,,,,,0.5,120,102,0.392,0.314,0.801,3,2,,,,,,,0.446,0.193,1.029,1.103,1.154,0.983,,,,,,,,,,Euroleague,2022-23,intl
Jonah Radebaugh,207,188,19,12,7,57.1,162,50.6,6.5,33,47.0,-4.9,25,42.0,52.4,-10.4,0,,0,,,,1.045,0.817,1.337,,,,,,,0.396,121,99,0.455,0.424,0.933,2,3,,,,,,,0.861,0.452,1.639,1.025,1.319,1.059,,,,Playmaker,-0.01,,,-1.28,-0.35,Euroleague,2022-23,intl
Andreas Obst,207,144,63,21,14,57.1,190,57.4,-0.2,65,58.5,1.6,30,43.3,59.8,-16.4,0,,0,,,,0.993,0.874,1.128,,,,,,,0.75,123,115,0.496,0.513,1.034,8,7,,,,,,,1.239,0.894,1.719,1.022,1.135,1.003,,,,Wing,-0.09,,,1.0,0.65,Euroleague,2022-23,intl
Ioannis Papapetrou,206,194,12,17,9,11.1,174,50.6,-39.5,41,37.8,-14.0,43,47.7,48.9,-1.3,0,,0,,,,1.03,0.792,1.338,,,,,,,0.176,122,101,0.475,0.495,1.041,1,5,,,,,,,0.43,0.123,1.503,1.015,1.045,1.03,,,,Wing,0.12,,,-1.71,-1.66,Euroleague,2022-23,intl
Luka Mitrovic,204,200,4,2,8,62.5,139,64.4,-1.9,33,65.2,1.1,25,52.0,66.8,-14.8,0,,0,,,,1.056,0.596,1.873,,,,,,,0.5,104,102,0.24,0.275,1.142,0,1,,,,,,,0.514,0.103,2.561,1.046,0.701,1.056,,,,Wing,0.27,,,-0.18,-1.42,Euroleague,2022-23,intl
Benjamin Bentil,204,168,36,14,10,15.0,193,53.4,-38.4,38,34.2,-21.2,34,50.0,51.8,-1.8,0,,0,,,,1.005,0.869,1.161,,,,,,,0.643,128,105,0.477,0.486,1.019,7,5,,,,,,,0.839,0.537,1.309,1.02,1.04,1.04,,,,,,,,,,Euroleague,2022-23,intl
Alex Abrines,202,179,23,11,5,80.0,177,63.0,17.0,49,45.9,-24.0,18,47.2,65.2,-18.0,0,,0,,,,1.104,0.957,1.274,,,,,,,0.523,112,104,0.438,0.481,1.099,2,4,,,,,,,0.869,0.516,1.462,0.997,1.085,1.07,,,,Wing,0.54,,,-0.07,-0.41,Euroleague,2022-23,intl
Devon Hall,201,156,45,15,14,25.0,153,47.4,-22.4,52,51.9,9.3,24,35.4,47.2,-11.8,0,,0,,,,0.96,0.77,1.195,,,,,,,0.75,103,125,0.447,0.464,1.039,5,9,,,,,,,1.067,0.665,1.715,1.195,0.903,0.945,,,,Wing,-0.28,,,1.0,0.16,Euroleague,2022-23,intl
Josh Nebo,201,196,5,4,7,42.9,172,65.7,-22.8,39,59.0,-7.5,10,50.0,65.7,-15.7,0,,0,,,,1.153,,,,,,,,,0.312,114,91,0.325,0.286,0.88,1,2,,,,,,,0.903,0.438,1.861,1.173,1.148,1.153,,,,Big,0.88,,,-0.5,-0.16,Euroleague,2022-23,intl
Tomas Dimsa,200,160,40,20,15,60.0,178,47.5,12.5,52,45.2,-4.5,27,48.1,48.5,-0.3,0,,0,,,,0.943,0.808,1.1,,,,,,,0.5,120,102,0.567,0.5,0.882,7,5,,,,,,,0.935,0.587,1.489,1.007,1.004,0.952,,,,Wing,-0.38,,,-0.18,-0.22,Euroleague,2022-23,intl
Jordan Mickey,198,153,45,20,4,75.0,206,46.4,28.6,40,60.0,16.2,37,33.8,49.7,-15.9,0,,0,,,,0.94,0.831,1.064,,,,,,,0.562,132,99,0.523,0.515,0.986,11,4,,,,,,,1.205,0.855,1.699,0.993,0.961,0.932,,,,Wing,-0.4,,,0.11,0.55,Euroleague,2022-23,intl
Nigel Williams-Goss,198,193,5,5,6,58.3,136,58.1,0.2,16,62.5,5.0,17,52.9,58.8,-5.9,0,,0,,,,1.161,0.741,1.818,,,,,,,0.25,100,103,0.3,0.359,1.197,0,3,,,,,,,1.385,0.77,2.492,1.127,,1.161,,,,Playmaker,0.79,,,-2.01,1.58,Euroleague,2022-23,intl
John Dibartolomeo,197,183,14,12,5,50.0,160,56.6,-6.6,47,56.4,0.0,23,37.0,59.5,-22.6,0,,0,,,,0.817,0.549,1.216,,,,,,,0.292,94,115,0.457,0.47,1.026,1,5,,,,,,,1.016,0.478,2.158,1.06,1.277,0.817,,,,Playmaker,-1.6,,,-1.8,0.22,Euroleague,2022-23,intl
David Lighty,196,162,34,14,6,75.0,169,51.5,23.5,36,40.3,-15.1,25,66.0,50.0,16.0,0,,0,,,,1.182,1.033,1.351,,,,,,,0.607,111,109,0.405,0.459,1.131,4,4,,,,,,,1.008,0.671,1.514,1.058,1.057,1.166,,,,Wing,0.99,,,0.32,-0.01,Euroleague,2022-23,intl
Dyshawn Pierre,194,163,31,10,5,50.0,159,58.8,-8.8,26,67.3,10.4,20,35.0,61.8,-26.8,0,,0,,,,0.869,0.673,1.123,,,,,,,0.775,119,92,0.387,0.424,1.097,5,3,,,,,,,0.916,0.568,1.479,0.943,1.023,0.903,,,,Wing,-0.81,,,1.12,-0.27,Euroleague,2022-23,intl
Lukas Lekavicius,194,178,16,6,4,62.5,156,54.8,7.7,34,55.9,1.1,20,32.5,58.2,-25.7,0,,0,,,,0.967,0.721,1.298,,,,,,,0.667,103,104,0.466,0.356,0.763,2,1,,,,,,,1.015,0.562,1.832,0.96,0.738,0.967,,,,Playmaker,-0.56,,,0.09,0.22,Euroleague,2022-23,intl
Mateusz Ponitka,190,167,23,11,11,50.0,134,48.9,1.1,49,48.0,-1.5,21,47.6,49.2,-1.6,0,,0,,,,1.122,0.86,1.464,,,,,,,0.523,104,105,0.365,0.419,1.147,3,4,,,,,,,0.906,0.495,1.657,1.14,1.166,1.164,,,,Wing,0.65,,,-0.07,-0.3,Euroleague,2022-23,intl
Johannes Thiemann,189,164,25,9,9,33.3,156,51.0,-17.6,34,39.7,-13.0,21,40.5,51.4,-10.9,0,,0,,,,1.11,0.942,1.309,,,,,,,0.694,122,80,0.434,0.425,0.978,5,3,,,,,,,0.909,0.558,1.482,0.986,1.237,1.131,,,,Wing,0.58,,,0.74,-0.29,Euroleague,2022-23,intl
Timothe Luwawu-Cabarrot,189,151,38,17,5,0.0,190,52.1,-52.1,45,38.9,-15.4,27,46.3,51.5,-5.2,0,,0,,,,1.092,0.991,1.204,,,,,,,0.559,118,101,0.466,0.525,1.126,4,8,,,,,,,0.998,0.676,1.473,0.996,1.141,1.077,,,,Wing,0.48,,,0.1,-0.04,Euroleague,2022-23,intl
Roman Sorkin,189,179,10,3,8,87.5,153,64.7,22.8,45,64.4,-1.9,11,81.8,64.7,17.2,0,,0,,,,0.841,0.558,1.268,,,,,,,0.833,96,98,0.323,0.255,0.79,1,2,,,,,,,0.843,0.44,1.616,1.049,1.208,0.901,,,,Big,-0.95,,,1.72,-0.35,Euroleague,2022-23,intl
Donta Hall,188,185,3,1,8,75.0,159,72.3,2.7,42,73.8,1.8,17,64.7,73.3,-8.6,0,,0,,,,0.752,0.337,1.677,,,,,,,0.75,100,89,0.22,0.27,1.226,0,0,,,,,,,1.378,,,0.945,,0.752,,,,Big,-1.48,,,1.37,1.33,Euroleague,2022-23,intl
Arnas Butkevicius,186,171,15,10,8,31.2,132,48.5,-17.2,38,44.7,-3.8,33,42.4,49.1,-6.6,0,,0,,,,1.054,0.765,1.452,,,,,,,0.375,88,110,0.409,0.418,1.022,1,5,,,,,,,0.816,0.364,1.83,0.963,0.801,1.014,,,,Wing,0.26,,,-0.77,-0.56,Euroleague,2022-23,intl
Yovel Zoosman,186,156,30,13,7,92.9,149,49.7,43.2,41,64.6,17.7,12,29.2,53.5,-24.3,0,,0,,,,1.092,0.91,1.311,,,,,,,0.577,92,107,0.478,0.402,0.84,4,5,,,,,,,0.903,0.559,1.458,1.04,0.918,1.092,,,,Wing,0.48,,,0.18,-0.31,Euroleague,2022-23,intl
Daulton Hommes,185,173,12,10,7,64.3,147,55.1,9.2,34,39.7,-20.3,12,62.5,54.9,7.6,0,,0,,,,0.542,0.276,1.064,,,,,,,0.3,96,106,0.375,0.491,1.308,1,4,,,,,,,1.308,0.625,2.739,0.929,0.654,0.607,,,,Wing,-2.69,,,-1.13,0.85,Euroleague,2022-23,intl
Amine Noua,183,157,26,14,8,0.0,171,52.9,-52.9,38,44.7,-7.4,21,47.6,50.9,-3.3,0,,0,,,,0.942,0.793,1.119,,,,,,,0.464,107,93,0.486,0.548,1.128,4,6,,,,,,,1.085,0.689,1.708,0.996,0.928,0.954,,,,Wing,-0.39,,,-0.35,0.21,Euroleague,2022-23,intl
Ben Lammers,182,168,14,14,4,75.0,170,49.7,25.3,27,66.7,19.4,24,29.2,53.7,-24.5,0,,0,,,,0.8,0.572,1.119,,,,,,,0.25,106,90,0.481,0.456,0.947,2,5,,,,,,,0.577,0.221,1.505,0.905,0.558,0.8,,,,Big,-1.2,,,-0.76,-1.18,Euroleague,2022-23,intl
Xabi Lopez-Arostegui,181,155,26,11,9,27.8,147,50.3,-22.6,50,48.0,-1.5,29,25.9,54.3,-28.5,0,,0,,,,1.052,0.856,1.293,,,,,,,0.591,102,100,0.451,0.45,0.998,5,4,,,,,,,1.388,0.904,2.129,1.036,1.304,1.002,,,,,,,,,,Euroleague,2022-23,intl
Youssoupha Fall,179,161,18,7,8,75.0,173,68.2,6.8,32,81.2,15.5,16,62.5,69.1,-6.6,0,,0,,,,1.073,,,,,,,,,0.643,119,73,0.37,0.178,0.482,5,0,,,,,,,0.943,0.67,1.329,1.031,1.067,1.073,,,,Big,0.41,,,0.91,-0.03,Euroleague,2022-23,intl
Pierria Henry,178,169,9,3,6,16.7,99,49.5,-32.8,34,44.1,-5.2,14,57.1,46.2,11.0,0,,0,,,,1.043,0.572,1.903,,,,,,,0.75,94,94,0.223,0.404,1.81,0,3,,,,,,,0.409,0.07,2.391,0.761,1.383,1.252,,,,Playmaker,-0.03,,,0.5,-2.02,Euroleague,2022-23,intl
Tibor Pleiss,177,156,21,8,5,50.0,167,58.1,-8.1,30,58.3,0.6,27,51.9,59.0,-7.1,0,,0,,,,0.987,0.852,1.143,,,,,,,0.656,120,67,0.45,0.388,0.862,5,0,,,,,,,1.048,0.695,1.58,0.978,1.093,0.998,,,,Big,-0.1,,,0.97,0.3,Euroleague,2022-23,intl
Kyle Hines,175,167,8,4,3,0.0,125,64.0,-64.0,25,60.0,-3.1,21,52.4,64.5,-12.1,0,,0,,,,0.696,0.346,1.4,,,,,,,0.5,96,84,0.271,0.262,0.967,1,0,,,,,,,0.38,0.069,2.083,1.021,,0.619,,,,Wing,-1.81,,,-0.18,-1.81,Euroleague,2022-23,intl
Isaac Bonga,174,152,22,15,4,25.0,157,45.9,-20.9,31,45.2,-0.2,21,21.4,48.9,-27.5,0,,0,,,,0.877,0.673,1.145,,,,,,,0.367,106,87,0.462,0.563,1.218,5,2,,,,,,,0.859,0.443,1.667,0.939,0.872,0.928,,,,Wing,-0.76,,,-0.81,-0.44,Euroleague,2022-23,intl
Johannes Voigtmann,173,160,13,10,11,50.0,129,49.2,0.8,31,50.0,0.9,8,75.0,47.7,27.3,0,,0,,,,1.138,0.887,1.459,,,,,,,0.325,89,95,0.461,0.442,0.96,3,5,,,,,,,0.816,0.364,1.83,0.824,1.105,1.152,,,,Big,0.79,,,-0.44,-0.43,Euroleague,2022-23,intl
Kevin Pangos,170,131,39,12,14,39.3,128,47.7,-8.4,49,43.9,-4.5,22,54.5,45.4,9.1,0,,0,,,,1.12,0.898,1.396,,,,,,,0.812,91,108,0.396,0.491,1.24,3,9,,,,,,,1.083,0.674,1.742,0.944,1.076,1.167,,,,Playmaker,0.51,,,0.82,0.47,Euroleague,2022-23,intl
Louis Olinde,168,149,19,13,5,0.0,149,60.7,-60.7,37,36.5,-29.3,15,63.3,58.3,5.1,0,,0,,,,1.111,0.934,1.321,,,,,,,0.365,107,78,0.355,0.487,1.372,2,4,,,,,,,1.252,0.847,1.852,1.091,1.211,1.129,,,,Wing,0.58,,,-0.82,0.69,Euroleague,2022-23,intl
Devin Booker,166,152,14,8,4,62.5,140,51.4,11.1,25,56.0,5.2,13,53.8,51.5,2.3,0,,0,,,,0.679,0.429,1.074,,,,,,,0.438,98,77,0.51,0.364,0.713,3,0,,,,,,,1.085,0.529,2.224,0.873,0.603,0.713,,,,Wing,-1.9,,,-0.47,0.21,Euroleague,2022-23,intl
Dee Bost,166,139,27,12,10,65.0,123,40.2,24.8,31,29.0,-17.0,24,31.2,44.5,-13.2,0,,0,,,,1.007,0.752,1.349,,,,,,,0.562,109,88,0.413,0.534,1.294,5,9,,,,,,,0.774,0.35,1.712,0.859,0.793,0.988,,,,Playmaker,-0.28,,,-0.44,-0.67,Euroleague,2022-23,intl
Kevarrius Hayes,166,154,12,9,5,80.0,151,49.0,31.0,30,46.7,-4.1,23,39.1,51.9,-12.7,0,,0,,,,0.937,0.723,1.214,,,,,,,0.333,105,70,0.419,0.486,1.159,4,1,,,,,,,0.761,0.35,1.653,1.044,1.128,0.937,,,,Big,-0.39,,,-0.41,-0.6,Euroleague,2022-23,intl
Jaron Blossomgame,164,145,19,12,9,66.7,161,48.1,18.5,48,55.2,8.5,20,50.0,49.0,1.0,0,,0,,,,0.872,0.716,1.062,,,,,,,0.396,85,93,0.6,0.484,0.806,4,1,,,,,,,1.25,0.782,1.999,0.997,0.807,0.888,,,,Wing,-0.79,,,-0.67,0.68,Euroleague,2022-23,intl
Naz Mitrou-Long,163,135,28,11,1,0.0,131,49.2,-49.2,38,52.6,5.3,17,50.0,48.7,1.3,0,,0,,,,1.094,0.877,1.363,,,,,,,0.636,100,78,0.42,0.526,1.252,3,4,,,,,,,1.16,0.689,1.953,1.182,0.982,1.042,,,,,,,,,,Euroleague,2022-23,intl
Othello Hunter,162,143,19,9,9,50.0,137,59.5,-9.5,42,50.0,-12.5,22,65.9,57.7,8.2,0,,0,,,,1.168,1.023,1.333,,,,,,,0.528,97,77,0.361,0.481,1.332,3,3,,,,,,,0.921,0.563,1.505,0.897,1.197,1.176,,,,Wing,0.91,,,-0.05,-0.26,Euroleague,2022-23,intl
Yanni Wetzell,162,140,22,9,8,37.5,148,52.7,-15.2,55,56.4,6.9,18,33.3,54.3,-21.0,0,,0,,,,0.967,0.811,1.153,,,,,,,0.611,84,90,0.429,0.433,1.011,3,3,,,,,,,1.064,0.702,1.613,1.105,0.736,0.986,,,,Big,-0.21,,,0.78,0.35,Euroleague,2022-23,intl
Marius Grigonis,161,141,20,9,11,50.0,127,57.5,-7.5,45,58.9,3.0,18,47.2,58.3,-11.1,0,,0,,,,1.3,1.128,1.499,,,,,,,0.556,88,92,0.466,0.402,0.863,3,2,,,,,,,1.325,0.852,2.061,1.005,1.322,1.312,,,,Wing,1.67,,,0.08,0.89,Euroleague,2022-23,intl
Semi Ojeleye,161,141,20,13,9,33.3,157,65.3,-32.0,41,59.8,-5.0,27,53.7,65.5,-11.8,0,,0,,,,0.961,0.826,1.12,,,,,,,0.385,86,91,0.395,0.484,1.223,2,6,,,,,,,0.762,0.446,1.303,1.018,0.96,0.971,,,,Wing,-0.28,,,-0.73,-0.71,Euroleague,2022-23,intl
Kyle Weems,160,141,19,11,0,,149,56.7,,32,59.4,3.4,16,65.6,55.6,10.0,0,,0,,,,0.92,0.722,1.171,,,,,,,0.432,95,78,0.484,0.436,0.9,4,2,,,,,,,0.781,0.41,1.486,1.025,0.77,0.943,,,,Wing,-0.52,,,-0.5,-0.66,Euroleague,2022-23,intl
Amath M'Baye,160,148,12,8,8,56.2,138,68.1,-11.9,30,53.3,-17.8,26,73.1,66.2,6.8,0,,0,,,,0.747,0.499,1.12,,,,,,,0.375,77,91,0.403,0.429,1.065,1,3,,,,,,,0.446,0.133,1.495,0.848,0.571,0.747,,,,Wing,-1.51,,,-0.77,-1.62,Euroleague,2022-23,intl
Ante Zizic,160,151,9,4,1,100.0,144,70.1,29.9,27,59.3,-13.6,13,76.9,69.7,7.2,0,,0,,,,1.144,,,,,,,,,0.562,96,68,0.24,0.294,1.228,2,1,,,,,,,0.599,0.286,1.251,1.186,1.137,1.144,,,,Big,0.83,,,0.57,-1.11,Euroleague,2022-23,intl
Darrun Hilliard,155,144,11,13,3,50.0,134,56.3,-6.3,39,60.3,5.7,17,23.5,60.8,-37.3,0,,0,,,,1.025,0.766,1.37,,,,,,,0.212,73,95,0.452,0.505,1.118,2,7,,,,,,,0.723,0.281,1.861,1.023,0.819,1.025,,,,Wing,0.09,,,-1.54,-0.83,Euroleague,2022-23,intl
Aleksa Avramovic,155,146,9,5,2,75.0,128,51.6,23.4,35,47.1,-6.5,13,46.2,52.6,-6.4,0,,0,,,,0.832,0.52,1.33,,,,,,,0.45,77,87,0.455,0.425,0.936,3,2,,,,,,,1.064,0.467,2.422,0.935,0.948,0.771,,,,Wing,-1.02,,,-0.42,0.15,Euroleague,2022-23,intl
Augustine Rubit,154,129,25,11,4,87.5,132,52.7,34.8,35,64.3,14.3,21,52.4,53.9,-1.5,0,,0,,,,0.952,0.751,1.206,,,,,,,0.568,95,74,0.379,0.405,1.07,5,5,,,,,,,0.935,0.59,1.479,0.904,1.252,0.993,,,,Wing,-0.33,,,0.14,-0.22,Euroleague,2022-23,intl
Marco Belinelli,153,119,34,14,3,83.3,158,55.4,28.0,54,57.4,2.3,15,23.3,59.2,-35.9,0,,0,,,,1.024,0.906,1.156,,,,,,,0.607,86,94,0.535,0.5,0.935,5,6,,,,,,,1.069,0.702,1.625,0.929,1.133,0.988,,,,Wing,0.08,,,0.32,0.16,Euroleague,2022-23,intl
Alessandro Pajola,153,153,0,0,1,150.0,78,48.1,101.9,28,28.6,-32.2,16,34.4,53.2,-18.8,0,,0,,,,,,,,,,,,,,75,78,0.213,0.385,1.803,0,0,,,,,,,,,,1.076,,,,,,Wing,,,,,,Euroleague,2022-23,intl
Isaiah Taylor,150,130,20,9,4,25.0,115,52.2,-27.2,36,45.8,-7.8,29,50.0,51.7,-1.7,0,,0,,,,0.989,0.727,1.345,,,,,,,0.556,83,83,0.386,0.373,0.969,2,1,,,,,,,1.408,0.898,2.208,0.924,1.05,0.98,,,,Playmaker,-0.4,,,-0.47,1.67,Euroleague,2022-23,intl
Jasiel Rivero,149,119,30,11,9,77.8,141,54.3,23.5,37,59.5,5.0,11,36.4,57.2,-20.8,0,,0,,,,1.038,0.927,1.162,,,,,,,0.682,85,80,0.412,0.412,1.002,4,2,,,,,,,1.065,0.758,1.497,0.946,0.824,1.017,,,,Big,0.2,,,1.08,0.35,Euroleague,2022-23,intl
Ognjen Jaramaz,148,134,14,11,3,83.3,117,46.2,37.2,37,51.4,6.2,26,32.7,51.1,-18.4,0,,0,,,,1.074,0.802,1.439,,,,,,,0.318,81,78,0.494,0.423,0.857,2,4,,,,,,,1.114,0.559,2.22,1.142,0.664,1.074,,,,Wing,0.37,,,-1.04,0.29,Euroleague,2022-23,intl
Shabazz Napier,145,132,13,6,7,21.4,103,62.1,-40.7,34,69.1,13.9,22,50.0,61.9,-11.9,0,,0,,,,1.128,0.819,1.553,,,,,,,0.542,79,80,0.418,0.338,0.808,2,4,,,,,,,0.574,0.218,1.511,1.225,1.157,1.121,,,,Playmaker,0.56,,,-0.54,-1.41,Euroleague,2022-23,intl
Charles Kahudi,145,129,16,11,6,58.3,140,50.0,8.3,34,63.2,16.8,30,56.7,48.7,8.0,0,,0,,,,1.043,0.907,1.198,,,,,,,0.364,85,75,0.506,0.573,1.133,2,4,,,,,,,0.562,0.238,1.33,1.112,0.991,1.054,,,,,,,,,,Euroleague,2022-23,intl
Freddie Gillespie,143,138,5,8,4,75.0,132,48.5,26.5,21,42.9,-7.6,17,35.3,51.3,-16.0,0,,0,,,,1.122,,,,,,,,,0.156,82,69,0.439,0.478,1.089,0,1,,,,,,,0.373,0.064,2.168,1.046,,1.122,,,,Big,0.7,,,-1.16,-1.82,Euroleague,2022-23,intl
Petr Cornelie,142,137,5,7,3,0.0,132,65.2,-65.2,26,69.2,6.8,13,80.8,61.9,18.9,0,,0,,,,1.114,,,,,,,,,0.179,91,58,0.429,0.466,1.086,1,2,,,,,,,0.745,0.252,2.208,0.997,,1.114,,,,Big,0.65,,,-1.06,-0.65,Euroleague,2022-23,intl
Arturas Gudaitis,141,139,2,2,6,83.3,122,63.1,20.2,36,61.1,-4.1,22,45.5,67.9,-22.5,0,,0,,,,1.121,,,,,,,,,0.25,75,68,0.28,0.368,1.313,0,0,,,,,,,1.55,,,0.992,,1.121,,,,Big,0.69,,,-0.76,1.88,Euroleague,2022-23,intl
Jalen Adams,140,121,19,8,3,66.7,129,49.6,17.1,34,55.9,7.9,17,35.3,52.2,-16.9,0,,0,,,,1.084,0.873,1.346,,,,,,,0.594,86,77,0.488,0.442,0.904,5,1,,,,,,,1.356,0.827,2.223,1.028,1.135,1.105,,,,Playmaker,0.26,,,-0.28,1.47,Euroleague,2022-23,intl
Vincent Poirier,139,135,4,4,2,50.0,124,61.3,-11.3,33,75.8,19.8,17,47.1,63.3,-16.2,0,,0,,,,0.572,0.214,1.527,,,,,,,0.25,90,55,0.422,0.218,0.517,3,0,,,,,,,1.639,,,0.953,,0.764,,,,Big,-2.54,,,-0.76,2.15,Euroleague,2022-23,intl
Adam Hanga,138,123,15,8,7,21.4,94,47.9,-26.4,20,42.5,-4.4,14,39.3,47.1,-7.8,0,,0,,,,0.879,0.571,1.351,,,,,,,0.469,76,70,0.382,0.486,1.273,1,3,,,,,,,,,,1.203,0.62,0.879,,,,Wing,-0.75,,,-0.33,,Euroleague,2022-23,intl
Mike Tobey,137,125,12,5,0,,130,66.9,,30,68.3,1.8,9,72.2,66.5,5.7,0,,0,,,,0.822,0.591,1.145,,,,,,,0.6,76,68,0.395,0.397,1.006,2,1,,,,,,,0.99,0.54,1.815,0.867,0.735,0.863,,,,Big,-1.07,,,0.73,0.12,Euroleague,2022-23,intl
Alec Peters,137,124,13,10,5,30.0,129,54.7,-24.7,41,51.2,-3.6,13,76.9,51.2,25.7,0,,0,,,,0.852,0.629,1.153,,,,,,,0.325,93,57,0.462,0.596,1.29,4,4,,,,,,,1.318,0.764,2.273,1.033,0.61,0.812,,,,Wing,-0.91,,,-1.01,0.87,Euroleague,2022-23,intl
Danilo Andjusic,135,123,12,7,2,0.0,106,60.4,-60.4,27,57.4,-2.5,18,52.8,60.6,-7.8,0,,0,,,,1.003,0.712,1.412,,,,,,,0.429,68,74,0.353,0.459,1.302,2,2,,,,,,,0.652,0.254,1.679,1.044,,1.003,,,,Wing,-0.04,,,-0.52,-1.03,Euroleague,2022-23,intl
Achille Polonara,135,129,6,5,1,0.0,105,56.2,-56.2,26,51.9,-5.0,10,80.0,53.1,26.9,0,,0,,,,0.665,0.297,1.489,,,,,,,0.3,84,58,0.381,0.448,1.177,1,2,,,,,,,0.703,0.14,3.53,0.695,0.993,0.661,,,,Wing,-1.98,,,-1.13,-0.88,Euroleague,2022-23,intl
Laurynas Birutis,134,126,8,6,3,100.0,123,62.6,37.4,27,63.0,-0.7,20,65.0,63.2,1.8,0,,0,,,,0.829,0.553,1.242,,,,,,,0.333,74,66,0.365,0.288,0.789,1,1,,,,,,,1.0,0.56,1.787,1.001,,0.829,,,,Big,-1.03,,,-0.41,0.15,Euroleague,2022-23,intl
Niels Giffey,134,120,14,8,6,50.0,118,61.4,-11.4,33,59.1,-2.4,13,69.2,59.9,9.3,0,,0,,,,1.082,0.92,1.273,,,,,,,0.438,60,82,0.467,0.415,0.889,1,1,,,,,,,1.268,0.79,2.035,1.087,1.155,1.082,,,,Wing,0.42,,,-0.47,0.73,Euroleague,2022-23,intl
Facundo Campazzo,133,111,22,6,9,66.7,85,51.8,14.9,29,63.8,15.3,16,25.0,59.0,-34.0,0,,0,,,,1.147,0.829,1.586,,,,,,,0.917,67,82,0.358,0.354,0.987,4,3,,,,,,,0.733,0.342,1.573,1.2,0.805,1.126,,,,Playmaker,0.69,,,1.34,-0.83,Euroleague,2022-23,intl
Gabriele Procida,133,108,25,12,1,0.0,137,47.1,-47.1,36,41.7,-6.9,13,84.6,42.8,41.8,0,,0,,,,0.95,0.815,1.109,,,,,,,0.521,82,68,0.488,0.632,1.296,2,6,,,,,,,1.19,0.739,1.918,1.044,0.925,0.937,,,,Wing,-0.34,,,-0.08,0.51,Euroleague,2022-23,intl
Fabien Causeur,131,120,11,7,2,0.0,103,48.5,-48.5,23,34.8,-16.4,10,30.0,49.5,-19.5,0,,0,,,,0.97,0.666,1.413,,,,,,,0.393,66,72,0.424,0.514,1.211,1,4,,,,,,,0.912,0.361,2.308,1.057,0.992,0.97,,,,Wing,-0.23,,,-0.69,-0.29,Euroleague,2022-23,intl
Niccolo Mannion,129,109,20,6,0,,95,48.9,,40,72.5,40.7,16,53.1,48.1,5.0,0,,0,,,,1.168,0.875,1.56,,,,,,,0.833,67,78,0.433,0.385,0.889,3,3,,,,,,,1.037,0.522,2.061,1.238,1.051,0.988,,,,,,,,,,Euroleague,2022-23,intl
Victor Claver,126,125,1,2,8,43.8,94,61.2,-17.4,26,61.5,2.3,9,77.8,58.1,19.7,0,,0,,,,1.263,,,,,,,,,0.125,75,53,0.4,0.453,1.132,0,1,,,,,,,,,,1.086,,1.263,,,,Big,1.53,,,-1.29,,Euroleague,2022-23,intl
Kyle Alexander,123,120,3,4,2,100.0,113,61.1,38.9,25,66.0,5.4,9,33.3,64.2,-30.8,0,,0,,,,1.111,,,,,,,,,0.188,69,58,0.348,0.362,1.041,1,1,,,,,,,1.612,,,0.922,1.106,1.111,,,,Big,0.63,,,-1.02,2.07,Euroleague,2022-23,intl
Stefan Markovic,121,118,3,4,1,0.0,61,48.4,-48.4,15,46.7,-1.2,19,36.8,52.3,-15.5,0,,0,,,,0.69,0.138,3.456,,,,,,,0.188,67,58,0.239,0.414,1.733,0,2,,,,,,,,,,1.809,,0.69,,,,Wing,-1.84,,,-1.66,,Euroleague,2022-23,intl
Christ Koumadje,121,117,4,3,4,100.0,112,69.6,30.4,23,82.6,14.9,11,72.7,70.5,2.3,0,,0,,,,0.798,0.452,1.407,,,,,,,0.333,66,58,0.303,0.241,0.797,1,2,,,,,,,0.453,0.091,2.252,0.939,1.07,0.798,,,,Big,-1.21,,,-0.41,-1.57,Euroleague,2022-23,intl
Tonye Jekiri,121,121,0,1,0,,95,66.3,,12,50.0,-18.7,15,53.3,68.8,-15.4,0,,0,,,,,,,,,,,,,0.0,77,45,0.247,0.289,1.171,0,1,,,,,,,,,,1.294,,,,,,Big,,,,-1.82,,Euroleague,2022-23,intl
Alen Smailagic,119,119,0,2,4,0.0,104,67.3,-67.3,22,52.3,-15.8,20,52.5,67.6,-15.1,0,,0,,,,,,,,,,,,,0.0,69,52,0.406,0.385,0.948,0,0,,,,,,,,,,1.07,,,,,,Big,,,,-1.82,,Euroleague,2022-23,intl
Isaia Cordinier,119,102,17,7,3,33.3,100,48.5,-15.2,35,55.7,11.6,9,38.9,48.9,-10.0,0,,0,,,,0.987,0.743,1.311,,,,,,,0.607,54,76,0.5,0.421,0.842,2,2,,,,,,,0.657,0.281,1.535,1.006,0.985,1.025,,,,Wing,-0.13,,,0.32,-1.01,Euroleague,2022-23,intl
Yakuba Ouattara,118,113,5,6,3,100.0,110,55.0,45.0,13,73.1,19.1,14,35.7,59.1,-23.4,0,,0,,,,1.119,,,,,,,,,0.208,76,49,0.447,0.551,1.232,0,1,,,,,,,1.262,0.6,2.658,1.076,,1.119,,,,Wing,0.63,,,-1.56,0.71,Euroleague,2022-23,intl
Ismael Bako,116,113,3,2,2,100.0,104,66.3,33.7,26,57.7,-12.3,7,71.4,66.7,4.8,0,,0,,,,1.119,,,,,,,,,0.375,70,48,0.257,0.354,1.377,0,1,,,,,,,0.976,0.434,2.196,0.995,,1.119,,,,Big,0.68,,,-0.23,0.07,Euroleague,2022-23,intl
Josep Puerto,112,110,2,3,5,90.0,91,64.3,25.7,16,81.2,18.8,15,73.3,64.2,9.1,0,,0,,,,,,,,,,,,,0.167,75,40,0.4,0.4,1.0,1,0,,,,,,,,,,0.915,,,,,,Wing,,,,-1.76,,Euroleague,2022-23,intl
Nikola Ivanovic,109,98,11,5,4,0.0,79,50.0,-50.0,14,39.3,-10.0,16,40.6,49.3,-8.6,0,,0,,,,1.197,0.878,1.631,,,,,,,0.55,62,57,0.371,0.491,1.324,2,2,,,,,,,1.379,0.718,2.649,1.027,0.718,1.125,,,,Playmaker,1.04,,,-0.5,1.56,Euroleague,2022-23,intl
Rudy Fernandez,109,105,4,7,1,0.0,85,47.6,-47.6,24,31.2,-22.0,10,75.0,43.4,31.6,0,,0,,,,0.682,0.254,1.829,,,,,,,0.143,70,46,0.443,0.565,1.276,1,1,,,,,,,,,,1.118,,0.682,,,,Wing,-1.89,,,-1.87,,Euroleague,2022-23,intl
Stefano Tonut,106,106,0,1,3,33.3,76,61.8,-28.5,16,59.4,-1.7,10,30.0,65.2,-35.2,0,,0,,,,,,,,,,,,,0.0,65,42,0.292,0.429,1.466,1,0,,,,,,,,,,0.545,,,,,,Wing,,,,-2.55,,Euroleague,2022-23,intl
Vladimir Lucic,105,91,14,8,16,53.1,89,52.8,0.3,34,58.8,8.8,13,26.9,56.5,-29.6,0,,0,,,,0.861,0.65,1.141,,,,,,,0.438,56,60,0.536,0.5,0.933,2,5,,,,,,,0.755,0.335,1.701,1.011,1.102,0.891,,,,Wing,-0.85,,,-0.47,-0.73,Euroleague,2022-23,intl
Jaime Pradilla,105,94,11,5,1,150.0,96,55.7,94.3,14,67.9,13.0,6,66.7,56.0,10.6,0,,0,,,,0.814,0.563,1.177,,,,,,,0.55,64,46,0.453,0.37,0.816,2,2,,,,,,,1.141,0.645,2.02,1.021,0.752,0.814,,,,Wing,-1.13,,,0.05,0.37,Euroleague,2022-23,intl
Parker Jackson-Cartwright,104,81,23,8,1,0.0,86,39.0,-39.0,14,14.3,-28.9,9,44.4,37.8,6.6,0,,0,,,,0.822,0.578,1.169,,,,,,,0.719,68,53,0.456,0.509,1.117,3,4,,,,,,,0.714,0.295,1.73,0.863,0.998,0.817,,,,Playmaker,-1.56,,,0.35,-0.9,Euroleague,2022-23,intl
Tadas Sedekerskis,102,99,3,2,3,33.3,79,67.1,-33.8,22,50.0,-21.7,9,72.2,65.1,7.2,0,,0,,,,1.286,,,,,,,,,0.375,44,60,0.273,0.35,1.283,0,1,,,,,,,1.092,0.481,2.479,1.001,1.275,1.286,,,,Wing,1.59,,,-0.77,0.23,Euroleague,2022-23,intl
Antoine Diot,102,98,4,5,1,0.0,71,53.5,-53.5,18,30.6,-29.6,16,28.1,59.8,-31.7,0,,0,,,,1.556,,,,,,,,,0.2,57,50,0.351,0.48,1.368,2,1,,,,,,,,,,0.989,1.515,1.556,,,,Wing,3.15,,,-1.6,,Euroleague,2022-23,intl
Alex Tyus,101,99,2,1,3,66.7,87,69.0,-2.3,33,66.7,-3.5,6,50.0,70.2,-20.2,0,,0,,,,1.138,,,,,,,,,0.5,49,53,0.286,0.264,0.925,0,1,,,,,,,1.45,,,0.881,1.136,1.138,,,,Wing,0.74,,,-0.18,1.25,Euroleague,2022-23,intl
Tyler Dorsey,99,72,27,8,6,75.0,91,46.2,28.8,28,48.2,0.4,10,50.0,47.7,2.3,0,,0,,,,1.04,0.859,1.258,,,,,,,0.844,60,57,0.467,0.544,1.165,2,3,,,,,,,1.283,0.779,2.111,1.111,1.021,1.02,,,,Wing,0.18,,,1.44,0.77,Euroleague,2022-23,intl
Joel Bolomboy,99,89,10,4,3,66.7,82,61.0,5.7,25,60.0,-1.7,10,60.0,61.3,-1.3,0,,0,,,,0.975,0.705,1.35,,,,,,,0.625,63,40,0.333,0.325,0.975,2,1,,,,,,,1.217,0.784,1.887,1.038,1.217,0.975,,,,Wing,-0.2,,,0.41,0.59,Euroleague,2022-23,intl
Malte Delow,99,98,1,3,0,,78,60.3,,23,47.8,-17.6,5,0.0,64.4,-64.4,0,,0,,,,1.324,,,,,,,,,0.083,41,61,0.39,0.361,0.924,1,0,,,,,,,1.947,,,1.429,,1.324,,,,Wing,1.81,,,-2.15,2.67,Euroleague,2022-23,intl
Tarik Black,99,96,3,2,3,66.7,78,62.8,3.8,25,72.0,13.1,9,55.6,63.9,-8.3,0,,0,,,,0.831,0.371,1.861,,,,,,,0.375,66,35,0.333,0.229,0.686,1,0,,,,,,,1.571,,,0.616,,0.831,,,,Big,-1.01,,,-0.23,1.94,Euroleague,2022-23,intl
Alberto Abalde,96,89,7,4,1,0.0,62,37.9,-37.9,15,13.3,-31.5,13,38.5,37.0,1.5,0,,0,,,,1.177,0.716,1.936,,,,,,,0.438,64,36,0.375,0.556,1.481,1,1,,,,,,,0.6,0.1,3.605,1.212,0.795,1.177,,,,Wing,0.96,,,-0.47,-1.18,Euroleague,2022-23,intl
Kyle Kuric,93,81,12,5,0,,87,57.5,,24,54.2,-4.6,5,0.0,61.0,-61.0,0,,0,,,,0.647,0.399,1.05,,,,,,,0.6,45,55,0.511,0.473,0.925,1,2,,,,,,,0.978,0.4,2.39,0.842,1.155,0.706,,,,Wing,-2.09,,,0.29,-0.1,Euroleague,2022-23,intl
Jake Cohen,93,91,2,3,0,,66,50.8,,20,35.0,-22.6,12,41.7,52.8,-11.1,0,,0,,,,1.492,,,,,,,,,0.167,55,41,0.291,0.512,1.761,0,1,,,,,,,,,,1.355,,1.492,,,,Big,2.88,,,-1.11,,Euroleague,2022-23,intl
Alex Poythress,92,76,16,5,1,100.0,87,55.2,44.8,21,42.9,-16.8,5,60.0,55.4,4.6,0,,0,,,,0.908,0.709,1.163,,,,,,,0.8,55,45,0.4,0.4,1.0,2,3,,,,,,,0.915,0.533,1.573,0.968,1.15,0.885,,,,Wing,-0.58,,,1.24,-0.28,Euroleague,2022-23,intl
Bryant Dunston,91,87,4,2,2,50.0,75,62.7,-12.7,22,68.2,8.2,8,62.5,62.3,0.2,0,,0,,,,0.906,0.511,1.609,,,,,,,0.5,49,44,0.388,0.227,0.586,1,0,,,,,,,1.636,,,0.814,,0.906,,,,Wing,-0.6,,,-0.18,1.78,Euroleague,2022-23,intl
Yves Pons,89,83,6,5,1,100.0,86,55.8,44.2,30,51.7,-7.1,10,75.0,53.9,21.1,0,,0,,,,0.922,0.64,1.328,,,,,,,0.3,53,43,0.434,0.488,1.125,2,0,,,,,,,1.622,0.989,2.659,0.982,,0.968,,,,Wing,-0.5,,,-1.13,1.74,Euroleague,2022-23,intl
Tyler Cavanaugh,89,66,23,7,10,40.0,76,42.8,-2.8,30,43.3,1.4,13,26.9,45.2,-18.3,0,,0,,,,1.025,0.849,1.237,,,,,,,0.821,49,50,0.551,0.6,1.089,3,4,,,,,,,0.764,0.363,1.608,1.105,1.183,1.043,,,,Wing,0.09,,,1.34,-0.71,Euroleague,2022-23,intl
Hassan Martin,89,87,2,2,4,75.0,75,57.3,17.7,19,68.4,13.4,11,36.4,61.8,-25.4,0,,0,,,,0.572,0.143,2.294,,,,,,,0.25,55,36,0.309,0.444,1.438,0,1,,,,,,,,,,0.922,,0.572,,,,Wing,-2.52,,,-1.36,,Euroleague,2022-23,intl
Steven Enoch,87,84,3,3,0,,84,60.1,,12,70.8,12.5,7,42.9,61.7,-18.8,0,,0,,,,1.077,,,,,,,,,0.25,46,44,0.348,0.432,1.241,0,2,,,,,,,0.542,0.108,2.71,0.92,,1.077,,,,Big,0.43,,,-0.76,-1.29,Euroleague,2022-23,intl
Shannon Evans,85,77,8,6,0,,62,48.4,,26,44.2,-7.2,10,70.0,44.2,25.8,0,,0,,,,0.982,0.56,1.724,,,,,,,0.333,49,45,0.367,0.422,1.149,2,2,,,,,,,0.891,0.291,2.724,1.366,0.643,1.0,,,,Playmaker,-0.45,,,-1.6,-0.24,Euroleague,2022-23,intl
Shavon Shields,85,77,8,3,6,25.0,61,50.0,-25.0,14,35.7,-15.2,15,53.3,46.2,7.2,0,,0,,,,1.031,0.676,1.574,,,,,,,0.667,53,37,0.434,0.459,1.059,1,1,,,,,,,0.359,0.059,2.196,0.53,0.675,1.1,,,,Wing,0.12,,,0.61,-1.87,Euroleague,2022-23,intl
Stefan Lazarevic,81,78,3,3,3,0.0,66,52.3,-52.3,17,38.2,-15.6,10,35.0,52.5,-17.5,0,,0,,,,1.238,,,,,,,,,0.25,43,41,0.488,0.415,0.849,1,0,,,,,,,1.448,0.623,3.367,1.263,1.224,1.238,,,,Wing,1.32,,,-1.36,1.25,Euroleague,2022-23,intl
Melih Mahmutoglu,77,69,8,6,2,125.0,78,59.0,66.0,37,59.5,-2.2,4,37.5,61.8,-24.3,0,,0,,,,1.113,,,,,,,,,0.333,34,53,0.529,0.509,0.962,1,5,,,,,,,1.336,0.734,2.432,1.086,1.095,1.113,,,,Wing,0.6,,,-0.97,0.93,Euroleague,2022-23,intl
Deshaun Thomas,74,63,11,6,1,150.0,76,48.7,101.3,11,50.0,0.0,7,35.7,51.4,-15.7,0,,0,,,,1.05,,,,,,,,,0.458,53,27,0.528,0.593,1.122,2,2,,,,,,,0.974,0.483,1.965,0.96,1.045,1.05,,,,Wing,0.23,,,-0.38,-0.11,Euroleague,2022-23,intl
Giampaolo Ricci,71,67,4,1,3,83.3,59,52.5,30.8,20,35.0,-28.1,12,62.5,52.0,10.5,0,,0,,,,0.866,0.488,1.538,,,,,,,1.0,28,44,0.393,0.523,1.331,0,0,,,,,,,1.487,0.636,3.478,0.836,,0.866,,,,Wing,-0.83,,,2.18,1.36,Euroleague,2022-23,intl
Adrien Moerman,70,57,13,7,7,21.4,60,32.5,-11.1,19,28.9,-3.3,13,34.6,30.6,4.1,0,,0,,,,1.096,0.904,1.33,,,,,,,0.464,46,31,0.587,0.774,1.319,2,1,,,,,,,0.571,0.15,2.182,0.841,1.155,1.096,,,,Wing,0.5,,,-0.35,-1.26,Euroleague,2022-23,intl
Uros Trifunovic,68,68,0,0,2,0.0,53,52.8,-52.8,16,28.1,-32.1,10,45.0,52.2,-7.2,0,,0,,,,,,,,,,,,,,34,34,0.382,0.588,1.538,0,0,,,,,,,,,,1.302,,,,,,Wing,,,,,,Euroleague,2022-23,intl
Dennis Seeley,68,51,17,6,1,0.0,66,39.4,-39.4,12,45.8,8.6,7,21.4,40.8,-19.4,0,,0,,,,1.154,0.916,1.454,,,,,,,0.708,45,37,0.556,0.514,0.924,3,1,,,,,,,1.3,0.656,2.578,1.245,1.263,1.183,,,,,,,,,,Euroleague,2022-23,intl
Tim Schneider,67,65,2,5,2,75.0,61,51.6,23.4,24,64.6,19.7,7,85.7,48.2,37.5,0,,0,,,,0.57,0.142,2.287,,,,,,,0.1,32,40,0.531,0.525,0.988,1,0,,,,,,,2.375,,,1.069,,0.57,,,,Wing,-2.53,,,-2.07,3.9,Euroleague,2022-23,intl
Eleftherios Bochoridis,66,62,4,3,0,,41,39.0,,11,22.7,-22.3,6,66.7,34.3,32.4,0,,0,,,,1.824,,,,,,,,,0.333,41,28,0.293,0.571,1.952,1,1,,,,,,,,,,1.745,1.757,1.824,,,,,,,,,,Euroleague,2022-23,intl
John Holland,66,61,5,5,1,0.0,62,53.2,-53.2,16,65.6,17.8,7,35.7,54.5,-18.7,0,,0,,,,1.151,,,,,,,,,0.25,46,25,0.522,0.56,1.073,1,0,,,,,,,0.922,0.302,2.816,1.171,1.136,1.151,,,,Wing,0.81,,,-1.36,-0.26,Euroleague,2022-23,intl
Branko Lazic,66,63,3,1,1,0.0,50,65.0,-65.0,7,92.9,33.8,9,61.1,64.3,-3.2,0,,0,,,,0.875,0.388,1.971,,,,,,,0.75,39,28,0.385,0.429,1.114,0,0,,,,,,,1.043,0.253,4.304,0.808,,0.875,,,,Wing,-0.77,,,1.0,0.09,Euroleague,2022-23,intl
Oscar Da Silva,64,59,5,2,0,,61,50.8,,16,43.8,-9.6,7,50.0,50.9,-0.9,0,,0,,,,1.093,,,,,,,,,0.625,42,24,0.452,0.583,1.289,1,0,,,,,,,0.831,0.274,2.517,1.098,1.089,1.093,,,,Wing,0.48,,,0.41,-0.52,Euroleague,2022-23,intl
Matthew Strazel,64,64,0,2,0,,50,52.0,,13,42.3,-13.1,12,37.5,56.6,-19.1,0,,0,,,,,,,,,,,,,0.0,38,28,0.395,0.464,1.176,0,1,,,,,,,,,,1.366,,,,,,Playmaker,,,,-3.27,,Euroleague,2022-23,intl
Metecan Birsen,61,56,5,4,0,,58,43.1,,18,47.2,6.0,5,0.0,47.2,-47.2,0,,0,,,,1.191,,,,,,,,,0.312,41,26,0.561,0.577,1.028,1,2,,,,,,,0.522,0.087,3.128,1.106,1.173,1.191,,,,,,,,,,Euroleague,2022-23,intl
Georgios Kalaitzakis,59,58,1,1,0,,49,38.8,,13,7.7,-42.3,9,33.3,40.0,-6.7,0,,0,,,,1.234,,,,,,,,,0.25,29,31,0.379,0.677,1.786,0,1,,,,,,,,,,1.031,,1.234,,,,Wing,1.29,,,-1.36,,Euroleague,2022-23,intl
Elias Harris,57,53,4,2,1,0.0,52,51.9,-51.9,12,58.3,9.6,9,22.2,56.8,-34.6,0,,0,,,,1.152,,,,,,,,,0.5,33,27,0.455,0.407,0.896,1,0,,,,,,,0.958,0.346,2.653,0.909,1.146,1.152,,,,Wing,0.82,,,-0.18,-0.15,Euroleague,2022-23,intl
Matt Thomas,56,42,14,5,2,50.0,56,59.8,-9.8,8,12.5,-54.5,9,16.7,67.3,-50.7,0,,0,,,,1.135,,,,,,,,,0.7,35,28,0.514,0.5,0.972,2,4,,,,,,,1.244,0.701,2.205,1.2,1.104,1.135,,,,Wing,0.72,,,0.76,0.66,Euroleague,2022-23,intl
Zaccharie Risacher,55,54,1,2,0,,47,58.5,,12,50.0,-11.4,7,50.0,60.0,-10.0,0,,0,,,,1.227,,,,,,,,,0.125,25,32,0.4,0.406,1.016,0,1,,,,,,,1.913,,,1.029,,1.227,,,,Wing,1.25,,,-1.95,2.58,Euroleague,2022-23,intl
Eleftherios Mantzoukas,54,53,1,2,3,50.0,47,61.7,-11.7,18,66.7,8.9,5,60.0,61.1,-1.1,0,,0,,,,,,,,,,,,,0.125,26,30,0.423,0.5,1.182,0,0,,,,,,,,,,0.97,,,,,,,,,,,,Euroleague,2022-23,intl
Niklas Wimberg,54,50,4,5,0,,51,41.2,,6,41.7,0.6,8,43.8,40.7,3.1,0,,0,,,,0.852,0.48,1.515,,,,,,,0.2,38,21,0.526,0.619,1.176,3,0,,,,,,,0.917,0.177,4.76,0.857,,0.852,,,,Big,-0.89,,,-0.97,-0.11,Euroleague,2022-23,intl
Daniel Diez,52,51,1,1,1,0.0,42,73.8,-73.8,12,58.3,-19.1,7,42.9,77.8,-34.9,0,,0,,,,1.244,,,,,,,,,0.25,25,28,0.4,0.393,0.982,0,1,,,,,,,1.952,,,1.006,,1.244,,,,Wing,1.35,,,-1.36,2.69,Euroleague,2022-23,intl
Max Heidegger,52,52,0,0,0,,25,40.0,,5,80.0,50.0,4,0.0,47.6,-47.6,0,,0,,,,,,,,,,,,,,37,15,0.324,0.333,1.028,0,0,,,,,,,,,,1.043,,,,,,Wing,,,,,,Euroleague,2022-23,intl
Jonas Mattisseck,50,49,1,3,0,,38,50.0,,9,66.7,21.8,3,50.0,50.0,0.0,0,,0,,,,1.441,,,,,,,,,0.083,27,26,0.407,0.5,1.227,0,2,,,,,,,2.615,,,0.796,,1.441,,,,Wing,2.48,,,-2.15,4.58,Euroleague,2022-23,intl
Arturs Kurucs,50,46,4,2,0,,32,50.0,,14,71.4,38.1,4,37.5,51.8,-14.3,0,,0,,,,0.821,0.3,2.249,,,,,,,0.5,27,27,0.481,0.296,0.615,1,0,,,,,,,,,,0.614,,0.524,,,,Wing,-1.09,,,-0.18,,Euroleague,2022-23,intl
Chima Moneke,47,42,5,2,0,,42,47.6,,11,54.5,9.4,2,50.0,47.5,2.5,0,,0,,,,0.988,0.623,1.569,,,,,,,0.625,23,28,0.435,0.429,0.986,1,0,,,,,,,1.062,0.374,3.015,0.964,,1.059,,,,Wing,-0.12,,,0.41,0.14,Euroleague,2022-23,intl
Mike James,614,478,136,36,51,60.8,493,49.6,11.2,155,53.5,4.1,71,41.5,52.0,-10.5,0,,0,,,,1.051,0.94,1.176,,,,,,,0.944,355,391,0.397,0.437,1.101,17,20,,,,,,,1.003,0.793,1.268,1.122,1.116,1.003,,,,Wing,0.1,,,1.78,-0.09,Euroleague,2023-24,intl
Lorenzo Brown,579,468,111,33,31,41.9,432,48.1,-6.2,113,51.3,4.8,42,34.5,49.0,-14.5,0,,0,,,,0.901,0.762,1.064,,,,,,,0.841,378,322,0.37,0.407,1.098,17,19,,,,,,,0.848,0.621,1.159,1.109,0.906,0.897,,,,Playmaker,-0.52,,,0.87,-0.35,Euroleague,2023-24,intl
Codi Miller-Mcintyre,572,538,34,13,22,31.8,284,52.6,-20.8,83,47.0,-5.7,47,44.7,52.3,-7.6,0,,0,,,,1.079,0.777,1.498,,,,,,,0.654,318,284,0.261,0.282,1.079,7,6,,,,,,,1.27,0.861,1.875,0.992,1.485,1.108,,,,Wing,0.26,,,0.44,0.65,Euroleague,2023-24,intl
Shane Larkin,538,466,72,26,36,52.8,366,57.4,-4.6,117,58.5,2.2,54,50.9,57.9,-7.0,0,,0,,,,1.061,0.893,1.26,,,,,,,0.692,289,319,0.36,0.354,0.984,9,16,,,,,,,1.298,1.008,1.672,1.199,1.076,1.091,,,,Playmaker,0.15,,,0.2,1.26,Euroleague,2023-24,intl
Markus Howard,515,366,149,43,38,48.7,551,56.2,-7.5,155,52.9,-3.8,57,52.6,56.0,-3.4,0,,0,,,,0.948,0.885,1.015,,,,,,,0.866,323,330,0.542,0.485,0.895,27,19,,,,,,,0.886,0.702,1.119,1.023,0.912,0.909,,,,Playmaker,-0.32,,,0.99,-0.22,Euroleague,2023-24,intl
Facundo Campazzo,494,428,66,19,28,51.8,275,53.3,-1.5,61,40.2,-16.2,33,28.8,56.1,-27.3,0,,0,,,,0.922,0.714,1.192,,,,,,,0.868,279,272,0.287,0.316,1.103,9,9,,,,,,,1.004,0.69,1.463,1.356,0.805,0.895,,,,Playmaker,-0.43,,,1.0,0.21,Euroleague,2023-24,intl
Keenan Evans,484,425,59,20,41,56.1,350,59.0,-2.9,125,54.0,-6.9,54,48.1,60.4,-12.2,0,,0,,,,1.145,0.999,1.312,,,,,,,0.738,249,284,0.345,0.412,1.193,7,13,,,,,,,0.597,0.387,0.921,1.004,1.028,1.106,,,,Wing,0.62,,,0.83,-1.23,Euroleague,2023-24,intl
Scottie Wilbekin,476,380,96,29,46,48.9,373,56.2,-7.3,131,50.8,-6.7,61,50.0,56.3,-6.3,0,,0,,,,1.111,0.991,1.244,,,,,,,0.828,261,290,0.429,0.469,1.093,13,18,,,,,,,0.855,0.628,1.166,1.059,1.013,1.118,,,,Playmaker,0.36,,,0.82,-0.33,Euroleague,2023-24,intl
Kendrick Nunn,470,357,113,33,31,58.1,440,51.7,6.4,148,53.7,2.3,46,52.2,52.1,0.1,0,,0,,,,1.016,0.915,1.128,,,,,,,0.856,286,295,0.434,0.464,1.071,16,18,,,,,,,0.788,0.596,1.042,1.078,1.021,1.031,,,,Wing,-0.09,,,1.37,-0.7,Euroleague,2023-24,intl
Wade Baldwin Iv,442,357,85,24,22,43.2,351,51.9,-8.7,96,60.9,12.9,32,29.7,53.4,-23.7,0,,0,,,,1.046,0.899,1.216,,,,,,,0.885,273,253,0.392,0.379,0.968,14,13,,,,,,,0.685,0.48,0.976,1.196,1.007,1.055,,,,Playmaker,0.09,,,1.07,-0.94,Euroleague,2023-24,intl
Kostas Sloukas,442,401,41,11,19,60.5,255,60.8,-0.3,69,65.2,5.9,51,58.8,61.2,-2.4,0,,0,,,,1.007,0.769,1.321,,,,,,,0.932,235,232,0.272,0.315,1.155,5,3,,,,,,,0.883,0.562,1.387,1.214,0.917,0.952,,,,Playmaker,-0.08,,,1.29,-0.23,Euroleague,2023-24,intl
Paris Lee,427,358,69,21,20,55.0,277,48.7,6.3,83,48.8,-0.5,51,41.2,50.8,-9.6,0,,0,,,,0.934,0.742,1.176,,,,,,,0.821,238,251,0.324,0.406,1.256,4,14,,,,,,,1.172,0.822,1.671,1.255,1.395,0.996,,,,Playmaker,-0.38,,,0.78,0.81,Euroleague,2023-24,intl
Thomas Walkup,426,368,58,20,31,40.3,267,46.8,-6.5,75,44.0,-2.9,69,36.2,49.1,-12.9,0,,0,,,,1.005,0.803,1.258,,,,,,,0.725,235,248,0.379,0.391,1.033,10,10,,,,,,,0.739,0.442,1.234,1.023,1.121,1.005,,,,Playmaker,-0.08,,,0.35,-0.74,Euroleague,2023-24,intl
Tornike Shengelia,414,360,54,21,11,27.3,335,53.6,-26.3,63,48.4,-5.3,42,41.7,54.3,-12.6,0,,0,,,,0.999,0.843,1.183,,,,,,,0.643,232,225,0.375,0.396,1.055,7,11,,,,,,,0.967,0.695,1.347,0.912,0.857,0.991,,,,Wing,-0.19,,,0.39,-0.2,Euroleague,2023-24,intl
Nicolas Laprovittola,411,354,57,19,16,50.0,291,57.7,-7.7,79,48.7,-11.6,25,56.0,57.4,-1.4,0,,0,,,,1.154,0.97,1.373,,,,,,,0.75,222,242,0.342,0.384,1.123,7,10,,,,,,,1.106,0.804,1.523,1.152,1.065,1.141,,,,Playmaker,0.54,,,0.46,0.57,Euroleague,2023-24,intl
Chris Jones,410,352,58,18,32,45.3,300,55.7,-10.4,79,58.2,4.7,54,38.9,57.7,-18.8,0,,0,,,,1.08,0.907,1.287,,,,,,,0.806,251,222,0.347,0.401,1.157,7,11,,,,,,,1.057,0.77,1.449,1.017,1.106,1.126,,,,Wing,0.26,,,1.14,0.06,Euroleague,2023-24,intl
Nick Calathes,404,366,38,11,19,68.4,216,51.4,17.0,53,50.0,-3.6,32,40.6,54.7,-14.1,0,,0,,,,0.912,0.643,1.294,,,,,,,0.864,239,196,0.276,0.306,1.109,6,4,,,,,,,0.88,0.515,1.502,1.152,1.136,1.022,,,,Playmaker,-0.48,,,0.98,-0.24,Euroleague,2023-24,intl
Elie Okobo,403,329,74,21,23,58.7,304,46.7,12.0,106,42.5,-7.5,70,32.9,51.6,-18.7,0,,0,,,,1.017,0.872,1.187,,,,,,,0.881,225,224,0.382,0.473,1.238,11,14,,,,,,,0.682,0.449,1.034,0.978,0.887,0.996,,,,Playmaker,-0.03,,,1.06,-0.95,Euroleague,2023-24,intl
Jerian Grant,384,363,21,12,15,53.3,241,55.4,-2.1,60,50.0,-6.9,59,46.6,57.9,-11.3,0,,0,,,,1.147,0.865,1.521,,,,,,,0.438,191,212,0.325,0.358,1.104,4,4,,,,,,,0.814,0.432,1.535,1.121,1.232,1.111,,,,Playmaker,0.51,,,-0.95,-0.47,Euroleague,2023-24,intl
Nigel Hayes-Davis,382,312,70,23,29,39.7,346,57.4,-17.7,94,42.6,-17.9,41,46.3,57.2,-10.8,0,,0,,,,1.055,0.957,1.162,,,,,,,0.761,203,236,0.414,0.487,1.178,9,14,,,,,,,0.915,0.684,1.223,1.097,0.96,1.03,,,,Wing,0.12,,,0.94,-0.34,Euroleague,2023-24,intl
Shavon Shields,378,316,62,18,25,60.0,309,58.6,1.4,79,55.7,-3.9,51,43.1,61.5,-18.3,0,,0,,,,1.116,0.991,1.258,,,,,,,0.861,223,200,0.395,0.435,1.102,8,8,,,,,,,0.632,0.427,0.937,1.1,1.063,1.066,,,,Wing,0.46,,,1.4,-1.13,Euroleague,2023-24,intl
Alec Peters,373,320,53,19,13,61.5,320,68.1,-6.6,63,77.0,11.2,44,38.6,72.3,-33.7,0,,0,,,,1.014,0.888,1.157,,,,,,,0.697,199,202,0.402,0.322,0.8,10,6,,,,,,,0.91,0.683,1.213,0.995,1.217,1.014,,,,Wing,-0.1,,,0.64,-0.36,Euroleague,2023-24,intl
Darius Thompson,370,307,63,22,13,34.6,303,51.2,-16.5,81,42.6,-10.6,45,42.2,51.8,-9.6,0,,0,,,,1.149,1.019,1.296,,,,,,,0.716,218,199,0.427,0.417,0.978,14,8,,,,,,,0.833,0.588,1.18,1.0,0.934,1.074,,,,Wing,0.65,,,0.73,-0.57,Euroleague,2023-24,intl
Mathias Lessort,367,322,45,15,14,71.4,313,62.0,9.4,91,68.1,8.0,46,52.2,64.1,-11.9,0,,0,,,,1.069,0.942,1.213,,,,,,,0.75,186,213,0.312,0.305,0.979,5,6,,,,,,,1.036,0.815,1.316,1.142,0.992,1.035,,,,Wing,0.2,,,0.89,-0.0,Euroleague,2023-24,intl
Dzanan Musa,366,317,49,17,22,59.1,303,61.6,-2.5,59,63.6,2.7,25,40.0,63.2,-23.2,0,,0,,,,1.1,0.967,1.251,,,,,,,0.721,201,207,0.403,0.357,0.887,9,7,,,,,,,0.81,0.57,1.15,1.019,1.095,1.093,,,,Wing,0.37,,,0.75,-0.64,Euroleague,2023-24,intl
Tamir Blatt,366,336,30,10,5,80.0,210,56.7,23.3,49,53.1,-5.4,11,50.0,57.6,-7.6,0,,0,,,,0.791,0.52,1.205,,,,,,,0.75,195,195,0.292,0.354,1.211,3,4,,,,,,,0.717,0.312,1.647,0.842,0.363,0.92,,,,Playmaker,-0.99,,,0.46,-0.82,Euroleague,2023-24,intl
Tomas Satoransky,362,332,30,13,20,60.0,195,52.6,7.4,53,54.7,1.9,16,37.5,54.5,-17.0,0,,0,,,,1.291,1.001,1.665,,,,,,,0.577,191,186,0.298,0.333,1.117,2,4,,,,,,,1.376,0.948,1.996,1.175,1.621,1.264,,,,Wing,1.44,,,0.09,0.95,Euroleague,2023-24,intl
Mario Hezonja,351,258,93,28,28,62.5,351,58.3,4.2,106,61.8,4.5,51,39.2,61.6,-22.4,0,,0,,,,1.06,0.999,1.124,,,,,,,0.83,199,213,0.477,0.488,1.023,12,14,,,,,,,1.07,0.845,1.354,1.088,1.008,1.025,,,,Wing,0.15,,,1.25,0.09,Euroleague,2023-24,intl
Bonzie Colson,350,278,72,26,28,41.1,348,57.5,-16.4,109,51.4,-6.9,36,61.1,55.7,5.4,0,,0,,,,1.013,0.958,1.071,,,,,,,0.692,203,192,0.438,0.536,1.224,12,15,,,,,,,0.865,0.655,1.142,1.013,0.977,1.007,,,,Wing,-0.11,,,0.62,-0.48,Euroleague,2023-24,intl
Marco Belinelli,347,248,99,31,15,46.7,371,52.4,-5.8,69,50.0,-2.7,24,41.7,52.9,-11.2,0,,0,,,,0.966,0.868,1.075,,,,,,,0.798,249,198,0.498,0.535,1.075,18,14,,,,,,,0.902,0.661,1.229,0.965,1.107,1.003,,,,Wing,-0.37,,,1.11,-0.38,Euroleague,2023-24,intl
Isaiah Canaan,342,277,65,24,12,66.7,306,60.8,5.9,53,56.6,-5.3,55,54.5,62.4,-7.8,0,,0,,,,0.961,0.847,1.09,,,,,,,0.677,176,202,0.466,0.441,0.946,9,9,,,,,,,1.08,0.811,1.437,1.018,0.897,0.93,,,,Playmaker,-0.27,,,0.13,0.48,Euroleague,2023-24,intl
Nemanja Nedovic,335,287,48,19,13,46.2,301,58.1,-12.0,75,60.0,3.1,25,50.0,58.3,-8.3,0,,0,,,,0.992,0.84,1.171,,,,,,,0.632,188,205,0.404,0.42,1.038,6,12,,,,,,,0.773,0.513,1.164,1.18,1.103,1.057,,,,Wing,-0.23,,,0.34,-0.74,Euroleague,2023-24,intl
Sylvain Francisco,332,252,80,25,23,65.2,264,47.3,17.9,109,50.9,3.4,48,32.3,52.1,-19.8,0,,0,,,,1.044,0.896,1.217,,,,,,,0.8,181,216,0.453,0.435,0.961,11,10,,,,,,,1.232,0.898,1.69,1.095,0.881,1.016,,,,Playmaker,0.08,,,0.69,1.02,Euroleague,2023-24,intl
James Nunnally,331,295,36,13,10,65.0,259,60.6,4.4,65,58.5,-3.1,30,51.7,61.9,-10.3,0,,0,,,,1.24,1.101,1.398,,,,,,,0.692,171,180,0.374,0.356,0.95,3,6,,,,,,,1.206,0.905,1.607,1.081,1.324,1.225,,,,Wing,1.15,,,0.62,0.47,Euroleague,2023-24,intl
Vanja Marinkovic,327,267,60,22,15,56.7,300,55.2,1.5,75,52.7,-3.4,44,42.0,57.4,-15.3,0,,0,,,,1.052,0.939,1.178,,,,,,,0.682,199,174,0.467,0.5,1.07,11,14,,,,,,,0.936,0.669,1.309,1.015,1.117,1.042,,,,Wing,0.11,,,0.57,-0.28,Euroleague,2023-24,intl
Perry Dozier Jr,326,286,40,15,23,67.4,230,52.2,15.2,80,60.0,9.4,38,30.3,57.7,-27.4,0,,0,,,,1.119,0.931,1.346,,,,,,,0.667,165,187,0.382,0.358,0.938,5,4,,,,,,,1.022,0.708,1.476,1.165,1.232,1.143,,,,,,,,,,Euroleague,2023-24,intl
Kevin Punter,325,269,56,19,30,48.3,279,53.4,-5.1,87,50.6,-3.3,43,50.0,53.4,-3.4,0,,0,,,,1.029,0.891,1.189,,,,,,,0.737,184,202,0.397,0.46,1.16,7,11,,,,,,,0.829,0.574,1.196,0.932,1.041,1.066,,,,Playmaker,0.02,,,0.4,-0.42,Euroleague,2023-24,intl
Carsen Edwards,325,232,93,30,22,38.6,334,47.9,-9.3,70,37.9,-11.8,28,37.5,48.2,-10.7,0,,0,,,,1.06,0.965,1.165,,,,,,,0.775,206,209,0.534,0.517,0.968,16,15,,,,,,,0.964,0.711,1.307,1.055,1.039,1.035,,,,Playmaker,0.15,,,0.58,0.06,Euroleague,2023-24,intl
Jan Vesely,323,283,40,16,18,77.8,287,60.3,17.5,61,68.9,9.4,30,51.7,62.4,-10.7,0,,0,,,,0.981,0.843,1.141,,,,,,,0.625,194,165,0.351,0.309,0.882,7,2,,,,,,,1.218,0.981,1.513,1.013,0.964,1.035,,,,Big,-0.22,,,0.75,0.64,Euroleague,2023-24,intl
Konstantinos Mitoglou,320,253,67,23,11,31.8,320,54.8,-23.0,72,57.6,4.6,46,57.6,53.5,4.1,0,,0,,,,0.936,0.84,1.042,,,,,,,0.728,192,174,0.484,0.448,0.925,12,8,,,,,,,0.807,0.581,1.121,1.059,0.91,0.948,,,,,,,,,,Euroleague,2023-24,intl
Chima Moneke,319,282,37,16,14,71.4,276,57.6,13.8,80,57.5,-1.1,27,22.2,62.0,-39.8,0,,0,,,,1.15,1.046,1.263,,,,,,,0.578,169,173,0.349,0.445,1.275,1,10,,,,,,,0.742,0.498,1.105,1.086,1.139,1.164,,,,Wing,0.65,,,0.09,-0.83,Euroleague,2023-24,intl
Joffrey Lauvergne,319,257,62,18,17,70.6,293,53.4,17.2,71,61.3,9.0,48,45.8,55.9,-10.1,0,,0,,,,1.13,1.029,1.242,,,,,,,0.861,188,180,0.426,0.394,0.927,14,8,,,,,,,1.029,0.793,1.336,1.076,1.099,1.121,,,,Big,0.73,,,1.78,-0.01,Euroleague,2023-24,intl
Nigel Williams-Goss,315,261,54,18,26,36.5,237,52.1,-15.6,95,50.0,-0.9,38,48.7,50.9,-2.2,0,,0,,,,0.994,0.815,1.211,,,,,,,0.75,169,201,0.438,0.363,0.829,11,6,,,,,,,0.895,0.6,1.333,1.218,0.837,1.039,,,,Playmaker,-0.13,,,0.46,-0.18,Euroleague,2023-24,intl
Marko Guduric,314,272,42,15,17,85.3,226,51.8,33.5,79,55.1,1.4,26,48.1,54.8,-6.8,0,,0,,,,1.085,0.891,1.322,,,,,,,0.7,157,187,0.382,0.39,1.021,4,8,,,,,,,0.684,0.417,1.121,1.08,1.034,1.11,,,,Wing,0.29,,,0.66,-0.99,Euroleague,2023-24,intl
Jabari Parker,313,250,63,22,13,46.2,311,53.9,-7.7,69,47.8,-7.3,21,50.0,53.8,-3.8,0,,0,,,,1.014,0.934,1.101,,,,,,,0.716,160,194,0.481,0.51,1.06,10,9,,,,,,,0.855,0.626,1.167,1.039,1.071,0.997,,,,Wing,-0.1,,,0.73,-0.51,Euroleague,2023-24,intl
Alpha Diallo,313,247,66,23,22,36.4,279,56.1,-19.7,85,60.0,7.5,43,27.9,59.1,-31.2,0,,0,,,,0.986,0.868,1.119,,,,,,,0.717,192,169,0.448,0.408,0.912,13,8,,,,,,,1.029,0.778,1.362,0.993,0.918,1.001,,,,Wing,-0.26,,,0.73,-0.02,Euroleague,2023-24,intl
Kostas Papanikolaou,310,283,27,13,12,79.2,218,53.2,26.0,45,66.7,15.0,44,47.7,56.2,-8.5,0,,0,,,,1.214,0.996,1.479,,,,,,,0.519,152,180,0.395,0.389,0.985,4,5,,,,,,,1.092,0.699,1.705,0.995,0.804,1.142,,,,Wing,1.01,,,-0.18,0.15,Euroleague,2023-24,intl
Iffe Lundberg,309,258,51,22,21,54.8,252,52.4,2.4,105,52.4,-0.3,37,51.4,52.8,-1.4,0,,0,,,,1.073,0.929,1.239,,,,,,,0.58,159,187,0.396,0.471,1.188,8,13,,,,,,,0.923,0.643,1.326,1.115,1.233,1.076,,,,,,,,,,Euroleague,2023-24,intl
Milos Teodosic,306,269,37,14,15,56.7,178,50.0,6.7,54,44.4,-8.4,16,53.1,50.3,2.8,0,,0,,,,1.003,0.73,1.377,,,,,,,0.661,175,168,0.32,0.381,1.19,6,7,,,,,,,0.594,0.272,1.3,1.298,0.952,1.025,,,,Wing,-0.17,,,0.48,-1.24,Euroleague,2023-24,intl
Nikola Kalinic,299,240,59,18,16,59.4,236,52.8,6.6,61,52.5,-0.9,25,40.0,54.6,-14.6,0,,0,,,,1.202,1.027,1.407,,,,,,,0.819,172,177,0.384,0.441,1.148,8,11,,,,,,,0.619,0.397,0.965,1.334,1.243,1.228,,,,Wing,0.94,,,1.2,-1.17,Euroleague,2023-24,intl
Marius Grigonis,298,250,48,16,14,85.7,253,60.1,25.6,59,62.7,1.7,35,51.4,62.9,-11.5,0,,0,,,,1.134,1.022,1.259,,,,,,,0.75,166,155,0.38,0.484,1.275,5,8,,,,,,,0.772,0.529,1.127,1.08,1.017,1.098,,,,Wing,0.56,,,0.89,-0.74,Euroleague,2023-24,intl
Rodrigue Beaubois,297,248,49,19,20,67.5,233,53.6,13.9,80,56.2,2.2,34,45.6,56.2,-10.6,0,,0,,,,1.106,0.95,1.288,,,,,,,0.645,156,173,0.41,0.428,1.043,5,7,,,,,,,1.028,0.729,1.45,1.055,1.239,1.125,,,,Playmaker,0.34,,,-0.01,0.29,Euroleague,2023-24,intl
Timothe Luwawu-Cabarrot,295,235,60,23,15,30.0,259,54.4,-24.4,67,47.8,-7.1,42,44.0,54.7,-10.7,0,,0,,,,1.039,0.899,1.2,,,,,,,0.652,178,166,0.36,0.494,1.374,8,12,,,,,,,0.953,0.695,1.305,1.143,1.036,1.043,,,,Wing,0.04,,,0.43,-0.23,Euroleague,2023-24,intl
Daniel Hackett,292,259,33,12,12,45.8,181,53.6,-7.8,40,62.5,11.8,31,51.6,53.4,-1.8,0,,0,,,,1.129,0.869,1.466,,,,,,,0.688,158,156,0.316,0.372,1.175,6,4,,,,,,,1.062,0.677,1.667,1.213,1.084,1.07,,,,Playmaker,0.44,,,0.18,0.41,Euroleague,2023-24,intl
Shabazz Napier,291,227,64,21,20,45.0,233,44.8,0.2,72,46.5,2.3,49,41.8,45.6,-3.8,0,,0,,,,1.115,0.955,1.302,,,,,,,0.762,164,181,0.415,0.514,1.239,8,18,,,,,,,0.915,0.614,1.365,1.063,1.131,1.122,,,,Playmaker,0.38,,,0.52,-0.11,Euroleague,2023-24,intl
Sterling Brown,291,220,71,24,13,38.5,273,50.5,-12.1,68,45.6,-5.8,29,43.1,50.8,-7.7,0,,0,,,,1.027,0.903,1.168,,,,,,,0.74,166,188,0.488,0.479,0.981,12,15,,,,,,,0.955,0.681,1.339,1.121,1.16,0.983,,,,Wing,-0.03,,,0.84,-0.23,Euroleague,2023-24,intl
Leandro Bolmaro,288,257,31,11,19,57.9,193,51.8,6.1,47,62.8,13.4,26,42.3,53.8,-11.5,0,,0,,,,1.03,0.796,1.334,,,,,,,0.705,164,151,0.372,0.318,0.855,6,3,,,,,,,1.029,0.667,1.588,0.965,0.93,1.041,,,,Playmaker,0.02,,,0.26,0.3,Euroleague,2023-24,intl
Edgaras Ulanovas,285,248,37,14,20,35.0,183,51.1,-16.1,49,43.9,-7.4,27,38.9,51.1,-12.2,0,,0,,,,0.97,0.742,1.268,,,,,,,0.661,159,149,0.352,0.376,1.067,4,6,,,,,,,0.691,0.387,1.235,1.02,1.187,1.005,,,,Wing,-0.35,,,0.48,-0.97,Euroleague,2023-24,intl
Brandon Davies,284,230,54,18,29,55.2,231,52.2,3.0,69,56.5,5.5,31,59.7,51.5,8.1,0,,0,,,,1.153,1.034,1.285,,,,,,,0.75,164,156,0.415,0.404,0.974,9,6,,,,,,,1.1,0.832,1.456,1.137,1.003,1.086,,,,Wing,0.67,,,0.89,0.18,Euroleague,2023-24,intl
Johnathan Motley,277,268,9,4,9,66.7,227,65.0,1.7,55,68.2,4.1,35,48.6,67.9,-19.3,0,,0,,,,1.207,,,,,,,,,0.562,141,141,0.312,0.277,0.886,1,2,,,,,,,1.014,0.633,1.625,1.046,1.2,1.207,,,,Big,1.22,,,0.47,-0.06,Euroleague,2023-24,intl
Isaia Cordinier,276,249,27,10,8,81.2,203,53.0,28.3,45,54.4,0.5,25,68.0,52.2,15.8,0,,0,,,,1.248,1.044,1.492,,,,,,,0.675,165,130,0.364,0.377,1.037,4,3,,,,,,,0.765,0.45,1.3,1.089,1.135,1.263,,,,Wing,1.2,,,0.54,-0.76,Euroleague,2023-24,intl
Rokas Giedraitis,275,218,57,19,14,82.1,260,51.0,31.2,76,52.6,0.1,27,42.6,53.6,-11.1,0,,0,,,,1.087,1.004,1.177,,,,,,,0.75,143,165,0.51,0.479,0.938,8,7,,,,,,,0.949,0.679,1.326,0.953,1.058,1.066,,,,Wing,0.3,,,0.89,-0.25,Euroleague,2023-24,intl
Johannes Thiemann,275,221,54,16,11,68.2,245,52.0,16.1,48,59.4,8.2,32,32.8,55.6,-22.8,0,,0,,,,1.073,0.96,1.2,,,,,,,0.844,177,129,0.475,0.372,0.784,10,3,,,,,,,1.047,0.77,1.425,1.071,1.167,1.054,,,,Wing,0.22,,,1.32,0.03,Euroleague,2023-24,intl
Tyler Dorsey,275,235,40,18,22,54.5,225,56.2,-1.7,74,58.8,3.9,26,50.0,56.8,-6.8,0,,0,,,,1.082,0.948,1.236,,,,,,,0.556,158,140,0.456,0.471,1.035,6,7,,,,,,,0.826,0.537,1.272,1.072,0.936,1.068,,,,Wing,0.27,,,-0.01,-0.59,Euroleague,2023-24,intl
Matthew Costello,275,224,51,17,14,35.7,247,57.5,-21.8,68,44.9,-15.5,27,40.7,58.1,-17.4,0,,0,,,,1.0,0.861,1.163,,,,,,,0.75,159,161,0.421,0.429,1.017,7,10,,,,,,,0.991,0.712,1.38,1.021,1.127,1.019,,,,,,,,,,Euroleague,2023-24,intl
Josh Nebo,273,260,13,8,14,78.6,241,66.0,12.6,53,77.4,13.5,25,52.0,68.3,-16.3,0,,0,,,,1.116,,,,,,,,,0.406,166,116,0.295,0.31,1.051,2,2,,,,,,,1.256,0.98,1.61,1.048,1.108,1.116,,,,Big,0.64,,,-0.21,0.78,Euroleague,2023-24,intl
Willy Hernangomez,272,240,32,16,1,0.0,276,57.6,-57.6,50,44.0,-16.4,25,52.0,57.9,-5.9,0,,0,,,,1.062,,,,,,,,,0.5,166,126,0.355,0.484,1.362,5,6,,,,,,,0.642,0.417,0.987,1.008,1.06,1.062,,,,Big,0.3,,,0.2,-1.35,Euroleague,2023-24,intl
Yago Dos Santos,272,241,31,9,10,80.0,174,52.0,28.0,49,62.2,11.9,29,50.0,54.2,-4.2,0,,0,,,,1.005,0.746,1.353,,,,,,,0.861,156,140,0.327,0.379,1.158,3,2,,,,,,,1.071,0.645,1.78,1.121,0.804,1.005,,,,Playmaker,-0.08,,,0.97,0.45,Euroleague,2023-24,intl
Rokas Jokubaitis,271,253,18,9,2,0.0,183,48.4,-48.4,63,49.2,2.1,17,47.1,47.9,-0.9,0,,0,,,,0.852,0.558,1.3,,,,,,,0.5,143,140,0.35,0.379,1.083,3,5,,,,,,,1.086,0.572,2.062,0.998,0.433,0.803,,,,Wing,-1.01,,,-0.27,0.14,Euroleague,2023-24,intl
Sergio Rodriguez,266,238,28,11,4,25.0,142,46.8,-21.8,63,46.0,-0.4,18,44.4,46.5,-2.0,0,,0,,,,1.268,0.915,1.756,,,,,,,0.636,134,150,0.306,0.353,1.155,1,4,,,,,,,1.472,0.883,2.453,1.334,1.588,1.239,,,,Playmaker,1.02,,,-0.05,1.88,Euroleague,2023-24,intl
Serge Ibaka,264,243,21,7,14,71.4,235,64.3,7.2,52,52.9,-14.9,24,60.4,65.1,-4.7,0,,0,,,,1.107,0.994,1.234,,,,,,,0.75,148,138,0.324,0.377,1.162,4,4,,,,,,,1.061,0.756,1.49,1.034,0.86,1.049,,,,Big,0.58,,,1.3,0.1,Euroleague,2023-24,intl
Johannes Voigtmann,262,256,6,8,9,55.6,186,54.3,1.3,48,49.0,-7.2,36,36.1,58.5,-22.4,0,,0,,,,0.696,0.311,1.554,,,,,,,0.188,148,122,0.365,0.385,1.056,2,1,,,,,,,0.667,0.134,3.325,1.068,0.693,0.696,,,,Big,-2.04,,,-1.16,-1.27,Euroleague,2023-24,intl
Rolands Smits,261,231,30,19,19,65.8,225,59.3,6.5,68,62.5,3.7,22,40.9,61.7,-20.8,0,,0,,,,1.072,0.939,1.223,,,,,,,0.395,149,135,0.423,0.415,0.981,7,6,,,,,,,1.105,0.788,1.552,1.019,1.17,1.088,,,,Big,0.36,,,-0.25,0.25,Euroleague,2023-24,intl
Sergio Llull,259,197,62,20,16,59.4,221,47.3,12.1,84,50.0,2.9,34,38.2,49.8,-11.5,0,,0,,,,0.971,0.835,1.131,,,,,,,0.775,157,145,0.522,0.462,0.885,12,4,,,,,,,1.002,0.672,1.495,0.979,0.909,0.956,,,,Wing,-0.34,,,1.0,-0.1,Euroleague,2023-24,intl
Donatas Motiejunas,258,234,24,13,12,50.0,228,60.3,-10.3,33,53.0,-7.8,23,52.2,60.6,-8.4,0,,0,,,,1.009,0.86,1.183,,,,,,,0.462,165,109,0.406,0.376,0.926,6,3,,,,,,,0.826,0.52,1.314,1.016,0.936,1.021,,,,Big,-0.04,,,0.04,-0.71,Euroleague,2023-24,intl
Devon Hall,252,220,32,15,9,27.8,205,55.1,-27.3,58,51.7,-3.1,42,57.1,53.2,3.9,0,,0,,,,0.879,0.689,1.122,,,,,,,0.533,130,144,0.392,0.458,1.168,5,7,,,,,,,0.818,0.484,1.382,0.947,0.773,0.941,,,,Wing,-0.86,,,-0.12,-0.61,Euroleague,2023-24,intl
Will Clyburn,252,172,80,22,12,58.3,261,49.6,8.7,68,51.5,2.0,50,46.0,50.9,-4.9,0,,0,,,,0.965,0.858,1.086,,,,,,,0.909,171,148,0.509,0.466,0.916,15,9,,,,,,,1.268,0.958,1.678,1.011,0.909,0.953,,,,Wing,-0.38,,,1.62,0.65,Euroleague,2023-24,intl
Nicolo Melli,248,213,35,19,10,40.0,190,55.5,-15.5,30,45.0,-11.5,49,35.7,60.9,-25.2,0,,0,,,,0.892,0.693,1.147,,,,,,,0.461,149,124,0.369,0.403,1.092,6,5,,,,,,,0.927,0.589,1.458,1.133,0.942,0.789,,,,Wing,-0.78,,,-0.45,-0.31,Euroleague,2023-24,intl
Mike Scott,246,202,44,16,11,72.7,229,55.7,17.1,76,57.2,1.1,28,44.6,58.0,-13.4,0,,0,,,,0.954,0.831,1.096,,,,,,,0.688,135,140,0.444,0.45,1.013,7,7,,,,,,,0.983,0.697,1.386,0.951,1.068,0.928,,,,Playmaker,-0.3,,,0.18,0.13,Euroleague,2023-24,intl
Matteo Spagnolo,245,196,49,15,4,50.0,173,41.0,9.0,48,44.8,4.9,25,36.0,42.1,-6.1,0,,0,,,,0.938,0.734,1.198,,,,,,,0.817,144,130,0.41,0.377,0.92,7,4,,,,,,,1.171,0.756,1.815,0.983,0.624,0.872,,,,Wing,-0.53,,,1.19,0.38,Euroleague,2023-24,intl
Damien Inglis,245,222,23,14,14,57.1,193,52.1,5.1,33,43.9,-10.1,37,43.2,54.4,-11.2,0,,0,,,,1.066,0.873,1.303,,,,,,,0.411,151,110,0.351,0.445,1.269,5,4,,,,,,,0.973,0.622,1.524,1.135,1.088,1.082,,,,Wing,0.19,,,-0.68,-0.18,Euroleague,2023-24,intl
Matt Thomas,242,195,47,20,10,50.0,222,58.8,-8.8,52,38.5,-25.7,20,60.0,58.3,1.7,0,,0,,,,0.79,0.645,0.969,,,,,,,0.588,140,142,0.421,0.486,1.153,5,11,,,,,,,1.012,0.693,1.478,1.019,0.7,0.758,,,,Wing,-1.35,,,0.14,-0.07,Euroleague,2023-24,intl
Tadas Sedekerskis,240,220,20,8,6,66.7,190,65.0,1.7,46,62.0,-4.0,26,55.8,66.5,-10.7,0,,0,,,,1.023,0.813,1.288,,,,,,,0.625,120,129,0.308,0.326,1.056,1,2,,,,,,,1.014,0.682,1.509,0.851,,1.035,,,,Wing,-0.05,,,0.31,-0.06,Euroleague,2023-24,intl
Walter Tavares,237,212,25,11,14,64.3,187,60.4,3.9,27,59.3,-1.7,25,44.0,63.1,-19.1,0,,0,,,,0.971,0.77,1.223,,,,,,,0.568,136,117,0.287,0.342,1.192,2,5,,,,,,,0.721,0.443,1.174,1.089,0.985,1.014,,,,,,,,,,Euroleague,2023-24,intl
Jasiel Rivero,237,218,19,10,6,50.0,203,57.6,-7.6,50,46.0,-15.0,12,58.3,57.4,1.0,0,,0,,,,0.793,0.582,1.082,,,,,,,0.475,120,127,0.367,0.37,1.009,2,3,,,,,,,1.061,0.679,1.659,0.92,1.185,0.793,,,,Big,-1.42,,,0.09,0.1,Euroleague,2023-24,intl
Moustapha Fall,234,234,0,1,7,71.4,135,79.3,-7.8,20,75.0,-4.5,27,70.4,80.9,-10.5,0,,0,,,,,,,,,,,,,0.0,122,113,0.09,0.168,1.865,0,1,,,,,,,,,,0.832,,,,,,Big,,,,-1.98,,Euroleague,2023-24,intl
Nick Weiler-Babb,233,206,27,10,14,46.4,155,58.4,-12.0,56,55.4,-3.0,33,48.5,59.6,-11.1,0,,0,,,,0.872,0.629,1.209,,,,,,,0.675,118,129,0.381,0.388,1.016,3,4,,,,,,,0.942,0.526,1.689,1.101,0.414,0.902,,,,Wing,-0.89,,,0.54,-0.27,Euroleague,2023-24,intl
Luka Mitrovic,233,220,13,6,3,100.0,191,58.9,41.1,31,54.8,-5.6,33,57.6,59.9,-2.4,0,,0,,,,1.302,,,,,,,,,0.542,134,112,0.284,0.366,1.291,1,4,,,,,,,0.875,0.522,1.468,1.169,1.275,1.227,,,,Wing,1.5,,,-0.07,-0.45,Euroleague,2023-24,intl
Nando De Colo,232,183,49,14,11,31.8,173,53.5,-21.7,50,40.0,-16.7,29,36.2,55.2,-19.0,0,,0,,,,1.278,1.066,1.531,,,,,,,0.875,140,127,0.393,0.409,1.042,8,7,,,,,,,1.253,0.875,1.794,1.137,1.059,1.262,,,,Wing,1.36,,,1.46,0.61,Euroleague,2023-24,intl
Tomas Dimsa,229,201,28,15,15,26.7,173,54.0,-27.4,50,37.0,-20.2,21,42.9,53.0,-10.1,0,,0,,,,1.019,0.81,1.281,,,,,,,0.467,121,130,0.413,0.454,1.098,6,7,,,,,,,0.817,0.461,1.448,1.092,1.348,1.061,,,,Wing,-0.08,,,-0.42,-0.62,Euroleague,2023-24,intl
Joel Bolomboy,229,216,13,8,6,83.3,205,63.2,20.2,35,78.6,17.8,35,54.3,65.6,-11.3,0,,0,,,,1.038,0.882,1.223,,,,,,,0.406,125,112,0.328,0.357,1.089,3,1,,,,,,,1.049,0.693,1.588,1.049,1.127,1.038,,,,Wing,0.03,,,-0.7,0.03,Euroleague,2023-24,intl
John Brown,226,200,26,11,11,36.4,180,47.8,-11.4,41,41.5,-7.2,28,25.0,50.9,-25.9,0,,0,,,,0.73,0.521,1.023,,,,,,,0.591,123,126,0.439,0.373,0.85,6,2,,,,,,,0.91,0.519,1.597,1.037,0.598,0.756,,,,Big,-1.82,,,0.6,-0.42,Euroleague,2023-24,intl
Malte Delow,224,195,29,17,5,50.0,159,48.1,1.9,54,45.4,-4.2,26,50.0,47.8,2.2,0,,0,,,,1.157,0.902,1.485,,,,,,,0.426,116,130,0.302,0.5,1.657,1,7,,,,,,,1.117,0.682,1.83,1.285,0.811,1.162,,,,Wing,0.69,,,-0.61,0.22,Euroleague,2023-24,intl
Adam Hanga,224,188,36,14,8,75.0,180,47.5,27.5,47,50.0,1.8,27,31.5,51.6,-20.1,0,,0,,,,1.182,1.009,1.383,,,,,,,0.643,119,126,0.395,0.524,1.326,2,10,,,,,,,0.701,0.408,1.205,0.958,1.167,1.201,,,,Wing,0.83,,,0.39,-0.94,Euroleague,2023-24,intl
Elijah Bryant,221,195,26,13,13,42.3,167,54.2,-11.9,62,35.5,-27.2,26,51.9,53.6,-1.6,0,,0,,,,0.978,0.746,1.284,,,,,,,0.5,117,131,0.282,0.489,1.732,3,10,,,,,,,0.622,0.318,1.217,1.223,1.089,1.039,,,,Wing,-0.3,,,-0.27,-1.16,Euroleague,2023-24,intl
Zach Leday,221,166,55,16,10,30.0,198,52.8,-22.8,32,45.3,-7.5,40,50.0,52.1,-2.1,0,,0,,,,0.847,0.706,1.016,,,,,,,0.859,143,112,0.497,0.357,0.719,10,3,,,,,,,1.261,0.919,1.73,0.992,1.033,0.863,,,,Wing,-1.03,,,1.39,0.63,Euroleague,2023-24,intl
Devin Booker,221,165,56,20,14,53.6,211,51.9,1.7,48,54.2,2.8,36,54.2,51.6,2.6,0,,0,,,,0.962,0.846,1.094,,,,,,,0.7,122,138,0.459,0.435,0.947,6,8,,,,,,,1.555,1.201,2.015,0.999,1.169,0.945,,,,Wing,-0.39,,,0.66,1.45,Euroleague,2023-24,intl
Vincent Poirier,219,206,13,6,10,60.0,192,67.7,-7.7,78,65.4,-3.2,23,52.2,69.3,-17.1,0,,0,,,,1.132,,,,,,,,,0.542,115,111,0.296,0.297,1.006,3,1,,,,,,,1.377,1.142,1.66,1.114,1.122,1.132,,,,Big,0.74,,,0.39,1.2,Euroleague,2023-24,intl
Alessandro Pajola,217,211,6,3,2,75.0,104,50.0,25.0,29,39.7,-14.9,15,26.7,54.4,-27.7,0,,0,,,,1.45,0.808,2.601,,,,,,,0.5,107,115,0.28,0.304,1.086,0,1,,,,,,,1.244,0.453,3.413,1.032,,1.631,,,,Wing,2.32,,,-0.27,0.58,Euroleague,2023-24,intl
Frank Kaminsky,216,187,29,10,12,70.8,174,61.8,9.1,41,64.6,2.9,27,35.2,67.0,-31.8,0,,0,,,,1.023,0.836,1.251,,,,,,,0.725,137,97,0.35,0.361,1.03,5,0,,,,,,,1.076,0.753,1.539,0.985,1.086,1.076,,,,Big,0.05,,,1.19,0.15,Euroleague,2023-24,intl
Aleksa Avramovic,211,182,29,10,10,60.0,179,56.4,3.6,43,54.7,-2.5,27,38.9,59.6,-20.7,0,,0,,,,1.031,0.842,1.262,,,,,,,0.725,136,102,0.382,0.422,1.103,5,3,,,,,,,1.136,0.791,1.632,0.922,1.107,1.072,,,,Wing,-0.01,,,0.77,0.28,Euroleague,2023-24,intl
Semi Ojeleye,207,162,45,16,11,45.5,206,59.2,-13.8,50,59.0,0.6,24,33.3,61.7,-28.3,0,,0,,,,1.042,0.982,1.106,,,,,,,0.703,122,106,0.492,0.472,0.959,7,8,,,,,,,0.938,0.674,1.306,1.077,1.013,1.044,,,,Wing,0.05,,,0.67,-0.28,Euroleague,2023-24,intl
Maik Kotsar,207,201,6,8,4,75.0,164,51.2,23.8,25,44.0,-9.1,31,29.0,56.9,-27.9,0,,0,,,,1.081,0.75,1.558,,,,,,,0.188,126,90,0.365,0.389,1.065,1,2,,,,,,,1.494,0.941,2.372,1.142,0.639,0.926,,,,Big,0.42,,,-1.16,1.6,Euroleague,2023-24,intl
Jaron Blossomgame,206,169,37,21,8,75.0,212,52.8,22.2,73,52.7,-1.3,34,35.3,57.0,-21.7,0,,0,,,,0.965,0.872,1.068,,,,,,,0.44,113,118,0.451,0.525,1.164,5,7,,,,,,,1.286,0.961,1.722,1.002,0.891,0.973,,,,Wing,-0.38,,,-0.54,0.7,Euroleague,2023-24,intl
Nikola Mirotic,202,167,35,12,10,80.0,205,62.4,17.6,45,65.6,2.9,22,65.9,63.0,3.0,0,,0,,,,1.029,0.937,1.13,,,,,,,0.729,126,106,0.429,0.453,1.057,6,4,,,,,,,1.049,0.757,1.453,1.015,1.085,1.027,,,,Big,0.08,,,1.2,0.06,Euroleague,2023-24,intl
Dario Brizuela,197,171,26,14,0,,178,48.9,,50,44.0,-6.8,15,53.3,48.5,4.9,0,,0,,,,1.137,0.969,1.335,,,,,,,0.464,119,105,0.437,0.486,1.112,8,6,,,,,,,0.701,0.39,1.258,1.199,1.176,1.067,,,,Wing,0.58,,,-0.43,-0.94,Euroleague,2023-24,intl
James Webb Iii,197,168,29,17,8,12.5,190,53.2,-40.7,56,43.8,-10.8,20,15.0,55.6,-40.6,0,,0,,,,1.081,0.992,1.179,,,,,,,0.426,116,102,0.474,0.588,1.241,3,8,,,,,,,0.765,0.452,1.294,0.976,1.029,1.086,,,,Big,0.42,,,-0.12,-0.93,Euroleague,2023-24,intl
Tyrique Jones,195,186,9,4,7,42.9,157,64.3,-21.5,40,62.5,-1.2,10,60.0,63.6,-3.6,0,,0,,,,1.24,,,,,,,,,0.562,91,109,0.231,0.358,1.55,1,3,,,,,,,0.842,0.464,1.527,1.055,1.228,1.24,,,,Big,1.43,,,0.47,-0.66,Euroleague,2023-24,intl
Giannoulis Larentzakis,194,167,27,16,16,28.1,151,46.0,-17.9,62,37.1,-11.5,37,25.7,49.6,-23.9,0,,0,,,,0.863,0.653,1.141,,,,,,,0.422,127,90,0.465,0.567,1.22,6,5,,,,,,,1.17,0.667,2.052,1.055,0.909,0.814,,,,Wing,-0.94,,,-0.63,0.37,Euroleague,2023-24,intl
Gabriel Deck,192,178,14,8,7,28.6,163,65.3,-36.8,38,50.0,-17.8,19,42.1,66.6,-24.5,0,,0,,,,0.582,0.343,0.985,,,,,,,0.438,104,98,0.298,0.408,1.369,1,4,,,,,,,1.175,0.723,1.91,0.966,0.59,0.654,,,,Wing,-2.51,,,-0.55,0.39,Euroleague,2023-24,intl
Youssoupha Fall,191,185,6,5,6,66.7,180,61.1,5.6,20,55.0,-7.0,19,57.9,61.7,-3.8,0,,0,,,,1.057,,,,,,,,,0.3,134,62,0.343,0.419,1.222,2,1,,,,,,,0.521,0.167,1.624,0.984,1.056,1.057,,,,Big,0.26,,,-0.67,-1.77,Euroleague,2023-24,intl
Laurynas Birutis,190,180,10,5,2,0.0,170,65.3,-65.3,23,60.9,-4.2,17,52.9,65.8,-12.9,0,,0,,,,0.9,0.657,1.232,,,,,,,0.5,118,77,0.331,0.286,0.864,2,0,,,,,,,1.154,0.761,1.749,0.962,1.137,0.9,,,,Big,-0.74,,,0.2,0.42,Euroleague,2023-24,intl
Jordan Loyd,186,144,42,15,9,61.1,162,46.9,14.2,47,48.9,1.8,32,42.2,48.9,-6.7,0,,0,,,,1.026,0.877,1.199,,,,,,,0.7,103,106,0.505,0.491,0.972,8,6,,,,,,,0.707,0.416,1.201,1.039,1.101,0.959,,,,Wing,-0.04,,,0.66,-0.92,Euroleague,2023-24,intl
Shaquielle Mckissic,182,154,28,11,17,55.9,151,55.3,0.6,64,64.1,14.1,30,38.3,59.1,-20.7,0,,0,,,,1.091,0.941,1.266,,,,,,,0.636,112,88,0.455,0.432,0.948,4,1,,,,,,,1.26,0.871,1.822,1.085,1.046,1.074,,,,Wing,0.32,,,0.36,0.63,Euroleague,2023-24,intl
Georgios Papagiannis,179,172,7,5,10,100.0,139,66.2,33.8,42,65.5,-4.1,26,55.8,71.1,-15.4,0,,0,,,,1.076,0.788,1.47,,,,,,,0.35,103,82,0.233,0.402,1.727,0,3,,,,,,,1.312,0.898,1.918,1.133,,1.099,,,,,,,,,,Euroleague,2023-24,intl
Guerschon Yabusele,177,154,23,9,7,64.3,161,67.1,-2.8,45,62.2,-6.5,30,58.3,68.8,-10.5,0,,0,,,,1.099,0.988,1.223,,,,,,,0.639,89,102,0.416,0.353,0.849,4,2,,,,,,,0.902,0.602,1.353,1.193,1.035,1.025,,,,Wing,0.37,,,0.37,-0.38,Euroleague,2023-24,intl
Yanni Wetzell,177,151,26,9,5,40.0,161,52.5,-12.5,35,45.7,-8.1,31,35.5,55.9,-20.4,0,,0,,,,0.983,0.824,1.172,,,,,,,0.722,87,107,0.494,0.346,0.7,4,4,,,,,,,0.739,0.437,1.249,1.108,0.98,0.946,,,,Big,-0.21,,,1.17,-1.02,Euroleague,2023-24,intl
Maodo Lo,177,169,8,6,3,0.0,124,57.7,-57.7,25,34.0,-27.8,23,63.0,54.8,8.2,0,,0,,,,0.911,0.527,1.572,,,,,,,0.333,104,79,0.346,0.43,1.243,2,3,,,,,,,,,,0.977,0.965,0.911,,,,Wing,-0.68,,,-1.04,,Euroleague,2023-24,intl
Stefan Jovic,177,174,3,3,2,0.0,97,59.8,-59.8,19,39.5,-23.7,15,43.3,61.3,-18.0,0,,0,,,,1.871,,,,,,,,,0.25,93,87,0.194,0.322,1.663,1,2,,,,,,,,,,0.848,1.844,1.871,,,,Playmaker,3.56,,,-1.8,,Euroleague,2023-24,intl
Antonius Cleveland,175,158,17,10,6,58.3,157,51.3,7.1,63,38.1,-21.9,9,50.0,51.6,-1.6,0,,0,,,,1.085,0.95,1.241,,,,,,,0.425,72,113,0.389,0.522,1.343,2,6,,,,,,,0.734,0.382,1.411,1.089,1.14,1.085,,,,Wing,0.29,,,-0.61,-0.85,Euroleague,2023-24,intl
Gabriele Procida,174,139,35,14,3,50.0,169,50.3,-0.3,51,41.2,-13.0,15,26.7,52.5,-25.9,0,,0,,,,0.929,0.79,1.091,,,,,,,0.625,94,101,0.457,0.554,1.212,3,8,,,,,,,1.088,0.711,1.665,0.952,0.824,0.961,,,,Wing,-0.58,,,0.31,0.14,Euroleague,2023-24,intl
Roman Sorkin,174,167,7,9,9,27.8,156,57.4,-29.6,44,51.1,-6.3,13,50.0,56.2,-6.2,0,,0,,,,0.954,0.702,1.297,,,,,,,0.194,92,91,0.413,0.451,1.091,0,4,,,,,,,1.235,0.688,2.215,0.956,,0.954,,,,Big,-0.39,,,-1.13,0.7,Euroleague,2023-24,intl
Lukas Lekavicius,171,148,23,9,4,25.0,133,45.5,-20.5,36,41.7,-4.4,15,40.0,45.5,-5.5,0,,0,,,,0.902,0.659,1.236,,,,,,,0.639,98,90,0.449,0.467,1.039,4,3,,,,,,,0.793,0.375,1.677,1.235,0.687,0.922,,,,Playmaker,-0.52,,,-0.04,-0.55,Euroleague,2023-24,intl
Isaac Bonga,166,141,25,10,9,66.7,139,49.6,17.0,41,57.3,9.2,22,29.5,54.4,-24.8,0,,0,,,,1.108,0.937,1.31,,,,,,,0.625,95,87,0.453,0.46,1.016,3,2,,,,,,,0.979,0.594,1.613,0.97,0.815,1.056,,,,Wing,0.42,,,0.31,-0.16,Euroleague,2023-24,intl
Jared Harper,166,133,33,11,7,50.0,140,43.2,6.8,43,39.5,-5.7,20,37.5,44.5,-7.0,0,,0,,,,1.145,0.944,1.39,,,,,,,0.75,87,107,0.471,0.486,1.031,7,6,,,,,,,0.655,0.351,1.219,1.043,1.085,1.125,,,,Playmaker,0.51,,,0.46,-1.04,Euroleague,2023-24,intl
Luca Vildoza,165,137,28,11,6,41.7,137,50.7,-9.1,34,45.6,-6.2,16,34.4,52.4,-18.0,0,,0,,,,1.093,0.897,1.331,,,,,,,0.636,100,84,0.42,0.548,1.304,5,6,,,,,,,0.366,0.147,0.911,1.131,1.101,1.083,,,,Wing,0.34,,,0.36,-1.88,Euroleague,2023-24,intl
Jordan Mickey,163,130,33,12,12,75.0,162,51.5,23.5,58,56.9,5.6,26,46.2,54.4,-8.2,0,,0,,,,1.051,0.972,1.136,,,,,,,0.688,86,101,0.477,0.485,1.018,5,6,,,,,,,0.968,0.657,1.425,1.026,0.988,1.007,,,,Wing,0.1,,,0.6,-0.19,Euroleague,2023-24,intl
Brady Manek,160,126,34,17,10,80.0,164,54.9,25.1,55,68.2,17.3,19,50.0,57.1,-7.1,0,,0,,,,0.958,0.839,1.095,,,,,,,0.5,90,99,0.611,0.455,0.744,6,2,,,,,,,1.45,1.008,2.086,1.092,0.885,0.957,,,,Wing,-0.42,,,-0.27,1.16,Euroleague,2023-24,intl
Tarik Biberovic,159,142,17,9,8,62.5,138,67.0,-4.5,51,69.6,4.3,21,83.3,64.0,19.3,0,,0,,,,1.062,0.879,1.282,,,,,,,0.472,76,96,0.395,0.417,1.056,2,5,,,,,,,1.089,0.699,1.698,1.186,0.883,1.077,,,,Wing,0.16,,,-0.4,0.15,Euroleague,2023-24,intl
Stefano Tonut,157,146,11,8,6,58.3,117,63.7,-5.3,28,73.2,12.7,24,60.4,64.1,-3.7,0,,0,,,,1.002,0.688,1.458,,,,,,,0.344,88,78,0.352,0.372,1.055,3,2,,,,,,,0.442,0.131,1.484,1.014,1.371,1.033,,,,Wing,-0.17,,,-0.99,-1.67,Euroleague,2023-24,intl
Kevarrius Hayes,153,135,18,8,8,56.2,135,57.4,-1.2,37,52.7,-6.3,11,27.3,59.8,-32.6,0,,0,,,,1.081,0.95,1.229,,,,,,,0.562,78,83,0.385,0.386,1.002,3,3,,,,,,,0.771,0.456,1.303,0.99,1.136,1.081,,,,Big,0.42,,,0.47,-0.91,Euroleague,2023-24,intl
Yam Madar,153,144,9,6,7,14.3,87,55.7,-41.5,32,32.8,-30.1,15,40.0,55.1,-15.1,0,,0,,,,1.383,0.948,2.017,,,,,,,0.375,62,97,0.274,0.351,1.278,0,4,,,,,,,1.523,0.903,2.568,1.124,,1.383,,,,Wing,1.95,,,-0.84,1.36,Euroleague,2023-24,intl
Edmond Sumner,151,136,15,8,1,150.0,120,52.1,97.9,23,47.8,-6.3,12,45.8,53.7,-7.8,0,,0,,,,1.191,0.952,1.489,,,,,,,0.469,85,77,0.388,0.455,1.171,2,5,,,,,,,0.828,0.403,1.7,1.037,0.897,1.131,,,,Playmaker,0.7,,,-0.81,-0.42,Euroleague,2023-24,intl
Derek Willis,151,123,28,10,4,62.5,137,61.7,0.8,36,68.1,8.5,14,50.0,63.0,-13.0,0,,0,,,,0.936,0.778,1.125,,,,,,,0.7,82,79,0.476,0.443,0.932,3,3,,,,,,,1.24,0.848,1.813,1.022,1.055,0.936,,,,Wing,-0.54,,,0.66,0.57,Euroleague,2023-24,intl
Fabien Causeur,150,125,25,11,3,50.0,129,56.2,-6.2,25,52.0,-5.0,6,75.0,55.2,19.8,0,,0,,,,0.938,0.721,1.219,,,,,,,0.568,83,88,0.458,0.375,0.819,4,2,,,,,,,1.159,0.73,1.842,1.201,0.676,0.921,,,,Wing,-0.53,,,0.05,0.34,Euroleague,2023-24,intl
Dyshawn Pierre,149,138,11,8,4,62.5,123,50.0,12.5,16,34.4,-18.3,10,60.0,49.6,10.4,0,,0,,,,1.026,0.767,1.373,,,,,,,0.344,94,63,0.383,0.556,1.451,2,4,,,,,,,0.222,0.035,1.424,1.087,1.242,1.026,,,,Wing,-0.04,,,-0.99,-2.28,Euroleague,2023-24,intl
Sertac Sanli,147,128,19,11,3,83.3,135,52.2,31.1,18,44.4,-9.7,12,33.3,54.8,-21.4,0,,0,,,,1.196,,,,,,,,,0.432,93,66,0.441,0.515,1.169,3,4,,,,,,,0.717,0.387,1.328,1.111,1.167,1.196,,,,Big,1.15,,,-0.09,-1.09,Euroleague,2023-24,intl
Edwin Jackson,147,142,5,4,1,0.0,115,59.6,-59.6,34,47.1,-17.0,26,42.3,63.9,-21.6,0,,0,,,,0.782,0.38,1.608,,,,,,,0.312,71,80,0.296,0.438,1.479,0,1,,,,,,,0.616,0.123,3.08,0.781,0.431,0.782,,,,Playmaker,-1.02,,,-1.52,-1.18,Euroleague,2023-24,intl
Tim Schneider,147,122,25,12,3,0.0,138,48.6,-48.6,43,46.5,-1.4,19,63.2,45.1,18.1,0,,0,,,,0.806,0.626,1.037,,,,,,,0.521,85,77,0.553,0.481,0.869,7,1,,,,,,,1.346,0.841,2.153,0.824,0.921,0.829,,,,Wing,-1.26,,,-0.17,0.87,Euroleague,2023-24,intl
Bruno Caboclo,146,139,7,5,5,110.0,141,70.2,39.8,20,67.5,-4.7,16,46.9,74.6,-27.7,0,,0,,,,1.037,,,,,,,,,0.35,91,60,0.363,0.333,0.919,2,0,,,,,,,1.088,0.67,1.765,0.992,1.035,1.037,,,,Big,0.14,,,-0.45,0.19,Euroleague,2023-24,intl
Bryant Dunston,144,140,4,4,1,0.0,113,62.8,-62.8,16,62.5,0.3,17,50.0,64.4,-14.4,0,,0,,,,0.648,0.242,1.734,,,,,,,0.25,90,58,0.333,0.241,0.724,2,0,,,,,,,1.612,,,0.867,,0.648,,,,Wing,-2.14,,,-1.42,1.61,Euroleague,2023-24,intl
Nikola Milutinov,141,129,12,5,6,50.0,117,61.5,-11.5,41,63.4,3.7,16,25.0,66.4,-41.4,0,,0,,,,1.034,0.792,1.35,,,,,,,0.6,81,69,0.296,0.348,1.174,2,2,,,,,,,1.137,0.738,1.754,1.178,,1.063,,,,Big,0.12,,,0.64,0.36,Euroleague,2023-24,intl
Dovydas Giedraitis,139,112,27,13,5,30.0,118,50.0,-20.0,22,45.5,-4.5,19,50.0,49.0,1.0,0,,0,,,,0.954,0.747,1.217,,,,,,,0.519,75,84,0.44,0.488,1.109,4,5,,,,,,,0.892,0.497,1.602,1.16,0.859,0.89,,,,Wing,-0.44,,,-0.18,-0.41,Euroleague,2023-24,intl
Martin Hermannsson,139,131,8,4,4,25.0,82,47.6,-22.6,17,47.1,0.7,11,27.3,49.3,-22.1,0,,0,,,,1.106,0.634,1.932,,,,,,,0.5,91,57,0.308,0.386,1.254,3,1,,,,,,,0.897,0.298,2.703,1.447,0.861,1.033,,,,Wing,0.41,,,-0.27,-0.39,Euroleague,2023-24,intl
Kassius Robertson,138,120,18,11,4,25.0,123,40.7,-15.7,24,27.1,-16.1,19,15.8,44.4,-28.7,0,,0,,,,1.0,0.801,1.248,,,,,,,0.409,83,67,0.578,0.597,1.032,2,2,,,,,,,0.588,0.206,1.678,1.116,1.038,1.011,,,,Wing,-0.18,,,-0.69,-1.26,Euroleague,2023-24,intl
Tibor Pleiss,138,116,22,8,7,14.3,141,59.9,-45.6,28,30.4,-33.8,20,57.5,57.8,-0.3,0,,0,,,,1.002,0.836,1.201,,,,,,,0.688,85,83,0.412,0.494,1.2,5,4,,,,,,,1.192,0.807,1.76,0.852,0.758,0.994,,,,Big,-0.09,,,1.02,0.55,Euroleague,2023-24,intl
Nathan Reuvers,137,120,17,11,3,0.0,134,45.9,-45.9,35,42.9,-2.7,26,34.6,47.3,-12.7,0,,0,,,,1.027,0.901,1.17,,,,,,,0.386,90,58,0.578,0.552,0.955,4,2,,,,,,,1.046,0.575,1.902,0.958,1.087,1.027,,,,,,,,,,Euroleague,2023-24,intl
Dejan Davidovac,136,131,5,8,4,75.0,119,56.3,18.7,37,52.7,-6.0,19,44.7,59.1,-14.4,0,,0,,,,0.944,0.605,1.472,,,,,,,0.156,70,74,0.457,0.459,1.005,2,1,,,,,,,2.094,,,1.179,,0.944,,,,Wing,-0.49,,,-1.85,2.96,Euroleague,2023-24,intl
John Dibartolomeo,133,124,9,7,0,,109,54.6,,24,62.5,10.1,12,87.5,50.5,37.0,0,,0,,,,1.185,0.921,1.525,,,,,,,0.321,68,73,0.515,0.425,0.825,3,0,,,,,,,0.872,0.346,2.198,1.018,1.305,1.2,,,,Playmaker,0.67,,,-1.48,-0.27,Euroleague,2023-24,intl
Alex Abrines,133,118,15,7,18,75.0,110,64.5,10.5,44,71.6,8.5,7,64.3,66.1,-1.8,0,,0,,,,0.974,0.791,1.2,,,,,,,0.536,63,81,0.429,0.469,1.095,1,1,,,,,,,1.067,0.623,1.826,0.904,1.138,1.0,,,,Wing,-0.33,,,-0.1,0.08,Euroleague,2023-24,intl
Andreas Obst,129,103,26,13,11,40.9,120,60.8,-19.9,49,45.9,-21.2,13,30.8,62.3,-31.5,0,,0,,,,1.045,0.916,1.191,,,,,,,0.5,78,68,0.474,0.588,1.24,3,4,,,,,,,0.758,0.435,1.323,1.038,1.129,1.019,,,,Wing,0.07,,,-0.27,-0.78,Euroleague,2023-24,intl
Diego Flaccadori,129,111,18,8,3,33.3,109,43.1,-9.8,29,53.4,14.3,19,39.5,43.5,-4.1,0,,0,,,,1.076,0.855,1.353,,,,,,,0.562,73,69,0.452,0.536,1.186,4,2,,,,,,,1.254,0.684,2.301,1.089,0.915,1.002,,,,Wing,0.24,,,0.02,0.61,Euroleague,2023-24,intl
Xabi Lopez-Arostegui,127,117,10,6,4,25.0,106,49.5,-24.5,38,50.0,2.1,8,37.5,49.5,-12.0,0,,0,,,,1.245,,,,,,,,,0.417,63,71,0.492,0.451,0.916,2,3,,,,,,,0.895,0.406,1.976,1.023,1.24,1.245,,,,,,,,,,Euroleague,2023-24,intl
Nikolaos Rogkavopoulos,127,108,19,6,4,100.0,118,64.4,35.6,24,68.8,4.0,12,33.3,69.1,-35.8,0,,0,,,,0.938,0.764,1.151,,,,,,,0.792,81,56,0.481,0.393,0.816,4,0,,,,,,,1.213,0.792,1.856,0.943,0.984,0.92,,,,,,,,,,Euroleague,2023-24,intl
Awudu Abass,127,117,10,10,6,58.3,116,50.9,7.5,39,43.6,-11.2,12,45.8,51.8,-6.0,0,,0,,,,1.147,,,,,,,,,0.25,76,61,0.487,0.574,1.179,0,4,,,,,,,1.391,0.8,2.418,1.065,1.129,1.147,,,,Wing,0.64,,,-1.42,0.99,Euroleague,2023-24,intl
Charles Kahudi,127,106,21,11,1,100.0,117,40.2,59.8,37,41.9,1.8,15,26.7,42.7,-16.1,0,,0,,,,0.939,0.727,1.213,,,,,,,0.477,72,74,0.528,0.5,0.947,4,4,,,,,,,1.265,0.726,2.204,0.932,1.259,0.996,,,,,,,,,,Euroleague,2023-24,intl
Louis Olinde,126,118,8,4,5,100.0,99,61.6,38.4,28,66.1,3.6,12,70.8,62.5,8.3,0,,0,,,,1.11,0.841,1.466,,,,,,,0.5,68,62,0.368,0.387,1.053,2,1,,,,,,,1.042,0.535,2.031,1.257,0.624,1.11,,,,Wing,0.43,,,-0.27,0.01,Euroleague,2023-24,intl
Vladimir Lucic,123,115,8,7,11,63.6,82,61.6,2.1,31,61.3,-0.8,6,66.7,61.5,5.2,0,,0,,,,0.701,0.347,1.416,,,,,,,0.286,64,66,0.359,0.364,1.012,1,2,,,,,,,0.456,0.083,2.515,0.893,1.411,0.701,,,,Wing,-1.85,,,-1.25,-1.63,Euroleague,2023-24,intl
Jake Cohen,123,123,0,2,2,50.0,90,56.1,-6.1,5,40.0,-16.9,10,50.0,56.7,-6.7,0,,0,,,,,,,,,,,,,0.0,89,36,0.36,0.472,1.313,0,0,,,,,,,,,,1.233,,,,,,Big,,,,-1.98,,Euroleague,2023-24,intl
Juancho Hernangomez,121,110,11,13,5,40.0,113,43.8,-3.8,27,38.9,-6.2,17,32.4,45.5,-13.2,0,,0,,,,1.17,,,,,,,,,0.212,85,49,0.553,0.592,1.07,6,2,,,,,,,0.675,0.249,1.826,1.159,1.145,1.17,,,,Wing,0.76,,,-1.6,-1.01,Euroleague,2023-24,intl
David Lighty,121,113,8,4,6,25.0,87,47.1,-22.1,16,50.0,5.2,14,50.0,44.9,5.1,0,,0,,,,0.851,0.492,1.472,,,,,,,0.5,58,68,0.5,0.426,0.853,0,2,,,,,,,1.006,0.333,3.04,1.006,1.02,0.908,,,,Wing,-1.01,,,-0.27,-0.09,Euroleague,2023-24,intl
Kemba Walker,119,110,9,7,0,,95,49.5,,16,25.0,-29.4,18,38.9,51.9,-13.1,0,,0,,,,0.894,0.556,1.438,,,,,,,0.321,79,47,0.418,0.532,1.273,2,0,,,,,,,0.38,0.062,2.31,0.8,1.337,0.894,,,,Playmaker,-0.55,,,-1.48,-2.03,Euroleague,2023-24,intl
Oscar Da Silva,119,116,3,8,1,0.0,109,52.3,-52.3,18,22.2,-35.4,8,31.2,53.4,-22.2,0,,0,,,,0.766,0.343,1.71,,,,,,,0.094,87,40,0.414,0.525,1.269,2,1,,,,,,,1.01,0.249,4.095,0.914,,0.766,,,,Wing,-1.48,,,-2.14,-0.08,Euroleague,2023-24,intl
Donta Hall,117,115,2,1,7,85.7,93,73.1,12.6,29,82.8,12.3,13,53.8,77.0,-23.2,0,,0,,,,1.186,,,,,,,,,0.5,64,54,0.25,0.185,0.741,0,0,,,,,,,1.366,,,0.991,,1.186,,,,Big,1.09,,,0.2,1.16,Euroleague,2023-24,intl
Ognjen Dobric,116,115,1,5,4,75.0,99,61.6,13.4,23,69.6,9.6,10,30.0,65.6,-35.6,0,,0,,,,1.186,,,,,,,,,0.05,68,53,0.412,0.396,0.962,1,2,,,,,,,,,,1.062,,1.186,,,,Wing,0.85,,,-2.34,,Euroleague,2023-24,intl
Alen Smailagic,115,105,10,6,5,80.0,102,64.7,15.3,25,66.0,0.8,10,30.0,69.1,-39.1,0,,0,,,,1.05,0.842,1.31,,,,,,,0.417,61,63,0.361,0.333,0.924,2,1,,,,,,,1.25,0.851,1.836,1.102,0.969,1.069,,,,Big,0.22,,,-0.16,0.76,Euroleague,2023-24,intl
Ante Zizic,113,105,8,2,1,100.0,95,64.2,35.8,17,47.1,-21.3,8,75.0,63.6,11.4,0,,0,,,,0.737,0.428,1.269,,,,,,,1.0,65,50,0.277,0.32,1.156,1,0,,,,,,,0.905,0.436,1.88,0.853,,0.737,,,,Big,-1.78,,,2.39,-0.44,Euroleague,2023-24,intl
Mike Tobey,112,96,16,10,1,100.0,111,45.0,55.0,32,39.1,-9.1,12,41.7,46.0,-4.3,0,,0,,,,0.659,0.45,0.966,,,,,,,0.4,70,53,0.514,0.585,1.137,4,2,,,,,,,0.65,0.246,1.719,0.942,0.269,0.683,,,,Big,-2.28,,,-0.23,-1.33,Euroleague,2023-24,intl
Danilo Andjusic,111,108,3,6,3,33.3,97,52.6,-19.2,31,58.1,8.8,18,55.6,51.2,4.3,0,,0,,,,1.187,,,,,,,,,0.125,49,68,0.531,0.471,0.887,0,2,,,,,,,,,,0.896,1.175,1.187,,,,Wing,0.86,,,-2.0,,Euroleague,2023-24,intl
Chris Chiozza,110,109,1,2,2,75.0,51,34.3,40.7,11,36.4,0.6,9,16.7,39.8,-23.1,0,,0,,,,,,,,,,,,,0.125,68,44,0.294,0.386,1.314,0,2,,,,,,,,,,1.008,,,,,,Playmaker,,,,-2.36,,Euroleague,2023-24,intl
Ricky Rubio,110,102,8,5,6,0.0,56,33.9,-33.9,20,27.5,-4.6,1,0.0,31.1,-31.1,0,,0,,,,0.464,0.138,1.56,,,,,,,0.4,57,60,0.404,0.367,0.909,2,2,,,,,,,,,,0.875,,0.374,,,,Playmaker,-2.36,,,-1.12,,Euroleague,2023-24,intl
Ignas Brazdeikis,109,93,16,12,2,50.0,102,36.8,13.2,11,27.3,-10.9,18,33.3,37.8,-4.5,0,,0,,,,0.883,0.657,1.187,,,,,,,0.333,81,41,0.58,0.537,0.925,5,1,,,,,,,0.878,0.376,2.05,1.191,0.699,0.9,,,,Wing,-0.83,,,-1.04,-0.44,Euroleague,2023-24,intl
Dan Oturu,109,106,3,3,7,57.1,91,69.2,-12.1,23,60.9,-9.8,6,66.7,68.5,-1.8,0,,0,,,,1.152,,,,,,,,,0.25,65,47,0.308,0.234,0.761,2,1,,,,,,,0.944,0.419,2.123,1.175,1.147,1.152,,,,,,,,,,Euroleague,2023-24,intl
Alex Poythress,109,100,9,5,2,0.0,110,61.4,-61.4,17,64.7,5.2,5,20.0,62.1,-42.1,0,,0,,,,1.031,,,,,,,,,0.45,66,49,0.424,0.347,0.818,1,1,,,,,,,1.279,0.871,1.877,0.967,1.028,1.031,,,,Wing,-0.01,,,-0.5,0.68,Euroleague,2023-24,intl
Nathan Sestina,108,105,3,6,1,0.0,98,59.7,-59.7,15,36.7,-26.4,13,53.8,59.9,-6.0,0,,0,,,,1.167,,,,,,,,,0.125,70,44,0.4,0.568,1.42,1,2,,,,,,,0.667,0.133,3.347,1.112,,1.167,,,,,,,,,,Euroleague,2023-24,intl
Khalifa Koumadje,107,106,1,2,1,100.0,101,62.4,37.6,25,72.0,12.3,9,66.7,62.4,4.3,0,,0,,,,1.071,,,,,,,,,0.125,53,56,0.415,0.286,0.688,1,1,,,,,,,,,,1.006,,1.071,,,,Big,0.35,,,-1.43,,Euroleague,2023-24,intl
Justin Bean,107,97,10,9,0,,95,50.0,,25,56.0,8.1,7,50.0,50.0,0.0,0,,0,,,,0.859,0.567,1.304,,,,,,,0.278,57,59,0.439,0.492,1.121,1,3,,,,,,,0.579,0.176,1.907,1.163,0.728,0.859,,,,Wing,-0.97,,,-1.29,-1.28,Euroleague,2023-24,intl
Ognjen Jaramaz,106,100,6,4,4,87.5,71,40.1,47.4,22,43.2,0.7,11,0.0,50.0,-50.0,0,,0,,,,0.746,0.331,1.681,,,,,,,0.375,43,68,0.326,0.485,1.491,0,3,,,,,,,,,,0.94,1.12,0.853,,,,Wing,-1.6,,,-0.84,,Euroleague,2023-24,intl
Filip Petrusev,105,88,17,10,7,50.0,96,49.5,0.5,33,50.0,0.7,13,50.0,49.4,0.6,0,,0,,,,0.767,0.561,1.049,,,,,,,0.425,66,50,0.424,0.52,1.226,1,5,,,,,,,1.125,0.667,1.896,0.966,0.631,0.724,,,,Big,-1.59,,,-0.12,0.32,Euroleague,2023-24,intl
Kyle Hines,101,95,6,2,2,0.0,76,56.6,-56.6,25,56.0,1.3,18,27.8,63.3,-35.6,0,,0,,,,0.428,0.137,1.334,,,,,,,0.75,50,53,0.34,0.34,0.999,1,1,,,,,,,,,,0.992,1.329,0.428,,,,Wing,-3.36,,,0.89,,Euroleague,2023-24,intl
Rudy Fernandez,99,98,1,4,1,0.0,66,55.3,-55.3,25,48.0,-10.3,12,62.5,52.7,9.8,0,,0,,,,1.581,,,,,,,,,0.062,58,45,0.362,0.467,1.289,2,0,,,,,,,,,,1.206,,1.581,,,,Wing,3.05,,,-2.29,,Euroleague,2023-24,intl
Niels Giffey,99,86,13,4,5,70.0,84,44.0,26.0,19,55.3,12.4,15,50.0,44.6,5.4,0,,0,,,,0.783,0.541,1.135,,,,,,,0.812,56,48,0.554,0.5,0.903,1,0,,,,,,,1.456,0.76,2.791,0.825,,0.727,,,,Wing,-1.39,,,1.17,1.17,Euroleague,2023-24,intl
Kevin Pangos,97,71,26,9,0,,66,37.9,,14,42.9,6.3,12,54.2,34.3,19.9,0,,0,,,,0.932,0.62,1.402,,,,,,,0.722,49,59,0.49,0.373,0.761,3,2,,,,,,,1.952,0.846,4.505,1.402,1.667,0.99,,,,Playmaker,-0.39,,,0.34,3.6,Euroleague,2023-24,intl
Jaime Pradilla,96,93,3,2,0,,77,59.1,,15,50.0,-11.3,10,30.0,63.4,-33.4,0,,0,,,,0.838,0.374,1.877,,,,,,,0.375,50,48,0.26,0.417,1.603,0,2,,,,,,,0.86,0.212,3.487,0.677,,0.838,,,,Wing,-1.08,,,-0.84,-0.5,Euroleague,2023-24,intl
Jaleen Smith,95,86,9,6,0,,86,59.9,,21,52.4,-9.9,12,58.3,60.1,-1.8,0,,0,,,,1.124,0.871,1.451,,,,,,,0.375,56,50,0.375,0.48,1.28,2,5,,,,,,,0.919,0.444,1.9,1.327,0.928,1.07,,,,Wing,0.51,,,-0.84,-0.33,Euroleague,2023-24,intl
Noam Yaacov,94,92,2,3,0,,63,34.9,,17,26.5,-11.6,10,10.0,39.6,-29.6,0,,0,,,,1.586,,,,,,,,,0.167,52,45,0.385,0.489,1.271,0,2,,,,,,,,,,0.793,1.557,1.586,,,,Playmaker,2.36,,,-2.17,,Euroleague,2023-24,intl
Ercan Osmani,92,80,12,5,0,,89,51.1,,11,36.4,-16.8,16,53.1,50.7,2.4,0,,0,,,,0.751,0.5,1.129,,,,,,,0.6,53,49,0.472,0.51,1.082,2,2,,,,,,,0.761,0.302,1.919,0.874,1.155,0.845,,,,,,,,,,Euroleague,2023-24,intl
Mbaye Ndiaye,91,83,8,2,3,0.0,66,54.5,-54.5,24,45.8,-9.7,7,28.6,54.8,-26.3,0,,0,,,,1.407,,,,,,,,,1.0,46,47,0.283,0.447,1.581,1,1,,,,,,,0.952,0.457,1.983,1.056,1.369,1.407,,,,Wing,2.08,,,2.04,-0.24,Euroleague,2023-24,intl
Justin Anderson,90,76,14,7,2,50.0,92,53.8,-3.8,21,76.2,28.9,11,63.6,52.4,11.2,0,,0,,,,1.134,,,,,,,,,0.5,60,43,0.517,0.465,0.9,3,1,,,,,,,0.897,0.466,1.727,0.997,1.114,1.134,,,,Wing,0.56,,,-0.27,-0.39,Euroleague,2023-24,intl
Arnas Butkevicius,89,83,6,3,4,50.0,71,60.6,-10.6,22,68.2,11.6,11,54.5,60.9,-6.4,0,,0,,,,1.239,,,,,,,,,0.5,42,50,0.452,0.36,0.796,0,1,,,,,,,2.094,,,0.824,,1.239,,,,Wing,1.15,,,-0.27,2.96,Euroleague,2023-24,intl
Petr Cornelie,88,83,5,3,0,,71,52.1,,17,52.9,1.1,8,62.5,50.8,11.7,0,,0,,,,1.317,,,,,,,,,0.417,52,39,0.462,0.436,0.944,1,0,,,,,,,1.938,1.143,3.287,0.975,1.299,1.317,,,,Big,1.92,,,-0.16,3.14,Euroleague,2023-24,intl
Javonte Smart,88,63,25,8,2,0.0,83,42.2,-42.2,33,37.9,-5.4,12,70.8,36.3,34.5,0,,0,,,,0.951,0.761,1.189,,,,,,,0.781,47,55,0.404,0.636,1.574,2,5,,,,,,,0.691,0.331,1.444,0.798,0.97,0.959,,,,Wing,-0.45,,,1.03,-0.97,Euroleague,2023-24,intl
Danko Brankovic,87,85,2,1,0,,72,65.3,,10,40.0,-29.4,5,40.0,67.2,-27.2,0,,0,,,,,,,,,,,,,0.5,55,33,0.273,0.364,1.333,1,0,,,,,,,,,,0.59,,,,,,Big,,,,0.2,,Euroleague,2023-24,intl
Matthew Strazel,87,80,7,6,0,,62,45.2,,15,26.7,-24.4,17,29.4,51.1,-21.7,0,,0,,,,0.879,0.454,1.703,,,,,,,0.292,47,46,0.319,0.5,1.567,0,3,,,,,,,,,,0.954,,0.879,,,,Playmaker,-0.62,,,-1.61,,Euroleague,2023-24,intl
Josep Puerto,82,72,10,4,6,25.0,73,45.2,-20.2,28,41.1,-4.0,11,9.1,49.3,-40.2,0,,0,,,,0.997,0.8,1.242,,,,,,,0.625,41,46,0.512,0.63,1.231,0,3,,,,,,,1.256,0.564,2.798,0.94,0.878,1.007,,,,Wing,-0.2,,,0.31,0.61,Euroleague,2023-24,intl
Achille Polonara,81,80,1,1,0,,57,55.3,,14,71.4,21.4,2,75.0,54.5,20.5,0,,0,,,,1.455,,,,,,,,,0.25,47,35,0.447,0.314,0.703,0,0,,,,,,,,,,1.176,,1.455,,,,Wing,2.35,,,-1.42,,Euroleague,2023-24,intl
Moses Wright,81,81,0,1,5,110.0,69,68.8,41.2,24,77.1,8.1,18,66.7,73.2,-6.5,0,,0,,,,,,,,,,,,,0.0,39,43,0.308,0.233,0.756,0,0,,,,,,,,,,0.981,,,,,,Wing,,,,-2.57,,Euroleague,2023-24,intl
Justus Hollatz,79,71,8,3,3,33.3,50,47.0,-13.7,12,37.5,-11.3,10,30.0,50.0,-20.0,0,,0,,,,0.807,0.394,1.652,,,,,,,0.667,47,38,0.34,0.395,1.16,1,1,,,,,,,0.524,0.093,2.941,0.925,0.804,0.88,,,,Wing,-1.26,,,0.5,-1.44,Euroleague,2023-24,intl
Joel Parra,79,71,8,7,3,0.0,74,45.9,-45.9,26,38.5,-8.6,14,25.0,48.4,-23.4,0,,0,,,,1.145,,,,,,,,,0.286,44,42,0.568,0.571,1.006,0,3,,,,,,,1.292,0.604,2.763,1.127,,1.145,,,,Wing,0.62,,,-1.25,0.71,Euroleague,2023-24,intl
Alberto Abalde,79,75,4,4,0,,68,58.1,,17,82.4,32.4,13,61.5,57.3,4.3,0,,0,,,,1.25,,,,,,,,,0.25,50,33,0.44,0.485,1.102,1,1,,,,,,,1.111,0.401,3.079,1.105,,1.25,,,,Wing,1.21,,,-1.42,0.21,Euroleague,2023-24,intl
Jonas Mattisseck,78,65,13,5,3,83.3,65,56.9,26.4,24,68.8,16.5,9,27.8,62.7,-34.9,0,,0,,,,0.741,0.475,1.154,,,,,,,0.65,36,48,0.444,0.5,1.125,1,2,,,,,,,1.174,0.55,2.508,0.9,0.823,0.774,,,,Wing,-1.62,,,0.42,0.38,Euroleague,2023-24,intl
Naz Mitrou-Long,78,72,6,3,2,50.0,62,38.7,11.3,14,42.9,4.9,7,0.0,43.9,-43.9,0,,0,,,,0.842,0.472,1.501,,,,,,,0.5,48,35,0.521,0.514,0.987,0,0,,,,,,,,,,0.819,1.306,0.938,,,,,,,,,,Euroleague,2023-24,intl
Deshaun Thomas,78,70,8,3,1,100.0,70,50.7,49.3,12,45.8,-6.7,13,50.0,51.7,-1.7,0,,0,,,,1.228,,,,,,,,,0.667,48,36,0.417,0.472,1.133,2,0,,,,,,,1.056,0.501,2.224,1.052,1.203,1.232,,,,Wing,1.09,,,0.5,0.05,Euroleague,2023-24,intl
Yakuba Ouattara,77,69,8,4,1,0.0,79,66.5,-66.5,8,62.5,-3.5,6,41.7,67.6,-25.9,0,,0,,,,0.901,0.691,1.175,,,,,,,0.5,45,38,0.444,0.5,1.125,1,0,,,,,,,1.641,1.123,2.398,1.019,1.04,0.927,,,,Wing,-0.73,,,-0.27,1.69,Euroleague,2023-24,intl
Mateusz Ponitka,75,66,9,4,3,0.0,58,47.4,-47.4,17,61.8,23.1,8,0.0,51.9,-51.9,0,,0,,,,1.222,0.929,1.608,,,,,,,0.562,37,43,0.432,0.465,1.076,1,2,,,,,,,0.857,0.331,2.217,0.882,1.345,1.238,,,,Wing,1.05,,,0.02,-0.5,Euroleague,2023-24,intl
Daniel Diez,73,72,1,1,1,0.0,58,60.3,-60.3,5,70.0,11.7,6,25.0,63.2,-38.2,0,,0,,,,1.263,,,,,,,,,0.25,44,30,0.477,0.4,0.838,1,0,,,,,,,,,,0.729,,1.263,,,,Wing,1.28,,,-1.42,,Euroleague,2023-24,intl
Ziga Samar,73,63,10,4,0,,50,42.0,,11,45.5,4.4,6,33.3,43.2,-9.8,0,,0,,,,0.473,0.18,1.24,,,,,,,0.625,48,33,0.458,0.303,0.661,3,1,,,,,,,,,,0.821,0.815,0.67,,,,Playmaker,-2.33,,,-0.1,,Euroleague,2023-24,intl
Victor Claver,70,65,5,4,0,,62,52.4,,11,63.6,13.6,9,38.9,54.7,-15.8,0,,0,,,,0.963,0.613,1.513,,,,,,,0.312,46,28,0.5,0.5,1.0,3,0,,,,,,,,,,0.857,0.793,0.963,,,,Big,-0.34,,,-0.62,,Euroleague,2023-24,intl
Ioannis Papapetrou,69,65,4,2,1,0.0,62,62.9,-62.9,16,56.2,-7.6,16,46.9,67.0,-20.1,0,,0,,,,0.855,0.482,1.517,,,,,,,0.5,43,29,0.442,0.448,1.015,1,0,,,,,,,1.31,0.566,3.035,1.179,,0.912,,,,Wing,-0.99,,,-0.27,0.77,Euroleague,2023-24,intl
Mam Jaiteh,67,63,4,2,0,,63,58.7,,10,90.0,37.2,7,71.4,57.1,14.3,0,,0,,,,0.815,0.461,1.441,,,,,,,0.5,39,30,0.462,0.267,0.578,0,0,,,,,,,1.706,,,0.961,1.098,0.815,,,,,,,,,,Euroleague,2023-24,intl
Mike Daum,66,51,15,4,4,37.5,67,68.7,-31.2,17,64.7,-2.9,7,92.9,64.1,28.8,0,,0,,,,0.971,0.839,1.124,,,,,,,0.938,39,35,0.487,0.4,0.821,2,0,,,,,,,0.875,0.491,1.558,1.057,0.905,0.98,,,,Wing,-0.34,,,1.75,-0.45,Euroleague,2023-24,intl
Branko Lazic,64,57,7,5,0,,59,41.5,,12,33.3,-10.3,13,42.3,41.3,1.0,0,,0,,,,0.47,0.199,1.109,,,,,,,0.35,39,30,0.667,0.467,0.7,1,0,,,,,,,,,,0.687,1.179,0.47,,,,Wing,-3.13,,,-0.96,,Euroleague,2023-24,intl
Eli Ndiaye,64,64,0,3,0,,55,52.7,,11,45.5,-9.1,3,50.0,52.9,-2.9,0,,0,,,,,,,,,,,,,0.0,47,20,0.447,0.45,1.007,3,0,,,,,,,,,,0.989,,,,,,Wing,,,,-2.57,,Euroleague,2023-24,intl
Boubacar Toure,64,62,2,2,0,,62,56.5,,6,50.0,-7.1,10,40.0,59.6,-19.6,0,,0,,,,1.069,,,,,,,,,0.25,50,16,0.38,0.5,1.316,1,0,,,,,,,0.879,0.216,3.578,0.91,,1.069,,,,Big,0.34,,,-0.89,-0.53,Euroleague,2023-24,intl
Freddie Gillespie,63,63,0,0,4,25.0,49,57.1,-32.1,13,53.8,-1.2,5,80.0,52.1,27.9,0,,0,,,,,,,,,,,,,,39,24,0.41,0.333,0.812,0,0,,,,,,,,,,1.222,,,,,,Big,,,,,,Euroleague,2023-24,intl
Niccolo Mannion,61,53,8,3,1,0.0,43,47.7,-47.7,18,41.7,-8.3,5,30.0,48.7,-18.7,0,,0,,,,1.364,0.98,1.898,,,,,,,0.667,36,28,0.361,0.5,1.385,0,2,,,,,,,1.495,0.691,3.23,1.294,,1.364,,,,,,,,,,Euroleague,2023-24,intl
Giordano Bortolani,59,50,9,3,3,100.0,56,54.5,45.5,22,90.9,54.4,12,12.5,68.1,-55.6,0,,0,,,,0.988,0.77,1.267,,,,,,,0.75,31,34,0.613,0.441,0.72,1,0,,,,,,,0.938,0.358,2.457,0.981,1.111,1.021,,,,Wing,-0.25,,,0.89,-0.28,Euroleague,2023-24,intl
Kostas Antetokounmpo,55,55,0,0,1,0.0,48,64.6,-64.6,13,46.2,-23.3,6,0.0,72.1,-72.1,0,,0,,,,,,,,,,,,,,26,29,0.308,0.345,1.121,0,0,,,,,,,,,,1.146,,,,,,Big,,,,,,Euroleague,2023-24,intl
Luke Sikma,54,50,4,1,0,,47,51.1,,3,0.0,-54.5,11,68.2,45.8,22.3,0,,0,,,,1.22,,,,,,,,,1.0,47,12,0.383,0.5,1.306,1,0,,,,,,,2.278,,,1.289,,1.016,,,,Wing,1.04,,,2.04,3.48,Euroleague,2023-24,intl
Panagiotis Kalaitzakis,53,48,5,3,1,150.0,48,54.2,95.8,14,67.9,16.4,9,83.3,50.0,33.3,0,,0,,,,1.231,,,,,,,,,0.417,24,34,0.375,0.441,1.176,0,1,,,,,,,2.167,,,1.257,1.214,1.237,,,,Wing,1.1,,,-0.65,3.17,Euroleague,2023-24,intl
Rafi Menco,53,52,1,1,0,,47,54.3,,18,47.2,-11.4,3,50.0,54.5,-4.5,0,,0,,,,1.156,,,,,,,,,0.25,25,29,0.52,0.483,0.928,0,1,,,,,,,,,,1.15,,1.156,,,,,,,,,,Euroleague,2023-24,intl
Elias Harris,52,44,8,3,0,,49,57.1,,7,78.6,25.0,11,45.5,60.5,-15.1,0,,0,,,,1.158,,,,,,,,,0.667,22,33,0.409,0.394,0.963,1,1,,,,,,,1.663,1.115,2.479,0.92,1.136,1.158,,,,Wing,0.7,,,0.5,1.75,Euroleague,2023-24,intl
Uros Trifunovic,52,52,0,1,1,0.0,44,52.3,-52.3,11,18.2,-43.6,7,57.1,50.0,7.1,0,,0,,,,,,,,,,,,,0.0,29,24,0.345,0.667,1.933,0,0,,,,,,,,,,0.793,,,,,,Wing,,,,-2.57,,Euroleague,2023-24,intl
Aleksander Balcerowski,52,52,0,0,0,,44,53.4,,10,60.0,8.5,9,22.2,61.4,-39.2,0,,0,,,,,,,,,,,,,,37,15,0.351,0.533,1.518,0,0,,,,,,,,,,1.2,,,,,,,,,,,,Euroleague,2023-24,intl
Frank Jackson,49,45,4,2,1,0.0,44,61.4,-61.4,9,33.3,-33.3,5,20.0,65.0,-45.0,0,,0,,,,1.216,,,,,,,,,0.5,31,22,0.419,0.409,0.976,1,0,,,,,,,1.947,,,0.941,,1.216,,,,Wing,1.02,,,-0.27,2.55,Euroleague,2023-24,intl
John Egbunu,47,47,0,3,0,,42,57.1,,13,53.8,-4.8,6,50.0,58.3,-8.3,0,,0,,,,,,,,,,,,,0.0,24,26,0.375,0.346,0.923,0,0,,,,,,,,,,1.189,,,,,,Big,,,,-1.98,,Euroleague,2023-24,intl
Carlos Alocen,45,39,6,4,1,150.0,31,19.4,130.6,4,62.5,44.6,5,0.0,27.8,-27.8,0,,0,,,,0.75,0.327,1.721,,,,,,,0.375,30,20,0.633,0.3,0.474,3,0,,,,,,,1.733,0.291,10.316,0.781,0.776,0.857,,,,Wing,-1.57,,,-0.84,1.95,Euroleague,2023-24,intl
Rodney Mcgruder,44,34,10,4,0,,45,51.1,,9,33.3,-22.2,6,16.7,56.4,-39.7,0,,0,,,,0.877,0.633,1.217,,,,,,,0.625,29,21,0.517,0.476,0.921,2,3,,,,,,,0.969,0.448,2.097,0.935,0.886,0.914,,,,Wing,-0.87,,,0.31,-0.19,Euroleague,2023-24,intl
Tj Shorts,689,597,92,26,44,46.6,483,52.9,-6.3,150,43.7,-12.2,74,34.5,55.3,-20.8,0,,0,,,,0.988,0.835,1.168,,,,,,,0.885,390,407,0.313,0.354,1.131,10,16,,,,,,,0.893,0.673,1.184,1.074,0.986,1.04,,,,Playmaker,-0.11,,,1.08,-0.34,Euroleague,2024-25,intl
Kendrick Nunn,640,520,120,36,44,51.1,550,58.0,-6.9,165,58.2,1.0,81,48.1,59.0,-10.8,0,,0,,,,1.089,0.985,1.204,,,,,,,0.833,369,403,0.404,0.392,0.971,21,21,,,,,,,1.014,0.824,1.249,1.115,1.11,1.044,,,,Wing,0.43,,,1.32,0.09,Euroleague,2024-25,intl
Mike James,618,481,137,39,49,38.8,480,47.7,-8.9,149,48.0,1.5,63,44.4,47.2,-2.8,0,,0,,,,1.108,0.982,1.249,,,,,,,0.878,390,373,0.39,0.448,1.149,17,25,,,,,,,1.087,0.856,1.38,1.134,1.009,1.08,,,,Wing,0.54,,,1.53,0.33,Euroleague,2024-25,intl
Carsen Edwards,519,380,139,41,40,48.8,521,54.0,-5.3,143,55.6,2.6,55,49.1,54.2,-5.1,0,,0,,,,0.908,0.82,1.007,,,,,,,0.848,320,357,0.491,0.429,0.874,23,21,,,,,,,1.154,0.93,1.433,0.975,0.917,0.917,,,,Playmaker,-0.49,,,0.9,0.53,Euroleague,2024-25,intl
Facundo Campazzo,509,461,48,16,31,61.3,280,52.5,8.8,90,42.2,-15.7,35,38.6,55.3,-16.7,0,,0,,,,1.283,1.041,1.581,,,,,,,0.75,250,297,0.308,0.316,1.028,6,10,,,,,,,0.896,0.589,1.361,1.338,1.072,1.291,,,,Playmaker,1.27,,,0.43,-0.33,Euroleague,2024-25,intl
Carlik Jones,496,416,80,23,23,50.0,352,50.1,-0.1,111,51.8,2.4,43,40.7,51.4,-10.7,0,,0,,,,1.158,0.997,1.344,,,,,,,0.87,292,266,0.346,0.38,1.098,11,11,,,,,,,1.222,0.948,1.574,1.061,1.414,1.143,,,,Playmaker,0.69,,,1.0,0.75,Euroleague,2024-25,intl
Kevin Punter,473,392,81,25,37,55.4,393,55.9,-0.4,125,54.4,-2.0,54,45.4,57.3,-11.9,0,,0,,,,1.049,0.929,1.184,,,,,,,0.81,268,281,0.392,0.441,1.126,12,14,,,,,,,0.764,0.557,1.049,1.105,1.003,1.107,,,,Playmaker,0.17,,,0.72,-0.76,Euroleague,2024-25,intl
Sasha Vezenkov,462,370,92,28,26,32.7,450,63.3,-30.6,98,59.2,-3.1,58,54.3,62.7,-8.4,0,,0,,,,0.94,0.85,1.041,,,,,,,0.821,270,275,0.407,0.393,0.964,14,15,,,,,,,0.928,0.739,1.164,0.927,1.019,0.953,,,,Wing,-0.44,,,1.27,-0.19,Euroleague,2024-25,intl
Elijah Bryant,454,371,83,27,24,54.2,393,51.0,3.1,103,49.5,-2.2,59,45.8,52.1,-6.3,0,,0,,,,1.02,0.891,1.168,,,,,,,0.769,241,297,0.402,0.455,1.129,11,20,,,,,,,0.823,0.593,1.143,1.079,1.037,1.09,,,,Wing,0.03,,,1.03,-0.52,Euroleague,2024-25,intl
Theo Maledon,446,378,68,26,37,36.5,302,54.0,-17.5,92,49.5,-3.6,46,37.0,54.4,-17.5,0,,0,,,,1.094,0.922,1.297,,,,,,,0.654,263,243,0.346,0.407,1.177,9,15,,,,,,,0.876,0.612,1.256,1.14,0.881,1.04,,,,Playmaker,0.39,,,-0.03,-0.39,Euroleague,2024-25,intl
Codi Miller-Mcintyre,444,374,70,22,18,72.2,312,48.6,23.7,67,51.5,2.1,47,38.3,51.8,-13.5,0,,0,,,,1.105,0.93,1.311,,,,,,,0.795,252,242,0.365,0.384,1.053,10,11,,,,,,,1.002,0.723,1.39,1.018,0.961,1.136,,,,Wing,0.52,,,1.15,0.05,Euroleague,2024-25,intl
Mario Hezonja,438,343,95,28,26,75.0,432,53.0,22.0,104,60.6,8.2,38,36.8,55.8,-19.0,0,,0,,,,1.049,0.971,1.134,,,,,,,0.848,255,266,0.475,0.47,0.99,13,16,,,,,,,0.837,0.637,1.101,1.02,1.07,1.056,,,,Wing,0.2,,,1.39,-0.48,Euroleague,2024-25,intl
Sylvain Francisco,427,337,90,28,34,47.1,331,50.3,-3.2,119,53.4,5.0,60,47.5,50.5,-3.0,0,,0,,,,1.079,0.934,1.247,,,,,,,0.804,225,288,0.44,0.42,0.955,14,16,,,,,,,0.824,0.58,1.171,0.965,1.067,1.106,,,,Playmaker,0.32,,,0.69,-0.56,Euroleague,2024-25,intl
Nigel Hayes-Davis,426,311,115,33,16,71.9,455,54.7,17.1,129,59.7,6.0,59,37.3,57.9,-20.6,0,,0,,,,1.046,0.971,1.126,,,,,,,0.871,234,301,0.513,0.452,0.881,19,16,,,,,,,0.987,0.781,1.248,1.067,1.014,1.025,,,,Wing,0.18,,,1.5,0.01,Euroleague,2024-25,intl
Darius Thompson,421,386,35,11,12,50.0,257,61.5,-11.5,68,59.6,-1.9,50,51.0,63.2,-12.2,0,,0,,,,1.28,1.035,1.583,,,,,,,0.795,225,222,0.258,0.347,1.346,2,7,,,,,,,0.56,0.311,1.01,1.093,1.331,1.178,,,,Wing,1.54,,,1.15,-1.37,Euroleague,2024-25,intl
Jabari Parker,414,315,99,32,29,50.0,404,56.9,-6.9,102,48.5,-10.4,43,62.8,55.8,7.0,0,,0,,,,0.958,0.874,1.051,,,,,,,0.773,237,259,0.439,0.471,1.073,11,18,,,,,,,0.943,0.741,1.199,1.039,1.082,0.937,,,,Wing,-0.33,,,1.05,-0.14,Euroleague,2024-25,intl
Evan Fournier,414,304,110,29,27,50.0,438,52.5,-2.5,107,49.1,-4.3,64,39.8,54.4,-14.5,0,,0,,,,1.092,0.997,1.196,,,,,,,0.948,234,320,0.491,0.475,0.967,16,19,,,,,,,0.844,0.645,1.104,1.061,0.99,1.079,,,,Wing,0.45,,,1.85,-0.46,Euroleague,2024-25,intl
Tomas Satoransky,411,396,15,7,11,77.3,191,49.2,28.1,40,38.8,-15.0,24,37.5,52.5,-15.0,0,,0,,,,1.277,0.834,1.956,,,,,,,0.536,227,195,0.3,0.226,0.753,4,1,,,,,,,0.713,0.279,1.818,1.51,2.106,1.012,,,,Wing,1.52,,,-0.02,-0.88,Euroleague,2024-25,intl
Isaia Cordinier,400,344,56,21,34,47.1,273,52.4,-5.3,85,45.9,-8.2,37,40.5,53.3,-12.8,0,,0,,,,1.06,0.877,1.281,,,,,,,0.667,208,239,0.337,0.385,1.144,5,11,,,,,,,1.017,0.729,1.417,1.155,1.265,1.081,,,,Wing,0.26,,,0.57,0.1,Euroleague,2024-25,intl
Elie Okobo,399,328,71,23,18,50.0,301,52.8,-2.8,98,53.6,1.3,44,40.9,54.5,-13.6,0,,0,,,,1.022,0.855,1.222,,,,,,,0.772,208,255,0.37,0.373,1.006,11,12,,,,,,,0.912,0.653,1.275,1.333,0.937,1.022,,,,Playmaker,0.05,,,0.53,-0.27,Euroleague,2024-25,intl
Kostas Sloukas,398,362,36,14,15,43.3,224,51.6,-8.2,74,58.1,10.2,41,43.9,52.5,-8.6,0,,0,,,,1.016,0.747,1.38,,,,,,,0.643,196,225,0.291,0.382,1.314,2,9,,,,,,,0.569,0.262,1.235,1.238,0.795,1.088,,,,Playmaker,0.02,,,-0.08,-1.41,Euroleague,2024-25,intl
Trent Forrest,394,351,43,15,23,45.7,244,52.0,-6.4,69,51.4,-0.1,57,47.4,52.6,-5.3,0,,0,,,,1.073,0.849,1.357,,,,,,,0.717,203,225,0.315,0.333,1.057,5,5,,,,,,,0.968,0.654,1.434,1.064,0.98,0.998,,,,Wing,0.34,,,0.8,-0.06,Euroleague,2024-25,intl
Nadir Hifi,387,262,125,38,49,60.2,419,49.3,10.9,145,45.2,-7.6,38,48.7,50.6,-1.9,0,,0,,,,1.057,0.983,1.137,,,,,,,0.822,247,274,0.518,0.555,1.07,20,25,,,,,,,1.231,0.974,1.556,1.077,1.022,1.075,,,,Playmaker,0.21,,,0.77,0.78,Euroleague,2024-25,intl
Nick Weiler-Babb,377,354,23,10,12,66.7,193,62.2,4.5,44,48.9,-17.3,36,76.4,59.5,16.9,0,,0,,,,1.105,0.762,1.605,,,,,,,0.575,195,196,0.282,0.265,0.941,2,5,,,,,,,0.918,0.501,1.681,1.11,1.378,1.08,,,,Wing,0.52,,,0.15,-0.22,Euroleague,2024-25,intl
Jerian Grant,358,322,36,13,11,90.9,234,57.9,33.0,56,74.1,19.1,37,39.2,63.0,-23.8,0,,0,,,,1.31,1.092,1.572,,,,,,,0.692,216,169,0.347,0.29,0.835,7,2,,,,,,,1.149,0.822,1.606,1.194,1.127,1.201,,,,Playmaker,1.4,,,0.15,0.51,Euroleague,2024-25,intl
Rokas Jokubaitis,349,302,47,16,19,57.9,229,59.2,-1.3,63,55.6,-4.7,19,63.2,58.7,4.4,0,,0,,,,0.899,0.693,1.166,,,,,,,0.734,200,192,0.265,0.312,1.179,7,9,,,,,,,1.021,0.73,1.427,1.219,0.607,0.818,,,,Wing,-0.67,,,0.88,0.11,Euroleague,2024-25,intl
Nando De Colo,347,294,53,17,16,37.5,233,56.9,-19.4,71,48.6,-9.8,32,68.8,53.7,15.1,0,,0,,,,1.165,0.961,1.411,,,,,,,0.779,174,208,0.351,0.37,1.056,7,11,,,,,,,1.148,0.816,1.614,1.25,1.258,1.155,,,,Wing,0.87,,,1.08,0.52,Euroleague,2024-25,intl
Tamir Blatt,342,306,36,9,10,80.0,176,50.3,29.7,36,56.9,6.3,12,20.8,54.0,-33.2,0,,0,,,,1.013,0.717,1.432,,,,,,,1.0,205,164,0.346,0.274,0.792,7,0,,,,,,,0.688,0.318,1.485,0.957,0.717,0.966,,,,Playmaker,0.01,,,1.63,-1.01,Euroleague,2024-25,intl
Nikola Mirotic,335,266,69,20,18,61.1,319,56.3,4.8,79,63.3,8.8,21,42.9,57.4,-14.6,0,,0,,,,0.874,0.753,1.014,,,,,,,0.863,206,199,0.456,0.417,0.914,13,10,,,,,,,0.844,0.601,1.186,0.879,0.933,0.922,,,,Big,-1.21,,,1.32,-0.67,Euroleague,2024-25,intl
Marko Guduric,334,280,54,21,15,80.0,244,56.6,23.4,74,65.5,10.7,37,44.6,60.1,-15.5,0,,0,,,,0.842,0.667,1.064,,,,,,,0.643,172,203,0.355,0.355,1.0,7,9,,,,,,,1.036,0.728,1.475,1.067,0.634,0.854,,,,Wing,-1.01,,,0.46,0.16,Euroleague,2024-25,intl
Chima Moneke,333,272,61,21,17,73.5,284,54.8,18.8,63,58.7,3.7,35,45.7,57.1,-11.4,0,,0,,,,1.024,0.885,1.185,,,,,,,0.726,185,198,0.395,0.399,1.011,10,10,,,,,,,0.886,0.643,1.221,1.028,1.04,1.016,,,,Wing,0.05,,,0.84,-0.32,Euroleague,2024-25,intl
Shane Larkin,333,278,55,16,26,71.2,227,52.4,18.7,77,60.4,8.7,32,53.1,54.5,-1.4,0,,0,,,,1.098,0.9,1.338,,,,,,,0.859,187,194,0.369,0.387,1.048,9,8,,,,,,,1.167,0.813,1.674,0.997,1.15,1.083,,,,Playmaker,0.4,,,0.95,0.57,Euroleague,2024-25,intl
Sterling Brown,332,286,46,18,13,11.5,287,66.2,-54.7,67,47.0,-21.7,32,53.1,65.1,-12.0,0,,0,,,,0.877,0.726,1.06,,,,,,,0.639,206,162,0.374,0.407,1.09,9,5,,,,,,,0.788,0.534,1.163,1.006,1.099,0.881,,,,Wing,-0.8,,,0.44,-0.64,Euroleague,2024-25,intl
Dzanan Musa,330,279,51,20,7,42.9,283,54.6,-11.7,62,63.7,12.0,25,48.0,54.9,-6.9,0,,0,,,,1.099,0.969,1.246,,,,,,,0.637,185,176,0.432,0.426,0.985,10,7,,,,,,,0.793,0.544,1.157,1.175,1.01,1.031,,,,Wing,0.49,,,0.44,-0.62,Euroleague,2024-25,intl
Tyson Ward,327,253,74,24,19,42.1,315,54.3,-12.2,85,51.2,-3.2,39,55.1,53.4,1.7,0,,0,,,,1.038,0.94,1.147,,,,,,,0.771,199,184,0.462,0.516,1.117,12,13,,,,,,,0.839,0.61,1.153,1.035,1.089,1.055,,,,Wing,0.13,,,1.04,-0.47,Euroleague,2024-25,intl
Alpha Diallo,324,286,38,14,13,80.8,275,61.1,19.7,70,69.3,9.7,36,52.8,63.3,-10.5,0,,0,,,,0.977,0.822,1.163,,,,,,,0.679,175,177,0.337,0.379,1.123,7,6,,,,,,,0.99,0.726,1.35,0.968,1.235,1.024,,,,Wing,-0.22,,,0.63,0.01,Euroleague,2024-25,intl
Juancho Hernangomez,323,276,47,22,18,61.1,277,60.5,0.6,73,70.5,13.3,34,45.6,62.5,-16.9,0,,0,,,,1.039,0.911,1.186,,,,,,,0.534,179,177,0.441,0.384,0.87,8,6,,,,,,,1.179,0.888,1.566,1.133,0.939,1.007,,,,Wing,0.14,,,-0.03,0.62,Euroleague,2024-25,intl
Nigel Williams-Goss,322,296,26,13,17,67.6,210,48.1,19.6,66,56.8,10.2,35,42.9,50.8,-7.9,0,,0,,,,1.205,0.96,1.512,,,,,,,0.5,182,162,0.368,0.37,1.006,3,6,,,,,,,1.074,0.675,1.708,1.158,1.196,1.162,,,,Playmaker,0.91,,,-0.77,0.26,Euroleague,2024-25,intl
Zach Leday,321,257,64,21,6,58.3,318,59.1,-0.8,69,67.4,10.5,47,59.6,59.0,0.5,0,,0,,,,1.031,0.941,1.129,,,,,,,0.762,195,169,0.462,0.414,0.897,10,7,,,,,,,1.099,0.85,1.421,1.055,1.081,1.017,,,,Wing,0.09,,,1.0,0.37,Euroleague,2024-25,intl
Wade Baldwin Iv,320,257,63,19,13,38.5,238,47.7,-9.2,70,36.4,-15.0,32,29.7,49.8,-20.1,0,,0,,,,1.187,1.006,1.4,,,,,,,0.829,179,185,0.341,0.454,1.332,6,12,,,,,,,0.883,0.599,1.301,1.024,1.133,1.205,,,,Playmaker,0.82,,,0.81,-0.37,Euroleague,2024-25,intl
Tornike Shengelia,320,258,62,19,12,58.3,297,51.7,6.6,69,44.2,-10.0,43,51.2,52.1,-0.9,0,,0,,,,1.04,0.919,1.178,,,,,,,0.816,193,184,0.42,0.435,1.036,10,9,,,,,,,0.721,0.5,1.04,1.065,1.192,1.045,,,,Wing,0.15,,,1.25,-0.85,Euroleague,2024-25,intl
Dario Brizuela,318,289,29,16,10,30.0,251,62.9,-32.9,88,58.0,-5.6,21,69.0,61.0,8.0,0,,0,,,,0.956,0.756,1.207,,,,,,,0.453,159,186,0.377,0.387,1.026,3,7,,,,,,,0.98,0.64,1.501,0.968,0.812,0.851,,,,Wing,-0.34,,,-0.4,-0.02,Euroleague,2024-25,intl
Matthew Strazel,314,270,44,16,16,56.2,222,57.0,-0.7,77,57.1,0.3,52,54.8,57.5,-2.7,0,,0,,,,0.886,0.692,1.135,,,,,,,0.688,154,189,0.435,0.339,0.778,5,3,,,,,,,1.385,0.997,1.925,1.068,0.905,0.896,,,,Playmaker,-0.59,,,0.13,1.29,Euroleague,2024-25,intl
Tarik Biberovic,313,259,54,19,20,62.5,276,59.6,2.9,99,53.5,-9.4,57,58.8,60.0,-1.3,0,,0,,,,1.205,1.112,1.306,,,,,,,0.711,175,176,0.411,0.494,1.201,7,10,,,,,,,0.939,0.687,1.283,1.104,1.174,1.196,,,,Wing,1.11,,,0.77,-0.15,Euroleague,2024-25,intl
Roman Sorkin,310,246,64,22,16,71.9,302,55.0,16.9,76,56.6,1.0,23,52.2,56.1,-3.9,0,,0,,,,1.001,0.902,1.111,,,,,,,0.727,172,190,0.401,0.458,1.141,6,10,,,,,,,1.111,0.864,1.43,1.025,0.945,0.984,,,,Big,-0.11,,,0.79,0.4,Euroleague,2024-25,intl
Trevion Williams,309,264,45,17,3,66.7,261,51.3,15.3,64,50.8,-1.0,26,55.8,51.1,4.7,0,,0,,,,0.925,0.759,1.127,,,,,,,0.662,172,174,0.395,0.391,0.989,6,6,,,,,,,0.933,0.629,1.383,1.082,1.006,0.904,,,,Big,-0.76,,,0.53,-0.31,Euroleague,2024-25,intl
Andreas Obst,307,245,62,26,10,30.0,281,60.9,-30.9,91,55.5,-6.3,41,57.3,60.2,-2.9,0,,0,,,,0.88,0.748,1.037,,,,,,,0.596,170,184,0.471,0.478,1.016,10,14,,,,,,,0.888,0.613,1.288,1.006,0.897,0.902,,,,Wing,-0.78,,,0.25,-0.31,Euroleague,2024-25,intl
Sergio Llull,305,237,68,30,4,25.0,260,43.1,-18.1,105,37.1,-9.4,39,32.1,44.7,-12.6,0,,0,,,,0.925,0.777,1.103,,,,,,,0.567,172,175,0.459,0.566,1.232,7,13,,,,,,,0.799,0.495,1.289,0.914,0.908,0.954,,,,Wing,-0.52,,,0.12,-0.6,Euroleague,2024-25,intl
Martin Hermannsson,305,268,37,12,9,33.3,181,48.6,-15.3,47,43.6,-5.7,23,45.7,48.2,-2.6,0,,0,,,,1.151,0.888,1.492,,,,,,,0.771,177,148,0.35,0.311,0.887,5,3,,,,,,,0.925,0.558,1.533,1.066,1.165,1.14,,,,Wing,0.79,,,1.04,-0.19,Euroleague,2024-25,intl
Levi Randolph,302,231,71,22,23,56.5,281,50.5,6.0,69,44.9,-7.8,44,43.2,52.3,-9.1,0,,0,,,,0.895,0.781,1.024,,,,,,,0.807,192,160,0.479,0.456,0.952,12,8,,,,,,,0.873,0.627,1.215,0.977,0.804,0.93,,,,Wing,-0.7,,,1.21,-0.36,Euroleague,2024-25,intl
Matteo Spagnolo,302,246,56,17,9,33.3,229,44.1,-10.8,52,32.7,-14.1,28,35.7,44.8,-9.0,0,,0,,,,0.905,0.721,1.137,,,,,,,0.824,197,148,0.396,0.419,1.058,11,7,,,,,,,0.712,0.426,1.19,1.054,0.89,0.994,,,,Wing,-0.64,,,1.28,-0.88,Euroleague,2024-25,intl
Shabazz Napier,299,260,39,10,18,61.1,201,58.5,2.7,63,59.5,1.2,41,51.2,60.4,-9.2,0,,0,,,,0.975,0.759,1.252,,,,,,,0.975,156,171,0.365,0.351,0.96,6,4,,,,,,,0.954,0.618,1.474,1.0,1.224,1.049,,,,Playmaker,-0.17,,,1.51,-0.13,Euroleague,2024-25,intl
Markus Howard,298,205,93,31,15,46.7,329,48.9,-2.3,85,55.3,8.6,40,27.5,51.6,-24.1,0,,0,,,,0.971,0.875,1.078,,,,,,,0.75,205,190,0.551,0.542,0.983,18,16,,,,,,,0.873,0.63,1.209,1.064,0.862,0.962,,,,Playmaker,-0.19,,,0.43,-0.4,Euroleague,2024-25,intl
Shavon Shields,296,261,35,16,16,65.6,227,56.8,8.8,53,57.5,0.2,40,51.2,58.6,-7.4,0,,0,,,,1.088,0.908,1.303,,,,,,,0.547,158,163,0.38,0.399,1.05,5,10,,,,,,,1.131,0.797,1.605,1.116,1.022,1.11,,,,Wing,0.42,,,0.03,0.47,Euroleague,2024-25,intl
Devin Booker,293,244,49,15,6,33.3,279,59.9,-26.5,37,56.8,-2.9,31,41.9,61.4,-19.5,0,,0,,,,0.94,0.816,1.082,,,,,,,0.817,203,131,0.409,0.374,0.915,11,1,,,,,,,1.069,0.808,1.414,1.022,0.789,0.896,,,,Wing,-0.44,,,1.25,0.27,Euroleague,2024-25,intl
Filip Petrusev,290,258,32,12,16,56.2,253,57.9,-1.7,57,50.9,-8.8,31,43.5,59.7,-16.1,0,,0,,,,1.017,0.884,1.17,,,,,,,0.667,171,142,0.374,0.401,1.073,5,3,,,,,,,1.061,0.771,1.46,0.887,0.842,0.944,,,,Big,0.03,,,0.55,0.2,Euroleague,2024-25,intl
Devon Hall,289,266,23,10,4,25.0,186,56.5,-31.5,42,50.0,-7.4,42,67.9,52.4,15.5,0,,0,,,,1.142,0.857,1.522,,,,,,,0.575,161,143,0.335,0.336,1.001,5,3,,,,,,,1.025,0.613,1.716,0.949,0.686,1.052,,,,Wing,0.74,,,0.15,0.13,Euroleague,2024-25,intl
Nikola Kalinic,287,258,29,13,22,65.9,193,60.4,5.5,63,64.3,4.7,30,70.0,59.5,10.5,0,,0,,,,1.118,0.896,1.396,,,,,,,0.558,136,170,0.316,0.359,1.135,5,9,,,,,,,1.005,0.67,1.506,1.053,1.083,1.123,,,,Wing,0.6,,,0.08,0.06,Euroleague,2024-25,intl
Walter Tavares,277,275,2,1,11,81.8,218,73.4,8.4,46,78.3,5.6,26,65.4,74.9,-9.5,0,,0,,,,1.217,,,,,,,,,0.5,144,134,0.208,0.224,1.075,0,1,,,,,,,1.353,,,0.915,,1.217,,,,,,,,,,Euroleague,2024-25,intl
Brandon Davies,274,232,42,15,5,70.0,239,57.1,12.9,51,57.8,0.6,29,44.8,59.1,-14.2,0,,0,,,,1.039,0.895,1.207,,,,,,,0.7,158,141,0.424,0.376,0.886,7,1,,,,,,,1.0,0.718,1.392,1.009,1.06,1.031,,,,Wing,0.14,,,0.72,0.05,Euroleague,2024-25,intl
Vincent Poirier,272,258,14,5,11,72.7,217,64.1,8.7,44,72.7,10.2,30,50.0,66.7,-16.7,0,,0,,,,1.048,0.84,1.308,,,,,,,0.7,151,126,0.298,0.286,0.959,2,2,,,,,,,1.012,0.67,1.527,1.082,1.217,1.048,,,,Big,0.3,,,0.68,0.0,Euroleague,2024-25,intl
Isaiah Canaan,271,211,60,23,22,61.4,255,53.1,8.2,87,53.4,-0.5,36,34.7,56.6,-21.9,0,,0,,,,0.969,0.862,1.091,,,,,,,0.652,152,165,0.526,0.503,0.956,10,8,,,,,,,1.017,0.722,1.434,0.977,1.09,0.967,,,,Playmaker,-0.2,,,-0.04,0.07,Euroleague,2024-25,intl
Maodo Lo,270,228,42,19,17,35.3,227,55.3,-20.0,53,61.3,9.5,18,61.1,53.3,7.8,0,,0,,,,1.001,0.843,1.189,,,,,,,0.553,159,145,0.428,0.441,1.032,7,4,,,,,,,1.06,0.737,1.525,0.883,1.08,1.033,,,,Wing,-0.08,,,0.05,0.24,Euroleague,2024-25,intl
Jordan Loyd,269,220,49,19,16,93.8,225,50.9,42.9,52,67.3,17.3,35,38.6,56.3,-17.7,0,,0,,,,1.032,0.889,1.198,,,,,,,0.645,162,143,0.481,0.392,0.813,9,4,,,,,,,0.996,0.694,1.429,0.939,0.991,0.948,,,,Wing,0.1,,,0.47,0.03,Euroleague,2024-25,intl
Yago Dos Santos,268,240,28,16,19,57.9,165,46.7,11.2,86,37.8,-18.8,25,50.0,47.5,2.5,0,,0,,,,0.816,0.556,1.198,,,,,,,0.438,139,154,0.309,0.455,1.469,4,10,,,,,,,0.667,0.285,1.558,1.275,,0.949,,,,Playmaker,-0.92,,,-1.07,-1.08,Euroleague,2024-25,intl
Niccolo Mannion,267,246,21,8,6,58.3,171,53.2,5.1,43,50.0,-4.5,26,46.2,54.6,-8.5,0,,0,,,,1.337,1.061,1.683,,,,,,,0.656,146,138,0.336,0.348,1.036,4,3,,,,,,,1.111,0.688,1.793,1.108,1.152,1.216,,,,,,,,,,Euroleague,2024-25,intl
Will Clyburn,264,203,61,19,24,52.1,249,51.4,0.7,50,44.0,-9.1,40,38.8,53.6,-14.9,0,,0,,,,0.922,0.788,1.079,,,,,,,0.803,181,152,0.448,0.48,1.073,11,9,,,,,,,1.172,0.858,1.6,0.855,0.996,0.992,,,,Wing,-0.54,,,1.19,0.6,Euroleague,2024-25,intl
Lorenzo Brown,263,236,27,12,8,50.0,189,52.1,-2.1,42,66.7,18.6,33,43.9,53.7,-9.7,0,,0,,,,0.825,0.582,1.169,,,,,,,0.562,152,137,0.401,0.343,0.855,4,4,,,,,,,1.087,0.66,1.791,1.058,1.5,0.86,,,,Playmaker,-0.88,,,-0.47,0.31,Euroleague,2024-25,intl
Shaquielle Mckissic,259,228,31,14,10,65.0,201,54.0,11.0,70,62.1,11.4,45,46.7,56.6,-10.0,0,,0,,,,0.93,0.734,1.178,,,,,,,0.554,141,138,0.426,0.384,0.903,4,4,,,,,,,0.719,0.406,1.274,0.941,0.754,0.888,,,,Wing,-0.49,,,0.06,-0.86,Euroleague,2024-25,intl
Johannes Voigtmann,258,236,22,13,5,80.0,187,55.1,24.9,34,54.4,-1.6,24,52.1,56.2,-4.2,0,,0,,,,0.728,0.475,1.116,,,,,,,0.423,154,125,0.377,0.368,0.977,4,4,,,,,,,1.744,1.262,2.409,1.036,,0.832,,,,Big,-2.47,,,-0.39,2.94,Euroleague,2024-25,intl
Yanni Wetzell,255,228,27,11,1,0.0,233,57.1,-57.1,54,54.6,-2.9,27,42.6,58.7,-16.1,0,,0,,,,1.022,0.864,1.209,,,,,,,0.614,139,138,0.36,0.406,1.128,7,3,,,,,,,0.744,0.46,1.204,1.007,0.939,1.025,,,,Big,0.07,,,0.35,-1.07,Euroleague,2024-25,intl
Matthew Morgan,252,199,53,18,5,30.0,203,46.6,-16.6,60,43.3,-4.0,26,32.7,48.1,-15.4,0,,0,,,,0.843,0.673,1.056,,,,,,,0.736,125,160,0.448,0.463,1.032,5,7,,,,,,,0.79,0.471,1.327,1.09,0.999,0.846,,,,,,,,,,Euroleague,2024-25,intl
Timothe Luwawu-Cabarrot,249,187,62,19,8,43.8,229,46.5,-2.8,49,51.0,5.8,49,26.5,51.6,-25.1,0,,0,,,,1.067,0.935,1.218,,,,,,,0.816,151,142,0.517,0.465,0.9,10,8,,,,,,,0.928,0.636,1.354,1.044,1.121,1.043,,,,Wing,0.3,,,1.25,-0.19,Euroleague,2024-25,intl
Cedi Osman,248,205,43,17,13,73.1,241,55.0,18.1,67,73.1,23.4,32,46.9,57.2,-10.3,0,,0,,,,0.985,0.875,1.108,,,,,,,0.632,145,137,0.524,0.453,0.863,8,5,,,,,,,1.022,0.72,1.451,1.02,0.954,0.996,,,,Wing,-0.17,,,0.41,0.12,Euroleague,2024-25,intl
Alessandro Pajola,247,237,10,7,6,50.0,134,51.1,-1.1,39,39.7,-15.7,17,47.1,51.6,-4.6,0,,0,,,,1.338,0.876,2.044,,,,,,,0.357,125,134,0.248,0.396,1.595,2,3,,,,,,,0.668,0.204,2.195,0.857,1.118,1.433,,,,Wing,1.88,,,-0.83,-1.02,Euroleague,2024-25,intl
Jordan Nwora,245,210,35,20,7,50.0,236,51.3,-1.3,58,45.7,-7.3,27,51.9,51.2,0.7,0,,0,,,,1.032,0.922,1.155,,,,,,,0.438,148,122,0.5,0.533,1.066,6,9,,,,,,,1.107,0.756,1.62,1.017,1.115,1.041,,,,Wing,0.1,,,-0.47,0.39,Euroleague,2024-25,intl
Rodrigue Beaubois,244,216,28,12,8,43.8,206,64.8,-21.1,71,69.0,7.5,26,51.9,65.7,-13.8,0,,0,,,,0.936,0.749,1.171,,,,,,,0.583,134,133,0.366,0.421,1.151,4,4,,,,,,,1.177,0.818,1.694,0.872,,0.955,,,,Playmaker,-0.35,,,-0.37,0.6,Euroleague,2024-25,intl
Jaylen Hoard,243,211,32,11,16,75.0,216,58.6,16.4,57,54.4,-7.0,22,54.5,60.2,-5.7,0,,0,,,,1.02,0.885,1.176,,,,,,,0.727,131,136,0.359,0.382,1.066,5,4,,,,,,,0.967,0.686,1.362,1.047,0.919,1.032,,,,Wing,0.03,,,0.84,-0.06,Euroleague,2024-25,intl
Nikolaos Rogkavopoulos,242,196,46,15,15,50.0,225,61.1,-11.1,81,55.6,-7.3,25,62.0,60.2,1.8,0,,0,,,,1.078,0.981,1.184,,,,,,,0.767,125,146,0.48,0.459,0.956,7,6,,,,,,,0.93,0.653,1.325,1.013,1.075,1.054,,,,,,,,,,Euroleague,2024-25,intl
Neno Dimitrijevic,242,215,27,14,5,20.0,184,41.8,-21.8,48,36.5,-6.4,30,46.7,40.3,6.4,0,,0,,,,0.896,0.663,1.213,,,,,,,0.482,121,147,0.455,0.442,0.973,4,7,,,,,,,0.766,0.357,1.643,0.898,0.909,0.95,,,,,,,,,,Euroleague,2024-25,intl
Jaron Blossomgame,241,211,30,14,4,87.5,236,56.1,31.4,50,64.0,9.3,36,50.0,57.8,-7.8,0,,0,,,,1.074,0.991,1.163,,,,,,,0.536,134,128,0.44,0.445,1.011,5,6,,,,,,,0.804,0.526,1.227,1.054,0.973,1.079,,,,Wing,0.34,,,-0.02,-0.58,Euroleague,2024-25,intl
Kamar Baldwin,239,190,49,15,9,11.1,171,45.6,-34.5,41,41.5,-3.1,41,41.5,44.6,-3.1,0,,0,,,,0.938,0.734,1.2,,,,,,,0.817,130,140,0.392,0.429,1.092,7,6,,,,,,,0.858,0.514,1.432,1.17,1.018,0.995,,,,Playmaker,-0.35,,,0.75,-0.45,Euroleague,2024-25,intl
Iffe Lundberg,239,203,36,15,12,33.3,175,45.1,-11.8,44,43.2,-1.6,30,51.7,43.0,8.7,0,,0,,,,1.095,0.887,1.352,,,,,,,0.6,122,142,0.434,0.486,1.119,4,8,,,,,,,0.452,0.2,1.021,1.132,1.197,1.048,,,,,,,,,,Euroleague,2024-25,intl
Mikael Jantunen,238,207,31,14,13,65.4,202,59.4,6.0,56,64.3,6.1,17,55.9,60.1,-4.2,0,,0,,,,0.986,0.837,1.163,,,,,,,0.554,136,116,0.419,0.5,1.193,3,3,,,,,,,0.923,0.594,1.434,0.953,1.187,0.986,,,,Wing,-0.17,,,0.06,-0.2,Euroleague,2024-25,intl
Nemanja Nedovic,237,198,39,13,10,0.0,182,57.4,-57.4,54,50.9,-4.9,17,47.1,55.1,-8.1,0,,0,,,,1.065,0.879,1.291,,,,,,,0.75,118,142,0.39,0.451,1.156,3,7,,,,,,,0.701,0.411,1.196,1.085,0.974,1.028,,,,Wing,0.29,,,0.95,-0.92,Euroleague,2024-25,intl
Tyrique Jones,233,199,34,9,5,60.0,215,63.3,-3.3,39,61.5,-2.0,20,35.0,66.0,-31.0,0,,0,,,,1.061,0.942,1.195,,,,,,,0.944,155,99,0.342,0.283,0.827,8,3,,,,,,,0.707,0.485,1.032,1.03,0.992,1.039,,,,Big,0.41,,,1.63,-1.22,Euroleague,2024-25,intl
Paris Lee,230,151,79,23,15,50.0,201,41.8,8.2,54,57.4,20.1,36,27.8,45.3,-17.5,0,,0,,,,1.025,0.873,1.204,,,,,,,0.859,140,145,0.557,0.469,0.842,15,9,,,,,,,1.412,0.935,2.133,0.886,0.948,1.011,,,,Playmaker,0.06,,,0.95,1.38,Euroleague,2024-25,intl
Collin Malcolm,228,185,43,15,6,25.0,201,53.0,-28.0,46,38.0,-18.2,16,62.5,51.3,11.2,0,,0,,,,1.225,1.107,1.356,,,,,,,0.717,136,114,0.382,0.561,1.468,6,8,,,,,,,0.562,0.341,0.927,1.192,1.253,1.233,,,,Wing,1.22,,,0.8,-1.37,Euroleague,2024-25,intl
Bonzie Colson,224,184,40,21,4,25.0,230,50.7,-25.7,35,54.3,4.8,29,34.5,52.4,-18.0,0,,0,,,,1.047,0.962,1.139,,,,,,,0.476,150,104,0.5,0.567,1.135,7,10,,,,,,,1.01,0.682,1.494,1.013,1.027,1.054,,,,Wing,0.19,,,-0.29,0.08,Euroleague,2024-25,intl
Alberto Abalde,218,206,12,5,4,62.5,156,64.4,-1.9,27,40.7,-28.4,27,55.6,66.2,-10.6,0,,0,,,,0.823,0.506,1.338,,,,,,,0.6,115,110,0.357,0.327,0.918,3,0,,,,,,,1.083,0.56,2.096,0.994,,0.907,,,,Wing,-1.12,,,0.27,0.31,Euroleague,2024-25,intl
Ignas Brazdeikis,217,165,52,17,13,50.0,200,46.2,3.8,52,45.2,-1.7,37,47.3,46.3,1.0,0,,0,,,,1.011,0.875,1.167,,,,,,,0.765,136,120,0.456,0.508,1.115,9,9,,,,,,,1.117,0.779,1.603,1.006,0.901,0.982,,,,Wing,-0.02,,,1.02,0.42,Euroleague,2024-25,intl
Alec Peters,217,201,16,13,4,75.0,198,65.2,9.8,64,58.6,-9.9,39,41.0,71.2,-30.1,0,,0,,,,0.706,0.481,1.035,,,,,,,0.308,132,99,0.386,0.424,1.098,4,5,,,,,,,0.685,0.317,1.477,0.96,,0.731,,,,Wing,-1.8,,,-1.06,-0.97,Euroleague,2024-25,intl
Justin Anderson,216,195,21,10,8,37.5,174,63.5,-26.0,51,61.8,-0.8,20,42.5,64.8,-22.3,0,,0,,,,1.039,0.833,1.295,,,,,,,0.525,133,98,0.361,0.367,1.018,4,4,,,,,,,0.711,0.397,1.276,1.011,1.278,0.991,,,,Wing,0.14,,,-0.07,-0.88,Euroleague,2024-25,intl
Ercan Osmani,215,200,15,11,5,60.0,184,56.8,3.2,26,53.8,-3.5,24,70.8,54.8,16.0,0,,0,,,,1.25,,,,,,,,,0.341,139,91,0.388,0.462,1.188,4,3,,,,,,,0.635,0.306,1.318,1.108,1.077,1.176,,,,,,,,,,Euroleague,2024-25,intl
Leandro Bolmaro,214,183,31,12,6,25.0,146,47.6,-22.6,31,32.3,-18.2,30,41.7,48.0,-6.3,0,,0,,,,1.078,0.825,1.408,,,,,,,0.646,122,110,0.352,0.382,1.083,6,5,,,,,,,0.88,0.519,1.493,1.104,1.079,1.105,,,,Playmaker,0.31,,,-0.07,-0.38,Euroleague,2024-25,intl
Deividas Sirvydis,214,174,40,21,5,50.0,208,56.2,-6.2,38,47.4,-10.6,30,40.0,58.7,-18.7,0,,0,,,,1.024,0.91,1.151,,,,,,,0.476,133,106,0.481,0.547,1.137,5,7,,,,,,,0.873,0.573,1.33,1.062,0.943,1.01,,,,Wing,0.05,,,-0.29,-0.36,Euroleague,2024-25,intl
Kostas Papanikolaou,212,198,14,9,1,0.0,146,53.4,-53.4,24,54.2,1.3,23,47.8,54.0,-6.2,0,,0,,,,0.891,0.559,1.419,,,,,,,0.389,130,95,0.369,0.4,1.083,2,2,,,,,,,0.274,0.043,1.729,1.217,0.306,0.953,,,,Wing,-0.72,,,-0.69,-2.29,Euroleague,2024-25,intl
Dan Oturu,210,210,0,2,5,100.0,186,70.4,29.6,44,70.5,-1.0,23,60.9,72.6,-11.7,0,,0,,,,,,,,,,,,,0.0,126,86,0.222,0.314,1.413,0,1,,,,,,,,,,0.944,,,,,,,,,,,,Euroleague,2024-25,intl
Luca Vildoza,210,190,20,11,8,12.5,126,56.0,-43.5,41,36.6,-24.2,21,47.6,54.4,-6.8,0,,0,,,,0.757,0.46,1.246,,,,,,,0.455,113,111,0.345,0.369,1.07,3,5,,,,,,,1.281,0.688,2.384,1.073,0.836,0.731,,,,Wing,-1.5,,,-0.39,0.95,Euroleague,2024-25,intl
Gabriele Procida,206,153,53,17,3,83.3,211,48.3,35.0,37,48.6,-0.2,19,47.4,49.0,-1.6,0,,0,,,,1.115,1.027,1.211,,,,,,,0.779,144,94,0.521,0.479,0.919,15,5,,,,,,,1.078,0.77,1.51,1.115,1.131,1.124,,,,Wing,0.58,,,1.08,0.3,Euroleague,2024-25,intl
Neal Sako,205,194,11,5,12,75.0,173,67.6,7.4,37,67.6,-0.7,15,66.7,68.2,-1.6,0,,0,,,,1.037,0.854,1.26,,,,,,,0.55,127,83,0.283,0.277,0.978,3,0,,,,,,,0.85,0.508,1.423,1.103,1.137,1.037,,,,Big,0.2,,,0.1,-0.65,Euroleague,2024-25,intl
Thomas Walkup,205,191,14,7,15,30.0,79,54.4,-24.4,35,48.6,-3.1,19,26.3,56.7,-30.4,0,,0,,,,1.036,0.553,1.942,,,,,,,0.5,100,114,0.18,0.325,1.803,0,7,,,,,,,0.752,0.236,2.396,1.447,0.766,1.203,,,,Playmaker,0.11,,,-0.77,-0.8,Euroleague,2024-25,intl
Chimezie Metu,204,180,24,12,7,14.3,189,61.9,-47.6,49,58.2,-2.7,29,58.6,60.5,-1.9,0,,0,,,,1.078,0.942,1.235,,,,,,,0.5,123,102,0.431,0.343,0.796,6,6,,,,,,,1.027,0.707,1.492,0.903,1.009,1.103,,,,Big,0.56,,,-0.1,0.06,Euroleague,2024-25,intl
Rolands Smits,203,200,3,9,6,50.0,170,63.5,-13.5,49,58.2,-6.8,25,74.0,61.3,12.7,0,,0,,,,,,,,,,,,,0.083,114,98,0.368,0.398,1.08,1,2,,,,,,,,,,0.969,,,,,,Big,,,,-1.72,,Euroleague,2024-25,intl
Lonnie Walker Iv,202,143,59,20,12,66.7,210,46.4,20.2,57,39.5,-10.8,25,34.0,49.2,-15.2,0,,0,,,,1.005,0.891,1.134,,,,,,,0.738,138,114,0.457,0.64,1.403,10,13,,,,,,,0.719,0.467,1.108,0.943,1.082,1.032,,,,Wing,-0.06,,,0.89,-0.86,Euroleague,2024-25,intl
Konstantinos Mitoglou,201,186,15,11,13,80.8,174,55.5,25.3,36,66.7,11.7,18,66.7,56.2,10.5,0,,0,,,,1.072,0.926,1.24,,,,,,,0.341,117,95,0.444,0.442,0.995,3,2,,,,,,,0.657,0.321,1.346,0.94,1.14,1.072,,,,,,,,,,Euroleague,2024-25,intl
Dovydas Giedraitis,199,173,26,12,10,20.0,148,53.7,-33.7,41,45.1,-8.7,33,51.5,51.6,-0.1,0,,0,,,,1.365,1.173,1.588,,,,,,,0.542,106,113,0.33,0.478,1.447,4,7,,,,,,,0.578,0.302,1.107,1.457,1.174,1.34,,,,Wing,2.04,,,0.0,-1.31,Euroleague,2024-25,intl
Edgaras Ulanovas,198,180,18,9,7,57.1,138,52.9,4.2,39,52.6,-0.7,32,56.2,52.2,4.0,0,,0,,,,1.148,0.879,1.498,,,,,,,0.5,110,98,0.382,0.398,1.042,1,3,,,,,,,1.07,0.613,1.868,1.131,1.457,1.165,,,,Wing,0.77,,,-0.19,0.27,Euroleague,2024-25,intl
Shaquille Harrison,193,174,19,10,6,91.7,146,50.0,41.7,43,46.5,-7.2,22,38.6,53.8,-15.2,0,,0,,,,0.93,0.677,1.279,,,,,,,0.475,92,114,0.424,0.368,0.869,2,4,,,,,,,1.112,0.652,1.896,1.007,0.815,0.906,,,,Playmaker,-0.38,,,-0.89,0.39,Euroleague,2024-25,intl
Juan Nunez,192,181,11,4,6,100.0,107,46.3,53.7,29,63.8,19.7,14,35.7,51.0,-15.3,0,,0,,,,0.799,0.413,1.545,,,,,,,0.688,97,100,0.309,0.33,1.067,0,1,,,,,,,0.858,0.288,2.561,0.747,0.875,0.879,,,,Playmaker,-1.0,,,0.13,-0.45,Euroleague,2024-25,intl
Armoni Brooks,191,158,33,15,6,50.0,187,56.1,-6.1,63,56.3,0.6,30,48.3,57.4,-9.0,0,,0,,,,0.985,0.858,1.13,,,,,,,0.55,101,114,0.564,0.465,0.824,5,4,,,,,,,1.122,0.756,1.664,1.101,0.918,0.984,,,,Wing,-0.17,,,0.04,0.44,Euroleague,2024-25,intl
Andre Roberson,189,153,36,10,14,42.9,161,53.7,-10.9,47,46.8,-8.3,17,50.0,53.2,-3.2,0,,0,,,,1.028,0.872,1.213,,,,,,,0.9,91,121,0.516,0.397,0.768,4,4,,,,,,,1.0,0.671,1.49,1.066,0.987,1.048,,,,Wing,0.08,,,1.63,0.05,Euroleague,2024-25,intl
Jan Vesely,188,160,28,9,16,65.6,141,56.7,8.9,36,76.4,24.3,21,40.5,60.3,-19.8,0,,0,,,,0.952,0.758,1.197,,,,,,,0.778,100,103,0.39,0.301,0.772,6,2,,,,,,,1.083,0.75,1.565,1.005,0.823,0.895,,,,Big,-0.53,,,0.98,0.29,Euroleague,2024-25,intl
Matt Thomas,188,148,40,14,12,29.2,175,64.0,-34.8,39,52.6,-11.6,12,45.8,62.9,-17.0,0,,0,,,,0.954,0.816,1.115,,,,,,,0.714,116,100,0.466,0.45,0.967,5,7,,,,,,,0.97,0.671,1.402,1.062,1.11,0.971,,,,Wing,-0.35,,,0.78,-0.05,Euroleague,2024-25,intl
Donta Hall,188,179,9,5,8,75.0,154,70.8,4.2,34,79.4,10.7,15,53.3,72.8,-19.5,0,,0,,,,0.928,0.651,1.324,,,,,,,0.45,103,90,0.262,0.222,0.848,2,2,,,,,,,0.983,0.609,1.586,1.001,1.195,0.928,,,,Big,-0.74,,,-0.29,-0.11,Euroleague,2024-25,intl
Andres Feliz,188,175,13,5,1,100.0,137,50.4,49.6,30,50.0,-0.9,27,25.9,56.8,-30.8,0,,0,,,,0.883,0.568,1.372,,,,,,,0.65,105,91,0.39,0.374,0.957,1,1,,,,,,,1.089,0.531,2.236,0.81,1.43,0.986,,,,Playmaker,-0.6,,,-0.05,0.31,Euroleague,2024-25,intl
Isaac Bonga,187,163,24,11,7,42.9,158,57.6,-14.7,27,37.0,-23.8,28,57.1,56.9,0.2,0,,0,,,,0.855,0.655,1.116,,,,,,,0.545,110,91,0.409,0.516,1.263,6,3,,,,,,,0.855,0.472,1.55,1.0,1.234,0.85,,,,Wing,-0.93,,,0.02,-0.42,Euroleague,2024-25,intl
Moustapha Fall,185,185,0,0,5,80.0,113,73.5,6.5,13,92.3,20.9,18,50.0,78.0,-28.0,0,,0,,,,,,,,,,,,,,117,68,0.205,0.103,0.502,0,0,,,,,,,,,,1.047,,,,,,Big,,,,,,Euroleague,2024-25,intl
Gabriel Deck,184,169,15,5,11,9.1,142,65.8,-56.8,37,44.6,-22.6,13,73.1,60.7,12.4,0,,0,,,,1.118,0.902,1.385,,,,,,,0.75,90,104,0.344,0.365,1.061,2,2,,,,,,,1.54,1.165,2.035,0.981,,1.161,,,,Wing,0.6,,,0.95,1.79,Euroleague,2024-25,intl
Omer Yurtseven,182,161,21,7,2,50.0,177,63.3,-13.3,37,66.2,3.9,17,70.6,62.3,8.2,0,,0,,,,1.043,0.937,1.161,,,,,,,0.75,108,89,0.37,0.315,0.849,5,0,,,,,,,0.869,0.574,1.317,1.089,0.789,0.941,,,,Big,0.26,,,0.88,-0.57,Euroleague,2024-25,intl
Willy Hernangomez,181,173,8,2,3,66.7,165,63.6,3.0,37,73.0,11.9,12,50.0,64.7,-14.7,0,,0,,,,1.123,,,,,,,,,1.0,92,95,0.348,0.305,0.878,0,1,,,,,,,0.972,0.561,1.684,1.077,1.116,1.123,,,,Big,0.95,,,1.85,-0.16,Euroleague,2024-25,intl
Will Mcdowell-White,179,161,18,7,0,,111,54.5,,33,65.2,15.2,17,35.3,58.0,-22.7,0,,0,,,,0.476,0.223,1.013,,,,,,,0.643,88,106,0.33,0.311,0.945,2,1,,,,,,,0.836,0.28,2.495,1.044,0.699,0.684,,,,,,,,,,Euroleague,2024-25,intl
Nicolo Melli,176,165,11,8,6,41.7,140,59.3,-17.6,34,60.3,2.3,24,50.0,60.2,-10.2,0,,0,,,,1.047,0.783,1.399,,,,,,,0.344,98,86,0.408,0.419,1.026,2,1,,,,,,,0.882,0.417,1.868,1.078,0.629,1.047,,,,Wing,0.19,,,-0.89,-0.33,Euroleague,2024-25,intl
Marco Belinelli,175,137,38,16,11,50.0,166,44.3,5.7,60,48.3,5.6,13,61.5,43.3,18.2,0,,0,,,,1.0,0.869,1.15,,,,,,,0.594,97,104,0.588,0.538,0.916,5,8,,,,,,,1.46,0.968,2.201,1.045,0.92,0.998,,,,Wing,-0.09,,,0.24,1.53,Euroleague,2024-25,intl
Jasiel Rivero,170,161,9,5,11,95.5,137,56.6,38.9,35,55.7,-4.9,13,61.5,59.3,2.3,0,,0,,,,1.068,0.839,1.359,,,,,,,0.45,90,87,0.356,0.333,0.937,2,2,,,,,,,0.817,0.403,1.655,1.074,1.203,0.986,,,,Big,0.47,,,-0.29,-0.78,Euroleague,2024-25,intl
Mam Jaiteh,168,160,8,3,6,33.3,145,66.9,-33.6,38,63.2,-3.2,7,57.1,66.0,-8.8,0,,0,,,,1.0,0.765,1.308,,,,,,,0.667,81,91,0.346,0.264,0.763,0,1,,,,,,,0.851,0.443,1.633,1.088,,1.016,,,,,,,,,,Euroleague,2024-25,intl
Errick Mccollum,168,154,14,8,12,37.5,131,60.7,-23.2,47,55.3,-5.1,14,60.7,58.5,2.2,0,,0,,,,1.128,0.895,1.422,,,,,,,0.438,94,89,0.34,0.461,1.353,1,6,,,,,,,1.119,0.673,1.861,1.135,1.303,1.17,,,,Playmaker,0.55,,,-1.07,0.41,Euroleague,2024-25,intl
Kevarrius Hayes,165,159,6,8,2,100.0,154,61.0,39.0,34,58.8,-3.5,17,70.6,60.4,10.2,0,,0,,,,0.927,0.645,1.33,,,,,,,0.188,96,77,0.323,0.377,1.166,3,0,,,,,,,1.257,0.797,1.982,1.032,,0.927,,,,Big,-0.75,,,-1.31,0.98,Euroleague,2024-25,intl
Joffrey Lauvergne,163,140,23,10,9,33.3,148,59.5,-26.1,27,57.4,-0.7,19,42.1,60.1,-18.0,0,,0,,,,0.87,0.675,1.119,,,,,,,0.575,122,62,0.344,0.452,1.312,6,3,,,,,,,1.069,0.731,1.564,0.905,1.176,0.941,,,,Big,-1.24,,,0.2,0.23,Euroleague,2024-25,intl
Alen Smailagic,162,143,19,10,11,77.3,151,60.6,16.7,54,56.5,-7.9,19,73.7,60.1,13.5,0,,0,,,,1.026,0.914,1.153,,,,,,,0.475,87,87,0.425,0.414,0.973,4,3,,,,,,,1.306,0.944,1.807,1.0,1.076,1.025,,,,Big,0.11,,,-0.19,1.18,Euroleague,2024-25,intl
Wenyen Gabriel,160,156,4,3,10,70.0,126,61.1,8.9,22,72.7,13.1,10,40.0,63.5,-23.5,0,,0,,,,1.209,,,,,,,,,0.333,89,74,0.337,0.297,0.882,0,1,,,,,,,,,,1.05,1.205,1.209,,,,Wing,1.13,,,-0.94,,Euroleague,2024-25,intl
Georgios Papagiannis,159,151,8,5,9,72.2,139,64.7,7.5,30,80.0,18.6,16,43.8,67.8,-24.1,0,,0,,,,1.119,,,,,,,,,0.4,90,74,0.333,0.365,1.095,3,0,,,,,,,0.776,0.384,1.569,1.003,1.11,1.119,,,,,,,,,,Euroleague,2024-25,intl
Mathias Lessort,158,153,5,2,7,100.0,119,69.7,30.3,22,72.7,1.6,16,62.5,72.7,-10.2,0,,0,,,,1.02,0.653,1.593,,,,,,,0.625,96,64,0.229,0.219,0.955,1,0,,,,,,,0.682,0.254,1.827,0.966,1.274,1.02,,,,Wing,0.03,,,0.38,-0.98,Euroleague,2024-25,intl
Perry Dozier Jr,156,148,8,2,6,33.3,100,62.5,-29.2,38,57.9,-4.6,13,30.8,65.1,-34.3,0,,0,,,,1.378,1.032,1.839,,,,,,,1.0,76,87,0.276,0.345,1.248,2,1,,,,,,,0.79,0.329,1.895,1.362,1.556,1.417,,,,,,,,,,Euroleague,2024-25,intl
Tadas Sedekerskis,156,143,13,7,6,75.0,120,62.1,12.9,27,66.7,5.1,17,47.1,65.1,-18.1,0,,0,,,,1.009,0.739,1.378,,,,,,,0.464,75,88,0.32,0.375,1.172,2,2,,,,,,,0.852,0.449,1.614,0.978,1.301,1.009,,,,Wing,-0.03,,,-0.35,-0.43,Euroleague,2024-25,intl
Nikola Milutinov,156,143,13,7,3,66.7,143,58.0,8.6,46,58.7,0.7,25,60.0,57.9,2.1,0,,0,,,,0.96,0.756,1.22,,,,,,,0.464,77,88,0.299,0.432,1.446,3,4,,,,,,,1.19,0.808,1.754,1.071,1.125,0.984,,,,Big,-0.46,,,-0.24,0.72,Euroleague,2024-25,intl
Tim Schneider,154,128,26,12,10,35.0,152,50.3,-15.3,43,36.0,-18.2,23,39.1,51.1,-11.9,0,,0,,,,0.944,0.816,1.092,,,,,,,0.542,80,94,0.575,0.521,0.907,3,7,,,,,,,0.732,0.406,1.321,0.901,1.077,0.963,,,,Wing,-0.41,,,0.0,-0.82,Euroleague,2024-25,intl
Achille Polonara,153,137,16,9,10,45.0,123,48.0,-3.0,40,55.0,10.4,18,25.0,51.3,-26.3,0,,0,,,,1.11,0.905,1.362,,,,,,,0.444,74,91,0.541,0.44,0.813,3,2,,,,,,,0.657,0.279,1.545,1.109,1.258,1.07,,,,Wing,0.55,,,-0.44,-1.06,Euroleague,2024-25,intl
Yakuba Ouattara,153,140,13,11,9,38.9,144,47.6,-8.7,34,36.8,-13.2,10,65.0,45.8,19.2,0,,0,,,,1.002,0.85,1.181,,,,,,,0.295,81,84,0.58,0.571,0.985,3,1,,,,,,,0.796,0.349,1.818,0.974,1.085,1.008,,,,Wing,-0.08,,,-1.12,-0.61,Euroleague,2024-25,intl
Donatas Motiejunas,152,139,13,5,2,50.0,130,61.2,-11.2,25,50.0,-13.6,14,42.9,63.1,-20.3,0,,0,,,,1.146,0.96,1.367,,,,,,,0.65,98,62,0.347,0.355,1.023,3,2,,,,,,,0.848,0.472,1.525,1.022,1.231,1.164,,,,Big,1.15,,,0.49,-0.65,Euroleague,2024-25,intl
Frank Ntilikina,151,134,17,6,5,0.0,113,59.3,-59.3,32,46.9,-13.6,18,47.2,58.5,-11.3,0,,0,,,,0.965,0.698,1.334,,,,,,,0.708,73,87,0.356,0.437,1.226,1,3,,,,,,,0.667,0.292,1.52,0.798,1.141,0.957,,,,Wing,-0.29,,,0.76,-1.03,Euroleague,2024-25,intl
Alex Abrines,148,144,4,11,9,33.3,122,57.0,-23.6,24,52.1,-4.0,8,75.0,54.1,20.9,0,,0,,,,0.605,0.226,1.617,,,,,,,0.091,80,79,0.487,0.494,1.013,0,3,,,,,,,,,,1.018,1.217,0.605,,,,Wing,-2.38,,,-2.04,,Euroleague,2024-25,intl
Duane Washington,147,124,23,9,6,0.0,122,45.1,-45.1,52,39.4,-6.0,17,29.4,45.0,-15.6,0,,0,,,,1.244,1.055,1.467,,,,,,,0.639,64,101,0.438,0.505,1.154,1,8,,,,,,,0.912,0.502,1.657,1.137,1.33,1.222,,,,Wing,1.33,,,0.44,-0.24,Euroleague,2024-25,intl
Serge Ibaka,145,130,15,7,0,,136,58.5,,32,46.9,-15.1,13,30.8,61.4,-30.6,0,,0,,,,0.822,0.602,1.122,,,,,,,0.536,102,54,0.392,0.426,1.086,3,1,,,,,,,1.556,1.121,2.159,0.818,1.15,0.767,,,,Big,-1.66,,,0.04,2.18,Euroleague,2024-25,intl
Arturs Zagars,145,137,8,6,1,150.0,95,45.8,104.2,29,48.3,2.0,11,63.6,44.7,18.9,0,,0,,,,1.032,0.593,1.794,,,,,,,0.333,78,75,0.41,0.4,0.975,1,4,,,,,,,0.535,0.091,3.16,1.342,1.62,1.155,,,,Playmaker,0.1,,,-1.57,-1.52,Euroleague,2024-25,intl
Joel Parra,145,139,6,6,9,55.6,124,50.4,5.2,49,43.9,-10.9,12,25.0,53.3,-28.3,0,,0,,,,0.753,0.427,1.331,,,,,,,0.25,67,84,0.448,0.488,1.09,0,1,,,,,,,0.504,0.091,2.778,0.964,1.138,0.753,,,,Wing,-1.52,,,-1.32,-1.55,Euroleague,2024-25,intl
David Lighty,144,131,13,10,4,50.0,120,53.3,-3.3,32,48.4,-6.5,21,61.9,51.5,10.4,0,,0,,,,0.775,0.5,1.202,,,,,,,0.325,81,75,0.42,0.507,1.207,1,3,,,,,,,0.848,0.338,2.128,1.021,0.947,0.84,,,,Wing,-1.39,,,-0.98,-0.44,Euroleague,2024-25,intl
Malte Delow,144,131,13,6,10,65.0,107,47.7,17.3,32,45.3,-5.3,2,50.0,49.1,0.9,0,,0,,,,0.935,0.642,1.362,,,,,,,0.542,67,90,0.328,0.467,1.421,2,1,,,,,,,0.898,0.421,1.916,1.058,0.893,0.959,,,,Wing,-0.46,,,0.0,-0.28,Euroleague,2024-25,intl
Fabien Causeur,143,139,4,4,6,58.3,104,69.7,-11.4,31,51.6,-24.3,19,86.8,65.4,21.5,0,,0,,,,1.363,,,,,,,,,0.25,70,77,0.286,0.364,1.273,1,1,,,,,,,0.85,0.315,2.295,1.011,1.343,1.363,,,,Wing,2.02,,,-1.32,-0.44,Euroleague,2024-25,intl
Sertac Sanli,141,120,21,9,3,83.3,126,57.5,25.8,21,57.1,-1.2,11,54.5,58.5,-3.9,0,,0,,,,1.018,0.841,1.233,,,,,,,0.583,87,64,0.46,0.391,0.85,5,1,,,,,,,0.816,0.473,1.41,1.112,1.032,1.026,,,,Big,0.04,,,0.23,-0.78,Euroleague,2024-25,intl
Arnas Butkevicius,139,126,13,10,10,50.0,104,53.4,-3.4,30,41.7,-15.5,22,50.0,53.8,-3.8,0,,0,,,,1.146,0.889,1.478,,,,,,,0.325,63,86,0.381,0.5,1.312,2,4,,,,,,,1.006,0.507,1.997,1.431,0.988,1.146,,,,Wing,0.76,,,-0.98,0.07,Euroleague,2024-25,intl
Rokas Giedraitis,139,128,11,8,8,31.2,116,53.9,-22.6,39,57.7,7.7,16,34.4,55.1,-20.7,0,,0,,,,1.108,0.904,1.359,,,,,,,0.344,77,71,0.468,0.493,1.054,1,3,,,,,,,1.141,0.592,2.201,0.992,0.957,1.117,,,,Wing,0.54,,,-0.89,0.5,Euroleague,2024-25,intl
John Dibartolomeo,135,122,13,9,6,75.0,118,58.1,16.9,37,59.5,0.8,10,30.0,61.4,-31.4,0,,0,,,,1.093,0.918,1.302,,,,,,,0.361,78,67,0.474,0.537,1.133,3,2,,,,,,,0.175,0.027,1.157,0.988,1.01,1.1,,,,Playmaker,0.38,,,-1.43,-2.71,Euroleague,2024-25,intl
Vanja Marinkovic,135,116,19,8,8,81.2,113,56.6,24.6,28,62.5,5.5,15,40.0,60.8,-20.8,0,,0,,,,1.05,0.847,1.302,,,,,,,0.594,73,75,0.411,0.467,1.136,2,4,,,,,,,1.189,0.734,1.926,1.231,1.065,1.069,,,,Wing,0.2,,,0.24,0.66,Euroleague,2024-25,intl
Saben Lee,134,111,23,7,7,64.3,89,51.7,12.6,20,75.0,28.3,8,12.5,56.2,-43.8,0,,0,,,,0.871,0.594,1.279,,,,,,,0.821,85,61,0.388,0.279,0.718,4,1,,,,,,,1.048,0.604,1.818,0.996,1.562,0.925,,,,Playmaker,-0.66,,,0.77,0.18,Euroleague,2024-25,intl
Xavier Rathan-Mayes,134,129,5,5,1,100.0,102,52.5,47.5,30,61.7,12.4,6,25.0,54.6,-29.6,0,,0,,,,1.098,0.7,1.723,,,,,,,0.25,82,57,0.463,0.404,0.871,2,0,,,,,,,1.205,0.439,3.305,0.812,,1.098,,,,Wing,0.48,,,-1.32,0.71,Euroleague,2024-25,intl
Ante Zizic,131,121,10,5,1,100.0,133,63.9,36.1,27,70.4,7.8,8,50.0,65.1,-15.1,0,,0,,,,1.052,,,,,,,,,0.5,79,61,0.354,0.328,0.925,2,1,,,,,,,1.045,0.683,1.6,1.064,1.049,1.052,,,,Big,0.33,,,-0.1,0.13,Euroleague,2024-25,intl
David Mccormack,129,117,12,4,5,40.0,117,61.5,-21.5,25,64.0,4.2,10,40.0,62.5,-22.5,0,,0,,,,0.911,0.703,1.181,,,,,,,0.75,77,58,0.403,0.293,0.728,2,1,,,,,,,0.944,0.558,1.598,1.028,0.55,0.859,,,,Big,-0.89,,,0.88,-0.27,Euroleague,2024-25,intl
Elias Rapieque,125,115,10,7,5,40.0,105,44.8,-4.8,44,53.4,14.8,12,41.7,44.9,-3.2,0,,0,,,,0.784,0.468,1.314,,,,,,,0.357,58,85,0.448,0.447,0.997,2,3,,,,,,,1.1,0.479,2.528,0.934,0.781,0.842,,,,Wing,-1.34,,,-0.83,0.37,Euroleague,2024-25,intl
Louis Olinde,125,110,15,6,2,50.0,112,48.7,1.3,25,48.0,-0.9,13,42.3,49.5,-7.2,0,,0,,,,0.867,0.633,1.189,,,,,,,0.625,74,63,0.446,0.492,1.103,3,1,,,,,,,0.551,0.206,1.479,1.117,0.714,0.809,,,,Wing,-0.86,,,0.38,-1.4,Euroleague,2024-25,intl
Daniel Hackett,125,122,3,1,2,0.0,68,47.8,-47.8,18,41.7,-6.4,17,52.9,44.3,8.6,0,,0,,,,1.848,,,,,,,,,0.75,64,62,0.344,0.355,1.032,1,0,,,,,,,0.88,0.172,4.491,1.059,1.836,1.848,,,,Playmaker,3.92,,,0.43,-0.38,Euroleague,2024-25,intl
Laurynas Birutis,124,122,2,3,2,50.0,113,63.7,-13.7,15,66.7,3.7,10,60.0,63.8,-3.8,0,,0,,,,1.109,,,,,,,,,0.167,72,55,0.306,0.364,1.19,1,1,,,,,,,0.764,0.19,3.075,1.116,,1.109,,,,Big,0.83,,,-1.39,-0.99,Euroleague,2024-25,intl
Aleksej Pokusevski,120,110,10,5,3,83.3,87,51.7,31.6,30,55.0,3.3,15,43.3,54.7,-11.3,0,,0,,,,1.143,0.819,1.595,,,,,,,0.5,58,67,0.345,0.433,1.255,1,2,,,,,,,1.069,0.514,2.225,1.187,0.695,1.143,,,,Big,1.12,,,-0.1,0.23,Euroleague,2024-25,intl
Niels Giffey,120,111,9,4,2,0.0,99,74.2,-74.2,28,69.6,-4.3,19,52.6,77.4,-24.8,0,,0,,,,0.959,0.669,1.376,,,,,,,0.562,63,61,0.333,0.377,1.131,3,0,,,,,,,0.97,0.499,1.886,0.906,,0.959,,,,Wing,-0.33,,,0.1,-0.05,Euroleague,2024-25,intl
Mouhamet Diouf,117,113,4,5,6,50.0,104,60.6,-10.6,20,65.0,6.1,10,60.0,60.0,0.0,0,,0,,,,1.119,,,,,,,,,0.2,72,50,0.333,0.4,1.2,1,1,,,,,,,0.789,0.293,2.126,1.138,1.112,1.119,,,,,,,,,,Euroleague,2024-25,intl
Bryant Dunston,116,114,2,5,3,33.3,92,62.0,-28.6,21,66.7,7.2,6,50.0,61.8,-11.8,0,,0,,,,1.295,,,,,,,,,0.1,61,60,0.279,0.333,1.196,0,3,,,,,,,0.786,0.195,3.17,1.189,,1.295,,,,Wing,1.63,,,-2.0,-0.64,Euroleague,2024-25,intl
Milos Teodosic,115,104,11,7,8,18.8,67,50.7,-32.0,30,45.0,-3.9,7,50.0,47.1,2.9,0,,0,,,,0.788,0.404,1.537,,,,,,,0.393,68,58,0.309,0.483,1.563,2,3,,,,,,,0.545,0.092,3.248,1.317,0.682,0.8,,,,Wing,-1.32,,,-0.67,-1.42,Euroleague,2024-25,intl
Matthew Mitchell,114,90,24,8,3,33.3,94,37.2,-3.9,22,36.4,-1.0,16,15.6,41.4,-25.7,0,,0,,,,0.882,0.65,1.199,,,,,,,0.75,71,56,0.479,0.536,1.119,4,4,,,,,,,0.654,0.266,1.61,1.007,0.994,0.931,,,,,,,,,,Euroleague,2024-25,intl
Joel Bolomboy,114,99,15,4,7,71.4,109,66.5,4.9,27,85.2,23.9,13,61.5,67.5,-5.9,0,,0,,,,1.088,,,,,,,,,0.938,63,61,0.333,0.311,0.934,1,1,,,,,,,1.255,0.933,1.689,1.081,,1.089,,,,Wing,0.42,,,1.8,0.87,Euroleague,2024-25,intl
Melvin Ajinca,111,98,13,8,3,33.3,111,60.8,-27.5,27,75.9,20.8,14,60.7,60.0,0.7,0,,0,,,,0.901,0.711,1.143,,,,,,,0.406,62,60,0.581,0.45,0.775,3,1,,,,,,,1.632,1.064,2.503,0.935,0.888,0.932,,,,Wing,-0.66,,,-0.61,2.08,Euroleague,2024-25,intl
Luka Samanic,111,89,22,7,5,20.0,106,53.8,-33.8,40,58.8,10.2,14,32.1,55.2,-23.0,0,,0,,,,1.025,0.849,1.238,,,,,,,0.786,68,60,0.529,0.367,0.693,4,2,,,,,,,1.143,0.733,1.781,1.135,1.179,1.06,,,,Big,0.1,,,1.02,0.53,Euroleague,2024-25,intl
Luka Mitrovic,111,111,0,0,5,40.0,75,66.7,-26.7,19,68.4,4.5,10,40.0,68.6,-28.6,0,,0,,,,,,,,,,,,,,62,49,0.242,0.265,1.097,0,0,,,,,,,,,,0.943,,,,,,Wing,,,,,,Euroleague,2024-25,intl
Daniel Theis,109,102,7,3,4,25.0,100,62.5,-37.5,18,55.6,-6.7,13,57.7,61.5,-3.8,0,,0,,,,0.961,0.705,1.31,,,,,,,0.583,71,45,0.451,0.311,0.69,2,0,,,,,,,0.875,0.385,1.986,0.975,0.893,0.996,,,,Wing,-0.31,,,0.19,-0.36,Euroleague,2024-25,intl
Marial Shayok,109,87,22,8,8,68.8,93,48.4,20.4,36,58.3,12.9,7,71.4,48.4,23.0,0,,0,,,,1.002,0.832,1.207,,,,,,,0.688,48,69,0.542,0.493,0.91,1,4,,,,,,,1.184,0.684,2.051,0.857,0.569,1.002,,,,Wing,-0.08,,,0.67,0.64,Euroleague,2024-25,intl
Khalifa Diop,106,105,1,1,2,100.0,89,60.7,39.3,13,84.6,26.9,5,40.0,62.8,-22.8,0,,0,,,,1.18,,,,,,,,,0.25,56,51,0.411,0.235,0.573,1,0,,,,,,,,,,1.219,,1.18,,,,Big,1.44,,,-1.07,,Euroleague,2024-25,intl
Khem Birch,104,101,3,1,1,100.0,81,58.0,42.0,11,54.5,-4.6,7,57.1,58.7,-1.5,0,,0,,,,1.295,,,,,,,,,0.75,75,30,0.333,0.3,0.9,1,0,,,,,,,0.553,0.111,2.769,1.319,1.291,1.295,,,,Big,2.43,,,0.88,-1.84,Euroleague,2024-25,intl
Vitto Brown,101,96,5,5,3,33.3,86,46.5,-13.2,14,21.4,-29.2,8,68.8,43.8,24.9,0,,0,,,,1.215,,,,,,,,,0.25,71,35,0.479,0.571,1.193,3,1,,,,,,,,,,1.114,1.202,1.215,,,,Wing,1.16,,,-1.32,,Euroleague,2024-25,intl
Usman Garuba,101,96,5,4,2,0.0,87,55.2,-55.2,22,47.7,-8.2,10,50.0,54.4,-4.4,0,,0,,,,1.2,,,,,,,,,0.312,64,41,0.344,0.561,1.632,1,1,,,,,,,0.762,0.255,2.274,1.254,1.188,1.2,,,,Wing,1.08,,,-1.04,-0.72,Euroleague,2024-25,intl
Nick Calathes,100,90,10,4,3,33.3,55,41.8,-8.5,15,50.0,11.6,9,27.8,43.9,-16.1,0,,0,,,,0.54,0.206,1.417,,,,,,,0.625,57,49,0.316,0.388,1.228,2,1,,,,,,,0.833,0.162,4.278,0.964,0.733,0.75,,,,Playmaker,-2.21,,,-0.17,-0.53,Euroleague,2024-25,intl
Stefano Tonut,98,98,0,0,2,50.0,65,61.5,-11.5,24,60.4,-1.2,10,40.0,64.9,-24.9,0,,0,,,,,,,,,,,,,,42,56,0.31,0.357,1.154,0,0,,,,,,,,,,1.002,,,,,,Wing,,,,,,Euroleague,2024-25,intl
Jonas Mattisseck,97,83,14,9,1,100.0,92,34.2,65.8,36,38.9,6.4,8,18.8,36.5,-17.7,0,,0,,,,0.835,0.593,1.177,,,,,,,0.389,46,63,0.609,0.651,1.069,1,3,,,,,,,1.121,0.403,3.115,0.942,0.907,0.882,,,,Wing,-1.05,,,-0.69,0.44,Euroleague,2024-25,intl
Oscar Da Silva,97,94,3,3,1,100.0,87,60.9,39.1,22,68.2,9.1,10,40.0,64.1,-24.1,0,,0,,,,0.755,0.338,1.686,,,,,,,0.25,56,44,0.375,0.364,0.97,0,1,,,,,,,1.694,,,0.987,,0.755,,,,Wing,-1.51,,,-1.32,2.28,Euroleague,2024-25,intl
Giampaolo Ricci,94,94,0,1,2,75.0,79,66.5,8.5,26,67.3,0.9,14,39.3,72.4,-33.1,0,,0,,,,,,,,,,,,,0.0,45,50,0.467,0.38,0.814,0,0,,,,,,,,,,1.023,,,,,,Wing,,,,-2.45,,Euroleague,2024-25,intl
Vladimir Lucic,93,84,9,8,6,50.0,75,52.0,-2.0,17,70.6,23.7,11,86.4,46.4,39.9,0,,0,,,,1.021,0.706,1.477,,,,,,,0.281,57,46,0.491,0.37,0.752,4,1,,,,,,,1.261,0.629,2.529,1.22,,1.074,,,,Wing,0.04,,,-1.18,0.89,Euroleague,2024-25,intl
Andrejs Grazulis,90,80,10,6,6,66.7,77,56.5,10.2,26,50.0,-10.5,11,63.6,56.2,7.4,0,,0,,,,1.059,0.844,1.328,,,,,,,0.417,45,51,0.467,0.392,0.84,2,2,,,,,,,1.259,0.754,2.104,1.084,1.163,1.059,,,,Wing,0.26,,,-0.56,0.88,Euroleague,2024-25,intl
Edwin Jackson,90,83,7,8,7,50.0,80,40.6,9.4,32,43.8,3.8,10,70.0,37.7,32.3,0,,0,,,,1.002,0.731,1.373,,,,,,,0.219,49,52,0.551,0.577,1.047,1,2,,,,,,,1.821,0.957,3.464,1.047,,0.909,,,,Playmaker,-0.05,,,-2.11,2.73,Euroleague,2024-25,intl
Ognjen Dobric,89,81,8,5,2,50.0,81,51.2,-1.2,9,44.4,-7.6,7,57.1,50.7,6.5,0,,0,,,,1.027,0.778,1.355,,,,,,,0.4,60,36,0.467,0.528,1.131,3,1,,,,,,,1.232,0.618,2.456,1.029,1.165,1.057,,,,Wing,0.07,,,-0.64,0.8,Euroleague,2024-25,intl
Mike Daum,88,76,12,7,1,0.0,91,53.3,-53.3,13,42.3,-12.1,11,18.2,57.4,-39.2,0,,0,,,,1.056,,,,,,,,,0.429,50,47,0.5,0.532,1.064,3,2,,,,,,,1.862,1.21,2.866,1.091,1.056,0.955,,,,Wing,0.24,,,-0.51,2.83,Euroleague,2024-25,intl
Eli Ndiaye,88,85,3,3,0,,77,52.6,,15,40.0,-15.6,10,15.0,58.2,-43.2,0,,0,,,,1.197,,,,,,,,,0.25,53,38,0.472,0.5,1.06,1,1,,,,,,,,,,0.674,,1.197,,,,Wing,1.06,,,-1.32,,Euroleague,2024-25,intl
Bandja Sy,86,82,4,3,5,60.0,71,64.8,-4.8,21,45.2,-26.6,6,75.0,63.6,11.4,0,,0,,,,0.879,0.495,1.558,,,,,,,0.333,45,44,0.378,0.477,1.263,1,1,,,,,,,,,,1.009,0.582,0.879,,,,Wing,-0.79,,,-0.94,,Euroleague,2024-25,intl
Isiaha Mike,86,81,5,4,1,150.0,76,49.3,100.7,9,83.3,37.0,16,37.5,54.1,-16.6,0,,0,,,,0.939,0.6,1.469,,,,,,,0.312,56,34,0.518,0.412,0.795,1,0,,,,,,,2.3,,,1.02,,0.939,,,,Wing,-0.44,,,-1.04,4.24,Euroleague,2024-25,intl
Ognjen Jaramaz,85,80,5,3,1,100.0,56,30.4,69.6,14,32.1,0.7,11,0.0,39.1,-39.1,0,,0,,,,0.941,0.452,1.962,,,,,,,0.417,50,38,0.48,0.474,0.987,0,2,,,,,,,1.214,0.231,6.395,0.955,1.025,0.941,,,,Wing,-0.43,,,-0.56,0.74,Euroleague,2024-25,intl
Moses Wright,84,80,4,3,1,100.0,74,53.4,46.6,9,66.7,14.4,12,41.7,56.3,-14.7,0,,0,,,,1.176,,,,,,,,,0.333,60,27,0.417,0.37,0.889,1,1,,,,,,,1.889,,,1.166,,1.176,,,,Wing,0.94,,,-0.94,2.91,Euroleague,2024-25,intl
Ziga Samar,83,83,0,2,0,,45,48.9,,14,64.3,22.4,7,28.6,52.6,-24.1,0,,0,,,,,,,,,,,,,0.0,42,43,0.333,0.279,0.837,0,1,,,,,,,,,,0.938,,,,,,Playmaker,,,,-3.16,,Euroleague,2024-25,intl
Leopold Cavaliere,82,82,0,2,1,100.0,66,63.6,36.4,11,54.5,-11.5,3,83.3,63.3,20.1,0,,0,,,,,,,,,,,,,0.0,43,41,0.372,0.244,0.655,0,0,,,,,,,,,,1.021,,,,,,Wing,,,,-2.45,,Euroleague,2024-25,intl
Jimmy Clark Iii,81,68,13,5,5,20.0,62,50.0,-30.0,16,37.5,-13.5,6,25.0,50.0,-25.0,0,,0,,,,0.523,0.259,1.056,,,,,,,0.65,47,48,0.426,0.396,0.93,3,2,,,,,,,1.304,0.6,2.834,0.98,,0.644,,,,Playmaker,-2.29,,,-0.05,1.02,Euroleague,2024-25,intl
Dejan Davidovac,80,76,4,2,1,150.0,65,62.3,87.7,12,66.7,3.7,11,54.5,65.5,-10.9,0,,0,,,,0.934,0.525,1.663,,,,,,,0.5,53,29,0.377,0.31,0.822,1,0,,,,,,,0.565,0.112,2.837,1.283,0.825,0.934,,,,Wing,-0.47,,,-0.19,-1.36,Euroleague,2024-25,intl
Dyshawn Pierre,79,77,2,3,1,0.0,63,53.2,-53.2,21,28.6,-35.4,10,70.0,49.1,20.9,0,,0,,,,0.642,0.16,2.579,,,,,,,0.167,42,40,0.357,0.525,1.47,0,0,,,,,,,,,,1.132,,0.642,,,,Wing,-2.17,,,-1.7,,Euroleague,2024-25,intl
Elias Harris,79,75,4,1,3,100.0,63,59.5,40.5,13,53.8,-9.4,9,50.0,63.2,-13.2,0,,0,,,,0.298,0.054,1.63,,,,,,,1.0,47,34,0.298,0.353,1.185,1,0,,,,,,,1.658,,,0.961,,0.476,,,,Wing,-4.17,,,2.08,2.17,Euroleague,2024-25,intl
Brady Manek,78,75,3,3,2,0.0,70,55.0,-55.0,12,45.8,-9.2,4,75.0,52.2,22.8,0,,0,,,,1.136,,,,,,,,,0.25,51,30,0.51,0.6,1.177,0,2,,,,,,,0.815,0.16,4.144,0.747,1.13,1.136,,,,Wing,0.7,,,-1.32,-0.55,Euroleague,2024-25,intl
Mbaye Ndiaye,78,74,4,4,6,75.0,66,60.6,14.4,19,60.5,-1.7,11,31.8,67.2,-35.4,0,,0,,,,1.156,,,,,,,,,0.25,44,38,0.409,0.421,1.029,1,0,,,,,,,0.914,0.335,2.498,1.075,,1.156,,,,Wing,0.82,,,-1.32,-0.23,Euroleague,2024-25,intl
Danko Brankovic,77,77,0,1,0,,70,64.3,,20,62.5,-2.5,6,108.3,60.2,48.2,0,,0,,,,,,,,,,,,,0.0,44,34,0.273,0.412,1.51,0,1,,,,,,,,,,1.131,,,,,,Big,,,,-2.04,,Euroleague,2024-25,intl
Youssoupha Fall,77,77,0,1,1,0.0,76,71.1,-71.1,10,80.0,11.3,4,100.0,68.5,31.5,0,,0,,,,,,,,,,,,,0.0,57,21,0.316,0.238,0.754,0,0,,,,,,,,,,1.016,,,,,,Big,,,,-2.04,,Euroleague,2024-25,intl
Tyler Dorsey,77,62,15,5,3,50.0,61,41.8,8.2,8,56.2,16.1,10,55.0,39.8,15.2,0,,0,,,,1.102,0.82,1.481,,,,,,,0.75,60,26,0.5,0.5,1.0,2,1,,,,,,,1.731,0.836,3.585,1.266,1.361,0.971,,,,Wing,0.51,,,0.95,2.4,Euroleague,2024-25,intl
Ioannis Papapetrou,72,68,4,2,0,,64,48.4,,9,33.3,-17.6,13,34.6,52.0,-17.3,0,,0,,,,1.172,,,,,,,,,0.5,46,28,0.37,0.679,1.836,0,1,,,,,,,0.537,0.096,2.998,1.196,1.164,1.172,,,,Wing,0.91,,,-0.19,-1.45,Euroleague,2024-25,intl
Tarik Black,71,71,0,0,4,75.0,56,67.9,7.1,12,50.0,-22.9,8,62.5,69.2,-6.7,0,,0,,,,,,,,,,,,,,38,33,0.263,0.273,1.036,0,0,,,,,,,,,,1.196,,,,,,Big,,,,,,Euroleague,2024-25,intl
Derek Willis,71,66,5,6,3,100.0,66,49.2,50.8,22,43.2,-12.1,9,55.6,50.8,4.7,0,,0,,,,1.1,,,,,,,,,0.208,43,34,0.512,0.5,0.977,1,0,,,,,,,0.923,0.304,2.806,0.883,1.121,1.1,,,,Wing,0.49,,,-1.51,-0.2,Euroleague,2024-25,intl
Justin Bean,66,55,11,5,3,100.0,57,53.5,46.5,17,73.5,24.7,8,37.5,58.7,-21.2,0,,0,,,,0.87,0.594,1.272,,,,,,,0.55,34,38,0.471,0.395,0.839,1,2,,,,,,,1.0,0.472,2.119,0.85,,0.897,,,,Wing,-0.84,,,0.04,0.05,Euroleague,2024-25,intl
Rayjon Tucker,66,63,3,5,2,0.0,61,45.9,-45.9,7,57.1,14.3,14,53.6,41.8,11.7,0,,0,,,,1.145,,,,,,,,,0.15,46,25,0.565,0.52,0.92,3,0,,,,,,,0.833,0.163,4.265,1.061,,1.145,,,,Wing,0.76,,,-1.77,-0.49,Euroleague,2024-25,intl
Hugo Gonzalez,64,62,2,2,0,,55,42.7,,9,61.1,22.0,5,0.0,47.0,-47.0,0,,0,,,,0.596,0.148,2.394,,,,,,,0.25,50,16,0.56,0.5,0.893,2,0,,,,,,,,,,1.083,,0.596,,,,Wing,-2.44,,,-1.32,,Euroleague,2024-25,intl
John Brown Iii,64,61,3,3,0,,52,42.3,,9,44.4,2.6,7,42.9,42.2,0.6,0,,0,,,,,,,,,,,,,0.25,37,30,0.432,0.467,1.079,0,0,,,,,,,,,,0.903,,,,,,Big,,,,-1.07,,Euroleague,2024-25,intl
William Rayman,63,62,1,2,1,150.0,59,44.9,105.1,12,37.5,-11.5,5,50.0,46.4,3.6,0,,0,,,,1.088,,,,,,,,,0.125,31,34,0.419,0.676,1.613,0,2,,,,,,,,,,1.109,,1.088,,,,,,,,,,Euroleague,2024-25,intl
Sebastian Herrera,62,47,15,7,0,,63,47.6,,15,40.0,-10.0,3,83.3,45.8,37.5,0,,0,,,,0.874,0.669,1.143,,,,,,,0.536,40,31,0.55,0.645,1.173,3,0,,,,,,,1.654,0.801,3.416,0.857,1.133,0.9,,,,Playmaker,-0.65,,,-0.6,2.18,Euroleague,2024-25,intl
Ivan Kharchenkov,62,57,5,3,0,,53,52.8,,18,50.0,-4.3,9,22.2,59.1,-36.9,0,,0,,,,0.743,0.359,1.538,,,,,,,0.417,36,30,0.444,0.4,0.9,2,0,,,,,,,0.639,0.126,3.241,0.938,0.934,0.826,,,,Wing,-1.58,,,-0.56,-1.12,Euroleague,2024-25,intl
Skylar Mays,61,53,8,3,1,150.0,50,44.0,106.0,10,75.0,36.0,2,0.0,48.0,-48.0,0,,0,,,,0.946,0.62,1.445,,,,,,,0.667,35,29,0.571,0.345,0.603,2,0,,,,,,,1.167,0.487,2.793,0.955,,0.946,,,,Wing,-0.4,,,0.57,0.59,Euroleague,2024-25,intl
Panagiotis Kalaitzakis,57,53,4,3,4,87.5,46,40.2,47.3,18,44.4,0.7,5,0.0,48.9,-48.9,0,,0,,,,0.924,0.517,1.652,,,,,,,0.333,24,37,0.375,0.568,1.514,0,2,,,,,,,1.686,0.698,4.071,1.25,0.913,0.986,,,,Wing,-0.53,,,-0.94,2.26,Euroleague,2024-25,intl
Giannoulis Larentzakis,56,55,1,3,0,,36,51.4,,8,50.0,-1.8,4,0.0,57.8,-57.8,0,,0,,,,1.719,,,,,,,,,0.083,43,16,0.395,0.375,0.949,2,0,,,,,,,,,,1.12,,1.719,,,,Wing,4.09,,,-2.08,,Euroleague,2024-25,intl
Jake Cohen,52,52,0,0,0,,43,54.7,,5,70.0,17.4,3,83.3,52.5,30.8,0,,0,,,,,,,,,,,,,,33,19,0.455,0.368,0.811,0,0,,,,,,,,,,0.608,,,,,,Big,,,,,,Euroleague,2024-25,intl
Freddie Gillespie,49,48,1,1,0,,39,61.5,,6,50.0,-13.6,2,100.0,59.5,40.5,0,,0,,,,,,,,,,,,,0.25,32,18,0.312,0.278,0.889,1,0,,,,,,,,,,0.764,,,,,,Big,,,,-1.07,,Euroleague,2024-25,intl
Sylvain Francisco,666,565,101,34,43,59.3,437,54.9,4.4,142,61.6,9.0,62,45.2,56.8,-11.7,0,,0,,,,0.94,0.788,1.122,,,,,,,0.743,360,399,0.342,0.371,1.086,13,22,,,,,,,1.016,0.759,1.359,1.028,0.789,0.892,,,,Playmaker,-0.44,,,0.56,-0.04,Euroleague,2025-26,intl
Mike James,629,524,105,32,37,33.8,436,49.3,-15.5,122,43.9,-5.7,46,41.3,48.8,-7.5,0,,0,,,,1.038,0.886,1.218,,,,,,,0.82,363,373,0.361,0.381,1.055,13,17,,,,,,,0.796,0.571,1.108,1.026,0.928,1.05,,,,Wing,0.03,,,1.17,-0.66,Euroleague,2025-26,intl
Codi Miller-Mcintyre,629,525,104,31,33,47.0,400,51.2,-4.3,114,48.2,-3.6,62,37.9,53.1,-15.2,0,,0,,,,0.98,0.816,1.176,,,,,,,0.839,377,342,0.3,0.392,1.307,11,17,,,,,,,1.023,0.754,1.387,1.027,0.938,1.035,,,,Wing,-0.29,,,1.26,0.09,Euroleague,2025-26,intl
Wade Baldwin Iv,598,524,74,25,33,48.5,420,50.1,-1.6,130,46.9,-4.3,71,37.3,52.4,-15.0,0,,0,,,,1.128,0.969,1.314,,,,,,,0.74,325,345,0.366,0.368,1.005,10,15,,,,,,,0.822,0.586,1.154,1.141,1.058,1.121,,,,Playmaker,0.5,,,0.54,-0.52,Euroleague,2025-26,intl
Elie Okobo,541,446,95,34,12,54.2,394,48.2,5.9,113,42.9,-7.6,47,41.5,49.3,-7.8,0,,0,,,,1.086,0.931,1.267,,,,,,,0.699,304,316,0.359,0.399,1.112,15,20,,,,,,,0.807,0.579,1.123,1.271,1.07,1.07,,,,Playmaker,0.29,,,0.29,-0.55,Euroleague,2025-26,intl
Facundo Campazzo,540,477,63,21,30,53.3,321,58.3,-4.9,99,58.6,1.0,42,35.7,60.8,-25.1,0,,0,,,,1.203,1.005,1.439,,,,,,,0.75,277,303,0.307,0.363,1.183,5,13,,,,,,,0.705,0.459,1.082,0.942,1.362,1.157,,,,Playmaker,0.88,,,0.6,-0.81,Euroleague,2025-26,intl
Mckinley Wright Iv,530,464,66,19,19,76.3,314,54.6,21.7,83,63.3,9.9,46,59.8,55.2,4.6,0,,0,,,,0.801,0.613,1.047,,,,,,,0.868,299,277,0.274,0.285,1.04,8,7,,,,,,,1.022,0.729,1.432,1.009,0.866,0.781,,,,Playmaker,-1.14,,,1.32,-0.02,Euroleague,2025-26,intl
Kendrick Nunn,528,422,106,31,31,27.4,464,60.6,-33.1,142,59.2,0.9,66,53.8,59.2,-5.4,0,,0,,,,1.082,0.985,1.19,,,,,,,0.855,299,316,0.375,0.415,1.107,13,16,,,,,,,0.966,0.774,1.205,1.093,1.029,1.049,,,,Wing,0.26,,,1.34,-0.1,Euroleague,2025-26,intl
Nadir Hifi,525,402,123,36,42,47.6,483,50.0,-2.4,148,46.6,-4.4,30,26.7,51.2,-24.5,0,,0,,,,1.13,1.023,1.248,,,,,,,0.854,342,333,0.439,0.471,1.075,19,23,,,,,,,0.774,0.586,1.022,1.033,1.118,1.096,,,,Playmaker,0.51,,,1.24,-0.64,Euroleague,2025-26,intl
Jean Montero,495,415,80,24,23,60.9,367,50.0,10.9,116,44.4,-8.9,62,37.9,53.0,-15.1,0,,0,,,,1.049,0.895,1.229,,,,,,,0.833,272,293,0.379,0.416,1.1,10,15,,,,,,,0.831,0.586,1.177,1.219,1.121,1.048,,,,Playmaker,0.1,,,1.11,-0.5,Euroleague,2025-26,intl
Carsen Edwards,493,363,130,37,27,40.7,544,47.6,-6.9,131,44.3,-3.9,51,48.0,47.2,0.8,0,,0,,,,1.019,0.947,1.098,,,,,,,0.878,357,289,0.527,0.547,1.038,21,22,,,,,,,0.766,0.58,1.012,0.997,1.08,1.035,,,,Playmaker,-0.05,,,1.39,-0.66,Euroleague,2025-26,intl
Tyler Dorsey,484,362,122,41,28,48.2,458,56.6,-8.3,105,55.7,-0.5,57,58.8,55.7,3.1,0,,0,,,,0.972,0.878,1.077,,,,,,,0.744,290,302,0.417,0.48,1.151,21,21,,,,,,,0.851,0.657,1.103,0.98,0.981,0.966,,,,Wing,-0.33,,,0.81,-0.48,Euroleague,2025-26,intl
Talen Horton Tucker,483,381,102,30,20,62.5,458,51.5,11.0,125,53.2,1.6,49,61.2,50.9,10.3,0,,0,,,,1.067,0.981,1.161,,,,,,,0.85,270,294,0.47,0.415,0.882,18,15,,,,,,,0.848,0.658,1.094,1.061,1.132,1.062,,,,Wing,0.18,,,1.32,-0.49,Euroleague,2025-26,intl
Vasilije Micic,478,384,94,29,9,61.1,368,49.5,11.7,54,47.2,-2.9,46,45.7,50.3,-4.6,0,,0,,,,0.982,0.836,1.153,,,,,,,0.81,312,241,0.407,0.39,0.958,17,9,,,,,,,0.854,0.607,1.2,1.013,0.88,0.974,,,,Playmaker,-0.23,,,0.97,-0.44,Euroleague,2025-26,intl
Chris Jones,472,420,52,16,22,54.5,296,57.1,-2.5,127,56.3,-1.0,47,47.9,58.5,-10.6,0,,0,,,,1.077,0.871,1.332,,,,,,,0.812,218,285,0.303,0.351,1.159,5,7,,,,,,,1.047,0.745,1.469,1.351,1.128,1.134,,,,Wing,0.24,,,1.13,0.17,Euroleague,2025-26,intl
Kevin Punter,465,380,85,28,29,39.7,396,56.1,-16.4,102,48.0,-9.1,58,42.2,56.9,-14.7,0,,0,,,,1.032,0.92,1.157,,,,,,,0.759,272,265,0.426,0.434,1.018,14,16,,,,,,,0.703,0.505,0.98,0.992,1.084,0.995,,,,Playmaker,0.02,,,0.66,-0.81,Euroleague,2025-26,intl
Justin Robinson,465,362,103,29,20,57.5,362,50.1,7.4,89,56.7,8.1,33,40.9,51.4,-10.5,0,,0,,,,0.979,0.838,1.145,,,,,,,0.888,290,263,0.421,0.384,0.913,14,11,,,,,,,1.053,0.79,1.405,0.921,0.941,1.01,,,,Wing,-0.29,,,1.5,0.19,Euroleague,2025-26,intl
Elijah Bryant,462,397,65,22,12,25.0,381,59.4,-34.4,82,56.1,-2.9,50,37.0,61.5,-24.5,0,,0,,,,0.974,0.834,1.137,,,,,,,0.739,261,251,0.352,0.375,1.062,8,11,,,,,,,1.045,0.806,1.355,0.942,1.202,1.0,,,,Wing,-0.32,,,0.78,0.16,Euroleague,2025-26,intl
Mario Hezonja,460,345,115,32,28,37.5,446,49.3,-11.8,102,37.7,-13.9,54,36.1,50.2,-14.1,0,,0,,,,1.156,1.065,1.254,,,,,,,0.898,303,272,0.475,0.482,1.013,19,18,,,,,,,0.859,0.658,1.12,1.129,1.108,1.103,,,,Wing,0.66,,,1.55,-0.45,Euroleague,2025-26,intl
Sasha Vezenkov,443,379,64,20,16,34.4,440,62.5,-28.1,94,55.9,-7.1,45,38.9,64.0,-25.1,0,,0,,,,1.067,0.991,1.148,,,,,,,0.8,240,269,0.379,0.439,1.157,8,15,,,,,,,0.599,0.425,0.844,1.073,0.994,1.073,,,,Wing,0.18,,,1.08,-1.31,Euroleague,2025-26,intl
Kostas Sloukas,434,406,28,14,12,33.3,254,53.1,-19.8,89,39.3,-19.4,56,50.9,52.6,-1.7,0,,0,,,,1.341,1.065,1.689,,,,,,,0.5,213,242,0.291,0.368,1.263,3,7,,,,,,,0.612,0.307,1.22,1.198,1.361,1.224,,,,Playmaker,1.57,,,-0.92,-1.04,Euroleague,2025-26,intl
Jimmy Clark Iii,427,353,74,22,24,56.2,294,47.8,8.5,87,53.4,6.9,39,33.3,50.5,-17.2,0,,0,,,,1.055,0.885,1.259,,,,,,,0.841,228,246,0.412,0.374,0.907,9,8,,,,,,,0.979,0.684,1.401,0.919,1.009,1.082,,,,Playmaker,0.13,,,1.16,-0.13,Euroleague,2025-26,intl
Timothe Luwawu-Cabarrot,423,316,107,32,22,79.5,419,57.4,22.1,116,58.6,0.2,46,43.5,60.3,-16.8,0,,0,,,,0.91,0.822,1.008,,,,,,,0.836,243,266,0.428,0.477,1.116,13,17,,,,,,,0.811,0.621,1.059,0.978,0.956,0.917,,,,Wing,-0.66,,,1.25,-0.61,Euroleague,2025-26,intl
Sterling Brown,413,314,99,30,27,35.2,382,56.4,-21.2,116,48.7,-8.8,54,50.0,55.8,-5.8,0,,0,,,,0.991,0.888,1.106,,,,,,,0.825,237,260,0.447,0.446,0.998,18,11,,,,,,,0.893,0.681,1.171,1.09,0.964,0.974,,,,Wing,-0.23,,,1.2,-0.34,Euroleague,2025-26,intl
Matthew Strazel,406,361,45,17,12,54.2,263,52.7,1.5,80,58.8,8.5,40,57.5,51.9,5.6,0,,0,,,,0.952,0.732,1.239,,,,,,,0.662,216,227,0.347,0.361,1.04,5,7,,,,,,,0.654,0.361,1.184,1.241,1.534,1.026,,,,Playmaker,-0.38,,,0.07,-0.94,Euroleague,2025-26,intl
Jared Butler,403,333,70,20,34,55.9,318,52.7,3.2,135,53.0,-0.0,35,45.7,53.8,-8.1,0,,0,,,,0.881,0.731,1.062,,,,,,,0.875,191,284,0.424,0.408,0.963,6,15,,,,,,,0.869,0.603,1.253,0.968,1.046,0.961,,,,Playmaker,-0.74,,,1.37,-0.4,Euroleague,2025-26,intl
Darius Thompson,403,353,50,17,19,52.6,276,59.4,-6.8,82,51.8,-9.9,26,40.4,60.8,-20.4,0,,0,,,,0.89,0.702,1.129,,,,,,,0.735,209,224,0.368,0.344,0.933,9,7,,,,,,,0.793,0.503,1.252,0.991,1.02,0.985,,,,Wing,-0.77,,,0.77,-0.67,Euroleague,2025-26,intl
Roman Sorkin,400,326,74,26,24,45.8,360,56.2,-10.4,88,58.5,3.8,26,57.7,55.4,2.2,0,,0,,,,1.014,0.917,1.122,,,,,,,0.712,238,212,0.408,0.42,1.03,11,10,,,,,,,0.841,0.635,1.114,1.179,0.985,0.981,,,,Big,-0.12,,,0.95,-0.47,Euroleague,2025-26,intl
Andreas Obst,398,293,105,31,17,52.9,383,54.2,-1.2,113,57.5,4.7,72,43.1,56.6,-13.5,0,,0,,,,1.049,0.957,1.15,,,,,,,0.847,240,232,0.512,0.478,0.934,18,18,,,,,,,0.734,0.539,0.999,0.989,1.001,1.029,,,,Wing,0.09,,,1.3,-0.87,Euroleague,2025-26,intl
Tj Shorts,393,342,51,18,21,42.9,274,48.5,-5.7,83,53.6,7.6,39,37.2,49.8,-12.6,0,,0,,,,1.003,0.822,1.224,,,,,,,0.708,214,211,0.374,0.379,1.014,7,5,,,,,,,0.865,0.577,1.295,1.014,0.883,0.944,,,,Playmaker,-0.13,,,0.35,-0.41,Euroleague,2025-26,intl
Tamir Blatt,391,363,28,14,9,66.7,215,54.0,12.7,49,57.1,3.4,13,46.2,55.0,-8.8,0,,0,,,,0.94,0.641,1.379,,,,,,,0.5,221,188,0.303,0.372,1.228,3,3,,,,,,,1.047,0.559,1.962,0.968,0.922,0.999,,,,Playmaker,-0.44,,,-0.92,0.04,Euroleague,2025-26,intl
Nick Weiler-Babb,386,366,20,10,17,50.0,208,52.6,-2.6,55,53.6,1.6,52,51.0,52.9,-1.9,0,,0,,,,0.897,0.573,1.404,,,,,,,0.5,202,198,0.342,0.323,0.946,2,4,,,,,,,1.186,0.625,2.25,0.945,1.792,0.819,,,,Wing,-0.73,,,-0.36,0.63,Euroleague,2025-26,intl
Jordan Nwora,379,272,107,31,31,54.8,400,54.2,0.6,111,47.3,-9.4,46,51.1,54.7,-3.6,0,,0,,,,1.013,0.945,1.085,,,,,,,0.863,231,246,0.437,0.516,1.181,14,19,,,,,,,0.895,0.703,1.14,1.043,1.015,1.003,,,,Wing,-0.11,,,1.38,-0.33,Euroleague,2025-26,intl
Shavon Shields,379,299,80,25,12,58.3,325,54.0,4.3,71,49.3,-6.2,48,60.4,53.1,7.3,0,,0,,,,0.926,0.795,1.079,,,,,,,0.8,226,208,0.394,0.476,1.209,13,15,,,,,,,0.605,0.405,0.904,0.979,1.048,0.966,,,,Wing,-0.58,,,1.08,-1.29,Euroleague,2025-26,intl
Dan Oturu,374,348,26,8,9,66.7,347,70.9,-4.2,50,74.0,3.7,36,47.2,73.4,-26.2,0,,0,,,,0.977,0.847,1.127,,,,,,,0.812,224,169,0.263,0.266,1.011,3,3,,,,,,,1.017,0.79,1.308,1.009,1.006,0.975,,,,,,,,,,Euroleague,2025-26,intl
Alpha Diallo,374,287,87,25,16,65.6,366,54.2,11.4,80,62.5,9.9,35,64.3,53.7,10.5,0,,0,,,,0.994,0.903,1.093,,,,,,,0.87,227,209,0.454,0.44,0.97,15,11,,,,,,,0.874,0.668,1.143,0.96,1.042,1.01,,,,Wing,-0.21,,,1.41,-0.4,Euroleague,2025-26,intl
Evan Fournier,372,281,91,28,35,51.4,317,52.2,-0.8,128,53.1,1.6,48,50.0,52.5,-2.5,0,,0,,,,0.886,0.766,1.026,,,,,,,0.812,223,227,0.48,0.449,0.936,14,14,,,,,,,0.73,0.506,1.053,0.969,1.014,0.913,,,,Wing,-0.79,,,1.13,-0.88,Euroleague,2025-26,intl
Glynn Watson,368,309,59,19,44,54.5,285,55.4,-0.9,105,53.8,-2.2,63,52.4,56.0,-3.6,0,,0,,,,1.129,0.995,1.28,,,,,,,0.776,206,215,0.388,0.46,1.186,9,11,,,,,,,0.855,0.602,1.214,1.151,1.001,1.126,,,,Playmaker,0.5,,,0.76,-0.44,Euroleague,2025-26,intl
Dwayne Bacon,367,271,96,29,25,44.0,364,47.1,-3.1,112,47.8,1.2,59,46.6,47.0,-0.4,0,,0,,,,1.035,0.933,1.147,,,,,,,0.828,215,245,0.465,0.51,1.097,13,17,,,,,,,0.806,0.591,1.098,1.047,1.064,1.039,,,,Wing,0.01,,,1.21,-0.63,Euroleague,2025-26,intl
Mfiondu Kabengele,367,324,43,17,11,63.6,339,59.1,4.5,59,56.8,-3.0,46,34.8,63.0,-28.2,0,,0,,,,1.092,0.994,1.199,,,,,,,0.632,219,183,0.347,0.421,1.212,6,7,,,,,,,0.735,0.515,1.048,1.051,1.115,1.106,,,,Big,0.34,,,0.6,-0.79,Euroleague,2025-26,intl
Armoni Brooks,366,272,94,33,11,104.5,377,57.2,47.4,120,56.7,-2.7,59,49.2,60.2,-11.0,0,,0,,,,1.005,0.919,1.1,,,,,,,0.712,213,230,0.437,0.517,1.185,13,21,,,,,,,1.233,0.984,1.547,1.104,1.035,0.988,,,,Wing,-0.15,,,0.66,0.79,Euroleague,2025-26,intl
Quinn Ellis,364,332,32,12,10,60.0,208,54.1,5.9,52,49.0,-7.0,32,50.0,55.1,-5.1,0,,0,,,,0.773,0.516,1.157,,,,,,,0.667,187,195,0.251,0.328,1.306,2,5,,,,,,,0.814,0.438,1.513,1.088,0.781,0.81,,,,Playmaker,-1.28,,,0.1,-0.54,Euroleague,2025-26,intl
Antonio Blakeney,364,270,94,30,28,53.6,368,57.6,-4.0,140,53.6,-5.8,52,52.9,58.0,-5.1,0,,0,,,,0.957,0.879,1.043,,,,,,,0.783,214,222,0.486,0.495,1.02,14,14,,,,,,,0.871,0.662,1.146,0.97,0.948,0.966,,,,Wing,-0.41,,,1.0,-0.41,Euroleague,2025-26,intl
Nigel Williams-Goss,363,307,56,17,23,69.6,281,49.5,20.1,83,59.6,11.9,41,51.2,51.0,0.3,0,,0,,,,0.935,0.765,1.143,,,,,,,0.824,190,231,0.384,0.394,1.025,7,12,,,,,,,1.051,0.747,1.48,1.002,0.91,1.008,,,,Playmaker,-0.47,,,1.06,0.05,Euroleague,2025-26,intl
Brancou Badio,360,281,79,30,19,26.3,325,54.6,-28.3,101,35.1,-25.3,36,45.8,53.9,-8.1,0,,0,,,,1.061,0.941,1.196,,,,,,,0.658,208,220,0.375,0.536,1.43,10,22,,,,,,,0.94,0.7,1.263,1.123,0.886,1.06,,,,Wing,0.15,,,0.4,-0.18,Euroleague,2025-26,intl
Omari Moore,359,315,44,17,16,50.0,249,50.8,-0.8,61,46.7,-5.2,28,41.1,51.9,-10.8,0,,0,,,,1.13,0.937,1.364,,,,,,,0.647,204,186,0.397,0.349,0.88,12,7,,,,,,,0.861,0.565,1.311,0.872,0.917,1.061,,,,Playmaker,0.51,,,-0.02,-0.42,Euroleague,2025-26,intl
Azuolas Tubelis,358,311,47,15,16,59.4,336,62.9,-3.6,79,69.0,8.0,37,50.0,64.3,-14.3,0,,0,,,,1.075,1.001,1.155,,,,,,,0.783,179,212,0.413,0.344,0.833,7,10,,,,,,,0.752,0.543,1.041,1.009,0.979,1.032,,,,Big,0.24,,,1.26,-0.74,Euroleague,2025-26,intl
Moses Wright,354,304,50,18,21,52.4,340,62.2,-9.8,85,58.8,-3.7,61,42.6,65.5,-22.9,0,,0,,,,0.962,0.864,1.072,,,,,,,0.694,195,200,0.374,0.355,0.948,10,6,,,,,,,0.918,0.699,1.207,0.999,1.096,0.994,,,,Wing,-0.38,,,0.57,-0.26,Euroleague,2025-26,intl
Trey Lyles,354,286,68,24,10,70.0,333,58.9,11.1,105,70.0,15.6,30,46.7,60.4,-13.7,0,,0,,,,1.043,0.937,1.16,,,,,,,0.708,210,193,0.429,0.415,0.967,9,11,,,,,,,0.993,0.765,1.29,0.99,1.013,1.059,,,,Big,0.05,,,0.93,-0.02,Euroleague,2025-26,intl
Tarik Biberovic,349,268,81,28,23,41.3,325,59.7,-18.4,90,61.1,3.6,43,50.0,59.7,-9.7,0,,0,,,,0.974,0.875,1.084,,,,,,,0.723,207,198,0.469,0.46,0.981,11,11,,,,,,,0.975,0.739,1.286,1.079,1.059,0.969,,,,Wing,-0.32,,,0.71,-0.07,Euroleague,2025-26,intl
Jerian Grant,349,314,35,13,9,33.3,223,52.2,-18.9,49,58.2,8.4,51,37.3,55.5,-18.3,0,,0,,,,0.874,0.637,1.199,,,,,,,0.673,183,189,0.35,0.339,0.968,5,4,,,,,,,0.864,0.5,1.493,0.922,0.714,0.847,,,,Playmaker,-0.77,,,0.14,-0.41,Euroleague,2025-26,intl
Thomas Walkup,349,333,16,6,9,50.0,156,50.3,-0.3,28,50.0,-0.4,25,38.0,52.5,-14.5,0,,0,,,,0.984,0.558,1.738,,,,,,,0.667,199,166,0.266,0.277,1.04,3,3,,,,,,,1.364,0.699,2.663,1.552,0.552,0.918,,,,Playmaker,-0.22,,,0.1,0.83,Euroleague,2025-26,intl
Tomas Satoransky,345,326,19,8,15,63.3,168,61.6,1.7,46,65.2,4.6,31,40.3,66.1,-25.8,0,,0,,,,1.279,0.892,1.834,,,,,,,0.594,194,163,0.253,0.27,1.069,3,3,,,,,,,1.145,0.694,1.891,1.134,,1.233,,,,Wing,1.33,,,0.09,0.49,Euroleague,2025-26,intl
Kameron Taylor,343,271,72,21,19,57.9,300,59.7,-1.8,96,62.5,4.2,30,35.0,62.1,-27.1,0,,0,,,,1.034,0.924,1.158,,,,,,,0.857,188,196,0.431,0.388,0.9,11,7,,,,,,,0.948,0.72,1.249,1.012,0.964,1.047,,,,Wing,0.01,,,1.35,-0.16,Euroleague,2025-26,intl
Tornike Shengelia,338,290,48,14,11,45.5,272,58.3,-12.8,71,53.5,-5.7,34,36.8,60.6,-23.9,0,,0,,,,1.058,0.902,1.241,,,,,,,0.857,204,170,0.353,0.347,0.983,9,4,,,,,,,1.077,0.812,1.428,1.072,1.141,1.011,,,,Wing,0.14,,,1.35,0.27,Euroleague,2025-26,intl
Marko Guduric,333,280,53,16,14,60.7,208,57.5,3.3,74,58.8,1.7,37,51.4,58.9,-7.6,0,,0,,,,1.031,0.811,1.31,,,,,,,0.828,178,184,0.281,0.364,1.296,4,8,,,,,,,1.153,0.818,1.626,1.11,0.899,1.111,,,,Wing,-0.01,,,1.21,0.52,Euroleague,2025-26,intl
Cedi Osman,331,274,57,20,13,46.2,319,57.1,-10.9,72,56.2,-0.5,45,36.7,59.8,-23.1,0,,0,,,,1.095,1.014,1.183,,,,,,,0.713,203,176,0.463,0.46,0.994,12,11,,,,,,,0.891,0.66,1.204,1.135,0.928,1.011,,,,Wing,0.33,,,0.66,-0.35,Euroleague,2025-26,intl
Chima Moneke,323,279,44,17,13,92.3,267,58.2,34.1,64,65.6,7.5,20,40.0,61.3,-21.3,0,,0,,,,0.998,0.84,1.186,,,,,,,0.647,192,164,0.385,0.305,0.791,9,4,,,,,,,1.291,1.023,1.629,1.064,0.803,0.996,,,,Wing,-0.19,,,0.34,0.98,Euroleague,2025-26,intl
Lonnie Walker Iv,320,248,72,25,25,44.0,305,50.2,-6.2,66,37.9,-14.8,24,12.5,52.6,-40.1,0,,0,,,,0.951,0.839,1.078,,,,,,,0.72,202,188,0.52,0.505,0.972,13,13,,,,,,,0.787,0.535,1.158,1.007,0.966,0.952,,,,Wing,-0.44,,,0.69,-0.69,Euroleague,2025-26,intl
Luca Vildoza,319,288,31,11,10,75.0,178,53.7,21.3,47,60.6,7.8,31,56.5,54.5,2.0,0,,0,,,,0.947,0.663,1.353,,,,,,,0.705,168,168,0.304,0.31,1.02,5,2,,,,,,,1.21,0.761,1.923,1.089,0.596,0.998,,,,Wing,-0.46,,,0.62,0.71,Euroleague,2025-26,intl
Will Clyburn,315,243,72,26,18,36.1,319,57.1,-20.9,65,44.6,-14.0,44,53.4,56.3,-2.9,0,,0,,,,0.989,0.896,1.091,,,,,,,0.692,192,194,0.479,0.459,0.957,9,12,,,,,,,1.16,0.893,1.506,0.989,0.967,0.957,,,,Wing,-0.24,,,0.56,0.54,Euroleague,2025-26,intl
Kobi Simmons,314,273,41,15,7,42.9,239,55.9,-13.0,61,57.4,2.5,42,52.4,56.1,-3.7,0,,0,,,,0.77,0.581,1.019,,,,,,,0.683,182,160,0.341,0.388,1.137,5,6,,,,,,,1.082,0.738,1.585,1.019,0.614,0.803,,,,Wing,-1.42,,,0.52,0.29,Euroleague,2025-26,intl
Isiaha Mike,312,265,47,21,9,33.3,286,55.8,-22.4,73,45.2,-13.1,28,44.6,56.2,-11.5,0,,0,,,,1.016,0.891,1.158,,,,,,,0.56,176,173,0.449,0.457,1.017,9,9,,,,,,,0.876,0.608,1.263,0.956,0.897,1.002,,,,Wing,-0.09,,,-0.07,-0.4,Euroleague,2025-26,intl
Matthew Morgan,309,235,74,22,10,80.0,277,56.7,23.3,72,71.5,18.7,31,27.4,61.1,-33.7,0,,0,,,,0.997,0.874,1.137,,,,,,,0.841,155,203,0.426,0.429,1.006,6,12,,,,,,,0.959,0.707,1.301,1.022,0.862,0.958,,,,,,,,,,Euroleague,2025-26,intl
Theo Maledon,308,278,30,12,13,38.5,201,51.7,-13.3,74,43.2,-11.8,25,24.0,54.5,-30.5,0,,0,,,,1.118,0.87,1.438,,,,,,,0.625,156,171,0.327,0.38,1.163,4,4,,,,,,,1.06,0.686,1.637,1.116,1.345,1.209,,,,Playmaker,0.45,,,-0.16,0.07,Euroleague,2025-26,intl
Jaron Blossomgame,308,270,38,16,15,76.7,287,59.2,17.4,71,60.6,0.6,26,59.6,60.1,-0.5,0,,0,,,,1.019,0.921,1.127,,,,,,,0.594,160,171,0.406,0.427,1.051,4,5,,,,,,,0.939,0.681,1.297,1.016,1.103,1.029,,,,Wing,-0.07,,,0.09,-0.19,Euroleague,2025-26,intl
Thomas Heurtel,302,282,20,10,23,43.5,170,50.6,-7.1,61,45.9,-5.6,19,39.5,50.9,-11.4,0,,0,,,,1.242,0.915,1.684,,,,,,,0.5,148,180,0.304,0.372,1.224,1,5,,,,,,,1.298,0.798,2.111,1.206,0.635,1.206,,,,Playmaker,1.07,,,-0.92,0.66,Euroleague,2025-26,intl
Jan Vesely,301,265,36,14,16,50.0,248,56.9,-6.9,72,59.7,4.5,33,45.5,58.0,-12.6,0,,0,,,,1.027,0.878,1.202,,,,,,,0.643,162,159,0.346,0.403,1.164,5,7,,,,,,,0.94,0.659,1.34,0.982,1.237,1.031,,,,Big,-0.04,,,0.64,-0.18,Euroleague,2025-26,intl
Dario Brizuela,300,236,64,23,17,55.9,273,54.0,1.9,102,48.0,-9.4,41,46.3,55.4,-9.1,0,,0,,,,0.992,0.875,1.124,,,,,,,0.696,144,197,0.444,0.482,1.085,4,11,,,,,,,0.891,0.634,1.25,1.024,1.106,1.012,,,,Wing,-0.22,,,0.58,-0.35,Euroleague,2025-26,intl
Trent Forrest,298,266,32,11,13,61.5,183,47.0,14.5,53,55.7,10.6,36,36.1,50.6,-14.5,0,,0,,,,1.033,0.776,1.374,,,,,,,0.727,171,147,0.339,0.354,1.043,5,5,,,,,,,0.627,0.315,1.249,1.063,0.599,1.015,,,,Wing,0.0,,,0.73,-1.22,Euroleague,2025-26,intl
Jordan Loyd,298,224,74,22,22,36.4,270,50.7,-14.4,84,46.4,-4.5,46,60.9,47.6,13.3,0,,0,,,,1.082,0.968,1.21,,,,,,,0.841,164,189,0.5,0.487,0.974,13,13,,,,,,,1.017,0.735,1.408,0.973,0.935,1.091,,,,Wing,0.26,,,1.27,0.07,Euroleague,2025-26,intl
Maodo Lo,297,265,32,19,8,62.5,211,54.3,8.2,39,71.8,21.0,35,68.6,51.9,16.7,0,,0,,,,0.972,0.746,1.265,,,,,,,0.421,177,139,0.379,0.396,1.045,5,5,,,,,,,0.991,0.617,1.592,1.131,1.164,0.972,,,,Wing,-0.33,,,-0.74,-0.01,Euroleague,2025-26,intl
Ercan Osmani,296,240,56,18,17,67.6,268,57.8,9.8,62,53.2,-6.6,50,42.0,61.9,-19.9,0,,0,,,,0.857,0.731,1.004,,,,,,,0.778,176,157,0.415,0.408,0.983,8,6,,,,,,,0.932,0.682,1.274,1.0,0.816,0.844,,,,,,,,,,Euroleague,2025-26,intl
Jaylen Hoard,295,254,41,18,15,40.0,271,56.1,-16.1,69,56.5,1.7,15,20.0,57.2,-37.2,0,,0,,,,0.966,0.834,1.12,,,,,,,0.569,180,151,0.389,0.43,1.107,9,8,,,,,,,0.651,0.419,1.013,1.098,0.985,1.015,,,,Wing,-0.36,,,-0.03,-1.14,Euroleague,2025-26,intl
Jaime Pradilla,288,249,39,11,7,57.1,210,59.8,-2.6,42,65.5,7.2,21,38.1,62.0,-23.9,0,,0,,,,1.07,0.875,1.31,,,,,,,0.886,157,149,0.382,0.282,0.738,7,2,,,,,,,1.167,0.85,1.603,0.968,1.07,1.042,,,,Wing,0.2,,,1.49,0.57,Euroleague,2025-26,intl
Devon Hall,287,238,49,19,10,25.0,223,50.9,-25.9,60,34.2,-21.0,27,31.5,52.2,-20.7,0,,0,,,,0.92,0.738,1.146,,,,,,,0.645,160,162,0.388,0.438,1.131,5,10,,,,,,,0.837,0.536,1.309,1.074,0.759,0.984,,,,Wing,-0.61,,,0.33,-0.52,Euroleague,2025-26,intl
Filip Petrusev,286,235,51,16,6,16.7,257,58.2,-41.5,41,62.2,5.9,29,58.6,57.1,1.6,0,,0,,,,0.989,0.852,1.148,,,,,,,0.797,178,144,0.382,0.354,0.927,8,5,,,,,,,1.416,1.138,1.762,1.021,1.242,0.988,,,,Big,-0.27,,,1.32,1.23,Euroleague,2025-26,intl
Isaac Bonga,286,240,46,19,19,55.3,242,55.0,0.3,74,58.8,5.3,33,75.8,52.0,23.8,0,,0,,,,1.043,0.91,1.196,,,,,,,0.605,164,152,0.427,0.414,0.971,6,7,,,,,,,1.237,0.93,1.646,1.141,1.134,1.051,,,,Wing,0.05,,,0.14,0.8,Euroleague,2025-26,intl
Nando De Colo,281,263,18,8,20,62.5,171,64.0,-1.5,50,62.0,-2.5,19,34.2,67.2,-32.9,0,,0,,,,0.94,0.643,1.373,,,,,,,0.562,150,142,0.273,0.345,1.262,2,3,,,,,,,0.486,0.183,1.287,0.954,1.158,0.958,,,,Wing,-0.5,,,-0.06,-1.69,Euroleague,2025-26,intl
Juancho Hernangomez,277,231,46,15,10,45.0,251,59.8,-14.8,60,59.2,-0.0,34,47.1,61.0,-14.0,0,,0,,,,1.159,1.08,1.243,,,,,,,0.767,156,142,0.442,0.451,1.019,9,4,,,,,,,0.892,0.635,1.253,1.069,1.152,1.158,,,,Wing,0.68,,,0.92,-0.34,Euroleague,2025-26,intl
Leandro Bolmaro,276,229,47,16,11,31.8,211,52.1,-20.3,62,43.5,-10.5,29,58.6,50.0,8.6,0,,0,,,,1.107,0.916,1.339,,,,,,,0.734,143,169,0.329,0.42,1.278,5,8,,,,,,,1.145,0.81,1.62,1.218,1.432,1.118,,,,Playmaker,0.39,,,0.51,0.28,Euroleague,2025-26,intl
Derrick Alston Jr.,273,227,46,20,12,29.2,258,58.1,-29.0,61,53.3,-4.6,42,40.5,59.9,-19.4,0,,0,,,,0.946,0.812,1.102,,,,,,,0.575,165,151,0.43,0.497,1.154,6,9,,,,,,,0.887,0.609,1.29,1.059,0.963,0.994,,,,Wing,-0.47,,,-0.0,-0.36,Euroleague,2025-26,intl
Pj Dozier,270,220,50,19,15,46.7,237,43.9,2.8,59,43.2,-1.1,49,30.6,47.3,-16.7,0,,0,,,,0.995,0.838,1.182,,,,,,,0.658,175,146,0.423,0.568,1.344,9,13,,,,,,,0.582,0.333,1.016,1.126,1.182,0.998,,,,Playmaker,-0.17,,,0.04,-1.11,Euroleague,2025-26,intl
Daniel Theis,269,249,20,9,5,60.0,236,62.3,-2.3,27,57.4,-5.4,24,39.6,64.7,-25.2,0,,0,,,,1.191,,,,,,,,,0.556,174,108,0.379,0.306,0.806,5,2,,,,,,,0.891,0.591,1.343,1.039,1.103,1.142,,,,Wing,0.85,,,-0.09,-0.35,Euroleague,2025-26,intl
Nathan Reuvers,264,229,35,15,13,69.2,256,68.4,0.9,72,73.6,7.1,13,65.4,68.6,-3.2,0,,0,,,,1.054,0.985,1.129,,,,,,,0.583,149,140,0.389,0.371,0.954,4,3,,,,,,,1.222,0.971,1.537,1.083,0.968,1.061,,,,,,,,,,Euroleague,2025-26,intl
Justinian Jessup,262,229,33,13,10,45.0,221,60.0,-15.0,66,58.3,-1.4,24,29.2,62.8,-33.6,0,,0,,,,1.07,0.93,1.232,,,,,,,0.635,131,147,0.435,0.429,0.985,4,6,,,,,,,1.092,0.764,1.561,1.009,1.22,1.049,,,,Wing,0.2,,,0.29,0.32,Euroleague,2025-26,intl
Nick Calathes,262,243,19,7,10,25.0,135,44.4,-19.4,38,30.3,-17.4,23,45.7,42.6,3.0,0,,0,,,,1.505,1.117,2.027,,,,,,,0.679,130,145,0.285,0.372,1.308,3,3,,,,,,,0.739,0.313,1.744,1.145,1.213,1.61,,,,Playmaker,2.39,,,0.17,-0.72,Euroleague,2025-26,intl
Duane Washington,261,204,57,19,19,73.7,259,52.3,21.4,82,50.6,-4.5,33,56.1,53.5,2.6,0,,0,,,,1.038,0.918,1.172,,,,,,,0.75,157,173,0.484,0.445,0.919,9,8,,,,,,,1.064,0.776,1.46,1.005,0.881,1.02,,,,Wing,0.03,,,0.84,0.23,Euroleague,2025-26,intl
Nikola Milutinov,255,246,9,4,2,100.0,199,67.3,32.7,19,78.9,12.5,36,36.1,74.5,-38.4,0,,0,,,,1.007,0.706,1.437,,,,,,,0.562,126,133,0.286,0.218,0.763,2,2,,,,,,,1.253,0.912,1.721,0.992,,1.007,,,,Big,-0.16,,,0.29,0.75,Euroleague,2025-26,intl
Zach Leday,252,219,33,15,9,22.2,242,62.2,-40.0,46,31.5,-35.8,30,45.0,62.9,-17.9,0,,0,,,,0.991,0.883,1.111,,,,,,,0.55,149,124,0.403,0.516,1.282,3,6,,,,,,,0.853,0.57,1.276,1.068,0.919,1.004,,,,Wing,-0.23,,,-0.12,-0.47,Euroleague,2025-26,intl
Andres Feliz,250,227,23,13,11,59.1,182,55.5,3.6,49,60.2,6.0,21,42.9,57.3,-14.4,0,,0,,,,1.036,0.801,1.338,,,,,,,0.442,128,140,0.391,0.364,0.933,4,3,,,,,,,0.918,0.543,1.554,0.97,0.551,0.937,,,,Playmaker,0.04,,,-1.27,-0.28,Euroleague,2025-26,intl
Nikola Mirotic,244,200,44,14,3,0.0,225,58.7,-58.7,60,60.8,4.0,25,58.0,57.9,0.1,0,,0,,,,1.06,0.926,1.212,,,,,,,0.786,143,130,0.462,0.408,0.883,6,5,,,,,,,0.953,0.659,1.379,1.004,1.084,1.051,,,,Big,0.15,,,1.27,-0.14,Euroleague,2025-26,intl
Isaia Cordinier,244,203,41,13,24,52.1,197,49.2,2.8,63,39.7,-13.8,51,37.3,53.2,-16.0,0,,0,,,,1.052,0.9,1.23,,,,,,,0.788,141,134,0.426,0.5,1.175,7,7,,,,,,,0.794,0.503,1.254,1.106,0.934,1.014,,,,Wing,0.1,,,1.02,-0.67,Euroleague,2025-26,intl
Xavier Rathan-Mayes,244,179,65,20,13,53.8,227,40.7,13.1,88,42.0,0.9,49,30.6,44.2,-13.6,0,,0,,,,0.912,0.776,1.071,,,,,,,0.812,138,163,0.551,0.497,0.902,11,7,,,,,,,0.839,0.525,1.342,1.086,1.047,0.9,,,,Wing,-0.65,,,1.13,-0.52,Euroleague,2025-26,intl
Mamadi Diakite,243,218,25,11,10,70.0,206,60.2,9.8,51,68.6,10.4,27,33.3,64.6,-31.2,0,,0,,,,1.114,0.978,1.27,,,,,,,0.568,142,116,0.423,0.328,0.775,6,1,,,,,,,0.997,0.682,1.459,1.02,1.128,1.085,,,,Wing,0.44,,,-0.04,0.01,Euroleague,2025-26,intl
Tyson Ward,239,218,21,13,7,50.0,173,49.1,0.9,46,33.7,-20.8,22,59.1,47.8,11.3,0,,0,,,,1.1,0.852,1.419,,,,,,,0.404,142,115,0.338,0.452,1.338,4,4,,,,,,,1.063,0.633,1.786,1.072,1.199,0.939,,,,Wing,0.36,,,-0.82,0.22,Euroleague,2025-26,intl
Dustin Sleva,237,192,45,20,9,66.7,213,52.3,14.3,54,58.3,7.1,27,38.9,54.9,-16.0,0,,0,,,,1.06,0.917,1.224,,,,,,,0.562,130,139,0.5,0.46,0.921,7,5,,,,,,,1.384,0.996,1.924,0.93,0.987,1.069,,,,Wing,0.15,,,-0.06,1.29,Euroleague,2025-26,intl
Nikola Kalinic,236,215,21,10,11,31.8,165,56.7,-24.8,47,48.9,-8.4,36,63.9,52.9,11.0,0,,0,,,,1.332,1.128,1.574,,,,,,,0.525,124,126,0.379,0.397,1.047,2,4,,,,,,,0.891,0.512,1.551,1.283,1.267,1.178,,,,Wing,1.61,,,-0.24,-0.35,Euroleague,2025-26,intl
Sebastian Herrera,231,175,56,22,7,107.1,216,53.5,53.7,58,62.1,9.3,16,25.0,57.5,-32.5,0,,0,,,,1.056,0.937,1.19,,,,,,,0.636,129,132,0.519,0.508,0.977,8,8,,,,,,,1.085,0.753,1.564,1.056,1.036,1.055,,,,Playmaker,0.14,,,-0.09,0.14,Euroleague,2025-26,intl
Saliou Niang,228,219,9,7,3,100.0,167,63.5,36.5,52,60.6,-5.1,22,70.5,63.2,7.3,0,,0,,,,1.099,0.767,1.574,,,,,,,0.321,120,116,0.217,0.319,1.472,3,3,,,,,,,0.426,0.131,1.381,1.023,1.405,1.13,,,,Wing,0.36,,,-1.22,-1.89,Euroleague,2025-26,intl
Walter Tavares,227,222,5,3,5,100.0,201,68.2,31.8,24,75.0,6.9,23,56.5,70.5,-14.0,0,,0,,,,1.121,,,,,,,,,0.417,144,86,0.285,0.267,0.939,1,1,,,,,,,1.148,0.734,1.796,1.039,1.118,1.121,,,,,,,,,,Euroleague,2025-26,intl
Collin Malcolm,227,205,22,11,3,0.0,201,60.0,-60.0,30,51.7,-8.7,26,42.3,61.5,-19.2,0,,0,,,,0.97,0.789,1.191,,,,,,,0.5,126,116,0.381,0.457,1.199,5,4,,,,,,,0.4,0.167,0.96,1.163,1.194,0.948,,,,Wing,-0.34,,,-0.36,-1.97,Euroleague,2025-26,intl
Zachary Seljaas,226,170,56,21,11,63.6,211,46.2,17.4,56,45.5,-2.1,21,45.2,47.3,-2.0,0,,0,,,,1.055,0.935,1.19,,,,,,,0.667,131,127,0.511,0.598,1.17,7,11,,,,,,,0.78,0.499,1.22,1.024,1.057,1.076,,,,,,,,,,Euroleague,2025-26,intl
Nicolo Melli,225,193,32,13,11,22.7,182,61.3,-38.5,42,52.4,-8.5,34,55.9,59.7,-3.9,0,,0,,,,1.025,0.855,1.229,,,,,,,0.615,125,120,0.44,0.383,0.871,5,4,,,,,,,1.272,0.901,1.797,0.956,0.916,0.901,,,,Wing,-0.04,,,0.19,0.92,Euroleague,2025-26,intl
O'Shae J Brissett,225,178,47,20,13,53.8,216,50.0,3.8,60,53.3,4.2,18,58.3,49.5,8.8,0,,0,,,,0.917,0.799,1.053,,,,,,,0.588,125,132,0.52,0.492,0.947,8,8,,,,,,,0.751,0.479,1.176,1.013,0.896,0.942,,,,,,,,,,Euroleague,2025-26,intl
Semi Ojeleye,224,196,28,13,7,78.6,201,52.7,25.8,63,52.4,-1.8,11,40.9,54.3,-13.4,0,,0,,,,1.083,0.963,1.218,,,,,,,0.538,118,121,0.508,0.421,0.829,3,3,,,,,,,0.946,0.607,1.473,1.079,0.974,1.089,,,,Wing,0.27,,,-0.18,-0.16,Euroleague,2025-26,intl
Devin Booker,223,184,39,12,5,60.0,210,53.3,6.7,43,62.8,11.6,18,41.7,54.6,-12.9,0,,0,,,,0.992,0.856,1.148,,,,,,,0.812,153,97,0.464,0.381,0.822,10,0,,,,,,,1.459,1.105,1.927,1.062,1.024,0.982,,,,Wing,-0.22,,,1.13,1.53,Euroleague,2025-26,intl
Jared Rhoden,223,168,55,16,7,35.7,226,54.6,-18.9,56,57.1,4.0,23,37.0,56.0,-19.0,0,,0,,,,1.025,0.919,1.144,,,,,,,0.859,139,124,0.561,0.419,0.747,13,4,,,,,,,1.036,0.743,1.446,0.975,1.056,1.049,,,,Wing,-0.04,,,1.36,0.13,Euroleague,2025-26,intl
Shaquille Harrison,222,194,28,13,10,50.0,177,48.6,1.4,43,51.2,3.2,33,42.4,50.0,-7.6,0,,0,,,,1.099,0.908,1.33,,,,,,,0.538,129,114,0.403,0.447,1.11,3,5,,,,,,,0.788,0.461,1.346,1.093,0.904,1.109,,,,Playmaker,0.35,,,-0.69,-0.6,Euroleague,2025-26,intl
Vladimir Lucic,222,197,25,12,8,50.0,175,54.6,-4.6,37,45.9,-10.6,26,25.0,59.2,-34.2,0,,0,,,,1.044,0.846,1.288,,,,,,,0.521,129,105,0.395,0.438,1.108,5,4,,,,,,,0.669,0.361,1.239,1.039,1.3,1.044,,,,Wing,0.06,,,-0.26,-1.08,Euroleague,2025-26,intl
Gabriel Deck,219,212,7,5,8,25.0,169,65.1,-40.1,54,47.2,-23.1,23,69.6,62.3,7.2,0,,0,,,,0.73,0.383,1.392,,,,,,,0.35,118,108,0.288,0.398,1.382,1,3,,,,,,,0.865,0.322,2.323,0.938,0.76,0.851,,,,Wing,-1.63,,,-1.08,-0.43,Euroleague,2025-26,intl
Mbaye Ndiaye,215,189,26,10,7,28.6,187,54.8,-26.2,43,46.5,-9.4,23,37.0,56.1,-19.2,0,,0,,,,1.019,0.854,1.215,,,,,,,0.65,127,104,0.425,0.404,0.95,5,3,,,,,,,0.86,0.532,1.391,1.092,0.793,1.043,,,,Wing,-0.07,,,0.36,-0.45,Euroleague,2025-26,intl
Dylan Osetkowski,215,182,33,16,13,84.6,188,51.1,33.6,46,55.4,2.9,25,54.0,53.1,0.9,0,,0,,,,1.016,0.867,1.19,,,,,,,0.516,135,103,0.437,0.524,1.2,5,3,,,,,,,0.98,0.637,1.509,0.966,1.092,0.989,,,,Wing,-0.09,,,-0.28,-0.05,Euroleague,2025-26,intl
Tyrique Jones,213,208,5,3,12,50.0,151,68.9,-18.9,45,73.3,8.1,19,57.9,68.8,-10.9,0,,0,,,,1.067,0.683,1.665,,,,,,,0.417,112,104,0.259,0.231,0.891,1,1,,,,,,,1.472,,,0.878,,1.067,,,,Big,0.19,,,-0.35,1.4,Euroleague,2025-26,intl
Markus Howard,211,159,52,16,10,65.0,197,52.0,13.0,61,48.4,-6.1,20,47.5,53.2,-5.7,0,,0,,,,1.068,0.928,1.229,,,,,,,0.812,132,124,0.462,0.508,1.099,7,7,,,,,,,1.008,0.679,1.495,1.015,0.941,1.052,,,,Playmaker,0.2,,,0.98,-0.06,Euroleague,2025-26,intl
Carlik Jones,210,175,35,12,16,46.9,161,50.0,-3.1,49,48.0,-2.4,35,44.3,51.1,-6.8,0,,0,,,,0.887,0.676,1.164,,,,,,,0.729,114,135,0.342,0.415,1.213,4,8,,,,,,,0.607,0.322,1.145,0.757,1.172,0.941,,,,Playmaker,-0.71,,,0.48,-1.05,Euroleague,2025-26,intl
Alec Peters,209,192,17,10,16,56.2,169,62.4,-6.2,68,60.3,-2.5,30,61.7,61.9,-0.3,0,,0,,,,1.033,0.82,1.302,,,,,,,0.425,121,106,0.364,0.425,1.167,3,2,,,,,,,0.502,0.217,1.163,1.154,1.098,1.086,,,,Wing,0.0,,,-0.72,-1.63,Euroleague,2025-26,intl
Amath M'Baye,208,186,22,14,10,55.0,181,52.8,2.2,41,58.5,7.2,10,50.0,53.0,-3.0,0,,0,,,,0.969,0.789,1.192,,,,,,,0.393,119,105,0.454,0.505,1.112,4,5,,,,,,,1.351,0.9,2.03,1.027,1.173,0.989,,,,Wing,-0.34,,,-0.87,1.18,Euroleague,2025-26,intl
Edgaras Ulanovas,207,195,12,7,7,78.6,144,51.7,26.8,40,70.0,23.2,22,72.7,49.6,23.1,0,,0,,,,0.949,0.63,1.43,,,,,,,0.429,101,114,0.436,0.351,0.805,3,3,,,,,,,0.815,0.327,2.032,0.933,0.952,0.985,,,,Wing,-0.45,,,-0.7,-0.6,Euroleague,2025-26,intl
Matteo Spagnolo,206,189,17,9,2,50.0,148,52.0,-2.0,35,30.0,-28.7,26,38.5,54.8,-16.4,0,,0,,,,0.794,0.502,1.257,,,,,,,0.472,108,116,0.259,0.44,1.696,3,5,,,,,,,0.862,0.407,1.823,0.99,0.995,0.886,,,,Wing,-1.29,,,-0.5,-0.44,Euroleague,2025-26,intl
Aleksa Avramovic,206,176,30,11,6,50.0,153,52.0,-2.0,43,54.7,3.8,22,22.7,56.6,-33.8,0,,0,,,,1.115,0.894,1.391,,,,,,,0.682,114,111,0.377,0.441,1.17,2,3,,,,,,,1.29,0.855,1.947,1.037,1.142,1.109,,,,Wing,0.44,,,0.51,0.97,Euroleague,2025-26,intl
Chuma Okeke,204,182,22,12,2,100.0,182,60.4,39.6,27,53.7,-8.4,27,46.3,63.4,-17.1,0,,0,,,,1.089,0.94,1.261,,,,,,,0.458,125,92,0.432,0.457,1.057,4,3,,,,,,,0.877,0.527,1.458,1.08,1.194,1.093,,,,Wing,0.3,,,-0.56,-0.39,Euroleague,2025-26,intl
Mouhamet Diouf,203,192,11,10,8,62.5,166,59.6,2.9,41,56.1,-4.8,25,44.0,62.4,-18.4,0,,0,,,,1.013,0.761,1.35,,,,,,,0.275,119,94,0.277,0.394,1.419,0,2,,,,,,,1.243,0.859,1.799,1.037,1.227,1.013,,,,,,,,,,Euroleague,2025-26,intl
Markquis Nowell,203,193,10,4,2,50.0,130,50.8,-0.8,30,50.0,-1.0,14,71.4,48.3,23.1,0,,0,,,,1.51,1.192,1.914,,,,,,,0.625,107,105,0.327,0.41,1.252,1,2,,,,,,,1.065,0.497,2.281,1.267,1.444,1.538,,,,Playmaker,2.42,,,-0.16,0.09,Euroleague,2025-26,intl
Joel Parra,203,199,4,9,7,28.6,168,55.4,-26.8,58,55.2,1.3,25,42.0,56.3,-14.3,0,,0,,,,0.91,0.515,1.608,,,,,,,0.111,91,121,0.451,0.405,0.899,1,3,,,,,,,1.317,0.583,2.974,0.861,1.214,0.91,,,,Wing,-0.66,,,-2.23,1.06,Euroleague,2025-26,intl
Davis Bertans,202,155,47,17,8,50.0,191,49.7,0.3,57,64.0,20.0,14,50.0,49.7,0.3,0,,0,,,,1.056,0.927,1.204,,,,,,,0.691,117,118,0.547,0.542,0.992,7,4,,,,,,,0.857,0.533,1.379,1.155,1.155,1.066,,,,Big,0.13,,,0.85,-0.43,Euroleague,2025-26,intl
Matthew Costello,201,183,18,9,6,33.3,170,62.1,-28.7,32,60.9,-0.2,14,60.7,61.1,-0.4,0,,0,,,,0.962,0.744,1.243,,,,,,,0.5,119,97,0.429,0.412,0.962,4,1,,,,,,,0.813,0.436,1.517,1.072,1.242,0.968,,,,,,,,,,Euroleague,2025-26,intl
Saben Lee,201,176,25,11,12,54.2,142,49.6,4.5,53,56.6,10.1,28,28.6,54.8,-26.2,0,,0,,,,0.989,0.743,1.318,,,,,,,0.568,126,96,0.341,0.438,1.282,4,3,,,,,,,0.859,0.473,1.562,1.129,0.826,0.928,,,,Playmaker,-0.2,,,-0.51,-0.43,Euroleague,2025-26,intl
Ignas Brazdeikis,201,166,35,15,4,25.0,189,42.9,-17.9,50,49.0,8.8,24,31.2,44.1,-12.8,0,,0,,,,1.084,0.961,1.223,,,,,,,0.583,123,101,0.569,0.515,0.905,7,4,,,,,,,0.875,0.52,1.473,1.032,1.115,1.07,,,,Wing,0.28,,,0.04,-0.4,Euroleague,2025-26,intl
Nemanja Nedovic,200,187,13,10,5,30.0,154,60.1,-30.1,54,54.6,-6.8,11,31.8,61.1,-29.3,0,,0,,,,1.155,0.902,1.479,,,,,,,0.325,112,99,0.393,0.414,1.054,1,4,,,,,,,0.903,0.463,1.761,0.974,1.349,1.17,,,,Wing,0.66,,,-1.2,-0.31,Euroleague,2025-26,intl
Bonzie Colson,199,174,25,15,5,90.0,188,61.2,28.8,48,59.4,-3.4,25,38.0,65.5,-27.5,0,,0,,,,1.021,0.873,1.194,,,,,,,0.417,116,104,0.431,0.462,1.071,5,5,,,,,,,1.023,0.679,1.541,1.041,1.034,1.048,,,,Wing,-0.06,,,-0.76,0.09,Euroleague,2025-26,intl
Ish Wainright,199,175,24,16,3,50.0,172,47.4,2.6,29,65.5,21.7,23,47.8,47.4,0.5,0,,0,,,,1.072,0.882,1.304,,,,,,,0.375,120,102,0.517,0.48,0.93,7,2,,,,,,,1.067,0.598,1.903,1.042,1.098,1.051,,,,Wing,0.21,,,-0.96,0.24,Euroleague,2025-26,intl
Johnathan Motley,198,191,7,5,9,83.3,165,66.4,17.0,49,71.4,5.8,18,63.9,67.6,-3.7,0,,0,,,,1.194,,,,,,,,,0.35,118,87,0.322,0.333,1.035,1,3,,,,,,,0.896,0.467,1.721,0.997,1.185,1.194,,,,Big,0.95,,,-0.64,-0.31,Euroleague,2025-26,intl
Eugene Omoruyi,197,153,44,13,5,60.0,170,48.5,11.5,41,46.3,-3.3,13,38.5,49.7,-11.2,0,,0,,,,1.043,0.887,1.227,,,,,,,0.846,108,113,0.481,0.425,0.882,7,4,,,,,,,1.218,0.841,1.764,1.003,1.147,0.999,,,,Wing,0.05,,,1.3,0.74,Euroleague,2025-26,intl
Bruno Fernando,197,185,12,7,5,80.0,173,62.7,17.3,26,55.8,-8.7,21,61.9,63.4,-1.5,0,,0,,,,0.757,0.505,1.133,,,,,,,0.429,121,85,0.322,0.318,0.986,2,1,,,,,,,1.358,1.021,1.807,0.957,,0.649,,,,Big,-1.64,,,-0.29,1.06,Euroleague,2025-26,intl
Wenyen Gabriel,196,176,20,8,5,60.0,172,55.8,4.2,42,54.8,-1.5,14,57.1,55.8,1.3,0,,0,,,,0.868,0.67,1.126,,,,,,,0.625,118,88,0.381,0.386,1.013,6,1,,,,,,,0.921,0.563,1.507,0.927,0.579,0.896,,,,Wing,-0.89,,,0.24,-0.25,Euroleague,2025-26,intl
Yakuba Ouattara,195,154,41,16,5,40.0,182,49.2,-9.2,42,44.0,-6.3,11,27.3,50.3,-23.0,0,,0,,,,1.043,0.901,1.209,,,,,,,0.641,118,106,0.475,0.557,1.173,8,7,,,,,,,0.969,0.614,1.529,1.103,1.046,1.054,,,,Wing,0.05,,,0.31,-0.09,Euroleague,2025-26,intl
Rolands Smits,194,183,11,8,10,80.0,166,55.4,24.6,36,61.1,5.4,29,70.7,54.1,16.6,0,,0,,,,1.166,,,,,,,,,0.344,110,92,0.436,0.435,0.996,3,0,,,,,,,1.249,0.779,2.003,1.112,1.156,1.166,,,,Big,0.78,,,-0.67,0.74,Euroleague,2025-26,intl
Karim Jallow,192,176,16,10,1,0.0,162,51.2,-51.2,17,61.8,12.1,26,34.6,54.0,-19.4,0,,0,,,,1.044,0.814,1.338,,,,,,,0.4,128,80,0.422,0.412,0.978,4,1,,,,,,,0.602,0.262,1.383,0.965,1.065,1.082,,,,Wing,0.06,,,-0.84,-1.3,Euroleague,2025-26,intl
Nicolas Laprovittola,192,171,21,8,8,25.0,117,56.8,-31.8,39,47.4,-10.7,17,52.9,55.1,-2.2,0,,0,,,,0.997,0.674,1.476,,,,,,,0.656,103,108,0.291,0.389,1.335,4,4,,,,,,,0.907,0.449,1.833,1.303,1.022,1.008,,,,Playmaker,-0.16,,,0.03,-0.31,Euroleague,2025-26,intl
Sehmus Hazer,190,173,17,7,16,59.4,148,44.9,14.4,59,45.8,-0.9,30,43.3,47.0,-3.7,0,,0,,,,0.772,0.54,1.103,,,,,,,0.607,85,113,0.482,0.496,1.027,2,4,,,,,,,0.85,0.381,1.901,1.075,0.604,0.795,,,,Wing,-1.41,,,0.15,-0.48,Euroleague,2025-26,intl
Alberto Abalde,188,176,12,9,2,0.0,141,58.9,-58.9,18,52.8,-6.0,22,38.6,61.6,-22.9,0,,0,,,,0.931,0.618,1.404,,,,,,,0.333,105,92,0.41,0.37,0.902,1,3,,,,,,,0.75,0.301,1.866,0.816,1.388,0.931,,,,Wing,-0.55,,,-1.16,-0.81,Euroleague,2025-26,intl
Dzanan Musa,187,153,34,11,4,62.5,172,54.1,8.4,49,34.7,-27.1,19,28.9,57.3,-28.4,0,,0,,,,1.009,0.82,1.24,,,,,,,0.773,113,117,0.381,0.436,1.145,6,4,,,,,,,0.818,0.505,1.325,1.061,0.924,1.05,,,,Wing,-0.13,,,0.95,-0.59,Euroleague,2025-26,intl
Alessandro Pajola,186,182,4,3,4,37.5,84,44.6,-7.1,13,46.2,2.2,14,46.4,43.9,2.5,0,,0,,,,1.645,0.914,2.96,,,,,,,0.333,94,95,0.298,0.305,1.025,0,0,,,,,,,1.908,0.814,4.474,0.669,,1.645,,,,Wing,3.3,,,-1.16,3.02,Euroleague,2025-26,intl
Kevarrius Hayes,184,174,10,4,2,100.0,167,60.5,39.5,38,65.8,6.2,15,53.3,61.7,-8.4,0,,0,,,,1.03,0.832,1.276,,,,,,,0.625,106,87,0.349,0.333,0.955,2,2,,,,,,,1.045,0.648,1.684,1.11,1.141,0.981,,,,Big,-0.03,,,0.56,0.13,Euroleague,2025-26,intl
Alen Smailagic,184,156,28,14,2,50.0,169,55.9,-5.9,34,48.5,-9.1,21,50.0,56.7,-6.7,0,,0,,,,0.971,0.807,1.168,,,,,,,0.5,118,82,0.424,0.488,1.151,6,5,,,,,,,0.902,0.572,1.423,1.033,1.107,0.985,,,,Big,-0.38,,,0.02,-0.29,Euroleague,2025-26,intl
Shake Milton,180,158,22,8,7,14.3,127,48.4,-34.1,35,34.3,-16.7,19,44.7,47.0,-2.2,0,,0,,,,0.857,0.596,1.231,,,,,,,0.688,100,94,0.37,0.415,1.121,3,3,,,,,,,0.671,0.289,1.555,0.942,0.802,0.869,,,,Playmaker,-0.86,,,0.23,-0.89,Euroleague,2025-26,intl
Sergio Llull,176,161,15,11,3,0.0,132,39.8,-39.8,42,34.5,-6.3,19,31.6,40.1,-8.5,0,,0,,,,1.391,1.17,1.654,,,,,,,0.341,112,77,0.455,0.571,1.255,3,3,,,,,,,1.403,0.719,2.736,1.107,,1.403,,,,Wing,1.93,,,-1.12,1.35,Euroleague,2025-26,intl
Rodions Kurucs,176,149,27,9,6,50.0,150,54.7,-4.7,28,51.8,-3.3,16,75.0,52.1,22.9,0,,0,,,,0.943,0.743,1.197,,,,,,,0.75,123,73,0.415,0.438,1.057,8,3,,,,,,,0.767,0.436,1.349,1.049,1.003,0.982,,,,Wing,-0.48,,,0.84,-0.76,Euroleague,2025-26,intl
Bastien Vautier,173,163,10,6,11,54.5,143,51.7,2.8,28,53.6,2.0,14,50.0,52.1,-2.1,0,,0,,,,0.945,0.688,1.297,,,,,,,0.417,95,86,0.432,0.384,0.889,2,1,,,,,,,0.69,0.278,1.71,0.991,1.185,0.984,,,,Big,-0.53,,,-0.35,-0.92,Euroleague,2025-26,intl
Melvin Ajinca,173,134,39,16,2,125.0,180,44.7,80.3,52,63.5,25.0,24,27.1,48.4,-21.3,0,,0,,,,1.034,0.946,1.13,,,,,,,0.609,96,99,0.604,0.596,0.986,7,6,,,,,,,0.931,0.585,1.482,1.076,1.03,1.038,,,,Wing,0.01,,,0.16,-0.21,Euroleague,2025-26,intl
Justin Anderson,171,153,18,10,10,80.0,138,57.2,22.8,45,54.4,-6.2,33,50.0,61.3,-11.3,0,,0,,,,0.992,0.764,1.287,,,,,,,0.45,90,96,0.422,0.427,1.012,3,4,,,,,,,1.017,0.584,1.771,1.042,1.266,1.001,,,,Wing,-0.22,,,-0.6,0.07,Euroleague,2025-26,intl
Iffe Lundberg,170,144,26,11,13,26.9,122,54.1,-27.2,31,19.4,-41.7,9,38.9,52.4,-13.5,0,,0,,,,1.237,0.991,1.545,,,,,,,0.591,100,90,0.3,0.522,1.741,2,8,,,,,,,0.653,0.345,1.234,1.061,1.069,1.285,,,,,,,,,,Euroleague,2025-26,intl
Braian Angola,170,138,32,8,16,75.0,129,48.1,26.9,49,65.3,21.6,29,36.2,54.7,-18.5,0,,0,,,,1.252,1.036,1.512,,,,,,,1.0,95,106,0.463,0.368,0.794,7,3,,,,,,,0.939,0.585,1.508,1.119,1.133,1.187,,,,Wing,1.18,,,2.04,-0.19,Euroleague,2025-26,intl
Oscar Da Silva,170,153,17,6,2,100.0,149,60.1,39.9,26,73.1,15.1,19,36.8,64.0,-27.2,0,,0,,,,0.921,0.701,1.211,,,,,,,0.708,104,77,0.385,0.273,0.709,1,2,,,,,,,1.002,0.638,1.573,0.886,1.211,0.964,,,,Wing,-0.6,,,0.64,0.02,Euroleague,2025-26,intl
Neno Dimitrijevic,170,158,12,6,7,57.1,108,58.3,-1.2,37,68.9,15.7,18,22.2,64.9,-42.7,0,,0,,,,1.234,0.87,1.751,,,,,,,0.5,84,98,0.321,0.296,0.921,3,3,,,,,,,0.604,0.236,1.548,1.352,1.593,1.232,,,,,,,,,,Euroleague,2025-26,intl
Braxton Key,170,139,31,13,7,57.1,150,48.7,8.5,38,40.8,-10.9,6,16.7,50.3,-33.7,0,,0,,,,0.928,0.756,1.138,,,,,,,0.596,89,101,0.427,0.475,1.113,3,2,,,,,,,1.122,0.742,1.696,0.97,1.222,0.907,,,,Wing,-0.57,,,0.1,0.42,Euroleague,2025-26,intl
Jeremy Morgan,169,157,12,7,5,30.0,128,60.2,-30.2,32,51.6,-9.8,7,42.9,59.9,-17.1,0,,0,,,,1.128,0.861,1.477,,,,,,,0.429,93,85,0.452,0.388,0.86,4,1,,,,,,,0.875,0.399,1.919,0.943,0.96,0.971,,,,Wing,0.51,,,-0.7,-0.4,Euroleague,2025-26,intl
Arnas Butkevicius,169,166,3,5,4,62.5,124,71.0,-8.5,35,68.6,-2.9,11,59.1,71.8,-12.7,0,,0,,,,0.454,0.091,2.253,,,,,,,0.15,85,89,0.341,0.315,0.922,1,0,,,,,,,1.743,,,0.9,,0.454,,,,Wing,-3.12,,,-2.04,2.47,Euroleague,2025-26,intl
Lamar Stevens,167,140,27,10,4,25.0,167,52.7,-27.7,35,50.0,-2.6,14,50.0,52.2,-2.2,0,,0,,,,1.07,0.976,1.173,,,,,,,0.675,99,89,0.495,0.483,0.976,6,2,,,,,,,1.192,0.819,1.734,0.989,0.943,1.02,,,,Wing,0.2,,,0.48,0.65,Euroleague,2025-26,intl
Marcio Santos,165,160,5,9,3,83.3,149,56.7,26.6,32,46.9,-13.1,10,30.0,59.2,-29.2,0,,0,,,,1.159,,,,,,,,,0.139,100,74,0.39,0.514,1.317,0,4,,,,,,,0.756,0.256,2.238,0.929,1.149,1.159,,,,Wing,0.68,,,-2.09,-0.79,Euroleague,2025-26,intl
Stefan Jovic,165,156,9,4,1,150.0,79,55.7,94.3,11,90.9,39.5,15,46.7,59.2,-12.6,0,,0,,,,0.963,0.455,2.038,,,,,,,0.562,86,83,0.267,0.205,0.766,1,2,,,,,,,1.459,0.794,2.683,1.54,,0.963,,,,Playmaker,-0.33,,,-0.54,1.06,Euroleague,2025-26,intl
Allan Dokossi,165,164,1,1,2,100.0,104,71.2,28.8,22,86.4,18.5,4,50.0,72.5,-22.5,0,,0,,,,1.577,,,,,,,,,0.25,85,81,0.259,0.099,0.382,0,0,,,,,,,,,,1.49,,1.577,,,,,,,,,,Euroleague,2025-26,intl
Nigel Hayes-Davis,163,126,37,12,21,57.1,150,49.7,7.5,56,57.1,9.8,36,44.4,52.2,-7.8,0,,0,,,,0.982,0.825,1.17,,,,,,,0.771,82,122,0.476,0.484,1.017,3,10,,,,,,,1.011,0.654,1.563,0.823,0.928,0.999,,,,Wing,-0.27,,,0.94,0.05,Euroleague,2025-26,intl
Tj Leaf,163,156,7,3,3,66.7,139,62.9,3.7,36,68.1,6.7,14,78.6,61.3,17.2,0,,0,,,,0.832,0.518,1.334,,,,,,,0.583,81,86,0.346,0.314,0.908,1,1,,,,,,,0.638,0.216,1.882,1.002,1.18,0.728,,,,Big,-1.2,,,0.38,-1.08,Euroleague,2025-26,intl
Josep Puerto,162,146,16,8,3,83.3,150,57.3,26.0,22,45.5,-14.5,19,47.4,59.3,-12.0,0,,0,,,,1.069,0.929,1.23,,,,,,,0.5,103,69,0.476,0.507,1.066,6,2,,,,,,,0.839,0.44,1.601,0.947,1.135,1.077,,,,Wing,0.19,,,-0.36,-0.52,Euroleague,2025-26,intl
Armel Traore,162,151,11,7,6,108.3,147,61.2,47.1,37,66.2,4.1,24,45.8,66.3,-20.4,0,,0,,,,1.009,0.831,1.226,,,,,,,0.393,91,78,0.374,0.423,1.132,1,2,,,,,,,0.492,0.189,1.279,0.953,,1.009,,,,Wing,-0.13,,,-0.87,-1.67,Euroleague,2025-26,intl
Neal Sako,159,153,6,3,3,66.7,134,58.2,8.5,28,64.3,7.4,7,28.6,60.0,-31.4,0,,0,,,,1.195,,,,,,,,,0.5,95,68,0.347,0.353,1.016,2,1,,,,,,,0.27,0.045,1.625,1.02,1.198,1.195,,,,Big,0.95,,,0.02,-2.17,Euroleague,2025-26,intl
David Lighty,158,154,4,6,2,50.0,126,49.6,0.4,17,50.0,0.5,20,37.5,51.9,-14.4,0,,0,,,,1.305,,,,,,,,,0.167,89,75,0.472,0.44,0.932,2,2,,,,,,,1.157,0.425,3.15,1.111,1.288,1.305,,,,Wing,1.47,,,-1.96,0.53,Euroleague,2025-26,intl
Willy Hernangomez,155,144,11,10,1,0.0,146,51.7,-51.7,28,50.0,-1.7,17,29.4,54.2,-24.8,0,,0,,,,1.143,,,,,,,,,0.275,107,58,0.383,0.534,1.395,5,4,,,,,,,0.323,0.091,1.141,1.123,1.132,1.143,,,,Big,0.64,,,-0.97,-2.01,Euroleague,2025-26,intl
Mikael Jantunen,152,135,17,9,7,50.0,135,50.4,-0.4,32,56.2,7.6,20,62.5,48.4,14.1,0,,0,,,,1.036,0.859,1.249,,,,,,,0.472,86,78,0.547,0.487,0.891,3,3,,,,,,,0.782,0.371,1.65,1.003,0.924,1.05,,,,Wing,0.02,,,-0.5,-0.71,Euroleague,2025-26,intl
Sergio De Larrea,152,146,6,4,3,50.0,88,51.7,-1.7,18,66.7,18.7,7,35.7,53.0,-17.3,0,,0,,,,0.286,0.048,1.722,,,,,,,0.375,91,66,0.374,0.273,0.73,1,1,,,,,,,2.237,,,0.962,,0.491,,,,Playmaker,-3.72,,,-1.68,3.0,Euroleague,2025-26,intl
Giampaolo Ricci,152,145,7,5,2,0.0,132,63.6,-63.6,45,46.7,-24.1,15,70.0,61.8,8.2,0,,0,,,,0.849,0.529,1.364,,,,,,,0.35,74,85,0.446,0.435,0.976,1,1,,,,,,,0.827,0.278,2.458,0.892,,0.924,,,,Wing,-0.99,,,-1.08,-0.56,Euroleague,2025-26,intl
Derek Willis,152,136,16,8,5,70.0,120,54.6,15.4,21,42.9,-14.8,11,40.9,56.6,-15.7,0,,0,,,,1.144,0.93,1.408,,,,,,,0.5,83,77,0.41,0.442,1.078,2,1,,,,,,,0.874,0.463,1.65,0.957,1.299,1.144,,,,Wing,0.6,,,-0.36,-0.4,Euroleague,2025-26,intl
Nikolaos Rogkavopoulos,152,143,9,9,11,54.5,135,56.3,-1.8,48,61.5,7.9,19,39.5,58.7,-19.2,0,,0,,,,0.985,0.777,1.249,,,,,,,0.25,77,85,0.519,0.435,0.838,1,3,,,,,,,1.821,1.325,2.501,1.127,,0.887,,,,,,,,,,Euroleague,2025-26,intl
Usman Garuba,151,143,8,5,1,0.0,135,65.6,-65.6,46,59.8,-8.0,17,64.7,65.1,-0.4,0,,0,,,,1.017,0.776,1.333,,,,,,,0.4,75,82,0.293,0.329,1.123,0,0,,,,,,,1.085,0.667,1.763,1.085,1.157,1.033,,,,Wing,-0.09,,,-0.84,0.3,Euroleague,2025-26,intl
Jeffrey Dowtin Jr,149,118,31,10,2,0.0,125,51.2,-51.2,48,55.2,7.7,25,56.0,49.0,7.0,0,,0,,,,0.974,0.758,1.251,,,,,,,0.775,75,98,0.48,0.388,0.808,3,3,,,,,,,1.002,0.6,1.675,0.981,1.125,0.999,,,,,,,,,,Euroleague,2025-26,intl
Donta Hall,149,146,3,1,1,100.0,129,76.7,23.3,45,86.7,14.9,7,28.6,79.7,-51.1,0,,0,,,,1.15,,,,,,,,,0.75,78,72,0.256,0.139,0.542,0,0,,,,,,,0.864,0.386,1.934,1.099,1.157,1.15,,,,Big,0.68,,,1.11,-0.4,Euroleague,2025-26,intl
Josh Nebo,148,130,18,8,2,100.0,143,67.1,32.9,34,61.8,-7.6,15,33.3,71.5,-38.2,0,,0,,,,1.121,,,,,,,,,0.562,83,76,0.277,0.316,1.14,2,3,,,,,,,1.009,0.741,1.374,1.143,1.098,1.122,,,,Big,0.51,,,0.29,0.03,Euroleague,2025-26,intl
David Mccormack,148,142,6,5,6,50.0,127,59.8,-9.8,24,75.0,19.0,14,28.6,63.0,-34.5,0,,0,,,,0.763,0.432,1.349,,,,,,,0.3,80,73,0.4,0.301,0.753,1,1,,,,,,,1.224,0.683,2.192,0.876,,0.763,,,,Big,-1.61,,,-0.86,0.66,Euroleague,2025-26,intl
Shane Larkin,148,120,28,8,13,34.6,117,60.3,-25.6,39,56.4,-1.8,15,46.7,59.1,-12.5,0,,0,,,,1.173,0.952,1.446,,,,,,,0.875,91,89,0.374,0.393,1.053,6,4,,,,,,,1.158,0.761,1.763,0.929,1.402,1.211,,,,Playmaker,0.72,,,1.37,0.32,Euroleague,2025-26,intl
Ebuka Izundu,147,141,6,3,7,71.4,136,69.9,1.6,47,70.2,0.4,12,41.7,72.5,-30.9,0,,0,,,,1.068,,,,,,,,,0.5,69,83,0.333,0.241,0.723,2,1,,,,,,,0.936,0.526,1.666,0.977,,1.068,,,,Big,0.2,,,0.02,-0.19,Euroleague,2025-26,intl
Bodian Massa,147,134,13,9,2,50.0,133,50.0,0.0,21,33.3,-19.7,17,58.8,48.7,10.1,0,,0,,,,1.104,0.928,1.314,,,,,,,0.361,92,67,0.348,0.537,1.545,1,2,,,,,,,0.949,0.525,1.716,1.141,1.188,1.037,,,,Big,0.41,,,-0.59,-0.15,Euroleague,2025-26,intl
Kostas Papanikolaou,143,126,17,7,0,,102,50.0,,9,44.4,-6.1,13,23.1,53.9,-30.9,0,,0,,,,0.893,0.588,1.355,,,,,,,0.607,74,78,0.351,0.5,1.423,1,4,,,,,,,0.474,0.134,1.68,1.118,0.747,0.959,,,,Wing,-0.75,,,0.15,-1.73,Euroleague,2025-26,intl
Kenneth Faried,137,124,13,7,2,50.0,132,61.4,-11.4,31,61.3,0.1,8,37.5,62.7,-25.2,0,,0,,,,0.912,0.72,1.156,,,,,,,0.464,83,62,0.325,0.403,1.24,1,0,,,,,,,1.146,0.778,1.688,1.105,0.718,0.924,,,,Wing,-0.65,,,-0.53,0.5,Euroleague,2025-26,intl
Justus Hollatz,135,134,1,2,2,75.0,60,52.5,22.5,14,53.6,0.4,8,18.8,58.3,-39.6,0,,0,,,,2.271,,,,,,,,,0.125,84,53,0.238,0.302,1.268,0,0,,,,,,,2.36,,,1.525,,2.271,,,,Wing,6.67,,,-2.16,4.52,Euroleague,2025-26,intl
Niels Giffey,133,121,12,6,3,0.0,112,54.9,-54.9,25,48.0,-7.0,14,46.4,54.5,-8.0,0,,0,,,,0.907,0.648,1.271,,,,,,,0.5,79,60,0.468,0.433,0.925,4,1,,,,,,,1.182,0.636,2.198,1.059,0.399,0.907,,,,Wing,-0.68,,,-0.36,0.62,Euroleague,2025-26,intl
Konstantinos Mitoglou,131,110,21,11,1,100.0,126,47.6,52.4,24,52.1,5.0,10,30.0,49.6,-19.6,0,,0,,,,0.982,0.813,1.186,,,,,,,0.477,71,73,0.493,0.493,1.0,1,4,,,,,,,0.778,0.421,1.435,1.153,0.903,0.996,,,,,,,,,,Euroleague,2025-26,intl
Yago Dos Santos,129,124,5,6,0,,81,30.2,,19,28.9,-1.7,10,20.0,31.7,-11.7,0,,0,,,,1.048,0.504,2.178,,,,,,,0.208,84,54,0.452,0.444,0.982,2,2,,,,,,,1.315,0.253,6.842,0.969,0.84,1.004,,,,Playmaker,0.1,,,-2.7,0.71,Euroleague,2025-26,intl
Hamidou Diallo,128,110,18,6,8,81.2,109,46.8,34.5,34,57.4,11.6,8,37.5,50.0,-12.5,0,,0,,,,1.03,0.822,1.291,,,,,,,0.75,65,77,0.508,0.364,0.716,3,3,,,,,,,0.966,0.54,1.729,0.961,0.865,1.131,,,,Wing,-0.02,,,0.84,-0.1,Euroleague,2025-26,intl
Clement Frisch,128,125,3,4,3,83.3,111,66.2,17.1,31,59.7,-9.6,11,68.2,66.5,1.7,0,,0,,,,1.168,,,,,,,,,0.188,64,68,0.375,0.412,1.098,1,1,,,,,,,1.845,,,1.09,,1.168,,,,Wing,0.73,,,-1.86,2.81,Euroleague,2025-26,intl
Myles Cale,124,121,3,4,0,,104,47.1,,27,46.3,-1.1,13,11.5,52.2,-40.7,0,,0,,,,1.247,,,,,,,,,0.188,73,55,0.438,0.564,1.286,0,2,,,,,,,0.808,0.16,4.076,1.082,1.235,1.247,,,,Wing,1.15,,,-1.86,-0.62,Euroleague,2025-26,intl
Edwin Jackson,124,100,24,9,1,150.0,120,50.0,100.0,25,60.0,11.6,28,48.2,51.6,-3.4,0,,0,,,,0.904,0.706,1.157,,,,,,,0.667,82,63,0.512,0.476,0.93,5,2,,,,,,,0.897,0.478,1.682,1.059,0.731,0.943,,,,Playmaker,-0.62,,,0.1,-0.33,Euroleague,2025-26,intl
Miles Norris,124,115,9,5,1,0.0,115,59.6,-59.6,22,77.3,22.5,15,26.7,63.9,-37.2,0,,0,,,,1.127,,,,,,,,,0.45,77,52,0.519,0.404,0.777,1,1,,,,,,,1.447,0.871,2.403,1.048,1.115,1.127,,,,Big,0.55,,,-0.2,1.33,Euroleague,2025-26,intl
Leopold Cavaliere,122,119,3,4,4,50.0,95,52.1,-2.1,14,57.1,6.0,4,0.0,54.2,-54.2,0,,0,,,,0.418,0.084,2.074,,,,,,,0.188,76,50,0.355,0.48,1.351,0,1,,,,,,,,,,0.633,,0.418,,,,Wing,-3.31,,,-1.86,,Euroleague,2025-26,intl
Niccolo Mannion,122,115,7,8,0,,92,47.8,,24,33.3,-19.6,14,17.9,53.2,-35.3,0,,0,,,,0.821,0.428,1.578,,,,,,,0.219,81,49,0.333,0.592,1.776,0,2,,,,,,,0.571,0.103,3.177,1.174,,0.821,,,,,,,,,,Euroleague,2025-26,intl
Mouhamed Faye,121,112,9,3,5,80.0,110,64.5,15.5,21,61.9,-4.1,6,16.7,67.9,-51.2,0,,0,,,,1.087,,,,,,,,,0.75,63,61,0.317,0.328,1.033,2,1,,,,,,,1.196,0.82,1.743,1.105,1.081,1.087,,,,Big,0.31,,,1.11,0.58,Euroleague,2025-26,intl
Frank Ntilikina,118,101,17,8,4,25.0,93,48.9,-23.9,22,47.7,-0.3,20,62.5,44.2,18.3,0,,0,,,,0.792,0.524,1.198,,,,,,,0.531,66,64,0.485,0.438,0.902,1,2,,,,,,,1.25,0.634,2.465,1.157,1.355,0.875,,,,Wing,-1.3,,,-0.21,0.84,Euroleague,2025-26,intl
Rodrigue Beaubois,118,108,10,4,6,50.0,87,55.7,-5.7,23,56.5,1.5,12,100.0,48.8,51.2,0,,0,,,,1.067,0.768,1.481,,,,,,,0.625,59,63,0.339,0.46,1.358,1,1,,,,,,,0.741,0.295,1.859,0.991,1.326,1.067,,,,Playmaker,0.19,,,-0.16,-0.72,Euroleague,2025-26,intl
Daniel Hackett,118,112,6,5,4,25.0,84,54.2,-29.2,26,51.9,-1.3,20,42.5,55.9,-13.4,0,,0,,,,0.97,0.543,1.731,,,,,,,0.3,69,56,0.377,0.464,1.232,1,2,,,,,,,1.863,0.994,3.49,1.233,,1.091,,,,Playmaker,-0.29,,,-2.14,2.07,Euroleague,2025-26,intl
Donatas Motiejunas,117,112,5,3,0,,104,62.0,,2,0.0,-63.2,16,50.0,64.2,-14.2,0,,0,,,,1.179,,,,,,,,,0.417,88,33,0.352,0.333,0.946,2,0,,,,,,,0.633,0.214,1.873,1.184,1.173,1.179,,,,Big,0.86,,,-0.35,-1.09,Euroleague,2025-26,intl
Shaquielle Mckissic,116,109,7,5,3,33.3,78,51.9,-18.6,20,45.0,-8.3,11,13.6,57.1,-43.5,0,,0,,,,1.335,0.956,1.863,,,,,,,0.35,80,41,0.325,0.439,1.351,2,1,,,,,,,0.667,0.21,2.117,1.199,1.533,1.335,,,,Wing,1.63,,,-1.08,-1.09,Euroleague,2025-26,intl
Cameron Payne,115,91,24,8,5,50.0,92,51.1,-1.1,30,60.0,13.0,5,0.0,53.8,-53.8,0,,0,,,,1.264,1.002,1.594,,,,,,,0.75,66,71,0.394,0.451,1.144,3,5,,,,,,,0.857,0.47,1.563,1.115,1.062,1.232,,,,Playmaker,1.18,,,0.6,-0.43,Euroleague,2025-26,intl
Laurynas Birutis,115,114,1,1,0,,104,69.2,,16,68.8,-0.6,8,62.5,69.8,-7.3,0,,0,,,,1.118,,,,,,,,,0.25,74,42,0.311,0.214,0.689,0,0,,,,,,,1.437,,,1.12,,1.118,,,,Big,0.5,,,-1.08,1.3,Euroleague,2025-26,intl
Deividas Sirvydis,114,96,18,9,0,,108,46.3,,24,33.3,-16.7,14,57.1,44.7,12.5,0,,0,,,,0.988,0.79,1.235,,,,,,,0.5,75,51,0.533,0.569,1.066,2,3,,,,,,,1.013,0.515,1.99,1.06,1.186,1.016,,,,Wing,-0.24,,,-0.36,0.06,Euroleague,2025-26,intl
Khem Birch,113,113,0,2,5,80.0,90,62.2,17.8,17,70.6,9.0,10,70.0,62.4,7.6,0,,0,,,,,,,,,,,,,0.0,67,48,0.284,0.333,1.175,1,0,,,,,,,,,,1.094,,,,,,Big,,,,-2.17,,Euroleague,2025-26,intl
Johannes Voigtmann,111,106,5,3,4,50.0,68,55.1,-5.1,14,67.9,16.1,9,55.6,54.8,0.8,0,,0,,,,1.305,0.821,2.074,,,,,,,0.417,59,55,0.322,0.382,1.186,1,1,,,,,,,0.524,0.094,2.917,1.029,1.069,1.305,,,,Big,1.6,,,-0.35,-1.41,Euroleague,2025-26,intl
Brandon Boston Jr.,109,92,17,8,2,125.0,108,50.9,74.1,30,66.7,19.8,15,53.3,52.1,1.2,0,,0,,,,1.019,0.892,1.163,,,,,,,0.531,62,56,0.565,0.446,0.791,3,2,,,,,,,1.062,0.62,1.822,0.964,1.079,1.022,,,,Wing,-0.07,,,-0.21,0.22,Euroleague,2025-26,intl
Jabari Parker,109,88,21,9,3,50.0,107,44.4,5.6,13,61.5,19.3,12,50.0,43.9,6.1,0,,0,,,,1.158,,,,,,,,,0.583,79,43,0.633,0.395,0.625,8,1,,,,,,,0.905,0.494,1.658,0.968,1.138,1.162,,,,Wing,0.67,,,0.04,-0.3,Euroleague,2025-26,intl
Juani Marcos,106,97,9,4,0,,71,43.7,,22,43.2,-0.7,13,15.4,50.0,-34.6,0,,0,,,,0.695,0.33,1.466,,,,,,,0.562,62,50,0.403,0.46,1.141,0,2,,,,,,,2.325,1.189,4.548,0.855,1.612,0.711,,,,Playmaker,-1.67,,,-0.54,3.22,Euroleague,2025-26,intl
Spencer Dinwiddie,105,81,24,6,10,40.0,85,48.2,-8.2,33,43.9,-5.3,11,18.2,51.2,-33.0,0,,0,,,,1.168,0.881,1.55,,,,,,,1.0,64,68,0.375,0.5,1.333,3,4,,,,,,,1.238,0.702,2.185,1.086,1.132,1.22,,,,Wing,0.73,,,2.04,0.8,Euroleague,2025-26,intl
Vanja Marinkovic,104,79,25,10,4,37.5,97,49.5,-12.0,26,48.1,-1.3,15,10.0,55.8,-45.8,0,,0,,,,1.069,0.924,1.236,,,,,,,0.625,57,59,0.579,0.508,0.878,3,3,,,,,,,1.095,0.632,1.899,0.95,1.062,1.037,,,,Wing,0.19,,,0.24,0.33,Euroleague,2025-26,intl
Klemen Prepelic,103,98,5,5,1,150.0,69,48.6,101.4,19,42.1,-10.8,9,33.3,52.5,-19.1,0,,0,,,,0.653,0.221,1.934,,,,,,,0.25,57,55,0.333,0.455,1.364,1,1,,,,,,,1.25,0.302,5.172,1.064,,0.933,,,,Wing,-2.05,,,-1.56,0.84,Euroleague,2025-26,intl
Cole Swider,103,97,6,5,1,150.0,101,68.8,81.2,31,88.7,27.4,16,59.4,71.5,-12.1,0,,0,,,,1.066,,,,,,,,,0.3,55,53,0.509,0.415,0.815,1,1,,,,,,,1.291,0.709,2.351,1.077,1.061,1.066,,,,Wing,0.18,,,-1.32,0.98,Euroleague,2025-26,intl
Aleksej Pokusevski,103,95,8,8,5,20.0,93,51.1,-31.1,26,55.8,8.5,18,41.7,51.2,-9.6,0,,0,,,,0.848,0.565,1.274,,,,,,,0.25,55,56,0.527,0.5,0.948,1,4,,,,,,,1.135,0.492,2.618,1.19,,0.848,,,,Big,-1.1,,,-1.08,0.4,Euroleague,2025-26,intl
Awudu Abass,103,97,6,3,1,0.0,86,52.3,-52.3,18,52.8,1.3,13,57.7,50.7,7.0,0,,0,,,,0.798,0.45,1.415,,,,,,,0.5,60,46,0.45,0.5,1.111,1,0,,,,,,,,,,1.109,0.602,0.798,,,,Wing,-1.27,,,-0.36,,Euroleague,2025-26,intl
Tonye Jekiri,102,96,6,5,4,50.0,84,54.8,-4.8,27,48.1,-9.2,10,70.0,52.6,17.4,0,,0,,,,1.026,0.708,1.486,,,,,,,0.3,44,63,0.318,0.413,1.297,1,3,,,,,,,1.04,0.496,2.181,0.976,,1.026,,,,Big,-0.05,,,-0.86,0.12,Euroleague,2025-26,intl
Gytis Radzevicius,102,100,2,5,3,50.0,88,58.5,-8.5,22,47.7,-13.9,6,41.7,59.4,-17.7,0,,0,,,,1.19,,,,,,,,,0.1,65,42,0.354,0.524,1.48,1,0,,,,,,,0.933,0.23,3.785,0.806,,1.19,,,,Wing,0.85,,,-2.28,-0.21,Euroleague,2025-26,intl
Juhann Begarin,101,91,10,8,3,116.7,91,44.5,72.2,42,52.4,10.1,9,27.8,48.8,-21.0,0,,0,,,,0.806,0.533,1.219,,,,,,,0.312,42,67,0.524,0.507,0.969,2,4,,,,,,,0.627,0.19,2.073,1.034,0.568,0.806,,,,Wing,-1.22,,,-1.26,-1.22,Euroleague,2025-26,intl
John Dibartolomeo,99,94,5,6,3,33.3,79,55.7,-22.4,33,47.0,-13.2,9,44.4,56.2,-11.7,0,,0,,,,1.324,,,,,,,,,0.208,49,56,0.429,0.518,1.208,0,1,,,,,,,2.029,1.201,3.428,1.321,,1.324,,,,Playmaker,1.48,,,-2.7,2.48,Euroleague,2025-26,intl
Aliou Diarra,99,96,3,1,1,0.0,79,69.6,-69.6,18,55.6,-17.0,8,62.5,69.4,-6.9,0,,0,,,,0.41,0.083,2.038,,,,,,,0.75,52,48,0.25,0.25,1.0,0,0,,,,,,,1.444,,,0.892,,0.41,,,,Big,-3.7,,,1.11,1.32,Euroleague,2025-26,intl
Kenan Kamenjas,99,98,1,1,2,50.0,80,55.0,-5.0,26,57.7,4.1,7,28.6,57.3,-28.8,0,,0,,,,1.225,,,,,,,,,0.25,53,47,0.396,0.34,0.859,0,0,,,,,,,1.818,,,1.108,,1.225,,,,Big,1.13,,,-1.08,2.43,Euroleague,2025-26,intl
Richaun Holmes,98,98,0,0,2,50.0,88,64.8,-14.8,9,88.9,27.2,5,40.0,65.9,-25.9,0,,0,,,,,,,,,,,,,,62,36,0.403,0.194,0.482,0,0,,,,,,,,,,1.106,,,,,,Wing,,,,,,Euroleague,2025-26,intl
Ognjen Dobric,97,88,9,6,2,0.0,95,61.1,-61.1,22,54.5,-6.8,14,46.4,62.0,-15.6,0,,0,,,,1.073,,,,,,,,,0.375,51,52,0.451,0.577,1.279,1,2,,,,,,,1.199,0.639,2.249,1.024,1.065,1.073,,,,Wing,0.22,,,-0.96,0.67,Euroleague,2025-26,intl
Vincent Poirier,95,83,12,3,4,50.0,80,52.5,-2.5,6,50.0,-2.6,11,54.5,52.1,2.5,0,,0,,,,0.758,0.504,1.14,,,,,,,1.0,57,42,0.456,0.333,0.731,3,0,,,,,,,0.913,0.443,1.881,0.795,0.659,0.7,,,,Big,-1.64,,,2.21,-0.26,Euroleague,2025-26,intl
Paul Eboua,94,79,15,8,3,33.3,92,58.2,-24.8,21,73.8,21.1,11,59.1,57.1,1.9,0,,0,,,,1.01,0.87,1.173,,,,,,,0.469,56,46,0.5,0.478,0.957,3,1,,,,,,,1.159,0.696,1.929,1.083,0.802,1.01,,,,Wing,-0.12,,,-0.51,0.54,Euroleague,2025-26,intl
William Rayman,93,93,0,4,1,0.0,85,48.8,-48.8,23,43.5,-6.5,12,8.3,54.7,-46.4,0,,0,,,,,,,,,,,,,0.0,47,50,0.511,0.6,1.175,1,1,,,,,,,,,,1.143,,,,,,,,,,,,Euroleague,2025-26,intl
Tadas Sedekerskis,92,74,18,6,5,40.0,78,59.6,-19.6,19,55.3,-4.1,9,61.1,58.1,3.0,0,,0,,,,1.063,0.837,1.35,,,,,,,0.75,45,58,0.467,0.345,0.739,2,3,,,,,,,0.725,0.374,1.405,1.088,1.278,1.109,,,,Wing,0.16,,,0.84,-0.9,Euroleague,2025-26,intl
Khalifa Diop,88,88,0,0,0,,68,69.1,,13,61.5,-9.4,6,66.7,69.4,-2.7,0,,0,,,,,,,,,,,,,,49,39,0.204,0.282,1.382,0,0,,,,,,,,,,0.98,,,,,,Big,,,,,,Euroleague,2025-26,intl
Lorenzo Brown,87,81,6,3,0,,64,50.8,,16,37.5,-17.7,11,36.4,53.8,-17.4,0,,0,,,,0.711,0.315,1.601,,,,,,,0.5,41,51,0.39,0.373,0.955,1,1,,,,,,,0.704,0.139,3.568,0.877,,0.718,,,,Playmaker,-1.59,,,-0.92,-0.81,Euroleague,2025-26,intl
Omer Yurtseven,86,86,0,0,0,,74,63.5,,11,63.6,0.1,9,66.7,63.1,3.6,0,,0,,,,,,,,,,,,,,54,32,0.296,0.344,1.16,0,0,,,,,,,,,,0.771,,,,,,Big,,,,,,Euroleague,2025-26,intl
Mathias Lessort,84,76,8,4,0,,72,59.7,,10,50.0,-11.3,10,60.0,59.7,0.3,0,,0,,,,0.754,0.437,1.302,,,,,,,0.5,52,36,0.288,0.389,1.348,0,0,,,,,,,1.292,0.8,2.087,0.897,,0.754,,,,Wing,-1.5,,,-0.36,0.98,Euroleague,2025-26,intl
Kai Jones,83,83,0,0,0,,63,92.1,,16,93.8,2.3,4,50.0,94.9,-44.9,0,,0,,,,,,,,,,,,,,47,36,0.085,0.028,0.326,0,0,,,,,,,,,,,,,,,,Big,,,,,,Euroleague,2025-26,intl
Cory Joseph,80,72,8,4,6,0.0,51,60.8,-60.8,22,34.1,-33.1,12,37.5,58.9,-21.4,0,,0,,,,1.174,0.759,1.816,,,,,,,0.5,36,50,0.278,0.42,1.512,0,2,,,,,,,1.045,0.445,2.459,0.917,,1.096,,,,Wing,0.76,,,-0.36,0.16,Euroleague,2025-26,intl
Tai Odiase,76,76,0,0,0,,68,60.3,,12,50.0,-12.5,2,0.0,62.1,-62.1,0,,0,,,,,,,,,,,,,,50,26,0.34,0.385,1.131,0,0,,,,,,,,,,,,,,,,Big,,,,,,Euroleague,2025-26,intl
Daulton Hommes,74,68,6,5,2,75.0,65,63.1,11.9,20,47.5,-22.7,3,100.0,61.7,38.3,0,,0,,,,1.214,,,,,,,,,0.3,36,43,0.361,0.535,1.481,1,2,,,,,,,0.644,0.202,2.052,1.239,,1.214,,,,Wing,0.98,,,-1.32,-1.16,Euroleague,2025-26,intl
Arijan Lakic,73,70,3,2,4,62.5,57,50.9,11.6,19,50.0,-2.4,12,75.0,45.9,29.1,0,,0,,,,1.228,,,,,,,,,0.375,34,41,0.559,0.439,0.786,1,0,,,,,,,0.826,0.162,4.221,1.031,1.241,1.228,,,,Wing,1.05,,,-0.96,-0.56,Euroleague,2025-26,intl
Armando Bacot Jr.,72,72,0,1,0,,55,44.5,,6,66.7,24.8,3,33.3,45.2,-11.9,0,,0,,,,,,,,,,,,,0.0,49,24,0.429,0.5,1.167,0,0,,,,,,,,,,0.814,,,,,,Big,,,,-2.17,,Euroleague,2025-26,intl
Kamar Baldwin,69,61,8,3,0,,58,43.1,,11,27.3,-19.5,8,12.5,48.0,-35.5,0,,0,,,,1.089,0.706,1.682,,,,,,,0.667,44,36,0.455,0.444,0.978,2,2,,,,,,,1.4,0.571,3.434,1.152,1.074,1.22,,,,Playmaker,0.3,,,0.1,0.92,Euroleague,2025-26,intl
Nicola Akele,68,67,1,1,1,100.0,49,63.3,36.7,9,77.8,16.8,13,46.2,70.3,-24.1,0,,0,,,,1.396,,,,,,,,,0.25,33,36,0.242,0.306,1.26,0,0,,,,,,,1.6,,,1.079,,1.396,,,,Wing,1.96,,,-1.56,2.0,Euroleague,2025-26,intl
Yam Madar,68,62,6,5,5,50.0,48,30.2,19.8,18,38.9,10.3,7,14.3,34.8,-20.5,0,,0,,,,1.202,0.81,1.782,,,,,,,0.3,36,37,0.5,0.541,1.081,2,2,,,,,,,1.323,0.412,4.244,1.314,1.392,1.202,,,,Wing,0.91,,,-1.32,1.08,Euroleague,2025-26,intl
Terry Tarpey,65,65,0,0,1,150.0,48,66.7,83.3,16,71.9,5.2,4,37.5,71.1,-33.6,0,,0,,,,,,,,,,,,,,35,30,0.371,0.267,0.718,0,0,,,,,,,,,,0.786,,,,,,Wing,,,,,,Euroleague,2025-26,intl
Tyson Carter,64,53,11,5,1,0.0,59,41.5,-41.5,15,40.0,-1.1,11,50.0,38.8,11.2,0,,0,,,,0.986,0.727,1.336,,,,,,,0.55,44,29,0.545,0.552,1.011,2,2,,,,,,,0.917,0.336,2.5,1.013,1.076,1.019,,,,Wing,-0.25,,,-0.12,-0.26,Euroleague,2025-26,intl
Brice Dessert,64,59,5,2,0,,60,68.3,,6,66.7,-1.9,9,44.4,72.5,-28.1,0,,0,,,,1.113,,,,,,,,,0.625,36,30,0.222,0.367,1.65,1,0,,,,,,,0.859,0.411,1.796,1.125,1.103,1.113,,,,Big,0.47,,,0.56,-0.42,Euroleague,2025-26,intl
Kosta Kondic,64,59,5,4,7,64.3,47,50.0,14.3,22,50.0,-3.1,4,0.0,56.0,-56.0,0,,0,,,,1.026,0.649,1.623,,,,,,,0.312,29,39,0.276,0.615,2.231,0,0,,,,,,,1.15,0.409,3.234,1.136,,1.026,,,,Wing,-0.04,,,-1.26,0.51,Euroleague,2025-26,intl
Adam Atamna,64,53,11,6,0,,58,18.1,,21,23.8,8.9,11,13.6,19.1,-5.5,0,,0,,,,1.112,0.806,1.534,,,,,,,0.458,33,42,0.667,0.667,1.0,3,3,,,,,,,0.619,0.087,4.421,1.192,0.894,1.15,,,,Wing,0.43,,,-0.56,-1.25,Euroleague,2025-26,intl
Joel Bolomboy,63,61,2,1,0,,59,61.9,,9,44.4,-20.6,5,70.0,61.1,8.9,0,,0,,,,1.089,,,,,,,,,0.5,36,28,0.306,0.464,1.519,0,1,,,,,,,0.824,0.203,3.346,1.098,1.088,1.089,,,,Wing,0.3,,,-0.36,-0.57,Euroleague,2025-26,intl
Onuralp Bitim,61,57,4,3,2,125.0,56,58.0,67.0,18,83.3,33.3,5,30.0,63.2,-33.2,0,,0,,,,0.822,0.464,1.456,,,,,,,0.333,30,34,0.467,0.441,0.945,1,0,,,,,,,2.08,,,0.974,,0.822,,,,Wing,-1.14,,,-1.16,3.59,Euroleague,2025-26,intl
Dovydas Giedraitis,60,60,0,0,3,50.0,34,45.6,4.4,13,50.0,6.2,5,20.0,50.0,-30.0,0,,0,,,,,,,,,,,,,,25,35,0.44,0.343,0.779,0,0,,,,,,,,,,0.548,,,,,,Wing,,,,,,Euroleague,2025-26,intl
Vassilis Toliopoulos,51,46,5,2,0,,40,46.2,,13,34.6,-17.2,3,83.3,43.2,40.1,0,,0,,,,0.511,0.173,1.511,,,,,,,0.625,31,22,0.484,0.5,1.033,1,1,,,,,,,,,,1.039,,0.511,,,,,,,,,,Euroleague,2025-26,intl
Tomer Ginat,49,44,5,2,0,,42,48.8,,16,46.9,-3.1,5,40.0,50.0,-10.0,0,,0,,,,1.257,,,,,,,,,0.625,32,19,0.344,0.579,1.684,0,1,,,,,,,1.75,0.992,3.088,1.024,1.231,1.257,,,,Wing,1.21,,,0.24,2.5,Euroleague,2025-26,intl
Metecan Birsen,49,48,1,3,0,,44,46.6,,11,59.1,16.7,2,0.0,48.8,-48.8,0,,0,,,,1.2,,,,,,,,,0.083,34,18,0.618,0.333,0.54,1,0,,,,,,,2.667,,,0.837,,1.2,,,,,,,,,,Euroleague,2025-26,intl
Alex Len,49,47,2,3,4,75.0,41,48.8,26.2,16,56.2,8.0,1,0.0,52.3,-52.3,0,,0,,,,1.175,,,,,,,,,0.167,27,25,0.519,0.32,0.617,2,0,,,,,,,,,,0.86,1.163,1.175,,,,Big,0.83,,,-1.44,,Euroleague,2025-26,intl
Mehdy Ngouama,47,35,12,7,0,,54,24.1,,13,34.6,13.9,8,18.8,25.0,-6.2,0,,0,,,,1.069,0.86,1.33,,,,,,,0.429,33,28,0.758,0.643,0.849,4,2,,,,,,,1.636,0.467,5.732,1.2,0.964,1.083,,,,Playmaker,0.2,,,-1.35,1.5,Euroleague,2025-26,intl
