player_name,team,season,h1_min,h1_FGM,h1_FGA,h1_3PM,h1_3PA,h1_FTM,h1_FTA,h1_AST,h1_STL,h1_BLK,h1_ORB,h1_DRB,h1_TO,h2_min,h2_FGM,h2_FGA,h2_3PM,h2_3PA,h2_FTM,h2_FTA,h2_AST,h2_STL,h2_BLK,h2_ORB,h2_DRB,h2_TO
- Jah'Mari,Trinity Baptist,2019-20,20.0,0,2,0,0,0,0,0,0,0,0,0,0,14.93,0,0,0,0,0,0,0,0,0,0,0,0
A.J. Banks,Wyoming,2019-20,20.0,29,60,5,15,8,11,1,10,3,3,52,26,18.73,24,48,8,17,20,28,2,8,7,1,30,25
A.J. Caldwell,Chattanooga,2019-20,20.0,23,54,12,32,3,6,0,10,2,11,46,12,18.12,27,57,15,35,5,8,1,12,3,6,45,10
A.J. Frye,NC Wesleyan,2019-20,20.0,10,19,0,2,2,2,0,0,0,1,5,1,14.9,5,10,1,1,0,0,0,0,0,3,2,3
A.J. Kirby,Fresno Pacific,2019-20,20.0,0,2,0,1,0,1,0,1,0,0,3,0,14.85,0,0,0,0,0,0,0,1,0,0,1,1
A.J. Labriola,St. Francis (PA),2019-20,0.0,0,1,0,1,0,0,0,0,0,0,1,0,14.87,1,2,0,0,0,0,0,0,0,0,0,0
A.J. Lawson,South Carolina,2019-20,20.0,132,325,42,127,78,101,2,41,5,12,111,91,17.58,147,314,35,106,82,128,3,28,3,24,68,70
A.J. McNeil,Iona,2019-20,20.0,0,1,0,0,0,0,0,1,0,0,0,1,14.9,0,0,0,0,0,0,0,0,0,0,0,0
A.J. Oliver II,Old Dominion,2019-20,20.0,33,98,22,70,12,14,0,10,4,11,29,9,16.42,39,114,28,85,27,35,0,8,0,10,43,12
A.J. Reeves,Providence,2019-20,20.0,36,94,20,61,7,14,1,6,4,10,31,19,14.95,29,85,14,43,12,16,5,15,1,14,30,17
A.J. Sawyers,Widener,2019-20,20.0,0,3,0,1,0,0,0,0,0,1,0,1,14.8,0,2,0,1,1,2,0,0,0,0,0,1
A.J. Taylor,NC State,2019-20,15.0,0,0,0,0,1,2,0,0,0,0,1,1,20.0,0,0,0,0,0,0,0,0,0,0,0,0
A.J. Turner,Northwestern,2019-20,20.0,23,67,11,36,7,12,4,7,5,2,27,7,20.0,24,66,8,31,13,21,6,4,4,2,29,5
A.J. Walker,Air Force,2019-20,20.0,67,148,26,59,20,27,2,12,1,2,63,34,20.0,56,126,21,58,37,49,4,13,2,2,44,30
AJ Banks,Wyoming,2019-20,20.0,0,0,0,0,0,0,27,0,0,0,0,0,14.88,0,0,0,0,0,0,25,0,0,0,0,0
AJ Bramah,Robert Morris,2019-20,20.0,72,135,0,1,40,58,20,14,10,41,81,28,20.0,88,143,0,0,51,77,23,13,6,35,100,22
AJ Brodeur,Pennsylvania,2019-20,20.0,83,155,8,27,16,25,52,14,17,20,63,37,20.0,56,135,1,16,45,60,50,4,18,23,68,21
AJ Caldwell,Chattanooga,2019-20,0.0,0,0,0,0,0,0,28,0,0,0,0,0,20.0,0,0,0,0,0,0,23,0,0,0,0,0
AJ Cheeseman,Maryland-Eastern Shore,2019-20,20.0,38,85,3,12,20,29,1,4,5,15,34,19,14.78,30,85,0,3,31,45,9,4,6,22,33,19
AJ Farrar,Alabama State,2019-20,20.0,12,34,3,14,7,10,5,5,1,10,29,9,14.95,19,37,3,9,4,10,5,4,3,9,20,6
AJ Frye,NC Wesleyan,2019-20,0.0,0,0,0,0,0,0,0,0,0,0,0,0,14.9,0,0,0,0,0,0,1,0,0,0,0,0
AJ Green,Northern Iowa,2019-20,20.0,91,227,41,114,25,27,51,12,0,3,43,42,20.0,96,224,44,104,74,82,32,8,0,3,38,44
AJ Hall,,2019-20,0.0,0,0,0,0,0,0,0,0,0,0,1,1,0.0,0,0,0,0,0,0,0,0,0,0,0,0
AJ Harris,New Mexico State,2019-20,20.0,8,16,4,9,0,0,7,4,0,0,1,1,20.0,0,3,0,1,0,0,4,0,0,0,1,1
AJ Kirby,Fresno Pacific,2019-20,0.0,0,0,0,0,0,0,0,0,0,0,0,0,14.85,0,0,0,0,0,0,1,0,0,0,0,0
AJ Lawson,South Carolina,2019-20,20.0,0,0,0,0,0,0,95,0,0,0,0,0,17.58,0,0,0,0,0,0,77,0,0,0,0,0
AJ Lawton,SUNY-Cortland,2019-20,0.0,0,0,0,0,0,0,0,0,0,0,0,0,14.93,0,2,0,2,0,0,1,0,1,0,1,1
AJ McBride,UNC Asheville,2019-20,0.0,0,2,0,1,1,2,0,0,0,1,1,1,14.92,2,2,1,1,0,0,3,2,0,0,0,0
AJ Oliver II,Old Dominion,2019-20,20.0,0,0,0,0,0,0,7,0,0,0,0,0,20.0,0,0,0,0,0,0,5,0,0,0,0,0
AJ Reeves,Providence,2019-20,20.0,0,0,0,0,0,0,17,0,0,0,0,0,14.95,0,0,0,0,0,0,8,0,0,0,0,0
AJ Turner,Northwestern,2019-20,20.0,0,0,0,0,0,0,19,0,0,0,0,0,20.0,0,0,0,0,0,0,16,0,0,0,0,0
AJ Walker,Air Force,2019-20,0.0,0,0,0,0,0,0,38,0,0,0,0,0,20.0,0,0,0,0,0,0,50,0,0,0,0,0
AJ Wilson,George Mason,2019-20,19.23,61,147,11,31,26,51,14,11,41,36,61,35,20.0,64,136,1,9,43,64,12,4,39,45,64,18
Aamahne Santos,Jacksonville,2019-20,20.0,47,112,21,55,6,10,33,10,0,2,37,29,17.95,32,101,16,58,15,19,40,11,0,5,24,20
Aamir Simms,Clemson,2019-20,20.0,70,149,17,40,21,28,35,13,8,26,72,35,20.0,59,124,16,40,48,70,32,14,15,36,62,29
Aamondae Coleman,Fresno Pacific,2019-20,20.0,2,4,2,4,1,2,0,1,0,1,2,1,14.85,5,9,0,2,3,6,0,0,0,0,2,2
Aanen Moody,North Dakota,2019-20,20.0,8,20,8,18,0,0,4,3,0,0,8,5,14.97,4,12,1,9,2,3,0,0,0,1,2,4
Aaron Acosta,Colorado College,2019-20,19.28,2,5,1,1,1,2,0,0,0,0,0,1,14.83,1,4,0,0,0,0,0,0,0,0,0,0
Aaron Armstrong,SUNY Potsdam,2019-20,20.0,2,2,1,1,0,0,0,1,0,0,1,0,15.83,0,0,0,0,0,0,1,0,0,0,0,1
Aaron Blumberg,Luther,2019-20,20.0,1,3,0,2,0,0,1,0,0,0,1,0,14.87,1,3,0,1,0,0,0,0,0,0,1,1
Aaron Carver,Old Dominion,2019-20,20.0,27,50,0,1,9,19,10,5,7,44,112,12,20.0,28,45,0,1,20,36,2,10,8,41,103,9
Aaron Clarke,Sacred Heart,2019-20,20.0,58,154,27,88,21,25,48,7,0,5,17,31,14.95,36,114,22,63,46,60,30,8,0,2,25,22
Aaron Cook,Southern Illinois,2019-20,20.0,4,10,0,3,2,2,4,0,0,1,7,2,17.18,11,20,1,3,6,10,5,6,1,0,2,3
Aaron Deatherage,Portland Bible,2019-20,20.0,2,10,1,4,0,0,1,1,0,1,3,5,14.98,3,9,0,0,2,3,1,0,0,2,0,2
Aaron Deloney,Vermont,2019-20,20.0,19,50,7,25,11,14,17,5,0,0,8,8,20.0,13,43,5,21,7,11,14,4,1,4,12,11
Aaron Estrada,Saint Peter's,2019-20,20.0,30,86,7,27,17,17,27,8,0,6,29,28,14.88,44,96,10,22,25,31,22,9,0,8,18,24
Aaron Falzon,Quinnipiac,2019-20,20.0,36,94,28,78,8,10,10,8,9,1,37,9,20.0,36,94,25,74,9,10,9,9,5,7,34,10
Aaron Fiegen,South Dakota State,2019-20,0.0,0,0,0,0,0,0,0,0,0,0,0,0,14.98,1,1,0,0,0,0,0,0,0,1,1,0
Aaron Fowlkes,New York Institute of Technology,2019-20,0.0,0,0,0,0,0,0,0,0,0,0,0,1,14.97,1,2,1,2,0,0,0,0,0,0,0,0
Aaron Good,,2019-20,17.27,0,1,0,0,0,0,0,0,0,0,0,0,0.0,0,0,0,0,0,0,0,0,0,0,0,0
Aaron Hammond,Northwestern Ohio,2019-20,0.0,0,0,0,0,0,0,0,0,0,0,0,0,14.68,0,2,0,0,0,0,0,1,0,1,0,0
Aaron Henry,Michigan State,2019-20,0.0,51,134,16,47,17,28,45,15,8,15,49,32,20.0,59,117,15,43,26,34,40,10,9,16,55,28
Aaron Hill,Valley Forge,2019-20,20.0,0,2,0,1,0,0,0,0,0,0,0,1,14.83,0,6,0,6,0,0,0,0,0,0,0,2
Aaron Houle,Northland College,2019-20,20.0,0,2,0,2,0,0,0,0,0,0,0,0,14.95,0,2,0,1,0,0,0,1,0,0,0,0
Aaron Iler,,2019-20,19.18,0,1,0,0,0,0,0,1,0,0,0,0,0.0,0,0,0,0,2,2,0,0,0,0,0,0
Aaron Menzies,Saint Mary's,2019-20,0.0,11,20,0,0,3,4,2,0,3,6,13,4,17.88,3,6,0,0,2,7,0,0,0,3,3,2
Aaron Nesmith,Vanderbilt,2019-20,20.0,50,95,30,55,19,25,6,10,8,4,29,9,17.82,50,103,26,54,32,36,7,10,4,7,26,15
Aaron Nettles,Seattle,2019-20,20.0,29,65,23,52,8,10,10,5,0,5,23,7,14.82,14,55,12,44,18,23,12,11,0,3,9,7
Aaron Palmer,Piedmont,2019-20,20.0,0,2,0,1,0,0,0,0,0,0,2,2,14.97,0,0,0,0,0,0,0,0,1,0,0,0
Aaron Reddick,AUB Montgomery,2019-20,20.0,3,8,0,0,0,0,0,0,1,1,3,0,14.95,0,2,0,0,1,2,1,0,0,1,2,1
Aaron Ridley,Cumberland College,2019-20,20.0,4,7,1,3,0,0,0,1,0,0,4,0,14.87,1,3,0,1,0,0,0,0,0,0,1,1
Aaron Robinson,Coppin State,2019-20,20.0,23,82,20,74,0,0,11,6,2,7,37,10,20.0,23,68,16,56,5,10,7,7,0,7,26,8
Aaron Scott,Our Lady of the Lake,2019-20,20.0,0,2,0,1,0,0,0,0,0,1,0,0,14.9,1,2,1,2,0,0,0,1,0,1,0,2
Aaron Shambry,Martin Methodist,2019-20,20.0,3,3,0,0,0,0,2,1,0,1,1,1,17.83,1,3,0,1,0,0,1,0,0,0,1,0
Aaron Thompson,Butler,2019-20,20.0,38,86,1,6,18,31,70,13,5,4,40,22,14.88,33,63,0,6,25,42,48,12,6,4,27,27
Aaron Weidenaar,Central Arkansas,2019-20,20.0,19,56,15,42,8,8,10,3,4,7,25,13,14.98,19,50,13,37,11,16,6,4,2,6,33,11
Aaron Wheeler,Purdue,2019-20,20.0,22,76,16,57,12,14,13,10,2,12,51,17,16.57,12,49,4,27,5,6,9,5,7,13,31,8
Aaron Wiggins,Maryland,2019-20,20.0,58,151,29,84,20,25,20,12,6,20,59,31,15.55,54,146,23,80,21,33,24,13,7,15,54,16
Aaryn Rai,Dartmouth,2019-20,20.0,47,103,10,27,17,24,28,12,4,26,54,36,20.0,67,121,8,26,31,47,17,10,7,28,67,32
Abdou Ndiaye,Illinois State,2019-20,20.0,8,22,1,5,3,3,0,8,20,16,29,7,20.0,10,26,0,1,0,4,4,5,9,15,26,7
Abdoul Karim Coulibaly,Pittsburgh,2019-20,20.0,12,29,0,0,3,5,0,2,2,10,8,6,17.93,12,29,0,1,6,16,4,3,2,14,10,6
Abdul Ado,Mississippi State,2019-20,20.0,39,66,0,0,18,30,9,7,33,49,44,26,20.0,29,48,0,0,21,34,10,8,25,50,62,14
Abdul Mohamad,St. Katherine,2019-20,20.0,3,5,2,2,0,0,1,2,0,2,3,1,14.85,3,6,3,4,0,0,0,0,0,1,5,2
Abdul Mohamed,North Texas,2019-20,20.0,0,2,0,2,2,4,1,2,1,0,1,1,17.55,3,4,2,2,0,0,0,0,0,2,4,1
Abdul Ogunnaike,,2019-20,10.15,1,3,1,1,0,0,0,1,0,2,2,4,0.0,2,2,0,0,3,4,0,0,0,0,4,1
Abdullahi Mohamed,Eastern Washington,2019-20,0.0,1,1,0,0,0,0,0,0,0,0,0,0,14.98,3,7,0,0,3,3,0,0,0,4,1,2
Abe Kinrade,Air Force,2019-20,0.0,17,29,3,10,10,11,5,2,0,9,9,7,20.0,3,8,1,4,9,10,3,3,1,5,7,2
Abe Kuhn,,2019-20,0.0,0,0,0,0,0,0,0,0,0,0,0,0,0.0,0,0,0,0,0,0,0,0,0,0,1,0
Abel Porter,Utah State,2019-20,20.0,36,88,14,46,16,21,60,16,0,6,42,23,20.0,20,59,7,25,27,39,47,5,2,1,31,29
Abilene Christian,,2019-20,0.0,0,0,0,0,0,0,0,0,0,33,23,7,0.0,0,0,0,0,0,0,0,0,0,39,19,3
Abraham Deng,Longwood,2019-20,20.0,2,11,0,0,7,10,0,2,0,7,8,3,16.5,3,10,0,0,2,5,0,0,0,3,7,6
Abram Carrasco,Westmont,2019-20,20.0,2,5,1,2,0,0,2,0,0,0,1,0,17.72,5,11,1,3,0,1,2,0,0,1,3,1
Abu Kigab,Boise State,2019-20,20.0,36,89,12,30,18,24,8,5,2,9,30,17,19.18,37,85,10,35,27,37,11,8,4,12,20,15
Ace Stallings,George Washington,2019-20,20.0,10,18,0,0,8,12,4,2,4,6,19,5,18.17,7,11,0,0,1,2,1,2,6,4,12,4
Adam Bulwa,North Park,2019-20,20.0,1,1,0,0,0,0,0,1,2,0,4,1,19.65,0,0,0,0,0,0,0,0,0,0,1,1
Adam Cisse,Manhattan,2019-20,20.0,2,6,0,0,3,4,0,4,3,5,2,0,19.78,1,2,0,0,2,2,0,0,0,2,1,1
Adam Goetz,KY Wesleyan,2019-20,20.0,1,6,1,6,0,0,3,0,0,0,5,3,14.83,0,3,0,3,0,0,1,0,0,0,3,1
Adam Graham,Milligan,2019-20,20.0,0,1,0,0,0,0,0,0,2,0,2,1,14.78,1,3,0,1,2,3,0,1,0,2,2,1
Adam Grant,Bryant,2019-20,20.0,73,192,42,116,16,23,30,17,2,6,42,38,20.0,76,187,39,112,46,70,28,12,2,11,23,28
Adam Konicki,Gordon College,2019-20,20.0,0,1,0,0,0,0,1,0,0,1,1,1,20.0,0,0,0,0,0,0,0,0,0,0,0,1
Adam Kunkel,Belmont,2019-20,20.0,92,219,44,116,31,37,44,13,2,7,44,30,20.0,81,186,33,82,42,55,30,14,5,8,27,24
Adam Lulka,Albany,2019-20,20.0,12,19,1,3,7,9,5,4,2,11,17,8,14.9,11,25,0,0,20,32,7,2,1,15,17,8
Adam Mikula,Boston Univ.,2019-20,20.0,0,2,0,1,0,0,0,0,0,0,0,0,20.0,0,0,0,0,0,0,0,0,0,0,0,1
Adam Mitola,George Washington,2019-20,0.0,1,4,1,4,0,0,1,0,0,0,2,1,20.0,1,4,1,4,0,0,2,0,0,0,1,1
Adam Moore,Quincy,2019-20,20.0,1,1,1,1,0,0,0,0,1,1,2,1,20.0,0,3,0,2,0,0,0,1,0,0,0,1
Adam Phillip,Hendrix College,2019-20,0.0,0,0,0,0,0,0,0,0,0,0,0,0,15.55,0,1,0,1,0,0,0,0,0,0,0,0
Adam Reiter,Simpson College,2019-20,20.0,0,4,0,0,0,0,1,0,0,0,2,1,14.98,0,2,0,0,0,0,0,1,0,0,0,1
Adam Rivera,,2019-20,1.7,0,2,0,2,0,0,0,0,0,0,2,1,0.0,0,1,0,1,0,0,1,0,0,0,2,2
Adam Saavedra,Life Pacific,2019-20,20.0,2,6,1,3,3,4,1,0,0,0,1,1,14.73,1,4,0,3,0,0,1,0,0,1,0,1
Adam Seiko,San Diego State,2019-20,20.0,17,36,9,26,2,3,10,5,0,3,14,6,14.9,8,22,8,21,2,2,4,3,0,1,6,4
Adam Sizemore,South Alabama,2019-20,0.0,0,0,0,0,0,0,0,0,0,0,0,0,14.68,0,0,0,0,0,0,1,0,0,0,0,0
Adam Sledd,Western Carolina,2019-20,20.0,8,13,1,2,0,0,0,1,0,2,1,0,20.0,0,1,0,0,0,0,0,0,0,1,2,0
Adam Thistlewood,Colorado State,2019-20,20.0,43,102,32,75,18,22,9,14,2,10,29,14,19.97,44,96,24,64,42,53,7,6,2,8,41,11
Adam Vasquez,Life Pacific,2019-20,0.0,1,3,1,3,0,0,0,1,0,1,0,1,14.73,1,5,0,4,0,0,3,1,0,1,2,0
Adam Webb,Trevecca Nazarene,2019-20,20.0,3,5,2,2,0,0,0,0,1,0,2,1,14.88,0,0,0,0,0,0,1,0,1,0,0,3
Adamson Ujoh,Central Pennsylvania College,2019-20,20.0,0,3,0,0,0,0,1,1,0,0,10,4,14.93,0,2,0,0,1,2,1,2,0,0,1,1
Adarian Hudson,Martin Methodist,2019-20,20.0,0,2,0,0,0,0,0,2,0,0,2,0,17.83,1,2,0,0,3,4,0,1,0,0,1,1
Addison Miller,Fisk,2019-20,20.0,2,10,0,2,5,6,0,1,0,1,2,5,14.77,0,3,0,2,0,0,0,0,1,0,1,1
Addison Owen,Rice,2019-20,20.0,0,1,0,1,0,0,1,0,0,1,0,0,17.18,0,0,0,0,0,0,0,0,0,1,0,0
Addison Patterson,Oregon,2019-20,0.0,24,42,7,15,12,20,7,4,2,6,14,16,17.85,16,32,3,12,6,14,3,7,3,2,10,10
Ade Adebayo,UC Davis,2019-20,0.0,7,11,1,4,4,4,7,0,1,1,10,13,14.75,3,8,0,1,0,0,3,3,4,1,3,2
Ade Murkey,Denver,2019-20,20.0,81,184,10,37,39,51,31,18,8,11,70,28,19.97,109,220,19,36,91,127,33,19,13,27,76,31
Adham Eleeda,Northern Kentucky,2019-20,20.0,14,53,14,51,0,1,2,4,0,7,17,2,17.97,11,47,10,44,7,9,3,8,0,5,22,3
Adida Ikongshul,Western Michigan,2019-20,0.0,0,0,0,0,0,0,0,1,0,1,0,0,14.57,0,3,0,0,0,0,0,0,0,0,1,0
Adili Kuerban,Kennesaw State,2019-20,20.0,18,50,13,36,0,2,9,5,0,0,19,8,15.35,6,30,4,19,7,11,7,2,0,2,16,9
Admir Besovic,Little Rock,2019-20,20.0,10,20,0,0,2,4,4,2,1,4,2,7,20.0,3,5,0,0,2,2,0,0,0,1,0,1
Admon Gilder,Gonzaga,2019-20,20.0,59,135,22,60,20,27,30,20,1,12,33,16,14.88,49,116,20,55,45,61,30,17,8,10,33,14
Adofo Thomas,Westcliff,2019-20,20.0,1,3,0,0,4,5,3,1,0,2,2,2,14.8,2,3,1,1,2,2,2,0,0,0,1,1
Adokiye Iyaye,UTSA,2019-20,20.0,1,4,1,2,3,4,0,1,0,0,1,2,17.8,2,7,1,3,6,6,1,1,0,0,4,0
Ador Athuai,Binghamton,2019-20,20.0,0,1,0,0,0,0,0,0,1,1,2,3,14.9,2,4,0,0,2,2,0,0,0,1,1,2
Adrian Antunez,Fresno Pacific,2019-20,20.0,1,3,0,1,0,0,0,1,0,1,0,2,14.85,2,3,0,0,0,0,1,0,0,1,0,2
Adrian Delph,Appalachian State,2019-20,20.0,54,127,23,69,10,17,14,8,1,16,33,30,20.0,44,107,17,56,21,34,17,8,3,10,44,19
Adrian Dick,Wiley,2019-20,20.0,1,3,0,1,0,0,0,0,0,0,0,0,14.95,0,0,0,0,0,0,0,1,0,0,1,0
Adrian Martin,Western Michigan,2019-20,0.0,3,7,2,2,0,1,1,0,1,0,2,4,14.57,4,9,2,2,0,0,1,2,0,0,4,2
Adrian Nelson,Northern Kentucky,2019-20,20.0,26,42,0,0,8,25,12,9,8,38,62,5,14.87,26,34,0,0,16,28,10,4,4,24,49,7
Adrian Nosa,,2019-20,0.0,0,0,0,0,0,0,0,0,0,0,0,1,0.0,0,0,0,0,0,0,0,0,0,0,0,0
Adrian Rodriguez,UTSA,2019-20,20.0,7,10,0,0,1,2,5,1,2,9,16,6,17.8,7,21,0,0,7,7,7,3,1,15,17,4
Adrien Nunez,Michigan,2019-20,20.0,10,31,8,29,1,2,1,2,0,1,0,3,20.0,3,13,1,9,0,0,1,1,0,0,0,1
Adrijan Hadziselimovic,Pacific Oregon,2019-20,20.0,0,1,0,0,0,0,0,0,0,0,0,1,14.8,1,1,0,0,0,0,1,0,0,0,1,2
Adrio Bailey,Arkansas,2019-20,20.0,32,80,8,23,14,23,6,16,21,15,46,21,14.97,34,60,5,12,12,27,11,18,16,11,45,13
Adris Hamilton,,2019-20,0.0,0,0,0,0,0,0,0,0,0,0,0,0,0.0,0,0,0,0,0,0,0,0,0,0,1,0
Agah Kizilkaya,Maine,2019-20,0.0,0,1,0,1,0,0,0,0,0,0,1,3,17.95,0,3,0,2,0,0,1,2,0,1,0,1
Aguek Arop,San Diego State,2019-20,20.0,14,35,0,4,1,2,2,6,1,11,10,9,14.9,16,25,0,2,3,5,4,2,4,14,13,3
Aguir Agau,Fresno State,2019-20,20.0,16,39,7,20,5,6,5,3,3,9,21,10,17.85,13,29,5,16,10,15,6,3,4,7,26,13
Ahamadou Sillah,SUNY Potsdam,2019-20,20.0,0,1,0,0,0,0,0,0,0,0,0,0,15.83,0,0,0,0,0,0,0,0,0,0,1,0
Aher Uguak,Loyola Chicago,2019-20,20.0,38,72,1,11,18,33,31,5,2,16,45,37,14.75,23,42,2,6,29,46,30,10,0,20,34,20
Ahmad Clark,Albany,2019-20,20.0,79,211,27,85,52,65,63,26,3,8,62,54,14.9,86,198,21,62,81,98,59,22,5,12,65,56
Ahmad Frost,Maryland-Eastern Shore,2019-20,20.0,30,113,17,78,8,10,19,9,1,7,28,19,14.78,21,77,12,50,11,15,23,11,0,9,22,17
Ahmad Gilbert,Saint Thomas Univers,2019-20,20.0,2,9,2,5,0,0,0,1,0,0,1,1,14.98,2,8,0,2,2,2,1,1,0,0,4,1
Ahmad Kempster,Portland Bible,2019-20,0.0,1,5,0,2,0,0,2,1,0,2,2,2,14.98,0,7,0,1,0,0,1,0,0,2,4,3
Ahmad Young,Whittier,2019-20,20.0,1,3,1,2,1,1,3,0,0,0,1,3,14.75,1,2,0,1,0,0,0,1,0,0,1,2
Ahmadu Sarnor,Mississippi Valley State,2019-20,20.0,6,19,5,12,0,0,11,5,0,1,6,3,14.93,3,11,3,9,4,6,6,4,0,0,9,1
Ahmard Harvey,Coastal Carolina,2019-20,20.0,4,9,0,0,0,4,0,3,2,5,4,4,19.12,1,4,0,0,0,2,0,0,1,2,3,2
Ahmed Gustave,St. Andrews,2019-20,0.0,0,0,0,0,0,0,1,0,0,0,1,1,14.92,0,1,0,0,1,2,0,0,0,0,2,0
Ahmed Musa,Simpson College,2019-20,20.0,1,2,0,0,0,0,0,0,0,1,0,0,14.98,0,1,0,0,0,0,0,0,0,0,0,1
Ahren Freeman,New Orleans,2019-20,20.0,30,59,0,4,7,15,15,6,4,13,19,17,14.87,33,48,1,2,12,23,6,4,2,13,15,14
Ahsan Asadullah,Lipscomb,2019-20,20.0,111,217,2,11,24,39,54,16,11,34,103,47,14.93,121,230,1,4,40,79,59,19,24,41,111,41
Ahsante Shivers,Southern,2019-20,20.0,22,67,9,30,25,32,17,8,2,9,30,19,15.83,20,57,10,26,13,22,9,4,2,2,26,12
Aidan Cantwell,Colorado Christian,2019-20,20.0,3,4,0,1,0,0,1,0,0,0,0,1,14.98,2,2,1,1,1,1,0,1,0,0,1,0
Aidan Igiehon,Louisville,2019-20,0.0,1,1,0,0,0,2,0,0,0,0,6,1,14.87,0,1,0,0,0,0,0,0,2,0,1,1
Aidan Miller,Oberlin College,2019-20,0.0,0,0,0,0,0,0,0,0,0,0,1,0,14.98,1,2,1,2,0,0,0,1,0,1,0,0
Aidan Saunders,Oral Roberts,2019-20,0.0,12,28,1,10,0,0,6,3,0,3,6,2,20.0,11,21,1,7,6,6,7,3,2,0,12,6
Aidan Torres,Our Lady of the Lake,2019-20,20.0,0,1,0,1,0,0,0,0,0,0,2,4,14.9,0,2,0,2,0,0,0,0,0,0,0,0
Aidas Kavaliauskas,Fairfield,2019-20,20.0,10,37,6,17,10,12,26,10,0,0,14,24,20.0,19,41,8,19,28,36,28,11,1,3,34,24
Aiden Krause,UC Irvine,2019-20,20.0,9,21,0,5,8,8,7,5,1,5,33,11,20.0,12,18,0,2,10,13,8,9,0,6,17,6
Air Force,,2019-20,0.0,0,0,0,0,0,0,0,0,0,44,36,7,0.0,0,0,0,0,0,0,0,0,0,43,26,7
Airen Brooks,Delta State,2019-20,20.0,4,9,0,3,2,2,0,0,0,1,4,1,14.98,3,5,1,2,1,1,0,2,0,1,4,1
Aireus Raspberry,Johnson & Wales (RI),2019-20,20.0,0,1,0,0,0,0,1,1,0,0,1,2,14.8,0,1,0,0,0,0,0,0,0,0,1,0
Airion Simmons,Abilene Christian,2019-20,15.0,33,63,8,16,12,15,13,15,3,18,29,14,20.0,16,34,2,10,7,12,5,4,2,12,32,12
Aj Bajana,Johnson & Wales (RI),2019-20,20.0,0,0,0,0,0,0,1,0,0,0,0,0,14.87,0,0,0,0,0,0,0,0,0,0,0,0
Aj Cheesman,Maryland-Eastern Shore,2019-20,20.0,4,8,0,0,0,0,0,0,1,3,3,1,20.0,4,7,0,1,3,4,1,0,0,1,1,0
Aj Clark,Trinity University (TX),2019-20,20.0,0,5,0,3,0,0,2,0,0,1,3,1,14.88,1,2,0,0,0,0,2,1,0,0,0,1
Aj Kittles,Caldwell College,2019-20,20.0,1,3,0,1,1,1,1,0,1,0,4,2,20.0,2,5,1,3,3,4,0,1,0,1,4,2
Aj Marshall,Randolph College,2019-20,0.0,0,0,0,0,0,0,0,0,0,0,0,0,15.12,1,1,0,0,0,0,1,0,0,0,0,0
Aj McQuaige,Coker,2019-20,0.0,1,1,0,0,0,0,1,0,2,2,4,0,17.92,2,3,0,0,0,0,0,0,6,2,3,1
Aj Owens,Arlington Baptist,2019-20,20.0,0,0,0,0,0,0,1,0,0,0,1,1,14.95,2,4,1,3,0,0,1,0,0,0,1,2
Aj Stroop,Geneva,2019-20,20.0,0,0,0,0,0,0,1,0,0,0,0,0,14.9,0,0,0,0,0,0,0,0,0,0,0,1
Ajang Aguek,Northern Arizona,2019-20,20.0,9,12,3,4,5,6,0,1,1,2,5,2,14.87,4,7,0,2,5,9,3,1,0,4,8,1
Ajay Singh,Notre Dame de Namur,2019-20,20.0,3,6,1,1,0,0,1,0,0,1,3,1,14.63,5,8,1,2,0,2,3,0,0,0,0,1
Ajiri Ogemuno-Johnson,Rider,2019-20,20.0,11,26,0,0,6,7,6,5,2,18,17,7,20.0,11,18,0,0,7,10,3,3,4,7,15,1
Akil McClain,IU-Kokomo,2019-20,20.0,2,12,2,4,0,0,2,0,0,1,1,0,17.57,2,7,1,3,3,3,1,1,0,1,2,0
Ako Adams,Rice,2019-20,20.0,45,122,35,96,24,25,35,6,0,3,15,14,14.97,45,121,37,96,29,33,33,7,0,3,23,21
Akok Akok,UConn,2019-20,20.0,28,70,8,27,5,12,5,2,33,11,44,12,16.35,26,57,4,19,10,14,6,6,28,17,46,12
Akol Arop,Nebraska,2019-20,0.0,1,3,0,0,0,0,0,1,1,2,3,0,20.0,3,3,1,1,0,1,0,2,1,4,3,0
Akron,,2019-20,0.0,0,0,0,0,0,0,0,0,0,44,34,5,0.0,0,0,0,0,0,0,0,0,0,37,23,4
Akrum Ahemed,Canisius,2019-20,20.0,4,10,1,2,3,3,6,3,0,1,3,9,19.78,4,8,1,3,1,2,0,0,0,2,0,4
Akwasi Yeboah,Rutgers,2019-20,20.0,49,120,17,50,21,25,13,11,7,15,49,13,20.0,41,90,16,47,29,40,11,10,7,13,55,19
Al Case,SAGU American Indian College,2019-20,20.0,0,7,0,1,0,0,0,0,0,0,1,1,14.87,2,3,1,1,2,2,0,1,0,0,0,2
Al Durham,Indiana,2019-20,20.0,51,103,20,45,27,31,39,7,3,1,32,24,14.92,39,102,14,45,55,71,35,11,7,3,26,33
Al-Amir Dawes,Clemson,2019-20,20.0,50,126,26,77,8,11,37,15,0,2,40,35,20.0,34,103,17,65,27,34,36,11,1,4,39,41
Alabama,,2019-20,0.0,0,0,0,0,0,0,0,0,0,31,19,2,0.0,0,0,0,0,0,0,0,0,0,29,27,3
Alabama A&M,,2019-20,0.0,0,0,0,0,0,0,0,0,0,28,40,6,0.0,0,0,0,0,0,0,0,0,0,26,26,5
Alabama State,,2019-20,0.0,0,0,0,0,0,0,0,0,0,48,22,5,0.0,0,0,0,0,0,0,0,0,0,44,28,5
Alan Dabney,Shenandoah,2019-20,20.0,0,2,0,2,0,0,0,1,0,0,0,0,14.7,0,1,0,1,0,0,0,0,0,0,0,0
Alan Griffin,Illinois,2019-20,15.0,39,80,19,51,6,9,13,4,1,24,40,11,20.0,42,88,27,59,21,23,3,9,5,23,31,9
Alani Moore II,Temple,2019-20,20.0,46,109,37,84,7,9,39,19,3,7,41,26,20.0,34,105,29,79,18,21,37,19,0,8,30,16
Alanzo Frink,South Carolina,2019-20,20.0,30,57,0,1,14,27,7,9,15,26,28,15,17.58,28,41,0,2,26,44,7,6,5,25,25,7
Alassane Ba,St. Louis,2019-20,20.0,0,1,0,0,0,0,1,0,0,1,0,3,14.88,0,0,0,0,0,0,0,1,0,0,0,0
Albany,,2019-20,0.0,0,0,0,0,0,0,0,0,0,37,27,13,0.0,0,0,0,0,0,0,0,0,0,36,21,10
Albert Dean,Haskell,2019-20,0.0,0,0,0,0,0,0,0,0,0,0,0,0,14.92,0,1,0,1,0,0,0,0,0,0,0,0
Albert Scott,St. Mary's (MD),2019-20,20.0,0,2,0,0,0,0,2,1,0,2,2,0,17.75,1,1,0,0,0,0,0,0,1,0,1,0
Alcorn State,,2019-20,0.0,0,0,0,0,0,0,0,0,0,42,17,6,0.0,0,0,0,0,0,0,0,0,0,45,23,6
Alec Barba,Willamette,2019-20,20.0,0,2,0,2,0,0,0,0,0,0,0,0,14.98,0,1,0,1,0,0,0,0,0,0,0,1
Alec Hinson,,2019-20,0.0,0,0,0,0,0,0,0,0,0,0,0,0,0.0,0,0,0,0,0,0,0,0,0,0,1,0
Alec Lewis,Washington College (MD),2019-20,20.0,1,4,0,1,0,0,0,0,0,0,1,1,14.58,1,5,1,3,0,0,2,1,0,1,1,0
Alec Loehr,Navy,2019-20,15.0,8,20,1,5,6,8,6,5,1,13,12,10,20.0,3,10,0,3,0,1,5,3,1,8,9,5
Alec Woodard,Austin Peay,2019-20,20.0,16,31,11,22,7,8,10,9,3,7,15,8,14.98,19,38,13,30,14,18,13,7,1,7,24,3
Aleem Ford,Wisconsin,2019-20,18.85,55,114,23,61,12,19,14,9,7,15,40,18,20.0,39,101,18,56,21,29,16,6,5,22,54,13
Alejandro Vasquez,St. Bonaventure,2019-20,20.0,42,98,18,46,10,15,13,7,3,4,24,21,17.87,23,60,8,29,13,17,8,7,1,3,11,14
Alek Medenica,Montevallo,2019-20,20.0,0,3,0,0,0,0,0,0,0,0,2,0,19.52,0,0,0,0,0,0,0,0,0,0,0,0
Aleks Novakovich,Delaware,2019-20,20.0,7,11,3,6,0,1,1,2,1,2,6,0,14.93,1,6,1,4,0,0,1,0,0,1,2,1
Aleksa Matic,North Alabama,2019-20,20.0,4,13,4,12,0,0,3,1,1,1,10,2,14.93,16,27,8,17,0,0,5,3,1,2,11,4
Aleksa Rakic,Palm Beach Atlantic,2019-20,20.0,2,2,1,1,0,0,1,1,0,0,0,1,20.0,2,2,1,1,0,0,0,0,0,0,1,0
Aleksa Vujadinovic,Blue Mountain College,2019-20,0.0,0,0,0,0,0,0,0,0,0,0,0,0,14.77,0,1,0,0,0,0,0,0,0,0,0,1
Aleksandar Cosic,Blue Mountain College,2019-20,0.0,0,0,0,0,0,0,0,0,0,0,0,0,14.77,0,1,0,0,0,0,0,0,0,0,1,0
Aleksandar Zecevic,Florida Atlantic,2019-20,19.97,50,85,3,15,11,16,16,13,4,21,45,20,20.0,32,69,2,11,8,14,7,3,3,20,46,14
Alessandro Lever,Grand Canyon,2019-20,20.0,97,179,17,42,20,24,30,7,2,29,58,23,19.45,81,152,14,38,48,63,36,7,3,29,60,34
Alex Antonie,Concordia University (WI),2019-20,20.0,1,1,0,0,0,1,0,0,1,1,3,0,18.85,3,4,0,0,0,0,0,0,0,1,2,0
Alex Arellano,Heidelberg,2019-20,19.98,1,3,0,1,1,4,0,0,0,1,5,0,14.98,1,4,0,1,0,1,0,2,0,0,6,0
Alex Arians,South Dakota State,2019-20,20.0,37,108,11,47,18,24,21,11,1,10,68,24,19.45,38,86,14,42,28,33,26,11,4,6,75,16
Alex Barcello,BYU,2019-20,20.0,46,102,22,53,14,16,28,20,1,6,42,14,17.67,53,100,26,49,12,13,20,7,2,5,37,15
Alex Caldwell,SE Missouri St,2019-20,20.0,60,148,21,72,14,20,46,15,8,5,28,34,17.82,70,169,24,61,42,51,47,14,4,10,25,34
Alex Cho,MIT,2019-20,20.0,0,2,0,1,0,0,0,0,0,0,1,2,14.62,0,1,0,1,0,0,1,0,0,0,0,2
Alex Christie,Stony Brook,2019-20,0.0,0,0,0,0,0,0,0,0,0,0,0,0,14.73,1,2,0,0,0,0,0,0,0,1,1,0
Alex Cluff,Northwestern Ohio,2019-20,20.0,0,0,0,0,3,3,0,0,0,0,1,0,14.68,1,1,1,1,0,0,0,0,0,0,1,0
Alex Conrad,Hendrix College,2019-20,20.0,0,1,0,0,0,0,0,0,0,1,3,2,15.55,2,5,0,0,1,1,0,0,0,1,1,0
Alex Constandars,IU-Northwest,2019-20,20.0,0,0,0,0,1,2,0,0,0,0,1,1,14.78,1,3,0,2,0,0,0,0,0,0,0,0
Alex Dotson,Central State (OH),2019-20,20.0,0,1,0,1,0,0,0,0,0,0,0,0,14.88,1,4,0,1,0,0,1,0,0,0,1,0
Alex Ducas,Saint Mary's,2019-20,15.0,18,36,12,27,0,0,6,3,0,13,21,9,20.0,10,27,2,13,5,6,3,5,1,11,12,7
Alex Ferguson,Fresno Pacific,2019-20,20.0,1,6,0,3,0,0,0,2,0,2,0,0,14.85,0,1,0,1,1,2,0,0,0,0,1,1
Alex Floresca,San Diego,2019-20,19.98,34,84,6,22,17,21,25,7,6,16,59,16,20.0,32,82,4,23,20,30,23,6,3,13,39,18
Alex Forde,,2019-20,8.12,0,2,0,2,0,0,0,0,0,0,1,1,0.0,3,4,3,4,0,0,0,0,0,0,0,1
Alex Gross,Olivet Nazarene,2019-20,20.0,1,3,1,2,2,2,0,0,2,0,2,0,20.0,2,3,0,0,2,2,1,0,2,0,4,0
Alex Hemenway,Clemson,2019-20,20.0,12,23,9,17,0,0,4,0,0,1,4,4,20.0,11,24,9,22,2,2,1,0,0,2,6,2
Alex Hobbs,Boise State,2019-20,20.0,62,118,14,36,21,28,35,9,0,2,43,26,14.73,32,93,7,26,23,29,33,7,1,4,34,20
Alex Horvath,Shenandoah,2019-20,0.0,0,0,0,0,0,0,0,0,0,0,0,1,14.7,1,3,0,2,0,0,0,0,0,0,0,0
Alex Hunter,Furman,2019-20,20.0,43,111,26,86,5,8,50,21,0,5,47,14,20.0,54,123,35,91,17,25,60,16,0,7,45,16
Alex Jay,Edinboro,2019-20,20.0,1,1,1,1,1,3,0,0,0,0,2,1,14.93,1,2,0,1,0,0,0,0,0,0,3,0
Alex Jones,Lipscomb,2019-20,20.0,3,6,0,2,3,3,0,1,0,0,3,4,14.93,1,1,0,0,2,2,2,4,0,0,5,3
Alex King,Army,2019-20,20.0,41,92,13,35,11,17,27,15,5,11,38,25,14.93,38,77,10,33,24,36,20,11,9,14,43,17
Alex Leder,Gettysburg,2019-20,20.0,3,9,1,1,0,0,0,0,0,0,0,3,17.9,1,4,1,2,0,0,2,0,0,1,0,1
Alex Lomax,Memphis,2019-20,20.0,30,70,6,13,18,22,68,18,4,10,38,40,14.73,34,73,2,7,44,61,56,26,8,13,39,35
Alex Manu,San Francisco State,2019-20,20.0,0,1,0,1,0,0,2,1,1,0,2,3,14.97,0,1,0,1,0,0,0,0,0,0,1,1
Alex Morales,Wagner,2019-20,20.0,51,132,9,35,16,21,34,13,3,19,53,45,14.8,54,126,11,21,43,61,34,14,2,22,37,33
Alex Morici,Bryn Athyn,2019-20,20.0,0,0,0,0,0,0,1,0,0,1,0,2,15.02,1,1,0,0,0,0,0,0,0,0,1,0
Alex Mullen,,2019-20,20.0,0,1,0,0,0,0,0,0,0,0,0,0,0.0,0,0,0,0,0,0,0,0,0,0,0,0
Alex Nunnally,Bluefield State,2019-20,20.0,0,5,0,3,0,0,1,1,1,2,6,0,14.97,3,8,0,0,0,0,0,0,0,1,2,0
Alex O'Connell,Duke,2019-20,20.0,22,74,7,41,5,8,14,8,0,7,26,12,20.0,24,52,11,28,5,9,8,9,2,8,19,7
Alex O'Neill,Illinois Wesleyan,2019-20,20.0,0,2,0,1,0,0,0,0,0,1,1,0,17.18,0,1,0,0,0,0,0,0,0,0,1,0
Alex Ogunseye,Central Oklahoma,2019-20,20.0,0,1,0,0,0,0,0,0,0,1,0,1,18.9,1,1,0,0,0,0,0,0,0,0,0,1
Alex Olesinski,UCLA,2019-20,20.0,8,19,4,9,0,3,4,4,5,7,13,3,20.0,3,11,1,5,4,4,3,4,2,5,17,0
Alex Pantelic,Flagler,2019-20,19.97,0,1,0,0,0,0,0,0,0,0,0,1,20.0,0,0,0,0,0,0,0,0,0,0,0,0
Alex Reed,The Citadel,2019-20,20.0,20,49,4,17,4,11,7,9,1,7,25,13,18.35,14,32,4,11,15,21,9,6,0,9,16,5
Alex Reese,Alabama,2019-20,20.0,46,118,22,78,11,16,21,9,16,14,59,28,20.0,41,109,24,81,17,30,7,3,13,17,53,20
Alex Timmerman,Bucknell,2019-20,20.0,1,4,0,1,2,2,1,0,1,1,3,2,17.65,5,8,1,2,0,1,0,3,1,1,4,1
Alex VanCrete,Wisconsin Lutheran,2019-20,20.0,2,7,1,4,0,0,0,0,1,0,0,2,14.83,0,1,0,1,0,0,0,0,0,0,1,0
Alex Vilarino,Boston University,2019-20,20.0,33,72,2,7,8,14,24,4,0,0,27,23,20.0,30,68,2,13,26,37,25,6,0,4,39,18
Alex Watson,Sacred Heart,2019-20,0.0,4,9,3,6,5,6,1,1,1,0,1,10,14.83,5,9,3,6,1,2,1,1,1,1,2,4
Alex Williams,Jarvis Christian,2019-20,20.0,2,4,1,1,1,2,0,0,0,0,0,0,14.53,0,1,0,0,1,2,3,1,0,0,1,2
Alexander Estrada,Concordia Texas,2019-20,20.0,1,5,0,2,0,0,0,0,0,0,1,0,14.75,0,1,0,1,0,0,1,0,0,0,1,1
Alexander Gorton,Palm Beach Atlantic,2019-20,20.0,1,4,0,2,0,0,0,0,0,0,2,1,20.0,0,0,0,0,0,0,0,0,0,0,0,0
Alexander Holmes,Arlington Baptist,2019-20,0.0,0,0,0,0,0,0,0,0,0,0,1,0,14.95,1,1,0,0,0,0,0,0,0,0,0,0
Alexander Robertson,Walla Walla University,2019-20,20.0,2,5,1,1,0,0,0,0,0,0,2,0,14.93,0,1,0,0,0,0,0,0,0,0,2,1
Alexander Strating,Colorado,2019-20,20.0,1,1,0,0,2,4,1,0,0,0,2,1,20.0,0,2,0,0,0,1,1,0,0,2,1,1
Alfis Pilavios,Old Dominion,2019-20,20.0,4,19,1,10,0,0,4,0,0,1,4,6,14.73,4,8,2,5,0,2,0,1,0,1,3,0
Alfonso Plummer,Utah,2019-20,20.0,11,37,6,27,4,6,2,2,0,1,4,1,14.98,24,46,15,33,0,0,3,3,0,1,7,4
Alfred Batmani,California Merced,2019-20,20.0,0,0,0,0,1,2,0,0,0,2,0,2,14.87,0,0,0,0,0,0,0,0,0,0,0,0
Alfred Hollins,Oregon State,2019-20,20.0,29,79,7,34,7,10,17,6,2,12,46,14,16.42,23,53,6,19,19,25,22,9,1,8,19,8
Alfredo Rodriguez,West New Mexico,2019-20,19.93,0,1,0,0,0,0,0,0,0,0,0,1,14.97,0,1,0,0,0,0,0,0,0,0,0,0
Algevon Eichelberger,Cleveland State,2019-20,20.0,69,154,3,10,28,40,17,8,11,36,49,46,14.95,68,147,2,8,62,102,13,12,13,32,48,30
Ali Ali,Akron,2019-20,19.92,5,12,1,5,5,9,8,7,1,9,16,10,18.48,5,12,0,3,1,2,8,3,0,5,14,9
Alice Lloyd,,2019-20,0.0,0,0,0,0,0,0,0,0,0,0,1,0,0.0,0,0,0,0,0,0,0,0,0,2,1,0
Alihan Demir,Minnesota,2019-20,20.0,36,81,6,23,8,9,17,8,5,16,47,12,14.98,39,91,3,23,26,35,20,4,6,17,51,15
Alimamy Koroma,Cal Poly,2019-20,19.97,25,46,0,4,14,23,3,3,7,7,29,21,14.85,20,34,0,0,16,26,0,3,7,11,25,7
Aljaz Kunc,Washington State,2019-20,20.0,30,61,16,35,6,10,8,9,6,13,26,7,15.05,12,51,5,29,16,21,1,3,3,13,32,5
Aljernod Terry,Gordon College,2019-20,20.0,0,3,0,1,0,0,0,0,0,0,6,3,20.0,1,6,1,2,0,0,2,1,0,2,8,3
Allan Jeanne-Rose,Fairfield,2019-20,20.0,15,34,2,15,8,12,6,7,7,8,17,20,20.0,10,27,0,6,4,6,5,7,0,5,17,9
Allante Harper,IU-Kokomo,2019-20,20.0,1,3,0,2,3,3,2,0,0,0,0,1,17.57,0,3,0,1,1,2,1,0,0,1,1,0
Allante Pickens,Flagler,2019-20,19.97,0,3,0,2,0,0,1,0,0,0,0,0,20.0,1,3,0,2,0,0,1,0,0,0,0,0
Allen Betrand,Towson,2019-20,20.0,62,149,21,53,11,12,23,5,2,11,23,37,18.17,75,151,21,47,54,61,17,10,3,12,27,28
Allen Flanigan,Auburn,2019-20,20.0,25,56,2,17,6,19,5,4,4,15,30,12,20.0,11,34,3,14,10,16,5,3,0,8,23,11
Allen Powell,Rider,2019-20,20.0,5,23,5,17,0,0,6,1,1,2,5,3,20.0,3,18,2,14,3,5,8,2,0,2,6,5
Allen Talybov,Portland Bible,2019-20,20.0,1,7,0,0,0,0,3,1,0,2,1,1,14.98,0,3,0,0,0,0,1,0,0,1,2,1
Allex Austin,Antelope Valley,2019-20,20.0,0,2,0,0,2,3,1,0,0,2,4,0,17.9,3,3,1,1,0,0,0,0,0,0,4,0
Allin Blunt,UMass Lowell,2019-20,20.0,18,48,1,10,20,31,14,2,0,7,20,16,18.8,14,32,4,10,10,17,7,1,0,14,5,12
Alon Peres,Northland College,2019-20,0.0,0,0,0,0,0,0,0,0,0,0,0,0,14.95,0,1,0,0,0,0,0,0,0,0,1,0
Alonde LeGrand,Detroit Mercy,2019-20,19.98,9,22,0,0,4,5,15,4,4,5,24,14,20.0,5,12,0,0,1,2,13,5,0,3,15,11
Alonde Legrand,Detroit Mercy,2019-20,0.0,0,2,0,0,0,0,3,4,1,3,12,5,17.92,3,8,0,2,4,5,1,5,0,3,7,3
Alondes Williams,Oklahoma,2019-20,20.0,27,75,10,37,14,22,12,2,0,8,27,17,17.8,43,84,7,22,12,17,5,9,2,3,22,18
Alonso Meana,Illinois-Springfield,2019-20,20.0,1,1,0,0,0,0,0,0,0,1,1,0,17.85,0,1,0,0,0,0,2,1,0,0,0,1
Alonzo Campbell,Alcorn State,2019-20,15.0,12,27,0,1,2,6,1,3,4,8,12,11,20.0,16,27,0,1,11,16,2,2,2,10,7,6
Alonzo Chatman,Davenport University,2019-20,20.0,1,3,0,0,0,0,0,0,0,1,1,2,19.45,1,2,0,0,0,0,0,0,0,0,0,0
Alonzo Gaffney,Ohio State,2019-20,20.0,4,8,1,3,0,1,1,1,2,2,9,7,14.97,4,9,0,3,0,1,0,0,2,1,7,2
Alonzo Ortiz-Traylor,Georgian Court,2019-20,20.0,0,3,0,1,0,0,2,1,1,0,1,3,20.0,2,6,2,2,0,0,0,0,1,0,6,4
Alonzo Sule,Texas State,2019-20,20.0,42,82,0,0,33,42,7,4,7,20,36,20,14.9,42,75,0,0,14,24,5,5,3,19,44,8
Alonzo Verge Jr,Arizona State,2019-20,20.0,0,0,0,0,0,0,31,0,0,0,0,0,20.0,0,0,0,0,0,0,21,0,0,0,0,0
Alonzo Verge Jr.,Arizona State,2019-20,20.0,73,172,9,36,13,21,6,26,1,8,38,35,20.0,77,172,13,37,54,71,4,12,2,8,40,23
Alonzo Walker,Portland State,2019-20,20.0,57,115,3,5,17,23,9,12,6,28,36,17,14.95,52,104,1,7,14,28,8,9,6,36,31,21
Alou Dillon,South Dakota State,2019-20,20.0,13,32,2,9,1,3,4,0,2,8,10,3,19.45,15,31,4,10,8,13,4,3,1,4,12,3
Alp Asut,Simpson University,2019-20,20.0,0,1,0,1,0,2,0,0,0,0,0,0,14.93,1,3,1,1,0,1,0,0,0,0,1,1
Alperen Kurnaz,Denver,2019-20,0.0,17,46,8,28,19,21,10,3,0,5,39,13,19.97,9,37,4,19,12,13,12,3,0,11,30,5
Alpha Diallo,Providence,2019-20,20.0,77,183,23,61,38,59,53,22,13,48,70,53,14.95,74,183,6,33,55,85,23,24,16,50,69,38
Alpha Okoli,,2019-20,0.0,0,0,0,0,0,0,0,0,0,0,0,1,0.0,0,0,0,0,0,0,0,1,0,0,1,0
Alphonso Anderson,Utah State,2019-20,20.0,48,107,8,32,25,33,19,9,4,20,44,24,20.0,43,78,10,25,26,34,12,9,2,13,38,18
Alsean Evans,Little Rock,2019-20,20.0,0,0,0,0,0,0,1,0,0,0,0,1,20.0,5,9,0,2,0,0,2,2,0,1,0,0
Alston Davis,Campbellsville,2019-20,20.0,1,3,1,3,0,0,0,0,0,0,2,1,14.98,1,2,1,2,0,0,1,0,0,0,0,0
Alterique Gilbert,UConn,2019-20,20.0,39,119,20,53,17,29,51,19,0,8,32,36,16.35,43,112,14,49,28,39,57,13,3,3,28,31
Alton Lister II,Notre Dame de Namur,2019-20,20.0,0,0,0,0,2,2,0,0,1,0,3,0,14.63,0,0,0,0,0,0,0,0,0,0,0,0
Alvin Stredic Jr,Arkansas-Pine Bluff,2019-20,0.0,0,0,0,0,0,0,0,0,0,0,0,0,17.92,0,0,0,0,0,0,3,0,0,0,0,0
Alvin Stredic Jr.,Arkansas-Pine Bluff,2019-20,0.0,1,6,0,0,2,4,0,2,0,2,9,9,14.9,5,11,0,0,7,14,0,1,1,4,8,3
Amadi Ikpeze,St. Bonaventure,2019-20,20.0,18,48,0,0,13,15,5,0,2,28,32,12,17.87,14,27,0,0,6,11,3,1,1,13,22,7
Amadou Sow,UC Santa Barbara,2019-20,20.0,65,124,5,16,20,21,11,7,9,23,68,32,17.98,75,134,8,19,59,85,10,10,20,37,62,38
Amadou Sylla,Tennessee Tech,2019-20,20.0,31,55,1,4,7,11,5,5,15,24,53,15,18.85,41,73,1,1,23,39,8,7,14,41,46,9
Amanze Ngumezi,Georgia,2019-20,20.0,13,27,1,4,4,6,2,1,3,4,8,6,18.05,5,11,0,3,2,5,1,0,3,1,4,3
Amar Ross,Bethesda,2019-20,20.0,1,8,0,4,0,0,0,1,0,0,2,1,14.88,4,7,1,2,3,6,3,0,0,0,2,3
Amari Davis,Green Bay,2019-20,20.0,108,209,0,3,32,57,20,19,3,22,41,29,16.57,100,195,0,4,57,69,28,13,3,24,42,24
Amari Haynes,New Orleans,2019-20,20.0,1,3,0,0,0,0,0,2,1,0,0,1,14.87,1,3,0,0,7,10,0,1,0,2,1,0
Amari McCray,Pacific,2019-20,20.0,43,74,0,0,8,17,9,5,8,21,39,19,19.57,31,52,0,0,11,17,5,5,8,18,25,18
Amarion Cash,West New Mexico,2019-20,19.93,0,1,0,1,0,0,0,0,0,0,0,1,14.97,0,0,0,0,0,0,0,0,0,0,0,0
Amauri Hardy,UNLV,2019-20,20.0,74,184,37,96,20,31,45,10,2,6,49,33,18.22,75,181,21,78,46,60,54,9,2,9,36,38
Ameer Bennett,Delaware State,2019-20,20.0,31,76,6,16,10,16,7,8,1,12,36,16,19.78,30,67,4,17,19,32,8,6,8,14,28,15
Ameka Akaya,Air Force,2019-20,20.0,14,25,2,3,4,4,4,3,1,3,6,10,14.77,10,20,1,3,5,6,3,1,0,1,7,4
Amel Kuljuhovic,Southern,2019-20,20.0,35,77,5,14,7,12,8,1,7,16,38,16,15.83,17,37,2,14,8,13,4,0,3,7,17,8
American,,2019-20,0.0,0,0,0,0,0,0,0,0,0,36,20,8,0.0,0,0,0,0,0,0,0,0,0,44,24,5
Amidou Bamba,Charlotte,2019-20,0.0,45,75,0,0,12,20,16,5,11,19,43,18,20.0,30,49,0,0,13,31,12,1,14,16,36,20
Amin Adamu,Montana State,2019-20,20.0,60,146,2,16,16,23,19,12,4,5,66,37,20.0,67,138,3,13,29,40,19,17,2,6,59,39
Amir Allen,Milwaukee,2019-20,0.0,10,20,0,1,15,19,2,1,7,20,12,9,14.1,10,25,0,0,9,20,4,1,5,24,12,5
Amir Gholizadeh,Chicago State,2019-20,20.0,18,59,10,33,12,16,11,6,3,5,27,27,18.08,38,82,19,54,17,23,8,8,0,2,24,20
Amir Harris,George Washington,2019-20,20.0,13,28,2,6,1,3,6,8,7,5,19,13,17.88,14,29,1,5,4,7,18,2,3,2,20,9
Amir Hicks,Saint Peter's,2019-20,0.0,0,0,0,0,0,0,0,0,0,0,0,0,19.75,0,0,0,0,0,0,1,0,0,0,0,1
Amir Smith,Hampton,2019-20,20.0,10,17,0,0,0,1,2,2,7,8,12,7,14.88,9,12,0,0,13,17,0,3,8,13,21,5
Amorie Archibald,Louisiana Tech,2019-20,20.0,47,111,23,61,19,21,30,6,1,5,31,13,14.92,48,114,24,63,37,47,32,10,1,12,33,21
Anand Hundal,Seattle,2019-20,0.0,5,10,2,6,1,2,0,0,2,4,5,2,14.82,10,16,4,9,1,1,1,1,1,5,8,1
Anderson (IN),,2019-20,0.0,0,0,0,0,0,0,0,0,0,2,0,1,0.0,0,0,0,0,0,0,0,0,0,0,1,0
Anderson Kopp,Lamar,2019-20,15.0,36,103,19,67,14,19,13,8,0,8,27,15,20.0,25,75,14,48,34,43,13,4,1,10,22,12
Anderson McCoy,Delta State,2019-20,0.0,0,0,0,0,0,0,0,0,0,0,0,2,14.98,0,3,0,2,0,0,4,0,0,0,0,2
Andi Vrapcani,Texas Lutheran,2019-20,20.0,0,2,0,2,0,0,0,0,0,0,0,2,14.9,0,0,0,0,0,0,0,0,0,0,0,0
Andray Thomas,Johnson & Wales (CO),2019-20,20.0,3,6,2,3,0,0,2,0,0,0,0,2,14.77,0,1,0,0,0,0,1,1,0,0,0,1
Andre Adams,Southern Utah,2019-20,18.5,30,45,0,0,9,13,5,4,14,14,41,19,20.0,44,72,0,0,11,17,7,7,12,24,44,18
Andre Allen,Life Pacific,2019-20,20.0,3,15,2,9,3,4,2,2,0,0,4,5,14.73,4,13,0,4,2,2,2,1,0,1,4,7
Andre Arissol,Chaminade,2019-20,20.0,8,19,5,12,3,4,1,3,0,0,1,4,14.72,6,17,3,12,0,0,2,2,0,1,1,4
Andre Campbell,Oberlin College,2019-20,20.0,2,6,0,0,0,0,0,0,0,0,0,0,14.98,0,2,0,0,0,0,0,1,0,0,0,1
Andre Fox,South Alabama,2019-20,20.0,55,149,25,82,29,36,26,15,3,8,42,22,14.68,61,142,29,73,54,61,19,13,1,4,35,23
Andre Gordon,Texas A&M,2019-20,20.0,35,108,11,41,5,7,23,11,1,1,22,28,18.83,29,73,10,32,12,17,18,12,0,4,25,21
Andre Green,Holy Names,2019-20,20.0,0,3,0,0,0,0,2,0,0,1,0,0,14.9,1,1,0,0,0,0,0,0,0,0,0,1
Andre Gustavson,Richmond,2019-20,15.75,16,41,2,14,10,10,10,14,2,7,31,10,20.0,26,53,4,19,13,18,9,8,4,12,20,7
Andre Jackson,North Carolina A&T,2019-20,20.0,22,63,14,41,9,16,4,5,1,2,19,8,14.98,11,49,2,21,9,23,10,2,1,6,12,18
Andre Johnson,Central Christian College,2019-20,20.0,0,1,0,0,0,0,1,0,0,0,1,0,14.87,4,6,0,0,0,1,0,0,0,2,1,1
Andre Jones,Nicholls,2019-20,16.48,76,155,7,29,14,17,40,27,8,10,33,33,20.0,77,141,13,33,27,39,43,17,4,13,19,28
Andre Kelly,California,2019-20,20.0,29,73,1,3,12,15,7,6,7,20,53,16,17.72,54,83,1,8,22,31,1,1,10,22,46,18
Andre Peguero,SUNY-Purchase,2019-20,20.0,0,1,0,0,3,4,2,0,4,3,5,1,14.82,3,5,0,0,0,0,0,1,0,1,1,1
Andre Toure,Howard,2019-20,20.0,12,28,1,5,2,9,7,6,2,6,6,10,17.98,8,16,0,2,3,10,3,3,3,6,13,7
Andre Wesson,Ohio State,2019-20,20.0,53,114,24,57,18,21,31,5,5,18,40,21,20.0,32,75,16,41,25,33,26,4,6,19,35,22
Andreas Brown,Eastern Oregon,2019-20,20.0,0,1,0,0,0,0,0,0,0,0,0,0,14.98,0,0,0,0,0,0,0,0,0,0,0,0
Andreas Koutsougeras,Mobile,2019-20,20.0,0,3,0,3,0,0,0,0,0,0,0,0,20.0,0,1,0,1,0,0,0,0,0,0,0,0
Andrei Arion,Lehigh,2019-20,20.0,1,3,0,0,0,0,6,0,0,0,9,6,14.98,0,4,0,2,0,2,4,0,0,1,5,5
Andrei Savrasov,Texas Tech,2019-20,20.0,3,8,2,7,0,0,0,0,0,1,7,3,14.92,5,12,3,8,0,0,2,1,0,2,2,0
Andres Feliz,Illinois,2019-20,18.92,58,130,10,31,24,29,48,13,1,11,58,19,20.0,61,128,7,30,51,69,38,10,0,17,64,24
Andres Rivera,Oneonta State,2019-20,20.0,6,12,0,0,1,2,1,2,1,0,3,0,17.78,4,13,1,3,2,2,0,1,1,1,2,0
Andres Villa,CSU San Bernardino,2019-20,20.0,3,4,0,0,1,1,0,1,0,0,3,0,14.98,1,1,0,0,2,4,0,0,0,0,3,2
Andres Werns,Brescia,2019-20,20.0,2,3,0,0,0,0,1,0,0,0,1,0,14.97,0,0,0,0,0,0,0,0,0,0,0,0
Andrew Adebo,St. Thomas (TX),2019-20,0.0,0,0,0,0,0,0,0,0,0,0,1,0,14.97,1,1,1,1,0,0,1,0,0,0,0,0
Andrew Aycoth,Cairn University,2019-20,20.0,0,4,0,3,0,0,0,0,0,0,0,0,14.98,0,0,0,0,0,0,0,0,0,0,0,0
Andrew Barrett,Drake,2019-20,0.0,0,0,0,0,0,0,0,0,0,0,0,0,14.98,1,1,1,1,0,0,0,0,0,0,0,0
Andrew Bruggink,Wisconsin Lutheran,2019-20,20.0,3,8,0,2,0,0,2,0,0,0,2,1,14.83,0,2,0,1,1,2,0,2,0,0,0,2
Andrew Curran,Simpson College,2019-20,20.0,3,5,1,2,0,0,2,1,0,0,1,0,14.98,1,2,1,2,0,0,1,0,0,0,3,3
Andrew Dufort,Pacific Oregon,2019-20,20.0,0,0,0,0,2,2,0,0,0,0,1,0,14.8,0,0,0,0,0,0,0,0,0,0,0,0
Andrew Eberhardt,Le Tourneau,2019-20,20.0,3,8,3,5,2,2,2,2,0,0,1,1,16.37,0,2,0,2,0,0,1,1,0,1,1,0
Andrew Fava,Loyola New Orleans,2019-20,20.0,1,4,1,3,0,0,1,1,0,0,1,0,14.77,1,6,0,3,0,0,1,0,0,0,0,1
Andrew Fleming,Lipscomb,2019-20,20.0,97,211,29,78,30,46,50,18,14,24,92,50,14.93,114,237,24,70,55,76,39,26,14,46,79,58
Andrew Funk,Bucknell,2019-20,20.0,61,157,24,83,9,12,28,11,4,2,49,25,20.0,69,172,26,82,25,37,25,12,3,5,64,25
Andrew Garcia,Stony Brook,2019-20,18.33,77,168,11,42,31,43,25,27,5,37,62,60,20.0,82,161,14,34,60,72,37,26,5,52,68,37
Andrew Gonzalez,,2019-20,0.0,0,0,0,0,0,0,0,0,0,0,0,0,0.0,0,0,0,0,0,0,0,0,0,0,1,1
Andrew Gordon,Louisiana Tech,2019-20,20.0,33,51,0,0,5,11,1,7,16,22,32,9,14.82,19,34,0,0,9,15,2,6,10,10,24,7
Andrew Johnson,Central Christian College,2019-20,20.0,3,3,3,3,0,0,1,0,0,0,2,2,14.87,1,2,1,1,0,0,0,0,0,0,0,2
Andrew Jones,Texas,2019-20,20.0,67,158,31,83,13,14,29,10,2,4,29,28,15.58,54,136,27,69,28,42,24,10,3,2,34,31
Andrew Kenny,Boston College,2019-20,20.0,1,4,1,4,0,0,0,0,0,0,3,0,15.55,2,5,2,3,1,2,0,0,1,0,1,2
Andrew Kostecka,Loyola (MD),2019-20,19.98,89,182,24,68,40,51,35,22,8,13,50,33,14.92,83,152,16,47,83,100,33,27,8,13,56,32
Andrew Leonard,West New Mexico,2019-20,0.0,0,0,0,0,0,0,0,0,0,0,1,0,14.97,3,6,2,4,0,0,0,0,0,0,0,0
Andrew Lewis,Chicago State,2019-20,20.0,44,103,9,31,44,52,14,14,4,8,36,32,18.08,38,102,7,24,44,50,15,9,0,12,31,23
Andrew Metcalf,St. Andrews,2019-20,0.0,0,0,0,0,0,0,0,0,0,0,0,0,14.98,1,1,0,0,0,0,0,0,0,0,0,0
Andrew Nembhard,Florida,2019-20,20.0,58,143,16,57,8,11,82,22,2,1,38,40,17.93,67,144,15,46,39,50,89,11,0,2,47,39
Andrew Petcash,Boston University,2019-20,20.0,30,66,27,60,6,7,13,9,5,2,21,8,20.0,20,53,12,44,5,7,5,9,1,3,13,10
Andrew Platek,North Carolina,2019-20,20.0,23,65,6,32,9,12,30,6,0,10,17,10,20.0,18,47,6,19,8,16,14,4,1,11,19,9
Andrew Puhl,Southwestern,2019-20,20.0,0,1,0,0,1,2,1,0,0,0,0,2,17.17,0,1,0,0,0,0,0,0,0,1,0,2
Andrew Robinson,Coppin State,2019-20,20.0,54,152,45,129,14,17,11,4,0,11,56,22,20.0,55,153,36,119,23,30,9,10,1,16,53,13
Andrew Shepherd,Wesley,2019-20,20.0,1,3,0,2,0,0,1,0,0,0,0,0,14.92,2,2,2,2,0,0,0,0,0,1,0,0
Andrew Stagni,Loyola New Orleans,2019-20,0.0,0,0,0,0,0,0,0,0,0,0,0,0,14.77,1,2,1,2,0,0,0,0,0,0,0,0
Andrew Stimpson,Piedmont,2019-20,20.0,1,3,1,2,0,2,3,1,0,0,1,2,14.97,0,2,0,2,0,0,2,1,1,0,2,1
Andrew Tate,,2019-20,0.0,0,0,0,0,0,0,0,0,0,0,0,1,0.0,0,0,0,0,0,0,0,0,0,0,0,0
Andrew Taylor,Marshall,2019-20,20.0,38,100,18,50,5,9,32,17,2,8,56,24,16.22,36,93,16,50,15,21,31,22,0,4,30,28
Andrew Voss,Florida College,2019-20,20.0,1,2,0,0,0,0,0,0,1,0,2,2,20.0,1,3,0,0,0,0,0,0,1,1,2,0
Andrew Walson,Regent University,2019-20,20.0,2,4,2,3,0,2,0,0,0,1,0,0,14.9,1,3,0,1,1,3,1,0,0,0,0,1
Andrew Walston,Regent University,2019-20,20.0,2,5,1,4,1,2,0,0,0,0,1,2,14.97,3,5,3,5,0,0,0,0,0,0,2,1
Andrew Williams,California Merced,2019-20,20.0,0,2,0,1,0,0,0,0,0,0,0,2,14.87,0,3,0,0,0,0,0,0,0,0,0,0
Andrew Wojcik,Wisconsin Lutheran,2019-20,20.0,0,1,0,1,0,0,0,0,0,0,2,2,14.83,1,2,0,0,0,0,0,0,0,2,0,0
Andrew Wyzykowski,Texas Lutheran,2019-20,0.0,0,1,0,0,0,0,1,0,0,0,1,2,14.9,0,2,0,0,0,0,1,0,0,0,0,2
Andrien White,Wake Forest,2019-20,20.0,44,110,28,70,20,25,27,9,0,6,55,33,20.0,40,115,26,76,28,34,15,13,1,3,43,26
Andrija Ristanovic,Iona,2019-20,15.0,4,14,3,10,0,0,1,2,3,1,9,6,20.0,4,10,2,8,1,2,2,2,3,0,6,2
Andy Isokpehi,Pacific Oregon,2019-20,20.0,0,0,0,0,0,0,2,0,0,1,1,0,14.8,1,4,0,2,3,3,0,1,0,0,1,1
Andy Pack,Elon,2019-20,20.0,7,40,5,24,4,4,6,1,0,3,21,6,20.0,7,21,4,9,4,5,6,0,0,2,13,2
Andy Van Vliet,William & Mary,2019-20,20.0,48,102,17,43,11,14,13,6,7,15,68,27,20.0,51,103,17,42,5,9,9,2,5,10,63,13
Anfernee McLemore,Auburn,2019-20,20.0,33,87,13,52,20,30,4,9,17,17,58,17,20.0,37,75,11,37,13,21,7,11,9,18,33,10
Angad Ahluwalia,Goucher,2019-20,20.0,0,1,0,1,0,0,0,0,0,0,0,0,14.88,0,0,0,0,0,0,0,0,0,0,0,0
Angel Pacheco-Ortiz,Cumberland College,2019-20,20.0,0,1,0,1,0,0,0,0,0,0,0,0,14.87,0,0,0,0,0,0,0,0,0,0,0,0
Angel Smith,Southern Miss,2019-20,20.0,1,2,1,1,0,0,0,0,0,0,1,0,20.0,2,5,1,3,0,0,0,1,0,1,2,3
Angelo Allegri,UNC Greensboro,2019-20,20.0,42,102,23,66,6,10,9,7,1,12,19,18,14.98,39,96,23,60,16,21,12,6,3,19,22,17
Angelo Sales Jr.,Newberry,2019-20,20.0,1,4,0,0,0,0,0,0,0,1,3,0,14.97,4,4,1,1,1,1,0,0,0,0,0,0
Angelo Sandoval,Life Pacific,2019-20,20.0,3,13,1,6,0,0,0,0,0,1,6,5,14.73,1,5,1,4,0,0,0,1,1,2,2,3
Angus McWilliam,UC Riverside,2019-20,20.0,34,65,4,13,13,22,1,3,6,21,43,13,19.27,29,64,3,15,28,36,1,2,7,33,36,20
Anieus Medrano,,2019-20,0.0,0,0,0,0,0,0,0,0,0,0,0,0,0.0,0,0,0,0,0,0,0,0,0,0,1,0
Anselm Uzuegbunem,SIU-Edwardsville,2019-20,20.0,24,47,0,0,11,13,12,6,7,16,56,16,20.0,15,36,0,0,24,40,6,1,9,19,25,12
Antanee Pinkard,James Madison,2019-20,20.0,3,7,0,2,4,6,2,5,0,3,12,3,15.5,2,6,0,1,0,1,1,0,0,1,2,2
Antares Gwyn,Martin Methodist,2019-20,20.0,0,5,0,1,0,0,1,1,0,0,1,1,17.83,3,5,1,1,0,1,0,0,0,2,2,1
Antaveus Brown,Notre Dame de Namur,2019-20,0.0,0,0,0,0,0,0,0,0,0,0,1,0,14.63,0,1,0,0,0,0,0,0,0,0,1,0
Antavion Collum,Ole Miss,2019-20,20.0,3,14,1,8,6,11,5,4,0,4,18,6,14.93,3,8,0,2,2,2,2,2,0,1,12,4
Ante Martinac,Peru State College,2019-20,0.0,0,0,0,0,0,0,0,0,0,0,0,0,14.88,2,4,2,3,0,0,1,1,0,0,0,1
Anthoney Ray,Coker,2019-20,0.0,0,0,0,0,0,0,0,0,0,0,0,0,17.92,2,2,2,2,0,0,0,0,0,0,0,0
Anthony Allen,Edinboro,2019-20,20.0,0,1,0,0,0,0,0,0,0,0,1,0,14.93,0,0,0,0,0,0,0,0,0,0,1,0
Anthony Bratton,UT Rio Grande Valley,2019-20,20.0,23,36,0,0,5,7,1,3,11,11,17,7,19.45,17,29,0,0,7,14,1,1,8,13,22,6
Anthony Burr,Bryn Athyn,2019-20,20.0,0,1,0,1,0,0,1,1,0,0,1,0,15.02,0,0,0,0,0,0,0,0,0,0,1,0
Anthony Cameron,Lamar,2019-20,20.0,2,6,0,0,2,2,0,0,0,0,4,1,14.95,1,3,0,0,0,0,1,1,0,3,0,1
Anthony Christian,Lindenwood,2019-20,20.0,0,3,0,0,0,0,0,0,0,1,1,4,14.98,0,2,0,0,0,0,1,0,0,0,2,1
Anthony Coleman,Edinboro,2019-20,20.0,0,7,0,4,3,4,0,0,0,0,2,1,14.93,4,9,0,1,2,2,1,1,0,1,0,1
Anthony Cooper,Caldwell College,2019-20,20.0,4,9,2,5,0,0,1,0,0,1,1,3,20.0,1,6,0,2,0,0,1,0,0,0,2,1
Anthony Cowan Jr,Maryland,2019-20,20.0,0,0,0,0,0,0,32,0,0,0,0,0,15.55,0,0,0,0,0,0,24,0,0,0,0,0
Anthony Cowan Jr.,Maryland,2019-20,20.0,68,163,25,70,69,85,38,11,4,10,45,37,15.55,68,185,30,101,100,123,49,18,0,7,49,32
Anthony Crump,Middle Tennessee,2019-20,20.0,7,17,0,1,7,13,14,6,2,10,22,10,18.0,5,10,2,2,5,12,9,2,1,3,14,6
Anthony Davis Jr.,Arkansas-Pine Bluff,2019-20,0.0,0,0,0,0,0,0,0,0,0,0,0,0,20.0,1,1,0,0,0,0,0,0,0,0,0,1
Anthony Dennis,Holy Names,2019-20,20.0,2,5,0,0,2,2,0,0,0,2,2,2,14.9,2,4,0,0,0,0,1,0,0,1,0,2
Anthony Duncan,Siena Heights,2019-20,20.0,1,3,0,0,1,2,0,0,0,1,5,3,14.9,3,7,0,0,1,2,0,0,2,1,1,0
Anthony Edwards,Georgia,2019-20,20.0,86,224,34,113,40,55,38,23,7,11,81,44,18.05,106,247,34,114,79,98,47,20,10,12,51,41
Anthony Fairley,Alcorn State,2019-20,0.0,13,24,0,0,4,7,7,6,7,16,37,7,14.98,12,21,0,0,9,17,3,2,10,9,14,7
Anthony Freeman,Urbana,2019-20,0.0,0,0,0,0,0,0,0,0,0,0,0,0,14.77,0,1,0,1,0,0,0,0,0,0,0,0
Anthony Gaines,Northwestern,2019-20,20.0,6,20,1,5,8,10,8,7,1,4,14,8,20.0,10,20,3,8,7,8,7,5,0,4,4,2
Anthony Gaston,Grambling,2019-20,20.0,15,41,3,13,7,10,7,5,1,6,14,11,19.92,9,21,3,9,18,23,4,3,0,1,13,12
Anthony Grandberry,Evergreen State,2019-20,20.0,3,4,3,4,0,0,1,0,0,0,1,1,20.0,0,2,0,1,0,0,0,0,0,0,2,2
Anthony Harris,North Carolina,2019-20,0.0,2,6,0,1,3,4,1,2,0,0,2,1,18.97,10,16,3,5,4,4,2,2,0,3,0,1
Anthony Hassell,Fisk,2019-20,20.0,0,2,0,1,1,2,0,0,0,1,1,1,14.77,0,4,0,2,0,0,0,0,0,0,0,0
Anthony Hawkins,Elizabethtown,2019-20,20.0,0,1,0,0,0,0,0,0,0,0,0,0,14.92,0,0,0,0,0,0,0,0,0,0,0,0
Anthony Holland,Fresno State,2019-20,20.0,14,47,12,38,4,6,9,6,1,11,48,9,17.85,18,38,16,32,14,20,9,9,7,18,49,6
Anthony Hughes,Millsaps,2019-20,20.0,2,7,1,2,0,0,1,0,0,0,1,2,14.93,2,6,0,1,0,2,1,0,0,1,1,1
Anthony Jeanty,Wilberforce,2019-20,20.0,1,5,0,2,0,0,0,0,0,0,0,1,14.83,0,1,0,0,0,0,0,0,0,0,0,1
Anthony Johnson,Oklahoma Christian,2019-20,20.0,1,7,0,3,1,1,0,2,0,0,3,1,14.88,0,4,0,1,2,2,0,2,0,0,2,0
Anthony Jones,Western Illinois,2019-20,20.0,23,55,3,16,14,18,7,5,0,6,34,16,20.0,15,35,3,7,8,12,3,6,0,2,26,16
Anthony Lamb,Vermont,2019-20,20.0,92,212,32,94,39,47,43,13,21,18,97,38,20.0,82,205,22,82,72,91,33,17,15,22,79,33
Anthony Longpre,Saint Joseph's,2019-20,20.0,25,64,11,33,10,11,18,7,4,9,51,26,20.0,25,54,8,28,19,32,28,0,2,11,38,14
Anthony Mathis,Oregon,2019-20,20.0,50,111,41,89,4,7,14,10,1,5,30,8,17.85,31,70,24,57,17,19,11,7,0,4,22,7
Anthony McClinton,Central Pennsylvania College,2019-20,0.0,0,0,0,0,0,0,0,0,0,1,0,0,14.93,1,1,0,0,0,1,0,1,0,0,0,1
Anthony Mendoza,Wisconsin Lutheran,2019-20,0.0,0,0,0,0,0,0,0,0,0,0,0,0,14.83,0,1,0,0,4,4,1,0,0,1,0,1
Anthony Miller Jr,Farmingdale State,2019-20,20.0,0,0,0,0,0,0,2,0,0,0,0,0,14.73,0,0,0,0,0,0,0,0,0,0,0,0
Anthony Miller Jr.,Farmingdale State,2019-20,20.0,1,3,1,1,0,0,0,1,0,1,2,2,14.73,1,1,1,1,3,3,0,0,0,0,1,2
Anthony Murphy,Drake,2019-20,20.0,60,119,20,51,32,49,37,6,9,18,71,29,15.35,43,107,12,45,42,56,14,15,3,20,55,28
Anthony Nelson,Seton Hall,2019-20,20.0,11,32,3,9,4,6,35,8,0,1,12,23,14.8,15,27,1,4,8,12,22,3,0,2,7,14
Anthony Ochefu,Stony Brook,2019-20,0.0,7,14,1,3,1,3,6,0,1,12,25,4,15.0,6,11,1,4,2,2,5,6,0,2,8,6
Anthony Ogrodnick,Westcliff,2019-20,20.0,0,1,0,1,0,0,0,0,0,0,0,0,14.65,0,0,0,0,0,0,0,0,0,0,0,0
Anthony Pena,Randall University,2019-20,20.0,0,4,0,1,0,0,0,0,0,3,0,0,14.98,0,0,0,0,0,0,0,0,0,0,0,0
Anthony Polite,Florida State,2019-20,20.0,30,75,16,43,9,12,16,17,3,8,30,14,20.0,27,68,16,47,10,14,15,14,3,16,31,15
Anthony Rego,Cleveland State,2019-20,0.0,0,5,0,1,1,2,0,0,0,2,2,0,14.98,1,3,0,2,1,1,1,0,0,0,1,0
Anthony Resendez,Pacific Union,2019-20,20.0,1,5,0,4,0,0,1,0,0,0,2,0,14.98,0,2,0,2,0,0,0,0,0,0,0,1
Anthony Ritter,,2019-20,13.5,1,2,1,2,0,0,0,0,0,0,0,0,0.0,0,0,0,0,0,0,0,0,0,0,0,1
Anthony Roberts,Kent State,2019-20,20.0,58,141,20,64,8,11,38,13,3,7,30,29,14.98,73,152,26,61,38,50,27,12,1,7,36,21
Anthony Smith,Murray State,2019-20,20.0,43,79,0,0,36,49,17,11,6,37,75,20,15.83,41,71,0,0,58,86,13,6,7,32,63,26
Anthony Starzynski,Pittsburgh,2019-20,0.0,0,0,0,0,0,0,0,0,0,0,0,0,17.83,1,6,1,6,0,0,0,0,0,0,0,1
Anthony Tarke,UTEP,2019-20,20.0,11,23,1,5,3,7,5,6,2,9,22,13,18.17,3,15,0,7,0,2,2,4,3,3,16,6
Anthony Vallejo,St. Louis,2019-20,20.0,0,2,0,0,0,0,0,0,0,1,6,1,14.88,2,2,0,0,0,0,0,0,0,1,0,0
Anthony Walker,Miami,2019-20,20.0,18,41,0,7,6,9,2,7,8,14,19,6,14.87,9,26,1,5,6,7,2,4,8,7,8,5
Anthony Ward,Campbellsville-Harrodsburg,2019-20,20.0,5,8,0,1,2,2,0,0,0,4,0,1,14.9,5,5,0,0,0,0,0,0,0,1,2,0
Anthony Westhusing,Luther,2019-20,20.0,2,3,1,2,0,0,1,0,0,0,0,0,14.87,0,3,0,2,0,0,0,0,0,0,0,0
Anthony Williams,Emory & Henry,2019-20,20.0,1,2,1,2,1,2,0,0,0,0,0,1,14.93,0,0,0,0,0,0,1,1,0,0,0,0
Antione Lister,Prairie View A&M,2019-20,20.0,33,75,10,34,13,17,6,7,8,9,21,18,14.53,19,65,12,39,18,26,7,6,4,11,13,9
Anto Keshgegian,,2019-20,0.0,0,0,0,0,0,0,0,0,0,0,0,0,0.0,0,0,0,0,0,0,0,0,0,1,0,0
Antoine Darby,Campbellsville-Harrodsburg,2019-20,20.0,3,11,0,6,0,2,3,2,0,2,7,3,14.9,3,9,3,6,0,0,4,0,0,0,4,3
Antoine Davis,Detroit Mercy,2019-20,20.0,121,311,49,151,55,62,66,24,2,5,47,69,17.92,110,284,50,146,89,95,61,27,1,2,38,63
Antoine Henderson,Concordia Texas,2019-20,20.0,0,3,0,0,0,0,0,0,0,0,0,0,14.75,0,1,0,0,0,0,0,0,0,0,0,0
Antoine Joe,Saint Thomas Univers,2019-20,20.0,1,2,1,2,0,0,0,0,0,0,0,3,14.98,0,4,0,4,1,3,0,0,0,0,0,0
Antoine Pittman,Maryville University,2019-20,20.0,2,13,0,6,2,2,0,0,0,0,1,4,14.77,3,6,1,3,0,1,2,1,0,0,4,4
Antoine Revere,Pine Manor,2019-20,20.0,0,4,0,0,0,0,3,0,0,2,1,1,14.98,0,0,0,0,0,0,2,0,0,0,1,3
Antoine Vernon,Oregon State,2019-20,20.0,1,5,1,4,0,0,8,2,0,0,10,4,20.0,2,5,1,2,1,3,10,3,0,0,8,3
Antoine Wilder,Portland Bible,2019-20,20.0,2,5,0,2,1,2,2,1,0,0,3,7,14.98,3,6,0,2,0,0,0,1,0,1,6,2
Anton Watson,Gonzaga,2019-20,20.0,11,24,0,6,11,19,16,12,4,8,20,5,14.88,15,26,1,3,4,8,7,5,4,7,11,7
Antonio Bilbo,Southeastern Baptist College,2019-20,20.0,0,1,0,1,0,0,0,0,0,0,0,0,14.88,0,0,0,0,0,0,0,0,0,0,0,0
Antonio Daye Jr,Florida International,2019-20,20.0,0,0,0,0,0,0,61,0,0,0,0,0,20.0,0,0,0,0,0,0,52,0,0,0,0,0
Antonio Daye Jr.,Florida International,2019-20,20.0,33,93,6,24,24,34,0,26,0,6,31,51,20.0,51,117,9,24,39,58,0,16,2,4,32,49
Antonio Gardner,Carver Bible College,2019-20,20.0,4,14,1,4,0,0,4,0,0,1,9,17,14.93,4,12,2,4,6,6,3,1,1,0,6,11
Antonio Gordon,Kansas State,2019-20,20.0,22,54,5,23,4,12,4,10,5,15,32,15,18.32,15,40,7,20,13,22,4,4,2,19,26,11
Antonio Green,Middle Tennessee,2019-20,20.0,58,157,36,108,19,22,42,10,2,3,43,28,20.0,58,161,33,98,27,36,34,20,1,5,38,33
Antonio McQueen,Hiram,2019-20,20.0,2,3,0,0,0,0,0,0,0,0,3,0,14.98,1,2,0,0,0,0,0,0,0,0,0,1
Antonio Pilipovic,Drake,2019-20,20.0,17,39,9,28,2,3,24,5,2,4,16,15,15.35,12,31,8,25,0,1,11,4,2,1,16,9
Antonio Ralat,UAB,2019-20,20.0,13,27,4,9,3,3,8,6,0,1,14,11,18.52,15,36,7,17,13,14,7,4,0,3,19,5
Antonio Reeves,Illinois State,2019-20,20.0,43,91,15,46,8,13,10,14,2,8,22,16,20.0,34,104,16,50,18,25,9,4,0,6,34,13
Antonio Rizzuto,Albany,2019-20,0.0,33,99,23,71,7,10,16,15,1,3,32,12,14.9,37,91,28,72,6,10,18,16,1,8,26,16
Antonio Smith,Johnson & Wales (NC),2019-20,20.0,3,11,0,0,4,4,0,1,2,6,6,3,17.75,4,8,1,3,1,1,0,1,1,2,4,1
Antonio Spencer,Kennesaw State,2019-20,20.0,16,33,0,0,3,6,3,2,8,21,26,17,15.35,18,29,0,0,3,4,3,4,7,23,20,8
Antonio Thomas,Bradley,2019-20,20.0,9,32,0,5,9,12,14,6,0,1,12,9,14.92,7,17,0,3,3,5,6,2,0,2,10,6
Antonio Williams,Kent State,2019-20,20.0,82,150,8,22,29,42,56,20,7,19,41,45,14.98,80,170,11,36,44,68,47,16,9,19,32,34
Antonis Pefanis,Florida Tech,2019-20,20.0,0,1,0,1,0,0,0,0,0,0,0,0,17.75,0,1,0,1,0,0,1,0,0,0,1,0
Antony Edwards,Middle Georgia State,2019-20,20.0,3,10,0,4,3,4,0,2,2,0,4,2,19.47,5,11,0,1,3,3,3,1,0,1,6,3
Antoyne Jackson,IU-Kokomo,2019-20,20.0,1,1,0,0,0,0,0,0,0,2,0,0,17.57,0,0,0,0,0,0,0,0,1,0,0,1
Antun Maricevic,South Florida,2019-20,20.0,22,48,0,1,9,13,6,7,2,25,31,12,14.9,24,31,0,0,10,11,1,4,1,12,14,9
Antwain Johnson,Buffalo,2019-20,20.0,52,153,16,73,30,38,26,17,8,10,51,27,20.0,59,155,20,68,48,57,19,7,3,6,33,15
Antwan Kimmons,Northern Iowa,2019-20,20.0,18,44,3,13,6,10,10,8,0,3,16,13,18.6,11,20,1,4,7,13,9,2,0,1,11,8
Antwan Walker,Rhode Island,2019-20,15.0,24,41,2,6,7,12,9,9,5,9,26,15,20.0,20,37,1,4,9,13,3,3,6,12,24,9
Antwon Jackson,Arkansas State,2019-20,20.0,13,33,0,0,17,28,11,11,5,16,31,16,17.73,14,23,0,0,13,20,8,7,1,16,14,5
Antwon Portley,Fordham,2019-20,20.0,28,90,14,43,10,14,23,6,0,4,40,26,20.0,44,104,18,59,38,47,21,15,1,1,33,19
Antwon Winn,Haskell,2019-20,20.0,3,5,2,4,2,3,1,1,1,0,1,0,14.92,0,2,0,2,1,2,0,1,0,0,2,0
Antwuan Butler,Austin Peay,2019-20,20.0,30,85,5,22,21,29,47,12,0,4,22,17,14.98,29,74,11,27,17,26,39,13,2,8,15,17
Anyeuri Castillo,Kent State,2019-20,0.0,1,2,0,1,0,1,2,1,0,0,1,1,14.9,3,4,2,3,2,2,1,1,0,1,0,1
Anzac Rissetto,Charlotte,2019-20,0.0,0,0,0,0,0,0,0,0,0,0,0,0,17.98,0,1,0,0,0,0,0,0,1,0,1,1
Appalachian State,,2019-20,0.0,0,0,0,0,0,0,0,0,0,46,22,6,0.0,0,0,0,0,0,0,0,0,0,56,22,5
Apprentice School,,2019-20,0.0,0,0,0,0,0,0,0,0,0,2,1,0,0.0,0,0,0,0,0,0,0,0,0,1,2,0
Aramani Hill,,2019-20,15.08,0,1,0,0,0,0,1,0,0,1,0,1,0.0,0,1,0,0,0,0,0,0,0,0,1,0
Arashma Parks,Temple,2019-20,20.0,9,21,0,0,5,10,2,3,0,13,14,9,20.0,12,23,0,0,8,14,1,1,1,14,10,8
Arescole Hudson,Wilberforce,2019-20,20.0,0,0,0,0,0,0,1,0,0,0,1,0,14.83,0,2,0,0,0,0,0,0,0,0,0,0
Ari Boya,Bradley,2019-20,20.0,21,31,0,0,4,8,3,0,19,18,38,11,19.72,9,15,0,0,5,11,3,2,18,11,22,2
Arian Azemi,Rutgers-Camden,2019-20,20.0,3,7,0,2,1,5,2,2,0,1,1,6,14.82,2,9,0,3,1,1,2,1,0,1,1,3
Arin Taylor,,2019-20,0.0,0,0,0,0,0,0,0,0,0,0,0,0,0.0,0,0,0,0,0,0,0,1,0,0,0,2
Arinze Chidom,UC Riverside,2019-20,20.0,43,79,16,35,18,26,15,9,4,18,51,29,20.0,43,89,11,26,22,30,12,8,7,18,51,21
Aristotelis Sotiriou,Texas A&M-CC,2019-20,0.0,0,2,0,0,0,0,0,0,0,0,2,2,14.82,2,4,0,0,0,1,1,0,1,2,5,2
Ariyon Williams,Champion Christian College,2019-20,20.0,0,2,0,0,0,0,3,1,0,0,3,4,14.98,0,0,0,0,0,0,0,1,0,0,2,5
Arizona,,2019-20,0.0,0,0,0,0,0,0,0,0,0,32,30,2,0.0,0,0,0,0,0,0,0,0,0,34,29,5
Arizona State,,2019-20,0.0,0,0,0,0,0,0,0,0,0,37,37,7,0.0,0,0,0,0,0,0,0,0,0,43,23,5
Arkansas,,2019-20,0.0,0,0,0,0,0,0,0,0,0,20,25,4,0.0,0,0,0,0,0,0,0,0,0,17,14,4
Arkansas State,,2019-20,0.0,0,0,0,0,0,0,0,0,0,33,15,4,0.0,0,0,0,0,0,0,0,0,0,61,11,1
Arkansas Tech,,2019-20,0.0,0,0,0,0,0,0,0,0,0,1,0,3,0.0,0,0,0,0,0,0,0,0,0,1,1,0
Arkansas-Monticello,,2019-20,0.0,0,0,0,0,0,0,0,0,0,1,0,1,0.0,0,0,0,0,0,0,0,0,0,0,0,0
Arkansas-Pine Bluff,,2019-20,0.0,0,0,0,0,0,0,0,0,0,43,29,6,0.0,0,0,0,0,0,0,0,0,0,71,28,7
Arkel Lamar,UMBC,2019-20,20.0,4,12,1,8,0,0,4,5,1,2,9,1,20.0,1,7,1,5,1,2,2,2,0,1,7,1
Arlington Baptist,,2019-20,0.0,0,0,0,0,0,0,0,0,0,2,2,2,0.0,0,0,0,0,0,0,0,0,0,1,0,0
Armaan Franklin,Indiana,2019-20,20.0,19,54,7,28,8,13,24,3,1,0,22,14,14.92,17,50,7,29,10,15,10,4,1,2,16,11
Armando Bacot,North Carolina,2019-20,20.0,59,121,0,0,39,60,16,7,15,43,101,31,20.0,47,106,0,0,35,56,20,9,20,39,72,22
Armani Harris,Kennesaw State,2019-20,20.0,2,10,0,0,3,8,4,2,0,6,10,5,15.35,10,20,0,1,13,20,6,3,2,14,7,4
Armani Hill,South Carolina State,2019-20,20.0,5,6,0,0,1,4,1,0,0,3,0,3,20.0,4,4,0,0,7,11,0,1,1,2,3,2
Armel Potter,George Washington,2019-20,20.0,43,116,1,17,21,26,82,5,1,6,28,38,18.17,69,138,6,17,78,101,65,15,2,7,35,51
Armel TeTe,Presbyterian,2019-20,20.0,0,1,0,0,0,0,0,0,0,0,1,1,19.63,0,0,0,0,0,0,0,0,0,0,0,1
Armon Harried,Canisius,2019-20,20.0,49,128,17,54,16,31,13,13,2,10,53,21,19.78,27,95,8,47,7,10,11,18,2,8,17,13
Army,,2019-20,0.0,0,0,0,0,0,0,0,0,0,27,27,7,0.0,0,0,0,0,0,0,0,0,0,59,31,6
Arnaldo Toro,George Washington,2019-20,20.0,26,62,0,0,14,21,4,3,9,34,48,11,18.17,28,53,0,0,12,30,5,2,4,30,42,9
Arne Morris,Alcorn State,2019-20,0.0,15,32,8,13,9,13,16,4,1,2,7,16,14.93,9,25,4,10,8,10,12,8,0,0,11,7
Arnold Agard,St. Francis (ILL),2019-20,0.0,0,0,0,0,0,0,0,0,0,0,0,1,17.92,1,2,0,0,0,0,0,0,0,0,0,0
Arother Ratliff,Tougaloo,2019-20,0.0,0,0,0,0,0,0,0,0,0,0,1,0,14.8,1,1,0,0,0,0,0,0,0,0,0,0
Artavious McDyess,Arkansas-Pine Bluff,2019-20,20.0,19,30,0,0,7,19,6,2,4,17,30,15,20.0,7,17,0,0,7,21,4,3,3,8,13,8
Artur Borges Paraizo,Walla Walla University,2019-20,20.0,0,1,0,1,0,0,0,0,0,0,0,3,14.93,0,1,0,1,0,0,1,0,0,0,0,0
Artur Konontsuk,Southern Miss,2019-20,20.0,35,83,18,50,9,10,15,4,6,15,39,21,14.98,33,76,6,30,14,21,12,9,3,6,37,27
Artur Labinowicz,Evansville,2019-20,20.0,30,79,12,36,9,12,17,9,3,4,31,23,20.0,30,67,7,19,23,35,12,5,1,10,25,17
Arturro Bingham,Milwaukee,2019-20,20.0,11,28,8,23,2,2,5,3,0,4,7,2,18.85,9,25,5,17,1,1,3,3,1,2,4,1
Asa Shannon,Columbia,2019-20,15.0,1,1,1,1,2,2,0,0,0,0,2,2,20.0,0,1,0,1,0,0,0,0,0,0,1,0
Asante Gist,Iona,2019-20,15.0,24,62,16,45,8,11,23,5,1,1,15,12,20.0,26,62,12,30,11,15,15,2,0,4,13,14
Asanti Price,Georgia Tech,2019-20,15.0,8,24,0,13,2,7,5,5,0,5,11,7,20.0,4,20,1,10,0,0,5,5,3,2,9,8
Asbjorn Midtgaard,Wichita State,2019-20,20.0,8,14,0,0,2,10,6,2,8,11,14,8,17.78,6,12,0,0,3,6,2,0,3,6,10,3
Ashanti Hunter,Bethesda,2019-20,20.0,2,3,0,0,0,0,0,1,0,0,0,0,14.88,0,0,0,0,0,0,0,0,0,0,0,0
Asher Blum,Cumberland College,2019-20,20.0,0,1,0,0,0,0,0,2,0,0,1,0,14.87,0,0,0,0,0,0,0,0,0,0,0,0
Ashford Golden,Mid-America Christian,2019-20,20.0,4,6,1,2,1,2,1,1,0,0,2,3,14.8,1,2,0,0,0,0,1,0,0,0,1,3
Ashton Hagans,Kentucky,2019-20,20.0,64,142,10,33,38,46,89,33,2,4,53,56,20.0,40,118,5,28,73,91,94,20,3,4,58,46
Ashton McClelland,Texas Southern,2019-20,0.0,0,0,0,0,0,0,0,0,0,0,0,0,14.75,0,2,0,1,1,2,0,0,0,0,1,1
Ashton Miller,Duquesne,2019-20,20.0,5,24,2,14,0,0,1,3,0,2,7,4,20.0,3,10,1,8,3,6,2,0,1,1,2,2
Ashton Smith,Chattanooga,2019-20,0.0,0,0,0,0,0,0,0,0,0,0,0,0,14.87,0,1,0,1,0,0,0,0,0,0,0,0
Ashtyn Bradley,Long Island University,2019-20,20.0,1,5,0,3,2,3,1,1,0,1,2,1,20.0,3,10,2,8,3,3,2,1,0,1,1,1
Assane Diouf,Fresno State,2019-20,20.0,3,11,0,1,2,6,0,0,4,5,8,10,17.85,3,4,0,0,0,1,0,0,0,1,9,2
Atakan Sahinkaya,Troy,2019-20,20.0,5,11,0,5,2,8,2,2,3,5,14,6,14.92,4,16,1,4,6,11,6,6,3,8,12,7
Atem Bior,UTSA,2019-20,20.0,20,47,2,5,6,10,10,3,3,15,42,21,17.8,25,44,4,5,6,9,7,10,4,10,38,14
Atiba Taylor,Wagner,2019-20,20.0,1,5,0,2,0,0,1,1,0,2,1,1,14.8,0,1,0,1,0,0,1,0,0,0,0,0
Au'Diese Toney,Pittsburgh,2019-20,20.0,48,113,9,31,26,40,19,16,1,34,44,16,20.0,55,108,13,33,24,39,17,21,1,23,40,16
Aubrey Johnson,Oklahoma Christian,2019-20,20.0,0,2,0,1,0,0,0,1,0,0,0,2,14.88,0,2,0,2,0,0,0,0,0,0,1,0
Aubrey Stevens,Central Pennsylvania College,2019-20,20.0,3,7,1,2,0,0,0,0,0,1,2,3,14.93,2,5,0,1,0,0,1,2,0,0,3,3
Auburn,,2019-20,0.0,0,0,0,0,0,0,0,0,0,42,33,3,0.0,0,0,0,0,0,0,0,0,0,29,28,6
Auburn-Montgomery,,2019-20,0.0,0,0,0,0,0,0,0,0,0,2,1,0,0.0,0,0,0,0,0,0,0,0,0,1,0,0
August Mahoney,Yale,2019-20,15.0,16,32,9,21,4,5,6,2,0,2,16,5,20.0,14,29,7,16,6,6,13,4,2,4,13,9
Augustine Ene,Incarnate Word,2019-20,20.0,32,62,8,25,9,14,11,12,6,11,18,15,14.63,26,70,6,28,9,13,8,3,4,9,20,18
Aumonie Armond,,2019-20,5.52,0,3,0,1,0,0,0,0,0,1,5,0,0.0,2,3,0,1,0,1,0,0,0,0,1,0
Aundrae Williams,Illinois-Springfield,2019-20,0.0,0,0,0,0,0,0,0,0,0,0,0,0,17.85,1,2,0,1,1,1,0,0,0,1,0,1
Aundre Hyatt,LSU,2019-20,20.0,10,35,5,23,4,4,6,3,7,6,22,6,19.83,9,27,6,21,0,0,1,7,1,7,17,4
Austen Awosika,CSU Fullerton,2019-20,20.0,75,173,6,27,31,53,72,18,4,8,58,31,17.67,60,131,2,23,43,84,48,16,3,13,49,34
Austin Allemeier,,2019-20,3.7,0,3,0,2,0,0,2,1,0,0,0,1,0.0,0,0,0,0,0,0,0,0,0,0,0,0
Austin Allen,Washington College (MD),2019-20,20.0,0,3,0,0,0,0,0,0,0,0,0,2,14.58,2,2,0,0,0,2,0,0,0,0,0,0
Austin Armstead,St. Katherine,2019-20,20.0,2,13,0,6,3,6,2,0,1,0,2,4,14.85,8,12,0,1,1,1,1,0,1,1,3,2
Austin Arnold,St. Thomas (TX),2019-20,20.0,4,5,4,5,0,0,0,0,0,0,1,0,20.0,1,3,0,2,0,0,0,0,0,0,1,0
Austin Ash,Iowa,2019-20,0.0,0,1,0,1,1,2,1,2,0,0,2,0,20.0,2,5,2,5,0,0,0,0,0,0,1,0
Austin Branagan,Goshen College,2019-20,20.0,2,4,0,2,1,2,0,0,0,3,0,0,14.93,2,4,1,3,0,0,1,0,0,0,1,1
Austin Butler,Holy Cross,2019-20,20.0,62,143,18,54,19,28,30,12,1,21,62,42,15.55,66,156,18,46,32,43,34,13,2,19,70,33
Austin Crowley,Ole Miss,2019-20,20.0,13,36,4,15,8,10,26,5,1,3,17,13,14.93,12,37,4,19,3,5,22,6,0,6,12,5
Austin Davis,Michigan,2019-20,0.0,22,32,0,0,8,12,1,2,2,9,14,13,14.95,22,33,0,0,4,9,1,3,3,12,17,5
Austin Denham,Benedictine (AZ),2019-20,20.0,3,6,2,4,0,0,1,1,0,0,2,2,14.88,1,3,0,2,0,0,1,0,0,0,6,2
Austin Dill,William Jessup,2019-20,20.0,2,3,0,0,1,2,0,0,0,0,1,0,14.92,1,2,0,0,0,1,0,0,0,2,1,0
Austin Downing,Quincy,2019-20,20.0,0,2,0,0,0,0,2,0,0,0,1,5,20.0,1,5,0,2,0,0,1,1,0,1,4,4
Austin Galuppo,Weber State,2019-20,0.0,5,20,2,14,2,5,2,1,0,0,9,5,17.7,6,16,4,10,3,4,5,2,0,0,6,5
Austin Gilyard,Mars Hill,2019-20,20.0,8,19,5,7,2,2,4,0,0,0,8,6,20.0,11,24,6,11,13,14,2,1,0,3,7,7
Austin Grunder,SUNY-Cortland,2019-20,20.0,2,5,1,3,0,0,1,0,1,0,3,3,14.93,1,6,0,1,0,0,0,0,0,2,2,2
Austin Hall,Nebraska Wesleyan,2019-20,20.0,0,1,0,0,0,1,2,0,0,0,1,0,17.92,0,0,0,0,0,0,0,0,0,0,0,0
Austin Hardy,Ark Monticello,2019-20,20.0,0,2,0,2,0,0,0,0,0,0,2,0,17.73,1,2,1,2,2,2,0,0,0,0,1,1
Austin Harless,,2019-20,0.0,0,0,0,0,0,0,0,0,0,0,0,0,0.0,0,0,0,0,0,0,0,1,0,0,1,2
Austin Haskell,Hartwick,2019-20,20.0,2,3,0,0,2,2,1,0,0,2,2,1,14.98,3,9,0,2,3,5,0,0,0,1,2,1
Austin Jackson,,2019-20,0.0,0,0,0,0,0,0,0,0,0,0,0,0,0.0,0,0,0,0,0,0,0,0,0,0,1,1
Austin Johnson,UC Irvine,2019-20,19.98,30,48,0,0,18,20,1,1,14,18,43,18,20.0,10,16,0,0,19,28,4,1,15,14,21,16
Austin Juergens,Eureka College,2019-20,20.0,0,6,0,2,4,4,1,0,0,1,1,3,14.97,0,2,0,2,0,0,0,0,0,0,1,2
Austin Laatsch,Delta State,2019-20,20.0,3,5,2,4,0,0,1,1,0,1,1,0,14.98,0,1,0,1,0,0,0,0,0,0,1,0
Austin Ladd,Oakland City,2019-20,20.0,0,0,0,0,0,0,1,0,0,0,1,1,14.98,1,1,0,0,0,0,0,1,0,0,0,0
Austin Lavitt,,2019-20,0.0,0,0,0,0,0,0,0,0,0,0,0,0,0.0,0,0,0,0,0,0,0,0,1,1,0,2
Austin Luger,Nebraska Kearney,2019-20,20.0,1,1,0,0,0,0,1,0,0,0,1,1,17.83,1,4,0,2,2,2,1,0,0,2,1,1
Austin Lyons,Anderson (IN),2019-20,20.0,1,3,1,3,0,0,0,0,0,1,0,1,14.88,0,2,0,2,0,0,0,1,0,0,2,2
Austin McCullough,Campbell,2019-20,20.0,24,53,15,40,9,10,4,2,0,2,16,3,20.0,18,41,14,32,7,8,2,7,0,1,13,8
Austin Moore,Hendrix College,2019-20,20.0,0,1,0,1,0,0,0,0,0,0,0,0,15.55,0,1,0,1,0,0,1,0,0,0,0,0
Austin Mueller,Wyoming,2019-20,0.0,6,14,0,1,0,1,4,1,1,2,6,5,18.73,1,7,0,1,1,2,0,0,0,2,6,3
Austin Nwafor,Connecticut College,2019-20,20.0,1,1,0,0,0,0,0,1,0,0,0,1,14.67,0,0,0,0,0,0,0,0,0,0,0,0
Austin Ohara,,2019-20,13.5,0,0,0,0,0,0,1,0,0,0,0,1,0.0,0,0,0,0,0,0,0,0,0,0,0,0
Austin Peay,,2019-20,0.0,0,0,0,0,0,0,0,0,0,36,34,6,0.0,0,0,0,0,0,0,0,0,0,30,11,10
Austin Phyfe,Northern Iowa,2019-20,20.0,77,108,0,0,13,25,36,9,16,42,84,31,20.0,53,82,0,0,36,56,24,7,10,55,57,19
Austin Reaves,Oklahoma,2019-20,20.0,61,166,19,73,54,61,35,13,2,7,65,34,17.8,76,189,23,87,81,97,52,15,6,9,78,41
Austin Rogers,Alabama State,2019-20,20.0,14,40,6,23,1,4,5,11,5,5,14,9,14.88,10,22,5,12,0,2,4,6,3,3,6,3
Austin Rotroff,Duquesne,2019-20,20.0,7,10,0,0,1,6,3,0,3,5,7,5,14.77,5,6,0,0,2,2,1,0,1,2,4,0
Austin Schaub,Tiffin,2019-20,20.0,0,2,0,2,0,0,0,1,0,1,2,0,15.38,0,1,0,1,0,0,0,1,0,0,1,0
Austin Smellie,Idaho State,2019-20,20.0,27,58,13,30,8,15,14,5,3,2,22,11,18.73,33,78,7,31,29,36,16,7,2,12,28,18
Austin Vereen,Pacific,2019-20,20.0,20,58,10,27,5,9,4,5,1,17,19,8,19.57,20,46,10,24,15,17,8,10,5,17,20,3
Austin Washburn,William & Mary,2019-20,0.0,0,0,0,0,0,0,0,0,0,0,0,0,14.92,0,2,0,1,0,0,1,1,0,0,1,0
Austin Wiley,Auburn,2019-20,20.0,49,80,0,0,50,73,6,10,21,43,76,31,20.0,51,95,0,1,49,79,8,6,27,55,81,18
Austin Williams,Yale,2019-20,15.0,5,15,0,6,8,8,0,0,0,2,6,7,20.0,3,4,0,0,1,3,0,0,0,0,2,4
Austin Wills,Trevecca Nazarene,2019-20,20.0,5,7,5,7,0,0,0,0,0,0,1,1,14.88,2,4,2,3,0,0,0,0,0,0,0,1
Auston Leslie,Southern Miss,2019-20,0.0,1,10,0,6,1,2,3,1,2,4,3,4,14.85,5,16,3,10,0,0,1,3,1,4,2,6
Austyn Ellison,Eureka College,2019-20,0.0,0,0,0,0,0,0,0,0,0,0,0,2,14.97,0,1,0,1,2,2,0,0,0,0,0,1
Averett,,2019-20,0.0,0,0,0,0,0,0,0,0,0,3,1,0,0.0,0,0,0,0,0,0,0,0,0,1,1,0
Averi Parker,Polytechnic University,2019-20,20.0,0,5,0,1,2,2,1,1,0,1,2,2,14.73,1,3,0,0,2,2,0,0,0,0,1,1
Avery Anderson III,Oklahoma State,2019-20,20.0,19,52,1,8,10,12,20,12,2,2,25,17,17.52,21,56,1,13,14,17,14,15,2,6,21,28
Avery Benson,Texas Tech,2019-20,20.0,9,19,4,11,6,7,3,3,2,11,10,1,14.92,8,16,4,7,1,1,1,8,5,2,13,0
Avery Close,Gettysburg,2019-20,20.0,1,2,0,0,0,0,0,0,0,0,0,2,17.9,2,4,0,2,1,2,2,0,0,1,2,1
Avery Diggs,UCF,2019-20,20.0,16,46,1,5,6,6,8,5,5,13,25,14,20.0,22,32,0,1,4,7,6,5,8,7,21,14
Avery Morton,Elizabethtown,2019-20,20.0,2,3,1,1,0,0,0,0,0,1,2,1,14.92,0,0,0,0,0,0,0,0,0,0,0,0
Avery Payne,Randolph College,2019-20,20.0,0,0,0,0,0,1,0,0,0,0,1,1,15.12,0,0,0,0,1,2,0,0,0,0,0,1
Avery Rembao,Western Colorado,2019-20,20.0,0,3,0,2,0,0,1,0,0,0,2,4,17.95,0,2,0,2,1,5,3,0,1,0,2,1
Avery Stuart,Walla Walla University,2019-20,20.0,3,5,0,0,0,0,0,0,1,1,1,0,14.93,0,1,0,0,0,0,0,0,0,0,1,0
Avery Sullivan,Lamar,2019-20,20.0,75,139,0,0,35,40,22,14,15,34,76,29,14.98,54,118,1,1,54,80,10,17,11,45,73,29
Avery Theus,Texas Lutheran,2019-20,20.0,1,3,1,1,0,0,0,1,0,1,0,2,14.9,1,1,0,0,1,2,0,1,0,0,0,0
Avery White,Shenandoah,2019-20,20.0,1,5,1,3,0,0,0,1,1,0,3,2,14.7,0,1,0,0,0,0,0,0,0,0,0,0
Avi Toomer,Bucknell,2019-20,20.0,55,136,33,82,18,21,22,15,3,10,47,27,20.0,51,124,26,67,39,57,32,17,7,22,48,31
Avin Hawkins,Newport News Apprentice,2019-20,20.0,0,3,0,2,2,2,0,0,0,0,1,1,14.92,1,1,1,1,2,2,1,0,0,0,0,0
Avonte Jones,Defiance,2019-20,20.0,2,5,0,1,0,0,0,0,0,0,2,1,14.92,0,1,0,1,0,0,0,0,0,0,0,0
Avri Finch,UC Santa Cruz,2019-20,20.0,1,5,0,0,1,2,0,1,0,3,2,1,14.9,2,2,0,0,1,1,0,0,1,0,4,0
Axel Okongo,Missouri,2019-20,0.0,0,0,0,0,1,2,0,0,0,0,1,0,14.87,2,2,0,0,0,0,0,0,0,1,0,1
Axel Seka,Goucher,2019-20,20.0,2,10,0,3,0,0,0,0,0,1,0,1,14.88,3,8,1,2,2,2,0,1,0,0,2,2
Ayaan Sohail,Lamar,2019-20,20.0,10,32,5,18,7,11,1,1,0,4,3,8,14.98,14,37,6,18,5,10,2,5,0,1,8,7
Ayan Teel,Mt. St. Mary's,2019-20,0.0,3,4,0,0,0,0,2,1,0,0,0,2,20.0,2,6,0,1,1,2,5,0,0,2,1,1
Ayinde Hikim,La Salle,2019-20,16.15,26,66,1,5,7,11,37,16,2,7,12,33,20.0,37,88,4,12,30,43,52,10,0,9,24,34
Ayo Akinwole,Omaha,2019-20,20.0,44,98,14,36,3,4,36,11,3,5,55,20,17.78,33,71,9,31,20,28,37,14,1,4,41,16
Ayo Dada,Bryant,2019-20,20.0,2,10,1,6,2,2,0,1,0,0,7,6,14.88,1,4,0,3,0,0,2,2,0,0,0,0
Ayo Dosunmu,Illinois,2019-20,19.57,99,216,14,61,18,25,48,11,3,10,60,38,20.0,93,182,15,37,58,76,51,13,3,7,51,40
Ayoub Nouhi,UT Arlington,2019-20,20.0,7,24,3,14,8,10,11,4,1,6,22,6,14.9,11,27,3,11,0,3,5,3,3,2,6,7
Aytor Alberto,Summit,2019-20,19.98,0,1,0,0,0,2,0,0,0,1,0,3,14.97,1,1,0,0,0,0,1,0,0,0,3,2
Azar Swain,Yale,2019-20,18.83,76,191,43,115,18,22,21,7,0,10,47,24,20.0,70,175,45,108,31,38,25,11,0,6,41,22
Aziz Fadika,Quincy,2019-20,20.0,0,3,0,0,2,2,2,2,1,9,1,7,20.0,2,3,0,0,0,0,0,0,0,1,0,2
Aziz Seck,Vanguard,2019-20,20.0,1,2,0,0,2,4,2,1,1,1,1,1,20.0,2,2,0,0,2,2,2,1,0,1,0,0
B Artis White,Western Michigan,2019-20,11.88,0,0,0,0,0,0,23,0,0,0,0,0,20.0,0,0,0,0,0,0,14,0,0,0,0,0
B. Artis White,Western Michigan,2019-20,19.02,26,87,15,58,7,11,2,15,0,4,35,23,20.0,20,64,14,42,4,8,1,5,0,3,19,12
B.J. Mack,South Florida,2019-20,20.0,6,13,2,5,6,6,0,2,2,4,10,2,14.9,3,10,0,3,0,0,0,0,0,1,4,2
B.J. Maxwell,Detroit Mercy,2019-20,20.0,1,8,0,4,0,0,0,1,0,0,0,2,20.0,0,2,0,1,0,0,0,1,0,0,0,0
B.J. Shaw,UC Davis,2019-20,0.0,0,4,0,2,0,0,0,0,0,0,3,2,14.92,3,3,0,0,0,0,0,0,0,0,1,0
BJ Mack,South Florida,2019-20,20.0,0,0,0,0,0,0,1,0,0,0,0,0,17.98,0,0,0,0,0,0,0,0,0,0,0,0
BJ Maxwell,Detroit Mercy,2019-20,20.0,0,0,0,0,0,0,1,0,0,0,0,0,14.95,0,0,0,0,0,0,0,0,0,0,0,0
BJ Shaw,UC Davis,2019-20,20.0,0,0,0,0,0,0,1,0,0,0,0,0,20.0,0,0,0,0,0,0,0,0,0,0,0,0
BJ Simmons,Idaho,2019-20,20.0,13,29,5,9,3,5,3,3,0,1,5,2,20.0,8,22,2,12,6,6,8,0,3,0,8,4
BYU,,2019-20,0.0,0,0,0,0,0,0,0,0,0,18,34,6,0.0,0,0,0,0,0,0,0,0,0,19,17,2
Babacar Thiombane,Idaho,2019-20,20.0,17,26,1,1,2,8,14,4,3,17,29,13,20.0,13,35,1,3,7,18,13,3,11,12,25,10
Babatunde Akingbola,Auburn,2019-20,0.0,0,0,0,0,0,0,0,0,2,0,1,0,20.0,0,1,0,0,0,0,1,0,2,1,0,0
Babatunde Sowunmi,Oakland,2019-20,0.0,1,4,0,0,2,5,1,0,0,4,10,4,14.93,3,6,0,0,0,0,0,1,0,6,1,5
Bahade Hadara,,2019-20,0.0,0,2,0,0,0,0,0,0,0,2,0,1,0.0,0,0,0,0,0,0,0,0,0,0,0,0
Bahaide Haidara,George Mason,2019-20,20.0,0,1,0,0,0,0,1,0,0,2,2,1,20.0,0,0,0,0,0,2,2,0,0,0,0,0
Bailey Gardner,Northwestern Ohio,2019-20,20.0,1,3,1,3,0,0,2,0,0,0,0,3,14.68,0,5,0,4,0,0,0,1,0,1,1,0
Bailey Kikuchi,Cal State-Los Angeles,2019-20,0.0,0,0,0,0,0,0,0,0,0,0,0,0,18.6,0,1,0,1,0,0,0,0,0,0,0,0
Bailey Patella,Vermont,2019-20,19.97,16,41,2,15,10,13,10,17,4,13,46,9,18.92,27,44,8,21,5,11,6,8,8,4,40,5
Bakari Evelyn,Iowa,2019-20,20.0,17,42,9,29,2,2,31,6,1,7,10,17,14.93,15,52,10,34,24,27,26,4,1,5,22,23
Ball State,,2019-20,0.0,0,0,0,0,0,0,0,0,0,46,34,6,0.0,0,0,0,0,0,0,0,0,0,50,27,7
Balsa Koprivica,Florida State,2019-20,20.0,26,35,0,0,14,20,5,5,3,21,19,12,20.0,15,26,0,0,10,15,2,2,3,8,13,5
Bam Bowman,Miami (OH),2019-20,20.0,38,80,15,38,1,4,12,4,4,17,27,15,20.0,31,63,10,27,14,23,11,7,6,20,33,7
Baptiste Chazelas,Bethany College,2019-20,20.0,1,1,0,0,0,0,0,0,1,0,1,0,14.77,0,0,0,0,3,4,0,0,1,0,2,0
Barret Benson,Southern Illinois,2019-20,20.0,51,108,11,23,26,38,15,8,10,19,53,33,17.18,42,89,5,18,26,40,11,13,12,23,56,27
Barry McCormick,Washington College (MD),2019-20,20.0,0,0,0,0,2,2,0,0,0,0,0,0,14.58,1,2,1,2,0,0,0,0,0,0,0,0
Bas Leyte,UNC Greensboro,2019-20,20.0,7,22,3,12,1,2,2,2,1,9,12,3,14.98,6,13,1,5,7,11,1,5,2,3,6,1
Bassel Saliba Jr,Fairleigh Dickinson,2019-20,20.0,0,0,0,0,0,0,6,0,0,0,0,0,20.0,0,0,0,0,0,0,2,0,0,0,0,0
Bassel Saliba Jr.,Fairleigh Dickinson,2019-20,20.0,3,18,2,11,5,6,0,1,0,5,9,4,20.0,5,16,2,8,6,8,0,1,0,9,9,4
Bates Jones,Davidson,2019-20,20.0,14,43,6,22,7,9,14,3,4,11,24,8,20.0,12,29,8,23,3,6,16,8,1,15,16,10
Baylee Steele,Duquesne,2019-20,20.0,41,92,12,43,13,18,6,6,11,19,51,11,20.0,42,87,14,39,14,24,6,4,3,22,37,13
Baylor,,2019-20,0.0,0,0,0,0,0,0,0,0,0,36,18,6,0.0,0,0,0,0,0,0,0,0,0,28,20,6
Baylor Scheierman,South Dakota State,2019-20,20.0,32,67,9,35,9,18,29,4,3,9,47,32,19.45,26,72,6,31,17,22,28,6,2,14,56,20
Beau Archer,SW Christian Univ,2019-20,0.0,0,0,0,0,0,0,0,0,0,1,0,1,14.77,0,0,0,0,0,3,1,0,0,0,0,0
Beau Bryant,William Peace,2019-20,20.0,0,4,0,2,0,0,0,0,0,0,1,1,14.97,1,2,0,1,0,0,1,0,0,0,0,0
Beau Gramling,Crowley's Ridge College,2019-20,20.0,1,1,0,0,0,0,3,0,0,0,3,1,14.97,1,2,0,1,0,0,0,0,0,0,0,0
Belmont,,2019-20,0.0,0,0,0,0,0,0,0,0,0,39,28,5,0.0,0,0,0,0,0,0,0,0,0,41,23,6
Belmont Abbey,,2019-20,0.0,0,0,0,0,0,0,0,0,0,4,2,0,0.0,0,0,0,0,0,0,0,0,0,3,1,0
Ben Allen,Emerson College,2019-20,0.0,0,0,0,0,0,0,0,0,0,0,0,0,17.97,0,0,0,0,2,2,0,0,0,0,2,0
Ben Beeker,Furman,2019-20,20.0,0,1,0,0,0,0,1,2,0,1,2,0,14.95,1,3,0,0,0,0,1,0,0,1,2,0
Ben Canady,Trinity University (TX),2019-20,20.0,0,0,0,0,0,0,1,0,0,0,2,1,14.88,0,0,0,0,0,0,2,0,0,0,0,0
Ben Cotton,Goshen College,2019-20,20.0,2,7,1,4,0,0,3,3,0,1,3,1,14.93,2,6,0,3,0,0,1,0,0,1,0,0
Ben Coupet Jr,Little Rock,2019-20,0.0,0,0,0,0,0,0,12,0,0,0,0,0,20.0,0,0,0,0,0,0,21,0,0,0,0,0
Ben Coupet Jr.,Little Rock,2019-20,20.0,51,122,15,45,15,21,0,7,3,19,48,30,20.0,58,116,19,45,38,52,0,8,3,20,45,30
Ben Daugherty,Elon,2019-20,0.0,0,0,0,0,0,0,0,0,0,0,0,0,14.97,1,1,0,0,0,0,0,0,0,0,0,1
Ben Diamond,Siena,2019-20,20.0,0,1,0,0,0,0,0,0,0,0,0,0,14.85,0,0,0,0,0,0,0,0,0,0,0,0
Ben Drake,Presbyterian,2019-20,20.0,55,96,5,13,17,23,7,4,7,34,55,24,14.68,54,84,4,8,23,38,8,3,4,23,52,22
Ben Hanley,Trinity University (TX),2019-20,20.0,4,5,1,1,0,0,2,0,0,0,2,0,14.88,1,3,1,2,0,0,1,0,0,0,1,0
Ben Hendriks,Ball State,2019-20,0.0,0,0,0,0,0,0,0,0,0,0,0,0,14.92,1,2,0,0,0,0,1,0,1,1,2,2
Ben Holding,Emerson College,2019-20,20.0,1,1,0,0,0,0,0,0,0,0,1,0,17.97,3,3,0,0,0,0,0,0,0,0,1,2
Ben Kinker,Army,2019-20,20.0,7,19,1,6,0,0,0,0,0,3,9,7,14.93,2,6,1,3,1,2,1,1,0,1,3,0
Ben Kone,Tennessee State,2019-20,20.0,8,17,0,1,2,5,2,1,1,6,19,5,19.52,1,4,0,1,5,7,0,1,1,2,5,1
Ben Kone',Tennessee State,2019-20,20.0,8,19,0,1,2,2,2,1,2,7,7,6,20.0,7,9,1,1,2,4,3,1,5,1,7,1
Ben Krikke,Valparaiso,2019-20,20.0,42,76,10,28,21,26,12,4,11,17,34,15,20.0,36,63,4,11,17,23,10,8,4,19,18,12
Ben Lubarsky,American,2019-20,20.0,18,39,11,28,2,5,7,6,1,4,20,11,17.67,7,22,3,12,5,7,3,2,0,2,10,3
Ben Mcpherron,Connecticut College,2019-20,20.0,4,9,2,5,1,2,1,0,0,1,2,2,14.67,1,3,0,2,0,0,1,0,0,1,1,0
Ben Milstein,,2019-20,0.0,0,0,0,0,0,0,0,0,0,0,0,0,0.0,0,0,0,0,0,0,0,0,0,0,0,1
Ben Perez,Iona,2019-20,19.73,11,36,6,26,6,7,9,9,1,8,13,8,20.0,6,24,4,19,7,11,8,4,2,2,14,5
Ben Pyle,Western Illinois,2019-20,20.0,49,118,32,72,19,21,16,12,7,10,57,23,14.92,52,111,29,64,17,20,22,12,8,7,51,19
Ben Robertson,Bucknell,2019-20,20.0,4,12,2,6,3,4,1,0,0,3,4,2,20.0,2,5,0,0,0,0,5,0,0,2,5,2
Ben Roderick,Ohio,2019-20,20.0,26,74,20,58,0,0,3,8,2,5,24,10,15.37,21,50,14,34,5,8,3,1,0,9,10,3
Ben Schneiders,Multnomah,2019-20,20.0,0,0,0,0,0,0,1,0,0,0,0,0,14.8,0,0,0,0,0,0,0,0,0,0,0,0
Ben Sheppard,Belmont,2019-20,20.0,8,35,3,20,8,11,7,8,1,4,28,16,14.82,18,35,7,16,8,11,8,2,1,6,22,5
Ben Shungu,Vermont,2019-20,20.0,32,76,10,24,10,15,24,10,2,17,43,20,20.0,29,59,5,17,13,26,20,6,5,11,31,14
Ben Sisson,KY Wesleyan,2019-20,20.0,1,1,0,0,0,0,1,0,1,0,0,2,14.83,1,1,0,0,0,0,0,0,0,0,2,2
Ben Spence,Birmingham-Southern,2019-20,20.0,2,3,1,2,3,5,2,0,0,0,0,0,14.8,0,1,0,0,0,0,0,0,0,1,0,0
Ben Sutton,Willamette,2019-20,20.0,0,2,0,0,1,2,0,0,0,1,6,4,14.98,1,2,0,0,0,0,0,0,1,3,0,0
Ben Vander Plas,Ohio,2019-20,20.0,85,163,25,64,29,43,37,18,8,11,86,42,17.87,91,186,14,60,43,82,46,13,11,25,73,44
Ben Walters,SUNY-Cortland,2019-20,20.0,1,3,1,3,0,0,1,1,0,0,1,0,14.93,0,1,0,0,0,0,0,0,0,0,0,0
Ben-Ami Spence,Piedmont International,2019-20,20.0,2,5,0,1,0,1,0,0,0,0,2,1,15.1,0,3,0,1,1,2,0,0,0,1,0,0
Benedictine (AZ),,2019-20,0.0,0,0,0,0,0,0,0,0,0,0,2,0,0.0,0,0,0,0,0,0,0,0,0,1,0,0
Benjamin Bosmans-Verdonk,Illinois,2019-20,15.0,1,4,0,1,2,2,2,2,1,1,0,2,20.0,0,1,0,0,1,2,1,0,0,2,3,0
Benjamin Horsford,Gannon,2019-20,20.0,1,2,1,2,0,0,0,0,0,0,0,0,17.83,3,4,3,4,0,0,0,1,0,0,1,0
Benjamin Stanley,Hampton,2019-20,20.0,147,256,4,14,62,100,9,11,30,35,95,35,14.88,132,227,9,24,67,104,13,3,20,36,58,27
Benjamin Uloko,Houston Baptist,2019-20,20.0,37,63,0,0,22,34,7,1,5,18,28,28,18.07,34,56,0,0,12,16,6,1,9,20,25,16
Bennie Howard Jr,Valley Forge,2019-20,20.0,2,5,1,3,0,0,0,0,0,0,1,2,14.83,3,3,2,2,0,0,0,0,0,0,1,2
Benno Zecic,,2019-20,19.55,0,1,0,0,0,0,0,0,0,0,0,0,0.0,0,0,0,0,0,0,0,0,0,0,0,0
Benson Lin,Bryant,2019-20,20.0,51,131,31,84,9,12,18,12,4,9,16,18,20.0,31,96,19,58,24,29,19,9,4,8,19,12
Bentiu Panoam,North Dakota,2019-20,0.0,1,3,1,1,2,3,0,1,0,0,1,6,14.97,1,2,0,1,0,0,1,0,0,0,1,2
Bernard Kasanda,,2019-20,0.0,0,0,0,0,0,0,0,0,0,0,1,2,0.0,0,0,0,0,0,0,0,0,0,0,0,2
Bernardo Da Silva,Hawai'i,2019-20,20.0,15,36,0,0,21,37,2,9,5,13,34,11,16.12,22,34,0,0,15,28,5,2,2,17,20,5
Bernie Andre,Northern Arizona,2019-20,20.0,44,118,17,53,12,16,15,8,2,19,65,21,14.92,56,105,15,42,27,38,14,15,4,23,57,20
Bethany (KS),,2019-20,0.0,0,0,0,0,0,0,0,0,0,0,1,0,0.0,0,0,0,0,0,0,0,0,0,0,0,0
Bethesda University,,2019-20,0.0,0,0,0,0,0,0,0,0,0,0,0,0,0.0,0,0,0,0,0,0,0,0,0,1,0,0
Bethune-Cookman,,2019-20,0.0,0,0,0,0,0,0,0,0,0,25,25,7,0.0,0,0,0,0,0,0,0,0,0,32,17,3
Bilal Barnes,Chillicothe,2019-20,20.0,0,2,0,0,0,0,0,0,0,1,0,0,14.88,0,1,0,0,2,2,1,0,1,0,1,3
Bill Awet,Chaminade,2019-20,20.0,1,8,0,2,0,0,0,0,1,1,3,2,14.72,0,1,0,0,0,0,1,1,0,1,0,1
Bill Muse Jr,Southern Miss,2019-20,20.0,0,0,0,0,0,0,1,0,0,0,0,0,17.8,0,0,0,0,0,0,0,0,0,0,0,0
Bill Muse Jr.,Southern Miss,2019-20,20.0,0,2,0,2,0,0,0,0,0,1,0,2,20.0,1,3,1,3,0,0,0,0,1,0,0,0
Bill Wampler,Wright State,2019-20,20.0,75,173,35,88,33,41,27,4,3,10,63,21,20.0,69,159,35,80,53,69,18,9,3,11,40,25
Billie Webster,IU-Kokomo,2019-20,20.0,2,4,0,0,0,0,1,0,1,1,2,1,17.57,2,4,1,3,0,2,2,1,0,1,1,0
Billy Balogun,Tennessee Wesleyan,2019-20,20.0,0,1,0,0,0,0,0,0,0,0,1,1,14.77,1,1,0,0,0,0,0,0,2,0,1,0
Billy Brown,North Dakota,2019-20,20.0,16,37,7,21,7,8,18,7,0,2,29,14,14.97,19,44,13,29,10,12,14,10,0,4,39,10
Bing Huang,,2019-20,0.0,0,0,0,0,0,0,0,0,0,0,0,0,0.0,0,0,0,0,0,0,0,0,0,0,1,0
Binghamton,,2019-20,0.0,0,0,0,0,0,0,0,0,0,30,31,10,0.0,0,0,0,0,0,0,0,0,0,39,19,5
Birmingham-So.,,2019-20,0.0,0,0,0,0,0,0,0,0,0,1,1,0,0.0,0,0,0,0,0,0,0,0,0,3,1,0
Bitumba Baruit,,2019-20,0.87,1,2,0,0,0,0,0,0,1,1,2,2,0.0,2,8,0,2,0,0,0,0,0,2,2,1
Bitumba Baruti,East Carolina,2019-20,20.0,18,66,6,33,6,10,8,6,5,9,29,20,19.18,25,54,4,18,3,4,9,6,6,12,32,16
Blaine Mcdonough,US Merchant Marine Academy,2019-20,20.0,2,3,0,0,0,0,3,0,0,0,4,0,14.97,5,5,1,1,0,3,0,0,0,0,3,1
Blake Arlington,Elmira,2019-20,0.0,0,0,0,0,0,0,0,0,0,0,1,2,14.8,0,1,0,0,0,0,0,0,0,0,1,0
Blake Francis,Richmond,2019-20,15.0,65,158,21,72,27,31,18,10,0,4,20,22,20.0,67,163,35,86,29,40,22,16,0,9,17,23
Blake Furcron,Florida International,2019-20,20.0,9,23,6,15,2,2,5,7,0,4,9,3,14.52,3,21,2,13,0,0,5,5,1,4,9,3
Blake Hinson,Ole Miss,2019-20,20.0,48,116,21,69,19,27,16,9,7,12,42,38,20.0,40,99,20,53,21,30,22,6,1,17,46,21
Blake Huggins,Ball State,2019-20,0.0,0,0,0,0,0,0,0,0,0,0,0,0,14.92,0,0,0,0,1,2,0,0,1,0,1,1
Blake Lampman,Oakland,2019-20,20.0,24,68,23,66,10,16,31,8,0,3,22,10,14.93,19,61,17,55,4,9,17,10,0,3,25,6
Blake Lindenmeyer,SIU-Edwardsville,2019-20,20.0,0,0,0,0,0,2,0,0,0,0,0,0,15.42,0,0,0,0,0,0,0,0,0,0,0,0
Blake MacIntyre,Reinhardt,2019-20,20.0,3,7,3,5,0,0,2,0,0,0,3,1,14.78,2,5,1,4,0,0,1,0,0,0,1,1
Blake Macintyre,Reinhardt,2019-20,20.0,1,3,1,3,0,0,1,0,0,0,0,3,14.92,0,0,0,0,0,0,0,0,0,0,0,0
Blake Payne,,2019-20,1.92,3,5,0,0,4,4,0,0,0,0,1,4,0.0,0,0,0,0,0,0,0,0,0,0,0,1
Blake Petersen,Peru State College,2019-20,0.0,0,0,0,0,0,0,0,0,0,0,0,0,14.88,0,1,0,0,0,0,0,0,0,0,1,2
Blake Preston,Liberty,2019-20,20.0,0,3,0,0,2,2,1,0,2,3,4,2,14.92,5,8,0,0,3,5,0,1,1,5,1,1
Blake Smith,Alice Lloyd College,2019-20,20.0,7,20,0,3,4,4,1,0,3,5,2,4,14.85,5,20,2,7,1,3,1,3,1,0,4,0
Blake Trent,Simpson University,2019-20,19.97,4,12,4,11,0,0,1,0,0,1,2,3,14.85,1,7,1,6,1,2,0,0,1,0,1,0
Blake Uyehara,Pacific Lutheran,2019-20,0.0,0,0,0,0,0,0,0,0,0,0,0,1,14.82,2,3,1,1,0,0,0,0,0,0,1,0
Blake Verbeek,Holy Cross,2019-20,0.0,16,39,4,14,6,10,2,2,2,8,17,12,15.55,18,42,3,18,8,8,3,4,1,9,10,7
Blaze Nield,BYU,2019-20,0.0,0,0,0,0,0,0,1,0,0,0,0,0,17.67,2,3,1,2,0,0,1,0,0,0,0,0
Blondeau Tchoukuiengo,New Hampshire,2019-20,20.0,6,12,1,4,3,5,2,4,0,2,4,5,18.52,5,7,2,3,1,3,3,1,0,0,1,6
Blue Mountain,,2019-20,0.0,0,0,0,0,0,0,0,0,0,2,2,0,0.0,0,0,0,0,0,0,0,0,0,2,0,1
Bluefield St,,2019-20,0.0,0,0,0,0,0,0,0,0,0,4,2,1,0.0,0,0,0,0,0,0,0,0,0,1,2,0
Bo Hodges,East Tennessee State,2019-20,20.0,80,164,10,36,32,52,36,23,12,23,63,36,14.97,78,153,5,23,44,68,45,24,14,22,80,37
Bo Myers,Malone University,2019-20,19.92,2,7,1,4,0,0,0,0,0,0,0,1,18.48,1,4,0,2,1,2,0,2,0,0,0,0
Bo Pless,Milligan,2019-20,20.0,1,9,1,7,0,0,2,0,0,2,6,5,14.78,0,10,0,9,0,0,2,0,0,1,4,2
Bo Roberson,Crowley's Ridge College,2019-20,20.0,3,6,1,3,0,0,2,1,1,0,4,1,14.97,0,0,0,0,0,0,0,0,0,0,2,2
Bob Jones,,2019-20,0.0,0,0,0,0,0,0,0,0,0,4,4,2,0.0,0,0,0,0,0,0,0,0,0,1,2,0
Boban Jacdonmi,Southern Miss,2019-20,20.0,38,71,0,0,10,17,1,5,3,23,28,20,14.98,35,61,0,0,32,43,3,4,2,12,36,13
Bobby Anderson,Rio Grande,2019-20,19.98,0,1,0,1,0,0,0,0,0,0,0,0,14.62,1,4,1,4,0,0,0,0,0,0,0,2
Bobby Arthur-Williams,,2019-20,0.0,0,0,0,0,0,0,0,0,0,0,0,0,0.0,0,0,0,0,0,0,0,1,0,0,0,0
Bobby Arthur-Williams Jr,Milwaukee,2019-20,20.0,0,0,0,0,0,0,1,0,0,0,0,0,14.83,0,0,0,0,0,0,0,0,0,0,0,0
Bobby Arthur-Williams Jr.,Milwaukee,2019-20,20.0,0,2,0,1,0,0,0,0,0,0,3,0,14.83,0,0,0,0,0,0,0,0,0,0,0,1
Bobby Connors,Hartwick,2019-20,20.0,0,12,0,5,0,0,0,0,0,2,3,0,14.98,2,3,1,1,0,0,0,0,0,2,1,0
Bobby Miller,Kennesaw State,2019-20,20.0,0,1,0,0,0,0,2,1,0,0,2,1,20.0,2,5,1,2,1,1,1,0,0,1,4,3
Bobby Parker,Missouri-St. Louis,2019-20,20.0,2,4,2,3,0,0,0,0,0,0,2,3,19.72,1,4,1,3,0,0,1,0,0,0,0,1
Bobby Planutis,St. Bonaventure,2019-20,20.0,29,79,7,32,7,13,14,14,5,23,43,17,17.87,30,72,9,33,20,26,11,10,1,19,41,21
Bodie Hume,Northern Colorado,2019-20,20.0,62,164,33,103,33,40,14,10,16,17,58,17,15.58,52,123,27,81,17,26,18,15,8,16,36,21
Boe Nguidjol,Detroit Mercy,2019-20,20.0,13,28,3,9,4,8,4,2,4,12,24,8,17.92,8,19,2,5,10,16,3,0,4,12,27,7
Boise State,,2019-20,0.0,0,0,0,0,0,0,0,0,0,42,40,4,0.0,0,0,0,0,0,0,0,0,0,34,22,2
Bol Riek,New Orleans,2019-20,20.0,1,1,0,0,0,0,0,0,0,0,0,1,19.95,0,0,0,0,0,0,0,0,0,0,0,1
Bolden Brace,Northeastern,2019-20,20.0,47,112,26,68,16,17,42,24,2,23,75,20,20.0,65,135,34,85,38,50,29,11,4,24,86,18
Boo Buie,Northwestern,2019-20,20.0,36,106,14,52,11,18,30,6,0,2,20,22,20.0,51,128,14,47,29,38,26,8,3,1,24,22
Boogie Ellis,Memphis,2019-20,20.0,44,134,24,70,20,28,22,22,1,7,50,20,14.73,32,91,12,38,35,52,22,16,3,5,37,23
Borja Fernandez,Montana State,2019-20,20.0,33,71,12,30,6,12,15,3,0,6,38,17,20.0,20,41,1,11,8,12,3,5,2,4,29,13
Bosko Bojovic,Belmont Abbey,2019-20,20.0,0,2,0,1,1,2,0,0,0,1,0,0,14.85,2,3,0,0,1,1,0,0,0,1,1,0
Boston College,,2019-20,0.0,0,0,0,0,0,0,0,0,0,46,28,6,0.0,0,0,0,0,0,0,0,0,0,44,25,8
Boston University,,2019-20,0.0,0,0,0,0,0,0,0,0,0,21,25,4,0.0,0,0,0,0,0,0,0,0,0,29,25,6
Both Gach,Utah,2019-20,20.0,44,111,17,60,12,16,32,10,2,4,47,33,14.98,32,85,7,35,28,34,26,4,2,1,25,23
Boubacar Toure,Eastern Michigan,2019-20,20.0,69,104,0,0,33,67,12,20,30,53,99,36,14.9,72,109,0,0,20,52,8,16,14,51,92,30
Bourama Sidibe,Syracuse,2019-20,20.0,39,60,0,0,15,28,3,16,21,46,85,14,17.9,35,47,0,0,12,21,1,20,20,33,58,12
Bowen Sandquist,Midland University,2019-20,20.0,0,4,0,4,0,0,2,0,0,0,1,0,14.92,1,1,1,1,0,0,1,0,0,0,1,0
Bowling Green,,2019-20,0.0,0,0,0,0,0,0,0,0,0,30,38,1,0.0,0,0,0,0,0,0,0,0,0,30,17,2
Brachen Hazen,Ball State,2019-20,20.0,21,55,4,19,17,22,18,10,12,14,55,27,14.92,14,31,4,12,18,25,7,3,2,7,35,9
Brad Brechting,Oakland,2019-20,20.0,50,102,2,8,26,42,7,7,7,31,61,27,14.93,39,70,1,7,48,63,15,9,17,22,45,12
Brad Calipari,Detroit Mercy,2019-20,20.0,24,65,24,62,3,6,5,6,0,1,16,4,17.92,26,67,21,57,14,16,2,3,0,4,9,3
Brad Davison,Wisconsin,2019-20,16.43,42,116,21,64,18,22,32,11,0,8,56,12,20.0,47,111,25,64,42,50,23,10,0,8,54,15
Brad Erskin,,2019-20,0.0,0,0,0,0,0,0,0,0,0,0,0,0,0.0,0,0,0,0,0,0,0,0,0,0,0,1
Brad Greene,UC Irvine,2019-20,19.98,59,100,1,1,12,18,16,8,15,41,74,20,20.0,48,89,0,1,25,44,9,8,28,39,89,14
Braden Bell,Marist,2019-20,20.0,46,115,20,51,16,19,11,12,4,22,35,15,20.0,40,97,19,49,5,11,15,12,5,14,42,14
Braden Persinger,Concordia University (WI),2019-20,0.0,0,0,0,0,0,0,0,0,0,0,1,1,18.85,0,0,0,0,0,0,1,0,0,0,2,1
Bradley,,2019-20,0.0,0,0,0,0,0,0,0,0,0,21,32,3,0.0,0,0,0,0,0,0,0,0,0,19,12,10
Bradley Dabella,Penn State-York,2019-20,0.0,0,0,0,0,0,0,0,0,0,0,0,0,14.85,0,2,0,2,0,0,0,0,0,0,0,0
Bradley Kitchen,Utah Valley,2019-20,15.0,0,0,0,0,0,1,0,1,0,0,0,1,20.0,0,2,0,1,0,0,0,1,0,0,0,0
Bradley Robinson,Bryn Athyn,2019-20,0.0,0,0,0,0,0,0,0,0,0,0,0,0,15.02,0,2,0,2,0,0,0,0,0,0,0,1
Brady Danielson,North Dakota,2019-20,20.0,12,36,7,24,3,7,9,7,1,10,25,9,14.97,10,38,5,24,7,11,6,7,0,9,16,5
Brady Dudley,Pfeiffer,2019-20,20.0,1,3,1,3,0,0,0,0,0,0,0,2,14.97,0,1,0,1,0,0,0,1,0,0,0,0
Brady Ernst,Drake,2019-20,20.0,3,4,0,0,1,1,2,0,0,3,8,2,20.0,2,3,0,0,0,0,1,1,1,2,6,1
Brady Manek,Oklahoma,2019-20,20.0,84,189,38,104,27,33,14,4,16,20,75,10,17.8,70,151,30,78,29,40,13,10,21,20,70,16
Brady Smith,Southwest Baptist,2019-20,20.0,4,5,1,1,2,2,0,1,0,0,1,0,18.18,2,5,0,2,0,0,1,0,1,0,1,2
Brady Spence,The Citadel,2019-20,20.0,19,35,0,0,8,10,3,2,9,6,19,12,20.0,20,30,0,2,12,18,6,0,7,10,20,14
Brady Vereen,,2019-20,0.0,0,0,0,0,0,0,0,0,0,0,0,0,0.0,0,0,0,0,0,0,0,0,0,0,1,0
Brae Ivey,San José St,2019-20,20.0,26,97,19,73,18,23,31,22,0,5,33,19,20.0,43,114,27,79,40,47,41,16,2,6,32,26
Braeden Warren,Spalding,2019-20,20.0,1,2,0,0,0,2,0,0,1,2,0,1,14.83,1,2,0,0,0,0,1,0,1,0,2,0
Braeden Williams,Crowley's Ridge College,2019-20,20.0,0,2,0,0,0,0,1,0,0,0,0,0,14.97,0,1,0,0,0,0,0,0,0,0,0,2
Braelee Albert,Vanderbilt,2019-20,20.0,6,26,5,19,7,7,2,3,3,11,12,7,18.65,4,13,4,11,0,0,1,0,0,4,7,7
Braelen Bridges,UIC,2019-20,20.0,57,106,0,0,17,27,6,7,15,20,69,30,20.0,47,83,0,0,18,27,20,1,10,19,32,29
Branden Carlson,Utah,2019-20,20.0,39,66,2,9,7,13,12,4,16,23,23,21,14.98,25,49,0,3,9,16,4,4,16,8,25,8
Branden Johnson,Virginia Tech,2019-20,20.0,0,1,0,0,0,0,0,1,0,0,2,0,18.97,1,1,0,0,0,1,0,0,0,0,0,0
Brandon Alexander,Southwestern,2019-20,20.0,7,9,4,6,2,4,1,2,0,1,1,0,17.17,3,3,2,2,0,0,0,0,0,0,2,1
Brandon Anderson,Brown,2019-20,20.0,67,177,27,79,37,45,36,20,3,7,34,46,20.0,60,179,20,74,72,89,34,20,2,13,30,41
Brandon Anyanwu,Bluefield State,2019-20,20.0,2,4,0,1,0,0,0,1,0,0,3,2,14.97,1,3,1,2,0,2,1,2,0,2,1,2
Brandon Armstrong,South Dakota,2019-20,20.0,17,43,6,21,3,3,7,3,1,1,19,5,19.57,27,55,11,29,7,12,7,1,0,1,21,7
Brandon Austin,Samford,2019-20,19.25,67,167,33,82,21,23,6,17,4,11,52,23,20.0,60,137,36,75,28,34,10,13,2,11,39,23
Brandon Averette,Utah Valley,2019-20,20.0,47,107,12,41,23,24,29,11,2,3,31,22,17.88,52,105,14,39,17,24,35,9,2,2,10,25
Brandon Barron,Cal Lutheran,2019-20,20.0,0,1,0,0,0,0,0,0,0,0,1,0,14.9,0,0,0,0,0,0,0,0,0,0,0,3
Brandon Battle,Alabama State,2019-20,20.0,31,76,0,1,22,41,4,1,4,15,34,21,14.88,27,66,0,1,25,44,1,6,6,28,28,17
Brandon Beckman,Chicago,2019-20,20.0,1,5,1,3,0,0,0,0,0,0,0,1,14.9,1,2,1,2,0,1,0,0,0,0,1,0
Brandon Bomboy,US Merchant Marine Academy,2019-20,20.0,1,1,0,0,0,0,0,0,0,0,1,1,14.97,0,1,0,1,0,0,0,0,0,0,0,0
Brandon Boyd,California Baptist,2019-20,20.0,52,141,19,62,29,35,49,12,0,5,40,29,15.52,51,116,22,54,40,47,30,11,0,6,30,24
Brandon Childress,Wake Forest,2019-20,20.0,57,145,20,60,43,53,67,14,0,4,35,49,20.0,80,197,28,89,81,99,63,21,0,8,41,37
Brandon Cranford,William Carey,2019-20,20.0,0,3,0,1,0,0,1,0,0,0,0,2,17.92,1,2,1,1,0,0,0,0,0,0,0,2
Brandon Cyrus,UC Santa Barbara,2019-20,20.0,38,97,4,35,11,15,21,8,0,19,28,13,17.98,22,62,5,18,17,25,18,12,3,26,33,7
Brandon Davis,Sacramento State,2019-20,20.0,29,72,7,20,13,18,37,21,2,4,35,26,14.93,31,79,4,21,24,35,42,12,1,8,34,30
Brandon Deravine,,2019-20,6.68,0,1,0,1,0,0,0,1,0,1,2,1,0.0,0,0,0,0,0,0,0,0,0,0,0,1
Brandon Gonzalez,SE Louisiana,2019-20,20.0,41,109,24,73,8,8,14,6,1,13,31,18,17.97,29,91,14,55,19,24,13,4,0,15,18,16
Brandon Haddock,Utah,2019-20,0.0,0,0,0,0,0,0,0,0,0,0,0,0,17.67,0,1,0,1,0,0,0,1,0,0,0,1
Brandon Horvath,UMBC,2019-20,20.0,71,146,24,57,23,37,15,13,6,24,85,29,14.83,56,115,14,46,40,64,17,18,8,29,77,19
Brandon Houston,Alabama A&M,2019-20,20.0,14,29,0,2,6,9,3,1,1,7,7,10,14.95,14,24,0,0,5,6,1,1,0,4,9,6
Brandon Huffman,North Carolina,2019-20,20.0,2,4,0,0,0,0,0,0,2,3,3,2,15.77,4,6,0,0,1,4,0,0,1,3,3,0
Brandon Jackson,SIU-Edwardsville,2019-20,0.0,45,108,1,8,13,19,5,3,4,12,35,23,20.0,47,87,3,8,17,30,13,6,9,17,24,19
Brandon Johns Jr,Michigan,2019-20,20.0,0,0,0,0,0,0,3,0,0,0,0,0,20.0,0,0,0,0,0,0,1,0,0,0,0,0
Brandon Johns Jr.,Michigan,2019-20,20.0,29,63,10,31,14,19,3,7,11,12,34,12,20.0,21,41,5,16,17,26,2,3,7,19,35,6
Brandon Johnson,Western Michigan,2019-20,10.58,66,143,11,26,32,41,14,9,10,18,69,22,20.0,58,131,6,21,59,80,6,4,13,17,70,31
Brandon Joyner,Newport News Apprentice,2019-20,20.0,0,5,0,3,0,0,0,0,0,0,0,2,14.92,2,4,1,1,0,0,0,1,0,2,0,0
Brandon Kamga,,2019-20,10.78,71,154,22,63,16,24,14,9,4,9,40,33,0.0,57,134,20,59,66,75,14,8,1,10,38,34
Brandon Keller,Concordia University (WI),2019-20,20.0,1,5,0,0,0,0,0,1,0,0,2,0,18.85,2,3,0,0,1,2,1,0,0,0,1,1
Brandon Kenyon,IUPUI,2019-20,20.0,6,19,2,7,5,8,1,0,0,4,3,4,14.88,3,6,0,3,0,0,0,1,1,1,4,3
Brandon Key,South Dakota State,2019-20,20.0,18,59,6,27,18,24,43,8,1,7,19,23,19.45,30,62,10,23,27,39,32,9,0,3,19,28
Brandon Kimble,Mississippi Valley State,2019-20,20.0,13,31,2,3,3,9,7,10,4,7,30,13,14.87,23,42,1,4,2,10,5,6,8,20,34,9
Brandon Knapper,West Virginia,2019-20,20.0,12,52,6,24,3,5,8,3,0,1,12,13,17.93,6,28,2,13,5,6,5,1,1,3,7,5
Brandon Kostyk,Johnson & Wales (NC),2019-20,20.0,2,5,0,3,0,0,1,1,0,1,2,1,17.75,2,6,2,4,0,0,2,1,0,0,2,2
Brandon Leftwich,Mt. St. Mary's,2019-20,0.0,12,30,0,1,9,15,12,9,2,4,21,16,15.58,12,26,3,9,15,20,7,5,3,4,25,8
Brandon Levier,Cumberland College,2019-20,20.0,0,2,0,0,0,0,2,0,0,1,2,1,14.87,2,3,0,0,1,2,0,1,0,0,2,0
Brandon Mahan,UCF,2019-20,20.0,43,91,17,50,8,11,14,10,1,10,41,18,20.0,31,90,13,52,19,26,14,15,4,14,34,15
Brandon Martin,South Carolina Upstate,2019-20,20.0,26,61,0,0,6,12,2,1,2,13,15,14,15.33,23,44,1,1,13,24,4,3,3,10,15,9
Brandon McKissic,UMKC,2019-20,20.0,40,82,15,36,11,18,31,8,1,1,24,24,17.95,50,97,6,22,23,39,31,15,0,0,23,21
Brandon Meadows,Eastern New Mexico,2019-20,20.0,0,2,0,1,0,0,2,0,0,0,1,1,15.18,0,3,0,1,4,4,3,1,0,0,4,0
Brandon Michrina,Urbana,2019-20,20.0,1,5,1,3,0,0,0,1,0,0,0,1,14.77,1,3,1,3,0,0,0,0,0,1,0,1
Brandon Miller,Alabama A&M,2019-20,20.0,18,57,7,29,8,11,16,8,0,8,44,15,14.95,18,53,12,36,5,6,14,11,3,7,23,9
Brandon Moore Jr,Nicholls,2019-20,15.0,0,0,0,0,0,0,9,0,0,0,0,0,20.0,0,0,0,0,0,0,2,0,0,0,0,0
Brandon Moore Jr.,Nicholls,2019-20,20.0,20,41,8,16,2,4,0,9,0,9,24,10,20.0,12,20,3,4,4,5,0,1,0,7,16,5
Brandon Morley,Utah Valley,2019-20,20.0,16,27,0,3,8,12,3,5,12,11,30,8,17.88,15,24,0,0,7,10,0,3,5,18,24,5
Brandon Odell,Fisk,2019-20,20.0,4,4,0,0,1,2,0,0,2,1,1,3,14.77,2,3,0,0,0,0,0,0,0,0,1,1
Brandon Porter,Wyoming,2019-20,0.0,9,30,4,18,3,3,0,3,4,0,8,6,17.97,16,28,7,16,5,6,3,3,1,1,9,8
Brandon Powell,Fairleigh Dickinson,2019-20,20.0,38,84,21,44,7,11,19,18,1,11,49,26,19.57,33,83,11,32,27,38,12,12,2,20,31,18
Brandon Rachal,Tulsa,2019-20,20.0,41,103,7,28,30,37,16,22,9,15,57,35,17.77,57,128,6,27,45,58,22,13,7,19,51,25
Brandon Redendo,New York Institute of Technology,2019-20,20.0,0,1,0,1,0,0,1,0,0,0,1,1,14.97,1,3,0,1,0,0,0,0,0,0,0,0
Brandon Reeves,Ferrum,2019-20,20.0,2,4,1,3,2,4,1,0,0,1,3,4,14.85,2,4,0,0,3,4,2,2,0,0,4,1
Brandon Robinson,North Carolina,2019-20,20.0,49,114,28,78,9,10,25,10,7,8,22,12,19.62,42,103,30,75,23,29,29,15,3,14,29,22
Brandon Romero,Johnson & Wales (CO),2019-20,20.0,3,3,3,3,0,0,0,0,0,0,1,1,14.77,0,0,0,0,0,0,0,0,0,0,0,0
Brandon Rush,Fairleigh Dickinson,2019-20,20.0,22,55,7,27,3,5,5,7,0,3,10,9,19.57,12,33,8,21,14,20,2,9,3,1,14,11
Brandon Segar Jr,SUNY Potsdam,2019-20,20.0,0,0,0,0,0,0,1,0,0,0,0,0,15.83,0,0,0,0,0,0,0,0,0,0,0,0
Brandon Segar Jr.,SUNY Potsdam,2019-20,20.0,2,5,0,1,2,4,0,1,0,0,2,2,15.83,3,7,1,2,0,0,0,0,1,1,6,2
Brandon Slater,Villanova,2019-20,20.0,6,23,2,10,0,0,11,9,4,6,11,6,14.93,9,23,1,8,6,14,8,1,3,7,14,5
Brandon Stone,La Salle,2019-20,15.4,17,45,8,25,2,5,4,3,8,5,23,8,20.0,11,30,0,8,6,6,3,3,5,10,21,10
Brandon Suggs,East Carolina,2019-20,20.0,36,87,7,24,56,63,23,15,6,14,36,19,19.18,39,73,6,18,15,27,22,12,4,14,34,23
Brandon Swaby,Incarnate Word,2019-20,20.0,14,44,6,21,4,10,6,9,0,7,12,11,14.63,14,39,4,17,12,14,3,8,0,17,13,13
Brandon The Boy,Rocky Mountain,2019-20,20.0,3,5,1,2,0,0,0,0,0,1,0,2,14.87,1,5,1,4,0,0,1,2,0,0,4,2
Brandon Thomas,,2019-20,10.4,0,0,0,0,0,0,1,0,0,0,0,0,0.0,1,3,0,2,0,0,0,0,0,0,0,0
Brandon Waugh,,2019-20,1.35,1,5,1,4,0,0,2,0,0,1,2,2,0.0,0,3,0,1,0,0,1,1,0,1,1,3
Brandon Williams,Blue Mountain College,2019-20,20.0,1,2,1,2,0,0,0,0,0,0,0,4,14.77,0,0,0,0,0,0,0,0,0,0,0,0
Brandon Younger,Charlotte,2019-20,20.0,0,1,0,1,0,0,0,0,0,0,0,0,20.0,0,1,0,1,0,0,0,0,0,0,1,2
Brandonn Kamga,CSU Fullerton,2019-20,20.0,1,10,0,2,1,2,0,2,0,1,2,3,17.67,7,20,3,6,7,9,4,2,1,2,11,3
Braun Hartfield,San Diego,2019-20,19.98,77,178,26,76,32,49,39,15,8,18,65,57,20.0,67,163,20,63,32,50,27,19,10,27,47,35
Braxton Beverly,NC State,2019-20,17.58,36,94,25,68,10,11,20,13,0,3,27,10,20.0,35,88,22,54,11,18,18,8,0,4,14,14
Braxton Key,Virginia,2019-20,20.0,57,122,4,32,18,28,30,13,5,20,75,24,17.9,42,104,8,32,33,57,17,16,12,23,74,24
Braxton Shaw,Eastern Illinois,2019-20,20.0,2,7,1,2,0,0,0,1,1,1,1,2,14.92,1,3,0,1,2,2,1,0,1,0,2,0
Brayden Brewer,Williams Baptist,2019-20,20.0,0,1,0,1,0,0,3,0,0,0,0,1,14.83,0,0,0,0,0,0,0,0,0,0,1,0
Brayden Dixon,NC Wesleyan,2019-20,20.0,0,2,0,0,0,0,0,0,0,0,0,0,14.9,0,0,0,0,0,0,0,0,0,0,1,1
Braylen Young,Bethany College,2019-20,20.0,2,2,2,2,0,0,0,0,0,0,1,0,14.77,1,5,1,4,0,0,0,0,0,1,0,0
Breein Tyree,Ole Miss,2019-20,20.0,97,222,36,88,53,68,47,18,3,3,61,39,14.93,85,200,22,70,86,99,24,20,1,5,40,30
Brendan Adams,UConn,2019-20,20.0,35,91,16,54,21,30,14,7,3,8,24,20,16.35,31,81,13,46,21,30,15,9,0,12,21,20
Brendan Bailey,Marquette,2019-20,19.98,34,94,24,64,6,8,17,10,11,19,58,16,14.92,34,76,19,44,4,7,13,7,9,18,41,4
Brendan Baker,Tampa,2019-20,20.0,0,1,0,0,0,0,0,0,0,0,1,0,14.97,0,1,0,0,0,0,0,0,0,0,1,0
Brendan Fitzpatrick,SUNY-Cortland,2019-20,20.0,0,1,0,0,0,0,1,0,0,0,1,0,14.93,0,1,0,0,4,4,0,0,0,0,0,1
Brendan Harrick,CSU Northridge,2019-20,0.0,20,58,9,38,4,4,12,2,2,6,15,15,17.33,23,60,11,33,8,13,9,4,2,6,22,12
Brendan Hyde,Elmira,2019-20,20.0,0,1,0,0,0,0,0,0,0,0,0,1,14.8,0,0,0,0,0,0,0,0,0,0,0,0
Brendan McGuire,Quinnipiac,2019-20,20.0,7,20,2,6,0,1,16,4,2,1,12,16,15.48,6,15,1,5,2,2,12,2,0,4,12,12
Brendan Mcguire,Quinnipiac,2019-20,20.0,6,19,0,7,1,2,18,3,0,5,10,14,20.0,7,17,2,5,4,4,15,3,2,3,13,6
Brendan Medley-Bacon,Coppin State,2019-20,20.0,40,98,0,3,24,40,27,8,26,32,94,35,20.0,40,77,0,1,27,46,19,5,34,30,96,31
Brendan Newton,Liberty,2019-20,20.0,3,4,0,0,0,0,1,0,2,1,2,0,14.92,1,1,0,0,0,0,0,0,0,1,1,0
Brendan Palmer,Virginia Tech,2019-20,0.0,0,0,0,0,0,0,0,0,0,0,0,0,14.92,1,1,0,0,0,0,0,0,0,0,0,0
Brendan Thiele,Army,2019-20,0.0,0,0,0,0,0,0,0,0,0,1,0,0,14.97,1,2,1,2,0,0,0,0,0,0,0,0
Brenden Morris,Weber State,2019-20,0.0,0,0,0,0,0,0,0,0,0,0,0,0,14.92,2,3,1,2,0,0,0,0,0,0,0,0
Brenden Tucker,Charleston,2019-20,0.0,8,23,2,8,3,6,5,1,2,5,7,5,20.0,11,22,3,6,4,12,1,3,0,2,3,6
Brendon Brooks,Southern,2019-20,20.0,18,42,7,20,2,2,7,2,0,2,8,5,15.83,18,42,7,21,10,10,4,5,0,1,5,11
Brendon Gooch,Southern Illinois,2019-20,20.0,7,21,6,18,4,4,3,0,3,2,6,1,17.18,1,7,1,7,0,0,2,2,2,1,4,2
Brendon Hardy,,2019-20,2.1,1,6,0,3,0,0,1,0,0,0,0,0,0.0,0,2,0,1,0,0,0,1,0,0,1,1
Brendon Myles,Florida A&M,2019-20,20.0,12,41,3,15,1,2,3,4,1,6,15,12,14.58,9,32,5,18,6,8,4,3,0,7,7,6
Brennan Addley,Cairn University,2019-20,20.0,1,7,0,1,0,0,0,0,0,1,2,0,14.98,0,2,0,1,0,0,0,0,0,0,3,2
Brennan McDaniel,Chicago,2019-20,20.0,1,5,1,2,2,2,1,0,0,1,1,0,14.9,0,2,0,2,0,0,0,0,0,0,1,0
Brent Clark,Randall University,2019-20,20.0,2,5,2,4,0,0,0,1,0,0,0,1,14.98,3,9,1,7,0,0,1,1,0,0,1,1
Brent Duncan,Tampa,2019-20,20.0,1,3,0,0,0,0,0,0,0,0,1,1,14.97,0,3,0,0,0,0,1,1,0,0,3,1
Brent Hank,Albany,2019-20,0.0,10,16,0,0,9,20,7,4,6,14,25,9,15.83,9,14,0,0,4,13,4,2,1,14,17,8
Brent Hatten,Concordia Illinois,2019-20,20.0,1,3,1,3,0,0,1,0,1,0,2,3,14.97,1,8,1,6,0,0,1,0,0,1,0,1
Brent Holcombe,Loyola (MD),2019-20,19.98,20,52,7,26,2,2,7,7,11,7,35,13,14.92,15,33,0,11,9,16,7,2,6,1,28,12
Brent Jenkins,UNC Wilmington,2019-20,0.0,0,0,0,0,0,0,1,0,0,0,1,1,14.93,7,8,1,1,0,3,0,2,0,2,1,0
Brent Latham,Reinhardt,2019-20,20.0,2,6,0,1,0,0,0,1,0,1,1,1,14.92,0,2,0,1,0,0,0,0,0,0,0,2
Brent Smith,Spring Hill,2019-20,0.0,2,3,0,0,0,0,0,1,0,0,1,2,14.87,2,3,0,0,2,2,0,0,0,2,3,1
Brenton Mills,Binghamton,2019-20,20.0,46,118,27,65,8,13,12,3,3,5,42,10,17.92,39,106,18,63,19,27,13,2,1,14,33,16
Brescia,,2019-20,0.0,0,0,0,0,0,0,0,0,0,3,1,0,0.0,0,0,0,0,0,0,0,0,0,0,0,0
Bret Eisenbach,,2019-20,0.0,0,0,0,0,0,0,0,0,0,0,0,1,0.0,0,0,0,0,0,0,0,0,0,0,0,1
Brett Johnson,Pacific Oregon,2019-20,0.0,0,0,0,0,0,0,0,0,0,0,0,0,14.8,1,1,1,1,0,0,0,0,0,0,0,0
Brett Stark,,2019-20,0.0,0,0,0,0,0,0,0,0,0,0,0,0,0.0,0,0,0,0,0,0,0,0,0,1,0,0
Brevard,,2019-20,0.0,0,0,0,0,0,0,0,0,0,0,0,0,0.0,0,0,0,0,0,0,0,0,0,0,0,1
Brevin Brimble,Tiffin,2019-20,20.0,0,2,0,2,0,0,0,0,0,0,0,1,15.38,0,3,0,2,0,0,0,0,0,0,1,0
Brevin Galloway,Charleston,2019-20,20.0,65,149,38,104,4,9,23,31,3,7,31,16,15.33,51,131,32,91,27,39,25,28,6,11,30,17
Brevin Pritzl,Wisconsin,2019-20,0.0,40,100,28,69,15,17,11,13,3,10,51,9,15.0,39,100,20,59,17,20,9,4,4,12,37,13
Brewster Peacock,Rogers State,2019-20,20.0,0,3,0,3,0,0,1,0,0,0,5,0,19.15,1,2,1,2,0,0,0,0,0,1,2,0
Brewton-Parker,,2019-20,0.0,0,0,0,0,0,0,0,0,0,3,1,1,0.0,0,0,0,0,0,0,0,0,0,0,0,0
Breyden Jones,Le Tourneau,2019-20,0.0,0,0,0,0,0,0,0,0,0,0,0,0,16.47,0,0,0,0,1,2,0,0,0,0,0,0
Breyon Jackson,Long Beach State,2019-20,20.0,1,5,0,0,0,2,0,1,0,2,3,4,20.0,0,0,0,0,3,4,0,0,1,2,3,0
Brian Cameron,Wesley,2019-20,20.0,6,9,0,2,2,3,1,1,0,2,4,2,14.92,1,3,0,1,1,1,1,0,0,0,0,4
Brian Carey,,2019-20,0.82,2,8,0,1,5,5,9,1,0,0,2,2,0.0,1,6,0,3,0,0,3,1,0,0,0,0
Brian Fobbs,Towson,2019-20,20.0,83,186,28,73,25,33,19,13,2,13,49,28,18.17,76,178,17,61,64,74,31,11,2,15,55,24
Brian Hardy,SUNY-Purchase,2019-20,0.0,0,0,0,0,0,0,0,0,0,0,0,0,14.82,1,2,0,0,0,0,0,0,0,1,0,0
Brian Hogan-Gary,Johnson & Wales (RI),2019-20,20.0,9,25,2,6,3,4,2,2,0,0,5,3,14.8,8,19,0,3,2,3,0,1,0,0,5,4
Brian Patrick,Purdue Fort Wayne,2019-20,20.0,54,141,24,77,10,12,17,14,2,8,37,32,18.22,63,131,23,59,23,28,16,11,1,13,44,30
Brian Payton,St. Thomas (TX),2019-20,20.0,3,6,2,3,2,2,2,0,0,0,1,3,20.0,2,5,1,2,0,0,1,0,0,0,1,1
Brian Read,Western Colorado,2019-20,20.0,1,1,1,1,0,0,0,1,0,0,0,0,17.95,0,0,0,0,0,0,0,1,0,0,3,1
Brian Smith,Randolph College,2019-20,20.0,3,8,1,4,0,0,2,0,0,0,2,1,15.12,2,5,1,2,0,0,0,0,2,0,1,0
Brian Taylor,UIC,2019-20,20.0,12,32,5,15,6,8,12,2,0,5,8,9,20.0,12,22,5,11,4,5,8,1,0,3,11,6
Brian Thomas,Florida Gulf Coast,2019-20,20.0,10,18,0,0,3,7,5,4,15,13,19,2,16.05,8,13,0,0,1,1,1,3,17,6,16,4
Brian Tolefree,UNC Wilmington,2019-20,20.0,24,65,9,27,10,16,21,5,1,4,22,31,17.75,30,62,10,26,30,37,14,6,0,6,18,16
Brian Tribble,Spalding,2019-20,20.0,1,4,0,3,0,0,1,2,0,0,0,1,14.83,0,1,0,1,0,0,0,0,0,0,0,2
Brian Warren,UT Arlington,2019-20,20.0,64,165,18,67,29,36,61,16,2,4,36,38,14.9,63,170,14,55,58,69,53,8,1,5,25,28
Brian White,Northwestern State,2019-20,20.0,28,54,5,18,17,18,37,9,0,1,20,24,14.92,43,83,9,19,19,24,38,12,1,3,17,30
Brice Williams,Charlotte,2019-20,20.0,11,31,7,17,4,4,3,2,5,1,20,8,20.0,12,29,2,13,4,8,1,3,1,4,11,3
Brick Fosnight,Le Tourneau,2019-20,0.0,2,4,1,1,0,0,0,1,0,0,3,1,16.37,1,2,1,2,0,0,1,1,0,0,4,3
Bridgewater (VA),,2019-20,0.0,0,0,0,0,0,0,0,0,0,2,3,1,0.0,0,0,0,0,0,0,0,0,0,0,1,1
Briggs Parris,Virginia-Wise,2019-20,20.0,2,7,1,5,0,0,0,0,0,0,2,0,14.85,1,3,1,3,0,0,0,0,0,0,0,2
Brison Gresham,Houston,2019-20,20.0,10,21,0,0,8,13,6,3,21,39,27,12,14.95,23,31,0,0,10,18,2,6,16,24,18,5
Broc Finstuen,Pacific,2019-20,20.0,27,58,6,21,4,7,9,13,3,14,29,13,19.57,19,33,4,7,9,10,5,4,2,13,4,3
Brock Bertram,Buffalo,2019-20,0.0,4,10,0,0,5,6,3,3,6,14,23,2,17.75,2,3,0,0,2,2,3,1,4,6,10,2
Brock Cunningham,Texas,2019-20,20.0,5,15,3,11,0,0,3,2,2,2,9,3,15.58,3,9,1,6,2,4,2,4,2,4,10,1
Brock Johnson,Eastern Oregon,2019-20,20.0,0,1,0,0,0,0,1,0,0,0,0,0,14.98,0,2,0,2,0,0,0,0,0,0,0,0
Brock Miller,Utah State,2019-20,20.0,48,147,28,104,4,4,15,7,1,14,27,23,20.0,44,120,29,85,17,22,14,6,0,5,28,13
Brock Weaver,Texas Lutheran,2019-20,0.0,0,1,0,0,1,2,1,1,0,1,0,1,14.9,0,1,0,1,0,0,2,0,0,1,1,0
Brodgie Gordon,Hiram,2019-20,20.0,0,3,0,2,2,2,6,0,0,1,1,1,14.98,3,5,1,2,0,0,2,1,0,0,2,2
Bronson Kessinger,Indiana State,2019-20,20.0,23,43,2,5,5,7,4,5,3,2,17,3,20.0,17,34,1,3,6,8,1,5,3,6,11,1
Brooks Cartwright,Hendrix College,2019-20,20.0,1,2,1,2,0,0,0,0,0,0,1,0,15.55,0,1,0,1,0,0,1,0,0,0,1,0
Brooks DeBisschop,Northern Arizona,2019-20,20.0,54,98,3,11,14,27,47,16,14,32,67,23,14.92,62,103,3,10,22,43,26,14,6,38,61,27
Brooks King,Utah,2019-20,0.0,0,0,0,0,0,0,0,0,0,0,0,0,14.98,0,0,0,0,0,0,1,0,0,0,0,0
Brooks Mallory,,2019-20,7.25,0,1,0,0,2,2,0,0,0,0,0,0,0.0,0,2,0,2,0,0,0,0,0,0,0,2
Brown,,2019-20,0.0,0,0,0,0,0,0,0,0,0,29,18,9,0.0,0,0,0,0,0,0,0,0,0,36,15,7
Bruce Bright Jr,Birmingham-Southern,2019-20,0.0,0,0,0,0,0,0,0,0,0,0,0,0,14.8,0,0,0,0,0,0,1,0,0,0,0,0
Bruce Bright Jr.,Birmingham-Southern,2019-20,0.0,0,0,0,0,0,0,0,0,0,0,0,0,14.8,1,2,1,1,0,0,0,0,0,0,1,0
Bruce Guy,Maryland-Eastern Shore,2019-20,0.0,12,40,1,5,6,10,3,3,3,10,17,9,14.78,25,49,0,2,13,20,3,3,2,8,13,15
Bruce Moore,Bucknell,2019-20,20.0,34,80,2,16,27,35,9,3,5,17,12,17,20.0,26,55,0,9,28,38,10,5,4,17,8,14
Bruce Scott,Paul Quinn,2019-20,20.0,1,10,0,3,0,2,2,0,0,3,7,3,14.83,3,7,1,2,1,2,1,0,0,0,8,0
Bruno Guedes,Northern New Mexico,2019-20,20.0,2,2,0,0,0,0,0,0,0,0,0,4,14.68,0,4,0,3,1,2,1,0,0,0,1,2
Bruno Skokna,Loyola Chicago,2019-20,20.0,5,9,1,3,0,0,3,2,0,1,5,4,14.75,5,15,0,7,3,4,6,2,1,1,9,1
Bryan Antoine,Villanova,2019-20,20.0,3,12,1,8,0,0,2,2,0,1,2,1,14.88,3,10,1,7,2,2,0,1,0,0,2,0
Bryan Davis,Johnson & Wales (RI),2019-20,0.0,0,0,0,0,0,0,0,2,0,0,1,0,14.8,1,4,0,1,0,0,2,1,0,2,0,1
Bryan Greenlee,Minnesota,2019-20,0.0,0,2,0,1,0,0,0,0,0,0,2,0,20.0,0,1,0,0,0,0,0,1,0,0,0,0
Bryan Hillard,Life Pacific,2019-20,20.0,1,2,0,0,1,2,1,0,0,2,4,2,14.73,2,5,0,0,0,0,0,0,0,1,0,0
Bryan Jenkins,Bluefield State,2019-20,20.0,1,6,0,2,0,0,1,1,0,0,3,2,14.97,0,5,0,5,2,2,1,0,1,0,1,1
Bryan Knapp,Cornell,2019-20,20.0,42,83,15,32,2,2,14,10,1,5,23,13,17.92,25,64,5,14,16,21,18,5,2,5,18,7
Bryan Penn-Johnson,Washington,2019-20,0.0,0,0,0,0,0,0,0,0,1,0,1,0,17.97,0,1,0,0,0,0,0,0,2,1,1,1
Bryan Polanco,Shorter,2019-20,20.0,0,1,0,0,2,4,0,2,1,0,0,3,14.85,0,2,0,0,1,2,0,0,0,0,0,0
Bryan Thompson,Lyndon State College,2019-20,0.0,0,0,0,0,0,0,0,0,0,0,0,1,14.65,0,2,0,1,0,0,1,0,0,0,0,1
Bryan Urrutia,Maryland-Eastern Shore,2019-20,20.0,4,21,1,7,1,1,4,3,0,0,14,4,14.92,2,13,0,6,3,3,14,3,0,2,5,6
Bryant,,2019-20,0.0,0,0,0,0,0,0,0,0,0,27,37,10,0.0,0,0,0,0,0,0,0,0,0,38,35,10
Bryant Bernard,Tennessee Wesleyan,2019-20,20.0,3,5,0,1,0,0,0,1,0,0,0,1,14.77,0,2,0,1,0,0,0,0,0,0,1,0
Bryant Fuller,Newport News Apprentice,2019-20,20.0,0,1,0,1,0,0,1,0,0,0,1,0,14.92,0,0,0,0,0,0,0,0,0,1,0,0
Bryant Mocaby,Northern Kentucky,2019-20,20.0,6,24,4,20,0,0,3,1,0,4,2,6,14.87,2,16,2,14,5,6,3,0,0,5,2,4
Bryant Randleman,High Point,2019-20,20.0,17,40,1,6,8,14,32,8,5,2,31,21,14.97,18,48,1,8,17,25,23,11,2,5,33,14
Bryant Smith,SAGU American Indian College,2019-20,20.0,1,6,0,2,0,0,1,1,0,1,2,2,14.87,0,1,0,0,1,2,0,0,0,1,4,0
Bryant Thomas,Carson Newman,2019-20,20.0,0,2,0,1,0,0,0,0,0,0,0,0,14.85,0,3,0,1,2,2,0,0,0,1,0,1
Bryant Young,Bethany College,2019-20,0.0,0,0,0,0,0,0,0,0,0,0,1,1,14.77,1,2,1,2,0,0,0,0,0,0,0,0
Bryanth Farr,Holy Family,2019-20,20.0,1,1,0,0,0,2,0,1,0,0,5,1,14.9,2,3,0,0,2,3,0,0,1,2,5,0
Bryce Aiken,Harvard,2019-20,20.0,19,45,7,21,13,17,6,3,0,0,8,15,18.63,16,39,6,14,21,22,5,6,0,2,3,11
Bryce Barnes,William & Mary,2019-20,20.0,126,258,6,113,5,8,131,9,2,3,20,119,20.0,20,57,4,15,19,25,32,14,1,5,16,11
Bryce Berry,Rhodes College,2019-20,20.0,2,4,0,0,2,3,0,0,0,0,0,2,14.93,3,6,1,2,0,0,0,0,0,1,0,1
Bryce Davis,Incarnate Word,2019-20,0.0,8,19,0,0,8,11,1,3,2,2,9,9,14.63,9,21,0,0,8,13,3,3,1,5,7,8
Bryce Fowler,Sacramento State,2019-20,20.0,56,118,10,28,20,24,46,6,5,16,36,20,14.93,39,110,7,29,21,25,44,5,3,19,27,20
Bryce Golden,Butler,2019-20,20.0,47,100,6,25,17,21,19,9,1,26,34,23,14.88,52,95,5,19,18,30,15,5,3,25,31,18
Bryce Greene,Elizabethtown,2019-20,20.0,3,6,0,1,0,0,0,1,0,0,2,1,14.92,3,7,1,3,0,0,0,0,0,0,1,0
Bryce Hamilton,UNLV,2019-20,20.0,87,180,15,44,34,51,23,8,2,18,56,33,18.22,93,205,18,52,47,67,18,13,2,28,52,34
Bryce Hopkins,Chicago,2019-20,20.0,2,3,1,2,0,0,1,0,0,1,2,1,14.9,1,3,0,1,1,3,1,0,0,0,2,0
Bryce Hudson,IU-Kokomo,2019-20,20.0,2,2,0,0,0,0,0,1,0,1,0,0,17.57,0,2,0,0,0,0,0,0,0,0,1,0
Bryce Johnson,New Hampshire,2019-20,20.0,0,0,0,0,0,0,1,0,0,1,0,0,14.78,1,3,1,3,0,0,0,0,0,0,1,0
Bryce Laskey,St. Francis (PA),2019-20,20.0,8,17,6,12,0,0,3,2,0,0,5,2,18.45,7,14,5,10,0,0,2,3,0,0,5,1
Bryce Moore,Xavier,2019-20,20.0,13,40,9,31,2,2,7,8,1,1,13,7,17.95,9,33,8,29,5,8,2,3,1,2,7,2
Bryce Moragne,Florida A&M,2019-20,20.0,19,42,0,0,5,7,10,7,2,12,28,13,14.58,18,37,0,0,20,30,5,11,3,16,24,10
Bryce Morgan,Arlington Baptist,2019-20,0.0,0,0,0,0,0,0,0,0,0,0,0,1,14.95,1,3,0,0,0,0,0,0,0,0,0,1
Bryce Nze,Butler,2019-20,20.0,62,98,2,5,21,36,20,17,6,32,67,38,14.88,56,91,0,0,16,27,20,8,14,40,59,25
Bryce Okpoh,Grand Canyon,2019-20,20.0,8,23,0,1,11,16,5,4,7,13,30,7,19.45,10,23,0,0,11,21,4,1,1,19,20,6
Bryce Parsons,San Diego Christian,2019-20,20.0,6,13,0,2,4,5,2,4,1,3,1,2,14.97,3,6,0,0,3,4,2,2,0,1,1,4
Bryce Prochaska,,2019-20,2.33,0,2,0,0,1,2,0,0,1,2,2,1,0.0,2,4,0,0,0,0,0,0,0,1,2,2
Bryce Rewalt,New Mexico State,2019-20,0.0,0,0,0,0,0,0,0,0,0,0,0,0,14.68,2,4,2,3,0,0,0,0,0,0,1,0
Bryce Slone,Alice Lloyd College,2019-20,20.0,3,8,3,6,1,2,1,2,0,1,3,4,14.85,2,6,1,5,0,0,1,0,0,0,0,3
Bryce Washington,Pennsylvania,2019-20,20.0,5,23,1,13,0,0,1,4,0,4,8,4,20.0,6,8,3,5,0,0,1,0,0,0,4,4
Bryce Williams,Ole Miss,2019-20,20.0,11,28,3,9,14,15,12,6,1,1,11,15,14.93,11,28,8,13,12,14,10,9,4,1,5,17
Bryce Wills,Stanford,2019-20,20.0,37,90,4,20,18,27,28,15,12,1,52,32,16.37,50,92,1,7,20,34,27,11,8,3,49,21
Bryce Workman,Jacksonville,2019-20,20.0,35,75,0,3,13,25,11,7,3,23,47,16,17.95,29,55,1,6,25,35,5,3,2,18,48,18
Bryce Yoder,Simpson College,2019-20,20.0,2,2,2,2,0,0,0,0,0,0,0,0,14.98,1,2,1,2,0,0,0,0,0,1,0,1
Brycen Goodine,Syracuse,2019-20,0.0,2,16,1,6,0,0,4,3,0,4,7,8,17.9,5,20,1,13,4,6,10,6,2,2,8,7
Brycen Wight,Simpson University,2019-20,20.0,3,13,1,4,0,0,3,1,0,1,3,2,14.93,2,8,1,3,2,2,4,0,0,0,2,4
Bryn Athyn,,2019-20,0.0,0,0,0,0,0,0,0,0,0,4,0,0,0.0,0,0,0,0,0,0,0,0,0,2,5,0
Bryon Elledge,Haskell,2019-20,20.0,1,5,1,3,0,0,5,0,0,0,0,6,14.92,2,6,0,3,0,0,0,0,1,1,1,3
Bryson Etienne,Texas Southern,2019-20,20.0,27,96,11,48,13,20,17,10,0,7,27,19,14.9,25,79,7,39,18,27,21,11,0,5,22,12
Bryson Langdon,Northern Kentucky,2019-20,20.0,37,110,11,57,17,23,45,16,0,4,29,31,14.87,37,88,22,53,31,35,47,12,0,7,25,21
Bryson Lockley,Kennesaw State,2019-20,20.0,33,99,6,36,21,24,23,11,6,14,55,37,15.35,44,100,9,27,27,41,15,8,8,26,37,24
Bryson Mozone,South Carolina Upstate,2019-20,20.0,41,112,26,69,11,16,11,2,2,16,54,19,15.33,42,99,29,73,15,24,6,11,4,10,49,14
Bryson Robinson,New Orleans,2019-20,20.0,79,199,45,121,35,40,43,22,2,6,51,36,14.87,80,192,38,111,83,96,30,17,1,12,49,32
Bryson Williams,UTEP,2019-20,20.0,92,194,17,47,25,29,18,13,10,22,89,29,16.6,106,203,13,36,85,104,10,15,18,27,80,40
Buay Koka,Tulane,2019-20,20.0,1,1,0,0,2,2,0,0,0,1,1,2,18.9,1,1,0,0,0,0,0,0,0,1,1,1
Bubba Furlong,Sam Houston State,2019-20,20.0,10,20,0,0,3,7,3,1,7,3,13,4,20.0,9,17,0,1,2,4,4,5,5,8,6,2
Bubba Parham,Georgia Tech,2019-20,15.0,26,75,13,44,13,14,23,15,1,4,32,28,20.0,24,71,11,39,13,16,28,11,0,7,29,12
Buck Blanz,Millsaps,2019-20,0.0,0,0,0,0,0,0,0,0,0,0,0,0,14.93,0,2,0,0,2,2,0,0,0,0,1,0
Bucknell,,2019-20,0.0,0,0,0,0,0,0,0,0,0,34,26,10,0.0,0,0,0,0,0,0,0,0,0,34,31,4
Buddy Boeheim,Syracuse,2019-20,20.0,84,221,46,134,13,16,35,16,3,6,26,22,17.9,78,186,40,109,17,24,27,14,2,6,18,21
Buffalo,,2019-20,0.0,0,0,0,0,0,0,0,0,0,53,23,5,0.0,0,0,0,0,0,0,0,0,0,62,25,5
Bul Kuol,California Baptist,2019-20,20.0,14,35,8,22,3,4,3,6,0,4,15,6,17.77,13,26,11,18,13,16,3,2,1,8,22,5
Butler,,2019-20,0.0,0,0,0,0,0,0,0,0,0,33,30,7,0.0,0,0,0,0,0,0,0,0,0,36,22,9
Bymnet Tecle,Holy Names,2019-20,20.0,0,2,0,2,0,0,0,0,0,0,1,0,14.9,0,0,0,0,0,0,0,0,0,0,1,2
Byron Breland III,NJIT,2019-20,20.0,6,22,0,3,6,10,1,1,2,5,8,9,20.0,10,22,1,5,6,14,1,3,1,4,12,8
Byron Deanjr,Holy Family,2019-20,20.0,2,6,0,1,0,0,0,0,0,1,3,1,14.9,1,4,0,1,1,1,2,0,0,0,4,2
Byron Frohnen,UTSA,2019-20,20.0,24,49,0,0,7,13,20,10,4,30,43,18,17.8,14,42,0,0,8,16,33,11,2,32,60,8
Byron Smith,SE Louisiana,2019-20,20.0,32,66,8,24,8,11,18,12,3,9,24,23,17.97,45,102,14,46,29,38,20,12,2,18,19,26
C.J. Baird,Michigan,2019-20,0.0,0,0,0,0,0,0,0,0,0,0,1,0,14.88,0,1,0,1,0,0,0,0,0,0,1,0
C.J. Bobbitt,New Mexico State,2019-20,19.93,22,69,7,39,12,17,0,7,1,10,37,14,14.97,21,51,9,30,14,18,0,3,2,9,24,9
C.J. Brim,North Alabama,2019-20,20.0,41,91,12,36,20,25,0,9,0,8,34,35,17.58,37,85,11,29,48,57,0,6,0,5,23,24
C.J. Bryce,NC State,2019-20,19.55,68,146,15,44,25,31,7,20,3,21,54,29,20.0,65,152,15,43,30,41,6,9,3,23,63,28
C.J. Duff,Western Illinois,2019-20,20.0,39,106,16,42,10,13,0,13,0,9,25,17,14.92,33,95,17,45,28,32,0,5,0,8,21,12
C.J. Hyder,Fresno State,2019-20,0.0,0,0,0,0,0,0,0,0,0,0,0,0,14.98,1,1,0,0,0,1,0,0,0,0,0,0
C.J. Jackson,UMass,2019-20,0.0,2,12,1,6,2,2,0,3,0,2,0,3,14.92,2,7,1,5,0,0,0,2,0,0,0,1
C.J. Jones,Northwestern State,2019-20,20.0,90,223,33,95,42,53,1,24,5,5,55,39,14.92,90,205,45,96,47,54,0,13,4,7,33,37
C.J. Keyser,North Carolina Central,2019-20,20.0,29,70,6,21,11,16,3,7,2,3,15,16,20.0,37,61,8,22,23,28,2,4,2,3,20,14
C.J. Murphy,Louisiana College,2019-20,20.0,0,1,0,1,0,0,0,0,0,0,0,2,16.93,2,3,1,2,0,0,0,0,0,0,0,0
C.J. Smith,Olivet Nazarene,2019-20,20.0,1,3,1,3,0,0,0,1,0,1,0,1,20.0,1,3,1,3,0,0,0,0,0,0,2,0
C.J. Walker,Oregon,2019-20,0.0,19,62,4,16,3,7,4,8,8,9,21,15,17.85,17,38,3,12,12,24,3,1,5,8,26,8
C.J. Washington,Kennesaw State,2019-20,20.0,15,52,3,21,11,16,0,11,1,3,22,15,15.35,14,48,6,24,13,18,0,8,2,8,18,13
C.J. Wilbourn,Milwaukee,2019-20,20.0,24,49,3,12,7,13,0,4,4,17,23,15,18.85,23,41,2,9,11,17,0,3,2,29,13,10
C.J. Williamson,Kent State,2019-20,15.0,35,79,10,32,8,11,2,9,6,15,42,14,20.0,18,44,5,19,11,12,1,12,1,13,30,10
CJ Bobbitt,New Mexico State,2019-20,20.0,0,0,0,0,0,0,17,0,0,0,0,0,18.38,0,0,0,0,0,0,11,0,0,0,0,0
CJ Brim,North Alabama,2019-20,0.0,0,0,0,0,0,0,41,0,0,0,0,0,17.58,0,0,0,0,0,0,24,0,0,0,0,0
CJ Bryce,NC State,2019-20,15.0,0,0,0,0,0,0,20,0,0,0,0,0,20.0,0,0,0,0,0,0,21,0,0,0,0,0
CJ Duff,,2019-20,17.92,0,0,0,0,0,0,21,0,0,0,0,0,0.0,0,0,0,0,0,0,19,0,0,0,0,0
CJ Elleby,Washington State,2019-20,20.0,92,243,34,100,54,62,32,26,10,17,105,41,15.05,81,202,31,94,54,71,21,21,14,16,92,24
CJ Felder,Boston College,2019-20,20.0,41,78,3,17,14,24,8,10,8,16,49,23,20.0,22,68,2,14,15,23,9,4,5,17,30,12
CJ Fredrick,Iowa,2019-20,20.0,43,97,28,57,11,15,35,8,4,6,21,17,14.93,44,80,19,43,24,29,30,9,1,9,11,15
CJ Gettelfinger,Oakland,2019-20,0.0,1,5,1,3,0,0,6,3,1,1,5,8,14.93,3,10,0,3,0,0,11,2,0,0,4,5
CJ Hedgepeth,,2019-20,0.5,1,4,0,2,0,0,3,0,0,0,0,0,0.0,0,3,0,2,0,0,0,0,0,0,2,1
CJ Jackson,UMass,2019-20,0.0,0,0,0,0,0,0,0,0,0,0,0,0,17.73,0,0,0,0,0,0,1,0,0,0,0,0
CJ Jones,Northwestern State,2019-20,20.0,0,0,0,0,0,0,40,0,0,0,0,0,14.92,0,0,0,0,0,0,40,0,0,0,0,0
CJ Keyser,North Carolina Central,2019-20,0.0,0,0,0,0,0,0,10,0,0,0,0,0,20.0,0,0,0,0,0,0,8,0,0,0,0,0
CJ Melton,Presbyterian,2019-20,20.0,6,16,1,2,0,0,3,2,1,9,7,10,14.68,5,8,1,3,5,10,4,2,2,6,7,5
CJ Walker,Ohio State,2019-20,20.0,48,108,15,40,23,28,54,17,0,4,33,32,20.0,42,106,11,42,29,36,53,22,2,5,50,20
CJ Washington,Kennesaw State,2019-20,0.0,0,0,0,0,0,0,1,0,0,0,0,0,20.0,0,0,0,0,0,0,6,0,0,0,0,0
CJ White,SMU,2019-20,20.0,21,50,14,37,4,7,24,6,0,9,13,19,19.48,10,30,7,23,9,12,20,7,1,5,20,11
CJ Wilbourn,Milwaukee,2019-20,20.0,0,0,0,0,0,0,4,0,0,0,0,0,20.0,0,0,0,0,0,0,5,0,0,0,0,0
CJ Williamson,Kent State,2019-20,0.0,0,0,0,0,0,0,7,0,0,0,0,0,14.9,0,0,0,0,0,0,12,0,0,0,0,0
CS Los Angeles,,2019-20,0.0,0,0,0,0,0,0,0,0,0,1,0,0,0.0,0,0,0,0,0,0,0,0,0,1,1,0
CS San Bernardino,,2019-20,0.0,0,0,0,0,0,0,0,0,0,0,1,0,0.0,0,0,0,0,0,0,0,0,0,1,0,0
CS Stanislaus,,2019-20,0.0,0,0,0,0,0,0,0,0,0,0,1,0,0.0,0,0,0,0,0,0,0,0,0,1,0,0
CSU Bakersfield,,2019-20,0.0,0,0,0,0,0,0,0,0,0,20,16,10,0.0,0,0,0,0,0,0,0,0,0,27,21,10
CSU Fullerton,,2019-20,0.0,0,0,0,0,0,0,0,0,0,23,26,10,0.0,0,0,0,0,0,0,0,0,0,32,19,1
CSU Northridge,,2019-20,0.0,0,0,0,0,0,0,0,0,0,42,24,7,0.0,0,0,0,0,0,0,0,0,0,38,29,8
Ca'Darrius Thompson,SAGU American Indian College,2019-20,20.0,2,4,1,2,0,0,0,2,0,0,1,0,14.87,0,1,0,0,0,0,0,0,0,0,0,0
Cade Archer,Reinhardt,2019-20,0.0,0,0,0,0,0,0,0,0,0,0,0,0,14.92,1,1,0,0,0,0,0,0,0,1,2,0
Cade Chitty,Olivet Nazarene,2019-20,20.0,0,0,0,0,0,0,1,0,0,0,1,0,20.0,0,0,0,0,0,0,0,0,0,0,0,0
Cade Coleman,Siena Heights,2019-20,20.0,0,0,0,0,0,0,1,0,0,0,0,1,14.9,1,4,1,4,0,1,0,0,0,0,2,0
Cade Connell,Peru State College,2019-20,0.0,1,3,1,3,0,0,0,0,0,0,0,0,14.98,1,4,1,4,0,0,1,0,0,0,2,2
Cade Crosland,Tennessee Tech,2019-20,20.0,26,57,25,56,2,3,8,4,0,1,9,5,17.83,17,54,15,49,4,5,12,6,0,2,12,3
Cade Roth,Westmont,2019-20,20.0,2,4,2,3,0,0,2,1,0,0,2,2,17.72,1,2,1,1,0,0,3,2,0,0,1,0
Cade Whicker,Willamette,2019-20,20.0,0,3,0,2,0,0,0,1,0,0,0,0,14.98,1,1,0,0,1,2,0,0,0,1,1,1
Cade Wood,Western Colorado,2019-20,0.0,0,0,0,0,0,0,0,0,0,0,0,0,17.95,1,2,1,2,0,0,0,1,0,0,1,0
Caden Hoffman,South Dakota,2019-20,0.0,0,0,0,0,0,0,0,0,0,0,0,0,14.88,0,1,0,1,0,0,0,0,0,0,1,0
Caden Mills,Tennessee Tech,2019-20,0.0,0,0,0,0,0,0,0,0,0,0,1,0,16.27,0,1,0,1,0,0,0,0,1,0,0,0
Caden Sanchez,High Point,2019-20,20.0,49,92,1,2,13,24,18,9,13,33,30,23,14.97,40,68,0,4,18,31,17,6,17,36,27,17
Caiden Smith,Urbana,2019-20,20.0,1,1,0,0,1,4,1,2,0,0,0,1,14.77,0,0,0,0,0,0,1,1,0,0,0,1
Cainan McClelland,Jackson State,2019-20,20.0,15,46,5,26,2,2,13,17,3,8,13,11,15.52,19,40,7,16,5,8,11,8,0,4,15,5
Cairn University,,2019-20,0.0,0,0,0,0,0,0,0,0,0,3,0,0,0.0,0,0,0,0,0,0,0,0,0,1,2,0
Cal Freundlich,,2019-20,0.0,0,0,0,0,0,0,0,0,0,0,0,0,0.0,0,0,0,0,0,0,0,0,0,0,1,0
Cal Hansen,Puget Sound,2019-20,20.0,4,6,0,0,1,2,0,0,0,2,1,3,14.95,5,5,0,0,0,0,0,0,0,0,1,0
Cal Poly,,2019-20,0.0,0,0,0,0,0,0,0,0,0,39,28,6,0.0,0,0,0,0,0,0,0,0,0,60,29,6
Cal Reichwein,Lafayette,2019-20,0.0,0,2,0,2,0,0,0,0,0,0,1,0,14.8,0,1,0,0,0,0,1,0,0,0,0,0
Caldwell,,2019-20,0.0,0,0,0,0,0,0,0,0,0,4,1,1,0.0,0,0,0,0,0,0,0,0,0,3,2,0
Cale Danielson,Texas Permian Basin,2019-20,20.0,1,2,0,0,0,0,0,1,0,0,0,0,14.98,1,1,0,0,0,0,1,0,0,1,0,0
Caleb Asberry,Texas State,2019-20,20.0,36,86,13,48,13,15,9,13,3,7,27,7,14.9,29,76,9,36,16,19,11,5,2,7,22,13
Caleb Bellach,Montana State,2019-20,20.0,2,16,0,7,2,3,1,1,0,2,13,2,14.87,4,8,3,7,2,4,1,0,0,1,5,1
Caleb Bowser,Georgian Court,2019-20,20.0,2,7,0,2,0,0,1,0,0,0,2,3,20.0,4,6,0,0,2,3,2,0,0,0,1,4
Caleb Bryan,,2019-20,9.73,4,4,0,0,0,0,0,0,0,2,0,0,0.0,0,1,0,0,0,0,0,0,0,0,1,1
Caleb Burgess,Hofstra,2019-20,20.0,1,7,0,5,1,2,8,4,1,0,2,6,16.48,4,6,1,2,0,0,2,2,0,0,1,1
Caleb Canty,Polytechnic University,2019-20,20.0,1,3,0,1,0,0,2,0,0,0,2,3,14.73,3,5,1,1,0,0,0,1,0,0,0,2
Caleb Catto,Florida Gulf Coast,2019-20,20.0,65,154,24,73,18,21,35,17,2,6,43,42,16.05,76,174,34,92,25,31,45,7,3,15,51,21
Caleb Christopher,Arizona State,2019-20,20.0,1,1,1,1,0,0,0,0,0,1,1,2,15.18,0,2,0,0,0,0,0,1,0,0,0,0
Caleb Coleman,Prairie View A&M,2019-20,20.0,6,9,1,1,1,1,0,0,0,2,6,1,14.92,0,3,0,0,0,0,0,0,0,0,5,1
Caleb Dawkins,Norfolk State,2019-20,20.0,1,2,0,0,0,0,0,0,0,0,0,0,14.92,0,0,0,0,0,0,0,0,0,0,0,0
Caleb Ellis,North Carolina,2019-20,0.0,0,0,0,0,0,0,0,0,0,0,0,0,20.0,0,1,0,1,0,0,0,0,0,0,0,0
Caleb Fields,Arkansas State,2019-20,20.0,65,172,24,78,54,72,64,31,0,14,59,47,17.73,75,196,27,79,85,133,68,22,7,21,53,36
Caleb Fuller,UC Davis,2019-20,20.0,44,81,12,28,14,20,19,12,2,6,29,22,14.75,33,65,9,21,19,21,11,4,2,6,12,11
Caleb Golden,Walla Walla University,2019-20,20.0,0,3,0,3,0,0,0,0,0,0,0,0,14.93,1,4,1,2,0,0,1,0,0,0,0,2
Caleb Goldstein,Wisconsin Lutheran,2019-20,20.0,0,2,0,2,0,0,0,0,0,0,0,0,14.83,1,4,1,4,0,0,0,0,0,0,0,0
Caleb Grill,Iowa State,2019-20,20.0,2,24,1,19,0,0,8,7,0,2,17,11,14.87,13,29,7,18,4,7,6,6,2,2,12,4
Caleb Highley,Texas A&M-International,2019-20,20.0,1,2,0,0,0,0,0,0,0,1,4,2,14.93,1,4,0,0,1,2,1,0,0,1,1,0
Caleb Hollander,Belmont,2019-20,20.0,22,54,9,28,5,7,5,3,1,9,18,10,20.0,18,37,9,21,2,4,2,7,2,3,13,3
Caleb Homesley,Liberty,2019-20,20.0,82,176,27,70,10,22,38,20,14,6,78,21,20.0,76,155,22,56,54,83,27,11,9,8,66,19
Caleb Hunter,Mississippi Valley State,2019-20,20.0,45,142,19,75,6,13,21,10,0,5,26,23,14.87,45,131,23,79,17,28,18,9,1,6,18,16
Caleb Lister,Texas Lutheran,2019-20,20.0,2,10,1,6,2,2,0,0,0,3,3,0,14.9,4,6,2,2,0,0,0,0,1,1,4,2
Caleb Matthews,NJIT,2019-20,20.0,2,6,2,4,0,0,0,1,0,0,5,1,20.0,2,4,2,4,0,0,0,0,0,0,0,2
Caleb McConnell,Rutgers,2019-20,20.0,35,81,9,21,16,20,23,13,2,15,36,25,20.0,30,78,3,20,20,26,16,10,3,13,40,16
Caleb Mcreed,Ferrum,2019-20,20.0,1,4,0,2,0,0,0,0,0,1,1,3,14.85,0,1,0,0,0,0,0,0,0,0,0,1
Caleb Mielewski,Newport News Apprentice,2019-20,20.0,1,4,0,1,0,0,0,0,0,0,0,0,14.92,1,3,1,2,0,0,0,0,0,0,1,1
Caleb Mills,Houston,2019-20,20.0,63,169,28,73,18,26,18,8,2,6,34,21,14.95,77,191,22,61,53,69,15,7,3,5,35,20
Caleb Morris,Air Force,2019-20,20.0,38,91,24,63,14,22,19,11,0,4,41,18,20.0,49,101,32,65,30,38,27,10,1,4,44,15
Caleb Simmons,San José St,2019-20,0.0,0,2,0,2,0,0,0,0,0,0,0,1,14.83,1,5,0,3,0,0,1,1,0,1,4,3
Calen Anderson,St. Thomas (TX),2019-20,0.0,0,0,0,0,0,0,0,0,0,0,0,0,14.97,2,4,0,0,0,1,1,1,0,2,1,0
California,,2019-20,0.0,0,0,0,0,0,0,0,0,0,36,27,6,0.0,0,0,0,0,0,0,0,0,0,61,27,6
California Baptist,,2019-20,0.0,0,0,0,0,0,0,0,0,0,25,22,1,0.0,0,0,0,0,0,0,0,0,0,20,22,1
California Lutheran,,2019-20,0.0,0,0,0,0,0,0,0,0,0,0,2,0,0.0,0,0,0,0,0,0,0,0,0,1,0,1
Callan Low,Newberry,2019-20,20.0,1,4,0,1,0,0,0,1,0,1,1,2,14.97,0,1,0,0,0,0,0,0,0,0,1,0
Callum Baker,Fairleigh Dickinson,2019-20,20.0,1,5,0,3,0,0,6,1,0,0,6,1,19.57,0,7,0,3,0,0,1,0,0,1,6,3
Callum McRae,UC Riverside,2019-20,20.0,48,96,0,0,14,19,25,7,19,26,73,35,18.43,57,100,0,0,23,35,18,2,9,25,51,28
Calon Woodson,Mid-America Christian,2019-20,0.0,0,0,0,0,0,0,0,1,0,1,0,1,14.8,1,1,0,0,0,0,0,0,0,0,3,0
Calvin Bak,Birmingham-Southern,2019-20,20.0,3,6,2,4,0,0,2,0,0,0,0,0,14.8,1,3,0,1,0,0,0,0,0,1,0,1
Calvin Fugett Jr,Texas A&M-International,2019-20,0.0,0,0,0,0,0,0,0,0,0,0,0,0,14.93,0,0,0,0,0,0,1,0,0,0,0,0
Calvin Fugett Jr.,Texas A&M-International,2019-20,20.0,1,2,0,1,2,4,0,0,0,0,0,1,14.93,0,0,0,0,0,0,0,0,0,0,0,1
Calvin Phillips,,2019-20,10.8,1,4,1,4,0,3,0,0,0,0,2,1,0.0,0,0,0,0,0,0,0,0,0,0,1,0
Calvin Seward,Hartwick,2019-20,20.0,0,1,0,0,0,0,0,0,0,2,0,2,14.98,0,0,0,0,0,0,0,0,0,1,0,1
Calvin Solomon,Stephen F. Austin,2019-20,20.0,15,35,0,0,13,31,15,12,7,22,37,14,16.37,11,26,0,0,4,18,7,8,8,15,30,15
Calvin Temple,Louisiana,2019-20,0.0,10,25,5,15,6,12,7,4,0,1,12,11,14.77,7,26,1,11,8,9,8,4,0,3,8,10
Calvin Whipple,Fairfield,2019-20,20.0,14,35,8,27,0,0,6,4,1,3,16,5,20.0,7,28,6,21,4,4,5,1,3,1,12,5
Calvin Williams,Southwestern,2019-20,20.0,0,3,0,1,0,0,0,0,0,1,2,0,17.17,0,1,0,0,0,0,0,0,0,0,1,1
Calvin Wishart,Georgia Southern,2019-20,20.0,39,94,28,71,6,9,30,13,3,3,30,25,20.0,45,100,28,70,27,37,41,13,2,1,32,27
Cam Bacote,Indiana State,2019-20,20.0,12,33,6,13,4,5,16,2,0,4,12,11,20.0,9,29,4,14,8,9,8,0,0,1,11,9
Cam Brooks-Harris,Marshall,2019-20,20.0,15,43,5,26,5,5,9,9,8,3,24,10,20.0,15,27,3,15,4,8,7,5,9,6,19,9
Cam Christon,Grambling,2019-20,19.98,19,49,6,22,10,12,4,4,1,3,23,6,16.32,19,35,8,19,7,8,5,4,1,4,11,10
Cam Davis,Navy,2019-20,16.65,81,197,28,85,17,22,38,13,1,4,24,20,20.0,84,202,35,101,63,83,37,10,0,3,46,21
Cam Givens,Central Oklahoma,2019-20,20.0,2,4,0,1,5,6,0,0,0,1,3,0,18.9,4,5,0,0,1,1,0,0,0,1,0,0
Cam Jones,Jacksonville State,2019-20,20.0,11,22,4,10,0,1,12,2,1,1,10,11,14.78,9,21,1,4,3,9,13,1,1,4,12,7
Cam Kennedy,Arkansas Tech,2019-20,0.0,0,0,0,0,0,0,0,0,0,0,0,0,17.87,1,2,1,2,0,0,0,1,0,0,1,0
Cam Mack,Nebraska,2019-20,20.0,58,133,23,59,19,35,74,19,8,13,44,34,16.28,44,121,17,47,26,41,73,11,1,6,35,24
Cam McKennedy,Bob Jones University,2019-20,20.0,2,5,1,1,0,0,2,2,0,1,1,2,15.25,1,3,0,1,0,0,2,1,0,0,1,0
Cam Wilson,Xavier LA,2019-20,20.0,1,3,0,2,0,0,0,1,2,1,2,2,20.0,0,0,0,0,0,0,0,0,2,0,0,2
Camden Ferguson,William Peace,2019-20,20.0,0,2,0,2,0,0,0,0,0,0,0,1,14.97,3,6,1,4,1,1,0,0,0,0,0,1
Camden Flowers,Concordia University (WI),2019-20,20.0,0,3,0,2,2,2,1,1,0,0,1,2,18.85,2,4,2,3,0,0,0,1,0,0,0,0
Camden Vander Zwaag,Air Force,2019-20,20.0,1,1,0,0,0,0,0,0,0,0,0,0,14.77,1,1,0,0,0,0,0,0,0,0,1,0
Cameron Alexander,Piedmont International,2019-20,20.0,1,4,0,0,1,1,0,0,0,0,1,3,15.1,3,3,0,0,1,4,0,2,0,0,1,0
Cameron Alford,Alabama A&M,2019-20,20.0,54,163,10,44,35,53,21,20,2,9,69,24,14.95,54,129,12,40,38,50,26,11,0,9,49,24
Cameron Allen,CSU Bakersfield,2019-20,19.7,50,121,21,48,10,12,25,11,3,0,19,19,20.0,32,88,8,33,11,14,18,6,3,7,19,18
Cameron Ba,UC Davis,2019-20,0.0,0,0,0,0,0,0,0,0,0,0,0,0,14.92,1,2,1,2,0,0,1,0,0,1,1,0
Cameron Benford,,2019-20,6.13,15,33,0,0,3,6,7,9,9,31,39,14,0.0,15,27,0,1,6,13,5,10,7,25,29,8
Cameron Blakenship,,2019-20,18.93,0,1,0,1,0,0,0,0,0,0,0,0,0.0,0,0,0,0,0,0,0,0,0,0,0,0
Cameron Brown,Saint Joseph's,2019-20,20.0,49,131,18,72,6,13,25,10,1,18,55,24,19.35,63,132,29,81,18,26,11,12,4,20,24,24
Cameron Browne,,2019-20,9.58,1,3,0,1,0,0,0,0,0,1,1,0,0.0,0,0,0,0,0,0,0,0,0,0,0,0
Cameron Burkett,Delta State,2019-20,20.0,1,3,1,2,0,0,0,0,0,1,0,2,14.98,1,2,0,1,0,0,1,0,0,0,1,0
Cameron Carmical,Eastern Kentucky,2019-20,0.0,3,9,3,8,3,5,6,5,0,0,5,5,14.88,6,11,5,10,4,4,7,5,0,1,1,3
Cameron Carter,,2019-20,0.0,0,0,0,0,0,0,0,0,0,0,0,0,0.0,0,0,0,0,0,0,0,0,0,1,0,0
Cameron Cartwright,KY Wesleyan,2019-20,20.0,1,3,1,3,0,0,0,0,0,0,0,1,14.83,0,0,0,0,0,0,0,0,0,0,1,0
Cameron Centers,,2019-20,0.0,0,0,0,0,0,0,0,0,0,0,1,0,11.27,0,2,0,0,0,0,1,0,0,1,0,1
Cameron Corcoran,Florida International,2019-20,20.0,27,81,16,59,0,0,27,5,1,2,8,13,20.0,24,63,17,38,6,7,20,2,0,3,9,11
Cameron Diggs,North Alabama,2019-20,20.0,9,22,0,0,1,3,4,4,4,7,19,4,17.58,8,16,0,0,2,4,2,2,5,3,15,4
Cameron Dismuke,Champion Christian College,2019-20,20.0,8,14,4,7,5,7,1,2,1,0,6,4,14.98,5,8,0,2,10,10,0,0,0,1,0,3
Cameron Douglas,William Carey,2019-20,20.0,4,5,0,0,0,0,0,0,0,0,1,1,17.92,3,4,0,0,3,3,1,0,0,0,0,0
Cameron Dumas,Xavier LA,2019-20,20.0,3,5,1,3,4,4,0,1,0,0,1,4,20.0,3,5,1,2,0,0,2,2,0,0,0,0
Cameron Fields,Our Lady of the Lake,2019-20,20.0,0,0,0,0,0,0,1,0,0,0,0,1,14.9,0,0,0,0,0,0,0,0,0,0,0,0
Cameron Fini,Holy Names,2019-20,20.0,1,4,1,4,0,0,1,0,0,2,4,2,14.9,1,1,1,1,0,0,1,0,0,1,0,0
Cameron Fisher,Notre Dame de Namur,2019-20,20.0,0,3,0,0,0,0,2,0,0,1,2,0,14.63,0,1,0,0,0,0,0,1,0,0,0,0
Cameron Fontenot,Texas Lutheran,2019-20,20.0,0,4,0,2,2,3,0,0,0,1,3,1,14.9,0,1,0,0,4,7,0,0,0,2,2,2
Cameron Gims,St. Thomas (TX),2019-20,20.0,3,8,3,6,2,3,1,2,2,1,7,0,20.0,0,4,0,3,0,0,3,0,1,0,2,1
Cameron Healy,Albany,2019-20,20.0,69,162,39,102,27,30,39,10,1,3,62,31,14.9,58,157,36,100,42,47,26,11,3,4,40,32
Cameron Holmes,South Wesleyan,2019-20,20.0,1,3,0,2,0,0,1,0,0,1,4,1,17.58,0,1,0,0,0,0,0,0,0,0,0,0
Cameron Hunter,North Dakota State,2019-20,0.0,19,70,10,40,9,11,23,9,2,2,31,18,18.32,25,60,12,38,34,44,19,11,2,2,27,9
Cameron Issacs,Goucher,2019-20,20.0,1,7,0,3,2,2,0,1,0,0,3,3,14.88,1,5,0,2,0,0,0,0,0,0,2,2
Cameron Johnson,Stephen F. Austin,2019-20,20.0,63,126,9,26,28,40,17,14,5,24,38,28,16.37,43,79,4,11,31,39,14,14,1,15,21,19
Cameron Jones,Concordia Texas,2019-20,20.0,10,36,7,26,4,4,7,6,1,2,21,13,14.75,14,41,9,29,12,16,9,9,1,2,17,7
Cameron Krutwig,Loyola Chicago,2019-20,20.0,103,171,0,0,31,50,71,19,9,27,98,43,14.75,83,150,0,3,42,55,54,19,10,27,92,33
Cameron Mack,Nebraska,2019-20,20.0,3,9,1,4,1,2,7,2,1,2,2,3,18.43,6,13,1,5,2,4,6,0,0,2,10,1
Cameron Martin,NC Wesleyan,2019-20,20.0,1,7,0,6,1,2,1,0,0,0,2,1,14.9,2,7,0,3,0,0,1,0,0,1,1,2
Cameron McGriff,Oklahoma State,2019-20,20.0,71,149,19,45,36,44,20,6,5,28,70,30,20.0,51,121,8,39,57,68,19,3,3,34,65,28
Cameron Oluyitan,Southern Utah,2019-20,18.62,67,152,27,68,25,30,26,15,1,6,47,24,20.0,62,137,25,70,39,45,19,15,2,4,59,25
Cameron Parker,Sacred Heart,2019-20,20.0,22,54,6,22,11,16,80,7,0,2,44,45,14.95,36,78,6,19,32,44,57,7,0,2,38,32
Cameron Posey,Arkansas-Pine Bluff,2019-20,0.0,10,22,2,5,0,0,11,6,0,2,7,3,17.95,5,15,1,8,0,1,5,6,1,3,17,9
Cameron Satterwhite,Northern Arizona,2019-20,20.0,42,86,18,39,14,19,16,13,1,2,20,12,14.92,27,78,6,26,27,32,21,10,4,7,21,22
Cameron Scales,Lindenwood,2019-20,20.0,3,4,3,4,0,0,1,0,0,0,1,1,14.98,0,3,0,1,0,0,0,0,0,1,1,0
Cameron Shaw,Morgan State,2019-20,0.0,0,3,0,2,0,0,0,0,0,0,1,1,14.93,0,3,0,2,0,0,0,1,0,1,3,2
Cameron Shelton,Northern Arizona,2019-20,20.0,56,132,7,27,41,53,55,17,3,18,60,30,14.92,64,151,14,30,63,85,54,19,1,25,57,31
Cameron Shockley-Okeke,Columbia,2019-20,20.0,3,15,1,10,3,4,4,3,0,2,9,5,20.0,4,12,1,6,0,0,0,2,1,3,5,3
Cameron Spencer,Loyola (MD),2019-20,19.98,25,53,16,36,9,9,32,2,1,6,27,7,14.92,41,87,20,47,18,21,27,4,0,8,33,11
Cameron Tucker,Alabama A&M,2019-20,20.0,29,79,4,24,17,20,34,15,2,12,23,42,14.95,26,77,8,22,46,62,49,6,2,9,28,25
Cameron Wells,Xavier LA,2019-20,0.0,1,2,0,0,2,2,1,0,1,0,1,0,20.0,3,7,0,0,2,4,3,2,0,1,3,1
Cameron Whiteside,Virginia-Wise,2019-20,20.0,2,6,2,3,1,2,0,1,0,2,0,1,14.85,2,5,0,1,1,2,0,1,0,1,1,0
Cameron Williams,SIU-Edwardsville,2019-20,20.0,51,123,18,49,15,21,28,14,5,10,32,31,20.0,46,118,11,46,25,34,31,15,4,10,47,28
Campbell,,2019-20,0.0,0,0,0,0,0,0,0,0,0,13,18,4,0.0,0,0,0,0,0,0,0,0,0,21,23,5
Campbellsville,,2019-20,0.0,0,0,0,0,0,0,0,0,0,6,2,0,0.0,0,0,0,0,0,0,0,0,0,5,0,0
Camren Wynter,Drexel,2019-20,20.0,73,173,14,54,11,13,74,22,2,6,49,49,20.0,96,202,22,57,59,88,79,24,1,10,38,46
Camron Justice,Western Kentucky,2019-20,20.0,49,128,28,86,17,24,20,8,1,3,29,26,18.85,37,99,19,56,31,38,17,9,0,1,31,25
Camron Reece,Akron,2019-20,19.92,36,54,0,0,15,24,2,1,7,18,47,22,18.48,23,40,0,0,18,32,4,4,2,21,31,19
Camron Talley,East Central,2019-20,20.0,3,7,0,3,3,3,3,1,0,0,1,2,14.72,1,8,0,3,4,4,0,0,0,0,2,1
Can Oztimurlenk,Farmingdale State,2019-20,20.0,0,0,0,0,0,0,1,0,0,0,0,0,14.73,0,0,0,0,0,0,0,0,0,0,1,0
Canaan Bartley,Maryland-Eastern Shore,2019-20,20.0,42,100,17,51,10,15,11,14,1,3,39,15,14.78,18,58,9,22,7,12,9,5,3,6,23,15
Canberk Kus,Arkansas State,2019-20,20.0,51,127,10,41,18,24,18,10,9,20,48,25,17.73,51,108,12,31,21,27,18,17,14,26,56,21
Canisius,,2019-20,0.0,0,0,0,0,0,0,0,0,0,44,35,4,0.0,0,0,0,0,0,0,0,0,0,32,23,11
Cannon Lamb,Brevard College,2019-20,20.0,3,9,1,5,0,0,1,0,0,2,1,3,14.78,1,3,0,1,0,0,0,0,1,0,2,2
Cardinal Brown,Kentucky Christian,2019-20,20.0,3,8,0,0,0,0,2,3,0,1,1,1,14.92,2,2,0,0,1,1,1,0,1,0,1,2
Carl Fitch,Hendrix College,2019-20,20.0,0,2,0,1,0,0,0,0,2,0,1,1,15.55,2,4,0,2,3,5,0,1,1,1,1,0
Carl Pierre,UMass,2019-20,20.0,60,155,35,101,20,22,21,11,1,10,34,11,18.8,63,173,38,117,27,34,26,10,0,10,47,17
Carl Snyder,Notre Dame de Namur,2019-20,20.0,2,4,1,2,0,0,0,0,0,0,1,0,14.63,1,3,1,3,0,0,0,0,0,0,1,0
Carl Swensen,Tampa,2019-20,0.0,0,0,0,0,0,0,0,0,0,0,0,2,14.97,0,2,0,2,1,2,0,0,0,0,0,0
Carlik Jones,Radford,2019-20,20.0,95,202,19,46,46,52,81,23,2,7,70,44,20.0,115,222,26,62,98,127,83,21,3,13,63,27
Carlo Marble,Chicago State,2019-20,0.0,6,17,4,9,4,4,6,1,3,3,16,9,14.92,8,18,2,9,4,4,7,2,1,3,12,6
Carlos Bell,AUB Montgomery,2019-20,20.0,0,4,0,0,1,2,1,3,1,0,8,4,14.95,1,1,1,1,0,0,0,0,0,1,1,2
Carlos Curry,Ole Miss,2019-20,20.0,2,5,0,0,0,0,1,1,0,2,1,2,14.93,1,4,0,0,0,0,1,2,2,0,4,0
Carlos Dotson,Western Carolina,2019-20,20.0,48,83,0,0,32,53,23,3,2,29,68,31,18.05,72,120,0,0,47,84,20,6,3,29,72,23
Carlos Johnson,Grand Canyon,2019-20,20.0,87,179,26,68,49,65,29,12,10,12,75,30,19.45,69,166,19,58,45,62,14,16,3,13,47,42
Carlos Jones,Brewton-Parker,2019-20,20.0,0,2,0,1,0,0,0,0,0,1,0,1,14.9,0,0,0,0,0,0,0,0,0,0,0,0
Carlos Marshall Jr,Tennessee State,2019-20,20.0,0,0,0,0,0,0,17,0,0,0,0,0,14.95,0,0,0,0,0,0,22,0,0,0,0,0
Carlos Marshall Jr.,Tennessee State,2019-20,20.0,143,214,120,156,14,17,0,8,6,11,36,31,14.95,51,121,19,59,21,30,0,10,2,16,40,27
Carlos Paez,Austin Peay,2019-20,20.0,23,67,8,31,14,18,46,18,0,4,18,19,14.98,25,58,16,37,26,28,41,13,0,3,21,16
Carlos Slaughter,Mid-America Christian,2019-20,20.0,0,1,0,1,0,0,0,0,0,0,0,0,14.8,0,0,0,0,0,0,0,0,0,0,0,1
Carlos Tovias,St. Francis (ILL),2019-20,20.0,1,2,0,1,0,0,0,0,0,0,1,1,17.92,0,1,0,1,0,0,0,0,0,0,0,1
Carlos Waters,,2019-20,7.1,0,2,0,0,0,0,0,0,0,3,0,0,0.0,0,0,0,0,1,2,0,0,0,0,0,1
Carlos Webb,Southeastern Baptist College,2019-20,20.0,1,2,0,0,0,0,1,0,0,0,1,0,14.88,0,0,0,0,0,0,0,0,0,0,3,0
Carlson Goode,Our Lady of the Lake,2019-20,20.0,0,1,0,1,0,0,0,1,0,0,0,1,14.9,0,0,0,0,0,0,0,0,0,0,0,0
Carlton Bragg Jr,New Mexico,2019-20,0.0,0,0,0,0,0,0,3,0,0,0,0,0,14.58,0,0,0,0,0,0,5,0,0,0,0,0
Carlton Bragg Jr.,New Mexico,2019-20,20.0,28,55,2,4,22,30,0,8,8,16,51,10,15.18,35,64,1,3,32,36,2,9,14,31,56,13
Carlton Brown,,2019-20,4.77,0,4,0,1,0,0,3,0,0,0,2,2,0.0,2,3,0,0,0,0,0,1,0,0,0,0
Carrington McCaskill,Florida Atlantic,2019-20,19.97,1,1,0,0,1,2,1,0,0,0,2,0,20.0,1,1,0,0,0,2,1,1,0,0,0,0
Carrington Young,Ferrum,2019-20,20.0,0,0,0,0,0,0,4,0,0,0,0,1,16.97,0,0,0,0,0,0,0,0,0,0,0,0
Carson Becicka,Northland College,2019-20,20.0,1,1,0,0,0,0,1,0,0,1,1,1,14.95,0,2,0,1,0,0,0,1,0,0,2,0
Carson Calavan,Central Oklahoma,2019-20,20.0,0,2,0,2,0,0,0,1,0,0,0,1,18.9,1,1,0,0,0,0,3,0,0,0,0,1
Carson Cary,Lipscomb,2019-20,0.0,7,24,6,18,2,2,2,1,0,2,2,4,14.97,14,23,11,19,3,4,4,2,0,2,4,1
Carson Jacobs,Oneonta State,2019-20,0.0,0,0,0,0,0,0,0,0,0,0,0,2,17.78,2,3,0,1,1,2,1,0,0,0,0,0
Carson Moe,Wisconsin-Stout,2019-20,20.0,1,2,0,0,1,1,0,1,0,0,0,1,14.93,0,2,0,1,0,0,0,0,0,1,0,1
Carson Newsome,,2019-20,0.12,5,9,1,2,0,0,1,1,2,1,3,1,0.0,2,5,0,1,1,1,2,1,0,0,2,2
Carson Williams,Western Kentucky,2019-20,20.0,76,134,15,34,35,49,24,21,8,37,62,24,18.85,73,128,8,23,56,73,26,11,13,29,62,21
Carson-Newman,,2019-20,0.0,0,0,0,0,0,0,0,0,0,2,0,1,0.0,0,0,0,0,0,0,0,0,0,2,0,0
Carsten Kogelnik,Brown,2019-20,20.0,1,1,1,1,0,0,0,0,0,0,0,0,14.8,0,0,0,0,0,0,0,0,0,0,1,0
Carter Collins,Davidson,2019-20,20.0,44,114,16,52,21,27,30,10,3,7,46,23,20.0,47,98,24,58,31,37,13,11,5,5,36,12
Carter Cook,Northland College,2019-20,20.0,0,1,0,1,0,0,1,1,0,0,1,0,14.95,1,4,0,3,0,0,0,2,0,0,0,0
Carter Hendricksen,North Florida,2019-20,20.0,68,174,40,111,27,34,29,9,3,18,87,15,17.93,72,161,35,93,43,52,23,3,4,15,85,13
Carter Kelley,Misericordia,2019-20,20.0,0,0,0,0,0,0,1,0,0,0,0,1,17.58,0,0,0,0,0,0,0,0,0,0,0,0
Carter Laramore,Trinity University (TX),2019-20,20.0,0,3,0,3,0,0,2,2,0,0,0,0,14.88,0,0,0,0,0,1,1,0,0,0,1,0
Carter Murphy,Air Force,2019-20,20.0,1,6,1,6,3,4,0,1,0,0,3,0,14.77,4,6,4,6,0,0,0,0,0,0,3,0
Carter Skaggs,UNC Wilmington,2019-20,20.0,1,12,1,12,0,0,0,1,1,1,8,2,17.75,6,15,5,14,0,0,3,1,0,1,5,3
Carter Sonneborn,Washington State,2019-20,20.0,0,1,0,0,0,0,0,0,0,0,0,0,17.28,0,0,0,0,0,0,0,0,0,0,0,0
Cartier Diarra,Kansas State,2019-20,20.0,65,158,26,82,27,44,55,21,6,8,40,45,18.32,74,174,24,76,47,65,64,27,4,9,50,46
Cartier Jernigan,South Carolina Upstate,2019-20,20.0,24,71,11,33,5,11,29,9,3,3,32,25,15.33,13,46,4,21,11,16,27,9,2,7,31,17
Carver Bible College,,2019-20,0.0,0,0,0,0,0,0,0,0,0,0,4,0,0.0,0,0,0,0,0,0,0,0,0,1,1,0
Carver College,,2019-20,0.0,0,0,0,0,0,0,0,0,0,5,5,3,0.0,0,0,0,0,0,0,0,0,0,3,3,1
Casdon Jardine,Utah Valley,2019-20,20.0,28,81,20,60,13,14,10,6,0,7,44,6,17.88,38,77,21,49,9,11,4,4,5,11,29,11
Casey Carpinello,Palm Beach Atlantic,2019-20,20.0,1,3,0,2,0,0,0,0,0,0,0,0,20.0,0,0,0,0,0,0,1,0,0,0,0,0
Casey Morsell,Virginia,2019-20,20.0,24,84,6,40,3,3,14,8,4,4,22,16,17.9,22,78,9,42,9,11,7,10,0,4,18,10
Cassius Gary,Greensboro,2019-20,0.0,0,0,0,0,0,0,0,0,0,0,0,0,14.92,0,0,0,0,0,0,1,0,0,0,2,0
Cassius Stanley,Duke,2019-20,20.0,61,139,18,51,20,33,20,14,9,19,45,38,20.0,66,125,13,33,57,72,9,5,10,34,40,14
Cassius Winston,Michigan State,2019-20,20.0,82,194,28,75,43,50,77,14,1,4,21,56,20.0,97,208,44,92,66,79,97,20,0,2,45,38
Casson Rouse,Eastern Washington,2019-20,0.0,26,67,15,41,11,12,27,3,0,3,31,9,14.98,38,83,20,50,15,26,25,17,0,0,26,16
Cavit Havsa,Utah Valley,2019-20,20.0,8,25,5,17,0,0,17,2,0,3,9,15,17.88,7,12,4,7,1,2,13,2,0,4,7,6
Ceasar DeJesus,UCF,2019-20,20.0,59,116,8,21,11,19,46,14,0,2,27,42,20.0,50,96,7,19,30,33,24,8,1,1,10,29
Cedric Green,Johnson University (FL),2019-20,20.0,0,2,0,0,0,0,0,0,1,0,0,2,17.92,2,4,0,0,1,1,0,0,1,1,0,0
Cedric Harris,Centenary,2019-20,20.0,6,13,3,8,0,0,0,0,0,0,0,1,14.92,1,4,0,3,0,0,0,0,0,0,0,3
Cedric Henderson Jr,,2019-20,1.42,15,21,5,7,0,0,29,3,0,3,11,6,0.0,17,22,3,5,7,8,19,2,3,3,8,5
Cedric Henderson Jr.,Campbell,2019-20,20.0,43,80,13,23,8,8,0,10,5,16,32,21,19.82,47,89,7,25,27,38,0,7,10,7,34,12
Cedric Jackson,Montevallo,2019-20,20.0,4,8,2,5,0,0,1,0,0,0,3,3,19.52,1,6,0,3,0,0,2,0,0,2,1,0
Cedric Johnson,,2019-20,0.0,0,0,0,0,0,0,0,0,0,0,0,1,0.0,0,0,0,0,0,0,0,0,0,0,0,0
Cedric Payne,,2019-20,14.6,0,2,0,1,0,0,0,0,0,0,0,1,0.0,1,3,0,1,0,0,1,1,0,0,2,0
Cedric Russell,Louisiana,2019-20,20.0,61,178,32,108,24,27,36,14,1,6,48,30,14.77,86,184,39,99,40,50,31,14,1,7,48,37
Cedric Wright,Mid-America Christian,2019-20,20.0,3,6,0,0,0,0,3,0,0,0,0,0,14.8,1,2,0,0,0,0,0,0,1,0,0,2
Cedrick Alley Jr,Houston,2019-20,0.0,0,0,0,0,0,0,1,0,0,0,0,0,20.0,0,0,0,0,0,0,3,0,0,0,0,0
Cedrick Alley Jr.,Houston,2019-20,20.0,5,16,1,8,4,9,1,1,2,5,7,1,14.95,4,9,1,5,0,3,0,3,1,5,5,1
Centenary,,2019-20,0.0,0,0,0,0,0,0,0,0,0,0,1,0,0.0,0,0,0,0,0,0,0,0,0,0,2,0
Central Arkansas,,2019-20,0.0,0,0,0,0,0,0,0,0,0,46,36,12,0.0,0,0,0,0,0,0,0,0,0,50,26,9
Central Christian College,,2019-20,0.0,0,0,0,0,0,0,0,0,0,1,0,0,0.0,0,0,0,0,0,0,0,0,0,1,0,0
Central Connecticut,,2019-20,0.0,0,0,0,0,0,0,0,0,0,30,27,6,0.0,0,0,0,0,0,0,0,0,0,38,25,3
Central Michigan,,2019-20,0.0,0,0,0,0,0,0,0,0,0,43,29,5,0.0,0,0,0,0,0,0,0,0,0,44,15,10
Central Pennsylvania,,2019-20,0.0,0,0,0,0,0,0,0,0,0,0,2,3,0.0,0,0,0,0,0,0,0,0,0,1,1,0
Central State Ohio,,2019-20,0.0,0,0,0,0,0,0,0,0,0,1,1,0,0.0,0,0,0,0,0,0,0,0,0,1,0,0
Central State Oklahoma,,2019-20,0.0,0,0,0,0,0,0,0,0,0,1,0,1,0.0,0,0,0,0,0,0,0,0,0,0,1,1
Chad Bowie,Sam Houston State,2019-20,20.0,39,99,8,28,26,29,36,32,3,5,42,22,20.0,44,103,16,41,24,31,28,26,5,12,35,26
Chad Dicenzo,Emerson College,2019-20,20.0,1,1,0,0,0,0,1,0,0,0,1,1,17.97,1,2,0,0,2,4,1,1,0,0,1,0
Chad Elliott,Siena Heights,2019-20,20.0,1,3,0,0,0,0,3,0,0,2,1,3,14.9,0,6,0,3,0,0,0,0,0,0,1,3
Chad Lott,South Alabama,2019-20,20.0,92,160,0,0,19,39,23,17,6,33,49,34,14.68,74,137,0,0,41,61,12,21,13,26,56,17
Chaminade,,2019-20,0.0,0,0,0,0,0,0,0,0,0,6,3,0,0.0,0,0,0,0,0,0,0,0,0,4,4,1
Champion Baptist College,,2019-20,0.0,0,0,0,0,0,0,0,0,0,5,5,0,0.0,0,0,0,0,0,0,0,0,0,0,1,1
Champion Christian College,,2019-20,0.0,0,0,0,0,0,0,0,0,0,2,0,1,0.0,0,0,0,0,0,0,0,0,0,7,2,0
Chance Garvin,Idaho,2019-20,20.0,20,47,7,17,2,5,16,3,3,4,22,7,20.0,21,50,7,24,3,5,16,6,2,7,19,17
Chance Hunter,Long Beach State,2019-20,20.0,82,167,31,66,10,21,8,6,3,11,43,34,20.0,65,148,20,52,32,49,19,13,4,15,69,24
Chance Jackson,,2019-20,0.0,0,0,0,0,0,0,0,1,0,0,0,0,0.0,0,0,0,0,0,0,0,0,0,0,0,0
Chance Pride,Kentucky Christian,2019-20,20.0,0,1,0,0,0,0,0,1,0,0,0,0,14.92,0,1,0,1,2,2,0,0,0,0,1,0
Chance Sheffey,Virginia-Wise,2019-20,20.0,2,5,0,0,0,0,1,1,0,0,4,1,14.85,2,4,1,2,3,3,1,1,0,0,0,0
Chancellor Ellis,Prairie View A&M,2019-20,20.0,36,97,28,76,4,5,15,1,0,4,13,10,14.53,28,79,22,63,7,8,20,3,1,5,12,12
Chancellor Lockett,Middle Georgia State,2019-20,20.0,1,5,0,2,0,0,2,1,0,1,1,1,19.47,4,9,3,6,1,3,0,3,0,1,3,0
Chandler Brooks,Caldwell College,2019-20,20.0,0,1,0,0,0,0,1,0,0,1,0,0,14.57,0,0,0,0,0,0,0,0,0,0,0,0
Chandler Garvie,Quincy,2019-20,0.0,0,0,0,0,0,0,0,0,0,0,0,0,20.0,1,1,1,1,0,0,0,0,0,0,0,0
Chandler Lawson,Oregon,2019-20,20.0,25,48,0,0,5,9,22,6,6,22,45,15,17.85,22,44,0,0,17,25,17,13,8,14,29,8
Chandler Lindsey,Coker,2019-20,20.0,7,16,4,7,0,0,2,2,0,0,2,3,17.92,2,11,0,3,3,3,3,0,0,0,4,2
Chandler Murray,Bridgewater,2019-20,20.0,7,15,5,10,0,1,3,1,0,1,1,4,14.93,1,6,1,4,2,3,1,0,0,0,0,3
Chandler Spring,Purdue Northwest,2019-20,20.0,2,5,2,5,0,0,1,1,0,0,2,0,20.0,2,6,2,6,0,0,0,1,0,0,1,2
Chandler Stewart,Alice Lloyd College,2019-20,20.0,2,6,1,3,0,0,2,0,0,0,0,0,14.85,1,2,0,1,0,0,1,0,0,0,1,1
Chandler Turner,Bowling Green,2019-20,0.0,1,5,0,1,0,0,0,0,0,0,3,0,15.38,7,14,0,4,1,1,0,0,0,2,5,0
Chandler Vaudrin,Winthrop,2019-20,20.0,43,124,7,35,30,52,90,22,2,16,79,47,20.0,52,109,14,33,37,81,94,21,3,14,78,40
Channel Banks,Akron,2019-20,19.92,35,112,25,81,13,17,18,14,2,5,41,18,18.48,54,110,38,77,25,38,20,14,5,5,32,11
Chapman Harwood,Bob Jones University,2019-20,20.0,1,4,1,2,0,0,3,0,0,0,1,1,15.25,0,0,0,0,0,0,0,0,0,0,1,1
Charles Bain,Robert Morris,2019-20,20.0,30,126,12,68,13,22,16,7,4,23,36,28,20.0,38,102,13,44,14,23,17,10,6,23,38,22
Charles Bassey,Western Kentucky,2019-20,20.0,30,54,1,7,17,20,4,5,8,12,29,12,18.85,23,49,0,4,20,27,9,3,7,16,31,10
Charles Bohannon,New Orleans,2019-20,0.0,6,16,4,9,4,4,8,2,0,3,8,6,16.07,5,17,1,11,4,5,4,0,0,0,3,2
Charles Callier,,2019-20,2.42,1,5,0,2,0,0,2,0,0,1,2,1,0.0,0,2,0,1,1,2,1,0,1,0,0,0
Charles Coleman,East Carolina,2019-20,20.0,15,37,0,0,6,11,5,2,5,12,25,10,19.18,17,37,0,1,8,20,5,4,6,14,28,9
Charles Dickson,SW Christian Univ,2019-20,20.0,4,7,2,3,0,0,0,0,0,0,3,1,14.77,0,4,0,2,1,2,1,0,0,1,2,0
Charles Falden,Winthrop,2019-20,20.0,36,105,17,59,8,12,7,7,1,18,30,15,20.0,39,75,18,43,18,24,9,4,2,15,29,12
Charles Hicks,Willamette,2019-20,20.0,0,3,0,2,0,0,0,0,0,1,0,0,14.98,0,0,0,0,0,0,0,0,0,0,0,0
Charles Jones,Notre Dame de Namur,2019-20,20.0,1,4,0,3,0,0,0,0,0,0,0,0,14.63,1,2,0,1,0,0,1,0,0,1,2,0
Charles Manning Jr,LSU,2019-20,20.0,0,0,0,0,0,0,9,0,0,0,0,0,20.0,0,0,0,0,0,0,6,0,0,0,0,0
Charles Manning Jr.,LSU,2019-20,20.0,28,63,6,18,10,15,2,6,11,6,22,10,20.0,31,52,7,13,6,8,0,4,5,6,18,9
Charles Minlend,San Francisco,2019-20,20.0,83,187,25,71,22,37,31,16,9,28,41,33,14.92,68,173,15,59,61,96,24,9,4,19,51,24
Charles Mitchell,Massachusetts-Boston,2019-20,20.0,8,21,4,13,0,0,0,3,0,0,1,0,14.88,5,16,2,7,4,9,0,1,0,1,7,1
Charles Norman,Troy,2019-20,20.0,22,70,16,57,5,6,21,7,2,6,25,15,20.0,36,79,23,54,21,26,9,5,0,8,14,13
Charles O'Bannon Jr,USC,2019-20,20.0,0,0,0,0,0,0,1,0,0,0,0,0,19.97,0,0,0,0,0,0,0,0,0,0,0,0
Charles O'Bannon Jr.,USC,2019-20,20.0,0,2,0,0,2,2,0,1,0,1,0,2,14.58,0,0,0,0,0,0,0,0,0,0,0,0
Charles Pride,Bryant,2019-20,20.0,41,94,6,33,5,9,21,8,1,33,36,22,20.0,33,79,8,25,19,27,17,9,4,23,35,16
Charles Smith IV,SMU,2019-20,20.0,7,25,7,19,2,2,4,3,0,3,6,6,19.48,2,8,1,4,0,0,1,0,1,0,1,4
Charles Solomon,Belmont Abbey,2019-20,20.0,1,1,0,0,0,0,0,0,0,1,0,1,14.85,1,1,0,0,0,2,1,0,0,0,1,1
Charles Thompson,Towson,2019-20,20.0,28,51,0,1,10,17,9,10,6,28,29,12,18.17,13,28,0,0,2,6,1,4,5,22,19,5
Charles Tiedemann,Oberlin College,2019-20,0.0,0,0,0,0,0,0,0,2,0,0,0,1,14.98,0,1,0,0,0,0,0,0,0,0,0,1
Charles Williams,Howard,2019-20,20.0,86,226,25,80,35,52,20,12,6,8,52,23,17.98,79,184,15,51,75,103,14,9,7,16,44,22
Charles Young,Johnson & Wales (CO),2019-20,20.0,0,2,0,1,0,0,0,0,0,0,0,0,14.77,2,5,1,2,0,0,0,1,0,0,0,0
Charleston,,2019-20,0.0,0,0,0,0,0,0,0,0,0,23,18,6,0.0,0,0,0,0,0,0,0,0,0,22,28,3
Charleston Southern,,2019-20,0.0,0,0,0,0,0,0,0,0,0,29,26,2,0.0,0,0,0,0,0,0,0,0,0,30,16,2
Charlie Bagin,Princeton,2019-20,20.0,0,0,0,0,0,1,0,0,0,1,0,1,14.82,1,2,1,2,0,0,1,0,0,0,1,4
Charlie Bair,Illinois Wesleyan,2019-20,20.0,0,3,0,1,0,0,1,0,0,2,3,0,17.18,3,6,0,0,0,0,0,0,0,2,4,0
Charlie Barnett,,2019-20,0.0,0,0,0,0,0,0,0,0,0,0,0,0,0.0,0,0,0,0,0,0,0,0,0,0,0,1
Charlie Daniels,Stephen F. Austin,2019-20,20.0,21,39,0,0,18,29,6,6,5,27,20,19,16.37,17,29,1,1,5,15,1,3,11,7,12,10
Charlie Easley,Nebraska,2019-20,15.0,9,27,1,12,3,5,4,4,1,6,11,6,20.0,2,14,2,9,7,8,3,11,1,1,2,2
Charlie Lee,,2019-20,0.0,1,4,0,1,0,0,0,2,0,0,1,0,6.4,1,3,0,1,0,0,0,0,0,0,2,2
Charlie Mitchell,Massachusetts-Boston,2019-20,20.0,3,5,0,0,3,4,1,1,0,0,2,3,14.88,3,7,0,0,2,2,2,2,0,0,4,3
Charlie Moore,DePaul,2019-20,20.0,80,217,24,82,54,60,97,24,1,6,43,53,14.98,72,191,23,72,52,69,86,22,0,9,45,55
Charlie Reznikoff,Concordia Illinois,2019-20,20.0,1,4,1,3,1,2,0,0,0,0,0,1,14.97,0,3,0,1,0,0,1,0,0,0,0,0
Charlie Rounaghi,,2019-20,0.0,0,0,0,0,0,0,0,1,0,0,1,1,0.0,0,0,0,0,0,0,0,0,0,0,2,1
Charlie Russell Jr.,Tulane,2019-20,0.0,1,4,0,1,0,0,0,2,1,1,3,0,17.37,0,2,0,2,0,0,1,0,0,0,1,1
Charlie Weber,East Tennessee State,2019-20,0.0,2,6,0,1,0,0,0,0,2,2,5,3,14.9,6,10,2,5,0,2,2,0,2,3,4,0
Charlotte,,2019-20,0.0,0,0,0,0,0,0,0,0,0,29,29,9,0.0,0,0,0,0,0,0,0,0,0,41,24,10
Chase Adams,Portland,2019-20,20.0,40,106,6,27,9,14,62,28,0,4,37,41,14.98,36,106,5,28,37,49,51,25,0,8,27,34
Chase Altenburg,Mount Marty,2019-20,20.0,0,1,0,0,0,0,0,0,0,0,2,1,18.98,0,2,0,2,0,0,1,2,0,0,1,0
Chase Barrs,Western Michigan,2019-20,20.0,9,25,0,1,5,8,5,3,10,8,26,4,20.0,6,16,0,0,6,8,4,3,2,5,17,4
Chase Berry,Boise State,2019-20,0.0,0,0,0,0,0,0,0,0,0,0,0,0,14.73,1,1,0,0,0,0,0,0,0,0,0,0
Chase Claxton,Winthrop,2019-20,20.0,44,57,0,4,29,51,4,9,2,29,28,12,20.0,39,50,0,1,33,56,14,8,14,25,40,7
Chase Coleman,Virginia,2019-20,0.0,1,8,1,5,0,0,2,3,0,0,4,5,14.82,2,6,1,2,0,0,1,2,0,0,3,1
Chase Faris,Multnomah,2019-20,0.0,0,0,0,0,0,0,0,0,0,0,1,0,14.8,0,1,0,1,0,0,0,1,0,1,3,0
Chase Freeman,Wagner,2019-20,20.0,18,61,11,38,19,23,41,7,0,5,26,12,14.8,16,48,9,34,14,15,23,8,0,5,25,12
Chase Glock,Defiance,2019-20,20.0,0,3,0,2,1,2,1,1,0,0,1,0,14.92,1,2,0,1,0,0,0,0,0,0,1,0
Chase Graham,,2019-20,0.0,0,0,0,0,0,0,0,0,0,0,0,0,0.0,0,0,0,0,0,0,0,1,0,0,0,0
Chase Harler,West Virginia,2019-20,20.0,22,66,8,39,3,11,11,7,3,8,9,12,17.93,24,55,11,31,7,10,13,10,3,6,9,5
Chase Howard,Lesley University,2019-20,20.0,0,9,0,0,0,0,1,0,0,4,3,2,14.98,1,4,1,2,1,2,0,0,0,1,0,1
Chase Hunter,Clemson,2019-20,20.0,12,26,5,12,0,0,7,5,0,0,5,8,20.0,5,19,2,11,7,11,7,2,0,1,3,4
Chase Jeter,Arizona,2019-20,20.0,24,47,0,0,11,17,4,1,7,9,30,9,14.92,24,39,0,0,25,40,8,3,1,15,26,5
Chase Johnson,Dayton,2019-20,20.0,7,10,0,0,3,5,0,0,3,2,7,2,20.0,9,11,0,0,0,1,1,0,0,3,5,3
Chase Paar,George Washington,2019-20,20.0,23,41,0,0,5,13,6,6,13,17,39,12,20.0,24,35,0,0,8,10,3,4,9,6,33,11
Chase Ridenour,Tennessee Tech,2019-20,0.0,0,0,0,0,0,0,1,1,0,1,0,0,17.83,0,1,0,1,0,0,0,0,0,0,0,0
Chase Robinson,Illinois-Springfield,2019-20,20.0,2,5,0,2,0,0,1,0,0,0,0,2,17.85,0,5,0,4,0,0,1,0,0,0,2,1
Chase Shellman,Spring Hill,2019-20,20.0,3,11,0,0,1,2,4,1,1,3,4,1,14.87,3,6,0,0,3,8,1,1,1,3,0,1
Chase Verdugo,Southern Utah,2019-20,20.0,0,1,0,1,0,0,0,0,0,0,1,0,14.87,0,0,0,0,0,0,0,0,0,0,0,0
Chase Winchester,Nebraska Kearney,2019-20,20.0,2,5,1,4,0,0,1,0,0,0,0,0,17.83,0,1,0,1,0,0,0,0,0,0,0,1
Chattanooga,,2019-20,0.0,0,0,0,0,0,0,0,0,0,24,21,5,0.0,0,0,0,0,0,0,0,0,0,33,24,4
Chauncey Hawkins,St. Francis (BKN),2019-20,20.0,62,150,18,52,25,32,39,24,4,8,43,32,20.0,73,184,10,51,87,105,42,21,3,8,40,33
Chauncey Pittman,Marymount VA,2019-20,20.0,0,0,0,0,0,2,1,0,0,0,1,0,16.5,0,0,0,0,0,2,0,0,0,0,0,0
Chaundee Brown,Wake Forest,2019-20,20.0,53,113,8,30,17,21,18,4,1,12,47,17,20.0,41,97,9,26,39,48,14,7,1,24,59,17
Chaylyn Martin,Sacred Heart,2019-20,0.0,3,15,1,6,5,8,3,3,4,7,17,8,20.0,5,10,0,1,4,7,2,0,0,7,10,6
Chaz Hinds,Pikeville,2019-20,0.0,0,0,0,0,0,0,0,1,0,0,0,0,14.68,0,1,0,1,0,0,0,0,0,0,0,1
Chaz Mack,,2019-20,0.0,0,0,0,0,0,0,0,0,0,0,0,0,0.0,0,0,0,0,0,0,0,0,0,0,0,2
Cheickna Dembele,UNLV,2019-20,15.0,0,1,0,0,0,0,1,0,0,4,5,1,20.0,0,1,0,0,0,0,0,0,0,2,1,1
Cheikh Mbacke Diong,UNLV,2019-20,20.0,44,75,0,4,27,41,8,17,18,39,73,30,18.22,40,77,1,6,29,46,5,15,18,54,72,17
Chereef Knox,Saint Joseph's,2019-20,20.0,14,49,5,26,6,9,8,2,7,3,15,15,19.35,22,75,14,48,7,13,4,9,9,6,12,12
Chevez Goodwin,Wofford,2019-20,20.0,86,141,0,1,26,47,8,4,21,40,56,26,14.97,71,106,0,0,25,51,17,5,16,34,68,20
Chibueze Jacobs,Sacramento State,2019-20,20.0,28,69,8,19,12,17,19,5,9,19,33,16,14.93,15,42,3,9,9,12,10,6,8,17,28,12
Chicago,,2019-20,0.0,0,0,0,0,0,0,0,0,0,0,0,0,0.0,0,0,0,0,0,0,0,0,0,1,2,2
Chicago State,,2019-20,0.0,0,0,0,0,0,0,0,0,0,20,24,13,0.0,0,0,0,0,0,0,0,0,0,32,19,5
Chico Carter Jr,Murray State,2019-20,20.0,0,0,0,0,0,0,25,0,0,0,0,0,17.9,0,0,0,0,0,0,16,0,0,0,0,0
Chico Carter Jr.,Murray State,2019-20,20.0,19,53,4,15,9,10,2,8,1,0,13,7,17.9,18,40,5,12,12,14,0,3,1,2,11,18
Chidi Udengwu,Idaho State,2019-20,20.0,39,83,0,1,26,44,13,4,1,8,51,22,18.73,19,49,0,0,27,50,9,4,3,12,37,8
Chidozie Col Nnamene,Mt. St. Mary's,2019-20,20.0,0,1,0,0,0,0,3,0,0,3,2,3,17.73,0,0,0,0,0,0,0,0,0,1,1,1
Chidozie Ndu,Hawaii Pacific,2019-20,0.0,0,0,0,0,0,0,0,1,0,0,3,1,17.92,1,1,0,0,0,2,0,0,0,1,0,0
Chier Maker,Idaho State,2019-20,20.0,49,116,19,56,12,20,11,4,2,28,43,20,18.73,32,93,16,56,9,10,6,7,4,19,34,12
Chima Oduocha,,2019-20,2.43,2,5,0,0,0,1,0,0,1,0,2,0,0.0,1,3,0,0,2,4,0,0,1,2,3,1
China Jones,Piedmont International,2019-20,20.0,1,2,0,0,0,0,0,0,0,1,0,0,15.1,0,1,0,0,0,0,0,0,0,0,0,2
Chinonso Emeruem,Penn State Wilkes-Barre,2019-20,20.0,0,1,0,0,0,0,0,0,0,0,3,1,14.67,0,0,0,0,0,0,0,0,0,0,0,0
Chiwike E'Denchukwu,California Merced,2019-20,20.0,0,2,0,0,0,0,1,0,0,0,0,1,14.87,1,3,0,1,0,1,0,1,0,0,1,1
Chol Marial,Maryland,2019-20,20.0,3,7,0,0,0,2,2,0,3,8,8,5,18.2,1,2,0,0,0,0,0,1,2,0,2,1
Chris Arcidiacono,Villanova,2019-20,20.0,0,1,0,1,0,0,0,0,0,0,0,0,14.93,0,0,0,0,0,0,0,0,0,0,0,0
Chris Austin,Fordham,2019-20,20.0,13,52,7,29,4,4,5,5,0,2,14,7,16.73,19,44,7,25,0,0,7,3,2,2,10,4
Chris Baggett,Maine Maritime Academy,2019-20,20.0,1,2,1,2,0,0,0,0,0,0,0,1,14.78,0,0,0,0,0,0,0,0,0,0,0,0
Chris Baldwin,Texas Southern,2019-20,20.0,27,69,5,17,14,20,5,2,5,16,36,21,20.0,24,48,6,13,15,23,11,5,7,16,33,12
Chris Barnes,Eastern Michigan,2019-20,20.0,25,50,1,4,13,17,19,9,0,2,9,18,14.9,20,44,2,9,7,9,4,5,0,3,6,13
Chris Bowling,Northern Arizona,2019-20,20.0,18,51,7,30,2,2,10,1,0,2,20,7,14.92,5,17,2,10,9,12,4,6,2,1,8,3
Chris Brandon,Detroit Mercy,2019-20,20.0,41,67,0,0,8,15,10,9,22,46,71,18,17.92,41,62,0,2,15,28,11,9,22,46,75,11
Chris Briner,Rosemont College,2019-20,20.0,2,5,1,2,3,3,0,0,0,0,1,0,14.97,0,0,0,0,0,0,0,0,0,0,0,0
Chris Brown,,2019-20,0.0,0,0,0,0,0,0,0,1,0,0,0,0,0.0,0,0,0,0,0,0,0,0,0,0,0,0
Chris Caliguiran,Towson,2019-20,20.0,1,1,0,0,0,0,0,0,0,0,1,0,15.02,1,1,0,0,0,0,3,1,0,0,2,0
Chris Clancy,Gannon,2019-20,20.0,1,2,1,2,0,0,0,0,0,0,0,1,17.83,0,1,0,1,0,0,0,0,0,0,0,1
Chris Clarke,Texas Tech,2019-20,20.0,29,69,1,8,13,17,61,13,3,24,74,33,14.92,31,61,1,4,21,31,57,11,0,15,59,27
Chris Clerkley,Georgia State,2019-20,20.0,5,10,0,0,2,7,2,2,2,8,11,7,14.9,7,14,0,0,1,2,1,1,2,3,10,1
Chris Collins,St. Louis,2019-20,20.0,1,1,0,0,0,0,0,0,0,0,0,1,14.88,0,3,0,2,0,0,0,0,0,0,2,2
Chris Daniels,Eureka College,2019-20,20.0,0,0,0,0,0,0,1,0,0,0,0,2,14.97,0,0,0,0,0,0,0,0,0,0,0,0
Chris Dean,San Diego Christian,2019-20,19.98,0,2,0,1,0,0,0,1,0,1,2,2,14.97,2,3,0,1,0,0,0,0,0,3,0,2
Chris Doherty,Notre Dame,2019-20,0.0,0,0,0,0,0,0,0,0,0,0,0,0,14.93,1,2,0,0,0,2,0,0,0,1,0,0
Chris Duarte,Oregon,2019-20,20.0,69,153,29,71,27,34,30,19,5,16,59,19,17.85,45,126,13,61,24,29,13,17,6,19,41,23
Chris Efretuei,UL Monroe,2019-20,20.0,30,59,0,0,9,20,2,3,8,23,38,19,16.93,24,39,0,0,13,26,2,4,9,26,26,10
Chris Ford,Norfolk State,2019-20,20.0,17,27,0,0,11,14,1,2,10,14,27,9,14.92,19,34,0,1,14,20,0,4,13,17,25,8
Chris Freeman,UT Rio Grande Valley,2019-20,20.0,35,77,20,48,9,16,14,3,0,5,25,14,19.45,20,67,12,39,14,25,10,9,1,10,14,13
Chris Harris,SE Missouri St,2019-20,20.0,6,9,3,3,6,6,1,0,1,0,3,2,17.82,3,5,2,4,2,4,1,0,0,0,3,2
Chris Harris Jr,Oklahoma State,2019-20,20.0,0,0,0,0,0,0,6,0,0,0,0,0,20.0,0,0,0,0,0,0,6,0,0,0,0,0
Chris Harris Jr.,Oklahoma State,2019-20,20.0,43,89,8,26,8,14,4,9,29,38,45,14,20.0,33,77,3,24,16,29,3,10,32,43,39,15
Chris Herren Jr,Boston College,2019-20,0.0,0,0,0,0,0,0,2,0,0,0,0,0,14.92,0,0,0,0,0,0,3,0,0,0,0,0
Chris Herren Jr.,Boston College,2019-20,0.0,3,20,1,7,0,0,0,2,0,1,8,5,20.0,7,17,4,8,0,0,0,1,1,1,3,3
Chris Honz,Simpson College,2019-20,20.0,1,1,0,0,0,0,0,0,0,0,3,0,14.98,2,2,0,0,0,0,1,0,0,0,0,0
Chris Iverson,Carver Bible College,2019-20,20.0,8,19,3,10,2,2,0,0,2,2,5,0,14.93,4,12,2,8,2,3,1,2,0,2,3,1
Chris Jack,Gettysburg,2019-20,20.0,0,1,0,1,0,0,0,0,0,0,0,0,17.9,1,1,1,1,0,0,0,0,0,1,0,1
Chris James,Eastern Michigan,2019-20,20.0,17,51,10,28,12,21,8,12,2,11,16,4,14.9,16,38,6,18,8,15,3,10,1,9,13,13
Chris Johnson,Northern Illinois,2019-20,20.0,2,12,0,2,6,10,3,4,2,9,15,5,20.0,2,10,0,3,0,2,0,1,0,3,9,1
Chris Jordan,Arlington Baptist,2019-20,20.0,3,4,2,2,1,2,1,0,0,1,2,0,14.95,0,2,0,0,0,0,0,0,0,1,0,0
Chris Joyce,Air Force,2019-20,20.0,34,75,18,45,14,22,17,6,1,6,37,21,20.0,29,74,14,45,20,22,23,5,1,12,29,23
Chris King,Mount Marty,2019-20,20.0,7,17,3,11,1,1,2,2,0,0,5,1,18.98,7,18,4,12,4,5,1,1,0,1,1,4
Chris Knight,Dartmouth,2019-20,20.0,84,160,1,11,18,33,34,9,18,18,68,40,20.0,95,170,0,6,37,58,20,13,16,30,58,36
Chris Kobayashi,Pacific Oregon,2019-20,20.0,2,4,1,3,0,0,0,0,0,0,0,0,14.8,0,2,0,2,0,0,0,0,0,0,0,0
Chris Lako,West Coast Baptist,2019-20,20.0,8,20,2,10,0,0,1,0,0,1,1,3,14.92,2,7,1,2,0,0,0,1,0,1,0,5
Chris Ledlum,Harvard,2019-20,20.0,35,95,9,30,13,23,10,3,7,17,33,29,14.62,28,62,5,19,19,31,10,7,7,11,29,14
Chris Lester,New Hampshire,2019-20,20.0,37,102,21,65,8,11,12,7,4,25,37,9,20.0,34,76,11,35,14,26,14,8,2,25,32,16
Chris Lewis,Harvard,2019-20,20.0,61,98,0,0,26,36,11,13,24,24,52,26,14.62,50,98,0,0,17,33,8,11,15,27,42,20
Chris Lugo,Johnson & Wales (RI),2019-20,20.0,2,4,2,3,0,0,1,0,0,1,4,3,14.8,2,5,2,4,3,4,1,1,0,0,1,0
Chris Lykes,Miami,2019-20,20.0,70,153,19,57,17,24,26,15,2,3,21,30,14.87,54,139,21,55,41,49,30,12,5,4,18,21
Chris Maidoh,Fairfield,2019-20,20.0,20,52,0,2,16,23,13,7,14,29,45,18,20.0,22,44,1,6,9,19,4,9,10,26,32,5
Chris Mann,Army,2019-20,20.0,17,34,4,15,0,1,9,3,2,3,15,2,14.93,13,28,3,9,3,6,4,3,1,4,11,3
Chris Mark,Southern-New Orleans,2019-20,20.0,10,36,4,13,0,2,10,7,0,3,4,16,15.27,10,27,3,12,2,4,13,2,0,0,2,13
Chris Martin,Presbyterian,2019-20,20.0,43,108,7,27,36,44,34,17,0,15,51,29,14.68,51,122,2,14,57,76,42,21,0,11,40,22
Chris McNeal,Cincinnati,2019-20,20.0,15,47,7,25,6,14,23,7,1,3,27,12,20.0,11,46,1,25,8,19,18,10,1,4,14,15
Chris Mclemore,SAGU American Indian College,2019-20,20.0,1,5,0,2,0,0,0,1,0,0,2,1,14.87,0,1,0,0,0,0,0,0,0,0,0,0
Chris Metzger,Flagler,2019-20,19.97,1,2,0,0,0,0,1,0,0,1,2,1,20.0,3,3,0,0,0,0,0,1,0,0,0,0
Chris Mullins,Rice,2019-20,20.0,24,87,5,36,18,25,16,9,1,9,25,29,14.97,41,95,12,37,37,56,17,5,2,10,27,25
Chris Oates,Shenandoah,2019-20,20.0,0,4,0,4,1,2,1,1,0,1,0,0,14.7,0,0,0,0,0,0,0,0,0,0,0,0
Chris Orlina,McNeese,2019-20,20.0,3,10,0,3,9,10,6,0,0,5,15,7,15.27,5,12,1,1,7,9,3,4,0,2,11,3
Chris Pham,,2019-20,0.0,0,0,0,0,0,0,0,1,0,0,0,1,0.0,0,0,0,0,0,0,0,0,0,0,0,0
Chris Quayle,North Dakota State,2019-20,20.0,6,19,5,15,5,7,7,3,3,1,23,5,18.32,5,21,1,11,9,11,5,4,1,2,11,1
Chris Roberts,Gannon,2019-20,0.0,0,0,0,0,0,0,0,0,0,0,0,0,17.83,1,5,0,2,0,0,2,2,0,0,1,2
Chris Robinson,IU-Northwest,2019-20,20.0,3,5,0,0,2,2,1,0,0,0,0,0,14.78,3,3,0,0,0,0,1,1,0,0,1,2
Chris Rogers,Reinhardt,2019-20,20.0,2,4,1,2,0,0,1,0,0,0,2,2,14.92,3,4,1,2,0,0,0,0,0,2,2,1
Chris Rollins,Davenport University,2019-20,20.0,3,5,2,3,4,4,1,2,0,0,1,2,19.45,4,6,2,3,0,0,2,0,0,0,1,2
Chris Scaife,Paul Quinn,2019-20,20.0,7,12,3,7,1,2,4,1,0,1,5,8,14.83,2,7,0,4,2,4,1,0,0,2,1,5
Chris Seeley,Fresno State,2019-20,20.0,2,5,0,1,0,0,0,0,0,1,1,1,17.85,1,6,0,0,0,0,1,0,0,1,2,0
Chris Shelton,Hampton,2019-20,20.0,7,17,6,15,1,2,5,2,2,3,8,1,14.88,6,20,4,13,0,0,2,2,1,4,3,1
Chris Smith,UCLA,2019-20,20.0,73,148,13,36,27,34,22,17,4,36,60,45,20.0,56,134,16,45,52,63,26,15,6,20,51,35
Chris Sodom,Delaware State,2019-20,20.0,3,6,0,0,1,2,0,0,2,4,3,2,15.9,2,3,0,0,1,3,0,0,0,2,6,2
Chris Spenkuch,Louisiana,2019-20,20.0,2,2,0,0,4,5,1,0,1,4,6,2,14.77,6,14,0,0,2,5,4,2,0,5,7,2
Chris Swann,Emory & Henry,2019-20,20.0,0,2,0,1,0,0,0,0,0,0,2,3,14.93,0,0,0,0,0,0,0,0,0,1,0,0
Chris Swiney,Coker,2019-20,20.0,1,4,1,4,0,0,1,0,0,0,1,1,17.92,0,1,0,1,0,0,0,0,0,1,1,0
Chris Teahan,Kansas,2019-20,0.0,0,0,0,0,0,0,0,0,0,0,0,0,14.85,0,0,0,0,0,0,1,0,0,0,0,0
Chris Thomas,IU-Northwest,2019-20,20.0,1,5,1,3,2,2,0,0,0,0,3,0,14.78,0,2,0,1,0,0,1,0,0,0,0,2
Chris Turner,West Coast Baptist,2019-20,0.0,0,0,0,0,0,0,0,0,0,0,1,0,14.92,0,1,0,0,0,0,0,0,0,0,0,0
Chris Vogt,Cincinnati,2019-20,20.0,55,88,0,0,29,49,15,4,25,40,48,29,20.0,63,93,0,0,26,44,7,5,21,33,48,22
Chris Weaver,,2019-20,0.0,0,0,0,0,0,0,0,0,0,0,2,0,0.0,0,0,0,0,0,0,0,0,0,0,0,0
Chris Whitaker,Portland State,2019-20,20.0,16,43,0,1,8,11,14,5,1,11,16,12,14.95,14,32,0,0,8,11,10,4,0,5,8,11
Chris White,Maryville University,2019-20,20.0,0,2,0,1,0,0,0,0,0,1,0,0,14.77,2,3,0,0,2,2,0,0,0,0,1,0
Chris Williams,Maryville University,2019-20,20.0,1,2,0,1,0,0,0,0,0,0,1,1,14.77,1,3,0,0,0,0,0,0,0,0,0,0
Christendom,,2019-20,0.0,0,0,0,0,0,0,0,0,0,4,1,2,0.0,0,0,0,0,0,0,0,0,0,4,1,2
Christiaan Jones,Stetson,2019-20,20.0,55,140,12,42,23,35,18,15,5,18,47,21,20.0,50,107,11,40,34,47,23,14,1,4,38,24
Christian Agnew,North Alabama,2019-20,20.0,54,137,12,44,40,59,21,20,4,13,39,37,17.58,46,103,17,40,51,69,15,20,1,18,46,30
Christian Alvis,Simpson University,2019-20,19.97,3,8,0,3,0,0,2,2,0,0,4,1,14.85,1,4,0,3,0,0,2,3,0,0,0,4
Christian Anigwe,San José St,2019-20,20.0,30,67,9,30,8,15,3,9,19,27,48,14,20.0,22,50,6,25,22,40,5,3,10,34,43,14
Christian Backa,,2019-20,1.6,1,3,0,0,0,0,0,0,0,0,1,0,0.0,1,2,0,0,1,2,0,0,1,0,2,0
Christian Beeke,Rocky Mountain,2019-20,20.0,1,3,0,0,0,0,0,0,0,0,4,0,14.87,1,4,0,2,0,0,0,0,0,0,1,1
Christian Bentley,Youngstown St,2019-20,20.0,18,40,1,8,5,10,16,4,1,3,9,18,16.87,6,23,2,4,11,14,12,3,1,0,18,9
Christian Bishop,Creighton,2019-20,20.0,35,65,1,1,15,28,21,9,7,17,40,18,20.0,47,70,0,0,30,49,19,7,19,23,41,19
Christian Brandt,Spring Hill,2019-20,20.0,1,1,1,1,0,0,0,0,0,0,1,0,14.87,0,1,0,1,0,0,0,0,0,0,1,2
Christian Braun,Kansas,2019-20,20.0,27,63,18,38,6,10,8,9,3,8,30,7,20.0,26,59,13,31,13,16,5,11,3,10,34,4
Christian Brown,Georgia,2019-20,20.0,20,46,5,10,16,21,3,8,4,13,16,17,18.05,11,19,1,6,7,16,2,4,2,5,11,6
Christian Campbell,,2019-20,0.0,0,0,0,0,0,0,0,0,0,0,0,1,0.0,0,0,0,0,0,0,0,0,0,0,0,0
Christian David,Butler,2019-20,20.0,9,21,4,12,2,6,5,4,1,5,10,4,20.0,5,15,2,11,9,10,4,2,1,7,8,2
Christian Fields,Our Lady of the Lake,2019-20,20.0,0,1,0,0,2,2,2,0,0,0,0,0,14.9,0,1,0,0,0,0,1,0,0,0,0,0
Christian Fioretti,Oberlin College,2019-20,20.0,1,4,0,0,0,0,2,0,0,0,1,0,14.98,1,2,0,0,0,0,0,1,0,0,0,1
Christian Graham,Mount St. Vincent,2019-20,0.0,0,0,0,0,0,0,0,0,0,0,0,0,14.97,0,2,0,0,0,2,0,0,0,0,0,0
Christian Hammett,Concordia Texas,2019-20,20.0,0,1,0,1,0,0,0,1,0,0,0,2,14.75,0,1,0,1,3,4,0,0,0,0,1,2
Christian Hinckson,Manhattan,2019-20,20.0,32,80,13,25,18,27,40,22,12,22,65,45,19.78,38,99,11,24,28,38,24,24,5,19,51,26
Christian Hyatt,Colorado Christian,2019-20,0.0,0,0,0,0,0,0,0,0,0,0,1,0,14.98,0,3,0,2,0,0,0,0,0,0,0,1
Christian Ings,Rider,2019-20,20.0,23,63,3,17,6,11,22,11,0,7,19,14,14.88,20,45,6,14,10,16,21,4,1,6,15,15
Christian Jacob,Chicago State,2019-20,20.0,1,4,0,0,2,2,0,0,0,0,2,1,18.08,1,1,0,0,1,2,0,0,0,0,0,0
Christian Jones,Montana Tech,2019-20,20.0,2,3,1,2,1,2,0,0,0,0,1,0,14.77,0,0,0,0,0,0,1,1,0,0,0,0
Christian Juzang,Harvard,2019-20,20.0,16,64,7,37,5,6,22,9,1,6,25,15,14.62,25,71,13,43,16,19,32,4,0,3,20,10
Christian Keeling,North Carolina,2019-20,20.0,39,100,6,27,9,10,10,7,4,14,27,20,20.0,46,94,10,21,15,22,10,8,2,11,34,15
Christian Kincaid,North Greenville,2019-20,20.0,0,3,0,2,0,0,1,2,0,0,1,1,14.83,2,3,1,1,1,1,0,1,0,1,2,0
Christian Koloko,Arizona,2019-20,20.0,8,19,0,0,2,4,3,5,11,10,16,1,14.92,14,27,0,0,5,11,2,3,11,15,15,1
Christian Kuntz,Mayville State,2019-20,0.0,0,0,0,0,0,0,0,0,0,0,0,0,14.97,0,1,0,1,0,0,0,0,0,0,1,0
Christian Lutete,UMass Lowell,2019-20,20.0,96,179,25,65,41,64,26,11,1,36,73,37,18.8,84,178,22,74,50,69,19,9,1,21,64,24
Christian Mobley,Pine Manor,2019-20,20.0,1,2,0,0,0,0,0,0,0,0,1,1,14.98,0,1,0,0,0,0,2,0,0,2,2,1
Christian Ray,La Salle,2019-20,16.15,19,47,2,14,5,6,21,15,2,25,47,17,20.0,28,62,7,20,24,32,19,14,6,20,49,17
Christian Rohlehr,St. Francis (BKN),2019-20,20.0,20,33,0,1,6,12,4,2,18,17,17,5,20.0,7,11,0,0,3,10,1,0,12,10,17,5
Christian Stewart,Birmingham-Southern,2019-20,20.0,2,4,1,1,0,0,0,2,0,1,2,0,14.8,0,1,0,0,0,0,0,0,0,0,0,0
Christian Straw,Olivet Nazarene,2019-20,20.0,0,1,0,1,0,0,0,0,0,0,0,0,20.0,0,0,0,0,0,0,0,0,0,0,0,0
Christian Turner,Gardner-Webb,2019-20,20.0,16,41,2,14,7,9,56,15,1,0,31,20,20.0,18,41,1,7,21,26,54,12,0,4,23,17
Christian Vital,UConn,2019-20,20.0,77,182,39,94,43,49,45,38,3,17,78,44,16.35,66,178,22,84,88,97,35,35,2,19,73,36
Christian Williams,Indiana State,2019-20,20.0,26,56,6,14,8,9,18,10,5,7,30,16,20.0,29,63,8,21,32,40,27,12,1,3,33,18
Christian Willis,Arkansas State,2019-20,20.0,22,58,11,26,10,17,19,11,1,1,14,17,17.73,31,54,13,29,17,25,16,9,1,8,18,13
Christian Wilson,Longwood,2019-20,20.0,34,101,21,69,13,22,12,6,1,11,45,20,16.5,27,76,10,42,3,10,7,6,0,12,19,13
Christien Williams,MIT,2019-20,20.0,1,1,0,0,0,0,0,0,0,0,0,3,14.62,0,0,0,0,1,2,0,1,0,0,0,2
Christion Thompson,Tulane,2019-20,20.0,60,144,7,37,43,65,40,29,6,17,69,21,17.97,64,133,14,43,71,99,37,25,6,15,71,26
Christopher Agbo,Indiana State,2019-20,0.0,2,4,0,0,3,4,0,0,0,2,7,4,20.0,1,3,0,0,3,5,0,1,2,3,10,3
Christopher Chaney,Shenandoah,2019-20,20.0,0,6,0,1,3,4,0,1,0,1,4,0,14.7,4,10,0,1,0,0,0,1,0,1,2,3
Christopher Miller,Rogers State,2019-20,20.0,1,2,0,0,1,2,0,0,0,1,2,3,19.15,5,6,0,0,3,5,0,0,0,1,2,1
Christopher Pearl,Davenport University,2019-20,20.0,1,3,0,0,0,0,0,1,0,1,2,0,19.45,1,3,0,2,0,0,0,2,0,1,2,1
Chuba Ohams,Fordham,2019-20,20.0,29,55,1,3,6,16,11,8,6,19,30,20,20.0,21,47,0,3,9,22,6,4,4,13,27,11
Chuck Champion,Loyola (MD),2019-20,19.98,7,28,1,12,1,2,2,4,0,2,7,5,14.92,7,16,6,11,2,3,3,1,0,0,5,2
Chuck Hannah,Elon,2019-20,20.0,24,46,3,6,13,20,25,10,5,23,33,18,20.0,30,46,4,4,5,13,13,3,6,22,25,10
Chudier Bile,Northwestern State,2019-20,20.0,56,125,15,41,38,55,21,10,19,22,77,55,14.92,58,124,17,46,56,70,18,6,18,28,75,47
Chyree Walker,Radford,2019-20,20.0,16,32,3,7,8,14,2,3,1,14,21,5,14.68,4,9,1,5,4,8,3,3,1,4,19,5
Ciaran Brayboy,Harvard,2019-20,0.0,0,0,0,0,0,0,0,0,0,0,0,0,17.98,0,0,0,0,0,0,1,0,0,0,2,1
Cincinnati,,2019-20,0.0,0,0,0,0,0,0,0,0,0,22,23,5,0.0,0,0,0,0,0,0,0,0,0,33,20,8
Cincinnati Clermont,,2019-20,0.0,0,0,0,0,0,0,0,0,0,0,1,0,0.0,0,0,0,0,0,0,0,0,0,1,0,1
Cinque Williams,Lesley University,2019-20,0.0,0,0,0,0,0,0,0,0,0,1,1,0,14.98,1,3,0,1,0,0,0,0,0,0,1,0
Cj Clark,CSU San Bernardino,2019-20,20.0,0,1,0,1,0,0,0,0,0,0,0,0,14.98,0,2,0,2,0,0,1,1,0,0,0,1
Cj Fisher,Cal State-Los Angeles,2019-20,20.0,0,2,0,2,0,0,1,0,0,0,0,0,18.6,3,6,1,2,0,1,0,1,0,1,2,0
Cj Geathers,Puget Sound,2019-20,20.0,2,6,1,3,0,0,1,1,0,2,0,2,14.95,1,2,1,2,0,0,3,0,0,0,0,2
Cj Hampton,,2019-20,0.62,2,4,0,0,0,0,1,1,0,0,2,2,0.0,1,1,1,1,1,2,2,2,0,0,1,1
Cj Jamison,North Greenville,2019-20,20.0,1,4,0,2,4,4,4,1,0,1,0,3,14.83,3,6,0,0,4,4,0,2,1,2,3,1
Cj Loving,Randolph College,2019-20,20.0,0,4,0,1,2,2,1,0,1,2,5,2,15.12,0,3,0,0,1,2,0,0,0,2,2,0
Cj Miller,Johnson & Wales (NC),2019-20,20.0,4,6,0,1,0,0,1,1,0,2,1,3,17.75,2,5,0,0,2,2,1,1,1,1,2,2
Cj Napier,,2019-20,3.3,3,8,0,2,0,0,0,0,0,2,4,1,0.0,2,5,1,3,0,0,0,0,0,0,3,2
Cj Obinwa,Wayland Baptist University,2019-20,20.0,3,8,1,2,0,0,0,0,0,1,1,0,14.88,0,0,0,0,0,0,0,0,0,0,1,0
Cj Vanbeekum,West New Mexico,2019-20,19.93,0,1,0,1,0,0,0,2,0,0,1,0,14.97,0,1,0,1,0,0,0,0,0,0,0,0
Cj Wilburn,,2019-20,1.67,0,1,0,1,0,0,0,0,0,0,0,0,0.0,0,1,0,1,0,0,0,0,0,0,2,0
Cj Zavada,Gettysburg,2019-20,20.0,1,1,0,0,0,0,0,0,0,0,0,0,17.9,0,0,0,0,0,0,1,0,0,0,0,0
Clarence Nadolny,Texas Tech,2019-20,20.0,7,13,0,0,7,11,4,3,0,1,6,4,14.92,1,2,0,1,1,3,5,1,0,0,10,4
Clarks Summit,,2019-20,0.0,0,0,0,0,0,0,0,0,0,0,2,0,0.0,0,0,0,0,0,0,0,0,0,0,0,0
Claude Mckesey,Colorado Christian,2019-20,20.0,0,1,0,0,0,0,0,0,0,0,0,0,14.98,0,0,0,0,0,0,0,0,0,0,0,0
Clay Gayman,Abilene Christian,2019-20,15.05,42,76,9,22,32,40,12,2,12,17,29,19,20.0,33,67,6,20,20,26,13,5,3,15,27,15
Clay Mounce,Furman,2019-20,20.0,84,168,35,85,23,35,35,27,8,23,69,35,20.0,66,126,20,59,24,44,31,22,13,30,66,19
Clay O'Dell,,2019-20,8.6,0,1,0,0,0,1,0,0,0,0,2,1,0.0,0,0,0,0,0,0,0,0,0,0,0,0
Clay Patterson,New Mexico,2019-20,20.0,0,0,0,0,0,0,1,0,0,0,0,0,14.88,0,0,0,0,0,0,0,1,0,0,0,1
Clay Reimers,Nebraska Wesleyan,2019-20,20.0,2,3,1,2,2,2,1,0,1,0,6,4,17.92,0,1,0,1,0,1,3,1,1,0,4,1
Clay Spivey,Cincinnati Clermont,2019-20,20.0,3,6,1,3,0,0,1,0,0,0,1,0,14.87,1,2,0,1,0,0,0,0,0,0,0,1
Clay Weatherspoon,,2019-20,0.0,0,0,0,0,0,0,0,0,0,0,0,0,0.0,0,0,0,0,0,0,0,0,0,0,0,1
Clayton Henry,New Mexico State,2019-20,20.0,3,5,2,4,0,0,0,0,0,0,1,0,14.68,0,0,0,0,0,0,1,0,0,1,0,0
Clayton Ladine,Rocky Mountain,2019-20,20.0,1,3,0,1,0,0,2,0,0,0,2,3,14.87,4,6,1,2,0,0,1,0,0,1,1,1
Clayton Le Sann,Holy Cross,2019-20,20.0,13,35,5,14,2,2,12,5,1,2,14,7,19.6,7,27,2,10,0,1,8,3,2,2,15,6
Clayton Leipold,Cornell College,2019-20,20.0,1,3,1,3,0,0,0,0,0,0,2,0,14.87,1,3,1,3,0,0,1,0,0,0,0,0
Cle'von Greene,Radford,2019-20,20.0,20,50,9,31,6,6,6,0,2,1,10,5,20.0,19,53,7,31,7,12,5,5,2,6,19,4
Clemson,,2019-20,0.0,0,0,0,0,0,0,0,0,0,20,23,6,0.0,0,0,0,0,0,0,0,0,0,26,22,8
Clenzo Ross,South Wesleyan,2019-20,20.0,2,5,1,2,0,0,2,0,0,0,1,2,17.58,0,1,0,1,0,0,2,1,0,0,1,2
Cletrell Pope,Bethune-Cookman,2019-20,20.0,41,87,0,0,34,44,8,18,11,39,70,24,14.88,60,116,0,0,39,68,9,10,16,58,76,21
Cleveland State,,2019-20,0.0,0,0,0,0,0,0,0,0,0,31,23,2,0.0,0,0,0,0,0,0,0,0,0,21,18,4
Clevon Brown,Vanderbilt,2019-20,20.0,18,30,4,10,2,4,1,0,6,10,14,4,17.82,16,24,1,3,6,16,0,1,12,11,17,6
Cliff Mccray,Wisconsin-Stout,2019-20,20.0,1,2,0,0,2,2,1,0,0,0,3,2,14.93,1,4,0,1,0,0,0,0,1,1,2,2
Cliff Thomas Jr,,2019-20,15.93,1,3,0,0,0,0,5,0,2,1,6,4,0.0,1,4,0,1,3,3,5,0,2,0,2,1
Cliff Thomas Jr.,High Point,2019-20,20.0,28,46,0,0,12,22,0,5,8,14,16,20,18.27,17,37,0,0,21,32,0,4,9,19,18,14
Clifford Detiege,Central Christian College,2019-20,20.0,1,1,0,0,0,0,0,0,0,0,2,0,14.87,0,0,0,0,0,0,0,1,0,0,0,1
Clifton Tracey,Penn State Wilkes-Barre,2019-20,20.0,2,4,2,2,6,6,0,2,1,0,4,1,14.67,1,2,1,2,0,0,1,0,0,0,0,0
Clyde Trapp,Clemson,2019-20,20.0,20,54,9,31,2,5,25,7,1,1,36,14,15.4,21,58,7,30,17,34,23,7,1,1,40,19
Coastal Carolina,,2019-20,0.0,0,0,0,0,0,0,0,0,0,44,32,8,0.0,0,0,0,0,0,0,0,0,0,39,29,8
Cobe Williams,Louisiana Tech,2019-20,20.0,24,56,7,25,7,9,8,10,0,3,27,16,14.82,18,53,4,20,5,7,19,8,0,4,20,11
Cobie Barnes,Indiana State,2019-20,20.0,14,26,4,9,2,8,5,4,0,6,21,4,14.95,8,17,2,7,0,2,4,2,1,4,15,3
Coby Kelly,Heidelberg,2019-20,19.98,0,1,0,0,0,0,1,0,0,0,2,0,14.98,0,1,0,0,0,0,0,0,0,0,0,1
Cody Baumstarck,Montana Tech,2019-20,20.0,1,2,0,0,1,2,3,2,0,1,2,0,14.77,0,1,0,0,0,0,0,0,0,0,0,1
Cody Collinsworth,Portland,2019-20,0.0,0,0,0,0,0,0,0,0,0,0,0,0,14.98,0,1,0,1,0,0,0,1,1,0,1,2
Cody Graham,,2019-20,0.0,0,0,0,0,0,0,0,1,0,0,0,0,0.0,0,0,0,0,0,0,0,0,0,0,0,0
Cody Green,Nazareth,2019-20,20.0,1,3,1,2,0,0,0,0,0,0,0,1,14.97,0,0,0,0,0,0,0,0,0,0,1,2
Cody John,Weber State,2019-20,20.0,84,202,28,70,20,24,25,11,1,7,54,20,14.5,79,175,19,63,51,59,23,11,0,6,51,24
Cody Kegley,Michigan Dearborn,2019-20,20.0,1,4,0,3,3,3,3,2,0,0,4,2,17.88,3,6,3,5,0,1,1,3,0,1,1,1
Cody Kelley,South Dakota,2019-20,20.0,56,128,36,74,8,12,31,14,0,8,49,18,19.57,48,92,25,59,41,50,27,15,0,4,47,14
Cody Mitchell,Illinois Wesleyan,2019-20,20.0,0,1,0,1,0,0,0,0,0,1,2,0,17.18,1,3,0,1,0,0,0,0,0,2,1,0
Cody Riley,UCLA,2019-20,20.0,45,97,0,3,14,24,11,4,9,18,42,31,20.0,55,93,0,0,31,56,10,5,6,23,35,14
Cody Schwartz,Green Bay,2019-20,0.0,51,113,25,68,4,5,20,15,12,11,57,21,16.57,42,90,15,40,37,41,25,8,9,14,52,12
Coker,,2019-20,0.0,0,0,0,0,0,0,0,0,0,2,2,0,0.0,0,0,0,0,0,0,0,0,0,4,5,2
Colbey Ross,Pepperdine,2019-20,20.0,83,216,35,96,58,69,112,19,2,13,60,60,17.72,109,252,38,102,101,117,100,15,2,9,57,68
Colby Johnson,Mount Marty,2019-20,20.0,4,10,1,4,6,7,3,1,0,0,9,4,18.98,7,13,0,5,2,4,1,0,0,1,4,1
Colby Rogers,Cal Poly,2019-20,20.0,36,81,16,41,3,4,15,7,1,2,32,20,18.25,44,109,19,53,15,20,5,6,2,8,25,21
Colby Simpson,SUNY Potsdam,2019-20,20.0,1,4,0,1,0,0,0,0,0,1,0,1,15.83,0,2,0,1,0,0,1,0,0,0,0,1
Cole Anthony,North Carolina,2019-20,20.0,57,153,19,57,37,52,45,18,5,3,58,38,20.0,69,171,29,73,56,71,38,10,1,7,48,27
Cole Bajema,Michigan,2019-20,20.0,1,1,0,0,2,2,0,0,0,0,0,0,14.95,2,3,0,1,0,0,0,0,0,0,1,1
Cole Bergan,Northern Colorado,2019-20,20.0,0,4,0,0,0,0,0,0,0,0,0,0,15.58,0,0,0,0,0,0,0,0,0,0,0,0
Cole Gentry,Wright State,2019-20,20.0,62,114,32,66,14,16,46,16,0,4,36,8,20.0,46,124,16,60,29,34,33,10,0,9,27,19
Cole Hardtke,Wisconsin Lutheran,2019-20,20.0,0,1,0,1,0,0,0,0,0,0,0,0,14.83,0,2,0,0,0,0,1,0,0,0,0,1
Cole Huskey,Piedmont,2019-20,20.0,1,2,1,2,0,0,0,0,0,0,0,1,14.97,0,2,0,0,0,0,0,0,0,1,0,0
Cole Kinnamon,Rogers State,2019-20,20.0,0,1,0,0,0,0,0,0,0,0,0,0,19.15,1,3,1,2,0,0,0,1,0,0,0,0
Cole Landis,Rio Grande,2019-20,19.98,1,1,0,0,0,0,0,0,0,0,1,1,14.62,0,0,0,0,0,0,0,0,0,1,0,0
Cole Meadows,Concord College,2019-20,20.0,1,4,1,1,0,2,0,1,0,1,2,1,14.98,1,2,0,0,0,0,0,1,0,0,0,0
Cole Micek,St. Francis (ILL),2019-20,20.0,2,6,2,5,0,0,2,0,0,0,2,1,17.92,1,4,1,3,0,0,0,1,0,1,1,1
Cole Otley,,2019-20,0.0,0,0,0,0,0,0,0,0,0,0,0,0,0.0,0,0,0,0,0,0,0,0,0,0,1,0
Cole Piatko,Columbia International,2019-20,20.0,1,6,0,3,0,0,2,0,0,0,1,1,14.95,0,2,0,1,0,0,1,0,0,0,1,2
Cole Schmitz,Chicago,2019-20,20.0,1,3,0,1,0,0,1,2,1,0,1,0,14.9,0,3,0,2,0,0,1,0,0,1,1,0
Cole Sienknecht,Western Colorado,2019-20,20.0,4,10,3,8,2,2,1,1,0,0,3,3,17.95,2,3,2,3,0,0,1,0,0,0,1,4
Cole Storm,Washington College (MD),2019-20,20.0,0,1,0,1,0,0,1,0,0,0,0,0,14.58,1,2,0,1,0,0,0,0,0,0,0,2
Cole Swider,Villanova,2019-20,20.0,48,91,28,60,4,6,12,4,7,14,38,12,14.93,18,63,7,45,2,3,7,2,3,7,28,8
Cole Thomas,,2019-20,13.58,2,6,0,0,3,4,0,1,0,1,2,4,0.0,4,5,0,0,1,3,2,1,0,0,3,1
Cole Vonhandorf,Fairmont State,2019-20,20.0,3,9,1,5,0,0,0,0,0,0,3,0,14.8,1,5,0,2,3,5,1,0,0,0,0,0
Coleman Agbo,Mid-Atlantic Christian University,2019-20,0.0,1,3,0,0,0,0,0,0,2,1,8,1,14.88,2,4,0,0,0,0,0,0,0,0,6,3
Coleman Sparling,UT Arlington,2019-20,20.0,13,25,1,8,4,4,8,8,3,9,14,1,20.0,8,16,3,5,3,5,4,2,2,10,12,6
Coleson Struhs,Benedictine (AZ),2019-20,20.0,0,2,0,2,0,0,0,0,0,0,0,0,14.88,1,3,1,3,0,0,0,0,0,0,1,0
Coletrane Washington,Drexel,2019-20,20.0,27,59,20,41,2,3,5,3,1,1,9,7,20.0,24,52,18,39,5,8,8,4,2,3,7,6
Colgate,,2019-20,0.0,0,0,0,0,0,0,0,0,0,34,23,6,0.0,0,0,0,0,0,0,0,0,0,33,27,0
Colin Castleton,Michigan,2019-20,20.0,14,30,0,4,11,13,2,3,7,11,14,7,20.0,10,13,0,0,9,12,2,0,4,4,20,4
Colin Cunniff,Life Pacific,2019-20,20.0,5,15,3,12,0,0,1,0,0,0,3,2,14.73,1,5,1,4,0,0,2,0,0,0,0,0
Colin Cunningham,Mid-Atlantic Christian University,2019-20,20.0,1,4,1,4,0,0,3,0,0,0,1,1,14.88,2,3,2,3,0,0,1,0,0,0,2,2
Colin Flowers,Goshen College,2019-20,20.0,1,2,1,2,0,0,0,0,0,0,0,2,14.93,1,3,1,3,0,0,2,0,0,0,1,3
Colin Kenney,Furman,2019-20,0.0,0,4,0,3,0,0,2,0,0,0,1,1,14.88,2,7,1,3,0,0,3,1,0,1,2,2
Colin McCarthy,Cal Poly,2019-20,0.0,0,1,0,0,0,0,1,0,0,0,0,1,18.25,1,2,0,1,2,4,1,0,0,0,1,0
Colin Molden,Emory & Henry,2019-20,20.0,3,3,0,0,2,3,1,1,0,0,1,0,14.93,0,0,0,0,0,0,0,0,0,0,0,0
Colin Rardin,Pacific Oregon,2019-20,20.0,0,3,0,2,0,0,1,0,0,0,0,1,14.8,0,1,0,0,0,0,0,1,0,0,0,0
Colin Slater,Long Beach State,2019-20,20.0,47,119,17,44,13,16,21,19,0,2,22,29,20.0,52,129,15,41,35,44,27,9,1,5,32,23
Collin Cooper,Central Arkansas,2019-20,20.0,8,28,6,22,11,15,14,6,0,3,17,16,14.98,7,23,4,16,16,17,18,7,1,1,8,16
Collin Gillespie,Villanova,2019-20,20.0,74,196,38,108,30,35,75,21,1,3,45,32,14.93,79,183,32,88,51,66,59,17,1,3,62,28
Collin Goss,Delaware,2019-20,20.0,37,52,1,4,7,11,13,3,9,13,48,13,14.93,40,59,0,5,11,20,7,4,9,16,40,11
Collin Huun,Colorado Christian,2019-20,20.0,0,2,0,2,0,0,1,0,0,0,2,0,14.98,0,1,0,1,0,0,0,0,0,1,0,0
Collin Lister,Simpson College,2019-20,20.0,1,2,1,1,0,0,0,0,0,0,0,0,14.98,0,0,0,0,0,0,0,0,0,0,0,0
Collin McManus,,2019-20,0.0,0,0,0,0,0,0,0,0,0,0,0,0,0.0,0,0,0,0,0,0,0,0,0,0,1,0
Collin Means,,2019-20,0.0,0,0,0,0,0,0,0,0,0,0,0,2,0.0,0,0,0,0,0,0,0,0,0,0,0,0
Collin Nnamene,Mt. St. Mary's,2019-20,20.0,8,20,2,6,9,13,1,2,7,7,9,4,18.9,1,10,0,5,8,10,1,3,4,9,5,2
Collin Poorman,,2019-20,2.45,0,1,0,1,0,0,1,0,0,1,0,1,0.0,0,3,0,2,0,0,0,0,0,0,0,0
Collin Smith,UCF,2019-20,20.0,55,122,1,5,32,47,24,11,9,27,52,28,20.0,69,150,2,11,70,103,31,11,9,32,67,46
Collin Stallworth,Illinois-Springfield,2019-20,20.0,2,3,0,0,1,2,0,0,0,0,2,1,17.85,0,0,0,0,0,0,0,1,0,0,2,0
Collin Welp,UC Irvine,2019-20,19.98,76,164,26,48,24,29,24,12,4,15,68,26,20.0,78,150,11,34,39,46,31,12,8,24,75,18
Collins Onyeike,New York Institute of Technology,2019-20,20.0,2,7,0,1,2,2,1,0,1,0,4,0,14.97,1,1,1,1,2,2,0,1,0,1,1,1
Colorado,,2019-20,0.0,0,0,0,0,0,0,0,0,0,36,27,12,0.0,0,0,0,0,0,0,0,0,0,53,21,8
Colorado Christian,,2019-20,0.0,0,0,0,0,0,0,0,0,0,0,1,1,0.0,0,0,0,0,0,0,0,0,0,1,0,0
Colorado College,,2019-20,0.0,0,0,0,0,0,0,0,0,0,1,0,0,0.0,0,0,0,0,0,0,0,0,0,0,1,0
Colorado State,,2019-20,0.0,0,0,0,0,0,0,0,0,0,34,19,5,0.0,0,0,0,0,0,0,0,0,0,44,17,4
Colt Savage,Central Oklahoma,2019-20,20.0,1,3,0,1,0,0,1,0,0,0,1,0,18.9,1,2,1,1,0,0,0,0,0,0,0,0
Colton Cashaw,Iona,2019-20,0.0,0,2,0,0,4,4,3,1,0,0,3,1,19.65,1,6,0,1,1,2,4,3,2,0,4,2
Colton Noel,Goshen College,2019-20,20.0,1,3,0,0,1,2,0,0,0,0,0,2,14.93,0,0,0,0,0,0,0,0,0,0,0,0
Colton Otts,Howard Payne,2019-20,0.0,0,3,0,2,1,2,0,0,1,1,1,1,10.62,0,2,0,1,0,0,0,0,0,0,1,2
Colton Reed,Liberty,2019-20,0.0,1,4,1,4,0,0,1,0,0,0,2,1,14.78,3,5,3,5,0,0,2,1,0,0,1,1
Colton Ritsema,Concordia (MI),2019-20,20.0,1,1,0,0,0,0,0,0,0,1,1,0,14.87,0,0,0,0,0,0,0,0,0,0,1,1
Colton Wirth,Menlo,2019-20,20.0,2,3,1,2,0,0,0,0,0,0,0,0,17.82,0,0,0,0,0,0,0,0,0,0,0,0
Columbia,,2019-20,0.0,0,0,0,0,0,0,0,0,0,23,26,5,0.0,0,0,0,0,0,0,0,0,0,31,18,3
Columbia International,,2019-20,0.0,0,0,0,0,0,0,0,0,0,1,2,0,0.0,0,0,0,0,0,0,0,0,0,2,1,1
Colyn Sturgill,Alice Lloyd College,2019-20,20.0,1,3,0,0,0,0,0,1,1,0,4,2,14.85,0,1,0,0,0,0,0,0,0,0,1,0
Concord,,2019-20,0.0,0,0,0,0,0,0,0,0,0,3,2,0,0.0,0,0,0,0,0,0,0,0,0,0,0,0
Concordia (IL),,2019-20,0.0,0,0,0,0,0,0,0,0,0,2,1,1,0.0,0,0,0,0,0,0,0,0,0,3,0,0
Concordia (MI),,2019-20,0.0,0,0,0,0,0,0,0,0,0,0,1,1,0.0,0,0,0,0,0,0,0,0,0,0,0,0
Concordia (TX),,2019-20,0.0,0,0,0,0,0,0,0,0,0,0,3,0,0.0,0,0,0,0,0,0,0,0,0,1,1,0
Concordia (WI),,2019-20,0.0,0,0,0,0,0,0,0,0,0,1,0,0,0.0,0,0,0,0,0,0,0,0,0,1,0,1
Connecticut College,,2019-20,0.0,0,0,0,0,0,0,0,0,0,0,0,2,0.0,0,0,0,0,0,0,0,0,0,0,1,2
Conner George,Michigan State,2019-20,0.0,1,1,1,1,0,0,0,0,1,1,1,0,14.97,2,6,0,3,0,2,0,0,0,3,3,1
Conner Johnson,Oklahoma Christian,2019-20,20.0,0,0,0,0,0,0,1,0,0,0,0,0,14.88,1,4,0,0,1,1,0,1,0,1,0,0
Connor Arnold,VMI,2019-20,20.0,3,4,2,3,0,0,0,1,0,0,4,0,14.98,5,7,5,7,1,1,0,1,0,1,1,0
Connor Cole,,2019-20,0.0,0,0,0,0,0,0,0,0,0,1,1,0,1.37,0,1,0,1,0,0,1,0,0,0,0,2
Connor Gholson,Drake,2019-20,0.0,0,0,0,0,0,0,0,0,0,0,0,0,14.98,0,0,0,0,1,2,1,0,0,0,1,0
Connor Green,US Merchant Marine Academy,2019-20,20.0,0,0,0,0,0,0,1,0,0,0,2,1,14.97,0,2,0,1,0,0,2,2,0,0,1,1
Connor Harding,BYU,2019-20,20.0,41,73,21,43,9,11,26,5,0,7,44,15,17.67,22,48,11,27,8,15,10,5,1,3,37,8
Connor Hostetter,Penn State-York,2019-20,20.0,0,1,0,1,0,0,1,0,0,0,0,0,14.85,0,0,0,0,0,0,0,0,0,0,0,0
Connor Kieckbusch,Montana Tech,2019-20,0.0,0,0,0,0,0,0,0,0,0,0,0,0,14.77,1,1,1,1,0,0,1,1,0,0,0,0
Connor Klementowicz,,2019-20,0.0,0,0,0,0,0,0,0,0,0,1,0,0,0.0,0,0,0,0,0,0,0,0,0,0,0,0
Connor Laverty,Widener,2019-20,20.0,2,7,0,2,2,2,1,0,0,0,3,0,14.8,1,4,0,2,1,3,1,0,0,0,0,0
Connor Maddox,Kentucky Christian,2019-20,20.0,0,5,0,4,0,0,0,0,0,1,0,0,14.92,0,0,0,0,0,0,0,0,0,0,0,0
Connor McCaffery,Iowa,2019-20,20.0,28,83,16,54,12,15,60,16,2,6,56,9,14.93,23,72,16,42,31,42,60,18,1,12,44,17
Connor Moffatt,Elizabethtown,2019-20,20.0,0,3,0,1,0,0,0,1,0,0,3,2,14.92,1,7,0,2,0,0,0,2,0,1,2,0
Connor Murrell,Ohio,2019-20,20.0,4,19,0,7,5,7,8,1,0,4,11,4,20.0,4,16,0,6,1,3,2,1,1,4,5,6
Connor Nelson,American,2019-20,20.0,39,92,23,67,2,6,18,17,6,7,23,17,17.67,39,85,18,48,11,13,18,21,4,8,26,16
Connor Niego,Holy Cross,2019-20,20.0,54,128,19,54,16,30,19,9,5,26,52,15,15.55,39,98,14,40,25,32,15,10,5,26,49,12
Connor Raines,UT Rio Grande Valley,2019-20,20.0,24,45,12,25,12,14,7,11,1,6,8,8,10.62,5,21,5,13,6,8,4,7,1,3,3,4
Connor Riekenberg,Nebraska Wesleyan,2019-20,20.0,0,1,0,1,0,0,0,0,0,0,0,0,17.92,0,1,0,1,0,0,0,0,0,0,0,0
Connor Withers,UMass Lowell,2019-20,0.0,54,92,7,21,14,18,28,18,14,17,67,14,18.8,46,101,8,26,39,45,27,13,15,29,53,25
Conor Geiger,Pacific Lutheran,2019-20,20.0,0,3,0,3,2,2,0,0,0,1,2,1,14.82,0,3,0,0,3,4,0,0,0,1,0,1
Conor O'Sullivan,Birmingham-Southern,2019-20,20.0,1,4,0,2,3,4,1,1,0,1,3,1,14.8,0,2,0,2,0,0,0,0,0,1,4,2
Conor Riordan,Simpson College,2019-20,20.0,2,5,2,5,0,0,0,1,0,1,1,1,14.98,0,1,0,1,0,0,0,0,0,0,0,0
CooXooEii Black,Colorado College,2019-20,19.28,4,8,0,1,0,0,0,1,0,0,1,2,14.83,1,2,0,0,0,0,0,0,0,0,1,3
Cooper Kabela,Cornell College,2019-20,20.0,1,5,0,1,0,0,0,0,0,0,1,2,14.87,1,2,0,1,2,2,0,0,0,0,1,0
Cooper Neese,Indiana State,2019-20,20.0,30,84,19,61,15,21,20,3,1,1,37,13,20.0,29,74,19,47,24,35,11,10,1,0,29,10
Cooper Robb,Charlotte,2019-20,20.0,25,56,16,29,7,8,6,14,2,2,38,14,20.0,21,54,8,24,15,23,14,28,2,6,31,14
Coppin State,,2019-20,0.0,0,0,0,0,0,0,0,0,0,31,28,4,0.0,0,0,0,0,0,0,0,0,0,35,25,6
Corbin Merritt,,2019-20,0.0,0,0,0,0,0,0,0,0,0,1,0,0,0.0,0,0,0,0,0,0,0,0,0,0,0,0
Cordell Gillingham,Nebraska Wesleyan,2019-20,20.0,3,3,1,1,0,0,0,0,0,0,0,0,17.92,2,2,0,0,0,0,0,0,0,0,1,0
Cordell Pemsl,Iowa,2019-20,0.0,13,26,1,1,10,16,18,2,4,12,31,11,15.32,10,21,0,2,12,21,12,4,5,9,32,14
Corey Allen,Georgia State,2019-20,20.0,85,212,41,114,14,20,23,15,2,11,37,32,14.9,65,159,27,83,24,31,28,16,1,6,36,30
Corey Baldwin,Averett,2019-20,20.0,0,4,0,4,0,0,0,0,0,1,0,1,14.7,0,4,0,3,0,0,0,0,0,0,0,2
Corey Benton,Columbia International,2019-20,20.0,2,5,1,3,0,0,3,0,0,0,4,2,14.95,1,7,1,4,0,0,1,0,0,0,2,1
Corey Brown,Canisius,2019-20,20.0,32,65,0,5,12,20,10,12,4,17,36,17,19.78,24,46,0,1,11,20,9,8,7,20,30,13
Corey Douglas,VCU,2019-20,20.0,17,38,2,4,8,14,6,6,13,14,14,7,18.45,20,37,0,1,6,10,4,5,9,15,18,5
Corey Irving,,2019-20,0.0,0,0,0,0,0,0,0,0,0,0,0,0,0.0,0,0,0,0,0,0,0,1,0,0,0,1
Corey Joyner,Newport News Apprentice,2019-20,20.0,3,4,1,2,2,5,4,2,0,1,4,0,14.92,1,5,0,0,0,0,4,0,0,0,1,0
Corey Kispert,Gonzaga,2019-20,20.0,78,171,37,90,30,38,41,17,6,16,48,27,14.88,73,150,38,83,34,42,28,12,6,14,49,18
Corey Le'aupepe,Menlo,2019-20,20.0,2,4,0,0,0,0,0,0,1,1,0,0,17.82,1,3,0,0,2,2,0,0,0,2,1,1
Corey Manigault,New Mexico,2019-20,20.0,77,147,4,16,58,76,13,19,6,28,59,35,15.18,66,117,4,9,45,71,11,19,12,18,42,26
Corey Mcgarry,Rosemont College,2019-20,20.0,0,1,0,0,0,0,2,0,0,0,2,0,14.97,2,6,0,2,0,0,0,0,0,2,1,0
Corey Nickerson,Lamar,2019-20,20.0,8,15,0,2,3,5,3,1,5,4,11,5,14.98,8,18,0,0,4,7,3,4,6,7,15,8
Corey Powell,Farmingdale State,2019-20,0.0,0,0,0,0,0,0,0,0,0,0,0,0,14.73,0,1,0,0,0,0,0,0,0,0,0,0
Corey Redman,Central Michigan,2019-20,20.0,6,16,4,12,0,0,2,2,0,4,5,3,14.87,3,5,1,3,2,2,1,0,0,3,2,5
Corey Romich,Jacksonville,2019-20,0.0,0,1,0,1,0,0,0,1,0,0,0,0,17.92,1,6,1,6,0,1,0,0,0,0,0,0
Corey Sato,Incarnate Word,2019-20,20.0,3,13,1,7,0,0,2,1,0,4,5,5,14.63,4,10,1,6,0,0,2,2,1,2,4,2
Corey Smith,Gallaudet University,2019-20,20.0,2,7,1,2,0,0,0,0,0,0,0,1,14.92,1,2,0,1,0,0,1,0,0,0,0,0
Corey Tillery,Alcorn State,2019-20,20.0,53,133,37,90,13,17,18,11,1,4,42,18,14.98,42,127,26,91,14,18,15,10,1,11,28,18
Coreyonte Turner,,2019-20,15.18,1,1,1,1,0,0,1,0,0,0,1,1,0.0,0,0,0,0,0,0,0,0,0,0,0,0
Coreyoun Rushin,Idaho State,2019-20,20.0,17,42,1,6,2,4,16,10,4,13,18,20,18.73,23,51,1,8,1,7,12,8,2,17,19,9
Cormac Reilly,Hartwick,2019-20,0.0,0,0,0,0,0,0,0,0,0,0,0,0,14.98,0,3,0,3,0,0,0,0,0,0,0,0
Cornelius Taylor,Florida Atlantic,2019-20,19.97,56,161,27,93,4,7,29,14,0,5,29,33,20.0,67,165,37,93,33,45,26,20,1,11,34,43
Cornell,,2019-20,0.0,0,0,0,0,0,0,0,0,0,30,15,11,0.0,0,0,0,0,0,0,0,0,0,42,12,6
Cornell (IA),,2019-20,0.0,0,0,0,0,0,0,0,0,0,0,2,2,0.0,0,0,0,0,0,0,0,0,0,1,0,1
Cortez Whitaker,Crowley's Ridge College,2019-20,20.0,0,4,0,0,0,0,1,2,0,0,0,1,14.97,0,3,0,0,0,2,0,0,0,1,0,0
Cortiz Buckner,,2019-20,2.05,0,0,0,0,0,0,2,0,0,0,0,1,0.0,5,7,3,5,1,2,2,1,0,0,3,2
Cory Gensler,Campbell,2019-20,20.0,61,117,21,52,11,18,24,18,11,16,49,7,20.0,49,107,18,56,4,12,26,16,5,11,44,7
Cory Griggs,Champion Christian College,2019-20,20.0,2,5,0,2,2,2,3,2,0,1,3,4,14.98,4,12,0,2,1,2,2,5,0,1,3,6
Cory Hightower,Presbyterian,2019-20,20.0,69,166,17,61,35,51,32,13,7,18,73,46,14.68,63,134,8,32,47,71,42,17,4,14,73,32
Cory Hoglund,,2019-20,0.0,0,0,0,0,0,0,0,0,0,0,0,0,0.0,0,0,0,0,0,0,0,0,0,0,0,1
Cory Noe,Illinois Wesleyan,2019-20,20.0,1,5,0,4,0,0,0,0,0,0,2,0,17.18,0,0,0,0,0,0,0,1,0,1,0,2
Coryon Mason,Abilene Christian,2019-20,15.0,33,62,7,19,22,32,16,16,2,5,12,9,20.0,37,80,4,20,28,36,21,10,1,14,20,18
Cossy Kowouto,Mississippi Valley State,2019-20,0.0,0,4,0,1,0,0,1,0,0,4,6,4,14.87,2,4,0,0,0,2,2,1,2,9,6,4
Coty Jude,UNC Asheville,2019-20,20.0,39,108,26,81,7,16,19,9,8,16,38,13,16.22,50,96,36,73,11,17,6,8,5,9,46,19
Courtese Cooper,LSU,2019-20,0.0,1,1,0,0,0,0,0,0,1,0,2,1,14.57,1,2,0,0,0,0,0,0,2,3,5,0
Courtney Brown Jr,Milwaukee,2019-20,0.0,0,0,0,0,0,0,2,0,0,0,0,0,20.0,0,0,0,0,0,0,1,0,0,0,0,0
Courtney Brown Jr.,Milwaukee,2019-20,20.0,23,70,17,49,2,3,0,6,4,12,30,13,18.85,21,51,13,38,8,10,0,4,1,8,28,10
Courtney Ramey,Texas,2019-20,20.0,59,156,14,55,11,17,46,10,0,8,51,33,15.58,62,149,24,72,28,38,41,19,2,7,51,29
Craig Beaudion,Cleveland State,2019-20,20.0,34,82,4,18,19,21,35,18,1,4,16,29,14.98,38,87,7,21,35,48,36,17,0,3,25,25
Craig LeCesne,San José St,2019-20,20.0,10,36,0,10,2,2,8,1,2,6,9,10,20.0,16,41,1,9,13,14,10,2,2,7,20,10
Craig Randall II,UT Martin,2019-20,20.0,29,63,15,34,5,7,8,5,0,2,17,4,14.88,13,40,3,19,4,8,12,2,1,0,5,7
Craig Sabb,Pfeiffer,2019-20,20.0,1,2,1,2,3,4,1,0,0,0,1,1,14.97,0,3,0,0,2,2,1,2,0,2,0,1
Creighton,,2019-20,0.0,0,0,0,0,0,0,0,0,0,19,26,1,0.0,0,0,0,0,0,0,0,0,0,17,11,6
Cress Worthy,UNC Asheville,2019-20,20.0,3,11,2,4,0,0,2,0,1,4,3,4,14.92,3,4,1,1,0,1,1,1,0,0,6,3
Crowley's Ridge,,2019-20,0.0,0,0,0,0,0,0,0,0,0,1,0,0,0.0,0,0,0,0,0,0,0,0,0,0,0,0
Cumberland (KY),,2019-20,0.0,0,0,0,0,0,0,0,0,0,0,1,1,0.0,0,0,0,0,0,0,0,0,0,0,0,1
Curran Scott,Clemson,2019-20,20.0,32,79,10,36,15,20,22,17,0,3,21,18,20.0,20,57,9,27,22,29,20,7,0,4,16,13
Curtis Allen,Texas Dallas,2019-20,20.0,1,5,0,3,0,0,0,0,0,1,3,0,14.9,1,3,1,3,0,0,0,0,0,0,2,1
Curtis Cobb III,Wagner,2019-20,20.0,70,153,36,83,10,12,12,11,1,4,22,28,14.8,53,139,23,69,18,22,17,2,4,10,33,21
Curtis Coleman Jr,Piedmont International,2019-20,20.0,2,5,0,1,3,5,0,1,0,0,1,4,15.1,6,11,1,3,0,0,0,1,0,0,1,0
Curtis Holland III,High Point,2019-20,20.0,31,68,13,31,15,17,11,4,6,4,11,14,14.97,25,59,11,25,16,19,7,4,2,6,8,10
Curtis Jones,Penn State,2019-20,20.0,32,105,16,73,7,9,14,6,2,5,30,11,14.78,31,80,19,55,9,12,22,2,3,2,27,10
Curtis Witt,Menlo,2019-20,20.0,1,1,0,0,0,0,0,0,0,1,0,0,17.82,1,2,1,1,0,0,0,0,0,0,0,0
Cyree Dunnell,West New Mexico,2019-20,19.93,1,2,1,1,2,4,0,0,0,0,0,2,14.97,1,2,0,0,0,0,0,0,0,0,0,0
Cyriaque Foucart,Stetson,2019-20,20.0,1,16,0,9,1,2,0,0,0,0,3,5,20.0,0,2,0,1,0,0,0,0,0,0,0,1
Cyril Langevine,Rhode Island,2019-20,20.0,64,113,1,2,29,68,22,13,27,51,93,40,16.92,36,97,0,0,36,67,26,15,27,40,89,25
Cyrus Barnes,,2019-20,0.0,0,0,0,0,0,0,0,0,0,0,0,0,0.0,0,0,0,0,0,0,0,0,0,0,1,0
Cyrus Johnson,Sam Houston State,2019-20,20.0,6,14,0,3,2,4,3,1,3,4,13,3,16.47,7,17,1,1,0,0,0,1,2,7,8,4
Cyrus Largie,Florida Gulf Coast,2019-20,20.0,18,35,6,11,2,3,13,5,0,7,26,12,20.0,14,27,3,5,7,11,9,6,1,9,14,22
Czar Perry,CSU Bakersfield,2019-20,16.8,49,97,2,4,13,22,51,17,3,4,43,23,20.0,45,109,0,3,30,43,49,20,1,6,27,28
D Hammock-Fitzgerald,Regent University,2019-20,20.0,9,17,0,0,1,3,3,3,5,4,9,5,14.97,4,9,0,0,3,4,1,0,0,4,2,7
D'Aaron Davis,Dallas Christian,2019-20,20.0,4,8,0,0,2,3,0,1,0,1,0,4,14.88,2,8,0,0,0,1,0,0,0,0,1,1
D'Andre Bernard,UL Monroe,2019-20,20.0,12,32,6,14,7,14,5,2,3,13,18,14,16.93,10,27,3,12,11,17,8,3,3,6,26,8
D'Andre Bryant,Rocky Mountain,2019-20,0.0,0,0,0,0,0,0,0,0,0,0,0,0,14.87,0,0,0,0,1,2,1,0,0,0,1,0
D'Andre Butler,Champion Christian College,2019-20,0.0,1,3,0,2,0,0,0,0,0,1,2,2,14.98,0,3,0,1,3,4,0,1,0,0,0,2
D'Angelo Fields,St. Katherine,2019-20,20.0,1,4,0,0,0,0,1,0,1,1,2,0,14.85,1,5,0,0,0,3,0,2,1,1,1,1
D'Angelo Hunter,Nicholls,2019-20,20.0,38,106,17,52,14,21,18,17,6,10,29,24,20.0,34,99,13,50,16,22,7,14,3,5,28,20
D'Angelo Streeter,Paul Quinn,2019-20,20.0,3,12,1,6,4,5,2,3,0,0,3,6,14.83,11,25,7,18,0,0,3,0,0,0,2,6
D'Mauria Jones,Oral Roberts,2019-20,20.0,1,3,0,2,0,0,1,0,1,0,2,0,19.15,3,7,1,4,3,9,2,1,2,3,2,3
D'Michael Stribling,Tougaloo,2019-20,20.0,3,6,0,2,0,0,1,0,0,1,1,0,14.8,0,1,0,0,3,4,0,1,0,2,1,0
D'Mitrik Trice,Wisconsin,2019-20,18.85,43,121,24,67,13,14,68,14,1,4,51,28,20.0,57,143,30,76,24,36,59,10,3,4,65,23
D'Quan Applewhite,,2019-20,0.0,0,0,0,0,0,0,0,0,0,1,0,0,0.0,0,0,0,0,0,0,0,0,0,0,0,0
D'Shawn Schwartz,Colorado,2019-20,20.0,38,111,19,57,13,17,16,11,2,8,49,15,20.0,57,126,27,68,33,48,21,9,5,11,33,14
D'Von Moore,Mid-America Christian,2019-20,20.0,1,3,0,2,0,0,0,0,0,0,0,2,14.8,2,5,1,1,0,0,0,0,0,1,0,2
D.J Lujan,Midway,2019-20,20.0,2,4,0,1,0,0,0,1,0,2,0,0,14.88,3,5,0,1,0,0,0,0,0,0,1,0
D.J. Basey,Central Oklahoma,2019-20,0.0,0,0,0,0,0,0,0,0,0,0,3,0,18.9,0,1,0,0,0,0,0,1,0,0,1,1
D.J. Bradsher,Pfeiffer,2019-20,20.0,0,2,0,0,0,0,0,0,0,0,1,0,14.97,0,1,0,1,0,0,0,0,0,0,0,1
D.J. Burns,Winthrop,2019-20,20.0,85,152,0,2,16,32,0,7,13,27,45,41,20.0,75,118,0,0,26,42,0,10,9,25,30,32
D.J. Burns Jr.,,2019-20,2.95,4,6,0,0,0,1,0,0,0,0,1,1,0.0,0,2,0,0,0,0,0,0,0,0,0,0
D.J. Bustos,New Mexico Highlands,2019-20,20.0,0,2,0,2,6,6,0,0,0,0,1,0,16.6,0,1,0,1,0,0,0,0,0,0,2,0
D.J. Carton,Ohio State,2019-20,20.0,30,61,10,27,15,23,17,4,2,5,27,31,20.0,38,79,13,29,22,26,7,8,6,5,17,19
D.J. Heath,Alabama State,2019-20,0.0,18,49,12,24,9,16,0,12,1,8,22,34,14.88,15,37,4,15,9,14,0,5,0,3,18,22
D.J. Jeffries,Memphis,2019-20,20.0,38,71,8,19,14,17,2,6,17,7,33,13,14.73,42,85,8,21,11,16,4,8,4,11,27,19
D.J. Leeks,,2019-20,0.0,0,0,0,0,0,0,0,0,0,0,0,0,0.0,0,0,0,0,0,0,0,1,0,0,1,1
D.J. Mitchell,Hartford,2019-20,20.0,23,61,15,37,2,2,0,9,0,5,19,8,17.95,26,66,18,49,11,14,0,13,1,4,20,8
D.J. Myers,Western Carolina,2019-20,20.0,0,1,0,1,0,0,0,0,0,1,2,0,20.0,0,0,0,0,0,0,0,0,1,0,0,1
D.J. Robertson,Florida Atlantic,2019-20,19.97,7,29,2,14,2,7,0,4,1,4,12,7,20.0,9,24,1,10,8,9,0,3,0,3,6,7
D.J. Stewart,,2019-20,8.98,2,3,0,0,0,0,0,3,0,0,1,1,0.0,2,3,0,0,0,1,0,0,0,0,1,1
D.J. Stewart Jr.,Mississippi State,2019-20,20.0,40,95,8,38,11,16,4,14,3,1,33,16,20.0,52,101,18,36,28,39,1,12,4,6,33,24
D.J. Thorpe,California,2019-20,20.0,5,11,0,1,2,7,0,4,6,5,16,8,20.0,4,10,0,0,4,10,0,0,2,6,6,2
D.J. Walter,Oklahoma Christian,2019-20,20.0,1,3,0,2,0,0,0,0,0,0,0,1,14.88,0,2,0,2,0,0,0,1,0,1,0,1
D.J. Wilkins,Drake,2019-20,20.0,46,128,24,72,13,14,1,11,0,5,39,37,15.35,51,134,21,68,34,42,0,10,1,8,40,22
D.J. Williams,DePaul,2019-20,0.0,3,10,0,2,0,0,1,0,0,1,4,0,17.5,6,12,0,3,0,2,0,2,0,3,4,0
D.W. Lewis,Trinity Baptist,2019-20,20.0,2,9,0,3,0,0,0,0,1,1,2,2,14.93,0,8,0,2,0,0,0,1,0,1,0,2
DJ Bradsher,Pfeiffer,2019-20,20.0,0,0,0,0,0,0,2,0,0,0,0,0,14.97,0,0,0,0,0,0,2,0,0,0,0,0
DJ Brooks,North Greenville,2019-20,20.0,3,11,1,6,5,6,2,0,0,0,2,4,14.83,4,10,1,2,0,0,2,1,0,1,2,2
DJ Burns,Winthrop,2019-20,0.0,0,0,0,0,0,0,20,0,0,0,0,0,20.0,0,0,0,0,0,0,20,0,0,0,0,0
DJ Bustos,New Mexico Highlands,2019-20,0.0,0,0,0,0,0,0,0,0,0,0,0,0,16.6,0,0,0,0,0,0,1,0,0,0,0,0
DJ Carton,Ohio State,2019-20,20.0,0,0,0,0,0,0,14,0,0,0,0,0,20.0,0,0,0,0,0,0,14,0,0,0,0,0
DJ Draper,North Texas,2019-20,20.0,21,46,21,44,0,0,12,14,1,1,15,5,20.0,20,41,19,37,3,6,6,5,1,2,11,8
DJ Funderburk,NC State,2019-20,20.0,72,123,1,13,33,48,5,15,11,32,61,28,20.0,63,100,2,5,60,72,3,11,11,37,45,12
DJ Heath,Alabama State,2019-20,0.0,0,0,0,0,0,0,30,0,0,0,0,0,14.88,0,0,0,0,0,0,30,0,0,0,0,0
DJ Horne,Illinois State,2019-20,0.0,46,114,20,58,7,9,20,12,0,2,42,26,20.0,47,95,21,46,15,20,21,8,0,3,40,18
DJ Jeffries,Memphis,2019-20,20.0,0,0,0,0,0,0,9,0,0,0,0,0,14.73,0,0,0,0,0,0,13,0,0,0,0,0
DJ Jones,Florida A&M,2019-20,20.0,36,78,0,1,2,4,7,8,11,22,33,22,14.58,16,54,0,0,3,9,5,9,9,14,24,6
DJ Lujan,Midway,2019-20,20.0,0,0,0,0,0,0,1,0,0,0,0,0,14.88,0,0,0,0,0,0,0,0,0,0,0,0
DJ McDonald,UC Riverside,2019-20,20.0,11,30,9,26,6,7,5,2,1,0,10,5,18.43,11,27,10,25,7,8,5,5,0,0,3,2
DJ Mitchell,Hartford,2019-20,0.0,61,112,16,39,23,32,42,8,7,12,76,27,17.95,58,131,14,40,49,64,34,10,6,12,72,22
DJ Robertson,Florida Atlantic,2019-20,19.97,0,0,0,0,0,0,14,0,0,0,0,0,20.0,0,0,0,0,0,0,14,0,0,0,0,0
DJ Rodman,Washington State,2019-20,20.0,5,21,4,16,0,0,4,2,0,2,17,3,15.05,7,27,5,18,3,5,1,2,0,13,8,4
DJ Russell,Robert Morris,2019-20,20.0,3,9,0,0,4,7,0,0,1,2,7,1,20.0,4,12,0,0,0,3,1,0,1,3,2,1
DJ Stewart,Mississippi State,2019-20,20.0,0,0,0,0,0,0,2,0,0,0,0,0,20.0,0,0,0,0,0,0,0,0,0,0,0,0
DJ Stewart Jr,Mississippi State,2019-20,0.0,0,0,0,0,0,0,18,0,0,0,0,0,20.0,0,0,0,0,0,0,19,0,0,0,0,0
DJ Wilkins,Drake,2019-20,20.0,0,0,0,0,0,0,38,0,0,0,0,0,15.35,0,0,0,0,0,0,28,0,0,0,0,0
DQ Nicholas,SE Missouri St,2019-20,20.0,31,85,8,27,23,30,20,9,3,2,35,25,17.82,36,90,9,32,34,49,27,12,2,5,29,22
DW Lewis,Trinity Baptist,2019-20,0.0,0,0,0,0,0,0,1,0,0,0,0,0,14.98,0,0,0,0,0,0,1,0,0,0,0,0
Da'Juonta Ross,Blue Mountain College,2019-20,20.0,3,5,0,0,0,0,1,0,0,1,3,3,14.77,0,1,0,0,2,2,0,0,0,0,0,1
Da'Monte Williams,Illinois,2019-20,15.0,19,45,11,28,7,9,22,9,9,4,51,8,20.0,7,27,2,16,10,17,18,12,2,11,44,13
Da'Rell Domineck,Pikeville,2019-20,20.0,2,3,0,0,0,0,0,0,0,0,0,0,14.68,0,2,0,0,1,3,2,0,0,1,0,0
Da'Shawn Phillip,Maryland-Eastern Shore,2019-20,20.0,34,119,15,67,6,10,16,23,10,11,31,20,14.78,33,105,17,71,15,24,8,19,15,8,28,12
DaJuan Gordon,Kansas State,2019-20,20.0,37,80,11,35,12,19,14,20,2,26,28,19,17.83,29,72,8,27,7,11,5,10,2,21,22,21
DaQuan Bracey,Louisiana Tech,2019-20,20.0,77,160,29,64,19,33,50,10,3,7,26,30,14.82,60,128,21,48,17,37,35,21,0,4,19,24
DaQuan Smith,Murray State,2019-20,20.0,42,116,25,70,4,6,48,9,2,3,39,32,15.83,32,85,15,46,8,13,35,10,2,4,34,19
Dachon Burke Jr,Nebraska,2019-20,10.0,0,0,0,0,0,0,17,0,0,0,0,0,20.0,0,0,0,0,0,0,12,0,0,0,0,0
Dachon Burke Jr.,Nebraska,2019-20,20.0,69,174,16,55,16,27,1,21,9,16,37,23,18.43,55,134,15,47,24,40,1,14,7,8,22,15
Dadou Traore,UL Monroe,2019-20,20.0,2,5,0,0,0,0,0,0,9,2,13,1,20.0,2,3,0,0,0,2,0,0,6,5,8,2
Dae Dae Grant,Miami (OH),2019-20,20.0,59,150,26,57,14,19,31,10,1,15,39,24,20.0,43,128,10,50,34,52,26,6,1,15,25,24
Daejon Davis,Stanford,2019-20,20.0,46,120,11,36,16,25,60,30,4,8,41,40,16.37,50,109,13,38,17,29,49,19,7,4,40,39
Daejour Adderley,Saint Thomas Univers,2019-20,0.0,0,0,0,0,0,0,0,1,0,0,1,2,14.98,0,0,0,0,0,0,1,0,0,0,1,1
Daekwon Cubit,Randall University,2019-20,20.0,0,1,0,0,0,0,1,0,0,0,3,1,14.98,1,1,0,0,0,0,0,3,0,1,2,0
Daelyon Clark,SAGU American Indian College,2019-20,20.0,0,1,0,1,0,0,0,0,0,0,0,1,14.87,0,0,0,0,0,0,0,0,0,0,0,0
Daeqwon Plowden,Bowling Green,2019-20,20.0,69,140,17,43,28,36,11,13,7,36,69,18,15.38,66,149,16,54,30,33,12,13,12,41,102,27
Dahmir Bishop,Xavier,2019-20,20.0,2,15,1,12,1,4,3,0,0,0,13,3,17.95,2,8,1,3,2,4,2,1,0,3,7,2
Dainan Swoope,Sam Houston State,2019-20,20.0,23,78,14,49,6,11,42,11,0,2,30,17,20.0,35,84,21,57,23,27,34,14,2,4,21,23
Daivien Williamson,East Tennessee State,2019-20,20.0,66,122,18,46,34,40,45,10,2,2,30,42,14.97,48,119,18,53,24,31,38,14,0,4,27,24
Dajour Dickens,Old Dominion,2019-20,20.0,7,21,0,1,5,6,0,4,9,5,17,13,20.0,8,19,0,0,4,6,0,2,8,4,13,6
Dajuan Gordon,Kansas State,2019-20,0.0,0,2,0,1,0,0,0,2,0,1,0,4,18.32,4,4,2,2,0,0,3,2,0,1,2,1
Dajuan Jones,Sam Houston State,2019-20,20.0,9,29,3,17,8,11,21,10,1,1,11,14,20.0,8,21,2,7,17,19,22,6,1,2,15,14
Dajuan Madden,Prairie View A&M,2019-20,20.0,5,16,0,5,2,7,26,9,0,6,19,15,14.53,7,14,0,1,7,15,14,6,2,6,12,17
Dakota Bennington,Eureka College,2019-20,20.0,5,8,1,2,2,2,1,2,0,0,2,0,14.97,3,11,0,3,3,4,0,0,0,1,0,0
Dakota Jennings,Coker,2019-20,20.0,1,2,0,0,1,2,2,0,2,0,4,2,17.92,0,0,0,0,0,0,0,0,0,0,0,0
Dakota Rivers,Florida Gulf Coast,2019-20,0.0,20,37,3,11,9,17,1,0,17,9,26,8,16.05,22,42,2,13,14,19,3,3,18,10,20,14
Dakota Smith,Centenary,2019-20,0.0,0,0,0,0,0,0,0,1,0,0,0,1,14.92,2,2,0,0,1,1,0,1,0,1,2,1
Dale Bonner,Fairmont State,2019-20,20.0,2,7,0,1,0,0,2,2,0,1,0,2,14.8,2,6,0,1,2,2,0,1,0,1,4,1
Dalen Dotson,William Carey,2019-20,20.0,2,6,1,3,0,0,1,0,0,0,0,0,17.92,2,3,0,0,2,2,1,0,0,0,2,0
Dalin Williams,Northwestern State,2019-20,20.0,5,7,0,0,1,4,2,2,3,2,9,8,14.92,4,6,0,0,0,1,1,0,0,6,2,2
Dallas Christian,,2019-20,0.0,0,0,0,0,0,0,0,0,0,1,2,0,0.0,0,0,0,0,0,0,0,0,0,1,0,0
Dallas Marshall,Washington College (MD),2019-20,20.0,0,3,0,1,0,0,0,0,0,2,1,1,14.58,0,0,0,0,0,0,0,0,0,0,1,0
Dallas Morgan,Central Michigan,2019-20,20.0,66,176,35,105,10,15,19,12,1,10,41,21,14.87,71,173,31,99,32,44,13,14,0,7,37,26
Dallas Walton,Colorado,2019-20,20.0,9,23,1,3,6,8,7,4,4,6,10,6,17.65,3,10,1,3,2,2,3,0,1,5,6,2
Dallas Watson,Saint Peter's,2019-20,20.0,20,55,3,23,6,8,10,2,2,3,15,9,14.88,11,41,3,13,6,8,8,4,0,6,11,18
Dalonte Brown,Miami (OH),2019-20,20.0,52,123,16,50,28,37,7,13,10,23,57,18,20.0,38,98,9,35,31,36,10,3,3,18,42,13
Dalton Conn,Tennessee Wesleyan,2019-20,0.0,0,0,0,0,0,0,0,0,0,0,0,0,14.77,0,1,0,0,0,0,0,0,0,1,0,0
Dalton Davis,Franciscan University,2019-20,20.0,0,1,0,1,0,0,0,0,0,0,0,1,14.87,0,0,0,0,1,2,0,0,0,0,0,1
Dalton Dubois,Anderson (IN),2019-20,20.0,1,2,0,0,2,4,2,0,2,1,3,0,14.88,5,6,0,0,1,1,0,0,0,0,0,0
Dalton Meeler,,2019-20,0.0,0,0,0,0,0,0,0,0,1,0,1,1,0.0,0,0,0,0,0,0,0,0,0,0,0,0
Dalton Nixon,BYU,2019-20,20.0,38,81,13,31,7,11,17,10,1,12,47,15,17.67,36,67,10,29,15,24,20,8,9,13,41,12
Dalton Smith,Benedictine (AZ),2019-20,0.0,0,0,0,0,0,0,0,0,0,0,0,0,14.88,0,0,0,0,2,2,0,0,0,0,0,0
Dalton Smyres,Bethany College,2019-20,20.0,3,5,2,4,4,4,0,0,0,0,0,0,14.77,0,3,0,2,0,1,2,2,0,1,1,3
Dalvin White,South Carolina Upstate,2019-20,20.0,29,74,16,44,8,11,46,11,0,1,19,17,15.33,24,70,13,41,17,26,43,9,0,2,17,12
Dalyn Mumphrey,Jarvis Christian,2019-20,0.0,0,0,0,0,0,0,0,0,0,0,0,0,14.53,0,0,0,0,2,4,1,0,0,1,0,0
Damaas Robbins,Westcliff,2019-20,20.0,1,4,0,1,1,2,0,1,0,0,3,1,14.8,1,4,1,2,0,0,0,0,0,1,0,2
Damani Applewhite,South Carolina State,2019-20,20.0,26,54,0,0,17,23,7,7,2,10,29,7,14.73,29,58,0,0,32,41,2,3,2,22,26,11
Damani McEntire,Southern Utah,2019-20,0.0,3,4,0,1,2,4,1,5,1,2,4,2,14.53,2,6,0,1,0,0,9,9,1,3,5,2
Damani Thomas,Niagara,2019-20,20.0,4,7,3,4,0,0,4,3,0,3,8,2,20.0,3,5,1,2,1,3,2,4,0,1,4,1
Damarius Brooks,Mid-America Christian,2019-20,20.0,1,1,0,0,1,1,0,0,0,0,1,0,14.8,1,2,0,1,1,2,1,0,0,0,0,0
Damecko Johnson,Hendrix College,2019-20,0.0,0,0,0,0,0,0,0,0,0,0,0,0,15.55,0,1,0,1,0,0,0,0,0,0,1,1
Damen Thacker,Idaho,2019-20,0.0,23,56,7,22,11,11,20,4,0,0,21,26,20.0,27,66,11,26,4,6,12,10,0,4,32,18
Damerit Brown,Flagler,2019-20,19.97,1,3,0,2,0,0,0,0,0,0,1,3,20.0,1,2,1,2,0,0,0,0,0,0,1,0
Damezi Anderson,Indiana,2019-20,20.0,12,29,6,20,4,4,6,1,1,6,13,7,14.92,4,21,2,15,5,6,7,2,2,3,8,5
Damian Baugh,Memphis,2019-20,20.0,3,3,2,2,0,0,6,1,0,0,1,0,14.73,0,1,0,1,0,2,6,1,1,1,1,3
Damian Chong Qui,Mt. St. Mary's,2019-20,20.0,41,118,16,49,25,32,61,18,3,5,54,31,18.9,58,135,17,42,84,98,55,12,0,5,43,23
Damian Dunn,Temple,2019-20,20.0,0,2,0,1,1,2,0,0,0,2,1,1,14.87,0,0,0,0,0,0,0,0,0,1,0,1
Damian Forrest,Michigan Dearborn,2019-20,20.0,2,2,0,0,0,0,0,0,0,0,0,2,17.88,2,5,0,0,0,0,0,0,2,1,2,0
Damian Prgomet,Southwest Baptist,2019-20,20.0,1,6,1,2,0,0,2,0,0,1,4,0,18.18,1,1,0,0,0,0,1,0,0,0,1,0
Damien Daniels,Abilene Christian,2019-20,19.32,21,57,5,28,4,4,38,7,0,7,22,20,20.0,20,58,5,24,17,23,37,23,0,5,19,20
Damien Jefferson,Creighton,2019-20,20.0,52,100,5,23,11,14,20,5,1,20,44,15,20.0,52,86,3,10,17,27,13,8,4,23,48,12
Damien King,Westcliff,2019-20,20.0,1,5,1,4,0,0,0,0,1,0,5,1,14.8,1,3,1,2,0,0,0,1,0,1,2,0
Damien Sears,St. John's,2019-20,20.0,6,16,0,0,1,6,4,8,2,5,24,7,14.68,6,15,0,0,8,16,4,5,1,7,12,6
Damion Baugh,Memphis,2019-20,20.0,24,55,0,6,14,24,37,18,1,17,38,38,20.0,21,51,3,7,7,14,36,14,5,7,40,24
Damion Moore,Temple,2019-20,20.0,11,27,0,0,4,7,3,0,8,12,15,9,20.0,4,7,0,0,1,2,2,1,1,5,9,1
Damion Rosser,New Orleans,2019-20,20.0,23,41,0,2,2,5,10,7,2,4,9,6,14.87,11,26,1,5,8,11,16,5,3,4,9,5
Damion Squire,UC Davis,2019-20,20.0,16,54,9,22,22,28,19,7,7,6,30,14,14.75,21,56,6,19,37,52,22,7,2,4,27,27
Damione Thomas,Northern New Mexico,2019-20,20.0,1,4,0,2,0,0,0,0,1,1,1,2,14.68,1,2,0,1,0,0,0,0,0,1,2,1
Damir Hadzic,Flagler,2019-20,19.97,0,1,0,0,0,0,1,0,0,1,2,2,20.0,3,5,0,2,0,0,1,0,0,0,2,2
Damiree Burns,Southern,2019-20,0.0,28,62,0,1,21,24,8,11,2,18,23,18,15.83,31,56,1,2,23,36,10,7,4,19,32,6
Damon Denteh,Lyndon State College,2019-20,20.0,2,6,2,3,4,4,2,0,0,0,0,0,14.65,2,4,2,3,0,0,0,0,0,0,0,0
Damon Johnson,Shenandoah,2019-20,0.0,0,0,0,0,0,0,0,0,0,0,0,0,14.7,0,2,0,1,0,0,0,0,0,0,0,0
Damon McDowell,NC Wesleyan,2019-20,20.0,3,6,2,4,0,0,1,0,0,0,1,1,14.97,2,3,0,0,0,0,0,1,0,0,0,1
Damon Wilson,Georgia State,2019-20,20.0,53,145,16,55,22,28,47,21,5,9,64,40,14.9,54,124,25,63,47,67,27,12,1,7,72,36
Damontae Barnhill,Brescia,2019-20,20.0,0,3,0,1,2,2,2,0,0,0,0,1,14.97,0,3,0,1,0,0,0,1,0,1,1,1
Dan Draffan,Connecticut College,2019-20,20.0,1,4,0,1,0,0,1,1,0,2,3,1,14.67,2,3,0,0,0,0,0,0,0,0,1,0
Dan Everhart,Siena Heights,2019-20,20.0,3,7,0,3,0,0,1,0,0,0,2,2,14.9,0,0,0,0,0,0,2,0,0,0,0,4
Dan Fotu,Saint Mary's,2019-20,0.0,38,55,0,1,11,17,11,8,3,19,32,7,18.78,36,63,0,1,18,28,8,7,5,13,35,16
Dan Friday,Brown,2019-20,20.0,16,48,4,7,9,13,12,2,8,5,13,14,20.0,16,41,2,8,13,20,8,4,3,2,16,18
Dan Largey,Palm Beach Atlantic,2019-20,20.0,1,4,0,2,1,1,2,0,0,1,1,1,20.0,5,6,2,3,1,2,0,0,0,0,2,2
Dan Petcash,Binghamton,2019-20,0.0,14,29,7,21,2,2,5,2,1,3,21,6,17.92,10,20,6,14,10,10,5,2,1,1,8,5
Dan Pilsbury,MIT,2019-20,20.0,1,5,0,2,0,1,1,2,0,1,2,4,14.62,1,1,0,0,1,2,0,0,0,0,1,0
Dan Ritter,,2019-20,1.58,0,2,0,1,0,0,0,0,1,0,0,0,0.0,2,4,0,0,1,1,0,0,1,2,3,2
Dana Tate,Rhode Island,2019-20,20.0,8,20,0,6,1,3,4,4,2,0,7,10,16.92,4,9,1,5,0,1,3,0,0,2,6,2
Danario Edgar II,Prairie View A&M,2019-20,20.0,0,0,0,0,0,0,1,0,0,0,0,0,20.0,0,0,0,0,0,0,0,0,0,0,0,0
Dandrick Green,Southern-New Orleans,2019-20,20.0,4,15,1,3,0,0,4,1,0,1,6,11,15.27,4,10,0,1,2,2,6,2,0,0,2,7
Dane Goodwin,Notre Dame,2019-20,20.0,52,122,24,58,17,21,15,4,2,12,49,11,20.0,62,132,25,63,22,27,15,9,2,12,36,12
Dane Quest,Tennessee Tech,2019-20,20.0,7,22,0,5,2,2,3,4,1,3,14,11,14.73,4,16,2,8,5,9,3,4,2,5,13,8
Dane Schlafley,Olivet Nazarene,2019-20,20.0,0,4,0,1,3,4,3,0,1,1,3,0,20.0,2,4,2,3,4,4,2,1,0,1,1,0
Daniel Akin,UMBC,2019-20,20.0,31,59,0,0,11,32,6,5,4,23,59,25,14.83,34,61,0,0,22,51,5,9,11,24,47,14
Daniel Banister,Hampton,2019-20,20.0,2,9,2,5,0,2,1,2,1,1,6,2,17.63,1,2,0,1,3,7,0,0,1,1,3,0
Daniel Bannister,Hampton,2019-20,20.0,1,3,1,3,0,0,3,2,0,1,2,0,14.88,1,6,1,2,0,0,0,2,2,3,2,0
Daniel Brown,Washington College (MD),2019-20,20.0,3,5,0,0,0,0,0,1,0,0,3,0,14.58,5,5,2,2,0,0,0,0,1,0,2,0
Daniel Burford,Cornell College,2019-20,20.0,0,0,0,0,0,0,1,0,0,0,1,1,14.87,0,0,0,0,0,0,2,0,0,0,1,0
Daniel Cabassa,Williams Baptist,2019-20,20.0,2,4,0,1,4,4,0,0,1,3,1,1,14.83,1,1,1,1,0,0,1,0,0,0,0,1
Daniel Cooper,Middle Georgia State,2019-20,20.0,2,7,0,3,1,2,1,0,0,2,0,3,19.47,0,3,0,1,0,0,1,0,0,3,1,0
Daniel Deaver,Navy,2019-20,15.0,15,30,4,7,10,14,2,3,2,7,13,4,20.0,7,28,0,6,10,12,8,2,1,8,13,3
Daniel Fuller,Bob Jones University,2019-20,20.0,1,3,1,2,1,2,3,0,0,0,0,0,15.25,2,5,2,5,2,2,1,0,0,0,1,1
Daniel Giannosa,Portland State,2019-20,20.0,2,2,0,0,1,2,0,0,0,2,1,0,14.88,0,0,0,0,0,0,0,0,0,0,1,0
Daniel Giddens,Vermont,2019-20,20.0,26,44,0,0,7,10,10,3,11,13,29,16,20.0,11,19,0,0,5,13,3,2,7,14,32,11
Daniel Love,Mercer,2019-20,20.0,29,76,2,15,8,13,22,16,1,11,41,25,14.95,25,59,8,15,10,15,20,12,2,13,23,20
Daniel Mading,UC Riverside,2019-20,20.0,3,18,2,16,4,5,2,0,0,1,15,5,19.27,3,10,3,9,1,2,1,0,0,2,8,3
Daniel Melifonwu,Hawaii Pacific,2019-20,0.0,0,0,0,0,0,0,0,0,0,0,0,1,17.92,3,7,0,0,1,1,0,0,5,4,2,0
Daniel Merrius,Thomas (GA),2019-20,20.0,1,5,0,2,2,2,0,0,0,1,1,1,14.78,0,1,0,0,0,0,0,0,0,0,0,0
Daniel Oladapo,Oakland,2019-20,20.0,51,97,0,1,29,50,20,8,4,48,56,31,14.93,34,60,0,1,31,54,17,8,2,22,46,17
Daniel Oturu,Minnesota,2019-20,20.0,115,199,7,22,35,52,16,5,34,53,98,31,14.98,95,176,8,23,74,105,14,10,34,48,99,49
Daniel Plumer,Willamette,2019-20,20.0,0,3,0,2,0,0,1,0,0,0,2,2,14.98,0,6,0,4,0,0,0,1,0,0,0,1
Daniel Rodriguez,Fairleigh Dickinson,2019-20,20.0,5,15,0,2,0,0,1,1,1,8,5,3,19.57,6,11,0,1,0,1,0,0,0,5,2,1
Daniel Sackey,Valparaiso,2019-20,20.0,36,96,17,40,19,28,53,18,1,6,30,26,20.0,32,80,7,30,24,31,62,14,0,5,33,38
Daniel Sanders,,2019-20,0.0,0,0,0,0,0,0,0,0,0,0,0,0,0.0,0,0,0,0,0,0,0,0,0,0,0,1
Daniel Soetan,Illinois-Springfield,2019-20,20.0,1,5,0,2,0,0,1,2,0,1,0,0,17.85,1,6,0,1,4,4,1,0,2,3,1,2
Daniel Utomi,USC,2019-20,20.0,33,85,20,55,17,21,11,2,3,8,48,22,14.58,39,88,18,55,24,35,11,6,2,12,37,14
Daniel Venzant,CSU Fullerton,2019-20,20.0,6,13,3,4,4,7,4,7,1,0,5,10,17.67,14,24,4,9,8,12,17,4,1,7,8,6
Daniel Zach,Shorter,2019-20,20.0,0,1,0,1,0,0,0,0,0,0,0,0,14.85,1,3,1,2,0,0,0,0,0,1,0,1
Danilo Djuricic,Harvard,2019-20,20.0,24,60,9,32,9,12,5,3,3,19,34,6,14.62,26,56,11,28,15,17,11,1,7,18,43,8
Daniss Jenkins,Pacific,2019-20,20.0,33,103,11,37,9,14,19,8,3,0,10,18,19.57,25,69,2,18,17,20,17,6,9,3,12,10
Danjel Purifoy,Auburn,2019-20,20.0,37,103,21,76,14,17,21,17,3,17,46,14,20.0,42,97,21,57,23,28,20,7,5,19,43,14
Danny Ampofo,Johnson & Wales (RI),2019-20,20.0,0,11,0,6,2,3,1,2,0,1,1,3,14.8,2,6,1,2,0,0,1,0,0,1,1,0
Danny Delsol-Lowry,SUNY Potsdam,2019-20,20.0,0,5,0,3,4,4,2,3,0,0,4,1,15.83,2,5,0,1,1,1,0,0,0,0,2,1
Danny Dixon,NC State,2019-20,15.0,5,10,0,0,2,3,2,1,0,2,6,1,20.0,3,6,0,0,0,1,1,0,0,3,4,1
Danny Duffey,Gettysburg,2019-20,20.0,1,3,0,1,0,0,2,0,0,0,0,1,17.9,1,3,1,1,0,0,0,0,0,0,1,0
Danny Hummer,Ohio State,2019-20,0.0,1,1,0,0,0,0,1,1,0,0,0,1,14.83,1,1,1,1,0,0,2,0,0,1,0,0
Danny Lewis,Kennesaw State,2019-20,20.0,7,22,2,10,1,1,2,2,0,0,4,5,15.35,3,11,1,5,0,0,0,0,0,0,3,2
Danny Nelson,Evergreen State,2019-20,20.0,2,5,1,4,0,0,0,1,0,0,2,0,20.0,3,8,2,5,0,0,0,1,0,0,2,0
Danny Pippen,Kent State,2019-20,20.0,66,167,29,94,25,37,27,6,22,24,74,32,14.98,58,134,23,65,69,84,22,5,23,26,82,37
Danny Reidell,,2019-20,0.0,0,0,0,0,0,0,0,0,0,0,1,2,0.0,0,0,0,0,0,0,0,0,0,0,0,0
Dantai St. Louis,Canisius,2019-20,20.0,6,11,0,0,5,5,0,0,0,7,7,4,20.0,1,3,0,0,0,0,0,1,0,1,3,3
Dante Lanzetta,Bryn Athyn,2019-20,20.0,3,3,0,0,0,0,0,0,0,0,0,1,15.02,0,2,0,0,0,0,0,1,1,1,0,0
Dante Spina,,2019-20,0.0,0,0,0,0,0,0,0,0,0,0,1,0,0.0,0,0,0,0,0,0,0,0,0,0,0,1
Dante Sterns,Paul Quinn,2019-20,0.0,0,0,0,0,0,0,0,0,0,0,0,0,14.82,0,2,0,1,0,0,0,0,0,0,1,0
Dante Treacy,Robert Morris,2019-20,20.0,49,115,18,50,8,12,76,18,1,7,41,36,20.0,59,114,18,39,30,43,67,24,2,6,32,29
Dante Viskovich,SUNY Potsdam,2019-20,20.0,0,3,0,0,0,0,0,0,0,1,1,0,15.83,1,3,1,2,0,0,0,1,0,0,0,0
Dante Wilcox,Florida International,2019-20,0.0,0,0,0,0,1,3,0,0,1,2,1,0,20.0,1,2,0,0,0,0,0,0,0,0,1,2
Dantez Walton,Northern Kentucky,2019-20,20.0,54,135,18,68,13,22,21,14,5,17,56,21,14.87,63,128,29,67,33,45,18,15,9,22,57,12
Danya Kingsby,Bradley,2019-20,20.0,48,108,10,26,15,19,25,11,2,5,37,25,14.92,30,78,6,21,18,27,30,7,5,5,30,22
Daouda N'Diaye,Southern Utah,2019-20,0.0,6,18,0,0,2,5,2,1,15,8,23,4,20.0,4,9,0,0,3,5,0,2,9,4,22,6
Dardan Kapiti,Florida Atlantic,2019-20,19.97,12,15,0,0,1,1,0,1,1,8,4,1,20.0,4,8,0,2,1,1,1,1,2,2,5,1
Darhius Nunn,Palm Beach Atlantic,2019-20,20.0,1,4,1,4,2,3,3,0,0,1,0,1,20.0,3,3,1,1,2,2,4,1,0,0,1,1
Darian Adams,Troy,2019-20,20.0,47,137,31,91,18,20,42,12,4,12,41,34,20.0,51,138,25,70,27,34,35,10,1,15,38,31
Darian Gibson,Texas A&M-International,2019-20,20.0,2,3,0,0,0,0,0,1,0,1,0,1,14.93,0,1,0,0,0,0,0,0,0,0,0,0
Darian Porch,IU-Kokomo,2019-20,20.0,0,1,0,1,0,0,0,0,0,0,1,0,17.57,0,1,0,1,0,0,1,1,0,1,1,0
Darian Scott,Missouri State,2019-20,20.0,0,4,0,0,4,7,0,0,0,3,3,2,20.0,1,2,0,0,0,0,0,0,2,3,1,1
Darien Jackson,Tulsa,2019-20,20.0,34,73,3,18,12,23,26,11,0,20,17,19,17.77,43,78,7,14,23,35,32,21,4,15,31,14
Darin Green Jr,UCF,2019-20,20.0,0,0,0,0,0,0,9,0,0,0,0,0,20.0,0,0,0,0,0,0,1,0,0,0,0,0
Darin Green Jr.,UCF,2019-20,0.0,49,116,32,83,5,7,1,8,0,9,15,12,20.0,51,107,33,73,19,22,3,9,4,18,12,14
Dario Milojevic,Mississippi Valley State,2019-20,20.0,0,7,0,1,2,2,2,1,0,7,7,2,14.98,0,3,0,1,0,0,0,0,1,1,2,1
Darion Binion,North Park,2019-20,20.0,0,1,0,0,0,0,1,0,0,1,0,0,19.65,0,1,0,0,2,2,0,0,0,1,1,0
Darion Jordan-Thomas,Wagner,2019-20,20.0,14,21,0,0,6,7,0,2,1,11,15,1,14.98,10,17,0,0,5,11,3,3,3,10,13,2
Darion Spottsville,Eastern Michigan,2019-20,20.0,23,44,0,3,14,31,41,20,0,11,22,36,14.9,26,56,0,2,15,29,32,14,0,9,26,25
Darious Hall,DePaul,2019-20,20.0,19,55,1,5,20,35,11,6,1,18,51,23,14.98,27,67,0,9,25,44,8,11,4,17,42,18
Darius Allen,Tennessee Tech,2019-20,20.0,46,144,28,100,10,14,12,12,10,16,50,18,18.85,45,110,27,81,4,13,7,15,8,20,38,17
Darius Banks,James Madison,2019-20,20.0,59,156,35,92,17,22,36,26,5,15,48,34,20.0,44,124,22,74,47,55,19,14,2,16,49,18
Darius Beane,Northern Illinois,2019-20,20.0,33,80,8,19,21,27,22,10,3,17,24,14,19.28,25,63,7,24,23,32,17,8,2,19,24,19
Darius Brown II,CSU Northridge,2019-20,20.0,58,135,19,45,14,18,55,20,1,20,45,23,16.42,53,104,13,38,29,39,64,13,0,13,37,19
Darius Curry,Mobile,2019-20,20.0,0,4,0,1,0,0,0,0,0,1,2,4,20.0,1,3,0,0,0,0,0,0,0,1,0,2
Darius Days,LSU,2019-20,20.0,70,146,28,82,21,29,11,7,4,38,75,15,19.83,54,110,11,50,34,41,14,11,6,40,57,16
Darius Dorsey,St. Louis,2019-20,20.0,2,9,1,4,0,0,0,3,0,0,0,1,14.88,0,2,0,1,0,0,0,0,0,0,0,0
Darius George,Marshall,2019-20,20.0,35,62,9,25,14,24,5,14,4,20,42,12,20.0,26,56,6,26,8,15,4,9,10,12,31,10
Darius Harrison,New Mexico Highlands,2019-20,0.0,0,0,0,0,0,0,0,1,0,0,1,1,16.6,1,2,0,0,0,0,0,0,0,0,0,0
Darius Henderson,UMass Lowell,2019-20,20.0,8,13,1,1,2,3,1,0,2,3,7,3,18.8,4,10,0,1,0,0,3,0,1,1,9,4
Darius Hicks,Eastern Kentucky,2019-20,20.0,19,51,0,1,10,25,7,4,4,12,31,19,18.12,17,38,0,1,14,28,5,5,8,16,22,10
Darius Hines,Marist,2019-20,20.0,0,8,0,1,0,0,6,1,0,0,1,4,20.0,0,4,0,1,0,0,6,1,0,0,4,2
Darius Jackson,Misericordia,2019-20,20.0,0,1,0,0,1,2,0,0,0,0,2,0,17.58,0,0,0,0,0,0,0,0,0,0,0,0
Darius Jones,,2019-20,2.67,2,9,0,1,0,0,0,1,1,3,4,5,0.0,1,3,0,2,0,0,1,0,1,0,2,0
Darius Madkin,SW Christian Univ,2019-20,20.0,1,6,1,4,0,0,1,0,0,1,1,1,14.77,0,0,0,0,0,0,0,0,0,0,0,0
Darius McGhee,Liberty,2019-20,20.0,53,128,37,95,6,6,27,15,0,3,63,16,20.0,43,91,22,59,18,23,26,13,1,3,45,16
Darius Perry,Louisville,2019-20,20.0,34,88,17,40,3,4,35,10,0,0,18,26,14.87,25,63,11,31,8,9,41,5,0,2,24,16
Darius Quisenberry,Youngstown St,2019-20,20.0,67,184,22,74,34,47,61,22,1,6,52,42,16.87,102,219,25,74,77,95,67,22,1,6,49,50
Darius Rhodes,Pfeiffer,2019-20,20.0,0,1,0,0,0,0,0,0,0,0,0,0,14.97,0,0,0,0,0,0,0,0,0,0,0,0
Darius Roy,Milwaukee,2019-20,16.3,62,168,28,75,36,45,42,22,0,9,44,35,20.0,76,185,27,83,56,66,33,18,5,9,48,24
Darius Sawyer,Eastern New Mexico,2019-20,20.0,2,5,0,0,2,4,2,1,0,2,1,3,15.18,1,3,0,1,1,2,0,0,0,1,1,1
Darius Scott,,2019-20,7.23,1,6,0,3,2,3,0,0,1,0,4,0,0.0,1,3,0,0,2,2,0,0,0,1,2,1
Darius Williams,Prairie View A&M,2019-20,20.0,60,161,15,53,52,73,32,21,9,22,70,39,14.53,75,168,15,52,53,80,27,21,9,32,48,43
Darnell Brodie,Seton Hall,2019-20,20.0,0,1,0,0,0,0,0,1,0,1,0,1,14.8,0,0,0,0,0,0,0,0,0,0,0,0
Darnell Cowart,Murray State,2019-20,20.0,12,27,0,1,11,15,6,2,4,2,11,8,15.83,10,22,0,0,9,13,1,0,0,4,9,4
Darnell Johnson,CSU San Bernardino,2019-20,20.0,0,1,0,1,0,0,1,1,0,0,1,3,14.98,0,0,0,0,0,0,0,0,0,0,0,2
Darnell Rogers,UMBC,2019-20,20.0,16,37,10,26,1,3,20,1,0,3,11,12,14.83,16,36,8,18,12,16,8,4,0,3,7,8
Daron Henson,Washington State,2019-20,20.0,6,15,4,11,0,2,0,0,0,2,3,2,14.8,6,14,6,12,0,2,0,0,0,1,2,1
Darraja Parnell,Rogers State,2019-20,20.0,1,1,0,0,0,0,1,1,0,0,0,0,19.15,1,2,0,0,0,0,1,1,0,0,2,0
Darrell Brown,Bradley,2019-20,20.0,64,176,20,68,34,47,68,12,1,5,28,34,14.92,67,190,21,68,85,104,72,13,0,7,34,29
Darrell Collins,Goucher,2019-20,20.0,0,6,0,2,3,5,0,1,0,0,1,0,14.88,0,9,0,4,1,2,0,0,1,1,1,3
Darrian Oates,Columbia International,2019-20,20.0,0,0,0,0,0,0,1,0,0,1,1,3,14.95,0,1,0,0,0,0,0,0,0,0,2,2
Darrian Wilson,Jackson State,2019-20,20.0,0,5,0,5,0,0,0,1,0,0,4,0,18.2,2,7,1,6,0,0,7,1,0,1,5,3
Darrin Person Jr,CSU Bakersfield,2019-20,0.0,0,0,0,0,0,0,1,0,0,0,0,0,17.63,0,0,0,0,0,0,1,0,0,0,0,0
Darrin Person Jr.,CSU Bakersfield,2019-20,20.0,8,24,0,1,1,4,0,2,5,13,9,8,14.58,10,20,0,0,3,9,0,4,2,7,8,11
Darrion Taylor,AUB Montgomery,2019-20,20.0,1,3,0,1,0,0,2,0,0,0,1,1,14.95,0,1,0,0,0,0,1,1,0,0,0,2
Darrious Agnew,SE Missouri St,2019-20,20.0,22,55,1,2,16,25,5,8,0,12,18,14,17.82,15,35,1,5,6,8,4,3,0,2,13,5
Darrius Hughes,Omaha,2019-20,20.0,19,45,0,2,9,21,0,4,3,17,25,15,17.78,14,37,1,4,8,12,2,4,2,7,17,7
Darryl Jones,AUB Montgomery,2019-20,20.0,0,0,0,0,0,2,0,0,0,1,0,0,14.95,0,0,0,0,0,0,0,0,0,0,0,0
Darryl Mccaster,St. Andrews,2019-20,20.0,1,3,0,0,0,0,1,1,0,0,2,2,14.92,0,0,0,0,0,0,1,0,0,0,1,1
Darryl Morsell,Maryland,2019-20,20.0,51,116,8,20,18,22,35,10,4,18,63,42,15.55,41,99,7,24,41,57,31,13,5,22,39,23
Darryl Polk Jr,Pepperdine,2019-20,20.0,0,0,0,0,0,0,20,0,0,0,0,0,17.72,0,0,0,0,0,0,27,0,0,0,0,0
Darryl Polk Jr.,Pepperdine,2019-20,20.0,21,39,8,19,6,9,1,22,0,8,25,14,17.72,13,32,5,13,16,17,4,15,0,9,23,12
Dartmouth,,2019-20,0.0,0,0,0,0,0,0,0,0,0,26,35,6,0.0,0,0,0,0,0,0,0,0,0,43,22,6
Darus Maddox,North Carolina A&T,2019-20,20.0,1,4,0,2,2,2,0,1,0,2,1,2,14.83,3,9,1,4,0,1,1,0,0,2,0,2
Darweshi Hunter,Central State (OH),2019-20,20.0,4,9,2,4,2,2,0,0,1,1,4,2,14.88,1,2,0,0,2,2,0,1,0,2,5,0
Daryl Anderson,Norfolk State,2019-20,20.0,2,7,1,4,0,0,0,0,0,2,3,1,14.92,5,9,5,8,0,0,0,1,0,1,3,0
Daryl Banks III,Saint Peter's,2019-20,20.0,36,92,12,38,23,28,20,13,0,4,20,17,14.88,35,109,15,50,25,30,14,5,1,5,15,18
Daryl Edwards,UTEP,2019-20,20.0,64,154,36,93,4,7,31,10,6,4,11,36,16.6,77,162,37,95,31,40,28,5,2,7,37,22
Daryl Johnson Jr.,Siena Heights,2019-20,0.0,0,0,0,0,0,0,0,0,0,0,0,0,14.9,0,2,0,1,2,2,0,1,0,0,2,0
Dasan Cinelli,Massachusetts-Boston,2019-20,20.0,2,10,1,8,1,1,1,0,0,0,7,4,14.88,2,7,1,4,0,0,0,0,0,0,4,1
Dashaun Cain,Cairn University,2019-20,20.0,0,1,0,0,0,0,0,0,0,0,1,1,14.98,2,5,0,0,3,3,1,0,0,0,1,1
Dashawn Mcdowell,Central Oklahoma,2019-20,20.0,3,6,1,1,0,0,0,1,0,0,2,0,18.9,1,3,0,0,0,0,1,0,0,0,3,2
Dashon Bell,Central Oklahoma,2019-20,20.0,0,1,0,0,0,0,2,0,0,0,1,0,18.9,3,5,0,1,1,2,0,0,0,1,1,1
Datavian Porter,Tougaloo,2019-20,20.0,1,3,0,0,3,4,1,1,0,1,0,1,14.8,1,1,0,0,0,0,0,0,0,0,1,0
Dave Kasanganay,Navy,2019-20,20.0,9,23,3,6,0,0,3,4,0,1,11,4,14.58,9,21,2,7,1,1,4,5,0,1,7,3
Davenport University-Grand Rapids,,2019-20,0.0,0,0,0,0,0,0,0,0,0,1,2,1,0.0,0,0,0,0,0,0,0,0,0,0,1,1
David Appelgren,Wofford,2019-20,0.0,0,1,0,0,0,0,0,0,1,0,2,2,18.47,0,2,0,0,0,0,0,0,0,2,0,0
David Azore,UT Arlington,2019-20,20.0,72,165,18,46,39,52,51,15,1,9,53,34,14.9,69,150,14,42,69,90,58,14,3,8,75,25
David Ballard,Crowley's Ridge College,2019-20,0.0,0,0,0,0,0,0,0,0,0,0,0,0,14.97,0,1,0,1,0,0,0,0,0,1,2,0
David Bea Mulumba,Concord College,2019-20,20.0,0,2,0,1,0,0,0,0,1,1,4,3,14.98,1,2,0,1,0,0,0,1,0,1,0,1
David Beatty,La Salle,2019-20,19.23,45,118,25,70,15,19,21,18,3,2,40,20,20.0,53,118,21,67,37,52,23,15,1,5,29,23
David Beecher,Benedictine (AZ),2019-20,20.0,0,1,0,1,0,0,0,0,0,0,0,0,14.88,0,0,0,0,0,0,0,0,0,0,0,0
David Bell,Jacksonville,2019-20,20.0,62,108,0,0,36,51,15,2,27,46,107,32,17.95,55,95,0,0,48,71,12,5,34,36,102,29
David Bottenberg,South Carolina State,2019-20,20.0,3,15,0,6,0,0,4,1,0,0,4,3,14.73,0,8,0,1,0,0,1,0,0,4,5,3
David Caraher,St. John's,2019-20,20.0,26,71,6,30,15,19,13,8,1,13,16,6,14.95,17,39,6,20,6,8,15,4,0,9,17,7
David Collins,South Florida,2019-20,20.0,45,132,8,35,60,88,24,24,3,13,52,52,14.9,69,163,15,52,70,106,25,25,9,10,37,38
David Cummard,Northern Arizona,2019-20,0.0,0,0,0,0,0,0,0,0,0,0,0,0,14.95,0,1,0,0,0,0,0,1,0,0,0,0
David DeJulius,Michigan,2019-20,20.0,39,89,17,48,15,18,16,3,1,1,38,7,20.0,30,78,12,32,19,29,20,8,0,6,23,10
David DiLeo,Central Michigan,2019-20,20.0,68,154,34,96,33,41,18,12,3,15,53,9,14.87,63,145,41,92,30,31,9,16,0,25,55,25
David Didenko,Georgia Tech,2019-20,0.0,0,0,0,0,0,0,0,0,0,0,0,0,14.9,1,4,1,4,0,0,0,0,1,0,1,1
David Duke,Providence,2019-20,20.0,52,146,25,62,27,31,57,30,4,11,59,41,14.95,62,132,16,36,62,81,37,16,6,11,45,25
David Elkins,Mars Hill,2019-20,0.0,0,0,0,0,0,0,2,0,0,0,1,1,20.0,0,5,0,3,0,0,0,0,0,1,2,3
David Hall,New Mexico Highlands,2019-20,20.0,0,3,0,1,1,2,0,0,1,1,0,0,16.6,0,2,0,1,1,2,0,0,0,0,1,0
David Hunter,Cincinnati Clermont,2019-20,20.0,3,6,0,1,0,0,1,0,0,1,0,1,14.87,0,2,0,0,0,0,0,1,0,0,1,2
David Jean-Baptiste,Chattanooga,2019-20,20.0,64,150,25,62,22,23,45,10,1,5,61,38,18.12,82,194,27,81,32,45,31,21,1,14,44,28
David Johnson,Louisville,2019-20,0.0,35,67,4,14,6,15,41,9,5,16,24,25,16.62,30,64,1,7,17,23,33,9,2,11,19,23
David Kachelries,Stephen F. Austin,2019-20,20.0,26,64,10,33,2,4,17,8,3,5,8,15,16.37,26,49,7,27,10,13,21,3,2,1,7,16
David King Iv,Bryn Athyn,2019-20,20.0,0,1,0,1,0,0,1,0,0,0,0,2,15.02,0,1,0,1,0,0,0,0,0,0,2,0
David Kristensen,Davidson,2019-20,20.0,4,9,0,0,0,0,3,2,2,3,8,4,20.0,2,8,0,2,2,2,2,0,0,2,6,4
David Kruis,Elmira,2019-20,20.0,0,1,0,1,0,0,0,0,0,1,0,0,14.8,0,0,0,0,0,0,0,0,0,0,0,0
David Loville,Grambling,2019-20,0.0,0,0,0,0,0,0,0,0,0,0,0,0,17.93,0,1,0,1,0,0,0,0,0,0,0,0
David Lynch,Ecclesia College,2019-20,20.0,2,5,0,0,0,0,0,0,0,1,3,1,14.82,0,0,0,0,0,0,1,0,0,0,0,0
David Maynard,Colgate,2019-20,20.0,8,24,6,19,0,1,5,3,1,5,8,2,19.22,9,14,7,11,2,4,2,1,0,2,6,3
David McCants,William Jessup,2019-20,0.0,0,0,0,0,0,0,0,0,0,0,0,0,14.92,0,2,0,0,0,0,0,0,0,3,0,0
David McCormack,Kansas,2019-20,20.0,41,88,0,1,24,28,8,8,9,32,37,20,20.0,35,53,0,0,11,16,8,5,3,12,27,11
David McCoy,Southern Miss,2019-20,20.0,4,6,2,3,0,0,7,3,0,2,7,13,17.92,4,10,0,2,5,6,9,4,0,2,7,7
David Mitchell,Brown,2019-20,20.0,18,34,4,12,9,12,10,10,5,25,39,8,20.0,13,26,4,7,12,17,10,6,6,24,52,10
David Muncy,North Greenville,2019-20,0.0,0,0,0,0,0,0,0,0,0,0,0,2,14.83,0,0,0,0,0,0,1,0,0,0,1,0
David Muoka,Lamar,2019-20,20.0,25,49,0,0,7,16,7,4,27,29,53,16,14.98,16,35,0,0,6,15,4,3,29,16,33,13
David Nickelberry,Buffalo,2019-20,20.0,5,15,0,1,0,0,8,1,1,6,12,9,14.97,3,9,0,3,0,0,3,3,0,2,8,7
David Nickell,Trinity University (TX),2019-20,20.0,0,2,0,1,0,0,0,0,0,0,0,0,14.88,2,6,0,1,0,0,0,0,0,0,1,1
David Nzekwesi,Denver,2019-20,20.0,34,71,2,14,15,21,4,4,4,14,29,13,19.97,17,51,3,8,17,30,4,4,5,11,30,7
David Perkins,Defiance,2019-20,20.0,0,1,0,1,0,0,0,0,0,0,2,1,14.92,1,5,0,1,0,0,0,0,0,2,1,0
David Roddy,Colorado State,2019-20,20.0,53,129,9,39,18,27,35,6,12,25,47,27,19.97,63,125,5,32,49,67,16,7,11,20,58,28
David Roelke,Lehigh,2019-20,20.0,0,0,0,0,0,0,1,0,0,0,0,0,14.98,0,1,0,0,0,0,0,0,0,0,0,0
David Rowlands,Hawaii Pacific,2019-20,20.0,0,3,0,3,0,0,0,1,0,0,0,0,17.92,1,3,0,1,0,0,1,0,0,0,0,1
David Simmons,Campbellsville,2019-20,20.0,4,6,1,2,1,1,1,0,0,0,1,2,14.98,1,3,0,1,1,2,1,0,0,0,1,1
David Singleton,UCLA,2019-20,20.0,10,46,8,36,2,2,17,8,2,2,19,6,20.0,22,49,20,41,8,9,9,8,1,1,21,6
David Sloan,Kansas State,2019-20,20.0,28,74,6,25,11,22,30,11,2,2,13,18,18.32,28,64,4,16,15,24,40,10,2,2,13,23
David Smith,Hiram,2019-20,0.0,0,0,0,0,0,0,0,0,0,0,0,0,14.98,0,1,0,0,0,0,0,0,0,1,0,0
David Syfax Jr,Morgan State,2019-20,0.0,0,0,0,0,0,0,13,0,0,0,0,0,20.0,0,0,0,0,0,0,15,0,0,0,0,0
David Syfax Jr.,Morgan State,2019-20,20.0,28,63,2,13,8,16,0,5,7,13,22,18,14.93,27,68,7,12,33,43,0,7,9,20,36,21
David Thompson,Santa Clara,2019-20,20.0,6,21,2,13,7,7,19,2,0,1,11,11,14.9,3,15,1,10,7,10,10,1,0,0,5,10
David Viti,Georgia Southern,2019-20,20.0,9,26,6,21,5,8,3,1,0,3,7,4,14.92,8,20,6,14,1,2,4,1,1,0,6,1
David Wingett,South Dakota State,2019-20,0.0,49,119,34,75,7,14,12,12,6,9,50,16,19.45,28,80,14,48,16,23,11,5,4,8,50,13
David-Lee Jones Jr,Georgia Southern,2019-20,20.0,0,0,0,0,0,0,23,0,0,0,0,0,14.92,0,0,0,0,0,0,24,0,0,0,0,0
David-Lee Jones Jr.,Georgia Southern,2019-20,0.0,28,71,12,29,6,13,0,10,0,5,33,17,20.0,24,60,6,23,18,19,0,12,2,5,19,13
Davide Moretti,Texas Tech,2019-20,20.0,55,133,30,82,30,32,30,14,0,1,21,28,14.92,55,130,30,76,54,62,31,18,0,1,27,27
Davids Atelbauers,North Dakota,2019-20,20.0,2,11,2,9,0,0,4,1,0,0,3,4,15.9,1,10,1,6,0,0,2,0,0,0,2,3
Davidson,,2019-20,0.0,0,0,0,0,0,0,0,0,0,33,15,10,0.0,0,0,0,0,0,0,0,0,0,40,12,5
Davin Zeigler,Bowling Green,2019-20,20.0,10,30,2,7,8,11,9,2,0,4,14,11,20.0,4,20,1,4,9,10,6,6,0,3,9,6
Davion Buster,Lamar,2019-20,20.0,79,199,51,133,11,13,33,31,4,5,35,37,14.98,59,162,40,106,17,21,28,15,0,6,23,25
Davion Mitchell,Baylor,2019-20,20.0,54,133,16,56,18,26,61,19,7,7,42,34,14.98,46,116,17,46,32,48,49,24,4,3,28,31
Davion Roberts,Shenandoah,2019-20,20.0,3,8,2,4,0,0,2,0,0,0,3,1,14.7,0,2,0,1,0,0,0,0,0,0,1,3
Davion Thomas,Troy,2019-20,20.0,32,87,12,39,14,23,7,3,7,17,43,13,20.0,20,49,5,16,9,13,3,2,3,5,17,8
Davion Warren,Hampton,2019-20,20.0,52,119,13,36,21,35,35,13,9,25,75,32,14.88,60,114,16,43,51,70,17,12,9,32,72,31
Davione Stafford,Arlington Baptist,2019-20,20.0,5,11,0,1,2,2,1,0,5,2,6,2,14.95,2,5,0,0,2,2,1,0,0,1,2,4
Davis Franks,Brown,2019-20,20.0,1,2,0,0,0,2,1,2,0,2,0,2,19.78,0,3,0,0,0,1,2,0,0,4,5,2
Davis Guyton,The Citadel,2019-20,0.0,0,0,0,0,0,0,0,0,0,0,0,0,14.78,0,2,0,2,0,0,0,0,0,1,1,0
Davis Holly,Pacific Oregon,2019-20,20.0,2,4,2,4,0,0,2,0,0,2,2,0,14.8,0,3,0,1,0,0,1,0,0,1,0,1
Davis Steelman,UT Arlington,2019-20,0.0,4,11,2,6,2,4,1,2,1,3,6,3,14.9,5,14,0,3,1,2,4,2,0,2,3,3
Davon Clare,CSU Fullerton,2019-20,20.0,48,105,13,40,5,5,27,7,8,17,46,28,17.67,44,93,6,20,33,45,31,14,7,28,60,20
Davon Floyd,Georgian Court,2019-20,20.0,0,4,0,2,0,0,0,1,0,0,1,0,20.0,1,1,0,0,0,0,0,2,1,1,1,1
Davonta Jordan,Buffalo,2019-20,20.0,68,151,26,69,4,17,70,31,11,14,57,53,20.0,73,164,29,84,24,39,95,35,14,11,82,46
Davonte Gaines,Tennessee,2019-20,20.0,8,29,0,9,17,23,6,16,4,11,23,9,16.22,6,22,3,9,14,20,8,5,2,3,12,3
Davrion Grier,Bridgewater,2019-20,20.0,2,6,0,2,0,0,1,1,1,0,1,2,14.93,2,7,1,3,0,2,0,1,0,2,0,2
Dawson Berry,,2019-20,1.3,1,4,1,3,0,0,1,0,0,1,0,0,0.0,3,5,2,4,0,0,0,0,0,0,0,0
Dawson Carper,Hawai'i,2019-20,20.0,34,57,0,0,12,23,4,5,5,20,37,15,16.12,30,49,0,0,7,18,4,3,11,23,25,17
Daylan Haynie,Malone University,2019-20,19.92,0,3,0,0,0,0,2,0,2,1,2,1,18.48,1,3,0,0,0,0,0,0,0,1,2,4
Daylen Kountz,Colorado,2019-20,20.0,18,57,2,13,13,14,12,10,3,1,12,20,20.0,10,33,0,8,5,6,6,4,0,2,9,9
Daylen Williams,Cleveland State,2019-20,20.0,2,9,0,4,0,0,2,2,2,4,12,1,14.98,5,15,4,12,3,6,3,4,4,3,8,4
Daylon Harris,Edinboro,2019-20,20.0,1,4,0,1,0,0,0,0,0,0,2,0,14.93,0,2,0,0,3,4,0,0,0,1,1,0
Daylyn Croom,Southeastern Baptist College,2019-20,20.0,0,1,0,0,0,0,0,0,0,0,0,0,14.88,0,0,0,0,2,4,1,1,0,0,1,0
Dayton,,2019-20,0.0,0,0,0,0,0,0,0,0,0,16,20,11,0.0,0,0,0,0,0,0,0,0,0,20,24,4
Daytone Jennings,CSU San Bernardino,2019-20,20.0,2,4,0,0,2,4,0,0,1,1,3,0,14.98,0,3,0,0,0,0,0,1,0,0,0,0
Dazon Ingram,UCF,2019-20,20.0,36,87,4,17,28,42,47,9,5,19,78,31,20.0,31,69,5,16,54,69,47,13,7,17,74,27
De'Andre Williams,Johnson & Wales (NC),2019-20,20.0,3,5,2,3,1,1,0,1,0,1,1,1,17.75,0,1,0,0,0,0,0,0,0,0,0,1
De'Avion Washington,Indiana State,2019-20,0.0,0,7,0,1,0,0,0,1,0,1,4,0,14.95,6,9,1,1,0,2,2,2,1,5,9,1
De'Miria Glover,Middle Georgia State,2019-20,20.0,5,11,0,0,3,4,1,0,0,6,3,1,19.47,3,7,0,0,3,4,0,0,0,2,6,2
De'Monte Buckingham,CSU Bakersfield,2019-20,19.22,50,123,20,61,18,18,27,14,1,8,63,27,20.0,36,98,9,39,29,39,17,7,0,13,41,12
De'Ondre Jackson,Palm Beach Atlantic,2019-20,20.0,3,6,2,4,2,2,0,0,0,0,1,0,20.0,2,4,2,3,0,0,0,0,0,0,1,3
De'Rajee Austin,Pacific Union,2019-20,20.0,1,2,0,1,5,6,1,1,0,0,2,3,14.98,0,2,0,0,1,2,3,2,0,1,4,1
De'Riante Jenkins,VCU,2019-20,20.0,51,127,21,65,25,29,31,25,6,10,45,18,18.45,45,117,18,50,38,43,24,24,3,13,48,19
De'Ron Davis,Indiana,2019-20,20.0,23,42,0,1,9,16,6,6,2,7,13,10,14.92,7,20,0,0,4,15,5,2,1,11,7,5
De'Sean Allen-Eikens,North Dakota,2019-20,20.0,49,116,10,43,9,14,13,4,6,19,30,24,14.97,64,133,12,44,49,64,6,9,3,31,30,23
De'Shawn Todman,Farmingdale State,2019-20,0.0,0,0,0,0,0,0,0,0,1,0,0,0,14.73,1,1,1,1,0,0,0,0,0,0,2,1
De'Torrion Ware,Jacksonville State,2019-20,20.0,54,121,27,71,14,23,16,9,4,21,71,13,19.48,51,124,22,71,49,59,14,10,6,19,42,14
De'Undra Singleton,Campbellsville,2019-20,20.0,1,1,0,0,0,0,0,0,0,0,1,0,14.98,0,2,0,0,0,0,0,0,0,0,0,0
De'Vion Harmon,Oklahoma,2019-20,20.0,27,107,13,52,18,24,30,15,0,3,29,18,17.8,42,90,20,45,20,30,27,20,2,3,18,22
De'Von Cooper,Morehead State,2019-20,20.0,0,7,0,3,0,0,0,0,0,0,8,2,18.82,2,4,2,2,0,0,2,0,0,0,1,3
De'Vondre Perry,Temple,2019-20,20.0,23,57,9,33,4,5,5,5,4,10,25,17,20.0,32,55,17,30,14,16,8,9,7,12,20,7
De'jon Davis,California Baptist,2019-20,20.0,64,109,8,13,25,37,18,7,5,38,106,30,15.52,43,93,2,9,44,57,11,8,8,46,101,17
DeAndre Abram,Milwaukee,2019-20,20.0,63,158,26,71,14,18,10,8,13,17,71,20,18.85,35,108,13,54,13,27,7,8,9,22,53,17
DeAndre Barton,Pikeville,2019-20,20.0,1,3,0,0,0,0,0,0,1,1,3,1,14.68,1,3,0,1,0,0,0,0,0,0,0,3
DeAndre Jones,Central Arkansas,2019-20,20.0,32,99,14,42,29,39,49,9,0,5,32,33,14.98,39,94,12,45,30,36,54,6,0,7,30,35
DeAndre Williams,Evansville,2019-20,20.0,52,77,5,14,16,23,23,7,10,22,34,13,20.0,42,67,9,16,26,30,20,8,5,9,47,16
DeAngelo Epps,Charleston,2019-20,0.0,13,40,5,13,6,7,4,2,2,7,20,4,20.0,11,20,0,3,6,10,2,5,2,5,19,1
DeAnthony McCallum,Jacksonville,2019-20,20.0,33,88,17,34,33,38,19,12,2,4,32,29,17.95,43,88,9,24,28,37,20,6,3,8,31,32
DeAntoni Gordon,Wichita State,2019-20,20.0,2,7,0,2,1,2,1,1,0,2,3,0,14.73,1,7,0,2,0,0,1,0,1,2,5,3
DeJon Jarreau,Houston,2019-20,20.0,43,115,2,20,26,32,59,10,6,10,55,46,14.95,37,101,4,18,67,85,44,8,7,10,46,35
DeMarco Dickerson,Siena Heights,2019-20,20.0,2,6,0,0,0,0,2,0,1,0,6,4,14.78,4,6,0,1,1,1,0,1,0,1,1,4
DeMarcus Robinson,Rust,2019-20,20.0,3,4,2,3,0,0,0,0,0,0,0,0,15.2,0,2,0,1,0,0,0,0,0,0,0,0
DeMarcus Williams,,2019-20,1.1,0,1,0,0,0,0,0,0,0,0,2,4,0.0,1,3,1,2,4,4,1,0,0,0,2,1
DeMerrill Levy,Maine Maritime Academy,2019-20,20.0,2,6,1,3,0,0,0,0,0,0,2,1,14.78,0,1,0,0,0,0,0,0,0,0,0,2
DeMierre Black,Purdue Fort Wayne,2019-20,20.0,34,80,3,21,7,12,22,20,3,5,24,30,18.22,34,80,5,17,18,23,25,12,2,11,14,25
DeMoines Whitney,,2019-20,13.65,1,3,0,2,0,0,0,0,0,1,2,0,0.0,1,3,0,1,0,0,0,0,0,0,0,3
DePaul,,2019-20,0.0,0,0,0,0,0,0,0,0,0,44,29,3,0.0,0,0,0,0,0,0,0,0,0,60,20,5
DeShaun Wade,Longwood,2019-20,20.0,33,97,20,61,16,22,25,9,1,8,42,26,16.5,33,88,17,44,31,38,20,13,0,10,50,21
DeShawn Davidson,Texas State,2019-20,20.0,7,21,5,14,6,6,6,0,0,0,10,5,14.9,5,14,1,7,2,3,4,2,0,0,1,1
DeVante Jones,Coastal Carolina,2019-20,20.0,67,152,12,61,50,58,72,23,3,9,66,48,14.97,82,165,16,45,69,79,69,21,0,10,58,38
DeWarren Bolden,Hiram,2019-20,20.0,0,2,0,1,1,2,0,0,2,0,0,0,14.98,0,1,0,0,1,2,0,0,0,0,0,1
DeWayne Cox,Prairie View A&M,2019-20,20.0,6,11,0,1,1,3,1,9,1,4,14,3,17.55,4,8,0,1,13,16,2,5,2,11,12,3
Deacon Heath,UNC Asheville,2019-20,0.0,0,0,0,0,0,0,0,0,0,0,0,0,14.92,0,0,0,0,0,0,1,0,0,0,0,0
Dean Grant,Lesley University,2019-20,20.0,0,1,0,1,0,0,0,0,0,1,0,2,14.98,0,2,0,1,1,2,0,0,0,0,1,1
Dean Keeler,UC Irvine,2019-20,0.0,1,2,0,0,0,0,1,2,0,2,1,3,14.87,1,1,0,0,0,0,0,0,0,0,1,0
Dean Noll,Cornell,2019-20,20.0,24,60,10,29,16,19,18,10,2,7,26,16,17.92,28,60,9,25,12,15,8,13,4,6,17,12
Deandre Thomas,Samford,2019-20,13.48,34,84,17,46,11,19,15,5,1,8,25,19,20.0,23,67,7,33,20,27,18,17,0,10,23,10
Deandre Wilkins,Wagner,2019-20,0.0,1,2,0,0,0,0,1,0,0,2,2,1,14.82,1,1,0,0,0,1,1,0,1,0,3,1
Deang Deang,Eastern Illinois,2019-20,20.0,13,26,4,9,8,11,8,8,0,2,8,5,14.92,9,26,2,7,9,12,13,5,0,3,10,3
Deangelo Epps,Charleston,2019-20,20.0,0,2,0,1,0,0,0,0,0,0,0,0,15.33,0,3,0,1,0,0,0,0,0,1,0,0
Deante Cisero,Gannon,2019-20,20.0,1,3,0,1,0,0,0,0,0,0,3,3,17.83,1,5,0,1,0,0,0,0,0,0,1,0
Deante Johnson,Cleveland State,2019-20,20.0,30,86,0,4,9,12,9,3,11,17,49,19,14.98,27,49,1,1,16,27,7,3,8,21,24,25
Deante' Dennis,Colorado College,2019-20,19.28,0,1,0,0,0,0,0,1,0,0,0,0,14.83,0,0,0,0,0,0,0,0,0,0,0,0
Deantoni Gordon,Wichita State,2019-20,20.0,0,2,0,0,0,0,0,1,0,2,2,1,17.78,0,1,0,0,0,0,0,0,0,1,2,0
Deantre Deyoung,Trinity (IL),2019-20,20.0,7,13,2,8,0,0,0,0,0,2,3,2,14.88,5,10,1,2,1,2,0,0,0,2,2,0
Dearon Tucker,Oregon State,2019-20,0.0,2,3,0,0,0,0,0,0,2,2,3,0,14.83,1,1,0,0,2,4,0,0,0,2,1,2
Deaunte Lee,Texas Permian Basin,2019-20,20.0,0,0,0,0,0,0,1,0,0,0,1,1,14.98,0,2,0,0,0,0,0,0,0,0,1,0
Decardo Day,Alabama State,2019-20,20.0,16,39,2,10,6,14,15,3,0,5,23,26,14.93,7,31,2,11,5,10,5,4,0,3,14,14
Dedrian Parmer Jr.,Oklahoma Christian,2019-20,20.0,1,3,0,0,0,0,0,1,1,1,1,2,14.88,0,2,0,0,5,6,0,1,0,1,0,0
Dedric Boyd,Illinois State,2019-20,20.0,32,93,13,45,4,7,10,5,1,2,6,12,20.0,28,71,11,28,5,8,11,3,1,1,5,5
Dee Barnes,Mt. St. Mary's,2019-20,20.0,0,8,0,6,1,2,2,0,0,3,3,2,17.9,0,6,0,6,2,2,0,1,0,0,2,1
Dee Mitchell,Oklahoma State,2019-20,0.0,1,3,0,2,1,2,4,1,0,0,3,3,14.97,1,2,1,2,0,0,2,1,1,0,2,2
Defiance,,2019-20,0.0,0,0,0,0,0,0,0,0,0,0,0,0,0.0,0,0,0,0,0,0,0,0,0,1,0,0
Deion Gatson,Wilberforce,2019-20,20.0,0,1,0,0,0,2,0,1,0,1,1,2,14.83,0,3,0,0,0,0,1,0,0,0,1,0
Deion Hammond,Monmouth,2019-20,20.0,70,180,34,104,23,34,12,14,4,5,33,17,16.48,85,198,38,99,42,49,10,13,0,11,31,19
Deion James,Washington State,2019-20,20.0,3,4,0,0,5,6,0,0,0,0,2,1,15.05,0,4,0,0,0,0,1,0,0,0,0,0
Deividas Mockaitis,Antelope Valley,2019-20,20.0,1,2,0,0,0,0,0,0,0,2,2,1,17.9,1,1,0,0,0,0,0,0,0,0,0,2
Deivydas Kuzavas,St. Francis (PA),2019-20,20.0,21,32,0,0,7,14,4,2,4,17,26,6,18.45,14,28,0,0,8,17,4,1,7,9,21,3
Dejan Vasiljevic,Miami,2019-20,20.0,57,158,27,95,11,15,17,12,2,3,65,15,14.87,70,157,39,102,39,43,11,6,0,5,47,10
Dejavaughn Utley,New York Institute of Technology,2019-20,20.0,1,2,0,0,2,2,0,0,0,0,1,0,14.97,1,3,0,2,0,0,0,0,0,0,0,1
Deji Johnson,Johnson & Wales (RI),2019-20,20.0,0,1,0,0,0,0,0,0,0,0,0,0,14.8,0,1,0,1,0,0,1,0,0,0,0,1
Dejuan Clayton,Coppin State,2019-20,20.0,38,119,13,58,26,34,49,23,0,4,44,37,20.0,78,164,16,54,58,79,48,23,1,6,55,40
Dekedran Thorn,Alcorn State,2019-20,0.0,4,9,2,5,2,6,0,1,0,0,1,2,14.98,0,8,0,6,0,0,1,2,0,2,0,2
Delante Jones,Seattle,2019-20,20.0,32,90,21,60,16,22,7,6,1,10,20,10,14.82,35,79,20,45,14,17,5,3,2,8,16,12
Delaware,,2019-20,0.0,0,0,0,0,0,0,0,0,0,27,30,3,0.0,0,0,0,0,0,0,0,0,0,28,25,2
Delaware State,,2019-20,0.0,0,0,0,0,0,0,0,0,0,25,17,5,0.0,0,0,0,0,0,0,0,0,0,25,17,4
Delor Johnson,Southern,2019-20,20.0,2,6,0,1,0,0,2,0,2,0,2,3,18.38,4,8,0,0,0,0,1,1,2,4,2,2
Deloran Oliver,Holy Family,2019-20,20.0,2,5,1,1,3,4,0,0,0,0,0,3,14.9,1,2,0,1,0,0,0,0,0,0,0,0
Delta State,,2019-20,0.0,0,0,0,0,0,0,0,0,0,0,0,0,0.0,0,0,0,0,0,0,0,0,0,0,1,0
Demarcus Hester,,2019-20,0.0,0,0,0,0,0,0,0,0,0,0,0,0,0.0,0,0,0,0,0,0,0,0,0,0,0,1
Demari Davis,Cumberland College,2019-20,20.0,3,8,1,3,0,0,1,0,0,0,2,1,14.87,0,1,0,0,0,0,0,0,0,0,1,3
Demari Hopper,Brevard College,2019-20,20.0,1,2,1,2,0,0,0,2,0,0,1,3,14.78,0,4,0,1,0,0,2,3,0,0,1,2
Demarius Jacobs,Saint Louis,2019-20,20.0,32,89,16,42,9,12,17,13,3,6,47,20,16.05,26,56,10,30,21,29,13,13,5,4,16,8
Demarkiyo Devoil,Champion Christian College,2019-20,20.0,0,4,0,0,1,2,0,2,0,0,0,1,14.98,1,2,0,0,0,0,0,0,1,0,2,2
Demarkus Lampley,Sam Houston State,2019-20,20.0,38,87,15,47,9,12,13,10,1,6,20,6,20.0,34,80,19,48,11,14,11,9,0,10,14,5
Demaunte Youngblood,Crowley's Ridge College,2019-20,20.0,1,4,0,0,0,0,1,0,1,1,2,3,14.97,0,3,0,2,2,2,0,0,0,1,1,0
Demetrice Clopton,William Carey,2019-20,20.0,1,2,0,0,0,0,0,1,0,1,1,1,17.92,0,0,0,0,0,0,0,0,0,0,0,1
Demi Adelekun,Dartmouth,2019-20,0.0,0,0,0,0,0,0,1,0,0,0,0,0,17.98,0,1,0,0,0,0,1,0,0,1,0,0
Demond Robinson,Murray State,2019-20,20.0,34,69,0,1,15,27,6,7,14,21,28,15,14.97,22,39,0,1,13,18,4,5,19,16,19,17
Demond Robnson,,2019-20,0.0,0,0,0,0,0,0,0,0,0,0,0,0,0.0,0,0,0,0,0,0,0,0,0,0,1,0
Deng Adiang,Vermont,2019-20,0.0,0,0,0,0,0,0,0,0,0,0,0,0,14.92,0,2,0,2,0,0,0,0,0,0,0,0
Deng Bol Yol,Wayland Baptist University,2019-20,20.0,1,1,0,0,0,0,0,0,2,1,2,1,14.88,0,0,0,0,0,0,0,0,0,0,0,0
Deng Gak,Miami,2019-20,0.0,2,4,0,0,0,0,1,0,2,2,3,1,14.87,3,3,0,0,2,3,0,3,2,2,3,1
Deng Geu,North Texas,2019-20,20.0,52,98,0,12,19,29,8,7,17,23,64,23,14.88,40,70,2,13,16,29,5,7,11,30,45,17
Deng Kuany,Eastern New Mexico,2019-20,20.0,4,11,2,3,0,0,0,2,0,1,2,1,15.18,2,7,0,1,0,0,0,2,0,2,2,1
Deng Riak,Akron,2019-20,19.92,20,51,2,10,9,15,7,4,7,19,48,17,18.48,19,32,1,5,16,20,6,6,12,21,46,16
Deniz Celen,St. Francis (BKN),2019-20,20.0,58,95,15,28,8,10,24,7,13,22,48,20,20.0,51,93,6,21,27,32,17,13,19,35,65,31
Dennis Ashley,Saint Joseph's,2019-20,20.0,9,25,8,20,0,0,6,0,0,0,12,5,20.0,7,18,4,13,0,0,4,3,0,2,6,2
Dennis Gray Jr,Summit,2019-20,19.98,0,1,0,0,0,0,0,0,0,0,0,1,14.97,0,0,0,0,0,0,0,0,0,0,0,0
Dennis Tunstall,Towson,2019-20,20.0,31,57,4,16,6,10,11,15,14,42,53,12,18.17,18,37,3,8,12,15,9,14,22,25,42,10
Denny Slay,High Point,2019-20,20.0,4,16,3,7,2,2,12,3,0,2,5,5,14.97,2,9,1,5,2,4,5,0,0,1,3,4
Denny Slay II,High Point,2019-20,0.0,18,45,9,28,9,12,15,6,0,2,20,11,14.85,19,55,12,27,24,28,17,5,0,4,18,13
Denny Slay Ii,High Point,2019-20,20.0,0,3,0,2,0,0,5,0,0,0,1,0,14.85,0,0,0,0,0,0,2,1,0,0,1,0
Denver,,2019-20,0.0,0,0,0,0,0,0,0,0,0,34,14,5,0.0,0,0,0,0,0,0,0,0,0,51,14,5
Denys Bobchuk,Spring Hill,2019-20,20.0,2,3,0,0,0,1,0,0,1,0,0,1,14.87,0,1,0,1,0,0,0,0,0,0,1,1
Denzel Austin,Louisiana College,2019-20,20.0,3,7,2,5,0,0,2,0,0,0,1,1,16.93,5,8,4,5,4,5,0,0,0,1,4,0
Denzel Fields,,2019-20,0.0,0,0,0,0,0,0,0,0,0,0,0,0,0.0,0,0,0,0,0,0,0,1,0,0,0,2
Denzel Jenoure,Florida National,2019-20,20.0,0,1,0,0,0,0,0,1,0,1,0,1,19.92,0,1,0,0,0,0,0,0,0,0,0,1
Denzel Mahoney,Creighton,2019-20,20.0,46,105,17,50,29,34,10,6,1,12,25,15,19.42,32,80,10,27,27,33,4,13,0,9,15,12
Denzel McDuffey,Ark Monticello,2019-20,20.0,1,3,0,0,1,2,0,0,0,1,1,1,17.73,0,3,0,0,0,0,0,0,1,1,2,0
Deon Ejim,UIC,2019-20,20.0,15,47,3,9,7,16,8,8,9,15,36,16,20.0,12,26,1,4,3,11,6,6,2,12,21,6
Deon Stroud,UTEP,2019-20,20.0,26,55,6,26,8,14,2,3,6,9,3,14,16.6,7,15,1,5,10,14,1,2,0,2,7,6
Deon Tabb,Central Pennsylvania College,2019-20,20.0,4,10,0,4,0,0,0,1,1,2,1,4,14.93,3,10,0,2,3,5,0,1,1,4,1,2
Deondre Burns,Oral Roberts,2019-20,20.0,67,157,12,42,23,32,57,16,1,10,45,26,20.0,70,151,9,28,38,45,49,6,1,10,38,27
Deondre Mcneill,Shenandoah,2019-20,20.0,1,2,0,0,0,0,0,1,0,1,0,1,14.7,0,0,0,0,0,0,0,0,0,0,1,1
Deondre Phillips,Ecclesia College,2019-20,20.0,3,9,1,5,1,1,3,0,0,0,0,3,14.82,3,6,0,1,2,3,0,0,0,0,0,2
Deontaye Buskey,Charleston Southern,2019-20,20.0,56,138,28,85,9,15,29,24,5,3,46,17,14.88,52,131,30,79,22,31,34,12,5,4,46,19
Deonte Billups,Purdue Fort Wayne,2019-20,20.0,46,120,14,49,31,40,17,17,2,21,49,31,18.22,41,101,16,42,23,39,34,8,2,24,49,19
Deonte McReynolds,Peru State College,2019-20,20.0,0,5,0,4,1,2,0,0,0,2,1,0,14.98,1,1,1,1,0,0,0,0,0,0,1,0
Deovaunta Williams,Loyola Marymount,2019-20,20.0,8,24,0,3,8,15,17,4,0,1,12,8,14.8,19,37,1,3,12,16,9,13,1,7,9,17
Dequan Abrom,Belmont Abbey,2019-20,20.0,2,5,1,1,4,4,0,1,0,0,0,1,14.85,0,1,0,1,0,0,0,0,0,0,1,4
Dequan Morris,Arkansas-Pine Bluff,2019-20,20.0,36,81,3,11,20,32,20,16,4,17,47,20,14.9,35,72,0,3,29,49,16,22,5,18,26,20
Derek Ballard Jr.,Eastern Michigan,2019-20,0.0,1,2,0,0,0,0,0,0,0,0,0,0,14.9,2,5,0,3,1,1,0,2,1,2,5,2
Derek Brandon,,2019-20,0.0,0,0,0,0,0,0,0,0,0,0,0,0,0.0,0,0,0,0,0,0,0,0,0,1,0,1
Derek Culver,West Virginia,2019-20,20.0,55,117,0,1,31,61,27,12,10,37,89,38,17.93,53,115,0,0,51,102,24,10,13,42,81,30
Derek Dantzler-Fulner,SW Christian Univ,2019-20,20.0,0,6,0,1,0,0,0,0,1,1,1,0,14.77,2,4,0,0,0,0,0,0,0,0,1,1
Derek Hawthorne Jr,UT Martin,2019-20,20.0,0,0,0,0,0,0,33,0,0,0,0,0,14.88,0,0,0,0,0,0,30,0,0,0,0,0
Derek Hawthorne Jr.,UT Martin,2019-20,20.0,53,138,13,49,31,41,0,9,2,20,61,32,14.88,86,177,27,64,34,40,0,22,3,21,66,23
Derek St Hilaire,Jacksonville State,2019-20,0.0,2,3,1,2,0,0,24,0,0,0,0,0,20.0,5,7,2,3,5,8,30,2,1,0,3,3
Derek St. Hilaire,Jacksonville State,2019-20,20.0,34,81,12,33,9,14,0,11,2,7,26,22,19.48,27,95,11,49,16,18,0,10,0,8,25,21
Derek Van Vlerah,Incarnate Word,2019-20,0.0,7,27,1,11,4,4,4,10,3,9,18,5,14.63,8,29,3,15,2,2,9,9,1,4,14,6
Derek Webster Jr,The Citadel,2019-20,20.0,0,0,0,0,0,0,19,0,0,0,0,0,14.78,0,0,0,0,0,0,9,0,0,0,0,0
Derek Webster Jr.,The Citadel,2019-20,0.0,23,49,0,1,12,18,0,8,7,10,29,19,18.35,19,35,0,2,7,14,0,11,10,10,32,12
Derian Bradford,Valley Forge,2019-20,20.0,1,4,0,0,0,2,0,0,0,0,3,2,14.83,1,2,0,0,0,0,0,1,0,0,0,0
Derick Charles,Wesley,2019-20,20.0,0,1,0,0,0,1,0,0,0,1,2,2,14.92,1,1,0,0,1,2,0,1,0,0,1,0
Deriq Brown,Penn State-York,2019-20,20.0,0,3,0,2,0,0,1,0,0,1,3,0,14.85,1,3,0,0,0,0,0,0,0,1,0,0
Derric Jean,Louisiana Tech,2019-20,20.0,51,107,22,50,19,24,39,20,5,9,35,33,14.82,45,98,15,44,19,31,32,23,5,9,33,21
Derrick Alston,Boise State,2019-20,20.0,82,216,28,95,50,60,51,10,5,11,64,44,14.73,91,205,35,96,79,102,41,6,3,17,72,57
Derrick Carter,Washington College (MD),2019-20,20.0,1,2,1,1,0,0,0,0,0,0,0,2,14.58,0,4,0,3,0,0,1,0,0,0,0,0
Derrick Carter-Hollinger,Montana,2019-20,20.0,47,71,5,8,7,11,14,5,12,13,47,20,16.37,24,46,3,9,10,16,17,7,10,17,44,12
Derrick Cook,Jacksonville State,2019-20,20.0,24,56,3,15,7,14,53,8,1,2,41,28,19.48,33,69,9,17,18,24,33,15,1,1,33,17
Derrick Flowers,Jacksonville,2019-20,20.0,3,4,3,4,0,0,1,1,0,1,0,1,16.1,0,3,0,1,0,1,0,1,0,1,5,0
Derrick Green,Maryland-Eastern Shore,2019-20,20.0,0,1,0,0,0,0,1,0,0,0,1,0,14.78,0,0,0,0,0,0,0,0,0,0,0,0
Derrick Gunn,Champion Christian College,2019-20,20.0,2,8,0,2,3,4,0,1,0,0,1,2,14.98,1,5,0,1,0,0,0,1,1,0,4,7
Derrick Woods,Saint Peter's,2019-20,20.0,22,44,1,2,16,20,5,2,7,17,21,14,14.88,19,39,1,1,10,17,2,1,2,12,22,16
Derrik Smits,Butler,2019-20,0.0,10,21,0,0,7,10,6,0,2,12,9,11,14.67,8,12,0,0,6,7,2,1,0,3,4,6
Derrius Collins,Montana Tech,2019-20,20.0,3,4,2,2,0,0,0,0,0,0,0,0,14.77,1,2,0,0,1,3,0,0,0,2,3,0
Derryck Thornton,Boston College,2019-20,20.0,60,163,16,64,36,43,52,18,2,3,34,56,20.0,61,147,13,45,46,63,46,13,3,7,32,34
Des Balentine,Incarnate Word,2019-20,20.0,25,62,1,4,12,19,31,11,3,11,38,26,14.63,39,74,0,4,25,37,14,17,1,7,24,18
Deschon Winston,Central Michigan,2019-20,20.0,33,85,12,27,19,26,23,13,1,4,27,18,14.87,25,78,3,20,12,18,41,15,2,9,22,14
Desean Green,Milligan,2019-20,20.0,3,5,0,1,1,1,2,3,0,0,3,5,14.85,1,3,0,0,0,2,0,3,0,2,5,5
Desean Hampton,IU-Kokomo,2019-20,20.0,2,3,0,0,0,0,0,0,2,1,4,0,17.57,1,2,0,0,0,0,0,0,1,0,0,0
Deshaw Andrews,Alcorn State,2019-20,20.0,56,120,23,56,32,41,15,16,2,18,47,23,14.98,37,82,20,39,23,32,12,14,2,14,35,10
Deshawn Jones,,2019-20,0.0,0,0,0,0,0,0,0,0,0,0,0,0,0.0,0,0,0,0,0,0,0,0,0,0,2,0
Deshawndre Washington,Robert Morris,2019-20,0.0,0,0,0,0,0,0,0,0,0,0,0,1,20.0,0,1,0,0,0,0,0,0,0,0,0,0
Deshon Parker,James Madison,2019-20,20.0,54,121,10,39,26,43,54,18,2,6,35,32,20.0,41,97,8,34,21,45,48,13,2,9,23,37
Desi Sills,Arkansas,2019-20,20.0,52,133,23,79,22,37,26,11,2,10,37,20,14.97,51,107,16,43,32,43,12,16,1,5,31,18
Desmond Bane,TCU,2019-20,20.0,98,213,48,114,19,20,57,15,9,22,74,33,17.17,90,191,41,83,26,37,58,30,6,21,70,35
Desmond Carpenter,New Mexico Highlands,2019-20,20.0,0,2,0,2,0,0,0,1,0,1,4,5,16.6,5,6,5,6,0,0,2,0,0,0,0,1
Desmond Freeman,Bluefield State,2019-20,20.0,0,3,0,3,0,0,0,0,0,0,3,1,14.97,2,4,1,3,0,0,0,0,0,0,0,2
Desmond Hudson,Evergreen State,2019-20,20.0,1,4,0,0,0,1,3,1,2,0,3,1,20.0,4,5,0,0,1,2,1,1,2,1,3,1
Desmond Longino,Louisiana College,2019-20,0.0,0,0,0,0,0,0,0,0,0,0,0,1,16.93,0,1,0,1,0,0,0,0,0,0,1,0
Desmond Williams,Troy,2019-20,20.0,38,93,21,49,18,24,23,9,2,4,23,12,14.85,35,97,18,53,19,23,22,9,0,5,27,22
Dessan Enzor,Thomas (GA),2019-20,20.0,3,4,1,1,0,0,0,0,0,0,1,1,14.78,1,4,0,1,2,2,0,0,0,1,0,1
Destin Barnes,Jacksonville,2019-20,20.0,88,196,39,107,16,19,15,6,1,14,44,26,17.95,49,142,19,68,18,24,12,5,3,7,35,24
Desure Buie,Hofstra,2019-20,20.0,104,224,36,87,38,46,98,34,1,5,46,48,20.0,97,221,37,84,79,91,91,32,2,10,57,45
Detroit Mercy,,2019-20,0.0,0,0,0,0,0,0,0,0,0,33,31,8,0.0,0,0,0,0,0,0,0,0,0,31,18,6
Devan Cambridge,Auburn,2019-20,20.0,23,55,13,40,3,9,3,4,5,12,23,8,20.0,19,48,11,32,2,6,0,6,5,7,20,9
Devan Straub,Evansville,2019-20,0.0,0,0,0,0,0,0,0,0,0,0,0,0,17.57,0,0,0,0,0,0,1,0,0,0,0,0
Devante Carter,Norfolk State,2019-20,20.0,49,99,4,14,19,32,37,23,1,19,65,28,14.92,37,78,1,11,27,48,29,14,1,12,38,27
Devante Foster,Arkansas Tech,2019-20,20.0,3,5,3,5,0,0,0,1,1,1,5,1,17.87,3,5,0,2,2,2,0,0,1,0,2,2
Devante Jackson,Grambling,2019-20,20.0,47,90,5,8,21,27,16,3,6,12,31,18,19.92,31,76,0,4,19,32,6,0,3,14,24,12
Devante Jones,Coastal Carolina,2019-20,20.0,12,19,4,6,11,14,12,3,0,2,8,10,20.0,13,22,3,7,2,3,10,5,0,2,8,6
Devaunte Robinson,Campbellsville,2019-20,20.0,1,1,1,1,0,0,0,0,0,0,0,0,14.98,0,0,0,0,0,0,0,0,0,0,0,0
Devearl Ramsey,UC Santa Barbara,2019-20,20.0,28,85,10,44,8,10,36,14,0,2,39,28,17.98,32,84,13,32,48,53,27,11,1,8,37,25
Deven Palmer,North Carolina Central,2019-20,0.0,28,74,17,51,7,15,3,6,2,8,35,9,20.0,20,55,6,33,10,20,13,10,1,10,29,9
Devin Baker,Campbellsville-Harrodsburg,2019-20,20.0,4,8,1,3,0,0,0,0,0,0,1,1,14.9,0,6,0,3,0,0,0,0,0,0,0,5
Devin Berrios,Medgar Evers,2019-20,20.0,3,5,0,1,0,0,0,0,1,0,0,2,15.0,3,5,1,3,0,0,0,0,0,0,1,1
Devin Boone,Maine Maritime Academy,2019-20,20.0,0,1,0,0,0,0,1,0,0,0,0,0,14.78,0,1,0,0,0,0,1,0,0,0,0,1
Devin Butts,Mississippi State,2019-20,20.0,0,1,0,0,0,0,0,0,0,0,0,0,14.85,0,0,0,0,0,0,0,0,0,0,0,0
Devin Carter,Chillicothe,2019-20,20.0,1,3,0,0,0,0,1,1,1,1,2,1,14.88,0,0,0,0,0,0,1,2,0,0,1,3
Devin Cole,UC Irvine,2019-20,19.98,2,13,1,5,0,2,7,2,0,0,4,7,20.0,4,12,3,9,0,0,2,1,0,0,3,2
Devin Curry,Mobile,2019-20,20.0,0,0,0,0,1,2,0,0,0,0,2,0,20.0,0,0,0,0,0,0,0,0,0,0,0,0
Devin Davis,Cornell College,2019-20,20.0,2,5,0,2,1,1,1,0,0,0,0,1,14.87,3,7,0,1,0,0,0,0,0,0,2,0
Devin Dean,Bob Jones University,2019-20,20.0,1,2,0,1,3,4,0,0,0,0,1,8,15.25,4,5,1,1,2,2,1,1,0,0,3,2
Devin Ellis,Wiley,2019-20,20.0,3,12,0,1,3,4,1,1,0,2,6,4,14.95,3,12,0,5,2,2,2,1,1,5,6,4
Devin Fortune,Pacific Oregon,2019-20,20.0,1,4,0,1,0,0,1,0,0,1,1,0,14.8,1,1,0,0,0,0,1,0,0,0,1,2
Devin Gage,DePaul,2019-20,20.0,9,19,3,7,6,10,12,10,1,1,8,7,14.98,10,21,3,6,4,4,8,5,2,0,3,10
Devin Gilmore,Murray State,2019-20,0.0,27,38,0,0,6,10,9,7,7,20,43,11,15.83,27,35,0,0,6,9,5,5,5,10,42,3
Devin Haygood,North Carolina A&T,2019-20,20.0,16,38,0,2,5,10,2,2,10,7,16,15,14.98,23,48,1,5,12,23,5,10,9,14,18,11
Devin Hutchinson,Radford,2019-20,20.0,20,53,16,43,10,12,6,3,0,3,17,8,14.85,20,50,13,36,13,13,4,5,3,2,9,3
Devin Jensen,Merrimack,2019-20,20.0,39,93,29,75,2,3,10,6,1,1,29,8,20.0,35,72,31,62,9,10,8,11,0,1,38,4
Devin Kirby,Montana State,2019-20,20.0,21,40,0,0,2,4,15,4,3,17,55,18,20.0,15,42,0,0,8,18,13,1,3,21,32,8
Devin Morgan,Youngstown St,2019-20,20.0,34,97,23,71,2,2,22,8,0,3,20,10,16.87,32,92,20,64,4,5,7,4,0,2,28,12
Devin Nicholson,Long Island University,2019-20,20.0,1,2,1,2,0,0,1,0,0,1,1,1,19.7,1,2,1,2,0,0,0,0,0,0,1,0
Devin Pullum,Eastern New Mexico,2019-20,20.0,1,10,0,5,4,6,2,1,0,0,2,3,15.18,2,8,0,2,4,7,0,2,0,0,3,3
Devin Resper,NC Wesleyan,2019-20,0.0,0,0,0,0,0,2,2,1,0,0,1,1,14.9,1,1,0,0,0,0,1,0,0,0,2,0
Devin Vassell,Florida State,2019-20,0.0,69,141,23,57,20,26,25,20,14,15,58,10,20.0,70,143,18,45,24,33,22,20,14,22,54,12
Devine Eke,Radford,2019-20,20.0,37,61,0,1,21,47,8,11,9,31,71,16,20.0,41,64,0,1,22,64,12,10,14,42,70,21
Devlon Noble,Wiley,2019-20,20.0,0,2,0,0,0,2,0,0,0,0,4,0,14.95,0,0,0,0,0,0,0,0,0,0,0,0
Devon Andrews,Florida International,2019-20,20.0,72,181,21,60,29,47,23,23,5,15,52,30,20.0,75,173,22,68,44,72,23,20,6,16,44,25
Devon Baker,UNC Asheville,2019-20,20.0,83,186,23,68,28,38,20,23,2,5,32,27,16.22,83,174,21,55,50,63,18,14,4,7,24,23
Devon Brewer,Alcorn State,2019-20,20.0,7,12,0,0,3,4,4,3,0,2,9,5,14.98,4,11,0,1,1,2,4,1,5,6,13,0
Devon Briggs-White,Brewton-Parker,2019-20,20.0,0,1,0,0,0,0,0,1,0,0,0,1,14.9,1,3,0,1,0,0,0,1,0,0,1,3
Devon Colley,Peru State College,2019-20,20.0,6,14,3,6,0,0,3,1,0,0,4,5,14.98,1,5,0,3,3,4,1,0,0,0,1,3
Devon Daniels,NC State,2019-20,19.38,67,158,9,39,31,41,37,28,6,10,74,32,20.0,76,151,17,44,27,43,28,21,6,18,59,29
Devon Dotson,Kansas,2019-20,20.0,99,211,25,78,58,70,63,38,0,8,62,39,20.0,79,170,13,44,75,89,53,26,3,7,40,28
Devon Dunn,Fairleigh Dickinson,2019-20,20.0,27,67,21,51,3,3,10,4,2,1,12,4,19.57,27,54,15,34,11,13,7,9,0,4,15,9
Devon Flowers,James Madison,2019-20,20.0,2,2,2,2,2,2,0,0,2,0,1,0,19.48,0,2,0,0,0,0,1,0,1,0,1,1
Devon Goodman,Pennsylvania,2019-20,20.0,52,122,14,54,15,25,36,18,2,2,34,23,20.0,60,122,16,47,19,30,28,19,5,8,35,28
Devon Howard,St. Louis,2019-20,20.0,0,0,0,0,0,0,3,0,1,1,1,3,14.88,2,2,0,0,0,0,0,0,0,2,2,2
Devonaire Doutrive,Arizona,2019-20,20.0,2,4,0,1,0,0,0,1,1,1,1,1,14.83,1,6,1,2,0,0,2,0,0,1,2,0
Devonnte Holland,Radford,2019-20,20.0,38,75,0,0,5,8,3,2,5,33,51,17,20.0,38,56,0,0,10,19,8,3,7,17,52,11
Devontae Lane,Central Michigan,2019-20,20.0,37,92,9,18,24,30,49,29,1,6,32,33,14.87,36,75,3,14,53,64,38,20,0,10,34,36
Devontae Shuler,Ole Miss,2019-20,20.0,55,137,19,49,13,19,46,28,3,10,60,30,14.93,62,145,22,60,36,55,47,20,4,9,52,25
Devonte Bandoo,Baylor,2019-20,20.0,32,103,14,50,5,8,26,10,0,11,43,24,14.98,43,95,23,49,20,26,19,8,2,15,32,16
Devonte Butler,Morehouse College,2019-20,0.0,0,0,0,0,0,0,0,0,0,0,0,0,14.9,1,1,1,1,0,0,0,0,0,0,1,1
Devonte Green,Indiana,2019-20,20.0,56,149,37,88,17,21,34,11,4,6,31,25,14.92,34,109,15,61,26,41,22,7,0,2,31,24
Devonte Patterson,Prairie View A&M,2019-20,20.0,49,108,6,16,23,34,18,14,3,15,51,25,20.0,61,110,2,15,44,65,24,13,1,22,41,24
Devonte Sipling,Mobile,2019-20,20.0,1,2,0,0,0,0,1,0,0,2,2,2,20.0,4,6,0,0,0,0,0,0,0,3,5,2
Devyn Frye,Northland College,2019-20,20.0,1,5,0,0,0,0,1,0,0,0,1,2,14.95,0,1,0,1,0,0,0,0,0,0,0,2
Dewayne Legrand,Trinity Baptist,2019-20,0.0,0,0,0,0,0,0,0,0,0,0,0,2,14.98,0,1,0,0,0,0,0,1,0,0,0,1
Dexter Dennis,Wichita State,2019-20,20.0,35,113,20,68,14,18,17,7,5,12,45,17,17.78,49,130,30,80,18,20,13,8,5,27,50,10
Dexter McClanahan,Nicholls,2019-20,18.6,75,202,31,100,21,28,39,25,4,9,35,26,20.0,76,167,39,98,25,38,26,16,2,11,28,33
Dez Brown,Pikeville,2019-20,20.0,0,1,0,0,0,0,0,0,1,2,0,1,14.68,0,1,0,0,0,0,0,0,0,1,0,1
Dezmond McDaniel,Maryville University,2019-20,20.0,4,4,1,1,0,0,0,1,0,0,1,1,19.83,1,3,0,0,0,0,0,0,0,0,1,0
Dezmond Mcdaniel,Maryville University,2019-20,20.0,0,2,0,1,1,2,0,0,0,0,1,0,14.77,2,5,0,1,0,0,0,1,0,0,0,0
Dhamir Cosby-Roundtree,Villanova,2019-20,20.0,12,20,0,0,2,4,3,5,3,15,21,10,14.93,5,6,0,0,2,3,7,1,0,7,13,2
Diamondt Thomas,Wilberforce,2019-20,20.0,0,6,0,1,1,2,0,1,0,3,0,1,14.83,0,0,0,0,0,0,0,0,0,0,0,1
Diante Smith,TCU,2019-20,0.0,11,56,6,36,5,9,9,4,2,12,19,18,20.0,14,43,4,23,9,16,9,4,3,10,12,8
Diante Wood,Jacksonville,2019-20,20.0,31,70,0,3,21,40,15,5,2,27,25,17,17.95,43,78,0,0,27,46,9,11,3,20,24,15
Dibaji Walker,UMass,2019-20,20.0,16,55,4,33,3,4,4,5,5,2,21,10,20.0,22,41,8,16,10,11,5,2,3,5,14,8
Diego Poore,South Wesleyan,2019-20,0.0,0,0,0,0,0,0,0,0,0,0,0,0,17.58,0,1,0,0,0,0,0,0,0,0,0,0
Diego Rivera,Mercer,2019-20,20.0,7,21,3,14,2,4,6,2,0,4,5,5,14.95,6,17,3,10,4,4,6,2,1,3,4,4
Diego Willis,NJIT,2019-20,20.0,16,43,11,33,3,4,6,3,0,6,17,10,20.0,16,55,10,42,8,14,17,7,3,3,23,7
Dikymbe Martin,UC Riverside,2019-20,20.0,39,87,27,59,0,0,11,6,0,2,19,11,18.9,31,89,21,62,28,37,22,10,2,3,19,7
Dillon Butler,Ferrum,2019-20,0.0,0,0,0,0,0,0,0,0,0,0,0,0,14.85,0,1,0,1,0,0,0,0,0,0,1,0
Dillon Gooding,Arkansas Tech,2019-20,20.0,5,9,1,2,1,1,4,1,0,0,1,2,17.87,1,4,1,1,4,4,1,0,0,0,0,0
Dillon Young,Millsaps,2019-20,20.0,1,1,1,1,0,0,1,0,0,1,1,1,14.93,0,0,0,0,0,0,0,0,0,0,0,1
Dilyn Becker,Washington College (MD),2019-20,20.0,1,1,0,0,2,3,0,0,0,0,0,0,14.58,0,0,0,0,0,0,0,0,0,0,0,1
Dima Zdor,Weber State,2019-20,20.0,17,33,0,0,13,20,2,5,16,19,55,9,14.5,12,23,0,0,13,18,1,2,12,9,28,6
Dimencio Vaughn,Rider,2019-20,20.0,71,155,16,45,36,57,22,23,7,17,59,33,20.0,67,129,16,36,52,71,32,29,14,22,70,28
Dimetres Moore,,2019-20,3.35,7,9,4,5,2,2,0,2,0,0,5,4,0.0,1,7,0,3,2,2,1,1,0,0,2,0
Dimitri Weeks,Medgar Evers,2019-20,20.0,0,1,0,0,0,1,0,0,0,1,0,0,15.0,0,0,0,0,0,0,0,0,0,0,0,1
Dimitrije Spasojevic,UMBC,2019-20,20.0,69,115,0,0,11,22,14,6,4,21,34,23,14.83,46,78,0,0,15,27,12,5,3,10,35,8
Dimitrios Klonaras,California,2019-20,0.0,0,1,0,0,0,0,0,0,0,1,2,1,14.77,2,3,1,2,2,5,1,0,0,0,3,0
Dimitrios Margelis,Simpson University,2019-20,20.0,0,0,0,0,0,0,2,0,0,0,0,0,14.93,0,1,0,1,0,0,0,0,0,0,0,0
Dimitris Karaiskos,Old Dominion,2019-20,0.0,0,0,0,0,0,0,0,0,0,0,0,0,20.0,0,0,0,0,0,0,1,0,0,1,0,0
Dimitris Klonaras,California,2019-20,20.0,0,0,0,0,0,0,1,1,0,0,0,0,17.72,0,0,0,0,0,0,0,0,0,0,0,0
Dimon Carrigan,Florida International,2019-20,20.0,20,40,0,0,1,4,4,8,21,26,31,10,20.0,14,26,0,1,7,15,2,1,13,13,16,7
Diogo Brito,Utah State,2019-20,20.0,43,128,19,70,14,19,48,16,4,13,61,21,20.0,48,112,17,60,32,38,41,30,5,13,65,34
Dischon Thomas,Colorado State,2019-20,20.0,25,37,2,4,9,16,6,2,2,10,25,11,19.97,18,25,0,1,8,11,4,2,2,7,11,7
Divonte Lumpkin,Texas Southern,2019-20,17.78,8,19,0,3,2,6,6,9,0,2,15,6,20.0,3,13,0,4,1,2,1,5,0,1,9,4
Dj Burns Jr,Winthrop,2019-20,20.0,0,0,0,0,0,0,1,0,0,0,0,0,20.0,0,0,0,0,0,0,0,0,0,0,0,0
Dj Burns Jr.,,2019-20,3.22,1,4,0,1,0,0,0,0,1,0,0,2,0.0,3,5,0,0,0,0,0,0,0,0,1,0
Dj Doakes,Florida College,2019-20,20.0,2,4,2,4,0,0,1,0,0,1,1,1,20.0,1,3,1,3,0,2,0,0,0,0,1,1
Dj Redding,Oakland City,2019-20,20.0,1,4,0,0,0,0,0,0,0,0,0,0,14.98,1,1,0,0,0,0,0,0,0,0,0,0
Dj Sylvester,San Francisco State,2019-20,20.0,2,3,2,2,1,2,0,0,0,0,1,0,14.97,0,0,0,0,0,0,0,0,0,0,0,0
Djery Baptiste,UMass,2019-20,0.0,11,23,0,0,2,10,2,5,8,14,27,7,18.8,11,21,0,0,1,3,1,6,13,8,13,2
Djimon Henson,Morehead State,2019-20,17.77,46,122,23,64,23,34,15,5,6,17,45,18,20.0,56,129,24,66,34,44,16,6,5,17,39,14
Djimon Wilson,Tennessee Wesleyan,2019-20,0.0,0,0,0,0,0,0,0,0,0,0,0,0,14.77,0,1,0,0,0,0,3,1,0,0,1,1
Djordje Dimitrijevic,Mercer,2019-20,20.0,65,168,26,81,30,33,51,15,0,6,54,43,14.95,87,200,37,95,70,84,55,30,0,9,47,37
Doctor Bradley,CSU Fullerton,2019-20,20.0,0,1,0,1,0,0,0,0,0,0,0,0,17.68,0,0,0,0,0,0,0,0,0,0,0,0
Dominic Brewton,Alcorn State,2019-20,20.0,28,52,7,19,8,16,27,13,3,9,27,24,14.98,34,71,7,21,22,33,15,14,1,14,25,21
Dominic Demodna,Connecticut College,2019-20,20.0,0,2,0,1,0,0,0,0,0,0,0,0,14.67,0,2,0,0,0,0,0,0,0,0,0,1
Dominic Jackson,Texas A&M-International,2019-20,20.0,1,3,0,0,0,2,0,0,0,0,1,0,14.93,1,2,0,0,0,0,0,0,0,0,1,0
Dominic Laravie,Chicago,2019-20,20.0,0,4,0,1,0,0,0,0,0,0,1,4,14.9,1,2,1,1,4,4,0,0,0,1,0,1
Dominic Schuster,Mayville State,2019-20,19.75,0,0,0,0,0,0,1,0,0,0,0,0,14.97,1,1,0,0,0,0,0,0,0,0,0,1
Dominic Smith,Christendom,2019-20,20.0,2,9,0,2,0,0,1,2,0,1,0,5,14.98,0,2,0,0,1,2,0,0,0,1,2,3
Dominic St. Leon,Vanguard,2019-20,20.0,0,1,0,0,0,0,0,0,0,0,0,0,20.0,0,0,0,0,0,0,0,0,0,0,0,0
Dominick Pickett,UC Riverside,2019-20,20.0,37,87,19,49,8,9,22,9,1,4,37,13,18.43,38,86,24,52,17,20,21,10,0,3,32,10
Dominick Welch,St. Bonaventure,2019-20,20.0,57,156,34,102,10,14,29,19,5,24,74,31,17.87,65,152,36,90,29,35,32,16,5,29,78,30
Dominik Olejniczak,Florida State,2019-20,20.0,32,53,0,0,7,12,3,7,9,19,19,15,19.73,16,26,0,0,4,5,1,2,6,10,14,9
Dominique Mitchell,Kentucky Christian,2019-20,20.0,2,3,0,0,0,0,0,0,0,0,3,2,14.92,0,1,0,0,0,2,0,0,1,0,0,0
Dominique Oggs,Tennessee Wesleyan,2019-20,20.0,0,2,0,1,0,0,0,1,0,1,0,2,14.77,1,3,0,1,3,3,0,0,0,0,0,0
Dominique Senat,Farmingdale State,2019-20,20.0,1,4,0,1,0,0,0,0,0,0,0,1,14.73,0,1,0,0,0,3,0,0,0,3,0,0
Dominique Stevenson,Penn State Wilkes-Barre,2019-20,20.0,0,1,0,1,0,0,1,0,0,0,1,2,14.67,0,1,0,0,0,0,0,0,0,0,1,1
Don Coleman,South Alabama,2019-20,20.0,11,33,3,14,0,2,1,7,1,5,7,8,14.68,7,20,3,8,4,6,5,2,0,1,4,5
Don Morgan,SAGU American Indian College,2019-20,20.0,0,3,0,0,0,0,0,0,0,0,0,3,14.87,1,2,0,0,0,0,0,0,0,0,0,2
Donald Calais,Louisiana College,2019-20,20.0,0,4,0,3,0,0,0,0,0,0,2,0,16.93,1,1,1,1,0,0,0,1,1,0,0,0
Donald Carey,Siena,2019-20,20.0,65,138,34,76,19,29,32,19,1,7,34,30,17.67,36,107,17,55,32,33,27,8,1,4,31,33
Donald Hicks,Radford,2019-20,20.0,44,120,29,83,5,7,19,17,0,13,33,20,20.0,35,106,26,86,8,17,15,6,0,13,46,15
Donald Kummer,Fairmont State,2019-20,20.0,0,0,0,0,0,0,2,0,0,0,0,0,14.8,0,0,0,0,0,0,0,0,0,0,0,0
Donald Miller,Summit,2019-20,19.98,1,1,0,0,0,0,0,0,0,0,1,2,14.97,0,0,0,0,0,0,0,0,0,0,0,0
Donatas Kupsas,Weber State,2019-20,20.0,3,4,1,2,0,0,0,0,0,0,3,3,14.5,0,1,0,1,1,2,2,0,0,0,0,0
Donavahn Booker,Dallas Christian,2019-20,20.0,0,2,0,1,0,0,0,1,0,0,2,0,14.88,0,2,0,2,1,2,1,0,0,3,1,1
Donavan Moore,Toledo,2019-20,0.0,0,0,0,0,0,0,1,0,0,0,0,0,15.35,1,1,0,0,1,2,2,0,0,2,2,1
Dondre Duffus,Eastern Illinois,2019-20,20.0,8,18,0,3,3,9,5,6,0,1,9,10,14.92,1,8,1,3,3,4,3,3,0,0,7,9
Dondre Griffin,Hampton,2019-20,20.0,24,56,15,37,9,10,21,14,4,6,26,21,14.88,19,54,9,31,14,22,35,7,0,4,23,12
Donel Cathcart III,Youngstown St,2019-20,20.0,40,108,17,55,5,6,22,8,4,10,38,17,16.87,39,90,12,36,18,25,13,3,3,10,33,14
Donnell Gresham Jr,Georgia,2019-20,0.0,0,0,0,0,0,0,15,0,0,0,0,0,18.05,0,0,0,0,0,0,17,0,0,0,0,0
Donnell Gresham Jr.,Georgia,2019-20,20.0,24,56,6,29,10,14,6,11,0,21,41,11,18.05,25,51,9,23,30,34,2,15,0,17,39,11
Donnie Malone,Tennessee State,2019-20,20.0,0,0,0,0,0,0,1,1,0,0,1,0,20.0,2,2,0,0,1,3,0,1,0,0,3,3
Donnie Miller,Midway,2019-20,20.0,1,3,0,1,0,0,0,0,0,1,0,1,14.88,0,0,0,0,1,2,0,0,0,0,0,2
Donnie Tillman,UNLV,2019-20,20.0,39,98,13,40,36,49,25,2,3,20,28,28,18.22,25,76,6,24,38,46,21,7,2,16,39,24
Donolly Tyrell Jr.,William Peace,2019-20,20.0,0,2,0,1,0,0,0,0,0,0,0,0,14.97,0,1,0,1,0,0,0,0,0,0,0,1
Donovan Clay,Valparaiso,2019-20,20.0,67,144,16,59,14,24,30,6,14,22,59,24,20.0,62,138,15,48,18,25,29,15,20,26,49,12
Donovan Farrell,Michigan Dearborn,2019-20,20.0,0,0,0,0,0,2,0,0,0,0,0,1,17.88,0,1,0,0,0,0,0,0,0,0,0,0
Donovan Givens,Millsaps,2019-20,0.0,0,0,0,0,0,0,0,0,0,0,0,0,14.93,0,2,0,2,0,0,0,0,1,0,1,0
Donovan Gregory,Appalachian State,2019-20,20.0,11,24,0,0,0,1,10,4,0,7,15,7,20.0,6,15,0,1,2,3,2,5,1,7,13,1
Donovan Ivory,UMass Lowell,2019-20,0.0,0,0,0,0,0,0,0,0,0,0,0,0,14.88,1,2,0,1,0,0,1,0,0,0,2,0
Donovan Mccrae,Summit,2019-20,19.98,0,2,0,1,0,0,0,0,0,0,2,6,14.97,1,3,0,0,0,0,1,0,0,0,1,2
Donovan Sims,Middle Tennessee,2019-20,20.0,40,127,13,62,12,18,41,16,2,4,40,29,20.0,48,115,31,72,22,31,47,26,2,3,38,41
Donovan Theme-Love,Wofford,2019-20,0.0,10,24,5,10,4,5,20,7,0,0,24,11,14.97,8,25,6,19,1,5,20,5,0,1,16,16
Donovan Williams,Texas,2019-20,20.0,13,44,7,22,6,8,3,6,4,3,8,18,15.58,17,39,3,19,5,7,4,6,0,2,12,7
Donovan Wilson,Puget Sound,2019-20,0.0,0,0,0,0,0,0,0,0,0,0,0,1,14.95,0,2,0,0,0,0,1,0,0,0,1,0
Donoven Carlisle,,2019-20,0.57,7,9,2,4,2,2,0,0,0,0,3,2,0.0,1,8,1,5,0,0,0,0,1,0,1,0
Donta Henry,Northwestern Ohio,2019-20,0.0,0,0,0,0,0,0,0,0,0,0,0,0,14.68,0,1,0,0,0,0,0,0,0,0,1,0
Donta Scott,Maryland,2019-20,20.0,35,88,17,52,13,16,8,10,3,18,30,7,15.55,30,63,7,26,7,8,9,4,1,20,40,9
Dontarius James,Xavier,2019-20,0.0,2,7,1,6,1,3,2,2,0,3,7,3,17.1,1,9,1,7,3,6,3,0,1,5,9,4
Dontay Bassett,Florida,2019-20,20.0,5,12,0,1,4,8,4,3,6,9,7,1,17.93,2,3,0,1,3,4,1,0,2,3,8,4
Donte Tatum,Samford,2019-20,10.0,23,66,8,24,9,15,10,5,4,14,18,17,20.0,25,58,6,11,5,12,8,8,1,8,27,16
Dontelius Ross,Jackson State,2019-20,20.0,9,25,7,16,1,3,25,12,0,5,25,22,15.52,9,24,6,15,15,20,8,19,0,2,13,12
Dontrell Shuler,Charleston Southern,2019-20,20.0,42,94,6,16,33,47,21,8,1,3,22,20,15.02,38,79,4,14,16,23,13,5,0,2,18,15
Donyell Marshall Jr.,Central Connecticut,2019-20,0.0,0,0,0,0,0,0,0,0,2,1,1,1,14.67,1,1,0,0,0,0,0,0,0,0,0,0
Donyell Meredith II,Indiana South Bend,2019-20,20.0,0,2,0,1,0,0,0,1,0,2,1,2,17.2,2,5,1,2,0,0,1,0,0,0,1,1
Dorde Otasevic,Oberlin College,2019-20,20.0,3,5,2,2,0,0,0,0,1,1,4,3,14.98,0,1,0,0,0,0,0,0,0,0,1,1
Dorea Wilson,Reinhardt,2019-20,20.0,3,6,2,4,0,0,0,0,0,1,4,1,14.92,1,3,0,2,0,0,0,0,0,0,0,0
Dorian Haynes,Penn State Wilkes-Barre,2019-20,20.0,0,3,0,3,2,2,0,0,0,0,0,1,14.67,1,2,1,1,0,0,0,0,0,0,1,1
Dorian James,North Florida,2019-20,20.0,15,41,2,10,9,14,14,3,6,20,25,20,17.93,17,31,4,12,14,19,9,6,3,17,20,9
Dorian Robinson,Mount St. Vincent,2019-20,20.0,1,3,1,1,2,2,1,0,0,2,2,0,14.97,1,2,1,2,0,0,0,1,0,0,3,1
Dou Gueye,Louisiana,2019-20,20.0,41,116,8,35,18,28,20,6,1,15,57,36,14.77,50,127,9,34,37,46,16,9,5,45,61,33
Doug Edert,Saint Peter's,2019-20,20.0,30,77,23,54,5,9,7,5,1,4,22,18,14.88,37,74,26,56,27,32,9,0,1,4,17,11
Doug Wallen,Illinois Wesleyan,2019-20,20.0,2,5,1,1,0,0,1,0,0,1,4,0,17.18,3,6,0,2,0,0,1,0,0,1,2,1
Doug Watson,Millsaps,2019-20,0.0,0,0,0,0,0,0,0,0,0,0,0,0,14.93,1,1,0,0,0,0,0,0,0,0,2,0
Douglas Elks,Western Carolina,2019-20,0.0,1,6,1,6,0,0,1,0,0,0,4,1,20.0,2,5,1,3,0,0,2,1,0,1,3,1
Douglas Wilson,South Dakota State,2019-20,20.0,96,156,0,2,39,57,23,7,4,40,41,40,19.45,76,121,1,4,42,64,14,9,10,32,42,27
Dovy Pinskus,Seattle,2019-20,20.0,0,2,0,0,0,0,0,0,1,0,1,0,14.82,0,0,0,0,2,2,0,0,0,0,1,0
Dozier Thomas,Fisk,2019-20,20.0,1,1,1,1,0,0,0,0,0,0,0,0,14.77,1,3,1,2,1,2,2,0,0,1,2,0
Dragan Elkaz,UC Riverside,2019-20,20.0,21,54,17,48,0,0,3,3,1,1,19,6,18.43,18,47,17,44,6,8,6,1,0,1,12,6
Drake,,2019-20,0.0,0,0,0,0,0,0,0,0,0,20,32,9,0.0,0,0,0,0,0,0,0,0,0,24,22,14
Dre Fuller Jr,UCF,2019-20,20.0,0,0,0,0,0,0,9,0,0,0,0,0,20.0,0,0,0,0,0,0,11,0,0,0,0,0
Dre Fuller Jr.,UCF,2019-20,20.0,20,53,4,20,10,15,5,10,7,7,21,16,20.0,29,64,6,20,5,8,2,7,4,16,16,8
Dre Marin,Southern Utah,2019-20,17.97,28,79,18,53,22,26,21,3,0,3,19,19,20.0,36,86,18,54,18,23,24,12,2,5,37,14
Dre'Shawn Allen,Western Illinois,2019-20,0.0,5,22,1,6,2,4,4,6,0,0,11,12,20.0,8,17,4,9,2,2,2,4,0,0,5,7
Dreshawn Allen,,2019-20,7.63,5,13,4,6,0,0,7,0,0,3,1,2,0.0,5,11,0,2,2,2,2,2,0,1,2,0
Drew Aiken,Regent University,2019-20,20.0,2,8,1,3,1,2,1,2,0,1,4,5,14.97,1,9,0,2,2,2,3,0,0,1,4,1
Drew Bernhagen,Wisconsin Lutheran,2019-20,0.0,0,0,0,0,0,0,0,0,0,0,0,0,14.83,1,1,1,1,0,0,0,0,0,0,1,0
Drew Buggs,Hawai'i,2019-20,20.0,47,120,12,45,10,12,72,12,4,5,64,45,16.12,60,168,14,53,27,41,77,16,1,19,44,37
Drew Burnett,Millsaps,2019-20,20.0,0,1,0,1,0,0,2,1,0,0,0,0,14.93,0,0,0,0,0,0,0,0,0,0,0,0
Drew Cobb,Long Beach State,2019-20,20.0,22,46,1,8,5,6,25,5,2,9,52,18,20.0,21,47,3,9,18,21,18,8,0,8,23,14
Drew Cone,Ecclesia College,2019-20,20.0,5,9,5,7,0,0,4,2,0,0,1,1,14.82,2,5,2,5,0,0,1,0,0,0,1,0
Drew Edwards,Charlotte,2019-20,20.0,37,101,17,49,23,27,27,22,5,12,50,32,20.0,50,120,23,60,45,59,19,14,7,13,42,22
Drew Friberg,Princeton,2019-20,20.0,32,73,20,54,6,8,17,16,0,7,46,7,19.47,32,83,23,61,14,15,11,14,2,8,23,4
Drew Greene,Virginia-Wise,2019-20,20.0,1,3,0,0,1,1,2,0,0,0,0,1,14.85,0,1,0,1,0,0,0,0,0,0,0,1
Drew Grow,Valley Forge,2019-20,20.0,0,4,0,2,0,0,0,0,1,0,1,0,14.83,0,2,0,2,1,2,0,0,0,0,0,0
Drew Huse,Montana Tech,2019-20,20.0,0,3,0,1,0,0,2,1,0,0,1,0,14.77,1,1,0,0,0,0,0,0,0,0,2,0
Drew Lakey,Old Dominion,2019-20,0.0,0,1,0,1,0,0,0,0,0,1,0,0,20.0,1,2,0,1,0,0,0,0,0,0,0,0
Drew Lowder,Holy Cross,2019-20,20.0,25,70,7,22,5,7,25,7,0,1,9,18,15.55,37,73,20,43,5,6,11,3,0,2,10,16
Drew Lutz,Incarnate Word,2019-20,20.0,63,161,27,76,37,41,55,14,0,6,34,52,14.63,51,126,17,57,31,37,51,20,0,10,24,31
Drew Pember,Tennessee,2019-20,0.0,5,15,2,9,2,2,2,1,0,7,4,2,14.93,2,6,1,4,7,8,1,0,1,1,5,3
Drew Peterson,Rice,2019-20,20.0,47,118,21,61,12,16,46,18,5,9,78,41,14.97,59,135,19,56,52,60,58,13,4,33,57,33
Drew Riley,Elizabethtown,2019-20,20.0,0,1,0,0,0,0,0,0,1,0,0,1,14.92,0,0,0,0,0,0,0,0,0,0,0,0
Drew Romich,Kennesaw State,2019-20,20.0,4,12,0,0,2,4,8,1,1,14,22,9,20.0,3,9,0,0,2,4,5,1,1,7,20,5
Drew Switzer,Peru State College,2019-20,0.0,0,2,0,1,0,0,0,0,0,0,0,0,14.98,5,7,2,3,0,0,1,1,0,0,0,2
Drew Tennial,Texas State,2019-20,20.0,8,16,1,3,10,14,2,4,1,3,13,3,14.9,8,12,0,0,2,3,0,2,1,5,6,1
Drew Timme,Gonzaga,2019-20,20.0,72,107,0,0,23,36,16,8,15,36,55,18,14.88,38,69,0,1,37,59,20,8,11,23,39,17
Drew Walton,Newport News Apprentice,2019-20,20.0,4,8,0,0,1,3,1,2,0,1,1,1,14.92,1,5,0,0,0,0,1,0,0,2,1,1
Drew Weikert,Vanderbilt,2019-20,20.0,1,1,0,0,0,0,0,1,0,0,0,0,20.0,1,1,0,0,0,0,0,1,0,0,0,0
Drexel,,2019-20,0.0,0,0,0,0,0,0,0,0,0,43,31,9,0.0,0,0,0,0,0,0,0,0,0,45,26,21
Dru Kuxhausen,McNeese,2019-20,20.0,77,157,69,135,25,30,18,8,0,1,25,16,20.0,52,124,43,105,22,22,17,10,0,4,19,24
Dru Smith,Missouri,2019-20,20.0,61,157,16,51,53,58,56,31,2,22,42,43,14.63,55,124,9,31,62,70,58,28,10,17,45,37
Duane Washington Jr,Ohio State,2019-20,0.0,0,0,0,0,0,0,10,0,0,0,0,0,20.0,0,0,0,0,0,0,7,0,0,0,0,0
Duane Washington Jr.,Ohio State,2019-20,20.0,57,140,31,79,13,17,11,5,2,1,40,17,20.0,45,120,24,60,37,43,11,4,0,5,31,19
Duje Radja,,2019-20,0.0,0,0,0,0,0,0,0,0,0,0,0,1,0.0,0,0,0,0,0,0,0,0,0,0,0,0
Duke,,2019-20,0.0,0,0,0,0,0,0,0,0,0,31,31,2,0.0,0,0,0,0,0,0,0,0,0,25,21,9
Dulan Scott,,2019-20,0.42,5,8,3,3,0,0,2,0,0,0,3,1,0.0,2,7,0,2,1,2,1,0,0,1,0,1
Duncan Demuth,Vermont,2019-20,20.0,7,17,4,13,1,1,4,1,0,6,3,2,20.0,2,12,1,9,3,4,1,1,0,2,5,1
Duncan LeXander,Charleston Southern,2019-20,20.0,16,65,14,55,5,5,12,11,8,19,32,14,14.88,18,64,15,55,7,11,13,12,2,23,34,12
Duquesne,,2019-20,0.0,0,0,0,0,0,0,0,0,0,37,20,3,0.0,0,0,0,0,0,0,0,0,0,34,16,9
Durante Lee,Purdue Northwest,2019-20,20.0,2,2,0,0,0,0,0,2,0,0,2,1,20.0,3,4,1,1,3,3,1,1,0,1,3,1
Dustin Ladson,Reinhardt,2019-20,0.0,0,0,0,0,0,0,0,0,0,0,0,0,14.92,0,1,0,0,0,0,0,0,0,0,1,0
Dwaine Simmons,Rio Grande,2019-20,19.98,0,2,0,1,0,0,0,1,0,0,2,1,14.62,0,0,0,0,0,0,0,0,0,0,0,0
Dwayne Cohill,Dayton,2019-20,20.0,10,19,1,5,4,4,11,4,3,4,17,12,20.0,14,22,2,6,8,13,4,6,1,5,16,10
Dwayne Morgan,Southern Utah,2019-20,19.1,39,107,10,40,15,22,6,9,8,8,28,25,20.0,39,83,9,23,31,43,5,3,6,9,33,15
Dwayne Morton,Goucher,2019-20,20.0,4,10,0,3,0,0,3,3,0,3,2,2,14.88,1,3,0,0,0,0,3,0,0,0,1,4
Dwayne Rose Jr,Detroit Mercy,2019-20,20.0,0,0,0,0,0,0,10,0,0,0,0,0,15.82,0,0,0,0,0,0,10,0,0,0,0,0
Dwayne Rose Jr.,Detroit Mercy,2019-20,20.0,25,73,5,15,21,33,0,6,1,12,17,20,17.92,34,79,6,8,35,46,0,5,3,16,23,24
Dwayne Sutton,Louisville,2019-20,20.0,49,97,16,45,18,29,36,13,12,34,87,19,14.87,43,87,11,34,41,55,18,12,9,39,86,10
Dwayne Wilson,Reinhardt,2019-20,20.0,1,5,1,5,0,0,0,0,0,1,1,0,14.78,2,5,1,3,0,0,0,0,1,0,0,1
Dwight Harris,Spring Hill,2019-20,20.0,4,10,2,6,0,0,5,0,0,4,4,5,14.87,2,5,0,0,0,0,2,1,0,1,1,2
Dwight Murray Jr,Incarnate Word,2019-20,20.0,0,0,0,0,0,0,36,0,0,0,0,0,18.15,0,0,0,0,0,0,33,0,0,0,0,0
Dwight Murray Jr.,Incarnate Word,2019-20,20.0,54,124,18,50,18,22,0,13,3,10,35,33,14.63,38,98,5,31,42,45,0,8,0,3,45,31
Dwight Wilson,James Madison,2019-20,20.0,54,98,0,0,9,17,7,4,4,38,80,19,20.0,47,85,0,0,23,46,4,8,2,34,63,15
Dylan Alderson,Toledo,2019-20,0.0,25,65,11,34,9,13,16,12,4,13,46,15,20.0,27,59,10,29,17,24,16,7,1,10,22,13
Dylan Allen,Indiana South Bend,2019-20,20.0,1,8,0,3,0,0,0,1,0,1,1,2,17.2,0,1,0,0,0,0,1,2,0,0,0,1
Dylan Banks,Simpson University,2019-20,19.97,3,5,1,2,0,0,4,3,0,0,5,4,14.85,1,5,0,2,0,1,2,0,0,1,4,6
Dylan Beckham,Brescia,2019-20,20.0,0,1,0,0,0,0,0,0,2,0,2,1,14.97,0,1,0,1,0,0,0,0,0,0,1,1
Dylan Browning,Walla Walla University,2019-20,20.0,0,5,0,0,2,2,0,0,0,1,4,1,14.93,3,3,1,1,0,0,0,0,0,1,0,2
Dylan Carl,Purdue Fort Wayne,2019-20,20.0,44,83,4,18,11,23,22,8,12,23,55,17,18.22,39,60,2,6,19,32,20,14,13,21,50,25
Dylan Catron,Emory & Henry,2019-20,20.0,0,1,0,1,1,2,0,0,1,0,2,0,14.93,0,0,0,0,0,0,0,0,0,0,0,0
Dylan Dirks,Nebraska Wesleyan,2019-20,20.0,1,2,0,0,0,0,2,0,0,0,1,0,17.92,1,3,1,2,0,0,0,0,0,1,0,2
Dylan Disu,Vanderbilt,2019-20,20.0,40,100,25,78,7,13,17,13,13,9,69,20,17.82,35,108,22,80,11,21,11,16,16,18,64,21
Dylan Frye,Bowling Green,2019-20,20.0,67,160,32,83,17,28,54,7,1,9,38,29,15.38,54,152,20,75,36,48,51,6,1,10,35,30
Dylan Hastings,Lafayette,2019-20,0.0,10,18,2,3,0,1,12,6,13,7,29,6,20.0,5,12,0,3,0,0,5,2,8,6,25,4
Dylan McConnell,Pacific Lutheran,2019-20,20.0,1,3,1,1,0,0,1,0,0,0,0,0,14.82,0,1,0,0,0,0,2,0,0,0,0,1
Dylan Morrison,Lamar,2019-20,20.0,2,4,0,1,4,10,0,3,5,2,2,1,14.98,1,3,0,0,0,1,0,1,3,5,1,5
Dylan O'Hara,,2019-20,0.63,3,8,1,3,0,0,0,0,0,2,1,5,0.0,2,5,2,3,0,0,1,0,0,0,1,0
Dylan Painter,Delaware,2019-20,20.0,34,55,2,3,22,33,15,2,7,21,44,13,20.0,35,55,0,1,37,49,7,3,9,25,33,23
Dylan Pannabecker,Montana Tech,2019-20,20.0,2,3,1,1,0,0,1,0,0,0,0,2,14.77,0,0,0,0,0,0,0,0,0,0,0,1
Dylan Sacco,Nazareth,2019-20,0.0,0,0,0,0,0,0,0,0,0,0,0,0,14.97,0,0,0,0,0,0,1,1,0,0,0,0
Dylan Smith,Arizona,2019-20,20.0,42,118,25,73,6,9,24,11,9,7,41,28,14.92,40,101,30,70,29,40,16,10,7,6,42,15
Dylan Streett,Willamette,2019-20,20.0,0,0,0,0,0,0,1,0,0,0,0,0,14.98,0,0,0,0,0,0,0,0,0,0,0,0
Dylan Swientek,Wesley,2019-20,20.0,0,0,0,0,2,2,0,0,0,0,0,0,14.92,0,0,0,0,0,0,0,0,0,0,0,0
Dylan Swingle,Bowling Green,2019-20,20.0,9,18,0,0,8,10,2,3,0,3,13,6,19.83,1,6,0,0,0,0,1,0,0,1,3,1
Dylan Torello,Lyndon State College,2019-20,0.0,0,0,0,0,0,0,0,0,0,0,0,0,14.65,0,3,0,1,0,1,0,0,0,0,1,0
Dylan Trombley,Oneonta State,2019-20,20.0,0,3,0,2,0,0,0,1,0,0,1,2,17.78,2,4,0,1,0,0,1,0,0,0,2,0
Dylan Trow,Rutgers-Camden,2019-20,20.0,1,2,0,1,0,0,0,0,0,2,0,0,14.82,0,1,0,1,0,0,0,0,0,0,0,0
Dylan Woods,Heidelberg,2019-20,19.98,3,7,3,4,0,0,1,0,0,2,0,1,14.98,2,3,0,0,0,0,1,0,0,0,0,1
Dylan van Eyck,Iona,2019-20,15.0,17,35,2,15,12,22,19,14,14,13,49,12,20.0,10,19,4,9,12,14,7,7,8,9,29,4
Dzmitry Ryuny,San Francisco,2019-20,20.0,30,67,25,58,7,8,9,7,3,5,28,7,14.92,14,37,9,25,6,6,4,3,3,5,14,6
E. Central Okla,,2019-20,0.0,0,0,0,0,0,0,0,0,0,1,0,0,0.0,0,0,0,0,0,0,0,0,0,0,0,0
E. New Mexico,,2019-20,0.0,0,0,0,0,0,0,0,0,0,0,5,2,0.0,0,0,0,0,0,0,0,0,0,1,1,0
E.J. Anosike,Sacred Heart,2019-20,20.0,95,192,7,32,51,81,0,17,5,68,111,37,14.95,82,168,11,43,79,99,0,15,3,67,127,28
E.J. Crawford,Iona,2019-20,18.85,90,180,21,56,43,53,0,11,2,13,55,34,20.0,71,153,10,39,85,102,0,12,8,17,50,32
E.J. Liddell,Ohio State,2019-20,20.0,37,75,0,12,22,30,5,5,10,13,48,19,20.0,33,75,5,13,35,49,6,8,16,21,30,9
E.J. Stephens,Lafayette,2019-20,20.0,60,146,21,60,19,21,0,8,5,6,36,10,20.0,68,147,14,47,33,37,0,13,2,3,35,19
EJ Anosike,Sacred Heart,2019-20,20.0,0,0,0,0,0,0,32,0,0,0,0,0,14.95,0,0,0,0,0,0,21,0,0,0,0,0
EJ Bellinger,Belmont,2019-20,0.0,0,0,0,0,0,0,0,0,0,0,1,1,14.85,3,6,1,4,0,0,2,0,0,0,2,1
EJ Crawford,Iona,2019-20,20.0,0,0,0,0,0,0,24,0,0,0,0,0,20.0,0,0,0,0,0,0,25,0,0,0,0,0
EJ Jarvis,Yale,2019-20,20.0,2,4,0,0,4,8,0,0,0,3,1,0,14.98,1,3,0,0,3,4,1,0,0,4,2,0
EJ Liddell,Ohio State,2019-20,20.0,0,0,0,0,0,0,2,0,0,0,0,0,14.97,0,0,0,0,0,0,1,0,0,0,0,0
EJ Montgomery,Kentucky,2019-20,20.0,43,80,0,4,10,15,8,6,12,27,59,17,20.0,27,55,1,2,19,26,8,6,17,21,40,12
EJ Perry,Brown,2019-20,0.0,0,0,0,0,0,0,0,0,0,0,0,0,14.8,0,0,0,0,0,0,1,0,0,0,0,0
EJ Stephens,Lafayette,2019-20,20.0,0,0,0,0,0,0,37,0,0,0,0,0,20.0,0,0,0,0,0,0,26,0,0,0,0,0
EJ Williams,Alabama A&M,2019-20,20.0,22,52,0,0,17,30,5,3,5,14,33,18,14.95,33,57,0,0,11,20,9,2,8,8,35,12
East Carolina,,2019-20,0.0,0,0,0,0,0,0,0,0,0,47,31,2,0.0,0,0,0,0,0,0,0,0,0,45,32,0
East Tennessee State,,2019-20,0.0,0,0,0,0,0,0,0,0,0,23,25,4,0.0,0,0,0,0,0,0,0,0,0,21,17,4
Eastern Illinois,,2019-20,0.0,0,0,0,0,0,0,0,0,0,24,26,8,0.0,0,0,0,0,0,0,0,0,0,25,12,5
Eastern Kentucky,,2019-20,0.0,0,0,0,0,0,0,0,0,0,27,23,7,0.0,0,0,0,0,0,0,0,0,0,33,16,2
Eastern Michigan,,2019-20,0.0,0,0,0,0,0,0,0,0,0,33,29,9,0.0,0,0,0,0,0,0,0,0,0,37,28,7
Eastern Oregon,,2019-20,0.0,0,0,0,0,0,0,0,0,0,1,0,0,0.0,0,0,0,0,0,0,0,0,0,1,0,0
Eastern Washington,,2019-20,0.0,0,0,0,0,0,0,0,0,0,47,13,0,0.0,0,0,0,0,0,0,0,0,0,49,22,4
Ebby Asamoah,Delaware,2019-20,20.0,3,6,1,2,0,0,3,1,1,2,7,0,14.93,3,5,3,4,3,4,3,1,1,0,6,2
Ebrima Dibba,Coastal Carolina,2019-20,20.0,10,24,2,4,9,9,14,3,0,4,11,7,20.0,9,18,0,0,6,7,8,4,0,1,5,1
Ebube Ebube,Manhattan,2019-20,0.0,0,0,0,0,0,0,0,0,0,1,1,2,19.78,2,2,0,0,0,0,0,1,1,1,3,0
Ecclesia,,2019-20,0.0,0,0,0,0,0,0,0,0,0,1,2,1,0.0,0,0,0,0,0,0,0,0,0,2,1,1
Eche Okeke,San Francisco State,2019-20,20.0,0,1,0,0,0,0,0,0,0,0,0,3,14.97,0,2,0,0,0,0,0,0,0,2,0,1
Ed Carter,Xavier LA,2019-20,20.0,1,4,0,2,0,0,0,0,0,0,1,0,20.0,3,4,3,4,0,0,1,0,0,0,1,2
Ed Croswell,La Salle,2019-20,15.0,37,63,0,0,12,24,7,9,4,35,43,29,20.0,65,105,0,0,37,63,9,8,8,56,51,23
Ed Morrow,Marquette,2019-20,19.98,9,18,0,0,4,8,1,3,4,8,19,9,14.92,5,10,0,0,1,4,2,0,5,9,9,5
Ed Porter,Lehigh,2019-20,20.0,10,23,0,0,0,0,1,0,1,8,14,8,14.98,7,16,0,0,0,0,2,2,0,5,15,3
Eddie Burgess,Loyola New Orleans,2019-20,20.0,0,1,0,0,0,0,0,1,1,1,1,1,14.77,0,1,0,0,0,0,0,0,0,0,0,0
Eddie Davis III,The Citadel,2019-20,20.0,27,70,9,27,18,21,10,3,4,12,46,21,20.0,20,53,5,19,8,11,9,5,2,17,23,19
Eddie Giron,West New Mexico,2019-20,19.93,0,1,0,0,0,0,0,0,0,0,0,0,14.97,0,1,0,0,0,0,0,0,0,0,0,0
Eddie Scott,Pennsylvania,2019-20,20.0,14,28,6,18,3,5,12,5,1,11,24,11,20.0,18,37,6,22,6,11,8,4,0,3,28,4
Eddie Stansberry,Hawai'i,2019-20,20.0,73,176,45,118,17,19,21,13,5,3,40,14,16.12,77,184,40,112,55,62,16,17,1,5,41,18
Eddie Turner III,Columbia,2019-20,20.0,5,11,2,5,0,0,1,5,1,1,6,8,17.97,4,12,0,2,0,0,1,1,0,0,1,2
Eddy Egun,Montana,2019-20,20.0,6,19,4,11,8,14,3,1,3,5,19,6,16.37,4,16,2,7,0,1,4,2,0,0,19,4
Eddy Kayouloud,Central Arkansas,2019-20,20.0,53,127,8,33,23,26,24,11,3,25,58,35,14.98,81,161,9,32,42,60,27,15,5,33,60,39
Eden Ewing,Texas Southern,2019-20,20.0,40,67,1,1,15,21,7,3,7,20,32,23,14.9,39,70,0,1,35,58,4,5,11,15,22,20
Edgars Kaufmanis,Texas A&M-CC,2019-20,20.0,1,6,1,5,0,0,1,1,0,0,2,2,20.0,1,6,1,4,0,0,1,1,0,1,1,1
Edinboro,,2019-20,0.0,0,0,0,0,0,0,0,0,0,2,1,0,0.0,0,0,0,0,0,0,0,0,0,1,0,0
Edra Luster,East Carolina,2019-20,20.0,0,4,0,0,1,2,4,1,1,5,3,2,20.0,1,3,0,0,3,5,0,0,0,0,3,2
Edric Dennis,TCU,2019-20,20.0,27,94,21,59,15,24,31,6,1,0,23,34,17.17,28,84,15,46,15,23,37,17,2,3,21,27
Edrick Alsworth,Alcorn State,2019-20,0.0,0,1,0,1,0,0,0,1,0,0,0,0,14.93,0,2,0,1,0,0,0,0,0,0,1,1
Eduardo Lane,San José St,2019-20,20.0,14,29,0,1,6,17,3,1,4,13,16,16,20.0,17,30,1,2,5,9,11,1,5,6,17,7
Edvin Tedesjo,Our Lady of the Lake,2019-20,20.0,2,3,0,0,0,0,0,0,0,3,2,1,14.9,1,2,0,0,1,2,0,0,0,1,0,0
Edward Oliver-Hampton,Hampton,2019-20,20.0,29,79,6,22,12,14,11,13,2,20,46,17,14.88,21,56,4,13,10,14,6,6,1,16,28,7
Edwon Brady,South Wesleyan,2019-20,20.0,1,3,0,0,0,0,1,1,0,1,0,1,17.58,2,5,1,3,0,1,2,0,0,1,2,0
Efe Odigie,UTEP,2019-20,20.0,38,72,2,3,8,16,5,5,1,10,40,24,16.6,21,47,2,3,19,26,4,5,2,11,37,11
Efstratios Kalogerias,Norfolk State,2019-20,20.0,16,41,4,18,11,13,9,6,7,8,23,8,17.82,6,24,2,11,9,14,7,1,4,11,12,7
Eito Yuminami,Georgia Southern,2019-20,0.0,0,0,0,0,0,0,0,0,0,0,0,0,14.92,2,2,2,2,1,1,2,2,0,0,1,0
Ej Bush,Carson Newman,2019-20,20.0,2,6,0,0,0,0,0,1,1,1,1,4,14.85,1,2,0,0,0,2,0,0,0,1,1,0
Ejike Obinna,Vanderbilt,2019-20,20.0,20,36,0,1,9,21,0,7,4,29,39,15,17.82,24,39,0,0,16,25,0,5,3,20,39,9
Elafayette Stone,South Carolina State,2019-20,20.0,0,1,0,0,1,2,0,0,0,0,0,0,14.73,0,0,0,0,0,0,0,0,0,0,0,1
Eli Abaev,Austin Peay,2019-20,20.0,47,94,0,1,33,59,15,7,9,28,75,27,14.98,33,68,0,0,23,43,18,15,9,41,61,15
Eli Ballstaedt,Utah,2019-20,20.0,1,5,1,5,0,0,1,0,0,0,2,0,14.98,4,10,4,10,0,0,1,1,0,0,3,1
Eli Brooks,Michigan,2019-20,20.0,53,136,22,69,5,6,29,10,2,8,43,19,20.0,53,122,24,60,28,36,25,13,2,7,43,16
Eli Lawrence,Middle Tennessee,2019-20,20.0,24,75,16,49,11,14,13,11,3,15,34,11,20.0,24,52,9,28,13,16,9,7,0,7,21,10
Eli Parquet,Colorado,2019-20,20.0,6,25,5,17,7,9,9,2,3,1,11,12,20.0,11,24,4,12,4,7,7,4,3,4,4,6
Eli Pemberton,Hofstra,2019-20,20.0,109,238,36,84,53,62,28,25,1,27,63,30,20.0,82,182,20,62,64,75,33,17,4,25,52,25
Eli Ramsey,Malone University,2019-20,19.92,1,2,0,0,0,0,0,1,0,1,2,1,18.48,0,0,0,0,0,0,0,0,0,0,2,0
Eli Scott,Loyola Marymount,2019-20,20.0,73,140,6,17,38,64,72,13,1,21,91,52,14.8,97,181,2,12,85,125,55,15,4,25,67,49
Elias Harden,Jacksonville State,2019-20,20.0,37,118,20,66,16,19,26,7,1,8,26,24,19.48,32,102,12,46,10,15,18,6,1,8,30,15
Elias Her Many Horses,Haskell,2019-20,20.0,0,1,0,0,0,0,0,0,0,1,1,0,14.92,0,0,0,0,0,0,0,0,0,1,2,1
Elias Scott,Medgar Evers,2019-20,20.0,2,4,1,1,0,1,1,0,0,0,3,0,15.0,1,5,1,2,1,2,0,0,0,0,1,0
Elias Valtonen,Arizona State,2019-20,20.0,5,14,3,5,4,7,3,5,2,2,17,8,20.0,6,17,3,8,2,6,4,4,0,2,13,2
Eliet Donley,Chaminade,2019-20,20.0,3,8,0,1,0,0,2,1,0,3,3,4,14.72,4,6,0,1,4,4,0,2,0,4,5,4
Elijah Barnes,Princeton,2019-20,20.0,5,6,0,0,3,4,0,2,0,4,5,1,16.07,4,7,0,3,3,5,2,2,0,0,2,5
Elijah Boyd,Widener,2019-20,20.0,1,4,1,3,0,0,0,1,0,0,2,1,14.8,2,6,0,3,2,2,0,0,0,0,1,0
Elijah Buchanan,Manhattan,2019-20,20.0,43,121,7,31,10,18,30,17,1,12,30,32,19.78,41,100,9,33,11,21,27,14,1,12,38,28
Elijah Burns,Siena,2019-20,20.0,58,98,7,14,48,55,12,8,2,20,51,24,17.67,67,97,4,8,69,79,10,8,4,26,49,27
Elijah Childs,Bradley,2019-20,20.0,55,114,3,15,17,22,6,3,11,15,65,8,14.92,58,108,2,12,27,41,10,4,13,28,53,21
Elijah Cuffee,Liberty,2019-20,20.0,38,85,25,60,3,4,36,11,7,8,29,19,20.0,29,89,12,49,20,23,31,17,11,7,24,18
Elijah Cupples,Bob Jones University,2019-20,20.0,1,3,1,2,1,2,1,0,0,0,0,2,15.25,0,2,0,2,0,0,2,0,0,0,0,2
Elijah Ford,Wagner,2019-20,20.0,35,77,1,4,21,28,17,14,3,21,32,24,14.82,36,76,0,1,29,42,18,3,3,21,41,26
Elijah Fuller,Evergreen State,2019-20,20.0,8,19,3,12,0,0,3,0,0,1,2,1,20.0,2,10,0,4,0,0,4,0,0,1,3,2
Elijah Gerber,Le Tourneau,2019-20,20.0,1,3,1,2,0,0,1,0,2,0,1,0,16.37,0,2,0,1,0,0,2,0,0,1,2,0
Elijah Hardy,Washington,2019-20,20.0,8,24,1,10,2,2,18,8,0,2,17,19,20.0,5,28,2,16,3,6,15,10,0,0,9,11
Elijah Harkless,CSU Northridge,2019-20,20.0,63,147,13,34,28,44,49,29,5,18,64,37,16.42,49,102,5,12,39,53,37,20,5,19,64,23
Elijah Harris,SUNY-Purchase,2019-20,20.0,3,5,0,0,0,0,2,0,0,0,1,0,14.82,1,4,0,0,1,2,0,0,0,1,0,1
Elijah Hill,Fresno Pacific,2019-20,20.0,1,3,0,1,2,3,0,2,0,0,0,3,14.85,0,1,0,0,0,0,1,0,0,0,0,0
Elijah Holifield,West New Mexico,2019-20,19.93,1,2,0,1,0,0,0,0,0,1,2,0,14.97,1,4,0,2,0,0,0,1,0,0,1,0
Elijah Hughes,Syracuse,2019-20,20.0,98,232,46,122,51,61,47,15,18,7,71,44,17.9,81,187,23,81,75,96,50,15,8,4,58,24
Elijah Ifejeh,UL Monroe,2019-20,20.0,12,29,0,0,2,10,10,3,3,14,16,23,16.93,5,10,0,0,1,4,4,2,0,3,9,7
Elijah Jackson,Eastern Washington,2019-20,20.0,1,5,0,2,0,0,1,0,0,1,2,1,14.98,1,5,1,3,0,0,1,1,1,0,2,0
Elijah Johnson,Rust,2019-20,20.0,0,0,0,0,2,2,0,0,0,0,6,1,15.2,1,2,0,0,0,0,0,0,0,0,0,1
Elijah Joiner,Tulsa,2019-20,20.0,27,82,9,33,16,25,32,14,4,6,48,22,17.77,38,78,11,23,30,41,36,11,1,5,39,21
Elijah Joyner,,2019-20,0.0,0,0,0,0,0,0,0,0,0,0,1,0,0.0,0,0,0,0,0,0,0,0,0,0,1,1
Elijah Lott,SUNY-Purchase,2019-20,20.0,4,10,0,3,0,0,4,0,0,1,4,2,14.82,2,6,0,0,0,0,0,1,0,1,0,1
Elijah Lufile,Oral Roberts,2019-20,20.0,19,45,0,0,22,31,4,6,2,32,30,11,20.0,22,37,0,0,7,21,0,2,0,25,24,8
Elijah McCadden,Georgia Southern,2019-20,20.0,56,129,26,63,19,30,42,22,5,14,56,50,20.0,57,144,14,48,49,73,30,20,3,20,52,22
Elijah McCullough,Sacramento State,2019-20,0.0,1,4,1,4,0,0,1,0,0,1,2,2,14.93,5,18,2,12,0,0,1,3,0,1,2,1
Elijah McNamara,Miami (OH),2019-20,20.0,32,72,0,3,3,4,6,5,13,10,34,15,20.0,27,53,1,3,4,13,5,5,12,9,22,4
Elijah Melendez,Benedictine (AZ),2019-20,20.0,2,4,0,1,0,0,2,0,0,0,0,3,14.88,0,1,0,0,0,0,0,0,0,0,0,2
Elijah Mitrou-Long,UNLV,2019-20,20.0,34,76,13,40,5,9,32,13,2,1,35,17,18.22,46,100,13,37,26,34,29,20,3,4,19,20
Elijah Morgan,Notre Dame,2019-20,0.0,0,0,0,0,0,0,0,0,0,0,0,0,17.97,0,1,0,1,0,0,1,0,0,0,0,0
Elijah Olaniyi,Stony Brook,2019-20,19.12,77,200,24,84,32,48,29,22,4,11,65,51,20.0,93,187,29,61,65,91,28,22,5,23,78,33
Elijah Oliver,Colorado Christian,2019-20,20.0,1,7,0,2,2,2,0,0,0,1,3,0,14.98,0,0,0,0,2,2,0,0,0,0,0,2
Elijah Pappas,Mount Marty,2019-20,20.0,1,2,1,2,0,0,1,0,0,0,2,1,18.98,3,5,0,1,1,1,2,1,0,0,4,0
Elijah Pepper,UC Davis,2019-20,20.0,38,103,8,31,11,16,30,18,2,22,52,29,14.75,56,116,15,42,27,31,19,18,2,24,54,25
Elijah Robinson,SUNY-Cortland,2019-20,20.0,0,1,0,1,0,0,0,0,0,0,0,0,14.93,0,0,0,0,0,0,0,0,0,0,0,0
Elijah Schmidt,Texas A&M-CC,2019-20,20.0,28,56,0,0,15,34,6,8,12,23,33,19,14.82,37,59,0,0,22,36,15,11,7,32,52,16
Elijah Simmons,,2019-20,1.43,3,4,0,0,0,1,2,0,0,0,5,2,0.0,2,5,1,3,1,2,0,1,0,0,2,1
Elijah Spalding,Columbia International,2019-20,20.0,2,3,0,1,0,0,0,0,0,0,1,0,14.73,0,0,0,0,0,0,0,0,0,1,0,0
Elijah Thomas,Saint Mary's,2019-20,0.0,2,6,0,2,3,3,1,0,0,1,2,0,17.88,6,13,2,7,4,6,1,5,0,4,5,1
Elijah Weaver,USC,2019-20,20.0,27,78,9,32,7,14,25,7,1,0,37,22,14.58,28,67,12,32,18,35,25,5,0,1,26,21
Elijah Williams,Gettysburg,2019-20,20.0,1,6,1,3,1,2,0,0,0,1,1,1,17.9,2,5,1,2,0,0,1,0,0,1,0,0
Elizabethtown,,2019-20,0.0,0,0,0,0,0,0,0,0,0,0,2,0,0.0,0,0,0,0,0,0,0,0,0,1,1,0
Ellis Jefferson,Lamar,2019-20,20.0,25,71,7,34,6,12,31,27,0,5,23,26,14.98,25,58,8,26,7,8,26,21,0,7,18,21
Ellis Magnuson,Eastern Washington,2019-20,20.0,37,103,10,40,11,14,66,13,0,5,21,43,14.98,25,65,9,25,17,19,54,6,0,3,18,23
Elmira,,2019-20,0.0,0,0,0,0,0,0,0,0,0,1,2,1,0.0,0,0,0,0,0,0,0,0,0,2,2,2
Elon,,2019-20,0.0,0,0,0,0,0,0,0,0,0,32,38,5,0.0,0,0,0,0,0,0,0,0,0,41,37,5
Elvin Rodriguez,,2019-20,5.35,1,6,0,0,0,0,1,0,0,1,2,3,0.0,2,6,0,0,0,0,1,0,0,2,0,2
Elvis Harvey Jr,Nicholls,2019-20,0.0,0,0,0,0,0,0,6,0,0,0,0,0,20.0,0,0,0,0,0,0,14,0,0,0,0,0
Elvis Harvey Jr.,Nicholls,2019-20,19.18,53,128,8,38,17,24,0,15,9,11,50,31,20.0,56,125,23,48,63,77,0,15,8,26,67,23
Elwood Tomlinson,Michigan Dearborn,2019-20,20.0,2,5,1,3,0,0,0,0,0,0,1,1,17.88,0,2,0,0,0,0,0,0,0,0,0,0
Ely Cohen,Westcliff,2019-20,0.0,1,2,1,2,1,2,0,1,0,0,0,1,14.8,2,10,2,8,0,0,0,1,0,1,3,1
Elyjah Goss,IUPUI,2019-20,20.0,60,130,1,9,31,51,19,11,19,64,134,31,14.88,56,104,0,6,25,51,9,5,13,52,103,19
Elyjah Williams,Fairleigh Dickinson,2019-20,20.0,67,116,5,14,17,31,32,19,18,18,67,33,19.57,56,109,3,16,36,52,31,9,13,27,75,40
Eman Sertovic,UT Martin,2019-20,0.0,13,42,10,36,4,4,12,8,1,1,22,12,14.88,24,57,19,49,9,10,12,5,0,2,18,5
Emanuel Bryson,Midland University,2019-20,20.0,2,4,0,1,0,0,0,0,0,1,3,1,14.92,2,4,1,1,0,0,1,0,0,0,3,0
Emanuel Hernandez,Belmont Abbey,2019-20,20.0,0,1,0,0,0,0,0,1,0,0,0,0,14.85,0,1,0,0,0,0,1,0,0,0,0,0
Emanuel Littles,North Alabama,2019-20,20.0,33,67,0,0,10,19,9,4,7,42,88,26,17.58,39,68,0,0,29,42,9,9,3,24,85,29
Emanuel Miller,Texas A&M,2019-20,20.0,28,75,0,9,25,37,7,11,1,27,64,17,18.83,36,80,3,11,30,49,17,9,1,29,55,14
Emerson,,2019-20,0.0,0,0,0,0,0,0,0,0,0,0,2,1,0.0,0,0,0,0,0,0,0,0,0,5,2,1
Emil Freese-Vilien,Valparaiso,2019-20,20.0,5,16,2,8,0,0,3,0,4,2,6,3,20.0,1,3,0,1,0,0,2,1,0,2,3,1
Emilio Leon,Westcliff,2019-20,20.0,2,4,1,1,0,0,0,0,0,0,0,0,14.65,0,1,0,1,0,0,1,0,0,0,1,1
Emilio Quemada,,2019-20,0.8,1,6,0,3,0,2,2,0,0,2,0,1,0.0,0,3,0,1,0,0,0,0,0,0,0,2
Emmanuel Adedoyin,North Florida,2019-20,20.0,11,18,3,5,4,8,16,5,0,1,8,21,17.93,14,29,5,11,12,12,20,2,0,2,7,17
Emmanuel Bandoumel,SMU,2019-20,20.0,27,81,11,49,25,33,11,9,1,7,34,18,19.48,27,77,11,51,23,30,18,7,1,11,21,19
Emmanuel Dominguez,Concordia (MI),2019-20,20.0,0,1,0,1,0,0,1,1,0,0,0,1,14.87,0,2,0,1,0,2,0,0,0,0,3,1
Emmanuel Dowuona,Purdue,2019-20,0.0,0,0,0,0,0,0,0,0,0,0,0,0,14.97,1,1,0,0,0,0,0,1,1,0,1,0
Emmanuel Egbuta,Tennessee State,2019-20,20.0,44,87,1,4,17,37,4,1,9,21,33,17,14.95,24,34,0,0,19,39,1,3,3,14,31,7
Emmanuel Izunabor,High Point,2019-20,0.0,3,25,0,0,11,14,2,0,8,17,27,13,14.97,14,26,0,0,6,17,2,4,6,17,20,8
Emmanuel Kuac,New Mexico,2019-20,0.0,2,6,1,3,1,2,3,0,2,1,6,2,17.9,7,10,2,5,0,0,0,3,2,2,5,0
Emmanuel Newsome,Oakland,2019-20,0.0,0,1,0,1,0,0,0,0,0,0,0,0,20.0,1,2,0,1,0,0,0,0,0,1,2,2
Emmanuel Nzekwesi,Oral Roberts,2019-20,20.0,57,112,3,9,22,34,11,14,5,30,64,17,20.0,73,115,0,2,44,57,5,7,9,32,68,10
Emmanuel Olojakpoke,Utah Valley,2019-20,20.0,14,27,0,0,6,9,5,2,31,15,30,12,17.88,22,29,0,0,27,37,8,3,26,21,37,10
Emmanuel Onuama,Columbia,2019-20,0.0,1,5,0,0,0,0,0,1,0,1,4,1,15.78,2,2,0,0,0,2,2,0,1,0,8,4
Emmanuel Perdue,Heidelberg,2019-20,19.98,1,2,1,1,0,0,0,0,0,0,0,1,14.98,2,7,0,2,0,0,0,0,0,0,0,1
Emmanuel Sullivan,SW Christian Univ,2019-20,0.0,0,0,0,0,0,0,0,0,0,0,0,0,14.77,1,1,0,0,0,0,0,0,1,0,2,0
Emmanuel Taban,CSU Fullerton,2019-20,20.0,0,2,0,2,0,0,0,0,0,1,0,1,17.67,0,2,0,2,0,0,0,0,0,0,0,0
Emmanuel Ugboh,Tulsa,2019-20,20.0,14,27,0,0,2,5,2,2,2,10,19,13,20.0,5,12,0,0,1,2,1,0,2,3,5,6
Emmitt Holt,Providence,2019-20,20.0,25,55,8,19,16,22,12,6,6,16,44,9,14.95,19,42,4,13,11,12,4,3,2,15,20,6
Emmitt Matthews Jr,West Virginia,2019-20,20.0,0,0,0,0,0,0,2,0,0,0,0,0,20.0,0,0,0,0,0,0,6,0,0,0,0,0
Emmitt Matthews Jr.,West Virginia,2019-20,20.0,46,102,14,39,14,25,5,5,3,26,34,14,17.93,20,71,5,28,12,17,0,6,2,6,31,18
Emmitt Williams,LSU,2019-20,20.0,68,129,5,11,51,64,19,14,21,42,71,35,19.83,71,122,3,8,61,83,17,10,17,33,53,22
Emory & Henry,,2019-20,0.0,0,0,0,0,0,0,0,0,0,3,0,0,0.0,0,0,0,0,0,0,0,0,0,0,1,1
Endher Gonzalez,SUNY-Cortland,2019-20,0.0,0,0,0,0,0,0,0,0,0,0,0,0,14.93,1,1,0,0,0,1,0,1,0,1,2,0
English Dowery,,2019-20,0.0,0,0,0,0,0,0,0,0,0,0,0,0,0.0,0,0,0,0,0,0,0,0,0,0,1,0
Eric,,2019-20,0.0,0,0,0,0,0,0,0,0,2,0,0,0,0.0,0,0,0,0,0,0,0,0,2,0,0,0
Eric Ayala,Maryland,2019-20,20.0,47,126,21,69,20,30,46,5,2,10,33,25,15.55,39,111,18,71,28,37,30,6,0,4,42,20
Eric Beckett,Vermont,2019-20,0.0,0,3,0,1,0,0,1,0,1,1,1,0,14.98,6,11,3,7,0,0,2,1,0,2,3,1
Eric Block,SUNY-Purchase,2019-20,20.0,0,0,0,0,2,2,0,0,0,0,0,0,14.82,0,1,0,0,0,0,0,1,0,0,0,0
Eric Coleman Jr,High Point,2019-20,20.0,0,0,0,0,0,0,12,0,0,0,0,0,14.97,0,0,0,0,0,0,11,0,0,0,0,0
Eric Coleman Jr.,High Point,2019-20,20.0,41,103,14,42,32,46,0,8,3,11,41,27,14.97,26,83,13,38,36,45,0,6,5,13,27,28
Eric Demers,Gordon College,2019-20,20.0,6,14,3,8,6,6,2,1,0,0,4,1,20.0,6,13,4,9,5,5,0,0,0,1,3,1
Eric Edwards,SUNY-Cortland,2019-20,20.0,3,7,0,2,1,1,1,0,0,1,1,3,14.93,2,6,0,2,4,6,0,0,0,2,2,1
Eric Graham,Columbia International,2019-20,20.0,3,6,2,5,2,2,0,1,0,0,2,1,14.95,1,1,1,1,0,0,0,0,0,0,0,1
Eric Hamilton,Pittsburgh,2019-20,20.0,31,64,0,1,19,32,3,7,9,32,42,15,20.0,24,45,0,1,25,32,2,3,4,20,32,4
Eric Hunter Jr,Purdue,2019-20,20.0,0,0,0,0,0,0,33,0,0,0,0,0,16.57,0,0,0,0,0,0,17,0,0,0,0,0
Eric Hunter Jr.,Purdue,2019-20,20.0,45,118,15,45,9,13,10,14,2,13,34,22,16.57,56,130,20,59,29,36,9,14,2,20,24,28
Eric Jacobs,Cairn University,2019-20,20.0,1,5,1,5,0,0,0,0,0,0,0,0,14.98,0,1,0,1,0,0,0,0,0,0,0,0
Eric Jamison Jr,Gardner-Webb,2019-20,20.0,0,0,0,0,0,0,16,0,0,0,0,0,20.0,0,0,0,0,0,0,15,0,0,0,0,0
Eric Jamison Jr.,Gardner-Webb,2019-20,20.0,83,187,8,30,30,42,0,8,1,18,66,45,20.0,79,155,11,25,46,67,0,11,0,14,72,22
Eric Johnson-Alford,Caldwell College,2019-20,20.0,2,10,0,1,5,8,1,2,0,2,4,6,20.0,2,5,1,1,3,3,1,0,0,0,4,4
Eric Jonas,Colorado College,2019-20,19.28,1,1,0,0,0,0,0,0,0,0,0,2,14.83,0,4,0,2,0,0,0,0,0,1,0,0
Eric LaShawn Hamilton,,2019-20,8.47,3,5,3,3,0,0,0,1,0,2,7,2,0.0,2,3,1,1,0,0,0,0,0,0,1,0
Eric Lovett,Florida International,2019-20,20.0,31,95,21,69,3,5,9,3,1,4,30,15,20.0,34,87,27,69,13,17,13,2,3,6,26,15
Eric McGill,Southern Illinois,2019-20,20.0,56,133,24,57,27,40,45,16,0,9,47,20,17.18,46,118,13,38,46,61,26,21,3,9,50,19
Eric McIver,Mid-Atlantic Christian University,2019-20,20.0,2,7,0,0,0,1,3,2,0,4,0,2,14.88,2,5,0,0,0,0,0,0,0,1,1,0
Eric Monroe,Yale,2019-20,0.0,30,72,18,39,7,8,61,12,5,5,45,30,16.08,32,66,18,42,18,20,56,8,2,3,36,26
Eric Nielsen,,2019-20,0.0,0,0,0,0,0,0,0,0,0,0,3,1,0.0,0,0,0,0,0,0,0,0,0,0,0,0
Eric Okenchi,Virginia-Wise,2019-20,20.0,1,2,0,1,0,1,0,0,0,0,1,2,14.85,1,2,0,0,1,2,1,0,0,0,0,2
Eric Peaks Jr.,Greensboro,2019-20,20.0,7,12,6,8,2,4,0,1,0,2,3,3,17.82,2,5,0,2,1,1,0,1,0,0,0,2
Eric Rustin,UT Martin,2019-20,20.0,4,10,0,0,4,8,0,2,20,11,12,8,14.88,4,8,0,0,3,6,2,0,11,3,12,1
Eric Siegel,UC Santa Cruz,2019-20,20.0,2,3,1,2,0,0,0,0,0,0,1,0,14.9,0,2,0,2,0,0,0,0,0,0,0,1
Eric Terry,Texas State,2019-20,20.0,39,77,0,0,23,27,14,5,18,17,30,16,14.9,46,88,0,1,37,51,18,6,11,30,33,15
Eric Ting,St. Francis (ILL),2019-20,20.0,2,6,2,2,2,2,1,1,0,1,2,1,17.92,1,3,0,0,0,2,0,1,0,1,1,3
Eric Vila,UTEP,2019-20,20.0,12,41,7,26,9,15,21,6,2,9,55,12,16.6,10,43,4,27,8,12,24,8,2,15,49,20
Erie Olonade,UL Monroe,2019-20,20.0,14,43,9,27,3,6,11,1,0,1,16,14,16.93,12,34,7,17,7,11,11,4,2,0,9,17
Erik Armstrong,West Coast Baptist,2019-20,20.0,1,1,0,0,1,1,1,0,0,0,1,1,14.92,0,1,0,1,0,0,0,1,0,0,0,1
Erik Cohn,Trinity (IL),2019-20,20.0,1,3,1,3,0,0,1,1,0,0,1,1,14.88,1,5,0,4,0,0,0,2,0,0,2,4
Erik Czumbel,UTSA,2019-20,20.0,18,61,12,44,7,8,20,7,1,3,27,20,17.8,21,45,16,32,8,9,17,5,1,1,19,12
Erik Johansson,Loyola Marymount,2019-20,0.0,33,82,23,63,4,4,14,8,0,0,33,14,14.8,22,59,19,51,26,30,13,4,1,1,27,13
Erik Kinnebrew,William Jessup,2019-20,20.0,2,5,2,3,0,0,0,0,0,0,3,0,14.92,0,0,0,0,0,0,0,0,0,0,0,0
Erik Stevenson,Wichita State,2019-20,20.0,56,152,25,85,26,27,40,24,6,8,67,28,17.78,56,144,25,79,37,54,28,23,3,6,63,24
Erique Thurman,Chillicothe,2019-20,20.0,2,4,0,1,2,2,0,1,0,2,2,1,14.88,1,3,0,1,0,0,1,1,0,1,0,0
Eron Gordon,Valparaiso,2019-20,20.0,26,68,14,34,9,15,8,8,1,11,33,20,20.0,27,54,13,29,23,29,11,14,4,5,24,8
Erten Gazi,Fordham,2019-20,20.0,31,78,16,47,4,7,8,8,1,5,29,15,20.0,32,67,11,31,10,15,11,10,4,5,18,13
Estefan Trevino,Our Lady of the Lake,2019-20,20.0,0,2,0,2,0,0,3,1,0,0,1,0,14.9,0,2,0,2,0,0,2,0,0,0,0,2
Ethan Anderson,USC,2019-20,20.0,28,68,5,15,15,25,57,13,4,5,35,35,14.58,22,69,7,18,12,22,57,9,3,13,18,34
Ethan Brittain-Watts,Boston University,2019-20,20.0,12,40,8,20,3,5,13,7,0,1,15,10,20.0,14,34,5,20,7,8,12,8,0,2,11,11
Ethan Brittan-Watts,,2019-20,13.18,1,1,0,0,1,2,1,0,0,0,0,1,0.0,0,2,0,1,0,0,0,0,0,1,0,1
Ethan Chargois,SMU,2019-20,20.0,38,100,12,46,9,18,18,10,6,23,38,30,19.48,27,75,8,32,28,39,26,7,12,16,22,10
Ethan Diffee,Shenandoah,2019-20,20.0,1,2,0,0,0,0,1,0,1,1,1,0,14.7,1,2,0,0,0,0,1,0,0,2,0,1
Ethan Dubois,Elizabethtown,2019-20,20.0,1,5,0,2,0,0,1,0,0,0,2,2,14.92,2,3,0,0,0,0,3,0,0,0,1,1
Ethan Esposito,Sacramento State,2019-20,20.0,39,108,3,14,16,26,8,5,3,13,41,29,14.93,48,106,6,21,25,40,10,5,1,26,37,20
Ethan Ford,Walla Walla University,2019-20,20.0,1,2,0,1,0,0,0,0,0,1,2,0,14.93,0,3,0,0,0,0,1,0,0,0,3,0
Ethan Heller,Concord College,2019-20,20.0,2,7,0,3,0,0,0,0,0,0,0,1,14.98,0,4,0,3,0,0,0,0,0,0,1,1
Ethan Henderson,Arkansas,2019-20,20.0,8,12,0,0,5,11,0,3,8,12,13,0,14.97,3,6,0,0,1,4,3,1,3,1,12,1
Ethan Igbanugo,North Dakota,2019-20,20.0,1,6,1,4,1,2,1,0,0,1,3,3,20.0,2,5,1,3,2,2,0,2,0,0,1,1
Ethan Ilunga,Luther,2019-20,0.0,0,0,0,0,0,0,0,1,1,0,1,1,14.87,1,1,0,0,0,0,0,0,0,1,0,1
Ethan Kieke,,2019-20,15.02,1,3,1,2,0,0,0,0,0,0,1,1,0.0,0,0,0,0,0,0,0,0,0,0,2,1
Ethan Lasko,Manhattan,2019-20,20.0,2,2,2,2,0,0,1,2,0,1,1,1,19.78,2,2,2,2,0,0,1,0,0,1,0,1
Ethan Moose,Geneva,2019-20,20.0,2,6,0,0,0,0,2,1,0,1,2,1,14.9,2,3,0,1,1,2,1,0,0,0,2,2
Ethan Spry,Grand Canyon,2019-20,0.0,0,0,0,0,0,0,0,0,0,0,0,0,20.0,0,0,0,0,0,0,1,0,0,0,0,0
Ethan Stair,Mercer,2019-20,20.0,78,173,29,89,16,16,35,15,3,34,108,35,14.95,83,161,30,73,39,48,30,22,4,27,107,22
Ethan Thompson,Oregon State,2019-20,20.0,70,147,24,61,27,34,62,24,3,4,44,37,16.42,76,154,18,50,51,72,56,13,2,8,45,28
Ethan White,Xavier LA,2019-20,20.0,1,2,0,1,0,0,0,0,0,0,0,0,20.0,0,0,0,0,0,0,0,0,0,0,0,2
Ethan Wright,Princeton,2019-20,0.0,36,74,20,46,3,3,11,10,2,6,51,13,19.82,27,70,15,46,11,13,15,5,2,6,32,9
Eugene German,Northern Illinois,2019-20,20.0,96,238,40,104,40,53,38,12,2,2,50,26,20.0,104,243,27,98,46,70,38,16,3,9,47,40
Eureka,,2019-20,0.0,0,0,0,0,0,0,0,0,0,3,0,1,0.0,0,0,0,0,0,0,0,0,0,1,2,0
Evan Adkins,Howard Payne,2019-20,20.0,0,1,0,1,0,0,0,0,0,1,1,2,14.82,0,3,0,3,0,0,0,0,0,0,1,2
Evan Bainbridge,Kent State,2019-20,20.0,1,4,0,2,2,2,0,0,0,4,6,0,14.98,3,6,0,2,0,0,1,2,1,4,7,0
Evan Battey,Colorado,2019-20,20.0,39,86,3,10,19,31,13,10,5,36,41,19,20.0,52,88,3,6,49,69,16,7,5,44,54,16
Evan Boudreaux,Purdue,2019-20,20.0,25,67,8,27,17,19,13,6,2,21,41,8,16.57,23,58,7,21,18,22,8,7,1,25,41,12
Evan Buckley,Duquesne,2019-20,20.0,2,8,2,7,1,2,2,0,0,0,1,3,14.97,0,3,0,3,0,0,1,0,0,0,0,2
Evan Clayborne,North Carolina Central,2019-20,0.0,23,38,0,0,3,9,1,6,17,20,32,19,20.0,18,24,0,0,11,26,7,4,11,12,25,8
Evan Cole,Georgia Tech,2019-20,0.0,17,43,3,11,6,14,8,5,5,16,28,14,15.0,26,49,0,6,14,23,2,4,2,16,28,4
Evan Easton,Piedmont,2019-20,20.0,0,1,0,1,0,0,0,0,0,1,0,1,14.97,0,2,0,1,0,0,1,0,0,0,1,0
Evan Gaffney,Tennessee Wesleyan,2019-20,0.0,0,0,0,0,0,0,0,0,0,0,0,0,14.77,0,1,0,0,0,0,0,0,0,0,0,0
Evan Gilyard,New Mexico State,2019-20,20.0,27,53,15,33,13,17,29,2,1,1,14,9,17.92,15,52,11,32,14,21,21,8,0,2,12,16
Evan Hines,Davenport University,2019-20,20.0,3,6,3,5,0,0,0,0,1,0,1,0,19.45,1,2,1,2,0,0,0,1,0,0,3,2
Evan Hinson,Austin Peay,2019-20,20.0,28,68,8,33,17,21,4,4,1,4,30,11,15.58,20,55,7,26,18,20,8,1,2,11,11,13
Evan Kuhlman,Evansville,2019-20,20.0,27,59,12,32,5,7,16,9,6,4,32,13,20.0,29,68,11,33,9,14,20,10,14,8,27,14
Evan Leonard,UC Irvine,2019-20,19.98,50,128,19,69,24,28,32,17,3,5,31,26,20.0,59,142,29,74,36,45,23,16,4,9,45,28
Evan Makle,Randolph College,2019-20,20.0,1,6,0,3,0,0,1,0,0,0,1,2,15.12,2,6,1,3,0,0,0,0,0,0,1,2
Evan Morrison,SE Missouri St,2019-20,0.0,2,6,1,4,0,0,1,2,0,2,2,1,20.0,1,4,1,3,0,0,0,0,0,0,1,0
Evan Ragsdale,Trevecca Nazarene,2019-20,20.0,3,4,2,2,0,0,1,0,1,0,2,1,14.88,1,2,0,1,0,0,0,0,0,0,0,0
Evan Sigler,Birmingham-Southern,2019-20,20.0,1,1,1,1,0,0,1,1,0,0,0,0,14.8,1,3,0,2,0,0,0,1,0,0,0,0
Evan Stack,,2019-20,0.0,0,0,0,0,0,0,0,0,0,0,1,1,0.0,0,0,0,0,0,0,0,0,0,2,0,2
Evan Suppa,Oberlin College,2019-20,20.0,1,1,1,1,0,0,0,0,0,0,1,0,14.98,0,0,0,0,0,0,0,1,0,0,0,1
Evan Taylor,Lehigh,2019-20,20.0,37,85,10,24,14,18,11,8,5,9,34,17,14.98,30,71,8,27,17,21,8,6,2,4,35,10
Evan Troy,BYU,2019-20,20.0,1,2,0,0,0,0,1,0,0,0,0,1,14.83,0,0,0,0,0,0,0,0,0,0,2,1
Evan Wieck,Navy,2019-20,19.7,48,81,0,0,7,16,20,5,2,20,26,26,20.0,59,100,0,0,24,39,12,10,2,41,36,20
Evan Wiley,Alabama A&M,2019-20,20.0,14,37,10,22,5,8,11,3,2,7,11,4,14.95,18,39,9,20,7,12,1,5,2,14,15,6
Evan Yerkes,Missouri,2019-20,0.0,0,1,0,1,0,0,0,1,0,0,0,0,17.98,1,2,1,2,0,0,0,0,0,0,0,0
Evansville,,2019-20,0.0,0,0,0,0,0,0,0,0,0,18,23,12,0.0,0,0,0,0,0,0,0,0,0,27,27,12
Everett Duncan,Vermont,2019-20,20.0,30,80,20,59,28,33,29,7,2,12,57,8,20.0,45,92,24,68,42,50,15,11,4,13,49,12
Everett Palmer,Ferrum,2019-20,20.0,1,2,1,1,0,0,0,0,0,0,0,0,14.85,0,1,0,1,0,0,1,0,0,0,0,2
Everett Ray,SMU,2019-20,20.0,8,13,0,2,3,5,2,1,0,6,13,7,19.48,9,14,3,3,5,6,1,2,0,7,7,6
Everett Winchester,Florida Atlantic,2019-20,19.97,12,27,2,9,5,8,13,5,2,1,20,10,20.0,13,33,1,5,3,7,10,6,1,6,14,8
Everette Hammond,South Carolina Upstate,2019-20,20.0,60,167,14,56,28,38,37,18,3,9,51,35,15.33,77,182,20,59,87,101,37,15,3,13,59,28
Evergreen State,,2019-20,0.0,0,0,0,0,0,0,0,0,0,2,1,2,0.0,0,0,0,0,0,0,0,0,0,3,0,1
Evins Desir,Florida A&M,2019-20,20.0,31,58,0,0,10,22,2,4,4,12,29,15,14.58,19,38,0,0,7,15,0,0,1,12,14,10
Exavian Christon,Louisiana Tech,2019-20,20.0,3,18,0,11,3,4,2,2,0,0,7,4,17.98,1,8,1,7,1,2,8,1,0,0,2,4
Exavian Young,Blue Mountain College,2019-20,20.0,0,2,0,1,0,0,0,0,0,0,0,0,14.77,1,1,0,0,0,0,1,0,0,0,1,0
Eyassu Worku,UC Irvine,2019-20,19.98,71,176,25,56,16,21,62,19,1,6,28,27,20.0,73,162,22,65,33,45,57,16,4,9,35,28
Ezacuras Dawson III,South Florida,2019-20,20.0,33,78,12,37,13,19,16,2,1,4,26,19,14.9,30,77,17,39,12,19,10,12,1,5,22,24
Eze Dike,Yale,2019-20,15.0,6,14,1,4,3,7,3,0,0,1,3,8,20.0,7,19,1,4,9,11,9,2,1,3,9,4
Ezekial Capaci,,2019-20,0.0,0,0,0,0,0,0,0,0,0,1,0,0,0.0,0,0,0,0,0,0,0,0,0,0,0,0
Ezekiel Armstrong,Antelope Valley,2019-20,20.0,1,4,0,2,0,0,0,1,0,0,0,0,17.9,0,2,0,1,0,0,1,0,0,0,1,0
Ezekiel Balogun,North Florida,2019-20,20.0,5,12,2,3,4,6,3,0,4,5,13,4,19.92,6,16,3,5,5,10,0,2,3,10,13,1
Ezekiel Cook,Life Pacific,2019-20,20.0,1,3,0,0,0,0,4,0,0,0,2,4,14.73,0,2,0,1,0,4,3,0,0,0,1,1
Ezekiel Richards,Santa Clara,2019-20,20.0,2,3,0,0,1,4,0,1,3,2,3,2,17.27,3,3,0,0,5,5,2,0,0,1,5,0
Ezra Manjon,UC Davis,2019-20,20.0,66,169,10,26,24,33,61,12,3,6,47,30,14.75,74,135,7,15,42,55,62,12,0,12,32,27
Fabian Arciniega,,2019-20,0.0,0,0,0,0,0,0,0,0,0,0,0,0,0.0,0,0,0,0,0,0,0,0,0,0,1,1
Fabian White Jr,Houston,2019-20,20.0,0,0,0,0,0,0,6,0,0,0,0,0,20.0,0,0,0,0,0,0,5,0,0,0,0,0
Fabian White Jr.,Houston,2019-20,20.0,64,149,0,0,29,35,8,9,7,37,48,27,14.95,54,100,0,2,22,29,6,6,7,39,46,11
Fahim Jenneto,Delaware State,2019-20,20.0,11,38,5,17,7,8,3,5,4,6,22,10,20.0,13,26,7,19,4,4,1,1,0,3,13,5
Fairfield,,2019-20,0.0,0,0,0,0,0,0,0,0,0,29,23,15,0.0,0,0,0,0,0,0,0,0,0,55,29,18
Fairleigh Dickinson,,2019-20,0.0,0,0,0,0,0,0,0,0,0,35,22,10,0.0,0,0,0,0,0,0,0,0,0,29,17,3
Fairmont St,,2019-20,0.0,0,0,0,0,0,0,0,0,0,0,2,0,0.0,0,0,0,0,0,0,0,0,0,0,1,0
Faite Williams,Prairie View A&M,2019-20,20.0,15,42,1,6,18,26,18,11,3,7,17,14,14.53,19,53,1,6,28,36,25,14,2,9,39,16
Farmingdale State College,,2019-20,0.0,0,0,0,0,0,0,0,0,0,0,2,0,0.0,0,0,0,0,0,0,0,0,0,1,1,0
Fatts Russell,Rhode Island,2019-20,20.0,65,206,24,78,45,59,68,42,5,13,43,26,16.92,101,224,30,75,84,99,57,39,1,5,33,36
Federico Poser,Elon,2019-20,20.0,38,56,0,0,9,21,13,3,7,16,15,26,20.0,26,47,0,0,5,12,15,1,7,16,14,17
Felix Hayes,Martin Methodist,2019-20,20.0,3,6,0,1,5,6,2,1,1,2,3,0,17.83,1,4,0,2,0,0,2,0,0,2,1,0
Fermandez Jones,,2019-20,8.05,1,3,0,1,0,0,1,0,0,0,1,0,0.0,1,4,0,0,0,0,1,2,0,0,0,2
Fernando Gomez,,2019-20,5.48,4,5,3,4,1,3,0,1,0,0,3,0,0.0,0,0,0,0,3,3,0,0,0,0,0,0
Feron Hunt,SMU,2019-20,20.0,64,110,8,27,18,26,12,15,15,36,89,31,19.48,59,114,4,21,29,38,18,7,8,18,46,13
Ferron Flavors Jr,California Baptist,2019-20,0.0,0,0,0,0,0,0,12,0,0,0,0,0,15.52,0,0,0,0,0,0,10,0,0,0,0,0
Ferron Flavors Jr.,California Baptist,2019-20,20.0,72,169,50,102,13,18,0,8,2,19,36,20,15.52,63,146,43,103,33,44,0,7,1,10,40,17
Ferrum,,2019-20,0.0,0,0,0,0,0,0,0,0,0,3,3,0,0.0,0,0,0,0,0,0,0,0,0,3,1,0
Festus Ndumanya,CSU Northridge,2019-20,20.0,24,39,0,0,6,9,5,0,6,16,23,11,16.42,14,23,0,0,6,8,7,1,9,7,19,9
Filip Petrusev,Gonzaga,2019-20,20.0,114,213,1,4,79,119,24,9,13,42,112,44,14.88,88,148,0,4,73,114,24,11,12,36,68,23
Filip Rebraca,North Dakota,2019-20,20.0,73,126,1,4,26,40,22,5,10,38,77,34,14.97,53,99,0,3,33,49,15,6,15,28,72,20
Finn Fleute,Montana State,2019-20,0.0,4,8,1,1,1,4,2,2,0,3,4,2,20.0,7,14,1,2,1,2,0,0,0,6,6,4
Finn Sullivan,San Diego,2019-20,20.0,25,79,10,51,22,32,19,13,3,9,22,16,17.65,41,89,18,47,15,26,26,12,5,10,18,15
Finn Wilzcek,Our Lady of the Lake,2019-20,20.0,3,3,2,2,0,0,0,0,0,1,0,1,14.9,0,1,0,1,2,4,1,0,0,0,0,0
Fisk,,2019-20,0.0,0,0,0,0,0,0,0,0,0,1,0,1,0.0,0,0,0,0,0,0,0,0,0,0,1,1
Flagler,,2019-20,0.0,0,0,0,0,0,0,0,0,0,0,0,0,0.0,0,0,0,0,0,0,0,0,0,0,2,0
Fletcher Abee,The Citadel,2019-20,20.0,57,135,38,96,17,19,19,12,1,3,19,9,18.35,51,137,36,102,23,26,22,17,0,6,21,11
Fletcher Jackson,Bridgewater,2019-20,20.0,0,1,0,0,0,0,0,1,0,0,1,0,14.93,0,2,0,0,2,2,0,0,0,1,3,1
Fletcher Tynen,Boston University,2019-20,20.0,15,36,2,8,15,22,11,2,3,10,21,14,14.73,12,22,1,4,12,19,5,4,1,8,17,10
Flo Thamba,Baylor,2019-20,20.0,5,11,0,0,6,12,1,0,9,5,12,5,14.98,7,13,0,0,7,11,1,1,2,6,9,1
Florida,,2019-20,0.0,0,0,0,0,0,0,0,0,0,46,25,12,0.0,0,0,0,0,0,0,0,0,0,32,22,9
Florida A&M,,2019-20,0.0,0,0,0,0,0,0,0,0,0,9,17,8,0.0,0,0,0,0,0,0,0,0,0,28,8,5
Florida Atlantic,,2019-20,0.0,0,0,0,0,0,0,0,0,0,21,20,3,0.0,0,0,0,0,0,0,0,0,0,25,17,2
Florida College,,2019-20,0.0,0,0,0,0,0,0,0,0,0,0,2,0,0.0,0,0,0,0,0,0,0,0,0,1,0,1
Florida Gulf Coast,,2019-20,0.0,0,0,0,0,0,0,0,0,0,43,24,16,0.0,0,0,0,0,0,0,0,0,0,29,17,12
Florida Inst Of Tech,,2019-20,0.0,0,0,0,0,0,0,0,0,0,2,2,0,0.0,0,0,0,0,0,0,0,0,0,3,1,1
Florida International,,2019-20,0.0,0,0,0,0,0,0,0,0,0,29,26,5,0.0,0,0,0,0,0,0,0,0,0,30,18,5
Florida National,,2019-20,0.0,0,0,0,0,0,0,0,0,0,0,4,1,0.0,0,0,0,0,0,0,0,0,0,0,1,0
Florida State,,2019-20,0.0,0,0,0,0,0,0,0,0,0,19,24,2,0.0,0,0,0,0,0,0,0,0,0,21,16,5
Flynn Cameron,DePaul,2019-20,20.0,1,4,0,3,1,2,1,2,0,0,2,1,14.9,2,4,0,0,0,0,1,1,0,0,1,3
Fode Camara,Pikeville,2019-20,0.0,0,0,0,0,0,0,0,0,0,0,0,1,14.68,1,2,0,0,0,0,1,0,0,1,1,0
Ford Cooper Jr,Missouri State,2019-20,20.0,0,0,0,0,0,0,17,0,0,0,0,0,17.97,0,0,0,0,0,0,12,0,0,0,0,0
Ford Cooper Jr.,Missouri State,2019-20,20.0,6,22,6,17,1,2,0,6,0,2,15,13,17.97,6,22,5,15,8,9,0,7,1,0,8,8
Fordham,,2019-20,0.0,0,0,0,0,0,0,0,0,0,20,30,7,0.0,0,0,0,0,0,0,0,0,0,30,24,16
Forrest Smith,Multnomah,2019-20,20.0,1,3,1,3,0,0,0,1,0,0,3,2,14.8,1,3,1,3,0,0,2,0,0,0,1,0
Foster Loyer,Michigan State,2019-20,20.0,16,36,11,23,7,8,14,2,0,1,9,12,14.9,8,19,5,14,11,12,15,3,0,0,5,1
Foul on Eric,,2019-20,0.0,0,0,0,0,0,0,0,0,0,0,0,0,0.0,0,0,0,0,0,0,0,0,1,0,0,0
Foul on Solomon Iluyomade.,,2019-20,0.0,11,11,0,0,0,0,0,0,0,0,0,0,0.38,5,5,0,0,0,0,0,0,0,0,0,0
Fouseeyni Drame,,2019-20,7.55,5,17,0,2,1,2,2,1,0,1,8,2,0.0,4,9,0,0,4,9,1,4,1,5,5,6
Fousseyni Drame,Saint Peter's,2019-20,20.0,24,57,2,10,18,32,2,12,2,21,31,22,18.35,25,53,4,10,12,15,4,8,4,20,29,16
Francis Lacis,Oral Roberts,2019-20,0.0,14,39,10,32,4,5,6,1,7,9,24,4,19.22,11,29,8,19,1,4,1,0,2,6,21,6
Francis Okoro,Oregon,2019-20,20.0,14,29,0,0,9,17,6,7,8,27,29,11,17.85,18,29,0,0,13,29,1,1,10,20,38,6
Franciscan University,,2019-20,0.0,0,0,0,0,0,0,0,0,0,0,1,0,0.0,0,0,0,0,0,0,0,0,0,2,0,0
Francisco Caffaro,Virginia,2019-20,20.0,3,8,0,0,1,2,0,1,3,5,9,6,18.97,5,8,0,0,8,11,0,1,1,5,5,3
Francisco Farabello,TCU,2019-20,20.0,15,43,10,27,3,3,34,12,3,1,18,21,17.17,19,45,13,31,7,8,29,12,0,4,19,13
Franck Kamgain,UMKC,2019-20,20.0,18,37,8,19,4,7,13,4,1,5,11,13,17.95,13,35,1,12,10,13,15,8,0,2,11,11
Franco Miller Jr,Ole Miss,2019-20,20.0,0,0,0,0,0,0,2,0,0,0,0,0,17.95,0,0,0,0,0,0,1,0,0,0,0,0
Franco Miller Jr.,Ole Miss,2019-20,20.0,1,5,0,3,0,0,0,0,0,1,4,4,14.93,0,3,0,3,0,0,0,0,0,2,5,4
Frank Bertz,UCF,2019-20,20.0,24,60,14,40,6,7,12,13,3,12,20,11,20.0,17,50,7,31,5,6,15,3,0,16,17,3
Frank Webb Jr,Gannon,2019-20,0.0,0,0,0,0,0,0,0,0,0,0,0,0,17.83,0,0,0,0,0,0,1,0,0,0,0,0
Frank Webb Jr.,Gannon,2019-20,20.0,3,5,0,2,1,2,0,1,0,0,0,2,17.83,1,1,0,0,3,6,0,1,0,0,0,2
Frankie Campbell,,2019-20,0.68,2,4,1,3,0,0,1,0,0,0,0,1,0.0,0,0,0,0,0,0,0,0,0,0,1,0
Frankie Gutierrez,San Diego Christian,2019-20,20.0,1,5,1,3,0,0,0,0,0,0,1,1,14.97,0,1,0,1,0,0,0,0,0,0,0,0
Frankie Williams,Oneonta State,2019-20,0.0,0,0,0,0,0,0,0,0,0,0,0,0,17.78,1,2,0,1,0,0,0,0,0,1,1,0
Franklin Agunanne,Loyola Chicago,2019-20,20.0,13,23,0,0,3,6,0,0,0,7,18,5,20.0,7,8,0,0,1,3,0,2,2,1,10,3
Franklin Nunn,Purdue Northwest,2019-20,20.0,1,1,0,0,1,1,1,0,0,0,1,0,20.0,1,3,0,1,0,0,2,0,0,2,2,0
Franklyn Penn Jr,Cleveland State,2019-20,20.0,0,0,0,0,0,0,3,0,0,0,0,0,17.5,0,0,0,0,0,0,2,0,0,0,0,0
Franklyn Penn Jr.,Cleveland State,2019-20,20.0,3,19,1,9,2,2,0,1,1,1,9,5,17.5,2,4,0,1,3,4,0,2,0,2,4,1
Franklynn Penn Jr,Cleveland State,2019-20,20.0,0,0,0,0,0,0,4,0,0,0,0,0,14.95,0,0,0,0,0,0,1,0,0,0,0,0
Franklynn Penn Jr.,,2019-20,2.65,3,9,1,5,0,0,0,1,0,1,6,4,0.0,1,1,0,0,0,0,0,2,0,0,4,2
Franz Wagner,Michigan,2019-20,20.0,40,111,18,62,12,14,12,19,5,13,59,17,20.0,62,119,18,59,30,37,13,14,10,10,59,19
Fred Cleveland Jr,North Carolina A&T,2019-20,20.0,0,0,0,0,0,0,10,0,0,0,0,0,14.98,0,0,0,0,0,0,11,0,0,0,0,0
Fred Cleveland Jr.,North Carolina A&T,2019-20,20.0,17,53,8,32,10,13,0,5,0,2,13,12,14.98,19,52,12,29,1,2,0,8,0,1,6,14
Fred Lavender,,2019-20,6.25,0,3,0,1,1,2,1,0,0,0,2,0,0.0,0,0,0,0,0,0,0,1,0,0,0,3
Fred Thatch Jr,Saint Louis,2019-20,20.0,0,0,0,0,0,0,1,0,0,0,0,0,16.05,0,0,0,0,0,0,1,0,0,0,0,0
Fred Thatch Jr.,Saint Louis,2019-20,20.0,7,22,2,10,2,2,0,2,0,4,11,3,16.05,2,5,0,2,7,11,0,2,1,0,5,1
Freddie Gillespie,Baylor,2019-20,20.0,56,98,0,0,25,38,10,16,35,54,77,14,14.98,55,102,0,0,28,45,4,17,31,65,68,11
Freddie Ricks,St. Thomas (TX),2019-20,19.87,1,2,1,2,0,0,0,1,0,0,0,0,14.97,1,2,1,1,0,0,0,0,0,0,1,0
Freddie Ward,Johnson University (FL),2019-20,20.0,1,10,0,3,0,0,1,0,0,0,1,2,17.92,8,14,1,5,2,2,0,1,0,0,2,0
Frederick Scott,Rider,2019-20,20.0,57,127,16,45,21,37,14,9,3,19,51,36,20.0,58,121,22,48,45,73,22,8,3,21,46,22
Frenki Lilaj,Shorter,2019-20,20.0,1,2,0,0,0,0,0,1,0,1,2,2,14.85,2,3,0,1,3,3,0,0,0,2,0,1
Fresno Pacific,,2019-20,0.0,0,0,0,0,0,0,0,0,0,3,0,0,0.0,0,0,0,0,0,0,0,0,0,3,0,0
Fresno State,,2019-20,0.0,0,0,0,0,0,0,0,0,0,17,19,8,0.0,0,0,0,0,0,0,0,0,0,34,15,8
Furman,,2019-20,0.0,0,0,0,0,0,0,0,0,0,16,25,0,0.0,0,0,0,0,0,0,0,0,0,16,27,7
Gabe Berrios,,2019-20,9.35,0,1,0,1,0,0,0,0,0,0,0,0,0.0,1,1,0,0,0,0,0,0,0,0,0,0
Gabe Brown,Michigan State,2019-20,20.0,37,89,13,48,22,23,6,4,5,12,47,11,20.0,35,75,18,43,14,15,9,5,5,14,35,5
Gabe Bryant,Gardner-Webb,2019-20,20.0,2,3,0,0,2,2,0,1,1,3,3,2,14.77,1,4,0,0,1,2,0,0,0,4,3,2
Gabe Grant,Buffalo,2019-20,20.0,27,80,14,54,7,9,7,5,4,11,29,13,20.0,15,52,7,31,10,13,5,5,1,14,24,6
Gabe Johnson,Caldwell College,2019-20,0.0,1,2,1,2,0,0,1,0,0,0,2,1,20.0,1,5,1,3,0,0,2,0,1,0,2,0
Gabe Kalscheur,Minnesota,2019-20,20.0,61,167,31,99,9,13,27,9,5,8,32,25,14.98,47,119,33,90,16,25,17,11,2,6,27,17
Gabe Lazarre,Summit,2019-20,19.98,0,1,0,1,0,0,1,0,0,0,0,5,14.97,0,0,0,0,0,0,1,0,0,0,1,0
Gabe Miller,Pfeiffer,2019-20,20.0,0,4,0,1,0,0,1,1,0,0,2,1,14.97,1,2,0,0,1,2,0,0,0,0,0,0
Gabe O'Dell,Chillicothe,2019-20,20.0,1,6,1,4,0,0,3,0,1,0,4,1,14.88,1,4,0,2,0,2,0,1,0,0,1,2
Gabe Osabuohien,West Virginia,2019-20,20.0,16,47,0,3,13,24,31,18,4,20,37,20,14.6,12,32,0,1,13,23,21,13,5,23,29,21
Gabe Pruss,,2019-20,0.0,0,0,0,0,0,0,0,0,0,0,0,0,0.0,0,0,0,0,0,0,0,1,0,0,0,1
Gabe Quinnett,Idaho,2019-20,20.0,15,33,10,21,2,2,5,6,0,2,3,9,17.95,7,24,4,15,1,3,15,2,0,6,10,6
Gabe Toombs,Purdue Northwest,2019-20,20.0,1,4,1,2,0,0,0,0,0,0,1,0,20.0,0,2,0,1,0,0,1,0,0,0,1,0
Gabe Watson,Southern Miss,2019-20,20.0,88,202,20,65,16,21,57,16,2,6,55,36,14.98,68,180,17,55,30,41,44,13,2,7,38,43
Gabriel Cruz,Mobile,2019-20,20.0,1,2,1,1,4,5,0,1,0,0,0,0,20.0,4,6,0,1,0,0,1,0,0,3,3,2
Gabriel Ferreira,Rogers State,2019-20,20.0,2,2,0,0,0,4,0,0,0,1,1,0,19.15,0,0,0,0,0,0,1,0,1,1,0,0
Gabriel Gyamfi,Maryland-Eastern Shore,2019-20,20.0,13,33,0,4,4,8,15,8,8,12,30,18,14.78,17,30,0,3,7,16,10,11,6,25,32,11
Gabriel Knight,St. Katherine,2019-20,20.0,1,5,0,0,0,0,0,1,0,0,5,5,14.85,0,4,0,2,0,0,2,0,0,0,2,4
Gabriel Lemon,,2019-20,0.67,0,2,0,0,0,0,0,1,1,0,1,1,0.0,2,4,0,0,1,1,0,0,2,1,2,0
Gabriel Martinez,Central Christian College,2019-20,20.0,0,2,0,1,0,0,0,0,0,0,0,0,14.87,1,2,1,1,0,0,0,0,0,0,0,1
Gabriel Mckay,Trevecca Nazarene,2019-20,0.0,0,0,0,0,0,0,0,0,0,0,0,0,14.88,1,1,1,1,0,0,0,0,0,1,0,0
Gabriel Rivera,Central Christian College,2019-20,0.0,0,0,0,0,0,0,0,0,0,0,0,1,14.87,2,4,1,2,0,0,0,0,0,0,0,0
Gabriel Roach,Franciscan University,2019-20,20.0,1,1,1,1,0,0,0,0,0,0,0,0,14.87,1,2,0,1,0,0,0,0,0,0,0,1
Gadge Smith,Arlington Baptist,2019-20,0.0,0,0,0,0,0,0,0,0,0,0,0,0,14.55,3,4,2,3,0,0,0,1,1,0,1,1
Gadge Smtih,Arlington Baptist,2019-20,0.0,0,0,0,0,0,0,0,0,0,0,0,2,14.95,1,2,1,1,0,0,1,0,0,0,1,0
Gage Hulse,Wayland Baptist University,2019-20,0.0,0,0,0,0,0,0,0,0,0,0,0,0,14.88,0,1,0,0,0,0,1,0,0,0,0,1
Gage Shelmidine,San Diego Christian,2019-20,20.0,3,5,2,2,0,0,1,1,0,1,3,2,14.97,2,5,0,0,0,2,2,0,0,0,0,2
Gage Thompson,Luther,2019-20,20.0,4,6,1,2,0,0,0,0,0,0,0,1,14.87,1,3,0,1,0,0,1,0,0,0,0,0
Gaige Prim,Missouri State,2019-20,20.0,62,115,1,1,31,41,20,6,8,18,35,23,20.0,79,162,0,1,53,66,23,11,12,39,45,27
Gairges Daow,Northern Illinois,2019-20,20.0,19,40,2,8,6,8,3,3,0,15,18,12,15.1,7,21,2,7,3,4,7,4,1,6,15,8
Galen Alexander,Georgetown,2019-20,20.0,6,15,4,10,4,7,0,1,1,1,13,8,18.9,6,13,3,6,1,2,3,1,0,1,8,3
Galin Smith,Alabama,2019-20,20.0,22,39,0,1,8,16,2,2,8,24,16,16,14.85,14,26,0,1,10,23,5,0,16,15,21,8
Gallaudet,,2019-20,0.0,0,0,0,0,0,0,0,0,0,4,2,0,0.0,0,0,0,0,0,0,0,0,0,1,1,0
Ganlandou Cisse,Long Island University,2019-20,20.0,0,0,0,0,1,2,1,0,0,1,5,0,20.0,1,1,0,0,0,1,0,0,0,1,1,3
Gannon University,,2019-20,0.0,0,0,0,0,0,0,0,0,0,0,0,0,0.0,0,0,0,0,0,0,0,0,0,1,3,0
Gardner-Webb,,2019-20,0.0,0,0,0,0,0,0,0,0,0,19,29,6,0.0,0,0,0,0,0,0,0,0,0,37,23,8
Garon Jones,Howard,2019-20,20.0,1,3,0,0,0,0,1,0,0,1,0,1,14.95,1,3,1,2,2,2,1,0,0,0,0,1
Garren Davis,Loyola (MD),2019-20,19.98,2,10,2,7,0,2,3,1,0,3,3,3,14.92,3,10,1,5,2,3,1,1,0,3,2,0
Garrett Beene,Le Tourneau,2019-20,20.0,2,2,1,1,0,0,0,0,1,0,1,0,16.37,0,0,0,0,0,0,0,0,0,0,0,1
Garrett Covington,Youngstown St,2019-20,20.0,46,112,7,37,25,38,15,7,2,26,37,19,16.87,46,103,8,25,24,37,7,9,3,21,34,17
Garrett Gilkeson,VMI,2019-20,20.0,37,118,19,67,21,26,44,23,5,16,61,19,19.18,54,150,22,71,48,60,57,19,5,24,72,20
Garrett Golday,Tennessee Tech,2019-20,0.0,10,19,2,4,1,1,1,4,1,6,7,10,18.85,12,21,2,4,2,2,1,0,2,2,6,6
Garrett Hicks,Alabama A&M,2019-20,20.0,50,125,19,63,18,23,12,11,0,6,24,14,14.95,44,107,21,54,17,19,18,7,0,8,23,8
Garrett Phillips,NC Wesleyan,2019-20,20.0,1,3,1,3,2,2,0,0,0,0,1,0,14.9,0,2,0,2,0,0,0,0,0,0,0,0
Garrett Plantz,Summit,2019-20,0.0,0,0,0,0,0,0,0,0,0,0,1,0,14.97,1,1,1,1,0,0,0,0,0,0,1,0
Garrett Sams,North Florida,2019-20,20.0,73,155,39,92,38,45,29,16,6,8,57,37,17.93,59,153,33,86,27,34,24,12,4,8,53,26
Garrett Sattazahn,Gordon College,2019-20,20.0,3,3,3,3,0,0,1,2,0,0,0,2,20.0,0,2,0,1,0,0,0,0,0,1,1,1
Garrett Shaw,Texas State,2019-20,20.0,0,1,0,0,0,0,0,0,0,0,0,0,14.9,0,0,0,0,0,0,0,0,0,0,1,0
Garrett Sturtz,Drake,2019-20,20.0,41,59,5,13,23,34,14,13,2,23,64,13,15.35,44,72,4,13,31,52,11,12,2,28,69,16
Garrett Suedekum,,2019-20,0.0,0,0,0,0,0,0,0,0,0,0,0,1,0.0,0,0,0,0,0,0,0,0,0,0,0,0
Garrett Verberkmoes,,2019-20,0.0,0,0,0,0,0,0,0,0,1,0,1,0,0.0,0,0,0,0,0,0,0,0,1,0,0,0
Garrian Wade,Luther,2019-20,20.0,0,3,0,1,0,0,0,0,0,0,0,1,14.87,2,4,1,1,0,0,0,2,0,1,1,0
Garrick Green,Coastal Carolina,2019-20,20.0,41,115,17,60,10,15,13,4,5,28,49,32,20.0,42,98,17,43,20,36,15,9,7,31,37,18
Garrick Sherrod,Eastern New Mexico,2019-20,0.0,0,0,0,0,0,0,0,0,0,0,0,0,18.17,0,1,0,0,0,0,0,0,0,0,0,1
Garriott Jones,Cornell College,2019-20,20.0,1,3,1,3,0,0,1,0,0,0,0,0,14.87,0,1,0,0,0,0,0,0,0,0,0,0
Garrison Brooks,North Carolina,2019-20,20.0,98,191,0,2,51,74,27,11,8,48,76,32,20.0,95,161,2,4,62,102,35,6,8,49,86,31
Garrison Wade,Dartmouth,2019-20,20.0,11,27,6,17,0,2,5,2,0,2,20,6,20.0,4,16,0,11,3,4,1,3,0,2,7,4
Gary Chivichyan,Pacific,2019-20,20.0,33,87,20,56,8,14,6,3,1,0,11,7,19.57,45,112,36,84,12,16,2,4,1,1,20,11
Gary Grant,St. Mary's (MD),2019-20,20.0,4,5,0,0,1,1,1,0,0,1,1,1,17.75,2,4,1,1,0,0,0,1,0,1,1,1
Gary Harris Jr,Siena,2019-20,0.0,0,0,0,0,0,0,6,0,0,0,0,0,20.0,0,0,0,0,0,0,6,0,0,0,0,0
Gary Harris Jr.,Siena,2019-20,20.0,36,74,9,23,10,22,0,6,9,14,30,11,17.67,18,57,4,23,8,15,0,4,8,10,20,11
Gary Pendleton,Maryville University,2019-20,20.0,0,1,0,0,0,0,1,1,0,0,0,0,14.77,0,1,0,0,0,0,0,0,0,0,0,0
Gatdoar Kueth,Northwestern State,2019-20,20.0,8,20,1,4,7,12,4,2,7,7,19,10,14.92,8,21,2,5,2,2,2,2,2,2,9,10
Gavin Baxter,BYU,2019-20,20.0,4,7,0,0,0,0,1,0,3,4,2,2,14.65,0,1,0,0,1,2,2,0,0,1,4,3
Gavin Bizeau,Toledo,2019-20,20.0,4,11,3,8,2,4,1,1,0,2,6,0,20.0,1,6,0,0,1,2,1,0,1,0,5,1
Gavin Griggs,Olivet Nazarene,2019-20,20.0,0,2,0,1,0,0,0,0,0,0,0,0,20.0,2,2,1,1,0,0,0,0,0,0,0,0
Gavin Kensmil,Stephen F. Austin,2019-20,20.0,49,88,0,0,36,53,15,15,6,38,38,43,16.37,62,97,0,1,42,68,28,18,11,36,63,32
Gavin Markgraff,Illinois Wesleyan,2019-20,20.0,0,2,0,2,0,0,0,0,0,1,0,1,17.18,0,1,0,1,0,0,0,0,0,0,0,0
Gavin Spinks,Johnson & Wales (CO),2019-20,20.0,0,0,0,0,0,0,1,0,0,0,0,2,14.77,0,0,0,0,0,0,0,0,0,0,1,0
Geaut'e Williams,Spalding,2019-20,20.0,0,2,0,1,0,0,1,0,0,0,1,4,14.83,0,2,0,1,0,0,1,0,0,1,1,0
Gebreal Samaha,Mississippi Valley State,2019-20,20.0,5,11,0,1,0,2,2,2,0,6,7,7,14.87,3,5,0,0,0,2,0,0,2,5,5,5
Gedi Juozapaitis,Flagler,2019-20,19.97,3,7,0,2,1,2,0,2,0,0,7,3,20.0,4,7,4,7,5,5,3,2,0,0,4,3
Geneva,,2019-20,0.0,0,0,0,0,0,0,0,0,0,0,1,2,0.0,0,0,0,0,0,0,0,0,0,0,0,0
Geo Baker,Rutgers,2019-20,20.0,40,110,12,52,9,10,37,16,8,5,20,25,20.0,54,132,17,57,26,37,46,13,4,7,33,20
Geoff Hamperian,Youngstown St,2019-20,20.0,11,21,9,11,6,8,1,2,0,10,8,4,20.0,5,11,1,6,6,9,1,0,1,3,6,2
George Butvilas,Northland College,2019-20,20.0,1,2,1,1,0,0,0,0,0,1,1,0,14.95,3,4,1,1,0,0,0,0,0,0,2,0
George Christopoulos,,2019-20,0.0,0,0,0,0,0,0,0,0,1,0,0,1,0.0,0,0,0,0,0,0,0,0,0,0,0,0
George Conditt IV,Iowa State,2019-20,20.0,42,75,0,2,14,23,6,8,16,33,47,27,14.87,37,63,0,0,26,41,7,10,27,22,26,17
George Dixon,Eastern Illinois,2019-20,20.0,57,120,2,6,26,50,22,22,14,53,86,14,14.92,60,106,0,2,37,63,22,22,11,41,64,21
George Mason,,2019-20,0.0,0,0,0,0,0,0,0,0,0,46,24,9,0.0,0,0,0,0,0,0,0,0,0,56,19,6
George Mosialos,West New Mexico,2019-20,0.0,0,0,0,0,0,0,0,0,0,0,0,0,14.97,0,1,0,0,0,0,0,0,0,0,1,0
George Muresan,Georgetown,2019-20,20.0,2,7,0,0,2,2,0,1,0,2,3,3,20.0,0,2,0,0,2,2,0,0,0,1,3,2
George Papas,Monmouth,2019-20,20.0,29,84,19,60,18,22,28,11,2,1,23,18,16.48,38,105,24,71,26,28,28,14,5,12,16,11
George Tinsley,Binghamton,2019-20,20.0,50,128,24,74,12,19,30,13,15,26,53,17,17.92,44,105,16,57,24,31,17,11,13,28,68,24
George Tusha,Trinity Baptist,2019-20,20.0,1,8,1,1,1,2,1,1,1,2,2,4,14.93,0,6,0,2,0,0,0,0,1,1,0,2
George Washington,,2019-20,0.0,0,0,0,0,0,0,0,0,0,23,19,7,0.0,0,0,0,0,0,0,0,0,0,39,18,5
George Willborn II,,2019-20,0.43,5,10,1,1,0,0,6,1,1,2,10,4,0.0,1,11,0,3,0,0,0,2,0,3,12,6
George Willborn III,UC Riverside,2019-20,20.0,34,68,9,20,5,20,4,7,5,8,28,15,15.97,22,58,3,13,12,31,7,9,2,17,28,22
Georges Darwiche,Siena,2019-20,0.0,0,1,0,1,0,0,0,0,0,1,1,1,14.85,1,2,1,2,0,0,0,0,0,0,1,0
Georgetown,,2019-20,0.0,0,0,0,0,0,0,0,0,0,36,26,3,0.0,0,0,0,0,0,0,0,0,0,54,25,4
Georgia,,2019-20,0.0,0,0,0,0,0,0,0,0,0,30,23,6,0.0,0,0,0,0,0,0,0,0,0,33,16,7
Georgia Southern,,2019-20,0.0,0,0,0,0,0,0,0,0,0,55,30,2,0.0,0,0,0,0,0,0,0,0,0,66,32,6
Georgia State,,2019-20,0.0,0,0,0,0,0,0,0,0,0,52,35,5,0.0,0,0,0,0,0,0,0,0,0,55,29,5
Georgia Tech,,2019-20,0.0,0,0,0,0,0,0,0,0,0,54,30,7,0.0,0,0,0,0,0,0,0,0,0,49,24,15
Georgian Court,,2019-20,0.0,0,0,0,0,0,0,0,0,0,2,2,0,0.0,0,0,0,0,0,0,0,0,0,1,0,0
Georgie Pacheco-Ortiz,Liberty,2019-20,20.0,49,117,21,59,22,22,36,7,2,5,35,16,20.0,55,117,21,57,45,51,24,17,2,9,41,22
Georgios Kostikas,Spring Hill,2019-20,20.0,0,1,0,0,0,0,0,0,0,0,1,0,14.87,0,0,0,0,0,0,0,0,0,0,1,0
Gerald Drumgoole,Pittsburgh,2019-20,20.0,0,2,0,1,0,0,1,1,0,0,1,1,20.0,0,2,0,2,0,0,0,0,0,0,0,1
Gerald Drumgoole Jr,Pittsburgh,2019-20,0.0,0,0,0,0,0,0,0,0,0,0,0,0,17.93,0,0,0,0,0,0,5,0,0,0,0,0
Gerald Drumgoole Jr.,Pittsburgh,2019-20,20.0,3,16,1,9,2,2,2,0,1,5,5,7,18.0,2,11,2,10,6,12,0,0,0,5,5,0
Gerald Liddell,Texas,2019-20,20.0,12,34,1,4,9,17,8,3,8,10,18,17,20.0,13,24,3,5,1,4,7,5,2,3,15,6
Gerald Moore,,2019-20,11.93,1,3,0,1,0,0,1,0,0,1,0,0,0.0,0,1,0,0,0,0,0,0,0,0,1,0
Gerard Andrus,Prairie View A&M,2019-20,20.0,73,137,1,2,21,24,22,24,7,20,43,17,14.53,80,145,2,3,56,70,9,14,7,24,49,12
Geronimo Warner,Jackson State,2019-20,20.0,0,2,0,2,0,0,0,0,0,1,0,0,20.0,0,0,0,0,0,0,0,0,0,0,1,0
Gerrale Gates,New Orleans,2019-20,20.0,44,103,0,1,23,37,29,9,10,18,60,21,14.87,40,86,0,1,44,55,24,5,5,25,54,13
Gerren Jackson,East Central,2019-20,20.0,1,3,0,2,0,0,2,1,0,0,5,2,14.72,0,2,0,1,0,0,0,0,0,0,1,0
Gerron Scissum,Alabama A&M,2019-20,20.0,4,18,0,2,2,5,1,0,0,3,9,4,17.73,5,14,0,0,0,0,3,0,4,6,9,3
Gertautas Urbonavicius,North Dakota,2019-20,0.0,6,27,2,6,8,10,3,0,2,6,15,8,14.97,11,20,1,3,7,9,1,0,0,2,7,4
Gettysburg,,2019-20,0.0,0,0,0,0,0,0,0,0,0,1,2,0,0.0,0,0,0,0,0,0,0,0,0,0,1,0
Giambattista Davis,Buffalo,2019-20,0.0,0,0,0,0,0,0,0,0,0,0,0,0,14.97,0,3,0,0,0,0,0,0,0,3,0,0
Gianni Hunt,Oregon State,2019-20,20.0,12,38,5,18,7,10,11,9,0,3,25,15,16.42,12,31,5,10,7,10,14,6,0,1,10,7
Gibson Jimerson,Saint Louis,2019-20,20.0,19,44,11,29,1,2,1,1,1,0,4,3,16.05,20,39,13,27,2,2,3,3,0,2,8,5
Giir Ring,Coppin State,2019-20,20.0,4,16,1,13,1,2,2,1,0,5,5,9,20.0,5,15,2,8,3,5,0,1,0,5,10,5
Gio Diaz,Tampa,2019-20,20.0,0,2,0,2,0,0,0,0,0,0,1,4,14.97,3,5,3,4,2,2,0,0,0,0,1,0
Giordan Williams,Santa Clara,2019-20,20.0,8,26,3,16,4,5,1,6,0,1,8,5,14.9,10,17,6,13,3,6,0,1,0,0,8,1
Giorgi Bezhanishvili,Illinois,2019-20,15.38,38,91,3,16,11,21,29,1,4,32,42,30,20.0,36,82,8,20,17,27,19,2,9,24,49,26
Giovanni Jackson,Fisk,2019-20,20.0,0,0,0,0,1,2,0,0,0,1,2,0,14.77,2,4,0,0,4,6,0,1,0,0,0,0
Giovanni Maucere,Gallaudet University,2019-20,20.0,0,1,0,0,0,0,0,0,0,0,0,0,14.92,0,1,0,0,0,0,1,0,0,2,0,0
Giovanni Santiago,Kent State,2019-20,20.0,10,18,4,8,4,4,16,5,2,0,4,11,14.98,7,15,2,6,4,4,15,6,0,1,15,5
Glen Anderson,Maryland-Eastern Shore,2019-20,20.0,17,60,7,25,5,11,35,13,0,3,31,40,14.78,18,65,10,32,8,14,22,18,0,6,28,22
Glenn Glover,Southeastern Baptist College,2019-20,20.0,2,7,0,3,1,2,2,0,0,0,1,2,14.88,1,3,0,0,0,0,0,0,0,0,0,1
Glenn Morison,California Baptist,2019-20,0.0,19,27,0,0,19,27,4,2,13,23,29,14,15.52,13,23,0,1,18,23,7,3,7,29,16,6
Glenn Sims,Carver Bible College,2019-20,20.0,2,8,0,2,0,0,3,0,0,1,5,8,14.93,1,4,0,0,1,4,2,0,0,1,0,0
Gloire Biongo,Evergreen State,2019-20,20.0,2,4,1,1,0,0,0,0,0,0,1,0,20.0,6,7,3,3,0,0,0,1,0,0,2,1
Goanar Mar,George Mason,2019-20,15.0,6,32,0,9,8,11,8,4,5,9,19,13,20.0,14,30,2,9,11,15,6,6,1,9,13,7
Gob Gabriel,Monmouth,2019-20,20.0,10,17,2,7,1,4,1,1,1,1,3,6,16.48,4,12,1,4,0,2,4,2,0,3,3,4
Godfrey Rolle,Southwest Baptist,2019-20,20.0,0,2,0,1,0,0,0,0,0,0,0,3,18.18,0,0,0,0,0,0,3,0,0,1,0,2
Godwin Boahen,UIC,2019-20,20.0,50,161,23,91,14,19,47,18,2,14,70,44,20.0,61,155,25,78,28,36,33,21,1,11,40,31
Golden Dike,Loyola (MD),2019-20,19.98,39,62,0,0,11,34,18,10,3,25,41,25,14.92,37,66,0,0,36,73,20,4,7,30,50,23
Gonzaga,,2019-20,0.0,0,0,0,0,0,0,0,0,0,24,28,3,0.0,0,0,0,0,0,0,0,0,0,25,22,4
Gonzalo Munoz,Concordia Texas,2019-20,20.0,1,3,1,1,0,0,0,0,0,0,0,0,14.75,1,2,0,1,0,0,0,0,0,1,0,0
Goran Miladinovic,Marshall,2019-20,20.0,21,49,0,0,7,13,6,4,3,15,21,19,20.0,20,31,0,0,8,12,1,0,6,15,24,13
Gordon College,,2019-20,0.0,0,0,0,0,0,0,0,0,0,0,4,0,0.0,0,0,0,0,0,0,0,0,0,1,0,0
Gorjok Gak,UConn,2019-20,20.0,0,2,0,0,0,0,0,0,0,1,2,1,20.0,0,0,0,0,0,0,0,0,0,0,0,0
Goshen,,2019-20,0.0,0,0,0,0,0,0,0,0,0,3,1,0,0.0,0,0,0,0,0,0,0,0,0,0,1,0
Goucher,,2019-20,0.0,0,0,0,0,0,0,0,0,0,5,3,0,0.0,0,0,0,0,0,0,0,0,0,5,3,0
Grambling,,2019-20,0.0,0,0,0,0,0,0,0,0,0,33,29,7,0.0,0,0,0,0,0,0,0,0,0,41,21,3
Grand Canyon,,2019-20,0.0,0,0,0,0,0,0,0,0,0,30,29,9,0.0,0,0,0,0,0,0,0,0,0,30,21,9
Grant Anticevich,California,2019-20,20.0,46,112,20,43,12,14,21,4,6,16,68,27,17.72,46,117,7,31,10,15,17,6,1,15,57,20
Grant Balvanz,Multnomah,2019-20,20.0,5,7,5,7,0,0,0,0,0,0,2,0,14.8,1,3,1,3,0,0,1,0,0,1,1,0
Grant Basile,Wright State,2019-20,20.0,35,69,1,11,26,36,9,3,9,18,43,25,20.0,24,57,2,9,16,23,13,7,17,20,35,18
Grant Biesterfeld,Wisconsin Lutheran,2019-20,0.0,0,0,0,0,0,0,0,0,0,0,0,0,14.83,0,0,0,0,1,2,0,0,0,0,0,1
Grant Erickson,Puget Sound,2019-20,20.0,0,1,0,0,1,2,1,0,0,0,2,2,14.95,1,2,0,1,0,0,1,0,0,0,3,2
Grant Fogerty,,2019-20,0.0,0,0,0,0,0,0,0,0,0,0,0,0,0.0,0,0,0,0,0,0,0,0,0,1,0,0
Grant Golden,Richmond,2019-20,19.63,98,169,1,6,28,42,44,11,9,17,91,17,20.0,50,111,4,13,27,37,53,4,14,14,68,35
Grant Greabell,Sacramento State,2019-20,20.0,0,1,0,1,0,0,0,0,0,0,0,0,14.93,0,5,0,5,0,0,0,0,0,0,2,1
Grant Karsten,Concordia University (WI),2019-20,0.0,0,0,0,0,0,0,0,0,0,0,0,0,18.85,0,1,0,1,0,0,0,0,0,0,1,0
Grant Ledford,Chattanooga,2019-20,0.0,5,7,3,4,0,0,2,0,0,3,4,5,20.0,1,7,0,3,3,5,1,3,0,3,3,3
Grant Miller,MIT,2019-20,0.0,0,0,0,0,0,0,0,3,0,1,1,0,14.62,1,1,0,0,0,0,0,0,0,0,0,0
Grant Monix,Goshen College,2019-20,20.0,1,1,1,1,0,0,0,0,0,0,0,0,14.93,0,3,0,3,0,0,1,0,0,0,2,2
Grant Riller,Charleston,2019-20,20.0,116,224,25,70,58,73,56,25,4,4,61,44,15.33,95,202,21,52,97,114,54,20,5,11,72,44
Grant Sherfield,Wichita State,2019-20,20.0,33,99,12,45,23,31,45,14,1,6,37,32,17.78,39,102,11,26,41,52,40,11,2,3,42,21
Grant Wallace,Rocky Mountain,2019-20,20.0,2,4,1,3,0,0,1,0,0,0,2,4,14.87,1,3,1,3,0,0,0,0,0,0,1,1
Grant Weatherford,IUPUI,2019-20,20.0,46,126,6,38,26,44,45,24,4,21,58,43,14.88,59,114,17,35,24,43,47,29,3,24,49,35
Grant Wolfe,Illinois Wesleyan,2019-20,20.0,1,7,0,1,0,0,2,1,0,1,1,1,17.18,2,3,0,0,0,0,4,1,0,0,1,0
Grayson Murphy,Belmont,2019-20,20.0,51,100,11,31,9,21,104,42,5,19,99,27,20.0,72,134,12,32,23,36,84,35,0,24,83,22
Green Bay,,2019-20,0.0,0,0,0,0,0,0,0,0,0,42,40,3,0.0,0,0,0,0,0,0,0,0,0,49,35,2
Greensboro College,,2019-20,0.0,0,0,0,0,0,0,0,0,0,6,4,2,0.0,0,0,0,0,0,0,0,0,0,3,5,0
Greg Alexander,Concordia (MI),2019-20,20.0,1,4,0,1,2,2,0,0,0,1,1,3,14.87,0,2,0,0,0,0,0,0,0,1,3,5
Greg Bloodswoth,Wesley,2019-20,20.0,1,5,0,3,0,0,0,1,0,1,1,3,14.92,2,4,1,2,0,0,2,0,0,0,0,0
Greg Calixte,George Mason,2019-20,15.0,21,37,0,0,1,6,8,4,6,15,28,14,20.0,15,23,0,0,2,7,3,4,3,14,27,9
Greg Dolan,Cornell,2019-20,0.0,14,32,5,15,5,10,3,11,0,3,6,6,15.38,17,33,7,14,11,19,16,9,3,2,20,7
Greg Eboigbodin,Northeastern,2019-20,20.0,16,34,0,2,10,10,12,3,3,21,43,15,20.0,9,18,0,0,7,7,4,3,2,17,28,5
Greg Elliott,Marquette,2019-20,19.98,20,46,10,24,9,10,17,9,3,4,27,10,14.92,18,39,7,16,11,17,10,5,0,8,17,10
Greg Gantt,Providence,2019-20,20.0,19,39,6,15,5,9,7,10,3,12,18,11,14.95,5,17,0,4,8,10,1,8,4,12,18,5
Greg Harbor,Concordia Texas,2019-20,20.0,1,1,1,1,0,0,0,0,0,0,2,2,14.75,2,3,2,3,0,0,0,0,0,0,0,1
Greg Heckstall,Hampton,2019-20,20.0,43,112,21,51,18,21,29,13,5,10,67,21,14.88,45,109,20,59,33,45,36,8,2,8,77,29
Greg Jones,Lipscomb,2019-20,20.0,42,89,24,60,19,24,8,3,1,8,29,13,14.93,34,81,14,48,25,31,7,10,2,9,26,7
Greg Kuakumensah,Niagara,2019-20,20.0,55,131,6,21,4,11,13,12,13,14,35,12,20.0,47,86,5,13,11,21,8,11,9,18,33,19
Greg Lee,CSU Bakersfield,2019-20,0.0,39,93,8,28,6,9,11,11,4,14,40,14,15.25,33,74,7,20,18,21,3,7,5,15,32,18
Greg Marsh,Cincinnati Clermont,2019-20,20.0,0,0,0,0,2,2,3,0,0,0,0,2,14.87,0,2,0,1,0,0,1,1,0,0,1,4
Greg Milton III,Wyoming,2019-20,20.0,20,49,9,25,5,9,7,2,0,5,19,9,18.73,22,62,10,33,12,15,18,6,1,4,25,8
Greg Outlaw,Central Connecticut,2019-20,20.0,54,124,2,9,22,29,19,14,4,14,41,26,17.95,42,102,2,10,24,43,13,16,5,14,27,24
Greg Parham,VMI,2019-20,20.0,65,147,29,71,13,14,42,17,0,5,27,22,19.18,44,102,15,41,9,17,39,6,0,9,37,28
Greg Purnell,Bluefield State,2019-20,20.0,1,5,1,4,0,0,1,1,0,0,3,7,14.97,0,1,0,1,0,0,2,0,0,1,1,2
Greg Smith,Saint Joseph's,2019-20,0.0,3,10,1,4,0,1,3,0,0,3,3,2,18.3,3,6,0,1,0,2,5,0,0,1,3,0
Greg Summers,Navy,2019-20,18.08,40,92,3,12,31,52,35,12,4,25,73,24,20.0,47,107,2,13,72,97,34,13,11,36,63,27
Greg Tribble,Akron,2019-20,19.92,16,35,3,7,7,18,16,3,2,3,26,18,18.48,10,22,0,2,12,19,13,3,1,3,13,6
Greg Wallace,Rio Grande,2019-20,0.0,0,0,0,0,0,0,0,0,0,0,0,0,14.62,1,1,0,0,1,1,0,0,1,1,1,1
Greg Williams Jr,St. John's,2019-20,20.0,0,0,0,0,0,0,25,0,0,0,0,0,14.95,0,0,0,0,0,0,19,0,0,0,0,0
Greg Williams Jr.,St. John's,2019-20,20.0,24,72,9,32,6,11,5,15,4,5,31,14,14.95,33,68,10,23,21,31,8,22,5,11,33,17
Gregory Boyle,Purdue Northwest,2019-20,20.0,0,4,0,3,0,0,2,0,0,0,0,2,20.0,2,3,2,2,2,2,1,1,0,1,0,0
Gregory Cross II,Towson,2019-20,0.0,0,0,0,0,0,0,0,0,0,0,0,0,17.88,1,1,0,0,0,0,0,0,1,0,1,0
Gregory Gallon,Wiley,2019-20,20.0,1,3,1,2,1,2,0,0,0,0,1,0,14.95,3,7,1,2,0,0,0,1,0,2,2,2
Gregory Hammond,Rhode Island,2019-20,20.0,0,1,0,1,2,2,1,0,0,0,2,1,16.92,0,0,0,0,0,0,0,0,0,0,0,0
Gresyn Rogers,Spring Hill,2019-20,20.0,6,15,0,3,0,0,1,0,1,0,2,1,14.87,1,5,0,0,2,3,0,1,0,2,0,1
Greyson Collins,Greensboro,2019-20,20.0,1,9,1,5,0,0,4,0,0,1,2,5,14.92,3,12,2,8,0,0,0,0,0,1,0,4
Griffin Webb,Puget Sound,2019-20,20.0,1,1,0,0,0,0,0,0,0,0,0,1,14.95,0,0,0,0,0,0,0,0,0,0,0,0
Guglielmo Caruso,Santa Clara,2019-20,20.0,47,67,4,9,14,18,5,5,11,12,34,17,14.9,25,41,1,3,17,22,4,4,8,7,27,12
Guilien Smith,Northeastern,2019-20,20.0,19,38,13,25,3,4,11,1,3,4,16,11,20.0,13,36,7,22,8,10,9,8,1,4,10,6
Gunnar Mogolis,Westcliff,2019-20,20.0,1,4,0,3,0,0,0,3,0,0,1,2,14.8,1,5,0,3,0,0,0,0,0,0,2,3
Gunner Short,Rio Grande,2019-20,19.98,3,10,1,4,1,2,1,0,0,0,2,2,14.62,4,8,1,2,0,0,1,0,0,1,0,0
Gyse Hulsebosch,Westmont,2019-20,20.0,0,2,0,1,0,0,1,0,0,0,0,1,17.72,1,1,0,0,0,0,1,0,0,0,0,0
Haakon Ullrich,UC Santa Cruz,2019-20,20.0,4,7,0,0,1,3,0,0,0,0,1,1,14.9,1,2,0,0,0,2,0,0,0,0,1,1
Haanif Cheatham,Nebraska,2019-20,20.0,68,158,14,42,27,37,21,18,5,4,57,23,18.43,60,122,12,35,42,67,23,16,3,8,33,13
Hadith Tiggs,Rio Grande,2019-20,19.98,1,5,0,0,1,2,0,0,0,2,0,1,14.62,0,0,0,0,0,0,0,0,0,0,0,1
Haize Fornstrom,Wyoming,2019-20,20.0,3,4,2,2,0,0,0,0,0,0,4,0,20.0,0,0,0,0,0,0,1,0,0,0,0,1
Hakim Hart,Maryland,2019-20,0.0,2,18,0,14,2,4,0,0,0,3,1,2,18.05,4,11,2,7,2,2,4,0,0,0,5,2
Hakon Hjalmarsson,Binghamton,2019-20,20.0,27,55,13,25,5,7,15,3,1,1,11,21,17.92,14,38,8,23,5,7,8,5,0,4,13,10
Hal Hughes,Hofstra,2019-20,0.0,0,1,0,0,0,2,0,0,3,0,5,0,14.97,1,4,0,0,0,0,0,1,2,3,1,2
Hall Elisias,Bryant,2019-20,20.0,34,52,0,0,20,29,4,14,28,19,50,15,20.0,39,59,0,0,39,60,6,6,37,26,58,20
Hameir Wright,Washington,2019-20,20.0,27,74,21,56,16,25,28,7,17,9,47,35,20.0,22,65,15,49,16,27,24,16,9,18,49,21
Hampton,,2019-20,0.0,0,0,0,0,0,0,0,0,0,20,38,2,0.0,0,0,0,0,0,0,0,0,0,40,22,8
Hank Beard,Illinois State,2019-20,0.0,0,0,0,0,0,0,0,0,0,0,0,0,17.85,0,0,0,0,0,0,1,2,0,1,0,0
Hank Hollingsworth,Cal Poly,2019-20,20.0,0,1,0,0,1,2,0,0,2,1,1,1,18.25,2,3,0,0,1,1,0,0,0,1,2,0
Hannes Polla,UT Martin,2019-20,20.0,14,24,0,0,6,7,0,2,3,7,9,9,20.0,5,12,0,0,3,6,2,2,1,2,5,6
Hans Burwitz,Texas Dallas,2019-20,20.0,1,5,0,0,0,1,1,0,0,2,3,0,14.9,0,1,0,0,0,0,0,0,0,0,0,0
Harald Frey,Montana State,2019-20,20.0,65,167,21,80,69,76,53,24,1,5,52,27,20.0,69,164,32,82,76,91,69,18,0,5,55,42
Harley Shear,Northland College,2019-20,20.0,1,3,0,0,0,0,1,2,0,0,1,1,14.95,1,1,0,0,0,0,0,0,0,0,0,0
Harlond Beverly,Miami,2019-20,20.0,36,98,4,27,12,17,32,6,3,4,35,35,14.87,43,99,8,33,25,33,31,13,3,6,15,27
Harris Brown,Central State (OH),2019-20,20.0,0,4,0,3,0,0,1,1,0,0,0,1,14.88,0,0,0,0,0,0,0,0,0,0,0,0
Harrison Butler,Southern Utah,2019-20,15.33,38,91,7,24,26,41,25,10,6,16,73,28,20.0,35,77,7,15,22,37,18,12,8,17,51,20
Harrison Deegan,Oneonta State,2019-20,20.0,0,2,0,1,0,0,1,0,0,0,0,0,17.78,1,2,0,0,0,0,1,0,1,1,0,1
Harrison Henderson,Milwaukee,2019-20,20.0,10,29,1,5,10,14,2,2,2,9,12,10,18.85,15,28,0,4,8,11,0,2,2,3,8,9
Harrison Hookfin,,2019-20,0.0,0,0,0,0,0,0,0,0,0,0,0,0,0.0,0,0,0,0,0,0,0,0,0,0,0,1
Harrison Prieto,Florida State,2019-20,20.0,2,3,0,0,0,0,0,1,1,2,1,1,20.0,0,0,0,0,0,0,0,0,0,0,0,1
Harry Morrice,North Carolina A&T,2019-20,20.0,8,16,3,6,0,0,3,1,3,1,9,5,14.98,2,14,0,2,0,0,1,0,3,3,5,1
Harry Ravitz,Elmira,2019-20,20.0,0,1,0,1,0,0,0,0,0,0,0,1,14.8,0,1,0,0,0,0,0,0,0,0,0,0
Hartford,,2019-20,0.0,0,0,0,0,0,0,0,0,0,33,31,6,0.0,0,0,0,0,0,0,0,0,0,44,18,10
Hartwick,,2019-20,0.0,0,0,0,0,0,0,0,0,0,0,3,0,0.0,0,0,0,0,0,0,0,0,0,2,2,0
Harvard,,2019-20,0.0,0,0,0,0,0,0,0,0,0,16,28,4,0.0,0,0,0,0,0,0,0,0,0,30,20,5
Harvey Barr,Simpson University,2019-20,19.97,0,3,0,0,2,2,1,1,1,1,3,1,14.85,1,2,0,0,1,2,1,1,0,0,5,2
Harwin Francois,Southern Illinois,2019-20,20.0,23,52,19,39,7,7,4,8,3,5,32,5,17.18,14,38,12,33,5,8,5,4,1,0,20,7
Hasaan DeCarolis,,2019-20,6.73,0,2,0,0,0,0,2,1,0,0,0,1,0.0,0,2,0,1,0,0,0,0,0,0,1,0
Hasahn French,Saint Louis,2019-20,20.0,56,130,0,0,14,48,39,13,38,42,111,37,16.05,100,168,0,0,31,95,29,14,33,60,90,28
Haskell Indian Nations University,,2019-20,0.0,0,0,0,0,0,0,0,0,0,0,1,1,0.0,0,0,0,0,0,0,0,0,0,1,1,0
Hason Ward,VCU,2019-20,20.0,14,23,0,0,1,3,4,1,10,8,21,6,18.45,9,15,0,0,6,6,1,4,2,1,12,1
Hassan Drame,Saint Peter's,2019-20,20.0,27,64,6,15,17,24,6,9,6,24,33,26,14.88,13,46,3,13,14,21,12,3,2,18,53,14
Haven Smith,Elmira,2019-20,0.0,0,0,0,0,0,0,0,0,0,0,0,0,14.8,0,1,0,0,0,0,0,0,0,0,0,0
Hawai'i,,2019-20,0.0,0,0,0,0,0,0,0,0,0,14,29,12,0.0,0,0,0,0,0,0,0,0,0,22,18,12
Hawai'i Pacific,,2019-20,0.0,0,0,0,0,0,0,0,0,0,1,1,2,0.0,0,0,0,0,0,0,0,0,0,2,0,3
Haybert Louchie,Bryn Athyn,2019-20,20.0,1,4,0,0,1,2,0,0,0,0,0,3,15.02,1,4,0,0,0,0,0,0,0,0,0,2
Hayden Brown,The Citadel,2019-20,20.0,17,33,5,13,3,4,2,6,2,2,6,10,18.35,13,23,3,6,5,8,5,2,0,1,9,6
Hayden Cassell,Brevard College,2019-20,20.0,0,1,0,1,0,0,1,0,0,0,0,0,14.78,1,3,0,1,0,0,0,0,0,1,1,1
Hayden Howell,Abilene Christian,2019-20,15.18,19,47,1,5,6,8,5,2,2,9,6,11,20.0,13,24,0,4,7,12,3,1,2,4,7,6
Hayden Koval,Central Arkansas,2019-20,20.0,49,121,16,51,49,66,18,6,42,26,80,38,14.98,57,114,11,34,41,55,23,11,36,37,70,25
Hayden Miller,Omaha,2019-20,0.0,0,0,0,0,0,0,0,0,0,0,0,0,14.92,1,1,1,1,0,0,0,0,0,0,0,2
Hayden Mink,Chillicothe,2019-20,20.0,3,6,2,4,0,0,2,1,0,0,0,9,14.88,2,6,0,1,0,0,1,0,0,1,0,2
Hayden Todd,Florida College,2019-20,20.0,1,2,1,2,0,0,1,1,1,0,1,1,20.0,1,1,0,0,0,1,1,0,0,1,0,1
Hayes Brush,Bob Jones University,2019-20,20.0,3,6,1,2,0,2,0,0,0,0,2,2,15.25,0,1,0,1,0,0,1,0,0,0,0,0
Heath Starkey,Cumberland College,2019-20,20.0,1,3,1,2,0,0,0,0,1,0,1,0,14.87,0,1,0,1,0,0,0,0,0,0,2,0
Heidelberg,,2019-20,0.0,0,0,0,0,0,0,0,0,0,2,0,2,0.0,0,0,0,0,0,0,0,0,0,1,0,0
Hendrix College,,2019-20,0.0,0,0,0,0,0,0,0,0,0,2,3,0,0.0,0,0,0,0,0,0,0,0,0,3,1,1
Henry Baddley,Butler,2019-20,20.0,14,28,8,16,3,4,2,3,3,4,11,3,16.07,12,27,4,16,1,7,2,12,1,2,13,0
Henry Galinato,Benedictine (AZ),2019-20,20.0,2,2,0,0,0,0,0,0,0,0,0,1,14.88,0,2,0,0,0,0,0,0,0,0,1,0
Henry Lieber,Oberlin College,2019-20,0.0,0,0,0,0,0,0,0,0,0,0,0,0,14.98,0,1,0,0,0,0,0,0,0,0,0,0
Henry Makeny,Marist,2019-20,20.0,5,15,0,2,2,4,1,0,2,3,11,9,20.0,4,9,1,4,3,4,0,1,0,1,3,4
Henry Tanksley,Peru State College,2019-20,20.0,3,12,2,8,1,2,1,3,0,1,1,3,14.98,0,2,0,1,0,0,0,0,0,0,0,2
Henry Welsh,Harvard,2019-20,0.0,1,4,0,1,0,0,1,0,1,2,3,0,20.0,1,1,0,0,0,0,0,0,1,0,0,0
Herb McGee,South Alabama,2019-20,20.0,27,80,20,64,13,20,27,13,4,2,50,20,20.0,25,60,11,34,35,56,36,18,4,4,34,32
Herbert Jones,Alabama,2019-20,20.0,33,82,1,9,23,36,31,20,9,22,53,30,20.0,38,65,0,5,30,52,23,14,10,31,58,19
Heru Bligen,Longwood,2019-20,20.0,24,48,4,11,8,9,8,4,1,5,14,7,16.5,9,25,0,2,22,30,8,10,0,6,20,13
Hidde Roessink,Oklahoma State,2019-20,20.0,2,12,1,4,2,7,1,1,1,2,6,5,20.0,2,9,0,3,0,4,1,1,0,5,4,3
High Point,,2019-20,0.0,0,0,0,0,0,0,0,0,0,36,32,22,0.0,0,0,0,0,0,0,0,0,0,58,26,14
Hiram,,2019-20,0.0,0,0,0,0,0,0,0,0,0,3,5,1,0.0,0,0,0,0,0,0,0,0,0,2,0,0
Hirotaka Ohashi,Florida National,2019-20,20.0,1,5,0,0,0,0,3,2,0,1,5,0,19.92,1,1,0,0,2,2,6,1,0,0,3,0
Hnric Murray Jr.,,2019-20,0.0,0,0,0,0,0,0,0,0,0,0,1,0,0.0,0,0,0,0,0,0,0,0,0,0,0,0
Hofstra,,2019-20,3.82,1,1,1,1,0,0,0,0,0,41,35,2,0.0,0,0,0,0,0,0,0,0,0,50,24,5
Holden Redparth,North Alabama,2019-20,20.0,0,1,0,1,0,0,0,0,0,0,0,0,14.93,1,4,1,2,0,2,1,1,0,2,3,0
Holland Woods,Portland State,2019-20,20.0,80,194,22,74,47,58,79,41,1,8,31,56,14.95,79,195,20,70,85,100,70,21,0,7,24,54
Holy Cross,,2019-20,0.0,0,0,0,0,0,0,0,0,0,40,29,6,0.0,0,0,0,0,0,0,0,0,0,47,29,9
Holy Family University,,2019-20,0.0,0,0,0,0,0,0,0,0,0,2,0,0,0.0,0,0,0,0,0,0,0,0,0,1,0,0
Holy Names University,,2019-20,0.0,0,0,0,0,0,0,0,0,0,0,1,1,0.0,0,0,0,0,0,0,0,0,0,1,0,0
Hosana Kitenge,Coastal Carolina,2019-20,0.0,16,28,0,0,8,16,4,4,6,14,20,18,20.0,17,23,0,0,16,25,4,3,1,9,13,7
Houston,,2019-20,0.0,0,0,0,0,0,0,0,0,0,36,28,6,0.0,0,0,0,0,0,0,0,0,0,44,19,6
Houston Baptist,,2019-20,0.0,0,0,0,0,0,0,0,0,0,46,36,1,0.0,0,0,0,0,0,0,0,0,0,50,16,4
Houston King,Eastern Kentucky,2019-20,20.0,5,15,2,10,2,3,1,2,0,3,3,4,18.12,5,17,3,9,2,3,2,3,0,2,1,4
Houston Smith,Bethune-Cookman,2019-20,20.0,14,38,3,15,12,18,16,6,0,9,18,18,14.83,17,34,0,6,6,11,12,6,0,8,13,15
Howard,,2019-20,0.0,0,0,0,0,0,0,0,0,0,26,21,6,0.0,0,0,0,0,0,0,0,0,0,25,23,1
Howard Payne,,2019-20,0.0,0,0,0,0,0,0,0,0,0,6,3,0,0.0,0,0,0,0,0,0,0,0,0,0,1,0
Howard Washington,Syracuse,2019-20,0.0,2,8,0,5,0,0,10,3,0,0,8,3,15.8,3,10,2,5,4,4,4,2,0,2,0,3
Hugh Hogland,Portland,2019-20,20.0,8,18,0,1,5,8,5,1,5,6,11,7,20.0,5,9,0,0,3,4,0,0,5,4,6,5
Hugo Ferreira,Cleveland State,2019-20,20.0,16,49,5,17,12,20,12,12,1,0,9,21,14.98,13,39,2,13,19,27,18,12,0,5,13,18
Hunter Cattoor,Virginia Tech,2019-20,20.0,33,75,23,56,6,9,15,13,2,2,27,6,20.0,34,77,26,60,8,12,13,18,2,1,40,9
Hunter Crist,Green Bay,2019-20,0.0,8,22,4,12,7,8,20,6,0,3,19,12,16.57,7,16,0,4,11,15,21,7,0,3,12,4
Hunter Davis,South Wesleyan,2019-20,20.0,3,4,0,1,1,2,1,1,0,1,2,3,17.58,1,6,0,0,1,1,0,0,0,3,0,0
Hunter Dean,Southern Miss,2019-20,20.0,3,8,0,0,1,2,1,0,0,3,6,7,14.85,6,10,0,0,7,9,2,0,2,4,5,6
Hunter George,Misericordia,2019-20,0.0,0,0,0,0,0,0,0,0,0,0,0,0,17.58,1,1,0,0,1,1,0,0,0,0,1,0
Hunter Goodrick,South Dakota,2019-20,0.0,8,22,0,5,15,18,11,2,1,6,29,7,19.57,16,27,3,6,15,25,6,3,0,10,17,5
Hunter Hale,Winthrop,2019-20,20.0,72,183,39,119,29,34,23,13,2,14,48,36,20.0,70,163,42,108,33,46,34,19,1,9,37,30
Hunter Lang,Trinity Baptist,2019-20,0.0,0,0,0,0,0,0,0,0,0,0,0,0,14.97,0,1,0,1,0,0,0,0,0,1,2,0
Hunter Maldonado,Wyoming,2019-20,20.0,75,204,13,57,38,53,65,23,7,4,84,48,18.73,103,217,21,60,68,97,60,18,10,10,87,48
Hunter Marks,Hartford,2019-20,20.0,39,104,14,54,39,50,12,5,5,12,72,27,17.95,45,99,22,54,37,49,24,17,6,17,63,16
Hunter McIntosh,Elon,2019-20,20.0,72,161,41,98,16,21,46,12,0,4,45,40,20.0,55,135,38,88,35,48,55,13,0,9,48,20
Hunter Mengel,Midland University,2019-20,20.0,1,1,0,0,0,0,0,0,1,0,1,2,14.92,4,5,0,0,0,0,0,0,0,1,1,0
Hunter Moe,Northland College,2019-20,20.0,2,6,1,4,0,0,0,0,0,0,2,0,14.95,0,1,0,0,0,0,1,0,0,0,0,0
Hunter Santschi,Sonoma State,2019-20,0.0,0,0,0,0,0,0,0,0,0,0,0,0,14.92,0,1,0,1,0,0,0,0,0,0,1,2
Hunter Schenkel,Farmingdale State,2019-20,20.0,3,5,2,3,2,2,0,0,0,0,0,3,14.73,1,3,0,2,0,0,0,0,1,0,1,0
Hunter Seacat,Appalachian State,2019-20,20.0,30,51,0,0,21,31,14,4,6,18,47,15,20.0,45,78,0,1,18,35,14,4,13,27,53,16
Hunter Sipe,Westmont,2019-20,20.0,1,6,0,4,0,0,0,0,0,0,3,1,17.72,1,2,1,2,0,0,0,0,0,0,0,0
Hunter Staten,Oklahoma Christian,2019-20,20.0,0,1,0,1,0,0,0,0,0,0,0,1,14.88,3,3,0,0,0,0,0,0,0,0,0,0
Hunter Stevens,Texas Dallas,2019-20,0.0,0,0,0,0,0,0,0,0,0,0,2,0,14.9,2,4,1,1,0,0,0,0,0,0,0,1
Hunter Thompson,Wyoming,2019-20,20.0,35,91,18,57,11,15,9,2,6,7,32,22,18.73,35,86,16,47,18,27,13,3,7,10,54,16
Hunter Tyson,Clemson,2019-20,20.0,24,64,13,45,8,14,5,11,2,7,31,5,20.0,25,50,11,31,18,22,5,5,0,7,28,7
Hunter Vick,Tennessee Tech,2019-20,20.0,37,97,24,63,7,7,15,7,3,7,29,10,18.85,35,74,21,50,6,7,15,11,4,2,32,9
Hunter Woods,Elon,2019-20,20.0,56,142,27,76,29,39,26,19,4,16,100,44,20.0,47,148,25,83,39,56,30,17,4,21,73,39
Hyron Edwards,Colorado State,2019-20,20.0,25,57,7,19,6,7,34,17,0,2,28,22,19.97,18,45,2,7,8,12,28,15,0,2,17,13
Hyunjung Lee,Davidson,2019-20,20.0,41,85,18,51,12,15,12,6,2,10,33,10,20.0,32,65,21,46,27,30,8,9,1,13,23,12
IUPUI,,2019-20,0.0,0,0,0,0,0,0,0,0,0,52,21,3,0.0,0,0,0,0,0,0,0,0,0,50,16,9
Ian Best,Averett,2019-20,20.0,1,2,0,0,0,0,2,0,0,0,1,3,14.7,0,0,0,0,0,0,2,0,0,0,0,1
Ian Burke,Portland State,2019-20,20.0,21,56,14,39,5,7,18,12,0,12,23,5,14.95,19,57,13,45,3,6,13,8,1,7,16,7
Ian Carter,Dartmouth,2019-20,20.0,15,34,0,3,9,11,12,3,3,7,28,14,20.0,13,40,0,7,9,14,3,4,5,7,24,8
Ian DuBose,Houston Baptist,2019-20,20.0,78,182,22,58,60,80,54,19,3,22,81,55,18.07,84,179,20,66,67,85,47,22,5,18,64,51
Ian Hinkley,MIT,2019-20,20.0,1,4,0,2,0,0,0,1,0,1,1,2,14.62,0,4,0,2,0,0,0,0,0,0,2,2
Ian Hohenstein,,2019-20,0.0,0,0,0,0,0,0,0,0,0,0,0,0,0.0,0,0,0,0,0,0,0,0,0,2,2,0
Ian James Russell,West Coast Baptist,2019-20,20.0,2,10,0,3,2,2,0,2,0,1,2,5,14.92,3,9,0,0,4,4,2,0,0,2,3,4
Ian Kelly,Tiffin,2019-20,20.0,0,1,0,1,0,0,0,0,0,0,1,0,15.38,0,0,0,0,0,0,0,0,0,1,1,0
Ian Kinard,South Carolina State,2019-20,20.0,10,31,6,18,9,11,8,7,2,4,19,11,14.73,16,41,8,22,11,15,6,2,2,6,22,10
Ian Krishnan,Central Connecticut,2019-20,20.0,36,77,18,35,16,18,5,8,2,1,14,8,14.67,31,80,18,45,18,25,5,8,1,3,11,13
Ian Lee,Howard,2019-20,20.0,13,37,6,15,5,6,21,3,1,4,14,19,17.98,5,14,3,9,4,6,10,4,0,1,7,9
Ian Mccarthy,Rutgers-Camden,2019-20,20.0,0,2,0,2,0,0,0,3,0,0,1,1,14.82,0,0,0,0,0,0,0,4,0,0,1,0
Ian Milsteadt,Eureka College,2019-20,20.0,2,7,0,2,4,5,0,1,0,0,3,3,14.97,1,3,0,0,0,0,1,0,1,1,0,1
Ian Schultz,Oneonta State,2019-20,20.0,3,5,1,2,0,0,0,0,0,0,1,2,17.78,1,3,1,1,0,0,1,0,0,0,4,0
Ian Sistare,Dartmouth,2019-20,20.0,35,98,21,66,20,23,10,5,1,1,62,15,20.0,23,70,11,44,17,22,21,3,1,7,60,16
Ian Steere,St. John's,2019-20,20.0,1,3,0,0,2,2,0,0,1,1,0,2,20.0,0,1,0,0,0,0,0,0,0,0,0,0
Ibi Watson,Dayton,2019-20,20.0,58,110,23,58,19,24,18,6,5,9,29,14,20.0,46,95,22,54,25,29,20,0,3,6,23,13
Ibn Williams,Coppin State,2019-20,20.0,17,64,13,47,6,10,19,11,0,3,31,28,14.87,28,67,17,45,12,20,16,10,0,3,22,13
Ibn Zaid,Eastern New Mexico,2019-20,20.0,2,6,1,1,0,0,3,1,0,2,2,2,15.18,2,6,1,4,1,2,0,1,0,0,1,1
Ibrahim Ali,,2019-20,0.0,0,0,0,0,0,0,0,1,1,0,0,0,0.0,0,0,0,0,0,0,0,0,0,0,0,0
Ibrahim Famouke Doumbia,UCF,2019-20,20.0,8,17,0,2,4,8,3,2,6,8,18,6,20.0,4,8,0,1,3,6,2,0,3,5,6,5
Ibrahim Kamara,Marymount VA,2019-20,20.0,1,6,0,4,0,0,0,0,0,1,3,0,16.5,0,4,0,2,4,4,0,1,0,2,0,3
Ibrahima Diallo,Ohio State,2019-20,20.0,1,4,0,0,0,0,0,0,1,4,3,0,14.83,1,1,0,0,0,0,0,0,1,0,2,0
Idaho,,2019-20,0.0,0,0,0,0,0,0,0,0,0,28,24,8,0.0,0,0,0,0,0,0,0,0,0,38,20,5
Idaho State,,2019-20,0.0,0,0,0,0,0,0,0,0,0,53,16,8,0.0,0,0,0,0,0,0,0,0,0,50,21,5
Idan Tretout,Harvard,2019-20,0.0,5,15,0,3,6,8,5,3,0,2,3,3,14.62,9,22,2,7,7,9,3,2,1,1,4,1
Idris Akinyemi,Alice Lloyd College,2019-20,20.0,0,4,0,0,0,0,0,2,1,2,2,1,14.85,1,1,0,0,0,0,0,1,0,1,2,1
Idris Joyner,Merrimack,2019-20,20.0,58,117,10,35,13,19,16,12,7,5,41,13,20.0,45,96,10,26,25,34,13,13,16,16,45,15
Idrissa Sow,San Francisco State,2019-20,0.0,0,0,0,0,0,0,0,0,0,0,0,0,14.97,0,3,0,3,0,0,1,0,0,0,0,0
Ifeanyi Umezurike,,2019-20,0.0,0,0,0,0,0,0,0,0,0,0,0,0,0.0,0,0,0,0,0,0,0,0,0,0,1,1
Igli Pirgu,Bethesda,2019-20,20.0,0,7,0,4,2,4,1,2,0,0,2,1,14.88,6,11,4,6,1,3,3,1,0,0,1,3
Iii Avery Anderson,Oklahoma State,2019-20,20.0,3,6,0,0,0,0,1,1,0,0,2,1,20.0,1,5,0,1,1,3,1,1,2,0,3,3
Iii Eddie Davis,,2019-20,3.23,1,2,0,0,2,2,0,0,0,2,0,1,0.0,3,3,0,0,0,0,0,1,1,0,3,2
Iii Rudy Fitzgibbons,,2019-20,3.77,1,3,1,2,1,3,1,0,0,0,0,2,0.0,1,1,1,1,2,2,1,0,0,0,0,2
Ijon Owens,Middle Georgia State,2019-20,20.0,4,15,2,8,0,0,0,0,0,1,2,1,19.47,2,7,1,3,0,0,3,1,0,1,2,0
Ike Nweke,Columbia,2019-20,20.0,44,95,0,0,15,18,5,5,3,22,30,21,20.0,51,83,0,0,17,23,7,6,7,30,42,10
Ike Obiagu,Seton Hall,2019-20,20.0,14,23,0,0,11,23,1,2,24,18,19,21,14.8,11,13,0,0,10,13,0,1,12,6,15,8
Ike Smith,Georgia Southern,2019-20,20.0,67,164,26,75,42,67,41,17,9,14,68,29,20.0,73,164,26,74,44,64,21,9,6,9,74,31
Ikenna Ndugba,Bryant,2019-20,20.0,31,75,7,30,8,15,37,20,0,9,60,21,20.0,37,82,9,22,19,29,34,14,0,9,49,26
Iker Cruz,Mayville State,2019-20,19.75,0,1,0,1,0,0,0,0,0,0,1,0,14.97,1,3,0,1,0,0,0,0,0,1,1,1
Ilija Stefanovic,Longwood,2019-20,20.0,0,0,0,0,2,2,0,0,0,0,1,1,20.0,0,0,0,0,0,0,0,0,0,0,0,0
Ilisia Washington,Fairmont State,2019-20,20.0,0,1,0,0,0,0,0,0,0,1,0,0,14.8,0,1,0,0,0,0,0,0,0,0,0,1
Illinois,,2019-20,0.0,0,0,0,0,0,0,0,0,0,35,29,7,0.0,0,0,0,0,0,0,0,0,0,38,17,9
Illinois State,,2019-20,0.0,0,0,0,0,0,0,0,0,0,27,25,7,0.0,0,0,0,0,0,0,0,0,0,34,27,2
Illinois Wesleyan,,2019-20,0.0,0,0,0,0,0,0,0,0,0,1,0,0,0.0,0,0,0,0,0,0,0,0,0,0,0,0
Illinois-Springfield,,2019-20,0.0,0,0,0,0,0,0,0,0,0,1,1,1,0.0,0,0,0,0,0,0,0,0,0,0,2,1
Imajae Dodd,UNC Wilmington,2019-20,20.0,29,51,0,0,18,25,4,3,11,17,33,9,17.75,14,27,0,0,13,19,3,5,13,20,32,9
Imani Starling,Trevecca Nazarene,2019-20,20.0,1,5,0,0,2,3,3,0,0,0,0,0,14.88,0,1,0,0,0,0,0,0,0,0,0,0
Immanuel Quickley,Kentucky,2019-20,20.0,58,162,26,64,46,50,29,15,2,10,57,22,20.0,77,162,35,77,90,97,26,10,1,6,49,24
Immanuel White,Jarvis Christian,2019-20,0.0,0,0,0,0,0,0,0,0,0,0,0,1,14.53,0,0,0,0,0,2,0,0,0,0,0,0
Incarnate Word,,2019-20,0.0,0,0,0,0,0,0,0,0,0,47,29,19,0.0,0,0,0,0,0,0,0,0,0,47,28,18
Indiana,,2019-20,0.0,0,0,0,0,0,0,0,0,0,66,27,10,0.0,0,0,0,0,0,0,0,0,0,65,20,7
Indiana State,,2019-20,0.0,0,0,0,0,0,0,0,0,0,17,22,8,0.0,0,0,0,0,0,0,0,0,0,35,16,9
Indiana University Northwest,,2019-20,0.0,0,0,0,0,0,0,0,0,0,1,1,0,0.0,0,0,0,0,0,0,0,0,0,0,0,0
Indiana University-South Bend,,2019-20,0.0,0,0,0,0,0,0,0,0,0,1,0,0,0.0,0,0,0,0,0,0,0,0,0,0,1,0
Indiana-Kokomo,,2019-20,0.0,0,0,0,0,0,0,0,0,0,0,1,0,0.0,0,0,0,0,0,0,0,0,0,0,0,0
Iona,,2019-20,0.0,0,0,0,0,0,0,0,0,0,47,26,11,0.0,0,0,0,0,0,0,0,0,0,37,27,5
Iowa,,2019-20,0.0,0,0,0,0,0,0,0,0,0,25,31,6,0.0,0,0,0,0,0,0,0,0,0,38,26,6
Iowa State,,2019-20,0.0,0,0,0,0,0,0,0,0,0,33,23,5,0.0,0,0,0,0,0,0,0,0,0,31,24,8
Ira Lee,Arizona,2019-20,20.0,23,49,0,0,4,8,10,9,6,13,37,15,14.92,16,27,0,0,9,15,5,5,4,13,23,6
Iran Bennett,Marshall,2019-20,20.0,52,113,0,2,33,56,12,6,18,36,49,27,20.0,58,108,0,0,26,39,9,9,22,40,39,23
Irshaad Hunte,Texas A&M-CC,2019-20,20.0,17,40,1,5,25,41,7,5,12,18,25,26,14.82,24,42,1,4,26,40,13,5,13,11,31,11
Isaac Aguiar,UT Martin,2019-20,20.0,3,8,1,2,0,0,3,1,1,4,7,2,14.88,1,7,0,1,0,2,4,2,2,7,10,1
Isaac Amaral-Artharee,Chaminade,2019-20,20.0,2,4,1,2,0,0,0,1,0,0,0,1,14.72,2,5,1,2,2,2,0,1,0,0,0,0
Isaac Bassey,Arkansas-Pine Bluff,2019-20,20.0,6,9,0,0,0,2,0,0,0,1,6,2,14.9,1,4,0,0,4,4,1,2,1,1,4,7
Isaac Bonton,Washington State,2019-20,20.0,56,170,21,74,20,25,64,18,1,4,40,48,15.05,70,204,21,70,53,64,41,11,5,13,29,44
Isaac Clay,St. Andrews,2019-20,20.0,5,15,3,8,2,2,2,1,0,1,2,4,14.92,4,8,1,4,2,2,1,0,0,0,1,4
Isaac Davidson,Sonoma State,2019-20,20.0,2,8,1,1,0,0,2,0,0,0,1,2,14.92,3,7,0,1,0,0,2,0,0,0,0,0
Isaac Destin,Rutgers-Camden,2019-20,20.0,3,7,0,0,0,0,0,1,0,0,1,2,14.82,4,7,0,0,0,0,0,2,0,0,5,1
Isaac Finestone,Oberlin College,2019-20,20.0,0,1,0,1,0,0,2,1,0,1,1,0,14.98,0,0,0,0,0,0,0,0,0,0,0,0
Isaac Golson Jr.,Northwestern Ohio,2019-20,20.0,1,4,1,3,0,0,0,0,0,1,2,1,14.68,0,1,0,1,0,0,0,1,0,0,0,1
Isaac Hernandez,,2019-20,19.58,0,1,0,0,0,0,3,1,0,0,1,0,0.0,1,2,1,2,0,0,1,0,0,0,0,0
Isaac Hippolyte,Coastal Carolina,2019-20,20.0,14,40,7,24,4,9,13,7,0,13,41,17,20.0,18,41,3,14,8,11,15,4,0,16,47,14
Isaac Johnson,Appalachian State,2019-20,20.0,57,131,18,45,21,42,32,26,4,26,66,24,20.0,52,104,9,35,49,72,31,13,4,31,83,19
Isaac Kante,Hofstra,2019-20,20.0,68,116,0,0,36,54,13,9,3,40,86,33,20.0,75,104,0,0,39,58,12,10,7,41,86,27
Isaac Likekele,Oklahoma State,2019-20,20.0,49,113,1,5,26,39,70,29,3,14,60,32,20.0,48,103,2,9,52,77,47,21,6,17,55,38
Isaac Massie,Geneva,2019-20,20.0,0,1,0,1,0,0,1,0,0,0,0,0,14.9,0,1,0,1,0,0,1,0,0,0,1,0
Isaac Monson,Air Force,2019-20,20.0,2,3,1,1,4,4,1,0,0,2,3,1,20.0,2,3,0,0,0,0,0,0,1,2,6,1
Isaac Nelson,Nazareth,2019-20,20.0,1,2,0,1,0,0,0,0,0,0,0,1,14.97,1,4,0,1,0,0,1,0,0,1,0,0
Isaac Oduro Jr,SUNY Potsdam,2019-20,0.0,0,0,0,0,0,0,0,0,0,0,0,0,17.23,0,0,0,0,0,0,1,0,0,0,0,0
Isaac Oduro Jr.,,2019-20,0.0,0,0,0,0,0,0,0,0,0,0,0,0,0.0,0,0,0,0,0,0,0,0,0,1,0,1
Isaac Okoro,Auburn,2019-20,20.0,51,106,9,31,38,53,27,11,12,27,19,29,20.0,66,123,10,32,38,66,27,11,11,23,44,21
Isaac Ramirez,St. Katherine,2019-20,20.0,0,4,0,3,2,2,0,1,0,0,0,3,14.85,1,5,0,2,0,0,4,0,0,0,3,2
Isaac Simpson,Peru State College,2019-20,20.0,0,2,0,1,1,2,0,0,0,1,1,0,14.98,0,1,0,0,1,2,0,0,0,1,2,0
Isaac Stamatiades,,2019-20,1.28,1,7,0,1,1,2,1,0,0,3,1,2,0.0,1,3,0,2,1,2,0,0,0,0,1,0
Isaac Suffren,Lafayette,2019-20,20.0,6,13,0,3,1,3,3,2,0,0,7,4,20.0,9,16,3,7,3,4,3,2,0,2,0,2
Isaac Udo-Ema,,2019-20,0.0,0,0,0,0,0,0,0,0,0,0,1,0,0.0,0,0,0,0,0,0,0,0,0,0,0,0
Isaac White,Stanford,2019-20,20.0,15,34,13,30,3,5,10,3,0,3,21,3,16.37,16,40,9,26,6,7,9,5,0,5,11,2
Isaac Zechem,Colorado College,2019-20,19.28,2,2,2,2,0,0,0,0,0,0,0,0,14.83,0,2,0,0,0,0,0,0,0,0,0,0
Isaiah Attles,Alcorn State,2019-20,20.0,5,12,3,8,3,4,7,3,0,3,3,6,14.98,4,13,2,6,1,2,4,3,0,2,2,1
Isaiah Bailey,Bethune-Cookman,2019-20,20.0,53,120,8,26,58,75,20,12,4,5,45,36,14.88,40,98,5,22,54,79,26,14,3,13,39,30
Isaiah Banks,Florida International,2019-20,20.0,31,71,13,43,3,12,13,11,7,17,20,14,20.0,28,48,5,15,12,19,12,14,7,22,15,11
Isaiah Bigelow,Wofford,2019-20,20.0,26,66,19,49,12,14,6,7,9,7,42,10,14.97,22,53,13,37,12,16,8,3,4,6,33,7
Isaiah Blackmon,St. Francis (PA),2019-20,20.0,72,189,30,83,30,35,17,23,4,23,53,23,18.45,76,153,35,84,57,69,23,20,2,30,29,19
Isaiah Brown,Northern Iowa,2019-20,20.0,47,101,13,40,4,6,32,18,7,12,49,15,20.0,53,117,23,49,23,34,36,9,4,9,47,31
Isaiah Burke,Morgan State,2019-20,20.0,24,71,11,41,3,5,16,9,1,9,21,25,14.93,28,66,16,41,9,12,24,9,2,12,16,19
Isaiah Coleman-Lands,Miami (OH),2019-20,20.0,40,100,28,78,4,6,34,13,0,5,46,9,20.0,43,107,31,81,24,31,27,12,1,4,42,17
Isaiah Cozart,Western Kentucky,2019-20,20.0,4,7,0,0,0,0,0,1,1,4,8,3,18.85,2,2,0,0,0,0,0,1,3,0,0,0
Isaiah Crawford,Louisiana Tech,2019-20,20.0,19,40,6,16,10,19,12,9,1,7,23,13,14.82,19,39,2,9,20,27,11,11,1,5,26,2
Isaiah Crawley,Georgia Southern,2019-20,20.0,63,118,8,21,41,57,27,11,5,33,46,32,20.0,58,94,3,12,59,87,26,9,5,40,48,28
Isaiah Felder,,2019-20,0.0,0,0,0,0,0,0,0,0,1,0,0,0,0.0,0,0,0,0,0,0,0,0,0,0,0,0
Isaiah Fontaine,UT Rio Grande Valley,2019-20,20.0,9,17,0,0,3,6,0,1,5,7,16,1,19.45,15,25,0,1,5,8,1,2,11,14,14,3
Isaiah Gable,SE Missouri St,2019-20,20.0,29,74,19,54,5,10,8,4,1,3,34,12,17.82,24,69,9,42,10,12,9,3,1,4,26,12
Isaiah Garvey-Mwazi,Medgar Evers,2019-20,20.0,4,7,1,2,0,0,1,0,0,0,1,1,15.0,1,2,0,0,0,0,0,0,0,0,0,0
Isaiah Gelacio,Pacific Oregon,2019-20,20.0,0,2,0,2,0,0,0,1,0,0,1,0,14.8,1,1,1,1,0,0,0,0,0,0,1,0
Isaiah Gentry,Vanguard,2019-20,20.0,2,4,1,1,4,4,0,5,0,0,1,0,20.0,2,5,2,2,5,5,0,1,0,1,2,2
Isaiah Gross,Coppin State,2019-20,20.0,1,1,0,0,0,0,0,0,0,0,0,1,19.55,0,0,0,0,0,0,0,0,0,0,0,0
Isaiah Haralson,Arkansas-Pine Bluff,2019-20,20.0,3,14,2,12,2,2,2,0,0,1,1,7,17.95,4,6,3,5,0,2,2,1,0,0,2,2
Isaiah Hart,Loyola (MD),2019-20,19.98,56,106,14,37,23,34,55,13,4,4,39,41,14.92,42,111,8,27,32,53,34,12,1,4,28,23
Isaiah Hill,Tulsa,2019-20,20.0,25,62,9,29,13,17,33,14,3,1,30,32,17.77,7,28,1,12,8,13,17,12,1,2,7,12
Isaiah Ihnen,Minnesota,2019-20,20.0,17,38,12,29,0,0,8,2,2,10,19,5,20.0,4,15,3,12,0,0,4,3,5,3,12,8
Isaiah Joe,Arkansas,2019-20,20.0,44,135,32,102,22,24,25,17,4,4,35,26,14.97,70,166,49,127,42,47,16,14,2,9,39,15
Isaiah Jones,Averett,2019-20,20.0,1,6,1,5,0,0,1,1,0,0,1,1,14.7,0,0,0,0,0,0,0,0,0,0,0,0
Isaiah Joseph,SUNY Potsdam,2019-20,0.0,0,0,0,0,0,0,0,0,0,0,0,0,16.88,1,1,1,1,2,2,0,0,0,0,1,0
Isaiah Kelly,Yale,2019-20,20.0,1,6,0,1,3,6,0,1,1,1,0,3,14.98,5,6,0,0,1,3,0,0,0,3,2,3
Isaiah Lee,UC Irvine,2019-20,19.98,25,50,19,34,6,7,40,8,3,5,32,30,20.0,8,38,5,27,6,8,24,12,1,5,18,23
Isaiah Lewis,Northern Arizona,2019-20,20.0,26,65,10,27,10,13,13,6,0,6,16,17,14.92,15,30,2,9,2,2,11,3,2,2,10,18
Isaiah Livers,Michigan,2019-20,20.0,43,111,23,60,20,21,9,5,7,6,39,8,20.0,50,97,18,42,24,25,13,3,8,10,28,9
Isaiah Maurice,Memphis,2019-20,20.0,23,48,2,15,9,14,2,3,10,9,21,9,20.0,9,24,3,8,2,4,1,0,6,3,14,7
Isaiah Mccullough,Pacific Union,2019-20,20.0,4,7,3,5,3,4,1,0,0,0,2,2,14.98,1,3,0,1,2,2,0,0,0,0,0,1
Isaiah Milan,William Jessup,2019-20,20.0,3,7,0,2,0,0,3,0,0,0,1,1,14.92,2,3,1,2,0,0,1,0,0,0,1,4
Isaiah Miller,UNC Greensboro,2019-20,20.0,104,231,17,53,24,51,47,45,4,28,47,42,14.98,114,292,10,58,41,74,47,43,1,35,45,42
Isaiah Mobley,USC,2019-20,20.0,34,78,3,16,11,32,15,10,7,18,54,24,14.58,29,49,4,10,21,30,9,7,11,24,50,20
Isaiah Moss,Kansas,2019-20,20.0,37,103,27,79,9,10,6,6,1,4,33,7,18.43,42,97,22,59,19,21,11,8,0,5,21,16
Isaiah Mucius,Wake Forest,2019-20,20.0,55,122,13,30,9,17,15,7,3,17,60,16,20.0,31,84,4,21,6,14,11,6,6,23,36,23
Isaiah Murphy,Eastern New Mexico,2019-20,20.0,5,8,4,6,2,3,0,0,0,0,2,2,15.18,1,3,1,2,4,5,1,0,0,0,0,4
Isaiah Nichols,San José St,2019-20,20.0,1,5,1,4,2,2,1,0,1,2,1,3,18.83,3,9,1,5,2,4,3,4,0,0,4,4
Isaiah Nix,US Merchant Marine Academy,2019-20,20.0,2,4,1,3,0,2,1,0,0,0,1,1,14.97,0,1,0,0,0,0,0,0,1,0,2,0
Isaiah Palermo,Little Rock,2019-20,20.0,11,41,0,9,7,9,6,7,8,2,23,12,20.0,10,27,6,8,8,16,11,4,1,3,11,7
Isaiah Poor Bear-Chandler,Wichita State,2019-20,0.0,12,22,0,2,1,4,2,4,4,13,14,6,17.78,6,12,0,2,3,7,2,4,3,6,12,6
Isaiah Powell,Vermont,2019-20,20.0,6,26,2,11,0,1,4,2,1,3,8,4,17.25,7,14,1,3,1,4,7,0,0,2,9,6
Isaiah Preston,SUNY-Cortland,2019-20,20.0,0,1,0,0,0,0,0,0,0,0,3,0,14.93,0,0,0,0,0,0,0,0,0,0,0,0
Isaiah Rhyanes,,2019-20,0.0,0,0,0,0,0,0,0,0,0,0,1,0,0.0,0,0,0,0,0,0,0,0,0,0,0,0
Isaiah Rice,Vanderbilt,2019-20,20.0,2,5,2,4,0,0,0,3,0,0,0,1,17.28,0,1,0,0,0,1,2,1,0,1,0,1
Isaiah Rollins,Southern,2019-20,20.0,11,33,8,22,3,5,8,6,2,2,10,10,15.83,8,34,5,17,1,6,4,4,1,4,11,6
Isaiah Ross,Iona,2019-20,15.0,58,117,38,82,14,17,18,6,3,10,35,20,20.0,44,100,30,78,16,26,15,12,0,5,36,11
Isaiah Sanders,Fairmont State,2019-20,20.0,0,2,0,0,0,0,0,1,0,0,1,1,14.8,0,1,0,0,0,0,0,0,0,1,0,1
Isaiah Stevens,Colorado State,2019-20,20.0,71,145,24,57,20,24,62,8,0,7,39,35,19.97,59,136,14,46,58,72,67,12,2,5,40,26
Isaiah Stewart,Washington,2019-20,20.0,94,169,3,11,60,81,15,12,29,34,77,31,20.0,86,151,1,8,80,100,11,4,36,45,104,36
Isaiah Thompson,Purdue,2019-20,20.0,23,67,16,47,3,4,5,4,0,2,13,11,16.57,29,75,16,41,18,27,8,5,0,2,10,10
Isaiah Tillman,Randall University,2019-20,20.0,2,7,0,1,0,0,0,2,0,0,1,3,14.98,1,3,0,1,0,0,1,0,0,0,1,1
Isaiah Tisdale,East Tennessee State,2019-20,20.0,54,108,19,49,32,53,34,25,4,18,54,20,14.97,46,95,14,40,34,57,58,22,9,33,48,15
Isaiah Usher,Sonoma State,2019-20,20.0,0,1,0,0,0,0,1,0,0,0,0,1,14.92,0,1,0,0,0,0,0,0,0,0,0,1
Isaiah Washington,Iona,2019-20,15.0,40,121,12,52,13,18,59,17,3,12,60,27,20.0,57,126,21,49,29,33,40,22,4,13,43,23
Isaiah Whaley,UConn,2019-20,0.0,27,55,0,0,23,29,8,8,19,30,36,11,16.35,33,59,0,0,18,28,9,11,23,25,46,14
Isaiah White,Portland,2019-20,20.0,90,225,30,91,41,55,37,25,12,23,74,48,14.98,93,207,21,70,66,96,29,17,15,19,76,28
Isaiah Wilkins,Virginia Tech,2019-20,20.0,23,73,9,41,4,5,23,14,3,6,35,10,20.0,20,57,11,32,11,15,15,8,0,13,21,4
Isaiah Williams,IUPUI,2019-20,20.0,30,68,4,8,19,33,7,8,3,14,27,22,14.88,18,48,0,3,22,42,16,2,2,16,22,12
Isaiah Wong,Miami,2019-20,20.0,36,78,10,20,22,27,11,8,6,11,30,25,14.87,27,73,6,20,28,34,15,3,4,16,18,22
Ishamell Dukes,Fisk,2019-20,20.0,0,1,0,1,0,0,0,0,0,1,2,0,14.77,0,2,0,1,0,0,1,1,0,1,0,1
Ishmael El-Amin,Ball State,2019-20,20.0,73,161,39,91,20,25,37,16,3,8,41,36,14.92,69,163,33,89,28,37,29,16,3,3,41,26
Isiah Brown,Grand Canyon,2019-20,20.0,41,120,12,46,11,13,23,10,1,5,53,23,19.45,54,100,17,44,26,33,24,8,3,9,44,15
Isiah Deas,La Salle,2019-20,15.65,56,141,22,62,27,40,26,11,4,3,46,25,20.0,37,104,14,46,25,39,10,6,2,3,26,19
Isiah Fuller,Missouri-St. Louis,2019-20,0.0,0,0,0,0,0,0,0,0,0,0,0,0,20.0,0,1,0,0,0,0,0,1,0,0,1,1
Isiah Jasey,SMU,2019-20,14.5,14,22,0,0,3,7,1,1,6,12,17,8,20.0,10,17,0,0,1,7,1,3,5,11,6,6
Isiah Kirby,SE Louisiana,2019-20,20.0,15,39,6,19,5,11,12,11,2,5,15,20,17.97,15,36,7,21,10,17,13,11,1,5,8,14
Isiah Moorehouse,Portland Bible,2019-20,20.0,3,6,0,0,2,2,2,0,0,1,2,1,14.98,0,2,0,0,2,2,1,0,0,1,2,2
Isiah Saenz,Bethany College,2019-20,20.0,1,4,1,4,0,0,6,1,0,0,1,3,14.77,0,1,0,0,0,0,1,0,0,0,1,1
Isiah Small,Texas State,2019-20,20.0,53,100,5,15,11,23,16,16,17,25,63,20,14.9,33,68,3,9,18,39,12,10,10,36,49,19
Isiaha Mike,SMU,2019-20,20.0,58,136,22,78,23,31,24,13,10,25,68,25,19.48,83,160,38,81,33,38,28,26,8,28,60,32
Isiaih Mosley,Missouri State,2019-20,20.0,51,108,13,30,9,11,15,6,4,11,40,19,20.0,46,97,16,41,20,22,15,11,4,9,45,19
Ismael Massoud,Wake Forest,2019-20,20.0,17,58,14,41,9,12,5,5,6,2,31,12,20.0,26,57,17,38,11,14,2,5,5,3,23,9
Israel Barnes,,2019-20,1.5,15,38,2,12,7,13,11,7,0,3,23,13,0.0,15,31,2,12,8,15,9,7,1,8,15,8
Issac Vann,VCU,2019-20,20.0,36,97,12,37,14,19,29,21,5,10,22,23,18.45,42,92,9,22,27,33,23,13,4,4,24,17
Issiah Jones,Wilberforce,2019-20,20.0,1,2,0,1,1,1,0,0,0,0,0,0,14.83,0,2,0,0,0,0,0,1,0,0,2,0
Italo Cicotti,Niagara,2019-20,20.0,0,0,0,0,0,0,1,0,0,0,0,0,20.0,0,0,0,0,0,0,0,0,0,0,0,0
Ivan Alipiev,Loyola Marymount,2019-20,20.0,52,108,18,56,6,9,17,12,2,14,35,24,14.8,35,94,10,45,28,33,13,10,3,8,40,10
Ivan Aurrecoechea,New Mexico State,2019-20,19.93,61,98,1,4,31,50,15,3,2,29,56,33,14.97,59,108,1,3,41,63,10,7,4,32,53,24
Ivan Gandia-Rosa,North Florida,2019-20,20.0,69,155,34,100,25,27,99,17,1,10,51,38,17.93,63,136,34,77,41,47,94,14,0,11,26,32
Ivan Hadzic,Canisius,2019-20,20.0,3,6,0,1,1,2,1,0,0,2,5,5,20.0,1,4,0,2,0,2,1,0,1,3,2,5
Ivan Raut,Fordham,2019-20,20.0,15,51,13,46,6,8,14,1,0,2,17,4,20.0,8,33,7,25,4,9,2,5,0,3,15,2
Ivan Smith,Montevallo,2019-20,20.0,1,4,0,1,4,5,0,1,0,1,2,1,19.52,2,5,0,2,4,4,1,0,0,1,1,0
Ivan Tomic,Thomas (GA),2019-20,0.0,0,0,0,0,0,0,0,0,0,0,0,0,14.78,1,1,1,1,0,0,0,0,0,0,0,0
Iverson Molinar,Mississippi State,2019-20,20.0,35,73,6,19,27,37,26,6,2,6,12,22,20.0,25,50,6,15,16,18,13,2,2,2,8,9
Ivy Smith Jr,Grambling,2019-20,20.0,0,0,0,0,0,0,34,0,0,0,0,0,19.92,0,0,0,0,0,0,34,0,0,0,0,0
Ivy Smith Jr.,Grambling,2019-20,20.0,21,61,6,16,19,25,0,12,0,3,19,24,19.92,34,79,6,22,51,64,0,15,1,2,14,19
Izaiah Brockington,Penn State,2019-20,20.0,40,93,7,24,23,30,17,10,1,13,32,17,14.78,51,110,4,19,28,42,17,15,3,12,24,21
Izaiah Sanders,North Park,2019-20,20.0,0,1,0,1,0,0,1,0,0,0,0,1,19.65,1,1,0,0,0,0,1,0,0,0,0,0
Izak Ruddell,Concordia Illinois,2019-20,20.0,0,0,0,0,0,0,1,0,0,0,0,0,14.97,0,1,0,1,0,0,0,1,0,0,2,2
Izaya Sims,Midway,2019-20,20.0,0,0,0,0,0,1,0,0,0,0,2,0,14.88,0,0,0,0,0,0,0,0,1,0,0,0
Izayah Mauriohooho-Le'afa,Sacramento State,2019-20,20.0,42,106,27,64,4,7,30,24,2,4,42,22,14.93,42,112,24,66,27,31,27,24,1,4,35,22
Izeah Parker,,2019-20,0.0,0,0,0,0,0,0,0,0,0,0,0,0,0.0,0,0,0,0,0,0,0,0,0,0,0,2
Iziah James,SIU-Edwardsville,2019-20,20.0,13,52,7,30,4,7,12,4,1,5,6,7,20.0,15,39,8,23,7,11,21,6,0,4,8,9
J 2 Wright-Mcleish,Maine,2019-20,20.0,0,0,0,0,0,0,1,0,0,1,0,0,17.73,2,4,0,0,0,0,0,0,0,1,1,0
J'Len Crawford,Eureka College,2019-20,20.0,0,1,0,1,0,0,0,1,0,0,0,2,14.97,1,3,1,3,0,0,0,0,0,0,2,1
J'Von McCormick,Auburn,2019-20,20.0,52,154,15,56,24,37,59,20,2,15,45,40,20.0,64,153,21,65,32,61,70,15,0,14,41,31
J.C. Tharrington,Appalachian State,2019-20,0.0,0,0,0,0,0,0,0,0,0,0,0,0,14.98,0,1,0,1,0,0,0,0,0,0,0,1
J.D. Hoover,Oakland City,2019-20,20.0,2,2,1,1,0,0,0,0,0,1,0,3,14.98,0,1,0,1,0,0,0,0,0,0,1,1
J.J. Culver,Wayland Baptist University,2019-20,20.0,2,8,0,2,0,0,0,1,0,1,5,3,14.88,4,11,2,4,0,2,0,2,0,0,4,2
J.J. Matthews,Arkansas State,2019-20,20.0,40,83,0,1,21,32,0,6,10,22,37,21,17.73,50,86,0,1,45,66,0,7,10,32,45,25
J.J. Miles,East Carolina,2019-20,20.0,33,104,20,67,1,3,2,5,2,3,41,12,19.18,35,87,23,62,4,8,3,8,0,3,23,16
J.J. Rhymes,Grand Canyon,2019-20,20.0,11,24,0,2,12,15,0,1,0,6,18,12,19.45,8,22,0,1,11,17,0,0,1,5,10,8
J.P. Moorman II,Temple,2019-20,20.0,28,82,13,41,6,10,3,7,4,15,58,12,20.0,32,87,12,43,16,25,1,7,4,16,54,16
J.P. Robinson,Samford,2019-20,20.0,6,17,0,5,3,3,0,7,0,3,11,13,14.82,7,26,1,9,11,14,0,5,0,3,11,10
J.T. Escobar,North Florida,2019-20,20.0,67,152,52,124,11,11,0,11,0,2,19,15,17.93,46,122,32,92,9,13,0,7,0,5,22,14
JC Younger,Presbyterian,2019-20,20.0,31,80,22,65,1,2,8,5,1,2,19,15,14.68,25,77,20,63,23,28,3,8,1,1,25,8
JD Hoover,Oakland City,2019-20,20.0,0,0,0,0,0,0,1,0,0,0,0,0,14.98,0,0,0,0,0,0,0,0,0,0,0,0
JD Williams,UL Monroe,2019-20,20.0,42,99,15,41,19,27,25,14,2,7,48,24,16.93,48,112,11,32,29,41,18,8,0,9,32,22
JJ Caldwell,New Mexico,2019-20,20.0,12,25,2,6,2,4,32,17,2,6,15,13,15.18,14,30,0,3,18,23,37,12,0,5,24,11
JJ Matthews,Arkansas State,2019-20,20.0,0,0,0,0,0,0,22,0,0,0,0,0,17.73,0,0,0,0,0,0,17,0,0,0,0,0
JJ Miles,East Carolina,2019-20,20.0,0,0,0,0,0,0,13,0,0,0,0,0,19.18,0,0,0,0,0,0,15,0,0,0,0,0
JJ Rhymes,Grand Canyon,2019-20,0.0,0,0,0,0,0,0,7,0,0,0,0,0,19.45,0,0,0,0,0,0,7,0,0,0,0,0
JJ Woods,,2019-20,0.0,0,0,0,0,0,0,0,0,0,0,0,0,0.0,0,0,0,0,0,0,0,0,0,0,0,1
JP Moorman II,Temple,2019-20,20.0,0,0,0,0,0,0,22,0,0,0,0,0,20.0,0,0,0,0,0,0,21,0,0,0,0,0
JP Robinson,Samford,2019-20,20.0,0,0,0,0,0,0,7,0,0,0,0,0,14.82,0,0,0,0,0,0,11,0,0,0,0,0
JT Escobar,North Florida,2019-20,20.0,0,0,0,0,0,0,15,0,0,0,0,0,19.92,0,0,0,0,0,0,21,0,0,0,0,0
JT Gibson,Omaha,2019-20,20.0,80,178,28,86,21,25,34,21,0,7,34,25,17.78,60,166,28,87,34,38,24,9,1,4,31,26
Ja'Cor Nelson,Campbell,2019-20,20.0,27,62,3,9,17,22,21,22,2,10,31,30,20.0,28,65,1,8,19,35,28,12,0,6,22,25
Ja'Darius Harris,UT Martin,2019-20,20.0,13,27,6,14,1,2,13,2,1,1,13,18,14.88,11,27,3,10,9,10,15,5,0,1,7,8
Ja'Mare Redus,Texas Southern,2019-20,20.0,7,20,0,0,9,12,11,6,0,2,12,15,14.9,7,16,0,1,8,12,9,3,1,2,6,4
Ja'Michael Boone,Brevard College,2019-20,20.0,3,4,2,3,0,0,0,0,1,0,0,0,14.78,3,5,2,2,0,0,0,0,0,0,4,1
Ja'Mier Fletcher,Wagner,2019-20,20.0,5,9,0,0,6,6,3,1,1,3,15,6,14.8,7,9,0,0,2,5,0,2,1,3,4,3
Ja'Monta Black,Missouri State,2019-20,20.0,24,57,20,45,0,0,19,5,1,2,26,13,20.0,12,35,7,22,0,1,17,9,2,4,18,7
Ja'Sean Lewis,Cal State-Los Angeles,2019-20,20.0,1,4,0,3,0,0,3,0,0,0,2,2,18.6,0,2,0,0,0,0,1,0,0,1,2,0
Ja'Shawn Brooks,Mars Hill,2019-20,20.0,4,10,1,5,2,3,0,0,1,0,1,2,20.0,1,5,0,2,0,0,0,1,0,0,2,0
Ja'Shon Henry,Bradley,2019-20,20.0,42,89,3,15,24,34,8,11,6,26,43,20,19.75,52,92,4,10,35,47,11,3,4,37,58,17
Ja'Shonte Wright-Mcleish,Maine,2019-20,20.0,12,31,2,15,3,5,9,15,0,3,13,6,17.9,7,32,0,16,7,15,5,4,0,6,10,4
Ja'Vary Christmas,Idaho,2019-20,20.0,14,39,4,18,1,4,14,5,0,4,15,3,20.0,15,35,2,12,1,3,5,1,0,2,9,5
JaColby Pemberton,Louisiana Tech,2019-20,20.0,22,52,3,20,8,10,16,5,4,14,30,16,14.82,24,46,5,12,17,25,11,3,1,11,29,12
JaQualis Matlock,Eastern Illinois,2019-20,20.0,34,70,8,27,4,6,12,15,23,25,41,14,14.92,23,54,4,13,8,15,17,4,14,34,34,8
JaQuan Lyle,New Mexico,2019-20,20.0,80,178,36,88,45,59,69,26,4,7,72,72,15.18,61,147,21,70,48,66,63,14,5,4,38,47
JaQuori McLaughlin,UC Santa Barbara,2019-20,20.0,52,111,21,47,42,51,46,17,2,4,37,28,17.98,47,117,19,45,50,67,61,9,4,2,41,19
JaShaun Smith,Longwood,2019-20,20.0,52,128,19,57,13,20,9,7,10,10,35,27,16.5,57,113,27,57,21,36,8,8,12,7,39,27
JaVonni Bickham,Denver,2019-20,20.0,2,2,0,0,6,10,0,0,2,3,6,2,20.0,1,2,0,0,2,3,0,0,0,1,0,1
Jaalam Hill,Cleveland State,2019-20,20.0,25,64,0,1,11,13,4,5,2,10,25,14,18.23,18,44,1,2,13,21,2,4,2,11,14,8
Jabari Narcis,UT Arlington,2019-20,20.0,36,90,22,65,15,19,6,4,19,23,68,13,14.9,45,88,24,58,20,30,15,5,20,36,75,14
Jabari Rice,New Mexico State,2019-20,19.93,54,120,21,65,34,39,26,13,3,18,47,26,14.97,57,120,21,53,47,58,29,12,3,27,49,21
Jabari Richardson,Mid-Atlantic Christian University,2019-20,20.0,8,26,6,12,3,4,8,4,0,1,4,7,14.88,4,12,3,10,1,2,3,1,0,0,2,4
Jabori Murphy,,2019-20,0.0,0,0,0,0,0,0,0,0,0,1,0,0,0.0,0,0,0,0,0,0,0,0,0,0,0,0
Jabril Hunter,Wilberforce,2019-20,20.0,0,2,0,0,0,0,0,0,0,0,0,0,14.83,3,9,0,0,0,0,0,0,0,2,3,1
JacQuess Hobbs,Eastern Kentucky,2019-20,20.0,33,80,5,18,9,11,44,37,2,4,30,19,18.12,15,48,2,9,10,15,20,17,0,9,18,16
Jacar Green,,2019-20,0.0,0,0,0,0,0,0,0,0,0,0,0,0,0.0,0,0,0,0,0,0,0,0,0,0,1,1
Jacara Cross,Jacksonville State,2019-20,20.0,70,121,0,1,21,39,8,10,9,29,34,33,19.48,82,127,0,1,43,59,8,6,12,30,40,33
Jacari Randolph,Trinity Baptist,2019-20,20.0,0,2,0,2,0,0,0,1,0,0,0,4,14.93,2,8,2,4,0,0,0,0,0,0,0,0
Jacco Fritz,Canisius,2019-20,20.0,37,61,3,7,24,32,24,9,7,26,31,25,19.78,29,46,0,5,31,38,27,4,5,26,28,29
Jace Colley,Chicago State,2019-20,20.0,25,53,2,6,7,14,7,5,5,9,18,13,18.08,23,46,0,3,11,22,4,5,9,10,30,11
Jace Norton,Holy Family,2019-20,20.0,1,2,1,2,0,0,0,1,0,0,1,0,14.9,0,2,0,1,0,0,0,0,0,0,1,0
Jack Ballantyne,Long Island University,2019-20,20.0,4,12,0,2,2,2,6,4,1,8,19,11,20.0,11,18,2,6,4,6,3,1,1,10,11,4
Jack Cavanaugh,Marist,2019-20,20.0,15,41,9,28,0,0,10,1,4,1,10,20,20.0,6,20,6,16,2,2,7,1,0,2,8,9
Jack Ferguson,Colgate,2019-20,20.0,38,82,18,50,12,16,12,5,1,3,33,13,20.0,34,86,22,60,12,14,10,8,2,6,28,11
Jack Foley,St. Mary's (MD),2019-20,20.0,0,3,0,0,0,0,0,0,1,0,1,1,17.75,0,2,0,0,2,2,0,0,0,0,0,0
Jack Forrest,Columbia,2019-20,20.0,45,109,20,47,9,14,6,6,4,2,38,18,20.0,41,110,15,50,5,9,7,1,0,4,35,10
Jack Gray,Brewton-Parker,2019-20,20.0,0,2,0,1,1,2,0,0,0,1,1,0,14.9,0,0,0,0,0,0,0,0,0,0,2,1
Jack Hallee,,2019-20,0.0,0,0,0,0,0,0,0,0,0,0,0,0,0.0,0,0,0,0,0,0,0,0,0,1,0,0
Jack Hemphill,Boston University,2019-20,20.0,25,60,11,32,2,5,1,2,7,16,32,12,20.0,13,31,3,13,0,1,4,3,2,7,12,7
Jack Hiller,Nebraska Wesleyan,2019-20,20.0,1,4,0,2,0,0,2,0,0,0,3,1,17.92,3,4,1,2,0,0,0,1,0,1,0,0
Jack Hofbauer,Christendom,2019-20,20.0,3,6,0,0,0,0,1,0,0,2,3,8,14.98,0,2,0,0,1,2,0,0,0,0,1,0
Jack Hoiberg,Michigan State,2019-20,20.0,0,3,0,1,0,0,6,1,0,1,0,0,14.57,0,0,0,0,2,2,1,0,0,0,0,0
Jack Kelsheimer,,2019-20,0.0,0,0,0,0,0,0,0,0,0,0,1,0,0.0,0,0,0,0,0,0,0,0,0,0,0,0
Jack Kolar,Defiance,2019-20,20.0,0,1,0,1,0,0,0,0,0,1,1,1,14.92,0,0,0,0,0,0,0,0,0,0,0,0
Jack Lawrence,Navy,2019-20,20.0,0,0,0,0,0,1,0,0,0,0,1,0,14.58,0,1,0,0,0,0,0,0,0,0,0,0
Jack McRoskey,Colorado College,2019-20,19.28,3,7,0,0,0,0,4,0,0,0,2,0,14.83,0,0,0,0,0,0,0,0,0,0,0,1
Jack Nobles,Wayland Baptist University,2019-20,20.0,2,6,0,0,0,0,0,0,0,0,3,2,14.88,1,7,0,1,1,2,0,1,0,3,1,1
Jack Nunge,Iowa,2019-20,20.0,8,21,2,9,1,2,4,0,0,4,10,5,14.93,4,11,1,4,2,2,4,1,0,3,5,1
Jack O'Connor,Emerson College,2019-20,20.0,2,9,0,5,0,1,2,0,1,1,7,4,17.97,1,6,0,1,1,2,1,0,0,0,1,1
Jack Perry,Eastern Washington,2019-20,20.0,20,51,14,39,7,9,29,8,0,4,24,9,14.98,27,50,23,44,8,8,34,11,0,3,24,6
Jack Rooney,Gettysburg,2019-20,0.0,0,0,0,0,0,0,0,0,0,0,0,0,17.9,0,2,0,2,0,0,0,0,0,0,0,0
Jack Schoemann,CSU Bakersfield,2019-20,20.0,1,1,0,0,0,0,0,0,0,0,2,1,14.58,2,7,0,2,0,0,1,0,0,2,7,0
Jack Schwietz,UMBC,2019-20,20.0,7,16,3,10,4,5,7,2,0,3,11,11,14.83,5,14,3,10,2,3,7,5,0,1,15,8
Jack Sorenson,American,2019-20,20.0,0,2,0,1,0,0,0,1,0,0,1,1,17.67,0,1,0,1,0,0,0,0,0,0,0,0
Jack White,Duke,2019-20,20.0,16,40,7,25,4,7,11,9,5,10,31,10,20.0,13,32,9,24,9,11,11,11,15,12,29,10
Jack Williams,Trinity University (TX),2019-20,20.0,4,4,0,0,0,0,1,0,0,0,0,0,14.88,0,2,0,1,0,0,0,0,0,0,0,0
Jack Wilson,Idaho,2019-20,20.0,17,35,0,0,7,12,5,0,2,6,20,7,15.05,6,21,0,0,4,5,3,0,2,4,20,10
Jack Youmans,Montevallo,2019-20,20.0,2,4,0,0,1,2,1,0,0,2,1,0,19.52,0,0,0,0,0,0,0,0,0,0,0,0
Jack Zimmerman,Connecticut College,2019-20,20.0,4,5,2,2,0,0,1,1,0,0,0,1,14.67,1,3,0,1,0,2,2,1,0,0,0,4
Jackie Harris,Oakland,2019-20,20.0,4,14,2,10,1,2,2,0,0,3,4,1,14.93,2,7,2,7,0,0,1,0,0,0,4,0
Jackson Blaufeld,Dartmouth,2019-20,0.0,0,0,0,0,0,0,0,0,0,0,0,0,20.0,0,0,0,0,1,2,0,0,0,0,0,0
Jackson Gammons,The Citadel,2019-20,20.0,4,9,2,4,0,0,2,0,0,0,2,1,18.35,1,4,0,2,0,0,2,0,0,0,1,1
Jackson Gregory,Cincinnati Clermont,2019-20,20.0,0,1,0,0,0,0,0,0,0,0,0,0,14.87,0,0,0,0,0,0,0,0,0,0,0,0
Jackson Rowe,CSU Fullerton,2019-20,20.0,45,99,20,47,23,32,16,14,13,11,48,25,17.03,44,93,12,34,42,63,14,4,9,19,49,23
Jackson State,,2019-20,0.0,0,0,0,0,0,0,0,0,0,50,32,4,0.0,0,0,0,0,0,0,0,0,0,59,31,10
Jackson Stent,Houston Baptist,2019-20,20.0,16,34,8,20,5,7,10,5,2,6,12,7,18.07,14,27,3,9,15,24,10,5,1,10,18,6
Jackson Stormo,Pepperdine,2019-20,20.0,1,2,0,0,2,2,4,0,0,3,6,4,20.0,0,0,0,0,1,3,0,0,0,3,3,2
Jackson Taylor,Colorado College,2019-20,0.0,0,0,0,0,0,0,0,0,0,0,0,0,14.83,1,3,0,0,0,0,0,0,0,0,0,0
Jacksonville,,2019-20,0.0,0,0,0,0,0,0,0,0,0,41,34,6,0.0,0,0,0,0,0,0,0,0,0,57,22,12
Jacksonville State,,2019-20,0.0,0,0,0,0,0,0,0,0,0,37,23,7,0.0,0,0,0,0,0,0,0,0,0,58,19,10
Jacob Berry,Pacific Union,2019-20,20.0,2,3,1,1,0,0,0,1,0,0,0,1,14.98,1,1,1,1,1,2,1,0,0,0,1,2
Jacob Bingham,Pacific Lutheran,2019-20,0.0,0,0,0,0,0,0,0,0,0,0,0,1,14.82,1,2,0,1,0,0,0,0,0,0,1,1
Jacob Boonyasith,American,2019-20,20.0,33,71,15,40,0,0,9,2,2,2,17,9,17.67,20,41,8,23,12,20,13,5,2,5,9,18
Jacob Brown,Fairmont State,2019-20,20.0,2,2,1,1,0,0,0,1,0,0,2,0,14.8,0,1,0,0,0,0,1,0,0,0,0,1
Jacob Cawood,Milligan,2019-20,20.0,3,13,0,8,0,0,1,1,0,0,2,4,14.78,3,6,1,2,2,3,1,0,0,0,1,4
Jacob Cushing,Delaware,2019-20,20.0,12,24,6,17,2,2,5,4,2,2,15,7,14.93,8,19,6,15,2,2,1,3,1,3,3,3
Jacob Davison,Eastern Washington,2019-20,20.0,97,226,27,86,38,55,39,23,9,11,41,46,14.98,107,218,21,54,59,80,44,17,4,18,54,36
Jacob Foy,Hawaii Pacific,2019-20,20.0,1,2,0,1,0,0,0,0,0,1,2,1,17.92,1,3,0,1,0,0,2,0,0,0,1,0
Jacob Germany,UTSA,2019-20,20.0,35,58,0,0,11,22,5,8,12,18,52,13,17.8,21,45,0,1,6,9,4,5,8,11,27,6
Jacob Gilyard,Richmond,2019-20,16.93,61,130,22,68,16,21,74,47,1,5,40,25,20.0,54,120,28,72,47,56,84,43,4,3,37,27
Jacob Groves,Eastern Washington,2019-20,20.0,9,19,2,7,1,4,2,2,0,5,9,6,17.35,13,23,0,5,3,4,2,4,0,3,10,7
Jacob Guest,Northwestern State,2019-20,20.0,4,11,4,9,0,0,1,1,0,0,1,3,14.92,2,10,2,7,0,0,0,1,0,1,1,2
Jacob Hobbs,Lipscomb,2019-20,20.0,4,21,0,6,0,1,0,1,4,3,11,3,14.93,8,15,6,9,3,7,1,1,7,3,6,2
Jacob Huynh,San Francisco State,2019-20,20.0,0,2,0,2,0,0,1,0,0,0,0,3,14.97,3,5,2,3,1,1,1,0,0,0,0,1
Jacob King,Campbellsville,2019-20,20.0,0,1,0,1,0,0,1,1,0,0,1,1,14.98,0,2,0,0,0,0,0,0,0,0,1,0
Jacob Knox,Westcliff,2019-20,20.0,2,11,0,0,9,10,1,0,2,5,6,3,14.8,5,13,0,1,3,4,3,0,0,2,2,3
Jacob Link,Hendrix College,2019-20,20.0,0,1,0,1,0,0,0,0,0,1,2,1,15.55,2,3,2,2,0,0,3,1,0,0,1,1
Jacob Mainous,West Coast Baptist,2019-20,20.0,4,9,1,4,2,2,0,0,0,2,0,3,14.92,0,2,0,2,1,2,1,1,0,0,0,1
Jacob Martin,Emory & Henry,2019-20,20.0,1,2,1,1,0,0,0,0,0,1,0,1,14.93,1,2,0,1,0,0,1,0,0,0,1,1
Jacob Mast,Antelope Valley,2019-20,20.0,0,0,0,0,2,2,1,0,0,1,1,0,17.9,0,0,0,0,2,2,0,0,0,0,0,0
Jacob McIntosh,Maryland-Eastern Shore,2019-20,0.0,1,5,0,0,2,4,0,0,2,3,4,1,14.78,3,7,0,0,0,2,0,1,0,2,3,1
Jacob Morales,SAGU American Indian College,2019-20,20.0,0,3,0,1,0,0,0,0,0,0,1,1,14.87,0,0,0,0,0,0,0,0,0,0,1,0
Jacob O'Connell,Princeton,2019-20,0.0,0,0,0,0,0,0,0,0,0,0,2,0,20.0,0,2,0,1,0,0,2,0,0,0,1,2
Jacob Pfaffinger,Texas A&M-International,2019-20,20.0,1,3,1,3,0,0,0,0,0,0,2,2,14.93,0,2,0,0,0,0,2,0,0,0,1,1
Jacob Redding,North Greenville,2019-20,20.0,3,9,2,7,0,0,1,1,0,1,0,6,14.83,0,4,0,2,0,0,1,0,0,0,0,1
Jacob Rigoni,Quinnipiac,2019-20,20.0,45,109,33,85,3,5,15,9,3,3,44,24,20.0,34,82,28,66,16,18,10,3,2,4,35,5
Jacob Sanford,Oakland City,2019-20,20.0,1,7,0,3,1,2,1,0,0,0,2,0,14.98,0,2,0,1,0,0,0,0,0,0,0,2
Jacob Smith,Howard Payne,2019-20,20.0,1,6,1,2,0,0,0,0,0,0,1,1,10.62,0,1,0,1,0,0,0,0,0,0,0,1
Jacob Toppin,Rhode Island,2019-20,20.0,23,64,6,29,11,20,11,6,4,20,45,8,16.92,25,53,6,19,10,15,4,4,6,17,25,8
Jacob Tryon,Portland,2019-20,20.0,51,98,15,41,6,9,18,4,14,10,76,26,14.98,34,67,11,21,23,30,22,6,14,16,64,15
Jacob Wiley,UIC,2019-20,20.0,19,36,2,3,14,26,14,10,5,15,43,19,20.0,27,53,1,2,15,32,9,6,7,10,29,16
Jacob Williams,Sonoma State,2019-20,20.0,1,4,1,4,0,0,0,0,0,0,0,0,14.92,1,3,1,1,0,0,0,0,0,0,0,0
Jacob Young,Rutgers,2019-20,20.0,38,94,7,28,17,26,22,10,0,10,27,31,20.0,44,104,8,21,18,33,28,14,1,8,23,18
Jacobi Bailey,Pfeiffer,2019-20,0.0,0,0,0,0,0,0,0,0,0,0,0,0,14.97,0,1,0,1,0,0,0,0,0,0,0,0
Jacobi Gordon,California,2019-20,20.0,3,12,2,6,4,4,1,2,1,5,4,6,17.72,4,6,2,4,2,2,0,0,0,2,3,4
Jacobi York,Southeastern Baptist College,2019-20,20.0,4,8,1,4,0,0,1,0,0,2,2,0,14.88,2,7,1,5,0,0,2,0,0,0,2,0
Jacoby Ross,Alabama State,2019-20,20.0,19,86,9,56,5,6,13,6,0,4,14,15,14.88,35,92,14,52,12,12,11,10,0,3,13,12
Jacquan Binion,North Park,2019-20,20.0,2,4,1,2,0,0,3,0,0,0,2,0,19.65,3,7,1,3,0,0,1,1,0,0,1,2
Jade' Smith,Pepperdine,2019-20,20.0,6,25,1,6,2,3,8,6,1,5,13,5,17.72,15,26,1,7,5,6,5,3,1,2,8,3
Jaden Bediako,Santa Clara,2019-20,20.0,43,96,0,0,17,30,4,5,16,33,64,28,14.9,35,72,0,1,15,26,5,3,5,21,40,14
Jaden McDaniels,Washington,2019-20,20.0,75,172,21,66,34,46,33,14,27,15,82,50,20.0,54,148,19,53,42,56,26,8,12,16,59,45
Jaden Robinson,Georgetown,2019-20,20.0,2,4,0,1,0,0,0,2,0,1,2,1,14.77,0,1,0,0,0,0,0,0,0,1,0,0
Jaden Sayles,Akron,2019-20,0.0,9,17,0,0,14,18,0,1,4,10,10,4,18.48,7,14,0,0,6,8,0,0,2,1,11,1
Jaden Shackelford,Alabama,2019-20,20.0,66,173,45,119,19,27,19,7,4,21,53,24,20.0,76,170,36,106,52,69,20,9,1,17,44,18
Jaden Stanley-Williams,Morehead State,2019-20,20.0,15,29,0,4,2,3,1,0,0,10,8,8,14.83,9,22,0,1,3,4,1,1,6,5,6,6
Jaden Terry,Tiffin,2019-20,20.0,1,1,1,1,0,0,0,0,0,0,0,0,15.38,0,0,0,0,0,0,2,0,0,0,0,0
Jaden Wallace,Rosemont College,2019-20,20.0,1,1,0,0,0,0,0,0,0,0,0,1,14.97,2,4,0,1,0,1,1,0,0,0,0,0
Jadyn Michael,Colorado Christian,2019-20,20.0,1,2,1,1,0,0,0,0,0,0,0,0,14.98,0,2,0,0,0,2,0,0,0,1,0,0
Jaedan Sheehan,Kean,2019-20,20.0,0,2,0,1,0,0,0,0,0,0,2,0,14.95,1,1,0,0,0,0,0,0,0,0,1,0
Jaeden Ingram,Multnomah,2019-20,20.0,2,3,2,3,0,0,0,0,0,0,0,0,14.8,2,6,1,5,0,0,1,0,0,1,1,0
Jaeden King,Western Illinois,2019-20,20.0,10,27,4,16,4,6,1,3,2,2,22,8,14.92,4,18,1,10,0,0,3,2,1,1,7,1
Jaedon Banks,Eureka College,2019-20,20.0,1,2,0,1,0,0,0,0,0,0,1,1,14.97,0,1,0,0,1,2,0,0,0,0,0,0
Jaedon LeDee,TCU,2019-20,20.0,13,25,0,0,18,26,1,5,5,22,25,7,20.0,9,17,0,0,16,23,2,8,6,20,11,6
Jaelen Arnette,Randall University,2019-20,20.0,1,4,1,3,0,0,0,0,0,0,2,1,14.98,0,3,0,0,0,0,0,1,0,0,1,0
Jaelen House,Arizona State,2019-20,20.0,16,61,7,31,16,19,17,23,0,9,21,15,20.0,14,56,9,29,15,22,16,13,2,2,24,8
Jaelen Ogadhoh,,2019-20,0.0,0,0,0,0,0,0,0,0,0,0,0,1,0.0,0,0,0,0,0,0,0,0,0,0,0,0
Jaelin Llewellyn,Princeton,2019-20,20.0,62,167,24,76,28,35,29,14,2,8,41,21,19.47,66,159,21,66,50,64,26,10,5,11,41,23
Jaerron Hunter,Johnson & Wales (CO),2019-20,20.0,1,3,0,1,0,0,0,1,0,0,1,2,14.77,0,2,0,1,2,4,0,0,0,0,0,0
Jaevin Cumberland,Cincinnati,2019-20,20.0,39,109,27,82,12,16,19,9,2,2,19,18,20.0,39,108,32,89,14,24,16,3,0,3,18,12
Jagan Mosely,Georgetown,2019-20,20.0,30,70,14,36,34,41,52,15,9,7,61,30,18.9,43,75,13,30,28,33,51,21,0,9,49,24
Jah'Mari Dixon,Trinity Baptist,2019-20,0.0,0,0,0,0,0,0,0,0,0,0,0,0,14.98,0,1,0,1,0,0,0,0,0,0,0,0
Jah'Mir Miller,Kean,2019-20,20.0,2,7,1,3,0,0,0,0,2,1,1,1,14.95,1,1,0,0,0,0,0,0,1,0,2,2
Jahaad Proctor,Purdue,2019-20,20.0,47,112,14,47,16,22,27,17,2,3,31,15,16.57,40,101,11,29,36,43,22,13,1,6,22,13
Jahbril Price-Noel,Pacific,2019-20,20.0,22,56,13,29,8,10,7,5,1,1,15,11,14.98,16,40,10,22,23,27,7,0,1,4,13,7
Jahcobi Neath,Wake Forest,2019-20,20.0,26,68,7,14,19,32,25,8,0,4,26,29,20.0,25,54,4,9,17,31,38,6,1,3,22,23
Jaheam Cornwall,Gardner-Webb,2019-20,20.0,55,123,35,73,11,14,50,10,0,4,58,29,20.0,70,161,41,99,27,39,45,12,2,12,36,20
Jahleel Gabriel,Lyndon State College,2019-20,20.0,4,6,1,2,0,0,1,1,0,0,7,1,14.65,1,4,0,1,1,2,1,1,0,2,1,0
Jahlil Jenkins,Fairleigh Dickinson,2019-20,20.0,63,148,24,59,24,32,53,25,0,4,34,25,19.57,70,157,25,56,62,76,45,22,0,3,28,32
Jahlil Rawley,Stetson,2019-20,20.0,30,67,7,20,5,7,25,18,4,6,43,14,20.0,41,74,11,26,48,63,24,22,2,3,46,19
Jahlil Tripp,Pacific,2019-20,20.0,95,168,5,21,41,50,25,25,2,37,87,27,19.57,78,161,1,17,90,129,33,22,0,36,95,32
Jahmari Etienne,South Carolina State,2019-20,20.0,20,54,12,37,1,3,5,6,0,4,11,7,14.73,18,51,12,34,4,6,7,3,0,4,7,6
Jahmel Myers,New Orleans,2019-20,20.0,52,81,2,7,15,21,7,12,3,18,36,24,14.87,33,55,1,1,20,32,16,12,5,18,29,21
Jahmi'us Ramsey,Texas Tech,2019-20,20.0,64,144,34,67,18,29,25,17,9,8,41,26,14.92,67,155,21,60,24,38,30,17,7,6,37,24
Jahmiah Simmons,North Texas,2019-20,20.0,7,16,0,0,5,5,1,1,0,10,10,7,14.88,3,7,0,0,3,3,2,1,3,3,4,3
Jahmir Young,Charlotte,2019-20,20.0,55,139,18,58,25,34,40,24,6,8,63,28,20.0,61,131,28,65,52,70,39,20,4,7,70,26
Jahmouri Robinson,,2019-20,1.13,4,11,1,4,0,0,1,0,0,0,3,1,0.0,3,6,0,1,7,8,2,0,0,0,1,1
Jahshire Hardnett,UMKC,2019-20,20.0,36,92,15,47,8,12,22,10,0,3,17,19,17.95,25,74,8,28,20,24,19,8,0,0,14,17
Jahsim Floyd,Saint Thomas Univers,2019-20,20.0,0,0,0,0,2,2,0,0,0,1,0,0,14.98,2,3,0,0,2,2,0,0,2,2,2,1
Jahvon Blair,Georgetown,2019-20,20.0,42,123,23,74,12,15,21,8,0,10,27,19,18.9,46,124,28,80,28,32,33,11,0,7,30,18
Jahwan Smith,Middle Georgia State,2019-20,20.0,1,6,0,1,0,0,2,2,0,0,3,2,19.47,3,8,0,3,0,0,1,2,0,1,0,3
Jaiden Delaire,Stanford,2019-20,20.0,34,70,4,15,8,16,5,8,6,8,26,16,16.37,30,63,4,12,29,34,6,4,6,8,23,17
Jailen Billings,Mount Marty,2019-20,20.0,1,5,1,5,0,0,1,1,0,1,1,1,18.98,1,5,0,3,2,3,0,0,0,0,1,0
Jailen Jamison,Kean,2019-20,20.0,2,2,2,2,0,0,0,0,0,0,4,3,14.95,0,3,0,0,0,0,0,0,0,1,0,1
Jailyn Ingram,Florida Atlantic,2019-20,19.97,64,149,15,46,18,24,16,13,2,20,50,21,20.0,60,125,14,45,30,42,21,12,5,14,60,28
Jaime Echenique,Wichita State,2019-20,20.0,58,126,4,15,38,46,4,12,21,27,74,30,20.0,51,100,0,6,40,54,11,5,21,26,61,12
Jaime Jaquez Jr,UCLA,2019-20,20.0,0,0,0,0,0,0,17,0,0,0,0,0,18.25,0,0,0,0,0,0,15,0,0,0,0,0
Jaime Jaquez Jr.,UCLA,2019-20,0.0,42,101,8,37,11,16,2,22,5,24,48,22,20.0,37,81,13,35,37,48,2,14,7,20,38,16
Jaiquan Edwards,Spalding,2019-20,20.0,2,4,1,2,0,0,3,1,2,2,2,0,14.83,0,2,0,2,0,0,1,1,2,1,2,2
Jair Bolden,South Carolina,2019-20,20.0,45,109,23,60,7,8,19,14,2,2,28,16,17.58,44,107,22,52,12,20,20,9,1,3,34,7
Jaire Grayer,TCU,2019-20,20.0,46,98,27,66,6,12,10,11,9,19,46,12,17.17,35,91,17,56,17,26,4,9,0,32,37,14
Jairus Adley,Morehouse College,2019-20,0.0,0,0,0,0,0,0,0,0,0,0,0,0,14.9,0,0,0,0,0,0,1,0,0,0,0,0
Jairus Hamilton,Boston College,2019-20,20.0,41,99,13,47,20,25,12,5,2,11,39,18,20.0,37,86,10,38,10,13,9,6,2,15,32,18
Jairus Roberson,Northwestern State,2019-20,20.0,42,111,35,94,27,34,12,3,1,2,7,13,14.92,54,138,34,95,27,37,8,8,1,7,13,10
Jairus Stevens,Tiffin,2019-20,20.0,4,10,0,2,1,2,0,0,0,0,1,0,15.38,4,7,2,4,2,2,0,1,0,0,1,0
Jaiveon Eaves,Murray State,2019-20,20.0,62,139,25,56,22,24,26,6,2,5,28,26,15.83,44,114,12,51,25,35,27,8,1,2,28,19
Jaizec Lottie,Little Rock,2019-20,20.0,35,70,1,12,7,18,44,15,1,5,29,31,20.0,35,63,1,6,20,33,39,16,3,4,26,24
Jajour Lambert,Mid-Atlantic Christian University,2019-20,20.0,0,0,0,0,0,0,1,0,0,0,0,0,14.88,0,2,0,0,0,0,0,0,0,1,0,0
Jakari McCombs,Brewton-Parker,2019-20,20.0,0,1,0,1,0,0,0,0,0,0,0,0,14.9,0,1,0,1,0,0,0,0,0,2,0,0
Jake Bartholomew,Misericordia,2019-20,20.0,0,3,0,1,0,0,0,1,0,0,1,0,17.58,2,5,2,4,0,0,1,0,0,0,2,0
Jake Betlow,Lehigh,2019-20,20.0,7,24,4,18,2,3,7,5,1,2,6,5,14.98,6,22,3,16,1,2,7,3,0,0,2,8
Jake Boggs,UNC Wilmington,2019-20,20.0,32,76,11,37,1,2,10,2,6,11,36,13,17.75,21,52,13,31,10,11,5,2,3,7,31,11
Jake DiSanto,SUNY-Cortland,2019-20,20.0,1,3,1,3,0,0,0,0,0,0,2,0,14.93,0,0,0,0,0,0,0,0,0,0,0,0
Jake Forrester,Temple,2019-20,19.98,39,75,0,0,18,33,3,4,5,11,31,29,20.0,35,63,0,0,16,36,4,1,3,16,38,11
Jake Furgerson,Notre Dame de Namur,2019-20,0.0,0,0,0,0,0,0,0,0,0,0,0,0,14.63,0,1,0,1,0,0,0,0,0,1,0,0
Jake Gudorf,Anderson (IN),2019-20,20.0,2,5,0,1,0,0,1,2,0,0,5,3,14.88,0,2,0,0,0,0,1,1,0,0,1,0
Jake Hendricks,Wyoming,2019-20,20.0,46,169,40,143,16,17,23,22,0,4,64,15,18.73,60,147,50,131,20,25,17,13,1,3,50,27
Jake Hornick,Colorado Christian,2019-20,20.0,1,4,0,1,0,0,3,0,0,1,4,0,14.98,0,2,0,1,0,0,1,0,0,0,0,1
Jake Horton,Wisconsin-Stout,2019-20,20.0,3,6,1,4,0,0,1,0,0,0,1,2,14.93,0,2,0,1,0,0,1,0,0,0,1,1
Jake Killingsworth,Columbia,2019-20,20.0,42,113,28,82,2,2,21,9,0,8,70,15,20.0,31,79,20,59,7,7,22,11,4,6,58,15
Jake Kulakowski,Polytechnic University,2019-20,20.0,0,2,0,0,0,0,0,0,1,0,1,1,14.73,0,0,0,0,0,0,0,0,0,0,1,0
Jake Kyman,UCLA,2019-20,20.0,23,49,15,35,1,3,5,1,2,2,17,5,20.0,20,45,12,29,1,1,1,2,1,3,7,4
Jake Lanford,Yale,2019-20,20.0,0,1,0,0,0,0,1,0,0,1,1,0,14.98,3,4,0,0,1,2,0,0,0,1,1,2
Jake Laravia,Indiana State,2019-20,20.0,50,93,5,13,14,22,19,9,12,30,48,22,20.0,44,77,4,10,26,46,20,3,13,39,35,26
Jake Nestlehutt,Rhodes College,2019-20,20.0,0,3,0,3,0,0,0,0,0,0,0,0,14.93,1,1,1,1,0,0,0,0,0,1,1,1
Jake Petrik,Rutgers-Camden,2019-20,20.0,0,1,0,1,0,0,0,0,0,0,0,0,14.82,0,0,0,0,0,0,0,0,0,0,0,0
Jake Rueschhoff,Midland University,2019-20,20.0,3,8,1,3,0,0,0,0,0,0,1,1,14.92,0,1,0,0,0,0,2,0,0,0,0,0
Jake Satter,,2019-20,16.58,1,1,1,1,0,0,0,0,0,0,0,0,0.0,1,1,1,1,2,2,0,0,0,0,0,0
Jake Scoggins,Arkansas State,2019-20,20.0,0,2,0,0,0,0,0,0,0,0,0,1,17.93,0,0,0,0,0,0,0,0,0,0,0,0
Jake Shaper,Brown,2019-20,0.0,0,0,0,0,0,0,0,0,0,0,2,0,20.0,2,4,2,4,0,1,0,0,1,0,1,0
Jake Smith,Johnson University (FL),2019-20,20.0,0,3,0,1,1,2,0,1,0,0,3,3,17.92,1,5,0,0,4,4,3,1,1,2,4,3
Jake Stephens,VMI,2019-20,20.0,42,95,25,62,15,20,29,8,10,21,51,17,19.18,33,88,14,55,12,14,35,2,21,17,56,22
Jake Toolson,BYU,2019-20,20.0,81,176,44,93,12,13,66,18,5,8,73,38,17.67,77,164,36,80,39,51,54,14,8,7,64,25
Jake Tranter,Menlo,2019-20,20.0,0,0,0,0,0,0,1,0,0,0,0,0,17.82,0,0,0,0,0,0,0,0,0,0,0,0
Jake Walker,Nebraska Kearney,2019-20,20.0,2,5,2,5,0,0,0,1,0,0,2,1,17.83,2,5,2,3,1,2,2,2,0,0,1,0
Jake Wojcik,Richmond,2019-20,15.0,17,38,11,27,1,2,10,1,0,0,27,2,20.0,10,22,7,16,12,13,5,5,0,4,20,7
Jake Wolfe,Lipscomb,2019-20,20.0,13,26,4,9,2,2,7,6,0,1,4,7,14.93,3,14,1,11,7,11,7,1,0,2,6,3
Jake van der Heijden,Bucknell,2019-20,20.0,0,5,0,4,0,0,1,1,1,0,5,1,17.92,3,9,2,6,0,0,1,1,1,2,1,0
Jakeem Acres,East Central,2019-20,20.0,1,1,0,0,0,0,0,0,1,0,2,1,14.72,0,2,0,0,1,2,1,0,0,0,2,0
Jakeem Wynn,SW Christian Univ,2019-20,0.0,0,0,0,0,0,0,0,0,0,0,0,0,14.77,1,1,0,0,0,0,2,0,0,0,1,1
Jakevan Leftridge,Troy,2019-20,20.0,18,33,3,9,4,7,12,5,5,11,17,4,14.85,12,28,4,10,7,8,7,6,3,5,19,17
Jakigh Dottin,Towson,2019-20,20.0,18,54,4,9,9,11,36,4,2,11,42,12,18.17,29,55,2,8,11,18,23,5,0,5,25,15
Jakob Alamudun,Lehigh,2019-20,20.0,14,44,3,17,15,16,7,3,1,4,24,13,14.98,14,43,1,6,8,10,2,4,1,3,16,9
Jakoby Kemp,IUPUI,2019-20,20.0,2,8,1,2,0,0,2,0,0,0,5,6,20.0,4,8,0,0,3,5,0,1,0,3,2,3
Jakolby Long,Southern Utah,2019-20,17.4,27,65,1,6,11,17,16,6,0,8,28,13,20.0,28,55,1,9,12,16,18,9,0,11,17,15
Jalan Brown,East Central,2019-20,20.0,1,1,0,0,0,0,0,0,0,0,0,4,14.72,0,0,0,0,0,0,0,1,0,0,0,0
Jalanni White,Canisius,2019-20,20.0,37,63,4,12,12,23,12,4,12,26,21,29,19.78,27,59,1,6,30,47,5,10,6,19,22,15
Jaleel Lord,Merrimack,2019-20,20.0,55,142,31,90,9,12,16,10,5,8,44,17,20.0,45,115,23,69,21,26,12,17,2,6,47,19
Jalen Benjamin,UAB,2019-20,20.0,59,143,30,85,18,22,22,10,2,4,37,44,20.0,40,115,19,66,58,72,19,9,1,10,26,32
Jalen Brinson,Columbia International,2019-20,20.0,1,2,0,0,2,2,2,0,0,0,0,4,14.95,1,3,0,0,0,0,0,0,0,0,0,0
Jalen Bruce,Pine Manor,2019-20,20.0,2,8,0,4,0,0,3,0,0,0,3,1,14.98,1,4,0,0,2,2,1,1,0,0,0,6
Jalen Carey,Syracuse,2019-20,20.0,0,4,0,0,1,4,1,1,0,1,2,3,17.9,1,3,0,0,0,0,0,0,0,1,1,0
Jalen Cincore,Georgia Southern,2019-20,0.0,0,0,0,0,0,0,0,0,0,0,1,2,14.92,1,1,0,0,0,0,1,0,0,0,1,0
Jalen Cobb,Fordham,2019-20,20.0,45,135,20,56,19,27,29,25,3,5,48,30,20.0,52,155,15,63,29,39,35,26,2,5,39,28
Jalen Coleman-Lands,DePaul,2019-20,20.0,51,145,25,82,22,26,17,11,1,9,40,21,14.98,60,157,33,99,32,40,18,11,2,5,30,21
Jalen Cone,Virginia Tech,2019-20,20.0,34,92,27,64,12,13,9,4,1,2,11,14,20.0,37,76,30,55,11,14,12,2,0,1,18,13
Jalen Crutcher,Dayton,2019-20,20.0,78,158,33,82,27,31,73,16,2,7,44,35,20.0,61,141,35,82,54,61,72,8,1,4,36,24
Jalen Crutchfield,Stetson,2019-20,20.0,7,24,1,14,2,4,2,2,0,6,9,8,20.0,6,13,4,10,0,0,1,3,0,0,4,1
Jalen Duke,Cumberland College,2019-20,20.0,1,4,0,0,0,0,1,0,0,0,0,1,14.87,1,5,0,2,0,0,0,0,0,1,4,0
Jalen Dupree,Samford,2019-20,16.25,67,127,7,15,30,38,6,6,15,40,86,23,20.0,49,96,2,10,37,45,3,7,12,35,54,19
Jalen Flanagan,San Francisco State,2019-20,20.0,1,1,0,0,0,0,0,0,0,0,0,0,14.97,1,3,0,1,0,0,0,0,0,1,0,0
Jalen Gabbidon,Yale,2019-20,16.27,25,59,9,23,7,8,21,21,6,11,36,15,20.0,27,69,11,34,21,31,15,19,2,11,35,18
Jalen Gaffney,UConn,2019-20,20.0,15,49,8,27,11,15,31,10,0,4,16,22,16.35,21,57,5,21,17,22,30,9,0,2,13,14
Jalen Gant,Maryville University,2019-20,20.0,2,6,0,0,0,0,2,1,0,2,1,4,14.77,7,11,1,1,2,2,0,1,2,0,4,1
Jalen Gibbs,Mt. St. Mary's,2019-20,20.0,56,151,29,78,18,29,22,10,0,7,44,20,18.9,56,141,20,68,31,47,15,10,1,7,39,15
Jalen Graham,Arizona State,2019-20,20.0,23,33,0,0,1,4,6,2,13,17,22,14,20.0,17,25,0,0,4,10,3,4,12,15,20,7
Jalen Grijalva,,2019-20,0.0,0,0,0,0,0,0,0,0,0,0,0,0,0.0,0,0,0,0,0,0,0,0,0,0,1,0
Jalen Harper,Florida Gulf Coast,2019-20,20.0,6,31,2,15,2,3,6,6,1,1,4,8,16.05,6,29,1,12,5,5,7,3,0,1,2,7
Jalen Harris,Arkansas,2019-20,20.0,135,288,44,118,55,73,97,25,4,10,129,65,14.97,115,287,36,114,111,133,81,31,4,18,80,46
Jalen Hawkins,Robert Morris,2019-20,20.0,40,111,11,43,25,30,18,14,6,12,39,26,20.0,41,85,12,27,25,34,17,14,12,15,36,21
Jalen Hayes,St. Mary's (MD),2019-20,0.0,0,0,0,0,0,0,0,0,0,0,1,1,17.75,0,2,0,1,0,0,0,0,0,0,0,0
Jalen Hill,Oklahoma,2019-20,0.0,59,117,3,10,27,50,22,9,17,39,81,36,17.8,46,90,1,6,54,70,22,12,22,45,69,28
Jalen Hodge,UL Monroe,2019-20,20.0,24,54,10,24,9,12,21,6,1,0,20,14,16.93,22,50,7,18,14,21,12,1,1,3,15,10
Jalen Hodges,Florida Tech,2019-20,20.0,0,1,0,0,0,0,0,1,0,0,0,0,17.75,0,2,0,0,0,2,0,0,0,0,1,0
Jalen Hosea,Eureka College,2019-20,20.0,2,3,0,0,0,0,2,2,0,0,1,1,14.97,0,1,0,0,0,0,0,0,0,2,1,2
Jalen Jackson,North Texas,2019-20,20.0,4,5,0,0,0,0,4,5,0,0,0,4,14.88,3,10,0,2,1,2,5,4,0,1,2,1
Jalen Jefferson,Mt. St. Mary's,2019-20,0.0,2,8,1,3,2,2,0,0,2,7,3,1,15.58,6,9,1,1,0,0,1,1,0,6,9,1
Jalen Johnson,Tennessee,2019-20,20.0,139,314,43,123,61,89,36,23,25,54,126,53,16.22,97,251,21,94,96,119,26,21,24,59,93,41
Jalen Jordan,Middle Tennessee,2019-20,0.0,0,0,0,0,0,0,0,0,0,0,0,0,20.0,0,1,0,0,0,0,0,0,0,0,0,0
Jalen King,Eastern Michigan,2019-20,20.0,14,22,0,0,5,20,3,11,11,15,29,5,14.9,7,13,0,0,1,6,0,5,4,10,20,4
Jalen Kirksey,Hiram,2019-20,20.0,2,11,0,2,0,2,1,2,1,1,7,5,14.98,0,2,0,0,0,0,0,0,0,0,3,1
Jalen Lowery,South Wesleyan,2019-20,20.0,1,2,1,1,0,0,1,1,0,0,2,3,17.58,0,1,0,1,0,0,0,0,0,0,0,2
Jalen Meeks,Concordia Illinois,2019-20,20.0,5,9,1,2,2,3,1,1,0,1,1,2,14.97,1,4,0,0,0,0,1,0,0,1,1,1
Jalen Munn,,2019-20,0.0,0,0,0,0,0,0,0,0,0,0,0,0,0.0,0,0,0,0,0,0,0,0,0,0,1,0
Jalen Newsom,Lindenwood,2019-20,20.0,1,2,1,2,0,0,0,0,0,0,0,0,14.98,1,5,1,4,0,0,1,0,0,0,0,0
Jalen Owens,,2019-20,10.15,0,2,0,2,0,0,1,1,0,0,1,0,0.0,0,0,0,0,0,0,0,0,0,0,0,0
Jalen Paul,Michigan Dearborn,2019-20,20.0,1,3,1,2,0,0,2,2,0,0,0,1,17.88,1,3,1,3,0,0,3,0,0,0,2,4
Jalen Pickett,Siena,2019-20,20.0,78,158,30,72,12,15,85,11,9,8,46,21,17.67,73,165,20,59,22,36,76,14,20,17,41,26
Jalen Poyser,McNeese,2019-20,0.0,1,3,1,3,0,0,4,2,0,0,2,0,20.0,5,9,1,3,0,0,0,2,1,0,2,1
Jalen Ray,Hofstra,2019-20,20.0,70,162,32,74,19,25,41,23,1,7,49,19,20.0,55,146,23,61,51,64,21,19,4,6,30,31
Jalen Riley,UT Martin,2019-20,20.0,1,2,0,0,0,0,3,1,0,2,3,2,14.73,2,5,0,0,1,1,1,1,0,1,5,3
Jalen Rose,Brescia,2019-20,20.0,0,4,0,2,2,4,0,0,0,0,0,1,14.97,1,3,1,2,0,0,0,0,0,0,0,1
Jalen Scandrett,Johnson & Wales (CO),2019-20,20.0,1,2,1,2,0,0,0,0,0,0,0,0,14.77,0,1,0,1,0,0,0,0,0,0,1,0
Jalen Slawson,Furman,2019-20,20.0,43,90,12,34,15,20,21,23,14,20,62,29,20.0,35,69,1,13,16,22,23,12,11,23,48,19
Jalen Smith,Maryland,2019-20,20.0,77,152,17,45,25,35,12,11,31,41,107,27,15.55,89,155,15,41,82,108,12,11,40,56,118,26
Jalen Tate,Northern Kentucky,2019-20,20.0,60,129,4,23,23,38,40,20,5,23,46,37,14.87,51,101,4,21,48,68,36,21,6,11,38,22
Jalen Thomas,Georgia State,2019-20,20.0,25,49,0,0,16,25,7,11,20,24,33,12,14.9,44,68,0,0,13,20,9,4,17,28,29,11
Jalen Tuck,Troy,2019-20,0.0,0,0,0,0,0,0,0,0,0,0,0,0,14.8,0,1,0,1,0,0,0,1,0,0,0,0
Jalen Valverde,Mayville State,2019-20,19.75,1,5,0,0,4,4,0,1,0,1,0,3,14.97,0,0,0,0,1,2,1,0,0,0,0,0
Jalen Warren,Florida Gulf Coast,2019-20,20.0,63,137,6,30,25,34,50,9,3,10,33,47,16.05,56,139,5,15,32,49,56,6,1,10,36,41
Jalen Weber,Texas Dallas,2019-20,20.0,1,6,0,1,0,0,0,0,0,1,1,4,14.9,0,3,0,1,0,0,0,0,0,0,0,0
Jalen White,Texas A&M-CC,2019-20,0.0,10,33,3,10,1,2,13,1,2,1,13,11,14.82,8,18,3,4,6,10,3,1,2,3,8,9
Jalen Wilkins-Mccoy,Missouri-St. Louis,2019-20,20.0,2,6,0,1,0,0,1,4,2,1,1,0,19.72,3,6,0,0,1,1,1,1,0,0,2,0
Jalen Williams,Santa Clara,2019-20,20.0,52,121,22,48,19,25,35,23,13,9,53,19,14.9,45,95,12,42,26,35,25,20,8,6,43,20
Jalen Wilmington,North Park,2019-20,20.0,1,3,0,1,0,0,0,0,0,0,0,2,19.65,0,1,0,0,0,0,0,0,0,0,0,0
Jalen Wilson,Kansas,2019-20,20.0,0,2,0,2,0,0,0,0,0,0,0,1,20.0,0,0,0,0,0,0,0,0,0,0,0,0
Jalen Windham,Creighton,2019-20,20.0,2,5,2,3,0,0,0,3,0,0,0,2,16.48,4,8,0,4,0,0,1,0,0,0,1,0
Jalil Langston,Bridgewater,2019-20,20.0,2,5,2,2,0,2,1,0,0,1,5,6,14.93,2,4,1,2,0,0,1,1,0,2,1,0
Jalin Robinson,Elizabethtown,2019-20,20.0,0,0,0,0,0,0,2,0,0,0,3,0,14.92,0,1,0,1,0,0,0,0,0,0,0,0
Jalmen Sullivan,,2019-20,5.6,0,3,0,2,2,2,1,0,0,0,0,0,0.0,1,3,0,1,4,4,0,1,0,0,0,0
Jalon Clark,Texas A&M-CC,2019-20,20.0,1,7,0,2,0,0,0,1,0,2,2,0,14.82,0,1,0,1,0,0,0,0,0,0,1,1
Jalon Cokley,North Greenville,2019-20,20.0,2,7,1,6,0,1,0,0,0,0,2,2,14.83,6,15,2,7,3,4,1,2,0,1,2,1
Jalon Gates,Houston Baptist,2019-20,20.0,71,169,48,118,26,31,11,10,0,8,18,15,18.07,60,142,32,92,34,38,6,12,1,9,12,9
Jalon Pipkins,Loyola Chicago,2019-20,20.0,17,48,5,23,4,8,7,5,0,2,9,12,14.75,15,32,7,17,15,21,4,4,1,3,9,5
Jalyn McCreary,South Carolina,2019-20,20.0,31,47,0,1,11,21,2,1,8,17,25,13,17.58,16,32,0,0,6,19,4,5,2,10,14,8
Jamaal Clifton,Tiffin,2019-20,20.0,3,5,1,3,0,1,0,1,0,1,2,2,15.38,2,5,0,1,0,0,0,0,0,2,1,2
Jamaal David,Pfeiffer,2019-20,20.0,2,5,2,5,0,0,3,0,0,1,4,1,14.97,1,5,1,3,0,0,0,0,0,0,3,1
Jamaan Bailey,St. Andrews,2019-20,20.0,3,8,3,8,0,0,0,0,0,1,1,6,14.92,3,4,3,4,0,0,1,1,0,0,0,3
Jamal Antoine,Louisiana College,2019-20,20.0,0,3,0,1,1,2,1,2,0,0,2,1,16.93,0,4,0,2,0,0,2,1,0,0,0,2
Jamal Bey,Washington,2019-20,20.0,24,67,10,38,12,17,12,25,3,4,30,26,20.0,31,79,7,29,37,48,24,18,4,10,33,9
Jamal Bieniemy,Oklahoma,2019-20,20.0,33,101,13,52,3,6,51,16,1,7,51,19,17.8,27,73,10,39,16,18,37,18,4,12,53,24
Jamal Bryant,Mars Hill,2019-20,20.0,10,20,7,16,2,3,2,1,0,0,9,6,20.0,6,15,2,7,2,2,2,1,0,2,5,4
Jamal Cain,Marquette,2019-20,19.98,32,68,8,25,7,11,13,10,5,16,46,16,14.92,17,34,9,21,13,17,7,8,3,12,33,10
Jamal Downes,Arlington Baptist,2019-20,20.0,1,3,1,3,0,0,2,0,0,0,1,2,14.95,0,1,0,1,0,0,1,1,0,0,0,1
Jamal Forde,Averett,2019-20,20.0,2,3,2,2,0,0,0,1,0,0,1,0,14.7,0,1,0,1,0,0,1,1,0,0,0,1
Jamal Gaines,UT Rio Grande Valley,2019-20,20.0,7,15,0,0,0,3,0,0,9,8,11,2,19.45,1,11,0,0,1,4,0,2,3,4,10,4
Jamal Hartwell II,George Mason,2019-20,18.87,42,102,20,65,10,16,20,4,0,2,23,17,20.0,47,133,25,78,21,23,20,5,0,3,23,18
Jamal Heckard,Eastern Oregon,2019-20,20.0,0,3,0,3,2,2,3,1,0,0,0,1,14.98,3,7,1,4,0,0,3,0,0,0,1,2
Jamal Johnson,Auburn,2019-20,20.0,17,50,17,44,13,18,5,6,1,11,11,8,20.0,11,27,9,21,8,12,4,2,1,4,11,3
Jamal King,Winthrop,2019-20,20.0,18,48,9,30,0,3,7,4,5,12,23,7,20.0,12,36,7,23,5,8,5,1,2,7,18,14
Jamal Smith,Cal Poly,2019-20,20.0,32,83,6,24,12,21,21,11,2,4,36,22,18.25,35,76,9,24,15,21,16,10,2,2,28,23
Jamal Weaver,Campbellsville-Harrodsburg,2019-20,20.0,4,7,0,1,5,8,0,3,1,0,3,2,14.9,2,9,1,2,4,8,0,1,0,4,1,0
Jamal Wright,High Point,2019-20,20.0,40,94,18,51,12,17,25,13,0,12,18,17,14.97,41,100,21,55,40,46,21,6,0,14,26,16
Jamar Brown,Morgan State,2019-20,20.0,11,27,0,0,3,5,4,6,3,12,10,15,14.93,12,25,0,0,8,18,4,4,4,6,10,11
Jamar Madge,,2019-20,0.0,0,0,0,0,0,0,0,0,0,0,0,0,0.0,0,0,0,0,0,0,0,0,0,0,0,1
Jamarcus Scott,Brewton-Parker,2019-20,20.0,1,4,0,2,0,0,1,1,0,0,1,1,14.9,0,0,0,0,0,0,0,0,0,0,1,1
Jamaree Bouyea,San Francisco,2019-20,20.0,62,138,14,55,9,15,61,17,11,7,60,31,14.92,80,144,18,53,33,50,51,29,7,11,53,24
Jamari Blackmon,North Alabama,2019-20,20.0,58,155,37,94,36,40,42,16,3,9,29,18,17.58,49,110,25,61,37,55,35,10,1,7,16,21
Jamari Wheeler,Penn State,2019-20,20.0,29,57,11,24,6,8,49,24,3,9,29,27,14.78,15,36,3,12,7,14,48,24,2,15,36,24
Jamario Bell,,2019-20,0.0,0,0,0,0,0,0,0,0,0,0,1,0,0.0,0,0,0,0,0,0,0,0,0,0,0,0
Jamario Harris,San Diego Christian,2019-20,19.98,4,9,0,2,0,0,4,5,0,0,4,3,14.97,1,4,0,0,0,0,0,2,0,0,0,2
Jamarius Burton,Wichita State,2019-20,20.0,61,134,16,39,16,31,52,10,2,20,33,33,17.78,47,111,7,21,43,57,43,13,2,18,30,32
Jamaure Gregg,Northwestern State,2019-20,20.0,39,93,0,0,14,21,4,4,10,24,48,15,14.92,41,84,3,3,10,23,7,8,16,19,56,15
Jameel Alausa,Yale,2019-20,0.0,8,21,0,2,2,3,5,0,0,4,18,4,15.32,11,17,0,1,8,16,2,0,2,3,13,6
Jameer Nelson Jr,George Washington,2019-20,20.0,0,0,0,0,0,0,36,0,0,0,0,0,18.17,0,0,0,0,0,0,29,0,0,0,0,0
Jameer Nelson Jr.,George Washington,2019-20,20.0,65,147,11,48,19,31,0,26,5,7,65,44,18.17,43,110,9,37,34,60,0,22,7,12,49,43
Jamel Hamans,Pine Manor,2019-20,20.0,0,4,0,1,0,0,1,0,0,0,1,0,14.98,0,0,0,0,0,0,1,0,0,0,1,2
James Akinjo,Georgetown,2019-20,20.0,17,40,5,13,6,9,13,4,0,2,8,9,18.9,13,48,3,20,20,23,17,10,0,2,9,7
James Ametepe,Florida International,2019-20,0.0,0,0,0,0,0,0,0,1,0,0,0,3,14.52,1,1,1,1,0,0,0,1,0,0,0,0
James Anderson II,North Alabama,2019-20,20.0,31,73,12,28,7,10,6,7,6,11,15,13,17.58,28,68,15,45,14,17,4,6,0,6,11,9
James Baker,Morehead State,2019-20,19.52,61,137,9,35,17,31,19,8,23,26,48,28,20.0,47,107,4,30,20,32,7,1,17,21,32,20
James Banks III,Georgia Tech,2019-20,18.37,48,88,0,1,33,54,16,21,29,35,72,40,20.0,49,99,0,0,44,70,12,8,45,49,67,20
James Beckwith,Emerson College,2019-20,20.0,0,3,0,1,2,2,1,0,0,0,2,0,17.97,0,1,0,1,0,0,0,0,0,0,1,1
James Betz,Northern Iowa,2019-20,20.0,9,21,0,5,3,3,1,0,1,4,6,4,20.0,5,10,2,5,2,2,1,1,1,0,5,1
James Bishop,LSU,2019-20,20.0,2,13,0,7,0,0,4,1,1,1,1,7,19.83,10,23,4,11,6,12,3,3,0,0,2,1
James Bolden,Alabama,2019-20,20.0,41,110,25,72,20,25,20,9,2,11,23,19,20.0,23,78,16,42,29,34,11,6,2,11,12,19
James Bouknight,UConn,2019-20,20.0,51,129,10,36,15,22,19,8,3,15,33,23,20.0,65,124,13,31,50,58,16,11,3,20,31,22
James Bridges,Sacramento State,2019-20,20.0,7,23,5,18,2,4,6,3,0,5,12,1,14.93,12,31,10,24,0,0,4,4,0,8,13,1
James Butler,Drexel,2019-20,20.0,69,146,1,3,29,49,38,10,10,51,109,30,20.0,85,146,2,3,39,53,24,7,17,57,122,20
James Claar,Western Illinois,2019-20,20.0,30,58,0,0,8,10,4,2,6,21,38,14,14.92,38,54,0,0,15,22,2,1,9,16,40,9
James Curtis,Texas Dallas,2019-20,0.0,0,0,0,0,0,0,0,0,0,0,0,0,14.9,0,1,0,0,0,0,1,0,0,0,1,1
James Deboise,Lesley University,2019-20,20.0,0,1,0,1,0,0,0,0,0,0,0,0,14.98,0,3,0,0,0,0,0,0,0,2,0,3
James Dickey,UNC Greensboro,2019-20,20.0,54,93,0,1,18,37,29,13,23,51,91,21,14.98,54,93,0,2,27,50,25,12,27,43,102,24
James Edwards,Southern,2019-20,20.0,0,1,0,0,0,0,0,0,0,0,2,0,16.77,1,3,0,0,1,3,0,0,0,1,2,0
James Foye,Dartmouth,2019-20,20.0,45,96,28,59,8,11,31,9,1,1,42,13,20.0,39,107,25,66,18,24,26,6,4,2,43,18
James Glisson III,Mercer,2019-20,20.0,37,77,1,8,10,15,17,6,3,19,25,14,14.95,38,72,0,8,13,23,12,11,6,20,19,11
James Hampshire,Pacific,2019-20,20.0,21,33,0,0,5,12,2,5,21,21,43,6,15.75,23,32,0,0,8,18,1,1,16,18,29,9
James Jean-Marie,San Diego,2019-20,19.98,45,99,7,17,17,25,10,3,13,28,56,31,20.0,41,81,7,17,20,30,15,5,9,17,51,26
James Julien,Medgar Evers,2019-20,20.0,0,1,0,0,0,0,0,0,0,0,1,1,15.0,0,0,0,0,0,0,0,0,0,0,1,0
James Kappus,Luther,2019-20,20.0,0,4,0,3,1,2,1,2,0,0,0,1,14.87,3,6,3,6,0,0,1,0,0,0,2,0
James Karnik,Lehigh,2019-20,20.0,45,86,0,4,8,15,10,10,4,27,44,19,14.98,51,85,0,4,20,27,7,9,8,21,45,19
James Keefe,Stanford,2019-20,20.0,18,34,0,0,4,11,2,4,5,7,20,6,16.37,7,13,0,0,8,18,2,1,2,8,21,4
James Lewis Jr,Appalachian State,2019-20,20.0,0,0,0,0,0,0,7,0,0,0,0,0,14.85,0,0,0,0,0,0,2,0,0,0,0,0
James Lewis Jr.,Appalachian State,2019-20,20.0,15,35,0,0,17,29,0,2,7,18,37,21,20.0,14,24,0,0,18,27,0,2,3,16,14,8
James Love III,,2019-20,0.0,0,0,0,0,0,0,0,0,0,0,0,0,0.0,0,0,0,0,0,0,0,0,0,0,1,0
James Madison,,2019-20,0.0,0,0,0,0,0,0,0,0,0,43,25,0,0.0,0,0,0,0,0,0,0,0,0,47,32,5
James Manns,Wright State,2019-20,0.0,34,65,13,25,5,6,1,1,0,7,15,6,14.77,14,31,6,15,2,2,2,1,0,5,6,3
James Miller,Trinity Baptist,2019-20,0.0,0,0,0,0,0,0,0,0,0,0,0,0,14.98,0,1,0,0,0,1,0,0,0,0,0,0
James Moore,Vanguard,2019-20,20.0,3,5,1,1,0,0,0,0,0,0,2,2,20.0,1,4,0,2,1,2,0,1,0,1,1,0
James Moreland,,2019-20,0.0,0,0,0,0,0,0,0,0,0,0,1,1,0.0,0,0,0,0,0,0,0,0,0,0,0,1
James Pennington,Trinity (IL),2019-20,20.0,7,12,1,3,1,1,4,0,0,2,7,6,14.88,1,5,0,2,2,2,4,0,0,0,4,4
James Reese,North Texas,2019-20,20.0,44,106,24,71,8,9,14,21,3,6,46,19,14.88,45,101,27,70,10,10,7,7,2,6,30,11
James Ringo,Wilberforce,2019-20,20.0,3,4,0,0,0,0,0,0,0,1,0,1,14.83,0,2,0,1,0,0,0,1,0,0,0,0
James Smith Jr,Ferrum,2019-20,0.0,0,0,0,0,0,0,0,0,0,0,0,0,14.85,0,0,0,0,0,0,1,0,0,0,0,0
James Smith Jr.,Ferrum,2019-20,20.0,1,7,0,3,0,1,0,1,0,0,1,2,14.85,3,6,0,3,1,2,0,0,0,1,1,1
James Towns,Niagara,2019-20,20.0,55,125,7,27,32,39,29,16,0,5,43,35,20.0,65,144,7,27,54,68,25,10,0,5,35,28
James Turner,Millsaps,2019-20,20.0,0,0,0,0,1,2,0,0,0,1,2,1,14.93,0,0,0,0,0,0,0,1,0,0,1,0
James Walsh,US Merchant Marine Academy,2019-20,20.0,2,6,1,4,0,0,1,1,0,0,0,0,14.97,1,5,0,2,0,1,1,0,0,0,0,1
James Willis,Western Colorado,2019-20,20.0,0,1,0,1,2,2,1,0,0,0,2,0,17.95,3,5,1,2,0,0,0,0,0,0,0,0
James Wiseman,Memphis,2019-20,20.0,8,10,0,0,8,11,0,0,8,6,13,2,14.73,12,16,0,1,11,16,1,1,1,7,6,1
Jamichael Smart,AUB Montgomery,2019-20,0.0,0,0,0,0,0,0,0,0,0,0,0,0,14.95,1,2,0,1,0,0,0,0,0,0,0,1
Jamie Ahale,UIC,2019-20,20.0,29,68,24,62,13,15,12,5,6,5,32,17,20.0,21,64,18,60,16,19,13,8,4,9,33,11
Jamie Clarke,Emory & Henry,2019-20,20.0,0,3,0,3,0,0,1,0,0,0,0,0,14.93,0,1,0,0,0,0,2,0,0,0,0,1
Jamie Lewis,Kennesaw State,2019-20,20.0,25,94,7,22,8,10,11,7,1,7,19,19,18.83,25,67,8,18,21,24,8,6,0,1,13,17
Jamie Orr,Central Pennsylvania College,2019-20,20.0,0,1,0,1,0,0,0,0,0,0,1,0,14.93,0,1,0,1,0,0,0,0,0,0,1,1
Jamil Jackson Jr,IUPUI,2019-20,20.0,0,0,0,0,0,0,6,0,0,0,0,0,14.88,0,0,0,0,0,0,3,0,0,0,0,0
Jamil Jackson Jr.,IUPUI,2019-20,20.0,8,30,5,19,4,6,0,0,1,2,8,9,14.92,9,36,1,16,5,7,0,2,0,2,8,5
Jamil Wilson,,2019-20,4.95,12,40,1,8,1,3,17,5,1,0,14,13,0.0,8,24,1,4,9,16,9,1,0,1,8,11
Jamir Chaplin,South Florida,2019-20,20.0,4,7,0,1,1,3,1,1,1,4,2,2,20.0,0,7,0,5,3,4,1,0,0,0,2,1
Jamir Cheek,,2019-20,3.33,4,9,0,0,1,1,3,2,1,1,2,3,0.0,1,6,0,0,2,4,0,2,0,0,1,4
Jamir Coleman,Central Connecticut,2019-20,20.0,36,84,5,13,16,19,7,13,3,12,37,27,17.95,37,88,4,17,18,28,10,11,5,11,38,16
Jamir Harris,American,2019-20,20.0,36,102,21,61,11,12,33,10,1,3,37,21,17.67,47,115,33,71,33,35,13,13,1,7,38,17
Jamir Mason,Texas Lutheran,2019-20,20.0,2,6,0,1,0,3,1,1,0,3,1,3,14.9,3,6,0,0,1,2,3,1,0,1,2,2
Jamir Reed,Central Connecticut,2019-20,20.0,40,97,22,56,10,13,24,5,2,11,50,29,17.95,40,97,17,49,22,32,25,11,2,9,57,23
Jamir Thomas,Youngstown St,2019-20,20.0,21,39,0,1,3,6,6,5,3,21,27,10,16.87,15,31,0,2,2,11,3,1,8,18,20,6
Jamir Williams,Florida A&M,2019-20,20.0,2,6,1,3,1,1,1,1,0,0,0,1,17.98,4,5,2,3,0,0,0,3,0,1,2,1
Jamisen Smith,IU-Northwest,2019-20,20.0,1,3,0,0,0,0,0,0,0,0,0,1,14.78,0,2,0,0,0,0,0,0,0,0,1,0
Jamison Battle,George Washington,2019-20,20.0,64,150,47,120,10,11,6,8,9,6,67,12,18.17,44,122,31,98,27,33,8,4,5,5,64,17
Jamison Overton,Utah Valley,2019-20,20.0,23,53,1,6,16,29,11,6,7,6,24,20,17.88,38,75,2,12,13,28,18,13,4,7,25,16
Jamison Syphore,Reinhardt,2019-20,0.0,0,2,0,0,0,0,0,0,0,0,1,0,14.92,0,1,0,0,0,0,0,1,0,0,1,2
Jamon Battle,UNC Asheville,2019-20,20.0,5,10,0,0,7,12,4,5,8,9,21,5,16.22,4,5,0,0,3,8,3,2,4,7,8,4
Jamorko Pickett,Georgetown,2019-20,20.0,56,136,19,48,30,36,14,12,15,25,61,30,18.9,47,125,18,47,18,25,15,9,9,26,62,29
Jan Zidek,Pepperdine,2019-20,0.0,17,42,8,28,5,5,1,0,0,2,4,3,17.72,7,14,3,9,6,7,2,0,0,4,2,2
Janeau Joubert,Davenport University,2019-20,20.0,2,4,0,1,0,0,0,0,0,0,2,1,19.45,1,1,0,0,3,4,2,0,0,0,0,1
Jannson Williams,Marshall,2019-20,20.0,37,113,25,86,11,17,10,16,27,12,65,19,20.0,30,80,16,59,11,21,5,9,20,8,41,8
Jaquantay Rouser,Siena Heights,2019-20,0.0,0,0,0,0,0,0,0,0,0,0,0,0,14.78,0,1,0,0,0,0,0,0,0,0,0,0
Jaquez Sheppard,,2019-20,0.0,0,0,0,0,0,0,0,0,0,0,2,1,0.0,0,0,0,0,0,0,0,0,0,0,3,0
Jare'l Spellman,Sacred Heart,2019-20,20.0,46,89,0,0,20,28,16,10,40,39,74,10,14.95,47,77,0,0,33,43,5,4,42,48,84,29
Jared Andis,,2019-20,4.45,5,11,5,10,0,0,0,1,0,0,0,2,0.0,1,2,1,2,0,1,0,1,0,0,0,1
Jared Bacon,Simpson College,2019-20,20.0,1,1,0,0,0,0,0,1,0,0,0,0,14.98,0,1,0,0,0,0,0,0,0,0,0,1
Jared Brown,Westmont,2019-20,20.0,0,1,0,1,0,0,2,2,0,0,1,1,17.72,0,1,0,0,0,0,1,0,1,0,1,1
Jared Butler,Baylor,2019-20,20.0,79,190,40,100,22,27,46,23,2,8,37,39,14.98,82,195,34,94,43,58,46,22,2,7,38,30
Jared Cattell,Pacific Oregon,2019-20,20.0,3,6,3,6,0,0,0,0,0,0,0,0,14.8,1,2,1,2,0,0,0,1,0,0,1,1
Jared Chatham,Central Arkansas,2019-20,20.0,33,69,1,6,12,20,10,11,3,15,38,38,14.98,36,72,0,4,20,33,12,11,4,14,26,11
Jared Denk,Brewton-Parker,2019-20,20.0,0,0,0,0,2,2,0,0,0,0,1,1,14.9,0,1,0,0,0,0,1,1,0,0,0,0
Jared Embry,Our Lady of the Lake,2019-20,20.0,1,4,1,3,0,0,0,0,1,0,1,1,14.9,5,7,3,5,2,2,1,0,0,1,2,1
Jared Hamilton,Boston College,2019-20,20.0,35,91,16,43,17,18,9,13,1,5,24,10,20.0,34,73,4,20,14,23,13,12,3,11,16,7
Jared Jackson,,2019-20,0.0,0,0,0,0,0,0,0,0,0,0,0,1,0.0,0,0,0,0,0,0,0,1,0,0,0,0
Jared Jones,Northwestern,2019-20,20.0,18,46,0,7,3,6,3,5,7,12,26,11,20.0,16,29,1,4,7,12,2,2,5,6,11,6
Jared Jurss,Concordia University (WI),2019-20,20.0,1,4,0,3,0,0,2,1,0,0,1,1,18.85,1,2,0,1,0,0,5,0,0,0,6,0
Jared Kimbrough,La Salle,2019-20,16.43,18,34,0,0,8,14,4,7,6,11,22,11,20.0,14,29,0,0,6,11,3,6,10,10,17,9
Jared Latane,Kean,2019-20,20.0,0,1,0,1,1,2,0,0,0,0,3,1,14.95,0,1,0,1,0,0,1,0,0,0,2,1
Jared Nyivih,San Diego Christian,2019-20,20.0,3,12,0,0,1,2,1,3,1,1,6,1,14.97,3,7,0,0,2,4,0,5,3,1,5,1
Jared Pearre,CSU Northridge,2019-20,0.0,24,43,0,0,6,13,17,4,11,22,47,16,16.42,17,30,0,0,2,12,11,7,4,10,24,6
Jared Perez,Northern New Mexico,2019-20,20.0,0,2,0,0,0,0,0,0,0,0,0,4,14.68,1,1,0,0,1,1,0,1,1,0,0,0
Jared Perry,Marymount VA,2019-20,20.0,1,1,1,1,0,0,1,0,0,0,0,0,16.5,1,2,1,2,0,0,0,1,0,0,0,0
Jared Peters,Widener,2019-20,20.0,2,5,1,2,0,0,0,1,0,0,1,1,14.8,1,5,0,0,0,0,0,0,0,0,1,0
Jared Printy,Western Michigan,2019-20,14.78,10,42,8,35,6,8,2,2,0,1,13,3,20.0,16,31,9,22,3,3,4,3,1,0,12,4
Jared Rhoden,Seton Hall,2019-20,20.0,38,97,19,49,15,26,15,12,1,14,63,15,14.8,51,104,12,39,25,36,14,19,5,27,72,15
Jared Rice,Cal Poly,2019-20,19.97,1,4,0,1,0,0,2,0,0,1,0,0,14.85,1,1,0,0,2,2,0,1,0,0,1,1
Jared Ridder,Missouri State,2019-20,20.0,0,3,0,3,1,2,1,0,0,1,1,0,20.0,0,0,0,0,0,0,0,0,0,0,0,0
Jared Rodriguez,San Diego,2019-20,20.0,31,75,5,29,9,14,4,5,1,8,24,19,20.0,26,69,9,27,19,22,0,5,2,6,32,18
Jared Samuelson,North Dakota State,2019-20,20.0,73,138,33,65,11,14,13,11,3,12,53,15,18.32,51,110,25,65,20,23,10,9,6,7,57,7
Jared Savage,Western Kentucky,2019-20,20.0,42,120,24,84,23,27,31,24,18,22,81,23,18.85,65,121,40,80,32,40,7,13,16,17,84,13
Jared Sherfield,Tennessee Tech,2019-20,20.0,15,40,7,22,8,9,7,5,1,2,16,7,18.85,7,19,4,12,9,11,1,1,0,1,9,2
Jared Strate,St. Katherine,2019-20,20.0,6,15,4,9,2,2,2,4,0,1,5,2,14.85,2,10,0,6,0,0,0,0,0,3,2,0
Jared Strickland,Alice Lloyd College,2019-20,20.0,0,1,0,0,0,0,0,0,0,0,1,0,14.78,0,1,0,1,0,0,0,0,0,0,0,0
Jared Stutzman,Idaho State,2019-20,20.0,28,64,17,42,27,31,16,4,1,5,33,14,18.73,44,92,20,50,37,48,12,3,4,7,30,19
Jared Wall,Menlo,2019-20,20.0,0,1,0,0,0,0,1,0,0,0,0,1,17.82,0,1,0,0,0,0,1,0,0,0,0,0
Jarek Schetzle,Eastern Oregon,2019-20,20.0,5,6,0,0,3,4,0,0,1,0,2,1,14.98,0,0,0,0,0,0,0,0,1,0,0,1
Jarell Taylor,Tiffin,2019-20,0.0,0,0,0,0,0,0,0,0,0,0,0,0,15.38,0,0,0,0,0,0,1,0,0,0,0,0
Jaren English,St. Bonaventure,2019-20,20.0,44,95,16,29,26,33,27,2,0,9,48,18,19.98,44,100,8,28,50,69,21,12,3,11,44,16
Jaren Smith,,2019-20,0.0,0,0,0,0,0,0,0,0,0,0,0,1,0.0,0,0,0,0,0,0,0,0,0,0,0,0
Jaret Griffith,Stetson,2019-20,0.0,0,0,0,0,0,0,0,0,0,0,0,0,14.83,0,1,0,0,0,0,0,0,0,0,1,1
Jaret Majestic,Malone University,2019-20,19.92,0,2,0,0,0,0,0,0,0,0,4,0,18.48,5,13,2,7,2,3,1,1,0,0,1,1
Jarod Lucas,Oregon State,2019-20,20.0,18,48,14,38,26,27,8,5,0,7,10,7,16.42,11,33,8,26,17,21,3,2,0,3,5,3
Jarred Godfrey,Purdue Fort Wayne,2019-20,20.0,91,202,27,90,35,46,60,17,3,12,63,52,18.22,84,195,26,77,38,55,44,20,4,14,50,53
Jarred Heard,Reinhardt,2019-20,20.0,2,3,2,3,1,2,0,0,0,0,1,0,14.92,1,2,0,1,0,0,0,0,0,0,0,1
Jarred Houston,Emerson College,2019-20,20.0,0,1,0,0,0,0,0,0,0,0,1,0,17.97,0,3,0,0,1,2,0,0,0,2,0,3
Jarred Hyder,Fresno State,2019-20,20.0,29,89,10,36,10,12,33,7,1,5,27,26,17.85,41,100,15,46,27,33,41,6,1,3,27,34
Jarren McAllister,VCU,2019-20,0.0,3,6,0,0,2,4,2,3,0,3,3,6,16.75,9,15,2,3,3,4,2,1,0,6,1,2
Jarrett Grnazel,St. Francis (ILL),2019-20,20.0,0,1,0,1,0,0,1,0,0,0,0,0,17.92,0,0,0,0,0,0,0,0,0,0,0,0
Jarrett Powers,,2019-20,8.73,0,2,0,0,0,0,0,0,0,0,0,1,0.0,0,0,0,0,0,0,1,0,0,1,0,1
Jarreyon Johnson,Jarvis Christian,2019-20,20.0,2,3,1,2,0,0,2,0,0,1,0,2,14.53,0,0,0,0,1,2,1,0,0,0,0,1
Jarrin Randall,Davenport University,2019-20,20.0,0,2,0,1,0,0,1,0,0,0,1,0,19.45,3,3,2,2,0,0,0,0,0,0,1,1
Jarrod Simmons,Pennsylvania,2019-20,20.0,4,15,2,7,5,7,2,0,2,8,6,7,20.0,3,7,0,4,2,3,4,1,0,2,8,5
Jarrod West,Marshall,2019-20,20.0,78,185,36,98,25,36,61,28,0,7,50,34,20.0,73,185,27,75,34,51,62,36,2,12,51,38
Jarron Coleman,Ball State,2019-20,20.0,50,115,18,48,11,16,43,10,2,9,61,46,14.92,57,118,8,29,29,46,43,17,6,16,55,36
Jarron Cumberland,Cincinnati,2019-20,20.0,54,131,21,66,40,54,61,15,8,7,33,60,20.0,57,156,23,72,84,110,63,12,9,6,49,38
Jarryd Hoppo,Southern Utah,2019-20,20.0,6,12,6,12,2,2,1,2,1,2,1,1,14.53,6,11,5,10,2,2,3,0,0,1,6,1
Jartavious Dobbs,William Carey,2019-20,20.0,3,6,0,0,0,0,0,0,0,1,2,0,17.92,1,2,0,0,1,2,0,0,1,0,2,1
Jarvis Christian,,2019-20,0.0,0,0,0,0,0,0,0,0,0,4,2,1,0.0,0,0,0,0,0,0,0,0,0,4,1,1
Jarvis Doles,Drexel,2019-20,20.0,1,7,1,4,0,0,1,1,0,0,4,2,20.0,2,8,2,8,1,3,0,1,2,0,6,0
Jarvis Omersa,Minnesota,2019-20,20.0,16,31,0,0,4,9,13,5,6,16,23,6,14.98,7,11,0,0,0,6,3,3,6,11,18,5
Jarvis Vaughan,Monmouth,2019-20,0.0,2,3,0,1,0,1,1,0,3,0,4,3,16.48,3,5,0,0,2,2,1,0,0,1,3,0
Jaryn Simpson,Edinboro,2019-20,20.0,1,5,1,4,4,4,1,0,0,0,1,2,14.93,0,4,0,1,2,2,1,0,0,0,1,0
Jase Febres,Texas,2019-20,20.0,36,96,27,74,4,6,10,5,4,7,21,14,15.58,31,85,26,69,15,18,10,7,6,6,22,9
Jase Miguez,Howard Payne,2019-20,20.0,7,11,3,5,0,0,1,1,0,0,2,6,10.62,2,5,0,2,0,0,0,1,0,0,0,1
Jase Townsend,Denver,2019-20,20.0,87,188,30,79,23,29,36,12,1,3,72,39,19.97,92,217,32,85,49,63,25,15,2,6,71,28
Jase Wickliffe,San Francisco State,2019-20,20.0,1,1,0,0,0,0,0,0,0,0,0,0,14.97,0,2,0,1,0,0,0,0,0,1,1,1
Jashaun Agosto,Long Island University,2019-20,20.0,9,21,2,5,1,2,8,3,1,0,10,3,15.97,7,18,3,8,8,8,12,2,0,0,13,7
Jashaun Wilkins,Rust,2019-20,20.0,0,0,0,0,2,2,0,0,0,2,1,1,15.2,0,0,0,0,0,0,0,0,0,0,0,0
Jashawn Talton-Thomas,Texas A&M-CC,2019-20,20.0,45,108,19,48,18,26,28,15,6,15,47,50,14.82,47,102,15,42,23,32,36,3,7,14,70,42
Jason Carter,Xavier,2019-20,20.0,49,111,15,36,11,16,26,8,12,26,53,25,17.95,21,71,3,25,24,33,14,14,5,22,34,20
Jason Crandall,Washington,2019-20,20.0,1,1,0,0,0,0,0,0,0,1,0,0,20.0,0,0,0,0,0,0,0,0,0,0,0,0
Jason Douglas-Stanley,George Mason,2019-20,15.0,2,15,2,11,2,2,1,1,0,0,2,1,20.0,1,4,1,4,0,0,2,1,0,0,4,0
Jason Gammage,Midway,2019-20,20.0,1,4,0,0,0,0,0,2,0,0,2,3,14.88,0,0,0,0,0,0,3,0,0,0,2,1
Jason Gibson,Towson,2019-20,20.0,40,95,23,51,11,12,27,13,1,2,19,12,18.17,32,89,19,50,37,40,33,8,0,2,21,25
Jason Gigliotti,Michigan Dearborn,2019-20,20.0,2,4,0,1,1,2,0,0,1,1,5,2,17.88,2,2,0,0,3,3,3,0,0,1,2,1
Jason Holliday,Murray State,2019-20,20.0,1,7,1,4,5,11,2,3,5,2,18,8,17.9,0,5,0,3,0,2,6,5,0,1,9,6
Jason Jitoboh,Florida,2019-20,20.0,8,18,0,0,5,8,0,0,6,10,9,2,17.93,5,8,0,0,2,5,0,0,1,2,5,0
Jason McMillan,Western Carolina,2019-20,20.0,0,1,0,1,0,0,0,0,0,0,0,0,18.23,0,0,0,0,0,0,0,0,0,0,0,0
Jason Morrison,Birmingham-Southern,2019-20,20.0,2,6,0,2,0,0,0,0,0,1,0,0,14.8,0,1,0,1,0,0,1,0,0,0,2,1
Jason Peace,IU-Northwest,2019-20,20.0,3,5,1,2,2,3,1,0,0,1,2,2,14.78,1,3,1,2,0,0,0,0,0,1,1,0
Jason Preston,Ohio,2019-20,20.0,93,172,16,38,29,38,134,22,2,7,96,64,17.87,102,199,20,49,60,85,92,23,1,16,82,49
Jason Strong,Northeastern,2019-20,20.0,20,46,5,12,3,7,11,2,3,9,30,10,20.0,22,40,4,13,7,10,6,2,2,6,11,3
Jason Tate,Shenandoah,2019-20,20.0,0,1,0,1,0,0,0,0,0,0,0,1,14.7,0,0,0,0,0,0,0,0,0,0,0,0
Jason Thompson,Houston Baptist,2019-20,20.0,8,16,2,5,1,2,0,0,1,8,5,3,20.0,9,15,1,3,5,6,1,0,0,3,5,2
Jason Towery,Missouri-St. Louis,2019-20,20.0,0,4,0,4,0,0,0,0,0,0,0,0,19.72,1,1,1,1,0,0,0,0,0,0,1,0
Jason Udolisa,St. Louis,2019-20,20.0,0,2,0,2,0,0,0,0,2,1,0,0,14.88,0,2,0,2,2,2,0,0,0,0,1,2
Jason Wade,Old Dominion,2019-20,20.0,53,82,4,9,5,12,9,28,3,17,26,15,20.0,33,71,2,10,23,32,23,21,3,29,35,18
Jason Whitens,Western Michigan,2019-20,17.17,24,51,5,13,1,6,17,6,1,14,41,22,20.0,16,36,3,9,10,14,15,7,0,16,30,11
Jatayveous Watson,South Carolina Upstate,2019-20,20.0,6,14,0,0,5,14,7,4,7,4,15,7,18.73,10,14,0,0,5,9,1,2,3,4,9,4
Jaume Sorolla,Cincinnati,2019-20,20.0,9,13,0,0,2,3,6,0,1,2,17,4,20.0,7,12,0,0,4,8,3,2,1,4,8,2
Javae Lampkins,Texas A&M-CC,2019-20,20.0,15,38,11,30,6,7,1,1,1,0,3,5,14.82,10,33,6,22,2,3,7,2,1,1,4,17
Javan McBurrows,Johnson University (FL),2019-20,20.0,0,2,0,1,0,0,0,0,0,0,0,0,17.92,0,0,0,0,0,0,0,0,0,0,0,0
Javan Miller,Oakland City,2019-20,20.0,0,2,0,0,2,2,0,0,0,0,1,0,14.98,0,0,0,0,0,0,0,0,0,0,3,0
Javan White,UMKC,2019-20,20.0,28,79,3,12,12,15,25,17,15,17,54,23,17.95,41,88,4,10,21,36,8,4,9,23,40,19
Javante McCoy,Boston University,2019-20,20.0,71,172,14,49,13,18,53,11,5,4,40,26,20.0,76,178,14,49,38,53,47,12,0,11,28,31
Javaris Jones,Howard Payne,2019-20,20.0,1,2,0,1,0,0,0,1,0,0,0,4,10.62,0,1,0,0,0,0,0,0,0,0,1,0
Javel Gillespie,Tennessee Wesleyan,2019-20,20.0,2,3,1,2,0,0,0,0,0,0,0,1,14.77,0,2,0,1,0,0,0,0,0,0,0,0
Javen Hedgeman,Prairie View A&M,2019-20,20.0,2,5,1,2,2,2,3,1,0,1,1,5,14.53,0,1,0,1,1,2,1,0,0,1,2,0
Javen Udofia,Central Connecticut,2019-20,20.0,0,3,0,2,0,0,1,0,0,0,1,1,15.18,0,2,0,1,0,0,0,0,0,0,0,0
Javian Davis,Alabama,2019-20,20.0,25,49,0,5,29,43,7,6,4,28,31,20,20.0,32,47,1,2,33,57,5,11,7,16,33,9
Javier Langarica,George Washington,2019-20,0.0,2,11,0,6,3,4,0,1,3,2,15,4,18.17,5,13,1,4,5,7,1,1,6,3,9,3
Javier Valeiras,Gannon,2019-20,20.0,0,1,0,0,0,0,1,0,0,0,1,0,17.83,2,3,1,1,0,0,1,1,0,1,1,2
Javin DeLaurier,Duke,2019-20,20.0,26,40,0,1,14,20,8,10,15,21,37,13,20.0,13,29,1,5,9,15,5,7,11,12,33,7
Javin Etzler,Miami (OH),2019-20,0.0,2,3,1,2,0,0,0,0,0,0,0,0,20.0,0,2,0,2,0,0,0,0,1,0,0,0
Javion Hamlet,North Texas,2019-20,20.0,81,155,14,32,34,38,73,9,1,6,33,32,14.88,59,134,10,25,73,85,66,11,0,6,43,38
Javon Freeman-Liberty,Valparaiso,2019-20,20.0,86,217,24,78,34,50,44,30,3,13,73,37,20.0,130,274,24,88,76,97,55,38,5,30,73,41
Javon Greene,George Mason,2019-20,18.53,46,141,23,79,15,23,42,28,0,5,76,49,20.0,74,162,31,82,61,73,35,23,5,11,55,39
Javon Jackson,Kean,2019-20,20.0,0,2,0,1,0,0,0,1,0,0,0,0,14.95,1,2,0,0,0,0,0,0,0,0,1,0
Javon Levi,UT Rio Grande Valley,2019-20,20.0,48,123,6,20,29,41,94,22,1,13,33,41,19.45,44,114,10,24,42,58,95,28,0,10,24,20
Javon Pickett,Missouri,2019-20,20.0,44,107,10,29,10,12,24,11,2,24,44,23,14.63,36,99,5,23,17,30,18,6,2,18,30,17
Javonne Lowery,Louisiana,2019-20,20.0,0,2,0,2,0,0,1,0,1,0,0,0,14.77,2,5,1,3,0,0,0,0,0,0,1,0
Javontae McDavid,William Carey,2019-20,20.0,0,1,0,0,0,0,0,0,0,0,0,0,17.92,0,0,0,0,0,0,0,0,0,0,0,0
Javonte Cooke,Mars Hill,2019-20,20.0,5,12,1,5,0,0,5,2,3,0,5,4,20.0,4,11,0,3,7,8,3,0,2,2,4,2
Javonte Matthews,St. Katherine,2019-20,20.0,4,8,2,2,1,2,1,0,0,1,1,2,14.85,2,4,1,1,0,0,1,0,0,0,4,1
Javonte Perkins,Saint Louis,2019-20,20.0,68,155,21,58,33,44,9,14,2,9,34,13,16.05,84,184,19,53,79,102,12,10,5,23,33,22
Javonte Smart,,2019-20,0.88,77,183,28,81,23,30,62,20,3,11,47,29,0.0,61,149,16,55,32,38,63,13,2,7,42,37
Jawaun Daniels,Prairie View A&M,2019-20,20.0,0,3,0,0,0,0,0,0,0,1,0,1,20.0,0,0,0,0,0,0,0,0,0,0,0,0
Jawaun Newton,Evansville,2019-20,20.0,30,61,7,21,10,13,8,5,1,17,23,10,20.0,19,47,5,19,5,8,3,1,1,8,18,7
Jax Levitch,UNC Asheville,2019-20,20.0,4,16,2,12,0,3,5,3,7,8,14,2,16.22,1,4,0,2,4,9,4,2,0,5,15,0
Jaxon Brenchley,Utah,2019-20,20.0,16,39,13,29,4,4,11,5,0,4,30,5,14.98,17,44,13,36,4,6,5,6,2,3,18,3
Jaxon Edelmayer,Idaho State,2019-20,0.0,4,11,0,3,0,0,8,2,1,0,7,4,18.73,5,16,3,8,0,1,9,2,0,3,2,4
Jaxon Gaddie,,2019-20,0.0,0,0,0,0,0,0,0,0,0,0,0,0,0.0,0,0,0,0,0,0,0,0,0,0,2,1
Jaxon Knotek,North Dakota State,2019-20,20.0,12,31,8,24,2,2,6,4,3,1,16,2,17.95,3,12,2,9,3,4,1,2,0,0,5,1
Jaxson Baker,Central Arkansas,2019-20,20.0,42,97,25,71,10,12,17,9,8,6,42,21,14.98,21,65,15,47,10,14,7,5,5,8,28,5
Jaxson Strates,Lipscomb,2019-20,20.0,2,5,0,0,0,1,2,0,1,2,1,1,14.93,0,2,0,0,3,6,2,0,1,1,2,0
Jay Estime',UNC Wilmington,2019-20,20.0,8,19,4,11,0,0,3,1,0,3,6,2,17.75,4,12,2,8,0,0,3,0,0,1,5,3
Jay Green,UNLV,2019-20,20.0,3,5,0,0,2,7,3,1,0,6,12,1,19.75,4,6,0,0,0,4,3,1,1,9,10,2
Jay Head,Grambling,2019-20,0.0,0,0,0,0,0,0,0,0,0,0,0,1,20.0,0,0,0,0,1,2,0,1,0,0,0,0
Jay Heath,Boston College,2019-20,20.0,63,149,29,73,10,24,31,19,3,3,45,35,20.0,73,176,31,86,28,44,29,16,0,15,32,27
Jay Huff,Virginia,2019-20,20.0,58,102,12,33,9,16,10,2,27,23,56,15,17.9,44,75,7,20,16,29,14,8,33,32,71,16
Jay Jay Chandler,Texas A&M,2019-20,20.0,23,74,12,45,11,18,16,15,0,3,19,24,18.83,25,69,15,42,27,30,12,6,1,2,22,25
Jay Malone,Southern Miss,2019-20,20.0,24,70,11,30,6,7,43,14,0,1,14,16,14.98,13,39,3,17,8,11,34,6,2,4,18,19
Jay Nagle,UC Santa Barbara,2019-20,0.0,10,29,8,23,2,3,7,0,1,1,14,2,17.98,6,13,4,9,4,4,7,3,3,2,10,5
Jay Shropshire,Shorter,2019-20,20.0,3,7,2,5,2,2,0,0,0,1,2,0,14.85,0,0,0,0,0,0,1,0,0,0,0,1
Jay Vaughan,Lafayette,2019-20,0.0,0,0,0,0,0,0,0,0,0,0,0,0,14.8,0,0,0,0,0,0,1,0,0,1,2,1
JayQuan McCloud,Green Bay,2019-20,20.0,79,235,29,109,45,55,76,16,1,10,74,53,16.57,89,195,41,97,96,108,70,16,4,12,72,48
Jayce Johnson,Middle Tennessee,2019-20,20.0,65,129,2,10,21,50,31,13,11,48,91,40,20.0,57,117,0,2,47,78,43,16,10,56,97,35
Jaycee Hillsman,Illinois State,2019-20,20.0,36,88,15,50,22,29,19,9,3,9,52,28,20.0,41,83,16,40,42,52,15,14,7,12,47,32
Jayden DeJoseph,William Jessup,2019-20,20.0,0,3,0,3,0,0,1,0,0,0,1,1,14.92,2,4,2,4,0,0,0,1,0,0,0,1
Jayden Gardner,East Carolina,2019-20,20.0,88,184,2,11,49,65,23,18,8,32,73,37,19.18,101,184,1,7,86,114,37,15,4,41,87,29
Jayden Hampton,Penn State Wilkes-Barre,2019-20,20.0,0,2,0,1,0,0,0,1,0,0,0,1,14.67,0,0,0,0,0,0,1,1,0,1,0,2
Jayden Hardaway,Memphis,2019-20,20.0,6,21,2,13,1,2,3,4,0,2,5,8,14.93,5,11,2,5,3,4,0,0,1,2,4,3
Jayden Martinez,New Hampshire,2019-20,20.0,45,127,17,50,19,27,13,11,8,21,71,20,20.0,56,113,17,40,20,31,15,10,9,27,60,12
Jayden Modrall,Howard Payne,2019-20,20.0,0,3,0,3,0,2,0,0,0,0,0,0,10.62,0,1,0,1,0,0,0,0,0,0,0,2
Jayden Nixon,,2019-20,0.0,0,0,0,0,0,0,0,0,0,0,1,1,0.0,0,0,0,0,0,0,0,0,0,0,0,0
Jayden Saddler,Southern,2019-20,20.0,17,33,0,5,6,7,10,5,0,3,11,15,15.83,12,27,1,3,6,11,14,4,1,3,16,10
Jayden Young,,2019-20,10.77,2,3,0,0,0,0,1,0,0,0,0,1,0.0,3,3,0,0,1,1,2,0,0,2,3,4
Jaydon Clark,William Jessup,2019-20,20.0,1,3,1,2,0,0,0,0,0,0,0,1,14.92,0,3,0,3,0,0,0,0,0,0,0,0
Jaykwon Walton,Georgia,2019-20,20.0,1,3,1,2,2,2,0,0,0,0,1,1,20.0,0,3,0,2,0,0,1,0,0,0,0,0
Jaylan Ballou,Howard Payne,2019-20,20.0,1,1,0,0,0,0,1,2,0,0,1,6,14.82,1,2,0,0,2,2,0,0,0,1,1,5
Jaylan Gainey,Brown,2019-20,20.0,26,40,0,0,8,13,5,7,31,22,45,12,20.0,31,46,0,0,14,18,3,4,21,17,29,8
Jaylan Mcgill,Carson Newman,2019-20,20.0,0,3,0,2,0,0,0,1,0,0,5,1,14.85,2,3,1,1,0,0,0,0,0,0,1,1
Jaylen Butz,DePaul,2019-20,20.0,60,108,0,1,28,57,10,18,8,26,47,37,14.98,61,98,0,1,28,55,12,14,12,38,46,27
Jaylen Domina-Lovato,New Mexico Highlands,2019-20,20.0,0,2,0,1,0,0,0,0,0,1,0,0,16.6,0,3,0,1,1,2,2,1,0,2,2,0
Jaylen Forbes,Alabama,2019-20,20.0,13,44,6,33,9,13,6,2,1,9,30,17,20.0,7,25,4,19,8,14,7,2,1,9,11,6
Jaylen Garrett,Wilberforce,2019-20,20.0,0,2,0,0,0,0,0,2,0,1,0,0,14.83,0,0,0,0,0,0,0,0,0,0,0,0
Jaylen Gilbert,IU-Kokomo,2019-20,0.0,0,0,0,0,0,0,0,0,0,0,0,0,17.57,0,1,0,0,0,0,0,0,0,0,0,0
Jaylen Johnson,William Jessup,2019-20,20.0,2,4,2,3,0,0,0,1,0,0,0,1,14.92,1,3,0,2,2,2,1,0,0,0,0,1
Jaylen Key,New Orleans,2019-20,20.0,47,99,0,5,16,26,9,9,5,9,49,29,16.07,37,72,0,1,17,28,8,10,8,19,29,21
Jaylen McManus,Charleston,2019-20,20.0,44,104,5,26,20,25,11,1,0,17,40,19,15.33,40,108,7,33,35,39,6,3,3,16,59,15
Jaylen Minnett,IUPUI,2019-20,20.0,77,236,48,154,26,30,56,19,3,9,45,43,14.88,89,222,59,145,34,48,53,18,0,3,39,39
Jaylen Rhone,Louisiana College,2019-20,20.0,1,8,0,4,2,2,1,1,0,2,3,3,16.93,1,6,0,1,0,0,0,1,0,0,0,1
Jaylen Richard,Charleston,2019-20,20.0,11,43,4,20,15,18,4,2,2,2,15,12,15.33,13,31,4,12,7,11,4,2,2,1,14,12
Jaylen Sebree,Florida Atlantic,2019-20,19.97,22,62,10,40,4,6,10,7,2,5,31,8,20.0,17,44,10,27,5,9,1,3,2,8,17,5
Jaylen Shead,Washington State,2019-20,20.0,5,20,2,6,2,4,12,8,0,3,13,15,15.05,6,16,1,2,3,4,12,3,0,2,12,10
Jaylen Sims,UNC Wilmington,2019-20,20.0,54,146,29,81,30,45,17,9,0,10,75,19,17.75,54,125,31,81,36,53,17,9,3,12,49,16
Jaylen Walker,Navy,2019-20,20.0,3,12,2,8,0,0,1,1,0,2,8,4,14.58,2,7,2,6,4,4,1,2,1,0,1,1
Jaylin Andrews,Loyola (MD),2019-20,19.98,48,115,19,61,27,38,24,21,5,11,44,19,14.92,33,88,7,39,21,34,31,14,4,16,45,18
Jaylin Hunter,Old Dominion,2019-20,20.0,11,43,3,24,2,4,8,6,1,4,17,8,20.0,9,21,4,9,3,4,3,1,0,0,3,8
Jaylin Stewart,Coker,2019-20,20.0,4,7,1,2,0,0,1,0,0,0,3,0,17.92,0,6,0,2,0,0,1,0,0,2,1,3
Jaylin Williams,Auburn,2019-20,0.0,8,11,1,3,0,0,3,2,3,4,6,3,20.0,2,9,0,5,0,0,3,4,2,3,7,3
Jayln Turner,Central Oklahoma,2019-20,20.0,0,2,0,2,0,0,0,0,0,0,0,1,18.9,0,1,0,1,1,2,0,0,0,0,0,1
Jaylon Hall,Wright State,2019-20,20.0,34,100,23,56,20,25,40,18,8,10,38,33,20.0,30,87,9,34,36,44,40,13,5,9,42,37
Jaylon Pugh,Furman,2019-20,20.0,10,25,9,23,2,3,1,1,0,0,4,4,20.0,4,12,2,7,0,0,1,0,0,0,5,1
Jaylon Tharpe,Trevecca Nazarene,2019-20,20.0,0,1,0,0,0,0,0,0,0,0,4,2,14.88,0,1,0,0,0,0,0,0,0,0,0,0
Jaylon Williams,Louisiana,2019-20,20.0,3,8,3,6,0,0,2,0,0,1,2,3,20.0,0,0,0,0,0,0,0,0,0,1,1,0
Jaylon Wilson,Longwood,2019-20,20.0,41,105,25,67,18,22,8,9,0,1,20,16,16.5,38,95,17,53,19,20,12,5,3,2,11,11
Jayquan Thomas,SUNY Potsdam,2019-20,20.0,2,9,1,3,0,0,1,2,0,0,0,2,15.83,0,5,0,2,0,0,0,1,0,0,0,1
Jayson Barnhart,Bob Jones University,2019-20,20.0,0,3,0,0,3,4,0,1,1,0,3,1,15.25,8,14,1,4,0,0,1,1,0,2,3,2
Jayveous McKinnis,Jackson State,2019-20,20.0,54,84,0,1,15,34,8,15,28,46,87,12,15.52,50,81,0,0,35,62,4,12,25,41,84,16
Jayvis Harvey,James Madison,2019-20,20.0,8,25,4,17,6,9,4,4,1,2,6,9,20.0,9,26,2,13,15,18,7,2,1,3,8,7
Jayvon Graves,Buffalo,2019-20,20.0,88,227,39,110,17,27,36,23,11,26,53,31,20.0,110,238,32,89,45,67,45,16,11,35,56,39
Jazz Johnson,Nevada,2019-20,20.0,80,185,47,113,33,37,31,13,0,5,48,28,20.0,61,157,39,94,32,40,22,11,0,7,32,25
Jazz Parker,Pikeville,2019-20,20.0,0,1,0,0,0,0,0,0,0,1,1,2,14.68,1,2,0,0,0,0,2,0,0,0,1,1
Jeameril Wilson,Lehigh,2019-20,20.0,66,118,18,38,33,38,19,14,10,19,62,32,14.98,52,103,11,34,17,27,20,8,10,18,58,31
Jeantal Cylla,Arkansas,2019-20,20.0,7,28,2,12,3,6,3,3,3,6,20,6,14.97,2,6,0,2,1,2,1,0,0,1,4,1
Jeenathan Williams,Buffalo,2019-20,20.0,74,175,18,53,17,25,23,11,12,34,56,32,20.0,67,136,16,51,28,39,15,13,9,26,32,19
Jeff Allen,Connecticut College,2019-20,20.0,1,4,0,1,0,0,0,1,0,1,2,1,14.67,2,2,2,2,0,0,1,0,0,0,2,1
Jeff Cooper,Kean,2019-20,20.0,1,3,0,2,0,0,0,0,0,0,2,0,14.95,0,1,0,0,0,0,0,0,1,0,0,0
Jeff Coulanges,Bethune-Cookman,2019-20,0.0,0,0,0,0,0,0,0,0,0,0,0,0,19.55,0,0,0,0,0,0,1,0,0,0,0,0
Jeff Dowtin,Rhode Island,2019-20,20.0,66,149,13,40,31,39,54,21,2,10,39,19,16.92,71,164,19,49,43,57,30,13,6,9,32,12
Jeff Jackson,Averett,2019-20,20.0,1,1,0,0,0,0,0,0,0,0,0,0,14.7,0,0,0,0,0,0,0,1,0,0,2,2
Jeff Jung Jr.,Elmira,2019-20,20.0,0,2,0,1,0,0,0,0,0,0,0,0,14.8,0,2,0,1,0,0,0,0,0,0,0,1
Jeff McIlwain,Columbia International,2019-20,20.0,2,5,0,1,0,0,0,0,0,0,2,2,14.95,1,1,0,0,0,0,1,0,0,1,0,0
Jeff Otchere,Stony Brook,2019-20,19.77,15,27,0,0,12,29,8,2,22,30,61,26,20.0,14,25,0,0,16,32,7,4,27,33,53,18
Jeff Pollard,Washington State,2019-20,20.0,46,103,7,33,20,27,12,7,3,23,35,11,15.05,41,74,7,17,22,28,9,4,2,22,31,9
Jeffery Porter,Blue Mountain College,2019-20,20.0,1,3,0,1,0,0,0,0,0,0,0,1,14.77,0,1,0,1,0,0,2,0,0,0,1,2
Jeffrey Espinal,Jarvis Christian,2019-20,20.0,1,1,1,1,0,0,0,0,0,0,0,1,14.53,1,1,1,1,0,0,0,0,0,0,1,3
Jeffrey Gary,Mercer,2019-20,20.0,43,97,24,61,7,7,26,4,0,2,21,18,20.0,48,102,23,60,12,14,19,12,2,5,19,15
Jeffrey Hayden,New York Institute of Technology,2019-20,20.0,4,7,0,0,1,2,2,0,0,0,2,2,14.97,1,3,0,0,0,2,1,0,0,0,1,3
Jeffrey Hernandez,Florida National,2019-20,20.0,5,11,1,4,0,0,2,0,1,1,2,0,19.92,5,9,2,3,1,2,2,0,0,0,0,2
Jeffrey Hodges,Brewton-Parker,2019-20,20.0,0,2,0,1,0,0,0,0,0,0,2,0,14.9,2,4,0,2,1,1,0,1,0,0,1,2
Jelani Jackson,Georgian Court,2019-20,20.0,1,2,1,2,0,0,1,0,0,0,0,1,20.0,0,2,0,0,0,0,1,0,0,0,2,1
Jelani Simmons,Youngstown St,2019-20,20.0,27,71,13,42,16,19,9,7,3,5,23,15,16.87,27,68,11,31,21,25,7,15,11,17,23,11
Jemarl Baker Jr,Arizona,2019-20,20.0,0,0,0,0,0,0,21,0,0,0,0,0,17.35,0,0,0,0,0,0,14,0,0,0,0,0
Jemarl Baker Jr.,Arizona,2019-20,20.0,31,90,16,55,8,12,14,14,3,3,32,12,14.92,21,66,11,36,11,11,15,5,2,8,26,7
Jerald Booker,Concordia (MI),2019-20,20.0,2,8,1,4,0,0,2,1,0,0,2,1,14.87,3,5,2,3,0,0,0,0,0,0,2,0
Jeremiah Alexander,Ark Monticello,2019-20,20.0,0,1,0,0,0,1,0,0,0,0,2,2,17.73,0,1,0,0,0,0,0,0,0,0,1,0
Jeremiah Atkinson,Westcliff,2019-20,20.0,2,7,1,4,0,1,0,1,0,2,4,4,14.8,0,3,0,2,0,2,0,0,0,0,0,3
Jeremiah Bailey,Pacific,2019-20,20.0,18,48,8,29,4,8,3,2,3,15,35,16,19.57,18,45,10,31,3,10,7,7,3,11,27,8
Jeremiah Bozeman,AUB Montgomery,2019-20,20.0,0,1,0,0,0,0,0,0,0,0,0,1,14.95,0,2,0,0,0,0,2,3,0,0,0,2
Jeremiah Buford,Nicholls,2019-20,15.0,17,50,13,41,6,7,2,8,2,15,14,10,20.0,12,32,10,28,0,0,7,3,1,4,4,3
Jeremiah Chandler,Simpson College,2019-20,20.0,1,2,0,0,0,0,1,0,0,0,0,2,14.98,0,2,0,1,0,2,0,1,0,0,1,1
Jeremiah Davenport,Cincinnati,2019-20,0.0,3,15,0,7,5,7,2,2,0,3,7,7,20.0,7,13,2,6,6,8,0,3,0,3,4,2
Jeremiah Dickerson,Colorado Christian,2019-20,20.0,1,1,0,0,0,0,1,0,0,0,1,0,14.98,0,1,0,0,0,0,0,0,0,0,0,0
Jeremiah Francis,North Carolina,2019-20,0.0,10,29,2,6,4,8,10,2,0,1,9,13,18.97,3,29,1,9,13,17,14,4,0,0,9,6
Jeremiah Gambrell,Western Kentucky,2019-20,20.0,6,19,4,16,1,2,0,2,0,1,12,5,20.0,3,10,2,7,0,1,1,1,0,1,6,1
Jeremiah Gibson,Texas Dallas,2019-20,0.0,0,0,0,0,0,0,0,0,0,0,0,0,14.9,0,1,0,1,0,0,0,0,0,0,0,0
Jeremiah Harris,Cairn University,2019-20,20.0,0,2,0,1,0,0,1,0,0,0,0,0,14.98,1,3,0,1,1,2,0,1,0,0,1,0
Jeremiah Price,Johnson & Wales (RI),2019-20,20.0,0,1,0,0,0,0,0,0,0,0,0,0,14.8,0,0,0,0,0,0,0,0,0,0,0,0
Jeremiah Robinson-Earl,Villanova,2019-20,20.0,49,118,11,36,18,25,35,12,7,30,117,38,14.93,63,125,10,26,58,68,21,22,10,47,88,24
Jeremiah Saunders,SE Louisiana,2019-20,20.0,11,41,9,31,0,0,5,9,2,6,10,8,17.97,4,24,3,15,0,0,6,2,1,2,6,6
Jeremiah Testa,Menlo,2019-20,20.0,2,2,0,0,0,0,0,0,0,0,1,1,17.82,1,2,0,1,0,0,1,0,0,0,1,0
Jeremiah Tilmon,Missouri,2019-20,20.0,21,36,1,2,8,15,7,2,12,12,16,14,14.63,32,54,0,1,24,35,4,3,8,24,22,19
Jeremiah Wiley,Paul Quinn,2019-20,20.0,0,1,0,1,0,0,0,0,0,0,0,0,14.82,1,1,0,0,2,2,0,1,0,0,1,3
Jeremy Anaya,Northern New Mexico,2019-20,20.0,1,2,0,0,0,0,2,1,0,0,3,4,14.68,1,3,0,1,0,0,0,1,0,0,1,0
Jeremy Dillon,Marshall,2019-20,0.0,1,6,1,4,1,1,2,5,0,1,6,4,20.0,1,6,1,6,1,3,4,1,0,2,9,4
Jeremy Hamilton,Alabama State,2019-20,20.0,14,44,9,26,4,10,4,4,1,2,8,12,14.88,9,23,2,9,8,15,3,2,0,1,3,4
Jeremy Harrell,McNeese,2019-20,20.0,5,10,1,3,2,4,2,1,0,3,3,3,14.82,2,8,1,1,1,2,1,0,0,3,1,2
Jeremy Lillis,Sonoma State,2019-20,20.0,2,4,2,2,0,0,0,0,0,0,1,0,14.92,1,1,0,0,0,0,0,0,0,0,0,1
Jeremy Peck,UNC Asheville,2019-20,20.0,10,18,0,0,2,3,6,0,0,6,12,9,16.22,4,7,0,0,3,5,1,3,1,8,15,6
Jeremy Roscoe,Akron,2019-20,19.92,1,2,0,0,0,0,0,0,0,0,0,0,18.48,0,2,0,1,0,0,0,0,0,0,1,0
Jeremy Sanchez,Cleveland State,2019-20,20.0,8,17,0,4,7,10,4,2,0,4,16,2,14.95,4,9,0,0,1,4,5,3,0,3,4,3
Jeremy Smith,CSU San Bernardino,2019-20,20.0,1,1,1,1,2,2,3,0,0,1,2,2,14.98,0,2,0,0,2,2,0,0,0,0,1,2
Jeremy Stewart,Brescia,2019-20,20.0,1,1,0,0,0,0,0,0,1,0,2,1,14.97,0,1,0,0,0,0,0,0,0,0,1,0
Jeriah Horne,Tulsa,2019-20,20.0,51,132,22,75,13,16,22,11,6,14,67,22,17.77,56,122,30,71,28,33,19,16,6,15,44,15
Jericho Sims,Texas,2019-20,20.0,46,74,0,0,9,13,7,5,7,40,69,18,15.58,51,75,0,0,20,36,12,5,20,31,55,17
Jericole Hellems,NC State,2019-20,15.0,54,129,21,58,24,32,15,8,5,19,36,23,20.0,43,113,13,42,25,32,12,10,2,22,24,18
Jermaine Bishop,Norfolk State,2019-20,20.0,75,184,46,112,17,22,39,13,2,5,45,32,14.92,62,162,35,99,28,32,20,11,1,7,37,19
Jermaine Camacho-Small,Cal State-Los Angeles,2019-20,0.0,0,0,0,0,0,0,0,0,0,0,1,1,18.6,0,1,0,0,0,0,0,1,0,0,0,1
Jermaine Couisnard,South Carolina,2019-20,20.0,57,148,15,59,23,39,38,12,2,11,26,36,17.58,63,160,21,62,50,71,51,11,2,11,35,28
Jermaine Fraser,Farmingdale State,2019-20,20.0,1,2,0,0,0,0,0,0,1,0,3,1,14.73,0,1,0,1,0,2,0,0,0,0,0,0
Jermaine Haley,West Virginia,2019-20,0.0,49,96,3,12,10,23,27,12,2,30,38,24,17.93,46,80,2,7,40,57,25,16,2,22,27,26
Jermaine Hamlin,Illinois,2019-20,20.0,1,2,0,0,1,3,0,1,0,3,2,1,20.0,2,3,0,0,0,0,1,0,1,1,1,3
Jermaine Harris,Rhode Island,2019-20,20.0,34,88,3,16,26,34,14,8,1,17,29,21,16.92,17,37,0,9,21,30,2,5,3,16,20,10
Jermaine Henderson,SW Christian Univ,2019-20,20.0,1,1,0,0,0,0,0,0,0,0,1,0,14.77,0,0,0,0,1,2,0,0,0,0,1,0
Jermaine Jackson Jr,Long Island University,2019-20,20.0,0,0,0,0,0,0,27,0,0,0,0,0,20.0,0,0,0,0,0,0,22,0,0,0,0,0
Jermaine Jackson Jr.,Long Island University,2019-20,20.0,24,60,11,35,15,17,0,5,0,0,14,14,20.0,33,86,20,51,17,20,0,7,0,2,2,12
Jermaine Marrow,Hampton,2019-20,20.0,118,279,38,119,65,89,96,16,1,6,34,47,14.88,95,244,20,74,119,149,81,18,1,14,32,38
Jermaine Miranda,Hofstra,2019-20,0.0,1,2,0,1,2,2,0,3,0,3,2,0,17.92,2,4,0,0,0,0,0,0,0,0,3,0
Jermaine Samuels,Villanova,2019-20,20.0,50,110,15,54,26,40,29,12,13,18,74,19,14.93,52,117,15,60,41,53,32,15,7,21,47,20
Jermualle Norwood,Champion Christian College,2019-20,20.0,1,8,1,4,4,4,2,1,0,0,4,7,14.98,0,7,0,5,4,6,2,1,0,0,6,4
Jerome Derosiers,,2019-20,3.78,0,3,0,3,0,0,3,0,0,0,1,0,0.0,0,1,0,1,0,0,0,0,0,0,0,0
Jerome Desrosiers,Princeton,2019-20,20.0,31,60,17,41,5,8,7,3,1,5,30,7,19.47,17,34,9,21,8,9,7,4,2,4,21,2
Jerome Hunter,Indiana,2019-20,20.0,18,49,12,33,9,13,4,5,4,4,24,9,14.92,14,42,6,24,13,17,4,5,2,9,18,12
Jerome Johnson,Defiance,2019-20,0.0,0,0,0,0,0,0,0,0,0,0,0,0,14.92,1,3,1,3,0,0,1,0,0,0,1,1
Jerome Savoy,Pfeiffer,2019-20,20.0,1,3,1,1,2,2,1,0,1,1,1,0,14.97,0,2,0,1,0,0,0,0,0,0,0,0
Jeromy Rodriguez,East Tennessee State,2019-20,20.0,34,59,0,0,18,27,14,10,3,25,46,19,14.97,37,53,0,1,11,20,8,8,6,25,35,19
Jeron Artest,UC Irvine,2019-20,19.98,16,44,9,29,2,3,14,11,0,5,10,10,20.0,16,49,9,30,3,6,4,6,1,4,17,8
Jerrell Doorbal,Wiley,2019-20,20.0,1,3,0,0,0,1,0,0,0,2,6,3,14.95,3,4,0,0,1,3,0,1,1,4,2,3
Jerrick Harding,Weber State,2019-20,20.0,101,222,34,96,25,29,40,13,1,7,23,37,17.7,118,227,26,80,66,78,21,12,3,6,41,39
Jerrod Rigby,Southern Miss,2019-20,0.0,0,0,0,0,0,0,0,0,0,0,1,2,14.8,0,1,0,0,0,0,1,0,0,0,0,1
Jerry Goodman,Randolph College,2019-20,20.0,2,5,1,2,0,0,0,1,0,0,0,0,15.12,1,2,0,1,2,2,1,0,0,0,0,0
Jerry Higgins III,The Citadel,2019-20,20.0,0,0,0,0,0,0,5,2,0,1,2,0,18.35,3,9,2,5,2,2,1,3,0,0,1,3
Jerry Johnson Jr,Arkansas State,2019-20,20.0,0,0,0,0,0,0,25,0,0,0,0,0,14.93,0,0,0,0,0,0,23,0,0,0,0,0
Jerry Johnson Jr.,Arkansas State,2019-20,20.0,30,90,21,63,29,32,0,6,0,5,33,27,17.73,43,112,29,76,36,43,0,11,0,3,20,13
Jervae Robinson,Washington State,2019-20,20.0,33,91,22,57,6,7,24,15,3,9,39,17,15.05,27,68,13,39,7,9,18,10,1,6,31,15
Jervay Green,,2019-20,2.47,29,81,10,42,5,9,24,12,2,7,41,21,0.0,39,93,12,41,6,19,21,10,1,6,36,23
Jervon Walker,Reinhardt,2019-20,0.0,0,4,0,0,0,2,2,1,1,1,2,0,14.92,1,7,0,0,0,0,0,1,1,1,1,0
Jesse Edwards,Syracuse,2019-20,0.0,2,4,0,0,4,6,0,1,2,2,5,1,17.9,4,6,0,0,5,8,0,3,4,4,8,3
Jesse Little,American,2019-20,20.0,3,3,0,0,0,0,1,0,0,0,1,0,20.0,0,1,0,0,0,0,0,0,0,0,0,0
Jesse O'Dell,Polytechnic University,2019-20,20.0,1,2,0,0,1,2,0,0,0,0,1,0,14.73,2,3,0,0,2,2,0,0,0,0,2,0
Jesse Rivera,Cairn University,2019-20,20.0,0,2,0,1,0,0,3,1,0,0,0,1,14.98,1,1,1,1,0,0,0,0,0,0,0,2
Jessy Haynes,Carver Bible College,2019-20,20.0,11,25,0,0,4,7,0,3,1,10,11,8,14.93,5,15,0,0,3,3,4,3,1,3,9,5
Jesus Carralero,Campbell,2019-20,20.0,22,39,3,13,14,21,23,5,5,9,22,16,20.0,21,51,7,23,5,10,15,2,8,3,16,19
Jesus Castillo,Illinois-Springfield,2019-20,20.0,1,5,1,5,0,0,1,0,0,0,1,1,17.85,1,2,0,1,0,0,0,0,0,0,2,0
Jesus Cruz,Fairfield,2019-20,20.0,49,142,9,33,27,32,18,8,0,19,30,31,20.0,66,140,7,27,23,38,25,11,2,9,44,25
Jesus Hernandez Jr.,,2019-20,6.18,1,2,0,1,0,2,0,0,0,1,3,0,0.0,1,4,0,2,1,2,0,1,0,0,2,1
Jesus Martinez,IU-Kokomo,2019-20,0.0,0,0,0,0,0,0,0,0,0,0,0,0,17.57,2,2,0,0,0,0,0,0,0,0,2,0
Jethro Tshisumpa,Texas Southern,2019-20,0.0,9,26,0,0,2,4,2,1,12,6,12,7,20.0,7,15,0,0,4,8,1,0,9,6,7,6
Jett Canfield,Creighton,2019-20,0.0,1,2,1,2,0,0,1,0,0,0,0,0,20.0,1,1,0,0,0,0,2,0,0,0,1,0
Jett Sternberger,Rogers State,2019-20,20.0,1,3,0,1,0,0,1,1,0,0,0,0,19.15,0,3,0,1,1,1,1,1,0,0,0,0
Jevah Jones,Southeastern Baptist College,2019-20,20.0,4,9,1,3,0,0,1,1,0,1,3,3,14.88,4,7,1,2,0,0,1,2,0,0,1,0
Jevon Brown,Binghamton,2019-20,20.0,7,16,3,7,2,5,1,3,1,1,8,3,17.92,4,17,0,6,7,12,2,2,2,6,6,1
Jevon Smith,Jackson State,2019-20,20.0,4,7,1,1,0,0,0,0,0,2,1,1,15.52,2,6,0,1,0,0,0,0,0,2,1,2
Jhery Matos,Dayton,2019-20,20.0,6,23,4,16,1,2,11,2,3,3,11,6,20.0,2,9,1,7,1,2,5,2,1,0,4,7
Jhivvan Jackson,UTSA,2019-20,20.0,129,289,50,138,28,34,40,19,3,13,65,39,17.8,116,277,53,141,78,93,27,23,3,12,65,36
Jhonny Lutula,Carver Bible College,2019-20,20.0,3,13,0,1,0,2,1,0,0,3,3,5,14.93,5,13,1,4,5,5,5,1,0,2,0,3
Jibrael Washington,Wayland Baptist University,2019-20,20.0,1,1,0,0,0,0,0,0,1,2,2,0,14.88,0,0,0,0,0,0,0,0,1,1,0,0
Jibri Blount,North Carolina Central,2019-20,20.0,99,174,12,37,40,55,16,23,6,31,70,39,20.0,74,155,8,24,60,83,19,23,7,28,97,35
Jihar Williams,William & Mary,2019-20,20.0,1,7,1,6,0,0,2,0,2,1,1,3,18.1,4,8,1,4,1,2,1,1,0,0,2,0
Jimbo Lull,San Francisco,2019-20,20.0,75,126,5,16,29,37,20,6,8,35,83,25,14.92,62,115,3,10,35,48,13,13,15,39,70,26
Jimmy Bell Jr,Saint Louis,2019-20,20.0,0,0,0,0,0,0,4,0,0,0,0,0,20.0,0,0,0,0,0,0,1,0,0,0,0,0
Jimmy Bell Jr.,Saint Louis,2019-20,0.0,24,56,0,0,22,37,2,5,5,37,20,20,20.0,14,23,0,0,13,19,1,3,3,15,16,4
Jimmy Boeheim,Cornell,2019-20,20.0,55,135,13,50,25,35,24,9,6,14,37,21,17.92,48,117,16,47,26,37,12,3,2,8,39,14
Jimmy Clark III,VCU,2019-20,20.0,4,13,2,6,2,2,6,2,0,2,3,2,19.28,6,12,1,4,2,5,5,2,1,0,4,5
Jimmy Nichols Jr,Providence,2019-20,0.0,0,0,0,0,0,0,1,0,0,0,0,0,14.87,0,0,0,0,0,0,1,0,0,0,0,0
Jimmy Nichols Jr.,Providence,2019-20,20.0,4,8,0,2,1,3,0,1,1,0,5,3,14.87,0,1,0,1,0,0,0,0,1,1,3,1
Jimmy Ratliff,Siena,2019-20,20.0,0,6,0,4,0,0,0,0,0,1,1,0,17.67,1,3,0,1,0,0,1,0,0,2,2,0
Jimmy Rodriguez,Life Pacific,2019-20,20.0,3,7,0,1,0,0,0,0,0,0,2,0,14.73,3,8,0,0,0,0,1,0,1,4,2,1
Jimmy Sotos,Bucknell,2019-20,20.0,50,145,21,63,22,26,59,21,6,8,51,41,20.0,72,155,34,83,50,66,64,30,9,4,49,47
Jimmy Whitt Jr,Arkansas,2019-20,20.0,0,0,0,0,0,0,18,0,0,0,0,0,14.97,0,0,0,0,0,0,34,0,0,0,0,0
Jimmy Whitt Jr.,Arkansas,2019-20,20.0,87,181,0,2,26,43,3,16,8,19,57,18,14.97,75,148,0,0,51,65,3,22,6,17,52,15
Jiovanni Miles,Green Bay,2019-20,20.0,4,6,3,4,0,0,3,1,0,1,3,0,14.97,1,3,0,1,1,1,0,0,0,0,0,0
Jj Johnson,,2019-20,0.0,0,0,0,0,0,0,0,0,0,0,0,1,0.0,0,0,0,0,0,0,0,0,0,0,0,0
Jo Griffin,KY Wesleyan,2019-20,20.0,0,9,0,6,0,0,2,0,1,0,8,2,14.83,2,3,0,0,0,0,1,1,0,0,2,0
Jo Phillips,Champion Christian College,2019-20,0.0,0,1,0,0,2,3,0,0,0,1,0,2,14.98,2,3,0,0,0,0,0,0,0,1,0,0
Jo'Vontae Millner,Middle Tennessee,2019-20,0.0,20,47,6,19,8,10,6,4,1,18,17,21,20.0,16,39,6,15,11,16,7,2,2,12,20,7
JoJo Anderson,Albany,2019-20,20.0,4,10,2,5,2,4,0,2,0,0,6,2,20.0,0,3,0,2,0,0,1,0,0,0,1,2
JoJo Walker,Portland,2019-20,20.0,42,110,17,56,20,30,33,7,1,4,44,31,14.98,55,149,29,86,56,79,39,9,2,3,38,22
Joan Sola,Antelope Valley,2019-20,20.0,0,0,0,0,1,2,0,0,0,0,1,1,17.9,0,0,0,0,0,0,0,0,0,0,1,1
Joante Avery,,2019-20,12.28,0,1,0,1,0,0,0,0,0,1,3,0,0.0,0,0,0,0,0,0,0,0,0,0,0,0
Job Alexander,Cal Poly,2019-20,20.0,20,43,1,2,14,24,24,9,2,11,14,13,18.25,22,41,1,1,15,22,18,12,1,4,11,13
Jock Perry,Saint Mary's,2019-20,20.0,10,19,0,3,7,9,3,1,2,7,9,5,19.82,8,10,0,0,0,0,1,1,0,3,5,0
Joe Bryant Jr,Norfolk State,2019-20,20.0,0,0,0,0,0,0,23,0,0,0,0,0,14.92,0,0,0,0,0,0,21,0,0,0,0,0
Joe Bryant Jr.,Norfolk State,2019-20,20.0,40,122,16,60,18,19,1,19,2,14,24,25,14.92,51,118,20,57,37,41,3,21,1,15,36,20
Joe Conley,North Greenville,2019-20,20.0,2,2,0,0,1,2,1,0,1,1,7,2,14.83,1,1,0,0,0,2,1,0,0,0,2,0
Joe Dotson,Christendom,2019-20,20.0,3,6,2,3,0,1,1,0,0,0,4,14,14.98,2,8,2,6,0,0,0,1,0,0,0,6
Joe French,Bethune-Cookman,2019-20,0.0,29,64,19,41,4,4,0,3,1,4,16,7,14.88,27,56,21,44,7,8,3,4,1,0,11,7
Joe Girard III,Syracuse,2019-20,20.0,1,3,1,2,0,0,1,0,0,0,0,1,17.9,0,3,0,2,0,0,1,0,0,0,0,1
Joe Hedstrom,Wisconsin,2019-20,20.0,0,1,0,0,0,0,0,0,0,0,0,0,18.28,0,0,0,0,0,0,0,0,0,0,0,1
Joe Hugley,East Tennessee State,2019-20,20.0,26,56,9,27,21,24,5,5,3,14,17,16,14.9,19,44,7,18,18,30,3,1,2,9,21,6
Joe Jones III,Georgia State,2019-20,20.0,27,56,0,0,10,12,3,3,7,24,35,11,14.9,16,30,0,0,11,23,1,3,9,12,34,4
Joe Miller,Southwest Baptist,2019-20,20.0,4,6,3,4,0,0,1,1,0,0,2,0,18.18,3,6,1,3,0,0,0,0,0,0,4,1
Joe Mooney,UC Davis,2019-20,20.0,53,128,28,81,17,21,22,12,2,5,37,18,14.75,79,150,35,85,56,60,18,14,2,6,38,25
Joe Morici,Bryn Athyn,2019-20,20.0,0,1,0,0,0,0,0,0,1,2,0,2,15.02,1,1,0,0,0,0,0,0,0,0,0,1
Joe Pleasant,Abilene Christian,2019-20,18.6,40,83,5,13,26,37,10,7,2,22,37,24,20.0,59,104,9,17,31,44,7,6,1,18,19,17
Joe Pridgen,Holy Cross,2019-20,20.0,94,178,5,11,36,59,26,13,8,22,76,47,15.55,99,172,6,14,48,86,38,12,6,26,68,56
Joe Rogers,,2019-20,0.0,0,0,0,0,0,0,0,0,0,0,1,0,0.0,0,0,0,0,0,0,0,0,0,0,1,1
Joe Russell,Shorter,2019-20,20.0,1,5,1,5,0,0,0,2,0,0,1,1,14.85,1,1,1,1,0,0,1,0,0,0,0,1
Joe Schriner,Franciscan University,2019-20,20.0,0,5,0,3,0,0,0,0,0,0,2,2,14.87,0,1,0,0,1,2,2,0,0,0,0,1
Joe Toussaint,Iowa,2019-20,20.0,31,75,5,20,18,20,42,16,1,11,23,35,15.32,31,92,4,14,29,37,44,15,1,8,19,26
Joe Toussiant,,2019-20,12.43,1,1,1,1,0,0,0,0,0,0,0,1,0.0,2,3,1,2,0,0,0,2,0,0,0,0
Joe Vernau,Franciscan University,2019-20,20.0,2,3,0,1,0,0,0,0,0,0,1,4,14.87,0,0,0,0,0,0,1,0,0,0,0,1
Joe Wieskamp,Iowa,2019-20,20.0,71,185,35,94,25,29,26,18,6,18,73,21,14.93,71,148,16,54,67,78,23,14,9,27,68,28
Joel Ayayi,Gonzaga,2019-20,20.0,65,131,20,56,11,16,54,21,3,20,81,33,14.88,53,111,17,46,34,39,41,19,4,27,62,16
Joel Brown,California,2019-20,20.0,15,40,3,13,3,7,26,3,1,3,26,10,17.72,9,31,3,9,6,15,22,8,3,0,24,16
Joel De Los Santos,Trinity Baptist,2019-20,20.0,2,6,0,0,3,4,0,1,0,1,4,3,14.98,2,6,1,2,0,0,1,0,0,1,1,0
Joel Kabimba,Stetson,2019-20,20.0,40,81,5,17,18,33,8,3,7,22,34,21,20.0,18,35,2,7,11,22,4,5,6,13,24,23
Joel Martinez,Southwestern,2019-20,20.0,1,3,1,2,1,2,0,0,0,1,2,3,17.17,0,1,0,0,0,0,0,0,0,0,1,1
Joel Mensah,San Diego State,2019-20,0.0,4,8,0,0,1,2,1,1,4,0,6,2,15.33,6,10,0,0,0,0,0,3,2,1,5,1
Joel Soriano,Fordham,2019-20,20.0,18,49,0,0,9,14,7,2,11,32,62,16,20.0,26,45,0,0,13,17,7,10,11,21,57,18
Joel Stutz,Geneva,2019-20,20.0,0,1,0,1,0,2,0,2,0,0,1,2,14.9,0,2,0,2,0,0,0,0,1,0,2,2
Joey Baker,Duke,2019-20,0.0,18,50,7,23,5,5,13,5,3,1,9,9,14.88,29,60,19,41,5,6,4,7,3,1,9,4
Joey Brunk,Indiana,2019-20,20.0,43,96,0,0,11,22,10,3,5,21,63,18,14.92,45,76,0,0,12,32,10,2,5,30,43,14
Joey Buggemi,St. Francis (ILL),2019-20,20.0,0,1,0,1,0,0,1,0,0,0,0,0,17.92,1,1,0,0,0,0,1,1,0,2,1,1
Joey Calcaterra,San Diego,2019-20,19.98,55,138,20,52,10,13,38,14,3,4,45,27,20.0,65,165,30,83,39,48,19,12,1,2,28,20
Joey Glynn,UMass Lowell,2019-20,20.0,5,14,0,0,0,0,2,0,1,2,2,5,18.8,3,7,0,0,1,2,0,1,1,2,2,0
Joey O'Dwyer,Penn State-York,2019-20,20.0,0,2,0,2,0,0,1,0,0,0,0,2,14.85,0,2,0,2,0,0,0,0,0,0,2,0
Joey Reilly,Holy Cross,2019-20,20.0,4,8,1,2,0,1,5,1,0,1,7,7,20.0,2,4,1,1,0,0,6,2,0,0,4,7
Joey Zietlow,Concordia University (WI),2019-20,20.0,1,3,0,0,1,2,1,0,0,1,3,1,18.85,3,6,2,2,1,2,2,1,0,2,2,2
John Aicholtz,Cincinnati Clermont,2019-20,20.0,0,3,0,1,0,0,0,0,0,0,1,1,14.87,0,0,0,0,0,0,0,0,0,0,1,0
John Allen,Brewton-Parker,2019-20,20.0,1,3,1,2,0,0,1,0,1,1,0,4,14.9,2,5,1,1,2,2,0,1,0,0,1,0
John Argue,Le Tourneau,2019-20,0.0,2,4,0,2,0,0,0,2,2,3,1,1,16.37,2,6,0,3,2,3,0,2,0,1,2,1
John Armstead,Penn State Wilkes-Barre,2019-20,0.0,0,0,0,0,0,0,0,0,0,0,1,3,14.67,0,3,0,2,0,0,0,1,0,0,1,0
John Bailey,Christendom,2019-20,0.0,2,9,0,1,0,0,1,0,0,1,1,3,14.98,3,11,1,5,0,0,2,0,0,0,5,1
John Bowen,UNC Wilmington,2019-20,20.0,12,28,1,7,2,7,0,5,1,8,14,5,15.77,6,13,2,6,1,2,2,1,0,3,3,0
John Buggs III,UMass,2019-20,20.0,0,4,0,4,2,2,1,2,0,0,1,1,20.0,0,3,0,2,0,0,0,0,0,0,0,0
John Burwell,William Peace,2019-20,20.0,1,4,0,0,4,5,0,0,0,1,1,2,14.97,1,1,0,0,0,0,1,0,0,1,1,1
John Caldwell,Radford,2019-20,0.0,0,0,0,0,0,0,0,0,0,2,0,0,20.0,0,1,0,1,0,0,0,1,0,0,0,0
John Carter Jr,Navy,2019-20,20.0,0,0,0,0,0,0,16,0,0,0,0,0,20.0,0,0,0,0,0,0,16,0,0,0,0,0
John Carter Jr.,Navy,2019-20,17.27,55,151,29,96,19,23,1,14,1,8,70,34,20.0,49,163,29,106,33,42,0,13,3,16,52,26
John Comeaux,Stephen F. Austin,2019-20,20.0,34,80,11,32,18,21,30,18,2,3,22,18,16.37,34,73,8,22,49,69,27,33,2,9,23,18
John Contant,Olivet Nazarene,2019-20,20.0,2,6,1,3,0,0,0,0,0,2,0,3,20.0,1,3,0,2,1,2,1,0,0,0,2,1
John Crosby,Delaware State,2019-20,20.0,61,138,16,45,20,24,32,12,2,4,40,33,19.78,57,135,14,40,32,41,34,15,0,8,37,40
John Deboise,Lesley University,2019-20,20.0,0,1,0,0,0,0,1,0,1,1,2,0,14.98,0,2,0,0,0,0,1,0,0,0,2,4
John Edgar Jr,UC Irvine,2019-20,19.98,0,0,0,0,0,0,29,0,0,0,0,0,20.0,0,0,0,0,0,0,21,0,0,0,0,0
John Edgar Jr.,UC Irvine,2019-20,19.98,39,87,7,27,18,21,0,16,1,9,51,27,20.0,31,80,5,23,10,14,0,3,0,21,41,21
John Fulkerson,Tennessee,2019-20,20.0,83,129,0,0,43,54,21,16,10,26,61,30,16.22,68,118,1,2,69,94,18,17,17,38,54,27
John Hall,Evansville,2019-20,20.0,34,95,15,49,9,11,10,4,5,6,36,13,20.0,27,67,9,38,6,14,6,6,4,7,39,17
John Harrar,Penn State,2019-20,20.0,21,36,0,1,18,23,14,8,4,38,41,11,14.78,25,37,0,0,20,34,11,9,5,31,30,13
John Johnson,Columbia International,2019-20,20.0,1,5,1,4,0,0,1,1,0,0,0,4,14.95,0,3,0,3,0,0,0,0,0,0,0,0
John Jones,Texas Southern,2019-20,20.0,27,86,15,51,10,12,8,4,1,3,15,20,14.9,35,111,23,69,17,20,10,5,0,5,11,13
John Ketchel,Hawaii Pacific,2019-20,20.0,1,3,0,1,0,0,1,0,0,0,1,1,17.92,1,2,0,1,0,0,1,2,0,1,0,0
John Kiser,Valparaiso,2019-20,20.0,42,82,8,26,15,17,27,21,5,18,47,24,20.0,35,78,18,42,9,11,32,14,5,18,57,11
John Knight III,Southern Utah,2019-20,15.85,51,122,1,10,35,41,44,14,9,11,42,43,20.0,63,126,1,3,70,96,36,12,7,24,31,42
John Matt Merritt,Lipscomb,2019-20,0.0,0,0,0,0,0,0,0,1,0,0,0,0,14.93,2,4,0,1,0,0,1,0,0,0,2,0
John Meeks,Bucknell,2019-20,20.0,56,123,18,44,23,28,14,10,2,16,53,24,20.0,63,135,18,58,28,37,16,13,2,20,69,29
John Misel,Puget Sound,2019-20,20.0,0,4,0,2,0,0,0,0,0,1,0,2,14.95,2,6,1,2,0,0,1,0,0,2,2,0
John Mooney,Notre Dame,2019-20,20.0,92,201,9,44,30,42,24,17,11,63,136,21,20.0,86,182,20,58,37,57,26,18,9,41,121,17
John Nalty,Pacific Union,2019-20,20.0,1,6,0,2,0,0,0,0,0,0,1,0,14.98,1,2,0,0,0,0,0,0,0,0,0,0
John Newman III,Clemson,2019-20,20.0,49,104,15,38,31,37,36,20,4,5,49,22,20.0,43,111,12,48,24,38,27,11,10,11,50,19
John Noce,Franciscan University,2019-20,20.0,0,1,0,0,0,0,1,0,0,1,0,0,14.87,1,1,0,0,2,3,1,1,0,0,0,1
John Norvel,Northwestern State,2019-20,20.0,5,10,2,3,5,6,8,1,0,3,2,4,14.92,7,22,3,10,9,11,7,5,0,2,10,5
John Ogwuche,Kennesaw State,2019-20,0.0,0,1,0,1,1,2,0,0,0,0,1,0,14.72,1,5,0,3,2,3,1,2,0,0,4,0
John Ojiako,Virginia Tech,2019-20,20.0,18,26,0,0,4,8,0,1,13,17,30,10,14.87,6,15,0,0,5,9,2,4,5,13,13,4
John Paine,Menlo,2019-20,20.0,4,7,1,1,0,0,1,1,0,0,0,1,17.82,4,7,0,1,2,4,0,0,0,0,0,1
John Pennefather,Christendom,2019-20,20.0,2,6,0,2,0,0,0,0,0,0,1,4,14.98,1,6,0,4,0,0,0,0,0,0,0,0
John Pettway,South Alabama,2019-20,20.0,16,36,0,0,12,16,7,14,0,4,11,13,19.37,27,42,1,2,14,23,12,19,3,5,7,15
John Petty Jr,Alabama,2019-20,0.0,0,0,0,0,0,0,28,0,0,0,0,0,20.0,0,0,0,0,0,0,24,0,0,0,0,0
John Petty Jr.,Alabama,2019-20,20.0,69,153,45,102,19,33,9,19,9,22,66,37,20.0,48,113,24,67,27,38,9,12,9,14,69,31
John Rigatti,Pacific Oregon,2019-20,20.0,2,2,1,1,0,0,0,0,0,0,0,1,14.8,1,2,1,1,0,0,1,0,0,0,0,0
John Scully,Army,2019-20,20.0,6,13,5,12,0,0,0,0,0,0,1,0,14.93,2,6,2,6,0,0,0,0,0,0,1,0
John Stansbury,Delaware State,2019-20,20.0,11,25,2,9,10,16,12,3,1,0,16,10,19.78,12,28,1,8,11,13,9,10,1,6,20,12
John Tenerowicz,Ohio,2019-20,0.0,0,0,0,0,0,0,0,0,0,0,0,0,14.98,0,2,0,2,0,0,0,0,0,0,0,0
John Tonje,Colorado State,2019-20,20.0,20,43,12,25,6,12,5,3,0,5,15,6,19.97,11,23,7,17,8,10,4,1,0,0,10,6
John Walker III,Texas Southern,2019-20,20.0,12,39,1,7,8,13,4,5,8,6,17,13,14.9,15,31,0,2,10,13,3,6,1,10,17,9
John Werner Jr.,Gallaudet University,2019-20,0.0,0,0,0,0,0,0,0,0,0,0,0,0,14.92,0,3,0,2,0,0,0,1,0,0,0,1
John Yaeger,,2019-20,6.03,4,6,0,0,0,0,0,0,0,1,2,2,0.0,4,5,0,0,0,0,0,1,0,0,4,1
John-Anthony Di Tullio,Trinity University (TX),2019-20,20.0,1,1,0,0,0,0,0,0,0,0,0,0,14.88,2,4,2,3,0,1,1,2,0,0,0,0
John-Michael Hughes,High Point,2019-20,20.0,1,8,0,7,1,1,3,0,0,0,2,1,17.82,1,4,1,4,0,0,1,0,0,0,1,0
John-Michael Mulloy,Butler,2019-20,20.0,0,2,0,0,2,2,2,0,1,3,2,4,14.88,1,1,0,0,0,0,0,0,0,0,3,0
John-Michael Wright,High Point,2019-20,20.0,64,160,26,73,22,30,33,13,4,15,58,21,14.97,61,166,22,82,58,76,34,16,5,23,48,24
Johnatan Reyes-Valdez,Oklahoma Christian,2019-20,20.0,2,5,1,3,2,2,2,0,0,0,0,1,14.88,0,0,0,0,0,0,2,1,0,0,0,0
Johnathon Gillespie,Penn State-York,2019-20,20.0,2,3,2,3,4,4,1,0,0,1,0,2,14.85,3,4,2,3,0,0,1,0,0,0,1,1
Johncarlos Reyes,Nevada,2019-20,20.0,27,58,0,0,8,16,11,2,16,29,39,18,20.0,26,44,0,0,14,20,4,4,12,20,34,14
Johnell Lane,Xavier LA,2019-20,0.0,0,1,0,1,0,0,0,0,0,0,0,0,20.0,3,5,2,4,0,0,0,0,0,0,1,2
Johnny Flynn,,2019-20,3.38,1,3,1,3,0,0,0,0,0,0,1,1,0.0,0,0,0,0,0,0,0,0,0,0,0,1
Johnny Juzang,Kentucky,2019-20,20.0,18,48,10,30,6,6,5,2,0,6,23,8,14.93,11,27,4,11,4,6,4,3,2,7,14,6
Johnny McCants,New Mexico State,2019-20,19.93,54,97,17,41,15,28,31,15,8,32,63,16,14.97,46,74,9,24,15,30,22,11,5,26,53,17
Johnny McCoy,Delaware,2019-20,20.0,12,21,7,12,4,6,8,3,1,4,15,5,17.8,7,12,1,2,2,4,1,6,2,5,18,3
Johnny Mccoy,Delaware,2019-20,20.0,0,2,0,0,0,0,0,1,0,0,1,1,14.93,0,2,0,2,0,0,1,0,0,1,2,0
Johnny Wang,CSU Fullerton,2019-20,20.0,15,32,0,1,9,11,5,2,0,11,23,7,17.67,18,31,2,5,12,13,0,0,2,9,19,7
Johnson & Wales (CO),,2019-20,0.0,0,0,0,0,0,0,0,0,0,2,2,0,0.0,0,0,0,0,0,0,0,0,0,5,1,0
Johnson & Wales (NC),,2019-20,0.0,0,0,0,0,0,0,0,0,0,0,3,0,0.0,0,0,0,0,0,0,0,0,0,3,2,1
Johnson & Wales (RI),,2019-20,0.0,0,0,0,0,0,0,0,0,0,4,3,0,0.0,0,0,0,0,0,0,0,0,0,2,1,0
Johnson University Florida,,2019-20,0.0,0,0,0,0,0,0,0,0,0,1,1,0,0.0,0,0,0,0,0,0,0,0,0,4,0,1
Johquin Wiley,Delaware State,2019-20,20.0,34,94,15,55,22,29,22,8,0,5,28,29,19.78,28,77,12,43,15,19,29,11,0,7,25,13
Jojo Neal,Whittier,2019-20,20.0,1,1,0,0,0,0,0,0,0,0,0,0,14.75,0,0,0,0,0,0,0,0,0,0,0,0
Jomaru Brown,Eastern Kentucky,2019-20,20.0,84,219,23,70,29,38,36,34,3,11,49,75,18.12,95,227,17,51,79,109,43,22,2,8,42,58
Jon Allen,Bob Jones University,2019-20,20.0,1,1,1,1,0,0,1,0,0,0,1,0,17.18,0,1,0,0,0,0,0,0,0,0,1,0
Jon Axel Gudmundsson,Davidson,2019-20,20.0,62,136,32,82,29,32,68,19,0,7,95,40,20.0,64,162,25,81,71,95,58,16,1,11,91,26
Jon Bailey,Wisconsin Lutheran,2019-20,20.0,0,1,0,0,0,0,0,0,0,0,1,0,14.83,0,0,0,0,0,0,0,0,0,0,0,0
Jon Brown,Tennessee State,2019-20,20.0,22,46,2,13,2,7,7,5,2,6,34,17,14.95,19,38,5,10,5,10,6,2,2,6,28,15
Jon Ciriacks,Wisconsin-Stout,2019-20,20.0,1,3,1,3,0,0,0,2,0,0,2,5,14.93,0,0,0,0,0,0,0,0,0,0,0,0
Jon Hovermale,Siena Heights,2019-20,20.0,0,1,0,1,0,0,0,0,0,0,1,0,14.9,3,7,2,6,0,0,1,0,0,1,1,0
Jon Jossell,Vanderbilt,2019-20,20.0,0,1,0,1,0,0,0,2,0,0,1,0,14.82,0,0,0,0,0,0,0,0,0,0,2,0
Jon Nabors,,2019-20,0.0,0,0,0,0,0,0,0,0,0,0,0,3,0.0,0,0,0,0,0,0,0,0,0,0,0,0
Jon Teske,Michigan,2019-20,20.0,67,147,9,30,23,37,25,21,24,23,74,24,20.0,54,116,6,31,33,42,9,10,30,34,60,18
Jon Werner,Nazareth,2019-20,20.0,1,2,0,0,0,0,1,0,1,1,2,0,14.97,0,0,0,0,0,0,0,0,0,0,0,0
Jon Williams,Robert Morris,2019-20,20.0,36,97,29,69,3,4,70,11,0,1,29,23,20.0,28,78,22,61,13,19,60,14,0,4,20,32
Jonah Antonio,UNLV,2019-20,20.0,29,93,27,87,0,0,10,9,2,6,23,7,18.22,25,82,23,71,3,6,9,4,2,1,28,4
Jonah Cottrell,California Merced,2019-20,20.0,0,2,0,1,0,0,1,0,0,0,0,1,14.87,0,0,0,0,0,0,0,0,0,0,0,0
Jonah Jackson,Drake,2019-20,20.0,44,106,44,100,7,8,6,4,1,4,12,2,15.35,17,54,17,54,0,0,3,0,0,0,7,7
Jonah Larson,Mount Marty,2019-20,20.0,3,4,2,3,0,0,0,0,1,0,2,1,18.98,2,5,2,5,0,0,0,0,0,0,0,1
Jonah Mathews,USC,2019-20,20.0,53,153,23,74,27,32,26,20,2,4,38,22,14.58,66,153,38,89,47,68,28,18,3,4,28,22
Jonah Radebaugh,Northern Colorado,2019-20,20.0,89,165,22,50,20,23,82,25,2,14,59,40,15.58,74,170,19,48,39,52,75,17,3,17,70,23
Jonah Simpson,Blue Mountain College,2019-20,20.0,0,4,0,1,1,2,1,0,0,0,3,7,14.77,0,0,0,0,0,0,0,0,0,0,0,0
Jonah Smith,Quincy,2019-20,20.0,8,16,5,12,2,3,1,2,0,0,6,4,20.0,3,10,2,9,2,2,1,1,0,2,4,3
Jonah Tolmaire,Vanguard,2019-20,20.0,0,3,0,1,1,2,2,1,0,1,1,2,20.0,5,6,1,2,1,3,4,0,0,1,2,1
Jonas Harper,Boston University,2019-20,20.0,39,88,22,56,7,11,27,15,3,4,36,6,20.0,39,103,25,79,11,14,15,17,2,1,23,7
Jonas James,Jackson State,2019-20,20.0,39,98,8,21,23,33,44,16,2,4,20,23,15.52,42,87,6,18,31,43,34,9,2,5,27,45
Jonas Parker,Montevallo,2019-20,20.0,1,2,0,0,0,0,0,0,0,0,0,2,19.52,0,5,0,1,2,2,0,0,0,1,2,1
Jonas Visser,San Francisco,2019-20,0.0,0,0,0,0,0,0,0,0,0,0,0,1,14.88,0,1,0,0,0,0,1,0,0,0,0,0
Jonathan Akharoh,Bethesda,2019-20,20.0,2,3,0,1,4,5,1,0,1,0,2,0,14.88,2,5,1,3,1,2,0,1,0,0,0,1
Jonathan Aku,Texas A&M,2019-20,20.0,5,10,0,0,4,8,4,3,4,16,19,11,18.83,5,12,0,0,3,4,3,3,5,14,17,6
Jonathan Baehre,Clemson,2019-20,20.0,0,1,0,1,0,0,0,0,0,0,5,4,17.87,0,1,0,1,0,0,0,0,0,1,1,1
Jonathan Brown,Fresno Pacific,2019-20,20.0,2,4,0,1,0,0,0,0,0,1,1,2,14.85,0,1,0,1,0,0,0,0,0,0,1,1
Jonathan Chapotin,San Diego Christian,2019-20,20.0,0,1,0,0,0,0,0,0,0,1,1,4,14.97,0,0,0,0,0,0,0,2,0,0,1,1
Jonathan Dos Anjos,Loyola Marymount,2019-20,20.0,16,42,3,10,8,12,6,5,4,10,22,11,14.8,20,38,1,8,12,21,1,7,2,12,17,6
Jonathan Harewood,Gannon,2019-20,20.0,0,1,0,0,0,0,0,0,0,0,2,0,17.83,1,1,0,0,0,0,0,0,0,0,0,0
Jonathan Hill,Westcliff,2019-20,20.0,1,4,0,2,0,0,2,1,0,1,3,2,14.8,1,6,1,2,0,0,1,1,0,0,2,1
Jonathan Jackson,Prairie View A&M,2019-20,20.0,9,26,0,0,10,12,2,5,5,8,11,5,14.53,9,17,0,0,10,15,8,4,6,10,13,6
Jonathan Laurent,Oklahoma State,2019-20,0.0,22,54,3,23,5,9,5,7,0,17,37,17,20.0,27,56,7,21,30,36,7,3,4,14,13,15
Jonathan Noel,,2019-20,0.0,0,0,0,0,0,0,0,0,0,0,0,0,0.0,0,0,0,0,0,0,0,0,0,0,1,0
Jonathan Nunez,Florida International,2019-20,20.0,3,3,1,1,0,0,0,0,0,0,0,2,14.97,1,2,0,1,0,0,1,0,0,0,0,0
Jonathan Park,Nazareth,2019-20,20.0,2,3,0,0,0,0,0,0,1,1,2,0,14.97,0,1,0,0,0,0,0,0,0,0,0,0
Jonathan Scott,Chattanooga,2019-20,20.0,17,38,13,30,5,7,12,0,0,4,15,9,20.0,19,38,14,25,10,17,11,3,0,10,19,17
Jonathan Watts,Willamette,2019-20,20.0,5,9,3,6,2,2,0,0,0,1,1,3,14.98,0,3,0,1,0,0,0,0,0,1,1,1
Jonathan Webb,Tennessee Wesleyan,2019-20,20.0,0,2,0,2,0,0,0,0,0,0,0,1,14.77,0,0,0,0,0,0,0,0,0,0,0,0
Jordan Alston,St. Mary's (MD),2019-20,20.0,2,3,1,2,0,0,0,1,0,0,0,1,17.75,0,1,0,1,0,0,0,0,1,0,0,1
Jordan Anderson,St. Louis,2019-20,20.0,3,7,1,4,0,0,1,0,1,1,0,4,14.88,2,3,0,0,0,0,0,2,0,0,0,2
Jordan Andrews,Texas Southern,2019-20,20.0,9,36,5,26,9,10,7,6,3,4,10,9,14.9,8,21,8,20,0,0,4,3,0,1,5,4
Jordan Armstrong,Oberlin College,2019-20,20.0,0,1,0,0,0,0,0,0,0,0,0,1,14.98,0,1,0,0,0,0,0,0,0,0,0,0
Jordan Arroyo,New Mexico,2019-20,20.0,3,4,0,0,2,2,0,1,1,3,5,2,14.88,0,3,0,0,0,0,1,0,1,3,2,0
Jordan Ash,Wright State,2019-20,20.0,22,46,2,6,11,22,27,16,3,9,39,14,20.0,21,43,0,10,14,24,15,6,0,13,20,11
Jordan Balser,San Francisco State,2019-20,20.0,0,1,0,1,0,0,0,0,0,0,0,0,14.97,0,3,0,2,0,0,2,1,0,0,0,0
Jordan Barnes,Indiana State,2019-20,20.0,63,144,32,72,19,24,61,22,3,3,44,25,20.0,47,141,21,63,35,43,34,22,0,4,39,29
Jordan Battle,Johnson University (FL),2019-20,20.0,5,8,0,1,0,0,1,2,1,1,5,0,17.92,2,7,0,1,3,4,1,1,0,1,3,0
Jordan Baum,Chicago,2019-20,20.0,0,1,0,1,0,0,4,0,0,0,2,2,14.9,0,0,0,0,2,2,0,0,0,0,2,2
Jordan Bell,Loyola Marymount,2019-20,20.0,41,106,4,31,10,14,28,18,17,16,45,19,14.8,48,97,8,28,17,28,16,12,10,12,58,14
Jordan Berry,Concordia Texas,2019-20,20.0,0,2,0,2,0,0,0,0,0,0,1,0,14.75,1,3,1,2,0,0,1,0,0,0,5,1
Jordan Blount,UIC,2019-20,20.0,40,72,1,6,8,12,7,8,3,11,25,25,20.0,15,35,0,1,17,29,13,7,1,15,33,19
Jordan Bohannon,Iowa,2019-20,20.0,11,42,8,27,2,2,20,7,0,0,8,5,14.93,12,38,11,31,12,12,12,1,0,1,7,5
Jordan Bowden,Tennessee,2019-20,20.0,70,167,30,90,28,37,48,17,7,6,52,29,16.22,65,182,17,71,64,75,35,12,3,10,53,22
Jordan Bradley,Urbana,2019-20,20.0,0,2,0,1,0,0,0,0,0,1,0,4,14.77,3,6,1,2,0,0,0,1,0,0,0,1
Jordan Brennan,Northland College,2019-20,20.0,0,2,0,2,0,0,0,0,0,1,0,0,14.95,0,2,0,1,0,0,0,0,0,0,0,0
Jordan Brinson,UAB,2019-20,20.0,15,51,6,21,4,10,17,7,4,13,34,6,18.98,17,31,2,10,7,19,15,9,4,9,27,12
Jordan Bruner,Yale,2019-20,16.27,60,122,17,48,24,28,47,13,23,26,110,37,20.0,47,114,12,41,24,31,47,16,19,20,89,28
Jordan Buchanan,Kentucky Christian,2019-20,20.0,0,2,0,0,0,0,3,0,0,1,0,2,14.92,0,0,0,0,0,0,0,0,0,0,0,0
Jordan Burns,Colgate,2019-20,20.0,73,205,40,112,20,23,78,25,4,6,36,41,20.0,83,184,44,108,47,63,67,26,0,9,44,32
Jordan Bushrod,Delaware State,2019-20,20.0,0,2,0,2,0,0,0,0,0,0,0,0,20.0,0,0,0,0,0,0,0,0,0,0,0,0
Jordan Byrd,Pfeiffer,2019-20,20.0,1,1,0,0,0,0,0,0,0,0,1,0,14.97,1,1,0,0,0,2,0,0,0,0,1,1
Jordan Campbell,Fresno State,2019-20,20.0,9,26,1,8,4,6,4,1,1,2,7,6,17.97,3,15,0,3,0,0,1,0,0,0,4,6
Jordan Cintron,Longwood,2019-20,20.0,34,70,5,9,25,37,6,22,10,35,68,17,16.5,24,60,1,8,29,39,11,18,7,22,53,7
Jordan Coffin,East Tennessee State,2019-20,0.0,0,0,0,0,0,0,0,0,0,0,0,0,14.9,1,1,0,0,0,0,0,0,0,0,0,0
Jordan Cohen,Lehigh,2019-20,20.0,64,159,19,50,21,25,64,16,1,6,42,21,14.98,76,163,23,58,53,63,51,22,2,13,42,32
Jordan Coleman,Army,2019-20,20.0,0,8,0,2,0,0,9,1,1,0,7,2,14.97,6,10,2,3,1,2,5,3,2,1,8,4
Jordan Cooke-Harper,Sacramento State,2019-20,20.0,1,7,0,0,0,0,0,0,2,4,6,3,14.93,2,5,0,0,0,3,2,0,8,3,8,1
Jordan Dallas,Seattle,2019-20,20.0,17,44,10,26,6,8,0,3,8,7,27,7,14.82,14,30,9,22,3,3,0,0,4,3,10,1
Jordan Dartis,Ohio,2019-20,20.0,65,154,47,115,20,22,20,16,0,6,25,13,17.87,47,129,32,89,28,36,16,13,2,5,25,11
Jordan Dingle,Pennsylvania,2019-20,20.0,41,99,17,51,5,9,20,6,0,5,28,21,20.0,62,135,27,75,23,41,20,7,1,9,21,32
Jordan Doss,Purdue Northwest,2019-20,20.0,2,3,1,2,2,2,0,0,0,1,2,3,20.0,0,1,0,1,0,0,0,0,0,0,1,1
Jordan Foote,Piedmont,2019-20,20.0,3,8,2,4,0,2,3,2,0,0,1,1,14.97,0,0,0,0,0,0,0,0,0,0,0,0
Jordan Ford,Saint Mary's,2019-20,18.55,120,236,43,101,21,26,41,22,1,5,27,24,20.0,119,243,32,82,70,82,26,19,0,11,45,21
Jordan Gibson,Presbyterian,2019-20,0.0,1,1,0,0,0,0,0,0,0,0,5,2,14.68,0,4,0,2,0,0,1,1,0,0,2,1
Jordan Giles,UMKC,2019-20,20.0,48,84,8,21,23,27,19,8,6,8,30,25,17.95,48,96,6,19,36,48,16,7,8,11,37,15
Jordan Goldwire,Duke,2019-20,20.0,32,62,10,27,2,3,43,21,5,7,27,14,20.0,17,39,6,16,5,10,23,22,0,9,28,13
Jordan Goodwill,Haskell,2019-20,20.0,2,2,0,0,0,0,1,1,0,1,1,1,14.92,0,1,0,0,0,0,1,0,0,0,0,1
Jordan Goodwin,Saint Louis,2019-20,20.0,98,211,14,41,38,62,46,31,6,52,104,41,16.05,86,181,3,23,36,75,49,30,1,50,109,51
Jordan Gorman,Detroit Mercy,2019-20,20.0,8,37,5,24,2,2,8,5,0,2,4,5,15.82,8,29,7,21,2,2,5,4,0,1,4,5
Jordan Grant,Emory & Henry,2019-20,20.0,2,3,2,2,0,0,1,0,0,0,0,1,14.93,1,3,0,2,1,2,0,1,0,0,0,1
Jordan Griffin,Long Beach State,2019-20,20.0,9,36,5,24,6,8,5,4,2,2,6,7,20.0,21,39,13,25,7,7,2,3,0,0,12,4
Jordan Haggard,Nazareth,2019-20,20.0,0,1,0,0,0,0,1,0,0,0,0,1,14.97,2,3,0,0,0,0,0,0,0,0,0,1
Jordan Hairston,Texas A&M-CC,2019-20,20.0,47,109,22,58,7,11,15,10,2,6,26,24,20.0,60,123,24,48,30,35,16,14,0,4,15,28
Jordan Hardwick,Coppin State,2019-20,0.0,3,10,0,3,0,0,1,2,2,4,7,3,20.0,1,6,0,2,3,4,0,1,2,6,5,3
Jordan Harris,Georgia,2019-20,10.0,28,56,4,22,10,14,8,11,3,16,23,21,20.0,24,52,7,22,15,18,13,14,6,10,34,15
Jordan Henderson,Canisius,2019-20,20.0,38,101,14,48,10,11,32,13,2,10,25,24,14.9,51,99,22,51,14,20,21,9,1,7,20,18
Jordan Jackson,UT Rio Grande Valley,2019-20,20.0,65,147,13,46,35,40,33,19,7,8,33,37,19.45,76,159,15,40,64,74,21,21,4,9,25,32
Jordan Johnson,Concordia University (WI),2019-20,20.0,10,24,2,5,8,10,5,0,1,2,4,5,18.85,6,24,2,9,0,0,4,1,1,1,8,3
Jordan Jones,Cornell,2019-20,20.0,58,124,11,35,16,24,16,9,6,22,60,31,17.92,64,134,7,23,43,63,11,11,15,23,46,26
Jordan King,Siena,2019-20,20.0,19,63,14,40,3,3,12,6,1,6,12,9,17.67,23,48,18,36,5,6,4,6,0,1,12,8
Jordan Kunney,Oberlin College,2019-20,20.0,0,0,0,0,0,0,1,0,0,0,0,0,14.98,0,0,0,0,0,0,0,0,0,0,0,1
Jordan Lathon,UTEP,2019-20,20.0,23,73,8,40,12,18,43,13,3,7,58,23,16.6,20,73,7,40,18,24,40,16,7,5,55,25
Jordan Lippman,Trinity University (TX),2019-20,20.0,3,6,1,2,0,0,0,0,0,0,1,2,14.88,0,1,0,0,0,0,0,0,0,0,2,1
Jordan Love,,2019-20,0.0,14,45,4,14,9,17,11,5,1,7,9,13,19.0,13,32,1,5,9,14,5,1,1,4,12,10
Jordan Lyons,Mississippi Valley State,2019-20,20.0,100,232,43,123,36,48,38,27,4,15,84,51,14.87,97,212,34,109,96,120,35,20,5,18,62,49
Jordan Magnani,Cornell College,2019-20,20.0,3,6,2,4,0,0,1,1,0,0,1,0,14.87,1,5,0,3,0,0,0,0,0,0,2,0
Jordan Marshall,Randall University,2019-20,20.0,1,3,1,3,0,0,1,0,0,0,0,2,14.98,1,5,1,3,1,2,2,1,0,1,2,0
Jordan McCabe,West Virginia,2019-20,20.0,18,64,6,41,2,4,31,9,0,1,15,26,17.93,13,37,7,25,13,14,14,7,1,2,11,13
Jordan McIlwain,Spring Hill,2019-20,20.0,8,12,1,4,0,0,1,2,0,0,5,6,14.87,5,8,0,0,8,9,2,0,0,0,1,6
Jordan McKenzie,Stony Brook,2019-20,20.0,3,13,1,5,6,8,10,10,1,0,18,7,14.73,3,16,1,9,5,7,15,6,0,3,13,4
Jordan McKoy,Merrimack,2019-20,20.0,7,18,4,9,3,3,2,4,3,1,18,5,20.0,4,16,2,10,3,5,3,5,1,1,11,4
Jordan McNair,Arkansas-Pine Bluff,2019-20,0.0,6,31,1,13,3,8,10,11,0,3,14,24,14.9,15,44,5,21,5,9,24,8,0,3,9,26
Jordan Mckenzie,Stony Brook,2019-20,15.0,1,4,0,2,0,0,1,1,0,0,2,0,20.0,0,1,0,0,2,2,1,1,0,0,3,1
Jordan Miller,George Mason,2019-20,17.78,51,130,16,47,23,37,26,16,0,27,40,28,20.0,70,147,13,40,54,72,15,15,2,36,36,21
Jordan Minor,Merrimack,2019-20,20.0,44,78,2,3,23,46,12,0,13,39,27,19,20.0,20,44,0,1,14,28,10,6,13,29,24,15
Jordan Mitchell,CSU San Bernardino,2019-20,20.0,1,2,0,0,0,0,1,0,0,0,0,2,14.98,1,2,0,0,3,4,0,0,0,1,0,2
Jordan Newt,,2019-20,7.98,0,2,0,0,0,0,1,0,0,0,0,0,0.0,0,0,0,0,0,0,0,0,0,0,0,0
Jordan Nwora,Louisville,2019-20,20.0,105,229,48,101,41,50,25,11,5,26,93,39,14.87,79,190,24,78,54,69,15,11,3,25,91,24
Jordan Perkins,North Carolina Central,2019-20,20.0,29,68,1,15,11,17,62,17,0,6,34,37,20.0,34,73,4,11,17,28,59,16,5,3,33,28
Jordan Perry,Pikeville,2019-20,20.0,2,9,0,2,0,0,1,1,1,0,0,2,14.68,1,4,1,1,0,0,0,0,1,2,0,0
Jordan Phillips,UT Arlington,2019-20,20.0,44,116,12,33,31,42,16,11,3,22,39,24,14.9,19,78,5,23,21,26,28,7,0,11,40,15
Jordan Pierce,UT Martin,2019-20,20.0,5,21,0,0,6,10,2,0,1,9,7,7,20.0,3,3,0,0,2,4,0,0,2,1,2,4
Jordan Preaster,Bethune-Cookman,2019-20,20.0,15,41,2,14,6,16,4,7,1,9,18,12,14.88,14,33,3,13,6,11,1,8,3,7,8,7
Jordan Ratinho,San Francisco,2019-20,20.0,45,130,22,79,7,11,16,9,5,7,21,18,14.92,48,127,24,76,27,37,16,11,3,7,22,17
Jordan Rawls,Western Kentucky,2019-20,20.0,47,123,14,52,8,14,32,11,1,2,16,24,18.85,32,87,15,43,15,20,32,10,0,4,19,24
Jordan Reed,Bethesda,2019-20,20.0,0,2,0,0,0,0,0,0,0,0,1,0,14.88,0,0,0,0,0,0,0,0,0,0,0,0
Jordan Richeson,VMI,2019-20,20.0,2,3,2,3,0,0,1,1,0,0,0,2,14.98,0,2,0,1,0,0,3,0,0,1,0,0
Jordan Roberts,Long Beach State,2019-20,20.0,21,77,1,10,22,30,13,8,7,21,31,28,20.0,30,58,2,3,28,37,18,9,4,21,44,27
Jordan Rogers,Cal State-Los Angeles,2019-20,20.0,2,4,1,3,0,0,0,1,0,0,1,3,18.6,1,3,1,2,0,0,0,0,0,0,2,0
Jordan Roland,Northeastern,2019-20,20.0,128,259,53,119,54,59,32,25,6,11,47,31,20.0,110,227,41,111,71,81,25,24,1,5,41,25
Jordan Sacks,Oberlin College,2019-20,0.0,0,0,0,0,0,0,0,0,0,0,0,0,14.98,0,0,0,0,0,2,0,0,0,0,0,0
Jordan Schakel,San Diego State,2019-20,20.0,48,111,27,74,18,18,13,14,1,8,42,8,14.9,48,99,38,73,13,15,5,10,1,13,40,6
Jordan Shepherd,Charlotte,2019-20,20.0,61,140,14,41,28,35,53,10,5,3,40,46,20.0,71,149,7,28,49,76,55,12,2,7,31,46
Jordan Skipper-Brown,Eastern Illinois,2019-20,20.0,42,70,0,2,16,28,17,7,12,26,41,19,14.92,33,51,0,0,23,29,12,9,19,22,35,14
Jordan Thomas,Pacific Lutheran,2019-20,20.0,1,8,0,1,0,0,2,1,1,0,2,2,14.82,2,6,0,0,0,0,0,0,0,1,1,0
Jordan Tucker,Butler,2019-20,20.0,46,122,36,90,17,22,9,4,1,7,43,21,16.07,30,88,16,53,31,39,12,3,1,10,48,20
Jordan Usher,Georgia Tech,2019-20,20.0,40,101,8,35,15,20,26,12,4,9,42,33,14.98,29,69,1,9,23,31,23,5,1,8,42,24
Jordan Varner,Dallas Christian,2019-20,20.0,1,6,0,0,0,1,1,0,0,1,6,7,14.88,2,5,0,0,0,0,0,0,0,1,3,1
Jordan Walker,Morehead State,2019-20,18.82,104,271,43,137,40,53,61,49,3,12,78,55,20.0,93,244,40,124,62,81,65,35,9,10,63,54
Jordan Whitfield,Campbell,2019-20,20.0,42,88,22,43,13,16,29,12,0,1,16,17,20.0,28,73,10,30,27,30,23,6,0,7,16,19
Jordan Williams,Arlington Baptist,2019-20,20.0,4,22,3,16,0,0,5,4,2,5,7,6,14.95,7,11,4,7,0,0,5,2,0,1,6,5
Jordan Willis,Middle Georgia State,2019-20,20.0,0,3,0,1,0,0,0,0,0,0,0,2,19.47,2,3,0,1,0,2,1,1,0,0,2,1
Jordan Winowiecki,Concordia (MI),2019-20,20.0,1,3,0,1,0,0,0,0,0,0,2,1,14.87,0,0,0,0,0,0,1,0,0,0,2,0
Jordan Wright,Vanderbilt,2019-20,20.0,34,91,7,35,21,24,12,14,3,13,26,23,17.82,23,60,2,20,26,39,1,9,5,11,32,18
Jordan Wyckoff,Siena Heights,2019-20,0.0,0,0,0,0,0,0,0,0,0,0,0,1,14.9,1,1,0,0,0,0,0,0,0,2,1,0
Jorden Kite,Texas Lutheran,2019-20,20.0,0,7,0,7,0,0,2,1,0,1,0,1,14.9,6,10,4,6,0,0,2,0,0,0,2,2
Jorden Means,SUNY-Purchase,2019-20,20.0,3,5,0,0,1,2,0,1,0,0,1,0,14.82,0,3,0,1,0,0,1,0,0,0,0,0
Jorden Thornton,St. Francis (ILL),2019-20,20.0,0,1,0,0,0,0,0,2,0,0,0,0,17.92,0,3,0,1,0,0,1,0,0,0,0,0
Jordy Tshimanga,Dayton,2019-20,15.0,17,28,0,0,10,16,7,3,7,13,24,15,20.0,11,14,0,0,3,8,1,3,3,6,11,5
Jordyn Adams,Austin Peay,2019-20,20.0,94,203,30,73,41,52,31,10,6,9,33,29,14.98,70,189,24,62,53,70,25,17,2,13,27,31
Jordyn Owens,UMass Lowell,2019-20,20.0,20,67,8,33,18,25,30,11,0,0,14,17,18.8,21,62,8,25,22,32,33,8,1,3,20,22
Jorge Mejias-Sanchez,Texas A&M-International,2019-20,20.0,1,2,0,1,0,0,2,2,0,0,1,2,14.93,2,3,1,1,0,1,3,0,0,0,3,0
Jorge Perdomo,SUNY-Purchase,2019-20,20.0,5,9,0,4,0,0,0,0,0,0,2,1,14.82,1,7,0,1,0,0,0,0,0,3,0,2
Jose Alvarado,Georgia Tech,2019-20,15.53,60,123,21,58,14,19,38,26,2,2,38,28,20.0,57,140,20,64,50,62,54,23,0,7,36,34
Jose Benitez,Florida National,2019-20,20.0,1,4,0,0,0,0,1,0,1,2,1,2,19.92,3,3,1,1,2,3,1,1,0,1,2,2
Jose Garcian,,2019-20,6.92,0,2,0,1,0,0,1,0,0,0,0,1,0.0,0,0,0,0,0,0,0,0,0,0,0,0
Jose Grubbs,Missouri-St. Louis,2019-20,20.0,0,1,0,0,0,0,1,0,0,0,1,0,19.72,1,6,0,2,0,0,1,0,0,1,0,2
Jose Montes Valverde,Bethesda,2019-20,20.0,0,1,0,0,0,0,0,0,1,0,1,0,14.88,1,1,0,0,0,0,0,0,0,0,1,2
Jose Morales,Princeton,2019-20,0.0,13,29,6,10,3,3,14,12,3,0,4,10,19.47,18,32,7,13,12,16,27,15,0,2,11,10
Jose Perez,Gardner-Webb,2019-20,20.0,46,128,11,46,27,36,44,10,1,10,48,25,20.0,42,122,10,41,59,80,27,6,4,16,43,17
Jose Serrano,Eastern New Mexico,2019-20,20.0,0,3,0,0,2,2,0,0,0,0,3,3,15.18,2,6,0,0,0,0,1,0,0,1,1,2
Joseph Amoddio,Elmira,2019-20,20.0,0,0,0,0,0,0,1,0,0,0,2,1,14.8,0,1,0,0,0,0,0,0,0,0,0,1
Joseph Baldachino,Misericordia,2019-20,0.0,0,0,0,0,0,0,0,0,0,0,0,0,17.58,1,2,0,0,2,2,0,0,0,0,0,0
Joseph Girard III,Syracuse,2019-20,20.0,54,156,27,98,25,27,47,22,1,2,51,28,15.8,56,162,33,93,51,57,55,23,0,3,35,29
Joseph Keenan,Virginia-Wise,2019-20,0.0,0,0,0,0,0,0,0,0,0,0,0,0,14.85,1,4,1,4,0,0,0,0,0,1,0,0
Joseph Lanzi,Denver,2019-20,20.0,13,38,3,18,6,7,10,2,0,2,20,18,19.97,12,35,7,20,5,6,7,4,0,1,17,9
Joseph Lopez,SAGU American Indian College,2019-20,20.0,0,1,0,0,0,0,0,0,0,0,0,1,14.87,0,2,0,1,0,0,0,0,0,0,0,1
Joseph Reece,Old Dominion,2019-20,20.0,30,88,6,28,16,32,14,9,3,18,38,19,19.35,28,63,7,27,28,36,12,13,8,14,32,14
Joseph Reyes,Holy Names,2019-20,0.0,0,0,0,0,0,0,0,0,0,0,0,0,14.9,1,2,0,0,0,0,0,0,0,0,1,0
Joseph Smoyer,Columbia,2019-20,20.0,10,22,0,0,7,11,8,2,14,8,22,10,20.0,11,26,0,3,9,13,9,1,14,9,18,8
Joseph Wiggins,Centenary,2019-20,20.0,1,1,0,0,0,0,0,0,0,0,0,0,14.92,0,0,0,0,0,0,0,0,0,0,0,0
Joseph Yesufu,Drake,2019-20,20.0,7,22,0,10,8,9,6,5,0,1,7,8,14.95,7,15,1,4,4,4,3,5,1,1,3,2
Josh Ajayi,South Alabama,2019-20,20.0,64,132,3,12,58,73,18,13,9,34,71,29,14.68,78,122,4,16,58,72,17,11,7,27,70,24
Josh Aldrich,South Carolina Upstate,2019-20,20.0,14,27,3,12,4,7,7,0,4,13,25,7,15.33,13,38,4,18,9,11,2,4,7,9,23,5
Josh Alexander,American,2019-20,20.0,18,38,0,2,3,9,17,4,10,10,28,8,17.67,12,20,0,0,5,6,9,2,2,17,12,5
Josh Anderson,Western Kentucky,2019-20,20.0,47,103,4,19,45,59,20,20,14,10,54,23,18.85,46,96,8,26,49,62,16,16,12,15,45,28
Josh Apple,East Central,2019-20,20.0,2,4,0,0,0,0,0,0,0,2,1,2,14.72,0,0,0,0,0,0,0,0,0,0,1,1
Josh Ayeni,South Alabama,2019-20,20.0,3,8,1,2,0,0,1,1,1,7,5,3,20.0,2,5,1,4,4,4,0,0,1,3,1,0
Josh Brewer,Miami (OH),2019-20,20.0,9,21,5,13,5,5,3,0,1,5,12,6,15.35,15,27,7,12,3,4,5,2,2,2,14,5
Josh Brown,Eastern Oregon,2019-20,20.0,2,4,0,0,0,0,0,0,0,0,2,1,14.98,1,5,0,2,0,0,0,1,0,0,0,1
Josh Caldwell,Army,2019-20,20.0,35,65,4,15,20,27,30,23,4,12,59,25,14.93,37,77,6,16,18,25,23,16,5,17,43,13
Josh Carlton,UConn,2019-20,20.0,49,94,0,0,13,29,8,7,20,39,46,42,16.35,52,109,0,0,17,29,11,5,11,46,52,21
Josh Carter,Goucher,2019-20,20.0,1,3,0,0,0,0,0,0,0,2,5,2,14.88,1,3,0,0,0,0,0,0,0,0,1,1
Josh Chery,,2019-20,0.0,0,0,0,0,0,0,0,0,0,0,0,0,0.0,0,0,0,0,0,0,0,0,0,0,0,1
Josh Childers,Birmingham-Southern,2019-20,20.0,1,2,0,0,0,0,1,0,0,1,0,0,14.8,2,8,0,0,0,0,0,1,0,1,1,0
Josh Colon,Fordham,2019-20,0.0,21,62,9,35,7,9,23,9,0,4,21,14,16.17,36,83,15,40,22,27,37,9,0,7,23,21
Josh Corbin,Winthrop,2019-20,20.0,3,16,2,15,4,4,1,0,1,2,5,2,20.0,7,13,6,10,0,0,1,0,0,0,7,2
Josh Cornish,Southern Utah,2019-20,0.0,3,6,2,5,0,0,1,2,0,0,0,0,14.53,1,4,1,4,0,0,0,0,0,0,1,0
Josh Covington,NC Wesleyan,2019-20,20.0,1,4,0,1,3,4,1,2,0,0,1,3,14.9,1,5,0,1,0,0,1,0,0,0,1,1
Josh Crawford,Central Christian College,2019-20,20.0,0,4,0,1,0,0,0,0,0,0,3,1,14.87,1,2,0,0,0,0,3,0,0,0,1,1
Josh Crutchfield,Gordon College,2019-20,20.0,1,2,0,1,0,0,2,0,1,1,0,2,20.0,3,4,0,0,0,1,3,2,0,2,0,4
Josh Decker,Trinity (IL),2019-20,20.0,2,4,1,2,0,0,3,3,1,0,2,1,14.88,2,3,1,2,0,0,3,0,0,0,1,2
Josh Dixon,Heidelberg,2019-20,19.98,0,0,0,0,2,2,2,0,0,0,0,2,14.98,1,2,0,0,0,0,0,0,0,1,0,2
Josh Earley,Tulsa,2019-20,20.0,5,12,0,0,1,5,1,0,1,9,11,2,17.77,1,5,0,0,1,2,0,0,0,3,4,3
Josh Eckmann,Rocky Mountain,2019-20,20.0,0,0,0,0,0,0,1,0,0,0,0,0,14.87,0,0,0,0,0,0,0,3,1,2,1,2
Josh Endicott,North Florida,2019-20,20.0,19,33,0,3,6,11,11,4,6,9,15,9,17.93,17,35,3,6,9,13,8,0,5,12,13,1
Josh Ernst,,2019-20,0.0,0,0,0,0,0,0,0,0,0,0,1,0,0.0,0,0,0,0,0,0,0,0,0,0,0,0
Josh Everett,Jackson State,2019-20,20.0,0,1,0,1,0,0,0,0,0,1,0,0,17.85,0,0,0,0,0,0,0,0,0,0,0,0
Josh Ferguson,,2019-20,4.7,68,165,34,89,18,25,15,9,10,37,65,19,0.0,68,146,24,85,31,49,18,7,10,33,79,15
Josh Forker,Cairn University,2019-20,20.0,0,2,0,1,0,0,0,0,1,1,0,0,14.98,0,1,0,0,0,0,0,0,0,0,2,0
Josh Gantz,UMass Lowell,2019-20,20.0,53,93,14,30,13,16,22,15,5,13,32,20,18.8,34,73,7,32,14,15,33,17,5,7,27,10
Josh Giardina,Marymount VA,2019-20,20.0,2,4,2,4,0,0,2,1,0,1,0,1,16.5,0,0,0,0,0,0,0,0,0,0,0,0
Josh Green,Arizona,2019-20,20.0,60,144,13,41,31,38,27,22,7,20,47,27,14.92,44,111,12,34,39,51,40,16,5,11,45,20
Josh Gregory,Polytechnic University,2019-20,20.0,4,10,1,5,4,4,0,1,0,0,3,2,14.73,2,4,0,1,0,0,2,0,0,0,2,0
Josh Hall,Missouri State,2019-20,20.0,33,79,12,34,13,19,22,18,3,17,51,27,20.0,27,69,2,15,17,29,18,11,2,18,45,18
Josh Hopkins,New Hampshire,2019-20,20.0,39,143,27,97,8,10,16,4,3,3,46,12,20.0,57,131,32,86,18,22,19,3,1,5,31,17
Josh Hubert,William Peace,2019-20,0.0,0,0,0,0,0,0,0,0,0,0,0,0,14.97,0,2,0,1,0,0,1,0,0,0,2,0
Josh Hutcherson,,2019-20,0.0,0,0,0,0,0,0,0,0,0,0,0,0,7.8,3,5,0,0,2,2,0,0,0,2,2,0
Josh Inkumsah,,2019-20,10.72,1,2,0,1,0,0,3,1,0,0,5,2,0.0,1,5,0,1,4,6,0,0,0,0,4,0
Josh Kunen,San Francisco,2019-20,20.0,30,61,5,12,10,11,18,9,3,35,62,30,14.92,19,43,3,12,19,22,12,3,3,17,53,25
Josh LeBlanc,Georgetown,2019-20,20.0,5,10,1,2,4,4,0,2,2,1,3,3,19.38,11,15,1,2,5,11,2,2,6,3,8,3
Josh Leaney,,2019-20,0.0,0,0,0,0,0,0,0,0,0,0,1,1,0.0,0,0,0,0,0,0,0,0,0,0,0,0
Josh Lichti,Goucher,2019-20,20.0,2,6,1,2,2,2,1,1,1,1,1,3,14.88,0,4,0,1,0,0,0,0,1,0,0,2
Josh Linder,Georgia State,2019-20,20.0,26,45,0,0,22,31,8,4,10,17,34,13,14.9,27,48,0,0,23,31,6,8,6,20,33,11
Josh Mballa,Buffalo,2019-20,20.0,56,115,0,1,37,74,15,23,13,58,89,20,20.0,65,104,0,0,54,80,16,18,21,67,90,33
Josh McNair,Green Bay,2019-20,20.0,22,41,0,0,17,34,17,11,7,18,33,11,16.57,23,38,0,0,16,34,10,11,5,20,23,19
Josh Moyer,Polytechnic University,2019-20,20.0,1,2,0,0,0,0,0,0,0,2,1,1,14.73,1,1,0,0,0,0,1,0,0,0,0,0
Josh Nebo,Texas A&M,2019-20,0.0,43,78,0,0,37,57,13,6,18,33,57,26,20.0,79,102,0,0,58,97,9,6,27,32,45,30
Josh Nicholas,UL Monroe,2019-20,20.0,10,35,5,18,6,6,11,2,2,6,27,10,16.93,16,33,5,15,7,8,4,4,3,2,12,8
Josh Nickelberry,Louisville,2019-20,0.0,0,1,0,1,2,2,0,0,0,1,0,0,14.95,1,3,1,3,0,0,0,0,0,0,1,0
Josh Oduro,George Mason,2019-20,15.0,38,78,1,5,12,18,7,4,12,32,35,20,20.0,18,39,1,8,12,22,2,3,11,15,35,10
Josh Parrish,Rice,2019-20,20.0,40,67,0,1,22,34,21,9,4,20,31,15,14.97,50,75,0,0,16,28,17,10,5,21,28,11
Josh Peterson,Coastal Carolina,2019-20,0.0,6,25,1,5,3,6,15,14,3,1,13,18,14.97,5,20,1,9,10,21,12,12,0,2,9,6
Josh Pierre-Louis,Temple,2019-20,20.0,22,44,10,24,3,6,18,7,1,2,8,16,20.0,14,39,6,18,4,9,16,8,1,4,9,14
Josh Pitts,CSU Fullerton,2019-20,0.0,7,16,0,0,4,9,5,1,0,8,8,12,17.67,6,12,0,0,4,14,0,0,0,11,6,7
Josh Price,Liberty,2019-20,20.0,2,5,2,5,0,0,0,0,2,0,0,1,14.92,1,3,0,0,0,0,2,0,0,0,1,0
Josh Roberts,St. John's,2019-20,20.0,38,66,0,0,8,16,13,9,24,36,62,4,14.95,24,51,0,0,5,13,11,4,18,31,35,11
Josh Sharkey,Samford,2019-20,15.8,79,167,24,54,55,75,100,46,0,10,37,92,20.0,77,169,15,49,80,103,92,26,0,12,40,66
Josh Speidel,Vermont,2019-20,20.0,1,1,0,0,0,0,0,0,0,0,0,0,16.33,0,0,0,0,0,0,0,0,0,0,0,0
Josh Stenglein,Nazareth,2019-20,20.0,2,2,1,1,0,0,0,0,0,0,0,0,14.97,1,3,1,3,0,0,0,1,0,0,0,2
Josh Thomas,Milwaukee,2019-20,20.0,65,134,10,34,10,16,26,7,1,21,47,27,18.85,57,124,7,32,8,19,23,6,5,14,35,22
Josh Thompson,Ball State,2019-20,20.0,13,44,3,16,5,6,32,15,2,2,19,18,14.92,16,41,8,26,10,14,22,12,2,4,18,16
Josh Tomasi,Western Colorado,2019-20,20.0,1,2,0,0,2,2,0,0,2,1,1,1,17.95,0,2,0,0,1,3,2,0,0,2,3,0
Josh Vazquez,Montana,2019-20,20.0,25,69,19,44,4,4,27,18,4,0,32,10,16.37,18,53,10,35,15,18,15,15,2,3,21,21
Josh Warren,Cornell,2019-20,20.0,36,61,9,16,10,20,41,8,6,12,38,29,17.92,41,85,7,29,35,43,33,5,11,13,50,33
Josh Watts,Brown,2019-20,20.0,2,8,1,7,0,0,2,1,0,2,2,1,19.78,0,2,0,2,0,0,1,1,0,0,0,2
Josh Williams,Robert Morris,2019-20,20.0,69,167,50,115,2,6,41,21,3,18,59,27,20.0,77,171,49,123,38,54,39,15,2,11,53,23
Josh Zimmerman,Franciscan University,2019-20,0.0,0,0,0,0,0,0,0,0,0,0,0,1,14.87,2,2,1,1,3,3,0,1,0,0,0,1
Joshua Anthony,Rio Grande,2019-20,0.0,0,0,0,0,0,0,0,1,0,0,0,1,14.62,0,3,0,3,0,0,1,0,0,0,1,2
Joshua Cassell,,2019-20,0.0,0,0,0,0,0,0,0,0,0,0,0,0,0.0,0,0,0,0,0,0,0,0,0,0,0,1
Joshua Chairs,Tennessee Wesleyan,2019-20,20.0,1,2,1,2,0,0,0,0,0,0,0,1,14.77,2,2,1,1,0,0,0,1,0,0,0,1
Joshua Cruz,Paul Quinn,2019-20,20.0,0,4,0,3,0,0,0,1,0,1,2,4,14.83,0,3,0,1,0,0,1,1,0,5,1,2
Joshua Daniels,Reinhardt,2019-20,20.0,1,4,0,0,0,0,1,1,0,1,3,5,14.92,0,4,0,0,0,0,2,0,0,1,2,2
Joshua Dawkins,North Carolina Central,2019-20,20.0,1,2,0,0,0,0,1,0,0,0,1,0,14.8,0,0,0,0,0,0,0,0,0,0,0,0
Joshua Eichenauer,Cairn University,2019-20,0.0,0,0,0,0,0,0,0,0,0,0,0,0,14.98,1,2,1,2,0,0,0,0,0,0,0,0
Joshua Friedkin,Oberlin College,2019-20,20.0,0,2,0,2,0,0,2,0,0,0,0,7,14.98,1,4,1,3,0,2,1,0,0,0,0,1
Joshua Hightower,Saint Louis,2019-20,20.0,0,2,0,1,0,2,3,0,0,0,0,0,18.27,0,1,0,1,0,0,0,1,0,0,1,3
Joshua Hosey,Valley Forge,2019-20,20.0,1,6,1,4,0,0,0,0,0,0,3,0,14.83,1,1,0,0,0,0,0,1,0,0,0,0
Joshua Howard,Brown,2019-20,20.0,24,58,6,29,10,12,9,7,3,12,32,14,20.0,25,61,10,28,6,13,3,8,8,20,22,7
Joshua Lusane,Campbell,2019-20,20.0,16,45,3,16,12,15,20,7,13,8,35,16,20.0,22,43,2,6,14,17,21,8,9,8,34,10
Joshua McQuinn,Greensboro,2019-20,20.0,1,1,0,0,2,4,0,0,1,1,1,0,14.92,1,2,0,0,0,0,0,1,1,1,0,0
Joshua Mitchell,Pacific Union,2019-20,20.0,3,5,1,3,0,0,0,1,0,0,1,2,14.98,1,3,0,0,0,0,0,0,0,0,0,1
Joshua Moore,AUB Montgomery,2019-20,20.0,1,2,0,0,0,0,0,1,0,0,0,0,14.95,2,3,0,0,0,0,1,0,0,1,0,1
Joshua Morgan,Long Beach State,2019-20,20.0,42,79,0,0,20,32,11,9,28,30,56,21,20.0,56,83,0,0,11,22,10,7,45,23,64,20
Joshua Mullins,Grambling,2019-20,0.0,0,0,0,0,0,0,0,0,0,0,1,0,20.0,0,0,0,0,0,0,2,0,0,0,0,0
Joshua Nurse,St. Francis (BKN),2019-20,20.0,2,7,0,0,4,7,2,3,1,1,8,8,20.0,2,4,0,0,1,2,0,0,1,3,0,1
Joshua Patton,Portland Bible,2019-20,20.0,62,121,0,1,39,53,12,8,22,33,55,25,14.98,59,111,0,7,50,75,11,9,27,25,44,17
Joshua Perez,Willamette,2019-20,0.0,0,0,0,0,0,0,0,0,0,0,0,0,14.98,0,2,0,1,0,0,0,0,0,0,0,0
Joshua Sanchez,St. Thomas (TX),2019-20,20.0,0,2,0,0,0,0,1,1,0,1,0,0,20.0,5,7,0,0,0,0,2,0,0,1,1,1
Joshua Scott,Thomas (GA),2019-20,20.0,2,10,0,2,2,2,0,1,0,0,1,1,14.78,0,3,0,1,0,0,0,0,0,0,1,2
Joshua Shannon,Trinity (IL),2019-20,20.0,4,11,0,2,0,0,3,2,1,1,4,2,14.88,5,12,1,2,2,2,2,2,1,0,2,1
Joshua Sippial,,2019-20,0.0,0,0,0,0,0,0,0,0,0,0,1,0,0.0,0,0,0,0,0,0,0,0,0,0,0,1
Joshua Stubbs,Willamette,2019-20,20.0,0,1,0,1,0,0,0,0,0,0,0,0,14.98,0,0,0,0,0,0,0,0,0,0,0,0
Joshua Taylor,Howard Payne,2019-20,20.0,2,4,0,0,0,1,3,0,0,0,1,2,10.62,1,2,0,0,2,2,0,0,0,0,1,1
Joshua Tomaic,Maryland,2019-20,0.0,3,3,0,0,1,2,0,0,0,3,3,0,14.83,3,3,0,0,0,0,0,0,0,1,1,0
Joshua Wiley,,2019-20,0.0,0,0,0,0,0,0,0,0,0,0,0,0,0.0,0,0,0,0,0,0,0,1,0,0,0,0
Joshua Williams,Tiffin,2019-20,20.0,1,2,0,1,0,0,0,0,0,0,2,3,15.38,0,6,0,1,0,0,0,0,0,0,0,0
Joshua Wilson,Brevard College,2019-20,20.0,0,4,0,2,0,0,3,0,0,0,2,0,14.78,1,1,0,0,0,0,1,0,0,1,2,0
Josiah Allick,UMKC,2019-20,20.0,18,45,0,11,12,20,4,8,7,15,28,9,17.95,21,40,3,12,22,29,3,3,4,16,35,15
Josiah Avington,Pfeiffer,2019-20,20.0,1,2,0,1,0,0,0,0,0,0,0,2,14.97,0,3,0,2,2,3,0,0,0,0,0,0
Josiah Jeffers,Radford,2019-20,20.0,7,22,4,16,3,3,5,4,0,1,7,2,14.85,8,21,8,19,1,3,2,4,0,0,9,3
Josiah Lossiah,,2019-20,0.0,0,0,0,0,0,0,0,0,0,0,0,0,0.0,0,0,0,0,0,0,0,0,0,0,1,0
Josiah Wallace,Eastern Illinois,2019-20,20.0,77,176,18,48,21,33,28,14,7,5,62,32,14.92,99,207,9,35,42,58,32,8,3,5,56,33
Josiah Woods,Bethesda,2019-20,20.0,3,11,1,7,0,0,0,1,0,0,2,4,14.88,3,6,2,5,2,2,0,1,0,0,1,0
Josiah-Jordan James,Tennessee,2019-20,20.0,34,88,17,41,11,13,37,12,9,16,61,42,16.22,32,84,12,32,20,28,37,11,13,12,56,24
Josip Vrankic,Santa Clara,2019-20,20.0,61,137,9,31,41,60,50,19,9,27,59,31,14.9,59,114,8,17,80,103,30,20,7,24,49,23
Josue Passus,Middle Georgia State,2019-20,20.0,3,6,0,0,1,3,0,2,0,0,3,1,19.47,1,4,0,1,0,0,1,0,0,0,2,0
Jourdan Joseph,Puget Sound,2019-20,20.0,1,7,0,3,4,4,2,2,0,0,2,2,14.95,0,3,0,2,0,0,1,1,0,0,1,1
Journey Shank,Whittier,2019-20,20.0,0,1,0,0,0,0,0,0,0,0,0,1,14.75,0,0,0,0,0,0,0,0,0,0,0,4
Jovan Blacksher Jr,Grand Canyon,2019-20,20.0,0,0,0,0,0,0,48,0,0,0,0,0,19.45,0,0,0,0,0,0,56,0,0,0,0,0
Jovan Blacksher Jr.,Grand Canyon,2019-20,20.0,45,134,13,48,20,31,0,22,0,10,73,33,19.45,63,125,8,33,50,63,0,23,1,8,65,29
Jovan Stulic,Little Rock,2019-20,20.0,23,61,12,41,9,11,6,7,0,4,15,13,18.18,20,54,13,38,20,27,6,11,0,5,19,11
Jovan Zelenbaba,Northwestern State,2019-20,20.0,20,64,5,24,12,15,9,7,0,10,29,12,14.92,17,38,10,23,10,12,10,6,1,6,21,18
Jovon Jones,Central State (OH),2019-20,0.0,0,0,0,0,0,0,0,0,0,0,1,0,14.88,0,1,0,1,0,0,0,0,0,1,0,0
Jozef Vanderhorst,St. Andrews,2019-20,20.0,0,2,0,2,0,0,0,1,1,0,4,4,14.92,0,0,0,0,0,0,1,0,0,0,0,1
Jr Antowine Locke,Benedictine (AZ),2019-20,20.0,0,0,0,0,0,0,3,0,0,0,0,0,14.88,0,0,0,0,0,0,0,0,0,0,0,0
Jr Benny Larry,Northland College,2019-20,20.0,0,0,0,0,0,0,1,0,0,0,0,0,14.95,0,0,0,0,0,0,0,0,0,0,0,0
Jr Carlos Marshall,Tennessee State,2019-20,20.0,0,0,0,0,0,0,1,0,0,0,0,0,20.0,0,0,0,0,0,0,0,0,0,0,0,0
Jr Chico Carter,Murray State,2019-20,20.0,3,4,2,3,0,0,1,0,0,0,0,3,15.83,1,3,0,1,3,4,2,1,1,0,1,0
Jr Clay,Tennessee Tech,2019-20,20.0,0,0,0,0,0,0,66,0,0,0,0,0,18.85,0,0,0,0,0,0,52,0,0,0,0,0
Jr Derrick Ellis,Flagler,2019-20,19.97,2,5,0,2,2,2,1,0,0,0,0,2,20.0,2,4,0,1,2,2,2,0,0,0,1,1
Jr Jesus Hernandez,St. Katherine,2019-20,20.0,0,0,0,0,0,0,1,0,1,0,0,0,14.85,2,3,2,2,0,0,0,0,0,0,0,1
Jr Steve Wooten,UT Martin,2019-20,20.0,0,0,0,0,0,0,1,0,0,0,0,0,14.88,0,0,0,0,0,0,0,0,0,0,0,0
Jr Travis Thompson,St. Andrews,2019-20,0.0,0,0,0,0,0,0,0,0,0,0,0,0,14.92,0,0,0,0,0,0,1,0,0,0,0,0
Jr.  Terrence Shannon,,2019-20,1.42,2,4,0,1,5,6,0,0,0,0,2,1,0.0,0,1,0,0,2,2,0,0,0,0,1,2
Jr. Antowine Locke,Benedictine (AZ),2019-20,20.0,1,3,0,1,0,0,0,1,0,0,3,3,14.88,3,7,0,0,2,2,0,1,0,1,2,0
Jr. Benny Larry,Northland College,2019-20,20.0,2,10,2,5,1,2,0,1,0,0,1,2,14.95,1,5,0,1,0,0,0,0,0,0,0,4
Jr. Carlos Marshall,,2019-20,1.93,3,4,0,1,2,2,0,0,0,0,2,1,0.0,3,7,1,4,1,2,0,0,1,0,0,1
Jr. Charles Manning,,2019-20,0.88,1,4,0,1,0,0,0,0,0,1,1,0,0.0,0,0,0,0,1,2,0,0,4,0,2,1
Jr. Chico Carter,,2019-20,12.42,0,0,0,0,2,2,0,0,0,0,2,4,0.0,2,2,0,0,3,3,0,0,0,0,1,1
Jr. Clay,Tennessee Tech,2019-20,20.0,61,159,25,78,22,31,0,26,2,6,51,50,18.85,80,183,23,66,55,70,0,27,2,11,42,44
Jr. Gerald Drumgoole,,2019-20,2.62,0,1,0,1,0,0,0,0,0,1,0,1,0.0,1,1,0,0,0,1,0,1,0,0,0,1
Jr. Robert Holliday,Emory & Henry,2019-20,20.0,2,7,1,2,0,0,0,1,0,0,0,1,14.93,2,4,0,0,1,2,0,0,0,0,0,2
Jr. Steve Wooten,St. Louis,2019-20,20.0,0,1,0,0,0,0,0,0,0,1,1,1,14.88,0,1,0,0,0,0,0,1,0,0,0,0
Jr. Terry Smith,Loyola New Orleans,2019-20,20.0,5,11,0,0,2,4,0,0,0,4,2,3,14.77,3,6,0,0,0,1,0,1,0,1,0,1
Jr. Travis Thompson,St. Andrews,2019-20,20.0,3,4,0,0,1,1,0,1,0,3,3,3,14.92,2,7,0,1,2,2,0,0,0,4,0,1
Jt Watson,Texas Lutheran,2019-20,20.0,0,1,0,0,0,0,0,0,0,0,0,0,14.9,0,0,0,0,0,0,0,0,0,0,0,0
Juan Cardenas,Bryant,2019-20,20.0,35,80,11,31,18,26,11,6,9,12,34,19,20.0,22,56,6,26,36,50,9,4,12,18,29,10
Juan Ducasse,Santa Clara,2019-20,0.0,3,8,1,4,1,2,2,2,0,1,2,5,14.9,2,15,1,8,6,10,1,0,0,5,11,4
Juan Munoz,Longwood,2019-20,20.0,38,98,24,63,22,26,44,18,0,1,42,31,16.5,54,129,25,73,44,55,35,20,3,5,33,25
Jubrile Belo,,2019-20,0.37,62,103,0,0,52,73,8,9,12,24,60,37,0.0,58,90,0,0,74,96,8,7,22,33,62,22
Judah Jordan,Weber State,2019-20,20.0,7,38,4,18,3,6,10,12,3,4,16,11,17.7,7,26,5,14,5,10,19,11,1,1,16,8
Jude Agbasi,Whittier,2019-20,20.0,3,6,2,4,0,0,0,0,0,3,1,0,14.75,0,2,0,1,3,6,3,1,0,0,2,2
Jude Akabueze,UAB,2019-20,0.0,0,0,0,0,2,2,0,0,0,0,0,0,20.0,1,4,0,0,2,4,0,0,0,1,2,2
Judson University,,2019-20,0.0,0,0,0,0,0,0,0,0,0,2,1,0,0.0,0,0,0,0,0,0,0,0,0,1,1,0
Juhwan Harris-Dyson,California,2019-20,15.0,10,17,0,0,6,11,7,4,0,2,8,8,20.0,7,24,0,4,4,7,2,4,2,6,5,5
Jules Bernard,UCLA,2019-20,20.0,16,53,9,28,8,11,5,6,4,6,22,16,20.0,22,58,6,22,18,23,11,6,1,9,26,11
Jules Jasmin,Palm Beach Atlantic,2019-20,20.0,3,4,0,1,1,2,1,1,0,0,0,1,20.0,1,3,0,0,1,2,0,0,2,1,2,3
Juleton Jean Louis,Bryn Athyn,2019-20,20.0,0,1,0,1,0,0,0,0,0,0,0,0,15.02,0,1,0,0,0,0,1,0,0,0,0,1
Julian Alexander,Morehouse College,2019-20,20.0,0,0,0,0,0,0,1,0,0,0,1,1,14.9,3,4,2,2,0,0,0,0,0,0,0,1
Julian Batts,Long Island University,2019-20,20.0,18,45,11,26,12,15,15,9,0,3,23,11,20.0,16,38,9,25,11,12,12,9,0,9,24,8
Julian Champagnie,St. John's,2019-20,20.0,57,128,16,44,12,19,12,23,14,24,69,21,14.95,60,125,7,27,33,42,12,13,12,28,72,14
Julian Collazo,Cairn University,2019-20,20.0,4,7,1,2,1,3,0,1,0,1,4,3,14.98,1,2,1,2,0,0,2,0,0,0,0,1
Julian Fuller,Carver Bible College,2019-20,20.0,3,7,0,1,1,1,2,0,0,0,4,2,14.93,1,4,0,1,0,1,0,0,0,2,6,0
Julian Rishwain,Boston College,2019-20,20.0,19,66,14,44,7,12,11,8,0,3,23,23,20.0,19,48,16,40,7,12,13,10,3,2,24,10
Julien Wooden,James Madison,2019-20,20.0,22,59,6,21,8,15,11,7,3,8,29,10,20.0,27,50,4,13,14,23,9,8,7,9,20,14
Julius Dixon,Morehead State,2019-20,10.62,11,30,7,23,2,4,1,3,0,5,5,7,20.0,10,23,5,15,1,9,2,0,0,7,14,2
Julius Marble,Michigan State,2019-20,0.0,6,13,0,0,5,10,1,1,1,8,14,2,14.9,7,11,0,0,3,4,2,0,1,2,15,3
Julius Williams,Mid-Atlantic Christian University,2019-20,0.0,2,3,1,2,1,1,0,1,1,0,1,1,14.88,1,2,0,1,1,2,0,0,0,1,2,0
Junior Ballard,Cal Poly,2019-20,20.0,52,132,21,55,24,32,13,16,2,8,36,40,18.25,55,151,17,56,59,81,21,12,5,7,46,15
Justen Hartfield,Mars Hill,2019-20,20.0,1,6,0,3,0,0,1,0,0,1,1,1,18.0,1,4,0,2,0,0,0,0,0,1,0,0
Justice De Corsi,Holy Names,2019-20,20.0,1,2,0,0,0,0,0,0,0,0,0,0,14.9,1,4,0,0,3,3,0,0,0,1,1,0
Justin Ahrens,Ohio State,2019-20,20.0,11,23,9,21,1,2,4,1,0,3,14,6,20.0,12,28,11,25,0,0,0,1,0,5,4,4
Justin Barton,Bethesda,2019-20,0.0,0,0,0,0,0,0,0,0,0,0,0,0,14.88,1,2,0,0,0,0,0,0,0,0,0,0
Justin Bassey,Harvard,2019-20,20.0,25,72,8,35,9,10,22,17,2,11,41,24,14.62,31,69,8,29,31,42,22,7,2,21,64,23
Justin Bean,Utah State,2019-20,20.0,86,169,5,17,44,53,33,27,12,62,120,25,20.0,64,122,3,11,38,48,37,23,9,51,105,26
Justin Benton,SIU-Edwardsville,2019-20,20.0,1,3,0,1,0,0,6,0,0,0,3,1,19.38,2,5,1,4,0,0,7,0,0,0,2,3
Justin Bessard,Westmont,2019-20,20.0,4,7,2,2,2,2,1,0,0,0,1,2,17.72,6,11,1,2,2,3,1,0,0,2,2,0
Justin Brown,South Florida,2019-20,20.0,51,128,23,76,17,25,14,9,5,37,55,16,14.9,53,136,28,85,28,35,4,9,2,38,62,19
Justin Bullock,Johnson & Wales (RI),2019-20,20.0,2,8,1,6,0,0,1,0,0,0,2,2,14.8,1,5,0,0,4,6,0,0,0,3,0,1
Justin Chambers,Holy Names,2019-20,20.0,1,4,0,1,1,1,0,0,0,0,0,1,14.9,2,4,0,1,3,4,0,0,0,2,0,0
Justin Champagnie,Pittsburgh,2019-20,20.0,63,160,11,58,27,34,9,14,12,26,66,16,20.0,85,187,21,63,50,64,11,22,14,42,91,17
Justin Cole,St. John's,2019-20,20.0,1,1,0,0,0,0,0,1,0,0,0,0,17.72,0,0,0,0,0,0,0,0,0,0,0,0
Justin Dahl,Northern Iowa,2019-20,20.0,20,31,0,0,5,10,10,4,5,9,26,11,18.6,15,20,0,0,4,8,4,3,9,13,13,9
Justin Dean,Cairn University,2019-20,20.0,0,2,0,0,0,0,0,0,0,1,0,0,14.98,0,2,0,0,0,0,0,0,0,1,1,0
Justin Dula,Randolph College,2019-20,20.0,2,5,0,0,1,2,0,0,0,1,2,0,15.12,1,1,0,0,0,0,0,0,0,0,1,1
Justin Edler-Davis,CSU Bakersfield,2019-20,10.0,28,83,18,57,2,4,10,9,8,26,38,9,20.0,32,89,11,47,13,18,6,10,2,26,28,12
Justin Engesser,Colorado Christian,2019-20,20.0,3,8,1,4,0,0,2,0,0,0,2,0,14.98,0,3,0,1,0,0,1,0,0,0,0,0
Justin Figueroa,Georgian Court,2019-20,20.0,0,2,0,0,0,0,1,1,0,0,0,0,20.0,0,1,0,1,1,2,1,0,0,0,1,0
Justin Forrest,Appalachian State,2019-20,20.0,70,202,28,98,40,54,36,23,1,3,40,47,20.0,83,196,34,97,83,114,46,23,0,3,37,50
Justin Gorham,Houston,2019-20,20.0,17,48,5,17,12,16,13,3,2,12,30,6,14.95,9,28,4,14,5,7,3,0,1,8,18,5
Justin Headrick,Trevecca Nazarene,2019-20,20.0,0,1,0,1,0,0,1,1,0,0,1,0,14.88,0,3,0,2,0,0,0,1,0,1,1,1
Justin Hemsley,Hawai'i,2019-20,20.0,32,63,6,22,15,19,9,5,2,13,25,16,16.12,15,34,3,13,9,15,4,2,1,8,22,10
Justin Hohn,,2019-20,0.0,0,0,0,0,0,0,0,0,0,0,0,0,0.0,0,0,0,0,0,0,0,0,0,1,0,0
Justin Hopkins,Texas Southern,2019-20,20.0,41,95,10,22,44,60,13,13,3,16,45,30,14.9,42,70,5,19,34,48,10,6,3,18,37,26
Justin Jaworski,Lafayette,2019-20,20.0,70,144,32,78,38,42,29,16,1,0,19,21,20.0,56,136,24,74,30,34,31,7,0,6,33,35
Justin Jenkins,Gardner-Webb,2019-20,20.0,25,60,11,39,8,12,8,2,1,3,23,12,20.0,9,37,6,27,23,36,4,5,3,8,13,9
Justin Jeske,Eastern Oregon,2019-20,20.0,0,1,0,0,0,0,0,0,0,0,0,1,14.98,0,0,0,0,0,0,0,0,0,0,0,0
Justin Johnson,Tougaloo,2019-20,20.0,1,5,0,0,2,4,0,0,0,1,2,0,14.8,2,5,0,0,2,2,0,0,0,6,1,3
Justin Jones,Bethany College,2019-20,20.0,1,6,0,3,0,0,1,1,0,0,0,0,14.77,3,7,1,4,0,0,1,0,0,0,0,0
Justin Kier,George Mason,2019-20,20.0,20,40,7,13,6,6,8,4,2,0,18,6,18.35,10,24,3,9,5,7,3,2,0,0,11,4
Justin Koepp,Northwestern Ohio,2019-20,20.0,2,5,1,2,0,0,0,0,1,2,3,2,14.68,1,2,0,0,0,0,1,0,0,0,2,2
Justin Lee,Northern Illinois,2019-20,20.0,6,13,1,4,2,2,1,0,4,3,4,2,20.0,1,4,0,1,1,2,0,0,0,1,1,1
Justin Mack,Franciscan University,2019-20,20.0,1,3,1,3,0,0,0,0,0,0,0,3,14.87,1,1,1,1,1,1,0,0,0,0,0,0
Justin Martin,Multnomah,2019-20,20.0,7,19,3,10,2,2,7,0,0,0,0,3,14.8,4,13,3,7,0,0,2,1,0,0,0,3
Justin Mazzulla,George Washington,2019-20,20.0,4,7,3,6,0,0,2,0,0,0,2,1,18.17,2,3,1,2,2,2,3,2,0,1,3,1
Justin McCall,CSU Bakersfield,2019-20,15.43,28,65,0,3,6,17,8,3,7,13,29,15,20.0,30,64,1,4,21,28,4,5,0,26,23,6
Justin McCormack,Southwestern,2019-20,20.0,0,1,0,1,0,0,0,0,0,0,0,0,17.17,0,0,0,0,0,0,0,0,0,0,0,1
Justin McKoy,Virginia,2019-20,20.0,0,3,0,0,1,2,1,0,1,1,4,0,17.52,2,3,0,0,3,4,0,1,0,4,2,1
Justin Mckoy,Virginia,2019-20,20.0,0,1,0,0,0,0,0,0,0,0,0,1,14.82,1,2,0,0,0,0,0,0,0,0,1,0
Justin Miller,Detroit Mercy,2019-20,20.0,42,114,8,26,40,48,17,7,3,33,35,26,17.92,40,99,2,13,36,45,19,8,4,16,49,26
Justin Milstead,St. Mary's (MD),2019-20,20.0,4,6,1,1,0,0,0,1,0,1,2,0,17.75,1,7,0,1,1,1,2,1,0,1,1,0
Justin Minaya,South Carolina,2019-20,20.0,27,67,9,37,17,25,28,5,12,13,47,11,17.58,30,73,9,32,18,28,17,8,8,27,41,9
Justin Minnis,Greensboro,2019-20,20.0,3,10,2,6,1,2,1,2,0,1,0,2,14.92,2,8,2,6,0,0,1,0,0,0,0,1
Justin Moore,Villanova,2019-20,20.0,109,246,47,111,16,28,66,21,4,6,67,62,14.93,87,231,31,89,61,83,62,19,4,11,75,54
Justin Nichelson,Palm Beach Atlantic,2019-20,20.0,2,4,1,2,0,0,0,0,0,0,2,0,20.0,0,2,0,0,0,0,1,0,0,0,3,0
Justin Nimmer,Central Oklahoma,2019-20,20.0,1,4,0,0,0,0,0,1,0,0,3,2,18.9,2,4,1,1,0,1,0,0,1,0,2,0
Justin Nwafor,Connecticut College,2019-20,0.0,0,0,0,0,0,0,0,0,0,0,1,0,14.67,0,1,0,0,0,0,0,0,0,0,0,0
Justin Patterson,Towson,2019-20,20.0,0,0,0,0,0,0,1,1,0,0,0,0,15.02,0,4,0,0,0,2,0,1,1,0,1,1
Justin Pierce,North Carolina,2019-20,20.0,32,90,9,43,6,15,11,11,4,30,41,18,20.0,26,67,7,26,13,20,16,2,5,21,25,5
Justin Quick,Piedmont,2019-20,20.0,3,4,2,3,1,2,1,1,0,0,0,0,14.97,2,3,2,2,2,4,2,2,0,1,1,2
Justin Roberts,Georgia State,2019-20,20.0,115,269,61,152,27,34,75,31,4,16,68,48,14.9,105,245,58,129,37,49,79,40,1,16,51,49
Justin Robinson,Duke,2019-20,0.0,7,10,4,6,1,2,1,3,2,3,4,1,14.88,3,8,2,5,0,0,4,1,3,2,2,0
Justin Salisbury,Goucher,2019-20,20.0,0,1,0,0,0,0,0,0,0,0,1,0,14.92,0,0,0,0,0,0,0,1,0,0,0,1
Justin Slocum,Ark Monticello,2019-20,20.0,1,3,0,0,0,0,0,0,0,0,2,1,17.73,1,5,0,0,1,1,1,0,0,2,0,2
Justin Smith,Indiana,2019-20,20.0,57,116,4,17,24,39,15,15,5,27,44,25,14.92,60,124,6,20,42,59,13,15,4,30,52,24
Justin Sutton,Penn State Wilkes-Barre,2019-20,20.0,0,2,0,0,0,0,0,0,0,3,2,0,14.67,0,0,0,0,0,0,0,0,0,0,0,0
Justin Thomas,Morehead State,2019-20,15.68,55,125,2,14,20,32,56,31,1,9,75,40,20.0,44,95,0,7,19,38,63,24,1,7,51,19
Justin Tucker,Campbellsville,2019-20,20.0,2,4,0,0,0,0,0,0,0,1,1,2,14.98,3,5,0,0,0,0,0,0,0,1,0,1
Justin Turner,Bowling Green,2019-20,20.0,67,160,17,51,44,51,33,12,1,14,38,20,15.38,84,191,20,51,67,79,28,7,5,6,48,27
Justin Van Pelt,Millsaps,2019-20,20.0,0,3,0,0,0,0,0,0,1,1,6,0,14.93,2,2,0,0,0,0,0,0,0,1,1,0
Justin Warren,Quincy,2019-20,20.0,0,0,0,0,1,2,0,0,0,0,0,0,20.0,1,3,1,1,0,0,0,0,0,0,0,0
Justin Webster,Hawai'i,2019-20,20.0,34,93,19,55,18,21,16,5,0,3,17,9,20.0,32,93,15,51,23,31,13,8,0,6,21,7
Justin Whatley,North Carolina Central,2019-20,20.0,13,37,5,20,5,6,9,7,5,8,18,13,20.0,20,31,6,13,3,9,6,5,2,3,10,6
Justin Williams,George Washington,2019-20,20.0,4,16,3,12,3,4,0,0,1,2,5,2,18.17,3,6,2,5,5,6,1,2,0,2,1,1
Justin Winston,St. Bonaventure,2019-20,20.0,54,133,14,45,24,29,12,7,3,11,40,18,20.0,44,92,11,32,12,18,8,2,2,13,36,15
Justin Yu,Gordon College,2019-20,20.0,0,1,0,1,0,0,2,0,0,0,2,1,20.0,0,0,0,0,0,0,2,0,0,0,0,1
Justinian Jessup,Boise State,2019-20,20.0,71,181,45,120,7,8,31,15,9,13,54,15,14.73,92,203,48,119,57,59,32,26,4,18,51,23
Justus Eaglesmith,Willamette,2019-20,20.0,0,2,0,2,0,0,1,0,0,0,0,0,14.98,3,9,1,4,0,0,1,0,0,1,0,0
Justus Rainwater,Florida Gulf Coast,2019-20,20.0,33,55,0,0,10,19,5,5,14,33,55,14,16.05,42,73,0,0,9,23,2,8,17,38,37,16
Justyn Hamilton,Temple,2019-20,0.0,15,33,1,5,8,16,3,2,4,5,16,5,20.0,14,31,0,1,4,7,0,4,5,8,13,8
Justyn King,Bethune-Cookman,2019-20,20.0,11,24,0,0,3,7,2,2,2,9,14,3,14.88,12,27,0,0,2,5,2,2,5,7,10,4
Justyn Mutts,Delaware,2019-20,20.0,69,138,1,10,34,49,30,22,11,30,94,31,14.93,65,109,1,5,33,44,38,17,19,26,88,37
Juvaris Hayes,Merrimack,2019-20,20.0,53,110,4,14,16,23,104,64,3,23,48,52,20.0,53,126,6,15,53,77,78,39,0,13,48,40
Juwan Blanton,Pfeiffer,2019-20,20.0,0,2,0,2,5,5,1,0,0,0,0,1,14.97,0,1,0,1,0,0,0,0,0,0,0,0
Juwan Durham,Notre Dame,2019-20,20.0,49,86,0,0,31,42,17,7,33,24,44,15,20.0,35,63,0,1,16,28,6,5,27,21,41,14
Juwan Gray,Towson,2019-20,20.0,31,67,9,31,16,20,5,5,7,11,43,11,18.17,20,49,7,22,12,14,11,5,7,10,23,9
Juwan Perdue,Jacksonville State,2019-20,20.0,2,6,0,1,2,3,0,2,0,2,7,2,14.78,2,7,0,1,3,5,0,1,1,4,6,2
Juwan Savage,,2019-20,8.95,0,1,0,0,1,4,0,1,0,1,2,2,0.0,0,0,0,0,0,0,0,0,2,0,3,0
Jvari Thigpen,William Carey,2019-20,20.0,1,1,0,0,0,0,1,1,1,1,2,0,17.92,1,2,0,0,0,2,0,0,0,0,2,0
Jy'lan Washington,Tennessee State,2019-20,20.0,32,49,13,23,20,24,10,6,5,12,31,17,14.95,25,43,7,14,18,22,5,2,10,14,36,13
Jyrus Freels,Purdue Northwest,2019-20,20.0,6,10,0,0,0,0,0,0,0,1,3,2,20.0,1,5,0,0,0,0,0,0,0,1,2,3
K.D. Wallace,Louisiana College,2019-20,20.0,1,3,0,0,0,0,0,1,0,1,1,0,20.0,2,5,0,0,2,4,0,0,0,0,1,2
K.J. Hymes,Nevada,2019-20,20.0,18,34,1,1,16,27,2,3,17,17,28,23,20.0,18,34,1,4,21,29,1,1,11,16,21,12
K.J. Jackson,UMBC,2019-20,20.0,53,141,14,48,23,30,1,24,8,8,47,45,14.57,84,174,22,62,55,83,2,23,10,17,51,44
K.J. Lawson,Tulane,2019-20,20.0,67,149,20,61,24,34,8,14,1,14,60,25,17.97,60,147,27,56,30,41,4,18,3,9,57,23
K.J. Riley,Evansville,2019-20,20.0,37,94,4,16,36,45,1,13,2,9,49,34,20.0,59,133,6,21,88,108,0,11,4,15,42,38
K.J. Smith,North Carolina,2019-20,0.0,5,12,1,6,5,6,4,4,0,1,6,4,20.0,0,5,0,3,0,0,6,1,0,1,4,4
K.J. Walton,Ball State,2019-20,20.0,15,34,0,3,8,17,0,9,0,11,14,4,14.92,9,21,0,1,4,9,1,0,0,5,11,5
KC Hankton,Saint Louis,2019-20,20.0,2,10,0,5,1,2,1,4,1,0,6,1,16.05,3,5,0,0,2,3,2,0,1,1,1,1
KC Ndefo,Saint Peter's,2019-20,15.0,42,90,0,3,34,52,9,20,27,26,38,27,20.0,32,65,0,1,41,68,17,19,33,25,43,20
KD Wallace,Louisiana College,2019-20,20.0,0,0,0,0,0,0,1,0,0,0,0,0,20.0,0,0,0,0,0,0,0,0,0,0,0,0
KJ Buffen,Ole Miss,2019-20,20.0,51,96,3,10,23,41,30,17,11,31,53,24,14.93,59,126,2,11,44,59,16,27,16,25,65,21
KJ Cunningham,Weber State,2019-20,20.0,26,71,9,25,12,14,32,6,0,4,27,28,14.5,19,50,6,20,13,17,22,7,0,4,36,19
KJ Feagin,San Diego State,2019-20,20.0,57,131,36,83,15,15,44,10,3,5,49,31,14.9,38,119,19,58,14,18,46,9,5,7,39,21
KJ Hymes,Nevada,2019-20,20.0,0,0,0,0,0,0,5,0,0,0,0,0,20.0,0,0,0,0,0,0,6,0,0,0,0,0
KJ Jackson,UMBC,2019-20,0.0,0,0,0,0,0,0,53,0,0,0,0,0,14.57,0,0,0,0,0,0,58,0,0,0,0,0
KJ Johnson,Lipscomb,2019-20,20.0,44,106,10,33,35,43,26,7,0,7,27,23,14.93,56,117,17,41,51,66,25,9,0,7,26,23
KJ Lawson,Tulane,2019-20,20.0,0,0,0,0,0,0,28,0,0,0,0,0,17.97,0,0,0,0,0,0,18,0,0,0,0,0
KJ Riley,Evansville,2019-20,20.0,0,0,0,0,0,0,38,0,0,0,0,0,20.0,0,0,0,0,0,0,38,0,0,0,0,0
KJ Robinson,Omaha,2019-20,20.0,63,151,30,75,22,24,33,13,0,1,20,25,17.97,76,173,28,67,46,54,41,10,0,3,34,23
KJ Simon,Troy,2019-20,20.0,27,69,6,23,6,15,23,12,3,14,45,17,20.0,28,67,6,20,11,23,17,14,3,24,23,11
KJ Smith,North Carolina,2019-20,20.0,0,0,0,0,0,0,1,0,0,0,0,0,14.87,0,0,0,0,0,0,1,0,0,0,0,0
KJ Walton,Ball State,2019-20,0.0,0,0,0,0,0,0,1,0,0,0,0,0,14.92,0,0,0,0,0,0,3,0,0,0,0,0
KJ Williams,Murray State,2019-20,20.0,73,131,13,29,24,41,15,15,7,24,72,27,15.83,63,118,2,14,37,50,16,15,12,29,71,17
KK Curry,South Alabama,2019-20,20.0,17,27,0,0,4,5,3,2,1,11,16,8,14.68,8,13,0,0,2,2,4,2,2,4,8,2
KaVaughn Scott,Loyola (MD),2019-20,19.98,41,79,0,2,20,39,17,4,5,24,43,27,14.92,42,70,0,4,35,68,9,8,5,26,49,19
Kabir Mohammed,Missouri State,2019-20,20.0,12,20,0,0,12,17,7,5,1,15,8,7,20.0,6,15,0,0,8,11,7,6,1,5,12,6
Kace Kitchel,Lindenwood,2019-20,20.0,1,2,0,1,0,0,0,1,0,0,1,0,14.98,1,4,1,2,0,0,1,2,0,0,1,0
Kade Glover,Johnson & Wales (CO),2019-20,20.0,0,0,0,0,0,0,1,0,0,0,1,2,14.77,0,4,0,4,0,0,0,0,0,0,0,0
Kade Stearns,Mount Marty,2019-20,0.0,0,0,0,0,0,0,0,0,0,0,0,0,17.98,0,1,0,1,0,0,0,0,0,0,1,0
Kadeem Webb,Thomas (GA),2019-20,20.0,0,1,0,1,0,0,0,1,0,0,1,0,14.78,2,3,1,1,0,0,0,0,0,1,1,1
Kaden Archie,UTEP,2019-20,20.0,13,34,3,13,6,8,7,10,3,6,13,22,14.72,15,31,1,6,11,16,8,2,4,10,11,16
Kaden Koski,Wisconsin-Stout,2019-20,0.0,0,0,0,0,0,0,0,0,0,0,1,0,14.93,1,3,0,1,0,0,0,0,0,1,0,0
Kae'ron Baker,Louisiana College,2019-20,20.0,4,14,2,7,1,3,1,1,0,1,1,4,16.93,1,8,1,4,10,10,2,2,0,3,4,2
Kael Kordonowy,MIT,2019-20,20.0,0,3,0,0,0,0,1,1,3,1,1,6,14.62,1,2,0,0,0,2,0,0,1,0,0,0
Kaeleb Carter,Virginia-Wise,2019-20,20.0,0,2,0,1,0,0,3,1,0,1,3,0,14.85,1,2,0,1,2,2,2,1,0,1,1,2
Kaelon Harris,The Citadel,2019-20,20.0,52,126,11,48,51,60,17,10,3,21,68,33,20.0,76,147,18,47,52,84,22,12,3,25,70,28
Kaezron Washington,,2019-20,0.0,0,0,0,0,0,0,0,0,0,0,0,0,0.0,0,0,0,0,0,0,0,0,0,0,0,1
Kahleel Henry,Rosemont College,2019-20,20.0,0,1,0,0,2,2,0,0,0,0,1,1,14.97,1,5,0,2,0,0,1,0,0,1,1,1
Kahliel Spear,Bucknell,2019-20,20.0,31,72,5,15,6,17,8,11,15,22,32,15,20.0,32,50,4,9,8,20,8,5,11,13,31,7
Kahlil White,Penn State Wilkes-Barre,2019-20,20.0,3,6,2,3,0,0,0,0,0,1,1,3,14.67,0,2,0,1,2,2,1,0,0,0,0,3
Kahlil Whitney,Kentucky,2019-20,20.0,10,34,1,10,7,14,5,2,2,10,13,12,20.0,11,24,3,6,2,7,3,3,1,3,4,3
Kai Edwards,Northern Colorado,2019-20,20.0,50,71,0,0,21,36,11,2,4,25,59,14,18.15,41,70,0,0,26,39,10,7,4,23,64,8
Kai Jones,Texas,2019-20,0.0,19,40,2,11,2,6,5,6,11,19,33,13,15.58,17,33,5,12,8,11,5,8,16,7,24,10
Kai Mitchell,Sam Houston State,2019-20,20.0,79,155,6,21,14,25,32,14,12,21,55,21,20.0,74,125,7,13,48,60,26,8,22,27,60,45
Kai Skinner,,2019-20,0.0,0,0,0,0,0,0,0,0,0,0,1,0,0.0,0,0,0,0,0,0,0,1,0,0,0,0
Kai Toews,UNC Wilmington,2019-20,20.0,13,39,6,11,3,7,24,2,0,0,13,27,17.75,10,35,3,12,2,2,28,7,0,2,9,11
Kaiden Rice,The Citadel,2019-20,20.0,63,162,47,130,21,24,15,11,2,8,35,29,18.35,49,126,30,91,9,10,12,8,1,7,25,24
Kainoa Ballungay,,2019-20,9.68,1,1,0,0,0,0,0,0,0,1,0,0,0.0,0,0,0,0,0,0,0,0,0,0,0,1
Kairo Whitfield,Morehouse College,2019-20,20.0,1,3,0,0,0,0,0,1,0,0,2,1,14.9,0,1,0,0,0,0,0,0,0,0,0,0
Kaison Hammonds,San José St,2019-20,20.0,10,28,8,21,0,0,8,2,1,1,12,7,20.0,10,28,6,20,9,11,1,5,0,1,10,0
Kaj Days,Illinois-Springfield,2019-20,20.0,0,1,0,0,0,0,0,0,0,0,0,2,17.85,1,1,0,0,0,0,0,0,0,0,0,0
Kajuan Madden-Mcafee,Ferrum,2019-20,20.0,4,7,3,6,2,4,2,0,0,1,1,2,14.85,7,10,6,7,0,0,0,0,1,0,2,1
Kale Catchings,Harvard,2019-20,0.0,1,5,0,4,0,0,0,0,0,0,1,0,20.0,1,2,1,2,1,2,0,1,0,0,1,0
Kale Walters,,2019-20,0.0,0,0,0,0,0,0,0,0,0,0,0,0,0.0,0,0,0,0,0,0,0,0,0,1,0,2
Kaleb Atherley,Johnson & Wales (CO),2019-20,20.0,1,4,0,0,0,2,0,2,1,0,0,1,14.77,0,1,0,0,0,0,0,0,0,1,1,0
Kaleb Bishop,Fairleigh Dickinson,2019-20,20.0,57,147,13,40,18,26,14,10,18,29,62,31,19.57,57,118,9,29,27,33,6,3,14,31,72,17
Kaleb Britt,Midway,2019-20,20.0,2,3,0,0,0,1,1,1,0,1,1,2,14.88,1,4,0,2,0,0,1,0,0,0,2,2
Kaleb Coleman,Lipscomb,2019-20,20.0,10,24,4,18,6,9,2,2,0,6,4,8,14.93,3,11,0,7,2,2,0,1,0,1,5,4
Kaleb Hunter,UNC Greensboro,2019-20,20.0,51,111,11,35,18,23,13,11,2,18,36,14,14.98,48,80,7,26,25,36,10,9,3,24,39,20
Kaleb Jenkins,Millsaps,2019-20,20.0,3,5,2,3,0,0,1,0,0,0,0,2,14.93,2,2,1,1,0,0,0,0,0,0,0,0
Kaleb Wallace,Carson Newman,2019-20,0.0,0,0,0,0,0,0,0,0,0,0,0,1,14.85,0,1,0,1,0,0,0,0,1,0,0,0
Kaleb Wesson,Ohio State,2019-20,20.0,70,162,21,54,49,64,26,11,19,29,118,41,20.0,64,141,23,51,67,93,31,10,12,44,91,35
Kali Dia,Cincinnati Clermont,2019-20,20.0,1,2,0,0,0,0,0,0,0,1,0,0,14.87,0,0,0,0,0,0,0,0,0,0,0,0
Kalib Boone,Oklahoma State,2019-20,0.0,22,43,0,0,13,22,3,3,14,13,19,13,20.0,29,52,0,0,15,18,6,3,6,24,23,6
Kalib Jones,Gallaudet University,2019-20,20.0,1,1,0,0,0,0,0,0,0,0,0,1,14.92,0,0,0,0,0,0,0,0,0,0,0,0
Kalif Young,Providence,2019-20,20.0,32,66,0,1,9,15,11,7,12,33,43,5,14.95,28,51,0,0,14,28,14,11,7,28,41,12
Kalil Thomas,UMass Lowell,2019-20,20.0,13,42,11,34,1,1,9,8,0,1,24,7,14.97,7,17,5,13,6,8,5,6,0,1,13,4
Kalil Whitehead,Chicago State,2019-20,20.0,2,8,0,2,3,3,2,0,1,2,4,7,14.97,6,11,0,4,5,8,5,4,0,2,4,2
Kalin Bennett,Kent State,2019-20,20.0,0,0,0,0,1,2,0,0,3,0,2,3,20.0,0,0,0,0,0,0,0,0,0,0,1,0
Kalip Jones,Ferrum,2019-20,20.0,0,3,0,2,0,0,3,0,0,2,1,1,14.85,0,0,0,0,0,0,1,0,0,0,0,0
Kalob Ledoux,Louisiana Tech,2019-20,20.0,59,128,28,79,14,17,6,7,1,8,42,20,14.82,52,116,27,67,26,32,12,9,1,1,28,14
Kalos Evans,Mount St. Vincent,2019-20,20.0,0,7,0,2,0,0,0,0,0,1,3,1,14.97,2,6,0,1,0,0,1,0,0,1,2,0
Kalu Ezikpe,Old Dominion,2019-20,20.0,39,78,0,6,21,32,5,9,4,30,47,18,20.0,30,59,1,4,24,32,9,10,10,26,42,12
Kalvin Bowen,Rocky Mountain,2019-20,20.0,0,0,0,0,0,0,2,0,0,0,1,0,14.87,0,0,0,0,0,0,1,0,0,0,0,2
Kalvin Spikes,Millsaps,2019-20,20.0,1,2,0,0,0,0,0,0,0,0,0,1,14.93,0,1,0,0,2,3,0,0,0,0,1,1
Kamaka Hepa,Texas,2019-20,20.0,14,38,9,30,2,4,7,1,5,7,23,9,19.12,8,21,5,16,4,5,6,3,9,4,10,3
Kamal Holden,Antelope Valley,2019-20,20.0,2,6,0,3,2,2,2,1,0,0,2,2,17.9,2,3,0,0,0,0,2,2,0,0,1,1
Kamani Johnson,Little Rock,2019-20,20.0,42,85,0,0,52,66,36,7,4,45,49,36,20.0,48,88,0,1,74,104,28,15,8,40,55,25
Kamar Baldwin,Butler,2019-20,20.0,71,193,23,67,18,19,53,16,7,5,61,28,14.88,110,240,20,63,59,72,46,16,7,9,63,33
Kamar McKnight,Coppin State,2019-20,20.0,43,119,19,61,15,27,14,12,0,4,29,23,20.0,47,126,12,57,35,47,21,17,3,4,24,30
Kamar Robertson,Mercer,2019-20,20.0,31,82,14,37,15,19,23,8,2,12,27,28,14.95,28,62,11,27,20,28,23,10,4,10,34,24
Kamari Williams,Boston College,2019-20,0.0,8,28,2,16,1,3,3,1,2,9,4,3,14.92,9,25,4,19,2,2,3,4,2,4,1,2
Kamau Kinder,Lindenwood,2019-20,0.0,0,0,0,0,0,0,0,0,0,2,0,0,14.98,1,1,1,1,0,0,1,2,0,0,0,2
Kamdyn Curfman,VMI,2019-20,20.0,58,140,43,103,6,7,33,14,0,8,29,21,19.18,51,140,36,106,12,18,20,10,0,4,34,18
Kameron Clark,Cairn University,2019-20,20.0,0,1,0,0,0,1,0,0,1,1,3,1,14.98,0,1,0,0,0,0,2,0,0,1,1,0
Kameron Edwards,Pepperdine,2019-20,20.0,73,173,13,37,24,38,18,11,5,19,71,35,17.72,95,205,15,51,68,86,15,14,6,30,88,31
Kameron Gibson,Western Carolina,2019-20,20.0,15,34,8,19,0,0,1,1,0,1,11,6,18.05,11,30,6,17,2,2,5,0,0,3,4,4
Kameron Hankerson,Green Bay,2019-20,20.0,76,157,20,53,15,22,44,22,3,14,49,25,16.57,54,134,16,42,26,29,41,14,11,11,31,24
Kameron Hickey,Oneonta State,2019-20,20.0,3,4,1,2,0,0,0,1,0,0,1,1,17.78,1,3,0,2,1,1,0,0,0,0,1,0
Kameron King,,2019-20,0.0,0,0,0,0,0,0,0,0,0,0,0,0,0.0,0,0,0,0,0,0,0,0,0,1,0,0
Kameron Langley,North Carolina A&T,2019-20,20.0,14,44,1,4,12,20,47,10,1,9,29,27,14.98,24,53,1,4,18,37,46,10,0,8,23,17
Kameron McGusty,Miami,2019-20,20.0,56,134,16,50,24,30,19,8,3,8,37,32,14.87,60,135,18,51,22,31,22,9,1,4,54,27
Kameron Ng,Hawai'i,2019-20,20.0,3,8,2,4,1,2,1,0,0,1,2,5,16.12,2,3,0,0,0,0,2,0,0,0,1,3
Kameron Waters,Reinhardt,2019-20,20.0,0,2,0,0,0,0,0,0,0,1,0,0,14.92,1,3,0,0,0,3,0,0,0,2,1,1
Kameron Williams,Cornell College,2019-20,0.0,0,0,0,0,0,0,0,0,0,0,0,0,14.87,1,1,1,1,0,0,1,0,0,0,1,1
Kamil Chapman,Carson Newman,2019-20,20.0,0,2,0,1,0,0,0,0,0,0,1,0,14.85,1,3,0,2,2,4,0,1,0,0,1,0
Kamren Sherrod,Regent University,2019-20,20.0,4,14,0,2,0,2,1,2,1,3,5,6,14.97,0,8,0,0,2,2,1,4,0,2,4,4
Kamron Reaves,Florida A&M,2019-20,20.0,15,57,4,26,5,8,16,7,0,1,14,18,14.58,12,49,2,16,7,10,11,7,0,0,12,17
Kamryn Mauel,St. Andrews,2019-20,20.0,0,2,0,0,0,0,0,0,0,0,0,0,14.92,0,0,0,0,0,0,0,0,0,0,0,0
Kamto Eze,Maryville University,2019-20,20.0,1,1,0,0,0,0,0,2,1,2,1,0,14.77,0,0,0,0,0,0,0,0,1,0,0,0
Kane Keil,Antelope Valley,2019-20,20.0,0,4,0,3,0,0,1,0,0,1,1,2,17.9,2,2,1,1,0,0,0,1,1,0,1,0
Kane Milling,Nevada,2019-20,20.0,7,27,3,16,6,8,16,6,0,4,25,11,20.0,12,32,7,20,2,7,10,3,0,1,10,5
Kane Williams,Georgia State,2019-20,20.0,66,142,18,47,63,79,65,26,7,23,49,35,14.9,64,180,19,58,78,102,68,20,5,21,42,46
Kani Acree,Ball State,2019-20,0.0,19,46,6,26,9,12,4,7,1,8,26,11,14.92,14,31,3,12,11,13,10,3,2,11,19,8
Kansas,,2019-20,0.0,0,0,0,0,0,0,0,0,0,19,20,4,0.0,0,0,0,0,0,0,0,0,0,21,29,10
Kansas State,,2019-20,0.0,0,0,0,0,0,0,0,0,0,24,22,6,0.0,0,0,0,0,0,0,0,0,0,36,21,6
Kaosi Ezeagu,,2019-20,0.0,0,0,0,0,0,0,0,0,0,0,0,0,0.0,0,0,0,0,0,0,0,0,0,0,0,1
Kareem Lubin,SUNY-Cortland,2019-20,20.0,1,3,0,1,2,2,1,0,0,1,1,0,14.93,0,0,0,0,0,0,0,0,0,0,0,0
Kareem Reid,Gardner-Webb,2019-20,20.0,44,66,0,1,14,29,6,9,24,20,30,13,20.0,32,55,1,1,7,22,2,5,18,29,20,11
Kareem South,California,2019-20,20.0,49,129,16,55,12,14,16,8,0,9,25,21,17.72,33,103,14,47,32,37,13,13,2,7,19,8
Karl Harris,Northern Kentucky,2019-20,20.0,18,33,4,13,4,4,4,7,3,5,14,7,14.87,12,27,5,10,14,18,5,3,2,10,21,4
Karl Johnson,Tougaloo,2019-20,20.0,0,1,0,0,0,0,0,0,0,0,0,0,14.8,0,0,0,0,0,0,0,0,0,0,0,0
Karl Polk,North Park,2019-20,20.0,1,3,0,0,0,0,0,0,0,0,1,0,19.65,0,2,0,0,0,0,2,1,1,2,2,1
Karlis Silins,Florida Atlantic,2019-20,19.97,30,75,7,18,15,19,7,3,6,15,25,19,20.0,47,86,8,18,33,46,5,2,7,27,30,17
Karrington Davis,Southern Illinois,2019-20,0.0,7,29,0,9,4,8,0,5,1,4,12,7,20.0,13,28,4,9,8,13,0,1,1,8,12,6
Karrington Wallace,Central Connecticut,2019-20,20.0,15,39,0,0,2,4,3,3,7,5,20,8,17.95,18,37,0,1,24,30,5,3,11,10,26,10
Kase Robinson,Oakland City,2019-20,20.0,2,4,0,1,2,2,0,2,0,1,1,1,14.98,1,4,0,0,0,0,1,2,0,0,0,4
Kaseem Dupree,Portland Bible,2019-20,20.0,2,3,1,2,0,0,0,0,0,1,0,7,14.98,3,4,0,0,0,0,0,0,0,0,0,2
Kashaun Hicks,Norfolk State,2019-20,20.0,18,45,10,27,9,12,5,6,1,9,21,16,14.92,17,42,8,26,17,21,3,5,0,2,27,10
Kashawn Charles,Eastern Illinois,2019-20,20.0,34,74,16,43,5,9,5,8,0,5,10,8,14.78,22,44,16,32,9,11,3,4,0,0,16,2
Kasheem Thomas,Cleveland State,2019-20,20.0,14,60,11,38,10,16,24,12,0,2,24,19,14.98,27,71,19,48,12,17,19,16,1,3,16,12
Kason Eiselein,Rocky Mountain,2019-20,20.0,1,1,1,1,0,0,0,0,0,0,1,1,14.87,1,2,0,0,0,0,0,0,0,1,1,2
Kassim Nicholson,UAB,2019-20,20.0,34,84,8,25,8,10,3,13,3,14,47,21,20.0,27,72,4,21,22,29,6,4,6,16,36,11
Kavin Ezekwe,Texas Dallas,2019-20,20.0,2,3,1,2,0,0,0,0,0,0,0,1,14.9,2,3,1,1,0,0,0,1,0,0,0,0
Kavonte Ivery,Georgia State,2019-20,20.0,21,58,10,34,7,8,11,10,4,7,27,12,14.9,13,25,3,12,2,4,5,2,3,7,20,4
Kawanise Wilkins,Western Michigan,2019-20,5.0,2,6,0,1,0,0,0,2,1,1,3,3,20.0,0,0,0,0,2,2,2,1,0,0,0,3
Kayne Henry,Jacksonville State,2019-20,20.0,59,141,13,39,24,31,10,9,10,34,69,20,19.48,54,95,6,17,29,38,12,12,9,33,61,21
Kayode Daboiku,Brescia,2019-20,20.0,2,2,1,1,2,4,0,0,0,1,2,0,14.97,1,5,0,1,0,0,0,0,0,0,1,1
Ke Roberson,Crowley's Ridge College,2019-20,0.0,0,0,0,0,0,0,0,0,0,0,0,0,14.97,0,2,0,2,0,0,0,0,0,0,3,1
Ke'Lyn Adams,Arkansas Tech,2019-20,20.0,0,3,0,2,0,0,1,0,0,0,3,1,17.87,0,0,0,0,0,0,0,0,0,0,0,2
Ke'Sean Davis,Chicago State,2019-20,20.0,27,58,7,21,19,26,7,1,9,6,45,31,18.08,21,38,1,5,13,20,11,2,4,8,21,13
KeShawn Curry,VCU,2019-20,20.0,22,62,3,17,14,29,15,10,3,6,26,12,18.45,27,52,3,9,21,32,15,7,4,5,31,17
Kean,,2019-20,0.0,0,0,0,0,0,0,0,0,0,2,1,3,0.0,0,0,0,0,0,0,0,0,0,0,1,0
Keandre Cook,Missouri State,2019-20,20.0,87,201,37,91,26,33,24,16,8,10,66,38,20.0,67,165,31,73,67,82,22,12,5,13,60,33
Keandre Graves,Central State (OH),2019-20,20.0,0,2,0,2,0,0,0,0,1,0,0,2,14.88,0,2,0,1,0,0,0,0,0,0,1,0
Keanu Peters,Westcliff,2019-20,20.0,3,6,2,4,0,0,0,0,0,0,0,1,14.8,1,5,0,4,0,0,3,0,1,0,0,1
Keaston Willis,Incarnate Word,2019-20,20.0,67,176,41,112,13,19,15,12,1,9,32,26,15.82,61,156,38,105,37,45,14,11,1,5,31,14
Keaston Wills,,2019-20,0.0,0,0,0,0,3,3,0,0,0,0,1,0,5.85,0,3,0,1,2,2,0,1,0,0,0,1
Keaton Shaw,St. Thomas (TX),2019-20,20.0,2,7,1,5,0,0,0,1,0,0,3,3,20.0,3,5,1,2,0,0,0,0,0,1,6,0
Keaton Van Soelen,Air Force,2019-20,20.0,20,42,3,7,11,15,13,2,7,14,35,11,20.0,11,28,3,11,23,33,12,2,7,12,31,6
Keaton Wallace,UTSA,2019-20,20.0,87,208,42,105,45,52,39,16,3,11,57,32,17.8,77,199,27,93,40,52,38,11,6,10,41,31
Kedrick Bibby,,2019-20,0.0,0,0,0,0,0,0,0,0,0,0,0,0,0.0,0,0,0,0,0,0,0,0,0,0,0,1
Kedron Rollings,Central Christian College,2019-20,20.0,0,3,0,1,0,0,2,0,0,0,0,2,14.87,1,3,1,2,0,0,1,1,0,0,2,3
Keegan Records,Colgate,2019-20,0.0,29,46,0,0,3,6,2,3,8,23,32,8,20.0,25,38,0,0,6,10,9,2,13,32,22,6
Keegan Savary,Mount Marty,2019-20,20.0,2,3,1,2,0,0,0,0,0,1,0,0,18.98,0,0,0,0,0,0,0,1,0,0,0,0
Keenan Fitzmorris,Stanford,2019-20,0.0,0,0,0,0,0,0,0,0,0,0,0,0,14.92,0,1,0,1,0,0,0,0,0,0,1,2
Keenon Cole,Northern Illinois,2019-20,20.0,0,2,0,1,0,0,0,1,0,0,1,0,15.1,1,4,0,2,1,3,1,0,1,1,3,2
Keeshawn Kellman,Princeton,2019-20,20.0,4,4,0,0,2,2,0,0,1,1,3,4,19.47,5,8,0,0,0,0,1,0,1,0,0,1
Keeving Etienne,Shorter,2019-20,20.0,1,5,0,0,0,0,0,0,0,1,3,3,14.85,1,7,0,2,0,0,0,0,0,0,2,1
Keion Brooks,Kentucky,2019-20,20.0,4,7,0,1,0,2,0,0,0,2,3,4,20.0,1,3,0,1,1,4,0,0,0,2,3,0
Keion Brooks Jr.,Kentucky,2019-20,20.0,30,61,3,10,3,4,2,7,8,13,35,14,20.0,22,50,2,7,12,16,3,3,5,14,25,6
Keishawn Brewton,Coastal Carolina,2019-20,20.0,42,113,28,78,22,29,9,16,3,4,18,20,20.0,48,108,28,69,20,25,6,9,5,5,11,15
Keishawn Davidson,Tennessee Tech,2019-20,20.0,39,103,18,50,11,15,67,13,1,4,33,40,18.85,53,133,18,57,27,33,61,16,3,13,29,34
Keison Mcintosh,Medgar Evers,2019-20,20.0,1,5,1,3,0,0,0,1,0,0,1,2,15.0,0,1,0,1,0,0,0,0,0,0,1,1
Keith Braxton,St. Francis (PA),2019-20,20.0,88,184,16,52,22,26,52,19,4,19,93,35,18.45,77,165,15,45,61,78,48,15,4,14,74,27
Keith Clemons,Loyola Chicago,2019-20,20.0,42,82,21,39,23,32,23,11,1,2,9,13,19.87,31,76,13,37,30,44,25,15,0,6,21,17
Keith Fisher III,Illinois State,2019-20,20.0,47,106,3,10,23,40,11,10,3,40,56,39,20.0,52,113,6,13,38,54,11,9,4,28,50,24
Keith Hammonds,Summit,2019-20,19.98,1,2,0,0,1,2,1,1,0,2,3,2,14.97,1,2,0,0,1,2,0,1,0,0,0,3
Keith Haymon,Northern Arizona,2019-20,0.0,5,15,4,12,0,0,3,0,0,4,2,4,14.87,6,13,3,10,1,2,1,0,1,1,1,4
Keith Heard,,2019-20,0.0,0,0,0,0,0,0,0,0,2,0,0,1,0.0,0,0,0,0,0,0,0,0,0,0,0,0
Keith Jordan Jr,Siena Heights,2019-20,20.0,0,0,0,0,0,0,2,0,0,0,0,0,14.9,0,0,0,0,0,0,0,0,0,0,0,0
Keith Jordan Jr.,Siena Heights,2019-20,20.0,4,13,2,7,2,2,0,1,1,2,4,4,14.9,2,2,1,1,0,0,0,0,0,1,0,0
Keith Krouser,Carver College,2019-20,20.0,2,6,1,4,2,3,2,1,1,0,11,9,14.98,1,6,0,2,0,0,1,2,0,0,1,1
Keith McGee,New Mexico,2019-20,20.0,24,67,11,44,5,6,16,8,2,3,21,10,15.18,39,69,17,37,4,7,7,3,1,10,10,7
Keith Smith,Pepperdine,2019-20,20.0,25,71,6,22,8,14,46,25,3,11,57,26,17.72,22,50,6,15,18,27,37,19,3,5,37,20
Keith Stone,Miami,2019-20,0.0,16,45,6,23,6,7,8,5,4,9,26,8,20.0,11,29,1,10,13,17,6,13,7,14,22,7
Keith Williams,Cincinnati,2019-20,20.0,58,141,15,40,33,37,22,20,14,15,51,28,20.0,71,154,10,36,37,49,21,16,13,26,36,22
Keiton Hall,,2019-20,2.62,0,2,0,2,0,0,3,0,0,0,0,0,0.0,1,4,0,3,0,0,0,0,0,0,0,0
Kelan Walker,Shorter,2019-20,20.0,1,3,0,0,0,0,1,0,0,0,1,1,14.85,0,0,0,0,0,0,1,0,0,1,0,1
Kelden Pruitt,Texas Dallas,2019-20,20.0,1,3,1,1,0,0,0,2,0,1,2,0,14.9,1,1,0,0,0,0,0,0,0,1,1,0
Keli Leaupepe,Loyola Marymount,2019-20,20.0,53,96,8,25,23,26,10,3,3,19,30,15,14.8,50,89,14,31,36,41,13,5,3,33,38,23
Kellan Grady,Davidson,2019-20,20.0,91,184,26,65,29,36,37,16,2,6,62,29,20.0,89,201,25,69,58,74,36,17,2,11,43,32
Kellen Hodge,Bridgewater,2019-20,20.0,2,4,1,2,1,2,1,1,0,1,0,4,14.93,0,1,0,1,0,0,0,0,0,0,0,0
Kellen King,Missouri-St. Louis,2019-20,20.0,0,1,0,1,0,0,1,0,0,0,2,1,19.72,0,0,0,0,0,0,0,0,0,0,2,0
Kelton Edwards,Grambling,2019-20,20.0,25,64,6,22,0,3,1,6,4,5,21,11,19.92,30,64,8,17,11,18,5,9,2,7,7,7
Kelton Williams,Pacific Lutheran,2019-20,20.0,1,5,0,0,1,2,0,1,0,0,1,1,14.82,0,3,0,1,2,2,0,0,0,1,0,0
Kelvin Chest,Summit,2019-20,19.98,1,3,1,1,0,0,0,1,0,0,0,2,14.97,1,3,0,2,0,1,0,0,0,0,2,2
Kelvin Jones,Creighton,2019-20,20.0,13,32,0,0,1,4,3,7,8,26,19,11,20.0,9,12,0,0,3,6,7,1,5,12,22,11
Kelvin Turner-Harris,Mount St. Vincent,2019-20,20.0,3,6,1,2,0,0,0,0,0,0,1,1,14.97,0,1,0,1,0,0,0,0,0,0,0,0
Kenan Blackshear,Florida Atlantic,2019-20,19.97,12,48,1,12,16,24,12,7,0,12,34,17,20.0,14,33,1,10,13,20,13,5,0,8,20,11
Kendal James,Spalding,2019-20,20.0,0,1,0,1,0,0,1,0,0,0,3,0,14.83,1,3,1,2,0,0,0,0,0,0,0,0
Kendal Manuel,Montana,2019-20,20.0,62,155,24,69,12,13,33,13,2,3,39,24,16.37,76,161,28,65,53,59,20,12,0,4,39,21
Kendall Blount,Kean,2019-20,20.0,4,7,3,5,0,0,0,0,0,0,1,0,14.95,0,1,0,0,0,0,1,0,0,0,2,0
Kendall Lauderdale,Albany,2019-20,20.0,29,61,0,1,5,8,5,6,1,13,30,9,14.9,22,43,0,0,13,23,5,4,2,13,20,8
Kendall Lewis,Appalachian State,2019-20,20.0,38,73,0,3,30,39,19,20,8,18,42,32,20.0,40,73,0,2,30,48,12,18,10,24,33,20
Kendall Norrington,Bob Jones University,2019-20,20.0,4,7,0,1,3,4,0,0,0,1,5,2,15.25,3,5,0,0,5,7,0,0,0,2,1,3
Kendall Small,Chaminade,2019-20,20.0,2,12,0,0,3,6,10,3,0,1,6,7,14.72,8,17,0,0,6,7,3,2,0,3,8,10
Kendall Wright,Rust,2019-20,20.0,2,4,1,2,2,2,1,0,0,0,0,1,15.2,1,4,0,1,0,0,0,0,0,1,1,1
Kendle Moore,Colorado State,2019-20,20.0,44,103,31,72,14,20,31,22,0,3,30,18,19.97,44,84,27,55,25,32,32,15,0,3,33,16
Kendric Davis,SMU,2019-20,20.0,62,142,16,51,28,33,78,13,1,5,49,36,20.0,58,126,11,36,51,61,83,17,1,9,39,26
Kendrick Robinson,Peru State College,2019-20,20.0,3,11,1,3,2,2,4,1,0,1,2,6,14.98,1,4,0,2,0,0,0,0,0,0,1,2
Kennard Robinson,St. Thomas (TX),2019-20,20.0,0,6,0,1,1,2,4,0,0,1,3,5,20.0,0,5,0,1,0,0,0,0,0,1,1,4
Kennedy Koehler,UC Davis,2019-20,0.0,29,67,4,10,10,12,14,9,3,17,39,16,14.75,30,66,1,9,28,40,11,7,5,20,42,15
Kennesaw State,,2019-20,0.0,0,0,0,0,0,0,0,0,0,29,22,12,0.0,0,0,0,0,0,0,0,0,0,23,12,8
Kenneth Lewis,Jackson State,2019-20,0.0,1,5,1,3,1,2,2,1,0,0,0,1,19.65,1,4,0,3,1,3,0,0,0,1,0,0
Kenneth McCullough-Lomax Jr.,Malone University,2019-20,19.92,1,3,1,3,0,0,0,0,0,0,0,0,18.48,0,0,0,0,0,0,0,0,0,0,0,0
Kenneth Santos,Florida National,2019-20,20.0,3,8,2,4,0,0,1,1,0,2,3,3,19.92,7,11,2,4,1,2,1,0,0,0,4,1
Kenneth Turner,Bridgewater,2019-20,20.0,2,5,2,5,1,1,1,0,0,0,1,1,14.93,1,5,1,3,0,0,1,0,0,0,1,2
Kenneth Williams,,2019-20,0.0,0,0,0,0,0,0,0,1,0,0,0,1,0.0,0,0,0,0,0,0,0,0,0,0,1,0
Kenny Aninye,Stetson,2019-20,0.0,17,60,8,23,6,8,23,5,1,6,25,14,20.0,31,66,6,18,33,40,23,11,0,5,28,20
Kenny Berry,Missouri-St. Louis,2019-20,0.0,0,0,0,0,0,0,0,0,0,0,0,0,19.72,0,1,0,1,1,2,0,0,0,0,0,0
Kenny Foster,Wyoming,2019-20,0.0,29,79,10,45,12,17,15,9,1,5,36,19,14.88,23,71,10,33,8,12,19,3,2,4,32,9
Kenny Jones,Loyola (MD),2019-20,19.98,18,49,11,33,3,3,20,10,3,0,23,18,14.92,32,82,23,57,11,17,34,16,1,0,11,21
Kenny Lewis,Widener,2019-20,20.0,2,4,0,0,2,2,0,1,1,3,0,0,14.8,0,0,0,0,0,2,1,1,0,2,0,0
Kenny Macklin,San Francisco State,2019-20,20.0,2,2,0,0,0,0,0,0,0,0,0,1,14.97,0,0,0,0,0,0,0,0,0,0,1,0
Kenny Olsen,Sonoma State,2019-20,20.0,3,5,0,0,1,1,0,0,0,0,3,1,14.92,0,2,0,0,0,0,0,0,0,2,2,0
Kenny Pittman Jr,Oakland,2019-20,0.0,0,0,0,0,0,0,1,0,0,0,0,0,20.0,0,0,0,0,0,0,3,0,0,0,0,0
Kenny Pittman Jr.,Oakland,2019-20,20.0,2,8,0,5,0,0,0,1,0,0,9,2,14.93,6,17,5,13,2,2,0,3,0,1,11,6
Kenny Washington,Indiana South Bend,2019-20,20.0,0,1,0,0,0,0,1,0,0,0,0,0,17.2,0,0,0,0,0,0,2,0,0,0,3,1
Kenny Wright Jr,Willamette,2019-20,0.0,0,0,0,0,0,0,0,0,0,0,0,0,14.98,0,0,0,0,0,0,1,0,0,0,0,0
Kenny Wright Jr.,Willamette,2019-20,20.0,0,1,0,0,0,0,0,1,0,0,1,2,14.98,0,1,0,0,0,0,0,0,0,0,2,0
Kensen Vaughan,Olivet Nazarene,2019-20,20.0,0,1,0,0,2,2,0,1,0,0,1,1,20.0,0,0,0,0,0,0,1,0,0,0,3,0
Kenshun White,Rust,2019-20,20.0,0,0,0,0,1,2,0,0,0,0,0,0,15.2,0,1,0,1,0,0,0,0,0,0,0,0
Kent State,,2019-20,0.0,0,0,0,0,0,0,0,0,0,21,26,8,0.0,0,0,0,0,0,0,0,0,0,28,23,6
Kent Thomas,Southwest Baptist,2019-20,20.0,1,2,0,1,1,1,1,0,0,0,0,0,18.18,1,3,1,2,0,0,0,0,0,0,0,2
Kenta Jones,Concordia Illinois,2019-20,20.0,1,1,1,1,0,0,1,0,0,0,0,1,14.97,1,1,1,1,0,0,1,0,0,0,0,1
Kenton Bibbs,Trinity Baptist,2019-20,20.0,7,16,0,1,0,2,1,0,0,2,3,1,14.93,2,7,0,1,2,2,2,1,0,3,1,4
Kenton Thoms,Simpson College,2019-20,0.0,0,0,0,0,0,0,0,0,0,0,0,0,14.98,0,2,0,0,0,0,0,0,0,0,0,0
Kentrell Jacobs,Champion Christian College,2019-20,20.0,7,10,6,9,0,0,1,2,0,1,3,1,14.98,3,12,2,10,3,6,1,3,0,0,3,3
Kentucky,,2019-20,0.0,0,0,0,0,0,0,0,0,0,27,21,7,0.0,0,0,0,0,0,0,0,0,0,21,22,6
Kentucky Christian,,2019-20,0.0,0,0,0,0,0,0,0,0,0,3,0,1,0.0,0,0,0,0,0,0,0,0,0,1,0,0
Kentucky Wesleyan,,2019-20,0.0,0,0,0,0,0,0,0,0,0,2,0,0,0.0,0,0,0,0,0,0,0,0,0,0,1,0
Kenyatta Louder,Whittier,2019-20,20.0,0,1,0,1,0,0,1,0,0,1,1,3,14.75,0,2,0,0,0,0,0,1,0,0,0,1
Kenyon Duling,SIU-Edwardsville,2019-20,20.0,24,66,14,39,3,5,15,4,2,5,25,8,20.0,21,61,11,33,9,13,16,4,1,8,11,12
Kenzie Melko,Fairmont State,2019-20,20.0,1,4,0,2,0,0,3,0,0,1,3,1,14.8,1,4,1,4,0,0,0,0,0,0,3,2
Keon Clergeot,UMass,2019-20,20.0,28,78,12,44,20,27,25,10,0,8,30,20,18.8,19,52,9,29,16,23,18,13,0,2,14,21
Keondre Kennedy,UMBC,2019-20,20.0,25,78,10,44,7,9,9,3,2,10,33,14,14.83,25,58,9,32,13,19,8,2,5,11,22,10
Keondre Schumacher,Illinois Wesleyan,2019-20,20.0,1,7,0,3,0,0,0,0,0,1,3,0,17.18,2,4,0,1,1,3,1,0,0,1,1,1
Kerry Blackshear Jr,Florida,2019-20,20.0,0,0,0,0,0,0,11,0,0,0,0,0,17.93,0,0,0,0,0,0,9,0,0,0,0,0
Kerry Blackshear Jr.,Florida,2019-20,20.0,61,140,14,50,62,73,17,13,8,39,85,36,17.93,49,114,10,31,69,94,8,5,10,34,65,19
Keshad Johnson,San Diego State,2019-20,20.0,4,17,2,11,0,2,1,2,0,3,4,1,14.9,4,8,1,3,3,6,2,1,1,2,2,2
Keshaun Saunders,Toledo,2019-20,20.0,40,104,22,57,14,20,18,6,3,4,26,27,20.0,37,96,16,51,20,27,16,10,0,7,29,28
Keshawn Justice,Santa Clara,2019-20,20.0,52,120,24,63,22,26,24,15,6,4,47,12,20.0,45,105,24,61,20,21,32,15,3,6,45,18
Kessler Edwards,Pepperdine,2019-20,20.0,70,154,31,68,43,56,20,20,25,37,75,28,17.72,74,138,20,52,40,52,21,11,31,39,78,15
Kevin Anderson,Delaware,2019-20,20.0,51,106,19,51,15,21,53,17,6,5,47,30,14.93,72,139,15,41,29,41,47,22,6,9,51,41
Kevin Baker,Paul Quinn,2019-20,0.0,2,5,0,1,0,0,2,0,1,2,2,1,14.83,3,5,0,0,5,5,1,1,0,1,3,0
Kevin Beans Jr,Hiram,2019-20,0.0,0,0,0,0,0,0,0,0,0,0,0,0,14.98,0,0,0,0,0,0,1,0,0,0,0,0
Kevin Beans Jr.,Hiram,2019-20,20.0,0,1,0,0,0,0,0,1,0,1,0,0,14.98,1,4,0,2,0,0,0,0,0,2,2,1
Kevin Collier,Penn State-York,2019-20,0.0,0,0,0,0,0,0,0,0,0,0,1,1,14.85,0,0,0,0,0,0,2,0,0,0,0,1
Kevin Cross,Nebraska,2019-20,20.0,30,105,11,48,8,11,17,1,6,12,38,17,18.43,36,99,14,47,16,21,16,6,3,12,37,14
Kevin Dodds,Gannon,2019-20,20.0,0,0,0,0,0,0,1,1,0,0,2,1,17.83,0,0,0,0,0,0,1,0,0,0,1,0
Kevin Doty,US Merchant Marine Academy,2019-20,20.0,1,4,0,2,1,1,0,0,0,0,1,2,14.97,0,1,0,1,0,0,1,0,0,0,2,2
Kevin Fletcher,Mid-Atlantic Christian University,2019-20,20.0,7,22,5,17,4,6,0,1,0,1,3,4,14.88,6,21,3,12,4,5,2,0,0,2,3,4
Kevin Fromelt,Gettysburg,2019-20,0.0,0,0,0,0,0,0,0,0,0,0,0,0,17.9,0,0,0,0,0,0,1,0,0,0,0,0
Kevin Garrison,Vermont,2019-20,0.0,0,0,0,0,0,0,0,0,0,0,0,0,14.92,0,1,0,1,0,0,1,0,0,1,0,0
Kevin Grau Rodriguez,Emory & Henry,2019-20,20.0,1,3,1,2,0,0,1,0,0,1,1,0,14.93,2,2,1,1,0,0,0,0,0,1,1,1
Kevin Hamlet,Central Michigan,2019-20,20.0,3,6,1,2,3,5,0,0,2,2,5,2,14.87,4,6,0,0,3,8,2,1,1,2,8,1
Kevin Holston,Alabama State,2019-20,20.0,17,46,5,17,8,15,20,7,3,0,15,21,14.88,20,47,10,24,13,20,15,9,3,3,11,20
Kevin Johnson,Nicholls,2019-20,16.73,45,119,24,66,23,29,57,31,1,8,36,32,20.0,44,106,16,42,41,50,54,27,0,6,34,26
Kevin Kangu,Oakland,2019-20,20.0,15,67,3,30,8,11,47,13,2,3,27,27,14.93,24,54,12,28,11,22,38,7,2,3,20,22
Kevin Kremer,Chaminade,2019-20,0.0,0,1,0,0,0,0,0,0,0,0,6,3,14.72,1,3,0,2,0,0,0,0,0,0,3,1
Kevin Mackin,Oneonta State,2019-20,20.0,0,2,0,1,0,0,2,0,1,0,1,1,17.78,1,2,1,2,0,0,0,0,0,1,0,0
Kevin Major,Penn State Wilkes-Barre,2019-20,20.0,1,3,0,1,6,6,4,0,0,0,2,0,14.67,0,1,0,0,0,0,0,0,0,0,0,0
Kevin Marfo,Quinnipiac,2019-20,20.0,40,74,1,2,48,62,25,7,21,75,114,35,20.0,45,102,0,1,69,104,29,11,13,53,135,23
Kevin McCullar,Texas Tech,2019-20,20.0,18,47,2,14,9,13,5,14,5,9,30,19,14.92,33,51,3,4,25,31,12,14,3,17,23,10
Kevin McKay,Central Michigan,2019-20,20.0,60,108,1,13,38,46,17,24,12,30,48,27,14.87,75,116,0,7,28,45,20,15,8,28,48,23
Kevin Mcneal,Arkansas Tech,2019-20,20.0,0,1,0,0,1,2,1,0,0,0,1,0,17.87,0,2,0,1,0,0,0,0,0,0,0,2
Kevin Morris,South Alabama,2019-20,0.0,4,9,0,0,0,0,1,1,3,4,4,1,18.2,4,11,0,0,2,6,0,0,3,9,5,1
Kevin Norman,Jacksonville,2019-20,20.0,41,109,22,66,13,20,16,15,2,13,46,16,17.95,36,95,8,43,19,21,11,15,0,20,38,18
Kevin Obanor,Oral Roberts,2019-20,20.0,58,117,20,50,40,48,11,9,10,46,63,26,20.0,47,95,12,33,36,46,9,3,9,31,41,12
Kevin Powell,Morehouse College,2019-20,20.0,1,2,0,0,0,0,0,0,0,1,0,0,14.9,0,0,0,0,0,0,0,0,1,0,1,2
Kevin Rapp,Southern-New Orleans,2019-20,20.0,2,6,1,2,0,1,1,0,0,0,0,4,15.27,0,1,0,1,1,2,0,0,0,1,0,1
Kevin Rice,Siena Heights,2019-20,20.0,2,3,0,0,0,0,0,1,1,1,1,2,14.9,2,2,0,0,0,0,1,0,2,1,1,1
Kevin Samuel,TCU,2019-20,20.0,81,115,0,0,13,35,6,16,37,55,88,22,17.17,51,84,0,0,21,57,6,14,41,45,62,20
Kevin Schutte,Hofstra,2019-20,20.0,14,27,0,0,1,3,2,2,5,24,23,4,20.0,4,9,0,0,4,4,1,3,6,8,12,2
Kevin Senghore-Peterson,Fairfield,2019-20,20.0,7,30,1,4,8,12,5,1,2,16,25,7,20.0,9,24,0,3,12,26,2,2,1,9,21,9
Kevin Shen,Rhodes College,2019-20,20.0,3,7,1,4,0,0,0,0,0,0,1,1,14.93,1,5,1,1,0,0,1,0,0,0,0,0
Kevin Smith,Montevallo,2019-20,0.0,0,0,0,0,0,0,0,0,0,0,0,0,19.52,2,2,1,1,0,0,0,1,0,1,0,1
Kevin Smith II,Siena Heights,2019-20,20.0,6,12,4,8,0,0,1,0,0,1,0,3,14.9,0,1,0,0,0,0,0,0,0,0,0,0
Kevin Underwood,Nazareth,2019-20,20.0,1,3,0,0,0,0,0,0,0,0,1,1,14.97,0,1,0,0,0,0,0,0,0,0,2,1
Kevin Zhang,Tulane,2019-20,20.0,28,74,10,37,11,16,8,15,6,9,17,20,17.97,23,51,9,23,5,7,5,4,10,10,18,7
Kevion Stewart,Alabama State,2019-20,20.0,16,54,7,37,7,11,3,5,4,4,12,10,20.0,8,34,4,22,8,13,1,8,0,4,7,5
Kevlin Swint,Bethesda,2019-20,20.0,1,2,1,2,0,0,1,0,0,1,1,1,14.88,0,1,0,0,0,0,1,0,0,0,1,1
Kevon Harris,Stephen F. Austin,2019-20,20.0,78,171,30,66,56,74,32,25,5,21,58,48,16.37,67,147,23,61,79,102,28,21,1,21,60,47
Kevon Meertins,Greensboro,2019-20,20.0,1,5,0,1,2,2,3,2,0,1,1,4,14.92,0,6,0,4,3,4,1,1,0,0,0,1
Kevon Voyles,Maryland-Eastern Shore,2019-20,20.0,20,56,3,20,2,6,6,14,0,7,8,9,14.78,13,45,8,27,5,6,6,7,0,2,14,8
KeyShawn Feazell,,2019-20,13.88,8,24,1,10,3,6,7,1,1,7,20,9,0.0,4,11,3,5,2,2,2,2,2,3,13,7
Keyford Langley,Greensboro,2019-20,20.0,6,15,5,14,2,3,8,2,0,0,2,2,14.92,5,13,3,8,0,0,4,0,0,2,3,4
Keylan Boone,Oklahoma State,2019-20,20.0,16,39,7,22,3,6,5,7,3,16,22,3,20.0,6,19,2,8,0,0,1,2,0,7,7,3
Keymonta Johnson,Illinois-Springfield,2019-20,20.0,0,5,0,1,4,4,0,0,0,1,2,2,17.85,1,1,0,0,2,2,0,2,1,0,1,2
Keyon Craddock,,2019-20,0.0,0,0,0,0,0,0,0,0,0,0,0,0,0.0,0,0,0,0,0,0,0,0,0,0,0,1
Keyontae Johnson,Florida,2019-20,20.0,73,145,10,36,24,33,20,11,4,26,74,24,17.93,87,150,18,40,45,57,26,24,5,26,86,27
Keysean Simmonds,Rutgers-Camden,2019-20,20.0,0,4,0,1,1,2,0,0,0,0,0,0,14.82,2,2,0,0,2,2,0,0,0,0,1,1
Keyshaad Dixon,Idaho,2019-20,0.0,13,42,5,17,8,9,30,10,1,0,34,20,20.0,15,57,3,22,12,18,20,11,5,1,25,25
Keyshaun Langley,UNC Greensboro,2019-20,20.0,37,82,22,55,13,13,29,15,2,3,20,16,14.98,24,59,13,36,19,21,29,15,0,2,24,19
Keyshaun Street,Delta State,2019-20,20.0,2,6,2,4,0,0,0,1,0,0,1,3,14.98,7,9,4,4,1,3,0,0,0,0,0,2
Keyshawn Bryant,South Carolina,2019-20,20.0,31,75,1,10,16,22,17,9,11,10,36,26,20.0,43,87,0,5,27,41,10,9,6,17,29,13
Keyshawn Dorsey,Greensboro,2019-20,20.0,1,2,0,0,0,0,0,0,0,0,1,2,14.92,1,2,0,0,2,2,1,2,0,0,0,1
Khadim Gueye,Tampa,2019-20,20.0,0,1,0,0,0,0,0,0,0,1,3,2,14.97,0,0,0,0,2,2,0,0,1,0,2,3
Khadim Sy,Ole Miss,2019-20,20.0,50,110,2,16,31,41,8,12,10,16,60,30,14.93,46,76,4,9,21,32,13,7,11,28,47,17
Khalid Campbell,Arkansas-Pine Bluff,2019-20,0.0,0,3,0,1,0,0,1,0,0,2,0,0,20.0,1,4,0,3,0,0,0,0,1,1,1,1
Khalid Davis,,2019-20,0.0,0,0,0,0,0,0,0,0,0,0,2,0,0.0,0,0,0,0,0,0,0,0,0,0,1,0
Khalid Moore,Georgia Tech,2019-20,17.37,19,53,5,11,9,19,18,10,2,8,27,12,20.0,12,34,4,17,13,25,13,6,2,8,18,22
Khalid Price,Menlo,2019-20,20.0,0,2,0,1,0,0,2,0,0,0,1,0,17.82,1,2,0,1,0,0,0,0,0,0,2,0
Khalid Thomas,Arizona State,2019-20,0.0,13,21,8,14,2,6,3,7,0,4,14,1,15.18,8,19,4,11,2,3,2,4,2,4,11,2
Khalief Crawford,Merrimack,2019-20,20.0,0,5,0,2,0,0,1,0,0,0,2,3,14.98,4,11,1,6,3,3,4,1,0,1,2,4
Khalif Battle,Butler,2019-20,20.0,11,33,7,19,0,2,5,4,0,0,8,12,14.88,9,27,5,18,8,11,3,2,0,0,13,3
Khalil Chapman,Averett,2019-20,0.0,0,0,0,0,0,0,0,0,0,0,0,0,14.7,1,1,0,0,0,0,0,1,0,1,1,0
Khalil Cuffee,,2019-20,11.77,0,4,0,4,1,2,0,0,1,0,1,1,0.0,6,10,1,4,1,2,2,0,0,0,1,0
Khalil Johnson,,2019-20,0.0,0,0,0,0,0,0,0,0,0,0,0,1,0.0,0,0,0,0,0,0,0,0,0,0,0,0
Khalil Jordan,William Carey,2019-20,0.0,0,0,0,0,0,0,0,0,0,0,0,0,17.92,1,1,0,0,0,0,1,0,0,0,0,0
Khalil Robinson,Howard,2019-20,20.0,27,58,7,20,8,9,29,15,1,6,24,22,17.98,26,74,7,31,17,22,53,13,0,6,16,11
Khalil Shabazz,San Francisco,2019-20,20.0,45,124,23,77,14,16,21,24,1,9,30,13,14.92,58,117,34,69,38,53,20,27,0,8,42,25
Khalil Spencer,Jackson State,2019-20,20.0,18,33,0,0,3,6,5,3,1,12,16,2,15.52,6,10,0,0,1,5,2,3,1,3,6,1
Khalil Turner,Rider,2019-20,20.0,0,1,0,1,0,2,0,0,0,0,0,1,20.0,1,2,0,1,0,0,0,0,1,0,2,2
Khalil Waleed,Regent University,2019-20,20.0,1,7,0,4,0,0,4,1,0,1,2,6,14.97,1,5,0,0,0,0,3,4,0,0,2,2
Khalil Williams,Cal State-Los Angeles,2019-20,20.0,3,8,1,5,0,0,2,2,0,0,7,1,18.6,3,6,0,0,0,0,1,2,0,3,2,1
Khalyl Waters,Troy,2019-20,20.0,14,30,1,3,8,17,2,5,2,6,15,14,14.75,13,28,0,3,17,22,5,6,5,3,21,12
Kham Davis,Weber State,2019-20,20.0,33,80,17,47,6,8,21,13,9,6,51,26,17.7,32,70,12,37,14,19,21,7,6,10,48,19
Khameron Davis,,2019-20,0.43,1,5,1,3,1,2,0,0,0,1,2,3,0.0,0,2,0,2,0,0,1,1,0,0,0,0
Kharee McDaniel,Stephen F. Austin,2019-20,0.0,0,0,0,0,0,0,0,0,0,0,0,0,20.0,1,2,0,1,0,0,1,0,0,0,0,1
Khari Dickson,Summit,2019-20,19.98,0,0,0,0,0,0,1,0,0,0,0,0,14.97,0,0,0,0,0,0,0,0,0,0,0,0
Khavon Moore,Clemson,2019-20,20.0,9,28,2,6,1,3,8,11,3,13,15,8,20.0,9,23,1,4,3,4,7,5,0,5,14,8
Kheron Millwood,Saint Thomas Univers,2019-20,20.0,0,2,0,0,0,0,0,0,0,0,0,0,14.98,0,1,0,0,0,0,0,0,0,1,0,1
Khiry Shelton,,2019-20,0.0,0,0,0,0,0,0,0,0,0,0,0,1,0.0,0,0,0,0,0,0,0,0,0,0,0,0
Khristien White,SW Christian Univ,2019-20,20.0,0,3,0,1,2,2,2,0,0,0,1,2,14.77,1,2,0,0,0,0,0,0,0,1,1,0
Khyber Kabellis,UC Riverside,2019-20,20.0,31,92,13,44,9,16,53,9,1,2,41,22,18.43,30,87,8,37,12,16,42,17,5,4,51,22
Khydarius Smith,South Carolina Upstate,2019-20,20.0,14,18,0,0,0,6,1,1,4,4,14,1,20.0,4,7,0,0,0,3,0,3,1,2,4,3
Khyle Washington,Kentucky Christian,2019-20,20.0,1,3,0,0,1,1,0,1,0,0,2,2,14.92,0,3,0,2,0,0,2,0,0,0,4,3
Khyre Thompson,UNC Greensboro,2019-20,20.0,0,2,0,2,0,0,0,0,0,0,1,0,20.0,1,1,0,0,3,3,1,1,0,1,0,1
Kiaeem Comegys,Bryn Athyn,2019-20,20.0,0,2,0,0,0,0,0,0,1,0,1,3,15.02,0,0,0,0,0,0,0,0,0,0,0,1
Kiandre Gaddy,Walla Walla University,2019-20,20.0,3,8,0,1,0,0,0,0,0,2,1,1,14.93,1,3,0,1,1,2,0,2,0,0,2,1
Kienan Walter,North Dakota,2019-20,20.0,41,111,25,72,21,26,17,8,8,9,38,22,14.97,33,79,15,46,20,21,15,7,3,7,33,18
Kieran Hayward,Vanguard,2019-20,20.0,2,5,2,4,0,0,0,0,0,1,2,0,20.0,0,1,0,1,0,0,0,0,0,0,1,0
Kihei Clark,Virginia,2019-20,20.0,47,113,18,43,17,19,90,17,2,4,54,54,17.9,55,156,18,49,60,69,84,19,1,7,58,50
Kile Mingo,Centenary,2019-20,20.0,0,5,0,5,0,0,0,1,0,0,2,1,14.92,2,9,2,5,0,0,0,0,0,0,2,1
Killian Tillie,Gonzaga,2019-20,19.98,63,122,20,48,15,21,20,10,9,16,53,12,20.0,56,103,15,41,28,39,23,13,10,13,37,13
Kim Aiken Jr,Eastern Washington,2019-20,20.0,0,0,0,0,0,0,20,0,0,0,0,0,14.98,0,0,0,0,0,0,20,0,0,0,0,0
Kim Aiken Jr.,Eastern Washington,2019-20,20.0,64,162,37,111,18,22,0,25,17,18,133,26,14.98,66,164,33,105,36,45,0,25,13,28,104,19
Kim Speller,Georgian Court,2019-20,20.0,2,2,0,0,0,0,0,1,0,0,1,0,20.0,1,3,0,0,0,0,0,0,0,2,2,0
Kimani Lawrence,Arizona State,2019-20,20.0,26,73,9,34,11,20,6,11,8,10,30,12,20.0,27,57,7,25,9,19,8,7,3,15,21,10
Kimar Williams,Rider,2019-20,20.0,10,30,0,1,6,14,9,8,1,5,10,17,20.0,16,29,0,0,10,19,15,6,2,7,11,6
Kingsley Obiorah,California Merced,2019-20,20.0,0,0,0,0,2,2,0,1,0,1,4,1,14.87,0,1,0,0,0,0,0,0,0,1,2,1
Kinnon LaRose,Sacred Heart,2019-20,20.0,66,133,35,86,11,17,24,15,9,24,58,18,14.95,57,125,27,75,16,24,14,8,5,30,61,15
Kipper Nichols,Illinois,2019-20,15.0,29,74,2,15,9,15,11,11,1,16,21,17,20.0,12,31,0,4,12,15,8,4,0,13,11,11
Kira Lewis Jr,Alabama,2019-20,20.0,0,0,0,0,0,0,48,0,0,0,0,0,20.0,0,0,0,0,0,0,60,0,0,0,0,0
Kira Lewis Jr.,Alabama,2019-20,20.0,85,184,23,65,37,46,18,29,9,13,59,54,20.0,109,239,30,80,60,75,27,23,7,12,55,47
Kj Bilbo,Louisiana College,2019-20,20.0,2,6,1,3,0,0,0,0,0,0,3,2,16.93,1,4,0,1,0,0,0,0,0,2,2,0
Kj Chambers,,2019-20,0.0,0,0,0,0,0,0,0,0,0,0,1,0,0.0,0,0,0,0,0,0,0,0,0,0,0,0
Kj Harris,Coker,2019-20,20.0,1,6,0,1,0,0,3,1,1,0,2,2,17.92,2,10,2,6,0,0,4,1,0,1,0,2
Kj Lesure,Ark Monticello,2019-20,20.0,0,2,0,2,0,0,5,1,0,0,4,2,17.73,0,2,0,1,0,0,2,0,0,1,1,1
Kjay Mckinney,Chillicothe,2019-20,20.0,0,0,0,0,2,2,0,0,0,1,1,5,14.88,0,1,0,1,0,0,0,0,0,0,1,0
Kjell de Graaf,NJIT,2019-20,0.0,6,17,4,9,6,6,0,1,1,2,5,4,20.0,5,15,3,11,4,4,2,3,0,1,2,1
Klay Stall,Utah State,2019-20,0.0,0,0,0,0,0,0,0,0,0,0,0,0,14.85,0,2,0,0,0,0,0,0,0,1,1,0
Knox Hellums,UTSA,2019-20,20.0,19,47,9,25,7,9,8,0,1,10,18,9,17.8,13,34,8,24,5,7,9,1,0,2,15,10
Kobby Ayetey,North Carolina Central,2019-20,20.0,12,20,3,11,0,0,3,2,2,3,5,4,20.0,7,15,2,5,0,4,5,7,3,8,9,6
Kobe Bogart,Nazareth,2019-20,20.0,3,5,2,2,0,0,0,0,0,0,1,2,14.97,0,2,0,2,1,3,0,0,0,0,2,1
Kobe Brown,Missouri,2019-20,20.0,40,95,13,45,16,21,8,15,6,21,42,25,14.63,22,60,5,28,11,14,6,14,5,10,35,14
Kobe Dickson,Cornell,2019-20,20.0,23,42,3,8,2,3,5,6,7,9,24,8,17.92,16,26,1,2,7,19,3,2,4,18,17,9
Kobe Elsner,Puget Sound,2019-20,20.0,0,0,0,0,0,0,1,1,0,0,0,3,14.95,0,2,0,0,0,0,1,0,0,0,0,1
Kobe Jordan,Haskell,2019-20,20.0,0,1,0,1,0,0,0,0,0,0,0,0,14.92,0,0,0,0,0,0,0,0,0,0,0,0
Kobe Julien,Louisiana,2019-20,20.0,16,38,6,13,16,17,6,7,2,5,19,13,14.77,15,32,1,6,12,19,4,7,1,5,11,9
Kobe King,Wisconsin,2019-20,15.0,42,84,4,16,14,21,17,3,2,7,22,15,20.0,30,71,3,10,21,32,12,7,4,14,10,12
Kobe Langley,UNC Greensboro,2019-20,20.0,2,11,0,5,1,2,8,5,0,6,3,1,17.83,3,8,0,3,4,4,1,6,0,1,3,6
Kobe Patterson,Trinity University (TX),2019-20,0.0,0,0,0,0,0,0,0,0,0,1,0,0,14.88,0,2,0,2,0,0,1,0,0,1,0,2
Kobe Webster,Western Illinois,2019-20,20.0,87,199,31,74,21,29,38,12,2,5,42,28,14.92,69,181,16,65,26,32,42,9,1,5,25,19
Kobe Wilson,Alcorn State,2019-20,0.0,17,59,1,8,4,7,11,7,16,24,62,9,14.98,14,39,2,10,8,12,9,10,7,16,37,8
Kobe Wrice,Jarvis Christian,2019-20,20.0,3,6,0,1,3,4,0,0,0,1,5,1,14.53,0,2,0,0,0,0,0,0,0,0,0,0
Kobey O'Rourke,Haskell,2019-20,0.0,0,0,0,0,0,0,0,0,0,0,0,0,14.92,0,2,0,2,0,0,1,0,0,1,1,1
Koby McEwen,Marquette,2019-20,19.98,26,99,10,54,25,26,41,10,0,3,57,41,14.92,39,101,20,55,63,77,49,6,1,4,74,40
Koby Thomas,Coppin State,2019-20,20.0,71,163,7,31,36,62,9,27,8,26,72,35,20.0,69,129,2,18,53,86,12,13,6,39,56,25
Koch Bar,Bradley,2019-20,20.0,44,83,0,0,23,28,15,6,16,44,82,20,14.92,23,54,0,0,25,41,14,11,16,30,57,18
Kody Shubert,Presbyterian,2019-20,20.0,23,72,15,40,12,14,26,6,0,3,17,23,14.68,25,61,9,24,11,19,32,12,0,4,11,21
Kody Stattmann,Virginia,2019-20,20.0,18,58,6,30,1,3,9,7,5,7,21,13,17.9,14,37,8,21,5,6,7,2,4,2,26,8
Kofi Cockburn,Illinois,2019-20,18.92,81,155,0,1,42,74,10,12,18,67,83,27,20.0,64,117,0,0,67,88,9,4,25,39,81,30
Koki Wiley,Rhodes College,2019-20,20.0,3,9,1,2,0,0,0,1,1,0,6,4,14.93,2,4,0,1,0,0,3,0,0,0,2,0
Kolbey Woodard,Widener,2019-20,20.0,1,4,0,0,0,0,0,0,0,2,0,0,14.8,3,6,0,0,0,0,0,1,0,0,2,0
Kolby Lee,BYU,2019-20,20.0,41,62,4,6,24,32,11,4,2,18,32,20,17.67,35,55,3,8,8,13,10,3,1,21,23,6
Kolton Frugoli,Colorado Christian,2019-20,0.0,0,0,0,0,0,0,0,0,0,0,0,0,14.98,1,1,0,0,0,0,0,0,0,0,0,0
Kolton Kohl,Abilene Christian,2019-20,18.2,50,95,0,1,35,43,8,5,7,21,37,15,20.0,30,55,0,1,22,35,12,7,14,15,38,17
Kolton Mitchell,UMass,2019-20,20.0,8,18,0,0,2,7,13,4,0,4,5,8,18.8,3,6,0,0,1,5,13,5,0,4,10,6
Kolton Pruitt,Texas Dallas,2019-20,20.0,0,2,0,2,1,2,1,0,0,0,0,0,14.9,0,0,0,0,0,0,0,0,0,0,0,0
Kon Anguik,Simpson University,2019-20,20.0,7,11,3,7,0,0,1,0,2,0,3,4,14.93,4,8,0,3,2,2,0,1,0,0,3,4
Konrad Kiszka,Princeton,2019-20,0.0,0,3,0,3,0,0,1,0,0,0,1,2,20.0,2,6,1,3,3,5,1,1,0,1,4,1
Koreem Ozier,Sacred Heart,2019-20,20.0,72,181,41,97,24,31,32,11,2,10,45,48,14.95,68,187,17,68,51,71,25,21,0,8,32,42
Korey Mcqueen,Jarvis Christian,2019-20,20.0,0,0,0,0,0,2,0,0,0,0,0,0,14.53,1,4,0,1,4,4,0,1,0,1,2,0
Korrin Taylor,Le Tourneau,2019-20,0.0,0,0,0,0,2,2,1,0,0,1,1,0,16.37,0,2,0,0,0,0,0,0,0,0,0,0
Kort Justice,Cincinnati Clermont,2019-20,20.0,3,6,1,3,0,0,3,0,0,0,1,4,14.87,2,6,1,3,0,0,0,1,0,0,3,1
Kostas Tatsis,Lesley University,2019-20,20.0,1,4,0,1,0,0,0,0,0,0,3,3,14.98,0,0,0,0,0,0,0,0,0,0,0,1
Koul Arop,Jarvis Christian,2019-20,0.0,0,0,0,0,0,0,0,0,0,0,0,0,14.53,1,1,0,0,0,0,0,0,0,0,0,0
Kourtlandt Martin,Indiana South Bend,2019-20,20.0,4,8,0,2,1,1,1,2,0,1,1,3,17.2,5,6,0,0,0,0,1,1,0,0,0,2
Kris Bankston,Little Rock,2019-20,20.0,10,11,0,0,1,1,1,0,0,2,4,3,20.0,4,6,0,0,0,0,2,1,2,2,2,1
Kris Martin,Colorado State,2019-20,20.0,32,91,14,49,8,16,18,15,3,3,45,17,19.97,38,107,22,68,20,24,25,8,8,7,41,22
Kris Monroe,Providence,2019-20,20.0,0,3,0,3,0,0,1,0,1,1,0,0,14.95,2,3,1,2,0,2,0,2,0,0,3,0
Kris Wooten,Elon,2019-20,20.0,27,78,18,65,3,3,22,6,3,4,21,9,20.0,28,67,24,58,4,4,20,7,3,2,19,7
Kristers Zoriks,Saint Mary's,2019-20,15.5,9,22,4,7,2,4,5,1,0,1,11,3,20.0,12,24,8,15,10,12,6,7,0,0,8,4
Kristian Alexander,Georgian Court,2019-20,20.0,1,1,1,1,0,0,0,0,0,0,4,1,20.0,0,1,0,0,0,0,0,0,0,0,1,1
Kristian Doolittle,Oklahoma,2019-20,20.0,83,190,14,35,37,45,31,17,6,24,97,26,20.0,82,187,16,45,53,68,27,20,7,38,99,36
Kristian Lafayette,Louisiana,2019-20,20.0,10,23,4,9,1,3,3,4,7,8,18,5,14.77,4,7,2,2,1,2,2,0,1,2,7,3
Kristian Williams,Greensboro,2019-20,20.0,3,6,0,2,1,1,1,1,3,4,4,2,14.92,1,5,1,1,0,0,1,0,2,1,6,0
Kristoff Saunders,,2019-20,0.0,0,0,0,0,0,0,0,0,0,1,0,0,0.0,0,0,0,0,0,0,0,0,0,1,1,0
Kristoffer Galindez,West Coast Baptist,2019-20,20.0,0,3,0,3,0,0,0,0,0,0,0,0,14.92,0,0,0,0,0,0,0,0,0,0,0,0
Kristopher Smith,Regent University,2019-20,20.0,3,8,2,5,1,2,1,0,0,0,2,3,14.97,1,10,0,2,4,4,0,0,0,2,1,3
Kristopher Warren,Regent University,2019-20,20.0,2,15,0,5,2,2,2,0,0,3,7,4,14.97,7,16,1,3,5,6,1,0,0,5,5,5
Krizell Mitchell,Midway,2019-20,20.0,0,1,0,1,0,0,0,1,0,0,0,1,14.88,0,0,0,0,0,0,0,0,0,0,0,1
Kruz Perrott-Hunt,South Dakota,2019-20,20.0,6,20,1,10,0,1,15,1,2,5,9,8,19.57,4,11,1,7,3,4,7,1,1,2,1,4
Kshun Stokes,Arkansas-Pine Bluff,2019-20,20.0,2,8,1,5,1,2,3,3,0,3,6,7,14.82,10,21,2,6,9,17,4,2,0,11,12,2
Kuany Kuany,California,2019-20,20.0,6,15,4,6,6,11,3,2,1,1,12,2,20.0,3,8,1,3,13,16,0,0,2,2,1,1
Kuba Karwowski,Utah State,2019-20,20.0,11,18,0,0,2,8,6,4,9,14,19,6,20.0,4,7,0,1,4,8,3,3,4,4,7,0
Kur Jockuch,Northern Colorado,2019-20,20.0,43,62,0,0,7,21,3,2,5,25,43,24,15.58,20,27,0,0,10,20,3,5,3,16,27,11
Kur Kuath,Oklahoma,2019-20,20.0,25,38,0,0,4,6,3,4,23,8,21,9,17.8,16,24,0,0,12,19,2,3,21,10,22,3
Kurk Lee,Drexel,2019-20,20.0,1,3,1,2,0,0,2,0,0,0,1,1,20.0,0,2,0,2,0,0,2,0,0,0,0,3
Kurt Wegscheider,New Mexico,2019-20,0.0,2,3,0,1,2,2,2,1,0,1,8,1,14.95,5,9,0,2,2,2,2,2,0,4,5,1
Kutluhan Celayir,,2019-20,0.0,0,0,0,0,0,0,0,0,0,0,0,0,0.0,0,0,0,0,0,0,0,0,0,0,1,2
Kwame McBean,,2019-20,0.0,0,0,0,0,0,0,0,0,0,1,2,0,0.0,0,0,0,0,0,0,0,0,0,0,2,1
Kwane Marble II,Wyoming,2019-20,20.0,32,64,8,23,14,21,7,16,5,8,25,23,18.73,38,82,10,27,22,29,20,13,1,15,21,16
Kwe Parker,North Carolina A&T,2019-20,20.0,10,21,3,9,4,5,4,2,1,2,7,12,14.98,8,16,4,9,7,10,4,4,2,1,7,8
Kwon Evans,Midway,2019-20,20.0,4,10,0,2,0,2,1,0,0,0,3,1,14.88,5,8,0,1,0,1,1,1,1,0,3,3
Ky Dirks,,2019-20,0.0,0,0,0,0,0,0,0,1,0,0,0,0,0.0,0,0,0,0,0,0,0,0,0,0,0,1
KyKy Tandy,Xavier,2019-20,20.0,27,72,14,42,5,7,14,2,3,2,15,12,16.63,29,70,18,45,7,12,6,3,1,3,8,11
Kyle Ahrens,Michigan State,2019-20,20.0,14,43,10,28,8,11,7,10,0,8,24,13,20.0,17,33,12,26,4,4,6,2,0,2,15,8
Kyle Arrington,Western Illinois,2019-20,20.0,15,29,0,2,12,17,4,5,4,17,35,8,14.92,19,31,0,0,11,19,4,1,5,13,21,10
Kyle Beeson,,2019-20,0.0,0,0,0,0,0,0,0,0,0,0,1,2,0.0,0,0,0,0,0,0,0,0,0,0,0,1
Kyle Bowen,Saint Mary's,2019-20,15.0,11,21,1,4,2,2,7,2,3,6,19,4,20.0,4,13,0,5,3,11,6,4,4,12,15,6
Kyle Bradshaw,Hartwick,2019-20,20.0,0,5,0,2,0,0,1,1,0,0,2,0,14.98,1,4,0,1,1,2,1,1,1,0,2,2
Kyle Bushman,,2019-20,0.0,0,0,0,0,0,0,0,0,0,0,1,0,0.0,0,0,0,0,0,0,0,0,0,0,0,0
Kyle Cary,Lyndon State College,2019-20,20.0,2,2,1,1,0,0,0,1,0,0,2,1,14.65,0,0,0,0,0,0,0,1,0,0,2,0
Kyle Colvin,Cal Poly,2019-20,20.0,39,89,21,46,7,10,3,6,0,11,32,13,18.25,14,59,4,24,22,26,8,5,0,8,34,12
Kyle Copeland,Holy Cross,2019-20,20.0,10,23,4,12,3,4,4,0,1,3,4,3,14.7,3,12,0,6,1,2,6,4,1,0,6,2
Kyle Feit,Arizona State,2019-20,0.0,0,0,0,0,0,0,0,0,0,0,0,0,14.83,0,1,0,1,0,0,0,0,0,0,1,0
Kyle Foster,Howard,2019-20,20.0,27,66,14,45,5,6,11,5,4,1,20,19,17.98,30,70,18,41,25,37,2,4,4,3,14,11
Kyle Greeley,Portland State,2019-20,20.0,22,32,10,15,13,15,5,7,1,7,16,8,14.95,24,48,2,17,12,19,6,8,2,8,18,6
Kyle Henderson,Eureka College,2019-20,20.0,0,2,0,1,2,2,0,0,0,1,0,0,14.97,0,2,0,2,0,0,0,0,0,0,1,0
Kyle Howard,Southwestern,2019-20,20.0,0,1,0,0,0,0,3,0,0,0,1,0,17.17,1,2,0,0,0,0,3,0,0,0,4,2
Kyle Jackson,Wisconsin-Stout,2019-20,20.0,2,5,0,2,1,2,1,0,0,0,4,5,14.93,0,2,0,2,0,0,1,1,0,0,1,2
Kyle Jeremiah,,2019-20,0.0,0,0,0,0,0,0,0,0,0,0,0,1,0.0,0,0,0,0,0,0,0,0,0,0,1,0
Kyle Juhl,Nebraska Kearney,2019-20,20.0,0,4,0,3,0,0,1,0,0,1,3,2,17.83,1,3,0,2,0,0,1,0,1,0,0,0
Kyle Kegley,Urbana,2019-20,20.0,0,1,0,0,0,0,0,0,0,0,3,0,14.77,0,2,0,0,0,0,0,1,0,0,0,0
Kyle Kildare,Howard Payne,2019-20,0.0,1,4,0,1,0,0,1,1,0,1,3,1,10.62,0,2,0,0,0,0,0,0,0,0,2,1
Kyle Kokoskie,Elmira,2019-20,20.0,0,3,0,0,0,0,3,0,0,0,1,1,14.8,0,1,0,0,0,0,1,0,0,0,1,0
Kyle Lamotte,Rio Grande,2019-20,19.98,1,3,0,1,0,0,0,0,0,0,1,1,14.62,1,1,0,0,0,0,0,1,0,0,0,1
Kyle Lofton,St. Bonaventure,2019-20,20.0,71,172,14,48,32,38,87,24,3,10,33,36,17.87,85,195,22,59,47,61,88,20,1,9,27,40
Kyle Luedtke,Omaha,2019-20,0.0,0,3,0,2,0,0,0,0,0,2,5,0,14.95,2,3,2,3,0,0,0,0,0,0,1,0
Kyle Mallers,Ball State,2019-20,20.0,48,112,31,87,12,13,11,9,4,18,48,17,14.92,39,91,27,65,36,42,9,8,4,13,40,6
Kyle Matthews,Le Tourneau,2019-20,0.0,0,0,0,0,0,0,1,0,0,0,0,3,16.37,2,2,1,1,2,3,0,0,0,0,1,1
Kyle McCloskey,Penn State,2019-20,0.0,0,0,0,0,0,0,0,0,0,0,0,0,14.97,0,1,0,1,0,0,1,0,0,0,0,0
Kyle McCreery,Elmira,2019-20,20.0,1,2,1,2,0,0,0,1,0,0,0,0,14.8,0,1,0,1,0,0,0,0,0,0,1,0
Kyle Moore,Crowley's Ridge College,2019-20,20.0,1,3,0,0,0,0,0,0,0,0,0,2,14.97,0,2,0,1,0,0,0,0,0,0,0,1
Kyle Murphy,Lesley University,2019-20,20.0,1,2,1,2,1,3,0,0,0,0,3,4,14.98,0,1,0,0,0,0,0,0,0,0,1,0
Kyle Owens,Montana,2019-20,20.0,23,48,6,17,11,16,0,5,2,7,16,12,16.37,15,33,3,12,16,25,4,3,0,6,19,1
Kyle Poerschke,Southwestern,2019-20,20.0,1,3,0,1,0,0,0,0,0,0,3,0,17.17,1,1,1,1,0,0,0,0,0,0,0,0
Kyle Rode,Liberty,2019-20,20.0,20,49,11,34,1,2,24,6,3,7,28,9,20.0,10,30,5,16,9,11,9,5,3,5,16,3
Kyle Rose,Fordham,2019-20,20.0,8,34,5,18,1,4,26,12,4,2,20,14,20.0,6,26,4,14,5,12,16,13,1,1,11,13
Kyle Ruiz,San Diego Christian,2019-20,20.0,1,2,1,1,0,0,2,1,0,1,2,1,14.97,0,5,0,5,0,0,0,0,0,1,2,1
Kyle Skivington,Misericordia,2019-20,20.0,0,1,0,1,0,0,0,0,0,0,0,1,17.58,0,0,0,0,0,0,0,0,0,0,0,0
Kyle Small,Bethesda,2019-20,20.0,1,3,0,0,0,0,0,0,0,0,0,0,14.88,0,0,0,0,0,0,0,0,0,0,0,0
Kyle Smith,Reinhardt,2019-20,0.0,0,0,0,0,0,0,0,0,0,0,0,1,14.92,0,1,0,1,0,2,0,0,0,0,2,0
Kyle Stout,Lafayette,2019-20,20.0,22,54,18,46,0,0,18,4,1,3,48,14,20.0,17,54,9,39,0,0,8,5,1,3,13,9
Kyle Sturdivant,USC,2019-20,0.0,11,32,2,9,5,6,11,2,1,4,15,14,14.58,1,6,0,1,1,1,10,2,0,0,4,6
Kyle Wagner,Simpson College,2019-20,20.0,0,4,0,2,0,0,1,0,0,0,1,2,14.98,1,2,1,1,0,0,0,0,0,1,1,1
Kyle Young,Ohio State,2019-20,20.0,47,96,1,9,31,51,12,7,12,47,69,14,20.0,41,66,1,4,28,40,14,6,8,21,51,12
Kyle Zunic,Winthrop,2019-20,20.0,25,82,9,49,15,24,33,9,1,17,35,11,20.0,26,53,13,29,19,22,23,7,1,10,32,15
Kyler Edwards,Texas Tech,2019-20,20.0,58,147,25,83,16,23,54,13,5,6,48,28,14.92,53,124,20,53,29,38,32,15,9,9,42,27
Kyler Stork,Eureka College,2019-20,20.0,1,1,0,0,0,0,0,0,0,1,2,0,14.97,0,0,0,0,0,0,0,0,0,0,0,0
Kyler Villarreal,Life Pacific,2019-20,20.0,5,9,3,4,1,2,2,0,0,2,3,3,14.73,2,6,1,4,0,2,0,0,0,1,2,5
Kylien Baker,,2019-20,0.0,0,0,0,0,0,0,0,0,0,0,0,0,0.0,0,0,0,0,0,0,0,0,0,0,1,0
Kylor Kelley,Oregon State,2019-20,20.0,52,101,0,0,23,38,9,3,54,25,53,16,16.42,58,83,0,1,41,57,14,3,43,16,45,10
Kyonze Chavis,Norfolk State,2019-20,20.0,14,33,1,10,2,4,6,4,1,5,13,5,14.92,13,33,2,9,8,8,11,7,0,3,12,4
Kyrin Galloway,UNC Greensboro,2019-20,20.0,48,114,38,98,11,12,7,10,19,12,47,11,14.98,27,75,17,58,7,10,11,11,23,14,34,9
Kyson Rawls,Morgan State,2019-20,20.0,12,25,6,15,6,7,14,4,1,1,7,9,14.93,6,20,3,13,8,8,3,0,0,3,4,10
L.J. Owens,UMBC,2019-20,20.0,49,143,21,83,19,21,0,8,3,9,28,17,14.83,55,118,29,67,29,36,1,7,1,8,31,27
LJ Bryan,Morehead State,2019-20,17.02,30,50,0,0,12,21,4,5,8,22,40,17,20.0,21,37,0,0,15,24,7,2,9,12,24,5
LJ Figueroa,St. John's,2019-20,20.0,87,221,38,93,17,27,42,34,10,15,63,23,14.95,66,184,29,90,48,72,22,26,6,16,44,24
LJ Owens,UMBC,2019-20,0.0,0,0,0,0,0,0,25,0,0,0,0,0,14.83,0,0,0,0,0,0,20,0,0,0,0,0
LJ Thorpe,UNC Asheville,2019-20,20.0,64,136,12,27,29,46,34,20,1,25,58,40,16.22,68,139,5,16,63,84,33,16,4,22,72,30
LSU,,2019-20,0.0,0,0,0,0,0,0,0,0,0,35,18,5,0.0,0,0,0,0,0,0,0,0,0,21,17,7
La Salle,,2019-20,0.0,0,0,0,0,0,0,0,0,0,45,23,4,0.0,0,0,0,0,0,0,0,0,0,67,24,9
La'Dale Horton,SAGU American Indian College,2019-20,20.0,0,1,0,1,0,0,0,1,0,0,1,1,14.87,0,1,0,0,0,0,2,0,0,0,0,2
LaBrandon Price,Evergreen State,2019-20,20.0,3,7,3,6,0,0,0,3,1,1,3,3,20.0,0,3,0,1,2,2,0,0,0,0,0,0
LaDarius Knight,Campbell,2019-20,20.0,17,40,9,30,1,5,2,9,2,3,14,8,20.0,15,31,7,19,5,5,2,1,0,1,10,9
LaDarius McCord,Marymount VA,2019-20,20.0,0,1,0,1,0,0,2,1,0,0,1,3,16.5,2,3,1,1,0,0,1,0,0,0,0,0
LaDavius Draine,Southern Miss,2019-20,20.0,69,179,29,97,18,26,29,21,2,16,65,31,14.98,62,153,38,90,35,38,35,10,2,19,44,19
LaPri McCray-Pace,Morgan State,2019-20,20.0,2,3,1,1,0,0,0,0,0,0,2,0,14.93,2,5,0,2,0,1,0,0,0,3,5,1
LaQuan Butler,SE Louisiana,2019-20,20.0,18,58,10,30,10,11,25,8,0,4,6,33,17.97,18,50,11,25,5,8,8,6,0,3,6,19
LaQuill Hardnett,Buffalo,2019-20,20.0,21,29,0,1,8,17,9,7,6,22,30,12,20.0,13,16,0,0,4,9,3,4,0,10,21,7
LaTerrance Reed,Northwestern State,2019-20,20.0,7,16,5,10,0,0,1,0,0,0,2,5,14.92,4,12,3,8,5,5,3,1,0,1,0,1
Lacey James,Northern Illinois,2019-20,20.0,41,108,5,21,18,31,4,10,11,31,69,28,20.0,52,116,10,27,27,38,6,15,11,31,81,18
Lachlan Anderson,Eastern Kentucky,2019-20,20.0,37,93,18,64,13,16,12,9,2,14,62,13,18.12,30,56,16,36,27,32,5,8,4,22,34,8
Lachlan Hanneman,,2019-20,6.15,0,3,0,2,0,0,1,0,0,2,1,0,0.0,1,3,0,2,0,0,1,0,0,0,1,1
Lachlan Hannemann,Cal Lutheran,2019-20,20.0,1,2,1,2,0,0,0,0,0,0,1,1,14.9,2,3,2,2,0,0,0,0,0,0,0,0
Lachlan Viney,Hawaii Pacific,2019-20,20.0,1,3,0,2,0,0,0,1,0,0,0,1,17.92,0,0,0,0,0,0,0,0,0,0,0,0
Ladan Ricketts,Montana State,2019-20,20.0,22,64,19,51,2,3,6,4,2,0,31,13,20.0,31,72,27,63,13,13,8,4,0,1,34,8
Ladji Samoura,Northwestern Ohio,2019-20,20.0,0,1,0,0,0,0,1,0,0,0,2,1,14.68,0,0,0,0,0,0,0,0,0,1,1,2
Lafayette,,2019-20,0.0,0,0,0,0,0,0,0,0,0,28,27,11,0.0,0,0,0,0,0,0,0,0,0,36,25,8
Lagarious White,Tougaloo,2019-20,0.0,0,0,0,0,0,0,0,0,0,0,0,1,14.8,0,1,0,0,0,0,0,0,0,0,0,0
Lagio Grantsaan,Morgan State,2019-20,20.0,25,65,13,40,2,3,2,3,1,16,26,10,14.93,16,39,3,18,5,6,4,1,3,6,20,10
Lahat Thioune,Utah,2019-20,20.0,12,17,0,0,4,8,1,1,4,11,14,6,14.98,1,1,0,0,4,6,0,1,2,4,11,2
Lamar,,2019-20,0.0,0,0,0,0,0,0,0,0,0,32,27,10,0.0,0,0,0,0,0,0,0,0,0,27,17,7
Lamar Hamrick,Portland State,2019-20,20.0,48,82,14,24,9,14,17,10,0,5,23,20,19.6,34,82,8,27,6,13,23,10,3,18,25,10
Lamar Norman Jr,Duquesne,2019-20,0.0,0,0,0,0,0,0,10,0,0,0,0,0,20.0,0,0,0,0,0,0,12,0,0,0,0,0
Lamar Norman Jr.,Duquesne,2019-20,20.0,26,83,20,64,2,3,1,10,2,3,24,13,20.0,33,80,19,53,7,8,0,6,0,3,21,8
Lamar Stevens,Penn State,2019-20,20.0,95,234,12,56,47,69,35,20,19,15,101,34,14.78,97,217,12,36,84,116,28,13,18,24,71,41
Lamar Wright,SIU-Edwardsville,2019-20,0.0,1,4,0,0,0,3,0,2,2,3,4,4,20.0,4,10,0,1,2,4,0,1,2,5,3,2
Lamarcus Lee,Southern,2019-20,20.0,21,49,7,20,1,2,7,12,3,7,28,13,15.83,15,35,2,10,8,12,11,10,0,11,14,8
Lamarr Kimble,Louisville,2019-20,20.0,25,69,5,23,8,10,54,11,1,4,19,22,14.87,29,79,11,32,16,25,23,14,2,4,17,24
Lamine Diane,CSU Northridge,2019-20,20.0,78,176,7,28,40,65,30,13,18,13,70,20,14.97,85,166,9,25,65,92,19,16,19,23,69,31
Lamont Berzat,New Orleans,2019-20,20.0,18,49,9,29,11,16,45,20,0,7,17,20,14.87,18,48,9,23,15,22,31,14,1,4,21,14
Lamont Strickland,Bluefield State,2019-20,20.0,1,1,0,0,0,0,0,0,0,0,0,0,14.85,0,3,0,0,0,0,0,0,0,0,0,0
Lamont West,Missouri State,2019-20,20.0,55,135,32,86,11,13,7,12,6,18,45,25,20.0,48,104,14,50,38,40,12,9,2,18,40,22
Lamonte Turner,Tennessee,2019-20,20.0,16,66,6,26,12,16,43,11,0,2,17,28,16.22,23,60,5,19,31,42,33,9,2,5,14,13
Lance Coleman II,CSU Northridge,2019-20,20.0,37,97,23,64,2,3,13,4,2,12,31,12,16.42,38,83,15,46,6,8,8,3,1,9,24,14
Lance Jones,Southern Illinois,2019-20,20.0,46,114,14,44,12,26,30,16,0,5,38,38,17.18,49,97,5,21,32,49,34,9,1,5,25,38
Lance Singh III,Delaware State,2019-20,20.0,7,22,4,16,2,2,2,2,0,1,6,4,19.78,7,22,6,16,3,5,0,1,2,1,5,2
Lance Terry,Gardner-Webb,2019-20,20.0,7,17,7,15,1,2,3,5,1,0,10,8,20.0,7,20,4,15,1,2,2,1,2,0,7,4
Lance Thomas,Memphis,2019-20,20.0,19,58,6,31,10,16,8,5,12,15,21,9,14.73,26,54,13,30,5,6,2,7,18,8,24,11
Landen Gladney,Concordia Illinois,2019-20,20.0,2,6,1,3,2,2,0,0,0,1,1,2,14.97,2,4,1,1,0,0,0,0,1,1,2,0
Landen Long,,2019-20,1.35,2,6,2,5,0,0,0,0,0,1,2,1,0.0,0,3,0,2,2,2,2,0,0,0,4,1
Landers Nolley II,Virginia Tech,2019-20,20.0,82,225,37,118,30,44,35,12,4,10,86,51,20.0,86,224,30,91,49,57,41,11,6,14,73,34
Landon Jones,Eastern Oregon,2019-20,20.0,1,3,0,1,0,0,0,1,0,0,2,4,14.98,0,1,0,0,0,0,0,0,0,0,2,1
Landon Murray,Greensboro,2019-20,0.0,0,1,0,0,0,0,0,0,1,0,2,0,14.92,1,2,0,0,0,0,0,1,2,0,1,1
Landon Newnum,Goshen College,2019-20,20.0,2,2,1,1,0,0,0,0,0,1,0,4,14.93,2,2,2,2,0,0,0,0,0,0,1,2
Landon Taliaferro,Fairfield,2019-20,20.0,58,166,31,87,30,31,6,9,3,4,21,23,20.0,63,164,30,95,28,32,6,9,3,4,25,13
Lane Hartley,Louisiana Tech,2019-20,0.0,0,0,0,0,0,0,0,0,0,0,0,0,14.98,0,1,0,1,0,0,0,0,0,0,0,0
Lane Kennedy,Evergreen State,2019-20,20.0,1,1,1,1,1,2,2,1,0,0,0,1,20.0,1,3,1,2,0,0,1,0,0,0,0,0
Langston Powell,UL Monroe,2019-20,20.0,13,36,9,24,4,4,15,5,4,2,17,11,20.0,11,32,2,13,13,16,13,6,2,5,11,11
Laquincy Rideau,South Florida,2019-20,20.0,76,187,22,77,19,41,58,38,4,17,47,48,14.9,62,179,17,58,34,53,62,34,3,14,53,47
Larry Kuimi,Tennessee Tech,2019-20,20.0,20,42,0,0,4,8,3,7,3,13,23,19,17.83,16,35,0,0,6,11,1,4,2,17,20,14
Larry Moreno,St. Francis (BKN),2019-20,20.0,7,27,5,18,0,0,2,0,1,2,5,2,15.0,7,19,2,11,2,6,4,3,0,2,7,5
Larry Owens,Northwestern State,2019-20,20.0,23,55,0,0,10,15,6,6,6,19,27,12,14.92,20,32,0,0,5,9,3,2,4,14,9,10
Larry Wise,North Texas,2019-20,20.0,0,6,0,3,0,0,2,0,0,0,1,2,14.88,3,3,1,1,1,2,2,0,0,2,1,1
Lars Thiemann,California,2019-20,15.0,21,34,0,0,8,18,2,2,8,17,23,21,20.0,13,26,0,0,3,9,1,4,4,4,20,10
Latrelle Franklin,Mayville State,2019-20,19.75,2,3,0,0,0,0,3,1,0,0,0,1,14.97,0,2,0,0,0,0,1,0,0,0,0,1
Laurence Merritt,Midland University,2019-20,20.0,2,12,0,4,0,0,1,0,0,0,5,1,14.92,1,5,0,2,4,4,2,0,0,0,3,6
Laurynas Stonkus,New York Institute of Technology,2019-20,20.0,1,3,0,2,2,2,1,1,0,0,2,0,14.97,0,2,0,1,0,0,0,0,0,0,1,0
Lavar Batts Jr,UNC Asheville,2019-20,0.0,0,0,0,0,0,0,27,0,0,0,0,0,18.35,0,0,0,0,0,0,33,0,0,0,0,0
Lavar Batts Jr.,UNC Asheville,2019-20,20.0,53,104,6,28,18,21,1,20,3,2,26,25,16.22,64,134,9,32,52,79,3,28,2,7,32,29
Lavar Harewood,Portland,2019-20,20.0,7,23,4,14,9,15,4,3,0,1,16,6,14.98,2,13,1,9,4,4,1,1,1,0,5,3
Lavelle Scottie,Air Force,2019-20,20.0,79,205,17,48,38,54,30,11,4,17,69,45,20.0,112,211,15,40,45,73,37,15,1,17,72,34
Lawrence Castor,Tennessee Wesleyan,2019-20,20.0,2,2,0,0,1,2,0,0,0,0,0,2,14.77,2,4,0,1,1,3,0,0,0,0,1,2
Lawrence Combs,Benedictine (AZ),2019-20,20.0,1,2,0,0,0,0,0,0,0,0,1,1,14.88,0,0,0,0,0,0,0,0,0,0,0,0
Lawrence Pointer,North Park,2019-20,20.0,3,3,2,2,0,0,1,0,0,0,0,1,19.65,3,7,3,5,6,6,0,0,0,0,1,0
Lawrence Slim,Flagler,2019-20,19.97,0,1,0,1,0,0,0,0,0,0,0,0,20.0,1,1,0,0,0,0,1,0,0,1,0,0
Lawson Korita,Tulsa,2019-20,20.0,32,82,25,64,11,13,10,6,1,2,39,17,17.77,26,65,13,39,18,26,10,18,0,5,25,7
Lazar Nekic,Loyola Marymount,2019-20,20.0,5,16,0,0,0,1,1,3,2,5,7,5,14.8,6,14,0,1,0,6,1,1,0,1,5,4
Lazar Zivanovic,Loyola Marymount,2019-20,20.0,9,18,1,3,2,5,5,2,1,0,5,10,14.8,7,17,0,6,2,7,3,2,2,1,5,9
Lazaro Borrell,Kean,2019-20,20.0,0,0,0,0,0,0,1,0,0,0,0,0,14.95,0,0,0,0,0,0,0,0,0,0,0,0
Lazaro Rojas,Fresno State,2019-20,20.0,0,2,0,2,2,2,1,1,1,1,4,1,17.85,2,3,0,0,0,3,1,0,0,2,2,0
Le Tourneau,,2019-20,0.0,0,0,0,0,0,0,0,0,0,4,3,0,0.0,0,0,0,0,0,0,0,0,0,2,5,0
LeSean Brown,Air Force,2019-20,0.0,4,10,1,3,2,4,11,0,1,1,8,10,20.0,4,12,1,2,3,3,6,1,0,0,8,1
Leaky Black,North Carolina,2019-20,20.0,29,105,10,35,7,11,38,22,7,19,61,25,20.0,45,100,5,23,20,30,44,18,18,24,50,27
Leander Williams,Mid-Atlantic Christian University,2019-20,20.0,2,5,2,4,0,0,1,0,0,0,3,4,14.88,2,5,1,3,0,0,0,3,0,0,0,2
Ledarius Woods,Tougaloo,2019-20,20.0,5,10,4,8,2,2,1,0,0,0,2,0,14.8,2,7,1,4,0,0,0,0,0,0,1,0
Lee Richmond,,2019-20,0.0,0,0,0,0,0,0,0,0,0,1,0,0,0.0,0,0,0,0,0,0,0,0,0,0,0,0
LeeMarcus Manning,,2019-20,0.0,0,0,0,0,0,0,0,0,0,0,0,1,0.0,0,0,0,0,0,0,0,0,0,0,0,0
Lehigh,,2019-20,0.0,0,0,0,0,0,0,0,0,0,49,21,6,0.0,0,0,0,0,0,0,0,0,0,46,33,3
Leighton Kingma,Pacific Lutheran,2019-20,20.0,3,5,0,2,0,0,1,1,0,0,2,0,14.82,1,2,0,0,2,2,0,0,0,0,0,0
Leighton Schrand,Xavier,2019-20,20.0,0,1,0,1,1,2,0,1,0,0,2,2,17.95,0,2,0,1,0,0,1,1,0,0,0,1
Lemmie Howard,Jackson State,2019-20,20.0,14,34,1,7,2,2,5,2,4,7,16,5,15.52,6,19,1,5,0,0,0,0,6,7,14,5
Lenell Henry,Prairie View A&M,2019-20,20.0,32,77,4,11,12,26,4,10,9,25,47,24,14.53,13,43,0,5,7,11,6,7,7,11,43,20
Lennard Robinson,St. Thomas (TX),2019-20,20.0,0,2,0,0,2,2,3,0,0,0,0,1,20.0,1,2,0,0,0,0,2,1,0,0,0,0
Lenny Kadisha,Stony Brook,2019-20,0.0,0,0,0,0,0,0,0,0,0,0,0,0,20.0,0,2,0,0,1,4,0,1,0,1,0,1
Lenorris Mincey,Campbellsville,2019-20,20.0,0,3,0,0,0,0,0,2,0,1,2,0,14.98,0,3,0,0,0,0,0,0,0,0,0,0
Leo Gallagher,Binghamton,2019-20,20.0,1,2,1,1,0,0,3,1,0,0,1,1,14.98,1,2,1,2,0,0,1,0,0,0,0,0
Leo O'Boyle,Lafayette,2019-20,20.0,39,89,27,63,26,32,17,7,1,9,20,8,20.0,28,74,13,43,12,16,12,2,2,10,17,7
Leo Toussaint,Southwestern,2019-20,0.0,0,0,0,0,0,0,0,0,0,0,0,0,17.9,0,0,0,0,0,0,2,0,0,0,1,0
Leon Daniels,Alabama State,2019-20,20.0,46,101,24,56,12,19,14,13,3,23,35,23,14.88,27,96,15,58,43,55,14,7,4,14,43,15
Leon Redd,Bethune-Cookman,2019-20,20.0,35,103,18,58,10,13,22,7,1,2,20,22,14.88,20,80,8,40,24,34,23,9,2,3,28,21
Leon Sneed,Prairie View A&M,2019-20,20.0,15,29,0,0,4,4,44,8,1,1,13,25,14.53,10,24,1,1,16,26,32,3,3,2,20,14
Leonard Harper-Baker,Southern Miss,2019-20,20.0,53,112,6,23,16,21,51,27,9,28,97,45,14.98,50,104,2,12,20,34,46,16,20,29,89,35
Leondrae Christie,Brewton-Parker,2019-20,20.0,0,1,0,1,0,0,0,0,0,0,0,1,14.9,0,1,0,1,0,0,0,0,0,0,1,0
Leondre Washington,McNeese,2019-20,0.0,10,29,3,11,10,15,18,3,0,2,13,18,20.0,13,26,4,13,17,19,17,8,0,0,6,11
Leroy Butts IV,Radford,2019-20,20.0,26,50,3,15,4,13,5,1,2,15,26,7,20.0,20,42,4,15,0,0,6,3,5,12,20,4
Leroy Moore,Delaware State,2019-20,0.0,2,7,1,4,4,6,2,4,0,1,3,2,20.0,3,5,0,0,0,3,4,1,0,2,3,7
Lesley University,,2019-20,0.0,0,0,0,0,0,0,0,0,0,2,0,2,0.0,0,0,0,0,0,0,0,0,0,1,0,0
Lesley Varner II,UT Rio Grande Valley,2019-20,20.0,66,165,18,47,40,49,29,26,3,18,61,24,19.45,77,165,22,49,68,77,23,19,4,23,69,19
Leslie Nkereuwem,Longwood,2019-20,20.0,24,37,0,0,13,25,3,14,11,29,26,14,16.5,20,34,0,0,7,21,5,7,2,24,38,13
Lester Quinones,Memphis,2019-20,20.0,38,90,21,58,31,39,33,11,1,8,34,32,14.73,37,97,14,53,50,61,23,7,2,12,41,22
Levar Williams,NJIT,2019-20,20.0,12,38,8,29,6,11,5,3,1,4,13,9,20.0,17,39,8,25,10,13,5,4,3,3,5,10
Levi Cook,Coastal Carolina,2019-20,20.0,11,21,0,0,6,9,2,2,1,12,14,11,20.0,8,14,0,0,8,18,7,2,2,6,17,8
Levi Cooke,,2019-20,5.05,1,2,0,0,1,2,0,0,0,0,2,1,0.0,0,0,0,0,0,0,0,0,0,1,1,1
Levi Haviland,Lyndon State College,2019-20,20.0,0,0,0,0,1,2,1,0,0,0,1,0,14.65,0,0,0,0,0,0,0,0,0,0,0,0
Levi Lamb,Brevard College,2019-20,20.0,1,6,0,2,0,0,2,3,0,1,1,0,14.78,0,1,0,1,2,2,0,1,0,0,1,2
Levi Seiler,Malone University,2019-20,19.92,1,1,0,0,0,0,0,0,0,1,0,1,18.48,0,0,0,0,0,0,0,1,0,0,0,0
Levi Stockard III,Kansas State,2019-20,20.0,17,41,0,0,10,16,5,9,2,10,29,23,18.32,24,39,0,0,16,21,4,10,5,14,25,12
Lewis Djonkam,Radford,2019-20,0.0,22,45,0,0,2,8,6,2,3,16,11,14,20.0,14,28,0,0,6,14,3,2,1,17,22,7
Lewis Holey,St. Francis (ILL),2019-20,20.0,1,1,0,0,0,0,2,0,1,1,3,1,17.92,2,5,0,1,0,0,0,0,1,2,3,3
Lewis McDaniel,Central Arkansas,2019-20,20.0,3,15,0,5,4,10,5,1,0,2,5,8,14.98,6,11,2,6,4,8,3,2,0,0,5,9
Lewis Ntolla,Southern-New Orleans,2019-20,20.0,4,7,0,0,0,0,0,1,2,3,8,2,15.27,0,3,0,0,0,2,0,2,1,3,1,0
Lez'ra Means,Brescia,2019-20,20.0,0,1,0,1,0,0,1,0,0,0,0,0,14.97,0,1,0,1,0,1,0,0,0,0,1,0
Liam Caswell,Bridgewater,2019-20,20.0,0,1,0,1,0,0,1,0,0,0,0,0,14.85,1,3,0,1,0,0,1,0,0,0,1,2
Liam Doup,Cleveland State,2019-20,0.0,0,0,0,0,0,0,0,0,0,0,0,0,14.93,0,0,0,0,0,1,0,0,0,0,0,0
Liam Drennan,Hartwick,2019-20,20.0,2,2,0,0,0,0,0,0,0,0,2,2,14.98,2,3,0,0,0,2,0,0,0,2,1,1
Liam Evans,Concord College,2019-20,20.0,3,7,0,1,1,1,0,0,0,1,1,0,14.98,3,6,0,1,0,1,0,1,1,1,0,4
Liam Robbins,Drake,2019-20,20.0,103,181,7,25,39,55,14,9,48,35,80,33,15.35,63,153,2,15,44,69,11,10,48,30,84,23
Liam Thompson,Elizabethtown,2019-20,20.0,0,0,0,0,0,2,0,0,0,0,2,0,14.92,0,1,0,0,0,0,1,2,0,0,1,0
Liberty,,2019-20,0.0,0,0,0,0,0,0,0,0,0,21,35,3,0.0,0,0,0,0,0,0,0,0,0,36,22,4
Life Pacific,,2019-20,0.0,0,0,0,0,0,0,0,0,0,4,2,1,0.0,0,0,0,0,0,0,0,0,0,3,1,1
Lijah Donnelly,Illinois State,2019-20,20.0,3,7,2,3,0,0,0,1,0,0,2,0,17.85,0,3,0,1,0,0,2,0,0,0,1,3
Lincoln Conrey,Northern Iowa,2019-20,0.0,0,0,0,0,0,0,0,0,0,0,0,0,14.87,0,1,0,1,0,0,1,0,0,2,1,1
Lincoln Yeutter,Holy Cross,2019-20,20.0,2,10,0,4,2,2,3,3,0,0,8,9,17.93,3,14,0,5,2,2,10,1,1,1,5,4
Lindenwood University,,2019-20,0.0,0,0,0,0,0,0,0,0,0,0,0,0,0.0,0,0,0,0,0,0,0,0,0,1,1,0
Lindsey Drew,Nevada,2019-20,20.0,58,120,19,50,18,26,53,21,7,7,87,36,20.0,59,126,20,53,26,32,57,21,11,20,78,36
Lindy Waters III,Oklahoma State,2019-20,20.0,61,164,21,76,25,30,36,16,0,7,63,24,20.0,48,118,17,45,35,44,37,20,2,9,47,24
Linton Acliese,San Francisco State,2019-20,20.0,1,4,0,1,0,0,0,0,1,0,3,1,14.97,3,5,0,0,0,0,0,0,0,1,2,0
Lipscomb,,2019-20,0.0,0,0,0,0,0,0,0,0,0,21,19,8,0.0,0,0,0,0,0,0,0,0,0,26,20,9
Little Rock,,2019-20,0.0,0,0,0,0,0,0,0,0,0,38,18,8,0.0,0,0,0,0,0,0,0,0,0,63,24,11
Liwayne Richardson,Howard,2019-20,20.0,5,7,0,1,1,2,2,0,7,4,16,5,15.35,2,8,0,0,7,12,1,0,3,4,8,3
Lj Randle,Polytechnic University,2019-20,20.0,0,2,0,1,0,0,0,0,0,1,0,0,14.73,1,2,0,0,0,0,0,0,1,1,1,0
Lloyd Chatman,,2019-20,8.18,0,1,0,1,0,0,0,0,0,0,0,0,0.0,1,3,0,0,0,0,2,0,0,0,1,0
Logan Blankenberg,Nazareth,2019-20,20.0,0,1,0,1,0,0,0,0,0,0,1,0,14.97,0,1,0,1,0,0,1,0,0,1,0,0
Logan Bunch,Washington College (MD),2019-20,20.0,1,2,1,1,0,0,0,0,0,0,2,0,14.58,0,2,0,1,1,2,0,0,1,1,1,0
Logan Curtis,East Carolina,2019-20,20.0,2,17,1,11,0,1,3,3,1,2,4,4,19.18,9,20,8,16,0,2,3,2,0,2,4,1
Logan Donahue,,2019-20,0.0,0,0,0,0,0,0,0,1,0,0,0,0,0.0,0,0,0,0,0,0,0,0,0,0,0,1
Logan Dye,Samford,2019-20,12.23,28,55,0,1,10,16,5,2,6,11,33,12,20.0,33,52,1,2,9,15,0,2,5,15,27,8
Logan Foutz,Mobile,2019-20,20.0,0,0,0,0,0,0,1,0,0,1,0,1,20.0,1,3,0,1,2,2,0,0,0,0,2,0
Logan Johnson,Saint Mary's,2019-20,19.73,3,16,1,7,5,6,1,2,0,2,4,4,20.0,3,8,1,2,5,8,3,2,0,2,3,3
Logan Koch,Eastern Illinois,2019-20,0.0,0,0,0,0,0,0,0,0,0,0,0,0,20.0,0,1,0,1,0,0,0,0,0,0,0,0
Logan Mccullough,,2019-20,3.67,1,4,1,4,0,0,0,0,0,0,1,0,0.0,1,3,1,3,2,2,1,0,0,0,1,0
Logan Padgett,Samford,2019-20,0.0,10,39,5,23,3,4,5,5,3,7,35,11,12.43,11,36,7,25,6,11,6,4,1,11,34,10
Logan Routt,West Virginia,2019-20,20.0,6,16,0,0,5,10,1,6,1,14,9,9,17.93,6,11,0,0,2,6,1,1,0,4,6,4
Logan Sharp,Cornell College,2019-20,20.0,1,2,0,0,0,0,0,0,0,2,3,0,14.87,0,0,0,0,0,0,0,0,1,1,1,0
Logan Swackhammer,Flagler,2019-20,19.97,4,4,3,3,0,0,0,0,0,0,0,1,20.0,3,4,0,1,1,1,0,2,0,0,0,0
Logan West-Holmes,,2019-20,0.0,0,0,0,0,0,0,0,0,0,0,1,0,0.0,0,0,0,0,0,0,0,0,0,0,1,0
Logan Windeler,North Alabama,2019-20,20.0,3,10,1,2,2,2,1,1,3,1,12,2,17.58,0,4,0,2,0,0,0,1,2,1,3,0
Long Beach State,,2019-20,0.0,0,0,0,0,0,0,0,0,0,56,24,5,0.0,0,0,0,0,0,0,0,0,0,32,24,9
Long Island University,,2019-20,0.0,0,0,0,0,0,0,0,0,0,12,8,5,0.0,0,0,0,0,0,0,0,0,0,8,9,4
Longwood,,2019-20,0.0,0,0,0,0,0,0,0,0,0,25,33,4,0.0,0,0,0,0,0,0,0,0,0,36,40,7
Lonnie Grayson,Army,2019-20,20.0,54,134,34,85,6,11,27,13,5,3,52,32,14.93,50,143,26,89,19,30,35,18,1,5,49,21
Loren Brill,Old Dominion,2019-20,0.0,0,0,0,0,0,0,0,0,0,0,0,0,17.28,0,1,0,1,0,0,1,0,0,1,0,2
Loren Cristian Jackson,Akron,2019-20,19.92,94,193,46,105,35,41,57,21,1,6,29,28,18.48,80,182,37,88,84,95,59,8,0,10,31,34
Lorenzo Burdon,Brewton-Parker,2019-20,20.0,1,3,1,2,0,0,0,0,0,0,0,1,14.9,0,1,0,1,0,0,0,0,0,0,1,0
Lorenzo Edwards,Saint Joseph's,2019-20,20.0,44,121,24,81,10,15,11,9,14,20,59,20,19.35,27,90,13,60,9,21,12,8,11,17,56,11
Lorenzo Gatling,Tennessee Wesleyan,2019-20,20.0,2,3,0,1,0,0,0,0,0,0,0,0,14.77,1,1,0,0,0,0,0,0,0,0,0,2
Lorenzo Jenkins,Grand Canyon,2019-20,20.0,37,98,10,42,20,30,14,3,2,10,41,19,19.45,36,72,9,31,42,48,12,6,1,7,40,15
Lorenzo McGhee,Nicholls,2019-20,20.0,30,60,10,28,8,9,7,8,2,13,18,8,20.0,23,55,3,12,11,15,11,13,0,18,14,9
Loris Lawson,Johnson & Wales (NC),2019-20,0.0,0,0,0,0,0,0,0,0,0,0,0,0,17.75,1,1,0,0,0,0,0,0,0,0,1,0
Loudon Love,Wright State,2019-20,20.0,87,168,0,0,45,75,20,7,17,39,84,31,20.0,72,162,0,0,45,86,17,12,21,63,67,34
Louie Pillari,Monmouth,2019-20,20.0,16,59,7,27,5,9,6,1,1,2,20,14,16.48,17,38,10,22,3,7,5,3,2,4,11,4
Louis Bangai,Grand Canyon,2019-20,20.0,0,1,0,0,2,4,1,0,1,2,4,2,20.0,0,2,0,0,0,2,0,0,0,2,0,1
Louis Blakes,Louisiana College,2019-20,20.0,2,6,0,0,0,4,0,1,0,1,5,4,16.93,2,5,0,1,3,4,1,2,0,0,2,4
Louis Tang,VMI,2019-20,20.0,17,62,4,31,5,11,9,10,1,12,31,12,19.18,32,53,12,26,12,17,9,6,0,11,23,13
Louisiana,,2019-20,0.0,0,0,0,0,0,0,0,0,0,51,32,10,0.0,0,0,0,0,0,0,0,0,0,60,26,4
Louisiana College,,2019-20,0.0,0,0,0,0,0,0,0,0,0,4,3,0,0.0,0,0,0,0,0,0,0,0,0,1,2,0
Louisiana Tech,,2019-20,0.0,0,0,0,0,0,0,0,0,0,36,24,9,0.0,0,0,0,0,0,0,0,0,0,51,14,6
Louisville,,2019-20,0.0,0,0,0,0,0,0,0,0,0,10,16,3,0.0,0,0,0,0,0,0,0,0,0,21,15,3
Lovevelle Shackleford,Notre Dame de Namur,2019-20,20.0,0,3,0,2,0,1,2,0,0,0,1,0,14.63,1,2,0,1,0,0,0,0,0,0,0,1
Loyola (LA),,2019-20,0.0,0,0,0,0,0,0,0,0,0,2,0,0,0.0,0,0,0,0,0,0,0,0,0,1,1,0
Loyola (MD),,2019-20,0.0,0,0,0,0,0,0,0,0,0,32,31,12,0.0,0,0,0,0,0,0,0,0,0,45,18,4
Loyola Chicago,,2019-20,0.0,0,0,0,0,0,0,0,0,0,18,17,7,0.0,0,0,0,0,0,0,0,0,0,25,18,18
Loyola Marymount,,2019-20,0.0,0,0,0,0,0,0,0,0,0,33,20,18,0.0,0,0,0,0,0,0,0,0,0,45,19,15
Lt Maynard,Chillicothe,2019-20,20.0,0,1,0,0,0,0,0,0,0,0,0,1,14.88,0,0,0,0,0,0,1,0,0,0,0,1
Lucas Kroft,Ball State,2019-20,20.0,0,9,0,6,0,0,0,2,1,0,7,2,14.92,3,12,2,9,0,0,2,0,0,1,0,1
Lucas Monroe,Pennsylvania,2019-20,20.0,12,31,3,8,6,10,14,9,5,10,24,9,20.0,11,22,1,5,15,24,7,4,5,8,23,12
Lucas N'Guessan,East Tennessee State,2019-20,20.0,51,84,3,8,28,41,12,5,18,26,62,25,14.97,49,75,1,4,48,70,5,9,20,37,71,25
Lucas Oldham,Trinity University (TX),2019-20,20.0,1,2,0,1,0,0,0,3,0,0,2,1,14.88,2,4,0,0,0,0,1,0,0,0,0,0
Lucas Siewert,Colorado,2019-20,20.0,37,89,22,59,13,14,14,7,4,11,55,16,20.0,41,86,26,56,14,18,7,4,2,10,39,10
Lucas Williamson,Loyola Chicago,2019-20,20.0,50,105,28,69,15,24,27,28,5,5,49,28,14.75,44,104,16,56,25,34,23,15,3,3,45,25
Ludgy Debaut,East Carolina,2019-20,20.0,2,3,0,0,0,0,0,1,1,1,1,2,19.18,0,2,0,0,0,0,0,0,2,1,3,3
Ludovic Dufeal,Gardner-Webb,2019-20,20.0,38,59,3,7,17,29,11,14,38,40,47,15,20.0,21,50,2,14,21,34,7,6,28,22,41,16
Luis Hurtado,UAB,2019-20,20.0,1,3,1,2,0,0,0,1,0,0,0,1,20.0,0,2,0,2,2,4,8,0,0,0,1,0
Luis Medearis,William Jessup,2019-20,20.0,0,7,0,3,4,4,1,1,0,0,0,3,14.92,0,4,0,3,2,2,1,0,0,0,1,2
Luis Rodriguez,Ole Miss,2019-20,20.0,5,12,0,4,4,6,6,3,2,6,7,0,14.93,4,10,0,1,7,10,6,2,0,5,6,3
Luis Salgado,,2019-20,2.0,2,3,1,2,0,0,1,2,0,0,1,1,0.0,1,3,0,2,0,0,0,1,0,1,0,0
Luka Barisic,UTSA,2019-20,20.0,31,76,10,33,13,17,6,11,5,18,24,22,17.8,28,67,10,36,18,21,14,2,3,10,21,16
Luka Brajkovic,Davidson,2019-20,20.0,61,120,5,12,21,34,25,2,17,21,47,36,20.0,54,108,2,8,28,37,22,2,11,24,48,20
Luka Garza,Iowa,2019-20,20.0,148,277,19,55,65,97,16,12,35,55,89,32,14.93,128,229,20,50,60,96,20,14,20,54,103,25
Luka Kraljevic,Boston College,2019-20,0.0,1,7,0,1,2,4,3,1,1,2,8,9,14.92,5,5,1,1,0,0,1,0,2,3,4,6
Luka Maziashvili,UMass Lowell,2019-20,20.0,0,7,0,2,0,3,7,4,0,4,2,7,14.97,1,5,0,1,0,0,0,1,0,0,4,3
Luka Radosevic,Lindenwood,2019-20,20.0,0,3,0,2,0,0,0,0,0,0,1,1,14.98,0,0,0,0,0,0,0,0,0,0,0,0
Luka Sakota,Harvard,2019-20,20.0,6,18,4,12,0,0,5,0,1,1,5,4,14.62,5,10,3,6,3,4,1,1,0,0,4,4
Luka Tabak,Simpson University,2019-20,20.0,1,2,0,1,0,0,0,2,0,1,2,0,14.93,0,2,0,1,0,0,0,1,0,0,2,0
Luka Tejic,Blue Mountain College,2019-20,20.0,1,1,0,0,0,0,0,0,0,0,0,2,14.77,1,2,0,0,0,0,0,0,0,0,1,1
Luka Vasic,Charlotte,2019-20,20.0,15,29,5,16,11,16,4,1,1,0,11,9,20.0,7,21,1,12,8,14,5,0,0,2,12,10
Lukas Durasas,Blue Mountain College,2019-20,20.0,0,2,0,1,0,0,1,1,0,1,2,2,14.77,0,0,0,0,0,0,0,0,0,0,0,1
Lukas Jarrett,Lafayette,2019-20,20.0,40,77,10,30,16,27,36,7,11,11,46,27,20.0,34,65,11,24,18,27,33,7,16,15,46,18
Lukas Kelly,Evergreen State,2019-20,20.0,3,8,0,3,0,0,4,0,0,4,3,2,20.0,3,7,0,2,0,0,0,1,0,1,8,3
Lukas Kisunas,Stanford,2019-20,0.0,15,27,0,0,4,12,9,5,6,20,30,21,16.37,15,27,0,0,3,8,9,2,1,15,19,14
Luke Avdalovic,Northern Arizona,2019-20,20.0,36,88,22,59,9,11,13,4,0,1,19,10,14.92,34,76,22,50,13,19,7,9,0,2,11,10
Luke Baham,,2019-20,1.63,1,4,0,2,0,2,1,1,0,0,1,0,0.0,1,2,1,1,0,1,0,0,0,0,2,2
Luke Bolster,Columbia,2019-20,20.0,7,22,2,14,0,1,7,4,0,1,10,8,17.52,5,14,2,7,2,5,11,5,0,0,8,5
Luke Brenegan,Carson Newman,2019-20,20.0,0,2,0,1,0,0,1,0,0,1,1,0,14.85,0,2,0,1,1,2,0,0,0,1,2,1
Luke Bumbalough,Ball State,2019-20,20.0,22,88,19,73,11,18,20,8,2,3,18,9,14.92,36,93,32,80,18,28,21,8,0,2,13,15
Luke Cox,Howard Payne,2019-20,20.0,2,3,2,3,0,0,0,1,0,0,1,0,14.82,0,2,0,1,0,0,0,0,0,0,0,2
Luke Frampton,Davidson,2019-20,20.0,9,20,7,15,3,3,4,2,1,0,11,4,20.0,6,15,6,13,0,0,2,2,0,0,4,0
Luke Fredsell,Lyndon State College,2019-20,20.0,1,4,1,2,0,0,2,0,0,0,0,5,14.65,0,2,0,2,0,0,0,0,0,1,0,0
Luke Geiger,Wisconsin-Stout,2019-20,20.0,2,5,2,3,0,0,0,0,0,0,2,1,14.93,2,4,0,2,0,0,0,0,0,0,0,0
Luke Gibson,Newberry,2019-20,20.0,0,2,0,1,0,0,0,1,0,1,1,2,14.97,0,1,0,0,0,0,1,0,0,0,0,2
Luke Hamilton,Mercer,2019-20,20.0,5,14,4,12,0,0,1,0,0,3,6,2,14.95,2,5,1,4,0,0,1,1,0,1,1,0
Luke Hartenburg,,2019-20,0.0,0,0,0,0,0,0,0,0,0,0,0,0,12.2,0,1,0,1,2,2,0,0,0,0,1,1
Luke Hicks,Southwestern,2019-20,20.0,2,3,2,2,2,2,2,0,0,0,0,0,17.17,2,5,0,3,0,0,0,0,0,0,0,2
Luke Johnson,Loyola (MD),2019-20,0.0,0,0,0,0,0,0,1,0,0,0,0,1,14.92,0,4,0,1,0,0,1,0,0,0,3,2
Luke Knapke,Toledo,2019-20,20.0,72,165,25,56,49,63,32,5,27,27,105,39,20.0,88,176,23,68,53,70,31,8,29,33,87,27
Luke Lawson,UNC Asheville,2019-20,20.0,2,13,0,9,2,2,0,3,1,0,3,1,16.22,1,4,0,2,0,0,0,0,2,2,1,1
Luke Layhew,Pikeville,2019-20,20.0,4,5,0,0,2,2,0,0,0,1,2,0,14.68,3,3,0,0,0,1,0,1,0,0,2,0
Luke Loehr,Navy,2019-20,17.1,22,65,16,46,6,12,14,8,1,19,41,13,20.0,29,71,13,40,9,14,11,1,1,19,39,16
Luke Loewe,William & Mary,2019-20,20.0,35,71,10,30,18,25,18,5,1,1,22,11,20.0,32,51,9,19,12,15,13,2,0,3,13,9
Luke Maranka,Toledo,2019-20,20.0,5,18,1,5,17,23,2,1,3,11,13,4,17.75,4,11,0,3,8,12,3,0,6,0,13,1
Luke Martin,Colorado Christian,2019-20,20.0,1,3,1,2,0,0,1,1,0,0,0,0,14.98,0,0,0,0,0,0,0,0,0,0,3,1
Luke McDonnell,Northern Iowa,2019-20,0.0,0,2,0,1,0,0,1,0,0,2,2,3,14.87,0,2,0,2,0,0,0,0,0,0,2,1
Luke Mckay,Liberty,2019-20,0.0,0,0,0,0,0,0,0,0,0,0,0,1,14.97,1,1,1,1,0,0,1,1,0,0,1,0
Luke Ronsiek,Mount Marty,2019-20,20.0,0,0,0,0,0,0,1,0,0,0,0,0,17.98,1,2,1,2,0,0,0,1,0,0,0,1
Luke Rosinski,New Hampshire,2019-20,20.0,6,17,0,1,2,2,1,2,1,7,10,4,18.52,1,5,0,0,3,6,2,0,0,1,2,1
Luke Sasser,,2019-20,0.0,0,0,0,0,0,0,0,0,0,0,0,1,0.0,0,0,0,0,0,0,0,0,0,0,0,0
Luke Stuart,Trinity University (TX),2019-20,20.0,0,1,0,1,0,0,0,1,0,0,0,0,14.88,1,1,1,1,0,0,0,0,0,0,2,0
Luke Sutherland,Siena,2019-20,20.0,1,1,1,1,0,0,0,0,0,0,1,0,17.67,1,4,0,2,0,0,0,0,1,1,5,0
Luke Thomas,Marshall,2019-20,20.0,0,5,0,5,0,0,0,1,0,0,1,0,14.82,2,3,2,3,0,0,1,0,0,0,0,0
Luke Thorburg,Midway,2019-20,20.0,1,1,1,1,0,0,0,0,0,0,1,0,14.88,1,3,0,0,0,0,0,0,0,1,0,0
Luke Toliver,Western Michigan,2019-20,0.0,0,0,0,0,0,0,0,0,0,0,0,0,20.0,3,7,2,4,4,4,0,2,0,1,0,0
Luke Tuttle,Olivet Nazarene,2019-20,20.0,2,2,1,1,0,0,0,0,0,0,2,0,20.0,0,1,0,0,0,0,0,0,0,0,0,0
Luke Umnus,Wisconsin Lutheran,2019-20,20.0,0,1,0,0,0,0,0,0,0,0,0,2,14.83,0,0,0,0,0,0,1,0,0,0,0,2
Luke Worley,Pacific Lutheran,2019-20,0.0,0,0,0,0,0,0,0,0,0,0,0,0,14.82,0,0,0,0,1,2,0,0,0,1,0,1
Luke Yoder,Illinois Wesleyan,2019-20,20.0,1,3,0,0,0,0,1,0,0,0,1,1,17.18,1,1,0,0,0,0,1,0,0,1,1,2
Lunden McDay,Ohio,2019-20,20.0,35,82,15,32,16,22,13,9,6,19,16,12,17.87,49,97,11,33,29,41,13,15,0,29,17,16
Luqman Abdul-Rauf,Lesley University,2019-20,20.0,1,2,1,1,0,0,0,0,0,0,1,1,14.98,0,3,0,2,0,0,0,1,0,0,0,2
Luther,,2019-20,0.0,0,0,0,0,0,0,0,0,0,1,0,0,0.0,0,0,0,0,0,0,0,0,0,1,1,0
Luther Muhammad,Ohio State,2019-20,20.0,29,82,16,51,18,21,19,13,1,4,23,17,20.0,31,76,17,44,27,33,18,16,0,10,29,15
Luwane Pipkins,Providence,2019-20,20.0,58,136,36,95,20,20,48,20,2,4,43,30,14.95,42,137,24,87,49,56,38,19,0,8,34,28
Lyle Sutton,Idaho State,2019-20,0.0,2,3,0,0,4,5,0,0,0,1,0,0,17.88,1,4,0,2,1,2,2,0,0,3,0,1
Lyle Tipton,Geneva,2019-20,20.0,4,6,1,1,0,0,0,1,0,0,1,0,14.9,3,5,1,1,0,0,0,0,0,1,0,2
Lyndon St,,2019-20,0.0,0,0,0,0,0,0,0,0,0,0,0,0,0.0,0,0,0,0,0,0,0,0,0,0,0,1
M.J. Walker,Florida State,2019-20,20.0,40,110,18,60,9,14,9,9,4,3,11,18,20.0,42,114,25,59,47,57,14,10,2,3,26,19
MJ Randolph,Florida A&M,2019-20,20.0,27,57,2,9,14,25,23,15,1,10,31,25,14.58,46,92,1,5,30,48,15,12,1,15,28,28
MJ Walker,Florida State,2019-20,0.0,0,0,0,0,0,0,8,0,0,0,0,0,20.0,0,0,0,0,0,0,5,0,0,0,0,0
MaCio Teague,Baylor,2019-20,20.0,72,157,39,97,18,22,25,12,1,16,50,18,14.98,43,135,18,68,71,82,26,15,2,11,48,17
Mac James,Rhodes College,2019-20,20.0,0,1,0,0,1,2,1,0,0,0,1,0,14.93,0,3,0,0,0,0,0,0,0,0,0,0
Mac McClung,Georgetown,2019-20,20.0,64,159,18,51,36,46,26,16,1,9,27,19,18.9,42,107,13,41,40,49,21,9,2,6,17,16
Maceo Austin,Duquesne,2019-20,20.0,36,90,13,46,13,18,19,8,2,10,43,19,20.0,28,69,8,30,13,21,21,9,5,20,30,22
Maceo Jack,George Washington,2019-20,20.0,59,149,42,115,9,10,13,13,2,7,28,23,18.17,47,129,30,96,26,31,8,13,9,5,32,9
Maciej Bender,Mercer,2019-20,20.0,54,113,0,0,16,38,18,4,16,29,71,33,14.95,35,75,0,0,15,30,18,3,19,25,45,24
Mack Anderson,Montana,2019-20,20.0,13,27,0,1,7,12,2,1,10,8,10,8,16.37,22,33,0,0,11,19,3,4,8,6,17,5
Mack Smith,Eastern Illinois,2019-20,20.0,78,169,45,119,20,27,27,11,9,5,42,14,14.92,52,136,24,82,32,43,23,8,6,5,34,13
Madani Diarra,,2019-20,0.0,0,0,0,0,0,0,0,0,0,0,1,0,0.0,0,0,0,0,0,0,0,0,0,0,0,0
Maddox Daniels,Colorado,2019-20,20.0,15,42,12,32,3,6,11,3,0,2,11,15,20.0,12,24,11,22,0,3,6,1,0,0,10,7
Madiaw Niang,Florida Atlantic,2019-20,19.97,14,32,1,8,4,8,6,8,4,22,34,7,20.0,16,36,2,9,8,10,2,8,10,16,27,8
Madison Monroe,Oakland,2019-20,20.0,5,13,1,6,2,3,6,1,0,2,8,8,20.0,7,14,1,4,3,4,5,4,0,5,5,6
Madut Akec,South Florida,2019-20,20.0,3,13,2,7,5,5,3,1,1,6,12,1,19.92,6,10,2,4,1,2,2,1,1,4,8,4
Mahamadou Diawara,Stetson,2019-20,20.0,72,129,0,6,23,40,7,6,10,41,51,42,20.0,64,104,2,5,58,93,11,11,7,48,48,44
Mahki Morris,Abilene Christian,2019-20,15.0,13,31,9,21,5,6,6,5,0,4,3,7,20.0,6,22,1,11,8,9,2,4,1,6,10,7
Maik Kotsar,South Carolina,2019-20,20.0,72,152,0,0,28,38,34,25,17,25,57,33,17.58,68,133,0,1,29,43,36,21,16,36,71,14
Maine,,2019-20,0.0,0,0,0,0,0,0,0,0,0,28,17,10,0.0,0,0,0,0,0,0,0,0,0,33,18,10
Maine Maritime,,2019-20,0.0,0,0,0,0,0,0,0,0,0,0,1,0,0.0,0,0,0,0,0,0,0,0,0,0,1,0
Maizen Fausett,Southern Utah,2019-20,14.53,48,102,15,37,7,12,10,12,6,22,59,16,20.0,39,87,8,33,25,40,13,8,12,30,56,12
Majerle Poole,Johnson & Wales (NC),2019-20,20.0,4,14,2,7,1,3,2,2,0,2,4,4,17.75,6,14,2,6,0,0,0,1,0,0,4,2
Majesty Brandon,Canisius,2019-20,20.0,67,172,25,78,14,22,14,12,2,5,51,21,19.78,87,191,31,79,33,42,24,20,4,9,55,23
Majur Majak,Saint Peter's,2019-20,0.0,6,12,0,0,7,8,0,3,16,8,16,7,14.97,6,10,0,0,3,5,0,4,11,6,18,3
Maka Ellis,Columbia,2019-20,20.0,5,15,3,8,0,0,1,0,1,0,7,2,17.52,6,25,2,14,0,0,3,1,0,1,8,4
Makai Johnson,Mount St. Vincent,2019-20,20.0,0,3,0,1,0,0,0,0,0,0,1,1,14.97,0,0,0,0,0,0,1,0,0,0,2,0
Makale Foreman,Stony Brook,2019-20,15.0,83,233,49,147,23,28,31,9,0,7,41,32,20.0,81,212,53,133,56,65,33,13,1,8,31,33
Makani Whiteside,UTSA,2019-20,0.0,3,12,1,4,3,7,3,3,1,2,11,3,17.8,3,8,3,4,6,8,3,0,1,3,6,8
Makhel Mitchell,Maryland,2019-20,20.0,3,5,0,0,2,2,1,1,4,4,12,2,15.55,1,3,0,0,0,0,1,0,0,3,1,0
Makhi Mitchell,Maryland,2019-20,20.0,2,15,0,0,3,6,2,2,2,3,13,5,15.55,9,15,0,0,9,14,0,0,6,5,14,3
Makhtar Gueye,UAB,2019-20,20.0,35,95,10,35,14,20,15,3,6,23,61,28,20.0,38,82,6,24,20,25,5,11,5,24,37,20
Makol Mawien,Kansas State,2019-20,20.0,35,81,3,8,15,20,10,8,13,21,48,30,18.32,46,88,0,2,38,50,7,8,13,28,65,28
Maks Klanjscek,UMKC,2019-20,0.0,7,19,5,13,0,1,2,3,1,2,7,7,17.95,7,18,5,13,2,3,4,5,0,2,4,1
Makuach Maluach,New Mexico,2019-20,20.0,67,135,20,52,23,30,22,14,10,20,44,28,15.18,46,105,9,40,24,37,14,12,3,21,47,17
Mal Graham,Goucher,2019-20,0.0,0,0,0,0,0,0,0,0,0,0,0,0,14.88,0,3,0,1,0,0,0,0,0,1,1,1
Malachi De Sousa,Albany,2019-20,20.0,24,72,5,27,8,23,31,5,8,10,52,19,14.9,39,70,6,23,20,30,22,7,5,9,47,17
Malachi Flynn,San Diego State,2019-20,20.0,74,187,34,98,30,38,73,25,1,10,47,31,14.9,102,211,36,92,74,82,76,30,2,7,67,25
Malachi Hall,Cairn University,2019-20,20.0,0,3,0,2,0,2,0,0,0,0,0,0,14.98,1,2,0,0,0,0,1,1,0,1,0,1
Malachi Reincke,Maine Maritime Academy,2019-20,20.0,0,1,0,0,0,0,1,0,0,0,1,0,14.78,0,0,0,0,0,0,0,0,0,0,0,0
Malachi Rhodes,Bucknell,2019-20,20.0,6,20,0,5,3,6,1,3,1,11,6,3,17.92,3,5,0,0,0,1,0,2,2,3,3,2
Malachi Wharry,Mayville State,2019-20,19.75,0,5,0,0,0,0,0,0,0,1,1,2,14.97,1,3,0,0,0,0,1,0,0,1,0,0
Malakhi Banks,Life Pacific,2019-20,20.0,3,8,3,4,1,2,1,0,1,0,1,0,14.73,4,9,2,5,0,0,1,0,1,0,4,1
Malcolm Dandridge,Memphis,2019-20,20.0,18,25,0,1,8,15,5,13,9,7,26,20,20.0,14,21,0,0,3,12,11,6,7,11,23,15
Malcolm Farrington,Arkansas State,2019-20,0.0,0,0,0,0,0,0,0,0,0,0,0,0,17.73,0,1,0,1,0,0,0,0,0,0,0,0
Malcolm Kennedy,Coker,2019-20,20.0,0,1,0,1,0,0,0,0,0,0,0,1,15.8,1,2,1,2,0,0,0,0,0,0,0,0
Malcolm Morgan,Emory & Henry,2019-20,20.0,0,1,0,1,0,0,0,0,0,0,0,1,14.93,0,4,0,1,0,0,1,1,0,1,1,0
Malcolm Porter,Portland,2019-20,20.0,34,91,13,40,21,26,20,8,0,5,33,18,14.98,35,80,13,33,30,40,16,7,0,1,34,17
Malcolm Taylor,Williams Baptist,2019-20,20.0,2,5,1,4,0,0,0,0,1,0,3,1,14.83,1,4,0,3,0,0,2,0,0,0,1,1
Malcolm Williams,,2019-20,0.0,0,0,0,0,0,0,0,0,0,0,1,1,0.0,0,0,0,0,0,0,0,0,0,0,0,0
Malcolm Wynter,Davidson,2019-20,0.0,3,11,1,5,1,1,2,1,0,2,1,1,20.0,1,2,1,2,0,0,0,0,0,0,1,0
Maleeck Harden-Hayes,North Dakota State,2019-20,20.0,7,15,6,11,6,8,0,3,0,6,9,3,20.0,2,7,0,1,4,4,1,1,0,4,9,2
Malek Barber,Palm Beach Atlantic,2019-20,20.0,0,2,0,1,0,0,1,0,0,1,0,1,20.0,1,5,1,3,1,2,3,0,0,0,2,1
Malek Harwell,Cal Poly,2019-20,20.0,22,59,13,30,16,20,5,2,0,2,22,11,18.25,18,52,7,26,29,33,9,7,1,4,18,11
Maliek White,Providence,2019-20,20.0,48,130,19,68,19,22,33,13,1,5,24,26,14.95,29,91,12,44,25,38,39,17,1,1,22,29
Malik Anderson,Texas Permian Basin,2019-20,20.0,0,6,0,2,0,0,2,0,0,3,1,1,14.98,1,2,1,2,2,2,0,1,0,1,2,0
Malik Bailey,St. Francis (ILL),2019-20,20.0,4,9,3,5,0,0,0,1,0,1,3,2,17.92,0,4,0,1,0,0,0,0,5,1,1,1
Malik Barnett,Maryville University,2019-20,20.0,2,3,0,1,0,0,0,1,0,0,1,1,14.77,1,2,1,2,0,0,1,1,0,0,1,2
Malik Battle,Charleston Southern,2019-20,0.0,9,22,5,7,0,3,2,1,0,1,3,1,14.88,7,16,1,4,4,4,5,0,0,0,2,1
Malik Brevard,Arkansas State,2019-20,20.0,48,69,0,2,14,23,12,12,4,37,55,26,17.73,18,31,0,0,14,20,8,12,10,26,38,17
Malik Bullock,Johnson & Wales (NC),2019-20,20.0,4,7,0,1,0,1,1,1,0,0,3,1,17.75,2,3,0,0,1,2,0,1,0,0,1,4
Malik Crowfield,VCU,2019-20,20.0,14,37,10,27,1,3,14,4,2,3,5,6,18.45,10,29,8,21,2,2,7,1,1,4,10,3
Malik Curry,Old Dominion,2019-20,20.0,60,163,15,52,29,42,62,15,7,3,45,33,20.0,82,183,12,38,57,81,52,16,2,10,36,33
Malik Ellison,Hartford,2019-20,20.0,50,112,1,4,23,34,13,9,12,16,51,19,17.9,65,121,1,3,38,56,17,6,6,26,56,30
Malik Fitts,Saint Mary's,2019-20,19.03,85,197,36,85,44,50,18,18,3,19,91,29,20.0,77,155,19,47,60,79,17,23,7,10,90,29
Malik Galloway,Mid-Atlantic Christian University,2019-20,20.0,5,22,0,0,0,1,0,1,0,3,8,4,14.88,1,8,0,0,6,6,0,1,2,4,4,3
Malik Hall,Michigan State,2019-20,20.0,23,46,1,9,14,20,16,5,4,17,40,11,20.0,27,46,6,12,18,23,19,5,6,20,32,11
Malik Hardy,Florida Gulf Coast,2019-20,20.0,12,35,5,17,6,8,9,4,0,8,14,15,17.75,12,27,2,9,11,14,4,6,2,11,17,6
Malik Jefferson,Mt. St. Mary's,2019-20,20.0,58,119,0,1,14,30,12,8,7,41,72,21,18.9,57,95,0,0,6,25,9,6,8,35,61,17
Malik Johnson,Canisius,2019-20,20.0,65,180,15,56,24,37,84,36,3,2,100,51,19.78,63,163,14,58,59,77,90,27,0,11,68,38
Malik Kennedy,Morehouse College,2019-20,20.0,0,2,0,1,2,2,0,1,0,0,0,1,14.9,2,5,1,2,0,0,0,0,0,0,1,0
Malik Laffoon,Anderson (IN),2019-20,20.0,2,5,0,2,0,1,0,0,1,0,1,1,14.88,1,3,0,0,0,0,0,0,0,0,1,2
Malik LeGania,Coastal Carolina,2019-20,20.0,24,44,5,9,11,16,3,4,0,8,17,14,14.97,16,36,0,4,11,17,8,3,1,6,12,4
Malik Legania,Coastal Carolina,2019-20,20.0,5,8,0,1,0,2,1,0,0,1,3,2,20.0,1,1,0,0,0,0,0,0,0,0,3,1
Malik Lorquet,Massachusetts-Boston,2019-20,20.0,6,10,0,0,3,5,0,2,2,8,3,3,14.88,0,4,0,0,0,0,0,0,2,1,1,0
Malik Maitland,Bethune-Cookman,2019-20,20.0,37,103,15,39,12,18,40,17,1,6,26,31,14.88,43,121,12,40,16,22,32,12,0,8,24,10
Malik Martin,Charlotte,2019-20,20.0,45,99,19,50,19,29,12,26,12,9,34,11,20.0,42,82,15,37,32,41,9,21,8,12,46,14
Malik Massey,UNC Greensboro,2019-20,20.0,29,93,16,62,9,15,39,15,1,6,24,26,14.98,23,74,13,42,29,36,27,14,0,6,17,17
Malik Miller,Morgan State,2019-20,20.0,31,59,4,13,10,21,15,11,2,28,39,23,14.93,35,60,3,10,30,45,12,13,1,21,38,17
Malik Morris,Piedmont International,2019-20,20.0,1,4,0,1,0,0,0,1,0,1,1,0,15.1,1,1,0,0,0,0,0,1,0,1,3,1
Malik Osborne,Florida State,2019-20,20.0,32,73,10,34,10,15,4,11,10,25,49,13,20.0,35,71,8,18,12,23,9,8,11,33,39,5
Malik Porter,Idaho State,2019-20,20.0,57,104,0,1,19,32,12,6,6,20,34,21,18.73,53,96,0,1,35,53,9,10,16,29,39,18
Malik Riddle,Morehead State,2019-20,15.03,27,77,12,29,5,6,9,4,5,15,21,15,20.0,27,71,8,33,7,13,10,9,9,7,39,9
Malik Sanders,West New Mexico,2019-20,0.0,0,0,0,0,0,0,0,0,0,0,0,0,14.97,0,1,0,1,0,0,0,0,0,1,0,1
Malik Skillern,Pacific Union,2019-20,0.0,0,0,0,0,0,2,1,1,0,0,0,1,14.98,0,5,0,3,1,2,0,0,0,0,4,1
Malik Williams,Louisville,2019-20,0.0,29,70,6,15,19,30,5,7,8,27,48,7,16.62,42,77,3,16,35,53,4,5,6,31,41,10
Malone,,2019-20,0.0,0,0,0,0,0,0,0,0,0,2,0,1,0.0,0,0,0,0,0,0,0,0,0,4,2,0
Mamadi Diakite,Virginia,2019-20,20.0,83,167,13,31,26,36,6,13,16,18,71,35,17.9,62,135,6,22,61,80,10,10,21,28,82,28
Mamadou Doucoure,Rutgers,2019-20,20.0,2,6,0,0,1,2,1,1,2,3,11,6,20.0,0,1,0,0,0,2,0,0,0,0,3,2
Mamadou Mariko,Mount St. Vincent,2019-20,20.0,0,1,0,0,0,0,0,0,1,3,2,2,14.97,0,0,0,0,0,0,0,0,0,0,0,0
Mamoudou Diarra,Cincinnati,2019-20,0.0,16,28,3,5,8,11,3,6,1,13,24,13,14.95,12,24,2,2,10,18,4,4,9,15,22,7
Manchester (IN),,2019-20,0.0,0,0,0,0,0,0,0,0,0,0,3,1,0.0,0,0,0,0,0,0,0,0,0,1,1,0
Manhattan,,2019-20,0.0,0,0,0,0,0,0,0,0,0,66,27,11,0.0,0,0,0,0,0,0,0,0,0,57,21,4
Manley Dorme,Caldwell College,2019-20,20.0,1,3,0,0,2,2,0,0,0,3,2,4,20.0,1,2,0,0,1,4,0,0,1,1,3,1
Manny Bates,NC State,2019-20,18.62,32,53,0,0,9,17,5,5,36,23,33,8,20.0,28,38,0,0,7,16,3,8,45,27,29,7
Manny Camper,Siena,2019-20,20.0,62,127,7,20,41,68,31,10,3,36,101,38,17.67,56,120,6,19,65,94,30,12,4,38,98,25
Manny Patterson,Green Bay,2019-20,20.0,45,73,0,0,27,34,2,6,12,40,40,21,16.57,25,56,0,2,13,22,7,3,12,23,48,9
Marc Combs,San Diego Christian,2019-20,20.0,8,13,2,4,0,0,2,1,0,0,1,1,14.97,2,6,1,4,2,3,2,0,1,2,3,2
Marc Dadika,Fairleigh Dickinson,2019-20,20.0,7,12,2,4,3,3,2,1,3,2,5,6,16.77,3,8,1,3,1,2,0,1,2,0,5,1
Marc Reininger,Utah,2019-20,20.0,1,3,1,1,1,2,0,0,0,3,1,0,14.97,0,0,0,0,0,0,0,0,0,0,0,0
Marc Silas,Holy Family,2019-20,20.0,1,1,0,0,0,0,0,0,0,0,0,0,14.9,0,3,0,1,0,0,0,0,0,0,1,0
Marc Williams,Pacific Union,2019-20,20.0,6,12,1,5,0,3,1,1,0,0,0,1,14.98,1,5,0,3,0,0,2,2,0,0,0,3
Marcel Holden,Paul Quinn,2019-20,20.0,2,7,2,6,0,0,0,0,0,0,4,2,14.83,1,3,1,2,0,0,1,0,0,0,0,1
Marcel Thompson,UMBC,2019-20,0.0,0,0,0,0,0,0,0,0,0,0,0,0,14.83,0,2,0,2,2,2,3,0,0,1,0,1
Marcell Curry,Bryn Athyn,2019-20,20.0,0,1,0,1,0,0,1,0,0,0,1,0,15.02,0,2,0,0,0,0,0,0,0,0,1,0
Marcellus Earlington,St. John's,2019-20,20.0,53,122,2,14,18,27,12,19,3,38,43,18,14.95,59,117,7,22,15,25,6,12,6,32,25,9
Marcellus Ross,Caldwell College,2019-20,20.0,0,2,0,2,0,0,0,3,0,0,0,0,20.0,0,2,0,1,0,0,0,0,0,0,0,0
Marcus Bingham Jr,Michigan State,2019-20,0.0,0,0,0,0,0,0,4,0,0,0,0,0,14.97,0,0,0,0,0,0,3,0,0,0,0,0
Marcus Bingham Jr.,Michigan State,2019-20,20.0,21,53,3,20,19,30,1,6,26,15,47,8,20.0,17,42,2,8,7,10,3,0,15,16,32,6
Marcus Blackwell,Oklahoma Christian,2019-20,20.0,1,3,0,1,0,0,0,0,0,0,0,2,14.88,0,2,0,1,0,2,0,0,0,0,1,1
Marcus Brackens,Arlington Baptist,2019-20,20.0,4,7,0,0,5,5,1,0,0,0,0,2,14.95,0,4,0,0,0,0,3,1,0,0,1,1
Marcus Burk,IUPUI,2019-20,20.0,114,285,48,131,48,57,26,22,4,10,44,42,14.88,115,242,40,99,60,78,36,14,4,7,44,34
Marcus Carr,Minnesota,2019-20,20.0,60,171,19,60,30,43,103,10,2,16,65,33,14.98,78,178,24,63,59,89,77,14,0,11,51,36
Marcus DeBerry,Purdue Fort Wayne,2019-20,20.0,41,103,21,59,4,7,23,12,1,9,48,7,18.22,33,96,16,57,11,16,12,12,5,11,29,8
Marcus Dickinson,Boise State,2019-20,20.0,15,51,8,32,4,6,17,11,0,4,29,16,14.73,17,42,12,33,13,14,9,8,0,4,22,7
Marcus Dixon,Summit,2019-20,19.98,3,7,0,1,1,2,0,2,0,0,1,0,14.97,2,2,0,0,0,0,0,0,0,0,0,2
Marcus Domask,Southern Illinois,2019-20,20.0,76,134,30,57,23,26,31,12,5,14,65,27,17.18,51,130,17,55,42,53,30,12,8,17,56,29
Marcus Ernst,Malone University,2019-20,19.92,3,5,0,0,0,0,0,0,0,0,1,2,18.48,2,2,0,0,0,0,0,0,0,1,5,0
Marcus Evans,VCU,2019-20,20.0,46,99,28,56,37,50,32,19,2,8,21,37,18.45,20,79,5,31,37,49,37,16,0,4,13,30
Marcus Filien,Cornell,2019-20,0.0,4,16,1,6,2,2,2,2,1,4,15,1,19.38,6,15,1,9,7,8,2,3,2,4,17,5
Marcus Ford,Newberry,2019-20,0.0,0,0,0,0,0,0,0,0,0,0,1,2,14.97,0,0,0,0,0,0,1,0,0,0,0,1
Marcus Garrett,Kansas,2019-20,20.0,51,123,11,34,20,41,67,31,1,8,60,28,20.0,52,111,6,17,29,42,71,23,6,10,60,26
Marcus Gibbs,Eastern Michigan,2019-20,20.0,0,6,0,3,0,0,2,0,0,0,1,3,20.0,1,7,0,4,2,4,0,0,1,0,1,0
Marcus Gilbert,Ark Monticello,2019-20,20.0,2,5,2,4,0,0,0,0,0,0,1,4,17.73,4,9,1,4,0,0,1,0,0,4,1,3
Marcus Hammond,Niagara,2019-20,20.0,75,183,33,88,17,23,48,12,2,6,67,26,20.0,84,179,38,80,28,35,39,19,2,9,58,20
Marcus Henderson,Evansville,2019-20,20.0,8,21,6,15,0,0,5,0,0,2,5,3,20.0,5,14,5,12,0,0,2,1,0,2,1,2
Marcus Hill,Wisconsin-Stout,2019-20,20.0,1,2,0,0,0,0,0,0,0,0,2,0,14.93,0,0,0,0,1,2,0,0,0,0,0,0
Marcus Jackson,AUB Montgomery,2019-20,20.0,1,2,0,1,0,0,1,1,0,0,3,3,14.95,3,7,0,1,0,0,2,0,0,1,5,0
Marcus Kirkland,Reinhardt,2019-20,20.0,1,6,0,2,4,5,1,0,0,0,2,3,14.92,1,7,0,0,3,4,0,1,1,2,1,2
Marcus Larsson,Incarnate Word,2019-20,20.0,29,55,0,1,19,25,11,5,7,12,42,23,14.63,28,53,0,1,19,35,9,9,5,18,29,21
Marcus Lewis,Medgar Evers,2019-20,20.0,2,4,0,0,0,1,4,0,0,0,2,7,15.0,2,4,0,1,2,3,6,0,0,0,1,4
Marcus McClary,Monmouth,2019-20,20.0,29,52,1,3,10,18,11,6,3,11,45,18,16.48,24,63,1,9,25,30,14,11,0,14,35,4
Marcus Moultrie,Fisk,2019-20,20.0,2,4,0,1,2,2,1,2,0,0,1,0,14.77,1,1,0,0,0,0,0,1,0,1,0,1
Marcus Ottey,UIC,2019-20,20.0,48,113,10,23,21,25,20,9,1,4,38,23,16.9,47,112,10,21,27,33,17,6,4,9,27,26
Marcus Pickens,,2019-20,0.0,0,0,0,0,0,0,0,0,0,0,0,0,0.0,0,0,0,0,0,0,0,0,0,0,1,0
Marcus Plair,Ferrum,2019-20,0.0,3,7,0,0,0,1,0,0,1,1,4,0,14.85,2,3,0,0,0,2,3,0,0,1,3,1
Marcus Quirk,Cornell College,2019-20,20.0,2,5,0,2,0,1,0,0,0,1,0,1,14.87,2,5,2,4,0,0,0,0,0,1,2,0
Marcus Saint-Furcy,New York Institute of Technology,2019-20,20.0,2,5,1,3,0,2,0,0,0,0,0,2,14.97,3,3,1,1,1,3,1,2,0,0,0,0
Marcus Santos-Silva,VCU,2019-20,20.0,67,132,0,0,28,58,17,18,22,38,91,37,18.45,88,140,0,0,44,73,12,16,17,51,89,22
Marcus Sasser,Houston,2019-20,20.0,37,101,27,79,8,12,23,9,1,4,33,11,14.95,35,103,22,67,16,19,24,7,2,5,27,17
Marcus Sheffield II,Elon,2019-20,20.0,94,225,32,78,36,42,61,16,4,8,73,38,20.0,112,261,38,90,89,111,32,11,7,15,71,25
Marcus Stephens,,2019-20,0.0,0,0,0,0,0,0,0,0,0,0,0,0,0.0,0,0,0,0,0,0,0,0,0,0,0,2
Marcus Summerville,Fisk,2019-20,20.0,2,4,0,2,4,4,1,1,0,0,1,2,14.77,0,1,0,1,0,0,0,0,0,0,0,2
Marcus Thomas,Western Carolina,2019-20,0.0,15,26,3,6,2,4,1,1,2,3,15,6,18.05,7,19,2,8,1,2,4,1,0,5,6,4
Marcus Tsohonis,Washington,2019-20,0.0,21,49,8,17,3,4,22,5,0,5,14,10,17.37,24,58,12,30,8,15,16,7,3,3,11,15
Marcus Wallace,Arkansas-Pine Bluff,2019-20,0.0,16,68,11,44,6,9,21,15,1,4,16,19,14.9,23,66,12,38,6,10,5,6,1,9,12,9
Marcus Weathers,Duquesne,2019-20,20.0,69,142,0,16,36,51,26,12,17,41,73,24,20.0,67,110,4,11,46,78,19,16,18,40,62,28
Marcus Zegarowski,Creighton,2019-20,20.0,80,163,34,74,22,29,70,10,1,1,45,33,20.0,50,121,21,61,29,37,58,14,1,4,42,30
Marek Dolezaj,Syracuse,2019-20,20.0,48,105,1,3,49,61,44,20,10,39,55,25,17.9,49,87,0,4,57,78,33,14,13,31,65,33
Marek Welsch,Jacksonville State,2019-20,20.0,6,19,5,12,0,1,10,3,0,0,9,14,19.48,10,21,7,10,4,5,21,5,1,0,10,15
Marell Jordan,Defiance,2019-20,20.0,2,5,0,1,0,0,0,0,0,0,3,2,14.92,1,6,0,2,0,0,2,2,0,0,1,0
Mariano Rodriguez,Massachusetts-Boston,2019-20,20.0,3,6,2,5,0,0,0,0,0,0,1,0,14.88,0,2,0,2,0,0,0,0,0,0,2,0
Marin Bandalo,Penn State Wilkes-Barre,2019-20,0.0,0,0,0,0,0,0,0,0,0,0,0,1,14.67,0,1,0,1,0,0,0,0,0,0,0,1
Marin Lisica,Mayville State,2019-20,19.75,1,1,0,0,0,0,0,0,0,1,0,0,14.97,0,0,0,0,0,0,0,0,0,0,0,1
Mario Lacy,Urbana,2019-20,20.0,0,1,0,0,0,0,0,1,1,0,2,1,14.77,3,4,0,0,0,0,0,0,0,2,0,0
Mario McKinney Jr,Missouri,2019-20,20.0,0,0,0,0,0,0,2,0,0,0,0,0,14.63,0,0,0,0,0,0,0,0,0,0,0,0
Mario McKinney Jr.,Missouri,2019-20,20.0,1,10,0,1,6,7,0,0,0,2,2,0,14.63,2,6,0,0,2,2,0,0,0,2,3,4
Mario Mora,Pacific Oregon,2019-20,20.0,0,2,0,2,0,0,0,0,0,0,0,1,14.8,0,1,0,1,0,0,0,0,0,0,0,0
Marion Humphrey,San Diego,2019-20,19.98,35,103,10,28,16,26,36,16,6,8,42,36,20.0,33,93,6,25,25,39,41,18,3,10,42,13
Marion Moore,Newport News Apprentice,2019-20,20.0,0,1,0,0,0,0,0,0,0,0,0,0,14.92,3,6,0,0,0,4,1,0,0,2,0,0
Marist,,2019-20,0.0,0,0,0,0,0,0,0,0,0,43,24,13,0.0,0,0,0,0,0,0,0,0,0,51,21,5
Mark Carbone,New Hampshire,2019-20,20.0,20,44,15,35,2,2,19,7,1,5,18,17,20.0,21,46,14,25,31,35,21,4,0,3,18,9
Mark Carter,Alcorn State,2019-20,20.0,6,9,0,0,4,10,0,2,0,4,9,3,14.98,8,18,0,0,2,3,2,3,1,8,4,1
Mark Crowe,Cal Poly,2019-20,20.0,20,45,16,41,2,7,6,6,5,3,22,16,18.25,14,37,10,29,0,0,6,9,4,10,16,9
Mark Flagg,St. Francis (PA),2019-20,20.0,35,69,0,0,12,28,8,5,16,25,35,17,18.45,37,64,0,0,14,28,7,7,13,30,21,9
Mark Freeman,Tennessee State,2019-20,20.0,30,78,10,25,11,13,52,8,1,5,31,36,14.95,28,76,7,27,7,14,42,8,0,1,17,42
Mark French,Texas A&M,2019-20,20.0,4,20,3,15,0,0,7,4,0,0,5,5,18.83,7,19,4,14,5,8,9,2,0,1,7,6
Mark Gasperini,American,2019-20,20.0,53,112,0,1,12,18,13,9,6,28,37,14,17.67,38,75,0,1,33,45,5,4,9,23,47,14
Mark Madden,Army,2019-20,0.0,0,4,0,3,4,4,4,0,0,1,4,0,14.97,4,9,0,3,0,0,4,3,1,5,10,3
Mark Munroe,Massachusetts-Boston,2019-20,20.0,0,1,0,0,1,2,0,2,0,2,2,2,14.88,0,0,0,0,0,0,1,1,0,0,2,1
Mark Smith,Missouri,2019-20,20.0,40,100,30,76,9,12,14,8,0,4,41,18,14.63,32,86,20,63,22,31,3,14,1,4,40,10
Mark Tikhonenko,Sam Houston State,2019-20,20.0,22,46,14,26,2,3,11,5,1,11,22,12,20.0,11,26,11,21,3,5,3,1,1,5,20,4
Mark Vital,Baylor,2019-20,20.0,34,83,1,8,17,41,32,30,11,45,57,24,14.98,39,74,1,8,10,23,21,19,5,36,36,15
Markedric Bell,Arkansas-Pine Bluff,2019-20,20.0,58,151,5,24,26,34,14,11,16,15,52,25,14.9,37,103,3,17,17,26,10,7,13,10,38,24
Markell Johnson,NC State,2019-20,20.0,74,179,22,79,16,26,105,31,5,5,59,51,17.92,70,177,21,76,36,60,91,26,3,7,60,44
Markell Riggins,Regent University,2019-20,20.0,5,15,2,4,6,8,4,5,1,3,5,9,14.97,2,10,0,1,1,4,1,1,0,0,1,3
Markese Jacobs,DePaul,2019-20,20.0,11,27,6,17,5,10,1,3,0,1,2,8,14.98,6,17,4,11,8,14,2,1,1,2,2,3
Markese Redding,Loyola (MD),2019-20,20.0,0,2,0,1,0,0,0,1,0,0,3,0,17.73,0,1,0,0,0,0,0,0,0,2,2,0
Marko Coudreau,North Dakota,2019-20,20.0,1,4,0,2,0,0,0,0,0,1,1,2,14.97,0,2,0,1,0,0,0,0,0,0,1,0
Marko Lukic,Little Rock,2019-20,20.0,13,34,9,25,12,12,2,1,0,2,9,12,20.0,11,28,7,24,7,12,3,1,0,1,4,13
Marko Sarenac,Marshall,2019-20,20.0,24,55,10,35,7,9,5,4,6,13,36,13,20.0,24,46,7,17,8,11,3,4,5,10,28,17
Markquis Nowell,Little Rock,2019-20,20.0,66,146,31,75,21,26,65,25,0,4,39,53,20.0,65,156,33,89,55,62,58,29,1,5,25,43
Markus Geldenhuys,Rio Grande,2019-20,19.98,1,2,0,0,0,0,0,0,0,1,1,0,14.62,1,2,0,0,0,0,1,0,0,0,3,0
Markus Golder,Portland State,2019-20,20.0,30,75,8,28,9,13,10,9,6,16,32,11,14.95,31,63,10,27,5,6,5,7,5,10,21,13
Markus Howard,Marquette,2019-20,19.98,117,267,61,142,75,88,36,13,1,5,46,56,14.92,106,262,53,134,127,148,50,11,0,9,37,38
Marlin Davis,Texas State,2019-20,20.0,31,63,7,23,19,23,63,17,3,1,28,20,14.9,28,70,7,17,19,23,46,17,2,5,36,21
Marlon Adams,Maryland-Eastern Shore,2019-20,20.0,11,36,4,15,0,2,6,4,3,10,26,16,14.78,12,33,4,18,0,1,5,3,2,3,13,5
Marlon Hargis,Holy Cross,2019-20,20.0,26,59,9,27,17,21,13,2,3,10,20,23,15.55,15,41,3,18,9,9,7,4,2,5,16,13
Marlon Ruffin,Omaha,2019-20,0.0,39,84,8,23,12,17,17,5,2,12,27,18,17.78,42,104,17,42,44,63,17,9,4,15,31,15
Marlon Sharpton,Rosemont College,2019-20,20.0,2,3,0,1,0,0,1,2,0,0,2,3,14.97,1,2,0,0,0,0,0,0,0,0,1,4
Marlon Sierra,Bowling Green,2019-20,20.0,18,50,2,7,7,13,4,6,2,20,36,10,15.38,19,48,7,16,15,22,7,2,0,22,49,9
Marlon Stewart,North Dakota,2019-20,20.0,53,140,21,63,30,41,45,6,2,3,60,32,14.97,71,157,19,53,78,98,56,9,2,6,56,37
Marlon Taylor,LSU,2019-20,20.0,14,43,4,17,17,23,8,8,2,11,37,13,19.52,19,46,7,15,22,26,4,4,3,24,13,4
Maros Zeliznak,Jacksonville State,2019-20,0.0,11,24,0,1,5,10,2,2,2,11,24,12,19.48,5,18,0,0,3,10,4,2,5,10,15,7
Marqel Wansley,Central Pennsylvania College,2019-20,20.0,7,24,5,12,2,2,4,1,0,1,2,10,14.93,2,17,1,9,4,8,2,1,0,1,4,2
Marque Maultsby,New Hampshire,2019-20,20.0,52,138,28,75,5,6,37,13,4,10,46,23,20.0,37,107,8,37,20,28,42,11,3,7,39,22
Marquel Gibbons,Carver Bible College,2019-20,20.0,2,14,0,5,2,2,3,1,1,2,2,4,14.93,4,6,1,2,2,2,3,1,0,0,2,5
Marquell Carter,Arkansas-Pine Bluff,2019-20,20.0,38,106,21,55,4,9,15,12,1,16,59,35,14.9,43,95,16,39,23,34,12,15,3,11,48,30
Marquell Fraser,Idaho,2019-20,20.0,28,66,2,9,21,25,18,5,2,8,28,18,20.0,26,57,0,6,28,42,19,2,1,13,33,17
Marques McGee,William Carey,2019-20,20.0,0,1,0,1,0,0,0,1,0,0,1,1,17.92,0,0,0,0,0,0,1,0,0,0,1,0
Marques Sumner,Rogers State,2019-20,20.0,2,9,2,7,0,0,2,0,0,0,0,3,19.15,2,8,1,4,0,0,1,0,0,2,3,1
Marques Wilson,Lehigh,2019-20,20.0,51,125,20,50,16,25,46,14,1,9,49,30,14.98,41,117,14,44,35,44,38,9,0,8,45,37
Marquette,,2019-20,0.0,0,0,0,0,0,0,0,0,0,36,24,9,0.0,0,0,0,0,0,0,0,0,0,57,26,9
Marquez Chew,Williams Baptist,2019-20,20.0,1,3,0,0,0,0,0,1,0,0,2,1,14.83,0,2,0,1,0,0,1,0,0,0,0,1
Marquez Cooper,Bluefield State,2019-20,20.0,3,11,1,2,2,4,0,1,0,1,0,4,14.97,4,11,1,4,2,2,0,1,0,0,1,3
Marquice Fifield,Tennessee Wesleyan,2019-20,20.0,0,2,0,1,0,0,0,0,0,0,1,0,14.77,0,0,0,0,0,0,0,0,0,0,1,0
Marquis Dorsey,Campbellsville-Harrodsburg,2019-20,20.0,0,4,0,2,0,0,1,0,0,0,0,2,14.9,1,3,0,0,0,0,0,0,0,0,0,2
Marquis Duncanson,Trinity Baptist,2019-20,20.0,4,11,0,5,4,7,3,3,0,0,2,10,14.93,1,9,1,5,1,2,2,0,0,0,1,3
Marquis Eaton,Arkansas State,2019-20,20.0,55,146,19,59,26,37,35,22,1,9,43,35,17.73,69,157,20,53,71,86,43,25,2,10,33,20
Marquis Flegler,Maine Maritime Academy,2019-20,20.0,1,4,0,1,0,0,0,0,0,0,1,1,14.78,0,1,0,0,0,0,0,1,0,0,1,1
Marquis Godwin,Old Dominion,2019-20,20.0,21,58,15,36,2,2,1,2,1,1,18,7,20.0,11,53,4,31,2,2,1,1,0,2,12,4
Marquis Moore,Detroit Mercy,2019-20,20.0,39,108,15,53,36,40,17,9,2,14,62,24,17.92,33,81,17,37,37,44,11,8,1,15,53,18
Marquise Kennedy,Loyola Chicago,2019-20,20.0,53,103,10,27,23,31,23,20,3,8,36,22,14.75,50,96,9,20,26,43,18,16,5,7,28,11
Marreon Jackson,Toledo,2019-20,20.0,81,211,42,125,56,67,90,23,0,7,55,56,20.0,105,238,54,128,85,105,74,23,0,12,53,34
Mars Hill,,2019-20,0.0,0,0,0,0,0,0,0,0,0,3,2,1,0.0,0,0,0,0,0,0,0,0,0,3,5,0
Marshall,,2019-20,0.0,0,0,0,0,0,0,0,0,0,27,26,3,0.0,0,0,0,0,0,0,0,0,0,26,27,6
Marshall Graves,LSU,2019-20,20.0,3,9,2,7,1,2,1,1,0,1,3,2,20.0,2,6,1,5,0,0,2,0,0,0,0,1
Marshall Lange,Newberry,2019-20,20.0,3,5,1,1,0,1,0,2,0,0,1,2,14.97,1,1,0,0,2,2,0,0,0,0,1,2
Marshaud Watkins,IU-Northwest,2019-20,20.0,1,3,0,1,0,2,1,0,0,1,6,1,14.78,1,2,0,0,0,0,0,0,0,0,0,1
Martaye Sembly,St. Andrews,2019-20,20.0,0,1,0,1,0,0,0,0,0,0,0,1,14.92,0,0,0,0,0,0,0,0,0,0,0,3
Martellian Gibson,IU-Northwest,2019-20,20.0,1,8,0,2,1,2,0,2,0,1,0,2,14.78,1,4,0,1,1,2,0,0,0,1,1,1
Marten Linssen,UNC Wilmington,2019-20,20.0,62,109,0,0,29,35,5,9,13,26,43,14,17.75,62,97,0,0,29,44,8,6,9,24,39,12
Martin Kelly Jr,Concord College,2019-20,20.0,0,0,0,0,0,0,1,0,0,0,0,0,14.98,0,0,0,0,0,0,2,0,0,0,0,0
Martin Kelly Jr.,Concord College,2019-20,20.0,0,2,0,1,5,6,0,0,0,0,0,0,14.98,0,2,0,0,0,0,0,0,0,1,3,1
Martin Lakovic,Tampa,2019-20,20.0,0,4,0,1,0,0,1,0,0,0,4,2,14.97,0,1,0,1,2,3,1,1,0,0,1,2
Martin Methodist,,2019-20,0.0,0,0,0,0,0,0,0,0,0,1,1,1,0.0,0,0,0,0,0,0,0,0,0,0,0,1
Martin Roub,Jacksonville State,2019-20,20.0,28,64,20,41,4,5,4,4,1,9,24,8,19.48,11,31,5,23,1,2,3,2,3,10,6,4
Martins Igbanu,Tulsa,2019-20,20.0,55,104,3,5,43,64,13,8,6,19,42,33,17.77,72,118,0,2,64,88,11,5,2,23,48,29
Martone Cole,Heidelberg,2019-20,0.0,0,0,0,0,0,0,0,0,0,0,0,0,14.98,0,3,0,2,0,0,0,0,0,1,0,1
Martynas Arlauskas,Gonzaga,2019-20,0.0,0,0,0,0,1,2,0,0,1,1,1,1,14.9,5,7,0,1,2,2,1,1,0,4,2,0
Marvin Bragg,American,2019-20,20.0,5,15,2,8,3,3,3,3,2,2,13,2,20.0,5,8,2,3,0,0,4,0,1,0,4,1
Marvin Cannon,Washington State,2019-20,20.0,8,27,2,13,6,6,5,3,2,5,15,6,15.05,12,27,4,11,18,26,4,2,4,13,13,2
Marvin Coleman,UNLV,2019-20,0.0,27,68,10,32,14,18,32,15,1,13,59,24,20.0,30,70,11,34,23,28,31,22,1,11,40,23
Marvin Johnson,Eastern Illinois,2019-20,20.0,37,98,3,12,21,27,42,22,7,11,33,43,14.92,40,96,3,15,24,34,26,13,3,12,31,31
Marvin Lowe,Mid-America Christian,2019-20,20.0,1,1,0,0,0,2,0,0,0,0,0,1,14.8,1,1,0,0,1,1,0,1,0,0,1,0
Marvin Mapaga,Eastern New Mexico,2019-20,0.0,0,0,0,0,0,0,0,1,0,0,1,2,15.18,5,10,0,1,0,0,0,0,0,2,2,1
Marvin Nesbitt Jr,UMKC,2019-20,0.0,0,0,0,0,0,0,14,0,0,0,0,0,17.95,0,0,0,0,0,0,4,0,0,0,0,0
Marvin Nesbitt Jr.,UMKC,2019-20,20.0,31,62,13,21,8,12,1,3,1,7,26,13,17.95,20,44,5,13,9,16,0,13,3,6,27,10
Marvin Price,Ohio,2019-20,19.98,4,10,2,5,1,2,1,3,0,1,0,1,14.62,1,3,1,2,3,4,0,1,0,1,2,1
Maryland,,2019-20,0.0,0,0,0,0,0,0,0,0,0,26,13,5,0.0,0,0,0,0,0,0,0,0,0,29,25,1
Maryland-Eastern Shore,,2019-20,0.0,0,0,0,0,0,0,0,0,0,30,31,4,0.0,0,0,0,0,0,0,0,0,0,22,20,3
Marymount,,2019-20,0.0,0,0,0,0,0,0,0,0,0,0,0,0,0.0,0,0,0,0,0,0,0,0,0,3,0,0
Maryville University Saint Louis,,2019-20,0.0,0,0,0,0,0,0,0,0,0,2,1,2,0.0,0,0,0,0,0,0,0,0,0,1,2,0
Masai Olowokere,Central Arkansas,2019-20,0.0,2,6,0,1,0,1,2,0,1,0,1,5,14.98,1,8,1,5,0,0,1,1,0,2,3,2
Masie Mohammadi,Vanguard,2019-20,20.0,1,2,1,2,0,0,0,0,0,0,1,1,20.0,0,3,0,3,0,0,1,0,0,0,0,1
Mason Aucoin,Louisiana,2019-20,20.0,3,11,2,7,2,2,1,1,0,4,4,1,20.0,1,3,0,2,0,0,0,0,0,0,4,2
Mason Beauman,Johnson & Wales (CO),2019-20,0.0,0,0,0,0,0,0,0,0,0,0,0,1,14.77,0,4,0,3,0,2,0,0,0,0,1,0
Mason Cooper,Eastern Kentucky,2019-20,0.0,0,0,0,0,0,0,0,0,0,0,0,0,14.88,1,4,0,3,2,2,0,1,0,0,0,0
Mason Ellison,,2019-20,0.0,0,0,0,0,0,0,0,0,0,0,2,0,0.0,0,0,0,0,0,0,0,0,0,0,0,0
Mason Faulkner,Western Carolina,2019-20,20.0,49,145,23,81,32,42,68,15,1,6,65,39,18.05,68,148,22,66,82,95,53,7,0,10,47,33
Mason Forbes,Harvard,2019-20,20.0,17,33,0,1,12,21,3,3,5,22,8,1,14.62,16,20,0,0,10,16,7,2,9,10,9,4
Mason Green,Texas Lutheran,2019-20,20.0,0,2,0,2,0,0,1,0,0,0,0,1,14.9,0,0,0,0,2,2,0,0,0,0,0,1
Mason Harrell,Texas State,2019-20,20.0,40,73,13,25,20,22,39,15,1,1,21,18,14.9,39,84,10,26,37,45,38,10,1,7,20,10
Mason Johnson,California Merced,2019-20,0.0,0,0,0,0,0,0,0,0,0,0,0,0,14.87,0,1,0,0,0,0,0,0,0,0,1,1
Mason Jones,Arkansas,2019-20,20.0,82,172,35,87,61,76,43,20,4,4,54,41,14.97,88,197,26,80,140,168,46,16,0,12,71,38
Mason McMurray,Ohio,2019-20,20.0,9,28,7,20,0,0,6,2,0,7,19,2,17.87,10,25,4,16,0,2,2,1,2,2,8,0
Mason Peatling,Eastern Washington,2019-20,20.0,106,196,12,35,45,66,51,12,26,51,85,38,14.98,87,157,9,27,45,70,47,11,17,48,85,29
Mason Roberts,Trinity University (TX),2019-20,20.0,1,3,0,0,0,0,0,0,1,0,1,1,14.88,0,0,0,0,0,0,0,0,0,0,0,0
Mason Taylor,Air Force,2019-20,0.0,12,21,6,12,2,4,4,3,0,0,7,10,17.95,5,12,2,7,2,2,7,0,0,0,10,5
Mason Weir,Elmira,2019-20,20.0,1,4,1,3,0,0,1,0,0,1,1,1,14.8,0,1,0,1,0,0,1,0,0,1,1,0
Mason Westlake,California Merced,2019-20,20.0,2,4,2,4,0,0,0,0,0,0,0,1,14.87,0,2,0,1,0,0,1,0,0,0,0,0
Mason Zick,North Greenville,2019-20,20.0,1,7,0,3,2,2,1,0,0,1,1,1,14.83,4,8,1,1,3,4,1,1,0,5,2,2
Massachusetts Institute of Technology,,2019-20,0.0,0,0,0,0,0,0,0,0,0,1,0,2,0.0,0,0,0,0,0,0,0,0,0,1,0,0
Massachusetts-Boston,,2019-20,0.0,0,0,0,0,0,0,0,0,0,3,2,1,0.0,0,0,0,0,0,0,0,0,0,4,3,2
Matas Masys,MIT,2019-20,20.0,1,3,0,0,0,1,1,1,0,0,1,0,14.62,0,1,0,1,0,0,1,0,1,0,1,1
Mate Colina,Hawai'i,2019-20,0.0,5,10,0,2,3,7,1,0,2,10,10,9,20.0,8,14,1,5,3,5,3,5,3,4,11,3
Mate Okros,Drexel,2019-20,20.0,35,71,24,50,4,7,20,8,1,11,20,21,20.0,18,45,11,31,10,11,14,1,1,7,12,10
Mate Papai,Florida Tech,2019-20,20.0,1,2,0,0,0,0,1,0,0,0,4,1,17.75,3,5,0,0,1,1,0,0,1,2,3,0
Matej Kavas,Nebraska,2019-20,20.0,13,39,6,26,12,17,7,0,1,1,12,5,18.43,16,42,13,30,3,3,4,2,1,0,11,2
Mateo Escheik,Paul Quinn,2019-20,20.0,15,31,5,13,6,7,5,1,1,2,4,11,14.83,11,26,2,8,9,12,4,4,0,1,8,5
Matey Juric,Drexel,2019-20,20.0,28,62,14,36,17,22,24,17,4,4,22,20,20.0,19,52,11,36,24,30,33,19,4,4,21,26
Matheus Silveira,Austin Peay,2019-20,20.0,11,15,0,0,3,6,1,2,3,7,11,7,14.98,5,11,0,0,1,2,1,0,1,6,4,3
Mathew Mazique,Eastern New Mexico,2019-20,0.0,0,1,0,0,1,2,0,0,0,0,1,0,15.18,3,4,1,2,0,0,0,0,1,0,1,0
Mathew Mignault,Michigan Dearborn,2019-20,20.0,0,1,0,1,0,0,0,0,0,0,0,0,17.88,1,2,1,1,0,0,0,0,0,0,0,2
Mathias Nchekwube,,2019-20,0.0,0,0,0,0,0,0,0,0,0,0,0,1,0.0,0,0,0,0,0,0,0,0,0,0,0,0
Matija Novkovic,Texas A&M-International,2019-20,20.0,1,2,1,1,0,0,0,0,0,0,1,1,14.93,3,4,1,2,1,2,0,1,1,0,3,2
Matiss Kulackovskis,Bowling Green,2019-20,20.0,26,47,12,26,6,7,5,5,2,13,20,12,15.38,12,30,3,14,7,9,4,0,2,7,10,5
Matt Ashley,Urbana,2019-20,20.0,0,2,0,1,0,0,0,0,0,0,1,1,14.77,2,3,1,2,0,0,0,0,0,0,2,2
Matt Balanc,Quinnipiac,2019-20,20.0,42,107,12,47,10,12,6,9,0,7,36,20,20.0,35,85,15,34,13,18,8,4,0,10,27,13
Matt Becht,Mt. St. Mary's,2019-20,0.0,0,0,0,0,0,0,0,1,1,0,0,1,20.0,1,3,0,2,0,0,0,0,1,1,0,1
Matt Bradley,California,2019-20,20.0,73,174,33,84,33,35,20,8,1,8,58,31,17.72,80,171,26,62,77,89,25,6,4,10,53,32
Matt Chastain,Illinois State,2019-20,20.0,12,23,1,5,3,5,7,5,3,6,21,7,20.0,13,26,2,7,5,6,13,5,3,6,18,7
Matt Cole,Milligan,2019-20,20.0,1,4,0,0,0,1,0,1,0,0,1,1,14.78,2,4,0,0,1,1,0,0,3,0,2,0
Matt Coleman III,Texas,2019-20,20.0,66,150,29,65,17,20,56,15,1,10,28,32,15.58,71,159,15,46,38,50,43,24,1,13,38,36
Matt Cool,,2019-20,0.0,0,0,0,0,0,0,0,0,0,0,0,0,0.0,0,0,0,0,0,0,0,0,0,1,0,0
Matt Crane,,2019-20,0.0,0,0,0,0,0,0,0,0,0,0,0,0,0.0,0,0,0,0,0,0,0,0,0,0,0,1
Matt DeWolf,Brown,2019-20,20.0,17,35,1,3,8,11,13,7,1,13,25,16,20.0,13,25,0,0,2,5,12,5,3,10,13,12
Matt Dentlinger,South Dakota State,2019-20,20.0,65,109,1,2,29,44,25,8,15,24,61,15,19.45,68,105,0,1,27,37,26,5,21,26,54,22
Matt Droney,Nazareth,2019-20,0.0,0,0,0,0,0,0,0,0,0,0,0,0,14.97,2,2,0,0,0,0,0,0,0,1,1,0
Matt Faw,Holy Cross,2019-20,0.0,49,107,15,45,3,7,11,11,16,12,57,32,15.55,42,99,16,46,24,38,9,8,22,15,38,19
Matt Freeman,UC Santa Barbara,2019-20,20.0,43,99,19,48,13,16,33,8,1,11,46,22,17.98,44,107,24,64,23,25,19,1,1,7,47,17
Matt Garriga,East Central,2019-20,20.0,3,3,2,2,0,0,0,1,0,0,1,0,14.72,1,1,1,1,0,0,0,1,1,0,0,2
Matt Gonda,Birmingham-Southern,2019-20,20.0,0,2,0,0,0,0,1,1,0,0,1,3,14.8,1,1,0,0,0,0,1,0,0,0,0,0
Matt Grace,Richmond,2019-20,15.0,2,11,1,8,0,0,6,0,0,9,8,6,20.0,6,15,0,4,2,3,11,3,1,1,14,4
Matt Haarms,Purdue,2019-20,20.0,39,79,5,17,21,35,11,2,32,24,37,17,16.57,41,82,3,10,21,31,11,4,22,24,32,14
Matt Halvorsen,Western Carolina,2019-20,20.0,29,74,25,65,15,17,14,12,1,2,27,6,18.05,32,81,29,72,12,14,16,11,1,3,22,12
Matt Harshany,Cornell,2019-20,0.0,0,0,0,0,0,0,0,0,0,0,0,0,20.0,0,1,0,1,0,0,0,0,0,0,0,0
Matt Hauser,Portland State,2019-20,20.0,59,143,28,82,14,22,22,16,0,16,24,9,14.95,55,148,29,76,4,7,32,14,0,17,36,10
Matt Hein,Siena,2019-20,0.0,13,33,1,8,0,0,9,4,0,6,14,12,17.67,16,33,4,10,1,3,8,7,1,4,19,12
Matt Holba,Purdue Fort Wayne,2019-20,20.0,46,120,31,91,12,16,18,12,6,8,56,26,18.22,49,104,34,77,23,35,22,9,6,12,52,18
Matt Horton,Western Kentucky,2019-20,20.0,6,10,0,0,0,2,0,2,2,5,5,1,14.98,2,3,0,0,1,1,2,0,3,2,6,1
Matt Johns,South Dakota,2019-20,20.0,0,0,0,0,0,0,1,0,0,0,3,1,20.0,0,3,0,2,0,0,0,0,0,1,0,0
Matt Johnson,Northern Colorado,2019-20,20.0,44,96,20,45,5,8,25,6,4,7,26,17,15.58,37,90,21,54,12,17,21,17,2,3,29,8
Matt Kormylo,Charleston Southern,2019-20,20.0,1,2,0,0,1,2,0,0,0,2,3,5,20.0,0,0,0,0,0,0,1,0,0,1,0,1
Matt Lewis,James Madison,2019-20,20.0,76,193,37,103,35,45,58,13,3,10,67,30,20.0,81,191,38,93,73,101,41,13,5,10,57,33
Matt Lockhart,,2019-20,0.0,0,0,0,0,0,0,0,0,0,0,0,1,0.0,0,0,0,0,0,0,0,0,0,0,0,1
Matt Maturah,Loyola New Orleans,2019-20,20.0,1,1,1,1,0,0,0,0,0,0,0,0,14.77,1,2,1,2,0,0,1,1,0,0,0,0
Matt Mcintyre,Florida College,2019-20,20.0,0,1,0,0,0,0,0,0,0,0,1,1,20.0,0,5,0,1,0,2,2,0,0,3,4,1
Matt Milon,UCF,2019-20,20.0,31,90,22,65,3,4,11,15,1,8,37,10,20.0,28,77,16,53,5,9,6,4,2,3,18,5
Matt Mitchell,San Diego State,2019-20,20.0,66,131,25,60,25,33,25,11,8,15,52,26,14.9,51,122,17,49,64,69,22,19,3,17,64,26
Matt Neufeld,UC Davis,2019-20,20.0,38,68,0,0,18,24,4,4,3,13,30,29,14.75,30,55,0,0,20,29,2,6,4,13,32,22
Matt Newman,Wisconsin-Stout,2019-20,20.0,0,1,0,0,0,0,0,0,0,0,1,1,14.93,0,0,0,0,0,0,0,0,0,0,0,0
Matt Pile,Omaha,2019-20,20.0,75,137,0,0,20,37,23,7,16,46,116,42,17.78,66,112,0,0,23,53,25,8,28,38,92,21
Matt Ryan,Chattanooga,2019-20,20.0,94,199,56,128,16,23,29,7,1,8,69,37,18.12,57,160,28,101,68,71,32,6,2,11,64,21
Matt Sherman,Gallaudet University,2019-20,20.0,1,3,0,2,0,0,0,0,0,1,1,1,14.92,0,0,0,0,0,0,0,0,0,0,1,1
Matt Simpson,Florida College,2019-20,20.0,5,10,2,6,1,2,1,0,0,1,2,1,20.0,1,7,1,3,4,4,0,1,0,0,1,2
Matt Szuba,North Park,2019-20,20.0,3,6,1,3,0,0,1,0,1,0,5,0,19.65,2,5,0,3,0,0,1,1,1,1,3,0
Matt Trent,Franciscan University,2019-20,20.0,2,4,1,2,2,2,2,0,0,0,3,3,14.87,1,3,0,1,0,0,0,0,0,0,0,2
Matt Turner,Marist,2019-20,20.0,14,46,7,24,0,0,2,4,0,0,5,4,20.0,12,44,5,23,13,15,6,5,1,2,13,6
Matt Van Komen,Utah,2019-20,0.0,0,1,0,0,0,0,0,0,0,0,0,0,14.98,4,5,0,0,0,0,0,0,2,1,3,0
Matt Veynovich,Geneva,2019-20,20.0,1,2,1,2,0,0,0,0,0,0,0,1,14.9,0,1,0,1,0,0,0,0,0,0,0,0
Matt Wendling,Illinois-Springfield,2019-20,20.0,2,3,1,2,2,2,0,1,0,1,3,1,17.85,3,7,1,4,1,1,1,0,0,0,1,1
Matt Wilson,Army,2019-20,20.0,102,172,0,0,19,29,12,4,2,23,74,33,14.93,109,167,0,0,30,61,12,7,3,35,102,23
Matteo Baggio,Florida National,2019-20,20.0,0,2,0,0,0,0,0,0,0,1,1,0,19.92,0,1,0,0,1,2,2,0,0,0,0,1
Matthew Altamirano,Valley Forge,2019-20,20.0,4,10,0,3,0,0,2,0,0,2,0,1,14.83,3,6,1,2,2,2,2,0,0,0,1,1
Matthew Brown,Greensboro,2019-20,20.0,5,7,1,2,0,0,1,0,1,2,2,2,17.82,0,0,0,0,1,2,0,1,0,0,3,1
Matthew Glassman,,2019-20,0.0,0,0,0,0,0,0,0,0,1,0,0,0,0.0,0,0,0,0,0,0,0,0,0,0,0,0
Matthew Herasme,Marist,2019-20,20.0,41,106,31,74,10,14,18,26,5,15,61,18,20.0,45,103,27,66,22,36,14,16,4,13,58,24
Matthew Hurt,Duke,2019-20,20.0,70,143,25,63,14,22,13,7,16,28,41,15,20.0,35,74,15,39,24,28,13,7,5,17,24,11
Matthew Lee,Saint Peter's,2019-20,0.0,16,49,7,21,4,4,28,13,0,4,8,27,14.88,25,52,15,25,11,17,27,15,0,3,13,15
Matthew Marchetti,Misericordia,2019-20,20.0,4,5,1,2,0,0,0,0,0,2,1,1,17.58,0,0,0,0,0,0,0,0,0,0,0,0
Matthew Mayer,Baylor,2019-20,20.0,32,76,12,35,10,17,13,9,2,7,20,8,14.98,18,42,5,9,10,12,10,4,1,8,18,10
Matthew Mims,South Dakota State,2019-20,0.0,6,15,6,14,0,0,2,2,0,1,6,3,14.98,7,17,4,13,9,10,7,2,0,0,4,1
Matthew Moyer,Vanderbilt,2019-20,20.0,6,34,2,18,4,9,3,7,3,5,25,6,17.82,11,20,3,8,4,10,3,0,5,5,18,3
Matthew Mulloy,Wayland Baptist University,2019-20,0.0,0,0,0,0,0,0,0,0,0,0,0,0,14.88,0,2,0,0,0,0,0,0,0,0,1,0
Matthew Partridge,,2019-20,0.0,0,0,0,0,0,0,0,0,0,0,1,0,0.0,0,0,0,0,0,0,0,0,0,0,0,0
Matthew Powell,Mars Hill,2019-20,20.0,2,9,0,1,6,6,3,1,0,1,7,5,20.0,5,13,2,6,3,4,1,0,0,1,3,1
Matthew Ragsdale,Western Colorado,2019-20,20.0,1,7,1,6,0,0,1,0,0,0,1,0,17.95,2,3,1,2,0,0,1,0,0,0,0,0
Matthew Westman,,2019-20,1.58,2,4,2,4,0,0,0,0,0,0,2,1,0.0,0,1,0,1,0,0,1,0,0,0,0,0
Matthias Burnett,Johnson University (FL),2019-20,20.0,0,1,0,0,0,0,0,0,0,2,0,0,17.92,0,1,0,0,0,0,0,0,0,1,0,0
Matthias Tass,Saint Mary's,2019-20,15.5,24,40,0,0,6,6,14,3,6,5,25,9,20.0,8,18,0,0,8,12,14,4,10,4,7,4
Matthue Cotton,Yale,2019-20,15.0,42,107,21,67,6,12,13,10,5,6,42,11,20.0,35,83,21,53,13,19,14,8,0,6,17,10
Mattia Colangelo,Chicago,2019-20,20.0,2,3,2,3,1,1,0,1,0,1,3,2,14.9,0,1,0,1,0,0,0,0,0,0,0,0
Mattia Da Campo,Seattle,2019-20,20.0,21,67,9,38,23,31,10,14,2,24,39,11,14.82,30,56,9,21,22,27,16,3,2,24,29,16
Matty Farner,Wisconsin Lutheran,2019-20,20.0,0,1,0,0,0,0,0,0,0,1,2,0,14.83,1,2,0,0,0,1,0,0,0,1,0,0
Maurice Anderson,Mobile,2019-20,20.0,4,8,1,2,1,3,0,1,0,2,1,2,20.0,1,3,0,1,0,0,0,0,0,0,0,1
Maurice Commander,Chattanooga,2019-20,20.0,32,93,14,47,6,7,40,13,0,0,33,26,18.12,35,96,17,52,15,20,37,8,0,6,24,16
Maurice Howard,Alcorn State,2019-20,20.0,42,115,23,68,8,12,40,17,1,3,24,26,14.98,49,127,21,65,28,32,36,12,2,6,25,31
Maurice Knight,Anderson (IN),2019-20,20.0,2,8,0,4,0,0,0,1,2,0,4,1,14.88,1,8,0,2,1,2,0,0,1,1,0,0
Maurice McCullum,,2019-20,0.0,0,0,0,0,0,0,0,0,0,0,0,0,0.0,0,0,0,0,0,0,0,0,0,0,1,1
Mauro Fernandez,Valley Forge,2019-20,20.0,1,3,1,3,0,0,0,1,0,0,0,2,14.83,0,0,0,0,0,0,0,0,0,0,0,0
Maverick Smith,Tennessee Tech,2019-20,20.0,3,5,2,4,1,2,2,1,0,0,1,2,19.83,0,4,0,4,1,1,1,1,0,1,3,1
Max Abmas,Oral Roberts,2019-20,20.0,67,160,39,103,15,17,16,15,2,6,25,14,20.0,65,161,32,95,21,25,21,10,2,4,20,7
Max Agbonkpolo,USC,2019-20,0.0,10,26,5,16,2,2,3,0,2,5,9,3,14.58,4,17,2,7,0,0,2,0,0,0,6,3
Max Basile,Puget Sound,2019-20,20.0,1,3,0,0,0,0,2,0,0,0,3,1,14.95,1,4,1,3,0,0,3,1,0,0,1,1
Max Cooper,Mayville State,2019-20,19.75,3,4,0,0,0,0,0,0,0,1,1,1,14.97,3,3,0,0,0,0,0,0,0,1,0,0
Max Curran,UMBC,2019-20,20.0,2,11,0,5,6,8,2,3,1,3,9,5,20.0,7,18,2,9,5,9,1,1,2,5,7,3
Max De Geest,Long Beach State,2019-20,19.97,16,40,13,28,7,9,5,2,0,2,12,5,19.57,6,27,4,21,7,8,10,4,0,1,11,13
Max Farthing,NC State,2019-20,0.0,0,0,0,0,0,0,0,0,0,0,0,0,17.92,0,5,0,5,1,2,0,0,0,1,0,1
Max Fiedler,Rice,2019-20,0.0,8,17,0,0,0,0,6,0,8,9,20,11,14.97,13,18,0,0,5,7,5,4,3,14,26,4
Max Hazzard,Arizona,2019-20,20.0,25,62,16,45,7,7,13,8,1,5,23,10,14.92,15,38,10,28,4,5,9,4,0,1,9,3
Max Heidegger,UC Santa Barbara,2019-20,20.0,37,87,10,35,15,19,25,2,0,2,12,10,17.98,57,109,20,47,35,47,23,6,1,5,19,11
Max Johns,Princeton,2019-20,20.0,2,8,0,4,0,0,0,2,2,0,7,3,19.47,6,13,1,3,3,5,4,3,1,3,6,3
Max Lorca-Lloyd,Pennsylvania,2019-20,15.0,0,1,0,0,0,0,1,0,0,1,2,0,20.0,0,0,0,0,0,0,0,0,0,0,0,0
Max Mahoney,Boston University,2019-20,20.0,93,158,0,0,42,66,38,15,7,33,86,31,20.0,101,170,0,0,55,96,43,21,11,52,82,18
Max Martz,Pennsylvania,2019-20,20.0,25,54,15,31,3,3,7,0,2,12,21,8,16.35,25,48,12,29,6,8,2,3,2,10,20,4
Max McCullough,Eastern Oregon,2019-20,20.0,2,8,2,5,0,0,1,0,0,0,1,3,14.98,0,4,0,4,0,0,1,1,0,0,0,4
Max Reyes,Campbellsville,2019-20,0.0,0,0,0,0,0,0,0,0,0,0,0,0,14.98,0,3,0,0,0,0,0,0,0,0,2,0
Max Rice,Boise State,2019-20,20.0,14,37,8,22,3,4,9,7,0,1,11,7,14.73,13,32,5,12,2,4,17,7,0,7,12,7
Max Samberg,Cornell,2019-20,0.0,0,0,0,0,0,0,0,0,0,0,0,0,16.68,0,0,0,0,0,0,1,0,0,0,0,0
Max Walter,Dallas Christian,2019-20,20.0,0,1,0,1,0,0,0,0,0,0,0,1,14.88,0,4,0,3,0,0,0,0,0,1,0,1
Max de Geest,Long Beach State,2019-20,20.0,3,8,2,7,0,0,4,2,0,1,8,2,14.87,0,3,0,2,3,4,2,0,0,2,1,1
Maxim Romanov,SE Louisiana,2019-20,20.0,5,23,0,10,1,4,5,5,0,2,9,5,17.97,5,14,1,4,2,5,4,0,0,4,6,4
Maxim Stephens,Rocky Mountain,2019-20,20.0,2,4,0,1,0,0,0,1,0,0,1,0,14.87,0,1,0,0,0,0,0,0,0,0,0,0
Maxime Boursiquot,Northeastern,2019-20,20.0,65,115,4,13,13,21,20,33,6,14,67,36,20.0,51,88,6,13,11,17,18,18,3,20,46,25
Maxwell Evans,Vanderbilt,2019-20,20.0,47,113,22,60,29,40,19,9,1,7,46,16,17.82,34,95,17,60,9,18,18,13,0,17,36,8
Maxwell Moses,,2019-20,9.63,0,2,0,1,0,0,0,0,0,0,0,0,0.0,0,0,0,0,0,0,0,0,0,0,0,0
Maxwell Starwood,SE Louisiana,2019-20,20.0,24,56,3,7,4,6,5,6,6,9,13,15,17.97,25,50,3,5,7,8,1,2,3,15,12,11
Maxx Miller,SUNY-Purchase,2019-20,20.0,1,2,0,1,0,0,1,0,0,0,1,1,14.82,0,0,0,0,2,2,0,0,0,1,1,1
Mayville St,,2019-20,0.0,0,0,0,0,0,0,0,0,0,2,0,0,0.0,0,0,0,0,0,0,0,0,0,0,1,0
McKade Marquis,UT Arlington,2019-20,0.0,0,0,0,0,0,0,0,0,0,0,0,0,14.9,0,3,0,3,0,0,1,0,0,0,0,1
McKinley Wright IV,Colorado,2019-20,20.0,68,142,19,46,28,37,62,16,3,12,66,42,20.0,70,170,13,50,56,69,81,15,8,19,60,40
McNeese,,2019-20,0.0,0,0,0,0,0,0,0,0,0,34,26,7,0.0,0,0,0,0,0,0,0,0,0,32,21,14
Mcshane Wyatt,Jarvis Christian,2019-20,20.0,1,3,1,3,0,0,0,0,0,0,0,1,14.53,2,5,1,3,0,1,0,0,0,0,0,1
Medgar Evers,,2019-20,0.0,0,0,0,0,0,0,0,0,0,1,0,1,0.0,0,0,0,0,0,0,0,0,0,1,1,0
Meekness Payne,New Hampshire,2019-20,20.0,4,11,0,1,2,2,1,0,0,1,6,0,18.3,5,9,0,2,1,2,1,0,0,7,9,2
Mehkel Harvey,William & Mary,2019-20,20.0,2,2,0,0,1,1,0,0,1,3,1,0,14.92,1,3,0,0,0,0,0,1,1,0,1,0
Mekhi Lairy,Miami (OH),2019-20,20.0,33,85,13,40,6,9,34,14,0,8,26,23,20.0,54,105,17,41,33,38,48,9,0,9,27,18
Mekhi Long,Rhode Island,2019-20,20.0,18,46,5,14,8,15,2,6,2,12,15,9,16.92,11,39,2,8,15,27,2,14,5,14,20,9
Mekhii Noble,Florida Tech,2019-20,20.0,3,5,0,1,0,2,0,0,1,1,2,1,17.75,0,3,0,0,0,0,0,0,0,0,2,0
Melik Martin,Monmouth,2019-20,20.0,28,57,3,10,12,19,11,19,4,15,26,17,16.48,26,55,3,14,20,29,13,8,3,16,24,6
Melo Eggleston,Arkansas State,2019-20,20.0,20,58,3,13,17,28,8,7,4,7,26,23,20.0,33,74,2,12,23,39,8,3,2,16,40,13
Memphis,,2019-20,0.0,0,0,0,0,0,0,0,0,0,34,35,2,0.0,0,0,0,0,0,0,0,0,0,46,27,6
Mercer,,2019-20,0.0,0,0,0,0,0,0,0,0,0,21,21,7,0.0,0,0,0,0,0,0,0,0,0,25,15,14
Merchant Marine Academy,,2019-20,0.0,0,0,0,0,0,0,0,0,0,2,1,0,0.0,0,0,0,0,0,0,0,0,0,2,0,0
Merek Mercado,Maine Maritime Academy,2019-20,0.0,0,0,0,0,0,0,0,0,0,0,0,0,14.78,0,1,0,0,0,0,0,0,0,0,0,0
Merrimack,,2019-20,0.0,0,0,0,0,0,0,0,0,0,23,21,7,0.0,0,0,0,0,0,0,0,0,0,24,15,15
Mervin James,North Alabama,2019-20,20.0,55,119,5,17,13,27,12,16,5,13,46,41,17.58,44,87,3,9,32,45,10,12,5,19,41,33
Messiah Jones,Wofford,2019-20,20.0,52,76,0,0,26,41,10,12,18,27,35,20,14.97,49,64,0,1,20,26,11,8,12,30,36,16
Messiah Pankey,Brevard College,2019-20,20.0,0,2,0,0,0,0,0,0,0,0,0,1,14.78,0,0,0,0,0,0,0,0,0,0,0,1
Messiah Thompson,Campbell,2019-20,20.0,14,46,7,31,0,0,14,9,1,2,8,8,20.0,16,36,8,20,4,5,8,5,0,2,9,5
Mezie Offurum,George Washington,2019-20,20.0,2,18,0,7,2,4,3,2,4,3,2,2,18.17,12,25,2,2,8,12,4,3,1,2,9,4
Miami,,2019-20,0.0,0,0,0,0,0,0,0,0,0,39,28,5,0.0,0,0,0,0,0,0,0,0,0,28,23,6
Miami (OH),,2019-20,0.0,0,0,0,0,0,0,0,0,0,20,24,8,0.0,0,0,0,0,0,0,0,0,0,30,29,3
Micah Banks,Emory & Henry,2019-20,20.0,1,3,1,2,0,0,0,0,0,0,1,1,14.93,3,4,1,2,0,0,0,0,0,0,0,0
Micah Bradford,Southern,2019-20,20.0,22,66,14,36,13,17,25,10,0,4,15,18,15.83,28,76,11,38,9,14,27,10,0,3,14,14
Micah Fleming,Willamette,2019-20,20.0,0,1,0,0,0,0,0,0,0,0,1,1,14.98,1,3,0,0,1,2,1,0,0,0,1,0
Micah Paulk,Milligan,2019-20,20.0,2,10,2,9,5,5,3,2,0,0,3,3,14.78,2,11,1,6,1,2,0,0,0,0,0,2
Micah Poole,Indiana South Bend,2019-20,0.0,0,0,0,0,0,0,0,0,0,0,0,0,17.2,3,3,2,2,0,0,0,1,1,1,2,0
Micah Potter,Wisconsin,2019-20,20.0,41,80,15,31,16,18,3,3,14,14,56,21,17.62,31,55,7,19,17,21,5,4,6,17,41,12
Micah Powers,Blue Mountain College,2019-20,0.0,0,0,0,0,0,0,0,0,0,0,0,1,14.77,0,1,0,1,1,2,0,0,0,0,0,1
Micah Rawlings,West Coast Baptist,2019-20,0.0,0,0,0,0,0,0,0,0,0,1,3,0,14.92,0,4,0,1,0,0,0,0,0,0,2,0
Micah Robinson,California Baptist,2019-20,0.0,2,3,2,3,0,0,0,0,0,0,2,0,17.98,5,11,5,11,3,3,1,1,0,0,1,1
Micaiah Cox,Defiance,2019-20,20.0,1,2,0,1,0,0,0,0,0,1,1,2,14.92,0,0,0,0,0,0,1,0,0,0,0,0
Micaiah Henry,South Carolina,2019-20,20.0,0,1,0,0,0,2,0,0,0,0,3,0,17.58,0,0,0,0,1,3,1,0,0,1,1,0
Michael Akuchie,Youngstown St,2019-20,20.0,43,103,19,61,16,21,9,10,9,26,61,18,16.87,50,123,22,75,30,40,11,17,14,33,59,9
Michael Anekwe,,2019-20,0.0,0,0,0,0,0,0,0,0,0,0,0,0,0.0,0,0,0,0,0,0,0,1,0,0,0,0
Michael Barber,Howard,2019-20,20.0,8,16,0,0,0,1,0,3,1,5,9,4,14.83,6,12,0,1,1,2,1,1,7,3,13,1
Michael Bell,US Merchant Marine Academy,2019-20,20.0,0,2,0,0,0,0,0,0,0,0,1,1,14.97,0,2,0,0,0,0,0,1,0,0,0,0
Michael Benkert,Belmont,2019-20,20.0,25,61,8,33,10,10,24,14,3,10,48,15,20.0,23,64,10,46,6,9,19,5,0,12,33,10
Michael Berner,,2019-20,0.93,0,2,0,0,0,0,0,0,0,1,3,0,0.0,2,3,0,1,0,0,0,0,0,0,1,0
Michael Bibby,Appalachian State,2019-20,20.0,8,27,4,19,4,4,15,4,0,1,9,5,20.0,7,20,4,16,7,9,11,4,0,3,13,9
Michael Bowers,Goshen College,2019-20,20.0,2,8,2,5,1,2,2,0,0,3,1,3,14.93,2,5,1,3,0,0,0,1,0,0,1,1
Michael Boyd,Massachusetts-Boston,2019-20,20.0,2,12,0,5,0,0,7,1,0,0,2,2,14.88,3,10,0,1,0,0,2,2,0,0,3,3
Michael Brown Jr,Ohio,2019-20,0.0,0,0,0,0,0,0,0,0,0,0,0,0,14.62,0,0,0,0,0,0,1,0,0,0,0,0
Michael Brown Jr.,Ohio,2019-20,0.0,0,0,0,0,0,0,0,0,0,0,0,0,14.62,1,3,1,2,0,0,0,1,0,0,1,1
Michael Bryant,AUB Montgomery,2019-20,20.0,0,1,0,1,0,0,0,0,0,0,0,1,14.95,0,0,0,0,0,0,0,0,0,0,0,0
Michael Buckland,Lipscomb,2019-20,20.0,52,100,22,53,18,23,34,18,9,4,56,27,14.93,39,98,19,53,21,24,33,18,6,4,68,17
Michael Carter III,Long Beach State,2019-20,20.0,42,114,13,46,42,56,33,11,3,8,40,45,20.0,55,136,20,58,59,70,43,18,2,6,19,45
Michael Christmas,James Madison,2019-20,20.0,28,73,19,44,11,23,7,4,5,17,52,18,20.0,26,58,9,28,18,25,8,12,7,7,43,11
Michael Coleman,Penn State-York,2019-20,20.0,2,8,1,5,0,0,0,2,0,0,0,1,14.85,1,4,0,2,0,0,2,0,0,0,0,1
Michael Cubbage,Marist,2019-20,20.0,43,138,4,32,22,37,48,18,4,13,70,28,20.0,53,157,11,40,34,50,48,20,3,17,77,37
Michael Daley,Walla Walla University,2019-20,20.0,1,1,1,1,0,0,0,0,0,0,0,0,14.93,0,2,0,1,0,0,0,0,0,1,0,0
Michael Decembre,Rust,2019-20,20.0,3,8,2,5,5,8,3,1,0,0,2,4,15.2,3,6,0,2,0,0,1,0,0,0,0,3
Michael Devoe,Georgia Tech,2019-20,15.53,68,151,24,58,34,47,48,19,2,5,51,53,20.0,87,166,28,60,42,55,45,14,1,6,46,38
Michael Diaz,San Francisco State,2019-20,20.0,0,2,0,0,0,0,0,0,1,0,1,1,14.97,2,2,0,0,0,0,0,0,0,0,0,0
Michael Diggins,UIC,2019-20,20.0,54,122,13,48,17,23,26,12,17,20,55,20,20.0,63,117,14,38,21,32,26,11,15,25,58,28
Michael Dunne,Hartford,2019-20,20.0,11,24,9,19,0,0,5,4,2,6,9,1,17.95,10,29,9,23,3,5,3,4,1,3,8,1
Michael Durr,South Florida,2019-20,20.0,41,89,0,2,23,33,5,5,10,34,58,19,14.9,31,51,0,0,25,43,4,6,12,32,52,21
Michael Ertel,UL Monroe,2019-20,20.0,86,200,34,94,22,26,39,13,1,3,39,18,16.93,61,167,18,60,49,64,31,15,0,9,36,26
Michael Feinberg,Yale,2019-20,0.0,0,0,0,0,0,0,2,0,0,0,1,1,14.98,2,5,1,2,1,2,1,0,0,2,4,1
Michael Flowers,Western Michigan,2019-20,17.17,51,140,26,68,27,33,37,9,0,3,25,32,20.0,68,157,21,69,60,74,33,5,0,7,28,35
Michael Forrest,Florida Atlantic,2019-20,19.97,51,111,40,82,21,25,22,15,1,9,20,18,20.0,35,93,15,57,21,32,26,13,1,11,19,22
Michael Forster,Texas Dallas,2019-20,20.0,1,4,0,0,0,0,0,0,0,0,1,1,14.9,1,5,0,2,1,2,0,1,0,2,1,1
Michael Graham,Middle Georgia State,2019-20,20.0,2,9,0,2,3,3,0,0,3,2,1,1,19.47,7,9,0,0,5,5,0,1,1,1,2,0
Michael Green,Mississippi Valley State,2019-20,20.0,49,136,9,35,10,12,17,6,0,4,14,29,14.87,50,125,12,40,25,32,10,13,2,3,6,15
Michael Green III,Bryant,2019-20,20.0,49,127,10,35,22,25,50,6,1,5,20,34,20.0,46,128,10,34,39,53,36,8,0,10,33,34
Michael Hawkins,St. Andrews,2019-20,20.0,4,8,1,2,4,4,3,1,0,0,3,0,14.92,0,0,0,0,0,0,2,0,0,0,1,3
Michael Hueitt Jr,UNC Greensboro,2019-20,0.0,0,0,0,0,0,0,3,0,0,0,0,0,13.4,0,0,0,0,0,0,3,0,0,0,0,0
Michael Hueitt Jr.,UNC Greensboro,2019-20,20.0,25,71,21,59,5,8,1,5,0,5,14,6,18.43,13,37,13,35,2,2,0,1,0,1,10,3
Michael Hughes,Duquesne,2019-20,20.0,57,93,1,8,15,23,21,14,33,22,69,16,20.0,48,91,4,8,37,57,21,25,38,33,63,23
Michael Hurt,Minnesota,2019-20,20.0,8,12,4,5,0,3,8,0,3,5,12,5,14.98,6,16,1,6,0,1,5,0,1,2,8,5
Michael Isler,Presbyterian,2019-20,20.0,48,84,0,6,22,35,19,16,7,20,46,33,14.68,38,61,2,5,29,44,10,4,6,12,44,33
Michael Jacobson,Iowa State,2019-20,20.0,53,131,10,32,20,26,18,7,6,34,57,15,14.87,36,71,5,15,15,24,12,5,5,26,56,16
Michael Johnson,Chicago State,2019-20,0.0,4,23,2,15,8,12,5,5,0,0,9,9,14.9,6,27,3,13,2,3,4,1,0,1,8,5
Michael Jones,Bryn Athyn,2019-20,20.0,2,2,0,0,0,2,0,0,0,0,0,0,15.02,0,1,0,0,0,0,0,0,0,0,1,0
Michael Joseph,Piedmont,2019-20,20.0,0,1,0,0,2,2,1,0,0,2,1,2,14.97,3,6,1,2,0,0,0,0,0,1,2,0
Michael Laster,Bowling Green,2019-20,20.0,32,89,0,8,9,13,43,15,2,11,35,26,15.38,18,62,0,7,19,30,35,16,1,7,33,14
Michael Levy,Johnson University (FL),2019-20,20.0,1,5,1,2,0,0,0,0,0,0,1,1,17.92,1,2,1,1,0,2,0,0,0,0,1,0
Michael Liborio,,2019-20,11.15,0,1,0,1,0,0,0,0,0,0,0,2,0.0,0,1,0,0,0,0,0,0,0,0,0,0
Michael Littlejohn,Tennessee State,2019-20,20.0,45,125,30,83,7,9,57,17,1,4,37,36,14.95,45,115,28,80,17,21,35,14,1,6,14,34
Michael Magee,Vanguard,2019-20,20.0,1,5,0,3,0,0,0,0,0,1,1,0,20.0,3,8,1,4,0,0,0,0,1,1,2,1
Michael McDougal,West New Mexico,2019-20,19.93,2,4,2,3,0,0,1,0,0,0,0,5,14.97,0,3,0,1,2,2,2,0,0,0,0,0
Michael Mccants,Wesley,2019-20,20.0,1,2,0,0,0,0,0,0,0,1,1,0,14.92,2,2,0,0,0,0,0,1,0,1,0,2
Michael Moreno,Eastern Kentucky,2019-20,20.0,47,96,21,52,7,11,13,11,5,28,51,11,14.93,40,96,14,52,25,40,22,11,3,31,63,17
Michael Motley,Delta State,2019-20,20.0,0,3,0,2,0,0,2,0,0,1,2,2,14.98,1,2,0,1,0,0,1,0,0,0,0,0
Michael Okafor,Manhattan,2019-20,20.0,11,28,1,9,3,9,5,7,3,7,16,5,20.0,3,5,1,1,1,2,3,3,1,4,5,3
Michael Olmert,Morehouse College,2019-20,20.0,2,5,0,0,1,3,2,2,0,0,3,3,14.9,2,2,0,0,0,1,1,0,0,0,1,0
Michael Ou,CSU Northridge,2019-20,20.0,13,27,0,0,9,11,3,0,2,5,10,7,16.42,10,20,0,0,8,10,2,1,1,10,5,3
Michael Paulo,Montana State,2019-20,20.0,23,52,8,24,2,2,6,8,2,3,10,13,20.0,13,32,4,15,9,14,11,4,1,1,12,9
Michael Phifer,Greensboro,2019-20,20.0,8,19,2,8,1,2,6,3,0,4,11,5,14.92,8,15,4,7,1,2,0,1,0,0,2,5
Michael Reeves,Central State (OH),2019-20,20.0,1,2,0,0,0,0,0,0,2,0,0,1,14.88,0,2,0,0,0,2,0,0,1,0,1,2
Michael Rogers,Anderson (IN),2019-20,20.0,2,7,1,2,2,2,0,0,0,0,1,0,14.88,0,1,0,1,1,2,0,1,0,1,0,1
Michael Smith,Sonoma State,2019-20,20.0,1,5,0,1,0,0,0,0,0,0,1,1,14.92,3,5,0,1,2,2,1,0,0,0,1,1
Michael Tertsea,Gannon,2019-20,20.0,2,5,0,0,0,0,1,0,0,1,1,0,17.83,1,1,0,0,0,0,0,0,0,0,0,0
Michael Urankar,Christendom,2019-20,20.0,0,7,0,4,0,0,1,0,0,1,3,11,14.98,0,4,0,3,0,0,1,0,0,0,1,3
Michael West,,2019-20,0.62,2,6,0,4,0,0,2,0,0,0,2,2,0.0,0,4,0,2,0,0,1,0,0,1,0,1
Michael Wright,Cal State-Los Angeles,2019-20,20.0,0,2,0,1,0,0,0,0,0,0,1,2,18.6,2,7,0,1,2,2,4,3,0,0,1,1
Michael Wynn,Wake Forest,2019-20,0.0,1,3,0,1,1,4,0,0,0,2,1,3,20.0,3,5,0,1,1,2,1,0,0,4,0,2
Michael-Isaiah Ajiboye,Cal State-Los Angeles,2019-20,20.0,3,3,0,0,3,4,1,0,1,1,3,2,18.6,1,4,0,2,4,4,1,0,0,0,3,1
Michal Kozak,Weber State,2019-20,20.0,41,101,16,54,8,15,19,8,17,19,60,18,14.5,46,96,18,42,17,29,22,7,18,18,64,16
Micheal Anumba,,2019-20,8.03,34,69,11,30,18,24,17,15,2,24,42,23,0.0,40,70,15,30,29,41,11,13,0,28,35,18
Micheal Spraggins,Ferrum,2019-20,20.0,1,9,1,3,0,0,1,0,0,4,1,0,14.85,1,4,0,1,0,0,0,0,0,1,2,0
Michiah Mcquarters,Rogers State,2019-20,0.0,0,0,0,0,0,0,0,0,0,0,0,0,19.15,0,2,0,1,0,0,1,0,0,0,0,0
Michigan,,2019-20,0.0,0,0,0,0,0,0,0,0,0,32,33,5,0.0,0,0,0,0,0,0,0,0,0,34,26,2
Michigan State,,2019-20,0.0,0,0,0,0,0,0,0,0,0,30,26,8,0.0,0,0,0,0,0,0,0,0,0,34,23,7
Michigan-Dearborn,,2019-20,0.0,0,0,0,0,0,0,0,0,0,1,2,0,0.0,0,0,0,0,0,0,0,0,0,1,3,0
Mickey Mitchell,Arizona State,2019-20,20.0,8,23,1,4,4,10,7,9,3,10,12,6,17.77,8,18,0,3,5,7,10,6,2,12,26,11
Mid-American Christian,,2019-20,0.0,0,0,0,0,0,0,0,0,0,4,3,0,0.0,0,0,0,0,0,0,0,0,0,3,5,1
Mid-Atlantic Christian,,2019-20,0.0,0,0,0,0,0,0,0,0,0,3,6,2,0.0,0,0,0,0,0,0,0,0,0,4,1,1
Middle Georgia State College,,2019-20,0.0,0,0,0,0,0,0,0,0,0,7,5,2,0.0,0,0,0,0,0,0,0,0,0,3,1,0
Middle Tennessee,,2019-20,0.0,0,0,0,0,0,0,0,0,0,44,23,5,0.0,0,0,0,0,0,0,0,0,0,36,30,7
Midland University,,2019-20,0.0,0,0,0,0,0,0,0,0,0,1,0,0,0.0,0,0,0,0,0,0,0,0,0,0,1,0
Midway University,,2019-20,0.0,0,0,0,0,0,0,0,0,0,0,2,0,0.0,0,0,0,0,0,0,0,0,0,1,0,0
Miguel Ayesa,William & Mary,2019-20,20.0,18,46,16,42,0,0,4,0,2,2,5,2,20.0,10,25,8,21,0,0,2,3,0,2,4,1
Miguel Mahan,Indiana South Bend,2019-20,20.0,1,2,0,0,0,0,0,0,0,2,0,1,17.2,3,4,1,2,0,0,0,0,0,0,1,0
Mika Adams-Woods,Cincinnati,2019-20,20.0,22,45,14,28,0,1,22,7,4,2,35,17,14.95,23,58,8,28,21,26,19,9,4,5,17,13
Mikael Jantunen,Utah,2019-20,20.0,28,44,3,8,11,14,12,6,2,14,32,14,14.98,33,48,1,4,23,32,11,0,6,29,30,12
Mikail Simmons,Bryant,2019-20,20.0,16,40,9,30,11,14,9,6,1,4,16,9,20.0,18,48,12,36,3,9,3,5,3,9,18,9
Mikal Dawson,Akron,2019-20,0.0,2,9,0,6,1,2,1,0,0,3,6,3,20.0,0,3,0,1,1,2,0,1,1,3,3,2
Mikal Gaylord,William Peace,2019-20,20.0,0,2,0,1,0,0,0,2,0,1,1,1,14.97,0,2,0,1,0,0,0,1,0,0,0,3
Mike Adewunmi,SIU-Edwardsville,2019-20,20.0,35,79,6,24,11,15,9,10,5,14,56,22,20.0,45,88,13,27,33,45,13,5,6,18,56,17
Mike Bothwell,Furman,2019-20,20.0,61,123,23,60,21,27,39,16,1,7,34,11,20.0,56,116,20,54,29,34,23,16,1,5,27,21
Mike DePersia,IUPUI,2019-20,20.0,14,46,4,26,11,25,36,20,0,9,23,19,14.88,13,29,0,5,8,11,44,11,0,10,24,18
Mike Featherston,Milligan,2019-20,20.0,4,5,1,2,1,2,3,2,1,3,5,9,14.78,1,6,0,1,1,2,3,1,2,1,5,4
Mike Jones,Davidson,2019-20,20.0,29,67,27,60,6,9,12,9,2,2,22,9,20.0,19,43,12,32,2,3,12,7,2,9,13,5
Mike Lyons,Misericordia,2019-20,20.0,1,2,1,2,0,0,0,1,0,0,1,0,17.58,0,0,0,0,1,2,1,0,0,0,0,0
Mike McGuirl,Kansas State,2019-20,20.0,28,72,16,43,7,12,25,10,0,12,20,18,18.32,27,62,14,33,18,29,21,14,2,4,21,9
Mike Meadows,Eastern Washington,2019-20,20.0,6,14,3,6,0,0,4,5,0,1,1,1,14.98,4,8,1,2,0,0,5,3,0,1,3,0
Mike Melewski,Geneva,2019-20,0.0,0,0,0,0,0,0,0,0,0,0,0,0,14.9,0,0,0,0,0,0,1,0,0,0,0,1
Mike Melvin,North Carolina Central,2019-20,20.0,15,34,3,9,0,2,25,10,0,4,11,18,20.0,19,36,0,3,2,4,17,6,0,3,9,16
Mike Morsberger,US Merchant Marine Academy,2019-20,20.0,2,6,1,4,0,0,0,0,0,0,0,0,14.97,1,2,1,2,0,2,0,0,0,0,0,0
Mike Okauru,UNC Wilmington,2019-20,20.0,47,126,16,39,15,22,41,19,2,9,82,21,17.75,43,108,10,39,25,35,36,16,9,4,57,29
Mike Peake,Georgia,2019-20,20.0,4,13,0,6,3,4,0,2,2,4,14,10,14.93,12,17,0,2,5,6,1,1,2,5,15,1
Mike Ryan,Urbana,2019-20,20.0,0,1,0,0,0,0,0,0,0,0,1,0,14.77,0,1,0,1,0,0,0,1,0,0,1,0
Mike Shahan,,2019-20,18.02,1,1,0,0,0,2,0,0,0,1,1,0,0.0,0,0,0,0,0,2,0,0,0,0,0,0
Mike Smith,Columbia,2019-20,20.0,97,248,23,80,43,52,70,22,0,4,59,47,20.0,127,267,32,78,71,84,59,20,0,6,43,35
Mike Stone,Alabama State,2019-20,20.0,5,10,0,0,0,1,0,1,1,4,9,7,14.88,3,8,0,0,2,2,1,0,0,3,6,4
Mike Watkins,Penn State,2019-20,20.0,74,134,0,3,22,37,13,11,35,33,88,16,14.78,44,84,0,0,26,48,2,13,30,32,71,14
Mike Williams,Brevard College,2019-20,20.0,2,2,1,1,1,2,1,0,0,0,2,0,14.78,0,1,0,1,2,2,0,0,0,0,0,1
Mike'L Simms,VCU,2019-20,20.0,40,97,20,61,19,22,14,16,2,12,30,13,18.45,25,83,16,51,7,8,15,4,3,11,41,10
Mikel Beyers,Marshall,2019-20,20.0,32,90,17,52,12,14,11,6,10,8,30,22,20.0,28,57,10,28,15,20,6,6,9,10,23,15
Mikey Dixon,Grand Canyon,2019-20,20.0,31,80,12,34,17,22,15,7,1,7,18,12,17.55,34,80,15,29,25,33,11,5,0,2,16,8
Mikey Watkins,Merrimack,2019-20,20.0,40,88,6,25,2,2,28,30,3,4,26,24,20.0,42,85,13,28,22,36,20,24,2,2,21,29
Mikkel Hauge,Seattle,2019-20,0.0,0,0,0,0,0,0,0,0,0,0,0,0,14.82,1,1,1,1,0,0,1,0,0,0,1,0
Miks Antoms,Maine,2019-20,0.0,9,20,0,1,9,11,13,3,4,14,14,9,17.9,2,17,0,0,5,10,16,5,2,13,15,15
Milan Acquaah,California Baptist,2019-20,20.0,89,238,26,93,50,67,82,13,2,6,79,56,15.52,82,227,33,94,83,93,93,15,4,8,54,59
Milan Williams,Colgate,2019-20,0.0,1,1,1,1,0,0,1,0,0,1,0,0,14.93,2,2,0,0,0,0,0,0,0,1,0,0
Mileek McMillan,Valparaiso,2019-20,20.0,40,107,16,57,17,23,17,13,9,8,30,31,20.0,63,121,22,48,17,26,16,7,7,17,46,27
Miles Brookins,CSU Northridge,2019-20,20.0,0,3,0,0,2,2,0,0,0,0,0,0,14.8,0,0,0,0,0,0,0,0,0,0,0,0
Miles Brown,Marymount VA,2019-20,20.0,3,22,0,10,2,4,6,7,0,0,13,6,16.5,6,22,2,10,4,6,6,8,0,2,6,9
Miles Daniels,Jackson State,2019-20,20.0,15,62,9,48,1,4,9,3,0,2,5,5,15.52,17,44,9,31,1,2,8,9,1,3,6,5
Miles Gillette,St. Mary's (MD),2019-20,20.0,5,10,0,2,0,0,1,1,1,0,1,0,17.75,4,9,0,0,0,0,1,3,0,1,1,1
Miles Haley,Wiley,2019-20,20.0,0,0,0,0,0,0,1,0,0,0,1,0,14.95,1,4,0,0,0,0,0,2,0,0,0,2
Miles Houston,Cal Lutheran,2019-20,20.0,1,3,0,0,2,4,0,0,1,2,2,0,14.9,0,3,0,0,0,0,0,0,1,0,1,2
Miles James,East Carolina,2019-20,20.0,6,22,4,15,0,1,5,3,2,2,11,5,20.0,1,8,0,4,2,2,2,3,0,2,4,0
Miles Jones,Radford,2019-20,0.0,2,4,1,2,0,0,0,1,0,2,4,0,14.85,3,3,1,1,0,0,0,0,0,0,0,2
Miles Latimer,Stony Brook,2019-20,19.77,30,94,19,61,8,12,21,17,3,8,38,25,20.0,38,105,27,74,24,31,27,11,2,10,33,19
Miles McBride,West Virginia,2019-20,20.0,33,96,14,41,19,26,26,16,4,7,26,17,17.93,61,142,10,36,42,56,25,15,10,7,21,21
Miles Miller,Lipscomb,2019-20,20.0,19,58,11,32,2,3,25,5,1,0,23,13,14.93,17,55,6,31,6,7,12,5,0,5,21,11
Miles Pauldin,Averett,2019-20,0.0,0,0,0,0,0,0,0,0,0,0,1,0,14.7,1,1,0,0,0,0,0,0,0,0,0,0
Miles Riley,Piedmont,2019-20,20.0,3,5,0,0,0,0,1,1,0,0,2,3,14.97,0,2,0,1,2,2,2,0,0,1,3,1
Miles Thomas,UT Martin,2019-20,20.0,36,86,9,28,10,18,30,13,3,19,29,28,14.88,35,67,5,15,24,35,25,13,4,14,29,17
Miles Tracy,Indiana South Bend,2019-20,20.0,1,4,0,1,0,0,0,0,2,0,2,1,17.2,1,3,0,1,1,2,1,0,2,2,2,2
Miles Washington,,2019-20,1.35,4,11,0,1,0,0,0,0,1,0,9,1,0.0,1,3,0,0,0,0,0,0,0,1,6,2
Milija Cosic,St. Francis (BKN),2019-20,20.0,29,56,8,23,3,4,3,1,1,9,26,15,20.0,14,31,6,14,7,11,1,1,2,10,21,7
Miller Kopp,Northwestern,2019-20,20.0,71,155,35,75,31,33,20,8,1,8,37,17,20.0,61,162,26,77,23,27,18,6,4,16,41,18
Milligan,,2019-20,0.0,0,0,0,0,0,0,0,0,0,2,2,0,0.0,0,0,0,0,0,0,0,0,0,2,3,0
Millsaps,,2019-20,0.0,0,0,0,0,0,0,0,0,0,4,0,1,0.0,0,0,0,0,0,0,0,0,0,2,0,0
Milos Jovic,Miami (OH),2019-20,20.0,31,83,14,35,6,11,17,8,4,7,29,20,20.0,27,56,11,32,11,22,19,3,4,14,24,11
Milos Stajcic,,2019-20,1.42,22,54,7,20,14,16,16,4,0,12,32,16,0.0,21,40,3,9,11,17,13,1,2,7,14,23
Milos Supica,Charlotte,2019-20,20.0,36,58,0,0,12,22,14,6,4,18,43,27,20.0,28,44,0,0,15,20,7,3,6,22,26,17
Milton Massey,Bethany College,2019-20,0.0,0,0,0,0,0,0,0,0,0,0,0,1,14.77,1,1,0,0,0,0,0,0,0,0,0,1
Milwaukee,,2019-20,0.0,0,0,0,0,0,0,0,0,0,21,27,4,0.0,0,0,0,0,0,0,0,0,0,26,20,8
Minfeke Sanoe,,2019-20,5.18,2,5,0,0,1,2,0,0,0,2,2,0,0.0,2,3,0,0,0,1,0,0,1,0,0,2
Minnesota,,2019-20,0.0,0,0,0,0,0,0,0,0,0,35,21,4,0.0,0,0,0,0,0,0,0,0,0,73,24,10
Miodrag Dronjak,William & Mary,2019-20,0.0,0,0,0,0,0,0,0,0,0,0,0,0,14.92,1,1,0,0,0,0,0,0,0,0,0,0
Miroslav Stafl,Hartford,2019-20,20.0,46,107,5,26,12,21,13,5,2,9,37,46,17.95,40,78,1,14,33,48,16,5,7,16,39,24
Miryne Thomas,Ball State,2019-20,20.0,9,19,5,12,1,2,2,2,2,3,6,2,14.92,6,14,2,7,8,9,1,3,1,5,10,4
Misericordia,,2019-20,0.0,0,0,0,0,0,0,0,0,0,4,1,0,0.0,0,0,0,0,0,0,0,0,0,3,0,0
Mississippi State,,2019-20,0.0,0,0,0,0,0,0,0,0,0,37,29,6,0.0,0,0,0,0,0,0,0,0,0,52,17,3
Mississippi Valley State,,2019-20,0.0,0,0,0,0,0,0,0,0,0,25,12,3,0.0,0,0,0,0,0,0,0,0,0,33,17,3
Missouri,,2019-20,0.0,0,0,0,0,0,0,0,0,0,30,28,9,0.0,0,0,0,0,0,0,0,0,0,15,32,3
Missouri Baptist,,2019-20,0.0,0,0,0,0,0,0,0,0,0,3,4,0,0.0,0,0,0,0,0,0,0,0,0,0,0,0
Missouri Science & Technology,,2019-20,0.0,0,0,0,0,0,0,0,0,0,2,0,0,0.0,0,0,0,0,0,0,0,0,0,1,0,0
Missouri State,,2019-20,0.0,0,0,0,0,0,0,0,0,0,22,20,7,0.0,0,0,0,0,0,0,0,0,0,25,20,5
Mitch Ballock,Creighton,2019-20,20.0,54,119,41,94,9,12,35,13,4,3,66,12,20.0,42,96,32,75,8,11,41,6,1,4,50,8
Mitch Doherty,Albany,2019-20,20.0,0,1,0,1,1,2,2,0,0,1,1,2,14.9,0,2,0,1,0,0,0,0,0,0,1,1
Mitch Fairless,,2019-20,3.65,4,5,2,3,2,2,3,1,0,1,1,1,0.0,2,3,1,1,2,2,2,1,0,0,8,0
Mitch Ganote,Southwest Baptist,2019-20,20.0,1,2,0,0,0,0,2,0,0,0,0,1,18.18,0,0,0,0,0,0,1,1,0,1,2,1
Mitch Kwasigroch,St. Francis (ILL),2019-20,20.0,1,1,0,0,0,0,0,0,0,0,0,1,17.92,0,4,0,3,0,0,0,0,1,0,0,0
Mitch L'Allier,Holy Names,2019-20,20.0,0,1,0,1,0,0,0,0,0,0,1,0,14.9,0,1,0,0,0,0,0,0,0,0,0,0
Mitch Layton,NC Wesleyan,2019-20,20.0,1,3,0,0,0,0,1,0,0,0,3,1,14.9,0,1,0,0,0,0,0,0,0,2,1,1
Mitch Listau,Belmont,2019-20,20.0,14,32,12,23,1,2,12,2,0,3,10,7,14.82,10,35,4,24,7,9,9,3,1,0,8,5
Mitch Peterson,Kent State,2019-20,20.0,7,27,4,17,3,3,13,5,0,14,23,5,14.98,10,29,5,20,5,9,10,9,3,9,21,10
Mitch Prendergast,Mercer,2019-20,20.0,6,15,6,14,0,0,4,1,0,1,3,3,14.95,2,5,0,2,0,0,1,3,0,0,0,1
Mitch Weatherford,Rhodes College,2019-20,20.0,1,4,0,0,0,0,0,0,0,0,3,0,14.93,0,3,0,0,0,0,2,1,0,1,0,0
Mitch Wetmore,Evergreen State,2019-20,20.0,1,4,1,3,0,0,0,0,0,0,1,2,20.0,1,3,1,2,0,0,0,0,0,0,0,0
Mitchell Lonneman,Mount Marty,2019-20,20.0,1,1,0,0,0,0,0,0,0,0,0,1,17.98,0,1,0,0,0,0,0,0,0,0,0,0
Mitchell Prince,Spalding,2019-20,0.0,0,0,0,0,0,0,0,0,0,0,0,0,14.83,1,2,0,1,0,0,0,0,0,0,0,1
Mitchell Smith,Missouri,2019-20,20.0,26,73,9,32,15,16,13,10,2,19,44,10,14.63,22,63,11,33,14,19,7,11,7,20,52,6
Mo Arnold,Jacksonville,2019-20,20.0,26,78,4,28,9,18,42,8,1,6,45,22,17.95,33,87,13,28,9,24,21,10,2,11,35,22
Mobile,,2019-20,0.0,0,0,0,0,0,0,0,0,0,6,4,0,0.0,0,0,0,0,0,0,0,0,0,0,1,0
Mohamed Abuarisha,KY Wesleyan,2019-20,20.0,3,4,1,2,0,0,0,0,1,1,1,0,14.83,0,1,0,1,0,0,0,0,0,0,0,2
Mohamed Thiam,Iona,2019-20,15.0,14,30,7,19,0,0,2,6,4,4,16,5,20.0,11,29,3,15,0,2,1,4,4,8,18,4
Mohammed Abdulsalam,UNC Greensboro,2019-20,0.0,23,50,0,0,4,13,11,12,8,19,38,11,18.43,25,45,0,0,5,14,7,10,6,20,26,12
Mojus Mojus,CSU Fullerton,2019-20,20.0,0,3,0,2,0,0,0,0,0,0,0,0,17.67,1,3,1,3,0,0,0,1,0,0,1,0
Monmouth,,2019-20,0.0,0,0,0,0,0,0,0,0,0,29,21,6,0.0,0,0,0,0,0,0,0,0,0,39,18,10
Monroe Porter,Western Colorado,2019-20,20.0,1,2,1,2,0,0,3,1,0,0,4,0,17.95,0,1,0,1,0,0,0,0,0,0,1,0
Montana,,2019-20,0.0,0,0,0,0,0,0,0,0,0,26,19,1,0.0,0,0,0,0,0,0,0,0,0,29,24,2
Montana State,,2019-20,0.0,0,0,0,0,0,0,0,0,0,37,25,4,0.0,0,0,0,0,0,0,0,0,0,38,20,8
Montavious Murphy,Kansas State,2019-20,20.0,14,42,6,20,9,16,4,6,3,11,20,10,18.32,15,33,4,14,12,17,9,5,0,10,26,9
Montese Blake,Southern,2019-20,20.0,13,44,5,22,3,6,10,2,0,2,3,7,15.83,21,44,5,14,3,6,4,2,0,2,4,12
Montevallo,,2019-20,0.0,0,0,0,0,0,0,0,0,0,2,1,0,0.0,0,0,0,0,0,0,0,0,0,1,1,0
Montez Mathis,Rutgers,2019-20,20.0,33,104,7,28,17,24,14,10,1,12,37,19,20.0,38,85,9,26,16,27,18,13,1,9,29,11
Montre' Cash,Averett,2019-20,20.0,1,4,1,2,0,0,2,0,0,1,0,1,14.7,0,1,0,1,0,0,1,0,0,0,0,0
Montrel James,Crowley's Ridge College,2019-20,20.0,0,0,0,0,2,4,0,1,0,0,0,0,14.97,2,3,0,0,0,0,2,0,0,0,0,1
Montrez Radcliff,Mobile,2019-20,20.0,0,1,0,0,0,0,0,1,0,0,0,0,20.0,0,0,0,0,0,0,0,0,0,0,0,0
Monty Johal,Tennessee State,2019-20,20.0,4,10,2,6,2,4,2,1,0,1,3,4,14.95,1,4,0,3,0,0,0,0,0,0,1,1
Monty Scott,Temple,2019-20,20.0,28,84,7,36,10,11,14,13,1,4,30,19,20.0,46,105,14,43,21,35,15,7,0,5,26,15
Morehead State,,2019-20,0.0,0,0,0,0,0,0,0,0,0,33,25,10,0.0,0,0,0,0,0,0,0,0,0,31,27,4
Morehouse,,2019-20,0.0,0,0,0,0,0,0,0,0,0,0,1,0,0.0,0,0,0,0,0,0,0,0,0,0,0,0
Morgan Means,Seattle,2019-20,20.0,52,144,18,72,15,18,37,23,0,18,52,17,15.05,46,121,15,48,60,68,34,13,0,20,35,26
Morgan Soucie,Nebraska Kearney,2019-20,20.0,3,6,0,0,0,0,1,0,0,3,3,0,17.83,2,4,0,0,0,0,1,0,0,0,2,1
Morgan State,,2019-20,0.0,0,0,0,0,0,0,0,0,0,21,19,4,0.0,0,0,0,0,0,0,0,0,0,30,16,2
Morgan Taylor,Incarnate Word,2019-20,20.0,17,38,0,5,4,6,7,2,0,1,10,7,14.63,11,30,0,1,7,10,3,4,1,0,3,9
Moriba Diaby,Averett,2019-20,20.0,1,1,0,0,1,2,0,0,0,0,0,1,14.7,0,0,0,0,0,0,0,0,0,0,0,1
Morningstar Takapu,Chaminade,2019-20,0.0,0,0,0,0,0,0,0,0,0,0,0,0,14.72,0,1,0,1,0,0,0,0,0,0,0,0
Morris Udeze,Wichita State,2019-20,20.0,27,39,0,0,8,19,1,2,3,12,21,12,17.78,18,34,0,0,18,33,4,5,4,20,20,5
Moses Compton,Dallas Christian,2019-20,20.0,1,2,1,2,0,0,0,0,0,0,0,1,14.88,0,3,0,3,2,2,0,0,0,0,2,1
Moses Flowers,Hartford,2019-20,20.0,54,122,24,65,12,15,21,14,2,7,44,25,17.95,37,104,18,56,25,35,14,11,2,8,35,30
Moses Mcewan,Portland Bible,2019-20,20.0,1,8,0,5,2,2,0,1,1,1,5,5,14.98,1,5,0,3,0,0,2,0,0,0,0,2
Moses Wright,Georgia Tech,2019-20,15.98,86,163,3,11,29,43,13,10,14,30,81,42,20.0,80,151,4,18,29,51,14,9,19,24,73,39
Mouhamadou Gueye,Stony Brook,2019-20,15.0,38,98,5,19,25,36,26,7,34,16,96,23,20.0,46,91,8,24,23,31,22,7,28,18,68,25
Mount Marty College,,2019-20,0.0,0,0,0,0,0,0,0,0,0,1,0,0,0.0,0,0,0,0,0,0,0,0,0,4,3,0
Mount Saint Vincent,,2019-20,0.0,0,0,0,0,0,0,0,0,0,2,1,0,0.0,0,0,0,0,0,0,0,0,0,1,0,1
Moustapha Diagne,La Salle,2019-20,20.0,2,5,0,0,0,0,0,0,0,0,1,1,20.0,0,0,0,0,0,0,0,0,0,0,0,0
Mt. St. Mary's,,2019-20,0.0,0,0,0,0,0,0,0,0,0,24,28,8,0.0,0,0,0,0,0,0,0,0,0,31,29,7
Mubarak Muhammed,Louisiana Tech,2019-20,20.0,61,97,1,4,9,14,6,9,8,44,66,18,14.82,36,67,0,3,27,37,10,15,7,41,72,14
Multnomah University,,2019-20,0.0,0,0,0,0,0,0,0,0,0,0,1,0,0.0,0,0,0,0,0,0,0,0,0,0,0,0
Murray Grant,Prairie View A&M,2019-20,0.0,0,0,0,0,0,0,0,0,0,0,0,0,20.0,0,1,0,0,0,0,0,0,0,0,0,0
Murray State,,2019-20,0.0,0,0,0,0,0,0,0,0,0,38,20,6,0.0,0,0,0,0,0,0,0,0,0,35,22,6
Mustafa Lawrence,Fresno State,2019-20,20.0,15,43,8,25,8,9,22,8,2,4,11,17,17.85,15,48,5,27,4,7,18,5,0,2,5,14
Mustapha Heron,St. John's,2019-20,20.0,48,122,25,66,23,29,15,5,4,5,23,19,14.95,41,106,17,43,42,50,16,6,2,4,16,15
Mustapha Traore,Monmouth,2019-20,20.0,35,96,0,0,20,26,11,19,11,19,62,16,16.48,37,77,0,0,23,31,5,11,6,24,45,25
Mychael Paulo,,2019-20,0.37,14,34,8,16,2,5,11,4,0,1,8,4,0.0,10,33,3,14,9,14,14,10,2,0,15,16
Mychal Stefanides,Wesley,2019-20,20.0,1,2,0,1,0,0,1,0,0,0,0,3,14.92,1,2,0,1,2,2,1,1,0,0,1,0
Myja White,Miami (OH),2019-20,20.0,12,37,4,20,4,6,13,4,0,1,15,9,20.0,9,25,4,16,7,9,0,5,0,0,6,3
Mykayle Carter,South Carolina Upstate,2019-20,0.0,0,0,0,0,0,0,0,0,0,0,0,0,14.75,3,6,2,2,0,2,0,0,1,0,1,0
Mykel Derring,Merrimack,2019-20,20.0,19,77,13,64,3,4,1,4,2,3,14,6,20.0,18,41,15,34,1,5,5,5,0,0,9,5
Mykhailo Yagodin,Maine,2019-20,20.0,14,37,9,25,2,3,10,1,2,4,8,5,17.37,9,32,7,29,9,11,10,2,1,4,11,6
Myles Baker,Central Connecticut,2019-20,20.0,36,100,21,58,14,18,15,13,1,4,30,31,17.95,34,103,14,46,25,34,12,6,1,8,19,20
Myles Burns,,2019-20,0.0,0,0,0,0,0,0,0,0,0,0,1,1,0.0,0,0,0,0,0,0,0,0,0,0,0,0
Myles Cale,Seton Hall,2019-20,20.0,37,96,16,53,8,14,13,17,3,12,55,18,14.8,27,66,9,30,9,18,11,12,0,11,32,10
Myles Carter,Seattle,2019-20,20.0,73,139,10,20,50,68,10,18,14,28,72,42,14.82,69,136,14,23,40,70,6,12,13,28,65,21
Myles Cherry,Lafayette,2019-20,20.0,37,79,6,17,10,14,27,4,9,14,60,22,20.0,63,102,3,12,36,56,29,6,4,34,79,21
Myles Douglas,Saint Joseph's,2019-20,20.0,43,119,20,63,20,22,23,8,1,9,35,38,19.35,25,83,12,39,33,39,20,4,4,10,34,27
Myles Dread,Penn State,2019-20,20.0,40,116,32,96,10,15,41,15,1,12,41,11,14.78,42,120,32,102,19,19,25,13,3,9,31,17
Myles Franklin,Northeastern,2019-20,0.0,17,37,10,24,9,11,15,6,1,5,9,13,20.0,9,29,5,14,7,9,13,2,1,2,6,13
Myles Hutchinson,McNeese,2019-20,0.0,17,40,9,20,8,8,24,9,2,4,13,22,20.0,25,43,12,20,10,11,17,10,0,3,15,12
Myles Johnson,Rutgers,2019-20,0.0,38,67,0,0,8,28,14,8,19,48,65,22,20.0,57,88,0,0,17,43,14,8,23,42,64,18
Myles Johnson-Arline,Rutgers-Camden,2019-20,0.0,0,0,0,0,0,0,0,0,0,0,0,0,14.82,0,1,0,0,0,0,0,0,0,0,0,0
Myles Lewis,VMI,2019-20,20.0,53,114,0,3,22,37,14,17,7,19,49,34,19.18,42,85,0,3,29,45,10,9,2,13,36,25
Myles Owens,Kean,2019-20,20.0,0,1,0,1,0,0,0,0,0,0,0,0,14.95,1,1,0,0,0,0,0,0,0,0,0,0
Myles Parker,Auburn,2019-20,20.0,0,2,0,0,0,0,0,0,0,0,0,0,20.0,0,0,0,0,0,0,0,0,0,0,0,0
Myles Pierre,Houston Baptist,2019-20,20.0,35,103,7,32,10,17,21,10,3,10,22,38,18.07,44,93,14,32,32,46,39,7,3,11,33,32
Myles Powell,Seton Hall,2019-20,20.0,75,222,31,114,40,50,35,13,2,13,45,37,14.8,106,239,44,129,70,88,43,19,3,12,40,37
Myles Simmons,Indiana South Bend,2019-20,20.0,1,2,0,0,0,0,0,1,0,0,0,3,17.2,1,4,0,0,0,0,1,1,0,1,0,1
Myles Smith,Texas A&M-CC,2019-20,20.0,70,152,33,74,34,38,42,15,0,15,57,47,14.82,54,135,22,58,51,62,45,20,0,7,45,44
Myles Thompson,St. Francis (PA),2019-20,20.0,55,116,10,34,11,18,12,11,0,17,45,25,18.45,44,98,5,19,22,33,8,2,1,23,40,11
Myles White,Brewton-Parker,2019-20,20.0,0,2,0,1,0,0,0,0,0,0,0,0,14.9,0,3,0,2,0,0,0,0,0,0,0,2
Mylik Wilson,Louisiana,2019-20,20.0,50,121,12,38,12,14,43,31,10,15,55,38,14.77,67,131,18,41,34,52,35,33,8,19,69,38
Myo Baxter-Bell,Liberty,2019-20,20.0,38,78,2,6,27,40,20,15,0,11,31,24,20.0,35,62,3,8,30,40,19,8,3,14,30,16
Myreon Jones,Penn State,2019-20,20.0,68,141,38,77,12,16,46,20,2,5,27,16,14.78,50,124,17,61,21,27,28,12,2,7,26,20
Myron Gardner,Georgetown,2019-20,20.0,5,12,0,0,5,5,1,0,1,4,6,1,18.9,3,7,0,3,4,6,3,0,2,3,9,5
Myron Williams,St. Andrews,2019-20,20.0,4,12,0,0,1,2,0,0,1,3,4,0,14.92,7,11,2,4,1,1,0,1,0,3,4,5
Mysta Goodloe,South Carolina Upstate,2019-20,20.0,10,29,3,9,0,2,8,3,0,8,14,7,15.33,2,16,0,9,3,7,2,0,1,3,10,6
N'Faly Dante,Oregon,2019-20,20.0,18,27,0,0,1,1,4,4,4,7,7,6,14.93,11,21,0,0,4,10,1,6,2,4,11,4
N'Jai LeBlanc,Menlo,2019-20,20.0,1,3,0,1,0,0,1,0,0,0,1,1,17.82,2,2,2,2,2,3,1,0,0,0,1,1
NC State,,2019-20,0.0,0,0,0,0,0,0,0,0,0,25,34,1,0.0,0,0,0,0,0,0,0,0,0,28,31,8
NC Wesleyan,,2019-20,0.0,0,0,0,0,0,0,0,0,0,2,1,1,0.0,0,0,0,0,0,0,0,0,0,1,1,0
NJIT,,2019-20,0.0,0,0,0,0,0,0,0,0,0,35,25,4,0.0,0,0,0,0,0,0,0,0,0,55,13,5
Nabeel Elabdeia,Colorado College,2019-20,19.28,0,1,0,0,0,0,0,0,0,0,0,0,14.83,0,0,0,0,0,0,0,0,0,0,1,1
Nagay Herrera Jr.,Medgar Evers,2019-20,0.0,0,0,0,0,0,0,0,0,0,0,0,1,15.0,0,1,0,0,0,0,0,0,1,0,1,0
Nah'Shon Hyland,VCU,2019-20,20.0,56,125,37,82,1,3,22,18,6,8,29,12,18.45,39,98,22,57,14,20,32,8,4,2,27,23
Nahiem Alleyne,Virginia Tech,2019-20,20.0,40,105,23,58,13,18,18,6,3,3,29,13,20.0,45,115,22,57,31,41,23,6,1,2,32,11
Nahziah Carter,Washington,2019-20,20.0,61,144,20,54,9,18,23,18,8,19,58,35,20.0,81,176,26,65,41,65,25,28,16,16,60,38
Naim Miller,Mt. St. Mary's,2019-20,20.0,6,36,4,23,0,0,5,2,0,5,12,7,18.9,9,30,4,20,0,2,4,2,0,6,9,4
Naji Marshall,Xavier,2019-20,20.0,78,191,25,77,41,52,54,20,7,14,77,49,17.95,102,208,18,65,45,72,60,17,6,21,74,48
Nakye Sanders,Towson,2019-20,15.0,42,82,1,2,32,46,19,7,7,27,57,24,20.0,37,74,2,6,59,84,17,13,3,30,51,19
Nana Annorh,SUNY Potsdam,2019-20,0.0,0,0,0,0,0,0,0,0,0,0,0,0,15.83,0,1,0,1,0,0,1,0,0,0,0,0
Nana Opoku,Mt. St. Mary's,2019-20,20.0,49,94,10,22,17,28,9,8,24,36,52,18,18.9,42,92,7,31,30,49,10,11,21,33,42,32
Naod Rezene,,2019-20,0.0,0,0,0,0,0,0,0,0,0,0,0,0,8.2,0,1,0,1,0,0,2,0,0,0,0,0
Naquadric Mcgruder,Southeastern Baptist College,2019-20,20.0,0,1,0,0,0,0,0,0,0,0,1,0,14.88,0,0,0,0,0,0,0,0,0,0,1,2
Naquavah Jackson,Medgar Evers,2019-20,20.0,2,2,2,2,0,0,0,1,0,0,3,0,15.0,2,4,0,0,0,1,0,1,1,0,3,1
Nas Mitchell,,2019-20,0.0,0,0,0,0,0,0,0,0,0,0,0,0,19.92,1,1,1,1,0,0,0,0,0,0,0,0
Nash Davis,Williams Baptist,2019-20,0.0,0,0,0,0,0,0,0,0,0,0,0,0,14.83,0,0,0,0,0,0,1,0,0,0,0,0
Nasir Core,Florida A&M,2019-20,20.0,11,28,4,13,15,25,7,5,0,0,17,13,14.58,14,35,2,12,23,31,9,8,1,5,16,21
Nasir Mosley,,2019-20,0.0,0,0,0,0,0,0,0,0,0,0,0,0,0.0,0,0,0,0,0,0,0,0,0,0,0,1
Nasseen Guiterrez-Orozco,Pacific Lutheran,2019-20,0.0,0,0,0,0,0,0,0,0,0,0,0,0,14.82,1,3,0,1,0,0,0,0,0,1,1,0
Nassiem Salem,Hiram,2019-20,0.0,0,0,0,0,0,0,0,0,0,0,0,0,14.98,1,2,1,2,0,0,0,0,0,0,0,0
Nassyr Daniel,Mars Hill,2019-20,20.0,7,8,0,0,0,0,1,1,2,2,5,5,20.0,5,10,0,0,1,2,3,1,1,4,6,0
Nate Bahe,Nebraska Wesleyan,2019-20,20.0,3,8,0,1,0,0,1,1,1,0,1,0,17.92,1,3,0,0,4,6,0,2,0,1,3,1
Nate Darling,Delaware,2019-20,20.0,104,225,56,127,34,40,42,13,2,5,41,46,18.93,80,186,30,99,77,86,39,10,4,6,50,25
Nate Ellenwood,Bob Jones University,2019-20,20.0,6,11,4,7,0,0,3,1,1,0,3,2,15.25,4,9,4,6,2,2,6,0,0,0,5,2
Nate Garvey,Howard,2019-20,20.0,42,96,23,66,4,5,33,11,2,9,14,28,14.83,46,107,29,69,11,13,19,7,2,14,22,13
Nate Grimes,Fresno State,2019-20,20.0,56,131,11,40,12,21,12,7,24,46,97,19,17.85,55,90,20,36,17,31,9,7,14,39,69,26
Nate Hinton,Houston,2019-20,20.0,63,149,29,68,20,26,34,20,3,44,98,20,14.95,39,106,15,49,44,57,27,23,2,38,85,18
Nate Jenkins,Iowa State,2019-20,0.0,0,0,0,0,0,0,0,0,0,0,0,0,16.6,0,0,0,0,1,1,0,0,0,0,1,1
Nate Johnson,Gardner-Webb,2019-20,20.0,64,138,35,86,28,32,16,24,2,12,50,25,20.0,58,138,35,85,36,43,17,25,8,13,55,16
Nate Kendricks,Fresno Pacific,2019-20,20.0,1,5,0,3,0,0,2,2,0,1,0,0,14.85,0,0,0,0,0,0,2,0,0,0,1,0
Nate Kennell,Bradley,2019-20,20.0,65,152,38,81,8,9,30,17,3,10,48,14,14.92,68,163,40,95,19,25,34,16,1,19,55,10
Nate Kreitzer,Misericordia,2019-20,20.0,1,10,0,7,0,0,4,0,0,0,3,3,17.58,2,6,1,2,0,0,1,1,0,1,0,0
Nate Laszewski,Notre Dame,2019-20,20.0,30,81,16,56,19,23,10,3,7,10,61,8,20.0,40,89,17,54,15,25,5,3,2,13,46,10
Nate Lliteras,Longwood,2019-20,0.0,0,0,0,0,0,0,0,0,0,0,0,0,14.77,0,1,0,1,0,0,0,0,0,0,0,0
Nate Louis,Charleston Southern,2019-20,20.0,19,54,19,47,6,8,9,10,0,0,16,7,14.88,16,43,15,39,6,8,6,7,0,5,18,4
Nate Lyles,Kean,2019-20,20.0,0,1,0,1,2,2,1,0,0,0,0,0,14.95,2,9,1,6,2,2,0,0,1,1,2,2
Nate Martin,Emerson College,2019-20,20.0,1,4,0,0,4,4,1,1,0,1,2,0,17.97,4,6,0,2,0,0,0,3,0,0,0,2
Nate Ogbu,Dartmouth,2019-20,20.0,2,6,0,1,2,5,1,2,0,1,1,1,20.0,0,2,0,0,0,0,0,0,0,2,3,1
Nate Patenude,Johnson & Wales (RI),2019-20,20.0,5,10,3,6,0,1,0,0,0,4,1,5,14.8,3,9,0,3,4,7,1,1,1,3,5,1
Nate Pierre-Louis,Temple,2019-20,20.0,48,118,12,31,32,50,53,27,9,20,101,30,20.0,57,148,5,35,57,81,39,28,8,22,106,35
Nate Reuvers,Wisconsin,2019-20,19.32,70,161,17,43,28,38,5,4,33,18,56,24,20.0,63,146,12,42,43,52,13,11,24,12,47,21
Nate Roberts,Washington,2019-20,20.0,9,14,0,0,6,11,0,3,2,9,14,6,17.37,1,4,0,0,0,3,0,1,0,2,8,3
Nate Scanlon,Christendom,2019-20,20.0,0,1,0,1,0,0,0,0,0,0,0,0,14.98,0,0,0,0,0,0,0,0,0,0,0,0
Nate Schimonitz,Nebraska Wesleyan,2019-20,20.0,3,6,1,3,3,4,1,2,0,0,2,2,17.92,5,11,0,2,2,2,0,1,0,1,0,0
Nate Sestina,Kentucky,2019-20,20.0,30,66,10,30,18,23,8,6,8,19,28,12,20.0,25,52,11,21,9,13,14,5,8,20,37,6
Nate Springs,Ohio,2019-20,20.0,13,28,10,25,0,0,0,1,2,3,8,11,17.87,6,15,5,14,2,2,3,1,0,1,6,5
Nate Watson,Providence,2019-20,20.0,45,93,0,0,22,41,7,7,7,39,29,14,14.95,50,87,0,0,28,49,6,9,8,34,21,14
Nate West,Le Tourneau,2019-20,20.0,7,19,4,12,7,7,5,5,0,0,4,10,16.37,4,7,2,4,7,8,0,2,0,1,1,5
Nathan Bain,Stephen F. Austin,2019-20,20.0,20,52,3,15,15,20,24,16,7,18,29,14,16.37,33,55,4,8,17,20,24,11,4,22,29,13
Nathan Boyle,KY Wesleyan,2019-20,20.0,1,3,1,3,0,0,0,0,0,0,0,0,14.83,1,2,0,1,0,0,1,0,0,0,0,0
Nathan Brusseau,Omaha,2019-20,20.0,2,3,1,1,1,1,0,1,0,2,2,2,20.0,1,3,0,0,0,0,0,0,0,0,1,0
Nathan Caldwell,Blue Mountain College,2019-20,0.0,0,0,0,0,0,0,0,0,0,0,0,0,14.77,4,7,3,6,2,2,0,1,0,0,1,0
Nathan Cayo,Richmond,2019-20,19.63,48,96,0,0,34,41,14,9,7,14,60,23,20.0,47,75,0,0,28,37,9,8,8,21,53,13
Nathan Davis,Quinnipiac,2019-20,20.0,0,1,0,1,0,0,0,1,0,0,0,0,16.15,0,0,0,0,0,0,0,0,0,0,0,0
Nathan Elmer,,2019-20,8.15,3,4,2,3,0,0,1,0,0,1,0,0,0.0,0,2,0,2,0,0,0,0,0,0,1,1
Nathan Ghavidel,St. Thomas (TX),2019-20,20.0,1,6,0,5,0,0,2,0,0,1,1,0,20.0,1,6,1,4,2,2,0,0,0,0,0,1
Nathan Hastings,Milligan,2019-20,20.0,6,9,3,5,4,4,0,0,1,0,1,1,14.78,1,5,0,1,0,0,0,0,1,0,3,1
Nathan Hoover,Wofford,2019-20,20.0,75,208,29,129,21,23,22,10,0,4,52,20,14.97,80,214,45,129,55,57,22,8,0,2,51,23
Nathan Jean-Phillipe,,2019-20,0.0,0,0,0,0,0,0,0,0,0,0,0,0,0.0,0,0,0,0,0,0,0,1,0,0,2,2
Nathan Johnson,UMBC,2019-20,20.0,7,14,2,7,1,2,2,0,0,1,11,1,14.83,4,9,1,5,5,6,0,0,0,7,6,3
Nathan Knight,William & Mary,2019-20,20.0,160,226,112,137,35,44,16,8,17,23,69,18,20.0,75,120,8,21,56,66,15,10,5,29,72,25
Nathan Lessing,Northwestern Ohio,2019-20,20.0,4,8,1,4,1,1,0,2,0,0,1,2,14.68,2,6,0,1,2,2,1,0,0,0,2,0
Nathan Mensah,San Diego State,2019-20,20.0,18,29,0,0,4,6,0,3,8,9,31,8,14.9,19,26,0,0,10,17,3,6,12,16,24,5
Nathan Presnell,Simpson University,2019-20,20.0,6,24,0,5,0,2,3,2,1,4,3,4,14.93,3,8,0,2,0,4,0,1,0,0,2,2
Nathan Scott,Northern Illinois,2019-20,0.0,17,44,10,28,3,4,6,3,8,6,26,7,20.0,10,34,5,20,8,11,1,2,7,12,15,2
Nathan Smith,KY Wesleyan,2019-20,20.0,0,0,0,0,1,2,0,0,0,0,0,0,14.83,0,0,0,0,0,0,0,0,0,0,0,0
Nathan Thormaehlen,St. Thomas (TX),2019-20,20.0,2,5,2,4,0,0,0,1,0,0,4,0,20.0,4,8,1,5,3,3,1,2,0,1,4,0
Nathanael Jack,Florida State,2019-20,20.0,4,12,3,11,2,2,2,0,0,1,2,1,14.67,6,12,4,9,0,0,1,0,0,1,3,2
Nathaniel Schmittler,Oakland City,2019-20,20.0,2,10,0,2,1,2,1,1,0,2,5,1,14.98,2,3,0,1,0,0,0,1,0,0,4,4
Nathaniel Stokes,Bryant,2019-20,0.0,1,4,1,4,0,0,0,0,2,0,1,0,18.2,1,5,1,4,0,0,0,2,0,0,2,0
Navy,,2019-20,0.0,0,0,0,0,0,0,0,0,0,46,26,12,0.0,0,0,0,0,0,0,0,0,0,38,22,8
Naz Bohannon,Youngstown St,2019-20,20.0,73,158,1,4,22,40,32,7,2,56,88,39,16.87,71,124,0,0,34,57,47,11,3,66,53,34
Nazareth College,,2019-20,0.0,0,0,0,0,0,0,0,0,0,6,0,0,0.0,0,0,0,0,0,0,0,0,0,1,0,0
Nazeer Bostick,Saint Peter's,2019-20,20.0,9,26,2,6,2,2,5,4,0,0,11,8,14.88,8,24,0,3,7,12,3,3,0,6,4,7
Neal Mulligan,Lyndon State College,2019-20,20.0,0,1,0,1,0,0,0,0,0,0,0,0,14.65,0,0,0,0,0,0,0,0,0,0,0,0
Neal Quinn,Lafayette,2019-20,0.0,29,48,0,1,11,14,15,2,11,15,29,11,20.0,24,44,0,1,8,13,9,2,2,7,19,8
Nebojsa Mickic,Thomas (GA),2019-20,20.0,1,3,0,0,0,0,0,0,0,0,2,0,14.78,1,2,0,0,1,1,0,0,0,0,1,0
Nebraska,,2019-20,0.0,0,0,0,0,0,0,0,0,0,48,23,2,0.0,0,0,0,0,0,0,0,0,0,48,21,6
Nebraska Wesleyan,,2019-20,0.0,0,0,0,0,0,0,0,0,0,2,1,0,0.0,0,0,0,0,0,0,0,0,0,0,0,0
Nebraska-Kearney,,2019-20,0.0,0,0,0,0,0,0,0,0,0,0,1,0,0.0,0,0,0,0,0,0,0,0,0,1,0,1
Ned Ogoemesim,Caldwell College,2019-20,20.0,1,7,0,1,0,0,1,1,0,0,1,1,20.0,3,6,0,1,3,4,4,0,0,2,4,0
Nedeljko Prijovic,Maine,2019-20,20.0,49,109,26,68,9,13,13,15,6,13,57,26,17.9,39,103,17,64,13,16,16,10,4,9,42,18
Nedrious Vining,Jarvis Christian,2019-20,0.0,0,0,0,0,0,0,0,0,0,0,0,0,14.53,2,2,0,0,0,0,0,0,0,0,0,0
Neema Namdar,Hawaii Pacific,2019-20,20.0,0,1,0,0,0,0,0,0,0,0,1,0,17.92,0,3,0,2,0,0,0,0,0,0,0,1
Neemias Queta,Utah State,2019-20,15.0,54,89,1,1,22,33,20,6,16,21,70,40,20.0,50,78,0,0,44,67,21,3,22,23,56,28
Nehemiah Mack,Manhattan,2019-20,20.0,16,47,14,34,11,15,25,10,0,5,33,12,19.78,14,42,11,32,9,9,43,15,1,5,24,9
Neil Green,Notre Dame de Namur,2019-20,20.0,0,1,0,1,0,0,0,0,0,0,0,0,14.63,0,0,0,0,0,0,1,0,0,0,0,0
Neil Hawkins,Centenary,2019-20,20.0,1,1,0,0,0,0,0,0,0,1,1,1,14.92,1,1,0,0,2,2,0,1,0,1,0,0
Neil O'Donnell,Concordia Illinois,2019-20,20.0,0,2,0,1,0,0,0,1,0,2,0,3,14.97,0,0,0,0,0,0,1,0,0,0,1,2
Nelly Cummings,Colgate,2019-20,20.0,53,118,21,61,18,21,23,11,0,4,24,21,20.0,52,114,27,61,42,50,28,19,0,7,23,15
Nelson Boachie-Yiadom,Davidson,2019-20,0.0,19,25,0,0,1,6,16,8,10,9,27,6,16.58,11,19,0,0,1,6,13,6,9,11,22,12
Nelson Phillips,Georgia State,2019-20,20.0,42,89,22,49,13,16,13,17,13,21,30,24,14.9,41,85,16,40,11,16,10,16,11,22,30,22
Nevada,,2019-20,0.0,0,0,0,0,0,0,0,0,0,30,25,2,0.0,0,0,0,0,0,0,0,0,0,34,22,1
Nevin Zink,South Carolina Upstate,2019-20,0.0,47,78,0,1,22,40,6,5,9,29,50,18,15.33,33,52,0,0,31,53,9,6,10,24,39,14
New Hampshire,,2019-20,0.0,0,0,0,0,0,0,0,0,0,29,25,2,0.0,0,0,0,0,0,0,0,0,0,40,30,11
New Mexico,,2019-20,0.0,0,0,0,0,0,0,0,0,0,30,38,1,0.0,0,0,0,0,0,0,0,0,0,20,31,3
New Mexico Highlands,,2019-20,0.0,0,0,0,0,0,0,0,0,0,1,1,0,0.0,0,0,0,0,0,0,0,0,0,0,0,0
New Mexico State,,2019-20,0.0,0,0,0,0,0,0,0,0,0,39,17,11,0.0,0,0,0,0,0,0,0,0,0,43,19,8
New Orleans,,2019-20,0.0,0,0,0,0,0,0,0,0,0,37,15,10,0.0,0,0,0,0,0,0,0,0,0,48,33,6
New Williams,Fresno State,2019-20,20.0,40,119,21,81,22,31,23,15,1,7,28,16,17.85,57,144,41,99,41,47,24,14,1,10,32,19
New York Institute Of Technology,,2019-20,0.0,0,0,0,0,0,0,0,0,0,4,1,0,0.0,0,0,0,0,0,0,0,0,0,3,2,0
Newberry,,2019-20,0.0,0,0,0,0,0,0,0,0,0,1,1,1,0.0,0,0,0,0,0,0,0,0,0,1,0,0
Newlon Gillihan,Millsaps,2019-20,20.0,0,2,0,1,0,0,0,0,0,0,0,0,14.93,0,0,0,0,0,0,0,0,0,0,0,0
Niagara,,2019-20,0.0,0,0,0,0,0,0,0,0,0,19,31,7,0.0,0,0,0,0,0,0,0,0,0,25,25,1
Niall Harris,Florida Tech,2019-20,20.0,0,1,0,0,1,2,1,0,0,0,0,2,17.75,0,0,0,0,0,0,0,0,0,0,0,0
Nic Lynch,Lehigh,2019-20,20.0,37,69,0,0,5,6,4,2,6,11,31,18,20.0,41,70,0,0,17,29,1,3,3,15,38,14
Nic Reed,Olivet Nazarene,2019-20,20.0,1,8,0,1,2,2,1,0,0,2,2,0,20.0,6,9,1,2,5,5,2,0,0,0,1,1
Nic Thomas,Tulane,2019-20,20.0,32,95,21,56,3,4,6,3,0,1,24,11,18.9,35,89,23,60,8,10,9,3,0,3,15,13
Nicholas Canzano,,2019-20,0.0,0,0,0,0,0,0,0,0,0,0,2,0,0.0,0,0,0,0,0,0,0,0,0,0,0,0
Nicholas DePatsy,Maine Maritime Academy,2019-20,20.0,0,1,0,1,0,0,1,0,0,0,2,2,14.78,3,5,1,2,2,2,0,0,0,0,0,0
Nicholas Kratholm,Niagara,2019-20,20.0,25,60,0,1,9,13,3,5,8,25,37,9,20.0,21,44,0,0,10,17,4,3,6,9,15,8
Nicholas Passino,IU-Northwest,2019-20,20.0,0,0,0,0,1,2,0,1,0,0,0,1,14.78,1,1,0,0,0,2,0,0,0,0,1,0
Nicholas Perez,St. Thomas (TX),2019-20,20.0,1,2,1,2,0,0,0,0,0,0,0,0,20.0,0,0,0,0,0,0,0,0,0,0,0,0
Nicholas Smith,Kentucky Christian,2019-20,20.0,2,3,1,2,0,0,0,0,0,0,2,0,14.92,0,4,0,2,0,0,0,0,0,0,3,2
Nicholls,,2019-20,0.0,0,0,0,0,0,0,0,0,0,63,29,10,0.0,0,0,0,0,0,0,0,0,0,53,27,9
Nick Antolini,Gettysburg,2019-20,20.0,3,5,0,1,1,1,0,1,0,0,4,0,17.9,1,4,0,2,0,0,1,0,0,1,3,0
Nick Blair,UNLV,2019-20,20.0,24,43,2,11,11,15,10,10,9,18,38,16,18.22,24,37,2,6,14,25,10,7,5,15,33,13
Nick Brannon,Peru State College,2019-20,20.0,3,8,1,3,0,0,0,3,0,2,5,5,14.98,0,2,0,1,2,2,0,0,0,1,1,3
Nick Caldwell,SE Louisiana,2019-20,20.0,27,72,4,33,16,22,11,7,5,13,35,17,17.97,40,73,8,22,20,32,9,19,7,10,26,9
Nick Cummings,Middle Georgia State,2019-20,20.0,0,0,0,0,0,0,1,0,0,0,0,1,19.47,0,0,0,0,0,0,0,0,0,0,0,0
Nick Drynan,Pacific Oregon,2019-20,20.0,2,3,0,1,0,0,0,1,0,2,1,0,14.8,0,1,0,0,0,0,0,1,0,0,0,1
Nick Ehko,Geneva,2019-20,20.0,0,0,0,0,0,0,1,0,0,0,0,0,14.9,0,0,0,0,0,0,0,0,0,0,0,0
Nick Eiler,Hartwick,2019-20,20.0,0,1,0,0,0,0,1,0,0,0,0,0,14.98,0,2,0,1,0,0,0,0,0,0,0,0
Nick Finke,Army,2019-20,0.0,6,10,0,0,0,4,4,1,0,10,9,5,14.97,1,2,0,0,1,3,5,0,0,0,3,2
Nick Fruscio,Albany,2019-20,0.0,1,2,0,1,0,0,3,1,0,0,1,0,20.0,0,1,0,1,0,0,0,0,0,0,0,0
Nick Gemmell,Rosemont College,2019-20,20.0,0,1,0,1,0,0,2,1,0,0,1,1,14.97,1,3,0,1,0,0,0,1,0,2,0,0
Nick Guadarrama,New Hampshire,2019-20,20.0,55,118,16,48,19,25,36,10,5,28,55,29,20.0,67,139,20,55,28,45,28,8,4,31,56,29
Nick Helton,Ferrum,2019-20,20.0,4,8,4,7,0,1,1,0,0,1,1,5,14.85,4,9,2,5,0,0,1,0,0,2,2,1
Nick Hopkins,Belmont,2019-20,20.0,28,88,18,60,11,11,20,8,1,3,23,12,20.0,24,64,15,45,9,14,18,6,0,2,20,7
Nick Huston,Idaho State,2019-20,20.0,2,6,1,5,0,0,1,0,0,1,3,0,19.82,1,1,1,1,0,0,0,0,0,1,1,0
Nick Janssen,Simpson College,2019-20,20.0,1,3,1,3,0,0,0,0,0,0,0,1,14.98,0,2,0,1,0,0,1,0,0,0,2,0
Nick Jones,Arkansas-Pine Bluff,2019-20,0.0,3,7,1,2,4,4,1,0,0,2,0,1,20.0,3,6,1,3,3,7,0,0,0,0,0,3
Nick MacDonald,Niagara,2019-20,20.0,21,49,16,43,6,6,5,6,0,1,12,8,20.0,19,45,14,35,13,13,6,4,0,4,10,2
Nick Manor-Hall,Whittier,2019-20,20.0,1,2,1,2,1,1,1,0,0,0,0,0,14.75,0,1,0,1,0,0,0,1,0,1,0,0
Nick Muszynski,Belmont,2019-20,20.0,97,170,7,23,25,35,31,8,21,23,80,35,20.0,99,152,9,20,37,59,22,4,25,19,75,29
Nick Ongenda,DePaul,2019-20,0.0,12,24,0,0,3,8,3,4,13,12,12,9,14.9,14,17,0,0,4,6,3,2,7,7,10,2
Nick Pete,Westcliff,2019-20,20.0,1,3,0,0,3,3,0,0,1,1,2,1,14.8,5,8,0,0,0,0,1,0,1,2,2,0
Nick Phillips,Loyola New Orleans,2019-20,20.0,0,1,0,0,0,0,0,0,0,0,0,1,14.77,0,0,0,0,0,0,0,0,0,0,0,0
Nick Potthoff,Whittier,2019-20,20.0,1,2,0,0,0,0,0,0,0,0,0,1,14.75,3,4,0,1,0,0,0,0,0,2,0,0
Nick Rakocevic,USC,2019-20,20.0,71,149,5,11,23,39,20,19,16,41,71,24,14.58,45,103,3,9,32,49,25,16,11,34,88,30
Nick Richards,Kentucky,2019-20,20.0,69,116,0,0,31,38,5,3,36,40,76,24,20.0,86,126,0,0,68,95,2,1,29,39,77,23
Nick Rivas,Marymount VA,2019-20,20.0,0,1,0,1,0,0,0,0,0,0,0,0,16.5,0,0,0,0,0,0,0,0,0,0,0,0
Nick Robinson,Valparaiso,2019-20,20.0,23,67,8,35,9,15,26,10,6,14,40,18,20.0,27,67,8,24,22,30,26,11,5,14,26,15
Nick Romeo,,2019-20,0.0,0,0,0,0,0,0,0,0,0,0,0,0,0.0,0,0,0,0,0,0,0,0,0,0,1,0
Nick Rusyn,Geneva,2019-20,20.0,2,2,0,0,0,0,0,1,2,0,2,1,14.9,1,1,0,0,0,1,0,0,1,0,0,0
Nick Rutherford,St. John's,2019-20,20.0,33,88,4,19,14,18,43,30,6,4,30,26,14.95,26,73,4,15,25,37,54,23,4,4,32,24
Nick Sessions,Benedictine (AZ),2019-20,20.0,1,1,0,0,0,0,0,0,2,0,1,0,14.88,0,4,0,2,0,0,0,0,0,0,1,0
Nick Sherod,Richmond,2019-20,18.47,64,140,39,80,7,9,22,17,2,8,68,16,20.0,65,139,31,76,21,26,24,9,1,11,61,10
Nick Stampley,Troy,2019-20,20.0,32,81,2,26,22,26,9,5,6,36,45,15,20.0,20,47,1,9,26,37,6,2,15,30,34,8
Nick Strawter,Saint Thomas Univers,2019-20,20.0,0,1,0,1,0,0,0,0,0,0,1,1,14.98,1,2,1,2,0,0,0,0,0,0,1,1
Nick Weatherspoon,Mississippi State,2019-20,20.0,40,101,6,17,21,25,42,11,7,2,30,26,20.0,42,87,2,14,45,54,43,8,1,8,32,32
Nico Aguirre,Idaho State,2019-20,20.0,4,12,1,7,2,3,4,3,0,0,2,8,18.73,3,9,2,4,3,3,2,0,0,1,2,5
Nico Carvacho,Colorado State,2019-20,20.0,62,129,0,0,35,81,30,15,3,50,119,43,19.97,71,116,0,0,54,97,25,8,14,45,106,39
Nico Mannion,Arizona,2019-20,20.0,67,172,22,76,27,33,70,13,0,9,40,39,14.92,64,164,23,69,68,85,84,17,0,0,30,38
Nico Rojas,Florida National,2019-20,20.0,3,4,0,0,0,0,0,0,1,0,1,3,19.92,1,2,0,0,0,0,1,0,1,0,2,0
Nicolas Elame,UT Arlington,2019-20,20.0,12,29,0,5,5,11,18,6,2,5,27,14,14.9,15,34,1,9,3,9,12,6,1,6,15,5
Nicolas Fennell,North Carolina Central,2019-20,20.0,21,49,3,14,20,24,23,15,0,13,32,18,20.0,19,44,2,12,9,15,11,8,2,13,22,11
Nicolas Matheus,Eastern New Mexico,2019-20,20.0,0,1,0,0,0,0,0,0,0,0,0,0,18.17,0,0,0,0,0,0,0,0,0,0,1,0
Nicolas Timberlake,Towson,2019-20,20.0,20,74,7,36,8,10,13,8,3,7,35,9,17.98,26,58,14,32,14,21,7,9,1,10,27,9
Nieja Jordan,Florida Tech,2019-20,20.0,0,1,0,0,0,0,0,0,0,0,1,1,17.75,2,3,0,0,0,2,0,0,1,0,0,1
Nigel Allen,Xavier LA,2019-20,20.0,1,3,0,1,0,0,1,1,1,0,1,2,17.63,1,2,1,2,0,0,1,0,0,0,0,2
Nigel Haughton,Towson,2019-20,20.0,3,3,1,1,0,0,0,1,0,1,0,0,15.02,2,7,1,4,0,0,0,0,0,0,1,1
Nigel Hawkins,UTEP,2019-20,20.0,20,47,3,14,15,17,23,14,4,4,27,15,19.28,10,32,2,11,21,30,23,6,3,2,20,13
Nigel Jackson,Wagner,2019-20,20.0,9,34,6,21,4,6,3,7,3,2,16,8,14.58,18,38,10,25,9,10,2,6,5,3,7,6
Nigel Marshall,Coppin State,2019-20,20.0,5,13,0,4,3,6,0,0,0,8,10,10,20.0,3,5,1,1,0,2,1,0,0,0,3,1
Nijal Pearson,Texas State,2019-20,20.0,94,208,30,79,47,62,38,17,3,11,52,34,14.9,84,215,33,101,70,88,29,17,5,18,66,36
Nik Mains,Northern Arizona,2019-20,20.0,18,44,8,27,10,11,6,8,1,5,34,11,14.92,17,36,5,13,7,8,4,3,1,8,18,3
Nik Popovic,Boston College,2019-20,20.0,38,86,4,20,12,17,16,15,3,11,43,17,20.0,39,93,10,22,20,32,14,6,6,13,34,21
Nikc Jackson,Air Force,2019-20,0.0,0,1,0,0,1,2,0,0,0,0,0,0,14.87,0,0,0,0,1,2,0,0,0,0,1,0
Nike Sibande,Miami (OH),2019-20,20.0,65,159,12,52,38,46,28,13,2,14,70,40,20.0,75,146,18,41,59,71,24,13,2,17,77,41
Nikkei Rutty,Monmouth,2019-20,20.0,22,44,0,0,9,28,3,5,13,25,32,12,16.48,14,25,0,0,7,25,3,5,8,17,32,9
Niklas Hester,Colorado College,2019-20,0.0,0,0,0,0,0,0,0,0,0,0,0,0,14.83,1,2,0,0,0,0,0,0,0,0,1,1
Nikola Colovic,Hartford,2019-20,0.0,0,0,0,0,0,0,0,0,0,1,0,0,17.97,1,2,0,0,0,2,1,0,0,2,2,0
Nikola Djogo,Notre Dame,2019-20,20.0,2,17,2,13,4,4,6,2,1,1,12,3,14.93,0,5,0,4,3,4,3,1,0,0,4,0
Nikola Kovacevic,Florida College,2019-20,20.0,2,2,0,0,0,0,2,0,0,1,2,0,20.0,1,1,0,0,0,0,1,1,0,1,3,0
Nikola Maric,Little Rock,2019-20,20.0,14,41,1,7,5,8,8,2,3,3,17,12,20.0,22,35,3,5,7,13,6,2,3,8,17,12
Nikos Chougkaz,Northwestern State,2019-20,20.0,43,116,10,35,21,28,20,16,10,26,73,33,14.92,47,106,8,33,17,24,10,9,8,26,63,28
Niksa Nikolic,Iona,2019-20,15.0,4,8,0,0,0,0,0,1,2,7,5,2,20.0,4,6,0,0,1,2,0,1,1,3,3,3
Nisre Zouzoua,Nevada,2019-20,20.0,59,123,31,65,19,24,28,6,1,6,26,14,20.0,33,93,19,54,26,29,20,6,3,5,33,15
Niven Hart,Fresno State,2019-20,20.0,34,80,15,44,11,21,3,3,3,11,24,14,17.85,37,82,15,35,16,27,5,4,1,8,12,14
Noah Back,Kentucky Christian,2019-20,20.0,2,9,2,7,0,0,0,0,0,0,0,0,14.92,2,5,2,4,0,0,0,0,0,0,0,0
Noah Baylor,Central Pennsylvania College,2019-20,20.0,9,16,0,0,1,2,1,2,1,2,13,3,14.93,6,12,0,0,0,2,1,1,1,5,3,6
Noah Bigirumwami,Chicago State,2019-20,0.0,7,20,1,5,10,13,6,2,1,10,12,15,14.9,4,9,0,2,2,3,4,1,1,4,11,5
Noah Blackwell,Fresno State,2019-20,17.9,34,84,24,63,4,7,30,7,0,5,27,12,20.0,24,59,16,41,15,16,29,7,2,3,19,12
Noah Carter,Northern Iowa,2019-20,20.0,27,45,11,28,7,8,3,2,1,6,20,5,20.0,13,25,8,17,1,1,1,2,1,3,12,3
Noah Caudill,Alice Lloyd College,2019-20,0.0,0,0,0,0,0,0,0,0,0,1,1,1,14.78,0,3,0,0,0,0,0,0,1,1,2,0
Noah Cunningham,Brescia,2019-20,20.0,2,6,2,4,0,0,0,2,0,0,0,0,14.97,0,0,0,0,0,0,0,0,0,0,0,0
Noah Damazo,Geneva,2019-20,20.0,3,5,0,1,0,0,1,2,0,0,2,5,14.9,2,3,1,2,0,0,1,0,0,0,0,2
Noah Fernandes,Wichita State,2019-20,20.0,7,24,6,14,1,2,14,9,2,3,8,10,20.0,3,14,0,6,2,2,9,3,0,0,2,5
Noah Fernando,Westmont,2019-20,20.0,0,1,0,1,0,0,0,0,0,0,0,0,17.72,0,1,0,0,0,0,1,0,0,1,0,0
Noah Frederking,Evansville,2019-20,20.0,30,82,21,59,4,4,9,5,2,5,23,11,20.0,27,76,18,54,4,9,11,5,0,6,19,8
Noah Freidel,South Dakota State,2019-20,20.0,43,110,24,66,25,29,14,7,3,8,49,28,19.45,59,130,29,76,32,39,29,8,6,14,43,18
Noah Gear,Cornell,2019-20,20.0,1,1,0,0,0,0,0,0,0,0,1,1,16.68,0,0,0,0,0,0,0,0,0,0,0,0
Noah Gurley,Furman,2019-20,20.0,82,161,13,27,31,49,33,18,14,24,59,49,20.0,86,155,10,28,54,73,25,10,8,16,47,33
Noah Kamba,Murray State,2019-20,0.0,1,1,0,0,0,0,0,1,0,0,3,1,14.92,3,4,1,2,0,0,4,0,0,0,1,3
Noah Kirkwood,Harvard,2019-20,20.0,49,115,16,48,23,35,24,14,5,6,40,31,14.62,55,112,18,44,19,32,30,13,1,7,36,32
Noah Locke,Florida,2019-20,20.0,60,143,41,97,9,13,14,11,0,6,37,12,17.93,53,119,37,82,10,13,7,9,1,1,30,12
Noah McCarty,Northern Illinois,2019-20,20.0,15,53,2,14,11,22,17,5,0,25,46,21,19.28,38,74,11,29,8,20,23,4,4,13,57,20
Noah Mitchell,,2019-20,10.65,0,1,0,1,0,0,0,0,0,0,0,0,0.0,0,0,0,0,0,1,0,0,0,0,2,0
Noah Morgan,Eastern Michigan,2019-20,20.0,36,121,12,50,20,32,25,23,6,7,42,44,14.9,64,138,24,61,62,87,19,19,0,6,34,36
Noah Olsen,Walla Walla University,2019-20,20.0,0,1,0,1,0,0,1,0,0,0,0,0,14.93,0,0,0,0,0,0,0,0,0,0,0,1
Noah Pedelty,Cincinnati Clermont,2019-20,20.0,2,4,1,2,1,1,1,0,1,0,3,2,14.87,4,6,2,3,2,5,2,1,0,1,2,0
Noah Plain,,2019-20,12.57,1,1,0,0,0,0,0,0,0,0,1,0,0.0,0,1,0,1,0,0,1,0,0,0,2,0
Noah Rivera,Misericordia,2019-20,20.0,1,4,0,0,0,0,1,1,2,2,6,2,17.58,1,5,0,0,5,6,0,0,1,0,3,1
Noah Rodriguez,Texas Lutheran,2019-20,0.0,2,6,2,3,0,0,0,0,0,1,1,1,14.9,0,2,0,2,0,0,0,0,0,0,0,3
Noah Saunders,Campbell,2019-20,20.0,2,7,1,2,0,0,5,2,1,6,7,5,18.32,0,0,0,0,0,0,0,0,0,0,2,1
Noah Sekinger,Texas Lutheran,2019-20,20.0,1,2,0,0,2,2,0,0,2,2,1,1,15.82,0,0,0,0,0,0,0,0,0,0,0,0
Noah Smith,Averett,2019-20,0.0,0,0,0,0,0,0,0,0,0,0,0,0,14.7,4,5,0,0,0,0,0,0,0,1,0,0
Noah Thomas,Drake,2019-20,20.0,40,91,16,38,4,8,30,11,0,0,25,39,15.35,29,73,8,28,7,14,24,8,2,4,15,13
Noah Thomasson,Houston Baptist,2019-20,20.0,13,27,2,4,7,11,2,3,0,0,14,9,14.93,13,22,2,5,3,5,6,4,0,1,7,4
Noah Valasek,Nebraska Kearney,2019-20,20.0,0,1,0,1,0,0,2,1,0,0,0,0,17.83,0,0,0,0,0,0,1,1,0,0,0,0
Noah Valencia,Gallaudet University,2019-20,20.0,0,10,0,8,0,0,0,1,0,1,3,1,14.92,3,7,2,6,0,0,0,0,0,0,1,0
Noah Vasa,Peru State College,2019-20,20.0,1,2,0,1,1,2,0,0,3,2,2,0,14.98,0,2,0,2,0,0,0,2,0,0,0,0
Noah Waterman,Niagara,2019-20,20.0,8,17,2,6,2,3,2,1,1,3,7,6,20.0,7,14,2,4,5,12,3,0,2,1,8,1
Noah Williams,Washington State,2019-20,20.0,29,72,1,12,20,27,23,13,4,10,35,26,15.05,27,74,3,13,27,38,26,10,4,19,30,20
Noah Young,Alice Lloyd College,2019-20,20.0,3,10,0,1,2,4,2,0,0,0,2,5,14.85,3,11,0,2,1,1,2,0,0,0,1,3
Nobal Days,Tulane,2019-20,0.0,17,32,2,13,9,14,2,9,11,14,25,14,17.97,15,36,2,4,5,9,5,7,11,30,30,10
Noel Coleman,San Diego,2019-20,19.98,13,29,6,13,5,5,7,4,0,4,4,10,20.0,6,18,2,9,5,6,10,5,0,2,7,3
Noel Jones,Texas A&M-International,2019-20,20.0,0,1,0,1,0,0,0,0,0,0,0,2,14.93,0,1,0,1,0,0,0,0,0,0,0,1
Noel Pinnock,Coker,2019-20,20.0,4,11,0,4,1,1,0,0,1,2,6,4,17.92,1,3,0,1,0,0,0,0,0,1,3,2
Nojel Eastern,Purdue,2019-20,20.0,29,74,0,1,5,7,40,18,4,17,45,26,16.57,33,77,0,2,6,18,34,10,1,22,34,17
Nolan Bertain,Texas A&M-CC,2019-20,20.0,26,73,17,58,0,0,15,4,1,7,26,15,14.82,26,66,21,57,3,10,10,6,2,3,15,12
Nolan Black,Whittier,2019-20,20.0,1,1,0,0,0,0,1,0,0,0,0,0,14.75,1,1,0,0,0,0,0,1,0,0,0,0
Nolan Foster,Ohio,2019-20,20.0,19,39,1,4,3,6,3,0,4,7,18,10,17.87,6,14,1,1,8,14,1,0,3,4,13,4
Nolan Lamb,,2019-20,0.0,0,0,0,0,0,0,0,0,0,0,1,0,0.0,0,0,0,0,0,0,0,0,0,0,1,0
Nolan Narain,San Diego State,2019-20,19.98,8,13,1,3,2,4,1,1,0,1,11,3,14.97,2,4,0,0,2,5,2,1,1,2,7,8
Nolan Taylor,Cal Poly,2019-20,0.0,15,38,0,1,7,14,3,2,2,12,13,7,17.95,9,26,0,0,12,16,2,1,0,5,7,2
Norell Smith,Indiana South Bend,2019-20,20.0,0,2,0,2,0,0,0,1,0,0,2,1,17.2,0,1,0,1,0,0,0,0,0,0,0,0
Norfolk State,,2019-20,0.0,0,0,0,0,0,0,0,0,0,24,22,12,0.0,0,0,0,0,0,0,0,0,0,25,14,6
Norris Gardner,Mid-Atlantic Christian University,2019-20,20.0,1,4,0,0,0,0,2,0,0,1,0,4,14.95,7,12,3,5,3,6,1,4,0,3,4,6
North Alabama,,2019-20,0.0,0,0,0,0,0,0,0,0,0,44,28,6,0.0,0,0,0,0,0,0,0,0,0,41,23,10
North Carolina,,2019-20,0.0,0,0,0,0,0,0,0,0,0,31,32,5,0.0,0,0,0,0,0,0,0,0,0,35,23,4
North Carolina A&T,,2019-20,0.0,0,0,0,0,0,0,0,0,0,24,20,3,0.0,0,0,0,0,0,0,0,0,0,20,19,4
North Carolina Central,,2019-20,0.0,0,0,0,0,0,0,0,0,0,29,21,7,0.0,0,0,0,0,0,0,0,0,0,25,26,6
North Dakota,,2019-20,0.0,0,0,0,0,0,0,0,0,0,22,21,6,0.0,0,0,0,0,0,0,0,0,0,39,18,5
North Dakota State,,2019-20,0.0,0,0,0,0,0,0,0,0,0,20,26,6,0.0,0,0,0,0,0,0,0,0,0,30,15,4
North Florida,,2019-20,0.0,0,0,0,0,0,0,0,0,0,22,24,3,0.0,0,0,0,0,0,0,0,0,0,30,19,5
North Greenville,,2019-20,0.0,0,0,0,0,0,0,0,0,0,1,1,0,0.0,0,0,0,0,0,0,0,0,0,0,1,2
North Park,,2019-20,0.0,0,0,0,0,0,0,0,0,0,0,0,0,0.0,0,0,0,0,0,0,0,0,0,0,1,1
North Texas,,2019-20,0.0,0,0,0,0,0,0,0,0,0,40,22,15,0.0,0,0,0,0,0,0,0,0,0,45,22,9
Northeastern,,2019-20,0.0,0,0,0,0,0,0,0,0,0,20,17,5,0.0,0,0,0,0,0,0,0,0,0,25,18,1
Northern Arizona,,2019-20,0.0,0,0,0,0,0,0,0,0,0,24,24,8,0.0,0,0,0,0,0,0,0,0,0,29,18,4
Northern Colorado,,2019-20,0.0,0,0,0,0,0,0,0,0,0,30,18,4,0.0,0,0,0,0,0,0,0,0,0,37,16,6
Northern Illinois,,2019-20,0.0,0,0,0,0,0,0,0,0,0,30,28,8,0.0,0,0,0,0,0,0,0,0,0,38,25,11
Northern Iowa,,2019-20,0.0,0,0,0,0,0,0,0,0,0,30,32,8,0.0,0,0,0,0,0,0,0,0,0,24,29,5
Northern Kentucky,,2019-20,0.0,0,0,0,0,0,0,0,0,0,36,22,6,0.0,0,0,0,0,0,0,0,0,0,28,23,15
Northland,,2019-20,0.0,0,0,0,0,0,0,0,0,0,1,0,1,0.0,0,0,0,0,0,0,0,0,0,1,3,0
Northwestern,,2019-20,0.0,0,0,0,0,0,0,0,0,0,34,38,5,0.0,0,0,0,0,0,0,0,0,0,43,28,3
Northwestern Ohio,,2019-20,0.0,0,0,0,0,0,0,0,0,0,0,1,0,0.0,0,0,0,0,0,0,0,0,0,1,0,1
Northwestern State,,2019-20,0.0,0,0,0,0,0,0,0,0,0,52,34,4,0.0,0,0,0,0,0,0,0,0,0,46,30,9
Notre Dame,,2019-20,0.0,0,0,0,0,0,0,0,0,0,19,32,2,0.0,0,0,0,0,0,0,0,0,0,26,22,3
Notre Dame de Namur,,2019-20,0.0,0,0,0,0,0,0,0,0,0,0,2,0,0.0,0,0,0,0,0,0,0,0,0,2,1,0
Nygal Russell,SE Missouri St,2019-20,20.0,31,72,14,34,7,10,19,12,2,4,31,27,17.82,29,70,9,32,15,20,18,7,0,6,36,15
Nygil Carr,St. Katherine,2019-20,20.0,2,6,1,3,3,3,3,0,0,0,5,4,14.85,0,0,0,0,0,2,2,0,0,0,1,2
Nyzaiah Chambers,Norfolk State,2019-20,20.0,4,10,0,0,0,2,0,0,0,5,3,1,14.92,2,4,0,0,4,6,0,0,2,2,5,3
O'Nandi Brooks,Peru State College,2019-20,20.0,0,1,0,0,0,0,0,1,0,1,3,4,14.88,1,1,0,0,0,0,0,0,0,0,0,2
O'Showen Williams,Appalachian State,2019-20,20.0,62,151,33,97,18,27,34,23,1,2,51,24,20.0,56,136,27,77,36,55,31,29,3,10,54,25
Oakland,,2019-20,0.0,0,0,0,0,0,0,0,0,0,38,31,6,0.0,0,0,0,0,0,0,0,0,0,53,27,5
Oakland City,,2019-20,0.0,0,0,0,0,0,0,0,0,0,2,0,0,0.0,0,0,0,0,0,0,0,0,0,1,1,0
Obadiah Noel,UMass Lowell,2019-20,20.0,72,161,20,46,26,47,45,21,7,14,44,43,18.8,85,173,17,53,106,145,28,26,5,21,62,43
Oberlin,,2019-20,0.0,0,0,0,0,0,0,0,0,0,0,2,0,0.0,0,0,0,0,0,0,0,0,0,0,1,1
Obi Toppin,Dayton,2019-20,20.0,121,198,21,56,46,57,34,22,21,18,99,35,20.0,118,180,11,25,49,80,28,8,17,19,90,33
Obim Okeke,Baylor,2019-20,0.0,0,0,0,0,0,0,0,0,0,0,0,0,14.92,0,0,0,0,0,0,1,0,0,0,0,0
Ochai Agbaji,Kansas,2019-20,20.0,57,143,21,75,11,16,38,23,5,20,45,31,20.0,56,123,23,60,20,30,22,16,3,15,45,25
Octavian Arnold,Martin Methodist,2019-20,20.0,2,3,1,2,0,0,0,0,0,0,0,1,17.83,2,5,2,5,0,0,1,0,0,0,1,1
Octavion Corley,East Tennessee State,2019-20,0.0,3,4,0,0,2,2,0,6,4,2,8,4,14.9,2,3,0,0,0,0,0,1,5,2,3,2
Oddyst Walker,Stephen F. Austin,2019-20,20.0,12,40,7,27,0,2,9,13,2,2,9,11,20.0,10,33,7,24,7,12,5,5,2,4,3,10
Odell Wilson,North Dakota State,2019-20,20.0,1,3,0,0,0,0,0,0,0,1,1,1,14.95,1,1,0,0,0,0,0,0,0,0,0,1
Odera Nwobi,Simpson University,2019-20,20.0,1,2,0,0,0,0,0,0,0,0,0,1,14.93,0,0,0,0,0,0,0,0,1,0,1,0
Ody Oguama,Wake Forest,2019-20,20.0,17,32,0,1,14,20,3,5,14,29,40,18,20.0,12,22,0,0,13,21,0,4,9,17,31,7
Ohio,,2019-20,0.0,0,0,0,0,0,0,0,0,0,33,41,9,0.0,0,0,0,0,0,0,0,0,0,56,31,4
Ohio Northern,,2019-20,0.0,0,0,0,0,0,0,0,0,0,1,0,0,0.0,0,0,0,0,0,0,0,0,0,0,1,0
Ohio State,,2019-20,0.0,0,0,0,0,0,0,0,0,0,35,28,13,0.0,0,0,0,0,0,0,0,0,0,27,26,7
Ohio-Chillicothe,,2019-20,0.0,0,0,0,0,0,0,0,0,0,0,0,1,0.0,0,0,0,0,0,0,0,0,0,0,0,0
Oklahoma,,2019-20,0.0,0,0,0,0,0,0,0,0,0,32,27,3,0.0,0,0,0,0,0,0,0,0,0,23,31,7
Oklahoma Christian,,2019-20,0.0,0,0,0,0,0,0,0,0,0,0,1,0,0.0,0,0,0,0,0,0,0,0,0,1,0,1
Oklahoma State,,2019-20,0.0,0,0,0,0,0,0,0,0,0,39,30,8,0.0,0,0,0,0,0,0,0,0,0,44,17,6
Okoye Taylor,Bryn Athyn,2019-20,20.0,0,3,0,0,0,0,0,1,0,0,1,0,15.02,0,2,0,2,0,0,0,0,0,0,0,0
Ola Olamuyiwa,Central Connecticut,2019-20,20.0,4,7,0,0,2,2,1,2,1,0,4,1,14.97,0,1,0,0,0,0,0,0,0,0,0,1
Olamide Pedersen,Youngstown St,2019-20,0.0,2,8,0,0,2,3,1,0,2,3,4,0,20.0,1,3,0,0,0,1,2,0,1,0,2,0
Old Dominion,,2019-20,0.0,0,0,0,0,0,0,0,0,0,32,15,7,0.0,0,0,0,0,0,0,0,0,0,29,15,6
Ole Miss,,2019-20,0.0,0,0,0,0,0,0,0,0,0,31,36,6,0.0,0,0,0,0,0,0,0,0,0,30,29,10
Olelekan George,Concordia University (WI),2019-20,20.0,3,7,0,1,1,1,0,1,0,2,1,2,18.85,2,3,0,1,4,5,0,1,0,0,1,2
Olisa Akonobi,Morehouse College,2019-20,20.0,1,3,0,0,2,2,0,0,0,0,0,0,14.9,0,0,0,0,0,0,2,0,4,0,2,1
Olisa Ngonadi,Robert Morris,2019-20,20.0,0,1,0,0,0,0,1,0,2,2,2,0,15.4,0,0,0,0,0,0,0,0,0,0,0,1
Oliver Clingain,Hiram,2019-20,20.0,1,3,1,3,0,0,0,0,0,0,1,1,14.98,1,1,1,1,0,0,0,0,0,0,3,1
Oliver Gehrke,UC Davis,2019-20,0.0,0,3,0,2,0,0,0,1,0,0,0,1,14.92,1,2,1,1,1,2,1,0,0,0,1,1
Oliver Powell,Louisiana Tech,2019-20,0.0,7,17,1,2,3,10,15,7,6,11,29,9,14.82,4,11,0,2,8,12,3,3,0,8,19,5
Olivet Nazarene,,2019-20,0.0,0,0,0,0,0,0,0,0,0,2,1,1,0.0,0,0,0,0,0,0,0,0,0,2,0,1
Olivier Nkamhoua,Tennessee,2019-20,20.0,18,41,1,5,14,19,9,1,9,14,30,16,16.22,16,23,0,0,3,10,1,3,6,15,23,11
Olivier Sarr,Wake Forest,2019-20,20.0,61,114,1,5,63,75,15,6,16,32,89,23,20.0,71,130,0,2,63,91,12,6,18,42,94,23
Olufemi Boko,Piedmont International,2019-20,20.0,0,1,0,1,0,0,0,0,0,0,0,2,15.1,0,0,0,0,0,0,1,0,0,0,0,2
Omaha,,2019-20,0.0,0,0,0,0,0,0,0,0,0,24,20,12,0.0,0,0,0,0,0,0,0,0,0,38,27,7
Omar Croskey,South Carolina State,2019-20,0.0,0,0,0,0,0,0,0,0,0,0,0,0,19.7,0,1,0,1,0,0,0,0,0,0,0,1
Omar Habwe,Mt. St. Mary's,2019-20,20.0,34,82,16,46,10,19,10,4,2,14,30,19,18.9,25,59,12,34,13,17,11,6,4,8,32,16
Omar Lo,California Baptist,2019-20,20.0,16,20,0,0,9,14,6,2,2,8,19,7,15.52,10,13,0,0,4,14,4,1,0,10,15,5
Omar Payne,Florida,2019-20,20.0,31,47,0,0,8,22,5,4,22,31,27,11,17.93,16,32,0,0,5,11,1,4,10,22,20,6
Omar Silverio,Hofstra,2019-20,0.0,20,51,12,34,3,7,6,5,0,0,18,6,20.0,5,27,2,14,2,2,4,3,1,3,6,10
Omari Moore,San José St,2019-20,0.0,31,55,4,16,14,17,35,16,6,7,31,28,20.0,21,50,3,13,8,13,18,12,7,7,20,19
Omari Peek-Green,Delaware State,2019-20,20.0,20,52,7,25,3,3,7,6,3,10,33,15,19.78,14,38,8,20,7,12,3,4,5,6,18,10
Omer Yurtseven,Georgetown,2019-20,20.0,64,132,2,7,29,38,9,6,15,48,69,27,18.9,78,141,1,5,29,39,20,5,16,36,70,24
Onno Steger,Western Carolina,2019-20,20.0,44,102,30,68,20,23,12,6,2,16,34,21,18.05,41,92,25,61,30,41,19,8,3,16,33,15
Onyebuchi Ezeakudo,Pittsburgh,2019-20,20.0,0,2,0,1,0,0,2,2,0,1,4,2,19.35,0,0,0,0,0,0,0,1,0,0,0,1
Onyeka Okongwu,USC,2019-20,20.0,73,131,1,3,32,53,15,15,32,43,63,21,14.58,74,107,0,1,56,68,10,16,35,35,64,26
Onyi Eyisi,Fordham,2019-20,20.0,25,57,0,0,19,28,7,5,10,15,34,10,20.0,21,45,0,0,17,25,0,5,11,22,41,11
Opong Bramble,New York Institute of Technology,2019-20,20.0,1,2,0,0,1,2,0,0,0,1,1,1,14.97,0,1,0,0,0,0,0,0,0,0,0,0
Oral Roberts,,2019-20,0.0,0,0,0,0,0,0,0,0,0,19,23,4,0.0,0,0,0,0,0,0,0,0,0,29,15,5
Oregon,,2019-20,0.0,0,0,0,0,0,0,0,0,0,21,16,9,0.0,0,0,0,0,0,0,0,0,0,17,20,6
Oregon State,,2019-20,0.0,0,0,0,0,0,0,0,0,0,43,22,3,0.0,0,0,0,0,0,0,0,0,0,45,23,10
Orion Monford,Central State (OH),2019-20,20.0,1,3,0,2,0,0,0,1,0,0,0,0,14.88,0,5,0,3,0,0,0,0,0,0,1,0
Orlando Ashford II,Oberlin College,2019-20,0.0,0,0,0,0,0,0,0,0,0,0,0,0,14.98,0,1,0,1,0,0,0,0,0,0,0,1
Orlando Robinson,Fresno State,2019-20,20.0,63,128,5,25,32,42,24,11,15,36,57,29,17.85,54,103,5,20,50,73,18,12,13,25,67,24
Orry Clements-Owens,Piedmont,2019-20,20.0,2,4,2,2,2,2,3,0,0,0,2,3,14.97,3,8,2,4,0,0,0,0,0,0,2,1
Osa Wilson,Southern,2019-20,20.0,2,7,0,1,2,4,0,2,0,0,0,1,15.83,1,4,0,0,1,2,0,0,0,5,2,0
Osasumwen Osaghae,Florida International,2019-20,20.0,66,101,1,3,39,60,9,11,40,35,68,24,20.0,61,86,1,3,29,41,5,7,43,45,55,20
Osaze Thornton,Rosemont College,2019-20,20.0,3,7,1,2,0,0,0,0,0,1,3,0,14.97,1,4,0,1,0,0,0,2,1,0,3,2
Oscar Kao,,2019-20,5.53,12,42,2,9,8,8,14,8,0,5,11,15,0.0,12,36,2,8,1,5,9,3,0,0,4,7
Oscar Lopez Jr,DePaul,2019-20,20.0,0,0,0,0,0,0,9,0,0,0,0,0,20.0,0,0,0,0,0,0,4,0,0,0,0,0
Oscar Lopez Jr.,DePaul,2019-20,20.0,4,16,0,2,3,5,2,1,0,3,12,6,19.22,0,7,0,2,1,2,3,1,1,0,5,8
Oscar Okeke,Fairleigh Dickinson,2019-20,20.0,2,6,0,0,0,0,0,1,1,3,2,4,16.77,2,3,0,0,0,1,0,0,3,4,3,0
Oscar Tshiebwe,West Virginia,2019-20,20.0,64,115,0,0,41,60,6,13,16,66,71,25,17.93,53,96,0,1,56,76,4,9,15,54,83,21
Oscar da Silva,Stanford,2019-20,20.0,99,167,8,23,34,42,29,19,15,23,59,39,16.37,80,132,5,17,66,86,18,16,10,21,72,33
Osi Nwachukwu,Sacramento State,2019-20,20.0,28,66,1,5,18,27,9,15,7,22,32,16,14.93,32,69,3,10,23,33,9,21,4,17,19,15
Osinachi Smart,Charleston,2019-20,0.0,25,40,0,0,14,22,5,9,4,31,39,6,15.33,12,26,0,0,12,18,4,14,7,20,38,10
Osun Osunniyi,St. Bonaventure,2019-20,20.0,48,74,0,0,14,23,11,9,27,19,71,21,17.87,52,84,0,0,20,34,17,6,31,34,66,8
Othello Smith,,2019-20,0.0,0,0,0,0,0,0,0,0,0,0,1,0,0.0,0,0,0,0,0,0,0,0,0,0,0,1
Oton Jankovic,Vanderbilt,2019-20,20.0,3,15,1,7,0,2,2,4,1,5,9,8,17.82,0,1,0,1,2,3,1,0,1,2,3,1
Ottawa (AZ),,2019-20,0.0,0,0,0,0,0,0,0,0,0,0,2,0,0.0,0,0,0,0,0,0,0,0,0,0,2,0
Our Lady Of The Lake,,2019-20,0.0,0,0,0,0,0,0,0,0,0,5,0,0,0.0,0,0,0,0,0,0,0,0,0,1,1,0
Ousmane Ndim,Long Island University,2019-20,0.0,0,0,0,0,0,2,0,0,3,1,2,2,15.0,0,2,0,1,2,2,0,0,3,1,0,0
Owen Aschieris,TCU,2019-20,20.0,0,0,0,0,0,0,1,0,0,0,1,0,19.93,0,0,0,0,0,0,0,0,0,0,0,0
Owen Bradford,Valley Forge,2019-20,20.0,1,3,1,1,0,0,0,0,0,0,1,0,14.83,0,2,0,1,0,0,0,0,0,0,0,1
Owen Galvin,Rhodes College,2019-20,20.0,0,2,0,0,0,0,1,0,0,0,2,1,14.93,1,4,0,2,0,0,0,0,0,0,1,1
Owen Hiegel,Defiance,2019-20,0.0,0,0,0,0,0,0,0,0,0,0,0,2,14.92,1,1,1,1,0,0,0,0,0,0,0,0
Owen Hulland,Hawai'i,2019-20,20.0,6,14,4,8,0,0,0,0,0,1,8,5,20.0,2,7,0,4,0,0,1,0,0,2,2,2
Owen Kennedy,Christendom,2019-20,20.0,3,9,0,0,0,1,0,4,1,0,4,2,14.98,0,4,0,0,0,4,1,2,2,0,1,1
Owen King,South Dakota State,2019-20,20.0,1,7,0,6,0,0,2,2,0,0,9,0,19.45,2,8,2,7,2,2,1,0,0,1,4,2
Owen Long,Maryville University,2019-20,20.0,1,4,0,2,0,0,0,0,0,0,0,1,14.77,1,2,0,1,0,0,0,0,0,0,2,0
Owen McCormack,Presbyterian,2019-20,0.0,20,53,9,28,8,10,9,8,3,12,29,21,14.68,29,63,15,39,10,13,8,4,4,13,23,10
Owen McGlashan,Denver,2019-20,0.0,0,0,0,0,0,0,0,0,0,0,1,2,14.82,2,4,1,1,3,4,0,0,0,3,2,1
Owen Mcglashan,,2019-20,0.0,0,0,0,0,0,0,0,0,0,0,0,0,0.0,0,0,0,0,0,0,0,0,0,0,1,2
Ozante Fields,South Carolina State,2019-20,20.0,7,15,0,1,2,2,1,2,1,8,7,3,14.73,6,17,0,0,8,14,1,2,3,6,6,4
P.J. Byrd,Colorado State,2019-20,0.0,1,2,1,1,2,2,0,0,0,0,0,0,14.95,1,5,1,3,0,0,0,1,0,1,3,2
P.J. Hardy,Louisiana,2019-20,15.0,38,92,25,67,13,17,0,5,2,4,14,17,20.0,31,88,26,67,14,21,0,4,1,2,16,11
P.J. Henry,Hartford,2019-20,0.0,14,40,1,7,9,14,0,7,0,5,15,9,17.95,17,41,0,8,5,8,0,7,0,1,15,10
P.J. Horne,Virginia Tech,2019-20,20.0,50,113,23,69,2,7,3,15,12,15,54,20,20.0,40,88,21,57,10,12,1,7,9,9,53,9
PJ Byrd,Colorado State,2019-20,0.0,0,0,0,0,0,0,0,0,0,0,0,0,20.0,0,0,0,0,0,0,2,0,0,0,0,0
PJ Fuller,TCU,2019-20,20.0,33,92,12,39,4,8,29,9,7,4,18,33,17.17,27,76,5,25,20,21,13,9,6,6,24,20
PJ Hardy,Louisiana,2019-20,15.0,0,0,0,0,0,0,19,0,0,0,0,0,20.0,0,0,0,0,0,0,13,0,0,0,0,0
PJ Henry,Hartford,2019-20,20.0,0,0,0,0,0,0,14,0,0,0,0,0,17.95,0,0,0,0,0,0,6,0,0,0,0,0
PJ Horne,Virginia Tech,2019-20,20.0,0,0,0,0,0,0,5,0,0,0,0,0,20.0,0,0,0,0,0,0,2,0,0,0,0,0
PJ Mitchell,Central Michigan,2019-20,0.0,0,0,0,0,0,0,0,0,0,0,0,2,14.87,1,4,0,0,0,0,0,1,0,0,2,1
PJ Pipes,Green Bay,2019-20,20.0,39,97,24,57,10,12,35,21,1,6,45,13,16.57,55,112,30,61,24,30,34,15,0,4,33,16
Pacific,,2019-20,0.0,0,0,0,0,0,0,0,0,0,37,26,10,0.0,0,0,0,0,0,0,0,0,0,59,23,12
Pacific (OR),,2019-20,0.0,0,0,0,0,0,0,0,0,0,1,2,0,0.0,0,0,0,0,0,0,0,0,0,2,0,0
Pacific Lutheran,,2019-20,0.0,0,0,0,0,0,0,0,0,0,4,1,0,0.0,0,0,0,0,0,0,0,0,0,2,1,0
Pacific Union,,2019-20,0.0,0,0,0,0,0,0,0,0,0,1,1,0,0.0,0,0,0,0,0,0,0,0,0,2,1,1
Padyn Borders,Peru State College,2019-20,0.0,0,0,0,0,0,0,0,0,0,0,0,0,14.88,0,0,0,0,0,0,2,0,0,0,0,0
Palm Beach Atlantic,,2019-20,0.0,0,0,0,0,0,0,0,0,0,1,2,0,0.0,0,0,0,0,0,0,0,0,0,2,1,0
Palmer Chaplin,,2019-20,2.55,1,10,0,3,3,3,2,1,0,1,2,3,0.0,2,7,1,4,1,2,2,1,0,0,2,1
Pape Diop,SE Louisiana,2019-20,20.0,46,91,1,15,49,80,5,13,3,29,44,30,17.97,49,88,1,5,54,82,6,11,2,22,47,25
Paris Austin,California,2019-20,20.0,45,117,3,14,22,26,33,13,1,8,31,38,17.72,32,85,1,8,61,73,31,12,1,2,30,29
Parish Hodby,Trinity Baptist,2019-20,20.0,2,4,0,0,0,0,0,0,0,0,1,3,14.98,2,3,0,1,0,0,0,0,0,0,4,3
Parker Braun,Missouri,2019-20,20.0,4,5,0,0,2,3,3,1,6,7,6,5,17.8,5,6,0,1,0,2,2,0,5,0,5,3
Parker Dortch,Loyola Marymount,2019-20,20.0,37,76,9,28,14,21,6,9,3,11,39,21,14.8,17,48,3,20,20,28,4,6,4,10,25,18
Parker Fox,Clemson,2019-20,0.0,0,0,0,0,0,0,0,0,0,0,0,0,17.7,0,0,0,0,0,0,1,0,0,0,0,0
Parker Haven,Menlo,2019-20,20.0,2,3,1,1,0,0,0,0,0,0,1,0,17.82,0,0,0,0,0,0,0,0,0,0,0,0
Parker Hazen,Lipscomb,2019-20,20.0,27,57,3,8,14,21,14,3,2,22,60,25,14.93,18,49,2,9,16,23,8,5,3,17,39,16
Parker Lange,Simpson College,2019-20,20.0,1,3,0,1,0,0,2,1,0,0,0,0,14.98,0,0,0,0,0,0,0,0,0,0,0,0
Parker Long,Maryville University,2019-20,20.0,5,10,1,5,5,5,0,0,0,0,5,4,14.77,4,9,1,1,3,4,3,0,0,0,4,1
Parker Omslaer,Gordon College,2019-20,20.0,3,3,0,0,1,1,1,0,0,0,0,0,20.0,4,5,1,1,1,2,0,0,1,0,4,0
Parker Stewart,UT Martin,2019-20,20.0,68,178,31,101,36,43,43,9,7,4,48,43,14.88,79,178,34,88,53,71,48,11,3,13,39,31
Parrish Hobdy,Trinity Baptist,2019-20,20.0,2,9,1,4,2,3,0,1,0,1,10,0,14.93,3,7,1,3,0,0,1,0,0,0,1,2
Pat Andree,NC State,2019-20,18.08,23,67,20,54,12,15,2,8,3,8,19,3,20.0,12,45,9,33,7,8,3,3,1,4,26,6
Pat Bacon,Tampa,2019-20,20.0,5,11,0,3,0,0,1,0,0,0,0,2,14.97,0,2,0,1,3,3,0,1,0,0,0,2
Pat Dembley,,2019-20,1.05,4,13,3,10,1,2,6,0,0,0,2,5,0.0,4,8,2,5,0,0,1,0,0,1,1,4
Pat Goralski,Goucher,2019-20,20.0,1,6,0,0,1,2,3,0,0,0,4,3,14.88,0,2,0,0,0,0,0,0,1,0,0,1
Pat Holden,Widener,2019-20,20.0,0,4,0,1,0,0,0,1,0,0,1,0,14.8,0,3,0,2,0,0,0,0,0,1,0,0
Pat McNamara,Spring Hill,2019-20,20.0,2,7,2,7,0,0,0,0,0,0,1,1,14.87,0,2,0,2,0,0,0,0,0,0,0,1
Pat Spencer,Northwestern,2019-20,20.0,52,122,4,20,23,28,52,9,3,5,54,31,20.0,53,129,5,26,39,49,55,14,3,12,44,34
Patrick Bray,Trinity (IL),2019-20,20.0,0,5,0,5,0,0,0,0,0,0,2,4,14.88,0,2,0,1,0,0,0,0,0,0,0,0
Patrick Casey,,2019-20,0.0,0,0,0,0,0,0,0,0,0,0,0,0,0.0,0,0,0,0,0,0,0,0,0,0,0,1
Patrick Devitt,,2019-20,0.0,0,0,0,0,0,0,0,0,0,0,0,1,0.0,0,0,0,0,0,0,0,0,0,0,0,0
Patrick Dorsey,Navy,2019-20,20.0,2,7,2,6,1,2,1,1,0,3,6,0,14.58,1,1,1,1,0,0,0,0,0,0,0,0
Patrick Douthit,Misericordia,2019-20,20.0,0,1,0,1,0,0,0,0,0,0,0,0,17.58,0,2,0,2,0,0,0,0,0,0,0,1
Patrick Emilien,Western Michigan,2019-20,0.0,6,19,1,7,3,9,2,3,4,9,21,10,7.52,9,18,1,2,1,2,8,1,3,6,10,6
Patrick Garey,Hartwick,2019-20,20.0,3,9,2,7,0,0,0,2,0,0,0,0,14.98,0,2,0,2,0,0,1,0,0,0,1,0
Patrick Gee,NC Wesleyan,2019-20,0.0,0,0,0,0,0,0,0,0,0,0,0,0,14.9,0,2,0,2,0,0,0,0,0,0,0,0
Patrick Good,East Tennessee State,2019-20,20.0,29,92,23,78,2,3,31,21,0,6,33,12,14.97,46,110,37,90,32,39,19,21,0,7,26,14
Patrick Harding,Bryant,2019-20,20.0,30,48,0,0,8,20,30,6,4,44,95,18,20.0,30,44,0,0,5,12,16,6,5,41,72,20
Patrick Lazor,Connecticut College,2019-20,20.0,1,4,0,0,2,2,1,0,0,2,2,0,14.67,1,2,0,0,2,2,0,0,1,0,3,2
Patrick McCaffery,Iowa,2019-20,20.0,0,2,0,2,0,0,1,0,0,0,1,0,14.93,1,4,0,1,0,0,0,1,0,1,1,0
Patrick Mcclendon,Wilberforce,2019-20,20.0,1,6,0,0,0,0,0,0,0,1,0,1,14.83,2,2,1,1,2,2,1,0,0,0,0,0
Patrick Monroe,Holy Names,2019-20,0.0,0,0,0,0,0,0,0,0,0,0,0,0,14.9,0,1,0,0,0,0,0,0,0,0,0,1
Patrick Murphy,,2019-20,0.0,0,0,0,0,0,0,0,0,0,0,0,0,0.0,0,0,0,0,0,0,0,0,0,0,1,0
Patrick Mwamba,UT Arlington,2019-20,20.0,0,9,0,5,2,4,2,1,2,1,8,1,14.9,4,6,0,0,2,2,0,1,3,2,5,2
Patrick Ramos,UC Santa Cruz,2019-20,20.0,2,3,1,2,4,4,0,1,0,0,2,3,14.9,0,3,0,0,2,2,0,0,0,0,0,0
Patrick Szpir,Wagner,2019-20,20.0,23,42,0,0,11,19,3,2,7,17,49,12,14.8,18,32,0,0,6,9,2,1,2,18,19,10
Patrick Urey,Mercer,2019-20,20.0,2,13,0,2,3,6,6,4,2,4,21,12,14.95,3,8,0,0,9,13,7,8,3,6,20,8
Patrick Walls,Holy Family,2019-20,20.0,0,1,0,1,0,0,0,0,0,0,0,2,14.9,1,3,1,2,0,0,0,0,0,0,1,0
Patrick Williams,Florida State,2019-20,20.0,44,105,10,33,18,23,14,13,19,10,39,25,20.0,45,91,6,15,42,49,14,14,10,26,35,20
Patrik Boloz,,2019-20,0.0,0,0,0,0,0,0,0,0,1,0,0,0,0.0,0,0,0,0,0,0,0,0,0,0,0,0
Paul Atkinson,Yale,2019-20,18.1,101,166,3,9,37,64,17,13,8,27,69,29,20.0,89,133,1,3,58,80,24,21,11,36,64,24
Paul Djoko,Northern Kentucky,2019-20,0.0,5,11,3,7,2,5,6,2,0,5,11,3,14.87,3,11,0,5,6,11,6,3,2,3,12,5
Paul Eromosele,Wiley,2019-20,20.0,1,4,0,1,0,0,0,0,0,1,0,0,14.95,1,5,1,2,2,2,0,0,0,0,2,1
Paul Fitzgerald,Birmingham-Southern,2019-20,20.0,0,1,0,0,0,0,0,0,0,0,1,0,14.8,0,0,0,0,0,0,0,0,0,0,2,2
Paul Grinde,Clemson,2019-20,0.0,0,0,0,0,0,0,0,0,0,0,0,0,14.83,2,2,0,0,0,0,0,0,0,1,0,0
Paul Hiepler,Abilene Christian,2019-20,20.0,0,1,0,1,0,0,0,0,0,0,0,0,14.88,1,2,1,2,2,2,1,0,0,0,0,0
Paul Hudson,Dartmouth,2019-20,20.0,3,4,0,0,0,3,1,0,0,3,5,1,20.0,0,2,0,1,1,2,2,1,1,1,2,2
Paul Mulcahy,Rutgers,2019-20,20.0,26,38,6,12,5,6,23,9,5,8,32,15,20.0,13,36,1,8,5,10,25,2,4,9,22,10
Paul Newman,Bucknell,2019-20,20.0,30,58,0,0,10,25,9,7,8,26,53,22,20.0,26,63,0,0,12,31,12,11,11,29,30,17
Paul Quinn,,2019-20,0.0,0,0,0,0,0,0,0,0,0,5,6,3,0.0,0,0,0,0,0,0,0,0,0,10,1,1
Paul Reed,DePaul,2019-20,20.0,93,176,8,23,15,23,24,25,39,39,108,34,14.98,78,154,8,26,38,49,21,27,34,49,97,30
Paul Scruggs,Xavier,2019-20,20.0,61,141,20,58,10,13,40,15,2,12,47,30,17.95,67,138,23,56,26,37,36,17,9,15,43,39
Paul Taulton,St. Thomas (TX),2019-20,20.0,4,6,0,0,0,0,2,0,0,0,2,0,20.0,1,5,0,0,1,2,1,0,0,1,0,0
Paul Thelen,Le Tourneau,2019-20,0.0,0,0,0,0,0,0,0,0,0,0,0,0,16.47,2,4,0,1,0,0,0,1,0,0,1,0
Paul Zysk,Concordia (MI),2019-20,20.0,0,0,0,0,0,0,1,0,0,0,1,0,14.87,3,3,0,0,0,0,0,0,0,0,2,1
Pauly Paulicap,Manhattan,2019-20,20.0,53,114,0,0,22,43,2,7,33,38,60,26,19.78,61,118,0,0,48,93,2,6,21,37,56,16
Pavel Zakharov,Gonzaga,2019-20,0.0,0,0,0,0,0,0,0,0,0,0,0,0,14.9,2,2,0,0,0,1,0,1,0,1,2,1
Pavle Djurisic,Austin Peay,2019-20,20.0,6,11,1,5,1,4,0,1,1,3,6,4,20.0,4,10,3,7,2,2,1,0,0,0,3,2
Paxson Wojcik,Loyola Chicago,2019-20,20.0,13,25,6,11,2,4,9,6,0,1,14,4,14.75,8,16,2,7,0,1,7,5,0,0,17,8
Payten Ricks,Abilene Christian,2019-20,19.32,55,136,41,103,25,27,26,43,0,1,39,20,20.0,47,119,28,81,48,59,15,15,0,4,31,25
Payton Dastrup,Oregon State,2019-20,20.0,8,20,1,5,3,3,1,0,0,3,9,2,16.42,5,10,1,1,1,1,4,3,0,1,6,2
Payton Havens,Wayland Baptist University,2019-20,20.0,0,1,0,0,0,0,0,2,0,0,1,1,14.88,2,3,0,1,0,0,2,0,0,1,0,0
Payton Moore,Rice,2019-20,20.0,23,57,6,24,13,24,16,9,1,8,21,15,14.97,26,51,7,19,14,25,15,12,1,2,17,11
Payton Pritchard,Oregon,2019-20,20.0,92,194,44,100,22,28,84,26,0,8,54,42,17.85,108,225,41,99,80,96,72,15,0,10,53,36
Payton Willis,Minnesota,2019-20,20.0,48,125,38,98,4,4,24,11,2,3,38,13,14.98,31,87,15,55,8,12,26,9,5,7,43,3
Payton Youngblood,North Alabama,2019-20,20.0,18,58,12,40,16,20,7,6,3,9,22,11,17.58,20,53,8,27,19,27,19,4,4,5,17,8
Peace Ilegomah,Evansville,2019-20,20.0,0,1,0,0,2,4,0,0,0,1,2,2,20.0,0,0,0,0,0,0,0,0,0,0,0,0
Pedro Leal-Cruz,Life Pacific,2019-20,20.0,2,5,1,4,0,0,2,0,0,0,0,3,14.73,2,3,2,3,0,0,0,2,0,0,0,0
Penn State,,2019-20,0.0,0,0,0,0,0,0,0,0,0,33,25,5,0.0,0,0,0,0,0,0,0,0,0,48,34,7
Penn State (Wilkes-Barre),,2019-20,0.0,0,0,0,0,0,0,0,0,0,0,2,0,0.0,0,0,0,0,0,0,0,0,0,0,1,1
Penn State-York,,2019-20,0.0,0,0,0,0,0,0,0,0,0,1,1,1,0.0,0,0,0,0,0,0,0,0,0,0,0,0
Pennsylvania,,2019-20,0.0,0,0,0,0,0,0,0,0,0,22,19,1,0.0,0,0,0,0,0,0,0,0,0,20,17,4
Pepperdine,,2019-20,0.0,0,0,0,0,0,0,0,0,0,33,24,4,0.0,0,0,0,0,0,0,0,0,0,44,19,5
Perry Cowan,Brown,2019-20,20.0,13,51,9,31,0,0,6,5,1,5,12,7,19.78,19,55,13,40,0,0,3,2,1,3,7,6
Perry Francois,Texas A&M-CC,2019-20,20.0,22,40,0,0,7,10,5,7,7,15,16,21,14.82,15,28,0,0,10,15,6,6,4,7,16,13
Peru State,,2019-20,0.0,0,0,0,0,0,0,0,0,0,3,0,1,0.0,0,0,0,0,0,0,0,0,0,2,0,0
Pete Nance,Northwestern,2019-20,20.0,49,113,18,43,11,16,21,4,11,15,60,20,20.0,38,113,8,47,12,16,22,5,13,12,79,21
Peter Brey,Wisconsin-Stout,2019-20,0.0,0,0,0,0,0,0,0,0,0,0,0,0,14.93,1,1,0,0,0,0,0,1,0,0,0,0
Peter Jones,,2019-20,0.0,0,0,0,0,0,0,0,0,0,0,0,0,0.0,0,0,0,0,0,0,0,0,0,0,1,0
Peter Kiss,Rutgers,2019-20,20.0,0,3,0,2,0,1,1,0,0,0,2,1,20.0,0,0,0,0,0,0,0,0,0,0,0,0
Peter Lambesis,Illinois Wesleyan,2019-20,20.0,2,4,1,3,0,0,0,0,0,1,1,4,17.18,1,4,0,1,1,2,0,0,0,0,0,1
Peter Musci,St. Andrews,2019-20,0.0,0,0,0,0,0,0,0,0,0,0,0,0,14.92,0,1,0,0,0,0,0,1,0,0,0,0
Peter Olatunji,Milligan,2019-20,20.0,0,2,0,0,0,0,0,0,1,0,2,0,14.78,0,2,0,0,0,0,0,0,0,0,1,0
Peter Sorber,Morgan State,2019-20,20.0,2,6,0,0,2,3,2,0,2,3,5,5,14.93,3,4,0,0,1,2,2,0,2,2,7,1
Peter Stumer,Maine,2019-20,20.0,9,22,5,16,8,10,4,2,0,0,17,8,17.37,9,21,7,18,2,4,3,4,1,1,5,8
Petr Ropek,Menlo,2019-20,20.0,0,1,0,0,0,0,0,0,0,0,1,0,17.82,0,0,0,0,0,0,0,0,0,0,0,0
Petr Stepanyants,Hartford,2019-20,0.0,0,0,0,0,0,0,0,0,0,0,0,0,17.97,1,1,0,0,0,0,0,0,0,0,0,0
Peyton Olsen,Lyndon State College,2019-20,20.0,1,1,1,1,0,0,1,0,0,0,0,1,14.65,0,1,0,1,2,2,1,0,0,1,0,3
Peyton Smith,Texas A&M-CC,2019-20,20.0,14,49,7,27,2,5,35,14,1,2,32,26,14.82,23,53,15,33,15,18,32,13,1,2,24,26
Pfeiffer,,2019-20,0.0,0,0,0,0,0,0,0,0,0,2,0,1,0.0,0,0,0,0,0,0,0,0,0,1,2,0
Phariz Watkins,Heidelberg,2019-20,19.98,1,1,1,1,0,0,0,0,0,0,0,0,14.98,0,1,0,0,1,2,1,0,0,0,0,1
Phil Newsome,St. Mary's (MD),2019-20,0.0,0,0,0,0,0,0,0,0,0,0,0,0,17.75,0,1,0,0,0,0,0,0,0,1,2,1
Philip McKenzie,Houston Baptist,2019-20,20.0,15,40,1,2,8,14,5,0,2,21,28,11,18.07,19,39,0,2,14,17,9,7,2,18,20,10
Philip Whittington,Kent State,2019-20,20.0,46,98,0,0,11,21,11,6,11,26,59,27,14.98,39,69,0,0,27,40,10,8,12,35,49,19
Phillip Hughes,Goshen College,2019-20,20.0,2,3,0,0,0,0,0,0,1,2,1,0,14.72,1,1,0,0,0,0,1,0,0,1,0,0
Phillip Jones,Howard,2019-20,0.0,2,10,0,2,4,6,14,4,1,0,8,12,14.73,3,11,1,3,5,5,11,2,0,2,4,9
Phillip Lafond,Lyndon State College,2019-20,20.0,1,3,1,2,0,2,0,0,0,0,0,1,14.65,0,0,0,0,0,0,0,0,0,0,1,2
Phillip Thompson,Jarvis Christian,2019-20,20.0,0,1,0,0,4,5,3,0,0,0,0,2,14.53,1,1,0,0,0,0,1,0,0,0,0,1
Phillip Willis,Vanguard,2019-20,20.0,1,3,0,0,0,0,1,0,0,0,0,1,20.0,2,3,1,1,2,4,0,1,0,0,2,0
Phlandrous Fleming Jr,Charleston Southern,2019-20,20.0,0,0,0,0,0,0,59,0,0,0,0,0,14.88,0,0,0,0,0,0,55,0,0,0,0,0
Phlandrous Fleming Jr.,Charleston Southern,2019-20,20.0,109,234,29,93,22,30,0,20,20,24,104,53,14.88,77,194,14,68,72,93,0,19,23,22,106,44
Piedmont (GA),,2019-20,0.0,0,0,0,0,0,0,0,0,0,4,1,0,0.0,0,0,0,0,0,0,0,0,0,2,0,0
Piedmont International University,,2019-20,0.0,0,0,0,0,0,0,0,0,0,4,0,1,0.0,0,0,0,0,0,0,0,0,0,2,1,0
Pierce Mckenzie,Pine Manor,2019-20,20.0,1,2,1,1,2,2,0,1,0,1,1,0,14.98,0,0,0,0,0,0,0,0,0,0,2,0
Pierre Crockrell II,Pacific,2019-20,20.0,33,81,0,0,3,10,51,8,0,3,20,15,19.57,22,65,0,3,8,16,52,12,1,5,10,12
Pierre Sarr,Binghamton,2019-20,20.0,45,112,12,45,16,21,11,11,5,25,76,21,17.92,44,94,12,37,26,36,9,13,8,19,59,20
Pierre Sow,Hampton,2019-20,0.0,1,8,0,0,3,4,2,2,5,6,7,1,14.9,3,5,0,0,1,2,0,2,1,4,5,3
Pierson McAtee,Kansas State,2019-20,0.0,4,7,0,2,0,0,1,2,0,2,4,1,20.0,2,4,0,1,1,2,0,0,1,1,4,1
Pietro Agostini,Kennesaw State,2019-20,0.0,8,16,0,1,2,3,0,2,1,7,23,5,14.9,6,25,0,7,4,9,1,2,3,7,22,4
Pikeville,,2019-20,0.0,0,0,0,0,0,0,0,0,0,0,2,1,0.0,0,0,0,0,0,0,0,0,0,2,0,0
Pim Lewis,Simpson University,2019-20,20.0,1,1,1,1,0,0,0,1,0,0,0,0,14.93,1,3,0,0,0,0,0,0,0,0,0,0
Pittsburgh,,2019-20,0.0,0,0,0,0,0,0,0,0,0,27,32,13,0.0,0,0,0,0,0,0,0,0,0,40,30,6
Pj Austin,Siena Heights,2019-20,20.0,4,12,4,9,0,0,1,0,0,2,3,1,14.9,0,4,0,3,0,0,0,0,0,0,0,3
Pj Gill,Johnson & Wales (NC),2019-20,20.0,1,4,0,1,0,1,1,1,0,1,0,6,17.75,0,0,0,0,0,0,1,1,0,0,1,3
Polytechnic University,,2019-20,0.0,0,0,0,0,0,0,0,0,0,0,3,0,0.0,0,0,0,0,0,0,0,0,0,0,1,0
Portland,,2019-20,0.0,0,0,0,0,0,0,0,0,0,50,40,8,0.0,0,0,0,0,0,0,0,0,0,61,24,5
Portland Bible,,2019-20,0.0,0,0,0,0,0,0,0,0,0,4,1,2,0.0,0,0,0,0,0,0,0,0,0,2,2,1
Portland State,,2019-20,0.0,0,0,0,0,0,0,0,0,0,60,32,8,0.0,0,0,0,0,0,0,0,0,0,61,24,7
Prairie View A&M,,2019-20,0.0,0,0,0,0,0,0,0,0,0,41,30,12,0.0,0,0,0,0,0,0,0,0,0,45,30,13
Precious Achiuwa,Memphis,2019-20,20.0,85,181,8,22,40,68,11,14,18,42,113,46,14.73,94,180,5,17,69,111,18,20,37,49,123,41
Precious Ayah,Miami (OH),2019-20,20.0,15,24,0,0,7,7,2,4,3,11,25,6,20.0,16,22,0,0,9,16,3,3,3,13,21,4
Precious Ikediashi,St. Francis (PA),2019-20,20.0,1,1,0,0,0,0,0,1,0,0,0,0,14.87,3,3,0,0,0,2,0,0,1,0,0,0
Precious Okoh,Maine,2019-20,0.0,13,42,2,22,5,7,10,3,0,3,9,19,17.9,9,38,4,19,7,10,6,2,0,3,4,13
Prentiss Hubb,Notre Dame,2019-20,20.0,57,156,30,93,6,8,67,13,3,7,26,39,20.0,60,159,31,99,28,40,72,15,0,11,25,38
Prentiss Nixon,Iowa State,2019-20,20.0,48,152,23,85,12,19,30,20,4,4,54,27,14.87,47,124,16,60,23,33,30,20,1,3,35,21
Presbyterian,,2019-20,0.0,0,0,0,0,0,0,0,0,0,29,37,9,0.0,0,0,0,0,0,0,0,0,0,45,18,10
Preston Briggs,Wisconsin-Stout,2019-20,20.0,1,1,1,1,0,0,0,0,0,0,0,0,14.93,0,1,0,1,0,0,0,0,0,0,0,2
Preston Chandler,Eastern Oregon,2019-20,20.0,0,0,0,0,1,2,0,0,0,0,1,0,14.98,3,3,2,2,0,0,0,0,0,0,2,0
Preston Giroux,Rhodes College,2019-20,20.0,0,1,0,0,0,0,0,0,1,1,0,0,14.93,2,5,0,0,1,2,0,0,0,2,0,1
Preston Hannah,Southwestern,2019-20,20.0,1,2,0,0,1,2,0,2,0,0,0,1,17.17,1,2,1,2,0,0,0,0,0,0,0,0
Preston Kelly,Gallaudet University,2019-20,20.0,0,4,0,3,0,0,3,0,0,0,2,0,14.92,1,3,1,3,0,0,3,0,0,0,2,0
Preston Santos,UMass,2019-20,20.0,26,50,10,25,7,14,13,11,9,16,18,8,18.8,27,42,8,17,1,2,10,8,7,12,23,5
Preston Stitt,,2019-20,0.0,0,0,0,0,0,0,0,0,0,0,0,0,11.02,1,1,0,0,0,0,0,0,0,0,1,1
Prince Ali,UCLA,2019-20,20.0,31,80,12,34,20,23,11,9,4,10,21,13,20.0,26,64,4,19,18,28,11,13,2,6,17,11
Prince Anosike,,2019-20,0.0,0,0,0,0,0,0,0,0,0,0,0,0,0.0,0,0,0,0,0,0,0,0,1,0,1,0
Prince Benson,Heidelberg,2019-20,19.98,2,4,0,0,0,0,0,0,0,0,1,0,14.98,0,2,0,0,0,0,0,0,0,0,0,0
Prince Boykin,,2019-20,0.0,0,0,0,0,0,0,0,0,0,0,0,0,0.0,0,0,0,0,0,0,0,0,0,0,0,1
Prince Moss,Grambling,2019-20,20.0,21,55,6,23,6,7,4,3,3,7,26,9,19.92,23,59,3,17,22,29,6,6,1,7,14,11
Prince Oduro,Mississippi State,2019-20,20.0,2,7,0,0,4,4,1,1,3,1,4,5,17.27,4,5,0,0,2,2,0,0,0,2,3,1
Princeton,,2019-20,0.0,0,0,0,0,0,0,0,0,0,23,11,2,0.0,0,0,0,0,0,0,0,0,0,19,10,6
Princewill Anosikle,Howard,2019-20,20.0,1,3,0,0,1,4,0,0,2,2,5,4,16.52,0,1,0,0,1,2,0,1,3,2,8,5
Prosper Obidiebube,Chattanooga,2019-20,0.0,0,0,0,0,0,0,0,0,0,0,0,1,14.67,1,4,0,1,1,2,0,1,0,1,1,1
Providence,,2019-20,0.0,0,0,0,0,0,0,0,0,0,25,38,5,0.0,0,0,0,0,0,0,0,0,0,29,27,11
Przemyslaw Golek,Fairmont State,2019-20,20.0,3,3,2,2,0,0,1,0,0,0,0,1,14.8,1,2,0,1,0,0,0,0,0,1,1,0
Puget Sound,,2019-20,0.0,0,0,0,0,0,0,0,0,0,6,2,0,0.0,0,0,0,0,0,0,0,0,0,1,3,1
Purchase College,,2019-20,0.0,0,0,0,0,0,0,0,0,0,1,2,0,0.0,0,0,0,0,0,0,0,0,0,1,0,0
Purdue,,2019-20,0.0,0,0,0,0,0,0,0,0,0,36,27,4,0.0,0,0,0,0,0,0,0,0,0,53,22,6
Purdue Fort Wayne,,2019-20,0.0,0,0,0,0,0,0,0,0,0,47,26,10,0.0,0,0,0,0,0,0,0,0,0,52,36,4
Purdue Northwest,,2019-20,0.0,0,0,0,0,0,0,0,0,0,1,1,0,0.0,0,0,0,0,0,0,0,0,0,1,2,0
Q'Dardruis Sanders,St. Andrews,2019-20,20.0,2,3,1,1,1,1,1,0,0,0,3,2,14.98,0,2,0,0,0,0,3,0,0,0,0,1
Qadhafi Turner,Brevard College,2019-20,20.0,0,4,0,3,0,0,1,1,0,0,2,1,14.78,1,4,0,1,0,0,1,1,0,2,0,2
Qon Murphy,Houston Baptist,2019-20,20.0,30,77,9,22,11,16,17,7,1,7,29,15,18.07,29,79,9,28,27,38,14,6,3,9,22,20
Quade Green,Washington,2019-20,20.0,24,55,10,29,18,21,42,10,0,7,15,16,20.0,27,49,9,16,14,18,34,6,0,3,11,18
Quan Jackson,Georgia Southern,2019-20,20.0,70,178,23,77,40,63,25,44,5,8,70,24,20.0,66,170,22,78,47,71,21,35,7,8,49,33
Quan McCluney,Charleston,2019-20,20.0,5,21,0,6,1,4,2,3,0,4,8,2,20.0,3,16,1,8,1,2,1,1,1,3,3,2
QuanDaveon McCollum,Newberry,2019-20,20.0,0,6,0,0,0,0,0,1,0,0,0,1,14.97,2,3,0,0,0,0,0,0,0,0,2,0
Quari Alleyne,Stony Brook,2019-20,0.0,0,0,0,0,0,0,0,0,0,0,0,0,14.73,0,1,0,0,0,0,0,0,0,1,2,1
Quatarrius Wilson,SE Missouri St,2019-20,20.0,40,77,0,7,25,38,16,6,5,37,39,28,17.82,31,84,1,5,46,76,14,8,7,35,51,17
Qudus Wahab,Georgetown,2019-20,0.0,29,55,0,0,20,26,4,6,17,21,45,12,18.9,31,52,0,0,15,28,5,1,10,22,30,9
Quentin Blizzard,Central Pennsylvania College,2019-20,0.0,0,0,0,0,0,0,0,0,0,1,0,1,14.72,1,2,0,0,0,0,0,0,0,0,0,0
Quentin Goodin,Xavier,2019-20,20.0,25,87,10,46,5,10,44,14,1,4,29,33,17.95,23,75,9,40,17,24,41,11,2,3,21,22
Quentin Grimes,Houston,2019-20,20.0,63,140,19,63,18,30,40,11,4,8,45,40,14.95,59,139,20,60,50,73,34,9,2,11,43,24
Quentin Guliford,Montana State,2019-20,0.0,1,2,1,1,0,0,0,0,0,0,0,1,19.15,2,3,0,1,0,0,0,1,0,0,1,0
Quentin Pough,Rust,2019-20,20.0,2,6,1,3,3,3,1,1,0,0,1,1,15.2,2,6,1,5,0,0,0,0,0,0,3,0
Quentin Scott,Texas State,2019-20,20.0,18,44,3,11,10,14,6,4,1,10,29,9,14.9,16,51,2,9,11,14,11,1,1,13,11,4
Quenton Jackson,Texas A&M,2019-20,20.0,30,93,9,37,17,25,14,16,3,5,29,22,18.83,32,83,10,37,67,81,28,18,2,5,36,21
Ques Glover,Florida,2019-20,20.0,26,75,8,29,11,16,10,4,1,2,13,21,17.93,23,39,3,13,6,15,5,1,0,4,9,13
Quest Aldridge,Belmont Abbey,2019-20,20.0,1,2,0,1,2,2,2,1,0,0,3,0,14.85,1,5,0,2,0,0,0,0,1,0,1,0
Quin Barnard,Washington,2019-20,20.0,0,0,0,0,0,0,1,0,0,0,0,0,20.0,0,0,0,0,0,0,0,0,0,0,0,0
Quincey Sibley,,2019-20,8.47,3,5,2,4,0,0,1,0,0,1,0,1,0.0,0,0,0,0,0,0,0,0,0,0,0,0
Quincy,,2019-20,0.0,0,0,0,0,0,0,0,0,0,2,5,1,0.0,0,0,0,0,0,0,0,0,0,3,0,0
Quincy Ferebee,Portland,2019-20,20.0,12,40,1,2,5,9,23,1,1,4,29,18,14.98,22,44,1,2,10,16,25,5,2,4,21,18
Quincy Guerrier,Syracuse,2019-20,20.0,28,71,1,12,28,40,7,5,12,30,47,24,17.9,36,62,1,8,25,45,5,9,9,18,49,15
Quincy McKnight,Seton Hall,2019-20,20.0,47,128,19,62,44,53,69,21,2,5,40,33,14.8,58,127,15,38,56,64,81,24,3,8,44,30
Quincy Olivari,Rice,2019-20,20.0,26,65,16,42,14,18,7,7,0,3,17,10,14.97,21,52,12,33,9,13,9,7,0,0,20,10
Quinn Blair,William & Mary,2019-20,20.0,16,36,5,16,5,8,3,1,1,4,17,5,20.0,10,23,3,9,7,9,5,1,4,2,10,5
Quinn Duffner,Columbia International,2019-20,20.0,0,1,0,0,0,0,0,0,0,0,0,0,14.95,0,4,0,0,0,0,0,0,0,1,3,0
Quinn Nelson,Southwest Baptist,2019-20,20.0,2,3,0,1,0,0,3,3,0,0,2,0,18.18,2,6,2,6,0,1,0,0,0,0,1,1
Quinn Richey,James Madison,2019-20,20.0,1,10,1,10,3,5,1,1,0,1,0,2,14.7,4,10,3,9,3,3,2,0,0,1,0,1
Quinn Ryan,Randall University,2019-20,20.0,0,1,0,1,0,0,0,0,0,0,0,0,14.98,0,0,0,0,0,0,0,0,0,0,0,0
Quinn Slazinski,Louisville,2019-20,0.0,0,0,0,0,0,0,0,0,0,0,2,0,14.87,2,2,2,2,0,0,2,0,0,0,2,1
Quinn Taylor,Saint Peter's,2019-20,20.0,20,55,7,19,15,19,13,9,3,18,40,13,14.88,37,64,5,14,31,39,20,8,3,21,42,16
Quinnipiac,,2019-20,0.0,0,0,0,0,0,0,0,0,0,22,22,8,0.0,0,0,0,0,0,0,0,0,0,27,20,5
Quintel Clements,Elmira,2019-20,0.0,0,0,0,0,0,0,0,0,0,0,0,0,14.8,1,2,0,0,0,1,1,0,0,0,0,2
Quinterious Jones,Saint Thomas Univers,2019-20,20.0,0,1,0,0,0,0,0,0,0,1,1,1,14.98,0,1,0,0,0,0,0,0,0,0,0,0
Quintin Dove,UT Martin,2019-20,20.0,106,194,9,33,55,74,12,7,7,60,63,32,14.88,92,158,11,28,77,93,14,5,2,41,51,31
Quinton Adlesh,USC,2019-20,20.0,9,32,8,22,2,2,8,6,0,1,9,4,14.58,6,19,6,17,1,2,6,7,2,1,10,11
Quinton Alston,Mississippi Valley State,2019-20,20.0,18,54,5,23,3,4,2,8,3,13,26,7,14.87,11,32,4,14,4,8,4,5,2,8,22,7
Quinton Brigham,Texas Southern,2019-20,20.0,7,34,1,12,0,0,3,2,0,1,10,12,14.9,4,12,0,0,4,8,2,4,5,4,3,6
Quinton Forrest,Idaho,2019-20,20.0,31,65,0,1,14,24,15,8,0,25,59,22,20.0,32,61,1,4,9,18,13,9,1,25,37,19
Quinton Glaspie,Central State (OH),2019-20,20.0,1,2,0,0,0,0,0,0,0,2,1,2,14.88,1,1,0,0,0,0,0,0,0,0,3,0
Quinton Johnson II,UT Rio Grande Valley,2019-20,20.0,39,106,24,69,8,15,15,8,1,8,41,24,19.45,46,105,13,45,14,23,14,11,2,13,26,13
Quinton Morton-Robertson,Radford,2019-20,20.0,4,12,3,10,1,3,6,1,0,0,1,3,20.0,5,11,1,6,0,2,5,2,0,0,7,2
Quinton Rose,Temple,2019-20,20.0,75,224,12,63,50,63,46,28,7,14,67,43,20.0,82,204,21,57,87,109,57,32,13,7,59,26
Quirin Emanga,Northeastern,2019-20,20.0,2,3,2,3,0,0,0,0,2,0,7,2,14.7,3,12,2,6,0,0,3,2,1,3,4,1
Quishon Harris,Old Dominion,2019-20,0.0,0,0,0,0,0,0,0,0,0,0,0,0,15.0,0,0,0,0,0,1,0,0,0,0,0,0
Qwame Thompson,Mount St. Vincent,2019-20,20.0,0,2,0,0,0,0,0,2,0,0,3,0,14.97,0,1,0,0,0,0,0,1,0,0,0,0
Qwanzi Samuels,Florida Gulf Coast,2019-20,20.0,7,31,2,11,3,4,8,3,1,8,21,17,20.0,7,20,3,7,0,0,0,1,1,6,15,9
R.J. Eytle-Rock,UMBC,2019-20,20.0,38,92,15,39,11,18,2,15,2,3,36,13,17.75,39,100,14,40,51,62,1,5,1,7,49,30
R.J. Fuqua,Oral Roberts,2019-20,20.0,35,87,13,45,12,17,0,15,1,3,27,10,20.0,26,57,8,17,23,28,0,17,1,5,37,12
R.J. Glasper,Arkansas Tech,2019-20,20.0,4,10,1,4,0,0,0,0,0,1,1,1,17.87,1,4,1,3,2,2,0,0,0,0,0,0
R.J. McGee,Tulane,2019-20,20.0,4,10,1,5,1,2,0,5,0,1,14,2,14.95,2,5,1,2,0,0,1,1,1,2,3,1
R.J. Pair,Nebraska Kearney,2019-20,20.0,2,4,1,3,0,0,0,0,0,0,2,0,17.83,0,1,0,1,0,0,0,0,0,0,0,1
R.J. Smith,Sam Houston State,2019-20,20.0,36,76,10,26,16,23,0,10,3,25,35,18,20.0,37,79,8,21,22,31,0,9,0,21,41,18
RJ Eytle-Rock,UMBC,2019-20,20.0,0,0,0,0,0,0,38,0,0,0,0,0,17.75,0,0,0,0,0,0,31,0,0,0,0,0
RJ Fuqua,Oral Roberts,2019-20,20.0,0,0,0,0,0,0,36,0,0,0,0,0,20.0,0,0,0,0,0,0,37,0,0,0,0,0
RJ Glasper,Arkansas Tech,2019-20,0.0,0,0,0,0,0,0,0,0,0,0,0,0,17.87,0,0,0,0,0,0,2,0,0,0,0,0
RJ McGee,Tulane,2019-20,20.0,0,0,0,0,0,0,2,0,0,0,0,0,14.88,0,0,0,0,0,0,0,0,0,0,0,0
RJ Nembhard,TCU,2019-20,20.0,44,134,13,53,19,27,61,19,2,5,46,34,17.17,61,154,24,63,50,68,32,8,3,3,48,33
RJ Smith,Sam Houston State,2019-20,20.0,0,0,0,0,0,0,14,0,0,0,0,0,20.0,0,0,0,0,0,0,11,0,0,0,0,0
RJ Williams,Boise State,2019-20,20.0,59,107,0,0,64,101,10,15,4,38,89,35,14.73,69,97,0,0,45,67,20,13,1,42,95,24
Race Thompson,Indiana,2019-20,0.0,15,36,2,7,12,19,6,11,9,20,40,8,14.92,18,35,0,2,12,17,5,8,6,15,31,3
Radford,,2019-20,0.0,0,0,0,0,0,0,0,0,0,40,29,11,0.0,0,0,0,0,0,0,0,0,0,41,20,8
Radshad Davis,UT Arlington,2019-20,20.0,45,90,7,24,18,23,25,8,5,29,52,19,14.9,55,109,11,33,21,26,26,14,4,38,64,16
RaeQuan Battle,Washington,2019-20,0.0,23,51,16,43,1,2,5,7,0,3,7,4,18.55,9,35,6,30,10,12,1,2,1,7,8,2
Raef Gerdes,Grand Canyon,2019-20,20.0,0,0,0,0,2,2,3,0,0,0,0,1,17.82,0,0,0,0,0,0,1,1,0,1,2,0
Raequan Battle,Washington,2019-20,0.0,0,0,0,0,0,0,0,0,0,0,0,0,17.37,0,1,0,1,0,0,0,0,0,0,0,0
Rafael Cruz Jr,Western Michigan,2019-20,0.0,0,0,0,0,0,0,23,0,0,0,0,0,14.88,0,0,0,0,0,0,21,0,0,0,0,0
Rafael Cruz Jr.,Western Michigan,2019-20,0.0,19,57,7,23,12,17,0,5,3,0,35,23,14.88,37,75,12,35,4,7,0,7,0,3,23,15
Rafael Smith,Valley Forge,2019-20,20.0,0,2,0,0,0,0,0,0,0,2,0,0,14.83,0,0,0,0,0,0,1,0,0,0,0,1
Raheem Solomon,Niagara,2019-20,20.0,56,134,22,57,12,15,10,21,7,9,44,26,20.0,46,123,15,53,37,46,15,11,3,17,39,24
Rahmir Moore,Saint Joseph's,2019-20,20.0,26,72,8,29,28,41,16,9,1,16,26,14,19.35,32,78,9,22,39,53,20,11,2,18,17,14
Rahsaan Edwards,South Carolina State,2019-20,20.0,1,9,0,5,4,4,8,2,0,1,4,10,14.73,5,16,1,8,2,4,4,0,0,0,3,2
Rahul Bagga,Luther,2019-20,20.0,1,3,1,2,0,0,0,0,0,0,0,1,14.87,0,2,0,1,0,0,2,0,0,0,1,2
RaiQuan Gray,Florida State,2019-20,20.0,27,68,4,20,17,23,16,12,8,22,28,24,20.0,27,67,4,15,23,34,17,16,11,6,41,21
Raine Mckeython,Fresno Pacific,2019-20,20.0,0,2,0,0,3,4,0,0,0,0,0,2,14.85,1,1,0,0,0,0,0,1,0,1,1,0
Rainers Hermanovskis,William & Mary,2019-20,0.0,5,10,3,7,0,1,2,0,0,1,11,5,17.82,4,9,2,6,1,2,6,3,0,4,5,4
Raiquan Clark,Long Island University,2019-20,20.0,46,107,3,21,22,31,16,8,1,9,27,23,20.0,42,86,5,14,30,48,9,6,1,15,32,21
Raiquan Gray,Florida State,2019-20,20.0,3,8,0,4,4,6,1,1,0,1,4,1,20.0,1,3,1,1,1,2,3,0,0,1,2,1
Raiquis Harris,Mount St. Vincent,2019-20,20.0,3,13,0,3,0,0,0,1,0,0,2,1,14.97,3,7,1,2,0,0,0,0,0,0,0,0
Rajan Barnes,West New Mexico,2019-20,19.93,1,8,1,3,0,0,0,2,0,0,1,2,14.97,1,2,0,0,0,0,0,0,0,0,0,1
Rajeir Jones,Chicago State,2019-20,20.0,24,73,4,22,15,19,14,9,1,5,27,27,18.08,23,61,10,25,13,25,18,3,1,9,24,17
Rajhon Mcintosh,Williams Baptist,2019-20,20.0,0,1,0,0,0,0,1,0,0,0,0,0,14.83,0,1,0,0,0,0,0,0,1,0,1,0
Rakym Felder,Wiley,2019-20,20.0,0,1,0,1,0,0,0,0,0,1,1,2,14.95,0,0,0,0,0,0,0,0,0,0,0,0
Ralph Agee,San José St,2019-20,20.0,33,71,3,14,22,30,9,3,9,22,41,19,20.0,22,54,3,13,5,10,5,9,6,13,26,13
Ralph Johnson,Centenary,2019-20,20.0,1,4,0,2,0,0,3,0,0,0,2,1,14.92,0,1,0,0,0,0,1,1,0,0,0,1
Ramiir Dixon-Conover,St. Francis (PA),2019-20,20.0,18,34,2,10,4,9,22,15,2,6,22,17,18.45,25,42,4,9,7,10,29,16,1,2,22,19
Ramirez Cooley Jr.,Southeastern Baptist College,2019-20,0.0,0,0,0,0,0,0,0,0,0,0,0,0,14.88,0,1,0,1,0,0,0,0,0,0,0,0
Ramiro Arrilaga,Columbia International,2019-20,20.0,0,2,0,2,0,0,0,1,0,0,0,0,14.73,0,1,0,0,0,0,0,0,0,0,0,0
Ramod Godfrey,,2019-20,1.95,0,3,0,0,0,0,0,1,0,1,0,0,0.0,0,1,0,0,0,2,0,0,0,0,1,0
Ramon Vila,Chattanooga,2019-20,20.0,87,144,0,2,24,41,19,12,5,39,59,13,18.12,89,138,1,2,35,54,20,7,7,38,52,20
Ramses Sandifer,Arkansas Tech,2019-20,20.0,1,4,1,3,2,2,0,0,0,0,2,0,17.87,0,0,0,0,0,0,0,0,0,0,1,0
Randall Gaskins Jr,St. Francis (PA),2019-20,20.0,0,0,0,0,0,0,22,0,0,0,0,0,19.03,0,0,0,0,0,0,17,0,0,0,0,0
Randall Gaskins Jr.,St. Francis (PA),2019-20,20.0,29,57,6,16,17,20,0,6,3,1,17,14,18.45,27,49,4,9,14,18,1,12,2,2,10,16
Randall Leath Jr.,Florida A&M,2019-20,0.0,0,0,0,0,0,0,0,0,0,0,1,0,17.98,0,2,0,0,0,0,0,1,0,0,2,1
Randall University,,2019-20,0.0,0,0,0,0,0,0,0,0,0,0,0,0,0.0,0,0,0,0,0,0,0,0,0,3,1,0
Randolph College,,2019-20,0.0,0,0,0,0,0,0,0,0,0,0,1,0,0.0,0,0,0,0,0,0,0,0,0,1,0,0
Randolph Holland,Regent University,2019-20,0.0,0,0,0,0,0,0,0,0,0,0,0,0,17.88,0,1,0,0,0,0,0,0,0,0,0,1
Randy Brumant,Columbia,2019-20,20.0,34,82,7,27,15,24,19,8,16,21,60,12,20.0,30,65,4,18,14,19,14,10,14,17,50,20
Randy Johnson Jr.,Wisconsin Lutheran,2019-20,20.0,1,1,1,1,0,0,0,0,0,0,0,0,14.83,1,1,1,1,0,0,0,0,0,0,0,0
Randy McRoberts,,2019-20,0.0,0,0,0,0,0,0,0,0,0,0,0,0,14.67,0,1,0,1,0,0,0,0,0,0,0,0
Randy Miller Jr,North Carolina Central,2019-20,20.0,0,0,0,0,0,0,2,0,0,0,0,0,20.0,0,0,0,0,0,0,4,0,0,0,0,0
Randy Miller Jr.,North Carolina Central,2019-20,20.0,15,45,6,19,12,14,0,2,0,2,8,9,20.0,14,32,7,18,19,22,0,4,1,1,4,10
Randy Stanley,Crowley's Ridge College,2019-20,20.0,6,6,1,1,1,2,0,1,0,0,3,2,14.97,2,3,0,0,0,0,0,0,1,0,1,1
Raphael Durr,California Merced,2019-20,20.0,3,8,0,2,0,0,1,0,0,0,0,2,14.87,0,4,0,2,2,2,2,2,0,1,0,2
Rapolas Ivanauskas,Colgate,2019-20,20.0,79,186,12,50,26,44,36,10,6,25,99,42,20.0,80,180,18,56,30,45,28,8,8,25,82,34
Raquan Brown,New Orleans,2019-20,20.0,15,26,6,15,6,9,9,3,0,4,3,2,14.97,11,30,4,14,5,10,2,1,0,5,6,2
Raquan Mitchell,New Mexico Highlands,2019-20,20.0,2,10,2,7,2,2,0,2,0,0,3,4,16.6,3,4,2,3,2,2,2,2,0,0,1,3
Rashaad Goolsby,Portland State,2019-20,20.0,44,79,1,3,29,41,16,20,20,40,42,17,14.95,36,73,0,4,27,42,12,18,8,46,34,16
Rashaad Nurse,Elmira,2019-20,20.0,2,2,0,0,0,1,0,0,0,0,3,1,14.8,1,5,0,0,2,2,0,0,0,1,2,2
Rashad Reed,Ferrum,2019-20,20.0,0,10,0,7,0,0,1,1,0,2,4,1,14.85,4,8,2,4,0,0,1,0,0,0,3,4
Rashad Williams,Oakland,2019-20,20.0,45,130,32,98,16,17,12,1,0,1,24,15,20.0,40,114,28,84,41,50,14,9,0,0,19,23
Rashard Johnson,Le Tourneau,2019-20,20.0,0,1,0,0,0,0,0,0,0,0,1,0,16.47,1,2,0,0,0,0,1,0,0,1,1,0
Rashard Thornhill,UC Santa Cruz,2019-20,20.0,0,3,0,2,0,0,1,0,0,0,0,0,14.9,0,3,0,2,2,4,0,0,0,0,2,1
Rasheed Parris,Johnson & Wales (CO),2019-20,20.0,0,0,0,0,0,0,2,0,0,0,1,0,14.77,0,0,0,0,0,0,0,0,0,0,1,0
Rasheem Dunn,St. John's,2019-20,20.0,52,156,10,50,42,59,48,14,0,10,44,27,20.0,54,123,7,22,53,65,46,13,0,5,42,27
Rashun Williams,South Florida,2019-20,20.0,20,47,5,21,7,17,4,3,4,19,18,10,14.9,9,23,5,13,4,12,0,7,2,11,12,9
Rasir Bolton,Iowa State,2019-20,20.0,71,169,23,67,29,37,48,18,3,7,46,39,14.87,63,161,19,59,86,99,34,13,1,5,41,42
Raushaun Amos,Concordia Illinois,2019-20,20.0,2,5,1,4,0,0,1,1,0,0,0,0,14.97,2,4,1,3,0,0,0,0,0,0,4,2
Ravel Moody,Tennessee State,2019-20,20.0,5,12,1,5,3,4,105,6,4,2,11,3,14.95,6,20,2,12,5,11,5,3,3,2,14,2
Raven Frazier,Evergreen State,2019-20,20.0,5,8,2,4,2,2,3,1,0,0,4,2,20.0,1,3,0,1,0,0,3,1,0,1,1,5
Ray Anderson,Southern-New Orleans,2019-20,20.0,9,19,1,4,0,2,6,0,2,4,9,5,15.27,5,15,2,6,0,0,6,1,3,3,8,3
Ray Jerome,Pennsylvania,2019-20,0.0,5,19,4,16,0,0,5,3,2,2,5,5,16.35,7,10,2,4,3,4,4,4,0,1,9,3
Ray Kowalski,Denver,2019-20,0.0,2,6,2,5,0,0,0,1,0,0,1,2,14.87,7,10,3,6,1,3,1,3,1,0,4,1
Ray Lott,SAGU American Indian College,2019-20,20.0,0,2,0,1,0,0,0,1,0,0,3,0,14.87,0,2,0,1,0,0,0,0,0,0,0,2
Ray McLeod,Johnson University (FL),2019-20,20.0,2,3,0,1,0,0,1,1,0,0,3,0,17.92,0,0,0,0,0,0,2,0,0,1,2,0
Ray Miller,Bethany College,2019-20,20.0,2,3,1,1,0,0,0,1,0,0,1,1,14.77,0,1,0,0,0,0,0,0,0,0,0,0
Ray Ona Embo,Tulane,2019-20,20.0,6,12,2,4,0,3,2,4,0,1,6,7,17.97,4,13,1,7,7,9,6,5,0,3,3,2
Ray Pender,Penn State Wilkes-Barre,2019-20,0.0,0,0,0,0,0,0,0,0,0,0,2,2,14.67,2,5,0,0,3,4,0,0,1,0,0,2
Ray Rigby,Bethesda,2019-20,20.0,1,2,0,0,0,0,3,0,0,0,0,2,14.88,1,4,0,0,0,0,6,0,0,0,4,1
Ray Salnave,Monmouth,2019-20,20.0,58,149,25,64,36,41,45,23,2,5,48,39,16.48,60,148,19,57,86,100,42,17,2,17,54,41
Ray Whitlock,Luther,2019-20,20.0,0,3,0,0,0,0,3,1,0,1,1,0,14.87,0,1,0,0,0,0,0,0,1,0,2,0
RayJ Dennis,Boise State,2019-20,20.0,14,51,9,37,13,16,22,7,2,0,31,11,14.73,20,50,8,30,10,13,26,5,0,2,17,15
Rayford Washington,Carver Bible College,2019-20,20.0,7,25,2,11,1,2,1,1,2,1,4,5,14.93,4,14,3,8,0,0,1,1,0,0,3,7
Raylon Hardy,Centenary,2019-20,20.0,0,2,0,0,0,0,0,2,0,1,0,1,14.92,0,2,0,1,0,0,1,0,0,0,0,1
Raymond Bethea Jr,Howard,2019-20,20.0,0,0,0,0,0,0,6,0,0,0,0,0,14.83,0,0,0,0,0,0,5,0,0,0,0,0
Raymond Bethea Jr.,Howard,2019-20,20.0,10,37,2,16,6,9,0,5,1,7,13,14,17.98,12,37,5,15,7,12,0,1,1,7,10,4
Raymond Bullock III,Averett,2019-20,20.0,1,3,0,1,0,0,1,0,0,0,3,0,14.7,0,0,0,0,0,0,0,0,0,0,0,0
Raymond Burrows Iv,Bryn Athyn,2019-20,20.0,0,1,0,0,0,0,0,0,0,1,1,0,15.02,0,1,0,0,0,0,0,0,1,0,1,1
Raymond Smith,Wilberforce,2019-20,20.0,1,2,0,0,0,0,0,0,0,1,2,1,14.83,0,1,0,0,0,0,0,0,0,0,0,0
Raymone Lampkin,Southern-New Orleans,2019-20,0.0,1,9,0,1,0,0,1,2,5,3,14,3,15.27,11,18,3,6,0,0,0,1,2,8,9,3
Rayquan Evans,Florida State,2019-20,20.0,10,29,4,7,8,14,24,2,2,3,12,17,14.67,17,32,3,9,12,15,12,3,1,1,15,8
Rayshaun Hammonds,Georgia,2019-20,20.0,88,168,20,49,24,42,26,14,6,33,86,36,18.05,58,150,13,49,28,39,18,11,5,31,72,21
Rayshawn Mart,Xavier LA,2019-20,20.0,2,6,0,1,0,0,2,1,1,1,3,4,20.0,3,4,0,0,1,1,0,1,0,2,2,1
Rayshawn Neal,South Carolina State,2019-20,20.0,11,23,2,4,1,3,11,0,0,1,9,11,14.73,11,20,1,2,4,5,8,0,0,4,4,9
Rayshon Hovaldt,Midland University,2019-20,0.0,0,0,0,0,0,0,0,0,0,0,0,0,14.92,0,2,0,0,0,0,0,0,0,2,2,0
Read Streller,,2019-20,0.0,0,0,0,0,0,0,0,0,0,0,1,0,0.0,0,0,0,0,0,0,0,0,0,0,0,0
Recardo Travis,Midway,2019-20,20.0,0,4,0,1,0,0,0,0,0,0,0,2,14.88,0,0,0,0,0,0,0,1,0,0,0,0
Reece Anderson,Carson Newman,2019-20,0.0,0,0,0,0,0,0,0,0,0,0,0,0,14.85,1,3,0,0,0,0,0,2,0,2,0,2
Reece Bray,Mobile,2019-20,20.0,0,1,0,1,0,0,0,0,0,0,0,1,20.0,0,0,0,0,0,0,2,0,0,0,2,4
Reece Wilkinson,Tennessee Tech,2019-20,20.0,22,46,0,1,4,11,3,4,4,19,21,16,18.85,15,26,0,0,9,11,4,3,5,16,14,5
Reed Fenton,Lehigh,2019-20,20.0,47,99,15,47,11,20,14,10,4,6,29,20,14.98,28,79,11,33,16,20,19,6,4,5,29,10
Reed Nikko,Missouri,2019-20,20.0,26,44,0,0,20,26,8,5,13,25,32,16,14.63,29,43,0,0,17,24,6,4,6,22,23,12
Reed Nottage,California Baptist,2019-20,20.0,13,38,10,28,5,7,7,3,4,11,21,8,15.52,12,40,9,31,3,4,7,1,3,7,22,6
Reed Plantz,Summit,2019-20,0.0,0,0,0,0,0,0,0,0,0,0,0,2,14.97,1,1,0,0,0,0,0,0,0,0,1,0
Reed Smith,Trevecca Nazarene,2019-20,20.0,2,3,0,1,2,2,3,0,0,1,0,0,14.88,3,8,0,1,1,2,1,0,0,2,0,3
Reese Mona,Maryland,2019-20,0.0,0,0,0,0,0,1,0,1,0,1,0,1,20.0,0,0,0,0,1,1,0,0,0,0,0,0
Regent,,2019-20,0.0,0,0,0,0,0,0,0,0,0,8,9,1,0.0,0,0,0,0,0,0,0,0,0,9,7,0
Reggie Chaney,Arkansas,2019-20,20.0,21,34,0,0,6,10,8,12,6,21,24,16,14.67,23,31,0,0,11,20,9,6,7,16,28,10
Reggie James,Coppin State,2019-20,0.0,15,23,4,8,3,3,4,5,0,3,11,11,19.28,12,24,3,13,6,11,5,8,1,5,12,11
Reggie Jones,Tulsa,2019-20,20.0,20,64,12,38,7,9,7,3,1,2,16,8,17.77,6,23,4,12,5,9,10,6,1,4,13,4
Reggie Miller,Abilene Christian,2019-20,15.63,12,44,5,23,2,8,34,12,1,6,16,17,20.0,9,37,4,25,15,20,22,12,1,7,18,17
Reggie Perry,Mississippi State,2019-20,20.0,99,194,15,43,59,76,26,14,6,45,98,44,20.0,83,169,8,28,90,117,43,11,30,52,113,46
Reggie Rouse,St. Mary's (MD),2019-20,20.0,0,0,0,0,0,0,1,2,0,0,1,0,17.75,0,0,0,0,0,0,0,0,0,0,0,2
Reggie Scurry,Middle Tennessee,2019-20,20.0,27,48,0,2,10,14,7,6,8,19,17,14,20.0,38,62,0,0,24,40,14,5,7,23,36,12
Regin Larson,Pfeiffer,2019-20,20.0,1,1,1,1,0,0,0,0,0,0,1,1,14.97,1,1,1,1,0,0,0,0,0,0,0,0
Reginald Gee,Austin Peay,2019-20,20.0,9,16,2,4,2,3,1,2,1,0,1,3,14.98,4,11,2,5,2,4,1,0,0,2,3,3
Reilly Seebold,Loyola Marymount,2019-20,20.0,5,11,5,11,0,0,2,1,0,0,2,2,14.8,3,8,3,7,0,0,0,0,0,0,0,3
Reilly Walsh,NJIT,2019-20,20.0,39,104,9,38,9,11,25,8,0,21,29,13,20.0,22,68,3,18,5,9,17,12,0,12,33,14
Reinhardt,,2019-20,0.0,0,0,0,0,0,0,0,0,0,5,1,3,0.0,0,0,0,0,0,0,0,0,0,5,5,1
Remu Raitanen,San Francisco,2019-20,20.0,28,67,20,48,13,15,14,6,3,19,29,9,14.92,25,51,15,38,18,20,11,5,5,19,31,4
Remy Martin,Arizona State,2019-20,20.0,90,214,31,86,49,66,58,27,1,3,29,50,20.0,110,248,32,100,71,90,69,18,0,10,50,45
Rene Melendez,Mayville State,2019-20,19.75,2,3,0,1,2,2,0,1,0,0,0,2,14.97,2,2,0,0,0,0,0,0,0,0,0,0
Rex Hartman,Chillicothe,2019-20,20.0,2,3,1,1,0,0,0,0,0,0,3,1,14.88,1,1,1,1,0,0,0,0,0,0,0,2
Rex Pflueger,Notre Dame,2019-20,20.0,22,75,19,52,3,5,51,16,2,7,46,27,20.0,26,68,12,40,19,26,46,22,4,17,34,20
Rey Idowu,Illinois State,2019-20,20.0,25,50,0,0,12,18,12,4,3,17,40,15,20.0,27,48,0,0,12,22,7,3,2,14,23,15
Reyes Herrera,Northern New Mexico,2019-20,20.0,1,2,1,1,1,2,1,0,0,0,3,0,14.68,0,2,0,1,0,0,0,0,0,1,1,0
Rhode Island,,2019-20,0.0,0,0,0,0,0,0,0,0,0,37,26,8,0.0,0,0,0,0,0,0,0,0,0,46,23,5
Ricardo Bullock,NC Wesleyan,2019-20,20.0,3,6,0,3,0,0,1,0,0,0,0,2,14.9,2,5,0,2,3,4,0,0,0,0,0,1
Ricardo Dominguez,SUNY-Cortland,2019-20,20.0,2,3,0,0,0,0,0,1,0,0,1,2,14.93,0,1,0,0,0,0,0,0,0,0,1,1
Ricardo Zambrano,Northern New Mexico,2019-20,20.0,0,2,0,2,0,0,0,0,0,0,0,0,14.68,1,2,0,0,0,0,0,0,0,2,0,1
Rice,,2019-20,0.0,0,0,0,0,0,0,0,0,0,29,43,5,0.0,0,0,0,0,0,0,0,0,0,49,25,6
Rich Kelly,Quinnipiac,2019-20,20.0,63,168,28,82,19,22,70,12,3,1,29,41,20.0,88,191,46,109,69,78,57,11,1,7,36,38
Rich Serrano,Westcliff,2019-20,20.0,5,10,1,6,0,0,0,1,0,0,3,3,14.65,2,6,1,4,0,2,0,0,0,0,3,1
Richard Anderson,SW Christian Univ,2019-20,20.0,2,5,1,4,0,0,2,0,0,2,4,1,14.77,2,4,2,3,0,0,0,0,0,0,0,1
Richard Caldwell Jr,Binghamton,2019-20,0.0,0,0,0,0,0,0,8,0,0,0,0,0,17.92,0,0,0,0,0,0,12,0,0,0,0,0
Richard Caldwell Jr.,Binghamton,2019-20,20.0,34,87,14,42,14,20,0,12,2,9,36,15,17.92,28,68,14,42,29,38,0,2,4,9,32,15
Richard Grant,Penn State-York,2019-20,20.0,2,4,0,1,2,2,0,0,0,0,1,1,14.85,4,5,0,0,0,0,0,0,0,0,2,1
Richard Henderson,Carson Newman,2019-20,20.0,3,3,0,0,0,0,0,2,1,1,0,1,14.85,1,5,0,0,0,0,0,0,1,0,1,1
Richard Laku,CSU San Bernardino,2019-20,20.0,2,6,0,2,0,2,0,0,0,0,2,0,14.98,0,1,0,0,0,0,0,0,0,0,2,0
Richard Njoku,Navy,2019-20,15.0,10,19,0,0,7,9,5,3,6,10,10,14,20.0,10,18,0,0,4,11,4,2,7,13,8,8
Richard Rivers Jr,Mississippi Valley State,2019-20,20.0,0,0,0,0,0,0,3,0,0,0,0,0,14.87,0,0,0,0,0,0,2,0,0,0,0,0
Richard Rivers Jr.,Mississippi Valley State,2019-20,20.0,9,28,7,20,0,0,0,0,2,0,9,3,14.87,4,12,3,10,0,0,0,0,1,1,5,2
Richard Roberston,IU-Northwest,2019-20,20.0,0,3,0,2,0,0,0,0,0,1,0,3,14.78,0,2,0,1,0,0,1,0,0,0,1,2
Richard Washington,San José St,2019-20,20.0,52,150,32,93,14,18,23,11,4,15,45,19,20.0,47,123,23,72,25,31,18,6,3,15,50,8
Richard Wright,San Diego Christian,2019-20,20.0,3,5,1,3,0,1,0,0,1,0,1,1,14.82,0,0,0,0,0,0,0,0,1,0,0,0
Richardson Maitre,Florida Atlantic,2019-20,19.97,42,101,16,45,12,16,36,19,0,9,58,21,20.0,49,105,23,57,29,35,37,17,3,4,50,27
Richie Mitchell,Campbellsville,2019-20,20.0,3,6,1,3,2,2,0,0,0,0,3,1,14.98,0,2,0,2,0,0,0,0,0,0,0,0
Richmond,,2019-20,0.0,0,0,0,0,0,0,0,0,0,21,12,7,0.0,0,0,0,0,0,0,0,0,0,28,12,5
Richmond Aririguzoh,Princeton,2019-20,20.0,69,106,0,1,27,39,28,5,4,32,58,52,19.47,47,82,0,0,38,59,26,6,9,33,54,24
Rick Newman,Columbia International,2019-20,0.0,0,0,0,0,0,0,0,0,0,0,1,0,14.95,1,4,0,3,0,0,0,0,0,1,1,0
Ricky Clemons,Campbell,2019-20,0.0,4,10,0,3,1,4,3,3,2,0,7,1,14.93,8,15,0,2,3,4,7,0,0,5,5,3
Ricky Council II,UMBC,2019-20,20.0,20,56,14,41,9,14,8,3,2,5,22,7,14.83,6,34,5,28,3,4,3,1,1,2,10,6
Ricky Gouety,,2019-20,0.0,0,0,0,0,0,0,0,0,0,0,1,0,0.0,0,0,0,0,0,0,0,0,0,0,0,0
Ricky Knight Jr,Shorter,2019-20,20.0,0,0,0,0,0,0,2,0,0,0,0,0,14.85,0,0,0,0,0,0,0,0,0,0,0,0
Ricky Knight Jr.,Shorter,2019-20,20.0,0,1,0,1,1,2,0,0,0,0,0,2,14.85,2,5,1,4,0,2,0,0,0,0,1,0
Ricky Lindo Jr,Maryland,2019-20,0.0,0,0,0,0,0,0,2,0,0,0,0,0,17.62,0,0,0,0,0,0,1,0,0,0,0,0
Ricky Lindo Jr.,Maryland,2019-20,20.0,11,19,4,4,3,7,1,3,5,16,18,8,15.55,6,8,0,1,5,7,0,1,3,4,13,1
Ricky Poole,Johnson & Wales (CO),2019-20,20.0,1,2,1,2,0,0,0,0,0,1,1,1,14.77,0,2,0,1,0,0,0,0,0,1,0,0
Ricky Roth,,2019-20,0.63,0,0,0,0,0,0,1,0,0,0,1,1,0.0,2,2,0,0,1,1,2,0,0,0,2,0
Ricky Shuford,Brescia,2019-20,20.0,1,2,0,0,0,0,0,0,1,1,0,0,14.97,1,5,0,0,0,0,0,0,0,0,0,1
Ricky Torres,Illinois State,2019-20,20.0,21,53,11,31,2,4,36,8,6,4,31,26,20.0,21,44,7,19,12,14,45,7,3,6,26,15
Rider,,2019-20,0.0,0,0,0,0,0,0,0,0,0,54,30,4,0.0,0,0,0,0,0,0,0,0,0,69,31,6
Rikkert Maertelaere,Simpson University,2019-20,0.0,0,0,0,0,0,0,0,0,0,0,0,0,14.93,0,1,0,1,2,2,0,0,0,0,0,1
Riley Abercrombie,Boise State,2019-20,20.0,1,8,1,8,0,0,2,0,0,0,8,3,20.0,3,10,1,6,0,0,1,0,0,1,2,0
Riley Battin,Utah,2019-20,20.0,31,77,14,42,8,14,18,3,2,11,33,16,14.98,30,61,14,32,35,45,10,5,0,13,45,6
Riley Blea,San Diego Christian,2019-20,20.0,2,7,1,4,3,3,2,0,0,0,0,2,14.97,1,11,0,5,0,0,0,0,0,0,1,1
Riley Grigsby,Seattle,2019-20,20.0,34,88,13,45,21,25,6,6,10,8,42,11,20.0,27,73,9,41,33,49,6,9,6,22,44,10
Riley Jorgenson,Maine Maritime Academy,2019-20,20.0,2,5,1,2,0,0,0,1,0,0,2,2,14.78,1,5,0,3,0,0,1,1,0,0,0,1
Riley MacLeod,Maine Maritime Academy,2019-20,20.0,1,3,0,0,0,0,1,0,0,0,2,3,14.78,1,3,0,1,0,0,2,0,0,0,2,1
Riley Meloncon,Tennessee Wesleyan,2019-20,20.0,0,2,0,1,0,0,1,0,0,1,2,3,14.77,0,0,0,0,0,0,0,0,0,0,0,0
Riley Nichol,Puget Sound,2019-20,0.0,0,0,0,0,0,0,0,0,1,0,1,2,14.95,1,1,0,0,0,0,0,0,0,1,1,0
Riley Reutener,Anderson (IN),2019-20,20.0,0,1,0,0,0,0,1,0,0,1,1,0,14.88,0,0,0,0,0,0,0,1,0,0,1,0
Riley Till,Iowa,2019-20,0.0,1,4,0,0,0,1,2,0,3,4,3,1,14.75,1,3,0,0,1,6,1,0,1,2,3,1
Riley Voss,Cornell,2019-20,20.0,25,58,14,34,0,0,24,11,3,6,24,10,17.92,6,21,2,11,0,2,13,9,0,2,22,7
Rio Grande,,2019-20,0.0,0,0,0,0,0,0,0,0,0,2,1,0,0.0,0,0,0,0,0,0,0,0,0,1,0,0
Rio Haskett,Harvard,2019-20,20.0,25,73,12,39,6,7,8,13,0,5,10,16,14.62,32,65,17,39,12,17,12,7,2,6,12,14
Rion Black-Hogins,Whittier,2019-20,20.0,0,1,0,1,0,0,0,1,0,0,2,0,14.75,1,3,0,1,0,0,0,0,0,0,0,0
Rip Economou,Seattle,2019-20,20.0,3,14,1,9,2,2,0,2,0,1,5,0,14.82,2,7,2,5,0,0,1,1,0,1,2,3
Rishard Williams,Westcliff,2019-20,20.0,0,7,0,2,0,0,1,0,1,0,2,0,14.8,1,1,1,1,0,0,1,1,0,0,1,1
Rj Arciaga,Pacific Union,2019-20,20.0,1,3,0,0,1,2,1,0,0,0,1,3,14.98,0,2,0,0,0,0,3,0,0,0,0,2
Rj Bell,Geneva,2019-20,20.0,1,2,1,2,0,0,0,1,0,0,0,0,14.9,1,4,1,4,0,0,0,1,0,0,2,1
Rj Selman,Brewton-Parker,2019-20,20.0,0,1,0,1,0,0,0,1,0,0,0,2,14.9,1,5,0,2,0,0,0,0,0,0,0,1
Rj Walker,,2019-20,0.0,0,0,0,0,0,0,0,0,0,0,0,0,0.0,0,0,0,0,0,0,0,0,0,0,0,1
Rob Edwards,Arizona State,2019-20,20.0,60,157,40,104,14,20,11,13,1,8,53,37,20.0,56,148,33,96,31,42,10,20,1,8,40,19
Rob Fuller,Holy Names,2019-20,20.0,0,4,0,2,0,0,0,1,0,0,3,3,14.9,0,1,0,0,0,0,0,0,0,0,1,0
Rob Higgins,St. Francis (BKN),2019-20,20.0,45,150,14,69,15,18,22,16,0,3,17,13,20.0,63,157,22,70,32,43,17,13,1,4,23,14
Rob McClain Jr,UT Rio Grande Valley,2019-20,0.0,0,0,0,0,0,0,10,0,0,0,0,0,10.62,0,0,0,0,0,0,11,0,0,0,0,0
Rob McClain Jr.,UT Rio Grande Valley,2019-20,20.0,16,30,2,8,5,14,0,7,2,17,20,13,19.45,13,25,3,10,2,7,0,9,5,13,19,2
Rob Montgomery,Central Michigan,2019-20,20.0,43,117,10,37,16,26,11,13,8,13,51,21,20.0,46,102,5,24,30,43,8,14,4,17,57,23
Rob Perry,Stetson,2019-20,20.0,61,165,20,72,19,28,26,8,2,9,55,37,20.0,89,185,37,69,42,60,24,19,2,19,57,29
Rob Peterson III,High Point,2019-20,20.0,23,66,5,25,19,32,24,4,2,21,45,34,14.97,27,70,2,19,33,49,15,5,1,20,67,15
Rob Phinisee,Indiana,2019-20,20.0,33,81,12,32,15,21,41,14,2,1,30,26,14.92,27,90,9,33,19,26,42,11,3,3,30,25
Rob Whitfield,UMKC,2019-20,20.0,39,100,31,73,11,12,16,19,2,1,31,15,17.95,38,88,23,61,3,5,11,12,3,1,20,14
Robbie Beran,Northwestern,2019-20,20.0,24,70,11,27,15,22,10,2,8,11,37,13,20.0,23,56,7,19,11,15,7,2,5,14,33,12
Robbie Bramhill,Davenport University,2019-20,20.0,1,3,0,1,0,0,0,0,0,1,0,0,19.45,5,8,5,8,0,0,4,1,0,1,2,1
Robby Carmody,Notre Dame,2019-20,20.0,8,15,0,3,3,6,3,1,1,1,4,5,20.0,4,9,0,3,3,4,0,4,0,1,3,1
Robby Robinson,Nevada,2019-20,20.0,16,34,0,0,4,10,16,6,8,17,63,7,20.0,19,28,0,0,7,12,10,2,2,20,50,12
Robert Allen,Samford,2019-20,18.02,69,176,12,49,25,45,21,15,18,23,80,42,20.0,81,174,13,44,41,57,16,17,18,28,62,26
Robert Andrews,Morehouse College,2019-20,20.0,1,3,0,2,0,0,0,0,0,1,0,1,14.9,0,0,0,0,0,0,0,0,0,0,0,0
Robert Baker,Harvard,2019-20,20.0,36,80,15,39,15,20,9,13,27,16,68,19,14.62,29,62,7,25,8,8,13,11,12,10,47,13
Robert Beaulieu,Haskell,2019-20,20.0,1,2,0,1,0,2,0,0,0,1,2,0,14.92,0,0,0,0,0,0,0,0,0,0,0,0
Robert Bendingfield,Spalding,2019-20,20.0,0,5,0,1,0,0,2,0,0,0,1,4,14.83,1,3,0,1,0,0,1,0,0,0,0,1
Robert Boyd,,2019-20,17.82,2,6,2,6,1,2,3,3,1,0,3,4,0.0,0,1,0,1,0,0,2,1,0,0,1,0
Robert Braswell,Syracuse,2019-20,0.0,4,4,4,4,0,0,0,0,0,0,2,0,15.8,0,3,0,1,0,0,0,2,0,0,1,1
Robert Brown,New Mexico State,2019-20,0.0,0,2,0,0,4,4,0,1,0,0,3,1,14.97,2,3,0,0,0,0,1,0,0,0,0,1
Robert Carpenter,St. Bonaventure,2019-20,0.0,2,8,0,1,0,0,1,2,1,4,2,3,17.87,3,8,0,0,0,0,0,1,1,0,5,0
Robert Chougkaz,Northwestern State,2019-20,20.0,0,0,0,0,0,0,1,0,0,0,2,1,14.92,0,2,0,1,0,0,0,0,0,0,0,1
Robert Guyton,The Citadel,2019-20,0.0,0,0,0,0,0,0,0,0,0,0,0,0,14.78,0,3,0,3,0,0,1,0,0,0,0,1
Robert Hobson,Johnson & Wales (NC),2019-20,20.0,6,13,3,8,0,0,3,1,0,2,3,3,17.75,3,13,3,11,0,0,2,0,0,1,2,3
Robert Jones,Denver,2019-20,20.0,57,105,0,0,10,28,12,12,2,21,43,27,19.97,56,89,0,0,31,65,10,10,9,30,42,26
Robert Jordan Reed,,2019-20,10.9,2,5,0,2,0,0,0,0,0,0,0,1,0.0,0,0,0,0,0,0,0,0,0,0,0,0
Robert Martin,Rice,2019-20,20.0,40,99,20,58,17,26,22,9,2,7,56,21,14.97,57,116,16,46,30,45,22,8,3,13,54,20
Robert Montgomery,,2019-20,1.77,20,44,6,14,11,13,4,5,5,8,16,6,0.0,13,39,1,11,9,10,3,3,3,6,8,6
Robert Morris,,2019-20,0.0,0,0,0,0,0,0,0,0,0,32,23,4,0.0,0,0,0,0,0,0,0,0,0,40,25,12
Robert Sanders,Goshen College,2019-20,0.0,0,0,0,0,0,0,0,0,0,0,0,1,14.93,0,2,0,0,0,0,1,1,0,4,0,3
Robert Wesley,Haskell,2019-20,0.0,0,0,0,0,0,0,0,0,0,0,0,0,14.92,1,2,1,1,0,0,0,0,0,0,0,0
Robert Woodard,,2019-20,11.28,4,8,0,1,0,0,1,0,1,2,3,6,0.0,3,8,1,2,4,6,1,1,0,4,4,1
Robert Woodard II,Mississippi State,2019-20,20.0,65,127,17,35,14,22,24,19,18,29,61,24,17.78,61,125,11,30,27,45,12,15,13,30,64,26
Roberto Gittens,UC Santa Barbara,2019-20,20.0,1,5,1,5,1,2,1,0,0,1,2,0,18.27,0,1,0,1,0,0,1,0,0,0,0,1
Robin Duncan,Vermont,2019-20,20.0,26,58,6,21,9,24,37,12,3,11,39,25,20.0,21,40,1,9,15,28,35,12,1,10,38,16
Robin Jorch,Boise State,2019-20,20.0,24,39,0,4,14,24,5,8,4,19,19,16,14.73,16,24,0,1,14,23,5,1,2,25,25,12
Robin Redford,Newberry,2019-20,20.0,0,1,0,0,0,0,0,0,0,0,0,0,14.97,1,2,0,0,0,0,0,0,0,0,1,1
Robinson Idehen,UC Santa Barbara,2019-20,20.0,31,44,0,0,19,31,7,5,13,25,41,14,17.98,24,36,0,1,13,27,3,3,4,16,21,8
Roche Grootfaam,Utah State,2019-20,0.0,1,1,0,0,2,2,0,0,0,1,2,0,14.85,6,12,0,0,2,2,0,1,0,2,1,1
Rocket Watts,Michigan State,2019-20,20.0,36,108,13,53,11,13,19,5,0,1,35,21,20.0,49,106,17,53,13,17,21,6,0,3,22,14
Rocket Watts Jr,Michigan State,2019-20,20.0,0,0,0,0,0,0,1,0,0,0,0,0,14.9,0,0,0,0,0,0,1,0,0,0,0,0
Rocket Watts Jr.,Michigan State,2019-20,20.0,2,8,1,4,0,0,1,1,0,0,0,1,20.0,0,4,0,4,0,0,1,1,0,0,1,1
Rocky Kreuser,North Dakota State,2019-20,20.0,39,100,18,55,20,25,19,4,10,18,64,19,18.32,54,119,20,59,28,32,11,5,12,10,62,10
Rocky Mountain,,2019-20,0.0,0,0,0,0,0,0,0,0,0,0,1,0,0.0,0,0,0,0,0,0,0,0,0,3,0,0
Rod Cummings II,Hendrix College,2019-20,20.0,0,1,0,0,0,0,0,0,0,0,1,3,15.55,0,1,0,0,0,0,1,0,0,0,0,0
Rod Henry-Hayes,Northern Illinois,2019-20,20.0,7,19,5,12,1,2,0,0,0,1,4,5,20.0,2,15,1,10,4,4,2,3,0,2,2,1
Rod Johnson,Chattanooga,2019-20,20.0,35,99,10,42,23,43,18,6,6,16,67,28,18.12,30,62,10,25,23,30,22,5,4,11,43,19
Rod Melton Jr,Florida A&M,2019-20,0.0,0,0,0,0,0,0,11,0,0,0,0,0,16.12,0,0,0,0,0,0,9,0,0,0,0,0
Rod Melton Jr.,Florida A&M,2019-20,20.0,37,89,15,40,10,14,3,8,0,4,20,14,14.58,51,103,10,36,22,30,1,12,1,7,12,17
Rod Thomas,Murray State,2019-20,0.0,0,0,0,0,0,0,0,0,0,0,0,0,14.97,1,1,1,1,0,0,1,0,0,1,2,0
Roderick Bailey,NC Wesleyan,2019-20,20.0,0,1,0,1,0,0,0,1,0,0,0,0,14.97,0,0,0,0,0,0,0,0,0,0,0,0
Roderick Smith,Western Illinois,2019-20,0.0,10,20,0,0,5,8,0,1,1,7,7,3,20.0,10,18,0,0,5,5,2,3,0,3,15,1
Rodman Allen,Wilberforce,2019-20,20.0,1,4,1,4,0,0,0,0,0,0,0,0,14.83,2,3,1,2,0,0,0,0,0,0,0,0
Rodney Carson,New Orleans,2019-20,20.0,12,36,1,6,11,15,10,4,2,11,10,13,14.87,16,45,4,12,7,8,7,8,1,9,7,13
Rodney Chatman,Dayton,2019-20,20.0,51,109,25,55,18,25,50,21,2,4,35,24,20.0,20,69,10,39,27,39,42,19,1,6,25,38
Rodney Henderson Jr.,CSU Northridge,2019-20,20.0,3,8,2,7,3,6,0,0,0,2,4,6,16.42,0,5,0,4,0,0,0,0,0,0,1,0
Rodney Herenton,,2019-20,0.0,0,0,0,0,0,0,0,0,0,0,1,0,0.0,0,0,0,0,0,0,0,0,0,0,0,1
Rodney Howard,Georgia,2019-20,0.0,7,12,0,0,4,12,2,1,7,12,12,6,18.05,6,10,0,0,1,6,1,1,7,2,6,3
Rodney Mallett,William Carey,2019-20,20.0,1,2,0,0,2,2,2,1,0,0,1,2,17.92,2,4,1,2,0,0,2,0,0,0,0,0
Rodney Miller Jr,Miami,2019-20,20.0,0,0,0,0,0,0,9,0,0,0,0,0,17.98,0,0,0,0,0,0,3,0,0,0,0,0
Rodney Miller Jr.,Miami,2019-20,20.0,44,81,0,1,11,20,1,11,12,27,58,9,14.87,31,49,0,0,17,29,1,7,9,23,45,11
Rodney Simon,West New Mexico,2019-20,19.93,0,1,0,0,0,0,0,0,0,0,0,0,14.97,0,0,0,0,0,0,0,0,0,0,0,0
Rodrick McCobb,Northern Colorado,2019-20,20.0,10,23,2,12,0,0,8,2,0,4,22,9,15.58,9,31,4,18,2,4,9,2,2,6,18,6
Rodrigo Nunez,Central Christian College,2019-20,20.0,3,7,0,1,0,0,0,0,1,0,2,2,14.87,1,1,0,0,0,2,0,0,0,0,1,0
Roey Stern,Marymount VA,2019-20,20.0,0,2,0,0,0,0,0,0,0,0,0,2,16.5,0,2,0,0,0,0,0,0,0,1,1,0
Rogers Printup,UC Davis,2019-20,0.0,14,29,8,17,2,2,11,5,1,5,24,5,14.75,12,31,8,23,5,6,4,5,1,5,21,4
Roland Griffin,Jackson State,2019-20,20.0,59,131,5,20,18,25,17,7,4,17,47,29,14.88,41,100,0,7,53,69,23,14,4,7,46,29
Romain Arlot,Cal State-Los Angeles,2019-20,0.0,0,0,0,0,0,0,0,0,0,0,0,0,18.6,0,0,0,0,0,1,0,0,0,0,1,0
Romain Boxus,Hartford,2019-20,20.0,19,48,13,32,2,4,12,6,1,12,34,7,17.95,14,33,13,27,5,5,6,3,1,3,18,1
Roman Penn,Drake,2019-20,20.0,68,133,9,26,24,28,106,25,0,12,63,43,15.35,76,155,17,41,51,68,76,17,0,7,71,40
Roman Silva,Oregon State,2019-20,20.0,14,24,0,0,4,6,5,3,5,11,13,8,16.42,10,14,0,0,0,1,0,0,4,3,6,2
Roman Young,Chaminade,2019-20,20.0,2,5,2,4,1,2,1,1,0,0,0,0,14.72,0,5,0,3,6,6,1,3,0,0,3,1
Romani Hansen,Albany,2019-20,20.0,31,58,7,14,11,17,10,6,12,17,58,19,14.9,36,74,8,22,14,28,8,5,12,30,57,11
Romar Reid,Manhattan,2019-20,20.0,3,17,3,14,2,3,9,1,2,0,4,15,19.78,0,5,0,4,1,2,6,0,0,1,2,3
Romario Spence,Montevallo,2019-20,20.0,2,3,0,0,0,0,0,1,1,1,0,0,19.52,1,3,0,1,1,1,0,0,1,0,2,1
Romaro Gill,Seton Hall,2019-20,20.0,41,64,0,0,21,31,2,3,36,20,51,18,14.8,43,69,0,0,28,39,2,5,51,28,62,14
Romeao Ferguson,Belmont Abbey,2019-20,20.0,1,6,0,2,1,4,0,0,0,0,1,1,14.85,3,7,2,3,0,0,1,1,0,0,2,0
Romelle Mansel,Long Beach State,2019-20,20.0,21,59,1,8,15,27,18,16,3,16,45,38,20.0,20,43,0,3,13,28,12,7,6,8,30,12
Romello White,Arizona State,2019-20,20.0,64,126,0,0,34,53,13,10,13,51,81,32,15.18,48,70,0,0,48,67,18,4,22,30,102,31
Romelo Burrell,Central Michigan,2019-20,20.0,10,28,2,6,21,28,8,3,5,20,35,5,14.87,9,24,1,3,11,13,5,7,9,14,28,5
Romeo Weems,DePaul,2019-20,20.0,53,116,17,43,13,25,26,20,11,25,53,27,14.98,39,95,9,24,19,29,24,17,11,24,46,22
Ron Artest III,CSU Northridge,2019-20,20.0,6,18,0,0,1,4,4,1,4,9,14,6,14.58,4,10,0,0,1,3,1,1,3,5,9,9
Ron Harper Jr,Rutgers,2019-20,0.0,0,0,0,0,0,0,11,0,0,0,0,0,20.0,0,0,0,0,0,0,14,0,0,0,0,0
Ron Harper Jr.,Rutgers,2019-20,20.0,61,142,19,54,17,24,3,7,15,11,59,19,20.0,63,128,15,42,41,52,2,13,9,18,65,11
Ron Mitchell,UMass Lowell,2019-20,20.0,35,102,12,40,17,22,35,11,4,10,41,30,18.8,34,89,13,42,23,27,21,7,2,12,39,23
Ron Rice,Spring Hill,2019-20,20.0,0,5,0,3,1,2,0,0,2,0,5,1,14.87,0,2,0,0,0,0,0,0,0,2,4,2
Ronagnick Castle,Gallaudet University,2019-20,20.0,0,0,0,0,0,0,1,0,0,1,1,1,14.92,1,1,0,0,2,2,0,0,0,1,0,1
Ronald Blain,Hawaii Pacific,2019-20,20.0,1,10,0,3,2,2,0,1,0,3,1,0,17.92,0,5,0,0,0,0,0,1,0,1,3,1
Ronald Jackson,North Carolina A&T,2019-20,20.0,35,78,10,25,21,29,6,5,3,26,55,12,14.98,39,66,2,10,32,36,4,10,4,21,52,13
Ronald Lucas,Delaware State,2019-20,20.0,8,17,1,2,4,4,0,2,2,2,14,8,19.78,6,8,0,0,3,6,1,1,0,2,4,2
Ronald Taylor,Campbellsville,2019-20,20.0,0,1,0,1,0,0,4,0,0,0,1,0,14.98,0,0,0,0,2,2,1,0,0,1,1,1
Ronaldo Segu,Buffalo,2019-20,20.0,49,113,17,36,13,15,37,12,6,13,31,26,20.0,42,116,17,56,29,33,26,6,4,8,22,14
Ronne Readus,CSU Bakersfield,2019-20,10.0,11,26,0,0,6,9,3,3,7,19,20,12,20.0,13,30,0,1,6,8,2,3,5,28,31,11
Ronnie Davis,Westcliff,2019-20,20.0,3,8,0,1,2,2,0,3,0,0,1,3,14.8,2,5,0,0,0,0,1,2,0,1,3,0
Ronnie Rousseau Iii,Antelope Valley,2019-20,20.0,5,12,2,4,0,0,0,0,0,2,1,3,17.9,3,8,0,2,0,0,2,1,0,0,1,2
Ronnie Suggs,Southern Illinois,2019-20,20.0,21,56,8,26,23,25,12,6,1,6,25,8,18.1,15,50,6,25,21,26,7,5,0,7,31,10
Roosevelt Smart,North Texas,2019-20,20.0,15,35,9,23,6,6,3,5,2,3,12,8,16.43,7,24,2,14,6,6,2,3,0,1,7,5
Rory Lewis,Gallaudet University,2019-20,0.0,0,0,0,0,0,0,0,0,0,0,0,1,14.92,1,4,1,3,0,0,1,1,0,0,0,0
Roscoe Eastmond,Denver,2019-20,20.0,23,61,4,17,16,26,44,10,1,2,30,31,19.97,22,59,6,18,17,20,34,15,0,5,21,29
Rosel Hurley,St. Francis (BKN),2019-20,20.0,14,37,0,1,10,19,12,4,0,3,20,15,20.0,7,27,0,1,7,12,0,4,1,3,9,7
Rosemont,,2019-20,0.0,0,0,0,0,0,0,0,0,0,0,0,2,0.0,0,0,0,0,0,0,0,0,0,1,1,0
Ross Cummings,Mercer,2019-20,20.0,8,18,5,12,2,2,6,3,1,1,6,7,20.0,11,23,6,12,6,6,5,2,0,0,5,6
Ross Owens,Missouri State,2019-20,0.0,8,23,6,20,1,2,16,8,0,6,13,5,20.0,5,18,3,13,1,2,8,4,0,7,13,3
Ross Ryan,Maryville University,2019-20,20.0,2,4,0,1,0,0,0,1,0,0,8,0,19.83,2,4,0,0,0,0,1,0,0,1,1,1
Ross Williams,Menlo,2019-20,20.0,1,3,0,1,0,0,0,0,0,0,1,0,17.82,2,3,1,1,0,0,0,0,0,0,0,0
Roti Ware,Stephen F. Austin,2019-20,20.0,48,105,12,30,10,13,25,17,2,3,35,18,16.37,43,100,13,30,37,49,25,12,1,3,37,20
Roy Ellis,Coker,2019-20,20.0,0,3,0,1,3,4,1,1,0,0,2,2,17.92,3,5,1,2,0,0,0,1,0,1,1,0
Royce Hamm Jr,Texas,2019-20,20.0,0,0,0,0,0,0,5,0,0,0,0,0,18.87,0,0,0,0,0,0,0,0,0,0,0,0
Royce Hamm Jr.,Texas,2019-20,20.0,21,40,0,4,8,11,2,1,10,10,38,26,15.58,8,20,0,2,14,18,3,2,8,13,21,18
Royce Hunter,Coker,2019-20,20.0,3,5,3,5,0,0,2,0,0,1,1,2,17.92,0,12,0,8,0,0,0,0,1,2,2,1
Roydell Brown,McNeese,2019-20,20.0,47,108,4,13,25,45,38,13,5,43,83,28,20.0,47,85,5,8,20,41,32,7,8,32,64,21
Ruben Gonzalez,Antelope Valley,2019-20,20.0,0,1,0,1,0,0,0,0,0,0,1,0,17.9,1,2,0,1,0,0,3,0,0,0,0,1
Ruben Lasarge,Haskell,2019-20,0.0,0,0,0,0,0,0,0,0,0,0,0,0,14.92,0,1,0,1,0,0,0,1,0,0,0,0
Ruben Monzon,Our Lady of the Lake,2019-20,20.0,2,9,2,5,1,3,0,1,0,1,2,6,14.9,1,3,0,1,0,0,0,0,1,1,2,2
Rudy Fitzgibbons III,The Citadel,2019-20,20.0,33,79,19,49,9,14,18,6,0,6,24,17,20.0,25,61,14,41,19,22,11,10,0,6,19,19
Runako Ziegler,Florida Tech,2019-20,20.0,1,2,0,1,0,0,0,0,0,0,0,3,17.75,1,1,1,1,0,0,0,0,0,0,1,0
Ruot Monyyong,Little Rock,2019-20,20.0,59,103,3,13,47,79,20,17,24,20,125,26,20.0,59,104,4,17,25,52,20,9,33,32,85,19
Russel Tchewa,Texas Tech,2019-20,20.0,7,11,0,0,1,2,1,2,6,2,4,2,14.92,4,9,0,0,1,2,1,0,0,3,4,4
Russell Barlow,TCU,2019-20,0.0,0,0,0,0,0,0,0,0,0,0,0,0,17.17,0,1,0,0,0,0,0,0,0,1,0,0
Russell Dean,Hampton,2019-20,20.0,12,18,0,1,4,6,34,7,5,13,33,12,14.88,11,24,0,0,12,20,23,3,2,14,18,10
Russell Jones,Winthrop,2019-20,20.0,28,78,14,38,17,25,29,11,0,12,23,18,20.0,31,77,17,42,34,52,24,16,0,10,12,13
Russell Jones Jr,Winthrop,2019-20,20.0,0,0,0,0,0,0,4,0,0,0,0,0,20.0,0,0,0,0,0,0,2,0,0,0,0,0
Russell Jones Jr.,,2019-20,0.87,0,4,0,1,0,0,0,2,0,0,1,0,0.0,0,4,0,3,2,2,0,0,0,1,2,1
Russell Keyhea,Wesley,2019-20,20.0,0,2,0,1,1,2,0,0,0,0,2,2,14.92,1,2,0,0,0,0,0,0,0,1,0,1
Russhard Cruickshank,Eastern Kentucky,2019-20,20.0,33,96,21,69,11,13,38,21,1,5,18,17,18.12,21,54,17,45,7,8,22,8,0,3,11,14
Rust,,2019-20,0.0,0,0,0,0,0,0,0,0,0,2,1,1,0.0,0,0,0,0,0,0,0,0,0,2,0,0
Rutgers,,2019-20,0.0,0,0,0,0,0,0,0,0,0,46,23,3,0.0,0,0,0,0,0,0,0,0,0,46,25,7
Rutgers-Camden,,2019-20,0.0,0,0,0,0,0,0,0,0,0,0,0,1,0.0,0,0,0,0,0,0,0,0,0,1,0,1
Ruud Lutterman,Caldwell College,2019-20,20.0,2,8,0,0,2,6,0,0,1,2,2,2,20.0,4,5,0,0,4,4,0,0,0,0,1,0
Ryan Allen,Delaware,2019-20,20.0,60,161,30,104,21,29,38,7,2,2,32,24,14.93,50,136,29,78,41,48,20,18,5,5,22,28
Ryan Betley,Pennsylvania,2019-20,20.0,42,100,22,62,0,1,9,7,4,4,54,14,20.0,27,69,14,46,17,22,14,8,2,3,43,10
Ryan Boyce,Memphis,2019-20,20.0,2,3,1,2,1,2,1,0,1,1,0,1,14.93,0,1,0,1,0,0,0,0,0,0,0,0
Ryan Briscoe,Quincy,2019-20,20.0,2,10,2,8,0,2,3,1,0,2,0,2,20.0,4,8,2,6,2,5,5,2,0,0,1,3
Ryan Burkhardt,North Florida,2019-20,20.0,17,41,16,40,3,3,7,5,1,2,18,5,17.93,13,32,12,30,1,2,7,5,0,3,16,6
Ryan Carmello,Marist,2019-20,0.0,0,0,0,0,0,0,0,0,0,0,1,0,17.48,0,0,0,0,0,0,1,0,0,0,0,0
Ryan Daly,Saint Joseph's,2019-20,20.0,102,248,28,86,51,64,55,16,6,24,82,47,19.35,93,216,25,76,65,94,65,17,4,20,69,35
Ryan Davis,Vermont,2019-20,20.0,60,121,11,40,24,28,8,3,9,34,30,15,20.0,38,67,6,17,12,15,7,7,5,22,33,8
Ryan Fazekas,Valparaiso,2019-20,20.0,30,61,18,38,3,7,8,5,1,2,15,4,20.0,34,76,28,56,8,12,4,2,0,8,17,5
Ryan Godges,Hawaii Pacific,2019-20,0.0,0,0,0,0,0,0,0,0,0,0,0,0,17.92,1,1,0,0,0,0,0,0,0,0,0,0
Ryan Gomes,Houston Baptist,2019-20,20.0,24,43,0,0,15,18,11,2,8,10,21,11,18.07,19,40,0,1,14,24,3,4,6,14,23,10
Ryan Greer,Northwestern,2019-20,20.0,5,13,1,3,0,0,8,2,0,0,3,3,20.0,4,12,1,3,1,2,7,1,1,0,7,0
Ryan Haywood,California Merced,2019-20,20.0,1,3,0,2,0,0,0,0,0,0,0,1,14.87,1,2,0,0,0,0,0,0,0,0,1,1
Ryan Kennedy,Farmingdale State,2019-20,20.0,1,5,1,2,0,0,0,0,0,0,3,3,14.73,0,3,0,3,0,0,1,1,0,0,0,1
Ryan Kriener,Iowa,2019-20,20.0,47,83,7,23,18,23,13,3,9,17,41,18,14.93,39,78,8,24,19,25,12,6,14,25,40,20
Ryan Langborg,Princeton,2019-20,20.0,18,38,12,30,0,0,6,3,2,2,14,6,19.47,12,30,8,22,3,3,5,5,3,2,16,4
Ryan Larson,Wofford,2019-20,20.0,13,39,6,23,9,14,29,16,0,4,28,15,14.97,19,42,5,18,11,14,25,18,0,1,28,24
Ryan Martin,Chicago,2019-20,20.0,0,1,0,0,0,0,0,0,0,0,0,0,14.9,0,1,0,0,0,0,0,0,0,0,0,0
Ryan McAdoo,North Carolina,2019-20,0.0,0,0,0,0,0,0,0,0,0,0,0,0,20.0,0,0,0,0,1,2,0,0,0,1,0,0
Ryan McLaurin,Millsaps,2019-20,20.0,0,1,0,1,0,0,1,0,0,0,0,0,14.93,0,1,0,1,0,0,0,0,0,0,0,2
Ryan McMahon,Louisville,2019-20,20.0,49,116,42,94,8,8,28,12,0,2,16,17,14.87,32,73,26,60,32,34,27,7,2,2,13,11
Ryan McRaney,William Carey,2019-20,20.0,0,2,0,2,0,0,1,1,0,0,1,2,17.92,0,0,0,0,0,0,0,0,0,0,0,0
Ryan Mckenzie,,2019-20,19.65,1,1,1,1,0,0,0,0,0,0,0,0,0.0,0,0,0,0,0,0,0,0,0,0,0,0
Ryan Mckeon,Gettysburg,2019-20,20.0,0,2,0,0,0,0,1,2,0,1,2,1,17.9,1,1,0,0,0,0,0,0,0,0,0,0
Ryan Mikesell,Dayton,2019-20,20.0,54,112,13,43,15,24,28,12,8,19,68,16,20.0,38,80,7,36,21,30,30,7,11,11,41,12
Ryan Miller,Merrimack,2019-20,0.0,0,0,0,0,0,0,0,0,0,0,0,0,14.98,2,4,1,2,1,1,0,0,0,1,0,0
Ryan Moffatt,Colgate,2019-20,0.0,1,4,0,1,2,4,1,0,0,2,3,2,20.0,1,4,0,1,0,1,2,1,0,2,6,1
Ryan Murphy,Pittsburgh,2019-20,20.0,41,119,20,70,10,12,17,12,1,7,19,19,20.0,35,96,20,53,14,17,19,13,2,7,23,16
Ryan Norman,Bridgewater,2019-20,0.0,0,0,0,0,0,0,0,0,0,0,0,0,14.93,0,2,0,0,0,0,0,0,0,1,0,0
Ryan Peterson,Willamette,2019-20,0.0,0,0,0,0,0,0,0,0,0,1,1,1,14.98,0,0,0,0,0,0,2,0,0,1,1,0
Ryan Rapp,Washington State,2019-20,20.0,2,8,1,6,0,0,4,1,0,0,4,2,20.0,8,13,2,6,0,0,3,2,0,3,3,6
Ryan Rocuant,Florida Gulf Coast,2019-20,19.62,1,1,0,0,0,0,0,0,0,0,0,0,20.0,0,0,0,0,0,0,0,0,0,0,0,0
Ryan Schmadel,,2019-20,0.0,0,0,0,0,0,0,0,0,0,0,0,1,0.0,0,0,0,0,0,0,0,0,0,0,0,0
Ryan Schmadel Turnover.,SUNY-Cortland,2019-20,20.0,1,1,0,0,0,0,0,0,0,0,0,0,14.93,0,0,0,0,0,0,0,0,0,0,0,0
Ryan Schwieger,Princeton,2019-20,20.0,42,91,12,34,11,12,31,5,2,7,31,21,20.0,34,80,12,34,23,26,22,11,1,8,17,28
Ryan Shaffer,Belmont Abbey,2019-20,20.0,2,5,0,1,0,0,0,0,0,0,0,0,14.85,1,3,0,1,0,0,0,0,1,0,0,0
Ryan Silva,,2019-20,0.0,0,0,0,0,0,0,0,0,0,0,0,2,0.0,0,0,0,0,0,0,0,0,0,0,0,1
Ryan Swan,Air Force,2019-20,20.0,60,132,19,57,31,42,25,15,3,28,48,22,20.0,80,141,18,42,47,68,28,13,3,42,47,24
Ryan Wade,Holy Cross,2019-20,0.0,32,91,26,71,5,7,30,8,2,3,29,22,15.55,22,84,15,67,17,19,16,3,2,4,22,18
Ryan Woolridge,Gonzaga,2019-20,20.0,72,134,17,38,19,32,76,23,2,10,55,41,14.88,51,96,14,32,28,43,59,24,5,12,67,27
Ryan Young,Northwestern,2019-20,20.0,42,85,1,12,32,48,25,6,5,20,62,25,20.0,48,91,2,9,25,35,17,7,8,32,55,12
Ryghe Lyons,Nicholls,2019-20,15.0,15,32,0,2,0,2,6,3,19,18,28,8,20.0,10,17,0,1,0,0,4,0,3,6,11,2
Rylan Bergersen,Central Arkansas,2019-20,20.0,72,168,23,71,43,61,39,6,6,14,38,39,14.98,69,150,16,65,63,92,37,8,7,21,47,35
Rylan Jones,Utah,2019-20,20.0,27,72,17,53,16,18,48,14,0,0,37,35,14.98,35,83,26,56,36,42,45,13,0,4,27,30
Rylen Grundy,,2019-20,0.0,0,0,0,0,0,0,0,0,0,0,0,0,16.82,1,2,1,2,0,0,0,2,0,1,0,0
SE Louisiana,,2019-20,0.0,0,0,0,0,0,0,0,0,0,49,26,8,0.0,0,0,0,0,0,0,0,0,0,72,14,8
SIU-Edwardsville,,2019-20,0.0,0,0,0,0,0,0,0,0,0,41,29,11,0.0,0,0,0,0,0,0,0,0,0,66,33,7
SK Shittu,Central Arkansas,2019-20,20.0,12,26,1,3,5,10,4,2,0,15,24,6,14.98,11,20,1,3,3,4,0,1,3,2,8,4
SMU,,2019-20,0.0,0,0,0,0,0,0,0,0,0,31,20,5,0.0,0,0,0,0,0,0,0,0,0,36,27,7
SUNY-Cortland,,2019-20,0.0,0,0,0,0,0,0,0,0,0,0,1,0,0.0,0,0,0,0,0,0,0,0,0,2,0,0
Sa'eed Nelson,American,2019-20,20.0,86,178,8,29,28,49,59,40,4,14,57,39,20.0,87,183,3,28,64,91,60,33,3,14,45,52
SaBastian Townes,Bryant,2019-20,20.0,3,9,0,3,3,4,0,0,0,2,6,6,14.65,3,7,2,2,0,3,2,0,0,1,5,2
Saba Gvedashvili,Mount Marty,2019-20,20.0,1,6,0,4,0,0,0,0,1,0,0,0,18.98,0,0,0,0,0,0,0,1,0,0,3,0
Saben Lee,Vanderbilt,2019-20,20.0,87,187,16,57,53,75,58,25,4,10,44,47,17.82,94,188,22,54,84,107,67,20,4,7,44,45
Sabry Philip,San Diego,2019-20,20.0,5,11,0,3,2,3,2,1,1,1,6,7,20.0,3,5,0,0,1,1,1,0,1,1,0,3
Sacar Anim,Marquette,2019-20,19.98,69,159,23,63,21,31,20,13,4,22,35,30,14.92,62,152,21,53,34,50,20,15,4,14,48,21
Sacramento State,,2019-20,0.0,0,0,0,0,0,0,0,0,0,42,24,3,0.0,0,0,0,0,0,0,0,0,0,47,18,9
Sacred Heart,,2019-20,0.0,0,0,0,0,0,0,0,0,0,46,27,8,0.0,0,0,0,0,0,0,0,0,0,28,26,9
Sadarius Bowser,Charleston Southern,2019-20,20.0,15,26,0,0,8,10,6,0,0,18,30,13,14.88,16,26,0,0,8,11,4,0,2,10,21,11
Saddiq Bey,Villanova,2019-20,20.0,87,186,37,90,26,35,39,12,8,18,56,23,14.93,84,177,41,84,43,54,35,12,4,21,48,21
Sage McKenna,Spring Hill,2019-20,0.0,1,1,0,0,0,0,0,0,0,0,0,0,14.87,1,4,0,3,0,0,0,1,0,0,3,2
Sage Tolbert,SE Missouri St,2019-20,20.0,48,97,1,6,33,55,19,13,15,33,69,26,17.82,55,90,1,4,50,76,11,12,8,46,64,32
Sagu American Indian College,,2019-20,0.0,0,0,0,0,0,0,0,0,0,0,0,0,0.0,0,0,0,0,0,0,0,0,0,0,2,1
Saheem Anthony,Hampton,2019-20,0.0,5,13,5,13,0,0,1,0,0,0,6,1,14.92,3,9,3,9,1,1,1,0,0,0,3,1
Sahvir Wheeler,Georgia,2019-20,20.0,44,104,9,26,11,19,61,12,0,5,29,35,18.05,48,94,6,19,35,48,61,12,0,12,20,46
Saint Joseph's,,2019-20,0.0,0,0,0,0,0,0,0,0,0,41,36,7,0.0,0,0,0,0,0,0,0,0,0,56,31,5
Saint Katherine College,,2019-20,0.0,0,0,0,0,0,0,0,0,0,6,3,1,0.0,0,0,0,0,0,0,0,0,0,2,2,0
Saint Louis,,2019-20,0.0,0,0,0,0,0,0,0,0,0,60,20,2,0.0,0,0,0,0,0,0,0,0,0,83,16,3
Saint Mary's,,2019-20,0.0,0,0,0,0,0,0,0,0,0,27,27,11,0.0,0,0,0,0,0,0,0,0,0,48,19,12
Saint Peter's,,2019-20,0.0,0,0,0,0,0,0,0,0,0,49,34,7,0.0,0,0,0,0,0,0,0,0,0,57,28,13
Sal Nuhu,Portland State,2019-20,20.0,44,102,0,4,26,40,6,10,30,16,70,22,14.95,46,92,0,1,37,55,10,10,24,29,56,19
Sam Baker,McNeese,2019-20,20.0,15,45,12,39,2,2,11,6,0,2,15,10,20.0,26,53,23,48,2,2,11,6,0,1,7,12
Sam Battle,Trinity Baptist,2019-20,20.0,2,5,0,1,0,0,0,0,0,0,3,4,14.93,4,8,0,1,0,1,2,0,0,4,2,0
Sam Beskind,,2019-20,0.0,0,0,0,0,0,0,0,0,0,0,0,1,0.0,0,0,0,0,0,0,0,0,0,0,0,0
Sam Brown,Florida College,2019-20,20.0,0,1,0,0,0,0,0,0,0,0,1,0,20.0,0,0,0,0,0,0,0,0,0,0,0,0
Sam Cunliffe,Evansville,2019-20,20.0,64,171,21,73,13,18,18,8,2,9,46,33,20.0,56,134,19,60,22,30,15,8,0,7,49,26
Sam DeVault,Austin Peay,2019-20,20.0,3,4,3,3,2,2,0,0,0,1,1,1,14.78,0,0,0,0,0,0,0,0,0,0,0,1
Sam Devault,Austin Peay,2019-20,20.0,3,4,0,1,2,2,0,0,0,0,5,0,14.98,0,1,0,1,0,0,0,0,0,0,1,2
Sam Dunkum,Little Rock,2019-20,0.0,0,0,0,0,0,0,0,0,0,0,0,0,17.78,0,0,0,0,1,2,0,0,0,1,0,0
Sam Gagliardi,Florida Gulf Coast,2019-20,20.0,29,92,25,81,7,10,11,6,1,9,36,22,16.05,22,64,22,59,4,7,8,10,1,7,19,14
Sam Green,Drexel,2019-20,20.0,35,83,23,51,5,9,12,6,2,14,30,17,20.0,12,40,6,28,1,3,6,2,0,11,13,12
Sam Griesel,North Dakota State,2019-20,20.0,21,54,4,16,11,16,6,5,0,22,28,5,18.32,15,33,3,5,13,19,6,4,3,14,27,14
Sam Griffin,UT Arlington,2019-20,20.0,54,137,25,77,9,13,18,10,0,1,24,19,14.9,54,115,26,70,12,17,17,8,0,0,16,9
Sam Hanley,Hartwick,2019-20,20.0,1,4,1,3,0,0,1,0,0,1,0,0,14.98,0,0,0,0,0,0,0,0,0,0,0,0
Sam Hofman,Detroit Mercy,2019-20,0.0,6,17,4,14,2,2,1,1,0,5,12,2,17.75,5,13,2,7,3,3,2,0,0,2,4,1
Sam Houston State,,2019-20,0.0,0,0,0,0,0,0,0,0,0,57,22,4,0.0,0,0,0,0,0,0,0,0,0,47,29,3
Sam Howlin,William Jessup,2019-20,20.0,1,1,0,0,0,0,2,2,1,2,1,1,14.92,0,0,0,0,0,0,1,0,0,0,1,1
Sam Ibiezugbe,Monmouth,2019-20,0.0,6,12,0,0,4,8,0,5,2,7,8,2,16.48,2,5,0,0,3,6,0,2,3,6,11,2
Sam Kearns,Oral Roberts,2019-20,20.0,23,68,16,55,6,7,22,12,2,3,26,12,20.0,22,59,11,37,21,24,20,11,0,1,28,11
Sam Kinney,Colorado College,2019-20,0.0,0,0,0,0,0,0,0,0,0,0,0,1,14.83,0,1,0,0,0,0,0,0,0,1,0,0
Sam Lopez,,2019-20,13.73,0,1,0,0,0,0,0,0,0,0,0,0,0.0,0,0,0,0,0,0,0,0,0,0,0,0
Sam Mack,Southern,2019-20,20.0,1,8,0,7,0,0,1,0,1,1,2,0,14.95,2,6,2,4,0,0,0,0,0,1,0,1
Sam Martin,Martin Methodist,2019-20,20.0,2,7,1,3,0,0,0,0,0,1,1,2,17.83,2,2,0,0,0,0,0,0,0,0,1,0
Sam Masten,Northern Colorado,2019-20,20.0,30,62,10,18,16,24,13,4,0,5,20,12,15.58,21,51,5,14,11,22,10,8,0,2,12,9
Sam Merrill,Utah State,2019-20,20.0,92,203,48,114,45,54,67,11,0,3,70,19,20.0,100,212,40,99,95,104,52,15,4,3,52,30
Sam Miller,Charleston,2019-20,20.0,40,82,17,42,13,16,15,4,13,13,74,22,15.33,40,88,17,42,15,19,17,1,12,18,65,17
Sam Morris,Newport News Apprentice,2019-20,20.0,0,1,0,1,0,0,1,0,0,0,0,1,14.92,2,3,1,2,0,0,1,0,0,0,3,1
Sam Nangle,UC Santa Cruz,2019-20,0.0,0,0,0,0,0,0,0,1,0,0,0,1,14.9,0,1,0,1,0,0,0,1,0,1,1,0
Sam Rautins,Canisius,2019-20,20.0,3,8,3,5,0,0,0,0,0,1,2,1,20.0,1,3,1,3,0,0,0,1,0,0,2,0
Sam Rumley,West Coast Baptist,2019-20,20.0,1,2,0,0,0,0,0,0,0,2,0,0,14.92,0,1,0,0,0,0,0,0,0,0,1,1
Sam Sessoms,Binghamton,2019-20,20.0,76,198,23,82,25,28,72,20,0,9,56,43,17.92,105,238,34,97,49,58,51,21,1,22,43,39
Sam Shafer,Albany,2019-20,20.0,0,2,0,2,0,0,1,0,1,1,0,0,18.87,0,0,0,0,0,0,0,0,0,0,0,0
Sam Timmins,Washington,2019-20,20.0,14,24,1,4,5,6,4,4,7,3,14,12,19.48,10,14,2,3,5,11,1,3,5,8,18,3
Sam Vining,Rocky Mountain,2019-20,20.0,3,6,2,4,0,0,1,1,0,0,1,1,14.87,0,2,0,1,0,0,0,0,0,0,0,2
Sam Waardenburg,Miami,2019-20,20.0,36,86,6,29,22,33,18,12,13,29,68,22,14.87,21,52,5,19,19,27,12,7,18,17,55,12
Sam Weining,Campbellsville,2019-20,20.0,2,2,0,0,0,0,0,0,0,1,0,0,14.98,0,0,0,0,0,0,0,0,0,0,0,0
Sam Wolfe,VMI,2019-20,0.0,0,0,0,0,0,0,0,0,0,0,0,0,14.88,0,0,0,0,0,0,1,0,0,0,1,1
Sama'Zha Hart,Stephen F. Austin,2019-20,20.0,11,28,0,5,1,1,6,3,2,8,12,10,16.37,7,20,0,3,4,6,4,0,1,7,6,8
Samari Curtis,Nebraska,2019-20,20.0,3,7,3,6,2,2,1,0,1,0,4,1,18.43,1,2,1,2,0,0,0,0,0,0,3,1
Samba Diallo,UMass,2019-20,20.0,26,79,3,18,31,45,14,12,3,29,61,34,18.8,40,77,2,11,30,45,14,13,3,29,61,12
Samford,,2019-20,0.0,0,0,0,0,0,0,0,0,0,42,21,1,0.0,0,0,0,0,0,0,0,0,0,44,21,2
Samir Doughty,Auburn,2019-20,20.0,68,186,31,99,47,63,45,19,2,12,44,35,20.0,76,164,25,70,88,112,34,15,2,14,47,36
Samir Stewart,Manhattan,2019-20,20.0,39,117,21,87,9,11,45,14,2,6,19,28,19.78,35,103,28,80,34,49,41,17,1,2,14,23
Samm Jones,Drake,2019-20,20.0,0,1,0,1,0,0,0,0,0,0,0,0,14.98,1,3,0,0,3,4,1,1,1,0,3,1
Sammy Barnes-Thompkins,New Mexico Highlands,2019-20,20.0,3,7,1,3,2,2,0,0,0,1,0,2,16.6,4,6,1,2,0,0,0,0,0,0,0,1
Sammy Freeman,Minnesota,2019-20,0.0,0,0,0,0,0,0,0,0,0,0,1,0,14.77,0,0,0,0,0,0,1,0,0,0,1,1
Sammy Friday IV,Siena,2019-20,20.0,19,35,0,0,13,26,0,4,3,18,15,12,17.67,15,29,0,0,8,12,2,1,5,10,21,10
Sammy Hunter,Ole Miss,2019-20,20.0,15,40,0,3,8,12,3,5,3,6,15,9,14.93,8,20,1,5,10,12,7,1,1,6,5,3
Samson George,Pittsburgh,2019-20,20.0,0,1,0,0,1,2,0,0,0,2,1,0,17.93,0,1,0,0,1,2,0,0,0,0,0,0
Samson Strickland,East Carolina,2019-20,0.0,1,1,0,0,0,0,0,1,0,1,3,2,17.77,0,2,0,0,0,0,0,1,0,0,1,0
Samuel Chaput,Monmouth,2019-20,20.0,23,57,9,21,10,13,48,19,0,5,29,25,16.48,29,71,4,19,14,24,44,12,1,4,22,18
Samuel Japhet-Mathias,San José St,2019-20,20.0,15,45,1,10,3,6,3,0,2,1,18,12,20.0,9,28,0,4,8,11,2,0,0,2,12,12
Samuel Mailloux,Midland University,2019-20,20.0,2,5,0,2,0,0,0,0,2,0,2,1,14.92,2,5,1,3,0,0,0,0,1,0,1,0
Samuell Williamson,Louisville,2019-20,20.0,28,59,5,12,7,12,6,8,3,12,29,17,14.87,20,46,3,13,11,15,10,2,1,11,17,12
Samuta Avea,Hawai'i,2019-20,20.0,53,125,18,62,24,28,16,3,3,10,48,22,16.12,40,103,21,49,16,20,15,4,3,10,39,13
San Antonio Brinson,NJIT,2019-20,20.0,58,139,16,38,29,41,20,10,4,12,66,23,20.0,49,112,9,24,26,46,19,7,3,10,45,24
San Diego,,2019-20,0.0,0,0,0,0,0,0,0,0,0,40,37,15,0.0,0,0,0,0,0,0,0,0,0,61,19,5
San Diego Christian College,,2019-20,0.0,0,0,0,0,0,0,0,0,0,4,1,2,0.0,0,0,0,0,0,0,0,0,0,1,0,0
San Diego State,,2019-20,0.0,0,0,0,0,0,0,0,0,0,34,20,1,0.0,0,0,0,0,0,0,0,0,0,26,25,4
San Francisco,,2019-20,0.0,0,0,0,0,0,0,0,0,0,36,29,8,0.0,0,0,0,0,0,0,0,0,0,49,14,7
San Francisco St,,2019-20,0.0,0,0,0,0,0,0,0,0,0,3,1,0,0.0,0,0,0,0,0,0,0,0,0,2,0,0
San JosÃ© State,,2019-20,0.0,0,0,0,0,0,0,0,0,0,18,11,4,0.0,0,0,0,0,0,0,0,0,0,20,8,1
San José State,,2019-20,0.0,0,0,0,0,0,0,0,0,0,28,17,7,0.0,0,0,0,0,0,0,0,0,0,28,18,3
Sandro Mamukelashvili,Seton Hall,2019-20,20.0,38,79,10,30,14,19,12,8,6,19,34,15,14.8,51,85,13,21,10,18,12,1,5,17,33,11
Santa Clara,,2019-20,0.0,0,0,0,0,0,0,0,0,0,46,28,7,0.0,0,0,0,0,0,0,0,0,0,39,19,1
Santi Aldama,Loyola (MD),2019-20,20.0,32,66,6,29,7,12,12,2,7,7,24,10,20.0,29,67,7,31,10,21,9,7,10,8,37,13
Santiago Vescovi,Tennessee,2019-20,20.0,27,88,13,50,13,17,32,13,0,4,20,37,18.12,36,77,23,48,27,33,35,10,3,5,31,29
Sasha French,Albany,2019-20,20.0,10,15,0,0,3,6,1,0,2,2,11,9,20.0,1,4,0,0,0,2,0,0,1,0,6,3
Sasha Kaiukov,Milligan,2019-20,0.0,0,0,0,0,0,0,0,0,0,0,0,0,14.85,0,1,0,1,0,0,0,0,0,0,0,3
Sasha Stefanovic,Purdue,2019-20,20.0,35,106,27,81,18,21,27,17,4,1,25,22,20.0,29,80,20,60,19,23,17,11,3,2,36,14
Saul Phiri,La Salle,2019-20,15.0,35,97,27,69,8,12,27,20,10,8,41,19,20.0,24,83,18,67,22,29,25,16,4,3,43,21
Saveon Falls,Bluefield State,2019-20,20.0,0,1,0,0,0,0,0,0,0,0,1,0,14.97,0,1,0,0,0,0,0,0,0,1,1,0
Savion Flagg,Texas A&M,2019-20,20.0,54,141,21,67,15,24,28,13,5,26,54,43,18.83,51,116,28,67,23,43,43,8,2,23,45,33
Savion Gallion,Buffalo,2019-20,0.0,5,9,4,8,0,0,1,2,0,0,1,1,14.97,2,3,0,0,3,4,0,2,0,1,0,1
Savion Lewis,Quinnipiac,2019-20,20.0,8,19,0,1,4,7,7,3,0,3,6,11,20.0,12,25,0,2,6,9,9,1,0,4,5,4
Savvas Georgiadis,Delta State,2019-20,20.0,0,0,0,0,0,0,1,0,0,0,0,0,14.98,0,0,0,0,0,0,0,0,0,0,0,0
Sawyer Stoltz,IUPUI,2019-20,0.0,0,0,0,0,0,0,0,0,0,0,2,0,19.82,0,1,0,0,0,0,1,0,0,1,0,1
Saxton Becker,Millsaps,2019-20,20.0,0,3,0,3,3,3,1,0,0,1,0,0,14.93,0,0,0,0,0,0,0,0,0,0,0,1
Sayeed Pridgett,Montana,2019-20,20.0,86,179,9,21,32,41,67,22,7,16,82,39,16.37,122,235,3,25,43,68,34,19,7,18,73,46
Sayveon McEwen,Robert Morris,2019-20,20.0,33,83,18,51,1,2,10,7,1,3,9,13,20.0,30,75,12,44,12,18,14,3,0,1,17,9
Sayvonn Houston,Pine Manor,2019-20,20.0,4,9,0,0,0,0,0,1,0,2,1,0,14.98,4,9,0,0,0,0,0,0,0,3,1,0
Scott Blakney,Idaho,2019-20,20.0,56,97,0,0,8,12,11,6,8,19,40,22,20.0,44,70,0,0,22,39,5,6,6,23,41,19
Scott Cunningham,Colorado College,2019-20,19.28,0,0,0,0,0,0,1,0,0,0,1,0,14.83,0,2,0,0,0,0,0,0,0,0,1,0
Scott Hitchon,Canisius,2019-20,20.0,35,83,9,28,28,35,17,4,9,13,17,17,19.78,40,91,10,29,23,33,9,6,8,16,23,22
Scott Meredith,St. Francis (PA),2019-20,20.0,9,32,6,24,5,5,5,2,0,0,7,1,18.45,6,17,5,14,0,0,0,0,0,0,1,3
Scott Spencer,La Salle,2019-20,18.7,47,101,32,64,6,7,20,13,1,6,33,10,20.0,36,97,24,60,12,16,10,12,7,15,33,15
Scottie James,Liberty,2019-20,20.0,63,109,1,2,24,36,21,8,3,47,72,22,20.0,59,91,0,2,26,41,21,7,11,38,60,12
Scottie Lewis,Florida,2019-20,20.0,41,96,14,38,19,23,12,13,18,14,43,21,17.93,37,85,8,23,40,50,10,21,17,13,33,11
Scotty Pippen Jr,Vanderbilt,2019-20,20.0,0,0,0,0,0,0,46,0,0,0,0,0,17.82,0,0,0,0,0,0,35,0,0,0,0,0
Scotty Pippen Jr.,Vanderbilt,2019-20,20.0,48,130,18,50,38,54,15,14,1,5,35,36,17.82,50,126,15,40,81,116,7,13,3,10,29,43
Sean Atwater,Tougaloo,2019-20,20.0,1,2,0,0,0,0,4,1,0,0,3,3,14.8,1,3,0,0,1,1,0,1,0,0,1,0
Sean Bairstow,Utah State,2019-20,20.0,15,39,4,11,9,12,16,3,1,3,23,16,20.0,13,28,3,11,4,7,11,2,0,2,20,15
Sean Barksdale,Georgian Court,2019-20,20.0,1,3,1,2,2,2,0,0,0,0,0,0,20.0,0,0,0,0,0,0,0,0,0,0,1,0
Sean Campbell,SUNY-Cortland,2019-20,0.0,0,0,0,0,0,0,0,0,0,0,0,0,14.93,0,0,0,0,0,2,0,0,0,0,0,1
Sean Colosimo,Gannon,2019-20,20.0,0,0,0,0,2,2,0,0,0,0,0,0,17.83,0,0,0,0,0,0,0,0,0,1,1,1
Sean Comman,Hendrix College,2019-20,20.0,1,5,0,3,0,0,0,0,0,1,2,2,15.55,2,4,1,1,0,0,0,0,0,0,2,0
Sean Conway,VMI,2019-20,20.0,28,62,16,40,3,7,11,2,2,8,26,5,20.0,29,62,17,39,9,12,8,10,3,13,31,19
Sean East II,UMass,2019-20,20.0,57,139,17,47,8,13,63,14,0,7,33,39,18.8,45,113,7,29,40,48,83,19,1,13,21,40
Sean Estes,Cal State-Los Angeles,2019-20,20.0,1,3,1,3,0,0,0,0,0,0,0,1,18.6,2,4,2,4,0,0,0,0,1,1,0,2
Sean Flood,Longwood,2019-20,20.0,13,33,10,25,4,6,12,1,1,1,10,8,16.5,7,17,4,12,0,1,1,3,0,0,7,8
Sean Good,Lafayette,2019-20,20.0,10,16,0,1,2,3,7,3,18,5,21,11,20.0,3,7,0,0,1,1,1,2,10,5,18,4
Sean Halloran,Belmont Abbey,2019-20,20.0,2,4,1,2,0,0,2,1,0,0,2,1,14.85,2,3,1,2,0,0,2,1,0,1,2,1
Sean Hickey,Franciscan University,2019-20,20.0,2,4,1,3,4,4,1,1,0,0,3,1,14.87,2,7,2,3,2,2,1,1,0,0,3,0
Sean Houpt,Bradley,2019-20,20.0,2,3,2,3,2,2,2,1,0,1,0,0,19.7,0,2,0,2,0,0,0,0,0,1,2,1
Sean Jenkins,Presbyterian,2019-20,0.0,24,58,18,47,8,9,10,7,3,0,29,7,14.68,23,47,14,31,7,10,7,2,3,7,18,5
Sean Kromah,Middle Tennessee,2019-20,0.0,0,0,0,0,0,0,0,0,0,0,0,0,14.73,0,2,0,1,0,0,0,0,0,0,2,0
Sean McCabe,Greensboro,2019-20,0.0,3,6,2,4,1,2,1,0,0,0,0,4,14.92,3,6,1,2,0,0,1,2,0,0,3,4
Sean McCurdy,Pacific Lutheran,2019-20,20.0,1,1,1,1,0,0,0,0,0,0,0,1,14.82,0,0,0,0,0,0,0,0,0,0,0,1
Sean McDermott,Butler,2019-20,20.0,69,133,40,92,16,18,19,12,3,12,88,10,14.88,44,111,22,69,36,42,13,9,10,21,74,11
Sean McNeil,West Virginia,2019-20,20.0,28,66,20,47,0,3,4,2,0,1,13,7,17.93,17,52,8,32,20,23,8,5,3,5,14,3
Sean Miller-Moore,Oregon State,2019-20,20.0,13,19,0,0,3,6,7,2,0,10,10,13,16.42,15,23,0,0,2,7,2,1,1,16,9,5
Sean Nealon-Lino,Fresno Pacific,2019-20,20.0,1,2,1,2,2,2,0,1,0,1,1,1,14.85,2,4,2,4,0,0,0,0,0,0,0,0
Sean Nolan,Oneonta State,2019-20,20.0,1,3,0,0,0,0,1,2,0,1,1,0,17.78,1,2,0,0,0,0,1,0,1,1,2,0
Sean Orr,San Francisco State,2019-20,20.0,1,2,1,2,0,0,1,0,0,0,1,0,14.97,1,1,0,0,0,0,0,0,0,0,1,0
Sean Price,Charleston Southern,2019-20,0.0,0,4,0,3,0,0,2,0,1,3,4,1,14.88,7,13,2,5,0,1,0,1,1,2,7,6
Sean Rhea,UT Rio Grande Valley,2019-20,20.0,23,37,0,1,10,15,5,3,9,15,27,11,20.0,20,29,0,0,11,21,3,6,5,13,28,4
Sean Scott,Pfeiffer,2019-20,20.0,3,6,0,0,1,2,0,0,1,1,2,1,14.97,0,1,0,0,1,2,0,1,0,0,0,0
Sean Sutherlin,New Hampshire,2019-20,15.15,50,120,3,9,15,25,22,9,3,24,95,44,20.0,40,110,2,12,34,55,28,12,3,7,76,32
Sean Suthlerlin,,2019-20,1.62,11,25,1,3,1,9,8,1,2,5,15,13,0.0,16,28,1,2,10,18,10,3,1,4,14,8
Sean Tyson,Defiance,2019-20,20.0,2,7,1,2,0,0,1,2,0,1,3,3,14.92,0,1,0,1,1,2,0,0,0,0,1,2
Sean Yoder,Navy,2019-20,15.13,20,57,6,25,6,6,24,3,0,0,23,14,20.0,12,44,4,22,5,5,17,5,1,4,20,12
Seattle U,,2019-20,0.0,0,0,0,0,0,0,0,0,0,42,36,5,0.0,0,0,0,0,0,0,0,0,0,45,29,1
Sebastian Andrade,Texas Lutheran,2019-20,20.0,4,13,1,5,2,2,1,1,0,2,1,2,14.9,5,10,3,5,1,2,3,0,0,2,1,0
Sebastian O'Keefe,,2019-20,0.0,0,0,0,0,0,0,0,0,0,0,0,0,0.0,0,0,0,0,0,0,0,0,0,2,0,3
Sedrick Altman,Pepperdine,2019-20,20.0,35,93,6,21,12,17,16,8,8,10,28,18,17.72,26,59,5,20,16,22,16,5,7,6,27,18
Sehill Mouliom,Malone University,2019-20,19.92,5,9,0,0,2,2,0,1,1,4,2,1,18.48,3,6,0,1,5,6,2,0,1,0,3,1
Seikou Sisoho Jawara,Loyola Marymount,2019-20,20.0,30,61,15,35,1,4,16,9,1,1,15,22,14.8,14,42,4,22,5,8,20,8,0,2,5,7
Sekou Dembele,Southern Illinois,2019-20,20.0,1,4,0,0,1,2,0,2,0,3,6,0,18.55,4,6,0,0,1,4,1,0,0,3,8,2
Sekou Toure,UC Santa Barbara,2019-20,20.0,15,36,1,5,2,2,6,1,0,13,19,9,17.97,13,24,1,5,8,11,7,3,1,14,7,5
Seneca Knight,San José St,2019-20,20.0,63,170,26,83,51,64,27,13,4,10,68,36,20.0,79,181,18,65,84,109,37,16,5,14,58,42
Sergio Diaz,Indiana South Bend,2019-20,20.0,2,4,1,3,0,0,0,1,2,0,4,1,17.2,1,1,1,1,0,0,1,0,0,1,1,1
Sergio El Darwich,Maine,2019-20,20.0,48,124,15,46,16,22,33,18,3,7,36,36,17.9,47,117,7,40,25,27,35,10,3,10,40,29
Serrel Smith Jr,Maryland,2019-20,20.0,0,0,0,0,0,0,3,0,0,0,0,0,14.83,0,0,0,0,0,0,0,0,0,0,0,0
Serrel Smith Jr.,Maryland,2019-20,20.0,5,26,5,16,1,5,3,2,1,0,12,9,15.55,6,23,2,13,2,2,2,2,0,4,6,2
Sesan Russell,Florida Tech,2019-20,20.0,3,9,2,6,0,0,1,2,0,0,4,3,17.75,4,7,1,2,2,2,1,2,0,0,5,0
Seth Adelsperger,Belmont,2019-20,0.0,18,33,0,0,8,14,0,5,13,19,15,9,20.0,14,21,0,0,8,15,5,1,9,12,16,2
Seth Brown,Concord College,2019-20,20.0,0,0,0,0,2,2,1,0,0,0,1,1,14.98,0,4,0,1,0,0,0,0,0,0,0,0
Seth Cobb,California Merced,2019-20,20.0,0,1,0,1,0,0,0,1,0,0,2,0,14.87,3,5,2,4,0,0,0,0,0,0,0,0
Seth Fuller,Elon,2019-20,0.0,2,9,2,9,2,2,4,0,0,0,2,4,14.97,4,8,1,4,0,0,6,1,0,0,1,2
Seth Hall,Pacific Lutheran,2019-20,20.0,2,3,0,0,0,0,0,0,0,1,0,1,14.82,1,2,0,1,0,0,1,0,0,0,0,0
Seth Hewitt,North Greenville,2019-20,20.0,2,5,0,0,2,2,0,0,0,1,2,0,14.78,0,0,0,0,2,4,1,0,0,0,1,0
Seth Hohman,Heidelberg,2019-20,19.98,0,1,0,1,0,0,0,0,0,0,0,0,14.98,0,0,0,0,0,0,0,0,0,1,0,0
Seth Hurd,Central Oklahoma,2019-20,20.0,0,1,0,0,1,2,0,1,0,1,1,3,18.9,1,2,0,0,1,2,1,1,0,1,1,0
Seth Jones,St. Mary's (MD),2019-20,20.0,0,2,0,1,0,0,1,0,0,0,1,3,17.75,1,1,1,1,1,2,0,0,0,0,0,1
Seth LeDay,East Carolina,2019-20,20.0,6,9,1,1,0,5,2,0,1,1,6,4,19.18,10,17,0,1,2,4,1,2,0,3,5,1
Seth Lundy,Penn State,2019-20,20.0,33,73,24,54,8,12,9,3,5,10,28,7,14.78,15,49,9,29,12,14,5,6,7,11,27,4
Seth Pinkney,Quinnipiac,2019-20,20.0,23,31,0,0,5,10,2,1,22,13,37,7,20.0,14,19,0,0,9,19,1,1,18,14,18,8
Seth Stanley,Hendrix College,2019-20,20.0,2,8,1,4,1,4,0,0,0,0,5,2,15.55,2,7,1,2,4,4,0,0,0,1,2,0
Seth Thomas Hanna,West Coast Baptist,2019-20,20.0,1,7,1,5,0,0,3,1,0,0,1,5,14.92,3,10,3,9,0,1,0,0,0,1,0,7
Seth Younkin,Fairmont State,2019-20,20.0,2,2,0,0,0,0,0,0,0,1,1,1,14.8,0,1,0,0,3,4,0,0,1,2,1,0
Seton Hall,,2019-20,0.0,0,0,0,0,0,0,0,0,0,18,24,6,0.0,0,0,0,0,0,0,0,0,0,26,17,7
Sha'markus Kennedy,McNeese,2019-20,20.0,109,158,0,1,42,55,19,8,33,44,103,34,20.0,88,124,0,1,66,82,22,10,41,48,94,26
Shabooty Phillips,Longwood,2019-20,20.0,52,137,27,78,11,18,45,12,0,3,62,45,16.5,48,137,19,58,48,54,49,9,1,7,42,36
Shackeel Butters,Williams Baptist,2019-20,20.0,2,2,0,0,0,0,0,0,0,1,1,0,14.83,2,5,0,0,0,0,0,0,0,1,0,0
Shacquille Dawkins,Cal State-Los Angeles,2019-20,20.0,0,3,0,3,0,0,1,0,0,0,1,0,18.6,0,0,0,0,0,0,0,0,0,0,0,0
Shadon Green,Southern-New Orleans,2019-20,20.0,5,15,1,3,3,4,1,3,0,0,1,3,15.27,7,21,1,2,2,2,1,3,0,0,1,4
Shae Mitchell,Milwaukee,2019-20,0.0,6,17,5,12,0,0,2,1,1,4,5,5,18.85,2,5,1,2,3,4,2,1,2,0,3,0
Shakeel Hoffman,Paul Quinn,2019-20,20.0,2,3,1,1,0,0,0,0,0,1,1,1,14.83,0,1,0,0,2,4,0,0,0,1,2,2
Shakem Johnson,Tennessee State,2019-20,20.0,49,76,0,0,6,13,8,9,9,24,44,24,14.95,38,64,0,0,17,37,6,10,7,21,40,17
Shakur Juiston,Oregon,2019-20,20.0,42,86,4,17,7,10,21,11,5,19,59,26,17.85,39,81,2,14,9,19,30,12,8,29,46,18
Shamar Dillard,Eastern Michigan,2019-20,20.0,10,31,1,10,15,23,3,7,0,3,9,11,14.9,10,33,4,13,8,13,9,2,1,3,9,11
Shamar Florence,Kean,2019-20,20.0,0,1,0,0,1,2,0,0,0,0,0,0,14.95,0,3,0,1,0,0,0,0,0,0,0,0
Shamar Givance,Evansville,2019-20,20.0,13,37,5,22,7,12,36,11,0,3,33,15,20.0,11,42,5,17,17,22,26,11,1,5,20,7
Shamar Wright,SIU-Edwardsville,2019-20,20.0,33,76,9,28,12,19,20,13,6,17,33,24,20.0,29,69,7,29,25,33,10,4,5,16,29,19
Shamond Garrett,Williams Baptist,2019-20,20.0,0,3,0,1,0,0,1,0,1,0,2,2,14.83,1,3,0,0,0,0,0,0,0,0,0,3
ShanQuan Hemphill,Green Bay,2019-20,20.0,0,1,0,0,0,0,0,2,0,0,1,2,16.57,0,0,0,0,0,0,0,0,0,0,0,0
Shandon Brown,Niagara,2019-20,20.0,10,42,0,3,6,6,30,5,0,1,25,18,20.0,17,45,3,8,18,22,34,10,2,3,26,12
Shane Gatling,Colorado,2019-20,0.0,35,86,19,51,6,8,17,7,4,4,25,22,20.0,28,79,14,46,20,24,13,2,4,3,18,12
Shane Williams,Georgian Court,2019-20,20.0,0,2,0,2,0,0,1,1,0,0,0,0,20.0,2,4,2,4,0,0,1,0,0,0,2,0
Shane Wissink,Missouri-St. Louis,2019-20,20.0,0,1,0,1,0,0,2,0,0,0,0,0,19.72,2,3,2,2,0,0,2,2,0,0,0,0
Shaq Carter,Rutgers,2019-20,20.0,29,46,0,0,12,20,0,5,4,9,31,17,20.0,13,24,0,0,8,16,0,1,6,14,16,5
Shaquille Holley,Thomas (GA),2019-20,20.0,0,1,0,0,0,0,0,1,1,0,2,1,14.78,0,0,0,0,0,0,1,0,0,0,1,0
Shaquille Walters,Northeastern,2019-20,20.0,44,89,10,24,14,18,34,8,2,6,49,26,20.0,43,94,5,29,30,35,32,15,5,6,58,27
Shaquillo Fritz,Pacific,2019-20,20.0,7,12,0,0,6,11,4,3,11,11,25,5,15.75,20,28,0,0,4,9,2,2,9,19,25,11
Shareef Bynum,Shenandoah,2019-20,20.0,1,4,0,0,0,0,0,0,0,0,1,1,14.7,0,2,0,2,0,0,0,0,0,0,0,0
Shareef O'Neal,UCLA,2019-20,20.0,3,15,0,4,3,6,2,2,4,8,10,6,20.0,6,12,2,2,6,13,1,2,0,9,8,2
Shareef Smith,Eastern Illinois,2019-20,20.0,24,59,10,31,6,9,35,17,0,6,35,25,14.92,20,66,11,41,13,18,21,15,0,4,25,14
Sharone Wright Jr,Wake Forest,2019-20,0.0,0,0,0,0,0,0,6,0,0,0,0,0,20.0,0,0,0,0,0,0,3,0,0,0,0,0
Sharone Wright Jr.,Wake Forest,2019-20,20.0,10,19,3,5,2,2,2,3,1,0,9,7,20.0,7,23,0,5,5,9,2,2,0,2,3,4
Shaun Doss,Arkansas-Pine Bluff,2019-20,20.0,9,16,4,7,4,7,0,1,0,1,3,4,14.9,4,17,0,5,0,0,3,0,0,2,3,0
Shaun Williams,Kansas State,2019-20,20.0,1,6,1,3,0,0,3,0,0,0,3,4,20.0,1,2,1,2,0,0,2,0,0,1,0,1
Shaunn Monroe,Urbana,2019-20,20.0,2,4,1,2,0,0,0,0,0,0,0,1,14.77,0,0,0,0,0,0,1,0,0,0,0,1
Shavar Reynolds,Seton Hall,2019-20,20.0,16,38,7,18,8,10,12,13,1,8,19,7,14.8,15,43,10,21,14,17,15,7,0,5,16,12
Shawn Backus,Elmira,2019-20,20.0,4,7,0,0,2,2,1,1,0,0,1,2,14.8,1,3,1,1,0,0,0,0,0,0,2,0
Shawn Blaney,Penn State-York,2019-20,20.0,1,1,1,1,0,0,0,0,0,0,0,0,14.85,0,0,0,0,0,0,0,0,0,0,0,0
Shawn Daniels,Gallaudet University,2019-20,0.0,0,0,0,0,0,0,0,0,0,0,0,1,14.92,1,1,1,1,0,0,0,0,0,0,0,1
Shawn Spencer,Chillicothe,2019-20,0.0,0,0,0,0,0,0,0,0,0,0,0,0,14.88,1,1,0,0,0,0,0,0,0,0,0,0
Shawn Stith,CSU Bakersfield,2019-20,13.53,32,64,0,2,31,38,8,4,0,23,36,28,20.0,33,55,0,4,33,52,7,3,2,24,29,26
Shawn Walker Jr,George Washington,2019-20,20.0,0,0,0,0,0,0,12,0,0,0,0,0,20.0,0,0,0,0,0,0,11,0,0,0,0,0
Shawn Walker Jr.,George Washington,2019-20,20.0,11,29,4,13,8,12,0,1,1,5,11,10,20.0,6,23,1,10,9,10,0,4,0,2,9,9
Shawn Williams,New Mexico State,2019-20,19.93,18,58,13,47,14,16,6,1,0,7,12,8,14.97,21,58,13,36,5,7,7,1,1,8,7,13
Shawn Wilson,Eastern Illinois,2019-20,0.0,0,1,0,0,0,0,0,1,0,0,0,1,17.93,0,1,0,1,0,0,0,0,0,0,0,0
Shayne Scruggs,North Carolina A&T,2019-20,20.0,0,2,0,1,0,0,0,0,0,0,1,2,17.97,1,1,0,0,0,0,0,0,0,0,0,1
Shazier Lawson,,2019-20,2.75,2,3,0,0,2,2,0,0,0,0,3,0,0.0,3,8,0,1,2,3,0,0,0,3,4,3
She'Chem Grant,Millsaps,2019-20,20.0,1,3,1,3,0,0,0,0,0,0,0,2,14.93,0,0,0,0,0,0,0,0,0,0,0,0
Shea Rax,CSU San Bernardino,2019-20,20.0,0,4,0,3,0,0,1,1,0,0,1,1,14.98,0,1,0,0,0,0,0,0,0,0,0,1
Shea Rush,North Carolina,2019-20,0.0,0,2,0,2,0,0,0,0,0,0,0,1,19.73,0,1,0,1,0,1,0,0,0,1,0,0
Sheddrick Porter Jr,Goshen College,2019-20,20.0,0,0,0,0,0,0,2,0,0,0,0,0,14.93,0,0,0,0,0,0,2,0,0,0,0,0
Sheddrick Porter Jr.,Goshen College,2019-20,20.0,0,6,0,3,0,0,0,2,0,0,1,7,14.93,1,2,1,1,0,0,0,0,0,0,2,3
Shelby Adams,Texas State,2019-20,20.0,20,43,2,9,7,10,7,3,1,6,27,7,14.9,23,65,4,14,12,17,14,9,0,8,23,4
Sheldon Hendrix,Thomas (GA),2019-20,20.0,0,2,0,1,0,0,2,2,0,0,2,1,14.78,4,8,1,1,0,0,0,0,0,0,0,0
Sheldon Hodges,Arlington Baptist,2019-20,20.0,1,6,0,4,0,0,1,0,0,0,6,3,14.95,3,4,0,1,0,2,0,0,0,1,1,0
Shembari Phillips,Georgia Tech,2019-20,20.0,1,8,1,7,2,2,1,1,1,0,2,0,15.28,2,7,1,3,1,2,4,0,0,2,2,1
Shenandoah,,2019-20,0.0,0,0,0,0,0,0,0,0,0,5,1,0,0.0,0,0,0,0,0,0,0,0,0,0,1,0
Shereef Mitchell,Creighton,2019-20,20.0,5,17,0,2,6,8,14,4,0,3,10,3,20.0,10,16,1,3,0,4,8,5,1,0,3,7
Sherif Kenney,La Salle,2019-20,17.78,25,82,9,42,21,35,25,8,0,5,19,37,20.0,31,80,13,39,28,43,19,10,1,9,21,22
Sherman Dean III,Hiram,2019-20,20.0,6,9,5,8,0,0,0,0,0,0,1,2,14.98,1,7,0,3,0,0,2,0,0,0,1,1
Sherwyn Devonish-Prince Jr,Morgan State,2019-20,20.0,0,0,0,0,0,0,18,0,0,0,0,0,14.93,0,0,0,0,0,0,27,0,0,0,0,0
Sherwyn Devonish-Prince Jr.,Morgan State,2019-20,20.0,30,89,4,21,12,20,0,7,2,9,30,25,14.93,42,112,8,25,25,38,0,7,1,12,29,18
Shiloah Blevins,,2019-20,0.0,0,0,0,0,0,0,0,0,0,0,0,1,0.0,0,0,0,0,0,0,0,0,0,0,1,0
Shiloh Robinson,Liberty,2019-20,20.0,18,34,7,15,4,4,7,2,3,2,20,6,20.0,10,24,0,6,5,10,7,2,6,2,17,10
Shondell Jackson,Martin Methodist,2019-20,20.0,1,5,1,3,0,0,0,0,0,0,0,1,17.83,0,1,0,0,1,2,1,0,0,0,1,4
Shorter,,2019-20,0.0,0,0,0,0,0,0,0,0,0,3,0,0,0.0,0,0,0,0,0,0,0,0,0,3,0,1
Shunn Buchanan,New Mexico State,2019-20,19.93,15,41,8,21,3,4,29,18,1,1,25,27,14.97,9,30,3,16,15,21,44,12,1,7,30,21
Shykeim Phillips,UNC Wilmington,2019-20,20.0,47,110,3,8,17,23,37,25,3,10,27,24,17.75,52,104,2,6,25,38,29,20,2,11,27,32
Shyquan Gibbs,NJIT,2019-20,20.0,34,106,12,42,12,20,33,17,0,5,40,8,20.0,54,118,13,33,25,39,25,8,1,6,30,22
Shyreef Robins,Johnson & Wales (CO),2019-20,20.0,1,4,0,1,0,0,0,0,0,2,0,0,14.77,0,3,0,2,0,0,0,0,0,1,0,0
Siage Batten,Brewton-Parker,2019-20,20.0,0,1,0,0,0,0,0,0,0,0,0,1,14.9,0,0,0,0,0,0,0,0,0,1,1,0
Sid Tomes,Air Force,2019-20,20.0,34,91,16,58,16,19,40,10,1,6,39,17,20.0,28,83,18,58,41,49,38,10,5,8,50,16
Sidney Bryant,Southern-New Orleans,2019-20,20.0,0,2,0,0,0,0,1,1,0,0,0,0,14.98,0,0,0,0,0,0,0,0,0,0,0,0
Sidney Wilson,UConn,2019-20,20.0,16,38,2,8,2,6,7,5,6,7,12,10,16.35,12,25,3,6,8,11,2,2,8,6,12,7
Siena,,2019-20,0.0,0,0,0,0,0,0,0,0,0,28,21,9,0.0,0,0,0,0,0,0,0,0,0,17,17,9
Siena Heights,,2019-20,0.0,0,0,0,0,0,0,0,0,0,3,2,1,0.0,0,0,0,0,0,0,0,0,0,4,2,2
Sigurd Lorange,Valparaiso,2019-20,20.0,4,9,4,7,0,0,2,0,0,0,1,2,19.38,2,2,2,2,1,1,2,0,0,0,0,1
Sikander Nielsen,Newberry,2019-20,20.0,0,1,0,1,0,0,0,0,0,0,1,0,14.97,0,1,0,0,0,0,0,0,0,0,0,0
Silas Adheke,Northern Kentucky,2019-20,20.0,30,53,1,4,8,12,6,9,9,30,64,12,14.87,16,27,0,1,5,9,1,1,6,21,25,8
Silvio De Sousa,Kansas,2019-20,0.0,4,9,0,0,3,9,2,0,5,9,16,10,20.0,8,20,1,1,10,16,0,1,4,11,9,3
Simeon Carter,Georgia Southern,2019-20,20.0,50,98,0,6,9,14,5,7,22,25,52,20,20.0,43,78,1,6,8,14,6,5,22,27,43,10
Simeon Jovic,South Dakota,2019-20,20.0,1,3,0,0,1,2,1,0,1,0,4,1,20.0,1,2,0,0,2,2,0,0,0,1,1,1
Simeon Soname,Texas Dallas,2019-20,20.0,0,1,0,0,0,0,1,0,0,0,1,0,14.9,0,0,0,0,0,0,0,0,0,0,0,0
Simon Jacobsen,North Park,2019-20,20.0,1,1,0,0,0,0,1,0,0,0,0,0,19.65,0,0,0,0,0,0,0,0,0,0,0,0
Simon Mueller-Landsvik,UC Santa Cruz,2019-20,20.0,3,5,0,0,0,0,0,1,0,0,1,1,14.9,0,1,0,1,0,0,2,0,0,0,0,2
Simon Ramirez,Mayville State,2019-20,19.75,0,2,0,2,0,0,0,0,0,1,1,0,14.97,1,4,1,2,0,0,0,0,0,0,1,0
Simon Wright,Elon,2019-20,20.0,32,57,13,29,14,18,17,10,5,18,44,17,20.0,33,76,9,31,19,22,21,5,6,14,52,13
Simpson,,2019-20,0.0,0,0,0,0,0,0,0,0,0,0,1,0,0.0,0,0,0,0,0,0,0,0,0,0,2,1
Simpson University (CA),,2019-20,0.0,0,0,0,0,0,0,0,0,0,3,4,1,0.0,0,0,0,0,0,0,0,0,0,6,1,2
Sincere Carry,Duquesne,2019-20,20.0,45,129,21,63,25,32,61,14,1,6,54,38,20.0,52,113,18,52,45,64,75,8,3,4,39,39
Sindou Diallo,Montana Tech,2019-20,20.0,3,5,1,2,0,0,0,1,0,1,0,1,14.77,1,2,0,0,0,0,0,0,0,0,2,1
Sita Conteh,Austin Peay,2019-20,20.0,10,26,3,13,3,5,6,1,1,1,6,11,14.98,11,24,3,8,6,8,1,0,2,9,13,3
Skou Tour,,2019-20,17.75,0,1,0,0,0,0,0,0,0,0,1,1,0.0,0,0,0,0,3,4,0,0,0,0,1,1
Skyelar Potter,Wright State,2019-20,20.0,6,19,4,13,4,6,5,2,0,0,13,6,20.0,7,20,2,8,1,4,3,0,0,2,9,4
Skylar Chavez,Pepperdine,2019-20,20.0,53,128,25,72,20,23,18,10,8,7,35,15,17.72,47,107,27,65,24,30,12,7,4,11,16,9
Skylar Mays,LSU,2019-20,20.0,72,152,24,61,47,53,43,27,4,6,70,35,19.83,92,185,24,62,68,82,56,26,3,9,67,32
Skyler Baggs,Southern,2019-20,20.0,18,36,0,0,3,7,4,4,0,8,16,4,15.83,10,17,0,0,6,17,2,4,0,8,11,3
Skyler Hogan,SE Missouri St,2019-20,20.0,58,147,35,83,14,15,17,3,1,6,61,21,17.82,46,114,14,48,18,23,12,9,1,6,58,17
Skyler McKinney,Columbia International,2019-20,20.0,1,5,0,0,0,0,0,0,0,1,1,0,14.95,0,1,0,1,0,0,1,0,0,0,0,1
Solomon Davis,,2019-20,0.0,0,0,0,0,0,0,0,0,0,0,0,0,0.0,0,0,0,0,0,0,0,0,0,0,1,0
Solomon Hunt,Chicago State,2019-20,0.0,31,64,0,0,9,20,20,6,3,15,42,26,18.08,27,49,0,0,26,47,14,4,13,17,36,35
Solomon Iluyomade,Maine,2019-20,0.0,4,11,1,5,0,0,0,0,0,2,4,6,15.0,1,7,0,1,2,2,3,1,0,1,1,1
Solomon Iluyomade Defensive Rebound.,,2019-20,12.18,4,4,0,0,0,0,0,0,0,0,0,0,0.0,1,1,0,0,0,0,0,0,0,0,0,0
Solomon Iluyomade Offensive Rebound.,,2019-20,11.35,2,2,0,0,0,0,0,0,0,0,0,0,0.0,1,1,0,0,0,0,0,0,0,0,0,0
Solomon Iluyomade Steal.,,2019-20,0.0,0,0,0,0,0,0,0,0,0,0,0,0,1.67,1,1,0,0,0,0,0,0,0,0,0,0
Solomon Iluyomade Turnover.,,2019-20,13.93,6,6,0,0,0,0,0,0,0,0,0,0,0.0,1,1,0,0,0,0,0,0,0,0,0,0
Solomon Neuhaus,Gettysburg,2019-20,20.0,0,1,0,1,0,0,0,0,0,0,0,1,17.9,0,1,0,1,0,0,1,1,0,0,0,2
Solomon Smith,South Wesleyan,2019-20,20.0,3,4,0,0,0,0,2,0,0,0,3,1,17.58,2,3,2,2,0,0,0,0,1,0,2,1
Solomon Uyaelunmo,Towson,2019-20,20.0,4,5,0,0,0,0,0,0,0,1,2,1,15.02,0,2,0,1,0,0,0,1,0,2,2,1
Solomon Young,Iowa State,2019-20,20.0,66,118,0,1,34,40,9,12,12,17,37,15,14.87,52,97,1,2,39,53,11,7,15,31,35,19
Sonoma St,,2019-20,0.0,0,0,0,0,0,0,0,0,0,0,1,2,0.0,0,0,0,0,0,0,0,0,0,1,0,0
Souley Boum,UTEP,2019-20,20.0,52,145,19,73,31,41,29,12,0,9,45,29,16.6,62,158,27,90,86,93,32,13,2,11,40,23
Souleymane Diakite,NJIT,2019-20,20.0,40,86,0,0,16,29,34,8,28,34,72,27,20.0,49,81,0,0,18,34,18,8,24,41,84,25
Souleymane Koureissi,Richmond,2019-20,15.0,8,17,0,3,1,4,2,5,3,5,9,11,20.0,6,10,1,2,6,6,2,4,2,5,8,1
South Alabama,,2019-20,0.0,0,0,0,0,0,0,0,0,0,40,21,7,0.0,0,0,0,0,0,0,0,0,0,37,27,7
South Carolina,,2019-20,0.0,0,0,0,0,0,0,0,0,0,40,33,8,0.0,0,0,0,0,0,0,0,0,0,31,21,6
South Carolina State,,2019-20,0.0,0,0,0,0,0,0,0,0,0,19,8,5,0.0,0,0,0,0,0,0,0,0,0,15,11,5
South Carolina Upstate,,2019-20,0.0,0,0,0,0,0,0,0,0,0,53,25,14,0.0,0,0,0,0,0,0,0,0,0,50,23,8
South Dakota,,2019-20,0.0,0,0,0,0,0,0,0,0,0,29,28,4,0.0,0,0,0,0,0,0,0,0,0,37,27,0
South Dakota State,,2019-20,0.0,0,0,0,0,0,0,0,0,0,22,25,4,0.0,0,0,0,0,0,0,0,0,0,33,17,2
South Florida,,2019-20,0.0,0,0,0,0,0,0,0,0,0,64,33,16,0.0,0,0,0,0,0,0,0,0,0,56,16,17
Southeast Missouri State,,2019-20,0.0,0,0,0,0,0,0,0,0,0,30,28,3,0.0,0,0,0,0,0,0,0,0,0,29,27,6
Southeastern Baptist College,,2019-20,0.0,0,0,0,0,0,0,0,0,0,4,1,0,0.0,0,0,0,0,0,0,0,0,0,3,1,1
Southern,,2019-20,0.0,0,0,0,0,0,0,0,0,0,39,18,9,0.0,0,0,0,0,0,0,0,0,0,32,15,8
Southern (NO),,2019-20,0.0,0,0,0,0,0,0,0,0,0,19,1,5,0.0,0,0,0,0,0,0,0,0,0,7,8,3
Southern Illinois,,2019-20,0.0,0,0,0,0,0,0,0,0,0,17,20,13,0.0,0,0,0,0,0,0,0,0,0,17,17,10
Southern Miss,,2019-20,0.0,0,0,0,0,0,0,0,0,0,22,25,13,0.0,0,0,0,0,0,0,0,0,0,26,13,7
Southern Utah,,2019-20,0.0,0,0,0,0,0,0,0,0,0,45,29,3,0.0,0,0,0,0,0,0,0,0,0,48,25,7
Southern Wesleyan,,2019-20,0.0,0,0,0,0,0,0,0,0,0,0,0,0,0.0,0,0,0,0,0,0,0,0,0,0,1,1
Southwest Baptist,,2019-20,0.0,0,0,0,0,0,0,0,0,0,0,0,0,0.0,0,0,0,0,0,0,0,0,0,1,0,0
Southwestern (TX),,2019-20,0.0,0,0,0,0,0,0,0,0,0,2,1,1,0.0,0,0,0,0,0,0,0,0,0,2,1,0
Southwestern Christian,,2019-20,0.0,0,0,0,0,0,0,0,0,0,0,0,0,0.0,0,0,0,0,0,0,0,0,0,0,0,2
Spalding,,2019-20,0.0,0,0,0,0,0,0,0,0,0,2,0,1,0.0,0,0,0,0,0,0,0,0,0,1,0,0
Sparky Fabre,,2019-20,0.0,0,0,0,0,0,0,0,0,0,0,0,0,0.0,0,0,0,0,0,0,0,0,0,0,1,1
Spence Curto,Gettysburg,2019-20,20.0,1,3,0,0,0,0,0,2,0,1,1,0,17.9,2,3,2,3,0,0,0,0,0,0,2,1
Spencer Bone,Concordia Texas,2019-20,20.0,0,5,0,5,0,0,0,1,0,1,2,0,14.75,0,0,0,0,0,0,0,0,0,0,0,1
Spencer Brown,Missouri State,2019-20,0.0,0,0,0,0,0,0,0,0,0,0,0,0,20.0,0,2,0,1,0,0,0,0,0,0,0,0
Spencer Haldeman,Northern Iowa,2019-20,20.0,42,102,28,75,7,7,24,10,2,3,43,19,20.0,36,82,24,54,29,32,18,7,1,2,51,19
Spencer Hoffman,Colorado Christian,2019-20,20.0,1,2,0,1,0,0,0,0,0,0,1,0,14.98,2,4,0,0,0,0,0,0,0,2,3,1
Spencer Jones,Stanford,2019-20,20.0,48,109,43,95,2,6,12,10,9,9,48,14,16.37,37,90,31,73,14,16,13,8,16,6,29,9
Spencer Kirkpatrick,North Greenville,2019-20,20.0,2,3,0,0,1,1,0,0,0,0,2,1,14.83,1,4,0,0,0,0,0,0,0,2,1,0
Spencer Littleson,Toledo,2019-20,20.0,52,132,33,86,14,22,26,20,1,15,27,13,20.0,47,107,26,66,22,30,30,29,5,10,29,13
Spencer McElway,Paul Quinn,2019-20,20.0,4,10,0,0,0,2,0,2,1,5,7,4,14.82,1,2,0,0,2,2,1,1,3,1,6,3
Spencer Mcelway,Paul Quinn,2019-20,20.0,9,14,0,0,0,2,2,1,2,1,7,1,14.83,4,6,0,0,0,2,1,0,1,1,8,2
Spencer Monteiro,Sacramento State,2019-20,0.0,0,0,0,0,0,0,0,1,0,0,1,1,17.0,1,1,0,0,0,0,1,2,0,2,3,1
Spirit Ricks,Norfolk State,2019-20,20.0,18,58,7,31,15,19,3,2,0,7,33,16,14.92,12,31,2,12,6,7,8,1,1,5,24,16
Spring Hill,,2019-20,0.0,0,0,0,0,0,0,0,0,0,4,0,0,0.0,0,0,0,0,0,0,0,0,0,1,0,1
St. Andrews,,2019-20,0.0,0,0,0,0,0,0,0,0,0,2,3,1,0.0,0,0,0,0,0,0,0,0,0,0,1,0
St. Bonaventure,,2019-20,0.0,0,0,0,0,0,0,0,0,0,29,31,4,0.0,0,0,0,0,0,0,0,0,0,35,22,6
St. Francis (BKN),,2019-20,0.0,0,0,0,0,0,0,0,0,0,21,16,7,0.0,0,0,0,0,0,0,0,0,0,22,16,4
St. Francis (IL),,2019-20,0.0,0,0,0,0,0,0,0,0,0,0,0,0,0.0,0,0,0,0,0,0,0,0,0,4,1,0
St. Francis (PA),,2019-20,0.0,0,0,0,0,0,0,0,0,0,35,14,3,0.0,0,0,0,0,0,0,0,0,0,19,21,7
St. John's,,2019-20,0.0,0,0,0,0,0,0,0,0,0,57,20,7,0.0,0,0,0,0,0,0,0,0,0,43,27,7
St. Louis College Of Pharmacy,,2019-20,0.0,0,0,0,0,0,0,0,0,0,5,1,0,0.0,0,0,0,0,0,0,0,0,0,1,1,0
St. Mary's (MD),,2019-20,0.0,0,0,0,0,0,0,0,0,0,0,1,0,0.0,0,0,0,0,0,0,0,0,0,2,1,0
St. Thomas (FL),,2019-20,0.0,0,0,0,0,0,0,0,0,0,3,1,1,0.0,0,0,0,0,0,0,0,0,0,5,0,0
Stacey Thomas,Louisiana Tech,2019-20,0.0,3,5,0,0,1,2,0,0,0,3,5,2,19.25,3,4,0,0,1,2,0,0,1,1,3,0
Stacy Beckton Jr,American,2019-20,20.0,0,0,0,0,0,0,18,0,0,0,0,0,17.67,0,0,0,0,0,0,17,0,0,0,0,0
Stacy Beckton Jr.,American,2019-20,20.0,40,89,16,38,16,22,0,23,13,7,51,17,17.67,47,110,10,43,31,39,0,8,9,13,45,20
Stafford Trueheart,Hofstra,2019-20,20.0,11,33,4,18,2,2,1,3,6,8,21,2,20.0,9,22,0,9,5,7,5,3,2,11,21,7
Stanford,,2019-20,0.0,0,0,0,0,0,0,0,0,0,30,28,8,0.0,0,0,0,0,0,0,0,0,0,35,29,12
Stanley Adjei,Regent University,2019-20,20.0,0,1,0,1,0,0,0,0,0,0,0,0,14.97,2,5,0,1,2,3,0,0,0,1,0,2
Stanley Davis,Morgan State,2019-20,20.0,41,111,5,29,27,31,29,8,3,6,49,28,14.93,64,120,5,17,46,62,26,9,4,19,48,40
Stanley Silien,Averett,2019-20,0.0,0,0,0,0,0,0,0,0,0,0,0,0,14.7,0,2,0,0,0,0,0,1,0,0,0,4
Stanley Umude,South Dakota,2019-20,20.0,91,202,22,56,45,60,23,11,22,14,86,35,19.57,83,173,12,42,64,87,35,7,16,4,71,25
Stanley Williams,Tougaloo,2019-20,20.0,0,3,0,0,0,0,0,1,0,0,2,3,14.8,4,9,0,1,1,2,1,1,0,1,2,1
Stef Smith,Vermont,2019-20,20.0,87,176,50,99,15,22,40,21,2,2,43,26,20.0,69,157,24,73,26,38,35,12,0,8,34,28
Stefan Gonzalez,UC Davis,2019-20,20.0,57,113,47,96,16,21,18,3,1,5,38,11,14.75,44,94,31,66,12,14,11,6,1,7,41,8
Stefan Kenic,Chattanooga,2019-20,20.0,32,67,15,33,19,24,16,5,1,5,23,14,14.87,20,49,5,17,29,36,3,4,1,9,23,12
Stefan Nakic-Vojnovic,Florida College,2019-20,20.0,3,10,0,5,0,0,4,1,0,3,6,0,20.0,3,9,2,6,2,2,0,1,0,0,2,2
Stefan Tellis,Champion Christian College,2019-20,20.0,3,10,2,5,3,3,1,0,0,0,1,8,14.98,5,11,0,2,1,2,3,1,0,3,1,2
Steffon Mitchell,Boston College,2019-20,20.0,38,94,9,34,19,38,52,32,10,45,82,22,20.0,35,71,8,21,31,55,41,32,16,45,72,25
Stepan Zavydovskyy,Multnomah,2019-20,20.0,2,4,0,0,0,0,0,0,1,1,2,0,14.8,1,2,0,0,0,0,0,0,2,1,0,0
Stephan Gabriel,Bradley,2019-20,20.0,7,17,3,7,2,6,3,1,0,7,3,5,14.92,5,10,2,4,5,8,3,1,0,4,6,2
Stephane Ayangma,Central Connecticut,2019-20,20.0,21,60,4,17,9,13,10,8,4,12,46,13,17.95,15,39,3,6,8,18,8,1,7,9,29,10
Stephane Ingo,Maine,2019-20,20.0,19,50,5,18,2,6,13,3,18,18,45,16,17.9,18,44,4,12,10,12,3,8,12,25,33,12
Stephen Baity,Notre Dame de Namur,2019-20,20.0,0,1,0,0,0,0,0,0,0,0,0,1,14.63,0,0,0,0,0,0,0,0,0,0,0,0
Stephen Clark,The Citadel,2019-20,20.0,10,24,2,10,2,2,11,4,4,5,16,8,14.78,17,30,1,8,2,6,10,3,9,4,12,15
Stephen Edoka,UNC Asheville,2019-20,20.0,1,3,0,1,0,0,0,0,0,0,0,1,18.35,0,0,0,0,0,0,0,0,0,0,0,0
Stephen F. Austin,,2019-20,0.0,0,0,0,0,0,0,0,0,0,47,27,12,0.0,0,0,0,0,0,0,0,0,0,50,24,21
Stephen Gabel,Nazareth,2019-20,20.0,1,5,1,3,0,0,1,0,0,0,1,1,14.97,1,1,1,1,2,2,0,0,0,0,1,0
Stephen Holman II,Kean,2019-20,20.0,0,1,0,1,0,0,0,0,0,0,0,0,14.95,0,0,0,0,0,0,0,0,0,0,0,0
Stephen Taylor,Wiley,2019-20,20.0,1,3,0,2,3,3,0,1,0,0,2,4,14.67,1,4,0,2,0,0,1,1,0,0,0,2
Stephen Wheeler,West Coast Baptist,2019-20,20.0,2,9,1,6,2,2,1,3,0,0,2,5,14.92,0,3,0,0,0,0,0,0,0,0,2,1
Stetson,,2019-20,0.0,0,0,0,0,0,0,0,0,0,40,41,17,0.0,0,0,0,0,0,0,0,0,0,45,20,8
Stevan Jeremic,Southern Illinois,2019-20,0.0,0,0,0,0,0,0,1,0,0,1,3,0,18.55,0,0,0,0,0,0,1,0,1,3,2,2
Stevan Krtinic,St. Francis (BKN),2019-20,20.0,22,60,12,32,10,12,20,9,2,4,24,20,20.0,23,55,12,29,10,15,18,6,1,3,16,11
Steve Etienne,Marymount VA,2019-20,20.0,3,4,0,0,3,4,1,0,0,2,4,0,16.5,1,5,0,1,0,0,2,1,0,2,2,1
Steve Valencia-Biskupiak,Gallaudet University,2019-20,20.0,2,4,0,0,0,0,0,0,1,0,1,1,14.92,0,0,0,0,0,0,1,0,1,0,0,0
Steve Wooten Jr,UT Martin,2019-20,0.0,0,0,0,0,0,0,0,0,0,0,0,0,17.95,0,0,0,0,0,0,2,0,0,0,0,0
Steve Wooten Jr.,UT Martin,2019-20,20.0,12,23,5,13,1,1,0,3,0,3,12,2,20.0,5,14,0,4,1,1,0,4,1,1,10,2
Steven Beo,Eastern Washington,2019-20,0.0,0,0,0,0,0,0,0,0,0,0,0,0,14.95,1,1,0,0,0,0,0,0,0,0,0,0
Steven Eng,Valley Forge,2019-20,20.0,0,1,0,1,0,0,0,0,0,0,1,0,14.83,0,0,0,0,0,0,0,0,0,0,0,0
Steven Enoch,Louisville,2019-20,20.0,61,116,5,13,24,29,7,6,6,21,67,20,14.87,50,99,3,12,28,42,5,2,13,24,57,22
Steven Fabrizio,Emerson College,2019-20,0.0,0,0,0,0,0,0,0,0,0,0,0,0,17.97,0,1,0,0,0,0,0,0,0,0,1,0
Steven Freeman,Edinboro,2019-20,20.0,0,1,0,1,0,0,1,0,0,0,0,1,14.93,0,0,0,0,0,0,0,0,1,0,1,1
Steven Levnaic,Niagara,2019-20,0.0,10,22,3,12,5,6,12,20,3,5,22,12,20.0,10,31,1,11,5,7,14,12,5,1,27,2
Steven Matlack,Widener,2019-20,20.0,2,4,1,2,0,0,1,0,0,2,1,2,14.8,1,2,1,2,1,2,1,0,0,0,2,0
Steven Solomon,Fairmont State,2019-20,20.0,0,2,0,1,0,0,1,0,0,0,0,2,14.8,0,0,0,0,0,0,0,0,0,0,0,0
Steven Webb,Missouri-St. Louis,2019-20,20.0,1,2,0,0,0,0,0,0,1,1,3,2,19.72,1,1,0,0,0,0,0,0,1,0,0,2
Steven Whitley,Norfolk State,2019-20,20.0,41,102,5,24,27,40,35,27,2,17,49,42,14.92,49,107,6,25,40,66,43,14,2,21,44,22
Stevie Jordan,Rider,2019-20,20.0,39,123,11,47,27,38,53,20,2,16,48,51,20.0,53,137,19,53,61,80,55,14,2,9,40,46
Stone Gettings,Arizona,2019-20,20.0,31,75,7,22,12,16,9,8,3,24,31,15,14.92,32,52,8,14,11,17,13,5,3,12,29,13
Stony Brook,,2019-20,0.0,0,0,0,0,0,0,0,0,0,36,28,9,0.0,0,0,0,0,0,0,0,0,0,35,22,6
Storm Murphy,Wofford,2019-20,20.0,76,151,38,70,10,10,53,12,1,5,41,33,14.97,63,148,21,71,30,35,49,11,0,3,34,35
Sukhmail Mathon,Boston University,2019-20,20.0,30,59,2,7,4,7,13,2,5,23,41,11,20.0,33,54,0,2,7,11,19,4,3,36,44,17
Sukhman Bhinder,Lindenwood,2019-20,0.0,0,0,0,0,0,0,0,2,0,0,0,3,14.98,1,1,0,0,0,0,0,0,0,0,0,0
Sukky Nd-Ezuma,Gettysburg,2019-20,20.0,0,0,0,0,0,0,1,1,0,1,0,0,17.9,0,0,0,0,0,0,0,0,0,0,2,0
Sunday Okeke,,2019-20,0.0,0,0,0,0,0,0,0,0,0,0,3,0,0.0,0,0,0,0,0,0,0,0,0,0,0,0
Suny-Oneonta,,2019-20,0.0,0,0,0,0,0,0,0,0,0,2,0,0,0.0,0,0,0,0,0,0,0,0,0,4,0,0
Sy Chatman,UMass,2019-20,0.0,4,9,0,1,3,10,3,0,2,1,6,10,20.0,8,19,0,4,5,7,0,1,5,4,10,4
Sylvester Ogbonda,Ohio,2019-20,20.0,35,85,9,22,21,31,11,10,11,25,65,21,17.87,37,65,1,9,27,36,15,15,13,39,69,24
Symir Torrence,Marquette,2019-20,19.98,5,18,3,11,0,0,21,2,0,0,13,11,14.92,5,9,1,3,6,7,13,3,0,1,11,4
Syracuse,,2019-20,0.0,0,0,0,0,0,0,0,0,0,40,33,4,0.0,0,0,0,0,0,0,0,0,0,55,18,3
Syvon Holland,Columbia International,2019-20,20.0,1,1,1,1,1,2,0,0,0,0,0,1,14.95,0,1,0,1,0,0,1,0,0,0,1,0
Szu Yao Sun,New York Institute of Technology,2019-20,20.0,1,3,0,0,1,1,0,0,0,0,0,0,14.97,1,2,0,0,4,4,1,0,0,1,1,1
T.J. Atwood,Lamar,2019-20,20.0,105,196,9,20,26,38,0,24,10,36,69,50,14.98,90,181,8,25,57,74,0,19,8,31,72,37
T.J. Bickerstaff,Drexel,2019-20,20.0,22,45,0,6,24,29,0,6,4,12,33,20,20.0,23,56,0,8,23,29,0,7,3,17,33,17
T.J. Jones,Xavier LA,2019-20,20.0,1,4,1,2,0,0,0,0,0,1,1,4,20.0,7,8,2,2,1,1,0,2,0,0,4,3
T.J. Moss,South Carolina,2019-20,20.0,15,48,7,27,3,11,0,7,0,0,10,15,17.58,8,32,3,12,2,6,3,1,1,2,12,13
T.J. Smith,Toledo,2019-20,20.0,9,16,1,4,2,5,0,3,0,5,14,3,14.65,4,10,0,4,6,8,0,1,0,7,9,6
T.J. Weeks,UMass,2019-20,20.0,27,62,16,33,12,15,0,14,2,3,16,9,18.8,19,46,16,32,11,17,0,4,1,4,15,2
TCU,,2019-20,0.0,0,0,0,0,0,0,0,0,0,30,17,8,0.0,0,0,0,0,0,0,0,0,0,37,20,23
TJ Atwood,Lamar,2019-20,20.0,0,0,0,0,0,0,38,0,0,0,0,0,14.98,0,0,0,0,0,0,19,0,0,0,0,0
TJ Bickerstaff,Drexel,2019-20,20.0,0,0,0,0,0,0,14,0,0,0,0,0,20.0,0,0,0,0,0,0,9,0,0,0,0,0
TJ Gibbs,Notre Dame,2019-20,20.0,63,163,40,102,20,22,48,12,0,7,20,16,20.0,68,149,29,67,33,38,47,15,1,9,29,17
TJ Haws,BYU,2019-20,20.0,73,176,37,87,26,32,86,18,3,4,38,42,17.67,84,162,21,65,35,48,86,22,4,5,30,37
TJ Holyfield,Texas Tech,2019-20,20.0,48,102,7,25,13,24,21,9,20,21,42,32,14.92,51,83,7,15,32,43,8,15,27,25,42,16
TJ Jones,Xavier LA,2019-20,0.0,0,0,0,0,0,0,0,0,0,0,0,0,17.63,0,0,0,0,0,0,1,0,0,0,0,0
TJ Moss,South Carolina,2019-20,20.0,0,0,0,0,0,0,27,0,0,0,0,0,17.58,0,0,0,0,0,0,13,0,0,0,0,0
TJ Parham,Alabama A&M,2019-20,20.0,21,85,6,36,12,15,14,7,1,14,27,13,16.28,23,79,10,33,13,20,5,6,2,14,18,9
TJ Smith,Toledo,2019-20,0.0,0,0,0,0,0,0,4,0,0,0,0,0,15.35,0,0,0,0,0,0,3,0,0,0,0,0
TJ Washington,Utah Valley,2019-20,20.0,32,113,9,48,19,23,38,8,1,1,28,35,18.52,51,126,20,63,46,61,56,15,0,4,32,28
TJ Weeks,UMass,2019-20,0.0,0,0,0,0,0,0,3,0,0,0,0,0,20.0,0,0,0,0,0,0,3,0,0,0,0,0
Ta'Jay Dunlap,South Wesleyan,2019-20,20.0,2,3,2,2,0,0,0,0,0,0,1,1,17.58,3,7,0,1,0,0,2,2,0,2,1,0
Ta'Lon Cooper,Morehead State,2019-20,10.0,1,5,0,3,0,0,5,3,1,0,6,3,20.0,6,6,4,4,0,0,2,1,0,0,1,1
Ta'lon Cooper,Morehead State,2019-20,20.0,23,54,11,26,9,11,42,13,6,8,23,14,14.7,28,59,15,36,28,35,34,9,3,5,29,14
Taavi Jurkatamm,San Francisco,2019-20,20.0,5,17,0,3,1,2,11,5,3,8,19,9,14.92,5,14,0,2,3,10,6,2,6,4,11,5
Tadas Kararinas,Drexel,2019-20,0.0,5,7,1,1,4,4,0,1,0,1,4,3,20.0,2,6,0,1,1,2,1,0,1,4,2,1
Taelyr Gatlin,Denver,2019-20,20.0,30,78,7,31,10,18,14,13,5,2,46,20,19.97,20,68,11,38,11,15,23,11,0,1,27,16
Taeshon Cherry,Arizona State,2019-20,20.0,13,55,6,31,7,9,6,5,7,9,29,11,15.18,27,63,8,33,6,12,6,8,5,18,25,4
Taevion Kinsey,Marshall,2019-20,20.0,82,175,13,38,22,38,65,18,5,25,48,43,20.0,103,207,6,32,70,99,62,14,7,25,49,46
Tafari Beckford,Davenport University,2019-20,20.0,2,5,0,1,0,1,2,0,1,1,6,0,19.45,0,1,0,1,2,2,2,0,0,0,0,1
Tahirou Diabate,Portland,2019-20,20.0,57,108,0,1,33,58,7,7,14,30,50,37,14.98,59,102,2,2,26,47,6,12,9,25,48,24
Tahj Curry,Goshen College,2019-20,20.0,6,13,1,5,0,0,6,4,1,0,3,6,14.93,1,3,1,2,0,0,1,0,0,1,1,3
Tahj Eaddy,Santa Clara,2019-20,20.0,48,124,21,71,16,20,31,18,1,6,26,32,14.9,53,122,23,60,21,26,35,12,0,4,28,21
Tahj Small,Troy,2019-20,20.0,24,65,9,30,4,6,17,8,3,14,31,13,20.0,20,56,5,29,11,15,11,4,0,13,42,10
Tahj-Malik Campbell,Morgan State,2019-20,20.0,4,8,0,3,3,3,3,2,3,0,7,6,20.0,0,3,0,1,1,2,1,0,0,1,2,1
Tahjai Teague,Ball State,2019-20,20.0,75,160,11,43,30,46,29,18,20,29,101,37,14.92,88,168,8,26,46,79,34,17,24,38,97,41
Tai Bibbs,Columbia,2019-20,20.0,25,86,11,48,21,34,11,14,4,5,49,9,20.0,32,75,11,36,17,24,12,9,1,6,35,11
Taiga Walker,Marymount VA,2019-20,20.0,0,2,0,0,0,0,0,1,0,0,0,0,16.5,0,2,0,0,0,0,2,0,0,0,0,2
Taiveyhon Mason,Campbellsville,2019-20,20.0,2,7,1,4,1,2,0,0,0,0,0,1,14.98,1,3,0,0,0,0,0,0,0,0,1,0
Taj Benning,Fairfield,2019-20,20.0,34,112,5,24,31,36,28,13,1,6,64,25,20.0,44,115,7,23,54,71,30,9,2,7,53,27
Taj-Maal Toney,Bluefield State,2019-20,20.0,1,6,0,1,1,4,0,1,0,3,9,2,14.97,2,5,0,1,1,1,2,0,1,0,6,2
Tajae Anderson,Columbia International,2019-20,20.0,4,5,2,3,0,0,0,3,0,1,1,3,14.95,5,10,2,2,1,1,1,0,0,1,5,0
Tajion Jones,UNC Asheville,2019-20,20.0,81,151,41,82,21,29,9,9,0,22,37,17,16.22,55,112,19,51,19,30,11,13,7,21,32,12
Tajuan Agee,Iona,2019-20,19.67,73,148,10,29,30,40,45,13,14,26,64,59,20.0,63,115,8,14,60,74,36,17,18,25,76,68
Takiula Fahrensohn,Portland,2019-20,20.0,40,96,26,64,5,7,10,7,1,1,34,10,14.98,27,69,17,47,9,14,8,4,1,3,36,10
Talen Davis,Howard Payne,2019-20,20.0,3,4,0,0,0,0,1,0,0,1,4,2,10.62,1,3,0,1,0,0,1,0,0,0,4,0
Tamal Watkins,Heidelberg,2019-20,19.98,1,5,0,3,0,0,1,1,0,0,2,0,14.98,2,2,0,0,0,0,1,1,0,0,0,0
Tamell Pearson,UAB,2019-20,20.0,25,51,2,5,7,18,13,2,4,16,45,20,20.0,21,48,4,9,5,6,8,7,5,15,27,17
Tamenang Choh,Brown,2019-20,20.0,64,157,12,34,34,58,39,14,8,30,85,53,20.0,54,140,7,26,52,74,49,4,7,27,73,44
Tamir Bynum,Prairie View A&M,2019-20,20.0,6,21,0,3,0,0,8,4,1,2,7,8,14.53,9,16,0,4,5,10,6,2,0,0,6,4
Tamir Glenn,Piedmont International,2019-20,20.0,0,5,0,2,1,2,2,1,0,1,3,3,15.1,1,7,1,5,0,2,0,1,0,1,3,1
Tampa,,2019-20,0.0,0,0,0,0,0,0,0,0,0,0,2,2,0.0,0,0,0,0,0,0,0,0,0,1,1,0
Tanner Camp,Goshen College,2019-20,0.0,0,0,0,0,0,0,0,0,1,0,0,0,14.72,1,2,0,0,0,0,0,0,0,0,2,1
Tanner Eubank,Northwestern Ohio,2019-20,20.0,0,1,0,0,0,0,0,0,0,0,0,0,14.68,1,2,0,0,0,0,1,1,0,0,0,0
Tanner Groves,Eastern Washington,2019-20,20.0,35,62,6,16,6,11,4,1,8,14,31,11,14.98,29,47,7,17,7,9,7,1,10,15,27,7
Tanner Holden,Wright State,2019-20,20.0,56,90,7,17,22,41,26,18,8,28,51,22,20.0,65,108,6,12,52,80,20,21,3,37,69,25
Tanner Krebs,Saint Mary's,2019-20,15.0,52,117,31,67,11,12,10,16,3,9,41,13,20.0,31,90,15,49,17,22,13,10,5,13,50,16
Tanner Perdue,Alice Lloyd College,2019-20,0.0,0,0,0,0,0,0,0,0,0,0,1,0,14.85,0,0,0,0,6,6,0,0,0,1,2,0
Tanner Stuckman,Quincy,2019-20,20.0,3,9,2,4,2,2,0,1,0,0,5,1,20.0,6,8,1,1,6,8,1,0,0,1,7,2
Tarajae Davis,Penn State-York,2019-20,20.0,0,2,0,0,2,2,0,0,0,1,1,0,14.85,0,0,0,0,1,2,1,0,0,0,0,0
Tareq Coburn,Hofstra,2019-20,20.0,54,128,34,82,26,32,18,9,7,20,60,27,20.0,47,120,28,74,39,48,8,13,9,28,66,16
Tarik Cool,Idaho State,2019-20,20.0,50,127,19,46,11,18,33,9,1,4,17,35,18.73,43,113,12,39,39,48,31,7,1,3,22,41
Tariq Balogun,Eastern Kentucky,2019-20,20.0,13,20,0,0,10,13,0,0,1,9,9,2,14.88,5,8,0,0,4,6,0,0,2,5,7,1
Tariq Moore,Bryn Athyn,2019-20,20.0,0,3,0,2,2,2,0,1,0,0,1,4,15.02,2,4,0,0,1,1,0,0,0,1,1,0
Tariq Simmons,South Carolina State,2019-20,20.0,16,61,7,27,8,8,7,6,0,7,13,10,14.73,11,32,2,7,15,17,6,3,1,2,15,12
Tarkus Ferguson,UIC,2019-20,20.0,65,167,31,95,33,43,72,16,13,10,77,43,19.75,77,162,27,77,51,68,68,20,19,8,74,57
Tashombe Riley,South Carolina State,2019-20,20.0,25,56,2,8,2,4,7,4,1,5,16,6,14.78,24,49,4,10,7,8,4,5,1,4,15,7
Tasos Kamateros,South Dakota,2019-20,20.0,6,10,1,3,3,5,1,0,1,5,4,1,20.0,4,5,0,0,3,3,1,1,0,0,2,0
Tate Cooper,Anderson (IN),2019-20,20.0,1,3,1,3,0,0,1,0,0,0,1,0,14.88,0,2,0,1,0,0,0,0,0,0,2,0
Tate Hall,Loyola Chicago,2019-20,20.0,60,136,27,67,17,31,41,22,2,3,47,24,14.75,73,142,27,63,44,73,26,24,0,6,59,27
Tate Pierson,Belmont,2019-20,20.0,16,36,12,32,3,3,7,2,0,7,6,4,14.82,9,20,5,15,10,13,5,2,1,3,12,6
Taurus Samuels,Dartmouth,2019-20,20.0,42,101,16,53,13,19,20,6,0,4,30,15,20.0,34,99,11,52,24,32,33,11,2,6,30,21
Taveion Hollingsworth,Western Kentucky,2019-20,20.0,78,170,9,33,50,61,44,20,1,21,53,40,18.85,83,165,10,25,87,100,37,15,1,6,40,40
Taveion White,IUPUI,2019-20,20.0,4,12,0,0,1,6,1,3,2,13,8,2,14.88,5,7,0,0,1,5,1,2,3,6,5,3
Tavian Davis,Rogers State,2019-20,20.0,1,3,1,2,0,0,0,0,0,0,1,2,19.15,2,4,1,3,0,0,2,1,0,0,1,1
Tavian Dunn-Martin,Duquesne,2019-20,20.0,40,125,30,94,11,15,35,17,0,3,21,25,20.0,41,110,34,83,26,29,28,19,1,4,21,23
Tavian Percy,New Mexico,2019-20,20.0,8,14,5,9,0,0,7,0,0,0,9,1,14.58,5,8,1,3,1,2,3,2,1,0,5,3
Tavin Lovan,UAB,2019-20,20.0,64,127,4,11,37,49,29,10,6,26,46,23,20.0,74,131,2,10,63,80,31,25,5,14,54,28
Tavin Pier Philippe,,2019-20,0.0,0,0,0,0,0,0,0,0,0,0,1,1,0.0,0,0,0,0,0,0,0,0,0,0,0,0
Tavin Pierre Philippe,Stony Brook,2019-20,15.0,10,40,2,14,11,13,8,9,4,2,18,14,20.0,10,36,3,13,12,14,7,7,3,3,9,10
Tavon King,North Alabama,2019-20,0.0,8,20,2,5,10,14,5,4,1,0,10,9,17.58,3,13,2,5,5,12,7,1,0,1,0,8
Tavon Tarpley,Hawaii Pacific,2019-20,20.0,1,4,0,0,1,2,0,0,0,1,1,0,17.92,3,4,0,0,0,0,0,0,0,0,1,1
Tay Gibbs,Brescia,2019-20,20.0,1,3,0,1,0,0,1,0,0,0,0,0,14.97,1,4,0,1,0,0,0,0,0,1,0,0
Tay Weaver,Saint Louis,2019-20,20.0,33,87,24,71,5,5,18,9,1,1,29,7,16.05,14,38,10,29,2,4,6,6,1,0,19,4
Taylan Grogan,Wiley,2019-20,20.0,8,25,3,12,3,5,2,3,0,1,2,9,14.95,6,21,2,11,2,2,4,0,0,2,1,6
Taylan Rowe,Pfeiffer,2019-20,20.0,1,2,1,2,0,0,0,0,0,0,2,0,14.97,2,2,2,2,0,0,0,0,0,0,0,0
Tayler Mattos,Bowling Green,2019-20,20.0,28,58,3,7,14,19,3,6,11,20,65,15,15.38,27,46,1,2,16,25,5,3,12,21,46,8
Tayler McNeal,Urbana,2019-20,20.0,0,2,0,0,0,0,0,0,0,1,0,1,14.77,0,1,0,1,0,0,1,0,0,0,2,1
Taylor Bruninga,Illinois State,2019-20,20.0,2,8,2,7,5,6,3,1,3,2,13,2,20.0,4,18,2,12,0,0,1,3,1,2,11,5
Taylor England,Montana Tech,2019-20,20.0,0,3,0,0,0,0,4,0,0,1,2,1,14.77,5,8,0,0,2,3,0,1,0,0,1,2
Taylor Funk,Saint Joseph's,2019-20,20.0,13,34,8,23,1,2,8,0,3,6,14,2,19.35,10,21,2,13,2,6,6,1,4,7,5,4
Taylor Harper,Holy Family,2019-20,20.0,1,3,0,2,0,0,1,0,0,0,1,1,14.9,0,1,0,0,2,2,0,1,0,0,0,1
Taylor Maughan,BYU,2019-20,0.0,0,0,0,0,0,0,0,0,0,0,0,0,14.77,0,1,0,1,0,0,0,0,0,0,2,0
Taylor Petersen,Bethesda,2019-20,20.0,0,1,0,1,0,0,0,0,0,0,1,0,14.88,0,1,0,0,0,0,0,0,0,1,0,0
Taylor Schildroth,Maine,2019-20,0.0,0,0,0,0,0,0,0,0,0,0,1,0,14.98,0,2,0,2,0,0,0,0,0,0,0,0
Taz Sherman,West Virginia,2019-20,20.0,24,69,11,40,2,3,10,6,3,5,8,16,17.93,28,69,14,35,15,16,12,10,3,4,6,9
Taze Moore,CSU Bakersfield,2019-20,15.22,58,125,15,36,16,26,38,15,17,11,50,33,20.0,64,132,12,36,39,59,18,12,10,18,28,21
Te'Jon Lucas,Milwaukee,2019-20,20.0,60,139,17,51,19,21,74,21,2,7,50,34,18.85,66,164,13,57,72,91,71,31,2,4,50,48
Ted McCree,Northern Arizona,2019-20,20.0,19,43,12,25,1,1,11,3,1,0,7,8,14.92,13,38,6,21,8,11,10,4,0,1,9,8
Teesean Patterson,,2019-20,18.58,1,1,0,0,0,0,0,0,0,0,2,0,0.0,1,5,0,1,0,0,0,0,0,1,1,0
Tefrell Toliver,Spalding,2019-20,20.0,1,3,0,0,0,0,0,0,0,0,0,1,14.83,0,0,0,0,0,0,0,0,0,0,0,1
Tehree Horn,Urbana,2019-20,20.0,3,6,0,3,2,2,0,0,0,0,2,1,14.77,0,0,0,0,0,0,0,0,0,0,0,0
Tehron Phillips,Cairn University,2019-20,0.0,0,0,0,0,0,0,0,0,0,0,0,0,14.98,0,1,0,0,0,0,0,0,0,0,0,0
Tej Johnson,Sonoma State,2019-20,20.0,0,1,0,1,0,0,1,0,0,0,1,1,14.92,1,2,0,1,0,0,0,0,0,0,1,0
Telly Davenport,Chaminade,2019-20,20.0,2,3,0,0,0,0,2,0,0,1,4,3,14.72,0,0,0,0,0,0,0,0,0,0,0,0
Temi Aiyegbusi,UConn,2019-20,0.0,0,0,0,0,0,0,0,0,0,0,0,0,20.0,0,1,0,0,0,0,0,0,0,0,0,0
Temple,,2019-20,0.0,0,0,0,0,0,0,0,0,0,37,25,5,0.0,0,0,0,0,0,0,0,0,0,62,27,9
Tennessee,,2019-20,0.0,0,0,0,0,0,0,0,0,0,21,26,6,0.0,0,0,0,0,0,0,0,0,0,23,21,6
Tennessee Owens,New Mexico State,2019-20,19.93,0,1,0,1,0,0,0,0,0,0,0,0,14.97,2,4,2,4,0,0,0,1,0,0,1,1
Tennessee State,,2019-20,0.0,0,0,0,0,0,0,0,0,0,25,29,10,0.0,0,0,0,0,0,0,0,0,0,38,23,11
Tennessee Tech,,2019-20,0.0,0,0,0,0,0,0,0,0,0,35,29,12,0.0,0,0,0,0,0,0,0,0,0,37,29,13
Tennessee Wesleyan,,2019-20,0.0,0,0,0,0,0,0,0,0,0,1,1,0,0.0,0,0,0,0,0,0,0,0,0,0,1,0
Tensley Aldridge,Loyola New Orleans,2019-20,20.0,1,1,0,0,0,0,0,0,0,0,0,1,14.77,0,0,0,0,0,0,1,0,0,0,1,0
Teon Russell,,2019-20,0.0,0,0,0,0,0,0,0,0,0,0,0,0,0.0,0,0,0,0,0,0,0,0,0,0,0,1
Terence Porter Jr,Charleston Southern,2019-20,0.0,0,0,0,0,0,0,0,0,0,0,0,0,15.02,0,0,0,0,0,0,1,0,0,0,0,0
Terence Porter Jr.,Charleston Southern,2019-20,20.0,0,9,0,2,0,0,0,0,1,3,6,4,14.88,3,7,0,3,0,0,0,0,1,0,2,2
Terence Romey,Central Pennsylvania College,2019-20,0.0,0,0,0,0,0,0,0,0,0,0,0,0,14.93,0,1,0,0,0,0,1,0,0,1,0,0
Terrance Banyard,Arkansas-Pine Bluff,2019-20,20.0,35,70,5,11,24,42,12,8,15,17,35,33,14.9,31,70,1,6,23,44,6,10,8,12,39,38
Terrance Boykin,Carver College,2019-20,20.0,3,7,1,2,2,2,0,0,0,2,1,0,14.75,3,12,1,1,2,4,0,1,0,1,1,0
Terrance Collins-Lundy,Southern-New Orleans,2019-20,20.0,2,8,0,5,0,0,1,0,0,1,3,0,15.27,6,15,4,9,1,2,0,0,0,0,5,2
Terrance Jones,Mid-America Christian,2019-20,20.0,1,4,0,0,0,0,1,1,0,0,3,1,14.8,1,1,0,0,0,0,0,0,1,0,0,2
Terrance Lacey,Trinity (IL),2019-20,20.0,7,13,1,3,0,0,2,1,0,0,2,4,14.88,3,8,1,4,2,2,2,0,0,1,2,2
Terrance McBride,Cornell,2019-20,20.0,50,111,10,39,19,24,43,14,3,8,33,23,17.92,54,109,9,35,33,45,34,12,0,13,40,22
Terrance Reese,SW Christian Univ,2019-20,20.0,1,4,0,2,0,0,0,0,0,0,0,1,14.77,1,3,1,1,0,0,0,0,0,0,0,1
Terrell Allen,Georgetown,2019-20,20.0,37,98,9,25,22,29,60,16,1,3,32,30,18.9,47,93,11,22,42,53,55,16,0,9,24,30
Terrell Brown,Seattle,2019-20,20.0,165,385,31,91,76,99,94,35,34,48,127,75,14.82,165,394,25,86,108,145,76,34,27,48,107,49
Terrell Burden,Kennesaw State,2019-20,20.0,17,52,2,7,21,32,17,2,0,5,13,16,15.35,21,51,1,6,14,25,9,5,1,3,9,20
Terrell Gomez,CSU Northridge,2019-20,20.0,88,218,45,110,29,31,35,16,0,6,35,24,16.42,110,233,59,126,64,68,34,9,0,3,30,19
Terrell Green,Ecclesia College,2019-20,20.0,0,0,0,0,0,0,1,0,0,1,0,1,14.82,2,4,0,1,0,0,2,2,1,0,2,0
Terrell Jennings,Rust,2019-20,20.0,1,1,0,0,0,0,1,0,1,0,1,0,15.2,0,1,0,0,0,0,2,0,0,1,1,1
Terrell McKay,,2019-20,0.0,0,0,0,0,0,0,0,0,0,0,0,1,0.0,0,0,0,0,0,0,0,0,0,1,0,0
Terrell Taylor,Campbellsville-Harrodsburg,2019-20,20.0,2,4,2,3,2,2,0,0,0,0,2,1,14.9,1,3,1,2,0,0,0,1,0,0,0,2
Terrell Williams Jr.,,2019-20,0.0,0,0,0,0,0,0,0,0,0,0,0,1,0.0,0,0,0,0,0,0,0,0,0,0,0,0
Terrence Braxton,Wesley,2019-20,20.0,1,2,1,1,0,0,3,2,0,0,0,0,14.92,1,2,0,1,2,2,0,0,0,0,2,0
Terrence Gilder,Pacific Oregon,2019-20,20.0,0,2,0,1,0,2,3,1,0,0,2,2,14.8,0,2,0,1,1,2,0,0,0,0,0,0
Terrence Hargrove Jr,Saint Louis,2019-20,0.0,0,0,0,0,0,0,0,0,0,0,0,0,14.88,0,0,0,0,0,0,6,0,0,0,0,0
Terrence Hargrove Jr.,Saint Louis,2019-20,0.0,21,43,1,5,9,16,0,0,6,7,24,6,14.88,23,42,3,8,18,25,3,5,5,9,12,5
Terrence Lewis,Iowa State,2019-20,0.0,18,35,7,18,9,12,5,3,2,8,7,6,14.87,23,43,4,15,11,15,6,1,2,11,14,12
Terrence Shannon Jr,Texas Tech,2019-20,20.0,0,0,0,0,0,0,4,0,0,0,0,0,14.88,0,0,0,0,0,0,7,0,0,0,0,0
Terrence Shannon Jr.,Texas Tech,2019-20,20.0,47,97,0,11,30,38,7,10,6,14,44,16,14.88,35,73,5,12,36,45,7,12,4,13,33,17
Terreon Randolph,Grambling,2019-20,20.0,14,25,0,0,7,13,5,7,6,14,31,6,19.92,13,27,1,2,6,13,5,7,3,22,26,7
Terry Deboise,St. Louis,2019-20,20.0,1,4,1,3,0,2,0,0,0,1,1,1,14.88,0,2,0,0,0,2,1,0,1,1,2,1
Terry Ivery,Stetson,2019-20,0.0,10,21,0,3,8,13,20,13,0,1,7,13,20.0,2,13,0,4,4,8,10,2,0,2,13,8
Terry Taylor,Austin Peay,2019-20,20.0,102,210,14,57,33,52,25,15,23,49,103,26,14.98,120,205,17,43,43,72,17,21,14,60,85,34
Terryonte Thomas,Sam Houston State,2019-20,20.0,16,32,5,12,5,6,2,3,1,7,18,12,20.0,11,30,2,9,14,24,2,3,2,10,15,3
Tervell Beck,Kent State,2019-20,20.0,24,41,5,10,9,15,5,8,5,15,19,11,14.98,18,27,0,6,8,10,6,6,0,8,19,11
Teshaun Hightower,Tulane,2019-20,20.0,65,181,20,72,37,54,35,18,1,10,50,38,17.97,68,153,13,44,79,101,34,25,1,25,38,41
Tevian Jones,Illinois,2019-20,20.0,3,14,2,9,0,0,1,0,2,2,4,2,14.92,0,5,0,4,0,0,0,0,0,2,0,0
Tevin Brewer,Florida International,2019-20,20.0,13,26,7,19,0,0,18,11,0,1,8,10,20.0,4,19,3,12,2,2,13,5,0,3,10,5
Tevin Brown,Murray State,2019-20,20.0,70,162,40,94,24,35,57,17,3,4,48,30,15.83,85,183,35,86,99,131,44,21,8,5,67,44
Tevin Mack,Clemson,2019-20,20.0,61,155,27,88,11,18,18,16,6,9,52,16,20.0,81,157,19,72,26,41,10,16,13,20,68,17
Texas,,2019-20,0.0,0,0,0,0,0,0,0,0,0,27,25,10,0.0,0,0,0,0,0,0,0,0,0,22,16,6
Texas A&M,,2019-20,0.0,0,0,0,0,0,0,0,0,0,30,20,5,0.0,0,0,0,0,0,0,0,0,0,31,16,4
Texas A&M-CC,,2019-20,0.0,0,0,0,0,0,0,0,0,0,34,24,13,0.0,0,0,0,0,0,0,0,0,0,45,26,13
Texas A&M-International,,2019-20,0.0,0,0,0,0,0,0,0,0,0,3,0,2,0.0,0,0,0,0,0,0,0,0,0,1,1,0
Texas At Dallas,,2019-20,0.0,0,0,0,0,0,0,0,0,0,0,3,0,0.0,0,0,0,0,0,0,0,0,0,1,1,1
Texas Lutheran,,2019-20,0.0,0,0,0,0,0,0,0,0,0,3,1,1,0.0,0,0,0,0,0,0,0,0,0,3,1,0
Texas Permian Basin,,2019-20,0.0,0,0,0,0,0,0,0,0,0,1,2,1,0.0,0,0,0,0,0,0,0,0,0,0,0,1
Texas Southern,,2019-20,0.0,0,0,0,0,0,0,0,0,0,37,31,8,0.0,0,0,0,0,0,0,0,0,0,37,30,11
Texas State,,2019-20,0.0,0,0,0,0,0,0,0,0,0,25,30,8,0.0,0,0,0,0,0,0,0,0,0,42,20,13
Texas Tech,,2019-20,0.0,0,0,0,0,0,0,0,0,0,42,22,14,0.0,0,0,0,0,0,0,0,0,0,34,18,13
Texas of The Permian Basin,,2019-20,0.0,0,0,0,0,0,0,0,0,0,3,0,0,0.0,0,0,0,0,0,0,0,0,0,0,0,0
Teyden Gause,San Diego Christian,2019-20,20.0,3,6,0,1,2,4,0,1,0,0,2,2,14.97,3,5,0,1,0,0,1,0,0,0,1,1
Teyon Henry,Bluefield State,2019-20,20.0,3,4,0,0,0,0,0,0,1,1,3,1,14.97,0,2,0,1,0,0,1,0,0,0,3,1
Thai Segwai,Central Connecticut,2019-20,0.0,1,3,0,0,4,4,0,0,0,0,4,6,14.77,1,2,0,1,0,0,3,1,0,1,2,5
Thatcher Stone,William & Mary,2019-20,0.0,0,0,0,0,0,0,0,0,0,0,0,0,14.92,1,3,1,3,0,0,0,0,0,1,2,0
The Citadel,,2019-20,0.0,0,0,0,0,0,0,0,0,0,30,27,4,0.0,0,0,0,0,0,0,0,0,0,24,24,2
Theo Akwuba,Portland,2019-20,20.0,15,25,0,0,4,7,2,0,7,11,26,10,14.95,17,25,0,0,8,15,3,5,9,9,18,12
Theo Howard,Central State (OH),2019-20,20.0,0,3,0,0,0,0,0,1,0,0,0,0,14.88,2,6,2,3,0,0,0,0,0,0,0,4
Theo John,Marquette,2019-20,19.98,25,49,0,0,12,18,13,6,26,31,51,13,14.92,25,45,0,0,19,42,7,7,27,18,44,9
Theo Mason,,2019-20,0.0,0,0,0,0,0,0,0,0,0,0,0,0,0.0,0,0,0,0,0,0,0,1,0,0,0,2
Thomas Bell,North Texas,2019-20,20.0,37,71,11,31,11,17,21,15,8,20,70,23,14.88,25,57,7,21,25,39,18,11,7,15,66,24
Thomas Binelli,Eastern Michigan,2019-20,20.0,42,107,37,92,13,17,1,10,2,1,36,4,20.0,23,96,18,81,11,14,7,10,1,4,35,4
Thomas Booker,South Carolina Upstate,2019-20,0.0,20,53,2,12,15,18,5,14,0,15,22,5,15.72,14,36,0,4,9,15,1,2,1,9,11,4
Thomas Bullock,Holy Family,2019-20,20.0,0,4,0,0,0,0,0,0,0,1,0,2,14.9,1,3,1,1,2,2,0,0,0,0,1,0
Thomas Clement,Nicholls,2019-20,0.0,0,1,0,1,0,0,1,0,0,1,0,1,14.77,1,3,1,3,0,1,0,0,0,0,1,0
Thomas Dillon,Florida National,2019-20,20.0,3,4,0,1,0,0,1,1,0,0,0,0,19.92,0,0,0,0,0,0,0,0,0,0,0,0
Thomas Dziagwa,Oklahoma State,2019-20,20.0,49,114,44,101,4,5,11,9,0,2,23,13,20.0,40,94,30,73,15,16,13,8,0,1,16,19
Thomas Gieske,Mayville State,2019-20,19.75,0,0,0,0,2,2,0,0,0,0,1,0,14.97,0,0,0,0,0,0,0,0,0,0,1,1
Thomas Hickman,Tiffin,2019-20,20.0,1,3,0,0,1,2,1,1,0,0,1,2,15.38,2,4,0,0,2,2,1,0,0,0,1,0
Thomas Hronis,Concordia (MI),2019-20,20.0,4,10,3,8,0,0,1,0,0,1,0,0,14.87,1,2,1,2,0,0,1,0,0,0,0,1
Thomas Kithier,Michigan State,2019-20,20.0,22,35,1,2,1,4,12,2,5,21,32,4,20.0,19,25,0,0,5,9,9,0,1,18,18,7
Thomas Phillips,,2019-20,6.88,0,4,0,3,0,0,0,1,0,0,0,0,0.0,1,1,0,0,2,2,0,0,1,0,1,2
Thomas Robertson,Nebraska Wesleyan,2019-20,20.0,0,1,0,0,0,0,0,0,0,0,0,0,17.92,0,0,0,0,0,0,0,0,0,0,0,0
Thomas Rodriguez,Northern New Mexico,2019-20,20.0,0,4,0,2,0,0,0,0,0,0,1,0,14.68,0,4,0,2,0,0,0,0,0,0,0,1
Thorir Thorbjarnarson,Nebraska,2019-20,20.0,47,103,21,57,13,15,23,15,1,7,59,17,18.43,42,94,20,57,10,14,15,17,3,8,63,23
Thornton Scott,William & Mary,2019-20,20.0,10,29,7,21,1,2,20,3,3,4,17,13,20.0,11,30,8,23,6,9,27,1,0,0,12,12
Thurston McCarty,Cornell,2019-20,20.0,9,26,5,20,4,5,4,1,2,3,15,5,17.92,12,31,7,18,3,4,2,1,6,5,5,0
Ti'Quan Whitmore,William Peace,2019-20,0.0,0,0,0,0,0,0,0,0,0,0,0,2,14.97,0,1,0,1,2,2,0,0,0,0,0,3
TiAndre Jackson-Young,UT Arlington,2019-20,20.0,25,64,11,43,4,6,7,9,6,12,39,12,14.9,33,72,19,50,5,7,6,4,5,9,19,9
Tierre Smith,,2019-20,2.45,1,2,1,1,0,0,0,1,0,0,0,0,0.0,0,1,0,0,0,0,1,0,0,0,0,1
Tiffin,,2019-20,0.0,0,0,0,0,0,0,0,0,0,0,0,0,0.0,0,0,0,0,0,0,0,0,0,1,4,0
Tim Cameron,Loyola New Orleans,2019-20,20.0,2,7,1,4,0,0,0,2,0,0,5,4,14.77,2,4,0,1,0,0,0,1,0,0,1,3
Tim Ceaser,Coastal Carolina,2019-20,20.0,23,59,4,22,8,11,7,5,4,25,32,15,20.0,28,62,4,21,7,14,4,5,4,27,24,12
Tim Dawson,New York Institute of Technology,2019-20,20.0,0,2,0,2,0,0,0,0,0,0,0,0,14.97,0,3,0,0,0,0,1,0,0,0,1,0
Tim Ford,Pacific Union,2019-20,20.0,1,2,0,0,1,2,0,1,0,1,5,1,14.98,6,12,3,5,1,4,0,0,1,2,2,0
Tim Fuller,Weber State,2019-20,0.0,48,74,0,0,7,17,13,11,16,37,41,15,14.5,41,68,0,0,12,26,10,2,17,32,42,10
Tim Harrison,Rice,2019-20,20.0,2,4,0,0,0,0,0,0,0,3,1,0,16.35,3,5,0,1,0,0,0,0,0,3,1,0
Tim Kostolansky,MIT,2019-20,20.0,1,3,0,0,0,0,0,0,0,1,3,1,14.62,0,5,0,0,2,2,0,1,0,1,0,2
Tim Perry Jr,Drexel,2019-20,20.0,0,0,0,0,0,0,3,0,0,0,0,0,20.0,0,0,0,0,0,0,0,0,0,0,0,0
Tim Perry Jr.,Drexel,2019-20,20.0,5,11,0,0,1,7,0,0,2,3,18,4,20.0,1,6,0,0,1,2,0,1,1,6,8,3
Tim Pettiford,NC Wesleyan,2019-20,20.0,0,1,0,1,1,2,0,0,0,0,1,3,14.9,2,3,0,1,6,6,1,0,0,3,2,2
Tim Waddington,Temple,2019-20,0.0,0,0,0,0,0,0,0,0,0,0,0,0,20.0,0,1,0,1,1,2,0,0,0,0,1,0
Timmy Allen,Utah,2019-20,20.0,80,180,2,16,57,75,30,17,1,15,79,36,14.98,66,150,5,17,50,70,44,11,2,16,59,31
Timmy Falls,Montana,2019-20,20.0,45,98,15,36,6,7,39,13,5,0,30,22,16.37,21,60,5,16,13,23,37,16,5,2,28,22
Timmy O'Farrell,Goucher,2019-20,20.0,3,5,1,2,0,0,0,0,0,0,0,2,14.88,0,1,0,0,0,0,1,0,1,0,1,3
Timothy Aguero,Howard Payne,2019-20,20.0,3,6,0,1,5,5,1,0,0,2,2,2,10.62,1,2,0,1,2,2,1,0,0,0,0,1
Timothy Gilmore,,2019-20,0.0,0,0,0,0,0,0,0,0,0,1,1,1,0.0,0,0,0,0,0,0,0,0,0,0,0,0
Timothy Henry,Averett,2019-20,20.0,1,4,0,0,0,0,0,0,0,1,0,1,14.7,0,1,0,0,0,0,0,0,0,0,0,0
Timothy Hoar,Lyndon State College,2019-20,20.0,0,1,0,0,0,0,0,1,0,1,2,1,14.65,2,3,0,0,0,0,0,0,0,0,0,2
Timothy Ighoefe,Georgetown,2019-20,20.0,1,6,0,0,2,2,0,2,0,2,9,5,20.0,6,7,0,0,3,6,1,0,3,6,7,1
Tino Malnati,,2019-20,0.0,0,0,0,0,0,0,0,0,0,0,3,0,0.0,0,0,0,0,0,0,0,0,0,0,0,0
Tionne Rollins,Purdue Fort Wayne,2019-20,20.0,14,51,7,34,4,7,10,3,2,4,10,8,18.22,5,23,1,14,2,4,6,4,0,2,7,7
Tirus Smith,Louisiana,2019-20,15.0,37,77,0,3,26,44,5,3,22,26,42,14,20.0,25,47,0,1,31,46,2,5,9,28,29,11
Titus Beard,Georgian Court,2019-20,20.0,1,2,0,1,0,0,0,0,0,1,0,2,20.0,0,0,0,0,0,0,0,0,0,0,1,1
Titus Wright,Western Michigan,2019-20,11.88,29,50,0,1,21,33,4,4,1,17,28,13,20.0,25,44,0,0,13,20,5,3,4,19,33,19
Tj Brown,Newberry,2019-20,20.0,0,2,0,1,0,0,0,0,0,0,0,1,14.97,0,2,0,0,2,2,0,0,0,0,5,0
Tj Crockett,Lindenwood,2019-20,20.0,3,7,0,1,1,1,0,0,0,1,2,2,14.98,7,8,3,4,0,0,0,2,0,1,0,0
Tj Parhman,,2019-20,1.2,2,7,1,2,1,2,0,0,0,3,2,3,0.0,3,9,2,5,0,1,0,1,0,1,1,1
Tj Stargell,Cumberland College,2019-20,20.0,0,2,0,0,0,0,1,1,0,0,1,1,14.87,3,4,0,0,0,0,0,0,0,0,0,0
Tj Turner,Bridgewater,2019-20,20.0,1,4,1,3,0,2,3,0,0,0,3,1,14.85,0,3,0,2,0,0,1,1,0,0,1,1
Tobi Ewuosho,Alabama State,2019-20,20.0,46,98,9,21,32,47,20,9,2,16,55,43,14.88,55,123,8,22,36,53,15,18,4,17,58,36
Tobias Cameron,Abilene Christian,2019-20,20.0,2,8,0,5,5,5,4,3,0,3,6,3,20.0,8,17,1,8,2,2,5,2,1,3,4,3
Tobias Sjoberg,Marist,2019-20,20.0,12,17,0,0,10,16,10,2,9,19,18,19,20.0,10,16,0,0,8,11,10,1,8,19,20,9
Toby Campbell,Bethany College,2019-20,20.0,0,1,0,0,0,0,0,0,0,0,1,1,14.77,0,0,0,0,0,0,0,0,0,0,0,1
Toby Marek,North Park,2019-20,20.0,3,5,0,1,0,0,1,1,0,0,1,2,19.65,1,6,0,2,0,0,1,0,0,0,1,0
Tobyn Lawson,Mayville State,2019-20,19.75,1,2,0,0,0,0,0,0,0,0,3,0,14.97,0,1,0,0,0,2,0,0,0,0,1,0
Toccoa Falls,,2019-20,0.0,0,0,0,0,0,0,0,0,0,2,2,0,0.0,0,0,0,0,0,0,0,0,0,2,1,0
Toledo,,2019-20,0.0,0,0,0,0,0,0,0,0,0,23,22,0,0.0,0,0,0,0,0,0,0,0,0,41,21,3
Toliver Freeman,Saint Joseph's,2019-20,0.0,21,42,7,22,5,10,12,2,1,8,33,19,19.35,29,53,6,15,10,15,3,5,0,12,21,8
Tom Higgins,Texas A&M-International,2019-20,20.0,0,1,0,0,0,0,0,0,0,0,0,1,14.93,2,3,1,1,0,0,0,0,0,3,0,1
Tom Johnson,Central State (OH),2019-20,20.0,0,1,0,0,0,0,2,3,0,0,2,1,14.88,0,0,0,0,0,0,0,0,0,0,1,0
Tom Pupavac,Winthrop,2019-20,20.0,1,1,1,1,0,0,1,0,1,0,1,0,14.95,0,2,0,1,0,0,0,0,0,0,0,0
Tom Welch,Loyola Chicago,2019-20,20.0,5,12,1,2,4,6,5,1,0,3,8,4,14.75,9,14,1,4,4,7,5,2,1,3,11,6
Tomas Murphy,Northeastern,2019-20,20.0,9,11,0,0,0,0,3,0,0,3,3,6,20.0,8,13,0,1,3,4,2,1,3,2,3,2
Tomas Woldetensae,Virginia,2019-20,20.0,34,86,24,65,0,1,17,16,5,2,38,15,17.9,29,95,26,74,8,8,16,7,3,3,20,13
Tommy Bruner,South Carolina Upstate,2019-20,20.0,76,173,29,74,16,25,33,15,0,2,26,35,15.33,61,161,17,68,50,58,32,11,1,7,21,37
Tommy Burris,Massachusetts-Boston,2019-20,0.0,0,0,0,0,0,0,0,0,0,0,0,0,14.88,0,3,0,2,0,0,0,1,0,0,2,1
Tommy Burton,Coastal Carolina,2019-20,20.0,68,130,0,0,29,36,17,21,8,40,72,41,20.0,62,125,0,2,52,64,20,13,14,50,60,31
Tommy Funk,Army,2019-20,20.0,90,192,25,70,25,33,112,16,0,1,65,42,14.93,95,217,34,94,49,77,89,10,2,5,47,40
Tommy Holiday,Concordia Texas,2019-20,20.0,0,1,0,0,0,0,0,0,0,0,0,1,14.75,1,4,0,0,0,0,0,0,1,1,2,0
Tommy Kuhse,Saint Mary's,2019-20,20.0,26,71,7,23,9,12,61,8,2,7,36,26,17.88,29,78,10,26,31,42,36,9,0,7,42,21
Tommy Luce,Purdue,2019-20,0.0,0,0,0,0,0,0,0,0,0,0,0,0,14.97,0,0,0,0,0,0,1,0,0,0,0,0
Tommy McCarthy,Rice,2019-20,20.0,4,7,1,3,1,1,6,1,0,0,5,3,14.97,0,5,0,3,0,0,3,0,0,1,1,1
Tommy O'Neil,,2019-20,0.0,0,0,0,0,0,0,0,0,0,0,0,0,0.0,0,0,0,0,0,0,0,1,0,0,1,0
Tommy Rutherford,UC Irvine,2019-20,19.98,53,67,2,3,27,35,8,4,5,21,33,18,20.0,55,87,0,0,41,65,14,6,8,44,40,23
Tomonique Marion,Martin Methodist,2019-20,20.0,1,3,0,0,0,0,0,1,2,2,1,0,17.83,1,1,0,0,1,1,1,0,0,1,1,0
Tony Dorsey,Mid-America Christian,2019-20,20.0,0,2,0,0,0,0,3,0,0,0,1,3,14.8,1,2,0,1,0,0,2,0,0,0,0,1
Tony Hall,Arkansas Tech,2019-20,20.0,0,1,0,1,0,0,0,0,0,0,5,0,17.87,2,5,1,4,0,0,2,0,0,1,2,0
Tony Harding,Misericordia,2019-20,20.0,5,7,3,4,2,4,0,1,0,3,2,1,17.58,1,2,0,1,1,2,0,0,0,0,1,2
Tony Johnson Jr,UCF,2019-20,20.0,0,0,0,0,0,0,6,0,0,0,0,0,20.0,0,0,0,0,0,0,4,0,0,0,0,0
Tony Johnson Jr.,UCF,2019-20,20.0,7,37,3,19,2,5,7,4,2,1,22,10,20.0,12,29,4,11,12,16,10,6,0,0,6,10
Tony Lewis,Texas A&M-CC,2019-20,20.0,31,59,2,6,14,20,10,6,7,18,58,23,14.82,35,62,2,2,26,34,3,1,3,21,48,14
Tony Miller,Washington State,2019-20,20.0,27,49,1,7,9,16,2,8,3,15,9,10,18.57,29,42,1,3,22,34,1,10,3,18,20,11
Torico Simmons,Mississippi Valley State,2019-20,20.0,21,48,11,25,6,8,17,3,0,1,9,11,14.87,17,66,7,23,7,13,13,9,1,4,21,4
Torrence Watson,Missouri,2019-20,20.0,23,80,17,62,10,11,7,4,2,3,13,23,14.63,14,65,12,53,10,12,3,3,2,3,19,12
Torrey Patton,Cleveland State,2019-20,20.0,48,113,12,29,21,35,19,11,4,26,50,28,14.93,53,112,11,23,22,38,20,22,1,23,41,31
Torron Mingo,Paul Quinn,2019-20,20.0,1,6,0,3,0,0,3,2,0,0,1,3,14.83,2,5,0,0,0,0,5,1,1,1,2,4
Torry Johnson,Wake Forest,2019-20,20.0,25,68,7,22,17,22,16,4,0,7,20,23,20.0,24,53,4,17,30,37,15,10,0,3,22,19
Tory San Antonio,CSU Fullerton,2019-20,0.0,8,24,3,11,2,4,8,6,3,1,17,7,17.67,11,31,5,16,9,12,8,10,2,1,16,13
Tosan Evbuomwan,Princeton,2019-20,20.0,18,37,1,8,5,10,12,3,4,2,16,10,16.07,17,33,3,6,10,17,9,9,4,4,19,14
Tougaloo,,2019-20,0.0,0,0,0,0,0,0,0,0,0,4,1,0,0.0,0,0,0,0,0,0,0,0,0,1,0,0
Toumani Camara,Georgia,2019-20,20.0,38,86,5,19,17,27,9,9,6,24,31,29,18.05,35,65,0,8,20,34,9,9,8,29,45,19
Towson,,2019-20,0.0,0,0,0,0,0,0,0,0,0,30,26,4,0.0,0,0,0,0,0,0,0,0,0,43,23,8
Tra Mallard,Arlington Baptist,2019-20,20.0,5,15,3,10,2,2,1,0,0,0,4,5,14.95,2,8,0,2,1,3,1,0,0,1,1,5
Tra'Michael Moton,Grambling,2019-20,20.0,0,0,0,0,5,6,0,1,0,0,1,0,19.92,0,0,0,0,0,0,0,0,0,0,0,1
Trace Crawford,Hendrix College,2019-20,20.0,0,3,0,1,0,0,1,1,0,0,1,1,15.55,0,0,0,0,0,0,0,0,0,0,0,0
Traci Carter,Hartford,2019-20,20.0,39,116,20,57,9,11,53,24,4,5,35,38,17.95,44,128,18,47,33,43,67,25,5,13,41,31
Tracy Hector Jr,Florida Gulf Coast,2019-20,0.0,0,0,0,0,0,0,37,0,0,0,0,0,16.05,0,0,0,0,0,0,29,0,0,0,0,0
Tracy Hector Jr.,Florida Gulf Coast,2019-20,20.0,15,57,6,20,8,12,0,19,2,8,52,32,16.05,14,35,3,11,3,6,0,8,1,12,42,18
Trae Berhow,Northern Iowa,2019-20,20.0,66,132,39,77,13,16,11,11,2,12,57,15,20.0,60,122,27,71,32,39,17,5,2,16,76,19
Trae Bolin,Campbellsville-Harrodsburg,2019-20,0.0,0,0,0,0,0,0,0,0,0,0,0,0,14.92,0,1,0,1,0,0,0,0,0,0,0,0
Trae Hannibal,South Carolina,2019-20,20.0,20,44,0,3,4,9,14,17,1,5,20,14,17.58,15,40,1,9,17,27,17,12,2,5,19,21
Tragen Fahl,VMI,2019-20,20.0,2,3,0,0,0,0,2,0,2,0,3,0,14.98,2,4,1,1,0,0,0,0,0,0,3,0
Trajan Fielder,Southeastern Baptist College,2019-20,20.0,2,8,2,3,1,2,1,2,0,0,1,2,14.88,2,6,1,4,2,3,1,1,0,0,0,0
Trajan Wesley,Louisiana,2019-20,20.0,13,35,4,11,22,25,37,9,0,0,18,20,14.77,13,23,4,8,23,33,27,1,0,3,10,11
Tranard Ferrell,South Wesleyan,2019-20,20.0,0,1,0,0,0,0,0,0,0,0,0,0,17.58,3,3,0,0,0,1,0,0,0,0,0,0
Travell Washington,UIC,2019-20,20.0,9,20,9,20,0,0,2,0,1,1,7,3,20.0,4,12,3,9,1,2,3,0,0,3,6,6
Travion McCray,Western Carolina,2019-20,20.0,23,55,15,37,10,13,24,4,0,1,24,18,18.05,17,42,8,23,11,16,19,15,1,3,31,16
Travious Grubbs,Wiley,2019-20,20.0,9,19,3,5,2,3,1,2,1,1,9,7,14.95,5,14,1,5,6,7,1,0,1,2,9,2
Travis Anderson,Charleston Southern,2019-20,20.0,40,99,25,63,10,14,19,14,1,5,23,20,14.88,32,79,17,46,31,36,19,6,1,4,17,20
Travis Bush,Life Pacific,2019-20,0.0,0,1,0,0,0,0,0,0,0,0,1,1,14.73,0,3,0,2,0,0,0,1,0,0,0,0
Travis Evee,VMI,2019-20,0.0,62,148,29,96,11,16,34,24,1,5,28,31,19.18,70,154,42,102,34,40,40,20,2,5,34,27
Travis Fields Jr,Radford,2019-20,0.0,0,0,0,0,0,0,51,0,0,0,0,0,20.0,0,0,0,0,0,0,45,0,0,0,0,0
Travis Fields Jr.,Radford,2019-20,20.0,67,158,25,72,16,24,0,15,2,8,32,27,20.0,69,152,36,77,36,52,2,14,1,4,25,30
Travon Broadway Jr,,2019-20,10.65,0,0,0,0,0,0,14,0,0,0,0,0,0.0,0,0,0,0,0,0,14,0,0,0,0,0
Travon Broadway Jr.,Central Michigan,2019-20,20.0,32,98,8,36,24,37,0,18,1,22,30,20,14.87,34,75,13,32,23,33,0,12,1,12,18,17
Travon Bunch,Grambling,2019-20,20.0,19,34,0,1,8,26,0,4,10,14,15,11,19.92,13,20,0,0,11,22,2,2,11,13,26,13
Travon Cobb,Williams Baptist,2019-20,20.0,4,8,2,3,1,2,2,1,0,0,1,4,14.83,3,4,3,4,2,2,2,1,0,0,0,1
Tray Boyd III,East Tennessee State,2019-20,20.0,73,193,41,117,26,28,42,25,4,9,36,32,14.97,83,180,36,92,28,32,30,26,3,7,27,20
Tray Buchanan,South Dakota State,2019-20,20.0,14,23,4,8,7,9,3,4,0,2,9,5,14.98,11,23,2,10,6,11,3,5,0,1,3,3
Tray Hollowell,Wofford,2019-20,20.0,48,114,35,89,3,5,26,8,0,2,26,22,14.97,28,95,19,65,15,21,19,5,2,6,27,17
Tray Jackson,Missouri,2019-20,20.0,14,35,4,18,10,16,2,3,1,6,14,11,14.63,10,19,2,6,8,10,1,1,2,5,19,5
Tray Maddox Jr,Oakland,2019-20,20.0,0,0,0,0,0,0,32,0,0,0,0,0,14.93,0,0,0,0,0,0,25,0,0,0,0,0
Tray Maddox Jr.,Oakland,2019-20,20.0,42,97,19,47,12,16,0,13,2,9,27,21,14.83,37,93,12,39,20,30,0,12,4,9,26,22
Tray Wright,Washington College (MD),2019-20,20.0,1,3,0,1,0,0,3,0,0,0,0,4,14.58,0,1,0,0,0,0,3,0,0,0,1,1
Trayce Jackson-Davis,Indiana,2019-20,20.0,77,128,0,0,55,77,23,11,20,42,73,23,14.92,73,137,0,0,56,85,13,11,32,50,85,18
Tre Armstrong,California Baptist,2019-20,20.0,19,45,12,36,5,6,13,3,1,3,40,11,15.52,17,47,14,37,6,6,14,5,0,8,21,9
Tre Carolina,Benedictine (AZ),2019-20,20.0,3,5,2,2,2,2,1,1,0,2,1,2,14.88,1,2,0,1,0,0,1,0,0,0,1,1
Tre Clark,Furman,2019-20,20.0,18,47,0,6,10,23,26,21,4,18,31,7,20.0,20,44,0,6,4,16,11,7,10,18,28,8
Tre Cobbs,Northern Kentucky,2019-20,20.0,2,6,0,1,6,10,3,1,0,2,1,4,14.88,6,11,0,1,3,6,3,1,0,0,1,5
Tre Fillmore,Wayland Baptist University,2019-20,20.0,0,3,0,1,0,0,0,0,0,0,0,0,14.88,0,3,0,3,0,0,0,0,0,0,0,0
Tre Gomillion,Cleveland State,2019-20,20.0,47,91,6,19,18,27,23,14,4,11,57,27,14.98,41,94,2,10,35,46,28,17,3,26,38,16
Tre Jackson,Iowa State,2019-20,20.0,18,57,17,44,1,4,21,12,2,2,23,19,14.87,19,57,10,42,9,10,14,10,0,3,17,13
Tre Jones,Duke,2019-20,20.0,76,187,26,66,29,39,82,23,6,11,52,36,20.0,78,176,13,41,61,80,100,28,4,7,49,37
Tre King,Eastern Kentucky,2019-20,20.0,60,132,1,14,29,34,13,23,15,26,49,24,18.12,67,111,1,5,42,53,5,13,8,26,41,21
Tre Mann,Florida,2019-20,20.0,24,73,8,36,7,13,11,10,0,4,22,14,17.93,30,78,13,38,5,9,8,6,2,3,19,17
Tre Mitchell,UMass,2019-20,20.0,90,203,18,56,39,52,24,12,13,22,84,51,18.8,112,213,19,54,58,81,32,18,16,23,87,48
Tre Scott,Cincinnati,2019-20,20.0,74,162,11,40,18,34,32,20,17,36,110,31,20.0,56,102,6,18,28,42,30,26,8,44,108,33
Tre Williams,Indiana State,2019-20,20.0,39,78,0,0,6,18,12,4,13,20,35,18,20.0,40,62,0,1,13,27,11,6,19,18,38,15
Tre' Williams,Minnesota,2019-20,20.0,11,34,6,19,4,6,14,5,3,4,21,12,14.98,13,46,8,29,7,14,7,3,2,5,23,5
Tre'Shon Smoots,Northern Colorado,2019-20,20.0,7,23,5,14,0,0,13,1,0,0,5,9,15.58,6,15,4,8,4,7,9,2,0,0,2,3
Treavon Martin,SIU-Edwardsville,2019-20,20.0,2,7,0,0,0,1,2,0,0,2,9,4,20.0,4,8,0,0,0,0,0,4,4,1,6,4
Trejon Jacob,Florida International,2019-20,20.0,60,116,32,73,9,15,22,22,3,9,57,30,20.0,41,95,19,55,21,27,19,16,0,13,37,21
Tremell Gooden,Morehouse College,2019-20,20.0,1,4,0,1,0,0,0,0,0,0,0,1,14.9,2,6,0,1,0,0,2,0,0,0,3,1
Tremell Murphy,Drake,2019-20,20.0,7,14,2,5,2,6,3,1,1,1,9,4,20.0,3,8,0,1,1,4,1,0,0,3,4,8
Tremere Brown,Alabama A&M,2019-20,20.0,2,3,0,0,1,2,0,0,1,2,1,3,20.0,0,0,0,0,0,2,0,0,1,0,2,1
Tremont Robinson-White,East Carolina,2019-20,20.0,24,53,7,17,8,13,25,9,3,7,16,26,19.48,26,66,3,20,32,43,24,10,2,2,10,27
Trendon Hankerson,Northern Illinois,2019-20,20.0,32,83,15,39,8,8,21,16,6,4,35,18,20.0,41,84,20,43,14,18,34,12,3,6,38,25
Trendon Watford,LSU,2019-20,20.0,81,167,10,39,44,62,32,15,9,33,76,45,19.83,70,147,8,27,39,64,15,12,12,31,71,35
Trent Brown,Southern Illinois,2019-20,20.0,8,42,7,35,6,7,20,17,1,5,12,9,17.18,11,35,9,29,6,6,8,7,1,3,12,17
Trent Buttrick,Penn State,2019-20,20.0,2,8,0,3,0,0,0,0,2,4,2,1,14.78,1,7,1,6,1,2,1,0,1,2,3,1
Trent Champagne,Quincy,2019-20,20.0,0,0,0,0,0,0,1,0,0,0,0,1,20.0,0,0,0,0,0,0,0,0,0,0,0,0
Trent Forrest,Florida State,2019-20,20.0,64,124,6,21,27,32,68,30,8,12,49,39,20.0,61,150,10,35,47,60,46,26,10,20,48,49
Trent Frazier,Illinois,2019-20,16.33,49,140,30,93,22,28,30,10,0,3,31,18,20.0,37,122,21,71,30,34,26,17,0,4,30,9
Trent Harris,Northern Colorado,2019-20,0.0,38,101,28,87,7,7,4,6,2,3,25,7,15.58,55,124,50,106,12,13,7,9,3,6,24,6
Trent Smith,Southwest Baptist,2019-20,20.0,1,1,1,1,0,0,1,0,0,0,0,0,18.18,0,1,0,0,0,0,0,0,0,0,0,0
Trent Stephney,UNC Asheville,2019-20,20.0,15,47,7,20,3,14,32,28,3,1,16,17,16.22,12,38,5,18,7,12,16,6,0,1,8,10
Trent Williams,Tiffin,2019-20,20.0,0,3,0,1,0,0,1,0,0,0,0,0,15.38,2,4,1,3,0,0,1,0,0,0,1,0
Trent Wilson,Mount Marty,2019-20,0.0,0,0,0,0,2,2,0,0,0,0,1,1,18.98,0,0,0,0,0,1,0,0,0,0,1,0
Trenton Garrett,Southwestern,2019-20,20.0,0,1,0,0,0,0,0,0,0,1,1,0,17.17,1,1,0,0,0,1,0,1,0,0,0,0
Trenton Massner,Northwestern State,2019-20,20.0,55,92,22,44,20,27,28,8,6,16,45,22,14.82,31,71,12,33,16,23,24,5,7,17,22,17
Trenton Short,Mobile,2019-20,20.0,0,2,0,2,0,0,0,0,0,0,1,1,20.0,0,1,0,1,0,0,1,0,0,0,1,1
Trequan Spivey,IU-Kokomo,2019-20,20.0,5,10,1,1,1,1,0,0,0,0,3,1,17.57,3,7,0,1,0,0,0,0,0,2,1,2
Tres Tinkle,Oregon State,2019-20,20.0,87,197,26,72,59,73,46,22,7,24,73,36,16.42,74,164,19,53,57,69,39,20,6,13,79,23
Trevante Anderson,San Francisco,2019-20,20.0,12,31,7,19,7,7,3,1,0,1,4,9,14.92,8,25,6,17,5,8,5,3,0,0,5,8
Trevecca Nazarene,,2019-20,0.0,0,0,0,0,0,0,0,0,0,0,1,0,0.0,0,0,0,0,0,0,0,0,0,1,1,1
Trevelin Queen,New Mexico State,2019-20,19.93,53,119,22,62,14,20,36,25,4,21,45,15,14.97,58,118,25,57,13,15,22,13,2,26,33,22
Trevell Cunningham,Grambling,2019-20,20.0,11,36,4,13,6,12,20,5,1,4,12,9,20.0,11,32,1,11,4,6,9,10,0,3,13,17
Trever Irish,Long Beach State,2019-20,20.0,12,38,0,0,6,12,2,5,5,9,17,6,20.0,16,27,0,0,0,1,4,3,2,5,13,6
Trever Moore,Missouri-St. Louis,2019-20,0.0,0,0,0,0,0,0,0,0,0,0,0,0,20.0,2,2,0,0,0,0,0,0,0,0,1,0
Trevian Bell,Green Bay,2019-20,20.0,39,92,7,24,11,14,18,9,8,10,38,27,16.57,29,73,6,21,19,22,9,4,3,17,26,14
Trevin Dorius,Utah State,2019-20,20.0,12,26,0,0,3,11,2,1,6,9,19,8,20.0,8,17,0,0,3,13,2,2,2,11,10,2
Trevin Knell,BYU,2019-20,20.0,7,18,6,15,0,0,3,1,0,0,6,0,17.67,1,8,0,7,0,0,0,1,1,0,4,1
Trevion Lamar,Georgia Southern,2019-20,20.0,5,19,3,14,1,2,3,3,0,4,13,2,20.0,6,19,2,11,4,6,5,3,0,10,8,5
Trevion Williams,Purdue,2019-20,20.0,79,146,0,3,10,28,21,13,7,48,52,28,16.57,58,122,3,3,24,48,15,5,5,44,60,17
Trevon Allen,Idaho,2019-20,20.0,97,221,23,67,39,46,27,22,0,4,60,36,20.0,87,188,28,57,62,77,19,20,4,2,49,35
Trevon Ary-Turner,Dartmouth,2019-20,20.0,27,63,15,38,9,14,15,3,1,1,17,17,20.0,24,56,12,34,4,9,9,3,2,1,13,15
Trevon Faulkner,Northern Kentucky,2019-20,20.0,64,172,18,75,34,44,28,25,3,17,58,37,14.87,63,125,17,46,51,70,30,16,2,12,44,36
Trevon Hester,Concordia Texas,2019-20,20.0,0,4,0,1,0,0,0,0,0,0,0,3,14.75,0,2,0,1,0,0,2,0,0,0,1,0
Trevon Reddish,Charleston,2019-20,20.0,4,10,1,1,4,9,6,5,0,6,17,12,15.33,4,10,0,0,4,8,5,0,0,1,4,2
Trevon Ridley,Pacific Oregon,2019-20,0.0,0,0,0,0,0,0,0,0,0,0,2,0,14.8,0,0,0,0,0,0,1,0,0,0,0,0
Trevon Taylor,Wyoming,2019-20,20.0,38,77,4,11,17,22,7,5,2,13,43,34,18.73,39,82,7,18,36,47,12,8,6,18,33,20
Trevon Williams,Middle Georgia State,2019-20,0.0,0,0,0,0,0,0,0,0,0,0,0,0,14.95,0,2,0,0,0,0,0,0,0,0,0,0
Trevor Anderson,Wisconsin,2019-20,20.0,12,26,5,12,7,9,23,1,0,5,21,9,18.28,7,22,2,12,4,5,13,3,0,2,12,8
Trevor Boge,,2019-20,0.0,0,0,0,0,0,0,0,0,0,0,0,0,0.0,0,0,0,0,0,0,0,0,0,1,1,0
Trevor Eppert,Oakland City,2019-20,20.0,2,3,0,0,0,0,0,0,0,4,0,0,14.98,1,1,0,0,0,0,1,0,0,0,0,0
Trevor Franklin,Goshen College,2019-20,20.0,0,5,0,5,0,0,0,0,0,0,0,0,14.93,3,7,3,6,0,0,0,0,0,0,1,3
Trevor Funk,San Diego Christian,2019-20,0.0,0,0,0,0,0,0,0,0,0,0,0,0,14.97,1,2,0,0,0,0,0,0,0,0,0,0
Trevor McLean,Emerson College,2019-20,20.0,0,1,0,0,0,0,0,0,0,0,0,1,17.97,0,1,0,0,0,0,1,0,0,1,0,1
Trevor Moore,Cincinnati,2019-20,0.0,1,5,1,4,0,0,2,1,0,0,5,2,14.95,1,2,1,2,0,0,1,0,0,0,4,2
Trevor Stiede,Wisconsin Lutheran,2019-20,20.0,2,5,1,1,0,0,0,0,0,0,3,0,14.83,2,3,1,2,0,0,1,1,0,0,1,1
Trevor Stumpe,Wofford,2019-20,20.0,40,92,23,63,1,2,22,14,2,14,41,15,14.97,42,95,28,68,11,12,27,14,2,18,42,13
Trevor Thompson,Notre Dame de Namur,2019-20,20.0,1,6,1,5,2,3,2,1,0,0,3,2,14.63,3,7,2,5,2,2,1,0,0,1,1,2
Trevyn Duggar,St. Louis,2019-20,20.0,1,5,1,2,1,2,1,2,0,0,0,1,14.88,0,0,0,0,0,0,2,0,0,0,0,0
Trey Ames,Louisiana College,2019-20,20.0,0,2,0,0,0,0,0,0,0,0,2,0,16.93,2,3,0,0,1,1,0,0,1,1,2,1
Trey Belin,Mars Hill,2019-20,20.0,0,6,0,3,0,0,0,0,0,1,1,2,20.0,0,6,0,3,0,0,0,1,0,1,1,2
Trey Black,Central Christian College,2019-20,20.0,2,6,0,1,2,2,1,0,0,0,2,1,14.87,0,1,0,0,0,0,1,0,0,0,0,0
Trey Brisco,Concord College,2019-20,20.0,2,5,0,2,1,1,0,0,0,1,2,1,14.98,0,1,0,1,0,0,0,2,0,1,0,0
Trey Bryant,William Peace,2019-20,20.0,0,1,0,0,1,2,0,1,1,0,3,2,14.97,1,1,0,0,0,0,0,0,0,1,2,1
Trey Chapman,Hawaii Pacific,2019-20,20.0,1,2,0,0,0,0,0,0,0,1,1,1,17.92,0,0,0,0,0,0,0,0,0,0,0,0
Trey Dawkins,Georgia Southern,2019-20,20.0,15,28,3,10,11,15,0,2,10,8,11,6,20.0,10,16,1,3,4,7,0,0,10,12,8,3
Trey Diggs,Bowling Green,2019-20,20.0,43,104,25,68,6,9,7,6,2,7,37,11,15.38,33,74,22,54,18,23,5,5,2,8,27,6
Trey Doomes,Chattanooga,2019-20,20.0,18,31,0,0,5,10,14,7,1,9,28,11,18.12,14,27,0,1,17,29,15,4,2,11,16,6
Trey Garey,Pacific Lutheran,2019-20,20.0,0,1,0,0,0,0,0,0,0,0,0,0,14.82,0,0,0,0,0,0,0,0,0,0,0,0
Trey Gross,Delaware State,2019-20,0.0,5,13,0,1,1,4,2,5,2,6,9,3,20.0,6,17,0,1,3,10,1,2,2,11,7,2
Trey Hopkins,Seattle,2019-20,20.0,2,11,0,7,1,2,1,2,0,1,7,1,14.82,8,16,1,5,3,3,1,1,0,1,5,4
Trey Hurlburt,UNLV,2019-20,20.0,0,1,0,0,0,0,0,0,0,0,0,0,19.75,0,0,0,0,0,0,0,0,0,0,0,0
Trey Hutcheson,Albany,2019-20,20.0,37,103,18,60,5,10,20,5,6,11,40,23,14.9,32,80,18,45,16,25,25,8,13,9,41,16
Trey Jemison,Clemson,2019-20,0.0,12,23,0,1,3,7,0,4,2,16,15,10,20.0,10,16,0,0,1,4,4,2,5,12,13,8
Trey Johnson,McNeese,2019-20,20.0,24,48,13,31,4,4,30,18,3,3,25,21,20.0,15,37,8,23,7,8,30,10,1,2,16,14
Trey Kelley,Rio Grande,2019-20,19.98,1,4,1,4,0,0,0,0,0,0,0,1,14.62,0,0,0,0,0,0,0,0,0,0,0,1
Trey Kelly,Brewton-Parker,2019-20,20.0,2,3,0,0,0,0,0,1,0,2,2,1,14.9,1,2,0,0,0,1,0,0,0,1,1,0
Trey Landers,Dayton,2019-20,20.0,64,115,9,33,19,38,31,11,4,25,81,24,20.0,58,99,11,28,33,48,40,20,6,27,77,20
Trey Lenox,Abilene Christian,2019-20,0.0,8,29,5,21,3,7,26,11,2,2,18,9,20.0,8,18,3,9,3,7,7,7,0,4,8,4
Trey McGowens,Pittsburgh,2019-20,20.0,52,148,17,51,36,53,43,41,2,7,47,49,20.0,63,164,21,71,52,68,68,18,0,7,42,40
Trey Murphy III,Rice,2019-20,20.0,68,159,38,105,20,24,11,17,10,12,57,26,14.97,54,127,36,92,36,45,20,10,5,20,57,15
Trey Pulliam,San Diego State,2019-20,20.0,27,57,3,9,2,6,30,14,2,8,30,15,14.9,13,34,3,10,8,9,16,3,0,4,17,10
Trey Quartlebaum,St. Francis (BKN),2019-20,20.0,5,17,1,11,4,4,3,1,0,1,4,8,20.0,4,9,3,6,1,1,4,2,0,2,1,1
Trey Schaneville,Florida Tech,2019-20,20.0,2,3,1,2,0,0,1,1,0,2,0,0,17.75,0,1,0,1,0,0,0,0,0,0,0,1
Trey Sides,Jacksonville,2019-20,20.0,14,35,9,27,2,4,15,8,3,5,20,20,17.92,12,27,9,21,2,7,15,7,0,1,25,15
Trey Smith,San José St,2019-20,0.0,9,29,7,21,2,3,2,4,0,2,3,1,14.92,6,23,5,18,3,8,3,4,0,5,2,1
Trey Spencer,Campbell,2019-20,20.0,35,86,16,50,11,16,28,9,1,4,32,12,20.0,24,65,7,25,16,20,16,14,1,10,36,16
Trey Staunch,Edinboro,2019-20,20.0,1,2,0,0,1,2,1,0,0,1,2,1,14.93,2,4,0,0,1,2,1,2,0,1,0,1
Trey Tennyson,Central Connecticut,2019-20,20.0,18,40,12,20,12,17,6,4,1,3,10,23,17.95,14,45,8,28,14,17,9,4,0,2,9,8
Trey Wade,Wichita State,2019-20,20.0,49,114,17,41,15,22,28,16,7,34,56,16,17.78,33,78,4,25,18,35,13,3,6,27,43,13
Trey Wertz,Santa Clara,2019-20,20.0,63,139,23,70,13,20,63,16,3,5,45,35,14.9,63,115,27,51,33,41,55,12,1,5,50,41
Trey Wood,Portland State,2019-20,20.0,5,14,0,2,5,9,0,0,4,4,5,2,14.95,7,11,1,1,1,3,0,1,1,1,3,1
Trey Woodbury,Utah Valley,2019-20,20.0,30,70,9,34,2,5,11,6,2,4,42,24,17.88,26,63,11,29,15,18,14,6,3,2,38,14
Treyson Keating,UC Santa Cruz,2019-20,0.0,0,0,0,0,0,0,0,0,0,0,0,1,14.9,1,1,0,0,0,0,0,0,0,0,2,1
Treyvon Calvin,Wright State,2019-20,20.0,29,87,19,65,5,7,21,13,0,6,28,10,20.0,22,72,8,39,9,15,6,10,2,2,24,8
Treyvon Trent,Lesley University,2019-20,20.0,0,6,0,2,0,0,1,0,0,0,2,5,14.98,0,0,0,0,0,0,0,0,0,0,2,3
Trhae Mitchell,South Alabama,2019-20,20.0,52,134,10,34,17,24,39,19,24,10,66,34,14.68,62,116,14,33,58,75,36,12,19,19,77,23
Trinity (IL),,2019-20,0.0,0,0,0,0,0,0,0,0,0,1,2,0,0.0,0,0,0,0,0,0,0,0,0,2,2,1
Trinity (TX),,2019-20,0.0,0,0,0,0,0,0,0,0,0,0,1,2,0.0,0,0,0,0,0,0,0,0,0,1,0,0
Trinity Baptist,,2019-20,0.0,0,0,0,0,0,0,0,0,0,3,1,0,0.0,0,0,0,0,0,0,0,0,0,4,4,1
Trint Bryant,Thomas (GA),2019-20,20.0,0,1,0,0,0,0,0,0,0,0,1,0,14.78,0,1,0,1,0,0,1,0,0,0,1,0
Trip Day,North Florida,2019-20,20.0,1,5,0,1,0,2,4,1,2,2,3,1,14.98,1,2,0,0,2,3,1,0,0,1,3,1
Tripp Davis,Carson Newman,2019-20,20.0,1,11,0,3,2,2,1,2,1,0,3,3,14.85,0,2,0,1,1,2,1,1,0,0,0,1
Tristan Clark,Baylor,2019-20,20.0,25,48,0,1,5,7,4,2,6,12,27,19,14.98,13,30,0,0,5,8,7,2,4,2,10,7
Tristan Enaruna,Kansas,2019-20,20.0,16,37,4,13,3,11,10,6,3,10,23,13,20.0,7,28,3,12,3,3,8,3,5,7,19,8
Tristan Green,Denver,2019-20,20.0,13,32,2,13,8,11,10,6,9,5,28,16,19.97,12,24,3,6,6,9,6,4,5,11,26,13
Tristan Harris,Thomas (GA),2019-20,20.0,0,1,0,1,0,0,0,0,0,0,0,1,14.78,0,0,0,0,0,0,0,0,0,1,0,1
Tristan Jarrett,Jackson State,2019-20,20.0,96,250,30,101,26,39,29,23,7,15,38,39,15.52,75,193,15,55,58,85,26,15,7,9,34,41
Tristan Keah-Tigh,Haskell,2019-20,20.0,3,8,2,5,0,0,0,0,0,1,1,0,14.92,2,5,1,2,0,0,1,0,0,0,0,0
Tristan Lloyd,Westmont,2019-20,20.0,1,1,0,0,0,0,0,0,1,0,0,0,17.72,1,1,0,0,0,0,0,0,0,0,1,0
Tristen Murray,Brescia,2019-20,20.0,1,5,0,2,0,0,1,0,0,0,1,0,14.97,0,4,0,2,2,2,1,0,0,0,0,0
Tristen Newton,East Carolina,2019-20,20.0,46,100,13,37,27,32,44,16,3,4,45,27,19.18,39,112,13,46,46,62,48,13,6,7,58,25
Triston Simpson,South Dakota,2019-20,20.0,43,85,12,28,22,28,48,11,1,1,31,24,19.57,49,111,11,48,43,60,36,9,0,3,28,26
Tromon Weston,IU-Northwest,2019-20,0.0,0,0,0,0,0,0,0,0,0,0,1,0,14.78,0,1,0,0,1,2,0,0,1,1,1,0
Troy,,2019-20,0.0,0,0,0,0,0,0,0,0,0,62,28,8,0.0,0,0,0,0,0,0,0,0,0,57,25,8
Troy Baxter Jr,Morgan State,2019-20,0.0,0,0,0,0,0,0,4,0,0,0,0,0,14.93,0,0,0,0,0,0,14,0,0,0,0,0
Troy Baxter Jr.,Morgan State,2019-20,20.0,40,116,13,54,13,14,0,5,28,16,41,22,14.93,39,81,14,44,29,43,0,3,13,11,45,13
Troy Feeney,Farmingdale State,2019-20,20.0,0,3,0,2,0,0,0,0,0,0,1,1,14.73,1,2,1,1,0,0,0,0,0,0,1,0
Troy Green,New Orleans,2019-20,20.0,70,155,9,26,50,59,53,15,2,14,55,32,14.87,73,156,8,26,78,98,42,25,1,19,34,37
Troy Owens Jr,Montana Tech,2019-20,20.0,0,0,0,0,0,0,1,0,0,0,0,0,14.77,0,0,0,0,0,0,0,0,0,0,0,0
Troy Owens Jr.,Montana Tech,2019-20,20.0,2,10,2,6,0,0,0,1,0,0,1,0,14.77,0,2,0,0,0,0,0,0,0,0,1,1
Troy Simons,Kent State,2019-20,20.0,67,157,50,117,5,5,28,22,3,7,42,15,14.98,64,146,37,101,30,38,30,18,7,8,46,16
Troymain Crosby,Alcorn State,2019-20,20.0,55,124,11,28,33,38,19,14,2,18,42,38,14.98,44,106,7,27,36,45,22,11,3,16,45,32
Truman Moore,McNeese,2019-20,20.0,19,28,0,0,1,2,8,4,7,9,15,16,20.0,14,22,0,0,8,9,8,4,2,11,14,5
Trushaun Moorer,South Carolina State,2019-20,0.0,0,0,0,0,0,0,0,0,0,0,1,1,17.98,0,3,0,1,0,0,1,0,1,1,1,0
Trystin Silas,Texas Lutheran,2019-20,20.0,2,4,1,3,0,0,0,0,0,0,0,1,14.9,0,2,0,2,0,0,0,0,0,0,0,0
Tucker Blackwell,Army,2019-20,20.0,32,75,17,50,8,10,15,6,1,2,25,8,14.93,25,67,18,47,6,9,14,9,1,1,17,12
Tucker Richardson,Colgate,2019-20,0.0,65,127,30,71,8,9,40,16,9,17,60,29,20.0,47,96,25,61,23,31,40,15,6,13,54,25
Tujautae Williams,Tennessee Tech,2019-20,20.0,43,106,2,5,10,21,25,10,3,10,51,38,18.85,37,89,1,7,11,24,32,5,1,13,39,25
Tulane,,2019-20,0.0,0,0,0,0,0,0,0,0,0,47,26,6,0.0,0,0,0,0,0,0,0,0,0,37,21,6
Tulio Da Silva,Missouri State,2019-20,20.0,58,120,0,8,16,31,19,11,10,44,68,37,20.0,61,112,2,8,34,48,8,8,4,34,70,30
Tulsa,,2019-20,0.0,0,0,0,0,0,0,0,0,0,41,29,3,0.0,0,0,0,0,0,0,0,0,0,40,24,16
Turner Kurt,Edinboro,2019-20,20.0,1,3,0,1,0,2,0,0,0,1,2,1,14.93,0,0,0,0,0,0,0,0,0,0,1,1
Tuukka Jaakkola,Cal Poly,2019-20,20.0,29,67,0,0,22,34,10,5,11,14,29,19,18.25,40,71,0,1,22,35,6,2,7,24,32,10
Ty Brewer,SE Louisiana,2019-20,20.0,89,172,12,41,30,39,10,26,7,29,81,29,17.97,71,165,14,37,25,42,13,16,9,22,74,25
Ty Broussard,Arlington Baptist,2019-20,0.0,0,0,0,0,0,0,0,0,0,0,0,0,14.95,0,0,0,0,1,2,0,0,0,0,0,0
Ty Chisom,South Dakota,2019-20,20.0,31,52,1,3,5,12,14,9,4,8,26,17,19.57,10,39,0,1,12,21,9,6,0,9,21,11
Ty Dalton,Houston Baptist,2019-20,20.0,26,61,9,17,14,19,40,8,1,6,42,25,18.07,20,38,3,6,8,14,17,8,0,7,21,19
Ty Davis,,2019-20,2.8,5,7,0,1,1,1,2,0,0,0,1,0,0.0,2,5,0,1,1,3,1,1,0,0,1,4
Ty Gadsden,UNC Wilmington,2019-20,20.0,22,61,12,33,6,6,16,11,1,2,15,13,17.53,28,74,14,43,33,39,15,12,1,8,11,14
Ty Gibson,Maryland-Eastern Shore,2019-20,20.0,17,43,10,31,4,6,14,4,4,3,11,21,14.78,20,71,9,40,13,19,16,5,2,5,17,11
Ty Gordon,Troy,2019-20,20.0,65,164,35,92,19,25,54,13,0,9,42,43,20.0,59,153,21,68,33,55,43,16,0,13,21,34
Ty Graves,North Carolina Central,2019-20,20.0,26,94,18,60,6,7,9,8,4,5,18,11,20.0,30,79,18,53,3,4,8,4,0,2,10,7
Ty Groce,Eastern Michigan,2019-20,20.0,61,164,17,70,44,61,36,29,17,23,75,40,14.9,57,128,8,46,54,76,30,26,9,14,54,31
Ty Hudson,Jacksonville State,2019-20,20.0,27,90,8,37,13,17,35,14,1,5,32,28,19.48,36,89,4,26,30,44,25,11,1,10,24,22
Ty Jones,Charleston Southern,2019-20,20.0,58,114,10,21,15,16,42,7,2,13,34,29,14.88,63,112,4,11,27,30,31,7,2,23,47,37
Ty Lazenby,Oral Roberts,2019-20,20.0,9,25,6,10,2,2,4,1,0,3,9,6,20.0,7,22,2,10,8,9,8,5,1,3,9,11
Ty Patterson,Tennessee Wesleyan,2019-20,20.0,1,3,0,1,0,0,1,0,0,0,2,0,14.77,0,2,0,1,0,0,0,0,0,0,0,0
Ty Perry,Fordham,2019-20,20.0,40,101,24,63,17,20,10,11,0,5,33,17,20.0,30,74,16,43,7,10,5,6,0,1,25,13
Ty Prince,Centenary,2019-20,20.0,1,4,0,2,0,0,0,0,0,0,2,2,14.92,2,4,1,2,0,0,1,0,0,0,1,0
Ty Rowell,California Baptist,2019-20,20.0,8,22,6,15,6,6,7,1,0,1,5,5,15.52,8,16,6,14,9,10,2,2,0,0,7,4
Ty Staten,,2019-20,10.32,1,1,1,1,0,0,0,0,0,0,0,1,0.0,0,1,0,0,0,0,0,0,0,0,0,0
Ty Sturm,Marshall,2019-20,20.0,1,1,0,0,0,0,0,0,0,0,0,0,19.15,0,0,0,0,0,0,0,0,0,0,0,0
Ty Taylor II,Eastern Kentucky,2019-20,20.0,72,183,43,107,22,37,20,20,0,15,47,32,18.12,50,152,27,94,28,32,22,12,3,11,42,28
Ty-Shon Alexander,Creighton,2019-20,20.0,71,164,35,89,24,29,27,18,5,3,69,10,20.0,57,139,22,68,62,72,31,16,1,2,38,19
Tydarius Fish,Holy Family,2019-20,20.0,1,4,1,2,0,0,1,1,0,0,3,2,14.9,2,5,0,2,0,2,0,0,0,0,1,0
Tydus Verhoeven,UTEP,2019-20,20.0,11,17,0,0,4,11,5,11,5,15,19,12,19.28,5,11,0,0,1,5,6,8,6,16,13,3
Tye Fagan,Georgia,2019-20,20.0,23,44,1,5,7,11,8,5,3,11,17,9,18.05,25,42,4,13,2,4,6,3,5,10,8,4
Tyere Marshall,Rider,2019-20,20.0,56,104,0,0,32,52,13,7,2,32,76,23,20.0,73,110,0,0,34,59,15,6,10,27,67,18
Tyeshon Martin,Indiana State,2019-20,0.0,0,0,0,0,0,0,0,0,0,0,0,0,20.0,0,2,0,0,0,0,0,0,0,0,0,1
Tyger Campbell,UCLA,2019-20,20.0,40,117,12,40,16,23,63,10,0,6,30,26,20.0,31,92,7,33,31,45,73,11,0,10,21,25
Tyjarek Simmons,Pfeiffer,2019-20,20.0,0,2,0,0,2,2,0,0,0,1,1,1,14.97,0,2,0,1,2,2,0,0,0,0,0,0
Tykeem Singleton,Centenary,2019-20,20.0,0,1,0,1,0,0,1,0,0,1,0,2,14.92,1,1,0,0,0,0,0,0,0,1,1,3
Tykei Greene,Manhattan,2019-20,20.0,44,122,16,47,23,32,9,9,3,18,43,30,19.78,42,106,12,46,36,62,15,10,2,23,40,23
Tyleke Crowder,,2019-20,0.0,0,0,0,0,0,0,0,0,0,0,1,0,0.0,0,0,0,0,0,0,0,0,0,0,1,0
Tyler Andrew,Defiance,2019-20,20.0,0,3,0,3,0,0,1,0,0,0,4,0,14.92,2,6,0,3,1,2,0,0,0,0,0,0
Tyler Austin,Westmont,2019-20,0.0,0,0,0,0,0,0,0,0,0,0,1,1,17.72,0,1,0,0,0,0,0,0,0,1,0,0
Tyler Barnes,,2019-20,0.0,0,0,0,0,0,0,0,0,0,0,0,0,0.0,0,0,0,0,0,0,0,0,0,0,1,0
Tyler Behrendt,Milwaukee,2019-20,0.0,3,6,3,5,2,2,4,1,1,2,2,6,20.0,7,12,4,7,3,4,5,4,0,1,5,2
Tyler Bertram,Charlotte,2019-20,20.0,1,10,0,8,0,0,2,0,0,1,5,1,20.0,0,8,0,8,0,0,1,1,0,1,2,3
Tyler Bey,Colorado,2019-20,20.0,55,110,9,15,42,52,21,18,18,21,77,40,20.0,63,117,3,10,72,100,21,22,13,37,112,30
Tyler Bezold,KY Wesleyan,2019-20,20.0,0,1,0,0,0,0,0,1,0,2,0,1,14.83,0,0,0,0,0,0,0,0,0,0,0,1
Tyler Black,Concordia (MI),2019-20,20.0,0,1,0,0,0,0,0,0,0,0,0,1,14.87,0,1,0,0,0,0,0,0,0,0,0,1
Tyler Burton,Richmond,2019-20,15.0,18,48,3,16,14,17,4,8,10,9,50,8,20.0,22,44,5,16,8,13,2,8,3,15,31,13
Tyler Carrier,Cairn University,2019-20,0.0,0,0,0,0,0,0,0,0,0,0,0,0,14.98,0,3,0,3,0,0,0,0,0,0,0,0
Tyler Cartaino,Chaminade,2019-20,20.0,11,24,2,6,1,2,2,3,0,0,3,2,14.72,10,20,1,4,1,2,3,2,1,1,1,5
Tyler Cheese,Akron,2019-20,19.92,68,159,19,63,44,59,52,13,3,23,53,33,18.48,75,158,19,48,56,61,40,19,6,20,36,33
Tyler Cochran,Northern Illinois,2019-20,20.0,31,71,3,14,13,24,7,8,4,27,32,19,20.0,22,50,3,11,11,17,8,8,2,16,36,11
Tyler Collier,Flagler,2019-20,19.97,1,1,0,0,2,3,0,0,0,0,1,1,20.0,0,2,0,0,0,0,0,0,0,0,0,0
Tyler Creammer,VMI,2019-20,20.0,23,48,2,7,11,15,22,2,5,32,54,19,19.18,17,31,0,4,10,21,13,1,4,21,39,11
Tyler Foster,Youngstown St,2019-20,20.0,10,22,5,9,3,6,0,3,2,4,5,3,16.87,2,15,0,3,1,2,2,0,0,2,4,2
Tyler German,,2019-20,0.0,0,0,0,0,0,0,0,0,0,0,0,0,0.0,0,0,0,0,0,0,0,1,0,0,1,0
Tyler Giron,Our Lady of the Lake,2019-20,20.0,0,4,0,1,0,0,1,0,0,0,2,0,14.9,0,2,0,1,0,0,3,1,0,0,3,0
Tyler Gobeil,Maine Maritime Academy,2019-20,20.0,0,1,0,1,0,0,0,0,0,0,1,0,14.78,0,0,0,0,0,0,0,0,0,0,1,0
Tyler Hagedorn,South Dakota,2019-20,20.0,104,184,44,82,41,53,24,4,10,12,80,34,19.57,77,152,27,55,64,75,27,6,12,21,94,14
Tyler Hamilton,William & Mary,2019-20,20.0,10,24,2,3,7,7,9,4,4,5,23,13,20.0,8,27,0,2,15,20,12,5,2,7,12,10
Tyler Harris,Western Carolina,2019-20,20.0,61,151,30,91,20,22,18,11,7,8,47,36,18.05,54,131,30,74,33,40,16,8,3,8,33,29
Tyler Hooker,Kennesaw State,2019-20,20.0,48,138,7,30,36,50,21,17,0,6,45,45,15.35,59,146,9,37,35,43,27,7,0,5,31,28
Tyler Jackson,San Francisco State,2019-20,20.0,1,1,0,0,1,1,0,0,0,1,2,0,14.97,1,2,0,0,0,0,1,0,0,0,1,0
Tyler Jiles,Goucher,2019-20,0.0,0,0,0,0,0,0,0,0,0,0,0,0,14.88,0,1,0,0,0,0,0,0,0,0,0,0
Tyler Kessinger,UC Santa Cruz,2019-20,0.0,0,0,0,0,0,0,0,0,0,0,0,0,14.9,0,1,0,0,1,2,0,1,0,0,0,1
Tyler Kidd,Eastern Washington,2019-20,20.0,13,25,8,15,8,8,11,4,0,2,5,8,14.98,11,25,4,9,2,3,5,4,0,1,4,6
Tyler Maye,North Carolina A&T,2019-20,20.0,20,52,0,5,3,6,12,8,2,1,14,6,14.98,20,43,0,1,11,11,1,6,1,3,10,9
Tyler Millin,Middle Tennessee,2019-20,20.0,13,41,3,24,9,24,4,5,3,10,13,10,20.0,14,31,3,13,3,4,3,1,2,4,17,4
Tyler Mitchell,Cincinnati Clermont,2019-20,20.0,0,2,0,2,0,0,0,0,0,0,4,2,14.87,1,1,1,1,0,0,0,0,0,0,0,2
Tyler Morgan,Rosemont College,2019-20,0.0,0,0,0,0,0,0,0,0,0,0,0,1,14.97,0,0,0,0,0,0,1,0,0,0,0,0
Tyler Morman,Wyoming,2019-20,15.0,1,1,0,0,0,0,0,0,1,1,4,1,20.0,0,0,0,0,0,0,1,0,0,0,0,0
Tyler Nelson,Navy,2019-20,0.0,14,33,3,12,0,0,5,2,1,4,22,12,20.0,16,38,4,12,6,13,5,5,3,16,26,9
Tyler Nichols,Milligan,2019-20,20.0,10,19,1,5,0,2,7,2,0,0,6,7,14.78,6,15,0,0,1,4,3,1,0,3,2,4
Tyler Paulk,,2019-20,0.0,0,0,0,0,0,0,0,0,0,0,0,0,0.0,0,0,0,0,0,0,0,0,0,1,0,3
Tyler Pete,SAGU American Indian College,2019-20,0.0,0,0,0,0,0,0,0,0,0,0,0,0,14.87,1,2,0,0,0,0,0,0,0,0,0,0
Tyler Peterson,South Dakota,2019-20,20.0,64,110,2,10,33,41,42,14,3,21,39,19,19.57,61,99,2,4,51,67,36,12,2,12,39,24
Tyler Polley,UConn,2019-20,20.0,21,51,12,29,15,16,5,5,2,10,18,5,16.35,24,54,18,42,8,13,4,1,5,9,11,0
Tyler Reynolds,Manhattan,2019-20,20.0,26,97,22,82,1,2,14,6,1,4,39,20,19.78,33,90,26,76,6,6,19,6,0,5,32,10
Tyler Rinehimer,,2019-20,0.0,0,0,0,0,0,0,0,0,0,0,0,0,0.0,0,0,0,0,0,0,0,0,0,1,1,0
Tyler Robertson,Eastern Washington,2019-20,20.0,7,18,6,13,1,3,5,1,0,3,12,7,14.98,9,23,4,12,2,6,5,3,0,5,9,4
Tyler Rowe,Central Connecticut,2019-20,20.0,13,37,4,9,3,5,18,9,0,3,7,8,14.67,16,47,6,17,5,6,6,6,0,2,8,5
Tyler Sagl,Marist,2019-20,20.0,36,93,27,65,11,12,12,10,1,0,20,18,18.98,40,108,24,73,22,30,9,9,0,2,25,16
Tyler Saint-Furcy,Marist,2019-20,20.0,28,87,9,33,18,37,17,17,8,5,33,30,20.0,35,77,16,33,17,30,14,17,5,9,30,21
Tyler Scanlon,Belmont,2019-20,20.0,76,156,39,89,6,7,33,16,1,12,51,28,20.0,63,128,23,62,28,34,47,20,1,14,55,29
Tyler Sharpe,Northern Kentucky,2019-20,20.0,76,208,38,127,31,40,34,25,0,9,39,33,14.87,75,166,37,95,51,66,36,26,0,3,31,33
Tyler Simmons,CSU San Bernardino,2019-20,0.0,0,0,0,0,0,0,0,0,0,0,1,0,14.98,0,1,0,1,0,0,0,0,0,0,1,0
Tyler Stephenson-Moore,Stony Brook,2019-20,0.0,16,46,11,34,4,8,3,2,3,4,31,5,20.0,24,55,10,34,13,20,7,8,1,7,21,5
Tyler Stevenson,Southern Miss,2019-20,20.0,77,145,0,0,26,44,12,5,9,20,73,19,14.98,80,130,0,0,46,63,19,9,5,30,72,30
Tyler Stewart,St. Francis (PA),2019-20,20.0,29,80,8,26,28,35,10,9,2,13,27,14,18.45,35,81,4,15,24,26,6,6,5,13,32,12
Tyler Struve,Washington College (MD),2019-20,20.0,0,1,0,1,0,0,0,0,0,0,0,0,14.58,0,0,0,0,0,0,0,0,0,0,0,0
Tyler Thomas,Sacred Heart,2019-20,20.0,38,107,24,77,13,15,11,6,3,7,36,9,14.95,21,72,7,42,9,13,7,10,4,9,18,13
Tyler Thompson,Tennessee Tech,2019-20,20.0,1,3,1,3,0,0,0,0,0,0,0,0,14.78,0,0,0,0,0,0,0,0,0,0,0,0
Tyler Thornton,Carver Bible College,2019-20,20.0,2,13,0,2,2,3,5,3,0,2,3,6,14.93,6,12,0,1,5,5,0,0,0,0,2,6
Tyler Toopes,Oakland City,2019-20,20.0,3,8,0,1,2,3,1,1,0,0,1,3,14.98,3,6,0,1,2,4,2,1,0,0,0,3
Tyler Underwood,Illinois,2019-20,0.0,0,2,0,2,0,0,2,0,0,0,0,0,14.8,0,0,0,0,0,0,1,0,0,0,1,1
Tyler Wahl,Wisconsin,2019-20,15.0,21,41,3,14,4,10,15,9,3,16,26,20,20.0,12,34,3,13,3,8,16,11,2,18,18,11
Tyler White,Central Pennsylvania College,2019-20,20.0,3,12,2,11,1,2,3,2,0,0,4,8,14.93,7,13,5,10,0,0,3,0,0,0,3,1
Tyler Wilburn,,2019-20,6.47,0,1,0,1,0,0,1,0,0,0,0,0,0.0,1,1,0,0,0,0,0,0,0,0,1,1
Tyler Williams,Southwest Baptist,2019-20,20.0,0,1,0,1,0,0,0,0,0,0,0,1,18.18,0,1,0,0,0,0,0,0,0,0,0,0
Tyler Wilson,Belmont Abbey,2019-20,20.0,0,0,0,0,1,2,1,0,0,1,0,2,14.85,1,1,0,0,0,0,0,0,0,1,0,0
Tyler Witz,North Dakota State,2019-20,0.0,21,34,0,0,6,9,6,2,3,8,24,7,18.32,12,18,0,1,6,11,2,2,2,7,16,4
Tyler Zivney,Stephen F. Austin,2019-20,19.97,0,2,0,1,0,0,1,0,0,0,0,1,14.92,1,4,1,3,0,0,0,0,0,0,2,0
Tylor Arnold,East Central,2019-20,20.0,1,4,1,1,0,0,0,0,0,1,1,3,14.72,1,4,0,2,0,0,0,0,0,0,1,0
Tyrease Terrell,Nicholls,2019-20,0.0,0,0,0,0,0,0,0,0,0,0,0,0,14.77,1,4,1,3,0,0,1,0,0,0,0,1
Tyrece Radford,Virginia Tech,2019-20,20.0,62,112,0,8,20,29,23,17,5,34,64,12,20.0,62,93,0,2,34,49,29,13,5,30,61,12
Tyree Beason,Blue Mountain College,2019-20,20.0,1,4,0,2,3,4,1,2,0,1,5,0,14.77,0,1,0,1,1,2,0,0,0,0,0,0
Tyree Crump,Georgia,2019-20,20.0,33,97,26,75,11,14,18,8,0,7,40,19,18.05,30,82,20,65,10,11,12,8,1,3,14,9
Tyree Eady,North Dakota State,2019-20,20.0,32,72,16,41,10,14,19,6,1,10,37,13,18.32,24,49,9,20,7,10,15,5,3,7,36,6
Tyree Pickron,Quinnipiac,2019-20,20.0,10,31,8,27,1,3,3,3,0,3,12,4,18.42,9,28,6,18,4,4,3,3,0,1,6,2
Tyree White,UL Monroe,2019-20,20.0,49,109,10,31,19,28,31,7,6,13,62,29,16.93,52,121,10,27,32,46,18,9,4,28,53,22
Tyreek Jones,Johnson & Wales (RI),2019-20,0.0,0,0,0,0,0,0,0,0,0,0,0,0,14.8,0,1,0,0,0,0,1,0,0,0,1,1
Tyreek Scott-Grayson,UAB,2019-20,20.0,44,104,18,56,9,13,34,12,6,8,56,31,20.0,49,121,16,47,32,47,26,19,8,14,54,35
Tyreese Alexander,Wisconsin-Stout,2019-20,20.0,0,1,0,0,0,0,1,0,0,0,1,0,14.93,3,5,0,0,0,4,0,0,0,3,0,1
Tyrei Randall,Rider,2019-20,20.0,7,32,3,21,2,7,3,7,5,1,17,9,14.82,9,22,4,13,11,17,4,4,1,3,6,2
Tyrek Williams,Troy,2019-20,20.0,9,26,3,7,4,11,1,3,1,7,7,16,20.0,6,15,0,0,6,8,1,0,0,6,8,7
Tyreke Key,Indiana State,2019-20,20.0,69,149,27,70,45,52,19,11,4,3,57,25,20.0,60,134,24,59,70,81,26,9,2,8,63,24
Tyreke Locure,South Alabama,2019-20,20.0,25,71,18,56,12,21,12,17,1,0,30,13,14.68,18,48,13,33,10,13,17,8,1,0,14,9
Tyrel Bladen,Rider,2019-20,0.0,4,7,0,0,0,0,0,0,2,1,4,6,14.88,2,8,0,0,0,0,0,0,1,6,6,3
Tyrell Gumbs-Frater,Coastal Carolina,2019-20,20.0,49,139,26,77,16,22,11,8,0,8,25,16,20.0,56,135,28,73,16,20,13,10,2,10,22,24
Tyrell Henderson,CSU San Bernardino,2019-20,20.0,1,2,1,2,0,2,1,1,0,0,1,0,14.98,0,1,0,0,0,0,0,0,0,0,0,0
Tyrell Jones,Auburn,2019-20,20.0,2,5,0,2,1,1,3,1,0,1,3,1,20.0,0,1,0,0,0,2,0,1,0,3,2,0
Tyrell Terry,Stanford,2019-20,20.0,61,153,25,67,28,32,45,21,1,7,63,35,16.37,76,149,32,71,61,67,48,19,0,4,58,37
Tyrell Thompson,Howard Payne,2019-20,20.0,1,4,0,0,0,4,2,1,1,0,0,2,10.62,0,0,0,0,1,2,1,0,0,0,2,1
Tyren Hairston,Randolph College,2019-20,20.0,0,2,0,2,0,0,0,0,0,0,0,0,15.12,0,0,0,0,0,0,1,1,0,0,1,0
Tyrese Baptiste,SUNY Potsdam,2019-20,20.0,2,6,0,0,0,0,0,1,1,4,5,2,15.83,1,2,0,0,0,2,1,0,1,0,0,0
Tyrese Duncan,Campbellsville-Harrodsburg,2019-20,20.0,2,7,1,3,0,0,2,2,0,0,2,5,14.9,4,9,2,5,4,5,4,1,0,0,7,2
Tyrese Haliburton,Iowa State,2019-20,20.0,65,130,28,70,7,9,69,28,8,16,48,32,14.87,56,104,23,48,29,34,69,24,6,16,41,25
Tyrese Jenkins,Greensboro,2019-20,20.0,6,25,2,15,4,5,5,6,1,6,9,7,14.92,11,29,3,15,4,8,7,2,1,5,11,5
Tyrese Martin,Rhode Island,2019-20,20.0,75,179,24,73,16,22,19,14,5,32,65,30,16.92,63,143,17,55,24,35,9,17,4,25,67,26
Tyrese Maxey,Kentucky,2019-20,20.0,73,178,19,58,49,53,51,9,9,9,61,33,20.0,76,171,14,55,45,61,45,18,3,3,57,34
Tyrese Potoma,Cleveland State,2019-20,20.0,9,24,4,16,3,3,5,0,0,3,0,9,14.98,6,23,4,16,4,7,0,1,0,0,2,4
Tyrese Robinson,Alabama State,2019-20,20.0,6,29,0,7,7,14,3,5,7,11,31,11,14.88,14,31,2,4,7,11,3,2,3,11,17,6
Tyrese Samuel,Seton Hall,2019-20,20.0,17,45,11,30,7,15,2,2,1,12,24,12,14.8,13,39,4,17,4,10,9,1,7,11,24,6
Tyrese Tingle,Newport News Apprentice,2019-20,20.0,3,4,0,0,0,0,0,0,2,0,0,0,14.92,0,2,0,2,0,0,0,0,0,0,0,0
Tyrese Williams,Quinnipiac,2019-20,20.0,50,133,34,93,7,8,26,14,3,9,42,36,20.0,51,128,22,70,22,28,31,9,2,9,28,28
Tyresse Williford,SIU-Edwardsville,2019-20,20.0,57,127,13,35,16,26,62,14,1,7,59,39,20.0,51,127,5,26,35,57,60,24,2,7,34,26
Tyrie Jackson,East Carolina,2019-20,20.0,20,66,11,45,10,11,21,5,2,7,25,15,20.0,26,56,7,30,4,6,13,10,1,9,18,13
Tyrik Armstrong,Texas Southern,2019-20,20.0,58,118,9,22,19,24,45,24,0,4,34,30,14.9,63,142,12,29,62,71,56,19,0,11,37,26
Tyrik Dixon,Missouri State,2019-20,20.0,23,60,7,29,5,9,27,13,5,1,29,21,20.0,19,64,7,22,14,20,32,9,0,6,32,18
Tyrik Waite,Saint Thomas Univers,2019-20,20.0,0,3,0,2,0,0,1,0,0,0,2,0,14.98,0,0,0,0,2,2,0,1,0,0,0,1
Tyrique Jones,Xavier,2019-20,20.0,75,135,0,0,30,57,19,16,13,61,86,38,17.95,80,144,0,0,62,97,20,12,18,69,114,16
Tyrn Flowers,Long Island University,2019-20,20.0,43,82,13,27,8,17,9,6,12,7,51,5,20.0,24,73,7,32,20,28,9,5,16,19,52,11
Tyron Duncan,Campbellsville-Harrodsburg,2019-20,20.0,4,10,0,2,0,0,6,2,0,1,5,5,14.9,2,4,0,1,0,0,4,1,1,1,1,6
Tyrone Lyons,North Carolina A&T,2019-20,20.0,21,47,6,20,13,19,8,7,5,7,15,8,14.98,17,38,6,20,16,21,1,6,5,5,14,4
Tyrone Nesby IV,Wagner,2019-20,20.0,35,102,21,74,4,7,5,10,4,10,22,7,14.8,34,93,22,74,9,14,4,8,2,8,28,6
Tyrone Perry,Lafayette,2019-20,20.0,39,103,21,63,8,9,32,10,4,5,42,27,20.0,37,109,20,66,4,10,28,14,4,6,35,14
Tyrus Crawford,Southern-New Orleans,2019-20,20.0,4,8,0,0,0,0,1,1,1,3,5,5,15.27,2,7,0,0,0,2,0,0,1,1,6,1
Tyshaun Copper,Polytechnic University,2019-20,20.0,1,2,0,0,1,1,0,0,0,1,1,0,14.73,2,4,0,0,2,2,0,1,1,1,0,0
Tyson Batiste,The Citadel,2019-20,20.0,30,80,1,13,12,27,81,16,4,10,59,39,18.35,43,80,12,24,14,34,69,17,2,12,47,40
Tyson Carter,Mississippi State,2019-20,20.0,62,159,24,74,36,40,50,16,3,2,40,34,20.0,74,179,30,93,57,68,44,17,1,2,36,31
Tyson Etienne,Wichita State,2019-20,20.0,40,112,30,81,23,25,20,20,2,4,29,11,17.78,38,99,28,70,30,43,21,12,1,6,20,15
Tyson Jackson,Middle Tennessee,2019-20,20.0,22,56,0,0,13,22,9,5,7,20,47,31,20.0,34,63,0,0,16,26,13,4,12,26,38,15
Tyson Jolly,SMU,2019-20,20.0,55,139,21,62,38,49,39,9,6,30,62,31,19.48,82,159,27,65,51,60,31,13,7,26,59,33
Tyson Sellers,William Peace,2019-20,20.0,2,4,1,3,0,0,0,2,0,1,2,2,14.97,1,3,1,2,0,0,0,0,0,0,1,3
Tyson Walker,Northeastern,2019-20,20.0,60,129,18,53,12,20,42,28,3,6,24,33,20.0,56,132,13,40,25,35,57,26,2,7,20,31
Tyson Ward,North Dakota State,2019-20,20.0,69,144,10,31,34,41,38,6,8,28,66,22,18.32,84,158,18,36,56,73,35,11,6,22,71,28
Tytist Dean,Liberty,2019-20,0.0,0,0,0,0,0,0,0,0,0,1,1,0,14.92,0,1,0,0,3,4,0,1,0,0,0,1
Tywaun Hampton,Jarvis Christian,2019-20,20.0,1,1,0,0,0,0,0,0,0,0,1,1,14.53,0,1,0,1,0,0,0,0,0,0,1,0
Tywhon Pickford,Northern Iowa,2019-20,20.0,21,59,1,11,19,28,19,6,2,23,45,16,20.0,14,33,0,2,9,17,11,9,1,9,36,5
Tyzhaun Claude,Morehead State,2019-20,10.0,50,81,0,0,18,28,6,5,9,24,46,22,20.0,57,96,0,0,21,42,8,8,9,34,58,17
UAB,,2019-20,0.0,0,0,0,0,0,0,0,0,0,23,24,8,0.0,0,0,0,0,0,0,0,0,0,26,23,5
UC Davis,,2019-20,0.0,0,0,0,0,0,0,0,0,0,35,21,4,0.0,0,0,0,0,0,0,0,0,0,36,20,4
UC Irvine,,2019-20,0.0,0,0,0,0,0,0,0,0,0,33,33,8,0.0,0,0,0,0,0,0,0,0,0,53,26,8
UC Merced,,2019-20,0.0,0,0,0,0,0,0,0,0,0,1,3,0,0.0,0,0,0,0,0,0,0,0,0,4,1,0
UC Riverside,,2019-20,0.0,0,0,0,0,0,0,0,0,0,32,22,10,0.0,0,0,0,0,0,0,0,0,0,39,18,9
UC Santa Barbara,,2019-20,0.0,0,0,0,0,0,0,0,0,0,30,26,6,0.0,0,0,0,0,0,0,0,0,0,46,22,7
UC Santa Cruz,,2019-20,0.0,0,0,0,0,0,0,0,0,0,2,0,0,0.0,0,0,0,0,0,0,0,0,0,2,1,0
UCF,,2019-20,6.33,1,1,0,0,0,0,0,0,0,33,24,5,0.0,0,0,0,0,0,0,0,0,0,41,24,6
UCLA,,2019-20,0.0,0,0,0,0,0,0,0,0,0,39,24,6,0.0,0,0,0,0,0,0,0,0,0,48,15,13
UConn,,2019-20,0.0,0,0,0,0,0,0,0,0,0,47,35,8,0.0,0,0,0,0,0,0,0,0,0,57,26,9
UIC,,2019-20,0.0,0,0,0,0,0,0,0,0,0,47,39,9,0.0,0,0,0,0,0,0,0,0,0,53,28,4
UL Monroe,,2019-20,0.0,0,0,0,0,0,0,0,0,0,49,27,10,0.0,0,0,0,0,0,0,0,0,0,41,19,5
UM-St. Louis,,2019-20,0.0,0,0,0,0,0,0,0,0,0,0,2,1,0.0,0,0,0,0,0,0,0,0,0,1,0,0
UMBC,,2019-20,0.0,0,0,0,0,0,0,0,0,0,45,34,10,0.0,0,0,0,0,0,0,0,0,0,66,20,8
UMKC,,2019-20,0.0,0,0,0,0,0,0,0,0,0,25,14,8,0.0,0,0,0,0,0,0,0,0,0,21,24,8
UMass,,2019-20,0.0,0,0,0,0,0,0,0,0,0,31,23,6,0.0,0,0,0,0,0,0,0,0,0,30,24,8
UMass Lowell,,2019-20,0.0,0,0,0,0,0,0,0,0,0,24,34,6,0.0,0,0,0,0,0,0,0,0,0,42,28,2
UNC Asheville,,2019-20,0.0,0,0,0,0,0,0,0,0,0,42,32,8,0.0,0,0,0,0,0,0,0,0,0,40,27,6
UNC Greensboro,,2019-20,0.0,0,0,0,0,0,0,0,0,0,38,19,6,0.0,0,0,0,0,0,0,0,0,0,27,24,5
UNC Wilmington,,2019-20,0.0,0,0,0,0,0,0,0,0,0,32,15,5,0.0,0,0,0,0,0,0,0,0,0,45,18,4
UNLV,,2019-20,0.0,0,0,0,0,0,0,0,0,0,32,17,9,0.0,0,0,0,0,0,0,0,0,0,42,16,9
USC,,2019-20,0.0,0,0,0,0,0,0,0,0,0,37,25,4,0.0,0,0,0,0,0,0,0,0,0,28,22,6
UT Arlington,,2019-20,0.0,0,0,0,0,0,0,0,0,0,34,39,3,0.0,0,0,0,0,0,0,0,0,0,38,33,10
UT Martin,,2019-20,0.0,0,0,0,0,0,0,0,0,0,30,23,9,0.0,0,0,0,0,0,0,0,0,0,36,15,5
UT Rio Grande Valley,,2019-20,0.0,0,0,0,0,0,0,0,0,0,34,35,4,0.0,0,0,0,0,0,0,0,0,0,33,22,3
UTEP,,2019-20,0.0,0,0,0,0,0,0,0,0,0,22,26,4,0.0,0,0,0,0,0,0,0,0,0,27,24,7
UTSA,,2019-20,0.0,0,0,0,0,0,0,0,0,0,28,31,5,0.0,0,0,0,0,0,0,0,0,0,31,19,3
Uche Dibiamaka,UT Rio Grande Valley,2019-20,20.0,11,35,3,11,4,6,15,4,2,1,15,25,19.45,20,51,5,16,4,8,20,4,4,7,16,12
Udoka Azubuike,Kansas,2019-20,20.0,82,115,0,0,35,72,15,5,39,58,114,47,20.0,90,118,0,0,25,67,13,10,38,47,97,26
Ugo Obineke,Kennesaw State,2019-20,20.0,35,119,14,57,17,25,5,6,2,5,20,20,14.9,34,85,12,33,20,30,7,4,3,7,23,9
Umoja Gibson,North Texas,2019-20,20.0,68,177,44,105,23,25,33,21,1,1,36,37,14.88,71,161,35,98,39,49,23,19,0,1,28,35
Unique McLean,St. Francis (BKN),2019-20,20.0,70,156,12,53,12,20,25,8,13,38,70,32,20.0,52,116,7,20,25,38,23,16,6,38,65,32
University of St. Thomas,,2019-20,0.0,0,0,0,0,0,0,0,0,0,3,4,0,0.0,0,0,0,0,0,0,0,0,0,0,2,0
Urbana,,2019-20,0.0,0,0,0,0,0,0,0,0,0,0,1,0,0.0,0,0,0,0,0,0,0,0,0,1,0,0
Uros Plavsic,Tennessee,2019-20,20.0,7,18,0,0,2,4,1,2,0,4,4,6,15.45,5,10,0,0,8,11,2,1,0,3,2,3
Uros Rogan,St. Louis,2019-20,20.0,0,1,0,1,0,0,0,0,0,1,1,0,14.88,1,3,1,3,0,0,0,0,0,0,0,3
Utah,,2019-20,0.0,0,0,0,0,0,0,0,0,0,31,20,10,0.0,0,0,0,0,0,0,0,0,0,44,11,12
Utah State,,2019-20,0.0,0,0,0,0,0,0,0,0,0,38,36,6,0.0,0,0,0,0,0,0,0,0,0,35,21,2
Utah Valley,,2019-20,0.0,0,0,0,0,0,0,0,0,0,19,16,10,0.0,0,0,0,0,0,0,0,0,0,26,13,6
V.J. Holmes,Lamar,2019-20,20.0,43,104,5,20,34,45,0,32,4,7,49,36,14.98,42,89,5,11,65,94,4,29,4,10,36,38
VCU,,2019-20,0.0,0,0,0,0,0,0,0,0,0,47,25,6,0.0,0,0,0,0,0,0,0,0,0,36,13,9
VJ Holmes,Lamar,2019-20,20.0,0,0,0,0,0,0,73,0,0,0,0,0,14.98,0,0,0,0,0,0,63,0,0,0,0,0
VMI,,2019-20,0.0,0,0,0,0,0,0,0,0,0,46,21,10,0.0,0,0,0,0,0,0,0,0,0,55,28,6
Vado Morse,Mt. St. Mary's,2019-20,20.0,45,139,26,83,30,37,36,13,1,2,35,25,18.9,47,143,26,80,34,45,24,11,3,6,27,23
Valley Forge,,2019-20,0.0,0,0,0,0,0,0,0,0,0,5,2,2,0.0,0,0,0,0,0,0,0,0,0,0,0,0
Valparaiso,,2019-20,0.0,0,0,0,0,0,0,0,0,0,43,27,9,0.0,0,0,0,0,0,0,0,0,0,40,24,10
Valur Valsson,Florida Tech,2019-20,20.0,0,0,0,0,0,0,1,0,0,0,1,1,17.75,1,3,0,1,0,0,0,0,0,1,1,1
Vance Jackson,New Mexico,2019-20,20.0,46,122,23,67,22,38,26,13,4,19,50,34,15.18,52,114,25,73,34,42,9,13,5,14,59,24
Vanderbilt,,2019-20,0.0,0,0,0,0,0,0,0,0,0,51,20,12,0.0,0,0,0,0,0,0,0,0,0,49,15,10
Vanguard,,2019-20,0.0,0,0,0,0,0,0,0,0,0,3,0,0,0.0,0,0,0,0,0,0,0,0,0,1,0,0
Vante Hendrix,New Mexico,2019-20,20.0,24,61,9,33,7,11,12,8,1,15,24,9,17.55,28,52,9,28,16,23,9,11,1,7,19,11
Vanzell Johnson,Nazareth,2019-20,20.0,1,3,0,0,0,0,1,1,0,0,0,0,14.97,2,2,0,0,1,1,0,0,0,0,2,2
Vaughn Covington,Caldwell College,2019-20,20.0,2,4,0,0,6,7,2,1,0,1,1,3,20.0,3,7,1,2,7,9,4,2,0,1,3,2
Vaughn Raney,,2019-20,0.0,0,0,0,0,0,0,0,0,0,0,0,0,0.0,0,0,0,0,0,0,0,0,0,0,1,1
Veljko Radakovic,Maine,2019-20,20.0,1,3,1,1,0,0,1,2,0,0,0,1,17.9,4,5,0,0,4,5,1,2,0,0,0,2
Venjie Wallis,Jackson State,2019-20,20.0,41,104,12,33,30,35,25,27,7,14,27,21,15.52,37,82,5,24,31,45,13,14,6,9,38,21
Vermont,,2019-20,0.0,0,0,0,0,0,0,0,0,0,21,25,5,0.0,0,0,0,0,0,0,0,0,0,20,24,2
Vernon Carey Jr,Duke,2019-20,15.0,0,0,0,0,0,0,1,0,0,0,0,0,20.0,0,0,0,0,0,0,0,0,0,0,0,0
Vernon Carey Jr.,Duke,2019-20,20.0,109,180,7,15,74,102,15,12,21,43,101,31,20.0,86,160,1,6,68,111,13,9,25,38,85,31
Vershawn Eley,Newport News Apprentice,2019-20,20.0,0,1,0,0,0,0,0,0,0,0,0,0,14.92,0,0,0,0,0,0,0,0,0,0,0,0
Victor Bafutto,Mercer,2019-20,0.0,24,45,0,0,6,8,5,1,9,19,25,21,14.95,16,39,0,1,5,13,5,3,4,14,9,8
Victor Faria,Northern New Mexico,2019-20,20.0,0,2,0,1,0,0,0,1,0,0,2,2,14.68,0,2,0,1,0,0,0,0,0,0,1,1
Victor Iwuakor,Oklahoma,2019-20,20.0,7,19,0,0,8,10,3,3,3,8,19,9,17.8,14,24,1,3,8,15,0,5,4,12,15,7
Victor Ohia Obioha,Pepperdine,2019-20,20.0,27,41,0,0,10,14,7,12,9,25,39,17,17.72,16,31,0,0,6,7,8,6,4,14,26,4
Victor Okafor,Morgan State,2019-20,20.0,3,10,0,0,2,5,3,1,1,5,8,4,14.93,2,3,0,0,5,7,2,0,0,3,3,1
Victor Olawoye,Gannon,2019-20,20.0,0,1,0,1,0,0,1,0,0,0,0,0,17.83,0,0,0,0,0,0,0,0,0,0,0,0
Victor Wariso,Pacific Union,2019-20,0.0,0,0,0,0,0,0,1,0,0,0,0,0,14.98,3,6,3,6,0,0,0,0,0,0,1,0
Vida Faniel,,2019-20,4.13,0,2,0,1,0,0,0,0,0,0,1,1,0.0,1,2,0,0,2,2,0,0,0,0,2,3
Vidal Wilkins,Regent University,2019-20,20.0,1,3,0,0,0,0,0,0,0,0,0,2,14.95,0,0,0,0,0,0,0,0,0,0,1,0
Vijay Blackmon,Lindenwood,2019-20,20.0,2,4,1,2,3,4,1,0,0,0,1,5,14.98,2,6,0,2,0,0,3,0,0,1,1,1
Viktor Kovacevic,Quincy,2019-20,20.0,0,4,0,3,0,0,0,0,0,0,0,0,20.0,0,1,0,1,0,0,2,1,0,0,1,2
Vilgot Larsson,Maine,2019-20,20.0,13,52,6,26,6,11,9,6,1,10,19,18,17.9,12,38,4,15,9,16,12,4,2,9,17,12
Villanova,,2019-20,0.0,0,0,0,0,0,0,0,0,0,26,26,6,0.0,0,0,0,0,0,0,0,0,0,30,33,7
Ville Tahvanainen,Bradley,2019-20,20.0,40,89,22,61,9,11,14,4,0,6,33,19,14.92,30,61,20,43,11,13,16,3,1,2,38,15
Vinay Narayanam,UC Santa Cruz,2019-20,20.0,0,1,0,1,0,0,1,0,0,0,0,0,14.9,0,0,0,0,0,0,0,0,0,1,0,1
Vince Contreras,Averett,2019-20,20.0,1,4,0,0,0,0,0,0,0,0,0,1,14.7,3,3,1,1,2,4,0,0,0,0,1,2
Vince Overway,Trinity (IL),2019-20,20.0,0,2,0,1,0,0,2,0,0,1,2,0,14.88,3,6,1,3,0,0,0,0,0,1,2,1
Vince Williams,VCU,2019-20,20.0,15,46,3,18,9,13,6,11,2,7,22,12,20.0,12,31,3,11,20,23,15,10,6,11,15,14
Vincent Escamilla,Dallas Christian,2019-20,20.0,0,2,0,0,0,0,0,0,0,0,0,1,14.88,1,2,0,0,0,0,0,0,0,0,0,0
Vincent Eze,Fairfield,2019-20,20.0,42,76,0,1,23,36,9,6,3,29,65,30,20.0,36,80,0,1,34,59,6,11,9,37,43,22
Vincent Lee,,2019-20,7.53,19,31,0,0,9,16,5,3,7,13,33,13,0.0,24,42,0,0,17,34,3,4,8,15,31,10
Vincent Miszkiewicz,Incarnate Word,2019-20,20.0,37,71,0,1,18,24,18,15,23,43,84,29,14.63,40,64,0,1,22,38,11,10,9,32,56,17
Vincent Reed-Berry,Regent University,2019-20,20.0,5,9,1,2,1,6,5,4,0,0,5,5,14.97,4,11,3,3,0,0,3,0,0,0,1,5
Vinnie Shahid,North Dakota State,2019-20,20.0,74,171,31,87,35,38,39,15,0,1,39,33,18.32,71,173,33,88,78,89,39,12,0,5,39,28
Vinny Tavella,Mount St. Vincent,2019-20,20.0,1,2,0,1,0,0,0,1,0,0,0,1,14.97,2,4,0,0,1,1,0,0,0,1,1,1
Virgil Davidson,Xavier LA,2019-20,20.0,0,2,0,1,0,0,0,0,0,0,2,1,20.0,1,4,1,4,2,3,1,0,0,0,1,0
Virgil Davison,Xavier LA,2019-20,20.0,1,2,1,2,0,0,1,0,0,0,1,0,17.63,0,1,0,1,0,0,1,0,0,0,0,0
Virginia,,2019-20,0.0,0,0,0,0,0,0,0,0,0,21,26,5,0.0,0,0,0,0,0,0,0,0,0,46,18,14
Virginia Coll At Wise,,2019-20,0.0,0,0,0,0,0,0,0,0,0,6,0,0,0.0,0,0,0,0,0,0,0,0,0,2,2,0
Virginia Tech,,2019-20,0.0,0,0,0,0,0,0,0,0,0,16,26,8,0.0,0,0,0,0,0,0,0,0,0,28,22,6
Virshon Cotton,Long Island University,2019-20,20.0,17,37,9,17,7,9,6,7,0,1,14,17,20.0,17,39,7,21,5,5,15,6,0,0,10,9
Vitaliy Shibel,UNLV,2019-20,19.6,11,34,4,18,8,12,6,5,4,20,25,12,19.3,11,17,4,7,6,8,0,2,1,7,19,2
Vito Cubrilo,Northeastern,2019-20,20.0,0,1,0,1,0,0,0,0,0,0,0,0,14.7,0,2,0,1,0,0,0,0,0,0,0,0
Vlad Chira,Ecclesia College,2019-20,20.0,0,0,0,0,0,0,2,0,0,0,1,0,14.82,0,0,0,0,0,0,1,0,0,1,1,1
Volodymyr Markovetskyy,Washington State,2019-20,20.0,10,16,0,0,2,7,1,0,3,7,13,2,20.0,3,4,0,0,0,0,1,0,2,5,12,3
Von Julien,SE Louisiana,2019-20,20.0,33,102,9,31,18,25,62,18,0,6,32,36,17.97,40,97,7,26,51,67,70,23,0,7,27,47
Vonnie Patterson,East Tennessee State,2019-20,20.0,19,61,6,24,8,15,10,13,3,21,34,11,14.97,14,35,2,13,12,21,8,6,3,21,26,6
Wabissa Bede,Virginia Tech,2019-20,20.0,28,84,5,29,3,9,95,16,8,4,60,28,20.0,32,78,7,27,20,37,78,15,6,6,45,24
Wade Lowman,Montevallo,2019-20,0.0,0,0,0,0,0,0,0,0,0,0,2,0,19.52,0,4,0,1,4,4,0,1,1,2,1,1
Wagner,,2019-20,0.0,0,0,0,0,0,0,0,0,0,26,24,9,0.0,0,0,0,0,0,0,0,0,0,35,21,5
Wajid Aminu,North Florida,2019-20,20.0,65,110,8,12,26,43,18,16,42,30,61,35,17.93,60,105,2,6,33,53,16,7,24,42,66,16
Wake Forest,,2019-20,0.0,0,0,0,0,0,0,0,0,0,43,20,4,0.0,0,0,0,0,0,0,0,0,0,58,15,5
Wali Parks,Bethune-Cookman,2019-20,20.0,32,95,12,39,11,16,19,10,5,14,49,13,14.88,38,84,10,26,9,12,22,10,3,13,35,24
Walker Miller,North Carolina,2019-20,20.0,2,5,0,0,0,0,0,0,0,3,2,2,19.73,1,1,0,0,2,2,0,0,1,0,2,2
Walker Shibley-Styer,Puget Sound,2019-20,20.0,1,4,1,3,0,0,0,1,0,0,0,1,14.95,2,2,2,2,0,0,0,0,0,0,0,0
Walla Walla University,,2019-20,0.0,0,0,0,0,0,0,0,0,0,0,0,2,0.0,0,0,0,0,0,0,0,0,0,0,0,0
Wallace Ungwiluk,Multnomah,2019-20,20.0,0,1,0,0,0,0,0,0,0,0,0,1,14.8,0,0,0,0,0,0,0,0,0,0,0,0
Walt McGrory,Wisconsin,2019-20,20.0,3,5,1,2,2,2,2,0,0,0,2,1,14.82,0,0,0,0,0,0,2,0,0,1,2,0
Walter Ellis,Bucknell,2019-20,0.0,31,71,21,53,12,19,12,13,12,0,36,15,20.0,27,67,24,60,10,15,7,10,5,0,29,6
Walter Jones Jr.,Alabama A&M,2019-20,20.0,1,6,0,2,3,4,1,1,1,2,2,0,14.97,1,2,0,1,0,0,0,2,1,0,3,1
Walter Prevost,Maryland-Eastern Shore,2019-20,0.0,28,48,0,0,20,27,6,2,7,15,21,18,14.78,30,54,0,0,13,26,1,3,6,17,17,10
Walter Whyte,Boston University,2019-20,20.0,77,179,35,94,16,27,15,11,5,37,80,34,20.0,78,157,22,72,29,46,12,13,10,30,86,28
Wanjang Tut,Omaha,2019-20,20.0,46,108,3,13,4,5,11,5,20,12,66,29,17.78,40,83,0,1,15,19,7,6,8,18,43,13
Wanya King,Ark Monticello,2019-20,20.0,4,8,3,5,0,0,0,1,0,2,3,1,17.73,2,3,2,3,2,2,2,0,0,0,1,0
Warith Alatishe,Nicholls,2019-20,15.0,61,116,2,6,24,32,11,20,18,35,76,24,20.0,73,122,0,3,40,57,25,31,22,52,90,34
Warren Richardson,Le Tourneau,2019-20,20.0,5,9,2,3,0,2,0,0,0,0,1,2,16.37,2,7,0,2,0,0,0,1,0,0,1,2
Warren Williams,Manhattan,2019-20,20.0,33,65,0,0,25,42,4,10,8,15,27,24,19.27,49,77,0,0,25,43,5,4,12,20,28,13
Washington,,2019-20,0.0,0,0,0,0,0,0,0,0,0,39,48,8,0.0,0,0,0,0,0,0,0,0,0,53,24,1
Washington College (MD),,2019-20,0.0,0,0,0,0,0,0,0,0,0,0,1,0,0.0,0,0,0,0,0,0,0,0,0,1,1,0
Washington State,,2019-20,0.0,0,0,0,0,0,0,0,0,0,34,36,1,0.0,0,0,0,0,0,0,0,0,0,53,16,5
Wassef Methnani,Fairfield,2019-20,20.0,24,64,3,14,12,24,11,9,7,17,48,23,20.0,23,48,2,10,10,19,10,1,11,15,22,16
Wayland Baptist,,2019-20,0.0,0,0,0,0,0,0,0,0,0,0,1,0,0.0,0,0,0,0,0,0,0,0,0,2,0,0
Wayne Arnold,CSU Fullerton,2019-20,20.0,48,127,27,82,10,11,7,6,7,3,45,16,17.67,32,102,19,58,13,14,7,7,3,1,43,17
Wayne Bristol Jr,Howard,2019-20,20.0,0,0,0,0,0,0,25,0,0,0,0,0,17.48,0,0,0,0,0,0,16,0,0,0,0,0
Wayne Bristol Jr.,Howard,2019-20,20.0,51,135,17,51,20,24,0,17,5,12,37,35,17.98,53,125,17,41,41,50,0,7,5,11,45,27
Weber State,,2019-20,0.0,0,0,0,0,0,0,0,0,0,8,11,5,0.0,0,0,0,0,0,0,0,0,0,13,10,4
Webster Filmore,North Carolina A&T,2019-20,20.0,3,6,0,0,2,5,1,2,2,3,8,5,14.77,2,7,0,0,0,2,0,1,0,2,4,3
Weijie Zhang,San Diego Christian,2019-20,20.0,0,2,0,1,0,1,0,0,0,0,1,0,14.97,0,1,0,1,0,0,0,0,0,0,0,0
Wells Hoag,Clemson,2019-20,0.0,0,0,0,0,0,0,0,0,0,0,0,0,14.83,2,2,1,1,0,0,0,0,0,1,0,0
Wendell Mitchell,Texas A&M,2019-20,20.0,44,148,28,100,17,25,22,16,3,8,28,30,18.83,45,120,24,74,43,51,31,20,0,2,36,20
Wendell Moore Jr,Duke,2019-20,15.0,0,0,0,0,0,0,5,0,0,0,0,0,20.0,0,0,0,0,0,0,0,0,0,0,0,0
Wendell Moore Jr.,Duke,2019-20,20.0,24,72,2,11,19,21,23,11,1,17,28,30,20.0,32,68,1,7,29,39,16,10,5,16,31,28
Wes Murray,Cairn University,2019-20,20.0,0,1,0,0,0,0,0,1,1,0,1,2,14.98,0,0,0,0,0,0,0,0,0,0,2,0
Wes Slajchert,Dartmouth,2019-20,0.0,7,33,5,26,1,3,17,5,0,1,25,8,20.0,9,22,4,11,3,7,7,8,0,1,19,11
Wesley,,2019-20,0.0,0,0,0,0,0,0,0,0,0,1,0,0,0.0,0,0,0,0,0,0,0,0,0,0,2,0
Wesley Gilbert,Sonoma State,2019-20,0.0,0,0,0,0,0,0,0,0,0,0,0,0,14.92,1,1,0,0,0,0,0,1,0,0,0,0
Wesley Harris,Tennessee State,2019-20,20.0,47,99,14,40,13,18,17,8,11,20,51,28,14.95,39,81,16,39,17,20,15,6,9,19,50,32
Wesley Jordan,Tiffin,2019-20,20.0,2,6,1,2,2,2,0,0,1,2,1,0,15.38,2,3,1,1,0,0,0,0,0,0,2,0
West Coast Baptist,,2019-20,0.0,0,0,0,0,0,0,0,0,0,1,0,0,0.0,0,0,0,0,0,0,0,0,0,0,1,0
West Virginia,,2019-20,0.0,0,0,0,0,0,0,0,0,0,41,27,1,0.0,0,0,0,0,0,0,0,0,0,41,18,10
Westcliff,,2019-20,0.0,0,0,0,0,0,0,0,0,0,2,1,1,0.0,0,0,0,0,0,0,0,0,0,4,1,0
Western Carolina,,2019-20,0.0,0,0,0,0,0,0,0,0,0,15,17,6,0.0,0,0,0,0,0,0,0,0,0,26,23,4
Western Colorado,,2019-20,0.0,0,0,0,0,0,0,0,0,0,0,2,0,0.0,0,0,0,0,0,0,0,0,0,3,0,0
Western Illinois,,2019-20,0.0,0,0,0,0,0,0,0,0,0,23,23,0,0.0,0,0,0,0,0,0,0,0,0,28,23,3
Western Kentucky,,2019-20,0.0,0,0,0,0,0,0,0,0,0,29,33,9,0.0,0,0,0,0,0,0,0,0,0,30,29,8
Western Michigan,,2019-20,0.0,0,0,0,0,0,0,0,0,0,37,27,11,0.0,0,0,0,0,0,0,0,0,0,39,20,4
Western New Mexico,,2019-20,0.0,0,0,0,0,0,0,0,0,0,3,1,0,0.0,0,0,0,0,0,0,0,0,0,0,2,0
Westminster (PA),,2019-20,0.0,0,0,0,0,0,0,0,0,0,2,0,0,0.0,0,0,0,0,0,0,0,0,0,0,2,1
Westmont,,2019-20,0.0,0,0,0,0,0,0,0,0,0,0,0,0,0.0,0,0,0,0,0,0,0,0,0,0,1,0
Wheza Panzo,Stetson,2019-20,20.0,24,68,13,38,6,7,11,10,8,12,40,11,20.0,21,62,8,29,18,24,12,11,8,11,39,6
Whittier,,2019-20,0.0,0,0,0,0,0,0,0,0,0,1,0,0,0.0,0,0,0,0,0,0,0,0,0,2,1,3
Wichita State,,2019-20,0.0,0,0,0,0,0,0,0,0,0,49,25,7,0.0,0,0,0,0,0,0,0,0,0,65,36,14
Widener,,2019-20,0.0,0,0,0,0,0,0,0,0,0,1,2,0,0.0,0,0,0,0,0,0,0,0,0,6,0,0
Wil Sessions,,2019-20,3.5,1,2,0,1,0,0,0,0,0,0,0,0,0.0,1,1,0,0,0,1,0,0,0,1,1,1
Wil Sessoms,Milwaukee,2019-20,20.0,20,43,1,4,14,22,7,2,12,15,16,14,18.85,15,30,0,5,9,19,2,1,3,18,20,11
Wilberforce,,2019-20,0.0,0,0,0,0,0,0,0,0,0,2,0,0,0.0,0,0,0,0,0,0,0,0,0,1,0,0
Wildens Leveque,South Carolina,2019-20,0.0,16,29,0,0,6,15,4,6,9,19,22,12,14.88,12,17,0,0,8,16,2,4,6,16,18,3
Wiley,,2019-20,0.0,0,0,0,0,0,0,0,0,0,8,3,2,0.0,0,0,0,0,0,0,0,0,0,7,6,0
Wiley Pippenger,Rhodes College,2019-20,20.0,1,3,0,0,0,0,0,0,1,0,1,2,14.93,1,2,0,0,0,0,0,0,1,0,1,0
Will Baker,Texas,2019-20,20.0,10,35,4,21,1,4,3,1,2,8,15,12,15.58,6,23,1,11,3,5,4,3,0,5,10,8
Will Bowser,Bridgewater,2019-20,20.0,2,4,1,3,0,0,2,0,0,0,0,7,14.93,0,2,0,1,2,4,1,0,0,0,1,3
Will Butler,UAB,2019-20,20.0,53,96,0,0,12,24,11,6,6,25,41,21,20.0,51,83,0,0,22,38,5,5,8,26,34,13
Will Chevalier,Green Bay,2019-20,0.0,12,31,10,26,1,4,3,1,3,2,22,3,17.97,14,27,8,16,0,2,4,2,3,3,13,4
Will Feese,St. Louis,2019-20,20.0,1,2,1,2,0,0,0,0,0,2,1,3,14.88,1,1,1,1,0,0,0,0,0,0,1,0
Will Gardner,Blue Mountain College,2019-20,0.0,0,0,0,0,0,0,0,0,0,0,0,0,14.77,0,1,0,0,0,0,0,0,0,1,0,0
Will Huntington,Willamette,2019-20,0.0,0,0,0,0,0,0,0,0,0,0,1,1,14.98,1,1,0,0,0,0,0,0,0,0,5,0
Will Isaac,Texas Dallas,2019-20,0.0,0,0,0,0,0,0,0,0,0,0,0,0,14.9,1,2,0,0,0,0,2,0,0,2,2,0
Will Johnson,New Mexico Highlands,2019-20,20.0,0,1,0,0,0,2,0,1,0,1,0,1,16.6,1,2,0,0,0,0,0,0,0,0,2,1
Will Lienhard,,2019-20,0.0,0,0,0,0,0,0,0,1,0,0,2,2,0.0,0,0,0,0,0,0,0,0,0,0,0,1
Will Martinez,Wagner,2019-20,20.0,35,85,5,10,9,14,34,13,4,13,24,23,14.8,22,74,1,14,15,25,41,15,1,9,17,22
Will Midlick,,2019-20,0.0,0,0,0,0,0,0,0,0,0,0,0,0,0.0,0,0,0,0,0,0,0,0,0,0,1,0
Will Miller,VMI,2019-20,20.0,11,18,1,2,0,0,9,3,2,3,4,5,20.0,7,11,2,4,0,0,5,2,5,5,8,6
Will Nisbet,,2019-20,0.0,0,0,0,0,0,0,0,0,0,0,1,0,0.0,0,0,0,0,0,0,0,0,0,0,0,0
Will Penny,IU-Kokomo,2019-20,20.0,0,2,0,1,0,0,0,1,0,0,0,0,17.57,1,1,1,1,0,0,0,0,1,0,2,0
Will Philpot,Alice Lloyd College,2019-20,20.0,2,6,0,0,0,0,0,1,0,2,9,2,14.85,2,3,1,1,0,0,1,0,1,4,4,4
Will Rayman,Colgate,2019-20,20.0,68,150,23,64,17,20,29,5,12,32,93,26,20.0,65,146,26,69,58,75,24,18,16,50,99,15
Will Richardson,Oregon,2019-20,20.0,58,116,17,35,10,12,25,21,4,11,28,24,17.85,57,123,19,41,43,51,35,16,2,24,45,17
Will Richter,Piedmont,2019-20,20.0,0,1,0,1,0,0,0,0,0,0,0,1,14.97,1,3,0,0,2,2,0,0,0,0,1,2
Will Stanford,Mobile,2019-20,20.0,3,5,0,0,0,0,1,0,0,0,2,3,20.0,4,7,0,0,0,0,1,1,0,0,1,1
Will Willis,Western Colorado,2019-20,20.0,0,2,0,2,0,0,1,0,0,0,3,1,17.95,1,3,1,3,1,2,0,0,0,1,3,1
Willamette,,2019-20,0.0,0,0,0,0,0,0,0,0,0,1,1,1,0.0,0,0,0,0,0,0,0,0,0,3,0,1
William & Mary,,2019-20,0.0,0,0,0,0,0,0,0,0,0,22,15,0,0.0,0,0,0,0,0,0,0,0,0,27,16,5
William Boyer-Richard,Western Michigan,2019-20,5.0,8,17,4,12,3,5,1,4,0,0,1,8,20.0,10,25,6,14,2,4,1,1,0,1,7,6
William Carey,,2019-20,0.0,0,0,0,0,0,0,0,0,0,1,0,0,0.0,0,0,0,0,0,0,0,0,0,2,0,0
William Douglas,SMU,2019-20,20.0,0,1,0,1,0,0,0,0,0,0,0,1,17.97,0,1,0,1,0,0,0,0,0,0,1,0
William Easton,,2019-20,0.0,0,0,0,0,0,0,0,0,0,0,0,1,0.0,0,0,0,0,0,0,0,0,0,0,0,0
William FitzPatrick,Sacramento State,2019-20,0.0,3,11,3,9,0,0,2,0,0,0,2,1,14.93,4,14,3,12,0,0,2,2,0,3,0,0
William Jessup,,2019-20,0.0,0,0,0,0,0,0,0,0,0,1,2,0,0.0,0,0,0,0,0,0,0,0,0,0,1,1
William Lloyd,Xavier LA,2019-20,20.0,3,5,0,0,0,0,0,0,0,1,1,1,20.0,4,6,0,0,6,9,1,1,0,0,5,1
William Loyd,Xavier LA,2019-20,20.0,2,4,0,0,0,0,2,0,0,0,5,3,17.63,1,1,0,0,1,3,0,0,0,0,3,1
William McNair,New Mexico State,2019-20,19.93,11,14,0,0,2,4,2,0,6,6,14,6,14.97,4,9,0,0,3,5,0,2,2,1,9,2
William Peace,,2019-20,0.0,0,0,0,0,0,0,0,0,0,0,0,2,0.0,0,0,0,0,0,0,0,0,0,1,0,0
William Ridgell,Arkansas-Pine Bluff,2019-20,0.0,0,0,0,0,0,0,0,0,0,0,0,0,14.82,0,0,0,0,0,1,0,0,0,0,1,0
Williams Baptist,,2019-20,0.0,0,0,0,0,0,0,0,0,0,0,1,2,0.0,0,0,0,0,0,0,0,0,0,3,1,2
Williams Onyeodi,Coker,2019-20,20.0,2,4,0,0,0,0,0,1,0,2,2,3,17.92,1,3,0,0,0,0,0,0,0,0,4,1
Willie Herenton,Miami,2019-20,0.0,0,0,0,0,0,0,0,0,0,0,0,0,14.87,1,1,1,1,0,0,1,0,0,0,1,0
Willie Jackson,Toledo,2019-20,20.0,77,153,0,1,30,45,36,12,8,46,127,45,20.0,65,133,0,1,56,82,35,7,9,60,132,37
Willy Isiani,Detroit Mercy,2019-20,20.0,28,79,21,61,3,7,11,11,12,23,36,12,17.92,21,68,15,56,5,8,5,5,6,12,22,11
Willy Nunez Jr,Rider,2019-20,0.0,0,0,0,0,0,0,12,0,0,0,0,0,20.0,0,0,0,0,0,0,8,0,0,0,0,0
Willy Nunez Jr.,Rider,2019-20,20.0,28,81,19,65,14,16,0,6,2,1,27,7,20.0,23,72,21,64,18,26,0,5,0,1,38,7
Winston Cook,Nebraska Kearney,2019-20,20.0,1,2,0,0,0,0,0,0,0,0,5,0,17.83,1,2,0,1,0,0,0,0,0,0,0,1
Winthrop,,2019-20,0.0,0,0,0,0,0,0,0,0,0,35,31,12,0.0,0,0,0,0,0,0,0,0,0,35,36,10
Wisconsin,,2019-20,0.0,0,0,0,0,0,0,0,0,0,19,32,7,0.0,0,0,0,0,0,0,0,0,0,31,25,7
Wisconsin-Lutheran,,2019-20,0.0,0,0,0,0,0,0,0,0,0,1,0,1,0.0,0,0,0,0,0,0,0,0,0,1,1,0
Wisconsin-Stout,,2019-20,0.0,0,0,0,0,0,0,0,0,0,0,0,0,0.0,0,0,0,0,0,0,0,0,0,2,0,1
Wofford,,2019-20,0.0,0,0,0,0,0,0,0,0,0,15,26,11,0.0,0,0,0,0,0,0,0,0,0,26,18,7
Wolf Moser,Oberlin College,2019-20,20.0,3,5,3,4,0,0,0,0,0,0,0,1,14.98,0,2,0,1,0,0,0,0,0,0,0,0
Wright John-Michael,,2019-20,3.6,3,7,1,4,0,0,1,0,0,1,3,2,0.0,8,12,7,7,0,0,1,1,0,0,2,0
Wright State,,2019-20,0.0,0,0,0,0,0,0,0,0,0,30,22,1,0.0,0,0,0,0,0,0,0,0,0,39,20,2
Wyatt Battaile,KY Wesleyan,2019-20,20.0,1,2,0,1,0,0,0,1,0,0,2,3,14.83,1,6,0,3,0,0,1,0,0,0,0,1
Wyatt Hockenberry,Elizabethtown,2019-20,20.0,1,2,1,1,0,0,0,0,1,0,0,0,14.92,1,1,1,1,0,0,0,0,0,0,0,1
Wyatt Watson,Portland,2019-20,20.0,1,1,1,1,0,0,0,0,0,0,0,0,14.98,1,3,1,3,1,2,0,0,1,0,2,0
Wyatt Wilkes,Florida State,2019-20,20.0,20,51,18,41,4,4,7,4,0,3,11,8,20.0,9,23,3,15,0,0,6,3,2,7,6,4
Wyatt Yess,Yale,2019-20,20.0,7,17,3,8,5,10,7,4,1,5,20,6,14.98,11,18,4,7,2,5,6,3,2,7,22,2
Wyoming,,2019-20,0.0,0,0,0,0,0,0,0,0,0,23,33,9,0.0,0,0,0,0,0,0,0,0,0,21,22,10
Xaiver Armstead,Louisiana Tech,2019-20,20.0,3,11,1,7,0,0,2,1,0,1,1,0,14.82,9,21,7,14,5,6,4,3,0,1,9,2
Xander Rice,Bucknell,2019-20,20.0,19,49,3,18,8,13,31,12,0,1,12,19,20.0,5,20,2,9,5,5,10,6,0,0,11,9
Xaviar Gaona,Pikeville,2019-20,20.0,0,5,0,3,0,0,3,0,0,1,2,1,14.68,1,5,1,2,1,2,0,0,0,0,0,1
Xavier,,2019-20,0.0,0,0,0,0,0,0,0,0,0,40,22,3,0.0,0,0,0,0,0,0,0,0,0,43,21,5
Xavier (LA),,2019-20,0.0,0,0,0,0,0,0,0,0,0,1,5,0,0.0,0,0,0,0,0,0,0,0,0,3,0,0
Xavier Allison,Purdue Northwest,2019-20,20.0,0,1,0,1,0,0,3,0,0,0,0,1,20.0,0,2,0,1,1,2,1,0,0,1,2,1
Xavier Brewer,Morehouse College,2019-20,20.0,1,4,1,2,0,0,1,1,0,1,2,1,14.9,0,1,0,1,0,0,0,0,0,0,2,0
Xavier Bryant,Sam Houston State,2019-20,20.0,24,58,4,19,10,17,34,18,0,3,17,23,20.0,25,57,3,15,25,32,26,15,0,5,24,23
Xavier Castaneda,South Florida,2019-20,20.0,30,90,14,47,8,17,22,17,1,0,39,24,14.9,15,50,7,25,18,23,22,11,1,6,23,25
Xavier Cork,Western Carolina,2019-20,20.0,18,27,0,1,8,15,2,2,6,13,17,16,18.05,18,26,0,0,5,12,3,2,5,9,15,8
Xavier Ferrell,Texas Dallas,2019-20,20.0,1,2,0,0,2,2,1,0,0,0,0,0,14.9,0,0,0,0,0,0,0,0,0,0,0,0
Xavier Gari,Spalding,2019-20,20.0,4,6,3,5,0,0,0,2,0,0,1,1,14.83,2,4,2,4,0,0,0,0,0,0,0,2
Xavier Green,Old Dominion,2019-20,20.0,66,205,18,66,15,19,43,11,2,11,54,42,20.0,80,195,22,65,24,34,36,16,0,13,43,33
Xavier Hallinan,Purdue Northwest,2019-20,20.0,1,2,0,0,0,0,4,0,0,0,4,2,20.0,3,7,2,6,3,4,2,1,0,0,0,2
Xavier Heidelberg,Tougaloo,2019-20,20.0,0,1,0,0,0,0,0,0,0,0,0,0,14.8,0,0,0,0,0,0,0,0,0,0,0,0
Xavier Hill-Mais,Oakland,2019-20,20.0,85,166,7,29,46,61,30,17,18,37,85,44,14.93,92,182,5,22,37,61,21,16,20,26,76,25
Xavier Hines,IU-Kokomo,2019-20,0.0,0,0,0,0,0,0,0,0,0,0,0,0,17.57,0,1,0,1,0,0,0,0,0,0,1,0
Xavier Johnson,George Mason,2019-20,15.0,119,340,48,130,72,96,132,63,5,20,113,128,20.0,135,324,27,105,149,192,147,57,4,22,112,122
Xavier Littlehead,Haskell,2019-20,20.0,2,4,1,3,0,0,1,0,0,0,0,1,14.92,2,3,2,3,0,0,0,0,0,0,0,0
Xavier Malcom,Montevallo,2019-20,20.0,3,8,1,3,0,0,4,2,0,0,2,2,19.52,2,5,1,4,0,0,0,2,0,0,0,0
Xavier Mayo,NJIT,2019-20,20.0,11,21,0,0,4,6,9,2,5,17,13,7,20.0,4,4,0,0,9,11,1,4,1,8,6,2
Xavier Pinson,Missouri,2019-20,20.0,46,122,17,54,27,38,45,13,0,10,35,40,14.63,58,141,12,46,67,77,34,11,0,10,31,35
Xavier Reaves,Marymount VA,2019-20,20.0,2,6,1,5,0,0,0,2,0,0,1,2,16.5,3,7,1,4,1,2,2,2,0,0,1,1
Xavier Sneed,Kansas State,2019-20,20.0,66,174,31,82,44,64,26,33,6,9,61,32,18.32,64,177,26,97,58,84,24,21,4,15,47,15
Xavier Tillman,Michigan State,2019-20,20.0,68,130,6,23,35,50,38,14,24,41,114,29,20.0,73,135,7,23,38,58,40,20,33,29,91,26
Xavier Tillman Sr.,Michigan State,2019-20,20.0,12,19,0,2,2,4,4,2,3,5,11,2,20.0,11,15,0,2,4,4,8,1,3,6,14,4
Xavier Towne,Mayville State,2019-20,19.75,1,1,0,0,0,0,0,0,0,0,1,0,14.97,0,0,0,0,0,0,0,0,0,0,1,1
Xavier Wilson,Central Connecticut,2019-20,20.0,27,80,4,12,6,17,13,11,14,15,34,12,17.95,26,66,2,13,15,29,8,8,12,15,29,12
Xeo Golding,Concordia Illinois,2019-20,20.0,0,3,0,2,0,0,0,0,0,0,0,1,14.97,1,3,1,2,1,2,0,0,0,0,1,0
Xeyrius Williams,Akron,2019-20,19.92,68,180,29,95,30,32,18,10,16,27,111,30,18.48,61,162,27,93,31,36,19,10,10,20,105,21
Xzavier Malone-Key,Fairleigh Dickinson,2019-20,20.0,46,105,12,39,18,23,27,6,1,6,32,21,20.0,59,106,18,35,37,56,21,6,1,9,30,19
Yaakema Rose,Missouri-St. Louis,2019-20,20.0,5,8,1,1,0,0,0,0,0,1,2,0,19.72,2,2,0,0,0,0,1,0,0,0,2,1
Yagizhan Selcuk,Montana,2019-20,15.27,5,14,0,0,4,6,1,0,0,2,4,0,20.0,4,8,0,0,1,3,0,0,0,3,2,0
Yahmir Muhammad,,2019-20,5.63,0,2,0,0,2,2,1,1,0,0,1,0,0.0,1,6,0,1,1,2,0,2,0,0,0,2
Yahuza Rasas,Texas Southern,2019-20,20.0,52,92,2,5,21,36,9,9,3,35,69,28,14.9,50,98,1,8,31,50,10,4,6,40,67,17
Yale,,2019-20,0.0,0,0,0,0,0,0,0,0,0,21,15,5,0.0,0,0,0,0,0,0,0,0,0,35,23,8
Yancy St. Germain,,2019-20,0.0,0,0,0,0,0,0,0,0,0,1,0,0,0.0,0,0,0,0,0,0,0,0,0,1,0,1
Yanni Wetzell,San Diego State,2019-20,20.0,73,131,4,15,23,37,27,17,8,31,70,34,14.9,67,111,3,7,36,55,15,9,12,39,59,25
Yannis Mendy,Robert Morris,2019-20,20.0,67,122,0,0,12,18,14,11,6,36,57,20,20.0,50,92,0,0,25,38,15,8,3,29,34,26
Yaradyah Evans,St. Francis (BKN),2019-20,20.0,18,49,7,22,9,11,10,4,13,13,49,19,20.0,13,43,5,20,8,11,8,2,5,12,52,6
Yarden Willis,Binghamton,2019-20,20.0,11,25,0,0,5,9,3,2,8,13,12,15,17.92,9,20,0,0,8,14,5,0,4,5,10,5
Yauhen Massalski,San Diego,2019-20,19.98,33,61,0,0,11,17,11,6,16,18,35,13,20.0,34,60,0,1,7,18,14,5,12,27,44,22
Yavuz Gultekin,Texas A&M,2019-20,20.0,7,18,1,6,3,3,2,4,1,9,16,3,18.83,9,15,2,6,2,4,1,0,0,5,7,2
Yeikson Montero,Eastern Michigan,2019-20,20.0,53,130,18,55,27,35,20,29,2,11,23,32,14.9,48,124,13,53,36,49,14,25,2,12,25,23
Yesid Mosquera-Perea,Virginia-Wise,2019-20,20.0,1,5,0,2,0,0,0,0,0,0,0,0,14.85,0,0,0,0,0,0,0,0,0,0,2,0
Yilret Yiljep,American,2019-20,20.0,16,24,0,0,13,17,4,3,5,15,21,7,20.0,16,26,0,0,8,17,4,2,3,12,23,7
Yoeli Childs,BYU,2019-20,17.92,81,143,13,28,14,32,19,7,9,19,71,27,20.0,79,138,9,18,35,58,20,6,7,17,57,16
Yor Anei,Oklahoma State,2019-20,20.0,35,85,1,1,31,44,10,13,27,23,56,22,20.0,49,93,0,1,38,57,6,6,29,25,40,17
York Benjamin,Oklahoma Christian,2019-20,20.0,2,3,1,1,0,0,0,0,0,0,3,2,14.88,0,1,0,0,0,0,0,0,0,2,0,0
Yoro Sibide,Greensboro,2019-20,20.0,5,8,0,1,0,0,0,3,0,5,1,0,14.92,2,4,1,1,2,2,0,0,0,4,1,1
Yoro Sidibe,Norfolk State,2019-20,20.0,9,30,3,6,11,16,1,4,4,17,13,11,14.67,6,21,0,4,7,9,1,2,3,5,19,7
Yosnier Cobas,Eastern New Mexico,2019-20,20.0,4,6,1,1,1,3,1,0,1,1,0,1,15.18,4,5,0,0,0,0,1,2,1,1,2,0
Youngstown State,,2019-20,0.0,0,0,0,0,0,0,0,0,0,42,33,2,0.0,0,0,0,0,0,0,0,0,0,48,25,5
Youry White,UL Monroe,2019-20,20.0,14,30,0,1,11,17,7,3,4,15,22,9,16.93,12,26,0,1,14,19,0,5,4,15,28,9
Yuri Collins,Saint Louis,2019-20,20.0,27,74,6,17,9,18,85,21,0,6,42,51,16.05,28,74,5,12,28,50,77,24,0,5,32,47
Yvan Ouedraogo,Nebraska,2019-20,20.0,36,76,0,0,20,38,8,5,4,39,64,22,18.43,27,68,0,0,15,34,7,7,4,45,41,20
Yves Pons,Tennessee,2019-20,20.0,64,127,18,43,15,28,12,9,31,25,55,29,16.22,66,138,12,41,29,41,19,4,38,30,50,20
Zac Black,Southwestern,2019-20,20.0,0,2,0,1,0,0,1,0,0,0,1,0,17.17,0,2,0,1,0,0,1,0,0,0,0,3
Zac Ervin,Elon,2019-20,20.0,30,80,22,63,6,9,6,3,0,6,13,9,20.0,39,84,24,57,7,10,9,6,0,7,17,5
Zac Goldstein,Farmingdale State,2019-20,20.0,2,3,0,1,0,0,1,1,0,1,0,1,14.73,0,6,0,3,0,0,0,0,0,0,0,2
Zac Neely,East Central,2019-20,0.0,0,0,0,0,0,0,0,0,0,0,0,1,14.72,4,8,1,3,3,3,0,0,0,4,1,1
Zac Seljaas,BYU,2019-20,20.0,27,72,17,51,19,29,16,16,4,7,46,12,17.67,39,79,19,44,16,17,9,7,3,16,51,11
Zac Watson,UC Riverside,2019-20,20.0,11,23,0,4,2,2,6,3,0,5,20,11,18.43,11,18,0,0,8,13,8,4,3,11,18,7
Zacchaeus Sellers,South Carolina State,2019-20,20.0,12,31,6,14,11,12,15,9,0,5,14,11,14.78,8,26,1,7,5,6,21,5,0,2,10,7
Zach Burns,Simpson University,2019-20,20.0,0,2,0,2,0,0,0,1,0,0,5,4,14.93,0,4,0,3,0,0,1,1,0,0,2,1
Zach Chappell,San José St,2019-20,20.0,31,98,10,37,16,24,23,11,2,2,14,20,18.83,22,57,10,24,29,38,32,13,0,5,16,28
Zach Colletta,Maryville University,2019-20,20.0,1,1,1,1,0,0,0,0,0,0,0,1,19.83,1,2,0,1,0,0,1,0,0,0,0,0
Zach Cooks,NJIT,2019-20,20.0,99,254,30,101,44,56,33,20,2,15,63,36,20.0,94,216,22,62,73,94,23,27,1,9,59,28
Zach Copeland,Illinois State,2019-20,20.0,74,177,41,103,19,24,44,19,0,12,38,56,20.0,71,175,35,96,42,54,34,12,0,5,35,41
Zach Crisler,Rice,2019-20,20.0,10,21,3,10,8,11,3,3,2,6,18,7,16.35,6,11,1,4,1,4,2,0,1,2,9,4
Zach Falkenburg,Lyndon State College,2019-20,20.0,2,2,0,0,3,5,3,1,0,0,1,3,14.65,0,2,0,1,0,0,2,1,0,0,0,0
Zach Freemantle,Xavier,2019-20,20.0,41,92,6,17,25,31,7,9,13,29,46,17,17.95,37,78,2,10,13,19,9,5,5,14,35,10
Zach Garrett,Shenandoah,2019-20,20.0,0,3,0,2,0,0,1,0,0,1,1,1,14.7,2,3,1,1,0,0,0,0,0,1,3,1
Zach Goodline,Oakland,2019-20,20.0,0,3,0,2,6,6,5,1,0,0,2,3,19.22,0,1,0,0,0,0,3,2,0,0,1,4
Zach Griffith,Illinois,2019-20,0.0,0,0,0,0,0,0,0,0,0,0,0,0,14.98,1,1,0,0,0,0,0,0,0,0,0,0
Zach Harvey,Cincinnati,2019-20,20.0,6,20,2,8,4,8,11,5,1,3,4,7,20.0,8,16,3,8,6,11,6,4,2,0,7,7
Zach Hinton,Randolph College,2019-20,20.0,0,2,0,2,0,0,1,0,0,0,1,0,15.12,1,4,0,2,0,0,0,1,0,1,0,0
Zach Hobbs,Montana State,2019-20,20.0,2,10,2,10,0,0,3,0,0,0,5,3,14.87,1,4,1,4,0,0,3,2,0,0,4,3
Zach Hopewell,KY Wesleyan,2019-20,20.0,0,1,0,0,0,0,1,0,0,0,0,1,14.83,2,5,0,3,0,0,0,0,0,0,2,1
Zach Hunsaker,Brown,2019-20,20.0,59,139,33,83,24,29,21,14,2,5,35,25,20.0,43,131,22,86,41,48,13,23,1,6,41,17
Zach Iyeyemi,Houston Baptist,2019-20,20.0,8,20,0,0,10,12,4,2,3,6,6,15,18.07,4,12,0,0,7,8,0,0,1,5,4,6
Zach Jacobs,James Madison,2019-20,20.0,37,74,3,15,19,23,5,5,10,22,45,17,20.0,32,67,7,21,15,22,4,3,14,21,31,11
Zach Kent,Tennessee,2019-20,20.0,1,2,1,2,0,0,0,0,0,0,2,1,17.9,0,0,0,0,0,0,0,0,0,0,0,0
Zach Lattimer,Michigan Dearborn,2019-20,20.0,1,4,1,4,0,0,0,0,0,0,0,3,17.88,1,4,1,4,0,0,0,0,0,0,1,0
Zach Lerblance,Randall University,2019-20,20.0,0,3,0,2,0,0,0,0,0,0,1,0,14.98,0,1,0,1,0,0,1,1,0,0,1,1
Zach Light,Colgate,2019-20,20.0,1,1,0,0,1,1,3,1,0,1,2,0,20.0,0,0,0,0,0,0,0,0,0,0,1,0
Zach Miller,Wisconsin-Stout,2019-20,0.0,0,0,0,0,0,0,0,0,0,0,0,1,14.93,1,1,1,1,0,0,0,0,0,0,1,0
Zach Montes,Northwestern Ohio,2019-20,20.0,2,7,0,1,0,0,2,0,0,0,2,3,14.68,0,2,0,1,0,0,0,0,0,0,0,2
Zach Muller,Loyola New Orleans,2019-20,0.0,0,0,0,0,0,0,0,0,0,0,0,1,14.77,1,2,1,1,0,0,0,0,0,0,0,1
Zach Munson,Chicago,2019-20,20.0,3,4,3,3,0,0,1,1,0,0,1,0,14.9,0,2,0,1,0,0,0,0,0,0,0,0
Zach Nannen,Elizabethtown,2019-20,20.0,0,5,0,1,0,2,0,0,2,0,1,2,14.92,0,3,0,0,2,2,1,0,0,0,0,1
Zach Newkirk,Central Connecticut,2019-20,20.0,21,52,8,14,7,11,26,4,2,5,16,22,17.95,13,37,2,9,4,9,19,7,1,7,24,16
Zach Nutall,Sam Houston State,2019-20,20.0,96,195,26,66,36,45,27,24,1,17,54,31,20.0,60,139,14,47,20,30,24,12,4,8,34,31
Zach Pangborn,Davenport University,2019-20,20.0,0,1,0,0,0,0,2,0,0,0,2,0,19.45,0,1,0,0,0,0,1,0,0,0,0,0
Zach Pfaffenberger,Sacred Heart,2019-20,20.0,17,39,0,0,4,8,3,1,2,17,15,7,14.95,15,24,0,0,4,6,2,0,2,12,11,3
Zach Pirog,,2019-20,11.8,29,47,0,1,17,19,10,3,24,25,57,7,0.0,22,33,0,0,24,29,7,6,25,26,37,16
Zach Rabinowitz,Charleston,2019-20,20.0,1,1,1,1,0,0,0,0,0,0,0,0,20.0,0,0,0,0,0,0,0,0,0,0,0,0
Zach Randolph,Luther,2019-20,20.0,2,4,2,4,0,0,0,0,0,0,1,0,14.87,0,1,0,1,0,0,1,0,0,0,1,0
Zach Reichle,Oregon State,2019-20,20.0,24,67,11,37,18,21,24,8,2,3,44,20,16.42,41,82,17,45,37,49,29,14,3,7,33,15
Zach Richardson,Multnomah,2019-20,20.0,0,5,0,3,0,0,2,0,0,0,1,1,14.8,2,9,2,9,0,0,1,0,0,0,0,1
Zach Scott,Florida Gulf Coast,2019-20,20.0,53,151,30,91,18,24,7,21,3,9,49,32,16.05,53,160,29,95,26,27,21,18,5,14,47,16
Zach Stenglein,Nazareth,2019-20,20.0,1,3,0,1,1,2,2,0,0,0,1,2,14.97,0,3,0,1,0,0,0,0,0,0,0,0
Zach Thornhill,Omaha,2019-20,20.0,54,106,7,25,18,20,26,8,5,20,32,14,17.78,39,86,3,23,14,19,13,12,2,25,35,11
Zach Varnum,Delta State,2019-20,20.0,0,2,0,0,2,2,1,0,1,1,0,1,14.98,0,0,0,0,0,0,0,0,0,0,0,0
Zach Walker,Texas A&M,2019-20,20.0,0,3,0,2,0,0,0,0,0,0,0,1,20.0,2,3,0,1,0,0,0,0,0,1,0,0
Zach Walton,Drexel,2019-20,20.0,59,148,16,63,18,27,27,11,5,14,51,37,20.0,75,168,18,66,39,49,19,5,13,13,47,38
Zach Waterhouse,Emerson College,2019-20,20.0,6,10,2,6,0,0,0,1,0,1,1,1,17.97,1,1,0,0,0,3,1,1,0,0,0,0
Zach Wrightsil,Loyola New Orleans,2019-20,20.0,1,5,0,2,3,6,3,0,0,2,1,1,14.77,2,5,0,0,0,0,2,0,0,0,3,1
Zach Zuleger,Wisconsin Lutheran,2019-20,0.0,0,0,0,0,0,0,0,0,0,0,2,0,14.83,2,2,0,0,0,0,1,0,0,1,0,0
Zachary Barnes,Mississippi Valley State,2019-20,0.0,7,21,7,20,0,0,0,1,0,1,2,0,14.92,4,14,3,13,0,0,1,4,0,0,3,1
Zachary Bennett,Gordon College,2019-20,0.0,0,0,0,0,0,0,0,0,0,0,1,1,20.0,0,0,0,0,0,1,1,0,0,1,2,1
Zachary McGee,Ecclesia College,2019-20,20.0,2,7,2,4,0,0,1,0,0,1,0,1,14.82,4,9,1,5,0,0,0,0,0,1,1,0
Zachary Orr,Bob Jones University,2019-20,20.0,1,1,0,0,0,0,0,3,0,0,2,2,15.25,2,3,0,0,0,0,1,1,0,0,1,0
Zachary Prins,Hendrix College,2019-20,20.0,0,1,0,1,0,0,0,0,0,0,0,0,15.55,0,0,0,0,0,0,0,0,0,0,0,0
Zachary Simmons,North Texas,2019-20,20.0,63,95,1,3,13,22,22,3,13,28,42,31,14.88,48,77,2,4,19,31,25,3,8,29,48,28
Zachary Tullos,Millsaps,2019-20,20.0,4,4,0,0,0,0,0,1,0,2,1,0,14.93,0,0,0,0,0,0,0,0,0,0,0,0
Zack Bryant,UAB,2019-20,20.0,6,14,1,2,0,0,3,1,0,0,4,6,20.0,8,18,2,3,2,3,5,2,1,1,1,3
Zack Clark,,2019-20,0.0,0,0,0,0,0,0,0,0,0,0,0,0,0.0,0,0,0,0,0,0,0,0,0,0,0,1
Zack Golaszewski,St. Thomas (TX),2019-20,0.0,0,0,0,0,0,0,0,0,0,0,0,0,14.97,1,2,0,0,0,0,2,0,0,0,0,0
Zack Norris,Columbia International,2019-20,20.0,1,2,0,1,0,0,0,0,0,0,1,1,14.95,2,4,0,2,0,0,0,0,0,0,0,1
Zahad Munford,Grambling,2019-20,20.0,2,4,2,4,2,2,0,1,0,0,2,0,19.92,1,6,1,5,0,0,1,1,1,0,1,1
Zaid Harris,Concordia Texas,2019-20,20.0,3,5,0,0,2,3,1,1,0,0,2,0,14.75,1,5,0,1,2,2,1,2,0,2,0,2
Zailan Peeler,Carson Newman,2019-20,20.0,3,5,1,2,1,1,0,1,0,0,0,1,14.85,0,2,0,1,0,0,0,0,0,0,0,1
Zaire Mateen,Northern Illinois,2019-20,20.0,24,62,15,38,2,2,4,8,0,5,14,6,20.0,15,36,8,24,1,2,4,2,0,1,12,3
Zaire Mitchell,Rosemont College,2019-20,20.0,1,4,0,0,0,0,1,0,1,1,2,1,14.97,1,2,0,1,0,0,0,0,0,0,1,1
Zak Hankins,Pacific Oregon,2019-20,0.0,0,0,0,0,0,0,0,0,0,0,0,0,14.8,0,0,0,0,1,2,0,0,0,0,0,0
Zamaria Odom,Holy Names,2019-20,20.0,1,5,0,1,2,2,0,0,0,1,0,0,14.9,0,2,0,2,0,0,0,0,0,0,0,0
Zane Jowaiszas,St. Katherine,2019-20,20.0,2,8,0,1,0,1,0,1,0,0,2,1,14.85,3,8,1,4,3,4,1,1,1,1,5,0
Zane Martin,New Mexico,2019-20,20.0,54,141,12,49,32,48,39,24,2,10,35,31,15.18,62,139,8,34,42,56,59,17,5,9,37,39
Zane Meeks,Nevada,2019-20,20.0,43,93,23,60,4,4,14,3,6,15,48,13,20.0,26,64,16,41,4,7,8,4,1,13,33,10
Zane Paddon,San Francisco State,2019-20,20.0,0,2,0,1,2,3,0,1,0,0,1,0,14.97,0,1,0,1,0,0,0,1,0,0,1,0
Zane Wright,Eastern Oregon,2019-20,20.0,1,3,0,2,0,0,0,0,0,0,0,0,14.98,0,3,0,2,0,0,1,0,0,0,2,0
Zavian Jackson,Arkansas-Pine Bluff,2019-20,20.0,6,28,4,13,6,7,5,3,1,2,7,19,14.9,12,24,2,12,11,18,6,5,2,0,11,9
Zavier Harris,Holy Names,2019-20,0.0,0,0,0,0,0,0,0,0,0,0,1,1,14.9,0,1,0,0,0,0,0,0,0,0,0,0
Zavier Simpson,Michigan,2019-20,20.0,64,124,12,31,12,21,97,16,0,4,49,39,20.0,77,164,16,45,25,51,116,9,2,15,53,45
Zay Williams,Troy,2019-20,20.0,32,65,0,4,13,20,13,5,5,13,21,18,20.0,34,65,1,3,23,37,13,1,5,17,29,15
Zayne Browning,Walla Walla University,2019-20,20.0,0,4,0,1,0,0,0,1,0,0,1,1,14.93,3,7,0,1,0,1,0,0,0,0,1,1
Zeb Graham,Presbyterian,2019-20,20.0,33,75,4,22,12,12,30,10,0,8,24,21,14.68,33,73,8,23,15,21,30,9,0,3,25,24
Zeke Moore,SIU-Edwardsville,2019-20,20.0,64,150,19,52,18,23,33,8,6,10,45,28,20.0,65,122,18,44,36,45,14,11,1,12,31,22
Zeke Nnaji,Arizona,2019-20,20.0,82,143,2,6,57,77,12,11,14,54,93,34,14.92,79,144,2,10,82,106,12,9,10,42,71,31
Zeke Quinlan,Montana State,2019-20,20.0,10,33,2,10,6,11,4,3,3,6,29,12,20.0,7,19,0,8,9,14,3,5,1,5,13,15
Zen Goodridge,Bethune-Cookman,2019-20,20.0,1,4,0,0,1,2,0,2,0,3,3,0,14.93,1,3,0,0,2,2,0,0,0,0,1,0
Zep Jasper,Charleston,2019-20,20.0,35,91,20,55,8,12,26,14,0,5,19,8,15.33,36,86,13,38,30,31,18,11,1,8,18,16
Zeph Chandler,Regent University,2019-20,0.0,0,0,0,0,0,0,0,0,0,0,0,0,14.95,1,2,1,1,0,0,0,0,0,0,0,1
Zethan Dumpson,St. Katherine,2019-20,20.0,9,24,1,4,3,8,1,5,1,2,2,1,14.85,3,5,0,2,3,4,0,1,0,1,1,3
Zhahidi Robinson,Bluefield State,2019-20,20.0,1,9,1,4,0,0,2,0,0,1,1,1,14.85,1,2,1,2,2,2,0,0,0,0,1,1
Zi Liu,Massachusetts-Boston,2019-20,20.0,0,1,0,0,0,0,0,0,0,1,0,0,14.88,0,0,0,0,0,0,0,0,1,1,1,1
Ziggy Reid,Merrimack,2019-20,20.0,22,60,10,31,6,8,12,11,3,5,25,16,20.0,19,61,6,28,7,8,2,4,6,6,23,9
Zigmars Raimo,Hawai'i,2019-20,20.0,43,106,0,4,31,42,46,25,4,35,62,44,16.12,48,88,2,5,40,60,48,22,5,34,66,33
Zion Cousins,Howard,2019-20,20.0,38,70,0,1,12,19,9,7,10,28,60,15,17.98,26,57,0,0,26,41,9,6,14,42,55,14
Zion Griffin,Iowa State,2019-20,20.0,21,52,10,34,3,7,3,6,4,8,19,11,14.87,10,24,1,11,4,8,3,3,5,6,14,5
Zion Morgan,Valparaiso,2019-20,20.0,14,34,0,4,6,16,21,8,2,8,15,10,20.0,4,15,0,1,3,6,6,2,2,4,17,10
Zion Patterson,Central Pennsylvania College,2019-20,0.0,0,0,0,0,0,0,0,0,0,0,0,0,14.72,0,1,0,1,0,0,0,1,0,0,0,1
Zion Richardson,Wofford,2019-20,0.0,2,12,1,7,5,5,8,3,0,7,8,10,17.87,6,13,1,4,5,11,6,4,0,6,10,6
Zion Tordoff,Marist,2019-20,20.0,16,32,0,0,13,21,10,4,2,15,19,13,20.0,14,27,0,0,10,18,7,0,0,15,18,9
Zion Williams,UMKC,2019-20,0.0,23,37,3,5,6,9,7,6,1,5,17,16,17.98,10,19,1,3,5,13,17,3,2,9,13,10
Zion Young,Western Illinois,2019-20,20.0,42,102,20,49,12,15,19,2,1,5,35,21,14.92,59,135,24,57,44,51,14,6,3,22,46,12
Zo Tyson,IUPUI,2019-20,20.0,16,32,0,0,4,6,3,4,10,15,27,13,14.88,21,37,0,1,6,8,4,3,5,10,22,6
Zoar Nedd,Hawai'i,2019-20,0.0,0,0,0,0,0,0,0,0,0,0,0,1,16.12,2,2,0,0,1,2,2,0,0,0,1,0
Zyon Dobbs,James Madison,2019-20,20.0,3,9,1,5,2,6,1,3,2,1,2,2,20.0,4,11,3,6,1,2,5,6,0,1,5,3
Zyon Pullin,UC Riverside,2019-20,20.0,17,61,3,22,7,13,28,3,1,2,31,21,18.43,21,48,9,22,17,25,21,5,2,3,20,16
Zyrion Wilkins,Johnson & Wales (NC),2019-20,20.0,2,6,1,3,0,0,0,1,0,1,3,3,17.75,2,5,1,2,0,1,2,1,0,1,3,1
made Dunk.,,2019-20,4.9,7,7,0,0,0,0,0,0,0,0,0,0,0.0,9,9,0,0,0,0,0,0,0,0,0,0
made Free Throw.,Edinboro,2019-20,0.0,0,0,0,0,72,72,0,0,0,0,0,0,14.93,0,0,0,0,72,72,0,0,0,0,0,0
made Jumper.,Greensboro,2019-20,0.0,57,57,0,0,0,0,0,0,0,0,0,0,14.92,23,23,0,0,0,0,0,0,0,0,0,0
made Jumper. Assisted by Chris Martin.,,2019-20,0.0,0,0,0,0,0,0,0,0,0,0,0,0,7.67,1,1,0,0,0,0,0,0,0,0,0,0
made Jumper. Assisted by Isaiah Miller.,,2019-20,18.35,1,1,0,0,0,0,0,0,0,0,0,0,0.0,0,0,0,0,0,0,0,0,0,0,0,0
made Jumper. Assisted by Kaleb Hunter.,,2019-20,5.88,1,1,0,0,0,0,0,0,0,0,0,0,0.0,0,0,0,0,0,0,0,0,0,0,0,0
made Jumper. Assisted by Mohammed Abdulsalam.,,2019-20,0.0,0,0,0,0,0,0,0,0,0,0,0,0,6.5,1,1,0,0,0,0,0,0,0,0,0,0
made Jumper. Assisted by Tre Gomillion.,,2019-20,13.45,1,1,0,0,0,0,0,0,0,0,0,0,0.0,0,0,0,0,0,0,0,0,0,0,0,0
made Layup.,Edinboro,2019-20,20.0,71,71,0,0,0,0,0,0,0,0,0,0,14.93,65,65,0,0,0,0,0,0,0,0,0,0
made Layup. Assisted by Brandon Miller.,,2019-20,5.9,1,1,0,0,0,0,0,0,0,0,0,0,0.0,0,0,0,0,0,0,0,0,0,0,0,0
made Layup. Assisted by Craig Beaudion.,Edinboro,2019-20,20.0,3,3,0,0,0,0,0,0,0,0,0,0,14.93,1,1,0,0,0,0,0,0,0,0,0,0
made Layup. Assisted by Iverson Molinar.,,2019-20,17.58,1,1,0,0,0,0,0,0,0,0,0,0,0.0,0,0,0,0,0,0,0,0,0,0,0,0
made Layup. Assisted by John-Michael Wright.,,2019-20,0.0,0,0,0,0,0,0,0,0,0,0,0,0,5.02,1,1,0,0,0,0,0,0,0,0,0,0
made Layup. Assisted by Kevon Meertins.,Greensboro,2019-20,20.0,1,1,0,0,0,0,0,0,0,0,0,0,14.92,0,0,0,0,0,0,0,0,0,0,0,0
made Layup. Assisted by Mohammed Abdulsalam.,,2019-20,14.52,1,1,0,0,0,0,0,0,0,0,0,0,0.0,0,0,0,0,0,0,0,0,0,0,0,0
made Layup. Assisted by Ravel Moody.,,2019-20,16.95,100,100,0,0,0,0,0,0,0,0,0,0,0.0,0,0,0,0,0,0,0,0,0,0,0,0
made Layup. Assisted by Rob Peterson III.,,2019-20,0.0,0,0,0,0,0,0,0,0,0,0,0,0,5.78,1,1,0,0,0,0,0,0,0,0,0,0
made Layup. Assisted by Torrey Patton.,,2019-20,4.07,1,1,0,0,0,0,0,0,0,0,0,0,0.0,0,0,0,0,0,0,0,0,0,0,0,0
made Layup. Assisted by Tre Gomillion.,,2019-20,0.0,0,0,0,0,0,0,0,0,0,0,0,0,7.15,2,2,0,0,0,0,0,0,0,0,0,0
made Layup. Assisted by Tyrese Potoma.,Edinboro,2019-20,20.0,1,1,0,0,0,0,0,0,0,0,0,0,14.93,0,0,0,0,0,0,0,0,0,0,0,0
made Three Point Jumper.,,2019-20,0.0,48,48,48,48,0,0,0,0,0,0,0,0,8.33,33,33,33,33,0,0,0,0,0,0,0,0
made Three Point Jumper. Assisted by Anthony Edwards.,,2019-20,7.33,1,1,1,1,0,0,0,0,0,0,0,0,0.0,0,0,0,0,0,0,0,0,0,0,0,0
made Three Point Jumper. Assisted by Craig Beaudion.,,2019-20,18.67,3,3,3,3,0,0,0,0,0,0,0,0,0.0,3,3,3,3,0,0,0,0,0,0,0,0
made Three Point Jumper. Assisted by Devante Jackson.,,2019-20,7.68,1,1,1,1,0,0,0,0,0,0,0,0,0.0,0,0,0,0,0,0,0,0,0,0,0,0
made Three Point Jumper. Assisted by Isaiah Miller.,Averett,2019-20,20.0,2,2,2,2,0,0,0,0,0,0,0,0,14.7,0,0,0,0,0,0,0,0,0,0,0,0
made Three Point Jumper. Assisted by Jalen Johnson.,,2019-20,5.48,1,1,1,1,0,0,0,0,0,0,0,0,0.0,0,0,0,0,0,0,0,0,0,0,0,0
made Three Point Jumper. Assisted by James Dickey.,Averett,2019-20,20.0,1,1,1,1,0,0,0,0,0,0,0,0,14.7,0,0,0,0,0,0,0,0,0,0,0,0
made Three Point Jumper. Assisted by Jeremy Sanchez.,,2019-20,2.25,1,1,1,1,0,0,0,0,0,0,0,0,0.0,0,0,0,0,0,0,0,0,0,0,0,0
made Three Point Jumper. Assisted by John-Michael Wright.,,2019-20,4.1,1,1,1,1,0,0,0,0,0,0,0,0,0.0,1,1,1,1,0,0,0,0,0,0,0,0
made Three Point Jumper. Assisted by Kaleb Hunter.,,2019-20,0.0,0,0,0,0,0,0,0,0,0,0,0,0,7.05,2,2,2,2,0,0,0,0,0,0,0,0
made Three Point Jumper. Assisted by Keyford Langley.,Greensboro,2019-20,20.0,1,1,1,1,0,0,0,0,0,0,0,0,14.92,0,0,0,0,0,0,0,0,0,0,0,0
made Three Point Jumper. Assisted by Keyshaun Langley.,,2019-20,9.15,1,1,1,1,0,0,0,0,0,0,0,0,0.0,2,2,2,2,0,0,0,0,0,0,0,0
made Three Point Jumper. Assisted by Kyrin Galloway.,Averett,2019-20,0.0,0,0,0,0,0,0,0,0,0,0,0,0,14.7,1,1,1,1,0,0,0,0,0,0,0,0
made Three Point Jumper. Assisted by Malik Massey.,,2019-20,16.52,1,1,1,1,0,0,0,0,0,0,0,0,0.0,0,0,0,0,0,0,0,0,0,0,0,0
made Three Point Jumper. Assisted by Mohammed Abdulsalam.,,2019-20,6.65,1,1,1,1,0,0,0,0,0,0,0,0,0.0,0,0,0,0,0,0,0,0,0,0,0,0
made Three Point Jumper. Assisted by Te'Jon Lucas.,,2019-20,0.0,0,0,0,0,0,0,0,0,0,0,0,0,0.17,2,2,2,2,0,0,0,0,0,0,0,0
made Two Point Tip Shot.,Youngstown St,2019-20,0.0,1,1,0,0,0,0,0,0,0,0,0,0,20.0,1,1,0,0,0,0,0,0,0,0,0,0
missed Dunk.,UConn,2019-20,20.0,0,3,0,0,0,0,0,0,0,0,0,0,14.98,0,1,0,0,0,0,0,0,0,0,0,0
missed Free Throw.,,2019-20,0.0,0,0,0,0,0,33,0,0,0,0,0,0,19.32,0,0,0,0,0,37,0,0,0,0,0,0
missed Jumper.,,2019-20,0.0,0,306,0,0,0,0,0,0,0,0,0,0,6.3,0,62,0,0,0,0,0,0,0,0,0,0
missed Layup.,,2019-20,9.33,0,180,0,0,0,0,0,0,0,0,0,0,0.0,0,58,0,0,0,0,0,0,0,0,0,0
missed Three Point Jumper.,,2019-20,0.0,0,169,0,169,0,0,0,0,0,0,0,0,8.22,0,197,0,197,0,0,0,0,0,0,0,0
missed Two Point Tip Shot.,,2019-20,1.05,0,1,0,0,0,0,0,0,0,0,0,0,0.0,0,0,0,0,0,0,0,0,0,0,0,0
