player_name,team,season,h1_min,h1_FGM,h1_FGA,h1_3PM,h1_3PA,h1_FTM,h1_FTA,h1_AST,h1_STL,h1_BLK,h1_ORB,h1_DRB,h1_TO,h2_min,h2_FGM,h2_FGA,h2_3PM,h2_3PA,h2_FTM,h2_FTA,h2_AST,h2_STL,h2_BLK,h2_ORB,h2_DRB,h2_TO
- Boyerrichard_William,Western Michigan,2018-19,20.0,1,2,1,2,0,0,1,0,0,1,0,1,17.9,1,2,1,2,0,0,1,0,0,1,0,1
A.J. Banks,Wyoming,2018-19,20.0,29,59,8,20,13,18,0,14,7,4,37,20,19.87,26,49,3,13,26,34,0,14,4,6,40,25
A.J. Caldwell,,2018-19,0.9,15,35,9,21,1,2,0,4,2,1,19,5,0.0,14,35,11,25,0,0,0,0,1,8,9,7
A.J. Frye,NC Wesleyan,2018-19,15.0,4,5,2,2,1,2,0,0,0,0,1,2,20.0,3,4,0,0,4,5,0,1,0,0,5,0
A.J. Hicks,Morehead State,2018-19,20.0,60,167,18,54,35,64,1,30,5,6,39,55,17.62,46,119,16,51,84,119,1,24,7,8,32,38
A.J. John,,2018-19,1.23,19,61,10,41,4,11,0,8,5,9,28,14,0.0,19,60,12,44,5,12,0,6,5,11,26,7
A.J. Lawson,South Carolina,2018-19,20.0,63,154,26,72,23,40,21,13,4,13,46,35,19.2,58,146,22,60,55,75,7,14,3,11,47,34
A.J. Reeves,Providence,2018-19,20.0,41,101,25,65,5,8,3,16,2,5,30,14,19.6,39,84,19,45,25,33,2,8,1,10,23,8
A.J. Turner,Northwestern,2018-19,20.0,41,108,16,55,15,15,8,5,3,1,28,28,20.0,47,101,23,50,24,37,11,12,6,4,33,24
A.J. Walker,Air Force,2018-19,0.0,51,120,20,47,9,12,1,10,1,2,25,27,14.82,41,100,14,36,32,46,0,14,3,2,28,15
AJ Banks,Wyoming,2018-19,20.0,0,0,0,0,0,0,25,0,0,0,0,0,20.0,0,0,0,0,0,0,23,0,0,0,0,0
AJ Brodeur,Pennsylvania,2018-19,20.0,82,169,9,24,22,38,45,18,13,26,82,40,20.0,101,185,7,21,47,81,56,10,25,27,91,35
AJ Caldwell,,2018-19,2.25,0,0,0,0,0,0,9,0,0,0,0,0,0.0,0,0,0,0,0,0,8,0,0,0,0,0
AJ Cheeseman,,2018-19,0.35,32,83,1,8,13,22,5,11,4,9,25,21,0.0,31,70,1,3,25,41,4,5,6,10,17,14
AJ Edu,Toledo,2018-19,20.0,26,53,2,11,22,27,18,7,29,23,36,22,20.0,9,32,2,9,14,21,5,2,24,8,46,16
AJ Farrar,Alabama State,2018-19,0.0,26,39,6,15,15,21,3,1,2,11,34,7,14.93,20,34,2,7,7,14,0,3,8,11,20,2
AJ Frye,NC Wesleyan,2018-19,17.87,0,0,0,0,0,0,2,0,0,0,0,0,20.0,0,0,0,0,0,0,2,0,0,0,0,0
AJ Grant,,2018-19,13.48,1,1,0,0,0,0,0,0,0,0,0,2,0.0,1,2,0,1,0,0,0,0,0,0,1,0
AJ Green,Northern Iowa,2018-19,20.0,72,168,35,77,14,16,39,8,0,4,44,42,20.0,89,223,28,99,40,49,30,7,0,8,34,40
AJ Harris,New Mexico State,2018-19,20.0,48,112,18,60,10,15,49,13,1,6,20,25,19.35,60,136,28,72,21,30,47,16,0,10,21,24
AJ Hicks,Morehead State,2018-19,20.0,0,0,0,0,0,0,87,0,0,0,0,0,17.62,0,0,0,0,0,0,82,0,0,0,0,0
AJ John,UC Davis,2018-19,0.0,0,0,0,0,0,0,14,0,0,0,0,0,17.92,0,0,0,0,0,0,6,0,0,0,0,0
AJ Lawson,South Carolina,2018-19,0.0,0,0,0,0,0,0,26,0,0,0,0,0,19.2,0,0,0,0,0,0,20,0,0,0,0,0
AJ Myers,North Greenville,2018-19,20.0,2,5,0,1,2,2,0,1,0,1,0,0,14.78,1,3,0,0,0,0,0,0,0,0,0,4
AJ Paschal,Wilberforce,2018-19,0.0,0,2,0,0,0,0,0,1,0,0,0,2,14.68,1,3,1,3,0,0,1,0,0,0,3,3
AJ Reeves,Providence,2018-19,20.0,0,0,0,0,0,0,5,0,0,0,0,0,19.6,0,0,0,0,0,0,5,0,0,0,0,0
AJ Sumbry,Wagner,2018-19,19.68,42,83,0,2,23,43,4,2,22,30,62,22,20.0,34,84,0,1,35,55,3,5,18,31,48,17
AJ Turner,Northwestern,2018-19,20.0,0,0,0,0,0,0,26,0,0,0,0,0,20.0,0,0,0,0,0,0,37,0,0,0,0,0
AJ Walker,Air Force,2018-19,10.05,0,0,0,0,0,0,38,0,0,0,0,0,20.0,0,0,0,0,0,0,35,0,0,0,0,0
AJ Walton,Life Pacific,2018-19,20.0,1,4,0,0,2,3,1,1,0,2,0,2,15.03,1,2,1,1,1,2,0,0,0,0,0,0
AJ Wilson,George Mason,2018-19,20.0,20,41,0,2,14,20,1,5,16,16,20,9,20.0,19,32,0,1,14,27,2,10,19,18,17,8
Aamahne Santos,Jacksonville,2018-19,20.0,33,89,22,52,8,9,30,10,1,4,24,23,17.17,28,70,16,48,16,16,36,8,0,5,17,20
Aamir Simms,Clemson,2018-19,20.0,46,101,19,53,10,14,14,11,13,16,52,24,17.78,54,122,19,62,12,16,17,9,10,32,49,17
Aanen Moody,North Dakota,2018-19,20.0,47,114,37,87,4,4,6,11,2,2,22,14,20.0,39,92,32,78,7,8,12,8,2,4,26,14
Aaren Edmead,North Carolina A&T,2018-19,20.0,18,60,11,35,11,15,17,9,0,3,10,22,20.0,19,44,7,18,9,16,15,5,1,2,8,15
Aaron Acosta,Colorado College,2018-19,20.0,0,1,0,1,0,0,1,0,0,0,1,0,14.93,1,5,0,3,0,0,0,0,0,0,0,0
Aaron Augustin,Stephen F. Austin,2018-19,20.0,3,11,1,5,0,0,7,4,0,2,9,7,20.0,2,5,0,3,2,2,15,4,0,1,8,8
Aaron Ayres,,2018-19,5.27,0,1,0,1,0,0,0,0,0,0,0,0,0.0,0,1,0,0,0,0,0,0,0,0,0,0
Aaron Benson,Chillicothe,2018-19,0.0,0,0,0,0,0,0,0,1,0,0,0,1,14.68,2,5,0,2,1,1,0,0,0,0,0,0
Aaron Berry,Simpson University,2018-19,20.0,1,4,0,1,0,0,1,0,0,0,2,1,16.87,0,4,0,1,2,2,0,0,0,0,0,2
Aaron Brookins,William Woods,2018-19,20.0,4,9,3,7,3,3,0,0,0,0,2,0,14.95,1,5,0,2,1,1,0,0,0,0,0,0
Aaron Calixte,Oklahoma,2018-19,20.0,36,96,21,56,5,8,27,5,0,0,32,34,17.92,37,90,11,39,20,25,32,6,0,5,13,21
Aaron Carver,Old Dominion,2018-19,20.0,12,52,0,7,7,17,19,8,8,33,73,12,17.65,20,36,1,2,9,23,10,9,7,46,44,18
Aaron Chapple,Westcliff,2018-19,0.0,0,1,0,0,0,0,0,1,0,0,1,1,14.68,1,2,0,1,0,0,2,0,0,0,1,0
Aaron Clarke,Sacred Heart,2018-19,20.0,38,99,14,45,18,21,23,4,0,3,21,18,18.25,38,98,16,49,30,32,29,3,0,1,17,13
Aaron Cook,Southern Illinois,2018-19,20.0,56,136,19,55,9,19,53,13,4,5,23,34,20.0,51,131,17,51,58,82,56,26,4,10,35,41
Aaron Duhart,Army,2018-19,20.0,16,47,4,18,8,9,33,8,1,2,16,17,20.0,21,49,5,22,4,5,10,2,0,3,14,9
Aaron Edwards,Fort Valley State,2018-19,20.0,2,3,2,3,0,0,0,0,0,0,1,3,14.9,0,1,0,0,2,2,0,0,0,0,0,2
Aaron Falzon,Northwestern,2018-19,0.0,9,26,8,24,0,0,5,3,1,2,14,4,14.87,7,31,6,26,3,3,3,3,3,3,6,6
Aaron Gedeon,Keiser,2018-19,20.0,2,5,0,0,2,2,1,0,0,0,3,1,20.0,0,1,0,0,1,2,0,0,0,0,0,1
Aaron Henry,Michigan State,2018-19,20.0,44,91,7,18,3,8,32,8,8,24,60,21,20.0,40,81,7,20,28,36,25,17,9,15,48,27
Aaron Hobbs,,2018-19,0.0,0,0,0,0,0,0,0,0,0,0,0,0,0.0,0,0,0,0,0,0,0,1,0,0,1,0
Aaron Houle,Northland College,2018-19,20.0,1,2,1,2,0,0,0,0,0,0,1,0,14.98,0,2,0,2,0,0,0,0,0,0,0,0
Aaron Jordan,Illinois,2018-19,20.0,53,128,42,85,16,19,22,15,7,21,60,10,14.98,32,99,20,61,24,32,25,16,6,21,52,16
Aaron Laflin,California Merced,2018-19,20.0,2,3,2,3,0,0,1,0,0,0,1,0,20.0,1,4,0,3,0,0,0,1,0,0,1,0
Aaron Levarity,Milligan,2018-19,20.0,17,28,0,2,3,6,2,3,1,6,13,6,14.83,10,16,1,2,1,1,4,1,2,4,10,1
Aaron Michalak,St. Francis (ILL),2018-19,0.0,0,0,0,0,0,0,0,0,0,0,0,0,19.08,0,0,0,0,0,0,1,0,0,0,0,0
Aaron Munday-Rashid,York,2018-19,20.0,1,5,0,2,0,0,1,0,0,0,1,1,15.25,0,0,0,0,0,0,0,0,0,0,0,1
Aaron Nesmith,Vanderbilt,2018-19,20.0,60,145,29,85,32,40,21,14,7,15,76,28,18.83,45,128,23,77,34,40,19,7,10,16,57,20
Aaron Nettles,Seattle,2018-19,20.0,10,24,7,20,2,2,4,8,0,0,9,4,20.0,9,22,5,16,7,10,5,4,0,2,2,5
Aaron Overhiser,Findlay,2018-19,20.0,1,1,0,0,0,0,2,0,0,0,2,1,14.83,0,7,0,3,0,0,0,0,0,0,0,1
Aaron Palmer,Piedmont,2018-19,0.0,0,0,0,0,0,0,0,0,0,0,0,0,14.88,1,1,1,1,0,0,0,0,0,0,0,1
Aaron Porcil,Sonoma State,2018-19,20.0,4,5,1,1,1,1,0,2,0,0,0,2,15.7,1,2,1,1,0,0,2,0,0,0,0,0
Aaron Ray,Southern,2018-19,20.0,28,88,19,54,21,25,20,15,0,8,38,27,15.05,19,52,5,25,36,44,22,12,1,7,33,20
Aaron Robinson,Quinnipiac,2018-19,20.0,11,40,10,34,0,1,12,4,0,3,25,6,14.85,21,56,16,47,1,11,14,4,1,6,17,11
Aaron Scott,Mid-Atlantic Christian University,2018-19,20.0,5,11,0,0,0,0,0,0,1,4,5,2,14.83,4,7,0,0,2,5,0,0,0,3,1,0
Aaron Spivey,Wake Forest,2018-19,0.0,0,0,0,0,0,0,0,0,0,0,0,0,15.48,0,3,0,3,2,2,0,1,0,0,1,0
Aaron Thompson,Butler,2018-19,20.0,42,76,4,14,9,14,76,13,4,4,33,31,16.43,34,69,5,13,23,35,59,22,5,2,25,32
Aaron Walton,Stephen F. Austin,2018-19,20.0,0,1,0,0,0,0,1,0,0,0,0,0,20.0,0,0,0,0,0,0,0,0,0,0,0,0
Aaron Washington,Huntingdon,2018-19,20.0,0,3,0,1,0,0,0,0,0,0,0,0,14.95,2,5,1,3,0,0,1,0,0,0,1,0
Aaron Weidenaar,Central Arkansas,2018-19,20.0,6,32,5,25,2,2,1,4,3,1,8,4,17.98,5,19,5,18,3,3,4,0,1,0,2,3
Aaron Wheeler,Purdue,2018-19,20.0,37,74,21,48,5,8,8,13,10,17,36,11,18.95,21,51,9,30,9,15,6,4,6,15,29,10
Aaron Wiggins,Maryland,2018-19,20.0,42,122,30,72,4,4,8,9,2,15,35,10,17.92,50,103,28,62,18,21,15,10,4,17,34,16
Aaryn Rai,Dartmouth,2018-19,20.0,27,64,4,20,5,7,8,10,7,15,45,18,20.0,26,60,6,16,26,29,11,6,4,14,48,16
Abayomi Iyiola,Stetson,2018-19,20.0,53,122,0,3,31,38,9,12,19,41,68,20,14.95,64,122,1,4,29,43,5,14,12,38,66,14
Abdoulaye Gueye,Georgia Tech,2018-19,20.0,37,79,1,5,13,23,8,12,8,17,35,19,19.5,31,55,1,4,14,21,15,3,11,15,29,17
Abdoulaye Harouna,Miami (OH),2018-19,20.0,26,61,15,32,7,8,19,6,2,11,26,30,14.8,24,63,8,32,18,22,7,4,1,1,18,16
Abdul Ado,Mississippi State,2018-19,20.0,26,46,0,0,26,37,7,12,21,21,42,20,14.87,22,33,0,0,16,30,6,6,32,29,37,13
Abdul Alatishe,Nicholls,2018-19,20.0,3,9,0,0,1,2,2,2,0,3,8,1,14.97,1,3,0,0,0,2,0,0,1,1,3,1
Abdul Dial,South Alabama,2018-19,20.0,10,19,1,3,4,8,2,2,1,8,12,4,14.95,3,9,0,2,0,0,2,0,1,3,2,1
Abdul Lewis,NJIT,2018-19,20.0,59,144,3,22,31,46,18,6,12,32,78,43,17.82,53,122,5,17,38,59,25,6,7,24,79,36
Abdul Ogunnaike,,2018-19,0.0,0,0,0,0,0,0,0,0,0,0,2,1,0.18,0,1,0,0,0,0,0,0,0,0,0,1
Abdulai Bundu,Quinnipiac,2018-19,20.0,32,53,0,1,15,23,10,8,8,32,41,18,14.85,29,48,0,0,17,26,2,7,11,36,54,12
Abe Kinrade,Air Force,2018-19,20.0,1,4,0,0,0,0,0,0,0,0,3,0,19.52,0,1,0,0,6,7,1,0,0,2,4,1
Abe Kuhn,Oberlin College,2018-19,0.0,0,0,0,0,0,0,0,0,0,0,0,0,16.35,0,2,0,2,0,0,0,0,0,0,0,0
Abel Porter,Utah State,2018-19,20.0,28,58,15,32,17,25,42,14,1,2,38,20,14.9,22,55,13,31,20,29,42,6,1,2,26,25
Abilene Christian,,2018-19,0.0,0,0,0,0,0,0,0,0,0,12,27,6,0.0,0,0,0,0,0,0,0,0,0,16,15,5
Abiola Akintola,Denver,2018-19,20.0,19,34,0,0,6,11,3,6,6,19,29,13,17.95,22,38,0,0,1,15,5,1,10,20,29,12
Aboubacar Diallo,Eastern Illinois,2018-19,0.0,13,20,0,0,0,2,2,8,13,16,20,6,17.98,4,9,0,0,0,0,2,6,10,9,11,5
Abu Kigab,Oregon,2018-19,20.0,1,10,0,6,0,0,4,0,0,2,6,1,20.0,5,9,0,3,2,3,3,0,0,3,6,1
Ace Stallings,Mt. St. Mary's,2018-19,0.0,0,2,0,1,0,0,0,0,2,1,2,1,17.95,1,1,0,0,0,0,0,0,0,0,0,0
Acie Vance,West Alabama,2018-19,19.87,1,3,1,2,5,5,1,1,0,0,1,1,14.68,0,1,0,0,0,0,0,0,0,0,0,2
Adalberto Diaz,NW Nazarene,2018-19,20.0,0,3,0,2,0,0,0,1,0,0,1,1,14.97,2,2,0,0,1,1,0,0,0,0,1,2
Adam Bonk,Wisconsin Parkside,2018-19,20.0,0,3,0,3,0,0,1,0,0,0,0,2,15.58,1,3,0,2,2,2,0,1,0,0,1,0
Adam Dworsky,SE Oklahoma State,2018-19,18.48,2,3,0,1,0,0,3,2,0,1,0,6,20.0,3,8,1,1,4,4,3,1,0,2,3,1
Adam Flagler,Presbyterian,2018-19,20.0,92,209,49,132,26,32,22,11,5,13,45,17,19.8,97,218,56,137,45,53,19,17,4,13,54,24
Adam Goetz,KY Wesleyan,2018-19,20.0,1,5,0,3,0,0,4,0,0,0,0,1,15.73,5,7,1,2,0,0,2,0,0,0,2,2
Adam Gotelli,Life Pacific,2018-19,20.0,3,10,3,7,0,0,0,0,0,0,0,2,15.03,1,3,1,3,0,0,0,0,0,0,0,1
Adam Grant,Bryant,2018-19,20.0,78,183,39,95,13,18,17,15,0,9,26,18,20.0,71,173,38,93,51,62,23,14,2,12,30,26
Adam Horn,Harding,2018-19,20.0,5,10,3,3,0,0,1,0,0,2,3,2,14.85,1,2,0,0,0,0,0,0,0,0,2,1
Adam Kunkel,Belmont,2018-19,20.0,4,10,2,7,5,5,7,2,1,0,4,4,17.27,4,16,2,11,4,6,7,3,1,1,1,3
Adam Lulka,Albany,2018-19,20.0,55,99,7,21,18,20,21,6,8,32,53,21,20.0,45,76,3,11,11,19,10,8,6,30,51,28
Adam Mitola,George Washington,2018-19,15.0,2,4,2,4,0,0,0,0,0,2,1,7,20.0,2,4,2,4,0,0,2,1,0,1,1,0
Adam Phillip,,2018-19,0.0,0,0,0,0,0,0,0,0,0,0,0,0,0.0,0,0,0,0,0,0,0,0,0,0,0,1
Adam Pickett,Winthrop,2018-19,20.0,62,111,16,40,11,18,35,11,2,13,71,47,18.83,66,122,24,45,39,53,43,13,9,18,64,45
Adam Pohlman,Lindenwood,2018-19,20.0,0,3,0,2,0,0,2,1,0,0,1,0,17.87,1,2,0,1,0,0,4,0,0,0,0,0
Adam Poole,Pensacola Christian College,2018-19,20.0,1,2,1,2,0,0,2,1,0,1,2,2,14.87,0,1,0,0,0,0,1,1,0,0,0,1
Adam Rivera,Texas Permian Basin,2018-19,20.0,1,2,0,0,2,3,0,0,0,2,2,2,14.8,3,4,1,1,2,3,0,0,0,1,2,1
Adam Saavedra,Life Pacific,2018-19,0.0,2,4,0,1,2,2,1,2,0,1,4,2,15.03,2,4,0,2,0,0,2,1,0,0,0,1
Adam Saeed,Savannah St,2018-19,20.0,24,51,4,18,10,19,5,4,4,15,12,13,14.92,12,20,0,3,11,21,3,9,6,8,7,6
Adam Seiko,San Diego State,2018-19,20.0,8,18,5,15,5,6,16,8,1,1,15,10,16.88,8,18,8,16,8,12,4,1,0,1,11,7
Adam Sledd,Western Carolina,2018-19,20.0,7,15,0,0,4,9,1,2,0,5,8,6,15.27,6,11,0,0,1,3,1,1,2,5,11,8
Adam Thistlewood,Colorado State,2018-19,20.0,48,111,29,77,11,12,11,5,4,8,31,11,14.83,36,85,22,58,17,26,17,12,5,16,28,15
Adam Webb,Stetson,2018-19,20.0,2,4,0,0,3,4,0,2,3,2,2,9,14.95,4,11,0,0,3,5,1,0,14,11,9,8
Addison Hill,East Carolina,2018-19,20.0,5,9,3,6,2,2,4,5,1,0,13,6,20.0,1,7,1,5,3,4,5,4,1,2,11,2
Ade Murkey,Denver,2018-19,20.0,48,112,7,21,30,36,28,15,2,13,40,21,17.95,61,119,6,16,41,55,30,8,3,22,25,24
Adida Ikongshul,Western Michigan,2018-19,20.0,3,8,1,4,4,6,1,0,0,6,10,8,15.07,1,7,0,1,4,7,5,1,1,7,6,6
Admiral Schofield,Tennessee,2018-19,20.0,93,209,35,80,22,34,35,20,6,18,88,31,14.97,122,246,33,82,36,48,34,9,11,21,80,29
Adokiye Iyaye,,2018-19,4.22,26,50,6,19,12,17,11,5,1,6,20,7,0.0,20,46,4,19,21,28,9,5,1,11,8,5
Adonis Arms,NW Nazarene,2018-19,20.0,2,6,1,3,4,4,1,0,1,0,2,4,14.97,3,6,0,0,3,5,0,0,0,1,3,1
Adonis De La Rosa,Illinois,2018-19,20.0,9,32,0,0,11,16,6,3,1,9,16,11,20.0,4,12,0,0,3,5,1,1,0,5,8,7
Adrease Jackson,Dartmouth,2018-19,20.0,34,80,18,48,8,8,6,3,8,6,34,14,20.0,18,61,2,27,22,30,5,4,5,16,35,5
Adrian Bordallo,Calvary,2018-19,20.0,0,2,0,0,0,0,3,0,0,0,0,4,14.75,0,1,0,1,0,0,0,0,0,0,1,2
Adrian Brown,McNeese,2018-19,0.0,1,3,0,0,0,4,1,0,3,3,4,3,14.87,5,16,0,0,5,9,3,3,0,7,3,1
Adrian Delph,Appalachian State,2018-19,20.0,39,93,16,53,7,10,11,11,3,13,29,21,14.93,44,88,23,50,12,19,14,6,5,11,34,12
Adrian Johnson,,2018-19,0.85,6,7,0,1,2,2,1,1,0,0,4,2,0.0,1,5,0,1,0,0,0,0,0,0,2,1
Adrian Martin,Western Michigan,2018-19,20.0,6,37,4,20,0,0,5,4,0,1,10,7,17.9,9,38,5,23,4,5,4,8,1,5,12,9
Adrian Nelson,Northern Kentucky,2018-19,20.0,14,25,0,0,3,5,5,0,0,13,21,7,15.08,14,21,0,0,10,14,3,4,1,12,19,8
Adrian Palacios,Southwest Assemblies of God,2018-19,20.0,0,7,0,2,0,2,0,0,0,1,1,0,20.0,1,8,1,6,0,0,3,1,0,0,4,2
Adrian Rodriguez,,2018-19,8.9,11,18,0,2,9,12,5,1,3,16,22,8,0.0,9,14,0,0,2,4,3,1,1,5,15,7
Adrian Thomas,Wilson College,2018-19,20.0,0,2,0,1,0,0,0,1,0,2,0,0,17.92,0,1,0,0,0,0,0,0,0,2,0,1
Adrian Williams,William Carey,2018-19,20.0,4,6,0,1,0,0,1,0,0,1,2,3,15.3,3,7,1,3,2,3,4,5,0,1,3,3
Adrio Bailey,Arkansas,2018-19,20.0,32,81,0,5,12,19,14,10,8,14,31,15,17.92,36,78,2,6,22,32,8,13,12,13,31,11
Aguek Arop,San Diego State,2018-19,0.0,20,44,3,10,6,11,11,9,8,19,16,8,14.9,14,29,0,4,10,16,10,6,8,9,21,15
Aguir Agau,Fresno State,2018-19,20.0,18,44,5,18,12,19,5,7,3,10,27,7,14.77,18,37,6,11,3,6,7,3,0,10,11,8
Aher Uguak,Loyola Chicago,2018-19,20.0,34,70,2,12,29,43,22,15,3,12,38,27,14.6,32,58,2,8,22,33,10,14,3,19,40,18
Ahmaad Rorie,Montana,2018-19,20.0,93,188,34,85,17,24,75,18,1,6,53,28,20.0,83,189,25,83,47,55,54,11,1,9,66,20
Ahmad Caver,Old Dominion,2018-19,20.0,80,235,33,119,46,70,83,27,4,7,61,33,17.65,100,238,31,90,58,83,97,18,5,9,65,35
Ahmad Clark,Albany,2018-19,20.0,61,169,32,87,49,61,48,32,5,7,66,50,20.0,71,192,14,69,65,84,66,18,5,7,45,53
Ahmad Frost,Maryland-Eastern Shore,2018-19,20.0,28,85,16,48,4,8,16,5,0,8,23,19,17.87,23,63,10,29,8,16,13,8,0,14,25,10
Ahmad Gilbert,Rider,2018-19,0.0,11,35,6,22,1,1,10,5,1,0,5,6,15.65,9,32,4,16,6,9,7,7,1,5,10,7
Ahmad Muhammad,Illinois Tech,2018-19,20.0,1,1,0,0,0,0,0,0,0,0,0,2,20.0,0,3,0,1,0,0,0,0,0,0,0,0
Ahmed Ali,Washington State,2018-19,20.0,41,100,26,72,8,9,51,9,0,12,21,15,17.45,34,94,18,59,14,19,40,12,1,6,18,23
Ahmed Hill,Virginia Tech,2018-19,20.0,71,181,36,100,16,20,26,11,1,12,59,19,14.78,82,161,34,78,30,38,16,13,1,9,41,24
Ahmed Ismail,IUPUI,2018-19,0.0,41,71,3,5,30,44,16,0,9,30,55,33,17.87,48,77,1,1,28,41,9,3,8,34,45,20
Ahmed Milton,,2018-19,0.0,0,0,0,0,0,0,0,0,0,0,0,0,0.0,0,0,0,0,0,0,0,0,0,0,0,1
Ahsan Asadullah,Lipscomb,2018-19,20.0,42,73,0,0,8,14,8,13,7,22,47,17,20.0,35,72,0,0,22,30,12,5,8,24,29,14
Aidan Saunders,Oral Roberts,2018-19,20.0,19,54,6,20,6,10,10,6,3,6,10,15,14.78,16,52,2,9,13,20,10,4,1,3,12,15
Aidan Waldrum,Birmingham-Southern,2018-19,20.0,1,1,0,0,0,0,0,0,0,1,4,2,14.97,0,0,0,0,0,0,1,0,0,0,0,0
Aidas Kavaliauskas,Fairfield,2018-19,20.0,9,22,3,8,10,12,32,8,0,3,15,23,20.0,17,37,7,21,11,16,34,17,0,0,19,16
Air Force,,2018-19,0.0,0,0,0,0,0,0,0,0,0,15,25,12,0.0,0,0,0,0,0,0,0,0,0,25,15,3
Aj Atwater,Aquinas College,2018-19,0.0,0,0,0,0,0,0,0,0,0,0,0,0,14.97,1,4,1,4,0,0,0,0,0,0,1,0
Aj Clark,Trinity University (TX),2018-19,20.0,1,1,1,1,0,0,1,1,0,0,1,1,17.78,2,4,0,1,0,0,2,0,0,0,3,1
Aj Hodges,Corban University,2018-19,20.0,0,1,0,1,0,0,3,0,0,0,1,2,17.4,2,5,1,1,0,2,1,0,0,0,3,2
Aj Lancaster,,2018-19,0.0,0,0,0,0,0,0,0,0,0,0,1,2,0.0,0,0,0,0,0,0,0,0,0,0,0,0
Ajani Kennedy,UC Riverside,2018-19,0.0,27,54,10,24,3,5,14,6,2,13,29,13,17.62,29,53,12,22,9,15,6,6,2,10,38,14
Ajare Sanni,Pacific,2018-19,0.0,19,62,9,29,5,6,11,7,1,0,10,10,14.93,17,52,10,28,10,15,8,2,0,3,10,5
Ajay Sanders,Coastal Carolina,2018-19,20.0,42,114,29,80,13,18,22,13,1,21,50,19,20.0,41,99,21,64,20,30,15,10,4,26,50,18
Ajiri Ogemuno-Johnson,Rider,2018-19,0.0,12,22,0,1,3,8,1,0,3,11,9,14,14.75,7,11,0,0,9,11,2,2,3,11,5,3
Akiean Frederick,Kent State,2018-19,20.0,29,64,2,12,11,17,9,10,6,30,31,9,20.0,40,62,1,5,15,17,12,10,8,26,29,13
Akiem Daschner,Texas State,2018-19,20.0,0,4,0,1,1,4,3,1,1,3,8,2,14.77,5,14,2,7,1,4,2,4,0,3,10,4
Akil McClain,IU-Kokomo,2018-19,20.0,2,4,1,1,0,0,0,1,0,0,0,0,14.92,2,4,1,1,0,0,1,0,0,0,2,1
Akim Mitchell,Hampton,2018-19,20.0,55,104,20,43,18,19,21,13,2,23,51,17,19.05,57,109,13,38,31,40,14,19,0,30,58,11
Akim-Jamal Jonah,San Diego,2018-19,20.0,1,2,0,0,1,3,2,0,1,3,3,2,14.93,0,5,0,0,0,1,1,0,1,3,2,1
Ako Adams,Rice,2018-19,20.0,43,118,31,82,14,15,40,10,0,2,35,33,17.73,63,141,39,97,49,55,36,7,1,2,41,36
Akoy Agau,Louisville,2018-19,20.0,5,13,0,0,9,13,0,1,1,7,9,6,14.9,2,11,0,0,6,8,1,0,2,9,7,3
Akron,,2018-19,0.0,0,0,0,0,0,0,0,0,0,18,28,0,0.0,0,0,0,0,0,0,0,0,0,19,29,5
Akuwovo Ogheneyole,Howard,2018-19,20.0,19,47,0,3,13,18,3,3,8,27,45,14,20.0,26,37,0,0,13,18,3,3,9,27,30,7
Akwasi Yeboah,Stony Brook,2018-19,17.68,81,212,29,98,41,55,28,14,7,22,79,38,20.0,94,210,32,98,48,60,16,13,7,24,99,38
Al Ervin,SE Oklahoma State,2018-19,15.0,2,3,0,1,0,0,5,0,0,0,4,2,20.0,0,1,0,0,0,0,2,0,0,0,0,1
Alabama,,2018-19,0.0,0,0,0,0,0,0,0,0,0,24,29,3,0.0,0,0,0,0,0,0,0,0,0,26,26,9
Alabama A&M,,2018-19,0.0,0,0,0,0,0,0,0,0,0,27,20,5,0.0,0,0,0,0,0,0,0,0,0,16,22,4
Alabama State,,2018-19,0.0,0,0,0,0,0,0,0,0,0,29,23,4,0.0,0,0,0,0,0,0,0,0,0,21,19,3
Alan Dabney,Shenandoah,2018-19,20.0,2,6,2,5,1,2,1,0,0,1,3,1,14.95,0,1,0,1,1,2,1,0,0,1,0,1
Alan Griffin,Illinois,2018-19,20.0,12,40,6,24,7,13,6,3,3,12,18,13,20.0,12,27,4,14,2,2,5,4,2,10,7,9
Alan Lang,Weber State,2018-19,20.0,0,1,0,0,0,0,0,0,0,0,0,0,20.0,0,0,0,0,0,0,0,0,0,0,0,0
Alan Vest,Wright State,2018-19,20.0,32,69,13,33,5,7,17,14,1,14,47,15,15.27,26,51,11,24,15,20,13,11,1,16,50,12
Alani Moore II,Temple,2018-19,20.0,26,69,14,43,4,6,25,12,0,6,17,13,17.68,14,39,11,26,15,19,15,10,0,3,4,8
Alanzo Frink,South Carolina,2018-19,20.0,14,37,2,6,3,10,2,5,7,10,16,13,20.0,9,19,0,2,6,12,1,2,0,12,7,2
Alaska Anchorage,,2018-19,0.0,0,0,0,0,0,0,0,0,0,3,0,0,0.0,0,0,0,0,0,0,0,0,0,1,0,1
Albany,,2018-19,0.0,0,0,0,0,0,0,0,0,0,19,23,10,0.0,0,0,0,0,0,0,0,0,0,23,15,8
Albert Almanza,Sam Houston State,2018-19,20.0,42,109,22,67,7,10,16,18,4,17,31,7,17.95,22,61,14,41,18,19,10,2,6,12,25,11
Albert Odero,Binghamton,2018-19,20.0,10,22,1,6,0,1,1,1,0,4,3,6,20.0,6,14,2,4,3,5,0,1,3,4,4,3
Albion College,,2018-19,0.0,0,0,0,0,0,0,0,0,0,1,0,0,0.0,0,0,0,0,0,0,0,0,0,0,0,0
Alcorn State,,2018-19,0.0,0,0,0,0,0,0,0,0,0,12,24,6,0.0,0,0,0,0,0,0,0,0,0,14,8,2
Alec Andrews,,2018-19,6.38,0,0,0,0,2,2,1,3,0,0,1,1,0.0,3,5,0,2,0,0,4,1,0,0,2,1
Alec Barba,Willamette,2018-19,20.0,1,2,1,2,1,2,0,0,0,1,2,1,14.9,1,3,1,3,0,0,0,0,0,0,0,2
Alec Downes,SUNY Maritime,2018-19,0.0,0,0,0,0,0,0,0,0,0,0,0,0,14.93,0,1,0,1,0,0,0,0,0,1,0,1
Alec Lewis,Washington College (MD),2018-19,20.0,1,3,0,0,1,1,2,0,0,0,0,0,14.93,0,2,0,2,0,0,1,0,0,0,2,0
Alec Vucinich,,2018-19,0.0,0,0,0,0,0,0,0,0,0,0,4,1,4.4,0,1,0,1,0,0,1,0,0,0,0,0
Aleem Ford,Wisconsin,2018-19,20.0,12,51,8,41,3,3,8,3,1,3,17,11,17.73,20,44,14,34,1,1,1,4,3,7,26,3
Aleer Leek,UMKC,2018-19,20.0,13,32,4,10,8,10,3,2,1,4,14,16,14.6,7,18,1,2,5,7,2,1,6,3,16,5
Aleks Abrams,Miami (OH),2018-19,20.0,9,23,0,0,2,6,2,3,12,26,25,11,14.8,7,12,0,0,2,5,3,2,7,18,17,3
Aleksa Koracin,Mississippi Valley State,2018-19,20.0,11,32,0,0,2,3,2,0,1,6,28,6,14.77,6,13,0,0,4,6,3,1,0,6,9,1
Aleksa Matic,North Alabama,2018-19,20.0,3,16,2,12,4,4,2,1,0,0,1,2,20.0,1,8,1,6,0,0,0,1,0,0,1,2
Aleksa Popovic,Cleveland State,2018-19,20.0,3,5,1,2,0,0,0,0,0,2,4,2,20.0,1,5,0,3,1,2,0,0,1,1,3,1
Aleksandar Cosic,Blue Mountain College,2018-19,0.0,0,0,0,0,0,0,0,0,0,0,1,0,14.9,0,4,0,1,0,0,0,1,0,1,1,0
Aleksandar Dozic,Marist,2018-19,20.0,36,77,13,36,6,8,30,10,7,9,34,21,20.0,38,86,10,35,13,16,26,6,7,16,36,19
Aleksandar Zecevic,Florida Atlantic,2018-19,0.0,36,64,2,4,4,6,3,5,2,15,35,18,17.7,23,46,0,5,8,12,6,2,8,15,31,9
Alessandro Lever,Grand Canyon,2018-19,20.0,64,168,17,57,26,34,21,10,1,13,47,23,20.0,72,141,20,49,51,67,22,4,1,24,48,25
Alex Arellano,,2018-19,7.78,3,5,1,2,0,0,1,1,0,0,2,3,0.0,2,2,0,0,0,0,1,1,1,0,2,1
Alex Arians,South Dakota State,2018-19,20.0,33,62,11,24,16,20,39,9,0,9,62,15,17.72,34,63,7,24,14,17,24,11,1,14,62,15
Alex Barcello,Arizona,2018-19,20.0,9,27,5,17,10,10,6,5,0,1,9,6,14.9,16,37,8,21,4,4,4,3,0,1,11,3
Alex Cage,Texas Lutheran,2018-19,20.0,3,5,0,0,0,0,0,0,0,0,1,4,20.0,3,8,2,5,0,0,1,0,0,1,1,1
Alex Caldwell,SE Missouri St,2018-19,20.0,28,62,17,38,3,6,16,9,2,4,14,20,18.57,28,59,8,24,19,24,15,11,3,4,11,8
Alex Christie,Stony Brook,2018-19,20.0,1,5,0,0,0,0,1,1,0,3,2,2,16.25,3,4,0,0,0,0,0,0,0,3,2,2
Alex Cluff,Northwestern Ohio,2018-19,0.0,0,0,0,0,0,0,0,0,0,0,0,0,14.98,1,2,0,1,0,0,0,0,0,0,0,1
Alex Comanita,Northwestern State,2018-19,20.0,4,14,2,11,3,7,0,2,0,0,8,9,14.95,5,7,3,5,2,3,2,1,0,0,4,4
Alex Conrad,Hendrix College,2018-19,20.0,2,4,0,0,3,4,0,0,0,1,3,0,14.87,2,5,0,0,1,2,0,0,0,3,0,0
Alex Constandars,,2018-19,0.0,0,0,0,0,0,0,0,0,0,0,0,0,0.0,0,0,0,0,0,0,0,0,0,2,0,0
Alex Copeland,Yale,2018-19,16.25,73,148,13,32,24,26,51,17,0,7,25,23,20.0,65,122,10,29,41,54,44,19,0,3,30,23
Alex Dehoyos,Schreiner,2018-19,20.0,1,2,1,2,2,2,0,0,0,0,1,1,14.78,1,1,1,1,0,0,0,0,0,0,0,0
Alex Doche,Huston-Tillotson,2018-19,20.0,8,17,3,6,2,2,2,0,0,7,5,3,16.73,4,6,2,3,2,4,1,0,0,1,1,2
Alex Eberhard,Wabash College,2018-19,20.0,1,3,0,0,0,0,0,0,0,0,0,0,15.08,0,0,0,0,0,3,0,0,0,0,2,1
Alex Ennis,Southern,2018-19,20.0,19,36,0,0,4,10,4,6,4,12,21,12,15.05,22,29,0,0,8,14,0,4,4,9,30,15
Alex Epps-Ortiz,Rosemont College,2018-19,20.0,4,7,0,1,0,0,3,0,0,0,3,1,14.93,2,2,1,1,0,0,0,0,0,0,1,0
Alex Floresca,San Diego,2018-19,19.07,28,64,3,15,20,31,23,8,4,20,47,25,17.93,33,54,5,13,25,39,20,6,5,9,30,13
Alex Foree,Tulsa,2018-19,20.0,0,1,0,1,0,0,1,0,0,0,0,0,19.55,0,0,0,0,0,0,0,0,0,0,0,0
Alex Francis,Harding,2018-19,20.0,0,2,0,2,0,0,0,0,0,0,1,0,14.85,0,0,0,0,0,0,0,0,0,1,1,1
Alex Garcia,CSU Dominguez Hills,2018-19,20.0,0,4,0,4,3,5,1,0,0,1,2,0,14.88,3,5,1,2,0,0,2,2,0,0,0,0
Alex Hicks,Troy,2018-19,20.0,74,146,11,36,20,38,7,9,14,38,83,35,14.9,58,116,9,29,44,67,14,11,13,35,75,29
Alex Hobbs,Boise State,2018-19,20.0,66,133,25,52,12,14,23,10,1,4,38,20,20.0,59,129,8,36,41,46,31,11,0,3,50,22
Alex Hofer,Midway,2018-19,0.0,0,0,0,0,0,0,0,0,0,0,0,0,14.8,0,2,0,0,0,0,0,0,0,0,2,0
Alex Holcombe,Youngstown St,2018-19,0.0,8,13,0,0,2,5,0,1,6,6,5,2,15.87,6,10,0,0,0,1,0,1,5,5,6,1
Alex Horvath,Shenandoah,2018-19,20.0,0,1,0,0,0,0,0,0,0,0,1,0,14.95,1,2,1,2,0,0,0,0,0,0,0,1
Alex Hunter,Furman,2018-19,20.0,43,104,25,73,4,4,47,13,1,1,49,15,14.93,48,108,26,62,18,24,50,16,0,13,41,21
Alex Imegwu,,2018-19,0.0,0,0,0,0,0,0,0,0,0,0,0,0,0.0,0,0,0,0,0,0,0,0,0,0,1,0
Alex Ionesco,,2018-19,0.0,0,0,0,0,0,0,0,0,0,0,0,0,0.0,0,0,0,0,0,0,0,0,0,2,0,0
Alex Jones,Lipscomb,2018-19,20.0,3,9,0,4,2,5,11,14,0,0,12,6,20.0,3,14,0,6,2,3,11,3,0,1,6,3
Alex King,Army,2018-19,20.0,44,120,18,61,9,11,17,5,5,15,32,20,20.0,39,99,15,55,15,21,16,6,5,13,37,20
Alex Lomax,Memphis,2018-19,20.0,24,72,4,15,22,26,44,17,0,15,33,25,20.0,28,75,2,15,24,37,31,14,3,15,29,29
Alex Long,Norfolk State,2018-19,20.0,51,124,0,1,13,25,13,7,15,24,60,34,14.87,61,113,1,1,25,49,14,12,10,28,41,26
Alex Mata,Howard Payne,2018-19,0.0,0,3,0,0,0,0,1,1,0,1,0,4,14.97,3,6,1,3,0,1,0,0,0,0,1,3
Alex Medina,Mount St. Vincent,2018-19,20.0,0,0,0,0,0,1,0,0,0,0,0,0,14.93,0,0,0,0,4,5,0,1,0,0,1,0
Alex Movila,Fontbonne College,2018-19,0.0,0,0,0,0,0,0,0,0,0,0,0,0,14.9,0,1,0,0,0,0,1,0,0,0,0,0
Alex Mudronja,Saint Mary's,2018-19,0.0,1,2,1,2,0,0,1,0,0,0,1,1,18.02,3,10,0,4,0,3,1,2,0,0,2,6
Alex O'Connell,Duke,2018-19,20.0,21,49,10,32,4,6,7,9,0,7,13,11,14.78,22,46,13,31,12,15,7,10,0,7,27,13
Alex Olesinski,UCLA,2018-19,0.0,6,19,1,10,5,7,1,4,2,11,16,5,16.12,6,9,3,5,4,5,1,3,3,2,11,0
Alex Peacock,Texas State,2018-19,20.0,35,98,12,46,10,11,25,15,5,24,52,18,14.77,36,72,15,33,20,29,24,10,7,22,53,16
Alex Petrie,Lafayette,2018-19,16.8,74,181,39,92,10,15,16,5,1,6,27,17,20.0,75,181,24,66,41,48,15,2,0,3,18,14
Alex Priftis,Governors State,2018-19,0.0,0,0,0,0,0,0,0,0,0,0,0,0,14.72,0,1,0,0,0,0,0,0,0,0,0,1
Alex Reed,The Citadel,2018-19,20.0,28,73,9,31,15,22,24,11,9,19,37,14,17.78,22,57,11,32,10,19,14,5,3,9,29,13
Alex Reese,Alabama,2018-19,20.0,32,78,18,43,13,15,6,5,4,8,23,9,15.05,18,44,6,19,22,32,4,5,7,14,21,12
Alex Rivera,UMass Lowell,2018-19,15.0,48,113,31,83,10,19,22,8,3,7,35,19,20.0,38,101,22,73,24,32,20,10,2,13,33,15
Alex Robinson,TCU,2018-19,20.0,85,181,17,55,35,53,129,29,4,5,64,65,20.0,74,192,21,63,46,71,110,19,8,8,62,53
Alex Rogers Jr,Buena Vista,2018-19,0.0,0,0,0,0,0,0,0,0,0,0,0,0,14.58,1,4,0,1,0,0,1,0,0,0,1,0
Alex Sanchez,Massachusetts-Boston,2018-19,20.0,0,2,0,1,0,0,1,0,0,0,0,2,14.9,2,7,0,1,0,0,0,0,0,0,0,1
Alex Sikorski,Western New England,2018-19,20.0,0,9,0,7,0,0,0,0,0,2,4,0,15.27,3,10,2,7,0,0,1,0,0,1,2,0
Alex Smith,Northwest University,2018-19,20.0,3,5,2,2,0,0,1,0,1,0,1,1,14.83,1,4,0,0,2,2,0,0,0,1,2,0
Alex Sokol,CSU Northridge,2018-19,20.0,2,8,2,6,0,0,2,0,0,0,3,2,20.0,1,9,1,9,2,2,2,2,0,0,1,0
Alex Stanley,Mid-Atlantic Christian University,2018-19,20.0,3,12,0,0,0,0,1,0,0,1,6,3,14.83,5,11,0,1,4,5,2,0,0,3,3,2
Alex Thomas,Towson,2018-19,20.0,12,36,0,2,6,9,2,4,11,10,14,19,14.75,19,41,2,3,12,14,7,5,9,15,19,7
Alex VanCrete,Wisconsin Lutheran,2018-19,20.0,1,1,0,0,0,0,2,0,0,0,2,0,14.93,1,5,0,0,0,0,0,3,1,2,2,2
Alex Vilarino,Boston University,2018-19,20.0,38,84,6,16,4,12,31,13,6,2,29,17,20.0,43,73,1,4,35,45,26,12,3,5,20,20
Alex Watson,Sacred Heart,2018-19,20.0,2,3,1,1,0,0,0,0,0,0,0,0,15.27,0,0,0,0,0,0,0,0,0,0,1,0
Alex White,Findlay,2018-19,20.0,1,2,1,1,0,0,2,0,0,3,3,1,14.83,1,4,0,0,0,0,1,0,0,0,0,0
Alexander Strating,Colorado,2018-19,20.0,14,20,0,0,5,11,3,1,1,8,10,7,14.87,7,10,0,0,4,7,4,1,0,4,4,4
Alexis Yetna,South Florida,2018-19,20.0,85,165,10,28,45,68,23,16,12,73,102,26,17.73,74,127,18,41,38,62,11,11,9,39,116,27
Alfred Batmani,California Merced,2018-19,20.0,1,1,0,0,0,0,0,0,0,0,1,0,20.0,0,0,0,0,0,0,0,0,0,0,1,0
Alfred Hollins,Oregon State,2018-19,20.0,24,64,6,26,13,21,16,9,3,12,40,28,17.18,24,63,5,23,15,26,14,5,4,19,34,11
Algevon Eichelberger,Cleveland State,2018-19,20.0,30,76,1,1,19,35,10,4,12,32,25,26,17.1,27,48,0,0,21,42,7,6,4,19,21,17
Alhassan Barrie,Goshen College,2018-19,20.0,4,5,0,0,0,0,1,3,0,2,1,3,14.72,0,0,0,0,0,0,0,0,0,1,0,1
Alihan Demir,Drexel,2018-19,20.0,75,152,8,29,17,28,46,5,7,20,64,42,20.0,93,174,10,33,55,75,41,10,7,25,69,38
Alijah Thomas,McKendree,2018-19,20.0,3,3,0,0,3,6,3,1,0,0,1,0,17.45,2,5,1,3,2,4,1,0,0,0,2,1
Alize Travis,Northern Illinois,2018-19,19.57,0,0,0,0,1,2,3,1,0,0,3,3,20.0,0,1,0,1,0,0,3,0,1,0,4,2
Alja Kunc,,2018-19,10.15,7,14,2,7,0,1,2,1,2,1,5,3,0.0,5,10,0,2,1,1,1,4,0,2,4,3
Aljami Durham,Indiana,2018-19,20.0,46,108,24,60,25,31,25,6,5,1,32,22,14.95,40,103,13,45,25,37,25,10,5,4,20,18
Aljaz Kunc,Washington State,2018-19,20.0,9,20,5,12,0,0,5,1,3,3,10,11,14.95,7,16,4,8,6,8,4,7,2,3,20,5
Allante Holston,Indiana State,2018-19,20.0,34,66,3,7,4,6,15,10,1,17,25,16,20.0,13,31,0,2,16,22,10,9,4,13,31,18
Allen,,2018-19,0.0,0,0,0,0,0,0,0,0,0,0,3,0,0.0,0,0,0,0,0,0,0,0,0,2,2,0
Allen Anderson,Bemidji State,2018-19,20.0,1,1,0,0,0,0,1,0,0,0,0,1,14.97,0,1,0,1,0,0,0,0,0,0,0,1
Allen Betrand,Towson,2018-19,20.0,28,75,6,23,6,8,14,8,2,7,25,15,14.75,17,50,5,18,11,15,10,5,2,6,18,8
Allen Hatchett Jr,South Carolina State,2018-19,0.0,0,0,0,0,0,0,4,0,0,0,0,0,16.17,0,0,0,0,0,0,7,0,0,0,0,0
Allen Hatchett Jr.,South Carolina State,2018-19,20.0,16,48,10,32,6,9,0,5,4,6,15,6,16.17,4,22,2,14,6,9,0,4,2,4,12,7
Allen Morris,East-West University,2018-19,20.0,0,2,0,1,0,0,1,0,0,0,2,3,14.8,4,7,2,4,2,2,0,1,1,0,0,2
Allin Blunt,UMass Lowell,2018-19,15.0,23,54,5,11,12,21,15,3,2,16,20,16,20.0,14,33,2,10,14,23,6,3,1,3,16,11
Alon Peres,Northland College,2018-19,20.0,0,1,0,0,0,0,0,0,0,0,0,0,14.98,0,1,0,1,2,2,0,0,0,0,0,0
Alonge Mcclain,Southeastern Baptist College,2018-19,20.0,0,1,0,1,0,0,0,0,0,0,0,0,14.82,0,1,0,1,0,1,0,0,0,0,1,0
Alonzo Campbell,Alcorn State,2018-19,20.0,16,34,0,1,3,5,1,2,8,10,13,7,18.08,9,14,0,0,13,21,1,4,3,4,10,8
Alonzo Sule,Texas State,2018-19,20.0,25,46,0,1,19,29,4,3,2,27,27,16,14.77,27,49,0,0,12,20,5,1,4,25,32,9
Alonzo Taylor,Holy Names,2018-19,20.0,1,5,0,1,1,1,0,0,0,1,2,4,17.73,1,3,1,2,0,0,0,0,0,0,0,0
Alonzo Walker,Idaho State,2018-19,20.0,43,88,1,3,29,40,15,9,9,32,43,18,14.48,36,65,3,6,9,15,9,10,5,26,33,13
Alou Dillon,South Dakota State,2018-19,20.0,3,5,0,1,2,4,1,1,1,4,5,2,20.0,5,12,0,1,1,1,2,0,0,2,3,1
Alperen Kurnaz,Denver,2018-19,20.0,10,25,6,12,3,4,5,1,0,5,20,10,17.95,7,16,3,8,11,14,1,5,1,8,17,6
Alpha Diallo,Providence,2018-19,20.0,85,196,20,51,54,76,55,30,7,38,81,53,19.6,83,196,19,59,88,127,47,24,10,43,93,37
Alpha Okoli,St. Bonaventure,2018-19,15.0,4,13,2,7,0,2,4,4,1,6,14,7,20.0,4,19,1,7,4,6,1,3,1,7,5,2
Alterique Gilbert,UConn,2018-19,20.0,41,117,14,53,12,16,39,11,3,3,28,24,20.0,47,123,15,52,36,45,32,15,0,4,26,27
Alvin West,Wilmington (DE),2018-19,20.0,0,0,0,0,0,0,1,0,0,0,1,0,14.98,0,0,0,0,0,0,0,0,0,0,0,0
Amadi Ikpeze,St. Bonaventure,2018-19,15.0,15,40,0,0,9,14,0,2,6,16,38,15,20.0,8,20,0,0,7,13,2,3,0,3,12,5
Amadou Sow,UC Santa Barbara,2018-19,20.0,74,130,0,0,30,42,10,5,8,39,61,35,19.87,65,119,1,5,57,77,3,11,15,36,64,24
Amanze Ngumezi,Georgia,2018-19,20.0,16,47,3,15,11,17,2,0,4,7,9,3,14.92,4,12,3,6,4,10,4,0,0,4,4,9
Amanze Njoku-Ibe,Texas Permian Basin,2018-19,20.0,1,2,0,0,1,4,0,0,0,2,4,0,14.8,0,0,0,0,0,0,0,0,0,1,1,0
Amari Goulbourne,Alabama A&M,2018-19,20.0,5,11,4,7,2,4,8,2,0,1,2,7,14.75,5,11,2,7,4,6,7,2,0,3,9,6
Amari Green,Humboldt State,2018-19,20.0,0,4,0,0,0,0,0,0,0,0,2,0,14.73,0,0,0,0,0,0,2,0,0,0,0,1
Amari Hamilton,North Carolina A&T,2018-19,20.0,15,39,10,23,1,1,2,2,0,0,2,6,19.6,19,54,10,36,8,11,3,2,1,2,10,9
Amari Haynes,New Orleans,2018-19,20.0,26,56,0,1,7,9,9,7,2,19,9,22,14.87,13,25,0,0,8,13,0,5,2,4,13,15
Amari Kelly,Duquesne,2018-19,20.0,16,35,1,4,0,2,6,3,8,15,14,19,20.0,11,27,0,4,3,8,2,4,12,13,17,12
Amaru Bryant,Savannah St,2018-19,20.0,0,6,0,3,0,0,1,0,0,1,1,0,14.92,0,0,0,0,0,0,0,0,0,0,1,1
Amauri Hardy,UNLV,2018-19,20.0,62,150,20,61,21,30,44,11,2,3,32,28,20.0,66,146,21,62,50,73,56,9,3,10,40,31
Ameer Bennett,Delaware State,2018-19,20.0,32,93,3,15,17,24,7,3,12,30,41,34,15.88,41,91,3,15,28,43,5,6,7,14,31,17
Ameer Biddle,Penn State Wilkes-Barre,2018-19,20.0,0,0,0,0,0,0,1,0,0,0,1,0,15.97,1,2,0,0,0,0,0,0,1,0,2,1
Ameka Akaya,Air Force,2018-19,20.0,20,36,6,10,1,3,9,4,0,2,20,16,14.82,22,40,2,8,7,9,3,0,0,4,18,9
Amel Kuljuhovic,CSU Fullerton,2018-19,0.0,7,16,1,2,3,6,3,2,3,3,15,4,10.0,5,11,0,1,2,3,1,1,0,1,10,3
American,,2018-19,0.0,0,0,0,0,0,0,0,0,0,29,17,6,0.0,0,0,0,0,0,0,0,0,0,20,10,7
Ami Lakoju,UC Santa Barbara,2018-19,20.0,18,27,0,0,7,14,3,2,7,16,17,9,14.68,11,23,0,0,12,17,1,4,2,15,9,4
Amidou Bamba,,2018-19,4.27,43,68,0,0,11,31,11,6,9,21,43,20,0.0,28,68,0,0,13,24,3,2,10,23,29,15
Amir Allen,Milwaukee,2018-19,20.0,38,69,0,1,14,27,11,7,11,25,43,10,20.0,33,56,0,0,22,39,8,2,17,28,25,10
Amir Coffey,Minnesota,2018-19,20.0,73,179,24,63,41,54,50,10,4,12,42,36,18.18,89,200,12,52,77,109,35,14,2,8,42,30
Amir Harris,Nebraska,2018-19,20.0,13,22,0,0,2,5,7,5,5,5,20,12,15.23,4,10,0,0,2,5,6,4,3,2,16,2
Amir Hicks,Saint Peter's,2018-19,20.0,0,2,0,2,0,0,2,0,2,1,1,2,20.0,1,2,1,1,0,0,0,0,0,0,0,1
Amir Warrick,Chestnut Hill College,2018-19,20.0,4,4,2,2,1,4,1,1,0,0,2,0,19.07,0,3,0,0,2,2,1,2,0,0,1,1
Amorie Archibald,Louisiana Tech,2018-19,20.0,54,150,27,77,11,16,49,9,6,11,43,26,20.0,57,134,24,67,35,53,45,12,3,10,56,29
Anand Hundal,Seattle,2018-19,0.0,4,12,4,11,0,0,4,1,5,2,10,3,16.07,3,10,0,6,1,3,1,0,5,2,7,2
Anastasios Demogerontas,Northern Illinois,2018-19,17.67,3,7,1,4,4,6,1,0,0,2,3,4,20.0,1,7,1,5,2,2,1,1,0,1,3,1
Ander Perez,Northwestern Ohio,2018-19,20.0,2,3,0,0,0,0,0,0,2,2,4,0,14.98,0,2,0,0,0,0,0,0,0,0,3,1
Anders Nymo,,2018-19,0.0,0,0,0,0,0,0,0,1,0,0,1,2,0.0,0,0,0,0,0,0,0,0,0,0,0,1
Anderson McCoy,UAB,2018-19,0.0,0,5,0,4,0,0,1,0,0,1,3,4,14.68,4,6,3,5,0,0,2,0,0,0,2,1
Andi Vrapcani,Texas Lutheran,2018-19,0.0,0,0,0,0,0,0,0,0,0,0,0,0,20.0,0,1,0,1,0,2,0,0,0,2,0,0
Andre Adams,Southern Utah,2018-19,20.0,57,106,1,6,21,32,16,6,10,21,80,39,14.6,69,112,1,4,28,45,17,14,13,26,72,41
Andre Allen,Life Pacific,2018-19,20.0,0,5,0,3,4,5,2,2,0,0,1,1,15.03,1,5,0,2,0,0,2,1,0,0,2,3
Andre Ball,Pepperdine,2018-19,20.0,19,49,6,25,7,13,4,2,4,10,19,6,14.88,13,27,6,12,1,6,3,1,4,4,12,7
Andre Campbell,Oberlin College,2018-19,20.0,0,6,0,0,0,0,0,0,1,1,3,1,16.35,1,3,0,0,0,0,0,0,0,1,2,0
Andre Charles Jr.,Houston Baptist,2018-19,0.0,0,0,0,0,0,0,0,0,2,0,0,0,14.93,0,1,0,1,0,0,0,0,0,0,0,0
Andre Green,Holy Names,2018-19,20.0,4,12,3,5,5,7,3,0,1,1,2,1,17.73,3,6,1,2,2,4,0,1,0,1,3,1
Andre Gustavson,Richmond,2018-19,20.0,24,55,8,19,9,12,19,13,6,15,22,15,14.98,27,57,7,26,9,16,24,19,3,7,21,6
Andre Jackson,North Carolina A&T,2018-19,20.0,7,27,2,15,3,6,8,3,0,2,12,10,20.0,18,36,10,21,8,12,3,0,1,0,9,10
Andre Kelly,California,2018-19,20.0,32,58,2,3,21,28,2,8,6,11,50,15,19.05,31,54,0,0,27,39,4,4,8,18,24,8
Andre Kennedy,Alabama A&M,2018-19,20.0,66,129,0,4,20,32,6,12,7,20,56,26,17.73,68,127,1,2,35,48,19,7,5,22,40,35
Andre Peguero,Elms College,2018-19,20.0,1,2,0,0,0,0,0,0,0,0,4,1,15.38,0,1,0,0,0,0,0,0,0,0,0,1
Andre Rafus Jr.,Eastern Michigan,2018-19,20.0,3,4,1,2,0,0,0,0,0,0,0,1,17.85,0,2,0,2,0,0,0,1,1,0,3,1
Andre Toure,Howard,2018-19,20.0,21,48,2,7,4,18,7,6,5,8,20,11,20.0,13,24,1,4,6,10,5,4,4,11,16,11
Andre Washington,UL Monroe,2018-19,20.0,33,63,0,1,19,31,7,3,7,49,57,16,14.92,23,38,0,0,17,30,8,5,2,29,39,12
Andre Wesson,Ohio State,2018-19,20.0,48,114,13,48,28,37,30,10,5,27,49,34,20.0,51,111,22,55,27,38,29,9,9,18,43,27
Andre Wilson,Dixie State,2018-19,20.0,1,1,1,1,0,0,1,0,0,0,0,1,20.0,1,3,1,3,6,6,3,1,0,0,0,0
Andre Wolford,St. Francis (PA),2018-19,20.0,40,111,30,79,23,26,6,11,4,4,32,16,18.65,36,97,28,79,13,13,7,10,4,7,25,9
Andreaj K,Mobile,2018-19,20.0,0,0,0,0,0,0,1,0,0,0,0,0,17.05,0,0,0,0,0,0,1,0,0,0,0,0
Andreaj K.,Mobile,2018-19,20.0,0,1,0,1,0,0,0,0,0,0,0,0,17.05,0,0,0,0,0,0,0,1,0,1,0,0
Andres Feliz,Illinois,2018-19,20.0,47,102,6,22,26,33,49,18,1,4,30,29,14.98,52,114,5,17,41,55,26,16,0,16,44,25
Andres Ibarguen,UT Arlington,2018-19,20.0,39,64,0,1,18,29,8,8,7,43,41,21,17.93,25,39,0,0,14,26,9,5,5,31,45,14
Andres Peralta-Werns,Brescia,2018-19,20.0,1,2,1,2,0,2,0,0,0,0,1,1,14.95,1,3,0,1,0,0,0,0,0,0,0,3
Andrew Aiken,Regent University,2018-19,20.0,0,1,0,0,0,0,1,0,0,0,4,2,14.98,7,12,1,3,3,4,0,0,0,0,3,2
Andrew Aycoth,Cairn University,2018-19,0.0,0,0,0,0,0,0,0,0,0,0,0,0,14.7,1,4,1,3,2,2,0,0,0,0,1,1
Andrew Bowman,Trinity Baptist,2018-19,20.0,2,5,0,2,0,0,0,2,0,1,2,8,14.83,3,6,0,1,2,2,0,0,0,2,7,2
Andrew Bronstein,Salve Regina,2018-19,20.0,0,0,0,0,0,0,1,0,0,1,0,2,14.73,0,0,0,0,0,0,2,1,0,0,1,0
Andrew Brown,Furman,2018-19,20.0,37,83,25,53,8,8,17,14,2,8,27,16,14.93,23,55,15,45,10,16,12,6,2,8,22,11
Andrew Bruggink,Wisconsin Lutheran,2018-19,20.0,4,13,1,4,0,0,3,0,0,1,2,5,14.93,1,4,1,3,0,0,1,0,0,0,1,0
Andrew Dalton,Warren Wilson,2018-19,20.0,3,10,1,5,0,0,1,0,0,0,2,0,14.93,2,4,2,4,0,0,4,0,0,2,5,4
Andrew Devall,Millsaps,2018-19,20.0,0,1,0,0,0,0,0,0,0,0,1,0,14.75,0,0,0,0,0,0,0,0,0,0,0,0
Andrew Dotson,Spring Hill,2018-19,20.0,1,2,0,1,6,8,1,0,0,0,1,2,17.93,0,3,0,1,0,0,0,0,0,0,0,0
Andrew Eudy,Campbell,2018-19,19.65,58,131,12,32,19,20,64,13,19,32,81,25,20.0,71,136,15,37,46,53,38,9,22,29,65,26
Andrew Ferguson,San Diego,2018-19,20.0,12,22,7,13,1,2,9,2,4,1,13,4,14.93,3,8,2,4,2,2,5,1,2,1,3,3
Andrew Fitch,SUNY-Canton,2018-19,20.0,0,2,0,1,0,0,0,0,0,0,4,3,14.97,1,1,0,0,1,2,0,0,2,1,4,3
Andrew Fleming,Maine,2018-19,20.0,75,167,18,53,16,28,50,21,7,32,82,50,17.95,75,163,8,33,46,76,42,15,11,25,72,40
Andrew Funk,Bucknell,2018-19,15.0,33,81,19,56,4,5,11,4,0,3,26,14,20.0,22,52,14,37,2,4,10,4,1,3,14,6
Andrew Garcia,Stony Brook,2018-19,15.0,40,97,9,34,20,27,9,7,1,35,38,35,20.0,50,113,11,41,53,71,10,10,4,33,51,23
Andrew Gardner,Lees McRae,2018-19,20.0,0,3,0,1,0,0,0,0,0,0,2,1,17.68,2,6,0,1,2,2,0,0,0,1,3,1
Andrew Gordon,West Virginia,2018-19,15.0,13,38,0,0,7,12,4,3,7,11,19,27,20.0,12,26,0,0,8,14,1,3,3,11,12,7
Andrew Jones,Texas,2018-19,0.0,0,0,0,0,0,0,0,0,0,0,0,0,17.98,0,0,0,0,1,2,0,1,0,0,1,0
Andrew Kostecka,Loyola (MD),2018-19,20.0,119,242,20,64,63,78,34,48,12,19,65,45,14.88,120,212,28,60,86,106,41,38,17,21,50,44
Andrew Lafond,La Salle,2018-19,0.0,0,0,0,0,0,0,0,0,0,0,0,0,20.0,0,1,0,0,0,0,0,0,0,0,0,0
Andrew Littleton,Williams Baptist,2018-19,20.0,0,2,0,1,1,2,0,0,0,0,1,0,14.95,4,5,1,2,0,0,0,2,0,0,0,0
Andrew Lopez,Winston Salem,2018-19,20.0,0,1,0,1,0,0,0,0,0,0,0,0,14.87,0,0,0,0,0,0,1,0,0,0,0,0
Andrew Moemeka,Palm Beach Atlantic,2018-19,20.0,0,3,0,0,0,0,1,2,0,0,3,1,20.0,2,4,0,0,0,0,0,0,0,2,1,1
Andrew Morrissey,North Alabama,2018-19,0.0,0,0,0,0,0,0,0,0,0,0,0,0,20.0,0,2,0,0,0,0,0,0,0,0,2,1
Andrew Nembhard,Florida,2018-19,20.0,53,125,20,54,8,10,88,16,1,1,39,34,14.97,40,101,10,35,25,33,88,24,0,5,50,40
Andrew Niebuhr,Wisconsin-Stout,2018-19,0.0,0,0,0,0,0,0,0,0,0,0,1,0,14.93,0,0,0,0,2,2,0,0,0,0,0,0
Andrew Okorodudu,Savannah St,2018-19,20.0,3,4,0,1,0,0,0,0,3,1,6,3,19.93,2,2,0,0,1,2,0,0,1,1,0,1
Andrew Petcash,Boston University,2018-19,20.0,30,58,20,44,4,4,10,7,4,5,13,2,20.0,14,42,10,31,2,4,8,6,0,1,13,2
Andrew Platek,North Carolina,2018-19,20.0,5,13,1,8,0,0,4,3,2,1,3,4,14.97,2,7,2,4,0,0,1,0,0,1,2,0
Andrew Puhl,Southwestern,2018-19,20.0,1,4,1,4,0,0,1,0,0,0,1,1,14.68,2,4,0,1,0,0,1,1,0,1,0,0
Andrew Richards,Salve Regina,2018-19,20.0,0,1,0,0,0,0,1,0,0,0,2,0,14.73,0,0,0,0,0,0,1,1,0,0,1,0
Andrew Rogan,Cumberland (TN),2018-19,20.0,1,4,1,3,0,0,0,0,0,0,2,1,15.03,4,8,3,6,0,0,0,1,0,0,2,1
Andrew Romero III,Johnson & Wales (CO),2018-19,20.0,5,8,2,4,1,2,1,1,0,0,1,3,14.82,3,10,2,5,1,2,0,1,0,0,1,1
Andrew Scott,Oakland City,2018-19,20.0,3,4,0,1,0,0,1,0,0,1,1,3,14.92,0,0,0,0,0,0,0,0,0,0,0,0
Andrew Sorrells,Texas Tech,2018-19,20.0,0,0,0,0,1,2,0,0,0,0,2,0,14.9,1,3,0,1,1,1,0,0,0,0,0,0
Andrew Sparks,Schreiner,2018-19,20.0,0,1,0,1,0,0,0,1,0,0,0,1,14.78,0,2,0,2,0,0,0,0,0,1,0,2
Andrew Stafford,York,2018-19,20.0,3,4,0,0,0,1,2,0,0,0,4,2,15.25,3,5,0,0,0,0,0,0,0,1,1,2
Andrew Steve,Methodist,2018-19,20.0,0,2,0,1,0,0,0,0,0,0,1,1,14.9,0,0,0,0,0,0,0,0,0,0,0,0
Andrew Stimpson,Piedmont,2018-19,20.0,3,5,0,0,0,0,0,1,0,1,0,1,14.88,0,2,0,1,0,0,0,0,0,0,0,0
Andrew Terrell,Maryland,2018-19,0.0,0,0,0,0,0,0,0,0,0,0,0,0,20.0,0,1,0,1,0,0,0,0,0,0,0,0
Andrew Voss,Florida College,2018-19,20.0,0,3,0,0,0,0,0,0,1,0,4,2,17.85,1,2,0,0,0,0,0,0,0,1,0,0
Andrew Walston,Regent University,2018-19,20.0,3,10,1,8,1,2,1,0,1,2,4,4,14.97,0,1,0,0,0,1,2,0,0,1,2,1
Andrew Whitsett,CSU Dominguez Hills,2018-19,20.0,1,3,0,0,2,2,0,0,0,0,3,1,14.88,2,2,0,0,0,0,0,0,3,1,0,1
Andrew Williams,California Merced,2018-19,0.0,0,0,0,0,0,0,0,0,0,0,0,0,20.0,1,3,0,2,0,0,1,0,0,0,0,0
Andrija Matic,Keiser,2018-19,20.0,6,10,1,2,0,0,1,0,2,2,3,0,20.0,2,6,0,0,2,2,1,0,0,2,4,0
Andrija Ristanovic,Iona,2018-19,20.0,21,48,15,32,2,3,7,3,11,8,39,9,20.0,10,36,6,29,9,11,5,3,4,7,34,9
Andy Pack,Elon,2018-19,20.0,8,27,4,17,2,7,5,6,0,8,12,14,20.0,19,42,12,26,4,9,12,2,0,6,21,14
Andy Stevens,Florida College,2018-19,0.0,0,0,0,0,0,0,0,0,0,0,1,0,17.85,0,5,0,4,0,0,1,1,0,0,1,1
Andy Zhou,Birmingham-Southern,2018-19,20.0,0,1,0,0,1,2,1,0,0,1,0,0,14.97,0,0,0,0,1,1,0,0,0,0,1,1
Anfernee Hampton,Southern Miss,2018-19,20.0,12,27,4,11,10,12,4,1,1,3,10,0,14.82,6,15,1,4,4,6,0,0,2,3,3,3
Anfernee McLemore,Auburn,2018-19,20.0,60,126,23,64,10,16,8,13,20,17,72,15,14.95,30,78,11,36,16,25,4,13,19,17,44,13
Anfernee Parker,,2018-19,0.0,0,0,0,0,0,0,0,0,0,0,0,1,0.0,0,0,0,0,0,0,0,0,0,0,0,0
Ange-Michel Kuo,Presentation College,2018-19,20.0,1,4,0,1,0,0,2,0,0,0,0,0,15.77,1,2,0,0,2,2,1,0,1,0,1,0
Angelo Allegri,UNC Greensboro,2018-19,20.0,15,39,11,31,0,1,7,6,0,10,12,8,20.0,15,34,5,21,4,8,2,4,1,8,8,3
Angelo Cugini,Notre Dame College,2018-19,0.0,0,0,0,0,0,0,0,0,0,0,2,1,16.93,0,1,0,0,0,0,0,0,0,1,0,1
Angelo Sandaval,Life Pacific,2018-19,20.0,0,2,0,1,0,0,1,0,0,0,0,1,15.03,0,0,0,0,0,0,0,0,0,0,0,0
Angelo Sandoval,Life Pacific,2018-19,20.0,0,1,0,0,0,0,0,0,0,0,0,1,14.78,0,0,0,0,0,0,0,0,0,0,0,0
Angus McWilliam,,2018-19,0.0,0,0,0,0,0,0,0,0,0,0,0,0,0.0,0,0,0,0,0,0,0,0,0,1,0,0
Anselm Uzuegbunem,SIU-Edwardsville,2018-19,20.0,18,46,0,3,10,12,8,3,9,17,51,10,18.7,14,29,0,0,12,18,5,2,5,13,26,15
Antanas Krimelis,Lyon,2018-19,20.0,3,4,0,1,1,2,1,2,0,0,1,0,18.78,1,1,0,0,0,0,0,1,0,0,2,2
Antanee Pinkard,James Madison,2018-19,20.0,6,16,1,5,0,3,0,5,1,4,10,5,14.88,2,13,1,7,1,2,1,1,1,5,4,5
Ante Sustic,Marshall,2018-19,20.0,1,2,0,0,0,0,0,1,1,2,5,2,14.8,4,7,0,0,1,2,0,0,0,4,3,2
Anthony Abate,Elmira,2018-19,0.0,0,0,0,0,0,0,0,0,0,0,0,1,14.73,0,1,0,0,0,0,0,0,0,0,0,1
Anthony Adger,Florida Atlantic,2018-19,20.0,66,176,42,118,27,34,42,16,0,9,60,25,14.83,58,164,30,101,67,79,30,12,1,8,43,30
Anthony Barnard,Purdue Northwest,2018-19,20.0,2,8,0,0,0,0,0,0,0,1,4,0,14.97,2,3,0,0,0,2,1,0,0,0,0,0
Anthony Bilas,Wake Forest,2018-19,0.0,0,0,0,0,0,0,0,1,0,0,1,0,20.0,1,1,1,1,0,0,0,0,0,0,0,0
Anthony Black,,2018-19,2.02,1,4,0,2,2,2,4,0,0,0,0,0,0.0,1,4,0,0,0,0,0,1,0,0,0,0
Anthony Butler,Allen,2018-19,19.98,0,2,0,1,0,0,0,0,0,0,1,1,14.78,1,1,1,1,0,0,1,2,0,0,0,1
Anthony Cowan Jr,Maryland,2018-19,20.0,0,0,0,0,0,0,35,0,0,0,0,0,17.92,0,0,0,0,0,0,30,0,0,0,0,0
Anthony Cowan Jr.,Maryland,2018-19,20.0,61,178,19,80,39,46,36,14,2,8,54,51,17.92,91,210,43,108,76,95,36,14,4,5,49,41
Anthony Crump,Middle Tennessee,2018-19,20.0,4,14,0,2,0,1,8,2,0,0,13,6,17.68,3,8,0,0,2,7,3,0,0,0,6,13
Anthony Davis Jr,Arkansas-Pine Bluff,2018-19,20.0,0,0,0,0,0,0,1,0,0,0,0,0,20.0,0,0,0,0,0,0,0,0,0,0,0,0
Anthony Davis Jr.,Arkansas-Pine Bluff,2018-19,20.0,2,6,1,4,0,0,0,1,0,0,1,3,14.95,0,0,0,0,0,0,0,0,0,0,0,0
Anthony Desruisseau,Wilson College,2018-19,20.0,1,1,0,0,0,0,1,1,0,0,0,2,17.92,0,0,0,0,0,0,0,0,0,0,2,2
Anthony Dixon Jr,Chillicothe,2018-19,20.0,0,0,0,0,0,0,2,0,0,0,0,0,14.68,0,0,0,0,0,0,2,0,0,0,0,0
Anthony Dixon Jr.,Chillicothe,2018-19,20.0,4,9,3,5,0,0,0,1,0,0,1,3,14.68,1,3,1,2,2,2,0,0,0,1,3,0
Anthony Durham,Rider,2018-19,20.0,40,97,14,45,13,19,24,10,1,17,31,19,15.65,50,94,18,39,49,62,29,15,3,23,31,15
Anthony Duruji,Louisiana Tech,2018-19,20.0,66,156,16,58,29,48,20,20,17,21,70,33,20.0,66,125,24,55,40,51,10,9,19,20,76,16
Anthony Gaines,Northwestern,2018-19,20.0,36,79,6,20,27,35,30,13,7,12,55,15,20.0,18,74,5,24,42,56,32,7,9,15,46,17
Anthony Gaston,Grambling,2018-19,20.0,13,31,5,16,5,6,4,4,1,3,13,10,20.0,13,39,9,22,9,13,7,3,0,2,23,8
Anthony Green,Northeastern,2018-19,20.0,52,80,0,0,21,38,4,7,7,26,56,29,20.0,61,85,0,0,27,55,10,8,15,29,54,17
Anthony Harris,Chicago State,2018-19,20.0,53,123,13,40,43,53,23,19,5,7,61,49,14.97,41,101,6,21,57,75,27,13,4,8,39,32
Anthony Hassell,Fisk,2018-19,20.0,3,6,0,2,0,0,1,0,0,0,1,1,14.75,2,7,0,4,1,3,1,1,0,0,1,0
Anthony Hicks,Lees McRae,2018-19,20.0,0,5,0,1,0,0,1,1,0,0,1,1,17.68,1,8,0,1,0,0,1,1,0,3,2,1
Anthony Jones,William Carey,2018-19,20.0,2,7,1,3,0,2,1,1,0,2,0,0,15.3,1,7,0,3,0,0,0,1,0,0,2,2
Anthony Lamb,Vermont,2018-19,20.0,116,222,25,62,43,54,45,13,29,20,98,27,20.0,107,199,17,55,80,112,22,13,22,21,82,35
Anthony Lawrence II,Miami,2018-19,20.0,69,161,26,74,27,38,48,19,12,16,99,42,17.98,68,139,23,67,40,51,47,19,10,12,82,33
Anthony Longpre,Saint Joseph's,2018-19,20.0,9,35,4,19,7,8,5,2,4,6,30,9,20.0,5,19,5,10,10,12,3,2,3,1,24,2
Anthony Longprã©,,2018-19,1.13,3,3,1,1,0,0,0,2,0,0,3,0,0.0,1,1,0,0,0,0,1,0,0,1,5,0
Anthony Mack,Miami,2018-19,20.0,19,47,14,35,3,4,7,4,2,5,18,6,17.98,7,36,4,28,0,0,10,7,2,1,5,7
Anthony Martinez,Holy Names,2018-19,0.0,0,0,0,0,0,0,0,0,0,0,0,0,17.73,0,4,0,2,0,0,0,0,0,0,0,0
Anthony Masinton-Bonner,Colorado State,2018-19,20.0,44,90,19,49,12,13,14,10,2,2,28,19,14.83,49,94,20,49,29,35,18,10,0,4,24,15
Anthony Masterlasco,Findlay,2018-19,20.0,1,4,0,3,0,0,2,0,0,0,2,0,14.83,0,3,0,0,0,0,1,0,0,0,1,1
Anthony Mathis,New Mexico,2018-19,20.0,55,140,46,107,33,39,39,22,4,3,35,30,20.0,70,170,51,133,47,51,26,12,1,11,21,29
Anthony Mosley Jr,Illinois Tech,2018-19,20.0,0,0,0,0,0,0,2,0,0,0,0,0,20.0,0,0,0,0,0,0,4,0,0,0,0,0
Anthony Mosley Jr.,Illinois Tech,2018-19,20.0,3,8,1,3,2,3,0,1,0,1,1,2,20.0,4,6,1,2,2,3,0,0,0,2,1,3
Anthony Murphy,Drake,2018-19,20.0,34,80,9,38,21,25,28,9,3,7,63,20,14.58,35,77,11,34,35,42,19,9,9,16,57,23
Anthony Nelson,Seton Hall,2018-19,20.0,9,34,3,11,1,2,27,3,2,2,14,18,17.98,14,35,2,7,12,17,20,5,0,2,12,7
Anthony Ochefu,Stony Brook,2018-19,20.0,13,28,0,0,9,12,2,1,2,10,28,15,20.0,11,19,0,0,7,9,0,1,1,11,11,6
Anthony Pearson,Hood College,2018-19,20.0,2,6,0,2,2,4,0,1,0,0,1,0,17.83,4,12,2,6,1,2,0,2,0,2,1,1
Anthony Phillips,,2018-19,10.72,0,0,0,0,0,0,2,1,0,0,0,2,0.0,0,1,0,0,0,0,0,0,0,1,1,1
Anthony Polite,Florida State,2018-19,20.0,7,35,3,26,4,5,9,9,1,10,16,7,14.97,15,27,5,15,8,11,7,7,0,6,10,8
Anthony Ritter,,2018-19,4.3,1,4,0,1,0,0,1,1,0,0,0,1,0.0,0,1,0,1,0,0,0,0,0,0,1,0
Anthony Roberts,Kent State,2018-19,20.0,32,85,12,42,13,17,17,8,0,5,16,20,20.0,30,62,7,20,3,5,21,13,1,7,19,15
Anthony Smith,Murray State,2018-19,20.0,11,18,0,0,9,13,3,0,4,12,6,2,17.63,2,6,0,0,3,4,1,0,4,4,3,3
Anthony Spencer,Simpson University,2018-19,20.0,1,2,0,0,0,0,1,2,0,1,0,0,16.87,0,1,0,1,1,2,0,0,0,0,0,0
Anthony Sylvester Jr,New Rochelle,2018-19,20.0,0,0,0,0,0,0,1,0,0,0,0,0,14.75,0,0,0,0,0,0,0,0,0,0,0,0
Anthony Sylvester Jr.,New Rochelle,2018-19,20.0,0,2,0,0,0,0,0,0,0,0,0,1,14.75,0,1,0,0,0,0,0,0,0,1,0,0
Anthony Townes,Pacific,2018-19,0.0,26,66,0,0,24,30,5,8,4,20,32,18,14.93,39,69,0,0,27,37,0,8,4,25,44,15
Anthony Turnbow,New Rochelle,2018-19,20.0,0,1,0,1,4,4,0,0,0,0,2,0,14.75,0,2,0,2,0,0,0,0,0,0,0,0
Anthony Young,Johnson University (FL),2018-19,20.0,5,13,2,6,10,11,2,1,0,0,4,9,14.95,2,11,0,4,0,0,3,0,0,1,2,6
Antione Lister,Prairie View A&M,2018-19,20.0,27,47,12,29,10,12,3,5,2,3,9,8,20.0,17,35,9,23,14,16,3,3,2,6,12,7
Antione Robinson,Piedmont International,2018-19,20.0,1,5,1,2,0,0,2,0,0,0,3,2,14.77,1,4,1,3,0,0,2,0,0,0,2,0
Anto Keshgegian,,2018-19,0.0,0,0,0,0,0,0,0,0,4,0,0,0,0.0,0,0,0,0,0,0,0,0,0,0,0,0
Antoin Clifton,IU-Kokomo,2018-19,20.0,1,6,1,4,0,0,0,0,0,0,2,0,14.92,1,3,0,1,1,2,0,0,0,0,0,2
Antoine Darby,Campbellsville-Harrodsburg,2018-19,20.0,8,15,5,10,1,1,0,1,0,4,3,4,14.7,1,7,0,2,2,2,0,3,0,1,2,1
Antoine Davis,Detroit Mercy,2018-19,20.0,136,322,68,174,43,49,49,13,0,7,38,43,17.9,107,278,56,148,68,80,47,11,0,14,28,49
Antoine Pittman,Bradley,2018-19,20.0,9,26,1,8,2,5,7,3,1,6,11,3,15.58,8,20,1,7,2,4,4,3,0,2,5,5
Antoine Smith Jr,Incarnate Word,2018-19,0.0,0,0,0,0,0,0,7,0,0,0,0,0,15.0,0,0,0,0,0,0,5,0,0,0,0,0
Antoine Smith Jr.,Incarnate Word,2018-19,20.0,50,97,20,43,14,15,0,2,5,15,42,19,14.75,25,61,11,35,15,20,0,6,2,11,31,19
Antoine Vernon,Oregon State,2018-19,20.0,7,15,5,8,12,12,13,3,0,0,10,8,17.78,6,16,4,11,4,4,10,3,0,4,7,4
Antonio Amoah,Dominican (IL),2018-19,20.0,1,1,1,1,0,0,0,0,0,0,0,1,14.98,2,2,1,1,0,0,0,1,0,0,0,0
Antonio Bonilla,,2018-19,0.0,0,0,0,0,0,0,0,0,0,0,0,0,0.0,0,0,0,0,0,0,0,0,0,0,1,0
Antonio Brancato,Western New England,2018-19,0.0,0,3,0,0,0,0,0,0,0,1,0,1,15.27,0,1,0,1,0,0,0,0,0,0,0,2
Antonio Coward Jr,Ohio,2018-19,0.0,0,0,0,0,0,0,0,0,0,0,0,0,20.0,0,0,0,0,0,0,1,0,0,0,0,0
Antonio Coward Jr.,,2018-19,7.92,0,2,0,1,0,0,0,0,0,0,1,0,0.0,1,2,0,1,0,1,0,0,0,0,0,0
Antonio Cowart Jr,Ohio,2018-19,0.0,0,0,0,0,0,0,22,0,0,0,0,0,20.0,0,0,0,0,0,0,17,0,0,0,0,0
Antonio Cowart Jr.,,2018-19,3.0,32,85,17,53,3,4,0,13,1,7,33,24,0.0,15,47,6,26,7,12,0,7,1,7,30,25
Antonio Cowart Jr. made Layup. Assisted by Gavin,,2018-19,0.0,0,0,0,0,0,0,0,0,2,0,0,0,0.0,0,0,0,0,0,0,0,0,1,0,0,0
Antonio Cowart Jr. made Three Point Jumper. Assisted by Gavin,,2018-19,0.0,0,0,0,0,0,0,0,0,3,0,0,0,0.0,0,0,0,0,0,0,0,0,1,0,0,0
Antonio Currie,Southeastern Baptist College,2018-19,20.0,3,10,2,5,0,0,0,2,0,2,2,2,14.82,1,3,0,2,1,2,0,0,0,0,0,0
Antonio Daye Jr,Florida International,2018-19,0.0,0,0,0,0,0,0,31,0,0,0,0,0,15.82,0,0,0,0,0,0,44,0,0,0,0,0
Antonio Daye Jr.,Webber International,2018-19,20.0,44,106,7,29,16,32,0,24,1,5,39,43,15.82,44,111,6,30,42,59,0,24,0,10,31,34
Antonio Gardner,Carver College,2018-19,20.0,3,10,0,3,2,2,2,2,0,0,6,4,14.95,3,9,1,3,1,2,0,1,0,0,0,3
Antonio Gillespie,Morgan State,2018-19,0.0,16,41,12,33,0,1,7,4,0,3,4,4,14.9,3,31,2,21,1,3,3,5,1,3,3,4
Antonio Givens,,2018-19,0.0,0,0,0,0,0,0,0,0,0,0,0,0,0.0,0,0,0,0,0,0,0,0,0,0,1,0
Antonio Green,Middle Tennessee,2018-19,20.0,107,259,62,165,23,26,25,21,1,5,68,52,17.68,78,229,38,127,47,54,22,12,2,6,41,43
Antonio Hughes,St. Francis (ILL),2018-19,20.0,2,3,1,1,0,0,0,0,0,2,0,1,18.75,4,6,0,0,0,0,0,0,0,0,0,0
Antonio Pilipovic,Drake,2018-19,20.0,9,24,6,20,0,0,3,0,0,3,3,2,14.58,2,14,2,14,0,0,3,1,0,0,5,3
Antonio Rizzuto,Albany,2018-19,20.0,35,98,26,74,10,19,23,6,1,7,26,16,17.9,31,83,24,62,25,33,16,8,3,2,22,10
Antonio Sims,Florida National,2018-19,20.0,4,7,1,3,2,2,2,3,0,1,0,2,14.93,5,10,0,1,0,0,3,1,0,1,2,1
Antonio Smith,Johnson & Wales (NC),2018-19,0.0,0,0,0,0,0,0,0,0,0,0,0,0,14.85,2,4,0,1,0,0,0,0,0,0,2,1
Antonio Spencer,Kennesaw State,2018-19,20.0,10,17,0,0,2,5,0,3,7,12,19,2,17.98,4,9,0,0,0,1,1,2,4,5,14,3
Antonio Vrankovic,Duke,2018-19,20.0,1,2,0,0,4,8,4,1,2,6,1,1,14.78,0,3,0,0,1,2,0,1,1,4,1,1
Antonio Williams,Kent State,2018-19,20.0,66,146,11,23,27,37,42,33,12,20,50,28,20.0,66,135,6,21,52,72,44,22,20,14,44,22
Antonio Woods,Pennsylvania,2018-19,20.0,50,132,29,79,5,9,40,12,1,6,52,22,20.0,47,115,17,55,20,42,43,10,4,11,51,27
Antonis Pefanis,Florida Tech,2018-19,20.0,1,5,0,2,0,2,1,1,0,3,3,4,14.83,0,2,0,2,0,0,0,0,0,0,0,0
Antony Edwards,Middle Georgia State,2018-19,19.98,3,6,1,3,4,4,3,1,0,2,1,3,14.75,4,10,0,2,0,0,0,0,0,3,2,0
Antun Maricevic,South Florida,2018-19,20.0,24,46,5,7,11,18,9,4,6,26,31,14,17.73,18,38,1,2,8,9,7,6,4,12,20,10
Antwan Maxwell Jr,Youngstown St,2018-19,20.0,0,0,0,0,0,0,8,0,0,0,0,0,14.92,0,0,0,0,0,0,1,0,0,0,0,0
Antwan Maxwell Jr.,Youngstown St,2018-19,20.0,23,58,9,35,4,8,0,4,6,6,28,15,15.87,12,41,3,17,4,6,0,1,1,6,8,4
Antwann Jones,Memphis,2018-19,0.0,31,70,6,21,10,14,35,12,7,9,45,31,20.0,24,54,8,18,27,29,23,10,7,7,34,17
Antwon Lillard,Bowling Green,2018-19,20.0,33,85,13,38,22,33,23,15,1,20,44,26,20.0,49,100,26,57,41,56,14,15,6,14,42,22
Antwon Portley,Fordham,2018-19,20.0,59,142,31,80,10,17,42,9,2,5,46,28,20.0,46,132,30,85,25,35,30,8,0,3,41,31
Antwuan Butler,Austin Peay,2018-19,20.0,11,34,3,11,9,16,34,8,1,4,18,15,14.92,15,45,6,16,11,17,30,3,0,8,16,10
Appalachian State,,2018-19,0.0,0,0,0,0,0,0,0,0,0,17,28,2,0.0,0,0,0,0,0,0,0,0,0,29,12,3
Aquinas,,2018-19,0.0,0,0,0,0,0,0,0,0,0,3,0,1,0.0,0,0,0,0,0,0,0,0,0,1,1,0
Ar'Mond Davis,UC Santa Barbara,2018-19,20.0,61,154,23,62,30,40,21,9,2,19,67,21,19.87,69,162,22,60,33,43,18,11,1,25,61,17
Aramani Hill,South Carolina State,2018-19,20.0,9,17,2,2,5,10,2,0,0,9,10,10,16.17,11,25,1,2,14,20,2,5,1,7,15,5
Arcaim Lallemand,Eastern New Mexico,2018-19,20.0,1,1,0,0,0,0,0,0,0,2,0,2,14.78,1,1,0,0,2,3,1,0,0,0,0,0
Arcuas McGhee,Edward Waters,2018-19,20.0,4,4,1,1,0,0,2,1,1,2,0,1,19.43,4,7,2,2,0,2,1,2,0,1,7,0
Arderius Phillips,Southeastern Baptist College,2018-19,0.0,0,0,0,0,0,0,0,0,0,0,0,0,14.82,3,4,1,1,2,2,1,1,0,0,2,1
Ari Boya,Bradley,2018-19,20.0,7,16,0,0,7,16,2,4,4,3,9,6,20.0,2,6,0,0,2,6,0,0,4,5,4,2
Aric Holman,Mississippi State,2018-19,20.0,48,121,19,52,8,14,16,14,21,38,62,25,14.87,63,112,26,51,34,48,22,15,29,31,65,23
Arinze Chidom,Washington State,2018-19,20.0,4,12,1,3,0,0,0,3,1,2,3,2,17.45,4,7,0,1,2,2,4,2,0,3,5,1
Arizona,,2018-19,0.0,0,0,0,0,0,0,0,0,0,36,25,0,0.0,0,0,0,0,0,0,0,0,0,35,20,5
Arizona State,,2018-19,0.0,0,0,0,0,0,0,0,0,0,47,33,10,0.0,0,0,0,0,0,0,0,0,0,33,30,3
Arkansas,,2018-19,0.0,0,0,0,0,0,0,0,0,0,23,33,7,0.0,0,0,0,0,0,0,0,0,0,34,22,6
Arkansas State,,2018-19,0.0,0,0,0,0,0,0,0,0,0,28,18,8,0.0,0,0,0,0,0,0,0,0,0,44,19,9
Arkansas-Monticello,,2018-19,0.0,0,0,0,0,0,0,0,0,0,0,0,0,0.0,0,0,0,0,0,0,0,0,0,0,1,0
Arkansas-Pine Bluff,,2018-19,0.0,0,0,0,0,0,0,0,0,0,16,22,3,0.0,0,0,0,0,0,0,0,0,0,18,20,2
Arkel Lamar,Shenandoah,2018-19,20.0,49,140,16,65,11,21,12,31,6,10,65,15,14.95,49,119,21,64,30,49,22,18,3,10,60,19
Arlington Baptist,,2018-19,0.0,0,0,0,0,0,0,0,0,0,3,3,1,0.0,0,0,0,0,0,0,0,0,0,4,1,0
Armand Cartwright,Rochester College,2018-19,20.0,2,4,1,2,1,1,1,1,0,0,0,0,20.0,2,7,0,5,0,0,1,1,0,0,0,1
Armani Branch,Norfolk State,2018-19,20.0,28,62,10,31,11,11,8,7,6,6,28,10,14.87,16,41,6,22,8,12,11,1,3,4,20,13
Armani Chaney,Tennessee State,2018-19,20.0,29,71,20,45,8,9,34,14,0,3,26,18,20.0,30,68,14,36,16,21,26,14,0,2,17,27
Armani Collins,Bethune-Cookman,2018-19,20.0,13,42,8,32,1,3,8,2,2,2,14,8,14.92,12,33,9,28,8,10,11,4,2,7,10,5
Armani Nicolis,Sonoma State,2018-19,20.0,0,2,0,1,0,0,0,0,0,0,0,0,15.7,1,1,0,0,0,0,0,0,0,0,1,1
Armel Potter,George Washington,2018-19,18.13,34,74,6,22,9,13,31,4,1,0,23,15,20.0,20,57,3,11,18,34,23,9,0,2,13,9
Armel TeTe,Presbyterian,2018-19,0.0,11,25,0,0,5,9,1,0,4,15,13,10,19.8,8,9,0,0,6,14,1,2,5,5,8,2
Armon Brummett,Bradley,2018-19,20.0,2,11,0,5,2,5,4,3,2,2,8,7,17.72,1,9,0,6,0,1,2,3,0,0,4,3
Armon Fletcher,Southern Illinois,2018-19,20.0,66,122,20,43,21,32,16,13,3,10,43,22,20.0,58,120,16,43,44,55,15,15,3,26,49,22
Armon Williams,IU-Northwest,2018-19,20.0,6,14,3,6,4,4,1,1,0,4,6,1,14.98,3,3,2,2,0,0,1,0,0,0,0,1
Armoni Brooks,Houston,2018-19,20.0,88,210,57,150,13,18,17,14,4,18,93,15,14.8,82,209,63,156,16,27,14,12,7,22,97,15
Army,,2018-19,0.0,0,0,0,0,0,0,0,0,0,21,27,3,0.0,0,0,0,0,0,0,0,0,0,31,20,3
Arnaldo Toro,George Washington,2018-19,17.03,12,26,0,2,9,12,1,7,4,11,23,9,20.0,13,29,1,4,9,12,3,3,1,10,20,3
Arrin Westbrook,Dominican (IL),2018-19,20.0,3,3,0,0,0,0,0,0,0,0,0,1,14.98,0,1,0,0,0,0,1,1,0,0,0,0
Arshawn Parker,Albion,2018-19,20.0,1,4,1,3,0,0,1,0,0,0,3,0,17.95,0,0,0,0,2,2,0,0,0,0,1,0
Artavious McDyess,Arkansas-Pine Bluff,2018-19,20.0,9,16,0,0,1,3,2,1,3,7,11,11,20.0,8,11,0,0,1,7,3,0,1,3,4,6
Artavious Mcdyess,Arkansas-Pine Bluff,2018-19,20.0,0,0,0,0,0,0,1,0,0,0,1,1,18.58,0,0,0,0,0,0,0,0,0,0,0,0
Artavious Mcknight,,2018-19,17.72,0,0,0,0,2,2,0,0,0,0,3,1,0.0,1,1,0,0,1,1,0,0,0,1,1,1
Arthur Johnson,Alabama A&M,2018-19,20.0,21,60,5,24,10,19,9,6,0,4,17,20,17.73,30,61,11,29,10,16,5,9,0,6,13,12
Arturo Palacios,Northwest University,2018-19,20.0,0,3,0,1,0,0,1,3,0,0,0,1,14.83,2,3,0,0,0,0,1,0,0,0,0,2
Asa Cantwell,Cal State San Marcos,2018-19,20.0,2,6,2,5,0,0,0,0,0,1,1,1,20.0,2,5,2,4,2,2,2,0,0,0,3,1
Asante Gist,Iona,2018-19,20.0,59,151,36,90,10,17,35,7,0,6,29,22,20.0,62,145,26,81,61,77,32,10,0,6,33,24
Asbjorn Midtgaard,Wichita State,2018-19,0.0,24,39,0,0,13,24,2,2,14,22,38,10,20.0,24,38,0,0,9,12,4,0,10,17,21,7
Asher Blum,Cumberland (TN),2018-19,20.0,1,2,1,2,1,2,0,0,0,0,0,0,15.03,0,2,0,1,0,0,0,0,0,0,1,0
Ashtin Chastain,San José St,2018-19,20.0,22,46,1,2,5,10,5,2,1,13,29,13,20.0,12,26,1,4,10,22,8,1,1,11,26,12
Ashton DeMurrell,Wiley,2018-19,20.0,1,3,0,0,0,0,1,0,1,1,2,0,20.0,1,3,0,0,2,3,0,0,1,0,0,1
Ashton Hagans,Kentucky,2018-19,20.0,44,105,9,25,21,30,91,30,3,11,43,50,14.78,48,96,3,21,38,49,63,26,3,9,30,37
Ashton McClelland,Texas Southern,2018-19,20.0,0,0,0,0,0,1,0,0,0,0,0,0,15.75,0,0,0,0,0,0,0,0,0,0,0,0
Ashton Spears,,2018-19,1.63,5,9,2,6,1,2,2,4,0,0,2,3,0.0,1,8,0,4,0,0,1,0,0,0,1,0
Ashtyn Bradley,LIU Brooklyn,2018-19,20.0,9,22,8,18,0,0,0,1,0,0,2,2,15.52,6,21,5,19,0,0,4,1,0,2,8,1
Atakan Sahinkaya,Troy,2018-19,0.0,0,0,0,0,0,0,0,0,1,0,1,0,17.95,1,1,0,0,0,0,0,0,0,1,0,0
Atem Bior,,2018-19,2.58,36,75,0,3,17,26,11,8,6,23,59,32,0.0,25,54,0,4,20,28,5,7,7,19,51,18
Atiba Taylor,Youngstown St,2018-19,0.0,2,4,0,1,2,3,2,0,0,0,2,5,15.87,2,3,0,0,4,4,2,1,0,0,4,3
Au'Diese Toney,Pittsburgh,2018-19,20.0,41,111,7,36,26,39,4,9,2,25,63,16,15.87,35,90,10,28,33,49,11,13,2,28,52,15
Aubrey Dawkins,UCF,2018-19,20.0,70,163,25,72,30,36,26,18,5,14,59,22,17.3,90,173,43,83,30,37,16,11,2,15,51,24
Auburn,,2018-19,0.0,0,0,0,0,0,0,0,0,0,27,32,5,0.0,0,0,0,0,0,0,0,0,0,31,20,2
August Haas,,2018-19,0.62,8,16,3,5,1,2,4,2,0,0,1,5,0.0,4,9,0,1,2,2,5,0,0,0,3,8
Augustine Ene,Incarnate Word,2018-19,20.0,59,106,22,45,21,24,15,12,7,13,39,29,14.75,35,88,6,29,24,29,16,13,5,15,31,25
Austen Awosika,CSU Fullerton,2018-19,17.27,45,96,8,20,26,46,64,23,8,11,72,35,20.0,39,92,3,13,31,47,47,22,7,10,58,27
Austin Adams,Tiffin,2018-19,20.0,6,8,2,3,0,0,1,1,0,0,0,0,14.95,2,2,0,0,0,0,2,1,0,0,0,0
Austin Allen,Washington College (MD),2018-19,20.0,2,6,0,0,1,1,0,0,0,1,1,0,14.93,2,3,0,0,2,2,0,0,0,3,0,0
Austin Armwood,,2018-19,1.72,4,6,2,4,0,0,2,0,0,0,2,3,0.0,2,4,1,2,0,0,5,0,0,1,2,1
Austin Ash,Iowa,2018-19,0.0,1,4,1,4,0,0,2,0,0,0,1,0,14.97,1,4,1,3,0,0,0,1,0,0,1,0
Austin Awad,Winthrop,2018-19,20.0,32,85,29,77,2,2,2,2,2,12,41,9,18.7,18,45,15,39,1,1,2,1,2,3,17,4
Austin Branagan,Goshen College,2018-19,20.0,4,10,2,5,0,0,1,1,0,2,3,1,14.72,0,5,0,2,0,0,1,0,0,2,0,0
Austin Burnette,Campbell,2018-19,0.0,0,0,0,0,0,0,0,0,0,0,0,0,14.92,0,1,0,1,0,0,1,0,0,0,4,0
Austin Butler,Holy Cross,2018-19,20.0,78,172,33,71,17,29,31,20,3,12,45,35,18.25,65,148,20,60,34,45,23,27,4,23,41,20
Austin Colbert,Hampton,2018-19,20.0,4,8,1,3,9,10,2,0,3,2,13,4,19.05,1,3,0,1,0,0,0,0,3,3,2,4
Austin Cole,Cal Lutheran,2018-19,20.0,8,23,4,8,1,2,1,0,0,0,2,1,14.68,0,8,0,2,1,1,2,0,0,1,1,0
Austin Crawford,Shawnee State,2018-19,20.0,1,4,0,0,0,0,3,0,0,2,2,0,16.33,1,4,0,3,2,2,0,0,0,0,0,1
Austin Davis,Michigan,2018-19,20.0,7,10,0,0,0,1,2,1,0,3,7,3,14.87,3,5,0,0,1,2,0,0,1,2,1,0
Austin Dill,William Jessup,2018-19,20.0,0,1,0,0,0,0,0,0,0,1,0,0,17.87,0,0,0,0,0,0,0,0,0,0,0,0
Austin Douglas,Bryan,2018-19,20.0,2,5,0,0,0,0,1,0,0,0,2,2,15.43,1,2,0,0,0,0,1,0,0,1,3,0
Austin Downing,,2018-19,8.95,0,1,0,0,0,0,0,0,0,0,0,0,0.0,0,2,0,2,0,0,0,0,0,1,0,2
Austin Fadal,Eastern Washington,2018-19,20.0,12,34,1,7,9,14,1,5,0,1,16,7,14.93,12,36,4,19,1,2,4,1,0,2,12,4
Austin Gardner,Bowling Green,2018-19,0.0,0,0,0,0,0,0,0,0,0,0,0,0,15.07,0,1,0,0,0,0,0,1,0,0,0,1
Austin Gilyard,Mars Hill,2018-19,20.0,6,8,0,0,5,7,0,0,0,0,1,1,14.93,2,6,0,1,1,1,1,0,0,0,1,3
Austin Hall,Champion Christian College,2018-19,20.0,0,5,0,3,3,4,1,0,0,1,4,3,14.75,4,8,0,0,0,0,0,1,0,2,0,2
Austin Hardy,Ark Monticello,2018-19,20.0,2,5,2,3,0,0,0,0,1,1,3,1,20.0,5,9,3,6,2,3,0,0,0,0,3,0
Austin Harriott,Bloomsburg University,2018-19,20.0,0,2,0,0,1,2,2,1,0,0,1,2,14.88,1,5,0,0,1,2,1,0,0,2,2,2
Austin Haskell,Hartwick,2018-19,20.0,0,4,0,0,2,2,1,0,0,1,6,2,17.88,1,3,0,1,0,0,0,0,0,1,1,0
Austin Ladd,Oakland City,2018-19,0.0,0,0,0,0,0,0,0,0,0,0,0,0,14.92,0,1,0,0,0,0,0,0,0,0,0,1
Austin Moore,Bellevue University,2018-19,20.0,2,2,0,0,0,0,0,0,0,0,0,0,16.35,0,1,0,1,0,0,0,0,0,0,1,0
Austin Mueller,Wyoming,2018-19,20.0,5,17,1,5,6,8,3,6,2,3,13,8,19.87,5,12,1,4,3,4,2,2,2,2,11,5
Austin Nehls,Ball State,2018-19,0.0,7,23,7,22,7,8,4,2,1,1,19,2,18.95,10,20,8,17,3,4,7,3,1,0,12,2
Austin Panks,Champion Christian College,2018-19,0.0,0,0,0,0,0,0,0,0,0,0,0,0,16.2,0,1,0,1,0,0,0,0,0,0,1,0
Austin Payne,Dickinson State,2018-19,0.0,0,0,0,0,0,0,0,0,1,0,0,0,14.73,0,1,0,0,0,0,0,1,0,0,0,2
Austin Peay,,2018-19,0.0,0,0,0,0,0,0,0,0,0,20,17,5,0.0,0,0,0,0,0,0,0,0,0,6,16,5
Austin Phyfe,Northern Iowa,2018-19,20.0,4,7,0,2,0,1,5,1,0,2,5,5,20.0,3,6,0,0,1,3,1,0,0,2,1,1
Austin Richie,Northern Illinois,2018-19,10.0,14,43,9,30,0,0,5,4,3,3,16,5,20.0,6,23,3,15,4,4,2,2,0,1,8,2
Austin Robertson,Oakland City,2018-19,20.0,0,2,0,1,0,0,1,0,0,0,1,0,14.92,0,4,0,2,0,0,1,0,0,0,0,1
Austin Robinson,Kentucky Christian,2018-19,20.0,4,9,1,4,6,6,2,0,0,1,2,2,17.62,6,9,3,6,4,5,0,4,1,2,4,4
Austin Rogers,Alabama State,2018-19,20.0,7,22,0,7,2,7,6,5,3,2,10,6,14.63,6,19,1,4,3,7,4,4,1,5,3,3
Austin Rotroff,Duquesne,2018-19,20.0,11,29,0,3,10,14,2,2,7,9,18,6,17.78,18,25,3,4,10,12,2,0,3,7,12,6
Austin Schaub,Tiffin,2018-19,20.0,1,3,0,0,0,0,2,0,0,0,0,0,14.95,0,1,0,1,0,0,0,1,0,0,1,0
Austin Smellie,Idaho State,2018-19,20.0,8,19,5,13,2,2,11,5,0,2,9,8,14.48,6,15,4,9,10,12,9,3,0,2,14,4
Austin Stone,Mars Hill,2018-19,20.0,2,6,0,2,0,0,0,1,1,2,2,2,14.93,2,4,1,2,1,2,1,0,0,0,2,1
Austin Trice,Kansas State,2018-19,20.0,11,19,0,0,6,21,2,1,3,16,29,3,17.98,8,12,0,0,8,21,0,1,2,8,12,3
Austin White,Alaska Anchorage,2018-19,0.0,0,0,0,0,0,0,0,0,0,0,0,0,14.77,1,2,0,1,0,0,0,0,0,1,1,1
Austin Wiley,Auburn,2018-19,20.0,38,66,0,3,22,40,0,3,20,21,43,17,14.85,30,56,0,0,21,34,2,3,12,25,31,9
Austin Williams,Marist,2018-19,20.0,41,71,1,5,17,29,16,9,2,13,38,19,20.0,24,42,3,3,9,23,18,14,1,10,19,24
Austin Willis,Trevecca Nazarene,2018-19,20.0,3,8,2,5,0,0,0,0,0,0,1,0,14.82,2,2,2,2,0,0,0,0,0,0,0,0
Austin Wills,Trevecca Nazarene,2018-19,20.0,3,4,2,3,0,0,0,0,0,0,0,0,14.9,0,2,0,2,0,0,0,0,0,0,0,0
Austin Young,Piedmont,2018-19,0.0,0,0,0,0,0,0,0,0,0,0,0,0,14.88,0,1,0,0,0,0,4,0,0,0,1,0
Auston Evans,Lafayette,2018-19,20.0,2,5,0,2,0,2,0,2,1,1,1,4,14.65,1,1,0,0,0,0,1,0,0,0,1,2
Ave Maria,,2018-19,0.0,0,0,0,0,0,0,0,0,0,0,1,1,0.0,0,0,0,0,0,0,0,0,0,0,1,0
Averett,,2018-19,0.0,0,0,0,0,0,0,0,0,0,0,4,0,0.0,0,0,0,0,0,0,0,0,0,0,1,0
Avery Benson,Texas Tech,2018-19,0.0,0,0,0,0,0,0,1,0,0,0,1,0,14.95,0,1,0,1,0,0,0,2,0,0,2,1
Avery Brown,Miles,2018-19,20.0,2,9,0,0,0,0,4,2,0,0,3,2,20.0,2,9,1,3,1,2,1,0,0,0,3,1
Avery Johnson Jr,Alabama,2018-19,20.0,0,0,0,0,0,0,10,0,0,0,0,0,15.05,0,0,0,0,0,0,3,0,0,0,0,0
Avery Johnson Jr.,Alabama,2018-19,20.0,13,42,2,14,1,2,4,5,0,3,16,6,15.05,8,26,2,12,8,8,1,2,0,1,4,3
Avery Sullivan,Lamar,2018-19,0.0,7,11,0,0,2,3,0,4,1,5,2,2,18.13,5,7,0,0,1,3,1,0,1,4,4,4
Avery Theus,Texas Lutheran,2018-19,0.0,0,0,0,0,0,0,0,0,0,0,0,0,20.0,4,9,1,1,0,0,1,1,0,2,2,2
Avery White,Shenandoah,2018-19,20.0,1,4,0,2,0,0,0,0,0,0,0,0,14.95,1,1,0,0,0,0,0,0,0,0,2,0
Avery Wilson,Boston College,2018-19,20.0,1,2,0,0,0,2,2,1,0,0,0,1,20.0,0,3,0,2,0,0,0,1,0,0,2,1
Avi Toomer,Bucknell,2018-19,18.62,38,99,21,62,11,20,24,23,4,13,38,21,20.0,54,102,26,62,29,42,35,17,3,15,44,20
Avila,,2018-19,0.0,0,0,0,0,0,0,0,0,0,2,0,2,0.0,0,0,0,0,0,0,0,0,0,0,1,0
Axel Mpoyo,Grambling,2018-19,20.0,21,47,5,14,3,6,1,4,3,8,35,12,20.0,25,47,4,11,13,19,6,4,5,17,20,17
Ayo Akinwole,Omaha,2018-19,20.0,24,52,7,18,6,9,23,15,0,5,23,11,14.9,24,50,11,20,16,17,26,11,0,7,22,12
Ayo Dosunmu,Illinois,2018-19,20.0,90,199,30,82,18,29,47,26,2,13,54,43,14.98,69,166,20,57,44,62,52,17,5,9,48,29
Ayoub Nouhi,UT Arlington,2018-19,20.0,20,39,7,12,3,5,5,8,2,10,16,6,17.82,10,22,2,9,1,8,4,3,0,2,5,9
Azar Swain,Yale,2018-19,15.53,36,86,22,57,8,9,12,4,1,1,34,18,20.0,32,74,23,55,9,12,14,4,1,5,30,11
Azariah Seay,Alabama State,2018-19,20.0,7,27,3,14,4,6,3,3,1,4,1,5,14.93,2,9,0,5,0,0,1,3,0,1,2,1
Azim Hutson,,2018-19,0.0,0,0,0,0,0,0,0,0,0,0,0,1,0.0,0,0,0,0,0,0,0,1,0,0,0,1
Aziz Fadika,,2018-19,14.15,1,1,0,0,1,2,0,0,0,0,1,0,0.0,1,2,0,0,0,0,0,0,0,1,1,0
Aziz Seck,Northern Arizona,2018-19,0.0,4,11,0,0,2,4,4,2,2,4,8,11,17.17,9,9,0,0,4,12,2,1,2,5,9,2
B.J. Maxwell,Abilene Christian,2018-19,20.0,31,82,15,47,11,12,0,12,4,20,37,8,14.77,39,70,13,31,17,18,0,11,5,15,31,12
B.J. Miller,Fort Valley State,2018-19,20.0,39,84,8,25,16,19,0,18,0,8,29,29,14.9,49,89,6,16,44,56,0,22,2,5,23,19
B.J. Stith,Old Dominion,2018-19,20.0,88,228,25,79,24,30,1,13,5,24,90,26,17.65,107,246,42,104,66,77,0,16,4,25,106,32
B.J. Taylor,UCF,2018-19,20.0,54,149,17,63,51,67,17,12,0,6,28,23,17.3,62,161,36,80,102,131,17,13,0,3,33,22
BJ Duling,Kent State,2018-19,20.0,15,32,1,6,13,22,9,9,7,13,17,8,20.0,15,24,1,4,3,15,4,5,3,3,13,2
BJ Fitzgerald,Norfolk State,2018-19,20.0,7,21,4,15,2,2,0,2,0,3,12,3,14.83,7,15,2,5,2,3,1,1,0,4,8,3
BJ Maxwell,Abilene Christian,2018-19,20.0,0,0,0,0,0,0,19,0,0,0,0,0,14.77,0,0,0,0,0,0,19,0,0,0,0,0
BJ Miller,Troy,2018-19,20.0,0,0,0,0,0,0,36,0,0,0,0,0,14.9,0,0,0,0,0,0,36,0,0,0,0,0
BJ Stith,Old Dominion,2018-19,20.0,0,0,0,0,0,0,20,0,0,0,0,0,17.65,0,0,0,0,0,0,12,0,0,0,0,0
BJ Taylor,UCF,2018-19,20.0,0,0,0,0,0,0,28,0,0,0,0,0,17.65,0,0,0,0,0,0,35,0,0,0,0,0
BYU,,2018-19,0.0,0,0,0,0,0,0,0,0,0,19,24,5,0.0,0,0,0,0,0,0,0,0,0,15,13,2
Babatunde Sowunmi,Oakland,2018-19,0.0,0,0,0,0,0,0,0,0,0,0,2,0,14.97,0,1,0,0,1,2,1,0,1,0,1,1
Bailey Benham,,2018-19,2.87,1,4,0,1,0,0,1,0,1,0,0,2,0.0,0,7,0,1,0,0,0,0,0,0,1,1
Bailey Gardner,Northwestern Ohio,2018-19,0.0,0,0,0,0,0,0,0,0,0,0,0,1,14.98,0,0,0,0,0,0,1,0,0,0,0,3
Bailey Hardy,Louisiana College,2018-19,20.0,0,2,0,2,0,0,1,0,0,0,0,1,18.13,3,6,3,6,0,0,0,0,0,2,2,2
Bailey Patella,Vermont,2018-19,20.0,5,9,2,5,0,0,3,0,1,1,9,0,20.0,3,9,0,4,0,0,1,0,1,3,4,0
Bailey Spragg,Covenant,2018-19,20.0,0,2,0,1,0,0,0,1,0,0,3,4,14.97,1,1,1,1,0,0,1,1,0,0,0,0
Bailey Stephens,Johnson & Wales (CO),2018-19,20.0,0,3,0,1,3,3,1,0,0,0,1,0,14.82,3,5,2,3,1,1,1,0,0,2,1,1
Bakari Evelyn,Valparaiso,2018-19,20.0,38,118,23,74,8,13,19,10,1,5,33,37,18.72,42,126,22,69,26,33,37,7,1,4,24,22
Bakari Warthen,Palm Beach Atlantic,2018-19,20.0,2,5,2,4,0,0,1,0,0,0,0,1,20.0,0,5,0,1,0,0,2,0,0,0,2,1
Balint Mocsan,Idaho State,2018-19,20.0,68,131,41,78,15,17,33,13,5,2,32,30,14.48,41,113,29,84,30,39,28,15,2,5,25,21
Ball State,,2018-19,0.0,0,0,0,0,0,0,0,0,0,18,25,3,0.0,0,0,0,0,0,0,0,0,0,17,18,3
Balsa Dragovic,Harvard,2018-19,20.0,0,1,0,1,0,0,0,0,0,0,0,0,20.0,0,0,0,0,0,0,0,0,0,0,0,0
Bam Bowman,Miami (OH),2018-19,20.0,54,118,15,42,15,25,10,7,4,29,46,15,14.8,43,90,13,33,38,53,7,4,7,28,59,16
Baptiste Chazelas,,2018-19,6.8,1,1,0,0,0,0,0,0,0,1,2,0,0.0,1,1,0,0,0,0,0,0,0,1,3,1
Barret Benson,Northwestern,2018-19,20.0,13,29,1,4,6,12,8,4,4,8,41,4,14.98,6,17,1,2,4,8,2,1,5,11,15,8
Barry Brown Jr,Kansas State,2018-19,20.0,0,0,0,0,0,0,20,0,0,0,0,0,17.98,0,0,0,0,0,0,19,0,0,0,0,0
Barry Brown Jr.,Kansas State,2018-19,20.0,79,191,19,65,44,60,23,32,3,6,60,25,17.98,101,217,22,71,43,62,32,31,2,9,61,35
Barry McCormick,Washington College (MD),2018-19,20.0,1,2,1,1,0,0,0,1,0,0,2,1,14.93,0,2,0,2,0,0,1,0,0,0,0,0
Basheeru Camara,Medgar Evers,2018-19,20.0,1,5,0,0,0,2,1,0,1,0,3,1,14.93,2,6,0,1,1,3,0,0,0,1,0,2
Basil Thompson,Rosemont College,2018-19,20.0,7,13,0,1,3,9,1,2,1,0,6,7,14.93,3,10,0,0,1,4,1,3,0,2,4,4
Bassel Saliba Jr,Fairleigh Dickinson,2018-19,20.0,0,0,0,0,0,0,1,0,0,0,0,0,14.58,0,0,0,0,0,0,1,0,0,0,0,0
Bassel Saliba Jr.,Fairleigh Dickinson,2018-19,20.0,2,4,2,3,0,0,0,1,0,1,1,1,14.98,0,4,0,1,0,0,0,0,0,0,2,1
Bates Jones,Davidson,2018-19,0.0,4,8,0,1,2,4,8,0,0,4,14,5,17.1,3,7,1,2,4,4,3,0,0,4,8,5
Baylee Steele,Utah Valley,2018-19,20.0,44,76,1,5,36,47,8,2,8,35,85,24,20.0,33,54,1,1,47,58,12,7,5,32,63,15
Baylor,,2018-19,0.0,0,0,0,0,0,0,0,0,0,29,24,3,0.0,0,0,0,0,0,0,0,0,0,34,21,2
Bear Clarkson,Harris Stowe,2018-19,20.0,1,1,0,0,0,0,1,2,0,0,0,3,20.0,1,1,0,0,0,0,1,0,0,0,0,1
Beau Hefner,Oakland City,2018-19,20.0,5,13,4,7,3,3,1,0,0,1,0,3,14.92,2,4,0,0,1,3,0,0,0,0,1,0
Beau LePage,Aquinas College,2018-19,20.0,1,2,1,2,0,0,0,0,0,0,1,1,14.97,0,2,0,2,0,0,1,0,0,1,2,0
Beau Rydalch,Utah,2018-19,0.0,0,0,0,0,0,0,0,0,0,0,0,0,14.95,1,6,1,5,2,2,1,0,0,1,3,0
Beau Tilleman,Corban University,2018-19,20.0,3,5,2,2,0,0,0,0,0,0,0,0,17.4,3,7,1,2,1,2,0,0,0,0,2,0
Belmont,,2018-19,16.43,2,2,2,2,0,0,0,0,0,16,17,9,0.0,0,0,0,0,0,0,0,0,0,18,10,4
Bemidji State,,2018-19,0.0,0,0,0,0,0,0,0,0,0,0,0,1,0.0,0,0,0,0,0,0,0,0,0,2,0,0
Ben Arqueros Jr,Northland College,2018-19,20.0,2,5,1,2,0,0,0,0,0,0,2,0,14.98,1,1,0,0,2,2,1,0,0,0,3,0
Ben Carter,Montana,2018-19,0.0,1,3,0,0,0,0,1,1,0,1,2,0,14.7,1,3,0,1,0,1,0,0,0,0,1,2
Ben Cotton,Goshen College,2018-19,20.0,0,1,0,0,0,0,2,0,0,0,0,0,14.72,0,1,0,1,0,0,1,0,0,0,0,1
Ben Coupet Jr,UNLV,2018-19,0.0,0,0,0,0,0,0,0,0,0,0,0,0,20.0,0,0,0,0,0,0,1,0,0,0,0,0
Ben Coupet Jr.,UNLV,2018-19,0.0,1,3,0,2,0,0,0,0,2,0,3,1,20.0,1,1,0,0,1,1,0,1,0,1,0,0
Ben Drake,Presbyterian,2018-19,20.0,1,7,0,0,2,3,0,0,1,3,8,1,20.0,4,7,1,2,1,2,0,0,1,0,2,0
Ben Fakira,Utah State,2018-19,20.0,3,5,0,0,4,4,0,1,1,5,4,2,14.9,0,2,0,1,1,2,1,0,0,1,0,1
Ben Gaspar,Westcliff,2018-19,20.0,2,6,0,1,0,1,0,1,1,0,3,6,14.68,1,3,0,0,4,4,0,1,1,0,1,3
Ben Hanley,Trinity University (TX),2018-19,20.0,1,1,1,1,0,0,0,0,0,0,0,1,17.78,1,3,0,1,0,0,1,0,0,0,0,2
Ben Harvey,Eastern Illinois,2018-19,20.0,51,112,17,45,14,18,13,6,2,12,51,32,17.98,55,116,14,33,28,40,18,9,1,13,38,26
Ben Holding,Emerson College,2018-19,20.0,2,3,0,1,2,2,1,1,0,1,0,1,14.78,0,1,0,0,0,0,0,0,0,0,0,0
Ben Kinker,Army,2018-19,20.0,10,21,4,12,1,3,0,1,0,1,8,1,20.0,3,7,2,6,0,3,1,0,1,2,4,3
Ben Milstein,Columbia,2018-19,0.0,0,0,0,0,0,0,0,0,0,0,0,0,14.9,0,3,0,1,0,0,1,1,0,1,1,1
Ben Nakwaasah,Utah Valley,2018-19,20.0,38,102,21,56,20,26,54,10,1,2,45,31,20.0,47,106,22,51,21,32,38,8,0,1,35,31
Ben Perez,Iona,2018-19,20.0,43,98,29,73,16,19,10,15,3,11,44,10,20.0,24,60,16,46,12,18,18,10,1,10,31,10
Ben Pyle,Western Illinois,2018-19,20.0,40,101,24,60,11,13,21,9,1,7,49,21,14.8,36,90,18,54,26,33,22,16,0,7,41,11
Ben Robertson,Bucknell,2018-19,15.0,5,14,1,7,2,7,7,4,1,2,12,3,20.0,12,16,0,0,0,5,9,1,0,1,11,2
Ben Shungu,Vermont,2018-19,20.0,22,39,6,11,13,23,18,9,1,9,37,19,20.0,22,45,9,15,15,19,18,10,3,10,28,12
Ben Snider,Hiwassee College,2018-19,20.0,8,14,1,4,5,5,2,1,0,2,2,4,14.97,6,12,4,8,6,6,2,1,1,1,2,4
Ben Spence,Birmingham-Southern,2018-19,20.0,1,4,1,4,0,0,0,0,0,0,1,0,14.97,0,0,0,0,0,0,0,0,0,0,1,0
Ben Stachowski,Wabash College,2018-19,20.0,1,4,0,2,1,1,1,0,0,0,4,1,15.08,0,0,0,0,0,0,0,0,0,0,1,1
Ben Swett,Dartmouth,2018-19,0.0,0,0,0,0,0,0,0,0,0,0,0,0,15.38,1,1,0,0,0,0,0,0,0,0,0,0
Ben Vander Plas,Ohio,2018-19,20.0,42,104,25,75,5,9,16,16,8,17,47,15,14.93,33,87,14,58,19,24,23,9,3,17,52,13
Ben Vander Plas made Layup. Assisted by Gavin,,2018-19,0.0,0,0,0,0,0,0,0,0,1,0,0,0,0.0,0,0,0,0,0,0,0,0,2,0,0,0
Ben Vander Plas made Three Point Jumper. Assisted by Gavin,,2018-19,0.0,0,0,0,0,0,0,0,0,5,0,0,0,0.0,0,0,0,0,0,0,0,0,3,0,0,0
Ben Wagner,,2018-19,0.0,0,0,0,0,0,0,0,0,0,0,0,1,0.0,0,0,0,0,0,0,0,0,0,0,0,0
Ben Walters,SUNY-Cortland,2018-19,20.0,0,3,0,3,0,0,1,0,0,1,0,0,14.92,1,1,1,1,5,5,0,0,0,0,0,0
Benedictine,,2018-19,0.0,0,0,0,0,0,0,0,0,0,1,0,0,0.0,0,0,0,0,0,0,0,0,0,0,0,0
Benedictine (AZ),,2018-19,0.0,0,0,0,0,0,0,0,0,0,2,2,0,0.0,0,0,0,0,0,0,0,0,0,0,1,0
Benjamin Jones,Calvary,2018-19,20.0,1,1,1,1,0,0,1,0,0,0,0,0,14.75,1,3,0,2,0,0,0,0,0,1,2,2
Benjamin Litteken,,2018-19,0.0,0,0,0,0,0,0,0,0,0,0,0,0,0.0,0,0,0,0,0,0,0,0,0,1,0,0
Benjamin Stanley,Hampton,2018-19,20.0,23,36,1,1,5,8,1,1,4,12,27,5,19.05,27,46,0,1,16,29,1,1,8,22,20,11
Benjamin Uloko,Houston Baptist,2018-19,20.0,30,58,1,1,15,20,5,3,6,19,27,11,14.9,29,45,1,1,13,25,2,4,3,12,25,12
Benjamin Young,Washington College (MD),2018-19,0.0,0,0,0,0,0,0,0,0,0,0,0,1,14.93,0,0,0,0,2,2,0,0,0,0,0,1
Bennett Holley,Appalachian State,2018-19,20.0,19,38,17,36,7,9,4,4,0,9,28,6,14.93,16,40,11,31,5,7,4,0,0,8,29,0
Bennie Boatwright,USC,2018-19,20.0,89,202,38,95,35,47,40,13,7,26,80,28,15.35,98,197,48,104,41,61,40,9,9,17,71,17
Bentiu Panoam,North Dakota,2018-19,20.0,6,23,2,12,0,2,0,2,0,3,8,2,20.0,9,18,3,8,5,7,4,3,0,2,4,2
Bernard Lightsey,Lincoln PA,2018-19,20.0,0,2,0,2,0,0,0,0,0,0,0,2,20.0,1,3,0,1,0,0,0,0,0,0,1,0
Bernie Andre,Northern Arizona,2018-19,20.0,65,143,14,43,26,34,13,8,2,26,76,29,17.17,61,126,9,26,31,43,18,10,4,34,77,17
Berrick JeanLouis,New Mexico State,2018-19,20.0,1,4,0,1,2,4,0,0,0,1,0,0,14.87,5,10,0,5,1,1,0,1,0,0,0,1
Bershard Edwards,LaGrange College,2018-19,20.0,0,1,0,0,0,0,1,0,0,0,0,1,14.93,0,0,0,0,2,3,0,1,0,0,0,0
Bertrand Awana,Lenoir Rhyne,2018-19,20.0,0,2,0,0,0,0,1,0,1,1,0,0,14.97,1,2,0,0,0,0,0,0,0,0,1,1
Bethany (KS),,2018-19,0.0,0,0,0,0,0,0,0,0,0,1,0,0,0.0,0,0,0,0,0,0,0,0,0,0,0,0
Bethel (TN),,2018-19,0.0,0,0,0,0,0,0,0,0,0,0,2,0,0.0,0,0,0,0,0,0,0,0,0,1,2,0
Bethesda University,,2018-19,0.0,0,0,0,0,0,0,0,0,0,7,10,4,0.0,0,0,0,0,0,0,0,0,0,3,8,0
Bethune-Cookman,,2018-19,0.0,0,0,0,0,0,0,0,0,0,22,15,14,0.0,0,0,0,0,0,0,0,0,0,29,14,9
Bill Awet,SIU-Edwardsville,2018-19,15.0,3,7,1,4,2,2,0,2,0,0,2,3,20.0,1,2,0,1,0,1,1,1,0,0,1,1
Billy Brown,North Dakota,2018-19,20.0,33,71,17,37,4,6,28,19,3,5,38,28,20.0,31,57,18,37,5,6,17,12,1,1,35,14
Billy Michael Dyer,Brescia,2018-19,20.0,1,1,0,0,2,4,1,0,0,0,0,0,14.97,0,0,0,0,0,0,0,0,1,0,0,0
Billy Miller Vi,Chestnut Hill College,2018-19,20.0,2,2,2,2,0,2,1,1,0,0,3,1,19.07,1,5,1,3,0,0,1,1,0,1,0,0
Billy Smith,Elmira,2018-19,0.0,0,0,0,0,0,0,0,0,0,0,0,0,14.73,0,2,0,0,0,0,0,0,0,0,0,0
Billy Veras,Centenary NJ,2018-19,20.0,0,1,0,1,0,0,0,0,0,0,0,0,14.9,0,0,0,0,0,0,0,0,0,0,0,0
Billy Wampler,,2018-19,0.22,90,212,40,114,47,55,24,10,3,11,36,20,0.0,74,162,34,84,58,75,15,8,2,11,50,16
Binghamton,,2018-19,19.32,2,2,2,2,0,0,0,0,0,19,34,10,0.0,0,0,0,0,0,0,0,0,0,15,26,6
Birmingham-So.,,2018-19,0.0,0,0,0,0,0,0,0,0,0,1,0,0,0.0,0,0,0,0,0,0,0,0,0,1,1,0
Bjorn Broman,Winthrop,2018-19,20.0,45,116,37,96,26,33,37,10,3,10,40,8,18.83,35,95,23,73,53,64,25,5,0,8,18,19
Blair Orr,CSU Northridge,2018-19,20.0,8,14,0,0,4,4,3,0,0,2,11,6,20.0,5,15,0,0,1,3,0,0,0,0,3,0
Blake Bonin,,2018-19,1.73,2,3,2,2,0,0,0,0,0,0,0,2,0.0,1,1,0,0,0,0,0,0,0,0,1,0
Blake Bradshaw,Lyon,2018-19,20.0,1,4,0,0,0,0,0,0,0,1,0,0,18.78,1,3,0,0,0,2,2,0,1,2,3,1
Blake Brinkmeyer,Indiana State,2018-19,20.0,1,1,0,0,0,1,0,1,0,0,3,1,20.0,2,2,0,0,4,4,0,0,0,2,2,0
Blake Coleman,Bob Jones University,2018-19,20.0,2,7,0,4,0,0,1,1,0,1,2,3,14.93,1,5,0,0,0,0,0,0,0,0,2,0
Blake Dittman,Montana Tech,2018-19,20.0,0,2,0,2,0,0,0,0,0,0,1,1,14.7,2,5,0,2,2,2,0,1,0,1,2,1
Blake Harris,NC State,2018-19,20.0,13,37,2,8,9,15,25,14,0,2,24,20,14.8,12,22,5,7,11,13,13,6,0,4,7,9
Blake Hatcher,,2018-19,0.0,0,0,0,0,0,0,0,0,0,0,0,1,0.0,0,0,0,0,0,0,0,0,0,0,0,0
Blake Hinson,Ole Miss,2018-19,20.0,46,116,24,71,20,27,20,9,4,13,41,14,15.07,42,94,22,56,22,30,16,6,5,10,28,14
Blake Huggins,Ball State,2018-19,0.0,1,2,0,0,1,1,2,0,1,1,3,2,14.95,4,10,0,0,5,6,2,0,2,8,6,1
Blake Kindred,Schreiner,2018-19,20.0,0,1,0,0,0,0,1,0,0,1,0,0,14.78,1,2,0,0,1,1,0,0,0,0,0,1
Blake Paul,Tulane,2018-19,20.0,26,53,0,1,8,10,14,8,14,17,38,14,20.0,28,50,0,0,7,11,11,3,9,15,46,16
Blake Payne,,2018-19,1.12,1,2,0,0,0,0,1,0,2,0,1,0,0.0,0,1,0,0,1,2,0,0,0,3,1,1
Blake Reynolds,Yale,2018-19,15.1,66,111,18,40,5,7,24,14,4,19,42,24,20.0,53,105,15,36,15,21,22,2,5,14,39,10
Blake Smith,Pfeiffer,2018-19,20.0,1,3,1,3,0,0,0,0,0,0,2,0,14.9,5,12,4,10,0,0,1,0,0,1,1,0
Blake Trent,Simpson University,2018-19,20.0,4,7,3,4,0,0,0,0,0,1,1,1,16.87,1,3,0,1,4,4,0,0,0,1,2,4
Blake Truman,Idaho State,2018-19,0.0,1,5,0,4,0,0,0,2,1,1,3,0,14.48,7,15,3,9,0,1,2,1,0,2,2,4
Blake Verbeek,Holy Cross,2018-19,20.0,1,3,0,0,0,0,0,0,0,0,2,1,20.0,0,0,0,0,0,0,0,0,0,0,0,0
Blake Zieske,Pfeiffer,2018-19,0.0,0,0,0,0,0,0,0,0,0,0,0,0,14.9,0,1,0,1,0,0,1,0,0,0,0,0
Bloomsburg,,2018-19,0.0,0,0,0,0,0,0,0,0,0,0,1,0,0.0,0,0,0,0,0,0,0,0,0,1,0,0
Blue Mountain,,2018-19,0.0,0,0,0,0,0,0,0,0,0,3,1,0,0.0,0,0,0,0,0,0,0,0,0,0,0,0
Bo Blight,Charlotte,2018-19,0.0,5,15,2,8,1,2,3,0,4,4,16,5,20.0,4,16,1,5,1,2,2,4,4,3,16,4
Bo Hodges,East Tennessee State,2018-19,20.0,61,125,8,22,23,44,33,17,18,20,42,28,20.0,47,100,6,18,21,37,34,12,4,22,37,19
Bo Pless,Milligan,2018-19,20.0,3,8,2,6,0,0,2,0,0,0,0,2,14.83,1,3,0,2,2,2,3,0,0,1,0,0
Bo Schene,Frostburg State,2018-19,15.0,0,1,0,1,0,0,0,0,0,0,0,1,20.0,0,0,0,0,0,0,0,0,0,0,0,0
Bob Jones,,2018-19,0.0,0,0,0,0,0,0,0,0,0,0,3,0,0.0,0,0,0,0,0,0,0,0,0,0,2,1
Boban Jacdonmi,Southern Miss,2018-19,20.0,6,19,0,0,1,4,1,1,2,8,16,4,14.82,5,10,0,0,1,4,0,2,1,6,4,2
Bobby Arthur-Williams,Milwaukee,2018-19,20.0,23,49,5,17,8,15,10,6,5,17,33,29,20.0,10,33,2,13,4,8,7,5,3,17,18,8
Bobby Connors,Hartwick,2018-19,0.0,0,0,0,0,0,0,0,1,0,0,1,0,17.88,0,2,0,0,0,0,0,1,0,2,0,1
Bobby Jackson,Grambling,2018-19,0.0,0,0,0,0,0,0,0,0,0,0,0,0,14.93,0,1,0,1,0,0,0,0,0,0,1,0
Bobby Kazar,Holy Names,2018-19,20.0,2,5,0,0,0,0,2,0,0,0,4,3,17.73,1,4,0,0,1,2,2,0,0,1,0,0
Bobby Moorehead,Montana,2018-19,20.0,24,89,16,64,3,6,26,13,7,14,81,18,20.0,35,82,25,65,8,12,24,10,20,9,60,11
Bobby Parker,Kennesaw State,2018-19,20.0,24,55,10,26,5,8,13,7,0,4,22,10,17.98,27,50,15,28,5,7,9,3,1,2,8,7
Bodie Hume,Northern Colorado,2018-19,20.0,57,136,33,91,21,24,7,4,18,17,46,23,14.93,49,103,33,77,22,33,15,6,15,17,43,8
Boe Nguidjol,Detroit Mercy,2018-19,20.0,4,6,0,0,0,2,0,5,1,3,6,3,17.9,3,7,0,0,3,4,0,2,1,7,12,2
Boise State,,2018-19,0.0,0,0,0,0,0,0,0,0,0,14,33,7,0.0,0,0,0,0,0,0,0,0,0,23,19,3
Bol Bol,Oregon,2018-19,20.0,22,38,8,11,4,6,1,3,4,3,22,6,20.0,23,37,3,8,9,11,4,0,5,4,17,3
Bol Riek,New Orleans,2018-19,20.0,2,4,0,0,0,0,0,1,0,1,3,3,14.87,1,4,0,0,2,2,0,0,0,0,0,1
Bolden Brace,Northeastern,2018-19,20.0,55,110,26,58,15,21,46,11,7,8,77,20,20.0,41,97,25,65,36,43,42,18,1,16,77,18
Boston College,,2018-19,8.25,4,4,2,2,0,0,0,0,0,27,22,9,0.0,0,0,0,0,0,0,0,0,0,20,18,12
Boston University,,2018-19,0.0,0,0,0,0,0,0,0,0,0,24,26,6,0.0,0,0,0,0,0,0,0,0,0,34,17,9
Both Gach,Utah,2018-19,20.0,38,87,14,54,9,10,31,9,2,6,21,27,17.88,31,60,12,31,33,38,25,6,2,9,21,22
Boubacar Toure,Eastern Michigan,2018-19,20.0,60,88,0,1,11,28,6,6,17,44,76,37,20.0,42,70,0,0,36,72,6,9,24,45,71,23
Bourama Sidibe,Syracuse,2018-19,20.0,14,24,0,0,8,22,0,9,8,14,26,4,14.93,4,12,0,0,6,15,4,2,6,12,14,2
Bowling Green,,2018-19,0.0,0,0,0,0,0,0,0,0,0,26,23,2,0.0,0,0,0,0,0,0,0,0,0,22,31,1
Boyce,,2018-19,0.0,0,0,0,0,0,0,0,0,0,2,3,0,0.0,0,0,0,0,0,0,0,0,0,4,1,0
Brachen Hazen,Ball State,2018-19,20.0,14,26,5,9,4,9,3,4,3,4,22,12,18.95,14,23,2,6,12,19,3,1,3,8,24,6
Brad Brechting,Oakland,2018-19,0.0,73,121,5,15,37,51,18,7,22,37,68,32,20.0,42,76,4,10,32,39,19,7,14,23,65,16
Brad Davison,Wisconsin,2018-19,20.0,52,136,23,67,15,21,32,17,0,7,44,17,20.0,56,137,26,67,50,62,29,19,2,0,48,14
Brad Mason,Texas-Tyler,2018-19,20.0,0,2,0,1,0,0,1,0,0,0,2,1,18.0,0,0,0,0,0,0,0,0,0,0,0,0
Brad Newman,Lindenwood,2018-19,20.0,1,7,0,4,0,0,0,2,0,0,0,2,17.87,0,3,0,0,1,2,0,1,0,0,0,1
Braden Norris,Oakland,2018-19,20.0,40,85,35,73,12,14,81,23,0,0,46,30,20.0,30,77,26,59,39,55,86,23,2,2,39,33
Braden Walbeck,Wisconsin-Stout,2018-19,20.0,2,4,2,4,0,0,0,0,0,0,0,0,14.93,1,3,0,2,0,0,0,0,0,0,0,1
Bradley,,2018-19,0.0,0,0,0,0,0,0,0,0,0,18,27,14,0.0,0,0,0,0,0,0,0,0,0,13,26,11
Bradley Walker,Bethel (TN),2018-19,20.0,1,4,0,1,0,0,1,0,1,1,0,1,14.92,1,3,0,0,1,2,0,0,1,2,2,0
Brady Ellingson,Drake,2018-19,20.0,61,136,40,90,7,8,33,7,4,4,37,16,14.58,67,127,37,79,25,27,24,11,2,1,22,17
Brady Ernst,Florida Gulf Coast,2018-19,20.0,18,31,0,0,12,22,9,3,8,16,34,13,14.97,16,25,0,0,3,8,5,3,6,13,20,9
Brady Heiman,Nebraska,2018-19,20.0,12,17,0,0,0,4,2,3,8,10,12,3,15.23,5,10,0,0,2,3,0,0,4,3,6,2
Brady Manek,Oklahoma,2018-19,20.0,70,162,29,81,29,34,8,9,8,26,71,18,17.92,74,139,23,64,20,30,15,13,14,17,65,26
Brady Schuck,Furman,2018-19,0.0,0,0,0,0,0,0,0,0,0,0,0,0,14.83,1,2,0,1,0,0,0,0,0,0,1,0
Brae Ivey,San José St,2018-19,20.0,29,79,14,45,35,43,43,16,0,4,19,37,20.0,33,80,15,42,36,46,37,8,2,6,25,31
Braedan Hanson,Southwest Minnesota State,2018-19,20.0,1,2,0,1,0,0,0,0,0,1,1,2,15.0,1,2,0,1,0,0,0,0,0,0,1,0
Braeden Stewart,Miles,2018-19,20.0,0,1,0,0,0,0,0,0,1,0,1,0,20.0,1,2,0,0,0,0,0,0,0,0,1,1
Braedon Bayer,Siena,2018-19,20.0,1,6,1,6,0,0,0,1,1,0,1,1,18.77,0,2,0,2,0,0,1,0,0,0,1,1
Brailen Neely,Oakland,2018-19,20.0,0,5,0,3,2,4,8,2,0,0,3,2,20.0,6,9,1,2,3,6,9,1,1,0,4,0
Branden Charbonier,Bethesda,2018-19,20.0,7,16,1,7,0,2,4,4,0,1,1,3,17.1,2,8,1,4,0,0,2,0,0,2,6,3
Branden Johnson,Alabama State,2018-19,0.0,25,42,0,0,16,30,2,2,10,20,36,6,14.63,20,30,0,0,5,23,0,4,5,17,24,10
Branden Maughmer,Cedarville,2018-19,20.0,7,13,1,3,2,2,3,1,0,1,5,2,14.92,2,6,0,1,0,1,1,2,0,2,1,3
Branden Sheppard,William Carey,2018-19,20.0,7,9,0,0,4,6,1,1,3,1,7,2,15.3,2,4,0,0,2,5,0,0,2,2,7,5
Brandon Adkisson,SUNY-Canton,2018-19,20.0,2,5,1,1,0,0,0,1,0,0,1,0,14.97,0,4,0,2,0,0,0,0,0,0,0,0
Brandon Alston,Georgia Tech,2018-19,20.0,18,45,4,15,14,18,9,3,0,1,18,16,19.5,30,62,10,27,22,23,9,3,1,4,16,10
Brandon Anderson,Brown,2018-19,20.0,34,88,11,35,19,28,28,19,0,4,16,33,20.0,37,84,9,25,43,55,24,12,0,6,25,29
Brandon Armstrong,South Dakota,2018-19,0.0,26,64,15,37,13,15,10,3,0,4,23,4,15.25,31,69,15,44,24,32,7,7,0,5,30,9
Brandon Austin,Samford,2018-19,20.0,64,162,42,106,16,29,4,10,3,9,59,15,16.68,66,140,40,92,21,25,9,23,3,5,52,13
Brandon Better,Southern Utah,2018-19,0.0,58,151,34,96,30,37,18,8,1,2,18,19,14.6,52,145,32,98,51,60,23,10,0,4,18,22
Brandon Boston,Mississippi College,2018-19,20.0,7,24,3,3,2,2,2,1,0,0,15,5,14.97,7,16,0,1,2,3,0,3,0,2,6,4
Brandon Boyd,Idaho State,2018-19,20.0,80,189,17,56,43,52,55,14,2,5,32,39,14.48,68,169,18,62,50,64,53,16,0,8,29,36
Brandon Bullock,McMurry,2018-19,0.0,0,0,0,0,0,0,0,1,0,0,1,0,14.85,0,1,0,0,0,0,0,0,0,1,0,1
Brandon Carroll,Bryant,2018-19,20.0,6,13,3,8,0,0,4,4,3,3,10,3,20.0,2,8,1,3,1,2,2,2,1,7,3,0
Brandon Childress,,2018-19,3.12,52,151,26,83,42,52,54,26,0,5,49,42,0.0,61,156,35,91,58,74,47,10,1,7,37,33
Brandon Clarke,Gonzaga,2018-19,20.0,116,181,2,7,41,62,29,18,45,44,93,32,14.48,121,166,1,6,58,83,35,22,61,65,92,23
Brandon Cranford,William Carey,2018-19,20.0,2,8,2,6,1,2,0,0,1,0,2,1,15.3,2,4,2,4,3,4,1,0,0,1,2,0
Brandon Danziger,Cal Lutheran,2018-19,20.0,0,1,0,0,0,0,0,0,0,0,0,1,14.68,0,0,0,0,0,0,0,0,0,0,0,0
Brandon Dixon,,2018-19,0.0,0,0,0,0,0,0,0,0,0,0,0,0,0.0,0,0,0,0,0,0,0,0,0,1,1,0
Brandon Doss,Columbia International,2018-19,20.0,4,5,1,1,0,1,1,1,0,0,2,1,14.87,0,3,0,1,0,0,0,0,0,0,4,1
Brandon England,,2018-19,0.0,0,0,0,0,0,0,0,0,0,0,0,1,0.0,0,0,0,0,0,0,0,0,0,0,0,0
Brandon Fischer,Spring Hill,2018-19,20.0,2,3,0,0,0,0,0,0,0,0,0,2,14.87,9,17,0,2,2,3,1,0,0,4,3,1
Brandon Galland,Northland College,2018-19,20.0,0,6,0,0,2,2,0,1,0,2,3,0,14.98,1,5,0,2,2,2,1,1,0,0,2,0
Brandon Gilbeck,Western Illinois,2018-19,20.0,63,116,0,0,14,27,18,13,55,34,83,45,14.8,49,81,0,0,35,58,7,7,34,48,76,31
Brandon Gilbertson,Wisconsin-Stout,2018-19,20.0,0,2,0,1,0,0,0,0,0,0,0,0,14.93,0,3,0,2,2,2,0,0,0,0,2,3
Brandon Gonzalez,SE Louisiana,2018-19,20.0,28,75,25,61,10,12,13,6,4,20,37,15,14.93,26,71,15,50,16,19,11,10,1,13,30,12
Brandon Harris,Arlington Baptist,2018-19,20.0,1,1,0,0,0,0,0,0,0,0,0,0,14.93,0,1,0,0,0,1,1,1,0,0,1,0
Brandon Hau,Wisconsin Parkside,2018-19,20.0,0,3,0,3,0,0,1,0,0,0,4,0,15.58,1,2,0,1,0,0,0,1,0,0,1,1
Brandon Horvath,UMBC,2018-19,20.0,31,78,9,35,16,29,14,7,8,9,48,17,14.95,42,91,10,30,53,76,11,14,3,21,36,16
Brandon Houston,Alabama A&M,2018-19,20.0,8,17,1,4,2,3,2,0,0,2,4,2,19.5,5,13,0,2,2,2,1,0,0,0,4,4
Brandon Huffman,North Carolina,2018-19,0.0,4,6,0,0,2,3,1,0,1,2,3,0,17.72,2,2,0,0,0,4,0,1,0,1,0,1
Brandon Hutton,Northwestern State,2018-19,20.0,11,40,1,6,6,10,3,6,7,11,9,21,14.98,7,26,1,5,2,6,4,13,2,2,7,14
Brandon Jackson,SIU-Edwardsville,2018-19,20.0,80,147,7,21,22,32,5,3,1,34,51,30,18.7,71,149,4,14,34,48,5,8,6,42,49,23
Brandon Johns Jr.,Michigan,2018-19,0.0,1,4,0,0,1,2,0,1,0,2,4,3,14.9,5,8,0,1,0,0,0,0,1,4,2,0
Brandon Kenyon,IUPUI,2018-19,20.0,1,4,0,1,3,3,0,0,1,0,1,0,17.87,1,2,0,0,0,0,0,0,1,0,1,1
Brandon Knapper,West Virginia,2018-19,16.35,26,76,13,43,8,11,16,6,0,3,30,26,20.0,20,54,11,32,20,25,15,8,0,0,12,20
Brandon Leftwich,Mt. St. Mary's,2018-19,0.0,0,0,0,0,0,0,0,0,0,0,0,2,14.73,0,0,0,0,1,2,0,0,0,0,0,1
Brandon Levier,Cumberland (TN),2018-19,0.0,0,0,0,0,0,0,0,0,0,0,0,0,20.0,1,1,0,0,0,0,0,0,0,0,0,0
Brandon Lewis,Wesley,2018-19,20.0,2,8,0,4,0,0,0,1,0,1,5,0,14.75,0,1,0,0,3,4,1,0,1,2,1,2
Brandon Mahan,Texas A&M,2018-19,20.0,27,75,20,52,10,16,9,11,5,10,39,13,20.0,24,59,17,43,7,10,9,5,3,7,24,6
Brandon Martin,South Carolina Upstate,2018-19,20.0,28,56,0,3,5,6,5,9,3,14,19,11,19.2,25,47,1,3,14,22,5,4,5,10,12,9
Brandon McGhee,Pacific,2018-19,20.0,13,22,1,4,3,3,11,9,1,9,12,9,14.93,7,18,0,0,5,8,17,9,1,11,13,4
Brandon McKissic,UMKC,2018-19,20.0,47,115,11,41,11,21,22,17,1,3,40,16,14.6,56,113,11,27,19,36,19,21,4,12,25,24
Brandon Miller,Alabama A&M,2018-19,20.0,43,110,18,47,8,17,53,21,3,21,49,39,17.73,27,88,14,41,27,37,52,21,1,16,49,31
Brandon Moore Jr,Nicholls,2018-19,20.0,0,0,0,0,0,0,24,0,0,0,0,0,17.45,0,0,0,0,0,0,14,0,0,0,0,0
Brandon Moore Jr.,Nicholls,2018-19,20.0,21,70,4,18,4,6,0,8,5,15,46,22,14.97,49,85,8,18,14,20,0,12,4,24,50,17
Brandon Morley,Utah,2018-19,20.0,2,6,2,5,4,7,2,0,0,2,4,1,14.78,5,14,2,6,2,4,0,2,1,6,7,3
Brandon Moss,Simpson University,2018-19,20.0,0,3,0,1,0,0,0,0,0,0,2,1,16.87,0,0,0,0,0,0,0,0,0,0,0,0
Brandon Newman,UL Monroe,2018-19,0.0,24,35,9,13,9,11,28,10,2,1,22,11,14.92,6,12,1,5,7,11,17,6,0,2,13,10
Brandon Newsome,Johnson & Wales (RI),2018-19,20.0,0,1,0,0,0,0,0,0,0,0,0,0,17.18,0,1,0,1,0,0,0,0,0,0,2,0
Brandon Palmer,SUNY-Canton,2018-19,20.0,0,1,0,1,0,0,0,0,0,1,0,0,14.97,0,2,0,1,0,1,0,0,0,0,3,0
Brandon Philips,Avila,2018-19,20.0,3,7,2,5,3,4,0,1,0,3,1,1,14.95,3,6,0,0,0,0,0,0,0,1,2,0
Brandon Porter,Wyoming,2018-19,20.0,17,39,11,24,6,8,3,3,2,4,18,19,17.18,10,29,4,15,3,5,2,6,1,4,7,8
Brandon Powell,Fairleigh Dickinson,2018-19,20.0,10,29,6,18,5,6,11,8,0,3,19,8,19.3,6,25,4,15,8,12,6,11,0,2,13,10
Brandon Providence,Medgar Evers,2018-19,0.0,0,0,0,0,0,0,0,0,0,0,1,1,14.93,0,1,0,1,2,2,0,0,0,0,1,0
Brandon Randolph,Arizona,2018-19,20.0,46,154,11,52,20,27,13,11,6,6,36,24,14.9,69,158,18,52,39,53,17,7,2,17,36,12
Brandon Reeves,Harding,2018-19,20.0,0,0,0,0,3,3,0,0,0,0,0,1,14.85,0,0,0,0,4,4,0,1,0,0,5,1
Brandon Robinson,North Carolina,2018-19,20.0,18,40,14,29,2,5,19,6,3,8,23,7,18.38,17,32,6,16,6,9,25,4,1,6,14,7
Brandon Slater,Villanova,2018-19,20.0,0,1,0,1,0,0,0,1,0,0,0,1,17.92,1,2,0,1,0,0,1,1,2,0,1,1
Brandon Suggs,UMKC,2018-19,20.0,16,28,0,0,3,9,2,4,8,11,28,6,14.6,7,12,0,0,9,17,2,3,0,20,12,3
Brandon Thomas,Hawai'i,2018-19,20.0,2,12,0,5,0,0,1,0,0,3,1,0,17.95,5,12,1,5,6,8,3,3,0,1,4,2
Brandon Tillis,Sonoma State,2018-19,0.0,0,0,0,0,0,0,0,0,0,0,2,1,15.7,1,1,0,0,0,0,1,0,0,0,0,0
Brandon Trimble,Wisconsin Parkside,2018-19,20.0,2,4,1,1,0,0,0,1,0,0,0,3,15.58,3,7,0,2,0,0,1,1,0,0,1,1
Brandon Tucker,Trinity Baptist,2018-19,20.0,3,9,1,3,0,0,3,6,0,1,6,4,14.83,1,2,0,1,0,2,0,1,0,1,3,4
Brandon Wade,Duquesne,2018-19,20.0,5,22,1,11,7,9,11,6,0,1,8,13,17.78,4,19,2,14,2,4,10,1,1,2,6,10
Brandon Watkins,Goshen College,2018-19,20.0,0,1,0,1,0,0,1,0,0,0,0,1,14.72,2,4,0,2,0,0,1,0,0,0,0,1
Brandon Williams,Arizona,2018-19,20.0,44,106,23,57,43,53,39,10,1,4,33,21,14.9,33,94,10,40,34,40,31,3,3,1,26,16
Brandon Wright,Alabama A&M,2018-19,20.0,7,14,2,4,2,6,11,5,0,4,11,9,17.9,5,12,0,1,1,3,12,4,0,2,7,8
Brandon Younger,Charlotte,2018-19,20.0,17,59,6,25,6,6,6,5,5,5,28,17,20.0,28,61,9,19,14,19,8,7,6,4,30,10
Brandon Yu,Centenary NJ,2018-19,20.0,0,0,0,0,0,0,1,0,0,0,0,0,14.9,0,0,0,0,0,0,0,0,0,0,0,0
Brandone Francis,Texas Tech,2018-19,20.0,45,123,22,64,11,15,28,22,2,7,37,14,14.75,36,97,19,59,11,19,16,7,4,2,35,16
Brandonn Kamga,High Point,2018-19,20.0,72,156,24,63,14,24,19,16,6,18,44,25,20.0,51,123,14,46,27,41,17,8,8,12,48,15
Braquan Echols,Dominican (IL),2018-19,20.0,3,6,0,3,0,0,1,1,0,1,4,3,14.98,1,4,1,2,0,0,0,0,0,1,0,0
Braxton Beverly,NC State,2018-19,20.0,54,155,41,114,14,20,45,18,0,6,25,16,14.87,51,134,34,100,25,34,38,10,1,2,24,21
Braxton Bonds,Houston Baptist,2018-19,20.0,51,114,2,8,12,20,43,37,4,20,48,29,14.9,54,110,1,13,13,29,58,28,1,20,45,25
Braxton Fasone,Tiffin,2018-19,20.0,3,4,1,2,0,0,0,1,0,1,1,0,14.95,0,2,0,1,0,0,0,0,0,0,0,0
Braxton Huggins,Fresno State,2018-19,20.0,79,195,48,122,45,53,20,17,3,6,44,38,14.77,97,214,49,121,32,46,25,13,6,11,59,27
Braxton Key,Virginia,2018-19,20.0,35,75,8,26,15,20,16,17,9,18,69,11,15.7,32,76,8,26,22,33,17,14,9,27,65,16
Braxton Nappier,Bethel (TN),2018-19,20.0,0,2,0,1,0,0,1,0,0,0,0,0,14.92,1,2,0,0,2,2,2,2,0,0,0,1
Braxton Shaw,Eastern Illinois,2018-19,0.0,3,11,0,2,0,0,0,0,0,0,2,5,17.98,4,8,1,1,2,4,0,2,0,2,2,2
Braxton Tucker,Colorado Christian,2018-19,20.0,0,2,0,0,0,0,0,0,0,1,1,1,14.83,0,0,0,0,0,0,0,0,0,0,0,0
Bray Barnes,CSU Bakersfield,2018-19,20.0,1,3,0,2,0,1,1,0,0,0,0,0,19.53,1,3,1,2,0,0,1,0,0,1,0,0
Brayden Brewer,Williams Baptist,2018-19,20.0,1,1,1,1,0,0,0,0,0,1,0,1,14.95,1,1,0,0,1,1,0,0,0,0,0,0
Braydin Myers,,2018-19,0.0,0,0,0,0,0,0,0,0,0,0,0,0,0.0,0,0,0,0,0,0,0,0,0,0,0,1
Braydon Unruh,Calvary,2018-19,20.0,2,6,1,3,2,2,1,1,0,1,2,2,14.75,0,3,0,2,0,0,0,0,0,2,1,4
Braylen Young,,2018-19,5.35,1,3,1,3,0,0,0,0,0,0,0,0,0.0,0,1,0,1,0,0,0,0,0,0,0,0
Breamon Richard,Long Beach State,2018-19,0.0,3,7,2,4,0,0,2,4,0,1,7,5,20.0,1,4,0,0,0,1,4,2,0,0,4,4
Breaon Brady,Houston,2018-19,20.0,40,71,0,0,15,21,6,11,9,23,49,22,14.8,44,69,1,1,21,36,10,7,15,32,43,14
Breein Tyree,Ole Miss,2018-19,20.0,88,200,31,91,33,40,40,16,6,8,40,36,15.07,103,212,37,84,83,99,50,16,7,3,46,40
Breki Gylfason,Appalachian State,2018-19,20.0,11,24,10,23,1,6,2,0,2,1,8,7,14.93,2,8,1,6,3,5,2,1,0,3,2,3
Brekkott Chapman,Weber State,2018-19,19.07,71,154,31,81,14,19,22,14,30,12,120,35,17.93,61,120,32,64,31,43,36,12,21,16,112,21
Brendan Adams,UConn,2018-19,20.0,14,49,7,32,2,2,10,2,0,5,14,6,20.0,10,21,6,13,10,13,6,2,0,5,9,2
Brendan Bailey,Marquette,2018-19,20.0,18,54,7,35,2,5,7,8,5,10,22,2,14.98,17,42,7,20,7,12,6,4,8,12,9,4
Brendan Barry,Dartmouth,2018-19,20.0,59,123,34,75,5,6,50,12,4,1,48,18,20.0,66,147,39,91,34,39,34,19,3,5,38,22
Brendan Fitzpatrick,SUNY-Cortland,2018-19,0.0,0,0,0,0,0,0,0,0,0,0,1,2,14.92,1,2,0,0,0,0,1,1,0,0,1,0
Brendan Gary,Buena Vista,2018-19,0.0,0,0,0,0,0,0,0,0,0,0,0,0,14.58,1,3,0,0,0,0,0,0,0,2,1,0
Brendan Holt,Spalding,2018-19,20.0,0,2,0,1,0,0,0,0,0,0,0,0,14.83,2,4,1,2,0,0,0,0,0,0,2,0
Brendan Leonard,Misericordia,2018-19,20.0,3,6,2,4,0,0,0,0,0,1,0,0,14.78,0,0,0,0,0,0,0,0,0,0,0,0
Brendan McGovern,SUNY Maritime,2018-19,20.0,4,7,3,6,0,1,0,0,0,0,3,1,14.93,0,3,0,3,0,0,0,0,0,0,0,1
Brendan Medley-Bacon,Coppin State,2018-19,20.0,5,12,1,3,5,9,1,0,2,1,18,12,14.9,9,19,0,1,4,7,1,1,1,11,12,5
Brendan Newton,Liberty,2018-19,0.0,0,1,0,0,0,1,0,0,2,0,3,2,14.9,6,8,0,1,0,4,0,1,1,1,2,0
Brendan O'Leary,New Rochelle,2018-19,0.0,0,0,0,0,0,0,0,0,0,0,0,1,14.75,0,1,0,0,0,0,0,0,0,0,0,0
Brendan Rumel,Portland State,2018-19,20.0,22,39,0,0,9,12,2,0,8,15,22,15,20.0,18,32,0,0,2,3,0,2,2,10,11,7
Brendon Brooks,Southern,2018-19,0.0,12,30,8,20,14,16,16,6,0,1,3,11,15.65,11,29,3,12,6,7,8,0,0,1,4,11
Brendon Gooch,Southern Illinois,2018-19,20.0,6,18,6,18,0,0,1,1,1,1,4,3,14.95,0,6,0,5,1,3,3,1,0,3,9,0
Brendon Myles,,2018-19,0.0,0,0,0,0,0,0,0,0,0,0,0,0,0.0,0,0,0,0,0,0,0,0,0,0,1,0
Brennan Rymer,Alaska Anchorage,2018-19,20.0,0,1,0,0,0,0,1,0,0,0,1,2,14.77,1,3,0,2,0,0,0,0,0,0,2,1
Brennan Schofield,Purdue Northwest,2018-19,0.0,0,0,0,0,0,0,0,0,0,0,0,0,14.97,1,3,0,1,0,0,0,0,0,0,0,0
Brennan Whelen,SUNY Maritime,2018-19,20.0,0,3,0,1,0,0,1,0,0,0,2,2,14.93,0,2,0,0,0,0,0,0,0,0,0,0
Brennon Palmer,Purdue Northwest,2018-19,20.0,1,1,0,0,0,0,0,1,0,1,1,1,14.97,0,1,0,0,0,0,0,0,0,0,0,0
Brent Davis,Warren Wilson,2018-19,20.0,1,8,0,2,1,4,3,1,0,1,1,3,14.93,2,6,0,2,1,4,1,1,0,1,1,1
Brent Finn,Texas A&M-International,2018-19,20.0,1,5,0,3,0,0,1,0,0,0,2,3,14.97,1,5,0,3,3,4,1,1,0,0,0,0
Brent Hank,Albany,2018-19,20.0,9,19,0,0,2,8,8,8,4,23,30,9,20.0,5,13,0,0,7,13,3,4,2,7,16,15
Brent Hibbitts,Grand Canyon,2018-19,0.0,0,0,0,0,0,0,0,0,0,0,0,0,14.83,0,1,0,1,0,0,0,0,0,0,1,0
Brent Holcombe,Loyola (MD),2018-19,20.0,26,52,4,15,10,16,11,3,7,15,30,9,14.88,27,45,6,14,6,12,6,2,3,10,17,9
Brescia,,2018-19,0.0,0,0,0,0,0,0,0,0,0,2,2,0,0.0,0,0,0,0,0,0,0,0,0,3,3,0
Bret Barclay,Wisconsin Parkside,2018-19,0.0,0,0,0,0,0,0,0,0,0,0,1,0,15.58,0,2,0,0,0,0,0,0,0,1,1,0
Brett Barney,Omaha,2018-19,20.0,15,40,7,24,2,3,4,1,1,4,23,4,14.9,12,26,6,11,2,7,5,2,1,9,12,5
Brevard,,2018-19,0.0,0,0,0,0,0,0,0,0,0,2,0,0,0.0,0,0,0,0,0,0,0,0,0,0,1,0
Brevin Galloway,Charleston,2018-19,20.0,43,107,24,70,3,5,14,20,1,16,26,17,19.8,43,82,22,55,6,8,13,16,1,4,25,4
Brevin Pritzl,Wisconsin,2018-19,20.0,20,51,14,38,5,6,7,3,3,5,27,5,20.0,19,37,11,24,18,22,9,5,0,8,33,4
Brewton-Parker,,2018-19,0.0,0,0,0,0,0,0,0,0,0,3,2,2,0.0,0,0,0,0,0,0,0,0,0,3,1,1
Breyon Jackson,Long Beach State,2018-19,20.0,1,5,0,0,4,6,0,0,0,2,3,5,20.0,0,2,0,0,2,4,1,1,0,3,3,0
Brian Beard Jr,Florida International,2018-19,20.0,0,0,0,0,0,0,101,0,0,0,0,0,15.82,0,0,0,0,0,0,83,0,0,0,0,0
Brian Beard Jr.,Florida International,2018-19,20.0,84,217,31,103,59,86,0,46,2,9,44,52,15.82,88,219,22,72,84,117,0,43,0,8,35,61
Brian Brooks,Mount St. Vincent,2018-19,0.0,0,0,0,0,0,0,0,0,0,0,0,0,14.93,1,2,1,1,3,4,0,0,0,0,1,0
Brian Cameron,Wesley,2018-19,20.0,4,13,2,6,4,4,2,3,1,0,2,3,14.75,5,11,2,6,4,4,2,2,0,2,5,4
Brian Coffey II,North Florida,2018-19,20.0,8,20,4,8,0,0,15,3,0,0,8,17,20.0,12,29,6,14,7,9,22,5,0,3,3,15
Brian Enriquez,William Woods,2018-19,20.0,2,5,0,3,0,0,1,0,0,0,1,1,14.95,0,2,0,0,0,0,0,0,0,0,2,0
Brian Fobbs,Towson,2018-19,20.0,88,176,26,63,21,25,14,8,5,31,56,20,14.75,95,204,31,80,49,61,23,10,2,21,51,30
Brian Halums,Ole Miss,2018-19,20.0,0,2,0,0,1,2,1,0,0,1,1,1,17.98,2,3,1,2,1,1,0,0,0,0,0,0
Brian Hogan-Gary,Johnson & Wales (RI),2018-19,20.0,8,20,1,3,0,0,4,0,0,0,11,2,17.18,10,14,0,1,3,6,1,1,0,2,7,6
Brian Parker,Marist,2018-19,20.0,91,185,7,20,41,62,48,10,0,8,43,48,20.0,75,150,6,17,56,102,54,8,2,9,51,47
Brian Pearson,Alaska Anchorage,2018-19,20.0,1,4,0,0,0,0,0,1,0,1,1,1,14.77,2,3,1,1,0,0,0,0,0,0,1,1
Brian Rodriguez-Flores,San José St,2018-19,20.0,5,23,2,11,4,5,2,1,1,2,6,6,20.0,6,16,2,12,0,2,4,3,0,7,3,5
Brian Stokes,Bellevue University,2018-19,20.0,0,1,0,1,0,0,0,0,0,1,1,0,16.35,0,0,0,0,0,0,0,0,0,0,0,1
Brian Thomas,Florida Gulf Coast,2018-19,20.0,18,27,0,0,4,10,2,2,17,12,21,12,16.12,19,21,0,0,1,11,3,5,14,13,31,6
Brian Tribble,Spalding,2018-19,20.0,0,0,0,0,2,2,0,0,0,0,2,1,14.83,0,1,0,1,0,0,2,0,0,0,1,0
Brian Warren,UT Arlington,2018-19,20.0,60,177,20,76,25,30,61,17,3,6,34,26,20.0,77,187,23,67,52,65,45,19,0,8,26,32
Brian White,Northwestern State,2018-19,20.0,13,36,7,17,5,7,12,7,0,2,9,6,15.42,17,47,5,23,3,5,12,3,0,1,3,8
Brice Moore,,2018-19,0.0,0,0,0,0,0,0,0,0,0,0,0,0,0.0,0,0,0,0,0,0,0,1,0,0,0,0
Bridgewater (VA),,2018-19,0.0,0,0,0,0,0,0,0,0,0,1,1,1,0.0,0,0,0,0,0,0,0,0,0,0,0,0
Brien Wilson,Tiffin,2018-19,20.0,0,0,0,0,0,0,1,0,0,1,0,0,14.95,0,2,0,0,0,2,0,0,0,0,1,0
Briheam Anthony,Williams Baptist,2018-19,20.0,4,8,0,2,0,0,2,2,0,0,2,4,14.95,2,5,1,3,2,2,1,0,1,0,4,3
Brion Sanchious,Murray State,2018-19,0.0,20,38,0,0,10,17,9,12,16,18,43,22,17.63,9,20,0,0,10,12,7,3,7,11,19,8
Brion Whitley,Murray State,2018-19,20.0,11,27,6,16,7,8,3,1,0,1,7,4,17.63,7,22,7,15,7,12,4,3,0,0,5,3
Brison Gresham,Houston,2018-19,20.0,23,33,0,0,7,17,8,6,19,29,32,25,14.8,30,38,0,0,11,18,4,5,27,31,29,11
Britt Hammons,,2018-19,7.05,2,5,0,0,2,2,0,1,0,1,0,0,0.0,0,1,0,0,0,0,0,0,0,0,0,1
Brock Bertram,Buffalo,2018-19,20.0,1,1,0,0,0,0,0,0,0,1,1,5,14.83,2,2,0,0,2,2,0,0,0,0,0,0
Brock Johnson,Eastern Oregon,2018-19,20.0,0,2,0,2,0,0,1,2,0,1,2,1,14.97,0,0,0,0,0,0,0,1,0,0,1,1
Brock Miller,Utah State,2018-19,20.0,50,142,38,110,10,12,27,5,1,8,27,15,14.9,37,103,27,78,12,13,10,6,2,4,17,5
Brock Stull,Minnesota,2018-19,20.0,3,16,1,7,2,2,6,2,2,4,17,7,18.18,6,15,4,9,0,0,9,0,0,2,7,5
Brock Weaver,Texas Lutheran,2018-19,20.0,0,1,0,0,0,0,0,1,0,0,3,0,14.75,0,0,0,0,0,0,1,0,0,0,1,0
Brocke Stepteau,Hawai'i,2018-19,20.0,40,84,15,33,17,21,37,7,0,4,28,27,17.95,49,102,20,44,64,70,46,7,0,4,19,24
Brodric Thomas,Truman State,2018-19,20.0,0,6,0,3,2,2,2,1,0,0,4,5,20.0,3,6,1,2,0,0,2,1,0,0,1,1
Bronson Kessinger,Indiana State,2018-19,0.0,41,83,2,5,11,20,6,11,7,16,22,19,20.0,35,65,1,3,9,23,6,4,5,16,31,6
Brooks Brendon,,2018-19,15.75,0,3,0,2,0,0,0,0,0,0,0,0,0.0,0,0,0,0,0,0,0,0,0,0,0,0
Brooks Cluxton,Campbell,2018-19,15.0,9,16,0,0,4,7,4,2,6,11,11,5,20.0,7,9,0,0,5,7,6,0,2,7,10,2
Brooks DeBisschop,Northern Arizona,2018-19,20.0,31,60,1,6,15,25,23,7,4,33,52,18,17.17,51,81,1,4,23,44,16,16,16,29,57,10
Brooks Gerrity,Missouri Science & Technology,2018-19,20.0,0,2,0,2,0,0,0,0,0,0,0,0,17.32,0,0,0,0,0,0,0,0,0,0,0,0
Brooks King,Utah,2018-19,0.0,0,0,0,0,0,0,0,0,0,0,0,0,20.0,0,0,0,0,1,2,0,0,0,0,0,0
Brooks Mallory,,2018-19,0.0,0,0,0,0,0,0,0,0,0,0,0,0,13.08,0,1,0,0,0,0,0,0,0,1,0,0
Brooks Mays,Trinity University (TX),2018-19,20.0,0,0,0,0,0,0,1,1,0,0,1,2,17.78,0,0,0,0,0,0,0,0,0,0,0,0
Brown,,2018-19,0.0,0,0,0,0,0,0,0,0,0,18,29,6,0.0,0,0,0,0,0,0,0,0,0,31,18,6
Bruce Hodges III,,2018-19,0.0,0,0,0,0,0,0,0,1,0,0,1,0,0.0,0,0,0,0,0,0,0,0,0,0,0,0
Bruce Moore,Bucknell,2018-19,17.48,35,81,7,26,24,34,10,9,7,17,48,21,20.0,47,93,11,35,65,87,18,4,5,24,61,21
Bruce Stevens,Ole Miss,2018-19,20.0,47,98,11,35,17,22,13,13,9,22,50,21,15.07,50,97,13,40,21,21,12,6,4,19,42,14
Bruno Fernando,Maryland,2018-19,20.0,72,132,1,4,49,61,34,10,29,44,125,49,17.92,84,130,2,6,53,71,28,10,30,48,126,42
Bruno Skokna,Loyola Chicago,2018-19,20.0,24,60,12,42,1,4,12,14,0,0,26,10,14.6,17,43,6,21,6,10,12,5,1,2,17,10
Bryan,,2018-19,0.0,0,0,0,0,0,0,0,0,0,2,1,0,0.0,0,0,0,0,0,0,0,0,0,0,1,0
Bryan Alberts,Long Beach State,2018-19,20.0,57,150,29,81,4,6,11,8,2,7,26,13,20.0,60,161,38,104,14,16,17,14,2,9,32,15
Bryan Assie,Southern,2018-19,20.0,17,43,0,0,15,23,2,4,11,27,27,31,15.05,23,35,0,0,16,33,5,4,9,20,23,7
Bryan Cervantes,Benedictine (AZ),2018-19,20.0,1,3,1,3,0,0,0,0,0,1,0,0,14.77,0,0,0,0,0,0,0,0,0,0,0,0
Bryan Davis,Johnson & Wales (RI),2018-19,20.0,0,2,0,0,0,0,1,0,0,0,2,1,17.18,0,1,0,0,0,0,0,1,0,0,0,0
Bryan Jakobsze,,2018-19,4.15,1,2,1,2,0,0,1,0,0,0,1,3,0.0,0,4,0,1,2,2,1,0,0,0,0,1
Bryan Knapp,Cornell,2018-19,0.0,7,15,3,8,0,0,2,2,0,3,6,7,14.97,5,13,0,4,2,2,4,2,0,0,6,6
Bryan Penn-Johnson,Washington,2018-19,0.0,0,0,0,0,0,0,0,0,0,0,0,0,14.68,0,0,0,0,0,2,0,0,1,0,1,0
Bryan Powell,Elmira,2018-19,20.0,0,1,0,0,0,0,0,0,0,0,0,0,14.73,0,0,0,0,0,0,0,0,0,0,0,0
Bryan Trimble Jr,St. John's,2018-19,0.0,0,0,0,0,0,0,5,0,0,0,0,0,18.88,0,0,0,0,0,0,3,0,0,0,0,0
Bryan Trimble Jr.,St. John's,2018-19,0.0,13,39,12,36,2,2,1,5,4,1,20,6,14.88,11,33,10,32,0,0,3,5,5,1,20,5
Bryan Urrutia,,2018-19,2.3,30,98,7,22,32,49,71,20,3,4,50,36,0.0,43,89,5,20,24,35,69,27,1,6,33,39
Bryant,,2018-19,0.0,0,0,0,0,0,0,0,0,0,32,29,6,0.0,0,0,0,0,0,0,0,0,0,13,31,8
Bryant Beckford,St. Francis (BKN),2018-19,0.0,0,0,0,0,0,0,0,0,0,0,0,0,14.93,0,2,0,0,2,5,0,0,0,1,1,0
Bryant Bernard,Hiwassee College,2018-19,20.0,7,30,1,10,2,2,4,4,0,1,4,9,14.97,5,15,3,6,5,8,3,2,0,1,4,6
Bryant Mocaby,Northern Kentucky,2018-19,10.0,3,22,2,20,3,3,1,1,0,1,2,3,20.0,3,10,3,10,1,2,3,0,0,1,0,2
Bryant Nalley,Oakland City,2018-19,20.0,1,2,1,1,2,3,0,1,0,0,0,0,14.92,1,1,0,0,0,0,0,0,0,0,1,2
Bryant Reid,Huntingdon,2018-19,20.0,0,0,0,0,0,0,2,0,0,0,0,0,14.95,1,2,0,0,0,1,0,0,0,0,0,0
Bryce Aiken,Harvard,2018-19,20.0,53,129,24,65,34,42,20,16,0,5,27,34,19.7,58,129,25,59,66,74,22,5,0,2,18,27
Bryce Barnes,Milwaukee,2018-19,20.0,22,77,5,23,14,24,33,11,2,4,24,30,20.0,30,62,9,16,16,21,32,10,1,6,23,22
Bryce Brown,Auburn,2018-19,20.0,97,239,67,174,32,40,37,23,2,10,39,37,14.95,92,192,63,144,43,53,32,18,0,7,21,21
Bryce Daley,UMass Lowell,2018-19,20.0,19,65,2,17,16,21,40,11,1,7,42,24,20.0,16,46,1,10,13,17,32,7,1,4,37,17
Bryce Davis,Incarnate Word,2018-19,20.0,6,18,0,1,7,9,1,0,0,0,5,7,14.75,3,11,0,0,8,13,1,2,2,1,8,2
Bryce Fowler,Sacramento State,2018-19,20.0,45,120,11,34,10,14,35,14,5,7,58,21,16.87,48,101,12,31,18,27,48,17,4,10,42,34
Bryce Gilbert,Maine-Fort Kent,2018-19,20.0,0,1,0,0,0,0,1,0,0,0,0,2,14.83,0,2,0,1,0,0,0,0,0,1,1,0
Bryce Golden,Butler,2018-19,0.0,7,14,0,3,0,0,0,0,0,4,4,1,17.78,3,7,0,1,1,1,0,1,0,1,1,3
Bryce Hamilton,UNLV,2018-19,20.0,27,69,11,31,5,10,11,5,3,4,27,11,20.0,14,50,8,35,7,11,7,4,2,2,9,4
Bryce Hudson,IU-Kokomo,2018-19,20.0,2,2,0,0,2,3,0,1,0,0,1,4,14.92,0,0,0,0,0,0,0,0,0,0,1,0
Bryce Jackson,Humboldt State,2018-19,0.0,0,0,0,0,0,0,0,0,0,0,0,0,14.73,1,2,0,1,0,0,0,0,0,0,0,1
Bryce McAlister,Eastern New Mexico,2018-19,0.0,0,1,0,0,0,0,0,1,0,0,1,0,20.0,1,1,0,0,0,0,0,0,1,0,3,3
Bryce Mondorff,Misericordia,2018-19,0.0,0,0,0,0,0,0,0,0,0,0,0,0,14.78,1,3,1,3,0,0,0,0,0,0,0,0
Bryce Moragne,Florida A&M,2018-19,20.0,6,20,0,1,0,0,5,3,3,3,11,8,19.17,10,18,1,2,7,9,4,5,2,6,9,2
Bryce Morgan,Arlington Baptist,2018-19,20.0,0,3,0,0,0,0,0,0,0,0,0,0,14.93,1,4,0,1,0,0,2,0,0,1,0,2
Bryce Nickels,Florida College,2018-19,20.0,3,4,0,0,0,0,1,0,1,1,1,0,17.85,6,6,0,0,5,5,1,0,1,1,1,1
Bryce Richardson,Hardin-Simmons,2018-19,20.0,1,2,0,1,0,0,0,0,0,0,1,0,14.77,0,1,0,1,0,0,0,0,0,0,0,0
Bryce Schneider,Richmond,2018-19,20.0,1,2,0,1,0,0,0,0,1,1,2,0,14.98,0,2,0,0,0,0,1,0,0,0,1,1
Bryce Sloan,Cal State San Marcos,2018-19,20.0,1,5,0,2,3,4,3,0,2,0,1,0,20.0,4,5,0,0,2,3,3,0,1,0,0,2
Bryce Thurston,Keiser,2018-19,20.0,1,1,1,1,0,0,0,0,0,0,0,0,20.0,5,7,5,7,0,0,1,1,0,1,2,1
Bryce Washington,Pennsylvania,2018-19,20.0,30,86,23,66,16,19,5,6,4,9,32,18,20.0,32,65,20,44,10,12,6,2,2,7,31,9
Bryce Watts,Covenant,2018-19,0.0,0,0,0,0,0,0,0,0,0,0,0,0,14.97,3,8,1,4,0,0,0,0,0,0,0,0
Bryce Wills,Stanford,2018-19,20.0,20,66,2,11,15,24,28,14,9,9,35,32,17.27,30,63,4,13,19,38,27,10,5,8,32,26
Bryce Workman,Jacksonville,2018-19,20.0,14,28,0,0,10,16,4,3,0,10,20,6,17.17,5,14,0,0,4,8,3,1,1,6,10,3
Bryce Young,,2018-19,0.0,0,0,0,0,0,0,0,0,0,0,0,0,9.68,1,2,0,0,0,1,0,0,0,0,0,0
Brycen Bush,Wichita State,2018-19,0.0,0,0,0,0,0,0,0,0,0,0,0,0,17.45,0,1,0,1,0,0,0,0,0,0,0,0
Bryson Davis,Averett,2018-19,20.0,0,0,0,0,2,2,0,0,0,0,0,1,17.97,0,2,0,2,0,0,2,0,0,0,0,1
Bryson Johnson,University of the Ozarks,2018-19,20.0,0,6,0,3,0,0,0,2,0,0,0,3,14.97,2,5,0,1,0,0,2,0,0,0,1,2
Bryson Lockley,Kennesaw State,2018-19,20.0,18,53,0,1,12,13,10,6,3,17,30,17,17.98,11,33,0,0,16,29,9,5,6,17,25,14
Bryson Mozone,South Carolina Upstate,2018-19,20.0,8,26,5,21,0,0,5,4,1,4,17,5,19.2,7,24,6,20,3,5,4,1,0,3,10,10
Bryson Robinson,New Orleans,2018-19,20.0,66,150,39,102,12,14,37,24,5,9,34,33,14.87,47,125,23,71,33,46,36,14,3,12,18,33
Buay Koka,Tulane,2018-19,20.0,7,9,0,0,4,5,1,3,8,3,11,2,20.0,12,18,0,0,1,4,0,3,6,8,10,6
Bubba Furlong,Sam Houston State,2018-19,20.0,21,39,3,6,10,16,7,4,9,19,24,16,17.78,10,20,0,0,4,5,1,3,6,7,14,7
Bubba Parham,VMI,2018-19,20.0,89,200,53,122,33,43,55,7,1,0,37,33,14.72,72,177,42,110,68,85,40,7,0,4,40,28
Buck Blanz,Millsaps,2018-19,0.0,0,0,0,0,1,3,0,0,0,0,1,0,14.92,1,3,0,0,0,0,0,0,0,0,0,1
Bucknell,,2018-19,0.0,0,0,0,0,0,0,0,0,0,25,17,5,0.0,0,0,0,0,0,0,0,0,0,20,20,3
Bud Jones,Eastern Michigan,2018-19,20.0,4,6,0,0,2,2,0,1,0,4,3,2,14.72,3,5,0,0,0,0,0,0,0,1,2,2
Buddy Boeheim,Syracuse,2018-19,20.0,33,87,23,66,11,14,17,9,1,8,15,12,14.93,30,81,18,53,12,15,11,7,2,10,15,12
Buena Vista University,,2018-19,0.0,0,0,0,0,0,0,0,0,0,0,0,1,0.0,0,0,0,0,0,0,0,0,0,2,0,1
Buffalo,,2018-19,0.0,0,0,0,0,0,0,0,0,0,27,30,4,0.0,0,0,0,0,0,0,0,0,0,26,18,2
Bul Ajang,Tulane,2018-19,0.0,3,5,1,1,1,3,3,1,0,3,14,2,20.0,0,6,0,0,3,6,1,1,0,5,4,2
Bul Kuol,California Baptist,2018-19,20.0,8,14,6,11,4,6,1,2,0,1,7,6,20.0,6,15,3,10,4,5,2,3,1,1,6,3
Butler,,2018-19,0.0,0,0,0,0,0,0,0,0,0,21,15,5,0.0,0,0,0,0,0,0,0,0,0,45,31,4
Byron Cooke,Avila,2018-19,20.0,0,0,0,0,0,0,1,0,0,0,0,2,14.95,0,0,0,0,0,0,0,0,0,0,0,0
Byron Frohnen,,2018-19,5.17,48,85,1,2,7,20,27,16,4,27,66,24,0.0,39,78,2,3,9,22,25,13,5,39,70,15
Byron Hawkins,Bryant,2018-19,20.0,60,154,27,72,14,18,26,6,0,10,35,21,20.0,47,126,16,64,33,39,20,11,2,8,22,16
C Mbacke Diong,,2018-19,0.9,2,2,0,0,0,0,0,0,1,0,2,1,0.0,2,2,0,0,0,0,0,0,0,0,0,0
C.J. Asuncion-Byrd,Le Moyne,2018-19,20.0,3,3,1,1,0,1,0,1,0,1,0,1,14.63,0,1,0,1,0,0,0,0,0,0,0,1
C.J. Bobbitt,New Mexico State,2018-19,20.0,33,75,16,48,6,10,1,8,0,16,40,16,19.35,16,43,8,27,15,23,0,2,2,8,12,9
C.J. Bryce,NC State,2018-19,20.0,85,174,20,54,23,28,14,25,7,19,60,30,14.8,64,147,18,54,40,55,15,15,7,35,43,22
C.J. Burks,Marshall,2018-19,20.0,108,226,32,88,30,39,0,40,1,6,50,51,14.8,116,243,28,79,58,75,0,24,4,16,66,55
C.J. Duff,Western Illinois,2018-19,20.0,56,135,35,75,4,6,0,9,0,4,36,14,14.8,58,138,17,50,21,25,0,17,0,10,33,22
C.J. Jackson,Ohio State,2018-19,20.0,56,160,24,78,31,41,27,17,4,11,66,38,20.0,77,158,35,83,38,46,18,23,1,5,46,32
C.J. Jones,Northwestern State,2018-19,20.0,26,79,7,27,12,18,0,8,0,2,21,34,14.95,21,65,3,21,40,47,0,7,0,4,13,9
C.J. Kelly,Norfolk State,2018-19,20.0,22,58,6,25,16,21,2,12,11,6,34,26,14.87,16,28,3,8,9,20,0,5,3,1,12,11
C.J. Murphy,Louisiana College,2018-19,0.0,0,0,0,0,0,0,0,0,0,0,0,0,18.13,1,1,0,0,0,0,0,0,0,1,0,0
C.J. Washington,Kennesaw State,2018-19,20.0,2,9,0,3,1,4,0,2,0,1,4,6,17.98,0,3,0,0,2,2,0,0,0,0,1,4
C.J. Williamson,Kent State,2018-19,20.0,37,103,17,52,14,17,2,12,3,20,45,27,20.0,24,77,8,36,26,32,0,13,0,13,33,21
CJ Asuncion-Byrd,Le Moyne,2018-19,20.0,0,0,0,0,0,0,2,0,0,0,0,0,14.63,0,0,0,0,0,0,0,0,0,0,0,0
CJ Bobbitt,New Mexico State,2018-19,20.0,0,0,0,0,0,0,19,0,0,0,0,0,20.0,0,0,0,0,0,0,8,0,0,0,0,0
CJ Bryce,NC State,2018-19,0.0,0,0,0,0,0,0,16,0,0,0,0,0,14.8,0,0,0,0,0,0,11,0,0,0,0,0
CJ Burks,Marshall,2018-19,20.0,0,0,0,0,0,0,57,0,0,0,0,0,14.8,0,0,0,0,0,0,43,0,0,0,0,0
CJ Davis,Columbia,2018-19,0.0,2,9,2,5,4,4,3,0,0,1,5,6,14.9,5,9,1,4,1,1,3,4,0,0,1,3
CJ Duff,Western Illinois,2018-19,20.0,0,0,0,0,0,0,24,0,0,0,0,0,14.8,0,0,0,0,0,0,18,0,0,0,0,0
CJ Elleby,Washington State,2018-19,20.0,74,172,24,57,24,39,51,13,10,19,93,44,17.45,86,185,26,64,48,71,39,16,5,27,68,47
CJ Hedgepeth,Missouri Science & Technology,2018-19,20.0,1,8,0,4,1,1,2,1,0,0,3,0,17.32,2,5,0,1,1,2,1,1,0,1,0,2
CJ Herbert,Trevecca Nazarene,2018-19,0.0,0,2,0,2,0,0,3,0,0,0,1,0,14.9,1,3,0,1,0,0,1,0,0,0,1,1
CJ Jackson,Ohio State,2018-19,20.0,0,0,0,0,0,0,24,0,0,0,0,0,14.97,0,0,0,0,0,0,44,0,0,0,0,0
CJ Jones,Northwestern State,2018-19,20.0,0,0,0,0,0,0,29,0,0,0,0,0,14.95,0,0,0,0,0,0,35,0,0,0,0,0
CJ Kelly,Norfolk State,2018-19,0.0,0,0,0,0,0,0,7,0,0,0,0,0,14.83,0,0,0,0,0,0,3,0,0,0,0,0
CJ Massinburg,Buffalo,2018-19,18.92,80,193,38,108,38,48,47,15,4,44,62,24,20.0,101,202,51,109,95,120,47,24,6,26,76,21
CJ Washington,Kennesaw State,2018-19,20.0,0,0,0,0,0,0,5,0,0,0,0,0,17.98,0,0,0,0,0,0,3,0,0,0,0,0
CJ White,SMU,2018-19,20.0,8,30,5,21,3,5,10,2,1,4,18,6,19.02,3,9,3,7,3,4,5,1,1,3,11,5
CJ Williamson,Mercer,2018-19,20.0,0,7,0,0,0,1,21,2,2,2,1,1,19.07,6,10,0,0,3,6,29,6,0,5,5,2
CS Dominguez Hills,,2018-19,0.0,0,0,0,0,0,0,0,0,0,3,1,3,0.0,0,0,0,0,0,0,0,0,0,1,1,0
CSU Bakersfield,,2018-19,0.0,0,0,0,0,0,0,0,0,0,32,18,8,0.0,0,0,0,0,0,0,0,0,0,35,32,11
CSU Fullerton,,2018-19,0.0,0,0,0,0,0,0,0,0,0,34,31,3,0.0,0,0,0,0,0,0,0,0,0,24,25,0
CSU Northridge,,2018-19,0.0,0,0,0,0,0,0,0,0,0,28,25,7,0.0,0,0,0,0,0,0,0,0,0,29,29,10
CSU San Marcos,,2018-19,0.0,0,0,0,0,0,0,0,0,0,2,0,0,0.0,0,0,0,0,0,0,0,0,0,1,1,0
CaRondis Harris-Anderson,McKendree,2018-19,20.0,3,7,1,4,0,0,0,0,0,0,2,0,17.45,1,3,0,2,0,0,1,0,0,0,3,1
Cade Crosland,Tennessee Tech,2018-19,0.0,5,10,5,10,0,0,1,0,0,2,3,1,19.07,2,14,1,11,0,0,7,2,1,4,5,6
Cade McKnight,Truman State,2018-19,20.0,3,5,0,1,2,3,0,0,0,1,3,2,20.0,1,4,0,1,0,0,1,0,0,1,2,1
Cade Upshaw,,2018-19,0.73,0,3,0,3,0,0,2,2,0,0,3,1,0.0,2,2,2,2,0,0,0,0,0,0,0,1
Caden Ebeling,Albion,2018-19,20.0,1,6,0,0,1,2,1,0,0,1,5,3,17.95,0,1,0,0,0,0,0,2,0,0,1,0
Caden Sanchez,High Point,2018-19,20.0,25,49,0,2,7,18,4,1,10,19,24,13,20.0,16,35,2,3,6,15,3,3,7,17,18,14
Caeden Williams,San Diego Christian,2018-19,20.0,0,2,0,2,0,0,2,1,0,0,1,2,14.93,0,4,0,1,0,0,0,1,0,1,1,1
Caelen Watts,Ave Maria,2018-19,20.0,1,2,1,1,0,0,0,0,0,0,0,0,14.73,0,2,0,1,0,0,0,0,0,0,1,1
Caelyb Kerley,Champion Christian College,2018-19,20.0,0,0,0,0,1,2,1,1,0,0,0,0,15.02,0,0,0,0,0,0,0,0,0,0,0,0
Cainan McClelland,Texas Southern,2018-19,19.98,2,20,1,12,3,4,2,3,2,1,8,5,20.0,5,10,2,5,1,5,1,2,0,2,2,2
Cairn University,,2018-19,0.0,0,0,0,0,0,0,0,0,0,1,1,0,0.0,0,0,0,0,0,0,0,0,0,0,0,0
Cal Poly,,2018-19,0.0,0,0,0,0,0,0,0,0,0,18,13,2,0.0,0,0,0,0,0,0,0,0,0,17,10,4
Cal Reichwein,Lafayette,2018-19,0.0,0,0,0,0,0,0,0,0,0,0,0,0,14.93,0,2,0,2,0,0,1,0,0,0,0,0
Caleb Arrington,North Greenville,2018-19,20.0,2,5,2,5,0,0,1,0,0,0,4,2,14.83,4,9,4,8,1,1,0,1,0,0,1,0
Caleb Bennett,Lehigh,2018-19,20.0,14,39,5,15,11,14,16,7,1,5,14,15,17.98,18,43,3,15,8,11,15,5,1,1,20,10
Caleb Catto,Florida Gulf Coast,2018-19,20.0,20,36,7,14,0,2,10,8,3,4,25,19,14.97,20,54,8,28,8,11,26,8,2,5,20,19
Caleb Cockrell,Trevecca Nazarene,2018-19,20.0,1,5,0,2,0,0,0,0,0,0,0,0,14.9,0,2,0,1,0,0,0,0,0,0,0,0
Caleb Coleman,Johnson & Wales (NC),2018-19,20.0,0,3,0,1,0,0,2,0,0,0,4,2,14.85,3,6,0,1,0,0,1,0,0,1,0,0
Caleb Daniels,Tulane,2018-19,20.0,74,170,21,63,38,58,42,14,2,16,56,47,20.0,89,188,24,62,67,94,44,7,5,23,49,31
Caleb Edwards,Palm Beach Atlantic,2018-19,20.0,1,1,1,1,0,0,0,1,0,0,0,0,20.0,1,2,1,2,0,0,1,0,0,1,0,1
Caleb Fields,Bowling Green,2018-19,19.92,25,73,14,48,6,9,14,10,1,9,13,9,20.0,21,54,14,35,5,8,10,3,1,7,23,1
Caleb Fuller,UC Davis,2018-19,20.0,10,29,4,10,5,6,7,3,2,2,16,7,14.78,12,17,4,7,6,10,4,2,0,5,21,10
Caleb Goldstein,Wisconsin Lutheran,2018-19,20.0,2,4,1,3,0,0,0,2,0,0,3,2,14.93,1,6,1,4,0,0,0,0,0,0,1,3
Caleb Green,Holy Cross,2018-19,20.0,61,149,18,54,15,17,54,19,1,6,38,33,18.25,62,132,18,45,33,43,45,19,1,3,37,23
Caleb Highley,Texas A&M-International,2018-19,20.0,0,1,0,0,0,0,0,1,0,0,3,1,14.97,0,0,0,0,0,0,0,0,0,1,3,1
Caleb Hollander,Belmont,2018-19,20.0,19,46,9,30,0,2,10,9,0,3,30,3,17.27,17,49,5,24,5,7,1,2,2,14,22,7
Caleb Homesley,Liberty,2018-19,20.0,73,171,25,83,5,10,45,17,11,6,91,26,14.9,93,187,29,84,27,36,40,8,9,9,70,18
Caleb Lister,Texas Lutheran,2018-19,20.0,2,7,0,0,1,2,1,0,0,0,7,0,20.0,4,7,2,2,2,2,0,0,0,3,3,1
Caleb Martin,Nevada,2018-19,20.0,75,211,41,131,44,66,35,21,10,14,61,31,17.82,106,246,54,162,87,111,50,24,15,16,66,28
Caleb McConnell,Rutgers,2018-19,20.0,26,65,7,22,9,11,12,8,1,8,28,21,14.58,24,54,12,29,15,22,13,16,3,6,27,14
Caleb Morris,Air Force,2018-19,0.0,31,68,24,57,7,8,24,9,3,2,38,20,12.5,31,73,18,48,19,22,14,6,1,2,41,17
Caleb Nero,Weber State,2018-19,19.07,21,61,6,21,8,10,18,14,2,3,21,16,17.93,45,83,11,22,25,32,20,6,0,4,18,14
Caleb Roberts,Willamette,2018-19,20.0,2,4,2,4,0,0,1,0,1,0,0,2,14.9,0,1,0,1,1,2,0,1,0,0,1,1
Caleb Stewart,Binghamton,2018-19,20.0,76,174,39,100,19,22,12,10,28,10,104,26,20.0,52,130,24,72,29,41,14,13,27,13,93,16
Caleb Tanner,Radford,2018-19,20.0,42,99,33,82,2,4,12,4,0,1,18,12,14.87,42,86,33,70,16,22,11,3,0,2,13,9
Caleb Tatum,,2018-19,0.0,0,0,0,0,0,0,0,0,0,0,0,1,0.0,0,0,0,0,0,0,0,0,0,0,0,0
Caleb Thomas,,2018-19,10.33,1,2,0,0,0,0,0,0,0,0,0,0,0.0,4,5,0,0,0,0,0,0,0,0,0,3
California,,2018-19,0.0,0,0,0,0,0,0,0,0,0,15,19,13,0.0,0,0,0,0,0,0,0,0,0,24,13,2
California Baptist,,2018-19,0.0,0,0,0,0,0,0,0,0,0,18,22,0,0.0,0,0,0,0,0,0,0,0,0,20,24,0
California Lutheran,,2018-19,0.0,0,0,0,0,0,0,0,0,0,1,3,0,0.0,0,0,0,0,0,0,0,0,0,2,1,1
Calistus Anyichie,Binghamton,2018-19,0.0,9,18,0,0,5,9,4,4,7,7,22,9,14.78,9,16,0,0,8,9,2,4,6,8,16,7
Callum McRae,UC Riverside,2018-19,20.0,46,74,0,0,18,29,9,4,7,23,54,36,20.0,38,68,0,1,27,39,15,4,3,17,32,25
Calvary,,2018-19,0.0,0,0,0,0,0,0,0,0,0,0,0,0,0.0,0,0,0,0,0,0,0,0,0,1,0,0
Calvin Bak,Birmingham-Southern,2018-19,20.0,4,6,4,6,0,0,0,1,0,0,1,2,14.97,0,2,0,2,0,0,0,0,0,0,0,1
Calvin Martin,Sacramento State,2018-19,20.0,13,25,0,0,7,9,2,6,1,7,18,14,16.87,6,12,0,0,1,3,4,2,0,7,6,8
Calvin Poulina,Binghamton,2018-19,20.0,3,15,2,11,2,2,1,1,1,2,4,5,20.0,5,18,2,14,1,4,1,1,1,2,5,3
Calvin Seward,Hartwick,2018-19,20.0,1,1,0,0,0,1,0,0,0,0,0,0,17.88,0,1,0,0,0,0,0,0,0,1,1,0
Calvin Whipple,Fairfield,2018-19,20.0,20,43,14,33,0,0,3,4,1,3,17,1,20.0,7,26,6,24,2,2,5,1,1,6,12,5
Calvin White,Truett-McConnell,2018-19,20.0,1,2,0,0,0,1,0,0,0,2,2,0,16.18,1,4,0,0,2,3,0,0,0,1,0,1
Calvin Wishart,Georgia Southern,2018-19,20.0,24,61,17,46,12,17,17,11,1,7,22,23,14.95,19,56,14,45,12,19,20,14,0,1,20,16
Calvin Young II,Humboldt State,2018-19,20.0,6,7,0,0,1,1,0,0,1,2,5,2,14.73,2,5,0,0,0,0,0,0,2,2,2,1
Cam Burrell,Eastern Illinois,2018-19,20.0,26,40,0,0,6,7,8,6,8,21,26,13,17.98,21,44,0,0,8,25,11,8,13,26,21,8
Cam Copeland,,2018-19,0.0,0,5,0,4,2,2,1,0,0,0,0,1,8.87,3,10,0,2,0,0,2,1,0,1,2,2
Cam Corey,,2018-19,0.0,0,0,0,0,0,0,0,0,0,0,0,1,0.0,0,0,0,0,0,0,0,0,0,1,0,0
Cam Davis,Navy,2018-19,20.0,44,122,12,39,21,28,28,9,0,7,25,15,17.65,49,115,17,45,38,51,25,6,2,5,30,23
Cam Deru,Hiwassee College,2018-19,0.0,0,0,0,0,0,0,0,0,0,0,0,0,14.85,0,1,0,1,0,0,0,0,0,0,0,0
Cam Frank,Texas-Tyler,2018-19,20.0,1,1,1,1,0,0,0,0,0,0,1,0,18.0,0,1,0,0,0,0,0,0,0,0,1,0
Cam Jones,Jacksonville State,2018-19,0.0,0,0,0,0,0,0,0,0,0,0,0,0,14.98,1,1,0,0,0,0,0,0,0,0,0,0
Cam Reddish,Duke,2018-19,20.0,77,222,42,129,41,51,33,23,8,12,65,55,14.78,74,198,46,129,44,58,34,31,13,7,45,36
Cam Wall,Wisconsin-Stout,2018-19,0.0,0,0,0,0,0,0,0,0,0,0,0,0,14.93,1,4,1,4,0,0,0,0,0,0,0,0
Camden Ferguson,William Peace,2018-19,20.0,2,4,2,3,0,0,0,0,0,0,0,1,16.58,1,1,1,1,0,0,1,0,0,0,1,0
Cameron Allen,Loyola Marymount,2018-19,20.0,2,16,1,8,1,2,2,1,0,0,1,3,20.0,3,10,1,5,3,3,4,0,0,0,0,1
Cameron Benford,Purdue Fort Wayne,2018-19,20.0,15,38,0,1,5,10,4,7,7,26,27,3,14.82,12,20,0,0,5,13,5,6,12,15,28,8
Cameron Bowles,Chicago State,2018-19,20.0,36,91,1,7,14,21,11,6,5,10,43,35,14.97,37,78,1,9,34,53,12,7,5,10,30,21
Cameron Campbell,Lincoln PA,2018-19,20.0,3,7,2,5,0,1,0,0,0,0,0,0,20.0,3,4,1,1,0,0,2,0,0,0,1,0
Cameron Carmical,Eastern Kentucky,2018-19,0.0,6,15,6,12,1,2,16,4,0,2,11,3,14.88,3,13,1,7,2,5,10,6,0,0,9,8
Cameron Cartwright,KY Wesleyan,2018-19,0.0,0,0,0,0,0,0,0,0,0,0,0,0,15.73,0,2,0,1,0,0,0,0,0,0,0,0
Cameron Carvelli,Millsaps,2018-19,0.0,0,0,0,0,0,0,3,0,0,1,3,2,14.92,1,1,0,0,0,0,0,0,0,0,0,0
Cameron Chatwin,Dixie State,2018-19,20.0,1,2,0,1,2,2,0,0,0,0,3,0,20.0,1,2,0,1,0,1,0,2,0,0,0,1
Cameron Collins,Salve Regina,2018-19,20.0,2,2,0,0,1,3,0,0,0,0,2,1,14.73,7,10,0,0,2,3,0,0,0,0,2,3
Cameron Davis,Schreiner,2018-19,20.0,1,3,0,1,0,0,0,0,0,0,0,0,14.78,0,0,0,0,0,0,1,0,0,1,0,0
Cameron DeHart,Texas Lutheran,2018-19,20.0,1,2,0,0,0,0,1,0,0,2,1,1,20.0,0,0,0,0,2,3,1,0,0,0,0,0
Cameron Delaney,Sam Houston State,2018-19,20.0,65,146,37,83,28,33,28,15,4,26,70,25,17.95,65,140,29,75,35,44,30,14,9,27,41,23
Cameron Diggs,North Alabama,2018-19,20.0,17,26,0,0,2,3,0,2,4,9,17,3,20.0,11,16,0,0,3,6,2,1,1,3,16,7
Cameron Douglas,William Carey,2018-19,20.0,1,3,0,0,0,0,0,1,1,2,4,2,15.3,1,1,0,0,2,2,0,0,0,0,1,0
Cameron Dumas,Loyola New Orleans,2018-19,20.0,1,7,1,6,0,0,2,0,0,0,1,2,20.0,4,11,2,7,0,0,0,1,0,0,1,0
Cameron Fini,Holy Names,2018-19,20.0,0,1,0,1,0,0,1,0,0,0,2,0,17.73,0,9,0,5,2,4,1,1,0,1,4,1
Cameron Fontenot,Texas Lutheran,2018-19,0.0,0,0,0,0,0,0,0,0,0,0,0,0,20.0,2,3,0,0,0,0,1,0,0,3,1,0
Cameron Galic,,2018-19,0.0,0,0,0,0,0,0,0,0,1,0,1,0,0.0,0,0,0,0,0,0,0,0,0,0,0,0
Cameron Gottfried,CSU Northridge,2018-19,20.0,30,78,12,43,4,6,38,19,4,16,58,24,20.0,25,52,10,23,10,14,28,9,7,18,42,17
Cameron Healy,Albany,2018-19,20.0,83,176,53,114,25,30,35,10,1,5,44,24,20.0,60,156,40,100,36,40,27,10,2,4,49,28
Cameron Hill,Southwest Assemblies of God,2018-19,20.0,3,9,1,4,4,4,0,3,0,3,2,2,20.0,1,5,0,2,4,4,1,2,0,0,1,2
Cameron Hunter,North Dakota State,2018-19,20.0,26,52,18,36,7,10,15,3,1,1,17,12,16.9,8,31,4,17,25,29,8,5,2,1,11,10
Cameron Jackson,Wofford,2018-19,20.0,80,160,5,13,37,65,49,20,13,46,73,34,18.38,84,134,2,6,50,79,35,18,17,33,71,35
Cameron Johnson,North Carolina,2018-19,20.0,100,202,47,107,35,42,38,19,6,34,71,29,18.38,93,176,43,86,42,52,41,17,4,26,57,23
Cameron Jones,Saint Peter's,2018-19,19.12,15,30,11,18,3,4,9,7,0,2,13,9,20.0,8,23,3,12,2,2,3,1,0,2,9,6
Cameron Krutwig,Loyola Chicago,2018-19,20.0,109,174,0,2,35,55,45,11,17,18,93,32,14.6,95,146,1,1,39,71,36,7,17,36,78,33
Cameron Lard,Iowa State,2018-19,20.0,21,33,0,0,2,5,7,0,14,6,18,11,17.55,32,44,0,0,9,13,4,1,14,16,21,6
Cameron Lewis,Howard,2018-19,20.0,1,5,0,0,2,2,0,0,0,0,1,0,17.9,1,1,0,0,0,0,0,0,1,0,2,0
Cameron McGee,Southwest Assemblies of God,2018-19,20.0,0,1,0,1,0,0,0,0,0,0,1,1,20.0,2,4,0,0,1,1,0,2,0,0,1,1
Cameron McGriff,Oklahoma State,2018-19,20.0,75,185,23,73,43,56,25,20,18,36,81,35,20.0,50,148,16,57,54,71,28,18,8,33,80,19
Cameron Myre,Wisconsin Parkside,2018-19,20.0,2,3,2,3,0,0,0,0,0,0,0,0,15.58,0,1,0,1,0,0,0,0,0,0,0,0
Cameron Oluyitan,Southern Utah,2018-19,20.0,68,152,23,64,28,41,36,17,5,6,60,46,14.6,70,158,27,68,38,51,35,14,6,7,58,32
Cameron Parker,Sacred Heart,2018-19,20.0,25,63,10,26,21,32,103,12,0,4,55,55,18.25,21,52,6,17,34,50,89,9,2,6,41,52
Cameron Posey,Arkansas-Pine Bluff,2018-19,20.0,5,12,2,7,0,0,4,1,1,0,9,10,16.88,5,9,4,7,0,0,6,5,0,0,4,5
Cameron Sembly,Allen,2018-19,19.98,1,2,0,0,1,2,0,0,0,0,2,1,14.78,1,4,0,1,0,0,2,0,0,0,2,1
Cameron Shelton,Northern Arizona,2018-19,20.0,38,81,11,20,30,44,33,25,1,13,37,29,17.17,31,94,2,19,40,51,42,11,4,18,49,18
Cameron Smith,,2018-19,0.0,0,0,0,0,0,0,0,0,0,0,0,1,0.0,0,0,0,0,0,0,0,0,0,0,0,0
Cameron Tyson,Idaho,2018-19,20.0,58,146,40,102,16,17,13,7,1,7,28,26,20.0,70,160,53,117,14,17,7,5,0,4,12,16
Cameron Underwood,Saint Peter's,2018-19,0.0,0,0,0,0,0,0,0,0,0,1,0,0,20.0,1,2,0,0,1,2,0,0,0,0,1,0
Cameron Wilbon,Robert Morris,2018-19,20.0,26,51,1,7,6,13,6,4,3,6,17,14,19.42,13,36,0,5,4,10,8,2,5,14,12,15
Cameron Williams,SIU-Edwardsville,2018-19,20.0,55,132,20,61,15,25,21,20,2,20,36,24,18.7,49,106,17,46,24,33,14,6,1,10,28,20
Cameron Young,Quinnipiac,2018-19,20.0,97,203,51,114,63,85,20,12,3,11,52,37,14.85,99,205,41,97,86,114,32,16,5,19,58,47
Campbell,,2018-19,0.0,0,0,0,0,0,0,0,0,0,14,21,7,0.0,0,0,0,0,0,0,0,0,0,10,17,1
Campbellsville,,2018-19,0.0,0,0,0,0,0,0,0,0,0,1,0,0,0.0,0,0,0,0,0,0,0,0,0,1,3,0
Camren Wynter,Drexel,2018-19,20.0,58,145,9,36,12,13,68,19,1,13,50,37,20.0,71,159,12,24,26,37,85,21,0,14,53,32
Camron Justice,IUPUI,2018-19,20.0,108,234,51,141,72,79,45,27,1,3,49,40,17.87,82,213,36,107,59,74,42,15,0,8,44,41
Canaan Bartley,Maryland-Eastern Shore,2018-19,20.0,17,58,0,2,18,27,23,14,1,9,42,26,17.87,22,58,1,4,16,19,9,11,2,9,36,19
Canberk Kus,Arkansas State,2018-19,20.0,17,44,5,19,8,11,2,5,6,5,20,12,17.83,18,58,6,24,7,9,18,10,7,4,21,14
Cane Broome,Cincinnati,2018-19,20.0,46,125,15,49,24,34,46,14,0,4,17,16,20.0,40,94,12,39,26,32,19,8,1,6,23,14
Canisius,,2018-19,0.0,0,0,0,0,0,0,0,0,0,43,29,7,0.0,0,0,0,0,0,0,0,0,0,35,21,6
Cannon Lamb,Brevard College,2018-19,20.0,0,3,0,1,0,2,1,0,0,0,1,2,14.93,0,0,0,0,0,0,0,0,0,0,1,2
Cantavio Dutreil,North Alabama,2018-19,20.0,6,17,0,0,8,10,0,3,0,8,13,2,20.0,5,10,0,0,1,2,0,1,0,7,5,2
Cap Wilson,Rochester College,2018-19,20.0,1,4,0,3,0,0,1,1,0,1,0,0,20.0,0,0,0,0,0,0,0,0,0,0,0,0
Capriest Gardner,,2018-19,0.0,0,0,0,0,0,0,0,0,0,0,0,1,0.0,0,0,0,0,0,0,0,0,0,0,0,0
Carl Fitch,Hendrix College,2018-19,0.0,0,0,0,0,0,0,0,0,0,0,0,0,14.87,1,1,0,0,3,6,0,0,0,2,2,0
Carl Moore,East-West University,2018-19,20.0,0,3,0,3,0,0,0,0,0,0,2,1,14.8,0,0,0,0,0,0,1,0,0,0,0,0
Carl Pierre,UMass,2018-19,20.0,53,157,29,95,15,20,24,7,4,10,24,16,20.0,75,159,51,116,15,20,20,7,0,7,28,15
Carl Singletary Jr,,2018-19,11.93,0,0,0,0,0,0,1,0,0,0,0,0,0.0,0,0,0,0,0,0,0,0,0,0,0,0
Carl Singletary Jr.,,2018-19,0.0,0,0,0,0,0,0,0,0,0,0,0,1,11.73,2,4,1,2,0,0,0,1,0,0,0,0
Carlik Jones,Radford,2018-19,20.0,77,175,8,43,19,29,74,21,0,11,56,44,18.38,93,201,13,43,67,88,101,27,2,6,78,36
Carlos Curtis,East Tennessee State,2018-19,20.0,2,6,0,1,4,4,1,2,0,2,1,2,14.97,4,8,0,1,2,4,4,0,0,1,0,2
Carlos Dotson,Western Carolina,2018-19,20.0,35,64,0,0,11,31,15,3,4,17,54,32,15.27,51,85,0,0,39,65,11,4,5,30,47,27
Carlos Hines,Northern Arizona,2018-19,20.0,66,168,24,81,26,33,58,26,1,3,31,43,17.17,57,160,26,80,44,61,53,15,2,10,26,37
Carlos Johnson,Grand Canyon,2018-19,20.0,72,151,15,46,50,62,22,14,4,22,44,37,20.0,82,155,14,43,60,79,23,17,0,21,35,47
Carlos Jrgens,,2018-19,8.83,1,1,1,1,0,0,0,0,0,0,0,2,0.0,0,0,0,0,0,0,1,0,0,0,0,0
Carlos Jurgens,Oral Roberts,2018-19,20.0,10,36,9,27,3,8,19,7,6,1,9,17,14.78,14,39,6,26,0,1,11,4,1,1,8,9
Carlos Martins,,2018-19,0.0,0,0,0,0,0,0,0,0,0,0,1,1,0.0,0,0,0,0,0,0,0,0,0,0,0,0
Carlos Palacios,Mount Aloysius,2018-19,20.0,2,4,0,2,0,0,0,0,0,0,3,1,14.92,2,7,0,2,0,0,0,0,0,1,1,2
Carlton Bragg,New Mexico,2018-19,20.0,36,70,0,2,32,45,8,9,13,22,73,21,19.18,51,104,0,3,33,58,7,13,14,34,72,13
Carmoni Marks,Greensboro,2018-19,20.0,1,2,0,0,2,2,0,0,0,0,2,1,14.88,0,1,0,0,0,0,0,0,0,0,0,0
Carrington Bass,McKendree,2018-19,20.0,3,3,2,2,0,0,2,0,0,0,2,0,17.45,2,4,2,3,0,0,1,0,0,0,1,1
Carsen Edwards,Purdue,2018-19,20.0,140,344,65,188,63,74,47,21,4,4,52,51,18.95,116,301,59,163,98,118,48,24,4,9,52,56
Carson Dummer,Montana Tech,2018-19,20.0,2,4,0,1,2,2,0,0,0,0,2,3,14.7,0,0,0,0,0,0,0,0,0,0,2,0
Carson Moe,Wisconsin-Stout,2018-19,0.0,0,0,0,0,0,0,0,0,0,0,0,0,14.93,0,1,0,0,0,0,0,0,0,1,1,2
Carson Warren-Newsome,Milwaukee,2018-19,20.0,15,36,4,15,6,6,16,7,0,3,24,15,20.0,17,39,6,16,16,19,9,3,1,1,14,3
Carte'Are Gordon,,2018-19,0.37,19,41,1,3,9,20,5,5,8,11,18,13,0.0,26,39,1,2,15,28,10,7,14,4,20,10
Carter Aby,Benedictine (AZ),2018-19,20.0,0,0,0,0,0,0,1,0,0,0,0,0,14.77,0,0,0,0,0,0,1,0,0,0,2,1
Carter Brooks,North Dakota,2018-19,0.0,0,3,0,2,0,0,0,1,0,1,4,2,17.82,0,2,0,1,0,0,0,0,1,0,4,0
Carter Collins,Davidson,2018-19,20.0,33,74,9,33,17,21,18,14,1,17,58,12,17.1,31,60,15,32,9,16,10,10,2,11,31,14
Carter Hendricksen,North Florida,2018-19,20.0,23,66,14,49,7,11,20,3,4,12,45,17,20.0,19,51,9,33,21,24,16,3,1,10,42,21
Carter Kearns,Montana-Western,2018-19,20.0,0,2,0,1,0,0,0,0,0,1,0,0,20.0,0,0,0,0,1,2,0,0,0,0,0,0
Carter Laramore,Trinity University (TX),2018-19,20.0,1,2,0,1,0,0,0,0,0,0,1,0,17.78,0,0,0,0,0,0,0,0,0,0,1,0
Carter Otwell,Fontbonne College,2018-19,20.0,0,1,0,1,0,0,1,1,0,0,0,0,14.9,0,1,0,0,0,0,0,0,0,0,0,1
Carter Skaggs,Washington State,2018-19,20.0,27,66,22,60,8,9,7,4,1,3,20,9,17.45,12,39,11,36,8,9,9,3,1,1,15,5
Carter Wildey,Avila,2018-19,20.0,2,4,2,3,0,0,0,1,0,0,1,0,14.95,2,3,2,2,0,2,0,0,0,0,1,1
Carter Wilson,Benedictine (AZ),2018-19,20.0,0,4,0,1,2,2,0,0,0,1,3,0,14.77,0,0,0,0,0,0,0,0,0,0,0,0
Cartier Diarra,Kansas State,2018-19,20.0,28,67,11,30,15,17,21,10,5,9,28,24,17.98,28,70,17,45,25,38,23,14,3,11,36,20
Cartier Talford,Chestnut Hill College,2018-19,20.0,1,3,1,1,0,0,1,0,0,1,1,0,19.07,1,5,1,4,1,2,2,1,0,0,1,0
Cartrell Thompson,CSU Bakersfield,2018-19,0.0,1,1,0,0,0,0,0,0,1,2,1,0,14.78,3,3,0,0,0,2,0,1,1,0,3,5
Carver Bible College,,2018-19,0.0,0,0,0,0,0,0,0,0,0,0,0,1,0.0,0,0,0,0,0,0,0,0,0,1,1,0
Carver College,,2018-19,0.0,0,0,0,0,0,0,0,0,0,1,3,1,0.0,0,0,0,0,0,0,0,0,0,0,0,1
Casey Carpinello,Palm Beach Atlantic,2018-19,20.0,0,1,0,1,0,0,1,0,0,0,1,0,20.0,1,1,1,1,0,0,0,0,0,0,1,1
Casmir Ochiaka,Loyola (MD),2018-19,20.0,19,37,0,0,4,16,8,7,1,11,32,23,20.0,22,35,0,0,15,22,3,3,3,18,36,10
Cassius Smits-Francisco,Idaho,2018-19,20.0,15,27,0,0,5,12,5,2,3,12,31,14,20.0,12,19,0,0,5,18,5,4,6,13,32,7
Cassius Winston,Michigan State,2018-19,20.0,112,258,40,117,64,79,138,24,1,3,42,59,20.0,129,263,43,91,91,106,147,15,3,10,62,54
Cayden Edmonson,Bethel (TN),2018-19,20.0,3,4,0,0,0,0,1,0,1,1,1,1,14.92,2,3,0,0,2,2,0,0,0,0,1,1
Cayne Edwards,Army,2018-19,20.0,31,48,0,0,10,16,3,6,7,16,30,7,19.92,11,27,0,0,15,20,0,4,4,14,16,7
Ceasar DeJesus,UCF,2018-19,20.0,9,26,1,6,8,13,3,3,3,2,11,11,17.3,11,20,3,5,5,6,8,1,0,0,4,10
Ceaunte Zachery,Huntingdon,2018-19,20.0,0,2,0,0,2,2,2,0,0,1,1,2,14.95,0,0,0,0,0,0,0,0,1,0,0,0
Cedarville,,2018-19,0.0,0,0,0,0,0,0,0,0,0,0,4,0,0.0,0,0,0,0,0,0,0,0,0,1,3,0
Cedric Boone,Montana-Western,2018-19,20.0,7,9,4,5,1,3,2,1,0,0,1,1,20.0,2,10,2,5,2,2,2,0,0,0,2,1
Cedric Council,,2018-19,19.38,19,54,3,14,9,15,7,3,11,17,49,15,0.0,23,54,4,17,8,18,6,8,5,16,38,15
Cedric Green,Johnson University (FL),2018-19,0.0,1,1,0,0,0,0,1,0,0,0,2,0,14.95,3,7,0,0,2,2,0,3,0,1,2,4
Cedric Jackson,Florida Atlantic,2018-19,20.0,6,36,2,27,1,2,5,6,0,6,4,2,14.83,7,19,4,13,2,4,6,2,0,4,2,1
Cedric McGinnis,Edward Waters,2018-19,20.0,0,1,0,0,0,0,2,1,0,1,4,1,18.6,3,8,2,4,2,3,3,1,0,0,4,2
Cedric Russell,Louisiana,2018-19,20.0,38,101,21,69,19,21,24,4,3,4,23,16,15.63,52,135,35,94,24,32,19,12,2,1,27,12
Cedric Sobers,Westcliff,2018-19,20.0,1,6,0,2,0,0,0,0,0,1,2,0,14.68,3,5,0,0,0,0,1,0,1,0,0,1
Cedrick Alley Jr,Houston,2018-19,20.0,0,0,0,0,0,0,8,0,0,0,0,0,17.15,0,0,0,0,0,0,6,0,0,0,0,0
Cedrick Alley Jr.,Houston,2018-19,20.0,28,85,18,66,11,18,5,10,6,18,40,12,14.8,24,67,11,44,18,20,3,7,3,14,28,13
Celio Araujo,Maine,2018-19,20.0,0,5,0,4,2,2,6,5,1,0,2,5,20.0,1,4,1,3,3,6,8,0,0,1,2,5
Centenary,,2018-19,0.0,0,0,0,0,0,0,0,0,0,1,0,0,0.0,0,0,0,0,0,0,0,0,0,1,1,0
Centenary (NJ),,2018-19,0.0,0,0,0,0,0,0,0,0,0,1,2,0,0.0,0,0,0,0,0,0,0,0,0,1,0,0
Central Arkansas,,2018-19,0.0,0,0,0,0,0,0,0,0,0,21,41,2,0.0,0,0,0,0,0,0,0,0,0,21,24,4
Central Connecticut,,2018-19,0.0,0,0,0,0,0,0,0,0,0,19,22,7,0.0,0,0,0,0,0,0,0,0,0,16,23,5
Central Michigan,,2018-19,0.0,0,0,0,0,0,0,0,0,0,37,33,7,0.0,0,0,0,0,0,0,0,0,0,32,36,7
Central Pennsylvania,,2018-19,0.0,0,0,0,0,0,0,0,0,0,5,5,0,0.0,0,0,0,0,0,0,0,0,0,1,3,2
Central State Ohio,,2018-19,0.0,0,0,0,0,0,0,0,0,0,1,2,0,0.0,0,0,0,0,0,0,0,0,0,0,1,0
Chad Andrews-Fulton,Coppin State,2018-19,20.0,22,69,4,16,12,25,13,5,4,28,38,26,14.9,16,33,1,3,16,24,15,3,4,20,35,19
Chad Bowie,Sam Houston State,2018-19,20.0,38,92,14,38,17,19,29,24,0,5,30,38,17.95,32,77,12,33,9,15,31,21,4,5,30,18
Chad Brown,UCF,2018-19,20.0,18,44,0,1,12,21,7,4,12,16,55,10,17.3,25,39,0,0,18,29,4,3,16,21,40,6
Chad Elliott,Siena Heights,2018-19,0.0,1,1,1,1,0,0,0,0,0,0,2,2,14.88,3,8,1,4,0,0,0,0,0,0,0,1
Chad Lott,Howard,2018-19,20.0,49,112,6,13,17,24,27,9,4,16,33,38,20.0,68,130,5,11,30,43,20,7,9,19,37,20
Chad Marcus,Medgar Evers,2018-19,0.0,0,0,0,0,0,0,0,0,0,0,0,0,14.93,2,5,0,2,2,2,0,0,0,1,1,0
Champion Baptist College,,2018-19,0.0,0,0,0,0,0,0,0,0,0,4,6,1,0.0,0,0,0,0,0,0,0,0,0,2,4,0
Chance Anderson,Wagner,2018-19,20.0,14,25,0,1,3,4,1,6,5,13,26,8,14.92,7,11,0,0,2,5,2,1,1,11,9,4
Chance Cole,Maine-Fort Kent,2018-19,20.0,5,14,0,0,1,1,0,1,0,3,5,0,14.83,3,7,0,0,1,2,0,0,0,1,3,1
Chance Garvin,Idaho,2018-19,20.0,6,22,4,16,2,2,11,2,0,0,12,10,20.0,4,10,0,5,1,4,8,4,0,0,7,2
Chance Houston,Dallas Christian,2018-19,20.0,6,11,4,6,0,0,2,1,0,1,1,4,14.97,3,6,2,3,0,0,2,0,0,0,0,2
Chance McSpadden,UCF,2018-19,0.0,0,0,0,0,0,0,0,0,0,0,3,1,17.65,0,3,0,1,0,0,1,0,0,1,1,0
Chance Moore,Wichita State,2018-19,20.0,1,2,0,0,1,2,0,0,0,2,0,0,20.0,0,0,0,0,0,0,0,0,0,0,0,2
Chancellor Barnard,Binghamton,2018-19,20.0,45,75,1,1,16,38,11,14,26,29,67,27,20.0,49,71,0,0,14,29,12,5,18,39,64,18
Chancellor Ellis,Prairie View A&M,2018-19,20.0,27,66,23,53,6,8,3,2,0,7,9,5,18.3,16,61,12,46,3,4,6,0,1,3,4,1
Chancellor Lockett,Middle Georgia State,2018-19,0.0,0,2,0,1,0,0,0,0,0,1,0,1,14.75,0,4,0,1,2,2,1,1,0,3,0,0
Chandler Cavell,Corban University,2018-19,20.0,0,1,0,0,0,0,1,0,0,0,2,1,17.4,1,2,0,1,0,1,0,0,0,0,1,2
Chandler Davis,Texas State,2018-19,20.0,12,25,0,0,2,6,6,1,1,15,10,6,14.77,6,14,0,0,2,5,2,0,0,7,4,5
Chandler Diekvoss,Lindenwood,2018-19,20.0,2,6,0,2,1,2,0,1,0,0,3,0,17.87,1,3,0,1,2,2,0,0,0,0,6,0
Chandler Fitzgerald,Pensacola Christian College,2018-19,20.0,0,2,0,1,2,2,0,1,0,0,0,0,14.87,0,0,0,0,0,0,1,0,0,0,0,1
Chandler Murray,Bridgewater,2018-19,20.0,2,4,2,4,0,0,2,0,0,0,1,3,15.47,1,2,1,1,1,3,0,1,0,0,1,1
Chandler Rivers,Trinity Baptist,2018-19,20.0,7,22,2,8,0,2,2,4,0,2,1,10,14.83,2,10,1,3,0,0,4,1,0,0,5,6
Chandler Spring,Purdue Northwest,2018-19,20.0,2,4,2,4,0,0,1,0,0,0,1,0,14.97,3,4,3,4,0,0,1,0,0,1,0,1
Chandler Wright,Georgia College,2018-19,0.0,0,0,0,0,0,0,0,0,0,0,0,0,17.97,0,1,0,0,0,0,0,0,0,0,0,0
Channel Banks,Akron,2018-19,20.0,23,65,9,39,7,10,10,7,2,5,24,10,14.92,31,63,19,41,3,4,6,16,0,4,25,11
Chapin Rierson,Georgia College,2018-19,20.0,3,8,1,4,0,0,1,2,0,1,2,0,17.97,0,2,0,2,0,0,0,0,0,0,2,1
Charles Bain,Robert Morris,2018-19,20.0,54,127,20,60,14,21,11,4,6,27,52,28,19.42,68,134,26,64,35,45,11,13,6,32,50,28
Charles Bassey,Western Kentucky,2018-19,20.0,96,144,7,12,32,47,9,11,28,48,97,54,17.88,76,132,2,6,70,84,15,14,44,46,117,40
Charles Beauregard Jr,,2018-19,0.0,0,0,0,0,0,0,0,0,0,0,0,0,4.07,0,0,0,0,0,0,1,0,0,0,0,0
Charles Beauregard Jr.,,2018-19,6.08,3,7,0,2,0,0,0,0,0,0,1,0,0.0,1,4,0,1,4,4,0,2,0,2,0,0
Charles Bohannon,New Orleans,2018-19,20.0,0,0,0,0,0,0,1,0,0,0,2,0,14.95,0,0,0,0,0,0,0,0,0,0,0,0
Charles Brown III,Incarnate Word,2018-19,20.0,52,99,10,29,21,24,14,7,0,5,37,25,14.75,48,86,10,28,30,34,6,6,0,7,20,17
Charles Cobb,Bethel (TN),2018-19,20.0,1,4,1,4,0,0,1,0,1,0,0,2,14.92,5,6,3,4,1,2,0,2,0,0,1,0
Charles Falden,Winthrop,2018-19,20.0,31,74,17,39,13,14,14,9,4,20,33,27,18.83,39,77,21,43,5,7,10,7,0,15,33,9
Charles Henderson Jr,Brescia,2018-19,20.0,0,0,0,0,0,0,3,0,0,0,0,0,14.95,0,0,0,0,0,0,0,0,0,0,0,0
Charles Henderson Jr.,,2018-19,9.38,6,15,3,6,3,6,0,0,0,4,2,1,0.0,0,1,0,1,0,0,0,0,0,0,1,3
Charles Jackson,Arkansas-Pine Bluff,2018-19,20.0,19,60,16,48,14,16,14,8,6,2,30,26,16.88,22,61,17,43,3,4,11,6,2,5,21,15
Charles Jones Jr,,2018-19,11.65,12,36,8,25,2,5,8,3,0,3,7,11,0.0,9,26,4,16,5,8,8,2,0,0,10,8
Charles Matthews,Michigan,2018-19,20.0,79,179,17,48,28,53,30,23,10,24,60,33,14.87,66,159,10,42,45,59,18,12,6,23,53,22
Charles Minlend,San Francisco,2018-19,20.0,45,117,13,52,13,25,19,7,2,13,25,14,14.78,51,110,13,40,34,43,12,8,7,11,38,12
Charles Mitchell,Massachusetts-Boston,2018-19,20.0,0,6,0,3,1,2,0,3,0,0,2,1,14.9,1,5,1,4,0,2,1,0,0,0,1,0
Charles Norman,Troy,2018-19,20.0,14,49,12,40,6,7,4,4,1,2,13,7,14.9,21,47,20,44,15,19,6,4,0,1,8,5
Charles Thomas IV,Wisconsin,2018-19,20.0,7,15,1,3,4,4,1,2,4,5,9,4,20.0,5,14,1,2,2,3,2,1,2,9,4,2
Charles Tiedemann,Oberlin College,2018-19,20.0,0,0,0,0,0,0,2,0,0,2,4,1,16.35,2,5,0,0,0,0,0,0,0,1,1,1
Charles Tripp,West Alabama,2018-19,19.87,1,2,0,1,3,4,0,0,0,2,1,0,14.68,1,4,0,1,0,0,0,0,0,1,0,1
Charles Williams,Howard,2018-19,20.0,89,204,31,79,33,41,5,11,3,7,22,22,20.0,72,151,22,54,40,46,10,5,2,10,26,21
Charles Young,Johnson & Wales (CO),2018-19,20.0,1,9,1,5,0,0,2,2,0,0,2,1,14.82,0,3,0,1,0,1,0,0,0,0,0,0
Charleston,,2018-19,0.0,0,0,0,0,0,0,0,0,0,15,18,3,0.0,0,0,0,0,0,0,0,0,0,14,25,1
Charleston Southern,,2018-19,0.0,0,0,0,0,0,0,0,0,0,19,32,1,0.0,0,0,0,0,0,0,0,0,0,26,24,2
Charlie Brown Jr,Saint Joseph's,2018-19,20.0,0,0,0,0,0,0,19,0,0,0,0,0,20.0,0,0,0,0,0,0,14,0,0,0,0,0
Charlie Brown Jr.,,2018-19,0.28,96,222,29,85,40,48,8,14,12,31,73,21,0.0,67,164,16,53,69,82,2,15,8,21,44,27
Charlie Lee,Cal Lutheran,2018-19,20.0,0,1,0,0,0,0,0,0,0,1,0,1,14.68,0,0,0,0,0,0,0,0,0,0,0,0
Charlie Mitchell,Massachusetts-Boston,2018-19,0.0,0,0,0,0,0,0,0,1,0,0,3,2,14.9,2,3,1,1,0,0,1,0,0,1,1,1
Charlie Moore,Kansas,2018-19,20.0,15,64,7,40,3,4,18,13,0,5,16,18,20.0,16,42,9,24,5,8,18,8,2,2,9,8
Charlie O'Briant,Air Force,2018-19,20.0,1,2,0,0,0,1,0,0,0,1,0,0,14.82,2,2,0,0,0,0,0,0,0,0,2,2
Charlie Riordan,Oberlin College,2018-19,0.0,0,0,0,0,0,0,0,0,0,0,0,0,16.35,2,4,0,1,2,2,0,1,0,1,0,0
Charlie Rounaghi,Colorado College,2018-19,20.0,0,1,0,0,0,0,0,1,0,0,2,1,14.93,0,0,0,0,0,0,1,0,0,0,0,0
Charlotte,,2018-19,0.0,0,0,0,0,0,0,0,0,0,15,20,18,0.0,0,0,0,0,0,0,0,0,0,20,14,10
Charvez' Hobson,Huntingdon,2018-19,20.0,0,0,0,0,0,0,1,0,0,0,0,1,14.95,1,4,0,0,0,0,1,0,0,0,0,0
Chase Audige,William & Mary,2018-19,0.0,45,97,15,42,11,18,30,17,5,15,39,25,20.0,46,89,17,47,18,27,27,16,7,8,33,22
Chase Cobb,Abilene Christian,2018-19,20.0,2,3,2,3,0,0,0,0,0,0,1,1,14.77,0,0,0,0,1,2,0,1,0,0,0,1
Chase Freeman,Wagner,2018-19,20.0,22,60,14,37,13,17,41,9,0,1,21,30,20.0,15,48,9,29,28,31,25,11,0,5,9,11
Chase Harler,West Virginia,2018-19,15.0,32,88,17,58,7,10,21,3,1,0,16,14,20.0,29,73,15,44,3,5,19,7,7,5,15,9
Chase Jeter,Arizona,2018-19,20.0,52,100,0,0,20,33,6,4,9,31,64,16,14.9,46,78,0,0,36,54,6,5,7,24,50,15
Chase Johnson,,2018-19,0.0,0,0,0,0,0,0,0,0,0,0,0,0,14.67,2,3,0,0,0,3,0,0,1,2,2,0
Chase Miller,Middle Tennessee,2018-19,20.0,1,2,1,2,0,0,0,0,0,0,0,0,20.0,0,0,0,0,0,0,0,0,0,0,0,0
Chase Nappier,Bethel (TN),2018-19,20.0,2,4,1,2,0,0,2,1,0,0,1,1,14.92,0,3,0,2,0,1,0,0,0,0,0,0
Chase Rankin,,2018-19,0.0,0,0,0,0,0,0,0,0,0,0,0,2,0.0,0,0,0,0,0,0,0,0,0,0,0,0
Chase Ta,Skidmore,2018-19,20.0,0,3,0,2,0,0,3,0,0,0,0,3,14.97,0,1,0,1,0,0,3,1,0,0,0,2
Chattanooga,,2018-19,0.0,0,0,0,0,0,0,0,0,0,20,27,4,0.0,0,0,0,0,0,0,0,0,0,21,18,7
Chauncey Blakeley,Edward Waters,2018-19,20.0,0,1,0,0,0,0,0,0,0,1,1,1,19.43,1,3,0,0,0,0,1,0,0,2,0,0
Chauncey Hawkins,St. Francis (BKN),2018-19,20.0,35,120,12,53,18,24,29,14,2,4,27,27,14.93,56,150,18,49,73,94,26,15,2,9,22,25
Chaundee Brown,Wake Forest,2018-19,20.0,63,153,25,69,29,34,17,9,4,22,41,16,19.6,48,126,11,48,32,37,14,10,2,22,48,21
Chavares Flanigan,Wisconsin Parkside,2018-19,20.0,2,2,1,1,1,1,1,0,0,1,0,1,15.58,2,3,0,1,1,1,0,0,0,0,1,2
Chave Zackery,Lyon,2018-19,20.0,0,3,0,1,0,1,1,0,0,0,1,1,18.78,0,0,0,0,0,0,2,0,0,0,1,2
Chavis Smith,Southeastern Baptist College,2018-19,20.0,0,1,0,0,0,0,1,0,0,0,0,1,14.82,0,0,0,0,0,0,0,0,0,0,0,0
Chaz Mack,Cornell,2018-19,0.0,0,2,0,1,0,0,0,0,0,0,2,1,14.97,1,5,1,3,2,2,0,0,0,0,4,0
Chazz George,Findlay,2018-19,20.0,3,7,2,4,2,2,0,1,0,0,2,0,14.83,1,4,0,2,0,0,0,0,0,1,1,0
Cheddi Mosely,La Salle,2018-19,20.0,7,32,4,21,4,4,5,6,0,2,11,5,20.0,10,24,4,15,2,2,1,4,0,3,6,2
Cheickna Dembele,UNLV,2018-19,20.0,2,7,0,0,5,6,1,1,1,4,8,2,17.62,1,3,0,0,0,2,0,0,1,5,5,2
Cheikh Diallo,American,2018-19,15.0,4,16,0,11,0,0,3,3,0,1,7,7,20.0,6,10,0,1,0,1,0,2,0,0,3,3
Cheikh Mbacke Diong,UNLV,2018-19,20.0,36,65,0,1,8,16,5,12,20,35,53,18,20.0,30,47,0,1,24,49,2,8,17,30,48,14
Chestnut Hill College,,2018-19,0.0,0,0,0,0,0,0,0,0,0,1,1,0,0.0,0,0,0,0,0,0,0,0,0,3,1,0
Chevez Goodwin,Wofford,2018-19,20.0,26,50,0,0,8,21,4,3,2,37,39,12,18.38,20,28,0,0,0,4,2,4,7,14,18,7
Chez Lister,Life Pacific,2018-19,20.0,4,8,2,2,2,4,1,0,0,0,2,4,15.03,2,5,0,0,1,2,2,1,0,1,0,2
Chibueze Jacobs,Sacramento State,2018-19,20.0,24,51,8,16,19,27,1,6,3,11,29,8,16.87,15,38,2,9,9,13,4,6,8,15,24,7
Chicago State,,2018-19,0.0,0,0,0,0,0,0,0,0,0,20,25,4,0.0,0,0,0,0,0,0,0,0,0,22,21,5
Chidi Udengwu,Idaho State,2018-19,0.0,12,22,0,0,10,16,5,3,0,7,20,11,14.48,6,15,0,0,6,9,6,2,1,4,21,7
Chidozie Ndu,Sam Houston State,2018-19,0.0,5,7,0,0,4,8,1,0,5,2,8,2,17.95,4,6,0,0,2,4,1,1,0,1,3,2
Chier Maker,Idaho State,2018-19,20.0,46,110,22,63,7,15,10,7,7,34,75,19,14.48,38,84,17,54,21,26,18,8,6,25,66,16
Chima Ogboi,Johnson & Wales (CO),2018-19,20.0,1,1,0,0,0,0,0,0,0,0,0,0,14.58,0,2,0,0,0,0,0,0,0,0,1,0
China Jones,Piedmont International,2018-19,20.0,2,4,0,0,0,0,0,0,0,1,0,1,14.77,0,0,0,0,2,2,0,0,0,0,0,0
Chris Austin,Fordham,2018-19,20.0,1,4,0,2,0,2,2,1,0,0,1,2,20.0,0,4,0,3,0,0,0,0,0,0,0,1
Chris Barnes,Tulsa,2018-19,20.0,9,32,0,4,12,14,5,1,0,4,16,15,18.08,13,31,0,0,8,9,9,3,1,3,20,8
Chris Barnette,Mars Hill,2018-19,20.0,1,4,1,2,0,0,1,0,0,0,4,1,14.93,4,7,1,1,0,0,0,0,0,0,1,0
Chris Barrett,Hardin-Simmons,2018-19,20.0,0,1,0,0,1,2,0,0,0,0,1,1,14.77,1,2,0,0,0,0,2,0,0,0,2,0
Chris Barton,Niagara,2018-19,20.0,37,99,11,42,16,23,19,2,1,7,23,25,20.0,28,69,7,24,31,47,24,6,0,20,37,26
Chris Bernard,Blue Mountain College,2018-19,20.0,2,3,1,1,0,0,1,0,0,0,1,0,14.9,0,0,0,0,0,0,0,0,0,0,0,2
Chris Bolden,IU-Northwest,2018-19,20.0,0,4,0,1,0,0,1,1,0,2,0,0,14.98,5,7,0,1,0,1,0,1,0,0,0,1
Chris Bowles,Campbellsville-Harrodsburg,2018-19,20.0,1,7,0,6,0,0,1,0,0,1,1,3,14.7,0,2,0,1,1,2,3,1,0,0,2,2
Chris Bowling,Northern Arizona,2018-19,20.0,4,21,3,14,2,2,3,2,0,1,12,8,17.17,7,16,5,11,5,8,0,2,1,0,5,4
Chris Brandon,Detroit Mercy,2018-19,20.0,20,29,0,1,5,9,2,4,10,17,29,5,17.9,10,21,0,2,2,11,6,5,7,22,33,10
Chris Braswell,NC Wesleyan,2018-19,19.05,1,2,0,1,0,0,1,1,0,0,0,1,20.0,6,9,5,6,1,1,1,0,0,0,0,3
Chris Briner,Rosemont College,2018-19,0.0,0,0,0,0,0,0,0,0,0,0,0,2,14.92,0,0,0,0,3,3,1,0,0,0,0,1
Chris Byrd,Shawnee State,2018-19,20.0,2,6,2,6,0,0,5,1,0,0,0,1,16.33,0,2,0,1,0,0,1,0,0,0,1,0
Chris Caliguiran,Towson,2018-19,0.0,0,0,0,0,0,0,0,0,0,0,0,0,19.18,0,1,0,0,0,0,0,0,0,0,0,0
Chris Clayton,West Coast Baptist,2018-19,20.0,1,1,0,0,3,4,0,0,0,0,1,2,14.65,0,1,0,1,0,0,2,0,0,0,2,1
Chris Clemons,Campbell,2018-19,19.17,132,289,60,171,64,77,45,18,5,7,57,42,20.0,121,278,59,157,145,160,38,20,6,14,65,36
Chris Clerkley,Georgia State,2018-19,20.0,1,1,0,0,0,0,0,0,0,0,1,0,20.0,1,1,0,0,0,0,0,0,5,1,3,1
Chris Clover,Saint Joseph's,2018-19,20.0,42,106,12,43,21,28,11,6,1,10,34,13,20.0,46,90,14,30,31,40,12,11,2,8,42,15
Chris Coalmon,Robert Morris,2018-19,20.0,13,22,5,8,6,7,6,4,0,8,26,11,19.42,11,18,2,5,5,7,11,4,0,6,10,7
Chris Collins,,2018-19,1.25,1,18,0,14,1,2,8,5,0,1,8,4,0.0,1,10,1,10,4,4,12,6,0,0,13,4
Chris Craig,Texas-Tyler,2018-19,20.0,0,1,0,0,0,0,0,1,0,0,0,2,18.0,1,1,0,0,1,1,0,0,0,1,1,0
Chris Darrington,Toledo,2018-19,20.0,43,112,25,59,24,29,19,7,0,5,27,22,20.0,41,99,16,50,44,52,13,13,0,1,18,17
Chris Dixon-Williams,IU-Northwest,2018-19,20.0,3,6,0,2,0,0,1,1,0,0,0,1,14.98,2,6,1,3,0,0,2,2,0,0,1,2
Chris Doerue,Wayland Baptist University,2018-19,20.0,0,0,0,0,0,0,1,0,0,0,0,2,17.97,0,1,0,0,2,2,1,0,1,2,4,1
Chris Doherty,Notre Dame,2018-19,20.0,0,1,0,0,0,0,1,1,0,1,2,1,14.78,2,3,0,0,1,4,0,0,1,1,2,0
Chris Downing,Fordham,2018-19,20.0,1,3,0,0,0,1,0,1,1,0,0,0,18.8,0,0,0,0,0,0,0,0,0,0,0,0
Chris Dubose,Savannah St,2018-19,20.0,3,14,3,14,0,0,0,1,0,0,0,0,17.82,1,6,0,5,0,0,1,0,0,0,1,0
Chris Dudley,West Alabama,2018-19,19.87,0,3,0,2,0,0,0,1,0,0,0,1,14.68,0,0,0,0,0,0,1,0,0,0,1,0
Chris Early,Southeastern Baptist College,2018-19,20.0,1,1,0,0,1,2,0,0,0,0,4,0,14.82,1,1,0,0,0,0,0,0,0,0,0,0
Chris Ford,Norfolk State,2018-19,20.0,4,14,0,0,1,4,3,2,4,10,7,6,14.83,2,4,0,0,1,4,1,1,3,5,2,3
Chris Gray,Bob Jones University,2018-19,20.0,1,3,0,0,0,0,1,0,0,2,0,1,14.93,0,1,0,1,0,0,0,0,0,0,0,2
Chris Harris Jr,Houston,2018-19,0.0,0,0,0,0,0,0,0,0,0,0,0,0,14.85,0,0,0,0,0,0,1,0,0,0,0,0
Chris Harris Jr.,Houston,2018-19,20.0,17,22,0,0,4,18,1,6,12,18,24,5,14.85,11,14,0,0,2,9,0,1,9,20,17,3
Chris Henderson,Hardin-Simmons,2018-19,20.0,0,2,0,2,0,0,0,0,0,0,0,0,14.77,1,2,1,2,0,0,0,0,0,0,0,1
Chris Herren Jr,Boston College,2018-19,20.0,0,0,0,0,0,0,10,0,0,0,0,0,20.0,0,0,0,0,0,0,5,0,0,0,0,0
Chris Herren Jr.,Boston College,2018-19,20.0,24,65,15,39,3,4,1,7,2,6,19,12,20.0,17,48,7,31,6,13,3,6,0,6,12,11
Chris Hildenbrand,Colorado Christian,2018-19,20.0,1,1,1,1,0,0,0,0,0,0,0,0,14.83,0,0,0,0,0,0,0,0,0,0,0,0
Chris Howell,Jackson State,2018-19,20.0,21,75,0,5,16,19,15,5,2,8,36,21,15.05,33,68,1,2,20,27,17,8,2,12,26,22
Chris Iverson,Carver College,2018-19,20.0,1,3,0,2,0,0,0,0,0,1,0,1,14.95,1,2,1,2,0,0,1,0,0,0,0,0
Chris Joyce,Air Force,2018-19,20.0,39,105,17,49,13,15,24,7,2,7,42,15,14.82,39,86,16,43,19,33,25,3,2,6,45,11
Chris King,Lindenwood,2018-19,20.0,1,3,1,1,0,0,0,0,0,0,0,1,17.87,4,8,3,6,0,0,0,0,0,0,1,0
Chris Knight,Dartmouth,2018-19,20.0,96,184,5,15,24,38,30,10,14,20,68,43,20.0,73,161,2,9,38,61,32,9,18,36,64,43
Chris LaBelle,Centenary NJ,2018-19,20.0,1,5,1,4,4,5,3,0,0,0,3,3,14.9,1,4,0,2,0,0,0,0,0,0,2,2
Chris Lester,New Hampshire,2018-19,20.0,28,64,7,26,4,8,15,4,0,22,34,16,14.85,25,55,8,16,5,9,13,8,1,28,25,10
Chris Lewis,Harvard,2018-19,20.0,46,79,0,0,12,17,10,9,20,17,44,27,20.0,59,95,0,0,21,32,13,10,25,22,49,27
Chris Lovisolo,Holy Cross,2018-19,0.0,0,0,0,0,0,0,0,0,0,0,0,0,20.0,0,1,0,1,0,0,0,0,1,0,0,0
Chris Lykes,Miami,2018-19,20.0,88,206,33,96,31,47,52,20,0,4,43,55,17.98,80,203,27,91,74,90,49,22,0,8,26,33
Chris Martin,,2018-19,15.62,30,67,6,22,17,26,24,10,0,13,48,16,0.0,20,50,3,13,24,32,12,9,0,15,31,12
Chris McIntosh,Jackson State,2018-19,20.0,1,1,0,0,0,0,0,0,0,0,0,0,19.92,0,1,0,0,0,0,0,1,0,0,0,0
Chris Miller,Oral Roberts,2018-19,0.0,9,16,0,0,1,1,1,2,1,1,2,6,17.72,5,8,0,0,4,4,1,0,0,1,7,2
Chris Mullins,Rice,2018-19,20.0,54,134,14,42,22,32,34,22,1,7,26,42,17.73,56,144,12,42,68,94,45,15,2,15,36,26
Chris O'Reilly,Molloy,2018-19,20.0,0,1,0,0,0,0,0,0,0,0,3,0,16.25,4,6,4,6,1,2,0,0,0,0,0,0
Chris Oakley,Edward Waters,2018-19,20.0,2,7,2,6,0,1,2,0,0,1,0,0,18.6,1,4,1,2,0,0,3,1,0,0,0,1
Chris Peasley,,2018-19,0.0,0,0,0,0,0,0,0,0,0,0,0,0,0.0,0,0,0,0,0,0,0,0,0,0,1,0
Chris Pernell,Methodist,2018-19,0.0,0,0,0,0,0,0,0,0,0,0,0,0,14.9,1,3,1,3,0,0,0,0,0,0,0,1
Chris Porter-Bunton,Austin Peay,2018-19,20.0,57,124,16,36,23,36,31,21,4,4,55,34,14.92,67,126,18,40,53,75,25,16,4,17,51,26
Chris Quayle,North Dakota State,2018-19,0.0,9,26,4,17,2,2,18,5,1,1,24,9,16.9,7,19,4,13,5,7,5,2,2,3,16,5
Chris Rogers,Reinhardt,2018-19,20.0,2,5,1,1,1,1,0,1,0,1,1,2,14.93,1,2,1,1,0,0,0,0,0,1,0,1
Chris Ruscillo,SUNY Maritime,2018-19,20.0,0,2,0,1,0,0,0,0,1,0,1,1,14.93,0,1,0,0,0,0,0,0,0,0,0,1
Chris Sause,NC Wesleyan,2018-19,15.0,1,1,0,0,0,0,1,0,0,1,0,1,20.0,0,1,0,1,0,0,0,0,0,0,0,0
Chris Silva,South Carolina,2018-19,20.0,71,150,14,27,86,105,13,16,27,35,84,31,19.2,68,128,7,17,73,103,15,11,33,46,65,42
Chris Smith,UCLA,2018-19,20.0,33,99,10,30,20,27,25,7,3,13,57,33,14.82,42,84,5,21,25,37,17,10,7,13,60,20
Chris Sullivan,Brown,2018-19,0.0,13,33,11,29,6,9,10,4,1,2,17,6,20.0,13,32,6,22,5,10,2,5,0,3,19,1
Chris Thompson,,2018-19,1.78,2,5,2,4,0,0,3,1,0,0,3,1,0.0,2,5,1,3,0,0,0,0,0,0,1,0
Chris Vogt,Northern Kentucky,2018-19,14.92,29,54,0,0,18,41,11,4,18,26,39,19,20.0,30,49,0,0,10,33,7,6,20,18,37,16
Chris Williams,Central Connecticut,2018-19,20.0,2,4,1,1,0,0,1,0,0,0,2,2,14.73,3,8,1,2,0,0,2,1,0,0,0,0
Christ Koumadje,Florida State,2018-19,20.0,59,92,0,1,14,29,5,7,21,42,67,25,14.97,39,62,0,0,13,20,0,1,24,24,49,13
Christen Cunningham,Louisville,2018-19,20.0,48,100,16,42,23,29,80,8,0,1,32,28,14.9,58,125,13,40,53,67,76,9,2,5,30,34
Christendom,,2018-19,0.0,0,0,0,0,0,0,0,0,0,0,2,2,0.0,0,0,0,0,0,0,0,0,0,0,0,0
Christiaan Jones,Stetson,2018-19,20.0,56,137,20,70,19,24,13,8,4,26,36,27,14.95,44,111,13,48,19,33,11,11,2,13,38,12
Christian Agnew,North Alabama,2018-19,20.0,24,72,5,20,16,20,9,8,0,5,15,19,20.0,55,100,11,31,23,36,7,11,1,7,16,17
Christian Anigwe,San José St,2018-19,0.0,11,30,0,2,7,16,2,1,2,17,21,8,20.0,12,21,0,2,14,32,1,2,4,18,14,6
Christian Barrett,Lamar,2018-19,0.0,34,64,0,0,44,57,10,7,5,45,66,19,16.73,22,39,1,2,32,50,10,1,0,28,39,11
Christian Bishop,Creighton,2018-19,20.0,26,35,0,1,9,17,6,5,7,7,8,13,19.33,13,22,0,2,3,9,1,2,4,10,14,6
Christian Brandt,Spring Hill,2018-19,0.0,0,2,0,2,0,0,1,0,0,1,0,0,14.87,1,5,1,4,0,0,1,3,0,1,0,1
Christian Carlyle,Florida Gulf Coast,2018-19,20.0,41,85,5,16,17,27,32,16,3,10,34,10,14.97,44,95,8,23,26,46,25,10,4,13,24,15
Christian Carson,Savannah St,2018-19,0.0,0,2,0,2,0,0,1,0,0,0,0,1,19.95,2,2,1,1,0,0,2,1,0,0,2,2
Christian Chaney,Wesley,2018-19,0.0,0,0,0,0,0,0,0,0,0,0,0,0,14.75,1,2,1,1,1,2,1,0,0,0,0,0
Christian Clark,Southern Miss,2018-19,20.0,0,0,0,0,0,0,1,1,0,0,1,0,14.87,0,0,0,0,0,0,0,0,0,0,0,0
Christian Creswell,Johnson & Wales (NC),2018-19,20.0,3,11,1,5,0,0,1,2,0,5,7,4,14.85,5,9,3,3,0,0,1,2,0,2,1,2
Christian Cunningham,Jacksonville State,2018-19,20.0,29,53,0,0,1,3,13,5,18,28,50,20,16.68,42,65,0,0,23,37,10,9,13,35,41,7
Christian David,Butler,2018-19,20.0,12,28,3,13,4,7,10,6,8,9,16,8,16.43,7,19,3,12,6,8,6,5,6,11,18,8
Christian Davis,Truett-McConnell,2018-19,20.0,1,5,1,3,0,0,2,1,0,1,1,0,16.18,3,4,2,3,2,2,0,2,0,0,1,0
Christian Ellis,SIU-Edwardsville,2018-19,20.0,19,45,3,9,4,6,30,11,1,11,35,19,18.7,20,43,1,4,9,21,26,5,1,23,32,20
Christian Fioretti,Oberlin College,2018-19,20.0,2,4,0,0,0,0,1,0,0,0,2,0,16.35,1,2,1,2,0,0,0,1,0,0,1,2
Christian Gray,Fresno State,2018-19,0.0,5,15,0,0,3,11,0,4,0,13,21,1,14.77,5,17,0,0,6,8,3,3,3,8,18,5
Christian Hansen,East Mennonite,2018-19,20.0,1,1,0,0,0,0,0,1,0,0,1,1,14.88,0,0,0,0,0,0,0,0,0,1,0,1
Christian Harrison,Georgia,2018-19,20.0,3,5,0,0,0,2,3,5,1,5,10,4,18.95,4,6,0,0,6,9,8,4,2,4,8,5
Christian Hinckson,Manhattan,2018-19,20.0,20,62,3,13,14,25,14,8,6,13,27,20,20.0,20,50,1,7,13,24,15,12,4,15,24,14
Christian Jacob,Chicago State,2018-19,20.0,29,57,1,1,14,20,5,9,1,13,33,18,14.97,37,68,0,1,21,33,6,10,3,22,21,16
Christian James,Oklahoma,2018-19,20.0,76,186,36,96,23,34,25,21,2,15,78,27,17.92,71,184,22,79,58,71,26,18,4,22,77,33
Christian Jones,Montana Tech,2018-19,20.0,0,1,0,1,0,0,0,0,0,0,0,0,14.7,0,1,0,1,0,0,0,0,0,0,1,1
Christian Juzang,Harvard,2018-19,20.0,31,76,15,46,16,17,32,7,0,6,27,23,20.0,36,80,20,50,27,38,28,10,0,11,28,21
Christian Keeling,Charleston Southern,2018-19,20.0,107,227,47,115,37,46,44,22,14,8,105,44,14.87,93,209,30,87,67,91,45,16,8,19,93,44
Christian Lutete,UMass Lowell,2018-19,20.0,95,187,39,91,32,43,21,10,2,16,94,38,20.0,100,178,26,74,65,91,17,10,1,18,97,39
Christian McLean,South Wesleyan,2018-19,20.0,1,3,0,1,0,0,1,0,0,0,3,2,17.87,2,5,0,1,0,0,2,1,0,1,2,1
Christian Mekowulu,Texas A&M,2018-19,20.0,43,101,2,7,27,42,7,4,14,37,59,17,20.0,35,72,1,3,45,57,7,3,16,31,54,15
Christian Menendez,,2018-19,0.0,0,0,0,0,0,0,0,0,0,0,0,0,0.0,0,0,0,0,0,0,0,0,0,0,1,0
Christian Negron,Loyola Chicago,2018-19,20.0,8,20,0,0,9,13,4,2,4,8,22,5,14.6,11,17,0,0,1,2,3,2,0,4,17,8
Christian Peevy,Incarnate Word,2018-19,20.0,55,108,2,7,50,57,16,19,8,16,39,32,14.75,49,91,2,5,64,74,12,5,3,14,45,24
Christian Robertson,Arkansas-Pine Bluff,2018-19,20.0,2,9,0,0,2,4,0,3,0,0,6,2,16.88,6,12,0,1,0,1,2,0,1,3,2,5
Christian Rohlehr,St. Francis (BKN),2018-19,20.0,18,36,0,0,12,27,1,8,21,23,23,12,14.93,11,21,0,0,5,9,1,0,7,15,20,5
Christian Stewart,Birmingham-Southern,2018-19,20.0,0,1,0,1,1,2,0,0,0,0,0,0,14.97,1,1,0,0,0,0,0,0,0,0,0,1
Christian Terrell,UC Santa Barbara,2018-19,20.0,3,11,0,3,0,1,8,3,2,1,12,3,19.87,9,14,0,5,5,6,4,3,1,2,6,4
Christian Thieneman,Marshall,2018-19,0.0,1,5,1,4,1,2,1,0,0,0,2,1,14.73,1,5,1,5,1,3,0,1,0,2,1,0
Christian Turner,Gardner-Webb,2018-19,19.0,9,22,6,13,1,2,25,7,0,2,18,6,20.0,13,21,6,11,24,27,27,14,1,1,17,13
Christian Vital,UConn,2018-19,20.0,75,150,48,95,36,45,36,23,1,9,71,39,20.0,67,153,27,82,54,64,32,25,0,22,68,27
Christian Williams,Indiana State,2018-19,20.0,28,77,9,18,16,20,31,18,2,12,43,22,15.67,29,79,2,11,29,36,27,17,4,9,52,18
Christian Willis,Arkansas State,2018-19,20.0,11,32,2,9,12,14,4,1,0,7,3,7,17.8,9,15,2,4,3,4,4,1,0,4,1,6
Christian Wilson,Huston-Tillotson,2018-19,20.0,0,0,0,0,0,0,1,0,0,0,0,1,16.73,1,1,0,0,2,2,0,0,0,0,1,0
Christian Wimbley,Harris Stowe,2018-19,20.0,2,4,0,1,0,0,1,0,0,3,1,3,20.0,4,7,0,0,2,2,1,1,1,2,3,1
Christion Thompson,Rhode Island,2018-19,20.0,26,78,15,51,18,24,22,26,10,11,37,17,20.0,23,64,8,36,24,35,14,8,8,20,33,10
Christopher Brizan,Queens College,2018-19,20.0,0,1,0,1,0,0,0,0,0,0,0,0,14.98,0,0,0,0,0,0,0,0,0,1,2,0
Christopher Chaney,Shenandoah,2018-19,20.0,2,7,1,1,1,1,0,2,0,1,1,1,14.95,3,4,0,1,0,1,0,1,0,0,0,1
Christopher Haynes,East Texas Baptist,2018-19,0.0,0,0,0,0,0,0,0,0,0,0,0,1,17.95,2,2,0,0,0,1,0,0,0,1,0,0
Christopher Parker,Middle Georgia State,2018-19,19.98,0,1,0,1,0,0,0,1,0,0,0,0,14.75,2,3,1,2,0,0,0,0,0,1,1,1
Christopher Smalls,Hood College,2018-19,20.0,0,2,0,2,0,0,0,0,0,0,0,0,17.83,0,2,0,2,0,0,1,0,0,1,0,0
Chuba Ohams,Fordham,2018-19,20.0,40,95,2,7,16,33,14,8,18,24,80,21,20.0,27,55,1,3,12,21,7,12,17,20,55,20
Chuck Champion,Loyola (MD),2018-19,20.0,78,177,22,67,11,15,31,20,1,13,46,28,14.88,52,153,14,63,30,42,30,16,1,10,39,22
Chuck Hannah,Elon,2018-19,20.0,28,56,8,25,7,14,11,6,2,18,24,9,14.97,22,42,3,16,5,8,9,8,5,16,21,8
Chukuka Emili,Eastern New Mexico,2018-19,20.0,6,13,1,3,0,0,0,2,3,4,8,1,20.0,5,7,0,2,1,2,0,1,1,1,6,1
Chuma Okeke,Auburn,2018-19,20.0,77,162,26,62,22,35,31,36,23,49,63,36,14.95,73,145,23,61,39,45,36,30,19,44,67,25
Cian Sullivan,La Salle,2018-19,20.0,1,3,0,0,0,0,0,0,0,3,2,1,19.02,0,0,0,0,2,2,0,0,0,1,1,1
Cincinnati,,2018-19,0.0,0,0,0,0,0,0,0,0,0,40,24,7,0.0,0,0,0,0,0,0,0,0,0,27,20,11
Cj Fisher,Keiser,2018-19,20.0,1,2,0,0,0,0,1,0,0,0,2,2,20.0,0,0,0,0,0,0,1,0,0,0,1,0
Cj Hedgepeth,,2018-19,3.9,4,4,1,1,4,6,0,3,0,1,0,1,0.0,6,12,2,3,1,2,0,0,0,0,4,1
Cj Obinwa,Wayland Baptist University,2018-19,20.0,2,3,1,2,0,0,1,1,0,1,0,1,17.97,1,3,0,1,0,0,1,0,0,0,0,3
Cj Walker,Willamette,2018-19,20.0,1,3,0,0,0,0,0,0,0,0,2,2,14.9,0,3,0,0,1,2,0,0,0,1,1,1
Clarion,,2018-19,0.0,0,0,0,0,0,0,0,0,0,0,1,0,0.0,0,0,0,0,0,0,0,0,0,0,0,1
Clay Conley,University of the Ozarks,2018-19,20.0,2,5,1,2,0,1,1,0,0,0,1,0,14.97,1,2,1,2,0,0,0,0,0,0,0,0
Clay Gayman,Abilene Christian,2018-19,20.0,7,21,5,12,5,6,3,2,2,8,6,7,14.77,12,17,2,3,5,10,3,5,1,4,4,3
Clay Hertel,Bryan,2018-19,20.0,1,1,0,0,0,0,0,0,0,0,0,0,15.43,2,4,1,2,0,0,0,1,0,2,2,0
Clay Mounce,Furman,2018-19,20.0,62,128,29,66,18,22,29,13,18,26,66,24,14.93,59,105,19,49,11,16,28,10,15,19,56,19
Clay Vek,Johnson University (FL),2018-19,20.0,0,2,0,0,0,0,0,1,0,0,1,0,14.95,0,2,0,0,0,0,0,0,0,0,0,0
Clay Verk,Stetson,2018-19,20.0,12,27,4,6,2,6,3,4,1,5,14,7,15.35,6,23,1,7,3,5,4,0,0,2,4,4
Clayton Custer,Loyola Chicago,2018-19,20.0,71,147,34,78,20,26,47,22,0,6,28,29,14.6,55,143,24,75,26,37,41,13,1,7,27,28
Clayton Henry,New Mexico State,2018-19,20.0,27,75,21,63,2,5,11,4,2,11,38,10,19.35,23,58,15,44,12,16,9,1,1,13,32,9
Clayton Hughes,Indiana State,2018-19,20.0,21,51,7,21,2,3,17,4,5,3,26,17,20.0,20,44,1,9,5,10,4,3,0,4,15,16
Clayton Le Sann,Holy Cross,2018-19,0.0,2,8,2,6,0,0,2,1,0,0,3,3,18.25,5,13,3,10,3,4,0,0,0,2,2,0
Cle'von Greene,Radford,2018-19,20.0,5,11,1,7,0,0,0,1,0,0,3,0,14.87,3,7,1,2,0,0,2,0,0,0,1,0
Clemson,,2018-19,0.0,0,0,0,0,0,0,0,0,0,22,25,7,0.0,0,0,0,0,0,0,0,0,0,17,29,10
Cleo Cain,Hawaii Hilo,2018-19,20.0,0,1,0,1,0,0,0,0,0,0,1,0,20.0,0,1,0,1,0,0,0,0,0,0,1,0
Cletrell Pope,Bethune-Cookman,2018-19,20.0,40,86,2,2,25,54,11,6,22,44,99,17,14.92,74,112,1,3,36,68,5,17,12,56,77,24
Cleveland State,,2018-19,0.0,0,0,0,0,0,0,0,0,0,28,24,3,0.0,0,0,0,0,0,0,0,0,0,24,17,5
Clevon Brown,Vanderbilt,2018-19,20.0,23,57,1,12,8,17,5,4,20,23,27,10,18.83,20,34,1,4,8,18,6,3,20,19,15,12
Cliff Thomas Jr,High Point,2018-19,0.0,0,0,0,0,0,0,0,0,0,0,0,0,14.93,0,0,0,0,0,0,1,0,0,0,0,0
Cliff Thomas Jr.,High Point,2018-19,20.0,4,6,0,0,5,6,0,0,2,4,1,3,14.93,2,3,0,0,2,2,0,0,3,1,7,3
Clifford Shaw,Mid-Atlantic Christian University,2018-19,0.0,0,0,0,0,0,0,0,0,0,0,0,0,14.83,0,5,0,4,0,0,1,0,0,2,0,1
Clifton Moore,Indiana,2018-19,0.0,2,4,0,0,4,6,0,1,2,2,8,2,14.95,1,2,0,0,1,2,1,0,0,2,4,1
Clinton Moses,Mississippi College,2018-19,20.0,0,0,0,0,1,2,0,0,0,0,0,0,14.97,0,0,0,0,0,0,0,0,0,0,1,0
Clyde Trapp,Clemson,2018-19,20.0,35,83,13,44,8,12,23,9,5,3,46,30,17.78,33,76,13,38,21,35,24,17,3,11,45,21
Coastal Carolina,,2018-19,0.0,0,0,0,0,0,0,0,0,0,26,25,5,0.0,0,0,0,0,0,0,0,0,0,43,29,6
Coby Kelly,,2018-19,14.83,0,2,0,0,0,0,2,0,0,0,0,0,0.0,0,0,0,0,0,0,0,0,0,0,0,0
Coby White,North Carolina,2018-19,20.0,93,213,40,120,29,38,62,17,9,6,49,51,18.38,73,185,30,89,57,72,71,20,1,5,53,35
Codi Whitlock,William Woods,2018-19,20.0,0,1,0,0,0,0,0,0,0,0,0,0,14.95,1,2,0,0,2,2,0,0,0,1,1,0
Cody Benzel,Eastern Washington,2018-19,20.0,35,86,27,70,4,4,11,17,1,2,24,10,14.93,24,73,23,65,2,3,9,7,1,2,15,4
Cody Carden,Reinhardt,2018-19,20.0,1,3,1,3,0,0,1,3,0,0,0,0,14.93,1,1,1,1,2,2,1,0,0,1,1,0
Cody Graham,Incarnate Word,2018-19,20.0,22,45,6,16,4,5,21,13,2,6,29,18,14.75,19,43,4,14,7,10,19,4,0,5,8,11
Cody John,Weber State,2018-19,19.07,81,180,14,52,33,48,33,6,2,6,57,35,17.93,88,168,23,55,42,49,25,9,3,4,47,25
Cody Kelley,South Dakota,2018-19,20.0,39,111,22,69,13,14,44,11,1,6,41,20,15.25,28,66,18,44,18,24,35,10,1,1,31,22
Cody Landwehr,,2018-19,0.0,0,0,0,0,0,0,0,0,0,0,0,1,0.0,0,0,0,0,0,0,0,0,0,0,0,1
Cody Martin,Nevada,2018-19,20.0,78,153,19,52,25,36,73,25,13,16,50,33,17.82,61,120,12,34,40,51,74,19,9,13,57,24
Cody Riley,UCLA,2018-19,20.0,39,73,3,12,13,23,12,3,8,17,61,26,18.12,23,56,2,6,19,40,8,5,5,10,33,16
Cody Rowley,Portland Bible,2018-19,20.0,0,1,0,0,0,0,0,0,0,0,0,1,14.73,1,2,1,2,1,2,1,1,0,1,0,0
Cody Schwartz,Green Bay,2018-19,20.0,39,99,25,65,9,11,14,10,2,13,33,14,14.93,26,74,18,54,17,21,10,4,2,9,34,13
Cody Smith,LaGrange College,2018-19,20.0,0,1,0,0,1,2,0,0,0,0,0,0,14.93,0,0,0,0,0,0,0,0,0,0,0,0
Colbey Ross,Pepperdine,2018-19,20.0,71,155,28,63,77,91,114,18,1,5,36,65,14.88,84,212,27,78,130,150,98,19,4,7,33,62
Cole Baker,Montana-Western,2018-19,20.0,0,0,0,0,0,0,1,1,0,0,1,0,20.0,0,0,0,0,2,3,0,0,0,0,1,0
Cole Bene',Howard Payne,2018-19,0.0,0,2,0,0,0,0,0,1,0,0,7,4,14.97,2,4,0,0,0,0,0,0,1,1,0,1
Cole Bergan,Northern Colorado,2018-19,0.0,11,29,0,3,7,13,10,4,2,10,19,18,14.93,15,21,0,1,11,19,14,5,10,5,25,15
Cole DenBesten,Birmingham-Southern,2018-19,20.0,1,3,1,3,0,0,1,0,0,0,0,1,14.97,0,1,0,1,0,0,0,0,0,0,0,1
Cole Gentry,Wright State,2018-19,20.0,52,129,28,75,15,15,53,19,1,3,42,22,15.27,74,163,24,72,60,69,52,24,0,7,31,21
Cole Gilliland,Kentucky Christian,2018-19,0.0,0,4,0,1,0,0,0,1,0,0,0,0,17.92,2,3,1,2,1,1,0,0,0,0,2,0
Cole Hayes,,2018-19,0.0,0,0,0,0,0,0,0,0,0,0,1,0,0.0,0,0,0,0,0,0,0,0,0,0,0,0
Cole Huskey,Piedmont,2018-19,20.0,0,1,0,1,0,0,0,0,0,0,0,1,14.88,1,3,1,1,0,0,0,0,0,0,0,0
Cole Long,Detroit Mercy,2018-19,20.0,6,18,1,6,0,2,0,0,0,7,8,2,17.9,10,14,4,4,2,2,3,2,5,4,10,3
Cole Micek,St. Francis (ILL),2018-19,20.0,5,10,3,6,4,4,0,0,0,0,0,2,18.75,2,5,2,4,0,1,0,0,0,1,2,2
Cole Storm,Washington College (MD),2018-19,0.0,0,0,0,0,0,0,0,1,0,0,0,1,14.93,0,1,0,1,1,2,0,0,0,0,0,1
Cole Swider,Villanova,2018-19,20.0,9,36,4,26,3,4,9,1,1,6,7,6,17.55,10,18,5,13,7,11,3,1,0,3,6,2
Cole Taira,,2018-19,0.0,0,0,0,0,0,0,0,0,0,0,1,0,0.0,0,0,0,0,0,0,0,1,0,0,1,0
Cole Thomas,Cal Lutheran,2018-19,0.0,0,0,0,0,0,0,0,0,0,1,0,0,14.68,0,3,0,0,0,0,0,0,0,1,1,0
Colen Gaynor,Maryland-Eastern Shore,2018-19,20.0,10,17,1,3,4,8,2,3,3,3,9,5,18.02,14,28,0,6,5,8,4,2,0,7,15,9
Coletrane Washington,Drexel,2018-19,20.0,7,30,7,26,2,2,1,1,1,2,4,5,17.95,8,20,5,16,1,2,1,1,0,1,2,2
Colgate,,2018-19,0.0,0,0,0,0,0,0,0,0,0,28,29,4,0.0,0,0,0,0,0,0,0,0,0,18,24,5
Colin Biesterfeld,Wisconsin Lutheran,2018-19,20.0,3,4,3,3,0,0,0,0,0,0,0,2,14.93,2,6,0,2,0,0,0,0,0,0,3,1
Colin Castleton,Michigan,2018-19,0.0,4,7,0,0,0,0,0,1,1,1,2,1,14.9,2,5,0,0,1,1,0,0,1,0,1,1
Colin Cunniff,Life Pacific,2018-19,20.0,2,7,2,7,0,0,0,0,0,0,1,0,15.03,3,8,2,5,3,3,0,0,0,0,0,1
Colin Cunningham,Mid-Atlantic Christian University,2018-19,20.0,1,6,1,6,0,0,3,0,0,0,1,1,14.98,2,5,2,4,0,0,2,0,0,0,0,3
Colin Hale,Harding,2018-19,20.0,3,9,2,7,0,0,3,2,1,0,2,1,14.85,1,3,1,1,0,0,0,0,0,0,1,0
Colin McCarthy,Cal Poly,2018-19,0.0,0,0,0,0,0,0,0,0,0,0,0,0,20.0,0,0,0,0,0,1,0,0,0,0,0,0
Colin Russell,UC Davis,2018-19,0.0,3,11,0,0,2,5,1,2,0,6,4,3,17.92,2,5,0,0,3,8,1,1,1,1,4,2
Colin Taylor,McMurry,2018-19,20.0,1,5,0,3,0,0,0,1,0,1,1,2,14.85,0,1,0,0,0,0,0,0,0,0,0,2
College Of New Rochelle,,2018-19,0.0,0,0,0,0,0,0,0,0,0,1,2,0,0.0,0,0,0,0,0,0,0,0,0,0,0,0
College of Idaho,,2018-19,0.0,0,0,0,0,0,0,0,0,0,3,0,0,0.0,0,0,0,0,0,0,0,0,0,0,1,0
Collier Blackburn,Harding,2018-19,20.0,1,3,1,2,0,0,0,0,0,0,0,0,14.93,0,0,0,0,2,2,0,0,0,0,0,0
Collin Gillespie,Villanova,2018-19,20.0,59,144,40,108,23,27,46,18,1,3,29,27,17.55,48,119,30,78,49,57,48,20,0,6,38,24
Collin Goss,Delaware,2018-19,17.63,20,35,8,14,6,9,2,1,7,11,23,14,20.0,11,23,2,9,0,0,7,1,4,6,30,6
Collin Huun,Colorado Christian,2018-19,20.0,3,4,3,4,0,0,0,0,0,0,2,0,14.83,1,3,1,2,2,2,0,0,0,0,0,1
Collin Kennedy,Wisconsin Lutheran,2018-19,20.0,6,19,2,8,1,3,2,0,1,1,5,5,14.93,3,9,1,1,0,0,1,0,0,1,4,1
Collin Mergl,,2018-19,18.18,0,1,0,0,0,0,0,1,0,0,0,1,0.0,0,0,0,0,0,0,0,0,0,0,0,0
Collin Nnamene,Mt. St. Mary's,2018-19,20.0,19,40,1,4,2,5,2,1,10,14,26,16,20.0,8,18,0,2,9,15,1,1,3,12,10,7
Collin Smith,UCF,2018-19,20.0,49,110,7,19,24,36,23,9,5,14,59,37,17.3,37,77,2,10,34,48,17,8,3,22,48,19
Collin Welp,UC Irvine,2018-19,20.0,58,113,12,29,11,18,9,11,5,17,49,16,20.0,46,85,7,23,20,23,8,7,4,13,46,11
Collins Joseph,Savannah St,2018-19,20.0,29,75,18,53,5,6,27,8,1,8,23,22,14.92,19,64,13,44,16,24,21,6,0,5,12,16
Colorado,,2018-19,0.0,0,0,0,0,0,0,0,0,0,64,32,11,0.0,0,0,0,0,0,0,0,0,0,49,24,18
Colorado Christian,,2018-19,0.0,0,0,0,0,0,0,0,0,0,1,0,0,0.0,0,0,0,0,0,0,0,0,0,0,2,0
Colorado College,,2018-19,0.0,0,0,0,0,0,0,0,0,0,1,0,0,0.0,0,0,0,0,0,0,0,0,0,0,0,1
Colorado State,,2018-19,0.0,0,0,0,0,0,0,0,0,0,21,19,4,0.0,0,0,0,0,0,0,0,0,0,16,18,1
Colson Rosa,,2018-19,0.0,0,0,0,0,0,0,0,0,0,0,0,0,14.22,0,0,0,0,0,1,0,0,0,0,1,0
Colten Garland,Wabash College,2018-19,0.0,0,0,0,0,0,0,0,0,0,0,0,0,15.08,0,1,0,1,0,0,1,0,0,0,0,0
Colten Kresl,CSU Dominguez Hills,2018-19,20.0,1,8,1,6,2,2,1,0,0,0,3,3,14.88,3,8,1,4,2,2,0,1,0,0,0,0
Colton Bishop,Piedmont International,2018-19,20.0,2,6,2,5,1,4,0,0,0,2,0,0,14.77,0,2,0,2,0,0,0,0,0,0,1,0
Colton Collins,Georgia College,2018-19,20.0,2,4,2,3,2,2,1,0,0,0,0,0,17.97,1,1,1,1,0,0,0,0,0,0,0,0
Colton Linkous,Cedarville,2018-19,20.0,0,7,0,5,0,0,2,1,0,1,8,0,14.92,0,2,0,2,0,0,0,1,0,0,2,0
Colton Noel,Goshen College,2018-19,20.0,1,3,0,0,0,0,1,0,0,2,1,0,14.72,0,1,0,0,0,0,0,0,0,0,1,0
Colton Otts,Howard Payne,2018-19,20.0,1,4,0,1,0,1,1,0,0,1,6,3,14.97,0,3,0,1,0,0,1,1,0,0,1,2
Colton Webber-Mitchell,,2018-19,17.43,0,0,0,0,0,1,0,0,0,0,0,1,0.0,0,0,0,0,0,0,1,0,0,0,0,0
Colton Wirth,Menlo,2018-19,0.0,0,0,0,0,0,0,0,0,0,1,1,0,15.95,0,0,0,0,0,0,1,0,0,1,0,0
Columbia,,2018-19,0.0,0,0,0,0,0,0,0,0,0,16,14,2,0.0,0,0,0,0,0,0,0,0,0,26,16,6
Columbia International,,2018-19,0.0,0,0,0,0,0,0,0,0,0,3,1,3,0.0,0,0,0,0,0,0,0,0,0,0,0,0
Conner Avants,North Dakota,2018-19,20.0,42,75,0,0,23,31,13,11,4,7,40,24,20.0,32,62,0,0,26,37,11,7,2,14,30,12
Conner Brens,Wabash College,2018-19,0.0,0,0,0,0,0,0,0,0,0,0,1,0,15.08,0,1,0,0,2,2,0,0,0,0,2,0
Conner George,Michigan State,2018-19,20.0,0,0,0,0,2,2,0,0,0,0,1,0,20.0,0,0,0,0,0,0,0,0,0,0,1,0
Conner Hubbard,,2018-19,0.0,0,0,0,0,0,0,0,0,0,0,0,3,9.42,1,1,0,0,0,0,0,0,0,0,1,0
Conner TenHove,Cedarville,2018-19,20.0,4,12,2,5,0,0,0,0,0,1,6,0,14.92,1,6,0,2,0,0,1,1,1,0,1,2
Conner Toolson,Utah Valley,2018-19,20.0,74,162,34,91,17,20,12,18,6,6,34,17,20.0,55,142,22,73,28,38,15,24,2,8,47,17
Connor Arnold,VMI,2018-19,20.0,4,16,4,12,0,0,1,2,0,3,4,6,14.72,4,11,2,9,0,0,2,1,0,3,1,1
Connor Bennett,UMass Lowell,2018-19,20.0,3,6,0,0,0,3,2,0,0,6,3,2,20.0,1,1,0,0,0,0,0,0,0,1,0,0
Connor Burkhart,Montana-Western,2018-19,20.0,3,6,0,0,0,0,0,0,1,0,1,0,20.0,0,0,0,0,3,4,2,0,1,0,3,0
Connor Cashaw,Creighton,2018-19,20.0,11,23,1,4,3,5,9,3,1,11,21,6,20.0,8,15,2,2,1,4,7,4,0,5,11,9
Connor Cole,Cal Lutheran,2018-19,20.0,0,1,0,1,0,0,0,0,0,0,1,1,14.68,0,3,0,1,2,2,0,0,0,2,0,0
Connor Crabtree,Tulane,2018-19,20.0,26,59,11,32,21,26,18,10,3,4,29,23,20.0,32,70,14,32,23,27,15,8,1,6,12,12
Connor Desaulniers,College of Idaho,2018-19,20.0,1,3,0,0,0,0,0,0,0,1,1,1,14.95,0,0,0,0,0,0,1,0,0,0,0,1
Connor Dukes,Bellevue University,2018-19,20.0,0,2,0,2,0,0,0,0,0,0,0,0,16.35,2,4,2,3,0,0,0,0,0,1,2,1
Connor Harding,BYU,2018-19,20.0,35,75,16,37,16,23,19,5,4,3,36,18,17.82,19,44,4,22,18,28,11,4,2,7,32,5
Connor Kern,The Citadel,2018-19,20.0,36,95,26,73,9,11,10,7,3,6,35,14,17.78,34,71,21,49,14,17,10,10,0,7,29,11
Connor Klementowicz,Hofstra,2018-19,0.0,0,0,0,0,0,0,0,0,0,0,0,0,14.92,3,5,1,1,0,1,1,0,0,3,0,0
Connor MacDougall,Utah Valley,2018-19,20.0,30,38,0,0,14,21,9,2,2,6,14,11,20.0,17,30,0,0,20,28,5,3,3,10,11,10
Connor Maddox,Kentucky Christian,2018-19,20.0,6,12,4,7,0,0,1,0,0,0,1,2,17.62,6,13,3,7,2,3,0,0,0,0,0,1
Connor Mannion,Navy,2018-19,0.0,0,0,0,0,0,0,0,0,0,0,0,0,17.98,1,3,0,2,2,2,0,0,0,0,1,0
Connor McCaffery,Iowa,2018-19,20.0,9,41,1,13,25,32,41,7,1,6,11,10,19.93,17,41,3,12,24,33,44,16,2,4,16,25
Connor Murrell,Ohio,2018-19,20.0,17,36,7,14,1,5,5,1,0,2,6,11,14.93,11,30,1,12,6,10,6,4,1,3,11,2
Connor Niego,Holy Cross,2018-19,20.0,13,22,5,9,4,5,2,0,0,2,8,2,18.25,6,13,1,3,0,2,5,0,1,1,3,1
Connor Rotterman,Wabash College,2018-19,20.0,1,5,1,3,2,2,2,0,0,0,2,1,15.08,2,5,1,3,0,0,0,0,0,0,0,1
Connor Rufo,Delaware,2018-19,0.0,0,0,0,0,0,0,0,0,0,0,0,0,20.0,1,1,0,0,0,0,0,0,0,1,0,1
Connor Sonius,Buena Vista,2018-19,20.0,2,3,1,2,0,0,2,0,0,0,1,0,14.58,1,4,1,3,0,0,2,0,0,0,2,2
Connor Vanover,California,2018-19,20.0,31,80,9,34,1,2,1,3,17,10,31,9,19.05,31,64,11,27,12,15,3,4,10,8,20,6
Connor Winkelman,Buena Vista,2018-19,20.0,1,4,1,4,0,0,1,0,0,0,2,1,14.58,0,2,0,2,0,0,1,0,0,0,2,2
Conor O'Sullivan,Birmingham-Southern,2018-19,20.0,0,1,0,0,0,0,0,0,0,0,0,0,14.97,0,3,0,1,0,0,0,1,0,1,2,2
CooXooEii Black,Colorado College,2018-19,20.0,5,8,0,1,0,0,0,0,0,0,0,0,14.93,1,4,0,0,3,5,0,0,0,2,2,0
Cooper Kaifes,Loyola Chicago,2018-19,20.0,35,62,30,54,8,8,28,8,2,1,23,13,14.6,25,54,20,45,4,7,17,5,0,1,15,9
Cooper Neese,Indiana State,2018-19,20.0,27,76,16,43,13,14,12,11,0,3,33,17,15.67,27,60,12,30,24,29,4,7,1,7,26,15
Cooper Robb,Charlotte,2018-19,20.0,24,67,13,37,4,7,19,8,2,3,35,19,20.0,27,64,12,36,12,22,22,14,5,9,33,17
Coppin State,,2018-19,0.0,0,0,0,0,0,0,0,0,0,17,16,9,0.0,0,0,0,0,0,0,0,0,0,13,12,5
Corban College,,2018-19,0.0,0,0,0,0,0,0,0,0,0,0,0,0,0.0,0,0,0,0,0,0,0,0,0,3,1,0
Corbin Hurd,Schreiner,2018-19,20.0,0,1,0,0,0,0,0,0,0,0,0,1,14.78,0,0,0,0,0,0,0,0,0,0,0,0
Cordell Pemsl,Iowa,2018-19,19.98,0,0,0,0,2,2,1,0,1,2,3,1,19.28,2,3,0,0,2,2,0,0,0,0,1,2
Cordell Veira,Florida International,2018-19,0.0,5,10,2,5,3,5,5,2,4,0,9,1,15.82,4,11,0,5,2,6,3,1,0,1,8,2
Cordy Winston,University of the Ozarks,2018-19,20.0,0,4,0,1,0,0,0,0,0,0,0,3,14.97,1,3,1,1,0,0,1,0,0,0,1,0
Corey Benton,Columbia International,2018-19,20.0,2,5,0,2,0,0,2,0,0,0,3,4,14.87,2,4,0,1,1,2,4,1,0,0,1,0
Corey Bowman,Spalding,2018-19,20.0,0,1,0,0,0,0,1,0,0,0,0,1,14.83,0,0,0,0,0,0,0,0,0,0,0,0
Corey Davis Jr,Houston,2018-19,20.0,0,0,0,0,0,0,22,0,0,0,0,0,14.8,0,0,0,0,0,0,30,0,0,0,0,0
Corey Davis Jr.,Houston,2018-19,20.0,96,227,53,144,44,49,30,12,1,11,48,22,14.8,101,241,55,144,65,76,20,25,2,15,48,32
Corey Douglas,VCU,2018-19,0.0,10,25,0,2,5,7,5,5,14,13,13,14,20.0,10,18,0,1,6,10,2,0,10,8,13,2
Corey Gordon,Wilmington (DE),2018-19,0.0,0,0,0,0,0,0,0,0,0,0,0,0,14.98,0,1,0,1,0,0,0,0,0,0,1,0
Corey Grimes,Rust,2018-19,20.0,0,2,0,0,0,0,1,0,1,1,4,0,14.88,2,9,0,0,3,6,2,1,0,0,0,1
Corey Henson,Nevada,2018-19,20.0,17,49,10,36,9,10,9,8,0,3,13,10,17.82,6,12,5,11,0,0,11,4,0,2,6,3
Corey Johnson,Harvard,2018-19,0.0,15,29,12,23,4,4,7,1,2,4,10,1,20.0,5,23,4,19,0,0,5,2,0,1,6,4
Corey Kispert,Gonzaga,2018-19,20.0,50,123,30,84,10,12,19,18,10,13,66,20,14.48,41,88,23,60,15,17,15,5,6,18,42,11
Corey Le'aupepe,Menlo,2018-19,20.0,2,3,0,0,0,0,0,0,0,0,1,2,15.95,1,4,0,0,0,0,0,1,1,1,0,1
Corey Manigault,New Mexico,2018-19,20.0,53,110,1,4,33,53,11,12,4,27,42,27,20.0,39,82,0,3,50,57,10,5,3,20,50,21
Corey Redman,Central Michigan,2018-19,0.0,1,2,1,2,0,0,0,0,0,0,0,0,14.95,0,2,0,2,0,0,0,1,0,0,1,0
Corey Romich,Jacksonville,2018-19,0.0,1,4,1,4,0,2,0,1,0,1,3,1,17.17,6,14,4,12,3,3,2,0,0,2,2,0
Corey Shervill,,2018-19,10.57,3,10,3,9,2,5,0,0,0,2,5,1,0.0,7,15,1,3,5,5,1,0,0,3,2,5
Corey Tillery,Tennessee Tech,2018-19,20.0,37,106,31,85,0,0,16,8,2,3,30,16,17.75,32,99,24,73,14,17,12,10,0,2,21,12
Corey Walters,North Greenville,2018-19,0.0,0,0,0,0,0,0,0,0,0,0,0,0,14.83,0,2,0,1,0,0,0,0,0,1,2,0
Corey Wells Jr,Harris Stowe,2018-19,20.0,0,1,0,1,0,0,0,0,0,0,0,0,20.0,0,0,0,0,0,0,0,0,0,0,0,0
Corgin Stephens,Texas-Tyler,2018-19,20.0,1,1,0,0,0,0,0,0,0,0,0,1,18.0,1,3,1,2,0,0,1,0,0,1,2,2
Cori Johnson,St. Francis (BKN),2018-19,20.0,18,53,2,14,5,7,11,2,13,8,27,15,14.93,13,25,1,4,10,13,6,1,2,9,11,11
Cormac Ryan,Stanford,2018-19,20.0,20,87,17,72,10,13,23,9,2,4,38,18,17.27,29,72,22,55,13,18,12,8,1,1,26,12
Cornell,,2018-19,0.0,0,0,0,0,0,0,0,0,0,26,29,8,0.0,0,0,0,0,0,0,0,0,0,18,24,6
Cornell Hampton,,2018-19,1.42,3,3,0,0,0,0,1,1,0,0,0,0,0.0,3,7,1,1,0,0,0,0,0,1,0,1
Corry Long,Stony Brook,2018-19,0.0,7,16,2,8,3,5,3,4,0,7,4,5,17.82,3,6,1,4,1,2,4,4,3,3,2,2
Cortez Edwards,Southern Miss,2018-19,20.0,80,169,16,41,24,30,51,36,13,22,78,31,14.82,79,190,8,33,32,46,59,30,13,25,65,19
Cortez Seales,North Dakota,2018-19,20.0,68,160,4,22,20,33,38,7,5,14,42,26,20.0,76,154,7,22,27,40,41,9,2,19,47,28
Cortiz Buckner,,2018-19,4.73,1,2,0,0,0,0,0,1,0,0,1,2,0.0,1,1,0,0,0,0,0,0,0,0,1,0
Cory Gensler,Campbell,2018-19,15.07,59,129,33,86,5,6,26,16,4,12,54,11,20.0,45,91,19,54,3,5,18,11,5,10,48,7
Cory Hightower,Presbyterian,2018-19,20.0,66,142,10,29,36,46,40,13,7,21,94,24,19.8,59,115,2,5,35,51,28,14,14,30,67,31
Cory Kaplan,Florida Tech,2018-19,20.0,1,5,0,3,1,2,0,1,1,0,3,2,14.83,0,1,0,1,0,0,0,0,0,0,1,0
Cory Kilby,Mercer,2018-19,20.0,31,87,5,39,11,14,16,7,5,12,31,17,19.07,25,55,9,27,27,34,10,4,3,10,38,12
Cory McKendree,,2018-19,0.0,2,2,0,0,0,0,0,0,1,1,3,0,6.5,2,2,0,0,0,0,0,0,0,0,4,0
Cory Thomas,Lenoir Rhyne,2018-19,20.0,1,9,1,4,2,2,2,0,0,2,3,3,14.97,0,3,0,2,2,4,0,0,0,0,1,0
Cory Wilhelm,University of the Ozarks,2018-19,20.0,0,1,0,0,0,0,0,1,0,1,1,0,14.97,0,0,0,0,0,1,1,0,0,0,0,0
Coty Jude,UNC Asheville,2018-19,20.0,38,98,28,68,13,18,10,11,5,17,35,19,14.97,32,85,25,68,21,27,12,9,4,8,24,17
Courtney Alexander II,Tennessee Tech,2018-19,20.0,36,82,0,1,17,35,26,20,7,20,85,45,17.75,24,65,0,0,41,72,23,14,11,36,67,33
Courtney Julien,Huston-Tillotson,2018-19,20.0,1,8,0,3,2,3,2,3,0,2,0,3,16.73,4,9,2,5,2,2,2,2,0,0,2,5
Courtney Ramey,Texas,2018-19,20.0,58,149,29,78,14,22,64,18,6,14,49,36,17.98,41,110,23,60,12,21,43,15,0,11,33,30
Courtney Stockard,St. Bonaventure,2018-19,20.0,72,175,22,66,26,33,34,17,7,8,76,49,18.25,62,158,16,52,37,52,52,15,5,3,56,34
Covenant,,2018-19,0.0,0,0,0,0,0,0,0,0,0,0,1,0,0.0,0,0,0,0,0,0,0,0,0,1,0,0
Craig Ashe,Spalding,2018-19,20.0,1,3,0,0,0,0,0,0,0,0,0,0,14.83,0,0,0,0,0,0,0,0,0,0,0,0
Craig LeCesne,San José St,2018-19,20.0,23,74,3,22,10,12,31,4,1,15,41,25,20.0,26,70,4,12,20,21,19,4,1,11,33,28
Craig Owens Jr,LIU Brooklyn,2018-19,0.0,0,0,0,0,0,0,0,0,0,0,0,0,15.52,0,0,0,0,0,0,2,0,0,0,0,0
Craig Owens Jr.,LIU Brooklyn,2018-19,20.0,0,3,0,3,0,0,0,0,0,0,1,1,20.0,3,5,2,3,0,0,0,1,0,0,0,0
Craig Randall II,UT Martin,2018-19,20.0,27,69,11,40,9,10,13,9,0,3,17,15,20.0,40,88,18,48,13,15,16,4,1,4,17,19
Craig Sabb,Pfeiffer,2018-19,20.0,3,5,1,1,0,0,1,1,0,0,0,1,14.9,2,5,2,4,2,2,1,1,0,1,1,0
Creighton,,2018-19,0.0,0,0,0,0,0,0,0,0,0,24,24,6,0.0,0,0,0,0,0,0,0,0,0,18,17,11
Creighton Pfau,Mayville State,2018-19,20.0,2,5,1,1,0,0,0,1,0,1,3,0,17.45,2,3,0,0,0,0,0,0,0,1,1,1
Cress Worthy,UNC Asheville,2018-19,20.0,21,70,5,30,4,6,31,16,1,10,42,28,14.97,20,44,5,15,12,15,19,7,1,6,28,17
Crew Ainge,Utah State,2018-19,20.0,10,30,2,17,6,9,16,5,0,2,25,7,14.9,9,16,0,2,2,4,10,2,0,1,10,10
Crisshawn Clark,Portland,2018-19,20.0,10,32,7,19,2,2,6,3,0,5,12,6,15.55,5,22,2,12,3,5,5,3,0,2,9,6
Cristian Camarillo,,2018-19,0.0,0,0,0,0,0,0,0,0,0,0,0,0,11.07,1,2,1,1,1,1,0,0,0,0,2,2
Cumberland (TN),,2018-19,0.0,0,0,0,0,0,0,0,0,0,0,1,0,0.0,0,0,0,0,0,0,0,0,0,0,2,0
Curran Scott,Tulsa,2018-19,20.0,47,120,23,57,31,42,13,3,0,5,39,19,18.08,40,94,16,42,26,35,18,5,0,7,25,19
Curt Jacobs,,2018-19,5.1,0,1,0,1,0,0,2,1,0,0,0,1,0.0,2,3,2,3,0,0,0,0,0,0,0,2
Curtis Cobb,UMass,2018-19,20.0,38,91,17,48,2,3,26,12,0,2,30,15,20.0,33,92,13,46,11,22,26,10,0,8,37,16
Curtis Coleman Jr,Piedmont International,2018-19,20.0,1,3,0,1,3,3,0,0,0,1,0,3,14.77,0,2,0,0,2,2,0,0,0,1,0,2
Curtis Haywood II,Georgia Tech,2018-19,20.0,24,72,15,53,10,14,27,20,1,4,48,26,19.5,24,65,13,49,6,6,22,13,2,2,18,14
Curtis Holland III,High Point,2018-19,20.0,36,85,17,51,7,11,17,12,3,3,24,23,20.0,30,84,13,37,20,24,13,9,4,8,27,16
Curtis Jenkins,Molloy,2018-19,20.0,2,7,0,2,1,1,0,0,0,0,2,4,16.25,2,6,0,1,0,0,1,2,0,2,4,3
Curtis Jones,Oklahoma State,2018-19,19.97,36,102,23,67,10,13,14,2,0,4,33,7,16.08,26,83,13,48,8,14,8,8,0,7,24,6
Cyril Langevine,Rhode Island,2018-19,20.0,85,146,0,2,40,63,11,10,15,43,90,56,20.0,65,120,0,0,67,113,11,12,21,46,94,35
Cyrus Horn,Mid-Atlantic Christian University,2018-19,20.0,1,4,0,3,0,0,0,1,0,1,1,0,14.83,2,2,0,0,0,0,0,1,0,1,2,0
D'Aaron Owens,Wisconsin Parkside,2018-19,20.0,2,4,0,1,0,0,2,2,0,0,0,0,15.58,1,2,0,1,0,0,1,0,0,0,0,1
D'Andre Bernard,East Tennessee State,2018-19,20.0,9,18,2,8,0,0,6,6,0,5,13,1,20.0,5,10,2,4,0,1,1,1,1,4,7,5
D'Andre Johnson,North Carolina A&T,2018-19,20.0,6,14,1,6,1,2,2,2,4,2,7,5,19.6,5,10,1,5,0,0,1,0,4,0,2,0
D'Angelo Strickland,Fort Valley State,2018-19,20.0,1,3,1,2,0,0,0,0,0,0,1,0,14.9,0,0,0,0,0,0,0,1,0,0,1,0
D'Angelo West,SE Louisiana,2018-19,20.0,3,9,2,6,1,2,3,1,0,0,1,2,14.93,2,6,1,5,2,2,3,0,0,1,1,0
D'Marcco Patrick,Wisconsin-Stout,2018-19,20.0,0,2,0,0,0,0,0,1,0,0,0,3,14.93,0,3,0,0,0,0,0,1,0,2,0,0
D'Marco Baucum,Delaware State,2018-19,20.0,18,49,3,13,2,3,7,3,2,11,16,11,20.0,17,49,3,10,17,23,6,4,3,14,9,5
D'Marcus Simonds,Georgia State,2018-19,20.0,108,267,31,108,46,75,61,33,17,11,68,58,20.0,96,230,23,83,73,107,57,9,16,14,66,62
D'Marques Harris,Calvary,2018-19,20.0,3,8,0,0,0,0,0,1,0,1,1,4,14.75,0,2,0,0,0,0,0,1,0,0,2,4
D'Michael Stribling,Tougaloo,2018-19,20.0,2,3,0,1,0,0,0,0,0,0,0,0,15.1,2,3,0,0,4,4,0,0,0,0,2,1
D'Mitrik Trice,Wisconsin,2018-19,20.0,55,144,27,75,8,9,37,18,1,3,40,18,20.0,64,161,39,91,28,39,43,11,0,2,34,23
D'Shawn Schwartz,Colorado,2018-19,20.0,49,120,19,59,18,24,24,4,1,15,46,23,20.0,49,111,17,56,30,39,21,9,4,15,44,14
D.C. Davis,Ole Miss,2018-19,20.0,12,32,5,17,9,11,2,5,0,12,15,9,15.07,9,19,2,7,8,11,1,4,0,3,13,2
D.J. Bradsher,Pfeiffer,2018-19,0.0,0,0,0,0,0,0,0,0,0,0,0,0,14.9,0,1,0,0,4,4,0,0,0,1,1,0
D.J. Edelen,Elms College,2018-19,20.0,1,4,0,1,0,0,0,0,0,0,1,0,15.38,1,3,0,1,0,0,0,0,0,0,0,1
D.J. Foreman,Saint Louis,2018-19,19.98,45,92,0,1,28,51,3,7,11,29,62,36,20.0,30,63,0,0,27,49,0,2,7,26,34,21
D.J. Harvey,Notre Dame,2018-19,20.0,48,124,16,56,20,25,1,7,9,13,42,27,14.97,40,103,15,45,31,44,4,9,4,10,45,13
D.J. Hill,Mobile,2018-19,20.0,1,4,0,0,2,2,0,0,0,0,7,2,19.62,3,7,0,0,0,0,0,0,0,2,1,5
D.J. Jackson,SIU-Edwardsville,2018-19,20.0,4,8,1,1,2,2,0,0,1,3,8,3,18.7,5,12,0,0,4,9,0,2,0,7,11,2
D.J. McCall,IUPUI,2018-19,20.0,37,99,3,16,7,10,0,21,4,26,59,32,17.87,46,93,3,9,46,68,0,21,4,37,61,29
D.J. Mitchell,Hartford,2018-19,20.0,1,10,0,5,0,0,0,3,1,0,3,1,20.0,3,6,2,4,5,6,1,2,0,0,7,2
D.J. Myers,Western Carolina,2018-19,20.0,5,17,0,0,4,8,0,5,1,5,20,7,15.27,10,16,0,0,5,10,0,2,1,5,15,17
D.J. Weaver,Oral Roberts,2018-19,20.0,25,77,19,52,1,2,0,4,8,6,20,11,14.78,26,56,20,43,4,5,0,3,3,6,14,9
D.J. Wilkins,Drake,2018-19,20.0,58,134,38,88,21,23,0,13,0,4,43,36,14.58,48,138,21,64,31,36,0,12,0,3,40,21
DC Davis,Ole Miss,2018-19,20.0,0,0,0,0,0,0,12,0,0,0,0,0,15.07,0,0,0,0,0,0,10,0,0,0,0,0
DJ Bradsher,Pfeiffer,2018-19,0.0,0,0,0,0,0,0,0,0,0,0,0,0,14.9,0,0,0,0,0,0,1,0,0,0,0,0
DJ Brooks,North Greenville,2018-19,20.0,3,7,2,2,0,0,6,2,0,1,2,2,14.83,2,5,0,1,0,0,2,0,0,2,1,2
DJ Bryant,UT Arlington,2018-19,20.0,3,12,3,11,4,4,9,11,0,1,3,5,20.0,4,16,0,8,9,10,15,6,0,1,3,9
DJ Draper,North Texas,2018-19,20.0,7,19,4,14,1,2,6,2,1,3,5,5,14.73,12,31,11,26,4,4,5,5,0,1,10,2
DJ Foreman,Saint Louis,2018-19,20.0,0,0,0,0,0,0,9,0,0,0,0,0,20.0,0,0,0,0,0,0,7,0,0,0,0,0
DJ Funderburk,NC State,2018-19,20.0,51,95,2,14,59,72,6,12,22,31,39,14,14.8,46,88,4,11,35,46,10,7,14,38,34,20
DJ Harvey,,2018-19,2.22,0,0,0,0,0,0,6,0,0,0,0,0,0.0,0,0,0,0,0,0,6,0,0,0,0,0
DJ Henderson,SE Oklahoma State,2018-19,16.87,3,8,2,5,0,0,2,1,0,0,2,1,20.0,1,4,1,3,0,0,1,0,1,0,1,2
DJ Hill,Mobile,2018-19,20.0,0,0,0,0,0,0,3,0,0,0,0,0,19.62,0,0,0,0,0,0,2,0,0,0,0,0
DJ Houston,Western Michigan,2018-19,20.0,6,12,2,4,0,3,7,4,1,4,8,2,17.9,5,20,0,1,5,9,6,8,0,1,10,6
DJ Jackson,SIU-Edwardsville,2018-19,0.0,0,0,0,0,0,0,1,0,0,0,0,0,17.85,0,0,0,0,0,0,2,0,0,0,0,0
DJ Johnson,Johnson University (FL),2018-19,0.0,1,2,1,1,3,4,1,2,0,0,0,0,14.95,1,1,1,1,0,0,0,0,0,0,0,0
DJ Jones,,2018-19,2.08,20,55,0,2,6,11,6,4,10,8,22,10,0.0,27,53,0,3,4,11,9,8,9,5,23,9
DJ Laster,Gardner-Webb,2018-19,18.87,97,173,7,20,17,27,8,5,12,31,57,22,20.0,67,121,13,28,30,43,6,6,7,21,44,21
DJ McCall,IUPUI,2018-19,20.0,0,0,0,0,0,0,30,0,0,0,0,0,17.87,0,0,0,0,0,0,33,0,0,0,0,0
DJ McDonald,UC Riverside,2018-19,0.0,7,35,5,24,3,4,19,5,0,3,11,7,17.62,19,43,14,32,5,7,11,5,0,3,8,12
DJ McNeal,Buena Vista,2018-19,0.0,0,0,0,0,0,0,0,0,0,0,0,0,14.58,0,2,0,2,0,0,0,1,0,0,2,2
DJ Mitchell,Hartford,2018-19,20.0,0,0,0,0,0,0,6,0,0,0,0,0,14.63,0,0,0,0,0,0,3,0,0,0,0,0
DJ Myers,Western Carolina,2018-19,20.0,0,0,0,0,0,0,9,0,0,0,0,0,15.27,0,0,0,0,0,0,5,0,0,0,0,0
DJ Peavy,Mercer,2018-19,20.0,8,15,3,5,4,5,5,3,0,1,3,7,19.07,7,13,5,9,1,2,5,0,0,0,5,2
DJ Weaver,Oral Roberts,2018-19,0.0,0,0,0,0,0,0,8,0,0,0,0,0,16.68,0,0,0,0,0,0,7,0,0,0,0,0
DJ Wilkins,Drake,2018-19,20.0,0,0,0,0,0,0,40,0,0,0,0,0,14.58,0,0,0,0,0,0,36,0,0,0,0,0
DJ Williams,George Washington,2018-19,20.0,83,208,16,51,27,44,14,7,5,12,53,25,20.0,64,157,11,39,42,63,17,12,2,8,53,29
Da'Juonta Ross,Blue Mountain College,2018-19,20.0,2,5,0,1,4,6,1,0,1,1,3,2,14.9,1,4,0,0,0,2,0,0,0,3,2,1
Da'Monte Williams,Illinois,2018-19,20.0,13,49,8,25,19,22,22,14,4,15,50,13,14.98,21,45,5,15,15,23,20,13,5,14,40,10
DaJion Henderson,Tennessee State,2018-19,20.0,22,37,0,0,7,16,8,5,2,23,19,23,20.0,15,22,0,0,6,9,5,2,2,12,12,12
DaQuan Bracey,Louisiana Tech,2018-19,20.0,69,168,25,74,31,51,63,17,4,12,35,30,20.0,92,204,22,68,50,76,51,20,0,14,30,30
DaQuan Jeffries,Tulsa,2018-19,20.0,63,126,19,54,24,35,29,16,18,19,59,21,18.08,66,133,21,59,53,68,25,14,20,20,66,27
DaQuan Smith,Murray State,2018-19,0.0,0,0,0,0,0,0,0,0,0,0,0,0,14.92,0,3,0,0,0,0,0,0,0,0,0,1
Daegan Gentry,Arlington Baptist,2018-19,20.0,3,6,1,4,1,2,2,1,0,0,7,4,14.77,0,7,0,3,0,0,3,0,0,0,2,5
Daejon Davis,Stanford,2018-19,20.0,40,103,13,32,25,29,45,9,5,7,32,33,17.27,38,79,8,29,28,37,57,21,2,4,22,31
Daeqwon Plowden,Bowling Green,2018-19,20.0,40,87,13,32,12,22,5,10,14,29,47,16,20.0,42,91,7,22,13,26,10,9,16,30,47,10
Daeshaun Johnson,Wilson College,2018-19,20.0,0,0,0,0,1,2,2,0,0,0,2,0,17.92,1,2,1,1,0,0,1,0,0,0,1,0
Daevon Platt,Covenant,2018-19,0.0,0,0,0,0,0,0,0,0,0,0,0,0,14.97,1,4,1,3,0,0,0,0,0,0,3,0
Dainan Swoope,Elon,2018-19,20.0,5,15,3,10,3,4,6,1,0,1,5,3,20.0,7,13,4,7,3,4,3,0,0,0,1,4
Dainius Chatkevicius,Evansville,2018-19,20.0,30,71,0,3,19,31,11,6,17,28,48,25,17.27,39,67,1,3,21,34,10,3,11,22,31,24
Daishon Smith,UL Monroe,2018-19,20.0,93,217,50,133,53,61,65,34,0,8,62,31,14.92,88,185,49,113,100,112,52,28,2,11,46,32
Daivien Williamson,East Tennessee State,2018-19,20.0,60,114,15,42,33,37,33,8,0,7,24,22,14.97,41,80,9,23,29,37,34,7,1,3,21,21
Daivon Stephens,Eastern Michigan,2018-19,0.0,1,4,1,3,0,0,1,2,1,0,3,4,20.0,3,7,0,3,1,3,3,0,2,0,4,2
Dajour Dickens,Old Dominion,2018-19,20.0,23,49,0,1,8,15,4,1,25,21,34,18,17.65,18,38,0,1,14,23,4,5,28,21,45,10
Dajuan Jones,Sam Houston State,2018-19,0.0,0,0,0,0,0,0,0,0,0,0,0,0,19.62,1,1,0,0,0,0,0,0,0,0,0,0
Dakota Patton,Johnson & Wales (CO),2018-19,20.0,0,3,0,1,0,0,0,0,0,0,0,0,14.82,0,1,0,0,0,1,0,0,0,0,1,1
Dakota Pratt,Pensacola Christian College,2018-19,20.0,1,4,0,0,0,0,1,0,2,0,4,1,14.87,2,3,0,0,0,0,0,0,0,1,0,1
Dakota Smith,Centenary,2018-19,0.0,0,0,0,0,0,0,0,1,0,0,0,0,14.95,1,3,0,0,0,0,0,1,1,0,0,0
Dakpe Yiljep,Skidmore,2018-19,20.0,1,3,1,3,0,0,0,0,0,0,0,1,14.97,1,4,0,3,0,0,0,0,1,1,1,1
Dalano Banton,Western Kentucky,2018-19,20.0,15,42,2,15,7,13,40,6,10,9,42,27,17.88,22,48,6,20,10,18,23,8,4,6,32,21
Dalen Dotson,William Carey,2018-19,20.0,4,6,1,1,1,2,3,0,0,0,2,1,15.3,2,6,1,2,0,0,1,0,0,0,3,1
Dalin Williams,Northwestern State,2018-19,20.0,8,20,0,0,3,4,2,4,6,5,17,17,14.95,6,13,0,0,6,9,2,4,6,10,10,4
Dallas Marshall,Washington College (MD),2018-19,20.0,2,9,0,4,0,0,1,0,0,3,1,1,14.93,0,0,0,0,0,0,0,0,0,0,0,0
Dallas Morgan,Central Michigan,2018-19,20.0,41,109,27,80,7,10,13,11,1,5,29,15,14.95,44,107,29,76,15,22,11,9,0,5,28,13
Dallas Polk-Hillard,,2018-19,0.78,9,19,2,4,6,6,3,1,0,3,5,3,0.0,6,14,0,5,0,1,2,1,0,1,3,2
Dallas Polk-Hilliard,Grambling,2018-19,20.0,31,76,11,30,14,19,6,6,9,6,41,16,20.0,29,63,9,23,14,26,5,3,7,10,22,12
Dallas Watson,Saint Peter's,2018-19,15.15,37,97,20,55,15,21,37,8,1,3,33,46,20.0,25,91,12,43,20,30,43,5,1,4,24,48
Dallin Takairangi,Bethesda,2018-19,20.0,6,21,4,15,0,0,3,0,0,0,4,6,17.1,2,7,1,5,2,2,5,3,0,3,4,6
Dalonte Brown,Miami (OH),2018-19,20.0,60,148,26,80,25,34,7,8,4,20,55,20,14.8,42,105,17,59,28,37,8,7,3,18,44,18
Dalton Davis,Franciscan University,2018-19,20.0,3,3,1,1,0,0,0,0,1,1,1,2,15.0,0,1,0,0,0,0,0,0,0,0,0,1
Dalton Hamrick,Davis & Elkins,2018-19,20.0,0,0,0,0,0,0,1,0,0,0,0,1,14.87,0,0,0,0,0,0,0,0,0,0,0,0
Dalton Nixon,BYU,2018-19,20.0,12,28,0,7,15,18,8,5,2,6,19,7,17.82,11,25,1,6,11,15,10,4,2,12,18,11
Dalton Patchen,Corban University,2018-19,20.0,1,2,1,1,2,2,0,0,0,1,1,2,17.4,4,5,2,3,3,3,1,0,0,1,3,0
Dalton Smyres,,2018-19,0.0,0,0,0,0,0,0,0,0,0,1,1,0,0.0,0,0,0,0,0,0,0,1,0,0,0,0
Dalvin White,South Carolina Upstate,2018-19,20.0,19,44,11,28,5,6,33,8,1,3,15,13,19.2,19,54,15,37,8,10,36,5,0,1,14,22
Damaas Robbins,Westcliff,2018-19,20.0,1,3,0,0,0,0,1,0,0,0,1,2,14.82,0,2,0,0,0,0,1,1,0,0,0,1
Damani Applewhite,,2018-19,0.72,21,51,0,2,16,23,8,0,0,4,28,3,0.0,23,42,0,0,18,26,7,3,2,6,19,17
Damari Milstead,Grand Canyon,2018-19,20.0,59,145,15,46,29,37,57,28,2,5,37,40,20.0,55,124,13,35,46,61,50,17,1,11,28,21
Damari Parris,Eastern Michigan,2018-19,20.0,10,42,4,20,5,6,19,6,0,4,6,8,20.0,17,44,6,21,0,0,16,6,0,3,11,7
Damarion Geter,Longwood,2018-19,20.0,33,67,5,17,15,28,20,14,11,18,65,17,20.0,26,61,6,14,13,25,17,11,12,26,48,21
Damarri Moore,Tennessee State,2018-19,20.0,2,11,0,1,1,3,11,2,5,5,16,13,17.17,2,6,0,0,4,8,4,2,0,1,4,5
Dameane Douglas,Loyola Marymount,2018-19,20.0,57,101,9,18,22,31,19,14,3,19,64,25,14.68,39,75,5,7,28,51,20,12,5,19,48,20
Damezi Anderson,Indiana,2018-19,20.0,3,20,1,13,0,0,1,1,0,0,13,6,14.95,5,12,4,9,0,0,4,2,0,1,4,3
Damian Archer,Miles,2018-19,20.0,0,0,0,0,2,2,1,0,0,0,2,1,20.0,0,0,0,0,0,0,1,0,0,0,0,0
Damian Burdette,Campbellsville-Harrodsburg,2018-19,20.0,1,1,0,0,2,4,0,0,0,3,2,0,17.78,1,2,0,0,0,0,0,0,0,1,0,1
Damian Chong Qui,Mt. St. Mary's,2018-19,20.0,29,81,9,35,6,10,37,12,1,3,37,26,14.8,33,91,14,45,30,45,68,13,0,8,33,19
Damian Hurta,Columbia International,2018-19,20.0,1,3,0,2,0,0,0,0,0,0,2,2,14.87,0,2,0,2,0,0,0,0,0,0,1,0
Damien Daniels,Abilene Christian,2018-19,20.0,20,54,7,24,5,7,30,7,0,6,23,20,14.77,15,39,7,16,11,11,16,7,1,3,12,8
Damien Jefferson,Creighton,2018-19,20.0,25,52,5,18,8,14,9,5,0,9,30,13,20.0,16,30,3,7,4,8,3,2,1,8,19,6
Damien Luna,,2018-19,0.0,0,0,0,0,0,0,0,0,0,0,0,1,0.0,0,0,0,0,0,0,0,0,0,0,0,0
Damien Madison,Huntingdon,2018-19,20.0,1,3,0,0,2,2,0,0,0,0,1,0,14.95,0,1,0,0,0,0,0,0,0,0,1,0
Damion Moore,Temple,2018-19,20.0,20,30,0,0,6,8,6,3,7,13,22,4,17.68,10,12,0,0,4,7,1,5,3,11,11,2
Damion Rosser,New Orleans,2018-19,20.0,44,88,2,5,20,31,28,25,10,24,27,41,14.87,46,91,1,5,24,44,48,20,10,28,41,34
Damion Squire,UC Davis,2018-19,20.0,7,29,3,12,10,12,12,2,0,2,15,14,14.78,12,28,8,17,9,10,18,3,0,1,9,7
Damir Hadzic,Little Rock,2018-19,20.0,3,8,0,2,2,2,0,0,0,0,6,6,17.92,1,2,0,1,1,2,1,0,0,0,0,1
Damiyne Durham,CSU Bakersfield,2018-19,20.0,49,138,31,92,1,1,12,9,2,6,40,15,20.0,37,128,19,82,10,12,13,8,0,7,24,10
Damni Applewhite,South Carolina State,2018-19,20.0,35,72,2,8,18,20,5,1,4,8,28,9,16.17,51,90,2,3,30,41,2,4,2,19,25,4
Damon Brown,SUNY Maritime,2018-19,20.0,0,1,0,0,0,0,3,1,1,0,1,3,14.93,1,2,0,0,0,2,0,0,0,0,0,0
Damon Fitzgerald,Regent University,2018-19,20.0,4,11,0,0,4,4,0,0,1,3,5,2,14.97,1,6,0,0,0,0,1,0,0,0,4,2
Damon Leach,Texas A&M-International,2018-19,20.0,2,5,0,1,0,0,0,0,0,0,5,2,14.97,2,3,1,1,0,0,0,0,0,0,0,0
Damon McDowell,NC Wesleyan,2018-19,17.87,2,8,2,6,1,2,1,1,1,0,4,0,20.0,1,4,0,2,1,2,2,0,0,0,4,4
Damon Wilson,Georgia State,2018-19,20.0,33,66,9,21,12,20,26,14,2,1,48,20,20.0,29,57,12,24,10,21,18,14,3,5,50,11
Damontae Barnhill,Brescia,2018-19,20.0,2,3,0,0,0,0,1,0,0,0,0,0,14.95,1,2,0,0,0,0,0,0,0,0,0,2
Dan Dickenson,,2018-19,14.78,1,3,0,1,0,0,0,0,0,0,0,0,0.0,0,0,0,0,0,0,0,0,0,0,0,0
Dan Dwyer,Hofstra,2018-19,20.0,9,14,0,0,4,8,8,1,7,11,28,5,17.98,12,16,0,0,15,18,7,5,6,13,24,5
Dan Fotu,Saint Mary's,2018-19,19.98,14,36,8,21,5,7,6,3,3,8,34,8,15.1,10,28,8,19,4,5,5,4,1,5,21,6
Dan Jech,South Dakota,2018-19,20.0,10,16,1,2,3,4,0,0,4,4,12,5,16.35,2,4,0,0,4,6,1,1,1,3,6,1
Dana Batt,Colgate,2018-19,15.0,40,72,0,0,23,28,7,7,14,12,42,17,20.0,46,63,0,0,16,22,4,8,12,14,24,15
Dana Tate,Rhode Island,2018-19,20.0,23,59,7,26,2,3,11,7,4,9,32,9,20.0,24,51,6,16,4,10,7,3,3,9,33,4
Dane Goodwin,Notre Dame,2018-19,20.0,27,72,10,28,17,21,15,5,2,20,31,16,14.97,35,91,11,33,22,31,20,7,3,13,26,9
Dane Kuiper,New Mexico,2018-19,20.0,30,87,8,45,8,11,18,11,3,2,28,17,20.0,26,66,16,43,9,11,22,10,3,6,28,13
Dani Koljanin,Little Rock,2018-19,20.0,14,35,4,20,2,4,2,1,0,7,15,3,17.17,17,40,5,16,4,5,1,3,1,12,20,5
Daniel Akin,UMBC,2018-19,20.0,9,18,0,0,6,15,2,2,0,9,18,10,14.98,10,18,0,0,6,13,4,3,0,13,15,6
Daniel Alexander,Frostburg State,2018-19,19.43,6,10,3,4,2,3,2,0,0,1,4,1,20.0,5,10,1,3,1,2,1,1,0,1,6,0
Daniel Brown,Washington College (MD),2018-19,20.0,2,7,0,0,0,0,0,1,2,2,2,1,14.93,1,3,0,0,1,2,0,0,0,0,0,1
Daniel Burchette,North Greenville,2018-19,20.0,5,7,1,2,1,2,1,1,0,0,4,1,14.83,1,7,0,2,0,0,3,1,0,4,2,2
Daniel Coleman,Millsaps,2018-19,0.0,0,1,0,0,0,0,0,0,0,0,0,1,14.92,0,1,0,1,0,0,0,0,0,0,1,1
Daniel Corteguera,,2018-19,0.0,0,0,0,0,0,0,0,0,0,0,0,0,0.0,0,0,0,0,0,0,0,0,0,0,0,1
Daniel Cummings,Tennessee State,2018-19,0.0,3,13,2,11,0,1,1,2,0,3,5,4,17.97,4,11,4,11,2,2,0,1,0,3,5,2
Daniel Duarte,St. Leo,2018-19,20.0,2,7,1,5,2,3,2,2,0,0,0,2,17.73,0,2,0,1,0,0,2,0,0,0,0,2
Daniel Fuller,Bob Jones University,2018-19,20.0,1,2,1,2,0,0,1,0,0,0,0,1,14.93,0,4,0,3,0,0,0,0,0,0,1,0
Daniel Gafford,Arkansas,2018-19,20.0,88,135,0,0,50,80,11,11,29,38,77,38,17.92,104,155,0,0,55,96,12,16,28,45,89,28
Daniel Giddens,Alabama,2018-19,0.0,4,13,0,1,1,4,3,0,4,5,8,9,15.05,6,12,0,0,5,12,2,0,3,7,5,2
Daniel Head,Avila,2018-19,20.0,0,0,0,0,0,1,0,2,0,0,5,4,14.95,0,1,0,1,0,0,0,0,1,0,2,1
Daniel Huenermann,Indiana State,2018-19,0.0,0,0,0,0,0,0,0,0,0,0,1,0,19.9,0,1,0,0,0,0,0,0,0,0,1,2
Daniel Kinchen,SIU-Edwardsville,2018-19,20.0,28,74,15,38,11,12,14,8,0,5,14,12,18.7,28,71,15,48,23,25,19,7,1,4,19,9
Daniel Lindgren,Mayville State,2018-19,20.0,1,5,0,2,0,0,0,0,0,0,1,1,17.45,1,3,0,2,0,0,0,0,0,0,1,1
Daniel Lott,Notre Dame College,2018-19,0.0,0,0,0,0,0,0,0,0,0,0,0,0,17.65,1,1,1,1,0,0,0,0,0,0,0,0
Daniel Love,Mercer,2018-19,20.0,7,30,0,6,0,4,14,3,0,4,17,13,19.07,11,28,2,7,3,6,14,10,1,1,11,6
Daniel Oturu,Minnesota,2018-19,20.0,73,135,1,2,17,34,13,8,17,33,68,25,18.18,48,92,0,0,40,55,4,5,19,34,60,16
Daniel Regis,Nicholls,2018-19,0.0,41,74,1,4,12,22,13,5,26,25,56,21,14.97,29,53,0,1,28,39,9,6,22,24,41,14
Daniel Ritter,,2018-19,16.53,1,2,1,2,0,0,0,0,0,0,1,1,0.0,2,4,2,3,0,0,0,0,0,0,2,1
Daniel Sackey,Valparaiso,2018-19,20.0,19,61,4,22,4,8,28,13,0,2,21,26,18.72,23,58,4,15,18,29,22,9,0,2,16,28
Daniel Schreier,Manhattan,2018-19,0.0,4,7,2,5,0,0,1,0,2,3,7,3,20.0,1,1,1,1,0,0,2,0,0,0,1,3
Daniel Utomi,Akron,2018-19,20.0,70,162,36,90,28,38,12,11,2,11,50,22,14.92,57,150,35,103,14,22,14,5,6,15,66,26
Daniel Venzant,CSU Fullerton,2018-19,0.0,0,0,0,0,0,0,0,0,0,0,0,0,10.0,1,1,0,0,0,0,0,0,0,0,0,0
Daniel Webster,College of Idaho,2018-19,0.0,0,0,0,0,0,0,0,0,0,0,0,0,14.95,1,1,0,0,0,0,0,0,0,0,0,0
Daniel William,,2018-19,0.73,4,7,0,0,1,1,0,1,0,0,2,0,0.0,1,3,0,0,2,5,0,0,0,0,2,1
Daniil Kasatkin,,2018-19,0.0,0,0,0,0,0,0,0,0,0,0,0,0,0.0,0,0,0,0,0,0,0,0,0,1,0,0
Daniko Jackson,North Greenville,2018-19,20.0,0,2,0,0,1,2,0,0,0,0,1,0,14.78,0,0,0,0,0,0,0,0,0,0,1,3
Danilo Djuricic,Harvard,2018-19,20.0,34,66,16,35,7,12,17,1,4,17,41,13,20.0,25,65,9,32,16,25,6,4,5,19,29,11
Danjel Purifoy,Auburn,2018-19,15.0,13,45,4,27,4,5,7,9,0,8,22,1,20.0,20,39,14,25,4,7,5,5,1,9,17,7
Danny Ampofo,Johnson & Wales (RI),2018-19,20.0,2,6,1,1,0,0,0,0,0,0,0,1,17.18,1,3,1,1,0,0,0,0,0,0,3,1
Danny Dixon,UMKC,2018-19,20.0,35,74,6,9,20,26,5,4,5,14,38,19,14.6,26,55,0,2,22,34,6,5,1,12,25,11
Danny Garrick,Nicholls,2018-19,20.0,39,107,31,93,3,3,4,7,5,11,27,11,14.97,37,89,30,80,3,6,5,2,2,2,24,5
Danny Harris Jr.,,2018-19,0.0,0,0,0,0,0,0,0,0,0,0,0,1,0.0,0,0,0,0,0,0,0,0,0,0,0,0
Danny Lewis,Kennesaw State,2018-19,15.0,17,52,8,19,0,0,6,1,0,0,4,9,20.0,24,52,11,23,8,14,7,3,0,2,6,9
Danny Ogele,Navy,2018-19,20.0,18,54,2,10,6,13,8,2,4,12,32,20,17.65,16,28,0,2,6,12,3,0,1,4,14,8
Danny Rivara,Trinity University (TX),2018-19,20.0,0,1,0,0,0,2,0,0,0,0,0,0,17.78,0,0,0,0,0,0,0,0,0,0,0,0
Danny Santana,SUNY-Canton,2018-19,20.0,3,7,1,2,0,0,0,0,0,0,2,0,14.97,1,4,0,3,6,6,0,0,0,0,2,0
Danny Spinuzza,Texas A&M-International,2018-19,20.0,3,5,2,4,0,0,1,0,0,0,0,2,14.97,1,2,0,1,0,0,1,0,0,0,2,0
Danny Walsh,Wilmington (DE),2018-19,20.0,3,11,2,8,0,0,1,0,0,0,1,1,14.98,2,5,1,4,0,0,0,1,0,0,2,2
Dantai St Louis,Canisius,2018-19,20.0,0,0,0,0,0,0,1,0,0,0,0,0,17.87,0,0,0,0,0,0,0,0,0,0,0,0
Dantai St. Louis,Canisius,2018-19,20.0,14,23,0,0,11,19,0,1,6,9,20,13,20.0,10,21,0,0,9,14,0,3,5,10,11,3
Dante Burden,Methodist,2018-19,20.0,3,7,0,2,1,2,0,3,0,1,1,3,14.9,3,7,1,2,0,0,2,2,0,0,0,0
Dante Butler,IU-Kokomo,2018-19,0.0,0,0,0,0,0,0,0,0,0,0,0,0,14.92,0,1,0,0,1,2,0,0,0,0,0,0
Dante Pulido,New Rochelle,2018-19,20.0,0,0,0,0,1,2,1,0,0,0,0,0,14.75,0,0,0,0,0,0,0,0,0,0,0,0
Dante Scott,Mississippi Valley State,2018-19,20.0,37,90,13,35,11,14,19,2,1,7,31,14,14.8,19,61,5,14,22,31,6,4,0,3,24,11
Dante Thorpe,Northern Illinois,2018-19,16.78,65,124,10,25,30,41,39,20,0,7,25,26,20.0,86,161,14,35,42,50,36,16,0,9,42,32
Dante Treacy,Robert Morris,2018-19,20.0,13,30,4,10,11,19,22,3,1,3,17,23,19.42,12,28,4,14,3,4,24,9,2,1,9,19
Dantez Walton,Northern Kentucky,2018-19,17.95,79,166,31,93,10,18,42,15,11,30,56,30,20.0,57,146,24,87,19,30,49,15,12,34,62,28
Daquan Staley,St. Mary's (MD),2018-19,0.0,0,0,0,0,0,0,0,0,0,0,0,0,14.75,0,1,0,1,0,0,0,0,0,0,0,0
Daquarious Jones,Southeastern Baptist College,2018-19,20.0,1,2,0,1,0,0,1,1,0,0,0,0,14.82,0,1,0,1,0,0,0,1,0,0,1,0
Darae Elliott,Cal State San Marcos,2018-19,20.0,2,5,0,0,0,0,0,0,0,1,1,1,20.0,2,4,0,0,0,0,1,0,1,2,4,3
Dareny Sims,Southwest Assemblies of God,2018-19,20.0,0,1,0,0,0,0,1,2,0,0,2,2,20.0,1,4,0,1,0,0,0,0,0,1,2,2
Darhius Nunn,Glenville State,2018-19,20.0,4,8,2,5,0,1,6,0,0,0,2,5,15.3,1,3,0,1,0,0,1,0,0,0,0,2
Darian Adams,Troy,2018-19,20.0,36,118,20,68,14,18,55,13,6,9,41,26,14.9,39,92,10,40,29,33,39,10,1,7,26,26
Darian Bryant,Delaware,2018-19,15.87,38,88,9,31,4,9,39,14,6,17,38,20,20.0,36,80,9,28,18,30,28,8,6,11,32,27
Darian Davis,Southwest Assemblies of God,2018-19,20.0,3,4,0,1,1,2,0,0,2,1,2,3,20.0,2,4,1,1,0,0,0,0,0,0,0,1
Darian Dixon,Northwestern State,2018-19,20.0,12,40,2,4,24,29,13,3,4,18,20,8,14.95,19,32,0,3,12,21,3,3,1,13,10,6
Darian Porch,IU-Kokomo,2018-19,20.0,3,8,1,3,0,0,0,0,0,1,1,0,14.92,0,1,0,1,0,0,0,0,0,0,0,1
Darian Scott,Missouri State,2018-19,0.0,2,8,0,0,2,4,3,1,6,6,6,5,14.78,3,9,0,0,0,2,0,2,0,4,5,3
Darick Kerns,St. Mary's (MD),2018-19,20.0,0,3,0,0,0,0,0,0,0,1,1,1,14.75,1,2,0,0,0,0,0,0,1,0,0,1
Darien Jackson,Tulsa,2018-19,20.0,22,49,0,9,7,10,13,13,1,10,18,7,18.08,18,27,0,1,5,11,5,4,0,2,11,11
Darion Morrow,Brescia,2018-19,20.0,3,8,3,7,0,0,3,0,0,1,1,3,14.95,1,7,0,4,1,1,1,0,0,0,0,0
Darion Wilson,Florida College,2018-19,20.0,0,4,0,2,0,0,0,0,0,0,1,0,17.85,0,1,0,0,0,0,0,0,0,0,0,0
Darius Alford,Texas-Tyler,2018-19,20.0,1,5,0,2,4,4,0,0,0,1,1,1,18.0,1,7,1,4,0,0,3,0,0,1,1,1
Darius Allen,Baylor,2018-19,19.98,3,13,1,9,1,4,4,4,1,1,6,3,20.0,5,10,1,5,1,3,0,2,3,3,1,2
Darius Banks,James Madison,2018-19,20.0,49,111,13,31,24,35,29,26,4,9,66,40,14.88,63,126,19,37,64,82,26,27,3,19,50,48
Darius Beane,Southern Illinois,2018-19,20.0,8,31,6,20,4,4,10,7,2,8,30,16,20.0,19,39,5,14,12,17,10,9,1,16,26,7
Darius Brown II,CSU Northridge,2018-19,20.0,35,90,13,41,25,34,89,17,2,9,49,28,20.0,60,117,12,39,25,32,63,23,3,14,36,28
Darius Curry,Mobile,2018-19,20.0,2,11,0,0,1,2,1,1,0,4,4,4,19.62,2,7,0,0,0,0,0,0,0,0,0,0
Darius Days,LSU,2018-19,20.0,36,71,14,38,12,16,7,13,10,28,44,8,14.93,22,51,9,23,10,15,6,13,1,26,28,8
Darius Garland,Vanderbilt,2018-19,20.0,18,31,5,11,2,4,5,3,1,1,7,5,18.83,11,23,6,12,9,11,8,1,1,1,10,9
Darius George,Marshall,2018-19,20.0,34,76,14,40,12,20,7,9,10,17,35,11,14.8,26,59,5,26,18,29,4,9,7,14,32,7
Darius Henderson,UMass Lowell,2018-19,20.0,39,73,7,21,15,18,12,6,8,3,41,21,20.0,24,50,3,10,4,5,7,4,4,6,26,17
Darius Hines,Marist,2018-19,20.0,33,83,13,31,7,7,27,19,2,1,19,18,20.0,32,82,8,29,22,30,19,6,1,3,23,28
Darius Kennedy,Tougaloo,2018-19,20.0,1,3,0,1,0,0,0,0,0,0,0,0,15.1,0,0,0,0,0,0,0,0,0,0,0,0
Darius Kinnel,Hartford,2018-19,0.0,0,0,0,0,0,0,0,0,0,0,0,0,14.88,2,3,0,0,0,1,1,1,0,2,0,0
Darius McGhee,Liberty,2018-19,20.0,44,125,30,98,5,6,16,15,4,6,41,5,14.9,41,97,23,66,10,11,19,10,1,4,34,10
Darius McNeill,California,2018-19,20.0,72,165,35,96,12,14,14,25,0,2,17,17,19.05,42,113,25,75,15,21,11,14,2,3,15,12
Darius Perry,Louisville,2018-19,20.0,23,65,10,34,12,17,26,8,0,2,22,16,14.9,29,61,15,36,16,17,22,5,0,2,16,21
Darius Quisenberry,Youngstown St,2018-19,20.0,67,167,27,83,27,34,62,24,1,6,51,35,15.87,71,171,22,71,71,89,55,19,0,4,29,29
Darius Robinson-Wallace,Bloomsburg University,2018-19,20.0,0,1,0,0,0,0,0,0,0,1,0,1,14.88,1,2,0,0,2,2,0,0,0,0,1,0
Darius Roy,Milwaukee,2018-19,20.0,65,155,14,39,20,23,53,20,3,3,61,38,20.0,91,191,29,64,57,70,57,14,4,10,40,49
Darius Sawyer,Eastern New Mexico,2018-19,20.0,2,6,0,1,0,0,1,0,0,2,3,1,20.0,2,3,0,0,4,5,0,2,0,1,2,3
Darius Simmons,Lenoir Rhyne,2018-19,0.0,0,0,0,0,0,0,0,0,0,0,0,0,14.97,0,2,0,0,0,0,0,0,0,0,0,2
Darius Thrower,Truett-McConnell,2018-19,0.0,0,0,0,0,0,0,0,0,0,0,0,0,16.18,0,0,0,0,0,0,2,0,0,2,0,0
Darius Tisby,Truett-McConnell,2018-19,20.0,1,2,0,0,0,0,2,0,2,1,0,1,16.18,0,0,0,0,0,0,1,0,0,1,2,1
Darius Williams,CSU Bakersfield,2018-19,20.0,48,134,16,64,22,37,11,18,6,12,42,26,20.0,47,116,17,51,28,37,12,14,3,17,31,25
Darius Wright,Florida Tech,2018-19,20.0,1,5,0,2,0,0,0,1,0,1,1,1,14.83,0,1,0,0,0,0,0,0,0,0,0,0
Darmain Brooks,Champion Christian College,2018-19,20.0,0,3,0,1,0,0,2,1,0,0,2,0,14.75,1,2,0,0,0,1,0,0,0,0,2,3
Darnel Renelique,University of the Ozarks,2018-19,20.0,1,2,0,0,0,0,0,0,0,0,0,0,14.97,0,1,0,0,0,0,0,1,0,0,0,0
Darnell Brodie,Seton Hall,2018-19,20.0,1,5,0,0,1,2,0,0,1,1,4,1,20.0,1,1,0,0,0,2,0,0,1,1,2,1
Darnell Butler Jr.,,2018-19,0.0,0,0,0,0,0,0,0,0,0,0,0,0,0.0,0,0,0,0,0,0,0,0,0,0,0,1
Darnell Cowart,Murray State,2018-19,20.0,56,106,0,0,25,37,17,12,10,29,81,21,17.63,65,115,0,2,39,62,18,13,3,44,42,18
Darnell Dunn,Pepperdine,2018-19,20.0,51,107,19,41,7,17,17,8,3,21,26,26,14.88,48,92,15,39,17,25,19,8,2,16,36,13
Darnell Edge,Fairleigh Dickinson,2018-19,20.0,85,189,40,90,25,32,36,24,0,8,49,32,14.58,84,171,39,78,60,65,39,17,1,5,50,30
Darnell Wright,Ark Monticello,2018-19,20.0,2,7,0,0,0,0,1,1,0,1,2,0,20.0,1,6,0,0,2,3,1,1,2,0,2,0
Darnill Brown,St Elizabeth,2018-19,20.0,0,3,0,2,0,0,0,1,0,0,1,1,14.92,1,3,0,2,0,0,0,1,0,0,1,2
Darrell Brown,Bradley,2018-19,20.0,60,170,36,78,25,35,49,15,3,3,28,46,15.58,89,212,40,93,75,98,53,14,0,3,27,34
Darrell Hutchison Jr,,2018-19,3.37,0,2,0,0,4,4,0,0,0,0,3,0,0.0,2,8,0,0,0,0,0,0,0,1,1,2
Darrell Polee,William Jessup,2018-19,20.0,1,4,0,1,2,2,3,0,0,1,1,1,17.87,1,1,1,1,0,0,4,0,0,0,0,5
Darrell Riley Jr,Detroit Mercy,2018-19,20.0,0,0,0,0,0,0,2,0,0,0,0,0,18.9,0,0,0,0,0,0,7,0,0,0,0,0
Darrell Riley Jr.,Detroit Mercy,2018-19,20.0,1,5,0,2,0,0,0,2,0,1,5,7,18.9,5,10,1,4,6,6,0,1,0,1,1,5
Darrell Spaulding,,2018-19,0.0,0,0,0,0,0,0,0,0,0,0,0,1,0.0,0,0,0,0,0,0,0,0,0,0,1,2
Darrell White,Middle Georgia State,2018-19,19.98,5,13,2,6,0,0,2,0,0,3,5,6,14.75,3,10,1,4,2,2,2,1,0,1,2,2
Darrian Ringo,Miami (OH),2018-19,20.0,23,66,8,35,15,20,76,25,1,9,38,43,14.8,37,87,7,29,44,60,58,37,3,8,31,33
Darrian Traylor,UC Irvine,2018-19,20.0,4,13,2,9,0,0,6,1,1,2,11,2,20.0,4,12,4,10,0,2,3,0,0,2,4,0
Darrin Person Jr,CSU Bakersfield,2018-19,20.0,0,0,0,0,0,0,3,0,0,0,0,0,20.0,0,0,0,0,0,0,1,0,0,0,0,0
Darrin Person Jr.,CSU Bakersfield,2018-19,0.0,11,24,0,0,6,8,0,1,3,6,9,6,20.0,10,23,0,0,6,12,1,3,5,17,13,4
Darrion Riddle,Wilberforce,2018-19,20.0,1,3,1,3,1,2,2,0,0,0,2,4,14.85,0,0,0,0,1,2,0,0,0,0,2,1
Darrius Garner,York,2018-19,20.0,0,0,0,0,1,3,0,0,0,0,0,0,15.25,0,0,0,0,0,0,0,0,0,0,1,0
Darron Johnson,West Alabama,2018-19,19.87,0,3,0,1,0,0,1,0,0,0,0,1,14.68,2,3,2,3,0,0,0,0,0,0,1,1
Darryl Green,Central Pennsylvania College,2018-19,20.0,0,1,0,0,0,0,0,0,0,0,0,0,14.97,0,0,0,0,0,0,0,0,0,0,0,0
Darryl Morsell,Maryland,2018-19,20.0,50,115,7,28,8,10,31,10,6,13,36,26,17.92,55,111,10,28,28,42,28,10,10,21,27,21
Darryl Polk Jr,Pepperdine,2018-19,20.0,0,0,0,0,0,0,19,0,0,0,0,0,19.92,0,0,0,0,0,0,11,0,0,0,0,0
Darryl Polk Jr.,Pepperdine,2018-19,20.0,14,45,4,22,11,17,1,16,1,3,16,11,14.88,21,55,10,30,12,13,1,18,1,5,21,9
Dartmouth,,2018-19,0.0,0,0,0,0,0,0,0,0,0,30,11,9,0.0,0,0,0,0,0,0,0,0,0,36,16,6
Darvin Jones,Mobile,2018-19,20.0,8,16,4,9,0,0,0,1,0,0,3,3,19.62,4,9,2,6,0,0,2,1,0,1,3,3
Darwin Hubbard,Reinhardt,2018-19,20.0,0,1,0,0,0,0,0,0,0,1,0,0,14.93,0,2,0,0,0,0,0,0,0,0,0,1
Daryl Edwards,LSU,2018-19,20.0,8,18,3,11,3,5,5,2,0,2,8,7,14.93,3,11,1,5,4,4,4,1,1,2,2,4
Daryl Johnson Jr,Siena Heights,2018-19,20.0,0,0,0,0,0,0,1,0,0,0,0,0,15.97,0,0,0,0,0,0,0,0,0,0,0,0
Daryl Johnson Jr.,,2018-19,0.0,1,1,0,0,2,2,0,1,0,1,0,0,8.35,1,1,0,0,0,0,0,0,0,1,0,0
Dasan Cinelli,Massachusetts-Boston,2018-19,20.0,0,3,0,0,0,0,0,0,0,2,3,1,14.9,1,2,0,0,1,2,1,0,0,0,0,0
Dashaun Cain,Cairn University,2018-19,20.0,1,2,0,0,0,0,1,0,0,0,2,1,14.7,2,3,0,0,0,0,1,0,0,0,3,1
Dason Youngblood,Dixie State,2018-19,20.0,0,2,0,1,0,0,1,0,0,1,1,0,20.0,1,3,0,0,2,2,1,0,0,0,3,0
Dato Aphkhazava,Southern Utah,2018-19,20.0,3,11,1,3,1,2,5,1,0,0,2,4,14.6,1,6,0,4,1,1,2,1,0,0,0,6
Datrey Long,Urbana,2018-19,20.0,2,4,1,1,0,0,0,1,0,1,0,1,14.88,4,5,2,2,0,0,1,1,0,0,2,0
Davante Cooper,Washington State,2018-19,20.0,6,9,0,0,0,1,3,0,2,1,7,4,17.45,4,4,0,0,1,3,1,0,3,4,6,7
Davaughn Roberts,Penn State Wilkes-Barre,2018-19,20.0,0,0,0,0,1,2,1,0,0,0,0,1,15.97,0,2,0,0,2,2,1,0,1,1,3,2
Davauhnte Turner,Saint Peter's,2018-19,19.8,82,211,30,92,37,43,41,17,5,16,41,35,20.0,88,209,37,99,51,69,27,13,3,17,30,39
Dave Bell,Jacksonville,2018-19,20.0,40,83,0,0,10,18,3,3,15,28,57,25,17.17,37,61,0,1,22,35,7,7,19,30,40,18
Dave Morris,Tennessee State,2018-19,20.0,15,42,6,23,10,11,14,10,1,4,16,22,20.0,15,41,7,23,17,22,8,6,0,1,11,9
Davey Hipp,,2018-19,5.67,2,5,2,4,0,0,0,0,0,0,1,1,0.0,1,1,0,0,0,0,0,0,0,0,0,0
David Anderson,Governors State,2018-19,20.0,0,3,0,0,2,2,1,0,0,2,1,1,14.72,2,2,0,0,1,2,1,1,2,0,2,2
David Azore,UT Arlington,2018-19,0.0,23,82,0,9,38,43,19,4,0,8,46,36,20.0,33,88,8,24,44,57,18,8,2,9,47,36
David Beatty,La Salle,2018-19,20.0,43,100,18,48,14,18,20,13,9,3,34,18,20.0,33,103,11,47,20,25,22,6,4,3,35,20
David Bottenberg,South Carolina State,2018-19,0.0,7,11,1,1,5,9,6,2,0,3,10,3,16.17,2,14,1,4,10,10,2,0,3,9,4,5
David Collins,South Florida,2018-19,20.0,64,189,21,71,61,86,52,32,6,11,58,47,17.73,96,212,24,72,125,176,59,41,5,12,53,66
David Crisp,Washington,2018-19,20.0,68,172,39,98,21,28,40,17,1,8,29,28,14.85,70,157,30,81,33,58,43,16,1,6,21,34
David Czerapowicz,Davidson,2018-19,20.0,8,24,7,22,3,4,5,0,0,1,11,1,17.1,2,9,1,8,0,0,1,1,0,0,5,1
David Daniels,Spring Hill,2018-19,20.0,0,3,0,0,0,0,1,0,0,0,1,0,14.87,1,2,0,0,2,2,1,0,1,1,1,1
David DeJulius,Michigan,2018-19,0.0,4,11,0,3,0,2,1,2,0,0,3,0,14.77,0,5,0,1,0,0,1,0,0,0,3,1
David DiLeo,Central Michigan,2018-19,20.0,60,154,40,109,18,23,16,12,9,19,49,14,14.95,57,120,43,93,48,60,11,9,4,13,56,8
David Duke,Providence,2018-19,20.0,40,111,9,32,16,27,33,8,6,13,40,31,19.6,42,102,12,40,31,43,37,14,4,6,29,37
David Efianayi,Gardner-Webb,2018-19,19.48,74,160,26,61,45,62,47,17,11,12,49,37,20.0,88,168,31,72,96,125,39,15,10,4,42,30
David Elkins,Mars Hill,2018-19,20.0,0,0,0,0,4,4,1,0,0,0,1,0,14.93,0,0,0,0,0,0,0,0,0,0,1,1
David Francis,Bethune-Cookman,2018-19,0.0,2,13,1,5,3,5,7,1,2,3,6,4,14.98,4,15,1,3,1,6,1,4,0,9,6,3
David Grady III,Queens College,2018-19,20.0,0,2,0,1,0,0,0,0,0,0,0,0,14.98,0,1,0,0,0,0,0,0,0,0,0,1
David Hall,New Hampshire,2018-19,20.0,5,11,1,7,4,12,4,4,1,4,10,11,14.85,5,15,3,7,4,6,1,3,0,4,11,8
David Howard,CSU Dominguez Hills,2018-19,20.0,3,6,1,2,0,0,0,2,1,0,1,3,14.88,0,3,0,1,3,4,0,1,0,1,2,1
David Jean-Baptiste,Chattanooga,2018-19,20.0,48,115,22,54,11,14,24,9,1,6,33,16,20.0,42,93,21,52,11,19,29,10,0,8,19,16
David Jenkins,,2018-19,0.05,100,209,61,118,38,46,22,6,0,3,43,36,0.0,91,207,44,110,58,77,21,9,0,10,43,42
David Joachim,Johnson & Wales (FL),2018-19,20.0,0,1,0,1,0,0,0,0,0,0,1,1,14.95,3,4,2,2,0,0,0,0,0,2,1,1
David Johnson Jr.,William Woods,2018-19,20.0,1,4,0,0,2,2,0,0,0,0,0,0,14.95,4,8,1,2,6,10,0,0,1,3,1,1
David Jump,Midway,2018-19,0.0,0,0,0,0,0,0,0,0,0,0,0,0,14.8,1,6,1,6,0,1,0,1,0,1,0,0
David Knudsen,Marist,2018-19,20.0,39,101,20,61,7,8,18,10,1,5,44,7,20.0,37,76,25,54,10,11,9,9,2,9,16,12
David Kralj,Coastal Carolina,2018-19,20.0,27,58,16,35,5,5,9,4,0,5,9,9,20.0,15,33,6,16,4,7,8,2,0,3,9,8
David Lopez,Elms College,2018-19,20.0,0,1,0,0,0,0,0,0,0,0,1,1,15.38,2,2,0,0,0,0,1,0,0,0,0,1
David Loville,,2018-19,0.0,0,0,0,0,0,0,0,0,0,0,0,0,0.0,0,0,0,0,0,0,0,0,0,1,0,0
David McCormack,Kansas,2018-19,20.0,30,54,0,0,13,22,5,1,10,22,37,16,20.0,15,22,0,0,7,10,8,4,2,16,17,10
David McFarland,SIU-Edwardsville,2018-19,20.0,63,167,22,76,28,43,30,28,5,9,52,27,18.7,64,133,20,63,35,42,19,19,4,13,28,15
David Mitchell,Brown,2018-19,20.0,9,29,2,12,7,11,8,10,2,6,31,12,20.0,15,33,0,10,13,20,10,5,1,15,17,6
David Nichols,Florida State,2018-19,20.0,28,79,17,53,14,19,29,8,0,6,20,23,14.97,37,97,12,45,15,23,19,10,1,3,23,22
David Nickell,Trinity University (TX),2018-19,20.0,1,2,0,0,0,0,1,0,0,1,1,0,17.78,1,2,0,0,0,0,0,0,0,1,0,0
David Nzekwesi,Denver,2018-19,20.0,22,36,5,6,14,17,3,1,2,4,17,6,20.0,32,46,6,12,19,27,1,3,4,13,23,9
David Patton,Fisk,2018-19,20.0,0,1,0,0,2,2,0,0,0,0,0,0,14.75,0,2,0,1,0,0,0,0,0,0,0,0
David Payne,Cleveland State,2018-19,20.0,0,1,0,0,0,0,0,1,0,0,0,0,20.0,0,0,0,0,0,0,0,0,0,0,0,0
David Pekarek,Fordham,2018-19,20.0,15,31,4,14,1,3,11,3,1,6,17,10,20.0,12,31,7,21,6,6,3,3,3,9,29,3
David Pierce,Coastal Carolina,2018-19,20.0,9,26,5,14,3,6,3,1,0,0,10,7,20.0,8,21,6,18,6,10,0,3,0,0,3,4
David Robinson,Alcorn State,2018-19,20.0,2,3,0,0,0,0,1,1,0,1,0,0,15.37,1,2,0,0,0,0,0,0,0,0,0,0
David Rodgers,Penn State Wilkes-Barre,2018-19,20.0,0,1,0,0,0,0,0,0,1,0,0,2,15.97,0,0,0,0,0,0,0,0,0,0,1,1
David Roelke,Lehigh,2018-19,0.0,0,0,0,0,0,0,0,0,0,0,0,0,17.9,1,1,1,1,0,0,0,0,0,0,0,0
David Singleton,UCLA,2018-19,20.0,31,62,22,39,10,17,13,8,3,3,16,7,14.82,15,44,11,30,8,13,15,6,1,0,13,5
David Skara,Clemson,2018-19,20.0,38,84,17,42,18,22,23,16,8,12,52,18,17.78,44,94,13,45,20,30,26,7,8,22,47,20
David Syfax,Morgan State,2018-19,20.0,27,77,5,11,14,20,6,8,5,25,29,10,17.55,34,81,5,17,34,45,9,8,8,24,33,17
David Wacker,Boise State,2018-19,20.0,17,26,0,0,15,24,17,4,5,32,36,14,20.0,9,22,0,1,17,27,16,4,8,15,21,10
David Watkins,New Hampshire,2018-19,20.0,28,99,11,52,11,23,14,3,4,12,49,24,14.85,36,89,12,38,15,23,8,1,2,7,45,14
David Wingett,Memphis,2018-19,12.38,0,3,0,3,0,0,0,1,1,0,0,0,20.0,0,0,0,0,0,0,0,0,0,0,1,0
David-Lee Jones Jr,Georgia Southern,2018-19,20.0,30,83,12,43,12,19,20,18,2,4,20,21,14.95,38,80,22,46,16,25,33,12,4,2,32,18
David-Lee Jones Jr.,Georgia Southern,2018-19,20.0,3,4,2,2,1,2,0,2,0,1,1,0,14.95,4,4,1,1,0,0,0,0,0,0,0,0
Davide Moretti,Texas Tech,2018-19,20.0,70,141,38,82,28,31,44,22,0,1,42,31,14.75,61,114,33,67,59,64,34,17,1,2,30,17
Davids Atelbauers,North Dakota,2018-19,20.0,8,20,5,10,0,0,5,1,0,1,1,5,20.0,2,8,0,2,1,3,0,0,1,0,1,3
Davidson,,2018-19,0.0,0,0,0,0,0,0,0,0,0,19,28,10,0.0,0,0,0,0,0,0,0,0,0,20,28,10
Davin Stricker,,2018-19,0.0,0,0,0,0,0,0,0,0,0,0,1,0,0.0,0,0,0,0,0,0,0,0,0,0,0,1
Davion Bradford,Lenoir Rhyne,2018-19,0.0,0,0,0,0,0,0,0,0,0,0,0,0,14.97,0,4,0,2,1,2,0,1,0,0,1,0
Davion Buster,Lamar,2018-19,20.0,26,55,16,39,3,4,12,4,0,1,12,4,20.0,17,42,12,31,3,4,9,3,0,1,13,9
Davion Johnson,Glenville State,2018-19,20.0,0,5,0,3,1,2,1,0,0,0,4,2,15.3,4,6,0,1,3,4,0,1,0,0,1,0
Davion Mintz,Creighton,2018-19,20.0,38,100,13,41,11,14,44,16,0,6,31,24,20.0,52,120,19,55,41,57,41,19,3,7,35,36
Davion Thomas,Troy,2018-19,20.0,7,16,2,5,5,6,2,0,2,6,5,6,20.0,3,10,0,2,3,4,0,0,1,3,8,3
Davis & Elkins,,2018-19,0.0,0,0,0,0,0,0,0,0,0,0,1,0,0.0,0,0,0,0,0,0,0,0,0,1,2,0
Davis Franks,Brown,2018-19,0.0,0,0,0,0,0,0,0,0,0,0,0,0,14.73,2,3,0,0,0,0,1,0,0,0,3,0
Davis Long,Delaware,2018-19,20.0,0,1,0,1,0,0,0,0,0,0,1,1,14.98,0,1,0,1,0,0,1,0,0,0,0,0
Davis Moore,Texas-Tyler,2018-19,20.0,1,2,1,2,0,0,0,0,0,0,0,1,18.0,1,2,1,1,1,2,0,0,0,0,0,0
Davon Bell,Presbyterian,2018-19,20.0,50,118,9,37,28,41,119,21,0,7,61,38,19.8,52,120,9,32,83,106,104,25,0,10,62,30
Davon Bolton,Northern Arizona,2018-19,20.0,15,64,8,40,11,15,19,4,0,3,23,20,17.17,29,64,8,31,15,23,14,2,0,1,13,15
Davon Clare,CSU Fullerton,2018-19,17.35,21,41,3,16,2,2,18,0,12,8,37,13,20.0,20,52,1,12,4,8,16,4,6,23,34,16
Davonta Jordan,Buffalo,2018-19,17.97,52,114,14,47,6,19,63,27,8,9,33,48,20.0,49,99,12,34,6,27,55,21,5,15,53,30
Davontae Kinnie,Defiance,2018-19,20.0,1,5,0,0,0,0,3,2,0,0,2,2,14.88,2,3,1,1,0,0,1,1,0,0,0,1
Davonte Fitzgerald,Stephen F. Austin,2018-19,20.0,63,163,17,57,24,39,9,11,11,21,55,24,20.0,55,127,9,38,17,31,9,12,6,20,53,21
Davrion Grier,Bridgewater,2018-19,20.0,3,5,0,1,1,5,0,1,1,0,2,0,15.47,3,5,0,1,0,0,0,0,0,0,0,0
Davy Fisher,Mississippi College,2018-19,20.0,2,3,2,3,0,1,0,0,0,0,0,5,14.97,1,6,1,4,0,0,3,0,0,0,2,0
Dawson Carper,Hawai'i,2018-19,0.0,18,28,0,0,6,14,3,2,2,7,19,8,17.95,12,17,0,0,6,15,5,2,0,9,11,7
Dawson Grinnage,Wilmington (DE),2018-19,20.0,3,10,2,4,0,0,1,1,1,2,3,1,14.98,3,12,0,3,1,3,3,0,0,1,7,3
Daxton Carr,Cal Poly,2018-19,20.0,6,17,2,12,4,8,4,1,2,6,19,8,18.32,10,19,6,13,3,4,2,2,0,3,16,3
Daylen Kountz,Colorado,2018-19,20.0,30,82,2,22,19,33,26,13,2,1,22,22,14.87,27,62,7,21,20,28,15,2,0,2,19,16
Daymarcco Green,Mayville State,2018-19,20.0,1,4,0,0,0,0,1,0,0,1,0,0,17.45,0,0,0,0,0,0,0,0,0,0,0,0
Dayon Griffin,,2018-19,11.98,21,56,9,38,6,10,15,8,3,1,21,13,0.0,17,46,11,31,8,13,10,9,4,8,23,6
Dayton,,2018-19,0.0,0,0,0,0,0,0,0,0,0,22,18,9,0.0,0,0,0,0,0,0,0,0,0,26,22,3
Dayton Gumm,Austin Peay,2018-19,20.0,19,43,7,21,13,15,17,6,0,4,14,7,14.92,24,46,9,21,14,23,8,8,3,2,24,8
Dazon Ingram,Alabama,2018-19,20.0,35,82,10,26,32,41,53,6,0,15,48,37,20.0,29,63,6,16,39,59,25,9,3,12,39,27
De Andre' Austin,Bowling Green,2018-19,20.0,1,1,0,0,0,0,1,1,0,0,0,0,17.75,0,0,0,0,0,0,0,0,0,0,0,1
De'Andre Alexander,,2018-19,12.1,0,2,0,0,0,0,0,0,0,1,0,1,0.0,0,0,0,0,4,6,0,0,0,0,1,0
De'Andre Hunter,Virginia,2018-19,20.0,103,199,21,56,40,55,43,8,10,22,61,22,15.7,90,175,22,45,69,85,31,12,12,23,66,26
De'Arius Henyard,Southeastern Baptist College,2018-19,20.0,1,5,1,3,0,0,2,0,0,1,1,1,14.82,2,4,1,2,1,3,1,0,0,2,3,1
De'Avion Washington,Indiana State,2018-19,20.0,11,35,8,23,3,5,8,10,1,4,24,8,20.0,5,16,3,11,5,11,6,6,4,8,18,10
De'Miria Glover,Middle Georgia State,2018-19,19.98,2,8,0,0,1,1,0,0,0,1,2,0,14.75,1,5,0,0,4,6,1,0,2,0,4,1
De'Ondre Jackson,Palm Beach Atlantic,2018-19,20.0,0,1,0,1,0,0,0,0,1,0,1,2,20.0,0,3,0,2,0,0,1,0,0,0,1,0
De'Quon Lake,Arizona State,2018-19,14.45,34,43,0,0,15,22,0,5,15,28,39,11,20.0,19,24,0,0,14,24,3,4,10,21,26,10
De'Riante Jenkins,VCU,2018-19,20.0,35,92,16,49,10,12,20,6,5,9,20,15,20.0,36,86,14,44,8,11,13,3,2,6,28,16
De'Ron Davis,Indiana,2018-19,20.0,19,31,0,0,17,26,15,2,9,10,25,15,14.95,32,53,0,0,18,30,11,10,7,12,16,11
De'Torrion Ware,Jacksonville State,2018-19,20.0,9,29,3,16,5,5,0,1,0,1,9,4,16.68,9,23,7,18,4,4,4,2,1,2,7,0
De'Von Cooper,Morehead State,2018-19,20.0,47,129,23,66,16,21,27,14,5,13,42,30,17.62,47,103,21,55,14,28,23,10,4,9,38,20
De'Vondre Perry,Temple,2018-19,20.0,22,64,10,39,4,5,20,17,7,10,38,20,17.68,17,43,8,25,24,30,12,10,4,8,39,12
De'jon Davis,California Baptist,2018-19,20.0,36,82,4,19,22,25,6,7,0,35,92,18,20.0,30,66,5,15,34,48,6,4,9,27,60,12
DeAndre Abram,Milwaukee,2018-19,20.0,78,186,30,81,15,22,18,9,15,18,97,26,20.0,55,156,25,87,30,37,12,13,7,15,75,19
DeAndre Dishman,Middle Tennessee,2018-19,0.0,0,0,0,0,0,0,0,0,0,0,0,0,20.0,1,1,0,0,0,0,0,0,0,0,0,0
DeAndre Gholston,Kent State,2018-19,20.0,2,5,0,3,0,1,0,0,0,1,2,3,20.0,3,8,0,0,3,4,0,0,1,5,2,1
DeAndre Harper,West Alabama,2018-19,19.87,2,2,1,1,0,0,0,0,0,0,0,0,14.68,0,0,0,0,2,2,0,0,0,0,0,0
DeAndre Jones,Central Arkansas,2018-19,20.0,55,142,26,77,37,47,85,33,2,13,57,53,17.98,51,123,24,60,75,90,63,32,3,7,44,46
DeAndre Love,Northwestern State,2018-19,20.0,47,106,17,45,10,13,12,9,7,7,33,29,14.98,33,86,6,25,23,32,11,9,5,9,21,19
DeAndre Thomas,Samford,2018-19,20.0,23,44,14,26,3,4,6,2,0,10,17,6,16.68,12,30,8,19,1,2,8,6,0,7,14,6
DeAnthony McCallum,Jacksonville,2018-19,20.0,23,55,12,36,7,12,10,5,4,4,12,19,17.17,32,76,11,32,22,28,20,7,4,3,19,18
DeJuan Sherman,Allen,2018-19,19.98,2,4,1,1,0,0,2,0,0,0,1,0,14.78,1,4,0,1,0,0,1,1,0,0,0,0
DeMarco Dickerson,Siena Heights,2018-19,20.0,7,22,0,2,2,2,3,5,0,6,4,6,14.88,5,10,2,2,1,2,5,1,0,0,1,4
DePaul,,2018-19,0.0,0,0,0,0,0,0,0,0,0,46,25,4,0.0,0,0,0,0,0,0,0,0,0,50,13,8
DeRias Johnson,Southern,2018-19,20.0,6,22,2,11,5,10,12,5,0,4,11,11,20.0,6,14,2,5,1,8,7,2,1,3,7,12
DeShaun Wade,East Carolina,2018-19,20.0,8,30,7,26,2,4,10,2,0,4,10,13,15.88,3,13,2,11,3,4,4,1,1,0,8,4
DeShaw Andrews,Alcorn State,2018-19,20.0,35,85,11,36,18,31,6,18,0,8,35,17,18.08,26,61,10,26,22,32,13,15,1,13,38,16
DeShawn Lewis,Aquinas College,2018-19,20.0,1,3,1,2,0,0,0,0,0,0,1,1,14.97,0,1,0,0,2,2,0,0,0,0,1,2
Deacon Heath,UNC Asheville,2018-19,0.0,1,2,0,1,0,0,1,0,0,0,0,0,14.93,1,2,0,1,0,0,2,0,0,1,0,2
Dean Noll,Cornell,2018-19,0.0,2,7,2,4,0,0,2,1,0,0,0,2,14.97,2,5,0,2,0,1,3,2,1,0,5,3
Dean Tate,Purdue Northwest,2018-19,20.0,0,5,0,2,0,0,3,0,0,0,0,2,14.97,0,3,0,1,0,0,0,0,0,0,0,0
Dean Wade,Kansas State,2018-19,20.0,64,127,13,27,30,35,39,10,5,21,54,22,17.98,60,124,11,30,25,35,28,11,7,30,49,14
Deandre Clark,Harris Stowe,2018-19,20.0,6,11,2,7,0,0,1,2,0,1,7,0,20.0,0,2,0,2,1,2,1,0,0,0,0,0
Deante Johnson,Cleveland State,2018-19,20.0,19,54,0,3,5,14,16,7,4,28,50,20,17.1,10,30,0,3,4,13,7,5,8,5,26,8
Deante Strickland,Portland State,2018-19,20.0,44,101,26,67,2,4,38,18,0,8,21,15,20.0,28,71,18,48,17,26,30,14,0,12,17,19
Deantre Deyoung,Trinity (IL),2018-19,20.0,1,4,1,3,0,0,1,0,0,0,2,0,20.0,0,1,0,0,0,0,0,0,0,0,1,0
Deaquan Williams,Lincoln PA,2018-19,20.0,4,7,2,2,0,1,2,0,0,2,3,0,20.0,2,5,0,3,2,3,1,1,0,0,4,2
Dearius Griffin,Tougaloo,2018-19,20.0,0,2,0,2,0,0,0,0,0,0,0,0,15.1,0,0,0,0,0,0,0,0,0,0,0,0
Deaundrae Ballard,Florida,2018-19,20.0,28,67,12,37,3,4,5,9,3,5,17,10,14.97,16,41,8,22,6,8,1,4,3,8,8,9
Decardo Day,Florida Gulf Coast,2018-19,20.0,8,24,3,9,7,10,25,6,2,1,16,15,14.97,14,32,3,11,5,11,22,6,3,2,14,17
Dedric Lawson,Kansas,2018-19,20.0,99,236,17,45,62,76,32,25,16,59,117,42,20.0,141,256,18,43,99,120,28,19,22,45,134,40
Dedrick Berry Jr,McMurry,2018-19,20.0,0,0,0,0,0,0,1,0,0,0,0,0,14.85,0,0,0,0,0,0,0,0,0,0,0,0
Dedrick Berry Jr.,McMurry,2018-19,20.0,0,1,0,1,0,0,0,0,1,0,0,0,14.85,0,0,0,0,0,0,0,0,0,0,0,1
Dee Barnes,Mt. St. Mary's,2018-19,0.0,28,59,17,36,5,15,7,8,8,5,16,14,16.15,22,57,10,34,8,14,2,1,3,6,11,10
Dee Mitchell,Oklahoma State,2018-19,0.0,0,0,0,0,0,0,0,0,0,0,1,0,14.8,1,2,1,2,2,2,1,0,0,0,0,0
Dee Montgomery,Purdue Fort Wayne,2018-19,20.0,30,91,22,64,10,22,15,10,5,2,25,18,14.82,35,73,11,31,12,17,15,14,0,7,19,10
Defiance,,2018-19,0.0,0,0,0,0,0,0,0,0,0,0,0,1,0.0,0,0,0,0,0,0,0,0,0,0,0,0
Deion Alston,Humboldt State,2018-19,20.0,1,5,0,3,0,1,3,1,0,0,4,2,14.73,2,4,0,0,0,0,0,2,0,1,0,0
Deion Bute,Central Connecticut,2018-19,20.0,52,79,0,0,33,44,9,7,20,42,52,30,20.0,36,61,0,0,23,33,6,3,22,32,41,23
Deion Gatson,Wilberforce,2018-19,20.0,4,9,0,0,2,3,3,1,0,3,7,9,14.68,2,6,0,0,1,2,1,2,0,3,2,3
Deion Hammond,Monmouth,2018-19,20.0,46,126,26,77,4,8,11,6,1,3,19,16,17.9,45,112,23,64,26,36,11,6,2,4,20,21
Deion Holmes,South Carolina Upstate,2018-19,20.0,65,157,24,67,14,17,17,4,3,17,35,32,20.0,56,113,18,41,32,39,13,7,4,6,28,14
Deion Johnson,Trevecca Nazarene,2018-19,20.0,0,3,0,2,0,0,1,0,0,0,3,2,14.9,3,4,0,0,0,0,1,0,0,0,3,0
Deion Lavender,Valparaiso,2018-19,20.0,43,89,3,9,20,25,57,12,0,7,70,29,18.72,45,89,4,20,28,36,45,14,3,7,64,34
Deiontay Walters,Cumberland (TN),2018-19,20.0,0,0,0,0,1,2,0,0,0,0,0,0,15.03,0,1,0,1,0,0,1,0,0,0,0,1
Deishuan Booker,Long Beach State,2018-19,20.0,61,149,20,49,55,64,62,20,0,2,51,54,20.0,88,178,17,56,153,167,67,19,4,11,41,56
Deitrich Cole,Rochester College,2018-19,20.0,2,4,1,1,0,1,1,0,0,1,2,1,20.0,0,1,0,0,2,2,0,0,1,0,1,0
Deivis Zemgulis,Penn State,2018-19,20.0,1,3,0,2,0,0,1,0,0,0,3,0,17.72,1,2,1,1,0,0,0,0,0,1,1,2
Deivydas Kuzavas,St. Francis (PA),2018-19,20.0,16,26,0,0,0,7,3,0,2,17,12,6,18.65,8,11,0,0,3,5,2,1,3,6,8,3
Dejan Vasiljevic,Miami,2018-19,20.0,54,155,37,115,15,17,19,11,0,13,50,13,17.98,67,147,42,99,29,31,14,10,1,18,54,13
Deji Johnson,Johnson & Wales (RI),2018-19,20.0,3,3,0,0,0,0,0,0,0,1,0,0,14.87,0,1,0,1,0,0,0,0,0,0,0,0
Dejon Jarreau,Houston,2018-19,20.0,37,88,10,21,21,29,48,9,5,3,42,38,14.8,47,91,2,11,43,65,45,6,8,6,53,21
Dejuan Clayton,Coppin State,2018-19,20.0,34,96,9,40,15,23,25,4,0,3,23,26,14.9,40,98,8,32,60,77,31,10,1,1,25,25
Delante Jones,Seattle,2018-19,20.0,39,105,22,52,23,28,9,3,3,6,15,15,20.0,44,99,14,39,20,24,14,4,5,9,25,21
Delaware,,2018-19,0.0,0,0,0,0,0,0,0,0,0,15,17,4,0.0,0,0,0,0,0,0,0,0,0,18,22,5
Delaware State,,2018-19,0.0,0,0,0,0,0,0,0,0,0,28,35,4,0.0,0,0,0,0,0,0,0,0,0,31,29,8
Deleon Brown,Colorado,2018-19,20.0,8,19,5,13,4,6,1,2,1,2,4,5,20.0,3,13,0,4,3,6,3,1,0,0,3,3
Delfincko Bogan,UT Martin,2018-19,20.0,54,121,19,61,13,17,55,24,5,9,39,18,17.88,55,115,29,59,34,36,34,18,5,17,31,25
Delshon Strickland,Chicago State,2018-19,20.0,33,81,10,34,8,12,10,4,3,5,29,19,14.97,27,62,8,28,9,13,6,3,2,1,22,10
Delundre Dixon,Chicago State,2018-19,0.0,0,0,0,0,0,0,0,0,0,0,0,0,14.83,0,1,0,0,0,0,0,0,0,0,0,0
Demajeo Wiggins,Bowling Green,2018-19,20.0,60,124,0,0,55,86,15,5,8,39,136,33,20.0,60,106,0,0,73,112,11,7,7,42,107,35
Demani Smith,Allen,2018-19,19.98,1,2,0,0,0,0,1,0,1,0,1,0,14.78,0,1,0,0,0,0,1,1,0,0,1,0
Demarco Jackson,Texas Permian Basin,2018-19,20.0,2,5,1,3,0,0,0,1,0,0,2,1,14.8,3,8,1,4,0,0,0,0,0,1,0,1
Demarcus Mitchell,Tennessee State,2018-19,20.0,0,2,0,0,0,0,0,0,1,1,1,0,17.17,0,0,0,0,0,0,0,0,1,1,1,0
Demari Hopper,Brevard College,2018-19,20.0,0,1,0,0,5,5,1,1,0,0,0,0,14.93,0,1,0,0,2,2,0,0,0,0,2,0
Demario Newman,Brescia,2018-19,20.0,2,3,1,2,0,0,0,1,2,1,2,1,14.95,1,1,0,0,0,0,0,0,0,0,0,0
Demarion Johnson,Wilberforce,2018-19,0.0,1,1,0,0,0,2,0,1,2,2,1,0,14.85,0,1,0,0,0,0,1,1,2,0,0,2
Demarius Jacobs,Saint Louis,2018-19,19.98,0,7,0,4,2,6,4,3,0,1,4,7,20.0,1,2,1,1,0,0,0,0,0,1,0,1
Demarkiyo Devoil,Champion Christian College,2018-19,20.0,4,10,0,0,1,1,0,1,2,0,3,1,14.75,3,5,0,0,0,0,1,1,0,2,1,2
Demarkus Stuckey,Goshen College,2018-19,20.0,1,6,1,5,0,0,3,0,0,0,1,3,14.72,2,3,1,2,1,1,2,1,0,0,0,0
Demetrice Clopton,Jackson State,2018-19,20.0,0,1,0,0,2,2,1,0,0,2,3,1,15.05,0,1,0,0,0,0,0,0,0,1,2,0
Demetrich Williams,Frostburg State,2018-19,0.0,0,0,0,0,0,0,0,0,0,0,0,0,15.0,1,1,0,0,0,0,0,0,0,0,1,1
Demetrius Houston,,2018-19,1.47,5,13,1,5,0,0,2,1,0,0,0,0,0.0,2,4,0,1,0,0,1,0,0,0,1,0
Demetrius Mims,Long Beach State,2018-19,20.0,1,10,0,1,2,8,1,4,5,6,7,4,15.95,5,11,1,2,2,6,1,2,2,4,5,3
Demetrius Minnick-Tucker,,2018-19,1.17,0,0,0,0,1,2,1,0,1,0,2,2,0.0,0,0,0,0,0,0,0,0,0,0,1,1
Demetrius Richardson,Allen,2018-19,19.98,4,7,0,1,1,1,0,0,0,1,1,1,14.78,1,3,0,0,2,3,0,0,0,1,0,0
Demetrius Troy,UNC Greensboro,2018-19,20.0,44,118,20,51,7,12,68,23,0,7,35,26,20.0,44,120,15,59,24,27,48,21,1,9,29,33
Demetrius Valdez,Benedictine (AZ),2018-19,20.0,0,1,0,1,0,0,0,0,0,0,1,0,14.77,1,3,0,0,0,0,0,0,0,0,0,1
Demitrius Murray,San Diego Christian,2018-19,20.0,2,6,0,2,0,1,0,0,0,0,1,1,14.93,2,5,0,0,0,0,0,0,0,1,1,0
Demoines Whitney,Defiance,2018-19,20.0,1,6,0,0,1,2,0,1,0,2,3,1,14.88,1,2,0,0,1,2,0,0,0,1,2,1
Demond Parker,Cedarville,2018-19,20.0,0,6,0,4,3,4,3,1,1,0,4,1,14.92,1,2,0,0,0,0,0,0,0,0,3,0
Deng Gak,Miami,2018-19,0.0,4,9,0,0,3,4,2,0,6,7,7,1,17.98,4,11,0,1,1,4,2,0,3,7,10,2
Deng Geu,North Dakota State,2018-19,20.0,62,105,7,19,23,31,8,5,10,21,71,24,16.9,47,101,5,17,36,47,8,4,11,18,34,21
Deng Kuany,Eastern New Mexico,2018-19,20.0,1,8,1,2,1,2,0,1,0,0,4,2,20.0,2,6,0,0,0,2,1,2,1,1,3,2
Deng Mayot,KY Wesleyan,2018-19,20.0,2,4,0,2,0,0,1,0,0,1,5,3,15.73,0,0,0,0,0,0,0,0,0,0,1,0
Deng Riak,Akron,2018-19,20.0,21,56,3,10,11,16,9,3,14,21,50,19,14.92,28,53,2,4,10,16,4,4,7,18,37,16
Denhym Brooke,Hawaii Hilo,2018-19,20.0,1,5,0,1,0,0,0,1,0,1,1,1,20.0,2,2,0,0,1,3,1,1,0,0,0,0
Denis Kirichenko,Corban University,2018-19,20.0,0,2,0,0,0,0,1,0,0,1,4,0,17.4,0,1,0,0,0,0,2,0,0,1,1,0
Deniz Celen,St. Francis (BKN),2018-19,20.0,48,95,7,27,2,6,22,8,13,21,50,20,14.93,46,95,6,27,10,16,24,8,18,31,68,21
Dennis Ashley,Maine,2018-19,0.0,16,33,10,23,5,7,5,3,0,1,7,7,17.95,15,35,10,24,8,8,8,3,0,3,6,7
Dennis Handy,Dominican (IL),2018-19,20.0,1,2,1,1,1,2,1,0,0,0,1,2,14.98,2,3,1,2,0,0,1,0,0,0,1,1
Dennis Jones,Prairie View A&M,2018-19,20.0,36,91,6,28,17,33,63,27,3,7,16,47,18.3,32,83,9,28,28,55,47,25,0,6,19,35
Dennis Miles,Edward Waters,2018-19,20.0,4,8,1,2,0,0,2,0,1,0,2,3,19.43,1,5,1,1,0,0,0,0,0,1,2,0
Dennis Tunstall,Towson,2018-19,20.0,36,66,1,3,9,17,5,10,10,36,75,8,14.75,28,47,1,1,11,17,6,6,16,32,56,6
Denny Slay,High Point,2018-19,20.0,10,37,3,18,0,0,29,3,1,2,32,14,20.0,9,33,2,17,9,12,12,2,0,3,14,9
Denver,,2018-19,0.0,0,0,0,0,0,0,0,0,0,18,10,5,0.0,0,0,0,0,0,0,0,0,0,17,15,4
Denzel Austin,Louisiana College,2018-19,20.0,0,0,0,0,0,0,3,0,0,0,1,3,18.13,1,3,1,2,2,2,0,0,0,0,0,1
Denzel Stephens,,2018-19,0.0,0,0,0,0,0,0,0,0,0,0,0,0,6.28,1,5,1,4,0,0,1,1,0,0,0,1
Denzel Tchougang,Siena,2018-19,20.0,0,8,0,0,2,3,0,1,3,2,11,5,14.95,3,7,0,0,2,2,1,0,0,2,1,3
Denzell Hosch,Fayetteville State,2018-19,20.0,2,2,2,2,0,0,0,0,0,0,0,0,17.77,1,3,1,3,0,0,0,1,0,0,0,0
Denzil Haynes,Wilmington (DE),2018-19,20.0,0,3,0,1,0,0,1,0,0,0,0,1,14.98,1,3,0,0,2,2,0,0,0,1,1,0
Deon Blakemore Jr,University of the Ozarks,2018-19,0.0,0,0,0,0,0,0,0,0,0,0,0,0,14.97,0,2,0,2,0,0,0,0,0,0,0,0
Deon Tabb,Central Pennsylvania College,2018-19,20.0,8,19,2,4,2,6,0,2,2,4,3,5,15.48,2,7,0,3,0,0,0,2,0,0,2,3
Deondre Burns,Little Rock,2018-19,15.0,31,82,4,25,16,21,22,7,1,3,32,20,20.0,45,98,13,35,25,34,17,5,0,4,22,19
Deontae Carter,Middle Georgia State,2018-19,0.0,0,0,0,0,0,0,0,0,0,0,0,0,14.75,0,1,0,1,0,0,0,0,0,1,0,0
Deontae Weaver,Lenoir Rhyne,2018-19,20.0,2,4,2,4,0,0,0,1,0,1,0,0,14.97,0,0,0,0,0,0,1,0,0,0,1,0
Deontaye Buskey,Charleston Southern,2018-19,20.0,34,89,20,53,5,8,30,18,5,6,22,29,14.87,31,81,14,34,22,35,23,12,4,8,28,17
Deontrey Fuller,Dallas Christian,2018-19,20.0,1,1,1,1,0,0,1,0,0,1,0,1,14.97,3,3,1,1,1,1,0,0,0,0,0,1
Derek Ballard Jr.,,2018-19,0.0,0,0,0,0,0,0,0,0,0,0,0,0,0.0,0,0,0,0,0,0,0,0,0,0,1,0
Derek Brown,Portland State,2018-19,20.0,35,83,8,25,24,26,25,14,0,20,27,24,20.0,31,89,3,24,33,45,19,19,0,18,19,22
Derek Culver,West Virginia,2018-19,20.0,41,97,0,0,31,51,18,9,11,42,79,27,20.0,60,119,0,1,55,97,21,3,5,47,77,31
Derek Ginn,,2018-19,5.25,0,1,0,0,0,0,0,0,0,0,1,1,0.0,0,0,0,0,0,0,0,0,0,0,0,1
Derek Hawthorne Jr,UT Martin,2018-19,20.0,0,0,0,0,0,0,20,0,0,0,0,0,17.98,0,0,0,0,0,0,16,0,0,0,0,0
Derek Hawthorne Jr.,,2018-19,1.47,54,133,20,51,19,26,1,23,2,22,47,14,0.0,43,99,13,37,20,26,0,12,4,23,40,19
Derek Murphy,Florida Tech,2018-19,20.0,3,8,3,5,0,0,1,0,0,0,1,2,14.83,6,11,0,1,5,6,1,2,0,2,2,0
Derek Novsek,San Diego Christian,2018-19,20.0,9,16,6,11,2,4,2,1,0,0,8,3,14.93,5,10,2,3,2,2,1,1,0,0,2,2
Derek Ogbeide,Georgia,2018-19,20.0,67,131,0,0,38,56,17,9,11,21,68,34,14.92,53,94,0,1,26,46,10,6,9,27,65,20
Derek Sabin,Belmont,2018-19,20.0,3,4,0,1,0,0,1,0,0,0,7,1,14.82,4,5,0,0,4,5,1,0,0,4,2,3
Derek St Hilaire,Jacksonville State,2018-19,0.0,0,0,0,0,0,0,8,0,0,0,0,0,16.68,0,0,0,0,0,0,7,0,0,0,0,0
Derek St. Hilaire,Jacksonville State,2018-19,20.0,7,29,2,14,2,3,1,2,0,3,15,11,16.68,11,34,2,13,11,16,0,1,0,3,7,9
Derek Steck,Dominican (IL),2018-19,20.0,0,1,0,1,0,0,0,0,0,0,1,0,14.98,0,0,0,0,0,0,0,0,0,0,0,0
Derek Thompson,Bemidji State,2018-19,20.0,2,7,0,2,4,4,1,3,0,1,6,0,14.97,2,5,1,1,0,0,0,0,0,1,3,0
Derek Wadsworth,College of Idaho,2018-19,0.0,0,0,0,0,0,0,0,0,0,0,0,1,14.95,0,2,0,1,0,0,0,0,0,0,0,0
Derek Webster Jr,The Citadel,2018-19,0.0,0,0,0,0,0,0,4,0,0,0,0,0,14.92,0,0,0,0,0,0,7,0,0,0,0,0
Derek Webster Jr.,The Citadel,2018-19,0.0,5,9,0,0,2,4,0,1,2,11,12,6,14.98,5,9,0,0,2,6,0,1,3,6,12,3
Dererk Pardon,Northwestern,2018-19,20.0,64,116,3,14,32,49,29,11,14,39,56,24,20.0,77,127,2,13,48,71,25,13,15,44,74,19
Deric Murray,Aquinas College,2018-19,20.0,0,1,0,0,0,0,0,0,0,0,0,0,14.97,0,0,0,0,0,0,0,0,0,0,0,0
Derick Brewer Jr.,,2018-19,0.0,0,0,0,0,0,0,0,0,0,0,1,1,0.0,0,0,0,0,0,0,0,0,0,0,0,0
Derick Charles,Wesley,2018-19,20.0,2,7,0,1,0,0,1,0,0,0,5,4,14.75,2,10,0,0,1,2,0,0,1,0,2,1
Derrek Durocher,Montana-Western,2018-19,20.0,0,3,0,3,0,0,0,0,0,0,4,0,20.0,2,4,2,4,0,0,1,0,0,0,0,0
Derric Jean,Louisiana Tech,2018-19,20.0,10,23,6,16,1,1,13,4,1,3,6,1,20.0,11,23,7,16,15,18,10,5,2,4,9,3
Derrick Alston,Boise State,2018-19,20.0,63,136,27,67,29,35,19,7,5,9,52,18,20.0,70,139,26,67,58,69,14,6,4,11,49,23
Derrick Ashley,Tougaloo,2018-19,20.0,0,1,0,0,0,0,2,0,0,0,0,0,15.1,3,7,2,4,0,0,1,1,0,0,1,0
Derrick Bruce,Texas Southern,2018-19,19.98,12,52,8,34,9,11,11,7,1,1,8,12,20.0,18,51,6,29,11,12,14,4,1,2,11,7
Derrick Carter,Washington College (MD),2018-19,20.0,0,1,0,1,0,0,0,0,0,0,0,0,14.93,1,1,1,1,0,0,0,0,0,1,0,1
Derrick Chaney,Dominican (IL),2018-19,20.0,0,2,0,0,0,0,0,0,0,0,1,1,14.98,0,0,0,0,0,0,0,0,0,0,0,0
Derrick Cook,Huston-Tillotson,2018-19,20.0,1,5,1,3,0,0,2,0,0,0,0,4,16.73,0,2,0,1,4,4,3,0,1,0,0,1
Derrick Flowers,Jacksonville,2018-19,20.0,4,10,3,8,2,6,4,2,0,1,10,1,15.3,8,14,6,9,6,6,6,3,1,6,4,4
Derrick Godley,University of the Ozarks,2018-19,20.0,0,2,0,2,0,0,0,0,0,1,0,0,14.97,0,1,0,1,0,0,1,0,0,0,0,1
Derrick Green,,2018-19,0.0,0,0,0,0,0,0,0,0,0,0,0,0,16.37,0,1,0,0,0,1,1,0,0,0,0,2
Derrick Okunpolor,Molloy,2018-19,20.0,1,4,0,0,0,0,1,0,0,1,2,1,16.25,0,0,0,0,0,0,1,0,0,0,0,0
Derrick Walker,Tennessee,2018-19,20.0,2,6,0,0,3,7,4,2,1,1,14,3,14.97,4,8,0,0,2,11,3,4,1,6,5,2
Derrick Woods,Saint Peter's,2018-19,0.0,12,28,0,4,11,13,1,1,6,6,21,18,20.0,19,28,1,2,18,30,1,3,6,8,22,12
Derrien King,Detroit Mercy,2018-19,20.0,46,134,23,66,19,22,23,13,7,10,57,29,17.9,34,101,21,61,21,25,12,10,3,4,32,12
Derrik Jamerson Jr,Norfolk State,2018-19,20.0,0,0,0,0,0,0,7,0,0,0,0,0,14.83,0,0,0,0,0,0,6,0,0,0,0,0
Derrik Jamerson Jr.,Norfolk State,2018-19,20.0,51,105,39,81,9,11,1,7,5,14,35,6,14.87,57,104,43,80,22,23,0,8,8,13,41,4
Derrik Smits,Valparaiso,2018-19,20.0,60,103,0,1,26,39,9,6,11,29,43,29,18.72,65,112,0,0,52,92,14,8,12,32,59,24
Derrius Collins,Montana Tech,2018-19,20.0,0,0,0,0,2,2,2,1,0,0,0,1,14.7,2,5,1,3,0,0,0,0,0,0,0,2
Derryck Thornton,USC,2018-19,20.0,45,126,7,36,6,11,62,17,1,7,43,39,20.0,44,104,10,22,25,37,68,21,3,6,26,21
Desean Green,Milligan,2018-19,20.0,4,13,0,0,4,5,4,2,0,1,4,8,14.83,3,15,0,0,1,1,5,2,0,1,6,5
Desean Hampton,IU-Kokomo,2018-19,20.0,4,4,0,0,0,0,2,0,0,1,2,0,14.92,0,0,0,0,0,0,0,0,0,0,0,1
Desean Murray,Western Kentucky,2018-19,20.0,15,33,2,4,13,14,6,4,1,10,10,8,17.88,10,24,1,3,10,16,7,2,1,7,10,2
Deshawn Corprew,Texas Tech,2018-19,20.0,38,74,11,30,5,7,9,6,7,19,49,15,14.75,32,52,8,19,8,12,6,6,4,13,29,11
Deshawnte Collins,Sonoma State,2018-19,20.0,1,2,1,1,0,0,1,2,0,1,2,1,15.7,1,2,0,0,0,1,0,0,0,0,2,0
Deshon Parker,James Madison,2018-19,20.0,32,83,19,40,10,22,51,19,4,8,26,21,14.88,22,59,10,32,18,26,40,15,2,7,29,13
Deshon Taylor,Fresno State,2018-19,20.0,60,146,31,79,37,42,61,24,4,5,40,38,14.77,74,154,29,66,75,97,56,13,1,12,38,31
Desi Sills,Arkansas,2018-19,20.0,27,63,16,36,21,31,23,10,0,5,19,31,17.92,21,51,11,24,15,20,28,10,0,4,7,18
Desmond Bane,TCU,2018-19,20.0,89,201,32,73,12,15,47,20,11,20,79,16,20.0,117,205,35,79,47,54,38,18,8,26,74,31
Desmond Cambridge,Brown,2018-19,20.0,85,224,43,128,26,34,14,14,23,9,50,31,20.0,64,187,28,95,42,53,10,13,28,5,43,18
Desmond Mitchell-LaFlam,Georgia College,2018-19,20.0,1,5,1,4,0,0,0,0,0,0,3,1,17.97,0,2,0,0,0,0,2,1,0,0,2,1
Destin Dunton,Southern,2018-19,0.0,4,10,0,3,2,2,11,7,0,1,8,16,20.0,8,20,0,2,12,20,9,7,1,4,9,3
Desure Buie,Hofstra,2018-19,20.0,55,127,16,48,23,28,87,46,2,5,39,32,17.98,50,104,13,33,58,62,69,28,0,3,29,22
Detrick Mostella,Jacksonville State,2018-19,20.0,31,81,13,44,10,12,9,9,1,3,14,12,16.68,22,64,15,46,13,14,18,3,1,3,15,10
Detroit Mercy,,2018-19,0.0,0,0,0,0,0,0,0,0,0,25,27,2,0.0,0,0,0,0,0,0,0,0,0,22,22,2
Devan Straub,Evansville,2018-19,20.0,2,8,1,6,2,2,2,1,0,0,1,1,20.0,2,6,1,5,0,0,2,1,0,0,0,0
Devante Carolina,Williams Baptist,2018-19,20.0,1,10,0,2,0,0,2,0,0,0,3,3,14.95,1,2,1,2,0,0,2,0,0,0,1,6
Devante Foster,Troy,2018-19,0.0,4,11,1,5,3,4,0,1,2,1,10,4,14.9,10,20,2,9,6,8,2,3,3,6,11,5
Devante Fuller,Miles,2018-19,0.0,1,2,0,1,0,0,0,0,0,0,3,3,20.0,2,10,1,4,0,1,1,1,0,1,1,0
Devante Jackson,Grambling,2018-19,20.0,22,61,2,8,18,26,10,1,3,12,25,18,20.0,29,59,1,3,35,55,7,5,6,13,24,13
Devante Jones,Coastal Carolina,2018-19,20.0,45,100,16,48,19,26,47,11,1,8,41,28,20.0,56,115,18,50,47,54,32,15,0,8,23,25
Devearl Ramsey,UC Santa Barbara,2018-19,20.0,49,122,13,39,14,16,40,16,5,2,41,33,19.87,49,104,18,39,43,56,45,12,3,6,51,29
Develle Phillips,James Madison,2018-19,20.0,25,39,0,0,5,10,6,1,8,16,21,20,14.88,12,26,0,1,9,28,11,2,6,14,19,9
Deven Stover,Findlay,2018-19,20.0,2,2,0,0,0,0,0,1,0,0,1,0,14.83,0,0,0,0,0,2,0,0,0,1,1,1
Devin Baker,Campbellsville-Harrodsburg,2018-19,20.0,0,2,0,1,2,2,0,0,0,0,1,4,14.7,2,5,0,3,0,0,3,0,0,0,4,1
Devin Cannady,Princeton,2018-19,20.0,41,101,23,62,13,15,13,9,1,3,40,17,19.3,38,98,17,57,29,35,12,12,2,4,36,8
Devin Cubit,Dallas Christian,2018-19,20.0,1,5,1,2,0,0,1,0,0,2,0,3,14.97,1,2,0,1,0,0,0,0,0,0,0,1
Devin Curry,Mobile,2018-19,20.0,0,2,0,0,0,0,1,1,0,1,1,0,17.05,0,0,0,0,0,0,0,0,0,0,0,0
Devin Fleming,,2018-19,0.0,0,0,0,0,0,0,0,0,0,0,0,1,0.0,0,0,0,0,0,0,0,0,0,0,0,0
Devin Gage,DePaul,2018-19,20.0,53,131,7,25,24,32,63,24,3,8,52,37,14.92,54,133,5,24,28,38,61,18,1,10,27,37
Devin Gilmore,Murray State,2018-19,20.0,19,33,0,1,5,9,5,2,7,12,15,0,14.83,15,22,0,1,5,7,3,4,6,9,21,3
Devin Goodwyn,Defiance,2018-19,20.0,0,1,0,1,0,0,0,0,0,0,0,0,14.88,0,0,0,0,0,0,0,0,0,0,0,0
Devin Holmes,Albion,2018-19,0.0,0,0,0,0,0,0,0,0,0,0,1,1,17.95,0,1,0,1,0,0,0,0,0,0,0,0
Devin Hutchinson,Radford,2018-19,20.0,25,62,17,51,7,7,13,1,0,6,12,8,14.87,17,35,11,24,8,12,4,2,1,4,13,9
Devin Johnson,Hawaii Hilo,2018-19,20.0,0,2,0,0,1,2,0,0,0,1,1,0,20.0,2,3,0,0,2,3,0,0,1,0,0,2
Devin Kirby,Montana State,2018-19,20.0,41,79,0,0,30,47,7,10,9,36,49,22,14.9,41,67,0,0,36,52,14,3,7,25,42,22
Devin Liggeons,Wagner,2018-19,18.67,27,73,10,34,13,15,13,11,4,15,45,22,20.0,22,70,7,32,26,39,13,11,3,25,39,23
Devin Martinez,Colorado College,2018-19,20.0,2,3,1,1,0,0,0,0,0,0,2,1,14.93,1,4,0,0,0,0,0,1,0,0,0,1
Devin Mitchell,Georgia State,2018-19,20.0,50,118,40,95,4,8,17,6,4,4,23,13,16.78,55,119,40,88,14,18,21,6,0,2,19,8
Devin Morgan,Youngstown St,2018-19,20.0,49,122,28,82,6,10,49,7,0,6,29,28,15.87,49,147,28,91,16,22,25,11,0,12,27,23
Devin Pullum,Eastern New Mexico,2018-19,20.0,7,13,2,7,2,2,0,0,0,0,1,5,20.0,1,5,1,2,0,0,0,0,0,0,1,0
Devin Thomas,Indiana State,2018-19,20.0,8,21,2,5,4,7,6,2,3,6,20,16,20.0,7,20,1,7,12,16,3,2,1,3,21,5
Devin Vassell,Florida State,2018-19,0.0,28,64,17,39,7,10,13,13,8,8,13,11,14.97,19,46,8,20,8,12,6,4,2,4,24,1
Devin Watson,San Diego State,2018-19,20.0,71,207,35,114,35,45,76,16,0,6,44,43,16.88,83,180,45,99,67,91,59,11,0,7,44,35
Devine Eke,Rider,2018-19,20.0,19,36,1,4,8,18,7,12,4,13,28,13,15.65,25,35,0,1,11,43,6,12,9,13,17,7
Devocio Butler,Texas Southern,2018-19,19.98,38,88,17,42,8,14,19,12,1,12,34,24,20.0,35,79,13,32,15,20,26,11,2,8,28,13
Devon Andrews,Florida International,2018-19,20.0,94,192,18,52,43,62,18,31,7,15,53,30,15.82,75,153,16,45,63,88,25,23,7,21,67,27
Devon Baker,UNC Asheville,2018-19,20.0,61,187,10,53,26,34,33,16,3,12,24,50,14.97,96,203,21,50,49,57,43,20,1,15,19,23
Devon Brewer,Alcorn State,2018-19,20.0,25,51,0,0,4,16,7,4,14,12,35,15,18.08,18,42,0,1,16,35,8,7,13,12,33,11
Devon Briggs-White,Brewton-Parker,2018-19,20.0,1,3,0,0,0,0,2,1,0,2,2,1,17.65,1,1,0,0,0,0,1,0,0,0,0,0
Devon Daniels,NC State,2018-19,20.0,67,158,17,58,17,27,26,17,9,10,54,31,14.8,53,137,16,54,22,33,28,15,13,15,64,32
Devon Dotson,Kansas,2018-19,20.0,73,155,12,46,44,53,60,24,4,10,49,39,20.0,68,138,19,40,55,77,63,23,1,12,55,41
Devon Ferrero,Bloomsburg University,2018-19,20.0,0,1,0,0,0,0,0,0,0,0,0,1,14.88,0,0,0,0,0,0,0,0,0,0,0,0
Devon Flowers,James Madison,2018-19,15.0,0,1,0,0,0,0,0,1,0,0,0,0,20.0,0,1,0,0,0,1,0,0,1,0,0,2
Devon Goodman,Pennsylvania,2018-19,20.0,73,153,32,82,12,18,36,24,1,12,41,23,20.0,77,147,22,58,32,46,28,25,5,10,33,39
Devon Mills,Oakland City,2018-19,0.0,0,0,0,0,0,0,0,0,0,0,0,1,14.92,0,0,0,0,0,2,0,0,0,1,0,1
Devon Oakley,Hampton,2018-19,19.92,5,10,2,4,1,1,3,4,1,0,12,4,20.0,2,3,0,0,1,2,5,3,1,1,8,1
Devon Washington,Louisiana College,2018-19,20.0,5,8,0,0,2,3,0,0,1,2,4,2,18.13,4,9,0,0,0,0,0,0,0,1,4,1
Devonaire Doutrive,Arizona,2018-19,0.0,8,28,3,9,8,15,9,7,0,19,21,11,14.9,16,28,6,10,8,10,7,5,1,9,17,5
Devonnte Holland,Radford,2018-19,20.0,40,89,0,0,13,18,10,4,3,27,51,19,18.38,39,61,0,2,22,34,7,1,7,25,32,20
Devonta Brooks,,2018-19,0.0,0,0,0,0,0,0,0,0,1,0,0,0,0.0,0,0,0,0,0,0,0,0,0,0,0,0
Devontae Cacok,UNC Wilmington,2018-19,19.37,75,135,1,1,20,32,10,12,6,51,94,32,20.0,85,143,0,0,45,83,7,11,11,57,133,29
Devontae Shuler,Ole Miss,2018-19,20.0,73,146,34,71,31,36,39,32,2,11,45,29,15.07,46,110,17,55,20,26,56,21,3,12,63,29
Devonte Bandoo,Baylor,2018-19,19.98,40,101,23,61,14,16,21,9,2,3,27,20,20.0,50,99,24,56,23,25,19,8,0,8,24,14
Devonte Campbell,Albany,2018-19,20.0,33,77,11,28,15,21,9,6,3,15,40,19,20.0,31,93,12,37,42,54,12,15,1,22,44,13
Devonte Green,Indiana,2018-19,20.0,47,114,22,55,15,26,32,17,4,4,48,24,14.95,35,82,24,50,15,18,44,17,6,2,35,29
Devonte Patterson,Prairie View A&M,2018-19,20.0,63,129,7,33,41,55,18,19,1,31,31,35,19.93,63,128,5,22,65,93,17,21,4,29,51,28
Devonte Sipling,Mobile,2018-19,0.0,1,2,0,0,0,0,0,1,0,1,3,2,19.62,7,12,0,0,0,1,0,0,2,5,6,2
Dexter Dennis,Wichita State,2018-19,20.0,51,116,29,63,10,18,18,4,9,16,69,18,20.0,45,116,22,62,25,32,10,5,10,34,62,18
Dexter Gooding,High Point,2018-19,20.0,7,19,5,17,0,0,2,1,0,1,7,5,19.25,3,12,3,10,3,3,4,3,0,3,6,3
Dexter Thompson,Chestnut Hill College,2018-19,20.0,1,3,0,0,1,4,0,0,0,2,2,2,19.07,1,1,0,0,1,2,0,0,0,2,1,2
Dexter Williams,,2018-19,0.0,0,0,0,0,0,0,0,0,0,0,1,2,0.0,0,0,0,0,0,0,0,0,0,0,0,0
Dhamir Cosby-Roundtree,Villanova,2018-19,20.0,35,55,0,0,11,15,16,10,15,42,57,16,17.55,30,43,0,0,24,34,10,15,11,40,53,8
Diago Quinn,Monmouth,2018-19,20.0,42,88,0,0,30,47,3,1,10,32,49,18,17.9,34,66,0,0,46,64,0,6,11,30,40,10
Diamondt Thomas,Wilberforce,2018-19,20.0,2,7,0,2,0,0,1,2,1,1,1,3,14.68,2,5,2,2,1,2,1,2,0,2,0,2
Diandre Wilson,NJIT,2018-19,0.0,52,137,19,66,35,47,31,17,1,4,35,28,17.07,51,109,25,59,58,75,19,8,3,5,33,16
Dibaji Walker,Cleveland State,2018-19,20.0,20,49,10,31,4,8,10,6,2,7,10,6,17.1,14,38,7,24,5,8,3,4,4,3,11,7
Dickinson State,,2018-19,0.0,0,0,0,0,0,0,0,0,0,1,1,0,0.0,0,0,0,0,0,0,0,0,0,0,1,0
Diego Carter,Northland College,2018-19,20.0,0,1,0,1,0,0,0,0,0,0,0,0,14.98,0,0,0,0,0,0,0,0,0,0,0,0
Diego Poore,South Wesleyan,2018-19,20.0,1,3,1,2,0,0,2,1,0,1,0,2,17.87,0,2,0,1,0,0,1,0,0,0,0,0
Diego Willis,NJIT,2018-19,15.0,7,25,3,17,0,0,4,3,0,1,14,4,20.0,10,19,9,14,0,0,6,1,0,2,14,5
Diego Womack,Lindenwood,2018-19,20.0,2,5,0,0,1,2,1,2,0,3,3,0,17.87,2,4,0,0,2,2,1,1,0,0,2,2
Dikymbe Martin,UC Riverside,2018-19,20.0,80,166,31,71,18,22,35,13,1,2,45,29,20.0,77,165,27,62,38,42,44,12,0,3,35,21
Dillon Geralds,Brescia,2018-19,20.0,1,9,0,3,1,2,3,1,2,1,0,4,14.95,0,4,0,1,0,0,3,1,0,1,3,1
Dillon Glendenning,,2018-19,0.0,0,0,0,0,0,0,0,0,0,0,0,0,0.0,0,0,0,0,0,0,0,0,0,0,0,1
Dillon McCullough,Goshen College,2018-19,20.0,1,1,1,1,0,0,0,0,0,0,0,0,14.72,0,1,0,1,0,0,0,0,0,0,1,0
Dillon Young,,2018-19,0.0,0,3,0,3,0,0,0,0,0,0,1,0,9.4,1,4,1,3,1,2,2,2,0,0,0,0
Dilyn Becker,Washington College (MD),2018-19,20.0,0,1,0,0,0,0,0,1,0,0,0,0,14.93,0,0,0,0,0,0,0,0,0,0,0,0
Dima Zdor,Weber State,2018-19,20.0,5,10,0,1,2,6,1,0,5,5,17,3,14.77,7,11,0,1,5,7,0,0,2,5,9,2
Dimencio Vaughn,Rider,2018-19,20.0,48,113,18,54,22,27,18,23,10,8,46,22,15.65,36,92,10,33,42,64,20,25,7,18,59,27
Dimitri Georgiadis,The Citadel,2018-19,0.0,0,0,0,0,0,0,0,0,0,0,0,0,14.98,0,2,0,0,0,0,0,1,0,1,0,1
Dimitri Sirakis,St. Joseph's (NY-Brooklyn),2018-19,20.0,2,4,2,3,2,3,2,2,0,0,1,5,14.9,1,3,0,0,0,0,2,1,0,0,1,2
Dimitrije Spasojevic,East Carolina,2018-19,20.0,32,74,0,0,3,8,13,4,13,10,30,21,15.88,18,50,0,1,5,8,9,4,4,6,13,7
Dinero Mercurius,Florida Gulf Coast,2018-19,20.0,32,85,20,55,19,21,21,13,1,4,17,20,14.97,48,105,21,61,28,43,14,17,0,8,22,11
Diogo Brito,Utah State,2018-19,20.0,45,104,23,55,14,19,45,17,2,12,62,29,14.9,41,89,16,41,29,42,25,16,1,11,50,24
Dion Wiley,Saint Louis,2018-19,19.98,16,53,15,45,4,6,7,3,3,1,9,4,20.0,18,56,13,48,6,11,3,1,1,2,9,7
Diontae Jeffries,Wilberforce,2018-19,20.0,2,3,2,2,2,2,0,1,0,1,0,1,14.68,0,0,0,0,0,0,0,0,0,0,0,0
Ditwan Gary,IU-Kokomo,2018-19,20.0,0,1,0,0,0,0,0,0,0,0,2,1,14.92,2,4,0,0,0,2,1,0,0,0,0,0
Divine Anderson,Centenary NJ,2018-19,20.0,3,5,3,3,0,0,0,0,0,0,2,1,14.9,1,4,0,2,2,2,0,0,0,0,0,0
Divonte Lumpkin,Texas Southern,2018-19,15.0,4,6,1,1,0,1,0,3,0,1,3,1,20.0,0,1,0,1,0,0,0,1,0,0,2,1
Dixie State,,2018-19,0.0,0,0,0,0,0,0,0,0,0,0,0,0,0.0,0,0,0,0,0,0,0,0,0,2,1,0
Dj Hill,East Mennonite,2018-19,0.0,0,0,0,0,0,0,0,0,0,0,0,1,14.88,2,4,0,1,0,0,0,0,0,1,0,0
Dj Lundy,Siena Heights,2018-19,20.0,5,15,1,7,2,6,2,0,1,1,7,3,14.88,5,11,1,2,1,4,0,1,0,2,0,3
Djery Baptiste,UMass,2018-19,0.0,14,26,0,0,5,13,2,2,13,20,23,15,17.97,7,18,0,0,3,6,1,1,5,12,22,7
Djibril Diallo,Lenoir Rhyne,2018-19,20.0,1,5,1,2,0,0,2,0,0,2,1,2,14.97,0,2,0,2,0,0,0,0,0,0,1,1
Djimon Henson,Morehead State,2018-19,20.0,35,97,18,49,3,3,9,4,4,13,28,11,17.62,19,68,11,42,12,14,10,0,1,6,15,5
Djordje Dimitrijevic,Mercer,2018-19,20.0,48,113,15,48,21,24,27,14,3,7,39,26,19.07,50,113,11,47,43,56,31,13,1,5,27,29
Domenic Aiello,Dominican (IL),2018-19,20.0,1,1,1,1,0,0,0,0,0,0,0,2,14.98,0,2,0,1,0,0,2,1,0,0,0,3
Dominic Cervantez,Wayland Baptist University,2018-19,0.0,0,0,0,0,0,0,0,0,0,0,0,0,17.97,1,2,0,0,0,0,1,0,0,1,1,0
Dominic Green,Washington,2018-19,20.0,37,113,29,88,3,3,9,16,4,12,38,15,14.85,31,78,25,66,5,7,13,6,4,10,26,11
Dominic Jackson,,2018-19,0.0,0,0,0,0,0,0,0,0,0,0,1,0,0.0,0,0,0,0,0,0,0,0,0,0,0,0
Dominic Johnson,Buffalo,2018-19,20.0,0,1,0,0,0,0,0,0,0,2,0,0,17.2,0,0,0,0,0,0,0,0,0,0,2,0
Dominic Magee,Southern Miss,2018-19,20.0,42,84,20,48,9,13,20,13,2,4,43,15,14.82,21,54,6,23,10,18,6,8,3,5,33,8
Dominic Robb,Niagara,2018-19,20.0,63,124,3,8,23,30,11,8,36,22,57,23,20.0,59,104,3,10,43,60,12,3,31,24,49,13
Dominic Scott-Robinson,Davis & Elkins,2018-19,20.0,2,2,1,1,0,0,0,1,0,1,1,0,14.87,0,2,0,1,0,0,0,0,0,0,1,0
Dominic Sesma,Buena Vista,2018-19,20.0,6,8,2,4,1,2,1,1,0,0,4,3,14.58,2,4,1,3,3,3,0,0,0,0,1,3
Dominican (IL),,2018-19,0.0,0,0,0,0,0,0,0,0,0,0,1,0,0.0,0,0,0,0,0,0,0,0,0,0,0,0
Dominick Antonelli,Navy,2018-19,20.0,2,2,2,2,0,0,0,0,0,0,1,1,20.0,0,1,0,1,0,0,0,0,0,0,0,0
Dominick Ford,,2018-19,9.9,0,2,0,1,0,0,0,0,0,0,1,0,0.0,0,1,0,0,0,0,0,0,0,0,0,1
Dominick Pickett,UC Riverside,2018-19,20.0,36,70,17,36,3,4,41,14,2,13,31,21,20.0,22,60,11,37,10,10,28,10,1,16,40,19
Dominick Welch,St. Bonaventure,2018-19,18.18,30,75,19,50,2,5,14,8,4,12,37,21,20.0,33,80,22,59,6,13,16,6,8,13,38,11
Dominik Fragala,Niagara,2018-19,20.0,15,36,9,27,4,9,4,1,0,4,3,2,20.0,10,27,5,16,9,9,3,2,1,2,4,2
Dominik Heinzl,CSU Fullerton,2018-19,10.0,7,15,0,0,10,16,2,5,1,11,22,4,20.0,11,16,0,0,5,6,1,2,3,7,6,6
Dominik Olejniczak,Ole Miss,2018-19,20.0,44,71,0,0,19,25,8,9,14,17,33,19,15.07,28,54,0,0,7,10,15,7,16,20,22,14
Dominique Dobbs,Lindenwood,2018-19,20.0,0,0,0,0,0,1,0,0,0,0,2,0,17.87,0,0,0,0,0,1,1,1,0,0,0,0
Dominique Dyes,Williams Baptist,2018-19,20.0,1,9,1,5,0,0,0,1,0,0,2,1,14.95,1,3,1,3,0,0,0,1,0,0,1,2
Dominique Eillott,Huston-Tillotson,2018-19,0.0,0,0,0,0,0,0,0,0,0,0,0,0,16.73,1,2,0,0,0,0,0,0,0,0,0,0
Dominique Ellis,Spalding,2018-19,20.0,2,6,0,2,0,0,0,0,0,2,2,1,14.83,1,3,0,0,0,0,0,1,0,0,2,2
Dominique Mitchell,,2018-19,0.0,0,0,0,0,0,0,0,0,0,0,0,0,0.0,0,0,0,0,0,0,0,0,1,0,0,0
Dominique Stevenson,Penn State Wilkes-Barre,2018-19,20.0,1,2,0,0,0,0,0,0,0,1,0,1,15.97,0,0,0,0,0,0,0,0,0,0,1,1
Domonique Elliott,,2018-19,0.0,0,0,0,0,0,0,0,0,0,0,1,0,0.0,0,0,0,0,0,0,0,0,0,0,0,0
Donald Gipson,Loyola Marymount,2018-19,20.0,1,10,0,4,0,0,3,0,3,1,7,4,14.68,6,13,2,5,1,6,3,6,2,1,8,2
Donald Hicks,Radford,2018-19,20.0,39,103,33,72,7,9,17,7,2,22,40,20,14.87,42,109,33,78,15,20,16,8,0,11,32,7
Donatas Kupsas,Weber State,2018-19,0.0,5,17,2,8,3,4,6,2,0,3,15,5,20.0,4,15,1,7,2,2,5,1,1,0,18,8
Donaven Dorsey,Montana,2018-19,20.0,33,68,19,47,10,14,6,6,6,3,25,8,20.0,27,52,16,30,3,6,4,1,3,4,12,5
Dondre Duffus,Bethune-Cookman,2018-19,20.0,20,53,6,18,21,36,22,14,2,2,27,24,14.98,32,66,5,14,37,58,35,17,0,1,13,26
Dondre Griffin,Hampton,2018-19,20.0,15,33,11,23,1,2,5,1,0,3,13,6,19.05,15,29,10,22,4,4,5,1,0,2,8,4
Donel Cathcart III,Youngstown St,2018-19,0.0,42,88,15,40,13,15,13,10,4,9,22,18,15.87,28,74,11,33,28,37,3,2,5,4,16,15
Donnell Gresham Jr,Northeastern,2018-19,0.0,0,0,0,0,0,0,43,0,0,0,0,0,20.0,0,0,0,0,0,0,34,0,0,0,0,0
Donnell Gresham Jr.,Northeastern,2018-19,20.0,46,114,29,73,17,21,9,15,0,7,73,18,20.0,44,105,22,60,47,57,7,22,0,10,60,21
Donnie Lewis,,2018-19,0.0,0,1,0,1,1,2,8,3,0,2,2,3,13.4,1,3,0,1,0,1,6,1,0,0,3,2
Donnie Tillman,Utah,2018-19,20.0,56,120,29,67,33,43,28,13,2,11,57,23,17.88,32,85,11,43,40,51,18,3,8,25,55,12
Donolly Tyrell Jr.,William Peace,2018-19,20.0,2,4,1,1,1,1,0,0,0,1,0,0,16.58,1,2,0,0,4,4,0,0,0,0,1,1
Donovan Fields,Cal Poly,2018-19,20.0,43,129,8,33,26,28,27,7,3,5,10,21,18.32,54,139,9,36,18,22,37,14,2,9,14,15
Donovan Gilmore,UNC Asheville,2018-19,20.0,22,46,0,1,9,10,4,6,4,17,40,16,14.97,12,18,1,1,9,11,4,1,2,6,18,7
Donovan Greer,NJIT,2018-19,15.0,20,43,13,26,2,4,4,3,1,3,12,7,20.0,14,38,9,24,8,10,4,6,2,7,11,5
Donovan Ham,Mississippi College,2018-19,20.0,4,8,1,2,1,4,2,1,0,2,4,4,14.97,3,11,2,7,2,4,0,0,0,2,1,2
Donovan Sims,Middle Tennessee,2018-19,20.0,64,146,29,74,11,13,48,24,1,7,54,33,17.68,57,131,26,69,23,32,35,16,1,6,48,28
Donovan Theme-Love,Wofford,2018-19,20.0,8,17,7,13,4,6,7,7,0,1,14,2,18.38,6,19,4,15,2,3,8,3,0,2,10,6
Donovann Toatley,Chattanooga,2018-19,20.0,55,122,16,46,18,30,44,5,0,3,21,26,20.0,39,108,7,35,25,35,21,4,1,3,25,33
Donoven Carlisle,Denver,2018-19,20.0,21,47,8,21,5,13,16,5,5,13,66,24,17.95,28,52,5,16,11,11,9,4,6,16,35,7
Donovian Maxfield,Johnson & Wales (RI),2018-19,20.0,1,6,1,3,0,0,1,0,0,0,0,1,14.87,0,1,0,1,0,0,1,0,0,1,0,0
Donta Hall,Alabama,2018-19,20.0,66,108,1,1,24,34,7,8,33,32,94,20,15.05,60,95,0,0,62,86,11,8,21,52,107,14
Dontae Caldwell,Maryland-Eastern Shore,2018-19,20.0,16,43,4,18,6,10,3,6,2,1,29,9,17.87,10,31,5,12,8,10,3,3,2,3,22,6
Dontarius James,Xavier,2018-19,20.0,0,2,0,1,0,0,1,0,0,0,2,1,17.87,0,1,0,0,0,0,0,0,0,1,0,1
Dontay Bassett,Florida,2018-19,20.0,19,40,2,7,13,15,4,2,7,23,23,14,20.0,13,27,2,6,11,17,3,5,11,14,17,5
Dontay Caruthers,Buffalo,2018-19,17.05,38,72,7,17,26,36,47,23,1,11,40,35,20.0,58,99,7,19,52,68,39,22,2,16,42,23
Dontayvious Roberts,Rust,2018-19,20.0,0,3,0,1,2,4,1,2,1,2,1,5,14.88,1,2,1,1,0,0,0,1,0,0,1,0
Donte Doleman,Davis & Elkins,2018-19,20.0,0,1,0,1,4,4,0,1,0,0,0,1,14.87,2,4,0,0,0,0,2,1,0,0,2,0
Donte Fitzpatrick-Dorsey,Tennessee State,2018-19,20.0,47,109,16,45,25,42,16,7,4,12,58,26,20.0,50,103,17,43,46,57,15,6,4,9,33,25
Donte Walker,Dickinson State,2018-19,20.0,1,5,1,3,0,0,2,1,0,0,1,0,14.73,0,0,0,0,0,0,0,0,0,0,0,0
Dontel Highsmith,Cleveland State,2018-19,20.0,17,42,7,20,13,15,15,4,0,2,20,9,17.1,20,47,7,24,17,21,14,6,3,8,15,4
Dontelius Ross,Jackson State,2018-19,20.0,7,25,4,18,4,4,18,5,1,2,13,13,15.05,5,25,4,19,10,12,14,5,0,2,14,17
Dontrell Shuler,Charleston Southern,2018-19,20.0,64,146,16,58,25,40,31,18,0,11,38,25,14.87,62,146,13,49,36,60,28,12,4,10,27,26
Donyell Marshall Jr.,Central Connecticut,2018-19,0.0,0,0,0,0,0,0,0,0,0,0,0,0,16.67,0,0,0,0,0,2,0,0,0,0,0,0
Donyell Meredith II,Indiana South Bend,2018-19,20.0,1,3,1,1,0,0,3,0,0,0,0,2,14.83,1,2,0,1,1,2,0,0,0,0,0,0
Dorea Wilson,Reinhardt,2018-19,20.0,1,8,0,5,2,2,2,0,0,0,5,0,14.93,0,4,0,1,4,5,0,1,0,0,0,0
Dorian Lopez,,2018-19,0.98,7,20,2,8,0,0,8,6,0,3,8,5,0.0,4,8,2,5,2,3,4,1,0,1,12,0
Dotson Griffin,Mars Hill,2018-19,0.0,1,2,0,0,4,6,0,0,1,0,3,1,14.93,0,0,0,0,1,2,0,1,0,0,0,1
Doug Taylor,Ohio,2018-19,20.0,44,74,1,4,16,27,7,13,24,26,54,23,14.93,44,63,0,0,28,51,4,7,19,37,50,15
Doug Taylor made Dunk. Assisted by Gavin,,2018-19,0.0,0,0,0,0,0,0,0,0,1,0,0,0,0.0,0,0,0,0,0,0,0,0,2,0,0,0
Doug Taylor made Jumper. Assisted by Gavin,,2018-19,0.0,0,0,0,0,0,0,0,0,2,0,0,0,0.0,0,0,0,0,0,0,0,0,0,0,0,0
Doug Taylor made Layup. Assisted by Gavin,,2018-19,0.0,0,0,0,0,0,0,0,0,3,0,0,0,0.0,0,0,0,0,0,0,0,0,1,0,0,0
Dozier Thomas,Fisk,2018-19,0.0,0,0,0,0,0,0,0,0,0,0,0,0,14.75,1,2,0,0,0,0,0,0,0,0,0,0
Dragan Elkaz,UC Riverside,2018-19,20.0,41,97,33,75,3,4,18,15,2,4,23,10,20.0,29,72,25,58,14,20,7,3,2,0,26,14
Drake,,2018-19,0.0,0,0,0,0,0,0,0,0,0,24,33,3,0.0,0,0,0,0,0,0,0,0,0,28,22,11
Drake Griebel,Calvary,2018-19,0.0,0,0,0,0,0,0,0,1,0,0,0,0,14.75,0,3,0,2,0,0,0,0,0,0,0,0
Drake Wilks,Grambling,2018-19,0.0,0,0,0,0,0,0,0,0,0,0,0,0,20.0,0,0,0,0,0,0,1,0,0,0,1,0
Dravon Mangum,Charlotte,2018-19,0.0,14,49,6,28,9,16,4,5,7,12,27,19,20.0,23,55,7,24,21,30,6,3,5,11,16,8
Dre Marin,Southern Utah,2018-19,20.0,41,97,21,49,10,12,43,11,2,7,42,31,14.6,41,90,13,35,49,59,52,11,1,7,44,24
Dren Dedushaj,,2018-19,0.0,0,0,0,0,0,0,0,0,0,1,0,0,0.0,0,0,0,0,0,0,0,0,0,2,0,0
Drew Bernhagen,Wisconsin Lutheran,2018-19,0.0,0,0,0,0,0,0,0,0,0,0,0,0,14.93,0,2,0,2,0,0,0,0,0,0,1,1
Drew Buggs,Hawai'i,2018-19,20.0,45,109,10,32,11,17,85,17,4,25,47,30,17.95,51,97,4,24,38,49,75,11,4,20,37,41
Drew Burnett,Millsaps,2018-19,20.0,1,2,0,1,0,0,0,0,1,1,0,0,14.92,0,1,0,1,0,0,2,0,0,1,1,0
Drew Cayce,,2018-19,0.0,0,0,0,0,0,0,0,0,0,0,0,0,0.0,0,0,0,0,0,0,0,0,0,0,0,2
Drew Cobb,Long Beach State,2018-19,20.0,15,33,0,3,2,2,17,3,1,14,32,12,15.95,18,29,1,5,12,21,17,12,1,10,41,6
Drew Cone,Pfeiffer,2018-19,20.0,0,1,0,1,0,0,0,0,0,0,0,0,14.9,1,2,1,1,0,0,0,0,0,0,0,0
Drew Cotton,Utah Valley,2018-19,0.0,0,2,0,1,0,0,5,4,0,1,3,1,15.1,0,3,0,1,0,0,2,1,0,0,1,1
Drew Edwards,Providence,2018-19,20.0,12,33,7,19,7,8,8,10,3,2,15,7,19.6,12,29,7,18,18,21,6,6,1,5,10,3
Drew Fitschen,LaGrange College,2018-19,20.0,1,2,1,2,0,0,0,0,0,0,1,0,14.93,0,0,0,0,0,0,0,0,0,0,0,0
Drew Friberg,Princeton,2018-19,20.0,4,13,1,10,1,2,2,0,1,0,2,1,18.37,4,19,4,17,4,4,1,0,0,2,3,2
Drew Huse,Montana Tech,2018-19,20.0,1,6,0,2,2,2,1,0,0,0,1,1,14.7,0,1,0,0,0,0,0,0,0,0,1,0
Drew McDonald,Northern Kentucky,2018-19,19.18,88,209,36,91,60,75,52,7,8,36,134,40,20.0,108,210,29,73,80,97,39,7,2,26,101,33
Drew Moore,Lindenwood,2018-19,20.0,0,2,0,1,0,0,0,0,0,0,0,0,17.87,0,2,0,1,2,2,0,0,0,0,3,1
Drew Mosley,Brevard College,2018-19,20.0,0,2,0,2,0,0,0,0,0,0,1,1,14.93,0,1,0,0,0,0,0,0,0,0,0,1
Drew Peterson,Rice,2018-19,20.0,20,68,11,43,12,17,26,7,2,9,44,17,17.73,28,70,13,34,19,24,20,6,0,8,34,14
Drew Scarberry,Notre Dame College,2018-19,20.0,0,1,0,1,0,0,0,0,0,0,1,0,16.93,1,1,1,1,1,1,0,0,0,0,1,0
Drexel,,2018-19,0.0,0,0,0,0,0,0,0,0,0,38,26,6,0.0,0,0,0,0,0,0,0,0,0,42,20,6
Drue Drinnon,New Mexico,2018-19,0.0,11,31,4,13,6,10,25,7,1,5,9,16,20.0,7,21,3,13,7,12,23,3,1,4,8,11
Duane Clark,Harris Stowe,2018-19,20.0,1,3,0,0,0,0,0,1,2,1,1,3,20.0,2,2,0,0,5,6,1,1,0,0,3,0
Duane Moss,Chattanooga,2018-19,0.0,0,0,0,0,0,0,0,0,0,0,0,0,18.1,0,1,0,1,0,0,0,0,0,0,0,0
Duane Washington Jr,Ohio State,2018-19,20.0,0,0,0,0,0,0,6,0,0,0,0,0,14.97,0,0,0,0,0,0,11,0,0,0,0,0
Duane Washington Jr.,Ohio State,2018-19,20.0,45,121,23,70,9,13,4,6,0,2,39,19,20.0,34,96,10,47,11,15,9,3,0,5,35,14
Dub Price,Dixie State,2018-19,20.0,1,3,0,1,0,0,0,2,0,2,0,2,20.0,0,3,0,0,2,2,1,1,0,0,0,0
Dujuanta Weaver,Eastern Kentucky,2018-19,20.0,55,149,47,126,12,16,32,17,1,10,39,25,14.8,29,86,25,77,5,6,27,11,0,3,20,12
Duke,,2018-19,0.0,0,0,0,0,0,0,0,0,0,27,28,1,0.0,0,0,0,0,0,0,0,0,0,19,18,1
Dulan Scott,Missouri Science & Technology,2018-19,20.0,5,7,0,1,0,0,0,3,0,0,1,3,17.32,2,6,0,0,0,0,0,0,0,0,3,1
Duncan Demuth,Oklahoma State,2018-19,0.0,6,21,1,1,6,12,2,1,2,15,11,7,20.0,4,12,0,1,3,12,3,3,1,7,9,4
Duncan LeXander,Charleston Southern,2018-19,20.0,35,96,20,63,1,3,15,10,1,25,31,20,14.87,27,72,17,45,8,17,8,13,2,19,31,17
Dupree McBrayer,Minnesota,2018-19,20.0,36,114,14,55,10,15,46,13,1,7,33,15,18.18,36,109,16,61,38,54,45,12,1,0,23,18
Duquesne,,2018-19,0.0,0,0,0,0,0,0,0,0,0,27,19,6,0.0,0,0,0,0,0,0,0,0,0,23,17,10
Durante Lee,Purdue Northwest,2018-19,20.0,0,1,0,1,3,4,0,0,0,1,0,0,14.97,0,0,0,0,0,0,0,0,0,0,0,0
Durham Rosser,Portland Bible,2018-19,20.0,5,9,0,1,0,0,0,0,1,1,3,4,14.73,3,6,0,0,2,2,0,1,0,0,1,5
Dusan Kovacevic,Davidson,2018-19,20.0,9,36,2,12,2,4,20,2,3,14,23,10,17.1,15,26,2,5,7,7,5,1,3,9,20,15
Dustin Ladson,Reinhardt,2018-19,0.0,0,0,0,0,0,0,0,0,0,0,0,1,14.93,1,2,1,1,0,0,0,0,0,0,0,0
Dwain Whitfield,Arkansas-Pine Bluff,2018-19,20.0,0,3,0,0,0,0,0,0,0,1,1,1,16.88,0,1,0,0,0,0,0,0,0,0,0,0
Dwayne Adams,Johnson & Wales (FL),2018-19,20.0,2,3,0,0,2,2,2,2,0,0,1,5,14.95,0,3,0,0,0,0,2,0,0,0,2,2
Dwayne Banks,South Carolina State,2018-19,20.0,2,10,1,6,0,0,2,1,1,2,2,5,16.17,3,11,2,8,5,8,4,0,0,2,5,9
Dwayne Brown Jr,Utah State,2018-19,0.0,0,0,0,0,0,0,13,0,0,0,0,0,14.63,0,0,0,0,0,0,5,0,0,0,0,0
Dwayne Brown Jr.,Utah State,2018-19,20.0,50,95,8,23,22,29,3,8,4,17,38,25,14.9,27,52,5,14,12,15,0,6,0,4,22,11
Dwayne Cohill,Dayton,2018-19,20.0,24,53,5,17,5,8,12,10,2,1,16,16,20.0,17,40,2,14,14,20,9,3,0,2,8,9
Dwayne Danks,Purdue Fort Wayne,2018-19,20.0,0,2,0,1,0,0,0,1,0,0,0,1,20.0,0,0,0,0,0,0,0,0,0,0,0,0
Dwayne Henry Jr,Queens College,2018-19,0.0,0,0,0,0,0,0,0,0,0,0,0,0,14.98,0,0,0,0,0,0,1,0,0,0,0,0
Dwayne Henry Jr.,Queens College,2018-19,20.0,3,3,3,3,0,0,0,1,0,0,1,2,14.98,0,2,0,0,0,0,0,0,0,0,0,2
Dwayne Lautier-Ogunleye,Bradley,2018-19,20.0,39,99,18,44,31,45,33,9,2,23,68,26,15.58,34,86,10,35,64,82,41,13,2,20,63,32
Dwayne Morgan,Southern Utah,2018-19,20.0,6,16,2,6,0,0,1,1,1,2,2,3,14.6,7,10,2,2,2,3,3,1,1,2,2,0
Dwayne Orija,Florida Tech,2018-19,0.0,0,0,0,0,0,0,0,0,0,0,0,0,14.83,2,5,1,3,0,0,1,0,0,0,0,1
Dwayne Sutton,Louisville,2018-19,20.0,65,137,30,73,25,36,31,14,4,37,88,26,14.9,46,113,19,58,32,42,28,15,4,38,58,21
Dwight Murray Jr,Incarnate Word,2018-19,20.0,0,0,0,0,0,0,35,0,0,0,0,0,18.0,0,0,0,0,0,0,25,0,0,0,0,0
Dwight Murray Jr.,Incarnate Word,2018-19,20.0,33,67,11,29,4,6,0,8,1,3,30,34,18.0,28,64,11,29,16,18,0,11,1,2,23,21
Dwight Richards Jr,Central State (OH),2018-19,20.0,0,0,0,0,0,0,2,0,0,0,0,0,14.97,0,0,0,0,0,0,3,0,0,0,0,0
Dwight Richards Jr.,Central State (OH),2018-19,20.0,0,4,0,3,0,0,0,0,0,0,0,0,14.97,2,5,2,4,0,0,0,0,0,1,1,0
Dwight Wheatley,Florida Memorial,2018-19,0.0,0,0,0,0,0,0,0,0,0,0,1,2,15.3,0,1,0,0,0,0,0,0,0,0,1,0
Dwight Wilson,James Madison,2018-19,20.0,71,119,0,0,13,21,10,7,7,51,60,23,14.88,61,104,0,0,28,37,8,4,7,38,85,16
Dylan Alderson,Toledo,2018-19,20.0,2,8,1,5,7,8,6,7,0,3,7,6,20.0,4,10,1,5,0,3,2,1,0,2,3,3
Dylan Allen,Indiana South Bend,2018-19,20.0,3,8,2,4,0,0,0,0,0,0,1,3,14.83,3,4,2,3,2,2,0,0,0,0,0,2
Dylan Beckham,Brescia,2018-19,0.0,0,0,0,0,0,0,0,0,0,0,0,0,14.95,0,4,0,0,4,4,0,0,0,1,2,1
Dylan Bennett,,2018-19,0.0,0,0,0,0,0,0,0,1,0,0,2,1,0.0,0,0,0,0,0,0,0,0,0,0,0,0
Dylan Carl,Purdue Fort Wayne,2018-19,20.0,46,97,11,37,12,16,40,17,21,15,76,31,14.82,39,75,6,19,8,17,22,14,16,10,52,25
Dylan Causwell,Southeastern,2018-19,20.0,4,4,0,0,2,6,0,1,0,0,4,3,14.97,2,2,0,0,2,2,0,0,0,0,2,2
Dylan Frye,Bowling Green,2018-19,20.0,70,173,36,102,15,18,36,15,1,2,35,38,20.0,69,170,36,106,26,41,41,22,3,4,30,24
Dylan Hastings,Lafayette,2018-19,0.0,13,34,5,20,6,10,12,6,14,7,30,10,15.0,8,28,1,9,4,8,7,2,10,11,34,6
Dylan Jones,Rice,2018-19,20.0,1,1,0,0,0,0,0,0,0,0,0,0,20.0,1,1,0,0,1,1,0,0,0,0,1,0
Dylan McHugh,Johnson & Wales (FL),2018-19,20.0,2,3,2,3,0,0,0,1,0,1,1,0,14.95,0,2,0,2,0,0,0,0,0,0,1,0
Dylan O'Hara,,2018-19,3.52,4,6,3,4,0,0,1,0,0,1,1,1,0.0,1,3,0,1,0,0,0,0,0,0,0,2
Dylan Osetkowski,Texas,2018-19,20.0,68,149,18,48,42,54,20,24,9,37,79,19,17.98,57,131,12,45,37,49,20,20,4,41,79,16
Dylan Ostekowski,,2018-19,2.33,3,5,0,1,1,1,0,0,0,1,3,0,0.0,1,6,0,4,0,0,0,1,0,0,0,0
Dylan Painter,Villanova,2018-19,20.0,0,0,0,0,0,0,1,0,0,0,0,0,17.55,1,1,0,0,1,2,0,0,1,1,2,0
Dylan Pannabecker,Montana Tech,2018-19,20.0,0,2,0,0,2,2,2,0,0,2,3,3,14.7,0,2,0,0,0,0,0,0,0,1,1,0
Dylan Ray,Hiwassee College,2018-19,20.0,3,6,0,0,1,2,0,0,3,1,6,2,14.97,1,4,0,0,0,1,0,0,1,0,2,2
Dylan Smith,Arizona,2018-19,20.0,27,105,16,60,16,24,14,9,6,5,49,23,14.9,34,83,18,47,14,17,14,9,3,5,42,20
Dylan Streett,Willamette,2018-19,0.0,0,0,0,0,0,0,0,0,0,0,0,0,14.9,0,0,0,0,0,0,1,0,0,0,0,0
Dylan Windler,Belmont,2018-19,20.0,89,171,41,95,33,40,30,19,10,25,110,30,17.27,81,142,25,67,46,54,23,16,4,19,87,21
Dylan Woods,,2018-19,2.07,0,1,0,1,0,0,1,1,1,0,0,1,0.0,1,2,1,2,0,0,4,0,0,0,0,0
Dyllan Taylor,Mississippi College,2018-19,20.0,4,12,1,2,1,4,4,1,0,1,7,7,14.97,1,3,0,0,0,0,2,0,0,1,2,6
Dzmitry Ryuny,San Francisco,2018-19,20.0,9,15,8,13,2,2,1,0,1,0,6,2,20.0,3,11,3,11,3,4,1,0,1,0,5,1
E'Torrion Wilridge,Georgia,2018-19,0.0,10,37,0,7,22,31,17,5,5,12,18,16,14.92,17,32,3,12,12,18,17,9,7,11,23,15
E. New Mexico,,2018-19,0.0,0,0,0,0,0,0,0,0,0,1,2,1,0.0,0,0,0,0,0,0,0,0,0,1,0,0
E.J. Anosike,Sacred Heart,2018-19,20.0,70,142,8,27,38,53,0,6,7,48,65,20,18.25,73,126,8,20,80,105,0,12,8,46,75,22
E.J. Crawford,Iona,2018-19,20.0,80,188,25,77,33,42,5,10,2,14,57,34,20.0,116,195,26,54,74,91,2,12,5,20,61,22
E.J. Datcher,,2018-19,0.0,0,0,0,0,0,0,0,0,0,0,0,0,0.0,0,0,0,0,0,0,0,0,0,0,1,0
E.J. Stephens,Lafayette,2018-19,20.0,30,85,10,35,12,17,0,8,7,5,32,13,20.0,36,80,13,36,13,15,0,8,2,9,29,18
EJ Anosike,Sacred Heart,2018-19,20.0,0,0,0,0,0,0,16,0,0,0,0,0,18.25,0,0,0,0,0,0,12,0,0,0,0,0
EJ Crawford,Iona,2018-19,0.0,0,0,0,0,0,0,33,0,0,0,0,0,20.0,0,0,0,0,0,0,20,0,0,0,0,0
EJ Montgomery,Kentucky,2018-19,20.0,29,67,0,5,14,19,6,11,23,31,44,15,14.78,21,46,1,3,3,10,7,3,10,25,34,11
EJ Onu,Shawnee State,2018-19,20.0,2,3,0,1,0,0,0,0,4,2,3,3,16.33,3,3,0,0,2,2,0,0,2,0,1,1
EJ Stephens,Lafayette,2018-19,20.0,0,0,0,0,0,0,23,0,0,0,0,0,20.0,0,0,0,0,0,0,24,0,0,0,0,0
Earlham College,,2018-19,0.0,0,0,0,0,0,0,0,0,0,0,1,0,0.0,0,0,0,0,0,0,0,0,0,2,0,0
East Carolina,,2018-19,0.0,0,0,0,0,0,0,0,0,0,30,32,12,0.0,0,0,0,0,0,0,0,0,0,24,33,5
East Tennessee State,,2018-19,0.0,0,0,0,0,0,0,0,0,0,22,20,4,0.0,0,0,0,0,0,0,0,0,0,19,14,6
East Texas Baptist,,2018-19,0.0,0,0,0,0,0,0,0,0,0,0,1,0,0.0,0,0,0,0,0,0,0,0,0,0,2,0
East-West University,,2018-19,0.0,0,0,0,0,0,0,0,0,0,0,1,0,0.0,0,0,0,0,0,0,0,0,0,2,1,0
Eastern Illinois,,2018-19,0.0,0,0,0,0,0,0,0,0,0,17,13,12,0.0,0,0,0,0,0,0,0,0,0,18,15,5
Eastern Kentucky,,2018-19,0.0,0,0,0,0,0,0,0,0,0,20,25,5,0.0,0,0,0,0,0,0,0,0,0,19,22,2
Eastern Michigan,,2018-19,0.0,0,0,0,0,0,0,0,0,0,22,21,14,0.0,0,0,0,0,0,0,0,0,0,27,12,8
Eastern Oregon,,2018-19,0.0,0,0,0,0,0,0,0,0,0,0,1,0,0.0,0,0,0,0,0,0,0,0,0,2,0,2
Eastern Washington,,2018-19,0.0,0,0,0,0,0,0,0,0,0,23,18,2,0.0,0,0,0,0,0,0,0,0,0,24,13,2
Ebrima Dibba,Coastal Carolina,2018-19,20.0,35,76,5,18,21,23,61,12,3,2,47,31,20.0,35,76,8,23,34,49,54,19,1,7,46,34
Ebube Ebube,Manhattan,2018-19,20.0,30,68,8,20,8,19,8,12,3,25,32,23,20.0,36,82,9,32,7,15,15,8,10,40,39,12
Ebuka Izundu,Miami,2018-19,20.0,64,97,1,1,18,22,13,11,18,54,74,25,17.98,72,102,0,2,36,57,19,14,21,52,75,18
Ed Chang,San Diego State,2018-19,0.0,0,1,0,1,0,0,0,0,0,1,0,0,14.97,0,1,0,0,0,0,0,0,0,0,1,0
Ed Croswell,La Salle,2018-19,20.0,27,51,0,0,14,22,8,7,9,38,64,21,16.13,23,40,0,0,14,22,9,6,8,50,44,17
Ed Ferguson,North Carolina A&T,2018-19,20.0,0,1,0,0,0,0,0,0,0,0,1,0,14.82,0,1,0,1,0,0,1,0,0,0,1,0
Ed Henderson II,Wilmington (DE),2018-19,20.0,3,4,1,1,0,0,0,0,0,0,2,0,20.0,0,1,0,1,0,0,0,0,0,1,0,0
Ed Jones,Alabama State,2018-19,20.0,11,40,2,16,2,5,2,3,1,3,7,8,14.63,10,25,3,9,1,2,0,2,6,4,1,2
Ed McWade,Chestnut Hill College,2018-19,20.0,1,5,1,4,4,4,0,0,0,0,5,0,19.07,3,7,1,2,2,3,1,0,0,0,0,0
Ed Morrow,Marquette,2018-19,20.0,38,58,0,0,7,10,7,8,13,30,31,24,14.98,32,61,0,0,16,28,5,8,8,28,47,16
Ed Polite Jr,Radford,2018-19,20.0,0,0,0,0,0,0,26,0,0,0,0,0,14.87,0,0,0,0,0,0,21,0,0,0,0,0
Ed Polite Jr.,Radford,2018-19,20.0,75,154,15,43,34,46,0,24,14,34,100,28,14.87,74,136,10,35,53,69,1,20,22,38,121,20
Ed Porter,Lehigh,2018-19,20.0,8,9,0,0,0,0,2,0,0,0,4,2,19.95,6,7,0,0,3,3,0,0,1,0,1,0
Eddie Davis III,Hartford,2018-19,0.0,7,18,4,11,9,9,2,4,1,4,16,4,14.63,5,16,3,11,0,0,3,2,2,1,10,5
Eddie Galloway,Fisk,2018-19,20.0,1,3,0,2,0,0,0,0,0,1,0,1,14.75,0,2,0,0,0,0,0,1,0,0,0,0
Eddie Reese,Southern,2018-19,20.0,32,83,17,46,16,22,23,11,5,2,25,24,15.05,40,77,14,36,15,23,14,6,1,6,19,24
Eddie Scott,Pennsylvania,2018-19,20.0,2,4,2,3,0,0,0,3,0,0,2,2,20.0,1,4,0,2,2,2,1,1,1,2,4,3
Eddie Stansberry,Hawai'i,2018-19,20.0,55,150,33,107,5,7,12,8,3,5,34,16,17.95,53,130,40,99,21,29,10,10,4,2,35,10
Eddy Kayouloud,Central Arkansas,2018-19,20.0,35,102,19,50,8,10,18,7,3,13,48,18,17.98,57,114,20,53,27,37,25,3,2,21,53,25
Eden Ewing,Texas Southern,2018-19,20.0,22,47,0,3,3,11,7,3,6,7,38,22,19.23,13,32,0,0,18,32,10,2,4,13,29,17
Edgardo Campos,Life Pacific,2018-19,20.0,0,3,0,2,0,0,1,1,1,0,0,1,15.03,0,4,0,3,0,0,1,0,1,0,2,2
Edmond Myers Jr.,Johnson & Wales (CO),2018-19,20.0,0,1,0,0,0,0,0,0,0,0,0,2,14.58,0,1,0,1,0,0,0,0,0,0,1,2
Edmund Parker,Davis & Elkins,2018-19,20.0,1,3,1,3,0,0,0,0,0,0,1,2,14.87,1,6,0,2,0,0,0,1,0,1,1,0
Edmund Pendleton,Colorado College,2018-19,20.0,2,2,0,0,0,0,0,0,0,0,2,0,14.93,2,5,0,0,0,0,1,0,0,0,0,2
Edon Maxhuni,Long Beach State,2018-19,20.0,35,102,23,52,10,12,25,2,0,3,15,18,20.0,39,89,20,54,17,20,8,4,0,2,7,15
Edric Dennis,UT Arlington,2018-19,20.0,62,174,32,101,38,51,33,12,1,12,44,40,20.0,45,137,22,75,47,60,24,8,3,11,39,27
Edvinas Rupkus,Skidmore,2018-19,20.0,3,9,2,5,0,0,1,0,0,0,2,0,14.97,1,4,1,2,0,0,2,0,0,0,2,0
Edward Hardt,Houston Baptist,2018-19,20.0,50,90,0,0,31,54,10,8,3,25,45,36,14.9,52,84,1,1,38,55,7,9,5,14,38,21
Edward Waters College Fla,,2018-19,0.0,0,0,0,0,0,0,0,0,0,2,0,0,0.0,0,0,0,0,0,0,0,0,0,0,2,2
Edwin Cole,Frostburg State,2018-19,16.35,1,3,0,1,1,2,0,0,1,1,6,2,20.0,2,5,1,1,0,0,1,0,3,0,4,1
Edwin Jeudy,Lamar,2018-19,20.0,25,56,8,24,4,12,3,6,1,11,28,12,16.73,19,55,4,15,18,21,11,6,2,19,31,11
Edwyn Brown,Eastern Illinois,2018-19,0.0,0,0,0,0,0,0,0,0,0,0,0,0,14.9,0,1,0,0,0,0,0,1,0,0,3,2
Efe Odigie,UTEP,2018-19,20.0,50,112,0,0,27,40,7,8,6,30,96,37,14.8,57,110,0,1,45,65,4,7,7,32,80,36
Ehab Amin,Oregon,2018-19,20.0,27,79,13,41,8,15,16,30,1,8,35,14,20.0,31,81,11,39,10,18,16,18,1,10,41,15
Ej Bush,Bryan,2018-19,20.0,2,8,1,3,2,4,0,2,1,0,4,1,15.43,3,7,0,0,0,0,0,0,0,1,3,0
Elbert Robinson III,Old Dominion,2018-19,20.0,19,33,0,0,7,18,5,6,10,18,29,16,17.65,10,20,0,0,6,11,1,3,5,8,12,9
Elhadji Dieng,Florida International,2018-19,20.0,14,25,0,0,11,25,2,3,2,18,29,19,15.82,9,16,0,0,9,21,0,4,7,15,12,4
Eli Brooks,Michigan,2018-19,20.0,17,48,8,25,0,1,26,7,3,1,25,12,14.87,17,42,5,20,3,3,13,2,0,1,17,3
Eli Cain,DePaul,2018-19,20.0,77,195,31,89,37,56,63,23,5,6,53,42,14.92,70,159,28,72,38,55,51,17,4,6,41,33
Eli Chuha,New Mexico State,2018-19,20.0,48,74,0,5,21,35,20,3,8,32,74,18,19.35,47,68,0,2,44,59,20,6,2,19,53,16
Eli Farrakhan,Wichita State,2018-19,0.0,0,0,0,0,0,0,0,0,0,0,0,1,16.4,0,1,0,0,0,0,0,0,0,0,1,0
Eli Gibson,East-West University,2018-19,20.0,0,4,0,1,2,2,2,3,2,2,1,2,14.8,1,2,0,0,0,0,0,0,0,0,1,0
Eli Gingerich,Goshen College,2018-19,20.0,0,1,0,0,0,0,0,0,0,0,0,2,14.72,0,0,0,0,0,0,0,0,0,0,0,0
Eli Parquet,Colorado,2018-19,20.0,3,19,1,9,2,3,3,2,7,4,11,5,14.87,4,12,1,6,0,2,2,4,2,3,5,6
Eli Pemberton,Hofstra,2018-19,20.0,73,157,19,55,68,85,40,15,2,19,42,20,17.98,57,129,16,45,69,91,30,9,1,20,58,29
Eli Pepper,Lipscomb,2018-19,20.0,38,82,11,29,24,29,21,9,6,20,75,26,20.0,27,48,6,16,21,29,19,12,9,22,80,25
Eli Scott,Loyola Marymount,2018-19,0.0,27,67,2,5,12,19,32,9,3,19,30,18,14.68,50,81,1,1,32,51,34,5,8,20,49,20
Eli Silverman-Lloyd,Oberlin College,2018-19,20.0,2,5,0,2,0,0,0,1,0,0,1,2,16.35,1,4,1,4,1,2,0,0,0,0,0,1
Elias Harden,Xavier,2018-19,20.0,17,45,11,33,7,11,8,4,2,1,14,12,17.87,10,24,7,16,3,7,5,2,1,0,7,10
Elias Scott,Medgar Evers,2018-19,20.0,1,4,0,1,0,0,0,0,0,0,0,2,14.93,0,2,0,2,0,0,0,0,0,0,0,0
Elias Valtonen,Arizona State,2018-19,0.0,2,2,1,1,0,0,1,0,2,0,6,4,17.87,1,3,1,3,0,0,0,2,0,0,1,2
Eliel Nsoseme,Cincinnati,2018-19,20.0,8,17,0,0,8,18,2,7,10,19,36,7,20.0,3,9,0,0,3,8,1,2,3,8,21,4
Elijah Adedoyin,LaGrange College,2018-19,20.0,0,1,0,1,2,2,0,0,0,0,2,3,14.93,0,0,0,0,0,0,1,1,0,0,1,0
Elijah Barnes,Princeton,2018-19,0.0,2,5,1,3,1,2,0,0,0,1,4,3,18.37,1,6,0,4,0,0,0,2,0,1,1,0
Elijah Bovell,Queens College,2018-19,20.0,3,7,0,0,0,0,0,1,1,1,0,1,14.98,2,5,1,3,1,1,1,1,0,1,1,3
Elijah Buchanan,Manhattan,2018-19,20.0,16,59,3,22,10,22,16,9,3,6,28,20,20.0,13,48,2,15,8,17,15,5,1,4,15,17
Elijah Burns,Notre Dame,2018-19,20.0,2,4,1,1,0,0,1,0,0,0,2,0,14.97,3,3,0,0,4,5,0,0,0,3,2,0
Elijah Childs,Bradley,2018-19,20.0,76,170,6,23,13,21,19,13,18,29,94,31,15.58,94,188,7,27,36,51,13,14,32,27,102,30
Elijah Coleman,Presentation College,2018-19,20.0,1,5,0,2,2,2,0,0,0,1,0,0,15.77,0,0,0,0,2,2,0,0,0,0,2,0
Elijah Cottrill,Clarion,2018-19,20.0,0,3,0,1,3,4,1,1,0,0,5,1,14.93,1,3,0,1,0,0,0,0,0,0,1,1
Elijah Cuffee,Liberty,2018-19,20.0,44,102,25,69,9,10,23,10,7,2,33,26,14.9,34,76,18,43,14,16,36,12,8,1,25,15
Elijah Davis,Wagner,2018-19,15.38,48,119,15,55,19,27,16,12,6,14,27,23,20.0,66,150,25,66,56,67,19,6,4,31,36,26
Elijah Fabyan,Allen,2018-19,19.98,0,5,0,3,0,0,0,1,0,0,2,1,14.78,1,6,1,4,0,0,0,0,0,0,0,0
Elijah Hardy,Washington,2018-19,20.0,0,1,0,0,0,0,0,0,0,0,0,0,20.0,1,1,1,1,0,0,0,0,0,0,0,0
Elijah Harkless,CSU Northridge,2018-19,20.0,13,30,3,7,8,20,12,5,2,1,19,15,20.0,6,16,0,3,14,25,23,9,0,5,14,12
Elijah Harris,New Rochelle,2018-19,20.0,1,5,0,0,1,2,1,0,0,1,0,3,14.75,0,1,0,1,0,0,3,2,0,0,0,2
Elijah Hazekamp,North Dakota,2018-19,0.0,3,6,1,3,2,3,0,1,1,0,8,3,14.77,1,4,1,4,0,0,0,0,0,0,1,0
Elijah Holifield,Prairie View A&M,2018-19,20.0,0,1,0,1,0,0,0,0,0,0,1,0,14.97,0,0,0,0,0,0,0,0,0,0,0,0
Elijah Hughes,Syracuse,2018-19,20.0,77,182,46,116,23,33,19,20,17,10,66,25,14.93,66,154,35,99,36,46,26,13,10,12,49,29
Elijah Jackson,Eastern Washington,2018-19,20.0,4,15,0,5,2,2,2,3,1,8,13,9,14.93,9,13,1,2,2,6,2,3,1,4,11,5
Elijah Johnson,McMurry,2018-19,20.0,0,3,0,2,0,0,0,0,0,0,0,0,14.85,1,1,0,0,0,0,0,0,0,1,0,0
Elijah Joiner,Tulsa,2018-19,20.0,20,72,9,35,21,29,28,14,0,3,51,22,18.08,23,51,11,29,23,35,33,10,1,0,35,11
Elijah Jordan,New Hampshire,2018-19,20.0,33,97,16,50,3,7,28,1,5,3,25,13,14.85,23,60,5,21,12,21,25,2,2,8,16,17
Elijah McCadden,Georgia Southern,2018-19,20.0,30,72,2,12,10,23,18,8,2,7,42,35,20.0,29,54,4,15,10,17,15,14,3,4,22,27
Elijah McCullough,Sacramento State,2018-19,0.0,0,0,0,0,0,0,0,0,0,1,0,0,16.87,0,1,0,1,0,0,0,0,0,0,1,0
Elijah McNamara,Miami (OH),2018-19,20.0,9,33,3,16,3,6,7,1,6,4,20,7,14.8,7,20,1,11,2,4,0,2,2,2,3,3
Elijah Minnie,Eastern Michigan,2018-19,0.0,79,192,37,116,13,15,14,24,19,14,63,34,20.0,60,144,33,96,30,37,17,22,17,12,43,22
Elijah Mitrou-Long,Texas,2018-19,20.0,42,105,19,53,9,19,29,16,1,1,45,19,17.98,24,77,10,32,11,17,25,13,1,3,26,6
Elijah Mollenhauer,Trevecca Nazarene,2018-19,20.0,0,1,0,1,0,0,0,0,0,0,0,0,14.82,0,1,0,1,0,0,1,0,0,0,0,0
Elijah Olaniyi,Stony Brook,2018-19,18.97,62,142,19,45,35,46,27,8,5,23,55,32,20.0,61,149,9,39,42,67,21,17,6,29,59,28
Elijah Schmidt,Texas A&M-CC,2018-19,15.0,22,40,0,0,5,9,8,7,6,15,34,18,20.0,19,30,0,0,6,14,8,2,5,13,29,13
Elijah Spalding,Columbia International,2018-19,20.0,2,4,0,0,0,0,0,0,0,1,0,0,14.87,2,3,0,0,0,0,0,0,0,1,1,0
Elijah Thomas,Clemson,2018-19,20.0,99,186,5,28,45,70,31,23,30,49,110,60,17.78,103,162,7,22,60,99,25,15,41,48,95,47
Elijah Weaver,USC,2018-19,20.0,26,68,13,36,6,6,38,10,1,8,23,24,15.35,22,42,7,17,8,11,24,6,3,2,10,18
Elisha Mayberry,Glenville State,2018-19,0.0,0,0,0,0,0,0,0,0,0,0,0,1,15.3,1,2,0,1,0,0,0,0,0,0,0,0
Elishja Duplechan,Omaha,2018-19,20.0,0,5,0,2,1,2,6,1,1,0,4,2,14.9,2,8,0,4,0,0,0,1,0,0,2,0
Elliott Welmer,Saint Louis,2018-19,20.0,0,1,0,0,0,0,0,0,0,0,0,1,20.0,0,0,0,0,0,0,0,0,0,0,0,0
Ellis Jones,Schreiner,2018-19,20.0,3,5,0,1,0,0,0,2,0,2,1,1,14.78,1,3,1,2,0,0,2,0,0,0,0,3
Elmira,,2018-19,0.0,0,0,0,0,0,0,0,0,0,0,3,1,0.0,0,0,0,0,0,0,0,0,0,1,0,1
Elms College,,2018-19,0.0,0,0,0,0,0,0,0,0,0,0,0,0,0.0,0,0,0,0,0,0,0,0,0,2,3,0
Elochukwu Eze,SIU-Edwardsville,2018-19,20.0,2,6,0,0,2,4,1,1,4,5,8,2,19.77,3,6,0,0,3,3,1,0,3,3,3,0
Elochukwu Nwodo,Brescia,2018-19,0.0,0,0,0,0,0,0,0,0,0,0,0,0,14.97,0,0,0,0,0,2,0,0,0,0,0,0
Elon,,2018-19,0.0,0,0,0,0,0,0,0,0,0,13,26,10,0.0,0,0,0,0,0,0,0,0,0,21,27,7
Elston Jones,UC Irvine,2018-19,20.0,36,77,0,0,14,24,18,5,26,32,83,18,20.0,35,61,0,0,8,23,7,5,23,25,67,17
Elvin Rodriguez,Denver,2018-19,20.0,10,30,1,11,5,8,6,4,0,3,8,11,17.95,12,34,4,10,10,12,10,2,0,2,10,6
Elvis Harvey,Nicholls,2018-19,20.0,35,85,16,38,15,18,11,11,9,19,48,19,14.97,26,76,8,31,26,35,8,7,10,22,42,24
Elyjah Goss,IUPUI,2018-19,20.0,36,72,6,17,21,32,11,8,13,27,69,20,17.87,39,69,0,5,23,30,11,9,9,34,59,7
Elyjah Williams,Fairleigh Dickinson,2018-19,20.0,53,87,6,13,18,34,30,16,13,29,46,30,14.58,45,72,3,6,35,57,24,14,20,25,65,22
Emanuel Hutcherson,Pine Manor,2018-19,20.0,2,3,1,1,0,0,0,0,0,1,2,0,14.83,2,4,0,0,0,0,0,1,0,1,2,0
Emanuel Hylton,San Diego,2018-19,0.0,0,0,0,0,0,0,0,0,0,0,1,0,17.6,1,1,0,0,0,0,0,0,1,0,0,0
Emanuel Littles,North Alabama,2018-19,20.0,14,30,0,3,3,5,4,1,2,25,48,10,20.0,13,30,0,0,12,21,6,5,3,18,42,9
Emerson,,2018-19,0.0,0,0,0,0,0,0,0,0,0,2,1,0,0.0,0,0,0,0,0,0,0,0,0,0,2,0
Emilio Quemada,Westcliff,2018-19,20.0,0,1,0,0,0,0,0,0,0,0,0,0,14.82,0,3,0,1,1,2,0,0,0,1,1,0
Emir Ahmedic,Oral Roberts,2018-19,0.0,5,5,0,0,5,6,0,1,0,4,11,4,14.78,7,12,0,0,4,8,3,1,0,4,15,10
Emir Sabic,Lyon,2018-19,20.0,2,6,1,4,0,0,1,0,0,0,1,1,18.78,3,9,3,7,0,0,1,1,0,0,1,2
Emmanuel Akot,Arizona,2018-19,20.0,11,30,2,9,5,6,5,2,0,4,16,7,14.9,9,18,3,7,1,7,7,2,1,3,17,4
Emmanuel Doh,Centenary NJ,2018-19,20.0,0,4,0,3,0,0,0,0,0,0,0,3,14.9,1,3,1,3,0,0,0,1,0,0,1,0
Emmanuel Egbuta,Tennessee State,2018-19,20.0,27,57,0,0,18,31,1,4,4,13,35,19,14.92,27,45,0,0,20,37,3,6,7,21,34,9
Emmanuel Ejeh,Mississippi Valley State,2018-19,20.0,14,40,0,2,4,10,4,2,1,14,30,13,14.8,20,38,1,3,10,13,7,4,1,17,40,4
Emmanuel Lambright,North Florida,2018-19,20.0,0,0,0,0,0,0,1,0,0,0,0,0,14.73,0,0,0,0,0,0,1,0,0,0,0,1
Emmanuel Nzekwesi,Oral Roberts,2018-19,20.0,50,98,5,14,15,20,9,5,5,19,51,14,14.78,37,75,1,9,18,27,11,4,6,19,38,17
Emmanuel Olojakpoke,Akron,2018-19,20.0,6,15,0,0,1,7,1,4,12,9,21,10,14.92,8,12,0,0,0,4,0,3,10,7,4,5
Emmanuel Osei,,2018-19,0.0,0,0,0,0,0,0,0,0,0,0,0,0,0.0,0,0,0,0,0,0,0,0,0,0,2,1
Emmanuel Perdue,,2018-19,17.55,0,1,0,0,0,0,0,0,0,0,1,0,0.0,0,0,0,0,0,0,0,0,0,0,0,0
Emmanuel Toney,Texas A&M-CC,2018-19,17.95,18,54,8,29,8,8,21,7,0,6,25,34,20.0,25,56,4,18,5,12,33,7,1,4,28,10
Emmitt Holt,Providence,2018-19,0.0,1,3,0,2,2,2,0,0,0,0,0,2,19.6,1,3,0,0,0,1,0,0,1,1,0,0
Emmitt Matthews Jr,West Virginia,2018-19,0.0,0,0,0,0,0,0,4,0,0,0,0,0,17.95,0,0,0,0,0,0,9,0,0,0,0,0
Emmitt Matthews Jr.,West Virginia,2018-19,20.0,31,76,7,30,11,15,1,9,4,25,20,10,17.95,23,57,7,24,19,21,3,5,2,17,21,15
Emmitt Williams,LSU,2018-19,20.0,44,66,1,3,24,38,6,8,7,32,45,22,14.93,33,55,0,0,29,41,5,3,13,48,36,12
Emondre Rickman,Indiana State,2018-19,0.0,36,79,0,0,5,13,6,10,10,12,35,31,20.0,32,73,0,0,22,39,5,2,14,11,40,13
Emre Yildirim,Davis & Elkins,2018-19,20.0,0,2,0,2,0,0,0,0,0,1,0,1,14.87,0,0,0,0,0,0,0,0,0,0,0,1
Ennis Alex,,2018-19,7.35,1,1,0,0,1,2,0,0,0,0,0,0,0.0,1,1,0,0,0,0,0,0,0,0,0,0
Enoch Quarcoo,,2018-19,0.0,0,0,0,0,0,0,0,0,0,0,0,0,0.0,0,0,0,0,0,0,0,0,0,0,1,0
Enocka Franky,Truett-McConnell,2018-19,20.0,2,4,0,0,0,0,0,1,1,2,1,1,16.18,1,3,0,0,0,0,0,0,1,0,1,0
Eon Davis Jr,IU-Northwest,2018-19,20.0,0,0,0,0,0,0,2,0,0,0,0,0,14.98,0,0,0,0,0,0,1,0,0,0,0,0
Eon Davis Jr.,IU-Northwest,2018-19,20.0,0,1,0,0,0,0,0,0,0,0,0,1,14.98,1,4,0,2,0,1,0,0,0,0,0,2
Eral Penn,LIU Brooklyn,2018-19,20.0,28,49,2,7,20,28,5,3,24,23,30,7,20.0,25,41,3,4,23,31,3,6,13,20,41,9
Eric Ayala,Maryland,2018-19,20.0,51,115,25,62,21,28,28,3,4,6,41,28,17.92,34,86,23,53,22,27,30,4,6,3,39,19
Eric Brown,Loyola New Orleans,2018-19,0.0,0,0,0,0,0,0,0,0,0,0,0,0,15.85,0,2,0,2,1,1,1,1,0,0,0,0
Eric Carter,Delaware,2018-19,19.53,85,143,0,1,51,69,43,4,8,28,128,29,20.0,76,138,1,1,56,75,27,14,9,36,90,37
Eric Cobb,UConn,2018-19,20.0,23,40,0,0,4,10,5,2,1,13,38,11,20.0,17,36,0,0,5,14,11,3,4,26,21,10
Eric Cooper Jr,Pepperdine,2018-19,20.0,0,0,0,0,0,0,19,0,0,0,0,0,14.88,0,0,0,0,0,0,8,0,0,0,0,0
Eric Cooper Jr.,Pepperdine,2018-19,20.0,56,140,41,101,16,19,0,10,0,3,38,9,14.88,43,118,31,81,18,24,0,6,2,9,23,10
Eric Curry,Minnesota,2018-19,20.0,11,23,1,5,6,8,7,4,2,3,13,6,18.07,9,25,0,5,4,11,18,5,2,9,17,10
Eric Evans,Brevard College,2018-19,20.0,0,1,0,0,0,0,0,1,0,0,0,1,14.93,0,2,0,2,0,0,0,0,0,1,0,0
Eric Graham,Columbia International,2018-19,20.0,1,4,1,2,0,0,1,1,0,0,7,6,14.87,3,4,2,3,0,0,1,0,0,1,0,1
Eric Grygo,,2018-19,0.88,1,3,0,2,2,2,0,0,0,0,1,0,0.0,2,2,0,0,0,0,0,0,0,0,4,1
Eric Hamilton,UNC Greensboro,2018-19,20.0,32,62,0,0,22,38,3,3,8,31,46,10,20.0,31,48,0,0,31,39,1,3,5,18,36,11
Eric Hunter Jr,Purdue,2018-19,20.0,0,0,0,0,0,0,6,0,0,0,0,0,15.07,0,0,0,0,0,0,7,0,0,0,0,0
Eric Hunter Jr.,Purdue,2018-19,20.0,14,42,6,23,9,10,12,8,2,6,15,10,18.95,8,31,3,14,3,3,5,1,1,6,12,8
Eric Jacobs,Cairn University,2018-19,20.0,0,1,0,1,0,0,0,0,0,0,1,0,14.7,2,4,1,2,0,0,0,1,0,0,0,1
Eric Jamison Jr,Gardner-Webb,2018-19,20.0,0,0,0,0,0,0,9,0,0,0,0,0,17.82,0,0,0,0,0,0,10,0,0,0,0,0
Eric Jamison Jr.,Gardner-Webb,2018-19,20.0,38,58,2,6,12,16,0,9,3,11,40,21,17.82,34,60,2,2,17,24,0,9,2,14,42,15
Eric Jenkins,Alaska Anchorage,2018-19,20.0,0,2,0,0,0,0,0,0,0,0,1,0,14.77,0,1,0,0,0,0,0,0,0,1,0,1
Eric Jonas,Colorado College,2018-19,20.0,2,6,2,4,0,0,0,0,0,0,0,0,14.93,1,2,0,0,0,0,0,0,0,0,0,0
Eric Lenear,York,2018-19,20.0,1,4,0,1,1,2,2,0,0,1,3,1,15.25,2,3,1,1,0,0,0,0,1,0,0,0
Eric Lockett,NC State,2018-19,20.0,22,45,6,14,3,8,10,6,2,18,21,8,14.8,18,32,5,10,9,13,11,6,1,10,14,8
Eric Manigault,Florida Memorial,2018-19,20.0,0,3,0,1,0,0,2,1,0,2,0,0,14.9,1,2,0,1,0,0,0,0,0,1,0,0
Eric McGill,Southern Illinois,2018-19,20.0,34,79,20,40,12,17,29,22,0,7,59,17,20.0,49,102,13,42,34,54,33,24,0,25,60,18
Eric Monroe,Yale,2018-19,10.0,3,10,3,8,2,2,14,0,0,0,16,5,20.0,7,14,5,11,1,1,9,2,0,0,7,5
Eric Moses,Lyon,2018-19,20.0,2,6,1,1,0,0,2,0,0,0,3,1,18.78,2,8,0,1,1,1,0,0,0,0,3,1
Eric Paschall,Villanova,2018-19,20.0,98,208,36,93,43,56,41,10,6,15,77,41,17.55,90,209,29,95,88,119,28,15,9,27,90,36
Eric Rwahwire,UC Riverside,2018-19,20.0,7,19,3,13,1,2,2,1,0,1,11,2,20.0,4,10,2,5,2,2,0,1,0,3,6,3
Eric Staebler,Mayville State,2018-19,20.0,3,3,1,1,3,4,0,1,0,1,4,1,17.45,1,2,0,0,0,0,0,0,0,0,1,0
Eric Terry,Texas State,2018-19,20.0,53,79,0,0,20,31,12,5,8,20,27,23,14.77,45,62,0,0,12,25,9,5,15,24,28,18
Eric Williams Jr,Duquesne,2018-19,0.0,0,0,0,0,0,0,20,0,0,0,0,0,15.0,0,0,0,0,0,0,21,0,0,0,0,0
Eric Williams Jr.,Duquesne,2018-19,20.0,70,175,31,73,31,45,0,14,2,37,69,35,17.78,78,173,24,75,54,70,0,18,5,53,76,18
Erich Schark,Fontbonne College,2018-19,20.0,2,3,0,0,0,0,0,0,0,3,0,2,14.9,0,0,0,0,0,2,1,0,0,0,0,0
Erick Bennett Jr.,Columbia International,2018-19,0.0,0,0,0,0,0,0,0,0,0,0,0,0,14.87,0,2,0,0,0,0,0,0,0,0,1,1
Erik Bell,KY Wesleyan,2018-19,20.0,1,3,1,3,0,0,3,0,0,0,2,1,15.73,0,3,0,0,0,0,1,0,0,1,1,1
Erik Johansson,Loyola Marymount,2018-19,20.0,9,28,9,25,4,4,6,2,0,0,13,5,14.68,8,26,6,21,3,4,9,3,0,0,5,1
Erik Stevenson,Wichita State,2018-19,20.0,39,116,22,76,7,9,37,19,3,10,52,22,20.0,25,92,14,58,29,36,34,10,4,8,56,26
Erique Thurman,Chillicothe,2018-19,0.0,0,0,0,0,0,0,0,1,0,0,0,2,14.68,1,1,0,0,0,0,0,0,0,0,0,0
Erkam Kiris,Davis & Elkins,2018-19,20.0,2,4,0,1,0,0,0,0,0,2,0,2,14.87,0,1,0,0,0,0,0,0,0,0,1,2
Ernest Aflakpui,Temple,2018-19,20.0,35,64,0,0,9,15,10,6,7,42,62,15,17.68,34,51,0,0,22,34,2,13,3,33,64,16
Ernie Duncan,Vermont,2018-19,20.0,76,157,42,97,24,27,26,10,4,3,24,26,20.0,54,120,29,70,44,53,32,11,4,4,21,18
Erten Gazi,Fordham,2018-19,19.98,7,14,0,5,0,0,2,3,0,2,6,3,14.55,2,5,0,1,0,0,1,0,0,2,1,1
Ervin Sarajlic,,2018-19,0.67,2,6,1,4,0,0,0,0,1,1,3,0,0.0,3,9,2,7,0,0,1,0,0,1,3,3
Ervins Meznieks,,2018-19,0.0,0,0,0,0,0,0,0,2,0,0,1,1,0.0,0,0,0,0,0,0,0,0,0,0,0,0
Esa Ahmad,West Virginia,2018-19,19.5,36,89,5,20,32,49,15,8,11,26,43,22,20.0,45,97,5,26,26,44,22,9,5,23,27,37
Esdras Jean,,2018-19,0.0,0,0,0,0,0,0,0,0,0,0,0,0,0.0,0,0,0,0,0,0,0,1,0,0,0,0
Estavian Fortunate,Mid-Atlantic Christian University,2018-19,20.0,0,2,0,2,0,0,0,0,0,0,0,4,14.9,0,1,0,0,1,2,0,0,0,1,0,0
Ethan Bowman,University of the Ozarks,2018-19,20.0,2,3,1,2,0,0,2,2,0,0,0,0,14.97,0,1,0,1,0,0,0,0,0,0,1,0
Ethan Chargois,SMU,2018-19,20.0,64,144,20,54,26,44,35,11,12,33,70,35,19.02,60,148,22,69,55,71,23,15,11,30,56,25
Ethan Esposito,Sacramento State,2018-19,20.0,35,85,1,4,29,39,7,5,6,19,35,24,16.87,51,94,1,7,37,48,5,4,3,27,39,16
Ethan Happ,Wisconsin,2018-19,20.0,110,229,0,2,22,42,68,20,26,37,122,50,20.0,116,201,0,2,41,94,68,16,12,33,119,47
Ethan Henderson,Arkansas,2018-19,19.95,2,5,0,0,0,0,0,0,0,1,5,1,19.55,1,3,0,0,0,0,0,0,0,0,0,0
Ethan Houston,Bloomsburg University,2018-19,20.0,0,1,0,1,0,0,0,0,0,0,0,1,14.88,0,1,0,0,0,0,0,0,0,0,0,0
Ethan Igbanugo,North Dakota,2018-19,0.0,4,13,3,12,2,3,5,2,2,1,4,2,19.73,2,7,1,4,0,1,0,1,0,1,2,3
Ethan Kay,,2018-19,16.53,4,16,4,16,0,0,2,1,0,0,0,0,0.0,5,14,4,13,0,0,2,2,1,0,3,0
Ethan Lasko,Manhattan,2018-19,0.0,0,3,0,2,1,2,0,0,0,0,2,1,14.77,0,1,0,1,0,0,1,0,0,1,2,4
Ethan Liest,Kentucky Christian,2018-19,20.0,2,2,1,1,0,0,0,0,0,0,1,1,14.95,1,1,0,0,0,0,0,0,0,0,0,0
Ethan Linder,Findlay,2018-19,20.0,1,2,1,2,0,0,1,0,0,0,1,2,14.83,0,0,0,0,0,0,1,0,0,0,0,1
Ethan Rycenga,Northland College,2018-19,20.0,1,5,0,1,0,0,0,0,0,0,0,1,14.98,2,5,1,2,0,0,0,1,0,0,0,2
Ethan Smith,Florida College,2018-19,20.0,0,2,0,1,0,0,1,0,0,0,5,0,17.85,2,3,2,2,0,0,2,0,0,1,1,2
Ethan Snapp,Urbana,2018-19,20.0,0,5,0,2,0,0,1,0,0,1,0,0,14.88,0,3,0,2,2,2,1,0,0,0,1,0
Ethan Stair,Mercer,2018-19,20.0,67,126,34,62,14,19,22,22,2,19,57,13,19.07,53,121,17,58,45,56,15,25,3,21,61,16
Ethan Thompson,Oregon State,2018-19,20.0,56,142,17,57,35,45,63,17,9,20,52,37,17.18,62,127,17,44,71,88,47,8,4,17,59,36
Ethan Turner,Loyola New Orleans,2018-19,0.0,3,7,2,5,0,0,2,2,0,1,2,0,20.0,1,6,1,6,0,1,1,0,0,0,1,0
Ethan Wright,Princeton,2018-19,20.0,7,27,6,19,4,8,5,5,2,3,14,4,18.37,11,32,5,17,0,0,4,3,1,5,17,6
Eugene German,Northern Illinois,2018-19,20.0,99,215,42,108,22,32,39,22,2,6,60,36,20.0,112,213,35,82,52,76,43,13,3,9,69,33
Eugene Harvey III,Florida Memorial,2018-19,20.0,0,2,0,0,0,0,0,0,1,0,3,2,14.9,5,9,0,0,0,0,0,0,0,2,3,3
Eugene Harvey Iii,Florida Memorial,2018-19,20.0,6,9,0,2,1,2,0,1,1,2,5,0,15.3,2,6,0,0,0,0,0,0,0,3,3,2
Eugene Marshall III,Hampton,2018-19,20.0,0,3,0,2,2,2,0,0,0,0,0,0,14.98,3,5,2,3,0,0,0,1,0,1,1,1
Eugene Omoruyi,Rutgers,2018-19,20.0,59,157,5,26,30,43,31,9,3,29,57,41,14.58,76,152,8,18,56,78,35,8,4,33,77,26
Eugene Witherspoon,Chicago State,2018-19,0.0,3,12,0,1,0,0,1,2,4,1,15,8,14.78,6,11,0,1,7,13,2,1,0,6,10,3
Evan Adkins,Howard Payne,2018-19,20.0,1,1,1,1,0,0,0,1,0,0,1,1,14.97,0,0,0,0,2,2,0,0,0,0,0,2
Evan Anderson,Wesley,2018-19,20.0,8,21,5,15,6,7,0,2,0,2,2,4,14.75,4,8,1,2,3,4,0,1,0,1,3,2
Evan Battey,Colorado,2018-19,20.0,57,113,2,6,30,47,20,8,4,35,43,16,14.87,42,94,1,7,44,59,19,9,6,30,34,18
Evan Boudreaux,Purdue,2018-19,20.0,22,52,6,15,15,18,10,4,1,22,22,10,18.95,16,33,2,7,13,21,4,1,1,14,13,5
Evan Carcanagues,,2018-19,0.0,0,0,0,0,0,0,0,0,0,0,1,0,19.0,1,1,0,0,3,4,0,0,0,1,4,2
Evan Cole,Georgia Tech,2018-19,0.0,5,18,2,10,0,2,0,3,2,3,7,7,19.5,14,30,1,8,9,14,7,3,2,7,18,11
Evan Easton,,2018-19,0.0,0,0,0,0,0,0,0,0,0,1,0,0,0.0,0,0,0,0,0,0,0,0,0,0,0,0
Evan Fisher,Siena,2018-19,20.0,105,218,7,31,31,43,22,4,8,18,77,25,19.6,83,165,7,29,32,44,18,1,7,12,67,24
Evan Fitzner,Indiana,2018-19,20.0,21,54,10,33,2,4,5,6,2,6,20,7,14.95,13,33,6,16,5,8,7,3,1,9,22,4
Evan Fosha,Pfeiffer,2018-19,20.0,0,1,0,1,0,0,0,0,0,0,1,0,14.9,0,0,0,0,0,0,0,0,0,0,2,1
Evan Galindo,,2018-19,0.0,0,0,0,0,0,0,0,0,0,0,1,0,0.0,0,0,0,0,0,0,0,0,0,0,0,0
Evan Gilyard,UTEP,2018-19,20.0,54,151,28,75,30,42,29,11,0,8,44,31,14.8,53,140,23,67,49,65,15,7,0,13,16,25
Evan Goldberg,Queens College,2018-19,20.0,1,3,0,1,1,3,0,0,0,1,3,1,14.98,1,2,0,1,0,2,0,0,0,0,0,0
Evan Hall,IUPUI,2018-19,20.0,66,139,0,0,7,31,27,9,20,37,41,34,20.0,53,94,0,1,15,47,20,13,15,29,62,22
Evan Hinson,South Carolina,2018-19,20.0,4,21,1,12,6,7,2,1,0,5,4,6,17.63,1,7,0,5,0,0,0,2,0,0,5,1
Evan Kuhlman,Evansville,2018-19,20.0,33,87,17,56,4,5,18,8,5,3,43,15,14.98,33,85,14,47,13,14,20,11,6,7,38,16
Evan Leonard,UC Irvine,2018-19,20.0,55,118,31,73,17,21,30,23,2,4,39,17,20.0,41,96,20,50,53,61,18,20,2,5,26,21
Evan Ragsdale,Trevecca Nazarene,2018-19,20.0,2,6,2,6,0,0,0,0,0,0,3,2,14.9,1,4,0,3,0,0,0,0,0,0,1,2
Evan Sigler,Birmingham-Southern,2018-19,0.0,0,0,0,0,0,0,0,0,0,0,0,0,14.97,0,1,0,0,0,0,0,0,0,0,0,1
Evan Suppa,Oberlin College,2018-19,20.0,1,1,1,1,0,0,0,0,0,0,0,0,16.35,0,0,0,0,0,0,0,0,0,0,0,0
Evan Wang,Hood College,2018-19,20.0,1,6,1,4,0,1,2,1,0,0,3,2,17.83,1,4,1,3,0,0,1,0,0,1,2,2
Evan Wieck,Navy,2018-19,20.0,58,83,0,0,21,32,13,9,6,51,33,15,17.65,46,71,0,0,30,48,15,4,1,35,36,22
Evan Wiley,Alabama A&M,2018-19,0.0,18,55,7,26,4,7,4,6,2,12,13,12,17.73,22,58,13,34,0,0,9,7,1,5,24,16
Evansville,,2018-19,0.0,0,0,0,0,0,0,0,0,0,16,29,6,0.0,0,0,0,0,0,0,0,0,0,12,19,3
Everett Duncan,Vermont,2018-19,20.0,30,70,18,49,11,13,14,7,2,7,50,8,20.0,17,45,11,31,26,30,8,7,6,3,31,8
Everette Hammond,South Carolina Upstate,2018-19,20.0,20,69,9,26,6,6,20,8,0,4,22,15,19.2,25,74,10,31,19,25,18,7,1,2,22,7
Everson Davis,Binghamton,2018-19,20.0,33,88,7,18,11,17,20,21,1,15,32,14,20.0,21,58,2,15,15,24,14,6,0,11,26,14
Exavian Christon,Louisiana Tech,2018-19,20.0,13,24,4,12,4,4,6,3,0,1,8,8,20.0,7,15,2,6,4,5,2,1,0,3,8,4
Eyassu Worku,UC Irvine,2018-19,20.0,36,101,9,26,11,14,27,5,0,7,29,30,20.0,30,80,4,19,16,24,35,7,0,5,26,19
Eze Dike,Yale,2018-19,0.0,0,0,0,0,0,0,0,0,0,0,0,0,20.0,1,1,1,1,0,0,0,0,0,0,1,0
Eze Elochukwu,SE Missouri St,2018-19,5.73,0,0,0,0,0,1,0,0,0,1,1,0,20.0,1,1,0,0,2,2,0,0,0,2,2,1
Ezekiel Balogun,North Florida,2018-19,0.0,18,38,3,8,1,4,1,5,5,12,26,17,20.0,23,43,4,11,4,12,2,8,6,20,20,12
Ezekiel Charles,New Orleans,2018-19,20.0,50,118,23,62,14,23,17,12,7,12,50,14,14.87,46,100,19,52,28,34,19,11,6,18,47,14
Ezekiel Richards,Santa Clara,2018-19,20.0,7,15,0,0,5,8,0,4,1,5,9,6,20.0,3,8,0,0,4,6,1,0,1,8,8,5
Fabian Arciniega,Holy Names,2018-19,0.0,0,0,0,0,0,0,0,0,0,0,0,0,17.73,1,3,0,0,0,0,0,0,0,1,2,1
Fabian White Jr,Houston,2018-19,20.0,0,0,0,0,0,0,3,0,0,0,0,0,16.0,0,0,0,0,0,0,4,0,0,0,0,0
Fabian White Jr.,Houston,2018-19,20.0,46,97,0,0,18,24,8,4,7,33,41,21,20.0,34,74,0,1,27,43,7,10,12,29,24,12
Fahim Jenneto,Delaware State,2018-19,20.0,21,45,8,19,2,3,4,2,1,8,17,10,15.88,7,24,4,13,4,8,5,1,4,3,10,8
Fahmmi Mamo,South Carolina State,2018-19,0.0,0,0,0,0,0,0,0,0,0,0,0,0,20.0,0,1,0,0,0,0,0,0,0,1,0,0
Fairfield,,2018-19,0.0,0,0,0,0,0,0,0,0,0,28,17,3,0.0,0,0,0,0,0,0,0,0,0,18,14,7
Fairleigh Dickinson,,2018-19,0.0,0,0,0,0,0,0,0,0,0,31,32,10,0.0,0,0,0,0,0,0,0,0,0,20,22,6
Faite Williams,Prairie View A&M,2018-19,20.0,1,4,0,1,0,0,0,0,0,1,0,1,19.42,0,1,0,0,0,0,0,0,0,1,3,3
Fallou Ndoye,Santa Clara,2018-19,20.0,1,6,0,0,1,2,2,0,3,1,7,5,20.0,0,3,0,0,0,1,0,0,1,1,0,0
Fardaws Aimaq,Mercer,2018-19,20.0,35,62,0,0,12,25,5,2,11,32,41,21,19.07,26,53,1,1,7,19,2,4,8,29,36,15
Faris Varlasevic,Lyon,2018-19,20.0,1,3,0,0,0,0,1,1,0,0,1,0,18.78,0,1,0,0,0,0,0,0,0,0,1,0
Fatodd Lewis,UT Martin,2018-19,20.0,28,70,7,25,19,33,11,9,3,24,26,11,17.88,31,67,2,15,14,19,4,5,3,11,25,17
Fatts Russell,Rhode Island,2018-19,20.0,78,207,20,82,30,40,63,28,6,9,40,23,20.0,52,168,15,70,61,79,39,19,2,3,20,42
Fausto Pichardo,Alabama State,2018-19,20.0,37,46,1,1,14,27,6,9,16,20,26,21,14.63,14,32,1,1,13,26,8,7,7,20,16,12
Fayetteville St,,2018-19,0.0,0,0,0,0,0,0,0,0,0,2,1,2,0.0,0,0,0,0,0,0,0,0,0,0,0,0
Federico Gallinari,Rochester College,2018-19,20.0,1,2,1,1,0,0,0,0,0,0,0,0,20.0,1,6,0,3,2,2,0,0,0,1,0,0
Federico Poser,Elon,2018-19,20.0,18,34,0,0,9,20,10,3,3,15,18,22,20.0,21,40,0,0,17,29,17,3,6,11,33,18
Felipe Haase,South Carolina,2018-19,20.0,32,76,15,38,20,24,19,7,6,22,41,32,19.2,28,72,17,41,23,27,15,6,3,21,35,16
Felix Lemetti,Fairfield,2018-19,20.0,21,65,18,52,3,7,10,5,1,3,10,7,20.0,19,48,14,40,2,3,9,4,0,0,11,5
Femi Olujobi,DePaul,2018-19,20.0,82,138,8,18,57,80,17,7,6,34,58,33,14.92,75,122,6,15,58,84,18,11,4,30,61,29
Feron Hunt,SMU,2018-19,20.0,44,83,5,17,16,24,7,16,16,27,76,23,19.02,43,75,2,12,17,25,14,8,12,26,55,20
Ferontay Banks,Wiley,2018-19,20.0,2,5,2,2,0,0,3,0,0,2,3,1,20.0,3,5,2,4,0,1,3,3,0,2,0,1
Filip Fullerton,Portland State,2018-19,20.0,1,2,0,0,0,0,0,1,0,0,2,0,14.73,1,3,0,0,0,0,0,0,0,1,0,0
Filip Leskovar,Lenoir Rhyne,2018-19,0.0,0,0,0,0,0,0,0,1,0,0,0,0,14.97,0,1,0,0,0,0,0,0,0,0,3,0
Filip Petrusev,Gonzaga,2018-19,20.0,22,46,3,13,18,24,5,1,7,10,26,7,14.48,23,34,2,6,25,27,3,2,2,5,17,7
Filip Rebraca,North Dakota,2018-19,20.0,44,88,10,19,9,17,11,5,13,20,57,19,20.0,42,70,1,8,14,25,4,8,8,21,48,15
Filipe Goncalves,Truett-McConnell,2018-19,20.0,1,4,0,0,0,0,0,0,0,0,0,2,16.18,4,8,0,2,2,3,0,0,0,1,1,2
Findlay,,2018-19,0.0,0,0,0,0,0,0,0,0,0,0,1,0,0.0,0,0,0,0,0,0,0,0,0,1,0,0
Finn Sullivan,San Diego,2018-19,20.0,15,44,7,25,10,10,7,8,2,4,23,5,14.93,25,57,12,32,20,24,7,6,3,7,21,8
Fisher Gates,Colorado College,2018-19,20.0,0,1,0,0,0,0,0,0,0,0,0,0,14.93,0,0,0,0,0,0,0,0,0,0,0,0
Fisk,,2018-19,0.0,0,0,0,0,0,0,0,0,0,0,4,0,0.0,0,0,0,0,0,0,0,0,0,1,1,0
Fletcher Magee,Wofford,2018-19,20.0,98,229,64,163,35,36,22,15,1,6,38,23,18.38,91,219,66,163,52,55,25,7,1,4,31,22
Fletcher Tynen,Boston University,2018-19,20.0,13,37,2,11,4,8,4,1,0,9,26,10,20.0,15,23,2,5,10,18,4,5,2,4,15,7
Flo Thamba,Baylor,2018-19,0.0,7,15,0,0,2,9,8,1,10,12,10,14,20.0,6,13,0,0,9,14,2,3,8,12,24,7
Florida,,2018-19,0.0,0,0,0,0,0,0,0,0,0,28,32,11,0.0,0,0,0,0,0,0,0,0,0,26,22,12
Florida A&M,,2018-19,0.0,0,0,0,0,0,0,0,0,0,13,15,16,0.0,0,0,0,0,0,0,0,0,0,17,16,5
Florida Atlantic,,2018-19,0.0,0,0,0,0,0,0,0,0,0,3,5,1,0.0,0,0,0,0,0,0,0,0,0,5,4,2
Florida College,,2018-19,0.0,0,0,0,0,0,0,0,0,0,0,1,0,0.0,0,0,0,0,0,0,0,0,0,0,1,0
Florida Gulf Coast,,2018-19,0.0,0,0,0,0,0,0,0,0,0,14,25,8,0.0,0,0,0,0,0,0,0,0,0,13,16,1
Florida Inst Of Tech,,2018-19,0.0,0,0,0,0,0,0,0,0,0,2,1,0,0.0,0,0,0,0,0,0,0,0,0,2,1,1
Florida International,,2018-19,0.0,0,0,0,0,0,0,0,0,0,23,24,3,0.0,0,0,0,0,0,0,0,0,0,31,25,1
Florida Memorial,,2018-19,0.0,0,0,0,0,0,0,0,0,0,2,1,0,0.0,0,0,0,0,0,0,0,0,0,1,0,0
Florida National,,2018-19,0.0,0,0,0,0,0,0,0,0,0,0,2,0,0.0,0,0,0,0,0,0,0,0,0,1,1,0
Florida State,,2018-19,0.0,0,0,0,0,0,0,0,0,0,20,27,4,0.0,0,0,0,0,0,0,0,0,0,28,25,5
Flynn Cameron,DePaul,2018-19,0.0,9,19,5,9,2,4,10,5,0,2,9,11,14.92,5,15,1,8,2,2,10,4,0,5,9,4
Foday Sankaray,Bethel (TN),2018-19,20.0,1,5,0,2,0,0,0,0,0,0,0,0,14.92,0,2,0,0,1,2,2,0,0,1,2,0
Fordham,,2018-19,0.0,0,0,0,0,0,0,0,0,0,17,19,7,0.0,0,0,0,0,0,0,0,0,0,23,24,3
Fort Valley State,,2018-19,0.0,0,0,0,0,0,0,0,0,0,1,0,1,0.0,0,0,0,0,0,0,0,0,0,0,0,0
Fort Wayne,,2018-19,0.0,0,0,0,0,0,0,0,0,0,0,4,0,0.0,0,0,0,0,0,0,0,0,0,1,0,0
Foster Clark,Misericordia,2018-19,20.0,1,2,0,0,0,0,0,1,0,1,1,2,14.78,1,2,0,0,1,2,0,0,0,2,1,0
Foster Loyer,Michigan State,2018-19,0.0,7,19,4,15,9,9,15,2,0,1,6,9,20.0,7,18,2,9,1,2,7,1,0,0,5,7
Foul on Gavin,,2018-19,0.0,0,0,0,0,0,0,0,0,19,0,0,0,0.0,0,0,0,0,0,0,0,0,23,0,0,0
Foul on Nicholas,,2018-19,0.0,0,0,0,0,0,0,0,0,2,0,0,0,0.0,0,0,0,0,0,0,0,0,1,0,0,0
Foul on Ryan Schmadel.,SUNY-Cortland,2018-19,0.0,0,0,0,0,0,0,0,0,0,0,0,0,14.92,1,1,0,0,0,0,0,0,0,0,0,0
Foul on Solomon Iluyomade.,,2018-19,0.0,0,0,0,0,0,0,0,0,0,0,0,0,5.88,1,1,0,0,0,0,0,0,0,0,0,0
Francis Alonso,UNC Greensboro,2018-19,20.0,85,203,48,119,60,66,37,16,3,6,32,35,20.0,71,173,32,96,72,85,41,16,2,10,31,46
Francis L?Cis,Oral Roberts,2018-19,20.0,0,1,0,0,0,0,1,0,0,0,1,1,20.0,0,1,0,1,0,0,0,0,0,0,0,0
Francis Lacis,Oral Roberts,2018-19,20.0,11,24,8,20,0,1,2,2,2,3,18,9,14.78,9,25,7,17,2,5,4,3,0,6,5,7
Francis Lcis,,2018-19,0.0,0,0,0,0,0,0,0,0,0,1,2,0,7.1,1,4,0,3,0,1,0,0,0,0,1,1
Francis Okoro,Oregon,2018-19,20.0,25,55,0,0,8,21,5,5,7,20,27,13,20.0,13,25,0,0,8,16,1,2,11,21,29,11
Francisco Amiel,Colgate,2018-19,15.52,14,38,10,29,1,2,18,10,0,6,20,14,20.0,16,45,11,34,11,13,26,17,0,10,24,11
Francois Lewis,Presbyterian,2018-19,20.0,98,202,50,115,29,44,28,12,1,18,63,26,19.8,76,176,29,88,53,69,27,14,5,20,73,23
Frank Bertz,UCF,2018-19,20.0,14,38,13,32,0,0,8,7,1,6,15,7,17.3,13,38,10,26,5,7,4,9,0,8,7,3
Frank Byers,,2018-19,0.0,0,0,0,0,0,0,0,0,0,0,0,0,0.0,0,0,0,0,0,0,0,0,0,0,0,1
Frank Howard,Syracuse,2018-19,20.0,49,126,31,82,12,15,40,27,1,5,22,28,14.97,37,110,20,66,16,22,44,15,3,5,24,31
Frank Reali,St. Joseph's (NY-Brooklyn),2018-19,20.0,1,11,0,6,2,2,2,0,0,0,2,2,14.9,4,8,2,6,0,0,0,1,0,0,0,0
Frankie Ferrari,San Francisco,2018-19,20.0,37,98,15,46,11,13,48,9,0,1,25,17,14.78,54,122,27,65,36,40,54,18,0,3,33,22
Frankie Hughes,Duquesne,2018-19,20.0,46,140,33,109,15,21,18,13,4,11,33,18,17.78,49,133,40,110,10,20,28,19,4,8,17,20
Frankie Policelli,Dayton,2018-19,20.0,4,10,3,7,0,2,4,2,0,0,3,3,20.0,0,3,0,2,0,0,2,0,0,1,1,1
Franklin Agunanne,Loyola Chicago,2018-19,0.0,12,23,0,0,4,4,0,3,7,5,22,14,14.6,5,13,0,0,6,11,2,2,6,1,14,6
Franklin Porter,Portland,2018-19,20.0,28,72,11,34,9,15,23,8,4,2,46,27,17.95,19,53,8,30,18,22,19,12,3,4,43,15
Fred Patterson,Johnson & Wales (NC),2018-19,0.0,0,2,0,2,0,0,1,0,0,1,0,3,14.85,1,5,1,3,2,2,2,0,0,1,0,1
Fred Slater,South Carolina State,2018-19,0.0,3,11,1,8,1,1,0,2,0,2,2,1,14.83,4,9,3,8,0,0,3,2,0,0,2,1
Fred Thatch Jr,Saint Louis,2018-19,20.0,0,0,0,0,0,0,10,0,0,0,0,0,20.0,0,0,0,0,0,0,11,0,0,0,0,0
Fred Thatch Jr.,Saint Louis,2018-19,19.98,26,69,9,34,13,21,2,14,9,22,25,14,20.0,23,62,9,26,18,29,3,9,3,17,24,13
Freddie Gillespie,Baylor,2018-19,19.98,26,43,0,0,2,8,1,9,10,19,26,10,20.0,24,38,0,0,15,23,6,8,14,31,22,14
Freddy Brown III,Montana,2018-19,0.0,0,0,0,0,0,0,0,0,0,0,0,0,14.78,0,0,0,0,1,2,0,0,0,0,0,0
Frederick Scott,Rider,2018-19,20.0,54,118,17,39,39,62,19,11,2,18,59,23,15.65,53,111,9,30,57,81,20,12,8,25,59,21
Fredric Devoe,Governors State,2018-19,20.0,0,3,0,2,0,0,2,0,0,1,1,1,14.72,1,1,0,0,0,0,0,0,0,0,1,1
Fresno State,,2018-19,0.0,0,0,0,0,0,0,0,0,0,21,14,4,0.0,0,0,0,0,0,0,0,0,0,17,15,5
Fritz Lucien,Mississippi Valley State,2018-19,20.0,0,2,0,2,0,0,0,0,0,0,2,2,14.77,3,6,0,1,1,1,2,2,0,1,2,2
Frostburg State,,2018-19,0.0,0,0,0,0,0,0,0,0,0,0,2,0,0.0,0,0,0,0,0,0,0,0,0,0,2,0
Furman,,2018-19,0.0,0,0,0,0,0,0,0,0,0,22,31,6,0.0,0,0,0,0,0,0,0,0,0,13,21,2
Gabe Brown,Michigan State,2018-19,20.0,11,29,10,25,3,3,1,1,3,5,18,1,14.8,4,14,2,9,2,4,2,1,1,2,6,1
Gabe Kalscheur,Minnesota,2018-19,20.0,51,130,35,86,19,23,20,12,4,11,22,17,18.18,46,102,30,74,22,31,10,9,7,7,19,11
Gabe McGlothan,SE Missouri St,2018-19,0.0,31,75,9,25,1,3,15,7,7,20,52,15,18.57,44,85,7,21,20,30,5,7,7,24,57,19
Gabe Merete,,2018-19,0.0,0,0,0,0,0,0,0,0,0,0,0,1,0.0,0,0,0,0,0,0,0,0,0,0,0,0
Gabe Miller,Pfeiffer,2018-19,20.0,2,6,1,3,0,0,0,0,0,0,0,2,14.9,0,1,0,0,0,0,0,0,0,1,0,0
Gabe Osabuohien,Arkansas,2018-19,20.0,22,66,5,19,10,24,25,16,10,19,28,25,17.92,14,41,1,9,11,19,15,12,3,22,25,12
Gabe Stefanini,Columbia,2018-19,20.0,60,143,20,46,12,17,56,18,2,5,63,38,20.0,73,162,17,44,44,56,52,19,0,11,58,45
Gabe Watson,Southern Miss,2018-19,20.0,28,71,15,44,4,6,18,4,0,7,23,13,14.82,21,58,7,33,7,11,13,1,2,10,20,11
Gaber Ozegovic,,2018-19,7.25,2,5,1,4,0,0,1,1,0,2,2,2,0.0,2,4,2,4,1,2,0,0,0,0,2,1
Gabriel Divic,Harding,2018-19,20.0,3,10,3,7,2,2,0,0,0,1,1,2,14.85,6,11,4,9,0,0,0,0,0,0,3,0
Gabriel Gyamfi,Maryland-Eastern Shore,2018-19,20.0,24,38,1,2,10,12,16,2,5,20,44,18,14.87,28,49,2,5,22,30,11,8,1,31,44,26
Gabriel Gyamnfi,,2018-19,17.2,1,2,0,1,0,0,0,0,0,0,1,0,0.0,0,2,0,0,1,2,0,0,0,2,3,1
Gabriel Hicks,CSU Dominguez Hills,2018-19,20.0,0,1,0,1,2,2,1,0,0,0,0,2,14.88,4,10,3,7,0,0,1,1,1,1,6,4
Gabriel Lemon,Bethesda,2018-19,20.0,6,9,0,0,2,2,0,0,0,1,5,3,17.1,2,8,0,0,2,5,1,1,3,4,9,3
Gabriel Mendes,Westcliff,2018-19,20.0,3,4,0,1,0,0,0,0,0,0,1,0,14.82,1,1,1,1,0,0,0,0,2,0,0,0
Gabriel Mendez,Westcliff,2018-19,20.0,1,4,1,4,0,0,1,0,3,0,2,1,14.68,3,5,1,2,0,0,1,1,1,0,0,0
Gabriel Portillo,Cedarville,2018-19,20.0,0,1,0,1,0,0,0,0,0,0,1,0,14.92,0,0,0,0,0,0,1,0,0,0,1,0
Gabriel Steele,Florida A&M,2018-19,20.0,0,3,0,3,0,0,1,1,0,0,0,0,19.17,0,0,0,0,0,0,0,0,0,0,0,0
Gage Henry,Covenant,2018-19,0.0,0,0,0,0,0,0,0,0,0,0,0,0,14.97,0,1,0,0,0,0,1,0,0,0,0,0
Gairges Daow,Northern Illinois,2018-19,11.58,12,35,3,18,0,1,5,2,1,10,28,14,20.0,14,27,2,6,3,5,10,1,2,5,17,5
Galen Robinson Jr,Houston,2018-19,20.0,0,0,0,0,0,0,43,0,0,0,0,0,19.75,0,0,0,0,0,0,34,0,0,0,0,0
Galen Robinson Jr.,Houston,2018-19,20.0,54,117,16,38,19,31,55,23,1,8,51,36,19.75,44,103,11,37,36,50,41,25,2,9,39,25
Galin Smith,Alabama,2018-19,20.0,35,56,0,0,9,20,2,2,6,17,21,19,15.05,9,29,0,0,10,21,1,1,7,11,15,9
Gamaun Boykin,Central Washington,2018-19,20.0,1,4,0,1,0,0,2,1,0,0,4,0,17.97,0,2,0,0,0,1,3,0,0,0,1,1
Ganlandou Cisse,LIU Brooklyn,2018-19,20.0,6,9,0,0,5,8,0,1,3,5,13,4,20.0,1,1,0,0,0,4,0,1,1,1,0,0
Gardner-Webb,,2018-19,0.0,0,0,0,0,0,0,0,0,0,19,30,0,0.0,0,0,0,0,0,0,0,0,0,17,24,2
Garfield Brown,Mid-Atlantic Christian University,2018-19,20.0,1,6,0,0,2,2,3,3,1,1,2,2,14.83,1,4,0,1,0,0,1,0,0,1,3,2
Garren Dearman,Methodist,2018-19,20.0,0,5,0,2,0,0,1,1,0,1,0,3,14.9,0,1,0,1,0,0,1,0,0,0,0,0
Garret Parks,Wisconsin-Stout,2018-19,20.0,0,2,0,0,2,2,0,0,0,1,1,1,14.93,0,0,0,0,0,0,0,0,0,1,0,0
Garrett Covington,Youngstown St,2018-19,20.0,59,136,19,50,12,17,24,15,4,16,40,21,15.87,51,131,9,33,27,39,14,17,1,28,31,13
Garrett Gilkeson,VMI,2018-19,20.0,47,109,23,53,21,27,39,17,1,16,59,19,14.72,42,104,12,34,27,32,33,20,2,29,54,18
Garrett Golday,Tennessee Tech,2018-19,20.0,27,55,7,15,8,12,3,3,9,17,13,7,17.75,14,40,1,12,3,5,5,4,4,8,14,7
Garrett Jackson,St. Francis (ILL),2018-19,20.0,0,1,0,0,0,0,0,0,0,0,0,1,18.75,0,0,0,0,0,0,0,0,0,0,0,0
Garrett Luinstra,Kansas,2018-19,0.0,0,0,0,0,0,0,0,0,0,0,0,0,20.0,0,0,0,0,0,0,1,0,0,0,0,0
Garrett Pascoe,Boston University,2018-19,20.0,15,40,6,19,2,3,23,5,1,1,13,11,20.0,10,37,4,24,5,8,23,4,1,0,12,13
Garrett Sams,North Florida,2018-19,20.0,58,158,31,99,41,51,39,23,6,21,57,55,20.0,62,148,31,75,49,63,36,18,0,14,48,42
Garrett Sittner,Buena Vista,2018-19,20.0,3,9,3,8,0,0,2,2,0,0,4,0,14.58,1,6,1,4,3,5,0,0,0,2,2,1
Garrett Sturtz,Drake,2018-19,20.0,23,51,5,14,12,16,13,13,0,8,25,17,20.0,27,44,2,8,27,32,17,9,3,5,32,13
Garrett Suedekum,Belmont,2018-19,20.0,0,0,0,0,1,2,0,0,1,0,3,1,14.82,1,2,1,1,0,0,1,1,0,0,1,0
Garrett Woodmansee,Webber International,2018-19,20.0,4,5,2,3,0,0,0,0,0,0,2,0,15.82,1,1,1,1,1,2,0,0,0,0,4,0
Garrick Sherrod,Eastern New Mexico,2018-19,0.0,0,0,0,0,2,2,0,0,0,0,0,0,20.0,0,0,0,0,0,2,0,0,0,0,0,0
Garriott Jones,Johnson University (FL),2018-19,0.0,1,8,0,3,5,5,0,0,0,0,2,2,14.95,2,14,0,3,2,2,2,5,0,3,2,2
Garrison Brooks,North Carolina,2018-19,20.0,52,97,0,0,11,21,8,7,7,34,66,14,18.38,55,87,0,0,35,50,29,8,9,37,45,13
Garrison Goode,UC Davis,2018-19,20.0,37,59,0,0,28,36,14,13,12,25,23,22,14.78,18,31,0,0,16,27,15,13,7,22,23,13
Garrison Mathews,Lipscomb,2018-19,20.0,102,220,50,120,52,60,29,13,6,13,72,43,20.0,80,193,44,113,95,109,31,13,0,9,70,29
Garrison Wade,Dartmouth,2018-19,20.0,0,1,0,1,0,0,0,1,0,1,0,1,15.38,1,1,0,0,0,0,1,0,0,0,1,0
Gary Bishop,LaGrange College,2018-19,20.0,1,2,1,1,0,0,0,1,0,0,0,0,14.93,3,8,1,3,0,0,1,1,0,2,3,1
Gary Blackston,Prairie View A&M,2018-19,20.0,71,163,17,56,42,73,28,28,3,18,75,30,18.3,69,165,22,60,64,95,21,20,3,31,68,27
Gary Chivichyan,Idaho State,2018-19,20.0,42,93,32,74,10,11,6,5,0,2,27,10,14.48,38,92,28,73,8,13,4,3,0,2,17,10
Gavin,,2018-19,0.0,0,0,0,0,0,0,0,0,137,0,0,0,0.0,0,0,0,0,0,0,0,0,146,0,0,0
Gavin Baxter,BYU,2018-19,20.0,25,40,0,2,8,16,3,2,17,14,23,7,17.82,26,37,1,3,10,19,3,3,12,13,27,4
Gavin Bizeau,Duquesne,2018-19,20.0,6,19,3,12,4,7,1,1,4,4,7,4,20.0,2,9,0,3,3,4,0,0,0,1,1,2
Gavin Block,Ohio,2018-19,20.0,20,63,16,50,9,16,39,11,0,5,23,16,14.93,29,72,21,58,11,16,23,10,0,4,22,21
Gavin Brown,Shawnee State,2018-19,20.0,2,7,2,5,0,0,0,1,0,0,0,0,16.33,3,5,3,4,0,0,0,0,0,0,0,1
Gavin Peppers,Nicholls,2018-19,20.0,45,124,29,81,20,23,31,7,1,9,33,30,14.97,48,109,21,50,47,50,17,14,1,5,20,26
Gavin Spinks,Johnson & Wales (CO),2018-19,20.0,0,3,0,0,0,2,0,1,0,0,1,3,14.58,2,5,0,0,0,0,0,0,0,1,0,1
Gavin Thomas,Centenary,2018-19,20.0,1,1,0,0,0,0,0,0,0,0,2,2,14.95,0,0,0,0,0,0,0,0,0,0,0,0
Gene Davis,Alabama State,2018-19,20.0,6,14,3,7,4,4,10,1,0,1,7,10,14.63,2,8,1,6,0,2,6,1,0,2,5,10
Geno Crandall,Gonzaga,2018-19,20.0,15,45,4,21,7,8,26,16,2,3,23,21,14.48,23,41,8,16,17,24,23,11,0,2,17,12
Geno West,Idaho,2018-19,20.0,25,61,9,32,9,13,24,11,0,0,20,18,20.0,20,47,11,28,15,18,16,6,0,2,15,19
Geo Baker,Rutgers,2018-19,20.0,68,166,33,84,10,16,49,22,8,3,42,47,14.58,57,185,25,88,48,60,73,28,8,3,47,42
Geoffrey Gray,Emerson College,2018-19,20.0,1,5,0,2,0,0,1,0,0,0,2,1,14.78,4,9,0,2,0,0,1,2,0,2,2,1
George Blagojevic,Hartford,2018-19,20.0,91,166,2,11,31,53,24,17,12,38,92,46,20.0,82,146,4,17,41,73,34,16,15,41,65,35
George Conditt IV,Iowa State,2018-19,0.0,7,13,0,0,6,12,1,4,10,10,9,4,14.63,9,13,0,0,6,8,1,2,10,7,9,8
George Kiernan,Navy,2018-19,20.0,59,168,25,80,31,33,21,6,6,20,56,27,17.65,60,139,26,71,33,40,11,12,4,17,58,20
George Mason,,2018-19,0.0,0,0,0,0,0,0,0,0,0,27,26,6,0.0,0,0,0,0,0,0,0,0,0,28,22,9
George Mawanda-Kalema,Brown,2018-19,20.0,25,44,12,25,3,3,4,7,0,1,26,8,20.0,17,47,1,15,10,13,5,1,0,7,9,4
George Nehma,,2018-19,0.0,0,0,0,0,0,0,0,0,0,0,0,1,0.0,0,0,0,0,0,0,0,0,0,0,0,0
George Papas,Monmouth,2018-19,20.0,4,22,2,18,1,2,4,7,1,0,3,1,17.9,6,16,5,12,2,4,2,2,0,0,3,2
George Washington,,2018-19,0.0,0,0,0,0,0,0,0,0,0,16,21,6,0.0,0,0,0,0,0,0,0,0,0,21,16,6
Georges Darwiche,Siena,2018-19,20.0,8,21,6,16,1,2,6,2,0,1,5,9,19.6,3,14,1,9,4,4,8,2,0,3,1,8
Georges Dorvilien,Webber International,2018-19,0.0,0,0,0,0,0,0,0,0,0,0,0,0,16.9,0,1,0,0,0,0,0,0,0,0,1,0
Georgetown,,2018-19,0.0,0,0,0,0,0,0,0,0,0,41,31,3,0.0,0,0,0,0,0,0,0,0,0,30,29,6
Georgia,,2018-19,0.0,0,0,0,0,0,0,0,0,0,30,35,11,0.0,0,0,0,0,0,0,0,0,0,26,21,5
Georgia College,,2018-19,0.0,0,0,0,0,0,0,0,0,0,1,1,0,0.0,0,0,0,0,0,0,0,0,0,2,0,0
Georgia Southern,,2018-19,0.0,0,0,0,0,0,0,0,0,0,24,24,4,0.0,0,0,0,0,0,0,0,0,0,26,23,1
Georgia State,,2018-19,0.0,0,0,0,0,0,0,0,0,0,24,35,5,0.0,0,0,0,0,0,0,0,0,0,19,19,2
Georgia Tech,,2018-19,0.0,0,0,0,0,0,0,0,0,0,34,25,10,0.0,0,0,0,0,0,0,0,0,0,36,37,9
Georgie Pacheco-Ortiz,Liberty,2018-19,20.0,32,75,17,41,22,23,43,14,3,3,21,18,14.9,40,81,21,42,22,28,34,9,0,3,21,11
Gerald Blackshear Jr,Detroit Mercy,2018-19,20.0,0,0,0,0,0,0,4,0,0,0,0,0,17.68,0,0,0,0,0,0,1,0,0,0,0,0
Gerald Blackshear Jr.,Detroit Mercy,2018-19,20.0,30,42,0,0,12,22,0,18,3,44,35,13,17.9,22,33,0,0,15,25,0,9,9,19,44,13
Gerald Liddell,Texas,2018-19,0.0,4,6,2,3,0,0,0,0,1,3,2,1,17.98,1,7,0,4,0,0,0,0,2,4,1,3
Gerard Andrus,Prairie View A&M,2018-19,20.0,68,142,2,5,13,19,13,17,11,35,50,14,18.3,58,121,0,1,26,34,16,16,5,28,52,19
Gerard Martin,Grand Canyon,2018-19,20.0,9,18,7,12,3,4,12,6,3,1,16,9,20.0,14,31,4,15,1,2,12,8,3,7,19,8
Gerrale Gates,New Orleans,2018-19,20.0,44,98,0,2,30,49,31,12,8,26,56,29,14.87,43,93,1,1,43,60,20,10,8,18,44,19
Gerron Scissum,Alabama A&M,2018-19,20.0,26,74,1,5,13,19,13,7,4,22,34,26,14.8,38,78,2,11,13,25,12,6,7,19,34,27
Gerry Milligan,Midway,2018-19,20.0,0,6,0,1,1,2,7,2,0,1,3,2,14.8,0,1,0,0,1,2,3,2,0,0,2,5
Gevon Arrington,Lincoln PA,2018-19,20.0,0,2,0,1,2,2,0,0,0,2,2,2,20.0,0,0,0,0,2,2,1,0,0,0,0,0
Gianpaolo Riccio,Ave Maria,2018-19,20.0,3,5,2,4,2,3,1,0,0,0,1,2,14.73,0,1,0,1,0,0,0,1,0,0,2,2
Gibson Berryhill,College of Idaho,2018-19,20.0,2,4,2,3,0,0,1,0,0,0,0,0,14.95,1,3,1,2,0,0,1,0,0,0,1,0
Giir Ring,Coppin State,2018-19,0.0,1,7,1,7,0,0,0,1,0,0,0,1,14.9,2,6,0,3,2,2,0,1,0,1,3,2
Gilles Dekoninck,UTEP,2018-19,20.0,6,15,1,4,3,14,1,4,0,4,6,9,14.8,4,8,1,4,2,5,2,0,1,4,4,3
Gintaras Bartaskas,St. Leo,2018-19,20.0,0,2,0,2,0,0,0,0,0,0,0,1,17.73,1,6,1,4,0,0,0,0,0,2,1,0
Gio Nelson,UC Davis,2018-19,0.0,0,1,0,1,0,0,0,0,0,0,2,0,14.78,2,5,1,4,0,0,0,0,0,1,0,2
Giorgi Bezhanishvili,Illinois,2018-19,20.0,80,153,3,16,30,44,13,7,11,38,57,44,14.98,83,145,3,15,36,58,14,15,15,39,39,35
Giovanni De Nicolao,,2018-19,3.0,42,122,13,43,14,19,55,26,3,11,61,34,0.0,47,113,10,35,24,37,58,17,4,11,54,31
Giovanni Offard,McKendree,2018-19,20.0,4,7,1,2,0,0,2,3,0,0,4,5,17.45,3,9,0,1,0,0,4,1,0,1,4,2
Glen O'Loughlin,New Rochelle,2018-19,20.0,1,3,0,1,0,0,1,0,1,1,1,1,14.75,2,2,0,0,2,5,0,0,0,1,0,0
Glenn Grover,Southeastern Baptist College,2018-19,20.0,1,7,0,2,0,0,0,1,0,0,0,1,14.82,1,2,0,0,0,0,1,0,0,0,0,1
Glenn Morison,California Baptist,2018-19,20.0,16,21,0,0,9,16,2,1,3,10,17,5,20.0,5,12,0,0,9,13,0,0,3,10,10,6
Glenn Sanabria,St. Francis (BKN),2018-19,20.0,69,173,34,90,9,20,46,22,3,14,32,31,14.93,66,184,26,84,41,65,33,22,8,12,38,23
Glenn Sims,Carver College,2018-19,0.0,0,0,0,0,0,0,0,0,0,0,0,0,14.95,1,3,0,0,0,0,0,0,0,1,1,1
Gligorije Rakocevic,Oregon State,2018-19,20.0,23,39,0,2,8,12,0,2,5,13,18,10,17.18,23,38,1,2,16,21,3,1,5,19,15,5
Glynn Watson Jr,Nebraska,2018-19,20.0,0,0,0,0,0,0,18,0,0,0,0,0,15.23,0,0,0,0,0,0,19,0,0,0,0,0
Glynn Watson Jr.,Nebraska,2018-19,20.0,77,193,32,85,8,12,24,22,2,7,62,25,15.23,75,169,35,88,41,51,37,15,2,7,50,20
Goanar Mar,George Mason,2018-19,20.0,11,44,4,27,2,4,5,4,3,12,18,8,20.0,10,28,7,17,4,6,9,4,2,6,14,6
Godwin Boahen,UIC,2018-19,20.0,69,161,40,106,21,25,45,17,6,10,45,29,18.38,58,136,30,84,28,32,43,12,3,7,29,33
Gojko Djokovic,Harding,2018-19,20.0,4,5,0,0,0,0,1,0,0,0,3,0,14.85,0,0,0,0,0,1,0,0,0,0,0,0
Gokul Srinivasaragavan,,2018-19,6.38,1,3,1,2,0,0,0,1,0,0,0,1,0.0,4,8,2,3,0,0,1,0,0,1,1,1
Gonzaga,,2018-19,0.0,0,0,0,0,0,0,0,0,0,26,33,1,0.0,0,0,0,0,0,0,0,0,0,21,21,5
Gonzalez Stefan,,2018-19,11.3,3,5,2,3,0,0,0,0,0,1,4,0,0.0,0,1,0,0,0,0,0,0,0,0,3,0
Gorg Alhag,Mayville State,2018-19,20.0,5,8,4,5,0,1,3,1,0,0,2,0,17.45,2,3,0,0,1,2,3,1,0,0,4,3
Goshen,,2018-19,0.0,0,0,0,0,0,0,0,0,0,1,1,0,0.0,0,0,0,0,0,0,0,0,0,1,0,0
Governors State,,2018-19,0.0,0,0,0,0,0,0,0,0,0,1,0,0,0.0,0,0,0,0,0,0,0,0,0,1,1,0
Grady Eifert,Purdue,2018-19,20.0,32,64,19,42,3,7,29,13,1,29,50,6,18.95,26,46,11,28,16,24,24,17,1,35,45,12
Grambling,,2018-19,0.0,0,0,0,0,0,0,0,0,0,15,15,2,0.0,0,0,0,0,0,0,0,0,0,19,12,3
Grand Canyon,,2018-19,0.0,0,0,0,0,0,0,0,0,0,20,25,2,0.0,0,0,0,0,0,0,0,0,0,37,17,6
Grant Anticevich,California,2018-19,20.0,18,37,6,15,0,0,3,5,3,10,22,12,19.05,10,25,3,9,2,2,6,2,3,9,9,2
Grant Basile,Wright State,2018-19,20.0,0,1,0,0,0,2,0,0,0,1,1,1,17.63,0,0,0,0,0,0,0,0,0,0,0,1
Grant Biesterfeld,,2018-19,0.0,0,0,0,0,0,0,0,0,0,0,0,0,0.0,0,0,0,0,0,0,0,2,0,1,0,0
Grant Fogerty,Arizona State,2018-19,0.0,0,0,0,0,0,0,0,0,0,0,0,0,19.9,1,1,0,0,0,0,0,0,0,0,0,0
Grant Golden,Richmond,2018-19,20.0,120,228,10,19,45,64,47,8,14,13,108,36,15.97,85,180,5,28,49,79,61,6,17,11,80,38
Grant Greabell,Sacramento State,2018-19,0.0,1,2,1,2,0,0,1,0,0,0,0,0,17.73,3,4,1,2,1,1,0,1,0,0,3,0
Grant Johnson,,2018-19,0.0,0,0,0,0,0,0,0,0,0,0,0,0,0.0,0,0,0,0,0,0,0,0,0,0,2,1
Grant Kramer,Southwest Minnesota State,2018-19,20.0,0,1,0,1,0,0,0,0,0,0,1,0,15.0,1,1,0,0,0,0,0,0,0,0,1,0
Grant Quinn,Tulane,2018-19,0.0,0,0,0,0,0,0,0,0,0,0,0,0,19.23,1,1,0,0,0,0,0,0,0,0,0,0
Grant Riller,Charleston,2018-19,20.0,116,212,22,62,49,63,54,21,2,3,41,23,19.8,114,221,16,57,75,92,65,15,0,15,42,42
Grant Weatherford,IUPUI,2018-19,20.0,34,69,10,16,10,15,44,23,2,9,39,26,17.87,33,66,1,8,41,53,31,14,2,12,31,22
Grant Williams,Tennessee,2018-19,20.0,112,208,7,28,91,112,54,23,26,29,90,43,14.97,100,168,8,16,102,125,53,18,27,42,84,35
Grant Zawadzki,Cedarville,2018-19,20.0,2,3,1,1,0,0,0,0,0,0,1,3,14.92,1,6,0,3,0,1,2,0,0,0,2,1
Grantham Gillard,Arkansas State,2018-19,20.0,40,105,26,78,11,15,11,8,2,15,72,17,17.83,34,82,24,59,20,31,13,14,3,8,45,11
Grayson Carter,Georgetown,2018-19,20.0,3,9,2,5,1,2,1,2,2,1,4,5,20.0,1,3,1,3,0,0,1,0,0,0,0,1
Grayson Murphy,Belmont,2018-19,20.0,48,102,10,32,5,8,92,14,1,11,42,28,17.27,48,91,12,26,15,26,70,22,2,6,39,20
Green Bay,,2018-19,0.0,0,0,0,0,0,0,0,0,0,27,44,2,0.0,0,0,0,0,0,0,0,0,0,27,34,1
Greenan Sullivan,Ave Maria,2018-19,0.0,0,0,0,0,0,0,0,1,0,0,0,2,14.73,3,5,1,2,0,0,0,0,0,0,1,4
Greensboro College,,2018-19,0.0,0,0,0,0,0,0,0,0,0,1,2,1,0.0,0,0,0,0,0,0,0,0,0,1,1,1
Greg Bloodsworth,Mid-Atlantic Christian University,2018-19,20.0,3,8,1,5,2,4,3,1,0,0,0,1,14.83,2,5,2,5,2,2,1,0,0,0,2,3
Greg Bloodworth,Mid-Atlantic Christian University,2018-19,20.0,1,7,0,4,0,0,0,0,0,0,0,1,14.98,1,4,1,3,0,1,2,1,0,0,0,1
Greg Bowie,,2018-19,0.57,2,8,1,3,0,0,0,0,0,1,1,2,0.0,1,2,0,1,2,2,2,1,0,0,1,2
Greg Bowie II,UT Rio Grande Valley,2018-19,20.0,43,107,22,62,12,16,18,9,1,3,23,29,20.0,36,94,24,60,26,33,13,4,1,4,31,20
Greg Bowie Ii,UT Rio Grande Valley,2018-19,20.0,1,1,0,0,4,4,0,0,0,0,0,1,19.93,2,3,1,2,3,5,1,0,0,0,4,1
Greg Brown,Southeastern Baptist College,2018-19,20.0,0,0,0,0,1,2,0,0,0,0,1,0,14.82,1,1,0,0,0,0,0,0,0,1,1,0
Greg Calixte,George Mason,2018-19,15.0,29,50,0,0,10,21,3,4,8,13,44,11,20.0,23,35,0,0,10,29,3,2,3,15,30,7
Greg Foster Jr,Gonzaga,2018-19,0.0,0,0,0,0,0,0,0,0,0,0,0,0,14.7,0,0,0,0,0,0,2,0,0,0,0,0
Greg Foster Jr.,Gonzaga,2018-19,20.0,0,2,0,2,1,2,2,1,0,0,3,1,14.48,0,2,0,1,0,0,2,0,0,0,2,1
Greg Heckstall,Hampton,2018-19,0.0,30,78,13,39,12,15,32,10,4,6,67,13,19.05,38,109,12,43,37,43,26,5,1,10,81,16
Greg Jones,James Madison,2018-19,20.0,20,55,4,15,9,11,8,9,5,19,34,15,14.88,14,27,1,12,11,13,6,6,7,13,24,14
Greg King,Niagara,2018-19,20.0,28,53,0,0,9,22,5,3,6,15,58,20,20.0,31,55,0,0,13,20,3,5,11,19,42,18
Greg Kuakumensah,Niagara,2018-19,20.0,6,21,2,7,5,7,1,8,2,6,27,9,20.0,7,15,3,7,10,10,1,2,2,3,17,6
Greg Lee,CSU Bakersfield,2018-19,20.0,39,87,10,27,5,7,15,3,2,19,32,15,20.0,20,51,2,11,4,4,9,1,4,14,30,19
Greg Malinowski,Georgetown,2018-19,20.0,21,51,10,33,5,9,26,9,0,6,36,16,17.87,35,74,23,53,24,27,37,4,1,9,45,18
Greg Parham,VMI,2018-19,20.0,23,75,14,43,0,1,31,9,0,3,33,19,14.72,28,71,14,40,5,7,22,6,1,3,15,12
Greg Robinson,Centenary NJ,2018-19,20.0,1,1,1,1,0,0,0,0,0,0,0,0,14.9,0,1,0,1,0,0,0,0,0,0,0,1
Greg Skoric,Skidmore,2018-19,20.0,2,3,0,0,1,1,0,0,1,1,3,0,14.97,2,4,0,1,0,0,0,0,1,1,2,0
Greg Summers,Navy,2018-19,20.0,15,45,0,6,11,14,9,4,1,13,27,11,17.92,16,47,0,5,25,31,6,4,3,15,32,14
Greg Williams Jr,St. John's,2018-19,20.0,0,0,0,0,0,0,1,0,0,0,0,0,14.72,0,0,0,0,0,0,2,0,0,0,0,0
Greg Williams Jr.,St. John's,2018-19,20.0,11,23,2,9,3,4,3,2,4,3,11,9,14.88,8,13,1,3,6,8,0,3,1,4,5,4
Gregory Boyle,Purdue Northwest,2018-19,20.0,0,0,0,0,0,0,1,0,1,0,0,3,14.97,0,1,0,1,0,0,3,1,0,0,0,0
Gregory Holloway,Mississippi Valley State,2018-19,20.0,2,5,0,1,0,0,0,0,0,2,1,0,14.78,0,0,0,0,3,3,0,0,0,0,2,1
Gregory Jones-Rollins,Mississippi Valley State,2018-19,20.0,9,24,2,7,3,4,4,2,2,1,11,7,17.0,9,26,0,5,3,7,4,0,0,3,1,4
Gregory Roberts,Huston-Tillotson,2018-19,0.0,0,0,0,0,0,0,0,0,1,0,0,1,16.73,2,2,0,0,2,2,0,1,0,0,0,0
Grehlon Easter,Lamar,2018-19,0.0,6,30,3,14,5,6,8,5,0,5,8,6,18.13,13,34,6,14,6,10,3,10,1,5,2,3
Gresyn Rogers,Spring Hill,2018-19,20.0,2,10,2,8,0,0,0,0,1,0,4,2,14.87,1,3,0,2,0,2,0,0,0,1,3,2
Griffin Carson,Portland Bible,2018-19,20.0,0,1,0,1,0,0,0,0,0,0,1,5,14.73,0,1,0,1,0,0,0,0,0,0,1,2
Griffin Chase,,2018-19,0.0,0,0,0,0,0,0,0,0,0,0,0,0,0.0,0,0,0,0,0,0,0,0,0,0,1,0
Griffin McNally,SUNY Maritime,2018-19,0.0,0,0,0,0,0,0,0,0,0,0,0,0,14.93,0,2,0,0,2,2,0,0,0,1,0,0
Guglielmo Caruso,Santa Clara,2018-19,20.0,39,66,8,13,13,17,4,5,16,15,40,21,20.0,32,63,1,15,21,30,13,6,14,17,41,13
Guilien Smith,Dartmouth,2018-19,20.0,7,31,2,16,5,6,9,3,1,3,16,3,20.0,11,23,4,11,10,13,4,3,1,0,7,6
Gus Farrell,Northland College,2018-19,20.0,0,1,0,0,0,0,0,0,0,1,1,0,14.98,0,1,0,0,0,0,0,1,0,0,1,0
Gus Kleekamp,Fontbonne College,2018-19,20.0,1,2,0,0,1,2,0,1,0,0,3,1,14.9,1,1,0,0,0,0,0,0,0,2,1,4
Gus Okafor,Longwood,2018-19,20.0,10,41,5,27,6,10,4,2,1,9,20,7,20.0,4,19,3,13,3,6,2,3,1,7,8,6
Gustav Ling,Johnson & Wales (FL),2018-19,20.0,2,3,0,1,0,1,1,0,0,1,1,1,14.95,1,3,1,3,0,0,0,1,2,0,3,1
Gustavo Gonzalez,Shenandoah,2018-19,0.0,0,0,0,0,0,0,0,0,0,0,0,0,14.95,0,1,0,0,0,0,0,0,0,0,0,0
Haakon Ullrich,UC Santa Cruz,2018-19,20.0,1,2,0,0,1,2,0,0,1,1,1,0,14.98,2,4,0,0,0,2,0,1,0,1,0,0
Haanif Cheatham,Florida Gulf Coast,2018-19,20.0,23,59,3,14,8,13,10,4,1,2,28,16,14.97,22,38,4,4,17,23,7,7,1,2,11,5
Haize Fornstrom,Wyoming,2018-19,0.0,0,0,0,0,0,0,0,0,0,0,2,0,17.85,3,7,2,5,1,1,2,1,0,0,2,1
Halil Parks,Notre Dame College,2018-19,20.0,1,4,1,1,0,0,1,0,0,1,2,0,16.93,0,1,0,1,0,0,0,0,0,0,1,0
Hameir Wright,Washington,2018-19,20.0,16,54,9,28,2,5,12,6,16,6,21,19,14.85,9,39,4,24,8,11,12,10,22,10,24,10
Hamish Warden,Notre Dame College,2018-19,0.0,0,0,0,0,0,0,0,0,0,0,3,2,16.93,1,2,0,1,0,0,2,1,0,1,3,1
Hampton,,2018-19,0.0,0,0,0,0,0,0,0,0,0,34,19,5,0.0,0,0,0,0,0,0,0,0,0,36,31,5
Hank Conner,Pfeiffer,2018-19,20.0,0,0,0,0,1,2,0,1,0,0,0,0,14.9,0,0,0,0,2,2,0,1,0,0,0,0
Hank Hollingsworth,Cal Poly,2018-19,20.0,17,29,0,0,5,10,2,0,5,20,25,9,18.32,16,23,0,0,5,13,1,2,7,8,13,8
Hannes Polla,Oklahoma,2018-19,20.0,1,2,0,0,0,0,0,0,2,3,0,3,14.95,1,1,0,0,3,4,0,0,0,1,2,2
Harald Frey,Montana State,2018-19,20.0,66,165,31,88,58,65,75,22,0,10,52,33,14.9,93,193,38,90,73,88,71,16,0,14,60,23
Hardin-Simmons,,2018-19,0.0,0,0,0,0,0,0,0,0,0,1,0,0,0.0,0,0,0,0,0,0,0,0,0,1,1,0
Harding,,2018-19,0.0,0,0,0,0,0,0,0,0,0,2,2,2,0.0,0,0,0,0,0,0,0,0,0,2,1,0
Haris Arghandiwal,Westcliff,2018-19,20.0,1,5,1,4,0,0,0,0,0,0,0,1,14.68,0,5,0,3,0,0,1,1,0,1,0,2
Harold Givens,Alcorn State,2018-19,20.0,6,9,0,0,0,3,5,5,3,7,12,3,18.08,3,4,0,0,0,0,1,1,2,0,4,1
Harris Jowell,Texas Lutheran,2018-19,20.0,2,7,0,0,0,0,2,1,0,1,6,0,20.0,4,7,0,0,0,1,0,0,0,5,2,1
Harris-Stowe,,2018-19,0.0,0,0,0,0,0,0,0,0,0,0,1,0,0.0,0,0,0,0,0,0,0,0,0,0,0,0
Harrison Butler,Southern Utah,2018-19,20.0,54,114,6,18,35,62,20,23,11,24,79,35,14.6,57,114,7,21,45,71,13,4,8,25,65,25
Harrison Cochran,Averett,2018-19,20.0,6,7,2,3,0,0,0,0,0,0,0,0,17.97,0,1,0,0,0,0,0,0,0,1,1,1
Harrison Curry,Detroit Mercy,2018-19,20.0,27,63,1,9,12,20,0,8,5,13,28,10,14.85,24,58,1,11,16,24,2,3,5,13,28,9
Harrison Fancher,Blue Mountain College,2018-19,20.0,1,5,1,4,0,0,2,1,0,0,1,0,14.9,1,2,0,1,0,0,1,0,0,0,0,0
Harrison Halstrom,Wabash College,2018-19,20.0,2,3,0,0,3,4,0,0,0,1,2,2,15.08,1,2,0,0,0,0,0,0,0,1,0,0
Harrison Kay,Central Connecticut,2018-19,0.0,1,2,0,0,0,0,0,0,0,0,1,1,20.0,1,4,0,0,0,0,0,0,0,2,3,0
Harrison Prieto,,2018-19,0.0,0,0,0,0,0,0,0,0,0,1,1,0,0.0,0,0,0,0,0,0,0,0,0,0,0,1
Harry Bloodsworth,Mid-Atlantic Christian University,2018-19,0.0,0,0,0,0,0,0,0,0,0,0,0,0,14.83,0,2,0,1,0,0,0,0,0,0,1,0
Harry Bloodworth,Mid-Atlantic Christian University,2018-19,0.0,0,0,0,0,0,0,0,0,0,0,0,0,14.98,0,2,0,2,0,0,3,0,0,1,1,1
Harry Craik,Florida Tech,2018-19,0.0,0,0,0,0,0,0,0,0,0,0,0,0,14.83,1,2,0,0,2,2,0,0,0,0,1,0
Harry Wall,Shenandoah,2018-19,0.0,0,0,0,0,0,0,0,1,0,1,0,1,14.95,0,2,0,1,0,0,0,0,0,1,0,1
Hartford,,2018-19,0.0,0,0,0,0,0,0,0,0,0,13,28,4,0.0,0,0,0,0,0,0,0,0,0,24,27,1
Hartwick,,2018-19,0.0,0,0,0,0,0,0,0,0,0,1,1,0,0.0,0,0,0,0,0,0,0,0,0,0,0,0
Harvard,,2018-19,0.0,0,0,0,0,0,0,0,0,0,15,16,10,0.0,0,0,0,0,0,0,0,0,0,19,23,17
Hasahn French,Saint Louis,2018-19,19.98,53,120,0,0,14,34,23,13,22,31,88,40,20.0,76,142,0,0,24,73,25,21,35,63,98,32
Hasan Abdullah,Navy,2018-19,20.0,46,132,16,67,13,23,64,29,2,6,62,47,17.65,68,152,18,46,26,44,69,22,3,8,39,44
Hassan Hussein,Southern,2018-19,20.0,13,29,0,0,4,4,3,4,3,5,8,4,14.9,8,19,1,2,0,0,0,0,2,5,6,8
Hassani Gravett,South Carolina,2018-19,20.0,56,141,32,80,20,25,39,10,5,7,52,27,19.2,60,139,29,74,32,44,35,14,2,10,50,24
Hawai'i,,2018-19,0.0,0,0,0,0,0,0,0,0,0,18,26,6,0.0,0,0,0,0,0,0,0,0,0,19,16,5
Hawai'i Hilo,,2018-19,0.0,0,0,0,0,0,0,0,0,0,0,1,0,0.0,0,0,0,0,0,0,0,0,0,1,0,0
Hayden Brown,The Citadel,2018-19,20.0,34,75,8,34,9,11,7,9,3,23,31,14,17.78,27,47,6,15,8,11,11,11,5,22,31,11
Hayden Farquhar,Abilene Christian,2018-19,20.0,45,96,18,48,8,14,12,14,5,19,26,17,14.77,31,60,13,34,10,14,12,7,3,14,23,10
Hayden Fredrick,San Diego Christian,2018-19,20.0,3,12,1,5,1,1,3,1,0,0,5,4,14.93,4,7,1,2,0,0,3,0,0,0,6,3
Hayden Helfrich,,2018-19,9.35,0,0,0,0,0,0,1,0,0,0,0,0,0.0,0,0,0,0,0,0,0,0,0,0,0,1
Hayden Koval,Central Arkansas,2018-19,20.0,62,134,18,54,27,35,16,3,36,29,75,26,17.98,61,126,17,44,49,62,16,9,31,24,67,25
Hayden Miller,Omaha,2018-19,0.0,0,0,0,0,0,0,0,0,0,0,0,0,14.98,2,4,2,4,0,0,1,0,0,0,1,0
Hayden Mink,Chillicothe,2018-19,20.0,1,1,1,1,0,0,0,1,0,0,2,2,14.68,0,2,0,1,0,0,0,1,0,0,0,1
Hayden Nelson,Central Washington,2018-19,20.0,4,4,0,0,1,1,1,2,2,2,2,1,17.97,0,0,0,0,0,0,1,1,0,0,0,0
Hayden Sawyer,Pfeiffer,2018-19,20.0,1,1,0,0,0,3,0,0,0,0,1,2,14.9,0,0,0,0,0,0,0,0,0,0,0,0
Hayden Schenck,Utah Valley,2018-19,20.0,4,8,0,2,6,9,7,5,1,6,5,5,14.92,1,3,0,1,13,17,3,4,0,3,3,2
Hayden Todd,Florida College,2018-19,20.0,0,0,0,0,0,0,1,0,0,0,1,0,17.85,1,1,0,0,0,0,0,0,0,0,0,0
Hazar Bayraktar,,2018-19,0.0,0,0,0,0,0,0,0,0,0,0,0,1,0.0,0,0,0,0,0,0,0,0,0,0,0,1
Heath Starkey,,2018-19,0.0,0,0,0,0,0,0,0,0,0,1,1,0,0.0,0,0,0,0,0,0,0,0,0,0,0,0
Heidelberg,,2018-19,0.0,0,0,0,0,0,0,0,0,0,2,0,0,0.0,0,0,0,0,0,0,0,0,0,2,1,0
Henderson Jones,Elms College,2018-19,0.0,0,0,0,0,0,0,0,0,0,0,0,1,15.38,1,2,1,2,0,0,0,0,0,0,0,0
Hendrix College,,2018-19,0.0,0,0,0,0,0,0,0,0,0,1,1,0,0.0,0,0,0,0,0,0,0,0,0,1,2,0
Henrik Jadersten,Santa Clara,2018-19,20.0,14,36,3,15,3,3,6,3,5,12,21,11,20.0,24,40,8,15,8,10,3,1,5,7,18,8
Henry Baddley,Butler,2018-19,20.0,29,64,11,37,6,8,9,12,3,9,27,8,16.43,19,49,8,27,10,14,5,13,2,10,26,7
Henry Blair,LaGrange College,2018-19,20.0,0,2,0,0,0,0,1,0,0,0,2,0,14.93,0,0,0,0,0,0,0,0,0,0,0,0
Henry Cornelious,Menlo,2018-19,20.0,1,3,0,1,2,2,0,1,0,0,1,1,15.95,0,1,0,0,0,1,0,0,0,0,0,0
Henry Cuffee,Elmira,2018-19,20.0,2,2,2,2,0,0,1,0,0,0,0,0,14.73,1,2,1,2,0,0,0,1,0,0,1,0
Henry Galinato,Benedictine (AZ),2018-19,20.0,0,2,0,0,0,0,1,0,0,0,2,0,14.77,3,5,0,0,2,5,0,0,0,3,0,0
Henry Welsh,Harvard,2018-19,20.0,23,46,3,10,5,10,6,6,2,10,31,11,20.0,12,27,1,6,2,3,1,1,7,9,19,8
Herb McGee,South Alabama,2018-19,20.0,54,121,34,81,15,18,44,13,0,2,47,32,14.95,38,94,16,50,56,73,43,8,2,4,40,37
Herbert Jones,Alabama,2018-19,20.0,31,78,5,11,20,40,34,13,11,20,35,36,15.05,43,96,0,8,30,62,32,18,10,16,40,28
Herman Robinson,,2018-19,0.0,0,0,0,0,0,0,0,0,0,0,0,1,0.0,0,0,0,0,0,0,0,0,0,0,0,0
Hezekiah Banks,Life Pacific,2018-19,20.0,1,3,0,0,0,0,0,0,0,1,4,2,15.03,0,2,0,0,0,0,1,0,0,0,4,1
High Point,,2018-19,0.0,0,0,0,0,0,0,0,0,0,27,27,12,0.0,0,0,0,0,0,0,0,0,0,17,23,6
Hiwassee,,2018-19,0.0,0,0,0,0,0,0,0,0,0,3,7,1,0.0,0,0,0,0,0,0,0,0,0,6,4,0
Hofstra,,2018-19,0.0,0,0,0,0,0,0,0,0,0,4,16,1,0.0,0,0,0,0,0,0,0,0,0,15,9,2
Holland Woods,Portland State,2018-19,20.0,67,166,20,62,31,40,69,27,1,5,38,54,20.0,73,176,17,55,83,105,82,22,1,4,38,47
Holy Cross,,2018-19,0.0,0,0,0,0,0,0,0,0,0,12,17,11,0.0,0,0,0,0,0,0,0,0,0,17,21,10
Holy Names University,,2018-19,0.0,0,0,0,0,0,0,0,0,0,0,0,0,0.0,0,0,0,0,0,0,0,0,0,3,0,0
Hood College,,2018-19,0.0,0,0,0,0,0,0,0,0,0,2,2,0,0.0,0,0,0,0,0,0,0,0,0,2,1,0
Horace Spencer,Auburn,2018-19,20.0,30,71,0,8,15,26,7,15,15,39,30,18,14.95,29,57,3,9,14,27,6,18,15,35,38,15
Horace Wyatt Jr,Little Rock,2018-19,20.0,0,0,0,0,0,0,5,0,0,0,0,0,15.05,0,0,0,0,0,0,2,0,0,0,0,0
Horace Wyatt Jr.,Little Rock,2018-19,15.0,7,20,1,3,5,8,0,1,2,1,8,7,20.0,10,15,0,2,8,11,0,2,2,1,8,4
Houston,,2018-19,0.0,0,0,0,0,0,0,0,0,0,31,47,5,0.0,0,0,0,0,0,0,0,0,0,29,32,8
Houston Baptist,,2018-19,0.0,0,0,0,0,0,0,0,0,0,30,28,3,0.0,0,0,0,0,0,0,0,0,0,32,19,4
Houston King,Eastern Kentucky,2018-19,20.0,13,42,8,22,8,11,7,8,1,9,13,14,14.88,16,47,10,30,0,0,10,6,0,4,12,8
Houston Smith,Bethune-Cookman,2018-19,20.0,24,62,6,17,6,15,23,7,1,20,33,27,14.92,20,46,4,13,7,12,17,8,7,7,13,9
Howard,,2018-19,0.0,0,0,0,0,0,0,0,0,0,23,28,3,0.0,0,0,0,0,0,0,0,0,0,17,23,1
Howard Payne,,2018-19,0.0,0,0,0,0,0,0,0,0,0,1,2,0,0.0,0,0,0,0,0,0,0,0,0,1,1,1
Howard Smith,Glenville State,2018-19,20.0,2,4,2,3,0,0,0,0,0,0,1,0,15.3,0,2,0,2,0,0,1,0,0,1,0,0
Howard Smothers,Fisk,2018-19,20.0,2,4,0,0,0,1,0,0,0,0,1,0,14.75,0,1,0,0,0,0,0,0,0,0,0,0
Howard Washington,,2018-19,0.0,0,0,0,0,0,0,0,0,0,0,0,0,0.0,0,0,0,0,0,0,0,0,0,0,2,0
Hugh Baxter,,2018-19,0.0,0,0,0,0,0,0,0,0,0,2,0,0,0.0,0,0,0,0,0,0,0,0,0,0,0,1
Hugh Hogland,Portland,2018-19,0.0,23,37,0,0,15,21,5,3,2,10,22,19,17.95,20,41,0,0,8,21,11,6,7,16,27,12
Humboldt State,,2018-19,0.0,0,0,0,0,0,0,0,0,0,1,0,2,0.0,0,0,0,0,0,0,0,0,0,2,1,0
Hunter Bennett,Dallas Christian,2018-19,20.0,3,9,0,1,3,3,2,0,0,0,1,0,14.97,3,8,2,3,1,3,2,0,0,0,2,1
Hunter Coyle,,2018-19,0.0,0,0,0,0,0,0,0,0,0,0,0,0,12.67,0,0,0,0,1,2,0,0,0,0,0,0
Hunter Crist,Green Bay,2018-19,20.0,5,12,1,6,1,2,19,6,2,7,9,7,14.93,2,8,1,6,3,4,2,2,0,1,5,8
Hunter Daley,Ark Monticello,2018-19,20.0,0,2,0,1,0,0,0,0,0,2,0,1,20.0,0,0,0,0,0,0,0,0,0,0,0,0
Hunter Johnson,Humboldt State,2018-19,20.0,0,3,0,1,0,0,1,1,0,3,1,0,14.73,1,1,0,0,0,0,0,0,0,0,0,0
Hunter Maldonado,Wyoming,2018-19,20.0,19,38,5,12,6,8,6,1,0,5,22,9,19.87,23,62,6,21,9,16,12,8,4,7,20,7
Hunter Marks,Hartford,2018-19,0.0,0,1,0,1,0,0,0,0,0,0,1,0,14.63,0,3,0,1,1,2,1,0,0,0,2,0
Hunter Moe,Northland College,2018-19,20.0,0,1,0,1,0,0,0,0,0,0,0,2,14.98,0,0,0,0,0,0,1,0,0,0,0,0
Hunter Noffsinger,KY Wesleyan,2018-19,20.0,0,1,0,0,0,0,0,0,0,0,0,0,15.73,1,1,0,0,2,2,0,0,0,0,0,0
Hunter Schenkel,New Rochelle,2018-19,20.0,4,7,1,3,3,3,0,0,0,0,4,1,14.75,1,2,1,2,1,2,1,1,0,0,0,3
Hunter Schmalz,Tiffin,2018-19,20.0,0,1,0,1,1,2,0,0,0,0,0,1,14.95,1,4,0,1,0,0,0,0,0,0,0,0
Hunter Seacat,Appalachian State,2018-19,20.0,36,65,0,0,19,29,16,5,14,21,36,23,14.93,35,62,0,0,17,25,20,7,7,22,38,17
Hunter Shelton,Jackson State,2018-19,20.0,4,12,4,12,2,3,0,0,0,0,3,0,15.05,3,7,3,7,0,1,0,0,0,0,3,1
Hunter Strait,Truman State,2018-19,20.0,1,2,1,2,0,0,1,0,0,0,1,0,20.0,2,2,1,1,3,3,0,0,0,1,0,0
Hunter Thompson,Wyoming,2018-19,20.0,38,88,18,44,9,11,11,3,9,3,29,21,19.87,40,91,21,57,23,32,10,2,5,3,39,23
Hunter Tyson,Clemson,2018-19,20.0,10,40,7,28,5,7,5,1,5,3,12,2,17.78,5,16,4,14,1,2,4,1,1,2,10,3
Hunter Vick,Tennessee Tech,2018-19,20.0,49,131,24,67,6,10,28,13,9,10,44,19,17.75,55,121,22,49,39,43,25,15,8,10,27,31
Huntingdon,,2018-19,0.0,0,0,0,0,0,0,0,0,0,3,1,1,0.0,0,0,0,0,0,0,0,0,0,2,1,1
Hussayn Ford,Northwest University,2018-19,20.0,4,8,0,0,0,0,0,0,0,0,4,0,14.83,1,5,0,0,0,2,1,1,0,0,3,1
Huston-Tillotson,,2018-19,0.0,0,0,0,0,0,0,0,0,0,1,1,1,0.0,0,0,0,0,0,0,0,0,0,1,1,0
Hyron Edwards,Colorado State,2018-19,20.0,25,73,5,23,11,14,29,12,1,2,25,12,20.0,16,46,6,16,28,33,19,13,1,5,20,21
Hysheam Weston,Piedmont International,2018-19,20.0,0,1,0,0,0,0,0,0,0,1,0,2,14.77,1,1,1,1,0,0,0,0,0,0,0,1
IUPUI,,2018-19,0.0,0,0,0,0,0,0,0,0,0,29,24,6,0.0,0,0,0,0,0,0,0,0,0,32,19,5
Ian Boyd,George Mason,2018-19,20.0,25,62,10,36,6,8,10,4,0,4,22,19,20.0,29,59,16,38,13,19,9,9,1,9,22,7
Ian Burke,Seattle,2018-19,20.0,3,9,2,7,1,2,3,0,0,2,10,3,14.97,2,6,2,6,1,1,2,1,0,0,3,2
Ian Carter,Dartmouth,2018-19,20.0,3,11,1,5,1,1,2,2,0,3,6,2,20.0,7,12,1,4,2,3,0,1,1,2,2,3
Ian Cochran,Fontbonne College,2018-19,20.0,1,5,0,1,0,0,1,0,1,0,1,1,14.9,0,0,0,0,1,2,0,0,0,1,1,2
Ian DuBose,Houston Baptist,2018-19,20.0,70,156,19,46,32,48,46,21,3,23,66,46,14.9,82,161,26,63,64,91,50,18,5,20,60,30
Ian Eversull,Hood College,2018-19,20.0,2,5,0,1,1,2,1,0,0,2,1,0,17.83,1,2,0,0,1,2,0,0,0,1,2,0
Ian Fox,Bethesda,2018-19,20.0,7,20,2,6,2,3,9,4,0,0,4,7,17.1,9,30,3,13,5,5,1,0,0,1,4,7
Ian Frazier,Wilson College,2018-19,20.0,0,2,0,1,0,0,0,0,0,0,0,0,17.92,0,3,0,2,0,0,2,0,0,0,0,1
Ian Heisler,Christendom,2018-19,20.0,3,4,1,2,1,2,1,2,0,0,0,2,14.73,2,3,1,1,0,0,3,0,0,0,0,3
Ian Hess,Wilson College,2018-19,20.0,0,2,0,0,0,0,1,0,0,1,1,0,17.92,2,2,0,0,0,0,0,0,0,0,0,1
Ian James Russell,West Coast Baptist,2018-19,20.0,9,17,0,1,0,0,2,0,0,1,13,5,14.6,7,18,0,1,2,3,1,1,0,2,5,0
Ian Johnson,Pensacola Christian College,2018-19,20.0,6,10,0,3,0,0,2,1,0,2,1,1,14.87,1,5,0,1,0,1,2,0,0,1,0,2
Ian Kinard,South Carolina State,2018-19,0.0,15,45,5,19,18,23,11,5,4,13,28,20,16.17,24,50,5,18,24,30,5,13,2,13,25,18
Ian Krishnan,Central Connecticut,2018-19,20.0,55,160,26,93,19,22,14,11,0,3,21,20,20.0,70,185,43,110,21,26,17,12,1,5,31,12
Ian Sistare,Dartmouth,2018-19,20.0,51,89,25,45,15,19,27,3,0,7,44,22,20.0,26,60,9,31,26,28,16,3,1,7,37,14
Ibn Williams,Coppin State,2018-19,20.0,8,26,4,9,2,2,12,2,0,1,10,15,14.9,4,19,2,12,0,0,6,1,0,3,7,8
Ibrahim Sylla,North Carolina A&T,2018-19,20.0,26,43,0,0,9,22,2,6,11,15,26,13,20.0,36,62,0,0,19,35,2,8,16,15,40,15
Ibrahima Diallo,Manhattan,2018-19,20.0,9,14,0,0,0,0,1,2,1,6,8,9,20.0,3,10,0,0,0,0,1,4,0,1,1,0
Ibu Smith,SUNY-Canton,2018-19,20.0,0,1,0,0,0,0,0,0,0,1,0,0,14.97,0,0,0,0,0,0,0,0,0,0,1,1
Idaho,,2018-19,0.0,0,0,0,0,0,0,0,0,0,20,31,3,0.0,0,0,0,0,0,0,0,0,0,21,21,7
Idaho State,,2018-19,0.0,0,0,0,0,0,0,0,0,0,19,21,3,0.0,0,0,0,0,0,0,0,0,0,18,25,4
Ifeanyi Umezurike,Florida A&M,2018-19,20.0,14,25,0,0,2,7,2,5,1,12,18,13,19.38,9,23,0,0,3,6,1,2,3,8,14,3
Igli Pirgu,Bethesda,2018-19,0.0,1,15,1,12,2,2,1,0,1,3,4,3,17.1,6,17,5,10,3,4,1,1,0,2,2,4
Ignas Brazdeikis,Michigan,2018-19,20.0,91,197,29,72,32,52,14,13,9,22,90,24,14.87,88,192,24,62,65,76,17,12,6,19,62,18
Ignas Sargiunas,Georgia,2018-19,20.0,7,15,3,7,2,2,6,3,0,1,2,6,14.92,0,7,0,6,2,2,2,0,0,0,3,2
Iii Jerry Higgins,,2018-19,0.0,0,0,0,0,0,0,0,0,0,0,0,0,13.15,0,0,0,0,1,2,0,0,0,0,0,0
Iii Lindy Waters,UTSA,2018-19,20.0,3,7,1,3,1,2,5,1,0,3,4,2,14.97,4,6,1,2,2,2,4,1,1,0,5,1
Ike Nweke,Columbia,2018-19,20.0,34,69,0,0,25,35,3,4,0,26,35,19,20.0,19,38,0,0,13,24,3,3,4,18,17,9
Ike Smith,Georgia Southern,2018-19,20.0,24,52,4,24,11,20,4,4,2,3,18,7,14.95,28,57,11,28,8,9,3,2,1,6,22,7
Ikenna Smart,Wake Forest,2018-19,20.0,15,29,0,0,6,10,4,1,5,19,32,7,20.0,7,19,0,0,2,2,0,1,4,9,23,9
Ilija Stojiljkovic,Maine,2018-19,0.0,12,27,2,6,5,8,15,6,2,8,17,10,14.9,8,22,1,6,7,12,17,5,0,7,10,11
Illinois,,2018-19,0.0,0,0,0,0,0,0,0,0,0,29,18,15,0.0,0,0,0,0,0,0,0,0,0,32,25,14
Illinois State,,2018-19,0.0,0,0,0,0,0,0,0,0,0,18,29,1,0.0,0,0,0,0,0,0,0,0,0,29,27,5
Imani Starling,Trevecca Nazarene,2018-19,20.0,0,7,0,1,1,2,2,2,0,0,7,6,14.9,2,3,0,1,4,4,2,0,0,0,2,1
Immanuel Quickley,Kentucky,2018-19,20.0,29,84,15,47,17,23,16,10,0,0,37,20,14.78,23,55,13,34,30,35,21,5,0,2,22,9
Imrane Amadou,Mount Aloysius,2018-19,20.0,1,2,0,0,0,0,0,0,0,0,1,0,14.92,1,1,0,0,0,0,0,0,0,0,1,0
Incarnate Word,,2018-19,0.0,0,0,0,0,0,0,0,0,0,16,24,3,0.0,0,0,0,0,0,0,0,0,0,19,20,13
Indiana,,2018-19,0.0,0,0,0,0,0,0,0,0,0,38,21,4,0.0,0,0,0,0,0,0,0,0,0,40,33,6
Indiana State,,2018-19,0.0,0,0,0,0,0,0,0,0,0,26,24,12,0.0,0,0,0,0,0,0,0,0,0,18,22,4
Indiana University Northwest,,2018-19,0.0,0,0,0,0,0,0,0,0,0,2,1,0,0.0,0,0,0,0,0,0,0,0,0,1,1,0
Indiana University-South Bend,,2018-19,0.0,0,0,0,0,0,0,0,0,0,0,0,0,0.0,0,0,0,0,0,0,0,0,0,0,1,0
Indiana-Kokomo,,2018-19,0.0,0,0,0,0,0,0,0,0,0,3,0,0,0.0,0,0,0,0,0,0,0,0,0,0,1,1
Ingvi Gudmundsson,Saint Louis,2018-19,20.0,0,1,0,1,0,0,0,0,0,0,0,0,20.0,0,0,0,0,0,0,0,0,0,0,0,0
Innocent Nwoko,Central Michigan,2018-19,20.0,5,12,0,1,4,6,0,0,3,6,4,1,14.95,3,3,0,0,2,5,0,2,3,0,5,2
Iona,,2018-19,0.0,0,0,0,0,0,0,0,0,0,25,29,4,0.0,0,0,0,0,0,0,0,0,0,25,29,4
Iowa,,2018-19,0.0,0,0,0,0,0,0,0,0,0,18,27,7,0.0,0,0,0,0,0,0,0,0,0,23,18,4
Iowa State,,2018-19,0.0,0,0,0,0,0,0,0,0,0,20,29,7,0.0,0,0,0,0,0,0,0,0,0,24,25,5
Ira Lee,Arizona,2018-19,20.0,35,54,0,0,27,41,4,3,9,22,39,21,15.03,33,53,0,2,7,13,8,1,10,19,25,9
Iran Bennett,Marshall,2018-19,20.0,17,29,1,3,4,10,1,2,8,7,16,12,14.8,8,17,0,0,3,5,2,3,3,8,7,6
Irshaad Hunte,Texas A&M-CC,2018-19,15.0,14,30,0,7,15,20,0,1,6,8,21,6,20.0,8,22,0,1,7,13,1,1,2,6,8,6
Isaac Bassey,Arkansas-Pine Bluff,2018-19,0.0,8,23,0,0,6,9,2,1,3,1,12,10,16.88,7,9,0,0,5,6,0,0,1,5,6,9
Isaac Chatman,Campbell,2018-19,19.65,46,86,14,32,15,19,10,9,5,9,48,7,20.0,30,62,7,23,15,29,16,8,8,16,37,12
Isaac Copeland Jr,Nebraska,2018-19,20.0,0,0,0,0,0,0,4,0,0,0,0,0,15.23,0,0,0,0,0,0,2,0,0,0,0,0
Isaac Copeland Jr.,Nebraska,2018-19,20.0,45,89,13,31,18,23,6,10,6,14,29,14,15.23,41,77,11,29,12,20,4,7,9,9,33,9
Isaac Davidson,Sonoma State,2018-19,20.0,0,3,0,1,2,2,1,0,0,0,1,0,15.7,2,6,0,1,0,0,0,0,0,0,1,1
Isaac Edmondson,Bethel (TN),2018-19,20.0,3,5,0,1,1,3,1,0,0,0,2,3,14.92,2,4,0,0,2,2,0,1,0,1,1,1
Isaac Finestone,Oberlin College,2018-19,20.0,2,4,0,1,0,0,0,0,0,1,3,1,16.35,0,1,0,1,0,0,0,0,0,0,0,0
Isaac Fleming,East Carolina,2018-19,20.0,55,130,4,29,17,28,69,26,1,15,42,45,15.88,67,124,4,23,33,58,52,21,1,18,41,38
Isaac Gassman,Illinois State,2018-19,20.0,14,31,9,22,4,4,6,2,0,2,14,1,20.0,9,26,6,14,4,5,3,2,0,7,11,3
Isaac Gibson,,2018-19,6.7,1,5,1,2,0,0,0,1,0,0,3,3,0.0,1,3,0,2,0,0,0,0,0,0,0,0
Isaac Hernandez,Texas Permian Basin,2018-19,20.0,1,2,0,1,0,0,0,0,0,0,0,2,14.8,2,2,1,1,0,1,1,1,0,0,0,1
Isaac Hippolyte,Coastal Carolina,2018-19,20.0,5,19,1,5,6,6,1,0,0,4,17,11,20.0,2,15,0,4,4,4,3,2,0,8,14,4
Isaac Johnson,Appalachian State,2018-19,20.0,111,244,8,41,43,65,46,21,2,45,156,56,14.93,116,255,11,44,88,119,45,28,13,43,160,59
Isaac Letoa,Dartmouth,2018-19,0.0,1,1,0,0,0,0,0,0,0,0,2,0,15.38,3,3,0,0,0,1,0,1,0,0,1,1
Isaac Likekele,Oklahoma State,2018-19,20.0,50,121,2,14,21,32,73,24,8,8,73,32,20.0,50,93,4,11,40,62,47,15,2,7,60,41
Isaac Maldonado,Eastern New Mexico,2018-19,20.0,1,2,0,0,0,0,0,0,0,0,1,1,20.0,1,2,0,0,0,0,0,0,0,1,0,1
Isaac Mbuyamba,Kennesaw State,2018-19,20.0,5,19,0,0,6,10,3,7,8,13,21,8,17.98,8,12,0,0,4,10,5,2,10,13,14,5
Isaac Moore,Dominican (IL),2018-19,0.0,0,0,0,0,0,0,0,0,0,0,0,0,14.98,2,5,2,4,0,0,0,0,0,0,1,0
Isaac Moreno,McMurry,2018-19,20.0,0,1,0,0,0,0,0,1,0,0,2,1,14.85,0,1,0,1,0,0,0,0,0,0,0,1
Isaac Stamatiades,,2018-19,0.47,2,4,0,1,0,0,0,1,0,0,3,1,0.0,0,3,0,2,1,2,0,0,0,0,0,2
Isaac Stephens,Cumberland (TN),2018-19,20.0,0,0,0,0,0,0,1,0,0,0,2,0,15.03,0,1,0,0,0,2,0,0,1,0,0,0
Isaac Suffren,Lafayette,2018-19,14.93,18,67,3,27,17,29,19,9,3,8,28,14,20.0,37,69,7,16,31,38,13,13,3,8,35,21
Isaac Taylor,Maryland-Eastern Shore,2018-19,20.0,26,46,0,0,7,12,6,2,2,11,20,18,14.98,31,50,0,0,18,30,11,2,6,15,16,9
Isaac Thomas,Georgia College,2018-19,20.0,1,2,0,0,2,4,2,1,0,2,1,1,17.97,2,4,0,0,5,5,2,1,1,2,1,1
Isaac White,Stanford,2018-19,20.0,10,28,8,24,4,7,3,4,0,2,10,8,18.52,14,26,11,22,5,8,5,1,0,1,10,4
Isaac Zachem,Colorado College,2018-19,20.0,0,1,0,0,0,0,0,0,0,0,0,0,14.93,0,0,0,0,0,0,0,0,0,0,0,0
Isaiah Austin,Mississippi College,2018-19,20.0,1,7,0,1,0,0,2,1,0,2,0,2,14.97,1,5,0,0,0,0,0,0,0,1,3,0
Isaiah Bailey,Bethune-Cookman,2018-19,20.0,10,18,0,2,11,14,5,4,0,0,3,4,14.92,5,13,1,4,2,4,1,1,0,2,1,2
Isaiah Banks,Florida International,2018-19,20.0,35,75,8,37,8,20,22,22,4,8,15,17,15.82,32,63,6,26,13,26,11,11,1,15,14,15
Isaiah Blackmon,St. Francis (PA),2018-19,20.0,64,155,27,74,22,30,16,17,7,28,43,19,18.65,51,132,28,69,51,68,13,16,4,26,46,17
Isaiah Brown,Northern Iowa,2018-19,20.0,38,97,11,42,10,11,30,17,4,4,45,23,20.0,30,80,10,26,25,31,14,13,7,7,49,21
Isaiah Bujdoso,Loyola Chicago,2018-19,20.0,8,22,2,10,4,6,10,9,0,0,13,7,14.6,12,20,2,5,8,13,9,8,0,1,11,10
Isaiah Burke,Morgan State,2018-19,20.0,21,61,13,35,5,13,3,11,1,5,4,13,17.55,25,61,11,32,19,24,7,5,0,1,11,11
Isaiah Burnett,Navy,2018-19,20.0,5,20,1,10,0,0,7,5,2,4,15,12,17.65,8,20,5,10,6,8,8,4,2,2,7,5
Isaiah Coleman-Lands,Miami (OH),2018-19,20.0,7,16,7,15,2,3,2,4,0,0,2,1,14.85,3,13,3,11,2,2,2,2,0,1,1,1
Isaiah Crawley,Georgia Southern,2018-19,20.0,67,127,9,30,32,53,4,13,9,26,50,38,14.95,70,117,6,22,36,55,16,14,3,31,57,27
Isaiah Darrett,Florida Memorial,2018-19,20.0,1,2,0,1,2,5,0,0,0,3,2,3,14.9,2,3,0,0,0,0,0,1,0,0,3,2
Isaiah Fontaine,UT Rio Grande Valley,2018-19,20.0,5,12,0,0,4,15,1,3,7,9,10,8,19.93,1,4,0,0,7,13,0,1,2,2,9,3
Isaiah Gable,SE Missouri St,2018-19,20.0,28,77,16,52,12,14,13,7,2,7,34,17,18.57,44,77,26,53,18,23,16,1,2,8,34,12
Isaiah Garvey-Mwazi,Medgar Evers,2018-19,20.0,1,2,1,1,0,2,0,0,0,0,2,0,14.93,0,2,0,2,0,0,0,0,0,0,0,0
Isaiah Grace,East-West University,2018-19,20.0,3,3,1,1,0,0,1,3,0,0,2,1,14.8,1,2,0,0,1,2,0,0,0,1,1,1
Isaiah Green,Eastern Michigan,2018-19,20.0,5,9,0,2,0,0,1,2,1,3,2,2,20.0,3,4,1,1,0,2,0,0,0,1,2,0
Isaiah Gurley,Texas State,2018-19,20.0,4,13,0,5,3,4,5,2,0,0,12,4,14.77,2,13,1,7,4,5,1,0,0,1,6,1
Isaiah Hammons,Texas Permian Basin,2018-19,20.0,2,6,0,0,0,0,3,1,0,2,1,1,14.8,3,8,0,2,0,0,4,1,0,0,1,1
Isaiah Hart,Loyola (MD),2018-19,20.0,62,153,14,45,26,32,66,25,3,10,34,37,14.88,70,163,18,55,54,72,46,16,2,8,27,33
Isaiah Hicks,Brewton-Parker,2018-19,20.0,1,2,1,2,0,0,1,0,0,0,2,2,17.65,4,9,1,5,0,0,0,0,0,1,3,0
Isaiah Hill,St. Leo,2018-19,20.0,4,7,1,3,0,0,3,2,0,2,6,5,17.73,4,6,0,0,0,0,1,0,0,0,3,0
Isaiah Jackson,Providence,2018-19,20.0,46,115,20,64,26,33,35,22,5,25,52,20,19.6,42,116,17,54,47,55,38,21,0,19,46,17
Isaiah Joe,Arkansas,2018-19,20.0,69,170,51,127,21,27,30,33,4,9,43,16,17.92,57,154,43,118,35,47,26,15,1,7,25,24
Isaiah Jones,Averett,2018-19,20.0,2,2,1,1,1,2,0,1,1,1,0,0,17.97,2,4,2,4,0,0,0,0,1,0,1,0
Isaiah Kelly,Yale,2018-19,20.0,0,1,0,0,1,2,1,1,0,0,2,4,14.78,1,3,0,1,0,0,1,0,0,0,0,0
Isaiah King,Huntingdon,2018-19,20.0,3,6,1,1,0,0,0,0,0,0,1,1,14.95,0,1,0,0,0,0,0,0,0,0,1,0
Isaiah Knox,,2018-19,11.43,0,3,0,0,0,0,0,0,0,1,2,1,0.0,0,2,0,1,0,0,0,1,1,1,1,1
Isaiah Lamb,Marist,2018-19,20.0,34,87,21,51,15,21,12,13,5,20,42,16,20.0,40,91,12,39,21,37,10,11,1,17,57,10
Isaiah Lenz,,2018-19,0.0,0,0,0,0,0,0,0,0,0,0,0,0,0.0,0,0,0,0,0,0,0,0,1,0,0,0
Isaiah Lewis,NC Wesleyan,2018-19,15.0,0,0,0,0,0,0,1,0,1,0,1,0,20.0,0,0,0,0,0,0,0,0,0,0,0,0
Isaiah Livers,Michigan,2018-19,20.0,43,100,22,59,19,27,14,12,9,15,60,9,14.87,44,82,25,51,12,12,10,10,9,10,44,12
Isaiah Mall,,2018-19,5.8,2,5,0,0,0,0,1,0,0,1,2,1,0.0,0,0,0,0,0,0,0,0,0,0,0,0
Isaiah Marks,Rivier,2018-19,20.0,2,2,1,1,0,0,0,0,0,0,0,1,14.85,0,0,0,0,0,0,0,0,0,0,0,1
Isaiah Martin,Florida A&M,2018-19,20.0,8,12,0,0,4,5,1,2,6,6,10,2,18.9,9,13,0,0,1,5,3,1,5,4,8,1
Isaiah Maurice,Memphis,2018-19,20.0,44,90,9,19,23,26,4,4,13,12,45,19,20.0,27,56,4,19,7,12,9,2,15,7,41,17
Isaiah McLean,Mid-Atlantic Christian University,2018-19,20.0,0,3,0,0,0,0,2,0,0,1,0,6,14.83,0,0,0,0,0,0,0,0,0,0,0,3
Isaiah Mclain,Bryan,2018-19,20.0,1,5,0,2,0,0,0,0,0,1,2,0,15.43,1,5,0,2,0,0,0,1,0,0,0,1
Isaiah Milan,William Jessup,2018-19,20.0,2,6,1,4,2,2,1,1,0,0,1,1,17.87,3,4,0,1,0,0,1,1,0,0,0,1
Isaiah Miller,UNC Greensboro,2018-19,20.0,85,182,9,30,21,37,30,35,5,23,38,29,20.0,103,184,11,35,23,43,35,52,2,21,49,22
Isaiah Moll,Vermont,2018-19,20.0,27,69,4,19,3,8,13,8,0,12,30,26,20.0,29,71,7,34,15,24,13,4,4,6,31,11
Isaiah Moody,Southeastern,2018-19,20.0,2,2,0,0,0,0,1,0,0,1,2,0,14.97,1,2,0,1,2,2,0,0,0,1,1,1
Isaiah Morris,CSU Dominguez Hills,2018-19,20.0,0,2,0,2,0,0,3,0,0,0,2,2,14.88,0,2,0,2,0,0,3,0,0,2,0,1
Isaiah Moss,Iowa,2018-19,20.0,62,140,28,56,21,26,32,23,5,6,38,27,19.93,38,100,15,38,27,36,26,8,2,10,27,18
Isaiah Mucius,Wake Forest,2018-19,20.0,30,101,8,43,18,24,10,6,6,14,39,11,19.6,29,81,6,22,18,33,9,4,2,18,28,15
Isaiah Murphy,Eastern New Mexico,2018-19,0.0,3,9,2,7,6,7,0,2,0,0,4,5,20.0,3,11,1,4,2,2,3,1,0,2,3,2
Isaiah Nichols,San José St,2018-19,20.0,6,24,3,10,2,5,8,2,0,8,8,5,20.0,7,21,1,6,3,3,7,5,1,5,12,13
Isaiah Pineiro,San Diego,2018-19,19.07,119,244,17,61,64,76,39,27,8,37,126,53,17.93,102,211,22,54,95,117,32,15,11,29,131,48
Isaiah Poor Bear-Chandler,Wichita State,2018-19,20.0,16,26,2,3,8,14,7,1,6,10,19,7,15.5,11,27,1,3,8,9,2,2,2,13,10,6
Isaiah Reese,Canisius,2018-19,20.0,44,101,18,47,9,14,37,19,4,7,49,24,20.0,40,106,17,55,14,20,47,8,4,7,46,26
Isaiah Roby,Nebraska,2018-19,20.0,72,171,13,43,30,45,32,25,32,35,66,35,15.23,69,143,13,38,58,85,33,15,31,30,96,32
Isaiah Rollins,Southern,2018-19,20.0,8,17,4,11,2,3,3,3,0,2,10,6,14.9,4,22,0,9,1,2,3,1,0,1,7,2
Isaiah Sanders,Notre Dame College,2018-19,20.0,1,1,1,1,0,0,0,0,0,0,0,1,16.93,0,1,0,0,0,0,0,0,0,1,1,2
Isaiah Specks,Trinity University (TX),2018-19,20.0,0,2,0,0,0,0,0,2,0,0,1,0,17.78,0,0,0,0,0,0,0,0,0,0,0,0
Isaiah Speelman,Cedarville,2018-19,20.0,1,3,1,3,0,0,1,0,0,0,1,1,14.92,0,2,0,0,3,3,0,0,1,0,1,1
Isaiah Still,Iona,2018-19,20.0,19,45,7,19,11,22,8,4,1,4,14,15,20.0,8,25,2,13,16,25,10,8,2,4,12,7
Isaiah Stokes,Florida,2018-19,20.0,17,34,0,1,7,8,4,2,0,8,10,13,14.97,9,23,0,3,4,10,6,3,1,1,5,7
Isaiah Thomas,Northern Arizona,2018-19,20.0,11,22,0,0,4,8,2,3,7,9,16,3,20.0,11,18,0,0,2,8,1,0,1,6,4,6
Isaiah Tisdale,East Tennessee State,2018-19,20.0,49,91,12,36,18,30,39,11,3,13,27,16,20.0,49,94,16,38,26,39,41,19,3,15,24,14
Isaiah Wade,Washington State,2018-19,20.0,22,39,0,2,8,21,9,9,1,18,34,12,17.45,26,46,0,0,5,13,7,4,2,11,25,10
Isaiah Waire,,2018-19,1.25,0,4,0,3,0,0,1,0,0,0,1,0,0.0,1,4,1,2,0,0,2,1,0,0,0,0
Isaiah Walton,Longwood,2018-19,20.0,36,78,19,42,17,21,15,7,2,3,33,22,20.0,34,86,10,36,26,28,9,6,2,6,36,23
Isaiah Washington,Minnesota,2018-19,20.0,22,68,5,19,5,6,32,4,2,4,18,15,18.18,16,46,4,14,11,17,21,7,1,1,7,11
Isaiah Webster,North Park,2018-19,20.0,0,1,0,0,0,0,0,0,0,0,1,1,14.8,0,0,0,0,0,0,0,0,0,0,0,0
Isaiah Whaley,UConn,2018-19,0.0,3,5,0,0,2,4,0,2,3,4,7,4,20.0,3,3,0,0,0,1,0,0,1,2,0,0
Isaiah White,Maine,2018-19,20.0,118,286,45,124,31,49,27,28,16,18,101,39,17.95,88,216,29,93,59,86,31,29,20,25,74,48
Isaiah Wilkins,Virginia Tech,2018-19,20.0,18,45,5,21,6,9,12,9,0,14,17,7,14.78,24,47,11,20,12,16,3,7,1,14,19,10
Isaiah Williams,St. Francis (ILL),2018-19,20.0,0,1,0,1,0,0,0,0,0,0,0,0,18.75,0,0,0,0,0,0,0,0,0,0,0,0
Isaiah Wilson,Huston-Tillotson,2018-19,20.0,1,8,0,5,3,4,0,0,1,1,2,3,16.73,0,2,0,0,0,0,3,1,1,0,4,1
Isaiah Wright,San Diego,2018-19,19.07,57,161,24,89,23,31,68,22,1,5,56,47,17.93,65,128,20,54,64,80,69,20,0,5,54,36
Isaih Moore,Charleston,2018-19,20.0,4,8,0,2,2,2,0,1,1,2,8,1,19.8,6,14,1,4,6,10,2,0,2,4,6,1
Ishamell Dukes,Fisk,2018-19,20.0,0,2,0,0,2,3,0,0,0,1,0,2,14.75,0,1,0,1,0,0,0,0,0,0,0,1
Ishmael El-Amin,Ball State,2018-19,20.0,21,42,11,27,5,8,9,5,3,2,15,10,18.95,19,43,9,28,5,8,9,4,0,0,11,11
Ishmael Lane,Northwestern State,2018-19,20.0,72,160,8,34,33,62,18,11,29,40,104,36,14.95,91,166,8,30,42,62,22,14,37,32,113,35
Isiah Charles,Elmira,2018-19,20.0,0,1,0,1,0,0,0,0,0,0,1,1,14.73,0,0,0,0,2,2,0,0,0,0,0,0
Isiah Deas,La Salle,2018-19,20.0,52,148,27,88,22,30,24,14,2,6,32,31,20.0,53,144,27,76,23,32,25,13,1,4,29,27
Isiah Jasey,Texas A&M,2018-19,20.0,2,2,0,0,1,2,0,0,2,1,2,0,20.0,1,1,0,0,1,2,0,2,0,1,2,0
Isiah Jones,Wilberforce,2018-19,20.0,0,4,0,2,0,0,1,0,0,0,0,0,14.85,1,6,0,2,1,2,1,0,0,2,1,1
Isiah Saenz,,2018-19,0.87,1,6,1,5,0,1,2,0,0,0,2,2,0.0,0,5,0,3,2,2,1,0,0,1,0,0
Isiaha Mike,SMU,2018-19,20.0,60,128,28,64,28,35,26,13,17,24,52,34,19.02,63,138,21,67,35,47,27,15,16,31,53,22
Ismael Celestin,Southeastern,2018-19,20.0,1,6,0,1,0,0,1,0,0,0,2,2,14.97,0,0,0,0,2,2,1,0,0,0,2,4
Israel Barnes,Weber State,2018-19,19.07,36,99,20,55,9,19,18,14,3,10,27,18,17.93,32,77,8,32,12,26,25,5,4,3,23,19
Issa Thiam,Rutgers,2018-19,20.0,14,52,11,36,4,4,6,9,4,5,21,11,14.58,15,40,10,26,7,12,6,6,4,7,16,5
Issac Ford,South Wesleyan,2018-19,20.0,2,2,1,1,2,3,0,1,0,0,0,1,17.87,0,0,0,0,0,0,1,1,0,1,2,0
Issac Vann,VCU,2018-19,20.0,28,70,12,29,12,15,13,10,1,4,27,11,20.0,23,63,2,19,23,24,17,6,3,6,28,16
Issaiah Chappell,Rivier,2018-19,20.0,4,8,0,2,0,0,0,0,0,0,1,3,14.85,1,6,1,1,0,0,0,0,0,0,1,0
Ithiel Horton,Delaware,2018-19,15.13,69,154,41,89,11,17,25,12,1,8,39,25,20.0,67,152,31,80,28,36,23,14,2,5,34,18
Ivan Alipiev,Loyola Marymount,2018-19,20.0,3,13,3,9,2,2,2,0,0,1,3,2,20.0,6,14,2,6,0,2,4,0,0,3,2,3
Ivan Aurrecoechea,New Mexico State,2018-19,20.0,54,92,0,0,29,43,9,5,4,38,53,18,19.35,45,76,0,1,30,42,12,5,1,25,43,20
Ivan Bender,Maryland,2018-19,20.0,2,6,0,0,1,2,4,0,1,2,10,9,17.92,1,2,0,1,0,0,2,0,0,2,3,2
Ivan Cucak,Austin Peay,2018-19,20.0,14,23,3,3,2,2,3,1,5,7,8,3,14.92,4,9,0,1,4,8,4,1,2,3,9,5
Ivan Gandia-Rosa,North Florida,2018-19,20.0,57,144,25,76,11,12,84,13,4,9,36,38,20.0,56,118,31,67,27,40,90,13,0,7,38,41
Ivan Hadzic,Canisius,2018-19,0.0,0,0,0,0,0,0,0,0,0,0,0,0,18.25,0,1,0,1,0,0,0,0,0,0,0,0
Ivan Madunic,Southern Utah,2018-19,20.0,14,44,7,27,9,11,7,3,9,13,42,7,20.0,8,21,5,14,5,7,4,3,7,2,23,3
Ivan Raut,Fordham,2018-19,20.0,25,60,21,52,6,12,4,11,2,2,42,12,20.0,13,45,7,38,3,3,8,4,0,2,21,8
Ivory Drummer,Allen,2018-19,19.98,1,2,0,1,0,0,0,1,0,0,0,1,14.78,1,4,0,2,0,0,1,0,0,0,0,2
Ivory Miles-Williams,College of Idaho,2018-19,0.0,0,0,0,0,0,0,0,0,0,0,0,0,14.95,2,2,0,0,0,0,0,1,0,0,2,0
Ivy Smith Jr,Grambling,2018-19,20.0,0,0,0,0,0,0,48,0,0,0,0,0,20.0,0,0,0,0,0,0,39,0,0,0,0,0
Ivy Smith Jr.,Grambling,2018-19,20.0,28,74,6,21,30,37,2,11,1,4,20,35,20.0,28,88,5,16,60,77,0,12,1,8,21,23
Iwin Ellis,Prairie View A&M,2018-19,20.0,23,34,0,0,7,16,5,4,4,18,39,8,18.3,21,25,0,0,4,7,3,7,4,13,26,5
Izai Clark,Avila,2018-19,20.0,1,3,0,0,0,0,0,0,0,1,1,1,14.95,0,0,0,0,2,2,0,2,0,0,0,1
Izaiah Sanders,North Park,2018-19,20.0,2,4,0,0,1,1,1,0,0,0,2,3,14.8,0,1,0,0,0,0,0,0,0,1,1,3
Izaya Sims,Midway,2018-19,20.0,0,4,0,1,0,0,0,1,0,0,1,3,14.8,1,3,0,1,0,0,1,0,0,0,0,3
Izayah Mauriohooho-Le'afa,Sacramento State,2018-19,20.0,49,134,28,81,12,15,38,19,2,4,39,28,16.87,40,127,22,83,9,16,38,21,1,8,35,22
J'Raan Brooks,USC,2018-19,20.0,11,24,2,5,2,5,4,1,1,3,16,6,20.0,3,13,1,7,2,2,2,0,0,2,10,0
J'Sean Miller,Schreiner,2018-19,0.0,0,0,0,0,0,0,0,0,0,0,0,1,14.78,1,1,1,1,0,0,0,1,0,0,0,1
J'Von McCormick,Auburn,2018-19,20.0,35,62,4,8,11,19,29,11,3,10,15,13,14.95,24,51,3,8,13,20,21,14,0,7,9,11
J.C. Show,Binghamton,2018-19,20.0,46,139,30,95,14,17,2,20,0,2,47,11,20.0,74,164,49,110,16,19,0,13,1,5,55,28
J.D. Hoover,Oakland City,2018-19,0.0,0,0,0,0,0,0,0,0,0,0,0,1,14.92,0,2,0,1,0,0,0,0,0,0,2,2
J.D. Paige,Colorado State,2018-19,20.0,74,164,31,74,15,21,1,19,4,3,53,31,14.85,96,201,34,85,57,66,3,17,3,8,43,17
J.J. Culver,Wayland Baptist University,2018-19,20.0,1,3,0,0,2,2,0,1,0,1,2,3,17.97,3,7,0,1,0,0,0,0,0,1,1,1
J.J. Matthews,Arkansas State,2018-19,20.0,16,38,0,0,17,29,0,3,6,12,19,17,17.83,28,49,0,0,10,15,0,4,5,16,20,6
J.P. Brandon,Harding,2018-19,20.0,1,1,0,0,0,0,0,0,0,1,1,0,14.93,0,2,0,0,0,0,0,0,1,0,1,0
J.P. Moorman II,Temple,2018-19,20.0,29,71,15,36,5,8,3,11,5,13,47,10,17.68,31,68,15,37,13,18,6,11,3,19,48,11
J.R. Lynch,Hartford,2018-19,20.0,77,176,28,75,30,38,4,37,2,6,50,29,20.0,83,181,37,91,63,72,2,25,2,15,47,32
J.T. Escobar,,2018-19,0.12,51,110,34,80,13,18,0,7,0,3,24,20,0.0,50,135,38,109,20,28,1,10,1,3,35,22
JC Butler,UC Irvine,2018-19,20.0,5,13,1,6,6,7,2,3,0,6,11,1,15.03,8,17,2,8,1,3,4,3,0,5,9,2
JC Show,Binghamton,2018-19,20.0,0,0,0,0,0,0,11,0,0,0,0,0,20.0,0,0,0,0,0,0,20,0,0,0,0,0
JC Younger,Presbyterian,2018-19,20.0,69,152,54,115,3,4,14,2,0,5,51,9,19.8,46,111,36,84,16,27,10,8,0,6,31,16
JD Miller,TCU,2018-19,20.0,61,153,12,52,39,55,34,18,7,44,70,26,20.0,63,118,10,34,62,94,26,8,9,39,83,19
JD Notae,Jacksonville,2018-19,20.0,73,162,17,71,11,19,42,15,6,9,78,44,17.17,77,176,31,80,53,66,42,29,6,14,59,44
JD Paige,Colorado State,2018-19,20.0,0,0,0,0,0,0,44,0,0,0,0,0,14.85,0,0,0,0,0,0,43,0,0,0,0,0
JD Williams,UL Monroe,2018-19,20.0,52,146,18,57,33,45,32,11,9,11,51,37,14.92,78,149,20,46,64,78,25,21,11,14,46,33
JJ Culver,Wayland Baptist University,2018-19,20.0,0,0,0,0,0,0,1,0,0,0,0,0,17.97,0,0,0,0,0,0,2,0,0,0,0,0
JJ Matthews,,2018-19,0.0,0,0,0,0,0,0,3,0,0,0,0,0,1.37,0,0,0,0,0,0,6,0,0,0,0,0
JJ Woods,,2018-19,0.0,0,0,0,0,0,0,0,1,0,0,0,0,0.0,0,0,0,0,0,0,0,0,0,0,0,0
JP Brandon,Harding,2018-19,20.0,0,0,0,0,0,0,1,0,0,0,0,0,14.93,0,0,0,0,0,0,0,0,0,0,0,0
JP Moorman II,Temple,2018-19,20.0,0,0,0,0,0,0,28,0,0,0,0,0,17.68,0,0,0,0,0,0,16,0,0,0,0,0
JR Lynch,Hartford,2018-19,20.0,0,0,0,0,0,0,58,0,0,0,0,0,20.0,0,0,0,0,0,0,54,0,0,0,0,0
JT Branch,Simpson University,2018-19,20.0,1,2,0,1,0,0,2,0,1,0,1,1,16.87,1,1,0,0,0,0,0,1,0,0,2,0
JT Escobar,North Florida,2018-19,0.0,0,0,0,0,0,0,21,0,0,0,0,0,20.0,0,0,0,0,0,0,17,0,0,0,0,0
JT Gibson,Omaha,2018-19,20.0,65,155,36,95,13,16,30,18,2,3,45,19,14.9,67,146,32,85,19,26,26,16,1,4,24,18
Ja Morant,Murray State,2018-19,20.0,140,275,40,99,90,113,167,33,16,17,88,84,17.63,116,233,14,50,119,140,143,22,10,23,54,76
Ja Morgan,Bemidji State,2018-19,20.0,3,4,1,2,2,2,1,1,0,0,0,1,14.97,0,3,0,0,0,0,0,0,0,0,0,1
Ja'Cor Nelson,Campbell,2018-19,18.27,34,74,1,11,14,31,38,16,2,15,45,25,20.0,45,86,4,14,21,33,27,21,3,18,22,23
Ja'Cori Wilson,Morehead State,2018-19,20.0,9,26,5,17,3,4,4,6,4,11,16,8,17.62,9,19,3,9,1,3,0,1,1,9,8,3
Ja'Shawn Brooks,Mars Hill,2018-19,20.0,2,5,1,2,2,2,0,0,0,0,1,1,14.87,0,1,0,1,0,0,0,1,0,0,1,1
Ja'Shon Henry,Bradley,2018-19,20.0,27,45,2,5,11,25,2,6,4,10,25,15,15.58,17,34,0,2,14,23,5,8,3,18,11,7
Ja'vonte Smart,LSU,2018-19,20.0,54,140,17,54,32,37,31,19,1,4,33,28,14.93,50,135,16,51,28,34,34,16,2,7,35,24
JaColby Pemberton,Louisiana Tech,2018-19,20.0,46,108,17,48,26,33,18,11,5,26,64,29,20.0,48,104,11,43,46,71,18,6,4,24,57,20
JaKeenan Gant,Louisiana,2018-19,20.0,113,225,22,57,41,50,20,12,38,39,89,30,15.63,111,192,17,46,56,72,15,12,34,54,69,27
JaQualis Matlock,Eastern Illinois,2018-19,20.0,33,85,9,18,5,14,26,8,11,29,45,10,17.98,29,61,0,4,14,26,15,17,6,29,42,14
JaQuori McLaughlin,UC Santa Barbara,2018-19,20.0,46,134,25,73,33,40,51,11,4,7,36,31,19.87,45,126,18,55,36,47,38,11,2,10,31,23
JaShaun Smith,Longwood,2018-19,20.0,66,142,27,75,10,16,11,7,6,10,45,30,20.0,64,121,21,52,14,28,9,12,12,9,32,29
Jaalam Hill,Cleveland State,2018-19,20.0,65,113,7,15,8,14,20,15,9,29,57,27,17.1,70,113,3,5,15,32,15,4,20,24,57,17
Jabari McGhee,Austin Peay,2018-19,20.0,45,89,0,0,26,40,7,17,12,41,62,14,14.92,40,79,0,0,31,55,13,9,8,37,40,15
Jabari Narcis,UT Arlington,2018-19,20.0,15,41,5,22,2,6,4,3,18,16,33,8,19.2,19,29,6,12,6,9,4,0,11,11,21,7
Jabari Rice,New Mexico State,2018-19,20.0,13,34,4,21,13,22,10,10,2,9,13,4,19.35,10,38,2,20,15,21,11,4,2,7,16,8
Jabril Hunter,Wilberforce,2018-19,20.0,3,8,0,0,3,3,0,0,1,2,2,4,14.68,2,6,0,0,0,0,0,1,0,2,2,0
JacQuess Hobbs,Eastern Kentucky,2018-19,20.0,13,47,2,15,6,9,21,11,0,2,19,17,14.8,14,32,2,6,3,6,9,12,0,0,14,9
Jacar Green,Greensboro,2018-19,20.0,0,0,0,0,0,0,1,2,0,1,1,0,17.7,1,2,0,0,0,1,1,0,1,0,0,3
Jacara Cross,Jacksonville State,2018-19,20.0,18,32,0,0,6,7,3,4,6,9,5,13,16.68,13,22,0,2,3,5,4,2,2,5,10,4
Jacari Randolph,Trinity Baptist,2018-19,20.0,0,4,0,3,0,1,1,1,0,1,5,3,14.83,1,3,0,1,0,0,1,1,0,0,1,1
Jace Hogan,Jacksonville,2018-19,20.0,78,174,1,5,24,38,11,6,7,21,56,31,17.17,60,125,1,2,40,53,12,10,10,39,37,18
Jace Johnson,Texas A&M-International,2018-19,20.0,0,1,0,1,0,0,1,0,0,0,3,0,14.97,1,2,1,2,0,0,0,0,0,0,1,0
Jachon Bivens-Crowder,Brescia,2018-19,20.0,0,1,0,1,0,0,0,0,0,0,0,0,14.97,0,1,0,0,0,0,0,0,0,0,0,1
Jack Beach,,2018-19,0.0,0,0,0,0,0,0,0,0,0,0,0,0,0.0,0,0,0,0,0,0,0,0,0,1,0,0
Jack Byrne,Skidmore,2018-19,20.0,2,5,2,5,0,0,0,0,0,0,2,0,14.97,2,3,1,2,0,2,0,0,0,1,1,1
Jack Clark,La Salle,2018-19,20.0,15,37,10,22,3,3,4,4,2,4,12,0,20.0,7,17,2,10,16,20,5,4,0,1,7,7
Jack Davidson,Wabash College,2018-19,20.0,1,5,1,3,2,2,1,1,0,0,0,2,15.08,4,8,3,3,0,0,1,0,0,0,2,0
Jack Eaton,Hendrix College,2018-19,20.0,1,2,0,0,1,3,1,0,0,0,1,0,14.87,0,0,0,0,0,0,0,0,0,0,1,1
Jack Ferguson,Colgate,2018-19,0.0,31,72,20,52,10,14,18,11,1,3,25,11,15.0,31,78,23,57,21,25,12,7,2,10,21,13
Jack Galazka,Defiance,2018-19,20.0,0,1,0,1,0,0,0,0,0,0,0,0,14.88,0,1,0,1,0,0,0,0,0,0,0,0
Jack Gordon,Cornell,2018-19,20.0,14,38,6,20,8,9,12,6,0,4,14,13,20.0,14,36,7,20,23,31,17,2,1,8,9,14
Jack Gray,Brewton-Parker,2018-19,20.0,3,6,2,4,0,0,0,1,0,0,4,1,17.65,1,3,0,1,0,0,0,0,0,0,2,3
Jack Hansen,IUPUI,2018-19,20.0,11,41,6,23,11,13,4,1,1,7,11,5,17.87,16,39,7,17,11,12,6,4,3,8,21,6
Jack Hemphill,Boston University,2018-19,20.0,22,60,4,25,7,13,4,1,5,10,25,14,20.0,16,39,9,21,7,12,3,3,2,7,15,9
Jack Kaub,Humboldt State,2018-19,20.0,1,1,0,0,0,0,0,1,0,0,0,2,14.73,1,4,0,2,2,2,1,1,0,1,0,1
Jack Lake,,2018-19,0.0,0,0,0,0,0,0,0,0,0,0,0,1,0.0,0,0,0,0,0,0,0,0,0,0,0,0
Jack Macdonald,Alaska Anchorage,2018-19,20.0,1,1,1,1,0,0,1,0,0,0,1,1,14.77,1,3,0,1,0,0,0,0,0,0,0,0
Jack McCarthy,Rivier,2018-19,0.0,0,0,0,0,0,0,0,0,0,0,0,1,14.85,0,0,0,0,2,2,0,0,0,0,0,0
Jack McCormack,,2018-19,0.0,0,0,0,0,0,0,0,0,0,2,0,0,0.0,0,0,0,0,0,0,0,0,0,0,0,0
Jack O'Connor,Emerson College,2018-19,20.0,2,8,1,5,0,0,1,0,0,0,1,0,14.78,4,8,1,1,5,5,0,2,1,0,1,1
Jack Perry,Eastern Washington,2018-19,20.0,19,57,17,51,3,3,25,7,2,3,30,14,14.93,18,54,12,39,3,4,21,5,0,4,10,4
Jack Purchase,Hawai'i,2018-19,20.0,61,126,45,102,15,18,31,6,9,11,68,20,17.95,51,115,28,87,28,36,25,6,8,9,84,22
Jack Salt,Virginia,2018-19,20.0,22,45,0,0,7,14,13,5,6,20,40,16,15.7,32,46,0,0,15,28,3,6,3,32,41,6
Jack Schwietz,Shenandoah,2018-19,20.0,1,9,1,6,0,0,4,1,0,0,2,2,14.95,3,5,2,2,0,0,1,1,1,0,2,1
Jack Turnbull,Mayville State,2018-19,20.0,1,3,1,2,0,0,0,0,0,0,1,0,17.45,0,2,0,1,0,0,1,0,0,1,0,0
Jack Westerfield,Dayton,2018-19,0.0,0,2,0,1,0,0,0,0,0,0,0,1,14.9,0,1,0,1,0,0,0,0,0,0,1,0
Jack White,Duke,2018-19,20.0,23,66,17,53,12,15,13,12,14,23,61,7,14.78,19,53,6,34,9,10,12,7,21,18,49,14
Jack Williams,Rice,2018-19,20.0,49,147,11,47,10,21,15,3,5,24,83,29,17.73,55,137,13,41,30,44,10,7,11,37,92,22
Jacknelson Joseph,Johnson & Wales (FL),2018-19,20.0,0,3,0,3,3,3,0,1,0,1,1,1,14.95,0,3,0,1,0,0,0,0,0,1,1,2
Jackson Baylark,Johnson & Wales (NC),2018-19,20.0,2,4,0,0,0,0,1,2,2,3,4,0,14.85,4,4,0,0,5,6,0,1,1,1,2,0
Jackson Donahue,Pennsylvania,2018-19,20.0,8,40,8,35,3,4,7,0,0,4,5,2,20.0,9,25,7,21,0,1,5,2,0,2,2,3
Jackson Fitzgerald,Covenant,2018-19,20.0,0,1,0,0,0,0,0,0,2,0,1,0,14.97,0,0,0,0,0,1,2,1,0,0,1,0
Jackson Price,Central Washington,2018-19,20.0,0,4,0,1,0,0,0,1,0,0,1,1,17.97,1,1,1,1,0,0,0,0,0,0,2,0
Jackson Rowe,,2018-19,4.1,66,130,11,33,27,41,33,12,14,16,106,35,0.0,73,129,6,22,34,47,27,6,19,30,95,33
Jackson Smith,Dominican (IL),2018-19,20.0,0,2,0,1,0,0,1,0,0,0,0,0,14.98,2,3,2,3,0,0,0,0,0,0,0,1
Jackson State,,2018-19,0.0,0,0,0,0,0,0,0,0,0,6,12,1,0.0,0,0,0,0,0,0,0,0,0,11,16,1
Jackson Stent,Houston Baptist,2018-19,20.0,19,38,7,21,6,11,5,2,4,7,7,8,14.9,17,38,5,14,16,18,2,2,2,6,9,7
Jackson Stormo,Pepperdine,2018-19,20.0,3,4,0,0,0,0,0,1,0,1,7,2,14.88,4,8,0,0,4,4,2,0,1,3,6,1
Jackson Strong,Humboldt State,2018-19,20.0,4,9,1,5,0,0,1,0,1,0,2,4,14.73,3,8,2,6,0,0,0,1,0,0,1,0
Jackson Willoughby,Texas Lutheran,2018-19,20.0,1,4,0,2,0,0,0,0,0,0,1,2,20.0,0,3,0,0,1,2,1,0,0,1,0,0
Jacksonville,,2018-19,0.0,0,0,0,0,0,0,0,0,0,11,19,2,0.0,0,0,0,0,0,0,0,0,0,20,18,6
Jacksonville State,,2018-19,0.0,0,0,0,0,0,0,0,0,0,16,18,1,0.0,0,0,0,0,0,0,0,0,0,9,15,4
Jacob Booke,Truett-McConnell,2018-19,20.0,0,4,0,4,0,0,0,1,0,0,0,1,16.18,1,5,0,0,0,0,1,1,0,0,1,0
Jacob Boonyasith,American,2018-19,20.0,23,54,16,37,4,5,13,5,2,0,20,10,20.0,23,51,10,31,7,12,8,5,4,2,16,6
Jacob Brummett,Life Pacific,2018-19,0.0,1,1,0,0,1,2,0,0,0,1,1,0,15.03,1,1,0,0,0,1,0,0,0,0,0,1
Jacob Calloway,Southern Utah,2018-19,20.0,56,109,24,61,14,22,27,11,7,13,55,19,14.6,52,126,24,67,32,40,12,7,3,9,54,15
Jacob Cawood,Milligan,2018-19,20.0,3,11,2,5,2,2,1,1,0,1,4,1,14.83,7,12,3,4,0,1,1,0,0,0,3,0
Jacob Champion,Huntingdon,2018-19,20.0,1,2,0,1,0,0,0,1,0,1,0,0,14.95,3,5,3,5,0,0,0,0,0,0,0,0
Jacob Crutchfield,Fayetteville State,2018-19,20.0,0,1,0,0,0,0,0,0,0,0,0,0,17.77,0,1,0,1,0,0,0,0,0,0,0,0
Jacob Cushing,Delaware,2018-19,15.0,10,20,7,16,4,4,4,1,1,1,6,8,20.0,7,11,5,9,6,6,2,0,0,1,6,4
Jacob Davison,Eastern Washington,2018-19,15.0,53,123,13,44,14,20,21,18,7,5,25,23,20.0,61,133,17,46,32,37,16,7,6,8,28,23
Jacob Dean,Holy Names,2018-19,20.0,6,8,4,5,4,6,0,1,0,1,2,2,17.73,1,1,0,0,2,2,1,0,0,1,2,1
Jacob Donaldson,McKendree,2018-19,0.0,1,3,1,2,0,0,0,1,2,0,1,0,17.45,4,9,2,4,0,0,0,0,2,1,2,0
Jacob Epperson,Creighton,2018-19,0.0,3,3,0,0,0,0,0,0,1,2,4,2,20.0,10,12,0,0,2,3,0,0,3,1,2,1
Jacob Gilyard,Richmond,2018-19,20.0,75,158,28,87,27,30,68,46,0,6,33,34,15.97,82,176,35,93,39,51,70,33,1,12,27,27
Jacob Grandison,Holy Cross,2018-19,20.0,89,187,34,87,12,13,49,19,8,15,65,35,18.25,68,176,31,88,31,42,40,14,3,10,64,22
Jacob Guest,Northwestern State,2018-19,20.0,11,52,8,41,5,7,3,0,0,5,8,4,14.98,13,31,10,26,2,3,4,2,0,2,7,2
Jacob Hoffman,Bemidji State,2018-19,20.0,1,3,0,1,0,0,1,0,0,0,0,1,14.97,1,4,0,2,0,0,1,0,0,1,0,0
Jacob Holland,Detroit Mercy,2018-19,20.0,12,43,5,14,7,8,2,4,1,8,5,9,17.9,11,20,1,2,3,12,2,2,1,5,6,5
Jacob Hyde,,2018-19,0.0,0,0,0,0,0,0,0,0,0,0,0,0,0.0,0,0,0,0,0,0,0,0,0,0,1,0
Jacob Kessler,Army,2018-19,0.0,21,38,9,21,4,4,13,7,0,13,18,9,20.0,13,35,4,17,3,6,12,7,3,12,13,6
Jacob Kouremetis,Texas Lutheran,2018-19,20.0,9,12,8,11,1,2,1,1,0,0,2,1,20.0,0,7,0,5,0,0,0,0,0,0,1,0
Jacob Ledoux,Texas Permian Basin,2018-19,20.0,2,13,0,3,0,0,0,0,0,1,3,3,14.8,8,16,3,9,4,6,2,0,2,1,2,3
Jacob Link,Hendrix College,2018-19,0.0,0,0,0,0,0,0,0,1,0,0,1,1,14.87,1,3,0,1,1,2,1,0,0,1,1,0
Jacob Lomeli,Westcliff,2018-19,20.0,0,1,0,1,0,0,0,0,0,0,0,0,14.82,0,0,0,0,0,0,0,0,0,0,0,1
Jacob Mainous,West Coast Baptist,2018-19,20.0,1,2,1,2,0,0,0,1,0,0,1,3,14.6,0,1,0,1,0,0,0,0,0,0,2,1
Jacob McNallan,Bemidji State,2018-19,20.0,1,4,0,1,1,1,0,0,0,0,0,0,14.97,3,5,0,0,0,0,0,1,0,0,1,0
Jacob Orender,California,2018-19,20.0,0,3,0,1,0,0,1,1,0,0,1,1,20.0,0,0,0,0,0,0,0,0,0,0,0,0
Jacob Parr,Fontbonne College,2018-19,0.0,0,0,0,0,0,0,0,0,0,0,0,0,14.9,0,1,0,1,0,0,0,0,0,0,0,0
Jacob Powell,Maine-Fort Kent,2018-19,20.0,0,0,0,0,0,0,1,0,0,1,1,2,14.83,0,0,0,0,0,0,1,0,0,0,1,1
Jacob Rigoni,Quinnipiac,2018-19,20.0,55,125,37,90,16,17,20,10,5,13,46,15,14.85,36,98,24,73,35,41,15,9,3,10,38,21
Jacob Roark,Florida College,2018-19,20.0,0,4,0,4,0,0,0,1,0,1,0,1,17.85,1,1,1,1,0,0,0,0,0,0,3,2
Jacob Rose,,2018-19,0.0,0,0,0,0,0,0,0,0,0,0,4,0,0.0,0,0,0,0,0,0,0,0,0,0,0,0
Jacob Simonson,Rosemont College,2018-19,20.0,3,11,1,7,0,0,3,0,0,0,2,0,14.93,2,6,1,2,2,2,0,0,0,0,3,2
Jacob Socha,Truman State,2018-19,20.0,1,1,1,1,0,0,1,0,0,0,0,0,20.0,2,3,2,3,1,1,0,0,0,0,0,1
Jacob Taylor,Mississippi College,2018-19,0.0,0,0,0,0,0,0,0,0,0,1,0,1,14.97,0,1,0,0,0,0,1,0,0,1,0,0
Jacob Tryon,Portland,2018-19,20.0,20,47,3,21,3,4,5,1,6,5,21,13,17.95,18,40,8,20,5,6,6,2,5,3,24,5
Jacob Watts-Jenkins,Huston-Tillotson,2018-19,20.0,0,3,0,0,0,0,0,0,0,0,1,0,17.98,0,1,0,0,0,0,0,0,0,0,0,0
Jacob Wiley,UIC,2018-19,15.0,8,21,1,2,10,19,3,1,10,13,23,11,20.0,18,25,0,0,9,16,5,2,6,8,24,8
Jacobe Davis,University of the Ozarks,2018-19,20.0,0,2,0,0,0,0,0,0,0,0,1,0,14.97,0,0,0,0,0,0,0,0,0,0,2,1
Jacobi Gordon,California,2018-19,20.0,7,25,4,16,9,11,4,1,0,9,16,11,19.05,6,16,2,8,8,13,1,1,0,5,5,5
Jacoby Ross,Alabama State,2018-19,20.0,39,131,25,71,28,30,31,12,1,8,28,36,14.63,50,135,22,72,19,23,27,10,0,8,22,23
Jacolby Williamson,Mid-Atlantic Christian University,2018-19,20.0,1,5,1,4,0,0,0,0,0,0,2,0,14.83,2,2,2,2,1,2,1,0,0,0,0,2
Jacoree Evans,Arlington Baptist,2018-19,20.0,0,2,0,0,0,0,0,0,0,1,0,0,14.93,0,1,0,0,1,2,0,0,0,0,0,0
Jacque Brown,UNC Wilmington,2018-19,15.0,0,1,0,1,0,0,0,0,0,0,0,0,20.0,0,0,0,0,0,0,0,0,0,0,0,0
Jacquez Coleman,Louisiana College,2018-19,0.0,1,1,1,1,0,0,0,1,0,0,1,4,18.13,3,4,3,4,1,2,1,0,0,0,2,0
Jacquil Taylor,Hofstra,2018-19,20.0,56,83,0,0,16,21,11,9,33,40,95,18,17.98,50,67,0,0,24,32,6,5,27,44,76,9
Jacquon Brown,Hiwassee College,2018-19,20.0,2,6,0,0,0,0,0,0,0,1,5,3,14.97,3,5,0,0,0,0,0,0,0,0,4,0
Jade' Smith,Pepperdine,2018-19,20.0,60,123,11,36,17,27,29,17,4,23,53,30,14.88,54,107,12,29,27,38,23,24,2,34,67,30
Jaden Jenkins,Northwest University,2018-19,20.0,2,4,0,2,0,0,1,0,0,0,2,0,14.83,2,3,1,1,0,0,0,0,0,0,0,2
Jaden Sayles,Akron,2018-19,20.0,2,12,0,0,1,4,0,0,4,9,15,2,14.92,5,8,0,0,9,12,0,1,3,5,8,1
Jaden Terry,Tiffin,2018-19,20.0,0,2,0,1,0,0,1,0,0,0,1,1,14.95,1,2,0,1,0,0,0,0,0,0,0,0
Jaedon LeDee,Ohio State,2018-19,20.0,6,21,0,1,12,15,2,0,2,10,13,6,14.97,2,12,0,2,17,21,3,2,2,4,3,3
Jael Scott,Alcorn State,2018-19,20.0,23,47,3,6,10,19,26,9,3,12,23,20,18.08,19,33,0,4,5,9,17,11,5,13,18,15
Jaelan Sanford,Toledo,2018-19,20.0,92,216,27,85,15,20,51,4,2,12,51,32,20.0,95,222,26,77,60,69,52,8,3,18,56,28
Jaelin Llewellyn,Princeton,2018-19,20.0,35,113,10,47,4,8,27,5,3,4,31,23,18.88,45,128,13,45,15,25,28,7,1,6,21,13
Jaevin Cumberland,Oakland,2018-19,20.0,82,192,50,130,27,35,52,21,4,4,36,28,20.0,89,209,58,140,83,93,58,16,2,9,45,30
Jafet Thomas,Medgar Evers,2018-19,20.0,0,2,0,0,0,0,0,0,0,0,0,2,14.93,0,0,0,0,0,0,0,1,1,0,0,0
Jagan Mosely,Georgetown,2018-19,20.0,16,32,4,14,10,13,26,7,1,4,18,11,17.87,15,32,6,12,13,17,36,5,1,8,23,14
Jagger Surface,IU-Northwest,2018-19,20.0,4,10,2,6,0,0,0,0,0,1,2,0,14.98,1,5,1,4,0,0,0,0,0,0,0,0
Jah-Kobe Womack,,2018-19,1.33,2,8,0,2,4,4,1,0,1,0,0,0,0.0,2,4,2,2,0,0,1,0,0,1,1,2
Jahaad Proctor,High Point,2018-19,20.0,91,209,24,79,45,57,54,21,4,9,54,32,20.0,111,231,29,81,71,94,43,13,7,9,44,33
Jahbril Price Noel,,2018-19,3.28,1,5,0,1,0,0,1,0,0,2,2,1,0.0,1,1,1,1,0,0,1,0,0,0,0,0
Jahbril Price-Noel,Pacific,2018-19,20.0,9,27,2,8,8,11,14,2,1,2,17,14,20.0,5,22,1,9,5,8,4,1,0,1,8,11
Jaheam Cornwall,Gardner-Webb,2018-19,15.0,37,79,19,45,7,9,42,16,0,1,38,14,20.0,27,64,15,38,15,24,42,10,0,0,34,21
Jahleel Stevens,Presentation College,2018-19,20.0,1,1,1,1,0,0,0,0,0,0,1,0,15.77,0,0,0,0,1,2,1,0,0,0,0,0
Jahlil Jenkins,Fairleigh Dickinson,2018-19,20.0,62,163,21,59,26,31,70,28,2,4,47,34,14.58,76,156,16,50,68,77,68,19,0,3,43,33
Jahlil Rawley,Stetson,2018-19,20.0,25,48,1,2,6,9,40,15,2,5,28,28,14.95,18,50,0,4,7,10,29,15,1,0,27,16
Jahlil Tripp,Pacific,2018-19,20.0,37,74,4,21,25,32,31,19,2,12,51,23,14.93,65,119,7,20,28,43,42,22,0,23,45,38
Jahlin Smith,Savannah St,2018-19,20.0,16,49,9,38,7,13,4,6,2,4,20,9,14.92,19,39,10,22,2,8,7,4,1,8,12,8
Jahmal McMurray,SMU,2018-19,20.0,94,206,40,105,25,28,41,10,2,2,37,32,19.02,102,230,55,140,37,46,39,12,2,3,28,20
Jahmar Young Jr.,SMU,2018-19,20.0,2,5,0,0,0,1,0,0,3,2,9,5,19.02,1,2,0,0,1,2,0,1,1,1,3,1
Jahmari Etienne,South Carolina State,2018-19,20.0,24,73,16,46,1,2,13,6,2,2,20,14,16.17,29,70,13,35,15,18,7,4,1,8,7,12
Jahmel Myers,New Orleans,2018-19,0.0,19,47,1,3,21,23,11,10,4,16,28,19,14.87,30,58,3,5,17,24,13,6,6,18,28,14
Jahmiah Simmons,North Texas,2018-19,20.0,17,33,1,4,8,14,7,3,3,11,22,7,14.73,3,16,0,3,11,21,2,2,2,7,24,7
Jahnathan Maxwell,Iona,2018-19,20.0,14,43,7,29,1,2,9,5,3,9,25,12,20.0,13,22,4,13,1,4,6,4,1,2,13,4
Jahshire Hardnett,BYU,2018-19,20.0,31,78,7,27,6,7,23,11,0,4,15,19,17.82,27,54,2,10,35,45,6,6,0,3,11,5
Jahvon Blair,Georgetown,2018-19,0.0,20,45,18,40,2,5,10,2,0,1,21,4,17.87,19,61,14,47,9,14,26,2,0,4,14,12
Jahvon Quinerly,Villanova,2018-19,20.0,16,41,9,24,3,4,7,3,0,1,8,13,17.55,7,23,2,14,3,5,12,2,0,1,7,5
Jaiden Delaire,Stanford,2018-19,20.0,14,43,3,13,13,22,4,4,2,3,17,11,17.27,23,51,1,12,9,16,7,3,5,7,17,2
Jailan Haslem,Charlotte,2018-19,20.0,19,36,0,0,5,10,9,2,4,14,28,17,20.0,11,19,0,1,3,6,9,2,6,15,16,7
Jailen Gill,UT Martin,2018-19,20.0,33,73,0,0,4,9,10,7,15,21,43,16,17.88,43,68,0,4,22,29,9,5,11,21,32,19
Jailen Jamison,Kean,2018-19,20.0,0,2,0,0,0,0,1,1,0,0,3,0,14.83,1,1,0,0,0,0,0,0,0,0,0,2
Jailyn Ingram,Florida Atlantic,2018-19,20.0,19,36,4,11,3,3,6,4,6,13,17,14,14.83,31,48,7,13,9,11,8,3,2,6,18,11
Jaime Echenique,Wichita State,2018-19,20.0,67,126,7,19,16,29,6,7,23,26,77,24,20.0,57,104,5,12,42,62,7,11,25,38,67,23
Jaire Grayer,George Mason,2018-19,0.0,13,27,11,20,3,6,4,1,2,4,4,8,20.0,8,24,4,17,10,14,4,1,1,6,11,4
Jairus Hamilton,Boston College,2018-19,20.0,34,73,13,31,11,21,12,5,2,16,44,22,20.0,22,61,6,27,13,18,10,3,2,11,32,20
Jaiveon Eaves,Murray State,2018-19,20.0,15,38,11,29,4,4,4,1,2,2,8,4,14.83,12,32,7,24,2,2,5,2,1,0,10,3
Jaizec Lottie,Little Rock,2018-19,19.18,21,59,5,19,7,17,44,10,0,5,34,25,20.0,37,65,8,21,9,25,36,12,1,2,23,26
Jakari McCombs,Brewton-Parker,2018-19,0.0,0,0,0,0,0,0,0,0,0,0,0,0,17.65,0,1,0,0,0,0,1,0,0,0,0,1
Jake Babic,Texas A&M-CC,2018-19,15.0,18,42,10,25,3,5,10,3,0,3,24,13,20.0,23,55,14,33,4,6,7,7,4,4,23,6
Jake Bartholomew,Misericordia,2018-19,20.0,0,2,0,2,0,0,0,0,0,0,0,0,14.78,1,2,1,2,0,0,1,0,0,0,0,0
Jake Baughman,Loyola Chicago,2018-19,0.0,0,0,0,0,0,0,0,0,0,0,0,0,20.0,0,1,0,0,0,0,0,0,0,0,0,0
Jake Brunner,College of Idaho,2018-19,20.0,1,2,0,0,0,0,0,0,0,1,2,3,14.95,0,2,0,1,0,0,1,0,0,0,0,0
Jake Bruns,Illinois Tech,2018-19,20.0,0,2,0,2,0,0,0,0,0,0,2,0,20.0,3,9,3,9,1,1,0,0,0,0,0,1
Jake DesJardins,Arizona,2018-19,20.0,1,1,0,0,2,4,0,0,0,1,2,0,14.9,0,1,0,0,0,2,0,1,1,0,0,0
Jake DiSanto,SUNY-Cortland,2018-19,20.0,1,4,1,4,0,0,0,0,0,0,0,1,14.92,0,1,0,1,3,5,0,2,0,0,0,0
Jake Digiorgio,Illinois Tech,2018-19,20.0,1,3,0,0,0,0,0,0,0,1,2,1,20.0,3,6,1,2,0,1,1,1,0,3,7,0
Jake Ellis,North Park,2018-19,20.0,0,2,0,2,0,0,0,0,0,1,0,0,14.8,2,4,1,3,0,0,1,1,0,0,0,0
Jake Forrester,Indiana,2018-19,0.0,1,5,0,0,0,0,0,1,0,1,3,0,14.95,3,7,0,0,2,4,0,0,2,2,4,4
Jake Gilliam,,2018-19,0.0,0,0,0,0,0,0,0,0,0,0,0,0,0.0,0,0,0,0,0,0,0,0,0,0,1,0
Jake Hendricks,Wyoming,2018-19,20.0,40,96,34,81,7,12,11,11,0,3,39,13,19.87,39,102,32,82,14,21,13,12,0,0,23,9
Jake Holmes,Southwestern,2018-19,20.0,0,1,0,0,1,2,0,2,0,0,0,2,14.68,1,1,0,0,2,4,0,0,0,0,4,0
Jake Jobling,West Alabama,2018-19,0.0,0,0,0,0,0,0,0,0,0,0,1,0,14.68,1,2,1,2,0,0,0,0,0,0,0,0
Jake Killingsworth,Columbia,2018-19,0.0,32,83,20,57,0,1,30,6,1,3,34,7,20.0,25,67,23,54,6,11,20,10,1,8,43,6
Jake Krafka,Denver,2018-19,20.0,2,7,1,4,0,0,0,1,1,2,4,2,17.95,3,7,2,3,0,0,2,0,1,0,4,2
Jake Kuhn,Cornell,2018-19,20.0,20,60,10,44,0,2,7,4,0,2,18,6,20.0,15,32,6,21,5,7,3,2,0,1,20,4
Jake Montgomery,St. Leo,2018-19,20.0,0,0,0,0,0,1,0,0,0,0,2,1,19.35,0,2,0,1,0,0,0,0,0,1,0,0
Jake Ohmer,Western Kentucky,2018-19,20.0,9,34,7,26,0,1,7,5,0,1,6,4,17.88,6,23,6,19,2,2,4,1,1,1,6,2
Jake Riding,Hendrix College,2018-19,20.0,0,1,0,0,0,0,0,0,0,0,0,0,14.87,1,2,0,1,0,0,0,0,0,0,1,0
Jake Santiago,,2018-19,0.0,0,0,0,0,0,0,0,0,0,0,1,0,0.0,0,0,0,0,0,0,0,0,0,0,0,1
Jake Scoggins,Arkansas State,2018-19,20.0,2,3,0,0,1,2,3,1,0,1,4,3,17.83,1,3,0,0,0,0,0,0,0,1,0,0
Jake Shaper,Brown,2018-19,0.0,0,0,0,0,0,0,0,0,0,0,0,0,14.87,1,2,1,1,0,0,2,0,0,0,1,0
Jake Silpe,Pennsylvania,2018-19,20.0,35,76,18,45,8,11,20,16,0,6,49,15,20.0,24,52,11,31,21,27,21,16,2,10,31,10
Jake Smith,Johnson University (FL),2018-19,0.0,2,8,0,0,0,0,5,1,0,3,3,5,14.95,2,11,1,1,1,3,4,1,0,2,6,3
Jake Stephens,VMI,2018-19,20.0,36,70,19,45,5,7,18,6,6,7,31,25,14.72,25,69,17,54,9,14,12,3,9,10,33,11
Jake Toolson,Utah Valley,2018-19,20.0,80,142,32,68,32,38,34,9,4,18,55,40,20.0,73,142,26,61,58,65,28,7,3,11,53,33
Jake Wilson,Appalachian State,2018-19,20.0,1,7,0,0,1,2,0,0,5,3,2,1,14.93,2,3,0,0,1,2,0,0,2,2,7,0
Jake Wojcik,Richmond,2018-19,20.0,39,107,35,92,2,5,17,16,3,8,48,9,15.97,31,88,26,72,17,20,28,15,3,7,43,13
Jake Wolfe,Lipscomb,2018-19,0.0,6,19,0,2,12,14,12,2,1,4,10,12,20.0,12,22,1,7,2,5,6,4,0,2,5,5
Jake Wright,Milwaukee,2018-19,20.0,47,119,36,89,9,10,12,9,1,2,35,13,20.0,38,93,31,80,19,20,13,6,2,1,19,13
Jakigh Dottin,Towson,2018-19,20.0,22,59,0,7,10,13,30,8,0,11,24,16,14.75,23,60,1,3,5,11,18,6,0,1,20,10
Jakob Bergen,,2018-19,0.0,0,0,0,0,0,0,0,0,0,0,0,0,0.0,0,0,0,0,0,0,0,0,1,0,0,2
Jakoby Kemp,IUPUI,2018-19,0.0,0,0,0,0,0,0,0,0,0,0,0,0,14.92,2,3,0,1,3,6,0,0,0,5,0,3
Jakorian Martin,Warren Wilson,2018-19,0.0,1,3,1,3,0,0,0,0,0,0,0,1,14.93,1,7,1,6,0,0,0,0,0,0,0,0
Jakub Mijakowski,Pennsylvania,2018-19,20.0,5,8,5,8,2,2,1,1,0,2,4,2,17.78,2,11,2,10,0,0,0,0,0,2,4,1
Jal Bijiek,North Dakota,2018-19,20.0,1,6,1,4,0,0,1,0,1,1,7,3,20.0,1,3,0,1,0,0,0,1,0,2,2,0
Jalan Strong,Carver College,2018-19,20.0,3,11,2,7,4,4,2,0,0,0,6,4,14.95,4,9,1,5,5,9,0,0,0,0,1,4
Jalanni White,Canisius,2018-19,20.0,32,68,1,7,11,17,11,4,14,12,30,18,20.0,43,77,3,6,12,26,9,9,12,18,22,9
Jaleel Gary,Central Pennsylvania College,2018-19,20.0,1,10,0,4,6,7,5,1,0,2,4,5,15.48,1,8,0,2,2,2,1,1,0,0,1,5
Jalen Adams,UConn,2018-19,20.0,75,156,18,54,17,20,39,13,3,8,36,35,20.0,77,153,18,48,31,38,34,12,2,14,29,29
Jalen Adaway,Miami (OH),2018-19,20.0,46,93,7,21,14,23,12,6,0,11,52,7,14.8,33,65,6,16,16,25,7,4,7,12,60,10
Jalen Avery,Kent State,2018-19,20.0,50,148,36,110,17,24,47,9,0,3,29,9,20.0,48,138,34,96,51,61,46,7,1,5,30,11
Jalen Burkett,NW Nazarene,2018-19,20.0,0,2,0,0,0,0,1,0,0,0,0,0,14.97,1,2,0,0,0,0,0,0,0,0,1,1
Jalen Burnett,Averett,2018-19,20.0,0,2,0,1,2,2,2,0,0,2,1,2,17.97,2,4,1,3,1,2,1,0,0,1,1,1
Jalen Carey,Syracuse,2018-19,20.0,9,26,0,7,5,9,11,6,1,3,13,19,14.93,4,19,2,9,6,11,10,2,2,1,10,12
Jalen Cobb,Fordham,2018-19,20.0,36,113,14,51,12,18,26,14,6,3,30,27,20.0,47,115,16,45,35,48,24,22,5,7,38,24
Jalen Coleman-Lands,DePaul,2018-19,20.0,15,46,10,34,6,11,10,5,0,1,14,8,14.92,8,23,2,17,13,13,2,2,0,1,7,6
Jalen Cooper,Simpson University,2018-19,20.0,0,1,0,1,0,0,0,0,0,0,1,2,16.87,0,0,0,0,0,0,1,0,0,0,1,0
Jalen Crutcher,,2018-19,0.83,66,147,29,79,14,21,87,12,2,3,65,48,0.0,68,171,34,93,33,45,81,14,2,6,49,35
Jalen Crutchfield,Stetson,2018-19,20.0,15,33,10,26,3,3,4,0,0,1,14,2,14.82,11,24,7,17,2,3,4,1,0,1,4,3
Jalen Duke,Tennessee State,2018-19,20.0,5,10,1,5,2,2,1,4,1,2,1,1,20.0,8,14,4,8,0,0,1,2,0,0,4,1
Jalen Gabbidon,Yale,2018-19,0.0,2,9,1,5,0,2,1,1,0,1,11,3,14.78,5,8,4,6,2,2,4,5,0,2,7,1
Jalen Galloway,College of Idaho,2018-19,20.0,0,3,0,1,0,0,0,0,0,2,1,0,14.95,0,1,0,0,0,0,0,0,0,0,0,1
Jalen Gibbs,Mt. St. Mary's,2018-19,20.0,74,168,23,71,24,32,23,4,0,13,66,31,14.8,63,152,21,70,25,36,18,11,0,5,56,27
Jalen Guidry,Presentation College,2018-19,20.0,4,5,0,0,0,1,0,0,0,0,3,1,15.77,1,2,0,0,0,2,1,0,0,0,0,1
Jalen Harris,Arkansas,2018-19,20.0,39,107,4,29,22,36,89,19,2,6,43,36,17.92,39,117,4,31,50,71,76,16,4,9,32,27
Jalen Hill,UCLA,2018-19,20.0,25,45,0,0,16,22,27,8,3,23,71,21,14.82,21,38,0,0,25,40,12,5,9,35,57,12
Jalen Hodge,UL Monroe,2018-19,0.0,0,0,0,0,0,0,0,0,0,0,0,0,14.92,1,2,1,2,0,0,1,0,0,0,3,1
Jalen Hudson,Florida,2018-19,20.0,55,154,25,78,23,38,14,13,2,10,36,21,14.97,47,129,17,62,34,44,15,10,3,16,35,12
Jalen Johnson,Lenoir Rhyne,2018-19,20.0,9,17,6,13,2,3,4,2,1,5,8,5,14.97,4,14,3,9,1,4,6,1,0,0,5,3
Jalen Jones,Howard,2018-19,20.0,7,22,2,5,2,7,16,0,3,10,12,5,20.0,3,6,0,0,3,5,14,3,2,5,10,7
Jalen Jordan,St. Francis (BKN),2018-19,20.0,71,169,45,96,30,35,29,6,5,6,53,22,14.93,78,177,39,101,51,66,19,10,2,9,46,27
Jalen King,Eastern Michigan,2018-19,20.0,2,3,0,0,2,2,3,1,2,2,3,1,14.72,4,6,0,0,1,2,2,3,1,6,7,1
Jalen Lowery,South Wesleyan,2018-19,20.0,2,8,1,5,0,0,0,0,0,1,1,0,17.87,3,10,1,5,0,0,0,1,0,0,1,2
Jalen McCallum,LaGrange College,2018-19,20.0,0,2,0,0,0,0,0,0,0,1,1,1,14.93,0,1,0,0,1,2,0,0,1,1,3,0
Jalen McDaniels,San Diego State,2018-19,20.0,93,206,13,42,38,52,37,16,8,29,93,37,16.88,111,222,10,31,45,62,29,21,8,36,105,38
Jalen Myers,Missouri Science & Technology,2018-19,20.0,1,7,1,3,0,0,0,1,0,0,2,1,17.32,3,6,3,5,0,0,0,0,0,0,0,0
Jalen Norwood,Huston-Tillotson,2018-19,20.0,2,5,1,1,1,2,1,2,0,1,2,3,16.73,1,1,1,1,0,0,1,0,0,0,0,1
Jalen Peck,Defiance,2018-19,20.0,0,0,0,0,0,0,1,0,0,0,1,0,14.88,0,1,0,0,0,0,0,0,0,0,0,1
Jalen Perry,UAB,2018-19,20.0,68,169,29,84,15,23,20,15,0,8,58,24,19.07,63,145,33,83,35,60,31,13,1,10,56,18
Jalen Pickett,Siena,2018-19,20.0,79,188,33,104,16,25,100,30,14,15,51,33,19.6,90,202,26,68,68,84,106,30,14,27,52,40
Jalen Poyser,St. Bonaventure,2018-19,18.43,43,112,19,58,14,20,11,5,3,7,27,26,20.0,36,84,14,39,19,21,14,7,1,2,15,11
Jalen Ray,Hofstra,2018-19,20.0,37,88,23,53,16,18,15,10,1,4,32,9,17.98,31,91,20,55,19,23,15,10,3,8,20,11
Jalen Reeder,Alabama A&M,2018-19,20.0,40,114,16,52,10,19,15,13,2,9,34,23,17.73,40,82,11,35,16,22,11,6,0,8,23,18
Jalen Rose,Brescia,2018-19,20.0,2,6,0,2,2,2,4,1,0,0,3,1,14.95,2,5,2,4,0,0,0,2,0,1,0,0
Jalen Sanders,Northern Colorado,2018-19,20.0,16,28,6,11,6,7,15,8,6,7,23,8,16.28,17,43,6,16,9,16,8,9,5,9,17,15
Jalen Scandrett,Johnson & Wales (CO),2018-19,20.0,0,2,0,2,0,1,0,0,0,0,0,0,14.58,1,1,1,1,0,0,0,0,0,0,0,0
Jalen Seegars,UNC Asheville,2018-19,20.0,21,57,10,23,11,13,7,9,10,18,31,17,14.97,13,29,4,14,15,23,6,9,10,5,20,21
Jalen Slawson,Furman,2018-19,20.0,4,8,1,4,1,2,2,7,5,2,8,3,14.83,2,4,0,2,0,2,2,4,5,4,15,2
Jalen Smith,Maryland,2018-19,20.0,66,159,11,44,42,58,12,11,18,42,64,17,17.92,65,111,7,23,30,51,16,3,14,38,61,18
Jalen Tate,Northern Kentucky,2018-19,17.32,81,156,17,39,28,43,53,20,12,16,53,36,20.0,69,126,7,20,47,81,66,15,9,13,45,37
Jalen Terry,Hardin-Simmons,2018-19,20.0,0,3,0,1,3,6,0,1,0,1,2,0,14.77,1,3,0,0,0,0,0,0,0,0,1,1
Jalen Thompson,Hawaii Hilo,2018-19,20.0,4,5,3,4,0,0,0,1,0,0,0,0,20.0,2,3,1,2,0,1,2,3,0,0,0,0
Jalen Wadlington,Fontbonne College,2018-19,20.0,1,2,0,0,0,1,1,0,0,0,0,0,14.9,1,4,0,1,0,0,0,0,0,0,1,2
Jalen Watson,Rivier,2018-19,20.0,0,4,0,3,0,0,0,1,0,0,3,0,14.85,2,4,2,3,0,0,1,0,0,1,1,0
Jalen Williams,Furman,2018-19,20.0,2,3,0,0,3,7,0,1,2,4,4,1,14.83,5,9,0,0,2,5,0,0,2,8,6,1
Jalil Myers,Rosemont College,2018-19,20.0,3,9,1,4,0,0,1,1,2,2,7,4,14.93,3,12,0,2,2,2,2,0,3,6,3,1
Jalin Holden,Arlington Baptist,2018-19,20.0,5,8,1,3,0,1,4,2,0,2,3,5,14.77,0,4,0,0,3,5,1,0,1,1,3,8
Jalmen Sullivan,,2018-19,4.38,1,6,0,2,0,0,2,0,0,2,1,0,0.0,0,1,0,0,0,0,0,0,0,0,1,0
Jalon Cambridge,Fisk,2018-19,20.0,1,5,1,3,0,0,0,1,0,0,1,1,14.75,2,3,1,2,4,4,1,1,0,0,2,1
Jalon Clark,Texas A&M-CC,2018-19,0.0,5,17,1,3,0,1,4,0,0,3,10,8,15.63,10,16,1,3,3,7,3,2,0,1,6,6
Jalon Gates,Houston Baptist,2018-19,20.0,24,84,16,65,34,42,6,3,0,5,8,11,14.9,31,76,21,59,27,32,4,1,0,2,6,3
Jalone Friday,Abilene Christian,2018-19,20.0,53,127,15,42,24,27,11,6,9,15,43,23,14.77,54,95,13,31,17,25,7,7,12,7,32,22
Jalonni McCorvey,Presentation College,2018-19,20.0,0,6,0,2,0,0,1,0,1,0,3,3,15.77,3,4,1,1,1,2,0,0,0,0,1,1
Jalyn Clark,Trinity (IL),2018-19,20.0,4,8,2,4,2,2,0,1,0,1,0,1,20.0,4,7,4,6,0,0,2,0,0,0,2,2
Jalyn Hinton,Jacksonville,2018-19,20.0,37,79,0,0,12,26,14,8,23,19,51,14,17.17,43,59,0,0,13,33,17,10,26,12,47,13
Jalyn Jarrett,Shenandoah,2018-19,20.0,0,3,0,3,0,0,3,1,0,0,4,3,14.95,0,0,0,0,0,0,0,0,0,0,0,1
Jalyn McKoy,Winston Salem,2018-19,20.0,0,2,0,0,0,1,0,0,0,0,1,2,14.87,2,2,2,2,0,0,0,0,0,0,0,0
Jalyn Patterson,Texas Southern,2018-19,19.98,40,134,19,80,16,19,39,9,2,7,32,24,20.0,48,111,25,68,37,48,46,18,3,6,38,35
Jamaal King,St. Francis (PA),2018-19,20.0,85,179,26,66,32,46,69,33,1,4,27,39,18.65,76,180,24,72,65,83,54,17,0,4,29,36
Jamal Bey,Washington,2018-19,20.0,4,12,1,5,0,1,6,4,1,2,10,0,14.68,4,4,3,3,6,10,2,3,1,0,3,3
Jamal Bieniemy,Oklahoma,2018-19,20.0,21,56,8,21,1,4,50,27,2,6,27,21,17.92,38,92,17,41,12,16,56,19,4,5,41,22
Jamal Cain,Marquette,2018-19,20.0,5,17,1,8,0,4,4,5,1,6,18,12,14.98,7,14,3,7,1,2,1,4,2,5,15,7
Jamal Hartwell II,George Mason,2018-19,20.0,14,43,9,25,0,1,14,1,0,1,11,10,20.0,20,49,16,30,5,7,9,2,0,1,1,6
Jamal Pollydore,Glenville State,2018-19,20.0,0,2,0,1,0,0,0,0,0,1,0,1,15.3,2,4,0,2,0,0,1,0,0,1,1,1
Jamal Smith,,2018-19,4.92,12,35,4,13,1,4,18,12,3,2,33,25,0.0,21,43,6,13,18,28,20,9,2,6,28,18
Jamal Weaver,Hiwassee College,2018-19,20.0,1,3,0,2,5,7,1,1,0,1,4,3,14.97,5,10,1,5,2,2,0,0,1,2,2,2
Jamal Wright,High Point,2018-19,20.0,25,61,14,40,5,8,23,10,1,4,31,15,20.0,17,56,6,28,18,27,15,12,0,3,19,13
Jamall Gregory,Jacksonville State,2018-19,20.0,25,72,5,20,11,15,17,21,2,4,23,24,16.68,26,48,4,12,21,26,15,17,6,6,29,21
Jamani Glover,Texas Permian Basin,2018-19,20.0,3,7,1,3,0,0,0,0,0,1,2,1,14.8,3,6,1,2,0,0,0,0,0,0,1,1
Jamar Akoh,Montana,2018-19,20.0,39,70,0,0,17,31,14,15,3,27,36,14,20.0,43,67,0,0,33,54,10,10,2,15,41,9
Jamar Madge,Milwaukee,2018-19,0.0,5,20,2,10,1,2,4,1,0,2,3,1,17.48,7,21,6,13,5,7,1,0,0,2,5,2
Jamaree Bouyea,San Francisco,2018-19,20.0,21,43,8,20,3,6,14,9,3,2,21,11,14.78,19,38,2,12,11,15,7,7,3,0,21,8
Jamari Blackmon,North Alabama,2018-19,20.0,37,111,18,56,23,31,18,12,2,5,15,22,20.0,40,112,21,67,33,43,26,15,1,9,27,11
Jamari Wheeler,Penn State,2018-19,20.0,22,59,4,21,5,9,54,25,1,13,37,24,17.72,17,42,3,13,9,20,29,19,1,22,26,17
Jamarius Burton,Wichita State,2018-19,20.0,39,109,7,23,20,26,57,11,3,13,43,21,20.0,29,71,2,12,32,47,51,7,0,21,32,35
Jameel Alausa,Yale,2018-19,0.0,0,0,0,0,0,0,0,0,0,0,0,0,14.78,0,1,0,0,0,0,1,0,0,1,0,1
Jameel McGill,Bethesda,2018-19,20.0,4,12,0,2,0,1,8,1,0,0,7,6,17.1,2,4,0,0,0,2,5,0,1,1,8,4
Jamel Allen,UMKC,2018-19,20.0,28,84,11,57,11,15,7,18,11,5,29,9,14.6,34,71,23,50,15,24,2,9,10,6,45,9
Jamel Hamans,Pine Manor,2018-19,20.0,2,9,1,4,2,3,2,1,0,0,3,2,14.83,5,10,3,6,0,0,0,0,0,1,1,1
Jamel McAllister,Winston Salem,2018-19,20.0,3,5,1,2,0,0,0,1,0,0,1,1,14.87,1,4,1,2,0,0,1,0,0,0,1,3
Jamel Robinson,Wiley,2018-19,20.0,0,1,0,0,0,0,0,0,0,0,0,1,20.0,0,0,0,0,0,0,0,0,0,0,0,0
Jamelle Lanier Jr,Brewton-Parker,2018-19,0.0,0,0,0,0,0,0,0,0,0,0,0,0,14.93,0,0,0,0,0,0,1,0,0,0,0,0
Jamelle Lanier Jr.,Brewton-Parker,2018-19,20.0,2,6,0,4,0,0,0,0,0,0,3,2,14.93,1,2,0,0,0,0,0,0,1,0,0,2
James Akinjo,Georgetown,2018-19,20.0,58,165,24,54,28,36,86,15,0,3,42,47,17.87,54,149,24,68,91,104,78,18,0,4,40,46
James Ametepe,Florida International,2018-19,0.0,3,5,0,0,2,2,0,1,1,1,1,2,16.9,1,6,0,0,0,0,0,0,1,1,4,0
James Baker,Morehead State,2018-19,20.0,37,100,12,41,18,27,6,6,32,20,52,14,17.62,46,85,17,37,14,23,7,2,21,18,48,14
James Banks III,Georgia Tech,2018-19,20.0,59,108,0,0,28,39,25,7,39,40,75,35,19.5,54,95,0,0,35,55,18,10,36,37,73,34
James Batemon,Loyola Marymount,2018-19,20.0,86,218,23,81,63,78,53,24,0,12,42,50,14.68,80,178,16,59,93,111,60,25,1,8,40,49
James Beck,Oakland,2018-19,20.0,33,79,0,2,14,25,13,2,7,22,43,16,20.0,23,45,1,3,18,29,16,5,4,27,41,11
James Bolden,West Virginia,2018-19,19.18,31,86,17,49,23,26,20,9,1,11,10,19,20.0,38,84,13,38,25,31,25,10,2,9,16,20
James Bridges,Sacramento State,2018-19,0.0,7,16,5,13,1,2,3,2,1,1,11,3,15.8,6,21,5,18,2,3,3,3,1,4,9,1
James Butler,Drexel,2018-19,0.0,67,108,1,3,20,28,4,6,9,42,75,16,20.0,47,86,0,3,36,47,10,4,5,36,74,11
James Claar,Western Illinois,2018-19,20.0,11,16,0,0,10,13,2,2,10,11,15,6,14.8,14,19,0,0,3,4,1,1,2,10,14,3
James Dickey,UNC Greensboro,2018-19,20.0,41,91,0,6,7,26,19,20,19,34,65,22,20.0,37,66,1,1,25,44,12,16,31,32,72,21
James Donelan,SE Oklahoma State,2018-19,15.0,1,2,0,0,0,0,0,0,0,1,0,1,20.0,2,2,0,0,0,0,0,0,1,3,1,0
James Fives,Loyola (MD),2018-19,20.0,7,23,6,14,13,17,8,5,1,4,19,8,14.88,8,23,8,19,3,4,4,2,0,5,17,2
James Foye,Dartmouth,2018-19,20.0,55,109,19,54,9,15,35,9,2,3,39,7,20.0,52,113,26,53,17,17,29,10,2,8,33,14
James Gollon,Ohio,2018-19,20.0,8,13,5,10,7,8,2,3,1,1,5,3,17.53,2,6,1,3,0,1,1,0,0,0,1,4
James Gordon IV,Toledo,2018-19,0.0,0,1,0,0,0,0,0,0,0,0,0,0,14.68,1,2,0,0,0,0,0,1,0,0,1,1
James Griffin,Hawaii Hilo,2018-19,20.0,0,3,0,2,0,0,0,0,1,0,2,1,20.0,0,0,0,0,0,0,0,0,0,0,0,0
James Harris,Huntingdon,2018-19,20.0,1,2,0,0,0,0,1,1,0,0,0,0,14.95,0,2,0,1,0,0,1,0,0,0,1,4
James Harrison Jr,East Tennessee State,2018-19,0.0,0,0,0,0,0,0,2,0,0,0,0,0,14.97,0,0,0,0,0,0,3,0,0,0,0,0
James Harrison Jr.,East Tennessee State,2018-19,20.0,15,24,0,0,7,7,0,0,2,8,11,13,20.0,8,17,0,0,7,10,0,1,0,6,7,7
James Harvey,McNeese,2018-19,20.0,52,138,35,102,6,7,14,8,1,6,27,22,17.1,58,137,36,94,54,59,14,8,2,3,30,18
James Hawthorne,Middle Tennessee,2018-19,20.0,43,97,10,26,16,22,18,5,8,26,49,37,17.68,39,89,6,21,24,31,13,4,17,27,60,30
James Jackson III,Reinhardt,2018-19,20.0,0,1,0,0,0,0,1,0,0,0,1,0,14.93,0,2,0,1,0,0,2,2,0,1,1,1
James Jenkins,,2018-19,0.0,0,0,0,0,0,0,0,0,0,0,0,0,0.0,0,0,0,0,0,0,0,0,0,0,0,1
James Karnik,Lehigh,2018-19,20.0,55,89,0,0,13,20,4,4,5,20,65,28,17.98,47,79,0,0,38,59,8,2,9,23,60,17
James Love III,Kansas State,2018-19,0.0,0,0,0,0,0,0,0,0,0,0,2,1,20.0,1,1,0,0,0,0,0,2,0,1,1,0
James Madison,,2018-19,0.0,0,0,0,0,0,0,0,0,0,25,16,4,0.0,0,0,0,0,0,0,0,0,0,24,17,7
James Manns,Wright State,2018-19,0.0,0,0,0,0,0,0,0,0,0,0,0,0,14.98,0,1,0,1,2,2,0,0,0,0,0,0
James Mitchell,Covenant,2018-19,20.0,2,6,2,6,0,0,1,1,0,0,0,3,14.97,0,2,0,2,0,0,0,0,0,0,0,0
James Nelson,NW Nazarene,2018-19,20.0,0,1,0,1,0,1,0,3,1,0,2,0,14.97,0,0,0,0,2,2,2,0,1,0,1,1
James Palmer Jr,Nebraska,2018-19,20.0,0,0,0,0,0,0,31,0,0,0,0,0,15.23,0,0,0,0,0,0,30,0,0,0,0,0
James Palmer Jr.,Nebraska,2018-19,20.0,96,266,33,93,74,96,17,27,5,18,56,34,15.23,92,259,28,98,124,161,21,23,5,19,40,34
James Price,Clarion,2018-19,20.0,1,2,0,0,2,2,0,0,0,1,0,0,14.93,0,0,0,0,1,2,0,0,0,0,1,1
James Pyle,SMU,2018-19,20.0,0,2,0,1,0,0,1,0,0,0,0,0,18.67,0,0,0,0,0,0,0,0,0,0,0,0
James Ramirez,Montana-Western,2018-19,20.0,0,1,0,0,0,0,0,0,0,0,0,0,20.0,0,0,0,0,0,0,0,0,0,0,0,0
James Rider,Davis & Elkins,2018-19,20.0,0,1,0,1,0,0,0,0,0,0,0,1,14.87,0,0,0,0,0,0,0,0,0,0,0,0
James Rucker II,Winston Salem,2018-19,20.0,0,3,0,2,3,4,0,1,0,0,3,1,14.87,2,3,1,2,0,0,0,0,0,0,0,0
James Shodimu,,2018-19,0.0,0,0,0,0,0,0,0,0,0,0,2,2,0.0,0,0,0,0,0,0,0,0,0,0,0,1
James Suber,CSU Bakersfield,2018-19,0.0,31,55,0,0,25,42,5,10,12,45,71,23,20.0,32,58,0,0,33,54,8,4,7,66,51,16
James Taylor,,2018-19,7.03,1,7,0,2,0,0,0,0,0,0,1,2,0.0,6,13,2,5,0,1,1,0,1,0,5,3
James Thompson IV,Eastern Michigan,2018-19,20.0,67,112,3,8,30,58,6,8,12,60,107,29,20.0,69,101,3,8,27,57,8,12,16,65,106,18
James Towns,Niagara,2018-19,20.0,44,129,7,29,36,44,55,8,0,9,56,28,20.0,60,141,14,37,67,83,52,9,0,12,35,39
James Turner,Millsaps,2018-19,20.0,2,4,0,1,1,1,1,1,0,2,2,1,14.92,0,0,0,0,0,0,0,0,0,0,1,0
James West IV,Mt. St. Mary's,2018-19,20.0,0,4,0,3,3,4,2,2,0,0,4,2,14.8,0,4,0,4,2,2,0,0,0,0,1,0
Jamesio Rhine,Hiwassee College,2018-19,20.0,3,17,0,1,3,4,4,0,1,3,4,2,14.97,4,15,0,2,0,0,2,1,0,2,4,1
Jamezell Davis Jr,Albion,2018-19,0.0,0,0,0,0,0,0,0,0,0,0,0,0,17.95,0,0,0,0,0,0,2,0,0,0,0,0
Jamezell Davis Jr.,Albion,2018-19,20.0,4,6,3,4,0,0,0,0,0,0,3,2,17.95,1,10,0,3,2,2,0,2,0,0,2,2
Jamie Ahale,UIC,2018-19,20.0,18,38,17,35,0,2,7,6,1,6,16,4,18.38,12,38,12,38,0,0,3,4,1,2,15,2
Jamie Baker,,2018-19,0.0,0,0,0,0,0,0,0,0,0,0,0,0,8.38,4,6,3,4,1,2,2,0,0,0,2,1
Jamie Lewis,Wake Forest,2018-19,20.0,1,5,0,1,1,2,1,0,0,0,2,3,19.6,0,1,0,1,0,0,0,0,0,0,1,1
Jamie Orme,Portland State,2018-19,20.0,43,103,11,38,19,28,15,16,8,28,36,19,20.0,46,94,14,34,18,30,14,15,7,20,37,9
Jamie Strong,Holy Names,2018-19,20.0,0,3,0,3,0,0,0,0,0,0,1,0,17.73,0,0,0,0,0,0,1,0,0,1,0,0
Jamil Jones,Frostburg State,2018-19,0.0,0,0,0,0,0,0,0,0,0,0,0,1,16.83,2,3,0,0,0,0,3,1,0,0,0,2
Jamion Wright,Sacramento State,2018-19,0.0,0,0,0,0,0,0,0,0,0,0,0,0,14.82,1,1,1,1,0,1,0,0,0,0,1,0
Jamir Coleman,Central Connecticut,2018-19,20.0,60,140,19,45,29,35,13,14,8,21,63,21,20.0,63,142,6,26,43,49,15,17,12,30,65,23
Jamir Mason,Texas Lutheran,2018-19,20.0,0,1,0,1,0,2,1,2,0,0,0,2,20.0,1,9,0,1,3,3,0,2,1,2,2,4
Jamir Moore,Charleston Southern,2018-19,0.0,1,5,1,5,0,0,0,0,0,0,2,1,14.9,5,14,2,8,0,0,3,1,2,0,2,1
Jamir Moultrie,La Salle,2018-19,20.0,6,31,2,12,1,3,5,2,0,0,6,7,20.0,13,28,7,16,13,13,2,3,0,2,2,7
Jamison McCray,LaGrange College,2018-19,20.0,1,4,1,2,1,2,0,2,0,0,0,1,14.93,1,8,0,2,0,0,0,0,0,0,0,1
Jamorko Pickett,Georgetown,2018-19,20.0,37,96,17,50,7,12,20,14,14,8,58,37,17.87,29,72,20,47,11,17,9,10,18,10,33,12
Jamuni McNeace,Oklahoma,2018-19,20.0,27,68,0,0,12,20,6,2,13,13,43,12,17.92,26,40,0,0,7,24,3,3,12,13,34,9
Jan Dornik,Loyola (MD),2018-19,20.0,0,1,0,0,0,0,1,0,0,0,0,0,20.0,0,0,0,0,0,0,0,0,0,0,2,1
Jan Wojcik,Missouri State,2018-19,0.0,2,8,2,6,1,2,1,3,2,1,5,3,14.78,3,4,1,2,4,8,1,3,2,1,6,3
Janai Raynor Powell,,2018-19,5.38,8,21,2,4,0,1,9,4,0,3,4,3,0.0,8,15,1,3,3,4,3,3,0,4,4,3
Janai Raynor-Powell,South Carolina State,2018-19,20.0,21,68,8,22,19,22,36,6,0,9,20,22,20.0,26,62,6,17,23,32,29,9,0,5,12,26
Jannson Williams,Marshall,2018-19,20.0,62,143,34,97,18,28,8,12,34,20,70,15,14.8,44,94,24,59,30,36,6,11,32,22,69,9
Jaquan Dotson,Savannah St,2018-19,20.0,47,117,23,77,12,17,23,11,12,25,46,29,14.92,61,118,26,67,29,40,23,15,3,26,58,16
Jaquan Robertson,Florida National,2018-19,20.0,2,3,0,0,0,0,0,0,0,0,0,1,14.93,0,0,0,0,0,0,0,0,0,0,0,1
Jaquann Lockhart,Warren Wilson,2018-19,20.0,5,7,0,0,0,0,0,0,1,1,3,2,14.93,1,2,0,1,0,0,1,0,0,0,0,0
Jaquantay Rouser,Siena Heights,2018-19,20.0,4,14,3,8,0,2,1,1,0,1,10,3,14.88,1,6,0,3,0,0,1,0,0,2,2,3
Jaquel Richmond,Fayetteville State,2018-19,20.0,3,3,1,1,5,6,2,1,0,0,3,1,17.77,3,3,0,0,0,0,2,2,0,0,0,1
Jaquez Gilbert,Trevecca Nazarene,2018-19,20.0,1,3,0,1,0,0,1,1,0,0,1,2,14.9,3,9,2,7,2,2,0,0,0,0,0,4
Jaquice Gray,Campbellsville-Harrodsburg,2018-19,20.0,4,13,3,7,0,0,1,4,0,1,3,0,14.7,2,9,1,6,0,0,3,0,0,0,2,1
Jare'l Spellman,Sacred Heart,2018-19,20.0,45,97,0,7,10,19,4,5,44,37,75,19,18.25,54,96,4,11,18,33,6,8,44,29,71,14
Jared Butler,Baylor,2018-19,19.98,58,139,31,82,15,20,45,16,0,7,43,32,20.0,45,128,20,71,37,46,39,15,2,11,31,31
Jared Bynum,Saint Joseph's,2018-19,20.0,47,114,10,36,31,42,67,20,0,9,39,28,20.0,51,125,15,41,45,63,61,12,3,4,48,27
Jared Chatham,Central Arkansas,2018-19,20.0,20,49,4,12,14,19,7,5,4,7,24,9,17.98,21,46,1,6,10,15,6,4,2,14,21,10
Jared Chestnut,,2018-19,0.0,0,0,0,0,0,0,0,0,0,0,1,0,0.0,0,0,0,0,0,0,0,0,0,0,0,0
Jared Denk,Brewton-Parker,2018-19,20.0,1,2,0,0,0,0,0,0,1,0,1,0,14.93,0,1,0,0,0,0,0,0,2,1,0,0
Jared Embry,Ark Monticello,2018-19,20.0,1,1,1,1,0,0,1,0,0,0,1,0,20.0,1,2,0,0,1,1,0,1,0,0,0,0
Jared Hamilton,Boston College,2018-19,20.0,21,53,0,11,9,14,6,9,3,10,10,8,20.0,26,56,4,18,10,20,4,3,2,10,11,7
Jared Harper,Auburn,2018-19,20.0,76,209,41,113,39,49,101,23,0,9,29,37,14.95,82,197,47,122,74,93,106,19,2,3,39,44
Jared Holland,Spring Hill,2018-19,20.0,1,4,1,2,0,0,4,2,0,1,2,7,14.87,2,5,1,3,0,0,1,0,0,0,2,2
Jared Jauch,,2018-19,0.0,0,0,0,0,0,0,0,0,0,0,0,2,0.0,0,0,0,0,0,0,0,0,0,0,0,0
Jared Jenkins,Texas-Tyler,2018-19,20.0,0,1,0,0,0,0,0,0,0,0,0,0,18.0,1,1,1,1,0,0,1,0,0,0,0,1
Jared Jonkman,,2018-19,0.0,0,0,0,0,0,0,0,0,1,0,1,0,0.0,0,0,0,0,0,0,0,0,0,0,0,0
Jared Key,Piedmont International,2018-19,0.0,0,0,0,0,0,0,0,0,0,0,0,0,14.77,0,1,0,1,0,0,1,0,0,0,0,1
Jared Kimbrough,La Salle,2018-19,20.0,30,52,0,0,5,13,10,7,13,27,43,16,20.0,28,37,0,0,19,30,4,7,7,25,29,16
Jared Latane,Kean,2018-19,20.0,2,6,2,4,0,0,0,0,0,0,1,2,14.83,1,1,1,1,0,0,0,0,0,0,0,1
Jared McCrillis,Pensacola Christian College,2018-19,20.0,2,6,0,1,0,0,1,0,1,1,1,2,14.87,2,4,0,1,1,2,0,0,1,0,2,1
Jared Nyivih,San Diego Christian,2018-19,20.0,2,3,0,0,1,3,0,0,1,1,0,2,14.93,1,4,0,0,0,2,1,0,1,1,2,0
Jared Pearre,CSU Northridge,2018-19,20.0,19,25,0,0,3,4,5,4,8,10,20,10,20.0,18,29,0,0,9,20,13,10,7,18,27,8
Jared Printy,Western Michigan,2018-19,20.0,31,83,22,64,2,2,14,4,4,3,14,9,17.9,23,61,14,46,12,19,12,3,5,4,21,14
Jared Rhoden,Seton Hall,2018-19,20.0,18,49,5,26,8,12,5,9,5,15,17,5,17.98,15,51,9,31,11,18,6,7,1,19,27,5
Jared Rice,Cal Poly,2018-19,20.0,8,21,2,11,3,6,4,0,0,1,1,3,19.78,3,8,1,2,4,7,3,1,0,1,2,6
Jared Ridder,Missouri State,2018-19,20.0,22,56,15,42,4,10,9,8,4,5,12,5,20.0,16,42,11,34,5,10,3,3,5,1,17,2
Jared Rodriguez,Idaho,2018-19,20.0,58,136,17,38,17,23,13,6,10,39,70,37,20.0,59,117,9,26,44,52,13,4,8,18,61,30
Jared Ruiz,Hood College,2018-19,20.0,1,1,0,0,0,0,3,0,0,0,1,5,17.83,0,1,0,1,0,0,1,0,0,1,0,3
Jared Samuelson,North Dakota State,2018-19,20.0,35,74,31,65,4,5,13,7,1,2,33,10,16.9,31,69,29,60,19,21,20,5,1,2,35,6
Jared Sancho,Western New England,2018-19,20.0,1,2,1,2,0,0,0,0,0,0,0,1,15.27,0,0,0,0,1,2,0,0,0,0,2,0
Jared Savage,Western Kentucky,2018-19,20.0,61,174,40,112,30,37,19,17,7,7,69,20,17.88,57,149,32,90,38,48,19,14,6,9,65,20
Jared Sherfield,Tennessee Tech,2018-19,20.0,21,45,7,22,4,7,15,13,0,5,26,10,17.75,18,40,4,18,21,25,11,9,0,11,16,6
Jared Stutzman,Idaho State,2018-19,20.0,39,84,24,52,21,23,19,8,3,1,35,10,14.48,35,98,19,69,19,24,24,7,3,6,37,16
Jared Wall,Menlo,2018-19,20.0,2,6,0,1,0,0,0,4,0,0,1,1,15.95,1,1,0,0,1,4,0,1,1,1,3,0
Jared Wilson-Frame,Pittsburgh,2018-19,20.0,70,159,54,117,21,24,21,7,2,22,68,18,14.72,63,163,40,117,5,10,23,8,6,14,51,15
Jared Woodcock,Fontbonne College,2018-19,20.0,1,5,1,5,0,0,0,0,0,1,0,1,14.9,1,3,0,1,0,0,0,0,0,0,1,0
Jared Wulbrun,Cal Lutheran,2018-19,20.0,0,2,0,1,0,0,1,0,0,0,0,1,14.68,0,1,0,1,3,3,0,0,0,0,0,1
Jarek Johnson,St Elizabeth,2018-19,20.0,2,2,0,0,0,0,0,0,1,0,0,0,14.92,1,1,0,0,0,0,0,0,0,0,1,1
Jarek Schetzle,Eastern Oregon,2018-19,20.0,4,5,0,0,0,0,0,0,1,2,3,0,14.97,0,0,0,0,2,2,1,0,1,0,3,0
Jarell Edwards,Central Pennsylvania College,2018-19,20.0,0,4,0,3,1,2,0,1,0,0,2,1,14.78,0,0,0,0,0,0,2,0,0,0,0,0
Jaren Lewis,Abilene Christian,2018-19,20.0,75,167,7,21,34,43,39,22,6,35,54,24,14.77,81,167,4,17,52,73,44,22,14,35,61,29
Jarid Walton,Maine-Fort Kent,2018-19,20.0,1,1,0,0,0,0,0,0,0,1,0,0,14.83,2,5,0,0,0,0,0,0,0,1,2,0
Jarique Collier,Fisk,2018-19,20.0,1,3,0,0,0,0,0,0,1,2,0,2,14.75,0,0,0,0,2,2,0,0,0,0,0,0
Jarius Cook,North Dakota State,2018-19,0.0,7,20,2,11,0,0,2,1,1,1,7,5,16.9,11,29,7,21,2,4,1,4,1,3,3,4
Jarkel Joiner,CSU Bakersfield,2018-19,20.0,86,191,24,53,20,31,20,15,0,20,41,17,20.0,97,211,21,60,40,54,16,18,3,16,33,21
Jaron Cornish,Stony Brook,2018-19,18.32,49,125,17,51,19,24,43,13,2,6,54,31,20.0,46,128,12,49,26,42,64,16,5,14,54,33
Jaron Dickson,Bellevue University,2018-19,20.0,2,3,1,1,0,0,0,0,0,0,1,0,16.35,1,2,1,1,0,0,0,0,0,1,1,0
Jarred Dixon,Missouri State,2018-19,20.0,78,177,27,77,19,28,17,20,2,7,29,15,14.78,64,139,17,52,46,63,23,14,1,10,32,18
Jarred Godfrey,Purdue Fort Wayne,2018-19,20.0,31,72,6,29,10,14,19,13,0,7,23,14,14.82,41,72,11,30,22,28,14,10,3,2,24,8
Jarred Houston,Emerson College,2018-19,20.0,2,5,0,1,0,0,0,0,1,0,0,2,14.78,0,1,0,0,0,0,0,0,2,1,2,1
Jarred Reuter,George Mason,2018-19,20.0,36,93,0,1,25,33,21,3,4,23,49,24,20.0,41,82,0,0,27,45,25,6,1,18,37,21
Jarred Walker,Bethel (TN),2018-19,0.0,0,0,0,0,0,0,0,0,0,0,0,1,14.92,1,2,0,0,0,0,0,0,0,0,0,1
Jarrell Brantley,Charleston,2018-19,20.0,85,183,7,42,39,47,39,15,11,21,96,35,19.8,116,207,23,52,59,81,35,21,13,26,87,31
Jarrell Taylor,East Texas Baptist,2018-19,20.0,1,6,0,1,0,0,2,1,0,1,4,3,17.95,5,8,2,4,0,0,0,0,1,1,4,1
Jarren Greenwood,McNeese,2018-19,20.0,33,95,7,34,21,24,32,6,1,3,35,20,17.1,24,67,6,31,40,48,33,10,0,2,12,24
Jarret Gmazel,St. Francis (ILL),2018-19,20.0,0,2,0,0,0,0,1,2,0,0,0,0,18.75,1,4,0,2,0,0,1,0,0,0,1,1
Jarrett Culver,Texas Tech,2018-19,20.0,113,270,22,83,49,73,66,25,11,24,89,51,14.75,128,248,24,66,95,131,69,28,6,28,89,47
Jarrett Givens,Austin Peay,2018-19,20.0,46,97,30,63,11,14,15,14,3,20,44,8,14.92,27,65,18,47,15,16,11,16,2,13,22,9
Jarrett Powers,Cal Lutheran,2018-19,0.0,0,0,0,0,0,0,2,0,0,0,1,0,14.68,0,1,0,0,0,0,1,0,0,0,0,1
Jarrey Foster,SMU,2018-19,20.0,24,54,8,21,9,11,14,4,6,13,19,13,17.65,9,44,2,16,19,26,9,3,1,11,11,10
Jarriesse Blackmon,UC Santa Barbara,2018-19,20.0,24,46,0,0,10,19,10,6,7,18,34,7,19.87,22,40,1,2,13,25,18,6,7,21,29,11
Jarrod Evans,Mars Hill,2018-19,0.0,0,0,0,0,0,0,0,0,0,0,0,0,14.93,0,2,0,0,0,0,0,0,0,1,0,0
Jarrod Simmons,Pennsylvania,2018-19,20.0,8,12,2,5,2,6,6,0,2,9,10,1,14.93,2,6,1,2,0,0,5,1,2,3,8,5
Jarrod West,Marshall,2018-19,20.0,40,119,30,84,8,10,30,42,0,9,40,24,14.8,15,61,10,38,15,21,24,33,0,4,32,16
Jarron Cumberland,Cincinnati,2018-19,20.0,88,215,36,93,50,66,53,19,7,18,46,43,20.0,94,230,35,86,86,104,52,16,5,18,49,43
Jarvis Doles,Drexel,2018-19,20.0,14,39,10,24,14,15,7,3,2,6,19,4,14.97,17,36,11,24,6,8,2,1,2,5,8,6
Jarvis Kershaw,Allen,2018-19,19.98,0,1,0,1,0,0,0,1,0,0,0,0,14.78,0,1,0,0,0,0,0,0,0,0,0,0
Jarvis Omersa,Minnesota,2018-19,20.0,2,11,0,3,1,8,2,4,2,6,6,5,20.0,2,4,0,0,2,6,1,1,0,3,5,2
Jase Febres,Texas,2018-19,20.0,40,121,27,96,3,5,9,6,3,8,44,13,17.98,66,147,55,125,7,11,5,10,5,10,39,12
Jase Miguez,Louisiana College,2018-19,0.0,0,0,0,0,0,0,0,0,0,0,0,0,18.13,0,1,0,0,0,0,0,0,0,0,0,0
Jase Townsend,,2018-19,2.17,18,56,8,30,4,5,8,1,0,2,20,11,0.0,29,74,13,38,9,12,16,6,0,2,17,6
Jashaun Agosto,LIU Brooklyn,2018-19,20.0,56,157,7,42,22,36,78,14,1,12,37,46,20.0,53,130,18,54,43,62,67,14,4,8,31,40
Jashaun Garrison,Austin Peay,2018-19,0.0,0,0,0,0,0,0,0,0,0,0,0,0,14.92,0,0,0,0,0,0,1,0,0,0,0,0
Jashawn Talton,Texas A&M-CC,2018-19,15.0,24,56,10,30,10,13,11,1,3,10,25,12,20.0,27,62,4,14,17,22,6,7,3,15,23,11
Jashun Petite,Arlington Baptist,2018-19,20.0,6,9,1,3,1,3,4,0,1,1,3,6,14.77,3,9,1,2,2,4,2,1,0,0,1,3
Jason Barrera,Mount St. Vincent,2018-19,20.0,2,2,0,0,2,4,0,0,0,0,0,0,14.93,1,2,0,1,2,6,0,0,0,0,1,1
Jason Burnell,Jacksonville State,2018-19,20.0,50,96,8,21,33,40,35,11,4,32,66,16,16.68,66,128,11,32,30,38,31,14,12,34,73,23
Jason Carter,Ohio,2018-19,20.0,72,159,11,29,38,53,27,8,5,25,65,23,14.93,75,148,10,27,63,85,21,10,11,24,52,22
Jason Carter made Dunk. Assisted by Gavin,,2018-19,0.0,0,0,0,0,0,0,0,0,2,0,0,0,0.0,0,0,0,0,0,0,0,0,0,0,0,0
Jason Carter made Jumper. Assisted by Gavin,,2018-19,0.0,0,0,0,0,0,0,0,0,3,0,0,0,0.0,0,0,0,0,0,0,0,0,0,0,0,0
Jason Carter made Layup. Assisted by Gavin,,2018-19,0.0,0,0,0,0,0,0,0,0,3,0,0,0,0.0,0,0,0,0,0,0,0,0,5,0,0,0
Jason Carter made Three Point Jumper. Assisted by Gavin,,2018-19,0.0,0,0,0,0,0,0,0,0,0,0,0,0,0.0,0,0,0,0,0,0,0,0,4,0,0,0
Jason Cudd,South Carolina,2018-19,0.0,0,0,0,0,0,0,0,0,0,0,1,0,14.78,0,1,0,0,0,0,0,0,0,0,1,1
Jason Douglas-Stanley,George Mason,2018-19,0.0,7,28,7,23,2,2,2,1,0,1,1,3,20.0,4,16,3,12,1,2,1,2,0,0,5,1
Jason Dudley,William Peace,2018-19,0.0,0,0,0,0,0,0,0,0,0,0,1,0,16.58,1,1,0,0,0,0,2,1,0,2,2,0
Jason Dunne,Hartford,2018-19,20.0,61,162,35,102,24,26,57,21,7,9,43,38,20.0,63,174,50,134,30,36,50,16,4,8,34,37
Jason Gammage,Midway,2018-19,20.0,3,12,0,4,0,0,0,1,1,0,2,1,14.8,1,1,0,0,0,2,1,0,0,0,1,2
Jason Hutzler,Shenandoah,2018-19,20.0,0,1,0,0,0,0,0,0,0,0,1,1,14.95,0,2,0,0,0,0,0,0,0,0,0,0
Jason Kenny,Misericordia,2018-19,20.0,3,9,1,3,0,0,1,1,0,0,1,1,14.78,0,3,0,1,0,0,1,0,0,1,0,2
Jason McKie,Middle Georgia State,2018-19,19.98,0,0,0,0,0,1,0,1,0,0,0,0,14.75,0,0,0,0,0,0,0,0,0,0,0,0
Jason McMillan,Western Carolina,2018-19,20.0,1,3,1,3,0,0,2,1,0,0,0,1,17.35,0,1,0,1,0,0,1,0,0,0,1,2
Jason Preston,Ohio,2018-19,20.0,32,74,2,17,7,8,42,7,1,6,44,19,14.93,27,64,5,18,13,18,46,13,0,11,27,15
Jason Preston made Jumper. Assisted by Gavin,,2018-19,0.0,0,0,0,0,0,0,0,0,3,0,0,0,0.0,0,0,0,0,0,0,0,0,1,0,0,0
Jason Preston made Layup. Assisted by Gavin,,2018-19,0.0,0,0,0,0,0,0,0,0,2,0,0,0,0.0,0,0,0,0,0,0,0,0,2,0,0,0
Jason Preston made Three Point Jumper. Assisted by Gavin,,2018-19,0.0,0,0,0,0,0,0,0,0,1,0,0,0,0.0,0,0,0,0,0,0,0,0,0,0,0,0
Jason Richardson,Southern Utah,2018-19,20.0,8,25,1,5,5,7,11,3,0,2,6,8,14.6,12,19,4,5,1,2,10,4,0,2,2,5
Jason Saldiveri,St Elizabeth,2018-19,20.0,3,6,0,2,0,0,0,1,0,3,3,2,14.92,0,2,0,0,0,0,0,0,0,0,0,4
Jason Simmrin,Cal State San Marcos,2018-19,20.0,1,2,1,1,0,0,0,0,0,1,0,0,20.0,0,1,0,0,0,0,0,0,0,0,0,0
Jason Slain,,2018-19,17.17,0,1,0,0,0,0,0,0,0,0,0,0,0.0,0,0,0,0,0,0,0,0,0,0,0,0
Jason Strong,Northeastern,2018-19,0.0,18,38,2,11,3,3,2,2,1,5,16,7,14.78,18,33,8,16,4,7,2,1,2,3,11,6
Jason Tate,Shenandoah,2018-19,20.0,3,4,1,2,0,0,0,0,0,0,1,1,14.95,1,2,0,1,0,0,0,0,0,0,0,0
Jason Tribett,Mid-Atlantic Christian University,2018-19,0.0,0,0,0,0,0,0,0,0,0,0,2,0,14.98,0,1,0,1,0,0,0,0,0,0,0,0
Jason Wade,Old Dominion,2018-19,20.0,27,61,2,9,8,13,22,15,8,33,23,25,17.65,24,58,2,5,8,22,28,9,4,30,29,16
Jason Walker,William Woods,2018-19,20.0,0,1,0,0,0,0,0,0,0,0,0,0,14.95,0,1,0,0,0,0,0,2,0,1,0,0
Jason Williams,Cumberland (TN),2018-19,20.0,1,1,1,1,0,0,0,0,0,0,0,0,15.03,0,0,0,0,0,0,0,0,0,0,0,0
Jaume Sorolla,Valparaiso,2018-19,20.0,24,45,0,0,11,19,9,4,14,13,27,19,20.0,17,28,1,1,3,3,5,6,18,10,27,7
Javan Johnson,Troy,2018-19,20.0,55,141,30,80,13,20,24,8,11,12,58,26,14.9,52,125,22,62,16,22,21,6,9,12,39,22
Javan McBurrows,Champion Christian College,2018-19,20.0,1,7,1,5,0,0,0,0,0,0,0,1,14.75,0,4,0,4,0,0,0,1,0,0,0,2
Javan Miller,Indiana South Bend,2018-19,0.0,0,0,0,0,0,0,0,0,0,0,0,0,14.83,0,0,0,0,0,0,1,0,0,0,0,0
Javan White,Clemson,2018-19,0.0,19,32,0,0,4,11,4,7,7,11,28,10,17.78,7,13,0,0,5,9,3,1,4,9,14,3
Javante McCoy,Boston University,2018-19,20.0,58,134,25,63,17,21,39,14,3,6,32,26,20.0,59,148,20,62,33,42,29,16,2,15,38,22
Javaris Hill,Massachusetts-Boston,2018-19,20.0,3,3,0,0,0,0,0,0,0,1,0,1,14.9,1,3,0,0,0,0,0,0,0,0,1,0
Javaris Jones,Howard Payne,2018-19,20.0,4,14,3,11,0,0,1,0,0,1,1,3,14.97,3,5,1,3,0,0,3,1,0,0,2,2
Javian Williams,University of the Ozarks,2018-19,20.0,0,3,0,3,0,0,0,0,0,0,0,1,14.97,0,0,0,0,0,0,1,0,0,0,0,0
Javier Langarica,George Washington,2018-19,20.0,39,96,4,23,20,26,15,9,18,24,57,21,20.0,19,62,1,11,17,20,5,6,15,19,49,17
Javin DeLaurier,Duke,2018-19,20.0,33,43,0,0,12,19,6,18,22,35,51,17,16.12,24,33,0,0,14,27,7,13,24,29,46,14
Javon Bess,Saint Louis,2018-19,19.98,74,189,32,90,27,34,29,19,5,10,81,19,20.0,86,225,31,100,93,115,26,26,3,28,107,23
Javon Freeman,Valparaiso,2018-19,20.0,69,151,14,52,15,28,34,33,7,18,45,25,18.72,52,117,10,37,46,60,22,21,4,14,54,22
Javon Greene,George Mason,2018-19,20.0,47,94,14,52,27,30,20,21,8,6,62,29,20.0,48,112,18,52,38,42,15,18,1,16,67,15
Javon Hunter,South Wesleyan,2018-19,20.0,0,1,0,1,0,0,0,0,0,0,1,1,17.87,0,0,0,0,0,0,0,0,0,0,0,2
Javon Jackson,Kean,2018-19,20.0,1,2,1,2,0,0,0,0,0,0,2,0,14.83,0,3,0,2,0,0,0,0,0,0,2,1
Javon Levi,UT Rio Grande Valley,2018-19,20.0,53,146,3,26,36,52,87,46,0,13,49,33,17.92,62,150,8,27,48,76,106,57,2,15,58,38
Javon Pickett,Missouri,2018-19,20.0,50,137,19,55,4,9,31,9,1,14,42,22,17.98,36,101,11,43,15,26,10,12,2,18,22,24
Javontae McDavid,William Carey,2018-19,20.0,2,2,1,1,0,0,1,1,0,0,0,0,19.83,2,3,2,3,0,0,0,0,0,0,0,1
Javontay Pipkin,Clarion,2018-19,20.0,0,3,0,1,0,0,0,0,0,1,2,1,14.93,0,1,0,0,0,0,0,0,0,0,1,0
Javonte Cook,Mars Hill,2018-19,20.0,3,4,1,1,0,0,0,0,0,1,1,0,14.87,0,1,0,0,0,0,0,0,0,0,1,0
Javonte Smart,LSU,2018-19,19.7,6,21,1,7,0,0,3,1,0,0,6,0,20.0,7,25,3,9,1,2,5,3,0,1,6,3
Jawaun Newton,Evansville,2018-19,20.0,9,39,4,20,16,21,9,4,2,6,35,11,14.98,17,41,5,24,7,9,9,5,4,2,21,5
Jax Bell,Calvary,2018-19,0.0,0,0,0,0,0,0,0,0,0,0,1,1,14.75,0,1,0,1,0,0,1,0,0,0,0,0
Jaxon Hughes,Corban University,2018-19,20.0,3,7,2,6,0,0,2,1,0,0,0,3,17.4,2,5,1,2,1,1,2,1,0,0,2,4
Jaxon Knotek,North Dakota State,2018-19,20.0,3,11,2,8,2,2,0,0,2,1,4,2,20.0,3,9,2,6,0,1,2,0,0,0,2,2
Jaxon Mickow,Northland College,2018-19,0.0,0,0,0,0,0,0,0,0,0,0,1,3,14.98,0,1,0,1,0,0,0,0,0,0,1,0
Jaxson Gulley,,2018-19,0.0,0,0,0,0,0,0,0,0,0,0,2,0,0.0,0,0,0,0,0,0,0,0,0,0,0,0
Jaxson Hayes,Texas,2018-19,20.0,50,73,0,0,24,30,5,3,30,28,47,13,17.98,62,84,0,0,45,64,4,16,36,20,46,12
Jay Estime',UNC Wilmington,2018-19,15.0,43,103,22,67,1,2,19,5,0,8,34,19,20.0,33,87,22,63,14,19,19,6,1,9,22,11
Jay Harvey,South Dakota,2018-19,20.0,1,2,0,0,0,1,0,0,2,3,4,0,15.25,0,0,0,0,0,0,0,1,0,2,3,2
Jay Huff,Virginia,2018-19,20.0,30,54,7,19,5,8,4,3,12,9,21,10,15.7,12,21,5,9,6,11,4,5,11,1,21,5
Jay Jay Chandler,Texas A&M,2018-19,20.0,46,96,9,29,39,49,21,16,3,6,36,22,20.0,36,89,8,26,15,25,18,17,1,12,32,17
Jay Johnson,Hiwassee College,2018-19,20.0,3,6,2,4,0,0,0,1,0,1,2,4,14.97,1,4,0,3,0,0,2,0,1,0,4,0
Jay Lems,Calvary,2018-19,20.0,0,4,0,3,1,2,1,0,0,0,1,0,14.75,1,4,1,3,0,0,0,0,0,0,1,0
Jay Nagle,UC Santa Barbara,2018-19,20.0,20,37,15,31,3,3,7,4,2,4,21,2,19.87,8,28,7,26,2,4,6,1,0,2,22,2
JayQuan McCloud,Green Bay,2018-19,20.0,82,186,41,101,35,40,31,8,4,9,30,32,14.93,78,173,33,89,42,52,49,15,8,11,44,26
Jayce Johnson,Utah,2018-19,20.0,61,139,2,12,20,48,44,16,24,43,131,53,17.88,81,161,1,13,71,140,33,19,13,67,114,46
Jaycob Payne,Montana-Western,2018-19,20.0,1,2,0,0,0,0,1,0,0,0,0,1,20.0,0,2,0,1,1,2,0,0,0,1,0,0
Jayden Bezzant,NW Nazarene,2018-19,20.0,1,3,0,0,2,2,0,0,1,0,4,2,14.97,2,3,0,1,6,6,1,1,0,0,1,0
Jayden DeJoseph,William Jessup,2018-19,20.0,0,2,0,2,2,2,0,1,0,1,2,0,17.87,1,2,0,1,0,0,0,0,0,0,1,0
Jayden Ester,Rust,2018-19,0.0,0,0,0,0,0,0,0,0,0,0,0,0,14.88,0,2,0,1,0,0,1,0,0,1,0,0
Jayden Gardner,East Carolina,2018-19,20.0,69,145,1,1,53,75,21,12,8,40,76,46,15.88,92,182,2,9,108,141,13,9,7,55,92,27
Jayden Hampton,Penn State Wilkes-Barre,2018-19,20.0,1,2,1,1,0,0,0,0,0,0,2,1,15.97,1,2,1,1,4,4,0,0,1,0,0,0
Jayden Hodgson,Bradley,2018-19,0.0,5,14,3,8,4,4,11,3,0,1,13,12,15.58,3,15,2,12,6,6,8,3,1,1,5,12
Jayden Martinez,New Hampshire,2018-19,20.0,37,79,12,34,10,15,4,1,9,8,38,15,14.85,22,55,6,24,6,8,12,3,4,8,43,9
Jayden Nixon,Virginia,2018-19,0.0,0,0,0,0,0,0,0,0,0,0,0,0,14.92,0,1,0,0,0,0,0,0,0,0,2,0
Jayden Saddler,Southern,2018-19,20.0,30,61,5,11,7,11,46,15,1,6,26,20,14.9,38,72,2,8,25,32,34,21,1,6,18,32
Jayden Sadldler,,2018-19,0.47,1,5,0,0,0,0,2,0,0,0,1,2,0.0,2,3,0,1,5,5,1,0,0,0,0,2
Jayden Sadler,Southern,2018-19,20.0,0,1,0,0,0,0,1,1,0,2,0,1,15.05,3,8,0,0,0,0,1,0,0,1,0,0
Jayden Wagoner,IU-Kokomo,2018-19,20.0,0,1,0,1,0,0,0,0,0,0,0,0,14.92,1,2,1,2,0,0,0,0,0,0,1,0
Jaylan Gainey,Brown,2018-19,0.0,1,1,0,0,2,4,1,0,2,0,9,0,14.73,1,1,0,0,2,2,1,0,1,0,3,2
Jaylan McGill,Charlotte,2018-19,20.0,18,52,9,30,2,2,10,6,1,3,18,13,20.0,18,43,11,29,9,16,7,2,2,2,18,5
Jaylen Alston,Gardner-Webb,2018-19,20.0,3,8,0,0,5,7,0,1,0,5,4,0,17.82,4,5,1,1,0,0,0,2,1,0,6,3
Jaylen Butz,DePaul,2018-19,20.0,49,92,0,0,24,46,22,6,12,39,67,32,14.92,40,66,0,0,20,33,15,14,5,29,56,11
Jaylen Fisher,TCU,2018-19,20.0,14,33,11,24,4,4,8,3,1,1,2,4,20.0,17,42,16,36,0,1,12,4,1,3,11,2
Jaylen Fornes,UNC Wilmington,2018-19,19.4,37,77,17,38,5,5,8,3,0,15,20,17,20.0,19,66,9,33,22,25,8,6,2,9,18,11
Jaylen Franklin,Abilene Christian,2018-19,20.0,57,115,6,11,20,38,71,29,5,4,52,35,14.77,55,97,2,4,44,69,71,27,3,9,43,27
Jaylen Gilbert,IU-Kokomo,2018-19,20.0,0,2,0,0,1,2,1,0,0,1,1,0,14.92,0,2,0,1,0,0,0,1,0,1,3,0
Jaylen Hands,UCLA,2018-19,20.0,71,172,29,83,26,30,106,23,5,4,59,56,14.82,77,183,34,86,52,70,84,19,0,6,45,46
Jaylen Hoard,Wake Forest,2018-19,20.0,64,154,7,26,36,46,19,9,7,36,67,33,19.6,67,135,3,19,46,68,21,4,8,33,70,34
Jaylen Key,Northern Illinois,2018-19,19.57,23,56,0,1,5,8,6,1,4,7,18,14,20.0,13,35,0,3,7,8,3,2,1,1,18,7
Jaylen McCoy,SIU-Edwardsville,2018-19,15.0,14,55,10,29,10,12,12,4,0,4,4,9,20.0,21,57,12,36,5,8,15,4,0,3,12,12
Jaylen McManus,Charleston,2018-19,20.0,28,68,12,34,11,17,4,1,1,17,43,9,19.8,21,42,6,13,6,10,6,4,3,13,31,7
Jaylen Minnett,IUPUI,2018-19,20.0,59,163,38,113,15,17,30,15,1,6,25,24,17.87,65,185,36,121,38,44,30,11,1,3,27,23
Jaylen Nowell,Washington,2018-19,20.0,93,202,24,58,26,32,51,20,3,20,65,39,14.85,98,182,19,41,48,64,50,19,5,13,74,60
Jaylen Rhone,Louisiana College,2018-19,20.0,0,6,0,2,2,2,1,1,0,1,1,5,18.13,1,2,1,1,1,2,2,1,0,0,0,1
Jaylen Richard,Charleston,2018-19,20.0,19,48,5,22,19,22,4,9,0,4,19,18,19.8,12,30,3,13,13,18,7,5,2,5,9,9
Jaylen Sebree,Florida Atlantic,2018-19,20.0,13,41,6,19,6,9,12,5,0,5,9,5,14.83,18,31,7,12,4,9,8,2,2,4,10,4
Jaylen Shead,Texas State,2018-19,20.0,32,82,6,24,8,14,57,18,2,1,46,25,14.77,45,89,9,25,41,58,76,16,4,12,54,34
Jaylen Sims,UNC Wilmington,2018-19,20.0,24,64,12,37,16,22,13,5,3,14,30,10,17.8,21,54,13,35,17,22,5,3,4,11,24,9
Jaylen Stowe,Mercer,2018-19,20.0,56,104,5,16,29,45,15,14,1,13,56,25,19.07,57,110,6,22,47,61,19,18,1,17,57,16
Jaylen Williams,Shenandoah,2018-19,20.0,1,2,0,1,0,0,0,1,0,0,0,2,14.95,0,4,0,1,0,0,0,0,0,0,1,1
Jaylin Andrews,Loyola (MD),2018-19,20.0,34,79,17,47,16,27,14,11,2,8,24,17,14.88,31,79,12,43,15,21,17,19,3,15,35,12
Jaylin Dinkins,Avila,2018-19,20.0,1,3,1,2,0,0,0,0,0,0,0,1,14.95,0,2,0,1,2,2,0,0,0,0,0,0
Jaylin Fordham,Albion,2018-19,20.0,0,1,0,1,0,0,0,1,0,0,4,0,17.95,2,7,2,6,0,0,1,1,0,0,2,1
Jaylin Walker,Kent State,2018-19,20.0,85,206,44,107,42,57,32,22,1,17,51,32,20.0,91,251,47,131,83,99,24,14,2,29,54,35
Jaylon Hall,Wright State,2018-19,20.0,0,5,0,1,2,2,2,0,0,0,2,2,17.63,0,4,0,1,0,0,0,0,0,0,0,0
Jaylon McMillan,Fort Valley State,2018-19,20.0,1,4,1,2,0,0,0,0,0,0,2,2,14.9,3,8,1,3,3,3,0,0,0,1,0,0
Jaylon Pugh,Furman,2018-19,20.0,6,8,6,7,0,0,2,1,0,0,2,1,14.93,2,7,2,6,0,0,2,0,0,3,4,1
Jaylon Terrell,Navy,2018-19,0.0,0,0,0,0,0,0,0,0,0,0,0,0,14.9,0,1,0,0,0,0,0,0,0,0,0,0
Jaylon Tharpe,Trevecca Nazarene,2018-19,20.0,1,4,1,4,0,0,0,0,0,0,2,3,14.9,0,2,0,1,0,0,1,1,0,0,1,2
Jaylon Wilson,Longwood,2018-19,20.0,48,112,25,67,16,22,13,6,1,5,19,9,17.97,33,82,14,38,22,26,11,6,1,5,20,6
Jayson Barnhart,Bob Jones University,2018-19,20.0,7,16,0,3,4,4,0,0,0,0,3,3,14.93,4,11,1,2,4,4,0,0,0,0,3,3
Jayson Stepter,McMurry,2018-19,0.0,0,0,0,0,0,0,0,0,0,0,0,0,14.85,0,1,0,0,0,0,0,0,1,0,1,0
Jayveous McKinnis,Jackson State,2018-19,20.0,18,29,0,0,3,5,2,4,8,14,20,4,15.05,25,33,0,0,5,13,2,8,11,17,38,4
Jayvon Brown,CSU Dominguez Hills,2018-19,20.0,4,15,1,6,0,1,1,1,0,2,3,3,14.88,1,6,0,1,1,2,2,0,0,0,0,2
Jayvon Graves,Buffalo,2018-19,19.83,65,146,30,81,18,26,29,19,14,26,54,17,20.0,47,104,19,52,16,28,30,10,11,23,35,15
Jazz Johnson,Nevada,2018-19,20.0,46,103,31,72,14,17,20,9,1,2,28,15,17.82,50,100,34,71,37,45,21,9,1,5,17,7
Jeameril Wilson,Lehigh,2018-19,20.0,30,48,6,12,8,9,14,5,7,7,28,17,18.37,21,45,4,7,24,29,6,5,3,12,27,13
Jeantal Cylla,UNC Wilmington,2018-19,15.8,65,180,12,46,29,35,7,12,8,19,46,15,20.0,60,127,14,41,62,73,7,3,7,19,39,18
Jeenathan Williams,Buffalo,2018-19,15.0,17,59,2,26,8,14,1,1,4,14,9,7,20.0,20,39,2,11,9,13,2,5,0,11,9,4
Jeff Coulanges,Wagner,2018-19,20.0,8,28,3,17,4,6,6,3,1,8,13,7,14.92,13,21,4,9,8,10,3,4,0,7,8,5
Jeff Dowtin,Rhode Island,2018-19,20.0,76,160,15,41,27,30,48,14,7,8,41,24,20.0,88,183,21,62,45,66,47,26,4,8,31,27
Jeff Hintz,Methodist,2018-19,20.0,0,1,0,0,0,0,0,0,0,0,1,0,14.9,1,3,1,1,0,0,0,0,0,0,0,0
Jeff Ludka,Pensacola Christian College,2018-19,0.0,0,0,0,0,0,0,0,0,0,0,0,0,14.87,1,1,0,0,0,0,0,0,0,0,1,0
Jeff McIlwain,Columbia International,2018-19,0.0,0,0,0,0,0,0,0,0,0,0,2,0,14.87,2,3,0,0,0,0,0,0,0,0,0,0
Jeff Otchere,Stony Brook,2018-19,15.0,25,45,0,0,18,27,7,3,29,18,43,18,20.0,25,46,0,0,18,27,8,5,42,30,40,19
Jeff Pollard,Washington State,2018-19,20.0,38,59,2,5,13,17,14,6,0,15,24,11,17.45,15,31,1,5,5,8,4,5,2,7,21,8
Jeff Sutherland,Willamette,2018-19,20.0,0,0,0,0,0,0,1,0,0,0,0,1,14.9,0,1,0,0,0,2,0,0,0,0,0,0
Jeff Thomas,Georgia State,2018-19,20.0,69,164,39,96,18,23,18,23,10,9,52,23,20.0,58,138,31,75,39,48,16,12,17,16,71,15
Jeffery Kenny,Williams Baptist,2018-19,20.0,2,4,0,0,1,2,0,0,1,6,4,2,14.95,1,1,0,0,0,0,1,0,0,3,0,0
Jeffery McClendon,Loyola Marymount,2018-19,20.0,25,65,7,14,18,24,25,27,2,3,23,19,14.68,23,55,5,14,17,21,21,14,1,10,25,18
Jeffery Pharr,Spring Hill,2018-19,20.0,3,5,0,0,1,2,1,1,1,2,4,3,14.87,0,3,0,0,0,0,0,0,0,1,0,2
Jeffrey Dockett,Miles,2018-19,20.0,4,7,3,5,2,2,0,1,0,0,0,1,20.0,0,5,0,0,0,0,3,0,0,0,2,0
Jeffrey Hernandez,Florida National,2018-19,20.0,1,3,0,1,0,2,0,1,1,0,1,1,14.93,3,6,2,4,0,0,2,0,1,0,2,0
Jeffrey Steel,Ave Maria,2018-19,20.0,1,2,1,1,0,0,0,0,0,0,1,2,14.73,0,2,0,2,1,2,0,0,0,1,1,2
Jeffrey Uju,Bowling Green,2018-19,20.0,23,44,1,3,6,14,3,6,2,18,20,6,20.0,15,28,0,3,8,12,6,1,2,10,30,3
Jehyve Floyd,Holy Cross,2018-19,20.0,68,111,0,1,14,36,55,14,32,24,68,25,18.25,98,145,0,1,37,71,49,12,38,29,61,38
Jelani Simmons,Youngstown St,2018-19,20.0,34,91,23,61,10,12,15,15,3,12,20,17,14.92,53,101,23,53,9,11,17,14,2,17,23,12
Jelani Watson-Gayle,Miles,2018-19,20.0,5,7,5,7,2,2,2,0,0,0,1,0,20.0,2,7,1,5,0,0,1,1,0,1,1,1
Jelani Williams,,2018-19,0.0,0,0,0,0,0,0,0,0,0,0,0,2,0.0,0,0,0,0,0,0,0,0,0,0,0,1
Jemarl Baker,Kentucky,2018-19,20.0,1,4,1,4,0,0,1,0,0,0,1,1,20.0,0,3,0,3,0,0,0,0,1,1,0,1
Jemarl Baker Jr.,Kentucky,2018-19,20.0,13,31,7,20,7,10,6,3,0,0,5,4,19.2,3,19,3,13,2,2,5,1,1,0,5,3
Jeohnni Moore,East-West University,2018-19,20.0,0,1,0,1,0,0,1,0,0,0,0,0,14.8,1,7,0,4,0,0,0,1,0,0,0,0
Jerald Gillens-Butler,Butler,2018-19,0.0,0,2,0,1,0,0,0,1,0,0,1,0,16.43,1,3,0,1,0,0,1,0,0,2,3,0
Jerekius Davis,Louisiana,2018-19,20.0,58,120,18,49,12,18,4,8,5,24,23,14,15.63,44,100,17,48,18,22,4,9,5,18,35,14
Jeremiah Bailey,Pacific,2018-19,20.0,32,86,19,50,6,10,7,6,1,9,35,16,14.93,16,41,7,18,15,19,6,12,3,6,25,15
Jeremiah Bell,UAB,2018-19,0.0,50,115,18,55,20,28,34,10,1,4,41,27,20.0,44,116,25,71,14,24,30,9,2,5,33,16
Jeremiah Bozeman,Jackson State,2018-19,0.0,2,4,1,1,0,0,1,3,0,0,5,3,15.05,4,8,1,2,2,4,0,2,0,1,3,3
Jeremiah Buford,Nicholls,2018-19,0.0,16,38,9,20,1,2,6,6,1,8,12,7,14.88,11,28,7,18,5,6,6,4,0,5,8,10
Jeremiah Dickerson,CSU Bakersfield,2018-19,20.0,0,1,0,1,0,0,1,0,0,1,0,1,19.53,1,1,0,0,0,2,3,0,0,1,0,0
Jeremiah Gambrell,Western Kentucky,2018-19,20.0,0,1,0,1,0,0,1,1,0,0,0,0,20.0,1,3,1,3,0,0,0,1,0,0,0,2
Jeremiah Hanson,Colorado Christian,2018-19,20.0,0,4,0,1,0,0,0,0,0,1,0,2,14.83,2,4,1,2,2,2,0,1,0,0,0,0
Jeremiah Harris,Cairn University,2018-19,20.0,1,3,0,0,2,2,1,1,0,0,1,2,14.7,0,0,0,0,0,0,0,0,0,0,0,0
Jeremiah Jefferson,Nicholls,2018-19,20.0,91,212,47,126,13,16,23,11,3,5,49,27,14.97,89,197,42,105,29,40,29,14,2,4,27,25
Jeremiah Jordan,Brewton-Parker,2018-19,0.0,0,0,0,0,0,0,0,0,0,0,0,0,17.8,1,1,0,0,0,0,0,0,0,0,0,0
Jeremiah Martin,Memphis,2018-19,20.0,89,217,28,92,81,108,76,36,11,18,53,45,20.0,116,243,35,92,103,130,71,40,9,16,55,47
Jeremiah Price,,2018-19,0.0,0,0,0,0,0,0,0,0,0,1,0,1,0.0,0,0,0,0,0,0,0,0,0,0,0,0
Jeremiah Saunders,SE Louisiana,2018-19,20.0,9,21,7,17,0,0,5,6,1,1,13,6,14.93,5,14,2,8,2,4,3,0,0,5,8,6
Jeremiah Tardy,Bethesda,2018-19,20.0,4,15,3,11,0,0,3,0,0,2,5,6,14.97,5,13,1,4,0,1,2,1,0,0,3,2
Jeremiah Testa,Menlo,2018-19,20.0,0,2,0,1,1,4,1,1,0,0,1,0,15.95,3,7,0,1,0,0,1,1,0,0,1,1
Jeremiah Tilmon,Missouri,2018-19,20.0,64,116,0,1,25,34,10,10,14,33,60,27,17.98,54,96,0,0,32,48,9,7,11,34,42,38
Jeremiah Usiosefe,Western Illinois,2018-19,20.0,13,41,7,19,5,6,9,0,1,4,35,10,20.0,8,28,2,14,13,16,5,3,1,5,13,4
Jeremy Betjol,Wayland Baptist University,2018-19,20.0,0,2,0,0,0,0,0,1,0,0,1,0,17.97,2,3,0,0,1,1,3,3,1,2,4,0
Jeremy Combs,Texas Southern,2018-19,19.98,53,104,2,9,30,59,18,18,5,49,48,28,20.0,74,114,2,4,45,80,12,17,9,31,68,25
Jeremy Every,Elmira,2018-19,20.0,0,1,0,0,0,0,0,1,0,0,1,2,14.73,0,2,0,0,1,2,0,0,0,0,1,1
Jeremy Franklin,Maine-Fort Kent,2018-19,20.0,0,1,0,0,0,0,0,0,0,0,0,0,14.83,0,1,0,0,0,0,0,0,0,0,1,0
Jeremy Greenlee,North Park,2018-19,20.0,0,4,0,1,0,0,0,0,0,1,2,1,14.8,0,0,0,0,0,0,0,0,0,0,0,0
Jeremy Harris,Buffalo,2018-19,19.28,96,235,38,124,27,39,48,25,8,25,83,32,20.0,89,198,21,87,25,34,47,13,11,21,82,21
Jeremy Hayes,Louisiana,2018-19,20.0,11,39,6,21,8,14,8,3,1,1,13,10,15.63,15,40,5,19,13,18,6,3,0,9,4,14
Jeremy Hemsley,San Diego State,2018-19,20.0,58,132,20,53,20,34,46,20,9,8,42,34,16.88,38,95,9,30,28,42,32,14,7,9,34,31
Jeremy Jones,Gonzaga,2018-19,20.0,17,22,6,10,8,11,16,7,4,11,43,7,14.48,8,20,2,9,14,21,11,4,1,9,38,6
Jeremy Joyner,UT Martin,2018-19,20.0,6,7,0,0,2,8,0,2,0,3,5,5,17.88,5,8,0,0,2,8,0,0,2,3,1,1
Jeremy Miller,Northeastern,2018-19,20.0,15,29,3,13,5,6,8,4,5,3,18,5,20.0,4,13,1,4,5,7,0,0,1,6,12,4
Jeremy Oppenheimer,Southeastern,2018-19,20.0,1,5,0,3,0,0,1,0,0,0,1,1,14.97,1,7,1,2,0,0,1,0,0,3,1,2
Jeremy Peck,UNC Asheville,2018-19,0.0,6,19,0,0,0,0,8,1,6,11,20,13,14.97,12,22,0,1,7,10,4,3,3,11,29,10
Jeremy Roscoe,Akron,2018-19,20.0,10,32,7,24,5,6,3,7,1,5,25,10,14.92,12,29,6,19,4,4,8,1,2,2,18,2
Jeremy Smith,California Baptist,2018-19,20.0,25,64,12,29,4,6,22,1,1,3,23,8,20.0,26,60,13,30,8,10,21,11,1,5,12,8
Jeremy Soloman,Huston-Tillotson,2018-19,20.0,0,1,0,0,0,0,1,1,0,1,2,2,16.73,2,4,0,1,1,2,0,0,0,1,0,1
Jeremy Stewart,Brescia,2018-19,0.0,1,1,0,0,0,0,0,0,0,0,1,0,14.95,0,1,0,0,0,0,1,0,0,0,0,1
Jeremy Wert,South Wesleyan,2018-19,20.0,0,1,0,0,2,2,1,1,0,0,3,0,17.87,0,0,0,0,0,0,0,0,0,0,1,1
Jeriah Horne,Tulsa,2018-19,20.0,72,144,27,66,31,34,17,13,10,18,59,29,18.08,45,112,24,64,16,22,16,9,5,12,65,12
Jericho Gray,Centenary,2018-19,20.0,1,5,1,3,2,2,0,0,0,0,2,0,14.95,2,2,0,0,0,0,0,0,0,1,1,1
Jericho Sims,Texas,2018-19,20.0,32,58,0,0,4,14,4,4,7,24,45,19,17.98,20,36,0,0,16,22,2,4,8,15,30,10
Jerick Haynes,Lees McRae,2018-19,20.0,1,4,0,1,1,2,0,1,0,0,1,0,17.68,1,5,0,0,0,0,1,1,0,1,1,1
Jericole Hellems,NC State,2018-19,20.0,41,104,10,33,15,20,10,4,6,19,27,25,14.8,20,55,9,22,10,14,11,8,3,7,24,10
Jermaine Brathwaite,SUNY Maritime,2018-19,20.0,0,0,0,0,0,0,2,0,0,0,0,0,14.93,0,0,0,0,0,0,0,0,0,0,0,2
Jermaine Haley,West Virginia,2018-19,15.0,46,91,5,26,22,38,40,14,2,13,54,33,20.0,41,85,7,20,21,29,40,17,2,29,41,27
Jermaine Harris,Rhode Island,2018-19,20.0,27,69,0,11,19,24,4,8,5,12,33,20,20.0,13,21,0,1,20,26,4,4,3,12,18,14
Jermaine Head,Wilmington (DE),2018-19,20.0,6,14,1,4,3,4,3,2,0,0,11,1,14.98,6,14,2,5,8,11,1,5,0,1,1,3
Jermaine Marrow,Hampton,2018-19,20.0,131,311,53,126,92,111,82,26,2,13,53,54,19.05,122,289,29,94,111,137,72,23,4,12,54,47
Jermaine Samuels,Villanova,2018-19,20.0,29,66,12,42,6,13,14,8,8,29,50,17,17.55,38,83,18,44,38,54,18,7,16,25,67,14
Jermaine Thompson,Hiwassee College,2018-19,0.0,0,0,0,0,0,0,0,0,0,0,0,0,14.85,2,4,0,1,0,1,1,3,0,0,0,0
Jermaine Ukaegbu,Winthrop,2018-19,20.0,17,27,0,0,8,13,6,4,11,18,44,13,18.83,17,23,0,0,5,8,8,3,12,13,36,14
Jermar Perkins,Keiser,2018-19,20.0,1,4,0,2,0,0,3,1,0,0,4,0,20.0,1,8,1,5,2,4,1,0,0,2,0,3
Jerome Desrosiers,Princeton,2018-19,20.0,25,71,16,48,7,10,9,5,3,8,63,13,18.37,15,54,8,30,10,11,8,1,2,12,48,10
Jeromy Rodriguez,East Tennessee State,2018-19,20.0,47,100,0,0,15,19,28,13,7,45,98,33,20.0,79,131,0,0,37,59,27,25,11,49,116,28
Jerrick Harding,Weber State,2018-19,20.0,99,221,31,88,39,47,21,21,4,6,38,32,20.0,99,200,27,72,97,112,19,27,5,7,37,26
Jerry Coleman,Spalding,2018-19,20.0,0,1,0,1,0,0,0,0,0,0,0,3,14.83,0,2,0,1,0,0,0,0,0,0,0,0
Jerry Higgins III,The Citadel,2018-19,0.0,1,5,1,2,0,0,8,2,0,1,2,5,14.98,7,15,3,8,2,4,11,2,0,3,1,3
Jerry Johnson,Hiwassee College,2018-19,20.0,1,1,0,0,0,0,0,0,0,0,0,0,14.93,0,0,0,0,0,0,0,0,0,0,0,0
Jerry Johnson Jr,Chattanooga,2018-19,0.0,0,0,0,0,0,0,31,0,0,0,0,0,20.0,0,0,0,0,0,0,33,0,0,0,0,0
Jerry Johnson Jr.,Chattanooga,2018-19,20.0,46,121,29,76,12,14,0,7,0,9,42,19,20.0,45,117,16,60,17,24,0,10,0,5,37,19
Jervae Robinson,Washington State,2018-19,20.0,18,62,8,28,2,4,29,7,1,1,22,14,17.45,34,76,10,33,10,15,28,7,0,3,14,24
Jeryn Lucas,Central Washington,2018-19,20.0,1,6,1,4,0,0,0,0,0,0,0,1,17.97,4,5,2,3,0,0,0,0,0,0,0,0
Jesse Adelson,Elmira,2018-19,20.0,3,5,3,4,0,1,1,0,0,0,0,0,14.73,1,4,1,3,0,0,0,0,0,0,0,0
Jesse Bunting,Fordham,2018-19,20.0,28,53,1,2,11,18,5,9,7,25,30,12,20.0,28,54,1,2,8,10,7,10,8,25,34,5
Jesse Hillis,Aquinas College,2018-19,20.0,1,6,0,2,0,0,1,0,0,1,0,1,14.97,1,3,1,2,1,2,0,0,0,0,0,1
Jesse Hunt,Eastern Washington,2018-19,20.0,80,169,26,58,20,32,47,7,11,17,113,36,14.93,77,155,17,47,69,86,60,12,8,29,109,30
Jesse Little,American,2018-19,20.0,4,4,0,0,0,1,0,0,0,0,1,0,20.0,0,0,0,0,0,0,0,0,0,0,1,0
Jesse Love,Jackson State,2018-19,0.0,1,3,1,2,0,0,0,0,1,0,4,1,17.97,0,2,0,0,0,0,2,0,1,0,0,1
Jesse Paradiso,Mobile,2018-19,20.0,1,2,0,1,0,0,0,0,0,1,0,1,19.62,0,3,0,2,2,2,0,0,0,0,1,0
Jesse Rivera,Cairn University,2018-19,20.0,1,3,1,2,0,0,1,0,0,0,1,3,14.7,2,2,0,0,3,4,1,0,0,1,0,2
Jessie Frost-Dixon,William Woods,2018-19,20.0,0,2,0,1,0,0,0,0,0,1,1,2,14.95,1,1,0,0,1,2,0,0,0,0,0,0
Jessie Govan,Georgetown,2018-19,20.0,92,194,18,49,42,53,21,15,19,29,92,20,17.87,104,201,27,54,49,66,19,11,18,26,84,24
Jessy Haynes,Carver Bible College,2018-19,0.0,0,0,0,0,0,0,0,1,0,0,0,0,14.92,0,0,0,0,0,0,2,0,0,0,1,0
Jesus Cruz,Fairfield,2018-19,20.0,54,123,8,29,17,24,23,9,3,18,46,28,20.0,57,115,7,22,29,33,19,14,2,23,33,22
Jett Jobe,SE Oklahoma State,2018-19,16.87,4,12,3,9,0,0,4,2,0,2,2,2,20.0,3,11,3,8,0,0,1,0,0,0,2,1
Jevon Smith,Green Bay,2018-19,20.0,11,27,3,10,5,6,9,3,0,3,10,9,14.93,6,11,0,2,3,4,5,1,0,2,10,7
Jewels Sanders,Holy Names,2018-19,20.0,3,6,3,6,0,0,2,1,0,0,4,3,17.73,1,3,1,2,0,0,0,0,0,1,0,0
Jheron Dawson-Johnson,Penn State Wilkes-Barre,2018-19,20.0,1,2,1,2,0,0,0,2,0,0,2,0,15.97,0,1,0,1,0,0,0,0,0,0,1,0
Jhery Matos,Dayton,2018-19,20.0,4,11,1,2,0,0,2,1,0,0,3,1,20.0,4,9,0,3,3,5,4,3,0,1,10,2
Jhivvan Jackson,UTSA,2018-19,19.9,99,269,41,135,32,37,41,18,2,3,46,30,19.32,108,272,55,143,71,84,28,15,0,10,48,34
Jibreel Faulkner,Canisius,2018-19,20.0,45,96,16,45,7,11,15,7,5,14,20,15,20.0,46,89,14,37,14,19,9,9,3,15,34,8
Jibri Blount,North Carolina Central,2018-19,20.0,37,77,8,28,17,24,18,9,4,11,31,26,18.35,39,78,6,17,24,34,17,11,4,22,32,26
Jihar Williams,William & Mary,2018-19,20.0,0,4,0,3,1,2,1,0,2,0,4,2,20.0,2,6,0,4,0,0,1,0,0,0,2,0
Jimbo Lull,San Francisco,2018-19,20.0,36,61,0,0,6,8,1,2,3,18,30,6,14.78,30,51,0,1,20,27,9,3,5,18,29,9
Jimmie Sanders,Bridgewater,2018-19,20.0,1,5,0,2,2,2,2,0,0,2,0,1,15.47,2,6,2,3,1,2,1,0,0,0,1,2
Jimmy Boeheim,Cornell,2018-19,20.0,63,151,16,59,18,24,12,4,7,7,45,27,20.0,68,131,22,48,27,46,16,12,4,12,35,13
Jimmy Cocozello,St. Joseph's (NY-Brooklyn),2018-19,0.0,0,1,0,0,0,0,0,0,0,0,0,1,14.9,1,1,0,0,1,1,1,0,0,0,0,0
Jimmy Hanley,,2018-19,3.82,1,4,1,3,0,0,0,1,0,0,1,1,0.0,1,2,0,1,0,0,0,0,0,0,1,2
Jimmy Nichols Jr,Providence,2018-19,0.0,0,0,0,0,0,0,7,0,0,0,0,0,20.0,0,0,0,0,0,0,4,0,0,0,0,0
Jimmy Nichols Jr.,Providence,2018-19,20.0,18,44,4,13,4,10,1,5,15,10,25,13,20.0,14,27,1,6,2,3,3,1,9,11,11,9
Jimmy Ratliff,Siena,2018-19,20.0,10,26,7,22,0,1,3,4,2,6,9,4,19.6,8,29,6,25,0,0,5,3,2,5,7,5
Jimmy Sotos,Bucknell,2018-19,16.98,43,103,18,57,18,23,79,14,3,3,49,32,20.0,32,85,11,40,33,42,97,18,7,7,53,53
Jimmy Whitt Jr,SMU,2018-19,20.0,0,0,0,0,0,0,44,0,0,0,0,0,19.02,0,0,0,0,0,0,37,0,0,0,0,0
Jimmy Whitt Jr.,SMU,2018-19,20.0,76,152,2,16,18,29,12,23,9,23,55,22,19.02,65,142,1,8,24,41,17,15,3,35,62,19
Jimond Ivey,Akron,2018-19,20.0,46,109,11,53,17,23,38,13,2,18,56,30,14.92,46,121,16,66,31,40,42,14,1,16,56,16
Jo Griffin,Louisville,2018-19,20.0,0,1,0,1,0,0,0,0,0,0,0,0,14.9,0,0,0,0,0,0,0,0,0,0,0,0
JoJo Toppin,Georgia,2018-19,20.0,3,10,0,2,3,4,2,0,1,3,3,6,14.92,4,9,1,3,5,6,1,0,0,4,2,3
JoJo Walker,Portland,2018-19,20.0,42,100,18,48,26,37,45,11,0,6,32,29,17.95,48,114,22,63,44,63,38,11,0,6,25,24
JoJo Zamora,New Mexico State,2018-19,20.0,59,124,32,70,14,20,13,6,3,4,25,18,19.35,21,67,13,42,10,15,17,5,1,10,6,8
Joancarlo Bonilla,Medgar Evers,2018-19,0.0,0,0,0,0,0,0,0,0,0,0,0,0,14.93,0,0,0,0,0,2,0,0,0,0,1,0
Joante Avery,Bethesda,2018-19,20.0,7,13,3,4,1,2,1,2,0,2,10,2,14.82,1,4,0,2,0,0,2,0,0,1,2,1
Joao Preto,Williams Baptist,2018-19,20.0,2,3,0,0,0,0,0,2,0,2,1,1,14.95,2,2,0,0,0,0,0,0,0,0,1,0
Job Alexander,Cal Poly,2018-19,0.0,15,42,0,3,5,11,12,6,1,5,14,13,18.32,24,40,0,2,9,20,12,3,0,11,12,11
Jobby Howard,Spalding,2018-19,0.0,0,0,0,0,0,0,0,0,0,0,0,0,14.83,1,2,1,2,0,0,0,0,0,0,1,1
Jock Hughes,Stephen F. Austin,2018-19,20.0,4,13,2,10,3,4,5,0,4,2,5,4,20.0,9,20,6,10,2,2,2,1,1,4,9,6
Jock Perry,Saint Mary's,2018-19,20.0,4,14,2,4,1,2,0,1,1,2,4,7,17.1,10,13,4,4,2,3,1,0,1,0,5,2
Jodrell Thompson,Kean,2018-19,20.0,0,0,0,0,0,0,1,0,0,0,1,1,14.83,0,1,0,0,0,0,0,0,0,0,0,1
Joe Borcia,Wisconsin Parkside,2018-19,20.0,1,2,0,0,0,0,0,1,0,0,0,0,15.58,0,0,0,0,0,0,0,0,0,1,1,2
Joe Boykin,Savannah St,2018-19,20.0,0,1,0,1,0,0,0,0,0,0,1,0,19.43,0,1,0,1,0,0,0,0,0,0,0,0
Joe Bryant Jr,Norfolk State,2018-19,20.0,0,0,0,0,0,0,6,0,0,0,0,0,14.83,0,0,0,0,0,0,3,0,0,0,0,0
Joe Bryant Jr.,Norfolk State,2018-19,20.0,6,20,1,7,1,5,2,4,0,2,4,11,14.87,7,18,0,3,4,5,1,2,1,2,6,4
Joe Conley,North Greenville,2018-19,20.0,1,4,0,0,0,0,2,1,1,1,2,2,14.83,0,1,0,1,0,0,0,0,0,1,2,1
Joe Cremo,Villanova,2018-19,20.0,24,72,18,52,2,3,22,8,1,6,26,19,17.55,22,51,12,38,10,15,18,5,0,4,24,7
Joe Foley,Lehigh,2018-19,20.0,7,11,0,0,4,4,12,1,0,1,9,7,17.93,3,7,0,0,2,5,6,3,2,1,1,8
Joe Hoeup,Hardin-Simmons,2018-19,20.0,0,3,0,2,0,0,0,0,0,0,1,0,14.77,1,2,0,1,0,0,0,0,0,0,1,0
Joe Hugley,Central Connecticut,2018-19,20.0,32,83,15,42,40,50,4,7,9,13,45,20,20.0,41,102,14,47,55,61,0,4,7,25,34,12
Joe Kasperzyk,Bryant,2018-19,20.0,44,123,8,40,33,42,27,15,4,9,29,46,20.0,50,99,8,23,53,63,41,14,3,4,31,36
Joe Lind,Buena Vista,2018-19,20.0,0,3,0,2,0,0,0,0,0,0,1,1,14.58,1,3,1,3,0,0,1,0,0,0,1,0
Joe Mooney,UC Davis,2018-19,20.0,44,111,28,77,11,13,21,11,3,6,32,16,14.78,53,117,30,69,29,35,14,9,2,5,33,21
Joe Pleasant,Abilene Christian,2018-19,20.0,35,62,2,10,15,21,5,7,2,17,24,21,14.77,20,38,0,1,25,41,1,3,3,12,20,18
Joe Quintana,Loyola Marymount,2018-19,20.0,35,84,20,51,12,15,20,21,2,4,33,17,14.68,35,98,22,62,29,35,25,24,6,9,25,13
Joe Rosga,Denver,2018-19,20.0,55,138,28,75,7,8,33,13,0,6,27,18,17.95,47,114,25,59,13,15,23,8,0,6,23,22
Joe Schriner,Franciscan University,2018-19,20.0,2,5,2,4,0,0,3,1,0,0,1,1,15.0,1,2,1,2,0,0,0,0,0,0,0,2
Joe Sherburne,UMBC,2018-19,20.0,90,194,31,81,7,9,44,19,2,34,55,32,14.95,76,154,22,59,37,41,46,10,2,19,68,25
Joe Toye,Vanderbilt,2018-19,20.0,27,85,10,51,18,23,11,9,4,16,27,21,18.83,45,108,24,66,19,32,11,9,6,5,34,17
Joe Wall,Seattle,2018-19,0.0,1,1,1,1,0,0,0,0,0,0,0,0,14.97,0,2,0,2,0,0,0,0,0,0,0,0
Joe Wieskamp,Iowa,2018-19,20.0,66,125,34,71,30,40,19,12,5,26,61,16,19.93,47,95,18,48,43,55,18,15,8,20,50,16
Joel Ayayi,Gonzaga,2018-19,0.0,3,4,1,2,0,1,0,0,0,0,3,0,14.48,3,5,0,1,0,0,2,1,0,0,4,1
Joel Davis,Cornell,2018-19,20.0,18,46,3,11,8,11,8,9,2,3,23,14,20.0,17,43,3,14,13,23,14,8,4,8,17,8
Joel Johnson,Corban University,2018-19,20.0,3,4,0,0,1,2,0,0,1,0,2,2,17.4,1,3,0,0,1,2,1,0,0,2,1,0
Joel Martinez,Southwestern,2018-19,20.0,0,0,0,0,2,2,0,0,0,1,1,0,14.68,0,3,0,3,0,0,0,0,0,0,0,2
Joel Mensah,San Diego State,2018-19,0.0,0,4,0,0,0,0,0,0,1,1,2,0,17.83,0,1,0,0,4,4,0,1,0,0,3,0
Joel Ntambwe,UNLV,2018-19,20.0,61,155,19,57,35,47,6,8,7,26,62,23,20.0,51,123,21,52,45,59,11,7,4,23,56,12
Joel Zola,Central Pennsylvania College,2018-19,20.0,7,13,3,6,2,3,3,3,1,0,7,5,15.48,3,9,3,5,0,2,2,2,1,0,6,4
Joevontae Arnold,,2018-19,0.0,0,0,0,0,0,0,0,1,0,0,1,0,0.0,0,0,0,0,0,0,0,0,0,0,0,0
Joey Baker,Duke,2018-19,20.0,0,2,0,1,0,0,0,0,0,0,2,1,20.0,0,0,0,0,0,0,0,0,0,0,0,0
Joey Brunk,Butler,2018-19,20.0,34,67,0,1,18,33,18,2,3,20,40,15,16.43,51,73,1,2,34,48,13,3,2,23,27,15
Joey Calcaterra,San Diego,2018-19,19.07,20,48,7,19,5,7,9,4,3,1,22,9,17.93,12,29,3,10,9,12,15,5,2,0,5,5
Joey Downes,,2018-19,0.0,0,0,0,0,0,0,0,0,0,0,0,0,0.0,0,0,0,0,0,0,0,0,0,1,0,0
Joey Glynn,UMass Lowell,2018-19,20.0,20,41,0,1,14,17,2,2,3,8,16,9,20.0,20,37,0,2,15,21,1,2,1,12,12,8
Joey Hauser,Marquette,2018-19,20.0,58,120,27,55,26,30,33,6,0,13,68,39,14.98,41,100,17,45,33,46,43,6,3,13,69,25
Joey Lane,Ohio State,2018-19,0.0,0,1,0,1,0,0,0,0,0,0,1,0,14.97,1,1,0,0,0,0,0,0,0,0,1,0
Joey Lipp,Longwood,2018-19,0.0,0,0,0,0,0,0,0,0,0,0,0,0,17.97,0,0,0,0,0,1,0,0,0,0,0,0
Joey St Pierre,Wisconsin Parkside,2018-19,0.0,0,0,0,0,0,0,0,0,0,0,0,0,15.58,0,0,0,0,0,0,1,0,0,0,0,0
Joey St. Pierre,Wisconsin Parkside,2018-19,20.0,1,1,0,0,0,2,0,0,2,0,1,0,15.58,0,1,0,0,0,2,0,0,0,2,1,0
John Armstead,Penn State Wilkes-Barre,2018-19,0.0,0,0,0,0,0,0,0,0,0,0,0,0,16.67,0,1,0,1,0,0,0,0,0,0,0,0
John Brown,Texas A&M,2018-19,20.0,0,1,0,0,0,0,0,1,0,0,0,0,20.0,0,0,0,0,0,0,0,0,0,0,0,0
John Caldwell,Radford,2018-19,0.0,0,0,0,0,0,0,1,0,0,0,1,1,14.87,0,1,0,0,0,0,2,0,0,0,0,1
John Carroll,Hartford,2018-19,20.0,78,174,21,55,40,51,32,8,4,24,58,40,20.0,59,134,12,37,51,78,28,11,8,34,74,26
John Carter Jr,Navy,2018-19,20.0,0,0,0,0,0,0,25,0,0,0,0,0,17.65,0,0,0,0,0,0,13,0,0,0,0,0
John Carter Jr.,Navy,2018-19,20.0,35,101,19,54,11,17,0,7,2,16,58,31,17.65,45,110,20,53,37,46,0,14,4,13,64,19
John Coakley Jr,Huston-Tillotson,2018-19,20.0,2,4,2,4,0,0,0,0,0,1,4,0,16.73,0,0,0,0,0,0,0,0,0,0,0,0
John Coakley Jr.,Huston-Tillotson,2018-19,0.0,0,0,0,0,0,0,0,0,0,0,0,1,17.98,2,2,2,2,0,0,0,0,0,0,0,1
John Comeaux,Stephen F. Austin,2018-19,20.0,17,44,7,17,13,22,9,9,0,6,20,13,20.0,15,37,4,11,16,25,16,8,2,6,11,8
John Eck,Mars Hill,2018-19,20.0,0,0,0,0,0,0,1,1,0,0,1,0,14.93,0,2,0,1,0,0,0,0,0,0,0,0
John Edgar Jr,UC Irvine,2018-19,20.0,0,0,0,0,0,0,8,0,0,0,0,0,15.03,0,0,0,0,0,0,10,0,0,0,0,0
John Edgar Jr.,UC Irvine,2018-19,20.0,28,65,5,19,9,14,0,3,0,8,29,21,20.0,24,54,2,11,10,15,0,5,3,5,27,8
John Emezie,Army,2018-19,0.0,24,62,13,43,12,15,13,16,5,6,20,14,20.0,30,64,16,39,19,32,15,12,4,7,21,8
John Fulkerson,Tennessee,2018-19,20.0,22,42,0,0,16,21,13,9,15,20,28,10,14.97,15,20,0,0,9,16,9,8,8,16,22,10
John Grant Jr,Savannah St,2018-19,20.0,0,0,0,0,0,0,5,0,0,0,0,0,17.82,0,0,0,0,0,0,6,0,0,0,0,0
John Grant Jr.,Savannah St,2018-19,20.0,17,74,12,56,3,5,0,6,1,9,29,10,14.92,20,44,12,28,1,2,0,3,2,5,13,3
John Guerra,North Carolina Central,2018-19,20.0,5,18,4,11,6,12,5,3,0,2,3,6,14.93,2,10,0,7,2,3,4,2,0,4,2,3
John Hall,Evansville,2018-19,20.0,46,122,18,59,16,32,14,13,8,16,82,25,14.98,61,104,23,44,8,17,14,11,5,10,85,35
John Harrar,Penn State,2018-19,0.0,12,24,0,0,10,18,10,10,4,22,34,12,17.72,20,37,0,1,18,31,5,8,2,30,21,4
John Ingram,William Peace,2018-19,20.0,1,1,0,0,0,0,0,0,0,0,1,4,16.58,1,2,0,0,3,4,0,0,0,1,0,0
John Jones,Texas Southern,2018-19,19.98,21,64,15,44,6,6,8,2,0,3,12,12,20.0,20,50,17,39,12,14,10,5,0,3,5,18
John Keefe,Wisconsin-Stout,2018-19,20.0,3,8,0,5,0,0,2,2,0,0,4,1,14.93,0,0,0,0,0,0,0,0,0,0,0,1
John Kiser,Valparaiso,2018-19,20.0,14,30,5,14,2,5,8,8,1,7,28,7,18.72,8,24,1,8,6,6,9,5,2,5,29,8
John Kitoko,Charlotte,2018-19,0.0,1,11,0,7,0,0,1,1,0,0,4,3,19.97,6,20,2,15,0,0,2,2,0,2,8,4
John Knight III,Utah State,2018-19,20.0,8,22,0,0,6,9,4,3,2,3,14,4,14.9,13,28,1,2,12,20,6,6,3,2,12,8
John Konchar,Purdue Fort Wayne,2018-19,20.0,123,215,27,65,50,75,96,27,14,42,115,39,14.82,94,180,24,67,62,88,74,31,17,25,87,45
John Matt Merritt,Lipscomb,2018-19,0.0,0,0,0,0,0,0,2,0,0,0,0,0,14.95,6,9,4,6,1,1,2,1,0,0,4,0
John Meeks,Bucknell,2018-19,20.0,23,58,6,16,7,9,11,2,2,10,15,14,20.0,27,47,9,16,10,12,5,6,1,9,12,10
John Miller,Army,2018-19,0.0,0,0,0,0,0,0,0,0,0,0,0,0,14.93,0,1,0,0,0,0,0,0,0,1,0,0
John Mooney,Notre Dame,2018-19,20.0,71,170,17,41,30,36,19,13,10,35,124,25,14.97,68,142,14,38,49,67,20,13,15,39,123,13
John Newman III,Clemson,2018-19,20.0,17,44,6,20,2,3,12,8,5,6,22,14,17.78,8,20,1,4,3,6,3,4,0,9,18,4
John Noce,Franciscan University,2018-19,20.0,0,1,0,1,0,0,0,0,0,0,0,0,15.0,0,4,0,0,0,0,1,1,0,2,1,2
John Norvel,Northwestern State,2018-19,20.0,17,63,11,35,10,16,23,14,3,10,25,20,14.95,19,51,10,28,11,15,16,10,0,4,8,11
John Ogwuche,New Hampshire,2018-19,20.0,2,4,0,0,1,2,0,1,0,2,2,0,20.0,0,4,0,1,0,0,0,0,1,0,4,1
John Paine,Menlo,2018-19,20.0,3,5,0,0,0,0,0,0,0,0,3,1,15.95,4,10,2,3,2,2,0,1,0,0,2,3
John Pettway,South Alabama,2018-19,20.0,27,50,0,3,11,15,25,21,1,8,23,23,14.95,30,51,1,3,11,14,23,12,1,8,12,14
John Petty,Alabama,2018-19,20.0,56,130,27,78,18,26,32,9,8,8,65,30,20.0,53,131,25,74,35,49,28,7,6,11,45,34
John Petty Jr,Alabama,2018-19,0.0,0,0,0,0,0,0,0,0,0,0,0,0,15.05,0,0,0,0,0,0,2,0,0,0,0,0
John Petty Jr.,,2018-19,1.05,5,8,4,6,0,0,0,0,1,1,0,0,0.0,1,3,1,2,0,0,0,0,0,0,3,0
John Sakaleros,,2018-19,19.05,0,1,0,0,0,0,0,0,0,0,1,1,0.0,0,0,0,0,0,0,0,0,0,0,0,0
John Sally Jr,Youngstown St,2018-19,20.0,0,0,0,0,0,0,2,0,0,0,0,0,20.0,0,0,0,0,0,0,0,0,0,0,0,0
John Sally Jr.,,2018-19,0.0,5,7,0,0,0,0,0,2,4,3,2,3,12.17,6,10,0,0,2,4,0,1,2,4,6,2
John Scully,Army,2018-19,20.0,1,4,1,4,0,0,0,0,0,0,0,0,14.48,2,8,1,7,0,0,3,3,0,0,0,0
John Sellars,,2018-19,0.0,0,0,0,0,0,0,0,0,0,0,0,0,0.0,0,0,0,0,0,0,0,1,0,0,0,0
John Walker III,Texas A&M,2018-19,20.0,7,24,2,12,14,24,9,7,2,10,22,17,20.0,14,34,4,11,8,18,7,5,3,10,19,12
John Weger,North Texas,2018-19,0.0,0,0,0,0,0,0,0,0,0,0,0,0,20.0,0,1,0,1,0,0,0,0,0,0,0,0
Johnatan Reyes,Northern Colorado,2018-19,20.0,1,5,0,3,2,4,4,0,0,0,1,3,14.93,4,7,2,4,0,1,3,1,0,1,4,1
Johnathon Caldwell,Maine-Fort Kent,2018-19,20.0,3,8,2,5,2,3,2,1,0,0,3,0,14.83,1,3,0,1,0,0,1,0,0,0,0,1
Johncarlos Reyes,Boston College,2018-19,20.0,17,27,0,0,2,3,0,0,3,10,13,8,20.0,6,9,0,0,2,6,0,2,1,3,3,2
Johnnie Vassar,Tennessee Tech,2018-19,20.0,11,35,2,9,9,15,9,2,0,3,15,18,17.75,15,34,5,12,9,21,4,4,2,1,22,15
Johnny Cmogorac,,2018-19,8.0,1,1,0,0,0,1,0,0,0,0,1,2,0.0,0,0,0,0,0,0,0,0,0,0,0,0
Johnny Crnogorac,UT Rio Grande Valley,2018-19,20.0,11,32,2,5,6,7,1,6,8,14,20,8,17.92,14,28,3,8,5,8,1,2,4,8,13,8
Johnny Echaniz,Christendom,2018-19,20.0,1,2,0,0,3,4,0,0,0,0,1,3,14.73,1,1,1,1,0,0,1,0,0,0,0,3
Johnny McCants,New Mexico State,2018-19,20.0,33,47,5,14,10,20,9,6,13,24,33,14,14.87,38,60,3,13,25,49,8,7,10,35,50,16
Johnny McWilliams,Fresno State,2018-19,0.0,6,20,2,12,1,3,5,5,1,1,5,5,14.77,8,14,3,7,1,2,2,1,1,2,3,4
Johnny Trueblood,Nebraska,2018-19,0.0,4,9,1,2,1,3,3,0,0,3,7,1,15.23,8,16,1,6,1,3,14,8,0,5,13,5
Johnny Wang,CSU Fullerton,2018-19,10.0,26,48,1,2,9,11,5,2,9,21,32,11,20.0,17,34,2,3,9,15,2,2,5,18,18,16
Johnson & Wales (CO),,2018-19,0.0,0,0,0,0,0,0,0,0,0,1,1,0,0.0,0,0,0,0,0,0,0,0,0,1,2,0
Johnson & Wales (FL),,2018-19,0.0,0,0,0,0,0,0,0,0,0,1,1,2,0.0,0,0,0,0,0,0,0,0,0,2,0,2
Johnson & Wales (NC),,2018-19,0.0,0,0,0,0,0,0,0,0,0,7,6,3,0.0,0,0,0,0,0,0,0,0,0,1,4,0
Johnson & Wales (RI),,2018-19,0.0,0,0,0,0,0,0,0,0,0,2,2,0,0.0,0,0,0,0,0,0,0,0,0,0,1,0
Johnson University Florida,,2018-19,0.0,0,0,0,0,0,0,0,0,0,6,5,1,0.0,0,0,0,0,0,0,0,0,0,4,0,0
Johquin Wiley,Delaware State,2018-19,20.0,48,145,29,90,5,8,55,22,1,5,35,23,15.88,44,127,17,64,13,21,50,26,0,8,30,33
Jomaru Brown,Eastern Kentucky,2018-19,20.0,58,157,13,53,43,57,26,30,0,11,27,44,14.8,76,148,20,47,39,64,34,24,1,6,37,32
Jon Allen,Bob Jones University,2018-19,20.0,1,2,1,2,5,5,2,0,0,1,3,5,14.93,0,1,0,0,0,0,2,0,0,1,1,5
Jon Ander Cuadra,Campbell,2018-19,20.0,2,4,0,2,0,0,0,0,0,0,3,0,14.92,1,1,1,1,0,2,1,0,1,0,3,1
Jon Axel Gudmundsson,Davidson,2018-19,20.0,71,162,25,81,47,58,75,19,1,8,112,47,17.1,92,201,29,77,103,125,80,25,2,17,102,32
Jon Axel Gudmunsson,,2018-19,1.87,2,5,1,3,2,2,5,0,0,0,6,3,0.0,4,7,2,5,8,8,3,1,0,0,1,0
Jon Bailey,Wisconsin Lutheran,2018-19,0.0,0,0,0,0,0,0,0,0,0,0,0,0,14.93,0,0,0,0,0,0,1,0,0,0,1,0
Jon Ciriacks,Wisconsin-Stout,2018-19,20.0,3,4,1,1,0,0,0,1,0,1,0,1,14.93,1,1,0,0,0,0,0,0,0,0,0,0
Jon Davis,Charlotte,2018-19,20.0,70,175,25,85,65,73,40,12,2,7,54,56,20.0,92,196,39,99,88,105,56,10,9,4,55,50
Jon Elmore,Marshall,2018-19,20.0,112,277,64,160,59,75,87,23,7,4,85,56,14.8,104,277,42,132,96,120,88,37,13,6,75,48
Jon Harding,Mississippi College,2018-19,20.0,4,5,2,3,0,0,0,0,0,1,1,1,14.97,1,3,1,3,0,0,1,0,0,0,0,2
Jon Hovermale,Siena Heights,2018-19,0.0,0,0,0,0,0,0,0,0,0,0,0,0,14.88,1,5,0,3,0,0,1,0,0,0,2,2
Jon Manjon,Simpson University,2018-19,20.0,4,8,0,0,0,0,1,0,0,2,4,1,16.87,3,6,0,0,0,2,0,1,1,1,2,1
Jon Teske,Michigan,2018-19,20.0,73,142,11,39,23,43,12,11,36,38,83,5,14.87,57,110,12,37,27,40,18,15,36,32,94,11
Jon Williams,Robert Morris,2018-19,20.0,31,97,23,60,16,18,80,24,2,5,35,41,19.42,34,79,23,51,23,28,58,15,3,8,24,39
Jonah Cottrell,California Merced,2018-19,20.0,1,3,0,1,0,0,2,0,0,0,2,0,20.0,0,2,0,2,0,0,0,1,0,0,0,0
Jonah Mathews,USC,2018-19,20.0,66,170,32,93,11,16,34,21,4,9,35,19,20.0,81,161,42,93,10,16,31,16,6,9,32,24
Jonah Radebaugh,Northern Colorado,2018-19,20.0,38,109,25,79,31,42,42,19,2,19,80,15,14.93,44,103,19,58,30,38,30,10,5,9,73,27
Jonah Simpson,Blue Mountain College,2018-19,20.0,0,3,0,0,0,0,2,2,0,0,1,4,14.9,1,4,0,1,0,0,0,0,0,0,2,1
Jonah Underwood,UC Davis,2018-19,0.0,0,0,0,0,2,2,0,0,0,0,2,0,17.87,0,0,0,0,0,0,1,1,0,0,1,0
Jonas Harper,Boston University,2018-19,20.0,29,53,16,31,1,2,10,8,1,1,20,17,20.0,31,62,18,34,9,11,7,10,3,10,11,11
Jonas Perkis,,2018-19,0.0,0,0,0,0,0,0,0,0,0,0,2,0,0.0,0,0,0,0,0,0,0,0,0,0,0,0
Jonat T. Tchatchoua,,2018-19,3.55,1,2,0,0,0,0,0,0,0,0,1,1,0.0,2,3,0,1,1,1,0,1,1,5,3,1
Jonathan Adams Jr.,,2018-19,0.0,0,0,0,0,0,0,0,0,0,0,1,0,0.0,0,0,0,0,0,0,0,0,0,0,1,0
Jonathan Andre,,2018-19,2.92,12,30,5,10,9,10,3,3,1,4,17,6,0.0,12,31,1,6,7,11,3,2,0,9,10,4
Jonathan Bradley,Mid-Atlantic Christian University,2018-19,20.0,1,7,0,0,0,1,1,1,1,3,0,4,14.83,1,6,0,0,1,2,0,2,0,2,0,0
Jonathan Dalton,SE Missouri St,2018-19,20.0,24,62,10,20,8,11,40,11,0,5,24,30,18.57,28,61,10,24,42,55,45,10,0,2,30,21
Jonathan Floyd,Alcorn State,2018-19,20.0,4,7,2,4,2,3,4,2,0,1,2,1,18.08,4,7,3,6,0,0,2,3,0,2,2,1
Jonathan Friberg,Salve Regina,2018-19,20.0,3,4,0,0,2,4,0,0,0,0,2,3,14.73,2,4,0,0,2,2,0,0,0,0,1,0
Jonathan Galloway,UC Irvine,2018-19,20.0,34,59,0,0,20,33,17,6,13,42,72,14,20.0,50,70,0,0,33,51,18,3,19,49,95,10
Jonathan Kabongo,Virginia Tech,2018-19,20.0,3,9,3,9,0,1,1,1,0,0,2,0,14.83,4,9,2,5,2,3,1,1,0,0,4,1
Jonathan Kasibabu,Fairfield,2018-19,0.0,47,100,3,17,16,23,18,13,9,30,61,31,20.0,65,104,3,10,52,70,22,15,13,52,72,38
Jonathan Laurent,UMass,2018-19,20.0,46,92,16,37,27,32,23,5,4,18,54,31,20.0,49,85,19,38,33,37,18,5,5,22,53,20
Jonathan Mitchell,,2018-19,2.57,35,101,10,38,22,28,16,15,1,30,48,28,0.0,31,81,8,25,18,31,12,12,2,25,27,23
Jonathan Morrobel,Wisconsin Parkside,2018-19,20.0,1,2,1,2,0,1,0,0,0,0,0,1,15.58,0,1,0,0,0,0,0,0,0,0,0,3
Jonathan Norfleet,Wagner,2018-19,15.73,19,64,10,32,3,4,14,6,4,2,15,17,20.0,23,47,7,20,9,11,19,7,0,1,19,13
Jonathan Pelleaux,,2018-19,8.7,0,4,0,0,0,2,0,0,0,1,1,2,0.0,0,0,0,0,0,0,0,0,0,0,0,0
Jonathan Philistin,Webber International,2018-19,20.0,1,1,0,0,0,0,2,0,0,0,2,1,15.82,1,1,0,0,3,4,0,1,0,1,0,0
Jonathan Sanks,Canisius,2018-19,20.0,39,93,24,66,12,19,19,4,3,3,28,17,20.0,36,99,23,71,17,24,16,6,1,7,31,12
Jonathan Scott,Chattanooga,2018-19,20.0,31,59,18,38,7,17,20,10,0,6,36,18,20.0,23,63,11,28,21,28,10,10,3,15,34,14
Jonathan Tchamwa Tchatchoua,UNLV,2018-19,20.0,15,36,0,1,14,20,5,2,11,23,21,14,20.0,14,30,0,0,8,14,0,4,6,21,17,8
Jonathan Watts,Willamette,2018-19,20.0,1,3,0,0,0,0,0,0,1,0,1,2,14.9,0,2,0,0,3,4,0,2,0,0,1,1
Jonathan Webb,Lees McRae,2018-19,20.0,2,5,1,4,0,0,0,0,0,1,0,1,17.68,0,2,0,1,2,2,2,0,0,0,0,0
Jonathan Williams,Clarion,2018-19,20.0,1,2,0,1,0,0,0,0,0,0,1,1,14.93,1,2,0,0,0,0,0,0,1,1,1,2
Jontavius Littles,Edward Waters,2018-19,20.0,7,14,0,3,2,2,3,2,0,0,2,5,18.6,7,13,2,5,1,1,3,2,0,4,3,2
Jontray Harris,UL Monroe,2018-19,20.0,16,42,7,23,6,10,14,1,0,1,18,6,14.92,16,40,4,18,12,17,13,3,0,2,7,5
Jontrell Herman,Johnson & Wales (CO),2018-19,20.0,5,10,3,5,2,2,2,1,1,1,2,1,14.82,5,8,1,3,2,3,1,3,0,0,2,1
Jontrell Walker,Jackson State,2018-19,20.0,18,55,13,38,7,10,6,3,2,1,8,14,15.05,8,47,4,28,5,7,4,3,0,0,4,7
Jordan Allen,Rider,2018-19,20.0,40,121,24,87,11,17,6,7,4,7,33,17,15.65,59,157,45,117,19,22,10,8,3,7,26,11
Jordan Andrews,South Alabama,2018-19,20.0,15,42,7,25,3,6,10,3,0,2,6,2,14.95,11,37,9,29,1,3,5,3,1,3,10,4
Jordan Armstrong,Oberlin College,2018-19,20.0,0,1,0,0,0,0,0,0,1,0,0,0,16.35,0,0,0,0,0,0,0,0,0,0,0,0
Jordan Arroyo,New Mexico,2018-19,20.0,1,2,0,0,2,3,0,0,1,1,1,2,20.0,1,2,0,0,0,4,0,1,1,2,4,0
Jordan Ash,Northwestern,2018-19,20.0,0,3,0,2,0,2,3,1,0,0,4,2,20.0,0,2,0,0,0,0,6,3,0,0,2,1
Jordan Barnes,Indiana State,2018-19,20.0,54,147,27,81,28,31,51,14,3,6,53,33,20.0,73,179,28,78,75,88,38,19,0,8,47,38
Jordan Bell,Loyola Marymount,2018-19,20.0,7,32,1,12,5,6,7,4,5,13,20,18,14.68,21,36,3,6,9,11,6,7,4,5,14,3
Jordan Berry,Jackson State,2018-19,20.0,0,4,0,4,0,0,0,0,0,0,1,0,15.05,0,1,0,1,0,0,0,0,0,0,0,0
Jordan Blount,UIC,2018-19,20.0,51,94,1,11,14,22,18,17,5,15,48,28,18.38,39,77,2,7,23,33,25,15,5,25,49,32
Jordan Bohannon,Iowa,2018-19,20.0,46,123,36,91,17,18,48,8,0,6,33,22,19.93,52,120,35,79,52,62,47,11,0,5,23,26
Jordan Bone,Tennessee,2018-19,20.0,98,201,28,68,20,25,101,11,3,11,57,38,14.97,71,160,17,55,43,53,95,12,1,7,31,25
Jordan Bowden,Tennessee,2018-19,20.0,63,140,29,73,29,36,41,13,8,6,51,13,14.97,57,118,19,52,42,50,24,12,3,14,44,18
Jordan Bradley,Urbana,2018-19,20.0,1,5,0,1,0,1,0,2,0,0,0,1,14.88,1,3,0,2,2,2,0,1,0,1,0,3
Jordan Brown,Nevada,2018-19,20.0,24,52,0,1,6,12,11,5,10,7,25,12,17.82,7,13,0,0,8,11,3,3,3,2,7,7
Jordan Bruner,Yale,2018-19,16.98,50,105,12,45,12,21,40,9,20,23,92,27,20.0,55,100,8,27,27,33,32,20,18,34,75,21
Jordan Bryant,Holy Names,2018-19,20.0,2,5,0,0,0,0,1,0,0,2,4,1,17.73,1,5,0,1,1,2,1,2,0,4,4,1
Jordan Burns,Colgate,2018-19,18.28,68,171,38,97,14,17,57,17,2,2,30,43,20.0,73,143,31,71,41,50,75,12,0,9,23,30
Jordan Bushrod,Delaware State,2018-19,0.0,0,3,0,1,0,0,0,0,0,0,1,0,14.7,0,0,0,0,0,0,1,0,0,0,0,1
Jordan Butler,Norfolk State,2018-19,20.0,31,73,0,0,21,26,10,6,23,25,53,22,14.87,42,88,0,0,52,66,11,7,31,31,64,25
Jordan Campbell,Oregon State,2018-19,20.0,1,3,0,2,1,2,2,0,0,0,2,0,20.0,0,0,0,0,0,0,0,0,0,0,0,1
Jordan Camper,Lincoln PA,2018-19,20.0,3,6,0,1,0,0,0,0,2,1,3,2,20.0,2,5,0,2,4,7,0,0,0,2,2,1
Jordan Caroline,Nevada,2018-19,20.0,97,216,27,69,45,80,36,10,4,38,111,36,17.82,78,179,15,47,65,93,22,10,6,43,100,42
Jordan Caruso,Incarnate Word,2018-19,0.0,18,47,4,15,12,17,22,9,2,4,28,35,14.75,27,48,5,13,10,15,22,7,1,4,25,19
Jordan Chatman,Boston College,2018-19,20.0,56,153,25,83,27,30,28,4,2,5,26,22,20.0,52,125,31,74,46,59,20,3,2,7,18,18
Jordan Cintron,Longwood,2018-19,20.0,29,59,7,21,15,29,11,12,4,14,35,24,20.0,27,60,5,17,30,41,9,14,2,24,38,18
Jordan Cohen,Lehigh,2018-19,20.0,59,107,24,42,31,34,49,13,7,10,37,24,17.98,63,119,17,40,57,68,44,19,3,9,51,28
Jordan Collins,Florida Memorial,2018-19,20.0,0,6,0,5,0,0,3,0,1,1,0,2,15.3,2,6,2,5,2,4,0,0,0,0,1,1
Jordan Cornish,Tulane,2018-19,20.0,42,142,15,61,21,38,55,5,1,6,54,45,20.0,51,146,26,78,21,35,60,12,1,6,39,53
Jordan Curtis,Queens College,2018-19,20.0,0,2,0,1,0,0,0,0,0,0,1,0,14.98,0,1,0,0,0,0,0,0,0,0,0,0
Jordan Dallas,Weber State,2018-19,20.0,1,1,0,0,0,0,1,0,0,0,2,0,17.8,0,0,0,0,0,0,0,0,0,0,0,1
Jordan Davis,Dayton,2018-19,20.0,155,347,49,149,71,87,97,41,9,10,94,74,20.0,169,362,47,123,125,166,94,30,9,18,88,69
Jordan Embry,Ark Monticello,2018-19,20.0,0,1,0,1,0,0,0,0,2,0,1,1,20.0,2,4,0,0,1,1,0,0,0,1,2,0
Jordan Evans,Mississippi Valley State,2018-19,20.0,26,84,13,37,16,20,12,5,1,0,10,12,14.8,29,79,15,37,24,32,12,4,0,1,9,7
Jordan Foote,Piedmont,2018-19,20.0,0,2,0,0,0,0,0,0,0,0,3,1,14.88,0,4,0,0,0,0,0,0,0,2,0,1
Jordan Ford,Saint Mary's,2018-19,20.0,118,234,33,80,38,47,33,22,1,8,35,28,17.1,104,226,27,70,86,109,43,20,0,6,33,31
Jordan Forehand,St. Francis (PA),2018-19,20.0,0,1,0,1,0,0,0,0,0,0,0,0,20.0,0,0,0,0,0,0,0,0,0,0,0,0
Jordan Foster,Lamar,2018-19,20.0,6,14,0,0,8,14,1,0,10,10,13,13,20.0,1,4,0,0,1,2,0,2,2,2,2,2
Jordan Fox,Army,2018-19,20.0,46,132,30,95,6,10,52,14,0,5,52,30,20.0,50,136,34,103,18,27,36,9,0,2,44,24
Jordan Furlough,South Carolina Upstate,2018-19,0.0,0,0,0,0,0,0,0,0,0,0,0,0,20.0,0,1,0,1,0,0,0,0,0,0,0,0
Jordan Gant,Warren Wilson,2018-19,20.0,6,13,4,10,0,0,0,1,0,1,2,2,14.93,0,3,0,1,0,0,0,0,0,0,1,0
Jordan Geist,Missouri,2018-19,20.0,66,160,31,87,30,41,43,13,0,10,58,31,17.98,79,168,30,86,68,88,47,18,0,11,56,32
Jordan Giles,UMKC,2018-19,20.0,39,84,6,24,25,36,17,14,5,13,25,30,14.6,40,77,6,18,36,48,20,7,8,9,39,26
Jordan Gilliam,UC Riverside,2018-19,20.0,26,74,6,20,10,19,37,8,4,14,30,16,20.0,32,89,12,33,23,36,26,5,3,10,28,22
Jordan Goldwire,Duke,2018-19,20.0,4,17,1,12,0,0,7,9,0,4,5,6,16.12,5,17,1,8,2,4,14,10,0,1,8,3
Jordan Goodwin,,2018-19,0.37,71,173,16,55,22,48,60,29,7,59,74,43,0.0,60,152,8,32,44,77,60,35,5,62,58,36
Jordan Grant,Central Arkansas,2018-19,0.0,4,5,3,4,0,0,2,2,0,0,4,1,20.0,4,5,4,5,0,0,2,7,0,3,3,3
Jordan Graves,Hawaii Hilo,2018-19,20.0,2,2,0,0,0,1,2,1,0,1,0,0,20.0,0,1,0,0,0,0,1,0,0,0,1,0
Jordan Gray,East Texas Baptist,2018-19,20.0,1,3,0,1,0,0,0,3,0,0,1,1,17.95,3,6,3,6,4,4,1,1,0,0,3,0
Jordan Grayson,,2018-19,0.0,0,0,0,0,0,0,0,0,1,0,0,0,0.0,0,0,0,0,0,0,0,0,0,0,0,0
Jordan Griffin,Long Beach State,2018-19,20.0,15,50,9,36,1,1,2,1,1,5,8,8,20.0,12,34,8,25,2,3,5,2,1,1,0,1
Jordan Guest,Boston University,2018-19,20.0,21,51,4,22,6,9,5,2,0,11,16,10,20.0,17,36,6,17,5,7,2,2,3,8,31,12
Jordan Harding,Wilmington (DE),2018-19,20.0,1,6,0,5,1,1,1,1,0,0,5,4,14.98,0,2,0,2,0,1,0,0,0,0,3,1
Jordan Hardwick,Coppin State,2018-19,20.0,0,0,0,0,1,2,0,0,0,0,0,0,15.65,0,0,0,0,0,0,0,0,0,0,0,1
Jordan Harris,Georgia,2018-19,20.0,35,73,9,22,13,14,19,17,8,13,41,26,14.92,36,72,13,30,39,48,23,14,5,13,33,23
Jordan Heading,California Baptist,2018-19,20.0,59,141,23,67,10,10,32,7,1,2,32,38,20.0,72,143,20,58,38,46,25,7,0,6,45,33
Jordan Henderson,Canisius,2018-19,20.0,19,43,10,26,9,14,15,8,3,5,19,14,20.0,19,36,8,19,6,6,10,5,5,4,11,2
Jordan Hickman,Sonoma State,2018-19,20.0,1,4,0,0,1,1,2,0,0,2,2,0,15.7,0,3,0,0,3,4,0,0,0,2,0,1
Jordan Horn,North Dakota State,2018-19,20.0,19,52,11,32,2,4,8,6,0,0,21,3,16.9,15,41,5,22,3,3,5,5,0,0,11,3
Jordan Hughes,Western Illinois,2018-19,20.0,9,12,0,0,4,4,0,1,2,4,9,4,20.0,8,13,0,0,1,2,0,2,0,6,7,1
Jordan Hunder,,2018-19,2.47,3,3,0,0,0,0,0,0,1,2,2,0,0.0,2,5,0,0,0,0,0,0,0,3,3,2
Jordan Hunter,Lamar,2018-19,20.0,102,237,27,79,26,42,77,34,23,40,93,48,16.73,93,191,21,55,71,93,55,27,24,36,85,38
Jordan Jackson,UT Rio Grande Valley,2018-19,20.0,56,125,16,49,20,32,25,25,11,12,42,35,17.92,60,121,11,34,50,65,16,25,6,14,35,30
Jordan Jenkins,Willamette,2018-19,20.0,2,4,0,0,0,0,1,0,0,1,0,2,14.9,2,3,1,1,2,2,2,2,1,1,2,2
Jordan Johnson,Carver Bible College,2018-19,0.0,0,0,0,0,0,0,0,0,0,0,0,0,14.92,0,1,0,1,0,0,0,0,0,0,2,0
Jordan Lathon,UTEP,2018-19,20.0,49,115,25,62,14,26,31,10,9,3,57,38,14.8,47,118,14,47,30,47,39,10,12,8,54,33
Jordan Lewis,Campbellsville-Harrodsburg,2018-19,20.0,0,3,0,2,0,0,5,0,0,1,1,0,14.7,3,7,0,2,0,0,2,0,1,0,3,2
Jordan Lippman,Trinity University (TX),2018-19,20.0,0,3,0,0,2,2,0,0,0,0,0,0,17.78,0,1,0,0,0,0,0,0,0,0,1,0
Jordan Little,Morgan State,2018-19,20.0,21,48,0,0,4,11,3,1,2,13,27,8,17.55,19,34,0,1,8,11,1,1,4,14,21,9
Jordan Lyons,Furman,2018-19,20.0,72,205,41,135,14,18,35,25,0,4,23,35,14.93,89,210,51,132,29,37,31,11,2,9,31,31
Jordan Martin,Johnson & Wales (FL),2018-19,20.0,4,19,3,11,3,3,1,3,0,1,5,4,14.95,2,4,0,0,0,0,0,1,0,1,1,2
Jordan Maschino,Defiance,2018-19,20.0,0,3,0,0,0,0,0,0,0,1,0,0,14.88,1,1,0,0,0,0,0,0,0,0,0,0
Jordan May,Eastern Oregon,2018-19,20.0,3,12,1,6,0,0,2,0,0,0,1,1,14.97,3,8,3,4,0,1,1,0,0,1,0,2
Jordan McCabe,West Virginia,2018-19,16.73,34,96,24,64,5,6,40,12,0,5,24,20,20.0,26,85,16,51,12,16,39,14,0,6,13,24
Jordan McCray,Greensboro,2018-19,0.0,1,1,1,1,0,0,0,0,0,0,0,0,14.88,0,2,0,1,0,0,0,0,0,0,1,3
Jordan McIlwain,Spring Hill,2018-19,20.0,2,5,0,0,1,1,1,0,0,0,3,2,17.93,2,4,0,0,0,0,0,0,0,2,3,1
Jordan McKenzie,Stony Brook,2018-19,15.0,10,27,2,7,0,0,21,5,0,3,14,8,20.0,7,24,0,7,10,15,17,7,0,4,15,9
Jordan McNair,Arkansas-Pine Bluff,2018-19,20.0,0,2,0,1,0,0,2,2,1,0,1,1,18.98,0,1,0,1,0,0,0,0,0,0,1,0
Jordan McNeil,Towson,2018-19,20.0,29,81,9,34,7,12,9,3,1,2,11,14,17.7,30,77,9,36,14,18,20,7,0,4,13,13
Jordan Mcillwain,Spring Hill,2018-19,20.0,1,3,1,2,1,2,3,1,0,0,2,3,14.87,1,3,1,1,0,0,4,0,0,1,1,4
Jordan Miles,Johnson & Wales (CO),2018-19,20.0,2,3,0,0,1,1,0,1,0,0,2,1,14.82,0,1,0,0,1,2,0,0,2,0,0,1
Jordan Miller,George Mason,2018-19,20.0,30,55,3,11,14,23,5,8,8,22,24,8,20.0,27,43,2,6,12,21,5,3,3,34,25,11
Jordan Mitchell,Benedictine (AZ),2018-19,20.0,2,10,0,2,0,1,1,2,0,0,1,1,14.77,0,2,0,1,2,2,1,0,0,0,1,0
Jordan Murphy,Minnesota,2018-19,20.0,70,156,4,18,50,76,41,7,16,39,123,38,18.18,69,136,3,7,85,120,26,8,8,58,102,24
Jordan Naughton,Wyoming,2018-19,20.0,15,33,0,0,13,20,7,1,3,6,15,10,17.95,14,27,0,1,26,33,2,3,7,6,17,11
Jordan Newt,,2018-19,1.7,1,7,1,6,2,2,1,0,0,0,1,0,0.0,2,4,0,1,0,0,2,2,0,1,2,0
Jordan Nobles,Oakland,2018-19,20.0,11,30,4,17,5,5,18,4,5,5,15,3,20.0,15,30,7,16,2,3,11,5,3,3,9,3
Jordan Nwora,Louisville,2018-19,20.0,113,245,49,124,47,63,22,20,6,20,117,35,14.9,81,185,28,78,51,64,20,8,6,20,97,41
Jordan Oakley,Eastern Kentucky,2018-19,20.0,13,35,1,3,6,15,2,4,2,17,18,6,14.8,17,29,0,3,7,14,2,7,4,16,7,3
Jordan Perkins,North Carolina Central,2018-19,20.0,14,49,1,8,4,6,63,11,2,17,18,28,14.78,19,51,4,14,17,22,50,12,3,3,22,29
Jordan Phillips,Arkansas,2018-19,20.0,1,7,0,1,2,2,0,1,0,0,2,1,14.92,0,1,0,1,0,0,0,0,0,0,1,0
Jordan Poole,Michigan,2018-19,20.0,80,185,38,102,28,32,37,24,5,2,52,25,14.87,70,166,32,90,37,47,35,14,3,6,44,27
Jordan Ratinho,San Francisco,2018-19,20.0,37,74,25,53,7,13,12,9,1,8,25,6,14.78,23,76,11,48,10,18,10,5,2,4,22,3
Jordan Reed,New Hampshire,2018-19,20.0,50,136,24,74,10,12,28,15,1,7,38,25,14.85,51,129,33,83,31,35,20,13,0,9,34,22
Jordan Roberts,Long Beach State,2018-19,20.0,48,111,0,1,18,37,16,9,6,24,41,28,20.0,45,98,0,1,30,53,20,14,5,22,35,19
Jordan Roland,Northeastern,2018-19,20.0,90,186,58,123,21,21,22,21,2,6,31,14,20.0,71,162,38,110,38,43,29,14,5,8,25,12
Jordan Schakel,San Diego State,2018-19,20.0,29,63,20,47,14,16,11,15,3,7,42,8,16.88,31,68,22,52,22,26,14,5,1,13,30,5
Jordan Sechan,Bucknell,2018-19,0.0,0,0,0,0,0,0,0,0,0,0,0,0,14.93,0,2,0,2,0,0,0,0,0,0,1,0
Jordan Sherman,McMurry,2018-19,0.0,0,0,0,0,0,0,0,0,0,0,0,0,14.85,1,2,1,2,0,0,0,0,0,0,1,0
Jordan Simmons,St Elizabeth,2018-19,20.0,2,6,1,1,0,0,0,0,0,0,0,4,14.92,0,0,0,0,0,0,0,0,0,0,1,0
Jordan Stewart,SUNY-Canton,2018-19,20.0,0,2,0,1,0,0,0,0,0,0,1,2,14.97,0,0,0,0,3,4,1,0,0,0,1,0
Jordan Thomas,Georgia College,2018-19,20.0,3,4,2,3,0,0,2,0,0,0,0,2,17.97,0,3,0,2,2,2,0,0,0,0,0,2
Jordan Tolbert,Sacramento State,2018-19,20.0,3,7,2,4,0,2,2,2,0,1,1,2,15.8,9,17,9,17,0,0,4,2,0,2,0,1
Jordan Tucker,Butler,2018-19,20.0,42,104,28,68,15,16,7,6,0,4,53,18,20.0,30,90,22,60,22,28,11,4,2,4,37,14
Jordan Tyson,Georgia State,2018-19,20.0,12,31,0,0,11,19,4,4,19,11,34,9,20.0,15,25,0,0,13,17,0,6,8,15,23,9
Jordan Usher,USC,2018-19,20.0,16,36,6,14,5,8,7,3,2,2,11,9,20.0,15,34,2,11,11,13,7,0,1,7,17,4
Jordan Walker,Morehead State,2018-19,20.0,80,181,36,86,32,40,41,20,0,14,43,25,17.62,80,179,31,76,67,86,35,17,3,14,37,47
Jordan West,Harding,2018-19,20.0,1,1,1,1,1,2,1,0,0,0,0,2,14.85,2,3,1,2,0,0,1,1,0,0,0,1
Jordan Whitehead,High Point,2018-19,20.0,35,84,2,11,18,27,37,11,5,22,57,20,20.0,44,78,1,4,32,43,20,6,7,27,64,17
Jordan Whitfield,Campbell,2018-19,15.0,22,55,8,30,5,6,23,9,1,4,15,14,20.0,17,38,8,22,10,13,27,4,0,5,23,10
Jordan Wickoff,Siena Heights,2018-19,0.0,0,0,0,0,0,0,0,0,0,0,0,0,14.88,0,1,0,0,0,0,0,0,0,0,2,1
Jordan Williams,Arlington Baptist,2018-19,20.0,7,20,4,12,0,0,6,3,0,2,5,8,14.77,7,20,3,10,2,2,3,1,1,1,6,7
Jordan Wyckoff,,2018-19,8.67,2,2,0,0,0,0,0,0,0,2,0,2,0.0,1,4,0,0,3,3,1,0,0,4,3,2
Jorden Duffy,North Texas,2018-19,20.0,25,65,11,37,6,8,13,7,0,2,30,15,14.73,26,63,13,39,17,19,18,3,0,6,21,13
Jorden Kite,Incarnate Word,2018-19,20.0,11,26,11,26,0,1,5,3,1,0,10,6,18.75,8,20,8,18,7,7,0,2,0,1,6,3
Jorden Peterson,Eastern Michigan,2018-19,0.0,0,0,0,0,0,0,0,0,0,0,0,0,15.97,0,0,0,0,0,0,1,0,0,0,0,0
Jorden Thornton,St. Francis (ILL),2018-19,20.0,1,5,0,1,0,0,2,1,0,0,1,0,18.75,0,4,0,2,0,0,0,0,0,2,0,2
Jordon Varnado,Troy,2018-19,20.0,74,151,19,51,32,43,26,8,11,25,56,29,14.9,71,127,17,36,56,68,21,4,12,17,55,26
Jorge Cano,Benedictine (AZ),2018-19,20.0,4,6,0,0,0,0,0,1,1,1,1,0,14.77,0,2,0,0,0,0,0,0,0,0,1,0
Jorge Rosa,New Orleans,2018-19,0.0,31,81,22,57,2,3,12,5,1,4,15,11,14.87,17,49,14,38,8,11,7,4,1,2,12,6
Jose Alvarado,Georgia Tech,2018-19,20.0,65,157,25,76,22,32,52,27,2,11,50,25,19.5,52,144,16,60,44,54,42,24,1,8,42,32
Jose Benitez,Florida National,2018-19,20.0,0,1,0,0,0,0,4,1,1,1,3,1,14.93,0,0,0,0,0,0,0,0,0,1,0,0
Jose Bustamante,Midway,2018-19,20.0,6,11,3,5,0,0,1,0,0,3,6,1,14.8,2,6,2,5,2,2,1,0,0,2,4,2
Jose Gracian,Bethesda,2018-19,20.0,0,2,0,0,0,0,0,0,0,1,0,1,14.97,4,10,0,1,2,2,0,0,0,1,1,0
Jose Martinez,San Diego,2018-19,20.0,7,19,1,9,8,9,2,2,2,6,6,4,14.93,6,12,1,4,5,7,1,2,1,4,3,2
Jose Morales,Princeton,2018-19,20.0,15,47,3,14,3,7,20,11,1,4,13,13,19.3,19,50,7,18,15,18,15,19,0,3,13,16
Jose Perez,Gardner-Webb,2018-19,15.0,78,172,27,58,43,60,63,13,3,12,53,21,20.0,69,154,16,52,51,74,29,12,3,15,81,36
Jose Placer,UMBC,2018-19,20.0,32,68,7,33,4,5,18,6,1,3,12,18,14.95,30,61,10,23,12,17,23,5,0,3,19,12
Jose Roman-Angueria,Miles,2018-19,20.0,1,2,0,0,2,2,1,0,2,2,1,3,20.0,1,3,0,0,1,2,0,1,1,3,1,2
Joseph Amoddio,Elmira,2018-19,0.0,0,0,0,0,0,0,0,0,0,0,0,0,14.73,0,1,0,0,0,2,1,0,0,1,0,0
Joseph Banks,,2018-19,0.0,0,0,0,0,0,0,0,0,0,0,0,0,5.48,0,1,0,0,0,0,0,0,0,0,1,1
Joseph Battle,Appalachian State,2018-19,20.0,12,22,0,0,20,25,2,1,1,4,13,9,14.93,9,19,0,0,10,13,5,3,0,8,6,6
Joseph Chartouny,Marquette,2018-19,0.0,14,33,7,16,8,14,33,14,0,0,35,25,14.98,20,39,8,21,0,0,28,11,0,3,26,16
Joseph Ghotra,,2018-19,0.0,0,0,0,0,0,0,0,0,0,0,0,0,0.0,0,0,0,0,0,0,0,0,0,0,1,1
Joseph Idyahia,St. Joseph's (NY-Brooklyn),2018-19,20.0,1,4,1,1,0,1,0,0,0,1,0,0,14.9,3,4,1,1,0,1,1,1,0,0,2,0
Joseph Lanzi,Denver,2018-19,20.0,1,14,1,10,0,0,2,1,1,1,4,5,17.95,13,23,4,10,2,2,7,4,3,3,7,10
Joseph Lowe,West Coast Baptist,2018-19,0.0,0,0,0,0,0,0,0,0,0,0,0,1,14.65,2,4,1,2,0,0,0,0,0,2,0,1
Joseph Reece,,2018-19,0.0,0,0,0,0,0,0,0,0,1,0,0,0,5.03,1,3,0,0,0,1,0,0,0,2,0,2
Joseph Reyes,Mount St. Vincent,2018-19,20.0,1,1,0,0,1,1,0,0,0,0,1,0,14.93,2,4,1,1,0,0,0,0,0,0,2,4
Joseph Ruzevich,Loyola New Orleans,2018-19,20.0,1,1,0,0,0,0,0,0,0,0,0,1,20.0,1,1,1,1,0,0,0,0,0,0,1,0
Joseph Werner,SUNY-Canton,2018-19,20.0,0,2,0,0,0,2,1,1,0,0,3,1,14.97,0,0,0,0,0,0,0,0,0,0,0,1
Joseph Williams,Huston-Tillotson,2018-19,20.0,1,1,0,0,0,0,0,0,0,1,0,2,17.98,0,0,0,0,1,2,0,0,0,0,0,1
Josh Ajayi,South Alabama,2018-19,20.0,84,158,7,16,40,62,23,15,16,36,72,45,14.95,110,184,9,20,83,115,28,6,11,35,90,39
Josh Aldrich,South Carolina Upstate,2018-19,20.0,13,34,5,18,6,8,5,7,10,1,23,12,20.0,11,31,4,15,9,21,4,4,5,14,24,10
Josh Alexander,American,2018-19,0.0,21,47,1,2,21,22,7,2,7,13,20,16,14.97,18,28,1,3,12,21,5,2,0,7,15,10
Josh Anderson,Western Kentucky,2018-19,20.0,59,139,6,24,23,33,37,26,10,14,40,37,17.88,86,160,9,23,61,85,17,30,11,22,51,28
Josh Bashford,Schreiner,2018-19,20.0,0,3,0,1,1,2,0,1,0,0,1,1,14.78,2,3,0,0,0,0,0,1,0,1,1,0
Josh Benford,Avila,2018-19,20.0,0,2,0,1,0,0,0,0,0,0,0,2,14.95,0,1,0,0,0,0,0,0,0,0,0,0
Josh Berry,Schreiner,2018-19,20.0,0,1,0,0,0,0,0,0,0,0,0,0,14.78,0,0,0,0,0,0,0,0,0,0,0,0
Josh Bryant,Fayetteville State,2018-19,20.0,2,2,0,0,2,4,3,1,0,0,2,0,17.77,3,4,0,1,0,2,3,2,0,0,2,1
Josh Caldwell,Army,2018-19,20.0,24,64,5,20,7,11,14,7,0,6,21,9,20.0,12,38,1,14,4,7,11,13,1,10,22,8
Josh Carlton,UConn,2018-19,20.0,52,79,0,0,35,52,3,5,32,39,59,28,20.0,49,84,0,0,29,53,11,9,23,42,52,27
Josh Coleman,Coastal Carolina,2018-19,20.0,15,26,0,0,1,4,1,1,7,13,15,7,20.0,12,19,0,0,9,16,1,2,2,12,18,2
Josh Cornish,Southern Utah,2018-19,20.0,1,8,1,8,0,0,5,3,0,0,2,1,14.6,1,5,0,2,5,6,0,0,1,0,3,0
Josh Cottrell,Western Carolina,2018-19,0.0,11,22,9,20,5,6,4,2,0,0,2,6,15.27,6,16,5,13,0,0,4,2,0,1,3,4
Josh Covington,NC Wesleyan,2018-19,15.0,0,1,0,0,0,0,3,1,0,0,3,1,20.0,0,2,0,1,0,0,0,0,0,0,0,0
Josh Cromwell,West Coast Baptist,2018-19,20.0,2,6,1,3,0,0,1,0,0,1,7,2,14.6,0,5,0,2,0,0,0,1,1,1,3,0
Josh Cunningham,Dayton,2018-19,20.0,83,124,5,10,42,65,20,10,0,28,70,31,20.0,55,93,0,3,40,67,20,7,2,21,50,25
Josh Davis,Western Michigan,2018-19,20.0,53,124,15,45,15,22,19,14,6,13,65,48,17.9,62,132,12,42,41,62,23,7,2,25,55,37
Josh Decker,Cairn University,2018-19,20.0,1,2,1,2,2,2,2,0,0,1,8,1,14.7,2,3,2,2,1,5,0,0,0,1,4,0
Josh Delaney,Sam Houston State,2018-19,20.0,45,125,22,73,17,20,67,15,1,5,30,37,17.95,47,140,31,86,44,50,73,10,0,10,31,29
Josh Dennis,Molloy,2018-19,20.0,0,0,0,0,0,0,1,1,0,0,1,1,16.25,1,2,0,0,1,3,0,0,0,0,2,1
Josh Dixon,,2018-19,3.05,2,6,0,0,0,0,1,1,0,4,3,0,0.0,0,2,0,0,0,0,0,0,0,1,0,0
Josh Ferguson,Winthrop,2018-19,20.0,53,119,27,61,26,35,19,7,13,35,71,23,18.83,53,117,25,64,25,31,16,7,6,21,82,25
Josh Gantz,UMass Lowell,2018-19,20.0,56,120,21,58,18,24,47,13,8,18,41,28,20.0,59,114,23,56,24,29,45,16,19,26,51,28
Josh Good,East Mennonite,2018-19,20.0,1,3,0,0,2,2,0,0,0,0,4,1,14.88,0,1,0,0,0,0,0,0,0,0,3,1
Josh Hopkins,New Hampshire,2018-19,20.0,35,100,19,60,12,21,17,3,0,9,21,11,14.85,32,91,18,50,10,15,9,2,1,10,16,12
Josh Hughes,Trinity Baptist,2018-19,20.0,1,1,0,0,0,0,1,1,0,0,1,2,14.9,3,3,2,2,0,1,0,0,0,0,2,2
Josh Hutcherson,,2018-19,6.33,1,2,0,0,0,0,1,0,0,0,2,0,0.0,1,4,0,1,2,5,1,0,0,1,1,0
Josh Inkumsah,,2018-19,19.97,0,2,0,0,0,0,0,0,0,1,0,0,0.0,0,0,0,0,0,0,1,0,2,1,1,1
Josh Jefferson,Illinois State,2018-19,20.0,23,57,19,42,6,9,19,9,2,1,19,11,20.0,22,65,12,41,17,21,10,5,1,3,17,5
Josh LeBlanc,Georgetown,2018-19,20.0,53,88,4,6,31,43,17,13,13,29,80,14,17.87,58,83,1,1,33,48,11,15,22,40,69,18
Josh Leaney,Loyola New Orleans,2018-19,20.0,0,0,0,0,2,2,0,0,0,0,0,1,20.0,1,1,0,0,0,0,0,2,0,1,0,0
Josh Linder,Georgia State,2018-19,20.0,9,10,0,0,2,6,2,2,1,4,7,5,20.0,3,6,0,0,0,2,0,1,1,5,3,3
Josh Lindsey-Hunter,Bellevue University,2018-19,20.0,1,1,1,1,0,0,1,0,0,1,0,0,16.35,3,3,2,2,0,0,0,0,0,0,0,2
Josh Martin,Santa Clara,2018-19,20.0,18,55,12,34,6,10,21,4,6,18,91,23,20.0,21,46,12,25,26,40,15,5,7,12,88,13
Josh Mballa,Texas Tech,2018-19,0.0,0,0,0,0,0,0,0,0,0,0,0,0,17.97,0,1,0,0,0,1,1,1,0,0,0,1
Josh McFolley,Detroit Mercy,2018-19,20.0,59,138,28,81,33,37,43,27,3,2,26,29,17.9,64,147,34,72,40,59,37,24,1,9,20,22
Josh McNair,Green Bay,2018-19,20.0,50,79,0,1,15,20,13,13,9,25,24,10,14.93,30,52,0,1,12,24,20,10,9,26,33,17
Josh McSwiggan,Portland,2018-19,20.0,36,100,16,56,13,21,21,12,3,5,33,21,17.95,27,91,16,51,21,24,14,1,1,8,40,16
Josh Mericle,Wisconsin-Stout,2018-19,0.0,0,0,0,0,0,0,0,0,0,0,1,1,14.93,0,1,0,0,0,0,0,0,0,0,0,0
Josh Meyer,Northwest University,2018-19,20.0,0,7,0,4,0,0,2,0,0,2,5,1,14.83,1,3,1,1,2,2,1,0,1,1,3,0
Josh Nebo,Texas A&M,2018-19,20.0,45,65,0,0,27,41,5,2,30,35,54,17,20.0,40,59,0,0,32,42,2,4,34,28,33,9
Josh Nzeakor,Lamar,2018-19,20.0,77,114,0,0,28,50,7,10,7,31,67,42,16.73,83,137,0,0,46,82,12,7,6,55,72,24
Josh Page,Lincoln PA,2018-19,20.0,0,1,0,0,3,4,0,0,0,0,1,1,20.0,0,0,0,0,0,0,0,0,0,0,0,1
Josh Parrish,Rice,2018-19,20.0,27,58,6,19,15,27,16,10,8,10,27,22,17.73,34,62,1,13,24,34,13,7,6,10,25,17
Josh Perkins,Gonzaga,2018-19,20.0,68,153,25,71,29,40,114,27,1,7,50,43,14.48,68,146,25,66,35,40,101,24,3,7,32,28
Josh Peterson,Coastal Carolina,2018-19,20.0,1,1,0,0,0,0,1,1,0,0,2,0,20.0,1,2,0,0,0,0,0,0,0,0,0,0
Josh Phillips,Portland,2018-19,0.0,0,0,0,0,0,0,0,0,0,0,0,0,14.95,0,0,0,0,1,2,0,0,0,0,0,1
Josh Pismeny,Mount St. Vincent,2018-19,20.0,0,3,0,0,0,0,0,1,0,0,0,1,14.93,1,1,0,0,0,1,0,0,0,0,1,1
Josh Pitts,CSU Fullerton,2018-19,0.0,5,8,0,0,8,14,1,1,0,8,3,7,17.97,16,21,0,0,3,10,1,0,0,11,5,6
Josh Reaves,Penn State,2018-19,20.0,63,134,26,63,13,19,53,37,16,21,44,37,17.72,58,145,21,66,16,27,38,40,12,24,55,39
Josh Roberts,St. John's,2018-19,0.0,3,6,0,0,0,0,1,1,1,3,4,1,15.45,4,9,0,0,0,0,0,1,3,6,1,0
Josh Rosario,UMBC,2018-19,20.0,0,1,0,1,2,2,1,0,0,0,0,3,14.95,2,6,1,4,1,2,2,1,1,2,4,2
Josh Sharkey,Samford,2018-19,20.0,74,161,15,44,63,87,115,46,1,8,55,70,16.68,83,200,13,46,69,90,104,37,1,11,40,78
Josh Sharma,Stanford,2018-19,20.0,51,80,0,1,15,19,2,9,24,34,52,18,17.27,64,83,0,1,31,46,6,5,15,33,64,14
Josh Thompson,Ball State,2018-19,0.0,9,34,2,19,13,15,10,8,1,1,15,9,18.95,18,37,11,20,4,7,21,5,1,3,13,7
Josh Throns,Wayland Baptist University,2018-19,20.0,2,3,2,3,0,0,0,0,1,0,0,0,17.97,1,1,0,0,1,1,1,0,0,0,0,1
Josh Tyson,Cairn University,2018-19,0.0,0,0,0,0,0,0,0,0,0,0,0,0,14.7,1,2,0,1,0,0,0,0,0,0,0,0
Josh Warren,Cornell,2018-19,20.0,58,108,11,23,21,33,41,7,8,8,61,38,20.0,44,92,6,25,28,35,31,7,7,12,46,29
Josh Webster,Missouri State,2018-19,20.0,28,78,7,24,23,26,93,17,14,10,41,24,14.78,54,118,5,22,36,52,60,17,9,8,35,26
Josh Williams,Robert Morris,2018-19,20.0,66,177,47,123,20,25,42,14,4,8,40,39,19.42,81,196,47,120,51,69,34,20,1,8,36,42
Josh Winowiecki,Siena Heights,2018-19,20.0,4,7,1,1,3,3,0,1,2,3,4,8,14.88,2,4,0,0,0,0,0,1,0,2,3,2
Josh York,Franciscan University,2018-19,20.0,2,5,0,0,1,2,0,0,0,1,1,1,15.0,0,2,0,0,0,0,1,0,0,0,1,0
Joshua Daniels,Reinhardt,2018-19,0.0,0,0,0,0,0,0,0,0,0,0,0,0,14.93,1,1,0,0,0,0,0,0,0,0,1,0
Joshua Friedkin,Oberlin College,2018-19,20.0,1,6,1,4,0,0,2,1,0,1,1,4,16.35,0,1,0,1,2,2,2,1,0,0,0,2
Joshua Hamilton,Wiley,2018-19,20.0,5,12,2,6,1,2,1,0,0,0,1,5,20.0,5,13,2,5,0,0,3,1,0,0,1,2
Joshua Howard,Brown,2018-19,20.0,25,56,11,30,19,26,5,12,6,13,37,18,20.0,36,58,8,19,13,20,7,8,5,14,29,12
Joshua Jackson,St Elizabeth,2018-19,20.0,0,2,0,0,0,0,0,1,0,0,1,1,14.92,1,3,1,2,0,0,0,0,0,0,0,0
Joshua Kashila,Southwest Assemblies of God,2018-19,20.0,1,4,1,3,6,7,1,1,0,0,1,0,20.0,3,3,1,1,2,2,1,1,0,3,1,1
Joshua L'Heureux,Rivier,2018-19,0.0,0,0,0,0,0,0,0,0,0,0,0,0,14.85,0,0,0,0,0,0,1,0,0,0,0,1
Joshua Langford,Michigan State,2018-19,20.0,30,81,14,42,7,8,19,6,1,7,16,16,20.0,36,70,14,28,17,18,10,5,0,2,20,14
Joshua Meier,Bellevue University,2018-19,20.0,1,2,0,0,0,0,2,0,1,0,3,3,16.35,1,2,0,0,0,0,0,0,1,2,0,0
Joshua Miller,Millsaps,2018-19,20.0,1,7,0,1,0,0,4,0,1,0,1,4,14.92,0,1,0,0,1,2,0,1,0,0,1,3
Joshua O'Loughlin,Rivier,2018-19,20.0,1,3,0,0,0,0,0,1,1,2,0,0,14.85,0,1,0,0,0,0,0,0,0,0,1,0
Joshua Patton,Sacramento State,2018-19,20.0,76,132,1,1,44,70,15,12,21,34,69,28,16.87,69,108,0,0,50,87,9,9,26,31,54,25
Joshua Shannon,Trinity (IL),2018-19,20.0,0,2,0,1,0,0,0,0,0,1,0,1,20.0,0,2,0,2,0,0,0,0,0,0,1,0
Joshua Taylor,Howard Payne,2018-19,20.0,4,11,0,2,0,0,0,0,0,0,5,6,14.97,0,0,0,0,0,0,0,0,0,0,1,6
Joshua Tomaic,Maryland,2018-19,0.0,0,0,0,0,0,0,0,0,2,0,0,2,20.0,1,1,0,0,0,0,0,0,1,2,3,1
Joshua Vonhof,Regent University,2018-19,20.0,1,4,0,0,1,2,1,1,1,2,1,2,14.97,2,7,0,0,2,4,0,0,3,2,3,1
Joshua Williams,Tiffin,2018-19,20.0,1,4,0,0,0,0,0,1,0,1,1,1,14.95,1,2,0,1,0,0,0,0,0,0,0,2
Joshua Wilson,Brevard College,2018-19,20.0,1,3,1,2,0,0,0,0,0,0,0,0,14.93,0,3,0,3,0,0,0,0,0,0,0,1
Josiah Avington,Pfeiffer,2018-19,20.0,1,5,0,4,0,0,1,1,0,0,0,1,14.9,1,2,1,2,0,0,0,0,0,0,2,0
Josiah Barsh,Southeastern,2018-19,20.0,2,5,0,2,0,0,0,0,2,0,3,3,14.97,3,5,0,0,0,0,2,0,1,0,3,2
Josiah De La Cerda,Bellevue University,2018-19,20.0,2,2,0,0,0,0,0,0,2,1,2,0,16.35,1,2,0,0,0,0,0,0,0,0,0,1
Josiah Jeffers,Radford,2018-19,20.0,4,10,1,6,1,1,8,1,2,0,4,2,14.87,0,0,0,0,1,3,0,0,0,0,0,0
Josiah Jones,Mount Aloysius,2018-19,0.0,0,0,0,0,0,0,0,0,0,0,0,0,14.92,0,1,0,1,0,0,1,0,0,0,1,0
Josiah Lanier,Schreiner,2018-19,20.0,0,2,0,1,2,2,0,0,0,0,1,0,14.78,0,0,0,0,0,0,0,0,0,0,0,2
Josiah Strong,Navy,2018-19,20.0,17,45,12,25,2,3,12,4,0,1,8,5,16.48,10,25,4,14,2,2,11,1,1,2,9,11
Josiah Wallace,Eastern Illinois,2018-19,20.0,72,175,33,82,18,25,48,9,2,8,51,38,17.98,83,207,20,76,57,68,34,12,5,11,44,33
Josip Vrankic,Santa Clara,2018-19,20.0,81,164,13,31,39,51,18,19,11,24,59,30,20.0,61,115,3,20,54,76,21,7,15,23,75,32
Jovan Elezovic,,2018-19,6.18,0,0,0,0,0,0,1,0,0,1,0,2,0.0,2,2,1,1,0,0,1,0,0,0,0,1
Jovan Grujic,Stephen F. Austin,2018-19,20.0,8,15,0,3,0,1,1,1,4,5,5,8,20.0,4,8,0,0,3,4,2,3,1,4,6,3
Jovan Grujicic,Ave Maria,2018-19,20.0,2,3,0,0,2,2,0,0,0,2,1,0,14.73,2,2,0,0,1,2,1,0,1,1,2,0
Jr Antonio Daye,Florida International,2018-19,20.0,0,0,0,0,0,0,2,0,0,0,0,0,20.0,0,0,0,0,0,0,2,0,0,0,0,0
Jr Antowine Locke,Benedictine (AZ),2018-19,20.0,1,5,1,3,0,0,2,0,0,1,2,1,14.77,2,8,0,0,2,2,0,0,0,0,1,2
Jr Barry Brown,Kansas State,2018-19,20.0,0,0,0,0,0,0,1,0,0,0,0,0,17.53,0,0,0,0,0,0,0,0,0,0,0,0
Jr Clay,Tennessee Tech,2018-19,20.0,0,0,0,0,0,0,53,0,0,0,0,0,17.75,0,0,0,0,0,0,52,0,0,0,0,0
Jr Derek Webster,The Citadel,2018-19,20.0,0,0,0,0,0,0,1,0,0,0,0,0,14.62,0,0,0,0,0,0,0,0,0,0,0,0
Jr Duane Washington,Ohio State,2018-19,0.0,0,0,0,0,0,0,0,0,0,0,0,0,15.25,0,0,0,0,0,0,3,0,0,0,0,0
Jr Ed Polite,,2018-19,0.0,0,0,0,0,0,0,0,0,0,0,0,0,3.57,0,0,0,0,0,0,2,0,0,0,0,0
Jr Eric Jamison,,2018-19,0.0,1,2,0,0,0,0,0,0,0,0,1,0,0.0,4,5,0,0,0,0,1,1,0,2,4,0
Jr Galen Robinson,Houston,2018-19,20.0,0,0,0,0,0,0,5,0,0,0,0,0,14.8,0,0,0,0,0,0,4,0,0,0,0,0
Jr Isaac Golson,Northwestern Ohio,2018-19,20.0,1,3,0,1,0,0,1,1,0,0,2,0,14.98,2,4,1,2,0,0,0,0,0,0,1,0
Jr Jamelle Lanier,Brewton-Parker,2018-19,20.0,2,6,2,5,1,2,1,1,1,0,2,1,17.65,2,4,2,4,0,0,3,0,0,0,0,0
Jr Jason Brown,Northwest University,2018-19,20.0,0,0,0,0,0,0,1,0,0,0,0,0,14.83,0,0,0,0,0,0,0,0,0,0,0,0
Jr Jerry Johnson,,2018-19,7.45,4,8,2,4,2,3,1,1,0,3,1,3,0.0,3,9,1,4,2,2,2,3,0,0,4,3
Jr Kareem Brewton,,2018-19,5.42,2,3,1,2,1,2,2,1,0,0,1,1,0.0,0,0,0,0,0,0,0,1,0,0,0,1
Jr Marvin Nesbitt,,2018-19,2.25,0,1,0,0,0,0,0,0,0,0,1,0,0.0,0,1,0,1,0,0,0,0,0,0,1,0
Jr Mike Parks,,2018-19,6.63,2,4,0,0,1,2,1,0,0,3,2,0,0.0,1,1,0,0,2,2,0,0,0,1,0,1
Jr Randal Clarkson,Central State (OH),2018-19,20.0,2,6,1,3,0,0,0,0,0,1,1,1,14.97,0,1,0,1,0,0,1,0,0,0,1,1
Jr Raymond Bethea,,2018-19,0.0,0,0,0,0,0,0,0,0,0,0,1,0,13.68,0,1,0,1,0,0,0,0,0,0,0,0
Jr Richard Caldwell,,2018-19,0.83,1,7,0,2,0,1,0,0,0,1,1,0,0.0,4,5,2,3,0,2,0,0,1,1,2,1
Jr Robert Holliday,SUNY-Canton,2018-19,20.0,2,5,0,3,0,0,0,0,0,1,1,2,14.97,2,6,0,1,0,0,1,1,0,1,0,1
Jr Shizz Alston,Temple,2018-19,20.0,0,0,0,0,0,0,1,0,0,0,0,0,17.68,0,0,0,0,0,0,3,0,0,0,0,0
Jr Travis Fields,,2018-19,2.57,0,0,0,0,0,0,1,0,0,0,0,0,0.0,0,0,0,0,0,0,1,0,0,0,0,0
Jr Walter Jones,,2018-19,1.08,1,4,1,2,0,0,0,1,0,0,1,2,0.0,2,4,1,3,1,2,1,1,0,2,0,1
Jr Williams,Cal State San Marcos,2018-19,20.0,0,1,0,0,2,2,2,2,1,0,2,1,20.0,0,3,0,2,0,0,1,0,0,0,1,0
Jr. Antonio Daye,,2018-19,12.65,1,3,0,0,0,0,0,1,0,2,4,4,0.0,1,5,0,0,3,4,0,1,0,0,0,3
Jr. Barry Brown,,2018-19,1.83,1,3,0,1,1,2,0,0,0,0,0,0,0.0,2,7,0,1,0,0,0,0,0,0,4,3
Jr. Clay,Tennessee Tech,2018-19,20.0,48,130,17,45,26,32,1,22,2,10,37,47,17.75,70,148,20,42,48,68,1,16,1,11,35,47
Jr. Derek Webster,,2018-19,14.6,0,1,0,0,0,0,0,0,0,0,1,0,0.0,0,0,0,0,0,0,0,0,0,0,0,0
Jr. Derrin Person,,2018-19,5.38,1,1,0,0,0,1,0,0,0,0,0,0,0.0,0,0,0,0,0,0,0,0,0,2,0,1
Jr. Duane Washington,,2018-19,6.67,0,2,0,1,0,0,0,0,0,0,0,0,0.0,0,1,0,0,0,0,0,0,0,0,1,0
Jr. Ed Polite,,2018-19,0.95,3,9,0,1,1,1,0,0,0,1,3,1,0.0,4,6,0,0,1,2,0,1,1,1,6,2
Jr. Galen Robinson,,2018-19,4.35,1,2,1,1,1,2,0,0,0,0,0,1,0.0,1,1,0,0,0,0,0,0,0,0,2,0
Jr. Harlan Williams,Edward Waters,2018-19,20.0,2,5,0,0,0,0,0,0,0,1,3,1,18.6,4,7,1,1,0,0,0,1,0,0,1,0
Jr. Jason Brown,Northwest University,2018-19,20.0,0,1,0,1,0,0,0,0,0,1,0,1,14.83,0,2,0,1,0,0,0,0,0,0,0,0
Jr. Raymond Bethea,,2018-19,0.0,0,0,0,0,0,0,0,0,0,0,0,0,11.33,0,4,0,3,1,2,0,0,0,0,0,0
Jr. Richard Caldwell,,2018-19,1.7,0,4,0,2,1,2,0,0,0,0,1,1,0.0,0,1,0,1,0,0,0,0,0,0,0,0
Jr. Sharone Wright,,2018-19,2.6,1,3,1,2,0,0,0,0,0,0,3,2,0.0,3,5,1,2,1,1,0,0,0,0,0,0
Jr. Shizz Alston,,2018-19,1.0,5,9,3,5,2,2,0,0,0,0,3,4,0.0,4,7,4,6,1,1,0,1,0,0,1,0
Jr. Thomas Huerter,,2018-19,0.0,0,0,0,0,0,0,0,0,0,0,0,0,0.0,0,0,0,0,0,0,0,0,0,0,0,1
Jr. Tim Perry,,2018-19,0.0,0,0,0,0,0,0,0,0,0,0,0,1,0.0,0,0,0,0,0,0,0,0,0,0,0,0
Jr. Travis Fields,,2018-19,1.5,0,5,0,2,2,2,0,0,0,1,3,0,0.0,4,5,1,2,0,0,0,1,0,0,2,0
Juan Cardenas,Bryant,2018-19,20.0,28,54,9,26,22,25,6,9,19,21,53,19,20.0,34,63,14,30,37,55,5,12,22,18,38,9
Juan Munoz,Longwood,2018-19,20.0,27,64,22,47,6,7,13,6,0,0,17,15,20.0,22,53,14,37,15,18,13,8,0,1,13,12
Juhwan Harris-Dyson,California,2018-19,0.0,26,60,0,5,11,18,12,15,5,11,24,16,19.05,12,33,0,3,5,9,13,7,3,6,13,16
Jules Bernard,UCLA,2018-19,20.0,30,70,11,31,15,17,15,9,1,10,31,26,14.82,40,81,9,24,43,58,10,8,1,11,28,21
Jules Jasmin,Palm Beach Atlantic,2018-19,20.0,4,6,0,0,1,2,0,2,0,2,3,2,20.0,2,5,0,0,0,2,0,0,0,2,1,0
Jules Moor,Stony Brook,2018-19,15.0,26,66,5,14,12,18,8,21,5,14,34,25,20.0,21,54,4,9,20,26,10,11,5,12,19,6
Julian Batts,LIU Brooklyn,2018-19,20.0,40,109,17,62,9,15,34,22,3,5,47,24,20.0,45,113,21,52,61,69,32,16,6,7,59,34
Julian Cameron,LaGrange College,2018-19,20.0,3,7,3,6,0,0,2,0,0,0,0,4,14.93,2,4,1,3,0,0,2,0,0,0,0,0
Julian Fuller,Carver College,2018-19,20.0,1,2,0,0,0,0,0,0,0,0,1,2,14.95,1,1,0,0,0,0,1,0,0,0,0,1
Julian Hardy,Governors State,2018-19,0.0,0,0,0,0,0,0,0,0,0,0,0,0,14.72,0,1,0,0,0,0,0,0,0,0,0,1
Julian Stover,Mount Aloysius,2018-19,20.0,2,6,1,2,6,7,1,0,0,1,1,4,14.92,1,2,1,2,10,10,1,1,0,0,1,4
Julian Walters,North Carolina Central,2018-19,0.0,20,57,10,31,11,13,35,13,1,5,26,10,14.78,12,32,7,19,1,1,38,1,0,3,29,10
Julien Ducree,Dixie State,2018-19,20.0,2,3,0,0,0,0,1,1,0,1,0,1,20.0,0,1,0,0,0,2,0,0,1,0,1,0
Julius Barnes,Winston Salem,2018-19,20.0,1,2,0,1,2,2,2,1,1,0,1,0,14.87,1,2,0,0,0,0,2,0,0,1,1,1
Julius Buckhalter,,2018-19,0.0,0,0,0,0,0,0,0,0,0,0,0,0,0.0,0,0,0,0,0,0,0,0,0,1,0,0
Julius Chamle,Columbia International,2018-19,20.0,0,1,0,0,0,0,0,0,0,0,0,0,14.87,2,2,0,0,0,0,0,0,0,0,2,0
Julius Goines,Massachusetts-Boston,2018-19,0.0,0,0,0,0,0,0,0,0,0,0,0,0,14.9,2,2,0,0,0,1,0,2,0,0,1,0
Julius Johnson,Richmond,2018-19,20.0,14,44,11,35,4,5,18,6,2,5,22,10,15.97,18,40,13,30,4,4,10,4,3,2,13,2
Julius van Sauers,LIU Brooklyn,2018-19,20.0,22,66,10,28,10,16,22,7,5,18,43,21,20.0,19,47,5,23,31,46,18,6,7,18,56,16
Junior Ballard,Cal Poly,2018-19,20.0,3,12,3,9,2,3,2,1,0,1,7,2,18.32,8,21,5,13,5,7,1,1,1,1,7,2
Junior Farquhar,Middle Tennessee,2018-19,20.0,21,59,4,23,2,6,27,12,2,6,29,29,17.68,19,53,3,16,13,16,23,13,1,6,28,12
Junior Searcy,St. Leo,2018-19,20.0,3,7,1,2,4,6,3,0,0,1,2,2,17.73,4,7,1,3,3,3,1,1,0,1,2,0
Juran Ligonde,Kentucky Christian,2018-19,20.0,5,7,1,1,0,0,0,0,0,1,2,0,17.62,4,7,0,1,1,2,2,0,1,0,1,0
Jure Span,South Carolina Upstate,2018-19,20.0,14,42,7,27,6,8,28,8,1,1,18,35,19.2,7,36,4,22,3,6,26,4,1,2,17,19
Justen Hartfield,Mars Hill,2018-19,20.0,1,2,0,0,0,0,1,0,0,0,1,2,14.93,0,2,0,0,0,0,0,0,0,0,0,0
Justice Kithcart,Old Dominion,2018-19,20.0,30,74,20,52,8,14,17,9,0,5,20,10,17.65,22,55,14,34,5,10,15,5,1,4,12,7
Justice Obasohan,East Carolina,2018-19,20.0,3,13,0,1,1,2,3,2,3,6,5,3,20.0,2,8,0,1,1,2,1,0,1,2,2,2
Justice Sueing,California,2018-19,20.0,65,140,17,51,45,57,31,18,8,20,59,22,19.05,51,128,11,46,68,80,18,26,6,22,56,24
Justin Ahrens,Ohio State,2018-19,0.0,3,18,2,15,2,2,4,3,1,3,15,6,14.83,19,35,15,28,8,9,4,2,2,1,21,4
Justin Allison,Spring Hill,2018-19,20.0,4,8,3,4,0,0,1,0,0,0,2,2,14.87,3,5,2,3,3,3,0,0,1,1,0,1
Justin Bassey,Harvard,2018-19,20.0,36,80,13,40,15,24,25,11,4,18,52,24,20.0,35,67,11,33,31,53,21,9,6,24,60,22
Justin Bean,Utah State,2018-19,20.0,17,34,0,2,13,17,5,6,4,16,32,9,14.9,18,36,0,3,13,17,14,12,4,13,30,8
Justin Bessard,Bellevue University,2018-19,20.0,0,4,0,3,0,0,1,0,0,0,0,0,16.35,0,3,0,0,0,0,0,0,0,2,0,0
Justin Bogle,,2018-19,1.63,3,5,3,5,0,0,1,0,0,0,0,1,0.0,2,4,0,2,0,0,3,1,0,0,5,0
Justin Brown,South Florida,2018-19,20.0,63,144,31,83,27,36,20,15,6,37,44,33,17.73,61,134,30,86,17,24,14,10,5,33,31,21
Justin Bullock,Johnson & Wales (RI),2018-19,20.0,4,12,1,3,2,3,0,4,0,1,1,3,17.18,0,4,0,1,0,0,0,0,1,0,2,1
Justin Carruthers,Hartwick,2018-19,20.0,0,1,0,0,0,0,0,0,0,0,2,0,17.88,0,0,0,0,1,4,1,0,1,1,1,2
Justin Cave,Georgia College,2018-19,0.0,0,0,0,0,0,0,0,0,0,0,0,1,17.97,0,2,0,1,1,2,0,1,0,1,0,0
Justin Cole,St. John's,2018-19,0.0,0,0,0,0,0,0,0,0,0,0,0,0,20.0,0,1,0,0,0,0,0,0,0,0,0,0
Justin Coleman,Arizona,2018-19,20.0,33,98,16,46,22,25,52,15,0,1,33,37,14.9,45,98,18,46,36,49,53,12,0,6,34,27
Justin Cooper,SUNY-Cortland,2018-19,20.0,0,5,0,3,0,0,1,0,0,0,3,1,14.92,1,2,0,1,1,1,1,0,0,0,2,1
Justin Cotten,Howard,2018-19,0.0,1,2,0,1,0,0,1,0,0,0,0,0,14.78,0,1,0,1,0,0,1,1,0,0,2,0
Justin Dahl,Northern Iowa,2018-19,20.0,18,36,0,0,3,7,6,9,8,7,23,14,17.92,6,11,0,0,3,4,3,1,6,4,18,5
Justin Davis,,2018-19,1.07,1,4,0,1,3,4,2,1,0,0,3,1,0.0,3,6,2,3,0,0,0,1,0,1,0,0
Justin Dean,Cairn University,2018-19,20.0,1,1,0,0,0,0,0,0,0,0,2,1,14.7,0,0,0,0,0,0,0,0,0,0,0,0
Justin Edler-Davis,CSU Bakersfield,2018-19,0.0,32,111,12,48,21,28,15,14,5,26,40,16,20.0,46,96,14,46,33,43,12,12,3,25,34,21
Justin Elder-Davis,CSU Bakersfield,2018-19,20.0,1,4,1,2,3,4,0,0,0,0,0,0,20.0,0,0,0,0,0,0,0,0,0,0,0,0
Justin Engesser,Colorado Christian,2018-19,20.0,2,6,2,3,0,0,2,0,0,3,2,1,14.83,1,4,1,2,0,0,1,0,0,0,1,0
Justin Everett,Humboldt State,2018-19,20.0,2,4,0,0,2,4,1,0,1,1,1,2,14.73,3,7,0,0,1,2,0,0,0,1,2,1
Justin Feliciano,Elms College,2018-19,20.0,0,2,0,1,0,0,0,0,0,0,0,1,15.38,0,0,0,0,0,0,0,0,0,0,0,1
Justin Forrest,Appalachian State,2018-19,20.0,71,180,33,93,43,59,39,25,0,4,43,41,14.93,79,185,31,81,77,108,35,11,0,12,40,38
Justin Hemsley,Hawai'i,2018-19,0.0,0,0,0,0,0,0,0,0,0,0,0,0,14.97,0,1,0,0,0,0,0,1,0,0,0,0
Justin Hopkins,Texas Southern,2018-19,19.98,20,47,0,2,14,26,1,4,0,21,20,13,20.0,23,51,2,7,21,29,7,6,0,11,17,6
Justin Iton,Misericordia,2018-19,20.0,3,6,0,1,0,0,1,0,0,2,1,3,14.78,1,2,0,0,0,2,0,0,0,0,2,0
Justin James,Wyoming,2018-19,20.0,98,256,26,77,75,96,69,19,9,15,115,63,19.87,125,284,23,88,114,161,69,29,7,15,119,64
Justin Jaworski,Lafayette,2018-19,14.93,63,112,40,73,16,20,30,10,0,7,28,26,20.0,70,152,42,94,43,50,45,8,1,9,35,25
Justin Jenifer,Cincinnati,2018-19,20.0,44,98,30,65,4,5,46,9,0,3,26,10,20.0,37,92,19,54,20,23,39,10,0,2,21,11
Justin Jenkins,Gardner-Webb,2018-19,15.0,8,27,3,15,8,11,6,6,0,3,16,9,20.0,9,25,8,20,6,9,7,3,0,1,8,5
Justin Johnson,Shawnee State,2018-19,20.0,14,29,0,1,2,3,5,0,0,6,10,5,16.33,4,14,0,1,2,3,7,1,2,1,9,8
Justin Kier,George Mason,2018-19,20.0,74,168,14,45,21,31,40,20,4,8,81,46,20.0,89,169,16,36,72,89,38,32,6,6,95,40
Justin Koepp,Northwestern Ohio,2018-19,0.0,0,0,0,0,0,0,0,0,1,0,3,0,14.98,1,1,0,0,0,0,0,0,0,0,2,0
Justin Lary,Aquinas College,2018-19,0.0,0,0,0,0,0,0,0,0,0,0,0,0,14.97,0,3,0,1,0,0,0,0,0,0,0,0
Justin Lindner,,2018-19,0.0,0,0,0,0,0,0,0,0,0,0,0,0,0.0,0,0,0,0,0,0,0,0,0,0,1,0
Justin Lovvorn,Hardin-Simmons,2018-19,0.0,0,0,0,0,0,0,0,0,0,0,1,0,14.77,0,1,0,1,0,0,0,0,0,0,1,0
Justin Mack,Franciscan University,2018-19,20.0,0,3,0,2,0,0,1,0,0,1,1,0,15.0,0,1,0,1,0,0,0,0,0,0,0,1
Justin Mazzulla,George Washington,2018-19,15.0,46,123,12,40,11,19,70,14,3,13,64,44,20.0,59,134,8,31,18,28,37,16,4,18,42,37
Justin McCall,CSU Bakersfield,2018-19,20.0,16,30,0,1,4,7,9,5,3,11,19,10,20.0,19,39,1,2,19,30,3,4,3,15,17,8
Justin McCormack,Southwestern,2018-19,20.0,0,2,0,2,0,0,1,0,0,0,1,0,14.68,0,2,0,1,0,0,0,0,0,0,0,0
Justin Miller,Louisiana,2018-19,20.0,58,140,15,51,26,41,22,13,3,41,91,33,15.63,37,84,5,20,35,47,31,7,4,38,58,30
Justin Milstead,St. Mary's (MD),2018-19,20.0,2,7,1,4,1,2,0,2,0,1,3,2,14.75,1,5,0,3,0,0,0,0,0,0,1,0
Justin Minaya,South Carolina,2018-19,20.0,4,13,1,9,0,1,3,1,1,2,9,1,19.2,11,19,1,5,5,6,5,2,1,7,7,3
Justin Minnis,Greensboro,2018-19,20.0,5,9,1,2,0,0,1,1,0,1,1,2,14.88,0,4,0,3,2,2,0,0,0,0,0,1
Justin Nafso,Rochester College,2018-19,20.0,0,2,0,2,0,0,1,0,0,0,1,1,20.0,2,4,2,4,0,0,1,2,0,0,1,0
Justin Pierce,William & Mary,2018-19,20.0,73,149,19,53,20,38,42,12,3,23,95,32,20.0,59,140,18,66,29,42,55,12,4,19,78,19
Justin Porrett,Elmira,2018-19,20.0,2,4,0,0,2,4,3,0,0,0,2,1,14.73,1,4,1,1,0,0,1,1,0,1,1,2
Justin Quick,Piedmont,2018-19,20.0,1,3,0,1,0,0,2,0,0,0,2,3,14.88,0,2,0,0,0,0,0,0,0,0,1,1
Justin Ravenel,Florida A&M,2018-19,20.0,21,59,11,34,6,8,15,6,0,1,8,11,19.17,44,89,29,52,23,28,6,6,0,2,9,6
Justin Rivera,New Rochelle,2018-19,20.0,2,6,1,2,0,0,0,0,0,1,1,1,14.75,1,3,0,0,0,0,0,0,0,0,0,1
Justin Robinson,Kentucky Christian,2018-19,20.0,50,96,30,55,40,45,44,24,1,3,28,32,17.62,40,87,9,32,35,48,55,9,2,7,34,27
Justin Ryder,Delaware State,2018-19,20.0,3,10,3,7,1,2,2,4,1,1,6,4,15.88,3,7,2,4,0,2,5,2,0,0,7,4
Justin Saunders,College of Idaho,2018-19,20.0,3,5,2,3,2,2,0,1,0,1,0,0,14.95,0,1,0,1,0,0,0,0,0,0,0,1
Justin Simon,St. John's,2018-19,20.0,73,157,5,22,25,45,67,26,11,21,73,35,14.88,60,134,7,16,30,45,35,23,11,14,50,40
Justin Siorek,Governors State,2018-19,20.0,6,8,5,7,1,1,0,0,0,0,0,1,14.72,1,5,0,3,1,2,0,1,0,0,0,3
Justin Smith,Indiana,2018-19,20.0,58,116,4,21,12,27,15,12,6,25,55,43,14.95,57,109,3,10,18,32,11,8,8,26,35,16
Justin Steers,Coppin State,2018-19,20.0,11,29,0,6,9,15,1,3,7,13,11,12,14.9,25,44,1,5,7,14,4,9,11,11,13,5
Justin Storr,Warren Wilson,2018-19,20.0,2,5,2,4,0,0,3,0,0,0,0,2,14.93,0,4,0,1,0,0,1,1,0,0,0,1
Justin Sutton,Medgar Evers,2018-19,20.0,4,13,0,2,0,0,1,0,1,0,2,1,14.93,2,6,0,1,0,0,0,0,1,1,1,0
Justin Syphoe,Brewton-Parker,2018-19,20.0,2,4,2,4,0,0,0,0,1,0,1,1,17.65,2,5,2,4,0,0,2,2,0,0,1,2
Justin Tankelewicz,NC Wesleyan,2018-19,15.0,1,1,1,1,0,0,0,0,0,0,0,0,20.0,0,0,0,0,0,0,0,0,0,0,0,0
Justin Turner,Bowling Green,2018-19,20.0,108,231,33,73,34,48,47,15,4,13,42,21,20.0,96,205,23,72,52,74,46,28,2,9,45,35
Justin Van Pelt,Millsaps,2018-19,20.0,2,4,0,0,1,1,0,0,0,2,1,1,14.92,4,10,0,0,1,2,0,1,0,2,2,2
Justin Walker,Johnson & Wales (FL),2018-19,20.0,0,6,0,2,0,0,0,0,0,0,1,0,14.95,0,0,0,0,0,0,0,0,0,0,0,0
Justin Warner,Bryan,2018-19,20.0,0,1,0,0,0,0,0,0,0,0,0,0,15.43,0,2,0,1,0,0,0,0,0,0,0,0
Justin Watson,Kean,2018-19,20.0,1,3,0,1,0,0,0,0,0,0,1,1,14.83,1,1,0,0,0,0,2,0,0,0,2,0
Justin Whatley,East Carolina,2018-19,20.0,3,6,2,5,0,0,3,0,2,1,2,0,15.88,1,2,0,0,0,2,1,2,0,1,0,0
Justin Williams,George Washington,2018-19,20.0,18,34,0,1,8,10,9,9,2,24,21,3,14.87,23,43,5,11,7,8,10,10,3,10,30,7
Justin Wright-Foreman,Hofstra,2018-19,20.0,143,272,50,121,55,65,42,8,1,7,56,36,17.98,139,278,46,102,103,117,44,15,6,4,52,36
Justinian Jessup,Boise State,2018-19,20.0,78,180,45,107,9,14,45,13,8,7,64,23,20.0,83,184,37,95,29,38,35,18,9,8,65,19
Justus Eaglesmith,Willamette,2018-19,20.0,3,9,2,8,0,0,2,0,0,0,0,1,14.9,3,7,3,5,0,0,0,1,0,0,0,2
Justyn Hamilton,Temple,2018-19,20.0,27,50,1,3,13,23,4,7,1,19,17,10,17.68,21,33,0,0,2,5,4,4,5,7,7,4
Juwan Blanton,Lees McRae,2018-19,20.0,1,2,1,1,2,2,0,1,0,0,0,0,17.68,2,3,1,2,1,1,0,0,0,0,0,0
Juwan Durham,Notre Dame,2018-19,20.0,23,43,0,0,19,25,6,6,26,16,30,11,14.97,22,36,0,0,8,14,6,5,25,16,26,3
Juwan Grant,Shawnee State,2018-19,20.0,1,4,0,2,0,0,0,0,0,0,2,0,16.33,2,4,0,1,1,2,0,0,0,1,4,1
Juwan Miller,,2018-19,2.42,2,8,0,0,2,2,3,2,0,2,1,2,0.0,0,2,0,1,0,0,3,3,0,0,3,5
Juwan Morgan,Indiana,2018-19,20.0,101,194,12,50,33,54,30,21,28,37,95,29,14.95,104,164,12,29,51,75,32,19,21,40,89,32
Juwan Perkins,Franciscan University,2018-19,20.0,1,3,0,0,0,0,0,1,0,0,0,2,15.0,1,3,0,1,1,2,0,0,0,1,1,1
Juwan Perry,Albion,2018-19,20.0,0,3,0,2,0,0,0,0,0,0,2,0,17.95,0,0,0,0,0,0,0,0,0,0,0,1
Juwan Williams,Portland State,2018-19,20.0,10,25,7,16,0,2,7,2,1,3,6,8,20.0,9,16,5,10,1,3,1,3,2,2,8,4
Jv Long,Harding,2018-19,20.0,1,5,0,1,0,1,7,1,1,1,3,1,14.85,3,8,0,2,0,0,3,1,0,0,5,5
Jykayle Walker,,2018-19,4.2,0,1,0,1,0,0,0,0,0,0,2,1,0.0,0,3,0,1,3,5,1,0,1,1,2,1
Jyles Webster,Fayetteville State,2018-19,20.0,2,3,0,0,0,1,0,0,0,1,2,1,17.77,0,0,0,0,0,0,3,2,0,0,2,1
K'viontae Williams,Fort Valley State,2018-19,20.0,0,3,0,1,2,2,3,0,1,1,4,3,14.9,2,4,0,2,0,0,0,1,0,0,0,0
K.D. Wallace,Louisiana College,2018-19,20.0,2,3,0,0,0,1,0,0,0,1,4,3,14.87,1,4,0,0,2,5,0,1,1,0,1,1
K.J. Davis,East Carolina,2018-19,20.0,42,117,20,67,3,4,1,12,16,10,54,19,15.88,35,120,22,79,16,24,2,13,10,9,42,10
K.J. Jackson,Shenandoah,2018-19,20.0,71,176,24,78,20,29,2,40,5,11,46,60,14.95,73,175,17,63,36,51,1,28,8,11,48,42
K.J. Lawson,Kansas,2018-19,20.0,18,49,4,25,9,11,10,5,0,11,20,14,20.0,15,28,5,12,6,9,7,1,0,9,24,5
K.J. Riley,Evansville,2018-19,20.0,69,150,6,25,64,94,0,11,6,7,60,60,14.98,49,128,2,21,95,126,0,21,4,15,75,44
K.J. Santos,Missouri,2018-19,20.0,7,22,1,4,1,2,2,1,0,5,15,7,14.95,4,12,1,4,0,5,0,2,0,3,9,10
K.J. Scott,,2018-19,1.28,9,23,4,7,0,0,0,4,0,0,13,10,0.0,6,17,1,8,2,3,0,0,0,0,4,2
K.J. Smith,North Carolina,2018-19,0.0,0,0,0,0,0,0,0,0,0,0,0,0,19.48,0,0,0,0,1,1,0,0,0,0,0,0
K.J. Walton,Ball State,2018-19,20.0,84,162,0,6,42,64,1,18,3,25,33,26,18.95,62,110,1,4,46,63,1,22,7,21,46,31
KC Hankton,Saint Louis,2018-19,20.0,6,26,5,16,4,4,1,0,1,3,7,0,20.0,6,13,2,8,2,4,2,2,0,6,5,2
KC Ndefo,Saint Peter's,2018-19,15.07,42,105,4,18,22,35,9,9,25,19,55,32,20.0,38,78,2,7,32,44,13,16,30,17,51,29
KJ Buffen,Ole Miss,2018-19,20.0,35,80,2,9,21,33,23,14,12,27,49,32,15.07,34,64,2,7,34,47,15,12,4,23,45,22
KJ Byers,Long Beach State,2018-19,20.0,39,90,11,32,18,30,9,9,17,19,56,27,20.0,35,74,2,15,16,23,15,15,11,27,54,26
KJ Davis,East Carolina,2018-19,20.0,0,0,0,0,0,0,17,0,0,0,0,0,20.0,0,0,0,0,0,0,7,0,0,0,0,0
KJ Feagin,Santa Clara,2018-19,20.0,2,3,2,2,0,0,1,1,0,0,0,0,20.0,0,5,0,1,0,0,0,1,0,0,3,1
KJ Fitzgerald,Jacksonville,2018-19,20.0,3,5,1,3,1,2,2,0,0,1,2,0,15.47,4,7,1,1,2,4,7,2,0,0,2,3
KJ Jackson,UMBC,2018-19,0.0,0,0,0,0,0,0,49,0,0,0,0,0,14.95,0,0,0,0,0,0,43,0,0,0,0,0
KJ Riley,Evansville,2018-19,0.0,0,0,0,0,0,0,31,0,0,0,0,0,14.98,0,0,0,0,0,0,57,0,0,0,0,0
KJ Robinson,Omaha,2018-19,20.0,44,116,12,44,13,19,43,10,1,3,21,10,14.9,59,117,29,57,22,27,46,14,1,4,29,16
KJ Santos,Missouri,2018-19,20.0,0,0,0,0,0,0,4,0,0,0,0,0,20.0,0,0,0,0,0,0,0,0,0,0,0,0
KJ Scott,Mt. St. Mary's,2018-19,20.0,0,0,0,0,0,0,6,0,0,0,0,0,17.98,0,0,0,0,0,0,3,0,0,0,0,0
KJ Simon,Troy,2018-19,20.0,14,33,0,8,6,10,14,9,6,8,10,13,14.9,16,30,4,10,5,13,16,9,6,1,9,15
KJ Walton,Ball State,2018-19,15.78,0,0,0,0,0,0,17,0,0,0,0,0,20.0,0,0,0,0,0,0,7,0,0,0,0,0
KJ Williams,Murray State,2018-19,20.0,56,79,0,2,10,17,7,7,11,27,43,9,14.83,47,70,1,1,9,18,6,9,6,27,44,12
KZ Okpala,Stanford,2018-19,20.0,50,138,12,35,29,41,19,8,7,13,44,30,17.27,77,149,17,37,48,79,25,14,4,13,56,33
KaVaughn Scott,Loyola (MD),2018-19,20.0,41,74,2,3,15,30,13,9,4,15,44,30,14.88,35,65,0,3,33,52,13,5,6,23,42,27
Kabir Mohammed,Missouri State,2018-19,20.0,25,67,3,9,16,34,6,6,2,28,37,10,14.78,26,54,0,3,29,41,6,6,6,22,30,6
Kadeem Smithen,Siena,2018-19,20.0,25,49,11,23,14,17,15,19,4,3,36,14,19.6,18,41,7,19,32,42,16,13,4,7,20,6
Kadeer Cleaves,New Rochelle,2018-19,0.0,0,0,0,0,0,0,0,0,0,0,0,0,14.75,2,4,0,0,0,0,0,1,0,0,0,0
Kaden Archie,TCU,2018-19,20.0,2,8,1,4,1,3,0,3,0,0,7,3,20.0,1,9,0,5,3,4,0,2,1,1,2,1
Kaden Koski,Wisconsin-Stout,2018-19,20.0,0,0,0,0,0,0,1,0,0,0,1,1,14.93,0,0,0,0,0,0,0,0,0,0,0,0
Kaden Moore,Birmingham-Southern,2018-19,20.0,0,1,0,1,0,1,0,0,1,0,2,0,14.97,1,2,0,0,0,0,0,0,0,0,0,1
Kadon Lewis,Hardin-Simmons,2018-19,20.0,0,2,0,1,1,2,1,0,0,0,0,0,14.77,0,1,0,0,0,0,0,0,0,1,1,1
Kae'ron Baker,Louisiana College,2018-19,20.0,5,11,1,6,3,4,3,1,1,2,5,6,18.13,1,2,1,1,2,2,4,0,0,0,1,3
Kaelen Malone,Oral Roberts,2018-19,20.0,25,71,9,27,4,8,41,9,0,0,17,20,14.78,27,75,7,25,12,12,33,6,0,2,15,20
Kaelin Love,Texas-Tyler,2018-19,20.0,0,1,0,1,0,0,0,0,0,1,0,1,18.0,0,2,0,1,0,0,0,0,0,1,1,0
Kaelon Harris,The Citadel,2018-19,20.0,11,36,4,18,6,12,14,4,5,14,28,17,17.78,9,20,0,7,5,6,6,2,2,6,14,4
Kafani Williams,York,2018-19,20.0,1,1,1,1,0,0,0,0,0,0,0,0,15.25,0,1,0,1,0,0,0,0,0,0,2,0
Kaharri Carter,Centenary,2018-19,20.0,3,5,0,0,3,3,0,1,0,1,3,1,14.95,0,3,0,2,0,0,0,0,0,0,1,2
Kahdean Bennett,SUNY-Canton,2018-19,0.0,0,0,0,0,0,0,0,0,0,0,0,2,14.97,0,2,0,0,0,0,0,1,0,0,0,0
Kahleel Henry,Rosemont College,2018-19,0.0,0,0,0,0,0,0,0,0,0,0,0,0,14.93,1,6,1,4,0,0,2,0,0,0,1,0
Kahliel Spear,Bucknell,2018-19,20.0,3,4,2,3,0,3,0,0,4,1,4,0,20.0,0,3,0,1,0,0,0,0,0,0,1,0
Kahlil White,Penn State Wilkes-Barre,2018-19,20.0,3,7,2,5,2,2,1,0,0,0,1,0,15.97,0,3,0,0,2,4,0,1,0,0,0,0
Kai Edwards,Northern Colorado,2018-19,20.0,40,50,0,0,8,16,11,6,4,28,61,11,14.93,26,38,0,0,10,19,9,2,4,35,49,7
Kai Lambert,Truett-McConnell,2018-19,20.0,0,3,0,0,1,2,0,2,0,1,3,0,16.18,0,1,0,0,0,0,1,1,0,1,0,0
Kai Mitchell,Sam Houston State,2018-19,20.0,80,158,0,2,18,27,17,17,17,45,68,22,17.95,83,140,1,1,31,45,16,18,6,34,81,27
Kai Toews,UNC Wilmington,2018-19,15.0,46,113,11,34,10,17,113,5,0,5,33,43,20.0,47,110,6,25,37,46,101,8,0,3,27,47
Kaiden Rice,The Citadel,2018-19,20.0,71,144,44,105,11,15,2,10,0,14,28,17,17.78,34,93,20,71,9,14,9,9,1,11,26,8
Kain Harris,Kent State,2018-19,20.0,5,16,3,14,2,3,3,2,0,2,4,2,16.33,2,9,1,4,1,2,1,0,1,1,0,1
Kaison Hammonds,San José St,2018-19,0.0,0,0,0,0,1,2,0,0,1,0,2,1,14.77,1,4,1,3,0,0,0,0,0,0,1,1
Kajon Brown,SE Louisiana,2018-19,20.0,28,62,7,25,9,14,14,9,1,23,20,16,14.93,22,54,9,22,9,15,12,9,1,9,27,15
Kajuan Madden-McAfee,Johnson & Wales (NC),2018-19,20.0,3,15,1,10,0,0,6,5,0,2,4,11,14.85,1,4,1,2,2,2,1,0,1,0,2,8
Kale Catchings,Harvard,2018-19,0.0,4,13,1,5,3,5,3,3,0,3,9,5,17.95,16,30,5,9,8,11,3,7,1,8,14,4
Kaleb Allison,Mississippi Valley State,2018-19,20.0,7,14,0,0,2,8,0,2,1,4,8,3,14.77,10,22,0,0,0,3,0,1,0,8,4,2
Kaleb Bishop,Fairleigh Dickinson,2018-19,20.0,54,126,15,41,22,35,10,10,19,38,57,24,14.58,48,84,13,31,27,33,9,9,14,34,63,31
Kaleb Britt,Midway,2018-19,20.0,6,13,3,7,0,0,2,0,1,0,2,4,14.8,2,7,1,2,3,4,1,0,1,0,3,3
Kaleb Gilmore,Hawaii Hilo,2018-19,20.0,0,0,0,0,0,0,1,0,0,0,1,1,20.0,0,0,0,0,0,0,0,0,0,0,0,0
Kaleb Hunter,UNC Greensboro,2018-19,20.0,33,80,10,26,19,23,13,9,4,10,23,12,20.0,33,55,8,21,11,15,11,9,1,7,19,9
Kaleb Johnson,Georgetown,2018-19,20.0,24,43,2,3,9,15,2,8,2,20,24,12,20.0,20,29,1,2,19,26,5,4,2,11,23,6
Kaleb Joseph,Creighton,2018-19,20.0,16,49,7,20,4,6,16,4,1,3,14,7,20.0,19,44,6,15,6,8,13,5,2,7,21,8
Kaleb Roy,UMKC,2018-19,15.0,1,4,0,2,3,4,1,1,0,0,5,3,20.0,1,6,0,1,0,0,2,1,0,0,4,2
Kaleb Thomas,East-West University,2018-19,20.0,2,3,1,1,0,0,0,1,0,0,1,2,14.8,0,2,0,1,0,0,0,0,0,0,0,1
Kaleb Wesson,Ohio State,2018-19,20.0,77,162,17,48,44,58,28,16,11,37,68,40,20.0,71,134,8,25,83,115,30,17,10,39,71,30
Kalif Young,Providence,2018-19,20.0,29,61,1,3,9,17,13,8,16,25,54,8,19.6,17,39,0,2,8,14,8,6,8,23,25,7
Kalin Fisher,Hampton,2018-19,20.0,87,225,35,95,41,57,51,24,3,4,71,36,19.05,79,193,17,67,75,90,55,33,2,7,67,33
Kalin Johnson,Glenville State,2018-19,20.0,1,3,1,3,0,0,2,2,0,0,0,0,15.3,3,5,3,4,0,0,0,0,0,0,2,0
Kaliph Fagan,Florida National,2018-19,20.0,0,1,0,0,0,0,1,0,0,0,0,1,14.93,0,0,0,0,0,0,0,0,0,0,0,0
Kalos Evans,Mount St. Vincent,2018-19,0.0,0,0,0,0,0,0,0,0,0,0,0,1,14.93,0,1,0,1,0,0,0,0,0,0,0,1
Kalu Ezikpe,Old Dominion,2018-19,0.0,25,48,0,0,13,19,3,5,14,25,23,13,17.65,19,35,0,0,20,30,3,4,12,23,20,11
Kalvin Spikes,Millsaps,2018-19,20.0,0,4,0,0,0,0,0,0,1,0,0,0,14.92,1,1,0,0,0,2,1,0,0,0,3,0
Kam Brasfield,Hendrix College,2018-19,20.0,1,3,0,2,1,2,3,0,0,0,1,3,14.87,1,2,0,0,0,0,0,0,0,0,0,1
Kamaka Hepa,Texas,2018-19,20.0,9,24,7,21,4,5,5,0,5,5,19,4,17.98,4,19,3,14,0,0,3,0,1,2,10,3
Kamali Chambers,Boston University,2018-19,20.0,1,5,1,4,0,0,1,0,0,1,3,0,14.78,1,3,0,1,0,0,0,0,0,0,1,1
Kamani Johnson,Little Rock,2018-19,15.0,22,42,0,0,11,27,20,4,8,18,37,24,20.0,24,40,0,0,14,26,13,5,4,25,28,10
Kamar Baldwin,Butler,2018-19,20.0,90,199,23,63,31,34,53,23,5,6,78,38,16.43,106,246,18,64,59,71,42,25,6,13,55,46
Kamar McKnight,Tennessee State,2018-19,20.0,55,142,18,57,24,35,28,9,2,9,31,29,20.0,42,120,7,53,34,49,16,9,0,7,25,32
Kamau Stokes,Kansas State,2018-19,20.0,56,165,33,100,22,34,61,24,0,6,43,26,17.98,60,144,33,85,38,47,50,18,5,6,39,31
Kameron Clark,Cairn University,2018-19,20.0,2,6,0,0,0,0,0,0,0,2,3,0,14.7,1,2,0,0,0,0,0,0,0,1,0,0
Kameron Curl,Humboldt State,2018-19,20.0,0,5,0,4,1,2,3,0,0,0,2,1,14.73,1,2,0,1,1,1,0,0,0,0,0,1
Kameron Edwards,Pepperdine,2018-19,20.0,41,109,7,26,20,28,7,9,4,14,38,16,19.92,40,96,10,26,34,45,10,3,3,18,36,16
Kameron Gibson,Western Carolina,2018-19,20.0,61,119,32,68,6,12,13,5,2,4,16,26,15.27,37,83,22,48,15,19,16,7,0,2,18,16
Kameron Hankerson,Wisconsin Lutheran,2018-19,20.0,55,137,22,65,19,22,28,21,10,11,36,25,14.93,53,119,17,51,22,27,29,11,13,17,27,22
Kameron Harris,,2018-19,0.0,0,0,0,0,0,0,0,1,0,0,0,1,0.0,0,0,0,0,0,0,0,0,0,0,0,0
Kameron Langley,North Carolina A&T,2018-19,20.0,29,66,4,10,8,13,76,18,0,9,29,30,20.0,30,66,2,7,18,32,72,18,1,9,28,21
Kamil Chapman,Longwood,2018-19,0.0,1,14,1,12,0,0,5,0,0,0,2,2,20.0,5,18,5,17,0,1,1,2,0,0,4,2
Kamron Modrow,College of Idaho,2018-19,0.0,0,0,0,0,0,0,0,0,0,0,0,0,14.95,0,2,0,2,0,0,0,0,0,1,1,0
Kamron Reaves,Florida A&M,2018-19,20.0,23,51,11,26,4,6,13,7,1,2,11,24,19.17,10,35,0,12,10,17,13,4,1,1,8,18
Kane Williams,Georgia State,2018-19,20.0,55,99,3,14,49,70,60,30,8,14,32,29,20.0,57,121,10,16,67,96,50,30,6,19,33,38
Kansas,,2018-19,0.0,0,0,0,0,0,0,0,0,0,20,32,5,0.0,0,0,0,0,0,0,0,0,0,19,33,0
Kansas State,,2018-19,0.0,0,0,0,0,0,0,0,0,0,27,25,6,0.0,0,0,0,0,0,0,0,0,0,27,16,9
Kaosi Ezeagu,UTEP,2018-19,20.0,17,33,0,0,6,18,0,4,14,15,38,22,14.8,19,30,0,0,12,20,2,4,9,15,25,12
Kar'ron Johnson,St Elizabeth,2018-19,20.0,1,2,0,0,0,0,0,0,0,0,1,2,14.92,0,0,0,0,3,4,0,0,0,0,0,2
Karamoko Cisse,Rider,2018-19,20.0,4,7,0,0,7,9,1,1,2,2,6,4,15.65,1,4,0,0,3,5,0,1,1,1,1,1
Kareem Brewton Jr,Memphis,2018-19,0.0,0,0,0,0,0,0,28,0,0,0,0,0,14.22,0,0,0,0,0,0,34,0,0,0,0,0
Kareem Brewton Jr.,Memphis,2018-19,13.65,47,122,12,45,21,28,3,15,2,14,46,35,20.0,59,108,9,24,18,26,13,22,1,17,33,27
Kareem South,Texas A&M-CC,2018-19,16.58,32,97,12,38,10,11,11,13,0,9,31,12,20.0,48,114,14,43,30,37,19,14,1,16,33,16
Kareem Wright,Cumberland (TN),2018-19,20.0,3,7,0,3,2,2,1,1,0,0,2,2,15.03,0,2,0,0,3,4,0,0,0,0,2,1
Karim Ezzeddine,New Mexico,2018-19,20.0,10,21,1,6,13,18,7,6,3,10,12,13,20.0,12,33,2,13,4,5,6,2,5,11,19,11
Karl Gamble,Middle Tennessee,2018-19,20.0,45,105,8,18,15,26,10,13,9,34,54,25,17.68,40,94,5,20,18,33,7,9,4,41,55,16
Karl Nicholas,Stephen F. Austin,2018-19,20.0,17,45,0,0,9,16,7,5,7,12,15,10,20.0,16,36,0,0,7,15,3,2,9,8,14,14
Karlis Garoza,Cal Poly,2018-19,20.0,5,17,0,0,0,4,3,2,1,18,15,10,20.0,9,16,0,0,9,12,1,4,1,12,16,7
Karlis Silins,Florida Atlantic,2018-19,20.0,28,48,2,8,17,27,5,3,5,18,36,19,14.83,27,58,3,10,23,32,7,3,8,20,24,20
Karlton Spaulding,Middle Georgia State,2018-19,0.0,0,0,0,0,0,0,0,0,0,0,0,0,14.75,2,3,2,3,0,1,0,0,0,0,0,1
Karmari Newman,Oakland,2018-19,20.0,41,107,23,73,25,34,16,9,2,9,31,16,20.0,48,125,30,84,27,36,23,16,1,12,27,27
Karolis Kundrotas,Elon,2018-19,20.0,8,19,2,5,2,6,6,1,3,9,15,5,20.0,7,15,1,2,3,7,1,0,0,4,15,4
Karrington Wallace,Central Connecticut,2018-19,20.0,15,34,0,0,1,2,5,6,5,11,28,9,20.0,16,35,1,4,10,15,3,2,7,13,21,9
Kase Carrera,Florida Memorial,2018-19,20.0,2,3,0,1,0,0,1,1,0,0,1,1,15.3,1,4,0,0,0,0,4,1,0,1,2,1
Kase Robinson,Oakland City,2018-19,20.0,1,3,0,0,0,0,2,1,0,0,1,1,14.92,0,0,0,0,0,0,0,0,0,0,0,0
Kash Blackwell,Rochester College,2018-19,20.0,5,7,2,3,1,1,1,0,0,2,3,1,20.0,3,8,2,3,0,0,1,0,1,1,3,1
Kashaun Hicks,Central Connecticut,2018-19,20.0,27,61,9,26,11,14,10,7,4,9,26,22,20.0,12,50,3,21,12,19,4,5,2,12,21,15
Kashawn Charles,Eastern Illinois,2018-19,0.0,24,52,13,33,6,8,8,8,1,1,17,11,17.98,24,45,13,23,1,3,6,2,0,3,13,5
Kasheem Thomas,Cleveland State,2018-19,20.0,29,73,18,36,20,26,38,8,1,1,39,22,17.1,19,47,6,21,13,19,37,7,0,5,28,18
Kason Harrell,Purdue Fort Wayne,2018-19,20.0,107,205,34,80,18,24,32,21,6,13,47,30,14.82,76,154,21,55,33,50,25,12,18,12,36,18
Kass Taylor,Clarion,2018-19,20.0,0,0,0,0,0,0,1,0,0,0,0,1,14.93,1,3,0,2,0,0,0,0,0,0,1,0
Kassoum Yakwe,UConn,2018-19,20.0,4,9,0,0,0,0,2,2,6,4,6,3,17.7,2,4,0,0,1,5,0,0,1,0,7,2
Kavan Meiner,St. Joseph's (NY-Brooklyn),2018-19,20.0,2,5,0,0,0,0,0,0,0,0,0,1,14.9,2,3,0,0,1,1,0,0,0,0,1,1
Kavell Bigby-Williams,LSU,2018-19,20.0,45,72,0,0,25,38,10,8,35,37,67,19,14.93,49,77,0,0,25,46,3,3,29,44,44,6
Kavion Pippen,Southern Illinois,2018-19,20.0,80,151,0,1,15,18,26,16,26,23,64,41,20.0,86,143,1,2,26,40,20,4,30,22,55,30
Kavonte Ivery,Georgia State,2018-19,20.0,0,4,0,4,2,2,0,0,0,0,1,4,20.0,1,3,1,1,0,0,0,0,0,1,3,1
Kawanise Wilkins,Western Michigan,2018-19,20.0,32,79,8,28,18,23,26,8,2,16,42,33,17.9,48,104,5,25,29,41,20,7,2,23,52,22
Kaymon Mitchell,Methodist,2018-19,20.0,1,2,0,0,0,0,1,0,0,0,0,1,14.9,2,2,0,0,2,2,0,0,0,0,0,1
Kayo Goncalves,SE Oklahoma State,2018-19,15.0,5,8,4,5,0,0,0,1,0,0,4,1,20.0,1,4,1,4,0,0,0,0,0,0,3,1
Kayode Daboiku,Brescia,2018-19,20.0,6,12,1,1,3,4,2,0,1,0,4,0,14.95,5,9,0,0,0,0,2,0,0,4,4,3
Ke'Jerrick Taylor,Rust,2018-19,20.0,4,12,2,9,2,2,0,0,0,1,4,2,14.88,3,7,2,5,0,0,3,3,0,0,1,1
Ke'Shawn Shields,Allen,2018-19,0.0,0,0,0,0,0,0,0,0,0,0,0,0,14.78,1,1,0,0,0,2,1,2,0,0,0,0
Ke'Vel Kingsberry,Brevard College,2018-19,20.0,1,2,0,0,0,0,0,0,0,0,0,0,14.93,0,0,0,0,0,0,0,0,0,0,0,0
KeShawn Curry,VCU,2018-19,0.0,0,0,0,0,0,0,0,0,0,0,2,0,14.55,1,1,0,0,0,0,0,0,0,0,1,0
KeShawn Lewis,Averett,2018-19,20.0,0,1,0,0,0,0,0,0,0,1,0,0,17.97,0,0,0,0,0,0,0,0,0,0,0,0
KeVaughn Allen,Florida,2018-19,20.0,63,160,30,96,26,32,41,28,2,7,41,30,14.97,57,152,25,78,56,61,30,18,6,1,38,31
Keandre Cook,Missouri State,2018-19,20.0,61,150,22,64,31,41,9,11,7,16,55,41,14.78,65,141,23,57,48,66,14,16,4,14,44,32
Keaton Dotson,Bryan,2018-19,20.0,0,1,0,1,0,0,0,0,0,0,1,1,15.43,1,3,1,3,0,0,0,0,0,0,1,0
Keaton Van Soelen,Air Force,2018-19,20.0,24,62,5,20,4,8,14,10,3,16,29,15,14.82,21,37,5,11,18,24,12,6,7,12,32,9
Keaton Wallace,,2018-19,0.73,99,233,60,143,36,41,31,18,13,12,70,35,0.0,107,246,56,156,48,57,40,22,8,13,58,29
Keegan Graebner,,2018-19,13.73,1,2,1,2,0,0,0,0,0,0,0,0,0.0,0,0,0,0,0,0,1,0,0,0,0,0
Keegan McDowell,Liberty,2018-19,20.0,19,31,8,19,3,3,8,0,0,2,5,6,14.9,8,15,7,13,0,0,1,0,0,1,5,4
Keelin Jackson,Ark Monticello,2018-19,20.0,2,6,1,5,0,0,0,0,0,1,4,1,20.0,3,7,1,3,1,2,0,0,0,1,1,1
Keenan Dowell,Alaska Anchorage,2018-19,20.0,0,2,0,2,0,0,3,1,0,0,1,1,14.77,0,1,0,0,0,0,0,0,0,0,0,0
Keenan Gorski,Queens College,2018-19,20.0,0,2,0,2,0,0,1,0,0,0,3,1,14.98,1,2,1,2,0,0,0,0,0,0,0,1
Keenan Gumbs,Liberty,2018-19,20.0,37,75,11,31,8,10,19,11,0,9,28,15,14.9,30,65,5,17,20,26,13,11,3,12,16,14
Keenan Holdman,Hardin-Simmons,2018-19,20.0,1,2,0,0,0,0,0,1,0,0,1,2,14.77,0,2,0,0,2,2,0,0,0,0,1,0
Keet Cockerham,East Texas Baptist,2018-19,0.0,0,0,0,0,0,0,0,0,0,0,0,0,17.95,0,2,0,2,0,0,0,1,0,0,0,0
Keigan Kerby,Chattanooga,2018-19,20.0,12,34,8,26,3,4,4,3,9,8,31,8,15.03,7,17,4,12,2,6,6,2,3,4,9,7
Keion Adams,Wilson College,2018-19,20.0,4,7,2,4,0,0,4,1,2,1,2,1,17.92,3,5,0,1,0,0,0,1,0,0,6,1
Keiser,,2018-19,0.0,0,0,0,0,0,0,0,0,0,0,0,0,0.0,0,0,0,0,0,0,0,0,0,1,1,0
Keith Blassingale,Rosemont College,2018-19,20.0,3,9,1,5,0,0,1,1,0,1,1,3,14.93,1,7,0,3,0,0,2,0,0,0,1,0
Keith Braxton,St. Francis (PA),2018-19,20.0,86,177,19,59,38,49,58,24,5,20,118,37,18.65,80,174,20,50,69,92,57,19,5,29,118,35
Keith Broome,Huston-Tillotson,2018-19,20.0,3,7,1,4,0,0,1,1,0,1,3,3,17.98,3,3,1,1,0,0,0,0,0,0,0,4
Keith Brown,Pine Manor,2018-19,20.0,0,2,0,0,0,0,1,0,0,1,0,1,14.83,1,3,0,0,0,0,0,0,0,1,1,0
Keith Charleston,SE Louisiana,2018-19,20.0,23,63,3,19,4,6,10,4,4,16,53,28,14.93,26,59,5,15,13,23,14,4,2,18,37,15
Keith Claiborne Jr,Hood College,2018-19,0.0,0,0,0,0,0,0,0,0,0,0,0,0,14.88,0,0,0,0,0,0,1,0,0,0,0,0
Keith Claiborne Jr.,Hood College,2018-19,0.0,0,0,0,0,2,2,0,0,0,0,0,0,17.83,0,4,0,0,2,2,0,0,0,1,0,2
Keith Matthews,Stetson,2018-19,20.0,26,78,5,26,7,9,21,13,4,10,24,20,14.95,31,70,6,14,5,6,13,9,2,11,26,9
Keith McGee,New Mexico,2018-19,20.0,49,112,24,57,21,23,23,16,1,3,17,29,20.0,33,82,14,40,12,18,27,6,2,5,12,20
Keith Phillips,William Jessup,2018-19,20.0,4,11,0,3,0,0,1,0,0,1,3,7,17.87,0,5,0,1,1,2,2,2,0,2,2,2
Keith Poitier,,2018-19,0.0,0,0,0,0,0,0,0,0,0,0,1,0,0.0,0,0,0,0,0,0,0,0,0,0,0,0
Keith Shelton,Lees McRae,2018-19,20.0,0,0,0,0,0,0,1,0,0,0,1,1,17.68,0,0,0,0,0,0,0,0,0,0,0,0
Keith Stone,Florida,2018-19,20.0,19,54,8,21,13,21,8,11,5,13,24,11,14.97,14,32,6,15,7,10,1,3,4,8,21,13
Keith Wallace,Spalding,2018-19,20.0,0,0,0,0,2,2,0,0,0,0,0,0,14.83,0,0,0,0,0,0,0,0,0,0,0,0
Keith Williams,Cincinnati,2018-19,20.0,61,142,10,33,14,23,20,22,18,21,29,22,20.0,52,106,7,33,37,52,15,15,10,15,30,16
Keiton Hall,,2018-19,0.85,3,5,2,4,1,1,0,1,0,0,0,0,0.0,0,2,0,1,0,0,0,0,0,0,0,0
Kejuan Johnson-Alls,Canisius,2018-19,0.0,1,7,1,4,2,2,0,2,3,1,9,2,20.0,0,3,0,1,1,4,0,0,1,1,4,2
Kelby Kramer,Montana,2018-19,20.0,2,3,0,0,0,0,2,2,3,5,6,1,14.7,1,2,0,0,0,0,0,0,2,0,3,1
Keldon Johnson,Kentucky,2018-19,20.0,84,192,20,63,39,64,39,15,2,25,83,29,14.78,81,161,23,48,62,78,19,11,4,20,73,30
Keleaf Tate,Niagara,2018-19,20.0,43,139,16,72,18,20,14,14,1,13,40,23,20.0,35,104,19,54,10,18,18,5,0,13,31,20
Keljin Blevins,Montana State,2018-19,20.0,58,156,11,38,19,32,21,12,5,18,61,35,14.9,73,146,9,30,37,58,24,9,2,27,65,26
Kellan Grady,Davidson,2018-19,20.0,89,212,28,82,23,31,40,13,0,6,59,28,17.1,101,210,30,85,47,62,17,17,4,6,58,22
Kellen Hodge,Bridgewater,2018-19,20.0,0,2,0,1,0,0,0,0,0,0,0,0,15.47,0,0,0,0,0,0,0,0,0,0,0,0
Kellen Manek,SE Oklahoma State,2018-19,19.28,5,15,3,10,0,0,3,0,0,1,5,0,20.0,6,14,0,2,0,1,1,0,1,1,2,1
Kellen Schreiber,Wabash College,2018-19,20.0,0,4,0,2,0,1,0,0,0,0,0,0,15.08,0,0,0,0,0,0,0,0,0,0,0,0
Kellon Taylor,Duquesne,2018-19,0.0,2,4,0,0,0,0,1,2,0,1,5,3,20.0,1,2,0,0,2,2,1,2,1,3,1,0
Kelvin Akinmoyo,Carver College,2018-19,20.0,0,0,0,0,0,3,0,2,0,0,0,5,14.95,0,1,0,0,0,0,0,0,0,2,1,0
Kelvin Jones,Idaho State,2018-19,20.0,52,94,0,0,17,26,10,3,24,23,58,25,14.48,62,114,0,0,29,44,8,6,20,31,47,29
Kelvin Knight,University of the Ozarks,2018-19,20.0,1,2,0,0,1,2,0,0,0,2,0,0,14.97,1,1,0,0,0,0,0,0,0,0,0,0
Kelvin Robinson,Eastern Kentucky,2018-19,20.0,51,109,4,16,8,11,39,17,1,13,39,28,14.8,32,77,3,14,36,56,40,17,1,17,37,24
Ken Odiase,Chicago State,2018-19,20.0,4,11,0,0,2,10,2,0,2,5,10,7,14.95,6,13,0,0,3,6,0,1,1,2,10,3
Ken Stanciel,Bridgewater,2018-19,20.0,1,7,0,2,0,0,1,0,0,1,2,1,15.47,4,5,0,0,0,0,0,0,0,2,1,0
Kendal Manuel,Montana,2018-19,20.0,50,116,33,78,26,28,15,6,2,5,30,23,20.0,30,72,18,42,25,29,25,9,0,5,24,12
Kendale Hampton,Youngstown St,2018-19,20.0,33,84,26,66,6,10,9,6,1,7,28,7,15.87,20,47,10,29,11,13,6,4,1,4,9,2
Kendall Blount,Kean,2018-19,20.0,0,1,0,1,0,0,0,0,0,0,2,0,14.83,0,2,0,2,0,0,1,0,0,0,0,0
Kendall Lauderdale,Albany,2018-19,20.0,20,41,0,0,6,7,1,7,5,8,22,15,20.0,16,26,0,0,11,12,1,3,1,7,19,1
Kendall Oliver,Piedmont International,2018-19,20.0,2,5,1,1,1,2,0,0,0,0,2,0,14.77,2,5,1,1,0,0,1,0,0,0,1,1
Kendall Small,Pacific,2018-19,20.0,10,35,1,3,5,14,20,9,0,2,9,9,14.93,16,34,0,1,11,22,12,7,0,4,11,14
Kendall Stafford,North Alabama,2018-19,20.0,27,80,7,33,1,3,12,1,1,5,46,13,20.0,36,79,13,38,9,11,17,7,0,14,32,18
Kendall Stubblefield,UC Riverside,2018-19,0.0,0,3,0,1,0,2,0,0,0,1,1,0,17.62,0,3,0,1,0,0,0,1,0,0,1,3
Kendarius Smith,North Alabama,2018-19,20.0,34,89,18,53,15,19,18,10,0,4,42,19,20.0,32,94,19,57,18,30,23,15,0,8,26,17
Kendle Moore,Colorado State,2018-19,20.0,47,111,20,63,13,19,49,24,1,2,37,25,14.83,47,87,13,42,29,34,36,17,2,3,32,25
Kendric Davis,TCU,2018-19,0.0,36,96,10,30,13,21,26,17,0,4,24,27,20.0,37,77,5,16,43,56,36,14,1,7,18,29
Kendrik Gannon,Benedictine (AZ),2018-19,20.0,1,4,0,0,1,2,0,1,0,0,0,1,14.77,0,0,0,0,0,0,0,0,0,0,0,0
Kene Chukwuka,Pittsburgh,2018-19,0.0,19,44,1,11,10,12,5,6,10,25,36,18,15.87,27,42,5,13,11,17,6,3,7,20,27,1
Kennedy Jones,Arlington Baptist,2018-19,20.0,8,19,0,3,1,2,0,0,0,0,2,2,14.77,5,11,1,1,2,2,0,0,1,2,2,2
Kennesaw State,,2018-19,0.0,0,0,0,0,0,0,0,0,0,15,15,5,0.0,0,0,0,0,0,0,0,0,0,21,5,3
Kenneth Davis,Central Pennsylvania College,2018-19,0.0,0,0,0,0,0,0,0,0,0,0,0,0,15.48,0,1,0,1,0,0,0,0,0,0,0,0
Kenneth King,East-West University,2018-19,20.0,1,3,0,0,0,0,0,0,0,1,0,1,14.8,0,1,0,0,0,0,0,0,0,0,1,0
Kenneth Modica Jr.,Simpson University,2018-19,0.0,0,0,0,0,0,0,0,0,2,0,1,0,16.87,1,1,0,0,2,4,0,0,2,2,6,0
Kenneth Nwuba,UCLA,2018-19,20.0,1,4,0,0,0,3,1,0,0,4,3,3,14.82,0,0,0,0,2,2,0,0,0,0,0,0
Kenneth Santos,Florida National,2018-19,20.0,4,8,1,5,0,0,0,0,0,0,3,2,14.93,2,7,1,4,0,0,0,0,0,0,1,2
Kenny Aninye,Stetson,2018-19,20.0,35,83,6,27,11,19,42,18,0,8,24,16,14.95,36,81,10,27,20,32,49,12,0,5,34,24
Kenny Bogus,,2018-19,0.33,4,10,2,5,0,0,1,0,0,0,0,1,0.0,1,2,0,1,0,0,1,0,0,0,2,2
Kenny Byers,Southwest Minnesota State,2018-19,20.0,0,1,0,0,0,0,0,0,2,0,1,1,15.0,2,4,0,1,1,2,1,1,0,0,0,2
Kenny Charles,SUNY-Cortland,2018-19,20.0,2,4,1,2,0,1,0,0,0,1,2,0,14.92,1,4,0,2,2,2,1,0,0,0,3,1
Kenny Cooper,Lipscomb,2018-19,20.0,45,126,13,38,19,25,69,30,3,9,44,38,20.0,59,111,8,23,24,44,60,26,4,5,44,33
Kenny Flynn,Western New England,2018-19,20.0,3,4,2,2,3,4,0,0,1,4,3,2,15.27,1,5,0,1,1,3,1,1,0,1,1,0
Kenny Goins,Michigan State,2018-19,20.0,51,132,28,79,14,18,44,9,27,46,127,31,20.0,57,134,28,83,19,28,43,15,20,36,128,26
Kenny Jackson,Dickinson State,2018-19,20.0,2,5,0,1,0,0,0,0,0,0,1,1,14.73,0,2,0,1,0,0,1,1,0,1,0,2
Kenny Jones,Loyola (MD),2018-19,0.0,35,69,21,42,3,4,30,12,2,0,17,23,14.88,36,89,17,56,6,10,38,14,0,5,18,20
Kenny Pittman Jr,Oakland,2018-19,0.0,0,0,0,0,0,0,3,0,0,0,0,0,20.0,0,0,0,0,0,0,3,0,0,0,0,0
Kenny Pittman Jr.,Oakland,2018-19,20.0,1,5,1,5,0,0,0,2,0,0,3,4,20.0,1,2,1,2,4,4,0,0,0,2,2,3
Kenny Washington,Indiana South Bend,2018-19,0.0,0,0,0,0,0,0,0,0,0,0,0,2,14.83,0,1,0,0,0,0,0,0,0,0,0,0
Kenny Williams,North Carolina,2018-19,20.0,57,141,18,72,18,23,72,18,5,21,45,31,18.38,48,116,23,63,31,39,48,15,4,16,50,23
Kenny Wooten,Oregon,2018-19,20.0,34,68,0,1,19,26,9,5,29,21,56,17,20.0,39,53,0,0,13,24,10,8,35,19,43,24
Kenny Wormley,Hofstra,2018-19,20.0,6,11,1,3,0,0,3,4,0,0,1,3,17.98,4,11,0,3,2,3,1,3,0,2,3,1
Kent Auslander,Coppin State,2018-19,0.0,20,44,9,28,4,7,5,2,1,0,25,17,14.9,19,45,14,38,20,22,6,3,1,2,28,12
Kent Garrett,York,2018-19,20.0,1,1,0,0,0,0,1,0,0,0,0,0,15.25,1,3,0,2,0,0,0,0,0,0,1,0
Kent State,,2018-19,0.0,0,0,0,0,0,0,0,0,0,23,22,14,0.0,0,0,0,0,0,0,0,0,0,33,30,3
Kenton Bibbs,Hiwassee College,2018-19,20.0,1,1,0,0,0,0,0,0,0,0,0,0,14.97,1,3,0,1,1,2,0,0,1,0,0,1
Kenton Eskridge,Southern Utah,2018-19,20.0,8,21,3,13,4,7,10,4,1,5,7,10,14.6,4,23,1,11,3,3,7,5,0,4,4,5
Kentrevious Jones,Oklahoma State,2018-19,0.0,2,3,0,0,1,2,0,1,0,3,5,1,20.0,2,3,0,0,0,2,1,0,0,0,1,2
Kentucky,,2018-19,0.0,0,0,0,0,0,0,0,0,0,32,22,5,0.0,0,0,0,0,0,0,0,0,0,21,19,4
Kentucky Christian,,2018-19,0.0,0,0,0,0,0,0,0,0,0,2,0,0,0.0,0,0,0,0,0,0,0,0,0,2,1,0
Keon Clergeot,UMass,2018-19,20.0,30,76,12,32,28,36,25,6,1,4,31,21,20.0,36,84,17,39,26,32,32,9,1,4,20,15
Keon Williams,St. Francis (BKN),2018-19,20.0,27,63,16,39,3,6,13,6,1,14,32,11,14.93,21,49,9,35,9,16,10,8,3,8,35,6
Keondre Schumacher,Winthrop,2018-19,20.0,3,4,2,3,0,0,2,0,0,0,1,0,14.9,1,3,1,3,2,2,2,1,0,0,1,2
Keonte Kennedy,Xavier,2018-19,20.0,6,25,4,19,1,2,8,1,0,3,16,9,17.87,6,20,3,14,0,3,4,4,0,0,10,2
Kerry Blackshear Jr,Virginia Tech,2018-19,20.0,0,0,0,0,0,0,8,0,0,0,0,0,14.83,0,0,0,0,0,0,12,0,0,0,0,0
Kerry Blackshear Jr.,Virginia Tech,2018-19,20.0,86,174,10,35,46,67,38,9,14,45,76,33,14.78,75,151,9,23,80,104,20,12,13,53,71,26
Kerry Richardson,Lees McRae,2018-19,20.0,2,5,0,1,0,0,0,2,0,0,1,2,17.68,1,1,0,0,0,0,0,1,0,0,0,1
Kerwiken Morpas,,2018-19,0.0,0,0,0,0,0,0,0,0,1,0,1,1,0.0,0,0,0,0,0,0,0,0,0,0,0,0
Kerwin Roach II,Texas,2018-19,20.0,76,162,33,78,33,44,49,17,7,5,47,34,20.0,58,153,12,58,41,62,41,14,2,12,50,31
Kerwin Smith,Oral Roberts,2018-19,20.0,28,43,0,0,3,5,6,3,5,15,36,15,14.78,9,18,0,0,4,11,3,1,3,12,13,10
Keshawn Justice,Santa Clara,2018-19,20.0,39,107,22,65,16,18,22,5,4,5,39,13,20.0,48,112,28,64,16,26,25,13,5,5,28,13
Keshon Montague,Western Illinois,2018-19,20.0,5,12,4,9,1,1,9,2,0,0,8,5,14.8,5,12,3,8,3,4,6,0,0,0,7,2
Kessler Edwards,Pepperdine,2018-19,20.0,60,125,22,62,20,28,17,19,14,14,71,30,14.88,50,122,19,57,15,25,10,17,16,26,65,16
Keun Palu-Thompson,College of Idaho,2018-19,20.0,0,4,0,2,0,0,1,0,0,0,1,0,14.95,2,4,1,1,0,1,0,0,0,0,0,0
Kevarrius Hayes,Florida,2018-19,20.0,54,86,0,0,18,29,12,15,24,40,59,27,14.97,50,69,0,0,48,72,8,19,39,47,51,21
Kevaughn Ellis,Florida Atlantic,2018-19,0.0,10,36,6,26,2,3,9,3,3,6,20,8,14.83,12,36,7,23,3,5,6,5,2,6,8,9
Keve Aluma,Wofford,2018-19,20.0,40,65,0,1,18,33,16,11,11,37,64,16,18.38,36,54,0,0,23,43,14,7,18,47,61,17
Kevin Anderson,Delaware,2018-19,19.53,47,116,18,46,10,16,48,7,5,9,42,38,20.0,42,108,14,42,45,55,48,18,2,6,40,36
Kevin Avalos,Johnson & Wales (CO),2018-19,20.0,0,1,0,0,0,0,0,0,0,0,0,1,14.58,2,6,0,1,0,0,0,0,0,0,0,0
Kevin Buckingham,SE Oklahoma State,2018-19,15.28,5,11,1,5,2,2,3,1,0,4,5,2,20.0,9,16,3,6,2,2,3,3,1,3,6,3
Kevin Buron,Queens College,2018-19,20.0,0,1,0,1,0,0,0,0,0,0,2,0,14.98,0,1,0,1,0,0,0,0,0,0,1,0
Kevin Degnan,Siena,2018-19,20.0,42,99,27,67,6,7,16,15,11,17,70,10,19.6,56,125,33,84,10,19,13,17,5,21,78,14
Kevin Doi,Drexel,2018-19,20.0,0,0,0,0,1,3,0,0,0,0,0,1,15.27,0,0,0,0,0,0,0,0,0,1,0,0
Kevin Easley,Chattanooga,2018-19,20.0,66,147,23,62,15,26,20,6,5,23,70,32,20.0,63,149,17,45,31,48,13,13,3,19,61,20
Kevin Ford,Middle Georgia State,2018-19,19.98,0,3,0,2,1,4,4,1,0,0,0,2,14.75,0,1,0,0,2,2,4,1,0,0,0,1
Kevin Grace,Webber International,2018-19,20.0,2,5,1,4,1,1,0,0,0,0,2,0,15.82,1,3,0,1,4,4,0,0,0,1,2,0
Kevin Henri,SUNY-Canton,2018-19,20.0,1,2,0,0,0,1,0,0,0,2,0,1,14.97,0,0,0,0,2,2,0,0,0,1,0,0
Kevin Hicks,Sacramento State,2018-19,20.0,2,3,2,3,0,0,0,0,0,0,0,1,17.73,2,3,2,2,3,3,0,0,0,0,1,0
Kevin Holland,Southern Miss,2018-19,20.0,25,61,19,44,4,4,19,12,4,4,28,11,14.82,28,63,23,51,7,9,22,20,0,2,25,7
Kevin Holston,Alabama State,2018-19,0.0,10,53,4,27,5,9,20,13,0,9,19,31,14.93,14,48,1,13,9,14,28,10,1,6,23,14
Kevin Hunt,McNeese,2018-19,20.0,36,102,21,51,6,8,36,8,3,5,29,49,17.1,38,87,9,30,24,35,45,10,5,6,21,28
Kevin Johnson,Nicholls,2018-19,20.0,57,156,19,61,15,20,74,35,3,10,51,33,14.97,50,125,11,39,33,40,73,30,2,10,37,25
Kevin Kelly,Salve Regina,2018-19,20.0,4,8,1,3,0,0,1,0,0,0,3,1,14.73,1,2,1,1,0,0,2,1,0,1,1,1
Kevin Kerley,Appalachian State,2018-19,0.0,0,0,0,0,0,0,0,0,0,0,0,0,14.93,1,1,1,1,0,0,0,0,0,0,0,0
Kevin Kersaint,Johnson University (FL),2018-19,0.0,0,1,0,0,0,0,0,0,0,0,0,0,14.95,3,6,1,1,1,2,1,0,0,0,2,3
Kevin Larkin,Delaware State,2018-19,20.0,76,189,19,65,22,26,22,18,4,30,68,19,17.93,62,145,17,50,19,29,18,15,2,26,61,20
Kevin Little,UT Martin,2018-19,20.0,34,103,22,71,6,8,39,11,0,0,16,24,17.88,23,76,12,44,12,20,46,10,1,3,17,30
Kevin Mannix,Salve Regina,2018-19,20.0,0,0,0,0,0,0,2,0,0,1,1,1,14.73,1,1,0,0,0,0,2,0,0,0,2,1
Kevin Marfo,Quinnipiac,2018-19,20.0,16,38,0,0,9,18,16,3,7,25,59,9,14.85,17,30,0,0,32,47,7,2,5,28,48,4
Kevin McAdoo,Eastern Michigan,2018-19,20.0,45,122,22,66,10,10,22,16,0,6,12,27,20.0,42,93,16,52,31,45,19,13,0,6,9,21
Kevin McClain,Belmont,2018-19,20.0,69,139,26,67,27,42,53,16,2,8,35,21,17.27,57,137,17,61,43,63,38,15,4,4,32,26
Kevin McCormick,Washington College (MD),2018-19,20.0,1,2,1,2,1,2,0,1,0,0,0,0,14.93,1,3,1,3,0,0,0,0,0,0,0,0
Kevin McKay,Central Michigan,2018-19,20.0,79,145,6,18,17,22,19,26,16,46,70,33,14.95,55,113,3,14,54,70,19,25,12,45,72,22
Kevin McNeal,CSU Bakersfield,2018-19,20.0,7,25,0,3,1,4,3,3,0,1,9,7,20.0,10,22,0,2,0,4,0,0,0,6,6,5
Kevin Mclaughlin Jr.,Methodist,2018-19,20.0,1,2,1,2,0,0,0,0,0,0,0,0,14.9,0,0,0,0,0,0,0,0,0,0,0,0
Kevin Morris,South Alabama,2018-19,20.0,8,19,0,0,5,16,5,5,2,11,13,6,14.95,5,8,0,0,5,7,1,3,1,5,4,7
Kevin Nunez,Massachusetts-Boston,2018-19,20.0,0,4,0,1,5,6,0,2,0,1,1,0,14.9,1,2,0,0,0,0,0,0,0,0,0,0
Kevin Obanor,Oral Roberts,2018-19,20.0,39,67,9,18,24,28,4,1,2,22,37,15,15.88,31,51,3,11,29,37,4,2,2,16,33,10
Kevin Owens,Trinity University (TX),2018-19,20.0,0,0,0,0,0,2,0,0,0,0,0,0,17.78,0,0,0,0,3,4,1,0,0,0,1,0
Kevin Pacheco,Kean,2018-19,20.0,0,0,0,0,0,0,1,0,0,0,0,0,14.83,0,0,0,0,0,0,0,1,0,0,0,3
Kevin Porter Jr,USC,2018-19,20.0,0,0,0,0,0,0,10,0,0,0,0,0,20.0,0,0,0,0,0,0,11,0,0,0,0,0
Kevin Porter Jr.,USC,2018-19,20.0,32,76,12,32,10,19,5,3,6,10,35,15,20.0,30,61,12,28,11,22,2,11,4,9,21,18
Kevin Puryear,Missouri,2018-19,20.0,34,98,9,35,14,16,15,4,1,25,58,26,17.98,45,90,10,22,28,39,20,7,1,20,43,17
Kevin Rodriguez,Johnson & Wales (RI),2018-19,0.0,0,0,0,0,0,0,0,0,0,0,0,0,17.18,3,4,0,0,1,2,0,0,0,2,1,2
Kevin Salis,Manhattan,2018-19,20.0,0,1,0,0,0,0,0,0,0,0,1,0,20.0,0,0,0,0,0,0,0,0,0,0,0,0
Kevin Samuel,TCU,2018-19,20.0,61,96,0,1,17,33,6,11,32,58,87,33,20.0,52,76,0,0,12,34,13,10,39,41,61,18
Kevin Schutte,Hofstra,2018-19,20.0,2,3,0,0,0,1,0,0,0,0,5,0,14.92,1,2,0,0,0,2,0,0,0,1,1,0
Kevin Senghore-Peterson,Fairfield,2018-19,20.0,0,1,0,0,0,0,0,0,0,0,1,1,20.0,0,0,0,0,0,0,0,0,0,0,0,0
Kevin Silverberg,Penn State Wilkes-Barre,2018-19,20.0,2,4,2,2,1,2,2,0,0,0,1,0,15.97,1,5,0,3,2,2,0,0,0,0,0,1
Kevin Smith II,Siena Heights,2018-19,20.0,5,15,3,9,2,2,0,2,0,0,4,6,14.88,0,0,0,0,0,0,0,0,0,0,0,0
Kevin Townes,Hartwick,2018-19,20.0,0,5,0,2,0,0,5,0,0,0,1,1,17.88,2,5,2,4,2,2,1,0,0,0,3,2
Kevin Zhang,Tulane,2018-19,20.0,33,86,17,43,15,18,11,3,5,5,26,11,20.0,32,93,7,33,9,13,10,6,5,5,28,17
Kevion Nolan,Samford,2018-19,20.0,27,63,18,39,5,7,18,8,1,2,23,12,16.68,32,71,23,48,23,28,14,8,1,2,20,7
Kevon Harris,Stephen F. Austin,2018-19,20.0,75,148,23,62,45,63,25,16,7,24,70,45,20.0,97,178,24,61,74,98,29,13,7,25,66,39
Kevon Meertins,Greensboro,2018-19,20.0,1,3,0,0,0,0,0,1,0,0,1,5,14.88,1,3,1,3,2,2,0,0,1,0,2,3
Kevon Tucker,East Tennessee State,2018-19,20.0,22,59,16,46,5,8,6,9,2,2,20,7,20.0,14,38,7,26,3,3,10,9,1,5,8,8
Kevonte Corley,Prairie View A&M,2018-19,20.0,0,3,0,0,0,0,0,0,1,1,0,0,18.3,0,0,0,0,0,0,0,1,0,0,0,0
KeyShawn Feazell,Mississippi State,2018-19,20.0,2,4,0,1,2,2,0,1,1,3,5,3,20.0,0,0,0,0,0,0,0,0,1,1,5,5
Keyaire Marshall,,2018-19,0.0,0,0,0,0,0,0,0,1,0,0,0,1,0.0,0,0,0,0,0,0,0,0,0,0,0,0
Keyford Langley,Greensboro,2018-19,20.0,6,15,4,10,0,0,7,0,0,0,5,8,14.88,0,4,0,4,1,4,3,1,0,0,2,2
Keyon Butler,Chestnut Hill College,2018-19,20.0,0,1,0,0,0,0,0,0,0,0,3,2,19.07,0,0,0,0,0,1,0,0,0,0,0,0
Keyon Jones,New Mexico State,2018-19,20.0,11,30,8,23,4,7,8,4,2,5,22,7,19.35,12,33,7,23,4,5,7,4,2,6,18,7
Keyontae Johnson,Florida,2018-19,0.0,44,93,13,31,10,15,18,12,5,30,70,30,14.97,52,113,6,21,33,46,16,18,6,28,72,14
Keyshawn Bryant,South Carolina,2018-19,20.0,60,135,4,14,15,30,14,9,8,20,40,37,19.2,54,114,2,14,25,44,27,12,8,15,38,26
Keyshawn Dorsey,Greensboro,2018-19,20.0,4,8,0,0,0,0,0,1,0,2,4,3,14.88,1,4,1,2,0,0,1,0,0,1,2,0
Keyshawn Embery-Simpson,Arkansas,2018-19,20.0,27,74,12,44,8,11,10,15,2,7,15,10,17.92,12,46,7,32,8,10,6,5,0,1,10,9
Keyshawn Evans,Illinois State,2018-19,20.0,50,140,35,97,10,13,23,5,0,0,22,25,20.0,28,92,19,60,20,27,32,4,2,1,29,28
Keyshawn Woods,Ohio State,2018-19,20.0,47,111,10,37,8,12,40,11,2,4,41,20,20.0,52,127,13,45,27,32,39,11,3,9,46,23
Keyshon Saunders,,2018-19,0.0,0,0,0,0,0,0,0,0,0,0,0,0,0.0,0,0,0,0,0,0,0,0,0,0,1,0
Khadim Samb,Idaho,2018-19,19.92,12,26,5,9,4,9,1,3,1,3,17,12,17.52,14,29,1,3,11,15,5,4,1,7,19,11
Khaileel Dailey,Lenoir Rhyne,2018-19,0.0,0,0,0,0,0,0,0,0,0,0,0,0,14.97,0,1,0,1,0,0,0,1,0,0,0,0
Khalea Turner-Morris,UMass,2018-19,20.0,7,10,0,0,1,6,1,1,2,3,9,1,14.98,1,4,0,0,0,0,0,0,1,4,2,2
Khaleem Bennett,Central Arkansas,2018-19,20.0,32,78,3,7,15,33,14,7,4,15,25,34,17.98,30,59,1,7,20,38,12,11,3,14,28,22
Khalid Moore,Georgia Tech,2018-19,20.0,15,34,4,12,12,20,13,3,1,2,19,16,19.5,21,43,3,10,17,27,16,7,1,2,14,4
Khalil Ahmad,CSU Fullerton,2018-19,19.15,88,222,26,89,43,53,23,21,2,4,56,33,20.0,105,215,28,78,100,122,18,29,3,12,52,30
Khalil Bolden,Mid-Atlantic Christian University,2018-19,20.0,0,1,0,1,1,2,1,1,0,1,4,2,14.9,2,7,1,4,5,6,2,0,0,1,0,0
Khalil Butler,McMurry,2018-19,20.0,0,3,0,3,0,0,0,1,1,1,2,0,14.85,0,1,0,1,0,0,0,0,0,0,3,1
Khalil Cuffee,,2018-19,0.0,1,3,1,3,1,2,0,0,0,1,1,0,12.65,5,7,4,5,0,2,1,0,0,0,0,2
Khalil Fuller,Cal State San Marcos,2018-19,20.0,5,9,0,0,3,6,1,0,0,2,2,2,20.0,8,11,0,0,1,2,1,1,0,3,4,2
Khalil Gracey,Rochester College,2018-19,20.0,1,6,1,4,0,0,3,2,0,0,0,4,20.0,0,1,0,1,0,0,2,0,0,0,3,4
Khalil Iverson,Wisconsin,2018-19,20.0,53,89,0,2,17,30,13,10,4,18,44,22,20.0,29,63,1,4,22,34,14,18,9,24,49,12
Khalil Jordan,William Carey,2018-19,20.0,0,1,0,0,0,0,0,0,0,0,1,0,15.3,1,1,0,0,0,0,0,0,0,0,0,1
Khalil Spencer,,2018-19,0.0,8,12,0,0,3,4,1,2,0,7,9,2,4.65,4,9,0,0,0,2,1,2,0,6,8,3
Khameron Davis,Pittsburgh,2018-19,20.0,10,26,7,20,4,5,5,6,4,0,19,4,14.72,6,15,4,11,6,11,2,9,1,5,21,6
Khari Jabriel Allen,Alcorn State,2018-19,20.0,24,71,15,48,6,9,12,4,1,4,15,27,18.08,13,56,9,39,15,19,10,4,1,5,10,11
Khwan Fore,Louisville,2018-19,20.0,18,60,3,19,7,9,22,13,1,2,13,12,14.9,21,53,7,16,3,6,18,7,0,6,16,13
Khy Kabellis,Pacific,2018-19,20.0,7,35,3,14,3,7,7,6,1,0,10,14,14.93,9,23,5,12,3,9,6,0,0,3,5,5
KiShawn Pritchett,Davidson,2018-19,20.0,47,105,29,72,10,13,39,14,7,16,44,23,17.1,33,81,16,50,16,22,39,13,5,18,45,23
Kienan Walter,North Dakota,2018-19,20.0,31,74,12,29,24,33,23,9,10,14,56,23,20.0,33,69,9,29,30,48,19,5,4,13,50,21
Kieran Hayward,UMass,2018-19,0.0,7,29,7,29,0,0,5,3,1,1,4,4,20.0,10,21,8,17,0,0,2,0,1,2,4,8
Kierell Green,Niagara,2018-19,0.0,3,11,0,3,2,4,1,3,1,2,13,3,20.0,8,17,0,4,0,0,2,0,0,5,6,3
Kihei Clark,Virginia,2018-19,20.0,31,85,20,51,12,12,52,13,0,9,40,17,15.7,20,65,8,31,13,19,34,13,0,8,29,19
Kijana Love,New Hampshire,2018-19,20.0,3,9,2,7,0,2,1,1,0,1,2,4,14.85,7,21,3,11,2,3,4,0,0,2,4,2
Kile Mingo,Centenary,2018-19,20.0,2,5,2,5,0,0,1,1,0,0,1,1,14.95,2,5,1,3,0,0,0,1,0,2,1,0
Killian Tillie,Gonzaga,2018-19,20.0,23,40,11,20,3,4,10,5,5,6,28,6,14.8,10,25,2,9,6,10,10,4,5,6,13,5
Kim Aiken Jr,Eastern Washington,2018-19,20.0,0,0,0,0,0,0,9,0,0,0,0,0,17.77,0,0,0,0,0,0,2,0,0,0,0,0
Kim Aiken Jr.,Eastern Washington,2018-19,20.0,26,60,10,33,14,17,0,10,11,15,43,13,14.93,33,81,17,48,11,20,1,6,6,22,52,8
Kimani Lawrence,Arizona State,2018-19,18.73,51,118,15,52,32,38,25,10,2,19,45,21,20.0,43,104,18,45,24,34,15,8,5,13,35,23
Kimar Williams,Rider,2018-19,20.0,25,60,0,5,7,26,34,23,3,8,24,28,15.65,17,48,0,3,11,23,31,14,0,5,21,15
Kimbal Mackenzie,Bucknell,2018-19,15.0,81,185,36,93,46,60,46,7,1,13,30,24,20.0,85,206,43,115,88,96,41,15,0,10,36,31
King Grant-Perry,Johnson & Wales (CO),2018-19,20.0,4,6,0,1,2,2,0,1,0,2,1,0,14.82,0,4,0,0,0,0,0,0,1,2,0,0
King McClure,Baylor,2018-19,19.98,48,108,29,66,6,11,25,15,4,14,56,27,20.0,47,123,17,61,17,22,31,14,6,20,59,21
Kingsley Oboralt,California Merced,2018-19,20.0,0,1,0,0,0,0,0,0,0,0,0,0,20.0,0,0,0,0,0,0,0,0,0,0,0,0
Kinnon LaRose,Sacred Heart,2018-19,0.0,44,88,21,55,5,9,9,7,3,14,43,7,18.25,44,86,19,47,21,27,8,10,4,28,44,9
Kinsey Burgess,Middle Georgia State,2018-19,19.98,1,5,0,0,0,0,2,1,1,3,1,0,14.75,1,2,0,0,0,0,0,0,2,3,2,2
Kipper Nichols,Illinois,2018-19,20.0,48,102,10,39,17,26,24,13,5,11,37,14,14.98,33,79,5,23,7,16,14,5,6,15,27,13
Kira Lewis Jr,,2018-19,1.05,0,0,0,0,0,0,30,0,0,0,0,0,0.0,0,0,0,0,0,0,32,0,0,0,0,0
Kira Lewis Jr.,Alabama,2018-19,20.0,71,155,20,63,22,34,22,14,5,3,36,28,15.05,78,194,32,82,66,78,11,14,4,10,36,42
Kishon Rogers,Simpson University,2018-19,20.0,0,3,0,2,0,0,0,0,0,0,0,0,16.87,0,1,0,1,0,0,0,0,1,0,0,0
Kj Hawkins,Bryan,2018-19,20.0,2,4,0,1,0,0,0,1,0,1,1,1,15.43,1,4,0,0,0,0,0,0,0,2,0,1
Kj Lesure,Ark Monticello,2018-19,20.0,2,5,2,4,0,0,1,1,0,0,1,0,20.0,0,1,0,0,0,0,1,1,0,0,1,2
Kjell De Graff,,2018-19,4.02,0,1,0,1,0,0,0,0,0,0,0,0,0.0,0,0,0,0,0,0,0,0,0,0,0,0
Kjell de Graaf,NJIT,2018-19,20.0,4,17,2,11,4,6,5,2,1,5,11,4,14.83,7,19,6,14,4,5,5,0,3,8,11,4
Klay Brown,Saint Peter's,2018-19,0.0,4,28,2,20,2,4,7,10,5,3,23,16,14.7,5,14,3,9,4,8,7,4,4,4,14,7
Kobe Butler,Hood College,2018-19,20.0,1,3,0,0,0,1,0,0,0,0,0,1,14.88,1,2,0,0,0,0,1,0,0,0,1,0
Kobe Clisby,Hiwassee College,2018-19,20.0,0,3,0,0,0,0,0,0,0,1,1,1,14.97,0,1,0,1,0,2,0,0,0,1,3,1
Kobe Critchley,Mayville State,2018-19,20.0,0,2,0,2,0,0,0,0,0,0,0,2,17.45,1,3,0,1,0,0,1,0,0,0,0,0
Kobe Dickson,Cornell,2018-19,20.0,0,1,0,0,0,0,0,0,0,1,0,1,16.1,3,6,0,0,0,1,1,0,0,1,7,0
Kobe King,Wisconsin,2018-19,20.0,26,61,7,22,7,10,6,6,1,9,26,9,20.0,22,46,6,19,9,14,7,2,1,8,18,7
Kobe Magee,UTEP,2018-19,20.0,21,55,11,34,1,4,18,8,0,3,16,19,14.8,8,30,7,23,7,9,28,3,0,1,15,11
Kobe Webster,Western Illinois,2018-19,20.0,102,219,42,88,23,31,52,19,0,7,53,22,14.8,67,178,24,65,34,50,34,12,1,5,52,24
Kobe Wilson,Arkansas State,2018-19,20.0,12,37,6,19,4,9,8,7,7,20,31,13,17.83,13,28,6,17,6,9,10,8,3,4,28,19
Kobi Gardea,Eastern Oregon,2018-19,20.0,0,2,0,2,0,0,1,0,0,0,1,2,14.97,0,1,0,1,1,2,2,0,0,0,1,0
Kobi Nwandu,Le Moyne,2018-19,20.0,1,3,1,1,1,3,1,1,0,0,1,3,14.63,1,5,1,2,0,0,0,0,0,0,1,3
Koby Thomas,Robert Morris,2018-19,20.0,29,66,2,8,12,21,4,6,4,9,33,13,19.42,22,55,0,7,9,15,5,2,1,11,32,11
Koch Bar,Bradley,2018-19,20.0,39,69,0,0,36,44,10,9,16,36,57,31,15.58,23,50,0,0,27,41,8,6,11,25,29,18
Kody Shubert,Presbyterian,2018-19,20.0,20,55,10,25,9,12,30,9,0,2,13,15,19.8,17,49,3,17,8,10,15,1,1,2,10,12
Kody Stattmann,Virginia,2018-19,0.0,1,2,1,2,0,0,0,0,0,0,0,0,14.92,1,3,1,3,2,2,0,0,0,0,1,1
Kodye Pugh,Stanford,2018-19,20.0,10,22,2,7,6,10,4,0,0,4,4,3,18.3,2,4,0,1,0,0,5,1,0,3,5,8
Kohl Linder,Illinois Tech,2018-19,20.0,1,1,0,0,0,0,0,0,0,0,0,0,20.0,0,0,0,0,0,0,0,0,0,0,0,0
Kohl Roberts,Georgia College,2018-19,20.0,2,4,0,1,2,3,0,0,1,0,1,1,17.97,4,9,0,1,0,0,1,0,1,3,1,0
Kolby Lee,BYU,2018-19,20.0,2,5,1,2,0,2,1,0,0,1,5,0,17.82,2,3,0,0,0,2,0,0,0,1,3,0
Kolin Bartlett,,2018-19,0.0,0,0,0,0,0,0,0,0,0,0,0,0,0.0,0,0,0,0,0,0,0,1,0,0,1,0
Kollin Van Horn,Cedarville,2018-19,20.0,4,6,1,1,0,0,1,0,0,1,1,1,14.92,1,5,0,0,0,3,0,0,1,3,3,4
Kolton Kohl,Abilene Christian,2018-19,20.0,12,25,0,0,13,20,2,3,5,14,16,9,14.77,3,9,0,0,3,6,2,1,6,5,8,1
Kooper Kidgell,Montana-Western,2018-19,20.0,1,4,0,2,0,0,1,0,0,0,3,3,20.0,2,5,0,1,0,0,0,0,1,0,2,0
Koreem Ozier,Sacred Heart,2018-19,20.0,64,159,29,74,20,29,21,9,0,7,47,19,18.25,42,120,15,53,40,51,12,9,1,8,40,25
Kortez Wade,Rust,2018-19,20.0,3,13,1,6,0,0,0,0,0,2,2,4,14.88,8,17,0,5,2,2,4,1,0,1,3,2
Korvantae Davis,North Park,2018-19,20.0,1,4,0,1,0,0,0,0,0,0,1,0,14.8,0,3,0,1,0,0,0,0,0,0,1,0
Kory Holden,South Alabama,2018-19,20.0,46,102,31,66,10,14,24,3,0,4,12,20,20.0,39,93,31,65,12,19,33,7,2,5,18,26
Kosta Jankovic,Kennesaw State,2018-19,20.0,25,56,5,15,6,9,15,1,0,5,26,15,17.98,12,36,4,11,2,4,5,2,2,4,19,11
Kouat Noi,TCU,2018-19,20.0,80,189,40,112,34,44,13,17,6,31,53,22,20.0,62,148,30,85,16,19,21,19,3,20,41,23
Kourey Davis,Tougaloo,2018-19,20.0,4,7,2,5,0,0,1,0,0,1,2,1,15.1,3,6,2,4,0,0,5,1,0,1,3,2
Kovi Tate,North Greenville,2018-19,20.0,0,3,0,0,1,2,0,0,0,1,7,6,14.83,4,10,0,0,0,0,0,0,0,6,3,2
Kris Bankston,Little Rock,2018-19,15.0,54,66,0,0,21,41,18,11,17,16,45,21,20.0,43,55,0,1,11,21,13,7,13,23,44,17
Kris Clyburn,UNLV,2018-19,20.0,59,164,26,79,22,25,16,11,3,15,57,26,20.0,88,172,27,70,51,71,18,19,2,31,48,28
Kris Martin,Colorado State,2018-19,20.0,49,114,18,58,15,27,45,6,6,6,41,26,17.72,38,93,18,49,18,28,21,11,6,8,35,21
Kris McCann,Fontbonne College,2018-19,20.0,1,3,1,1,0,0,0,0,0,0,2,2,14.9,0,1,0,1,2,2,0,0,0,0,1,0
Kris Monroe,Providence,2018-19,20.0,2,12,2,10,0,0,2,1,0,0,1,1,20.0,4,16,2,12,3,3,0,0,0,3,4,1
Kris Wilkes,UCLA,2018-19,20.0,100,234,27,90,32,48,24,10,5,17,64,37,14.82,88,204,33,95,58,84,23,9,8,19,50,24
Kris Wooten,Elon,2018-19,20.0,33,88,24,65,0,0,18,2,3,5,23,16,20.0,22,57,12,41,1,4,13,6,0,3,11,8
Kristian Doolittle,Oklahoma,2018-19,20.0,76,157,0,1,31,42,26,18,8,20,101,25,17.92,62,121,0,3,60,76,28,10,9,26,84,19
Kristian Lafayette,Louisiana,2018-19,0.0,1,1,0,0,0,0,0,0,0,0,1,0,15.85,1,3,0,1,0,0,0,0,0,0,0,1
Kristian Sjolund,Georgia Tech,2018-19,0.0,12,28,8,21,3,4,1,1,1,2,8,3,14.98,5,22,4,18,2,2,2,3,1,0,5,9
Kristijan Joksimovic,,2018-19,1.08,1,2,1,2,3,3,0,0,0,0,1,0,0.0,1,2,1,2,0,0,0,0,0,0,1,1
Kristopher Smith,Regent University,2018-19,20.0,1,7,0,2,0,0,1,0,0,0,0,2,14.98,0,1,0,1,0,0,1,0,0,0,1,0
Kristopher Warren,Regent University,2018-19,20.0,3,10,1,5,2,2,0,0,0,2,5,0,14.97,1,8,1,4,0,0,0,0,1,0,2,0
Kuba Niziol,Cal Poly,2018-19,20.0,23,53,13,34,2,2,5,1,5,2,19,9,18.32,11,37,7,22,4,6,8,0,1,3,21,8
Kupaa Harrison,Hawaii Hilo,2018-19,20.0,1,4,1,3,0,0,3,1,0,2,2,1,20.0,7,9,1,3,3,4,2,0,0,1,5,1
Kur Jockuch,Northern Colorado,2018-19,0.0,8,19,0,0,6,14,5,0,0,18,14,11,14.93,6,12,0,0,8,14,4,4,2,4,10,4
Kur Kuath,Oklahoma,2018-19,20.0,2,6,0,0,0,1,0,0,2,2,1,2,17.92,0,0,0,0,0,0,1,0,1,0,2,0
Kurk Lee,Drexel,2018-19,20.0,10,19,8,14,1,2,6,0,0,1,8,4,20.0,8,24,6,15,2,2,5,2,0,0,4,2
Kwame McBean,Ark Monticello,2018-19,20.0,1,4,0,0,2,2,1,0,0,0,0,0,20.0,0,1,0,0,0,0,0,0,0,0,1,1
Kwame Oduro,Maine-Fort Kent,2018-19,20.0,3,5,0,1,3,3,2,1,0,0,2,2,14.83,0,1,0,0,0,0,0,0,0,0,2,2
Kwintin Williams,UConn,2018-19,0.0,0,0,0,0,0,0,0,0,0,0,0,0,17.95,0,2,0,0,0,0,0,0,0,0,0,0
Kwon Evans,Midway,2018-19,20.0,4,8,0,2,1,2,2,0,0,2,2,8,14.8,0,0,0,0,1,4,0,0,0,0,0,1
Ky Bowman,Boston College,2018-19,20.0,91,227,46,118,30,41,51,13,7,11,97,52,20.0,88,220,27,79,68,88,61,23,7,14,91,31
Kyante Pines,Huntingdon,2018-19,20.0,2,5,0,0,2,2,2,0,0,0,0,0,14.95,2,3,0,0,0,0,1,1,0,1,0,1
Kyle Ahrens,Michigan State,2018-19,20.0,27,61,13,36,6,9,16,10,2,11,32,11,20.0,25,55,7,30,9,9,13,7,0,7,24,8
Kyle Alexander,Tennessee,2018-19,20.0,55,92,1,2,18,23,9,5,35,52,67,21,14.97,45,69,2,4,23,38,8,11,23,39,68,16
Kyle Allman,CSU Fullerton,2018-19,16.65,3,7,2,3,0,0,0,0,0,0,1,4,20.0,8,12,3,4,4,6,0,0,0,1,1,0
Kyle Allman Jr,CSU Fullerton,2018-19,20.0,0,0,0,0,0,0,21,0,0,0,0,0,14.85,0,0,0,0,0,0,32,0,0,0,0,0
Kyle Allman Jr.,CSU Fullerton,2018-19,20.0,96,221,38,94,44,56,3,11,7,3,43,41,17.3,69,179,15,55,88,121,7,9,6,3,36,28
Kyle Bradshaw,Hartwick,2018-19,20.0,4,5,2,2,0,0,0,0,0,0,0,1,17.88,3,7,1,2,0,0,0,1,0,1,2,0
Kyle Brown,Texas A&M-CC,2018-19,0.0,4,8,0,0,3,5,5,11,0,2,10,11,14.9,1,5,0,1,3,4,11,6,0,2,2,3
Kyle Browning,Kentucky Christian,2018-19,20.0,0,5,0,2,0,0,0,1,1,1,1,3,17.62,0,2,0,2,0,0,3,2,0,0,1,0
Kyle Burks,,2018-19,0.0,0,0,0,0,0,0,0,0,0,0,0,0,0.0,0,0,0,0,0,0,0,0,0,0,0,1
Kyle Bushman,,2018-19,0.0,0,0,0,0,0,0,0,0,0,0,0,0,0.0,0,0,0,0,0,0,0,1,0,0,0,0
Kyle Cardaci,Bryant,2018-19,20.0,0,4,0,3,0,0,1,0,0,0,0,0,20.0,0,0,0,0,0,0,0,0,0,0,0,0
Kyle Castlin,Xavier,2018-19,20.0,24,66,8,31,9,12,14,10,2,13,52,17,17.87,24,50,8,22,24,32,13,3,2,16,32,7
Kyle Clark,Saint Mary's,2018-19,20.0,0,4,0,3,0,0,1,0,0,1,1,1,17.1,1,4,0,2,0,0,0,1,0,1,1,0
Kyle Clarke,Kennesaw State,2018-19,20.0,15,45,0,3,3,3,12,4,1,2,17,8,17.98,15,44,0,2,4,7,15,5,1,5,18,13
Kyle Copeland,Holy Cross,2018-19,20.0,11,30,6,19,0,0,6,8,0,7,9,3,18.25,7,21,1,14,2,3,4,4,0,2,10,4
Kyle Corbett,San Diego Christian,2018-19,20.0,0,1,0,1,0,0,0,0,0,0,0,0,14.9,0,1,0,0,0,0,0,0,0,0,1,0
Kyle Daugherty,California Merced,2018-19,20.0,0,1,0,1,0,0,0,0,0,0,0,0,20.0,0,0,0,0,0,0,0,0,0,0,0,0
Kyle Feit,Arizona State,2018-19,20.0,0,1,0,1,0,0,0,0,0,0,0,0,18.37,0,0,0,0,0,0,0,0,0,0,0,0
Kyle Ferreira,Cal Lutheran,2018-19,20.0,4,17,2,10,0,0,3,0,0,2,3,2,14.68,7,15,2,7,3,4,1,0,1,1,5,3
Kyle Foster,Howard,2018-19,20.0,7,26,5,21,3,5,5,1,1,0,5,3,20.0,21,47,16,39,14,19,2,3,0,2,3,5
Kyle Freytag,Aquinas College,2018-19,20.0,1,2,0,0,0,0,0,1,0,1,0,0,14.97,0,0,0,0,0,0,0,0,0,0,0,2
Kyle Graebner,,2018-19,2.6,0,3,0,3,0,0,1,1,0,0,1,0,0.0,0,2,0,1,0,0,0,0,0,0,1,0
Kyle Guy,Virginia,2018-19,20.0,110,232,65,144,30,39,36,12,2,10,81,26,15.7,84,194,52,126,29,33,35,12,0,17,57,25
Kyle Hornacek,,2018-19,9.35,2,5,2,3,0,0,0,0,0,1,3,0,0.0,0,2,0,2,0,0,0,0,0,0,1,0
Kyle Howard,Southwestern,2018-19,20.0,1,2,1,1,1,2,1,0,0,0,3,4,14.68,1,4,0,0,0,0,0,1,0,0,1,1
Kyle Kildare,Howard Payne,2018-19,20.0,1,2,0,0,0,0,0,0,0,1,1,0,14.93,0,0,0,0,0,1,0,0,0,1,2,1
Kyle Kokoskie,Elmira,2018-19,20.0,0,1,0,0,0,0,0,0,0,0,1,0,14.73,0,1,0,0,0,0,2,0,0,0,1,1
Kyle Leufroy,Lehigh,2018-19,20.0,62,140,23,59,22,24,55,16,3,4,64,44,17.98,62,125,26,56,57,64,38,16,2,7,66,24
Kyle Lofton,St. Bonaventure,2018-19,16.72,76,186,19,58,27,31,60,25,1,11,26,35,20.0,86,180,18,50,53,64,57,17,1,14,25,24
Kyle Mallers,Ball State,2018-19,20.0,34,93,17,65,11,11,12,10,9,15,51,25,18.95,32,89,21,66,22,29,15,14,5,18,41,36
Kyle McCloskey,Penn State,2018-19,20.0,3,8,1,5,2,6,1,1,1,3,1,1,18.32,1,3,1,2,0,0,1,0,1,2,3,1
Kyle McKinley,Louisiana Tech,2018-19,20.0,0,1,0,0,0,0,0,0,0,1,0,0,14.85,0,0,0,0,1,2,0,0,1,0,1,0
Kyle Mccreery,Elmira,2018-19,20.0,0,1,0,1,0,0,1,0,0,0,0,2,14.73,0,0,0,0,0,0,0,0,0,0,2,0
Kyle Poerschke,Southwestern,2018-19,20.0,2,4,1,3,3,4,0,1,0,0,2,0,14.68,0,1,0,1,0,0,0,0,0,0,1,0
Kyle Riddley,Pfeiffer,2018-19,20.0,5,11,2,6,3,3,2,1,0,1,4,1,14.9,1,6,1,3,0,0,3,0,0,0,2,1
Kyle Stout,Lafayette,2018-19,17.68,26,65,23,57,5,5,14,6,2,3,34,14,20.0,22,47,13,31,2,2,8,2,0,3,11,8
Kyle Williams,Wisconsin-Stout,2018-19,20.0,0,1,0,0,0,1,1,0,0,0,0,2,14.93,0,0,0,0,0,0,0,1,0,0,0,2
Kyle Young,Ohio State,2018-19,20.0,35,56,1,4,14,24,17,9,10,21,53,20,20.0,40,53,0,1,14,22,11,8,6,23,32,3
Kyle Zunic,Winthrop,2018-19,20.0,39,107,17,70,9,16,25,6,3,16,49,32,18.83,43,90,24,55,29,41,27,12,4,13,43,23
Kyler Edwards,Texas Tech,2018-19,20.0,35,82,19,42,18,26,21,7,4,4,36,15,14.75,29,73,9,21,14,22,20,15,4,6,28,13
Kyler Mahar,,2018-19,0.0,0,0,0,0,0,0,0,0,0,0,0,0,0.0,0,0,0,0,0,0,0,0,0,0,1,1
Kylor Kelley,Oregon State,2018-19,20.0,49,69,0,0,20,29,7,6,35,20,48,17,17.18,42,67,0,0,17,29,6,4,63,24,48,10
Kyonze Chavis,Norfolk State,2018-19,0.0,20,39,1,9,7,8,15,6,0,4,20,8,14.87,14,27,2,5,16,20,16,5,6,7,15,8
Kyran McClure,St. Leo,2018-19,0.0,1,4,0,3,6,6,1,1,0,0,7,3,17.73,3,6,1,3,2,4,3,0,0,0,0,2
Kyree Elder,Texas Permian Basin,2018-19,20.0,6,11,2,5,6,6,0,1,0,0,6,0,14.8,0,2,0,1,0,0,1,1,0,0,1,0
Kyren Bolden,Columbia International,2018-19,0.0,0,0,0,0,0,0,0,0,0,0,0,0,14.87,1,1,0,0,0,2,0,0,0,0,0,0
Kyrin Galloway,UNC Greensboro,2018-19,20.0,53,108,21,60,7,9,6,9,14,20,36,15,20.0,56,113,25,63,23,34,5,9,20,22,51,14
Kyson Rawls,Morgan State,2018-19,20.0,28,84,17,56,20,26,23,11,0,4,16,16,17.55,15,64,11,55,30,36,9,9,0,2,18,16
Kyvon Davenport,Memphis,2018-19,20.0,67,157,16,49,35,58,15,9,11,41,75,30,20.0,90,162,19,49,48,84,21,11,17,39,81,24
Kyvonte Davis,Holy Names,2018-19,20.0,0,2,0,1,0,0,3,1,0,0,1,3,17.73,0,0,0,0,0,0,1,0,0,1,0,5
L.J. Owens,William & Mary,2018-19,20.0,28,56,11,31,8,15,0,6,2,2,17,11,20.0,26,55,8,22,13,16,0,7,2,3,10,7
LIU Brooklyn,,2018-19,0.0,0,0,0,0,0,0,0,0,0,22,26,5,0.0,0,0,0,0,0,0,0,0,0,31,28,10
LJ Figueroa,St. John's,2018-19,20.0,104,186,27,55,13,14,26,31,4,18,93,23,14.88,86,179,23,69,25,44,23,23,4,32,72,23
LJ Owens,William & Mary,2018-19,20.0,0,0,0,0,0,0,10,0,0,0,0,0,20.0,0,0,0,0,0,0,11,0,0,0,0,0
LJ Thorpe,UNC Asheville,2018-19,20.0,22,61,8,25,15,24,22,5,1,10,23,22,17.77,22,52,4,15,22,32,18,6,1,2,22,19
LJ Williams,Humboldt State,2018-19,20.0,0,1,0,0,3,4,0,0,0,1,0,0,14.97,0,0,0,0,0,0,0,0,0,2,2,1
LSU,,2018-19,0.0,0,0,0,0,0,0,0,0,0,14,20,2,0.0,0,0,0,0,0,0,0,0,0,23,24,6
La Salle,,2018-19,0.0,0,0,0,0,0,0,0,0,0,31,21,6,0.0,0,0,0,0,0,0,0,0,0,30,30,3
La Verne,,2018-19,0.0,0,0,0,0,0,0,0,0,0,1,1,0,0.0,0,0,0,0,0,0,0,0,0,2,1,0
LaByron Harris,Miles,2018-19,20.0,0,2,0,2,0,0,1,1,0,0,1,0,20.0,0,3,0,1,3,5,1,1,3,2,2,2
LaCurtis Allen,Mississippi Valley State,2018-19,0.0,4,5,1,1,2,2,3,0,1,3,1,1,14.8,3,6,0,0,0,0,0,4,0,2,4,1
LaDarien Griffin,St. Bonaventure,2018-19,19.67,44,95,1,6,15,27,16,11,14,28,48,19,20.0,41,86,0,1,39,46,11,13,9,12,50,17
LaDavius Draine,Southern Miss,2018-19,20.0,51,108,25,60,6,10,7,7,2,11,36,5,14.82,71,140,46,93,23,27,9,6,0,16,51,7
LaGrange,,2018-19,0.0,0,0,0,0,0,0,0,0,0,2,1,0,0.0,0,0,0,0,0,0,0,0,0,1,0,0
LaJuan Marshall,Wilberforce,2018-19,20.0,5,12,1,5,0,2,0,2,0,2,10,2,14.68,5,13,3,6,0,0,0,1,1,1,0,1
LaPri McCray-Pace,Morgan State,2018-19,20.0,18,39,0,3,6,9,7,5,0,12,21,5,17.55,16,22,0,1,9,18,3,3,0,8,9,3
LaQuentin Collins,Southern,2018-19,20.0,0,1,0,1,0,2,0,1,0,0,0,1,15.05,0,0,0,0,0,0,0,0,0,0,0,0
LaQuincy Rideau,South Florida,2018-19,20.0,84,208,28,90,15,29,91,51,4,15,52,61,17.73,67,166,23,64,61,111,93,43,1,18,42,60
LaShawn Lewis,IU-Northwest,2018-19,20.0,0,2,0,1,1,4,0,1,0,0,0,0,14.98,2,3,0,0,0,0,1,1,0,0,1,0
LaTerrance Reed,Northwestern State,2018-19,20.0,50,128,32,81,36,47,21,8,1,11,18,30,14.95,32,110,16,59,27,36,20,7,0,12,22,29
Labis Filippou,St. Leo,2018-19,20.0,0,1,0,1,0,0,0,0,0,0,0,1,17.73,1,2,0,0,0,0,0,0,1,2,0,0
Lacey James,Northern Illinois,2018-19,12.17,39,84,5,14,13,23,6,8,5,32,61,23,20.0,41,85,6,13,32,46,8,6,12,55,56,17
Lachlan Anderson,Eastern Kentucky,2018-19,20.0,30,76,6,29,15,23,9,11,6,26,52,21,14.8,24,47,4,19,16,24,1,9,3,16,21,17
Ladan Ricketts,Montana State,2018-19,20.0,50,109,32,75,9,11,8,4,1,8,16,15,14.9,36,77,28,61,25,26,8,3,2,11,13,16
Ladarius Marshall,Southern Miss,2018-19,20.0,4,7,0,0,2,6,0,0,1,3,6,0,14.82,2,6,0,0,0,0,1,1,1,0,3,0
Ladji Samoura,Northwestern Ohio,2018-19,20.0,0,1,0,0,0,0,0,0,0,0,3,3,14.98,1,1,0,0,0,0,0,0,0,0,0,0
Lafayette,,2018-19,0.0,0,0,0,0,0,0,0,0,0,20,24,10,0.0,0,0,0,0,0,0,0,0,0,21,22,6
Lafayette Dorsey,Pacific,2018-19,20.0,49,109,19,47,24,29,8,8,0,5,26,17,14.93,36,98,9,37,29,34,13,5,2,7,31,25
Lagerald Vick,Kansas,2018-19,20.0,55,120,28,63,7,11,16,16,2,5,42,26,20.0,58,122,34,77,16,18,24,10,3,6,36,31
Lajuan Hardy,West Alabama,2018-19,19.87,1,4,0,2,1,2,0,3,0,0,2,2,14.68,0,3,0,2,0,0,2,0,0,0,2,2
Lamar,,2018-19,0.0,0,0,0,0,0,0,0,0,0,29,22,4,0.0,0,0,0,0,0,0,0,0,0,26,15,4
Lamar Hamrick,Detroit Mercy,2018-19,20.0,15,37,1,7,11,16,17,13,2,7,20,12,17.9,27,55,4,18,16,25,14,18,3,13,33,17
Lamar Morgan,Coppin State,2018-19,20.0,36,106,31,89,11,14,4,8,0,5,34,20,14.9,37,97,17,68,13,19,8,6,3,5,31,15
Lamar Norman Jr,Duquesne,2018-19,0.0,0,0,0,0,0,0,3,0,0,0,0,0,20.0,0,0,0,0,0,0,6,0,0,0,0,0
Lamar Norman Jr.,Duquesne,2018-19,15.0,26,53,16,31,0,0,0,4,0,4,20,4,20.0,20,57,9,35,2,2,0,7,0,4,13,6
Lamar Peters,Mississippi State,2018-19,20.0,63,161,40,109,12,22,85,31,1,7,26,54,14.87,64,159,41,98,30,46,85,22,0,8,23,41
Lamar Stevens,Penn State,2018-19,20.0,116,259,13,52,51,65,31,11,11,20,93,41,17.72,103,252,6,33,96,127,31,10,15,33,88,41
Lamarr Kimble,Saint Joseph's,2018-19,20.0,39,98,14,45,17,22,21,9,1,5,22,17,20.0,43,111,19,60,45,59,24,12,0,7,21,16
Lamine Diane,CSU Northridge,2018-19,20.0,151,302,3,10,48,81,28,22,35,44,124,50,20.0,160,347,4,12,65,130,35,24,32,57,109,44
Lamont Berzat,New Orleans,2018-19,20.0,6,19,2,11,0,0,12,8,0,1,4,10,14.87,8,24,2,14,3,4,17,10,0,2,7,4
Lamont Smith,South Wesleyan,2018-19,20.0,4,7,3,5,0,0,0,2,0,1,0,1,17.87,2,2,2,2,0,2,0,2,0,0,2,1
Lamont West,West Virginia,2018-19,19.18,55,148,29,90,32,43,14,13,7,21,50,33,20.0,49,136,24,80,45,56,10,9,5,21,37,14
Lamonte Bearden,Western Kentucky,2018-19,20.0,40,80,12,18,21,28,45,18,0,6,18,17,20.0,23,70,4,20,32,50,49,11,6,9,18,19
Lamonte Turner,Tennessee,2018-19,20.0,50,110,24,66,13,14,49,23,2,2,30,15,19.75,47,114,18,62,24,33,46,10,0,5,24,21
Lamontray Harris,Morehead State,2018-19,20.0,64,128,3,20,22,29,25,6,11,42,70,27,17.62,81,142,10,21,32,42,19,7,6,32,77,25
Lance Ewell,York,2018-19,20.0,0,1,0,1,0,0,0,0,0,0,1,1,15.25,0,1,0,1,0,0,0,0,0,0,0,1
Lance Rhoden,St Elizabeth,2018-19,20.0,1,3,1,3,0,0,1,1,1,0,3,1,14.92,3,4,1,2,0,0,0,1,0,1,1,0
Lance Tejada,Lehigh,2018-19,20.0,72,166,44,98,25,30,44,14,0,4,30,33,17.98,65,147,32,79,31,39,43,11,1,5,22,31
Landin Brown,East Texas Baptist,2018-19,20.0,4,5,1,2,0,0,1,2,0,0,3,3,17.95,0,3,0,2,0,0,2,1,0,0,0,0
Landon Goesling,Houston,2018-19,20.0,2,6,1,5,5,6,0,0,0,0,3,1,14.85,0,8,0,5,6,13,4,3,0,1,2,2
Landon Jones,Eastern Oregon,2018-19,20.0,1,3,0,1,0,0,0,0,0,2,0,0,14.97,0,3,0,0,2,2,0,2,1,0,0,1
Landon Murray,Greensboro,2018-19,0.0,0,0,0,0,0,0,0,0,0,0,0,4,14.88,0,2,0,0,0,0,0,0,0,0,0,2
Landon Taliaferro,Fairfield,2018-19,20.0,59,143,45,102,15,18,15,13,1,7,27,20,20.0,57,149,39,98,16,24,12,7,2,2,23,10
Lane Reed,,2018-19,19.95,0,1,0,1,0,0,0,0,0,0,0,0,0.0,0,0,0,0,0,0,0,0,0,0,0,0
Langston Gaither,Howard,2018-19,20.0,0,0,0,0,0,2,0,0,0,0,1,3,20.0,0,0,0,0,0,0,0,0,0,0,1,1
Laquarious Paige,Lamar,2018-19,20.0,13,41,6,26,4,4,8,5,4,2,9,11,16.73,10,27,5,16,2,5,5,4,0,1,4,5
Larenz Thurman,Notre Dame College,2018-19,20.0,2,7,0,1,0,0,2,1,0,0,2,2,16.93,3,8,1,4,0,0,2,0,0,0,2,3
Larry Austin Jr,Central Michigan,2018-19,20.0,0,0,0,0,0,0,94,0,0,0,0,0,14.95,0,0,0,0,0,0,101,0,0,0,0,0
Larry Austin Jr.,Central Michigan,2018-19,20.0,94,207,2,7,32,72,0,40,2,33,57,61,14.95,114,222,1,7,89,148,0,32,2,39,70,51
Larry Bush,Hawaii Hilo,2018-19,20.0,4,6,2,4,0,0,1,0,0,1,2,4,20.0,3,6,0,2,4,4,1,1,0,0,1,0
Larry McKnight Jr,North Carolina Central,2018-19,20.0,0,0,0,0,0,0,18,0,0,0,0,0,14.78,0,0,0,0,0,0,9,0,0,0,0,0
Larry McKnight Jr.,North Carolina Central,2018-19,20.0,54,136,17,59,28,35,0,9,1,18,43,33,14.78,58,112,13,39,36,53,1,6,1,19,27,24
Larry Motuzis,American,2018-19,17.3,29,63,12,35,7,11,12,11,6,13,34,15,20.0,29,67,9,34,13,18,9,6,5,6,34,4
Larry Owens,Centenary,2018-19,20.0,32,66,0,0,8,16,3,7,8,21,38,25,14.95,26,48,0,0,12,25,2,6,5,16,23,10
Larry Robinson III,New Orleans,2018-19,20.0,16,39,8,22,9,13,11,8,0,5,8,10,14.87,7,20,4,12,9,16,4,0,1,3,4,3
Lasani Johnson,Grambling,2018-19,20.0,16,39,12,22,4,6,5,3,0,3,12,5,20.0,11,39,5,16,5,5,5,3,0,1,19,4
Lashard Powell,Louisiana College,2018-19,20.0,6,11,2,4,0,0,1,1,0,0,2,2,18.13,4,14,1,6,2,3,3,3,0,0,3,2
Lassi Nikkarinen,Montana State,2018-19,20.0,13,28,6,15,4,5,19,7,0,4,12,9,14.9,7,19,0,9,8,14,14,7,0,5,8,13
Lat Mayen,TCU,2018-19,20.0,6,12,3,8,4,4,4,2,3,1,9,8,20.0,5,10,4,9,1,3,0,2,0,2,4,3
Latroy Strong,Reinhardt,2018-19,20.0,1,4,0,2,0,0,0,0,0,1,0,1,14.93,0,0,0,0,0,0,0,0,0,0,0,0
Lavar Harewood,South Carolina State,2018-19,20.0,16,46,7,27,4,6,6,4,1,6,19,8,14.98,10,31,4,15,3,5,6,5,0,5,10,4
Lavaris Duncan,,2018-19,0.2,2,5,0,1,2,2,0,0,0,0,3,1,0.0,2,4,0,0,0,0,0,0,0,0,2,2
Lavelle Scottie,Air Force,2018-19,20.0,105,220,18,58,15,28,18,11,3,24,58,37,14.82,86,170,11,41,35,52,17,11,5,17,67,49
Lavert Sonnier,Mid-Atlantic Christian University,2018-19,20.0,2,7,0,2,0,0,1,0,0,1,1,2,14.83,4,8,3,5,0,0,1,0,0,1,4,0
Lawrence Lemon,Clarion,2018-19,20.0,4,6,1,2,1,1,0,0,0,0,3,1,14.93,1,2,1,1,0,0,0,0,0,0,1,4
Lawrence Mosley,Middle Tennessee,2018-19,20.0,5,6,1,2,1,2,3,2,1,3,12,5,14.85,3,5,0,1,0,0,2,0,1,1,10,0
Lawrence Pettis Jr,Frostburg State,2018-19,15.0,0,0,0,0,0,0,1,0,0,0,0,0,20.0,0,0,0,0,0,0,0,0,0,0,0,0
Lawrence Pettis Jr.,Frostburg State,2018-19,18.7,0,5,0,3,0,0,0,2,1,0,3,2,20.0,1,2,1,2,0,0,0,0,0,0,0,0
Lawson Korita,Tulsa,2018-19,20.0,30,82,19,54,5,7,26,8,1,7,33,8,18.08,25,68,9,37,20,33,20,9,0,9,33,9
Lazar Skoric,Fordham,2018-19,0.0,0,0,0,0,0,0,0,0,0,1,0,0,20.0,0,1,0,0,0,0,0,0,0,0,0,0
Lazaro Rojas,Fresno State,2018-19,20.0,12,26,0,0,6,11,0,1,5,6,22,10,14.77,12,21,0,0,12,19,3,4,5,12,11,11
LeAndre Thomas,,2018-19,0.0,0,0,0,0,0,0,0,0,0,0,0,1,0.0,0,0,0,0,0,0,0,0,0,0,0,0
LeMoyne,,2018-19,0.0,0,0,0,0,0,0,0,0,0,1,0,0,0.0,0,0,0,0,0,0,0,0,0,1,0,0
LePear Toles,,2018-19,0.0,0,0,0,0,0,0,0,0,0,0,0,0,0.0,0,0,0,0,0,0,0,2,0,0,0,2
LeSean Brown,Air Force,2018-19,20.0,2,8,1,3,6,9,3,1,0,0,6,2,14.82,4,12,2,7,2,2,5,0,0,1,3,1
Leaky Black,North Carolina,2018-19,20.0,8,17,2,6,2,2,12,8,1,1,15,6,14.97,11,19,2,3,1,2,5,5,2,5,10,3
Ledarrius Brewer,SE Missouri St,2018-19,20.0,57,153,21,72,17,25,22,13,3,8,49,23,18.57,46,124,16,58,26,35,33,18,5,10,37,43
Lees-McRae,,2018-19,0.0,0,0,0,0,0,0,0,0,0,1,2,0,0.0,0,0,0,0,0,0,0,0,0,1,0,0
Lehigh,,2018-19,0.0,0,0,0,0,0,0,0,0,0,22,22,5,0.0,0,0,0,0,0,0,0,0,0,17,17,2
Leito Holloway,William Carey,2018-19,0.0,2,7,1,4,1,2,0,2,0,0,2,1,15.3,3,10,1,2,2,2,0,0,0,1,3,2
Leland Green,Hawai'i,2018-19,20.0,4,26,1,15,6,13,1,1,0,2,9,5,17.95,13,30,9,19,4,6,4,3,0,2,11,4
Lemmie Howard,Jackson State,2018-19,20.0,20,36,5,12,2,4,2,0,3,4,17,8,15.05,13,39,5,19,7,10,5,2,4,6,12,5
Lenoir-Rhyne College,,2018-19,0.0,0,0,0,0,0,0,0,0,0,3,0,1,0.0,0,0,0,0,0,0,0,0,0,2,1,1
Lense Ramey,Texas-Tyler,2018-19,20.0,0,2,0,2,0,0,0,0,0,0,0,0,18.0,1,3,1,3,0,0,0,0,0,0,0,1
Leo Behrend,Ave Maria,2018-19,20.0,3,7,2,4,2,2,1,0,1,1,5,2,14.73,1,4,1,3,0,0,0,0,0,0,1,3
Leo Goodman,Stetson,2018-19,20.0,38,106,23,62,11,19,10,3,1,12,35,16,14.95,41,98,14,46,11,17,13,6,2,18,20,8
Leon Daniels,Alabama State,2018-19,20.0,32,87,17,47,17,24,11,7,3,12,34,16,14.63,33,75,16,38,31,36,10,11,3,13,30,11
Leon Redd,Bethune-Cookman,2018-19,20.0,19,37,12,28,8,9,11,3,0,1,17,13,14.92,11,40,7,29,2,4,13,5,0,3,10,7
Leon Sneed,Prairie View A&M,2018-19,20.0,3,8,0,0,2,4,6,3,0,1,4,6,18.3,3,6,0,0,4,6,9,5,0,2,2,2
Leon Williams,Mayville State,2018-19,20.0,0,3,0,1,0,0,1,1,0,0,0,1,17.45,1,2,0,1,1,1,0,0,0,0,1,1
Leonard Harper-Baker,Southern Miss,2018-19,20.0,59,100,4,12,23,42,24,10,23,25,101,26,14.82,47,89,4,11,36,54,19,14,14,37,72,24
Leondrae Christie,Brewton-Parker,2018-19,20.0,1,4,0,2,0,0,0,0,0,0,0,2,17.65,1,4,1,1,0,0,0,1,0,0,0,3
Leonidas Alexakos,,2018-19,0.48,1,3,0,0,0,0,0,0,0,1,5,1,0.0,0,2,0,0,0,2,0,1,0,2,0,1
Leroy Butts IV,Radford,2018-19,20.0,8,23,0,5,2,4,0,3,2,5,11,1,14.87,5,12,1,2,2,4,2,2,0,4,5,2
Leroy Williams II,Allen,2018-19,19.98,2,9,0,2,0,0,0,0,0,2,2,0,14.78,0,2,0,0,0,0,0,0,0,1,0,0
Lesley Varner II,UT Rio Grande Valley,2018-19,0.0,71,148,13,46,25,43,21,25,6,33,52,19,17.92,63,140,12,40,49,78,17,21,8,35,57,15
Lesley Varner Jr.,,2018-19,1.6,3,4,0,1,0,0,0,1,0,0,1,0,0.0,0,0,0,0,0,0,0,0,0,0,0,0
Levi Bradley,Northern Illinois,2018-19,18.7,84,173,12,36,32,34,17,10,3,18,55,19,20.0,84,159,15,36,44,57,23,8,4,24,53,25
Levi Griffin,Fort Valley State,2018-19,0.0,0,0,0,0,0,0,0,0,0,0,1,1,14.9,1,1,0,0,0,0,0,0,0,1,0,0
Levi Lamb,Brevard College,2018-19,20.0,1,5,0,1,0,2,0,0,0,1,2,2,14.93,0,2,0,0,0,0,2,0,0,0,0,1
Levi Stockard III,Kansas State,2018-19,0.0,16,33,0,0,6,12,4,5,2,16,21,15,20.0,4,7,0,0,1,5,0,1,1,3,3,2
Lew Stallworth,The Citadel,2018-19,20.0,97,181,16,47,24,32,93,13,0,6,67,50,17.78,106,202,15,36,67,92,73,15,0,5,67,52
Lewayne Grant,Sonoma State,2018-19,20.0,2,6,0,0,0,2,1,0,0,1,2,0,15.7,0,1,0,1,0,0,0,0,0,0,2,2
Lewis Holey,St. Francis (ILL),2018-19,20.0,0,1,0,0,0,0,0,0,0,2,2,1,18.75,2,2,0,0,0,0,1,0,0,3,7,0
Lewis Pope,Central Washington,2018-19,20.0,0,1,0,1,0,0,0,0,0,0,0,0,17.97,0,2,0,1,0,0,0,0,0,0,0,0
Lewis Sullivan,UAB,2018-19,20.0,72,140,8,28,31,47,12,17,12,33,83,19,19.07,86,159,15,34,43,60,21,11,2,41,71,17
Lewis Wang,Maine,2018-19,20.0,1,2,1,1,0,0,2,0,0,0,0,1,15.65,0,0,0,0,0,0,0,0,0,0,0,1
Lez'ra Means,Brescia,2018-19,0.0,0,0,0,0,1,2,1,0,0,0,2,1,14.95,2,4,1,1,4,7,0,1,0,2,3,4
Liam Caswell,Bridgewater,2018-19,20.0,0,2,0,2,0,0,0,0,0,0,0,0,15.47,0,1,0,1,0,0,0,0,1,0,2,1
Liam Robbins,Drake,2018-19,20.0,23,65,1,8,18,29,10,4,22,25,27,9,14.58,22,42,1,4,7,12,5,5,9,11,15,11
Liban Awl,Chestnut Hill College,2018-19,20.0,1,3,0,1,0,0,2,0,0,0,0,1,19.07,1,3,1,2,0,0,1,1,0,0,1,1
Liberty,,2018-19,0.0,0,0,0,0,0,0,0,0,0,28,22,6,0.0,0,0,0,0,0,0,0,0,0,36,18,3
Life Pacific,,2018-19,0.0,0,0,0,0,0,0,0,0,0,2,1,0,0.0,0,0,0,0,0,0,0,0,0,2,2,0
Lincoln (PA),,2018-19,0.0,0,0,0,0,0,0,0,0,0,0,1,0,0.0,0,0,0,0,0,0,0,0,0,1,0,0
Lincoln Anderson,LaGrange College,2018-19,20.0,1,3,0,0,0,0,0,0,1,2,1,0,14.93,1,3,0,1,2,2,0,2,0,0,1,0
Lincoln Rock,Buena Vista,2018-19,20.0,0,0,0,0,2,2,1,0,0,0,2,0,14.58,0,2,0,1,0,0,0,0,0,0,1,0
Lindell Wigginton,Iowa State,2018-19,20.0,42,111,17,55,40,56,21,10,4,10,43,30,14.63,49,109,28,57,44,63,27,8,5,8,38,17
Lindenwood University,,2018-19,0.0,0,0,0,0,0,0,0,0,0,1,1,2,0.0,0,0,0,0,0,0,0,0,0,0,1,0
Lindy Waters III,Oklahoma State,2018-19,20.0,66,137,42,80,22,25,40,23,3,11,48,24,20.0,49,127,23,65,45,51,39,15,2,12,48,20
Linton McAllister,,2018-19,0.0,0,0,0,0,0,0,0,0,0,0,0,0,0.0,0,0,0,0,0,0,0,0,0,0,0,1
Linwood Ross,Southeastern,2018-19,20.0,1,2,0,0,0,0,0,0,0,0,1,1,14.97,0,2,0,0,0,1,0,0,0,0,0,0
Lipscomb,,2018-19,0.0,0,0,0,0,0,0,0,0,0,15,18,4,0.0,0,0,0,0,0,0,0,0,0,25,14,4
Little Rock,,2018-19,0.0,0,0,0,0,0,0,0,0,0,9,22,5,0.0,0,0,0,0,0,0,0,0,0,19,17,3
Lloyd Burgess,UNC Greensboro,2018-19,0.0,0,0,0,0,0,0,0,0,0,0,1,0,14.88,2,2,0,0,0,0,0,0,0,1,0,0
Lloyd Chatman,,2018-19,7.8,0,3,0,1,0,0,1,0,0,0,0,0,0.0,1,2,1,2,2,2,0,0,0,0,1,1
Logan Bader,Bemidji State,2018-19,20.0,3,3,2,2,0,0,1,1,0,0,1,1,14.97,3,7,1,3,0,0,1,1,1,1,1,0
Logan Bunch,Washington College (MD),2018-19,20.0,1,3,0,0,0,0,1,0,0,0,2,1,14.93,0,1,0,0,0,0,0,0,0,0,2,0
Logan Cook,,2018-19,2.9,4,8,0,0,0,0,1,1,0,3,2,2,0.0,0,0,0,0,0,0,1,1,1,0,0,0
Logan Dye,Samford,2018-19,20.0,14,30,0,0,2,4,2,5,4,7,17,10,16.68,8,13,0,0,3,7,1,2,2,2,7,9
Logan Eling,Rochester College,2018-19,20.0,0,1,0,0,0,0,0,0,0,1,0,0,20.0,0,0,0,0,0,0,0,0,0,0,0,0
Logan Foutz,Mobile,2018-19,20.0,1,4,0,1,1,1,1,1,0,0,0,0,19.62,1,2,0,0,2,2,0,1,0,0,2,0
Logan Hill,Toledo,2018-19,0.0,0,0,0,0,0,0,0,0,0,0,0,0,14.68,1,2,0,0,0,0,0,0,0,0,0,0
Logan Johnson,Cincinnati,2018-19,0.0,6,18,1,6,2,4,11,3,3,8,11,10,20.0,11,20,1,3,2,4,9,4,3,5,7,7
Logan Koch,Eastern Illinois,2018-19,15.0,1,1,1,1,0,0,1,0,0,0,2,0,20.0,0,3,0,3,0,0,4,2,0,0,1,0
Logan Kohrmann,McKendree,2018-19,20.0,3,5,1,2,1,2,0,1,0,0,1,1,17.45,5,12,2,4,4,4,4,1,0,1,2,1
Logan Longo,Bemidji State,2018-19,20.0,1,3,0,1,0,0,0,1,0,0,4,0,14.97,0,0,0,0,0,0,0,0,0,0,0,1
Logan Neff,Warren Wilson,2018-19,20.0,0,2,0,2,0,1,0,2,0,1,1,1,14.93,3,8,2,6,0,0,0,2,0,0,0,2
Logan Phillips,Davis & Elkins,2018-19,20.0,1,2,0,0,0,0,0,0,0,0,1,1,14.87,1,3,0,1,0,0,0,0,0,0,1,1
Logan Power,South Dakota,2018-19,0.0,9,17,4,9,3,4,4,1,0,5,3,2,15.25,7,18,2,11,9,9,2,1,0,4,7,2
Logan Routt,West Virginia,2018-19,0.0,21,39,0,0,11,18,5,3,3,26,21,5,15.0,7,13,0,0,4,15,2,1,8,13,10,5
Logan Ryan,Colorado State,2018-19,20.0,12,21,0,3,3,4,5,2,4,9,14,7,14.83,10,15,0,1,11,12,7,2,4,5,11,7
Logan West-Holmes,,2018-19,7.37,0,0,0,0,4,4,0,0,0,0,0,1,0.0,0,0,0,0,0,0,0,0,0,0,0,0
Logan White,Wabash College,2018-19,0.0,0,0,0,0,0,0,0,0,0,0,0,0,15.08,0,0,0,0,0,0,1,0,0,0,1,0
Logan Windeler,North Alabama,2018-19,20.0,2,12,0,4,1,4,1,2,4,4,15,5,20.0,5,13,0,3,0,2,1,0,2,3,4,4
London England,Lees McRae,2018-19,20.0,2,2,0,0,0,0,0,0,0,0,0,0,17.68,2,2,2,2,0,0,1,2,0,0,0,0
Long Beach State,,2018-19,0.0,0,0,0,0,0,0,0,0,0,28,29,3,0.0,0,0,0,0,0,0,0,0,0,30,21,4
Longwood,,2018-19,0.0,0,0,0,0,0,0,0,0,0,17,34,6,0.0,0,0,0,0,0,0,0,0,0,15,31,7
Lonnie Grayson,Army,2018-19,20.0,34,90,20,59,11,12,13,11,0,3,43,9,20.0,31,87,17,60,14,19,9,15,1,1,21,13
Lonnie Rivera,Wagner,2018-19,15.0,2,8,1,5,2,4,0,1,0,1,0,1,20.0,0,1,0,1,0,0,0,0,0,0,1,0
Lonzia Tyson,Colorado Christian,2018-19,0.0,0,0,0,0,0,0,0,1,0,0,0,0,14.83,0,0,0,0,1,2,0,0,0,0,0,0
Lord Akah,Wiley,2018-19,20.0,2,4,1,2,0,0,0,0,0,2,3,1,20.0,2,4,1,2,0,0,0,0,0,1,4,2
Loren Cristian Jackson,Akron,2018-19,20.0,53,146,24,80,38,45,24,9,1,6,29,31,14.92,56,152,25,81,43,57,46,12,2,12,18,19
Lorenzo Edwards,Saint Joseph's,2018-19,20.0,28,71,14,40,9,12,13,6,10,9,34,9,18.45,18,44,8,27,14,15,3,4,10,8,30,6
Lorenzo Hunt,Mississippi Valley State,2018-19,20.0,5,14,1,3,1,6,3,1,0,4,7,4,14.8,5,13,0,1,4,4,0,2,0,4,3,2
Lorenzo Jenkins,Colorado State,2018-19,20.0,13,38,10,25,1,1,3,4,4,3,15,5,14.83,13,30,7,16,4,5,4,3,0,5,4,3
Lorenzo Phillips,Longwood,2018-19,20.0,9,33,3,19,0,0,15,2,0,0,22,5,20.0,25,53,11,27,21,23,11,4,0,3,26,11
Loris Lawson,Johnson & Wales (NC),2018-19,20.0,1,1,0,0,0,0,0,0,0,0,2,1,14.82,0,0,0,0,0,0,0,0,0,0,0,0
Losini Kamara,Idaho,2018-19,20.0,6,15,3,7,4,4,11,1,0,2,20,5,17.1,0,10,0,3,4,4,13,5,0,4,7,8
Loudon Love,Wright State,2018-19,20.0,112,228,0,0,52,75,15,13,12,65,83,43,15.27,93,178,0,0,40,74,15,7,19,49,69,32
Louie Pillari,Monmouth,2018-19,20.0,27,70,7,33,19,22,13,4,1,5,16,14,17.9,13,41,3,21,11,15,9,1,2,2,9,11
Louis King,Oregon,2018-19,20.0,63,157,26,67,18,23,17,12,5,12,66,35,17.25,80,172,32,84,41,51,22,14,2,26,60,28
Louis-Patrick Mua,,2018-19,0.0,0,0,0,0,0,0,0,0,0,0,0,0,0.0,0,0,0,0,0,0,0,0,0,1,0,0
Louisiana,,2018-19,0.0,0,0,0,0,0,0,0,0,0,26,29,1,0.0,0,0,0,0,0,0,0,0,0,18,26,2
Louisiana College,,2018-19,0.0,0,0,0,0,0,0,0,0,0,1,2,1,0.0,0,0,0,0,0,0,0,0,0,0,2,0
Louisiana Tech,,2018-19,0.0,0,0,0,0,0,0,0,0,0,29,21,4,0.0,0,0,0,0,0,0,0,0,0,18,18,4
Louisville,,2018-19,0.0,0,0,0,0,0,0,0,0,0,29,17,4,0.0,0,0,0,0,0,0,0,0,0,33,14,4
Lovell Cabbil Jr,Liberty,2018-19,20.0,0,0,0,0,0,0,34,0,0,0,0,0,14.9,0,0,0,0,0,0,36,0,0,0,0,0
Lovell Cabbil Jr.,Trevecca Nazarene,2018-19,20.0,58,121,27,62,25,32,2,24,4,8,58,40,14.9,59,114,20,40,59,64,7,17,1,7,37,27
Loyola (LA),,2018-19,0.0,0,0,0,0,0,0,0,0,0,2,3,0,0.0,0,0,0,0,0,0,0,0,0,4,1,0
Loyola (MD),,2018-19,0.0,0,0,0,0,0,0,0,0,0,31,30,4,0.0,0,0,0,0,0,0,0,0,0,38,12,3
Loyola Marymount,,2018-19,0.0,0,0,0,0,0,0,0,0,0,33,24,12,0.0,0,0,0,0,0,0,0,0,0,18,16,12
Loyola-Chicago,,2018-19,0.0,0,0,0,0,0,0,0,0,0,13,19,4,0.0,0,0,0,0,0,0,0,0,0,12,18,2
Lucas Campbell,Tennessee,2018-19,0.0,0,0,0,0,0,0,0,0,0,0,0,0,17.92,0,1,0,1,0,0,0,0,0,0,0,0
Lucas Doria,,2018-19,16.5,1,1,0,0,0,0,0,0,1,1,1,0,0.0,2,3,0,0,0,1,0,0,0,1,0,0
Lucas Jones,Eastern Illinois,2018-19,20.0,8,15,3,5,2,2,5,2,5,7,15,0,20.0,2,5,2,4,0,0,3,2,1,3,10,3
Lucas N'Guessan,East Tennessee State,2018-19,0.0,30,42,0,0,22,35,5,2,12,22,24,29,17.93,18,25,0,0,15,17,3,3,9,11,14,6
Lucas Siewert,Colorado,2018-19,20.0,62,136,24,65,18,25,25,8,4,18,53,30,14.87,44,116,15,53,28,36,28,7,6,26,70,22
Lucas Williamson,Loyola Chicago,2018-19,20.0,23,49,11,31,1,2,12,6,3,5,41,7,14.6,24,47,15,30,16,26,13,19,2,7,40,14
Lucian Brownlee,Coppin State,2018-19,20.0,4,16,4,13,0,0,2,1,0,0,3,5,14.9,2,13,1,10,2,2,2,0,0,0,6,0
Lucky Odiase,Governors State,2018-19,20.0,1,4,0,0,0,0,0,0,0,1,2,0,14.72,0,0,0,0,0,0,0,0,0,0,0,0
Ludovic Dufeal,Gardner-Webb,2018-19,15.52,5,15,0,4,2,2,1,2,1,9,11,1,20.0,5,7,1,2,0,0,1,1,4,4,6,0
Ludy Kayouloud,,2018-19,0.0,0,0,0,0,0,0,0,0,0,0,1,1,0.0,0,0,0,0,0,0,0,0,0,0,0,0
Luguentz Dort,Arizona State,2018-19,19.37,85,224,30,92,47,72,35,19,3,20,40,50,20.0,79,182,24,74,82,110,39,29,4,22,57,44
Luidgy Laporal,St. Francis (PA),2018-19,20.0,26,52,0,0,12,19,4,1,2,24,27,19,18.65,21,46,0,0,11,19,1,2,3,23,24,12
Luis Gonzales,Miles,2018-19,20.0,0,3,0,1,0,0,1,0,0,0,2,1,20.0,0,0,0,0,0,0,0,0,0,0,0,0
Luis Hurtado,,2018-19,0.0,0,0,0,0,0,0,0,0,0,0,0,1,0.0,0,0,0,0,0,0,0,0,0,0,1,0
Luis Rodriguez,Ole Miss,2018-19,20.0,3,9,0,1,4,4,8,2,3,6,10,4,15.07,3,5,0,1,1,2,1,2,3,2,5,2
Luka Brajkovic,Davidson,2018-19,20.0,70,128,3,5,21,31,22,7,22,17,59,31,17.1,77,139,2,9,34,48,24,5,14,51,71,31
Luka Garza,Iowa,2018-19,20.0,79,138,8,28,25,32,12,3,9,27,32,25,19.93,60,119,10,34,45,56,11,6,7,21,45,14
Luka Kraljevic,Boston College,2018-19,20.0,4,10,0,1,2,4,4,4,2,8,9,8,20.0,4,12,0,1,2,2,4,0,1,3,5,6
Luka Radosevic,Lindenwood,2018-19,20.0,0,1,0,1,0,0,0,0,0,1,0,0,17.87,2,2,2,2,1,2,0,0,0,1,2,0
Luka Vulikic,Eastern Washington,2018-19,20.0,25,60,0,8,5,15,19,1,3,6,21,21,14.93,14,37,3,9,3,7,19,7,0,1,19,13
Lukas Durasas,Blue Mountain College,2018-19,20.0,2,4,0,2,1,2,0,1,0,0,3,1,14.9,0,1,0,1,0,0,0,0,0,0,1,0
Lukas Jarrett,Lafayette,2018-19,14.93,33,76,8,24,11,14,27,12,16,14,44,28,20.0,36,64,6,18,22,28,24,16,28,17,52,12
Lukas Kisunas,Stanford,2018-19,0.0,5,15,0,0,3,5,1,0,2,5,13,5,17.27,8,9,0,0,0,4,0,1,4,6,14,4
Lukas Vilkovsky,Purdue Northwest,2018-19,20.0,1,2,0,1,0,0,1,0,0,0,0,0,14.97,0,0,0,0,0,0,0,0,0,0,1,0
Luke Avdalovic,Northern Arizona,2018-19,20.0,47,92,38,74,11,13,15,10,0,1,26,6,17.17,39,86,30,66,18,21,12,9,0,2,27,8
Luke Bolster,Columbia,2018-19,0.0,0,0,0,0,0,0,0,0,0,0,0,0,14.9,2,4,0,2,2,2,2,1,0,0,1,2
Luke Charlton,,2018-19,2.13,0,1,0,1,2,2,2,0,0,0,0,3,0.0,1,6,0,2,0,0,0,0,0,1,0,3
Luke Cox,Howard Payne,2018-19,20.0,1,3,1,2,0,0,0,0,0,0,1,0,14.93,1,2,0,0,0,0,0,0,0,0,0,1
Luke Edwards,,2018-19,1.9,1,4,1,4,3,3,1,0,0,0,0,1,0.0,0,0,0,0,0,0,0,0,0,0,1,0
Luke Frampton,Davidson,2018-19,20.0,63,158,58,142,13,18,24,16,6,5,38,16,17.1,49,134,42,120,12,20,41,11,5,8,54,16
Luke Geiger,Wisconsin-Stout,2018-19,20.0,0,3,0,3,2,2,0,0,0,0,0,1,14.93,2,5,1,4,0,0,0,0,0,0,1,1
Luke Hamilton,Mercer,2018-19,20.0,7,25,2,12,1,2,2,2,1,10,9,3,14.88,11,32,9,23,5,10,2,2,2,4,12,1
Luke Hicks,Southwestern,2018-19,20.0,0,3,0,2,0,0,0,1,0,0,2,3,14.68,1,3,1,3,0,0,1,0,0,0,1,1
Luke Jenney,Bryan,2018-19,20.0,0,1,0,0,0,0,0,0,0,0,0,1,15.43,0,1,0,1,0,0,0,0,0,0,1,1
Luke Johnson,Loyola (MD),2018-19,0.0,0,1,0,0,0,0,0,0,0,0,1,0,14.97,1,2,0,0,0,0,0,0,0,0,0,1
Luke Knapke,Toledo,2018-19,20.0,71,128,16,41,19,25,27,7,19,34,78,31,20.0,63,108,16,36,21,31,36,6,29,25,72,18
Luke Lawson,UNC Asheville,2018-19,20.0,16,36,15,32,0,0,6,2,3,7,18,10,14.97,17,43,12,34,1,1,4,2,2,5,11,3
Luke Loehr,Navy,2018-19,20.0,30,61,5,14,6,10,8,3,3,21,27,15,17.65,18,38,2,11,14,20,7,2,1,12,26,9
Luke Loewe,William & Mary,2018-19,0.0,17,44,3,13,1,4,23,8,3,3,20,16,20.0,24,48,4,11,5,17,26,4,3,8,18,10
Luke Major,Oklahoma State,2018-19,0.0,2,2,1,1,0,0,0,0,1,0,1,1,20.0,1,4,0,3,0,4,1,0,0,0,1,0
Luke Maye,North Carolina,2018-19,20.0,109,235,17,61,50,61,55,9,6,39,129,33,18.38,75,185,17,57,46,65,25,14,11,42,131,35
Luke McDonnell,Northern Iowa,2018-19,20.0,47,86,9,20,24,35,16,11,8,32,31,18,20.0,30,68,6,15,26,44,34,8,8,23,38,20
Luke Nedrow,Marist,2018-19,20.0,13,27,8,16,3,4,7,2,3,8,15,8,20.0,10,23,5,14,3,7,3,1,3,5,10,12
Luke Pluymen,,2018-19,10.05,1,5,0,4,0,0,1,1,0,0,2,3,0.0,1,5,1,4,5,6,5,0,0,1,1,0
Luke Rightnowar,Tiffin,2018-19,20.0,0,2,0,2,0,0,0,0,0,0,2,0,14.95,0,4,0,4,0,0,0,0,0,0,0,0
Luke Rosinski,New Hampshire,2018-19,20.0,4,8,1,1,3,5,2,0,0,6,14,8,14.85,5,16,0,1,5,10,3,2,1,11,11,0
Luke Sasser,George Washington,2018-19,0.0,0,0,0,0,0,0,0,0,0,0,0,0,20.0,0,0,0,0,0,0,1,0,0,0,0,0
Luke Schultz,Christendom,2018-19,20.0,0,4,0,1,0,2,0,0,1,2,4,3,14.73,3,4,1,1,0,0,0,0,0,0,3,1
Luke Thomas,Marshall,2018-19,0.0,0,0,0,0,0,0,0,0,0,0,0,0,15.88,0,2,0,2,0,0,1,0,0,0,0,0
Luke Thorburg,Midway,2018-19,20.0,1,3,1,1,0,0,0,0,1,1,3,0,14.8,1,5,0,0,0,0,0,0,0,2,1,0
Luke Toliver,Western Michigan,2018-19,0.0,1,1,1,1,2,2,0,0,0,0,1,0,14.97,0,4,0,4,0,0,1,1,1,0,1,1
Luke Walker,,2018-19,0.0,0,0,0,0,0,0,0,0,0,0,0,1,0.0,0,0,0,0,0,0,0,0,0,0,0,0
Luke Wicks,,2018-19,0.0,0,0,0,0,0,0,0,0,0,0,0,0,0.0,0,0,0,0,0,0,0,0,0,0,1,0
Luke Worthington,BYU,2018-19,20.0,12,25,0,0,4,12,3,6,2,15,28,5,17.82,16,26,0,0,14,20,5,5,0,11,8,6
Luqman Lundy,Bradley,2018-19,0.0,17,40,7,20,6,8,29,11,3,1,24,11,14.87,18,33,4,12,11,16,16,8,2,4,15,8
Luther Muhammad,Ohio State,2018-19,20.0,41,111,17,47,14,20,28,20,2,6,37,23,20.0,40,105,19,48,36,48,27,10,0,7,37,25
Luuk van Bree,Bradley,2018-19,20.0,26,83,11,40,10,14,11,6,6,18,44,8,18.57,37,71,14,32,5,6,3,3,7,19,44,5
Luwane Pipkins,UMass,2018-19,20.0,59,172,21,83,32,41,47,15,2,3,56,36,20.0,63,167,24,78,65,80,69,16,1,7,48,40
Lwal Dung,Wyoming,2018-19,20.0,2,4,0,2,1,3,1,0,0,0,2,1,17.18,1,1,0,0,0,0,0,0,0,1,1,0
Lyle Sutton,Idaho State,2018-19,0.0,1,1,0,0,2,4,2,1,0,0,0,0,14.48,2,5,0,2,2,3,4,4,0,1,4,1
Lyles Davis,Clemson,2018-19,0.0,0,0,0,0,0,0,0,0,0,0,0,0,20.0,0,1,0,1,0,0,0,0,0,0,0,0
Lynorris Hamilton,Penn State Wilkes-Barre,2018-19,20.0,0,1,0,0,0,0,0,0,0,0,0,0,15.97,0,0,0,0,0,0,0,0,0,0,0,0
Lyon,,2018-19,0.0,0,0,0,0,0,0,0,0,0,1,0,0,0.0,0,0,0,0,0,0,0,0,0,1,0,0
Lyrik Shreiner,DePaul,2018-19,0.0,9,37,2,15,4,7,21,3,0,9,20,19,14.93,11,25,3,6,12,15,21,3,1,6,20,13
Lysander Bracey,Hampton,2018-19,20.0,25,73,18,55,11,13,13,10,2,4,20,7,19.05,16,60,11,37,9,11,7,4,2,9,22,4
M Crutchfield,Fayetteville State,2018-19,20.0,1,1,0,0,0,0,0,0,0,0,1,1,17.77,3,4,0,0,0,0,0,1,0,0,1,0
M.J. Cage,,2018-19,0.0,0,0,0,0,0,0,0,0,0,0,0,0,0.0,0,0,0,0,0,0,0,0,1,0,0,0
M.J. Walker,Florida State,2018-19,20.0,43,126,24,70,18,24,22,16,4,6,21,39,14.97,34,107,16,56,24,30,13,12,2,7,38,25
MJ Barnes,Albion,2018-19,20.0,1,4,1,4,0,0,1,1,0,0,0,1,17.95,2,4,1,1,0,0,1,0,0,0,1,0
MJ Randolph,,2018-19,3.73,24,45,1,2,11,18,9,6,1,10,24,22,0.0,23,46,0,3,8,22,16,6,0,8,18,14
MJ Walker,Florida State,2018-19,20.0,0,0,0,0,0,0,8,0,0,0,0,0,20.0,0,0,0,0,0,0,10,0,0,0,0,0
Mac Hunt,,2018-19,0.0,0,0,0,0,0,0,0,0,0,0,0,0,0.0,0,0,0,0,0,0,0,0,0,2,0,0
Mac McClung,Georgetown,2018-19,20.0,61,138,21,65,27,35,25,12,1,7,22,28,20.0,27,85,8,35,39,49,17,3,0,9,19,13
Maceo Jack,George Washington,2018-19,15.0,62,147,36,92,28,31,14,10,8,11,42,11,20.0,58,146,24,78,25,31,10,4,0,10,52,24
Mack Anderson,Montana,2018-19,20.0,14,20,0,0,1,3,1,0,3,2,18,9,14.98,8,11,0,0,3,8,3,1,1,5,11,6
Mack Knueppel,Wisconsin Lutheran,2018-19,20.0,2,9,2,6,0,0,1,1,0,0,3,4,14.93,2,3,1,2,5,6,1,0,1,1,1,2
Mack Smith,Eastern Illinois,2018-19,20.0,72,166,49,114,11,17,28,8,3,4,56,17,17.98,55,154,27,91,34,47,19,11,4,10,49,19
Madiaw Niang,Florida Atlantic,2018-19,0.0,14,42,2,16,3,5,4,1,4,14,41,8,14.83,8,27,3,11,9,14,3,6,0,6,20,4
Maguire Bailey,Dallas Christian,2018-19,20.0,3,3,3,3,0,0,0,1,0,0,2,2,14.97,1,3,1,2,0,0,0,0,0,0,0,1
Mahamadou Kaba-Camara,CSU Northridge,2018-19,0.0,4,9,0,0,1,3,0,1,5,2,9,2,19.08,2,5,0,0,0,3,0,1,9,3,10,1
Mahda Brewah,Penn State Wilkes-Barre,2018-19,20.0,0,1,0,0,0,0,0,0,0,1,1,3,15.97,0,0,0,0,0,0,0,0,0,0,0,0
Mahlik Franklin,Maine-Fort Kent,2018-19,20.0,1,2,0,0,0,0,0,0,0,0,0,4,14.83,1,7,0,1,0,0,1,0,1,2,1,0
Maik Kotsar,South Carolina,2018-19,20.0,36,88,1,2,19,41,15,15,18,26,44,21,19.2,37,89,2,4,8,24,11,13,7,24,37,10
Maine,,2018-19,0.0,0,0,0,0,0,0,0,0,0,17,26,6,0.0,0,0,0,0,0,0,0,0,0,21,20,6
Maine-Ft Kent,,2018-19,0.0,0,0,0,0,0,0,0,0,0,0,0,0,0.0,0,0,0,0,0,0,0,0,0,1,1,0
Maishe Dailey,Iowa,2018-19,20.0,14,36,4,14,3,4,16,6,0,2,23,8,19.93,8,30,1,19,8,11,9,2,0,4,18,9
Maizen Fausett,Southern Utah,2018-19,20.0,27,65,8,23,19,29,7,6,5,22,34,5,14.6,18,46,3,17,15,23,4,4,11,17,27,10
Majerle Poole,Johnson & Wales (NC),2018-19,20.0,8,26,6,14,4,7,3,0,2,5,6,6,14.85,11,20,8,13,1,4,2,4,0,0,3,2
Majur Majak,Saint Peter's,2018-19,0.0,4,8,0,0,1,2,1,2,7,3,6,7,14.7,4,6,0,0,1,2,0,1,5,4,12,4
Mak Krause,,2018-19,0.0,0,0,0,0,0,0,0,0,0,0,0,0,0.0,0,0,0,0,0,0,0,0,0,0,1,0
Maka Ellis,Columbia,2018-19,20.0,26,49,11,21,0,0,10,6,0,4,28,13,20.0,23,58,9,29,11,12,13,6,0,4,17,11
Makai Ashton-Langford,Providence,2018-19,20.0,17,62,6,28,8,11,30,10,5,0,22,22,19.6,27,58,10,22,5,10,35,10,3,1,21,25
Makai Johnson,Mount St. Vincent,2018-19,20.0,2,6,1,3,2,2,1,0,0,0,1,2,14.93,1,4,0,3,0,0,1,0,0,0,1,0
Makai Mason,Baylor,2018-19,20.0,60,150,32,74,24,32,43,4,0,0,25,37,14.88,62,152,24,73,50,57,45,8,0,6,25,26
Makenzie Fessler,William Woods,2018-19,20.0,0,2,0,0,1,2,1,0,0,1,1,1,14.95,0,0,0,0,0,0,0,0,0,0,0,0
Makhtar Gueye,UAB,2018-19,20.0,54,123,12,38,20,27,15,8,12,42,60,21,19.07,51,108,4,24,29,39,12,9,10,38,81,26
Makol Mawien,Kansas State,2018-19,20.0,49,92,2,6,15,19,6,6,9,27,55,30,17.98,50,94,1,2,19,30,5,12,13,35,49,27
Makuach Maluach,New Mexico,2018-19,20.0,55,144,26,72,17,30,32,13,10,20,39,30,20.0,42,112,13,53,40,53,23,6,6,11,45,27
Malachi De Sousa,Albany,2018-19,20.0,13,33,4,11,11,14,13,8,9,6,22,11,20.0,15,28,1,12,6,13,2,1,7,4,13,8
Malachi Hall,Cairn University,2018-19,20.0,3,4,0,0,0,1,2,0,0,0,3,2,14.7,1,1,0,0,0,0,0,0,0,1,0,1
Malachi McClain,Defiance,2018-19,20.0,0,1,0,1,0,0,0,0,0,1,0,0,14.88,0,0,0,0,0,0,0,0,0,0,0,0
Malachi Smith,Wright State,2018-19,20.0,41,85,2,13,12,17,22,13,2,17,29,13,15.27,21,49,4,8,32,35,32,11,2,16,29,18
Malcohm Hill,Dickinson State,2018-19,20.0,0,2,0,0,2,2,0,0,0,0,4,0,14.73,1,3,1,1,0,0,0,0,0,0,1,0
Malcolm Cola,Central Washington,2018-19,20.0,4,5,0,0,0,0,0,0,0,0,2,0,17.97,2,3,0,0,2,2,0,0,2,0,1,2
Malcolm Hansford-Whyte,New Rochelle,2018-19,20.0,0,1,0,1,5,6,1,0,0,1,1,2,14.75,0,0,0,0,0,0,0,1,0,0,0,1
Malcolm Hollifield,Birmingham-Southern,2018-19,0.0,0,0,0,0,0,0,0,1,0,1,0,1,14.97,0,2,0,2,0,0,1,0,0,0,0,0
Malcolm Porter,Portland,2018-19,20.0,8,17,2,5,4,6,5,2,0,1,6,6,17.95,9,16,2,5,6,10,4,4,0,1,6,6
Malcolm Regisford,Colgate,2018-19,15.0,42,59,0,0,7,11,5,3,11,16,42,12,20.0,43,66,0,0,17,28,6,4,6,18,28,9
Malcolm Wynter,Davidson,2018-19,0.0,0,0,0,0,0,0,0,0,0,0,0,1,20.0,3,6,1,3,0,1,3,1,0,0,0,1
Maleek Catchings,,2018-19,0.0,1,1,0,0,0,0,0,0,0,0,1,0,7.48,2,3,0,1,4,7,2,0,2,2,5,2
Malek Barber,Palm Beach Atlantic,2018-19,20.0,1,7,1,2,1,2,0,0,0,4,2,0,20.0,0,0,0,0,0,0,0,1,0,0,0,1
Malek Green,Morehead State,2018-19,20.0,54,103,7,22,15,25,6,10,8,25,60,11,17.62,35,75,2,9,23,32,4,5,10,16,58,10
Malek Harwell,Boise State,2018-19,20.0,5,23,2,13,11,17,9,6,0,1,6,5,20.0,8,15,5,6,17,18,4,2,1,3,9,4
Maliek White,Providence,2018-19,20.0,43,112,20,53,12,17,40,15,4,3,26,23,19.6,30,78,11,36,22,31,33,16,5,6,25,19
Malik Bailey,St. Francis (ILL),2018-19,20.0,0,5,0,4,0,0,0,0,0,0,0,5,18.75,1,6,1,5,3,4,2,0,0,1,1,2
Malik Benlevi,Georgia State,2018-19,20.0,60,139,35,89,20,26,13,20,20,22,54,13,20.0,77,147,37,86,20,32,16,20,14,30,82,10
Malik Brevard,Arkansas State,2018-19,0.0,17,32,0,1,6,11,3,7,10,20,24,18,17.83,16,26,1,2,8,13,8,9,4,16,25,12
Malik Bullock,Johnson & Wales (NC),2018-19,20.0,1,9,0,2,0,0,4,1,0,2,10,6,14.85,4,7,0,0,1,2,1,1,1,0,4,2
Malik Burnett,Troy,2018-19,20.0,12,37,6,19,0,2,15,3,1,5,12,11,14.9,10,32,5,17,7,8,8,1,3,3,9,14
Malik Crowfield,VCU,2018-19,20.0,10,21,6,15,2,2,11,6,0,1,14,4,20.0,14,32,11,27,0,1,3,2,0,6,11,5
Malik Dunbar,Auburn,2018-19,20.0,37,93,18,60,9,15,11,12,8,6,60,17,14.95,42,100,18,54,23,36,9,19,6,17,30,11
Malik Edwards,Methodist,2018-19,20.0,1,2,0,1,0,0,0,0,0,0,0,0,14.9,0,0,0,0,0,0,1,0,1,1,1,3
Malik Ellison,Pittsburgh,2018-19,20.0,38,95,3,16,25,41,29,15,7,17,41,37,15.87,34,91,4,20,27,42,25,12,2,23,42,24
Malik Fisher,Central State (OH),2018-19,20.0,0,2,0,0,0,0,0,0,0,0,0,0,14.97,0,2,0,1,0,0,0,1,0,0,1,1
Malik Fitts,Saint Mary's,2018-19,20.0,83,183,30,74,30,43,13,17,4,23,91,16,17.1,89,170,25,55,50,65,16,14,3,33,85,32
Malik Fuller,St. Leo,2018-19,20.0,0,1,0,0,0,0,0,0,0,0,0,0,19.35,0,0,0,0,0,0,0,0,0,0,1,0
Malik Galloway,Mid-Atlantic Christian University,2018-19,20.0,9,18,0,1,2,3,0,1,5,3,8,4,14.83,1,8,0,1,4,5,1,1,2,2,4,1
Malik Hines,McNeese,2018-19,20.0,38,75,0,2,8,20,20,5,10,20,30,23,17.1,45,76,2,3,26,42,10,3,4,26,25,19
Malik Jacobs,Urbana,2018-19,20.0,2,7,0,2,2,2,2,1,0,2,2,1,14.88,2,4,0,1,0,0,0,0,1,0,2,0
Malik Jefferson,Mt. St. Mary's,2018-19,20.0,50,83,0,0,9,15,5,2,10,30,49,21,14.8,54,95,0,0,22,48,6,6,7,44,50,14
Malik Johnson,Canisius,2018-19,20.0,51,130,19,57,17,25,64,31,2,7,44,36,20.0,44,118,15,51,53,70,84,22,1,9,69,37
Malik Legania,Coastal Carolina,2018-19,20.0,0,1,0,0,0,0,0,0,0,0,1,1,14.9,0,0,0,0,0,0,1,0,0,0,1,0
Malik Lorquet,Massachusetts-Boston,2018-19,20.0,0,2,0,0,3,5,0,0,1,2,3,1,14.9,0,0,0,0,0,0,0,0,0,0,0,1
Malik Maitland,Bethune-Cookman,2018-19,20.0,45,125,15,46,17,21,48,19,0,8,31,25,14.92,50,132,15,51,40,49,53,25,0,6,20,26
Malik Manley,Methodist,2018-19,20.0,1,1,0,0,0,0,1,0,0,0,5,1,14.9,1,1,0,0,0,0,0,0,0,0,0,0
Malik Marquetti,Louisiana,2018-19,20.0,29,61,15,30,15,16,8,5,1,11,18,14,15.63,28,65,15,35,14,16,13,10,2,7,12,12
Malik Martin,Charlotte,2018-19,20.0,64,160,14,61,37,50,24,20,9,5,61,37,20.0,49,119,14,50,29,41,17,13,8,16,58,23
Malik Massey,UNC Greensboro,2018-19,20.0,20,56,12,33,10,12,25,10,1,2,27,14,20.0,13,44,7,24,4,8,17,4,3,3,17,15
Malik Metoyer,Northwestern State,2018-19,20.0,18,47,2,14,23,26,18,8,3,14,31,30,14.95,29,54,7,20,19,25,17,6,5,21,32,24
Malik Miller,Morgan State,2018-19,0.0,14,41,1,4,9,15,10,8,0,25,13,17,17.55,27,54,2,8,13,21,11,11,6,16,22,10
Malik Moore,South Carolina Upstate,2018-19,20.0,57,120,19,64,26,38,23,13,6,8,45,19,19.2,47,110,7,38,38,50,16,17,12,16,58,25
Malik Morrow,Webber International,2018-19,20.0,3,6,2,5,0,0,0,0,0,0,2,3,15.82,2,5,2,4,0,0,0,0,0,1,2,2
Malik Morrow made Three Point Jumper. Assisted by Nicholas,,2018-19,0.0,0,0,0,0,0,0,0,0,1,0,0,0,0.0,0,0,0,0,0,0,0,0,0,0,0,0
Malik Ondigo,Texas Tech,2018-19,20.0,3,8,0,1,2,3,0,0,1,5,2,5,14.8,2,4,0,0,0,2,0,0,1,5,2,1
Malik Petteway,Robert Morris,2018-19,20.0,54,110,1,1,29,45,7,17,18,25,52,19,19.42,49,107,0,0,44,73,8,18,17,33,60,23
Malik Riddle,Morehead State,2018-19,20.0,11,26,0,9,8,10,4,4,1,7,5,10,17.62,10,21,1,8,6,8,2,3,1,2,8,3
Malik Timmons,Wilberforce,2018-19,20.0,3,10,1,3,0,1,1,2,0,0,2,5,14.68,2,10,0,4,2,3,3,3,0,0,1,2
Malik Williams,Louisville,2018-19,20.0,41,103,14,42,20,29,4,5,16,31,73,24,14.9,43,97,13,43,36,50,5,2,23,32,63,7
Malik Wright,Lees McRae,2018-19,20.0,1,2,0,0,0,0,0,0,0,0,2,0,17.68,1,4,0,0,2,3,0,0,0,1,0,0
Malon Herron-Cuthbertson,Brevard College,2018-19,20.0,0,1,0,1,0,0,0,0,0,0,0,1,14.93,3,5,2,4,0,0,0,0,0,0,0,1
Mamadi Diakite,Virginia,2018-19,20.0,66,118,2,8,10,14,5,12,31,29,59,18,15.7,51,94,3,7,20,30,6,4,28,27,47,15
Mamadou Doucoure,Rutgers,2018-19,0.0,0,2,0,0,0,0,0,0,2,1,4,0,20.0,0,1,0,0,0,0,0,0,0,2,2,0
Mamadou Mariko,Mount St. Vincent,2018-19,20.0,2,3,0,0,1,2,2,0,0,0,2,2,14.93,3,3,0,0,0,0,0,0,0,0,2,0
Mamadou Ndaiye,,2018-19,13.67,0,1,0,0,0,0,0,0,1,0,0,0,0.0,0,0,0,0,0,0,0,0,0,0,0,0
Mamadou Ndiaye,Saint Peter's,2018-19,16.53,0,2,0,0,2,5,0,1,0,0,0,3,20.0,0,1,0,1,0,0,0,0,0,1,2,0
Mamoudou Diarra,Cincinnati,2018-19,20.0,5,18,0,1,4,7,1,3,2,5,17,2,16.85,6,11,0,0,4,5,3,1,5,3,2,1
Manchester (IN),,2018-19,0.0,0,0,0,0,0,0,0,0,0,2,0,1,0.0,0,0,0,0,0,0,0,0,0,0,0,0
Mangistu Jongkor,,2018-19,0.0,0,0,0,0,0,0,0,1,0,0,1,0,0.0,0,0,0,0,0,0,0,2,0,0,1,1
Manhattan,,2018-19,0.0,0,0,0,0,0,0,0,0,0,26,20,15,0.0,0,0,0,0,0,0,0,0,0,28,23,13
Manny Camper,Siena,2018-19,20.0,32,63,1,13,9,25,19,10,5,28,56,22,19.6,31,65,3,14,30,56,14,12,2,19,40,17
Manny Dixon,Saint Peter's,2018-19,14.93,18,46,6,20,7,8,4,10,1,9,26,12,20.0,31,68,12,31,22,25,8,10,3,10,16,15
Manny Patterson,Green Bay,2018-19,20.0,27,72,0,0,12,21,12,7,8,32,39,15,14.93,38,60,0,1,19,30,6,3,3,15,46,13
Manny Wembi,Lenoir Rhyne,2018-19,20.0,3,4,0,0,1,2,0,0,0,3,4,0,14.97,0,1,0,0,0,0,0,0,0,0,1,0
Marc Gosselin,Western Carolina,2018-19,20.0,21,42,8,16,9,11,10,4,4,14,29,19,15.27,13,37,4,21,10,16,7,5,3,17,23,9
Marcale Lotts,Canisius,2018-19,0.0,10,15,0,0,1,4,2,1,2,7,6,9,20.0,1,5,0,0,1,2,1,0,1,7,6,3
Marcel Burton,Southern,2018-19,0.0,0,4,0,4,0,0,2,0,0,1,1,3,16.18,5,13,2,8,2,2,2,0,0,2,1,3
Marcell Houser,Westcliff,2018-19,20.0,1,2,0,0,0,0,2,2,0,0,3,4,14.82,1,1,0,0,0,0,0,0,0,0,0,1
Marcellus Earlington,St. John's,2018-19,0.0,1,5,0,1,0,0,0,1,1,2,1,0,14.78,3,5,0,1,0,0,0,0,2,3,3,0
Marcellus Garrick,Cal Poly,2018-19,20.0,25,86,7,42,17,19,3,2,0,5,22,11,18.32,35,71,18,41,21,27,5,3,0,1,17,4
Marco Anthony,Virginia,2018-19,20.0,0,4,0,2,2,2,4,0,1,0,3,2,15.7,3,4,1,1,2,2,4,0,0,0,1,1
Marco Baggio,Florida National,2018-19,20.0,1,3,0,0,0,0,1,0,0,1,1,3,14.93,1,2,0,0,0,0,0,0,0,0,2,0
Marco Delorenzo,,2018-19,2.27,0,3,0,2,0,0,0,0,0,0,0,0,0.0,0,0,0,0,0,0,0,0,0,0,0,0
Marco Hughley,Carver College,2018-19,0.0,0,0,0,0,0,0,0,0,0,0,0,0,14.95,0,2,0,2,0,0,0,0,0,0,0,1
Marcquise Reed,Clemson,2018-19,20.0,97,220,20,65,44,54,55,27,0,8,78,36,17.78,95,219,24,62,90,104,34,37,1,15,64,43
Marcus Austin,Central Washington,2018-19,20.0,2,3,1,2,0,0,0,0,0,0,0,3,17.97,1,4,0,2,0,0,0,0,0,0,0,0
Marcus Bartley,Southern Illinois,2018-19,20.0,25,72,16,55,7,9,29,8,1,1,27,31,20.0,23,49,21,42,8,11,42,10,1,3,20,15
Marcus Bingham Jr.,Michigan State,2018-19,20.0,2,7,2,4,4,6,2,0,4,2,8,2,14.87,1,4,1,3,1,2,2,0,2,2,2,1
Marcus Burwell,Florida International,2018-19,20.0,10,36,5,21,6,9,16,5,0,3,10,8,15.82,13,36,5,21,6,8,14,9,1,2,8,4
Marcus Cohen,Mercer,2018-19,20.0,24,65,0,2,14,29,54,11,2,3,26,31,19.07,27,49,0,0,11,27,48,10,1,5,16,28
Marcus DeBerry,Purdue Fort Wayne,2018-19,20.0,41,112,24,76,1,2,14,14,5,7,42,11,14.82,33,92,20,58,7,7,17,9,3,9,28,10
Marcus Dickinson,Boise State,2018-19,20.0,36,88,18,50,9,10,29,21,0,6,39,20,20.0,34,76,18,45,26,29,29,13,1,4,33,11
Marcus Dixon,Trinity Baptist,2018-19,20.0,1,11,0,2,1,2,1,4,1,1,6,5,14.83,0,5,0,0,0,2,0,1,0,4,2,2
Marcus Evans,VCU,2018-19,20.0,40,88,15,44,19,25,21,12,1,2,21,21,20.0,33,82,6,36,47,61,20,15,1,4,23,33
Marcus Fager,Colorado Christian,2018-19,0.0,0,0,0,0,0,0,0,0,0,0,0,0,14.83,1,1,0,0,5,6,0,1,0,0,1,0
Marcus Friend,Davis & Elkins,2018-19,20.0,0,2,0,1,0,0,1,0,0,0,2,1,14.87,0,1,0,0,0,0,3,0,0,0,1,0
Marcus Garrett,Kansas,2018-19,20.0,48,103,8,28,14,22,25,20,3,15,50,23,20.0,29,81,4,18,30,52,30,21,7,14,40,13
Marcus Gee,,2018-19,10.5,1,4,1,4,2,2,0,0,0,0,0,0,0.0,1,1,1,1,0,0,0,0,0,0,0,1
Marcus Gilbert,Ark Monticello,2018-19,20.0,1,1,0,0,0,0,2,0,0,0,0,1,20.0,0,0,0,0,2,2,1,0,0,0,0,0
Marcus Graves,Sacramento State,2018-19,20.0,80,191,23,54,33,43,76,28,0,11,61,46,16.87,94,216,27,69,68,83,74,27,2,16,49,41
Marcus Hammond,Niagara,2018-19,20.0,30,62,19,37,14,16,18,6,2,8,20,8,20.0,25,51,14,28,18,22,18,4,1,6,27,15
Marcus Harris,Sam Houston State,2018-19,20.0,43,111,15,52,16,20,33,12,2,4,28,19,17.95,41,100,15,46,29,41,37,15,2,3,26,24
Marcus Hinton,,2018-19,15.08,1,2,0,0,3,3,0,0,1,0,3,1,0.0,0,0,0,0,0,0,0,0,0,0,2,0
Marcus Littles,George Washington,2018-19,15.05,8,14,0,0,2,4,1,0,2,2,12,12,20.0,6,10,0,0,5,7,3,1,2,2,9,6
Marcus Lytle,Mississippi College,2018-19,0.0,1,5,0,3,0,0,5,0,0,1,5,3,14.97,6,12,3,7,3,4,0,0,1,2,4,2
Marcus McClary,Monmouth,2018-19,20.0,19,38,2,3,6,14,13,12,1,12,17,11,17.9,21,43,2,4,10,21,9,4,0,12,10,14
Marcus Mitchell,Mississippi Valley State,2018-19,20.0,5,15,0,2,2,6,3,1,4,3,9,8,14.8,7,16,0,3,3,4,3,3,1,1,4,3
Marcus Montgomery,Spalding,2018-19,20.0,0,2,0,1,0,0,0,0,0,0,1,2,14.83,0,2,0,1,0,0,0,0,0,0,0,1
Marcus Ottey,UIC,2018-19,20.0,62,128,8,28,25,34,33,18,4,8,34,37,18.38,75,150,9,27,49,67,26,11,1,5,35,26
Marcus Santos-Silva,VCU,2018-19,20.0,31,54,0,0,21,30,11,7,10,24,43,7,20.0,32,59,0,0,18,34,1,6,6,36,40,15
Marcus Shaver Jr,Portland,2018-19,0.0,0,0,0,0,0,0,18,0,0,0,0,0,20.0,0,0,0,0,0,0,19,0,0,0,0,0
Marcus Shaver Jr.,Portland,2018-19,20.0,46,118,16,49,24,34,1,15,6,6,47,29,20.0,52,136,22,52,52,62,1,14,4,7,17,20
Marcus Sheffield,Stanford,2018-19,20.0,24,55,14,34,4,6,6,6,1,3,12,8,17.27,17,43,11,33,8,8,8,3,1,1,7,7
Marcus Stroman,Louisiana,2018-19,20.0,51,135,5,25,45,70,101,29,5,16,46,55,15.63,53,120,3,14,65,94,90,30,1,24,35,52
Marcus Summerville,Fisk,2018-19,20.0,1,2,1,2,0,2,0,1,0,1,0,0,14.75,3,7,0,2,3,5,0,0,0,2,0,1
Marcus Thomas,Western Carolina,2018-19,20.0,27,65,6,19,9,13,11,6,1,8,18,22,15.27,28,62,9,23,16,23,13,5,2,5,22,20
Marcus Wallace,Arkansas-Pine Bluff,2018-19,0.0,2,10,1,5,5,8,4,3,0,4,3,4,16.88,6,13,3,8,0,0,4,4,1,1,8,4
Marcus Watson,Dominican (IL),2018-19,20.0,0,2,0,2,2,2,0,0,0,0,1,2,14.98,0,2,0,2,0,0,0,1,0,1,2,1
Marcus Weathers,Duquesne,2018-19,20.0,53,108,8,32,42,64,12,8,15,29,57,30,17.78,58,115,5,20,37,56,13,8,11,41,69,22
Marcus Zegarowski,Creighton,2018-19,20.0,47,90,28,55,16,18,42,10,1,3,36,30,20.0,35,85,17,42,13,15,35,13,0,10,21,19
Marek Dolezaj,Syracuse,2018-19,20.0,31,53,8,18,11,15,24,20,5,20,39,22,14.93,19,36,3,11,12,22,24,20,9,16,35,14
Marek Nelson,Western Kentucky,2018-19,20.0,8,27,3,8,2,4,0,7,4,10,9,6,17.88,4,11,0,0,9,13,6,4,2,3,10,4
Marell Jordan,Defiance,2018-19,20.0,1,5,0,3,0,0,1,0,0,0,2,0,14.88,1,3,0,0,0,0,0,1,0,2,0,1
Marial Shayok,Iowa State,2018-19,20.0,103,211,34,88,45,49,35,18,4,23,53,53,14.63,115,227,34,89,59,69,29,14,4,23,63,36
Mario Kegler,Baylor,2018-19,20.0,45,111,13,42,17,28,14,2,7,20,53,16,20.0,52,108,12,36,33,50,17,7,9,16,57,24
Marist,,2018-19,0.0,0,0,0,0,0,0,0,0,0,24,24,9,0.0,0,0,0,0,0,0,0,0,0,17,19,7
Marjani Ellison,Humboldt State,2018-19,0.0,0,0,0,0,0,0,0,0,0,0,0,0,14.97,0,1,0,0,1,1,0,0,0,1,1,0
Mark Burton,Fayetteville State,2018-19,20.0,1,1,1,1,0,0,1,0,0,0,1,0,17.77,2,3,1,1,0,0,1,0,0,0,1,0
Mark Calleja,South Florida,2018-19,0.0,0,0,0,0,0,0,0,0,0,0,0,0,14.67,0,0,0,0,0,0,1,0,0,0,1,0
Mark Carbone,New Hampshire,2018-19,20.0,18,52,12,35,2,2,15,0,0,3,25,14,14.85,25,60,17,40,12,15,8,4,1,1,25,13
Mark Crowe,Cal Poly,2018-19,20.0,24,69,17,40,5,6,8,3,5,8,41,14,18.32,36,71,17,46,12,21,12,9,3,7,27,10
Mark Flagg,St. Francis (PA),2018-19,0.0,28,62,2,6,20,35,6,5,17,30,35,15,18.65,41,70,0,0,28,50,7,8,12,33,32,16
Mark French,Texas A&M,2018-19,0.0,0,0,0,0,0,0,4,3,0,0,3,3,14.77,2,6,1,1,2,2,2,0,0,0,3,1
Mark Gasperini,American,2018-19,19.12,49,101,1,2,9,16,25,6,8,18,35,26,20.0,55,105,0,3,20,36,21,8,3,19,37,24
Mark Gordon,Bethune-Cookman,2018-19,20.0,53,100,22,50,13,20,16,8,4,3,33,35,14.92,35,81,16,42,6,10,9,4,2,3,19,22
Mark Hughes,Wright State,2018-19,20.0,50,118,28,79,16,20,58,16,6,5,61,27,15.27,47,115,24,80,44,60,39,21,6,9,63,28
Mark Jackson,Pennsylvania,2018-19,20.0,0,1,0,0,1,2,0,0,0,1,0,1,20.0,0,0,0,0,0,0,0,0,0,0,0,0
Mark Kostelac,Akron,2018-19,20.0,0,1,0,0,0,0,0,1,0,1,0,1,14.92,1,1,0,0,0,0,0,0,1,0,1,0
Mark Laros,SE Missouri St,2018-19,20.0,33,57,5,11,2,4,2,4,4,10,31,16,18.57,30,48,1,5,9,15,6,3,2,14,21,10
Mark Madden,,2018-19,0.0,0,0,0,0,0,0,0,0,0,0,0,0,0.0,0,0,0,0,0,0,0,0,0,0,1,0
Mark Melbourne,Shenandoah,2018-19,20.0,0,1,0,1,0,0,1,0,0,0,0,0,14.95,0,1,0,0,0,0,0,0,0,0,0,1
Mark Munroe,Massachusetts-Boston,2018-19,20.0,0,1,0,0,0,0,0,0,0,0,0,0,14.9,1,3,0,0,3,4,0,1,0,2,1,0
Mark Rogers,Truman State,2018-19,20.0,0,0,0,0,1,2,0,0,0,0,0,0,20.0,0,0,0,0,0,0,0,1,0,0,2,0
Mark Smith,Missouri,2018-19,20.0,39,79,29,58,6,11,14,7,1,5,43,17,17.98,31,70,20,43,18,20,13,5,0,6,40,9
Mark Tikhonenko,North Texas,2018-19,20.0,1,3,0,1,0,0,1,0,0,2,0,0,14.73,3,5,1,3,0,1,1,0,0,1,0,0
Mark Vital,Baylor,2018-19,19.98,35,84,1,9,31,58,32,16,15,51,63,25,20.0,46,90,3,11,30,54,32,18,14,55,53,34
Markel Epps,Warren Wilson,2018-19,20.0,1,3,0,0,0,0,5,0,0,0,1,1,14.88,1,6,0,1,0,0,1,1,0,0,2,3
Markel Williams,Edward Waters,2018-19,0.0,0,2,0,2,0,0,0,0,0,1,0,1,18.6,6,10,5,9,0,0,0,0,0,0,1,3
Markell Johnson,NC State,2018-19,20.0,60,124,20,58,15,24,72,14,3,10,30,35,14.8,83,163,47,96,36,45,65,20,3,12,34,30
Markell Lodge,Saint Joseph's,2018-19,20.0,12,20,0,0,5,9,1,4,10,7,20,1,18.48,7,10,0,0,3,5,3,4,7,7,15,1
Markell Riggins,Regent University,2018-19,20.0,2,6,0,1,1,2,1,1,0,0,0,3,14.97,3,5,1,1,0,0,3,1,0,0,1,1
Markese Redding,,2018-19,0.0,0,0,0,0,0,0,0,0,0,0,0,0,0.0,0,0,0,0,0,0,0,0,0,1,0,0
Markis McDuffie,Wichita State,2018-19,20.0,105,247,34,111,66,84,16,20,2,31,56,28,20.0,92,233,42,112,85,97,17,15,5,31,54,28
Marko Coudreau,North Dakota,2018-19,20.0,1,5,1,3,0,0,2,0,0,0,3,3,20.0,1,4,1,1,0,0,0,0,0,1,0,0
Marko Orlic,Keiser,2018-19,20.0,6,11,2,6,0,0,3,1,0,0,1,0,20.0,3,8,0,1,4,4,0,0,0,2,3,2
Marko Radulovic,Keiser,2018-19,20.0,2,3,2,3,0,0,2,0,0,0,0,0,20.0,1,2,0,1,0,0,2,0,0,0,2,2
Markquis Nowell,Little Rock,2018-19,19.8,36,95,15,47,8,9,43,13,0,7,39,43,20.0,41,106,22,57,17,21,45,17,0,1,19,25
Markus Golder,Valparaiso,2018-19,20.0,51,121,10,39,26,35,16,13,4,22,39,17,18.72,34,96,9,35,20,26,11,10,3,11,27,11
Markus Howard,Marquette,2018-19,20.0,129,303,61,147,83,91,62,23,0,9,61,64,14.98,107,262,52,131,133,148,58,12,1,5,49,62
Markus Smith,Kennesaw State,2018-19,20.0,1,3,0,0,0,0,0,0,0,1,0,1,18.78,0,0,0,0,0,0,0,0,0,0,0,0
Marlain Veal,SE Louisiana,2018-19,20.0,67,179,30,89,58,71,68,29,1,13,27,69,14.93,66,165,26,73,83,101,64,25,2,10,47,62
Marlik Williams,East-West University,2018-19,20.0,3,5,0,1,1,1,0,0,0,1,2,2,14.8,3,5,1,1,0,0,1,0,0,0,2,0
Marlon Hargis,Holy Cross,2018-19,0.0,0,3,0,1,0,0,3,1,0,0,1,0,20.0,3,6,0,2,0,0,0,0,0,0,3,0
Marlon Hunter,Jacksonville State,2018-19,20.0,57,119,7,16,11,16,9,13,1,18,28,13,16.68,58,111,8,17,12,19,8,12,1,15,17,14
Marlon Mitchell,,2018-19,13.03,0,0,0,0,2,2,2,0,0,0,0,1,0.0,1,5,0,1,2,3,0,0,0,0,0,0
Marlon Sharpton,Rosemont College,2018-19,20.0,3,5,0,2,3,3,1,1,0,0,2,5,14.93,2,3,1,1,0,0,1,2,0,0,2,3
Marlon Sierra,Bowling Green,2018-19,20.0,18,40,5,13,9,11,5,3,2,15,35,6,20.0,16,35,3,13,8,10,13,9,3,10,19,8
Marlon Stewart,North Dakota,2018-19,20.0,33,86,17,47,16,20,38,6,1,2,22,17,14.37,56,124,9,33,43,55,31,11,0,2,30,27
Marlon Taylor,LSU,2018-19,20.0,43,86,8,25,28,39,14,10,3,20,45,13,14.93,28,72,3,27,25,39,4,9,4,19,28,20
Marlon Williams,UT Rio Grande Valley,2018-19,0.0,0,0,0,0,0,0,0,0,0,0,0,0,14.93,0,2,0,0,0,0,2,0,0,0,0,0
Maros Zeliznak,Jacksonville State,2018-19,0.0,5,9,0,0,3,4,1,1,3,5,6,5,17.03,1,3,0,0,0,2,1,0,0,0,0,2
Marque Maultsby,New Hampshire,2018-19,20.0,29,99,9,37,5,6,21,9,1,6,38,22,14.85,31,83,6,18,14,18,23,10,3,9,23,24
Marquel Gibbons,Carver College,2018-19,20.0,3,7,2,4,2,2,1,0,0,0,5,2,14.95,2,4,1,2,0,0,1,1,0,0,4,8
Marquell Carter,Arkansas-Pine Bluff,2018-19,20.0,18,40,6,16,2,6,11,6,1,10,21,8,14.95,12,44,6,19,3,6,7,3,3,10,29,14
Marquell Fraser,Idaho,2018-19,20.0,8,23,1,2,9,12,9,1,0,3,20,11,20.0,17,33,0,2,9,15,12,7,1,9,16,6
Marques Bolden,Duke,2018-19,20.0,37,67,0,3,19,27,9,12,27,36,48,11,14.78,26,42,0,3,31,42,7,7,29,29,36,13
Marques Hinton,Middle Georgia State,2018-19,20.0,2,6,1,1,1,1,1,1,0,1,2,2,14.93,0,3,0,0,0,0,0,0,0,0,1,0
Marques McGee,William Carey,2018-19,0.0,0,0,0,0,0,0,0,0,0,0,0,0,19.83,1,1,0,0,0,0,0,0,0,0,1,0
Marques Sumner,Stetson,2018-19,20.0,29,107,21,64,7,8,20,9,1,7,25,23,14.95,52,127,25,62,14,16,36,8,1,13,30,17
Marques Townes,Loyola Chicago,2018-19,20.0,96,207,25,63,34,44,67,24,2,6,84,30,14.6,92,188,12,45,58,78,52,12,5,11,63,44
Marques Wilson,Lehigh,2018-19,20.0,11,27,6,15,0,2,5,4,0,2,12,5,17.98,5,13,2,7,2,2,6,3,0,0,4,4
Marquette,,2018-19,0.0,0,0,0,0,0,0,0,0,0,29,21,11,0.0,0,0,0,0,0,0,0,0,0,34,19,5
Marquis Duncanson,Trinity Baptist,2018-19,20.0,5,19,3,11,0,2,1,5,0,0,2,8,14.83,5,16,2,8,2,2,2,1,0,0,2,7
Marquis Eaton,Arkansas State,2018-19,20.0,44,126,18,54,23,29,35,14,4,8,30,32,17.83,49,116,9,37,32,44,37,10,6,9,25,32
Marquis Godwin,Old Dominion,2018-19,20.0,14,41,13,33,0,0,1,1,1,1,18,5,17.65,14,39,8,29,1,2,2,2,0,0,8,2
Marquis Major,Kean,2018-19,0.0,0,0,0,0,0,0,0,0,0,0,1,0,14.83,0,1,0,0,0,0,0,1,0,0,0,1
Marquis Moore,Detroit Mercy,2018-19,20.0,8,25,6,16,6,8,8,6,0,14,22,8,17.9,10,25,2,8,16,20,8,9,3,12,28,2
Marquise Lanier,Piedmont,2018-19,20.0,1,5,0,2,0,0,0,0,0,0,0,1,14.88,1,4,1,3,0,0,0,0,0,0,1,0
Marquise Mosley,California Baptist,2018-19,20.0,8,18,3,8,2,3,3,2,0,0,4,5,20.0,10,25,0,6,5,7,8,2,0,4,7,4
Marquise Pointer,Charleston,2018-19,20.0,21,56,8,26,8,10,27,5,1,5,15,6,17.97,9,38,4,18,14,21,21,8,2,5,18,18
Marreon Jackson,Toledo,2018-19,20.0,76,168,37,101,15,18,66,23,2,10,56,38,20.0,48,121,23,63,39,52,62,19,1,12,41,44
Mars Hill,,2018-19,0.0,0,0,0,0,0,0,0,0,0,2,2,0,0.0,0,0,0,0,0,0,0,0,0,0,6,0
Marsalis Johnson,,2018-19,0.0,0,0,0,0,0,0,0,0,0,1,0,1,11.7,0,1,0,0,0,1,1,0,0,0,1,0
Marshall,,2018-19,0.0,0,0,0,0,0,0,0,0,0,18,22,6,0.0,0,0,0,0,0,0,0,0,0,32,31,4
Marshall Dunn,Reinhardt,2018-19,0.0,0,0,0,0,0,0,0,1,0,0,0,0,14.93,0,1,0,0,0,0,1,1,0,0,0,1
Marshall Graves,LSU,2018-19,20.0,5,11,5,10,0,0,0,1,0,0,3,0,14.93,1,4,1,4,0,0,2,1,1,1,0,0
Marshun Gladney,Rust,2018-19,20.0,0,1,0,0,0,0,0,0,0,0,0,0,14.88,0,0,0,0,0,0,0,0,0,0,0,0
Martaveous McKnight,Arkansas-Pine Bluff,2018-19,20.0,62,151,24,62,27,39,29,13,2,3,35,31,16.88,78,181,20,57,56,73,24,10,1,5,41,30
Martavious Washington,Wiley,2018-19,20.0,1,3,1,2,0,0,0,0,0,0,0,0,20.0,0,1,0,1,0,0,0,0,0,0,0,0
Martavis McLamb,Pfeiffer,2018-19,20.0,0,1,0,1,0,0,0,1,0,0,1,0,14.9,0,0,0,0,0,0,0,0,0,0,0,0
Martez Cameron,Morgan State,2018-19,20.0,41,97,11,24,11,17,40,15,0,14,20,27,17.55,30,80,6,18,14,29,44,11,1,5,24,17
Martin Krampelj,Creighton,2018-19,20.0,80,137,11,27,35,50,9,12,8,25,71,28,20.0,62,107,10,32,31,53,11,10,14,19,72,17
Martin Oliver,Central State (OH),2018-19,20.0,0,2,0,2,0,0,0,0,0,0,1,0,14.97,0,1,0,1,0,0,0,0,0,1,0,0
Martin Poulsen,Mt. St. Mary's,2018-19,20.0,1,4,0,1,0,0,3,0,0,4,3,5,14.8,1,3,0,1,0,0,1,1,0,0,2,1
Martins Igbanu,Tulsa,2018-19,20.0,54,92,0,0,41,60,8,7,4,28,53,35,18.08,77,121,0,5,67,101,13,10,3,26,67,29
Marty Hill,Evansville,2018-19,20.0,58,155,25,70,6,12,27,22,1,10,53,29,14.98,65,129,29,62,24,30,23,13,5,13,39,11
Marvin Bragg,American,2018-19,16.18,18,33,8,18,2,6,9,9,3,6,14,10,20.0,6,26,1,14,6,7,11,5,3,2,18,6
Marvin Cannon,Washington State,2018-19,20.0,38,93,11,31,52,62,11,7,9,20,34,22,18.32,33,69,7,23,34,39,7,10,13,14,37,16
Marvin Clark II,St. John's,2018-19,20.0,63,150,43,105,22,28,20,16,13,8,78,25,14.88,51,135,28,90,25,32,23,12,8,17,75,20
Marvin Coleman,UNLV,2018-19,20.0,1,1,0,0,2,2,1,0,0,1,0,2,20.0,1,3,0,1,2,2,0,1,0,0,1,0
Marvin Nesbitt Jr,UMKC,2018-19,20.0,4,12,1,3,3,3,18,6,1,2,11,4,14.6,2,3,0,1,1,2,14,0,0,4,2,1
Marvin Nesbitt Jr.,UMKC,2018-19,20.0,25,57,7,20,8,14,1,12,7,21,47,18,14.6,16,43,2,12,12,20,0,4,4,8,23,11
Marvin Prochet,Niagara,2018-19,20.0,75,177,38,97,33,46,24,12,9,27,86,20,20.0,73,171,37,77,47,67,24,9,14,22,75,28
Maryland,,2018-19,0.0,0,0,0,0,0,0,0,0,0,25,25,4,0.0,0,0,0,0,0,0,0,0,0,24,24,3
Maryland-Eastern Shore,,2018-19,0.0,0,0,0,0,0,0,0,0,0,16,21,5,0.0,0,0,0,0,0,0,0,0,0,14,23,8
Masol Robins,Westcliff,2018-19,20.0,1,1,0,0,0,0,0,1,0,0,2,2,14.68,0,0,0,0,0,1,0,0,0,0,0,0
Mason Aucoin,Louisiana,2018-19,0.0,0,1,0,1,0,0,0,1,0,0,2,0,15.85,2,4,1,2,1,1,0,0,0,0,1,2
Mason Blair,Kentucky Christian,2018-19,20.0,0,2,0,2,0,0,1,0,0,0,1,1,17.62,0,0,0,0,0,0,0,0,0,0,0,0
Mason Forbes,Harvard,2018-19,20.0,14,21,0,0,4,6,1,2,4,5,10,8,20.0,7,9,0,0,2,6,1,1,0,3,3,2
Mason Green,Howard Payne,2018-19,0.0,0,0,0,0,0,0,0,0,0,0,0,0,14.93,1,2,1,2,0,0,0,0,0,0,1,1
Mason Harrell,Texas State,2018-19,20.0,19,54,5,22,6,11,22,10,0,5,13,17,20.0,14,35,3,9,22,27,16,8,0,3,7,6
Mason Hawks,Lenoir Rhyne,2018-19,20.0,1,3,1,3,0,0,0,1,0,1,0,1,14.97,0,1,0,1,0,0,0,0,0,0,0,0
Mason Jones,Arkansas,2018-19,20.0,59,148,36,99,30,37,36,16,2,7,43,26,17.92,65,161,33,90,70,87,44,14,3,10,51,25
Mason Laube,Defiance,2018-19,0.0,0,0,0,0,0,0,0,0,0,0,1,0,14.88,0,2,0,2,0,0,0,0,0,0,0,0
Mason McMurray,Ohio,2018-19,20.0,0,1,0,1,0,0,0,0,0,0,2,2,14.93,0,1,0,1,2,2,1,0,0,0,0,0
Mason Peatling,Eastern Washington,2018-19,20.0,68,124,7,19,29,40,14,10,9,39,45,21,17.4,62,99,4,8,30,44,19,12,7,26,50,17
Mason Phillips,Sonoma State,2018-19,20.0,0,3,0,2,0,0,0,0,0,0,0,0,15.7,0,1,0,0,0,0,0,0,0,0,0,0
Mason Riggins,Long Beach State,2018-19,20.0,43,73,0,0,17,39,11,7,14,25,69,13,20.0,46,68,0,0,18,51,12,14,13,23,45,8
Mason Wang,Hood College,2018-19,20.0,5,14,3,6,7,9,4,6,0,3,2,1,17.83,2,10,1,4,0,0,1,1,0,1,2,1
Mason Weir,Elmira,2018-19,20.0,1,2,1,1,1,2,0,0,0,1,0,0,14.73,1,3,1,3,0,1,0,0,0,0,0,0
Mason Westlake,California Merced,2018-19,20.0,1,4,1,3,0,1,1,0,0,1,0,1,20.0,0,1,0,1,0,0,1,1,0,0,0,0
Massachusetts-Boston,,2018-19,0.0,0,0,0,0,0,0,0,0,0,0,1,0,0.0,0,0,0,0,0,0,0,0,0,3,0,0
Mastadi Pitt,Norfolk State,2018-19,20.0,53,131,20,58,19,29,43,6,0,9,33,24,14.87,46,106,15,46,37,44,38,7,0,6,22,24
Mate Colina,Hawai'i,2018-19,20.0,20,34,0,0,9,12,2,2,4,5,16,11,17.95,8,12,0,0,6,8,2,1,1,7,11,3
Mate Papai,Florida Tech,2018-19,20.0,1,2,0,0,0,0,0,0,0,0,2,1,14.83,0,0,0,0,0,0,0,0,0,0,0,1
Mateen Hirbod,UC Riverside,2018-19,0.0,0,2,0,2,0,0,0,0,0,1,1,1,14.78,2,9,2,7,2,2,2,2,0,2,2,1
Matej Drgon,Northern Colorado,2018-19,20.0,23,49,16,31,1,2,3,1,1,0,18,9,14.93,17,32,7,16,4,7,3,1,2,4,10,4
Matej Kavas,Seattle,2018-19,20.0,36,63,21,35,10,13,5,0,1,2,41,7,20.0,19,47,12,25,15,19,7,2,0,5,24,2
Matey Juric,Drexel,2018-19,20.0,7,19,1,5,7,9,15,7,0,2,10,8,17.95,7,12,2,3,0,0,8,8,1,3,5,14
Matheus Silveira,Austin Peay,2018-19,20.0,5,8,0,0,1,5,1,2,1,5,3,1,14.92,3,6,0,0,0,0,2,0,1,2,5,2
Matias Pruitt,Southeastern Baptist College,2018-19,20.0,0,1,0,0,1,2,0,0,0,0,0,0,14.82,0,0,0,0,0,0,0,0,0,0,0,0
Matija Milin,Fairfield,2018-19,20.0,25,39,6,10,13,18,7,2,1,12,26,7,20.0,18,40,4,14,11,18,8,3,2,15,21,11
Matija Radovic,Hofstra,2018-19,20.0,1,3,1,3,0,0,0,0,0,0,1,2,14.92,1,5,1,5,0,0,0,1,0,1,0,0
Matiss Kulackovskis,Bowling Green,2018-19,0.0,11,24,5,10,0,2,1,0,0,9,4,3,17.22,7,17,2,7,1,2,0,0,2,4,12,3
Matisse Thybulle,Washington,2018-19,20.0,52,129,23,77,12,14,43,58,35,8,43,32,14.85,54,116,22,60,33,39,32,57,34,18,27,32
Matt Ayoub,St. Mary's (MD),2018-19,20.0,1,3,1,3,0,0,2,0,0,0,0,4,14.75,1,1,1,1,0,0,0,0,0,0,1,0
Matt Beachler,Central Michigan,2018-19,20.0,24,59,18,52,7,9,8,2,2,4,21,7,14.95,17,36,12,29,5,6,5,7,1,1,9,3
Matt Becht,Mt. St. Mary's,2018-19,20.0,1,2,1,2,0,0,1,0,0,1,3,2,14.73,1,3,1,3,0,0,0,0,0,0,0,0
Matt Bradley,California,2018-19,20.0,36,97,18,41,15,22,25,12,6,14,35,28,19.05,62,135,26,52,40,48,29,13,3,13,37,24
Matt Chastain,Illinois State,2018-19,20.0,19,43,5,19,1,2,19,3,4,16,50,10,20.0,20,32,4,12,11,15,15,9,6,17,40,10
Matt Chinn,Wabash College,2018-19,0.0,0,0,0,0,0,0,0,0,0,0,0,0,15.08,0,1,0,1,0,0,0,0,0,1,0,0
Matt Chism,,2018-19,0.0,0,0,0,0,0,0,0,0,0,0,0,0,0.0,0,0,0,0,0,0,0,0,0,0,0,1
Matt Cimino,,2018-19,0.0,0,0,0,0,0,0,0,1,0,0,0,0,0.0,0,0,0,0,0,0,0,0,0,0,0,0
Matt Coleman III,Texas,2018-19,20.0,66,158,24,71,24,28,46,19,2,5,24,26,17.98,53,137,17,53,36,48,66,10,1,11,37,32
Matt Conway,Dixie State,2018-19,20.0,1,6,0,4,0,0,1,0,0,0,5,1,20.0,0,2,0,1,0,0,0,0,0,0,3,0
Matt DeWolf,Brown,2018-19,20.0,15,30,0,0,10,12,18,9,1,15,36,18,20.0,15,23,0,0,6,10,9,3,4,11,16,8
Matt Dehart,Bob Jones University,2018-19,20.0,0,1,0,1,0,0,0,0,0,0,0,2,14.93,0,1,0,1,0,0,0,0,0,0,0,1
Matt Dentlinger,South Dakota State,2018-19,20.0,17,25,0,1,6,12,8,3,1,16,22,4,20.0,14,32,0,2,10,11,3,3,4,23,18,9
Matt Elmore,UNC Wilmington,2018-19,16.45,2,4,0,1,0,0,0,0,0,0,3,0,20.0,1,3,0,0,0,0,0,0,0,0,1,0
Matt Faw,Holy Cross,2018-19,20.0,40,103,22,62,9,9,11,7,17,8,45,14,18.25,26,67,13,43,11,16,6,20,5,4,33,13
Matt Freeman,Oklahoma,2018-19,20.0,17,47,12,36,1,2,5,4,5,4,24,11,17.92,13,37,9,25,4,5,4,5,2,3,8,6
Matt Frierson,The Citadel,2018-19,20.0,43,140,42,134,9,9,17,15,0,5,27,14,17.78,58,142,56,133,29,29,12,10,4,5,21,11
Matt Gonda,Birmingham-Southern,2018-19,20.0,1,3,0,2,0,0,2,0,0,0,0,0,14.97,0,0,0,0,0,0,1,0,0,0,0,0
Matt Grace,Richmond,2018-19,20.0,4,14,2,7,0,1,8,3,2,3,11,3,15.97,7,13,3,8,0,1,5,1,3,4,7,3
Matt Haarms,Purdue,2018-19,20.0,59,102,1,13,26,42,22,4,33,31,56,22,18.95,55,81,5,10,38,48,18,3,33,28,60,17
Matt Halvorsen,Western Carolina,2018-19,20.0,31,74,26,62,24,28,32,4,0,1,40,23,15.27,26,78,21,65,24,29,23,5,0,2,24,24
Matt Harshany,,2018-19,0.0,0,0,0,0,0,0,0,0,0,0,0,0,0.0,0,0,0,0,0,0,0,0,0,1,0,0
Matt Hein,Illinois State,2018-19,20.0,3,15,1,5,2,6,8,3,0,0,10,9,20.0,4,12,1,8,3,6,9,6,1,1,10,3
Matt Heldt,Marquette,2018-19,20.0,3,4,0,0,4,6,2,2,2,3,10,1,14.98,2,3,0,0,3,4,1,1,2,5,6,1
Matt Holba,Purdue Fort Wayne,2018-19,20.0,62,138,42,99,18,28,22,7,9,12,52,28,14.82,58,112,33,71,27,36,13,8,9,13,55,20
Matt Horton,Western Kentucky,2018-19,20.0,3,3,0,0,2,4,0,1,1,1,3,2,17.88,0,0,0,0,0,2,0,0,0,1,2,1
Matt Jackson,Grand Canyon,2018-19,20.0,28,61,7,23,7,9,17,4,3,13,28,11,17.98,16,35,4,12,12,19,11,1,4,5,27,4
Matt Johns,South Dakota,2018-19,0.0,5,13,3,8,3,6,6,4,0,5,7,5,15.25,10,19,3,8,3,7,7,6,2,1,6,5
Matt Johnson,Northern Colorado,2018-19,20.0,1,3,1,3,0,0,2,1,0,1,3,0,14.93,0,2,0,2,0,0,3,0,0,0,2,1
Matt Laflin,California Merced,2018-19,20.0,1,2,0,1,0,0,0,1,0,1,0,1,20.0,0,2,0,2,1,2,0,0,0,0,1,0
Matt Lewis,James Madison,2018-19,20.0,68,195,28,91,32,41,50,12,5,10,53,41,14.88,84,199,24,74,90,113,41,16,5,15,44,44
Matt Lindsey,Coastal Carolina,2018-19,20.0,1,3,0,2,0,1,0,2,0,0,0,1,14.9,0,1,0,0,0,0,1,0,0,0,0,0
Matt Madoian,Johnson & Wales (RI),2018-19,20.0,4,14,2,6,0,0,0,1,1,0,5,1,17.18,8,19,3,12,1,2,0,0,1,1,6,1
Matt McCarthy,San Francisco,2018-19,20.0,24,49,0,3,6,9,2,2,3,19,31,15,14.78,24,44,0,0,20,32,5,0,3,18,33,12
Matt McQuaid,Michigan State,2018-19,20.0,58,148,37,91,14,21,38,9,1,14,42,22,20.0,57,119,34,79,32,36,33,11,3,10,40,13
Matt McQuillen,St. Joseph's (NY-Brooklyn),2018-19,0.0,0,2,0,0,0,0,1,0,0,1,1,1,14.9,0,3,0,2,1,2,2,0,0,0,1,3
Matt Meyers,College of Idaho,2018-19,20.0,0,3,0,0,2,2,0,0,0,1,2,2,14.95,1,4,0,1,2,2,0,0,0,2,2,1
Matt Milon,William & Mary,2018-19,20.0,51,133,37,104,10,14,14,7,1,6,31,22,20.0,54,105,34,75,20,32,13,6,1,2,40,17
Matt Mitchell,San Diego State,2018-19,20.0,64,147,26,67,34,42,26,11,3,15,54,36,16.88,40,113,9,49,41,54,30,11,4,3,50,27
Matt Mooney,Texas Tech,2018-19,20.0,75,185,25,65,31,36,53,41,3,4,57,49,14.75,71,157,23,52,36,46,60,26,2,2,47,39
Matt Morgan,Cornell,2018-19,20.0,101,202,48,121,34,38,49,24,5,4,71,50,20.0,95,190,43,98,105,120,39,15,4,3,55,43
Matt Neufeld,UC Davis,2018-19,20.0,52,87,0,0,22,31,5,5,9,9,29,21,14.78,37,71,0,0,24,41,3,7,6,19,28,17
Matt Newman,Wisconsin-Stout,2018-19,20.0,1,1,1,1,0,0,0,0,0,0,1,0,14.93,0,0,0,0,0,0,0,0,0,0,0,0
Matt O'Reilly,Bucknell,2018-19,15.0,0,2,0,2,0,0,0,0,0,0,0,0,20.0,0,0,0,0,0,0,0,0,0,0,0,0
Matt Owens,Millsaps,2018-19,20.0,3,8,0,0,2,4,1,0,1,3,4,2,14.92,2,7,0,0,0,2,0,0,1,1,0,0
Matt Pile,Omaha,2018-19,20.0,69,125,0,0,16,27,23,8,11,49,62,35,14.9,71,117,0,0,25,46,14,12,9,44,80,15
Matt Poquette,Central Washington,2018-19,20.0,1,1,0,0,0,1,0,0,1,2,2,0,17.97,1,1,0,0,0,0,0,1,0,0,1,1
Matt Rafferty,Furman,2018-19,20.0,103,174,2,11,50,64,67,32,14,36,99,31,14.93,89,135,6,12,75,96,62,46,14,36,81,27
Matt Rose,Lipscomb,2018-19,0.0,33,74,27,59,6,8,7,7,1,6,27,5,20.0,20,45,15,37,22,24,7,2,1,6,22,5
Matt Ryan,Vanderbilt,2018-19,20.0,38,107,29,87,9,14,16,4,1,7,29,15,18.83,34,95,26,77,14,16,8,4,3,5,34,16
Matt Seymour,Alaska Anchorage,2018-19,0.0,0,0,0,0,0,0,0,0,0,0,0,0,14.77,0,1,0,1,0,0,0,0,0,0,0,0
Matt Szuba,North Park,2018-19,20.0,1,4,1,4,0,0,1,0,0,0,3,4,14.8,1,2,0,1,0,0,0,0,0,1,0,0
Matt Treacy,Urbana,2018-19,20.0,3,7,1,5,2,2,0,0,0,0,2,1,14.88,1,4,1,2,0,0,3,0,0,0,0,0
Matt Trent,Franciscan University,2018-19,20.0,2,5,1,1,0,0,0,1,0,0,3,2,15.0,1,4,0,0,0,0,0,0,0,2,5,0
Matt Veretto,Delaware,2018-19,15.0,37,78,17,46,8,10,5,3,3,13,32,5,20.0,34,63,17,36,7,12,7,4,0,11,20,6
Matt Weir,Purdue Fort Wayne,2018-19,20.0,33,58,22,42,12,16,26,6,0,3,14,15,14.82,33,68,18,39,25,27,29,2,0,5,15,21
Matt Wilson,Army,2018-19,20.0,96,161,0,0,23,40,3,5,3,23,104,26,20.0,84,144,0,0,42,66,10,3,5,33,109,22
Matt Zignorski,Holy Cross,2018-19,0.0,6,10,2,4,0,0,4,5,0,0,6,4,17.92,4,13,1,7,3,4,1,3,0,0,7,2
Matthew Barnett,,2018-19,0.0,0,0,0,0,0,0,0,0,0,0,1,1,0.0,0,0,0,0,0,0,0,0,0,0,0,0
Matthew Colliflower,Trinity University (TX),2018-19,20.0,2,2,1,1,0,0,0,0,0,0,0,0,17.78,1,3,0,1,0,0,0,0,0,1,1,1
Matthew Henton,,2018-19,0.0,0,0,0,0,0,0,0,0,0,0,0,1,0.0,0,0,0,0,0,0,0,0,0,0,0,0
Matthew Herasme,,2018-19,4.05,12,31,4,18,10,12,7,7,0,6,36,5,0.0,12,32,2,15,11,16,6,10,0,13,24,10
Matthew Johnson,Palm Beach Atlantic,2018-19,20.0,1,7,0,4,0,0,2,0,0,0,2,4,20.0,3,4,2,2,0,0,2,2,0,1,0,3
Matthew Lang,,2018-19,0.0,0,0,0,0,0,0,0,0,0,0,0,0,0.0,0,0,0,0,0,0,0,0,0,0,0,1
Matthew Mayer,Baylor,2018-19,19.98,24,70,12,33,14,21,8,12,3,9,23,15,20.0,23,71,7,27,11,18,11,3,4,12,16,10
Matthew McClung,,2018-19,0.45,16,43,4,17,1,1,5,3,0,3,8,9,0.0,10,29,2,12,6,8,7,4,1,2,3,5
Matthew McDonough,Truett-McConnell,2018-19,0.0,0,0,0,0,0,0,0,0,0,0,0,0,17.6,0,0,0,0,0,0,1,0,0,0,0,0
Matthew Mondesir,Central Arkansas,2018-19,0.0,34,84,8,18,21,32,32,14,3,13,46,34,17.98,33,71,3,13,21,44,33,11,2,14,25,12
Matthew Moyer,Vanderbilt,2018-19,20.0,14,50,7,26,24,30,7,3,5,19,25,10,17.88,15,41,4,18,7,11,7,3,4,16,26,11
Matthew Pegram,Wofford,2018-19,20.0,20,52,1,15,2,3,9,3,6,10,38,16,18.38,11,26,3,6,2,5,11,0,5,13,19,3
Matthew Powell,Mars Hill,2018-19,20.0,0,3,0,2,1,2,0,2,0,0,2,3,14.93,0,3,0,1,0,0,0,0,0,0,1,1
Matthew Rindahl,Schreiner,2018-19,20.0,0,2,0,1,0,0,0,0,0,0,1,0,14.78,2,4,0,1,0,1,1,0,0,1,0,2
Matthew Strange,SE Louisiana,2018-19,0.0,0,0,0,0,0,0,0,0,0,0,0,2,17.87,0,2,0,2,0,0,0,0,0,0,1,0
Matthew Urbach,James Madison,2018-19,20.0,9,11,6,8,0,0,1,0,0,2,2,1,17.77,1,3,1,2,0,0,1,1,0,1,0,0
Matthew Westman,,2018-19,2.18,1,2,0,1,0,0,0,0,0,0,0,2,0.0,0,3,0,3,0,0,0,0,1,0,1,3
Matthias Burnett,Johnson University (FL),2018-19,20.0,1,2,0,0,1,3,0,1,0,0,1,1,14.92,0,0,0,0,0,0,0,0,1,0,1,1
Matthias Tass,Saint Mary's,2018-19,19.98,26,48,1,2,5,6,11,7,3,27,26,17,15.1,17,42,1,5,15,22,6,6,5,18,24,11
Matthue Cotton,Yale,2018-19,10.0,2,9,1,7,1,2,0,1,1,1,3,0,20.0,1,1,0,0,0,0,0,0,0,0,1,0
Mattia Da Campo,Seattle,2018-19,20.0,17,33,7,12,14,20,11,3,1,26,38,13,14.97,14,28,1,6,14,23,7,2,0,28,21,10
Mattias Markusson,Loyola Marymount,2018-19,20.0,72,119,1,3,26,37,14,2,12,35,73,28,14.68,58,104,0,1,32,40,12,8,17,25,74,25
Matty Farner,Wisconsin Lutheran,2018-19,20.0,0,1,0,0,1,2,0,1,1,0,2,1,14.93,0,1,0,0,2,4,0,0,0,1,3,0
Matty McConnell,Robert Morris,2018-19,20.0,50,144,28,78,16,24,44,30,8,20,47,27,19.42,66,145,24,70,48,71,47,33,4,20,61,20
Matty Smith,Central Michigan,2018-19,20.0,1,2,0,0,0,0,1,1,0,0,0,0,14.95,0,2,0,0,1,2,2,0,0,0,2,1
Matz Stockman,Minnesota,2018-19,20.0,13,25,0,0,8,12,3,2,13,8,17,3,18.18,8,17,0,0,5,8,6,2,6,3,9,6
Maurice Anderson,Mobile,2018-19,20.0,3,8,2,4,1,2,0,0,0,0,0,0,19.62,1,3,1,2,0,0,0,0,1,0,0,0
Maurice Calloo,Oklahoma State,2018-19,20.0,8,31,1,11,5,10,1,1,0,8,8,7,20.0,7,17,1,6,1,2,5,0,0,2,8,4
Maurice Carroll,Notre Dame College,2018-19,20.0,1,1,0,0,0,0,0,0,1,0,0,0,16.93,0,0,0,0,0,0,0,0,0,0,2,0
Maurice Coleman,Eastern New Mexico,2018-19,20.0,4,8,3,5,2,2,7,2,0,1,6,6,20.0,5,9,3,4,1,4,4,0,0,0,4,2
Maurice Commander,Chattanooga,2018-19,20.0,15,47,7,26,2,2,14,6,0,2,16,11,20.0,16,40,7,22,5,8,16,4,1,2,14,7
Maurice Dunlap,Jacksonville State,2018-19,20.0,10,33,4,22,2,5,15,6,0,2,18,7,16.68,8,19,7,17,8,8,19,3,0,0,9,4
Maurice Howard,Alcorn State,2018-19,20.0,55,129,44,96,15,16,45,12,0,8,35,46,18.08,44,104,28,74,15,18,28,10,1,4,24,43
Maurice Smith,Western Carolina,2018-19,20.0,2,3,0,0,0,0,0,0,0,3,5,2,14.63,0,3,0,0,2,4,1,0,0,1,4,0
Maurice Walton,Texas Permian Basin,2018-19,20.0,0,1,0,0,1,2,0,0,0,1,1,1,14.8,2,5,0,0,0,0,0,0,0,1,0,1
Maurice Waters,Lincoln PA,2018-19,0.0,0,0,0,0,0,0,0,0,1,0,2,1,20.0,1,1,0,0,0,0,0,0,0,1,0,0
Maverick Smith,Tennessee Tech,2018-19,20.0,0,1,0,0,0,0,0,0,0,0,0,0,20.0,0,0,0,0,0,0,0,0,0,2,0,0
Mawdo Sallah,Radford,2018-19,20.0,44,87,0,0,8,18,7,4,21,30,45,9,14.87,34,60,0,0,17,22,5,0,10,26,32,15
Max Bjorklund,Bemidji State,2018-19,20.0,0,0,0,0,2,4,0,0,0,0,0,0,14.97,0,0,0,0,0,0,0,0,0,0,0,1
Max Cooper,Mayville State,2018-19,20.0,0,2,0,0,0,0,1,0,0,1,1,1,17.45,4,5,0,0,0,0,0,1,0,1,1,0
Max Curran,UMBC,2018-19,20.0,14,32,0,12,7,8,2,5,3,9,25,7,14.95,13,18,4,6,7,13,0,3,3,3,10,6
Max Dorward,Santa Clara,2018-19,0.0,0,0,0,0,0,0,0,0,0,0,0,0,18.45,0,0,0,0,0,0,1,0,0,0,0,0
Max Hazzard,UC Irvine,2018-19,20.0,67,170,45,107,16,22,28,14,0,8,24,21,20.0,70,162,34,99,26,33,32,9,1,5,25,24
Max Heidegger,UC Santa Barbara,2018-19,15.58,32,108,10,58,28,32,26,3,0,8,21,13,20.0,41,110,19,58,35,43,29,8,1,4,27,12
Max Hisatake,Illinois Tech,2018-19,20.0,2,6,0,1,4,6,2,0,0,0,8,1,20.0,4,8,0,1,2,4,3,2,0,2,3,2
Max Johns,Princeton,2018-19,20.0,8,15,2,5,2,2,0,2,0,4,5,7,17.88,10,17,4,8,3,7,2,4,0,2,6,6
Max Karim,,2018-19,0.0,0,0,0,0,0,0,0,0,0,0,0,0,5.65,1,2,1,1,0,0,0,0,0,0,0,0
Max Mahoney,Boston University,2018-19,20.0,102,148,0,0,29,42,23,11,9,34,53,28,20.0,96,171,0,0,53,83,23,11,12,42,64,26
Max Modica,,2018-19,7.65,0,1,0,1,0,0,0,0,0,0,0,0,0.0,0,0,0,0,0,0,0,0,0,0,0,0
Max Rothschild,Pennsylvania,2018-19,20.0,17,39,0,4,10,16,29,9,1,8,31,29,20.0,19,32,0,2,20,31,16,12,2,11,35,20
Max Sparkman,Salve Regina,2018-19,0.0,0,0,0,0,0,0,0,0,0,0,0,0,14.73,0,1,0,0,2,2,0,0,0,0,1,0
Max Strus,DePaul,2018-19,20.0,99,238,57,140,48,57,34,14,9,15,92,31,14.92,124,274,51,152,74,87,37,17,8,23,69,35
Max Twyman,Hartford,2018-19,20.0,17,28,10,18,4,6,5,6,0,3,9,6,20.0,8,14,6,10,7,11,8,1,1,7,9,3
Max Walter,Dallas Christian,2018-19,20.0,2,3,2,3,0,0,0,0,0,0,0,0,14.97,0,1,0,1,0,0,0,0,0,0,0,0
Maximilian Schuecker,Montana State,2018-19,20.0,1,1,0,0,2,2,0,0,0,0,0,4,15.77,0,0,0,0,0,0,0,0,0,0,2,4
Maxwell Chester,,2018-19,0.0,0,0,0,0,0,0,0,0,0,0,1,0,0.0,0,0,0,0,0,0,0,0,0,0,0,0
Maxwell Evans,Vanderbilt,2018-19,20.0,19,48,7,21,9,17,16,5,0,7,20,17,20.0,12,34,7,23,10,15,17,4,1,3,9,12
Maxwell Kupchak,UC Santa Barbara,2018-19,20.0,2,3,0,1,0,0,0,2,1,0,5,2,14.68,1,4,0,1,2,2,0,0,0,1,2,0
Maxwell Starwood,SE Louisiana,2018-19,20.0,16,28,2,4,0,0,4,1,6,8,12,6,14.93,7,14,0,0,2,4,1,2,1,6,6,6
Mayan Kiir,South Florida,2018-19,0.0,23,60,1,14,26,43,5,6,9,16,26,32,17.73,27,53,3,9,26,40,8,11,10,13,36,19
Mayville St,,2018-19,0.0,0,0,0,0,0,0,0,0,0,1,2,0,0.0,0,0,0,0,0,0,0,0,0,1,0,0
Mbacke Diong,,2018-19,1.35,1,5,0,0,1,2,0,0,1,2,8,2,0.0,0,0,0,0,0,0,0,0,0,0,0,0
McKay Cannon,BYU,2018-19,20.0,21,50,12,32,5,7,18,9,1,2,22,12,17.82,12,26,8,19,2,7,27,10,0,6,14,7
McKinley Chambless,Middle Georgia State,2018-19,19.98,0,0,0,0,2,3,0,0,0,0,1,1,14.75,2,4,1,2,1,1,0,0,0,0,0,1
McKinley Wright IV,Colorado,2018-19,20.0,68,139,17,43,30,38,79,18,4,16,77,51,14.87,88,175,21,58,52,65,79,20,3,11,63,51
McMurry,,2018-19,0.0,0,0,0,0,0,0,0,0,0,0,0,0,0.0,0,0,0,0,0,0,0,0,0,1,1,0
McNeese,,2018-19,0.0,0,0,0,0,0,0,0,0,0,18,30,9,0.0,0,0,0,0,0,0,0,0,0,21,16,8
Mckendree,,2018-19,0.0,0,0,0,0,0,0,0,0,0,3,1,1,0.0,0,0,0,0,0,0,0,0,0,4,1,1
Medgar Evers,,2018-19,0.0,0,0,0,0,0,0,0,0,0,2,2,0,0.0,0,0,0,0,0,0,0,0,0,0,0,0
Medley-Bacon Brendan,,2018-19,14.4,0,0,0,0,2,2,0,0,3,0,4,2,0.0,0,1,0,0,0,0,0,0,0,0,0,0
Mehkel Harvey,William & Mary,2018-19,20.0,1,5,0,0,2,5,1,2,4,3,6,1,20.0,2,3,0,0,2,2,0,0,1,2,1,0
Mehran Nazarian,Bethesda,2018-19,20.0,12,39,5,19,4,6,3,0,0,1,3,6,17.1,9,37,3,19,10,12,1,4,0,1,5,8
Mekhi Lairy,Miami (OH),2018-19,20.0,30,72,12,32,10,12,27,9,0,8,17,15,14.8,31,67,7,23,20,23,8,5,0,5,11,14
Mekhii Noble,Florida Tech,2018-19,20.0,1,2,0,0,0,0,0,0,0,0,0,2,14.83,0,0,0,0,0,0,0,0,0,1,0,2
Melik Martin,Monmouth,2018-19,20.0,17,34,3,9,3,5,7,5,2,4,27,11,17.9,9,19,4,8,1,5,3,3,2,4,9,11
Melkisedek Moreaux,St. Bonaventure,2018-19,10.0,0,3,0,1,0,0,2,0,0,2,7,7,20.0,1,3,0,0,3,4,1,0,0,1,4,3
Melvin Collins,Dickinson State,2018-19,20.0,2,7,0,2,0,0,1,0,0,0,0,2,14.73,1,3,0,1,3,3,0,0,0,0,0,0
Memphis,,2018-19,0.0,0,0,0,0,0,0,0,0,0,48,37,5,0.0,0,0,0,0,0,0,0,0,0,42,34,2
Menlo,,2018-19,0.0,0,0,0,0,0,0,0,0,0,2,1,1,0.0,0,0,0,0,0,0,0,0,0,2,2,0
Menno Dijkstra,UC Riverside,2018-19,20.0,42,96,11,37,11,14,12,6,6,11,38,16,20.0,49,109,10,35,13,18,18,2,6,24,39,13
Mercer,,2018-19,0.0,0,0,0,0,0,0,0,0,0,27,31,6,0.0,0,0,0,0,0,0,0,0,0,19,31,3
Merdy Mongozi,Carver Bible College,2018-19,20.0,0,1,0,0,0,0,0,0,2,0,0,0,14.92,0,0,0,0,1,2,0,0,3,1,1,1
Messiah Baptiste,Johnson & Wales (NC),2018-19,0.0,0,1,0,1,0,0,0,0,0,0,0,1,14.85,2,6,2,4,0,0,0,0,0,0,0,1
Messiah Pankey,Brevard College,2018-19,0.0,0,0,0,0,0,0,0,0,0,0,0,0,14.93,1,4,0,2,0,0,0,0,0,1,1,1
Methodist,,2018-19,0.0,0,0,0,0,0,0,0,0,0,2,1,0,0.0,0,0,0,0,0,0,0,0,0,0,0,0
Mezie Offurum,George Washington,2018-19,15.0,12,26,1,4,8,9,5,0,2,4,16,15,20.0,6,12,0,2,3,4,3,1,1,1,5,9
Mfiondu Kabengele,Florida State,2018-19,20.0,76,154,12,28,52,74,3,10,16,30,66,21,14.97,67,138,8,28,74,93,6,8,37,39,56,20
Miami,,2018-19,0.0,0,0,0,0,0,0,0,0,0,15,28,6,0.0,0,0,0,0,0,0,0,0,0,24,19,5
Miami (OH),,2018-19,0.0,0,0,0,0,0,0,0,0,0,22,22,9,0.0,0,0,0,0,0,0,0,0,0,18,22,7
Micah Bradford,,2018-19,0.0,0,0,0,0,0,0,0,0,0,0,0,0,0.0,0,0,0,0,0,0,0,0,0,0,0,1
Micah Kerr,Kean,2018-19,20.0,1,2,0,0,0,0,0,0,0,0,1,2,14.83,0,3,0,1,0,0,0,0,0,0,0,0
Micah Robinson,California Baptist,2018-19,0.0,0,0,0,0,0,0,0,0,0,0,0,0,14.85,0,3,0,3,0,0,0,0,0,0,0,0
Micaiah Henry,Tennessee Tech,2018-19,0.0,47,88,0,0,19,41,12,4,22,28,28,36,17.75,47,73,0,0,26,48,6,5,23,25,27,15
Micale Harris,,2018-19,0.0,0,0,0,0,0,0,0,0,0,0,0,3,0.0,0,0,0,0,0,0,0,0,0,0,0,0
Michael Akuchie,Youngstown St,2018-19,20.0,23,53,15,37,3,4,7,6,7,11,34,10,15.87,17,46,11,31,3,6,4,5,1,11,27,8
Michael Baer,,2018-19,0.0,0,0,0,0,0,0,0,0,0,0,0,1,0.0,0,0,0,0,0,0,0,0,0,0,0,0
Michael Benkert,Belmont,2018-19,20.0,21,49,18,45,1,1,9,6,0,4,15,5,17.27,17,41,14,36,7,8,3,4,0,6,9,8
Michael Bibby,Appalachian State,2018-19,20.0,8,20,5,14,0,0,10,6,0,2,6,7,20.0,13,25,9,15,4,4,8,2,1,1,13,9
Michael Boyd,Massachusetts-Boston,2018-19,20.0,4,9,0,1,3,4,0,1,0,1,4,2,14.9,0,5,0,0,0,0,0,0,0,1,2,0
Michael Buckland,Lipscomb,2018-19,20.0,27,75,13,43,3,4,32,9,12,3,35,11,20.0,28,53,14,31,16,23,34,10,1,3,39,20
Michael Calamese,Hendrix College,2018-19,20.0,0,1,0,0,0,0,0,0,0,0,0,1,14.87,0,1,0,1,0,0,2,0,0,0,1,1
Michael Chavers,CSU Dominguez Hills,2018-19,20.0,3,3,1,1,0,0,0,1,0,0,0,3,14.88,3,8,0,2,0,0,0,0,0,0,2,1
Michael Cooper,Kentucky Christian,2018-19,20.0,0,0,0,0,0,0,1,0,0,0,1,2,17.62,0,1,0,1,0,0,0,0,0,0,0,0
Michael Curley,,2018-19,1.9,0,0,0,0,0,0,1,0,0,0,0,2,0.0,0,0,0,0,0,0,0,0,0,0,0,0
Michael Demers,Buena Vista,2018-19,20.0,4,7,4,4,0,0,1,0,0,0,2,2,14.58,0,2,0,1,0,0,1,1,0,0,0,0
Michael Devoe,Georgia Tech,2018-19,20.0,45,119,19,51,25,30,34,24,12,6,48,41,19.5,47,112,19,46,33,53,40,17,2,6,40,26
Michael Diggins,UIC,2018-19,20.0,31,63,8,28,15,22,16,6,2,7,28,15,18.38,35,60,8,17,13,22,6,6,7,15,26,5
Michael Dobbins,Texas Southern,2018-19,0.0,0,2,0,0,2,2,1,0,0,1,0,0,14.82,2,3,0,0,1,2,0,0,1,1,1,1
Michael Douglas,Florida International,2018-19,20.0,18,41,7,21,3,7,8,2,5,11,12,3,15.82,12,35,4,19,3,6,2,4,0,10,16,5
Michael Dunne,Hartford,2018-19,20.0,1,2,1,2,0,2,0,0,0,0,1,0,16.65,1,1,0,0,0,0,1,0,0,1,0,0
Michael Durr,South Florida,2018-19,20.0,37,87,0,1,20,38,3,8,20,27,78,24,17.73,37,59,0,0,35,64,10,3,22,44,66,24
Michael Ertel,UL Monroe,2018-19,20.0,92,210,43,97,21,24,40,7,3,3,43,17,14.92,81,183,30,64,42,47,51,12,2,8,40,16
Michael Feinberg,,2018-19,0.0,0,0,0,0,0,0,0,0,0,0,0,0,0.0,0,0,0,0,0,0,0,0,0,0,0,1
Michael Finke,Grand Canyon,2018-19,20.0,62,119,17,54,15,20,20,7,2,28,47,15,20.0,53,97,16,43,44,52,18,1,0,23,37,14
Michael Flowers,Western Michigan,2018-19,20.0,78,168,38,83,59,71,46,17,2,3,60,52,17.9,63,187,25,97,59,76,47,9,1,6,47,38
Michael Forrest,Florida Atlantic,2018-19,20.0,43,116,19,60,6,8,32,18,0,3,36,40,14.83,31,81,17,40,29,40,39,13,1,9,31,29
Michael Gilmore,VCU,2018-19,15.0,7,10,3,6,0,0,3,3,1,1,18,12,20.0,6,15,0,4,1,4,1,0,1,5,4,2
Michael Graham,Middle Georgia State,2018-19,19.98,3,7,0,0,0,0,0,0,0,1,1,0,14.75,0,3,0,0,1,2,0,1,0,1,1,1
Michael Green,Mississippi Valley State,2018-19,20.0,18,41,7,15,1,3,4,3,1,2,7,5,14.8,16,50,8,21,5,8,3,3,0,0,9,5
Michael Hughes,Duquesne,2018-19,20.0,61,102,1,4,34,56,17,12,29,22,53,27,17.78,59,98,1,3,40,70,9,13,34,29,81,28
Michael Hurt,Minnesota,2018-19,0.0,4,13,0,4,1,2,2,1,0,8,9,2,18.18,7,9,0,1,7,9,3,1,0,3,3,1
Michael Jacobson,Iowa State,2018-19,20.0,82,145,10,29,21,33,12,14,6,42,82,26,14.63,66,114,6,18,39,56,13,13,9,33,48,13
Michael Johnson,,2018-19,1.37,3,18,1,4,2,3,4,5,0,1,9,10,0.0,4,12,2,5,1,3,1,3,1,0,4,5
Michael Joseph,Piedmont,2018-19,20.0,2,3,0,1,0,0,1,0,0,1,1,0,14.88,0,1,0,0,0,0,1,0,0,1,1,0
Michael Kolawole,,2018-19,7.82,7,22,0,2,8,13,12,5,2,8,11,6,0.0,5,13,1,3,2,4,4,4,1,4,5,3
Michael Larson,Portland Bible,2018-19,20.0,0,1,0,0,0,1,3,0,0,0,1,3,14.73,0,1,0,0,0,0,0,0,0,0,0,3
Michael Laster,Bowling Green,2018-19,20.0,38,110,6,24,18,29,40,16,1,9,47,22,20.0,34,76,9,17,26,30,38,11,2,7,30,24
Michael Lee,Southwest Minnesota State,2018-19,20.0,1,4,1,4,0,0,0,0,1,0,0,2,15.0,0,2,0,2,0,0,0,0,0,0,0,1
Michael Littlejohn,Tennessee State,2018-19,20.0,35,90,23,65,14,17,16,6,1,6,13,16,20.0,39,106,27,76,13,13,20,7,0,8,7,15
Michael Manning Jr.,,2018-19,0.0,0,0,0,0,0,0,0,0,0,0,0,0,0.0,0,0,0,0,0,0,0,0,0,0,1,0
Michael Mayernick,,2018-19,0.0,0,0,0,0,0,0,0,0,0,0,0,0,0.0,0,0,0,0,0,0,0,1,0,0,0,0
Michael Mayhew,Portland State,2018-19,20.0,20,62,15,46,8,12,11,6,0,15,11,10,16.73,22,51,16,39,8,10,5,5,0,10,6,7
Michael Mays,Reinhardt,2018-19,20.0,1,6,0,5,0,1,0,0,0,0,0,0,14.93,1,4,1,4,2,2,1,0,0,0,0,0
Michael Miller,North Texas,2018-19,20.0,35,70,12,24,14,16,17,8,4,17,31,20,14.73,37,75,7,24,14,18,16,3,4,17,28,22
Michael Nuga,Portland State,2018-19,20.0,54,124,18,62,12,17,14,8,0,16,24,18,20.0,53,113,27,68,19,26,11,4,0,7,32,16
Michael Nzei,Seton Hall,2018-19,20.0,53,90,0,0,28,40,15,4,4,29,52,22,17.98,51,84,0,0,34,50,14,1,5,31,53,10
Michael Oguine,Montana,2018-19,20.0,67,138,18,52,49,67,27,15,11,27,57,34,20.0,58,115,14,38,56,76,28,25,8,25,54,21
Michael Ou,CSU Northridge,2018-19,20.0,22,44,0,0,13,18,6,0,6,13,28,17,20.0,17,30,0,0,10,18,0,1,5,8,16,7
Michael Phifer,Greensboro,2018-19,20.0,5,12,3,8,0,0,6,0,1,0,9,3,14.88,5,11,2,6,2,2,2,1,0,0,3,1
Michael Reeves,Central State (OH),2018-19,20.0,3,4,1,1,0,0,0,0,0,2,1,1,14.97,2,4,0,1,4,4,0,0,0,1,1,2
Michael Riley,Hood College,2018-19,20.0,5,11,4,9,0,0,0,0,0,0,3,1,17.83,3,9,1,4,0,0,1,1,0,0,1,0
Michael Slaba,Mayville State,2018-19,0.0,0,0,0,0,0,0,0,0,0,0,0,1,17.45,2,4,0,1,0,0,2,0,0,1,0,0
Michael Smith,Longwood,2018-19,15.0,1,2,1,1,0,0,0,0,0,0,0,1,20.0,0,0,0,0,0,0,0,0,0,0,0,0
Michael Steadman,San José St,2018-19,20.0,81,159,1,8,18,30,11,3,4,28,78,35,20.0,62,125,2,7,26,44,13,0,5,28,78,27
Michael Stones,Palm Beach Atlantic,2018-19,20.0,0,0,0,0,0,0,1,0,0,0,0,0,20.0,0,0,0,0,0,0,1,0,0,0,0,1
Michael Stuart,Johnson & Wales (FL),2018-19,20.0,3,5,2,3,0,0,1,0,0,0,0,0,14.95,0,2,0,2,0,0,2,0,0,0,0,0
Michael Sullivan,Millsaps,2018-19,20.0,2,11,1,3,0,1,1,1,0,2,2,1,14.92,1,8,1,5,0,0,5,2,0,1,0,1
Michael Tolbert,York,2018-19,20.0,0,3,0,2,0,0,0,0,0,0,0,2,15.25,0,0,0,0,1,2,1,0,0,0,0,1
Michael Urankar,Christendom,2018-19,20.0,1,2,1,1,0,0,3,0,0,0,1,6,14.73,0,1,0,1,0,0,0,0,0,0,0,1
Michael Vandall,Dickinson State,2018-19,20.0,2,4,2,4,0,0,0,0,0,0,1,1,14.73,0,2,0,1,0,0,0,0,0,0,2,0
Michael Volley,Brewton-Parker,2018-19,20.0,2,6,1,5,0,0,2,1,0,0,2,4,17.65,4,5,2,2,0,0,2,1,0,0,3,3
Michael Wadsworth,Cal Lutheran,2018-19,20.0,0,2,0,2,3,4,3,0,0,0,2,1,14.68,1,4,0,2,0,0,4,0,0,1,2,0
Michael Walker,SUNY Maritime,2018-19,20.0,1,5,1,3,0,0,0,0,0,0,1,0,14.93,1,3,0,2,0,0,0,0,0,1,0,0
Michael Wang,Pennsylvania,2018-19,20.0,44,103,17,55,3,6,15,7,3,14,36,20,20.0,26,61,8,26,25,35,6,5,3,5,28,10
Michael Weathers,Oklahoma State,2018-19,20.0,22,48,1,9,16,18,15,7,5,3,12,26,20.0,28,64,3,9,20,38,17,10,2,8,20,21
Michael Wexler,Pepperdine,2018-19,0.0,0,0,0,0,0,0,0,0,0,0,0,0,20.0,0,0,0,0,0,1,0,0,0,0,0,0
Michael Williams,East Mennonite,2018-19,20.0,0,1,0,0,0,0,0,0,0,1,1,1,14.88,0,1,0,0,0,1,1,0,0,0,1,0
Michael Wynn,Wake Forest,2018-19,20.0,3,22,2,13,6,7,3,0,1,10,3,4,16.82,9,28,5,16,4,4,1,2,2,2,4,2
Michael Young,Centenary NJ,2018-19,20.0,0,1,0,0,0,0,0,0,0,0,0,0,14.9,2,4,0,1,0,0,0,0,0,0,0,0
Michal Kozak,Weber State,2018-19,19.07,26,53,8,20,7,9,14,7,11,8,56,13,17.93,29,52,3,14,20,25,11,2,16,11,48,8
Michal Ohradka,Elms College,2018-19,20.0,2,6,2,2,0,0,0,0,0,0,3,3,15.38,3,5,1,2,2,4,0,2,0,0,3,3
Micheal Anumba,Winthrop,2018-19,20.0,26,65,5,28,22,38,20,3,0,17,33,28,18.83,38,71,9,23,28,36,27,8,4,23,32,21
Michigan,,2018-19,0.0,0,0,0,0,0,0,0,0,0,26,26,9,0.0,0,0,0,0,0,0,0,0,0,31,18,6
Michigan State,,2018-19,0.0,0,0,0,0,0,0,0,0,0,26,33,9,0.0,0,0,0,0,0,0,0,0,0,21,28,8
Mickey Mitchell,Arizona State,2018-19,14.5,1,2,0,0,0,4,2,1,0,4,4,2,20.0,3,3,0,0,0,2,3,0,0,2,3,1
Mid-American Christian,,2018-19,0.0,0,0,0,0,0,0,0,0,0,3,0,0,0.0,0,0,0,0,0,0,0,0,0,1,0,0
Mid-Atlantic Christian,,2018-19,0.0,0,0,0,0,0,0,0,0,0,3,1,1,0.0,0,0,0,0,0,0,0,0,0,5,3,0
Middle Georgia State College,,2018-19,0.0,0,0,0,0,0,0,0,0,0,3,2,1,0.0,0,0,0,0,0,0,0,0,0,0,2,0
Middle Tennessee,,2018-19,0.0,0,0,0,0,0,0,0,0,0,25,18,6,0.0,0,0,0,0,0,0,0,0,0,25,20,8
Midway University,,2018-19,0.0,0,0,0,0,0,0,0,0,0,2,0,0,0.0,0,0,0,0,0,0,0,0,0,2,1,0
Miguel Hudson,William Woods,2018-19,0.0,0,0,0,0,0,0,0,0,0,0,0,0,14.95,0,1,0,0,0,0,0,1,0,0,0,0
Miguel Mahan,Indiana South Bend,2018-19,20.0,1,1,0,0,2,2,0,1,1,0,2,0,14.83,3,3,0,0,0,0,0,0,0,0,0,0
Mikal Gaylord,William Peace,2018-19,20.0,1,1,1,1,0,0,4,0,0,0,1,0,16.58,0,1,0,0,0,0,1,2,0,0,1,1
Mikalen Hawkins,Champion Christian College,2018-19,20.0,2,8,0,2,1,2,0,0,1,0,4,3,14.75,2,5,1,3,0,0,0,0,0,0,0,0
Mike Arias,SUNY-Cortland,2018-19,20.0,1,2,0,0,0,0,0,0,0,0,0,0,14.92,0,0,0,0,0,0,1,0,0,0,1,0
Mike Beyers,,2018-19,15.17,2,4,0,2,0,0,2,0,1,2,4,2,0.0,5,10,2,3,4,4,1,1,1,3,3,2
Mike Bothwell,Furman,2018-19,20.0,15,35,6,16,9,12,11,4,0,5,6,6,14.93,10,24,2,10,5,7,4,2,3,1,8,6
Mike Buckmire,,2018-19,0.0,0,0,0,0,0,0,0,0,0,0,0,0,0.0,0,0,0,0,0,0,0,0,0,0,0,1
Mike Cunningham,Oklahoma State,2018-19,20.0,9,22,6,11,0,0,3,0,0,0,4,3,16.77,13,27,6,16,0,0,5,5,0,1,5,6
Mike Daum,,2018-19,0.05,152,279,27,78,89,104,30,12,12,45,156,42,0.0,126,261,39,99,83,103,27,11,20,32,136,27
Mike Davis,Murray State,2018-19,20.0,23,46,9,26,7,12,9,4,2,14,27,10,17.63,7,23,5,18,1,2,1,5,4,5,15,5
Mike Edwards,Georgia,2018-19,20.0,2,3,0,1,0,3,1,1,0,1,4,1,14.92,0,1,0,0,0,0,0,0,0,0,1,0
Mike Featherston,Milligan,2018-19,20.0,3,9,0,1,3,4,6,1,1,1,2,4,14.83,5,11,1,3,2,2,6,2,0,1,4,2
Mike Holloway Jr,Fairleigh Dickinson,2018-19,0.0,0,0,0,0,0,0,16,0,0,0,0,0,14.58,0,0,0,0,0,0,19,0,0,0,0,0
Mike Holloway Jr.,Fairleigh Dickinson,2018-19,20.0,51,119,3,9,40,53,5,14,12,29,49,17,14.58,53,98,1,7,40,71,0,9,18,21,47,37
Mike James Jr.,Monmouth,2018-19,0.0,0,0,0,0,0,0,0,0,0,0,0,0,20.0,0,1,0,0,0,0,0,0,0,0,0,0
Mike Kolawole,Lamar,2018-19,20.0,15,34,2,6,10,17,16,10,0,7,26,13,16.73,12,31,0,4,9,16,6,7,1,11,26,9
Mike Levy,Johnson University (FL),2018-19,20.0,1,7,1,3,1,4,0,3,0,0,1,0,14.92,3,6,0,1,1,2,1,1,1,3,3,0
Mike Lewis II,,2018-19,2.12,16,35,8,23,6,9,3,6,2,3,4,5,0.0,6,23,4,13,2,2,2,1,0,1,2,1
Mike May,Southwestern,2018-19,20.0,0,1,0,0,0,0,0,0,0,0,0,0,14.68,0,1,0,1,0,0,0,0,0,0,0,0
Mike McGuire,Western New England,2018-19,20.0,0,11,0,5,0,0,2,1,0,0,3,2,15.27,4,9,4,9,0,0,2,0,0,0,2,1
Mike McGuirl,Kansas State,2018-19,20.0,22,63,9,33,10,18,22,15,2,8,17,10,17.98,21,57,9,32,7,9,16,10,0,7,16,9
Mike Meadows,,2018-19,0.0,0,0,0,0,0,0,0,0,0,0,0,0,0.0,0,0,0,0,0,0,0,0,0,0,0,1
Mike Okauru,Florida,2018-19,20.0,11,24,5,13,4,7,4,4,0,1,10,5,14.97,3,12,1,7,3,4,5,4,1,0,7,3
Mike Parks Jr,Memphis,2018-19,20.0,0,0,0,0,0,0,3,0,0,0,0,0,17.97,0,0,0,0,0,0,2,0,0,0,0,0
Mike Parks Jr.,Memphis,2018-19,15.8,54,90,1,7,14,28,1,9,12,33,29,23,20.0,25,44,0,3,12,23,0,3,9,15,26,15
Mike Regan,SUNY Maritime,2018-19,20.0,1,5,1,4,0,0,0,1,0,0,1,1,14.93,0,2,0,2,0,0,2,1,0,0,2,1
Mike Ryan,Urbana,2018-19,20.0,1,4,1,3,0,0,1,1,0,1,1,0,14.88,2,4,1,2,0,0,1,1,0,2,1,0
Mike Seng,,2018-19,0.0,0,0,0,0,0,0,0,0,0,0,2,2,0.0,0,0,0,0,0,0,0,0,0,0,1,0
Mike Smith,Columbia,2018-19,20.0,20,53,3,21,11,13,21,15,0,1,9,13,20.0,22,49,6,14,18,21,18,1,0,1,9,5
Mike Torre,Molloy,2018-19,20.0,2,3,1,2,2,2,0,0,0,0,1,0,16.25,0,0,0,0,2,2,0,0,1,0,0,0
Mike Underwood,Central Connecticut,2018-19,0.0,7,17,5,12,2,3,1,0,1,0,6,6,20.0,2,15,1,10,0,0,2,3,0,1,1,0
Mike Watkins,Penn State,2018-19,20.0,55,89,0,0,19,40,7,9,30,30,77,14,20.0,27,54,0,0,16,39,6,8,8,26,54,18
Mike'L Simms,VCU,2018-19,20.0,8,33,5,23,3,3,5,2,0,3,9,2,20.0,11,36,3,22,5,8,5,3,1,5,13,4
Mikel Beyers,Marshall,2018-19,20.0,15,25,7,15,2,4,3,3,1,3,9,5,20.0,14,24,0,5,1,3,6,8,8,6,15,8
Mikel Pritchard,Chillicothe,2018-19,20.0,2,5,1,4,1,2,0,1,0,1,0,0,14.68,0,3,0,2,0,0,0,1,0,0,0,3
Mikey Dixon,St. John's,2018-19,20.0,19,32,9,13,4,10,8,5,0,3,4,7,14.88,6,19,2,8,1,2,5,4,1,1,6,3
Mikey Hatfield,CSU Dominguez Hills,2018-19,20.0,3,8,2,7,2,2,2,0,0,1,7,1,14.88,0,4,0,3,0,0,1,2,1,0,2,1
Mikey Henn,California Baptist,2018-19,20.0,29,69,12,43,6,6,7,2,3,7,35,10,20.0,24,53,8,28,15,23,13,3,1,12,32,10
Mikey Pettway,Western New England,2018-19,20.0,7,18,2,4,10,14,3,0,0,1,8,4,15.27,5,11,3,4,5,5,4,0,0,0,0,1
Mikey Spencer,Salve Regina,2018-19,20.0,2,8,2,5,0,0,0,0,0,1,1,4,14.73,0,2,0,1,0,0,0,0,0,0,0,0
Miks Antoms,Maine,2018-19,20.0,9,18,0,0,4,6,11,0,2,8,20,12,17.95,3,10,0,1,3,4,9,1,2,4,7,7
Milan Acquaah,California Baptist,2018-19,20.0,80,194,36,85,46,51,41,21,2,8,66,47,20.0,66,158,28,80,67,79,39,17,1,7,47,36
Mileek McMillan,Valparaiso,2018-19,20.0,9,23,4,13,10,12,2,2,0,8,11,10,18.72,11,24,5,13,11,12,2,1,1,3,11,6
Miles,,2018-19,0.0,0,0,0,0,0,0,0,0,0,0,1,0,0.0,0,0,0,0,0,0,0,0,0,5,0,2
Miles Brookins,La Salle,2018-19,20.0,24,49,0,3,9,11,4,3,7,14,21,17,20.0,24,45,2,8,16,17,7,5,9,14,17,15
Miles Latimer,Stony Brook,2018-19,17.8,50,137,33,88,21,23,24,16,4,11,43,21,20.0,53,122,27,65,39,51,18,13,2,9,44,20
Miles Meredith,Miles,2018-19,20.0,0,1,0,0,0,0,0,0,0,0,1,0,14.97,1,3,1,3,0,0,0,0,0,0,1,0
Miles Norris,Oregon,2018-19,20.0,17,28,4,10,6,15,1,7,6,10,22,5,18.62,13,27,2,11,8,12,2,4,1,2,11,3
Miles Oliver,Chicago State,2018-19,20.0,0,2,0,0,0,0,0,0,0,0,1,1,14.78,0,1,0,0,0,0,0,0,0,0,1,0
Miles Reynolds,Oklahoma,2018-19,20.0,28,73,3,18,20,29,17,5,0,6,30,19,17.92,31,66,4,15,41,65,16,15,1,7,26,18
Miles Riley,Piedmont,2018-19,20.0,2,4,0,0,1,2,1,0,0,0,2,2,14.88,0,1,0,0,0,0,0,1,0,0,1,1
Miles Tracy,Indiana South Bend,2018-19,20.0,3,3,0,0,2,2,1,0,0,1,1,0,14.83,3,6,0,0,0,0,0,1,0,3,1,2
Miles Washington,Texas Permian Basin,2018-19,0.0,1,2,0,0,0,0,0,1,1,0,4,5,14.8,1,3,0,0,1,2,1,1,2,1,2,2
Miles Wentzien,Northern Iowa,2018-19,0.0,4,16,1,5,2,7,4,0,1,7,5,3,15.37,5,7,2,3,4,7,3,2,0,3,6,7
Milik Gantz,North Carolina A&T,2018-19,20.0,50,91,9,26,10,15,22,17,2,5,34,16,20.0,32,61,6,12,16,21,11,11,4,7,29,18
Milik Yarbrough,Illinois State,2018-19,20.0,87,203,15,45,34,41,47,13,8,10,86,69,20.0,100,212,17,49,70,95,46,10,8,20,97,55
Miller Kopp,Northwestern,2018-19,20.0,27,75,10,30,3,4,15,6,6,4,30,18,20.0,21,59,7,25,8,12,13,6,5,6,17,8
Milligan,,2018-19,0.0,0,0,0,0,0,0,0,0,0,0,4,0,0.0,0,0,0,0,0,0,0,0,0,2,1,0
Millsaps,,2018-19,0.0,0,0,0,0,0,0,0,0,0,3,2,0,0.0,0,0,0,0,0,0,0,0,0,3,1,0
Milos Apic,Long Beach State,2018-19,0.0,0,1,0,1,0,0,0,1,0,0,0,0,14.95,0,0,0,0,2,2,0,1,0,0,1,1
Milos Dugalic,Illinois Tech,2018-19,20.0,0,1,0,1,0,0,1,1,0,0,0,2,20.0,2,2,1,1,0,0,0,0,0,0,2,1
Milos Jovic,Miami (OH),2018-19,20.0,12,21,8,13,3,6,1,2,1,0,7,12,14.8,10,23,2,8,4,9,6,3,1,4,13,10
Milos Milosevic,,2018-19,0.0,0,0,0,0,0,0,0,0,0,0,0,1,0.0,0,0,0,0,0,0,0,0,0,0,0,0
Milos Stajcic,Campbell,2018-19,20.0,3,6,1,1,2,5,2,2,0,2,3,2,20.0,3,7,2,5,0,0,0,0,0,1,0,2
Milos Supica,Charlotte,2018-19,20.0,28,64,0,0,20,29,11,7,6,11,46,32,20.0,49,82,0,0,18,24,14,10,8,19,44,22
Milwaukee,,2018-19,0.0,0,0,0,0,0,0,0,0,0,30,31,5,0.0,0,0,0,0,0,0,0,0,0,25,19,10
Minfeke Sanoe,UT Martin,2018-19,0.0,6,18,0,0,0,1,0,0,3,11,15,12,17.8,8,10,0,0,5,6,4,1,2,3,8,2
Minnesota,,2018-19,0.0,0,0,0,0,0,0,0,0,0,40,25,10,0.0,0,0,0,0,0,0,0,0,0,40,25,9
Misericordia,,2018-19,0.0,0,0,0,0,0,0,0,0,0,1,1,0,0.0,0,0,0,0,0,0,0,0,0,0,0,0
Mississippi College,,2018-19,0.0,0,0,0,0,0,0,0,0,0,2,5,0,0.0,0,0,0,0,0,0,0,0,0,1,0,0
Mississippi State,,2018-19,0.0,0,0,0,0,0,0,0,0,0,28,23,4,0.0,0,0,0,0,0,0,0,0,0,24,18,5
Mississippi Valley State,,2018-19,0.0,0,0,0,0,0,0,0,0,0,15,13,3,0.0,0,0,0,0,0,0,0,0,0,19,7,1
Missouri,,2018-19,0.0,0,0,0,0,0,0,0,0,0,30,29,6,0.0,0,0,0,0,0,0,0,0,0,14,18,8
Missouri Science & Technology,,2018-19,0.0,0,0,0,0,0,0,0,0,0,0,1,1,0.0,0,0,0,0,0,0,0,0,0,2,1,1
Missouri State,,2018-19,0.0,0,0,0,0,0,0,0,0,0,16,21,7,0.0,0,0,0,0,0,0,0,0,0,13,14,6
Mitar Stanojevic,,2018-19,18.57,2,6,0,1,0,1,1,1,0,4,3,3,0.0,3,5,0,1,1,2,0,1,0,5,5,1
Mitch Ballock,Creighton,2018-19,20.0,43,109,32,93,10,12,42,6,2,5,50,21,20.0,51,110,33,82,13,18,44,14,3,20,48,15
Mitch Fairless,Missouri Science & Technology,2018-19,20.0,1,1,0,0,0,0,0,0,0,0,0,2,17.32,1,2,0,0,0,0,0,0,0,0,2,0
Mitch Kwasigroch,St. Francis (ILL),2018-19,20.0,1,5,0,2,0,0,0,0,0,1,3,0,18.75,1,4,1,2,0,0,0,0,0,0,1,0
Mitch Layton,NC Wesleyan,2018-19,15.0,2,2,0,0,0,0,0,0,0,1,0,1,20.0,1,1,0,0,2,2,0,0,0,2,4,1
Mitch Lightfoot,Kansas,2018-19,20.0,16,27,1,4,11,17,5,2,19,16,34,7,20.0,14,28,0,5,7,18,8,3,14,15,24,11
Mitch Peterson,Kent State,2018-19,20.0,19,53,7,27,8,9,20,11,5,18,34,15,20.0,24,57,14,26,4,8,16,7,2,14,24,15
Mitchell Bass,Johnson University (FL),2018-19,20.0,0,2,0,0,0,0,1,0,0,0,2,0,14.92,1,5,0,2,1,1,0,0,2,2,3,2
Mitchell Brown,,2018-19,0.0,0,0,0,0,0,0,0,0,0,0,2,1,14.22,1,1,1,1,0,0,0,0,0,0,1,1
Mitchell Hahn,Buena Vista,2018-19,20.0,72,159,24,70,15,21,16,8,1,9,81,21,14.9,66,146,24,60,29,34,34,6,3,18,80,16
Mitchell Hollis,Covenant,2018-19,20.0,2,6,2,6,2,2,1,0,0,0,2,3,14.97,0,0,0,0,0,0,0,0,0,0,0,1
Mitchell McMullen,,2018-19,0.0,0,0,0,0,0,0,0,0,0,0,1,0,0.0,0,0,0,0,0,0,0,0,0,0,0,0
Mitchell Seraille,Stephen F. Austin,2018-19,20.0,23,40,0,1,6,15,8,4,12,17,37,19,20.0,16,23,0,0,10,19,5,6,16,18,33,14
Mitchell Smith,Missouri,2018-19,20.0,15,31,6,13,7,10,9,2,0,15,22,13,17.98,11,24,4,10,7,9,6,8,5,7,28,9
Mitchell Tarantolo,,2018-19,0.0,0,0,0,0,0,0,0,0,1,0,0,1,0.0,0,0,0,0,0,0,0,0,0,0,0,0
Miye Oni,Yale,2018-19,18.87,82,182,32,75,49,62,47,13,14,10,80,27,20.0,63,149,14,54,35,40,50,11,20,8,60,40
Mladen Armus,East Tennessee State,2018-19,20.0,37,75,0,4,12,30,17,14,16,40,75,39,20.0,48,89,1,3,27,47,22,7,15,35,68,26
Mobile,,2018-19,0.0,0,0,0,0,0,0,0,0,0,5,1,1,0.0,0,0,0,0,0,0,0,0,0,2,2,1
Modesta Britten,Northland College,2018-19,20.0,2,7,0,0,0,2,1,1,0,0,1,2,14.98,3,7,0,0,0,0,0,0,0,1,2,0
Moe Goin,Wesley,2018-19,20.0,0,0,0,0,0,0,1,0,0,1,1,0,14.75,0,1,0,0,0,0,0,0,0,0,1,0
Mohamed Abu Arisha,KY Wesleyan,2018-19,20.0,4,6,3,4,0,0,1,2,0,0,5,2,15.73,1,5,0,3,1,2,0,0,0,1,3,0
Mohamed Bendary,NJIT,2018-19,16.85,31,51,0,1,9,14,13,3,7,10,32,12,20.0,18,27,0,0,9,12,9,3,4,12,29,9
Mohamed Thiam,New Mexico State,2018-19,0.0,15,34,6,22,6,8,2,4,1,14,28,10,19.35,11,32,7,20,2,3,3,1,1,12,17,8
Mohammed Abdulsalam,UNC Greensboro,2018-19,20.0,7,16,0,0,1,5,0,4,1,12,11,1,14.85,1,3,0,0,2,2,2,1,0,4,4,1
Molloy,,2018-19,0.0,0,0,0,0,0,0,0,0,0,3,3,0,0.0,0,0,0,0,0,0,0,0,0,1,2,0
Monmouth,,2018-19,0.0,0,0,0,0,0,0,0,0,0,26,25,8,0.0,0,0,0,0,0,0,0,0,0,34,16,5
Montae Glenn,Georgia Southern,2018-19,20.0,55,94,0,0,24,31,6,3,13,51,54,29,14.95,52,75,0,0,18,26,9,9,18,33,56,19
Montana,,2018-19,0.0,0,0,0,0,0,0,0,0,0,23,28,3,0.0,0,0,0,0,0,0,0,0,0,28,16,3
Montana State,,2018-19,0.0,0,0,0,0,0,0,0,0,0,17,26,5,0.0,0,0,0,0,0,0,0,0,0,17,23,1
Montana Tech,,2018-19,0.0,0,0,0,0,0,0,0,0,0,0,2,0,0.0,0,0,0,0,0,0,0,0,0,0,2,0
Montana-Western,,2018-19,0.0,0,0,0,0,0,0,0,0,0,4,0,0,0.0,0,0,0,0,0,0,0,0,0,1,0,0
Montee Randle,Texas-Tyler,2018-19,20.0,0,1,0,1,0,0,0,1,0,0,0,1,18.0,1,1,0,0,0,0,1,0,0,1,0,0
Montell McRae,Buffalo,2018-19,15.0,34,65,12,38,9,11,9,5,4,25,52,16,20.0,31,54,10,27,21,32,9,7,4,14,29,5
Montez Green,Southeastern Baptist College,2018-19,0.0,0,0,0,0,0,0,0,0,0,0,0,0,14.82,0,1,0,0,0,0,0,0,0,0,1,0
Montez Mathis,Rutgers,2018-19,20.0,45,133,9,37,13,23,16,13,4,13,33,23,14.58,45,104,5,24,38,71,14,9,2,7,30,15
Montraz Oliver,Maryland-Eastern Shore,2018-19,20.0,9,26,2,10,3,5,4,4,0,7,13,6,14.67,12,31,3,10,12,14,4,7,0,6,9,5
Montre' Cash,Averett,2018-19,20.0,0,2,0,1,0,0,4,0,0,0,2,2,17.97,3,8,1,4,0,0,1,2,0,0,1,1
Montreal Nabors,Fisk,2018-19,20.0,1,6,1,4,0,0,2,0,0,0,3,0,14.75,0,2,0,0,0,2,1,0,0,1,1,2
Montrell Horsey,Delaware State,2018-19,20.0,6,31,2,9,7,10,8,5,1,5,7,7,15.88,3,17,1,6,9,12,3,1,0,1,6,9
Monty Johal,Tennessee State,2018-19,20.0,2,4,2,4,0,0,0,0,0,0,2,2,17.17,1,1,1,1,0,0,0,0,0,0,1,1
Monty Urmilevicius,Bryant,2018-19,20.0,0,1,0,0,2,2,0,0,0,1,5,2,14.73,2,3,0,0,0,0,0,1,0,2,2,2
Morehead State,,2018-19,0.0,0,0,0,0,0,0,0,0,0,32,19,3,0.0,0,0,0,0,0,0,0,0,0,24,20,3
Morgan Means,Seattle,2018-19,20.0,49,126,21,61,33,41,37,22,0,4,42,38,20.0,54,154,21,68,53,61,30,10,0,11,47,29
Morgan State,,2018-19,0.0,0,0,0,0,0,0,0,0,0,33,27,5,0.0,0,0,0,0,0,0,0,0,0,29,23,1
Morgan Taylor,Incarnate Word,2018-19,20.0,27,69,3,13,22,28,27,9,0,4,15,24,14.75,26,72,2,11,33,40,17,7,1,4,11,22
Moriba Diaby,Averett,2018-19,20.0,0,2,0,0,0,0,0,0,0,0,1,1,17.97,1,1,0,0,0,0,0,0,0,0,0,0
Morris Udeze,Wichita State,2018-19,20.0,11,22,0,0,3,5,3,0,5,7,13,4,20.0,9,14,0,0,1,3,3,3,2,7,15,3
Moses Brown,UCLA,2018-19,20.0,63,113,0,0,21,62,3,10,30,53,83,29,14.82,54,85,0,0,19,54,5,9,22,42,62,18
Moses Greenwood,SE Louisiana,2018-19,20.0,92,169,7,23,27,45,11,14,11,38,68,36,14.93,100,152,4,10,56,76,16,12,21,39,57,30
Moses McEwen,Portland Bible,2018-19,20.0,0,1,0,0,2,2,0,0,1,1,1,0,14.73,0,1,0,1,0,0,0,0,0,0,1,0
Moses Wood,Tulane,2018-19,20.0,26,63,13,35,20,24,15,11,9,14,36,14,20.0,15,40,5,12,9,13,13,4,6,11,29,11
Moses Wright,Georgia Tech,2018-19,20.0,34,81,2,10,10,19,15,5,10,11,42,13,19.5,40,80,3,9,9,21,7,6,8,11,38,15
Mount Aloysius,,2018-19,0.0,0,0,0,0,0,0,0,0,0,1,2,0,0.0,0,0,0,0,0,0,0,0,0,0,0,0
Mount Saint Vincent,,2018-19,0.0,0,0,0,0,0,0,0,0,0,0,3,0,0.0,0,0,0,0,0,0,0,0,0,0,1,0
Mousa Sinera,Medgar Evers,2018-19,20.0,1,1,0,0,0,0,0,0,0,2,0,2,14.93,0,0,0,0,0,1,0,0,0,0,2,0
Moustapha Diagne,Western Kentucky,2018-19,0.0,1,11,0,6,0,0,2,1,2,4,6,0,14.8,1,5,1,4,0,0,0,0,0,1,2,0
Mt. St. Mary's,,2018-19,0.0,0,0,0,0,0,0,0,0,0,16,27,4,0.0,0,0,0,0,0,0,0,0,0,22,16,3
Mubarak Muhammed,Louisiana Tech,2018-19,20.0,34,79,6,15,4,13,7,8,14,37,44,18,20.0,39,73,3,9,11,25,7,11,10,33,41,12
Mubashar Ali,Southern,2018-19,20.0,0,2,0,0,0,0,0,0,0,1,1,0,15.05,0,0,0,0,1,2,0,0,0,0,0,0
Murray State,,2018-19,0.0,0,0,0,0,0,0,0,0,0,22,25,2,0.0,0,0,0,0,0,0,0,0,0,21,19,5
Musa Jallow,Ohio State,2018-19,20.0,23,58,7,24,9,16,9,12,5,20,38,15,20.0,13,26,5,12,8,8,11,4,4,9,29,13
Mustapha Heron,St. John's,2018-19,20.0,69,170,26,69,31,43,21,14,5,8,69,37,14.88,81,165,22,48,56,74,17,16,1,18,42,29
Mustapha Traore,Monmouth,2018-19,0.0,40,68,0,0,13,16,11,6,4,19,29,17,17.9,32,63,0,0,16,30,8,9,6,20,51,19
Mychael Robinson,Rust,2018-19,0.0,2,3,1,1,0,0,2,1,0,0,4,6,14.88,1,1,0,0,1,2,1,2,0,1,3,5
Mychal Deas,Presentation College,2018-19,20.0,0,3,0,3,1,2,0,0,0,0,0,0,15.77,1,5,1,5,2,2,1,0,0,0,0,1
Mychele Bullock,Midway,2018-19,20.0,0,7,0,3,2,2,1,2,0,0,1,0,14.8,1,4,0,1,0,2,0,0,0,0,2,4
Mykel Woods,Huntingdon,2018-19,20.0,2,3,0,0,1,1,0,0,0,0,0,0,14.95,0,1,0,0,0,0,0,0,2,0,1,0
Mykhailo Yagodin,Maine,2018-19,20.0,3,7,1,4,0,0,1,0,0,0,0,1,17.95,0,3,0,3,0,0,0,0,0,0,0,0
Myles Birgans,Trinity (IL),2018-19,20.0,4,9,3,6,0,0,0,0,0,0,2,1,20.0,3,7,2,4,0,2,2,1,0,0,1,1
Myles Burns,Loyola New Orleans,2018-19,20.0,5,12,1,3,0,0,3,2,1,2,5,4,20.0,8,20,0,3,3,6,1,3,1,1,6,1
Myles Cale,Seton Hall,2018-19,20.0,68,157,33,79,11,20,20,13,2,12,55,25,17.98,47,122,18,52,31,43,15,12,1,5,59,18
Myles Carter,Delaware State,2018-19,20.0,64,146,7,14,43,62,10,4,22,33,90,35,14.92,57,132,2,9,45,67,7,6,19,41,69,29
Myles Cephas,Sacred Heart,2018-19,0.0,0,0,0,0,0,0,0,0,0,0,0,0,19.98,0,0,0,0,1,1,0,0,0,0,0,0
Myles Cherry,Lafayette,2018-19,16.72,25,44,2,8,1,4,9,5,1,18,40,14,20.0,25,38,1,2,3,5,4,4,4,12,28,7
Myles Dread,Penn State,2018-19,20.0,55,124,44,98,6,11,16,11,2,5,33,19,17.72,35,108,22,86,9,16,21,9,3,12,37,4
Myles Franklin,Northeastern,2018-19,0.0,7,23,5,15,0,0,11,1,0,3,7,10,20.0,4,15,1,8,9,14,6,1,0,4,7,4
Myles Hutchinson,McNeese,2018-19,20.0,2,5,1,3,2,2,0,2,0,0,1,0,14.58,0,4,0,3,1,2,0,0,0,0,0,3
Myles Johnson,Rutgers,2018-19,20.0,32,51,0,0,10,18,19,16,10,37,53,21,14.58,26,52,0,0,7,24,13,6,11,38,43,13
Myles Lewis,VMI,2018-19,20.0,60,143,0,10,15,24,16,10,5,19,48,36,14.72,49,101,2,6,24,38,14,18,5,16,31,20
Myles Monroe,Truett-McConnell,2018-19,20.0,2,5,0,0,2,2,1,0,0,1,1,6,16.18,0,0,0,0,0,0,0,0,0,0,0,1
Myles Nesbitt,SE Oklahoma State,2018-19,15.0,0,0,0,0,0,0,1,0,0,0,0,0,20.0,1,3,0,0,0,0,0,0,0,0,3,0
Myles Owens,Kean,2018-19,20.0,0,2,0,2,0,0,0,0,0,0,1,0,14.83,2,2,2,2,0,0,0,1,0,0,0,0
Myles Parker,Auburn,2018-19,0.0,0,0,0,0,0,0,0,0,0,0,0,0,14.83,0,2,0,1,0,0,0,1,0,0,0,0
Myles Patten,Aquinas College,2018-19,20.0,3,6,0,2,0,0,1,0,0,2,0,1,14.97,0,0,0,0,0,2,0,0,0,0,1,2
Myles Powell,Seton Hall,2018-19,20.0,103,238,41,130,65,79,42,27,1,7,45,54,17.98,127,287,58,148,101,118,47,35,4,19,56,40
Myles Rasnick,East Tennessee State,2018-19,0.0,0,0,0,0,0,0,0,0,0,0,0,0,14.97,0,2,0,1,0,0,0,0,0,0,1,0
Myles Simmons,Indiana South Bend,2018-19,20.0,0,1,0,0,0,0,1,1,0,0,0,2,14.83,0,2,0,1,1,2,1,0,0,0,0,2
Myles Smith,Texas A&M-CC,2018-19,15.77,8,20,0,6,6,6,8,0,0,2,5,6,20.0,13,28,6,15,6,7,5,2,0,2,6,7
Myles Stephens,Princeton,2018-19,20.0,60,135,13,42,18,26,10,13,6,7,61,28,18.37,60,145,4,29,36,46,13,7,6,16,70,14
Myles Thompson,St. Francis (PA),2018-19,20.0,32,80,7,27,12,19,8,4,3,21,40,12,18.65,24,53,3,18,14,22,3,2,3,13,23,7
Myles White,Brewton-Parker,2018-19,20.0,1,4,1,3,0,0,2,0,0,0,4,1,17.65,2,4,1,2,0,0,0,0,0,0,0,0
Myo Baxter-Bell,Liberty,2018-19,20.0,35,70,0,6,14,18,24,7,5,11,30,21,14.9,27,54,0,0,16,23,21,13,1,8,21,17
Myreon Jones,Penn State,2018-19,20.0,19,70,9,34,5,7,9,7,0,2,13,9,17.72,18,51,7,27,16,21,6,8,0,2,11,5
Myron Gordon,Samford,2018-19,20.0,59,133,14,49,38,44,33,15,3,8,33,31,16.68,48,122,15,41,58,69,17,9,3,5,26,18
Myron Prewitt,,2018-19,0.33,5,11,1,3,1,2,0,1,1,2,1,2,0.0,5,6,2,3,0,0,1,0,0,0,1,1
N'Jai LeBlanc,Menlo,2018-19,20.0,3,9,0,3,0,0,1,0,0,0,1,1,15.95,0,2,0,1,0,0,2,0,0,1,2,5
NC State,,2018-19,0.0,0,0,0,0,0,0,0,0,0,49,28,1,0.0,0,0,0,0,0,0,0,0,0,27,30,2
NC Wesleyan,,2018-19,0.0,0,0,0,0,0,0,0,0,0,0,1,0,0.0,0,0,0,0,0,0,0,0,0,0,0,0
NJIT,,2018-19,0.0,0,0,0,0,0,0,0,0,0,13,25,6,0.0,0,0,0,0,0,0,0,0,0,18,18,6
NaJarius Green,South Wesleyan,2018-19,20.0,1,1,0,0,0,0,2,0,0,0,0,3,17.87,1,3,1,2,0,0,1,0,0,0,0,1
Nabeel Elabdeia,Colorado College,2018-19,20.0,0,1,0,0,0,0,1,0,0,0,1,0,14.93,0,0,0,0,0,0,1,0,0,0,0,0
Nadi Beciri,Fairleigh Dickinson,2018-19,20.0,1,3,0,1,0,1,0,0,0,1,1,0,14.58,1,3,1,2,1,2,0,1,0,1,1,1
Naequon Newman,Hiwassee College,2018-19,20.0,5,12,2,3,2,4,2,5,0,2,6,9,14.97,1,7,0,1,1,2,4,2,0,2,3,3
Naheed John,St. Mary's (MD),2018-19,20.0,1,3,0,1,0,0,0,0,0,0,1,2,14.75,0,2,0,1,2,2,0,0,0,1,1,0
Nahziah Carter,Washington,2018-19,20.0,53,110,14,44,12,20,16,7,7,14,16,19,14.85,44,91,6,19,29,46,12,7,0,14,28,16
Naija Chandler,East-West University,2018-19,20.0,2,4,0,0,2,2,0,0,0,1,2,0,14.8,0,2,0,0,0,0,0,0,0,1,1,1
Naim Ladd,Central Washington,2018-19,20.0,1,2,0,1,0,0,0,0,0,0,0,1,17.97,0,1,0,0,0,0,0,0,0,0,0,0
Naji Marshall,Xavier,2018-19,20.0,82,209,22,86,33,44,62,19,4,9,109,50,17.87,74,189,24,78,66,91,46,16,3,17,88,50
Nakia Rivers,Fayetteville State,2018-19,20.0,1,3,1,1,0,0,0,1,0,0,0,0,17.77,2,2,1,1,0,0,0,0,0,0,0,0
Nakye Sanders,Towson,2018-19,20.0,46,90,4,9,27,36,12,4,10,18,61,26,14.75,34,68,0,2,38,55,10,10,8,27,49,15
Namon Wright,Colorado,2018-19,20.0,10,34,4,18,13,16,5,2,3,2,15,8,14.87,12,19,5,8,9,11,3,4,0,3,8,2
Nana Akenten,Nebraska,2018-19,20.0,17,54,8,33,3,6,6,5,3,12,21,4,15.23,16,43,7,26,2,5,1,4,0,7,22,3
Nana Opoku,Mt. St. Mary's,2018-19,20.0,17,53,3,25,10,10,7,2,21,10,39,14,14.8,28,57,5,18,26,38,5,6,24,17,31,21
Naquavah Jackson,Medgar Evers,2018-19,0.0,0,0,0,0,0,0,0,0,0,0,0,0,14.93,0,1,0,0,1,4,0,1,0,2,0,0
Nasir Core,Florida A&M,2018-19,20.0,9,21,5,11,3,4,10,4,0,1,6,2,19.17,17,33,6,10,8,13,16,10,0,6,8,12
Nassir Little,North Carolina,2018-19,20.0,67,145,6,25,26,30,12,9,9,30,49,22,18.38,53,100,7,17,38,51,7,11,9,21,46,22
Nassyr Daniel,Mars Hill,2018-19,20.0,2,5,0,0,0,0,1,0,0,1,4,4,14.93,2,4,0,0,0,0,0,0,0,0,0,3
Nat Dixon,SMU,2018-19,20.0,29,74,21,55,6,9,21,12,1,10,22,13,19.02,15,56,9,36,14,17,24,6,0,11,12,11
Nate Brown,,2018-19,0.0,0,0,0,0,0,0,0,0,0,0,0,1,0.0,0,0,0,0,0,0,0,0,0,0,0,0
Nate Bruneel,College of Idaho,2018-19,20.0,0,6,0,4,0,0,0,0,0,0,1,0,14.95,1,1,0,0,0,0,0,0,0,1,1,0
Nate Christian,Mount Aloysius,2018-19,20.0,0,3,0,1,0,0,0,0,0,1,2,1,14.92,1,2,0,0,0,0,0,0,0,2,2,2
Nate Fowler,Butler,2018-19,20.0,36,80,8,21,8,12,15,5,1,28,29,22,16.43,28,62,7,24,22,33,14,4,5,28,29,8
Nate Garvey,Howard,2018-19,0.0,0,1,0,1,0,0,0,0,0,0,0,0,14.78,2,3,2,3,0,0,1,1,0,0,0,0
Nate Grimes,Fresno State,2018-19,19.95,80,138,2,11,17,23,9,9,24,42,92,27,20.0,48,81,2,4,33,57,11,12,20,34,88,20
Nate Hale,Rivier,2018-19,20.0,1,10,1,5,0,0,0,0,0,0,1,3,14.85,3,5,2,2,2,2,0,0,0,0,0,1
Nate Hinton,Houston,2018-19,20.0,52,125,17,48,32,38,23,21,1,18,63,17,14.8,31,83,11,34,21,25,12,13,0,21,50,16
Nate Hobbs,New Hampshire,2018-19,0.0,0,0,0,0,0,0,0,0,0,0,0,0,14.85,0,0,0,0,0,0,1,0,0,0,0,0
Nate Johnson,Gardner-Webb,2018-19,19.48,53,125,29,78,9,12,22,26,11,7,67,15,20.0,39,85,19,53,24,31,23,15,3,2,50,11
Nate Jones,Bucknell,2018-19,20.0,14,43,9,32,4,6,9,4,2,4,20,7,20.0,8,16,7,13,0,0,8,3,1,2,12,4
Nate Kennell,Bradley,2018-19,20.0,53,127,32,79,10,14,30,4,3,3,39,22,15.58,49,117,27,72,22,36,29,15,3,3,34,10
Nate Laszewski,Notre Dame,2018-19,20.0,41,103,27,77,8,9,2,3,7,20,39,7,14.97,26,62,15,39,22,33,5,3,4,18,26,6
Nate Louis,Charleston Southern,2018-19,20.0,23,57,21,47,3,4,9,8,1,1,8,5,14.87,22,48,20,38,3,4,14,4,1,3,8,4
Nate Lyles,Kean,2018-19,20.0,3,4,1,2,1,2,1,0,0,0,1,1,14.83,0,1,0,1,0,0,1,1,0,0,0,0
Nate Martin,Emerson College,2018-19,20.0,1,2,0,0,0,0,2,0,0,0,0,1,14.78,0,3,0,0,0,2,0,0,0,0,2,2
Nate Michael,McKendree,2018-19,20.0,3,10,1,6,0,0,6,0,0,0,3,3,17.45,2,9,1,4,0,0,0,0,0,2,5,3
Nate Navigato,Toledo,2018-19,20.0,70,149,38,90,14,17,44,9,9,12,41,17,20.0,73,152,44,90,23,27,38,11,9,12,50,13
Nate Pierre-Louis,Temple,2018-19,20.0,56,147,10,37,24,37,35,28,4,12,67,20,17.68,89,166,15,41,66,98,28,23,4,28,60,28
Nate Renfro,San Francisco,2018-19,20.0,32,63,8,16,10,28,17,6,7,19,27,22,14.78,26,55,4,12,17,31,17,5,8,15,36,11
Nate Reuvers,Wisconsin,2018-19,20.0,47,113,14,38,5,12,17,8,23,20,33,18,20.0,51,103,16,39,18,25,14,2,32,20,52,11
Nate Rigmaiden,Harris Stowe,2018-19,20.0,2,5,0,3,0,1,1,1,0,0,2,0,20.0,8,12,5,8,3,3,0,1,0,0,1,2
Nate Schuster,,2018-19,0.0,0,0,0,0,0,0,0,0,0,0,0,0,0.0,0,0,0,0,0,0,0,0,0,0,2,1
Nate Sestina,Bucknell,2018-19,16.98,70,147,24,54,25,33,11,3,9,32,82,33,20.0,98,161,17,45,45,54,24,7,22,26,104,26
Nate Watson,Providence,2018-19,20.0,74,129,0,0,34,57,6,4,15,37,47,23,19.6,63,109,0,1,59,87,5,6,9,38,45,18
Nathan Bain,Stephen F. Austin,2018-19,20.0,36,63,7,16,12,18,16,14,7,12,45,23,20.0,28,71,7,21,11,19,22,24,5,25,34,22
Nathan Caldwell,Blue Mountain College,2018-19,0.0,0,0,0,0,0,0,0,0,0,0,0,0,14.9,0,1,0,1,0,0,0,0,0,1,0,1
Nathan Carbaugh,,2018-19,5.62,1,4,0,0,0,0,0,0,1,0,3,0,0.0,0,0,0,0,0,0,0,0,0,0,0,1
Nathan Cayo,Richmond,2018-19,20.0,83,142,1,1,36,64,31,13,12,23,42,22,15.97,71,117,0,2,41,69,22,12,12,15,49,23
Nathan Ekwu,Davidson,2018-19,20.0,9,16,0,1,0,0,2,0,1,4,9,6,17.1,3,4,1,1,0,5,1,0,2,2,9,3
Nathan Fontenot,East Texas Baptist,2018-19,20.0,1,4,1,4,0,0,4,0,0,0,4,2,17.95,0,2,0,0,0,0,1,0,0,0,0,2
Nathan Harper,Trevecca Nazarene,2018-19,20.0,1,2,1,2,0,0,1,0,0,0,0,1,14.9,2,7,1,5,1,1,0,0,0,0,6,0
Nathan Hastings,Milligan,2018-19,20.0,0,1,0,1,0,0,0,0,0,0,2,0,14.83,0,1,0,0,0,0,0,0,0,0,1,0
Nathan Hoover,Wofford,2018-19,20.0,56,127,36,80,16,18,15,6,1,4,29,11,18.38,74,156,43,88,42,47,15,12,0,3,38,8
Nathan Josephs,Texas Lutheran,2018-19,20.0,0,6,0,4,0,0,6,1,0,0,1,4,20.0,0,0,0,0,0,0,2,0,0,0,0,0
Nathan Knight,William & Mary,2018-19,20.0,84,155,6,21,54,70,53,8,32,33,78,34,20.0,99,165,3,12,80,119,42,3,32,32,72,31
Nathan Lessing,Northwestern Ohio,2018-19,20.0,4,8,0,1,4,4,0,1,0,1,2,1,14.98,0,3,0,0,0,0,1,0,0,0,0,0
Nathan Mensah,San Diego State,2018-19,20.0,37,77,0,0,22,29,9,5,20,46,52,9,16.88,24,38,0,0,17,26,9,3,15,26,38,6
Nathan Messer,Truman State,2018-19,20.0,1,2,1,2,0,0,0,0,0,1,0,1,20.0,0,3,0,2,0,0,1,0,1,0,2,0
Nathan Moran,Lipscomb,2018-19,20.0,24,62,17,51,3,3,21,7,1,2,17,19,20.0,16,54,14,43,16,16,18,8,0,5,6,13
Nathan Priddy,Elon,2018-19,19.98,35,93,20,51,9,10,37,8,1,5,38,25,18.38,33,87,18,50,8,10,25,9,0,4,25,19
Nathan Ramos,,2018-19,0.0,0,0,0,0,0,0,0,0,0,0,0,0,0.0,0,0,0,0,0,0,0,1,0,0,1,0
Nathan Robinson,South Dakota,2018-19,20.0,3,13,0,7,5,8,2,0,0,3,9,4,15.25,2,19,1,12,9,15,2,0,0,1,5,0
Nathan Serrano,Pine Manor,2018-19,20.0,1,2,0,0,0,2,0,0,0,1,1,0,14.83,0,0,0,0,0,0,0,1,0,0,0,0
Nathan Sheffield,Miles,2018-19,20.0,3,8,3,8,0,0,1,0,0,0,4,0,20.0,1,3,1,2,0,0,0,0,0,0,3,0
Nathan Walpole,,2018-19,9.98,0,3,0,1,0,0,0,0,0,0,1,0,0.0,0,0,0,0,0,0,0,0,0,0,0,1
Nathaniel Collins,Albion,2018-19,20.0,0,2,0,2,0,0,1,0,1,0,2,1,17.95,2,2,2,2,0,0,0,2,0,0,0,3
Nathaniel Schmittler,Oakland City,2018-19,20.0,0,0,0,0,0,1,1,0,0,1,1,0,14.92,0,0,0,0,0,0,0,1,0,0,0,0
Navy,,2018-19,0.0,0,0,0,0,0,0,0,0,0,27,20,4,0.0,0,0,0,0,0,0,0,0,0,25,32,5
Naz Bohannon,Youngstown St,2018-19,20.0,42,98,2,10,11,17,36,8,4,47,68,37,15.87,52,99,3,11,15,26,43,13,1,46,68,24
Naz Reid,LSU,2018-19,20.0,53,134,12,40,32,45,16,10,15,27,66,44,14.93,91,177,11,30,50,67,11,11,7,45,71,34
Ndene Gueye,UT Rio Grande Valley,2018-19,20.0,12,28,0,0,1,2,2,4,8,7,17,12,20.0,14,30,0,0,5,11,4,2,3,12,21,5
Neal Chambliss,Hardin-Simmons,2018-19,20.0,1,5,0,0,2,2,3,0,3,2,1,0,14.77,0,1,0,0,2,2,0,0,0,0,0,0
Nebraska,,2018-19,0.0,0,0,0,0,0,0,0,0,0,29,25,13,0.0,0,0,0,0,0,0,0,0,0,28,22,2
Neemias Queta,Utah State,2018-19,20.0,83,143,2,4,25,43,27,8,49,40,100,40,14.9,70,110,0,1,44,81,25,14,29,40,107,36
Neftali Alvarez,Fairfield,2018-19,20.0,68,150,16,55,19,26,63,21,1,11,54,49,20.0,57,149,11,46,20,35,32,17,1,6,35,33
Nehemiah Darrett,Florida Memorial,2018-19,20.0,4,11,0,0,0,0,0,0,2,6,3,1,15.3,2,3,0,0,1,1,1,0,2,1,1,2
Nehemiah Mack,Manhattan,2018-19,20.0,18,48,9,26,9,10,37,14,0,6,17,27,20.0,34,74,17,38,30,35,40,19,1,3,24,22
Nelson Boachie-Yiadom,Davidson,2018-19,0.0,0,0,0,0,0,0,0,0,0,0,0,0,14.97,0,0,0,0,1,2,0,1,0,1,0,0
Nelson Kaputo,St. Bonaventure,2018-19,15.0,40,95,17,53,4,4,25,11,0,2,32,20,20.0,18,54,16,38,9,11,15,6,0,4,22,12
Nelson Nweke,North Carolina A&T,2018-19,20.0,15,33,0,0,10,16,4,2,4,14,17,3,20.0,3,10,0,0,1,2,1,1,5,5,9,2
Nelson Phillips,Georgia State,2018-19,20.0,32,59,1,7,15,21,6,13,2,28,32,12,20.0,30,50,5,9,15,28,7,8,2,17,22,9
Nemanja Brankov,Ave Maria,2018-19,20.0,5,6,0,0,0,0,1,0,0,0,6,3,14.73,0,1,0,0,0,0,0,0,0,0,0,1
Nevada,,2018-19,0.0,0,0,0,0,0,0,0,0,0,24,28,3,0.0,0,0,0,0,0,0,0,0,0,21,16,1
Nevell Lenard,York,2018-19,20.0,4,5,2,2,0,1,0,0,2,1,4,1,15.25,1,2,0,1,0,0,0,0,0,0,2,0
Nevin Zink,South Carolina Upstate,2018-19,20.0,20,43,0,0,11,17,1,3,8,13,32,14,19.2,25,42,0,0,18,23,3,3,4,17,27,18
New Hampshire,,2018-19,0.0,0,0,0,0,0,0,0,0,0,12,23,4,0.0,0,0,0,0,0,0,0,0,0,23,15,6
New Mexico,,2018-19,0.0,0,0,0,0,0,0,0,0,0,25,18,3,0.0,0,0,0,0,0,0,0,0,0,31,18,5
New Mexico State,,2018-19,0.0,0,0,0,0,0,0,0,0,0,14,8,6,0.0,0,0,0,0,0,0,0,0,0,18,6,3
New Orleans,,2018-19,0.0,0,0,0,0,0,0,0,0,0,26,37,8,0.0,0,0,0,0,0,0,0,0,0,33,29,10
New Williams,Fresno State,2018-19,20.0,31,107,19,84,15,21,11,14,5,5,43,18,14.77,38,89,24,60,9,15,11,9,2,6,34,10
Newlon Gillihan,Millsaps,2018-19,20.0,5,7,4,4,2,2,1,0,0,3,3,3,14.92,2,3,1,2,0,0,0,1,0,1,1,1
Newman Ward,,2018-19,2.53,3,4,2,3,0,0,0,0,0,0,2,2,0.0,0,1,0,0,0,0,0,0,0,0,1,0
Niagara,,2018-19,0.0,0,0,0,0,0,0,0,0,0,16,25,4,0.0,0,0,0,0,0,0,0,0,0,35,25,5
Nic Chambers,Milligan,2018-19,0.0,1,1,0,0,0,0,0,0,0,0,1,0,14.83,0,0,0,0,0,1,0,0,0,0,2,1
Nic Lynch,Lehigh,2018-19,20.0,26,51,0,0,14,21,0,5,8,19,39,12,17.98,13,34,0,0,3,14,0,1,5,10,28,13
Nic Thomas,Norfolk State,2018-19,20.0,49,143,32,84,41,55,25,11,2,9,50,34,14.87,57,147,30,84,45,56,23,8,0,11,25,23
Nicholas,,2018-19,0.0,0,0,0,0,0,0,0,0,11,0,0,0,0.0,0,0,0,0,0,0,0,0,4,0,0,0
Nicholas Baer,Iowa,2018-19,20.0,37,80,19,53,17,24,19,16,17,14,58,7,19.93,33,73,20,45,14,22,21,14,14,19,45,14
Nicholas Blocker,Webber International,2018-19,20.0,0,0,0,0,1,4,1,1,0,0,2,4,15.82,0,1,0,0,0,0,0,1,0,0,0,2
Nicholas Garrett Corl,West Coast Baptist,2018-19,20.0,2,22,1,20,0,0,2,2,0,1,10,7,14.6,1,6,1,4,0,0,1,0,0,0,3,1
Nicholas Johnson,,2018-19,0.0,0,0,0,0,0,0,0,0,0,0,1,0,0.0,0,0,0,0,0,0,0,0,0,0,0,0
Nicholas King,Bloomsburg University,2018-19,20.0,2,6,0,1,0,0,0,0,0,0,0,3,14.88,1,3,1,1,0,0,0,0,0,0,1,0
Nicholas McDonald,Warren Wilson,2018-19,20.0,2,2,0,0,0,0,0,0,0,0,2,3,14.93,2,8,0,0,0,2,1,2,0,1,0,2
Nicholas Ovanessian,SUNY Maritime,2018-19,20.0,1,2,0,0,0,0,0,0,0,0,0,2,14.93,0,2,0,0,0,0,0,0,0,0,0,2
Nicholas Passino,IU-Northwest,2018-19,20.0,1,2,0,0,0,0,0,0,0,0,0,2,14.98,1,1,0,0,0,0,0,0,0,0,1,0
Nicholas Roberson,Penn State Wilkes-Barre,2018-19,20.0,0,0,0,0,0,1,0,0,0,0,1,0,15.97,0,0,0,0,0,0,0,0,0,0,0,0
Nicholas Smith,Kentucky Christian,2018-19,20.0,2,4,0,1,1,3,1,1,0,0,2,2,17.62,0,1,0,0,2,2,1,1,0,0,0,0
Nicholas Toledo,Webber International,2018-19,20.0,1,3,0,1,0,0,1,1,0,0,0,0,15.82,0,0,0,0,4,6,0,0,0,0,0,1
Nicholas Woods,Hood College,2018-19,20.0,1,2,0,0,0,0,0,1,0,0,1,0,14.88,1,2,1,2,0,0,0,0,0,0,0,2
Nicholls,,2018-19,0.0,0,0,0,0,0,0,0,0,0,13,24,5,0.0,0,0,0,0,0,0,0,0,0,16,31,0
Nick Allen,,2018-19,0.38,56,118,15,47,10,15,21,10,7,18,61,29,0.0,48,101,14,40,12,19,17,11,8,23,48,17
Nick Baskin Jr,Trinity Baptist,2018-19,20.0,0,0,0,0,0,0,3,0,0,0,0,0,14.83,0,0,0,0,0,0,1,0,0,0,0,0
Nick Baskin Jr.,Trinity Baptist,2018-19,0.0,0,5,0,3,2,3,0,1,0,0,0,3,14.83,1,8,0,6,0,0,0,1,0,0,4,4
Nick Blair,UNLV,2018-19,0.0,23,58,7,23,10,14,10,6,0,16,38,11,14.63,13,34,5,15,12,19,8,2,3,15,27,9
Nick Brown,Eastern New Mexico,2018-19,20.0,1,8,1,6,1,2,0,1,1,0,4,3,20.0,4,13,2,9,1,2,1,1,0,1,2,2
Nick Corbett,Molloy,2018-19,20.0,4,9,1,4,1,2,2,0,0,0,1,4,16.25,1,7,0,2,1,2,2,1,0,0,0,0
Nick Crankshaw,San Diego Christian,2018-19,20.0,2,6,2,4,0,0,2,2,0,0,1,3,14.93,2,7,1,5,0,0,4,0,0,0,3,0
Nick DeGennaro,Western New England,2018-19,20.0,0,3,0,3,0,0,2,0,0,0,0,2,15.27,2,4,2,4,0,0,2,0,0,0,2,2
Nick Detlev,Urbana,2018-19,20.0,0,1,0,0,0,0,0,0,2,0,0,1,14.88,0,0,0,0,0,0,0,0,0,0,0,0
Nick Dufault,Southwest Minnesota State,2018-19,20.0,0,2,0,1,0,0,0,0,0,0,0,0,15.0,1,2,0,0,0,0,0,0,0,0,0,0
Nick Emery,BYU,2018-19,20.0,19,47,10,28,4,10,24,8,1,2,17,11,18.82,26,60,16,41,12,17,13,15,0,2,16,9
Nick Fitts,Montana Tech,2018-19,20.0,1,3,1,3,0,0,0,0,0,0,0,1,14.7,1,2,1,2,0,0,1,0,0,0,0,0
Nick Fort,KY Wesleyan,2018-19,20.0,1,1,0,0,0,0,0,0,0,0,1,0,15.73,1,2,0,1,1,2,3,0,0,2,0,2
Nick Fruscio,Albany,2018-19,0.0,0,0,0,0,0,0,0,0,0,0,0,0,20.0,0,1,0,0,0,0,0,0,0,0,0,0
Nick Garth,Lamar,2018-19,20.0,80,182,45,106,30,31,30,11,1,4,39,16,16.73,67,163,29,92,62,76,27,18,1,5,20,20
Nick Gemmell,Rosemont College,2018-19,20.0,0,2,0,2,0,0,0,1,0,0,0,0,14.93,1,2,1,1,0,1,1,0,0,0,0,0
Nick Guadarrama,New Hampshire,2018-19,20.0,31,71,14,32,7,22,12,11,6,14,59,27,14.85,39,84,14,35,21,35,24,13,3,19,49,14
Nick Harris,Charleston,2018-19,20.0,23,43,0,0,14,17,2,4,10,20,41,9,19.8,10,26,0,0,10,16,4,7,7,13,29,8
Nick Honor,Fordham,2018-19,20.0,64,170,31,78,6,11,44,10,0,4,24,21,20.0,76,212,25,94,50,58,39,12,0,10,24,23
Nick Hopkins,Belmont,2018-19,20.0,24,66,21,57,2,2,14,8,1,1,15,9,17.27,19,43,16,38,7,8,11,5,0,0,17,7
Nick Hough,Appalachian State,2018-19,0.0,1,2,1,2,0,0,1,0,0,0,3,2,14.93,0,1,0,1,0,0,0,0,0,0,0,0
Nick Klarman,Sonoma State,2018-19,20.0,0,2,0,1,0,0,1,0,1,0,3,0,15.7,0,1,0,1,0,0,0,0,0,0,1,0
Nick LaVere,Dominican (IL),2018-19,0.0,0,0,0,0,0,0,0,1,0,0,1,1,14.98,0,1,0,1,0,0,0,0,0,0,0,0
Nick Mayo,Eastern Kentucky,2018-19,20.0,101,224,26,77,64,72,28,20,24,39,88,45,14.8,107,231,18,59,109,128,32,14,25,28,87,36
Nick McGlynn,Drake,2018-19,20.0,87,164,9,35,35,49,24,6,24,25,91,22,14.58,84,160,4,28,53,69,19,10,26,31,105,33
Nick Muszynski,Belmont,2018-19,20.0,74,124,4,7,4,8,38,6,27,12,50,17,17.27,48,94,3,9,26,34,18,7,18,13,47,11
Nick Navarro,Northwest University,2018-19,20.0,5,10,2,3,1,1,0,0,1,0,1,0,14.83,4,6,3,5,0,0,0,0,0,2,2,1
Nick Norton,Drake,2018-19,20.0,29,59,16,34,4,6,39,12,0,1,24,13,14.58,27,55,11,33,10,10,22,3,0,1,17,10
Nick Obazuaye,Dickinson State,2018-19,0.0,0,0,0,0,0,0,0,0,0,0,0,0,14.73,1,3,0,0,0,0,0,0,0,1,0,0
Nick Perkins,Buffalo,2018-19,16.52,90,188,24,63,37,68,8,6,16,29,77,29,20.0,76,171,19,50,73,97,15,9,11,38,99,32
Nick Rakocevic,USC,2018-19,20.0,93,164,0,0,30,50,14,16,12,47,84,27,20.0,81,154,0,4,63,89,27,11,31,57,99,26
Nick Richards,Kentucky,2018-19,0.0,25,40,0,0,23,32,4,1,30,30,36,17,14.78,18,32,0,0,12,19,3,2,13,19,21,6
Nick Rogers,IUPUI,2018-19,20.0,17,39,6,21,3,7,15,9,0,5,7,23,17.87,22,45,12,30,23,31,23,11,0,2,18,13
Nick Rutherford,Monmouth,2018-19,20.0,22,51,3,8,16,20,21,19,5,7,44,29,17.9,17,59,2,16,16,20,30,27,6,3,38,23
Nick Sherod,Richmond,2018-19,20.0,10,19,4,10,3,4,9,5,0,1,7,5,15.97,6,14,1,4,0,0,5,0,0,1,10,3
Nick Staiti,Reinhardt,2018-19,0.0,0,0,0,0,0,0,0,0,0,0,0,0,14.93,0,1,0,1,0,0,0,0,0,0,0,0
Nick Ward,Michigan State,2018-19,20.0,100,176,2,2,71,102,14,5,29,31,87,34,20.0,59,100,0,0,40,65,8,6,13,27,57,33
Nick Weatherspoon,Mississippi State,2018-19,20.0,52,104,11,29,21,28,28,13,2,2,33,16,14.87,34,77,8,20,12,18,23,17,2,3,30,15
Nick Weiler-Babb,Iowa State,2018-19,20.0,50,128,21,58,21,28,67,30,8,14,68,26,14.63,50,123,21,56,41,52,65,16,4,14,70,27
Nickeil Alexander-Walker,Virginia Tech,2018-19,20.0,90,192,31,79,34,47,62,33,10,5,47,45,14.78,76,161,22,59,71,90,61,25,7,9,62,41
Nicklas Jonsson,Lindenwood,2018-19,20.0,2,5,2,5,1,2,0,0,0,0,1,1,17.87,0,0,0,0,0,0,0,0,0,0,1,0
Nickolas Turner,,2018-19,2.25,1,2,0,0,0,0,0,0,0,0,2,2,0.0,0,1,0,0,0,0,0,0,0,1,0,1
Nicky Bonura,SUNY-Cortland,2018-19,20.0,2,5,2,4,0,0,0,0,0,0,0,1,14.92,2,5,1,2,0,0,0,0,0,0,0,1
Nico Carvacho,Colorado State,2018-19,20.0,113,189,0,2,31,66,37,10,5,63,146,37,14.83,93,162,0,0,49,93,29,10,15,59,134,30
Nico Rojas,Florida National,2018-19,20.0,2,2,0,0,0,0,0,0,0,0,2,0,14.93,0,2,0,0,0,0,0,0,1,1,1,1
Nicolas Claxton,Georgia,2018-19,20.0,66,145,10,28,51,77,32,19,37,39,109,34,14.92,70,148,8,35,69,111,26,15,43,31,85,32
Nicolas Fennell,North Carolina Central,2018-19,20.0,5,10,3,6,3,4,5,4,1,2,7,7,14.73,10,14,1,4,4,8,10,8,1,6,8,2
Nicolas Hobbs,Iowa,2018-19,0.0,0,0,0,0,0,0,0,0,0,0,0,0,14.93,1,1,1,1,0,0,0,0,0,0,0,0
Nicolas Timberlake,Towson,2018-19,20.0,4,17,2,8,1,3,9,2,0,2,8,5,14.75,10,20,2,5,4,5,3,1,0,5,7,2
Nieja Jordan,Florida Tech,2018-19,20.0,0,2,0,2,0,0,0,1,0,0,0,1,14.83,0,0,0,0,0,2,0,1,0,0,0,0
Nigel Hawkins,UTEP,2018-19,20.0,36,136,10,51,30,39,25,14,3,10,45,43,15.03,59,155,18,68,64,77,22,9,4,16,48,39
Nigel Jackson,Wagner,2018-19,17.82,34,93,19,57,8,15,9,8,11,18,29,17,20.0,35,103,14,56,2,2,10,6,6,11,20,14
Nigel Marshall,Coppin State,2018-19,20.0,14,38,3,8,1,4,8,8,2,2,12,15,14.9,14,36,1,12,4,7,2,3,1,3,7,5
Nigel Ribeiro,Grambling,2018-19,20.0,13,35,3,11,2,5,7,7,0,3,13,13,20.0,8,30,2,11,0,0,9,0,1,1,20,2
Nijal Pearson,Texas State,2018-19,20.0,73,177,26,75,24,38,16,13,1,19,49,28,14.77,64,170,29,83,30,43,14,23,4,19,42,19
Nik Mains,Northern Arizona,2018-19,20.0,25,56,6,25,4,7,6,6,4,7,20,7,17.17,25,45,8,20,19,27,3,8,4,3,16,6
Nik Popovic,Boston College,2018-19,20.0,59,128,2,22,12,19,17,6,7,29,63,32,20.0,80,140,7,15,54,71,11,8,12,36,59,23
Nike Sibande,Miami (OH),2018-19,20.0,71,181,36,101,33,49,18,12,5,16,65,29,14.8,72,183,28,94,61,88,13,12,6,11,59,26
Nikita Orap,Webber International,2018-19,20.0,0,1,0,1,0,0,1,0,0,0,1,0,15.82,0,1,0,1,0,0,0,0,0,0,0,0
Nikkei Rutty,Monmouth,2018-19,20.0,7,13,0,0,4,10,2,0,2,9,5,6,17.9,0,4,0,0,2,8,0,1,0,3,6,4
Niko Bevens,Alaska Anchorage,2018-19,20.0,4,9,4,9,2,2,0,0,0,0,2,1,14.77,0,1,0,1,0,0,0,0,0,0,1,0
Nikola Andric,,2018-19,17.53,0,1,0,0,0,1,0,1,0,3,6,2,0.0,1,3,0,1,1,2,2,0,0,2,0,2
Nikola Colovic,Hartford,2018-19,0.0,3,3,0,0,1,3,0,0,0,1,2,0,14.88,2,2,0,0,1,2,1,0,0,0,0,2
Nikola Djogo,Notre Dame,2018-19,20.0,11,24,5,15,3,5,8,5,3,3,20,8,19.23,6,19,2,11,2,3,5,0,0,3,10,1
Nikola Maric,Little Rock,2018-19,18.78,49,98,7,16,36,60,18,4,12,14,53,54,20.0,57,104,4,13,30,44,30,3,7,25,31,33
Nikola Pesic,Truman State,2018-19,20.0,1,2,1,1,2,3,0,0,0,0,0,1,20.0,0,0,0,0,0,0,0,0,0,0,0,1
Nikola Prvulj,NW Nazarene,2018-19,0.0,0,0,0,0,0,0,0,0,0,0,0,0,14.97,0,1,0,0,0,0,0,0,0,0,0,0
Nikola Rajkovic,Mobile,2018-19,0.0,0,0,0,0,0,0,0,0,0,0,0,0,14.77,0,1,0,0,0,1,0,0,0,0,5,1
Nikola Rajkvoic,Mobile,2018-19,20.0,0,2,0,1,0,0,0,0,0,0,1,0,17.05,1,2,0,0,0,0,1,0,0,0,0,0
Nikola Scekic,South Florida,2018-19,20.0,3,8,1,6,0,1,0,0,0,1,0,0,17.73,1,4,0,2,0,0,0,0,0,0,1,1
Nikolas Brown,Elms College,2018-19,20.0,1,3,0,0,0,0,0,0,0,1,0,0,15.38,0,0,0,0,0,0,0,0,0,0,0,1
Niksa Nikolic,Iona,2018-19,20.0,12,21,0,0,2,4,4,2,4,16,12,9,20.0,12,20,0,0,0,1,4,4,16,11,9,10
Nino Hernandez,Bryant,2018-19,20.0,5,9,0,2,3,5,2,2,0,3,5,10,14.78,7,9,0,0,8,10,5,0,1,3,4,4
Nisre Zouzoua,Nevada,2018-19,20.0,3,12,2,9,0,0,1,0,0,0,1,1,17.82,2,12,0,8,1,3,2,0,1,2,7,2
Noah Barnes,,2018-19,3.18,1,3,0,1,0,0,1,1,0,0,1,2,0.0,0,1,0,1,0,0,0,0,0,0,0,1
Noah Baumann,San José St,2018-19,20.0,62,142,46,94,16,19,29,9,0,9,41,28,20.0,41,105,31,70,16,20,18,5,2,1,26,26
Noah Baylor,Central Pennsylvania College,2018-19,20.0,7,8,0,0,3,3,2,0,1,0,3,3,15.48,5,9,0,0,4,4,3,2,0,5,9,1
Noah Bigirumwami,Chicago State,2018-19,20.0,1,12,0,3,5,6,5,3,1,2,5,7,14.95,0,4,0,2,1,3,1,0,0,0,5,4
Noah Blackwell,Fresno State,2018-19,20.0,40,100,24,62,1,2,48,16,1,8,37,28,14.77,39,84,20,49,12,13,48,12,3,5,21,16
Noah Bramlage,Princeton,2018-19,0.0,0,1,0,1,0,0,1,0,0,0,1,2,18.37,0,2,0,0,1,2,2,1,1,0,1,1
Noah Chatman,Bethel (TN),2018-19,20.0,3,4,0,0,0,0,0,0,0,0,4,1,14.92,0,2,0,0,0,0,1,0,0,1,2,0
Noah Cunningham,Brescia,2018-19,20.0,4,6,3,5,4,4,3,0,0,0,0,3,14.95,1,4,0,1,1,2,0,0,0,1,0,2
Noah Dickerson,Washington,2018-19,20.0,58,117,0,1,53,79,13,14,7,43,78,41,14.85,69,112,0,0,77,115,17,17,9,37,88,40
Noah Frederking,Evansville,2018-19,20.0,22,69,13,48,11,13,14,7,0,3,24,16,14.98,43,81,25,55,11,20,5,2,1,8,23,15
Noah Goodrich,Defiance,2018-19,20.0,1,1,1,1,0,0,0,0,0,0,1,1,14.88,0,1,0,1,0,0,0,0,0,0,0,0
Noah Gurley,Furman,2018-19,20.0,49,105,17,50,6,16,14,10,10,16,27,27,14.93,40,95,13,48,17,23,5,5,11,18,37,22
Noah Holly,Rochester College,2018-19,20.0,1,1,1,1,0,0,0,1,0,0,0,0,20.0,0,0,0,0,0,0,0,0,0,0,0,0
Noah Horchler,North Florida,2018-19,20.0,87,166,13,33,18,40,18,10,22,36,103,27,20.0,81,144,6,29,22,39,14,14,22,32,75,27
Noah Kirkwood,Harvard,2018-19,0.0,57,122,18,50,15,21,30,10,1,5,43,40,20.0,54,118,20,47,27,38,22,17,4,22,46,36
Noah Lea,Brevard College,2018-19,20.0,1,2,0,1,0,0,0,0,0,0,0,2,14.93,0,0,0,0,0,0,0,0,0,0,1,0
Noah Locke,Florida,2018-19,20.0,55,141,35,103,9,10,12,10,0,7,33,7,14.97,48,134,37,92,18,24,8,6,0,14,23,6
Noah McCarty,Northern Illinois,2018-19,14.67,34,77,3,11,6,14,10,4,7,14,48,17,20.0,20,49,4,15,13,18,10,8,7,7,34,10
Noah Meren,Skidmore,2018-19,20.0,3,9,0,0,0,0,0,0,0,1,4,1,14.97,1,5,0,0,0,1,2,0,1,3,2,4
Noah Oetjen,Covenant,2018-19,20.0,0,1,0,1,0,0,1,1,0,0,0,1,14.97,0,0,0,0,0,0,0,0,0,0,0,0
Noah Pannell,Regent University,2018-19,0.0,0,0,0,0,0,0,0,0,0,0,0,0,14.97,2,5,0,0,0,0,0,0,0,0,1,0
Noah Paradis,,2018-19,0.0,0,0,0,0,0,0,0,0,0,0,0,0,0.0,0,0,0,0,0,0,0,0,0,1,0,0
Noah Plain,Alcorn State,2018-19,20.0,5,8,0,2,2,2,0,0,0,4,2,1,14.88,3,5,0,0,2,2,0,0,1,0,2,2
Noah Rivera,Misericordia,2018-19,20.0,1,1,0,0,1,2,0,0,0,1,1,0,14.78,1,4,0,0,0,0,0,0,0,3,0,0
Noah Robotham,UNLV,2018-19,20.0,42,116,26,83,1,5,80,12,2,6,21,30,20.0,49,127,30,82,37,47,65,21,0,9,18,30
Noah Saunders,Campbell,2018-19,20.0,2,9,1,8,3,4,0,1,0,1,4,2,14.92,4,12,2,8,0,0,1,0,2,1,12,2
Noah Schmitt,Buena Vista,2018-19,20.0,1,2,0,0,0,0,0,0,0,0,0,0,14.58,1,2,1,1,2,2,1,0,0,2,1,0
Noah Smith,,2018-19,0.0,0,0,0,0,0,0,0,0,0,0,0,0,0.0,0,0,0,0,0,0,0,0,0,0,0,1
Noah Thomas,Drake,2018-19,20.0,42,112,18,51,18,23,40,13,1,4,37,40,14.58,34,82,12,41,23,30,44,11,0,4,33,35
Noah Watkins,Greensboro,2018-19,20.0,2,2,0,0,0,0,0,0,0,0,3,2,14.88,1,3,1,1,0,0,0,0,0,1,1,2
Noah Wilson,Regent University,2018-19,20.0,0,1,0,1,0,0,0,0,0,1,0,0,14.98,0,1,0,0,0,0,0,0,0,1,1,0
Noah Yates,Richmond,2018-19,20.0,25,60,17,45,4,5,10,11,4,2,47,6,15.97,19,60,13,50,1,1,11,4,3,2,22,4
Noe Anabir,,2018-19,7.07,26,39,0,0,5,8,11,4,12,17,23,19,0.0,23,42,0,0,8,14,10,3,9,23,24,15
Nojel Eastern,Purdue,2018-19,20.0,45,97,0,1,15,24,46,21,5,26,58,21,18.95,51,91,0,1,38,57,37,16,7,33,59,27
Nolan Bertain,UAB,2018-19,20.0,0,1,0,1,0,0,0,0,0,0,0,0,19.4,0,0,0,0,0,0,0,0,0,0,0,0
Nolan Gerling,McKendree,2018-19,20.0,5,10,0,0,0,2,0,0,1,0,4,1,17.45,1,3,0,0,0,0,0,0,1,0,3,2
Nolan Gerrity,UMBC,2018-19,15.0,8,15,0,0,2,5,8,4,1,6,17,7,20.0,3,6,0,0,0,2,1,1,4,2,3,3
Nolan Ivey,,2018-19,0.0,0,0,0,0,0,0,0,0,0,0,0,0,0.0,0,0,0,0,0,0,0,0,0,0,0,2
Nolan Kelly,Molloy,2018-19,20.0,0,1,0,1,0,0,1,1,0,0,0,1,16.25,0,0,0,0,0,0,0,0,0,0,0,0
Nolan Narain,San Diego State,2018-19,20.0,21,40,4,9,3,9,8,5,4,18,25,14,16.88,14,31,0,4,5,10,8,3,4,12,11,7
Nolan Whitener,Pfeiffer,2018-19,20.0,0,1,0,1,1,2,0,1,0,1,0,0,14.9,0,3,0,2,0,0,0,1,1,0,0,0
Norell Smith,Indiana South Bend,2018-19,20.0,1,6,1,6,0,0,1,0,0,0,5,0,14.83,0,0,0,0,0,0,0,0,0,0,1,0
Norense Odiase,Texas Tech,2018-19,20.0,29,55,0,0,17,27,6,5,21,38,66,17,14.75,25,37,0,0,23,36,4,11,13,25,51,11
Norfolk State,,2018-19,0.0,0,0,0,0,0,0,0,0,0,30,19,7,0.0,0,0,0,0,0,0,0,0,0,26,29,9
North Alabama,,2018-19,0.0,0,0,0,0,0,0,0,0,0,12,7,6,0.0,0,0,0,0,0,0,0,0,0,13,12,6
North Carolina,,2018-19,0.0,0,0,0,0,0,0,0,0,0,38,25,0,0.0,0,0,0,0,0,0,0,0,0,30,33,6
North Carolina A&T,,2018-19,0.0,0,0,0,0,0,0,0,0,0,17,23,3,0.0,0,0,0,0,0,0,0,0,0,18,12,6
North Carolina Central,,2018-19,0.0,0,0,0,0,0,0,0,0,0,29,26,8,0.0,0,0,0,0,0,0,0,0,0,23,14,7
North Dakota,,2018-19,0.0,0,0,0,0,0,0,0,0,0,14,20,4,0.0,0,0,0,0,0,0,0,0,0,14,10,3
North Dakota State,,2018-19,0.0,0,0,0,0,0,0,0,0,0,17,16,7,0.0,0,0,0,0,0,0,0,0,0,12,12,6
North Florida,,2018-19,0.0,0,0,0,0,0,0,0,0,0,26,27,5,0.0,0,0,0,0,0,0,0,0,0,24,17,4
North Greenville,,2018-19,0.0,0,0,0,0,0,0,0,0,0,1,1,2,0.0,0,0,0,0,0,0,0,0,0,0,0,2
North Park,,2018-19,0.0,0,0,0,0,0,0,0,0,0,3,0,0,0.0,0,0,0,0,0,0,0,0,0,1,1,0
North Texas,,2018-19,0.0,0,0,0,0,0,0,0,0,0,19,17,12,0.0,0,0,0,0,0,0,0,0,0,21,10,8
Northeastern,,2018-19,0.0,0,0,0,0,0,0,0,0,0,13,22,8,0.0,0,0,0,0,0,0,0,0,0,19,14,6
Northern Arizona,,2018-19,0.0,0,0,0,0,0,0,0,0,0,26,21,3,0.0,0,0,0,0,0,0,0,0,0,26,25,4
Northern Colorado,,2018-19,0.0,0,0,0,0,0,0,0,0,0,18,13,4,0.0,0,0,0,0,0,0,0,0,0,22,22,5
Northern Illinois,,2018-19,0.0,0,0,0,0,0,0,0,0,0,21,23,6,0.0,0,0,0,0,0,0,0,0,0,13,30,6
Northern Iowa,,2018-19,0.0,0,0,0,0,0,0,0,0,0,20,17,5,0.0,0,0,0,0,0,0,0,0,0,18,21,4
Northern Kentucky,,2018-19,0.0,0,0,0,0,0,0,0,0,0,26,23,6,0.0,0,0,0,0,0,0,0,0,0,31,26,7
Northwest Nazarene,,2018-19,0.0,0,0,0,0,0,0,0,0,0,3,0,2,0.0,0,0,0,0,0,0,0,0,0,0,1,0
Northwestern,,2018-19,0.0,0,0,0,0,0,0,0,0,0,25,40,5,0.0,0,0,0,0,0,0,0,0,0,22,19,5
Northwestern Ohio,,2018-19,0.0,0,0,0,0,0,0,0,0,0,0,0,1,0.0,0,0,0,0,0,0,0,0,0,0,1,0
Northwestern State,,2018-19,0.0,0,0,0,0,0,0,0,0,0,28,19,6,0.0,0,0,0,0,0,0,0,0,0,16,20,4
Notre Dame,,2018-19,0.0,0,0,0,0,0,0,0,0,0,21,15,4,0.0,0,0,0,0,0,0,0,0,0,30,15,6
Notre Dame College,,2018-19,0.0,0,0,0,0,0,0,0,0,0,0,0,0,0.0,0,0,0,0,0,0,0,0,0,0,1,0
Novak Topalovic,Utah,2018-19,20.0,19,38,0,0,10,17,5,2,13,12,49,12,17.88,7,17,0,0,5,9,2,1,5,8,20,4
Nyaires Redding,Wyoming,2018-19,20.0,5,22,2,12,6,8,10,2,0,1,5,4,19.87,10,20,2,6,17,19,7,3,1,2,12,7
Nych Smith,Winthrop,2018-19,20.0,97,212,28,83,35,43,60,9,0,7,33,28,18.83,64,152,18,57,42,61,36,6,0,5,25,33
Nygal Russell,SE Missouri St,2018-19,20.0,25,68,7,23,12,21,19,7,1,4,32,18,18.57,22,55,8,23,24,29,18,4,1,5,21,15
Nygil Carr,Central Washington,2018-19,20.0,0,0,0,0,0,0,2,0,0,0,1,1,17.97,1,1,0,0,0,0,0,0,0,0,1,0
Nykolas Mason,Southwest Assemblies of God,2018-19,20.0,1,2,0,0,2,2,0,0,1,0,1,0,20.0,3,5,0,1,1,2,0,0,0,0,1,1
Nylan Yancy,Trinity University (TX),2018-19,20.0,0,0,0,0,0,0,2,0,0,0,0,1,17.78,0,0,0,0,0,0,0,0,0,0,0,0
Nysier Brooks,Cincinnati,2018-19,20.0,42,77,0,0,33,49,6,3,23,45,49,16,20.0,36,63,0,0,41,66,6,8,20,38,60,11
O'Showen Williams,Appalachian State,2018-19,20.0,14,45,6,30,11,16,34,12,3,4,20,15,14.93,25,62,14,38,6,8,21,9,3,5,27,19
Oakland,,2018-19,0.0,0,0,0,0,0,0,0,0,0,12,31,10,0.0,0,0,0,0,0,0,0,0,0,21,22,15
Oakland City,,2018-19,0.0,0,0,0,0,0,0,0,0,0,2,2,1,0.0,0,0,0,0,0,0,0,0,0,0,0,0
Obadiah Noel,UMass Lowell,2018-19,20.0,69,129,12,34,34,49,28,16,5,18,35,34,20.0,79,154,11,36,69,91,30,18,6,17,31,34
Obadiah Toppin,,2018-19,0.83,83,128,4,12,16,30,25,9,11,16,60,32,0.0,94,138,6,8,35,44,31,8,12,30,62,21
Obediah Church,Missouri State,2018-19,20.0,14,26,1,3,6,13,6,7,12,5,27,16,14.78,14,21,0,0,3,5,13,7,3,8,13,9
Oberlin,,2018-19,0.0,0,0,0,0,0,0,0,0,0,0,0,1,0.0,0,0,0,0,0,0,0,0,0,0,0,0
Obi Megwa,NW Nazarene,2018-19,20.0,1,8,0,0,2,4,1,0,0,0,1,0,14.97,3,3,0,0,1,6,1,0,0,0,0,2
Obi Okolie,Brown,2018-19,20.0,71,142,29,59,25,33,28,16,5,11,55,21,20.0,53,116,22,51,43,56,29,11,3,10,43,22
Obim Okeke,Baylor,2018-19,20.0,0,2,0,2,0,0,0,1,0,0,0,0,20.0,1,1,0,0,0,0,0,0,0,0,1,1
Ochai Agbaji,Kansas,2018-19,20.0,32,78,12,41,8,12,11,5,3,11,39,15,20.0,33,72,9,32,15,20,9,6,8,9,39,14
Octavion Corley,East Tennessee State,2018-19,20.0,4,4,0,0,1,2,0,0,1,2,3,0,14.97,0,1,0,0,0,2,0,0,1,2,2,0
Oddyst Walker,Stephen F. Austin,2018-19,20.0,8,28,5,17,1,4,9,5,0,3,13,10,20.0,5,20,2,8,5,8,5,1,0,3,4,5
Ohio,,2018-19,0.0,0,0,0,0,0,0,0,0,0,27,18,1,0.0,0,0,0,0,0,0,0,0,0,35,17,4
Ohio State,,2018-19,0.0,0,0,0,0,0,0,0,0,0,31,24,7,0.0,0,0,0,0,0,0,0,0,0,20,18,2
Ohio-Chillicothe,,2018-19,0.0,0,0,0,0,0,0,0,0,0,0,0,1,0.0,0,0,0,0,0,0,0,0,0,0,0,0
Oklahoma,,2018-19,0.0,0,0,0,0,0,0,0,0,0,29,31,3,0.0,0,0,0,0,0,0,0,0,0,23,42,5
Oklahoma State,,2018-19,0.0,0,0,0,0,0,0,0,0,0,32,23,10,0.0,0,0,0,0,0,0,0,0,0,27,27,10
Olamide Pedersen,Youngstown St,2018-19,20.0,19,32,2,5,10,18,3,4,17,14,22,10,15.87,6,18,0,1,5,11,3,5,11,17,33,10
Olamilekan Adetunji,NW Nazarene,2018-19,20.0,1,4,0,0,2,2,0,0,1,2,3,0,14.97,1,1,1,1,0,0,1,0,0,1,3,0
Old Dominion,,2018-19,0.0,0,0,0,0,0,0,0,0,0,27,21,8,0.0,0,0,0,0,0,0,0,0,0,27,32,11
Ole Miss,,2018-19,0.0,0,0,0,0,0,0,0,0,0,26,32,3,0.0,0,0,0,0,0,0,0,0,0,26,33,6
Olin Carter III,San Diego,2018-19,19.07,72,176,33,97,10,14,14,17,2,1,42,19,17.93,81,176,41,99,24,30,30,9,3,5,40,25
Oliver Amajoyi,William Jessup,2018-19,20.0,1,5,0,0,4,4,0,0,0,3,5,1,17.87,1,2,0,0,2,2,0,0,0,1,0,0
Oliver Bishop,Campbellsville-Harrodsburg,2018-19,20.0,0,4,0,1,0,0,4,2,1,1,8,4,14.7,3,5,0,1,0,0,0,1,0,1,1,2
Oliver Lynch-Daniels,Houston Baptist,2018-19,20.0,38,98,19,54,14,20,31,10,2,12,33,30,14.9,42,106,15,49,21,36,27,7,0,5,37,24
Oliver Powell,Louisiana Tech,2018-19,20.0,41,84,0,2,21,38,11,8,9,27,59,30,20.0,24,57,2,5,35,48,14,4,4,24,40,24
Oliver Xu,Rice,2018-19,20.0,0,1,0,0,0,0,0,1,0,0,0,0,20.0,0,0,0,0,0,0,0,0,0,0,0,0
Olivier Sarr,Wake Forest,2018-19,20.0,14,39,0,4,17,21,7,2,7,23,40,14,19.6,26,51,1,7,21,28,3,5,10,25,28,13
Omaha,,2018-19,0.0,0,0,0,0,0,0,0,0,0,21,12,5,0.0,0,0,0,0,0,0,0,0,0,23,18,2
Omar El-Sheikh,Fairfield,2018-19,20.0,7,12,4,4,0,4,2,2,2,1,8,8,20.0,2,6,0,1,2,4,2,0,0,0,6,1
Omar Habwe,Mt. St. Mary's,2018-19,20.0,35,105,18,58,37,49,19,14,0,12,47,22,14.8,32,97,16,52,34,49,13,12,2,16,57,19
Omar Mohamed,Texas-Tyler,2018-19,20.0,0,1,0,1,2,2,0,1,0,1,0,0,18.0,0,0,0,0,0,0,0,0,0,0,0,0
Omar Outar,Florida Memorial,2018-19,20.0,7,17,5,11,0,0,1,0,0,1,2,3,15.3,5,13,3,9,0,0,4,1,1,0,1,5
Omar Sarwary,Westcliff,2018-19,20.0,0,3,0,2,0,2,0,0,0,0,1,0,14.68,0,2,0,0,0,0,0,1,0,0,2,0
Omar Silverio,Rhode Island,2018-19,0.0,5,21,3,12,0,1,5,4,1,2,9,4,20.0,5,14,1,3,3,4,6,3,0,1,10,5
Onno Steger,Western Carolina,2018-19,20.0,27,78,15,51,11,13,27,5,1,7,33,23,15.27,36,90,18,53,26,37,13,5,2,15,31,21
Onyi Eyisi,Fordham,2018-19,20.0,16,32,0,0,1,5,2,4,10,25,31,9,20.0,18,31,0,0,14,26,6,6,10,27,21,10
Oral Roberts,,2018-19,0.0,0,0,0,0,0,0,0,0,0,18,14,4,0.0,0,0,0,0,0,0,0,0,0,10,11,1
Oregon,,2018-19,0.0,0,0,0,0,0,0,0,0,0,45,37,7,0.0,0,0,0,0,0,0,0,0,0,34,26,9
Oregon State,,2018-19,0.0,0,0,0,0,0,0,0,0,0,28,34,4,0.0,0,0,0,0,0,0,0,0,0,23,17,7
Orion Monford,Central State (OH),2018-19,20.0,0,2,0,1,0,0,0,0,0,0,0,1,14.97,3,6,3,6,0,0,0,0,0,0,1,0
Orpheus Rankins,Champion Christian College,2018-19,0.0,0,4,0,0,0,0,0,0,0,3,2,0,14.75,2,3,0,0,0,2,2,0,0,1,3,3
Osa Wilson,Southern,2018-19,0.0,8,14,0,0,1,3,2,5,1,8,10,8,14.9,11,24,0,0,7,11,2,5,2,15,6,6
Osasumwen Osaghae,Florida International,2018-19,20.0,43,81,0,0,21,39,7,6,52,47,85,21,15.82,53,80,0,0,35,53,3,13,43,48,71,17
Oscar Da Silva,Stanford,2018-19,20.0,6,13,0,4,7,8,4,0,3,8,9,6,17.9,11,22,2,8,1,5,3,3,3,3,9,3
Oscar Frayer,Grand Canyon,2018-19,20.0,54,112,30,72,12,22,18,15,11,14,47,18,20.0,26,80,8,44,9,16,12,13,10,16,45,14
Oscar Kao,,2018-19,0.0,9,17,4,5,0,0,9,4,0,1,4,7,5.17,7,13,5,9,4,4,11,1,0,0,5,3
Oscar Okeke,Fairleigh Dickinson,2018-19,20.0,3,5,0,1,1,4,0,1,3,2,6,7,14.98,0,1,0,0,0,0,0,0,0,2,0,1
Oscar Oswald,St. Edward's,2018-19,0.0,0,0,0,0,0,0,0,0,0,0,0,0,18.45,0,2,0,2,0,0,0,0,0,0,1,0
Oscar da Silva,Stanford,2018-19,20.0,43,93,13,44,12,15,18,11,19,21,48,24,17.27,38,75,11,41,9,18,21,2,8,6,48,16
Oshae Brissett,Syracuse,2018-19,20.0,74,177,17,49,35,57,30,14,13,37,91,36,14.93,67,166,11,47,50,74,26,18,14,31,82,30
Oshea Gairey,Le Moyne,2018-19,20.0,0,1,0,0,0,0,0,0,0,0,0,2,14.63,0,1,0,1,1,2,0,0,0,0,0,1
Osi Nwachukwu,Sacramento State,2018-19,20.0,42,87,4,19,5,10,18,18,6,14,37,20,16.87,34,79,0,13,13,16,13,13,6,19,30,13
Osinachi Smart,Charleston,2018-19,0.0,0,2,0,0,1,2,0,1,2,0,11,2,19.8,0,0,0,0,2,2,0,0,0,2,1,0
Oslbey Mercer,Northwestern Ohio,2018-19,20.0,2,3,0,1,0,1,0,0,0,0,0,2,14.98,0,2,0,1,0,0,0,0,0,0,1,2
Osun Osunniyi,St. Bonaventure,2018-19,15.0,36,74,0,0,23,31,12,9,40,38,72,17,20.0,52,84,0,0,22,37,10,7,43,50,69,10
Otis Livingston II,George Mason,2018-19,20.0,54,161,21,72,15,20,50,15,0,1,41,35,20.0,80,180,20,65,66,72,68,16,0,8,20,48
Oumar Barry,San José St,2018-19,20.0,16,36,2,11,23,31,8,7,7,8,25,15,20.0,24,42,0,5,14,20,4,2,4,11,22,9
Ountae Campbell,UTEP,2018-19,20.0,19,37,6,19,2,4,10,9,2,8,27,14,20.0,8,33,3,21,7,13,8,8,1,11,21,8
Ousmane Ndim,LIU Brooklyn,2018-19,20.0,0,2,0,0,2,3,0,0,3,1,3,3,15.52,1,1,0,0,2,2,0,0,1,2,4,2
Owen Hulland,Hawai'i,2018-19,20.0,6,15,1,4,2,3,0,2,0,2,4,3,19.9,3,7,0,2,3,3,1,0,0,2,3,0
Owen Kennedy,,2018-19,0.0,0,0,0,0,0,0,0,0,0,0,0,1,0.0,0,0,0,0,0,0,0,0,0,0,0,0
Owen King,South Dakota State,2018-19,20.0,28,53,10,26,2,3,34,10,2,0,27,29,20.0,17,38,2,15,9,11,33,9,1,2,18,13
Owens Crawford,Kentucky Christian,2018-19,20.0,3,8,1,3,0,0,5,1,0,2,2,1,17.62,5,9,2,4,0,0,2,0,0,1,2,2
Ozante Fields,South Carolina State,2018-19,20.0,31,53,0,0,15,19,3,2,5,11,26,11,16.17,24,46,0,1,10,11,3,2,1,17,24,5
P.J. Byrd,VCU,2018-19,0.0,1,6,0,2,0,0,2,0,0,2,3,11,20.0,3,10,0,4,0,0,1,2,0,2,2,2
P.J. Hardy,Louisiana,2018-19,0.0,34,97,23,74,8,11,2,18,1,4,33,13,15.63,35,89,29,74,10,13,1,10,2,3,26,10
P.J. Horne,Virginia Tech,2018-19,0.0,22,31,0,1,7,9,1,2,3,14,17,9,14.78,10,28,1,6,2,3,2,3,2,13,11,9
PJ Byrd,VCU,2018-19,20.0,0,0,0,0,0,0,6,0,0,0,0,0,20.0,0,0,0,0,0,0,2,0,0,0,0,0
PJ Gill,,2018-19,0.0,0,0,0,0,0,0,0,0,0,0,0,1,0.0,0,0,0,0,0,0,0,0,0,0,0,1
PJ Hardy,Louisiana,2018-19,0.0,0,0,0,0,0,0,15,0,0,0,0,0,20.0,0,0,0,0,0,0,13,0,0,0,0,0
PJ Horne,Virginia Tech,2018-19,20.0,0,0,0,0,0,0,3,0,0,0,0,0,14.98,0,0,0,0,0,0,4,0,0,0,0,0
PJ Pipes,Green Bay,2018-19,20.0,34,89,23,62,9,14,25,12,5,3,38,19,14.93,34,91,16,49,27,30,20,12,0,6,31,17
PJ Savoy,Florida State,2018-19,20.0,36,103,28,87,9,11,12,7,4,1,28,18,14.97,26,68,20,58,21,26,6,6,0,5,7,8
PJ Washington,Kentucky,2018-19,20.0,86,167,19,46,51,72,31,16,20,37,81,30,14.78,96,180,11,26,57,91,28,13,20,42,90,32
Pablo Ortiz,Elms College,2018-19,20.0,1,3,0,2,0,0,0,0,0,0,1,0,15.38,0,1,0,1,0,0,0,0,0,0,0,0
Pablo Vasquez,Centenary NJ,2018-19,20.0,1,1,0,0,0,0,0,0,0,0,3,2,14.9,1,3,0,0,0,0,0,0,0,3,0,0
Pacific,,2018-19,0.0,0,0,0,0,0,0,0,0,0,18,18,5,0.0,0,0,0,0,0,0,0,0,0,14,22,7
Palm Beach Atlantic,,2018-19,0.0,0,0,0,0,0,0,0,0,0,1,1,0,0.0,0,0,0,0,0,0,0,0,0,1,2,0
Palmer Chaplin,Cal Lutheran,2018-19,20.0,3,7,2,6,0,0,5,0,0,0,3,2,14.68,1,3,1,2,0,2,1,0,0,0,0,0
Pano Pavlidis,Molloy,2018-19,20.0,0,1,0,0,0,0,0,0,0,1,0,0,16.25,0,0,0,0,0,0,0,0,0,0,0,0
Pape Diop,SE Louisiana,2018-19,20.0,12,26,3,7,6,9,5,5,1,14,32,11,18.13,11,22,2,5,13,19,4,4,1,8,21,6
Pape Ngom,St. Leo,2018-19,0.0,1,1,0,0,0,0,0,0,1,2,4,0,17.73,1,2,0,0,1,2,3,1,0,0,0,2
Pargo Williams,Champion Christian College,2018-19,20.0,3,5,0,1,0,0,0,0,0,0,0,0,14.75,0,0,0,0,1,2,0,0,0,0,0,0
Paris Austin,California,2018-19,20.0,43,105,2,12,22,28,59,25,4,3,40,29,19.05,53,121,7,17,47,68,52,12,1,5,33,29
Parker Berry,Piedmont,2018-19,20.0,1,4,1,2,0,0,1,0,0,0,0,2,14.88,0,0,0,0,0,0,0,0,0,0,0,0
Parker Edwards,SE Louisiana,2018-19,0.0,13,33,12,30,3,3,2,2,1,0,4,3,14.93,11,23,10,22,5,8,2,2,1,0,3,2
Parker Ernsthausen,Wright State,2018-19,20.0,29,73,16,49,13,21,42,16,3,19,46,30,15.27,25,58,12,33,22,33,33,7,10,18,20,28
Parker Hicks,Texas Tech,2018-19,20.0,0,1,0,1,0,0,0,0,0,0,0,0,14.9,2,4,1,3,0,0,0,0,0,0,1,0
Parker Joncus,Illinois Tech,2018-19,20.0,0,1,0,1,0,0,1,0,0,0,0,0,20.0,0,1,0,1,0,0,0,0,0,0,0,0
Parker Manges,Wabash College,2018-19,20.0,0,1,0,1,0,0,0,0,0,0,0,0,15.08,0,1,0,1,0,0,0,1,0,0,1,2
Parker Shanks,Wisconsin-Stout,2018-19,0.0,0,0,0,0,0,0,0,0,0,0,0,0,14.93,0,1,0,0,0,0,0,0,0,0,0,0
Parker Van Dyke,Utah,2018-19,20.0,44,92,35,76,2,3,27,14,2,2,20,13,17.88,43,106,35,91,9,11,22,13,1,2,14,12
Parrish Hewitt,UT Martin,2018-19,20.0,16,45,10,29,7,8,9,6,4,6,25,7,17.88,16,45,7,27,9,10,7,5,0,9,22,10
Paschal Chukwu,Syracuse,2018-19,20.0,17,24,0,0,12,17,3,10,20,35,43,16,14.93,29,39,0,0,28,46,5,11,31,40,44,12
Pat Andree,Lehigh,2018-19,20.0,59,136,29,73,12,16,23,9,1,11,75,13,17.98,52,110,31,71,26,35,15,5,4,4,66,10
Pat Dembley,Boise State,2018-19,20.0,29,83,15,54,3,7,20,17,0,5,27,29,20.0,23,69,7,30,16,21,21,9,0,4,18,26
Pat Gallagher,Skidmore,2018-19,20.0,0,1,0,0,0,0,1,0,0,0,0,0,14.97,1,1,1,1,0,0,0,0,0,0,1,1
Pat McNamara,Fairleigh Dickinson,2018-19,20.0,2,6,2,6,0,0,1,0,0,0,2,2,20.0,2,2,1,1,0,0,1,0,0,0,4,0
Pat Welch,South Carolina Upstate,2018-19,20.0,19,54,16,47,2,3,11,7,1,2,16,4,19.2,21,45,19,41,3,3,7,5,2,3,7,6
Patrick Benzan,Holy Cross,2018-19,20.0,30,71,3,11,8,11,40,17,0,12,20,9,18.25,33,68,4,9,13,21,35,13,0,7,23,13
Patrick Bray,Trinity (IL),2018-19,20.0,2,5,1,4,0,0,1,0,0,2,0,0,20.0,0,1,0,0,0,0,1,0,0,0,1,0
Patrick Burnett,York,2018-19,20.0,1,1,0,0,0,0,1,0,0,0,0,0,15.25,1,5,1,3,0,0,0,0,0,1,0,2
Patrick Douthit,Misericordia,2018-19,20.0,1,2,0,0,0,0,1,2,0,0,0,0,14.78,0,2,0,0,0,0,0,1,0,0,0,2
Patrick Emilien,Western Michigan,2018-19,20.0,24,69,15,49,10,16,14,4,8,21,45,18,17.9,23,61,10,36,19,33,10,9,5,19,37,20
Patrick Garey,Hartwick,2018-19,20.0,5,6,4,4,0,0,1,0,0,0,0,1,17.88,2,3,1,1,0,0,3,0,0,0,1,0
Patrick Geha,Oklahoma,2018-19,0.0,0,0,0,0,0,0,0,0,0,0,0,0,20.0,0,0,0,0,0,2,0,0,0,0,0,0
Patrick Good,East Tennessee State,2018-19,20.0,36,102,28,89,14,17,25,12,1,6,30,19,20.0,44,100,38,91,16,22,23,10,1,5,26,13
Patrick Harding,Bryant,2018-19,20.0,15,31,0,2,5,12,17,5,3,23,51,20,20.0,9,15,0,0,5,14,10,2,4,14,50,10
Patrick Jackson,Trinity Baptist,2018-19,20.0,3,11,2,7,2,2,0,2,1,0,3,1,14.83,4,11,3,8,0,0,0,0,0,0,0,2
Patrick Monroe,Holy Names,2018-19,0.0,0,0,0,0,0,0,0,0,0,0,0,0,14.8,0,0,0,0,0,0,1,0,0,0,0,1
Patrick Muldoon,,2018-19,0.0,0,0,0,0,0,0,0,0,0,0,0,0,0.0,0,0,0,0,0,0,0,0,0,0,1,0
Patrick Mwamba,UT Arlington,2018-19,20.0,11,35,1,12,4,5,9,10,3,6,18,10,17.82,10,25,3,10,7,12,6,8,2,10,13,13
Patrick Pauwels,Maine-Fort Kent,2018-19,20.0,2,3,1,2,0,0,1,0,0,1,2,0,14.83,0,2,0,0,0,0,0,0,0,0,0,1
Patrick Pennefather,Christendom,2018-19,20.0,1,3,1,2,0,0,1,1,0,0,3,2,14.73,2,6,1,4,0,0,2,0,0,0,1,4
Patrick Ramos,UC Santa Cruz,2018-19,20.0,1,5,0,2,0,1,2,0,0,0,2,3,14.98,0,1,0,0,1,2,1,0,0,0,0,1
Patrick Rucker,Mississippi Valley State,2018-19,20.0,6,8,3,5,0,0,5,1,0,2,4,5,14.78,2,4,1,2,0,0,1,1,0,0,3,2
Patrick Smith,Oberlin College,2018-19,20.0,0,1,0,1,0,0,0,0,0,0,0,0,16.35,0,0,0,0,0,0,0,0,0,1,0,0
Patrick Szpir,Chicago State,2018-19,0.0,15,41,0,0,9,13,16,4,8,11,27,16,14.97,14,28,0,0,7,14,5,5,1,12,18,15
Patrick Tape,Columbia,2018-19,20.0,59,85,1,1,12,16,21,7,16,23,58,29,19.65,58,90,0,0,33,50,16,19,16,26,46,26
Patrick Wilburn,,2018-19,0.0,0,0,0,0,0,0,0,0,0,0,0,1,0.0,0,0,0,0,0,0,0,0,0,0,0,0
Paul Arrowood,Milligan,2018-19,20.0,0,1,0,0,0,0,1,1,0,0,0,0,14.83,0,0,0,0,0,0,0,0,0,0,0,0
Paul Atkinson,Yale,2018-19,12.63,44,72,0,1,28,45,14,8,7,25,43,16,20.0,56,72,0,0,25,36,13,5,8,19,48,12
Paul Djoko,Northern Kentucky,2018-19,0.0,13,24,0,4,5,10,20,8,14,2,18,14,10.0,5,17,0,3,7,14,19,3,7,4,11,9
Paul Dunlap,William Peace,2018-19,20.0,1,4,1,2,0,0,0,0,0,1,1,0,16.58,1,1,0,0,0,0,0,0,0,0,0,1
Paul Hepburn,Carver College,2018-19,20.0,2,6,0,1,0,0,0,0,0,1,2,3,14.95,0,1,0,0,0,0,0,0,0,0,2,0
Paul Hiepler,Abilene Christian,2018-19,20.0,0,2,0,1,0,0,1,0,0,0,0,0,14.85,0,0,0,0,0,0,0,0,0,0,0,0
Paul Jackson,Eastern Michigan,2018-19,20.0,68,189,6,41,26,36,78,22,1,10,15,39,20.0,91,235,15,48,63,94,69,20,0,6,32,48
Paul Jorgensen,Butler,2018-19,20.0,67,168,31,85,12,16,33,12,1,9,39,14,16.43,58,149,35,84,20,30,18,9,2,7,37,13
Paul Koier,Wisconsin Lutheran,2018-19,20.0,1,2,0,0,0,1,1,0,0,1,4,3,14.93,1,3,0,0,2,2,1,0,0,1,1,0
Paul Newman,Bucknell,2018-19,0.0,27,53,0,0,14,28,7,7,24,14,37,17,15.0,14,22,0,0,15,27,5,6,11,12,27,9
Paul Reed,DePaul,2018-19,20.0,82,157,8,18,27,38,14,25,23,46,97,32,14.92,87,143,6,17,46,55,17,13,29,48,92,31
Paul Rowley,William & Mary,2018-19,20.0,21,57,9,33,3,5,14,6,8,4,21,9,20.0,21,46,7,21,6,7,12,5,8,4,15,11
Paul Scruggs,Xavier,2018-19,20.0,67,155,21,64,20,29,48,17,9,22,52,37,17.87,78,162,27,65,41,57,60,20,7,18,68,50
Paul Thomas,UTEP,2018-19,20.0,33,106,12,53,10,15,20,8,6,25,55,27,14.8,44,84,18,40,11,24,16,3,4,17,44,22
Paul Wells,Schreiner,2018-19,20.0,2,3,0,1,2,2,0,0,0,2,1,0,14.78,0,0,0,0,0,0,0,0,1,0,1,2
Paul White,Oregon,2018-19,20.0,62,141,27,68,22,30,27,14,8,18,36,27,20.0,67,141,24,64,26,31,21,14,6,20,51,14
Paulius Zalys,Lafayette,2018-19,18.8,57,129,8,29,18,23,33,9,2,12,48,38,20.0,57,118,6,16,24,32,41,7,1,13,58,36
Paulo Morastoni,Siena,2018-19,20.0,0,1,0,1,0,0,0,0,0,0,3,1,18.15,0,0,0,0,0,0,0,0,0,0,0,0
Pauly Paulicap,Manhattan,2018-19,20.0,9,24,0,0,10,13,0,2,5,5,10,6,14.9,15,32,0,0,15,24,1,3,3,12,11,5
Paxton Wilson,Palm Beach Atlantic,2018-19,20.0,2,4,2,4,0,0,0,0,0,0,1,0,20.0,3,7,3,5,1,1,0,2,0,0,1,2
Payten Ricks,Abilene Christian,2018-19,20.0,53,124,36,85,9,12,32,25,1,4,31,19,14.77,61,138,38,95,45,53,26,30,0,1,49,22
Payton Glasser,Northwest University,2018-19,20.0,0,0,0,0,0,0,1,0,0,0,0,0,14.83,0,0,0,0,0,0,0,0,0,0,0,0
Payton Hudson,Iona,2018-19,20.0,1,4,0,3,0,0,2,2,0,0,1,1,14.8,1,3,1,3,0,0,5,1,0,2,3,1
Payton Moore,Rice,2018-19,20.0,19,44,6,19,7,21,14,8,1,2,20,28,17.73,9,27,1,9,9,14,13,6,2,5,7,12
Payton Pritchard,Oregon,2018-19,20.0,68,193,25,97,11,13,73,35,1,9,49,29,20.0,78,169,35,87,57,68,76,23,2,17,51,33
Payton Youngblood,North Alabama,2018-19,20.0,0,3,0,0,4,5,1,0,0,0,0,2,20.0,2,3,1,1,0,0,0,0,0,1,2,2
Peace Ilegomah,Pittsburgh,2018-19,20.0,1,1,0,0,0,1,1,0,0,0,4,2,15.87,0,0,0,0,2,4,0,0,0,1,2,1
Pedro Bradshaw,Eastern Kentucky,2018-19,15.0,5,9,0,2,0,0,1,2,1,1,3,2,20.0,4,7,1,1,2,3,1,2,1,3,5,0
Pedro Castro,UT Arlington,2018-19,20.0,15,41,3,20,3,6,16,4,6,8,35,10,20.0,16,26,7,13,4,6,11,2,3,1,18,0
Pedro Leal-Cruz,Life Pacific,2018-19,0.0,0,0,0,0,0,0,0,0,0,0,0,3,15.03,3,3,2,2,0,0,0,1,0,0,0,1
Penn State,,2018-19,0.0,0,0,0,0,0,0,0,0,0,21,28,1,0.0,0,0,0,0,0,0,0,0,0,33,17,6
Penn State (Wilkes-Barre),,2018-19,0.0,0,0,0,0,0,0,0,0,0,2,0,0,0.0,0,0,0,0,0,0,0,0,0,1,0,0
Pennsylvania,,2018-19,0.0,0,0,0,0,0,0,0,0,0,25,22,2,0.0,0,0,0,0,0,0,0,0,0,21,28,5
Pensacola Christian College,,2018-19,0.0,0,0,0,0,0,0,0,0,0,0,3,0,0.0,0,0,0,0,0,0,0,0,0,0,0,1
Pepperdine,,2018-19,0.0,0,0,0,0,0,0,0,0,0,16,25,3,0.0,0,0,0,0,0,0,0,0,0,21,25,3
Perion Little,Western Illinois,2018-19,20.0,0,0,0,0,0,0,1,0,0,0,0,0,14.98,0,0,0,0,0,0,0,0,0,0,0,0
Pernell Adgei,Longwood,2018-19,20.0,13,24,0,0,7,15,6,6,0,15,21,8,17.93,2,11,0,0,7,12,3,1,0,9,11,5
Pervis Louder,Air Force,2018-19,20.0,23,53,6,23,10,16,17,8,4,6,20,11,14.82,18,34,2,9,8,13,13,4,3,1,13,19
Pete Nance,Northwestern,2018-19,20.0,15,35,6,19,1,3,9,2,4,2,16,7,20.0,6,21,2,10,3,5,3,2,3,4,8,6
Peter Agba,Rochester College,2018-19,20.0,2,4,0,0,0,0,0,1,0,1,3,1,20.0,2,3,0,0,0,0,0,1,0,0,1,0
Peter Barba,Columbia,2018-19,20.0,11,32,9,23,2,2,9,6,0,3,18,4,20.0,12,22,9,15,0,0,12,3,2,1,13,5
Peter Eke,Eastern Oregon,2018-19,20.0,2,5,0,0,0,0,0,0,1,1,1,0,14.97,0,3,0,0,0,0,0,0,0,0,4,0
Peter Hamilton,Eastern Oregon,2018-19,20.0,2,3,0,1,0,0,0,0,0,1,1,2,14.97,0,0,0,0,0,0,0,0,0,0,0,0
Peter Hanley,Bradley,2018-19,20.0,0,1,0,0,0,0,0,0,0,0,0,0,17.78,0,0,0,0,0,0,0,0,0,0,0,0
Peter Hewitt,Tulsa,2018-19,0.0,0,0,0,0,0,0,0,0,0,0,2,3,15.58,0,0,0,0,0,0,1,0,0,0,0,0
Peter Kiss,Rutgers,2018-19,20.0,34,98,13,52,13,15,13,4,2,10,27,19,14.58,29,69,14,41,5,16,12,8,0,8,20,9
Petr Herman,Loyola Marymount,2018-19,20.0,23,41,0,1,5,9,5,5,8,8,12,9,14.68,17,30,1,1,4,5,1,5,6,8,13,6
Petr Ropek,,2018-19,0.0,0,0,0,0,0,0,0,0,0,0,0,1,0.0,0,0,0,0,0,0,0,0,0,0,0,0
Peyton Broughton,Eastern Kentucky,2018-19,20.0,19,64,11,39,4,6,7,6,2,13,12,8,14.8,11,35,5,19,4,5,6,6,1,6,6,2
Peyton Christman,,2018-19,0.0,0,0,0,0,0,0,0,0,0,0,0,0,0.0,0,0,0,0,0,0,0,0,0,0,1,0
Peyton Mortellite,Bloomsburg University,2018-19,20.0,1,1,1,1,0,0,0,0,0,0,0,0,14.88,0,0,0,0,0,0,0,0,0,0,0,0
Peyton Smith,Texas A&M-CC,2018-19,20.0,2,4,1,3,0,0,2,0,0,0,2,1,20.0,0,0,0,0,0,0,0,0,0,0,0,2
Pfeiffer,,2018-19,0.0,0,0,0,0,0,0,0,0,0,2,1,0,0.0,0,0,0,0,0,0,0,0,0,0,1,0
Phariz Watkins,,2018-19,0.25,1,3,1,3,0,0,0,0,0,0,0,1,0.0,3,11,2,5,0,0,0,0,0,2,0,1
Phil Bledsoe,Glenville State,2018-19,20.0,6,11,3,5,0,0,0,0,0,0,7,0,15.3,1,3,0,1,0,0,1,0,0,0,4,0
Phil Booth,Villanova,2018-19,20.0,102,221,45,113,48,60,65,13,3,6,64,42,17.55,100,241,45,127,76,104,65,15,3,5,53,40
Phil Cofer,Florida State,2018-19,20.0,27,78,15,43,5,8,9,2,1,4,28,16,15.92,29,66,12,34,6,11,8,1,1,8,31,13
Phil Fayne,Illinois State,2018-19,20.0,91,170,0,0,34,51,7,19,14,47,44,29,20.0,87,158,0,1,78,121,17,16,18,43,54,24
Phil Newsome,St. Mary's (MD),2018-19,20.0,2,3,0,0,0,2,0,0,0,1,1,0,14.75,0,3,0,0,2,2,1,1,0,1,0,0
Phil Steffens,Southeastern,2018-19,20.0,0,1,0,0,0,0,0,0,0,0,2,0,14.97,0,0,0,0,0,0,0,0,0,0,0,0
Philip Flory,Albany,2018-19,20.0,1,5,1,5,0,0,4,0,0,0,2,1,20.0,0,2,0,0,2,2,0,0,0,0,3,2
Philip Legrier,Johnson University (FL),2018-19,0.0,0,5,0,4,0,1,0,1,0,0,1,4,14.95,3,18,2,11,2,2,1,0,0,0,3,1
Philip McKenzie,Houston Baptist,2018-19,20.0,27,55,2,11,9,16,10,6,0,28,23,17,14.9,25,50,1,4,23,31,9,7,3,30,22,13
Philip Whittington,Kent State,2018-19,20.0,87,152,0,0,24,40,10,4,20,45,91,26,20.0,61,98,0,0,31,51,5,2,20,52,79,24
Phillip Jones,,2018-19,0.0,0,0,0,0,0,0,0,0,0,0,0,0,0.0,0,0,0,0,0,0,0,0,0,0,1,0
Phillip Smith,Florida International,2018-19,20.0,2,4,1,3,0,0,0,1,0,0,0,0,14.77,1,5,0,3,1,2,0,0,0,2,1,0
Phlandrous Fleming Jr,Charleston Southern,2018-19,20.0,0,0,0,0,0,0,26,0,0,0,0,0,14.77,0,0,0,0,0,0,30,0,0,0,0,0
Phlandrous Fleming Jr.,Charleston Southern,2018-19,20.0,53,123,19,63,23,31,0,17,4,16,34,20,14.77,34,98,12,43,23,26,0,10,7,18,39,26
Piedmont (GA),,2018-19,0.0,0,0,0,0,0,0,0,0,0,2,0,0,0.0,0,0,0,0,0,0,0,0,0,2,1,0
Piedmont International University,,2018-19,0.0,0,0,0,0,0,0,0,0,0,1,1,0,0.0,0,0,0,0,0,0,0,0,0,1,0,0
Pierfrancesco Oliva,Saint Joseph's,2018-19,20.0,2,11,0,3,3,9,2,4,1,2,16,4,20.0,2,4,0,1,6,8,2,0,1,5,9,2
Pierre Harden,St Elizabeth,2018-19,0.0,0,0,0,0,0,0,0,0,0,0,0,0,14.92,0,1,0,0,0,0,0,0,0,0,1,1
Pierre Sow,Hampton,2018-19,0.0,0,0,0,0,0,0,1,0,0,0,0,0,14.98,0,0,0,0,1,2,0,0,0,1,0,0
Pierson McAtee,Kansas State,2018-19,0.0,0,0,0,0,0,0,0,0,0,0,0,0,17.73,0,2,0,2,0,0,2,0,1,0,1,0
Pietro Agostini,Kennesaw State,2018-19,20.0,3,6,1,3,1,2,0,2,0,0,3,1,17.98,0,1,0,0,0,0,0,0,0,0,0,0
Pietro Badalassi,St. Francis (ILL),2018-19,0.0,2,3,0,0,0,1,0,0,0,2,2,3,18.75,1,6,0,2,0,0,1,2,0,1,6,1
Pine Manor,,2018-19,0.0,0,0,0,0,0,0,0,0,0,1,0,0,0.0,0,0,0,0,0,0,0,0,0,2,0,0
Pittsburgh,,2018-19,0.0,0,0,0,0,0,0,0,0,0,28,28,4,0.0,0,0,0,0,0,0,0,0,0,31,20,3
Pj Austin,Siena Heights,2018-19,0.0,3,5,2,3,0,0,0,0,0,1,1,4,14.88,2,12,2,6,0,0,0,0,0,0,1,2
Pookie Powell,La Salle,2018-19,20.0,44,125,22,55,24,29,38,14,5,5,48,24,20.0,65,148,21,67,44,50,28,10,0,7,27,29
Portland,,2018-19,0.0,0,0,0,0,0,0,0,0,0,29,20,4,0.0,0,0,0,0,0,0,0,0,0,32,17,4
Portland Bible,,2018-19,0.0,0,0,0,0,0,0,0,0,0,0,1,0,0.0,0,0,0,0,0,0,0,0,0,0,1,0
Portland State,,2018-19,0.0,0,0,0,0,0,0,0,0,0,31,19,6,0.0,0,0,0,0,0,0,0,0,0,36,25,3
Prairie View A&M,,2018-19,0.0,0,0,0,0,0,0,0,0,0,32,36,6,0.0,0,0,0,0,0,0,0,0,0,21,15,6
Precious Ayah,Miami (OH),2018-19,20.0,14,21,1,1,5,9,1,3,2,12,16,3,14.8,3,12,1,3,0,2,1,6,5,6,19,4
Precious Ikediashi,St. Francis (PA),2018-19,0.0,0,0,0,0,0,0,0,0,0,0,0,0,14.88,1,1,0,0,0,1,0,0,0,1,1,1
Prentis Washington,Centenary,2018-19,20.0,0,2,0,1,0,0,0,0,0,0,0,0,14.95,0,0,0,0,0,0,0,0,0,0,0,0
Prentiss Alexander,,2018-19,0.0,0,0,0,0,0,0,0,0,0,0,0,0,0.0,0,0,0,0,0,0,0,0,0,0,0,1
Prentiss Hubb,Notre Dame,2018-19,20.0,44,125,26,74,9,10,57,15,5,12,37,35,14.97,36,126,12,67,24,35,57,13,6,13,28,22
Presbyterian,,2018-19,0.0,0,0,0,0,0,0,0,0,0,29,27,4,0.0,0,0,0,0,0,0,0,0,0,26,35,3
Presentation College,,2018-19,0.0,0,0,0,0,0,0,0,0,0,6,0,1,0.0,0,0,0,0,0,0,0,0,0,0,2,0
Preston Parks,,2018-19,14.8,49,150,23,65,20,23,48,18,0,3,43,40,0.0,42,120,18,52,41,48,45,12,1,9,43,34
Preston Stitt,,2018-19,0.0,0,0,0,0,0,0,0,0,0,0,0,1,0.0,0,0,0,0,0,0,0,0,0,0,0,0
Prince Ali,UCLA,2018-19,20.0,40,99,19,58,14,21,18,21,0,8,24,20,14.82,33,80,14,40,21,28,14,9,2,10,22,22
Prince Moss,Grambling,2018-19,20.0,14,36,6,16,5,5,5,5,0,3,21,15,20.0,19,33,9,13,11,16,6,4,0,1,26,10
Prince Obeni,CSU Dominguez Hills,2018-19,20.0,0,0,0,0,2,4,0,0,0,0,1,0,14.88,1,1,0,0,0,0,0,1,0,0,2,0
Princeton,,2018-19,0.0,0,0,0,0,0,0,0,0,0,17,22,3,0.0,0,0,0,0,0,0,0,0,0,26,14,5
Princewill Anosike,Howard,2018-19,20.0,6,14,0,0,0,1,4,2,5,13,24,8,20.0,1,5,0,0,2,3,1,0,5,4,14,2
Providence,,2018-19,0.0,0,0,0,0,0,0,0,0,0,40,23,8,0.0,0,0,0,0,0,0,0,0,0,23,24,9
Purdue,,2018-19,0.0,0,0,0,0,0,0,0,0,0,28,38,1,0.0,0,0,0,0,0,0,0,0,0,41,19,3
Purdue Fort Wayne,,2018-19,0.0,0,0,0,0,0,0,0,0,0,10,13,0,0.0,0,0,0,0,0,0,0,0,0,10,13,4
Purdue Northwest,,2018-19,0.0,0,0,0,0,0,0,0,0,0,2,0,0,0.0,0,0,0,0,0,0,0,0,0,0,0,0
Qadhafi Turner,Brevard College,2018-19,20.0,0,2,0,2,1,2,0,1,0,0,0,1,14.93,0,0,0,0,0,0,0,0,0,0,0,0
Qawi Rucker,,2018-19,0.6,2,5,0,1,0,0,0,0,1,1,2,1,0.0,2,4,0,1,2,2,0,0,0,2,1,2
Qon Murphy,Houston Baptist,2018-19,20.0,8,30,1,9,10,15,7,3,1,4,16,12,14.9,10,21,5,10,1,7,4,2,3,6,8,5
Quade Green,Kentucky,2018-19,20.0,10,33,5,18,6,8,12,4,0,2,9,12,14.78,11,14,6,8,9,9,9,4,0,1,1,9
Quadiar Johnson,Johnson & Wales (FL),2018-19,20.0,0,2,0,0,0,0,0,0,0,1,0,0,14.95,0,0,0,0,0,0,0,0,0,0,0,0
Quadre Lollis,Presentation College,2018-19,20.0,3,5,0,1,1,1,0,0,0,0,1,0,15.77,2,2,0,0,2,4,0,0,0,0,2,1
Quamauri Hardy,Arkansas-Pine Bluff,2018-19,0.0,5,13,0,4,1,2,12,4,1,2,8,10,16.88,3,14,0,6,1,2,16,5,0,5,7,4
Quan Jackson,Georgia Southern,2018-19,20.0,68,162,16,62,33,45,22,26,7,5,65,26,14.95,75,163,22,64,46,64,18,32,8,6,50,29
Quan McCluney,Charleston,2018-19,20.0,1,1,0,0,0,0,0,1,1,0,0,0,17.1,0,0,0,0,0,0,0,0,0,0,0,0
Quavius Copeland,North Carolina A&T,2018-19,20.0,38,99,20,61,2,2,26,6,0,2,16,9,20.0,27,68,8,31,11,13,14,4,0,2,12,11
Quay Kimble,Lees McRae,2018-19,20.0,1,6,1,4,0,0,4,0,0,0,3,0,17.68,3,4,1,1,0,0,2,1,0,0,2,1
Quayson Williams,The Citadel,2018-19,20.0,11,34,3,21,7,10,22,11,0,4,15,9,17.78,13,27,4,15,5,6,13,7,0,2,7,10
Queens College NY,,2018-19,0.0,0,0,0,0,0,0,0,0,0,1,0,0,0.0,0,0,0,0,0,0,0,0,0,0,0,0
Quennell Francis,Southeastern,2018-19,0.0,0,0,0,0,0,0,0,0,0,0,0,0,14.97,0,2,0,0,0,0,0,0,0,1,1,0
Quentin Goodin,Xavier,2018-19,20.0,54,136,22,69,20,31,70,15,3,5,41,33,20.0,54,143,18,60,39,59,67,21,2,4,40,44
Quentin Grimes,Kansas,2018-19,20.0,57,146,27,80,12,20,28,9,5,10,36,32,20.0,49,124,27,75,19,34,42,11,1,7,33,35
Quentin Guliford,Montana State,2018-19,20.0,6,16,1,9,4,4,2,4,1,4,7,0,20.0,7,12,1,5,0,1,0,0,0,2,5,2
Quentin Jackson Jr.,Temple,2018-19,20.0,1,5,1,3,0,0,0,0,1,0,1,3,20.0,0,0,0,0,0,0,0,0,0,0,0,0
Quentin Millora-Brown,Rice,2018-19,20.0,54,86,0,0,13,27,20,4,20,31,57,25,17.73,42,73,0,0,12,29,14,3,15,32,50,8
Quentin Pharis,Buena Vista,2018-19,0.0,0,0,0,0,0,0,0,0,0,0,0,1,14.58,0,1,0,0,0,0,0,0,0,0,0,0
Quentin Pough,Rust,2018-19,20.0,2,9,2,6,0,0,1,0,0,0,3,3,14.88,3,9,1,4,1,2,3,0,0,2,1,0
Quentin Scott,Texas State,2018-19,20.0,22,38,1,3,4,11,7,1,2,12,20,6,14.77,11,28,0,2,7,14,2,2,2,6,16,5
Queshod Young,Louisiana College,2018-19,20.0,0,2,0,2,0,0,0,0,0,0,0,2,18.13,0,0,0,0,2,2,1,0,0,0,1,2
Quincy,,2018-19,0.0,0,0,0,0,0,0,0,0,0,2,1,0,0.0,0,0,0,0,0,0,0,0,0,0,0,0
Quincy Mathews,Dixie State,2018-19,20.0,0,1,0,0,4,4,1,0,0,2,0,0,20.0,1,1,0,0,0,2,0,0,1,0,2,0
Quincy McKnight,Seton Hall,2018-19,20.0,43,97,6,32,21,33,67,19,3,7,38,51,17.98,65,143,9,28,43,66,57,29,3,8,32,32
Quinn Blair,William & Mary,2018-19,20.0,4,11,3,8,0,0,2,0,1,1,6,4,20.0,3,5,0,1,1,1,4,1,3,1,6,3
Quinn Clinton,Saint Mary's,2018-19,0.0,0,0,0,0,0,0,0,0,0,0,0,0,15.0,0,1,0,1,0,0,0,0,0,0,0,0
Quinn Sutton,Spring Hill,2018-19,20.0,0,2,0,2,0,0,1,0,1,0,1,2,14.87,1,2,0,0,0,0,0,0,0,1,0,0
Quinn Taylor,Utah State,2018-19,20.0,93,212,15,55,54,72,55,25,13,68,121,37,14.9,90,177,13,51,55,79,50,21,12,69,110,50
Quinndary Weatherspoon,Mississippi State,2018-19,20.0,93,182,26,62,56,71,44,34,5,24,45,55,14.87,107,215,29,73,87,106,48,20,5,19,63,38
Quinnipiac,,2018-19,0.0,0,0,0,0,0,0,0,0,0,26,23,9,0.0,0,0,0,0,0,0,0,0,0,22,18,12
Quintel Clements,Elmira,2018-19,20.0,0,1,0,0,0,0,1,1,1,0,1,1,14.73,0,0,0,0,0,1,0,0,0,0,1,0
Quintin Dove,UT Martin,2018-19,0.0,93,151,9,20,34,45,3,17,5,47,40,15,17.88,59,101,1,7,42,49,9,8,10,31,36,16
Quinton Adlesh,Columbia,2018-19,20.0,61,148,27,77,2,2,41,30,0,0,32,26,20.0,79,177,39,98,12,18,27,15,1,2,34,24
Quinton Drayton,Towson,2018-19,20.0,4,6,3,4,0,1,3,1,0,0,4,2,14.75,3,10,0,3,2,2,0,0,0,1,2,2
Quinton Forrest,Jacksonville,2018-19,0.0,1,1,0,0,1,1,0,0,0,0,0,0,20.0,3,6,0,0,0,0,1,1,0,2,2,4
Quinton Glaspie,Central State (OH),2018-19,20.0,2,4,2,2,1,3,0,0,1,0,2,0,14.97,2,3,2,3,0,0,1,0,0,0,1,1
Quinton Green,Cedarville,2018-19,20.0,2,6,1,3,0,0,0,0,1,0,1,2,14.92,2,9,1,3,0,0,0,1,0,4,1,2
Quinton Hudson,Hardin-Simmons,2018-19,20.0,0,1,0,0,0,0,0,0,0,0,0,0,14.77,0,1,0,1,0,2,2,2,0,0,0,0
Quinton Johnson II,,2018-19,0.0,0,0,0,0,0,0,0,0,0,0,0,0,0.0,0,0,0,0,0,0,0,0,0,0,1,0
Quinton Rose,Temple,2018-19,20.0,91,244,19,73,24,34,35,32,5,3,60,35,17.68,100,229,18,69,51,73,42,31,1,9,44,37
Quinton Thomas,SE Louisiana,2018-19,20.0,4,11,2,6,2,5,5,5,0,3,6,4,14.93,6,18,1,10,7,8,2,4,1,5,2,7
Quiyante Burroughs,Bob Jones University,2018-19,20.0,2,4,1,3,0,0,4,0,0,2,2,2,14.93,2,7,0,1,0,0,0,0,0,0,2,3
Quran Dubois,SUNY-Canton,2018-19,20.0,0,2,0,0,0,0,0,1,0,0,0,0,14.97,0,0,0,0,0,0,0,0,0,0,0,0
R.J. Eytle-Rock,UMBC,2018-19,20.0,23,57,5,17,11,14,0,13,3,3,37,20,14.95,25,61,9,21,10,14,1,8,4,6,27,13
R.J. Gladney,Louisiana,2018-19,20.0,1,1,0,0,2,4,0,0,0,1,2,2,20.0,1,1,0,0,0,0,0,0,0,1,2,0
R.J. Gunn,Lenoir Rhyne,2018-19,20.0,1,5,1,4,0,0,1,0,0,0,0,2,14.97,0,2,0,2,0,0,0,0,0,1,0,0
R.J. Kelly,South Alabama,2018-19,20.0,21,58,7,26,16,21,0,12,7,22,41,28,14.95,21,54,6,25,14,23,0,9,15,23,40,14
R.J. Smith,Sam Houston State,2018-19,20.0,31,67,10,23,16,16,0,3,1,16,43,5,17.95,34,79,11,27,11,20,1,6,2,26,19,15
RJ Barrett,Duke,2018-19,20.0,159,371,38,136,60,88,86,20,9,22,111,56,14.78,149,311,31,93,83,128,70,13,7,32,109,66
RJ Cole,Howard,2018-19,20.0,80,190,38,88,56,68,74,26,1,7,44,42,20.0,80,195,21,66,107,130,76,24,0,7,44,43
RJ Eytle-Rock,UMBC,2018-19,0.0,0,0,0,0,0,0,22,0,0,0,0,0,14.95,0,0,0,0,0,0,29,0,0,0,0,0
RJ Kelly,South Alabama,2018-19,0.0,0,0,0,0,0,0,21,0,0,0,0,0,14.95,0,0,0,0,0,0,11,0,0,0,0,0
RJ Laugand,Clarion,2018-19,20.0,1,4,1,1,0,0,2,0,0,0,2,2,14.93,0,1,0,1,2,2,2,1,0,0,1,0
RJ Nembhard,TCU,2018-19,20.0,21,67,10,36,15,22,14,7,9,2,33,20,20.0,22,63,9,34,14,25,15,9,5,2,28,23
RJ Smith,Sam Houston State,2018-19,0.0,0,0,0,0,0,0,8,0,0,0,0,0,14.68,0,0,0,0,0,0,10,0,0,0,0,0
RJ Williams,Boise State,2018-19,20.0,51,91,0,6,24,43,7,18,2,15,48,39,20.0,40,73,0,4,35,51,15,13,4,16,40,21
Ra Kpedi,Vermont,2018-19,0.0,4,11,0,0,4,6,1,1,3,4,16,4,20.0,7,11,0,0,2,8,2,1,0,6,3,5
Ra'Shawn Langston,Louisiana Tech,2018-19,20.0,43,117,24,75,8,11,23,13,3,3,31,11,20.0,30,83,13,45,24,30,28,11,0,5,24,11
Raasean Davis,North Carolina Central,2018-19,20.0,99,154,0,0,27,40,5,17,19,50,100,39,14.78,103,153,0,0,40,56,11,11,22,60,89,29
Race Thompson,Indiana,2018-19,0.0,0,2,0,2,0,0,1,0,1,3,5,0,14.87,1,2,0,1,1,2,0,2,0,0,1,0
Rade Kukobat,Eastern Illinois,2018-19,20.0,35,86,7,24,22,38,12,5,12,21,42,23,17.98,42,98,8,26,32,41,12,6,14,36,33,14
Radford,,2018-19,0.0,0,0,0,0,0,0,0,0,0,25,24,9,0.0,0,0,0,0,0,0,0,0,0,23,16,9
Radshad Davis,UT Arlington,2018-19,20.0,39,73,6,23,12,17,18,8,3,12,45,23,20.0,39,72,8,19,28,36,18,10,2,24,53,22
RaeShaun Henderson,Wilson College,2018-19,20.0,3,5,1,3,0,0,1,0,0,0,1,1,17.92,1,1,0,0,0,0,0,0,0,0,0,2
Raef Gerdes,Grand Canyon,2018-19,0.0,0,0,0,0,0,0,0,0,0,0,0,0,14.92,0,1,0,1,0,0,0,0,0,0,0,0
Raeshawn Sutherland,Columbia International,2018-19,20.0,1,4,1,3,2,2,1,0,0,0,0,2,14.87,0,1,0,1,0,0,2,0,0,0,0,1
Raheem Solomon,Niagara,2018-19,20.0,34,93,22,60,18,22,11,7,1,14,26,28,20.0,42,102,27,65,21,27,8,5,4,9,22,13
Raine McKeython,Stetson,2018-19,20.0,11,35,2,12,22,24,7,6,1,8,5,7,14.95,9,22,4,9,8,12,7,3,2,5,13,11
Raiquan Clark,LIU Brooklyn,2018-19,20.0,91,189,8,36,57,78,32,14,9,29,78,56,20.0,112,213,12,37,80,119,24,20,10,31,63,78
Raiquan Gray,Florida State,2018-19,20.0,27,64,7,18,19,26,13,14,2,11,35,13,14.97,18,42,3,13,8,11,10,13,4,8,19,16
Raiquis Harris,Mount St. Vincent,2018-19,20.0,1,4,1,2,2,2,1,4,0,0,1,2,14.93,0,1,0,0,0,0,0,0,0,0,1,4
Raivis Scerbinskis,Winthrop,2018-19,20.0,3,11,3,11,0,0,0,0,0,1,4,1,14.9,7,17,7,16,1,2,2,0,0,2,4,0
Ralph Bissainthe,UIC,2018-19,19.6,0,0,0,0,0,1,2,0,0,0,0,1,17.77,0,0,0,0,0,0,0,0,0,0,0,0
Ramar Evans,Wisconsin Parkside,2018-19,20.0,0,2,0,1,0,0,1,0,0,0,1,0,15.58,0,0,0,0,0,0,0,0,0,0,0,0
Ramel Stephens,Mount Aloysius,2018-19,20.0,1,5,1,2,0,0,0,0,0,0,3,4,14.92,0,0,0,0,0,0,0,0,0,0,0,0
Ramiir Dixon-Conover,St. Francis (PA),2018-19,20.0,6,19,0,4,0,0,9,5,2,2,8,12,15.23,3,13,2,3,3,4,15,7,0,1,6,5
Ramon Vila,Chattanooga,2018-19,20.0,38,59,2,5,7,13,15,2,7,12,27,14,18.98,41,61,0,0,19,28,9,3,9,13,42,14
Rance Cole,Stephen F. Austin,2018-19,0.0,6,12,2,5,1,2,1,1,0,3,2,2,20.0,3,6,0,1,1,2,3,3,1,1,2,1
Randall Ferdinand,Johnson & Wales (RI),2018-19,20.0,3,4,1,2,0,0,3,0,1,0,0,1,14.87,0,4,0,0,0,0,0,0,1,1,0,1
Randall Gaskins Jr,St. Francis (PA),2018-19,20.0,0,0,0,0,0,0,20,0,0,0,0,0,18.65,0,0,0,0,0,0,11,0,0,0,0,0
Randall Gaskins Jr.,St. Francis (PA),2018-19,20.0,22,43,9,18,9,16,2,9,5,6,18,9,18.65,16,38,7,18,5,6,3,6,1,3,13,12
Randall West,UMass,2018-19,20.0,0,1,0,0,4,4,1,0,0,2,1,0,20.0,0,1,0,0,2,4,0,1,0,1,6,0
Randy Brumant,Columbia,2018-19,20.0,46,83,7,24,16,24,7,8,11,17,39,19,20.0,21,54,3,18,11,13,14,10,7,23,52,6
Randy Dupont,Central Pennsylvania College,2018-19,20.0,1,8,0,3,2,2,3,0,0,1,2,3,15.48,2,8,0,2,0,0,0,0,0,2,2,2
Randy Johnson Jr,Wisconsin Lutheran,2018-19,0.0,0,0,0,0,0,0,0,0,0,0,0,0,17.8,0,0,0,0,0,0,1,0,0,0,0,0
Randy Johnson Jr.,Wisconsin Lutheran,2018-19,20.0,0,1,0,1,0,0,0,0,0,1,1,1,14.93,3,5,1,2,0,0,0,0,0,0,2,1
Randy Miller Jr,North Carolina Central,2018-19,20.0,0,0,0,0,0,0,26,0,0,0,0,0,14.6,0,0,0,0,0,0,31,0,0,0,0,0
Randy Miller Jr.,,2018-19,7.02,65,156,39,94,28,37,2,13,1,4,37,32,0.0,62,137,23,67,68,84,1,13,0,5,27,32
Raphael Durr,California Merced,2018-19,20.0,2,2,0,0,0,0,0,0,0,0,1,2,20.0,3,6,0,0,5,6,0,0,0,1,1,1
Rapolas Ivanauskas,Colgate,2018-19,18.98,88,192,20,48,23,32,25,9,9,27,86,43,20.0,72,131,19,39,43,56,24,8,10,21,75,27
Rashaad Goolsby,Portland State,2018-19,20.0,22,45,2,8,15,27,10,12,3,17,27,13,20.0,19,36,0,5,33,46,13,10,8,25,38,10
Rashaad Nurse,Elmira,2018-19,0.0,0,0,0,0,0,0,0,0,0,0,2,1,14.73,1,2,0,0,0,0,0,0,0,0,0,0
Rashaan Bean,Wilson College,2018-19,20.0,3,7,2,4,0,0,0,0,0,0,1,3,17.92,1,4,0,1,0,0,2,0,0,0,2,0
Rashaan Holloway,UMass,2018-19,20.0,65,97,0,0,25,35,9,4,12,38,58,24,20.0,61,88,0,0,12,42,6,5,9,39,45,26
Rashaan Jackson,Indiana South Bend,2018-19,20.0,0,2,0,1,0,0,0,0,0,0,0,0,14.83,1,5,0,1,1,1,1,0,0,0,1,0
Rashad Williams,Cleveland State,2018-19,20.0,50,134,41,108,2,3,9,5,1,2,30,23,17.1,56,128,47,108,11,13,13,12,0,1,21,15
Rashann London,North Carolina Central,2018-19,20.0,15,41,1,4,4,6,25,3,1,8,9,21,14.78,13,28,0,1,11,15,24,1,0,3,11,18
Rashard Odomes,Oklahoma,2018-19,20.0,58,95,1,6,18,32,20,13,3,20,17,21,17.92,39,78,5,9,19,33,11,4,1,19,22,11
Rashawn Chapman,Miles,2018-19,20.0,2,3,0,0,2,2,0,0,0,1,1,2,20.0,1,3,0,0,0,0,0,0,0,0,0,1
Rashawn Fredericks,Cincinnati,2018-19,20.0,12,43,4,15,4,6,2,5,2,17,27,6,20.0,12,29,3,16,9,12,2,5,2,10,17,1
Rasheed Bell,Pine Manor,2018-19,20.0,1,6,0,1,0,0,0,0,0,0,1,3,14.83,0,2,0,2,0,0,1,0,0,1,0,1
Rasheem Etienne,Webber International,2018-19,20.0,2,10,1,5,2,2,1,0,0,1,1,3,15.82,0,1,0,1,0,0,2,0,0,2,1,1
Rashun Williams,South Florida,2018-19,20.0,2,12,0,7,0,0,2,0,0,2,5,2,20.0,5,10,2,4,2,2,4,1,2,1,5,2
Rasir Bolton,Penn State,2018-19,20.0,64,145,32,71,19,24,21,8,2,7,23,37,17.72,49,136,21,69,62,68,25,12,0,12,19,40
Rathen Carter,McKendree,2018-19,20.0,1,3,0,1,0,0,0,1,0,0,1,5,14.95,0,2,0,0,0,0,0,0,0,0,0,1
Raul Frias,LIU Brooklyn,2018-19,20.0,45,102,35,84,11,13,4,14,8,3,40,8,20.0,33,79,26,65,5,6,4,12,5,8,24,9
Ray Christian,Central Pennsylvania College,2018-19,20.0,0,4,0,3,0,0,0,0,0,0,2,0,15.48,0,2,0,2,0,0,0,0,0,0,0,1
Ray Jerome,Pennsylvania,2018-19,20.0,6,18,6,15,0,0,5,1,0,0,3,5,14.93,2,8,1,4,0,0,0,0,0,1,5,2
Ray McLeod,Johnson University (FL),2018-19,20.0,1,5,1,2,2,2,0,0,0,2,3,3,14.97,1,2,1,2,0,0,1,0,0,0,1,0
Ray Mccleod,Johnson University (FL),2018-19,0.0,0,0,0,0,0,0,0,0,0,0,0,0,14.95,0,1,0,1,0,2,0,0,0,0,0,0
Ray Mcleod,Johnson University (FL),2018-19,20.0,1,2,0,1,0,2,0,0,0,0,1,1,14.92,2,3,0,0,1,2,0,0,0,1,0,0
Ray Price,Lyon,2018-19,0.0,0,0,0,0,0,0,0,1,0,0,1,0,18.78,2,2,1,1,0,1,1,0,0,0,4,1
Ray Salnave,Monmouth,2018-19,20.0,45,101,12,34,20,26,33,9,2,9,41,34,17.9,42,118,5,25,48,61,25,15,0,4,39,30
RayQuawndis Mitchell,Idaho,2018-19,20.0,16,47,12,35,12,13,21,4,0,1,24,14,17.1,17,52,13,39,13,16,13,2,0,2,19,12
RaySean Scott Jr,Florida Gulf Coast,2018-19,20.0,0,0,0,0,0,0,8,0,0,0,0,0,17.97,0,0,0,0,0,0,7,0,0,0,0,0
RaySean Scott Jr.,Florida Gulf Coast,2018-19,20.0,19,61,5,19,3,7,0,2,4,13,42,15,17.97,18,37,3,10,4,13,0,4,5,14,27,8
Rayford Washington,Carver College,2018-19,20.0,5,12,3,6,1,3,4,0,1,2,2,3,14.95,1,5,0,3,0,0,1,0,0,0,0,1
Rayjon Tucker,Little Rock,2018-19,19.8,80,166,29,76,64,82,19,15,3,6,68,37,20.0,83,168,37,80,80,104,23,12,5,12,78,33
Raymon Pratt,Fayetteville State,2018-19,20.0,0,0,0,0,0,0,1,0,0,0,1,2,17.77,1,2,0,1,0,0,0,0,0,1,0,1
Raymond Bethea Jr,Howard,2018-19,20.0,0,0,0,0,0,0,9,0,0,0,0,0,20.0,0,0,0,0,0,0,9,0,0,0,0,0
Raymond Bethea Jr.,Howard,2018-19,0.0,20,55,11,32,8,13,0,5,1,1,8,7,15.65,18,45,9,19,8,12,0,5,1,3,5,5
Raymond Bullock III,Averett,2018-19,20.0,1,1,0,0,2,3,1,0,0,0,1,2,17.97,1,2,0,1,0,1,0,0,0,0,0,0
Raynere Thornton,Memphis,2018-19,20.0,38,91,11,31,19,28,19,19,13,29,68,25,20.0,54,87,6,18,27,40,17,17,6,44,65,25
Rayshaun Hammonds,Georgia,2018-19,20.0,51,119,13,40,33,39,24,14,2,31,61,37,14.92,65,119,13,30,40,52,20,9,10,15,58,30
Rayshawn Miller,Albany,2018-19,20.0,13,39,9,28,4,7,16,7,1,3,21,16,20.0,3,15,3,9,0,0,12,7,0,1,8,9
Rayshawn Neal,South Carolina State,2018-19,20.0,15,48,1,9,11,15,24,1,1,6,17,25,16.17,29,60,0,5,16,26,28,10,1,6,19,20
Recardo Travis,Midway,2018-19,20.0,0,1,0,1,0,0,0,0,0,0,1,0,14.88,0,0,0,0,0,0,0,0,0,0,0,0
Rechon Black,North Carolina,2018-19,20.0,0,1,0,0,0,0,0,0,0,0,0,1,18.38,0,0,0,0,0,0,0,0,0,0,1,0
Reece Brooks,Albany,2018-19,20.0,1,5,0,4,0,0,0,0,0,0,1,4,20.0,1,9,1,7,3,3,1,0,0,1,0,1
Reed Nikko,Missouri,2018-19,20.0,28,45,0,0,4,8,4,8,10,15,26,14,17.98,12,20,0,0,7,9,2,0,3,9,10,8
Reed Smith,Trevecca Nazarene,2018-19,20.0,2,5,1,1,1,2,1,0,0,0,2,5,14.9,1,4,0,0,2,2,5,0,0,0,3,2
Reese Mona,Maryland,2018-19,0.0,1,1,0,0,0,0,2,0,0,1,1,0,14.82,0,0,0,0,0,0,1,0,0,0,0,2
Regent,,2018-19,0.0,0,0,0,0,0,0,0,0,0,5,2,1,0.0,0,0,0,0,0,0,0,0,0,5,1,0
Reggie Anthony,Harding,2018-19,20.0,2,3,0,1,0,0,2,0,0,0,1,4,14.85,1,3,0,1,0,0,1,1,0,0,0,1
Reggie Chaney,Arkansas,2018-19,20.0,39,80,0,0,12,22,11,10,22,16,45,27,17.92,39,58,0,0,5,11,14,9,19,19,28,16
Reggie Gardner Jr,,2018-19,0.0,0,0,0,0,0,0,21,0,0,0,0,0,10.52,0,0,0,0,0,0,14,0,0,0,0,0
Reggie Gardner Jr.,North Carolina Central,2018-19,20.0,34,90,21,62,10,15,1,3,1,8,11,21,14.78,26,81,16,52,12,15,2,6,2,4,7,16
Reggie Perry,Mississippi State,2018-19,20.0,50,107,5,20,43,62,11,9,9,44,79,24,14.87,64,113,6,16,36,48,10,6,14,39,63,24
Reggie Rouse,St. Mary's (MD),2018-19,20.0,0,3,0,1,0,0,2,1,0,0,0,0,14.75,1,3,1,3,0,0,1,0,0,1,1,2
Reggie Scurry,Middle Tennessee,2018-19,20.0,73,138,1,2,32,48,15,13,8,49,55,26,17.68,59,100,1,3,43,65,10,6,10,42,41,33
Reggie Wright,Mars Hill,2018-19,20.0,4,8,0,2,2,2,1,1,0,0,0,3,14.93,1,4,0,1,2,4,1,1,0,0,1,0
Reginal Johnson,Alcorn State,2018-19,20.0,37,92,15,43,16,27,9,4,2,10,23,16,14.9,46,113,11,39,24,36,9,6,1,22,26,9
Reginald Gee,Alabama State,2018-19,20.0,44,121,24,53,29,39,13,4,2,11,34,17,14.63,41,106,12,36,42,55,10,11,1,8,35,34
Reginald Terrell,Reinhardt,2018-19,20.0,2,4,0,0,1,1,0,0,0,0,2,1,14.93,2,3,0,0,0,0,0,1,0,0,0,0
Regis Peacock,Cairn University,2018-19,0.0,0,0,0,0,0,0,0,0,0,0,0,1,14.7,0,3,0,2,0,0,2,1,0,1,0,2
Reid Killeen,Western New England,2018-19,0.0,0,1,0,1,0,0,0,0,0,0,0,2,15.27,0,0,0,0,0,0,1,0,0,1,1,1
Reid Travis,Kentucky,2018-19,20.0,69,121,5,13,45,60,15,6,8,41,71,25,14.78,49,101,2,11,49,70,13,7,16,44,67,24
Reilly Goulet,St. Francis (ILL),2018-19,20.0,2,3,1,2,0,0,3,0,0,0,2,2,18.75,3,6,3,4,0,0,0,0,0,0,1,0
Reilly Walsh,NJIT,2018-19,17.3,4,6,3,3,2,2,0,2,0,2,0,0,20.0,2,5,2,4,2,2,1,0,1,0,5,2
Reinhardt,,2018-19,0.0,0,0,0,0,0,0,0,0,0,4,1,0,0.0,0,0,0,0,0,0,0,0,0,0,0,0
Remu Raitanen,San Francisco,2018-19,20.0,10,24,5,15,1,1,11,2,0,4,4,2,14.78,7,15,3,10,4,4,3,0,0,6,3,1
Remy Martin,Arizona State,2018-19,16.18,57,155,11,46,35,46,81,16,1,10,44,30,20.0,72,162,28,77,48,62,73,22,0,10,31,35
Rex Hollis,Louisiana College,2018-19,20.0,0,0,0,0,0,0,1,0,0,0,1,0,18.13,0,0,0,0,0,0,0,0,0,1,0,0
Rex Pflueger,Notre Dame,2018-19,20.0,6,16,5,12,5,6,23,5,3,2,14,5,14.97,14,25,9,17,9,11,9,6,2,4,12,6
Rey Idowu,Illinois State,2018-19,20.0,19,34,0,0,8,10,5,2,4,16,27,9,20.0,18,27,0,0,7,16,1,2,0,14,21,6
Rhode Island,,2018-19,0.0,0,0,0,0,0,0,0,0,0,24,24,5,0.0,0,0,0,0,0,0,0,0,0,35,23,7
Ricardo Bullock,NC Wesleyan,2018-19,18.53,4,7,3,4,0,0,0,0,1,0,3,0,20.0,1,4,1,1,0,0,2,0,2,0,1,0
Ricardo Lynch,Stetson,2018-19,20.0,23,69,9,36,22,27,5,5,5,8,26,12,14.95,23,64,6,29,13,19,6,7,0,10,15,10
Rice,,2018-19,0.0,0,0,0,0,0,0,0,0,0,18,32,6,0.0,0,0,0,0,0,0,0,0,0,21,22,4
Rich Kelly,Quinnipiac,2018-19,20.0,44,99,25,65,16,17,56,7,1,7,29,38,20.0,50,116,30,62,37,45,53,11,0,7,16,29
Rich Serrano,Westcliff,2018-19,20.0,4,10,2,6,0,0,2,1,0,1,2,0,14.68,1,5,1,4,0,0,1,0,0,1,5,3
Rich Yancey,Birmingham-Southern,2018-19,20.0,0,1,0,1,0,0,0,0,0,1,2,1,14.97,0,2,0,0,0,0,0,0,0,0,4,1
Richard Anderson,Florida A&M,2018-19,20.0,4,14,1,8,1,2,5,5,0,1,1,2,19.17,5,16,2,11,2,3,3,2,0,1,1,3
Richard Caldwell Jr,Binghamton,2018-19,20.0,0,0,0,0,0,0,2,0,0,0,0,0,17.77,0,0,0,0,0,0,5,0,0,0,0,0
Richard Caldwell Jr.,Binghamton,2018-19,20.0,18,66,9,40,5,8,0,4,8,2,30,14,17.77,13,38,7,21,14,24,0,3,3,6,20,8
Richard Feagin Jr,Morehead State,2018-19,0.0,0,0,0,0,0,0,0,0,0,0,0,0,17.62,0,0,0,0,0,0,6,0,0,0,0,0
Richard Feagin Jr.,Morehead State,2018-19,20.0,3,5,2,3,0,0,0,0,0,0,2,1,17.62,1,5,0,2,2,3,0,0,0,0,7,2
Richard Gaskins,Wilberforce,2018-19,20.0,1,3,0,1,0,0,2,0,0,1,3,6,14.85,1,2,0,0,0,0,0,0,0,0,0,1
Richard Harward,Utah Valley,2018-19,20.0,26,37,0,0,15,21,8,3,8,15,35,7,20.0,31,45,0,0,32,52,5,1,7,26,45,6
Richard Henderson,Austin Peay,2018-19,20.0,12,24,0,0,6,10,4,3,6,10,10,8,14.92,4,12,0,0,1,2,1,2,0,5,6,4
Richard Laku,McNeese,2018-19,20.0,0,1,0,1,1,2,0,0,0,0,2,0,19.62,0,2,0,1,0,0,0,0,0,0,0,0
Richard Lee,Southern,2018-19,20.0,57,130,39,88,10,13,18,10,0,3,19,14,15.05,31,93,20,68,4,9,13,5,2,6,20,17
Richard Njoku,Navy,2018-19,20.0,5,10,0,0,2,6,1,0,2,12,8,2,20.0,1,5,0,0,1,4,0,0,4,4,7,4
Richard Reed,Bellevue University,2018-19,20.0,1,7,0,5,0,0,1,0,0,0,1,1,16.35,0,1,0,0,0,0,0,0,0,0,2,0
Richard Robertson,Purdue Northwest,2018-19,20.0,3,4,2,2,0,0,1,1,0,0,1,3,14.97,2,5,1,2,0,0,0,0,0,1,0,1
Richard Rosas,Cairn University,2018-19,20.0,1,2,0,0,0,0,0,0,0,0,0,1,14.7,1,1,0,0,0,0,2,1,0,0,1,1
Richard Wright,San Diego Christian,2018-19,0.0,0,0,0,0,0,0,0,0,0,0,0,1,14.93,2,3,0,0,3,3,0,0,1,1,0,2
Richardson Maitre,Florida Atlantic,2018-19,20.0,16,58,6,22,12,15,38,13,2,4,49,24,14.83,18,50,4,18,14,18,31,8,1,4,35,18
Richie Simon,St. Joseph's (NY-Brooklyn),2018-19,0.0,0,0,0,0,0,0,0,0,0,0,0,0,14.83,1,1,0,0,0,0,0,0,0,0,1,0
Richmond,,2018-19,0.0,0,0,0,0,0,0,0,0,0,42,26,16,0.0,0,0,0,0,0,0,0,0,0,34,19,6
Richmond Aririguzoh,Princeton,2018-19,20.0,57,81,0,0,31,40,17,5,10,32,47,32,18.37,54,80,0,1,54,66,13,9,7,43,34,20
Rickey Holden,CSU Bakersfield,2018-19,20.0,58,139,23,52,23,26,51,16,1,9,36,38,20.0,45,131,14,44,46,53,51,13,2,6,20,25
Rickey McGill,Iona,2018-19,20.0,73,156,21,68,36,44,72,38,4,14,57,44,20.0,85,181,23,57,78,104,73,34,4,17,51,39
Ricky Clemons,Campbell,2018-19,0.0,0,0,0,0,0,0,0,0,0,0,0,0,14.92,1,1,1,1,0,0,0,0,0,0,1,0
Ricky Council II,UMBC,2018-19,20.0,25,77,19,60,15,16,6,4,2,9,15,11,14.95,31,65,23,52,11,14,9,8,3,3,13,3
Ricky Doyle,Florida Gulf Coast,2018-19,20.0,7,17,0,0,5,10,0,1,2,4,8,6,14.97,5,8,0,0,4,6,2,1,3,1,1,1
Ricky Dunnaway,West Alabama,2018-19,19.87,1,6,0,0,2,2,1,0,0,0,1,1,14.68,2,2,0,0,2,2,0,0,0,1,2,0
Ricky Gouety,Stetson,2018-19,20.0,9,15,0,0,4,7,0,2,2,8,13,8,14.95,8,21,0,0,2,4,2,2,3,7,6,6
Ricky Lindo Jr.,Maryland,2018-19,20.0,12,27,1,7,7,12,6,8,10,12,53,11,14.82,3,15,1,5,6,11,5,4,3,9,27,3
Ricky Madison,High Point,2018-19,20.0,65,108,5,13,13,19,20,6,6,49,84,33,20.0,46,89,0,8,35,61,20,7,4,54,70,27
Ricky Nelson,Weber State,2018-19,19.07,11,30,3,8,5,7,17,4,0,2,7,8,17.93,4,14,1,4,7,11,11,1,0,0,8,6
Ricky Ray,Centenary,2018-19,20.0,1,5,0,1,0,1,3,1,0,0,2,2,14.95,0,1,0,0,0,0,0,0,0,0,0,0
Ricky Roth,,2018-19,0.0,0,0,0,0,0,0,0,0,0,0,0,0,0.0,0,0,0,0,0,0,0,0,0,1,1,1
Ricky Torres,Wichita State,2018-19,20.0,16,51,2,21,6,7,40,6,1,3,34,15,20.0,20,48,2,20,2,4,43,7,1,5,18,14
Rico Quinton,East Carolina,2018-19,20.0,1,5,0,0,0,0,0,0,2,2,5,2,14.98,4,9,2,5,2,5,0,4,2,1,4,1
Ricquall Smoot,Hampton,2018-19,19.92,11,16,0,0,3,7,2,0,1,3,16,5,20.0,6,9,0,0,0,0,0,1,4,6,6,1
Rider,,2018-19,0.0,0,0,0,0,0,0,0,0,0,21,23,3,0.0,0,0,0,0,0,0,0,0,0,29,25,3
Riley Barnes,Harris Stowe,2018-19,20.0,1,3,0,1,0,0,0,0,0,0,1,1,20.0,1,1,0,0,0,0,1,0,0,1,0,0
Riley Battin,Utah,2018-19,20.0,40,80,16,42,7,11,15,2,1,12,39,15,17.88,32,64,11,29,15,22,17,5,0,10,38,13
Riley Dempsey,,2018-19,0.0,0,0,0,0,0,0,0,0,1,0,1,0,0.0,0,0,0,0,0,0,0,0,0,0,0,1
Riley Grigsby,Seattle,2018-19,20.0,21,39,5,17,6,11,7,3,5,6,24,11,20.0,14,31,4,8,10,13,6,4,9,9,19,4
Riley Norris,Alabama,2018-19,20.0,27,72,15,45,6,8,6,6,1,20,35,4,20.0,25,58,14,39,22,29,12,9,3,12,28,10
Riley O'Neil,,2018-19,7.62,0,1,0,1,1,2,0,0,0,0,1,0,0.0,0,0,0,0,0,0,0,0,1,1,3,0
Riley Till,Iowa,2018-19,0.0,2,2,0,0,1,2,1,1,0,0,3,1,14.97,3,6,0,2,2,3,0,1,0,0,1,1
Riley Voss,Cornell,2018-19,20.0,5,23,1,14,0,0,12,0,0,3,14,4,14.97,15,29,8,17,1,3,9,1,0,4,7,3
Rio Haskett,Harvard,2018-19,20.0,14,42,10,26,4,6,14,10,0,4,19,13,20.0,14,37,9,22,4,6,12,6,0,5,23,15
Rip Economou,Seattle,2018-19,20.0,1,8,1,7,0,1,0,0,1,1,0,1,14.83,1,3,1,3,2,2,0,0,0,1,0,1
Rivier,,2018-19,0.0,0,0,0,0,0,0,0,0,0,1,1,0,0.0,0,0,0,0,0,0,0,0,0,1,1,1
Rj Selman,Brewton-Parker,2018-19,20.0,2,6,0,2,0,1,2,1,0,3,1,6,17.65,1,5,0,1,2,2,4,1,0,1,0,1
Rob Deiz,Aquinas College,2018-19,20.0,1,3,1,3,0,0,2,1,0,0,0,0,14.97,0,1,0,1,0,0,0,0,0,0,0,0
Rob Edwards,Arizona State,2018-19,19.7,42,137,24,68,16,22,14,11,3,2,33,17,20.0,48,116,24,56,46,54,18,16,2,5,40,20
Rob Fuller,Holy Names,2018-19,20.0,3,6,0,0,0,0,2,1,0,0,2,0,17.73,2,6,1,4,4,4,0,1,0,0,1,0
Rob Howard Jr,UIC,2018-19,20.0,0,0,0,0,0,0,10,0,0,0,0,0,18.38,0,0,0,0,0,0,4,0,0,0,0,0
Rob Howard Jr.,UIC,2018-19,20.0,34,66,7,21,6,14,2,9,12,20,36,15,18.38,28,61,6,15,4,7,0,3,7,13,23,12
Rob Marberry,Lipscomb,2018-19,20.0,93,155,1,1,24,35,30,4,10,20,43,14,20.0,91,142,0,1,33,51,30,6,7,21,33,6
Rob Peterson III,High Point,2018-19,20.0,7,20,3,5,3,7,3,3,1,9,16,14,20.0,4,16,2,8,12,19,3,2,0,7,10,4
Rob Phinisee,Indiana,2018-19,20.0,33,100,12,41,7,13,43,16,2,3,37,24,14.95,38,100,14,40,25,36,42,15,2,8,45,13
Rob Shaw,Chicago State,2018-19,20.0,64,165,3,25,8,14,58,11,1,9,42,58,14.97,50,140,2,18,23,31,55,15,0,3,34,41
Rob Whitfield,UMKC,2018-19,20.0,46,121,32,87,7,9,25,23,2,8,22,14,14.6,49,111,35,77,15,16,17,12,2,3,29,15
Rob Willis,Westcliff,2018-19,20.0,0,0,0,0,0,0,1,0,1,1,0,0,14.68,0,0,0,0,0,0,1,0,0,0,0,0
Rob Wilson,NC Wesleyan,2018-19,15.0,0,2,0,1,0,0,0,0,0,0,2,0,20.0,0,2,0,1,0,0,1,0,0,0,2,0
Robbie Berwick,Colorado State,2018-19,20.0,2,10,0,4,0,0,3,0,0,1,5,0,14.83,0,5,0,4,2,2,7,1,0,2,2,4
Robbie Brooks,Governors State,2018-19,20.0,3,9,0,1,2,2,2,0,0,2,3,2,14.72,1,2,0,0,0,0,0,0,0,1,0,1
Robbie Feinberg,Harvard,2018-19,20.0,0,1,0,1,0,0,0,0,0,0,3,0,20.0,0,0,0,0,0,0,0,0,0,0,0,0
Robbie Simpson,Eastern Oregon,2018-19,0.0,0,0,0,0,0,0,0,0,0,0,0,0,14.97,0,1,0,1,0,0,0,0,0,0,0,1
Robby Carmody,Notre Dame,2018-19,20.0,3,12,1,5,0,0,1,0,1,3,2,4,14.97,3,9,0,2,3,4,0,1,0,2,1,2
Robby Dooley,East Texas Baptist,2018-19,20.0,1,5,1,3,1,2,1,0,0,0,2,1,17.95,2,7,0,1,1,1,1,1,0,2,2,2
Robby Dosier,,2018-19,11.0,0,1,0,1,0,0,0,0,0,0,0,0,0.0,1,2,0,0,0,0,0,0,0,0,0,0
Robert Aldridge,Bethesda,2018-19,20.0,2,4,0,0,0,0,1,0,0,0,2,2,17.1,2,5,0,0,1,2,0,0,0,0,0,0
Robert Allen,Samford,2018-19,20.0,58,112,10,39,17,21,27,7,12,26,95,28,16.68,53,126,11,36,35,52,18,13,16,41,84,28
Robert Baker,Harvard,2018-19,20.0,26,59,10,24,1,1,5,8,8,6,46,12,20.0,19,41,6,19,10,16,8,2,14,7,33,10
Robert Bendingfield,Spalding,2018-19,20.0,0,3,0,1,2,2,0,0,0,0,1,5,14.83,2,6,0,0,0,0,0,0,0,0,0,0
Robert Bonar,Davis & Elkins,2018-19,20.0,0,1,0,0,0,0,1,0,0,0,0,0,14.87,0,0,0,0,0,0,0,0,0,0,0,0
Robert Braswell,Syracuse,2018-19,0.0,0,0,0,0,1,2,1,2,0,0,0,0,14.93,1,2,1,2,0,0,2,1,0,0,3,3
Robert Brown,New Mexico State,2018-19,20.0,0,0,0,0,3,4,0,0,0,0,0,0,14.92,1,1,0,0,0,0,0,0,0,1,1,1
Robert Cartwright,UC Irvine,2018-19,20.0,32,91,11,33,20,23,36,20,1,5,34,20,20.0,42,103,13,36,31,38,36,14,4,6,27,28
Robert Colon,Winston Salem,2018-19,20.0,0,4,0,2,2,2,0,0,0,0,0,3,14.87,4,8,1,4,2,3,2,1,0,0,2,0
Robert Franks,Washington State,2018-19,20.0,105,203,42,93,43,54,42,12,12,19,81,40,17.45,90,187,31,86,59,67,26,5,6,17,72,46
Robert Guyton,The Citadel,2018-19,0.0,0,0,0,0,0,0,0,0,0,0,0,0,14.92,0,1,0,1,0,0,0,0,0,0,0,0
Robert Hawkins,Buena Vista,2018-19,20.0,4,8,2,3,1,2,3,2,0,2,3,3,14.58,1,6,0,2,0,0,1,0,0,3,0,0
Robert Hobson,Johnson & Wales (NC),2018-19,20.0,15,30,11,23,1,4,4,1,1,0,10,6,14.85,4,17,3,13,3,4,8,0,0,1,4,6
Robert Jean Charles,Elms College,2018-19,20.0,0,0,0,0,0,0,1,1,1,1,0,0,15.38,0,0,0,0,0,1,0,0,0,0,2,0
Robert Jones,Miles,2018-19,0.0,0,0,0,0,0,0,0,0,0,0,0,0,14.97,0,0,0,0,2,2,0,0,0,0,0,0
Robert Martin,Rice,2018-19,20.0,57,110,27,59,36,48,15,12,3,18,75,22,17.73,49,117,20,49,58,77,29,16,6,21,69,26
Robert McCoy,Portland State,2018-19,20.0,41,95,10,42,27,41,13,17,11,31,44,16,20.0,30,88,10,38,17,36,15,13,7,34,59,24
Robert Montgomery,,2018-19,7.42,54,128,6,26,20,29,10,17,14,18,60,17,0.0,63,130,13,37,44,75,9,10,10,23,51,16
Robert Morris,,2018-19,0.0,0,0,0,0,0,0,0,0,0,30,26,12,0.0,0,0,0,0,0,0,0,0,0,35,31,8
Robert Okoro,Cedarville,2018-19,20.0,1,3,0,0,0,0,0,0,0,2,1,0,14.92,1,4,1,2,0,0,0,2,0,1,1,2
Robert Parker,,2018-19,0.0,0,0,0,0,0,0,0,0,0,0,0,0,0.0,0,0,0,0,0,0,0,0,0,0,1,2
Robert Parks III,Piedmont International,2018-19,0.0,0,0,0,0,0,0,0,0,0,0,0,0,14.77,0,1,0,1,0,0,0,0,0,0,1,0
Robert Thomas,Edward Waters,2018-19,20.0,2,5,0,1,0,0,3,3,0,1,1,3,18.6,1,4,1,3,0,0,11,2,0,0,0,3
Robert Wilson,,2018-19,11.2,0,1,0,1,0,0,0,0,0,0,0,0,0.0,0,2,0,2,0,0,1,0,0,0,1,1
Robert Woodard,,2018-19,8.97,35,77,6,20,9,19,9,10,12,21,46,12,0.0,29,60,5,21,18,21,12,7,3,18,36,8
Robert Woodard Ii,Mississippi State,2018-19,20.0,1,3,0,1,0,2,0,1,0,0,0,0,16.28,2,3,1,1,1,4,0,0,0,2,4,1
Roberto Gallinat,Pacific,2018-19,20.0,51,107,25,56,30,34,5,6,1,6,27,20,14.93,53,115,23,60,99,114,6,7,2,8,33,15
Roberts Blumbergs,Grand Canyon,2018-19,20.0,12,27,5,14,9,9,5,6,5,6,16,2,20.0,5,15,0,8,2,4,1,2,2,2,8,5
Robin Duncan,Vermont,2018-19,20.0,16,47,5,20,15,19,38,9,3,12,33,18,20.0,21,56,1,10,19,26,28,12,3,17,41,21
Robinson Idehen,UC Santa Barbara,2018-19,20.0,27,40,0,0,5,17,3,3,8,22,25,16,19.87,17,26,0,0,10,18,1,0,8,13,23,6
Roc Johnson,York,2018-19,20.0,1,1,1,1,0,0,0,0,1,0,0,0,15.25,0,1,0,1,0,0,0,0,0,0,0,0
Rochester College,,2018-19,0.0,0,0,0,0,0,0,0,0,0,0,0,1,0.0,0,0,0,0,0,0,0,0,0,0,0,0
Rocky Kreuser,North Dakota State,2018-19,20.0,41,98,16,55,22,27,17,4,16,7,44,17,16.9,39,92,18,52,34,41,9,9,22,17,47,25
Rod Brown,Wichita State,2018-19,20.0,4,14,0,4,8,9,1,5,0,6,11,5,20.0,6,17,1,3,3,13,2,1,1,9,7,3
Rod Cummings II,Hendrix College,2018-19,0.0,0,0,0,0,0,0,0,0,0,0,0,0,14.87,0,2,0,1,2,2,0,0,0,0,1,0
Rod Henry-Hayes,Northern Illinois,2018-19,0.0,20,49,12,30,1,3,13,3,2,9,22,7,11.7,23,50,14,32,4,5,14,13,0,9,17,9
Rod Johnson,,2018-19,0.0,0,0,0,0,0,0,0,0,0,0,0,0,0.0,0,0,0,0,0,0,0,0,1,0,0,0
Rod Melton Jr,Florida A&M,2018-19,20.0,0,0,0,0,0,0,6,0,0,0,0,0,19.17,0,0,0,0,0,0,6,0,0,0,0,0
Rod Melton Jr.,,2018-19,8.7,17,31,9,16,6,9,0,3,1,2,9,9,0.0,10,28,4,8,6,10,0,5,0,7,6,7
Roderick Howell,North Greenville,2018-19,20.0,8,13,0,0,2,5,0,0,1,2,1,1,14.83,2,6,0,0,1,2,0,0,0,2,0,2
Roderick Taylor Jr,North Carolina Central,2018-19,20.0,0,0,0,0,0,0,1,0,0,0,0,0,17.83,0,0,0,0,0,0,0,0,0,0,0,0
Roderick Taylor Jr.,North Carolina Central,2018-19,20.0,7,9,0,0,0,2,0,2,2,1,14,7,18.82,0,1,0,0,0,0,0,0,1,3,5,1
Rodney Henderson Jr,CSU Northridge,2018-19,0.0,0,0,0,0,0,0,12,0,0,0,0,0,20.0,0,0,0,0,0,0,7,0,0,0,0,0
Rodney Henderson Jr.,CSU Northridge,2018-19,20.0,47,123,27,73,16,19,0,6,2,12,29,9,19.08,48,117,22,70,20,28,0,12,4,19,23,7
Rodney Herenton,,2018-19,0.0,0,0,0,0,0,0,0,0,0,0,0,0,0.0,0,0,0,0,0,0,0,1,0,0,0,0
Rodney Hunter,Columbia,2018-19,20.0,5,16,1,4,0,1,8,3,2,6,14,5,20.0,5,10,0,3,2,8,7,1,5,1,13,6
Rodney Mallett,William Carey,2018-19,20.0,0,4,0,2,0,0,1,0,0,0,2,3,15.3,3,4,0,0,0,0,2,0,0,0,0,1
Rodney Robinson,Trinity Baptist,2018-19,0.0,3,6,0,2,1,4,0,0,1,0,2,4,14.83,2,3,2,3,0,0,0,1,0,0,1,3
Rodney Shoemo,Pensacola Christian College,2018-19,20.0,1,3,1,1,0,0,2,0,0,0,1,2,14.87,3,3,0,0,0,0,0,0,0,0,0,1
Rodrick Sikes,South Alabama,2018-19,20.0,69,169,38,115,37,48,10,13,2,1,30,19,14.95,52,142,34,94,21,37,11,17,2,5,23,14
Rogers Printup,UC Davis,2018-19,20.0,9,31,3,22,0,1,10,7,2,2,23,10,14.78,19,42,10,29,6,7,8,8,2,7,29,3
Rokas Mazionis,Wayland Baptist University,2018-19,20.0,0,1,0,0,0,0,2,1,0,0,1,1,17.97,0,0,0,0,0,0,0,0,0,0,0,1
Roland Romano,St Elizabeth,2018-19,20.0,0,2,0,0,0,0,0,0,0,2,1,2,14.92,0,1,0,0,0,0,0,1,0,0,0,0
Romain Boxus,Hartford,2018-19,20.0,11,25,5,15,3,3,3,1,1,3,10,6,20.0,5,18,2,14,2,2,3,4,2,5,7,4
Romain Louiserre,,2018-19,0.75,2,9,0,1,3,4,0,1,0,5,2,2,0.0,1,3,0,0,4,4,0,0,0,2,4,2
Roman Davis,California,2018-19,20.0,2,8,0,1,0,2,0,0,0,1,8,4,19.38,5,14,0,0,4,13,1,1,2,3,11,1
Roman Letterlough,Chestnut Hill College,2018-19,20.0,0,1,0,0,0,0,0,0,0,0,0,0,19.07,0,0,0,0,0,0,0,0,0,0,1,0
Romani Hansen,Savannah St,2018-19,20.0,27,73,7,29,10,17,9,7,10,14,36,21,14.92,40,79,8,24,34,50,12,6,11,18,45,15
Romario Wilson,Humboldt State,2018-19,0.0,0,0,0,0,0,0,0,1,0,0,0,0,14.73,1,5,0,1,3,3,0,0,0,0,1,2
Romaro Gill,Seton Hall,2018-19,20.0,15,25,0,0,3,10,1,3,19,13,19,14,17.98,12,22,0,0,1,2,0,4,12,10,28,3
Romello Bates,Ave Maria,2018-19,20.0,3,3,0,0,0,1,4,0,0,0,4,5,14.73,4,7,0,1,0,0,2,0,0,2,3,2
Romello White,Arizona State,2018-19,18.72,63,109,0,0,39,64,4,4,17,43,60,22,20.0,43,71,0,0,28,51,5,9,6,29,31,23
Romello Wilbert,Incarnate Word,2018-19,20.0,9,28,2,11,3,9,8,6,3,8,23,23,14.75,7,23,1,10,1,2,5,3,0,4,14,12
Romelo Burrell,Central Michigan,2018-19,20.0,9,33,2,10,13,22,5,4,5,20,23,10,14.95,13,20,0,2,17,22,1,0,7,8,17,7
Romen Martin,Harding,2018-19,20.0,0,5,0,2,0,0,1,1,0,0,0,1,14.85,1,3,0,0,1,2,3,2,0,1,1,2
Romeo Bouie,Harris Stowe,2018-19,20.0,2,6,1,4,0,0,0,0,0,0,2,1,20.0,2,4,0,1,2,3,2,1,0,1,2,1
Romeo Crouch,Presbyterian,2018-19,0.0,42,78,20,44,16,20,27,18,4,24,30,11,19.8,41,83,14,40,17,30,11,16,12,31,34,10
Romeo Langford,Indiana,2018-19,20.0,81,176,13,55,44,61,32,15,9,20,58,35,14.95,80,186,19,60,72,99,38,8,14,21,50,27
Romone Saunders,Wagner,2018-19,18.1,70,183,37,102,43,49,57,25,3,31,72,41,20.0,67,182,24,85,95,115,45,20,5,32,75,36
Ron Artest III,CSU Northridge,2018-19,20.0,11,19,0,0,4,10,2,3,6,7,10,6,20.0,6,12,0,0,0,4,1,0,4,8,9,10
Ron Freeman,Long Beach State,2018-19,20.0,11,41,6,24,2,7,3,3,0,4,24,7,20.0,17,42,3,15,8,9,3,5,1,5,17,8
Ron Harper Jr,Rutgers,2018-19,20.0,0,0,0,0,0,0,12,0,0,0,0,0,14.97,0,0,0,0,0,0,16,0,0,0,0,0
Ron Harper Jr.,Rutgers,2018-19,20.0,39,92,14,47,7,10,0,9,3,5,39,11,14.58,38,93,15,50,19,28,1,8,9,10,27,12
Ronald Jackson,North Carolina A&T,2018-19,20.0,27,48,4,7,17,24,6,12,4,16,26,6,20.0,27,46,4,7,28,37,6,7,5,18,25,11
Ronald Karenzi,Purdue Northwest,2018-19,20.0,1,2,0,0,0,1,0,1,0,0,0,0,14.97,0,2,0,0,1,2,0,1,0,1,2,0
Ronald Lucas,Delaware State,2018-19,20.0,12,31,3,5,4,4,3,4,6,9,18,12,15.88,19,38,1,6,5,10,3,4,8,6,13,11
Ronald Youngblood,LaGrange College,2018-19,20.0,0,0,0,0,1,2,0,0,0,0,0,3,14.93,0,0,0,0,0,0,0,0,0,0,0,1
Ronaldo Segu,Buffalo,2018-19,15.0,11,29,3,13,1,3,13,6,0,1,14,18,20.0,7,15,3,5,3,4,12,0,0,6,4,5
Ronan Doherty,SUNY Maritime,2018-19,20.0,2,2,2,2,0,0,2,1,0,0,5,1,14.93,0,1,0,1,2,2,0,1,0,0,2,1
Rondale Watson,Marshall,2018-19,20.0,44,103,8,27,23,32,42,14,3,17,42,21,14.8,43,102,3,23,31,45,29,9,3,24,56,13
Ronnie Harrell Jr,Denver,2018-19,20.0,0,0,0,0,0,0,13,0,0,0,0,0,20.0,0,0,0,0,0,0,12,0,0,0,0,0
Ronnie Harrell Jr.,Denver,2018-19,20.0,35,76,20,40,15,17,0,5,3,1,26,26,20.0,22,70,7,30,15,22,0,8,2,6,24,9
Ronnie Kozak,California Merced,2018-19,20.0,0,1,0,0,2,3,0,0,0,0,0,0,20.0,1,1,0,0,1,1,0,0,0,0,0,1
Ronnie Suggs,Missouri,2018-19,20.0,3,20,1,9,5,5,4,2,0,3,8,9,20.0,5,13,3,9,6,12,2,1,0,4,14,5
Ronshad Shabazz,Appalachian State,2018-19,20.0,112,240,43,107,41,48,31,12,0,11,53,43,14.93,89,217,34,100,58,74,42,12,2,8,31,29
Roosevelt Smart,North Texas,2018-19,20.0,30,94,20,59,12,14,4,7,0,3,24,19,17.93,32,77,16,47,11,14,12,6,3,0,24,15
Rosel Hurley,St. Francis (BKN),2018-19,20.0,64,126,4,13,20,30,21,16,2,31,44,32,14.93,53,100,4,15,26,45,22,6,2,21,35,20
Rosemont,,2018-19,0.0,0,0,0,0,0,0,0,0,0,0,0,0,0.0,0,0,0,0,0,0,0,0,0,1,0,0
Ross Carter,,2018-19,0.87,1,6,1,5,0,0,1,0,2,0,5,0,0.0,0,0,0,0,0,0,0,0,0,0,1,2
Ross Cummings,Mercer,2018-19,20.0,76,176,51,122,32,39,27,7,2,6,36,31,19.07,79,184,47,116,74,95,30,8,0,6,36,36
Ross Freeman,Trinity Baptist,2018-19,0.0,0,1,0,1,0,0,1,0,1,0,0,0,14.83,1,4,1,3,0,0,1,1,0,0,3,1
Ross Owens,Missouri State,2018-19,0.0,2,4,2,4,2,5,1,1,0,0,0,0,19.07,4,6,3,5,1,2,2,1,0,0,2,0
Ross Ryan,South Carolina Upstate,2018-19,20.0,4,15,1,2,0,0,6,1,4,3,6,6,19.2,10,23,0,0,4,5,5,5,1,4,11,10
Ross Williams,Menlo,2018-19,0.0,0,0,0,0,0,0,0,1,0,0,0,0,15.95,0,2,0,2,0,0,0,0,0,0,0,0
Royce Hamm Jr.,Texas,2018-19,0.0,4,12,0,0,3,3,2,0,5,12,10,8,20.0,8,16,0,0,3,6,0,1,3,8,15,2
Roydell Brown,McNeese,2018-19,20.0,70,127,5,15,37,55,16,13,1,28,78,32,17.1,58,112,2,9,32,56,16,8,4,36,72,29
Ruben Guerrero,Samford,2018-19,20.0,89,144,0,0,34,48,12,12,32,47,80,36,16.68,78,127,0,0,26,44,6,5,29,55,80,22
Rudy Stradnieks,Southern Illinois,2018-19,20.0,3,13,0,4,0,0,4,0,1,4,6,10,20.0,10,13,2,4,5,10,0,0,2,2,6,2
Rui Hachimura,Gonzaga,2018-19,20.0,155,252,9,17,91,113,27,19,15,25,85,32,14.48,98,179,5,16,63,94,25,14,11,24,89,32
Russell Barlow,TCU,2018-19,20.0,1,4,0,1,0,0,0,0,0,1,4,0,20.0,0,2,0,0,0,0,0,0,0,1,2,2
Russell Daniels,Montana State,2018-19,20.0,10,26,2,8,5,11,21,5,1,1,11,19,14.9,7,20,1,2,8,10,14,4,0,6,7,11
Russell Taylor,UC Santa Cruz,2018-19,20.0,0,1,0,1,0,0,0,0,0,0,1,0,14.98,0,0,0,0,0,0,0,0,0,0,2,2
Rust,,2018-19,0.0,0,0,0,0,0,0,0,0,0,2,1,1,0.0,0,0,0,0,0,0,0,0,0,3,0,0
Rusty Moorer,St. Leo,2018-19,20.0,4,7,2,4,0,1,1,1,0,0,1,3,17.73,2,7,1,6,2,2,2,1,0,2,2,2
Rutgers,,2018-19,0.0,0,0,0,0,0,0,0,0,0,24,21,7,0.0,0,0,0,0,0,0,0,0,0,24,29,8
Ryan Allen,Delaware,2018-19,20.0,40,116,26,76,14,26,24,4,1,2,21,14,20.0,66,138,33,77,37,52,22,8,1,2,25,12
Ryan Andino,Maryland-Eastern Shore,2018-19,20.0,46,153,39,132,8,11,8,10,0,1,24,13,17.87,44,136,37,117,14,15,6,5,0,1,23,5
Ryan Betley,Pennsylvania,2018-19,20.0,1,3,1,3,0,0,0,0,0,0,1,1,20.0,0,0,0,0,0,0,0,0,0,0,0,0
Ryan Briscoe,,2018-19,3.83,1,5,0,3,0,0,1,0,0,0,2,1,0.0,0,0,0,0,0,0,2,0,0,0,1,0
Ryan Bruggeman,Southwest Minnesota State,2018-19,20.0,4,9,0,1,0,1,0,0,0,1,5,1,15.0,0,2,0,1,0,0,3,1,0,1,0,1
Ryan Burkhardt,North Florida,2018-19,0.0,16,46,12,39,0,0,7,6,1,3,14,6,20.0,13,37,13,34,0,0,5,2,0,4,16,7
Ryan Carmello,,2018-19,0.0,0,0,0,0,0,0,0,0,0,0,0,1,0.0,0,0,0,0,0,0,0,0,0,0,0,0
Ryan Chaney,Hardin-Simmons,2018-19,20.0,0,2,0,1,0,0,0,0,0,1,0,1,14.77,0,0,0,0,0,0,0,0,0,0,1,0
Ryan Cline,Purdue,2018-19,20.0,62,159,46,122,5,8,63,14,2,4,51,21,18.95,74,165,57,126,16,21,44,6,2,2,40,18
Ryan Coyle,Misericordia,2018-19,0.0,0,0,0,0,0,0,0,0,0,0,0,0,14.78,0,1,0,0,0,0,2,0,0,0,0,1
Ryan Davis,Vermont,2018-19,20.0,16,47,2,18,7,7,4,1,2,17,9,4,20.0,12,21,4,7,4,4,3,0,4,3,11,5
Ryan Donovan,SUNY Maritime,2018-19,0.0,0,0,0,0,0,0,0,0,0,0,0,0,14.93,1,2,1,1,0,0,0,0,0,0,0,0
Ryan Fazekas,Valparaiso,2018-19,20.0,33,80,19,50,6,8,11,1,2,10,24,11,18.72,34,70,22,48,17,19,4,3,1,11,23,6
Ryan Flippo,Colorado College,2018-19,20.0,1,1,1,1,0,0,1,0,0,0,1,0,14.93,0,0,0,0,0,0,0,0,0,0,0,1
Ryan Funk,Marist,2018-19,20.0,57,127,44,101,16,19,8,5,1,4,42,7,20.0,43,114,29,83,39,41,4,9,3,3,37,12
Ryan Garza,,2018-19,9.17,2,5,1,3,1,2,2,2,0,3,1,2,0.0,7,15,6,14,1,2,0,1,0,1,2,2
Ryan Gilbert,Covenant,2018-19,0.0,0,0,0,0,0,0,0,0,0,0,0,0,14.97,1,3,1,2,0,0,0,0,0,1,0,0
Ryan Greer,Northwestern,2018-19,20.0,9,25,1,6,4,6,11,4,0,2,7,13,20.0,5,17,1,3,0,1,9,3,1,1,10,9
Ryan Haywood,California Merced,2018-19,20.0,2,3,1,2,0,1,2,0,0,0,1,2,20.0,2,6,0,0,4,4,0,0,0,1,3,3
Ryan Johnson,Delaware,2018-19,17.63,16,41,7,20,9,14,15,1,0,12,27,11,20.0,9,21,5,13,11,13,5,8,5,2,29,3
Ryan Jones,UMass Lowell,2018-19,20.0,23,64,11,35,12,15,31,6,5,3,25,24,20.0,36,78,12,37,9,15,34,8,2,4,25,15
Ryan Kreklow,Missouri State,2018-19,20.0,41,100,27,68,14,19,19,24,3,7,46,29,14.78,35,76,24,52,21,26,14,8,7,1,36,25
Ryan Kriener,Iowa,2018-19,20.0,31,62,7,16,18,25,14,7,4,16,33,17,19.93,27,44,1,4,11,17,10,7,5,11,24,13
Ryan Krueger,South Dakota State,2018-19,20.0,9,14,7,11,4,4,2,1,0,2,5,0,20.0,5,12,3,8,0,0,3,2,0,3,4,0
Ryan Larson,Wofford,2018-19,20.0,15,33,2,12,8,9,29,16,0,2,15,21,18.38,8,29,5,19,2,4,26,8,0,2,17,16
Ryan Lawrence,Central Pennsylvania College,2018-19,20.0,3,16,3,10,0,0,2,2,0,2,2,3,15.48,5,24,3,13,1,3,2,1,0,1,2,2
Ryan Littel,Spring Hill,2018-19,20.0,5,7,3,4,0,0,0,0,0,0,7,0,14.87,1,3,1,1,0,0,2,1,1,0,5,3
Ryan Lowe,Albion,2018-19,20.0,0,1,0,0,0,0,0,0,0,0,1,0,17.95,0,1,0,0,0,0,0,0,1,0,0,0
Ryan Luther,Arizona,2018-19,20.0,47,111,21,55,5,7,19,9,3,24,39,16,14.9,42,93,19,52,17,21,14,14,2,30,30,16
Ryan Maas,Western Illinois,2018-19,0.0,0,0,0,0,0,0,0,0,0,0,0,0,14.98,1,2,0,1,0,0,0,0,0,0,1,0
Ryan Mansbarger,Goshen College,2018-19,20.0,2,2,1,1,0,0,1,0,0,0,1,0,14.72,2,4,2,4,0,0,1,0,0,1,0,1
Ryan McLaurin,Millsaps,2018-19,20.0,2,4,0,1,0,0,1,0,0,0,0,3,14.92,1,6,0,3,1,2,1,0,0,0,1,0
Ryan McMahon,Louisville,2018-19,20.0,27,75,24,65,9,11,36,5,3,2,14,24,14.9,34,91,25,73,39,39,22,8,1,2,18,15
Ryan McRaney,William Carey,2018-19,20.0,3,6,1,3,0,0,0,0,0,1,0,1,15.3,2,5,1,2,0,0,2,1,1,0,2,0
Ryan Mikesell,,2018-19,4.17,60,112,19,57,19,23,42,14,9,21,64,27,0.0,46,96,20,52,34,44,25,8,7,15,55,18
Ryan Mobley,North Greenville,2018-19,20.0,3,6,1,2,0,0,6,1,0,0,2,5,14.83,1,5,0,1,0,0,1,0,0,0,0,2
Ryan Murunge,Skidmore,2018-19,20.0,1,2,0,1,0,0,1,2,0,0,0,0,14.97,1,2,0,0,0,0,0,0,0,0,0,0
Ryan Pearson,Navy,2018-19,20.0,7,21,5,16,1,2,5,1,0,1,4,5,17.65,5,10,3,7,2,2,2,4,0,0,5,4
Ryan Peterson,Willamette,2018-19,0.0,0,0,0,0,0,0,0,0,0,0,1,0,14.9,0,0,0,0,2,2,1,0,0,0,1,0
Ryan Pippins,Little Rock,2018-19,15.0,23,42,14,28,4,9,4,6,0,1,24,13,20.0,14,39,6,24,3,9,12,3,0,1,19,3
Ryan Preston,Rhode Island,2018-19,0.0,8,14,0,0,4,4,2,4,4,5,16,3,20.0,4,10,0,0,2,4,1,0,3,4,12,2
Ryan Ricks,Northwest University,2018-19,20.0,1,2,0,0,0,0,3,0,0,1,0,2,14.83,0,1,0,0,0,0,1,0,0,1,0,0
Ryan Roland,Le Moyne,2018-19,20.0,3,6,1,1,0,0,0,1,0,0,1,2,14.63,0,0,0,0,0,0,0,0,0,0,0,1
Ryan Schmadel,SUNY-Cortland,2018-19,20.0,0,3,0,1,0,0,0,0,0,0,1,0,14.92,1,2,1,2,0,0,0,1,0,1,0,0
Ryan Schmadel Defensive Rebound.,SUNY-Cortland,2018-19,20.0,1,1,0,0,0,0,0,0,0,0,0,0,14.92,0,0,0,0,0,0,0,0,0,0,0,0
Ryan Schmadel Offensive Rebound.,SUNY-Cortland,2018-19,0.0,0,0,0,0,0,0,0,0,0,0,0,0,14.92,1,1,0,0,0,0,0,0,0,0,0,0
Ryan Schmadel Steal.,SUNY-Cortland,2018-19,0.0,0,0,0,0,0,0,0,0,0,0,0,0,14.92,1,1,0,0,0,0,0,0,0,0,0,0
Ryan Schwieger,Princeton,2018-19,20.0,26,55,5,18,16,17,10,5,4,4,26,14,18.37,29,56,11,25,13,18,14,3,0,3,17,14
Ryan Snow,Pensacola Christian College,2018-19,20.0,0,1,0,0,0,0,0,0,0,1,0,0,14.87,0,0,0,0,0,0,0,0,0,0,0,0
Ryan Swan,Air Force,2018-19,20.0,75,133,17,44,27,33,36,14,9,41,69,33,14.82,61,115,9,27,46,70,15,11,4,36,57,32
Ryan Taylor,Northwestern,2018-19,20.0,41,128,21,73,16,16,19,14,6,3,18,13,20.0,51,127,32,83,15,19,12,9,3,7,24,7
Ryan Vogelei,Buena Vista,2018-19,20.0,0,2,0,2,0,0,3,1,0,0,1,3,14.58,0,4,0,3,0,0,0,0,0,0,0,1
Ryan Welage,Xavier,2018-19,20.0,36,96,28,77,5,6,14,1,1,3,24,6,17.87,39,73,28,56,6,7,8,3,4,7,21,6
Ryan Wheeler,Southwestern,2018-19,20.0,0,6,0,4,3,3,1,0,0,0,1,2,14.68,1,3,1,2,2,2,2,0,0,1,0,2
Ryan Wilson,,2018-19,16.23,0,1,0,1,0,0,0,0,0,0,1,0,0.0,0,0,0,0,0,0,0,0,0,0,0,0
Ryan Woolridge,North Texas,2018-19,20.0,46,93,6,16,6,9,46,15,2,6,45,20,14.73,35,71,5,13,18,29,38,16,4,13,39,25
Ryghe Lyons,Nicholls,2018-19,20.0,21,49,1,8,3,4,19,5,11,15,24,13,14.97,20,39,0,4,4,5,13,7,10,9,12,13
Ryker Pierce,UC Riverside,2018-19,20.0,4,16,3,10,0,0,0,2,0,2,2,2,14.73,1,4,0,1,1,2,2,2,0,0,1,0
Rylan Bergersen,BYU,2018-19,20.0,7,21,2,9,4,8,5,1,4,0,9,3,17.82,7,15,3,9,1,2,5,0,0,1,7,1
Rylen Grundy,,2018-19,0.0,1,2,0,1,0,0,0,0,0,0,1,0,14.65,0,2,0,2,0,0,0,0,0,0,0,0
SE Louisiana,,2018-19,0.0,0,0,0,0,0,0,0,0,0,15,27,7,0.0,0,0,0,0,0,0,0,0,0,17,20,8
SIU-Edwardsville,,2018-19,0.0,0,0,0,0,0,0,0,0,0,27,15,3,0.0,0,0,0,0,0,0,0,0,0,21,15,3
SK Shittu,Central Arkansas,2018-19,20.0,22,55,1,5,16,18,0,0,2,11,18,18,17.98,11,40,1,5,6,9,1,3,6,4,25,13
SMU,,2018-19,0.0,0,0,0,0,0,0,0,0,0,29,25,2,0.0,0,0,0,0,0,0,0,0,0,37,23,1
SUNY Maritime,,2018-19,0.0,0,0,0,0,0,0,0,0,0,0,1,0,0.0,0,0,0,0,0,0,0,0,0,1,1,0
SUNY-Cortland,,2018-19,0.0,0,0,0,0,0,0,0,0,0,1,1,0,0.0,0,0,0,0,0,0,0,0,0,1,0,1
Sa'eed Nelson,American,2018-19,17.93,84,177,8,34,53,77,76,38,7,17,63,47,20.0,89,173,13,39,83,111,53,22,8,10,59,51
SaBastian Townes,Bryant,2018-19,20.0,59,153,14,39,29,49,17,9,4,19,40,27,20.0,91,169,15,44,74,108,19,4,2,30,51,37
Saadiq Johnson,Warren Wilson,2018-19,20.0,3,7,1,4,0,0,0,1,0,0,3,1,14.93,2,7,2,7,0,0,1,1,0,1,1,0
Saben Lee,Vanderbilt,2018-19,20.0,61,135,8,28,44,73,53,23,3,8,40,46,18.83,59,122,15,35,78,109,54,9,2,4,38,40
Sacar Anim,Marquette,2018-19,20.0,55,129,17,40,16,28,17,7,1,9,48,21,14.98,46,97,10,25,22,35,21,10,2,10,31,15
Sacramento State,,2018-19,0.0,0,0,0,0,0,0,0,0,0,21,17,2,0.0,0,0,0,0,0,0,0,0,0,19,13,3
Sacred Heart,,2018-19,0.0,0,0,0,0,0,0,0,0,0,30,26,10,0.0,0,0,0,0,0,0,0,0,0,33,16,8
Sadarius Bowser,Charleston Southern,2018-19,0.0,15,26,1,2,3,10,3,0,8,13,16,11,14.87,15,23,0,0,2,4,2,3,3,17,7,4
Saddiq Bey,Villanova,2018-19,20.0,48,115,22,67,2,4,24,16,5,37,57,11,17.55,57,114,25,59,22,35,21,11,6,33,47,16
Sagaba Konate,West Virginia,2018-19,18.27,12,34,1,7,11,13,3,3,8,5,17,10,20.0,11,24,3,8,7,10,2,1,13,5,18,5
Sage Tolbert,SE Missouri St,2018-19,20.0,24,65,1,4,26,44,2,2,8,24,52,34,18.57,34,63,1,2,10,22,3,10,8,21,29,19
Saint Joseph's,,2018-19,0.0,0,0,0,0,0,0,0,0,0,29,27,5,0.0,0,0,0,0,0,0,0,0,0,40,29,5
Saint Joseph's (Brooklyn),,2018-19,0.0,0,0,0,0,0,0,0,0,0,0,1,1,0.0,0,0,0,0,0,0,0,0,0,3,3,0
Saint Louis,,2018-19,0.0,0,0,0,0,0,0,0,0,0,27,27,6,0.0,0,0,0,0,0,0,0,0,0,28,21,1
Saint Mary's,,2018-19,0.0,0,0,0,0,0,0,0,0,0,25,17,6,0.0,0,0,0,0,0,0,0,0,0,20,17,8
Saint Peter's,,2018-19,0.0,0,0,0,0,0,0,0,0,0,24,24,15,0.0,0,0,0,0,0,0,0,0,0,27,36,7
Sal Nuhu,Portland State,2018-19,20.0,53,107,0,2,52,73,5,15,34,42,75,26,20.0,47,95,0,0,35,50,4,4,27,26,70,14
Saleik Edwards,Delaware State,2018-19,20.0,36,138,20,85,8,12,17,6,2,10,39,20,15.88,48,117,36,80,10,17,14,7,0,4,28,23
Saliba Jr Bassel,,2018-19,0.0,0,0,0,0,0,0,0,0,0,0,0,1,0.0,0,0,0,0,0,0,0,0,0,0,0,0
Salif Boudie,Arkansas State,2018-19,15.0,18,30,1,1,7,7,5,5,10,17,28,8,20.0,12,22,0,0,20,29,0,4,7,16,25,9
Salve Regina,,2018-19,0.0,0,0,0,0,0,0,0,0,0,1,2,0,0.0,0,0,0,0,0,0,0,0,0,1,0,0
Sam Berlin,High Point,2018-19,20.0,5,10,0,0,1,4,3,0,1,6,12,7,20.0,2,9,0,0,1,1,0,0,4,4,4,0
Sam Bittner,Fresno State,2018-19,20.0,35,79,20,46,9,14,34,17,4,22,47,13,14.77,29,63,15,38,13,19,26,16,1,21,45,22
Sam Dowd,Idaho State,2018-19,20.0,11,33,1,7,4,6,21,2,0,1,4,11,14.48,6,23,2,7,6,9,16,4,0,2,6,6
Sam Franks,NW Nazarene,2018-19,0.0,0,0,0,0,0,0,0,0,0,0,0,0,16.88,1,1,1,1,0,0,0,0,0,0,0,0
Sam Gabbard,UC Santa Cruz,2018-19,20.0,2,8,2,3,0,0,3,0,0,1,5,2,14.98,1,1,0,0,3,4,0,0,0,1,1,1
Sam Griesel,North Dakota State,2018-19,20.0,32,64,2,14,4,12,20,5,1,10,23,18,16.9,20,47,6,15,12,19,10,6,1,8,35,10
Sam Hanley,Hartwick,2018-19,20.0,1,3,0,2,0,0,0,1,0,0,0,1,17.88,1,3,1,3,0,0,1,1,0,1,0,0
Sam Hauser,Marquette,2018-19,20.0,81,178,39,103,20,22,39,10,11,17,111,25,14.98,84,181,44,105,50,54,38,12,5,17,86,21
Sam Horton,Loyola (MD),2018-19,20.0,1,2,1,1,1,2,2,2,1,0,2,3,19.37,1,2,1,1,0,0,1,0,0,0,3,2
Sam Houston State,,2018-19,0.0,0,0,0,0,0,0,0,0,0,24,28,7,0.0,0,0,0,0,0,0,0,0,0,31,20,4
Sam Ibiezugbe,Monmouth,2018-19,0.0,4,14,0,0,0,0,0,5,2,1,11,3,17.9,6,19,0,0,3,4,1,2,1,7,10,2
Sam Iorio,American,2018-19,16.72,52,137,28,82,12,14,23,10,11,12,53,16,20.0,43,105,18,60,29,36,23,13,9,13,65,12
Sam Kaufman,Wisconsin Lutheran,2018-19,20.0,2,4,0,0,0,1,1,0,0,1,0,1,14.93,5,9,1,3,1,1,2,0,0,1,2,1
Sam Kays,,2018-19,3.75,1,2,0,1,0,0,1,0,0,0,0,2,0.0,0,0,0,0,0,0,0,0,0,0,0,0
Sam Kearns,Oral Roberts,2018-19,20.0,22,57,16,40,6,7,30,6,2,2,17,14,14.78,27,59,15,40,6,9,19,6,1,2,18,18
Sam Kinney,Colorado College,2018-19,20.0,0,0,0,0,0,0,1,0,0,0,0,0,14.93,0,0,0,0,0,0,1,0,0,0,1,0
Sam Lindgren,Colgate,2018-19,0.0,1,2,0,0,0,0,1,0,0,0,2,1,20.0,1,2,0,0,0,0,0,1,0,0,0,0
Sam Masten,Northern Colorado,2018-19,20.0,36,79,12,31,14,24,24,8,0,4,21,22,14.93,27,59,5,19,23,32,15,4,0,9,26,17
Sam Merrill,Utah State,2018-19,20.0,115,226,51,111,63,69,70,16,3,3,65,36,14.9,100,240,29,105,114,126,62,19,6,8,57,28
Sam Miller,Charleston,2018-19,20.0,14,26,4,12,2,6,4,0,2,10,20,7,14.82,20,34,4,8,13,14,5,3,0,7,12,4
Sam Mingledoff,Methodist,2018-19,20.0,3,6,0,1,0,0,1,2,0,1,1,0,14.9,1,3,0,0,0,0,1,2,0,0,4,0
Sam Neumann,Montana State,2018-19,20.0,28,46,6,16,20,29,24,8,1,21,50,11,14.9,20,38,4,13,15,20,27,6,1,17,36,10
Sam Norton,Loyola (MD),2018-19,20.0,8,29,3,11,2,2,17,12,1,7,25,13,14.88,9,33,3,16,4,6,17,12,0,10,25,12
Sam Rautins,,2018-19,0.0,0,0,0,0,0,0,0,0,0,0,2,0,0.0,0,0,0,0,0,0,0,0,0,0,0,0
Sam Roth,NW Nazarene,2018-19,20.0,0,1,0,0,0,0,0,0,0,0,2,2,14.97,0,2,0,0,0,0,2,1,0,0,1,1
Sam Rumley,West Coast Baptist,2018-19,20.0,0,0,0,0,0,3,0,0,0,2,0,2,14.6,0,0,0,0,0,0,0,0,0,0,1,1
Sam Saxton,Bloomsburg University,2018-19,20.0,2,3,1,1,3,3,0,0,0,0,4,1,14.88,0,3,0,2,0,0,1,0,0,0,0,2
Sam Schwietz,UMBC,2018-19,20.0,15,19,0,0,6,8,9,6,8,15,25,6,14.95,12,18,0,1,7,16,11,3,7,13,29,6
Sam Sessoms,Binghamton,2018-19,20.0,94,217,29,85,21,30,56,18,0,8,48,77,20.0,117,246,38,96,45,72,55,17,2,14,32,62
Sam Timmins,Washington,2018-19,0.0,22,32,0,0,1,9,6,7,16,14,17,15,20.0,6,11,0,0,5,9,3,3,9,15,20,10
Sam Waardenburg,Miami,2018-19,20.0,37,82,13,30,31,41,19,5,6,18,42,21,17.98,18,46,5,20,7,9,17,10,4,16,33,13
Samajae Haynes-Jones,Wichita State,2018-19,20.0,74,200,32,95,15,17,53,8,0,8,43,26,20.0,78,219,26,97,30,34,37,11,1,6,42,30
Samba Diallo,UMass,2018-19,20.0,24,48,2,6,9,15,6,6,2,11,35,18,20.0,10,27,2,10,3,13,5,3,0,11,21,3
Samba Kane,Illinois,2018-19,20.0,5,9,0,0,1,7,1,0,7,4,2,4,16.6,7,11,0,0,0,0,1,2,2,0,3,4
Samba Ndiaye,Charleston,2018-19,0.0,0,0,0,0,0,0,0,0,0,0,0,0,18.33,1,2,0,0,2,2,0,0,0,1,0,0
Samford,,2018-19,0.0,0,0,0,0,0,0,0,0,0,22,31,1,0.0,0,0,0,0,0,0,0,0,0,25,23,4
Samir Doughty,Auburn,2018-19,20.0,49,117,24,61,23,25,37,27,1,19,48,21,14.95,45,82,20,39,24,33,23,20,2,17,41,27
Samir Sehic,Tulane,2018-19,20.0,69,159,21,57,35,50,13,6,6,24,73,24,20.0,60,118,10,38,31,41,10,11,13,34,83,16
Samir Stewart,Manhattan,2018-19,20.0,30,77,24,60,8,11,32,10,0,6,11,30,20.0,27,78,21,57,28,31,26,18,1,5,14,24
Samm Jones,Drake,2018-19,0.0,0,0,0,0,0,0,0,0,0,0,0,0,14.95,1,2,1,1,0,0,1,0,0,0,1,0
Sammis Reyes,Loyola New Orleans,2018-19,20.0,4,5,0,0,1,2,1,0,0,2,4,3,20.0,1,3,0,0,1,2,1,2,0,0,2,0
Sammy Friday IV,Siena,2018-19,20.0,10,20,0,0,3,11,1,0,0,4,8,5,19.6,11,19,0,0,9,14,2,0,1,6,4,3
Sammy Jones,CSU Fullerton,2018-19,0.0,0,0,0,0,0,0,0,0,0,0,0,0,20.0,1,1,0,0,1,1,0,0,0,0,0,0
Sammy Thomas,East Mennonite,2018-19,20.0,2,5,0,0,1,1,1,1,0,2,2,2,14.88,3,5,0,0,0,2,0,0,0,2,2,2
Samson Froling,Creighton,2018-19,20.0,23,40,2,8,4,9,6,1,3,3,17,13,20.0,8,12,0,2,1,2,2,0,5,4,12,8
Samson George,Pittsburgh,2018-19,0.0,0,0,0,0,0,0,0,0,0,0,0,0,14.82,1,2,0,0,1,2,0,0,0,2,0,0
Samson Oladimeji,Illinois,2018-19,20.0,1,2,0,0,0,1,0,0,0,1,1,0,16.6,0,1,0,0,0,0,1,0,0,1,0,2
Samson Oyediran,St. Francis (ILL),2018-19,20.0,0,2,0,0,2,4,1,1,0,0,1,1,18.75,1,1,0,0,0,0,0,0,0,0,2,0
Samson Usilo,Manhattan,2018-19,20.0,16,36,2,8,4,9,4,7,1,5,27,16,20.0,11,22,0,2,3,15,4,7,3,5,23,8
Samuel Arnold,William Peace,2018-19,20.0,0,1,0,1,0,0,0,0,0,0,1,0,16.58,0,1,0,1,0,0,0,0,0,1,3,0
Samuel Bunkley,Reinhardt,2018-19,20.0,2,7,0,2,1,2,0,0,0,0,1,3,14.93,1,2,1,1,0,0,0,1,0,0,0,1
Samuel Chaput,Monmouth,2018-19,20.0,12,22,1,2,3,8,12,1,0,1,6,13,17.9,7,26,0,8,6,12,5,6,0,0,4,3
Samuel Dingba,Vermont,2018-19,20.0,23,41,0,1,11,17,2,8,11,18,30,13,17.73,9,18,0,0,14,26,4,5,11,23,27,4
Samuel Idowu,Saint Peter's,2018-19,14.93,66,115,10,20,18,24,5,4,24,26,57,26,20.0,51,108,5,23,31,39,7,7,30,26,63,28
Samuli Nieminen,Stephen F. Austin,2018-19,20.0,4,21,2,12,2,2,2,1,5,2,15,6,20.0,9,20,5,13,2,4,7,2,0,7,15,4
Samuta Avea,Hawai'i,2018-19,20.0,32,77,9,23,7,16,10,3,9,19,47,17,17.95,20,47,4,15,10,14,7,2,1,9,31,12
San Antonio Brinson,NJIT,2018-19,18.5,27,73,3,22,6,17,8,8,6,10,63,21,20.0,31,64,4,14,21,31,7,9,8,14,37,24
San Diego,,2018-19,0.0,0,0,0,0,0,0,0,0,0,26,21,15,0.0,0,0,0,0,0,0,0,0,0,21,20,8
San Diego Christian College,,2018-19,0.0,0,0,0,0,0,0,0,0,0,1,1,0,0.0,0,0,0,0,0,0,0,0,0,2,0,0
San Diego State,,2018-19,0.0,0,0,0,0,0,0,0,0,0,24,25,2,0.0,0,0,0,0,0,0,0,0,0,28,20,2
San Francisco,,2018-19,0.0,0,0,0,0,0,0,0,0,0,16,15,3,0.0,0,0,0,0,0,0,0,0,0,6,7,1
San José State,,2018-19,0.0,0,0,0,0,0,0,0,0,0,42,35,11,0.0,0,0,0,0,0,0,0,0,0,30,32,3
Sandale James,Hiwassee College,2018-19,20.0,1,3,0,0,0,0,0,1,0,1,0,0,14.97,0,3,0,0,1,2,0,0,1,0,2,3
Sanders Ajay,,2018-19,4.27,1,1,1,1,0,0,1,0,0,0,2,0,0.0,0,2,0,1,0,0,1,0,0,0,0,0
Sandro Mamukelashvili,Seton Hall,2018-19,20.0,52,114,14,44,12,27,26,12,18,31,90,24,17.98,44,112,10,41,41,60,22,5,20,40,85,26
Sandy Cohen III,Green Bay,2018-19,20.0,101,218,33,96,56,65,82,33,15,11,98,51,14.93,110,223,25,75,97,130,87,32,21,5,110,60
Santa Clara,,2018-19,0.0,0,0,0,0,0,0,0,0,0,10,21,8,0.0,0,0,0,0,0,0,0,0,0,18,10,11
Sarju Patel,VMI,2018-19,20.0,33,90,13,46,11,12,12,10,0,8,31,10,20.0,54,113,25,64,18,29,13,11,0,9,34,10
Sasha French,Albany,2018-19,20.0,2,11,0,0,2,2,1,0,2,4,10,8,20.0,5,7,0,0,0,0,2,0,1,5,2,2
Sasha Kaiukov,Milligan,2018-19,0.0,0,0,0,0,0,0,0,0,0,0,0,0,14.83,1,1,0,0,0,0,0,0,0,0,0,0
Sasha Stefanovic,Purdue,2018-19,20.0,14,40,11,32,4,10,7,8,2,3,19,13,18.95,12,26,10,20,0,2,6,9,1,0,11,7
Sasha Sukhanov,Morehead State,2018-19,20.0,2,5,0,0,0,0,0,0,0,3,3,2,17.62,1,2,0,0,0,0,1,0,1,4,6,1
Saul Phiri,La Salle,2018-19,20.0,35,94,27,67,10,11,22,9,7,5,34,18,14.75,33,69,24,50,22,28,14,10,1,3,28,18
Savannah State,,2018-19,0.0,0,0,0,0,0,0,0,0,0,16,22,5,0.0,0,0,0,0,0,0,0,0,0,20,19,8
Savion Dawkins,South Carolina State,2018-19,0.0,0,0,0,0,0,0,0,0,0,0,0,0,14.83,0,2,0,2,0,0,1,0,0,0,0,0
Savion Flagg,Texas A&M,2018-19,20.0,81,190,19,71,16,26,34,9,6,30,82,45,20.0,77,150,24,54,40,59,34,10,5,33,78,31
Savior Akuwovo,,2018-19,4.22,1,4,0,0,0,2,0,4,0,2,1,1,0.0,0,2,0,0,0,0,0,0,0,1,2,1
Saxton Becker,Millsaps,2018-19,20.0,2,5,1,3,0,0,0,0,0,1,1,3,14.92,1,3,1,2,0,0,0,0,0,0,0,0
Sayeed Pridgett,Montana,2018-19,20.0,84,152,6,16,16,28,36,24,5,22,60,45,20.0,119,189,5,16,23,44,35,11,11,19,52,31
Sayveon McEwen,Robert Morris,2018-19,0.0,9,29,2,15,2,3,3,4,0,0,2,3,19.42,11,28,4,12,6,7,0,3,0,0,3,5
Sayvonn Houston,Pine Manor,2018-19,20.0,4,7,0,0,1,5,0,0,0,3,3,2,14.83,5,6,0,0,0,0,1,1,0,1,1,0
Schadrac Casimir,Florida Gulf Coast,2018-19,20.0,62,119,31,62,30,35,28,6,0,7,28,29,14.97,38,97,19,53,56,64,29,14,0,5,24,24
Schreiner,,2018-19,0.0,0,0,0,0,0,0,0,0,0,0,1,0,0.0,0,0,0,0,0,0,0,0,0,0,0,0
Scott Blakney,Idaho,2018-19,20.0,37,68,0,0,25,34,10,4,8,28,36,20,20.0,39,66,0,2,17,26,8,1,3,20,50,15
Scott Bratt,West Coast Baptist,2018-19,0.0,0,0,0,0,0,0,0,0,0,0,2,1,14.6,1,1,1,1,0,0,0,0,0,1,0,1
Scott Cunningham,Colorado College,2018-19,20.0,1,2,0,1,0,0,1,0,0,0,1,1,14.93,1,1,0,0,0,0,0,0,0,0,0,0
Scott Hitchon,Canisius,2018-19,20.0,45,98,8,26,24,30,24,2,14,12,28,32,20.0,52,95,17,29,22,34,22,9,9,12,27,20
Scott Hundt,Mississippi College,2018-19,20.0,0,2,0,2,0,0,0,0,0,0,0,0,14.97,1,3,0,0,0,0,1,0,0,0,1,1
Scott Olsen,North Park,2018-19,20.0,2,6,1,4,0,0,0,0,0,1,2,0,14.8,0,1,0,0,0,0,1,0,0,1,0,0
Scott Plaisance Jr,New Orleans,2018-19,20.0,0,0,0,0,0,0,15,0,0,0,0,0,14.87,0,0,0,0,0,0,10,0,0,0,0,0
Scott Plaisance Jr.,New Orleans,2018-19,20.0,55,113,1,6,15,19,0,14,18,20,42,27,14.87,54,103,6,18,24,43,0,10,19,29,45,19
Scott Walter,Akron,2018-19,0.0,0,0,0,0,0,0,1,0,0,0,2,1,14.78,1,2,0,0,0,0,0,0,0,1,2,0
Scott Wright,,2018-19,11.92,2,3,2,3,0,0,0,0,0,0,0,0,0.0,0,2,0,1,2,2,0,0,0,0,2,1
Scottie James,Liberty,2018-19,20.0,80,127,2,12,29,51,19,3,10,44,99,24,14.9,80,117,6,11,55,67,16,7,8,46,86,32
Scotty Chadwick,Huntingdon,2018-19,0.0,0,0,0,0,0,0,0,0,0,0,2,3,14.95,1,3,1,3,0,0,0,0,0,0,1,0
Scotty Harris,UC Santa Barbara,2018-19,20.0,0,0,0,0,1,2,0,0,0,0,2,0,14.97,0,0,0,0,0,0,1,0,0,0,0,1
Sean Atwater,Tougaloo,2018-19,20.0,0,1,0,0,0,0,3,0,0,1,1,0,15.1,0,0,0,0,0,0,3,0,0,0,0,0
Sean Cohns,,2018-19,0.0,0,0,0,0,0,0,0,0,0,0,0,0,0.0,0,0,0,0,0,0,0,0,0,0,1,0
Sean Coman,Hendrix College,2018-19,20.0,1,4,0,2,0,0,0,1,0,0,0,0,14.87,1,3,1,3,2,2,0,0,0,0,0,1
Sean Dinkins,Edward Waters,2018-19,20.0,1,3,0,1,2,2,1,0,0,1,3,3,18.6,1,3,0,0,0,1,0,0,0,0,2,1
Sean Dunn,,2018-19,0.0,0,0,0,0,0,0,0,0,2,0,1,1,0.0,0,0,0,0,0,0,0,0,0,0,0,0
Sean Ek,,2018-19,0.0,0,0,0,0,0,0,0,0,0,0,0,0,0.0,0,0,0,0,0,0,0,0,0,0,1,0
Sean Flood,Longwood,2018-19,20.0,35,82,28,60,4,7,29,10,0,1,29,26,20.0,26,64,21,52,14,17,20,11,1,2,25,12
Sean Good,Lafayette,2018-19,20.0,5,8,0,0,2,4,2,5,11,6,19,8,19.9,7,9,0,0,1,3,1,2,10,2,14,5
Sean Gorman,Misericordia,2018-19,0.0,0,0,0,0,0,0,0,0,0,0,0,0,14.78,1,1,0,0,2,2,0,0,0,0,0,1
Sean Hickey,Franciscan University,2018-19,20.0,0,6,0,3,2,2,2,1,0,3,4,3,15.0,2,5,1,3,1,2,0,2,0,0,0,2
Sean Hoehn,Sacred Heart,2018-19,20.0,75,169,29,71,43,53,34,19,0,4,31,41,18.25,90,184,31,78,82,96,36,26,2,11,47,44
Sean Lloyd Jr,Southern Illinois,2018-19,20.0,0,0,0,0,0,0,22,0,0,0,0,0,14.95,0,0,0,0,0,0,15,0,0,0,0,0
Sean Lloyd Jr.,Southern Illinois,2018-19,20.0,49,117,12,39,29,35,0,10,2,15,50,35,20.0,61,119,23,47,43,67,1,11,5,16,43,28
Sean McDermott,Butler,2018-19,20.0,63,135,45,106,7,8,6,8,2,14,47,15,16.43,40,99,26,70,19,24,6,8,3,10,49,6
Sean Mobley,VCU,2018-19,20.0,13,33,5,13,7,12,11,7,1,1,12,10,20.0,6,22,2,13,2,4,5,3,3,2,17,4
Sean Patterson,,2018-19,0.0,0,0,0,0,0,0,0,0,0,1,0,1,0.0,0,0,0,0,0,0,0,0,0,0,0,0
Sean Phillips,,2018-19,0.98,3,10,2,7,0,0,0,0,0,1,2,1,0.0,1,2,1,2,0,0,0,0,0,0,2,0
Sean Price,Charleston Southern,2018-19,20.0,8,24,4,14,4,6,6,5,0,5,11,5,14.87,10,22,2,7,7,12,8,9,0,3,9,8
Sean Stem,Colorado College,2018-19,0.0,0,0,0,0,0,0,0,0,0,0,0,0,14.93,0,1,0,0,0,0,0,0,0,0,2,0
Sean Tyson,Defiance,2018-19,0.0,0,0,0,0,0,0,0,0,0,0,0,2,14.88,2,2,1,1,0,0,2,0,0,0,0,0
Sean Webb,Medgar Evers,2018-19,20.0,0,2,0,1,0,2,0,1,0,0,1,0,14.93,1,2,0,1,0,0,0,0,0,0,1,1
Seattle,,2018-19,0.0,0,0,0,0,0,0,0,0,0,19,11,4,0.0,0,0,0,0,0,0,0,0,0,18,5,5
Sebastian Andrade,Texas Lutheran,2018-19,20.0,2,5,2,2,0,0,0,0,0,0,1,0,20.0,2,7,0,3,2,2,0,1,0,1,0,0
Sebastian Much,Princeton,2018-19,20.0,15,48,9,30,6,10,15,3,0,7,17,17,18.37,12,31,8,20,1,4,4,4,2,3,11,8
Sebastien Etheart,St. Joseph's (NY-Brooklyn),2018-19,20.0,5,13,4,8,0,0,2,1,1,1,6,3,14.9,1,10,1,6,2,2,4,1,0,1,4,2
Sebron Carter,Tougaloo,2018-19,20.0,1,3,0,0,0,0,0,0,0,0,2,1,15.1,1,2,0,0,0,0,0,0,0,0,0,1
Sedee Keita,St. John's,2018-19,0.0,9,25,0,1,5,9,6,2,12,5,13,7,14.88,9,18,0,0,4,9,4,7,8,8,20,4
Sedrick Barefield,Utah,2018-19,20.0,71,177,43,105,31,36,63,12,0,5,31,40,17.88,80,196,42,116,57,71,48,14,0,4,22,36
Segun Oyeku,,2018-19,0.0,0,0,0,0,0,0,0,0,0,0,0,0,14.13,2,2,0,0,0,0,0,0,0,0,1,0
Sekou Fofana,Bloomsburg University,2018-19,20.0,1,4,0,1,0,0,0,0,0,2,1,1,14.88,0,2,0,0,2,3,0,2,0,1,1,0
Sekou Toure,UC Santa Barbara,2018-19,20.0,18,38,1,7,15,23,6,5,2,16,24,7,19.87,11,19,2,3,3,8,9,1,0,13,18,5
Selby Hind-Wills,Shawnee State,2018-19,20.0,1,1,0,0,0,0,0,0,0,0,1,0,16.33,1,1,0,0,1,1,0,0,0,0,0,0
Seneca Knight,San José St,2018-19,0.0,23,74,10,33,8,17,13,4,2,8,25,15,19.95,28,76,12,38,18,30,14,5,0,3,22,14
Sequan Walker,Bellevue University,2018-19,20.0,1,3,1,2,0,0,0,0,0,0,1,1,16.35,0,2,0,0,0,0,4,0,0,0,1,0
Sergio El Darwich,Maine,2018-19,20.0,42,93,8,29,15,22,43,19,2,7,62,40,17.95,54,110,16,45,23,29,35,13,5,7,37,28
Sergio Stephen,Siena Heights,2018-19,20.0,3,3,0,0,0,1,4,0,0,0,4,2,14.88,1,3,0,0,0,0,0,0,0,0,0,1
Serrel Smith Jr,Maryland,2018-19,20.0,0,0,0,0,0,0,4,0,0,0,0,0,14.95,0,0,0,0,0,0,4,0,0,0,0,0
Serrel Smith Jr.,Maryland,2018-19,20.0,21,54,10,28,9,10,4,4,0,4,22,13,14.82,14,41,7,23,8,10,2,3,0,2,9,1
Seth Adelsperger,Belmont,2018-19,0.0,21,35,0,0,19,26,3,3,7,18,21,2,17.27,15,23,0,0,10,20,4,1,1,10,11,0
Seth Brunner,Cairn University,2018-19,20.0,2,3,2,3,0,0,0,0,0,0,0,0,14.7,0,1,0,1,0,0,0,1,0,0,0,1
Seth Cobb,California Merced,2018-19,0.0,0,0,0,0,0,0,0,0,0,0,0,0,20.0,0,2,0,1,0,0,0,0,0,0,0,0
Seth Dittmer,Cedarville,2018-19,20.0,0,0,0,0,0,0,1,0,3,0,3,2,14.92,0,0,0,0,2,2,0,0,1,0,0,0
Seth Dugan,Western Michigan,2018-19,20.0,101,189,2,9,38,62,36,4,10,51,102,41,17.9,91,155,0,5,61,96,17,7,19,51,97,23
Seth Fuller,Elon,2018-19,20.0,3,14,2,8,0,0,5,3,0,0,7,2,20.0,5,15,3,12,2,2,4,1,0,3,7,2
Seth LeDay,East Carolina,2018-19,20.0,57,115,0,1,34,50,19,18,16,26,58,31,15.88,58,106,0,0,41,65,26,25,10,35,47,40
Seth Millner,Cleveland State,2018-19,20.0,37,98,13,46,7,15,18,11,1,18,60,13,17.1,38,89,11,34,23,30,12,7,1,22,41,14
Seth Shaw,,2018-19,6.22,0,1,0,1,0,0,0,0,0,0,1,1,0.0,0,4,0,0,0,0,0,0,0,1,0,0
Seth Stanley,Hendrix College,2018-19,20.0,4,7,3,5,5,7,0,0,0,0,1,0,14.87,0,0,0,0,0,0,0,0,0,0,0,1
Seth Thomas Hanna,West Coast Baptist,2018-19,20.0,4,25,3,15,5,6,2,4,0,2,1,6,14.6,6,24,3,11,2,2,4,1,0,1,1,5
Seton Hall,,2018-19,0.0,0,0,0,0,0,0,0,0,0,27,25,7,0.0,0,0,0,0,0,0,0,0,0,37,20,5
Seventh Woods,North Carolina,2018-19,20.0,17,40,3,8,6,6,40,16,2,3,19,25,18.38,11,25,1,2,10,19,26,10,2,1,7,21
Shabooty Phillips,Longwood,2018-19,19.67,37,96,22,62,8,11,43,6,0,2,41,31,20.0,59,144,28,81,60,67,46,15,0,5,50,29
Shad Kimble,William Woods,2018-19,20.0,0,3,0,3,0,0,0,1,0,1,1,0,14.95,0,3,0,2,0,0,0,0,0,1,3,0
Shadd Cole,Howard Payne,2018-19,20.0,5,15,0,1,1,2,0,3,1,1,5,10,14.97,3,9,0,1,4,8,0,1,0,0,3,5
Shae Mitchell,Milwaukee,2018-19,0.0,0,0,0,0,0,0,0,0,0,0,0,0,14.95,0,1,0,0,0,0,0,0,0,0,1,0
Shakeem Alcindor,North Texas,2018-19,20.0,0,0,0,0,0,0,1,0,0,0,1,0,19.22,1,1,0,0,0,0,0,0,0,0,2,1
Shakur Daniel,Southern Miss,2018-19,20.0,2,7,0,0,0,1,2,0,0,1,0,0,14.82,0,4,0,1,2,6,2,2,0,3,3,2
Shakur Juiston,UNLV,2018-19,20.0,18,38,2,4,4,6,8,5,4,4,31,14,20.0,16,37,2,7,5,9,5,6,2,9,19,10
Shakwon Barrett,Tulane,2018-19,20.0,24,65,8,24,12,22,37,9,2,4,21,38,20.0,19,57,5,23,17,24,31,9,0,7,17,29
Shamar Givance,Evansville,2018-19,20.0,19,52,5,20,4,6,24,5,1,8,33,20,14.98,22,66,7,21,29,39,41,9,0,8,29,18
Shamari Denson,Cumberland (TN),2018-19,20.0,0,3,0,1,0,1,0,1,0,0,0,1,15.03,0,1,0,0,0,0,1,0,0,0,4,1
Shamarkus Kennedy,McNeese,2018-19,20.0,70,120,0,0,21,40,20,5,28,41,60,41,17.1,71,97,0,2,57,77,10,9,26,37,63,29
Shamiel Stevenson,Pittsburgh,2018-19,0.0,0,1,0,0,0,0,0,0,0,0,1,1,15.87,1,2,0,0,0,0,0,0,1,0,3,1
Shamorie Ponds,St. John's,2018-19,20.0,104,231,34,99,37,46,89,42,4,16,49,38,14.88,102,226,29,80,94,112,74,40,5,15,46,24
Shandon Boone,Avila,2018-19,20.0,4,12,2,6,0,0,4,2,0,0,1,1,14.95,1,5,0,3,2,4,2,0,0,0,1,0
Shandon Brown,George Washington,2018-19,15.0,2,14,2,10,2,6,4,5,0,1,7,6,20.0,1,5,1,4,0,0,9,2,0,0,7,7
Shandon Goldman,Northern Iowa,2018-19,20.0,10,29,4,16,5,9,5,0,1,6,21,10,20.0,10,24,4,9,8,11,4,1,2,5,14,4
Shane Gatling,Colorado,2018-19,20.0,48,147,25,93,20,29,36,14,5,4,34,31,14.87,53,133,33,86,58,66,23,19,2,3,27,12
Shane Maple,Governors State,2018-19,20.0,2,7,1,5,0,0,2,3,0,0,0,2,14.72,0,5,0,3,0,0,0,0,0,0,3,2
Shane McCrum,Christendom,2018-19,20.0,2,5,0,1,1,2,1,0,0,0,3,3,14.73,0,3,0,2,0,0,0,0,0,0,1,1
Shannon Bogues,Stephen F. Austin,2018-19,20.0,83,203,24,80,52,69,50,22,5,10,40,48,20.0,85,200,36,87,59,69,48,13,3,3,32,45
Shanquan Hemphill,Wisconsin Lutheran,2018-19,20.0,90,183,0,0,23,58,26,23,8,28,84,42,14.93,89,158,0,2,44,85,25,16,12,34,54,26
Shaq Athie,Grambling,2018-19,20.0,3,6,0,0,3,6,2,0,0,1,3,5,20.0,4,8,0,0,5,7,6,1,0,2,6,2
Shaq Buchanan,Murray State,2018-19,20.0,80,181,19,71,20,31,30,36,9,11,51,19,17.63,76,148,26,63,34,44,26,22,7,13,56,20
Shaq Carter,Rutgers,2018-19,20.0,22,40,1,1,8,13,6,1,2,23,33,15,18.98,20,35,0,0,18,24,5,1,4,16,25,7
Shaqquan Aaron,USC,2018-19,20.0,41,97,15,39,15,25,35,12,6,12,56,20,20.0,51,109,13,37,17,27,34,10,3,16,49,22
Shaquan Mickens,St Elizabeth,2018-19,20.0,0,1,0,0,0,0,1,1,0,1,3,3,14.92,0,0,0,0,0,2,0,1,0,0,0,1
Shaquille Doorson,Rutgers,2018-19,20.0,24,40,0,0,6,17,3,5,16,34,39,11,14.58,19,33,0,0,8,24,5,5,16,28,33,11
Shaquille Seville,,2018-19,8.15,7,13,0,0,0,0,0,3,2,3,5,1,0.0,4,8,0,0,2,6,0,0,0,5,7,6
Shaquille Walters,Northeastern,2018-19,20.0,2,7,0,2,4,4,4,1,0,1,5,5,17.65,1,9,0,1,4,8,4,2,1,0,6,3
Shaquillo Fritz,Arkansas State,2018-19,20.0,11,24,0,0,7,9,4,1,10,13,20,8,17.83,6,12,0,0,2,4,1,1,9,9,14,4
Shardano Clarke,Campbellsville-Harrodsburg,2018-19,20.0,2,10,0,0,0,2,0,0,1,2,3,2,14.7,6,9,0,0,2,4,0,0,1,1,1,1
Shareef Smith,Eastern Illinois,2018-19,0.0,42,109,12,45,13,21,56,12,1,12,36,37,17.98,45,86,13,26,43,60,61,23,0,9,46,36
Sharone Wright Jr,Wake Forest,2018-19,19.98,0,0,0,0,0,0,10,0,0,0,0,0,20.0,0,0,0,0,0,0,5,0,0,0,0,0
Sharone Wright Jr.,Wake Forest,2018-19,20.0,36,98,9,32,15,21,5,3,1,8,23,15,20.0,28,73,6,19,10,25,3,7,0,7,22,17
Shaun Doss,Arkansas-Pine Bluff,2018-19,20.0,43,91,10,27,17,34,19,10,3,7,29,31,16.88,41,86,5,19,57,75,12,10,5,18,28,19
Shaun Moss,UMass,2018-19,20.0,1,4,1,1,0,0,3,0,0,0,2,0,14.98,2,4,0,1,1,1,1,0,0,1,1,0
Shaun Neal-Williams,Kansas State,2018-19,20.0,3,25,1,13,0,0,6,5,0,5,13,10,17.98,7,13,4,6,4,6,10,2,1,2,8,3
Shaun Taylor,Brewton-Parker,2018-19,0.0,0,0,0,0,0,0,0,0,0,0,0,0,14.93,1,1,1,1,0,0,1,0,0,0,0,0
Shavar Reynolds,Seton Hall,2018-19,20.0,5,29,0,11,5,5,7,5,0,5,8,7,20.0,5,23,2,13,11,15,6,3,1,4,6,2
Shawn Backus,Elmira,2018-19,20.0,1,3,0,1,4,4,0,0,0,0,0,3,14.73,1,1,0,0,0,0,1,0,0,1,1,1
Shawn Foxbrennen,Fort Valley State,2018-19,20.0,0,0,0,0,5,5,0,1,0,0,2,2,14.9,1,2,1,2,0,1,0,1,0,0,2,2
Shawn Hamilton,Texas Lutheran,2018-19,20.0,0,3,0,2,2,2,0,0,2,0,2,0,20.0,0,1,0,1,0,0,0,0,0,0,1,0
Shawn Jones,UMass Lowell,2018-19,20.0,20,31,3,5,7,14,27,4,2,1,12,11,20.0,10,35,1,5,18,22,23,4,2,5,15,12
Shawn O'Connell,UNC Wilmington,2018-19,15.0,19,33,0,1,10,18,2,5,4,26,35,14,20.0,17,27,0,0,7,13,2,2,1,14,27,7
Shawn Occeus,Northeastern,2018-19,20.0,23,55,10,29,5,7,13,11,4,6,12,9,20.0,19,56,11,35,12,22,14,5,5,2,18,10
Shawn Olden,Texas Southern,2018-19,20.0,6,20,2,14,2,2,5,7,2,0,2,3,19.23,7,21,4,15,6,7,6,0,0,0,2,1
Shawn Roundtree,Central Michigan,2018-19,20.0,80,166,39,92,39,49,46,15,2,5,39,38,14.95,65,152,33,72,85,107,44,11,0,5,33,27
Shawn Stoltz,Dickinson State,2018-19,20.0,1,1,0,0,0,0,0,0,0,0,1,0,14.73,2,2,0,0,0,0,1,0,0,0,1,0
Shawn Williams,East Carolina,2018-19,20.0,58,154,39,111,22,23,22,10,1,3,25,14,19.42,50,132,30,79,20,25,17,7,1,3,13,11
Shawn Wilson,Eastern Illinois,2018-19,0.0,2,6,0,2,0,0,5,0,0,2,4,2,14.9,1,2,1,1,0,2,1,1,0,1,2,2
Shawndale Jones,NJIT,2018-19,15.0,22,54,6,21,12,17,10,4,0,8,32,11,20.0,22,44,7,18,14,20,8,5,2,8,21,9
Shawnee State,,2018-19,0.0,0,0,0,0,0,0,0,0,0,1,1,0,0.0,0,0,0,0,0,0,0,0,0,1,1,0
Shawntrez Davis,Bethune-Cookman,2018-19,20.0,38,86,7,24,13,25,13,9,7,13,43,13,14.92,34,82,3,21,13,25,17,4,9,22,46,17
Shea Feehan,Evansville,2018-19,20.0,35,100,20,64,32,37,16,12,2,6,39,20,14.98,41,100,26,68,33,38,15,6,3,5,20,11
Shelby Adams,Texas State,2018-19,20.0,18,33,4,8,4,5,3,3,0,8,13,8,14.77,11,18,1,4,6,11,0,4,0,10,10,4
Sheldon Eberhardt,Elon,2018-19,20.0,48,114,16,51,15,20,51,8,3,5,32,34,20.0,53,120,19,61,30,34,35,13,2,11,33,36
Sheldon Holmes,Arlington Baptist,2018-19,20.0,0,3,0,0,0,0,0,0,0,1,0,1,14.77,0,0,0,0,2,2,0,0,0,0,1,1
Shelton Mitchell,Clemson,2018-19,20.0,74,164,34,82,20,25,43,18,0,2,31,34,17.78,39,135,9,54,59,69,46,9,0,10,40,37
Shembari Phillips,Georgia Tech,2018-19,20.0,7,23,2,10,3,3,3,1,1,0,7,7,19.5,4,12,1,6,1,3,4,1,0,0,6,4
Sheriff Conteh,Clarion,2018-19,20.0,0,2,0,2,0,0,0,0,1,0,0,2,14.93,0,0,0,0,0,0,0,0,0,0,1,0
Sheriff Drammeh,Hawai'i,2018-19,20.0,25,78,11,49,8,16,24,8,0,6,28,20,17.92,22,61,13,35,19,22,14,8,0,5,25,11
Sherwyn Devonish-Prince Jr,Morgan State,2018-19,20.0,0,0,0,0,0,0,26,0,0,0,0,0,18.65,0,0,0,0,0,0,23,0,0,0,0,0
Sherwyn Devonish-Prince Jr.,Morgan State,2018-19,20.0,33,121,5,27,31,33,1,15,0,6,15,28,17.55,49,125,10,28,41,51,3,9,1,7,22,17
Shizz Alston Jr,Temple,2018-19,20.0,0,0,0,0,0,0,54,0,0,0,0,0,20.0,0,0,0,0,0,0,64,0,0,0,0,0
Shizz Alston Jr.,Temple,2018-19,20.0,102,241,51,144,29,30,13,23,4,8,40,31,20.0,82,218,34,110,79,86,13,19,1,8,26,44
Shomari Redd,Queens College,2018-19,20.0,0,1,0,0,0,0,1,0,0,0,0,2,14.98,1,2,1,1,2,2,0,0,0,1,0,1
Shunn Buchanan,New Mexico State,2018-19,20.0,7,35,4,18,7,10,40,10,1,2,23,17,19.35,8,24,4,11,18,26,34,9,1,2,16,17
Shyheim Hicks,LIU Brooklyn,2018-19,0.0,3,8,3,6,3,6,4,1,0,3,6,4,20.0,3,11,1,8,0,0,0,0,0,0,0,3
Shyquan Gibbs,NJIT,2018-19,19.55,29,80,13,28,16,24,30,17,0,2,30,15,20.0,43,90,9,29,45,59,29,9,1,2,27,21
Siage Batten,Brewton-Parker,2018-19,0.0,0,0,0,0,0,0,0,0,0,0,0,0,17.8,0,0,0,0,0,0,1,0,0,0,1,0
Sid Tomes,Air Force,2018-19,20.0,23,71,11,46,0,0,34,6,1,4,50,9,14.82,19,62,8,40,10,17,31,9,2,2,27,13
Sidney Alcena,Johnson & Wales (FL),2018-19,20.0,0,3,0,3,0,0,1,0,0,0,2,1,14.95,0,2,0,2,0,0,0,0,0,0,1,1
Sidney Payne,,2018-19,0.0,0,0,0,0,0,0,0,0,0,0,0,0,0.0,0,0,0,0,0,0,0,0,1,0,0,0
Sidney Umude,Southern,2018-19,20.0,70,136,1,6,24,41,9,7,9,20,50,28,15.05,69,147,1,6,41,63,5,11,8,27,35,22
Sidney Wilson,UConn,2018-19,0.0,21,59,5,18,8,17,2,5,11,11,21,8,17.03,20,55,4,16,14,21,5,3,7,8,24,11
Sidy N'Dir,Pittsburgh,2018-19,0.0,28,72,6,28,16,24,30,10,3,5,25,21,15.87,32,76,9,34,15,27,23,10,6,8,18,9
Siena,,2018-19,0.0,0,0,0,0,0,0,0,0,0,15,16,11,0.0,0,0,0,0,0,0,0,0,0,14,27,16
Siena Heights,,2018-19,0.0,0,0,0,0,0,0,0,0,0,0,1,0,0.0,0,0,0,0,0,0,0,0,0,4,2,1
Silas Adheke,Northern Kentucky,2018-19,0.0,5,8,0,1,0,0,3,2,0,2,4,4,10.0,6,8,3,3,0,0,1,0,0,1,3,0
Siler Schneider,UC Davis,2018-19,20.0,58,138,12,44,17,22,30,15,2,5,41,40,14.78,57,147,11,46,22,32,23,11,0,5,32,33
Simeon Carter,Georgia Southern,2018-19,20.0,57,97,3,13,9,15,5,4,18,14,50,10,20.0,45,79,0,7,8,12,7,5,20,16,38,5
Simeon Jovic,,2018-19,0.0,0,0,0,0,0,0,0,0,0,0,0,0,0.0,0,0,0,0,0,0,0,0,1,0,0,0
Simeon Lepichev,Florida Atlantic,2018-19,20.0,24,59,2,11,12,22,9,4,8,25,38,19,14.83,36,73,4,13,4,7,10,5,10,24,55,21
Simisola Shittu,,2018-19,0.52,71,146,0,11,34,65,36,11,10,23,95,60,0.0,53,112,0,5,50,81,21,8,6,27,59,27
Simon Falokun,Tulsa,2018-19,20.0,7,14,0,0,9,16,1,2,6,7,13,10,18.08,3,6,0,0,5,8,1,0,0,3,7,5
Simon Fransis,Webber International,2018-19,20.0,0,4,0,3,2,2,3,0,1,3,4,2,15.82,2,5,0,0,0,0,2,1,0,3,1,1
Simon Jacobson,North Park,2018-19,20.0,1,1,0,0,0,0,2,0,0,0,1,2,14.8,0,1,0,0,0,0,1,0,0,0,1,0
Simon Mueller-Landsvik,UC Santa Cruz,2018-19,20.0,3,5,1,2,2,2,1,0,0,0,0,2,14.98,1,3,0,2,2,3,1,2,0,0,1,1
Simon Wright,Elon,2018-19,20.0,13,28,5,13,1,4,11,2,1,4,20,4,14.78,5,16,2,11,1,2,1,1,0,5,11,2
Simpson University (CA),,2018-19,0.0,0,0,0,0,0,0,0,0,0,4,2,0,0.0,0,0,0,0,0,0,0,0,0,1,1,0
Sinai Enoch,,2018-19,3.98,2,7,0,4,1,2,2,1,0,0,4,1,0.0,0,3,0,1,0,0,0,0,0,0,0,2
Sincere Carry,Duquesne,2018-19,20.0,53,116,15,50,23,35,78,38,3,8,46,43,17.78,60,147,19,58,50,68,69,30,3,7,38,39
Sjur Berg,Alaska Anchorage,2018-19,20.0,1,1,0,0,0,0,1,0,0,1,2,1,14.77,1,2,0,0,0,1,0,0,0,3,2,0
Skidmore,,2018-19,0.0,0,0,0,0,0,0,0,0,0,1,0,0,0.0,0,0,0,0,0,0,0,0,0,0,1,0
Skyelar Potter,Wright State,2018-19,20.0,24,76,13,47,11,17,10,7,1,17,45,22,15.27,32,77,10,31,32,45,8,4,0,13,41,11
Skylar Mays,LSU,2018-19,20.0,66,159,23,77,48,58,36,34,2,5,48,26,14.93,59,136,25,75,67,76,27,25,6,7,43,11
Skyler Barnes,University of the Ozarks,2018-19,20.0,0,1,0,1,0,0,0,0,0,0,1,0,14.97,2,2,2,2,0,0,0,0,0,0,0,0
Skyler Flatten,South Dakota State,2018-19,20.0,95,188,44,105,19,26,33,14,7,4,51,24,20.0,78,144,35,74,26,39,30,22,2,3,55,16
Skyler Hogan,SE Missouri St,2018-19,20.0,52,123,20,55,16,19,14,8,3,7,40,14,18.57,50,111,18,47,15,22,12,8,0,7,30,12
Skyler Snook,Trinity Baptist,2018-19,0.0,0,0,0,0,0,0,0,0,0,0,0,0,14.83,0,0,0,0,0,0,1,0,1,0,0,2
Slate Germany,Mississippi College,2018-19,20.0,0,1,0,1,0,0,0,0,0,0,0,0,14.97,0,1,0,1,0,0,1,0,0,0,0,0
Sloan Seymour,Siena,2018-19,20.0,46,147,42,136,0,0,3,5,2,2,11,9,19.6,49,106,46,99,3,3,3,2,1,2,7,5
Smith Gupton,William Peace,2018-19,20.0,0,1,0,1,0,0,1,0,0,0,0,0,16.58,1,3,1,2,0,0,0,0,0,0,0,1
Solomon Hainna,,2018-19,3.17,12,52,0,4,34,44,9,12,5,19,31,16,0.0,20,40,2,2,16,24,4,8,7,15,27,6
Solomon Iluyomade,Maine,2018-19,20.0,0,1,0,0,0,0,0,0,0,0,1,0,17.95,0,0,0,0,0,0,0,0,0,0,2,2
Solomon Iluyomade Defensive Rebound.,,2018-19,9.13,1,1,0,0,0,0,0,0,0,0,0,0,0.0,2,2,0,0,0,0,0,0,0,0,0,0
Solomon Iluyomade Turnover.,,2018-19,0.0,0,0,0,0,0,0,0,0,0,0,0,0,4.47,2,2,0,0,0,0,0,0,0,0,0,0
Solomon Ruddell,UC Irvine,2018-19,20.0,2,2,0,0,2,2,1,0,1,1,2,1,20.0,4,5,0,0,1,2,0,0,3,1,2,2
Solomon Uyaelunmo,Towson,2018-19,20.0,29,56,1,1,12,24,5,3,2,26,34,15,14.75,30,45,0,1,17,30,3,7,1,20,26,11
Solomon Young,Iowa State,2018-19,0.0,1,1,0,0,0,0,0,0,0,1,0,0,14.77,1,3,1,1,0,0,0,1,0,0,3,0
Sonoma St,,2018-19,0.0,0,0,0,0,0,0,0,0,0,1,0,1,0.0,0,0,0,0,0,0,0,0,0,0,0,0
Soufiyane Diakite,Bethune-Cookman,2018-19,0.0,27,56,7,12,11,18,15,9,9,15,30,21,14.92,24,44,2,7,1,4,3,6,3,11,22,12
Souleymane Diakite,NJIT,2018-19,15.0,4,7,0,0,3,5,2,2,2,5,17,3,20.0,3,6,0,0,4,6,4,0,6,8,7,2
Souleymane Gueye,Le Moyne,2018-19,20.0,1,1,0,0,0,0,0,0,1,0,4,0,14.63,0,0,0,0,0,0,0,0,0,0,0,0
Souleymane Koureissi,Richmond,2018-19,0.0,11,21,2,9,4,9,4,2,0,2,10,2,14.98,7,11,2,4,7,9,1,0,0,2,6,3
South Alabama,,2018-19,0.0,0,0,0,0,0,0,0,0,0,15,27,6,0.0,0,0,0,0,0,0,0,0,0,27,21,7
South Carolina,,2018-19,0.0,0,0,0,0,0,0,0,0,0,50,35,3,0.0,0,0,0,0,0,0,0,0,0,33,20,1
South Carolina State,,2018-19,0.0,0,0,0,0,0,0,0,0,0,19,20,3,0.0,0,0,0,0,0,0,0,0,0,18,16,1
South Carolina Upstate,,2018-19,0.0,0,0,0,0,0,0,0,0,0,14,23,5,0.0,0,0,0,0,0,0,0,0,0,24,16,4
South Dakota,,2018-19,0.0,0,0,0,0,0,0,0,0,0,23,17,4,0.0,0,0,0,0,0,0,0,0,0,22,18,9
South Dakota State,,2018-19,0.0,0,0,0,0,0,0,0,0,0,16,35,1,0.0,0,0,0,0,0,0,0,0,0,19,25,3
South Florida,,2018-19,0.0,0,0,0,0,0,0,0,0,0,55,37,17,0.0,0,0,0,0,0,0,0,0,0,43,32,20
Southeast Missouri State,,2018-19,0.0,0,0,0,0,0,0,0,0,0,20,16,2,0.0,0,0,0,0,0,0,0,0,0,20,17,4
Southeastern Baptist College,,2018-19,0.0,0,0,0,0,0,0,0,0,0,3,3,1,0.0,0,0,0,0,0,0,0,0,0,0,0,0
Southeastern OK State,,2018-19,0.0,0,0,0,0,0,0,0,0,0,0,4,0,0.0,0,0,0,0,0,0,0,0,0,1,3,0
Southern,,2018-19,0.0,0,0,0,0,0,0,0,0,0,22,21,8,0.0,0,0,0,0,0,0,0,0,0,25,22,5
Southern Illinois,,2018-19,0.0,0,0,0,0,0,0,0,0,0,20,25,8,0.0,0,0,0,0,0,0,0,0,0,23,19,5
Southern Miss,,2018-19,0.0,0,0,0,0,0,0,0,0,0,15,23,2,0.0,0,0,0,0,0,0,0,0,0,21,18,3
Southern Utah,,2018-19,0.0,0,0,0,0,0,0,0,0,0,23,20,9,0.0,0,0,0,0,0,0,0,0,0,17,27,2
Southern Wesleyan,,2018-19,0.0,0,0,0,0,0,0,0,0,0,0,1,0,0.0,0,0,0,0,0,0,0,0,0,0,0,0
Southwest State (MN),,2018-19,0.0,0,0,0,0,0,0,0,0,0,0,1,0,0.0,0,0,0,0,0,0,0,0,0,0,0,0
Southwestern (TX),,2018-19,0.0,0,0,0,0,0,0,0,0,0,2,1,0,0.0,0,0,0,0,0,0,0,0,0,0,1,0
Southwestern Assemblies of God,,2018-19,0.0,0,0,0,0,0,0,0,0,0,0,0,4,0.0,0,0,0,0,0,0,0,0,0,0,0,0
Spalding,,2018-19,0.0,0,0,0,0,0,0,0,0,0,0,0,2,0.0,0,0,0,0,0,0,0,0,0,1,0,0
Spencer Cochran,East Texas Baptist,2018-19,20.0,0,1,0,1,0,0,0,0,0,0,1,2,17.95,0,1,0,1,0,0,0,0,0,0,0,0
Spencer Franklin,Longwood,2018-19,20.0,18,41,0,1,27,37,5,6,3,26,33,16,20.0,25,42,0,1,30,37,7,5,6,25,25,17
Spencer Freedman,Harvard,2018-19,20.0,8,20,8,19,0,0,8,2,0,0,4,10,20.0,2,12,1,9,4,4,6,0,0,0,1,8
Spencer Haldeman,Northern Iowa,2018-19,20.0,31,83,24,62,10,11,14,10,3,1,25,14,20.0,37,86,24,61,38,43,15,11,1,1,27,14
Spencer Hoffman,Colorado Christian,2018-19,0.0,0,0,0,0,0,0,0,0,0,0,0,1,14.83,1,2,0,0,0,0,1,0,0,0,2,0
Spencer Kirkpatrick,North Greenville,2018-19,20.0,1,2,0,0,0,0,0,0,0,1,1,1,14.78,0,1,0,0,0,0,0,0,0,0,2,0
Spencer Lindsey,Wayland Baptist University,2018-19,20.0,1,3,0,1,0,0,0,1,0,1,3,2,17.97,3,4,0,0,0,0,0,0,0,0,0,0
Spencer Littleson,Toledo,2018-19,0.0,18,52,16,47,1,2,19,11,3,6,28,12,20.0,21,47,20,40,6,9,7,7,1,8,24,10
Spencer Rivers,UC Irvine,2018-19,20.0,9,22,2,6,1,4,8,5,0,0,11,5,15.03,7,15,3,9,0,2,6,2,0,0,1,4
Spencer Rodgers,Troy,2018-19,20.0,12,39,10,31,0,0,8,5,0,0,6,7,14.9,10,22,7,17,1,3,2,1,0,0,7,6
Spencer Schneider,,2018-19,2.12,0,4,0,4,2,2,0,1,0,0,4,1,0.0,4,6,1,3,1,3,0,0,0,0,2,0
Spencer Schultz,St. Mary's (MD),2018-19,20.0,2,4,0,1,0,1,1,0,1,0,1,2,14.75,0,1,0,0,0,0,1,0,0,0,1,0
Spencer Smith,,2018-19,5.8,3,7,0,2,2,2,1,1,0,2,3,4,0.0,0,3,0,1,0,0,1,0,0,0,1,1
Spring Hill,,2018-19,0.0,0,0,0,0,0,0,0,0,0,1,5,1,0.0,0,0,0,0,0,0,0,0,0,0,1,1
St. Bonaventure,,2018-19,0.0,0,0,0,0,0,0,0,0,0,20,27,10,0.0,0,0,0,0,0,0,0,0,0,21,20,10
St. Edwards,,2018-19,0.0,0,0,0,0,0,0,0,0,0,1,3,1,0.0,0,0,0,0,0,0,0,0,0,2,1,0
St. Elizabeth,,2018-19,0.0,0,0,0,0,0,0,0,0,0,1,2,0,0.0,0,0,0,0,0,0,0,0,0,1,1,0
St. Francis (BKN),,2018-19,0.0,0,0,0,0,0,0,0,0,0,26,32,9,0.0,0,0,0,0,0,0,0,0,0,23,25,7
St. Francis (IL),,2018-19,0.0,0,0,0,0,0,0,0,0,0,1,5,0,0.0,0,0,0,0,0,0,0,0,0,2,1,0
St. Francis (PA),,2018-19,0.0,0,0,0,0,0,0,0,0,0,30,17,3,0.0,0,0,0,0,0,0,0,0,0,30,14,1
St. John's,,2018-19,0.0,0,0,0,0,0,0,0,0,0,25,27,1,0.0,0,0,0,0,0,0,0,0,0,20,19,3
St. Leo,,2018-19,0.0,0,0,0,0,0,0,0,0,0,0,2,0,0.0,0,0,0,0,0,0,0,0,0,1,2,0
St. Mary's (MD),,2018-19,0.0,0,0,0,0,0,0,0,0,0,1,1,0,0.0,0,0,0,0,0,0,0,0,0,1,0,1
Stacey Thomas,Louisiana Tech,2018-19,20.0,1,6,0,0,1,5,1,1,2,5,10,2,20.0,7,8,0,0,3,7,1,1,3,4,8,4
Stacey Whitt,Central State (OH),2018-19,20.0,0,4,0,1,0,0,0,0,0,0,1,1,14.97,0,0,0,0,0,0,0,0,0,0,0,1
Stacy Beckton Jr,American,2018-19,0.0,0,0,0,0,0,0,12,0,0,0,0,0,15.8,0,0,0,0,0,0,18,0,0,0,0,0
Stacy Beckton Jr.,American,2018-19,15.6,44,93,21,48,7,15,0,13,14,11,39,13,20.0,41,83,8,31,34,43,0,24,16,13,45,25
Stafford Trueheart,Hofstra,2018-19,20.0,18,42,10,24,1,2,5,5,6,9,21,4,17.98,8,26,3,13,1,4,5,0,3,7,15,4
Stan Kannegieter,Southwestern,2018-19,20.0,0,3,0,2,0,0,0,0,0,0,1,0,14.68,0,0,0,0,0,0,0,0,0,0,0,0
Stan Scott,Oakland,2018-19,20.0,4,9,0,0,0,2,2,1,1,1,3,1,14.88,2,3,0,0,0,0,0,3,0,1,5,5
Stanford,,2018-19,0.0,0,0,0,0,0,0,0,0,0,31,23,4,0.0,0,0,0,0,0,0,0,0,0,22,19,4
Stanley Davis,Morgan State,2018-19,20.0,54,121,3,14,24,30,23,11,3,19,63,35,17.55,56,119,1,5,37,47,15,9,1,29,55,28
Stanley Umude,South Dakota,2018-19,20.0,88,176,15,39,37,48,14,10,13,16,71,26,15.25,50,105,8,26,37,55,21,7,18,13,48,20
Stanley Williams,Tougaloo,2018-19,20.0,0,1,0,1,0,0,1,0,0,0,1,3,15.1,0,1,0,0,0,0,2,0,0,0,2,0
Stef Smith,Vermont,2018-19,20.0,57,154,32,80,16,25,19,16,4,9,55,34,20.0,65,150,22,66,47,54,21,11,0,8,57,23
Stefan Gonzalez,UC Davis,2018-19,20.0,30,71,16,52,3,3,10,5,0,3,36,14,15.8,24,71,18,52,4,4,12,3,0,3,35,12
Stefan Hackethal,Colorado Christian,2018-19,20.0,1,6,1,4,0,0,1,0,0,0,1,1,14.83,1,2,0,0,1,2,0,0,0,0,1,0
Stefan Kenic,Cleveland State,2018-19,20.0,52,123,25,69,23,35,19,4,5,14,44,20,17.1,40,95,13,48,23,29,23,6,3,16,50,25
Stefan Lakic,Samford,2018-19,0.0,9,36,5,24,1,2,2,1,2,2,24,10,17.97,7,22,4,12,3,4,7,1,1,4,19,6
Stefan Nakic-Vojnovic,Florida College,2018-19,20.0,2,4,1,2,1,1,1,0,0,0,1,2,17.85,2,6,2,4,0,0,0,1,0,0,1,1
Stefan Tellis,Champion Christian College,2018-19,20.0,2,6,1,3,0,0,2,0,0,0,1,7,15.02,1,5,1,3,1,2,0,0,0,0,0,1
Steffon Mitchell,Boston College,2018-19,20.0,15,37,1,10,21,41,32,13,12,24,56,9,20.0,14,30,0,7,29,50,30,16,18,45,70,11
Stephane Etheart,St. Joseph's (NY-Brooklyn),2018-19,20.0,4,14,0,2,0,0,0,0,1,3,7,2,14.9,3,10,0,1,3,4,0,0,0,1,0,1
Stephen Edoka,UNC Asheville,2018-19,20.0,8,21,0,2,4,6,1,6,2,10,10,9,14.97,3,11,0,1,2,4,1,1,3,8,15,6
Stephen F. Austin,,2018-19,0.0,0,0,0,0,0,0,0,0,0,19,21,5,0.0,0,0,0,0,0,0,0,0,0,27,26,5
Stephen Hei,,2018-19,9.18,0,1,0,1,1,2,0,0,0,0,1,1,0.0,0,2,0,1,0,0,0,1,0,0,1,0
Stephen Matthews,Bellevue University,2018-19,20.0,1,3,1,2,0,0,0,0,0,0,0,1,16.35,1,4,0,2,0,0,0,1,0,0,0,0
Stephen Molina,Trinity University (TX),2018-19,20.0,0,1,0,1,0,0,0,0,0,0,0,0,17.78,2,6,1,3,2,2,1,1,0,0,1,0
Stephen Natola,Salve Regina,2018-19,0.0,0,0,0,0,0,0,0,0,0,0,0,0,14.73,0,1,0,1,0,0,0,0,0,0,0,0
Stephen O'Suji,Houston Baptist,2018-19,20.0,23,73,12,30,20,23,23,11,1,5,21,20,14.9,20,47,7,19,23,37,21,10,0,9,17,14
Stephen Pippens,,2018-19,0.0,0,0,0,0,0,0,0,0,1,0,0,0,0.0,0,0,0,0,0,0,0,0,0,0,0,0
Stephen Sergio,Siena Heights,2018-19,0.0,0,0,0,0,0,0,0,0,0,0,0,0,15.97,1,1,0,0,0,0,0,0,0,0,0,0
Stephen Stuart,Truett-McConnell,2018-19,0.0,0,0,0,0,0,0,0,0,0,0,0,0,17.6,1,1,1,1,0,0,1,0,0,0,0,0
Stephen Taylor,Wiley,2018-19,20.0,0,1,0,0,0,0,1,1,0,0,0,0,20.0,0,1,0,0,0,0,0,0,0,0,0,0
Stephen Thompson Jr,Oregon State,2018-19,20.0,0,0,0,0,0,0,40,0,0,0,0,0,17.18,0,0,0,0,0,0,42,0,0,0,0,0
Stephen Thompson Jr.,Oregon State,2018-19,20.0,87,196,30,87,18,24,4,28,2,12,50,32,17.18,81,201,28,99,39,47,5,16,2,13,42,26
Stephen Wagner,LaGrange College,2018-19,20.0,0,1,0,0,0,0,0,0,0,1,0,0,14.93,0,0,0,0,0,0,0,0,0,0,0,0
Stephen Wheeler,West Coast Baptist,2018-19,20.0,4,10,1,4,2,2,3,0,0,1,3,10,14.6,6,12,2,5,4,5,1,2,0,1,8,6
Sterling Fields,Governors State,2018-19,20.0,1,1,0,0,0,0,1,0,0,0,1,1,14.72,0,1,0,1,0,0,0,0,0,0,0,0
Sterling Manley,North Carolina,2018-19,20.0,12,18,0,0,6,10,2,1,3,7,17,4,18.38,9,19,0,0,4,8,0,1,3,5,14,3
Sterling Taplin,Tulsa,2018-19,20.0,42,124,14,52,21,34,52,9,0,2,37,35,18.08,51,114,17,37,61,92,67,11,1,3,34,38
Stetson,,2018-19,0.0,0,0,0,0,0,0,0,0,0,19,24,5,0.0,0,0,0,0,0,0,0,0,0,26,15,5
Stevan Krtinic,St. Francis (BKN),2018-19,20.0,18,39,13,27,6,8,10,3,0,5,15,14,14.93,16,29,5,14,5,6,16,2,1,2,22,11
Stevan Rodriguez,Clarion,2018-19,20.0,2,3,1,1,0,0,1,0,1,1,4,1,14.93,0,2,0,1,1,2,1,0,1,1,2,2
Steve Dulley,UMKC,2018-19,20.0,0,2,0,1,2,2,0,0,0,0,1,0,19.9,1,2,0,1,0,0,0,0,0,0,0,0
Steve Harris,Austin Peay,2018-19,20.0,68,137,1,9,30,37,41,12,8,18,26,34,14.92,48,112,3,6,25,29,32,5,7,12,25,23
Steven Beo,Eastern Washington,2018-19,20.0,0,2,0,1,0,1,0,0,0,0,3,0,20.0,0,0,0,0,0,0,0,0,0,0,0,0
Steven Branch,Trinity Baptist,2018-19,0.0,2,6,1,5,0,0,0,1,0,1,0,1,14.83,0,1,0,1,0,0,1,0,0,0,0,0
Steven Collins,Pine Manor,2018-19,20.0,0,3,0,2,0,0,1,0,0,0,1,2,14.83,1,3,1,1,0,0,3,0,0,1,3,2
Steven Dreifuss,San Diego Christian,2018-19,20.0,0,2,0,1,0,0,0,0,1,0,1,0,14.93,1,2,0,0,0,1,0,0,0,1,1,0
Steven Enoch,Louisville,2018-19,20.0,65,117,8,20,21,28,1,1,7,30,49,20,14.9,50,98,6,17,33,39,3,5,9,17,66,12
Steven Fitzgerald,Samford,2018-19,0.0,1,4,0,2,0,0,0,0,0,1,2,4,16.68,0,2,0,2,0,0,0,0,0,0,1,0
Steven Julian,Cornell,2018-19,20.0,22,69,3,19,12,22,40,19,19,26,68,21,20.0,25,64,4,14,12,23,30,12,26,18,74,16
Steven McNease,Southwest Minnesota State,2018-19,20.0,0,1,0,0,2,2,2,0,0,2,2,0,15.0,3,4,0,0,0,0,0,0,0,0,0,0
Steven Quinn,Hardin-Simmons,2018-19,20.0,1,3,1,3,1,2,0,0,0,0,0,1,14.77,5,9,3,3,0,0,0,0,1,2,0,1
Steven Santa Ana,Elon,2018-19,20.0,85,188,44,114,26,35,36,14,2,15,87,37,20.0,62,131,20,59,62,90,40,8,2,7,73,31
Steven Torre,Molloy,2018-19,20.0,1,4,1,3,0,0,1,1,0,0,2,1,16.25,0,2,0,1,0,0,0,1,0,0,1,0
Steven Whitley,Norfolk State,2018-19,20.0,34,99,2,29,23,46,48,17,0,8,50,42,14.83,50,119,10,31,41,68,64,22,0,13,73,37
Stevie Jordan,Rider,2018-19,20.0,68,137,16,49,20,32,56,26,9,15,43,30,15.65,62,128,19,46,35,51,58,27,3,11,27,43
Stewart Lester,Centenary NJ,2018-19,20.0,0,1,0,0,1,2,0,0,0,0,0,1,14.9,0,1,0,1,2,2,2,0,0,0,1,1
Stokley Chaffee Jr,Tennessee State,2018-19,20.0,0,0,0,0,0,0,10,0,0,0,0,0,20.0,0,0,0,0,0,0,9,0,0,0,0,0
Stokley Chaffee Jr.,Tennessee State,2018-19,20.0,27,62,0,0,13,20,0,8,12,26,50,27,20.0,37,62,0,0,27,34,0,6,16,37,50,20
Stone Champion,Bob Jones University,2018-19,20.0,0,2,0,2,0,0,0,0,0,0,2,0,14.98,0,1,0,0,0,0,0,0,0,0,1,0
Stone McCreary,Misericordia,2018-19,20.0,2,4,2,4,0,0,2,0,0,0,2,1,14.78,1,2,1,2,0,0,0,0,0,1,3,1
Stony Brook,,2018-19,0.0,0,0,0,0,0,0,0,0,0,21,33,4,0.0,0,0,0,0,0,0,0,0,0,33,23,6
Storm Murphy,Wofford,2018-19,20.0,53,95,32,55,2,2,46,8,0,2,22,15,18.38,33,73,14,38,13,15,46,8,1,0,29,22
Stuckey Mosley,James Madison,2018-19,20.0,82,215,47,131,16,23,30,19,0,5,43,34,14.88,100,233,43,106,39,52,39,17,3,13,52,20
Sukhmail Mathon,Boston University,2018-19,20.0,23,52,2,5,1,4,18,6,5,15,47,26,20.0,18,30,0,3,3,8,8,4,3,10,37,10
Sunday Okeke,Wake Forest,2018-19,20.0,2,10,0,0,7,11,0,1,2,10,9,4,19.6,4,9,0,0,3,7,2,2,0,9,6,1
Suny-Canton,,2018-19,0.0,0,0,0,0,0,0,0,0,0,1,1,1,0.0,0,0,0,0,0,0,0,0,0,0,0,0
Sy Chatman,UMass,2018-19,0.0,16,37,2,6,9,18,4,2,10,14,15,10,20.0,21,33,2,5,12,18,5,5,7,12,14,9
Sylvester Ogbonda,Georgia Tech,2018-19,0.0,1,2,0,0,0,0,0,1,2,1,1,2,19.5,0,2,0,0,2,2,0,0,0,1,4,1
Syracuse,,2018-19,0.0,0,0,0,0,0,0,0,0,0,21,30,8,0.0,0,0,0,0,0,0,0,0,0,37,27,10
Szymon Wojcik,Missouri State,2018-19,20.0,13,31,6,21,3,4,1,3,4,2,11,13,14.78,10,24,2,10,7,7,3,1,4,2,20,3
T.J. Atwood,Lamar,2018-19,20.0,31,59,2,9,12,16,0,15,7,11,32,17,16.73,27,54,4,9,23,29,0,16,0,16,22,12
T.J. Lang,South Florida,2018-19,20.0,26,88,20,66,16,23,1,4,0,10,28,14,17.73,29,73,21,56,13,18,1,10,2,6,22,9
T.J. Moss,South Carolina,2018-19,0.0,11,21,6,15,3,4,2,2,0,0,5,3,15.03,4,18,2,9,1,2,0,1,0,0,6,9
T.J. Parham,Wisconsin Lutheran,2018-19,20.0,6,17,4,10,2,2,0,4,0,3,4,0,14.93,4,15,1,5,3,4,0,4,1,2,2,1
TCU,,2018-19,0.0,0,0,0,0,0,0,0,0,0,28,26,12,0.0,0,0,0,0,0,0,0,0,0,25,23,13
TJ Atwood,Lamar,2018-19,20.0,0,0,0,0,0,0,11,0,0,0,0,0,20.0,0,0,0,0,0,0,22,0,0,0,0,0
TJ Clifford,Western Michigan,2018-19,20.0,5,9,1,2,1,3,1,1,0,4,3,8,17.9,4,7,1,2,1,1,0,1,0,2,2,2
TJ Gibbs,Notre Dame,2018-19,20.0,50,158,28,93,16,21,55,17,1,2,19,15,14.97,64,173,30,90,51,69,41,17,1,5,18,19
TJ Haws,BYU,2018-19,20.0,72,158,23,73,60,74,69,16,4,3,51,37,17.82,76,171,33,78,91,102,66,18,3,7,43,31
TJ Lang,South Florida,2018-19,20.0,0,0,0,0,0,0,11,0,0,0,0,0,17.73,0,0,0,0,0,0,10,0,0,0,0,0
TJ Massenburg,Middle Tennessee,2018-19,20.0,5,8,0,0,4,8,2,0,6,6,13,6,17.68,0,1,0,0,1,2,0,1,1,0,2,1
TJ Moss,South Carolina,2018-19,0.0,0,0,0,0,0,0,5,0,0,0,0,0,15.03,0,0,0,0,0,0,4,0,0,0,0,0
TJ Parham,Green Bay,2018-19,20.0,0,0,0,0,0,0,3,0,0,0,0,0,14.93,0,0,0,0,0,0,4,0,0,0,0,0
TJ Shorts II,UC Davis,2018-19,20.0,84,150,6,18,31,42,60,11,4,8,57,38,14.78,71,154,6,22,58,79,56,28,2,8,53,42
TJ Starks,,2018-19,1.25,57,142,17,51,24,37,46,18,1,5,25,49,0.0,55,154,10,56,30,47,35,12,0,6,14,40
TJ Turner,Bridgewater,2018-19,20.0,0,5,0,3,0,0,0,1,0,0,2,1,15.47,1,1,0,0,0,0,0,0,0,0,0,0
TJ Washington,Utah Valley,2018-19,20.0,37,103,8,29,23,40,57,17,1,3,34,44,20.0,36,73,9,17,35,44,48,11,0,2,25,50
Ta'Vonne Bond,VMI,2018-19,20.0,6,14,2,7,2,4,5,4,0,3,5,7,14.72,5,9,0,3,3,5,6,4,1,1,7,6
Taavi Jurkatamm,San Francisco,2018-19,20.0,0,5,0,1,0,0,5,2,2,0,5,2,20.0,4,9,0,0,1,2,2,1,0,6,3,2
Tacko Fall,UCF,2018-19,20.0,78,108,0,0,37,87,7,4,38,45,75,25,17.3,59,76,0,0,21,67,6,3,30,33,69,24
Tadas Kararinas,Drexel,2018-19,20.0,3,8,0,1,0,0,1,0,1,1,1,0,20.0,0,1,0,0,0,0,0,0,0,2,2,0
Tae Hardy,East Carolina,2018-19,20.0,10,29,3,11,5,13,8,6,0,1,18,4,15.88,6,19,1,7,5,9,7,6,3,1,8,8
Taelyr Gatlin,Denver,2018-19,20.0,21,49,6,27,1,3,12,4,2,4,17,17,17.95,9,26,6,14,3,5,18,6,1,0,7,15
Taeshon Cherry,Arizona State,2018-19,10.0,33,90,22,67,10,12,4,10,3,7,39,6,20.0,24,60,13,42,0,2,3,7,3,4,20,8
Taevion Kinsey,Marshall,2018-19,20.0,56,103,16,39,21,29,21,16,10,20,36,17,14.8,72,118,6,22,28,43,18,12,8,38,35,14
Taevon Horton,West Virginia,2018-19,20.0,1,4,0,3,0,0,0,0,0,0,0,0,14.97,2,4,1,3,0,0,0,0,0,0,2,0
Tahirou Diabate,Portland,2018-19,20.0,23,52,0,0,9,17,2,3,8,12,28,27,17.95,33,51,0,0,17,32,2,6,9,10,24,11
Tahj Eaddy,Santa Clara,2018-19,20.0,81,181,35,87,23,28,52,13,0,3,39,27,20.0,61,167,38,96,52,62,41,13,0,5,31,32
Tahjai Teague,Ball State,2018-19,20.0,78,137,6,19,22,33,20,23,16,24,80,36,18.95,79,146,5,25,51,73,21,17,10,32,91,30
Tai Bibbs,Columbia,2018-19,20.0,22,73,11,39,5,9,12,8,1,9,16,12,20.0,14,32,3,16,3,7,5,3,1,4,6,6
Tai Strickland,Wisconsin,2018-19,0.0,4,4,3,3,1,2,3,1,0,0,1,1,20.0,1,6,0,2,2,2,2,1,0,1,1,1
Taishaun Johnson,Prairie View A&M,2018-19,20.0,29,84,4,28,31,48,37,16,1,7,23,26,18.3,23,65,9,24,47,56,31,11,0,8,20,21
Taj Benning,Fairfield,2018-19,20.0,29,62,9,21,10,12,25,8,1,4,30,11,20.0,16,53,5,21,11,15,21,10,2,7,24,20
Tajion Jones,UNC Asheville,2018-19,20.0,44,123,22,67,19,21,15,16,4,13,27,28,14.97,50,107,18,54,5,11,10,12,1,14,23,20
Tajuan Agee,Iona,2018-19,20.0,72,167,20,57,17,27,15,15,13,24,98,37,20.0,66,135,12,31,66,91,18,17,10,34,89,33
Taka Hall,Johnson & Wales (CO),2018-19,20.0,0,1,0,0,0,0,1,0,0,0,1,0,14.82,1,1,0,0,0,0,0,1,0,1,0,1
Takal Molson,Canisius,2018-19,20.0,68,180,24,89,42,56,36,19,1,15,58,38,20.0,96,202,28,98,84,108,24,22,7,38,58,40
Takiula Fahrensohn,Portland,2018-19,20.0,0,3,0,3,0,0,0,0,0,0,0,1,20.0,0,0,0,0,2,3,0,0,0,0,1,1
Talen Davis,Howard Payne,2018-19,20.0,1,5,0,0,2,4,4,4,0,0,4,12,14.97,1,4,0,1,0,2,1,0,0,2,0,3
Talen Horton-Tucker,Iowa State,2018-19,20.0,89,215,27,99,21,38,44,18,14,10,76,32,14.63,62,151,21,54,31,46,33,24,8,11,63,25
Talik Totten,Mid-Atlantic Christian University,2018-19,20.0,2,4,0,1,0,0,2,0,0,0,0,3,14.83,0,4,0,2,0,0,0,0,0,1,0,2
Talon Pinckney,College of Idaho,2018-19,20.0,0,2,0,1,0,0,0,2,0,1,1,2,14.95,0,1,0,1,0,0,0,0,0,0,0,1
Tamaje Blackwell,Goshen College,2018-19,20.0,1,4,0,2,0,0,1,0,0,0,1,0,14.72,2,6,1,3,0,0,0,0,1,1,0,1
Tamal Watkins,Shawnee State,2018-19,20.0,2,3,2,2,0,0,0,0,0,0,0,2,16.33,0,1,0,1,0,0,2,0,0,0,0,1
Tamell Pearson,UAB,2018-19,20.0,6,16,0,3,4,7,4,3,1,4,15,10,19.07,3,16,0,0,0,1,3,0,2,3,5,2
Tamenang Choh,Brown,2018-19,20.0,70,137,6,16,48,66,54,20,15,34,104,57,20.0,59,119,1,8,68,112,44,17,11,33,87,36
Tamir Bynum,,2018-19,9.88,1,9,0,0,1,2,0,0,0,0,2,3,0.0,4,9,0,2,4,4,1,0,0,0,0,3
Tamir Glenn,Piedmont International,2018-19,20.0,1,4,0,1,0,0,1,0,0,0,2,3,14.77,3,6,1,2,1,1,1,0,1,4,2,3
Tamir Green,Lincoln PA,2018-19,20.0,0,1,0,1,0,0,4,3,0,0,2,3,20.0,1,2,0,0,3,3,2,1,0,0,3,1
Tanner Borchardt,Nebraska,2018-19,0.0,16,37,0,0,12,17,7,8,9,48,44,9,15.23,30,38,0,0,9,20,9,8,1,38,32,6
Tanner Camp,Goshen College,2018-19,20.0,0,1,0,0,0,0,0,0,0,0,0,0,14.72,3,3,0,0,1,1,1,2,0,2,3,0
Tanner Carter,Eastern New Mexico,2018-19,0.0,0,0,0,0,0,0,0,0,0,0,0,0,20.0,0,1,0,1,0,0,1,0,0,0,0,1
Tanner Eubank,Northwestern Ohio,2018-19,0.0,0,0,0,0,0,0,0,0,0,0,0,1,14.98,0,2,0,0,0,0,1,0,0,0,0,1
Tanner Groves,Eastern Washington,2018-19,20.0,14,38,2,5,9,14,3,1,10,11,17,12,14.93,10,20,1,4,4,5,2,0,7,5,15,8
Tanner Haverfield,Montana-Western,2018-19,20.0,2,3,0,0,0,0,1,0,0,0,1,1,20.0,1,4,0,2,0,0,1,0,0,1,2,2
Tanner Johnson,Bryant,2018-19,20.0,7,30,7,29,0,0,2,0,0,1,15,4,20.0,5,13,4,12,2,3,2,1,0,1,9,3
Tanner Krebs,Saint Mary's,2018-19,20.0,59,128,30,68,14,17,9,11,2,8,43,18,17.1,36,88,17,48,18,20,12,9,4,9,45,11
Tanner Rubio,Jacksonville,2018-19,20.0,14,47,10,37,8,10,23,2,0,2,14,9,17.17,19,46,15,40,2,3,12,3,1,0,11,9
Tanner Schmit,Central Arkansas,2018-19,20.0,31,78,15,42,11,16,9,3,1,15,22,12,17.98,24,64,9,33,3,3,4,4,0,8,15,7
Tanner Schmitt,Wisconsin-Stout,2018-19,0.0,0,0,0,0,0,0,0,0,0,0,0,0,14.93,0,0,0,0,0,0,1,0,0,0,0,0
Tanner Stuckman,,2018-19,5.85,1,2,1,2,0,0,0,0,0,2,1,0,0.0,2,3,1,1,0,0,0,0,0,1,0,0
Taqwain Drummond,Coppin State,2018-19,20.0,5,32,2,14,2,2,9,2,0,0,18,14,15.35,13,33,3,15,10,15,5,3,1,3,26,7
Tareq Coburn,Hofstra,2018-19,20.0,54,115,33,71,24,32,17,13,3,20,48,18,17.98,31,70,12,38,18,21,6,6,1,17,37,9
Tarig Eldosougi,,2018-19,12.02,1,1,0,0,0,0,0,0,0,0,1,1,0.0,1,1,0,0,0,0,0,0,0,1,0,0
Tarik Dixon,KY Wesleyan,2018-19,20.0,1,2,1,2,0,0,2,0,0,0,0,2,15.73,0,0,0,0,0,0,0,0,0,0,1,0
Tarik Rivers,Rivier,2018-19,20.0,0,4,0,2,0,0,1,0,0,0,1,2,14.85,2,5,0,2,0,0,3,0,0,0,0,0
Tarin Smith,UConn,2018-19,20.0,38,101,7,27,10,23,35,14,5,8,39,22,20.0,36,92,6,27,29,44,31,21,6,7,29,19
Tariq Abdulgader,,2018-19,0.0,0,0,0,0,0,0,0,0,0,0,1,0,0.0,0,0,0,0,0,0,0,0,0,1,0,0
Tariq Caldwell,East Mennonite,2018-19,20.0,2,3,0,1,0,0,0,1,0,0,1,0,14.88,1,1,0,0,0,0,1,1,0,0,0,0
Tariq Johnson,Wyoming,2018-19,0.0,1,10,1,5,5,6,0,0,0,1,2,3,20.0,2,3,1,2,0,0,0,0,0,1,1,1
Tariq Owens,Texas Tech,2018-19,20.0,61,110,5,20,25,29,17,8,33,48,67,17,14.75,61,89,3,10,34,46,9,7,54,30,65,19
Tariq Silver,Eastern Michigan,2018-19,20.0,13,23,8,13,1,1,4,4,1,1,4,9,14.72,12,28,5,17,2,6,3,3,0,0,7,2
Tarkus Ferguson,UIC,2018-19,20.0,67,162,46,119,14,19,63,21,9,6,80,45,18.38,59,158,31,100,37,47,65,17,11,7,82,35
Taron Oliver Jr.,Morgan State,2018-19,20.0,0,2,0,0,0,0,1,0,0,0,1,1,17.55,0,0,0,0,0,0,0,0,0,0,0,0
Tarrance Davis,Champion Christian College,2018-19,20.0,6,16,4,7,2,3,3,1,0,0,3,5,14.75,6,13,3,7,3,3,5,0,0,0,4,4
Tarrence Evans,Fort Valley State,2018-19,20.0,0,1,0,0,0,0,0,0,0,1,0,1,14.9,3,4,0,0,1,2,0,0,0,0,1,0
Tate DeLaVeaga,William Jessup,2018-19,20.0,0,0,0,0,2,2,0,0,0,0,0,1,17.87,1,2,0,1,0,0,0,0,0,0,1,0
Tate Pierson,Belmont,2018-19,20.0,3,12,1,9,2,2,2,0,1,3,3,1,17.27,3,7,3,6,1,2,2,0,0,3,5,0
Taurean Thompson,Seton Hall,2018-19,20.0,29,68,2,10,8,12,1,5,3,17,20,12,17.98,16,39,4,12,5,6,2,2,6,5,13,7
Tauriawn Knight,Utah State,2018-19,20.0,16,37,0,9,12,13,8,3,0,4,13,11,14.9,8,20,0,1,6,8,10,3,2,1,7,9
Taurin Hughes,Truman State,2018-19,20.0,1,1,1,1,0,0,1,0,0,0,0,0,20.0,1,4,1,4,0,1,1,3,0,1,1,0
Taurus Samuels,Dartmouth,2018-19,20.0,17,48,9,31,1,2,15,8,2,0,17,9,20.0,21,55,10,30,14,21,11,4,0,3,18,11
Taveion Hollingsworth,Western Kentucky,2018-19,20.0,75,188,18,69,36,48,29,16,1,20,51,29,17.88,85,192,27,72,46,58,42,22,7,14,52,38
Tavian Dunn-Martin,Duquesne,2018-19,20.0,31,86,22,62,25,27,37,14,0,6,17,25,17.78,38,109,25,77,36,42,43,16,1,2,19,29
Tavian Percy,New Mexico,2018-19,20.0,3,10,0,5,0,0,3,1,0,2,2,4,20.0,3,8,2,4,0,2,1,1,1,3,2,0
Tavian Roundtree,Covenant,2018-19,20.0,0,1,0,1,0,0,0,0,0,0,0,0,14.97,0,1,0,1,0,0,0,0,0,1,0,1
Tavian Strobridge,Wesley,2018-19,0.0,0,0,0,0,0,0,0,0,0,0,0,0,14.75,0,1,0,0,0,0,0,0,0,0,0,0
Tavin Lovan,UAB,2018-19,20.0,38,84,3,5,16,27,6,9,2,27,42,21,19.07,47,75,1,7,30,43,18,17,5,21,30,16
Tavion Trimble,Mars Hill,2018-19,20.0,1,1,0,0,1,2,0,0,0,1,0,1,14.93,0,1,0,0,0,0,1,0,0,3,0,0
Tavon King,North Alabama,2018-19,20.0,15,41,6,16,5,8,7,3,2,3,9,9,17.93,12,29,2,14,13,17,6,4,1,2,6,10
Taylan Rowe,Pfeiffer,2018-19,20.0,1,3,1,3,0,0,0,0,0,0,0,0,14.9,1,1,1,1,0,0,0,0,0,0,0,0
Tayler Mattos,Bowling Green,2018-19,19.92,1,3,0,0,0,0,1,0,0,3,1,1,20.0,1,1,0,0,2,4,0,0,2,0,1,1
Tayler Persons,Ball State,2018-19,20.0,91,207,25,75,40,52,79,21,2,4,60,44,18.95,88,203,17,55,47,61,50,11,2,6,50,54
Taylor England,Montana Tech,2018-19,20.0,2,5,0,0,0,0,0,0,0,0,3,0,14.7,2,2,0,0,0,0,3,0,0,0,1,3
Taylor Funk,Saint Joseph's,2018-19,20.0,36,98,14,61,10,12,21,7,1,13,55,14,20.0,38,111,23,78,5,8,14,8,12,16,70,15
Taylor Kim,Trinity University (TX),2018-19,20.0,1,3,1,2,0,0,1,2,0,0,0,0,17.78,0,1,0,1,0,0,0,0,0,1,0,0
Taylor Maughan,BYU,2018-19,0.0,0,0,0,0,0,0,0,0,0,0,0,0,20.0,0,0,0,0,0,0,1,0,0,0,0,0
Taylor McHugh,Bryant,2018-19,20.0,10,34,5,23,2,5,23,8,0,6,29,9,20.0,10,26,5,18,10,14,21,6,0,1,22,12
Taylor Mills,Piedmont,2018-19,20.0,0,2,0,1,0,0,0,0,0,0,0,1,14.88,1,2,1,2,0,0,1,0,0,0,0,0
Taylor Schafer,Southwest Minnesota State,2018-19,20.0,1,4,1,1,0,0,0,0,1,0,2,2,15.0,1,3,1,3,0,0,0,0,0,0,2,0
Taylor White,Aquinas College,2018-19,0.0,0,0,0,0,0,0,0,0,0,0,1,0,14.97,0,1,0,1,0,0,1,1,0,0,0,0
Tayte Lentz,,2018-19,0.0,0,0,0,0,0,0,0,0,0,1,0,0,2.32,0,2,0,2,0,0,1,0,0,0,1,2
Tayton Maher,Presentation College,2018-19,20.0,0,3,0,1,0,0,0,0,0,0,0,1,15.77,1,1,1,1,0,0,0,0,0,0,0,0
Taze Moore,CSU Bakersfield,2018-19,20.0,34,79,4,22,16,23,29,24,9,13,30,25,20.0,28,71,3,15,10,17,14,14,6,15,19,13
Tchamwa Tchatchoua,UNLV,2018-19,20.0,1,3,0,1,0,0,1,0,0,1,2,0,20.0,2,2,0,0,1,2,0,0,1,1,2,0
Technical Foul on Gavin,,2018-19,0.0,0,0,0,0,0,0,0,0,0,0,0,0,0.0,0,0,0,0,0,0,0,0,1,0,0,0
Ted McCree,Northern Arizona,2018-19,20.0,53,129,31,74,5,5,15,6,0,1,25,19,17.17,42,103,19,59,29,33,11,10,1,4,21,11
Ted Thelemaque,St Elizabeth,2018-19,20.0,1,6,0,2,0,0,0,0,0,0,1,0,14.92,0,1,0,1,0,0,0,0,0,0,0,0
Teddy Ochieng,CSU Northridge,2018-19,20.0,3,6,0,0,2,2,2,0,0,2,6,0,20.0,0,1,0,0,0,2,0,0,0,2,1,0
Teeshawn Garrett,Arlington Baptist,2018-19,20.0,3,9,0,1,7,10,3,0,0,1,5,3,14.77,5,7,0,0,0,0,1,3,0,0,2,2
Temidayo Yussuf,Long Beach State,2018-19,20.0,49,103,0,0,29,45,14,6,4,24,58,35,20.0,51,100,0,0,41,67,11,6,2,34,44,23
Temple,,2018-19,0.0,0,0,0,0,0,0,0,0,0,36,30,4,0.0,0,0,0,0,0,0,0,0,0,28,30,6
Tennessee,,2018-19,0.0,0,0,0,0,0,0,0,0,0,24,34,2,0.0,0,0,0,0,0,0,0,0,0,21,22,4
Tennessee State,,2018-19,0.0,0,0,0,0,0,0,0,0,0,16,18,9,0.0,0,0,0,0,0,0,0,0,0,19,12,6
Tennessee Tech,,2018-19,0.0,0,0,0,0,0,0,0,0,0,15,47,7,0.0,0,0,0,0,0,0,0,0,0,28,21,4
Tensley Aldridge,Loyola New Orleans,2018-19,0.0,0,0,0,0,0,0,0,0,0,0,0,0,15.85,0,1,0,0,0,0,0,0,0,0,0,1
Terance Mann,Florida State,2018-19,20.0,63,131,16,38,35,40,49,10,5,34,74,29,14.97,71,130,12,29,47,64,36,13,7,49,61,29
Tereke Eckwood,Mississippi Valley State,2018-19,20.0,6,23,1,6,5,7,12,5,0,3,9,15,14.8,11,26,0,5,13,18,13,5,0,2,8,10
Terence Davis,Ole Miss,2018-19,20.0,98,217,35,91,37,50,65,31,10,19,77,44,15.07,77,175,30,81,39,48,45,22,12,17,72,44
Terence Gholston,Wilberforce,2018-19,20.0,0,3,0,2,0,0,0,0,0,0,0,1,14.68,1,6,0,1,0,0,0,0,0,1,0,0
Terion Moss,Maine,2018-19,20.0,24,81,15,56,8,16,24,14,0,10,24,21,17.95,19,59,14,44,11,19,18,13,0,8,24,10
Terrance Banyard,Arkansas-Pine Bluff,2018-19,20.0,23,50,3,10,21,31,6,12,7,18,30,19,16.88,19,48,1,5,30,39,9,4,10,14,31,11
Terrance Gibbons,Lincoln PA,2018-19,20.0,1,1,0,0,0,0,0,0,0,0,1,0,20.0,1,2,0,0,0,0,0,0,0,2,0,0
Terrance Lacey,Trinity (IL),2018-19,20.0,3,10,0,3,1,1,7,2,0,1,3,3,20.0,4,7,0,0,0,0,4,1,0,0,1,3
Terrance McBride,Cornell,2018-19,20.0,25,63,4,24,10,15,23,9,1,5,27,12,20.0,20,53,4,15,22,26,28,9,1,3,25,13
Terrell Allen,UCF,2018-19,20.0,36,81,13,31,11,18,50,20,0,2,54,29,17.3,23,66,6,20,24,31,69,20,0,3,27,22
Terrell Brown,Pittsburgh,2018-19,20.0,123,311,34,102,90,125,92,26,39,40,141,83,15.87,181,381,39,86,115,160,67,28,24,61,147,61
Terrell Gomez,CSU Northridge,2018-19,20.0,99,226,58,134,18,19,46,24,0,6,30,35,20.0,92,205,46,117,76,87,42,10,0,6,25,20
Terrell Lewis,Eastern Illinois,2018-19,20.0,0,4,0,3,2,2,4,1,0,0,1,1,20.0,0,1,0,1,0,0,1,0,0,0,1,3
Terrell McKay,San Diego Christian,2018-19,0.0,0,0,0,0,0,0,0,0,0,0,0,1,14.93,0,1,0,0,0,0,0,0,0,0,1,2
Terrell Rogers,Florida National,2018-19,20.0,1,1,0,0,0,0,2,2,0,0,0,1,14.93,1,3,0,0,0,0,2,0,0,0,0,1
Terrence Braxton,Wesley,2018-19,20.0,1,2,1,2,1,2,3,0,0,1,4,1,14.75,2,6,0,2,0,0,1,1,0,3,0,0
Terrence Lewis,Iowa State,2018-19,20.0,20,42,8,22,7,8,0,2,0,7,4,5,14.63,5,20,1,11,5,5,2,0,1,2,5,5
Terrion Howard,St. Francis (ILL),2018-19,20.0,2,10,2,7,5,5,3,3,0,0,0,2,18.75,4,11,0,3,1,2,4,2,0,2,1,2
Terry Harris,North Carolina A&T,2018-19,20.0,40,85,30,62,6,8,5,7,2,8,23,10,20.0,28,62,19,49,10,13,2,2,0,9,29,7
Terry Kenner,Frostburg State,2018-19,17.67,1,7,1,4,0,0,0,0,0,0,0,1,20.0,2,7,2,5,0,0,2,0,0,0,4,2
Terry McFadden,Colorado Christian,2018-19,20.0,0,3,0,0,0,0,4,0,0,0,1,0,14.83,0,0,0,0,1,2,0,0,0,0,0,1
Terry Nolan Jr,George Washington,2018-19,15.0,0,0,0,0,0,0,29,0,0,0,0,0,20.0,0,0,0,0,0,0,20,0,0,0,0,0
Terry Nolan Jr.,George Washington,2018-19,19.52,37,105,22,64,20,32,0,11,5,3,47,22,20.0,39,111,24,66,47,75,0,14,7,10,63,24
Terry Smith Jr,Loyola New Orleans,2018-19,20.0,7,15,0,0,1,1,0,1,0,3,3,1,20.0,4,8,0,0,0,0,0,0,0,2,5,3
Terry Taylor,Austin Peay,2018-19,20.0,120,233,31,83,35,44,32,14,14,57,64,31,14.92,111,200,16,47,62,84,21,20,13,44,94,19
Terry Winn III,UT Rio Grande Valley,2018-19,20.0,81,181,0,10,43,58,21,20,3,15,66,45,17.92,63,147,1,2,79,111,33,14,2,11,63,34
Tervell Beck,UNLV,2018-19,20.0,18,32,1,7,6,9,5,3,1,6,10,14,20.0,4,14,1,5,7,12,0,2,3,5,10,9
Teshaun Hightower,Georgia,2018-19,20.0,31,77,12,42,20,29,22,11,1,5,27,30,14.92,28,70,11,34,18,24,18,2,0,4,16,19
Tevian Jones,Illinois,2018-19,20.0,12,37,5,22,4,4,0,5,2,11,13,1,14.98,18,35,7,18,8,9,4,7,0,4,4,3
Tevin Brown,Murray State,2018-19,20.0,60,151,45,124,10,13,35,23,9,9,55,23,17.63,61,139,40,102,27,31,36,13,10,7,74,9
Tevin King,South Dakota State,2018-19,20.0,63,113,12,29,24,31,74,30,4,10,80,38,20.0,39,82,5,14,34,53,54,21,3,17,67,38
Tevin Mack,Alabama,2018-19,20.0,59,143,28,79,5,12,17,6,7,10,50,28,15.05,51,119,18,55,22,37,8,5,8,19,29,19
Tevin McClain,,2018-19,12.28,0,0,0,0,0,0,1,0,0,0,1,1,0.0,1,3,1,1,0,0,0,0,0,0,1,0
Texas,,2018-19,0.0,0,0,0,0,0,0,0,0,0,17,28,5,0.0,0,0,0,0,0,0,0,0,0,23,24,5
Texas A&M,,2018-19,0.0,0,0,0,0,0,0,0,0,0,26,27,6,0.0,0,0,0,0,0,0,0,0,0,16,17,0
Texas A&M-CC,,2018-19,0.0,0,0,0,0,0,0,0,0,0,17,12,4,0.0,0,0,0,0,0,0,0,0,0,12,16,4
Texas A&M-International,,2018-19,0.0,0,0,0,0,0,0,0,0,0,0,0,0,0.0,0,0,0,0,0,0,0,0,0,0,0,1
Texas At Tyler,,2018-19,0.0,0,0,0,0,0,0,0,0,0,1,1,0,0.0,0,0,0,0,0,0,0,0,0,2,0,1
Texas Lutheran,,2018-19,0.0,0,0,0,0,0,0,0,0,0,1,0,0,0.0,0,0,0,0,0,0,0,0,0,5,0,2
Texas Permian Basin,,2018-19,0.0,0,0,0,0,0,0,0,0,0,0,0,0,0.0,0,0,0,0,0,0,0,0,0,1,1,1
Texas Southern,,2018-19,0.0,0,0,0,0,0,0,0,0,0,19,21,3,0.0,0,0,0,0,0,0,0,0,0,17,9,3
Texas State,,2018-19,0.0,0,0,0,0,0,0,0,0,0,36,22,8,0.0,0,0,0,0,0,0,0,0,0,28,26,11
Texas Tech,,2018-19,0.0,0,0,0,0,0,0,0,0,0,21,25,11,0.0,0,0,0,0,0,0,0,0,0,19,28,11
Teyvion Kirk,Ohio,2018-19,20.0,66,165,3,17,23,40,35,14,1,19,49,55,14.93,70,172,5,19,28,61,27,20,2,18,52,60
Teyvion Kirk made Dunk. Assisted by Gavin,,2018-19,0.0,0,0,0,0,0,0,0,0,1,0,0,0,0.0,0,0,0,0,0,0,0,0,0,0,0,0
Teyvion Kirk made Jumper. Assisted by Gavin,,2018-19,0.0,0,0,0,0,0,0,0,0,2,0,0,0,0.0,0,0,0,0,0,0,0,0,0,0,0,0
Teyvion Kirk made Layup. Assisted by Gavin,,2018-19,0.0,0,0,0,0,0,0,0,0,4,0,0,0,0.0,0,0,0,0,0,0,0,0,1,0,0,0
Teyvion Kirk made Three Point Jumper. Assisted by Gavin,,2018-19,0.0,0,0,0,0,0,0,0,0,1,0,0,0,0.0,0,0,0,0,0,0,0,0,0,0,0,0
Thai Segwai,Central Connecticut,2018-19,0.0,5,20,1,4,7,8,16,3,0,2,12,19,20.0,10,20,2,4,12,20,14,3,0,4,11,15
Thatch Unruh,Central Arkansas,2018-19,20.0,64,143,34,88,33,41,31,17,0,11,57,27,17.98,67,148,31,84,42,55,34,11,0,6,48,28
The Citadel,,2018-19,0.0,0,0,0,0,0,0,0,0,0,24,25,3,0.0,0,0,0,0,0,0,0,0,0,18,19,4
Theo Akwuba,Portland,2018-19,0.0,9,21,0,0,9,22,3,1,15,6,31,8,17.95,14,32,0,0,5,12,2,4,17,11,28,9
Theo John,Marquette,2018-19,20.0,29,51,0,0,19,32,5,6,29,27,41,18,14.98,29,47,0,0,21,47,10,4,35,28,52,17
Theokarl Desrivieres,,2018-19,0.0,0,0,0,0,0,0,0,0,0,0,0,0,0.0,0,0,0,0,0,0,0,0,0,0,1,0
Therrell Gosier II,Alabama State,2018-19,20.0,1,3,1,1,0,0,2,0,1,0,2,5,14.63,1,3,0,2,1,2,0,2,2,4,4,3
Thik Bol,Southern Illinois,2018-19,20.0,27,60,0,0,4,10,3,1,13,16,34,16,20.0,16,41,1,1,2,8,2,3,15,7,28,7
Thomas Allen,Nebraska,2018-19,20.0,44,108,14,46,10,10,28,23,4,1,34,17,15.23,48,101,19,46,15,19,23,13,2,8,32,10
Thomas Bingham,Howard Payne,2018-19,20.0,0,1,0,0,1,2,0,1,0,1,1,1,14.97,2,2,0,0,0,0,1,0,0,1,1,0
Thomas Booker,South Carolina Upstate,2018-19,20.0,0,4,0,2,0,0,0,0,0,0,0,1,19.2,1,3,0,2,0,0,0,0,0,0,1,0
Thomas Capuano,Manhattan,2018-19,20.0,25,71,14,41,8,15,24,15,0,3,29,13,20.0,23,62,13,41,3,4,26,9,0,4,22,20
Thomas Clement,Nicholls,2018-19,0.0,0,0,0,0,0,0,0,0,0,1,0,0,14.7,0,0,0,0,0,0,1,1,0,0,1,1
Thomas Dillion,Florida National,2018-19,20.0,2,2,0,0,0,0,1,1,0,1,0,2,14.93,0,0,0,0,0,0,0,1,0,0,0,0
Thomas Dziagwa,Oklahoma State,2018-19,20.0,59,158,53,120,4,4,28,10,0,2,52,25,20.0,63,152,47,117,12,17,20,5,0,3,40,18
Thomas Green,Huntingdon,2018-19,20.0,0,0,0,0,2,3,0,0,0,0,1,1,14.95,0,1,0,0,0,0,1,0,0,1,0,2
Thomas Hardy,Fort Valley State,2018-19,20.0,1,3,0,0,0,0,0,0,0,0,0,1,14.9,0,0,0,0,0,0,0,0,0,0,0,0
Thomas Hickman,Tiffin,2018-19,20.0,0,2,0,0,2,2,0,0,0,0,0,1,14.95,1,2,1,1,2,2,0,0,0,0,0,1
Thomas Huerter Jr,Siena,2018-19,20.0,0,0,0,0,0,0,7,0,0,0,0,0,19.6,0,0,0,0,0,0,1,0,0,0,0,0
Thomas Huerter Jr.,Siena,2018-19,20.0,1,7,0,4,0,0,0,3,0,3,8,5,20.0,1,7,1,5,2,2,0,2,2,2,9,3
Thomas Kithier,Michigan State,2018-19,20.0,13,17,0,0,3,5,2,2,2,10,10,3,15.98,5,6,0,0,0,1,1,1,1,1,12,2
Thomas Nolan,Fairfield,2018-19,20.0,0,2,0,2,0,0,0,1,0,0,0,2,18.82,0,0,0,0,0,0,0,0,0,0,0,0
Thomas Owen,Jacksonville,2018-19,0.0,0,0,0,0,0,0,0,0,0,0,0,0,20.0,0,1,0,0,0,0,0,0,0,0,0,0
Thomas Peachey,Dominican (IL),2018-19,20.0,0,1,0,0,0,0,0,0,0,0,0,0,14.98,0,1,0,0,0,0,1,0,0,1,1,0
Thomas Ritter,Fontbonne College,2018-19,20.0,0,1,0,1,0,0,1,0,0,1,0,0,14.9,1,1,0,0,1,1,0,0,0,0,0,1
Thomas Ryan,Yale,2018-19,0.0,0,0,0,0,0,0,0,0,0,0,0,1,17.6,0,2,0,2,0,1,0,0,0,0,0,1
Thomas Sanborn,,2018-19,4.83,1,4,1,4,0,0,0,0,0,0,0,0,0.0,0,0,0,0,0,0,1,0,0,0,0,0
Thomas Shaughnessy,Brown,2018-19,20.0,0,0,0,0,0,0,1,0,0,0,0,0,14.73,1,2,0,1,2,2,1,0,1,1,2,0
Thomas Smallwood,Chattanooga,2018-19,20.0,34,72,16,39,4,5,16,2,8,13,50,17,20.0,22,53,7,15,18,23,7,1,5,12,33,15
Thorir Thorbjarnarson,Nebraska,2018-19,20.0,9,24,2,10,4,6,14,11,2,3,19,6,15.23,5,19,1,7,2,4,7,2,1,5,16,4
Thornton Scott,William & Mary,2018-19,20.0,5,21,3,14,1,2,23,1,0,1,13,11,20.0,5,15,3,11,0,2,13,2,2,1,6,7
Thurston McCarty,Cornell,2018-19,0.0,4,5,3,4,0,1,0,0,0,1,3,2,14.97,4,10,1,6,0,0,0,0,2,0,6,3
Tiago Zibecchi,Westcliff,2018-19,20.0,0,2,0,0,1,2,0,0,0,0,0,1,14.82,0,2,0,1,0,0,0,0,0,0,2,2
Tiandre Jackson-Young,UT Arlington,2018-19,20.0,27,73,17,46,7,8,11,7,2,7,31,5,20.0,37,81,21,50,5,6,8,5,2,17,30,6
Tie Evans,East Mennonite,2018-19,20.0,0,0,0,0,0,0,1,1,0,0,0,0,14.88,0,0,0,0,0,0,0,0,0,0,0,0
Tiffin,,2018-19,0.0,0,0,0,0,0,0,0,0,0,1,1,0,0.0,0,0,0,0,0,0,0,0,0,1,0,0
Tim Biakapia,Shawnee State,2018-19,20.0,1,2,0,1,0,0,0,0,0,0,0,2,16.33,0,0,0,0,0,0,0,0,0,0,0,0
Tim Cameron,High Point,2018-19,20.0,12,28,1,10,8,11,10,5,1,9,16,13,20.0,8,22,1,7,10,17,12,6,2,11,9,5
Tim Collins,Mobile,2018-19,20.0,2,5,1,3,0,1,1,1,0,0,3,4,19.62,5,13,2,7,0,0,2,2,0,0,3,2
Tim Finke,Grand Canyon,2018-19,20.0,17,45,11,25,6,11,14,3,2,11,20,10,20.0,14,39,5,15,9,17,14,7,2,10,34,8
Tim Graham,Wagner,2018-19,0.0,3,11,2,8,0,0,1,1,2,0,3,3,20.0,5,8,1,4,0,0,0,0,1,3,2,0
Tim Harrison,Rice,2018-19,20.0,0,6,0,2,2,2,2,1,0,2,3,4,17.73,3,5,0,2,2,2,0,0,0,0,1,2
Tim Jones,East Mennonite,2018-19,20.0,2,6,0,0,1,2,4,0,0,0,1,1,14.88,1,3,0,0,0,0,2,0,0,0,0,1
Tim Leavell,Le Moyne,2018-19,0.0,0,0,0,0,0,0,0,0,0,0,0,0,14.63,0,1,0,1,1,2,0,0,0,0,0,1
Tim Leutritz,,2018-19,0.0,0,0,0,0,0,0,0,0,1,0,0,0,0.0,0,0,0,0,0,0,0,0,0,0,0,0
Tim Perry Jr,Drexel,2018-19,20.0,0,0,0,0,0,0,2,0,0,0,0,0,20.0,0,0,0,0,0,0,1,0,0,0,0,0
Tim Perry Jr.,Drexel,2018-19,20.0,16,23,0,0,2,6,0,2,4,11,33,5,20.0,10,13,0,0,0,2,0,0,5,9,22,5
Tim Reilly,Western New England,2018-19,20.0,0,4,0,2,4,4,0,0,0,1,5,1,15.27,1,2,0,1,0,0,0,1,0,0,0,3
Tim Rowe,Southern Miss,2018-19,0.0,41,75,5,17,8,12,12,3,8,5,38,19,20.0,26,47,3,6,10,16,4,4,7,8,27,14
Tim Snoddy,Covenant,2018-19,0.0,0,0,0,0,0,0,0,0,0,0,0,0,14.97,1,4,0,1,0,0,0,0,0,1,0,1
Tim Turpin,University of the Ozarks,2018-19,20.0,1,1,0,0,0,0,0,0,0,0,0,0,14.97,3,4,1,1,0,0,1,2,0,1,0,2
Timmy Allen,Utah,2018-19,20.0,60,103,1,2,32,45,33,7,2,24,49,28,17.88,57,99,2,4,56,75,33,16,3,17,50,22
Timmy Falls,Montana,2018-19,20.0,26,71,16,40,8,12,42,13,2,5,27,31,20.0,23,51,8,29,16,20,26,10,3,1,18,20
Timmy Rose,Binghamton,2018-19,20.0,20,43,4,13,2,6,25,5,0,4,9,16,20.0,17,36,5,10,12,14,31,10,0,3,9,13
Timmy Sellers,Charleston Southern,2018-19,20.0,13,28,0,0,8,12,2,4,6,18,15,14,14.87,10,22,0,0,2,11,1,4,1,17,9,2
Timothy Aguero,Howard Payne,2018-19,20.0,2,7,0,1,3,4,4,1,0,0,4,6,14.97,2,4,0,0,3,4,1,1,0,0,4,9
Timothy Gilmore,Purdue Northwest,2018-19,20.0,0,4,0,2,2,3,0,0,0,1,2,0,14.97,1,1,1,1,0,0,0,0,0,0,1,1
Timothy Henry,Averett,2018-19,20.0,3,6,0,1,0,0,2,0,0,0,3,0,17.97,0,2,0,0,0,0,0,1,0,0,1,1
Timothy Jeffries,Buena Vista,2018-19,20.0,3,6,2,5,4,5,4,0,0,0,3,5,14.58,1,6,0,1,0,0,0,0,0,0,1,0
Timothy Stokes,Louisiana College,2018-19,20.0,0,0,0,0,3,4,1,5,0,0,2,1,18.13,3,3,1,1,0,0,1,0,0,1,1,1
Tiyon Martin,Simpson University,2018-19,20.0,0,3,0,3,0,0,2,0,0,0,1,4,16.87,1,4,0,1,2,3,2,0,0,0,0,2
Tj Distefano,Schreiner,2018-19,20.0,3,4,1,1,0,0,0,0,0,0,1,0,14.78,0,0,0,0,0,0,0,0,0,0,0,0
Tj Hunter,Aquinas College,2018-19,20.0,2,4,1,2,0,0,0,1,0,0,1,1,14.97,1,3,0,1,0,0,0,0,0,0,0,0
Tobi Ewuosho,Alabama State,2018-19,20.0,25,65,1,13,30,44,11,12,5,14,30,22,14.63,28,62,4,12,24,36,4,13,5,16,34,16
Tobias Cameron,Abilene Christian,2018-19,0.0,2,5,2,4,0,0,3,0,0,3,1,2,14.77,2,6,1,5,0,0,2,0,0,2,5,4
Tobias Howard,Towson,2018-19,20.0,42,126,24,71,4,5,29,7,2,2,18,28,14.75,59,140,29,73,26,32,34,12,0,7,23,29
Tobias Sjoberg,Marist,2018-19,20.0,15,32,0,0,6,12,19,4,2,27,25,13,20.0,13,24,0,0,10,12,7,6,6,13,21,11
Tobias Welling,,2018-19,0.0,0,0,0,0,0,0,0,1,0,0,0,1,0.0,0,0,0,0,0,0,0,0,0,0,0,0
Tobin Karlberg,Alaska Anchorage,2018-19,20.0,1,6,0,3,0,1,0,1,0,1,0,1,14.77,0,1,0,1,0,0,0,0,0,0,0,0
Toby Marek,North Park,2018-19,20.0,1,3,0,1,1,2,1,0,0,1,2,1,14.8,1,3,0,0,1,3,0,0,0,0,0,0
Toby Van Ry,UTSA,2018-19,0.0,0,0,0,0,0,0,0,0,0,0,0,2,17.5,1,3,0,2,1,1,0,0,0,0,2,1
Toby Vanliew,IU-Kokomo,2018-19,0.0,0,0,0,0,0,0,0,0,0,0,0,0,14.92,0,1,0,0,0,0,0,0,0,0,2,0
Todd Dawkins,SE Oklahoma State,2018-19,15.83,2,5,1,3,0,0,0,0,0,1,2,4,20.0,2,5,1,4,0,0,1,1,0,1,2,0
Toledo,,2018-19,0.0,0,0,0,0,0,0,0,0,0,33,36,3,0.0,0,0,0,0,0,0,0,0,0,27,25,7
Tolu Babalola,Wesley,2018-19,20.0,0,0,0,0,0,0,1,0,0,0,0,0,14.75,0,1,0,0,1,1,0,0,0,0,0,1
Tolu Smith,Western Kentucky,2018-19,20.0,21,31,0,0,12,21,4,1,3,9,29,24,17.88,19,37,0,0,13,22,3,2,8,17,26,9
Tom Brown,Le Moyne,2018-19,20.0,0,1,0,1,0,0,4,2,0,0,4,1,14.63,1,3,0,1,0,0,0,0,0,2,0,0
Tom Higgins,Texas A&M-International,2018-19,0.0,0,0,0,0,0,0,0,0,0,0,1,0,14.97,0,1,0,1,0,2,0,0,0,0,0,0
Tom Johnson,Central State (OH),2018-19,20.0,0,1,0,0,2,2,3,1,0,0,2,3,14.97,0,0,0,0,0,0,1,0,0,0,1,4
Tom Pupavac,Winthrop,2018-19,0.0,0,1,0,1,0,0,0,0,2,0,2,1,14.9,0,1,0,1,0,0,1,0,0,0,0,0
Tomas Murphy,Northeastern,2018-19,20.0,42,83,7,16,13,16,14,6,2,19,33,20,20.0,46,83,3,9,22,32,11,5,2,15,32,16
Tomas Verbinskis,Richmond,2018-19,0.0,0,0,0,0,0,0,0,0,0,0,0,0,14.98,0,2,0,1,0,0,0,0,0,0,1,0
Tommie Luke,Webber International,2018-19,20.0,2,4,0,0,0,1,1,0,0,0,3,2,15.82,3,9,0,2,3,6,1,0,0,1,2,2
Tommy Burton,Coastal Carolina,2018-19,20.0,41,75,0,2,42,64,12,11,8,36,42,29,20.0,36,89,0,4,35,49,8,16,8,29,30,20
Tommy Funk,Army,2018-19,20.0,63,143,22,54,14,20,94,17,2,3,68,45,20.0,75,173,23,69,67,85,87,9,3,4,49,43
Tommy Kelly,Hartwick,2018-19,20.0,1,3,1,1,0,0,2,0,0,1,1,3,17.88,4,4,3,3,0,0,0,1,0,0,1,2
Tommy Kuhse,Saint Mary's,2018-19,20.0,37,88,11,32,20,24,46,11,5,3,40,25,17.1,32,71,6,18,15,18,39,12,1,1,37,25
Tommy McCarthy,Harvard,2018-19,20.0,0,2,0,2,0,0,0,0,0,0,0,2,20.0,0,0,0,0,0,0,0,0,0,0,0,0
Tommy Miles-Williams,Eastern Oregon,2018-19,20.0,0,1,0,1,0,0,0,0,1,0,1,0,14.97,0,0,0,0,0,0,0,1,0,0,0,2
Tommy Pisula,Mount Aloysius,2018-19,20.0,1,2,0,0,0,0,0,1,0,1,0,1,14.92,1,2,0,0,0,0,1,0,0,1,0,1
Tommy Rutherford,UC Irvine,2018-19,20.0,24,52,0,4,13,21,9,3,11,23,49,27,20.0,38,67,3,6,20,29,12,2,12,30,38,18
Tommy Schmock,Findlay,2018-19,20.0,1,5,1,4,0,0,1,0,0,0,2,1,14.83,0,0,0,0,0,0,2,0,0,0,1,2
Tony Clardy,Johnson & Wales (CO),2018-19,20.0,0,1,0,1,0,0,0,0,0,0,0,0,14.58,0,0,0,0,0,0,0,0,0,0,0,0
Tony Collins,Wilberforce,2018-19,20.0,2,3,0,1,0,0,1,0,0,0,4,3,14.68,3,6,2,3,0,0,1,0,0,0,0,0
Tony Harding,Misericordia,2018-19,20.0,0,2,0,2,2,2,1,1,0,0,3,1,14.78,0,1,0,0,0,0,0,0,0,0,0,0
Tony Kumonovic,,2018-19,0.47,0,1,0,1,0,0,1,0,0,0,0,1,0.0,0,1,0,0,0,0,0,0,0,0,0,1
Tony Lewis,Texas A&M-CC,2018-19,18.08,15,44,0,4,4,9,5,2,4,10,15,14,20.0,11,30,1,3,6,10,7,3,5,12,20,15
Tony McAroy,Miles,2018-19,20.0,2,3,0,1,0,0,0,0,0,0,3,2,14.97,0,2,0,1,0,0,0,0,0,0,2,0
Tony Mcaroy,,2018-19,0.0,0,0,0,0,0,0,0,0,0,0,0,1,0.0,0,0,0,0,0,0,0,0,0,0,0,0
Tony Toplyn Jr.,Chestnut Hill College,2018-19,20.0,0,2,0,0,0,0,0,0,0,0,0,1,19.07,1,3,0,0,1,2,0,0,3,0,3,0
Tony-Toni Wright,Mobile,2018-19,20.0,10,22,0,0,1,2,4,2,0,2,9,4,19.62,4,11,0,0,1,4,4,2,0,1,3,0
Tonzell Handy,Tougaloo,2018-19,20.0,3,10,0,0,2,2,2,1,0,3,4,2,15.1,3,7,0,0,2,3,1,0,0,1,0,1
Tookie Brown,Georgia Southern,2018-19,20.0,85,170,17,61,34,47,70,27,2,8,61,34,14.95,97,192,19,48,76,97,71,16,2,14,40,38
Tope Arikawe,North Texas,2018-19,20.0,4,22,0,2,5,12,2,5,5,8,12,2,14.73,12,23,0,0,4,7,0,0,4,6,7,2
Torey James,Ohio,2018-19,0.0,0,1,0,1,0,0,0,0,0,0,0,1,14.93,1,5,1,5,0,0,0,1,0,0,0,1
Torian Moore,Wilberforce,2018-19,20.0,0,3,0,1,0,0,0,1,0,0,0,1,14.68,1,3,1,2,0,0,0,0,0,0,0,0
Torico Simmons,Mississippi Valley State,2018-19,20.0,11,28,5,10,6,6,15,3,0,4,10,11,14.8,15,32,5,14,0,3,12,1,0,3,5,9
Torin Dorn,NC State,2018-19,20.0,105,224,8,33,25,46,26,22,4,35,93,26,14.8,92,191,14,41,31,52,19,13,5,40,82,25
Torrence Thomas,East-West University,2018-19,20.0,1,6,0,3,0,0,2,0,0,0,1,1,14.8,0,2,0,1,0,0,0,0,0,0,2,0
Torrence Watson,Missouri,2018-19,20.0,35,102,27,74,13,18,6,4,1,6,17,13,17.98,34,81,23,62,12,19,10,1,1,2,22,13
Torrin Stephens,Frostburg State,2018-19,15.0,0,2,0,0,1,2,0,0,0,2,3,0,20.0,0,1,0,0,1,2,1,0,0,3,3,2
Torry Johnson,Wake Forest,2018-19,20.0,16,46,7,19,11,15,15,3,0,2,17,26,19.6,20,52,4,15,32,38,15,8,0,1,18,12
Tory Stewart-Miller,Denver,2018-19,20.0,14,28,1,3,14,14,1,2,3,9,21,13,14.83,19,32,2,4,10,10,6,3,4,9,27,7
Tougaloo,,2018-19,0.0,0,0,0,0,0,0,0,0,0,1,2,0,0.0,0,0,0,0,0,0,0,0,0,0,1,0
Toure Fudge,Hiwassee College,2018-19,20.0,4,14,3,9,0,0,2,1,0,2,1,4,14.97,5,16,1,10,0,0,2,2,0,1,1,1
Towson,,2018-19,0.0,0,0,0,0,0,0,0,0,0,21,24,7,0.0,0,0,0,0,0,0,0,0,0,20,18,4
Tra Mallard,Arlington Baptist,2018-19,20.0,0,3,0,1,2,2,0,2,0,0,1,2,14.77,0,2,0,1,0,0,0,0,0,0,0,2
Tra'Quan Knight,Detroit Mercy,2018-19,20.0,4,16,0,4,2,6,3,2,1,6,9,1,17.9,6,10,0,0,8,18,3,3,0,2,5,5
Tra'Von Fagan,Buffalo,2018-19,15.1,4,6,0,1,0,0,2,2,2,4,4,0,20.0,0,2,0,1,0,0,0,1,0,1,0,1
Trace Crawford,Hendrix College,2018-19,20.0,1,2,1,2,0,0,2,0,0,0,0,0,14.87,1,1,1,1,0,0,0,0,0,0,0,1
Trace Young,Wyoming,2018-19,20.0,22,68,15,46,0,5,13,5,2,4,30,21,20.0,26,54,11,24,6,7,3,9,5,3,28,20
Traci Carter,La Salle,2018-19,20.0,27,90,10,38,8,10,41,27,2,3,27,33,20.0,41,105,14,45,15,18,56,25,1,8,31,22
Tracy Hector Jr,Florida A&M,2018-19,20.0,0,0,0,0,0,0,18,0,0,0,0,0,19.17,0,0,0,0,0,0,20,0,0,0,0,0
Tracy Hector Jr.,,2018-19,2.78,19,46,2,4,12,21,0,9,2,8,20,15,0.0,7,24,0,1,11,22,0,8,0,5,12,11
Tracy McGee,Wilberforce,2018-19,20.0,0,1,0,1,0,0,0,0,0,1,0,0,14.85,0,0,0,0,0,0,0,0,0,0,0,1
Tracy Mcgee,Wilberforce,2018-19,20.0,0,3,0,1,0,0,0,0,0,0,1,1,14.85,0,2,0,2,0,0,1,1,0,0,0,0
Trae Berhow,Northern Iowa,2018-19,20.0,36,95,23,58,13,16,6,3,1,19,81,15,20.0,35,74,18,42,15,20,8,7,2,12,60,12
Tragen Fahl,,2018-19,0.0,0,0,0,0,0,0,0,0,1,0,0,0,0.0,0,0,0,0,0,0,0,0,0,0,0,0
Trai James,Mississippi College,2018-19,20.0,1,2,0,1,0,0,0,0,0,0,2,0,14.97,0,2,0,0,0,0,2,0,0,0,0,2
Trajan Deckard,IU-Kokomo,2018-19,20.0,1,2,0,1,0,0,1,0,0,0,0,0,14.92,0,3,0,2,0,0,0,0,0,0,1,0
Trajan Fielder,Southeastern Baptist College,2018-19,20.0,2,5,2,4,0,0,1,0,0,0,1,2,14.82,0,2,0,2,0,0,0,0,0,0,1,1
Trajan Wesley,Louisiana,2018-19,20.0,10,31,1,8,23,26,17,9,2,2,9,16,15.63,12,31,2,9,27,31,18,9,0,0,7,9
Tramaine Isabell Jr,Saint Louis,2018-19,0.0,0,0,0,0,0,0,34,0,0,0,0,0,20.0,0,0,0,0,0,0,55,0,0,0,0,0
Tramaine Isabell Jr.,,2018-19,5.58,70,171,20,65,21,30,10,15,1,14,49,56,0.0,83,198,34,89,59,82,22,21,2,23,50,41
Tramill Lattimer,,2018-19,0.0,0,0,0,0,0,0,0,0,0,0,0,1,0.0,0,0,0,0,0,0,0,0,0,0,0,0
Tranard Chester,Cumberland (TN),2018-19,20.0,1,2,1,1,0,0,0,0,0,0,1,0,15.03,1,2,1,2,0,0,1,0,0,0,1,0
Travell Washington,UIC,2018-19,20.0,7,22,4,13,4,10,4,1,3,6,15,7,18.38,4,14,4,14,1,4,0,1,0,1,4,5
Travious Grubbs,Wiley,2018-19,20.0,1,1,1,1,0,0,2,0,0,0,3,1,20.0,0,1,0,1,0,0,3,1,0,0,2,1
Travis Adams,Alaska Anchorage,2018-19,20.0,0,0,0,0,0,0,2,0,0,0,1,0,14.77,2,2,0,0,0,0,2,0,0,1,0,0
Travis Anderson,Charleston Southern,2018-19,20.0,0,1,0,0,0,0,2,0,0,0,0,1,14.9,1,4,0,2,3,5,1,1,0,0,0,1
Travis Atson,Quinnipiac,2018-19,20.0,23,82,10,43,14,19,13,8,2,13,39,22,14.85,26,63,11,32,11,14,10,8,1,9,32,16
Travis Bush,Life Pacific,2018-19,20.0,0,1,0,1,0,0,1,0,0,0,2,0,15.03,0,0,0,0,0,1,0,0,0,0,1,0
Travis Clower,East Mennonite,2018-19,20.0,1,3,0,1,0,0,1,1,0,1,1,3,14.88,2,3,1,2,0,0,0,1,0,0,1,1
Travis Elmore,Bloomsburg University,2018-19,20.0,1,4,0,1,0,0,2,0,0,1,0,0,14.88,3,4,1,2,0,0,0,0,0,0,1,1
Travis Fields Jr,Radford,2018-19,20.0,0,0,0,0,0,0,50,0,0,0,0,0,18.38,0,0,0,0,0,0,37,0,0,0,0,0
Travis Fields Jr.,Radford,2018-19,20.0,47,132,19,64,13,19,3,26,2,5,19,23,18.38,65,141,34,70,17,27,1,21,1,7,29,26
Travis Fuller,Brown,2018-19,0.0,2,2,0,0,1,2,3,0,0,1,3,7,14.73,3,3,0,0,1,5,2,0,1,0,10,3
Travis James,Medgar Evers,2018-19,20.0,1,3,0,0,0,0,0,0,1,1,0,1,14.93,0,0,0,0,0,0,0,0,0,1,2,1
Travis Lien,Franciscan University,2018-19,20.0,1,1,1,1,0,0,0,0,0,0,0,0,15.0,2,4,1,3,0,0,1,0,0,0,0,0
Travis McConico,Charleston Southern,2018-19,20.0,47,125,19,57,13,19,49,19,9,31,72,27,14.87,51,108,22,56,16,28,27,22,12,27,54,19
Travis Munnings,UL Monroe,2018-19,20.0,83,188,33,90,33,45,36,14,1,41,84,50,14.92,87,181,36,84,47,65,42,9,4,25,86,34
Travis Schultz,Louisiana College,2018-19,20.0,0,3,0,3,0,0,0,1,1,0,0,0,18.13,0,0,0,0,0,0,0,0,0,0,2,0
Travis Thompson,LaGrange College,2018-19,20.0,1,4,0,2,0,0,1,1,1,0,2,1,14.93,3,4,0,0,1,2,0,0,0,4,0,4
Travis Weatherington,Hartford,2018-19,20.0,44,99,30,68,8,13,13,14,3,13,57,23,20.0,62,123,40,93,25,27,25,15,1,8,56,13
Travis Weaver,Kentucky Christian,2018-19,20.0,2,4,2,4,0,0,0,0,0,0,4,0,14.95,0,2,0,1,0,0,0,0,0,0,0,1
Travon Bell,Chicago State,2018-19,20.0,43,104,31,75,6,9,11,11,4,8,29,14,14.97,37,90,24,69,9,15,14,9,0,3,39,12
Travon Bunch,Grambling,2018-19,20.0,12,22,0,0,7,10,2,1,9,4,20,15,20.0,11,22,0,0,5,18,3,1,8,6,16,13
Travon Hamilton,Dickinson State,2018-19,20.0,2,4,0,0,0,0,0,0,0,0,2,0,14.73,3,6,0,1,3,3,2,1,0,0,1,2
Tray Boyd III,East Tennessee State,2018-19,20.0,62,167,31,100,6,8,27,12,3,5,27,26,20.0,71,148,41,94,6,13,29,11,8,1,20,29
Tray Hollowell,Wofford,2018-19,20.0,30,75,21,50,0,1,12,5,0,3,17,11,18.38,22,45,15,28,1,2,10,6,0,5,22,12
Tray Maddox Jr,Oakland,2018-19,20.0,0,0,0,0,0,0,26,0,0,0,0,0,14.88,0,0,0,0,0,0,18,0,0,0,0,0
Tray Maddox Jr.,Oakland,2018-19,15.0,29,75,11,31,18,24,1,4,1,5,29,16,20.0,37,86,12,29,17,24,0,15,2,8,28,16
Tray Wright,Washington College (MD),2018-19,20.0,3,4,1,1,0,0,1,0,0,0,3,3,14.93,2,3,1,1,1,2,1,0,0,0,0,0
Traylin Prejean,Wiley,2018-19,20.0,2,3,0,1,0,0,4,0,0,1,0,2,20.0,0,2,0,0,0,0,0,0,0,1,1,2
Trayvon Reed,Texas Southern,2018-19,19.98,27,52,3,7,10,18,6,5,11,14,48,15,20.0,45,62,1,1,17,24,6,0,12,13,48,14
Tre Campbell,South Carolina,2018-19,20.0,42,125,28,69,13,18,45,18,1,5,21,18,19.2,31,92,22,61,15,16,38,11,1,5,22,20
Tre Clark,Furman,2018-19,0.0,14,34,5,14,5,10,12,15,4,10,25,19,14.93,28,50,4,13,4,13,16,12,6,10,19,17
Tre Fillmore,Wayland Baptist University,2018-19,20.0,1,1,0,0,2,2,0,0,0,0,1,0,17.97,4,10,3,5,0,0,0,1,0,0,0,0
Tre Gomez,Kean,2018-19,20.0,1,2,1,2,0,0,0,0,0,0,0,1,14.83,0,0,0,0,0,0,0,0,0,0,0,0
Tre Gray,Texas A&M-CC,2018-19,15.0,17,44,7,24,6,7,10,5,0,0,4,13,20.0,21,49,12,28,14,17,7,5,0,3,6,18
Tre Jenkins,Mississippi College,2018-19,20.0,6,19,4,11,2,2,0,0,0,2,1,1,14.97,0,6,0,5,0,0,3,0,0,0,2,1
Tre Jones,Duke,2018-19,20.0,63,168,13,54,6,13,103,41,1,9,61,29,14.78,61,139,12,47,37,44,83,25,5,21,41,22
Tre King,Eastern Kentucky,2018-19,0.0,24,62,1,7,18,25,9,8,9,21,36,17,14.8,31,61,3,8,22,29,11,13,5,24,37,14
Tre McLean,William Peace,2018-19,20.0,1,1,0,0,0,0,0,0,0,0,3,0,16.58,3,5,1,1,1,1,3,0,0,0,0,2
Tre Scott,Cincinnati,2018-19,20.0,63,132,7,23,28,42,22,18,13,40,70,14,20.0,40,86,5,13,29,43,21,8,5,30,62,17
Tre Tiller,East Tennessee State,2018-19,20.0,1,1,0,0,0,0,0,0,0,1,0,1,20.0,0,0,0,0,0,0,2,1,0,0,1,0
Tre Todd,Alabama A&M,2018-19,20.0,20,53,15,36,12,20,7,3,0,6,10,19,17.73,23,51,12,30,20,27,11,9,1,0,9,18
Tre Wood,UMass,2018-19,20.0,7,37,1,7,7,12,28,10,0,3,5,22,20.0,16,33,3,4,3,7,22,4,1,3,7,18
Tre'Larenz Nottingham,Texas State,2018-19,20.0,61,154,38,104,25,35,29,18,1,4,47,27,14.77,61,181,36,125,55,73,18,14,2,8,44,37
Tre'Shawn Thurman,Nevada,2018-19,20.0,48,93,12,36,22,26,25,14,13,25,64,16,17.82,48,96,5,27,30,40,25,23,14,25,62,11
Tre'Von Jasmine,Loyola New Orleans,2018-19,20.0,3,5,2,2,0,0,2,0,0,0,1,2,20.0,0,1,0,0,1,2,1,0,0,0,0,2
Treavon Martin,SIU-Edwardsville,2018-19,20.0,20,36,0,0,5,10,6,5,8,8,25,9,18.7,13,21,0,0,8,13,6,2,2,5,20,12
Trejon Jacob,Florida International,2018-19,20.0,58,119,26,65,5,14,9,18,6,9,40,23,15.82,59,118,26,70,14,25,6,18,2,8,45,13
Tremell Murphy,Drake,2018-19,20.0,67,142,10,24,17,34,29,15,8,31,74,36,14.58,60,111,5,14,42,65,22,7,6,28,68,31
Tremont Waters,LSU,2018-19,20.0,84,173,32,80,23,32,87,47,1,2,35,53,14.93,72,177,15,66,60,71,68,38,3,7,34,48
Trendon Hankerson,Northern Illinois,2018-19,20.0,8,27,3,14,0,0,9,5,7,4,20,7,17.95,6,19,2,11,3,4,9,4,1,1,17,12
Trent Buttrick,Penn State,2018-19,20.0,5,17,3,13,2,4,1,2,5,8,11,2,17.72,8,17,5,12,3,3,2,2,2,0,6,2
Trent Callan,Willamette,2018-19,20.0,0,1,0,1,0,0,2,0,0,0,1,3,14.9,1,1,0,0,0,0,2,1,0,0,2,2
Trent Forrest,Florida State,2018-19,20.0,45,105,4,11,31,36,63,26,4,11,62,31,14.97,56,120,3,18,64,87,64,35,5,15,59,33
Trent Frazier,Illinois,2018-19,20.0,77,174,45,102,10,15,46,24,1,6,34,29,14.98,68,180,34,91,48,62,41,22,0,4,28,32
Trent Harris,Northern Colorado,2018-19,20.0,50,119,38,96,4,7,9,11,2,6,23,13,14.93,44,105,32,86,7,11,6,14,0,5,20,14
Trent Mcerlane,Mount Aloysius,2018-19,20.0,0,1,0,1,0,0,1,0,0,0,0,1,14.92,0,0,0,0,0,0,0,0,0,0,0,0
Trent Slade,Chillicothe,2018-19,20.0,2,8,0,2,0,0,1,0,1,1,2,1,14.68,1,4,0,2,3,3,0,0,2,0,2,1
Trent Watson,Central Pennsylvania College,2018-19,0.0,1,1,1,1,0,0,0,1,0,0,1,2,15.48,1,1,1,1,0,0,0,0,0,0,1,1
Trenton Garrett,Southwestern,2018-19,20.0,1,2,0,0,0,0,0,2,1,1,0,0,14.68,0,0,0,0,0,0,0,0,0,0,0,0
Trenton Short,Mobile,2018-19,20.0,3,5,3,5,0,0,0,0,0,1,1,1,19.62,2,5,1,4,2,2,1,0,0,0,0,3
Trequan Spivey,IU-Kokomo,2018-19,20.0,1,5,1,2,0,0,3,1,0,0,0,0,14.92,0,1,0,1,0,0,0,1,0,0,0,0
Tres Tinkle,Oregon State,2018-19,20.0,104,216,26,77,41,55,52,21,4,23,78,45,17.18,90,178,21,68,87,110,46,27,9,29,88,37
Treshawn Gause,William Woods,2018-19,20.0,1,3,0,0,0,0,1,1,0,1,3,3,14.95,0,2,0,0,2,4,1,0,0,0,2,0
Trevante Anderson,San Francisco,2018-19,20.0,0,2,0,1,0,0,0,0,0,0,0,0,14.78,0,0,0,0,0,0,0,0,0,0,0,1
Trevecca Nazarene,,2018-19,0.0,0,0,0,0,0,0,0,0,0,1,1,0,0.0,0,0,0,0,0,0,0,0,0,1,3,0
Trevelin Queen,New Mexico State,2018-19,20.0,36,81,15,42,7,12,19,13,11,13,21,8,20.0,31,64,11,34,9,13,22,10,7,16,14,8
Trevian Bell,Green Bay,2018-19,20.0,29,74,9,31,14,17,11,9,10,12,34,20,14.93,48,85,16,38,16,21,12,8,2,19,26,14
Trevin Ramirez,McMurry,2018-19,20.0,1,3,0,1,0,0,1,1,0,0,0,3,14.85,0,4,0,1,0,0,1,0,0,0,0,0
Trevion Brown,,2018-19,19.3,17,41,8,20,9,9,16,3,0,2,8,14,0.0,20,44,13,25,16,21,20,4,1,4,10,18
Trevion Williams,Purdue,2018-19,0.0,35,59,0,1,7,12,4,3,6,27,23,7,14.75,26,53,0,0,6,15,11,8,6,25,39,9
Trevon Allen,Idaho,2018-19,20.0,89,205,31,76,19,26,44,8,1,2,64,35,20.0,68,164,10,52,33,45,45,10,2,9,52,26
Trevon Faulkner,Northern Kentucky,2018-19,20.0,23,41,3,7,11,17,18,8,6,15,24,13,15.08,42,65,5,16,8,16,19,7,6,24,23,17
Trevon Gross Jr,Monmouth,2018-19,0.0,0,0,0,0,0,0,1,0,0,0,0,0,17.93,0,0,0,0,0,0,1,0,0,0,0,0
Trevon Gross Jr.,Monmouth,2018-19,20.0,2,5,1,4,0,0,0,1,0,0,2,1,18.88,0,2,0,0,0,0,0,0,0,1,2,0
Trevon Reed,Champion Christian College,2018-19,20.0,3,7,3,6,2,2,4,2,0,3,5,3,14.75,1,4,1,4,0,0,5,1,0,1,0,2
Trevon Ryans,,2018-19,3.03,2,4,0,1,0,2,2,2,0,0,1,1,0.0,1,3,1,2,0,0,1,0,0,0,0,2
Trevon Taylor,Wyoming,2018-19,20.0,33,76,10,30,31,43,11,8,6,6,39,27,17.18,27,58,7,23,21,27,11,7,5,12,36,21
Trevond Barnes,Hampton,2018-19,20.0,46,91,10,24,33,38,9,3,22,23,72,21,19.05,51,92,7,26,28,37,14,5,30,31,66,12
Trevonn Pitts,Chestnut Hill College,2018-19,20.0,0,0,0,0,0,0,1,0,0,0,0,0,19.07,0,0,0,0,0,0,0,1,0,0,0,0
Trevonta Robertson,Wayland Baptist University,2018-19,20.0,3,7,1,3,0,0,0,0,1,0,0,2,17.97,0,2,0,1,0,0,1,0,0,0,0,0
Trevor Anderson,Wisconsin,2018-19,20.0,2,5,0,0,0,0,2,0,0,1,6,1,20.0,2,3,1,1,0,0,0,0,0,0,1,0
Trevor Andresen,,2018-19,7.85,2,4,2,4,0,0,0,0,0,0,1,0,0.0,2,3,2,3,0,0,0,0,0,0,1,0
Trevor Banks,Arkansas-Pine Bluff,2018-19,0.0,9,18,0,0,6,10,1,1,1,7,3,3,16.88,5,12,0,0,4,6,0,2,0,4,11,3
Trevor Blackmon,Southern,2018-19,20.0,0,2,0,1,1,3,2,1,0,0,0,3,15.05,0,1,0,1,0,0,0,0,0,0,0,1
Trevor English,Davis & Elkins,2018-19,20.0,5,10,0,0,1,2,1,0,0,0,3,0,14.87,5,7,0,0,0,1,0,0,0,2,2,2
Trevor Hensley,Milligan,2018-19,0.0,0,0,0,0,0,0,0,0,0,1,0,0,14.83,0,3,0,2,0,0,0,2,0,0,2,1
Trevor John,Drexel,2018-19,20.0,47,128,37,108,3,4,15,10,0,9,23,10,20.0,57,129,49,112,27,28,10,11,1,5,36,7
Trevor Johnson,IUPUI,2018-19,0.0,0,0,0,0,0,0,0,0,0,0,0,0,14.92,0,2,0,1,0,0,1,0,0,0,3,1
Trevor McLean,Emerson College,2018-19,20.0,0,3,0,0,0,0,1,1,0,0,0,0,14.78,0,3,0,0,0,0,1,0,0,1,2,1
Trevor Moore,Cincinnati,2018-19,20.0,13,42,11,36,0,2,10,7,0,4,11,5,20.0,9,31,4,23,7,7,4,5,1,5,12,4
Trevor Stanback,Stanford,2018-19,20.0,0,1,0,0,2,4,0,0,0,2,2,1,17.27,2,3,0,0,1,1,1,0,3,3,2,1
Trevor Stumpe,Wofford,2018-19,20.0,1,10,1,7,2,4,2,0,1,1,2,0,20.0,5,10,1,4,0,0,4,2,1,2,3,4
Trevor Thompson,,2018-19,0.0,0,0,0,0,0,0,0,0,0,0,0,0,0.0,0,0,0,0,0,0,0,0,0,0,0,1
Trey Ames,Louisiana College,2018-19,20.0,2,3,0,0,0,3,0,1,0,2,1,1,18.13,0,1,0,0,2,2,0,0,0,1,0,1
Trey Barstow,Centenary,2018-19,20.0,0,2,0,1,0,0,0,1,0,0,0,0,14.95,0,1,0,0,0,0,0,1,0,0,0,0
Trey Brown,Warren Wilson,2018-19,20.0,2,5,0,0,0,0,2,0,0,1,3,3,14.93,2,4,0,0,2,4,1,1,0,0,1,1
Trey Bryant,William Peace,2018-19,20.0,3,8,2,3,5,7,1,0,0,3,4,0,16.58,1,1,0,0,0,0,0,0,0,0,0,0
Trey Burch-Manning,South Dakota,2018-19,20.0,55,127,21,44,17,31,15,15,3,12,58,18,15.25,49,106,15,39,20,32,20,13,4,22,60,23
Trey Carver,Hampton,2018-19,0.0,9,32,2,6,8,17,8,3,1,15,19,2,20.0,11,29,1,2,3,4,4,2,1,10,13,2
Trey Cook,Southeastern Baptist College,2018-19,0.0,0,0,0,0,0,0,0,0,0,0,0,0,14.82,3,5,2,3,0,0,1,0,0,0,0,0
Trey Dawkins,Georgia Southern,2018-19,20.0,3,10,0,3,2,3,0,2,1,3,2,3,14.95,2,3,0,1,7,8,1,1,3,4,4,0
Trey Doomes,West Virginia,2018-19,20.0,0,0,0,0,3,4,2,0,0,0,2,3,20.0,3,9,0,0,4,7,0,2,0,1,3,0
Trey Drechsel,Grand Canyon,2018-19,20.0,42,107,10,39,16,24,37,12,2,13,81,27,20.0,49,102,16,40,20,30,31,13,4,9,66,22
Trey Edwards,Montana-Western,2018-19,20.0,0,2,0,2,0,0,3,0,0,1,3,1,20.0,2,4,2,3,0,0,0,0,0,0,1,0
Trey Ford,Appalachian State,2018-19,0.0,0,0,0,0,0,0,0,0,0,0,0,0,14.93,0,0,0,0,0,0,1,0,0,0,0,0
Trey Heinrich,Avila,2018-19,20.0,0,0,0,0,0,0,2,0,0,0,1,0,14.95,1,3,0,0,0,0,3,0,0,0,0,0
Trey Hopkins,Seattle,2018-19,20.0,8,19,0,8,0,0,2,0,0,6,4,3,20.0,4,10,2,5,2,3,1,1,0,3,5,3
Trey Jemison,Clemson,2018-19,20.0,0,3,0,0,0,0,1,2,3,0,5,2,20.0,0,1,0,0,2,2,0,0,0,0,2,1
Trey Johnson,McNeese,2018-19,0.0,5,15,2,7,0,0,6,4,0,1,2,2,19.62,3,12,1,9,5,6,1,2,1,2,3,3
Trey Kalina,UNC Wilmington,2018-19,20.0,0,2,0,0,0,0,0,0,0,0,0,0,20.0,0,0,0,0,0,0,0,0,0,0,0,0
Trey LaForge,Loyola New Orleans,2018-19,20.0,0,0,0,0,0,0,1,0,0,0,0,0,20.0,0,0,0,0,0,0,0,1,1,0,1,0
Trey Landers,Dayton,2018-19,20.0,44,96,1,15,12,19,31,9,5,19,68,24,20.0,44,89,5,21,30,41,22,8,4,29,73,22
Trey Lenox,Abilene Christian,2018-19,0.0,12,32,9,21,2,2,15,14,1,2,8,11,14.77,10,25,6,13,0,0,7,5,0,4,22,8
Trey Livingston,Huntingdon,2018-19,20.0,1,1,1,1,0,0,0,0,0,0,1,1,14.95,0,0,0,0,4,4,0,1,0,2,1,0
Trey McGowens,Pittsburgh,2018-19,20.0,51,132,15,55,59,77,26,25,2,9,41,35,15.87,50,118,13,37,54,68,26,33,1,10,36,43
Trey Moses,Ball State,2018-19,20.0,46,96,0,2,21,42,35,15,10,33,83,49,18.95,40,80,0,0,47,71,45,11,21,24,67,34
Trey Mourning,Georgetown,2018-19,20.0,28,71,0,12,18,27,9,5,5,16,34,15,17.87,32,67,5,17,21,36,9,3,3,16,29,18
Trey Murphy III,Rice,2018-19,20.0,39,91,30,71,19,26,14,6,6,7,25,10,17.73,32,78,24,65,13,18,6,8,10,5,31,9
Trey Petty,,2018-19,0.0,0,0,0,0,0,0,0,0,0,0,0,0,0.0,0,0,0,0,0,0,0,0,0,0,1,0
Trey Phills,Yale,2018-19,19.4,37,77,10,24,18,22,29,10,6,5,36,22,20.0,30,60,5,16,23,38,12,9,7,5,37,13
Trey Porter,Nevada,2018-19,20.0,35,71,1,4,24,37,13,4,17,24,65,20,17.82,46,63,0,2,39,62,2,4,8,23,40,12
Trey Rouse,Hendrix College,2018-19,20.0,0,2,0,1,0,0,1,0,0,0,1,2,14.87,1,4,0,2,0,0,1,0,0,0,0,1
Trey Smith,San José St,2018-19,0.0,5,16,3,11,1,2,7,1,0,1,6,2,15.37,6,10,5,7,1,4,1,1,0,1,2,1
Trey Spencer,Campbell,2018-19,15.0,13,63,8,42,3,4,13,13,1,7,15,13,20.0,18,54,11,38,2,4,16,6,0,6,12,6
Trey Teal,Texas-Tyler,2018-19,20.0,0,1,0,1,0,0,0,0,0,0,0,0,18.0,0,1,0,0,0,0,0,0,0,0,0,0
Trey Touchet,McNeese,2018-19,0.0,22,64,8,35,2,2,49,12,2,2,39,16,17.1,22,60,11,31,12,15,29,11,0,3,23,9
Trey Wertz,Santa Clara,2018-19,20.0,54,137,22,60,21,24,70,12,3,4,37,58,20.0,64,129,13,46,34,51,64,15,0,6,33,51
Trey Woodbury,UNLV,2018-19,20.0,8,20,6,14,0,2,2,5,1,0,7,6,17.88,2,12,0,5,0,1,2,4,0,0,4,2
Trey Woolridge,Hardin-Simmons,2018-19,0.0,0,0,0,0,0,0,0,0,0,0,0,0,14.77,1,2,0,0,0,0,0,0,0,0,0,0
Treylan Matthews,Centenary,2018-19,20.0,1,1,1,1,0,0,2,0,0,0,0,0,14.95,3,7,1,2,0,0,1,1,0,1,3,0
Treyvon Deloach,Brewton-Parker,2018-19,20.0,6,12,0,0,3,3,0,2,2,4,12,5,17.65,1,6,0,1,1,4,1,0,0,2,2,3
Trhae Mitchell,South Alabama,2018-19,20.0,78,170,19,40,27,39,56,17,32,20,91,42,14.95,86,164,12,31,34,61,56,19,35,20,107,36
Trinity (IL),,2018-19,0.0,0,0,0,0,0,0,0,0,0,1,0,0,0.0,0,0,0,0,0,0,0,0,0,0,1,0
Trinity Baptist,,2018-19,0.0,0,0,0,0,0,0,0,0,0,3,3,3,0.0,0,0,0,0,0,0,0,0,0,2,3,0
Trip Day,North Florida,2018-19,20.0,24,56,2,13,5,6,8,7,2,8,16,22,20.0,13,32,0,11,17,24,8,7,7,8,21,12
Tripp Davis,Tennessee State,2018-19,20.0,37,73,16,43,9,12,12,18,2,4,33,11,20.0,21,51,10,29,25,34,18,12,0,2,27,12
Tristan Angelo,San Diego Christian,2018-19,20.0,1,5,1,1,3,3,1,1,0,0,2,2,14.9,1,5,0,0,2,3,1,0,0,1,1,0
Tristan Clark,Baylor,2018-19,19.98,40,57,1,2,17,24,9,4,20,15,25,13,20.0,39,50,0,1,16,27,11,10,14,13,28,7
Tristan Martin,Hardin-Simmons,2018-19,0.0,0,0,0,0,0,0,0,0,0,0,0,0,14.77,0,0,0,0,0,0,1,0,0,0,0,0
Tristan Owens,Radford,2018-19,20.0,2,4,1,3,0,1,2,1,0,2,3,2,14.87,3,9,1,3,1,3,1,1,0,2,7,0
Tristan Stephens,Johnson & Wales (FL),2018-19,20.0,0,0,0,0,0,0,1,0,0,0,2,4,14.95,2,2,0,0,1,2,0,0,0,1,1,2
Tristen Becker,,2018-19,0.0,0,0,0,0,0,0,0,0,0,0,0,0,14.27,1,1,1,1,0,0,0,0,0,0,4,1
Tristen Murray,Brescia,2018-19,20.0,2,9,2,6,2,2,1,2,0,0,4,5,14.95,2,5,0,2,0,0,0,0,0,0,0,1
Tristen Rodriguez,Pfeiffer,2018-19,20.0,0,1,0,1,0,0,0,0,0,0,0,0,14.9,0,0,0,0,0,0,0,0,0,0,0,0
Tristen Wallace,Prairie View A&M,2018-19,0.0,0,0,0,0,0,0,0,0,0,0,0,0,20.0,0,1,0,1,0,0,0,0,0,0,0,0
Tristin Walley,Arkansas State,2018-19,20.0,28,82,7,29,27,42,13,7,7,24,43,14,17.83,26,62,9,23,31,43,19,3,7,26,40,7
Triston Simpson,South Dakota,2018-19,20.0,58,135,19,50,31,45,50,15,2,7,48,39,15.25,59,144,23,65,66,79,49,16,0,10,31,19
Troy,,2018-19,0.0,0,0,0,0,0,0,0,0,0,21,24,4,0.0,0,0,0,0,0,0,0,0,0,17,22,2
Troy Amanor,Spalding,2018-19,20.0,0,4,0,1,1,2,0,0,0,2,0,0,14.83,1,4,0,0,0,0,1,0,0,1,0,0
Troy Baxter Jr,Florida Gulf Coast,2018-19,20.0,0,0,0,0,0,0,12,0,0,0,0,0,14.97,0,0,0,0,0,0,11,0,0,0,0,0
Troy Baxter Jr.,Florida Gulf Coast,2018-19,20.0,25,86,8,40,9,11,3,2,16,12,30,29,14.97,41,79,11,37,12,19,1,5,13,8,19,20
Troy Green,New Orleans,2018-19,20.0,36,99,4,14,16,23,43,18,7,8,36,28,14.87,49,109,3,13,36,53,39,24,2,8,23,35
Troy Harper,Drexel,2018-19,20.0,56,148,10,42,66,84,27,6,0,4,31,39,20.0,62,154,13,43,82,105,30,5,1,4,35,22
Troy Holston,Saint Joseph's,2018-19,20.0,15,46,11,34,1,2,4,2,2,3,8,2,20.0,12,31,7,22,3,5,0,3,1,2,4,3
Troy Pedtke,,2018-19,0.0,0,0,0,0,0,0,0,0,0,0,0,0,0.0,0,0,0,0,0,0,0,0,0,1,0,0
Troy Stephens,Birmingham-Southern,2018-19,20.0,0,2,0,1,0,0,0,0,0,0,1,0,14.97,2,4,2,2,1,1,0,0,0,0,0,0
Troy Whiteside,Cornell,2018-19,20.0,14,36,4,14,1,2,3,4,1,2,10,9,20.0,11,31,3,14,4,9,6,7,4,0,9,6
Troy Woodward,Portland Bible,2018-19,20.0,0,3,0,1,0,0,0,1,0,0,1,4,14.73,0,1,0,0,0,0,1,1,0,0,0,2
Troymain Crosby,Alcorn State,2018-19,20.0,38,87,2,10,29,32,35,13,5,13,37,38,18.08,39,109,2,13,33,44,31,11,4,23,27,30
Truett-McConnell,,2018-19,0.0,0,0,0,0,0,0,0,0,0,2,1,0,0.0,0,0,0,0,0,0,0,0,0,1,0,0
Truman Hillis,Aquinas College,2018-19,20.0,1,1,1,1,0,0,0,0,0,0,1,0,14.97,0,0,0,0,0,0,1,0,0,0,1,1
Truman State,,2018-19,0.0,0,0,0,0,0,0,0,0,0,1,0,0,0.0,0,0,0,0,0,0,0,0,0,0,1,0
Tshiefu Ngalakulondi,St. Bonaventure,2018-19,15.0,17,42,8,19,1,5,5,7,9,6,26,9,20.0,9,21,1,5,0,1,2,2,1,7,20,3
Tucker Blackwell,Army,2018-19,20.0,11,35,9,28,7,10,5,3,0,0,9,5,20.0,15,32,10,23,4,5,8,5,0,2,9,3
Tucker Richardson,Colgate,2018-19,15.0,40,89,22,58,4,6,57,15,3,12,45,33,20.0,41,95,21,55,10,14,51,20,4,10,49,27
Tulane,,2018-19,0.0,0,0,0,0,0,0,0,0,0,28,42,7,0.0,0,0,0,0,0,0,0,0,0,36,25,9
Tulio Da Silva,Missouri State,2018-19,20.0,76,126,8,26,27,40,15,14,9,27,66,32,19.65,65,127,8,17,37,60,5,10,13,34,65,21
Tulsa,,2018-19,0.0,0,0,0,0,0,0,0,0,0,26,37,2,0.0,0,0,0,0,0,0,0,0,0,24,30,5
Turner Scott,Truman State,2018-19,20.0,0,2,0,1,2,2,3,0,0,0,0,0,20.0,4,6,2,3,2,2,2,1,0,0,2,0
Tuukka Jaakkola,Cal Poly,2018-19,20.0,7,12,0,0,4,6,5,2,5,4,8,6,18.32,7,13,0,0,3,6,4,1,1,4,11,3
Ty Cockfield,,2018-19,1.5,85,197,22,75,33,37,43,16,0,5,34,28,0.0,101,216,30,77,83,105,35,11,4,10,27,39
Ty Dalton,Houston Baptist,2018-19,20.0,38,78,13,27,18,23,18,4,0,18,30,17,14.9,26,45,1,7,23,32,24,12,2,12,31,16
Ty Forman,St. Leo,2018-19,20.0,2,5,0,1,0,0,1,0,0,0,4,2,17.73,1,3,0,0,2,2,1,0,0,0,4,0
Ty Gadsden,UNC Wilmington,2018-19,15.0,35,73,28,50,15,16,25,9,2,7,12,12,20.0,38,99,25,65,59,66,33,14,0,4,12,14
Ty Gibson,Eastern Washington,2018-19,20.0,23,69,16,54,3,4,11,13,0,3,28,8,14.93,19,55,17,45,11,14,12,4,1,3,33,6
Ty Groce,Eastern Michigan,2018-19,20.0,31,74,8,33,11,12,23,19,8,17,48,23,20.0,25,54,7,25,19,27,8,14,12,8,24,19
Ty Hudson,Jacksonville State,2018-19,20.0,38,88,18,43,15,20,26,8,0,2,21,30,16.68,25,71,11,27,19,21,31,10,1,1,27,28
Ty Jerome,Virginia,2018-19,20.0,90,205,40,101,22,30,96,29,0,8,76,31,15.7,79,186,32,86,39,56,93,25,1,10,60,27
Ty Jones,Charleston Southern,2018-19,0.0,48,99,6,15,10,13,26,7,6,25,37,22,14.67,48,88,3,7,20,25,20,9,5,29,31,19
Ty Outlaw,Virginia Tech,2018-19,20.0,44,102,35,79,5,8,16,8,7,17,60,10,14.78,47,98,40,82,20,25,9,7,5,12,71,7
Ty Perry,Fordham,2018-19,20.0,27,84,17,52,13,15,8,4,0,7,24,7,20.0,22,59,15,42,3,3,5,1,1,3,15,8
Ty Prince,Centenary,2018-19,20.0,6,8,0,2,0,1,1,0,0,2,2,1,14.95,1,4,1,3,0,0,1,0,0,1,2,1
Ty Robinson,,2018-19,0.0,0,0,0,0,0,0,0,0,1,0,0,0,0.0,0,0,0,0,0,0,0,0,1,0,0,0
Ty Rowell,California Baptist,2018-19,20.0,22,65,18,53,9,10,9,6,0,1,19,16,20.0,27,62,17,45,18,22,11,2,0,4,17,11
Ty Shelby,UL Monroe,2018-19,20.0,0,1,0,0,0,0,0,1,0,0,0,1,17.92,0,0,0,0,0,0,0,0,0,0,0,0
Ty Sparling,Midway,2018-19,20.0,0,1,0,1,0,0,0,0,0,0,1,1,14.8,0,2,0,1,0,2,0,0,0,1,0,0
Ty Taylor II,,2018-19,0.0,22,64,11,38,8,13,11,5,1,3,33,13,0.0,20,55,8,25,12,23,14,3,3,7,16,11
Ty-Shon Alexander,Creighton,2018-19,20.0,68,160,38,98,23,32,42,17,2,8,47,27,20.0,67,174,39,110,44,49,25,16,6,7,47,31
TyQuaylon Smith,Alcorn State,2018-19,0.0,1,9,1,2,0,2,0,4,1,3,5,2,17.88,0,2,0,1,0,0,1,0,1,1,3,1
TySean Powell,Cumberland (TN),2018-19,20.0,5,11,0,0,0,0,1,0,1,1,4,1,15.03,2,4,0,0,1,2,0,0,0,0,0,2
Tye Fagan,Georgia,2018-19,20.0,16,34,2,7,2,2,9,4,1,11,18,20,14.92,14,26,2,5,6,6,11,2,4,4,12,9
Tyere Marshall,Rider,2018-19,20.0,60,113,0,1,23,39,16,10,6,32,56,18,15.65,54,112,0,0,31,48,19,9,12,34,61,19
Tyerell Mann,Misericordia,2018-19,20.0,2,4,1,2,0,3,0,2,0,0,0,0,14.78,0,0,0,0,0,0,0,0,0,0,1,2
Tyeshon Martin,Indiana State,2018-19,20.0,2,3,1,1,1,2,0,2,0,0,2,0,17.45,0,2,0,2,1,2,1,0,0,0,3,1
Tyjarek Simmons,Pfeiffer,2018-19,20.0,1,3,1,2,0,0,0,0,0,1,0,1,14.9,0,0,0,0,0,0,0,0,0,0,0,0
Tykeem Singleton,Centenary,2018-19,20.0,0,2,0,1,0,0,0,1,0,2,0,0,14.95,1,3,0,1,0,0,0,0,0,1,0,0
Tykei Greene,Manhattan,2018-19,20.0,27,77,11,36,7,10,6,5,0,7,35,29,20.0,31,99,9,40,23,42,7,10,2,16,37,24
Tyler Andrew,Defiance,2018-19,20.0,2,5,2,3,0,0,0,0,0,1,1,1,14.88,1,4,0,1,0,0,1,0,0,0,0,3
Tyler Barney,Elms College,2018-19,20.0,2,8,1,4,0,0,2,1,0,0,0,1,15.38,1,4,0,1,0,0,0,0,0,0,3,2
Tyler Behrendt,Milwaukee,2018-19,0.0,1,3,0,1,4,4,2,0,0,1,1,1,20.0,2,3,1,2,0,0,1,1,0,0,1,1
Tyler Bey,Colorado,2018-19,20.0,80,168,2,10,44,62,13,16,15,38,130,32,14.87,94,153,3,10,67,79,9,13,25,35,140,38
Tyler Bezold,KY Wesleyan,2018-19,20.0,1,3,0,1,2,2,0,0,0,0,0,0,15.73,1,1,1,1,0,0,0,0,0,1,2,1
Tyler Brabant,Cal Lutheran,2018-19,20.0,0,3,0,1,0,0,0,0,0,1,2,2,14.68,0,2,0,1,0,1,0,0,0,1,2,2
Tyler Brimhall,Alaska Anchorage,2018-19,20.0,4,10,1,3,0,0,0,0,1,1,6,0,14.77,0,3,0,1,2,2,1,0,0,1,2,2
Tyler Burgess,The Citadel,2018-19,20.0,9,32,8,31,0,0,4,1,1,0,6,0,17.78,6,24,6,24,0,0,0,0,0,2,2,3
Tyler Carrier,Cairn University,2018-19,20.0,0,1,0,1,0,0,1,0,0,0,0,0,14.7,0,0,0,0,0,0,0,0,0,0,0,0
Tyler Carter,St. Leo,2018-19,20.0,3,6,0,1,0,0,1,0,0,1,3,2,17.73,1,4,0,1,3,6,1,1,0,0,6,1
Tyler Cheese,Akron,2018-19,20.0,58,150,15,48,16,23,26,18,2,10,51,26,14.92,59,131,6,31,24,32,34,10,1,9,47,25
Tyler Cook,Iowa,2018-19,20.0,69,152,0,4,62,95,42,10,5,28,74,51,19.93,81,139,0,1,54,82,27,11,8,29,77,30
Tyler Creammer,VMI,2018-19,20.0,25,46,3,10,18,24,10,2,5,13,40,18,14.72,15,37,3,7,15,24,1,1,5,17,37,13
Tyler D'Aquino,St. Joseph's (NY-Brooklyn),2018-19,0.0,0,0,0,0,0,0,0,0,0,0,0,0,14.9,1,1,0,0,0,0,0,1,0,0,1,2
Tyler Evans,Hood College,2018-19,20.0,0,5,0,4,2,2,0,0,0,1,0,0,17.83,1,2,0,0,4,4,1,1,1,2,3,2
Tyler Faulkenberry,Milligan,2018-19,20.0,12,27,10,21,0,0,2,2,0,1,3,2,14.83,8,17,6,14,0,0,1,0,0,0,2,0
Tyler Foster,East Carolina,2018-19,20.0,30,71,8,24,10,17,10,14,4,6,18,20,15.88,15,50,0,15,14,25,15,11,1,2,18,14
Tyler Ginyard,Cal State San Marcos,2018-19,20.0,0,1,0,0,0,0,1,0,0,0,0,0,20.0,0,0,0,0,0,0,0,0,0,0,0,0
Tyler Hall,Montana State,2018-19,20.0,106,245,57,150,25,30,37,12,7,10,66,31,14.9,112,241,54,142,35,42,44,18,2,11,57,32
Tyler Hamilton,Pennsylvania,2018-19,20.0,2,3,0,1,0,0,2,2,0,1,2,2,20.0,3,3,0,0,1,3,1,0,0,2,3,1
Tyler Harris,Memphis,2018-19,20.0,65,156,41,109,18,22,30,8,0,5,29,31,20.0,59,174,37,130,26,31,34,13,0,7,18,30
Tyler Herro,Kentucky,2018-19,20.0,93,199,29,83,37,38,44,28,9,8,68,25,14.78,83,180,27,73,38,43,44,12,2,6,70,31
Tyler Holness,St. Joseph's (NY-Brooklyn),2018-19,20.0,2,3,0,0,4,5,0,1,0,0,2,3,14.9,0,2,0,0,0,0,1,0,0,0,4,0
Tyler Hooker,Kennesaw State,2018-19,20.0,41,114,10,30,13,16,19,7,0,6,34,21,17.98,32,114,6,29,25,34,16,7,1,5,10,17
Tyler Hopkins,Wilberforce,2018-19,20.0,2,3,1,1,1,1,0,0,0,0,0,1,14.68,0,0,0,0,0,0,0,0,0,0,0,0
Tyler Jones,Maryland-Eastern Shore,2018-19,20.0,53,131,17,41,13,18,17,8,14,12,33,32,17.87,36,81,9,32,12,14,12,11,5,6,22,27
Tyler Justice,,2018-19,3.07,2,3,0,0,2,3,0,0,1,0,1,1,0.0,2,4,0,0,1,1,1,0,0,1,4,3
Tyler Kidd,Eastern Washington,2018-19,20.0,39,96,16,43,18,22,49,14,1,2,24,37,14.93,57,137,23,49,37,48,44,16,1,4,19,32
Tyler Klingenbeck,UC Santa Cruz,2018-19,20.0,0,1,0,0,0,0,0,0,0,0,2,1,14.98,2,3,2,2,0,0,0,0,0,0,0,2
Tyler Kohl,Central Connecticut,2018-19,20.0,79,202,25,76,41,51,55,21,0,16,72,44,20.0,70,178,15,44,84,98,62,15,1,28,61,51
Tyler Larkin,,2018-19,1.67,6,12,1,4,2,3,0,0,1,0,5,2,0.0,2,4,0,0,2,4,2,0,0,0,2,1
Tyler Matthews,,2018-19,0.0,0,0,0,0,0,0,0,0,0,0,1,2,0.0,0,0,0,0,0,0,0,0,0,0,0,0
Tyler McFerren,Chillicothe,2018-19,20.0,0,3,0,2,0,0,0,1,0,0,3,2,14.68,1,2,0,1,0,0,0,0,0,0,0,0
Tyler Michels,Rosemont College,2018-19,0.0,0,0,0,0,0,0,0,0,0,0,0,0,14.92,1,1,0,0,0,0,0,0,0,0,0,0
Tyler Moore,Harding,2018-19,0.0,0,1,0,0,0,0,0,0,0,2,1,0,14.85,0,1,0,0,0,0,0,1,0,0,1,1
Tyler Murrell,Colorado Christian,2018-19,20.0,3,6,2,2,0,0,0,0,0,0,1,0,14.83,0,1,0,0,0,0,0,0,0,0,1,0
Tyler Nauert,,2018-19,7.68,0,1,0,1,0,0,0,0,0,0,1,0,0.0,1,2,0,0,1,1,0,0,0,0,1,1
Tyler Nichols,Milligan,2018-19,20.0,5,13,0,3,1,2,3,2,1,0,8,11,14.83,8,21,3,9,5,11,1,0,0,2,2,7
Tyler Norwood,Wilmington (DE),2018-19,20.0,5,13,1,6,0,0,0,1,0,0,1,2,14.98,5,11,2,8,0,0,1,0,0,0,3,4
Tyler Peavy,Trinity University (TX),2018-19,20.0,2,4,1,3,0,0,0,0,0,0,2,1,17.78,2,5,2,4,0,0,0,0,0,0,0,0
Tyler Peterson,South Dakota,2018-19,20.0,50,124,10,36,26,30,27,12,4,11,62,23,15.25,66,136,5,37,26,29,28,12,2,13,46,25
Tyler Plummer,Wagner,2018-19,19.47,4,7,1,2,3,6,9,7,5,8,9,12,20.0,2,7,0,1,1,6,8,2,0,5,4,8
Tyler Polley,UConn,2018-19,20.0,42,115,17,68,14,20,9,6,8,13,27,16,20.0,43,91,28,57,16,26,11,6,8,14,16,6
Tyler Reynolds,Manhattan,2018-19,20.0,46,102,30,77,9,10,10,10,2,5,44,17,15.3,31,84,23,66,5,6,10,8,3,2,29,6
Tyler Rose,Pensacola Christian College,2018-19,20.0,1,3,0,1,2,2,1,2,0,0,3,7,14.87,2,2,0,0,0,1,2,0,0,0,2,1
Tyler Roth,Harding,2018-19,0.0,0,4,0,0,0,0,0,0,0,1,1,2,14.85,2,5,0,1,2,4,1,1,0,0,2,1
Tyler Scanlon,Boston University,2018-19,20.0,62,141,25,70,8,13,43,14,2,13,58,32,20.0,90,188,21,67,44,51,47,26,2,13,63,29
Tyler Seibring,Elon,2018-19,20.0,89,155,37,73,28,33,30,7,8,21,59,13,20.0,79,185,32,86,29,35,15,7,6,13,62,11
Tyler Sharpe,Northern Kentucky,2018-19,15.57,69,182,39,114,60,80,34,27,1,11,42,22,20.0,74,163,48,113,42,51,29,25,2,5,43,20
Tyler Singleton,Prairie View A&M,2018-19,0.0,3,6,1,1,1,2,2,0,0,2,5,1,19.93,2,3,0,0,2,4,2,0,0,1,2,2
Tyler Sterling,Elms College,2018-19,20.0,1,2,1,1,0,0,1,0,0,0,4,1,15.38,0,2,0,0,0,0,1,0,0,0,0,1
Tyler Stevenson,Southern Miss,2018-19,20.0,5,11,0,0,7,12,0,1,0,2,6,0,14.82,8,16,0,0,1,1,2,2,1,3,9,5
Tyler Stewart,Binghamton,2018-19,20.0,3,14,1,6,2,2,0,0,1,1,6,3,14.78,5,11,2,4,2,3,0,0,2,0,3,2
Tyler Streeter,Morgan State,2018-19,0.0,22,46,12,20,3,5,4,3,1,5,11,5,17.9,11,25,3,10,7,10,1,1,0,6,6,1
Tyler Thompson,Tennessee Tech,2018-19,0.0,0,0,0,0,0,0,1,1,0,0,0,1,19.07,2,3,1,2,0,1,0,1,1,1,3,0
Tyler Thornton,Carver College,2018-19,20.0,1,2,1,1,0,0,0,0,0,0,0,1,14.95,0,1,0,0,0,0,0,0,0,0,0,1
Tyler Toopes,Oakland City,2018-19,20.0,2,5,1,3,4,4,1,0,1,0,3,1,14.92,0,6,0,4,1,2,0,0,2,1,1,2
Tyler Twyman,Davis & Elkins,2018-19,0.0,0,0,0,0,0,0,0,0,0,0,0,0,14.87,1,2,1,2,0,0,0,0,0,0,0,0
Tyler Underwood,Illinois,2018-19,0.0,1,3,1,3,0,0,2,3,0,0,6,3,17.58,0,1,0,0,0,0,1,0,0,0,1,0
Tyler Watson,Wabash College,2018-19,20.0,2,5,0,1,0,0,0,0,0,0,0,1,15.08,2,3,0,0,0,2,0,0,0,1,0,1
Tyler Welborn,Trevecca Nazarene,2018-19,0.0,0,1,0,0,0,0,0,0,0,1,1,1,14.9,1,1,1,1,0,0,0,0,0,0,0,0
Tyler White,Central Pennsylvania College,2018-19,20.0,5,15,3,12,1,2,5,3,0,0,4,11,15.48,5,15,2,7,1,2,3,2,0,0,4,2
Tyler Williams,San Diego,2018-19,19.07,46,127,31,84,4,6,40,19,1,20,40,18,17.93,56,132,32,79,23,27,51,12,1,15,53,23
Tyler Wilson-Hopkins,Wilberforce,2018-19,20.0,1,3,1,2,0,0,0,1,0,0,1,2,14.85,3,6,3,4,0,0,1,0,0,0,1,1
Tyras Rattler Jr,William Jessup,2018-19,20.0,0,0,0,0,0,0,1,0,0,0,0,0,17.87,0,0,0,0,0,0,0,0,0,0,0,0
Tyras Rattler Jr.,William Jessup,2018-19,20.0,3,4,1,1,2,3,0,1,0,1,1,0,17.87,2,3,0,1,0,2,0,0,0,0,2,2
Tyreak Woodard,Central Pennsylvania College,2018-19,20.0,4,12,1,4,2,2,1,0,0,3,3,4,15.48,1,2,1,1,1,2,0,0,0,0,2,1
Tyree Appleby,Cleveland State,2018-19,20.0,65,165,33,92,20,27,71,23,6,7,52,53,17.1,75,170,35,86,97,123,82,19,3,3,46,46
Tyree Beason,Blue Mountain College,2018-19,20.0,2,3,1,1,5,5,0,0,0,1,0,3,14.9,2,5,0,2,1,1,1,0,0,1,2,3
Tyree Chambers,Le Moyne,2018-19,20.0,2,3,2,3,0,0,2,0,0,0,0,0,14.63,0,1,0,1,0,0,0,0,0,0,1,1
Tyree Crump,Georgia,2018-19,20.0,50,121,36,90,18,24,23,4,0,2,25,26,14.92,35,106,25,83,23,29,23,6,1,2,21,22
Tyree Eady,North Dakota State,2018-19,20.0,51,93,22,47,8,9,13,8,2,15,31,12,16.9,29,53,9,20,4,4,13,4,0,3,23,11
Tyree Griffin,Southern Miss,2018-19,20.0,87,187,35,79,36,46,115,28,2,4,52,41,14.82,72,173,18,61,36,53,108,29,1,9,41,40
Tyree Pickron,Quinnipiac,2018-19,0.0,9,40,8,31,1,4,2,4,0,0,10,6,14.85,6,34,4,26,1,2,5,3,1,5,8,3
Tyree White,UL Monroe,2018-19,20.0,35,63,7,21,21,31,9,8,11,15,25,5,14.92,27,52,11,24,14,23,12,7,11,20,30,14
Tyreek Scott-Grayson,UAB,2018-19,20.0,32,77,12,32,17,20,20,7,5,12,30,20,19.07,26,70,10,36,17,20,18,10,4,4,32,22
Tyreese Davis,Jacksonville,2018-19,20.0,36,74,12,30,12,17,37,13,12,10,41,16,17.17,51,105,12,38,30,39,31,16,6,16,33,23
Tyreke Key,Indiana State,2018-19,20.0,85,156,22,46,52,63,24,19,0,11,34,22,20.0,86,163,19,45,70,91,22,11,1,10,44,22
Tyrel Harper,Savannah St,2018-19,20.0,7,18,3,9,5,6,0,4,0,2,8,4,14.92,1,9,1,6,2,2,7,4,0,1,4,7
Tyrell Gumbs-Frater,Coastal Carolina,2018-19,20.0,45,118,32,82,17,24,6,13,1,6,20,24,20.0,61,126,42,86,19,25,7,9,1,9,20,11
Tyrell Harper,Savannah St,2018-19,20.0,38,84,18,47,13,21,33,17,3,9,52,32,14.87,24,54,5,22,13,18,26,10,4,13,43,19
Tyrell Johnson,Appalachian State,2018-19,20.0,55,113,11,32,20,28,10,5,14,14,50,16,14.93,46,95,6,25,22,31,10,6,13,22,37,12
Tyren Harrison,New Orleans,2018-19,20.0,6,13,0,1,7,9,6,1,1,3,5,4,14.87,5,7,0,0,7,7,1,2,2,5,4,3
Tyrese Conover,St Elizabeth,2018-19,0.0,0,0,0,0,0,0,0,0,0,0,0,0,14.92,0,2,0,1,1,3,0,1,0,0,0,1
Tyrese Crosdale,Queens College,2018-19,20.0,0,4,0,2,0,0,0,0,0,0,0,0,14.98,0,4,0,2,0,0,1,0,0,0,0,0
Tyrese Duncan,Campbellsville-Harrodsburg,2018-19,20.0,3,8,1,4,0,0,1,1,0,0,1,1,14.7,2,5,2,4,1,2,1,1,1,1,1,3
Tyrese Hailburton,Iowa State,2018-19,20.0,9,17,5,12,1,1,9,6,3,3,8,1,20.0,5,9,2,4,0,1,3,2,1,0,11,3
Tyrese Haliburton,Iowa State,2018-19,20.0,33,66,19,43,6,10,55,28,9,10,38,11,14.63,33,65,18,46,11,14,48,15,14,12,32,13
Tyrese Martin,Rhode Island,2018-19,20.0,37,89,14,43,11,17,17,11,3,18,49,16,20.0,50,107,17,46,23,32,11,9,4,29,49,18
Tyrese Williams,Quinnipiac,2018-19,20.0,46,119,18,58,13,20,31,17,2,8,49,33,14.85,45,118,26,66,19,26,34,7,1,9,57,31
Tyresse Williford,SIU-Edwardsville,2018-19,20.0,45,135,12,52,38,51,54,12,3,9,46,56,18.7,55,130,14,38,69,89,42,9,0,10,30,32
Tyrick Bennett,Texas-Tyler,2018-19,20.0,0,1,0,1,0,0,2,0,0,0,4,1,18.0,1,3,0,1,3,3,0,0,0,0,0,0
Tyrik Armstrong,Texas Southern,2018-19,19.98,27,65,8,25,6,7,16,9,0,4,7,13,20.0,22,46,5,12,14,16,22,11,1,8,8,12
Tyrique Jones,Xavier,2018-19,20.0,82,124,0,0,30,55,15,11,11,49,63,30,17.87,65,107,0,0,48,65,11,16,18,58,76,20
Tyrn Flowers,LIU Brooklyn,2018-19,20.0,77,169,44,103,7,11,24,23,17,22,74,29,20.0,70,139,25,71,20,32,31,16,23,28,70,19
Tyron Brewer,,2018-19,3.78,18,37,0,1,11,22,2,4,5,13,18,11,0.0,14,26,2,3,7,12,0,4,6,7,21,5
Tyron Duncan,Campbellsville-Harrodsburg,2018-19,20.0,3,7,1,2,5,5,2,1,0,0,2,2,14.7,1,2,0,0,0,0,0,0,0,1,3,2
Tyrone Craven,Wesley,2018-19,20.0,2,6,0,1,2,2,2,0,0,0,4,2,14.75,2,3,0,1,2,2,0,0,0,1,2,3
Tyrone Dantzler Jr,Columbia International,2018-19,0.0,0,0,0,0,0,0,0,0,0,0,0,0,14.87,0,0,0,0,0,0,1,0,0,0,0,0
Tyrone Dantzler Jr.,Columbia International,2018-19,20.0,1,3,0,1,0,0,0,0,0,1,2,1,14.87,0,0,0,0,0,0,0,0,0,0,1,2
Tyrone Lyons,North Carolina A&T,2018-19,0.0,14,28,3,8,5,6,3,6,3,3,11,8,20.0,14,25,1,5,15,20,0,2,3,3,13,3
Tyrone Nesby IV,Wagner,2018-19,0.0,13,46,8,35,2,4,3,4,2,4,14,8,15.0,13,39,9,26,0,0,4,9,2,6,11,1
Tyrone Perry,Lafayette,2018-19,14.93,17,45,10,27,2,4,13,5,1,1,24,11,20.0,10,30,5,16,5,6,5,3,0,3,10,7
Tyrone Young,Middle Georgia State,2018-19,19.98,7,14,0,3,0,0,0,2,0,2,3,2,14.75,3,6,0,1,1,2,0,1,0,2,0,0
Tyrus Grayson,West Alabama,2018-19,19.87,0,1,0,0,0,0,0,0,0,0,0,0,14.68,0,0,0,0,0,0,0,1,0,0,0,1
Tyrus Robinson,Bethel (TN),2018-19,20.0,1,1,0,0,1,1,0,0,0,0,1,0,14.92,0,0,0,0,0,0,0,0,0,0,0,0
Tyshaun Crawford,Georgia Southern,2018-19,20.0,2,2,0,0,1,2,0,0,0,1,1,0,14.95,1,1,0,0,0,0,0,0,1,0,0,0
Tyson Batiste,Central Connecticut,2018-19,20.0,22,53,3,7,6,11,44,10,1,10,24,23,20.0,23,43,3,10,4,16,39,9,7,11,30,17
Tyson Carter,Mississippi State,2018-19,20.0,63,149,32,86,11,13,19,18,0,4,27,20,14.87,52,115,25,66,19,24,26,15,1,0,29,10
Tyson Rogers,Johnson University (FL),2018-19,0.0,1,2,0,0,0,1,0,0,0,0,0,0,14.95,1,5,0,0,1,3,3,0,0,0,1,0
Tyson Sellers,William Peace,2018-19,20.0,4,11,2,6,1,1,2,2,0,0,1,0,16.58,2,11,2,5,1,2,1,1,0,0,1,0
Tyson Smith,UT Rio Grande Valley,2018-19,20.0,40,124,21,80,20,25,39,18,5,5,28,35,17.92,67,150,42,96,61,75,22,18,5,3,38,25
Tyson Ward,North Dakota State,2018-19,20.0,70,138,11,36,31,46,31,10,2,15,70,32,16.9,64,123,13,30,62,77,33,10,2,23,76,27
Tyus Battle,Syracuse,2018-19,20.0,83,201,18,57,40,51,47,11,4,9,42,27,14.93,89,198,23,63,78,105,22,23,3,8,35,27
Tywhon Pickford,Northern Iowa,2018-19,20.0,18,44,3,7,15,25,12,3,2,7,27,8,20.0,14,34,0,2,12,15,8,4,1,19,37,10
UAB,,2018-19,0.0,0,0,0,0,0,0,0,0,0,27,25,13,0.0,0,0,0,0,0,0,0,0,0,26,31,5
UC Davis,,2018-19,0.0,0,0,0,0,0,0,0,0,0,18,20,5,0.0,0,0,0,0,0,0,0,0,0,17,18,5
UC Irvine,,2018-19,0.0,0,0,0,0,0,0,0,0,0,34,19,7,0.0,0,0,0,0,0,0,0,0,0,28,24,6
UC Merced,,2018-19,0.0,0,0,0,0,0,0,0,0,0,2,0,0,0.0,0,0,0,0,0,0,0,0,0,2,1,0
UC Riverside,,2018-19,0.0,0,0,0,0,0,0,0,0,0,13,22,9,0.0,0,0,0,0,0,0,0,0,0,23,22,9
UC Santa Barbara,,2018-19,0.0,0,0,0,0,0,0,0,0,0,31,17,3,0.0,0,0,0,0,0,0,0,0,0,24,25,4
UC Santa Cruz,,2018-19,0.0,0,0,0,0,0,0,0,0,0,0,1,0,0.0,0,0,0,0,0,0,0,0,0,0,0,0
UCF,,2018-19,0.0,0,0,0,0,0,0,0,0,0,64,34,8,0.0,0,0,0,0,0,0,0,0,0,51,32,7
UCLA,,2018-19,0.0,0,0,0,0,0,0,0,0,0,45,26,3,0.0,0,0,0,0,0,0,0,0,0,46,22,4
UConn,,2018-19,0.0,0,0,0,0,0,0,0,0,0,41,29,9,0.0,0,0,0,0,0,0,0,0,0,29,37,8
UIC,,2018-19,0.0,0,0,0,0,0,0,0,0,0,32,28,7,0.0,0,0,0,0,0,0,0,0,0,33,20,5
UL Monroe,,2018-19,0.0,0,0,0,0,0,0,0,0,0,21,33,3,0.0,0,0,0,0,0,0,0,0,0,18,25,5
UMBC,,2018-19,8.6,4,4,4,4,0,0,0,0,0,20,19,10,0.0,0,0,0,0,0,0,0,0,0,21,29,6
UMKC,,2018-19,0.0,0,0,0,0,0,0,0,0,0,18,16,3,0.0,0,0,0,0,0,0,0,0,0,16,22,4
UMass,,2018-19,0.0,0,0,0,0,0,0,0,0,0,19,20,6,0.0,0,0,0,0,0,0,0,0,0,22,20,5
UMass Lowell,,2018-19,0.0,0,0,0,0,0,0,0,0,0,20,33,3,0.0,0,0,0,0,0,0,0,0,0,32,25,2
UNC Asheville,,2018-19,0.0,0,0,0,0,0,0,0,0,0,21,18,20,0.0,0,0,0,0,0,0,0,0,0,6,12,14
UNC Greensboro,,2018-19,0.0,0,0,0,0,0,0,0,0,0,21,22,2,0.0,0,0,0,0,0,0,0,0,0,21,22,3
UNC Wilmington,,2018-19,0.0,0,0,0,0,0,0,0,0,0,15,15,2,0.0,0,0,0,0,0,0,0,0,0,29,9,7
UNLV,,2018-19,0.0,0,0,0,0,0,0,0,0,0,46,24,1,0.0,0,0,0,0,0,0,0,0,0,46,19,4
USC,,2018-19,0.0,0,0,0,0,0,0,0,0,0,23,26,4,0.0,0,0,0,0,0,0,0,0,0,27,19,1
UT Arlington,,2018-19,0.0,0,0,0,0,0,0,0,0,0,28,26,10,0.0,0,0,0,0,0,0,0,0,0,24,15,4
UT Martin,,2018-19,0.0,0,0,0,0,0,0,0,0,0,24,25,5,0.0,0,0,0,0,0,0,0,0,0,18,20,3
UT Rio Grande Valley,,2018-19,0.0,0,0,0,0,0,0,0,0,0,33,33,6,0.0,0,0,0,0,0,0,0,0,0,41,23,5
UTEP,,2018-19,0.0,0,0,0,0,0,0,0,0,0,26,25,7,0.0,0,0,0,0,0,0,0,0,0,19,15,8
UTSA,,2018-19,0.0,0,0,0,0,0,0,0,0,0,25,30,2,0.0,0,0,0,0,0,0,0,0,0,27,26,0
UW-Parkside,,2018-19,0.0,0,0,0,0,0,0,0,0,0,1,0,0,0.0,0,0,0,0,0,0,0,0,0,1,1,1
Uche Dibiamaka,UT Rio Grande Valley,2018-19,0.0,14,40,3,18,0,0,6,3,2,5,8,9,20.0,6,18,0,5,6,10,7,3,2,2,12,5
Udoka Azubuike,Kansas,2018-19,20.0,29,44,0,0,2,10,1,1,6,9,19,10,20.0,25,32,0,0,9,22,4,3,8,11,20,8
Ugo Obineke,Kennesaw State,2018-19,20.0,12,38,0,3,1,4,3,0,0,10,8,8,17.98,11,25,1,4,6,8,2,2,0,6,3,2
Ulmer Manzie,Bethune-Cookman,2018-19,0.0,0,0,0,0,0,0,0,0,0,0,0,0,15.23,0,1,0,0,0,0,0,0,0,1,0,0
Umar Frost,Miles,2018-19,20.0,0,1,0,0,1,2,0,0,0,1,1,1,20.0,0,0,0,0,0,0,0,0,0,1,0,0
Umoja Gibson,North Texas,2018-19,20.0,28,83,22,63,6,7,19,15,0,1,14,18,14.73,35,85,26,66,10,14,19,9,1,3,25,22
Unique McLean,UMass,2018-19,0.0,7,23,0,1,4,6,14,4,3,8,31,10,14.57,12,15,0,0,9,9,14,2,0,6,22,9
University of The Ozarks,,2018-19,0.0,0,0,0,0,0,0,0,0,0,4,4,0,0.0,0,0,0,0,0,0,0,0,0,1,0,0
Urbana,,2018-19,0.0,0,0,0,0,0,0,0,0,0,3,1,0,0.0,0,0,0,0,0,0,0,0,0,0,1,0
Usman Haruna,Montana State,2018-19,20.0,3,6,0,0,5,9,0,0,1,2,11,2,14.9,3,4,0,0,2,3,0,0,2,1,5,3
Utah,,2018-19,0.0,0,0,0,0,0,0,0,0,0,32,26,20,0.0,0,0,0,0,0,0,0,0,0,33,18,10
Utah State,,2018-19,0.0,0,0,0,0,0,0,0,0,0,28,36,4,0.0,0,0,0,0,0,0,0,0,0,33,23,4
Utah Valley,,2018-19,0.0,0,0,0,0,0,0,0,0,0,26,27,3,0.0,0,0,0,0,0,0,0,0,0,29,29,7
V.J. Holmes,Lamar,2018-19,20.0,23,53,3,16,14,23,0,16,10,13,37,23,16.73,27,61,0,6,20,37,0,16,8,14,20,25
V.J. King,Louisville,2018-19,20.0,20,61,3,18,16,19,6,5,2,15,41,14,14.9,19,48,1,15,5,8,2,2,1,8,21,10
VCU,,2018-19,0.0,0,0,0,0,0,0,0,0,0,12,18,3,0.0,0,0,0,0,0,0,0,0,0,13,5,3
VJ Holmes,Lamar,2018-19,20.0,0,0,0,0,0,0,37,0,0,0,0,0,16.73,0,0,0,0,0,0,40,0,0,0,0,0
VJ King,Louisville,2018-19,20.0,0,0,0,0,0,0,7,0,0,0,0,0,14.9,0,0,0,0,0,0,3,0,0,0,0,0
VMI,,2018-19,0.0,0,0,0,0,0,0,0,0,0,23,31,4,0.0,0,0,0,0,0,0,0,0,0,17,18,2
Vado Morse,Mt. St. Mary's,2018-19,20.0,64,160,19,73,23,31,42,19,0,6,26,35,14.8,65,145,34,74,62,80,38,12,0,6,33,30
Valparaiso,,2018-19,0.0,0,0,0,0,0,0,0,0,0,27,26,12,0.0,0,0,0,0,0,0,0,0,0,24,11,7
Valur Valsson,Florida Tech,2018-19,0.0,0,0,0,0,0,0,0,0,0,0,0,0,14.83,0,0,0,0,0,0,1,0,0,1,0,1
Vance Jackson,New Mexico,2018-19,20.0,61,153,29,81,36,59,40,17,2,21,97,29,20.0,68,164,24,78,47,69,39,16,1,19,70,46
Vance Johnson,Milwaukee,2018-19,20.0,51,116,8,23,21,25,17,6,4,20,52,23,20.0,55,110,3,13,54,63,11,6,2,18,69,16
Vanderbilt,,2018-19,0.0,0,0,0,0,0,0,0,0,0,28,37,8,0.0,0,0,0,0,0,0,0,0,0,23,19,6
Vante Hendrix,Utah,2018-19,20.0,3,5,2,4,3,3,0,1,0,1,3,2,17.88,2,9,2,9,0,0,2,0,0,0,4,2
Vasa Pusica,Northeastern,2018-19,20.0,61,145,25,71,26,33,54,17,3,9,41,45,20.0,66,132,25,62,56,67,52,16,3,2,37,34
Vegard Tangen,North Park,2018-19,20.0,0,1,0,0,0,0,0,0,0,0,0,2,14.8,5,12,3,7,1,2,1,0,0,0,2,0
Venjie Wallis,Jackson State,2018-19,20.0,25,52,3,12,15,30,9,8,4,8,11,27,15.05,25,72,6,17,31,41,11,3,2,12,9,13
Vermont,,2018-19,0.0,0,0,0,0,0,0,0,0,0,23,26,5,0.0,0,0,0,0,0,0,0,0,0,12,16,1
Vernon Burns,Champion Christian College,2018-19,20.0,7,19,3,6,2,3,4,1,1,3,6,1,14.75,6,8,0,0,6,11,4,0,0,1,3,4
Vernon Jackson,Mars Hill,2018-19,20.0,1,5,0,0,0,0,1,0,0,2,1,1,14.93,0,1,0,0,0,0,0,0,0,1,1,3
Vic Law,Northwestern,2018-19,20.0,68,167,24,69,27,34,38,19,12,15,68,33,20.0,64,169,23,78,55,69,31,9,13,13,74,21
Victor Bafutto,Mercer,2018-19,0.0,14,29,0,1,6,10,1,1,18,13,15,13,14.88,14,23,0,0,6,13,0,3,8,11,8,7
Victor Bailey Jr,Oregon,2018-19,0.0,0,0,0,0,0,0,9,0,0,0,0,0,20.0,0,0,0,0,0,0,7,0,0,0,0,0
Victor Bailey Jr.,Oregon,2018-19,20.0,40,102,23,55,11,13,8,12,0,7,24,18,20.0,35,84,15,43,21,22,5,6,0,5,21,10
Victor Curry,Morgan State,2018-19,20.0,12,35,0,1,15,21,3,7,3,14,30,14,17.55,9,19,0,0,6,10,1,9,2,8,18,4
Victor Enoh,Memphis,2018-19,10.0,1,3,0,0,2,6,0,0,0,3,1,1,20.0,0,0,0,0,0,2,0,0,0,3,1,1
Victor Melendez,Trinity Baptist,2018-19,20.0,1,1,0,0,0,0,0,1,0,1,0,0,14.83,1,1,0,0,0,0,1,0,0,0,0,1
Victor Mijas,Humboldt State,2018-19,20.0,1,8,0,5,0,0,0,0,0,0,1,2,14.73,0,4,0,2,0,0,0,2,0,1,1,3
Victor Ohia Obioha,Pepperdine,2018-19,20.0,17,22,0,0,5,7,3,3,12,9,20,7,14.88,13,18,0,0,8,16,3,1,7,4,14,3
Victor Uyaelunmo,USC,2018-19,20.0,4,9,0,0,5,16,0,1,5,10,16,8,15.35,4,7,0,0,0,2,1,2,2,5,4,1
Vidal Wilkins,Regent University,2018-19,20.0,1,7,1,4,0,0,0,0,0,0,0,1,14.97,1,5,1,3,0,0,0,0,0,0,0,1
Vilgot Larsson,Maine,2018-19,20.0,34,73,15,41,10,18,22,8,5,13,30,25,17.95,30,77,12,34,8,14,9,7,8,16,36,15
Villanova,,2018-19,0.0,0,0,0,0,0,0,0,0,0,21,29,16,0.0,0,0,0,0,0,0,0,0,0,26,26,12
Vin Baker Jr,Boston College,2018-19,20.0,0,0,0,0,0,0,3,0,0,0,0,0,20.0,0,0,0,0,0,0,1,0,0,0,0,0
Vin Baker Jr.,Boston College,2018-19,20.0,3,12,1,8,2,2,0,3,1,2,6,3,20.0,2,6,1,4,2,2,0,1,0,0,4,1
Vince Jackson,,2018-19,0.0,0,0,0,0,0,0,0,0,0,1,0,1,0.0,0,0,0,0,0,0,0,0,0,0,0,0
Vince Williams,VCU,2018-19,15.0,15,32,3,8,16,22,2,10,4,8,19,14,20.0,9,26,0,4,12,15,11,7,2,9,21,9
Vincent Escamilla,Dallas Christian,2018-19,20.0,1,2,1,1,0,0,0,0,0,0,0,1,14.97,1,4,1,3,0,0,0,0,0,0,1,0
Vincent Eugene,Presentation College,2018-19,20.0,0,2,0,1,0,0,0,0,0,0,1,0,15.77,0,0,0,0,0,0,0,0,0,0,0,1
Vincent Eze,Maine,2018-19,20.0,37,89,1,1,7,13,14,14,6,27,30,23,17.95,38,77,0,0,25,37,16,13,7,24,38,19
Vincent Reed-Berry,Regent University,2018-19,20.0,2,14,1,3,0,0,2,2,0,0,3,2,14.97,1,7,1,5,2,2,1,0,0,0,2,3
Vinko Glavan,Trinity (IL),2018-19,20.0,0,0,0,0,0,0,2,0,0,0,1,0,20.0,2,3,0,0,1,1,0,0,0,2,0,1
Vinnie Shahid,North Dakota State,2018-19,20.0,61,130,30,70,17,20,41,11,0,3,35,24,16.9,58,142,21,71,70,81,34,8,0,6,48,18
Vinny Tavella,Mount St. Vincent,2018-19,20.0,1,2,0,1,0,0,0,0,1,0,4,2,14.93,0,2,0,1,0,0,1,1,0,0,1,0
Viont'e Daniels,Washington State,2018-19,20.0,21,50,16,42,10,10,33,7,1,4,17,10,17.45,23,48,17,35,3,3,24,4,5,2,14,12
Virginia,,2018-19,0.0,0,0,0,0,0,0,0,0,0,29,27,7,0.0,0,0,0,0,0,0,0,0,0,20,18,5
Virginia Tech,,2018-19,0.0,0,0,0,0,0,0,0,0,0,25,38,8,0.0,0,0,0,0,0,0,0,0,0,20,20,1
Vitaliy Shibel,Arizona State,2018-19,20.0,2,4,2,3,0,0,0,0,0,1,2,0,17.87,0,4,0,3,0,0,0,1,0,0,1,2
Vittorio Reynoso-Avila,Princeton,2018-19,0.0,0,0,0,0,0,0,0,0,0,1,0,0,18.37,3,4,1,1,0,2,1,1,0,0,0,2
Vladimir Pinchuk,New Mexico,2018-19,20.0,19,37,0,0,11,17,7,6,6,18,22,13,20.0,11,25,0,0,12,26,7,2,10,18,24,3
Von Julien,SE Louisiana,2018-19,20.0,31,70,16,35,5,8,68,15,0,0,37,37,14.93,27,66,9,31,30,39,51,10,1,3,28,45
Vontay Ott,,2018-19,2.1,1,3,0,2,0,0,0,2,0,0,0,0,0.0,0,2,0,1,0,0,1,0,0,1,2,0
Vonte Ott,Centenary,2018-19,20.0,16,42,3,16,6,6,3,3,2,8,31,9,14.95,26,50,8,22,3,6,6,5,1,10,25,12
Wabash College,,2018-19,0.0,0,0,0,0,0,0,0,0,0,4,1,0,0.0,0,0,0,0,0,0,0,0,0,0,0,0
Wabissa Bede,Virginia Tech,2018-19,20.0,25,65,14,39,0,2,41,15,1,5,39,12,14.78,19,44,6,18,7,8,31,17,2,2,30,22
Wade Miller,Dixie State,2018-19,20.0,2,6,2,4,0,0,0,0,0,1,1,1,20.0,4,10,4,9,0,0,0,0,0,0,2,0
Wagner,,2018-19,0.0,0,0,0,0,0,0,0,0,0,20,29,8,0.0,0,0,0,0,0,0,0,0,0,25,31,7
Wajid Aminu,North Florida,2018-19,20.0,82,154,7,16,25,39,18,14,33,46,63,33,20.0,62,111,3,10,34,58,22,15,34,27,65,24
Wake Forest,,2018-19,0.0,0,0,0,0,0,0,0,0,0,39,29,6,0.0,0,0,0,0,0,0,0,0,0,36,17,7
Wali Parks,Bethune-Cookman,2018-19,20.0,16,40,2,10,4,11,9,3,3,9,31,8,14.92,26,52,3,13,11,24,7,4,2,14,20,9
Walt McGrory,Wisconsin,2018-19,0.0,0,0,0,0,0,0,0,0,0,0,0,0,14.63,0,2,0,1,0,0,1,0,0,0,0,1
Walter Ellis,Bucknell,2018-19,16.5,10,25,9,23,0,0,5,4,3,2,15,2,20.0,4,17,3,15,0,0,3,0,1,3,10,1
Walter Jones Jr,Alabama A&M,2018-19,20.0,0,0,0,0,0,0,3,0,0,0,0,0,19.5,0,0,0,0,0,0,5,0,0,0,0,0
Walter Jones Jr.,Alabama A&M,2018-19,20.0,4,15,1,3,1,1,0,3,0,1,8,8,14.8,7,18,1,6,2,3,0,4,0,3,7,2
Wanjang Tut,Omaha,2018-19,20.0,21,46,1,4,5,5,7,4,7,6,24,17,14.9,17,37,3,8,1,4,6,5,8,4,19,8
Warren Washington,Oregon State,2018-19,20.0,7,11,0,0,2,8,5,0,5,8,9,4,17.18,6,10,0,1,2,2,0,0,2,4,5,2
Warren Williams,Manhattan,2018-19,20.0,46,85,0,1,19,38,7,7,9,22,40,38,20.0,63,104,0,0,35,76,9,6,11,28,26,24
Warren Wilson,,2018-19,0.0,0,0,0,0,0,0,0,0,0,2,1,1,0.0,0,0,0,0,0,0,0,0,0,4,0,0
Washington,,2018-19,0.0,0,0,0,0,0,0,0,0,0,40,33,5,0.0,0,0,0,0,0,0,0,0,0,43,37,8
Washington College (MD),,2018-19,0.0,0,0,0,0,0,0,0,0,0,1,1,0,0.0,0,0,0,0,0,0,0,0,0,0,2,1
Washington State,,2018-19,0.0,0,0,0,0,0,0,0,0,0,23,24,5,0.0,0,0,0,0,0,0,0,0,0,19,28,3
Wassef Methnani,Fairfield,2018-19,20.0,36,79,12,30,5,7,9,6,10,5,40,24,20.0,23,58,7,24,11,13,6,6,8,5,23,17
Wayland Baptist,,2018-19,0.0,0,0,0,0,0,0,0,0,0,0,0,3,0.0,0,0,0,0,0,0,0,0,0,3,0,0
Wayne Arnold,CSU Fullerton,2018-19,10.0,25,73,11,44,1,3,13,5,0,1,29,7,20.0,10,28,4,17,3,3,4,1,1,2,16,1
Wayne Li,Queens College,2018-19,20.0,2,3,0,1,0,0,0,0,0,3,1,1,14.98,0,0,0,0,0,0,0,0,0,0,1,0
Webber,,2018-19,0.0,0,0,0,0,0,0,0,0,0,1,1,0,0.0,0,0,0,0,0,0,0,0,0,1,0,1
Weber State,,2018-19,0.0,0,0,0,0,0,0,0,0,0,13,26,3,0.0,0,0,0,0,0,0,0,0,0,14,10,3
Webster Filmore,,2018-19,0.0,0,0,0,0,0,0,0,0,0,0,1,0,0.0,0,0,0,0,0,0,0,0,0,0,0,0
Weisner Perez,Harvard,2018-19,20.0,3,6,0,0,1,1,0,2,0,4,3,1,20.0,0,0,0,0,0,0,0,0,0,0,0,0
Welch,,2018-19,0.0,0,0,0,0,0,0,0,0,0,0,1,0,0.0,0,0,0,0,0,0,0,0,0,2,2,0
Wendell Mitchell,Texas A&M,2018-19,20.0,57,144,29,78,26,27,37,20,3,8,45,38,20.0,69,166,24,74,39,49,28,30,1,17,47,37
Wes Morgan,Lees McRae,2018-19,20.0,1,2,1,2,0,0,0,0,0,1,0,0,17.68,1,1,1,1,0,0,0,0,0,0,0,0
Wes Slajchert,Dartmouth,2018-19,20.0,12,34,7,26,4,5,9,9,1,1,9,12,20.0,5,20,0,8,3,5,10,4,2,2,11,9
Wesley,,2018-19,0.0,0,0,0,0,0,0,0,0,0,1,2,0,0.0,0,0,0,0,0,0,0,0,0,1,2,0
Wesley Gilbert,Sonoma State,2018-19,20.0,2,3,0,0,3,4,0,0,0,0,0,2,15.7,2,3,0,0,3,4,2,1,1,2,0,0
Wesley Harris,West Virginia,2018-19,15.0,17,55,6,21,22,31,10,8,5,18,32,13,20.0,31,71,10,33,21,31,4,7,3,15,30,16
Wesley Kra,New Rochelle,2018-19,0.0,0,0,0,0,0,0,0,0,0,0,0,0,14.75,1,2,0,0,1,4,0,0,0,0,0,0
Wesley Simpson,Georgia College,2018-19,20.0,0,1,0,1,0,0,1,0,0,0,2,0,17.97,3,5,2,3,0,0,1,2,0,0,1,2
Wesley Williams,St. Leo,2018-19,0.0,0,0,0,0,0,0,0,0,0,0,0,0,17.73,0,1,0,1,0,0,0,0,0,0,1,0
West Alabama,,2018-19,0.0,0,0,0,0,0,0,0,0,0,3,1,0,0.0,0,0,0,0,0,0,0,0,0,0,1,0
West Coast Baptist,,2018-19,0.0,0,0,0,0,0,0,0,0,0,5,3,2,0.0,0,0,0,0,0,0,0,0,0,2,0,1
West Virginia,,2018-19,0.0,0,0,0,0,0,0,0,0,0,44,22,4,0.0,0,0,0,0,0,0,0,0,0,37,34,10
Westcliff,,2018-19,0.0,0,0,0,0,0,0,0,0,0,1,2,0,0.0,0,0,0,0,0,0,0,0,0,1,0,3
Western Carolina,,2018-19,0.0,0,0,0,0,0,0,0,0,0,9,12,11,0.0,0,0,0,0,0,0,0,0,0,14,12,6
Western Illinois,,2018-19,0.0,0,0,0,0,0,0,0,0,0,20,24,2,0.0,0,0,0,0,0,0,0,0,0,19,22,2
Western Kentucky,,2018-19,0.0,0,0,0,0,0,0,0,0,0,34,26,10,0.0,0,0,0,0,0,0,0,0,0,21,29,6
Western Michigan,,2018-19,0.0,0,0,0,0,0,0,0,0,0,17,25,12,0.0,0,0,0,0,0,0,0,0,0,27,25,5
Western New England,,2018-19,0.0,0,0,0,0,0,0,0,0,0,2,3,1,0.0,0,0,0,0,0,0,0,0,0,2,3,0
Westin Riddick,East Texas Baptist,2018-19,20.0,5,8,4,7,0,0,1,0,0,1,2,0,17.95,1,4,1,4,1,2,2,0,0,0,0,0
Westminster (PA),,2018-19,0.0,0,0,0,0,0,0,0,0,0,1,1,0,0.0,0,0,0,0,0,0,0,0,0,1,1,0
Wichita State,,2018-19,0.0,0,0,0,0,0,0,0,0,0,44,30,8,0.0,0,0,0,0,0,0,0,0,0,52,24,11
Wil Bathurst,UAB,2018-19,0.0,2,6,1,2,0,0,0,1,0,0,4,1,17.95,0,0,0,0,2,4,1,0,0,1,0,0
Wil Sessoms,Milwaukee,2018-19,20.0,16,47,3,21,4,9,5,3,4,11,25,16,20.0,29,63,5,22,7,15,2,3,6,14,27,10
Wilberforce,,2018-19,0.0,0,0,0,0,0,0,0,0,0,6,2,0,0.0,0,0,0,0,0,0,0,0,0,2,3,0
Wiley,,2018-19,0.0,0,0,0,0,0,0,0,0,0,1,1,0,0.0,0,0,0,0,0,0,0,0,0,3,1,0
Will Brown,Fayetteville State,2018-19,0.0,0,0,0,0,0,0,0,0,1,0,2,0,17.77,0,0,0,0,1,2,0,0,0,0,0,0
Will Buckner,Milligan,2018-19,20.0,2,9,0,1,0,0,1,0,1,4,5,1,14.83,6,11,0,1,4,6,1,0,0,2,3,0
Will Butler,UAB,2018-19,20.0,27,42,0,0,8,12,3,3,4,15,30,13,19.07,19,35,0,0,11,19,4,3,2,16,33,3
Will Crain,UC Santa Cruz,2018-19,20.0,3,4,1,2,0,0,0,0,0,1,2,2,14.98,0,1,0,1,0,0,0,1,0,0,1,2
Will Crumly,Covenant,2018-19,20.0,0,3,0,2,0,0,0,1,0,0,2,3,14.97,1,3,0,1,0,0,0,0,1,0,0,0
Will Culliton,Army,2018-19,0.0,0,0,0,0,0,0,0,0,0,0,0,0,20.0,0,1,0,0,0,0,0,0,0,0,0,0
Will Ellis,Central Connecticut,2018-19,0.0,0,3,0,0,0,0,1,2,0,1,1,1,18.82,1,4,1,1,0,1,1,1,0,2,2,1
Will Emery,Dartmouth,2018-19,20.0,7,19,1,3,0,9,7,2,3,8,11,9,14.83,6,17,0,0,4,14,3,0,5,9,11,6
Will Gardner,Blue Mountain College,2018-19,0.0,0,0,0,0,0,0,0,1,0,0,2,1,14.9,0,1,0,0,0,0,0,0,0,0,2,1
Will Gladson,Princeton,2018-19,0.0,1,2,1,2,1,2,1,0,0,0,3,1,18.37,2,6,2,2,1,2,1,1,0,2,3,0
Will Grant,Central Pennsylvania College,2018-19,20.0,0,5,0,0,0,0,1,0,0,1,3,1,15.48,3,3,0,0,0,0,0,3,1,1,3,0
Will Huntington,,2018-19,0.0,0,0,0,0,0,0,0,0,0,0,0,1,0.0,0,0,0,0,0,0,0,0,0,1,0,0
Will Ibeh,Edward Waters,2018-19,20.0,4,9,2,3,0,0,0,1,0,2,2,2,18.6,0,0,0,0,0,0,0,0,0,1,0,1
Will Miller,VMI,2018-19,0.0,6,11,2,5,2,2,5,4,3,2,4,4,14.72,4,9,0,2,0,0,5,1,0,2,5,1
Will Muller,Molloy,2018-19,20.0,1,1,0,0,0,0,0,0,1,0,1,2,16.25,2,2,0,0,2,4,0,0,0,0,0,0
Will O'Connor,Indiana South Bend,2018-19,20.0,3,3,3,3,0,0,0,0,0,1,2,1,14.83,0,1,0,1,0,0,0,0,0,0,0,1
Will Rainey,Louisville,2018-19,20.0,1,1,0,0,0,0,0,0,0,0,0,0,20.0,0,0,0,0,0,0,0,0,0,0,0,0
Will Rayman,Colgate,2018-19,19.23,62,143,27,65,30,44,22,14,6,31,60,27,20.0,60,144,26,57,27,39,18,10,13,24,66,24
Will Reese,LSU,2018-19,20.0,1,1,0,0,0,0,0,0,0,0,0,0,14.93,0,0,0,0,0,0,0,0,0,0,0,1
Will Richardson,Oregon,2018-19,20.0,36,75,6,26,11,19,35,19,2,12,31,35,20.0,31,73,5,20,33,48,47,19,4,11,28,20
Will Richter,Piedmont,2018-19,20.0,1,1,0,0,0,0,0,0,0,0,0,0,14.88,3,7,3,7,0,0,1,0,0,0,0,2
Will Robinson,McNeese,2018-19,20.0,23,66,2,14,20,28,9,2,0,14,36,15,17.1,16,38,4,8,28,32,7,3,0,6,18,11
Will Stanford,Mobile,2018-19,20.0,3,9,0,0,3,6,3,1,0,1,2,0,19.62,1,2,0,1,6,7,0,0,0,0,2,0
Will Vorhees,Notre Dame College,2018-19,20.0,5,13,0,5,1,2,1,0,0,1,2,2,16.93,7,13,0,2,0,0,0,0,0,2,3,1
Willamette,,2018-19,0.0,0,0,0,0,0,0,0,0,0,1,1,0,0.0,0,0,0,0,0,0,0,0,0,0,2,0
Willem Vermylen,Johnson & Wales (FL),2018-19,20.0,0,1,0,0,0,0,0,0,1,1,2,0,14.95,0,1,0,0,0,0,0,0,0,0,1,1
William & Mary,,2018-19,0.0,0,0,0,0,0,0,0,0,0,23,16,5,0.0,0,0,0,0,0,0,0,0,0,28,16,6
William Boyer-Richard,Western Michigan,2018-19,15.0,25,55,20,35,10,11,17,7,1,0,16,21,20.0,17,42,13,32,12,17,9,3,2,1,15,10
William Boyerrichard,,2018-19,9.1,2,2,0,0,0,1,0,1,0,0,0,3,0.0,0,0,0,0,0,0,1,0,0,0,0,1
William Brown,Jackson State,2018-19,20.0,4,10,1,3,2,2,4,2,1,0,6,6,14.67,5,17,1,3,4,8,3,2,0,0,4,3
William Bryan,Covenant,2018-19,20.0,0,3,0,0,0,0,1,0,0,0,0,0,14.97,1,1,1,1,0,0,0,0,0,0,0,2
William Carey,,2018-19,0.0,0,0,0,0,0,0,0,0,0,1,1,0,0.0,0,0,0,0,0,0,0,0,0,3,2,0
William Crandell,Winston Salem,2018-19,20.0,3,7,0,0,0,0,0,0,0,3,1,1,14.87,0,1,0,0,0,2,0,0,0,0,1,1
William Douglas,SMU,2018-19,20.0,3,11,2,10,5,6,6,4,1,4,6,3,19.02,0,8,0,6,0,0,1,3,0,0,3,6
William Gibbons,,2018-19,11.87,2,5,1,2,0,0,0,1,0,2,1,1,0.0,2,3,0,0,1,2,0,0,0,2,1,0
William Jackson II,Georgia,2018-19,20.0,32,90,21,70,11,15,23,8,4,9,15,27,14.92,23,72,16,48,14,17,42,10,3,6,23,15
William Jessup,,2018-19,0.0,0,0,0,0,0,0,0,0,0,3,1,0,0.0,0,0,0,0,0,0,0,0,0,0,1,0
William Melson,Bloomsburg University,2018-19,20.0,4,5,3,4,1,3,0,0,0,0,0,1,14.88,0,3,0,1,0,0,1,0,0,1,1,1
William Moore,,2018-19,0.0,0,0,0,0,0,0,0,0,0,0,0,1,0.0,0,0,0,0,0,0,0,0,0,0,0,0
William Mytty,Montana Tech,2018-19,0.0,0,0,0,0,0,0,0,0,0,0,0,0,14.7,0,1,0,0,0,0,0,1,0,0,0,1
William Peace,,2018-19,0.0,0,0,0,0,0,0,0,0,0,1,0,1,0.0,0,0,0,0,0,0,0,0,0,2,2,0
William Pendygraft,,2018-19,0.0,0,0,0,0,0,0,0,0,0,0,0,0,0.0,0,0,0,0,0,0,0,0,0,0,1,1
William Phelps,Florida Memorial,2018-19,20.0,1,8,1,4,0,0,0,1,0,1,2,2,14.9,1,4,0,0,0,0,1,1,0,1,0,1
William Pierce,Penn State Wilkes-Barre,2018-19,20.0,1,2,0,0,0,0,0,0,0,1,0,0,15.97,0,0,0,0,0,0,0,0,0,0,1,0
William Ridgell,Arkansas-Pine Bluff,2018-19,0.0,0,0,0,0,0,0,0,0,0,0,0,0,17.98,0,1,0,1,1,2,0,0,0,1,0,1
William Tinsley,Illinois State,2018-19,0.0,24,67,13,51,0,2,9,4,10,10,47,7,20.0,22,57,15,43,2,3,4,5,10,10,44,3
William Woods,,2018-19,0.0,0,0,0,0,0,0,0,0,0,0,1,0,0.0,0,0,0,0,0,0,0,0,0,0,0,0
Williams Baptist,,2018-19,0.0,0,0,0,0,0,0,0,0,0,0,0,1,0.0,0,0,0,0,0,0,0,0,0,0,0,0
Willie Herenton,Miami,2018-19,0.0,0,0,0,0,0,0,0,0,0,0,0,0,20.0,1,3,1,2,0,0,0,0,0,0,0,0
Willie Jackson,Toledo,2018-19,20.0,52,105,2,3,14,22,27,12,12,32,113,26,20.0,53,105,0,1,34,46,20,4,3,40,88,23
Willy Isiani,Detroit Mercy,2018-19,20.0,14,34,13,33,1,3,2,1,0,2,8,5,14.97,11,22,7,16,6,6,5,0,0,3,4,2
Willy Nunez Jr,Florida International,2018-19,20.0,0,0,0,0,0,0,17,0,0,0,0,0,14.95,0,0,0,0,0,0,9,0,0,0,0,0
Willy Nunez Jr.,Florida International,2018-19,20.0,54,140,45,121,21,28,0,6,2,5,34,15,15.82,35,105,29,92,11,13,0,10,0,4,27,10
Wilmington (DE),,2018-19,0.0,0,0,0,0,0,0,0,0,0,3,0,0,0.0,0,0,0,0,0,0,0,0,0,1,3,0
Wilson College,,2018-19,0.0,0,0,0,0,0,0,0,0,0,1,4,0,0.0,0,0,0,0,0,0,0,0,0,0,0,0
Wilson LaShells,William Jessup,2018-19,0.0,0,0,0,0,0,0,0,1,0,0,0,0,17.87,1,1,1,1,0,0,0,0,0,0,0,0
Winston Salem St,,2018-19,0.0,0,0,0,0,0,0,0,0,0,1,1,0,0.0,0,0,0,0,0,0,0,0,0,1,1,0
Winthrop,,2018-19,0.0,0,0,0,0,0,0,0,0,0,17,26,6,3.65,1,1,0,0,0,0,0,0,0,20,23,3
Wisconsin,,2018-19,0.0,0,0,0,0,0,0,0,0,0,17,34,7,0.0,0,0,0,0,0,0,0,0,0,16,26,7
Wisconsin-Lutheran,,2018-19,0.0,0,0,0,0,0,0,0,0,0,3,3,0,0.0,0,0,0,0,0,0,0,0,0,0,1,0
Wisconsin-Stout,,2018-19,0.0,0,0,0,0,0,0,0,0,0,3,0,0,0.0,0,0,0,0,0,0,0,0,0,1,3,0
Wofford,,2018-19,0.0,0,0,0,0,0,0,0,0,0,8,18,5,0.0,0,0,0,0,0,0,0,0,0,19,13,10
Wolf Moser,Oberlin College,2018-19,20.0,1,1,0,0,0,0,0,2,0,0,0,0,16.35,0,1,0,1,0,0,1,0,0,0,0,1
Wright State,,2018-19,0.0,0,0,0,0,0,0,0,0,0,27,15,5,0.0,0,0,0,0,0,0,0,0,0,37,18,4
Wyatt Battaile,,2018-19,0.0,0,0,0,0,0,0,0,0,0,0,0,0,0.0,0,0,0,0,0,0,0,0,0,0,1,0
Wyatt Lohaus,Northern Iowa,2018-19,20.0,43,120,17,50,13,16,26,6,0,4,33,18,20.0,64,134,22,57,24,33,20,7,1,6,29,19
Wyatt Lowell,Utah Valley,2018-19,20.0,28,64,20,49,5,6,9,9,2,4,43,18,20.0,20,49,15,39,2,4,1,5,4,4,23,8
Wyatt Self,,2018-19,0.0,0,0,0,0,0,0,0,0,0,0,0,0,0.0,0,0,0,0,0,0,0,0,0,0,0,1
Wyatt Walker,NC State,2018-19,20.0,35,67,1,3,16,25,17,12,15,31,59,22,14.8,29,40,1,2,17,24,10,2,16,31,30,16
Wyatt Wilkes,Florida State,2018-19,0.0,1,6,1,5,0,0,1,0,0,0,2,0,14.97,2,7,0,4,0,0,0,0,1,1,2,1
Wyatt Yess,Yale,2018-19,20.0,0,0,0,0,1,2,0,0,0,0,2,0,14.97,0,0,0,0,0,0,0,0,0,1,0,0
Wynston Tabbs,Boston College,2018-19,20.0,25,71,6,22,10,12,15,11,1,2,22,14,20.0,37,73,11,27,32,37,24,6,2,2,26,8
Wyoming,,2018-19,0.0,0,0,0,0,0,0,0,0,0,24,29,7,0.0,0,0,0,0,0,0,0,0,0,30,33,3
Xabier Gomez,Texas A&M-International,2018-19,20.0,2,9,1,5,1,1,1,0,0,0,2,1,14.97,1,6,0,2,0,0,2,1,0,1,1,2
Xavian Stapleton,Florida Atlantic,2018-19,20.0,44,100,26,65,18,21,5,8,2,10,30,13,14.83,56,111,24,64,27,36,9,9,5,15,45,6
Xavier,,2018-19,0.0,0,0,0,0,0,0,0,0,0,26,27,8,0.0,0,0,0,0,0,0,0,0,0,30,19,8
Xavier Alston,Wilmington (DE),2018-19,20.0,0,1,0,0,2,2,0,1,0,0,0,1,20.0,1,1,1,1,0,0,0,0,0,0,0,1
Xavier Bishop,UMKC,2018-19,20.0,66,145,30,71,25,37,55,16,0,3,35,39,14.6,72,165,21,70,54,65,46,15,0,12,24,33
Xavier Bryant,Sam Houston State,2018-19,0.0,4,11,0,2,7,7,26,8,0,2,4,10,17.95,9,16,4,6,6,9,18,5,0,0,12,9
Xavier Castaneda,South Florida,2018-19,20.0,20,75,8,31,12,17,23,9,0,8,24,36,17.73,21,56,6,18,36,51,33,10,1,9,15,21
Xavier Chambers,Champion Christian College,2018-19,20.0,0,2,0,0,0,0,1,0,0,0,1,3,15.02,1,1,0,0,0,0,0,0,0,0,2,8
Xavier Fennell,Winston Salem,2018-19,20.0,0,1,0,0,0,0,0,0,0,0,2,0,14.87,1,2,0,1,0,0,1,0,0,2,2,0
Xavier Fogle,Texas-Tyler,2018-19,20.0,2,3,2,3,0,0,0,0,0,1,1,1,18.0,0,1,0,1,0,0,0,0,1,0,0,2
Xavier Green,Old Dominion,2018-19,20.0,54,153,24,67,11,17,32,10,2,9,40,37,17.65,60,140,27,61,22,31,31,12,3,6,66,25
Xavier Hallinan,Portland,2018-19,20.0,2,4,2,3,2,2,0,2,0,0,0,5,20.0,2,5,1,1,1,2,3,1,0,0,3,1
Xavier Hill-Mais,Oakland,2018-19,20.0,111,221,22,67,41,57,43,10,13,39,88,50,20.0,116,206,11,31,57,84,37,10,12,33,75,45
Xavier Johnson,Pittsburgh,2018-19,20.0,71,170,17,51,60,71,68,23,3,11,37,61,15.87,76,189,18,48,85,125,72,15,0,26,47,65
Xavier Latore,Truett-McConnell,2018-19,20.0,1,1,0,0,0,0,0,0,0,0,0,0,16.18,0,0,0,0,0,2,0,0,0,0,0,0
Xavier Ledet,Texas Permian Basin,2018-19,20.0,2,5,0,0,0,1,0,0,0,0,6,3,14.8,3,4,0,0,0,0,2,1,0,3,5,1
Xavier McCants,East Mennonite,2018-19,20.0,2,4,1,1,0,0,0,0,0,0,1,2,14.88,2,4,0,1,0,0,1,0,0,0,0,2
Xavier Pinson,Missouri,2018-19,20.0,28,74,14,36,20,28,42,12,0,13,35,40,17.98,30,67,8,22,25,29,25,7,0,10,21,29
Xavier Smith,Idaho,2018-19,20.0,9,33,1,9,3,6,17,9,2,0,21,18,20.0,14,29,2,5,16,22,25,3,2,0,13,13
Xavier Sneed,Kansas State,2018-19,20.0,66,163,26,82,10,17,30,20,6,20,62,23,20.0,53,136,29,75,47,70,33,24,5,23,74,18
Xavier Tillman,Michigan State,2018-19,20.0,65,112,5,17,28,46,36,16,29,52,91,29,20.0,75,120,3,9,58,71,25,19,31,43,92,28
Xavier Williams,Fayetteville State,2018-19,20.0,1,3,0,1,2,2,0,0,1,0,1,0,17.77,0,1,0,0,0,0,0,0,0,0,0,0
Xzavier Malone-Key,Fairleigh Dickinson,2018-19,20.0,48,117,17,52,17,21,24,18,7,11,36,30,14.58,57,120,21,61,12,25,24,13,3,8,40,25
Yagizhan Selcuk,Towson,2018-19,0.0,0,0,0,0,2,2,0,0,0,0,0,1,17.7,1,3,0,1,1,1,1,0,0,0,1,0
Yahmir Muhammad,,2018-19,7.6,1,4,1,2,0,0,0,0,0,0,0,4,0.0,4,6,1,2,2,2,0,0,0,0,3,2
Yale,,2018-19,0.0,0,0,0,0,0,0,0,0,0,14,18,5,0.0,0,0,0,0,0,0,0,0,0,16,18,2
Yalen Reed,St. Leo,2018-19,20.0,1,6,1,3,1,2,2,0,1,0,3,1,17.73,3,8,0,2,0,0,1,1,3,2,3,6
Yalim Olcay,Western Carolina,2018-19,0.0,0,0,0,0,0,0,0,1,0,1,0,0,14.88,0,1,0,0,0,0,0,0,0,0,0,1
Yanni Wetzell,Vanderbilt,2018-19,0.0,37,73,4,17,17,25,5,11,7,16,35,21,20.0,28,54,4,15,27,34,6,6,9,23,45,18
Yannis Mendy,Robert Morris,2018-19,20.0,43,75,0,1,21,25,13,6,1,31,44,23,19.42,33,54,0,0,17,26,7,6,2,23,30,15
Yaradyah Evans,St. Francis (BKN),2018-19,20.0,34,86,11,39,11,18,15,17,8,22,69,27,14.93,17,51,2,26,4,7,8,10,10,16,55,13
Yauhen Massalski,San Diego,2018-19,19.07,50,91,0,0,13,30,18,8,25,34,68,30,17.93,40,57,0,0,12,19,13,4,20,22,48,22
Yilret Yiljep,American,2018-19,15.0,3,10,1,1,7,12,3,5,1,3,15,8,20.0,6,8,0,0,2,3,1,1,1,2,6,6
Yoeli Childs,BYU,2018-19,20.0,112,218,18,51,50,68,30,9,14,30,123,44,17.82,98,203,11,35,55,82,26,19,17,25,98,39
Yor Anei,Oklahoma State,2018-19,20.0,45,77,0,0,19,24,7,4,37,21,52,27,20.0,51,80,0,0,28,49,14,5,46,38,42,18
York College Nebraska,,2018-19,0.0,0,0,0,0,0,0,0,0,0,0,0,0,0.0,0,0,0,0,0,0,0,0,0,1,2,0
Youngstown State,,2018-19,0.0,0,0,0,0,0,0,0,0,0,22,29,3,0.0,0,0,0,0,0,0,0,0,0,32,24,6
Youry White,UL Monroe,2018-19,20.0,5,12,0,0,0,1,1,1,0,4,14,5,20.0,1,3,0,0,1,2,1,1,0,0,2,2
Yuat Alok,TCU,2018-19,20.0,8,19,0,0,3,4,0,0,0,4,7,8,20.0,3,7,0,0,0,0,1,0,3,0,11,4
Yves Pons,Tennessee,2018-19,20.0,25,40,6,15,4,12,8,7,10,9,30,13,14.97,6,19,0,8,2,3,8,2,3,8,11,7
ZaQwaun Matthews,Sam Houston State,2018-19,20.0,0,8,0,7,0,0,3,0,0,1,1,0,17.95,3,11,0,5,0,0,1,1,0,0,6,0
Zac Cuthbertson,Coastal Carolina,2018-19,20.0,93,192,24,58,51,65,31,9,10,30,107,43,20.0,93,196,16,55,118,155,46,21,3,42,87,34
Zac Furgerson,NW Nazarene,2018-19,20.0,1,2,0,1,0,0,0,0,0,0,0,0,14.97,0,0,0,0,0,0,1,0,0,0,0,0
Zac Neely,Palm Beach Atlantic,2018-19,20.0,0,1,0,1,0,0,0,0,0,0,0,0,20.0,1,2,1,1,0,0,0,0,0,0,0,0
Zac Saddler,North Dakota,2018-19,20.0,0,1,0,1,0,0,0,1,0,0,0,1,17.82,0,0,0,0,0,0,0,0,0,0,0,0
Zac Seljaas,BYU,2018-19,20.0,35,81,19,54,12,16,23,10,4,10,38,16,17.82,26,70,15,47,14,19,16,11,5,10,30,9
Zac Watson,UC Riverside,2018-19,20.0,46,81,5,15,14,32,15,12,4,21,42,38,20.0,27,64,2,13,14,24,13,8,7,16,34,15
Zacarry Douglas,North Carolina Central,2018-19,20.0,47,112,16,52,22,28,19,14,7,27,88,21,14.78,54,117,14,37,20,34,23,11,10,19,101,22
Zacc Carter,McMurry,2018-19,20.0,3,6,2,2,2,2,0,4,0,1,1,5,14.85,1,5,0,0,3,4,0,0,0,1,1,0
Zach Bates,Urbana,2018-19,20.0,0,2,0,0,0,0,0,0,0,3,0,2,14.88,1,2,0,1,0,0,0,0,0,0,0,0
Zach Baumgartner,,2018-19,0.0,0,0,0,0,0,0,0,0,0,0,0,2,0.0,0,0,0,0,0,0,0,0,0,0,1,0
Zach Bobo,University of the Ozarks,2018-19,20.0,1,5,0,2,0,0,1,1,0,0,1,0,14.97,1,3,0,1,1,2,0,0,0,0,2,1
Zach Braxton,Weber State,2018-19,19.07,46,77,0,0,52,72,11,9,12,32,60,26,17.93,39,67,0,0,43,67,11,7,7,24,69,22
Zach Brennan,Misericordia,2018-19,0.0,0,0,0,0,0,0,0,0,0,0,0,0,14.78,0,1,0,0,0,0,2,0,0,0,0,0
Zach Brock,Florida College,2018-19,20.0,4,7,3,5,0,3,0,0,0,1,0,3,17.85,0,3,0,3,0,0,3,0,0,0,1,1
Zach Brown,Hartford,2018-19,0.0,0,0,0,0,0,0,0,0,0,0,0,0,14.88,1,1,0,0,0,0,0,0,0,0,0,0
Zach Cameron,Pacific,2018-19,20.0,13,29,0,0,4,8,5,2,4,17,27,8,14.93,8,18,0,0,8,13,1,0,8,10,28,4
Zach Chappell,San José St,2018-19,20.0,18,61,6,28,4,10,32,10,0,2,17,12,19.95,19,58,7,27,20,23,22,5,1,2,16,14
Zach Cooks,NJIT,2018-19,18.13,102,222,37,97,27,37,28,37,0,12,58,29,20.0,82,188,23,79,62,83,35,44,1,9,60,33
Zach Copeland,Illinois State,2018-19,20.0,38,117,20,70,0,0,43,17,4,5,31,31,20.0,52,141,25,71,38,45,38,10,1,6,39,35
Zach Dahl,Wisconsin-Stout,2018-19,20.0,0,2,0,1,0,0,0,0,0,1,0,0,14.93,0,5,0,3,0,0,1,0,0,1,2,1
Zach Elliott,East Texas Baptist,2018-19,20.0,0,1,0,0,0,0,0,0,0,0,1,0,17.95,0,0,0,0,0,0,0,0,0,1,0,1
Zach Farquhar,Liberty,2018-19,20.0,2,3,2,3,0,0,1,1,1,0,1,0,14.9,0,2,0,2,0,0,3,0,0,0,4,1
Zach Flener,Lipscomb,2018-19,20.0,1,1,1,1,0,0,0,0,0,0,0,0,14.97,1,3,1,2,0,0,1,0,0,0,3,0
Zach Frampton,Dixie State,2018-19,20.0,2,3,1,2,0,0,0,2,0,1,0,0,20.0,1,2,0,0,0,0,1,1,0,0,2,2
Zach Glotta,Austin Peay,2018-19,20.0,43,106,35,88,11,13,29,17,0,6,19,17,14.92,26,73,25,68,24,26,21,13,1,3,14,11
Zach Gunn,Ball State,2018-19,20.0,23,56,18,49,12,16,5,1,1,5,35,6,18.95,15,43,12,37,8,9,4,3,0,3,22,3
Zach Haney,Boise State,2018-19,20.0,50,87,3,10,21,37,20,9,7,30,41,24,20.0,47,82,1,7,20,44,12,7,7,22,32,14
Zach Hankins,Xavier,2018-19,20.0,88,125,0,1,15,25,16,9,30,39,54,16,17.87,66,101,0,0,30,49,21,3,21,33,45,17
Zach Hopewell,KY Wesleyan,2018-19,20.0,0,1,0,1,0,0,0,0,0,0,0,0,15.73,0,0,0,0,0,0,0,0,0,0,0,0
Zach Hunsaker,Brown,2018-19,20.0,23,62,11,36,12,13,22,14,1,2,31,17,20.0,34,82,22,56,25,31,21,15,1,3,22,20
Zach Jackson,Omaha,2018-19,20.0,92,188,25,64,36,51,24,13,0,14,53,20,14.9,90,177,32,66,55,69,30,7,2,12,42,27
Zach Jacobs,James Madison,2018-19,20.0,17,45,1,15,5,7,7,6,14,13,38,14,20.0,21,47,2,11,13,16,7,8,11,15,38,6
Zach Johnson,Miami,2018-19,20.0,55,154,15,54,32,47,40,28,5,6,39,31,17.98,67,155,15,51,53,86,34,23,7,5,37,31
Zach Jones,Mississippi College,2018-19,20.0,0,1,0,0,0,0,1,1,0,0,3,1,14.97,0,0,0,0,0,0,1,0,0,0,2,0
Zach Light,Colgate,2018-19,20.0,0,2,0,1,0,0,1,0,0,0,2,0,20.0,2,3,0,1,2,2,0,0,0,1,0,1
Zach Lydon,SUNY-Cortland,2018-19,20.0,0,6,0,3,0,0,0,0,1,0,1,1,14.92,1,2,1,2,0,0,0,0,0,1,0,1
Zach MacDonnell,St. Joseph's (NY-Brooklyn),2018-19,20.0,0,1,0,1,0,0,0,0,0,0,0,1,14.9,1,3,1,2,2,2,1,0,0,2,1,1
Zach McDaniel,Brescia,2018-19,20.0,2,2,2,2,0,0,0,0,0,0,6,4,14.95,1,5,1,1,0,0,2,1,1,0,0,0
Zach McRoberts,Indiana,2018-19,20.0,2,10,0,6,0,0,6,7,1,5,15,8,14.95,2,10,1,8,0,0,4,6,0,1,24,0
Zach Montes,Northwestern Ohio,2018-19,20.0,2,5,0,2,1,2,0,1,0,0,2,2,14.98,0,2,0,0,0,0,0,0,0,0,0,0
Zach Naylor,Ole Miss,2018-19,20.0,0,1,0,1,0,0,4,0,1,1,3,3,20.0,3,7,1,4,0,0,1,1,0,4,2,2
Zach Norvell Jr,Gonzaga,2018-19,20.0,0,0,0,0,0,0,9,0,0,0,0,0,14.48,0,0,0,0,0,0,6,0,0,0,0,0
Zach Norvell Jr.,Gonzaga,2018-19,20.0,84,189,49,122,46,50,55,22,2,16,70,28,14.48,86,208,43,128,39,48,36,24,1,12,51,22
Zach Nutall,Sam Houston State,2018-19,20.0,44,97,18,49,5,8,14,9,4,11,38,11,17.95,32,73,14,35,10,18,16,12,3,17,30,12
Zach Parker,Eastern New Mexico,2018-19,20.0,5,16,2,9,3,5,1,3,0,0,6,3,20.0,3,8,3,6,3,4,1,1,0,0,2,2
Zach Pfaffenberger,Sacred Heart,2018-19,20.0,13,35,0,0,5,7,1,9,4,7,19,7,15.27,8,19,0,0,2,4,0,3,1,6,9,4
Zach Pirog,California Baptist,2018-19,0.0,23,34,0,1,12,20,2,2,12,25,31,8,20.0,20,29,0,0,15,22,4,1,28,14,35,7
Zach Radz,Sacred Heart,2018-19,20.0,20,45,7,22,15,20,5,5,0,4,24,12,19.92,26,51,8,21,4,8,11,1,0,5,16,13
Zach Reichle,Oregon State,2018-19,20.0,16,48,13,37,7,10,18,7,0,6,23,18,17.18,11,41,10,33,13,17,21,8,1,4,22,10
Zach Scott,Florida Gulf Coast,2018-19,20.0,40,98,19,51,7,10,14,11,2,8,38,13,14.97,33,77,15,36,22,30,8,8,3,7,29,17
Zach Sellers,Savannah St,2018-19,20.0,42,109,22,67,12,15,50,11,3,13,27,30,14.92,58,128,15,53,37,45,45,18,0,15,23,31
Zach Thornhill,Omaha,2018-19,20.0,7,13,4,6,0,0,3,2,1,2,3,2,20.0,5,10,0,1,2,2,2,2,0,4,8,1
Zach Walton,Drexel,2018-19,20.0,6,13,0,2,5,7,2,2,1,3,8,2,20.0,5,14,2,9,2,2,2,1,1,0,3,4
Zach Waterhouse,Emerson College,2018-19,20.0,4,6,2,4,1,1,0,1,0,0,1,1,14.78,0,1,0,0,0,0,0,0,0,1,1,0
Zach Wrightsil,Loyola New Orleans,2018-19,20.0,8,15,0,1,0,0,2,3,1,3,6,4,20.0,8,18,3,5,1,3,2,1,0,4,7,5
Zach Zuleger,Wisconsin Lutheran,2018-19,0.0,0,0,0,0,0,0,0,0,0,0,0,0,17.8,0,1,0,0,0,0,0,0,0,0,0,0
Zachariah Christian,Humboldt State,2018-19,20.0,3,8,0,1,0,1,1,0,2,1,4,3,14.73,3,5,0,0,0,0,2,0,0,1,3,1
Zachary Allison,Birmingham-Southern,2018-19,20.0,0,4,0,2,4,5,2,1,0,0,1,0,14.97,0,0,0,0,0,0,0,0,0,0,0,1
Zachary Barnes,Mississippi Valley State,2018-19,0.0,0,0,0,0,0,0,0,0,0,0,0,1,14.77,0,2,0,1,1,2,2,1,2,1,4,1
Zachary Moser,,2018-19,0.0,0,0,0,0,0,0,0,0,0,0,0,0,0.0,0,0,0,0,0,0,0,0,0,0,0,1
Zachary Orr,Bob Jones University,2018-19,20.0,3,9,0,0,1,4,0,0,0,3,3,2,14.93,2,4,0,0,2,6,1,0,0,1,5,2
Zachary Powell,Wilson College,2018-19,20.0,2,7,1,5,0,0,0,0,0,0,0,0,17.92,3,6,1,2,2,2,0,0,0,0,3,2
Zachary Simmons,North Texas,2018-19,20.0,46,76,0,1,6,8,15,4,9,23,44,16,14.73,36,55,0,0,19,32,5,4,12,22,41,17
Zachary Tavitian,Western New England,2018-19,20.0,4,12,0,6,1,1,0,0,1,2,4,1,15.27,4,7,3,3,1,2,0,0,1,3,3,2
Zachary Tullos,Millsaps,2018-19,20.0,1,1,0,0,0,0,0,0,1,1,1,1,14.92,0,2,0,0,0,0,0,0,0,1,2,0
Zachary Winston,Albion,2018-19,20.0,1,3,1,3,0,0,0,0,0,0,0,0,17.95,0,1,0,0,0,0,1,0,0,1,0,0
Zack Bryant,UAB,2018-19,20.0,81,198,21,75,26,42,75,24,8,7,55,28,19.07,93,201,25,67,62,86,49,35,5,10,46,45
Zack Moore,UC Santa Barbara,2018-19,20.0,1,2,1,1,0,0,4,1,1,0,2,2,19.87,2,3,2,2,0,0,4,0,0,1,2,2
Zack Norris,Columbia International,2018-19,20.0,0,1,0,1,0,0,0,0,0,0,1,0,14.87,0,0,0,0,0,0,0,0,0,0,1,1
Zack Spooner,St. Mary's (MD),2018-19,20.0,0,2,0,0,0,0,0,1,0,1,0,1,14.75,2,4,1,2,0,0,0,0,0,0,1,0
Zafir Williams,Loyola Marymount,2018-19,20.0,31,86,7,30,12,14,19,6,5,16,35,9,14.68,34,74,2,17,10,17,12,8,4,12,36,13
Zahrion Blue,Lincoln PA,2018-19,20.0,2,3,0,0,0,0,0,0,0,1,0,1,20.0,3,7,0,1,2,2,1,0,0,0,2,1
Zaire Mateen,Northern Illinois,2018-19,12.9,3,14,2,9,2,3,6,2,0,1,4,1,20.0,7,13,4,6,2,4,4,3,0,0,3,4
Zaire Mitchell,Rosemont College,2018-19,0.0,0,0,0,0,0,0,0,0,0,0,0,0,14.92,0,0,0,0,1,2,0,0,0,0,0,0
Zak Kirkman,Calvary,2018-19,20.0,0,1,0,1,0,0,0,0,0,0,0,6,14.75,0,2,0,2,0,0,0,0,0,0,1,0
Zalan Richards,South Wesleyan,2018-19,20.0,0,1,0,0,0,0,0,0,0,0,0,0,17.87,0,0,0,0,0,0,0,0,0,0,2,0
Zalek Sharp,Lyon,2018-19,20.0,0,0,0,0,2,2,0,0,0,0,1,0,18.78,0,1,0,0,0,0,0,0,0,0,0,1
Zane Najdawi,The Citadel,2018-19,20.0,66,155,15,50,38,52,26,14,30,33,85,34,17.78,78,141,10,35,49,68,18,9,27,40,57,24
Zane Wright,Eastern Oregon,2018-19,20.0,0,0,0,0,1,2,1,0,0,0,0,0,14.97,2,2,2,2,0,0,1,0,0,0,0,1
Zane Zbranek,Hardin-Simmons,2018-19,20.0,1,1,0,0,0,0,0,0,0,0,0,0,14.77,0,0,0,0,0,0,0,0,0,0,0,0
Zaquavian Smith,Savannah St,2018-19,20.0,44,115,24,69,9,11,15,9,2,5,26,15,14.92,36,97,20,61,6,7,12,11,7,11,11,8
Zavier Harris,Holy Names,2018-19,0.0,0,0,0,0,0,0,0,0,0,0,0,1,14.8,1,1,0,0,0,0,0,1,0,0,0,0
Zavier Peart,Grambling,2018-19,20.0,19,41,2,3,11,16,3,0,7,8,28,9,20.0,10,31,0,0,5,9,2,2,6,7,18,4
Zavier Simpson,Michigan,2018-19,20.0,66,147,13,54,6,9,113,30,1,8,85,43,14.87,55,135,18,47,28,41,119,19,1,9,76,25
Zavon Godwin,KY Wesleyan,2018-19,20.0,5,5,0,0,0,1,0,0,0,0,2,0,15.73,1,2,1,1,1,2,0,0,0,0,2,0
Zay Jennings,Le Moyne,2018-19,20.0,4,7,3,5,0,0,0,1,0,0,0,1,14.63,2,3,1,2,0,0,1,1,0,0,1,1
Zay Williams,Troy,2018-19,20.0,19,37,2,8,16,21,4,2,16,13,28,13,14.9,5,15,0,1,5,8,1,1,6,8,11,7
Zaynah Robinson,Northern Kentucky,2018-19,16.9,45,108,22,54,5,7,39,13,1,2,39,17,20.0,34,80,14,42,7,12,37,16,0,1,17,14
Zeb Green,Calvary,2018-19,20.0,2,2,0,0,0,0,0,0,0,0,4,3,14.75,1,4,0,0,2,2,1,0,0,1,3,0
Zed Farrell,Lehigh,2018-19,0.0,0,0,0,0,0,0,0,0,0,0,0,0,17.9,0,0,0,0,0,0,1,0,0,0,0,0
Zeke Moore,Tulsa,2018-19,20.0,9,22,2,9,4,4,2,2,0,2,9,5,18.08,4,9,2,6,0,0,3,1,1,1,3,0
Zeke Quinlan,Montana State,2018-19,20.0,3,21,0,1,9,16,8,2,1,6,21,9,15.77,2,5,0,1,3,6,3,1,0,1,11,3
Zeke Richards,,2018-19,0.0,4,8,0,0,1,2,3,0,3,3,4,2,9.32,6,9,0,0,1,2,0,0,0,3,2,1
Zellie Hudson,Central Washington,2018-19,0.0,0,0,0,0,0,0,0,0,0,1,0,0,17.97,2,3,0,1,0,0,0,0,1,0,3,2
Zep Jasper,Charleston,2018-19,20.0,26,66,19,46,5,6,18,10,1,3,23,5,19.8,21,50,13,31,18,21,18,11,0,6,31,13
Zezva Liluashvili,Aquinas College,2018-19,20.0,0,4,0,2,0,0,2,1,0,0,1,1,14.97,2,2,2,2,0,0,2,1,0,0,0,0
Ziga Zatezic,,2018-19,0.0,0,0,0,0,0,0,0,0,0,0,0,0,11.83,0,1,0,1,0,0,0,0,1,0,0,0
Zigmars Raimo,Hawai'i,2018-19,20.0,64,127,0,0,25,51,17,18,2,43,57,24,17.95,71,121,0,1,37,65,19,19,7,26,52,23
Zion Cousins,Howard,2018-19,20.0,25,65,1,8,5,7,14,13,14,33,58,10,20.0,24,64,3,7,14,20,7,5,12,25,50,8
Zion Griffin,Iowa State,2018-19,0.0,2,10,1,9,0,1,0,0,0,2,10,1,14.63,3,10,2,9,0,0,1,1,1,1,7,1
Zion Williamson,Duke,2018-19,20.0,163,246,15,44,67,99,35,30,21,66,84,53,14.78,125,180,9,26,60,99,30,38,37,50,92,23
Zion Young,Western Illinois,2018-19,20.0,35,78,12,32,13,18,8,5,1,7,28,18,14.8,28,66,12,21,15,20,11,2,0,8,19,13
Zo Tyson,Colorado State,2018-19,19.97,1,2,0,0,0,0,1,0,0,0,3,3,17.87,0,1,0,0,0,1,2,0,3,1,2,0
Zoran Talley Jr,Iowa State,2018-19,0.0,0,0,0,0,0,0,1,0,0,0,0,0,17.55,0,0,0,0,0,0,4,0,0,0,0,0
Zoran Talley Jr.,Iowa State,2018-19,20.0,10,18,0,2,0,0,2,0,3,2,9,4,17.55,6,8,0,0,0,0,0,3,0,1,5,2
Zylan Cheatham,Arizona State,2018-19,19.32,57,122,5,13,32,64,51,12,15,33,113,50,20.0,81,138,5,11,71,100,49,16,11,33,141,44
Zyrion Wilkins,Johnson & Wales (NC),2018-19,20.0,8,17,5,10,0,0,0,0,1,3,2,10,14.85,3,7,0,1,1,2,2,2,0,1,3,2
made Dunk.,,2018-19,17.42,6,6,0,0,0,0,0,0,0,0,0,0,0.0,5,5,0,0,0,0,0,0,0,0,0,0
made Dunk. Assisted by Andre Kennedy.,,2018-19,6.67,1,1,0,0,0,0,0,0,0,0,0,0,0.0,0,0,0,0,0,0,0,0,0,0,0,0
made Dunk. Assisted by Darnell Edge.,,2018-19,15.95,1,1,0,0,0,0,0,0,0,0,0,0,0.0,0,0,0,0,0,0,0,0,0,0,0,0
made Dunk. Assisted by DeMarco Dickerson.,Siena Heights,2018-19,20.0,1,1,0,0,0,0,0,0,0,0,0,0,14.88,0,0,0,0,0,0,0,0,0,0,0,0
made Dunk. Assisted by Derryck Thornton.,,2018-19,0.0,0,0,0,0,0,0,0,0,0,0,0,0,0.4,1,1,0,0,0,0,0,0,0,0,0,0
made Dunk. Assisted by Donoven Carlisle.,,2018-19,18.43,1,1,0,0,0,0,0,0,0,0,0,0,0.0,0,0,0,0,0,0,0,0,0,0,0,0
made Dunk. Assisted by Jahlil Jenkins.,LIU Brooklyn,2018-19,20.0,1,1,0,0,0,0,0,0,0,0,0,0,20.0,5,5,0,0,0,0,0,0,0,0,0,0
made Dunk. Assisted by Thomas Allen.,,2018-19,0.0,0,0,0,0,0,0,0,0,0,0,0,0,1.15,2,2,0,0,0,0,0,0,0,0,0,0
made Dunk. Assisted by Tyler Jones.,,2018-19,0.0,0,0,0,0,0,0,0,0,0,0,0,0,7.53,1,1,0,0,0,0,0,0,0,0,0,0
made Dunk. Assisted by Xzavier Malone-Key.,,2018-19,0.0,0,0,0,0,0,0,0,0,0,0,0,0,2.73,1,1,0,0,0,0,0,0,0,0,0,0
made Free Throw.,,2018-19,0.0,0,0,0,0,42,42,0,0,0,0,0,0,0.6,0,0,0,0,43,43,0,0,0,0,0,0
made Jumper.,,2018-19,6.07,26,26,0,0,0,0,0,0,0,0,0,0,0.0,24,24,0,0,0,0,0,0,0,0,0,0
made Jumper. Assisted by Andre Kennedy.,,2018-19,0.0,0,0,0,0,0,0,0,0,0,0,0,0,0.0,1,1,0,0,0,0,0,0,0,0,0,0
made Jumper. Assisted by Brandon Powell.,,2018-19,0.0,0,0,0,0,0,0,0,0,0,0,0,0,11.33,1,1,0,0,0,0,0,0,0,0,0,0
made Jumper. Assisted by Darnell Edge.,,2018-19,9.75,2,2,0,0,0,0,0,0,0,0,0,0,0.0,0,0,0,0,0,0,0,0,0,0,0,0
made Jumper. Assisted by Jahlil Jenkins.,,2018-19,0.0,0,0,0,0,0,0,0,0,0,0,0,0,8.18,1,1,0,0,0,0,0,0,0,0,0,0
made Jumper. Assisted by Jahmal McMurray.,,2018-19,0.0,0,0,0,0,0,0,0,0,0,0,0,0,11.03,1,1,0,0,0,0,0,0,0,0,0,0
made Jumper. Assisted by Jamaal King.,,2018-19,3.03,1,1,0,0,0,0,0,0,0,0,0,0,0.0,0,0,0,0,0,0,0,0,0,0,0,0
made Jumper. Assisted by Jase Townsend.,,2018-19,2.17,1,1,0,0,0,0,0,0,0,0,0,0,0.0,0,0,0,0,0,0,0,0,0,0,0,0
made Jumper. Assisted by Tyler Jones.,,2018-19,16.67,1,1,0,0,0,0,0,0,0,0,0,0,0.0,0,0,0,0,0,0,0,0,0,0,0,0
made Jumper. Assisted by Xzavier Malone-Key.,,2018-19,17.62,1,1,0,0,0,0,0,0,0,0,0,0,0.0,0,0,0,0,0,0,0,0,0,0,0,0
made Layup.,,2018-19,0.0,35,35,0,0,0,0,0,0,0,0,0,0,0.6,28,28,0,0,0,0,0,0,0,0,0,0
made Layup. Assisted by Ayo Dosunmu.,,2018-19,11.63,1,1,0,0,0,0,0,0,0,0,0,0,0.0,0,0,0,0,0,0,0,0,0,0,0,0
made Layup. Assisted by Brandon Houston.,,2018-19,8.72,1,1,0,0,0,0,0,0,0,0,0,0,0.0,0,0,0,0,0,0,0,0,0,0,0,0
made Layup. Assisted by Brandon Miller.,,2018-19,0.0,2,2,0,0,0,0,0,0,0,0,0,0,0.95,3,3,0,0,0,0,0,0,0,0,0,0
made Layup. Assisted by Darnell Edge.,,2018-19,0.0,0,0,0,0,0,0,0,0,0,0,0,0,14.02,1,1,0,0,0,0,0,0,0,0,0,0
made Layup. Assisted by Donoven Carlisle.,,2018-19,6.72,1,1,0,0,0,0,0,0,0,0,0,0,0.0,0,0,0,0,0,0,0,0,0,0,0,0
made Layup. Assisted by Ethan Chargois.,,2018-19,0.0,0,0,0,0,0,0,0,0,0,0,0,0,12.15,2,2,0,0,0,0,0,0,0,0,0,0
made Layup. Assisted by Gerron Scissum.,,2018-19,0.0,2,2,0,0,0,0,0,0,0,0,0,0,10.22,2,2,0,0,0,0,0,0,0,0,0,0
made Layup. Assisted by Isaiah Roby.,,2018-19,0.0,0,0,0,0,0,0,0,0,0,0,0,0,13.97,3,3,0,0,0,0,0,0,0,0,0,0
made Layup. Assisted by Jahlil Jenkins.,LIU Brooklyn,2018-19,20.0,1,1,0,0,0,0,0,0,0,0,0,0,20.0,2,2,0,0,0,0,0,0,0,0,0,0
made Layup. Assisted by Jahmal McMurray.,,2018-19,14.72,1,1,0,0,0,0,0,0,0,0,0,0,0.0,0,0,0,0,0,0,0,0,0,0,0,0
made Layup. Assisted by Jalen Reeder.,,2018-19,2.83,1,1,0,0,0,0,0,0,0,0,0,0,0.0,0,0,0,0,0,0,0,0,0,0,0,0
made Layup. Assisted by Jason Carter.,,2018-19,0.0,0,0,0,0,0,0,0,0,0,0,0,0,6.35,2,2,0,0,0,0,0,0,0,0,0,0
made Layup. Assisted by JoJo Walker.,,2018-19,19.4,1,1,0,0,0,0,0,0,0,0,0,0,0.0,0,0,0,0,0,0,0,0,0,0,0,0
made Layup. Assisted by Joe Rosga.,,2018-19,15.42,2,2,0,0,0,0,0,0,0,0,0,0,0.0,0,0,0,0,0,0,0,0,0,0,0,0
made Layup. Assisted by Keith Braxton.,,2018-19,15.6,2,2,0,0,0,0,0,0,0,0,0,0,0.0,0,0,0,0,0,0,0,0,0,0,0,0
made Layup. Assisted by Montez Mathis.,,2018-19,0.0,0,0,0,0,0,0,0,0,0,0,0,0,0.0,1,1,0,0,0,0,0,0,0,0,0,0
made Layup. Assisted by Myles Thompson.,,2018-19,7.02,1,1,0,0,0,0,0,0,0,0,0,0,0.0,0,0,0,0,0,0,0,0,0,0,0,0
made Layup. Assisted by Pat McNamara.,,2018-19,0.0,0,0,0,0,0,0,0,0,0,0,0,0,11.98,1,1,0,0,0,0,0,0,0,0,0,0
made Layup. Assisted by Xzavier Malone-Key.,LIU Brooklyn,2018-19,0.0,1,1,0,0,0,0,0,0,0,0,0,0,20.0,1,1,0,0,0,0,0,0,0,0,0,0
made Three Point Jumper.,Johnson University (FL),2018-19,20.0,17,17,17,17,0,0,0,0,0,0,0,0,14.95,11,11,11,11,0,0,0,0,0,0,0,0
made Three Point Jumper. Assisted by Abiola Akintola.,,2018-19,0.0,0,0,0,0,0,0,0,0,0,0,0,0,16.35,1,1,1,1,0,0,0,0,0,0,0,0
made Three Point Jumper. Assisted by Ade Murkey.,,2018-19,0.0,2,2,2,2,0,0,0,0,0,0,0,0,0.0,0,0,0,0,0,0,0,0,0,0,0,0
made Three Point Jumper. Assisted by Anthony Phillips.,,2018-19,10.72,1,1,1,1,0,0,0,0,0,0,0,0,0.0,0,0,0,0,0,0,0,0,0,0,0,0
made Three Point Jumper. Assisted by Brandon Miller.,,2018-19,0.0,0,0,0,0,0,0,0,0,0,0,0,0,0.95,1,1,1,1,0,0,0,0,0,0,0,0
made Three Point Jumper. Assisted by Brandon Thomas.,Siena Heights,2018-19,20.0,1,1,1,1,0,0,0,0,0,0,0,0,14.88,0,0,0,0,0,0,0,0,0,0,0,0
made Three Point Jumper. Assisted by Brandon Wright.,,2018-19,0.0,0,0,0,0,0,0,0,0,0,0,0,0,7.98,1,1,1,1,0,0,0,0,0,0,0,0
made Three Point Jumper. Assisted by Cameron Posey.,,2018-19,18.05,1,1,1,1,0,0,0,0,0,0,0,0,0.0,0,0,0,0,0,0,0,0,0,0,0,0
made Three Point Jumper. Assisted by Darnell Edge.,,2018-19,0.0,0,0,0,0,0,0,0,0,0,0,0,0,5.02,1,1,1,1,0,0,0,0,0,0,0,0
made Three Point Jumper. Assisted by Derryck Thornton.,,2018-19,9.0,1,1,1,1,0,0,0,0,0,0,0,0,0.0,0,0,0,0,0,0,0,0,0,0,0,0
made Three Point Jumper. Assisted by Donoven Carlisle.,Purdue Fort Wayne,2018-19,20.0,1,1,1,1,0,0,0,0,0,0,0,0,18.28,0,0,0,0,0,0,0,0,0,0,0,0
made Three Point Jumper. Assisted by Elyjah Williams.,,2018-19,10.88,2,2,2,2,0,0,0,0,0,0,0,0,0.0,0,0,0,0,0,0,0,0,0,0,0,0
made Three Point Jumper. Assisted by Eugene Omoruyi.,,2018-19,0.0,0,0,0,0,0,0,0,0,0,0,0,0,13.37,1,1,1,1,0,0,0,0,0,0,0,0
made Three Point Jumper. Assisted by Hugh Hogland.,,2018-19,0.0,0,0,0,0,0,0,0,0,0,0,0,0,15.67,1,1,1,1,0,0,0,0,0,0,0,0
made Three Point Jumper. Assisted by Jamaal King.,,2018-19,2.4,2,2,2,2,0,0,0,0,0,0,0,0,0.0,0,0,0,0,0,0,0,0,0,0,0,0
made Three Point Jumper. Assisted by James Palmer Jr..,,2018-19,0.0,0,0,0,0,0,0,0,0,0,0,0,0,5.42,1,1,1,1,0,0,0,0,0,0,0,0
made Three Point Jumper. Assisted by Joe Rosga.,,2018-19,3.27,4,4,4,4,0,0,0,0,0,0,0,0,0.0,4,4,4,4,0,0,0,0,0,0,0,0
made Three Point Jumper. Assisted by Jordan Nobles.,,2018-19,16.0,1,1,1,1,0,0,0,0,0,0,0,0,0.0,0,0,0,0,0,0,0,0,0,0,0,0
made Three Point Jumper. Assisted by Martaveous McKnight.,,2018-19,13.98,1,1,1,1,0,0,0,0,0,0,0,0,0.0,0,0,0,0,0,0,0,0,0,0,0,0
made Three Point Jumper. Assisted by Nana Akenten.,,2018-19,14.17,2,2,2,2,0,0,0,0,0,0,0,0,0.0,0,0,0,0,0,0,0,0,0,0,0,0
made Three Point Jumper. Assisted by Taelyr Gatlin.,,2018-19,0.0,0,0,0,0,0,0,0,0,0,0,0,0,7.03,2,2,2,2,0,0,0,0,0,0,0,0
made Three Point Jumper. Assisted by Thomas Allen.,,2018-19,0.0,0,0,0,0,0,0,0,0,0,0,0,0,4.72,1,1,1,1,0,0,0,0,0,0,0,0
made Three Point Jumper. Assisted by Tre Todd.,,2018-19,7.97,1,1,1,1,0,0,0,0,0,0,0,0,0.0,0,0,0,0,0,0,0,0,0,0,0,0
made Three Point Jumper. Assisted by Xzavier Malone-Key.,,2018-19,19.28,1,1,1,1,0,0,0,0,0,0,0,0,0.0,0,0,0,0,0,0,0,0,0,0,0,0
made Two Point Tip Shot.,,2018-19,0.0,0,0,0,0,0,0,0,0,0,0,0,0,3.0,1,1,0,0,0,0,0,0,0,0,0,0
missed Free Throw.,,2018-19,0.0,0,0,0,0,0,15,0,0,0,0,0,0,14.17,0,0,0,0,0,23,0,0,0,0,0,0
missed Jumper.,,2018-19,4.95,0,56,0,0,0,0,0,0,0,0,0,0,0.0,0,46,0,0,0,0,0,0,0,0,0,0
missed Layup.,,2018-19,0.0,0,45,0,0,0,0,0,0,0,0,0,0,5.35,0,31,0,0,0,0,0,0,0,0,0,0
missed Three Point Jumper.,,2018-19,3.78,0,103,0,103,0,0,0,0,0,0,0,0,0.0,0,49,0,49,0,0,0,0,0,0,0,0
missed Two Point Tip Shot.,,2018-19,10.53,0,1,0,0,0,0,0,0,0,0,0,0,0.0,0,0,0,0,0,0,0,0,0,0,0,0
